ISO-10303-21;
HEADER;
FILE_DESCRIPTION(('Open CASCADE Model'),'2;1');
FILE_NAME('Open CASCADE Shape Model','2022-10-04T14:27:05',('Author'),(
    'Open CASCADE'),'Open CASCADE STEP processor 7.5','Open CASCADE 7.5'
  ,'Unknown');
FILE_SCHEMA(('AUTOMOTIVE_DESIGN { 1 0 10303 214 1 1 1 1 }'));
ENDSEC;
DATA;
#1 = APPLICATION_PROTOCOL_DEFINITION('international standard',
  'automotive_design',2000,#2);
#2 = APPLICATION_CONTEXT(
  'core data for automotive mechanical design processes');
#3 = SHAPE_DEFINITION_REPRESENTATION(#4,#10);
#4 = PRODUCT_DEFINITION_SHAPE('','',#5);
#5 = PRODUCT_DEFINITION('design','',#6,#9);
#6 = PRODUCT_DEFINITION_FORMATION('','',#7);
#7 = PRODUCT('PCB','PCB','',(#8));
#8 = PRODUCT_CONTEXT('',#2,'mechanical');
#9 = PRODUCT_DEFINITION_CONTEXT('part definition',#2,'design');
#10 = SHAPE_REPRESENTATION('',(#11,#15,#19,#23,#27,#31,#35,#39,#43,#47,
    #51),#55);
#11 = AXIS2_PLACEMENT_3D('',#12,#13,#14);
#12 = CARTESIAN_POINT('',(0.,0.,0.));
#13 = DIRECTION('',(0.,0.,1.));
#14 = DIRECTION('',(1.,0.,-0.));
#15 = AXIS2_PLACEMENT_3D('',#16,#17,#18);
#16 = CARTESIAN_POINT('',(0.,0.,0.));
#17 = DIRECTION('',(0.,0.,1.));
#18 = DIRECTION('',(1.,0.,-0.));
#19 = AXIS2_PLACEMENT_3D('',#20,#21,#22);
#20 = CARTESIAN_POINT('',(0.,0.,0.));
#21 = DIRECTION('',(0.,0.,1.));
#22 = DIRECTION('',(1.,0.,-0.));
#23 = AXIS2_PLACEMENT_3D('',#24,#25,#26);
#24 = CARTESIAN_POINT('',(0.,0.,0.));
#25 = DIRECTION('',(0.,0.,1.));
#26 = DIRECTION('',(1.,0.,-0.));
#27 = AXIS2_PLACEMENT_3D('',#28,#29,#30);
#28 = CARTESIAN_POINT('',(0.,0.,0.));
#29 = DIRECTION('',(0.,0.,1.));
#30 = DIRECTION('',(1.,0.,-0.));
#31 = AXIS2_PLACEMENT_3D('',#32,#33,#34);
#32 = CARTESIAN_POINT('',(0.,0.,0.));
#33 = DIRECTION('',(0.,0.,1.));
#34 = DIRECTION('',(1.,0.,-0.));
#35 = AXIS2_PLACEMENT_3D('',#36,#37,#38);
#36 = CARTESIAN_POINT('',(0.,0.,0.));
#37 = DIRECTION('',(0.,0.,1.));
#38 = DIRECTION('',(1.,0.,-0.));
#39 = AXIS2_PLACEMENT_3D('',#40,#41,#42);
#40 = CARTESIAN_POINT('',(0.,0.,0.));
#41 = DIRECTION('',(0.,0.,1.));
#42 = DIRECTION('',(1.,0.,-0.));
#43 = AXIS2_PLACEMENT_3D('',#44,#45,#46);
#44 = CARTESIAN_POINT('',(0.,0.,0.));
#45 = DIRECTION('',(0.,0.,1.));
#46 = DIRECTION('',(1.,0.,-0.));
#47 = AXIS2_PLACEMENT_3D('',#48,#49,#50);
#48 = CARTESIAN_POINT('',(0.,0.,0.));
#49 = DIRECTION('',(0.,0.,1.));
#50 = DIRECTION('',(1.,0.,-0.));
#51 = AXIS2_PLACEMENT_3D('',#52,#53,#54);
#52 = CARTESIAN_POINT('',(0.,0.,0.));
#53 = DIRECTION('',(0.,0.,1.));
#54 = DIRECTION('',(1.,0.,-0.));
#55 = ( GEOMETRIC_REPRESENTATION_CONTEXT(3) 
GLOBAL_UNCERTAINTY_ASSIGNED_CONTEXT((#59)) GLOBAL_UNIT_ASSIGNED_CONTEXT(
(#56,#57,#58)) REPRESENTATION_CONTEXT('Context #1',
  '3D Context with UNIT and UNCERTAINTY') );
#56 = ( LENGTH_UNIT() NAMED_UNIT(*) SI_UNIT(.MILLI.,.METRE.) );
#57 = ( NAMED_UNIT(*) PLANE_ANGLE_UNIT() SI_UNIT($,.RADIAN.) );
#58 = ( NAMED_UNIT(*) SI_UNIT($,.STERADIAN.) SOLID_ANGLE_UNIT() );
#59 = UNCERTAINTY_MEASURE_WITH_UNIT(LENGTH_MEASURE(5.E-06),#56,
  'distance_accuracy_value','confusion accuracy');
#60 = PRODUCT_RELATED_PRODUCT_CATEGORY('part',$,(#7));
#61 = SHAPE_DEFINITION_REPRESENTATION(#62,#68);
#62 = PRODUCT_DEFINITION_SHAPE('','',#63);
#63 = PRODUCT_DEFINITION('design','',#64,#67);
#64 = PRODUCT_DEFINITION_FORMATION('','',#65);
#65 = PRODUCT('Board','Board','',(#66));
#66 = PRODUCT_CONTEXT('',#2,'mechanical');
#67 = PRODUCT_DEFINITION_CONTEXT('part definition',#2,'design');
#68 = SHAPE_REPRESENTATION('',(#11,#69),#73);
#69 = AXIS2_PLACEMENT_3D('',#70,#71,#72);
#70 = CARTESIAN_POINT('',(0.,0.,-0.43700192));
#71 = DIRECTION('',(0.,0.,1.));
#72 = DIRECTION('',(1.,0.,-0.));
#73 = ( GEOMETRIC_REPRESENTATION_CONTEXT(3) 
GLOBAL_UNCERTAINTY_ASSIGNED_CONTEXT((#77)) GLOBAL_UNIT_ASSIGNED_CONTEXT(
(#74,#75,#76)) REPRESENTATION_CONTEXT('Context #1',
  '3D Context with UNIT and UNCERTAINTY') );
#74 = ( LENGTH_UNIT() NAMED_UNIT(*) SI_UNIT(.MILLI.,.METRE.) );
#75 = ( NAMED_UNIT(*) PLANE_ANGLE_UNIT() SI_UNIT($,.RADIAN.) );
#76 = ( NAMED_UNIT(*) SI_UNIT($,.STERADIAN.) SOLID_ANGLE_UNIT() );
#77 = UNCERTAINTY_MEASURE_WITH_UNIT(LENGTH_MEASURE(1.E-07),#74,
  'distance_accuracy_value','confusion accuracy');
#78 = ADVANCED_BREP_SHAPE_REPRESENTATION('',(#11,#79),#571);
#79 = MANIFOLD_SOLID_BREP('',#80);
#80 = CLOSED_SHELL('',(#81,#123,#154,#187,#218,#251,#282,#315,#346,#377,
    #408,#441,#472,#505,#527,#549));
#81 = ADVANCED_FACE('',(#82),#118,.T.);
#82 = FACE_BOUND('',#83,.T.);
#83 = EDGE_LOOP('',(#84,#94,#103,#111));
#84 = ORIENTED_EDGE('',*,*,#85,.T.);
#85 = EDGE_CURVE('',#86,#88,#90,.T.);
#86 = VERTEX_POINT('',#87);
#87 = CARTESIAN_POINT('',(-22.98399925231,-3.25,0.));
#88 = VERTEX_POINT('',#89);
#89 = CARTESIAN_POINT('',(-22.98399925231,-3.25,0.43700192));
#90 = LINE('',#91,#92);
#91 = CARTESIAN_POINT('',(-22.98399925231,-3.25,0.));
#92 = VECTOR('',#93,1.);
#93 = DIRECTION('',(0.,0.,1.));
#94 = ORIENTED_EDGE('',*,*,#95,.T.);
#95 = EDGE_CURVE('',#88,#96,#98,.T.);
#96 = VERTEX_POINT('',#97);
#97 = CARTESIAN_POINT('',(-23.27499961853,-2.940999984741,0.43700192));
#98 = CIRCLE('',#99,0.300621210357);
#99 = AXIS2_PLACEMENT_3D('',#100,#101,#102);
#100 = CARTESIAN_POINT('',(-22.97449942011,-2.949528927674,0.43700192));
#101 = DIRECTION('',(0.,0.,-1.));
#102 = DIRECTION('',(-3.160067180588E-02,-0.999500574058,-0.));
#103 = ORIENTED_EDGE('',*,*,#104,.F.);
#104 = EDGE_CURVE('',#105,#96,#107,.T.);
#105 = VERTEX_POINT('',#106);
#106 = CARTESIAN_POINT('',(-23.27499961853,-2.940999984741,0.));
#107 = LINE('',#108,#109);
#108 = CARTESIAN_POINT('',(-23.27499961853,-2.940999984741,0.));
#109 = VECTOR('',#110,1.);
#110 = DIRECTION('',(0.,0.,1.));
#111 = ORIENTED_EDGE('',*,*,#112,.F.);
#112 = EDGE_CURVE('',#86,#105,#113,.T.);
#113 = CIRCLE('',#114,0.300621210357);
#114 = AXIS2_PLACEMENT_3D('',#115,#116,#117);
#115 = CARTESIAN_POINT('',(-22.97449942011,-2.949528927674,0.));
#116 = DIRECTION('',(0.,0.,-1.));
#117 = DIRECTION('',(-3.160067180588E-02,-0.999500574058,-0.));
#118 = CYLINDRICAL_SURFACE('',#119,0.300621210357);
#119 = AXIS2_PLACEMENT_3D('',#120,#121,#122);
#120 = CARTESIAN_POINT('',(-22.97449942011,-2.949528927674,0.));
#121 = DIRECTION('',(0.,0.,-1.));
#122 = DIRECTION('',(-3.160067180588E-02,-0.999500574058,-0.));
#123 = ADVANCED_FACE('',(#124),#149,.T.);
#124 = FACE_BOUND('',#125,.T.);
#125 = EDGE_LOOP('',(#126,#127,#135,#143));
#126 = ORIENTED_EDGE('',*,*,#104,.T.);
#127 = ORIENTED_EDGE('',*,*,#128,.T.);
#128 = EDGE_CURVE('',#96,#129,#131,.T.);
#129 = VERTEX_POINT('',#130);
#130 = CARTESIAN_POINT('',(-23.27499961853,2.959000110626,0.43700192));
#131 = LINE('',#132,#133);
#132 = CARTESIAN_POINT('',(-23.27499961853,-2.940999984741,0.43700192));
#133 = VECTOR('',#134,1.);
#134 = DIRECTION('',(0.,1.,0.));
#135 = ORIENTED_EDGE('',*,*,#136,.F.);
#136 = EDGE_CURVE('',#137,#129,#139,.T.);
#137 = VERTEX_POINT('',#138);
#138 = CARTESIAN_POINT('',(-23.27499961853,2.959000110626,0.));
#139 = LINE('',#140,#141);
#140 = CARTESIAN_POINT('',(-23.27499961853,2.959000110626,0.));
#141 = VECTOR('',#142,1.);
#142 = DIRECTION('',(0.,0.,1.));
#143 = ORIENTED_EDGE('',*,*,#144,.F.);
#144 = EDGE_CURVE('',#105,#137,#145,.T.);
#145 = LINE('',#146,#147);
#146 = CARTESIAN_POINT('',(-23.27499961853,-2.940999984741,0.));
#147 = VECTOR('',#148,1.);
#148 = DIRECTION('',(0.,1.,0.));
#149 = PLANE('',#150);
#150 = AXIS2_PLACEMENT_3D('',#151,#152,#153);
#151 = CARTESIAN_POINT('',(-23.27499961853,-2.940999984741,0.));
#152 = DIRECTION('',(-1.,0.,0.));
#153 = DIRECTION('',(0.,1.,0.));
#154 = ADVANCED_FACE('',(#155),#182,.T.);
#155 = FACE_BOUND('',#156,.T.);
#156 = EDGE_LOOP('',(#157,#158,#167,#175));
#157 = ORIENTED_EDGE('',*,*,#136,.T.);
#158 = ORIENTED_EDGE('',*,*,#159,.T.);
#159 = EDGE_CURVE('',#129,#160,#162,.T.);
#160 = VERTEX_POINT('',#161);
#161 = CARTESIAN_POINT('',(-22.96599960327,3.25,0.43700192));
#162 = CIRCLE('',#163,0.300622942113);
#163 = AXIS2_PLACEMENT_3D('',#164,#165,#166);
#164 = CARTESIAN_POINT('',(-22.97452688493,2.949498021983,0.43700192));
#165 = DIRECTION('',(0.,0.,-1.));
#166 = DIRECTION('',(-0.999500342477,3.160799563813E-02,0.));
#167 = ORIENTED_EDGE('',*,*,#168,.F.);
#168 = EDGE_CURVE('',#169,#160,#171,.T.);
#169 = VERTEX_POINT('',#170);
#170 = CARTESIAN_POINT('',(-22.96599960327,3.25,0.));
#171 = LINE('',#172,#173);
#172 = CARTESIAN_POINT('',(-22.96599960327,3.25,0.));
#173 = VECTOR('',#174,1.);
#174 = DIRECTION('',(0.,0.,1.));
#175 = ORIENTED_EDGE('',*,*,#176,.F.);
#176 = EDGE_CURVE('',#137,#169,#177,.T.);
#177 = CIRCLE('',#178,0.300622942113);
#178 = AXIS2_PLACEMENT_3D('',#179,#180,#181);
#179 = CARTESIAN_POINT('',(-22.97452688493,2.949498021983,0.));
#180 = DIRECTION('',(0.,0.,-1.));
#181 = DIRECTION('',(-0.999500342477,3.160799563813E-02,0.));
#182 = CYLINDRICAL_SURFACE('',#183,0.300622942113);
#183 = AXIS2_PLACEMENT_3D('',#184,#185,#186);
#184 = CARTESIAN_POINT('',(-22.97452688493,2.949498021983,0.));
#185 = DIRECTION('',(0.,0.,-1.));
#186 = DIRECTION('',(-0.999500342477,3.160799563813E-02,0.));
#187 = ADVANCED_FACE('',(#188),#213,.T.);
#188 = FACE_BOUND('',#189,.T.);
#189 = EDGE_LOOP('',(#190,#191,#199,#207));
#190 = ORIENTED_EDGE('',*,*,#168,.T.);
#191 = ORIENTED_EDGE('',*,*,#192,.T.);
#192 = EDGE_CURVE('',#160,#193,#195,.T.);
#193 = VERTEX_POINT('',#194);
#194 = CARTESIAN_POINT('',(-16.60000038147,3.25,0.43700192));
#195 = LINE('',#196,#197);
#196 = CARTESIAN_POINT('',(-22.96599960327,3.25,0.43700192));
#197 = VECTOR('',#198,1.);
#198 = DIRECTION('',(1.,0.,0.));
#199 = ORIENTED_EDGE('',*,*,#200,.F.);
#200 = EDGE_CURVE('',#201,#193,#203,.T.);
#201 = VERTEX_POINT('',#202);
#202 = CARTESIAN_POINT('',(-16.60000038147,3.25,0.));
#203 = LINE('',#204,#205);
#204 = CARTESIAN_POINT('',(-16.60000038147,3.25,0.));
#205 = VECTOR('',#206,1.);
#206 = DIRECTION('',(0.,0.,1.));
#207 = ORIENTED_EDGE('',*,*,#208,.F.);
#208 = EDGE_CURVE('',#169,#201,#209,.T.);
#209 = LINE('',#210,#211);
#210 = CARTESIAN_POINT('',(-22.96599960327,3.25,0.));
#211 = VECTOR('',#212,1.);
#212 = DIRECTION('',(1.,0.,0.));
#213 = PLANE('',#214);
#214 = AXIS2_PLACEMENT_3D('',#215,#216,#217);
#215 = CARTESIAN_POINT('',(-22.96599960327,3.25,0.));
#216 = DIRECTION('',(0.,1.,0.));
#217 = DIRECTION('',(1.,0.,0.));
#218 = ADVANCED_FACE('',(#219),#246,.T.);
#219 = FACE_BOUND('',#220,.T.);
#220 = EDGE_LOOP('',(#221,#222,#231,#239));
#221 = ORIENTED_EDGE('',*,*,#200,.T.);
#222 = ORIENTED_EDGE('',*,*,#223,.T.);
#223 = EDGE_CURVE('',#193,#224,#226,.T.);
#224 = VERTEX_POINT('',#225);
#225 = CARTESIAN_POINT('',(-15.96000003814,2.984999895096,0.43700192));
#226 = CIRCLE('',#227,0.908416460293);
#227 = AXIS2_PLACEMENT_3D('',#228,#229,#230);
#228 = CARTESIAN_POINT('',(-16.60127768044,2.341584437695,0.43700192));
#229 = DIRECTION('',(0.,0.,-1.));
#230 = DIRECTION('',(1.40607202617E-03,0.99999901148,0.));
#231 = ORIENTED_EDGE('',*,*,#232,.F.);
#232 = EDGE_CURVE('',#233,#224,#235,.T.);
#233 = VERTEX_POINT('',#234);
#234 = CARTESIAN_POINT('',(-15.96000003814,2.984999895096,0.));
#235 = LINE('',#236,#237);
#236 = CARTESIAN_POINT('',(-15.96000003814,2.984999895096,0.));
#237 = VECTOR('',#238,1.);
#238 = DIRECTION('',(0.,0.,1.));
#239 = ORIENTED_EDGE('',*,*,#240,.F.);
#240 = EDGE_CURVE('',#201,#233,#241,.T.);
#241 = CIRCLE('',#242,0.908416460293);
#242 = AXIS2_PLACEMENT_3D('',#243,#244,#245);
#243 = CARTESIAN_POINT('',(-16.60127768044,2.341584437695,0.));
#244 = DIRECTION('',(0.,0.,-1.));
#245 = DIRECTION('',(1.40607202617E-03,0.99999901148,0.));
#246 = CYLINDRICAL_SURFACE('',#247,0.908416460293);
#247 = AXIS2_PLACEMENT_3D('',#248,#249,#250);
#248 = CARTESIAN_POINT('',(-16.60127768044,2.341584437695,0.));
#249 = DIRECTION('',(0.,0.,-1.));
#250 = DIRECTION('',(1.40607202617E-03,0.99999901148,0.));
#251 = ADVANCED_FACE('',(#252),#277,.T.);
#252 = FACE_BOUND('',#253,.T.);
#253 = EDGE_LOOP('',(#254,#255,#263,#271));
#254 = ORIENTED_EDGE('',*,*,#232,.T.);
#255 = ORIENTED_EDGE('',*,*,#256,.T.);
#256 = EDGE_CURVE('',#224,#257,#259,.T.);
#257 = VERTEX_POINT('',#258);
#258 = CARTESIAN_POINT('',(-15.68700027465,2.711999893188,0.43700192));
#259 = LINE('',#260,#261);
#260 = CARTESIAN_POINT('',(-15.96000003814,2.984999895096,0.43700192));
#261 = VECTOR('',#262,1.);
#262 = DIRECTION('',(0.707106472418,-0.707107089955,0.));
#263 = ORIENTED_EDGE('',*,*,#264,.F.);
#264 = EDGE_CURVE('',#265,#257,#267,.T.);
#265 = VERTEX_POINT('',#266);
#266 = CARTESIAN_POINT('',(-15.68700027465,2.711999893188,0.));
#267 = LINE('',#268,#269);
#268 = CARTESIAN_POINT('',(-15.68700027465,2.711999893188,0.));
#269 = VECTOR('',#270,1.);
#270 = DIRECTION('',(0.,0.,1.));
#271 = ORIENTED_EDGE('',*,*,#272,.F.);
#272 = EDGE_CURVE('',#233,#265,#273,.T.);
#273 = LINE('',#274,#275);
#274 = CARTESIAN_POINT('',(-15.96000003814,2.984999895096,0.));
#275 = VECTOR('',#276,1.);
#276 = DIRECTION('',(0.707106472418,-0.707107089955,0.));
#277 = PLANE('',#278);
#278 = AXIS2_PLACEMENT_3D('',#279,#280,#281);
#279 = CARTESIAN_POINT('',(-15.96000003814,2.984999895096,0.));
#280 = DIRECTION('',(0.707107089955,0.707106472418,-0.));
#281 = DIRECTION('',(0.707106472418,-0.707107089955,0.));
#282 = ADVANCED_FACE('',(#283),#310,.F.);
#283 = FACE_BOUND('',#284,.T.);
#284 = EDGE_LOOP('',(#285,#286,#295,#303));
#285 = ORIENTED_EDGE('',*,*,#264,.T.);
#286 = ORIENTED_EDGE('',*,*,#287,.T.);
#287 = EDGE_CURVE('',#257,#288,#290,.T.);
#288 = VERTEX_POINT('',#289);
#289 = CARTESIAN_POINT('',(-15.17500019073,2.5,0.43700192));
#290 = CIRCLE('',#291,0.723556807925);
#291 = AXIS2_PLACEMENT_3D('',#292,#293,#294);
#292 = CARTESIAN_POINT('',(-15.17529329012,3.22355674856,0.43700192));
#293 = DIRECTION('',(0.,0.,1.));
#294 = DIRECTION('',(-0.70721051744,-0.707003029712,0.));
#295 = ORIENTED_EDGE('',*,*,#296,.F.);
#296 = EDGE_CURVE('',#297,#288,#299,.T.);
#297 = VERTEX_POINT('',#298);
#298 = CARTESIAN_POINT('',(-15.17500019073,2.5,0.));
#299 = LINE('',#300,#301);
#300 = CARTESIAN_POINT('',(-15.17500019073,2.5,0.));
#301 = VECTOR('',#302,1.);
#302 = DIRECTION('',(0.,0.,1.));
#303 = ORIENTED_EDGE('',*,*,#304,.F.);
#304 = EDGE_CURVE('',#265,#297,#305,.T.);
#305 = CIRCLE('',#306,0.723556807925);
#306 = AXIS2_PLACEMENT_3D('',#307,#308,#309);
#307 = CARTESIAN_POINT('',(-15.17529329012,3.22355674856,0.));
#308 = DIRECTION('',(0.,0.,1.));
#309 = DIRECTION('',(-0.70721051744,-0.707003029712,0.));
#310 = CYLINDRICAL_SURFACE('',#311,0.723556807925);
#311 = AXIS2_PLACEMENT_3D('',#312,#313,#314);
#312 = CARTESIAN_POINT('',(-15.17529329012,3.22355674856,0.));
#313 = DIRECTION('',(-0.,-0.,-1.));
#314 = DIRECTION('',(-0.70721051744,-0.707003029712,0.));
#315 = ADVANCED_FACE('',(#316),#341,.T.);
#316 = FACE_BOUND('',#317,.T.);
#317 = EDGE_LOOP('',(#318,#319,#327,#335));
#318 = ORIENTED_EDGE('',*,*,#296,.T.);
#319 = ORIENTED_EDGE('',*,*,#320,.T.);
#320 = EDGE_CURVE('',#288,#321,#323,.T.);
#321 = VERTEX_POINT('',#322);
#322 = CARTESIAN_POINT('',(12.5,2.5,0.43700192));
#323 = LINE('',#324,#325);
#324 = CARTESIAN_POINT('',(-15.17500019073,2.5,0.43700192));
#325 = VECTOR('',#326,1.);
#326 = DIRECTION('',(1.,0.,0.));
#327 = ORIENTED_EDGE('',*,*,#328,.F.);
#328 = EDGE_CURVE('',#329,#321,#331,.T.);
#329 = VERTEX_POINT('',#330);
#330 = CARTESIAN_POINT('',(12.5,2.5,0.));
#331 = LINE('',#332,#333);
#332 = CARTESIAN_POINT('',(12.5,2.5,0.));
#333 = VECTOR('',#334,1.);
#334 = DIRECTION('',(0.,0.,1.));
#335 = ORIENTED_EDGE('',*,*,#336,.F.);
#336 = EDGE_CURVE('',#297,#329,#337,.T.);
#337 = LINE('',#338,#339);
#338 = CARTESIAN_POINT('',(-15.17500019073,2.5,0.));
#339 = VECTOR('',#340,1.);
#340 = DIRECTION('',(1.,0.,0.));
#341 = PLANE('',#342);
#342 = AXIS2_PLACEMENT_3D('',#343,#344,#345);
#343 = CARTESIAN_POINT('',(-15.17500019073,2.5,0.));
#344 = DIRECTION('',(0.,1.,0.));
#345 = DIRECTION('',(1.,0.,0.));
#346 = ADVANCED_FACE('',(#347),#372,.T.);
#347 = FACE_BOUND('',#348,.T.);
#348 = EDGE_LOOP('',(#349,#350,#358,#366));
#349 = ORIENTED_EDGE('',*,*,#328,.T.);
#350 = ORIENTED_EDGE('',*,*,#351,.T.);
#351 = EDGE_CURVE('',#321,#352,#354,.T.);
#352 = VERTEX_POINT('',#353);
#353 = CARTESIAN_POINT('',(12.5,-2.5,0.43700192));
#354 = LINE('',#355,#356);
#355 = CARTESIAN_POINT('',(12.5,2.5,0.43700192));
#356 = VECTOR('',#357,1.);
#357 = DIRECTION('',(0.,-1.,0.));
#358 = ORIENTED_EDGE('',*,*,#359,.F.);
#359 = EDGE_CURVE('',#360,#352,#362,.T.);
#360 = VERTEX_POINT('',#361);
#361 = CARTESIAN_POINT('',(12.5,-2.5,0.));
#362 = LINE('',#363,#364);
#363 = CARTESIAN_POINT('',(12.5,-2.5,0.));
#364 = VECTOR('',#365,1.);
#365 = DIRECTION('',(0.,0.,1.));
#366 = ORIENTED_EDGE('',*,*,#367,.F.);
#367 = EDGE_CURVE('',#329,#360,#368,.T.);
#368 = LINE('',#369,#370);
#369 = CARTESIAN_POINT('',(12.5,2.5,0.));
#370 = VECTOR('',#371,1.);
#371 = DIRECTION('',(0.,-1.,0.));
#372 = PLANE('',#373);
#373 = AXIS2_PLACEMENT_3D('',#374,#375,#376);
#374 = CARTESIAN_POINT('',(12.5,2.5,0.));
#375 = DIRECTION('',(1.,0.,-0.));
#376 = DIRECTION('',(0.,-1.,0.));
#377 = ADVANCED_FACE('',(#378),#403,.T.);
#378 = FACE_BOUND('',#379,.T.);
#379 = EDGE_LOOP('',(#380,#381,#389,#397));
#380 = ORIENTED_EDGE('',*,*,#359,.T.);
#381 = ORIENTED_EDGE('',*,*,#382,.T.);
#382 = EDGE_CURVE('',#352,#383,#385,.T.);
#383 = VERTEX_POINT('',#384);
#384 = CARTESIAN_POINT('',(-15.27499961853,-2.5,0.43700192));
#385 = LINE('',#386,#387);
#386 = CARTESIAN_POINT('',(12.5,-2.5,0.43700192));
#387 = VECTOR('',#388,1.);
#388 = DIRECTION('',(-1.,0.,0.));
#389 = ORIENTED_EDGE('',*,*,#390,.F.);
#390 = EDGE_CURVE('',#391,#383,#393,.T.);
#391 = VERTEX_POINT('',#392);
#392 = CARTESIAN_POINT('',(-15.27499961853,-2.5,0.));
#393 = LINE('',#394,#395);
#394 = CARTESIAN_POINT('',(-15.27499961853,-2.5,0.));
#395 = VECTOR('',#396,1.);
#396 = DIRECTION('',(0.,0.,1.));
#397 = ORIENTED_EDGE('',*,*,#398,.F.);
#398 = EDGE_CURVE('',#360,#391,#399,.T.);
#399 = LINE('',#400,#401);
#400 = CARTESIAN_POINT('',(12.5,-2.5,0.));
#401 = VECTOR('',#402,1.);
#402 = DIRECTION('',(-1.,0.,0.));
#403 = PLANE('',#404);
#404 = AXIS2_PLACEMENT_3D('',#405,#406,#407);
#405 = CARTESIAN_POINT('',(12.5,-2.5,0.));
#406 = DIRECTION('',(0.,-1.,0.));
#407 = DIRECTION('',(-1.,0.,0.));
#408 = ADVANCED_FACE('',(#409),#436,.F.);
#409 = FACE_BOUND('',#410,.T.);
#410 = EDGE_LOOP('',(#411,#412,#421,#429));
#411 = ORIENTED_EDGE('',*,*,#390,.T.);
#412 = ORIENTED_EDGE('',*,*,#413,.T.);
#413 = EDGE_CURVE('',#383,#414,#416,.T.);
#414 = VERTEX_POINT('',#415);
#415 = CARTESIAN_POINT('',(-15.78699970245,-2.711999893188,0.43700192));
#416 = CIRCLE('',#417,0.723552388086);
#417 = AXIS2_PLACEMENT_3D('',#418,#419,#420);
#418 = CARTESIAN_POINT('',(-15.27529454832,-3.223552327978,0.43700192));
#419 = DIRECTION('',(0.,0.,1.));
#420 = DIRECTION('',(4.076135947315E-04,0.999999916926,-0.));
#421 = ORIENTED_EDGE('',*,*,#422,.F.);
#422 = EDGE_CURVE('',#423,#414,#425,.T.);
#423 = VERTEX_POINT('',#424);
#424 = CARTESIAN_POINT('',(-15.78699970245,-2.711999893188,0.));
#425 = LINE('',#426,#427);
#426 = CARTESIAN_POINT('',(-15.78699970245,-2.711999893188,0.));
#427 = VECTOR('',#428,1.);
#428 = DIRECTION('',(0.,0.,1.));
#429 = ORIENTED_EDGE('',*,*,#430,.F.);
#430 = EDGE_CURVE('',#391,#423,#431,.T.);
#431 = CIRCLE('',#432,0.723552388086);
#432 = AXIS2_PLACEMENT_3D('',#433,#434,#435);
#433 = CARTESIAN_POINT('',(-15.27529454832,-3.223552327978,0.));
#434 = DIRECTION('',(0.,0.,1.));
#435 = DIRECTION('',(4.076135947315E-04,0.999999916926,-0.));
#436 = CYLINDRICAL_SURFACE('',#437,0.723552388086);
#437 = AXIS2_PLACEMENT_3D('',#438,#439,#440);
#438 = CARTESIAN_POINT('',(-15.27529454832,-3.223552327978,0.));
#439 = DIRECTION('',(-0.,-0.,-1.));
#440 = DIRECTION('',(4.076135947315E-04,0.999999916926,-0.));
#441 = ADVANCED_FACE('',(#442),#467,.T.);
#442 = FACE_BOUND('',#443,.T.);
#443 = EDGE_LOOP('',(#444,#445,#453,#461));
#444 = ORIENTED_EDGE('',*,*,#422,.T.);
#445 = ORIENTED_EDGE('',*,*,#446,.T.);
#446 = EDGE_CURVE('',#414,#447,#449,.T.);
#447 = VERTEX_POINT('',#448);
#448 = CARTESIAN_POINT('',(-16.05999946594,-2.984999895096,0.43700192));
#449 = LINE('',#450,#451);
#450 = CARTESIAN_POINT('',(-15.78699970245,-2.711999893188,0.43700192));
#451 = VECTOR('',#452,1.);
#452 = DIRECTION('',(-0.707106472418,-0.707107089955,0.));
#453 = ORIENTED_EDGE('',*,*,#454,.F.);
#454 = EDGE_CURVE('',#455,#447,#457,.T.);
#455 = VERTEX_POINT('',#456);
#456 = CARTESIAN_POINT('',(-16.05999946594,-2.984999895096,0.));
#457 = LINE('',#458,#459);
#458 = CARTESIAN_POINT('',(-16.05999946594,-2.984999895096,0.));
#459 = VECTOR('',#460,1.);
#460 = DIRECTION('',(0.,0.,1.));
#461 = ORIENTED_EDGE('',*,*,#462,.F.);
#462 = EDGE_CURVE('',#423,#455,#463,.T.);
#463 = LINE('',#464,#465);
#464 = CARTESIAN_POINT('',(-15.78699970245,-2.711999893188,0.));
#465 = VECTOR('',#466,1.);
#466 = DIRECTION('',(-0.707106472418,-0.707107089955,0.));
#467 = PLANE('',#468);
#468 = AXIS2_PLACEMENT_3D('',#469,#470,#471);
#469 = CARTESIAN_POINT('',(-15.78699970245,-2.711999893188,0.));
#470 = DIRECTION('',(0.707107089955,-0.707106472418,0.));
#471 = DIRECTION('',(-0.707106472418,-0.707107089955,0.));
#472 = ADVANCED_FACE('',(#473),#500,.T.);
#473 = FACE_BOUND('',#474,.T.);
#474 = EDGE_LOOP('',(#475,#476,#485,#493));
#475 = ORIENTED_EDGE('',*,*,#454,.T.);
#476 = ORIENTED_EDGE('',*,*,#477,.T.);
#477 = EDGE_CURVE('',#447,#478,#480,.T.);
#478 = VERTEX_POINT('',#479);
#479 = CARTESIAN_POINT('',(-16.70000076293,-3.25,0.43700192));
#480 = CIRCLE('',#481,0.908420913531);
#481 = AXIS2_PLACEMENT_3D('',#482,#483,#484);
#482 = CARTESIAN_POINT('',(-16.70127894973,-2.341579985701,0.43700192));
#483 = DIRECTION('',(0.,0.,-1.));
#484 = DIRECTION('',(0.705927697438,-0.708283902111,0.));
#485 = ORIENTED_EDGE('',*,*,#486,.F.);
#486 = EDGE_CURVE('',#487,#478,#489,.T.);
#487 = VERTEX_POINT('',#488);
#488 = CARTESIAN_POINT('',(-16.70000076293,-3.25,0.));
#489 = LINE('',#490,#491);
#490 = CARTESIAN_POINT('',(-16.70000076293,-3.25,0.));
#491 = VECTOR('',#492,1.);
#492 = DIRECTION('',(0.,0.,1.));
#493 = ORIENTED_EDGE('',*,*,#494,.F.);
#494 = EDGE_CURVE('',#455,#487,#495,.T.);
#495 = CIRCLE('',#496,0.908420913531);
#496 = AXIS2_PLACEMENT_3D('',#497,#498,#499);
#497 = CARTESIAN_POINT('',(-16.70127894973,-2.341579985701,0.));
#498 = DIRECTION('',(0.,0.,-1.));
#499 = DIRECTION('',(0.705927697438,-0.708283902111,0.));
#500 = CYLINDRICAL_SURFACE('',#501,0.908420913531);
#501 = AXIS2_PLACEMENT_3D('',#502,#503,#504);
#502 = CARTESIAN_POINT('',(-16.70127894973,-2.341579985701,0.));
#503 = DIRECTION('',(0.,0.,-1.));
#504 = DIRECTION('',(0.705927697438,-0.708283902111,0.));
#505 = ADVANCED_FACE('',(#506),#522,.T.);
#506 = FACE_BOUND('',#507,.T.);
#507 = EDGE_LOOP('',(#508,#509,#515,#516));
#508 = ORIENTED_EDGE('',*,*,#486,.T.);
#509 = ORIENTED_EDGE('',*,*,#510,.T.);
#510 = EDGE_CURVE('',#478,#88,#511,.T.);
#511 = LINE('',#512,#513);
#512 = CARTESIAN_POINT('',(-16.70000076293,-3.25,0.43700192));
#513 = VECTOR('',#514,1.);
#514 = DIRECTION('',(-1.,0.,0.));
#515 = ORIENTED_EDGE('',*,*,#85,.F.);
#516 = ORIENTED_EDGE('',*,*,#517,.F.);
#517 = EDGE_CURVE('',#487,#86,#518,.T.);
#518 = LINE('',#519,#520);
#519 = CARTESIAN_POINT('',(-16.70000076293,-3.25,0.));
#520 = VECTOR('',#521,1.);
#521 = DIRECTION('',(-1.,0.,0.));
#522 = PLANE('',#523);
#523 = AXIS2_PLACEMENT_3D('',#524,#525,#526);
#524 = CARTESIAN_POINT('',(-16.70000076293,-3.25,0.));
#525 = DIRECTION('',(0.,-1.,0.));
#526 = DIRECTION('',(-1.,0.,0.));
#527 = ADVANCED_FACE('',(#528),#544,.T.);
#528 = FACE_BOUND('',#529,.T.);
#529 = EDGE_LOOP('',(#530,#531,#532,#533,#534,#535,#536,#537,#538,#539,
    #540,#541,#542,#543));
#530 = ORIENTED_EDGE('',*,*,#112,.T.);
#531 = ORIENTED_EDGE('',*,*,#144,.T.);
#532 = ORIENTED_EDGE('',*,*,#176,.T.);
#533 = ORIENTED_EDGE('',*,*,#208,.T.);
#534 = ORIENTED_EDGE('',*,*,#240,.T.);
#535 = ORIENTED_EDGE('',*,*,#272,.T.);
#536 = ORIENTED_EDGE('',*,*,#304,.T.);
#537 = ORIENTED_EDGE('',*,*,#336,.T.);
#538 = ORIENTED_EDGE('',*,*,#367,.T.);
#539 = ORIENTED_EDGE('',*,*,#398,.T.);
#540 = ORIENTED_EDGE('',*,*,#430,.T.);
#541 = ORIENTED_EDGE('',*,*,#462,.T.);
#542 = ORIENTED_EDGE('',*,*,#494,.T.);
#543 = ORIENTED_EDGE('',*,*,#517,.T.);
#544 = PLANE('',#545);
#545 = AXIS2_PLACEMENT_3D('',#546,#547,#548);
#546 = CARTESIAN_POINT('',(-5.71175498103,8.985826199106E-04,0.));
#547 = DIRECTION('',(-0.,-0.,-1.));
#548 = DIRECTION('',(-1.,0.,0.));
#549 = ADVANCED_FACE('',(#550),#566,.F.);
#550 = FACE_BOUND('',#551,.F.);
#551 = EDGE_LOOP('',(#552,#553,#554,#555,#556,#557,#558,#559,#560,#561,
    #562,#563,#564,#565));
#552 = ORIENTED_EDGE('',*,*,#95,.T.);
#553 = ORIENTED_EDGE('',*,*,#128,.T.);
#554 = ORIENTED_EDGE('',*,*,#159,.T.);
#555 = ORIENTED_EDGE('',*,*,#192,.T.);
#556 = ORIENTED_EDGE('',*,*,#223,.T.);
#557 = ORIENTED_EDGE('',*,*,#256,.T.);
#558 = ORIENTED_EDGE('',*,*,#287,.T.);
#559 = ORIENTED_EDGE('',*,*,#320,.T.);
#560 = ORIENTED_EDGE('',*,*,#351,.T.);
#561 = ORIENTED_EDGE('',*,*,#382,.T.);
#562 = ORIENTED_EDGE('',*,*,#413,.T.);
#563 = ORIENTED_EDGE('',*,*,#446,.T.);
#564 = ORIENTED_EDGE('',*,*,#477,.T.);
#565 = ORIENTED_EDGE('',*,*,#510,.T.);
#566 = PLANE('',#567);
#567 = AXIS2_PLACEMENT_3D('',#568,#569,#570);
#568 = CARTESIAN_POINT('',(-5.71175498103,8.985826199106E-04,0.43700192)
  );
#569 = DIRECTION('',(-0.,-0.,-1.));
#570 = DIRECTION('',(-1.,0.,0.));
#571 = ( GEOMETRIC_REPRESENTATION_CONTEXT(3) 
GLOBAL_UNCERTAINTY_ASSIGNED_CONTEXT((#575)) GLOBAL_UNIT_ASSIGNED_CONTEXT
((#572,#573,#574)) REPRESENTATION_CONTEXT('Context #1',
  '3D Context with UNIT and UNCERTAINTY') );
#572 = ( LENGTH_UNIT() NAMED_UNIT(*) SI_UNIT(.MILLI.,.METRE.) );
#573 = ( NAMED_UNIT(*) PLANE_ANGLE_UNIT() SI_UNIT($,.RADIAN.) );
#574 = ( NAMED_UNIT(*) SI_UNIT($,.STERADIAN.) SOLID_ANGLE_UNIT() );
#575 = UNCERTAINTY_MEASURE_WITH_UNIT(LENGTH_MEASURE(1.E-07),#572,
  'distance_accuracy_value','confusion accuracy');
#576 = SHAPE_DEFINITION_REPRESENTATION(#577,#78);
#577 = PRODUCT_DEFINITION_SHAPE('','',#578);
#578 = PRODUCT_DEFINITION('design','',#579,#582);
#579 = PRODUCT_DEFINITION_FORMATION('','',#580);
#580 = PRODUCT('Open CASCADE STEP translator 7.5 6.1.1',
  'Open CASCADE STEP translator 7.5 6.1.1','',(#581));
#581 = PRODUCT_CONTEXT('',#2,'mechanical');
#582 = PRODUCT_DEFINITION_CONTEXT('part definition',#2,'design');
#583 = CONTEXT_DEPENDENT_SHAPE_REPRESENTATION(#584,#586);
#584 = ( REPRESENTATION_RELATIONSHIP('','',#78,#68) 
REPRESENTATION_RELATIONSHIP_WITH_TRANSFORMATION(#585) 
SHAPE_REPRESENTATION_RELATIONSHIP() );
#585 = ITEM_DEFINED_TRANSFORMATION('','',#11,#69);
#586 = PRODUCT_DEFINITION_SHAPE('Placement','Placement of an item',#587
  );
#587 = NEXT_ASSEMBLY_USAGE_OCCURRENCE('277','','',#63,#578,$);
#588 = PRODUCT_RELATED_PRODUCT_CATEGORY('part',$,(#580));
#589 = CONTEXT_DEPENDENT_SHAPE_REPRESENTATION(#590,#592);
#590 = ( REPRESENTATION_RELATIONSHIP('','',#68,#10) 
REPRESENTATION_RELATIONSHIP_WITH_TRANSFORMATION(#591) 
SHAPE_REPRESENTATION_RELATIONSHIP() );
#591 = ITEM_DEFINED_TRANSFORMATION('','',#11,#15);
#592 = PRODUCT_DEFINITION_SHAPE('Placement','Placement of an item',#593
  );
#593 = NEXT_ASSEMBLY_USAGE_OCCURRENCE('278','','',#5,#63,$);
#594 = PRODUCT_RELATED_PRODUCT_CATEGORY('part',$,(#65));
#595 = SHAPE_DEFINITION_REPRESENTATION(#596,#602);
#596 = PRODUCT_DEFINITION_SHAPE('','',#597);
#597 = PRODUCT_DEFINITION('design','',#598,#601);
#598 = PRODUCT_DEFINITION_FORMATION('','',#599);
#599 = PRODUCT('C5','C5','',(#600));
#600 = PRODUCT_CONTEXT('',#2,'mechanical');
#601 = PRODUCT_DEFINITION_CONTEXT('part definition',#2,'design');
#602 = SHAPE_REPRESENTATION('',(#11,#603),#607);
#603 = AXIS2_PLACEMENT_3D('',#604,#605,#606);
#604 = CARTESIAN_POINT('',(-10.27500109863,7.500038146973E-02,0.));
#605 = DIRECTION('',(-1.,-1.19248806385E-08,-4.371140912996E-08));
#606 = DIRECTION('',(1.19248806385E-08,-1.,1.381291085557E-31));
#607 = ( GEOMETRIC_REPRESENTATION_CONTEXT(3) 
GLOBAL_UNCERTAINTY_ASSIGNED_CONTEXT((#611)) GLOBAL_UNIT_ASSIGNED_CONTEXT
((#608,#609,#610)) REPRESENTATION_CONTEXT('Context #1',
  '3D Context with UNIT and UNCERTAINTY') );
#608 = ( LENGTH_UNIT() NAMED_UNIT(*) SI_UNIT(.MILLI.,.METRE.) );
#609 = ( NAMED_UNIT(*) PLANE_ANGLE_UNIT() SI_UNIT($,.RADIAN.) );
#610 = ( NAMED_UNIT(*) SI_UNIT($,.STERADIAN.) SOLID_ANGLE_UNIT() );
#611 = UNCERTAINTY_MEASURE_WITH_UNIT(LENGTH_MEASURE(1.E-07),#608,
  'distance_accuracy_value','confusion accuracy');
#612 = SHAPE_REPRESENTATION('',(#11,#613,#1383,#1673,#2900,#3050),#3233
  );
#613 = MANIFOLD_SOLID_BREP('',#614);
#614 = CLOSED_SHELL('',(#615,#761,#907,#939,#963,#988,#1012,#1037,#1061,
    #1086,#1103,#1125,#1142,#1159,#1176,#1193,#1210,#1227,#1239,#1263,
    #1281,#1299,#1317,#1335,#1353,#1371));
#615 = ADVANCED_FACE('',(#616,#686),#756,.T.);
#616 = FACE_BOUND('',#617,.T.);
#617 = EDGE_LOOP('',(#618,#628,#637,#645,#654,#662,#671,#679));
#618 = ORIENTED_EDGE('',*,*,#619,.T.);
#619 = EDGE_CURVE('',#620,#622,#624,.T.);
#620 = VERTEX_POINT('',#621);
#621 = CARTESIAN_POINT('',(1.25,0.95,-1.1));
#622 = VERTEX_POINT('',#623);
#623 = CARTESIAN_POINT('',(-1.25,0.95,-1.1));
#624 = LINE('',#625,#626);
#625 = CARTESIAN_POINT('',(-1.25,0.95,-1.1));
#626 = VECTOR('',#627,1.);
#627 = DIRECTION('',(-1.,0.,8.673617379884E-17));
#628 = ORIENTED_EDGE('',*,*,#629,.T.);
#629 = EDGE_CURVE('',#622,#630,#632,.T.);
#630 = VERTEX_POINT('',#631);
#631 = CARTESIAN_POINT('',(-1.45,0.95,-0.9));
#632 = CIRCLE('',#633,0.2);
#633 = AXIS2_PLACEMENT_3D('',#634,#635,#636);
#634 = CARTESIAN_POINT('',(-1.25,0.95,-0.9));
#635 = DIRECTION('',(0.,1.,0.));
#636 = DIRECTION('',(0.,-0.,1.));
#637 = ORIENTED_EDGE('',*,*,#638,.T.);
#638 = EDGE_CURVE('',#630,#639,#641,.T.);
#639 = VERTEX_POINT('',#640);
#640 = CARTESIAN_POINT('',(-1.45,0.95,0.9));
#641 = LINE('',#642,#643);
#642 = CARTESIAN_POINT('',(-1.45,0.95,0.9));
#643 = VECTOR('',#644,1.);
#644 = DIRECTION('',(-0.,0.,1.));
#645 = ORIENTED_EDGE('',*,*,#646,.T.);
#646 = EDGE_CURVE('',#639,#647,#649,.T.);
#647 = VERTEX_POINT('',#648);
#648 = CARTESIAN_POINT('',(-1.25,0.95,1.1));
#649 = CIRCLE('',#650,0.2);
#650 = AXIS2_PLACEMENT_3D('',#651,#652,#653);
#651 = CARTESIAN_POINT('',(-1.25,0.95,0.9));
#652 = DIRECTION('',(0.,1.,0.));
#653 = DIRECTION('',(0.,-0.,1.));
#654 = ORIENTED_EDGE('',*,*,#655,.T.);
#655 = EDGE_CURVE('',#647,#656,#658,.T.);
#656 = VERTEX_POINT('',#657);
#657 = CARTESIAN_POINT('',(1.25,0.95,1.1));
#658 = LINE('',#659,#660);
#659 = CARTESIAN_POINT('',(1.25,0.95,1.1));
#660 = VECTOR('',#661,1.);
#661 = DIRECTION('',(1.,-0.,0.));
#662 = ORIENTED_EDGE('',*,*,#663,.T.);
#663 = EDGE_CURVE('',#656,#664,#666,.T.);
#664 = VERTEX_POINT('',#665);
#665 = CARTESIAN_POINT('',(1.45,0.95,0.9));
#666 = CIRCLE('',#667,0.2);
#667 = AXIS2_PLACEMENT_3D('',#668,#669,#670);
#668 = CARTESIAN_POINT('',(1.25,0.95,0.9));
#669 = DIRECTION('',(0.,1.,0.));
#670 = DIRECTION('',(0.,-0.,1.));
#671 = ORIENTED_EDGE('',*,*,#672,.T.);
#672 = EDGE_CURVE('',#664,#673,#675,.T.);
#673 = VERTEX_POINT('',#674);
#674 = CARTESIAN_POINT('',(1.45,0.95,-0.9));
#675 = LINE('',#676,#677);
#676 = CARTESIAN_POINT('',(1.45,0.95,-0.9));
#677 = VECTOR('',#678,1.);
#678 = DIRECTION('',(0.,0.,-1.));
#679 = ORIENTED_EDGE('',*,*,#680,.T.);
#680 = EDGE_CURVE('',#673,#620,#681,.T.);
#681 = CIRCLE('',#682,0.2);
#682 = AXIS2_PLACEMENT_3D('',#683,#684,#685);
#683 = CARTESIAN_POINT('',(1.25,0.95,-0.9));
#684 = DIRECTION('',(0.,1.,0.));
#685 = DIRECTION('',(0.,-0.,1.));
#686 = FACE_BOUND('',#687,.T.);
#687 = EDGE_LOOP('',(#688,#698,#707,#715,#724,#732,#741,#749));
#688 = ORIENTED_EDGE('',*,*,#689,.F.);
#689 = EDGE_CURVE('',#690,#692,#694,.T.);
#690 = VERTEX_POINT('',#691);
#691 = CARTESIAN_POINT('',(1.4,0.95,0.9));
#692 = VERTEX_POINT('',#693);
#693 = CARTESIAN_POINT('',(1.4,0.95,-0.9));
#694 = LINE('',#695,#696);
#695 = CARTESIAN_POINT('',(1.4,0.95,0.9));
#696 = VECTOR('',#697,1.);
#697 = DIRECTION('',(0.,0.,-1.));
#698 = ORIENTED_EDGE('',*,*,#699,.F.);
#699 = EDGE_CURVE('',#700,#690,#702,.T.);
#700 = VERTEX_POINT('',#701);
#701 = CARTESIAN_POINT('',(1.25,0.95,1.05));
#702 = CIRCLE('',#703,0.15);
#703 = AXIS2_PLACEMENT_3D('',#704,#705,#706);
#704 = CARTESIAN_POINT('',(1.25,0.95,0.9));
#705 = DIRECTION('',(0.,1.,0.));
#706 = DIRECTION('',(0.,-0.,1.));
#707 = ORIENTED_EDGE('',*,*,#708,.F.);
#708 = EDGE_CURVE('',#709,#700,#711,.T.);
#709 = VERTEX_POINT('',#710);
#710 = CARTESIAN_POINT('',(-1.25,0.95,1.05));
#711 = LINE('',#712,#713);
#712 = CARTESIAN_POINT('',(1.25,0.95,1.05));
#713 = VECTOR('',#714,1.);
#714 = DIRECTION('',(1.,-0.,-0.));
#715 = ORIENTED_EDGE('',*,*,#716,.F.);
#716 = EDGE_CURVE('',#717,#709,#719,.T.);
#717 = VERTEX_POINT('',#718);
#718 = CARTESIAN_POINT('',(-1.4,0.95,0.9));
#719 = CIRCLE('',#720,0.15);
#720 = AXIS2_PLACEMENT_3D('',#721,#722,#723);
#721 = CARTESIAN_POINT('',(-1.25,0.95,0.9));
#722 = DIRECTION('',(0.,1.,0.));
#723 = DIRECTION('',(0.,-0.,-1.));
#724 = ORIENTED_EDGE('',*,*,#725,.F.);
#725 = EDGE_CURVE('',#726,#717,#728,.T.);
#726 = VERTEX_POINT('',#727);
#727 = CARTESIAN_POINT('',(-1.4,0.95,-0.9));
#728 = LINE('',#729,#730);
#729 = CARTESIAN_POINT('',(-1.4,0.95,0.9));
#730 = VECTOR('',#731,1.);
#731 = DIRECTION('',(-0.,-0.,1.));
#732 = ORIENTED_EDGE('',*,*,#733,.F.);
#733 = EDGE_CURVE('',#734,#726,#736,.T.);
#734 = VERTEX_POINT('',#735);
#735 = CARTESIAN_POINT('',(-1.25,0.95,-1.05));
#736 = CIRCLE('',#737,0.15);
#737 = AXIS2_PLACEMENT_3D('',#738,#739,#740);
#738 = CARTESIAN_POINT('',(-1.25,0.95,-0.9));
#739 = DIRECTION('',(0.,1.,0.));
#740 = DIRECTION('',(0.,-0.,1.));
#741 = ORIENTED_EDGE('',*,*,#742,.F.);
#742 = EDGE_CURVE('',#743,#734,#745,.T.);
#743 = VERTEX_POINT('',#744);
#744 = CARTESIAN_POINT('',(1.25,0.95,-1.05));
#745 = LINE('',#746,#747);
#746 = CARTESIAN_POINT('',(1.25,0.95,-1.05));
#747 = VECTOR('',#748,1.);
#748 = DIRECTION('',(-1.,0.,0.));
#749 = ORIENTED_EDGE('',*,*,#750,.F.);
#750 = EDGE_CURVE('',#692,#743,#751,.T.);
#751 = CIRCLE('',#752,0.15);
#752 = AXIS2_PLACEMENT_3D('',#753,#754,#755);
#753 = CARTESIAN_POINT('',(1.25,0.95,-0.9));
#754 = DIRECTION('',(0.,1.,0.));
#755 = DIRECTION('',(0.,-0.,1.));
#756 = PLANE('',#757);
#757 = AXIS2_PLACEMENT_3D('',#758,#759,#760);
#758 = CARTESIAN_POINT('',(1.25,0.95,-0.9));
#759 = DIRECTION('',(0.,1.,0.));
#760 = DIRECTION('',(0.,-0.,1.));
#761 = ADVANCED_FACE('',(#762,#832),#902,.F.);
#762 = FACE_BOUND('',#763,.T.);
#763 = EDGE_LOOP('',(#764,#775,#783,#792,#800,#809,#817,#826));
#764 = ORIENTED_EDGE('',*,*,#765,.F.);
#765 = EDGE_CURVE('',#766,#768,#770,.T.);
#766 = VERTEX_POINT('',#767);
#767 = CARTESIAN_POINT('',(1.5,0.8,-0.9));
#768 = VERTEX_POINT('',#769);
#769 = CARTESIAN_POINT('',(1.25,0.8,-1.15));
#770 = CIRCLE('',#771,0.25);
#771 = AXIS2_PLACEMENT_3D('',#772,#773,#774);
#772 = CARTESIAN_POINT('',(1.25,0.8,-0.9));
#773 = DIRECTION('',(0.,1.,0.));
#774 = DIRECTION('',(0.,-0.,1.));
#775 = ORIENTED_EDGE('',*,*,#776,.F.);
#776 = EDGE_CURVE('',#777,#766,#779,.T.);
#777 = VERTEX_POINT('',#778);
#778 = CARTESIAN_POINT('',(1.5,0.8,0.9));
#779 = LINE('',#780,#781);
#780 = CARTESIAN_POINT('',(1.5,0.8,0.9));
#781 = VECTOR('',#782,1.);
#782 = DIRECTION('',(0.,0.,-1.));
#783 = ORIENTED_EDGE('',*,*,#784,.F.);
#784 = EDGE_CURVE('',#785,#777,#787,.T.);
#785 = VERTEX_POINT('',#786);
#786 = CARTESIAN_POINT('',(1.25,0.8,1.15));
#787 = CIRCLE('',#788,0.25);
#788 = AXIS2_PLACEMENT_3D('',#789,#790,#791);
#789 = CARTESIAN_POINT('',(1.25,0.8,0.9));
#790 = DIRECTION('',(0.,1.,0.));
#791 = DIRECTION('',(0.,-0.,1.));
#792 = ORIENTED_EDGE('',*,*,#793,.F.);
#793 = EDGE_CURVE('',#794,#785,#796,.T.);
#794 = VERTEX_POINT('',#795);
#795 = CARTESIAN_POINT('',(-1.25,0.8,1.15));
#796 = LINE('',#797,#798);
#797 = CARTESIAN_POINT('',(1.25,0.8,1.15));
#798 = VECTOR('',#799,1.);
#799 = DIRECTION('',(1.,-0.,-0.));
#800 = ORIENTED_EDGE('',*,*,#801,.F.);
#801 = EDGE_CURVE('',#802,#794,#804,.T.);
#802 = VERTEX_POINT('',#803);
#803 = CARTESIAN_POINT('',(-1.5,0.8,0.9));
#804 = CIRCLE('',#805,0.25);
#805 = AXIS2_PLACEMENT_3D('',#806,#807,#808);
#806 = CARTESIAN_POINT('',(-1.25,0.8,0.9));
#807 = DIRECTION('',(0.,1.,0.));
#808 = DIRECTION('',(0.,-0.,-1.));
#809 = ORIENTED_EDGE('',*,*,#810,.F.);
#810 = EDGE_CURVE('',#811,#802,#813,.T.);
#811 = VERTEX_POINT('',#812);
#812 = CARTESIAN_POINT('',(-1.5,0.8,-0.9));
#813 = LINE('',#814,#815);
#814 = CARTESIAN_POINT('',(-1.5,0.8,0.9));
#815 = VECTOR('',#816,1.);
#816 = DIRECTION('',(-0.,-0.,1.));
#817 = ORIENTED_EDGE('',*,*,#818,.F.);
#818 = EDGE_CURVE('',#819,#811,#821,.T.);
#819 = VERTEX_POINT('',#820);
#820 = CARTESIAN_POINT('',(-1.25,0.8,-1.15));
#821 = CIRCLE('',#822,0.25);
#822 = AXIS2_PLACEMENT_3D('',#823,#824,#825);
#823 = CARTESIAN_POINT('',(-1.25,0.8,-0.9));
#824 = DIRECTION('',(0.,1.,0.));
#825 = DIRECTION('',(0.,-0.,1.));
#826 = ORIENTED_EDGE('',*,*,#827,.F.);
#827 = EDGE_CURVE('',#768,#819,#828,.T.);
#828 = LINE('',#829,#830);
#829 = CARTESIAN_POINT('',(1.25,0.8,-1.15));
#830 = VECTOR('',#831,1.);
#831 = DIRECTION('',(-1.,0.,8.673617379884E-17));
#832 = FACE_BOUND('',#833,.T.);
#833 = EDGE_LOOP('',(#834,#845,#853,#862,#870,#879,#887,#896));
#834 = ORIENTED_EDGE('',*,*,#835,.T.);
#835 = EDGE_CURVE('',#836,#838,#840,.T.);
#836 = VERTEX_POINT('',#837);
#837 = CARTESIAN_POINT('',(1.25,0.8,1.05));
#838 = VERTEX_POINT('',#839);
#839 = CARTESIAN_POINT('',(1.4,0.8,0.9));
#840 = CIRCLE('',#841,0.15);
#841 = AXIS2_PLACEMENT_3D('',#842,#843,#844);
#842 = CARTESIAN_POINT('',(1.25,0.8,0.9));
#843 = DIRECTION('',(0.,1.,0.));
#844 = DIRECTION('',(0.,-0.,1.));
#845 = ORIENTED_EDGE('',*,*,#846,.T.);
#846 = EDGE_CURVE('',#838,#847,#849,.T.);
#847 = VERTEX_POINT('',#848);
#848 = CARTESIAN_POINT('',(1.4,0.8,-0.9));
#849 = LINE('',#850,#851);
#850 = CARTESIAN_POINT('',(1.4,0.8,0.9));
#851 = VECTOR('',#852,1.);
#852 = DIRECTION('',(0.,0.,-1.));
#853 = ORIENTED_EDGE('',*,*,#854,.T.);
#854 = EDGE_CURVE('',#847,#855,#857,.T.);
#855 = VERTEX_POINT('',#856);
#856 = CARTESIAN_POINT('',(1.25,0.8,-1.05));
#857 = CIRCLE('',#858,0.15);
#858 = AXIS2_PLACEMENT_3D('',#859,#860,#861);
#859 = CARTESIAN_POINT('',(1.25,0.8,-0.9));
#860 = DIRECTION('',(0.,1.,0.));
#861 = DIRECTION('',(0.,-0.,1.));
#862 = ORIENTED_EDGE('',*,*,#863,.T.);
#863 = EDGE_CURVE('',#855,#864,#866,.T.);
#864 = VERTEX_POINT('',#865);
#865 = CARTESIAN_POINT('',(-1.25,0.8,-1.05));
#866 = LINE('',#867,#868);
#867 = CARTESIAN_POINT('',(1.25,0.8,-1.05));
#868 = VECTOR('',#869,1.);
#869 = DIRECTION('',(-1.,0.,0.));
#870 = ORIENTED_EDGE('',*,*,#871,.T.);
#871 = EDGE_CURVE('',#864,#872,#874,.T.);
#872 = VERTEX_POINT('',#873);
#873 = CARTESIAN_POINT('',(-1.4,0.8,-0.9));
#874 = CIRCLE('',#875,0.15);
#875 = AXIS2_PLACEMENT_3D('',#876,#877,#878);
#876 = CARTESIAN_POINT('',(-1.25,0.8,-0.9));
#877 = DIRECTION('',(0.,1.,0.));
#878 = DIRECTION('',(0.,-0.,1.));
#879 = ORIENTED_EDGE('',*,*,#880,.T.);
#880 = EDGE_CURVE('',#872,#881,#883,.T.);
#881 = VERTEX_POINT('',#882);
#882 = CARTESIAN_POINT('',(-1.4,0.8,0.9));
#883 = LINE('',#884,#885);
#884 = CARTESIAN_POINT('',(-1.4,0.8,0.9));
#885 = VECTOR('',#886,1.);
#886 = DIRECTION('',(-0.,-0.,1.));
#887 = ORIENTED_EDGE('',*,*,#888,.T.);
#888 = EDGE_CURVE('',#881,#889,#891,.T.);
#889 = VERTEX_POINT('',#890);
#890 = CARTESIAN_POINT('',(-1.25,0.8,1.05));
#891 = CIRCLE('',#892,0.15);
#892 = AXIS2_PLACEMENT_3D('',#893,#894,#895);
#893 = CARTESIAN_POINT('',(-1.25,0.8,0.9));
#894 = DIRECTION('',(0.,1.,0.));
#895 = DIRECTION('',(0.,-0.,-1.));
#896 = ORIENTED_EDGE('',*,*,#897,.T.);
#897 = EDGE_CURVE('',#889,#836,#898,.T.);
#898 = LINE('',#899,#900);
#899 = CARTESIAN_POINT('',(1.25,0.8,1.05));
#900 = VECTOR('',#901,1.);
#901 = DIRECTION('',(1.,-0.,-0.));
#902 = PLANE('',#903);
#903 = AXIS2_PLACEMENT_3D('',#904,#905,#906);
#904 = CARTESIAN_POINT('',(1.25,0.8,-0.9));
#905 = DIRECTION('',(0.,1.,0.));
#906 = DIRECTION('',(0.,-0.,1.));
#907 = ADVANCED_FACE('',(#908),#934,.T.);
#908 = FACE_BOUND('',#909,.T.);
#909 = EDGE_LOOP('',(#910,#918,#927,#933));
#910 = ORIENTED_EDGE('',*,*,#911,.F.);
#911 = EDGE_CURVE('',#912,#768,#914,.T.);
#912 = VERTEX_POINT('',#913);
#913 = CARTESIAN_POINT('',(1.25,0.9,-1.15));
#914 = LINE('',#915,#916);
#915 = CARTESIAN_POINT('',(1.25,0.95,-1.15));
#916 = VECTOR('',#917,1.);
#917 = DIRECTION('',(-0.,-1.,-0.));
#918 = ORIENTED_EDGE('',*,*,#919,.T.);
#919 = EDGE_CURVE('',#912,#920,#922,.T.);
#920 = VERTEX_POINT('',#921);
#921 = CARTESIAN_POINT('',(1.5,0.9,-0.9));
#922 = CIRCLE('',#923,0.25);
#923 = AXIS2_PLACEMENT_3D('',#924,#925,#926);
#924 = CARTESIAN_POINT('',(1.25,0.9,-0.9));
#925 = DIRECTION('',(0.,-1.,0.));
#926 = DIRECTION('',(0.,0.,1.));
#927 = ORIENTED_EDGE('',*,*,#928,.T.);
#928 = EDGE_CURVE('',#920,#766,#929,.T.);
#929 = LINE('',#930,#931);
#930 = CARTESIAN_POINT('',(1.5,0.95,-0.9));
#931 = VECTOR('',#932,1.);
#932 = DIRECTION('',(-0.,-1.,-0.));
#933 = ORIENTED_EDGE('',*,*,#765,.T.);
#934 = CYLINDRICAL_SURFACE('',#935,0.25);
#935 = AXIS2_PLACEMENT_3D('',#936,#937,#938);
#936 = CARTESIAN_POINT('',(1.25,0.95,-0.9));
#937 = DIRECTION('',(-0.,-1.,-0.));
#938 = DIRECTION('',(0.,0.,-1.));
#939 = ADVANCED_FACE('',(#940),#958,.F.);
#940 = FACE_BOUND('',#941,.T.);
#941 = EDGE_LOOP('',(#942,#950,#956,#957));
#942 = ORIENTED_EDGE('',*,*,#943,.F.);
#943 = EDGE_CURVE('',#944,#819,#946,.T.);
#944 = VERTEX_POINT('',#945);
#945 = CARTESIAN_POINT('',(-1.25,0.9,-1.15));
#946 = LINE('',#947,#948);
#947 = CARTESIAN_POINT('',(-1.25,0.95,-1.15));
#948 = VECTOR('',#949,1.);
#949 = DIRECTION('',(-0.,-1.,-0.));
#950 = ORIENTED_EDGE('',*,*,#951,.T.);
#951 = EDGE_CURVE('',#944,#912,#952,.T.);
#952 = LINE('',#953,#954);
#953 = CARTESIAN_POINT('',(1.25,0.9,-1.15));
#954 = VECTOR('',#955,1.);
#955 = DIRECTION('',(1.,-0.,-8.673617379884E-17));
#956 = ORIENTED_EDGE('',*,*,#911,.T.);
#957 = ORIENTED_EDGE('',*,*,#827,.T.);
#958 = PLANE('',#959);
#959 = AXIS2_PLACEMENT_3D('',#960,#961,#962);
#960 = CARTESIAN_POINT('',(1.25,0.95,-1.15));
#961 = DIRECTION('',(8.673617379884E-17,-0.,1.));
#962 = DIRECTION('',(1.,0.,-8.673617379884E-17));
#963 = ADVANCED_FACE('',(#964),#983,.T.);
#964 = FACE_BOUND('',#965,.T.);
#965 = EDGE_LOOP('',(#966,#974,#981,#982));
#966 = ORIENTED_EDGE('',*,*,#967,.F.);
#967 = EDGE_CURVE('',#968,#811,#970,.T.);
#968 = VERTEX_POINT('',#969);
#969 = CARTESIAN_POINT('',(-1.5,0.9,-0.9));
#970 = LINE('',#971,#972);
#971 = CARTESIAN_POINT('',(-1.5,0.95,-0.9));
#972 = VECTOR('',#973,1.);
#973 = DIRECTION('',(-0.,-1.,-0.));
#974 = ORIENTED_EDGE('',*,*,#975,.T.);
#975 = EDGE_CURVE('',#968,#944,#976,.T.);
#976 = CIRCLE('',#977,0.25);
#977 = AXIS2_PLACEMENT_3D('',#978,#979,#980);
#978 = CARTESIAN_POINT('',(-1.25,0.9,-0.9));
#979 = DIRECTION('',(0.,-1.,0.));
#980 = DIRECTION('',(0.,0.,1.));
#981 = ORIENTED_EDGE('',*,*,#943,.T.);
#982 = ORIENTED_EDGE('',*,*,#818,.T.);
#983 = CYLINDRICAL_SURFACE('',#984,0.25);
#984 = AXIS2_PLACEMENT_3D('',#985,#986,#987);
#985 = CARTESIAN_POINT('',(-1.25,0.95,-0.9));
#986 = DIRECTION('',(-0.,-1.,-0.));
#987 = DIRECTION('',(0.,0.,-1.));
#988 = ADVANCED_FACE('',(#989),#1007,.F.);
#989 = FACE_BOUND('',#990,.T.);
#990 = EDGE_LOOP('',(#991,#999,#1005,#1006));
#991 = ORIENTED_EDGE('',*,*,#992,.F.);
#992 = EDGE_CURVE('',#993,#802,#995,.T.);
#993 = VERTEX_POINT('',#994);
#994 = CARTESIAN_POINT('',(-1.5,0.9,0.9));
#995 = LINE('',#996,#997);
#996 = CARTESIAN_POINT('',(-1.5,0.95,0.9));
#997 = VECTOR('',#998,1.);
#998 = DIRECTION('',(-0.,-1.,-0.));
#999 = ORIENTED_EDGE('',*,*,#1000,.T.);
#1000 = EDGE_CURVE('',#993,#968,#1001,.T.);
#1001 = LINE('',#1002,#1003);
#1002 = CARTESIAN_POINT('',(-1.5,0.9,-0.9));
#1003 = VECTOR('',#1004,1.);
#1004 = DIRECTION('',(0.,-0.,-1.));
#1005 = ORIENTED_EDGE('',*,*,#967,.T.);
#1006 = ORIENTED_EDGE('',*,*,#810,.T.);
#1007 = PLANE('',#1008);
#1008 = AXIS2_PLACEMENT_3D('',#1009,#1010,#1011);
#1009 = CARTESIAN_POINT('',(-1.5,0.95,0.9));
#1010 = DIRECTION('',(1.,-0.,0.));
#1011 = DIRECTION('',(0.,0.,-1.));
#1012 = ADVANCED_FACE('',(#1013),#1032,.T.);
#1013 = FACE_BOUND('',#1014,.T.);
#1014 = EDGE_LOOP('',(#1015,#1023,#1030,#1031));
#1015 = ORIENTED_EDGE('',*,*,#1016,.F.);
#1016 = EDGE_CURVE('',#1017,#794,#1019,.T.);
#1017 = VERTEX_POINT('',#1018);
#1018 = CARTESIAN_POINT('',(-1.25,0.9,1.15));
#1019 = LINE('',#1020,#1021);
#1020 = CARTESIAN_POINT('',(-1.25,0.95,1.15));
#1021 = VECTOR('',#1022,1.);
#1022 = DIRECTION('',(-0.,-1.,-0.));
#1023 = ORIENTED_EDGE('',*,*,#1024,.T.);
#1024 = EDGE_CURVE('',#1017,#993,#1025,.T.);
#1025 = CIRCLE('',#1026,0.25);
#1026 = AXIS2_PLACEMENT_3D('',#1027,#1028,#1029);
#1027 = CARTESIAN_POINT('',(-1.25,0.9,0.9));
#1028 = DIRECTION('',(0.,-1.,0.));
#1029 = DIRECTION('',(0.,0.,1.));
#1030 = ORIENTED_EDGE('',*,*,#992,.T.);
#1031 = ORIENTED_EDGE('',*,*,#801,.T.);
#1032 = CYLINDRICAL_SURFACE('',#1033,0.25);
#1033 = AXIS2_PLACEMENT_3D('',#1034,#1035,#1036);
#1034 = CARTESIAN_POINT('',(-1.25,0.95,0.9));
#1035 = DIRECTION('',(-0.,-1.,-0.));
#1036 = DIRECTION('',(0.,0.,-1.));
#1037 = ADVANCED_FACE('',(#1038),#1056,.F.);
#1038 = FACE_BOUND('',#1039,.T.);
#1039 = EDGE_LOOP('',(#1040,#1048,#1054,#1055));
#1040 = ORIENTED_EDGE('',*,*,#1041,.F.);
#1041 = EDGE_CURVE('',#1042,#785,#1044,.T.);
#1042 = VERTEX_POINT('',#1043);
#1043 = CARTESIAN_POINT('',(1.25,0.9,1.15));
#1044 = LINE('',#1045,#1046);
#1045 = CARTESIAN_POINT('',(1.25,0.95,1.15));
#1046 = VECTOR('',#1047,1.);
#1047 = DIRECTION('',(-0.,-1.,-0.));
#1048 = ORIENTED_EDGE('',*,*,#1049,.T.);
#1049 = EDGE_CURVE('',#1042,#1017,#1050,.T.);
#1050 = LINE('',#1051,#1052);
#1051 = CARTESIAN_POINT('',(-1.25,0.9,1.15));
#1052 = VECTOR('',#1053,1.);
#1053 = DIRECTION('',(-1.,-0.,-0.));
#1054 = ORIENTED_EDGE('',*,*,#1016,.T.);
#1055 = ORIENTED_EDGE('',*,*,#793,.T.);
#1056 = PLANE('',#1057);
#1057 = AXIS2_PLACEMENT_3D('',#1058,#1059,#1060);
#1058 = CARTESIAN_POINT('',(1.25,0.95,1.15));
#1059 = DIRECTION('',(0.,0.,-1.));
#1060 = DIRECTION('',(-1.,0.,-0.));
#1061 = ADVANCED_FACE('',(#1062),#1081,.T.);
#1062 = FACE_BOUND('',#1063,.T.);
#1063 = EDGE_LOOP('',(#1064,#1072,#1079,#1080));
#1064 = ORIENTED_EDGE('',*,*,#1065,.F.);
#1065 = EDGE_CURVE('',#1066,#777,#1068,.T.);
#1066 = VERTEX_POINT('',#1067);
#1067 = CARTESIAN_POINT('',(1.5,0.9,0.9));
#1068 = LINE('',#1069,#1070);
#1069 = CARTESIAN_POINT('',(1.5,0.95,0.9));
#1070 = VECTOR('',#1071,1.);
#1071 = DIRECTION('',(-0.,-1.,-0.));
#1072 = ORIENTED_EDGE('',*,*,#1073,.T.);
#1073 = EDGE_CURVE('',#1066,#1042,#1074,.T.);
#1074 = CIRCLE('',#1075,0.25);
#1075 = AXIS2_PLACEMENT_3D('',#1076,#1077,#1078);
#1076 = CARTESIAN_POINT('',(1.25,0.9,0.9));
#1077 = DIRECTION('',(0.,-1.,0.));
#1078 = DIRECTION('',(0.,0.,1.));
#1079 = ORIENTED_EDGE('',*,*,#1041,.T.);
#1080 = ORIENTED_EDGE('',*,*,#784,.T.);
#1081 = CYLINDRICAL_SURFACE('',#1082,0.25);
#1082 = AXIS2_PLACEMENT_3D('',#1083,#1084,#1085);
#1083 = CARTESIAN_POINT('',(1.25,0.95,0.9));
#1084 = DIRECTION('',(-0.,-1.,-0.));
#1085 = DIRECTION('',(0.,0.,-1.));
#1086 = ADVANCED_FACE('',(#1087),#1098,.F.);
#1087 = FACE_BOUND('',#1088,.T.);
#1088 = EDGE_LOOP('',(#1089,#1090,#1096,#1097));
#1089 = ORIENTED_EDGE('',*,*,#928,.F.);
#1090 = ORIENTED_EDGE('',*,*,#1091,.T.);
#1091 = EDGE_CURVE('',#920,#1066,#1092,.T.);
#1092 = LINE('',#1093,#1094);
#1093 = CARTESIAN_POINT('',(1.5,0.9,0.9));
#1094 = VECTOR('',#1095,1.);
#1095 = DIRECTION('',(-0.,-0.,1.));
#1096 = ORIENTED_EDGE('',*,*,#1065,.T.);
#1097 = ORIENTED_EDGE('',*,*,#776,.T.);
#1098 = PLANE('',#1099);
#1099 = AXIS2_PLACEMENT_3D('',#1100,#1101,#1102);
#1100 = CARTESIAN_POINT('',(1.5,0.95,0.9));
#1101 = DIRECTION('',(-1.,0.,0.));
#1102 = DIRECTION('',(0.,0.,1.));
#1103 = ADVANCED_FACE('',(#1104),#1120,.F.);
#1104 = FACE_BOUND('',#1105,.F.);
#1105 = EDGE_LOOP('',(#1106,#1112,#1113,#1119));
#1106 = ORIENTED_EDGE('',*,*,#1107,.F.);
#1107 = EDGE_CURVE('',#690,#838,#1108,.T.);
#1108 = LINE('',#1109,#1110);
#1109 = CARTESIAN_POINT('',(1.4,0.95,0.9));
#1110 = VECTOR('',#1111,1.);
#1111 = DIRECTION('',(-0.,-1.,-0.));
#1112 = ORIENTED_EDGE('',*,*,#699,.F.);
#1113 = ORIENTED_EDGE('',*,*,#1114,.T.);
#1114 = EDGE_CURVE('',#700,#836,#1115,.T.);
#1115 = LINE('',#1116,#1117);
#1116 = CARTESIAN_POINT('',(1.25,0.95,1.05));
#1117 = VECTOR('',#1118,1.);
#1118 = DIRECTION('',(-0.,-1.,-0.));
#1119 = ORIENTED_EDGE('',*,*,#835,.T.);
#1120 = CYLINDRICAL_SURFACE('',#1121,0.15);
#1121 = AXIS2_PLACEMENT_3D('',#1122,#1123,#1124);
#1122 = CARTESIAN_POINT('',(1.25,0.95,0.9));
#1123 = DIRECTION('',(-0.,-1.,-0.));
#1124 = DIRECTION('',(0.,0.,-1.));
#1125 = ADVANCED_FACE('',(#1126),#1137,.T.);
#1126 = FACE_BOUND('',#1127,.T.);
#1127 = EDGE_LOOP('',(#1128,#1129,#1130,#1131));
#1128 = ORIENTED_EDGE('',*,*,#846,.F.);
#1129 = ORIENTED_EDGE('',*,*,#1107,.F.);
#1130 = ORIENTED_EDGE('',*,*,#689,.T.);
#1131 = ORIENTED_EDGE('',*,*,#1132,.T.);
#1132 = EDGE_CURVE('',#692,#847,#1133,.T.);
#1133 = LINE('',#1134,#1135);
#1134 = CARTESIAN_POINT('',(1.4,0.95,-0.9));
#1135 = VECTOR('',#1136,1.);
#1136 = DIRECTION('',(-0.,-1.,-0.));
#1137 = PLANE('',#1138);
#1138 = AXIS2_PLACEMENT_3D('',#1139,#1140,#1141);
#1139 = CARTESIAN_POINT('',(1.4,0.95,0.9));
#1140 = DIRECTION('',(-1.,0.,0.));
#1141 = DIRECTION('',(0.,0.,1.));
#1142 = ADVANCED_FACE('',(#1143),#1154,.F.);
#1143 = FACE_BOUND('',#1144,.F.);
#1144 = EDGE_LOOP('',(#1145,#1151,#1152,#1153));
#1145 = ORIENTED_EDGE('',*,*,#1146,.F.);
#1146 = EDGE_CURVE('',#743,#855,#1147,.T.);
#1147 = LINE('',#1148,#1149);
#1148 = CARTESIAN_POINT('',(1.25,0.95,-1.05));
#1149 = VECTOR('',#1150,1.);
#1150 = DIRECTION('',(-0.,-1.,-0.));
#1151 = ORIENTED_EDGE('',*,*,#750,.F.);
#1152 = ORIENTED_EDGE('',*,*,#1132,.T.);
#1153 = ORIENTED_EDGE('',*,*,#854,.T.);
#1154 = CYLINDRICAL_SURFACE('',#1155,0.15);
#1155 = AXIS2_PLACEMENT_3D('',#1156,#1157,#1158);
#1156 = CARTESIAN_POINT('',(1.25,0.95,-0.9));
#1157 = DIRECTION('',(-0.,-1.,-0.));
#1158 = DIRECTION('',(0.,0.,-1.));
#1159 = ADVANCED_FACE('',(#1160),#1171,.T.);
#1160 = FACE_BOUND('',#1161,.T.);
#1161 = EDGE_LOOP('',(#1162,#1163,#1164,#1165));
#1162 = ORIENTED_EDGE('',*,*,#863,.F.);
#1163 = ORIENTED_EDGE('',*,*,#1146,.F.);
#1164 = ORIENTED_EDGE('',*,*,#742,.T.);
#1165 = ORIENTED_EDGE('',*,*,#1166,.T.);
#1166 = EDGE_CURVE('',#734,#864,#1167,.T.);
#1167 = LINE('',#1168,#1169);
#1168 = CARTESIAN_POINT('',(-1.25,0.95,-1.05));
#1169 = VECTOR('',#1170,1.);
#1170 = DIRECTION('',(-0.,-1.,-0.));
#1171 = PLANE('',#1172);
#1172 = AXIS2_PLACEMENT_3D('',#1173,#1174,#1175);
#1173 = CARTESIAN_POINT('',(1.25,0.95,-1.05));
#1174 = DIRECTION('',(0.,-0.,1.));
#1175 = DIRECTION('',(1.,0.,0.));
#1176 = ADVANCED_FACE('',(#1177),#1188,.F.);
#1177 = FACE_BOUND('',#1178,.F.);
#1178 = EDGE_LOOP('',(#1179,#1185,#1186,#1187));
#1179 = ORIENTED_EDGE('',*,*,#1180,.F.);
#1180 = EDGE_CURVE('',#726,#872,#1181,.T.);
#1181 = LINE('',#1182,#1183);
#1182 = CARTESIAN_POINT('',(-1.4,0.95,-0.9));
#1183 = VECTOR('',#1184,1.);
#1184 = DIRECTION('',(-0.,-1.,-0.));
#1185 = ORIENTED_EDGE('',*,*,#733,.F.);
#1186 = ORIENTED_EDGE('',*,*,#1166,.T.);
#1187 = ORIENTED_EDGE('',*,*,#871,.T.);
#1188 = CYLINDRICAL_SURFACE('',#1189,0.15);
#1189 = AXIS2_PLACEMENT_3D('',#1190,#1191,#1192);
#1190 = CARTESIAN_POINT('',(-1.25,0.95,-0.9));
#1191 = DIRECTION('',(-0.,-1.,-0.));
#1192 = DIRECTION('',(0.,0.,-1.));
#1193 = ADVANCED_FACE('',(#1194),#1205,.T.);
#1194 = FACE_BOUND('',#1195,.T.);
#1195 = EDGE_LOOP('',(#1196,#1197,#1198,#1199));
#1196 = ORIENTED_EDGE('',*,*,#880,.F.);
#1197 = ORIENTED_EDGE('',*,*,#1180,.F.);
#1198 = ORIENTED_EDGE('',*,*,#725,.T.);
#1199 = ORIENTED_EDGE('',*,*,#1200,.T.);
#1200 = EDGE_CURVE('',#717,#881,#1201,.T.);
#1201 = LINE('',#1202,#1203);
#1202 = CARTESIAN_POINT('',(-1.4,0.95,0.9));
#1203 = VECTOR('',#1204,1.);
#1204 = DIRECTION('',(-0.,-1.,-0.));
#1205 = PLANE('',#1206);
#1206 = AXIS2_PLACEMENT_3D('',#1207,#1208,#1209);
#1207 = CARTESIAN_POINT('',(-1.4,0.95,0.9));
#1208 = DIRECTION('',(1.,-0.,0.));
#1209 = DIRECTION('',(0.,0.,-1.));
#1210 = ADVANCED_FACE('',(#1211),#1222,.F.);
#1211 = FACE_BOUND('',#1212,.F.);
#1212 = EDGE_LOOP('',(#1213,#1219,#1220,#1221));
#1213 = ORIENTED_EDGE('',*,*,#1214,.F.);
#1214 = EDGE_CURVE('',#709,#889,#1215,.T.);
#1215 = LINE('',#1216,#1217);
#1216 = CARTESIAN_POINT('',(-1.25,0.95,1.05));
#1217 = VECTOR('',#1218,1.);
#1218 = DIRECTION('',(-0.,-1.,-0.));
#1219 = ORIENTED_EDGE('',*,*,#716,.F.);
#1220 = ORIENTED_EDGE('',*,*,#1200,.T.);
#1221 = ORIENTED_EDGE('',*,*,#888,.T.);
#1222 = CYLINDRICAL_SURFACE('',#1223,0.15);
#1223 = AXIS2_PLACEMENT_3D('',#1224,#1225,#1226);
#1224 = CARTESIAN_POINT('',(-1.25,0.95,0.9));
#1225 = DIRECTION('',(-0.,-1.,-0.));
#1226 = DIRECTION('',(0.,0.,-1.));
#1227 = ADVANCED_FACE('',(#1228),#1234,.T.);
#1228 = FACE_BOUND('',#1229,.T.);
#1229 = EDGE_LOOP('',(#1230,#1231,#1232,#1233));
#1230 = ORIENTED_EDGE('',*,*,#897,.F.);
#1231 = ORIENTED_EDGE('',*,*,#1214,.F.);
#1232 = ORIENTED_EDGE('',*,*,#708,.T.);
#1233 = ORIENTED_EDGE('',*,*,#1114,.T.);
#1234 = PLANE('',#1235);
#1235 = AXIS2_PLACEMENT_3D('',#1236,#1237,#1238);
#1236 = CARTESIAN_POINT('',(1.25,0.95,1.05));
#1237 = DIRECTION('',(0.,0.,-1.));
#1238 = DIRECTION('',(-1.,0.,-0.));
#1239 = ADVANCED_FACE('',(#1240),#1258,.T.);
#1240 = FACE_BOUND('',#1241,.T.);
#1241 = EDGE_LOOP('',(#1242,#1249,#1250,#1257));
#1242 = ORIENTED_EDGE('',*,*,#1243,.F.);
#1243 = EDGE_CURVE('',#1042,#656,#1244,.T.);
#1244 = CIRCLE('',#1245,5.E-02);
#1245 = AXIS2_PLACEMENT_3D('',#1246,#1247,#1248);
#1246 = CARTESIAN_POINT('',(1.25,0.9,1.1));
#1247 = DIRECTION('',(-1.,0.,0.));
#1248 = DIRECTION('',(0.,0.,1.));
#1249 = ORIENTED_EDGE('',*,*,#1073,.F.);
#1250 = ORIENTED_EDGE('',*,*,#1251,.F.);
#1251 = EDGE_CURVE('',#664,#1066,#1252,.T.);
#1252 = CIRCLE('',#1253,5.E-02);
#1253 = AXIS2_PLACEMENT_3D('',#1254,#1255,#1256);
#1254 = CARTESIAN_POINT('',(1.45,0.9,0.9));
#1255 = DIRECTION('',(0.,0.,-1.));
#1256 = DIRECTION('',(-1.,0.,0.));
#1257 = ORIENTED_EDGE('',*,*,#663,.F.);
#1258 = TOROIDAL_SURFACE('',#1259,0.2,5.E-02);
#1259 = AXIS2_PLACEMENT_3D('',#1260,#1261,#1262);
#1260 = CARTESIAN_POINT('',(1.25,0.9,0.9));
#1261 = DIRECTION('',(0.,1.,0.));
#1262 = DIRECTION('',(0.,-0.,1.));
#1263 = ADVANCED_FACE('',(#1264),#1276,.T.);
#1264 = FACE_BOUND('',#1265,.T.);
#1265 = EDGE_LOOP('',(#1266,#1267,#1268,#1275));
#1266 = ORIENTED_EDGE('',*,*,#1251,.T.);
#1267 = ORIENTED_EDGE('',*,*,#1091,.F.);
#1268 = ORIENTED_EDGE('',*,*,#1269,.F.);
#1269 = EDGE_CURVE('',#673,#920,#1270,.T.);
#1270 = CIRCLE('',#1271,5.E-02);
#1271 = AXIS2_PLACEMENT_3D('',#1272,#1273,#1274);
#1272 = CARTESIAN_POINT('',(1.45,0.9,-0.9));
#1273 = DIRECTION('',(0.,0.,-1.));
#1274 = DIRECTION('',(-1.,0.,0.));
#1275 = ORIENTED_EDGE('',*,*,#672,.F.);
#1276 = CYLINDRICAL_SURFACE('',#1277,5.E-02);
#1277 = AXIS2_PLACEMENT_3D('',#1278,#1279,#1280);
#1278 = CARTESIAN_POINT('',(1.45,0.9,-0.9));
#1279 = DIRECTION('',(0.,-0.,1.));
#1280 = DIRECTION('',(1.,0.,0.));
#1281 = ADVANCED_FACE('',(#1282),#1294,.T.);
#1282 = FACE_BOUND('',#1283,.T.);
#1283 = EDGE_LOOP('',(#1284,#1285,#1286,#1293));
#1284 = ORIENTED_EDGE('',*,*,#1243,.T.);
#1285 = ORIENTED_EDGE('',*,*,#655,.F.);
#1286 = ORIENTED_EDGE('',*,*,#1287,.F.);
#1287 = EDGE_CURVE('',#1017,#647,#1288,.T.);
#1288 = CIRCLE('',#1289,5.E-02);
#1289 = AXIS2_PLACEMENT_3D('',#1290,#1291,#1292);
#1290 = CARTESIAN_POINT('',(-1.25,0.9,1.1));
#1291 = DIRECTION('',(-1.,0.,0.));
#1292 = DIRECTION('',(0.,0.,1.));
#1293 = ORIENTED_EDGE('',*,*,#1049,.F.);
#1294 = CYLINDRICAL_SURFACE('',#1295,5.E-02);
#1295 = AXIS2_PLACEMENT_3D('',#1296,#1297,#1298);
#1296 = CARTESIAN_POINT('',(1.25,0.9,1.1));
#1297 = DIRECTION('',(-1.,0.,0.));
#1298 = DIRECTION('',(0.,0.,1.));
#1299 = ADVANCED_FACE('',(#1300),#1312,.T.);
#1300 = FACE_BOUND('',#1301,.T.);
#1301 = EDGE_LOOP('',(#1302,#1303,#1304,#1311));
#1302 = ORIENTED_EDGE('',*,*,#1269,.T.);
#1303 = ORIENTED_EDGE('',*,*,#919,.F.);
#1304 = ORIENTED_EDGE('',*,*,#1305,.F.);
#1305 = EDGE_CURVE('',#620,#912,#1306,.T.);
#1306 = CIRCLE('',#1307,5.E-02);
#1307 = AXIS2_PLACEMENT_3D('',#1308,#1309,#1310);
#1308 = CARTESIAN_POINT('',(1.25,0.9,-1.1));
#1309 = DIRECTION('',(-1.,0.,0.));
#1310 = DIRECTION('',(0.,0.,1.));
#1311 = ORIENTED_EDGE('',*,*,#680,.F.);
#1312 = TOROIDAL_SURFACE('',#1313,0.2,5.E-02);
#1313 = AXIS2_PLACEMENT_3D('',#1314,#1315,#1316);
#1314 = CARTESIAN_POINT('',(1.25,0.9,-0.9));
#1315 = DIRECTION('',(0.,1.,0.));
#1316 = DIRECTION('',(0.,-0.,1.));
#1317 = ADVANCED_FACE('',(#1318),#1330,.T.);
#1318 = FACE_BOUND('',#1319,.T.);
#1319 = EDGE_LOOP('',(#1320,#1321,#1322,#1329));
#1320 = ORIENTED_EDGE('',*,*,#1287,.T.);
#1321 = ORIENTED_EDGE('',*,*,#646,.F.);
#1322 = ORIENTED_EDGE('',*,*,#1323,.F.);
#1323 = EDGE_CURVE('',#993,#639,#1324,.T.);
#1324 = CIRCLE('',#1325,5.E-02);
#1325 = AXIS2_PLACEMENT_3D('',#1326,#1327,#1328);
#1326 = CARTESIAN_POINT('',(-1.45,0.9,0.9));
#1327 = DIRECTION('',(0.,0.,-1.));
#1328 = DIRECTION('',(-1.,0.,0.));
#1329 = ORIENTED_EDGE('',*,*,#1024,.F.);
#1330 = TOROIDAL_SURFACE('',#1331,0.2,5.E-02);
#1331 = AXIS2_PLACEMENT_3D('',#1332,#1333,#1334);
#1332 = CARTESIAN_POINT('',(-1.25,0.9,0.9));
#1333 = DIRECTION('',(0.,1.,0.));
#1334 = DIRECTION('',(0.,-0.,1.));
#1335 = ADVANCED_FACE('',(#1336),#1348,.T.);
#1336 = FACE_BOUND('',#1337,.T.);
#1337 = EDGE_LOOP('',(#1338,#1339,#1340,#1347));
#1338 = ORIENTED_EDGE('',*,*,#1305,.T.);
#1339 = ORIENTED_EDGE('',*,*,#951,.F.);
#1340 = ORIENTED_EDGE('',*,*,#1341,.F.);
#1341 = EDGE_CURVE('',#622,#944,#1342,.T.);
#1342 = CIRCLE('',#1343,5.E-02);
#1343 = AXIS2_PLACEMENT_3D('',#1344,#1345,#1346);
#1344 = CARTESIAN_POINT('',(-1.25,0.9,-1.1));
#1345 = DIRECTION('',(-1.,0.,0.));
#1346 = DIRECTION('',(0.,0.,1.));
#1347 = ORIENTED_EDGE('',*,*,#619,.F.);
#1348 = CYLINDRICAL_SURFACE('',#1349,5.E-02);
#1349 = AXIS2_PLACEMENT_3D('',#1350,#1351,#1352);
#1350 = CARTESIAN_POINT('',(1.25,0.9,-1.1));
#1351 = DIRECTION('',(1.,0.,-8.673617379884E-17));
#1352 = DIRECTION('',(-8.673617379884E-17,-0.,-1.));
#1353 = ADVANCED_FACE('',(#1354),#1366,.T.);
#1354 = FACE_BOUND('',#1355,.T.);
#1355 = EDGE_LOOP('',(#1356,#1357,#1358,#1365));
#1356 = ORIENTED_EDGE('',*,*,#1323,.T.);
#1357 = ORIENTED_EDGE('',*,*,#638,.F.);
#1358 = ORIENTED_EDGE('',*,*,#1359,.F.);
#1359 = EDGE_CURVE('',#968,#630,#1360,.T.);
#1360 = CIRCLE('',#1361,5.E-02);
#1361 = AXIS2_PLACEMENT_3D('',#1362,#1363,#1364);
#1362 = CARTESIAN_POINT('',(-1.45,0.9,-0.9));
#1363 = DIRECTION('',(0.,0.,-1.));
#1364 = DIRECTION('',(-1.,0.,0.));
#1365 = ORIENTED_EDGE('',*,*,#1000,.F.);
#1366 = CYLINDRICAL_SURFACE('',#1367,5.E-02);
#1367 = AXIS2_PLACEMENT_3D('',#1368,#1369,#1370);
#1368 = CARTESIAN_POINT('',(-1.45,0.9,-0.9));
#1369 = DIRECTION('',(0.,0.,-1.));
#1370 = DIRECTION('',(-1.,0.,0.));
#1371 = ADVANCED_FACE('',(#1372),#1378,.T.);
#1372 = FACE_BOUND('',#1373,.T.);
#1373 = EDGE_LOOP('',(#1374,#1375,#1376,#1377));
#1374 = ORIENTED_EDGE('',*,*,#1341,.T.);
#1375 = ORIENTED_EDGE('',*,*,#975,.F.);
#1376 = ORIENTED_EDGE('',*,*,#1359,.T.);
#1377 = ORIENTED_EDGE('',*,*,#629,.F.);
#1378 = TOROIDAL_SURFACE('',#1379,0.2,5.E-02);
#1379 = AXIS2_PLACEMENT_3D('',#1380,#1381,#1382);
#1380 = CARTESIAN_POINT('',(-1.25,0.9,-0.9));
#1381 = DIRECTION('',(0.,1.,0.));
#1382 = DIRECTION('',(0.,-0.,1.));
#1383 = MANIFOLD_SOLID_BREP('',#1384);
#1384 = CLOSED_SHELL('',(#1385,#1427,#1458,#1491,#1522,#1555,#1586,#1619
    ,#1641,#1657));
#1385 = ADVANCED_FACE('',(#1386),#1422,.T.);
#1386 = FACE_BOUND('',#1387,.T.);
#1387 = EDGE_LOOP('',(#1388,#1399,#1407,#1416));
#1388 = ORIENTED_EDGE('',*,*,#1389,.F.);
#1389 = EDGE_CURVE('',#1390,#1392,#1394,.T.);
#1390 = VERTEX_POINT('',#1391);
#1391 = CARTESIAN_POINT('',(-1.4,1.,0.9));
#1392 = VERTEX_POINT('',#1393);
#1393 = CARTESIAN_POINT('',(-1.25,1.,1.05));
#1394 = CIRCLE('',#1395,0.15);
#1395 = AXIS2_PLACEMENT_3D('',#1396,#1397,#1398);
#1396 = CARTESIAN_POINT('',(-1.25,1.,0.9));
#1397 = DIRECTION('',(0.,1.,0.));
#1398 = DIRECTION('',(0.,-0.,1.));
#1399 = ORIENTED_EDGE('',*,*,#1400,.T.);
#1400 = EDGE_CURVE('',#1390,#1401,#1403,.T.);
#1401 = VERTEX_POINT('',#1402);
#1402 = CARTESIAN_POINT('',(-1.4,0.8,0.9));
#1403 = LINE('',#1404,#1405);
#1404 = CARTESIAN_POINT('',(-1.4,5.5,0.9));
#1405 = VECTOR('',#1406,1.);
#1406 = DIRECTION('',(-0.,-1.,-0.));
#1407 = ORIENTED_EDGE('',*,*,#1408,.T.);
#1408 = EDGE_CURVE('',#1401,#1409,#1411,.T.);
#1409 = VERTEX_POINT('',#1410);
#1410 = CARTESIAN_POINT('',(-1.25,0.8,1.05));
#1411 = CIRCLE('',#1412,0.15);
#1412 = AXIS2_PLACEMENT_3D('',#1413,#1414,#1415);
#1413 = CARTESIAN_POINT('',(-1.25,0.8,0.9));
#1414 = DIRECTION('',(0.,1.,0.));
#1415 = DIRECTION('',(0.,-0.,1.));
#1416 = ORIENTED_EDGE('',*,*,#1417,.F.);
#1417 = EDGE_CURVE('',#1392,#1409,#1418,.T.);
#1418 = LINE('',#1419,#1420);
#1419 = CARTESIAN_POINT('',(-1.25,5.5,1.05));
#1420 = VECTOR('',#1421,1.);
#1421 = DIRECTION('',(-0.,-1.,-0.));
#1422 = CYLINDRICAL_SURFACE('',#1423,0.15);
#1423 = AXIS2_PLACEMENT_3D('',#1424,#1425,#1426);
#1424 = CARTESIAN_POINT('',(-1.25,5.5,0.9));
#1425 = DIRECTION('',(-0.,-1.,-0.));
#1426 = DIRECTION('',(0.,0.,-1.));
#1427 = ADVANCED_FACE('',(#1428),#1453,.F.);
#1428 = FACE_BOUND('',#1429,.T.);
#1429 = EDGE_LOOP('',(#1430,#1438,#1439,#1447));
#1430 = ORIENTED_EDGE('',*,*,#1431,.F.);
#1431 = EDGE_CURVE('',#1392,#1432,#1434,.T.);
#1432 = VERTEX_POINT('',#1433);
#1433 = CARTESIAN_POINT('',(1.25,1.,1.05));
#1434 = LINE('',#1435,#1436);
#1435 = CARTESIAN_POINT('',(-1.25,1.,1.05));
#1436 = VECTOR('',#1437,1.);
#1437 = DIRECTION('',(1.,-0.,0.));
#1438 = ORIENTED_EDGE('',*,*,#1417,.T.);
#1439 = ORIENTED_EDGE('',*,*,#1440,.T.);
#1440 = EDGE_CURVE('',#1409,#1441,#1443,.T.);
#1441 = VERTEX_POINT('',#1442);
#1442 = CARTESIAN_POINT('',(1.25,0.8,1.05));
#1443 = LINE('',#1444,#1445);
#1444 = CARTESIAN_POINT('',(-1.25,0.8,1.05));
#1445 = VECTOR('',#1446,1.);
#1446 = DIRECTION('',(1.,0.,0.));
#1447 = ORIENTED_EDGE('',*,*,#1448,.F.);
#1448 = EDGE_CURVE('',#1432,#1441,#1449,.T.);
#1449 = LINE('',#1450,#1451);
#1450 = CARTESIAN_POINT('',(1.25,5.5,1.05));
#1451 = VECTOR('',#1452,1.);
#1452 = DIRECTION('',(-0.,-1.,-0.));
#1453 = PLANE('',#1454);
#1454 = AXIS2_PLACEMENT_3D('',#1455,#1456,#1457);
#1455 = CARTESIAN_POINT('',(-1.25,5.5,1.05));
#1456 = DIRECTION('',(0.,0.,-1.));
#1457 = DIRECTION('',(-1.,0.,-0.));
#1458 = ADVANCED_FACE('',(#1459),#1486,.T.);
#1459 = FACE_BOUND('',#1460,.T.);
#1460 = EDGE_LOOP('',(#1461,#1470,#1471,#1480));
#1461 = ORIENTED_EDGE('',*,*,#1462,.F.);
#1462 = EDGE_CURVE('',#1432,#1463,#1465,.T.);
#1463 = VERTEX_POINT('',#1464);
#1464 = CARTESIAN_POINT('',(1.4,1.,0.9));
#1465 = CIRCLE('',#1466,0.15);
#1466 = AXIS2_PLACEMENT_3D('',#1467,#1468,#1469);
#1467 = CARTESIAN_POINT('',(1.25,1.,0.9));
#1468 = DIRECTION('',(0.,1.,0.));
#1469 = DIRECTION('',(0.,-0.,1.));
#1470 = ORIENTED_EDGE('',*,*,#1448,.T.);
#1471 = ORIENTED_EDGE('',*,*,#1472,.T.);
#1472 = EDGE_CURVE('',#1441,#1473,#1475,.T.);
#1473 = VERTEX_POINT('',#1474);
#1474 = CARTESIAN_POINT('',(1.4,0.8,0.9));
#1475 = CIRCLE('',#1476,0.15);
#1476 = AXIS2_PLACEMENT_3D('',#1477,#1478,#1479);
#1477 = CARTESIAN_POINT('',(1.25,0.8,0.9));
#1478 = DIRECTION('',(0.,1.,0.));
#1479 = DIRECTION('',(0.,-0.,1.));
#1480 = ORIENTED_EDGE('',*,*,#1481,.F.);
#1481 = EDGE_CURVE('',#1463,#1473,#1482,.T.);
#1482 = LINE('',#1483,#1484);
#1483 = CARTESIAN_POINT('',(1.4,5.5,0.9));
#1484 = VECTOR('',#1485,1.);
#1485 = DIRECTION('',(-0.,-1.,-0.));
#1486 = CYLINDRICAL_SURFACE('',#1487,0.15);
#1487 = AXIS2_PLACEMENT_3D('',#1488,#1489,#1490);
#1488 = CARTESIAN_POINT('',(1.25,5.5,0.9));
#1489 = DIRECTION('',(-0.,-1.,-0.));
#1490 = DIRECTION('',(0.,0.,-1.));
#1491 = ADVANCED_FACE('',(#1492),#1517,.F.);
#1492 = FACE_BOUND('',#1493,.T.);
#1493 = EDGE_LOOP('',(#1494,#1502,#1503,#1511));
#1494 = ORIENTED_EDGE('',*,*,#1495,.F.);
#1495 = EDGE_CURVE('',#1463,#1496,#1498,.T.);
#1496 = VERTEX_POINT('',#1497);
#1497 = CARTESIAN_POINT('',(1.4,1.,-0.9));
#1498 = LINE('',#1499,#1500);
#1499 = CARTESIAN_POINT('',(1.4,1.,0.9));
#1500 = VECTOR('',#1501,1.);
#1501 = DIRECTION('',(0.,0.,-1.));
#1502 = ORIENTED_EDGE('',*,*,#1481,.T.);
#1503 = ORIENTED_EDGE('',*,*,#1504,.T.);
#1504 = EDGE_CURVE('',#1473,#1505,#1507,.T.);
#1505 = VERTEX_POINT('',#1506);
#1506 = CARTESIAN_POINT('',(1.4,0.8,-0.9));
#1507 = LINE('',#1508,#1509);
#1508 = CARTESIAN_POINT('',(1.4,0.8,0.9));
#1509 = VECTOR('',#1510,1.);
#1510 = DIRECTION('',(0.,0.,-1.));
#1511 = ORIENTED_EDGE('',*,*,#1512,.F.);
#1512 = EDGE_CURVE('',#1496,#1505,#1513,.T.);
#1513 = LINE('',#1514,#1515);
#1514 = CARTESIAN_POINT('',(1.4,5.5,-0.9));
#1515 = VECTOR('',#1516,1.);
#1516 = DIRECTION('',(-0.,-1.,-0.));
#1517 = PLANE('',#1518);
#1518 = AXIS2_PLACEMENT_3D('',#1519,#1520,#1521);
#1519 = CARTESIAN_POINT('',(1.4,5.5,0.9));
#1520 = DIRECTION('',(-1.,0.,0.));
#1521 = DIRECTION('',(0.,0.,1.));
#1522 = ADVANCED_FACE('',(#1523),#1550,.T.);
#1523 = FACE_BOUND('',#1524,.T.);
#1524 = EDGE_LOOP('',(#1525,#1534,#1535,#1544));
#1525 = ORIENTED_EDGE('',*,*,#1526,.F.);
#1526 = EDGE_CURVE('',#1496,#1527,#1529,.T.);
#1527 = VERTEX_POINT('',#1528);
#1528 = CARTESIAN_POINT('',(1.25,1.,-1.05));
#1529 = CIRCLE('',#1530,0.15);
#1530 = AXIS2_PLACEMENT_3D('',#1531,#1532,#1533);
#1531 = CARTESIAN_POINT('',(1.25,1.,-0.9));
#1532 = DIRECTION('',(0.,1.,0.));
#1533 = DIRECTION('',(0.,-0.,1.));
#1534 = ORIENTED_EDGE('',*,*,#1512,.T.);
#1535 = ORIENTED_EDGE('',*,*,#1536,.T.);
#1536 = EDGE_CURVE('',#1505,#1537,#1539,.T.);
#1537 = VERTEX_POINT('',#1538);
#1538 = CARTESIAN_POINT('',(1.25,0.8,-1.05));
#1539 = CIRCLE('',#1540,0.15);
#1540 = AXIS2_PLACEMENT_3D('',#1541,#1542,#1543);
#1541 = CARTESIAN_POINT('',(1.25,0.8,-0.9));
#1542 = DIRECTION('',(0.,1.,0.));
#1543 = DIRECTION('',(0.,-0.,1.));
#1544 = ORIENTED_EDGE('',*,*,#1545,.F.);
#1545 = EDGE_CURVE('',#1527,#1537,#1546,.T.);
#1546 = LINE('',#1547,#1548);
#1547 = CARTESIAN_POINT('',(1.25,5.5,-1.05));
#1548 = VECTOR('',#1549,1.);
#1549 = DIRECTION('',(-0.,-1.,-0.));
#1550 = CYLINDRICAL_SURFACE('',#1551,0.15);
#1551 = AXIS2_PLACEMENT_3D('',#1552,#1553,#1554);
#1552 = CARTESIAN_POINT('',(1.25,5.5,-0.9));
#1553 = DIRECTION('',(-0.,-1.,-0.));
#1554 = DIRECTION('',(0.,0.,-1.));
#1555 = ADVANCED_FACE('',(#1556),#1581,.F.);
#1556 = FACE_BOUND('',#1557,.T.);
#1557 = EDGE_LOOP('',(#1558,#1566,#1567,#1575));
#1558 = ORIENTED_EDGE('',*,*,#1559,.F.);
#1559 = EDGE_CURVE('',#1527,#1560,#1562,.T.);
#1560 = VERTEX_POINT('',#1561);
#1561 = CARTESIAN_POINT('',(-1.25,1.,-1.05));
#1562 = LINE('',#1563,#1564);
#1563 = CARTESIAN_POINT('',(1.25,1.,-1.05));
#1564 = VECTOR('',#1565,1.);
#1565 = DIRECTION('',(-1.,0.,0.));
#1566 = ORIENTED_EDGE('',*,*,#1545,.T.);
#1567 = ORIENTED_EDGE('',*,*,#1568,.T.);
#1568 = EDGE_CURVE('',#1537,#1569,#1571,.T.);
#1569 = VERTEX_POINT('',#1570);
#1570 = CARTESIAN_POINT('',(-1.25,0.8,-1.05));
#1571 = LINE('',#1572,#1573);
#1572 = CARTESIAN_POINT('',(1.25,0.8,-1.05));
#1573 = VECTOR('',#1574,1.);
#1574 = DIRECTION('',(-1.,0.,0.));
#1575 = ORIENTED_EDGE('',*,*,#1576,.F.);
#1576 = EDGE_CURVE('',#1560,#1569,#1577,.T.);
#1577 = LINE('',#1578,#1579);
#1578 = CARTESIAN_POINT('',(-1.25,5.5,-1.05));
#1579 = VECTOR('',#1580,1.);
#1580 = DIRECTION('',(-0.,-1.,-0.));
#1581 = PLANE('',#1582);
#1582 = AXIS2_PLACEMENT_3D('',#1583,#1584,#1585);
#1583 = CARTESIAN_POINT('',(1.25,5.5,-1.05));
#1584 = DIRECTION('',(0.,-0.,1.));
#1585 = DIRECTION('',(1.,0.,0.));
#1586 = ADVANCED_FACE('',(#1587),#1614,.T.);
#1587 = FACE_BOUND('',#1588,.T.);
#1588 = EDGE_LOOP('',(#1589,#1598,#1599,#1608));
#1589 = ORIENTED_EDGE('',*,*,#1590,.F.);
#1590 = EDGE_CURVE('',#1560,#1591,#1593,.T.);
#1591 = VERTEX_POINT('',#1592);
#1592 = CARTESIAN_POINT('',(-1.4,1.,-0.9));
#1593 = CIRCLE('',#1594,0.15);
#1594 = AXIS2_PLACEMENT_3D('',#1595,#1596,#1597);
#1595 = CARTESIAN_POINT('',(-1.25,1.,-0.9));
#1596 = DIRECTION('',(0.,1.,0.));
#1597 = DIRECTION('',(0.,-0.,1.));
#1598 = ORIENTED_EDGE('',*,*,#1576,.T.);
#1599 = ORIENTED_EDGE('',*,*,#1600,.T.);
#1600 = EDGE_CURVE('',#1569,#1601,#1603,.T.);
#1601 = VERTEX_POINT('',#1602);
#1602 = CARTESIAN_POINT('',(-1.4,0.8,-0.9));
#1603 = CIRCLE('',#1604,0.15);
#1604 = AXIS2_PLACEMENT_3D('',#1605,#1606,#1607);
#1605 = CARTESIAN_POINT('',(-1.25,0.8,-0.9));
#1606 = DIRECTION('',(0.,1.,0.));
#1607 = DIRECTION('',(0.,-0.,1.));
#1608 = ORIENTED_EDGE('',*,*,#1609,.F.);
#1609 = EDGE_CURVE('',#1591,#1601,#1610,.T.);
#1610 = LINE('',#1611,#1612);
#1611 = CARTESIAN_POINT('',(-1.4,5.5,-0.9));
#1612 = VECTOR('',#1613,1.);
#1613 = DIRECTION('',(-0.,-1.,-0.));
#1614 = CYLINDRICAL_SURFACE('',#1615,0.15);
#1615 = AXIS2_PLACEMENT_3D('',#1616,#1617,#1618);
#1616 = CARTESIAN_POINT('',(-1.25,5.5,-0.9));
#1617 = DIRECTION('',(-0.,-1.,-0.));
#1618 = DIRECTION('',(0.,0.,-1.));
#1619 = ADVANCED_FACE('',(#1620),#1636,.F.);
#1620 = FACE_BOUND('',#1621,.T.);
#1621 = EDGE_LOOP('',(#1622,#1628,#1629,#1635));
#1622 = ORIENTED_EDGE('',*,*,#1623,.F.);
#1623 = EDGE_CURVE('',#1591,#1390,#1624,.T.);
#1624 = LINE('',#1625,#1626);
#1625 = CARTESIAN_POINT('',(-1.4,1.,-0.9));
#1626 = VECTOR('',#1627,1.);
#1627 = DIRECTION('',(0.,0.,1.));
#1628 = ORIENTED_EDGE('',*,*,#1609,.T.);
#1629 = ORIENTED_EDGE('',*,*,#1630,.T.);
#1630 = EDGE_CURVE('',#1601,#1401,#1631,.T.);
#1631 = LINE('',#1632,#1633);
#1632 = CARTESIAN_POINT('',(-1.4,0.8,-0.9));
#1633 = VECTOR('',#1634,1.);
#1634 = DIRECTION('',(0.,0.,1.));
#1635 = ORIENTED_EDGE('',*,*,#1400,.F.);
#1636 = PLANE('',#1637);
#1637 = AXIS2_PLACEMENT_3D('',#1638,#1639,#1640);
#1638 = CARTESIAN_POINT('',(-1.4,5.5,-0.9));
#1639 = DIRECTION('',(1.,0.,0.));
#1640 = DIRECTION('',(0.,0.,-1.));
#1641 = ADVANCED_FACE('',(#1642),#1652,.F.);
#1642 = FACE_BOUND('',#1643,.T.);
#1643 = EDGE_LOOP('',(#1644,#1645,#1646,#1647,#1648,#1649,#1650,#1651));
#1644 = ORIENTED_EDGE('',*,*,#1408,.F.);
#1645 = ORIENTED_EDGE('',*,*,#1630,.F.);
#1646 = ORIENTED_EDGE('',*,*,#1600,.F.);
#1647 = ORIENTED_EDGE('',*,*,#1568,.F.);
#1648 = ORIENTED_EDGE('',*,*,#1536,.F.);
#1649 = ORIENTED_EDGE('',*,*,#1504,.F.);
#1650 = ORIENTED_EDGE('',*,*,#1472,.F.);
#1651 = ORIENTED_EDGE('',*,*,#1440,.F.);
#1652 = PLANE('',#1653);
#1653 = AXIS2_PLACEMENT_3D('',#1654,#1655,#1656);
#1654 = CARTESIAN_POINT('',(-1.25,0.8,0.9));
#1655 = DIRECTION('',(0.,1.,0.));
#1656 = DIRECTION('',(0.,-0.,1.));
#1657 = ADVANCED_FACE('',(#1658),#1668,.T.);
#1658 = FACE_BOUND('',#1659,.T.);
#1659 = EDGE_LOOP('',(#1660,#1661,#1662,#1663,#1664,#1665,#1666,#1667));
#1660 = ORIENTED_EDGE('',*,*,#1623,.T.);
#1661 = ORIENTED_EDGE('',*,*,#1389,.T.);
#1662 = ORIENTED_EDGE('',*,*,#1431,.T.);
#1663 = ORIENTED_EDGE('',*,*,#1462,.T.);
#1664 = ORIENTED_EDGE('',*,*,#1495,.T.);
#1665 = ORIENTED_EDGE('',*,*,#1526,.T.);
#1666 = ORIENTED_EDGE('',*,*,#1559,.T.);
#1667 = ORIENTED_EDGE('',*,*,#1590,.T.);
#1668 = PLANE('',#1669);
#1669 = AXIS2_PLACEMENT_3D('',#1670,#1671,#1672);
#1670 = CARTESIAN_POINT('',(0.,1.,0.));
#1671 = DIRECTION('',(0.,1.,0.));
#1672 = DIRECTION('',(0.,-0.,1.));
#1673 = MANIFOLD_SOLID_BREP('',#1674);
#1674 = CLOSED_SHELL('',(#1675,#1715,#1755,#1795,#1835,#1875,#1915,#1955
    ,#1995,#2035,#2166,#2378,#2390,#2402,#2414,#2426,#2443,#2460,#2472,
    #2490,#2508,#2533,#2558,#2575,#2592,#2609,#2621,#2645,#2676,#2700,
    #2717,#2734,#2748,#2772,#2796,#2820,#2844,#2868,#2885));
#1675 = ADVANCED_FACE('',(#1676),#1710,.F.);
#1676 = FACE_BOUND('',#1677,.T.);
#1677 = EDGE_LOOP('',(#1678,#1688,#1696,#1704));
#1678 = ORIENTED_EDGE('',*,*,#1679,.F.);
#1679 = EDGE_CURVE('',#1680,#1682,#1684,.T.);
#1680 = VERTEX_POINT('',#1681);
#1681 = CARTESIAN_POINT('',(1.5,0.4,-0.25));
#1682 = VERTEX_POINT('',#1683);
#1683 = CARTESIAN_POINT('',(1.5,0.4,0.25));
#1684 = LINE('',#1685,#1686);
#1685 = CARTESIAN_POINT('',(1.5,0.4,0.25));
#1686 = VECTOR('',#1687,1.);
#1687 = DIRECTION('',(0.,0.,1.));
#1688 = ORIENTED_EDGE('',*,*,#1689,.T.);
#1689 = EDGE_CURVE('',#1680,#1690,#1692,.T.);
#1690 = VERTEX_POINT('',#1691);
#1691 = CARTESIAN_POINT('',(1.5,0.8,-0.25));
#1692 = LINE('',#1693,#1694);
#1693 = CARTESIAN_POINT('',(1.5,0.,-0.25));
#1694 = VECTOR('',#1695,1.);
#1695 = DIRECTION('',(-0.,1.,-0.));
#1696 = ORIENTED_EDGE('',*,*,#1697,.T.);
#1697 = EDGE_CURVE('',#1690,#1698,#1700,.T.);
#1698 = VERTEX_POINT('',#1699);
#1699 = CARTESIAN_POINT('',(1.5,0.8,0.25));
#1700 = LINE('',#1701,#1702);
#1701 = CARTESIAN_POINT('',(1.5,0.8,0.25));
#1702 = VECTOR('',#1703,1.);
#1703 = DIRECTION('',(-0.,-0.,1.));
#1704 = ORIENTED_EDGE('',*,*,#1705,.F.);
#1705 = EDGE_CURVE('',#1682,#1698,#1706,.T.);
#1706 = LINE('',#1707,#1708);
#1707 = CARTESIAN_POINT('',(1.5,0.,0.25));
#1708 = VECTOR('',#1709,1.);
#1709 = DIRECTION('',(-0.,1.,-0.));
#1710 = PLANE('',#1711);
#1711 = AXIS2_PLACEMENT_3D('',#1712,#1713,#1714);
#1712 = CARTESIAN_POINT('',(1.5,0.,0.25));
#1713 = DIRECTION('',(-1.,0.,-0.));
#1714 = DIRECTION('',(0.,0.,1.));
#1715 = ADVANCED_FACE('',(#1716),#1750,.F.);
#1716 = FACE_BOUND('',#1717,.T.);
#1717 = EDGE_LOOP('',(#1718,#1728,#1736,#1744));
#1718 = ORIENTED_EDGE('',*,*,#1719,.F.);
#1719 = EDGE_CURVE('',#1720,#1722,#1724,.T.);
#1720 = VERTEX_POINT('',#1721);
#1721 = CARTESIAN_POINT('',(-1.6,0.8,0.35));
#1722 = VERTEX_POINT('',#1723);
#1723 = CARTESIAN_POINT('',(-1.6,0.8,1.05));
#1724 = LINE('',#1725,#1726);
#1725 = CARTESIAN_POINT('',(-1.6,0.8,1.25));
#1726 = VECTOR('',#1727,1.);
#1727 = DIRECTION('',(-0.,-0.,1.));
#1728 = ORIENTED_EDGE('',*,*,#1729,.T.);
#1729 = EDGE_CURVE('',#1720,#1730,#1732,.T.);
#1730 = VERTEX_POINT('',#1731);
#1731 = CARTESIAN_POINT('',(-1.6,0.,0.35));
#1732 = LINE('',#1733,#1734);
#1733 = CARTESIAN_POINT('',(-1.6,0.,0.35));
#1734 = VECTOR('',#1735,1.);
#1735 = DIRECTION('',(0.,-1.,0.));
#1736 = ORIENTED_EDGE('',*,*,#1737,.T.);
#1737 = EDGE_CURVE('',#1730,#1738,#1740,.T.);
#1738 = VERTEX_POINT('',#1739);
#1739 = CARTESIAN_POINT('',(-1.6,0.,1.05));
#1740 = LINE('',#1741,#1742);
#1741 = CARTESIAN_POINT('',(-1.6,0.,1.25));
#1742 = VECTOR('',#1743,1.);
#1743 = DIRECTION('',(-0.,-0.,1.));
#1744 = ORIENTED_EDGE('',*,*,#1745,.T.);
#1745 = EDGE_CURVE('',#1738,#1722,#1746,.T.);
#1746 = LINE('',#1747,#1748);
#1747 = CARTESIAN_POINT('',(-1.6,0.8,1.05));
#1748 = VECTOR('',#1749,1.);
#1749 = DIRECTION('',(0.,1.,0.));
#1750 = PLANE('',#1751);
#1751 = AXIS2_PLACEMENT_3D('',#1752,#1753,#1754);
#1752 = CARTESIAN_POINT('',(-1.6,0.8,1.25));
#1753 = DIRECTION('',(1.,-0.,0.));
#1754 = DIRECTION('',(0.,0.,-1.));
#1755 = ADVANCED_FACE('',(#1756),#1790,.F.);
#1756 = FACE_BOUND('',#1757,.T.);
#1757 = EDGE_LOOP('',(#1758,#1768,#1776,#1784));
#1758 = ORIENTED_EDGE('',*,*,#1759,.T.);
#1759 = EDGE_CURVE('',#1760,#1762,#1764,.T.);
#1760 = VERTEX_POINT('',#1761);
#1761 = CARTESIAN_POINT('',(-1.4,0.,1.25));
#1762 = VERTEX_POINT('',#1763);
#1763 = CARTESIAN_POINT('',(0.1,0.,1.25));
#1764 = LINE('',#1765,#1766);
#1765 = CARTESIAN_POINT('',(1.6,0.,1.25));
#1766 = VECTOR('',#1767,1.);
#1767 = DIRECTION('',(1.,-0.,-1.355252715607E-16));
#1768 = ORIENTED_EDGE('',*,*,#1769,.T.);
#1769 = EDGE_CURVE('',#1762,#1770,#1772,.T.);
#1770 = VERTEX_POINT('',#1771);
#1771 = CARTESIAN_POINT('',(0.1,0.8,1.25));
#1772 = LINE('',#1773,#1774);
#1773 = CARTESIAN_POINT('',(0.1,0.,1.25));
#1774 = VECTOR('',#1775,1.);
#1775 = DIRECTION('',(-0.,1.,-0.));
#1776 = ORIENTED_EDGE('',*,*,#1777,.F.);
#1777 = EDGE_CURVE('',#1778,#1770,#1780,.T.);
#1778 = VERTEX_POINT('',#1779);
#1779 = CARTESIAN_POINT('',(-1.4,0.8,1.25));
#1780 = LINE('',#1781,#1782);
#1781 = CARTESIAN_POINT('',(1.6,0.8,1.25));
#1782 = VECTOR('',#1783,1.);
#1783 = DIRECTION('',(1.,-0.,-1.355252715607E-16));
#1784 = ORIENTED_EDGE('',*,*,#1785,.T.);
#1785 = EDGE_CURVE('',#1778,#1760,#1786,.T.);
#1786 = LINE('',#1787,#1788);
#1787 = CARTESIAN_POINT('',(-1.4,0.8,1.25));
#1788 = VECTOR('',#1789,1.);
#1789 = DIRECTION('',(-0.,-1.,-0.));
#1790 = PLANE('',#1791);
#1791 = AXIS2_PLACEMENT_3D('',#1792,#1793,#1794);
#1792 = CARTESIAN_POINT('',(1.6,0.8,1.25));
#1793 = DIRECTION('',(-1.355252715607E-16,0.,-1.));
#1794 = DIRECTION('',(-1.,0.,1.355252715607E-16));
#1795 = ADVANCED_FACE('',(#1796),#1830,.F.);
#1796 = FACE_BOUND('',#1797,.T.);
#1797 = EDGE_LOOP('',(#1798,#1808,#1816,#1824));
#1798 = ORIENTED_EDGE('',*,*,#1799,.T.);
#1799 = EDGE_CURVE('',#1800,#1802,#1804,.T.);
#1800 = VERTEX_POINT('',#1801);
#1801 = CARTESIAN_POINT('',(1.6,0.,1.05));
#1802 = VERTEX_POINT('',#1803);
#1803 = CARTESIAN_POINT('',(1.6,0.,0.35));
#1804 = LINE('',#1805,#1806);
#1805 = CARTESIAN_POINT('',(1.6,0.,1.25));
#1806 = VECTOR('',#1807,1.);
#1807 = DIRECTION('',(0.,0.,-1.));
#1808 = ORIENTED_EDGE('',*,*,#1809,.T.);
#1809 = EDGE_CURVE('',#1802,#1810,#1812,.T.);
#1810 = VERTEX_POINT('',#1811);
#1811 = CARTESIAN_POINT('',(1.6,0.8,0.35));
#1812 = LINE('',#1813,#1814);
#1813 = CARTESIAN_POINT('',(1.6,0.,0.35));
#1814 = VECTOR('',#1815,1.);
#1815 = DIRECTION('',(-0.,1.,-0.));
#1816 = ORIENTED_EDGE('',*,*,#1817,.F.);
#1817 = EDGE_CURVE('',#1818,#1810,#1820,.T.);
#1818 = VERTEX_POINT('',#1819);
#1819 = CARTESIAN_POINT('',(1.6,0.8,1.05));
#1820 = LINE('',#1821,#1822);
#1821 = CARTESIAN_POINT('',(1.6,0.8,1.25));
#1822 = VECTOR('',#1823,1.);
#1823 = DIRECTION('',(0.,0.,-1.));
#1824 = ORIENTED_EDGE('',*,*,#1825,.T.);
#1825 = EDGE_CURVE('',#1818,#1800,#1826,.T.);
#1826 = LINE('',#1827,#1828);
#1827 = CARTESIAN_POINT('',(1.6,0.8,1.05));
#1828 = VECTOR('',#1829,1.);
#1829 = DIRECTION('',(-0.,-1.,-0.));
#1830 = PLANE('',#1831);
#1831 = AXIS2_PLACEMENT_3D('',#1832,#1833,#1834);
#1832 = CARTESIAN_POINT('',(1.6,0.8,1.25));
#1833 = DIRECTION('',(-1.,0.,0.));
#1834 = DIRECTION('',(0.,0.,1.));
#1835 = ADVANCED_FACE('',(#1836),#1870,.F.);
#1836 = FACE_BOUND('',#1837,.T.);
#1837 = EDGE_LOOP('',(#1838,#1848,#1856,#1864));
#1838 = ORIENTED_EDGE('',*,*,#1839,.F.);
#1839 = EDGE_CURVE('',#1840,#1842,#1844,.T.);
#1840 = VERTEX_POINT('',#1841);
#1841 = CARTESIAN_POINT('',(0.1,0.8,-1.25));
#1842 = VERTEX_POINT('',#1843);
#1843 = CARTESIAN_POINT('',(-1.4,0.8,-1.25));
#1844 = LINE('',#1845,#1846);
#1845 = CARTESIAN_POINT('',(1.6,0.8,-1.25));
#1846 = VECTOR('',#1847,1.);
#1847 = DIRECTION('',(-1.,0.,0.));
#1848 = ORIENTED_EDGE('',*,*,#1849,.T.);
#1849 = EDGE_CURVE('',#1840,#1850,#1852,.T.);
#1850 = VERTEX_POINT('',#1851);
#1851 = CARTESIAN_POINT('',(0.1,0.,-1.25));
#1852 = LINE('',#1853,#1854);
#1853 = CARTESIAN_POINT('',(0.1,0.,-1.25));
#1854 = VECTOR('',#1855,1.);
#1855 = DIRECTION('',(0.,-1.,0.));
#1856 = ORIENTED_EDGE('',*,*,#1857,.T.);
#1857 = EDGE_CURVE('',#1850,#1858,#1860,.T.);
#1858 = VERTEX_POINT('',#1859);
#1859 = CARTESIAN_POINT('',(-1.4,0.,-1.25));
#1860 = LINE('',#1861,#1862);
#1861 = CARTESIAN_POINT('',(1.6,0.,-1.25));
#1862 = VECTOR('',#1863,1.);
#1863 = DIRECTION('',(-1.,0.,0.));
#1864 = ORIENTED_EDGE('',*,*,#1865,.T.);
#1865 = EDGE_CURVE('',#1858,#1842,#1866,.T.);
#1866 = LINE('',#1867,#1868);
#1867 = CARTESIAN_POINT('',(-1.4,0.8,-1.25));
#1868 = VECTOR('',#1869,1.);
#1869 = DIRECTION('',(0.,1.,0.));
#1870 = PLANE('',#1871);
#1871 = AXIS2_PLACEMENT_3D('',#1872,#1873,#1874);
#1872 = CARTESIAN_POINT('',(1.6,0.8,-1.25));
#1873 = DIRECTION('',(0.,-0.,1.));
#1874 = DIRECTION('',(1.,0.,0.));
#1875 = ADVANCED_FACE('',(#1876),#1910,.F.);
#1876 = FACE_BOUND('',#1877,.T.);
#1877 = EDGE_LOOP('',(#1878,#1888,#1896,#1904));
#1878 = ORIENTED_EDGE('',*,*,#1879,.T.);
#1879 = EDGE_CURVE('',#1880,#1882,#1884,.T.);
#1880 = VERTEX_POINT('',#1881);
#1881 = CARTESIAN_POINT('',(-1.6,0.,-1.05));
#1882 = VERTEX_POINT('',#1883);
#1883 = CARTESIAN_POINT('',(-1.6,0.,-0.35));
#1884 = LINE('',#1885,#1886);
#1885 = CARTESIAN_POINT('',(-1.6,0.,1.25));
#1886 = VECTOR('',#1887,1.);
#1887 = DIRECTION('',(-0.,-0.,1.));
#1888 = ORIENTED_EDGE('',*,*,#1889,.T.);
#1889 = EDGE_CURVE('',#1882,#1890,#1892,.T.);
#1890 = VERTEX_POINT('',#1891);
#1891 = CARTESIAN_POINT('',(-1.6,0.8,-0.35));
#1892 = LINE('',#1893,#1894);
#1893 = CARTESIAN_POINT('',(-1.6,0.,-0.35));
#1894 = VECTOR('',#1895,1.);
#1895 = DIRECTION('',(-0.,1.,-0.));
#1896 = ORIENTED_EDGE('',*,*,#1897,.F.);
#1897 = EDGE_CURVE('',#1898,#1890,#1900,.T.);
#1898 = VERTEX_POINT('',#1899);
#1899 = CARTESIAN_POINT('',(-1.6,0.8,-1.05));
#1900 = LINE('',#1901,#1902);
#1901 = CARTESIAN_POINT('',(-1.6,0.8,1.25));
#1902 = VECTOR('',#1903,1.);
#1903 = DIRECTION('',(-0.,-0.,1.));
#1904 = ORIENTED_EDGE('',*,*,#1905,.T.);
#1905 = EDGE_CURVE('',#1898,#1880,#1906,.T.);
#1906 = LINE('',#1907,#1908);
#1907 = CARTESIAN_POINT('',(-1.6,0.8,-1.05));
#1908 = VECTOR('',#1909,1.);
#1909 = DIRECTION('',(-0.,-1.,-0.));
#1910 = PLANE('',#1911);
#1911 = AXIS2_PLACEMENT_3D('',#1912,#1913,#1914);
#1912 = CARTESIAN_POINT('',(-1.6,0.8,1.25));
#1913 = DIRECTION('',(1.,-0.,0.));
#1914 = DIRECTION('',(0.,0.,-1.));
#1915 = ADVANCED_FACE('',(#1916),#1950,.F.);
#1916 = FACE_BOUND('',#1917,.T.);
#1917 = EDGE_LOOP('',(#1918,#1928,#1936,#1944));
#1918 = ORIENTED_EDGE('',*,*,#1919,.F.);
#1919 = EDGE_CURVE('',#1920,#1922,#1924,.T.);
#1920 = VERTEX_POINT('',#1921);
#1921 = CARTESIAN_POINT('',(0.8,0.8,1.25));
#1922 = VERTEX_POINT('',#1923);
#1923 = CARTESIAN_POINT('',(1.4,0.8,1.25));
#1924 = LINE('',#1925,#1926);
#1925 = CARTESIAN_POINT('',(1.6,0.8,1.25));
#1926 = VECTOR('',#1927,1.);
#1927 = DIRECTION('',(1.,-0.,-1.355252715607E-16));
#1928 = ORIENTED_EDGE('',*,*,#1929,.T.);
#1929 = EDGE_CURVE('',#1920,#1930,#1932,.T.);
#1930 = VERTEX_POINT('',#1931);
#1931 = CARTESIAN_POINT('',(0.8,0.,1.25));
#1932 = LINE('',#1933,#1934);
#1933 = CARTESIAN_POINT('',(0.8,0.,1.25));
#1934 = VECTOR('',#1935,1.);
#1935 = DIRECTION('',(0.,-1.,0.));
#1936 = ORIENTED_EDGE('',*,*,#1937,.T.);
#1937 = EDGE_CURVE('',#1930,#1938,#1940,.T.);
#1938 = VERTEX_POINT('',#1939);
#1939 = CARTESIAN_POINT('',(1.4,0.,1.25));
#1940 = LINE('',#1941,#1942);
#1941 = CARTESIAN_POINT('',(1.6,0.,1.25));
#1942 = VECTOR('',#1943,1.);
#1943 = DIRECTION('',(1.,-0.,-1.355252715607E-16));
#1944 = ORIENTED_EDGE('',*,*,#1945,.T.);
#1945 = EDGE_CURVE('',#1938,#1922,#1946,.T.);
#1946 = LINE('',#1947,#1948);
#1947 = CARTESIAN_POINT('',(1.4,0.8,1.25));
#1948 = VECTOR('',#1949,1.);
#1949 = DIRECTION('',(0.,1.,0.));
#1950 = PLANE('',#1951);
#1951 = AXIS2_PLACEMENT_3D('',#1952,#1953,#1954);
#1952 = CARTESIAN_POINT('',(1.6,0.8,1.25));
#1953 = DIRECTION('',(-1.355252715607E-16,0.,-1.));
#1954 = DIRECTION('',(-1.,0.,1.355252715607E-16));
#1955 = ADVANCED_FACE('',(#1956),#1990,.F.);
#1956 = FACE_BOUND('',#1957,.T.);
#1957 = EDGE_LOOP('',(#1958,#1968,#1976,#1984));
#1958 = ORIENTED_EDGE('',*,*,#1959,.F.);
#1959 = EDGE_CURVE('',#1960,#1962,#1964,.T.);
#1960 = VERTEX_POINT('',#1961);
#1961 = CARTESIAN_POINT('',(1.6,0.8,-0.35));
#1962 = VERTEX_POINT('',#1963);
#1963 = CARTESIAN_POINT('',(1.6,0.8,-1.05));
#1964 = LINE('',#1965,#1966);
#1965 = CARTESIAN_POINT('',(1.6,0.8,1.25));
#1966 = VECTOR('',#1967,1.);
#1967 = DIRECTION('',(0.,0.,-1.));
#1968 = ORIENTED_EDGE('',*,*,#1969,.T.);
#1969 = EDGE_CURVE('',#1960,#1970,#1972,.T.);
#1970 = VERTEX_POINT('',#1971);
#1971 = CARTESIAN_POINT('',(1.6,0.,-0.35));
#1972 = LINE('',#1973,#1974);
#1973 = CARTESIAN_POINT('',(1.6,0.,-0.35));
#1974 = VECTOR('',#1975,1.);
#1975 = DIRECTION('',(0.,-1.,0.));
#1976 = ORIENTED_EDGE('',*,*,#1977,.T.);
#1977 = EDGE_CURVE('',#1970,#1978,#1980,.T.);
#1978 = VERTEX_POINT('',#1979);
#1979 = CARTESIAN_POINT('',(1.6,0.,-1.05));
#1980 = LINE('',#1981,#1982);
#1981 = CARTESIAN_POINT('',(1.6,0.,1.25));
#1982 = VECTOR('',#1983,1.);
#1983 = DIRECTION('',(0.,0.,-1.));
#1984 = ORIENTED_EDGE('',*,*,#1985,.T.);
#1985 = EDGE_CURVE('',#1978,#1962,#1986,.T.);
#1986 = LINE('',#1987,#1988);
#1987 = CARTESIAN_POINT('',(1.6,0.8,-1.05));
#1988 = VECTOR('',#1989,1.);
#1989 = DIRECTION('',(0.,1.,0.));
#1990 = PLANE('',#1991);
#1991 = AXIS2_PLACEMENT_3D('',#1992,#1993,#1994);
#1992 = CARTESIAN_POINT('',(1.6,0.8,1.25));
#1993 = DIRECTION('',(-1.,0.,0.));
#1994 = DIRECTION('',(0.,0.,1.));
#1995 = ADVANCED_FACE('',(#1996),#2030,.F.);
#1996 = FACE_BOUND('',#1997,.T.);
#1997 = EDGE_LOOP('',(#1998,#2008,#2016,#2024));
#1998 = ORIENTED_EDGE('',*,*,#1999,.T.);
#1999 = EDGE_CURVE('',#2000,#2002,#2004,.T.);
#2000 = VERTEX_POINT('',#2001);
#2001 = CARTESIAN_POINT('',(1.4,0.,-1.25));
#2002 = VERTEX_POINT('',#2003);
#2003 = CARTESIAN_POINT('',(0.8,0.,-1.25));
#2004 = LINE('',#2005,#2006);
#2005 = CARTESIAN_POINT('',(1.6,0.,-1.25));
#2006 = VECTOR('',#2007,1.);
#2007 = DIRECTION('',(-1.,0.,0.));
#2008 = ORIENTED_EDGE('',*,*,#2009,.T.);
#2009 = EDGE_CURVE('',#2002,#2010,#2012,.T.);
#2010 = VERTEX_POINT('',#2011);
#2011 = CARTESIAN_POINT('',(0.8,0.8,-1.25));
#2012 = LINE('',#2013,#2014);
#2013 = CARTESIAN_POINT('',(0.8,0.,-1.25));
#2014 = VECTOR('',#2015,1.);
#2015 = DIRECTION('',(-0.,1.,-0.));
#2016 = ORIENTED_EDGE('',*,*,#2017,.F.);
#2017 = EDGE_CURVE('',#2018,#2010,#2020,.T.);
#2018 = VERTEX_POINT('',#2019);
#2019 = CARTESIAN_POINT('',(1.4,0.8,-1.25));
#2020 = LINE('',#2021,#2022);
#2021 = CARTESIAN_POINT('',(1.6,0.8,-1.25));
#2022 = VECTOR('',#2023,1.);
#2023 = DIRECTION('',(-1.,0.,0.));
#2024 = ORIENTED_EDGE('',*,*,#2025,.T.);
#2025 = EDGE_CURVE('',#2018,#2000,#2026,.T.);
#2026 = LINE('',#2027,#2028);
#2027 = CARTESIAN_POINT('',(1.4,0.8,-1.25));
#2028 = VECTOR('',#2029,1.);
#2029 = DIRECTION('',(-0.,-1.,-0.));
#2030 = PLANE('',#2031);
#2031 = AXIS2_PLACEMENT_3D('',#2032,#2033,#2034);
#2032 = CARTESIAN_POINT('',(1.6,0.8,-1.25));
#2033 = DIRECTION('',(0.,-0.,1.));
#2034 = DIRECTION('',(1.,0.,0.));
#2035 = ADVANCED_FACE('',(#2036),#2161,.T.);
#2036 = FACE_BOUND('',#2037,.T.);
#2037 = EDGE_LOOP('',(#2038,#2047,#2048,#2055,#2056,#2065,#2073,#2080,
    #2081,#2088,#2089,#2098,#2106,#2113,#2114,#2121,#2122,#2129,#2130,
    #2137,#2138,#2145,#2146,#2155));
#2038 = ORIENTED_EDGE('',*,*,#2039,.F.);
#2039 = EDGE_CURVE('',#1840,#2040,#2042,.T.);
#2040 = VERTEX_POINT('',#2041);
#2041 = CARTESIAN_POINT('',(0.2,0.8,-1.15));
#2042 = CIRCLE('',#2043,0.1);
#2043 = AXIS2_PLACEMENT_3D('',#2044,#2045,#2046);
#2044 = CARTESIAN_POINT('',(0.2,0.8,-1.25));
#2045 = DIRECTION('',(0.,1.,0.));
#2046 = DIRECTION('',(0.,-0.,1.));
#2047 = ORIENTED_EDGE('',*,*,#1839,.T.);
#2048 = ORIENTED_EDGE('',*,*,#2049,.T.);
#2049 = EDGE_CURVE('',#1842,#1898,#2050,.T.);
#2050 = CIRCLE('',#2051,0.2);
#2051 = AXIS2_PLACEMENT_3D('',#2052,#2053,#2054);
#2052 = CARTESIAN_POINT('',(-1.6,0.8,-1.25));
#2053 = DIRECTION('',(0.,-1.,0.));
#2054 = DIRECTION('',(0.,0.,-1.));
#2055 = ORIENTED_EDGE('',*,*,#1897,.T.);
#2056 = ORIENTED_EDGE('',*,*,#2057,.F.);
#2057 = EDGE_CURVE('',#2058,#1890,#2060,.T.);
#2058 = VERTEX_POINT('',#2059);
#2059 = CARTESIAN_POINT('',(-1.5,0.8,-0.25));
#2060 = CIRCLE('',#2061,0.1);
#2061 = AXIS2_PLACEMENT_3D('',#2062,#2063,#2064);
#2062 = CARTESIAN_POINT('',(-1.6,0.8,-0.25));
#2063 = DIRECTION('',(0.,1.,0.));
#2064 = DIRECTION('',(0.,-0.,1.));
#2065 = ORIENTED_EDGE('',*,*,#2066,.F.);
#2066 = EDGE_CURVE('',#2067,#2058,#2069,.T.);
#2067 = VERTEX_POINT('',#2068);
#2068 = CARTESIAN_POINT('',(-1.5,0.8,0.25));
#2069 = LINE('',#2070,#2071);
#2070 = CARTESIAN_POINT('',(-1.5,0.8,0.25));
#2071 = VECTOR('',#2072,1.);
#2072 = DIRECTION('',(0.,0.,-1.));
#2073 = ORIENTED_EDGE('',*,*,#2074,.F.);
#2074 = EDGE_CURVE('',#1720,#2067,#2075,.T.);
#2075 = CIRCLE('',#2076,0.1);
#2076 = AXIS2_PLACEMENT_3D('',#2077,#2078,#2079);
#2077 = CARTESIAN_POINT('',(-1.6,0.8,0.25));
#2078 = DIRECTION('',(0.,1.,0.));
#2079 = DIRECTION('',(0.,-0.,1.));
#2080 = ORIENTED_EDGE('',*,*,#1719,.T.);
#2081 = ORIENTED_EDGE('',*,*,#2082,.T.);
#2082 = EDGE_CURVE('',#1722,#1778,#2083,.T.);
#2083 = CIRCLE('',#2084,0.2);
#2084 = AXIS2_PLACEMENT_3D('',#2085,#2086,#2087);
#2085 = CARTESIAN_POINT('',(-1.6,0.8,1.25));
#2086 = DIRECTION('',(0.,-1.,0.));
#2087 = DIRECTION('',(0.,0.,-1.));
#2088 = ORIENTED_EDGE('',*,*,#1777,.T.);
#2089 = ORIENTED_EDGE('',*,*,#2090,.F.);
#2090 = EDGE_CURVE('',#2091,#1770,#2093,.T.);
#2091 = VERTEX_POINT('',#2092);
#2092 = CARTESIAN_POINT('',(0.2,0.8,1.15));
#2093 = CIRCLE('',#2094,0.1);
#2094 = AXIS2_PLACEMENT_3D('',#2095,#2096,#2097);
#2095 = CARTESIAN_POINT('',(0.2,0.8,1.25));
#2096 = DIRECTION('',(0.,1.,0.));
#2097 = DIRECTION('',(0.,-0.,-1.));
#2098 = ORIENTED_EDGE('',*,*,#2099,.F.);
#2099 = EDGE_CURVE('',#2100,#2091,#2102,.T.);
#2100 = VERTEX_POINT('',#2101);
#2101 = CARTESIAN_POINT('',(0.7,0.8,1.15));
#2102 = LINE('',#2103,#2104);
#2103 = CARTESIAN_POINT('',(0.2,0.8,1.15));
#2104 = VECTOR('',#2105,1.);
#2105 = DIRECTION('',(-1.,-0.,-0.));
#2106 = ORIENTED_EDGE('',*,*,#2107,.F.);
#2107 = EDGE_CURVE('',#1920,#2100,#2108,.T.);
#2108 = CIRCLE('',#2109,0.1);
#2109 = AXIS2_PLACEMENT_3D('',#2110,#2111,#2112);
#2110 = CARTESIAN_POINT('',(0.7,0.8,1.25));
#2111 = DIRECTION('',(0.,1.,0.));
#2112 = DIRECTION('',(0.,-0.,-1.));
#2113 = ORIENTED_EDGE('',*,*,#1919,.T.);
#2114 = ORIENTED_EDGE('',*,*,#2115,.T.);
#2115 = EDGE_CURVE('',#1922,#1818,#2116,.T.);
#2116 = CIRCLE('',#2117,0.2);
#2117 = AXIS2_PLACEMENT_3D('',#2118,#2119,#2120);
#2118 = CARTESIAN_POINT('',(1.6,0.8,1.25));
#2119 = DIRECTION('',(0.,-1.,0.));
#2120 = DIRECTION('',(0.,0.,-1.));
#2121 = ORIENTED_EDGE('',*,*,#1817,.T.);
#2122 = ORIENTED_EDGE('',*,*,#2123,.F.);
#2123 = EDGE_CURVE('',#1698,#1810,#2124,.T.);
#2124 = CIRCLE('',#2125,0.1);
#2125 = AXIS2_PLACEMENT_3D('',#2126,#2127,#2128);
#2126 = CARTESIAN_POINT('',(1.6,0.8,0.25));
#2127 = DIRECTION('',(0.,1.,0.));
#2128 = DIRECTION('',(0.,-0.,-1.));
#2129 = ORIENTED_EDGE('',*,*,#1697,.F.);
#2130 = ORIENTED_EDGE('',*,*,#2131,.F.);
#2131 = EDGE_CURVE('',#1960,#1690,#2132,.T.);
#2132 = CIRCLE('',#2133,0.1);
#2133 = AXIS2_PLACEMENT_3D('',#2134,#2135,#2136);
#2134 = CARTESIAN_POINT('',(1.6,0.8,-0.25));
#2135 = DIRECTION('',(0.,1.,0.));
#2136 = DIRECTION('',(0.,-0.,-1.));
#2137 = ORIENTED_EDGE('',*,*,#1959,.T.);
#2138 = ORIENTED_EDGE('',*,*,#2139,.T.);
#2139 = EDGE_CURVE('',#1962,#2018,#2140,.T.);
#2140 = CIRCLE('',#2141,0.2);
#2141 = AXIS2_PLACEMENT_3D('',#2142,#2143,#2144);
#2142 = CARTESIAN_POINT('',(1.6,0.8,-1.25));
#2143 = DIRECTION('',(0.,-1.,0.));
#2144 = DIRECTION('',(0.,0.,-1.));
#2145 = ORIENTED_EDGE('',*,*,#2017,.T.);
#2146 = ORIENTED_EDGE('',*,*,#2147,.F.);
#2147 = EDGE_CURVE('',#2148,#2010,#2150,.T.);
#2148 = VERTEX_POINT('',#2149);
#2149 = CARTESIAN_POINT('',(0.7,0.8,-1.15));
#2150 = CIRCLE('',#2151,0.1);
#2151 = AXIS2_PLACEMENT_3D('',#2152,#2153,#2154);
#2152 = CARTESIAN_POINT('',(0.7,0.8,-1.25));
#2153 = DIRECTION('',(0.,1.,0.));
#2154 = DIRECTION('',(0.,-0.,1.));
#2155 = ORIENTED_EDGE('',*,*,#2156,.F.);
#2156 = EDGE_CURVE('',#2040,#2148,#2157,.T.);
#2157 = LINE('',#2158,#2159);
#2158 = CARTESIAN_POINT('',(0.2,0.8,-1.15));
#2159 = VECTOR('',#2160,1.);
#2160 = DIRECTION('',(1.,0.,0.));
#2161 = PLANE('',#2162);
#2162 = AXIS2_PLACEMENT_3D('',#2163,#2164,#2165);
#2163 = CARTESIAN_POINT('',(0.,0.8,0.));
#2164 = DIRECTION('',(0.,1.,0.));
#2165 = DIRECTION('',(0.,-0.,1.));
#2166 = ADVANCED_FACE('',(#2167),#2373,.F.);
#2167 = FACE_BOUND('',#2168,.T.);
#2168 = EDGE_LOOP('',(#2169,#2179,#2187,#2194,#2195,#2202,#2203,#2212,
    #2220,#2227,#2228,#2235,#2236,#2245,#2253,#2261,#2269,#2277,#2285,
    #2293,#2300,#2301,#2308,#2309,#2318,#2326,#2333,#2334,#2341,#2342,
    #2351,#2359,#2367));
#2169 = ORIENTED_EDGE('',*,*,#2170,.F.);
#2170 = EDGE_CURVE('',#2171,#2173,#2175,.T.);
#2171 = VERTEX_POINT('',#2172);
#2172 = CARTESIAN_POINT('',(-1.5,-0.,-0.5));
#2173 = VERTEX_POINT('',#2174);
#2174 = CARTESIAN_POINT('',(-0.6,-0.,-0.5));
#2175 = LINE('',#2176,#2177);
#2176 = CARTESIAN_POINT('',(-1.5,-0.,-0.5));
#2177 = VECTOR('',#2178,1.);
#2178 = DIRECTION('',(1.,0.,0.));
#2179 = ORIENTED_EDGE('',*,*,#2180,.F.);
#2180 = EDGE_CURVE('',#2181,#2171,#2183,.T.);
#2181 = VERTEX_POINT('',#2182);
#2182 = CARTESIAN_POINT('',(-1.5,0.,-0.25));
#2183 = LINE('',#2184,#2185);
#2184 = CARTESIAN_POINT('',(-1.5,-0.,-0.5));
#2185 = VECTOR('',#2186,1.);
#2186 = DIRECTION('',(-0.,-0.,-1.));
#2187 = ORIENTED_EDGE('',*,*,#2188,.T.);
#2188 = EDGE_CURVE('',#2181,#1882,#2189,.T.);
#2189 = CIRCLE('',#2190,0.1);
#2190 = AXIS2_PLACEMENT_3D('',#2191,#2192,#2193);
#2191 = CARTESIAN_POINT('',(-1.6,0.,-0.25));
#2192 = DIRECTION('',(0.,1.,0.));
#2193 = DIRECTION('',(0.,-0.,1.));
#2194 = ORIENTED_EDGE('',*,*,#1879,.F.);
#2195 = ORIENTED_EDGE('',*,*,#2196,.F.);
#2196 = EDGE_CURVE('',#1858,#1880,#2197,.T.);
#2197 = CIRCLE('',#2198,0.2);
#2198 = AXIS2_PLACEMENT_3D('',#2199,#2200,#2201);
#2199 = CARTESIAN_POINT('',(-1.6,-0.,-1.25));
#2200 = DIRECTION('',(0.,-1.,0.));
#2201 = DIRECTION('',(0.,0.,-1.));
#2202 = ORIENTED_EDGE('',*,*,#1857,.F.);
#2203 = ORIENTED_EDGE('',*,*,#2204,.T.);
#2204 = EDGE_CURVE('',#1850,#2205,#2207,.T.);
#2205 = VERTEX_POINT('',#2206);
#2206 = CARTESIAN_POINT('',(0.2,0.,-1.15));
#2207 = CIRCLE('',#2208,0.1);
#2208 = AXIS2_PLACEMENT_3D('',#2209,#2210,#2211);
#2209 = CARTESIAN_POINT('',(0.2,0.,-1.25));
#2210 = DIRECTION('',(0.,1.,0.));
#2211 = DIRECTION('',(0.,-0.,1.));
#2212 = ORIENTED_EDGE('',*,*,#2213,.T.);
#2213 = EDGE_CURVE('',#2205,#2214,#2216,.T.);
#2214 = VERTEX_POINT('',#2215);
#2215 = CARTESIAN_POINT('',(0.7,0.,-1.15));
#2216 = LINE('',#2217,#2218);
#2217 = CARTESIAN_POINT('',(0.2,0.,-1.15));
#2218 = VECTOR('',#2219,1.);
#2219 = DIRECTION('',(1.,0.,0.));
#2220 = ORIENTED_EDGE('',*,*,#2221,.T.);
#2221 = EDGE_CURVE('',#2214,#2002,#2222,.T.);
#2222 = CIRCLE('',#2223,0.1);
#2223 = AXIS2_PLACEMENT_3D('',#2224,#2225,#2226);
#2224 = CARTESIAN_POINT('',(0.7,0.,-1.25));
#2225 = DIRECTION('',(0.,1.,0.));
#2226 = DIRECTION('',(0.,-0.,1.));
#2227 = ORIENTED_EDGE('',*,*,#1999,.F.);
#2228 = ORIENTED_EDGE('',*,*,#2229,.F.);
#2229 = EDGE_CURVE('',#1978,#2000,#2230,.T.);
#2230 = CIRCLE('',#2231,0.2);
#2231 = AXIS2_PLACEMENT_3D('',#2232,#2233,#2234);
#2232 = CARTESIAN_POINT('',(1.6,0.,-1.25));
#2233 = DIRECTION('',(0.,-1.,0.));
#2234 = DIRECTION('',(0.,0.,-1.));
#2235 = ORIENTED_EDGE('',*,*,#1977,.F.);
#2236 = ORIENTED_EDGE('',*,*,#2237,.T.);
#2237 = EDGE_CURVE('',#1970,#2238,#2240,.T.);
#2238 = VERTEX_POINT('',#2239);
#2239 = CARTESIAN_POINT('',(1.5,0.,-0.25));
#2240 = CIRCLE('',#2241,0.1);
#2241 = AXIS2_PLACEMENT_3D('',#2242,#2243,#2244);
#2242 = CARTESIAN_POINT('',(1.6,0.,-0.25));
#2243 = DIRECTION('',(0.,1.,0.));
#2244 = DIRECTION('',(0.,-0.,1.));
#2245 = ORIENTED_EDGE('',*,*,#2246,.F.);
#2246 = EDGE_CURVE('',#2247,#2238,#2249,.T.);
#2247 = VERTEX_POINT('',#2248);
#2248 = CARTESIAN_POINT('',(1.5,0.,-0.5));
#2249 = LINE('',#2250,#2251);
#2250 = CARTESIAN_POINT('',(1.5,0.,-0.5));
#2251 = VECTOR('',#2252,1.);
#2252 = DIRECTION('',(0.,0.,1.));
#2253 = ORIENTED_EDGE('',*,*,#2254,.F.);
#2254 = EDGE_CURVE('',#2255,#2247,#2257,.T.);
#2255 = VERTEX_POINT('',#2256);
#2256 = CARTESIAN_POINT('',(0.6,0.,-0.5));
#2257 = LINE('',#2258,#2259);
#2258 = CARTESIAN_POINT('',(1.5,0.,-0.5));
#2259 = VECTOR('',#2260,1.);
#2260 = DIRECTION('',(1.,-0.,-0.));
#2261 = ORIENTED_EDGE('',*,*,#2262,.F.);
#2262 = EDGE_CURVE('',#2263,#2255,#2265,.T.);
#2263 = VERTEX_POINT('',#2264);
#2264 = CARTESIAN_POINT('',(0.6,0.,0.2));
#2265 = LINE('',#2266,#2267);
#2266 = CARTESIAN_POINT('',(0.6,0.,-0.5));
#2267 = VECTOR('',#2268,1.);
#2268 = DIRECTION('',(-0.,-0.,-1.));
#2269 = ORIENTED_EDGE('',*,*,#2270,.F.);
#2270 = EDGE_CURVE('',#2271,#2263,#2273,.T.);
#2271 = VERTEX_POINT('',#2272);
#2272 = CARTESIAN_POINT('',(0.9,0.,0.5));
#2273 = LINE('',#2274,#2275);
#2274 = CARTESIAN_POINT('',(0.9,0.,0.5));
#2275 = VECTOR('',#2276,1.);
#2276 = DIRECTION('',(-0.707106781187,0.,-0.707106781187));
#2277 = ORIENTED_EDGE('',*,*,#2278,.F.);
#2278 = EDGE_CURVE('',#2279,#2271,#2281,.T.);
#2279 = VERTEX_POINT('',#2280);
#2280 = CARTESIAN_POINT('',(1.5,0.,0.5));
#2281 = LINE('',#2282,#2283);
#2282 = CARTESIAN_POINT('',(1.5,0.,0.5));
#2283 = VECTOR('',#2284,1.);
#2284 = DIRECTION('',(-1.,0.,0.));
#2285 = ORIENTED_EDGE('',*,*,#2286,.F.);
#2286 = EDGE_CURVE('',#2287,#2279,#2289,.T.);
#2287 = VERTEX_POINT('',#2288);
#2288 = CARTESIAN_POINT('',(1.5,0.,0.25));
#2289 = LINE('',#2290,#2291);
#2290 = CARTESIAN_POINT('',(1.5,0.,-0.5));
#2291 = VECTOR('',#2292,1.);
#2292 = DIRECTION('',(0.,0.,1.));
#2293 = ORIENTED_EDGE('',*,*,#2294,.T.);
#2294 = EDGE_CURVE('',#2287,#1802,#2295,.T.);
#2295 = CIRCLE('',#2296,0.1);
#2296 = AXIS2_PLACEMENT_3D('',#2297,#2298,#2299);
#2297 = CARTESIAN_POINT('',(1.6,0.,0.25));
#2298 = DIRECTION('',(0.,1.,0.));
#2299 = DIRECTION('',(0.,-0.,-1.));
#2300 = ORIENTED_EDGE('',*,*,#1799,.F.);
#2301 = ORIENTED_EDGE('',*,*,#2302,.T.);
#2302 = EDGE_CURVE('',#1800,#1938,#2303,.T.);
#2303 = CIRCLE('',#2304,0.2);
#2304 = AXIS2_PLACEMENT_3D('',#2305,#2306,#2307);
#2305 = CARTESIAN_POINT('',(1.6,0.,1.25));
#2306 = DIRECTION('',(0.,1.,0.));
#2307 = DIRECTION('',(0.,-0.,1.));
#2308 = ORIENTED_EDGE('',*,*,#1937,.F.);
#2309 = ORIENTED_EDGE('',*,*,#2310,.T.);
#2310 = EDGE_CURVE('',#1930,#2311,#2313,.T.);
#2311 = VERTEX_POINT('',#2312);
#2312 = CARTESIAN_POINT('',(0.7,0.,1.15));
#2313 = CIRCLE('',#2314,0.1);
#2314 = AXIS2_PLACEMENT_3D('',#2315,#2316,#2317);
#2315 = CARTESIAN_POINT('',(0.7,0.,1.25));
#2316 = DIRECTION('',(0.,1.,0.));
#2317 = DIRECTION('',(0.,-0.,1.));
#2318 = ORIENTED_EDGE('',*,*,#2319,.T.);
#2319 = EDGE_CURVE('',#2311,#2320,#2322,.T.);
#2320 = VERTEX_POINT('',#2321);
#2321 = CARTESIAN_POINT('',(0.2,0.,1.15));
#2322 = LINE('',#2323,#2324);
#2323 = CARTESIAN_POINT('',(0.2,0.,1.15));
#2324 = VECTOR('',#2325,1.);
#2325 = DIRECTION('',(-1.,-0.,-0.));
#2326 = ORIENTED_EDGE('',*,*,#2327,.T.);
#2327 = EDGE_CURVE('',#2320,#1762,#2328,.T.);
#2328 = CIRCLE('',#2329,0.1);
#2329 = AXIS2_PLACEMENT_3D('',#2330,#2331,#2332);
#2330 = CARTESIAN_POINT('',(0.2,0.,1.25));
#2331 = DIRECTION('',(0.,1.,0.));
#2332 = DIRECTION('',(0.,-0.,-1.));
#2333 = ORIENTED_EDGE('',*,*,#1759,.F.);
#2334 = ORIENTED_EDGE('',*,*,#2335,.F.);
#2335 = EDGE_CURVE('',#1738,#1760,#2336,.T.);
#2336 = CIRCLE('',#2337,0.2);
#2337 = AXIS2_PLACEMENT_3D('',#2338,#2339,#2340);
#2338 = CARTESIAN_POINT('',(-1.6,0.,1.25));
#2339 = DIRECTION('',(0.,-1.,0.));
#2340 = DIRECTION('',(0.,0.,-1.));
#2341 = ORIENTED_EDGE('',*,*,#1737,.F.);
#2342 = ORIENTED_EDGE('',*,*,#2343,.T.);
#2343 = EDGE_CURVE('',#1730,#2344,#2346,.T.);
#2344 = VERTEX_POINT('',#2345);
#2345 = CARTESIAN_POINT('',(-1.5,0.,0.25));
#2346 = CIRCLE('',#2347,0.1);
#2347 = AXIS2_PLACEMENT_3D('',#2348,#2349,#2350);
#2348 = CARTESIAN_POINT('',(-1.6,0.,0.25));
#2349 = DIRECTION('',(0.,1.,0.));
#2350 = DIRECTION('',(0.,-0.,1.));
#2351 = ORIENTED_EDGE('',*,*,#2352,.F.);
#2352 = EDGE_CURVE('',#2353,#2344,#2355,.T.);
#2353 = VERTEX_POINT('',#2354);
#2354 = CARTESIAN_POINT('',(-1.5,0.,0.5));
#2355 = LINE('',#2356,#2357);
#2356 = CARTESIAN_POINT('',(-1.5,-0.,-0.5));
#2357 = VECTOR('',#2358,1.);
#2358 = DIRECTION('',(-0.,-0.,-1.));
#2359 = ORIENTED_EDGE('',*,*,#2360,.F.);
#2360 = EDGE_CURVE('',#2361,#2353,#2363,.T.);
#2361 = VERTEX_POINT('',#2362);
#2362 = CARTESIAN_POINT('',(-0.6,0.,0.5));
#2363 = LINE('',#2364,#2365);
#2364 = CARTESIAN_POINT('',(-1.5,0.,0.5));
#2365 = VECTOR('',#2366,1.);
#2366 = DIRECTION('',(-1.,-0.,-0.));
#2367 = ORIENTED_EDGE('',*,*,#2368,.F.);
#2368 = EDGE_CURVE('',#2173,#2361,#2369,.T.);
#2369 = LINE('',#2370,#2371);
#2370 = CARTESIAN_POINT('',(-0.6,-0.,-0.5));
#2371 = VECTOR('',#2372,1.);
#2372 = DIRECTION('',(0.,0.,1.));
#2373 = PLANE('',#2374);
#2374 = AXIS2_PLACEMENT_3D('',#2375,#2376,#2377);
#2375 = CARTESIAN_POINT('',(0.,0.,0.));
#2376 = DIRECTION('',(0.,1.,0.));
#2377 = DIRECTION('',(0.,-0.,1.));
#2378 = ADVANCED_FACE('',(#2379),#2385,.F.);
#2379 = FACE_BOUND('',#2380,.F.);
#2380 = EDGE_LOOP('',(#2381,#2382,#2383,#2384));
#2381 = ORIENTED_EDGE('',*,*,#1745,.T.);
#2382 = ORIENTED_EDGE('',*,*,#2082,.T.);
#2383 = ORIENTED_EDGE('',*,*,#1785,.T.);
#2384 = ORIENTED_EDGE('',*,*,#2335,.F.);
#2385 = CYLINDRICAL_SURFACE('',#2386,0.2);
#2386 = AXIS2_PLACEMENT_3D('',#2387,#2388,#2389);
#2387 = CARTESIAN_POINT('',(-1.6,0.8,1.25));
#2388 = DIRECTION('',(-0.,-1.,-0.));
#2389 = DIRECTION('',(0.,0.,-1.));
#2390 = ADVANCED_FACE('',(#2391),#2397,.F.);
#2391 = FACE_BOUND('',#2392,.F.);
#2392 = EDGE_LOOP('',(#2393,#2394,#2395,#2396));
#2393 = ORIENTED_EDGE('',*,*,#1945,.T.);
#2394 = ORIENTED_EDGE('',*,*,#2115,.T.);
#2395 = ORIENTED_EDGE('',*,*,#1825,.T.);
#2396 = ORIENTED_EDGE('',*,*,#2302,.T.);
#2397 = CYLINDRICAL_SURFACE('',#2398,0.2);
#2398 = AXIS2_PLACEMENT_3D('',#2399,#2400,#2401);
#2399 = CARTESIAN_POINT('',(1.6,0.8,1.25));
#2400 = DIRECTION('',(-0.,-1.,-0.));
#2401 = DIRECTION('',(0.,0.,-1.));
#2402 = ADVANCED_FACE('',(#2403),#2409,.F.);
#2403 = FACE_BOUND('',#2404,.F.);
#2404 = EDGE_LOOP('',(#2405,#2406,#2407,#2408));
#2405 = ORIENTED_EDGE('',*,*,#1985,.T.);
#2406 = ORIENTED_EDGE('',*,*,#2139,.T.);
#2407 = ORIENTED_EDGE('',*,*,#2025,.T.);
#2408 = ORIENTED_EDGE('',*,*,#2229,.F.);
#2409 = CYLINDRICAL_SURFACE('',#2410,0.2);
#2410 = AXIS2_PLACEMENT_3D('',#2411,#2412,#2413);
#2411 = CARTESIAN_POINT('',(1.6,0.8,-1.25));
#2412 = DIRECTION('',(-0.,-1.,-0.));
#2413 = DIRECTION('',(0.,0.,-1.));
#2414 = ADVANCED_FACE('',(#2415),#2421,.F.);
#2415 = FACE_BOUND('',#2416,.F.);
#2416 = EDGE_LOOP('',(#2417,#2418,#2419,#2420));
#2417 = ORIENTED_EDGE('',*,*,#1905,.T.);
#2418 = ORIENTED_EDGE('',*,*,#2196,.F.);
#2419 = ORIENTED_EDGE('',*,*,#1865,.T.);
#2420 = ORIENTED_EDGE('',*,*,#2049,.T.);
#2421 = CYLINDRICAL_SURFACE('',#2422,0.2);
#2422 = AXIS2_PLACEMENT_3D('',#2423,#2424,#2425);
#2423 = CARTESIAN_POINT('',(-1.6,0.8,-1.25));
#2424 = DIRECTION('',(-0.,-1.,-0.));
#2425 = DIRECTION('',(0.,0.,-1.));
#2426 = ADVANCED_FACE('',(#2427),#2438,.F.);
#2427 = FACE_BOUND('',#2428,.F.);
#2428 = EDGE_LOOP('',(#2429,#2430,#2431,#2437));
#2429 = ORIENTED_EDGE('',*,*,#1769,.T.);
#2430 = ORIENTED_EDGE('',*,*,#2090,.F.);
#2431 = ORIENTED_EDGE('',*,*,#2432,.F.);
#2432 = EDGE_CURVE('',#2320,#2091,#2433,.T.);
#2433 = LINE('',#2434,#2435);
#2434 = CARTESIAN_POINT('',(0.2,0.,1.15));
#2435 = VECTOR('',#2436,1.);
#2436 = DIRECTION('',(-0.,1.,-0.));
#2437 = ORIENTED_EDGE('',*,*,#2327,.T.);
#2438 = CYLINDRICAL_SURFACE('',#2439,0.1);
#2439 = AXIS2_PLACEMENT_3D('',#2440,#2441,#2442);
#2440 = CARTESIAN_POINT('',(0.2,0.,1.25));
#2441 = DIRECTION('',(-0.,1.,-0.));
#2442 = DIRECTION('',(0.,0.,1.));
#2443 = ADVANCED_FACE('',(#2444),#2455,.F.);
#2444 = FACE_BOUND('',#2445,.F.);
#2445 = EDGE_LOOP('',(#2446,#2447,#2448,#2454));
#2446 = ORIENTED_EDGE('',*,*,#1929,.T.);
#2447 = ORIENTED_EDGE('',*,*,#2310,.T.);
#2448 = ORIENTED_EDGE('',*,*,#2449,.T.);
#2449 = EDGE_CURVE('',#2311,#2100,#2450,.T.);
#2450 = LINE('',#2451,#2452);
#2451 = CARTESIAN_POINT('',(0.7,0.,1.15));
#2452 = VECTOR('',#2453,1.);
#2453 = DIRECTION('',(-0.,1.,-0.));
#2454 = ORIENTED_EDGE('',*,*,#2107,.F.);
#2455 = CYLINDRICAL_SURFACE('',#2456,0.1);
#2456 = AXIS2_PLACEMENT_3D('',#2457,#2458,#2459);
#2457 = CARTESIAN_POINT('',(0.7,0.,1.25));
#2458 = DIRECTION('',(-0.,1.,-0.));
#2459 = DIRECTION('',(0.,0.,1.));
#2460 = ADVANCED_FACE('',(#2461),#2467,.F.);
#2461 = FACE_BOUND('',#2462,.T.);
#2462 = EDGE_LOOP('',(#2463,#2464,#2465,#2466));
#2463 = ORIENTED_EDGE('',*,*,#2099,.T.);
#2464 = ORIENTED_EDGE('',*,*,#2432,.F.);
#2465 = ORIENTED_EDGE('',*,*,#2319,.F.);
#2466 = ORIENTED_EDGE('',*,*,#2449,.T.);
#2467 = PLANE('',#2468);
#2468 = AXIS2_PLACEMENT_3D('',#2469,#2470,#2471);
#2469 = CARTESIAN_POINT('',(0.2,0.,1.15));
#2470 = DIRECTION('',(0.,0.,-1.));
#2471 = DIRECTION('',(-1.,0.,-0.));
#2472 = ADVANCED_FACE('',(#2473),#2485,.F.);
#2473 = FACE_BOUND('',#2474,.F.);
#2474 = EDGE_LOOP('',(#2475,#2476,#2477,#2478,#2484));
#2475 = ORIENTED_EDGE('',*,*,#1809,.T.);
#2476 = ORIENTED_EDGE('',*,*,#2123,.F.);
#2477 = ORIENTED_EDGE('',*,*,#1705,.F.);
#2478 = ORIENTED_EDGE('',*,*,#2479,.F.);
#2479 = EDGE_CURVE('',#2287,#1682,#2480,.T.);
#2480 = LINE('',#2481,#2482);
#2481 = CARTESIAN_POINT('',(1.5,0.,0.25));
#2482 = VECTOR('',#2483,1.);
#2483 = DIRECTION('',(-0.,1.,-0.));
#2484 = ORIENTED_EDGE('',*,*,#2294,.T.);
#2485 = CYLINDRICAL_SURFACE('',#2486,0.1);
#2486 = AXIS2_PLACEMENT_3D('',#2487,#2488,#2489);
#2487 = CARTESIAN_POINT('',(1.6,0.,0.25));
#2488 = DIRECTION('',(-0.,1.,-0.));
#2489 = DIRECTION('',(0.,0.,1.));
#2490 = ADVANCED_FACE('',(#2491),#2503,.F.);
#2491 = FACE_BOUND('',#2492,.F.);
#2492 = EDGE_LOOP('',(#2493,#2494,#2495,#2501,#2502));
#2493 = ORIENTED_EDGE('',*,*,#1969,.T.);
#2494 = ORIENTED_EDGE('',*,*,#2237,.T.);
#2495 = ORIENTED_EDGE('',*,*,#2496,.T.);
#2496 = EDGE_CURVE('',#2238,#1680,#2497,.T.);
#2497 = LINE('',#2498,#2499);
#2498 = CARTESIAN_POINT('',(1.5,0.,-0.25));
#2499 = VECTOR('',#2500,1.);
#2500 = DIRECTION('',(-0.,1.,-0.));
#2501 = ORIENTED_EDGE('',*,*,#1689,.T.);
#2502 = ORIENTED_EDGE('',*,*,#2131,.F.);
#2503 = CYLINDRICAL_SURFACE('',#2504,0.1);
#2504 = AXIS2_PLACEMENT_3D('',#2505,#2506,#2507);
#2505 = CARTESIAN_POINT('',(1.6,0.,-0.25));
#2506 = DIRECTION('',(-0.,1.,-0.));
#2507 = DIRECTION('',(0.,0.,1.));
#2508 = ADVANCED_FACE('',(#2509),#2528,.F.);
#2509 = FACE_BOUND('',#2510,.F.);
#2510 = EDGE_LOOP('',(#2511,#2512,#2513,#2521,#2527));
#2511 = ORIENTED_EDGE('',*,*,#1729,.T.);
#2512 = ORIENTED_EDGE('',*,*,#2343,.T.);
#2513 = ORIENTED_EDGE('',*,*,#2514,.T.);
#2514 = EDGE_CURVE('',#2344,#2515,#2517,.T.);
#2515 = VERTEX_POINT('',#2516);
#2516 = CARTESIAN_POINT('',(-1.5,0.4,0.25));
#2517 = LINE('',#2518,#2519);
#2518 = CARTESIAN_POINT('',(-1.5,0.,0.25));
#2519 = VECTOR('',#2520,1.);
#2520 = DIRECTION('',(-0.,1.,-0.));
#2521 = ORIENTED_EDGE('',*,*,#2522,.T.);
#2522 = EDGE_CURVE('',#2515,#2067,#2523,.T.);
#2523 = LINE('',#2524,#2525);
#2524 = CARTESIAN_POINT('',(-1.5,0.,0.25));
#2525 = VECTOR('',#2526,1.);
#2526 = DIRECTION('',(-0.,1.,-0.));
#2527 = ORIENTED_EDGE('',*,*,#2074,.F.);
#2528 = CYLINDRICAL_SURFACE('',#2529,0.1);
#2529 = AXIS2_PLACEMENT_3D('',#2530,#2531,#2532);
#2530 = CARTESIAN_POINT('',(-1.6,0.,0.25));
#2531 = DIRECTION('',(-0.,1.,-0.));
#2532 = DIRECTION('',(0.,0.,1.));
#2533 = ADVANCED_FACE('',(#2534),#2553,.F.);
#2534 = FACE_BOUND('',#2535,.F.);
#2535 = EDGE_LOOP('',(#2536,#2537,#2538,#2546,#2552));
#2536 = ORIENTED_EDGE('',*,*,#1889,.T.);
#2537 = ORIENTED_EDGE('',*,*,#2057,.F.);
#2538 = ORIENTED_EDGE('',*,*,#2539,.F.);
#2539 = EDGE_CURVE('',#2540,#2058,#2542,.T.);
#2540 = VERTEX_POINT('',#2541);
#2541 = CARTESIAN_POINT('',(-1.5,0.4,-0.25));
#2542 = LINE('',#2543,#2544);
#2543 = CARTESIAN_POINT('',(-1.5,0.,-0.25));
#2544 = VECTOR('',#2545,1.);
#2545 = DIRECTION('',(-0.,1.,-0.));
#2546 = ORIENTED_EDGE('',*,*,#2547,.F.);
#2547 = EDGE_CURVE('',#2181,#2540,#2548,.T.);
#2548 = LINE('',#2549,#2550);
#2549 = CARTESIAN_POINT('',(-1.5,0.,-0.25));
#2550 = VECTOR('',#2551,1.);
#2551 = DIRECTION('',(-0.,1.,-0.));
#2552 = ORIENTED_EDGE('',*,*,#2188,.T.);
#2553 = CYLINDRICAL_SURFACE('',#2554,0.1);
#2554 = AXIS2_PLACEMENT_3D('',#2555,#2556,#2557);
#2555 = CARTESIAN_POINT('',(-1.6,0.,-0.25));
#2556 = DIRECTION('',(-0.,1.,-0.));
#2557 = DIRECTION('',(0.,0.,1.));
#2558 = ADVANCED_FACE('',(#2559),#2570,.F.);
#2559 = FACE_BOUND('',#2560,.T.);
#2560 = EDGE_LOOP('',(#2561,#2562,#2568,#2569));
#2561 = ORIENTED_EDGE('',*,*,#2539,.F.);
#2562 = ORIENTED_EDGE('',*,*,#2563,.T.);
#2563 = EDGE_CURVE('',#2540,#2515,#2564,.T.);
#2564 = LINE('',#2565,#2566);
#2565 = CARTESIAN_POINT('',(-1.5,0.4,0.25));
#2566 = VECTOR('',#2567,1.);
#2567 = DIRECTION('',(0.,0.,1.));
#2568 = ORIENTED_EDGE('',*,*,#2522,.T.);
#2569 = ORIENTED_EDGE('',*,*,#2066,.T.);
#2570 = PLANE('',#2571);
#2571 = AXIS2_PLACEMENT_3D('',#2572,#2573,#2574);
#2572 = CARTESIAN_POINT('',(-1.5,0.,0.25));
#2573 = DIRECTION('',(1.,0.,0.));
#2574 = DIRECTION('',(0.,0.,-1.));
#2575 = ADVANCED_FACE('',(#2576),#2587,.F.);
#2576 = FACE_BOUND('',#2577,.F.);
#2577 = EDGE_LOOP('',(#2578,#2579,#2580,#2586));
#2578 = ORIENTED_EDGE('',*,*,#1849,.T.);
#2579 = ORIENTED_EDGE('',*,*,#2204,.T.);
#2580 = ORIENTED_EDGE('',*,*,#2581,.T.);
#2581 = EDGE_CURVE('',#2205,#2040,#2582,.T.);
#2582 = LINE('',#2583,#2584);
#2583 = CARTESIAN_POINT('',(0.2,0.,-1.15));
#2584 = VECTOR('',#2585,1.);
#2585 = DIRECTION('',(-0.,1.,-0.));
#2586 = ORIENTED_EDGE('',*,*,#2039,.F.);
#2587 = CYLINDRICAL_SURFACE('',#2588,0.1);
#2588 = AXIS2_PLACEMENT_3D('',#2589,#2590,#2591);
#2589 = CARTESIAN_POINT('',(0.2,0.,-1.25));
#2590 = DIRECTION('',(-0.,1.,-0.));
#2591 = DIRECTION('',(0.,0.,1.));
#2592 = ADVANCED_FACE('',(#2593),#2604,.F.);
#2593 = FACE_BOUND('',#2594,.F.);
#2594 = EDGE_LOOP('',(#2595,#2596,#2597,#2603));
#2595 = ORIENTED_EDGE('',*,*,#2009,.T.);
#2596 = ORIENTED_EDGE('',*,*,#2147,.F.);
#2597 = ORIENTED_EDGE('',*,*,#2598,.F.);
#2598 = EDGE_CURVE('',#2214,#2148,#2599,.T.);
#2599 = LINE('',#2600,#2601);
#2600 = CARTESIAN_POINT('',(0.7,0.,-1.15));
#2601 = VECTOR('',#2602,1.);
#2602 = DIRECTION('',(-0.,1.,-0.));
#2603 = ORIENTED_EDGE('',*,*,#2221,.T.);
#2604 = CYLINDRICAL_SURFACE('',#2605,0.1);
#2605 = AXIS2_PLACEMENT_3D('',#2606,#2607,#2608);
#2606 = CARTESIAN_POINT('',(0.7,0.,-1.25));
#2607 = DIRECTION('',(-0.,1.,-0.));
#2608 = DIRECTION('',(0.,0.,1.));
#2609 = ADVANCED_FACE('',(#2610),#2616,.F.);
#2610 = FACE_BOUND('',#2611,.T.);
#2611 = EDGE_LOOP('',(#2612,#2613,#2614,#2615));
#2612 = ORIENTED_EDGE('',*,*,#2156,.T.);
#2613 = ORIENTED_EDGE('',*,*,#2598,.F.);
#2614 = ORIENTED_EDGE('',*,*,#2213,.F.);
#2615 = ORIENTED_EDGE('',*,*,#2581,.T.);
#2616 = PLANE('',#2617);
#2617 = AXIS2_PLACEMENT_3D('',#2618,#2619,#2620);
#2618 = CARTESIAN_POINT('',(0.2,0.,-1.15));
#2619 = DIRECTION('',(-0.,0.,1.));
#2620 = DIRECTION('',(1.,0.,0.));
#2621 = ADVANCED_FACE('',(#2622),#2640,.F.);
#2622 = FACE_BOUND('',#2623,.T.);
#2623 = EDGE_LOOP('',(#2624,#2632,#2638,#2639));
#2624 = ORIENTED_EDGE('',*,*,#2625,.F.);
#2625 = EDGE_CURVE('',#2626,#2515,#2628,.T.);
#2626 = VERTEX_POINT('',#2627);
#2627 = CARTESIAN_POINT('',(-1.5,0.4,0.5));
#2628 = LINE('',#2629,#2630);
#2629 = CARTESIAN_POINT('',(-1.5,0.4,-0.5));
#2630 = VECTOR('',#2631,1.);
#2631 = DIRECTION('',(-0.,-0.,-1.));
#2632 = ORIENTED_EDGE('',*,*,#2633,.T.);
#2633 = EDGE_CURVE('',#2626,#2353,#2634,.T.);
#2634 = LINE('',#2635,#2636);
#2635 = CARTESIAN_POINT('',(-1.5,0.4,0.5));
#2636 = VECTOR('',#2637,1.);
#2637 = DIRECTION('',(-0.,-1.,-0.));
#2638 = ORIENTED_EDGE('',*,*,#2352,.T.);
#2639 = ORIENTED_EDGE('',*,*,#2514,.T.);
#2640 = PLANE('',#2641);
#2641 = AXIS2_PLACEMENT_3D('',#2642,#2643,#2644);
#2642 = CARTESIAN_POINT('',(-1.5,0.4,-0.5));
#2643 = DIRECTION('',(-1.,0.,0.));
#2644 = DIRECTION('',(0.,0.,1.));
#2645 = ADVANCED_FACE('',(#2646),#2671,.F.);
#2646 = FACE_BOUND('',#2647,.T.);
#2647 = EDGE_LOOP('',(#2648,#2649,#2657,#2665));
#2648 = ORIENTED_EDGE('',*,*,#2368,.T.);
#2649 = ORIENTED_EDGE('',*,*,#2650,.F.);
#2650 = EDGE_CURVE('',#2651,#2361,#2653,.T.);
#2651 = VERTEX_POINT('',#2652);
#2652 = CARTESIAN_POINT('',(-0.6,0.4,0.5));
#2653 = LINE('',#2654,#2655);
#2654 = CARTESIAN_POINT('',(-0.6,0.4,0.5));
#2655 = VECTOR('',#2656,1.);
#2656 = DIRECTION('',(-0.,-1.,-0.));
#2657 = ORIENTED_EDGE('',*,*,#2658,.F.);
#2658 = EDGE_CURVE('',#2659,#2651,#2661,.T.);
#2659 = VERTEX_POINT('',#2660);
#2660 = CARTESIAN_POINT('',(-0.6,0.4,-0.5));
#2661 = LINE('',#2662,#2663);
#2662 = CARTESIAN_POINT('',(-0.6,0.4,-0.5));
#2663 = VECTOR('',#2664,1.);
#2664 = DIRECTION('',(0.,0.,1.));
#2665 = ORIENTED_EDGE('',*,*,#2666,.T.);
#2666 = EDGE_CURVE('',#2659,#2173,#2667,.T.);
#2667 = LINE('',#2668,#2669);
#2668 = CARTESIAN_POINT('',(-0.6,0.4,-0.5));
#2669 = VECTOR('',#2670,1.);
#2670 = DIRECTION('',(-0.,-1.,-0.));
#2671 = PLANE('',#2672);
#2672 = AXIS2_PLACEMENT_3D('',#2673,#2674,#2675);
#2673 = CARTESIAN_POINT('',(-0.6,0.4,-0.5));
#2674 = DIRECTION('',(1.,0.,0.));
#2675 = DIRECTION('',(0.,0.,-1.));
#2676 = ADVANCED_FACE('',(#2677),#2695,.F.);
#2677 = FACE_BOUND('',#2678,.T.);
#2678 = EDGE_LOOP('',(#2679,#2680,#2681,#2689));
#2679 = ORIENTED_EDGE('',*,*,#2170,.T.);
#2680 = ORIENTED_EDGE('',*,*,#2666,.F.);
#2681 = ORIENTED_EDGE('',*,*,#2682,.F.);
#2682 = EDGE_CURVE('',#2683,#2659,#2685,.T.);
#2683 = VERTEX_POINT('',#2684);
#2684 = CARTESIAN_POINT('',(-1.5,0.4,-0.5));
#2685 = LINE('',#2686,#2687);
#2686 = CARTESIAN_POINT('',(-1.5,0.4,-0.5));
#2687 = VECTOR('',#2688,1.);
#2688 = DIRECTION('',(1.,0.,0.));
#2689 = ORIENTED_EDGE('',*,*,#2690,.T.);
#2690 = EDGE_CURVE('',#2683,#2171,#2691,.T.);
#2691 = LINE('',#2692,#2693);
#2692 = CARTESIAN_POINT('',(-1.5,0.4,-0.5));
#2693 = VECTOR('',#2694,1.);
#2694 = DIRECTION('',(-0.,-1.,-0.));
#2695 = PLANE('',#2696);
#2696 = AXIS2_PLACEMENT_3D('',#2697,#2698,#2699);
#2697 = CARTESIAN_POINT('',(-1.5,0.4,-0.5));
#2698 = DIRECTION('',(0.,0.,-1.));
#2699 = DIRECTION('',(-1.,0.,-0.));
#2700 = ADVANCED_FACE('',(#2701),#2712,.F.);
#2701 = FACE_BOUND('',#2702,.T.);
#2702 = EDGE_LOOP('',(#2703,#2704,#2705,#2706));
#2703 = ORIENTED_EDGE('',*,*,#2547,.F.);
#2704 = ORIENTED_EDGE('',*,*,#2180,.T.);
#2705 = ORIENTED_EDGE('',*,*,#2690,.F.);
#2706 = ORIENTED_EDGE('',*,*,#2707,.F.);
#2707 = EDGE_CURVE('',#2540,#2683,#2708,.T.);
#2708 = LINE('',#2709,#2710);
#2709 = CARTESIAN_POINT('',(-1.5,0.4,-0.5));
#2710 = VECTOR('',#2711,1.);
#2711 = DIRECTION('',(-0.,-0.,-1.));
#2712 = PLANE('',#2713);
#2713 = AXIS2_PLACEMENT_3D('',#2714,#2715,#2716);
#2714 = CARTESIAN_POINT('',(-1.5,0.4,-0.5));
#2715 = DIRECTION('',(-1.,0.,0.));
#2716 = DIRECTION('',(0.,0.,1.));
#2717 = ADVANCED_FACE('',(#2718),#2729,.F.);
#2718 = FACE_BOUND('',#2719,.T.);
#2719 = EDGE_LOOP('',(#2720,#2721,#2722,#2728));
#2720 = ORIENTED_EDGE('',*,*,#2360,.T.);
#2721 = ORIENTED_EDGE('',*,*,#2633,.F.);
#2722 = ORIENTED_EDGE('',*,*,#2723,.F.);
#2723 = EDGE_CURVE('',#2651,#2626,#2724,.T.);
#2724 = LINE('',#2725,#2726);
#2725 = CARTESIAN_POINT('',(-1.5,0.4,0.5));
#2726 = VECTOR('',#2727,1.);
#2727 = DIRECTION('',(-1.,-0.,-0.));
#2728 = ORIENTED_EDGE('',*,*,#2650,.T.);
#2729 = PLANE('',#2730);
#2730 = AXIS2_PLACEMENT_3D('',#2731,#2732,#2733);
#2731 = CARTESIAN_POINT('',(-1.5,0.4,0.5));
#2732 = DIRECTION('',(0.,0.,1.));
#2733 = DIRECTION('',(1.,0.,-0.));
#2734 = ADVANCED_FACE('',(#2735),#2743,.F.);
#2735 = FACE_BOUND('',#2736,.T.);
#2736 = EDGE_LOOP('',(#2737,#2738,#2739,#2740,#2741,#2742));
#2737 = ORIENTED_EDGE('',*,*,#2658,.T.);
#2738 = ORIENTED_EDGE('',*,*,#2723,.T.);
#2739 = ORIENTED_EDGE('',*,*,#2625,.T.);
#2740 = ORIENTED_EDGE('',*,*,#2563,.F.);
#2741 = ORIENTED_EDGE('',*,*,#2707,.T.);
#2742 = ORIENTED_EDGE('',*,*,#2682,.T.);
#2743 = PLANE('',#2744);
#2744 = AXIS2_PLACEMENT_3D('',#2745,#2746,#2747);
#2745 = CARTESIAN_POINT('',(0.,0.4,0.));
#2746 = DIRECTION('',(0.,1.,0.));
#2747 = DIRECTION('',(0.,-0.,1.));
#2748 = ADVANCED_FACE('',(#2749),#2767,.F.);
#2749 = FACE_BOUND('',#2750,.T.);
#2750 = EDGE_LOOP('',(#2751,#2759,#2765,#2766));
#2751 = ORIENTED_EDGE('',*,*,#2752,.F.);
#2752 = EDGE_CURVE('',#2753,#1680,#2755,.T.);
#2753 = VERTEX_POINT('',#2754);
#2754 = CARTESIAN_POINT('',(1.5,0.4,-0.5));
#2755 = LINE('',#2756,#2757);
#2756 = CARTESIAN_POINT('',(1.5,0.4,-0.5));
#2757 = VECTOR('',#2758,1.);
#2758 = DIRECTION('',(0.,0.,1.));
#2759 = ORIENTED_EDGE('',*,*,#2760,.T.);
#2760 = EDGE_CURVE('',#2753,#2247,#2761,.T.);
#2761 = LINE('',#2762,#2763);
#2762 = CARTESIAN_POINT('',(1.5,0.4,-0.5));
#2763 = VECTOR('',#2764,1.);
#2764 = DIRECTION('',(-0.,-1.,-0.));
#2765 = ORIENTED_EDGE('',*,*,#2246,.T.);
#2766 = ORIENTED_EDGE('',*,*,#2496,.T.);
#2767 = PLANE('',#2768);
#2768 = AXIS2_PLACEMENT_3D('',#2769,#2770,#2771);
#2769 = CARTESIAN_POINT('',(1.5,0.4,-0.5));
#2770 = DIRECTION('',(1.,0.,0.));
#2771 = DIRECTION('',(0.,0.,-1.));
#2772 = ADVANCED_FACE('',(#2773),#2791,.F.);
#2773 = FACE_BOUND('',#2774,.T.);
#2774 = EDGE_LOOP('',(#2775,#2776,#2777,#2785));
#2775 = ORIENTED_EDGE('',*,*,#2479,.F.);
#2776 = ORIENTED_EDGE('',*,*,#2286,.T.);
#2777 = ORIENTED_EDGE('',*,*,#2778,.F.);
#2778 = EDGE_CURVE('',#2779,#2279,#2781,.T.);
#2779 = VERTEX_POINT('',#2780);
#2780 = CARTESIAN_POINT('',(1.5,0.4,0.5));
#2781 = LINE('',#2782,#2783);
#2782 = CARTESIAN_POINT('',(1.5,0.4,0.5));
#2783 = VECTOR('',#2784,1.);
#2784 = DIRECTION('',(-0.,-1.,-0.));
#2785 = ORIENTED_EDGE('',*,*,#2786,.F.);
#2786 = EDGE_CURVE('',#1682,#2779,#2787,.T.);
#2787 = LINE('',#2788,#2789);
#2788 = CARTESIAN_POINT('',(1.5,0.4,-0.5));
#2789 = VECTOR('',#2790,1.);
#2790 = DIRECTION('',(0.,0.,1.));
#2791 = PLANE('',#2792);
#2792 = AXIS2_PLACEMENT_3D('',#2793,#2794,#2795);
#2793 = CARTESIAN_POINT('',(1.5,0.4,-0.5));
#2794 = DIRECTION('',(1.,0.,0.));
#2795 = DIRECTION('',(0.,0.,-1.));
#2796 = ADVANCED_FACE('',(#2797),#2815,.F.);
#2797 = FACE_BOUND('',#2798,.T.);
#2798 = EDGE_LOOP('',(#2799,#2800,#2801,#2809));
#2799 = ORIENTED_EDGE('',*,*,#2254,.T.);
#2800 = ORIENTED_EDGE('',*,*,#2760,.F.);
#2801 = ORIENTED_EDGE('',*,*,#2802,.F.);
#2802 = EDGE_CURVE('',#2803,#2753,#2805,.T.);
#2803 = VERTEX_POINT('',#2804);
#2804 = CARTESIAN_POINT('',(0.6,0.4,-0.5));
#2805 = LINE('',#2806,#2807);
#2806 = CARTESIAN_POINT('',(1.5,0.4,-0.5));
#2807 = VECTOR('',#2808,1.);
#2808 = DIRECTION('',(1.,-0.,-0.));
#2809 = ORIENTED_EDGE('',*,*,#2810,.T.);
#2810 = EDGE_CURVE('',#2803,#2255,#2811,.T.);
#2811 = LINE('',#2812,#2813);
#2812 = CARTESIAN_POINT('',(0.6,0.4,-0.5));
#2813 = VECTOR('',#2814,1.);
#2814 = DIRECTION('',(-0.,-1.,-0.));
#2815 = PLANE('',#2816);
#2816 = AXIS2_PLACEMENT_3D('',#2817,#2818,#2819);
#2817 = CARTESIAN_POINT('',(1.5,0.4,-0.5));
#2818 = DIRECTION('',(0.,0.,-1.));
#2819 = DIRECTION('',(-1.,0.,-0.));
#2820 = ADVANCED_FACE('',(#2821),#2839,.F.);
#2821 = FACE_BOUND('',#2822,.T.);
#2822 = EDGE_LOOP('',(#2823,#2824,#2825,#2833));
#2823 = ORIENTED_EDGE('',*,*,#2262,.T.);
#2824 = ORIENTED_EDGE('',*,*,#2810,.F.);
#2825 = ORIENTED_EDGE('',*,*,#2826,.F.);
#2826 = EDGE_CURVE('',#2827,#2803,#2829,.T.);
#2827 = VERTEX_POINT('',#2828);
#2828 = CARTESIAN_POINT('',(0.6,0.4,0.2));
#2829 = LINE('',#2830,#2831);
#2830 = CARTESIAN_POINT('',(0.6,0.4,-0.5));
#2831 = VECTOR('',#2832,1.);
#2832 = DIRECTION('',(-0.,-0.,-1.));
#2833 = ORIENTED_EDGE('',*,*,#2834,.T.);
#2834 = EDGE_CURVE('',#2827,#2263,#2835,.T.);
#2835 = LINE('',#2836,#2837);
#2836 = CARTESIAN_POINT('',(0.6,0.4,0.2));
#2837 = VECTOR('',#2838,1.);
#2838 = DIRECTION('',(-0.,-1.,-0.));
#2839 = PLANE('',#2840);
#2840 = AXIS2_PLACEMENT_3D('',#2841,#2842,#2843);
#2841 = CARTESIAN_POINT('',(0.6,0.4,-0.5));
#2842 = DIRECTION('',(-1.,0.,0.));
#2843 = DIRECTION('',(0.,0.,1.));
#2844 = ADVANCED_FACE('',(#2845),#2863,.F.);
#2845 = FACE_BOUND('',#2846,.T.);
#2846 = EDGE_LOOP('',(#2847,#2848,#2849,#2857));
#2847 = ORIENTED_EDGE('',*,*,#2270,.T.);
#2848 = ORIENTED_EDGE('',*,*,#2834,.F.);
#2849 = ORIENTED_EDGE('',*,*,#2850,.F.);
#2850 = EDGE_CURVE('',#2851,#2827,#2853,.T.);
#2851 = VERTEX_POINT('',#2852);
#2852 = CARTESIAN_POINT('',(0.9,0.4,0.5));
#2853 = LINE('',#2854,#2855);
#2854 = CARTESIAN_POINT('',(0.9,0.4,0.5));
#2855 = VECTOR('',#2856,1.);
#2856 = DIRECTION('',(-0.707106781187,0.,-0.707106781187));
#2857 = ORIENTED_EDGE('',*,*,#2858,.T.);
#2858 = EDGE_CURVE('',#2851,#2271,#2859,.T.);
#2859 = LINE('',#2860,#2861);
#2860 = CARTESIAN_POINT('',(0.9,0.4,0.5));
#2861 = VECTOR('',#2862,1.);
#2862 = DIRECTION('',(-0.,-1.,-0.));
#2863 = PLANE('',#2864);
#2864 = AXIS2_PLACEMENT_3D('',#2865,#2866,#2867);
#2865 = CARTESIAN_POINT('',(0.9,0.4,0.5));
#2866 = DIRECTION('',(-0.707106781187,0.,0.707106781187));
#2867 = DIRECTION('',(0.707106781187,0.,0.707106781187));
#2868 = ADVANCED_FACE('',(#2869),#2880,.F.);
#2869 = FACE_BOUND('',#2870,.T.);
#2870 = EDGE_LOOP('',(#2871,#2872,#2873,#2879));
#2871 = ORIENTED_EDGE('',*,*,#2278,.T.);
#2872 = ORIENTED_EDGE('',*,*,#2858,.F.);
#2873 = ORIENTED_EDGE('',*,*,#2874,.F.);
#2874 = EDGE_CURVE('',#2779,#2851,#2875,.T.);
#2875 = LINE('',#2876,#2877);
#2876 = CARTESIAN_POINT('',(1.5,0.4,0.5));
#2877 = VECTOR('',#2878,1.);
#2878 = DIRECTION('',(-1.,0.,0.));
#2879 = ORIENTED_EDGE('',*,*,#2778,.T.);
#2880 = PLANE('',#2881);
#2881 = AXIS2_PLACEMENT_3D('',#2882,#2883,#2884);
#2882 = CARTESIAN_POINT('',(1.5,0.4,0.5));
#2883 = DIRECTION('',(0.,-0.,1.));
#2884 = DIRECTION('',(1.,0.,0.));
#2885 = ADVANCED_FACE('',(#2886),#2895,.T.);
#2886 = FACE_BOUND('',#2887,.T.);
#2887 = EDGE_LOOP('',(#2888,#2889,#2890,#2891,#2892,#2893,#2894));
#2888 = ORIENTED_EDGE('',*,*,#2752,.T.);
#2889 = ORIENTED_EDGE('',*,*,#1679,.T.);
#2890 = ORIENTED_EDGE('',*,*,#2786,.T.);
#2891 = ORIENTED_EDGE('',*,*,#2874,.T.);
#2892 = ORIENTED_EDGE('',*,*,#2850,.T.);
#2893 = ORIENTED_EDGE('',*,*,#2826,.T.);
#2894 = ORIENTED_EDGE('',*,*,#2802,.T.);
#2895 = PLANE('',#2896);
#2896 = AXIS2_PLACEMENT_3D('',#2897,#2898,#2899);
#2897 = CARTESIAN_POINT('',(0.,0.4,0.));
#2898 = DIRECTION('',(0.,-1.,0.));
#2899 = DIRECTION('',(0.,-0.,-1.));
#2900 = MANIFOLD_SOLID_BREP('',#2901);
#2901 = CLOSED_SHELL('',(#2902,#2942,#2973,#3004,#3026,#3038));
#2902 = ADVANCED_FACE('',(#2903),#2937,.F.);
#2903 = FACE_BOUND('',#2904,.T.);
#2904 = EDGE_LOOP('',(#2905,#2915,#2923,#2931));
#2905 = ORIENTED_EDGE('',*,*,#2906,.T.);
#2906 = EDGE_CURVE('',#2907,#2909,#2911,.T.);
#2907 = VERTEX_POINT('',#2908);
#2908 = CARTESIAN_POINT('',(-1.5,0.4,0.5));
#2909 = VERTEX_POINT('',#2910);
#2910 = CARTESIAN_POINT('',(-1.5,0.4,-0.5));
#2911 = LINE('',#2912,#2913);
#2912 = CARTESIAN_POINT('',(-1.5,0.4,0.5));
#2913 = VECTOR('',#2914,1.);
#2914 = DIRECTION('',(0.,0.,-1.));
#2915 = ORIENTED_EDGE('',*,*,#2916,.F.);
#2916 = EDGE_CURVE('',#2917,#2909,#2919,.T.);
#2917 = VERTEX_POINT('',#2918);
#2918 = CARTESIAN_POINT('',(-1.5,0.,-0.5));
#2919 = LINE('',#2920,#2921);
#2920 = CARTESIAN_POINT('',(-1.5,0.,-0.5));
#2921 = VECTOR('',#2922,1.);
#2922 = DIRECTION('',(-0.,1.,-0.));
#2923 = ORIENTED_EDGE('',*,*,#2924,.F.);
#2924 = EDGE_CURVE('',#2925,#2917,#2927,.T.);
#2925 = VERTEX_POINT('',#2926);
#2926 = CARTESIAN_POINT('',(-1.5,0.,0.5));
#2927 = LINE('',#2928,#2929);
#2928 = CARTESIAN_POINT('',(-1.5,0.,0.5));
#2929 = VECTOR('',#2930,1.);
#2930 = DIRECTION('',(0.,0.,-1.));
#2931 = ORIENTED_EDGE('',*,*,#2932,.T.);
#2932 = EDGE_CURVE('',#2925,#2907,#2933,.T.);
#2933 = LINE('',#2934,#2935);
#2934 = CARTESIAN_POINT('',(-1.5,0.,0.5));
#2935 = VECTOR('',#2936,1.);
#2936 = DIRECTION('',(-0.,1.,-0.));
#2937 = PLANE('',#2938);
#2938 = AXIS2_PLACEMENT_3D('',#2939,#2940,#2941);
#2939 = CARTESIAN_POINT('',(-1.5,0.,0.5));
#2940 = DIRECTION('',(1.,0.,0.));
#2941 = DIRECTION('',(0.,0.,-1.));
#2942 = ADVANCED_FACE('',(#2943),#2968,.F.);
#2943 = FACE_BOUND('',#2944,.T.);
#2944 = EDGE_LOOP('',(#2945,#2953,#2961,#2967));
#2945 = ORIENTED_EDGE('',*,*,#2946,.T.);
#2946 = EDGE_CURVE('',#2909,#2947,#2949,.T.);
#2947 = VERTEX_POINT('',#2948);
#2948 = CARTESIAN_POINT('',(-0.6,0.4,-0.5));
#2949 = LINE('',#2950,#2951);
#2950 = CARTESIAN_POINT('',(-1.5,0.4,-0.5));
#2951 = VECTOR('',#2952,1.);
#2952 = DIRECTION('',(1.,0.,0.));
#2953 = ORIENTED_EDGE('',*,*,#2954,.F.);
#2954 = EDGE_CURVE('',#2955,#2947,#2957,.T.);
#2955 = VERTEX_POINT('',#2956);
#2956 = CARTESIAN_POINT('',(-0.6,0.,-0.5));
#2957 = LINE('',#2958,#2959);
#2958 = CARTESIAN_POINT('',(-0.6,0.,-0.5));
#2959 = VECTOR('',#2960,1.);
#2960 = DIRECTION('',(-0.,1.,-0.));
#2961 = ORIENTED_EDGE('',*,*,#2962,.F.);
#2962 = EDGE_CURVE('',#2917,#2955,#2963,.T.);
#2963 = LINE('',#2964,#2965);
#2964 = CARTESIAN_POINT('',(-1.5,0.,-0.5));
#2965 = VECTOR('',#2966,1.);
#2966 = DIRECTION('',(1.,0.,0.));
#2967 = ORIENTED_EDGE('',*,*,#2916,.T.);
#2968 = PLANE('',#2969);
#2969 = AXIS2_PLACEMENT_3D('',#2970,#2971,#2972);
#2970 = CARTESIAN_POINT('',(-1.5,0.,-0.5));
#2971 = DIRECTION('',(-0.,0.,1.));
#2972 = DIRECTION('',(1.,0.,0.));
#2973 = ADVANCED_FACE('',(#2974),#2999,.F.);
#2974 = FACE_BOUND('',#2975,.T.);
#2975 = EDGE_LOOP('',(#2976,#2984,#2992,#2998));
#2976 = ORIENTED_EDGE('',*,*,#2977,.T.);
#2977 = EDGE_CURVE('',#2947,#2978,#2980,.T.);
#2978 = VERTEX_POINT('',#2979);
#2979 = CARTESIAN_POINT('',(-0.6,0.4,0.5));
#2980 = LINE('',#2981,#2982);
#2981 = CARTESIAN_POINT('',(-0.6,0.4,-0.5));
#2982 = VECTOR('',#2983,1.);
#2983 = DIRECTION('',(0.,0.,1.));
#2984 = ORIENTED_EDGE('',*,*,#2985,.F.);
#2985 = EDGE_CURVE('',#2986,#2978,#2988,.T.);
#2986 = VERTEX_POINT('',#2987);
#2987 = CARTESIAN_POINT('',(-0.6,0.,0.5));
#2988 = LINE('',#2989,#2990);
#2989 = CARTESIAN_POINT('',(-0.6,0.,0.5));
#2990 = VECTOR('',#2991,1.);
#2991 = DIRECTION('',(-0.,1.,-0.));
#2992 = ORIENTED_EDGE('',*,*,#2993,.F.);
#2993 = EDGE_CURVE('',#2955,#2986,#2994,.T.);
#2994 = LINE('',#2995,#2996);
#2995 = CARTESIAN_POINT('',(-0.6,0.,-0.5));
#2996 = VECTOR('',#2997,1.);
#2997 = DIRECTION('',(0.,0.,1.));
#2998 = ORIENTED_EDGE('',*,*,#2954,.T.);
#2999 = PLANE('',#3000);
#3000 = AXIS2_PLACEMENT_3D('',#3001,#3002,#3003);
#3001 = CARTESIAN_POINT('',(-0.6,0.,-0.5));
#3002 = DIRECTION('',(-1.,0.,0.));
#3003 = DIRECTION('',(0.,0.,1.));
#3004 = ADVANCED_FACE('',(#3005),#3021,.F.);
#3005 = FACE_BOUND('',#3006,.T.);
#3006 = EDGE_LOOP('',(#3007,#3013,#3014,#3020));
#3007 = ORIENTED_EDGE('',*,*,#3008,.T.);
#3008 = EDGE_CURVE('',#2978,#2907,#3009,.T.);
#3009 = LINE('',#3010,#3011);
#3010 = CARTESIAN_POINT('',(-0.6,0.4,0.5));
#3011 = VECTOR('',#3012,1.);
#3012 = DIRECTION('',(-1.,0.,0.));
#3013 = ORIENTED_EDGE('',*,*,#2932,.F.);
#3014 = ORIENTED_EDGE('',*,*,#3015,.F.);
#3015 = EDGE_CURVE('',#2986,#2925,#3016,.T.);
#3016 = LINE('',#3017,#3018);
#3017 = CARTESIAN_POINT('',(-0.6,0.,0.5));
#3018 = VECTOR('',#3019,1.);
#3019 = DIRECTION('',(-1.,0.,0.));
#3020 = ORIENTED_EDGE('',*,*,#2985,.T.);
#3021 = PLANE('',#3022);
#3022 = AXIS2_PLACEMENT_3D('',#3023,#3024,#3025);
#3023 = CARTESIAN_POINT('',(-0.6,0.,0.5));
#3024 = DIRECTION('',(-0.,0.,-1.));
#3025 = DIRECTION('',(-1.,0.,0.));
#3026 = ADVANCED_FACE('',(#3027),#3033,.T.);
#3027 = FACE_BOUND('',#3028,.T.);
#3028 = EDGE_LOOP('',(#3029,#3030,#3031,#3032));
#3029 = ORIENTED_EDGE('',*,*,#2924,.T.);
#3030 = ORIENTED_EDGE('',*,*,#2962,.T.);
#3031 = ORIENTED_EDGE('',*,*,#2993,.T.);
#3032 = ORIENTED_EDGE('',*,*,#3015,.T.);
#3033 = PLANE('',#3034);
#3034 = AXIS2_PLACEMENT_3D('',#3035,#3036,#3037);
#3035 = CARTESIAN_POINT('',(0.,0.,0.));
#3036 = DIRECTION('',(0.,-1.,0.));
#3037 = DIRECTION('',(0.,-0.,-1.));
#3038 = ADVANCED_FACE('',(#3039),#3045,.F.);
#3039 = FACE_BOUND('',#3040,.T.);
#3040 = EDGE_LOOP('',(#3041,#3042,#3043,#3044));
#3041 = ORIENTED_EDGE('',*,*,#2906,.F.);
#3042 = ORIENTED_EDGE('',*,*,#3008,.F.);
#3043 = ORIENTED_EDGE('',*,*,#2977,.F.);
#3044 = ORIENTED_EDGE('',*,*,#2946,.F.);
#3045 = PLANE('',#3046);
#3046 = AXIS2_PLACEMENT_3D('',#3047,#3048,#3049);
#3047 = CARTESIAN_POINT('',(0.,0.4,0.));
#3048 = DIRECTION('',(0.,-1.,0.));
#3049 = DIRECTION('',(0.,-0.,-1.));
#3050 = MANIFOLD_SOLID_BREP('',#3051);
#3051 = CLOSED_SHELL('',(#3052,#3092,#3123,#3154,#3185,#3207,#3220));
#3052 = ADVANCED_FACE('',(#3053),#3087,.F.);
#3053 = FACE_BOUND('',#3054,.T.);
#3054 = EDGE_LOOP('',(#3055,#3065,#3073,#3081));
#3055 = ORIENTED_EDGE('',*,*,#3056,.T.);
#3056 = EDGE_CURVE('',#3057,#3059,#3061,.T.);
#3057 = VERTEX_POINT('',#3058);
#3058 = CARTESIAN_POINT('',(1.5,0.4,-0.5));
#3059 = VERTEX_POINT('',#3060);
#3060 = CARTESIAN_POINT('',(1.5,0.4,0.5));
#3061 = LINE('',#3062,#3063);
#3062 = CARTESIAN_POINT('',(1.5,0.4,-0.5));
#3063 = VECTOR('',#3064,1.);
#3064 = DIRECTION('',(0.,0.,1.));
#3065 = ORIENTED_EDGE('',*,*,#3066,.F.);
#3066 = EDGE_CURVE('',#3067,#3059,#3069,.T.);
#3067 = VERTEX_POINT('',#3068);
#3068 = CARTESIAN_POINT('',(1.5,0.,0.5));
#3069 = LINE('',#3070,#3071);
#3070 = CARTESIAN_POINT('',(1.5,0.,0.5));
#3071 = VECTOR('',#3072,1.);
#3072 = DIRECTION('',(-0.,1.,-0.));
#3073 = ORIENTED_EDGE('',*,*,#3074,.F.);
#3074 = EDGE_CURVE('',#3075,#3067,#3077,.T.);
#3075 = VERTEX_POINT('',#3076);
#3076 = CARTESIAN_POINT('',(1.5,0.,-0.5));
#3077 = LINE('',#3078,#3079);
#3078 = CARTESIAN_POINT('',(1.5,0.,-0.5));
#3079 = VECTOR('',#3080,1.);
#3080 = DIRECTION('',(0.,0.,1.));
#3081 = ORIENTED_EDGE('',*,*,#3082,.T.);
#3082 = EDGE_CURVE('',#3075,#3057,#3083,.T.);
#3083 = LINE('',#3084,#3085);
#3084 = CARTESIAN_POINT('',(1.5,0.,-0.5));
#3085 = VECTOR('',#3086,1.);
#3086 = DIRECTION('',(-0.,1.,-0.));
#3087 = PLANE('',#3088);
#3088 = AXIS2_PLACEMENT_3D('',#3089,#3090,#3091);
#3089 = CARTESIAN_POINT('',(1.5,0.,-0.5));
#3090 = DIRECTION('',(-1.,0.,0.));
#3091 = DIRECTION('',(0.,0.,1.));
#3092 = ADVANCED_FACE('',(#3093),#3118,.F.);
#3093 = FACE_BOUND('',#3094,.T.);
#3094 = EDGE_LOOP('',(#3095,#3103,#3111,#3117));
#3095 = ORIENTED_EDGE('',*,*,#3096,.T.);
#3096 = EDGE_CURVE('',#3059,#3097,#3099,.T.);
#3097 = VERTEX_POINT('',#3098);
#3098 = CARTESIAN_POINT('',(0.9,0.4,0.5));
#3099 = LINE('',#3100,#3101);
#3100 = CARTESIAN_POINT('',(1.5,0.4,0.5));
#3101 = VECTOR('',#3102,1.);
#3102 = DIRECTION('',(-1.,0.,0.));
#3103 = ORIENTED_EDGE('',*,*,#3104,.F.);
#3104 = EDGE_CURVE('',#3105,#3097,#3107,.T.);
#3105 = VERTEX_POINT('',#3106);
#3106 = CARTESIAN_POINT('',(0.9,0.,0.5));
#3107 = LINE('',#3108,#3109);
#3108 = CARTESIAN_POINT('',(0.9,0.,0.5));
#3109 = VECTOR('',#3110,1.);
#3110 = DIRECTION('',(-0.,1.,-0.));
#3111 = ORIENTED_EDGE('',*,*,#3112,.F.);
#3112 = EDGE_CURVE('',#3067,#3105,#3113,.T.);
#3113 = LINE('',#3114,#3115);
#3114 = CARTESIAN_POINT('',(1.5,0.,0.5));
#3115 = VECTOR('',#3116,1.);
#3116 = DIRECTION('',(-1.,0.,0.));
#3117 = ORIENTED_EDGE('',*,*,#3066,.T.);
#3118 = PLANE('',#3119);
#3119 = AXIS2_PLACEMENT_3D('',#3120,#3121,#3122);
#3120 = CARTESIAN_POINT('',(1.5,0.,0.5));
#3121 = DIRECTION('',(-0.,0.,-1.));
#3122 = DIRECTION('',(-1.,0.,0.));
#3123 = ADVANCED_FACE('',(#3124),#3149,.F.);
#3124 = FACE_BOUND('',#3125,.T.);
#3125 = EDGE_LOOP('',(#3126,#3134,#3142,#3148));
#3126 = ORIENTED_EDGE('',*,*,#3127,.T.);
#3127 = EDGE_CURVE('',#3097,#3128,#3130,.T.);
#3128 = VERTEX_POINT('',#3129);
#3129 = CARTESIAN_POINT('',(0.6,0.4,0.2));
#3130 = LINE('',#3131,#3132);
#3131 = CARTESIAN_POINT('',(0.9,0.4,0.5));
#3132 = VECTOR('',#3133,1.);
#3133 = DIRECTION('',(-0.707106781187,0.,-0.707106781187));
#3134 = ORIENTED_EDGE('',*,*,#3135,.F.);
#3135 = EDGE_CURVE('',#3136,#3128,#3138,.T.);
#3136 = VERTEX_POINT('',#3137);
#3137 = CARTESIAN_POINT('',(0.6,0.,0.2));
#3138 = LINE('',#3139,#3140);
#3139 = CARTESIAN_POINT('',(0.6,0.,0.2));
#3140 = VECTOR('',#3141,1.);
#3141 = DIRECTION('',(-0.,1.,-0.));
#3142 = ORIENTED_EDGE('',*,*,#3143,.F.);
#3143 = EDGE_CURVE('',#3105,#3136,#3144,.T.);
#3144 = LINE('',#3145,#3146);
#3145 = CARTESIAN_POINT('',(0.9,0.,0.5));
#3146 = VECTOR('',#3147,1.);
#3147 = DIRECTION('',(-0.707106781187,0.,-0.707106781187));
#3148 = ORIENTED_EDGE('',*,*,#3104,.T.);
#3149 = PLANE('',#3150);
#3150 = AXIS2_PLACEMENT_3D('',#3151,#3152,#3153);
#3151 = CARTESIAN_POINT('',(0.9,0.,0.5));
#3152 = DIRECTION('',(0.707106781187,0.,-0.707106781187));
#3153 = DIRECTION('',(-0.707106781187,0.,-0.707106781187));
#3154 = ADVANCED_FACE('',(#3155),#3180,.F.);
#3155 = FACE_BOUND('',#3156,.T.);
#3156 = EDGE_LOOP('',(#3157,#3165,#3173,#3179));
#3157 = ORIENTED_EDGE('',*,*,#3158,.T.);
#3158 = EDGE_CURVE('',#3128,#3159,#3161,.T.);
#3159 = VERTEX_POINT('',#3160);
#3160 = CARTESIAN_POINT('',(0.6,0.4,-0.5));
#3161 = LINE('',#3162,#3163);
#3162 = CARTESIAN_POINT('',(0.6,0.4,0.2));
#3163 = VECTOR('',#3164,1.);
#3164 = DIRECTION('',(0.,0.,-1.));
#3165 = ORIENTED_EDGE('',*,*,#3166,.F.);
#3166 = EDGE_CURVE('',#3167,#3159,#3169,.T.);
#3167 = VERTEX_POINT('',#3168);
#3168 = CARTESIAN_POINT('',(0.6,0.,-0.5));
#3169 = LINE('',#3170,#3171);
#3170 = CARTESIAN_POINT('',(0.6,0.,-0.5));
#3171 = VECTOR('',#3172,1.);
#3172 = DIRECTION('',(-0.,1.,-0.));
#3173 = ORIENTED_EDGE('',*,*,#3174,.F.);
#3174 = EDGE_CURVE('',#3136,#3167,#3175,.T.);
#3175 = LINE('',#3176,#3177);
#3176 = CARTESIAN_POINT('',(0.6,0.,0.2));
#3177 = VECTOR('',#3178,1.);
#3178 = DIRECTION('',(0.,0.,-1.));
#3179 = ORIENTED_EDGE('',*,*,#3135,.T.);
#3180 = PLANE('',#3181);
#3181 = AXIS2_PLACEMENT_3D('',#3182,#3183,#3184);
#3182 = CARTESIAN_POINT('',(0.6,0.,0.2));
#3183 = DIRECTION('',(1.,0.,0.));
#3184 = DIRECTION('',(0.,0.,-1.));
#3185 = ADVANCED_FACE('',(#3186),#3202,.F.);
#3186 = FACE_BOUND('',#3187,.T.);
#3187 = EDGE_LOOP('',(#3188,#3194,#3195,#3201));
#3188 = ORIENTED_EDGE('',*,*,#3189,.T.);
#3189 = EDGE_CURVE('',#3159,#3057,#3190,.T.);
#3190 = LINE('',#3191,#3192);
#3191 = CARTESIAN_POINT('',(0.6,0.4,-0.5));
#3192 = VECTOR('',#3193,1.);
#3193 = DIRECTION('',(1.,0.,0.));
#3194 = ORIENTED_EDGE('',*,*,#3082,.F.);
#3195 = ORIENTED_EDGE('',*,*,#3196,.F.);
#3196 = EDGE_CURVE('',#3167,#3075,#3197,.T.);
#3197 = LINE('',#3198,#3199);
#3198 = CARTESIAN_POINT('',(0.6,0.,-0.5));
#3199 = VECTOR('',#3200,1.);
#3200 = DIRECTION('',(1.,0.,0.));
#3201 = ORIENTED_EDGE('',*,*,#3166,.T.);
#3202 = PLANE('',#3203);
#3203 = AXIS2_PLACEMENT_3D('',#3204,#3205,#3206);
#3204 = CARTESIAN_POINT('',(0.6,0.,-0.5));
#3205 = DIRECTION('',(-0.,0.,1.));
#3206 = DIRECTION('',(1.,0.,0.));
#3207 = ADVANCED_FACE('',(#3208),#3215,.T.);
#3208 = FACE_BOUND('',#3209,.T.);
#3209 = EDGE_LOOP('',(#3210,#3211,#3212,#3213,#3214));
#3210 = ORIENTED_EDGE('',*,*,#3074,.T.);
#3211 = ORIENTED_EDGE('',*,*,#3112,.T.);
#3212 = ORIENTED_EDGE('',*,*,#3143,.T.);
#3213 = ORIENTED_EDGE('',*,*,#3174,.T.);
#3214 = ORIENTED_EDGE('',*,*,#3196,.T.);
#3215 = PLANE('',#3216);
#3216 = AXIS2_PLACEMENT_3D('',#3217,#3218,#3219);
#3217 = CARTESIAN_POINT('',(0.,0.,0.));
#3218 = DIRECTION('',(0.,-1.,0.));
#3219 = DIRECTION('',(0.,-0.,-1.));
#3220 = ADVANCED_FACE('',(#3221),#3228,.F.);
#3221 = FACE_BOUND('',#3222,.T.);
#3222 = EDGE_LOOP('',(#3223,#3224,#3225,#3226,#3227));
#3223 = ORIENTED_EDGE('',*,*,#3056,.F.);
#3224 = ORIENTED_EDGE('',*,*,#3189,.F.);
#3225 = ORIENTED_EDGE('',*,*,#3158,.F.);
#3226 = ORIENTED_EDGE('',*,*,#3127,.F.);
#3227 = ORIENTED_EDGE('',*,*,#3096,.F.);
#3228 = PLANE('',#3229);
#3229 = AXIS2_PLACEMENT_3D('',#3230,#3231,#3232);
#3230 = CARTESIAN_POINT('',(0.,0.4,0.));
#3231 = DIRECTION('',(0.,-1.,0.));
#3232 = DIRECTION('',(0.,-0.,-1.));
#3233 = ( GEOMETRIC_REPRESENTATION_CONTEXT(3) 
GLOBAL_UNCERTAINTY_ASSIGNED_CONTEXT((#3237)) 
GLOBAL_UNIT_ASSIGNED_CONTEXT((#3234,#3235,#3236)) REPRESENTATION_CONTEXT
('Context #1','3D Context with UNIT and UNCERTAINTY') );
#3234 = ( LENGTH_UNIT() NAMED_UNIT(*) SI_UNIT(.MILLI.,.METRE.) );
#3235 = ( NAMED_UNIT(*) PLANE_ANGLE_UNIT() SI_UNIT($,.RADIAN.) );
#3236 = ( NAMED_UNIT(*) SI_UNIT($,.STERADIAN.) SOLID_ANGLE_UNIT() );
#3237 = UNCERTAINTY_MEASURE_WITH_UNIT(LENGTH_MEASURE(1.E-07),#3234,
  'distance_accuracy_value','confusion accuracy');
#3238 = SHAPE_DEFINITION_REPRESENTATION(#3239,#612);
#3239 = PRODUCT_DEFINITION_SHAPE('','',#3240);
#3240 = PRODUCT_DEFINITION('design','',#3241,#3244);
#3241 = PRODUCT_DEFINITION_FORMATION('','',#3242);
#3242 = PRODUCT('CPH3225A--3DModel-STEP-56544',
  'CPH3225A--3DModel-STEP-56544','',(#3243));
#3243 = PRODUCT_CONTEXT('',#2,'mechanical');
#3244 = PRODUCT_DEFINITION_CONTEXT('part definition',#2,'design');
#3245 = CONTEXT_DEPENDENT_SHAPE_REPRESENTATION(#3246,#3248);
#3246 = ( REPRESENTATION_RELATIONSHIP('','',#612,#602) 
REPRESENTATION_RELATIONSHIP_WITH_TRANSFORMATION(#3247) 
SHAPE_REPRESENTATION_RELATIONSHIP() );
#3247 = ITEM_DEFINED_TRANSFORMATION('','',#11,#603);
#3248 = PRODUCT_DEFINITION_SHAPE('Placement','Placement of an item',
  #3249);
#3249 = NEXT_ASSEMBLY_USAGE_OCCURRENCE('279','','',#597,#3240,$);
#3250 = PRODUCT_RELATED_PRODUCT_CATEGORY('part',$,(#3242));
#3251 = CONTEXT_DEPENDENT_SHAPE_REPRESENTATION(#3252,#3254);
#3252 = ( REPRESENTATION_RELATIONSHIP('','',#602,#10) 
REPRESENTATION_RELATIONSHIP_WITH_TRANSFORMATION(#3253) 
SHAPE_REPRESENTATION_RELATIONSHIP() );
#3253 = ITEM_DEFINED_TRANSFORMATION('','',#11,#19);
#3254 = PRODUCT_DEFINITION_SHAPE('Placement','Placement of an item',
  #3255);
#3255 = NEXT_ASSEMBLY_USAGE_OCCURRENCE('280','','',#5,#597,$);
#3256 = PRODUCT_RELATED_PRODUCT_CATEGORY('part',$,(#599));
#3257 = SHAPE_DEFINITION_REPRESENTATION(#3258,#3264);
#3258 = PRODUCT_DEFINITION_SHAPE('','',#3259);
#3259 = PRODUCT_DEFINITION('design','',#3260,#3263);
#3260 = PRODUCT_DEFINITION_FORMATION('','',#3261);
#3261 = PRODUCT('C4','C4','',(#3262));
#3262 = PRODUCT_CONTEXT('',#2,'mechanical');
#3263 = PRODUCT_DEFINITION_CONTEXT('part definition',#2,'design');
#3264 = SHAPE_REPRESENTATION('',(#11,#3265),#3269);
#3265 = AXIS2_PLACEMENT_3D('',#3266,#3267,#3268);
#3266 = CARTESIAN_POINT('',(-13.22499995422,7.500038146973E-02,0.));
#3267 = DIRECTION('',(-1.,-1.19248806385E-08,-4.371140912996E-08));
#3268 = DIRECTION('',(1.19248806385E-08,-1.,1.381291085557E-31));
#3269 = ( GEOMETRIC_REPRESENTATION_CONTEXT(3) 
GLOBAL_UNCERTAINTY_ASSIGNED_CONTEXT((#3273)) 
GLOBAL_UNIT_ASSIGNED_CONTEXT((#3270,#3271,#3272)) REPRESENTATION_CONTEXT
('Context #1','3D Context with UNIT and UNCERTAINTY') );
#3270 = ( LENGTH_UNIT() NAMED_UNIT(*) SI_UNIT(.MILLI.,.METRE.) );
#3271 = ( NAMED_UNIT(*) PLANE_ANGLE_UNIT() SI_UNIT($,.RADIAN.) );
#3272 = ( NAMED_UNIT(*) SI_UNIT($,.STERADIAN.) SOLID_ANGLE_UNIT() );
#3273 = UNCERTAINTY_MEASURE_WITH_UNIT(LENGTH_MEASURE(1.E-07),#3270,
  'distance_accuracy_value','confusion accuracy');
#3274 = CONTEXT_DEPENDENT_SHAPE_REPRESENTATION(#3275,#3277);
#3275 = ( REPRESENTATION_RELATIONSHIP('','',#612,#3264) 
REPRESENTATION_RELATIONSHIP_WITH_TRANSFORMATION(#3276) 
SHAPE_REPRESENTATION_RELATIONSHIP() );
#3276 = ITEM_DEFINED_TRANSFORMATION('','',#11,#3265);
#3277 = PRODUCT_DEFINITION_SHAPE('Placement','Placement of an item',
  #3278);
#3278 = NEXT_ASSEMBLY_USAGE_OCCURRENCE('281','','',#3259,#3240,$);
#3279 = CONTEXT_DEPENDENT_SHAPE_REPRESENTATION(#3280,#3282);
#3280 = ( REPRESENTATION_RELATIONSHIP('','',#3264,#10) 
REPRESENTATION_RELATIONSHIP_WITH_TRANSFORMATION(#3281) 
SHAPE_REPRESENTATION_RELATIONSHIP() );
#3281 = ITEM_DEFINED_TRANSFORMATION('','',#11,#23);
#3282 = PRODUCT_DEFINITION_SHAPE('Placement','Placement of an item',
  #3283);
#3283 = NEXT_ASSEMBLY_USAGE_OCCURRENCE('282','','',#5,#3259,$);
#3284 = PRODUCT_RELATED_PRODUCT_CATEGORY('part',$,(#3261));
#3285 = SHAPE_DEFINITION_REPRESENTATION(#3286,#3292);
#3286 = PRODUCT_DEFINITION_SHAPE('','',#3287);
#3287 = PRODUCT_DEFINITION('design','',#3288,#3291);
#3288 = PRODUCT_DEFINITION_FORMATION('','',#3289);
#3289 = PRODUCT('U2','U2','',(#3290));
#3290 = PRODUCT_CONTEXT('',#2,'mechanical');
#3291 = PRODUCT_DEFINITION_CONTEXT('part definition',#2,'design');
#3292 = SHAPE_REPRESENTATION('',(#11,#3293),#3297);
#3293 = AXIS2_PLACEMENT_3D('',#3294,#3295,#3296);
#3294 = CARTESIAN_POINT('',(-6.749999572754,-3.814697251414E-07,0.));
#3295 = DIRECTION('',(-0.,0.,1.));
#3296 = DIRECTION('',(1.19248806385E-08,-1.,0.));
#3297 = ( GEOMETRIC_REPRESENTATION_CONTEXT(3) 
GLOBAL_UNCERTAINTY_ASSIGNED_CONTEXT((#3301)) 
GLOBAL_UNIT_ASSIGNED_CONTEXT((#3298,#3299,#3300)) REPRESENTATION_CONTEXT
('Context #1','3D Context with UNIT and UNCERTAINTY') );
#3298 = ( LENGTH_UNIT() NAMED_UNIT(*) SI_UNIT(.MILLI.,.METRE.) );
#3299 = ( NAMED_UNIT(*) PLANE_ANGLE_UNIT() SI_UNIT($,.RADIAN.) );
#3300 = ( NAMED_UNIT(*) SI_UNIT($,.STERADIAN.) SOLID_ANGLE_UNIT() );
#3301 = UNCERTAINTY_MEASURE_WITH_UNIT(LENGTH_MEASURE(1.E-05),#3298,
  'distance_accuracy_value','confusion accuracy');
#3302 = SHAPE_DEFINITION_REPRESENTATION(#3303,#3309);
#3303 = PRODUCT_DEFINITION_SHAPE('','',#3304);
#3304 = PRODUCT_DEFINITION('design','',#3305,#3308);
#3305 = PRODUCT_DEFINITION_FORMATION('','',#3306);
#3306 = PRODUCT('IC_STMicroelectronics_AIS2DW12TR_eec',
  'IC_STMicroelectronics_AIS2DW12TR_eec','',(#3307));
#3307 = PRODUCT_CONTEXT('',#2,'mechanical');
#3308 = PRODUCT_DEFINITION_CONTEXT('part definition',#2,'design');
#3309 = SHAPE_REPRESENTATION('',(#11,#3310,#3314,#3318,#3322),#3326);
#3310 = AXIS2_PLACEMENT_3D('',#3311,#3312,#3313);
#3311 = CARTESIAN_POINT('',(0.,0.,0.));
#3312 = DIRECTION('',(0.,0.,1.));
#3313 = DIRECTION('',(1.,0.,0.));
#3314 = AXIS2_PLACEMENT_3D('',#3315,#3316,#3317);
#3315 = CARTESIAN_POINT('',(0.,0.,0.2));
#3316 = DIRECTION('',(0.,0.,1.));
#3317 = DIRECTION('',(1.,0.,0.));
#3318 = AXIS2_PLACEMENT_3D('',#3319,#3320,#3321);
#3319 = CARTESIAN_POINT('',(0.,0.,1.));
#3320 = DIRECTION('',(0.,0.,1.));
#3321 = DIRECTION('',(1.,0.,0.));
#3322 = AXIS2_PLACEMENT_3D('',#3323,#3324,#3325);
#3323 = CARTESIAN_POINT('',(0.,0.,0.));
#3324 = DIRECTION('',(0.,0.,1.));
#3325 = DIRECTION('',(1.,0.,0.));
#3326 = ( GEOMETRIC_REPRESENTATION_CONTEXT(3) 
GLOBAL_UNCERTAINTY_ASSIGNED_CONTEXT((#3330)) 
GLOBAL_UNIT_ASSIGNED_CONTEXT((#3327,#3328,#3329)) REPRESENTATION_CONTEXT
('Context #1','3D Context with UNIT and UNCERTAINTY') );
#3327 = ( LENGTH_UNIT() NAMED_UNIT(*) SI_UNIT(.MILLI.,.METRE.) );
#3328 = ( NAMED_UNIT(*) PLANE_ANGLE_UNIT() SI_UNIT($,.RADIAN.) );
#3329 = ( NAMED_UNIT(*) SI_UNIT($,.STERADIAN.) SOLID_ANGLE_UNIT() );
#3330 = UNCERTAINTY_MEASURE_WITH_UNIT(LENGTH_MEASURE(1.E-05),#3327,
  'distance_accuracy_value','confusion accuracy');
#3331 = ADVANCED_BREP_SHAPE_REPRESENTATION('',(#11,#3332),#5239);
#3332 = MANIFOLD_SOLID_BREP('',#3333);
#3333 = CLOSED_SHELL('',(#3334,#3374,#3405,#3445,#3467,#3485,#3525,#3565
    ,#3587,#3604,#3644,#3675,#3706,#3723,#3763,#3794,#3825,#3842,#3882,
    #3913,#3944,#3961,#4001,#4032,#4063,#4080,#4120,#4151,#4182,#4199,
    #4239,#4270,#4301,#4318,#4358,#4389,#4420,#4437,#4477,#4517,#4539,
    #4556,#4596,#4627,#4658,#4675,#4715,#4746,#4777,#4794,#4870,#4946,
    #4979,#5098,#5123,#5155,#5173,#5198,#5223));
#3334 = ADVANCED_FACE('',(#3335),#3369,.T.);
#3335 = FACE_BOUND('',#3336,.T.);
#3336 = EDGE_LOOP('',(#3337,#3347,#3355,#3363));
#3337 = ORIENTED_EDGE('',*,*,#3338,.F.);
#3338 = EDGE_CURVE('',#3339,#3341,#3343,.T.);
#3339 = VERTEX_POINT('',#3340);
#3340 = CARTESIAN_POINT('',(-0.6,0.708333333333,5.E-02));
#3341 = VERTEX_POINT('',#3342);
#3342 = CARTESIAN_POINT('',(-0.683333333333,0.625,5.E-02));
#3343 = LINE('',#3344,#3345);
#3344 = CARTESIAN_POINT('',(-0.660416666667,0.647916666667,5.E-02));
#3345 = VECTOR('',#3346,1.);
#3346 = DIRECTION('',(-0.707106781187,-0.707106781187,0.));
#3347 = ORIENTED_EDGE('',*,*,#3348,.T.);
#3348 = EDGE_CURVE('',#3339,#3349,#3351,.T.);
#3349 = VERTEX_POINT('',#3350);
#3350 = CARTESIAN_POINT('',(-0.6,0.708333333333,0.));
#3351 = LINE('',#3352,#3353);
#3352 = CARTESIAN_POINT('',(-0.6,0.708333333333,0.));
#3353 = VECTOR('',#3354,1.);
#3354 = DIRECTION('',(0.,0.,-1.));
#3355 = ORIENTED_EDGE('',*,*,#3356,.T.);
#3356 = EDGE_CURVE('',#3349,#3357,#3359,.T.);
#3357 = VERTEX_POINT('',#3358);
#3358 = CARTESIAN_POINT('',(-0.683333333333,0.625,0.));
#3359 = LINE('',#3360,#3361);
#3360 = CARTESIAN_POINT('',(-0.647916666667,0.660416666667,0.));
#3361 = VECTOR('',#3362,1.);
#3362 = DIRECTION('',(-0.707106781187,-0.707106781187,0.));
#3363 = ORIENTED_EDGE('',*,*,#3364,.T.);
#3364 = EDGE_CURVE('',#3357,#3341,#3365,.T.);
#3365 = LINE('',#3366,#3367);
#3366 = CARTESIAN_POINT('',(-0.683333333333,0.625,0.));
#3367 = VECTOR('',#3368,1.);
#3368 = DIRECTION('',(0.,0.,1.));
#3369 = PLANE('',#3370);
#3370 = AXIS2_PLACEMENT_3D('',#3371,#3372,#3373);
#3371 = CARTESIAN_POINT('',(-0.641666666667,0.666666666667,0.));
#3372 = DIRECTION('',(-0.707106781187,0.707106781187,0.));
#3373 = DIRECTION('',(0.,0.,1.));
#3374 = ADVANCED_FACE('',(#3375),#3400,.F.);
#3375 = FACE_BOUND('',#3376,.T.);
#3376 = EDGE_LOOP('',(#3377,#3378,#3386,#3394));
#3377 = ORIENTED_EDGE('',*,*,#3364,.F.);
#3378 = ORIENTED_EDGE('',*,*,#3379,.F.);
#3379 = EDGE_CURVE('',#3380,#3357,#3382,.T.);
#3380 = VERTEX_POINT('',#3381);
#3381 = CARTESIAN_POINT('',(-1.,0.625,0.));
#3382 = LINE('',#3383,#3384);
#3383 = CARTESIAN_POINT('',(-0.5,0.625,0.));
#3384 = VECTOR('',#3385,1.);
#3385 = DIRECTION('',(1.,0.,0.));
#3386 = ORIENTED_EDGE('',*,*,#3387,.F.);
#3387 = EDGE_CURVE('',#3388,#3380,#3390,.T.);
#3388 = VERTEX_POINT('',#3389);
#3389 = CARTESIAN_POINT('',(-1.,0.625,5.E-02));
#3390 = LINE('',#3391,#3392);
#3391 = CARTESIAN_POINT('',(-1.,0.625,0.));
#3392 = VECTOR('',#3393,1.);
#3393 = DIRECTION('',(0.,0.,-1.));
#3394 = ORIENTED_EDGE('',*,*,#3395,.T.);
#3395 = EDGE_CURVE('',#3388,#3341,#3396,.T.);
#3396 = LINE('',#3397,#3398);
#3397 = CARTESIAN_POINT('',(-1.,0.625,5.E-02));
#3398 = VECTOR('',#3399,1.);
#3399 = DIRECTION('',(1.,0.,0.));
#3400 = PLANE('',#3401);
#3401 = AXIS2_PLACEMENT_3D('',#3402,#3403,#3404);
#3402 = CARTESIAN_POINT('',(-1.,0.625,0.));
#3403 = DIRECTION('',(0.,-1.,0.));
#3404 = DIRECTION('',(1.,0.,0.));
#3405 = ADVANCED_FACE('',(#3406),#3440,.F.);
#3406 = FACE_BOUND('',#3407,.T.);
#3407 = EDGE_LOOP('',(#3408,#3418,#3426,#3434));
#3408 = ORIENTED_EDGE('',*,*,#3409,.F.);
#3409 = EDGE_CURVE('',#3410,#3412,#3414,.T.);
#3410 = VERTEX_POINT('',#3411);
#3411 = CARTESIAN_POINT('',(-0.6,0.875,0.));
#3412 = VERTEX_POINT('',#3413);
#3413 = CARTESIAN_POINT('',(-1.,0.875,0.));
#3414 = LINE('',#3415,#3416);
#3415 = CARTESIAN_POINT('',(-0.3,0.875,0.));
#3416 = VECTOR('',#3417,1.);
#3417 = DIRECTION('',(-1.,0.,0.));
#3418 = ORIENTED_EDGE('',*,*,#3419,.T.);
#3419 = EDGE_CURVE('',#3410,#3420,#3422,.T.);
#3420 = VERTEX_POINT('',#3421);
#3421 = CARTESIAN_POINT('',(-0.6,0.875,5.E-02));
#3422 = LINE('',#3423,#3424);
#3423 = CARTESIAN_POINT('',(-0.6,0.875,0.));
#3424 = VECTOR('',#3425,1.);
#3425 = DIRECTION('',(0.,0.,1.));
#3426 = ORIENTED_EDGE('',*,*,#3427,.T.);
#3427 = EDGE_CURVE('',#3420,#3428,#3430,.T.);
#3428 = VERTEX_POINT('',#3429);
#3429 = CARTESIAN_POINT('',(-1.,0.875,5.E-02));
#3430 = LINE('',#3431,#3432);
#3431 = CARTESIAN_POINT('',(-0.6,0.875,5.E-02));
#3432 = VECTOR('',#3433,1.);
#3433 = DIRECTION('',(-1.,0.,0.));
#3434 = ORIENTED_EDGE('',*,*,#3435,.F.);
#3435 = EDGE_CURVE('',#3412,#3428,#3436,.T.);
#3436 = LINE('',#3437,#3438);
#3437 = CARTESIAN_POINT('',(-1.,0.875,0.));
#3438 = VECTOR('',#3439,1.);
#3439 = DIRECTION('',(0.,0.,1.));
#3440 = PLANE('',#3441);
#3441 = AXIS2_PLACEMENT_3D('',#3442,#3443,#3444);
#3442 = CARTESIAN_POINT('',(-0.6,0.875,0.));
#3443 = DIRECTION('',(0.,1.,0.));
#3444 = DIRECTION('',(-1.,0.,0.));
#3445 = ADVANCED_FACE('',(#3446),#3462,.F.);
#3446 = FACE_BOUND('',#3447,.T.);
#3447 = EDGE_LOOP('',(#3448,#3449,#3455,#3456));
#3448 = ORIENTED_EDGE('',*,*,#3348,.F.);
#3449 = ORIENTED_EDGE('',*,*,#3450,.T.);
#3450 = EDGE_CURVE('',#3339,#3420,#3451,.T.);
#3451 = LINE('',#3452,#3453);
#3452 = CARTESIAN_POINT('',(-0.6,0.625,5.E-02));
#3453 = VECTOR('',#3454,1.);
#3454 = DIRECTION('',(2.775557561563E-16,1.,0.));
#3455 = ORIENTED_EDGE('',*,*,#3419,.F.);
#3456 = ORIENTED_EDGE('',*,*,#3457,.F.);
#3457 = EDGE_CURVE('',#3349,#3410,#3458,.T.);
#3458 = LINE('',#3459,#3460);
#3459 = CARTESIAN_POINT('',(-0.6,0.3125,0.));
#3460 = VECTOR('',#3461,1.);
#3461 = DIRECTION('',(2.775557561563E-16,1.,0.));
#3462 = PLANE('',#3463);
#3463 = AXIS2_PLACEMENT_3D('',#3464,#3465,#3466);
#3464 = CARTESIAN_POINT('',(-0.6,0.625,0.));
#3465 = DIRECTION('',(1.,-2.775557561563E-16,0.));
#3466 = DIRECTION('',(2.775557561563E-16,1.,0.));
#3467 = ADVANCED_FACE('',(#3468),#3480,.F.);
#3468 = FACE_BOUND('',#3469,.T.);
#3469 = EDGE_LOOP('',(#3470,#3471,#3472,#3478,#3479));
#3470 = ORIENTED_EDGE('',*,*,#3338,.T.);
#3471 = ORIENTED_EDGE('',*,*,#3395,.F.);
#3472 = ORIENTED_EDGE('',*,*,#3473,.F.);
#3473 = EDGE_CURVE('',#3428,#3388,#3474,.T.);
#3474 = LINE('',#3475,#3476);
#3475 = CARTESIAN_POINT('',(-1.,0.875,5.E-02));
#3476 = VECTOR('',#3477,1.);
#3477 = DIRECTION('',(3.469446951954E-16,-1.,0.));
#3478 = ORIENTED_EDGE('',*,*,#3427,.F.);
#3479 = ORIENTED_EDGE('',*,*,#3450,.F.);
#3480 = PLANE('',#3481);
#3481 = AXIS2_PLACEMENT_3D('',#3482,#3483,#3484);
#3482 = CARTESIAN_POINT('',(-0.8,0.75,5.E-02));
#3483 = DIRECTION('',(0.,0.,1.));
#3484 = DIRECTION('',(1.,0.,-0.));
#3485 = ADVANCED_FACE('',(#3486),#3520,.F.);
#3486 = FACE_BOUND('',#3487,.T.);
#3487 = EDGE_LOOP('',(#3488,#3498,#3506,#3514));
#3488 = ORIENTED_EDGE('',*,*,#3489,.F.);
#3489 = EDGE_CURVE('',#3490,#3492,#3494,.T.);
#3490 = VERTEX_POINT('',#3491);
#3491 = CARTESIAN_POINT('',(1.,-0.125,0.));
#3492 = VERTEX_POINT('',#3493);
#3493 = CARTESIAN_POINT('',(0.6,-0.125,0.));
#3494 = LINE('',#3495,#3496);
#3495 = CARTESIAN_POINT('',(0.5,-0.125,0.));
#3496 = VECTOR('',#3497,1.);
#3497 = DIRECTION('',(-1.,0.,0.));
#3498 = ORIENTED_EDGE('',*,*,#3499,.F.);
#3499 = EDGE_CURVE('',#3500,#3490,#3502,.T.);
#3500 = VERTEX_POINT('',#3501);
#3501 = CARTESIAN_POINT('',(1.,-0.125,5.E-02));
#3502 = LINE('',#3503,#3504);
#3503 = CARTESIAN_POINT('',(1.,-0.125,0.));
#3504 = VECTOR('',#3505,1.);
#3505 = DIRECTION('',(0.,0.,-1.));
#3506 = ORIENTED_EDGE('',*,*,#3507,.T.);
#3507 = EDGE_CURVE('',#3500,#3508,#3510,.T.);
#3508 = VERTEX_POINT('',#3509);
#3509 = CARTESIAN_POINT('',(0.6,-0.125,5.E-02));
#3510 = LINE('',#3511,#3512);
#3511 = CARTESIAN_POINT('',(1.,-0.125,5.E-02));
#3512 = VECTOR('',#3513,1.);
#3513 = DIRECTION('',(-1.,0.,0.));
#3514 = ORIENTED_EDGE('',*,*,#3515,.F.);
#3515 = EDGE_CURVE('',#3492,#3508,#3516,.T.);
#3516 = LINE('',#3517,#3518);
#3517 = CARTESIAN_POINT('',(0.6,-0.125,0.));
#3518 = VECTOR('',#3519,1.);
#3519 = DIRECTION('',(0.,0.,1.));
#3520 = PLANE('',#3521);
#3521 = AXIS2_PLACEMENT_3D('',#3522,#3523,#3524);
#3522 = CARTESIAN_POINT('',(1.,-0.125,0.));
#3523 = DIRECTION('',(0.,1.,0.));
#3524 = DIRECTION('',(-1.,0.,0.));
#3525 = ADVANCED_FACE('',(#3526),#3560,.F.);
#3526 = FACE_BOUND('',#3527,.T.);
#3527 = EDGE_LOOP('',(#3528,#3538,#3546,#3554));
#3528 = ORIENTED_EDGE('',*,*,#3529,.F.);
#3529 = EDGE_CURVE('',#3530,#3532,#3534,.T.);
#3530 = VERTEX_POINT('',#3531);
#3531 = CARTESIAN_POINT('',(0.6,-0.375,0.));
#3532 = VERTEX_POINT('',#3533);
#3533 = CARTESIAN_POINT('',(1.,-0.375,0.));
#3534 = LINE('',#3535,#3536);
#3535 = CARTESIAN_POINT('',(0.3,-0.375,0.));
#3536 = VECTOR('',#3537,1.);
#3537 = DIRECTION('',(1.,0.,0.));
#3538 = ORIENTED_EDGE('',*,*,#3539,.T.);
#3539 = EDGE_CURVE('',#3530,#3540,#3542,.T.);
#3540 = VERTEX_POINT('',#3541);
#3541 = CARTESIAN_POINT('',(0.6,-0.375,5.E-02));
#3542 = LINE('',#3543,#3544);
#3543 = CARTESIAN_POINT('',(0.6,-0.375,0.));
#3544 = VECTOR('',#3545,1.);
#3545 = DIRECTION('',(0.,0.,1.));
#3546 = ORIENTED_EDGE('',*,*,#3547,.T.);
#3547 = EDGE_CURVE('',#3540,#3548,#3550,.T.);
#3548 = VERTEX_POINT('',#3549);
#3549 = CARTESIAN_POINT('',(1.,-0.375,5.E-02));
#3550 = LINE('',#3551,#3552);
#3551 = CARTESIAN_POINT('',(0.6,-0.375,5.E-02));
#3552 = VECTOR('',#3553,1.);
#3553 = DIRECTION('',(1.,0.,0.));
#3554 = ORIENTED_EDGE('',*,*,#3555,.F.);
#3555 = EDGE_CURVE('',#3532,#3548,#3556,.T.);
#3556 = LINE('',#3557,#3558);
#3557 = CARTESIAN_POINT('',(1.,-0.375,0.));
#3558 = VECTOR('',#3559,1.);
#3559 = DIRECTION('',(0.,0.,1.));
#3560 = PLANE('',#3561);
#3561 = AXIS2_PLACEMENT_3D('',#3562,#3563,#3564);
#3562 = CARTESIAN_POINT('',(0.6,-0.375,0.));
#3563 = DIRECTION('',(0.,-1.,0.));
#3564 = DIRECTION('',(1.,0.,0.));
#3565 = ADVANCED_FACE('',(#3566),#3582,.F.);
#3566 = FACE_BOUND('',#3567,.T.);
#3567 = EDGE_LOOP('',(#3568,#3574,#3575,#3581));
#3568 = ORIENTED_EDGE('',*,*,#3569,.F.);
#3569 = EDGE_CURVE('',#3492,#3530,#3570,.T.);
#3570 = LINE('',#3571,#3572);
#3571 = CARTESIAN_POINT('',(0.6,-6.25E-02,0.));
#3572 = VECTOR('',#3573,1.);
#3573 = DIRECTION('',(0.,-1.,0.));
#3574 = ORIENTED_EDGE('',*,*,#3515,.T.);
#3575 = ORIENTED_EDGE('',*,*,#3576,.T.);
#3576 = EDGE_CURVE('',#3508,#3540,#3577,.T.);
#3577 = LINE('',#3578,#3579);
#3578 = CARTESIAN_POINT('',(0.6,-0.125,5.E-02));
#3579 = VECTOR('',#3580,1.);
#3580 = DIRECTION('',(0.,-1.,0.));
#3581 = ORIENTED_EDGE('',*,*,#3539,.F.);
#3582 = PLANE('',#3583);
#3583 = AXIS2_PLACEMENT_3D('',#3584,#3585,#3586);
#3584 = CARTESIAN_POINT('',(0.6,-0.125,0.));
#3585 = DIRECTION('',(-1.,0.,0.));
#3586 = DIRECTION('',(0.,-1.,0.));
#3587 = ADVANCED_FACE('',(#3588),#3599,.F.);
#3588 = FACE_BOUND('',#3589,.T.);
#3589 = EDGE_LOOP('',(#3590,#3591,#3592,#3598));
#3590 = ORIENTED_EDGE('',*,*,#3576,.F.);
#3591 = ORIENTED_EDGE('',*,*,#3507,.F.);
#3592 = ORIENTED_EDGE('',*,*,#3593,.F.);
#3593 = EDGE_CURVE('',#3548,#3500,#3594,.T.);
#3594 = LINE('',#3595,#3596);
#3595 = CARTESIAN_POINT('',(1.,-0.625,5.E-02));
#3596 = VECTOR('',#3597,1.);
#3597 = DIRECTION('',(-6.938893903907E-17,1.,0.));
#3598 = ORIENTED_EDGE('',*,*,#3547,.F.);
#3599 = PLANE('',#3600);
#3600 = AXIS2_PLACEMENT_3D('',#3601,#3602,#3603);
#3601 = CARTESIAN_POINT('',(0.8,-0.25,5.E-02));
#3602 = DIRECTION('',(0.,0.,1.));
#3603 = DIRECTION('',(1.,0.,-0.));
#3604 = ADVANCED_FACE('',(#3605),#3639,.F.);
#3605 = FACE_BOUND('',#3606,.T.);
#3606 = EDGE_LOOP('',(#3607,#3617,#3625,#3633));
#3607 = ORIENTED_EDGE('',*,*,#3608,.F.);
#3608 = EDGE_CURVE('',#3609,#3611,#3613,.T.);
#3609 = VERTEX_POINT('',#3610);
#3610 = CARTESIAN_POINT('',(0.6,0.625,0.));
#3611 = VERTEX_POINT('',#3612);
#3612 = CARTESIAN_POINT('',(1.,0.625,0.));
#3613 = LINE('',#3614,#3615);
#3614 = CARTESIAN_POINT('',(0.3,0.625,0.));
#3615 = VECTOR('',#3616,1.);
#3616 = DIRECTION('',(1.,0.,0.));
#3617 = ORIENTED_EDGE('',*,*,#3618,.T.);
#3618 = EDGE_CURVE('',#3609,#3619,#3621,.T.);
#3619 = VERTEX_POINT('',#3620);
#3620 = CARTESIAN_POINT('',(0.6,0.625,5.E-02));
#3621 = LINE('',#3622,#3623);
#3622 = CARTESIAN_POINT('',(0.6,0.625,0.));
#3623 = VECTOR('',#3624,1.);
#3624 = DIRECTION('',(0.,0.,1.));
#3625 = ORIENTED_EDGE('',*,*,#3626,.T.);
#3626 = EDGE_CURVE('',#3619,#3627,#3629,.T.);
#3627 = VERTEX_POINT('',#3628);
#3628 = CARTESIAN_POINT('',(1.,0.625,5.E-02));
#3629 = LINE('',#3630,#3631);
#3630 = CARTESIAN_POINT('',(0.6,0.625,5.E-02));
#3631 = VECTOR('',#3632,1.);
#3632 = DIRECTION('',(1.,0.,0.));
#3633 = ORIENTED_EDGE('',*,*,#3634,.F.);
#3634 = EDGE_CURVE('',#3611,#3627,#3635,.T.);
#3635 = LINE('',#3636,#3637);
#3636 = CARTESIAN_POINT('',(1.,0.625,0.));
#3637 = VECTOR('',#3638,1.);
#3638 = DIRECTION('',(0.,0.,1.));
#3639 = PLANE('',#3640);
#3640 = AXIS2_PLACEMENT_3D('',#3641,#3642,#3643);
#3641 = CARTESIAN_POINT('',(0.6,0.625,0.));
#3642 = DIRECTION('',(0.,-1.,0.));
#3643 = DIRECTION('',(1.,0.,0.));
#3644 = ADVANCED_FACE('',(#3645),#3670,.F.);
#3645 = FACE_BOUND('',#3646,.T.);
#3646 = EDGE_LOOP('',(#3647,#3655,#3663,#3669));
#3647 = ORIENTED_EDGE('',*,*,#3648,.F.);
#3648 = EDGE_CURVE('',#3649,#3609,#3651,.T.);
#3649 = VERTEX_POINT('',#3650);
#3650 = CARTESIAN_POINT('',(0.6,0.875,0.));
#3651 = LINE('',#3652,#3653);
#3652 = CARTESIAN_POINT('',(0.6,0.4375,0.));
#3653 = VECTOR('',#3654,1.);
#3654 = DIRECTION('',(0.,-1.,0.));
#3655 = ORIENTED_EDGE('',*,*,#3656,.T.);
#3656 = EDGE_CURVE('',#3649,#3657,#3659,.T.);
#3657 = VERTEX_POINT('',#3658);
#3658 = CARTESIAN_POINT('',(0.6,0.875,5.E-02));
#3659 = LINE('',#3660,#3661);
#3660 = CARTESIAN_POINT('',(0.6,0.875,0.));
#3661 = VECTOR('',#3662,1.);
#3662 = DIRECTION('',(0.,0.,1.));
#3663 = ORIENTED_EDGE('',*,*,#3664,.T.);
#3664 = EDGE_CURVE('',#3657,#3619,#3665,.T.);
#3665 = LINE('',#3666,#3667);
#3666 = CARTESIAN_POINT('',(0.6,0.875,5.E-02));
#3667 = VECTOR('',#3668,1.);
#3668 = DIRECTION('',(0.,-1.,0.));
#3669 = ORIENTED_EDGE('',*,*,#3618,.F.);
#3670 = PLANE('',#3671);
#3671 = AXIS2_PLACEMENT_3D('',#3672,#3673,#3674);
#3672 = CARTESIAN_POINT('',(0.6,0.875,0.));
#3673 = DIRECTION('',(-1.,0.,0.));
#3674 = DIRECTION('',(0.,-1.,0.));
#3675 = ADVANCED_FACE('',(#3676),#3701,.F.);
#3676 = FACE_BOUND('',#3677,.T.);
#3677 = EDGE_LOOP('',(#3678,#3686,#3694,#3700));
#3678 = ORIENTED_EDGE('',*,*,#3679,.F.);
#3679 = EDGE_CURVE('',#3680,#3649,#3682,.T.);
#3680 = VERTEX_POINT('',#3681);
#3681 = CARTESIAN_POINT('',(1.,0.875,0.));
#3682 = LINE('',#3683,#3684);
#3683 = CARTESIAN_POINT('',(0.5,0.875,0.));
#3684 = VECTOR('',#3685,1.);
#3685 = DIRECTION('',(-1.,0.,0.));
#3686 = ORIENTED_EDGE('',*,*,#3687,.F.);
#3687 = EDGE_CURVE('',#3688,#3680,#3690,.T.);
#3688 = VERTEX_POINT('',#3689);
#3689 = CARTESIAN_POINT('',(1.,0.875,5.E-02));
#3690 = LINE('',#3691,#3692);
#3691 = CARTESIAN_POINT('',(1.,0.875,0.));
#3692 = VECTOR('',#3693,1.);
#3693 = DIRECTION('',(0.,0.,-1.));
#3694 = ORIENTED_EDGE('',*,*,#3695,.T.);
#3695 = EDGE_CURVE('',#3688,#3657,#3696,.T.);
#3696 = LINE('',#3697,#3698);
#3697 = CARTESIAN_POINT('',(1.,0.875,5.E-02));
#3698 = VECTOR('',#3699,1.);
#3699 = DIRECTION('',(-1.,0.,0.));
#3700 = ORIENTED_EDGE('',*,*,#3656,.F.);
#3701 = PLANE('',#3702);
#3702 = AXIS2_PLACEMENT_3D('',#3703,#3704,#3705);
#3703 = CARTESIAN_POINT('',(1.,0.875,0.));
#3704 = DIRECTION('',(0.,1.,0.));
#3705 = DIRECTION('',(-1.,0.,0.));
#3706 = ADVANCED_FACE('',(#3707),#3718,.F.);
#3707 = FACE_BOUND('',#3708,.T.);
#3708 = EDGE_LOOP('',(#3709,#3710,#3716,#3717));
#3709 = ORIENTED_EDGE('',*,*,#3695,.F.);
#3710 = ORIENTED_EDGE('',*,*,#3711,.F.);
#3711 = EDGE_CURVE('',#3627,#3688,#3712,.T.);
#3712 = LINE('',#3713,#3714);
#3713 = CARTESIAN_POINT('',(1.,-0.125,5.E-02));
#3714 = VECTOR('',#3715,1.);
#3715 = DIRECTION('',(-6.938893903907E-17,1.,0.));
#3716 = ORIENTED_EDGE('',*,*,#3626,.F.);
#3717 = ORIENTED_EDGE('',*,*,#3664,.F.);
#3718 = PLANE('',#3719);
#3719 = AXIS2_PLACEMENT_3D('',#3720,#3721,#3722);
#3720 = CARTESIAN_POINT('',(0.8,0.75,5.E-02));
#3721 = DIRECTION('',(0.,0.,1.));
#3722 = DIRECTION('',(1.,0.,-0.));
#3723 = ADVANCED_FACE('',(#3724),#3758,.F.);
#3724 = FACE_BOUND('',#3725,.T.);
#3725 = EDGE_LOOP('',(#3726,#3736,#3744,#3752));
#3726 = ORIENTED_EDGE('',*,*,#3727,.F.);
#3727 = EDGE_CURVE('',#3728,#3730,#3732,.T.);
#3728 = VERTEX_POINT('',#3729);
#3729 = CARTESIAN_POINT('',(-0.125,0.6,0.));
#3730 = VERTEX_POINT('',#3731);
#3731 = CARTESIAN_POINT('',(-0.125,1.,0.));
#3732 = LINE('',#3733,#3734);
#3733 = CARTESIAN_POINT('',(-0.125,0.3,0.));
#3734 = VECTOR('',#3735,1.);
#3735 = DIRECTION('',(0.,1.,0.));
#3736 = ORIENTED_EDGE('',*,*,#3737,.T.);
#3737 = EDGE_CURVE('',#3728,#3738,#3740,.T.);
#3738 = VERTEX_POINT('',#3739);
#3739 = CARTESIAN_POINT('',(-0.125,0.6,5.E-02));
#3740 = LINE('',#3741,#3742);
#3741 = CARTESIAN_POINT('',(-0.125,0.6,0.));
#3742 = VECTOR('',#3743,1.);
#3743 = DIRECTION('',(0.,0.,1.));
#3744 = ORIENTED_EDGE('',*,*,#3745,.T.);
#3745 = EDGE_CURVE('',#3738,#3746,#3748,.T.);
#3746 = VERTEX_POINT('',#3747);
#3747 = CARTESIAN_POINT('',(-0.125,1.,5.E-02));
#3748 = LINE('',#3749,#3750);
#3749 = CARTESIAN_POINT('',(-0.125,0.6,5.E-02));
#3750 = VECTOR('',#3751,1.);
#3751 = DIRECTION('',(0.,1.,0.));
#3752 = ORIENTED_EDGE('',*,*,#3753,.F.);
#3753 = EDGE_CURVE('',#3730,#3746,#3754,.T.);
#3754 = LINE('',#3755,#3756);
#3755 = CARTESIAN_POINT('',(-0.125,1.,0.));
#3756 = VECTOR('',#3757,1.);
#3757 = DIRECTION('',(0.,0.,1.));
#3758 = PLANE('',#3759);
#3759 = AXIS2_PLACEMENT_3D('',#3760,#3761,#3762);
#3760 = CARTESIAN_POINT('',(-0.125,0.6,0.));
#3761 = DIRECTION('',(1.,0.,0.));
#3762 = DIRECTION('',(-0.,1.,0.));
#3763 = ADVANCED_FACE('',(#3764),#3789,.F.);
#3764 = FACE_BOUND('',#3765,.T.);
#3765 = EDGE_LOOP('',(#3766,#3774,#3782,#3788));
#3766 = ORIENTED_EDGE('',*,*,#3767,.F.);
#3767 = EDGE_CURVE('',#3768,#3728,#3770,.T.);
#3768 = VERTEX_POINT('',#3769);
#3769 = CARTESIAN_POINT('',(-0.375,0.6,0.));
#3770 = LINE('',#3771,#3772);
#3771 = CARTESIAN_POINT('',(-0.1875,0.6,0.));
#3772 = VECTOR('',#3773,1.);
#3773 = DIRECTION('',(1.,0.,0.));
#3774 = ORIENTED_EDGE('',*,*,#3775,.T.);
#3775 = EDGE_CURVE('',#3768,#3776,#3778,.T.);
#3776 = VERTEX_POINT('',#3777);
#3777 = CARTESIAN_POINT('',(-0.375,0.6,5.E-02));
#3778 = LINE('',#3779,#3780);
#3779 = CARTESIAN_POINT('',(-0.375,0.6,0.));
#3780 = VECTOR('',#3781,1.);
#3781 = DIRECTION('',(0.,0.,1.));
#3782 = ORIENTED_EDGE('',*,*,#3783,.T.);
#3783 = EDGE_CURVE('',#3776,#3738,#3784,.T.);
#3784 = LINE('',#3785,#3786);
#3785 = CARTESIAN_POINT('',(-0.375,0.6,5.E-02));
#3786 = VECTOR('',#3787,1.);
#3787 = DIRECTION('',(1.,0.,0.));
#3788 = ORIENTED_EDGE('',*,*,#3737,.F.);
#3789 = PLANE('',#3790);
#3790 = AXIS2_PLACEMENT_3D('',#3791,#3792,#3793);
#3791 = CARTESIAN_POINT('',(-0.375,0.6,0.));
#3792 = DIRECTION('',(0.,-1.,0.));
#3793 = DIRECTION('',(1.,0.,0.));
#3794 = ADVANCED_FACE('',(#3795),#3820,.F.);
#3795 = FACE_BOUND('',#3796,.T.);
#3796 = EDGE_LOOP('',(#3797,#3805,#3813,#3819));
#3797 = ORIENTED_EDGE('',*,*,#3798,.F.);
#3798 = EDGE_CURVE('',#3799,#3768,#3801,.T.);
#3799 = VERTEX_POINT('',#3800);
#3800 = CARTESIAN_POINT('',(-0.375,1.,0.));
#3801 = LINE('',#3802,#3803);
#3802 = CARTESIAN_POINT('',(-0.375,0.5,0.));
#3803 = VECTOR('',#3804,1.);
#3804 = DIRECTION('',(0.,-1.,0.));
#3805 = ORIENTED_EDGE('',*,*,#3806,.F.);
#3806 = EDGE_CURVE('',#3807,#3799,#3809,.T.);
#3807 = VERTEX_POINT('',#3808);
#3808 = CARTESIAN_POINT('',(-0.375,1.,5.E-02));
#3809 = LINE('',#3810,#3811);
#3810 = CARTESIAN_POINT('',(-0.375,1.,0.));
#3811 = VECTOR('',#3812,1.);
#3812 = DIRECTION('',(0.,0.,-1.));
#3813 = ORIENTED_EDGE('',*,*,#3814,.T.);
#3814 = EDGE_CURVE('',#3807,#3776,#3815,.T.);
#3815 = LINE('',#3816,#3817);
#3816 = CARTESIAN_POINT('',(-0.375,1.,5.E-02));
#3817 = VECTOR('',#3818,1.);
#3818 = DIRECTION('',(0.,-1.,0.));
#3819 = ORIENTED_EDGE('',*,*,#3775,.F.);
#3820 = PLANE('',#3821);
#3821 = AXIS2_PLACEMENT_3D('',#3822,#3823,#3824);
#3822 = CARTESIAN_POINT('',(-0.375,1.,0.));
#3823 = DIRECTION('',(-1.,0.,0.));
#3824 = DIRECTION('',(0.,-1.,0.));
#3825 = ADVANCED_FACE('',(#3826),#3837,.F.);
#3826 = FACE_BOUND('',#3827,.T.);
#3827 = EDGE_LOOP('',(#3828,#3829,#3835,#3836));
#3828 = ORIENTED_EDGE('',*,*,#3814,.F.);
#3829 = ORIENTED_EDGE('',*,*,#3830,.F.);
#3830 = EDGE_CURVE('',#3746,#3807,#3831,.T.);
#3831 = LINE('',#3832,#3833);
#3832 = CARTESIAN_POINT('',(0.375,1.,5.E-02));
#3833 = VECTOR('',#3834,1.);
#3834 = DIRECTION('',(-1.,-1.387778780781E-16,0.));
#3835 = ORIENTED_EDGE('',*,*,#3745,.F.);
#3836 = ORIENTED_EDGE('',*,*,#3783,.F.);
#3837 = PLANE('',#3838);
#3838 = AXIS2_PLACEMENT_3D('',#3839,#3840,#3841);
#3839 = CARTESIAN_POINT('',(-0.25,0.8,5.E-02));
#3840 = DIRECTION('',(0.,0.,1.));
#3841 = DIRECTION('',(1.,0.,-0.));
#3842 = ADVANCED_FACE('',(#3843),#3877,.F.);
#3843 = FACE_BOUND('',#3844,.T.);
#3844 = EDGE_LOOP('',(#3845,#3855,#3863,#3871));
#3845 = ORIENTED_EDGE('',*,*,#3846,.F.);
#3846 = EDGE_CURVE('',#3847,#3849,#3851,.T.);
#3847 = VERTEX_POINT('',#3848);
#3848 = CARTESIAN_POINT('',(-0.6,-0.125,0.));
#3849 = VERTEX_POINT('',#3850);
#3850 = CARTESIAN_POINT('',(-1.,-0.125,0.));
#3851 = LINE('',#3852,#3853);
#3852 = CARTESIAN_POINT('',(-0.3,-0.125,0.));
#3853 = VECTOR('',#3854,1.);
#3854 = DIRECTION('',(-1.,1.301042606983E-16,0.));
#3855 = ORIENTED_EDGE('',*,*,#3856,.T.);
#3856 = EDGE_CURVE('',#3847,#3857,#3859,.T.);
#3857 = VERTEX_POINT('',#3858);
#3858 = CARTESIAN_POINT('',(-0.6,-0.125,5.E-02));
#3859 = LINE('',#3860,#3861);
#3860 = CARTESIAN_POINT('',(-0.6,-0.125,0.));
#3861 = VECTOR('',#3862,1.);
#3862 = DIRECTION('',(0.,0.,1.));
#3863 = ORIENTED_EDGE('',*,*,#3864,.T.);
#3864 = EDGE_CURVE('',#3857,#3865,#3867,.T.);
#3865 = VERTEX_POINT('',#3866);
#3866 = CARTESIAN_POINT('',(-1.,-0.125,5.E-02));
#3867 = LINE('',#3868,#3869);
#3868 = CARTESIAN_POINT('',(-0.6,-0.125,5.E-02));
#3869 = VECTOR('',#3870,1.);
#3870 = DIRECTION('',(-1.,1.301042606983E-16,0.));
#3871 = ORIENTED_EDGE('',*,*,#3872,.F.);
#3872 = EDGE_CURVE('',#3849,#3865,#3873,.T.);
#3873 = LINE('',#3874,#3875);
#3874 = CARTESIAN_POINT('',(-1.,-0.125,0.));
#3875 = VECTOR('',#3876,1.);
#3876 = DIRECTION('',(0.,0.,1.));
#3877 = PLANE('',#3878);
#3878 = AXIS2_PLACEMENT_3D('',#3879,#3880,#3881);
#3879 = CARTESIAN_POINT('',(-0.6,-0.125,0.));
#3880 = DIRECTION('',(1.301042606983E-16,1.,0.));
#3881 = DIRECTION('',(-1.,1.301042606983E-16,0.));
#3882 = ADVANCED_FACE('',(#3883),#3908,.F.);
#3883 = FACE_BOUND('',#3884,.T.);
#3884 = EDGE_LOOP('',(#3885,#3893,#3901,#3907));
#3885 = ORIENTED_EDGE('',*,*,#3886,.F.);
#3886 = EDGE_CURVE('',#3887,#3847,#3889,.T.);
#3887 = VERTEX_POINT('',#3888);
#3888 = CARTESIAN_POINT('',(-0.6,-0.375,0.));
#3889 = LINE('',#3890,#3891);
#3890 = CARTESIAN_POINT('',(-0.6,-0.1875,0.));
#3891 = VECTOR('',#3892,1.);
#3892 = DIRECTION('',(2.775557561563E-16,1.,0.));
#3893 = ORIENTED_EDGE('',*,*,#3894,.T.);
#3894 = EDGE_CURVE('',#3887,#3895,#3897,.T.);
#3895 = VERTEX_POINT('',#3896);
#3896 = CARTESIAN_POINT('',(-0.6,-0.375,5.E-02));
#3897 = LINE('',#3898,#3899);
#3898 = CARTESIAN_POINT('',(-0.6,-0.375,0.));
#3899 = VECTOR('',#3900,1.);
#3900 = DIRECTION('',(0.,0.,1.));
#3901 = ORIENTED_EDGE('',*,*,#3902,.T.);
#3902 = EDGE_CURVE('',#3895,#3857,#3903,.T.);
#3903 = LINE('',#3904,#3905);
#3904 = CARTESIAN_POINT('',(-0.6,-0.375,5.E-02));
#3905 = VECTOR('',#3906,1.);
#3906 = DIRECTION('',(2.775557561563E-16,1.,0.));
#3907 = ORIENTED_EDGE('',*,*,#3856,.F.);
#3908 = PLANE('',#3909);
#3909 = AXIS2_PLACEMENT_3D('',#3910,#3911,#3912);
#3910 = CARTESIAN_POINT('',(-0.6,-0.375,0.));
#3911 = DIRECTION('',(1.,-2.775557561563E-16,0.));
#3912 = DIRECTION('',(2.775557561563E-16,1.,0.));
#3913 = ADVANCED_FACE('',(#3914),#3939,.F.);
#3914 = FACE_BOUND('',#3915,.T.);
#3915 = EDGE_LOOP('',(#3916,#3924,#3932,#3938));
#3916 = ORIENTED_EDGE('',*,*,#3917,.F.);
#3917 = EDGE_CURVE('',#3918,#3887,#3920,.T.);
#3918 = VERTEX_POINT('',#3919);
#3919 = CARTESIAN_POINT('',(-1.,-0.375,0.));
#3920 = LINE('',#3921,#3922);
#3921 = CARTESIAN_POINT('',(-0.5,-0.375,0.));
#3922 = VECTOR('',#3923,1.);
#3923 = DIRECTION('',(1.,-1.734723475977E-16,0.));
#3924 = ORIENTED_EDGE('',*,*,#3925,.F.);
#3925 = EDGE_CURVE('',#3926,#3918,#3928,.T.);
#3926 = VERTEX_POINT('',#3927);
#3927 = CARTESIAN_POINT('',(-1.,-0.375,5.E-02));
#3928 = LINE('',#3929,#3930);
#3929 = CARTESIAN_POINT('',(-1.,-0.375,0.));
#3930 = VECTOR('',#3931,1.);
#3931 = DIRECTION('',(0.,0.,-1.));
#3932 = ORIENTED_EDGE('',*,*,#3933,.T.);
#3933 = EDGE_CURVE('',#3926,#3895,#3934,.T.);
#3934 = LINE('',#3935,#3936);
#3935 = CARTESIAN_POINT('',(-1.,-0.375,5.E-02));
#3936 = VECTOR('',#3937,1.);
#3937 = DIRECTION('',(1.,-1.734723475977E-16,0.));
#3938 = ORIENTED_EDGE('',*,*,#3894,.F.);
#3939 = PLANE('',#3940);
#3940 = AXIS2_PLACEMENT_3D('',#3941,#3942,#3943);
#3941 = CARTESIAN_POINT('',(-1.,-0.375,0.));
#3942 = DIRECTION('',(-1.734723475977E-16,-1.,0.));
#3943 = DIRECTION('',(1.,-1.734723475977E-16,0.));
#3944 = ADVANCED_FACE('',(#3945),#3956,.F.);
#3945 = FACE_BOUND('',#3946,.T.);
#3946 = EDGE_LOOP('',(#3947,#3953,#3954,#3955));
#3947 = ORIENTED_EDGE('',*,*,#3948,.F.);
#3948 = EDGE_CURVE('',#3865,#3926,#3949,.T.);
#3949 = LINE('',#3950,#3951);
#3950 = CARTESIAN_POINT('',(-1.,0.375,5.E-02));
#3951 = VECTOR('',#3952,1.);
#3952 = DIRECTION('',(3.469446951954E-16,-1.,0.));
#3953 = ORIENTED_EDGE('',*,*,#3864,.F.);
#3954 = ORIENTED_EDGE('',*,*,#3902,.F.);
#3955 = ORIENTED_EDGE('',*,*,#3933,.F.);
#3956 = PLANE('',#3957);
#3957 = AXIS2_PLACEMENT_3D('',#3958,#3959,#3960);
#3958 = CARTESIAN_POINT('',(-0.8,-0.25,5.E-02));
#3959 = DIRECTION('',(0.,0.,1.));
#3960 = DIRECTION('',(1.,0.,-0.));
#3961 = ADVANCED_FACE('',(#3962),#3996,.F.);
#3962 = FACE_BOUND('',#3963,.T.);
#3963 = EDGE_LOOP('',(#3964,#3974,#3982,#3990));
#3964 = ORIENTED_EDGE('',*,*,#3965,.F.);
#3965 = EDGE_CURVE('',#3966,#3968,#3970,.T.);
#3966 = VERTEX_POINT('',#3967);
#3967 = CARTESIAN_POINT('',(0.6,-0.625,0.));
#3968 = VERTEX_POINT('',#3969);
#3969 = CARTESIAN_POINT('',(0.6,-0.875,0.));
#3970 = LINE('',#3971,#3972);
#3971 = CARTESIAN_POINT('',(0.6,-0.3125,0.));
#3972 = VECTOR('',#3973,1.);
#3973 = DIRECTION('',(0.,-1.,0.));
#3974 = ORIENTED_EDGE('',*,*,#3975,.T.);
#3975 = EDGE_CURVE('',#3966,#3976,#3978,.T.);
#3976 = VERTEX_POINT('',#3977);
#3977 = CARTESIAN_POINT('',(0.6,-0.625,5.E-02));
#3978 = LINE('',#3979,#3980);
#3979 = CARTESIAN_POINT('',(0.6,-0.625,0.));
#3980 = VECTOR('',#3981,1.);
#3981 = DIRECTION('',(0.,0.,1.));
#3982 = ORIENTED_EDGE('',*,*,#3983,.T.);
#3983 = EDGE_CURVE('',#3976,#3984,#3986,.T.);
#3984 = VERTEX_POINT('',#3985);
#3985 = CARTESIAN_POINT('',(0.6,-0.875,5.E-02));
#3986 = LINE('',#3987,#3988);
#3987 = CARTESIAN_POINT('',(0.6,-0.625,5.E-02));
#3988 = VECTOR('',#3989,1.);
#3989 = DIRECTION('',(0.,-1.,0.));
#3990 = ORIENTED_EDGE('',*,*,#3991,.F.);
#3991 = EDGE_CURVE('',#3968,#3984,#3992,.T.);
#3992 = LINE('',#3993,#3994);
#3993 = CARTESIAN_POINT('',(0.6,-0.875,0.));
#3994 = VECTOR('',#3995,1.);
#3995 = DIRECTION('',(0.,0.,1.));
#3996 = PLANE('',#3997);
#3997 = AXIS2_PLACEMENT_3D('',#3998,#3999,#4000);
#3998 = CARTESIAN_POINT('',(0.6,-0.625,0.));
#3999 = DIRECTION('',(-1.,0.,0.));
#4000 = DIRECTION('',(0.,-1.,0.));
#4001 = ADVANCED_FACE('',(#4002),#4027,.F.);
#4002 = FACE_BOUND('',#4003,.T.);
#4003 = EDGE_LOOP('',(#4004,#4012,#4020,#4026));
#4004 = ORIENTED_EDGE('',*,*,#4005,.F.);
#4005 = EDGE_CURVE('',#4006,#3966,#4008,.T.);
#4006 = VERTEX_POINT('',#4007);
#4007 = CARTESIAN_POINT('',(1.,-0.625,0.));
#4008 = LINE('',#4009,#4010);
#4009 = CARTESIAN_POINT('',(0.5,-0.625,0.));
#4010 = VECTOR('',#4011,1.);
#4011 = DIRECTION('',(-1.,0.,0.));
#4012 = ORIENTED_EDGE('',*,*,#4013,.F.);
#4013 = EDGE_CURVE('',#4014,#4006,#4016,.T.);
#4014 = VERTEX_POINT('',#4015);
#4015 = CARTESIAN_POINT('',(1.,-0.625,5.E-02));
#4016 = LINE('',#4017,#4018);
#4017 = CARTESIAN_POINT('',(1.,-0.625,0.));
#4018 = VECTOR('',#4019,1.);
#4019 = DIRECTION('',(0.,0.,-1.));
#4020 = ORIENTED_EDGE('',*,*,#4021,.T.);
#4021 = EDGE_CURVE('',#4014,#3976,#4022,.T.);
#4022 = LINE('',#4023,#4024);
#4023 = CARTESIAN_POINT('',(1.,-0.625,5.E-02));
#4024 = VECTOR('',#4025,1.);
#4025 = DIRECTION('',(-1.,0.,0.));
#4026 = ORIENTED_EDGE('',*,*,#3975,.F.);
#4027 = PLANE('',#4028);
#4028 = AXIS2_PLACEMENT_3D('',#4029,#4030,#4031);
#4029 = CARTESIAN_POINT('',(1.,-0.625,0.));
#4030 = DIRECTION('',(0.,1.,0.));
#4031 = DIRECTION('',(-1.,0.,0.));
#4032 = ADVANCED_FACE('',(#4033),#4058,.F.);
#4033 = FACE_BOUND('',#4034,.T.);
#4034 = EDGE_LOOP('',(#4035,#4043,#4044,#4052));
#4035 = ORIENTED_EDGE('',*,*,#4036,.F.);
#4036 = EDGE_CURVE('',#3968,#4037,#4039,.T.);
#4037 = VERTEX_POINT('',#4038);
#4038 = CARTESIAN_POINT('',(1.,-0.875,0.));
#4039 = LINE('',#4040,#4041);
#4040 = CARTESIAN_POINT('',(0.3,-0.875,0.));
#4041 = VECTOR('',#4042,1.);
#4042 = DIRECTION('',(1.,0.,0.));
#4043 = ORIENTED_EDGE('',*,*,#3991,.T.);
#4044 = ORIENTED_EDGE('',*,*,#4045,.T.);
#4045 = EDGE_CURVE('',#3984,#4046,#4048,.T.);
#4046 = VERTEX_POINT('',#4047);
#4047 = CARTESIAN_POINT('',(1.,-0.875,5.E-02));
#4048 = LINE('',#4049,#4050);
#4049 = CARTESIAN_POINT('',(0.6,-0.875,5.E-02));
#4050 = VECTOR('',#4051,1.);
#4051 = DIRECTION('',(1.,0.,0.));
#4052 = ORIENTED_EDGE('',*,*,#4053,.F.);
#4053 = EDGE_CURVE('',#4037,#4046,#4054,.T.);
#4054 = LINE('',#4055,#4056);
#4055 = CARTESIAN_POINT('',(1.,-0.875,0.));
#4056 = VECTOR('',#4057,1.);
#4057 = DIRECTION('',(0.,0.,1.));
#4058 = PLANE('',#4059);
#4059 = AXIS2_PLACEMENT_3D('',#4060,#4061,#4062);
#4060 = CARTESIAN_POINT('',(0.6,-0.875,0.));
#4061 = DIRECTION('',(0.,-1.,0.));
#4062 = DIRECTION('',(1.,0.,0.));
#4063 = ADVANCED_FACE('',(#4064),#4075,.F.);
#4064 = FACE_BOUND('',#4065,.T.);
#4065 = EDGE_LOOP('',(#4066,#4067,#4068,#4069));
#4066 = ORIENTED_EDGE('',*,*,#4045,.F.);
#4067 = ORIENTED_EDGE('',*,*,#3983,.F.);
#4068 = ORIENTED_EDGE('',*,*,#4021,.F.);
#4069 = ORIENTED_EDGE('',*,*,#4070,.F.);
#4070 = EDGE_CURVE('',#4046,#4014,#4071,.T.);
#4071 = LINE('',#4072,#4073);
#4072 = CARTESIAN_POINT('',(1.,-0.875,5.E-02));
#4073 = VECTOR('',#4074,1.);
#4074 = DIRECTION('',(-6.938893903907E-17,1.,0.));
#4075 = PLANE('',#4076);
#4076 = AXIS2_PLACEMENT_3D('',#4077,#4078,#4079);
#4077 = CARTESIAN_POINT('',(0.8,-0.75,5.E-02));
#4078 = DIRECTION('',(0.,0.,1.));
#4079 = DIRECTION('',(1.,0.,-0.));
#4080 = ADVANCED_FACE('',(#4081),#4115,.F.);
#4081 = FACE_BOUND('',#4082,.T.);
#4082 = EDGE_LOOP('',(#4083,#4093,#4101,#4109));
#4083 = ORIENTED_EDGE('',*,*,#4084,.F.);
#4084 = EDGE_CURVE('',#4085,#4087,#4089,.T.);
#4085 = VERTEX_POINT('',#4086);
#4086 = CARTESIAN_POINT('',(-0.6,-0.625,0.));
#4087 = VERTEX_POINT('',#4088);
#4088 = CARTESIAN_POINT('',(-1.,-0.625,0.));
#4089 = LINE('',#4090,#4091);
#4090 = CARTESIAN_POINT('',(-0.3,-0.625,0.));
#4091 = VECTOR('',#4092,1.);
#4092 = DIRECTION('',(-1.,1.734723475977E-16,0.));
#4093 = ORIENTED_EDGE('',*,*,#4094,.T.);
#4094 = EDGE_CURVE('',#4085,#4095,#4097,.T.);
#4095 = VERTEX_POINT('',#4096);
#4096 = CARTESIAN_POINT('',(-0.6,-0.625,5.E-02));
#4097 = LINE('',#4098,#4099);
#4098 = CARTESIAN_POINT('',(-0.6,-0.625,0.));
#4099 = VECTOR('',#4100,1.);
#4100 = DIRECTION('',(0.,0.,1.));
#4101 = ORIENTED_EDGE('',*,*,#4102,.T.);
#4102 = EDGE_CURVE('',#4095,#4103,#4105,.T.);
#4103 = VERTEX_POINT('',#4104);
#4104 = CARTESIAN_POINT('',(-1.,-0.625,5.E-02));
#4105 = LINE('',#4106,#4107);
#4106 = CARTESIAN_POINT('',(-0.6,-0.625,5.E-02));
#4107 = VECTOR('',#4108,1.);
#4108 = DIRECTION('',(-1.,1.734723475977E-16,0.));
#4109 = ORIENTED_EDGE('',*,*,#4110,.F.);
#4110 = EDGE_CURVE('',#4087,#4103,#4111,.T.);
#4111 = LINE('',#4112,#4113);
#4112 = CARTESIAN_POINT('',(-1.,-0.625,0.));
#4113 = VECTOR('',#4114,1.);
#4114 = DIRECTION('',(0.,0.,1.));
#4115 = PLANE('',#4116);
#4116 = AXIS2_PLACEMENT_3D('',#4117,#4118,#4119);
#4117 = CARTESIAN_POINT('',(-0.6,-0.625,0.));
#4118 = DIRECTION('',(1.734723475977E-16,1.,0.));
#4119 = DIRECTION('',(-1.,1.734723475977E-16,0.));
#4120 = ADVANCED_FACE('',(#4121),#4146,.F.);
#4121 = FACE_BOUND('',#4122,.T.);
#4122 = EDGE_LOOP('',(#4123,#4131,#4139,#4145));
#4123 = ORIENTED_EDGE('',*,*,#4124,.F.);
#4124 = EDGE_CURVE('',#4125,#4085,#4127,.T.);
#4125 = VERTEX_POINT('',#4126);
#4126 = CARTESIAN_POINT('',(-0.6,-0.875,0.));
#4127 = LINE('',#4128,#4129);
#4128 = CARTESIAN_POINT('',(-0.6,-0.4375,0.));
#4129 = VECTOR('',#4130,1.);
#4130 = DIRECTION('',(2.775557561563E-16,1.,0.));
#4131 = ORIENTED_EDGE('',*,*,#4132,.T.);
#4132 = EDGE_CURVE('',#4125,#4133,#4135,.T.);
#4133 = VERTEX_POINT('',#4134);
#4134 = CARTESIAN_POINT('',(-0.6,-0.875,5.E-02));
#4135 = LINE('',#4136,#4137);
#4136 = CARTESIAN_POINT('',(-0.6,-0.875,0.));
#4137 = VECTOR('',#4138,1.);
#4138 = DIRECTION('',(0.,0.,1.));
#4139 = ORIENTED_EDGE('',*,*,#4140,.T.);
#4140 = EDGE_CURVE('',#4133,#4095,#4141,.T.);
#4141 = LINE('',#4142,#4143);
#4142 = CARTESIAN_POINT('',(-0.6,-0.875,5.E-02));
#4143 = VECTOR('',#4144,1.);
#4144 = DIRECTION('',(2.775557561563E-16,1.,0.));
#4145 = ORIENTED_EDGE('',*,*,#4094,.F.);
#4146 = PLANE('',#4147);
#4147 = AXIS2_PLACEMENT_3D('',#4148,#4149,#4150);
#4148 = CARTESIAN_POINT('',(-0.6,-0.875,0.));
#4149 = DIRECTION('',(1.,-2.775557561563E-16,0.));
#4150 = DIRECTION('',(2.775557561563E-16,1.,0.));
#4151 = ADVANCED_FACE('',(#4152),#4177,.F.);
#4152 = FACE_BOUND('',#4153,.T.);
#4153 = EDGE_LOOP('',(#4154,#4162,#4170,#4176));
#4154 = ORIENTED_EDGE('',*,*,#4155,.F.);
#4155 = EDGE_CURVE('',#4156,#4125,#4158,.T.);
#4156 = VERTEX_POINT('',#4157);
#4157 = CARTESIAN_POINT('',(-1.,-0.875,0.));
#4158 = LINE('',#4159,#4160);
#4159 = CARTESIAN_POINT('',(-0.5,-0.875,0.));
#4160 = VECTOR('',#4161,1.);
#4161 = DIRECTION('',(1.,0.,0.));
#4162 = ORIENTED_EDGE('',*,*,#4163,.F.);
#4163 = EDGE_CURVE('',#4164,#4156,#4166,.T.);
#4164 = VERTEX_POINT('',#4165);
#4165 = CARTESIAN_POINT('',(-1.,-0.875,5.E-02));
#4166 = LINE('',#4167,#4168);
#4167 = CARTESIAN_POINT('',(-1.,-0.875,0.));
#4168 = VECTOR('',#4169,1.);
#4169 = DIRECTION('',(0.,0.,-1.));
#4170 = ORIENTED_EDGE('',*,*,#4171,.T.);
#4171 = EDGE_CURVE('',#4164,#4133,#4172,.T.);
#4172 = LINE('',#4173,#4174);
#4173 = CARTESIAN_POINT('',(-1.,-0.875,5.E-02));
#4174 = VECTOR('',#4175,1.);
#4175 = DIRECTION('',(1.,0.,0.));
#4176 = ORIENTED_EDGE('',*,*,#4132,.F.);
#4177 = PLANE('',#4178);
#4178 = AXIS2_PLACEMENT_3D('',#4179,#4180,#4181);
#4179 = CARTESIAN_POINT('',(-1.,-0.875,0.));
#4180 = DIRECTION('',(0.,-1.,0.));
#4181 = DIRECTION('',(1.,0.,0.));
#4182 = ADVANCED_FACE('',(#4183),#4194,.F.);
#4183 = FACE_BOUND('',#4184,.T.);
#4184 = EDGE_LOOP('',(#4185,#4191,#4192,#4193));
#4185 = ORIENTED_EDGE('',*,*,#4186,.F.);
#4186 = EDGE_CURVE('',#4103,#4164,#4187,.T.);
#4187 = LINE('',#4188,#4189);
#4188 = CARTESIAN_POINT('',(-1.,0.125,5.E-02));
#4189 = VECTOR('',#4190,1.);
#4190 = DIRECTION('',(3.469446951954E-16,-1.,0.));
#4191 = ORIENTED_EDGE('',*,*,#4102,.F.);
#4192 = ORIENTED_EDGE('',*,*,#4140,.F.);
#4193 = ORIENTED_EDGE('',*,*,#4171,.F.);
#4194 = PLANE('',#4195);
#4195 = AXIS2_PLACEMENT_3D('',#4196,#4197,#4198);
#4196 = CARTESIAN_POINT('',(-0.8,-0.75,5.E-02));
#4197 = DIRECTION('',(0.,0.,1.));
#4198 = DIRECTION('',(1.,0.,-0.));
#4199 = ADVANCED_FACE('',(#4200),#4234,.F.);
#4200 = FACE_BOUND('',#4201,.T.);
#4201 = EDGE_LOOP('',(#4202,#4212,#4220,#4228));
#4202 = ORIENTED_EDGE('',*,*,#4203,.F.);
#4203 = EDGE_CURVE('',#4204,#4206,#4208,.T.);
#4204 = VERTEX_POINT('',#4205);
#4205 = CARTESIAN_POINT('',(0.125,-0.6,0.));
#4206 = VERTEX_POINT('',#4207);
#4207 = CARTESIAN_POINT('',(0.125,-1.,0.));
#4208 = LINE('',#4209,#4210);
#4209 = CARTESIAN_POINT('',(0.125,-0.3,0.));
#4210 = VECTOR('',#4211,1.);
#4211 = DIRECTION('',(-1.301042606983E-16,-1.,0.));
#4212 = ORIENTED_EDGE('',*,*,#4213,.T.);
#4213 = EDGE_CURVE('',#4204,#4214,#4216,.T.);
#4214 = VERTEX_POINT('',#4215);
#4215 = CARTESIAN_POINT('',(0.125,-0.6,5.E-02));
#4216 = LINE('',#4217,#4218);
#4217 = CARTESIAN_POINT('',(0.125,-0.6,0.));
#4218 = VECTOR('',#4219,1.);
#4219 = DIRECTION('',(0.,0.,1.));
#4220 = ORIENTED_EDGE('',*,*,#4221,.T.);
#4221 = EDGE_CURVE('',#4214,#4222,#4224,.T.);
#4222 = VERTEX_POINT('',#4223);
#4223 = CARTESIAN_POINT('',(0.125,-1.,5.E-02));
#4224 = LINE('',#4225,#4226);
#4225 = CARTESIAN_POINT('',(0.125,-0.6,5.E-02));
#4226 = VECTOR('',#4227,1.);
#4227 = DIRECTION('',(-1.301042606983E-16,-1.,0.));
#4228 = ORIENTED_EDGE('',*,*,#4229,.F.);
#4229 = EDGE_CURVE('',#4206,#4222,#4230,.T.);
#4230 = LINE('',#4231,#4232);
#4231 = CARTESIAN_POINT('',(0.125,-1.,0.));
#4232 = VECTOR('',#4233,1.);
#4233 = DIRECTION('',(0.,0.,1.));
#4234 = PLANE('',#4235);
#4235 = AXIS2_PLACEMENT_3D('',#4236,#4237,#4238);
#4236 = CARTESIAN_POINT('',(0.125,-0.6,0.));
#4237 = DIRECTION('',(-1.,1.301042606983E-16,0.));
#4238 = DIRECTION('',(-1.301042606983E-16,-1.,0.));
#4239 = ADVANCED_FACE('',(#4240),#4265,.F.);
#4240 = FACE_BOUND('',#4241,.T.);
#4241 = EDGE_LOOP('',(#4242,#4250,#4258,#4264));
#4242 = ORIENTED_EDGE('',*,*,#4243,.F.);
#4243 = EDGE_CURVE('',#4244,#4204,#4246,.T.);
#4244 = VERTEX_POINT('',#4245);
#4245 = CARTESIAN_POINT('',(0.375,-0.6,0.));
#4246 = LINE('',#4247,#4248);
#4247 = CARTESIAN_POINT('',(0.1875,-0.6,0.));
#4248 = VECTOR('',#4249,1.);
#4249 = DIRECTION('',(-1.,2.775557561563E-16,0.));
#4250 = ORIENTED_EDGE('',*,*,#4251,.T.);
#4251 = EDGE_CURVE('',#4244,#4252,#4254,.T.);
#4252 = VERTEX_POINT('',#4253);
#4253 = CARTESIAN_POINT('',(0.375,-0.6,5.E-02));
#4254 = LINE('',#4255,#4256);
#4255 = CARTESIAN_POINT('',(0.375,-0.6,0.));
#4256 = VECTOR('',#4257,1.);
#4257 = DIRECTION('',(0.,0.,1.));
#4258 = ORIENTED_EDGE('',*,*,#4259,.T.);
#4259 = EDGE_CURVE('',#4252,#4214,#4260,.T.);
#4260 = LINE('',#4261,#4262);
#4261 = CARTESIAN_POINT('',(0.375,-0.6,5.E-02));
#4262 = VECTOR('',#4263,1.);
#4263 = DIRECTION('',(-1.,2.775557561563E-16,0.));
#4264 = ORIENTED_EDGE('',*,*,#4213,.F.);
#4265 = PLANE('',#4266);
#4266 = AXIS2_PLACEMENT_3D('',#4267,#4268,#4269);
#4267 = CARTESIAN_POINT('',(0.375,-0.6,0.));
#4268 = DIRECTION('',(2.775557561563E-16,1.,0.));
#4269 = DIRECTION('',(-1.,2.775557561563E-16,0.));
#4270 = ADVANCED_FACE('',(#4271),#4296,.F.);
#4271 = FACE_BOUND('',#4272,.T.);
#4272 = EDGE_LOOP('',(#4273,#4281,#4289,#4295));
#4273 = ORIENTED_EDGE('',*,*,#4274,.F.);
#4274 = EDGE_CURVE('',#4275,#4244,#4277,.T.);
#4275 = VERTEX_POINT('',#4276);
#4276 = CARTESIAN_POINT('',(0.375,-1.,0.));
#4277 = LINE('',#4278,#4279);
#4278 = CARTESIAN_POINT('',(0.375,-0.5,0.));
#4279 = VECTOR('',#4280,1.);
#4280 = DIRECTION('',(1.734723475977E-16,1.,0.));
#4281 = ORIENTED_EDGE('',*,*,#4282,.F.);
#4282 = EDGE_CURVE('',#4283,#4275,#4285,.T.);
#4283 = VERTEX_POINT('',#4284);
#4284 = CARTESIAN_POINT('',(0.375,-1.,5.E-02));
#4285 = LINE('',#4286,#4287);
#4286 = CARTESIAN_POINT('',(0.375,-1.,0.));
#4287 = VECTOR('',#4288,1.);
#4288 = DIRECTION('',(0.,0.,-1.));
#4289 = ORIENTED_EDGE('',*,*,#4290,.T.);
#4290 = EDGE_CURVE('',#4283,#4252,#4291,.T.);
#4291 = LINE('',#4292,#4293);
#4292 = CARTESIAN_POINT('',(0.375,-1.,5.E-02));
#4293 = VECTOR('',#4294,1.);
#4294 = DIRECTION('',(1.734723475977E-16,1.,0.));
#4295 = ORIENTED_EDGE('',*,*,#4251,.F.);
#4296 = PLANE('',#4297);
#4297 = AXIS2_PLACEMENT_3D('',#4298,#4299,#4300);
#4298 = CARTESIAN_POINT('',(0.375,-1.,0.));
#4299 = DIRECTION('',(1.,-1.734723475977E-16,0.));
#4300 = DIRECTION('',(1.734723475977E-16,1.,0.));
#4301 = ADVANCED_FACE('',(#4302),#4313,.F.);
#4302 = FACE_BOUND('',#4303,.T.);
#4303 = EDGE_LOOP('',(#4304,#4310,#4311,#4312));
#4304 = ORIENTED_EDGE('',*,*,#4305,.F.);
#4305 = EDGE_CURVE('',#4222,#4283,#4306,.T.);
#4306 = LINE('',#4307,#4308);
#4307 = CARTESIAN_POINT('',(-0.375,-1.,5.E-02));
#4308 = VECTOR('',#4309,1.);
#4309 = DIRECTION('',(1.,0.,0.));
#4310 = ORIENTED_EDGE('',*,*,#4221,.F.);
#4311 = ORIENTED_EDGE('',*,*,#4259,.F.);
#4312 = ORIENTED_EDGE('',*,*,#4290,.F.);
#4313 = PLANE('',#4314);
#4314 = AXIS2_PLACEMENT_3D('',#4315,#4316,#4317);
#4315 = CARTESIAN_POINT('',(0.25,-0.8,5.E-02));
#4316 = DIRECTION('',(0.,0.,1.));
#4317 = DIRECTION('',(1.,0.,-0.));
#4318 = ADVANCED_FACE('',(#4319),#4353,.F.);
#4319 = FACE_BOUND('',#4320,.T.);
#4320 = EDGE_LOOP('',(#4321,#4331,#4339,#4347));
#4321 = ORIENTED_EDGE('',*,*,#4322,.F.);
#4322 = EDGE_CURVE('',#4323,#4325,#4327,.T.);
#4323 = VERTEX_POINT('',#4324);
#4324 = CARTESIAN_POINT('',(-0.375,-0.6,0.));
#4325 = VERTEX_POINT('',#4326);
#4326 = CARTESIAN_POINT('',(-0.375,-1.,0.));
#4327 = LINE('',#4328,#4329);
#4328 = CARTESIAN_POINT('',(-0.375,-0.3,0.));
#4329 = VECTOR('',#4330,1.);
#4330 = DIRECTION('',(-1.734723475977E-16,-1.,0.));
#4331 = ORIENTED_EDGE('',*,*,#4332,.T.);
#4332 = EDGE_CURVE('',#4323,#4333,#4335,.T.);
#4333 = VERTEX_POINT('',#4334);
#4334 = CARTESIAN_POINT('',(-0.375,-0.6,5.E-02));
#4335 = LINE('',#4336,#4337);
#4336 = CARTESIAN_POINT('',(-0.375,-0.6,0.));
#4337 = VECTOR('',#4338,1.);
#4338 = DIRECTION('',(0.,0.,1.));
#4339 = ORIENTED_EDGE('',*,*,#4340,.T.);
#4340 = EDGE_CURVE('',#4333,#4341,#4343,.T.);
#4341 = VERTEX_POINT('',#4342);
#4342 = CARTESIAN_POINT('',(-0.375,-1.,5.E-02));
#4343 = LINE('',#4344,#4345);
#4344 = CARTESIAN_POINT('',(-0.375,-0.6,5.E-02));
#4345 = VECTOR('',#4346,1.);
#4346 = DIRECTION('',(-1.734723475977E-16,-1.,0.));
#4347 = ORIENTED_EDGE('',*,*,#4348,.F.);
#4348 = EDGE_CURVE('',#4325,#4341,#4349,.T.);
#4349 = LINE('',#4350,#4351);
#4350 = CARTESIAN_POINT('',(-0.375,-1.,0.));
#4351 = VECTOR('',#4352,1.);
#4352 = DIRECTION('',(0.,0.,1.));
#4353 = PLANE('',#4354);
#4354 = AXIS2_PLACEMENT_3D('',#4355,#4356,#4357);
#4355 = CARTESIAN_POINT('',(-0.375,-0.6,0.));
#4356 = DIRECTION('',(-1.,1.734723475977E-16,0.));
#4357 = DIRECTION('',(-1.734723475977E-16,-1.,0.));
#4358 = ADVANCED_FACE('',(#4359),#4384,.F.);
#4359 = FACE_BOUND('',#4360,.T.);
#4360 = EDGE_LOOP('',(#4361,#4369,#4377,#4383));
#4361 = ORIENTED_EDGE('',*,*,#4362,.F.);
#4362 = EDGE_CURVE('',#4363,#4323,#4365,.T.);
#4363 = VERTEX_POINT('',#4364);
#4364 = CARTESIAN_POINT('',(-0.125,-0.6,0.));
#4365 = LINE('',#4366,#4367);
#4366 = CARTESIAN_POINT('',(-6.25E-02,-0.6,0.));
#4367 = VECTOR('',#4368,1.);
#4368 = DIRECTION('',(-1.,2.775557561563E-16,0.));
#4369 = ORIENTED_EDGE('',*,*,#4370,.T.);
#4370 = EDGE_CURVE('',#4363,#4371,#4373,.T.);
#4371 = VERTEX_POINT('',#4372);
#4372 = CARTESIAN_POINT('',(-0.125,-0.6,5.E-02));
#4373 = LINE('',#4374,#4375);
#4374 = CARTESIAN_POINT('',(-0.125,-0.6,0.));
#4375 = VECTOR('',#4376,1.);
#4376 = DIRECTION('',(0.,0.,1.));
#4377 = ORIENTED_EDGE('',*,*,#4378,.T.);
#4378 = EDGE_CURVE('',#4371,#4333,#4379,.T.);
#4379 = LINE('',#4380,#4381);
#4380 = CARTESIAN_POINT('',(-0.125,-0.6,5.E-02));
#4381 = VECTOR('',#4382,1.);
#4382 = DIRECTION('',(-1.,2.775557561563E-16,0.));
#4383 = ORIENTED_EDGE('',*,*,#4332,.F.);
#4384 = PLANE('',#4385);
#4385 = AXIS2_PLACEMENT_3D('',#4386,#4387,#4388);
#4386 = CARTESIAN_POINT('',(-0.125,-0.6,0.));
#4387 = DIRECTION('',(2.775557561563E-16,1.,0.));
#4388 = DIRECTION('',(-1.,2.775557561563E-16,0.));
#4389 = ADVANCED_FACE('',(#4390),#4415,.F.);
#4390 = FACE_BOUND('',#4391,.T.);
#4391 = EDGE_LOOP('',(#4392,#4400,#4408,#4414));
#4392 = ORIENTED_EDGE('',*,*,#4393,.F.);
#4393 = EDGE_CURVE('',#4394,#4363,#4396,.T.);
#4394 = VERTEX_POINT('',#4395);
#4395 = CARTESIAN_POINT('',(-0.125,-1.,0.));
#4396 = LINE('',#4397,#4398);
#4397 = CARTESIAN_POINT('',(-0.125,-0.5,0.));
#4398 = VECTOR('',#4399,1.);
#4399 = DIRECTION('',(1.301042606983E-16,1.,0.));
#4400 = ORIENTED_EDGE('',*,*,#4401,.F.);
#4401 = EDGE_CURVE('',#4402,#4394,#4404,.T.);
#4402 = VERTEX_POINT('',#4403);
#4403 = CARTESIAN_POINT('',(-0.125,-1.,5.E-02));
#4404 = LINE('',#4405,#4406);
#4405 = CARTESIAN_POINT('',(-0.125,-1.,0.));
#4406 = VECTOR('',#4407,1.);
#4407 = DIRECTION('',(0.,0.,-1.));
#4408 = ORIENTED_EDGE('',*,*,#4409,.T.);
#4409 = EDGE_CURVE('',#4402,#4371,#4410,.T.);
#4410 = LINE('',#4411,#4412);
#4411 = CARTESIAN_POINT('',(-0.125,-1.,5.E-02));
#4412 = VECTOR('',#4413,1.);
#4413 = DIRECTION('',(1.301042606983E-16,1.,0.));
#4414 = ORIENTED_EDGE('',*,*,#4370,.F.);
#4415 = PLANE('',#4416);
#4416 = AXIS2_PLACEMENT_3D('',#4417,#4418,#4419);
#4417 = CARTESIAN_POINT('',(-0.125,-1.,0.));
#4418 = DIRECTION('',(1.,-1.301042606983E-16,0.));
#4419 = DIRECTION('',(1.301042606983E-16,1.,0.));
#4420 = ADVANCED_FACE('',(#4421),#4432,.F.);
#4421 = FACE_BOUND('',#4422,.T.);
#4422 = EDGE_LOOP('',(#4423,#4429,#4430,#4431));
#4423 = ORIENTED_EDGE('',*,*,#4424,.F.);
#4424 = EDGE_CURVE('',#4341,#4402,#4425,.T.);
#4425 = LINE('',#4426,#4427);
#4426 = CARTESIAN_POINT('',(-0.625,-1.,5.E-02));
#4427 = VECTOR('',#4428,1.);
#4428 = DIRECTION('',(1.,0.,0.));
#4429 = ORIENTED_EDGE('',*,*,#4340,.F.);
#4430 = ORIENTED_EDGE('',*,*,#4378,.F.);
#4431 = ORIENTED_EDGE('',*,*,#4409,.F.);
#4432 = PLANE('',#4433);
#4433 = AXIS2_PLACEMENT_3D('',#4434,#4435,#4436);
#4434 = CARTESIAN_POINT('',(-0.25,-0.8,5.E-02));
#4435 = DIRECTION('',(0.,0.,1.));
#4436 = DIRECTION('',(1.,0.,-0.));
#4437 = ADVANCED_FACE('',(#4438),#4472,.F.);
#4438 = FACE_BOUND('',#4439,.T.);
#4439 = EDGE_LOOP('',(#4440,#4450,#4458,#4466));
#4440 = ORIENTED_EDGE('',*,*,#4441,.F.);
#4441 = EDGE_CURVE('',#4442,#4444,#4446,.T.);
#4442 = VERTEX_POINT('',#4443);
#4443 = CARTESIAN_POINT('',(1.,0.375,0.));
#4444 = VERTEX_POINT('',#4445);
#4445 = CARTESIAN_POINT('',(0.6,0.375,0.));
#4446 = LINE('',#4447,#4448);
#4447 = CARTESIAN_POINT('',(0.5,0.375,0.));
#4448 = VECTOR('',#4449,1.);
#4449 = DIRECTION('',(-1.,0.,0.));
#4450 = ORIENTED_EDGE('',*,*,#4451,.F.);
#4451 = EDGE_CURVE('',#4452,#4442,#4454,.T.);
#4452 = VERTEX_POINT('',#4453);
#4453 = CARTESIAN_POINT('',(1.,0.375,5.E-02));
#4454 = LINE('',#4455,#4456);
#4455 = CARTESIAN_POINT('',(1.,0.375,0.));
#4456 = VECTOR('',#4457,1.);
#4457 = DIRECTION('',(0.,0.,-1.));
#4458 = ORIENTED_EDGE('',*,*,#4459,.T.);
#4459 = EDGE_CURVE('',#4452,#4460,#4462,.T.);
#4460 = VERTEX_POINT('',#4461);
#4461 = CARTESIAN_POINT('',(0.6,0.375,5.E-02));
#4462 = LINE('',#4463,#4464);
#4463 = CARTESIAN_POINT('',(1.,0.375,5.E-02));
#4464 = VECTOR('',#4465,1.);
#4465 = DIRECTION('',(-1.,0.,0.));
#4466 = ORIENTED_EDGE('',*,*,#4467,.F.);
#4467 = EDGE_CURVE('',#4444,#4460,#4468,.T.);
#4468 = LINE('',#4469,#4470);
#4469 = CARTESIAN_POINT('',(0.6,0.375,0.));
#4470 = VECTOR('',#4471,1.);
#4471 = DIRECTION('',(0.,0.,1.));
#4472 = PLANE('',#4473);
#4473 = AXIS2_PLACEMENT_3D('',#4474,#4475,#4476);
#4474 = CARTESIAN_POINT('',(1.,0.375,0.));
#4475 = DIRECTION('',(0.,1.,0.));
#4476 = DIRECTION('',(-1.,0.,0.));
#4477 = ADVANCED_FACE('',(#4478),#4512,.F.);
#4478 = FACE_BOUND('',#4479,.T.);
#4479 = EDGE_LOOP('',(#4480,#4490,#4498,#4506));
#4480 = ORIENTED_EDGE('',*,*,#4481,.F.);
#4481 = EDGE_CURVE('',#4482,#4484,#4486,.T.);
#4482 = VERTEX_POINT('',#4483);
#4483 = CARTESIAN_POINT('',(0.6,0.125,0.));
#4484 = VERTEX_POINT('',#4485);
#4485 = CARTESIAN_POINT('',(1.,0.125,0.));
#4486 = LINE('',#4487,#4488);
#4487 = CARTESIAN_POINT('',(0.3,0.125,0.));
#4488 = VECTOR('',#4489,1.);
#4489 = DIRECTION('',(1.,0.,0.));
#4490 = ORIENTED_EDGE('',*,*,#4491,.T.);
#4491 = EDGE_CURVE('',#4482,#4492,#4494,.T.);
#4492 = VERTEX_POINT('',#4493);
#4493 = CARTESIAN_POINT('',(0.6,0.125,5.E-02));
#4494 = LINE('',#4495,#4496);
#4495 = CARTESIAN_POINT('',(0.6,0.125,0.));
#4496 = VECTOR('',#4497,1.);
#4497 = DIRECTION('',(0.,0.,1.));
#4498 = ORIENTED_EDGE('',*,*,#4499,.T.);
#4499 = EDGE_CURVE('',#4492,#4500,#4502,.T.);
#4500 = VERTEX_POINT('',#4501);
#4501 = CARTESIAN_POINT('',(1.,0.125,5.E-02));
#4502 = LINE('',#4503,#4504);
#4503 = CARTESIAN_POINT('',(0.6,0.125,5.E-02));
#4504 = VECTOR('',#4505,1.);
#4505 = DIRECTION('',(1.,0.,0.));
#4506 = ORIENTED_EDGE('',*,*,#4507,.F.);
#4507 = EDGE_CURVE('',#4484,#4500,#4508,.T.);
#4508 = LINE('',#4509,#4510);
#4509 = CARTESIAN_POINT('',(1.,0.125,0.));
#4510 = VECTOR('',#4511,1.);
#4511 = DIRECTION('',(0.,0.,1.));
#4512 = PLANE('',#4513);
#4513 = AXIS2_PLACEMENT_3D('',#4514,#4515,#4516);
#4514 = CARTESIAN_POINT('',(0.6,0.125,0.));
#4515 = DIRECTION('',(0.,-1.,0.));
#4516 = DIRECTION('',(1.,0.,0.));
#4517 = ADVANCED_FACE('',(#4518),#4534,.F.);
#4518 = FACE_BOUND('',#4519,.T.);
#4519 = EDGE_LOOP('',(#4520,#4526,#4527,#4533));
#4520 = ORIENTED_EDGE('',*,*,#4521,.F.);
#4521 = EDGE_CURVE('',#4444,#4482,#4522,.T.);
#4522 = LINE('',#4523,#4524);
#4523 = CARTESIAN_POINT('',(0.6,0.1875,0.));
#4524 = VECTOR('',#4525,1.);
#4525 = DIRECTION('',(0.,-1.,0.));
#4526 = ORIENTED_EDGE('',*,*,#4467,.T.);
#4527 = ORIENTED_EDGE('',*,*,#4528,.T.);
#4528 = EDGE_CURVE('',#4460,#4492,#4529,.T.);
#4529 = LINE('',#4530,#4531);
#4530 = CARTESIAN_POINT('',(0.6,0.375,5.E-02));
#4531 = VECTOR('',#4532,1.);
#4532 = DIRECTION('',(0.,-1.,0.));
#4533 = ORIENTED_EDGE('',*,*,#4491,.F.);
#4534 = PLANE('',#4535);
#4535 = AXIS2_PLACEMENT_3D('',#4536,#4537,#4538);
#4536 = CARTESIAN_POINT('',(0.6,0.375,0.));
#4537 = DIRECTION('',(-1.,0.,0.));
#4538 = DIRECTION('',(0.,-1.,0.));
#4539 = ADVANCED_FACE('',(#4540),#4551,.F.);
#4540 = FACE_BOUND('',#4541,.T.);
#4541 = EDGE_LOOP('',(#4542,#4543,#4544,#4550));
#4542 = ORIENTED_EDGE('',*,*,#4528,.F.);
#4543 = ORIENTED_EDGE('',*,*,#4459,.F.);
#4544 = ORIENTED_EDGE('',*,*,#4545,.F.);
#4545 = EDGE_CURVE('',#4500,#4452,#4546,.T.);
#4546 = LINE('',#4547,#4548);
#4547 = CARTESIAN_POINT('',(1.,-0.375,5.E-02));
#4548 = VECTOR('',#4549,1.);
#4549 = DIRECTION('',(-6.938893903907E-17,1.,0.));
#4550 = ORIENTED_EDGE('',*,*,#4499,.F.);
#4551 = PLANE('',#4552);
#4552 = AXIS2_PLACEMENT_3D('',#4553,#4554,#4555);
#4553 = CARTESIAN_POINT('',(0.8,0.25,5.E-02));
#4554 = DIRECTION('',(0.,0.,1.));
#4555 = DIRECTION('',(1.,0.,-0.));
#4556 = ADVANCED_FACE('',(#4557),#4591,.F.);
#4557 = FACE_BOUND('',#4558,.T.);
#4558 = EDGE_LOOP('',(#4559,#4569,#4577,#4585));
#4559 = ORIENTED_EDGE('',*,*,#4560,.F.);
#4560 = EDGE_CURVE('',#4561,#4563,#4565,.T.);
#4561 = VERTEX_POINT('',#4562);
#4562 = CARTESIAN_POINT('',(0.375,0.6,0.));
#4563 = VERTEX_POINT('',#4564);
#4564 = CARTESIAN_POINT('',(0.375,1.,0.));
#4565 = LINE('',#4566,#4567);
#4566 = CARTESIAN_POINT('',(0.375,0.3,0.));
#4567 = VECTOR('',#4568,1.);
#4568 = DIRECTION('',(0.,1.,0.));
#4569 = ORIENTED_EDGE('',*,*,#4570,.T.);
#4570 = EDGE_CURVE('',#4561,#4571,#4573,.T.);
#4571 = VERTEX_POINT('',#4572);
#4572 = CARTESIAN_POINT('',(0.375,0.6,5.E-02));
#4573 = LINE('',#4574,#4575);
#4574 = CARTESIAN_POINT('',(0.375,0.6,0.));
#4575 = VECTOR('',#4576,1.);
#4576 = DIRECTION('',(0.,0.,1.));
#4577 = ORIENTED_EDGE('',*,*,#4578,.T.);
#4578 = EDGE_CURVE('',#4571,#4579,#4581,.T.);
#4579 = VERTEX_POINT('',#4580);
#4580 = CARTESIAN_POINT('',(0.375,1.,5.E-02));
#4581 = LINE('',#4582,#4583);
#4582 = CARTESIAN_POINT('',(0.375,0.6,5.E-02));
#4583 = VECTOR('',#4584,1.);
#4584 = DIRECTION('',(0.,1.,0.));
#4585 = ORIENTED_EDGE('',*,*,#4586,.F.);
#4586 = EDGE_CURVE('',#4563,#4579,#4587,.T.);
#4587 = LINE('',#4588,#4589);
#4588 = CARTESIAN_POINT('',(0.375,1.,0.));
#4589 = VECTOR('',#4590,1.);
#4590 = DIRECTION('',(0.,0.,1.));
#4591 = PLANE('',#4592);
#4592 = AXIS2_PLACEMENT_3D('',#4593,#4594,#4595);
#4593 = CARTESIAN_POINT('',(0.375,0.6,0.));
#4594 = DIRECTION('',(1.,0.,0.));
#4595 = DIRECTION('',(-0.,1.,0.));
#4596 = ADVANCED_FACE('',(#4597),#4622,.F.);
#4597 = FACE_BOUND('',#4598,.T.);
#4598 = EDGE_LOOP('',(#4599,#4607,#4615,#4621));
#4599 = ORIENTED_EDGE('',*,*,#4600,.F.);
#4600 = EDGE_CURVE('',#4601,#4561,#4603,.T.);
#4601 = VERTEX_POINT('',#4602);
#4602 = CARTESIAN_POINT('',(0.125,0.6,0.));
#4603 = LINE('',#4604,#4605);
#4604 = CARTESIAN_POINT('',(6.25E-02,0.6,0.));
#4605 = VECTOR('',#4606,1.);
#4606 = DIRECTION('',(1.,0.,0.));
#4607 = ORIENTED_EDGE('',*,*,#4608,.T.);
#4608 = EDGE_CURVE('',#4601,#4609,#4611,.T.);
#4609 = VERTEX_POINT('',#4610);
#4610 = CARTESIAN_POINT('',(0.125,0.6,5.E-02));
#4611 = LINE('',#4612,#4613);
#4612 = CARTESIAN_POINT('',(0.125,0.6,0.));
#4613 = VECTOR('',#4614,1.);
#4614 = DIRECTION('',(0.,0.,1.));
#4615 = ORIENTED_EDGE('',*,*,#4616,.T.);
#4616 = EDGE_CURVE('',#4609,#4571,#4617,.T.);
#4617 = LINE('',#4618,#4619);
#4618 = CARTESIAN_POINT('',(0.125,0.6,5.E-02));
#4619 = VECTOR('',#4620,1.);
#4620 = DIRECTION('',(1.,0.,0.));
#4621 = ORIENTED_EDGE('',*,*,#4570,.F.);
#4622 = PLANE('',#4623);
#4623 = AXIS2_PLACEMENT_3D('',#4624,#4625,#4626);
#4624 = CARTESIAN_POINT('',(0.125,0.6,0.));
#4625 = DIRECTION('',(0.,-1.,0.));
#4626 = DIRECTION('',(1.,0.,0.));
#4627 = ADVANCED_FACE('',(#4628),#4653,.F.);
#4628 = FACE_BOUND('',#4629,.T.);
#4629 = EDGE_LOOP('',(#4630,#4638,#4646,#4652));
#4630 = ORIENTED_EDGE('',*,*,#4631,.F.);
#4631 = EDGE_CURVE('',#4632,#4601,#4634,.T.);
#4632 = VERTEX_POINT('',#4633);
#4633 = CARTESIAN_POINT('',(0.125,1.,0.));
#4634 = LINE('',#4635,#4636);
#4635 = CARTESIAN_POINT('',(0.125,0.5,0.));
#4636 = VECTOR('',#4637,1.);
#4637 = DIRECTION('',(0.,-1.,0.));
#4638 = ORIENTED_EDGE('',*,*,#4639,.F.);
#4639 = EDGE_CURVE('',#4640,#4632,#4642,.T.);
#4640 = VERTEX_POINT('',#4641);
#4641 = CARTESIAN_POINT('',(0.125,1.,5.E-02));
#4642 = LINE('',#4643,#4644);
#4643 = CARTESIAN_POINT('',(0.125,1.,0.));
#4644 = VECTOR('',#4645,1.);
#4645 = DIRECTION('',(0.,0.,-1.));
#4646 = ORIENTED_EDGE('',*,*,#4647,.T.);
#4647 = EDGE_CURVE('',#4640,#4609,#4648,.T.);
#4648 = LINE('',#4649,#4650);
#4649 = CARTESIAN_POINT('',(0.125,1.,5.E-02));
#4650 = VECTOR('',#4651,1.);
#4651 = DIRECTION('',(0.,-1.,0.));
#4652 = ORIENTED_EDGE('',*,*,#4608,.F.);
#4653 = PLANE('',#4654);
#4654 = AXIS2_PLACEMENT_3D('',#4655,#4656,#4657);
#4655 = CARTESIAN_POINT('',(0.125,1.,0.));
#4656 = DIRECTION('',(-1.,0.,0.));
#4657 = DIRECTION('',(0.,-1.,0.));
#4658 = ADVANCED_FACE('',(#4659),#4670,.F.);
#4659 = FACE_BOUND('',#4660,.T.);
#4660 = EDGE_LOOP('',(#4661,#4662,#4668,#4669));
#4661 = ORIENTED_EDGE('',*,*,#4647,.F.);
#4662 = ORIENTED_EDGE('',*,*,#4663,.F.);
#4663 = EDGE_CURVE('',#4579,#4640,#4664,.T.);
#4664 = LINE('',#4665,#4666);
#4665 = CARTESIAN_POINT('',(0.625,1.,5.E-02));
#4666 = VECTOR('',#4667,1.);
#4667 = DIRECTION('',(-1.,-1.387778780781E-16,0.));
#4668 = ORIENTED_EDGE('',*,*,#4578,.F.);
#4669 = ORIENTED_EDGE('',*,*,#4616,.F.);
#4670 = PLANE('',#4671);
#4671 = AXIS2_PLACEMENT_3D('',#4672,#4673,#4674);
#4672 = CARTESIAN_POINT('',(0.25,0.8,5.E-02));
#4673 = DIRECTION('',(0.,0.,1.));
#4674 = DIRECTION('',(1.,0.,-0.));
#4675 = ADVANCED_FACE('',(#4676),#4710,.F.);
#4676 = FACE_BOUND('',#4677,.T.);
#4677 = EDGE_LOOP('',(#4678,#4688,#4696,#4704));
#4678 = ORIENTED_EDGE('',*,*,#4679,.F.);
#4679 = EDGE_CURVE('',#4680,#4682,#4684,.T.);
#4680 = VERTEX_POINT('',#4681);
#4681 = CARTESIAN_POINT('',(-0.6,0.375,0.));
#4682 = VERTEX_POINT('',#4683);
#4683 = CARTESIAN_POINT('',(-1.,0.375,0.));
#4684 = LINE('',#4685,#4686);
#4685 = CARTESIAN_POINT('',(-0.3,0.375,0.));
#4686 = VECTOR('',#4687,1.);
#4687 = DIRECTION('',(-1.,1.734723475977E-16,0.));
#4688 = ORIENTED_EDGE('',*,*,#4689,.T.);
#4689 = EDGE_CURVE('',#4680,#4690,#4692,.T.);
#4690 = VERTEX_POINT('',#4691);
#4691 = CARTESIAN_POINT('',(-0.6,0.375,5.E-02));
#4692 = LINE('',#4693,#4694);
#4693 = CARTESIAN_POINT('',(-0.6,0.375,0.));
#4694 = VECTOR('',#4695,1.);
#4695 = DIRECTION('',(0.,0.,1.));
#4696 = ORIENTED_EDGE('',*,*,#4697,.T.);
#4697 = EDGE_CURVE('',#4690,#4698,#4700,.T.);
#4698 = VERTEX_POINT('',#4699);
#4699 = CARTESIAN_POINT('',(-1.,0.375,5.E-02));
#4700 = LINE('',#4701,#4702);
#4701 = CARTESIAN_POINT('',(-0.6,0.375,5.E-02));
#4702 = VECTOR('',#4703,1.);
#4703 = DIRECTION('',(-1.,1.734723475977E-16,0.));
#4704 = ORIENTED_EDGE('',*,*,#4705,.F.);
#4705 = EDGE_CURVE('',#4682,#4698,#4706,.T.);
#4706 = LINE('',#4707,#4708);
#4707 = CARTESIAN_POINT('',(-1.,0.375,0.));
#4708 = VECTOR('',#4709,1.);
#4709 = DIRECTION('',(0.,0.,1.));
#4710 = PLANE('',#4711);
#4711 = AXIS2_PLACEMENT_3D('',#4712,#4713,#4714);
#4712 = CARTESIAN_POINT('',(-0.6,0.375,0.));
#4713 = DIRECTION('',(1.734723475977E-16,1.,0.));
#4714 = DIRECTION('',(-1.,1.734723475977E-16,0.));
#4715 = ADVANCED_FACE('',(#4716),#4741,.F.);
#4716 = FACE_BOUND('',#4717,.T.);
#4717 = EDGE_LOOP('',(#4718,#4726,#4734,#4740));
#4718 = ORIENTED_EDGE('',*,*,#4719,.F.);
#4719 = EDGE_CURVE('',#4720,#4680,#4722,.T.);
#4720 = VERTEX_POINT('',#4721);
#4721 = CARTESIAN_POINT('',(-0.6,0.125,0.));
#4722 = LINE('',#4723,#4724);
#4723 = CARTESIAN_POINT('',(-0.6,6.25E-02,0.));
#4724 = VECTOR('',#4725,1.);
#4725 = DIRECTION('',(2.775557561563E-16,1.,0.));
#4726 = ORIENTED_EDGE('',*,*,#4727,.T.);
#4727 = EDGE_CURVE('',#4720,#4728,#4730,.T.);
#4728 = VERTEX_POINT('',#4729);
#4729 = CARTESIAN_POINT('',(-0.6,0.125,5.E-02));
#4730 = LINE('',#4731,#4732);
#4731 = CARTESIAN_POINT('',(-0.6,0.125,0.));
#4732 = VECTOR('',#4733,1.);
#4733 = DIRECTION('',(0.,0.,1.));
#4734 = ORIENTED_EDGE('',*,*,#4735,.T.);
#4735 = EDGE_CURVE('',#4728,#4690,#4736,.T.);
#4736 = LINE('',#4737,#4738);
#4737 = CARTESIAN_POINT('',(-0.6,0.125,5.E-02));
#4738 = VECTOR('',#4739,1.);
#4739 = DIRECTION('',(2.775557561563E-16,1.,0.));
#4740 = ORIENTED_EDGE('',*,*,#4689,.F.);
#4741 = PLANE('',#4742);
#4742 = AXIS2_PLACEMENT_3D('',#4743,#4744,#4745);
#4743 = CARTESIAN_POINT('',(-0.6,0.125,0.));
#4744 = DIRECTION('',(1.,-2.775557561563E-16,0.));
#4745 = DIRECTION('',(2.775557561563E-16,1.,0.));
#4746 = ADVANCED_FACE('',(#4747),#4772,.F.);
#4747 = FACE_BOUND('',#4748,.T.);
#4748 = EDGE_LOOP('',(#4749,#4757,#4765,#4771));
#4749 = ORIENTED_EDGE('',*,*,#4750,.F.);
#4750 = EDGE_CURVE('',#4751,#4720,#4753,.T.);
#4751 = VERTEX_POINT('',#4752);
#4752 = CARTESIAN_POINT('',(-1.,0.125,0.));
#4753 = LINE('',#4754,#4755);
#4754 = CARTESIAN_POINT('',(-0.5,0.125,0.));
#4755 = VECTOR('',#4756,1.);
#4756 = DIRECTION('',(1.,-1.301042606983E-16,0.));
#4757 = ORIENTED_EDGE('',*,*,#4758,.F.);
#4758 = EDGE_CURVE('',#4759,#4751,#4761,.T.);
#4759 = VERTEX_POINT('',#4760);
#4760 = CARTESIAN_POINT('',(-1.,0.125,5.E-02));
#4761 = LINE('',#4762,#4763);
#4762 = CARTESIAN_POINT('',(-1.,0.125,0.));
#4763 = VECTOR('',#4764,1.);
#4764 = DIRECTION('',(0.,0.,-1.));
#4765 = ORIENTED_EDGE('',*,*,#4766,.T.);
#4766 = EDGE_CURVE('',#4759,#4728,#4767,.T.);
#4767 = LINE('',#4768,#4769);
#4768 = CARTESIAN_POINT('',(-1.,0.125,5.E-02));
#4769 = VECTOR('',#4770,1.);
#4770 = DIRECTION('',(1.,-1.301042606983E-16,0.));
#4771 = ORIENTED_EDGE('',*,*,#4727,.F.);
#4772 = PLANE('',#4773);
#4773 = AXIS2_PLACEMENT_3D('',#4774,#4775,#4776);
#4774 = CARTESIAN_POINT('',(-1.,0.125,0.));
#4775 = DIRECTION('',(-1.301042606983E-16,-1.,0.));
#4776 = DIRECTION('',(1.,-1.301042606983E-16,0.));
#4777 = ADVANCED_FACE('',(#4778),#4789,.F.);
#4778 = FACE_BOUND('',#4779,.T.);
#4779 = EDGE_LOOP('',(#4780,#4786,#4787,#4788));
#4780 = ORIENTED_EDGE('',*,*,#4781,.F.);
#4781 = EDGE_CURVE('',#4698,#4759,#4782,.T.);
#4782 = LINE('',#4783,#4784);
#4783 = CARTESIAN_POINT('',(-1.,0.625,5.E-02));
#4784 = VECTOR('',#4785,1.);
#4785 = DIRECTION('',(3.469446951954E-16,-1.,0.));
#4786 = ORIENTED_EDGE('',*,*,#4697,.F.);
#4787 = ORIENTED_EDGE('',*,*,#4735,.F.);
#4788 = ORIENTED_EDGE('',*,*,#4766,.F.);
#4789 = PLANE('',#4790);
#4790 = AXIS2_PLACEMENT_3D('',#4791,#4792,#4793);
#4791 = CARTESIAN_POINT('',(-0.8,0.25,5.E-02));
#4792 = DIRECTION('',(0.,0.,1.));
#4793 = DIRECTION('',(1.,0.,-0.));
#4794 = ADVANCED_FACE('',(#4795),#4865,.T.);
#4795 = FACE_BOUND('',#4796,.T.);
#4796 = EDGE_LOOP('',(#4797,#4798,#4799,#4800,#4806,#4807,#4808,#4809,
    #4815,#4816,#4817,#4818,#4826,#4834,#4842,#4850,#4856,#4857,#4858,
    #4859));
#4797 = ORIENTED_EDGE('',*,*,#3555,.T.);
#4798 = ORIENTED_EDGE('',*,*,#3593,.T.);
#4799 = ORIENTED_EDGE('',*,*,#3499,.T.);
#4800 = ORIENTED_EDGE('',*,*,#4801,.T.);
#4801 = EDGE_CURVE('',#3490,#4484,#4802,.T.);
#4802 = LINE('',#4803,#4804);
#4803 = CARTESIAN_POINT('',(1.,-1.,0.));
#4804 = VECTOR('',#4805,1.);
#4805 = DIRECTION('',(-6.938893903907E-17,1.,0.));
#4806 = ORIENTED_EDGE('',*,*,#4507,.T.);
#4807 = ORIENTED_EDGE('',*,*,#4545,.T.);
#4808 = ORIENTED_EDGE('',*,*,#4451,.T.);
#4809 = ORIENTED_EDGE('',*,*,#4810,.T.);
#4810 = EDGE_CURVE('',#4442,#3611,#4811,.T.);
#4811 = LINE('',#4812,#4813);
#4812 = CARTESIAN_POINT('',(1.,-1.,0.));
#4813 = VECTOR('',#4814,1.);
#4814 = DIRECTION('',(-6.938893903907E-17,1.,0.));
#4815 = ORIENTED_EDGE('',*,*,#3634,.T.);
#4816 = ORIENTED_EDGE('',*,*,#3711,.T.);
#4817 = ORIENTED_EDGE('',*,*,#3687,.T.);
#4818 = ORIENTED_EDGE('',*,*,#4819,.T.);
#4819 = EDGE_CURVE('',#3680,#4820,#4822,.T.);
#4820 = VERTEX_POINT('',#4821);
#4821 = CARTESIAN_POINT('',(1.,0.98,0.));
#4822 = LINE('',#4823,#4824);
#4823 = CARTESIAN_POINT('',(1.,-1.,0.));
#4824 = VECTOR('',#4825,1.);
#4825 = DIRECTION('',(-6.938893903907E-17,1.,0.));
#4826 = ORIENTED_EDGE('',*,*,#4827,.F.);
#4827 = EDGE_CURVE('',#4828,#4820,#4830,.T.);
#4828 = VERTEX_POINT('',#4829);
#4829 = CARTESIAN_POINT('',(1.,0.98,0.2));
#4830 = LINE('',#4831,#4832);
#4831 = CARTESIAN_POINT('',(1.,0.98,0.));
#4832 = VECTOR('',#4833,1.);
#4833 = DIRECTION('',(0.,0.,-1.));
#4834 = ORIENTED_EDGE('',*,*,#4835,.F.);
#4835 = EDGE_CURVE('',#4836,#4828,#4838,.T.);
#4836 = VERTEX_POINT('',#4837);
#4837 = CARTESIAN_POINT('',(1.,-0.98,0.2));
#4838 = LINE('',#4839,#4840);
#4839 = CARTESIAN_POINT('',(1.,-1.,0.2));
#4840 = VECTOR('',#4841,1.);
#4841 = DIRECTION('',(-6.938893903907E-17,1.,0.));
#4842 = ORIENTED_EDGE('',*,*,#4843,.F.);
#4843 = EDGE_CURVE('',#4844,#4836,#4846,.T.);
#4844 = VERTEX_POINT('',#4845);
#4845 = CARTESIAN_POINT('',(1.,-0.98,0.));
#4846 = LINE('',#4847,#4848);
#4847 = CARTESIAN_POINT('',(1.,-0.98,0.));
#4848 = VECTOR('',#4849,1.);
#4849 = DIRECTION('',(0.,0.,1.));
#4850 = ORIENTED_EDGE('',*,*,#4851,.T.);
#4851 = EDGE_CURVE('',#4844,#4037,#4852,.T.);
#4852 = LINE('',#4853,#4854);
#4853 = CARTESIAN_POINT('',(1.,-1.,0.));
#4854 = VECTOR('',#4855,1.);
#4855 = DIRECTION('',(-6.938893903907E-17,1.,0.));
#4856 = ORIENTED_EDGE('',*,*,#4053,.T.);
#4857 = ORIENTED_EDGE('',*,*,#4070,.T.);
#4858 = ORIENTED_EDGE('',*,*,#4013,.T.);
#4859 = ORIENTED_EDGE('',*,*,#4860,.T.);
#4860 = EDGE_CURVE('',#4006,#3532,#4861,.T.);
#4861 = LINE('',#4862,#4863);
#4862 = CARTESIAN_POINT('',(1.,-1.,0.));
#4863 = VECTOR('',#4864,1.);
#4864 = DIRECTION('',(-6.938893903907E-17,1.,0.));
#4865 = PLANE('',#4866);
#4866 = AXIS2_PLACEMENT_3D('',#4867,#4868,#4869);
#4867 = CARTESIAN_POINT('',(1.,-1.,0.));
#4868 = DIRECTION('',(1.,6.938893903907E-17,0.));
#4869 = DIRECTION('',(-6.938893903907E-17,1.,0.));
#4870 = ADVANCED_FACE('',(#4871),#4941,.T.);
#4871 = FACE_BOUND('',#4872,.T.);
#4872 = EDGE_LOOP('',(#4873,#4874,#4875,#4876,#4882,#4883,#4884,#4885,
    #4891,#4892,#4893,#4894,#4900,#4901,#4902,#4903,#4911,#4919,#4927,
    #4935));
#4873 = ORIENTED_EDGE('',*,*,#3435,.T.);
#4874 = ORIENTED_EDGE('',*,*,#3473,.T.);
#4875 = ORIENTED_EDGE('',*,*,#3387,.T.);
#4876 = ORIENTED_EDGE('',*,*,#4877,.T.);
#4877 = EDGE_CURVE('',#3380,#4682,#4878,.T.);
#4878 = LINE('',#4879,#4880);
#4879 = CARTESIAN_POINT('',(-1.,1.,0.));
#4880 = VECTOR('',#4881,1.);
#4881 = DIRECTION('',(3.469446951954E-16,-1.,0.));
#4882 = ORIENTED_EDGE('',*,*,#4705,.T.);
#4883 = ORIENTED_EDGE('',*,*,#4781,.T.);
#4884 = ORIENTED_EDGE('',*,*,#4758,.T.);
#4885 = ORIENTED_EDGE('',*,*,#4886,.T.);
#4886 = EDGE_CURVE('',#4751,#3849,#4887,.T.);
#4887 = LINE('',#4888,#4889);
#4888 = CARTESIAN_POINT('',(-1.,1.,0.));
#4889 = VECTOR('',#4890,1.);
#4890 = DIRECTION('',(3.469446951954E-16,-1.,0.));
#4891 = ORIENTED_EDGE('',*,*,#3872,.T.);
#4892 = ORIENTED_EDGE('',*,*,#3948,.T.);
#4893 = ORIENTED_EDGE('',*,*,#3925,.T.);
#4894 = ORIENTED_EDGE('',*,*,#4895,.T.);
#4895 = EDGE_CURVE('',#3918,#4087,#4896,.T.);
#4896 = LINE('',#4897,#4898);
#4897 = CARTESIAN_POINT('',(-1.,1.,0.));
#4898 = VECTOR('',#4899,1.);
#4899 = DIRECTION('',(3.469446951954E-16,-1.,0.));
#4900 = ORIENTED_EDGE('',*,*,#4110,.T.);
#4901 = ORIENTED_EDGE('',*,*,#4186,.T.);
#4902 = ORIENTED_EDGE('',*,*,#4163,.T.);
#4903 = ORIENTED_EDGE('',*,*,#4904,.T.);
#4904 = EDGE_CURVE('',#4156,#4905,#4907,.T.);
#4905 = VERTEX_POINT('',#4906);
#4906 = CARTESIAN_POINT('',(-1.,-0.98,0.));
#4907 = LINE('',#4908,#4909);
#4908 = CARTESIAN_POINT('',(-1.,1.,0.));
#4909 = VECTOR('',#4910,1.);
#4910 = DIRECTION('',(3.469446951954E-16,-1.,0.));
#4911 = ORIENTED_EDGE('',*,*,#4912,.F.);
#4912 = EDGE_CURVE('',#4913,#4905,#4915,.T.);
#4913 = VERTEX_POINT('',#4914);
#4914 = CARTESIAN_POINT('',(-1.,-0.98,0.2));
#4915 = LINE('',#4916,#4917);
#4916 = CARTESIAN_POINT('',(-1.,-0.98,0.));
#4917 = VECTOR('',#4918,1.);
#4918 = DIRECTION('',(0.,0.,-1.));
#4919 = ORIENTED_EDGE('',*,*,#4920,.F.);
#4920 = EDGE_CURVE('',#4921,#4913,#4923,.T.);
#4921 = VERTEX_POINT('',#4922);
#4922 = CARTESIAN_POINT('',(-1.,0.98,0.2));
#4923 = LINE('',#4924,#4925);
#4924 = CARTESIAN_POINT('',(-1.,1.,0.2));
#4925 = VECTOR('',#4926,1.);
#4926 = DIRECTION('',(3.469446951954E-16,-1.,0.));
#4927 = ORIENTED_EDGE('',*,*,#4928,.F.);
#4928 = EDGE_CURVE('',#4929,#4921,#4931,.T.);
#4929 = VERTEX_POINT('',#4930);
#4930 = CARTESIAN_POINT('',(-1.,0.98,0.));
#4931 = LINE('',#4932,#4933);
#4932 = CARTESIAN_POINT('',(-1.,0.98,0.));
#4933 = VECTOR('',#4934,1.);
#4934 = DIRECTION('',(0.,0.,1.));
#4935 = ORIENTED_EDGE('',*,*,#4936,.T.);
#4936 = EDGE_CURVE('',#4929,#3412,#4937,.T.);
#4937 = LINE('',#4938,#4939);
#4938 = CARTESIAN_POINT('',(-1.,1.,0.));
#4939 = VECTOR('',#4940,1.);
#4940 = DIRECTION('',(3.469446951954E-16,-1.,0.));
#4941 = PLANE('',#4942);
#4942 = AXIS2_PLACEMENT_3D('',#4943,#4944,#4945);
#4943 = CARTESIAN_POINT('',(-1.,1.,0.));
#4944 = DIRECTION('',(-1.,-3.469446951954E-16,0.));
#4945 = DIRECTION('',(3.469446951954E-16,-1.,0.));
#4946 = ADVANCED_FACE('',(#4947),#4974,.T.);
#4947 = FACE_BOUND('',#4948,.T.);
#4948 = EDGE_LOOP('',(#4949,#4958,#4966,#4973));
#4949 = ORIENTED_EDGE('',*,*,#4950,.T.);
#4950 = EDGE_CURVE('',#4921,#4951,#4953,.T.);
#4951 = VERTEX_POINT('',#4952);
#4952 = CARTESIAN_POINT('',(-0.98,1.,0.2));
#4953 = CIRCLE('',#4954,2.E-02);
#4954 = AXIS2_PLACEMENT_3D('',#4955,#4956,#4957);
#4955 = CARTESIAN_POINT('',(-0.98,0.98,0.2));
#4956 = DIRECTION('',(0.,0.,-1.));
#4957 = DIRECTION('',(-0.707106781187,0.707106781187,0.));
#4958 = ORIENTED_EDGE('',*,*,#4959,.T.);
#4959 = EDGE_CURVE('',#4951,#4960,#4962,.T.);
#4960 = VERTEX_POINT('',#4961);
#4961 = CARTESIAN_POINT('',(-0.98,1.,0.));
#4962 = LINE('',#4963,#4964);
#4963 = CARTESIAN_POINT('',(-0.98,1.,0.));
#4964 = VECTOR('',#4965,1.);
#4965 = DIRECTION('',(0.,0.,-1.));
#4966 = ORIENTED_EDGE('',*,*,#4967,.T.);
#4967 = EDGE_CURVE('',#4960,#4929,#4968,.T.);
#4968 = CIRCLE('',#4969,2.E-02);
#4969 = AXIS2_PLACEMENT_3D('',#4970,#4971,#4972);
#4970 = CARTESIAN_POINT('',(-0.98,0.98,0.));
#4971 = DIRECTION('',(0.,0.,1.));
#4972 = DIRECTION('',(-0.707106781187,0.707106781187,0.));
#4973 = ORIENTED_EDGE('',*,*,#4928,.T.);
#4974 = CYLINDRICAL_SURFACE('',#4975,2.E-02);
#4975 = AXIS2_PLACEMENT_3D('',#4976,#4977,#4978);
#4976 = CARTESIAN_POINT('',(-0.98,0.98,0.));
#4977 = DIRECTION('',(0.,0.,1.));
#4978 = DIRECTION('',(-0.707106781187,0.707106781187,0.));
#4979 = ADVANCED_FACE('',(#4980),#5093,.F.);
#4980 = FACE_BOUND('',#4981,.T.);
#4981 = EDGE_LOOP('',(#4982,#4983,#4984,#4985,#4991,#4992,#4993,#4994,
    #5000,#5001,#5002,#5003,#5011,#5018,#5019,#5020,#5021,#5022,#5023,
    #5024,#5025,#5026,#5027,#5028,#5029,#5030,#5031,#5032,#5033,#5034,
    #5035,#5044,#5050,#5051,#5052,#5053,#5059,#5060,#5061,#5062,#5070,
    #5077,#5078,#5079,#5080,#5081,#5082,#5083,#5084,#5085,#5086,#5087,
    #5088,#5089,#5090,#5091,#5092));
#4982 = ORIENTED_EDGE('',*,*,#3409,.T.);
#4983 = ORIENTED_EDGE('',*,*,#4936,.F.);
#4984 = ORIENTED_EDGE('',*,*,#4967,.F.);
#4985 = ORIENTED_EDGE('',*,*,#4986,.F.);
#4986 = EDGE_CURVE('',#3799,#4960,#4987,.T.);
#4987 = LINE('',#4988,#4989);
#4988 = CARTESIAN_POINT('',(1.,1.,0.));
#4989 = VECTOR('',#4990,1.);
#4990 = DIRECTION('',(-1.,-1.387778780781E-16,0.));
#4991 = ORIENTED_EDGE('',*,*,#3798,.T.);
#4992 = ORIENTED_EDGE('',*,*,#3767,.T.);
#4993 = ORIENTED_EDGE('',*,*,#3727,.T.);
#4994 = ORIENTED_EDGE('',*,*,#4995,.F.);
#4995 = EDGE_CURVE('',#4632,#3730,#4996,.T.);
#4996 = LINE('',#4997,#4998);
#4997 = CARTESIAN_POINT('',(1.,1.,0.));
#4998 = VECTOR('',#4999,1.);
#4999 = DIRECTION('',(-1.,-1.387778780781E-16,0.));
#5000 = ORIENTED_EDGE('',*,*,#4631,.T.);
#5001 = ORIENTED_EDGE('',*,*,#4600,.T.);
#5002 = ORIENTED_EDGE('',*,*,#4560,.T.);
#5003 = ORIENTED_EDGE('',*,*,#5004,.F.);
#5004 = EDGE_CURVE('',#5005,#4563,#5007,.T.);
#5005 = VERTEX_POINT('',#5006);
#5006 = CARTESIAN_POINT('',(0.98,1.,0.));
#5007 = LINE('',#5008,#5009);
#5008 = CARTESIAN_POINT('',(1.,1.,0.));
#5009 = VECTOR('',#5010,1.);
#5010 = DIRECTION('',(-1.,-1.387778780781E-16,0.));
#5011 = ORIENTED_EDGE('',*,*,#5012,.F.);
#5012 = EDGE_CURVE('',#4820,#5005,#5013,.T.);
#5013 = CIRCLE('',#5014,2.E-02);
#5014 = AXIS2_PLACEMENT_3D('',#5015,#5016,#5017);
#5015 = CARTESIAN_POINT('',(0.98,0.98,0.));
#5016 = DIRECTION('',(0.,0.,1.));
#5017 = DIRECTION('',(0.707106781187,0.707106781187,-0.));
#5018 = ORIENTED_EDGE('',*,*,#4819,.F.);
#5019 = ORIENTED_EDGE('',*,*,#3679,.T.);
#5020 = ORIENTED_EDGE('',*,*,#3648,.T.);
#5021 = ORIENTED_EDGE('',*,*,#3608,.T.);
#5022 = ORIENTED_EDGE('',*,*,#4810,.F.);
#5023 = ORIENTED_EDGE('',*,*,#4441,.T.);
#5024 = ORIENTED_EDGE('',*,*,#4521,.T.);
#5025 = ORIENTED_EDGE('',*,*,#4481,.T.);
#5026 = ORIENTED_EDGE('',*,*,#4801,.F.);
#5027 = ORIENTED_EDGE('',*,*,#3489,.T.);
#5028 = ORIENTED_EDGE('',*,*,#3569,.T.);
#5029 = ORIENTED_EDGE('',*,*,#3529,.T.);
#5030 = ORIENTED_EDGE('',*,*,#4860,.F.);
#5031 = ORIENTED_EDGE('',*,*,#4005,.T.);
#5032 = ORIENTED_EDGE('',*,*,#3965,.T.);
#5033 = ORIENTED_EDGE('',*,*,#4036,.T.);
#5034 = ORIENTED_EDGE('',*,*,#4851,.F.);
#5035 = ORIENTED_EDGE('',*,*,#5036,.F.);
#5036 = EDGE_CURVE('',#5037,#4844,#5039,.T.);
#5037 = VERTEX_POINT('',#5038);
#5038 = CARTESIAN_POINT('',(0.98,-1.,0.));
#5039 = CIRCLE('',#5040,2.E-02);
#5040 = AXIS2_PLACEMENT_3D('',#5041,#5042,#5043);
#5041 = CARTESIAN_POINT('',(0.98,-0.98,0.));
#5042 = DIRECTION('',(0.,0.,1.));
#5043 = DIRECTION('',(0.707106781187,-0.707106781187,0.));
#5044 = ORIENTED_EDGE('',*,*,#5045,.F.);
#5045 = EDGE_CURVE('',#4275,#5037,#5046,.T.);
#5046 = LINE('',#5047,#5048);
#5047 = CARTESIAN_POINT('',(-1.,-1.,0.));
#5048 = VECTOR('',#5049,1.);
#5049 = DIRECTION('',(1.,0.,0.));
#5050 = ORIENTED_EDGE('',*,*,#4274,.T.);
#5051 = ORIENTED_EDGE('',*,*,#4243,.T.);
#5052 = ORIENTED_EDGE('',*,*,#4203,.T.);
#5053 = ORIENTED_EDGE('',*,*,#5054,.F.);
#5054 = EDGE_CURVE('',#4394,#4206,#5055,.T.);
#5055 = LINE('',#5056,#5057);
#5056 = CARTESIAN_POINT('',(-1.,-1.,0.));
#5057 = VECTOR('',#5058,1.);
#5058 = DIRECTION('',(1.,0.,0.));
#5059 = ORIENTED_EDGE('',*,*,#4393,.T.);
#5060 = ORIENTED_EDGE('',*,*,#4362,.T.);
#5061 = ORIENTED_EDGE('',*,*,#4322,.T.);
#5062 = ORIENTED_EDGE('',*,*,#5063,.F.);
#5063 = EDGE_CURVE('',#5064,#4325,#5066,.T.);
#5064 = VERTEX_POINT('',#5065);
#5065 = CARTESIAN_POINT('',(-0.98,-1.,0.));
#5066 = LINE('',#5067,#5068);
#5067 = CARTESIAN_POINT('',(-1.,-1.,0.));
#5068 = VECTOR('',#5069,1.);
#5069 = DIRECTION('',(1.,0.,0.));
#5070 = ORIENTED_EDGE('',*,*,#5071,.F.);
#5071 = EDGE_CURVE('',#4905,#5064,#5072,.T.);
#5072 = CIRCLE('',#5073,2.E-02);
#5073 = AXIS2_PLACEMENT_3D('',#5074,#5075,#5076);
#5074 = CARTESIAN_POINT('',(-0.98,-0.98,0.));
#5075 = DIRECTION('',(0.,0.,1.));
#5076 = DIRECTION('',(-0.707106781187,-0.707106781187,0.));
#5077 = ORIENTED_EDGE('',*,*,#4904,.F.);
#5078 = ORIENTED_EDGE('',*,*,#4155,.T.);
#5079 = ORIENTED_EDGE('',*,*,#4124,.T.);
#5080 = ORIENTED_EDGE('',*,*,#4084,.T.);
#5081 = ORIENTED_EDGE('',*,*,#4895,.F.);
#5082 = ORIENTED_EDGE('',*,*,#3917,.T.);
#5083 = ORIENTED_EDGE('',*,*,#3886,.T.);
#5084 = ORIENTED_EDGE('',*,*,#3846,.T.);
#5085 = ORIENTED_EDGE('',*,*,#4886,.F.);
#5086 = ORIENTED_EDGE('',*,*,#4750,.T.);
#5087 = ORIENTED_EDGE('',*,*,#4719,.T.);
#5088 = ORIENTED_EDGE('',*,*,#4679,.T.);
#5089 = ORIENTED_EDGE('',*,*,#4877,.F.);
#5090 = ORIENTED_EDGE('',*,*,#3379,.T.);
#5091 = ORIENTED_EDGE('',*,*,#3356,.F.);
#5092 = ORIENTED_EDGE('',*,*,#3457,.T.);
#5093 = PLANE('',#5094);
#5094 = AXIS2_PLACEMENT_3D('',#5095,#5096,#5097);
#5095 = CARTESIAN_POINT('',(-1.387778780781E-16,2.775557561563E-16,0.));
#5096 = DIRECTION('',(0.,0.,1.));
#5097 = DIRECTION('',(1.,0.,-0.));
#5098 = ADVANCED_FACE('',(#5099),#5118,.T.);
#5099 = FACE_BOUND('',#5100,.T.);
#5100 = EDGE_LOOP('',(#5101,#5110,#5111,#5112));
#5101 = ORIENTED_EDGE('',*,*,#5102,.T.);
#5102 = EDGE_CURVE('',#5103,#4913,#5105,.T.);
#5103 = VERTEX_POINT('',#5104);
#5104 = CARTESIAN_POINT('',(-0.98,-1.,0.2));
#5105 = CIRCLE('',#5106,2.E-02);
#5106 = AXIS2_PLACEMENT_3D('',#5107,#5108,#5109);
#5107 = CARTESIAN_POINT('',(-0.98,-0.98,0.2));
#5108 = DIRECTION('',(0.,0.,-1.));
#5109 = DIRECTION('',(-0.707106781187,-0.707106781187,-0.));
#5110 = ORIENTED_EDGE('',*,*,#4912,.T.);
#5111 = ORIENTED_EDGE('',*,*,#5071,.T.);
#5112 = ORIENTED_EDGE('',*,*,#5113,.T.);
#5113 = EDGE_CURVE('',#5064,#5103,#5114,.T.);
#5114 = LINE('',#5115,#5116);
#5115 = CARTESIAN_POINT('',(-0.98,-1.,0.));
#5116 = VECTOR('',#5117,1.);
#5117 = DIRECTION('',(0.,0.,1.));
#5118 = CYLINDRICAL_SURFACE('',#5119,2.E-02);
#5119 = AXIS2_PLACEMENT_3D('',#5120,#5121,#5122);
#5120 = CARTESIAN_POINT('',(-0.98,-0.98,0.));
#5121 = DIRECTION('',(0.,0.,1.));
#5122 = DIRECTION('',(-0.707106781187,-0.707106781187,0.));
#5123 = ADVANCED_FACE('',(#5124),#5150,.T.);
#5124 = FACE_BOUND('',#5125,.T.);
#5125 = EDGE_LOOP('',(#5126,#5127,#5128,#5136,#5142,#5143,#5144,#5145,
    #5146,#5147,#5148,#5149));
#5126 = ORIENTED_EDGE('',*,*,#4282,.T.);
#5127 = ORIENTED_EDGE('',*,*,#5045,.T.);
#5128 = ORIENTED_EDGE('',*,*,#5129,.F.);
#5129 = EDGE_CURVE('',#5130,#5037,#5132,.T.);
#5130 = VERTEX_POINT('',#5131);
#5131 = CARTESIAN_POINT('',(0.98,-1.,0.2));
#5132 = LINE('',#5133,#5134);
#5133 = CARTESIAN_POINT('',(0.98,-1.,0.));
#5134 = VECTOR('',#5135,1.);
#5135 = DIRECTION('',(0.,0.,-1.));
#5136 = ORIENTED_EDGE('',*,*,#5137,.F.);
#5137 = EDGE_CURVE('',#5103,#5130,#5138,.T.);
#5138 = LINE('',#5139,#5140);
#5139 = CARTESIAN_POINT('',(-1.,-1.,0.2));
#5140 = VECTOR('',#5141,1.);
#5141 = DIRECTION('',(1.,0.,0.));
#5142 = ORIENTED_EDGE('',*,*,#5113,.F.);
#5143 = ORIENTED_EDGE('',*,*,#5063,.T.);
#5144 = ORIENTED_EDGE('',*,*,#4348,.T.);
#5145 = ORIENTED_EDGE('',*,*,#4424,.T.);
#5146 = ORIENTED_EDGE('',*,*,#4401,.T.);
#5147 = ORIENTED_EDGE('',*,*,#5054,.T.);
#5148 = ORIENTED_EDGE('',*,*,#4229,.T.);
#5149 = ORIENTED_EDGE('',*,*,#4305,.T.);
#5150 = PLANE('',#5151);
#5151 = AXIS2_PLACEMENT_3D('',#5152,#5153,#5154);
#5152 = CARTESIAN_POINT('',(-1.,-1.,0.));
#5153 = DIRECTION('',(0.,-1.,0.));
#5154 = DIRECTION('',(1.,0.,0.));
#5155 = ADVANCED_FACE('',(#5156),#5168,.T.);
#5156 = FACE_BOUND('',#5157,.T.);
#5157 = EDGE_LOOP('',(#5158,#5165,#5166,#5167));
#5158 = ORIENTED_EDGE('',*,*,#5159,.T.);
#5159 = EDGE_CURVE('',#4836,#5130,#5160,.T.);
#5160 = CIRCLE('',#5161,2.E-02);
#5161 = AXIS2_PLACEMENT_3D('',#5162,#5163,#5164);
#5162 = CARTESIAN_POINT('',(0.98,-0.98,0.2));
#5163 = DIRECTION('',(0.,0.,-1.));
#5164 = DIRECTION('',(0.707106781187,-0.707106781187,0.));
#5165 = ORIENTED_EDGE('',*,*,#5129,.T.);
#5166 = ORIENTED_EDGE('',*,*,#5036,.T.);
#5167 = ORIENTED_EDGE('',*,*,#4843,.T.);
#5168 = CYLINDRICAL_SURFACE('',#5169,2.E-02);
#5169 = AXIS2_PLACEMENT_3D('',#5170,#5171,#5172);
#5170 = CARTESIAN_POINT('',(0.98,-0.98,0.));
#5171 = DIRECTION('',(0.,0.,1.));
#5172 = DIRECTION('',(0.707106781187,-0.707106781187,0.));
#5173 = ADVANCED_FACE('',(#5174),#5193,.T.);
#5174 = FACE_BOUND('',#5175,.T.);
#5175 = EDGE_LOOP('',(#5176,#5185,#5186,#5187));
#5176 = ORIENTED_EDGE('',*,*,#5177,.T.);
#5177 = EDGE_CURVE('',#5178,#4828,#5180,.T.);
#5178 = VERTEX_POINT('',#5179);
#5179 = CARTESIAN_POINT('',(0.98,1.,0.2));
#5180 = CIRCLE('',#5181,2.E-02);
#5181 = AXIS2_PLACEMENT_3D('',#5182,#5183,#5184);
#5182 = CARTESIAN_POINT('',(0.98,0.98,0.2));
#5183 = DIRECTION('',(0.,0.,-1.));
#5184 = DIRECTION('',(0.707106781187,0.707106781187,0.));
#5185 = ORIENTED_EDGE('',*,*,#4827,.T.);
#5186 = ORIENTED_EDGE('',*,*,#5012,.T.);
#5187 = ORIENTED_EDGE('',*,*,#5188,.T.);
#5188 = EDGE_CURVE('',#5005,#5178,#5189,.T.);
#5189 = LINE('',#5190,#5191);
#5190 = CARTESIAN_POINT('',(0.98,1.,0.));
#5191 = VECTOR('',#5192,1.);
#5192 = DIRECTION('',(0.,0.,1.));
#5193 = CYLINDRICAL_SURFACE('',#5194,2.E-02);
#5194 = AXIS2_PLACEMENT_3D('',#5195,#5196,#5197);
#5195 = CARTESIAN_POINT('',(0.98,0.98,0.));
#5196 = DIRECTION('',(0.,0.,1.));
#5197 = DIRECTION('',(0.707106781187,0.707106781187,-0.));
#5198 = ADVANCED_FACE('',(#5199),#5218,.T.);
#5199 = FACE_BOUND('',#5200,.T.);
#5200 = EDGE_LOOP('',(#5201,#5202,#5203,#5204,#5210,#5211,#5212,#5213,
    #5214,#5215,#5216,#5217));
#5201 = ORIENTED_EDGE('',*,*,#3806,.T.);
#5202 = ORIENTED_EDGE('',*,*,#4986,.T.);
#5203 = ORIENTED_EDGE('',*,*,#4959,.F.);
#5204 = ORIENTED_EDGE('',*,*,#5205,.F.);
#5205 = EDGE_CURVE('',#5178,#4951,#5206,.T.);
#5206 = LINE('',#5207,#5208);
#5207 = CARTESIAN_POINT('',(1.,1.,0.2));
#5208 = VECTOR('',#5209,1.);
#5209 = DIRECTION('',(-1.,-1.387778780781E-16,0.));
#5210 = ORIENTED_EDGE('',*,*,#5188,.F.);
#5211 = ORIENTED_EDGE('',*,*,#5004,.T.);
#5212 = ORIENTED_EDGE('',*,*,#4586,.T.);
#5213 = ORIENTED_EDGE('',*,*,#4663,.T.);
#5214 = ORIENTED_EDGE('',*,*,#4639,.T.);
#5215 = ORIENTED_EDGE('',*,*,#4995,.T.);
#5216 = ORIENTED_EDGE('',*,*,#3753,.T.);
#5217 = ORIENTED_EDGE('',*,*,#3830,.T.);
#5218 = PLANE('',#5219);
#5219 = AXIS2_PLACEMENT_3D('',#5220,#5221,#5222);
#5220 = CARTESIAN_POINT('',(1.,1.,0.));
#5221 = DIRECTION('',(-1.387778780781E-16,1.,0.));
#5222 = DIRECTION('',(-1.,-1.387778780781E-16,0.));
#5223 = ADVANCED_FACE('',(#5224),#5234,.T.);
#5224 = FACE_BOUND('',#5225,.T.);
#5225 = EDGE_LOOP('',(#5226,#5227,#5228,#5229,#5230,#5231,#5232,#5233));
#5226 = ORIENTED_EDGE('',*,*,#4950,.F.);
#5227 = ORIENTED_EDGE('',*,*,#4920,.T.);
#5228 = ORIENTED_EDGE('',*,*,#5102,.F.);
#5229 = ORIENTED_EDGE('',*,*,#5137,.T.);
#5230 = ORIENTED_EDGE('',*,*,#5159,.F.);
#5231 = ORIENTED_EDGE('',*,*,#4835,.T.);
#5232 = ORIENTED_EDGE('',*,*,#5177,.F.);
#5233 = ORIENTED_EDGE('',*,*,#5205,.T.);
#5234 = PLANE('',#5235);
#5235 = AXIS2_PLACEMENT_3D('',#5236,#5237,#5238);
#5236 = CARTESIAN_POINT('',(-1.387778780781E-16,2.775557561563E-16,0.2)
  );
#5237 = DIRECTION('',(0.,0.,1.));
#5238 = DIRECTION('',(1.,0.,-0.));
#5239 = ( GEOMETRIC_REPRESENTATION_CONTEXT(3) 
GLOBAL_UNCERTAINTY_ASSIGNED_CONTEXT((#5243)) 
GLOBAL_UNIT_ASSIGNED_CONTEXT((#5240,#5241,#5242)) REPRESENTATION_CONTEXT
('Context #1','3D Context with UNIT and UNCERTAINTY') );
#5240 = ( LENGTH_UNIT() NAMED_UNIT(*) SI_UNIT(.MILLI.,.METRE.) );
#5241 = ( NAMED_UNIT(*) PLANE_ANGLE_UNIT() SI_UNIT($,.RADIAN.) );
#5242 = ( NAMED_UNIT(*) SI_UNIT($,.STERADIAN.) SOLID_ANGLE_UNIT() );
#5243 = UNCERTAINTY_MEASURE_WITH_UNIT(LENGTH_MEASURE(1.E-07),#5240,
  'distance_accuracy_value','confusion accuracy');
#5244 = SHAPE_DEFINITION_REPRESENTATION(#5245,#3331);
#5245 = PRODUCT_DEFINITION_SHAPE('','',#5246);
#5246 = PRODUCT_DEFINITION('design','',#5247,#5250);
#5247 = PRODUCT_DEFINITION_FORMATION('','',#5248);
#5248 = PRODUCT('base','base','',(#5249));
#5249 = PRODUCT_CONTEXT('',#2,'mechanical');
#5250 = PRODUCT_DEFINITION_CONTEXT('part definition',#2,'design');
#5251 = CONTEXT_DEPENDENT_SHAPE_REPRESENTATION(#5252,#5254);
#5252 = ( REPRESENTATION_RELATIONSHIP('','',#3331,#3309) 
REPRESENTATION_RELATIONSHIP_WITH_TRANSFORMATION(#5253) 
SHAPE_REPRESENTATION_RELATIONSHIP() );
#5253 = ITEM_DEFINED_TRANSFORMATION('','',#11,#3310);
#5254 = PRODUCT_DEFINITION_SHAPE('Placement','Placement of an item',
  #5255);
#5255 = NEXT_ASSEMBLY_USAGE_OCCURRENCE('283','base:1','',#3304,#5246,$);
#5256 = PRODUCT_RELATED_PRODUCT_CATEGORY('part',$,(#5248));
#5257 = ADVANCED_BREP_SHAPE_REPRESENTATION('',(#11,#5258),#5712);
#5258 = MANIFOLD_SOLID_BREP('',#5259);
#5259 = CLOSED_SHELL('',(#5260,#5302,#5342,#5359,#5399,#5416,#5454,#5471
    ,#5488,#5520,#5544,#5569,#5593,#5605,#5630,#5654,#5679,#5696));
#5260 = ADVANCED_FACE('',(#5261),#5297,.T.);
#5261 = FACE_BOUND('',#5262,.T.);
#5262 = EDGE_LOOP('',(#5263,#5274,#5282,#5291));
#5263 = ORIENTED_EDGE('',*,*,#5264,.T.);
#5264 = EDGE_CURVE('',#5265,#5267,#5269,.T.);
#5265 = VERTEX_POINT('',#5266);
#5266 = CARTESIAN_POINT('',(-0.98,-0.98,0.8));
#5267 = VERTEX_POINT('',#5268);
#5268 = CARTESIAN_POINT('',(-0.98,-1.,0.78));
#5269 = CIRCLE('',#5270,2.E-02);
#5270 = AXIS2_PLACEMENT_3D('',#5271,#5272,#5273);
#5271 = CARTESIAN_POINT('',(-0.98,-0.98,0.78));
#5272 = DIRECTION('',(1.,0.,-0.));
#5273 = DIRECTION('',(0.,0.,1.));
#5274 = ORIENTED_EDGE('',*,*,#5275,.T.);
#5275 = EDGE_CURVE('',#5267,#5276,#5278,.T.);
#5276 = VERTEX_POINT('',#5277);
#5277 = CARTESIAN_POINT('',(0.98,-1.,0.78));
#5278 = LINE('',#5279,#5280);
#5279 = CARTESIAN_POINT('',(-0.49,-1.,0.78));
#5280 = VECTOR('',#5281,1.);
#5281 = DIRECTION('',(1.,0.,0.));
#5282 = ORIENTED_EDGE('',*,*,#5283,.T.);
#5283 = EDGE_CURVE('',#5276,#5284,#5286,.T.);
#5284 = VERTEX_POINT('',#5285);
#5285 = CARTESIAN_POINT('',(0.98,-0.98,0.8));
#5286 = CIRCLE('',#5287,2.E-02);
#5287 = AXIS2_PLACEMENT_3D('',#5288,#5289,#5290);
#5288 = CARTESIAN_POINT('',(0.98,-0.98,0.78));
#5289 = DIRECTION('',(-1.,-6.938893903907E-15,0.));
#5290 = DIRECTION('',(6.938893903907E-15,-1.,0.));
#5291 = ORIENTED_EDGE('',*,*,#5292,.T.);
#5292 = EDGE_CURVE('',#5284,#5265,#5293,.T.);
#5293 = LINE('',#5294,#5295);
#5294 = CARTESIAN_POINT('',(-0.49,-0.98,0.8));
#5295 = VECTOR('',#5296,1.);
#5296 = DIRECTION('',(-1.,0.,0.));
#5297 = CYLINDRICAL_SURFACE('',#5298,2.E-02);
#5298 = AXIS2_PLACEMENT_3D('',#5299,#5300,#5301);
#5299 = CARTESIAN_POINT('',(-0.49,-0.98,0.78));
#5300 = DIRECTION('',(1.,0.,0.));
#5301 = DIRECTION('',(0.,-0.707106781187,0.707106781187));
#5302 = ADVANCED_FACE('',(#5303),#5337,.T.);
#5303 = FACE_BOUND('',#5304,.T.);
#5304 = EDGE_LOOP('',(#5305,#5314,#5322,#5331));
#5305 = ORIENTED_EDGE('',*,*,#5306,.T.);
#5306 = EDGE_CURVE('',#5284,#5307,#5309,.T.);
#5307 = VERTEX_POINT('',#5308);
#5308 = CARTESIAN_POINT('',(1.,-0.98,0.78));
#5309 = CIRCLE('',#5310,2.E-02);
#5310 = AXIS2_PLACEMENT_3D('',#5311,#5312,#5313);
#5311 = CARTESIAN_POINT('',(0.98,-0.98,0.78));
#5312 = DIRECTION('',(0.,1.,0.));
#5313 = DIRECTION('',(0.,-0.,1.));
#5314 = ORIENTED_EDGE('',*,*,#5315,.T.);
#5315 = EDGE_CURVE('',#5307,#5316,#5318,.T.);
#5316 = VERTEX_POINT('',#5317);
#5317 = CARTESIAN_POINT('',(1.,0.98,0.78));
#5318 = LINE('',#5319,#5320);
#5319 = CARTESIAN_POINT('',(1.,-0.49,0.78));
#5320 = VECTOR('',#5321,1.);
#5321 = DIRECTION('',(-7.080503983579E-17,1.,0.));
#5322 = ORIENTED_EDGE('',*,*,#5323,.T.);
#5323 = EDGE_CURVE('',#5316,#5324,#5326,.T.);
#5324 = VERTEX_POINT('',#5325);
#5325 = CARTESIAN_POINT('',(0.98,0.98,0.8));
#5326 = CIRCLE('',#5327,2.E-02);
#5327 = AXIS2_PLACEMENT_3D('',#5328,#5329,#5330);
#5328 = CARTESIAN_POINT('',(0.98,0.98,0.78));
#5329 = DIRECTION('',(-6.938893903907E-15,-1.,0.));
#5330 = DIRECTION('',(1.,-6.938893903907E-15,0.));
#5331 = ORIENTED_EDGE('',*,*,#5332,.T.);
#5332 = EDGE_CURVE('',#5324,#5284,#5333,.T.);
#5333 = LINE('',#5334,#5335);
#5334 = CARTESIAN_POINT('',(0.98,-0.49,0.8));
#5335 = VECTOR('',#5336,1.);
#5336 = DIRECTION('',(7.080503983579E-17,-1.,0.));
#5337 = CYLINDRICAL_SURFACE('',#5338,2.E-02);
#5338 = AXIS2_PLACEMENT_3D('',#5339,#5340,#5341);
#5339 = CARTESIAN_POINT('',(0.98,-0.49,0.78));
#5340 = DIRECTION('',(-7.080503983579E-17,1.,0.));
#5341 = DIRECTION('',(0.707106781187,5.006672381007E-17,0.707106781187)
  );
#5342 = ADVANCED_FACE('',(#5343),#5354,.T.);
#5343 = FACE_BOUND('',#5344,.T.);
#5344 = EDGE_LOOP('',(#5345,#5346,#5347));
#5345 = ORIENTED_EDGE('',*,*,#5306,.F.);
#5346 = ORIENTED_EDGE('',*,*,#5283,.F.);
#5347 = ORIENTED_EDGE('',*,*,#5348,.T.);
#5348 = EDGE_CURVE('',#5276,#5307,#5349,.T.);
#5349 = CIRCLE('',#5350,2.E-02);
#5350 = AXIS2_PLACEMENT_3D('',#5351,#5352,#5353);
#5351 = CARTESIAN_POINT('',(0.98,-0.98,0.78));
#5352 = DIRECTION('',(0.,0.,1.));
#5353 = DIRECTION('',(0.,-1.,0.));
#5354 = SPHERICAL_SURFACE('',#5355,2.E-02);
#5355 = AXIS2_PLACEMENT_3D('',#5356,#5357,#5358);
#5356 = CARTESIAN_POINT('',(0.98,-0.98,0.78));
#5357 = DIRECTION('',(-0.408248290464,-0.816496580928,-0.408248290464));
#5358 = DIRECTION('',(0.57735026919,-0.57735026919,0.57735026919));
#5359 = ADVANCED_FACE('',(#5360),#5394,.T.);
#5360 = FACE_BOUND('',#5361,.T.);
#5361 = EDGE_LOOP('',(#5362,#5371,#5379,#5388));
#5362 = ORIENTED_EDGE('',*,*,#5363,.T.);
#5363 = EDGE_CURVE('',#5324,#5364,#5366,.T.);
#5364 = VERTEX_POINT('',#5365);
#5365 = CARTESIAN_POINT('',(0.98,1.,0.78));
#5366 = CIRCLE('',#5367,2.E-02);
#5367 = AXIS2_PLACEMENT_3D('',#5368,#5369,#5370);
#5368 = CARTESIAN_POINT('',(0.98,0.98,0.78));
#5369 = DIRECTION('',(-1.,0.,0.));
#5370 = DIRECTION('',(0.,0.,1.));
#5371 = ORIENTED_EDGE('',*,*,#5372,.T.);
#5372 = EDGE_CURVE('',#5364,#5373,#5375,.T.);
#5373 = VERTEX_POINT('',#5374);
#5374 = CARTESIAN_POINT('',(-0.98,1.,0.78));
#5375 = LINE('',#5376,#5377);
#5376 = CARTESIAN_POINT('',(0.49,1.,0.78));
#5377 = VECTOR('',#5378,1.);
#5378 = DIRECTION('',(-1.,-1.416100796716E-16,0.));
#5379 = ORIENTED_EDGE('',*,*,#5380,.T.);
#5380 = EDGE_CURVE('',#5373,#5381,#5383,.T.);
#5381 = VERTEX_POINT('',#5382);
#5382 = CARTESIAN_POINT('',(-0.98,0.98,0.8));
#5383 = CIRCLE('',#5384,2.E-02);
#5384 = AXIS2_PLACEMENT_3D('',#5385,#5386,#5387);
#5385 = CARTESIAN_POINT('',(-0.98,0.98,0.78));
#5386 = DIRECTION('',(1.,0.,0.));
#5387 = DIRECTION('',(-0.,1.,0.));
#5388 = ORIENTED_EDGE('',*,*,#5389,.T.);
#5389 = EDGE_CURVE('',#5381,#5324,#5390,.T.);
#5390 = LINE('',#5391,#5392);
#5391 = CARTESIAN_POINT('',(0.49,0.98,0.8));
#5392 = VECTOR('',#5393,1.);
#5393 = DIRECTION('',(1.,1.416100796716E-16,0.));
#5394 = CYLINDRICAL_SURFACE('',#5395,2.E-02);
#5395 = AXIS2_PLACEMENT_3D('',#5396,#5397,#5398);
#5396 = CARTESIAN_POINT('',(0.49,0.98,0.78));
#5397 = DIRECTION('',(-1.,-1.416100796716E-16,0.));
#5398 = DIRECTION('',(-1.001334476201E-16,0.707106781187,0.707106781187)
  );
#5399 = ADVANCED_FACE('',(#5400),#5411,.T.);
#5400 = FACE_BOUND('',#5401,.T.);
#5401 = EDGE_LOOP('',(#5402,#5403,#5404));
#5402 = ORIENTED_EDGE('',*,*,#5363,.F.);
#5403 = ORIENTED_EDGE('',*,*,#5323,.F.);
#5404 = ORIENTED_EDGE('',*,*,#5405,.T.);
#5405 = EDGE_CURVE('',#5316,#5364,#5406,.T.);
#5406 = CIRCLE('',#5407,2.E-02);
#5407 = AXIS2_PLACEMENT_3D('',#5408,#5409,#5410);
#5408 = CARTESIAN_POINT('',(0.98,0.98,0.78));
#5409 = DIRECTION('',(0.,0.,1.));
#5410 = DIRECTION('',(1.,0.,-0.));
#5411 = SPHERICAL_SURFACE('',#5412,2.E-02);
#5412 = AXIS2_PLACEMENT_3D('',#5413,#5414,#5415);
#5413 = CARTESIAN_POINT('',(0.98,0.98,0.78));
#5414 = DIRECTION('',(-0.816496580928,0.408248290464,0.408248290464));
#5415 = DIRECTION('',(0.57735026919,0.57735026919,0.57735026919));
#5416 = ADVANCED_FACE('',(#5417),#5449,.T.);
#5417 = FACE_BOUND('',#5418,.T.);
#5418 = EDGE_LOOP('',(#5419,#5428,#5436,#5443));
#5419 = ORIENTED_EDGE('',*,*,#5420,.T.);
#5420 = EDGE_CURVE('',#5381,#5421,#5423,.T.);
#5421 = VERTEX_POINT('',#5422);
#5422 = CARTESIAN_POINT('',(-1.,0.98,0.78));
#5423 = CIRCLE('',#5424,2.E-02);
#5424 = AXIS2_PLACEMENT_3D('',#5425,#5426,#5427);
#5425 = CARTESIAN_POINT('',(-0.98,0.98,0.78));
#5426 = DIRECTION('',(0.,-1.,0.));
#5427 = DIRECTION('',(0.,0.,1.));
#5428 = ORIENTED_EDGE('',*,*,#5429,.T.);
#5429 = EDGE_CURVE('',#5421,#5430,#5432,.T.);
#5430 = VERTEX_POINT('',#5431);
#5431 = CARTESIAN_POINT('',(-1.,-0.98,0.78));
#5432 = LINE('',#5433,#5434);
#5433 = CARTESIAN_POINT('',(-1.,0.49,0.78));
#5434 = VECTOR('',#5435,1.);
#5435 = DIRECTION('',(3.540251991789E-16,-1.,0.));
#5436 = ORIENTED_EDGE('',*,*,#5437,.T.);
#5437 = EDGE_CURVE('',#5430,#5265,#5438,.T.);
#5438 = CIRCLE('',#5439,2.E-02);
#5439 = AXIS2_PLACEMENT_3D('',#5440,#5441,#5442);
#5440 = CARTESIAN_POINT('',(-0.98,-0.98,0.78));
#5441 = DIRECTION('',(6.938893903907E-15,1.,0.));
#5442 = DIRECTION('',(-1.,6.938893903907E-15,0.));
#5443 = ORIENTED_EDGE('',*,*,#5444,.T.);
#5444 = EDGE_CURVE('',#5265,#5381,#5445,.T.);
#5445 = LINE('',#5446,#5447);
#5446 = CARTESIAN_POINT('',(-0.98,0.49,0.8));
#5447 = VECTOR('',#5448,1.);
#5448 = DIRECTION('',(-3.540251991789E-16,1.,0.));
#5449 = CYLINDRICAL_SURFACE('',#5450,2.E-02);
#5450 = AXIS2_PLACEMENT_3D('',#5451,#5452,#5453);
#5451 = CARTESIAN_POINT('',(-0.98,0.49,0.78));
#5452 = DIRECTION('',(3.540251991789E-16,-1.,0.));
#5453 = DIRECTION('',(-0.707106781187,-2.503336190503E-16,0.707106781187
    ));
#5454 = ADVANCED_FACE('',(#5455),#5466,.T.);
#5455 = FACE_BOUND('',#5456,.T.);
#5456 = EDGE_LOOP('',(#5457,#5458,#5459));
#5457 = ORIENTED_EDGE('',*,*,#5420,.F.);
#5458 = ORIENTED_EDGE('',*,*,#5380,.F.);
#5459 = ORIENTED_EDGE('',*,*,#5460,.T.);
#5460 = EDGE_CURVE('',#5373,#5421,#5461,.T.);
#5461 = CIRCLE('',#5462,2.E-02);
#5462 = AXIS2_PLACEMENT_3D('',#5463,#5464,#5465);
#5463 = CARTESIAN_POINT('',(-0.98,0.98,0.78));
#5464 = DIRECTION('',(0.,0.,1.));
#5465 = DIRECTION('',(-6.938893903907E-15,1.,0.));
#5466 = SPHERICAL_SURFACE('',#5467,2.E-02);
#5467 = AXIS2_PLACEMENT_3D('',#5468,#5469,#5470);
#5468 = CARTESIAN_POINT('',(-0.98,0.98,0.78));
#5469 = DIRECTION('',(-0.408248290464,0.408248290464,-0.816496580928));
#5470 = DIRECTION('',(-0.57735026919,0.57735026919,0.57735026919));
#5471 = ADVANCED_FACE('',(#5472),#5483,.T.);
#5472 = FACE_BOUND('',#5473,.T.);
#5473 = EDGE_LOOP('',(#5474,#5475,#5476));
#5474 = ORIENTED_EDGE('',*,*,#5264,.F.);
#5475 = ORIENTED_EDGE('',*,*,#5437,.F.);
#5476 = ORIENTED_EDGE('',*,*,#5477,.T.);
#5477 = EDGE_CURVE('',#5430,#5267,#5478,.T.);
#5478 = CIRCLE('',#5479,2.E-02);
#5479 = AXIS2_PLACEMENT_3D('',#5480,#5481,#5482);
#5480 = CARTESIAN_POINT('',(-0.98,-0.98,0.78));
#5481 = DIRECTION('',(0.,0.,1.));
#5482 = DIRECTION('',(-1.,-6.938893903907E-15,0.));
#5483 = SPHERICAL_SURFACE('',#5484,2.E-02);
#5484 = AXIS2_PLACEMENT_3D('',#5485,#5486,#5487);
#5485 = CARTESIAN_POINT('',(-0.98,-0.98,0.78));
#5486 = DIRECTION('',(-0.816496580928,0.408248290464,-0.408248290464));
#5487 = DIRECTION('',(-0.57735026919,-0.57735026919,0.57735026919));
#5488 = ADVANCED_FACE('',(#5489),#5515,.T.);
#5489 = FACE_BOUND('',#5490,.T.);
#5490 = EDGE_LOOP('',(#5491,#5492,#5500,#5509));
#5491 = ORIENTED_EDGE('',*,*,#5348,.F.);
#5492 = ORIENTED_EDGE('',*,*,#5493,.F.);
#5493 = EDGE_CURVE('',#5494,#5276,#5496,.T.);
#5494 = VERTEX_POINT('',#5495);
#5495 = CARTESIAN_POINT('',(0.98,-1.,0.));
#5496 = LINE('',#5497,#5498);
#5497 = CARTESIAN_POINT('',(0.98,-1.,0.));
#5498 = VECTOR('',#5499,1.);
#5499 = DIRECTION('',(0.,0.,1.));
#5500 = ORIENTED_EDGE('',*,*,#5501,.T.);
#5501 = EDGE_CURVE('',#5494,#5502,#5504,.T.);
#5502 = VERTEX_POINT('',#5503);
#5503 = CARTESIAN_POINT('',(1.,-0.98,0.));
#5504 = CIRCLE('',#5505,2.E-02);
#5505 = AXIS2_PLACEMENT_3D('',#5506,#5507,#5508);
#5506 = CARTESIAN_POINT('',(0.98,-0.98,0.));
#5507 = DIRECTION('',(0.,0.,1.));
#5508 = DIRECTION('',(0.,-1.,0.));
#5509 = ORIENTED_EDGE('',*,*,#5510,.T.);
#5510 = EDGE_CURVE('',#5502,#5307,#5511,.T.);
#5511 = LINE('',#5512,#5513);
#5512 = CARTESIAN_POINT('',(1.,-0.98,0.));
#5513 = VECTOR('',#5514,1.);
#5514 = DIRECTION('',(0.,0.,1.));
#5515 = CYLINDRICAL_SURFACE('',#5516,2.E-02);
#5516 = AXIS2_PLACEMENT_3D('',#5517,#5518,#5519);
#5517 = CARTESIAN_POINT('',(0.98,-0.98,0.));
#5518 = DIRECTION('',(0.,0.,1.));
#5519 = DIRECTION('',(0.,-1.,0.));
#5520 = ADVANCED_FACE('',(#5521),#5539,.T.);
#5521 = FACE_BOUND('',#5522,.T.);
#5522 = EDGE_LOOP('',(#5523,#5524,#5532,#5538));
#5523 = ORIENTED_EDGE('',*,*,#5275,.F.);
#5524 = ORIENTED_EDGE('',*,*,#5525,.F.);
#5525 = EDGE_CURVE('',#5526,#5267,#5528,.T.);
#5526 = VERTEX_POINT('',#5527);
#5527 = CARTESIAN_POINT('',(-0.98,-1.,0.));
#5528 = LINE('',#5529,#5530);
#5529 = CARTESIAN_POINT('',(-0.98,-1.,0.));
#5530 = VECTOR('',#5531,1.);
#5531 = DIRECTION('',(0.,0.,1.));
#5532 = ORIENTED_EDGE('',*,*,#5533,.T.);
#5533 = EDGE_CURVE('',#5526,#5494,#5534,.T.);
#5534 = LINE('',#5535,#5536);
#5535 = CARTESIAN_POINT('',(-0.98,-1.,0.));
#5536 = VECTOR('',#5537,1.);
#5537 = DIRECTION('',(1.,0.,0.));
#5538 = ORIENTED_EDGE('',*,*,#5493,.T.);
#5539 = PLANE('',#5540);
#5540 = AXIS2_PLACEMENT_3D('',#5541,#5542,#5543);
#5541 = CARTESIAN_POINT('',(-0.98,-1.,0.));
#5542 = DIRECTION('',(0.,-1.,0.));
#5543 = DIRECTION('',(1.,0.,0.));
#5544 = ADVANCED_FACE('',(#5545),#5564,.T.);
#5545 = FACE_BOUND('',#5546,.T.);
#5546 = EDGE_LOOP('',(#5547,#5548,#5556,#5563));
#5547 = ORIENTED_EDGE('',*,*,#5477,.F.);
#5548 = ORIENTED_EDGE('',*,*,#5549,.F.);
#5549 = EDGE_CURVE('',#5550,#5430,#5552,.T.);
#5550 = VERTEX_POINT('',#5551);
#5551 = CARTESIAN_POINT('',(-1.,-0.98,0.));
#5552 = LINE('',#5553,#5554);
#5553 = CARTESIAN_POINT('',(-1.,-0.98,0.));
#5554 = VECTOR('',#5555,1.);
#5555 = DIRECTION('',(0.,0.,1.));
#5556 = ORIENTED_EDGE('',*,*,#5557,.T.);
#5557 = EDGE_CURVE('',#5550,#5526,#5558,.T.);
#5558 = CIRCLE('',#5559,2.E-02);
#5559 = AXIS2_PLACEMENT_3D('',#5560,#5561,#5562);
#5560 = CARTESIAN_POINT('',(-0.98,-0.98,0.));
#5561 = DIRECTION('',(0.,0.,1.));
#5562 = DIRECTION('',(-1.,-6.938893903907E-15,0.));
#5563 = ORIENTED_EDGE('',*,*,#5525,.T.);
#5564 = CYLINDRICAL_SURFACE('',#5565,2.E-02);
#5565 = AXIS2_PLACEMENT_3D('',#5566,#5567,#5568);
#5566 = CARTESIAN_POINT('',(-0.98,-0.98,0.));
#5567 = DIRECTION('',(0.,0.,1.));
#5568 = DIRECTION('',(-1.,-6.938893903907E-15,0.));
#5569 = ADVANCED_FACE('',(#5570),#5588,.T.);
#5570 = FACE_BOUND('',#5571,.T.);
#5571 = EDGE_LOOP('',(#5572,#5573,#5581,#5587));
#5572 = ORIENTED_EDGE('',*,*,#5429,.F.);
#5573 = ORIENTED_EDGE('',*,*,#5574,.F.);
#5574 = EDGE_CURVE('',#5575,#5421,#5577,.T.);
#5575 = VERTEX_POINT('',#5576);
#5576 = CARTESIAN_POINT('',(-1.,0.98,0.));
#5577 = LINE('',#5578,#5579);
#5578 = CARTESIAN_POINT('',(-1.,0.98,0.));
#5579 = VECTOR('',#5580,1.);
#5580 = DIRECTION('',(0.,0.,1.));
#5581 = ORIENTED_EDGE('',*,*,#5582,.T.);
#5582 = EDGE_CURVE('',#5575,#5550,#5583,.T.);
#5583 = LINE('',#5584,#5585);
#5584 = CARTESIAN_POINT('',(-1.,0.98,0.));
#5585 = VECTOR('',#5586,1.);
#5586 = DIRECTION('',(3.540251991789E-16,-1.,0.));
#5587 = ORIENTED_EDGE('',*,*,#5549,.T.);
#5588 = PLANE('',#5589);
#5589 = AXIS2_PLACEMENT_3D('',#5590,#5591,#5592);
#5590 = CARTESIAN_POINT('',(-1.,0.98,0.));
#5591 = DIRECTION('',(-1.,-3.540251991789E-16,0.));
#5592 = DIRECTION('',(3.540251991789E-16,-1.,0.));
#5593 = ADVANCED_FACE('',(#5594),#5600,.T.);
#5594 = FACE_BOUND('',#5595,.T.);
#5595 = EDGE_LOOP('',(#5596,#5597,#5598,#5599));
#5596 = ORIENTED_EDGE('',*,*,#5292,.F.);
#5597 = ORIENTED_EDGE('',*,*,#5332,.F.);
#5598 = ORIENTED_EDGE('',*,*,#5389,.F.);
#5599 = ORIENTED_EDGE('',*,*,#5444,.F.);
#5600 = PLANE('',#5601);
#5601 = AXIS2_PLACEMENT_3D('',#5602,#5603,#5604);
#5602 = CARTESIAN_POINT('',(-6.938893903907E-17,3.469446951954E-16,0.8)
  );
#5603 = DIRECTION('',(0.,0.,1.));
#5604 = DIRECTION('',(1.,0.,-0.));
#5605 = ADVANCED_FACE('',(#5606),#5625,.T.);
#5606 = FACE_BOUND('',#5607,.T.);
#5607 = EDGE_LOOP('',(#5608,#5609,#5617,#5624));
#5608 = ORIENTED_EDGE('',*,*,#5460,.F.);
#5609 = ORIENTED_EDGE('',*,*,#5610,.F.);
#5610 = EDGE_CURVE('',#5611,#5373,#5613,.T.);
#5611 = VERTEX_POINT('',#5612);
#5612 = CARTESIAN_POINT('',(-0.98,1.,0.));
#5613 = LINE('',#5614,#5615);
#5614 = CARTESIAN_POINT('',(-0.98,1.,0.));
#5615 = VECTOR('',#5616,1.);
#5616 = DIRECTION('',(0.,0.,1.));
#5617 = ORIENTED_EDGE('',*,*,#5618,.T.);
#5618 = EDGE_CURVE('',#5611,#5575,#5619,.T.);
#5619 = CIRCLE('',#5620,2.E-02);
#5620 = AXIS2_PLACEMENT_3D('',#5621,#5622,#5623);
#5621 = CARTESIAN_POINT('',(-0.98,0.98,0.));
#5622 = DIRECTION('',(0.,0.,1.));
#5623 = DIRECTION('',(-6.938893903907E-15,1.,0.));
#5624 = ORIENTED_EDGE('',*,*,#5574,.T.);
#5625 = CYLINDRICAL_SURFACE('',#5626,2.E-02);
#5626 = AXIS2_PLACEMENT_3D('',#5627,#5628,#5629);
#5627 = CARTESIAN_POINT('',(-0.98,0.98,0.));
#5628 = DIRECTION('',(0.,0.,1.));
#5629 = DIRECTION('',(-6.938893903907E-15,1.,0.));
#5630 = ADVANCED_FACE('',(#5631),#5649,.T.);
#5631 = FACE_BOUND('',#5632,.T.);
#5632 = EDGE_LOOP('',(#5633,#5634,#5642,#5648));
#5633 = ORIENTED_EDGE('',*,*,#5372,.F.);
#5634 = ORIENTED_EDGE('',*,*,#5635,.F.);
#5635 = EDGE_CURVE('',#5636,#5364,#5638,.T.);
#5636 = VERTEX_POINT('',#5637);
#5637 = CARTESIAN_POINT('',(0.98,1.,0.));
#5638 = LINE('',#5639,#5640);
#5639 = CARTESIAN_POINT('',(0.98,1.,0.));
#5640 = VECTOR('',#5641,1.);
#5641 = DIRECTION('',(0.,0.,1.));
#5642 = ORIENTED_EDGE('',*,*,#5643,.T.);
#5643 = EDGE_CURVE('',#5636,#5611,#5644,.T.);
#5644 = LINE('',#5645,#5646);
#5645 = CARTESIAN_POINT('',(0.98,1.,0.));
#5646 = VECTOR('',#5647,1.);
#5647 = DIRECTION('',(-1.,-1.416100796716E-16,0.));
#5648 = ORIENTED_EDGE('',*,*,#5610,.T.);
#5649 = PLANE('',#5650);
#5650 = AXIS2_PLACEMENT_3D('',#5651,#5652,#5653);
#5651 = CARTESIAN_POINT('',(0.98,1.,0.));
#5652 = DIRECTION('',(-1.416100796716E-16,1.,0.));
#5653 = DIRECTION('',(-1.,-1.416100796716E-16,0.));
#5654 = ADVANCED_FACE('',(#5655),#5674,.T.);
#5655 = FACE_BOUND('',#5656,.T.);
#5656 = EDGE_LOOP('',(#5657,#5658,#5666,#5673));
#5657 = ORIENTED_EDGE('',*,*,#5405,.F.);
#5658 = ORIENTED_EDGE('',*,*,#5659,.F.);
#5659 = EDGE_CURVE('',#5660,#5316,#5662,.T.);
#5660 = VERTEX_POINT('',#5661);
#5661 = CARTESIAN_POINT('',(1.,0.98,0.));
#5662 = LINE('',#5663,#5664);
#5663 = CARTESIAN_POINT('',(1.,0.98,0.));
#5664 = VECTOR('',#5665,1.);
#5665 = DIRECTION('',(0.,0.,1.));
#5666 = ORIENTED_EDGE('',*,*,#5667,.T.);
#5667 = EDGE_CURVE('',#5660,#5636,#5668,.T.);
#5668 = CIRCLE('',#5669,2.E-02);
#5669 = AXIS2_PLACEMENT_3D('',#5670,#5671,#5672);
#5670 = CARTESIAN_POINT('',(0.98,0.98,0.));
#5671 = DIRECTION('',(0.,0.,1.));
#5672 = DIRECTION('',(1.,0.,-0.));
#5673 = ORIENTED_EDGE('',*,*,#5635,.T.);
#5674 = CYLINDRICAL_SURFACE('',#5675,2.E-02);
#5675 = AXIS2_PLACEMENT_3D('',#5676,#5677,#5678);
#5676 = CARTESIAN_POINT('',(0.98,0.98,0.));
#5677 = DIRECTION('',(0.,0.,1.));
#5678 = DIRECTION('',(1.,0.,-0.));
#5679 = ADVANCED_FACE('',(#5680),#5691,.T.);
#5680 = FACE_BOUND('',#5681,.T.);
#5681 = EDGE_LOOP('',(#5682,#5683,#5684,#5690));
#5682 = ORIENTED_EDGE('',*,*,#5315,.F.);
#5683 = ORIENTED_EDGE('',*,*,#5510,.F.);
#5684 = ORIENTED_EDGE('',*,*,#5685,.T.);
#5685 = EDGE_CURVE('',#5502,#5660,#5686,.T.);
#5686 = LINE('',#5687,#5688);
#5687 = CARTESIAN_POINT('',(1.,-0.98,0.));
#5688 = VECTOR('',#5689,1.);
#5689 = DIRECTION('',(-7.080503983579E-17,1.,0.));
#5690 = ORIENTED_EDGE('',*,*,#5659,.T.);
#5691 = PLANE('',#5692);
#5692 = AXIS2_PLACEMENT_3D('',#5693,#5694,#5695);
#5693 = CARTESIAN_POINT('',(1.,-0.98,0.));
#5694 = DIRECTION('',(1.,7.080503983579E-17,0.));
#5695 = DIRECTION('',(-7.080503983579E-17,1.,0.));
#5696 = ADVANCED_FACE('',(#5697),#5707,.F.);
#5697 = FACE_BOUND('',#5698,.T.);
#5698 = EDGE_LOOP('',(#5699,#5700,#5701,#5702,#5703,#5704,#5705,#5706));
#5699 = ORIENTED_EDGE('',*,*,#5501,.F.);
#5700 = ORIENTED_EDGE('',*,*,#5533,.F.);
#5701 = ORIENTED_EDGE('',*,*,#5557,.F.);
#5702 = ORIENTED_EDGE('',*,*,#5582,.F.);
#5703 = ORIENTED_EDGE('',*,*,#5618,.F.);
#5704 = ORIENTED_EDGE('',*,*,#5643,.F.);
#5705 = ORIENTED_EDGE('',*,*,#5667,.F.);
#5706 = ORIENTED_EDGE('',*,*,#5685,.F.);
#5707 = PLANE('',#5708);
#5708 = AXIS2_PLACEMENT_3D('',#5709,#5710,#5711);
#5709 = CARTESIAN_POINT('',(-6.938893903907E-17,3.469446951954E-16,0.));
#5710 = DIRECTION('',(0.,0.,1.));
#5711 = DIRECTION('',(1.,0.,-0.));
#5712 = ( GEOMETRIC_REPRESENTATION_CONTEXT(3) 
GLOBAL_UNCERTAINTY_ASSIGNED_CONTEXT((#5716)) 
GLOBAL_UNIT_ASSIGNED_CONTEXT((#5713,#5714,#5715)) REPRESENTATION_CONTEXT
('Context #1','3D Context with UNIT and UNCERTAINTY') );
#5713 = ( LENGTH_UNIT() NAMED_UNIT(*) SI_UNIT(.MILLI.,.METRE.) );
#5714 = ( NAMED_UNIT(*) PLANE_ANGLE_UNIT() SI_UNIT($,.RADIAN.) );
#5715 = ( NAMED_UNIT(*) SI_UNIT($,.STERADIAN.) SOLID_ANGLE_UNIT() );
#5716 = UNCERTAINTY_MEASURE_WITH_UNIT(LENGTH_MEASURE(2.E-04),#5713,
  'distance_accuracy_value','confusion accuracy');
#5717 = SHAPE_DEFINITION_REPRESENTATION(#5718,#5257);
#5718 = PRODUCT_DEFINITION_SHAPE('','',#5719);
#5719 = PRODUCT_DEFINITION('design','',#5720,#5723);
#5720 = PRODUCT_DEFINITION_FORMATION('','',#5721);
#5721 = PRODUCT('body','body','',(#5722));
#5722 = PRODUCT_CONTEXT('',#2,'mechanical');
#5723 = PRODUCT_DEFINITION_CONTEXT('part definition',#2,'design');
#5724 = CONTEXT_DEPENDENT_SHAPE_REPRESENTATION(#5725,#5727);
#5725 = ( REPRESENTATION_RELATIONSHIP('','',#5257,#3309) 
REPRESENTATION_RELATIONSHIP_WITH_TRANSFORMATION(#5726) 
SHAPE_REPRESENTATION_RELATIONSHIP() );
#5726 = ITEM_DEFINED_TRANSFORMATION('','',#11,#3314);
#5727 = PRODUCT_DEFINITION_SHAPE('Placement','Placement of an item',
  #5728);
#5728 = NEXT_ASSEMBLY_USAGE_OCCURRENCE('284','body:1','',#3304,#5719,$);
#5729 = PRODUCT_RELATED_PRODUCT_CATEGORY('part',$,(#5721));
#5730 = SHAPE_REPRESENTATION('',(#11,#5731,#5916,#6237,#6457),#6530);
#5731 = MANIFOLD_SOLID_BREP('',#5732);
#5732 = CLOSED_SHELL('',(#5733,#5773,#5806,#5837,#5868,#5890,#5903));
#5733 = ADVANCED_FACE('',(#5734),#5768,.T.);
#5734 = FACE_BOUND('',#5735,.T.);
#5735 = EDGE_LOOP('',(#5736,#5746,#5754,#5762));
#5736 = ORIENTED_EDGE('',*,*,#5737,.T.);
#5737 = EDGE_CURVE('',#5738,#5740,#5742,.T.);
#5738 = VERTEX_POINT('',#5739);
#5739 = CARTESIAN_POINT('',(0.769319860755,-0.835592206948,0.));
#5740 = VERTEX_POINT('',#5741);
#5741 = CARTESIAN_POINT('',(0.859580269747,-0.58760377137,0.));
#5742 = LINE('',#5743,#5744);
#5743 = CARTESIAN_POINT('',(0.769319860755,-0.835592206948,0.));
#5744 = VECTOR('',#5745,1.);
#5745 = DIRECTION('',(0.342020143326,0.939692620786,0.));
#5746 = ORIENTED_EDGE('',*,*,#5747,.T.);
#5747 = EDGE_CURVE('',#5740,#5748,#5750,.T.);
#5748 = VERTEX_POINT('',#5749);
#5749 = CARTESIAN_POINT('',(0.859580269747,-0.58760377137,3.E-03));
#5750 = LINE('',#5751,#5752);
#5751 = CARTESIAN_POINT('',(0.859580269747,-0.58760377137,0.));
#5752 = VECTOR('',#5753,1.);
#5753 = DIRECTION('',(0.,0.,1.));
#5754 = ORIENTED_EDGE('',*,*,#5755,.F.);
#5755 = EDGE_CURVE('',#5756,#5748,#5758,.T.);
#5756 = VERTEX_POINT('',#5757);
#5757 = CARTESIAN_POINT('',(0.769319860755,-0.835592206948,3.E-03));
#5758 = LINE('',#5759,#5760);
#5759 = CARTESIAN_POINT('',(0.769319860755,-0.835592206948,3.E-03));
#5760 = VECTOR('',#5761,1.);
#5761 = DIRECTION('',(0.342020143326,0.939692620786,0.));
#5762 = ORIENTED_EDGE('',*,*,#5763,.F.);
#5763 = EDGE_CURVE('',#5738,#5756,#5764,.T.);
#5764 = LINE('',#5765,#5766);
#5765 = CARTESIAN_POINT('',(0.769319860755,-0.835592206948,0.));
#5766 = VECTOR('',#5767,1.);
#5767 = DIRECTION('',(0.,0.,1.));
#5768 = PLANE('',#5769);
#5769 = AXIS2_PLACEMENT_3D('',#5770,#5771,#5772);
#5770 = CARTESIAN_POINT('',(0.769319860755,-0.835592206948,0.));
#5771 = DIRECTION('',(0.939692620786,-0.342020143326,0.));
#5772 = DIRECTION('',(0.342020143326,0.939692620786,0.));
#5773 = ADVANCED_FACE('',(#5774),#5801,.T.);
#5774 = FACE_BOUND('',#5775,.T.);
#5775 = EDGE_LOOP('',(#5776,#5785,#5786,#5795));
#5776 = ORIENTED_EDGE('',*,*,#5777,.T.);
#5777 = EDGE_CURVE('',#5778,#5738,#5780,.T.);
#5778 = VERTEX_POINT('',#5779);
#5779 = CARTESIAN_POINT('',(0.663773585588,-0.90949650445,0.));
#5780 = CIRCLE('',#5781,0.11232);
#5781 = AXIS2_PLACEMENT_3D('',#5782,#5783,#5784);
#5782 = CARTESIAN_POINT('',(0.663773585588,-0.79717650445,0.));
#5783 = DIRECTION('',(0.,0.,1.));
#5784 = DIRECTION('',(0.,-1.,0.));
#5785 = ORIENTED_EDGE('',*,*,#5763,.T.);
#5786 = ORIENTED_EDGE('',*,*,#5787,.F.);
#5787 = EDGE_CURVE('',#5788,#5756,#5790,.T.);
#5788 = VERTEX_POINT('',#5789);
#5789 = CARTESIAN_POINT('',(0.663773585588,-0.90949650445,3.E-03));
#5790 = CIRCLE('',#5791,0.11232);
#5791 = AXIS2_PLACEMENT_3D('',#5792,#5793,#5794);
#5792 = CARTESIAN_POINT('',(0.663773585588,-0.79717650445,3.E-03));
#5793 = DIRECTION('',(0.,0.,1.));
#5794 = DIRECTION('',(0.,-1.,0.));
#5795 = ORIENTED_EDGE('',*,*,#5796,.F.);
#5796 = EDGE_CURVE('',#5778,#5788,#5797,.T.);
#5797 = LINE('',#5798,#5799);
#5798 = CARTESIAN_POINT('',(0.663773585588,-0.90949650445,0.));
#5799 = VECTOR('',#5800,1.);
#5800 = DIRECTION('',(0.,0.,1.));
#5801 = CYLINDRICAL_SURFACE('',#5802,0.11232);
#5802 = AXIS2_PLACEMENT_3D('',#5803,#5804,#5805);
#5803 = CARTESIAN_POINT('',(0.663773585588,-0.79717650445,0.));
#5804 = DIRECTION('',(0.,0.,1.));
#5805 = DIRECTION('',(0.,-1.,0.));
#5806 = ADVANCED_FACE('',(#5807),#5832,.T.);
#5807 = FACE_BOUND('',#5808,.T.);
#5808 = EDGE_LOOP('',(#5809,#5817,#5818,#5826));
#5809 = ORIENTED_EDGE('',*,*,#5810,.T.);
#5810 = EDGE_CURVE('',#5811,#5778,#5813,.T.);
#5811 = VERTEX_POINT('',#5812);
#5812 = CARTESIAN_POINT('',(0.604424459776,-0.90949650445,0.));
#5813 = LINE('',#5814,#5815);
#5814 = CARTESIAN_POINT('',(0.604424459776,-0.90949650445,0.));
#5815 = VECTOR('',#5816,1.);
#5816 = DIRECTION('',(1.,9.353322474745E-15,0.));
#5817 = ORIENTED_EDGE('',*,*,#5796,.T.);
#5818 = ORIENTED_EDGE('',*,*,#5819,.F.);
#5819 = EDGE_CURVE('',#5820,#5788,#5822,.T.);
#5820 = VERTEX_POINT('',#5821);
#5821 = CARTESIAN_POINT('',(0.604424459776,-0.90949650445,3.E-03));
#5822 = LINE('',#5823,#5824);
#5823 = CARTESIAN_POINT('',(0.604424459776,-0.90949650445,3.E-03));
#5824 = VECTOR('',#5825,1.);
#5825 = DIRECTION('',(1.,9.353322474745E-15,0.));
#5826 = ORIENTED_EDGE('',*,*,#5827,.F.);
#5827 = EDGE_CURVE('',#5811,#5820,#5828,.T.);
#5828 = LINE('',#5829,#5830);
#5829 = CARTESIAN_POINT('',(0.604424459776,-0.90949650445,0.));
#5830 = VECTOR('',#5831,1.);
#5831 = DIRECTION('',(0.,0.,1.));
#5832 = PLANE('',#5833);
#5833 = AXIS2_PLACEMENT_3D('',#5834,#5835,#5836);
#5834 = CARTESIAN_POINT('',(0.604424459776,-0.90949650445,0.));
#5835 = DIRECTION('',(9.353322474745E-15,-1.,0.));
#5836 = DIRECTION('',(1.,9.353322474745E-15,0.));
#5837 = ADVANCED_FACE('',(#5838),#5863,.T.);
#5838 = FACE_BOUND('',#5839,.T.);
#5839 = EDGE_LOOP('',(#5840,#5848,#5849,#5857));
#5840 = ORIENTED_EDGE('',*,*,#5841,.T.);
#5841 = EDGE_CURVE('',#5842,#5811,#5844,.T.);
#5842 = VERTEX_POINT('',#5843);
#5843 = CARTESIAN_POINT('',(0.73919992541,-0.58760377137,0.));
#5844 = LINE('',#5845,#5846);
#5845 = CARTESIAN_POINT('',(0.73919992541,-0.58760377137,0.));
#5846 = VECTOR('',#5847,1.);
#5847 = DIRECTION('',(-0.386210432787,-0.922410701156,0.));
#5848 = ORIENTED_EDGE('',*,*,#5827,.T.);
#5849 = ORIENTED_EDGE('',*,*,#5850,.F.);
#5850 = EDGE_CURVE('',#5851,#5820,#5853,.T.);
#5851 = VERTEX_POINT('',#5852);
#5852 = CARTESIAN_POINT('',(0.73919992541,-0.58760377137,3.E-03));
#5853 = LINE('',#5854,#5855);
#5854 = CARTESIAN_POINT('',(0.73919992541,-0.58760377137,3.E-03));
#5855 = VECTOR('',#5856,1.);
#5856 = DIRECTION('',(-0.386210432787,-0.922410701156,0.));
#5857 = ORIENTED_EDGE('',*,*,#5858,.F.);
#5858 = EDGE_CURVE('',#5842,#5851,#5859,.T.);
#5859 = LINE('',#5860,#5861);
#5860 = CARTESIAN_POINT('',(0.73919992541,-0.58760377137,0.));
#5861 = VECTOR('',#5862,1.);
#5862 = DIRECTION('',(0.,0.,1.));
#5863 = PLANE('',#5864);
#5864 = AXIS2_PLACEMENT_3D('',#5865,#5866,#5867);
#5865 = CARTESIAN_POINT('',(0.73919992541,-0.58760377137,0.));
#5866 = DIRECTION('',(-0.922410701156,0.386210432787,0.));
#5867 = DIRECTION('',(-0.386210432787,-0.922410701156,0.));
#5868 = ADVANCED_FACE('',(#5869),#5885,.T.);
#5869 = FACE_BOUND('',#5870,.T.);
#5870 = EDGE_LOOP('',(#5871,#5877,#5878,#5884));
#5871 = ORIENTED_EDGE('',*,*,#5872,.T.);
#5872 = EDGE_CURVE('',#5740,#5842,#5873,.T.);
#5873 = LINE('',#5874,#5875);
#5874 = CARTESIAN_POINT('',(0.859580269747,-0.58760377137,0.));
#5875 = VECTOR('',#5876,1.);
#5876 = DIRECTION('',(-1.,0.,0.));
#5877 = ORIENTED_EDGE('',*,*,#5858,.T.);
#5878 = ORIENTED_EDGE('',*,*,#5879,.F.);
#5879 = EDGE_CURVE('',#5748,#5851,#5880,.T.);
#5880 = LINE('',#5881,#5882);
#5881 = CARTESIAN_POINT('',(0.859580269747,-0.58760377137,3.E-03));
#5882 = VECTOR('',#5883,1.);
#5883 = DIRECTION('',(-1.,0.,0.));
#5884 = ORIENTED_EDGE('',*,*,#5747,.F.);
#5885 = PLANE('',#5886);
#5886 = AXIS2_PLACEMENT_3D('',#5887,#5888,#5889);
#5887 = CARTESIAN_POINT('',(0.859580269747,-0.58760377137,0.));
#5888 = DIRECTION('',(0.,1.,0.));
#5889 = DIRECTION('',(-1.,0.,0.));
#5890 = ADVANCED_FACE('',(#5891),#5898,.T.);
#5891 = FACE_BOUND('',#5892,.T.);
#5892 = EDGE_LOOP('',(#5893,#5894,#5895,#5896,#5897));
#5893 = ORIENTED_EDGE('',*,*,#5879,.T.);
#5894 = ORIENTED_EDGE('',*,*,#5850,.T.);
#5895 = ORIENTED_EDGE('',*,*,#5819,.T.);
#5896 = ORIENTED_EDGE('',*,*,#5787,.T.);
#5897 = ORIENTED_EDGE('',*,*,#5755,.T.);
#5898 = PLANE('',#5899);
#5899 = AXIS2_PLACEMENT_3D('',#5900,#5901,#5902);
#5900 = CARTESIAN_POINT('',(0.732002364762,-0.74855013791,3.E-03));
#5901 = DIRECTION('',(0.,0.,1.));
#5902 = DIRECTION('',(1.,0.,-0.));
#5903 = ADVANCED_FACE('',(#5904),#5911,.F.);
#5904 = FACE_BOUND('',#5905,.T.);
#5905 = EDGE_LOOP('',(#5906,#5907,#5908,#5909,#5910));
#5906 = ORIENTED_EDGE('',*,*,#5872,.F.);
#5907 = ORIENTED_EDGE('',*,*,#5737,.F.);
#5908 = ORIENTED_EDGE('',*,*,#5777,.F.);
#5909 = ORIENTED_EDGE('',*,*,#5810,.F.);
#5910 = ORIENTED_EDGE('',*,*,#5841,.F.);
#5911 = PLANE('',#5912);
#5912 = AXIS2_PLACEMENT_3D('',#5913,#5914,#5915);
#5913 = CARTESIAN_POINT('',(0.732002364762,-0.74855013791,0.));
#5914 = DIRECTION('',(0.,0.,1.));
#5915 = DIRECTION('',(1.,0.,-0.));
#5916 = MANIFOLD_SOLID_BREP('',#5917);
#5917 = CLOSED_SHELL('',(#5918,#5960,#5991,#6022,#6053,#6086,#6117,#6150
    ,#6181,#6203,#6220));
#5918 = ADVANCED_FACE('',(#5919),#5955,.T.);
#5919 = FACE_BOUND('',#5920,.T.);
#5920 = EDGE_LOOP('',(#5921,#5932,#5940,#5949));
#5921 = ORIENTED_EDGE('',*,*,#5922,.T.);
#5922 = EDGE_CURVE('',#5923,#5925,#5927,.T.);
#5923 = VERTEX_POINT('',#5924);
#5924 = CARTESIAN_POINT('',(0.263847942391,-0.428617275659,0.));
#5925 = VERTEX_POINT('',#5926);
#5926 = CARTESIAN_POINT('',(0.158301667224,-0.50252157316,0.));
#5927 = CIRCLE('',#5928,0.11232);
#5928 = AXIS2_PLACEMENT_3D('',#5929,#5930,#5931);
#5929 = CARTESIAN_POINT('',(0.263847942391,-0.540937275659,0.));
#5930 = DIRECTION('',(0.,0.,1.));
#5931 = DIRECTION('',(5.560011140951E-15,1.,-0.));
#5932 = ORIENTED_EDGE('',*,*,#5933,.T.);
#5933 = EDGE_CURVE('',#5925,#5934,#5936,.T.);
#5934 = VERTEX_POINT('',#5935);
#5935 = CARTESIAN_POINT('',(0.158301667224,-0.50252157316,3.E-03));
#5936 = LINE('',#5937,#5938);
#5937 = CARTESIAN_POINT('',(0.158301667224,-0.50252157316,0.));
#5938 = VECTOR('',#5939,1.);
#5939 = DIRECTION('',(0.,0.,1.));
#5940 = ORIENTED_EDGE('',*,*,#5941,.F.);
#5941 = EDGE_CURVE('',#5942,#5934,#5944,.T.);
#5942 = VERTEX_POINT('',#5943);
#5943 = CARTESIAN_POINT('',(0.263847942391,-0.428617275659,3.E-03));
#5944 = CIRCLE('',#5945,0.11232);
#5945 = AXIS2_PLACEMENT_3D('',#5946,#5947,#5948);
#5946 = CARTESIAN_POINT('',(0.263847942391,-0.540937275659,3.E-03));
#5947 = DIRECTION('',(0.,0.,1.));
#5948 = DIRECTION('',(5.560011140951E-15,1.,-0.));
#5949 = ORIENTED_EDGE('',*,*,#5950,.F.);
#5950 = EDGE_CURVE('',#5923,#5942,#5951,.T.);
#5951 = LINE('',#5952,#5953);
#5952 = CARTESIAN_POINT('',(0.263847942391,-0.428617275659,0.));
#5953 = VECTOR('',#5954,1.);
#5954 = DIRECTION('',(0.,0.,1.));
#5955 = CYLINDRICAL_SURFACE('',#5956,0.11232);
#5956 = AXIS2_PLACEMENT_3D('',#5957,#5958,#5959);
#5957 = CARTESIAN_POINT('',(0.263847942391,-0.540937275659,0.));
#5958 = DIRECTION('',(0.,0.,1.));
#5959 = DIRECTION('',(5.560011140951E-15,1.,-0.));
#5960 = ADVANCED_FACE('',(#5961),#5986,.T.);
#5961 = FACE_BOUND('',#5962,.T.);
#5962 = EDGE_LOOP('',(#5963,#5971,#5972,#5980));
#5963 = ORIENTED_EDGE('',*,*,#5964,.T.);
#5964 = EDGE_CURVE('',#5965,#5923,#5967,.T.);
#5965 = VERTEX_POINT('',#5966);
#5966 = CARTESIAN_POINT('',(0.917446621837,-0.428617275659,0.));
#5967 = LINE('',#5968,#5969);
#5968 = CARTESIAN_POINT('',(0.917446621837,-0.428617275659,0.));
#5969 = VECTOR('',#5970,1.);
#5970 = DIRECTION('',(-1.,0.,0.));
#5971 = ORIENTED_EDGE('',*,*,#5950,.T.);
#5972 = ORIENTED_EDGE('',*,*,#5973,.F.);
#5973 = EDGE_CURVE('',#5974,#5942,#5976,.T.);
#5974 = VERTEX_POINT('',#5975);
#5975 = CARTESIAN_POINT('',(0.917446621837,-0.428617275659,3.E-03));
#5976 = LINE('',#5977,#5978);
#5977 = CARTESIAN_POINT('',(0.917446621837,-0.428617275659,3.E-03));
#5978 = VECTOR('',#5979,1.);
#5979 = DIRECTION('',(-1.,0.,0.));
#5980 = ORIENTED_EDGE('',*,*,#5981,.F.);
#5981 = EDGE_CURVE('',#5965,#5974,#5982,.T.);
#5982 = LINE('',#5983,#5984);
#5983 = CARTESIAN_POINT('',(0.917446621837,-0.428617275659,0.));
#5984 = VECTOR('',#5985,1.);
#5985 = DIRECTION('',(0.,0.,1.));
#5986 = PLANE('',#5987);
#5987 = AXIS2_PLACEMENT_3D('',#5988,#5989,#5990);
#5988 = CARTESIAN_POINT('',(0.917446621837,-0.428617275659,0.));
#5989 = DIRECTION('',(0.,1.,0.));
#5990 = DIRECTION('',(-1.,0.,0.));
#5991 = ADVANCED_FACE('',(#5992),#6017,.T.);
#5992 = FACE_BOUND('',#5993,.T.);
#5993 = EDGE_LOOP('',(#5994,#6002,#6003,#6011));
#5994 = ORIENTED_EDGE('',*,*,#5995,.T.);
#5995 = EDGE_CURVE('',#5996,#5965,#5998,.T.);
#5996 = VERTEX_POINT('',#5997);
#5997 = CARTESIAN_POINT('',(0.894329235953,-0.49213177137,0.));
#5998 = LINE('',#5999,#6000);
#5999 = CARTESIAN_POINT('',(0.894329235953,-0.49213177137,0.));
#6000 = VECTOR('',#6001,1.);
#6001 = DIRECTION('',(0.342020143326,0.939692620786,0.));
#6002 = ORIENTED_EDGE('',*,*,#5981,.T.);
#6003 = ORIENTED_EDGE('',*,*,#6004,.F.);
#6004 = EDGE_CURVE('',#6005,#5974,#6007,.T.);
#6005 = VERTEX_POINT('',#6006);
#6006 = CARTESIAN_POINT('',(0.894329235953,-0.49213177137,3.E-03));
#6007 = LINE('',#6008,#6009);
#6008 = CARTESIAN_POINT('',(0.894329235953,-0.49213177137,3.E-03));
#6009 = VECTOR('',#6010,1.);
#6010 = DIRECTION('',(0.342020143326,0.939692620786,0.));
#6011 = ORIENTED_EDGE('',*,*,#6012,.F.);
#6012 = EDGE_CURVE('',#5996,#6005,#6013,.T.);
#6013 = LINE('',#6014,#6015);
#6014 = CARTESIAN_POINT('',(0.894329235953,-0.49213177137,0.));
#6015 = VECTOR('',#6016,1.);
#6016 = DIRECTION('',(0.,0.,1.));
#6017 = PLANE('',#6018);
#6018 = AXIS2_PLACEMENT_3D('',#6019,#6020,#6021);
#6019 = CARTESIAN_POINT('',(0.894329235953,-0.49213177137,0.));
#6020 = DIRECTION('',(0.939692620786,-0.342020143326,0.));
#6021 = DIRECTION('',(0.342020143326,0.939692620786,0.));
#6022 = ADVANCED_FACE('',(#6023),#6048,.T.);
#6023 = FACE_BOUND('',#6024,.T.);
#6024 = EDGE_LOOP('',(#6025,#6033,#6034,#6042));
#6025 = ORIENTED_EDGE('',*,*,#6026,.T.);
#6026 = EDGE_CURVE('',#6027,#5996,#6029,.T.);
#6027 = VERTEX_POINT('',#6028);
#6028 = CARTESIAN_POINT('',(0.301405722529,-0.49213177137,0.));
#6029 = LINE('',#6030,#6031);
#6030 = CARTESIAN_POINT('',(0.301405722529,-0.49213177137,0.));
#6031 = VECTOR('',#6032,1.);
#6032 = DIRECTION('',(1.,0.,0.));
#6033 = ORIENTED_EDGE('',*,*,#6012,.T.);
#6034 = ORIENTED_EDGE('',*,*,#6035,.F.);
#6035 = EDGE_CURVE('',#6036,#6005,#6038,.T.);
#6036 = VERTEX_POINT('',#6037);
#6037 = CARTESIAN_POINT('',(0.301405722529,-0.49213177137,3.E-03));
#6038 = LINE('',#6039,#6040);
#6039 = CARTESIAN_POINT('',(0.301405722529,-0.49213177137,3.E-03));
#6040 = VECTOR('',#6041,1.);
#6041 = DIRECTION('',(1.,0.,0.));
#6042 = ORIENTED_EDGE('',*,*,#6043,.F.);
#6043 = EDGE_CURVE('',#6027,#6036,#6044,.T.);
#6044 = LINE('',#6045,#6046);
#6045 = CARTESIAN_POINT('',(0.301405722529,-0.49213177137,0.));
#6046 = VECTOR('',#6047,1.);
#6047 = DIRECTION('',(0.,0.,1.));
#6048 = PLANE('',#6049);
#6049 = AXIS2_PLACEMENT_3D('',#6050,#6051,#6052);
#6050 = CARTESIAN_POINT('',(0.301405722529,-0.49213177137,0.));
#6051 = DIRECTION('',(0.,-1.,0.));
#6052 = DIRECTION('',(1.,0.,0.));
#6053 = ADVANCED_FACE('',(#6054),#6081,.F.);
#6054 = FACE_BOUND('',#6055,.F.);
#6055 = EDGE_LOOP('',(#6056,#6066,#6073,#6074));
#6056 = ORIENTED_EDGE('',*,*,#6057,.T.);
#6057 = EDGE_CURVE('',#6058,#6060,#6062,.T.);
#6058 = VERTEX_POINT('',#6059);
#6059 = CARTESIAN_POINT('',(0.228785568859,-0.649581316214,0.));
#6060 = VERTEX_POINT('',#6061);
#6061 = CARTESIAN_POINT('',(0.228785568859,-0.649581316214,3.E-03));
#6062 = LINE('',#6063,#6064);
#6063 = CARTESIAN_POINT('',(0.228785568859,-0.649581316214,0.));
#6064 = VECTOR('',#6065,1.);
#6065 = DIRECTION('',(0.,0.,1.));
#6066 = ORIENTED_EDGE('',*,*,#6067,.T.);
#6067 = EDGE_CURVE('',#6060,#6036,#6068,.T.);
#6068 = CIRCLE('',#6069,9.5472E-02);
#6069 = AXIS2_PLACEMENT_3D('',#6070,#6071,#6072);
#6070 = CARTESIAN_POINT('',(0.301405722529,-0.58760377137,3.E-03));
#6071 = DIRECTION('',(0.,0.,-1.));
#6072 = DIRECTION('',(-1.744317220691E-14,-1.,-0.));
#6073 = ORIENTED_EDGE('',*,*,#6043,.F.);
#6074 = ORIENTED_EDGE('',*,*,#6075,.F.);
#6075 = EDGE_CURVE('',#6058,#6027,#6076,.T.);
#6076 = CIRCLE('',#6077,9.5472E-02);
#6077 = AXIS2_PLACEMENT_3D('',#6078,#6079,#6080);
#6078 = CARTESIAN_POINT('',(0.301405722529,-0.58760377137,0.));
#6079 = DIRECTION('',(0.,0.,-1.));
#6080 = DIRECTION('',(-1.744317220691E-14,-1.,-0.));
#6081 = CYLINDRICAL_SURFACE('',#6082,9.5472E-02);
#6082 = AXIS2_PLACEMENT_3D('',#6083,#6084,#6085);
#6083 = CARTESIAN_POINT('',(0.301405722529,-0.58760377137,0.));
#6084 = DIRECTION('',(0.,0.,1.));
#6085 = DIRECTION('',(-1.744317220691E-14,-1.,0.));
#6086 = ADVANCED_FACE('',(#6087),#6112,.T.);
#6087 = FACE_BOUND('',#6088,.T.);
#6088 = EDGE_LOOP('',(#6089,#6097,#6098,#6106));
#6089 = ORIENTED_EDGE('',*,*,#6090,.T.);
#6090 = EDGE_CURVE('',#6091,#6058,#6093,.T.);
#6091 = VERTEX_POINT('',#6092);
#6092 = CARTESIAN_POINT('',(0.342254315638,-0.782534595481,0.));
#6093 = LINE('',#6094,#6095);
#6094 = CARTESIAN_POINT('',(0.342254315638,-0.782534595481,0.));
#6095 = VECTOR('',#6096,1.);
#6096 = DIRECTION('',(-0.649169859684,0.760643473171,0.));
#6097 = ORIENTED_EDGE('',*,*,#6057,.T.);
#6098 = ORIENTED_EDGE('',*,*,#6099,.F.);
#6099 = EDGE_CURVE('',#6100,#6060,#6102,.T.);
#6100 = VERTEX_POINT('',#6101);
#6101 = CARTESIAN_POINT('',(0.342254315638,-0.782534595481,3.E-03));
#6102 = LINE('',#6103,#6104);
#6103 = CARTESIAN_POINT('',(0.342254315638,-0.782534595481,3.E-03));
#6104 = VECTOR('',#6105,1.);
#6105 = DIRECTION('',(-0.649169859684,0.760643473171,0.));
#6106 = ORIENTED_EDGE('',*,*,#6107,.F.);
#6107 = EDGE_CURVE('',#6091,#6100,#6108,.T.);
#6108 = LINE('',#6109,#6110);
#6109 = CARTESIAN_POINT('',(0.342254315638,-0.782534595481,0.));
#6110 = VECTOR('',#6111,1.);
#6111 = DIRECTION('',(0.,0.,1.));
#6112 = PLANE('',#6113);
#6113 = AXIS2_PLACEMENT_3D('',#6114,#6115,#6116);
#6114 = CARTESIAN_POINT('',(0.342254315638,-0.782534595481,0.));
#6115 = DIRECTION('',(0.760643473171,0.649169859684,0.));
#6116 = DIRECTION('',(-0.649169859684,0.760643473171,0.));
#6117 = ADVANCED_FACE('',(#6118),#6145,.T.);
#6118 = FACE_BOUND('',#6119,.T.);
#6119 = EDGE_LOOP('',(#6120,#6129,#6130,#6139));
#6120 = ORIENTED_EDGE('',*,*,#6121,.T.);
#6121 = EDGE_CURVE('',#6122,#6091,#6124,.T.);
#6122 = VERTEX_POINT('',#6123);
#6123 = CARTESIAN_POINT('',(0.327730284904,-0.81402450445,0.));
#6124 = CIRCLE('',#6125,1.90944E-02);
#6125 = AXIS2_PLACEMENT_3D('',#6126,#6127,#6128);
#6126 = CARTESIAN_POINT('',(0.327730284904,-0.79493010445,0.));
#6127 = DIRECTION('',(0.,0.,1.));
#6128 = DIRECTION('',(3.997393630749E-14,-1.,0.));
#6129 = ORIENTED_EDGE('',*,*,#6107,.T.);
#6130 = ORIENTED_EDGE('',*,*,#6131,.F.);
#6131 = EDGE_CURVE('',#6132,#6100,#6134,.T.);
#6132 = VERTEX_POINT('',#6133);
#6133 = CARTESIAN_POINT('',(0.327730284904,-0.81402450445,3.E-03));
#6134 = CIRCLE('',#6135,1.90944E-02);
#6135 = AXIS2_PLACEMENT_3D('',#6136,#6137,#6138);
#6136 = CARTESIAN_POINT('',(0.327730284904,-0.79493010445,3.E-03));
#6137 = DIRECTION('',(0.,0.,1.));
#6138 = DIRECTION('',(3.997393630749E-14,-1.,0.));
#6139 = ORIENTED_EDGE('',*,*,#6140,.F.);
#6140 = EDGE_CURVE('',#6122,#6132,#6141,.T.);
#6141 = LINE('',#6142,#6143);
#6142 = CARTESIAN_POINT('',(0.327730284904,-0.81402450445,0.));
#6143 = VECTOR('',#6144,1.);
#6144 = DIRECTION('',(0.,0.,1.));
#6145 = CYLINDRICAL_SURFACE('',#6146,1.90944E-02);
#6146 = AXIS2_PLACEMENT_3D('',#6147,#6148,#6149);
#6147 = CARTESIAN_POINT('',(0.327730284904,-0.79493010445,0.));
#6148 = DIRECTION('',(0.,0.,1.));
#6149 = DIRECTION('',(3.997393630749E-14,-1.,0.));
#6150 = ADVANCED_FACE('',(#6151),#6176,.T.);
#6151 = FACE_BOUND('',#6152,.T.);
#6152 = EDGE_LOOP('',(#6153,#6161,#6162,#6170));
#6153 = ORIENTED_EDGE('',*,*,#6154,.T.);
#6154 = EDGE_CURVE('',#6155,#6122,#6157,.T.);
#6155 = VERTEX_POINT('',#6156);
#6156 = CARTESIAN_POINT('',(4.492387234817E-02,-0.81402450445,0.));
#6157 = LINE('',#6158,#6159);
#6158 = CARTESIAN_POINT('',(4.492387234817E-02,-0.81402450445,0.));
#6159 = VECTOR('',#6160,1.);
#6160 = DIRECTION('',(1.,0.,0.));
#6161 = ORIENTED_EDGE('',*,*,#6140,.T.);
#6162 = ORIENTED_EDGE('',*,*,#6163,.F.);
#6163 = EDGE_CURVE('',#6164,#6132,#6166,.T.);
#6164 = VERTEX_POINT('',#6165);
#6165 = CARTESIAN_POINT('',(4.492387234817E-02,-0.81402450445,3.E-03));
#6166 = LINE('',#6167,#6168);
#6167 = CARTESIAN_POINT('',(4.492387234817E-02,-0.81402450445,3.E-03));
#6168 = VECTOR('',#6169,1.);
#6169 = DIRECTION('',(1.,0.,0.));
#6170 = ORIENTED_EDGE('',*,*,#6171,.F.);
#6171 = EDGE_CURVE('',#6155,#6164,#6172,.T.);
#6172 = LINE('',#6173,#6174);
#6173 = CARTESIAN_POINT('',(4.492387234817E-02,-0.81402450445,0.));
#6174 = VECTOR('',#6175,1.);
#6175 = DIRECTION('',(0.,0.,1.));
#6176 = PLANE('',#6177);
#6177 = AXIS2_PLACEMENT_3D('',#6178,#6179,#6180);
#6178 = CARTESIAN_POINT('',(4.492387234817E-02,-0.81402450445,0.));
#6179 = DIRECTION('',(0.,-1.,0.));
#6180 = DIRECTION('',(1.,0.,0.));
#6181 = ADVANCED_FACE('',(#6182),#6198,.T.);
#6182 = FACE_BOUND('',#6183,.T.);
#6183 = EDGE_LOOP('',(#6184,#6190,#6191,#6197));
#6184 = ORIENTED_EDGE('',*,*,#6185,.T.);
#6185 = EDGE_CURVE('',#5925,#6155,#6186,.T.);
#6186 = LINE('',#6187,#6188);
#6187 = CARTESIAN_POINT('',(0.158301667224,-0.50252157316,0.));
#6188 = VECTOR('',#6189,1.);
#6189 = DIRECTION('',(-0.342020143326,-0.939692620786,0.));
#6190 = ORIENTED_EDGE('',*,*,#6171,.T.);
#6191 = ORIENTED_EDGE('',*,*,#6192,.F.);
#6192 = EDGE_CURVE('',#5934,#6164,#6193,.T.);
#6193 = LINE('',#6194,#6195);
#6194 = CARTESIAN_POINT('',(0.158301667224,-0.50252157316,3.E-03));
#6195 = VECTOR('',#6196,1.);
#6196 = DIRECTION('',(-0.342020143326,-0.939692620786,0.));
#6197 = ORIENTED_EDGE('',*,*,#5933,.F.);
#6198 = PLANE('',#6199);
#6199 = AXIS2_PLACEMENT_3D('',#6200,#6201,#6202);
#6200 = CARTESIAN_POINT('',(0.158301667224,-0.50252157316,0.));
#6201 = DIRECTION('',(-0.939692620786,0.342020143326,0.));
#6202 = DIRECTION('',(-0.342020143326,-0.939692620786,0.));
#6203 = ADVANCED_FACE('',(#6204),#6215,.T.);
#6204 = FACE_BOUND('',#6205,.T.);
#6205 = EDGE_LOOP('',(#6206,#6207,#6208,#6209,#6210,#6211,#6212,#6213,
    #6214));
#6206 = ORIENTED_EDGE('',*,*,#6192,.T.);
#6207 = ORIENTED_EDGE('',*,*,#6163,.T.);
#6208 = ORIENTED_EDGE('',*,*,#6131,.T.);
#6209 = ORIENTED_EDGE('',*,*,#6099,.T.);
#6210 = ORIENTED_EDGE('',*,*,#6067,.T.);
#6211 = ORIENTED_EDGE('',*,*,#6035,.T.);
#6212 = ORIENTED_EDGE('',*,*,#6004,.T.);
#6213 = ORIENTED_EDGE('',*,*,#5973,.T.);
#6214 = ORIENTED_EDGE('',*,*,#5941,.T.);
#6215 = PLANE('',#6216);
#6216 = AXIS2_PLACEMENT_3D('',#6217,#6218,#6219);
#6217 = CARTESIAN_POINT('',(0.481185247092,-0.621320890054,3.E-03));
#6218 = DIRECTION('',(0.,0.,1.));
#6219 = DIRECTION('',(1.,0.,-0.));
#6220 = ADVANCED_FACE('',(#6221),#6232,.F.);
#6221 = FACE_BOUND('',#6222,.T.);
#6222 = EDGE_LOOP('',(#6223,#6224,#6225,#6226,#6227,#6228,#6229,#6230,
    #6231));
#6223 = ORIENTED_EDGE('',*,*,#6185,.F.);
#6224 = ORIENTED_EDGE('',*,*,#5922,.F.);
#6225 = ORIENTED_EDGE('',*,*,#5964,.F.);
#6226 = ORIENTED_EDGE('',*,*,#5995,.F.);
#6227 = ORIENTED_EDGE('',*,*,#6026,.F.);
#6228 = ORIENTED_EDGE('',*,*,#6075,.F.);
#6229 = ORIENTED_EDGE('',*,*,#6090,.F.);
#6230 = ORIENTED_EDGE('',*,*,#6121,.F.);
#6231 = ORIENTED_EDGE('',*,*,#6154,.F.);
#6232 = PLANE('',#6233);
#6233 = AXIS2_PLACEMENT_3D('',#6234,#6235,#6236);
#6234 = CARTESIAN_POINT('',(0.481185247092,-0.621320890054,0.));
#6235 = DIRECTION('',(0.,0.,1.));
#6236 = DIRECTION('',(1.,0.,-0.));
#6237 = MANIFOLD_SOLID_BREP('',#6238);
#6238 = CLOSED_SHELL('',(#6239,#6281,#6312,#6345,#6376,#6407,#6429,#6443
    ));
#6239 = ADVANCED_FACE('',(#6240),#6276,.F.);
#6240 = FACE_BOUND('',#6241,.F.);
#6241 = EDGE_LOOP('',(#6242,#6252,#6261,#6269));
#6242 = ORIENTED_EDGE('',*,*,#6243,.T.);
#6243 = EDGE_CURVE('',#6244,#6246,#6248,.T.);
#6244 = VERTEX_POINT('',#6245);
#6245 = CARTESIAN_POINT('',(0.431412966292,-0.752046959606,0.));
#6246 = VERTEX_POINT('',#6247);
#6247 = CARTESIAN_POINT('',(0.431412966292,-0.752046959606,3.E-03));
#6248 = LINE('',#6249,#6250);
#6249 = CARTESIAN_POINT('',(0.431412966292,-0.752046959606,0.));
#6250 = VECTOR('',#6251,1.);
#6251 = DIRECTION('',(0.,0.,1.));
#6252 = ORIENTED_EDGE('',*,*,#6253,.T.);
#6253 = EDGE_CURVE('',#6246,#6254,#6256,.T.);
#6254 = VERTEX_POINT('',#6255);
#6255 = CARTESIAN_POINT('',(0.358792812622,-0.90949650445,3.E-03));
#6256 = CIRCLE('',#6257,9.5472E-02);
#6257 = AXIS2_PLACEMENT_3D('',#6258,#6259,#6260);
#6258 = CARTESIAN_POINT('',(0.358792812622,-0.81402450445,3.E-03));
#6259 = DIRECTION('',(0.,0.,-1.));
#6260 = DIRECTION('',(-1.889676989081E-14,1.,0.));
#6261 = ORIENTED_EDGE('',*,*,#6262,.F.);
#6262 = EDGE_CURVE('',#6263,#6254,#6265,.T.);
#6263 = VERTEX_POINT('',#6264);
#6264 = CARTESIAN_POINT('',(0.358792812622,-0.90949650445,0.));
#6265 = LINE('',#6266,#6267);
#6266 = CARTESIAN_POINT('',(0.358792812622,-0.90949650445,0.));
#6267 = VECTOR('',#6268,1.);
#6268 = DIRECTION('',(0.,0.,1.));
#6269 = ORIENTED_EDGE('',*,*,#6270,.F.);
#6270 = EDGE_CURVE('',#6244,#6263,#6271,.T.);
#6271 = CIRCLE('',#6272,9.5472E-02);
#6272 = AXIS2_PLACEMENT_3D('',#6273,#6274,#6275);
#6273 = CARTESIAN_POINT('',(0.358792812622,-0.81402450445,0.));
#6274 = DIRECTION('',(0.,0.,-1.));
#6275 = DIRECTION('',(-1.889676989081E-14,1.,0.));
#6276 = CYLINDRICAL_SURFACE('',#6277,9.5472E-02);
#6277 = AXIS2_PLACEMENT_3D('',#6278,#6279,#6280);
#6278 = CARTESIAN_POINT('',(0.358792812622,-0.81402450445,0.));
#6279 = DIRECTION('',(0.,0.,1.));
#6280 = DIRECTION('',(-1.889676989081E-14,1.,0.));
#6281 = ADVANCED_FACE('',(#6282),#6307,.T.);
#6282 = FACE_BOUND('',#6283,.T.);
#6283 = EDGE_LOOP('',(#6284,#6292,#6293,#6301));
#6284 = ORIENTED_EDGE('',*,*,#6285,.T.);
#6285 = EDGE_CURVE('',#6286,#6244,#6288,.T.);
#6286 = VERTEX_POINT('',#6287);
#6287 = CARTESIAN_POINT('',(0.317944219513,-0.619093680339,0.));
#6288 = LINE('',#6289,#6290);
#6289 = CARTESIAN_POINT('',(0.317944219513,-0.619093680339,0.));
#6290 = VECTOR('',#6291,1.);
#6291 = DIRECTION('',(0.649169859684,-0.760643473171,0.));
#6292 = ORIENTED_EDGE('',*,*,#6243,.T.);
#6293 = ORIENTED_EDGE('',*,*,#6294,.F.);
#6294 = EDGE_CURVE('',#6295,#6246,#6297,.T.);
#6295 = VERTEX_POINT('',#6296);
#6296 = CARTESIAN_POINT('',(0.317944219513,-0.619093680339,3.E-03));
#6297 = LINE('',#6298,#6299);
#6298 = CARTESIAN_POINT('',(0.317944219513,-0.619093680339,3.E-03));
#6299 = VECTOR('',#6300,1.);
#6300 = DIRECTION('',(0.649169859684,-0.760643473171,0.));
#6301 = ORIENTED_EDGE('',*,*,#6302,.F.);
#6302 = EDGE_CURVE('',#6286,#6295,#6303,.T.);
#6303 = LINE('',#6304,#6305);
#6304 = CARTESIAN_POINT('',(0.317944219513,-0.619093680339,0.));
#6305 = VECTOR('',#6306,1.);
#6306 = DIRECTION('',(0.,0.,1.));
#6307 = PLANE('',#6308);
#6308 = AXIS2_PLACEMENT_3D('',#6309,#6310,#6311);
#6309 = CARTESIAN_POINT('',(0.317944219513,-0.619093680339,0.));
#6310 = DIRECTION('',(-0.760643473171,-0.649169859684,0.));
#6311 = DIRECTION('',(0.649169859684,-0.760643473171,0.));
#6312 = ADVANCED_FACE('',(#6313),#6340,.T.);
#6313 = FACE_BOUND('',#6314,.T.);
#6314 = EDGE_LOOP('',(#6315,#6324,#6325,#6334));
#6315 = ORIENTED_EDGE('',*,*,#6316,.T.);
#6316 = EDGE_CURVE('',#6317,#6286,#6319,.T.);
#6317 = VERTEX_POINT('',#6318);
#6318 = CARTESIAN_POINT('',(0.332468250247,-0.58760377137,0.));
#6319 = CIRCLE('',#6320,1.90944E-02);
#6320 = AXIS2_PLACEMENT_3D('',#6321,#6322,#6323);
#6321 = CARTESIAN_POINT('',(0.332468250247,-0.60669817137,0.));
#6322 = DIRECTION('',(0.,0.,1.));
#6323 = DIRECTION('',(-1.453597683909E-14,1.,0.));
#6324 = ORIENTED_EDGE('',*,*,#6302,.T.);
#6325 = ORIENTED_EDGE('',*,*,#6326,.F.);
#6326 = EDGE_CURVE('',#6327,#6295,#6329,.T.);
#6327 = VERTEX_POINT('',#6328);
#6328 = CARTESIAN_POINT('',(0.332468250247,-0.58760377137,3.E-03));
#6329 = CIRCLE('',#6330,1.90944E-02);
#6330 = AXIS2_PLACEMENT_3D('',#6331,#6332,#6333);
#6331 = CARTESIAN_POINT('',(0.332468250247,-0.60669817137,3.E-03));
#6332 = DIRECTION('',(0.,0.,1.));
#6333 = DIRECTION('',(-1.453597683909E-14,1.,0.));
#6334 = ORIENTED_EDGE('',*,*,#6335,.F.);
#6335 = EDGE_CURVE('',#6317,#6327,#6336,.T.);
#6336 = LINE('',#6337,#6338);
#6337 = CARTESIAN_POINT('',(0.332468250247,-0.58760377137,0.));
#6338 = VECTOR('',#6339,1.);
#6339 = DIRECTION('',(0.,0.,1.));
#6340 = CYLINDRICAL_SURFACE('',#6341,1.90944E-02);
#6341 = AXIS2_PLACEMENT_3D('',#6342,#6343,#6344);
#6342 = CARTESIAN_POINT('',(0.332468250247,-0.60669817137,0.));
#6343 = DIRECTION('',(0.,0.,1.));
#6344 = DIRECTION('',(-1.453597683909E-14,1.,0.));
#6345 = ADVANCED_FACE('',(#6346),#6371,.T.);
#6346 = FACE_BOUND('',#6347,.T.);
#6347 = EDGE_LOOP('',(#6348,#6356,#6357,#6365));
#6348 = ORIENTED_EDGE('',*,*,#6349,.T.);
#6349 = EDGE_CURVE('',#6350,#6317,#6352,.T.);
#6350 = VERTEX_POINT('',#6351);
#6351 = CARTESIAN_POINT('',(0.64374963178,-0.58760377137,0.));
#6352 = LINE('',#6353,#6354);
#6353 = CARTESIAN_POINT('',(0.64374963178,-0.58760377137,0.));
#6354 = VECTOR('',#6355,1.);
#6355 = DIRECTION('',(-1.,0.,0.));
#6356 = ORIENTED_EDGE('',*,*,#6335,.T.);
#6357 = ORIENTED_EDGE('',*,*,#6358,.F.);
#6358 = EDGE_CURVE('',#6359,#6327,#6361,.T.);
#6359 = VERTEX_POINT('',#6360);
#6360 = CARTESIAN_POINT('',(0.64374963178,-0.58760377137,3.E-03));
#6361 = LINE('',#6362,#6363);
#6362 = CARTESIAN_POINT('',(0.64374963178,-0.58760377137,3.E-03));
#6363 = VECTOR('',#6364,1.);
#6364 = DIRECTION('',(-1.,0.,0.));
#6365 = ORIENTED_EDGE('',*,*,#6366,.F.);
#6366 = EDGE_CURVE('',#6350,#6359,#6367,.T.);
#6367 = LINE('',#6368,#6369);
#6368 = CARTESIAN_POINT('',(0.64374963178,-0.58760377137,0.));
#6369 = VECTOR('',#6370,1.);
#6370 = DIRECTION('',(0.,0.,1.));
#6371 = PLANE('',#6372);
#6372 = AXIS2_PLACEMENT_3D('',#6373,#6374,#6375);
#6373 = CARTESIAN_POINT('',(0.64374963178,-0.58760377137,0.));
#6374 = DIRECTION('',(0.,1.,0.));
#6375 = DIRECTION('',(-1.,0.,0.));
#6376 = ADVANCED_FACE('',(#6377),#6402,.T.);
#6377 = FACE_BOUND('',#6378,.T.);
#6378 = EDGE_LOOP('',(#6379,#6387,#6388,#6396));
#6379 = ORIENTED_EDGE('',*,*,#6380,.T.);
#6380 = EDGE_CURVE('',#6381,#6350,#6383,.T.);
#6381 = VERTEX_POINT('',#6382);
#6382 = CARTESIAN_POINT('',(0.508974166146,-0.90949650445,0.));
#6383 = LINE('',#6384,#6385);
#6384 = CARTESIAN_POINT('',(0.508974166146,-0.90949650445,0.));
#6385 = VECTOR('',#6386,1.);
#6386 = DIRECTION('',(0.386210432787,0.922410701156,0.));
#6387 = ORIENTED_EDGE('',*,*,#6366,.T.);
#6388 = ORIENTED_EDGE('',*,*,#6389,.F.);
#6389 = EDGE_CURVE('',#6390,#6359,#6392,.T.);
#6390 = VERTEX_POINT('',#6391);
#6391 = CARTESIAN_POINT('',(0.508974166146,-0.90949650445,3.E-03));
#6392 = LINE('',#6393,#6394);
#6393 = CARTESIAN_POINT('',(0.508974166146,-0.90949650445,3.E-03));
#6394 = VECTOR('',#6395,1.);
#6395 = DIRECTION('',(0.386210432787,0.922410701156,0.));
#6396 = ORIENTED_EDGE('',*,*,#6397,.F.);
#6397 = EDGE_CURVE('',#6381,#6390,#6398,.T.);
#6398 = LINE('',#6399,#6400);
#6399 = CARTESIAN_POINT('',(0.508974166146,-0.90949650445,0.));
#6400 = VECTOR('',#6401,1.);
#6401 = DIRECTION('',(0.,0.,1.));
#6402 = PLANE('',#6403);
#6403 = AXIS2_PLACEMENT_3D('',#6404,#6405,#6406);
#6404 = CARTESIAN_POINT('',(0.508974166146,-0.90949650445,0.));
#6405 = DIRECTION('',(0.922410701156,-0.386210432787,0.));
#6406 = DIRECTION('',(0.386210432787,0.922410701156,0.));
#6407 = ADVANCED_FACE('',(#6408),#6424,.T.);
#6408 = FACE_BOUND('',#6409,.T.);
#6409 = EDGE_LOOP('',(#6410,#6416,#6417,#6423));
#6410 = ORIENTED_EDGE('',*,*,#6411,.T.);
#6411 = EDGE_CURVE('',#6263,#6381,#6412,.T.);
#6412 = LINE('',#6413,#6414);
#6413 = CARTESIAN_POINT('',(0.358792812622,-0.90949650445,0.));
#6414 = VECTOR('',#6415,1.);
#6415 = DIRECTION('',(1.,0.,0.));
#6416 = ORIENTED_EDGE('',*,*,#6397,.T.);
#6417 = ORIENTED_EDGE('',*,*,#6418,.F.);
#6418 = EDGE_CURVE('',#6254,#6390,#6419,.T.);
#6419 = LINE('',#6420,#6421);
#6420 = CARTESIAN_POINT('',(0.358792812622,-0.90949650445,3.E-03));
#6421 = VECTOR('',#6422,1.);
#6422 = DIRECTION('',(1.,0.,0.));
#6423 = ORIENTED_EDGE('',*,*,#6262,.F.);
#6424 = PLANE('',#6425);
#6425 = AXIS2_PLACEMENT_3D('',#6426,#6427,#6428);
#6426 = CARTESIAN_POINT('',(0.358792812622,-0.90949650445,0.));
#6427 = DIRECTION('',(0.,-1.,0.));
#6428 = DIRECTION('',(1.,0.,0.));
#6429 = ADVANCED_FACE('',(#6430),#6438,.T.);
#6430 = FACE_BOUND('',#6431,.T.);
#6431 = EDGE_LOOP('',(#6432,#6433,#6434,#6435,#6436,#6437));
#6432 = ORIENTED_EDGE('',*,*,#6418,.T.);
#6433 = ORIENTED_EDGE('',*,*,#6389,.T.);
#6434 = ORIENTED_EDGE('',*,*,#6358,.T.);
#6435 = ORIENTED_EDGE('',*,*,#6326,.T.);
#6436 = ORIENTED_EDGE('',*,*,#6294,.T.);
#6437 = ORIENTED_EDGE('',*,*,#6253,.T.);
#6438 = PLANE('',#6439);
#6439 = AXIS2_PLACEMENT_3D('',#6440,#6441,#6442);
#6440 = CARTESIAN_POINT('',(0.478561741013,-0.74855013791,3.E-03));
#6441 = DIRECTION('',(0.,0.,1.));
#6442 = DIRECTION('',(1.,0.,-0.));
#6443 = ADVANCED_FACE('',(#6444),#6452,.F.);
#6444 = FACE_BOUND('',#6445,.T.);
#6445 = EDGE_LOOP('',(#6446,#6447,#6448,#6449,#6450,#6451));
#6446 = ORIENTED_EDGE('',*,*,#6411,.F.);
#6447 = ORIENTED_EDGE('',*,*,#6270,.F.);
#6448 = ORIENTED_EDGE('',*,*,#6285,.F.);
#6449 = ORIENTED_EDGE('',*,*,#6316,.F.);
#6450 = ORIENTED_EDGE('',*,*,#6349,.F.);
#6451 = ORIENTED_EDGE('',*,*,#6380,.F.);
#6452 = PLANE('',#6453);
#6453 = AXIS2_PLACEMENT_3D('',#6454,#6455,#6456);
#6454 = CARTESIAN_POINT('',(0.478561741013,-0.74855013791,0.));
#6455 = DIRECTION('',(0.,0.,1.));
#6456 = DIRECTION('',(1.,0.,-0.));
#6457 = MANIFOLD_SOLID_BREP('',#6458);
#6458 = CLOSED_SHELL('',(#6459,#6510,#6520));
#6459 = ADVANCED_FACE('',(#6460),#6505,.T.);
#6460 = FACE_BOUND('',#6461,.T.);
#6461 = EDGE_LOOP('',(#6462,#6473,#6480,#6488,#6497,#6504));
#6462 = ORIENTED_EDGE('',*,*,#6463,.F.);
#6463 = EDGE_CURVE('',#6464,#6466,#6468,.T.);
#6464 = VERTEX_POINT('',#6465);
#6465 = CARTESIAN_POINT('',(-0.757598021457,0.83402116655,3.E-03));
#6466 = VERTEX_POINT('',#6467);
#6467 = CARTESIAN_POINT('',(-0.910444311643,0.83402116655,3.E-03));
#6468 = CIRCLE('',#6469,7.642314509282E-02);
#6469 = AXIS2_PLACEMENT_3D('',#6470,#6471,#6472);
#6470 = CARTESIAN_POINT('',(-0.83402116655,0.83402116655,3.E-03));
#6471 = DIRECTION('',(0.,0.,1.));
#6472 = DIRECTION('',(1.,0.,-0.));
#6473 = ORIENTED_EDGE('',*,*,#6474,.F.);
#6474 = EDGE_CURVE('',#6466,#6464,#6475,.T.);
#6475 = CIRCLE('',#6476,7.642314509282E-02);
#6476 = AXIS2_PLACEMENT_3D('',#6477,#6478,#6479);
#6477 = CARTESIAN_POINT('',(-0.83402116655,0.83402116655,3.E-03));
#6478 = DIRECTION('',(0.,0.,1.));
#6479 = DIRECTION('',(1.,0.,-0.));
#6480 = ORIENTED_EDGE('',*,*,#6481,.T.);
#6481 = EDGE_CURVE('',#6466,#6482,#6484,.T.);
#6482 = VERTEX_POINT('',#6483);
#6483 = CARTESIAN_POINT('',(-0.910444311643,0.83402116655,0.));
#6484 = LINE('',#6485,#6486);
#6485 = CARTESIAN_POINT('',(-0.910444311643,0.83402116655,0.));
#6486 = VECTOR('',#6487,1.);
#6487 = DIRECTION('',(0.,0.,-1.));
#6488 = ORIENTED_EDGE('',*,*,#6489,.T.);
#6489 = EDGE_CURVE('',#6482,#6490,#6492,.T.);
#6490 = VERTEX_POINT('',#6491);
#6491 = CARTESIAN_POINT('',(-0.757598021457,0.83402116655,0.));
#6492 = CIRCLE('',#6493,7.642314509282E-02);
#6493 = AXIS2_PLACEMENT_3D('',#6494,#6495,#6496);
#6494 = CARTESIAN_POINT('',(-0.83402116655,0.83402116655,0.));
#6495 = DIRECTION('',(0.,0.,1.));
#6496 = DIRECTION('',(1.,0.,-0.));
#6497 = ORIENTED_EDGE('',*,*,#6498,.T.);
#6498 = EDGE_CURVE('',#6490,#6482,#6499,.T.);
#6499 = CIRCLE('',#6500,7.642314509282E-02);
#6500 = AXIS2_PLACEMENT_3D('',#6501,#6502,#6503);
#6501 = CARTESIAN_POINT('',(-0.83402116655,0.83402116655,0.));
#6502 = DIRECTION('',(0.,0.,1.));
#6503 = DIRECTION('',(1.,0.,-0.));
#6504 = ORIENTED_EDGE('',*,*,#6481,.F.);
#6505 = CYLINDRICAL_SURFACE('',#6506,7.642314509282E-02);
#6506 = AXIS2_PLACEMENT_3D('',#6507,#6508,#6509);
#6507 = CARTESIAN_POINT('',(-0.83402116655,0.83402116655,0.));
#6508 = DIRECTION('',(0.,0.,1.));
#6509 = DIRECTION('',(1.,0.,-0.));
#6510 = ADVANCED_FACE('',(#6511),#6515,.T.);
#6511 = FACE_BOUND('',#6512,.T.);
#6512 = EDGE_LOOP('',(#6513,#6514));
#6513 = ORIENTED_EDGE('',*,*,#6463,.T.);
#6514 = ORIENTED_EDGE('',*,*,#6474,.T.);
#6515 = PLANE('',#6516);
#6516 = AXIS2_PLACEMENT_3D('',#6517,#6518,#6519);
#6517 = CARTESIAN_POINT('',(-0.83402116655,0.83402116655,3.E-03));
#6518 = DIRECTION('',(0.,0.,1.));
#6519 = DIRECTION('',(1.,0.,-0.));
#6520 = ADVANCED_FACE('',(#6521),#6525,.F.);
#6521 = FACE_BOUND('',#6522,.T.);
#6522 = EDGE_LOOP('',(#6523,#6524));
#6523 = ORIENTED_EDGE('',*,*,#6498,.F.);
#6524 = ORIENTED_EDGE('',*,*,#6489,.F.);
#6525 = PLANE('',#6526);
#6526 = AXIS2_PLACEMENT_3D('',#6527,#6528,#6529);
#6527 = CARTESIAN_POINT('',(-0.83402116655,0.83402116655,0.));
#6528 = DIRECTION('',(0.,0.,1.));
#6529 = DIRECTION('',(1.,0.,-0.));
#6530 = ( GEOMETRIC_REPRESENTATION_CONTEXT(3) 
GLOBAL_UNCERTAINTY_ASSIGNED_CONTEXT((#6534)) 
GLOBAL_UNIT_ASSIGNED_CONTEXT((#6531,#6532,#6533)) REPRESENTATION_CONTEXT
('Context #1','3D Context with UNIT and UNCERTAINTY') );
#6531 = ( LENGTH_UNIT() NAMED_UNIT(*) SI_UNIT(.MILLI.,.METRE.) );
#6532 = ( NAMED_UNIT(*) PLANE_ANGLE_UNIT() SI_UNIT($,.RADIAN.) );
#6533 = ( NAMED_UNIT(*) SI_UNIT($,.STERADIAN.) SOLID_ANGLE_UNIT() );
#6534 = UNCERTAINTY_MEASURE_WITH_UNIT(LENGTH_MEASURE(1.E-07),#6531,
  'distance_accuracy_value','confusion accuracy');
#6535 = SHAPE_DEFINITION_REPRESENTATION(#6536,#5730);
#6536 = PRODUCT_DEFINITION_SHAPE('','',#6537);
#6537 = PRODUCT_DEFINITION('design','',#6538,#6541);
#6538 = PRODUCT_DEFINITION_FORMATION('','',#6539);
#6539 = PRODUCT('logo','logo','',(#6540));
#6540 = PRODUCT_CONTEXT('',#2,'mechanical');
#6541 = PRODUCT_DEFINITION_CONTEXT('part definition',#2,'design');
#6542 = CONTEXT_DEPENDENT_SHAPE_REPRESENTATION(#6543,#6545);
#6543 = ( REPRESENTATION_RELATIONSHIP('','',#5730,#3309) 
REPRESENTATION_RELATIONSHIP_WITH_TRANSFORMATION(#6544) 
SHAPE_REPRESENTATION_RELATIONSHIP() );
#6544 = ITEM_DEFINED_TRANSFORMATION('','',#11,#3318);
#6545 = PRODUCT_DEFINITION_SHAPE('Placement','Placement of an item',
  #6546);
#6546 = NEXT_ASSEMBLY_USAGE_OCCURRENCE('285','logo:1','',#3304,#6537,$);
#6547 = PRODUCT_RELATED_PRODUCT_CATEGORY('part',$,(#6539));
#6548 = SHAPE_REPRESENTATION('',(#11,#6549,#6831,#7113,#7395,#7677,#7959
    ,#8241,#8523,#8805,#9087,#9369,#9651),#9966);
#6549 = MANIFOLD_SOLID_BREP('',#6550);
#6550 = CLOSED_SHELL('',(#6551,#6591,#6622,#6646,#6670,#6719,#6750,#6781
    ,#6803,#6815));
#6551 = ADVANCED_FACE('',(#6552),#6586,.F.);
#6552 = FACE_BOUND('',#6553,.T.);
#6553 = EDGE_LOOP('',(#6554,#6564,#6572,#6580));
#6554 = ORIENTED_EDGE('',*,*,#6555,.F.);
#6555 = EDGE_CURVE('',#6556,#6558,#6560,.T.);
#6556 = VERTEX_POINT('',#6557);
#6557 = CARTESIAN_POINT('',(1.,0.2,0.));
#6558 = VERTEX_POINT('',#6559);
#6559 = CARTESIAN_POINT('',(1.,0.2,2.5E-02));
#6560 = LINE('',#6561,#6562);
#6561 = CARTESIAN_POINT('',(1.,0.2,0.));
#6562 = VECTOR('',#6563,1.);
#6563 = DIRECTION('',(0.,0.,1.));
#6564 = ORIENTED_EDGE('',*,*,#6565,.F.);
#6565 = EDGE_CURVE('',#6566,#6556,#6568,.T.);
#6566 = VERTEX_POINT('',#6567);
#6567 = CARTESIAN_POINT('',(0.93,0.2,0.));
#6568 = LINE('',#6569,#6570);
#6569 = CARTESIAN_POINT('',(0.865,0.2,0.));
#6570 = VECTOR('',#6571,1.);
#6571 = DIRECTION('',(1.,2.478176394253E-16,0.));
#6572 = ORIENTED_EDGE('',*,*,#6573,.T.);
#6573 = EDGE_CURVE('',#6566,#6574,#6576,.T.);
#6574 = VERTEX_POINT('',#6575);
#6575 = CARTESIAN_POINT('',(0.93,0.2,2.5E-02));
#6576 = LINE('',#6577,#6578);
#6577 = CARTESIAN_POINT('',(0.93,0.2,0.));
#6578 = VECTOR('',#6579,1.);
#6579 = DIRECTION('',(0.,0.,1.));
#6580 = ORIENTED_EDGE('',*,*,#6581,.T.);
#6581 = EDGE_CURVE('',#6574,#6558,#6582,.T.);
#6582 = LINE('',#6583,#6584);
#6583 = CARTESIAN_POINT('',(1.07,0.2,2.5E-02));
#6584 = VECTOR('',#6585,1.);
#6585 = DIRECTION('',(1.,2.478176394253E-16,0.));
#6586 = PLANE('',#6587);
#6587 = AXIS2_PLACEMENT_3D('',#6588,#6589,#6590);
#6588 = CARTESIAN_POINT('',(0.93,0.2,0.));
#6589 = DIRECTION('',(2.478176394253E-16,-1.,0.));
#6590 = DIRECTION('',(1.,2.478176394253E-16,0.));
#6591 = ADVANCED_FACE('',(#6592),#6617,.F.);
#6592 = FACE_BOUND('',#6593,.T.);
#6593 = EDGE_LOOP('',(#6594,#6602,#6603,#6611));
#6594 = ORIENTED_EDGE('',*,*,#6595,.F.);
#6595 = EDGE_CURVE('',#6558,#6596,#6598,.T.);
#6596 = VERTEX_POINT('',#6597);
#6597 = CARTESIAN_POINT('',(1.,0.3,2.5E-02));
#6598 = LINE('',#6599,#6600);
#6599 = CARTESIAN_POINT('',(1.,0.1875,2.5E-02));
#6600 = VECTOR('',#6601,1.);
#6601 = DIRECTION('',(0.,1.,0.));
#6602 = ORIENTED_EDGE('',*,*,#6581,.F.);
#6603 = ORIENTED_EDGE('',*,*,#6604,.F.);
#6604 = EDGE_CURVE('',#6605,#6574,#6607,.T.);
#6605 = VERTEX_POINT('',#6606);
#6606 = CARTESIAN_POINT('',(0.93,0.3,2.5E-02));
#6607 = LINE('',#6608,#6609);
#6608 = CARTESIAN_POINT('',(0.93,0.2,2.5E-02));
#6609 = VECTOR('',#6610,1.);
#6610 = DIRECTION('',(0.,-1.,0.));
#6611 = ORIENTED_EDGE('',*,*,#6612,.F.);
#6612 = EDGE_CURVE('',#6596,#6605,#6613,.T.);
#6613 = LINE('',#6614,#6615);
#6614 = CARTESIAN_POINT('',(0.93,0.3,2.5E-02));
#6615 = VECTOR('',#6616,1.);
#6616 = DIRECTION('',(-1.,-4.956352788505E-16,0.));
#6617 = PLANE('',#6618);
#6618 = AXIS2_PLACEMENT_3D('',#6619,#6620,#6621);
#6619 = CARTESIAN_POINT('',(1.,0.25,2.5E-02));
#6620 = DIRECTION('',(0.,0.,1.));
#6621 = DIRECTION('',(1.,0.,-0.));
#6622 = ADVANCED_FACE('',(#6623),#6641,.F.);
#6623 = FACE_BOUND('',#6624,.T.);
#6624 = EDGE_LOOP('',(#6625,#6633,#6639,#6640));
#6625 = ORIENTED_EDGE('',*,*,#6626,.F.);
#6626 = EDGE_CURVE('',#6627,#6566,#6629,.T.);
#6627 = VERTEX_POINT('',#6628);
#6628 = CARTESIAN_POINT('',(0.93,0.3,0.));
#6629 = LINE('',#6630,#6631);
#6630 = CARTESIAN_POINT('',(0.93,0.275,0.));
#6631 = VECTOR('',#6632,1.);
#6632 = DIRECTION('',(0.,-1.,0.));
#6633 = ORIENTED_EDGE('',*,*,#6634,.T.);
#6634 = EDGE_CURVE('',#6627,#6605,#6635,.T.);
#6635 = LINE('',#6636,#6637);
#6636 = CARTESIAN_POINT('',(0.93,0.3,0.));
#6637 = VECTOR('',#6638,1.);
#6638 = DIRECTION('',(0.,0.,1.));
#6639 = ORIENTED_EDGE('',*,*,#6604,.T.);
#6640 = ORIENTED_EDGE('',*,*,#6573,.F.);
#6641 = PLANE('',#6642);
#6642 = AXIS2_PLACEMENT_3D('',#6643,#6644,#6645);
#6643 = CARTESIAN_POINT('',(0.93,0.3,0.));
#6644 = DIRECTION('',(-1.,0.,0.));
#6645 = DIRECTION('',(0.,-1.,0.));
#6646 = ADVANCED_FACE('',(#6647),#6665,.F.);
#6647 = FACE_BOUND('',#6648,.T.);
#6648 = EDGE_LOOP('',(#6649,#6657,#6658,#6659));
#6649 = ORIENTED_EDGE('',*,*,#6650,.F.);
#6650 = EDGE_CURVE('',#6596,#6651,#6653,.T.);
#6651 = VERTEX_POINT('',#6652);
#6652 = CARTESIAN_POINT('',(1.,0.3,0.));
#6653 = LINE('',#6654,#6655);
#6654 = CARTESIAN_POINT('',(1.,0.3,0.));
#6655 = VECTOR('',#6656,1.);
#6656 = DIRECTION('',(0.,0.,-1.));
#6657 = ORIENTED_EDGE('',*,*,#6612,.T.);
#6658 = ORIENTED_EDGE('',*,*,#6634,.F.);
#6659 = ORIENTED_EDGE('',*,*,#6660,.F.);
#6660 = EDGE_CURVE('',#6651,#6627,#6661,.T.);
#6661 = LINE('',#6662,#6663);
#6662 = CARTESIAN_POINT('',(0.935,0.3,0.));
#6663 = VECTOR('',#6664,1.);
#6664 = DIRECTION('',(-1.,-4.956352788505E-16,0.));
#6665 = PLANE('',#6666);
#6666 = AXIS2_PLACEMENT_3D('',#6667,#6668,#6669);
#6667 = CARTESIAN_POINT('',(1.07,0.3,0.));
#6668 = DIRECTION('',(-4.956352788505E-16,1.,0.));
#6669 = DIRECTION('',(-1.,-4.956352788505E-16,0.));
#6670 = ADVANCED_FACE('',(#6671),#6714,.T.);
#6671 = FACE_BOUND('',#6672,.T.);
#6672 = EDGE_LOOP('',(#6673,#6674,#6675,#6676,#6684,#6692,#6700,#6708));
#6673 = ORIENTED_EDGE('',*,*,#6555,.T.);
#6674 = ORIENTED_EDGE('',*,*,#6595,.T.);
#6675 = ORIENTED_EDGE('',*,*,#6650,.T.);
#6676 = ORIENTED_EDGE('',*,*,#6677,.T.);
#6677 = EDGE_CURVE('',#6651,#6678,#6680,.T.);
#6678 = VERTEX_POINT('',#6679);
#6679 = CARTESIAN_POINT('',(1.,0.375,0.));
#6680 = LINE('',#6681,#6682);
#6681 = CARTESIAN_POINT('',(1.,0.,0.));
#6682 = VECTOR('',#6683,1.);
#6683 = DIRECTION('',(0.,1.,0.));
#6684 = ORIENTED_EDGE('',*,*,#6685,.T.);
#6685 = EDGE_CURVE('',#6678,#6686,#6688,.T.);
#6686 = VERTEX_POINT('',#6687);
#6687 = CARTESIAN_POINT('',(1.,0.375,5.E-02));
#6688 = LINE('',#6689,#6690);
#6689 = CARTESIAN_POINT('',(1.,0.375,0.));
#6690 = VECTOR('',#6691,1.);
#6691 = DIRECTION('',(0.,0.,1.));
#6692 = ORIENTED_EDGE('',*,*,#6693,.F.);
#6693 = EDGE_CURVE('',#6694,#6686,#6696,.T.);
#6694 = VERTEX_POINT('',#6695);
#6695 = CARTESIAN_POINT('',(1.,0.125,5.E-02));
#6696 = LINE('',#6697,#6698);
#6697 = CARTESIAN_POINT('',(1.,0.,5.E-02));
#6698 = VECTOR('',#6699,1.);
#6699 = DIRECTION('',(0.,1.,0.));
#6700 = ORIENTED_EDGE('',*,*,#6701,.F.);
#6701 = EDGE_CURVE('',#6702,#6694,#6704,.T.);
#6702 = VERTEX_POINT('',#6703);
#6703 = CARTESIAN_POINT('',(1.,0.125,0.));
#6704 = LINE('',#6705,#6706);
#6705 = CARTESIAN_POINT('',(1.,0.125,0.));
#6706 = VECTOR('',#6707,1.);
#6707 = DIRECTION('',(0.,0.,1.));
#6708 = ORIENTED_EDGE('',*,*,#6709,.T.);
#6709 = EDGE_CURVE('',#6702,#6556,#6710,.T.);
#6710 = LINE('',#6711,#6712);
#6711 = CARTESIAN_POINT('',(1.,0.,0.));
#6712 = VECTOR('',#6713,1.);
#6713 = DIRECTION('',(0.,1.,0.));
#6714 = PLANE('',#6715);
#6715 = AXIS2_PLACEMENT_3D('',#6716,#6717,#6718);
#6716 = CARTESIAN_POINT('',(1.,0.125,0.));
#6717 = DIRECTION('',(1.,0.,0.));
#6718 = DIRECTION('',(-0.,1.,0.));
#6719 = ADVANCED_FACE('',(#6720),#6745,.T.);
#6720 = FACE_BOUND('',#6721,.T.);
#6721 = EDGE_LOOP('',(#6722,#6730,#6738,#6744));
#6722 = ORIENTED_EDGE('',*,*,#6723,.T.);
#6723 = EDGE_CURVE('',#6678,#6724,#6726,.T.);
#6724 = VERTEX_POINT('',#6725);
#6725 = CARTESIAN_POINT('',(0.6,0.375,0.));
#6726 = LINE('',#6727,#6728);
#6727 = CARTESIAN_POINT('',(1.,0.375,0.));
#6728 = VECTOR('',#6729,1.);
#6729 = DIRECTION('',(-1.,0.,0.));
#6730 = ORIENTED_EDGE('',*,*,#6731,.T.);
#6731 = EDGE_CURVE('',#6724,#6732,#6734,.T.);
#6732 = VERTEX_POINT('',#6733);
#6733 = CARTESIAN_POINT('',(0.6,0.375,5.E-02));
#6734 = LINE('',#6735,#6736);
#6735 = CARTESIAN_POINT('',(0.6,0.375,0.));
#6736 = VECTOR('',#6737,1.);
#6737 = DIRECTION('',(0.,0.,1.));
#6738 = ORIENTED_EDGE('',*,*,#6739,.F.);
#6739 = EDGE_CURVE('',#6686,#6732,#6740,.T.);
#6740 = LINE('',#6741,#6742);
#6741 = CARTESIAN_POINT('',(1.,0.375,5.E-02));
#6742 = VECTOR('',#6743,1.);
#6743 = DIRECTION('',(-1.,0.,0.));
#6744 = ORIENTED_EDGE('',*,*,#6685,.F.);
#6745 = PLANE('',#6746);
#6746 = AXIS2_PLACEMENT_3D('',#6747,#6748,#6749);
#6747 = CARTESIAN_POINT('',(1.,0.375,0.));
#6748 = DIRECTION('',(0.,1.,0.));
#6749 = DIRECTION('',(-1.,0.,0.));
#6750 = ADVANCED_FACE('',(#6751),#6776,.T.);
#6751 = FACE_BOUND('',#6752,.T.);
#6752 = EDGE_LOOP('',(#6753,#6761,#6762,#6770));
#6753 = ORIENTED_EDGE('',*,*,#6754,.T.);
#6754 = EDGE_CURVE('',#6755,#6702,#6757,.T.);
#6755 = VERTEX_POINT('',#6756);
#6756 = CARTESIAN_POINT('',(0.6,0.125,0.));
#6757 = LINE('',#6758,#6759);
#6758 = CARTESIAN_POINT('',(0.6,0.125,0.));
#6759 = VECTOR('',#6760,1.);
#6760 = DIRECTION('',(1.,0.,0.));
#6761 = ORIENTED_EDGE('',*,*,#6701,.T.);
#6762 = ORIENTED_EDGE('',*,*,#6763,.F.);
#6763 = EDGE_CURVE('',#6764,#6694,#6766,.T.);
#6764 = VERTEX_POINT('',#6765);
#6765 = CARTESIAN_POINT('',(0.6,0.125,5.E-02));
#6766 = LINE('',#6767,#6768);
#6767 = CARTESIAN_POINT('',(0.6,0.125,5.E-02));
#6768 = VECTOR('',#6769,1.);
#6769 = DIRECTION('',(1.,0.,0.));
#6770 = ORIENTED_EDGE('',*,*,#6771,.F.);
#6771 = EDGE_CURVE('',#6755,#6764,#6772,.T.);
#6772 = LINE('',#6773,#6774);
#6773 = CARTESIAN_POINT('',(0.6,0.125,0.));
#6774 = VECTOR('',#6775,1.);
#6775 = DIRECTION('',(0.,0.,1.));
#6776 = PLANE('',#6777);
#6777 = AXIS2_PLACEMENT_3D('',#6778,#6779,#6780);
#6778 = CARTESIAN_POINT('',(0.6,0.125,0.));
#6779 = DIRECTION('',(0.,-1.,0.));
#6780 = DIRECTION('',(1.,0.,0.));
#6781 = ADVANCED_FACE('',(#6782),#6798,.T.);
#6782 = FACE_BOUND('',#6783,.T.);
#6783 = EDGE_LOOP('',(#6784,#6790,#6791,#6797));
#6784 = ORIENTED_EDGE('',*,*,#6785,.T.);
#6785 = EDGE_CURVE('',#6724,#6755,#6786,.T.);
#6786 = LINE('',#6787,#6788);
#6787 = CARTESIAN_POINT('',(0.6,0.375,0.));
#6788 = VECTOR('',#6789,1.);
#6789 = DIRECTION('',(0.,-1.,0.));
#6790 = ORIENTED_EDGE('',*,*,#6771,.T.);
#6791 = ORIENTED_EDGE('',*,*,#6792,.F.);
#6792 = EDGE_CURVE('',#6732,#6764,#6793,.T.);
#6793 = LINE('',#6794,#6795);
#6794 = CARTESIAN_POINT('',(0.6,0.375,5.E-02));
#6795 = VECTOR('',#6796,1.);
#6796 = DIRECTION('',(0.,-1.,0.));
#6797 = ORIENTED_EDGE('',*,*,#6731,.F.);
#6798 = PLANE('',#6799);
#6799 = AXIS2_PLACEMENT_3D('',#6800,#6801,#6802);
#6800 = CARTESIAN_POINT('',(0.6,0.375,0.));
#6801 = DIRECTION('',(-1.,0.,0.));
#6802 = DIRECTION('',(0.,-1.,0.));
#6803 = ADVANCED_FACE('',(#6804),#6810,.T.);
#6804 = FACE_BOUND('',#6805,.T.);
#6805 = EDGE_LOOP('',(#6806,#6807,#6808,#6809));
#6806 = ORIENTED_EDGE('',*,*,#6792,.T.);
#6807 = ORIENTED_EDGE('',*,*,#6763,.T.);
#6808 = ORIENTED_EDGE('',*,*,#6693,.T.);
#6809 = ORIENTED_EDGE('',*,*,#6739,.T.);
#6810 = PLANE('',#6811);
#6811 = AXIS2_PLACEMENT_3D('',#6812,#6813,#6814);
#6812 = CARTESIAN_POINT('',(0.8,0.25,5.E-02));
#6813 = DIRECTION('',(0.,0.,1.));
#6814 = DIRECTION('',(1.,0.,-0.));
#6815 = ADVANCED_FACE('',(#6816),#6826,.F.);
#6816 = FACE_BOUND('',#6817,.T.);
#6817 = EDGE_LOOP('',(#6818,#6819,#6820,#6821,#6822,#6823,#6824,#6825));
#6818 = ORIENTED_EDGE('',*,*,#6565,.T.);
#6819 = ORIENTED_EDGE('',*,*,#6709,.F.);
#6820 = ORIENTED_EDGE('',*,*,#6754,.F.);
#6821 = ORIENTED_EDGE('',*,*,#6785,.F.);
#6822 = ORIENTED_EDGE('',*,*,#6723,.F.);
#6823 = ORIENTED_EDGE('',*,*,#6677,.F.);
#6824 = ORIENTED_EDGE('',*,*,#6660,.T.);
#6825 = ORIENTED_EDGE('',*,*,#6626,.T.);
#6826 = PLANE('',#6827);
#6827 = AXIS2_PLACEMENT_3D('',#6828,#6829,#6830);
#6828 = CARTESIAN_POINT('',(0.8,0.25,0.));
#6829 = DIRECTION('',(0.,0.,1.));
#6830 = DIRECTION('',(1.,0.,-0.));
#6831 = MANIFOLD_SOLID_BREP('',#6832);
#6832 = CLOSED_SHELL('',(#6833,#6873,#6904,#6928,#6952,#7001,#7032,#7063
    ,#7085,#7097));
#6833 = ADVANCED_FACE('',(#6834),#6868,.F.);
#6834 = FACE_BOUND('',#6835,.T.);
#6835 = EDGE_LOOP('',(#6836,#6846,#6854,#6862));
#6836 = ORIENTED_EDGE('',*,*,#6837,.F.);
#6837 = EDGE_CURVE('',#6838,#6840,#6842,.T.);
#6838 = VERTEX_POINT('',#6839);
#6839 = CARTESIAN_POINT('',(-0.3,-1.,0.));
#6840 = VERTEX_POINT('',#6841);
#6841 = CARTESIAN_POINT('',(-0.3,-1.,2.5E-02));
#6842 = LINE('',#6843,#6844);
#6843 = CARTESIAN_POINT('',(-0.3,-1.,0.));
#6844 = VECTOR('',#6845,1.);
#6845 = DIRECTION('',(0.,0.,1.));
#6846 = ORIENTED_EDGE('',*,*,#6847,.F.);
#6847 = EDGE_CURVE('',#6848,#6838,#6850,.T.);
#6848 = VERTEX_POINT('',#6849);
#6849 = CARTESIAN_POINT('',(-0.3,-0.93,0.));
#6850 = LINE('',#6851,#6852);
#6851 = CARTESIAN_POINT('',(-0.3,-0.865,0.));
#6852 = VECTOR('',#6853,1.);
#6853 = DIRECTION('',(0.,-1.,0.));
#6854 = ORIENTED_EDGE('',*,*,#6855,.T.);
#6855 = EDGE_CURVE('',#6848,#6856,#6858,.T.);
#6856 = VERTEX_POINT('',#6857);
#6857 = CARTESIAN_POINT('',(-0.3,-0.93,2.5E-02));
#6858 = LINE('',#6859,#6860);
#6859 = CARTESIAN_POINT('',(-0.3,-0.93,0.));
#6860 = VECTOR('',#6861,1.);
#6861 = DIRECTION('',(0.,0.,1.));
#6862 = ORIENTED_EDGE('',*,*,#6863,.T.);
#6863 = EDGE_CURVE('',#6856,#6840,#6864,.T.);
#6864 = LINE('',#6865,#6866);
#6865 = CARTESIAN_POINT('',(-0.3,-1.07,2.5E-02));
#6866 = VECTOR('',#6867,1.);
#6867 = DIRECTION('',(0.,-1.,0.));
#6868 = PLANE('',#6869);
#6869 = AXIS2_PLACEMENT_3D('',#6870,#6871,#6872);
#6870 = CARTESIAN_POINT('',(-0.3,-0.93,0.));
#6871 = DIRECTION('',(-1.,0.,0.));
#6872 = DIRECTION('',(0.,-1.,0.));
#6873 = ADVANCED_FACE('',(#6874),#6899,.F.);
#6874 = FACE_BOUND('',#6875,.T.);
#6875 = EDGE_LOOP('',(#6876,#6884,#6885,#6893));
#6876 = ORIENTED_EDGE('',*,*,#6877,.F.);
#6877 = EDGE_CURVE('',#6840,#6878,#6880,.T.);
#6878 = VERTEX_POINT('',#6879);
#6879 = CARTESIAN_POINT('',(-0.2,-1.,2.5E-02));
#6880 = LINE('',#6881,#6882);
#6881 = CARTESIAN_POINT('',(-0.3125,-1.,2.5E-02));
#6882 = VECTOR('',#6883,1.);
#6883 = DIRECTION('',(1.,0.,0.));
#6884 = ORIENTED_EDGE('',*,*,#6863,.F.);
#6885 = ORIENTED_EDGE('',*,*,#6886,.F.);
#6886 = EDGE_CURVE('',#6887,#6856,#6889,.T.);
#6887 = VERTEX_POINT('',#6888);
#6888 = CARTESIAN_POINT('',(-0.2,-0.93,2.5E-02));
#6889 = LINE('',#6890,#6891);
#6890 = CARTESIAN_POINT('',(-0.3,-0.93,2.5E-02));
#6891 = VECTOR('',#6892,1.);
#6892 = DIRECTION('',(-1.,0.,0.));
#6893 = ORIENTED_EDGE('',*,*,#6894,.F.);
#6894 = EDGE_CURVE('',#6878,#6887,#6895,.T.);
#6895 = LINE('',#6896,#6897);
#6896 = CARTESIAN_POINT('',(-0.2,-0.93,2.5E-02));
#6897 = VECTOR('',#6898,1.);
#6898 = DIRECTION('',(0.,1.,0.));
#6899 = PLANE('',#6900);
#6900 = AXIS2_PLACEMENT_3D('',#6901,#6902,#6903);
#6901 = CARTESIAN_POINT('',(-0.25,-1.,2.5E-02));
#6902 = DIRECTION('',(0.,0.,1.));
#6903 = DIRECTION('',(1.,0.,-0.));
#6904 = ADVANCED_FACE('',(#6905),#6923,.F.);
#6905 = FACE_BOUND('',#6906,.T.);
#6906 = EDGE_LOOP('',(#6907,#6915,#6921,#6922));
#6907 = ORIENTED_EDGE('',*,*,#6908,.F.);
#6908 = EDGE_CURVE('',#6909,#6848,#6911,.T.);
#6909 = VERTEX_POINT('',#6910);
#6910 = CARTESIAN_POINT('',(-0.2,-0.93,0.));
#6911 = LINE('',#6912,#6913);
#6912 = CARTESIAN_POINT('',(-0.225,-0.93,0.));
#6913 = VECTOR('',#6914,1.);
#6914 = DIRECTION('',(-1.,0.,0.));
#6915 = ORIENTED_EDGE('',*,*,#6916,.T.);
#6916 = EDGE_CURVE('',#6909,#6887,#6917,.T.);
#6917 = LINE('',#6918,#6919);
#6918 = CARTESIAN_POINT('',(-0.2,-0.93,0.));
#6919 = VECTOR('',#6920,1.);
#6920 = DIRECTION('',(0.,0.,1.));
#6921 = ORIENTED_EDGE('',*,*,#6886,.T.);
#6922 = ORIENTED_EDGE('',*,*,#6855,.F.);
#6923 = PLANE('',#6924);
#6924 = AXIS2_PLACEMENT_3D('',#6925,#6926,#6927);
#6925 = CARTESIAN_POINT('',(-0.2,-0.93,0.));
#6926 = DIRECTION('',(0.,1.,0.));
#6927 = DIRECTION('',(-1.,0.,0.));
#6928 = ADVANCED_FACE('',(#6929),#6947,.F.);
#6929 = FACE_BOUND('',#6930,.T.);
#6930 = EDGE_LOOP('',(#6931,#6939,#6940,#6941));
#6931 = ORIENTED_EDGE('',*,*,#6932,.F.);
#6932 = EDGE_CURVE('',#6878,#6933,#6935,.T.);
#6933 = VERTEX_POINT('',#6934);
#6934 = CARTESIAN_POINT('',(-0.2,-1.,0.));
#6935 = LINE('',#6936,#6937);
#6936 = CARTESIAN_POINT('',(-0.2,-1.,0.));
#6937 = VECTOR('',#6938,1.);
#6938 = DIRECTION('',(0.,0.,-1.));
#6939 = ORIENTED_EDGE('',*,*,#6894,.T.);
#6940 = ORIENTED_EDGE('',*,*,#6916,.F.);
#6941 = ORIENTED_EDGE('',*,*,#6942,.F.);
#6942 = EDGE_CURVE('',#6933,#6909,#6943,.T.);
#6943 = LINE('',#6944,#6945);
#6944 = CARTESIAN_POINT('',(-0.2,-0.935,0.));
#6945 = VECTOR('',#6946,1.);
#6946 = DIRECTION('',(0.,1.,0.));
#6947 = PLANE('',#6948);
#6948 = AXIS2_PLACEMENT_3D('',#6949,#6950,#6951);
#6949 = CARTESIAN_POINT('',(-0.2,-1.07,0.));
#6950 = DIRECTION('',(1.,0.,0.));
#6951 = DIRECTION('',(-0.,1.,0.));
#6952 = ADVANCED_FACE('',(#6953),#6996,.T.);
#6953 = FACE_BOUND('',#6954,.T.);
#6954 = EDGE_LOOP('',(#6955,#6956,#6957,#6958,#6966,#6974,#6982,#6990));
#6955 = ORIENTED_EDGE('',*,*,#6837,.T.);
#6956 = ORIENTED_EDGE('',*,*,#6877,.T.);
#6957 = ORIENTED_EDGE('',*,*,#6932,.T.);
#6958 = ORIENTED_EDGE('',*,*,#6959,.T.);
#6959 = EDGE_CURVE('',#6933,#6960,#6962,.T.);
#6960 = VERTEX_POINT('',#6961);
#6961 = CARTESIAN_POINT('',(-0.125,-1.,0.));
#6962 = LINE('',#6963,#6964);
#6963 = CARTESIAN_POINT('',(-0.375,-1.,0.));
#6964 = VECTOR('',#6965,1.);
#6965 = DIRECTION('',(1.,0.,0.));
#6966 = ORIENTED_EDGE('',*,*,#6967,.T.);
#6967 = EDGE_CURVE('',#6960,#6968,#6970,.T.);
#6968 = VERTEX_POINT('',#6969);
#6969 = CARTESIAN_POINT('',(-0.125,-1.,5.E-02));
#6970 = LINE('',#6971,#6972);
#6971 = CARTESIAN_POINT('',(-0.125,-1.,0.));
#6972 = VECTOR('',#6973,1.);
#6973 = DIRECTION('',(0.,0.,1.));
#6974 = ORIENTED_EDGE('',*,*,#6975,.F.);
#6975 = EDGE_CURVE('',#6976,#6968,#6978,.T.);
#6976 = VERTEX_POINT('',#6977);
#6977 = CARTESIAN_POINT('',(-0.375,-1.,5.E-02));
#6978 = LINE('',#6979,#6980);
#6979 = CARTESIAN_POINT('',(-0.375,-1.,5.E-02));
#6980 = VECTOR('',#6981,1.);
#6981 = DIRECTION('',(1.,0.,0.));
#6982 = ORIENTED_EDGE('',*,*,#6983,.F.);
#6983 = EDGE_CURVE('',#6984,#6976,#6986,.T.);
#6984 = VERTEX_POINT('',#6985);
#6985 = CARTESIAN_POINT('',(-0.375,-1.,0.));
#6986 = LINE('',#6987,#6988);
#6987 = CARTESIAN_POINT('',(-0.375,-1.,0.));
#6988 = VECTOR('',#6989,1.);
#6989 = DIRECTION('',(0.,0.,1.));
#6990 = ORIENTED_EDGE('',*,*,#6991,.T.);
#6991 = EDGE_CURVE('',#6984,#6838,#6992,.T.);
#6992 = LINE('',#6993,#6994);
#6993 = CARTESIAN_POINT('',(-0.375,-1.,0.));
#6994 = VECTOR('',#6995,1.);
#6995 = DIRECTION('',(1.,0.,0.));
#6996 = PLANE('',#6997);
#6997 = AXIS2_PLACEMENT_3D('',#6998,#6999,#7000);
#6998 = CARTESIAN_POINT('',(-0.375,-1.,0.));
#6999 = DIRECTION('',(0.,-1.,0.));
#7000 = DIRECTION('',(1.,0.,0.));
#7001 = ADVANCED_FACE('',(#7002),#7027,.T.);
#7002 = FACE_BOUND('',#7003,.T.);
#7003 = EDGE_LOOP('',(#7004,#7012,#7020,#7026));
#7004 = ORIENTED_EDGE('',*,*,#7005,.T.);
#7005 = EDGE_CURVE('',#6960,#7006,#7008,.T.);
#7006 = VERTEX_POINT('',#7007);
#7007 = CARTESIAN_POINT('',(-0.125,-0.6,0.));
#7008 = LINE('',#7009,#7010);
#7009 = CARTESIAN_POINT('',(-0.125,-1.,0.));
#7010 = VECTOR('',#7011,1.);
#7011 = DIRECTION('',(1.301042606983E-16,1.,0.));
#7012 = ORIENTED_EDGE('',*,*,#7013,.T.);
#7013 = EDGE_CURVE('',#7006,#7014,#7016,.T.);
#7014 = VERTEX_POINT('',#7015);
#7015 = CARTESIAN_POINT('',(-0.125,-0.6,5.E-02));
#7016 = LINE('',#7017,#7018);
#7017 = CARTESIAN_POINT('',(-0.125,-0.6,0.));
#7018 = VECTOR('',#7019,1.);
#7019 = DIRECTION('',(0.,0.,1.));
#7020 = ORIENTED_EDGE('',*,*,#7021,.F.);
#7021 = EDGE_CURVE('',#6968,#7014,#7022,.T.);
#7022 = LINE('',#7023,#7024);
#7023 = CARTESIAN_POINT('',(-0.125,-1.,5.E-02));
#7024 = VECTOR('',#7025,1.);
#7025 = DIRECTION('',(1.301042606983E-16,1.,0.));
#7026 = ORIENTED_EDGE('',*,*,#6967,.F.);
#7027 = PLANE('',#7028);
#7028 = AXIS2_PLACEMENT_3D('',#7029,#7030,#7031);
#7029 = CARTESIAN_POINT('',(-0.125,-1.,0.));
#7030 = DIRECTION('',(1.,-1.301042606983E-16,0.));
#7031 = DIRECTION('',(1.301042606983E-16,1.,0.));
#7032 = ADVANCED_FACE('',(#7033),#7058,.T.);
#7033 = FACE_BOUND('',#7034,.T.);
#7034 = EDGE_LOOP('',(#7035,#7043,#7044,#7052));
#7035 = ORIENTED_EDGE('',*,*,#7036,.T.);
#7036 = EDGE_CURVE('',#7037,#6984,#7039,.T.);
#7037 = VERTEX_POINT('',#7038);
#7038 = CARTESIAN_POINT('',(-0.375,-0.6,0.));
#7039 = LINE('',#7040,#7041);
#7040 = CARTESIAN_POINT('',(-0.375,-0.6,0.));
#7041 = VECTOR('',#7042,1.);
#7042 = DIRECTION('',(-1.734723475977E-16,-1.,0.));
#7043 = ORIENTED_EDGE('',*,*,#6983,.T.);
#7044 = ORIENTED_EDGE('',*,*,#7045,.F.);
#7045 = EDGE_CURVE('',#7046,#6976,#7048,.T.);
#7046 = VERTEX_POINT('',#7047);
#7047 = CARTESIAN_POINT('',(-0.375,-0.6,5.E-02));
#7048 = LINE('',#7049,#7050);
#7049 = CARTESIAN_POINT('',(-0.375,-0.6,5.E-02));
#7050 = VECTOR('',#7051,1.);
#7051 = DIRECTION('',(-1.734723475977E-16,-1.,0.));
#7052 = ORIENTED_EDGE('',*,*,#7053,.F.);
#7053 = EDGE_CURVE('',#7037,#7046,#7054,.T.);
#7054 = LINE('',#7055,#7056);
#7055 = CARTESIAN_POINT('',(-0.375,-0.6,0.));
#7056 = VECTOR('',#7057,1.);
#7057 = DIRECTION('',(0.,0.,1.));
#7058 = PLANE('',#7059);
#7059 = AXIS2_PLACEMENT_3D('',#7060,#7061,#7062);
#7060 = CARTESIAN_POINT('',(-0.375,-0.6,0.));
#7061 = DIRECTION('',(-1.,1.734723475977E-16,0.));
#7062 = DIRECTION('',(-1.734723475977E-16,-1.,0.));
#7063 = ADVANCED_FACE('',(#7064),#7080,.T.);
#7064 = FACE_BOUND('',#7065,.T.);
#7065 = EDGE_LOOP('',(#7066,#7072,#7073,#7079));
#7066 = ORIENTED_EDGE('',*,*,#7067,.T.);
#7067 = EDGE_CURVE('',#7006,#7037,#7068,.T.);
#7068 = LINE('',#7069,#7070);
#7069 = CARTESIAN_POINT('',(-0.125,-0.6,0.));
#7070 = VECTOR('',#7071,1.);
#7071 = DIRECTION('',(-1.,2.775557561563E-16,0.));
#7072 = ORIENTED_EDGE('',*,*,#7053,.T.);
#7073 = ORIENTED_EDGE('',*,*,#7074,.F.);
#7074 = EDGE_CURVE('',#7014,#7046,#7075,.T.);
#7075 = LINE('',#7076,#7077);
#7076 = CARTESIAN_POINT('',(-0.125,-0.6,5.E-02));
#7077 = VECTOR('',#7078,1.);
#7078 = DIRECTION('',(-1.,2.775557561563E-16,0.));
#7079 = ORIENTED_EDGE('',*,*,#7013,.F.);
#7080 = PLANE('',#7081);
#7081 = AXIS2_PLACEMENT_3D('',#7082,#7083,#7084);
#7082 = CARTESIAN_POINT('',(-0.125,-0.6,0.));
#7083 = DIRECTION('',(2.775557561563E-16,1.,0.));
#7084 = DIRECTION('',(-1.,2.775557561563E-16,0.));
#7085 = ADVANCED_FACE('',(#7086),#7092,.T.);
#7086 = FACE_BOUND('',#7087,.T.);
#7087 = EDGE_LOOP('',(#7088,#7089,#7090,#7091));
#7088 = ORIENTED_EDGE('',*,*,#7074,.T.);
#7089 = ORIENTED_EDGE('',*,*,#7045,.T.);
#7090 = ORIENTED_EDGE('',*,*,#6975,.T.);
#7091 = ORIENTED_EDGE('',*,*,#7021,.T.);
#7092 = PLANE('',#7093);
#7093 = AXIS2_PLACEMENT_3D('',#7094,#7095,#7096);
#7094 = CARTESIAN_POINT('',(-0.25,-0.8,5.E-02));
#7095 = DIRECTION('',(0.,0.,1.));
#7096 = DIRECTION('',(1.,0.,-0.));
#7097 = ADVANCED_FACE('',(#7098),#7108,.F.);
#7098 = FACE_BOUND('',#7099,.T.);
#7099 = EDGE_LOOP('',(#7100,#7101,#7102,#7103,#7104,#7105,#7106,#7107));
#7100 = ORIENTED_EDGE('',*,*,#6847,.T.);
#7101 = ORIENTED_EDGE('',*,*,#6991,.F.);
#7102 = ORIENTED_EDGE('',*,*,#7036,.F.);
#7103 = ORIENTED_EDGE('',*,*,#7067,.F.);
#7104 = ORIENTED_EDGE('',*,*,#7005,.F.);
#7105 = ORIENTED_EDGE('',*,*,#6959,.F.);
#7106 = ORIENTED_EDGE('',*,*,#6942,.T.);
#7107 = ORIENTED_EDGE('',*,*,#6908,.T.);
#7108 = PLANE('',#7109);
#7109 = AXIS2_PLACEMENT_3D('',#7110,#7111,#7112);
#7110 = CARTESIAN_POINT('',(-0.25,-0.8,0.));
#7111 = DIRECTION('',(0.,0.,1.));
#7112 = DIRECTION('',(1.,0.,-0.));
#7113 = MANIFOLD_SOLID_BREP('',#7114);
#7114 = CLOSED_SHELL('',(#7115,#7155,#7186,#7217,#7234,#7283,#7318,#7342
    ,#7366,#7383));
#7115 = ADVANCED_FACE('',(#7116),#7150,.F.);
#7116 = FACE_BOUND('',#7117,.T.);
#7117 = EDGE_LOOP('',(#7118,#7128,#7136,#7144));
#7118 = ORIENTED_EDGE('',*,*,#7119,.F.);
#7119 = EDGE_CURVE('',#7120,#7122,#7124,.T.);
#7120 = VERTEX_POINT('',#7121);
#7121 = CARTESIAN_POINT('',(-0.93,-0.3,0.));
#7122 = VERTEX_POINT('',#7123);
#7123 = CARTESIAN_POINT('',(-0.93,-0.2,0.));
#7124 = LINE('',#7125,#7126);
#7125 = CARTESIAN_POINT('',(-0.93,-0.275,0.));
#7126 = VECTOR('',#7127,1.);
#7127 = DIRECTION('',(0.,1.,0.));
#7128 = ORIENTED_EDGE('',*,*,#7129,.T.);
#7129 = EDGE_CURVE('',#7120,#7130,#7132,.T.);
#7130 = VERTEX_POINT('',#7131);
#7131 = CARTESIAN_POINT('',(-0.93,-0.3,2.5E-02));
#7132 = LINE('',#7133,#7134);
#7133 = CARTESIAN_POINT('',(-0.93,-0.3,0.));
#7134 = VECTOR('',#7135,1.);
#7135 = DIRECTION('',(0.,0.,1.));
#7136 = ORIENTED_EDGE('',*,*,#7137,.T.);
#7137 = EDGE_CURVE('',#7130,#7138,#7140,.T.);
#7138 = VERTEX_POINT('',#7139);
#7139 = CARTESIAN_POINT('',(-0.93,-0.2,2.5E-02));
#7140 = LINE('',#7141,#7142);
#7141 = CARTESIAN_POINT('',(-0.93,-0.2,2.5E-02));
#7142 = VECTOR('',#7143,1.);
#7143 = DIRECTION('',(0.,1.,0.));
#7144 = ORIENTED_EDGE('',*,*,#7145,.F.);
#7145 = EDGE_CURVE('',#7122,#7138,#7146,.T.);
#7146 = LINE('',#7147,#7148);
#7147 = CARTESIAN_POINT('',(-0.93,-0.2,0.));
#7148 = VECTOR('',#7149,1.);
#7149 = DIRECTION('',(0.,0.,1.));
#7150 = PLANE('',#7151);
#7151 = AXIS2_PLACEMENT_3D('',#7152,#7153,#7154);
#7152 = CARTESIAN_POINT('',(-0.93,-0.3,0.));
#7153 = DIRECTION('',(1.,0.,0.));
#7154 = DIRECTION('',(-0.,1.,0.));
#7155 = ADVANCED_FACE('',(#7156),#7181,.F.);
#7156 = FACE_BOUND('',#7157,.T.);
#7157 = EDGE_LOOP('',(#7158,#7168,#7174,#7175));
#7158 = ORIENTED_EDGE('',*,*,#7159,.F.);
#7159 = EDGE_CURVE('',#7160,#7162,#7164,.T.);
#7160 = VERTEX_POINT('',#7161);
#7161 = CARTESIAN_POINT('',(-1.,-0.3,2.5E-02));
#7162 = VERTEX_POINT('',#7163);
#7163 = CARTESIAN_POINT('',(-1.,-0.3,0.));
#7164 = LINE('',#7165,#7166);
#7165 = CARTESIAN_POINT('',(-1.,-0.3,0.));
#7166 = VECTOR('',#7167,1.);
#7167 = DIRECTION('',(0.,0.,-1.));
#7168 = ORIENTED_EDGE('',*,*,#7169,.T.);
#7169 = EDGE_CURVE('',#7160,#7130,#7170,.T.);
#7170 = LINE('',#7171,#7172);
#7171 = CARTESIAN_POINT('',(-0.93,-0.3,2.5E-02));
#7172 = VECTOR('',#7173,1.);
#7173 = DIRECTION('',(1.,0.,0.));
#7174 = ORIENTED_EDGE('',*,*,#7129,.F.);
#7175 = ORIENTED_EDGE('',*,*,#7176,.F.);
#7176 = EDGE_CURVE('',#7162,#7120,#7177,.T.);
#7177 = LINE('',#7178,#7179);
#7178 = CARTESIAN_POINT('',(-0.935,-0.3,0.));
#7179 = VECTOR('',#7180,1.);
#7180 = DIRECTION('',(1.,0.,0.));
#7181 = PLANE('',#7182);
#7182 = AXIS2_PLACEMENT_3D('',#7183,#7184,#7185);
#7183 = CARTESIAN_POINT('',(-1.07,-0.3,0.));
#7184 = DIRECTION('',(0.,-1.,0.));
#7185 = DIRECTION('',(1.,0.,0.));
#7186 = ADVANCED_FACE('',(#7187),#7212,.F.);
#7187 = FACE_BOUND('',#7188,.T.);
#7188 = EDGE_LOOP('',(#7189,#7199,#7205,#7206));
#7189 = ORIENTED_EDGE('',*,*,#7190,.F.);
#7190 = EDGE_CURVE('',#7191,#7193,#7195,.T.);
#7191 = VERTEX_POINT('',#7192);
#7192 = CARTESIAN_POINT('',(-1.,-0.2,0.));
#7193 = VERTEX_POINT('',#7194);
#7194 = CARTESIAN_POINT('',(-1.,-0.2,2.5E-02));
#7195 = LINE('',#7196,#7197);
#7196 = CARTESIAN_POINT('',(-1.,-0.2,0.));
#7197 = VECTOR('',#7198,1.);
#7198 = DIRECTION('',(0.,0.,1.));
#7199 = ORIENTED_EDGE('',*,*,#7200,.F.);
#7200 = EDGE_CURVE('',#7122,#7191,#7201,.T.);
#7201 = LINE('',#7202,#7203);
#7202 = CARTESIAN_POINT('',(-0.865,-0.2,0.));
#7203 = VECTOR('',#7204,1.);
#7204 = DIRECTION('',(-1.,0.,0.));
#7205 = ORIENTED_EDGE('',*,*,#7145,.T.);
#7206 = ORIENTED_EDGE('',*,*,#7207,.T.);
#7207 = EDGE_CURVE('',#7138,#7193,#7208,.T.);
#7208 = LINE('',#7209,#7210);
#7209 = CARTESIAN_POINT('',(-1.07,-0.2,2.5E-02));
#7210 = VECTOR('',#7211,1.);
#7211 = DIRECTION('',(-1.,0.,0.));
#7212 = PLANE('',#7213);
#7213 = AXIS2_PLACEMENT_3D('',#7214,#7215,#7216);
#7214 = CARTESIAN_POINT('',(-0.93,-0.2,0.));
#7215 = DIRECTION('',(0.,1.,0.));
#7216 = DIRECTION('',(-1.,0.,0.));
#7217 = ADVANCED_FACE('',(#7218),#7229,.F.);
#7218 = FACE_BOUND('',#7219,.T.);
#7219 = EDGE_LOOP('',(#7220,#7226,#7227,#7228));
#7220 = ORIENTED_EDGE('',*,*,#7221,.F.);
#7221 = EDGE_CURVE('',#7193,#7160,#7222,.T.);
#7222 = LINE('',#7223,#7224);
#7223 = CARTESIAN_POINT('',(-1.,-0.1875,2.5E-02));
#7224 = VECTOR('',#7225,1.);
#7225 = DIRECTION('',(0.,-1.,0.));
#7226 = ORIENTED_EDGE('',*,*,#7207,.F.);
#7227 = ORIENTED_EDGE('',*,*,#7137,.F.);
#7228 = ORIENTED_EDGE('',*,*,#7169,.F.);
#7229 = PLANE('',#7230);
#7230 = AXIS2_PLACEMENT_3D('',#7231,#7232,#7233);
#7231 = CARTESIAN_POINT('',(-1.,-0.25,2.5E-02));
#7232 = DIRECTION('',(0.,0.,1.));
#7233 = DIRECTION('',(1.,0.,-0.));
#7234 = ADVANCED_FACE('',(#7235),#7278,.F.);
#7235 = FACE_BOUND('',#7236,.T.);
#7236 = EDGE_LOOP('',(#7237,#7238,#7239,#7240,#7248,#7256,#7264,#7272));
#7237 = ORIENTED_EDGE('',*,*,#7176,.T.);
#7238 = ORIENTED_EDGE('',*,*,#7119,.T.);
#7239 = ORIENTED_EDGE('',*,*,#7200,.T.);
#7240 = ORIENTED_EDGE('',*,*,#7241,.F.);
#7241 = EDGE_CURVE('',#7242,#7191,#7244,.T.);
#7242 = VERTEX_POINT('',#7243);
#7243 = CARTESIAN_POINT('',(-1.,-0.125,0.));
#7244 = LINE('',#7245,#7246);
#7245 = CARTESIAN_POINT('',(-1.,1.224646799147E-16,0.));
#7246 = VECTOR('',#7247,1.);
#7247 = DIRECTION('',(0.,-1.,0.));
#7248 = ORIENTED_EDGE('',*,*,#7249,.F.);
#7249 = EDGE_CURVE('',#7250,#7242,#7252,.T.);
#7250 = VERTEX_POINT('',#7251);
#7251 = CARTESIAN_POINT('',(-0.6,-0.125,0.));
#7252 = LINE('',#7253,#7254);
#7253 = CARTESIAN_POINT('',(-0.6,-0.125,0.));
#7254 = VECTOR('',#7255,1.);
#7255 = DIRECTION('',(-1.,1.301042606983E-16,0.));
#7256 = ORIENTED_EDGE('',*,*,#7257,.F.);
#7257 = EDGE_CURVE('',#7258,#7250,#7260,.T.);
#7258 = VERTEX_POINT('',#7259);
#7259 = CARTESIAN_POINT('',(-0.6,-0.375,0.));
#7260 = LINE('',#7261,#7262);
#7261 = CARTESIAN_POINT('',(-0.6,-0.375,0.));
#7262 = VECTOR('',#7263,1.);
#7263 = DIRECTION('',(2.775557561563E-16,1.,0.));
#7264 = ORIENTED_EDGE('',*,*,#7265,.F.);
#7265 = EDGE_CURVE('',#7266,#7258,#7268,.T.);
#7266 = VERTEX_POINT('',#7267);
#7267 = CARTESIAN_POINT('',(-1.,-0.375,0.));
#7268 = LINE('',#7269,#7270);
#7269 = CARTESIAN_POINT('',(-1.,-0.375,0.));
#7270 = VECTOR('',#7271,1.);
#7271 = DIRECTION('',(1.,-1.734723475977E-16,0.));
#7272 = ORIENTED_EDGE('',*,*,#7273,.F.);
#7273 = EDGE_CURVE('',#7162,#7266,#7274,.T.);
#7274 = LINE('',#7275,#7276);
#7275 = CARTESIAN_POINT('',(-1.,1.224646799147E-16,0.));
#7276 = VECTOR('',#7277,1.);
#7277 = DIRECTION('',(0.,-1.,0.));
#7278 = PLANE('',#7279);
#7279 = AXIS2_PLACEMENT_3D('',#7280,#7281,#7282);
#7280 = CARTESIAN_POINT('',(-0.8,-0.25,0.));
#7281 = DIRECTION('',(0.,0.,1.));
#7282 = DIRECTION('',(1.,0.,-0.));
#7283 = ADVANCED_FACE('',(#7284),#7313,.T.);
#7284 = FACE_BOUND('',#7285,.T.);
#7285 = EDGE_LOOP('',(#7286,#7287,#7288,#7296,#7304,#7310,#7311,#7312));
#7286 = ORIENTED_EDGE('',*,*,#7159,.T.);
#7287 = ORIENTED_EDGE('',*,*,#7273,.T.);
#7288 = ORIENTED_EDGE('',*,*,#7289,.T.);
#7289 = EDGE_CURVE('',#7266,#7290,#7292,.T.);
#7290 = VERTEX_POINT('',#7291);
#7291 = CARTESIAN_POINT('',(-1.,-0.375,5.E-02));
#7292 = LINE('',#7293,#7294);
#7293 = CARTESIAN_POINT('',(-1.,-0.375,0.));
#7294 = VECTOR('',#7295,1.);
#7295 = DIRECTION('',(0.,0.,1.));
#7296 = ORIENTED_EDGE('',*,*,#7297,.F.);
#7297 = EDGE_CURVE('',#7298,#7290,#7300,.T.);
#7298 = VERTEX_POINT('',#7299);
#7299 = CARTESIAN_POINT('',(-1.,-0.125,5.E-02));
#7300 = LINE('',#7301,#7302);
#7301 = CARTESIAN_POINT('',(-1.,1.224646799147E-16,5.E-02));
#7302 = VECTOR('',#7303,1.);
#7303 = DIRECTION('',(0.,-1.,0.));
#7304 = ORIENTED_EDGE('',*,*,#7305,.F.);
#7305 = EDGE_CURVE('',#7242,#7298,#7306,.T.);
#7306 = LINE('',#7307,#7308);
#7307 = CARTESIAN_POINT('',(-1.,-0.125,0.));
#7308 = VECTOR('',#7309,1.);
#7309 = DIRECTION('',(0.,0.,1.));
#7310 = ORIENTED_EDGE('',*,*,#7241,.T.);
#7311 = ORIENTED_EDGE('',*,*,#7190,.T.);
#7312 = ORIENTED_EDGE('',*,*,#7221,.T.);
#7313 = PLANE('',#7314);
#7314 = AXIS2_PLACEMENT_3D('',#7315,#7316,#7317);
#7315 = CARTESIAN_POINT('',(-1.,-0.125,0.));
#7316 = DIRECTION('',(-1.,0.,0.));
#7317 = DIRECTION('',(0.,-1.,0.));
#7318 = ADVANCED_FACE('',(#7319),#7337,.T.);
#7319 = FACE_BOUND('',#7320,.T.);
#7320 = EDGE_LOOP('',(#7321,#7322,#7323,#7331));
#7321 = ORIENTED_EDGE('',*,*,#7249,.T.);
#7322 = ORIENTED_EDGE('',*,*,#7305,.T.);
#7323 = ORIENTED_EDGE('',*,*,#7324,.F.);
#7324 = EDGE_CURVE('',#7325,#7298,#7327,.T.);
#7325 = VERTEX_POINT('',#7326);
#7326 = CARTESIAN_POINT('',(-0.6,-0.125,5.E-02));
#7327 = LINE('',#7328,#7329);
#7328 = CARTESIAN_POINT('',(-0.6,-0.125,5.E-02));
#7329 = VECTOR('',#7330,1.);
#7330 = DIRECTION('',(-1.,1.301042606983E-16,0.));
#7331 = ORIENTED_EDGE('',*,*,#7332,.F.);
#7332 = EDGE_CURVE('',#7250,#7325,#7333,.T.);
#7333 = LINE('',#7334,#7335);
#7334 = CARTESIAN_POINT('',(-0.6,-0.125,0.));
#7335 = VECTOR('',#7336,1.);
#7336 = DIRECTION('',(0.,0.,1.));
#7337 = PLANE('',#7338);
#7338 = AXIS2_PLACEMENT_3D('',#7339,#7340,#7341);
#7339 = CARTESIAN_POINT('',(-0.6,-0.125,0.));
#7340 = DIRECTION('',(1.301042606983E-16,1.,0.));
#7341 = DIRECTION('',(-1.,1.301042606983E-16,0.));
#7342 = ADVANCED_FACE('',(#7343),#7361,.T.);
#7343 = FACE_BOUND('',#7344,.T.);
#7344 = EDGE_LOOP('',(#7345,#7346,#7347,#7355));
#7345 = ORIENTED_EDGE('',*,*,#7257,.T.);
#7346 = ORIENTED_EDGE('',*,*,#7332,.T.);
#7347 = ORIENTED_EDGE('',*,*,#7348,.F.);
#7348 = EDGE_CURVE('',#7349,#7325,#7351,.T.);
#7349 = VERTEX_POINT('',#7350);
#7350 = CARTESIAN_POINT('',(-0.6,-0.375,5.E-02));
#7351 = LINE('',#7352,#7353);
#7352 = CARTESIAN_POINT('',(-0.6,-0.375,5.E-02));
#7353 = VECTOR('',#7354,1.);
#7354 = DIRECTION('',(2.775557561563E-16,1.,0.));
#7355 = ORIENTED_EDGE('',*,*,#7356,.F.);
#7356 = EDGE_CURVE('',#7258,#7349,#7357,.T.);
#7357 = LINE('',#7358,#7359);
#7358 = CARTESIAN_POINT('',(-0.6,-0.375,0.));
#7359 = VECTOR('',#7360,1.);
#7360 = DIRECTION('',(0.,0.,1.));
#7361 = PLANE('',#7362);
#7362 = AXIS2_PLACEMENT_3D('',#7363,#7364,#7365);
#7363 = CARTESIAN_POINT('',(-0.6,-0.375,0.));
#7364 = DIRECTION('',(1.,-2.775557561563E-16,0.));
#7365 = DIRECTION('',(2.775557561563E-16,1.,0.));
#7366 = ADVANCED_FACE('',(#7367),#7378,.T.);
#7367 = FACE_BOUND('',#7368,.T.);
#7368 = EDGE_LOOP('',(#7369,#7370,#7371,#7377));
#7369 = ORIENTED_EDGE('',*,*,#7265,.T.);
#7370 = ORIENTED_EDGE('',*,*,#7356,.T.);
#7371 = ORIENTED_EDGE('',*,*,#7372,.F.);
#7372 = EDGE_CURVE('',#7290,#7349,#7373,.T.);
#7373 = LINE('',#7374,#7375);
#7374 = CARTESIAN_POINT('',(-1.,-0.375,5.E-02));
#7375 = VECTOR('',#7376,1.);
#7376 = DIRECTION('',(1.,-1.734723475977E-16,0.));
#7377 = ORIENTED_EDGE('',*,*,#7289,.F.);
#7378 = PLANE('',#7379);
#7379 = AXIS2_PLACEMENT_3D('',#7380,#7381,#7382);
#7380 = CARTESIAN_POINT('',(-1.,-0.375,0.));
#7381 = DIRECTION('',(-1.734723475977E-16,-1.,0.));
#7382 = DIRECTION('',(1.,-1.734723475977E-16,0.));
#7383 = ADVANCED_FACE('',(#7384),#7390,.T.);
#7384 = FACE_BOUND('',#7385,.T.);
#7385 = EDGE_LOOP('',(#7386,#7387,#7388,#7389));
#7386 = ORIENTED_EDGE('',*,*,#7372,.T.);
#7387 = ORIENTED_EDGE('',*,*,#7348,.T.);
#7388 = ORIENTED_EDGE('',*,*,#7324,.T.);
#7389 = ORIENTED_EDGE('',*,*,#7297,.T.);
#7390 = PLANE('',#7391);
#7391 = AXIS2_PLACEMENT_3D('',#7392,#7393,#7394);
#7392 = CARTESIAN_POINT('',(-0.8,-0.25,5.E-02));
#7393 = DIRECTION('',(0.,0.,1.));
#7394 = DIRECTION('',(1.,0.,-0.));
#7395 = MANIFOLD_SOLID_BREP('',#7396);
#7396 = CLOSED_SHELL('',(#7397,#7437,#7468,#7499,#7516,#7565,#7596,#7627
    ,#7649,#7661));
#7397 = ADVANCED_FACE('',(#7398),#7432,.F.);
#7398 = FACE_BOUND('',#7399,.T.);
#7399 = EDGE_LOOP('',(#7400,#7410,#7418,#7426));
#7400 = ORIENTED_EDGE('',*,*,#7401,.F.);
#7401 = EDGE_CURVE('',#7402,#7404,#7406,.T.);
#7402 = VERTEX_POINT('',#7403);
#7403 = CARTESIAN_POINT('',(-0.93,-0.8,0.));
#7404 = VERTEX_POINT('',#7405);
#7405 = CARTESIAN_POINT('',(-0.93,-0.7,0.));
#7406 = LINE('',#7407,#7408);
#7407 = CARTESIAN_POINT('',(-0.93,-0.775,0.));
#7408 = VECTOR('',#7409,1.);
#7409 = DIRECTION('',(0.,1.,0.));
#7410 = ORIENTED_EDGE('',*,*,#7411,.T.);
#7411 = EDGE_CURVE('',#7402,#7412,#7414,.T.);
#7412 = VERTEX_POINT('',#7413);
#7413 = CARTESIAN_POINT('',(-0.93,-0.8,2.5E-02));
#7414 = LINE('',#7415,#7416);
#7415 = CARTESIAN_POINT('',(-0.93,-0.8,0.));
#7416 = VECTOR('',#7417,1.);
#7417 = DIRECTION('',(0.,0.,1.));
#7418 = ORIENTED_EDGE('',*,*,#7419,.T.);
#7419 = EDGE_CURVE('',#7412,#7420,#7422,.T.);
#7420 = VERTEX_POINT('',#7421);
#7421 = CARTESIAN_POINT('',(-0.93,-0.7,2.5E-02));
#7422 = LINE('',#7423,#7424);
#7423 = CARTESIAN_POINT('',(-0.93,-0.7,2.5E-02));
#7424 = VECTOR('',#7425,1.);
#7425 = DIRECTION('',(0.,1.,0.));
#7426 = ORIENTED_EDGE('',*,*,#7427,.F.);
#7427 = EDGE_CURVE('',#7404,#7420,#7428,.T.);
#7428 = LINE('',#7429,#7430);
#7429 = CARTESIAN_POINT('',(-0.93,-0.7,0.));
#7430 = VECTOR('',#7431,1.);
#7431 = DIRECTION('',(0.,0.,1.));
#7432 = PLANE('',#7433);
#7433 = AXIS2_PLACEMENT_3D('',#7434,#7435,#7436);
#7434 = CARTESIAN_POINT('',(-0.93,-0.8,0.));
#7435 = DIRECTION('',(1.,0.,0.));
#7436 = DIRECTION('',(-0.,1.,0.));
#7437 = ADVANCED_FACE('',(#7438),#7463,.F.);
#7438 = FACE_BOUND('',#7439,.T.);
#7439 = EDGE_LOOP('',(#7440,#7448,#7456,#7462));
#7440 = ORIENTED_EDGE('',*,*,#7441,.F.);
#7441 = EDGE_CURVE('',#7442,#7402,#7444,.T.);
#7442 = VERTEX_POINT('',#7443);
#7443 = CARTESIAN_POINT('',(-1.,-0.8,0.));
#7444 = LINE('',#7445,#7446);
#7445 = CARTESIAN_POINT('',(-0.9,-0.8,0.));
#7446 = VECTOR('',#7447,1.);
#7447 = DIRECTION('',(1.,0.,0.));
#7448 = ORIENTED_EDGE('',*,*,#7449,.F.);
#7449 = EDGE_CURVE('',#7450,#7442,#7452,.T.);
#7450 = VERTEX_POINT('',#7451);
#7451 = CARTESIAN_POINT('',(-1.,-0.8,2.5E-02));
#7452 = LINE('',#7453,#7454);
#7453 = CARTESIAN_POINT('',(-1.,-0.8,0.));
#7454 = VECTOR('',#7455,1.);
#7455 = DIRECTION('',(0.,0.,-1.));
#7456 = ORIENTED_EDGE('',*,*,#7457,.T.);
#7457 = EDGE_CURVE('',#7450,#7412,#7458,.T.);
#7458 = LINE('',#7459,#7460);
#7459 = CARTESIAN_POINT('',(-0.93,-0.8,2.5E-02));
#7460 = VECTOR('',#7461,1.);
#7461 = DIRECTION('',(1.,0.,0.));
#7462 = ORIENTED_EDGE('',*,*,#7411,.F.);
#7463 = PLANE('',#7464);
#7464 = AXIS2_PLACEMENT_3D('',#7465,#7466,#7467);
#7465 = CARTESIAN_POINT('',(-1.,-0.8,0.));
#7466 = DIRECTION('',(0.,-1.,0.));
#7467 = DIRECTION('',(1.,0.,0.));
#7468 = ADVANCED_FACE('',(#7469),#7494,.F.);
#7469 = FACE_BOUND('',#7470,.T.);
#7470 = EDGE_LOOP('',(#7471,#7479,#7480,#7488));
#7471 = ORIENTED_EDGE('',*,*,#7472,.F.);
#7472 = EDGE_CURVE('',#7404,#7473,#7475,.T.);
#7473 = VERTEX_POINT('',#7474);
#7474 = CARTESIAN_POINT('',(-1.,-0.7,0.));
#7475 = LINE('',#7476,#7477);
#7476 = CARTESIAN_POINT('',(-0.865,-0.7,0.));
#7477 = VECTOR('',#7478,1.);
#7478 = DIRECTION('',(-1.,0.,0.));
#7479 = ORIENTED_EDGE('',*,*,#7427,.T.);
#7480 = ORIENTED_EDGE('',*,*,#7481,.T.);
#7481 = EDGE_CURVE('',#7420,#7482,#7484,.T.);
#7482 = VERTEX_POINT('',#7483);
#7483 = CARTESIAN_POINT('',(-1.,-0.7,2.5E-02));
#7484 = LINE('',#7485,#7486);
#7485 = CARTESIAN_POINT('',(-1.,-0.7,2.5E-02));
#7486 = VECTOR('',#7487,1.);
#7487 = DIRECTION('',(-1.,0.,0.));
#7488 = ORIENTED_EDGE('',*,*,#7489,.F.);
#7489 = EDGE_CURVE('',#7473,#7482,#7490,.T.);
#7490 = LINE('',#7491,#7492);
#7491 = CARTESIAN_POINT('',(-1.,-0.7,0.));
#7492 = VECTOR('',#7493,1.);
#7493 = DIRECTION('',(0.,0.,1.));
#7494 = PLANE('',#7495);
#7495 = AXIS2_PLACEMENT_3D('',#7496,#7497,#7498);
#7496 = CARTESIAN_POINT('',(-0.93,-0.7,0.));
#7497 = DIRECTION('',(0.,1.,0.));
#7498 = DIRECTION('',(-1.,0.,0.));
#7499 = ADVANCED_FACE('',(#7500),#7511,.F.);
#7500 = FACE_BOUND('',#7501,.T.);
#7501 = EDGE_LOOP('',(#7502,#7503,#7504,#7505));
#7502 = ORIENTED_EDGE('',*,*,#7481,.F.);
#7503 = ORIENTED_EDGE('',*,*,#7419,.F.);
#7504 = ORIENTED_EDGE('',*,*,#7457,.F.);
#7505 = ORIENTED_EDGE('',*,*,#7506,.F.);
#7506 = EDGE_CURVE('',#7482,#7450,#7507,.T.);
#7507 = LINE('',#7508,#7509);
#7508 = CARTESIAN_POINT('',(-1.,-0.6875,2.5E-02));
#7509 = VECTOR('',#7510,1.);
#7510 = DIRECTION('',(-5.551115123126E-16,-1.,0.));
#7511 = PLANE('',#7512);
#7512 = AXIS2_PLACEMENT_3D('',#7513,#7514,#7515);
#7513 = CARTESIAN_POINT('',(-0.965,-0.75,2.5E-02));
#7514 = DIRECTION('',(0.,0.,1.));
#7515 = DIRECTION('',(1.,0.,-0.));
#7516 = ADVANCED_FACE('',(#7517),#7560,.T.);
#7517 = FACE_BOUND('',#7518,.T.);
#7518 = EDGE_LOOP('',(#7519,#7520,#7521,#7522,#7530,#7538,#7546,#7554));
#7519 = ORIENTED_EDGE('',*,*,#7489,.T.);
#7520 = ORIENTED_EDGE('',*,*,#7506,.T.);
#7521 = ORIENTED_EDGE('',*,*,#7449,.T.);
#7522 = ORIENTED_EDGE('',*,*,#7523,.T.);
#7523 = EDGE_CURVE('',#7442,#7524,#7526,.T.);
#7524 = VERTEX_POINT('',#7525);
#7525 = CARTESIAN_POINT('',(-1.,-0.875,0.));
#7526 = LINE('',#7527,#7528);
#7527 = CARTESIAN_POINT('',(-1.,-0.5,0.));
#7528 = VECTOR('',#7529,1.);
#7529 = DIRECTION('',(-5.551115123126E-16,-1.,0.));
#7530 = ORIENTED_EDGE('',*,*,#7531,.T.);
#7531 = EDGE_CURVE('',#7524,#7532,#7534,.T.);
#7532 = VERTEX_POINT('',#7533);
#7533 = CARTESIAN_POINT('',(-1.,-0.875,5.E-02));
#7534 = LINE('',#7535,#7536);
#7535 = CARTESIAN_POINT('',(-1.,-0.875,0.));
#7536 = VECTOR('',#7537,1.);
#7537 = DIRECTION('',(0.,0.,1.));
#7538 = ORIENTED_EDGE('',*,*,#7539,.F.);
#7539 = EDGE_CURVE('',#7540,#7532,#7542,.T.);
#7540 = VERTEX_POINT('',#7541);
#7541 = CARTESIAN_POINT('',(-1.,-0.625,5.E-02));
#7542 = LINE('',#7543,#7544);
#7543 = CARTESIAN_POINT('',(-1.,-0.5,5.E-02));
#7544 = VECTOR('',#7545,1.);
#7545 = DIRECTION('',(-5.551115123126E-16,-1.,0.));
#7546 = ORIENTED_EDGE('',*,*,#7547,.F.);
#7547 = EDGE_CURVE('',#7548,#7540,#7550,.T.);
#7548 = VERTEX_POINT('',#7549);
#7549 = CARTESIAN_POINT('',(-1.,-0.625,0.));
#7550 = LINE('',#7551,#7552);
#7551 = CARTESIAN_POINT('',(-1.,-0.625,0.));
#7552 = VECTOR('',#7553,1.);
#7553 = DIRECTION('',(0.,0.,1.));
#7554 = ORIENTED_EDGE('',*,*,#7555,.T.);
#7555 = EDGE_CURVE('',#7548,#7473,#7556,.T.);
#7556 = LINE('',#7557,#7558);
#7557 = CARTESIAN_POINT('',(-1.,-0.5,0.));
#7558 = VECTOR('',#7559,1.);
#7559 = DIRECTION('',(-5.551115123126E-16,-1.,0.));
#7560 = PLANE('',#7561);
#7561 = AXIS2_PLACEMENT_3D('',#7562,#7563,#7564);
#7562 = CARTESIAN_POINT('',(-1.,-0.625,0.));
#7563 = DIRECTION('',(-1.,5.551115123126E-16,0.));
#7564 = DIRECTION('',(-5.551115123126E-16,-1.,0.));
#7565 = ADVANCED_FACE('',(#7566),#7591,.T.);
#7566 = FACE_BOUND('',#7567,.T.);
#7567 = EDGE_LOOP('',(#7568,#7576,#7577,#7585));
#7568 = ORIENTED_EDGE('',*,*,#7569,.T.);
#7569 = EDGE_CURVE('',#7570,#7548,#7572,.T.);
#7570 = VERTEX_POINT('',#7571);
#7571 = CARTESIAN_POINT('',(-0.6,-0.625,0.));
#7572 = LINE('',#7573,#7574);
#7573 = CARTESIAN_POINT('',(-0.6,-0.625,0.));
#7574 = VECTOR('',#7575,1.);
#7575 = DIRECTION('',(-1.,1.734723475977E-16,0.));
#7576 = ORIENTED_EDGE('',*,*,#7547,.T.);
#7577 = ORIENTED_EDGE('',*,*,#7578,.F.);
#7578 = EDGE_CURVE('',#7579,#7540,#7581,.T.);
#7579 = VERTEX_POINT('',#7580);
#7580 = CARTESIAN_POINT('',(-0.6,-0.625,5.E-02));
#7581 = LINE('',#7582,#7583);
#7582 = CARTESIAN_POINT('',(-0.6,-0.625,5.E-02));
#7583 = VECTOR('',#7584,1.);
#7584 = DIRECTION('',(-1.,1.734723475977E-16,0.));
#7585 = ORIENTED_EDGE('',*,*,#7586,.F.);
#7586 = EDGE_CURVE('',#7570,#7579,#7587,.T.);
#7587 = LINE('',#7588,#7589);
#7588 = CARTESIAN_POINT('',(-0.6,-0.625,0.));
#7589 = VECTOR('',#7590,1.);
#7590 = DIRECTION('',(0.,0.,1.));
#7591 = PLANE('',#7592);
#7592 = AXIS2_PLACEMENT_3D('',#7593,#7594,#7595);
#7593 = CARTESIAN_POINT('',(-0.6,-0.625,0.));
#7594 = DIRECTION('',(1.734723475977E-16,1.,0.));
#7595 = DIRECTION('',(-1.,1.734723475977E-16,0.));
#7596 = ADVANCED_FACE('',(#7597),#7622,.T.);
#7597 = FACE_BOUND('',#7598,.T.);
#7598 = EDGE_LOOP('',(#7599,#7607,#7608,#7616));
#7599 = ORIENTED_EDGE('',*,*,#7600,.T.);
#7600 = EDGE_CURVE('',#7601,#7570,#7603,.T.);
#7601 = VERTEX_POINT('',#7602);
#7602 = CARTESIAN_POINT('',(-0.6,-0.875,0.));
#7603 = LINE('',#7604,#7605);
#7604 = CARTESIAN_POINT('',(-0.6,-0.875,0.));
#7605 = VECTOR('',#7606,1.);
#7606 = DIRECTION('',(2.775557561563E-16,1.,0.));
#7607 = ORIENTED_EDGE('',*,*,#7586,.T.);
#7608 = ORIENTED_EDGE('',*,*,#7609,.F.);
#7609 = EDGE_CURVE('',#7610,#7579,#7612,.T.);
#7610 = VERTEX_POINT('',#7611);
#7611 = CARTESIAN_POINT('',(-0.6,-0.875,5.E-02));
#7612 = LINE('',#7613,#7614);
#7613 = CARTESIAN_POINT('',(-0.6,-0.875,5.E-02));
#7614 = VECTOR('',#7615,1.);
#7615 = DIRECTION('',(2.775557561563E-16,1.,0.));
#7616 = ORIENTED_EDGE('',*,*,#7617,.F.);
#7617 = EDGE_CURVE('',#7601,#7610,#7618,.T.);
#7618 = LINE('',#7619,#7620);
#7619 = CARTESIAN_POINT('',(-0.6,-0.875,0.));
#7620 = VECTOR('',#7621,1.);
#7621 = DIRECTION('',(0.,0.,1.));
#7622 = PLANE('',#7623);
#7623 = AXIS2_PLACEMENT_3D('',#7624,#7625,#7626);
#7624 = CARTESIAN_POINT('',(-0.6,-0.875,0.));
#7625 = DIRECTION('',(1.,-2.775557561563E-16,0.));
#7626 = DIRECTION('',(2.775557561563E-16,1.,0.));
#7627 = ADVANCED_FACE('',(#7628),#7644,.T.);
#7628 = FACE_BOUND('',#7629,.T.);
#7629 = EDGE_LOOP('',(#7630,#7636,#7637,#7643));
#7630 = ORIENTED_EDGE('',*,*,#7631,.T.);
#7631 = EDGE_CURVE('',#7524,#7601,#7632,.T.);
#7632 = LINE('',#7633,#7634);
#7633 = CARTESIAN_POINT('',(-1.,-0.875,0.));
#7634 = VECTOR('',#7635,1.);
#7635 = DIRECTION('',(1.,0.,0.));
#7636 = ORIENTED_EDGE('',*,*,#7617,.T.);
#7637 = ORIENTED_EDGE('',*,*,#7638,.F.);
#7638 = EDGE_CURVE('',#7532,#7610,#7639,.T.);
#7639 = LINE('',#7640,#7641);
#7640 = CARTESIAN_POINT('',(-1.,-0.875,5.E-02));
#7641 = VECTOR('',#7642,1.);
#7642 = DIRECTION('',(1.,0.,0.));
#7643 = ORIENTED_EDGE('',*,*,#7531,.F.);
#7644 = PLANE('',#7645);
#7645 = AXIS2_PLACEMENT_3D('',#7646,#7647,#7648);
#7646 = CARTESIAN_POINT('',(-1.,-0.875,0.));
#7647 = DIRECTION('',(0.,-1.,0.));
#7648 = DIRECTION('',(1.,0.,0.));
#7649 = ADVANCED_FACE('',(#7650),#7656,.T.);
#7650 = FACE_BOUND('',#7651,.T.);
#7651 = EDGE_LOOP('',(#7652,#7653,#7654,#7655));
#7652 = ORIENTED_EDGE('',*,*,#7638,.T.);
#7653 = ORIENTED_EDGE('',*,*,#7609,.T.);
#7654 = ORIENTED_EDGE('',*,*,#7578,.T.);
#7655 = ORIENTED_EDGE('',*,*,#7539,.T.);
#7656 = PLANE('',#7657);
#7657 = AXIS2_PLACEMENT_3D('',#7658,#7659,#7660);
#7658 = CARTESIAN_POINT('',(-0.8,-0.75,5.E-02));
#7659 = DIRECTION('',(0.,0.,1.));
#7660 = DIRECTION('',(1.,0.,-0.));
#7661 = ADVANCED_FACE('',(#7662),#7672,.F.);
#7662 = FACE_BOUND('',#7663,.T.);
#7663 = EDGE_LOOP('',(#7664,#7665,#7666,#7667,#7668,#7669,#7670,#7671));
#7664 = ORIENTED_EDGE('',*,*,#7472,.T.);
#7665 = ORIENTED_EDGE('',*,*,#7555,.F.);
#7666 = ORIENTED_EDGE('',*,*,#7569,.F.);
#7667 = ORIENTED_EDGE('',*,*,#7600,.F.);
#7668 = ORIENTED_EDGE('',*,*,#7631,.F.);
#7669 = ORIENTED_EDGE('',*,*,#7523,.F.);
#7670 = ORIENTED_EDGE('',*,*,#7441,.T.);
#7671 = ORIENTED_EDGE('',*,*,#7401,.T.);
#7672 = PLANE('',#7673);
#7673 = AXIS2_PLACEMENT_3D('',#7674,#7675,#7676);
#7674 = CARTESIAN_POINT('',(-0.8,-0.75,0.));
#7675 = DIRECTION('',(0.,0.,1.));
#7676 = DIRECTION('',(1.,0.,-0.));
#7677 = MANIFOLD_SOLID_BREP('',#7678);
#7678 = CLOSED_SHELL('',(#7679,#7719,#7750,#7781,#7798,#7847,#7887,#7909
    ,#7931,#7943));
#7679 = ADVANCED_FACE('',(#7680),#7714,.F.);
#7680 = FACE_BOUND('',#7681,.T.);
#7681 = EDGE_LOOP('',(#7682,#7692,#7700,#7708));
#7682 = ORIENTED_EDGE('',*,*,#7683,.F.);
#7683 = EDGE_CURVE('',#7684,#7686,#7688,.T.);
#7684 = VERTEX_POINT('',#7685);
#7685 = CARTESIAN_POINT('',(0.93,-0.8,0.));
#7686 = VERTEX_POINT('',#7687);
#7687 = CARTESIAN_POINT('',(1.,-0.8,0.));
#7688 = LINE('',#7689,#7690);
#7689 = CARTESIAN_POINT('',(0.865,-0.8,0.));
#7690 = VECTOR('',#7691,1.);
#7691 = DIRECTION('',(1.,0.,0.));
#7692 = ORIENTED_EDGE('',*,*,#7693,.T.);
#7693 = EDGE_CURVE('',#7684,#7694,#7696,.T.);
#7694 = VERTEX_POINT('',#7695);
#7695 = CARTESIAN_POINT('',(0.93,-0.8,2.5E-02));
#7696 = LINE('',#7697,#7698);
#7697 = CARTESIAN_POINT('',(0.93,-0.8,0.));
#7698 = VECTOR('',#7699,1.);
#7699 = DIRECTION('',(0.,0.,1.));
#7700 = ORIENTED_EDGE('',*,*,#7701,.T.);
#7701 = EDGE_CURVE('',#7694,#7702,#7704,.T.);
#7702 = VERTEX_POINT('',#7703);
#7703 = CARTESIAN_POINT('',(1.,-0.8,2.5E-02));
#7704 = LINE('',#7705,#7706);
#7705 = CARTESIAN_POINT('',(1.,-0.8,2.5E-02));
#7706 = VECTOR('',#7707,1.);
#7707 = DIRECTION('',(1.,0.,0.));
#7708 = ORIENTED_EDGE('',*,*,#7709,.F.);
#7709 = EDGE_CURVE('',#7686,#7702,#7710,.T.);
#7710 = LINE('',#7711,#7712);
#7711 = CARTESIAN_POINT('',(1.,-0.8,0.));
#7712 = VECTOR('',#7713,1.);
#7713 = DIRECTION('',(0.,0.,1.));
#7714 = PLANE('',#7715);
#7715 = AXIS2_PLACEMENT_3D('',#7716,#7717,#7718);
#7716 = CARTESIAN_POINT('',(0.93,-0.8,0.));
#7717 = DIRECTION('',(0.,-1.,0.));
#7718 = DIRECTION('',(1.,0.,0.));
#7719 = ADVANCED_FACE('',(#7720),#7745,.F.);
#7720 = FACE_BOUND('',#7721,.T.);
#7721 = EDGE_LOOP('',(#7722,#7730,#7738,#7744));
#7722 = ORIENTED_EDGE('',*,*,#7723,.F.);
#7723 = EDGE_CURVE('',#7724,#7684,#7726,.T.);
#7724 = VERTEX_POINT('',#7725);
#7725 = CARTESIAN_POINT('',(0.93,-0.7,0.));
#7726 = LINE('',#7727,#7728);
#7727 = CARTESIAN_POINT('',(0.93,-0.725,0.));
#7728 = VECTOR('',#7729,1.);
#7729 = DIRECTION('',(0.,-1.,0.));
#7730 = ORIENTED_EDGE('',*,*,#7731,.T.);
#7731 = EDGE_CURVE('',#7724,#7732,#7734,.T.);
#7732 = VERTEX_POINT('',#7733);
#7733 = CARTESIAN_POINT('',(0.93,-0.7,2.5E-02));
#7734 = LINE('',#7735,#7736);
#7735 = CARTESIAN_POINT('',(0.93,-0.7,0.));
#7736 = VECTOR('',#7737,1.);
#7737 = DIRECTION('',(0.,0.,1.));
#7738 = ORIENTED_EDGE('',*,*,#7739,.T.);
#7739 = EDGE_CURVE('',#7732,#7694,#7740,.T.);
#7740 = LINE('',#7741,#7742);
#7741 = CARTESIAN_POINT('',(0.93,-0.8,2.5E-02));
#7742 = VECTOR('',#7743,1.);
#7743 = DIRECTION('',(0.,-1.,0.));
#7744 = ORIENTED_EDGE('',*,*,#7693,.F.);
#7745 = PLANE('',#7746);
#7746 = AXIS2_PLACEMENT_3D('',#7747,#7748,#7749);
#7747 = CARTESIAN_POINT('',(0.93,-0.7,0.));
#7748 = DIRECTION('',(-1.,0.,0.));
#7749 = DIRECTION('',(0.,-1.,0.));
#7750 = ADVANCED_FACE('',(#7751),#7776,.F.);
#7751 = FACE_BOUND('',#7752,.T.);
#7752 = EDGE_LOOP('',(#7753,#7761,#7769,#7775));
#7753 = ORIENTED_EDGE('',*,*,#7754,.F.);
#7754 = EDGE_CURVE('',#7755,#7724,#7757,.T.);
#7755 = VERTEX_POINT('',#7756);
#7756 = CARTESIAN_POINT('',(1.,-0.7,0.));
#7757 = LINE('',#7758,#7759);
#7758 = CARTESIAN_POINT('',(0.9,-0.7,0.));
#7759 = VECTOR('',#7760,1.);
#7760 = DIRECTION('',(-1.,0.,0.));
#7761 = ORIENTED_EDGE('',*,*,#7762,.F.);
#7762 = EDGE_CURVE('',#7763,#7755,#7765,.T.);
#7763 = VERTEX_POINT('',#7764);
#7764 = CARTESIAN_POINT('',(1.,-0.7,2.5E-02));
#7765 = LINE('',#7766,#7767);
#7766 = CARTESIAN_POINT('',(1.,-0.7,0.));
#7767 = VECTOR('',#7768,1.);
#7768 = DIRECTION('',(0.,0.,-1.));
#7769 = ORIENTED_EDGE('',*,*,#7770,.T.);
#7770 = EDGE_CURVE('',#7763,#7732,#7771,.T.);
#7771 = LINE('',#7772,#7773);
#7772 = CARTESIAN_POINT('',(0.93,-0.7,2.5E-02));
#7773 = VECTOR('',#7774,1.);
#7774 = DIRECTION('',(-1.,0.,0.));
#7775 = ORIENTED_EDGE('',*,*,#7731,.F.);
#7776 = PLANE('',#7777);
#7777 = AXIS2_PLACEMENT_3D('',#7778,#7779,#7780);
#7778 = CARTESIAN_POINT('',(1.,-0.7,0.));
#7779 = DIRECTION('',(0.,1.,0.));
#7780 = DIRECTION('',(-1.,0.,0.));
#7781 = ADVANCED_FACE('',(#7782),#7793,.F.);
#7782 = FACE_BOUND('',#7783,.T.);
#7783 = EDGE_LOOP('',(#7784,#7790,#7791,#7792));
#7784 = ORIENTED_EDGE('',*,*,#7785,.F.);
#7785 = EDGE_CURVE('',#7702,#7763,#7786,.T.);
#7786 = LINE('',#7787,#7788);
#7787 = CARTESIAN_POINT('',(1.,-0.8125,2.5E-02));
#7788 = VECTOR('',#7789,1.);
#7789 = DIRECTION('',(0.,1.,0.));
#7790 = ORIENTED_EDGE('',*,*,#7701,.F.);
#7791 = ORIENTED_EDGE('',*,*,#7739,.F.);
#7792 = ORIENTED_EDGE('',*,*,#7770,.F.);
#7793 = PLANE('',#7794);
#7794 = AXIS2_PLACEMENT_3D('',#7795,#7796,#7797);
#7795 = CARTESIAN_POINT('',(0.965,-0.75,2.5E-02));
#7796 = DIRECTION('',(0.,0.,1.));
#7797 = DIRECTION('',(1.,0.,-0.));
#7798 = ADVANCED_FACE('',(#7799),#7842,.T.);
#7799 = FACE_BOUND('',#7800,.T.);
#7800 = EDGE_LOOP('',(#7801,#7802,#7803,#7804,#7812,#7820,#7828,#7836));
#7801 = ORIENTED_EDGE('',*,*,#7709,.T.);
#7802 = ORIENTED_EDGE('',*,*,#7785,.T.);
#7803 = ORIENTED_EDGE('',*,*,#7762,.T.);
#7804 = ORIENTED_EDGE('',*,*,#7805,.T.);
#7805 = EDGE_CURVE('',#7755,#7806,#7808,.T.);
#7806 = VERTEX_POINT('',#7807);
#7807 = CARTESIAN_POINT('',(1.,-0.625,0.));
#7808 = LINE('',#7809,#7810);
#7809 = CARTESIAN_POINT('',(1.,-0.875,0.));
#7810 = VECTOR('',#7811,1.);
#7811 = DIRECTION('',(0.,1.,0.));
#7812 = ORIENTED_EDGE('',*,*,#7813,.T.);
#7813 = EDGE_CURVE('',#7806,#7814,#7816,.T.);
#7814 = VERTEX_POINT('',#7815);
#7815 = CARTESIAN_POINT('',(1.,-0.625,5.E-02));
#7816 = LINE('',#7817,#7818);
#7817 = CARTESIAN_POINT('',(1.,-0.625,0.));
#7818 = VECTOR('',#7819,1.);
#7819 = DIRECTION('',(0.,0.,1.));
#7820 = ORIENTED_EDGE('',*,*,#7821,.F.);
#7821 = EDGE_CURVE('',#7822,#7814,#7824,.T.);
#7822 = VERTEX_POINT('',#7823);
#7823 = CARTESIAN_POINT('',(1.,-0.875,5.E-02));
#7824 = LINE('',#7825,#7826);
#7825 = CARTESIAN_POINT('',(1.,-0.875,5.E-02));
#7826 = VECTOR('',#7827,1.);
#7827 = DIRECTION('',(0.,1.,0.));
#7828 = ORIENTED_EDGE('',*,*,#7829,.F.);
#7829 = EDGE_CURVE('',#7830,#7822,#7832,.T.);
#7830 = VERTEX_POINT('',#7831);
#7831 = CARTESIAN_POINT('',(1.,-0.875,0.));
#7832 = LINE('',#7833,#7834);
#7833 = CARTESIAN_POINT('',(1.,-0.875,0.));
#7834 = VECTOR('',#7835,1.);
#7835 = DIRECTION('',(0.,0.,1.));
#7836 = ORIENTED_EDGE('',*,*,#7837,.T.);
#7837 = EDGE_CURVE('',#7830,#7686,#7838,.T.);
#7838 = LINE('',#7839,#7840);
#7839 = CARTESIAN_POINT('',(1.,-0.875,0.));
#7840 = VECTOR('',#7841,1.);
#7841 = DIRECTION('',(0.,1.,0.));
#7842 = PLANE('',#7843);
#7843 = AXIS2_PLACEMENT_3D('',#7844,#7845,#7846);
#7844 = CARTESIAN_POINT('',(1.,-0.875,0.));
#7845 = DIRECTION('',(1.,0.,0.));
#7846 = DIRECTION('',(-0.,1.,0.));
#7847 = ADVANCED_FACE('',(#7848),#7882,.T.);
#7848 = FACE_BOUND('',#7849,.T.);
#7849 = EDGE_LOOP('',(#7850,#7860,#7868,#7876));
#7850 = ORIENTED_EDGE('',*,*,#7851,.T.);
#7851 = EDGE_CURVE('',#7852,#7854,#7856,.T.);
#7852 = VERTEX_POINT('',#7853);
#7853 = CARTESIAN_POINT('',(0.6,-0.625,0.));
#7854 = VERTEX_POINT('',#7855);
#7855 = CARTESIAN_POINT('',(0.6,-0.875,0.));
#7856 = LINE('',#7857,#7858);
#7857 = CARTESIAN_POINT('',(0.6,-0.625,0.));
#7858 = VECTOR('',#7859,1.);
#7859 = DIRECTION('',(0.,-1.,0.));
#7860 = ORIENTED_EDGE('',*,*,#7861,.T.);
#7861 = EDGE_CURVE('',#7854,#7862,#7864,.T.);
#7862 = VERTEX_POINT('',#7863);
#7863 = CARTESIAN_POINT('',(0.6,-0.875,5.E-02));
#7864 = LINE('',#7865,#7866);
#7865 = CARTESIAN_POINT('',(0.6,-0.875,0.));
#7866 = VECTOR('',#7867,1.);
#7867 = DIRECTION('',(0.,0.,1.));
#7868 = ORIENTED_EDGE('',*,*,#7869,.F.);
#7869 = EDGE_CURVE('',#7870,#7862,#7872,.T.);
#7870 = VERTEX_POINT('',#7871);
#7871 = CARTESIAN_POINT('',(0.6,-0.625,5.E-02));
#7872 = LINE('',#7873,#7874);
#7873 = CARTESIAN_POINT('',(0.6,-0.625,5.E-02));
#7874 = VECTOR('',#7875,1.);
#7875 = DIRECTION('',(0.,-1.,0.));
#7876 = ORIENTED_EDGE('',*,*,#7877,.F.);
#7877 = EDGE_CURVE('',#7852,#7870,#7878,.T.);
#7878 = LINE('',#7879,#7880);
#7879 = CARTESIAN_POINT('',(0.6,-0.625,0.));
#7880 = VECTOR('',#7881,1.);
#7881 = DIRECTION('',(0.,0.,1.));
#7882 = PLANE('',#7883);
#7883 = AXIS2_PLACEMENT_3D('',#7884,#7885,#7886);
#7884 = CARTESIAN_POINT('',(0.6,-0.625,0.));
#7885 = DIRECTION('',(-1.,0.,0.));
#7886 = DIRECTION('',(0.,-1.,0.));
#7887 = ADVANCED_FACE('',(#7888),#7904,.T.);
#7888 = FACE_BOUND('',#7889,.T.);
#7889 = EDGE_LOOP('',(#7890,#7896,#7897,#7903));
#7890 = ORIENTED_EDGE('',*,*,#7891,.T.);
#7891 = EDGE_CURVE('',#7806,#7852,#7892,.T.);
#7892 = LINE('',#7893,#7894);
#7893 = CARTESIAN_POINT('',(1.,-0.625,0.));
#7894 = VECTOR('',#7895,1.);
#7895 = DIRECTION('',(-1.,0.,0.));
#7896 = ORIENTED_EDGE('',*,*,#7877,.T.);
#7897 = ORIENTED_EDGE('',*,*,#7898,.F.);
#7898 = EDGE_CURVE('',#7814,#7870,#7899,.T.);
#7899 = LINE('',#7900,#7901);
#7900 = CARTESIAN_POINT('',(1.,-0.625,5.E-02));
#7901 = VECTOR('',#7902,1.);
#7902 = DIRECTION('',(-1.,0.,0.));
#7903 = ORIENTED_EDGE('',*,*,#7813,.F.);
#7904 = PLANE('',#7905);
#7905 = AXIS2_PLACEMENT_3D('',#7906,#7907,#7908);
#7906 = CARTESIAN_POINT('',(1.,-0.625,0.));
#7907 = DIRECTION('',(0.,1.,0.));
#7908 = DIRECTION('',(-1.,0.,0.));
#7909 = ADVANCED_FACE('',(#7910),#7926,.T.);
#7910 = FACE_BOUND('',#7911,.T.);
#7911 = EDGE_LOOP('',(#7912,#7918,#7919,#7925));
#7912 = ORIENTED_EDGE('',*,*,#7913,.T.);
#7913 = EDGE_CURVE('',#7854,#7830,#7914,.T.);
#7914 = LINE('',#7915,#7916);
#7915 = CARTESIAN_POINT('',(0.6,-0.875,0.));
#7916 = VECTOR('',#7917,1.);
#7917 = DIRECTION('',(1.,0.,0.));
#7918 = ORIENTED_EDGE('',*,*,#7829,.T.);
#7919 = ORIENTED_EDGE('',*,*,#7920,.F.);
#7920 = EDGE_CURVE('',#7862,#7822,#7921,.T.);
#7921 = LINE('',#7922,#7923);
#7922 = CARTESIAN_POINT('',(0.6,-0.875,5.E-02));
#7923 = VECTOR('',#7924,1.);
#7924 = DIRECTION('',(1.,0.,0.));
#7925 = ORIENTED_EDGE('',*,*,#7861,.F.);
#7926 = PLANE('',#7927);
#7927 = AXIS2_PLACEMENT_3D('',#7928,#7929,#7930);
#7928 = CARTESIAN_POINT('',(0.6,-0.875,0.));
#7929 = DIRECTION('',(0.,-1.,0.));
#7930 = DIRECTION('',(1.,0.,0.));
#7931 = ADVANCED_FACE('',(#7932),#7938,.T.);
#7932 = FACE_BOUND('',#7933,.T.);
#7933 = EDGE_LOOP('',(#7934,#7935,#7936,#7937));
#7934 = ORIENTED_EDGE('',*,*,#7920,.T.);
#7935 = ORIENTED_EDGE('',*,*,#7821,.T.);
#7936 = ORIENTED_EDGE('',*,*,#7898,.T.);
#7937 = ORIENTED_EDGE('',*,*,#7869,.T.);
#7938 = PLANE('',#7939);
#7939 = AXIS2_PLACEMENT_3D('',#7940,#7941,#7942);
#7940 = CARTESIAN_POINT('',(0.8,-0.75,5.E-02));
#7941 = DIRECTION('',(0.,0.,1.));
#7942 = DIRECTION('',(1.,0.,-0.));
#7943 = ADVANCED_FACE('',(#7944),#7954,.F.);
#7944 = FACE_BOUND('',#7945,.T.);
#7945 = EDGE_LOOP('',(#7946,#7947,#7948,#7949,#7950,#7951,#7952,#7953));
#7946 = ORIENTED_EDGE('',*,*,#7683,.T.);
#7947 = ORIENTED_EDGE('',*,*,#7837,.F.);
#7948 = ORIENTED_EDGE('',*,*,#7913,.F.);
#7949 = ORIENTED_EDGE('',*,*,#7851,.F.);
#7950 = ORIENTED_EDGE('',*,*,#7891,.F.);
#7951 = ORIENTED_EDGE('',*,*,#7805,.F.);
#7952 = ORIENTED_EDGE('',*,*,#7754,.T.);
#7953 = ORIENTED_EDGE('',*,*,#7723,.T.);
#7954 = PLANE('',#7955);
#7955 = AXIS2_PLACEMENT_3D('',#7956,#7957,#7958);
#7956 = CARTESIAN_POINT('',(0.8,-0.75,0.));
#7957 = DIRECTION('',(0.,0.,1.));
#7958 = DIRECTION('',(1.,0.,-0.));
#7959 = MANIFOLD_SOLID_BREP('',#7960);
#7960 = CLOSED_SHELL('',(#7961,#8001,#8032,#8063,#8080,#8129,#8160,#8188
    ,#8212,#8229));
#7961 = ADVANCED_FACE('',(#7962),#7996,.F.);
#7962 = FACE_BOUND('',#7963,.T.);
#7963 = EDGE_LOOP('',(#7964,#7974,#7982,#7990));
#7964 = ORIENTED_EDGE('',*,*,#7965,.F.);
#7965 = EDGE_CURVE('',#7966,#7968,#7970,.T.);
#7966 = VERTEX_POINT('',#7967);
#7967 = CARTESIAN_POINT('',(0.3,-0.93,0.));
#7968 = VERTEX_POINT('',#7969);
#7969 = CARTESIAN_POINT('',(0.2,-0.93,0.));
#7970 = LINE('',#7971,#7972);
#7971 = CARTESIAN_POINT('',(0.275,-0.93,0.));
#7972 = VECTOR('',#7973,1.);
#7973 = DIRECTION('',(-1.,0.,0.));
#7974 = ORIENTED_EDGE('',*,*,#7975,.T.);
#7975 = EDGE_CURVE('',#7966,#7976,#7978,.T.);
#7976 = VERTEX_POINT('',#7977);
#7977 = CARTESIAN_POINT('',(0.3,-0.93,2.5E-02));
#7978 = LINE('',#7979,#7980);
#7979 = CARTESIAN_POINT('',(0.3,-0.93,0.));
#7980 = VECTOR('',#7981,1.);
#7981 = DIRECTION('',(0.,0.,1.));
#7982 = ORIENTED_EDGE('',*,*,#7983,.T.);
#7983 = EDGE_CURVE('',#7976,#7984,#7986,.T.);
#7984 = VERTEX_POINT('',#7985);
#7985 = CARTESIAN_POINT('',(0.2,-0.93,2.5E-02));
#7986 = LINE('',#7987,#7988);
#7987 = CARTESIAN_POINT('',(0.2,-0.93,2.5E-02));
#7988 = VECTOR('',#7989,1.);
#7989 = DIRECTION('',(-1.,0.,0.));
#7990 = ORIENTED_EDGE('',*,*,#7991,.F.);
#7991 = EDGE_CURVE('',#7968,#7984,#7992,.T.);
#7992 = LINE('',#7993,#7994);
#7993 = CARTESIAN_POINT('',(0.2,-0.93,0.));
#7994 = VECTOR('',#7995,1.);
#7995 = DIRECTION('',(0.,0.,1.));
#7996 = PLANE('',#7997);
#7997 = AXIS2_PLACEMENT_3D('',#7998,#7999,#8000);
#7998 = CARTESIAN_POINT('',(0.3,-0.93,0.));
#7999 = DIRECTION('',(0.,1.,0.));
#8000 = DIRECTION('',(-1.,0.,0.));
#8001 = ADVANCED_FACE('',(#8002),#8027,.F.);
#8002 = FACE_BOUND('',#8003,.T.);
#8003 = EDGE_LOOP('',(#8004,#8014,#8020,#8021));
#8004 = ORIENTED_EDGE('',*,*,#8005,.F.);
#8005 = EDGE_CURVE('',#8006,#8008,#8010,.T.);
#8006 = VERTEX_POINT('',#8007);
#8007 = CARTESIAN_POINT('',(0.3,-1.,2.5E-02));
#8008 = VERTEX_POINT('',#8009);
#8009 = CARTESIAN_POINT('',(0.3,-1.,0.));
#8010 = LINE('',#8011,#8012);
#8011 = CARTESIAN_POINT('',(0.3,-1.,0.));
#8012 = VECTOR('',#8013,1.);
#8013 = DIRECTION('',(0.,0.,-1.));
#8014 = ORIENTED_EDGE('',*,*,#8015,.T.);
#8015 = EDGE_CURVE('',#8006,#7976,#8016,.T.);
#8016 = LINE('',#8017,#8018);
#8017 = CARTESIAN_POINT('',(0.3,-0.93,2.5E-02));
#8018 = VECTOR('',#8019,1.);
#8019 = DIRECTION('',(0.,1.,0.));
#8020 = ORIENTED_EDGE('',*,*,#7975,.F.);
#8021 = ORIENTED_EDGE('',*,*,#8022,.F.);
#8022 = EDGE_CURVE('',#8008,#7966,#8023,.T.);
#8023 = LINE('',#8024,#8025);
#8024 = CARTESIAN_POINT('',(0.3,-0.935,0.));
#8025 = VECTOR('',#8026,1.);
#8026 = DIRECTION('',(0.,1.,0.));
#8027 = PLANE('',#8028);
#8028 = AXIS2_PLACEMENT_3D('',#8029,#8030,#8031);
#8029 = CARTESIAN_POINT('',(0.3,-1.07,0.));
#8030 = DIRECTION('',(1.,0.,0.));
#8031 = DIRECTION('',(-0.,1.,0.));
#8032 = ADVANCED_FACE('',(#8033),#8058,.F.);
#8033 = FACE_BOUND('',#8034,.T.);
#8034 = EDGE_LOOP('',(#8035,#8045,#8051,#8052));
#8035 = ORIENTED_EDGE('',*,*,#8036,.F.);
#8036 = EDGE_CURVE('',#8037,#8039,#8041,.T.);
#8037 = VERTEX_POINT('',#8038);
#8038 = CARTESIAN_POINT('',(0.2,-1.,0.));
#8039 = VERTEX_POINT('',#8040);
#8040 = CARTESIAN_POINT('',(0.2,-1.,2.5E-02));
#8041 = LINE('',#8042,#8043);
#8042 = CARTESIAN_POINT('',(0.2,-1.,0.));
#8043 = VECTOR('',#8044,1.);
#8044 = DIRECTION('',(0.,0.,1.));
#8045 = ORIENTED_EDGE('',*,*,#8046,.F.);
#8046 = EDGE_CURVE('',#7968,#8037,#8047,.T.);
#8047 = LINE('',#8048,#8049);
#8048 = CARTESIAN_POINT('',(0.2,-0.865,0.));
#8049 = VECTOR('',#8050,1.);
#8050 = DIRECTION('',(0.,-1.,0.));
#8051 = ORIENTED_EDGE('',*,*,#7991,.T.);
#8052 = ORIENTED_EDGE('',*,*,#8053,.T.);
#8053 = EDGE_CURVE('',#7984,#8039,#8054,.T.);
#8054 = LINE('',#8055,#8056);
#8055 = CARTESIAN_POINT('',(0.2,-1.07,2.5E-02));
#8056 = VECTOR('',#8057,1.);
#8057 = DIRECTION('',(0.,-1.,0.));
#8058 = PLANE('',#8059);
#8059 = AXIS2_PLACEMENT_3D('',#8060,#8061,#8062);
#8060 = CARTESIAN_POINT('',(0.2,-0.93,0.));
#8061 = DIRECTION('',(-1.,0.,0.));
#8062 = DIRECTION('',(0.,-1.,0.));
#8063 = ADVANCED_FACE('',(#8064),#8075,.F.);
#8064 = FACE_BOUND('',#8065,.T.);
#8065 = EDGE_LOOP('',(#8066,#8072,#8073,#8074));
#8066 = ORIENTED_EDGE('',*,*,#8067,.F.);
#8067 = EDGE_CURVE('',#8039,#8006,#8068,.T.);
#8068 = LINE('',#8069,#8070);
#8069 = CARTESIAN_POINT('',(0.1875,-1.,2.5E-02));
#8070 = VECTOR('',#8071,1.);
#8071 = DIRECTION('',(1.,0.,0.));
#8072 = ORIENTED_EDGE('',*,*,#8053,.F.);
#8073 = ORIENTED_EDGE('',*,*,#7983,.F.);
#8074 = ORIENTED_EDGE('',*,*,#8015,.F.);
#8075 = PLANE('',#8076);
#8076 = AXIS2_PLACEMENT_3D('',#8077,#8078,#8079);
#8077 = CARTESIAN_POINT('',(0.25,-1.,2.5E-02));
#8078 = DIRECTION('',(0.,0.,1.));
#8079 = DIRECTION('',(1.,0.,-0.));
#8080 = ADVANCED_FACE('',(#8081),#8124,.F.);
#8081 = FACE_BOUND('',#8082,.T.);
#8082 = EDGE_LOOP('',(#8083,#8084,#8085,#8086,#8094,#8102,#8110,#8118));
#8083 = ORIENTED_EDGE('',*,*,#8022,.T.);
#8084 = ORIENTED_EDGE('',*,*,#7965,.T.);
#8085 = ORIENTED_EDGE('',*,*,#8046,.T.);
#8086 = ORIENTED_EDGE('',*,*,#8087,.F.);
#8087 = EDGE_CURVE('',#8088,#8037,#8090,.T.);
#8088 = VERTEX_POINT('',#8089);
#8089 = CARTESIAN_POINT('',(0.125,-1.,0.));
#8090 = LINE('',#8091,#8092);
#8091 = CARTESIAN_POINT('',(0.125,-1.,0.));
#8092 = VECTOR('',#8093,1.);
#8093 = DIRECTION('',(1.,0.,0.));
#8094 = ORIENTED_EDGE('',*,*,#8095,.F.);
#8095 = EDGE_CURVE('',#8096,#8088,#8098,.T.);
#8096 = VERTEX_POINT('',#8097);
#8097 = CARTESIAN_POINT('',(0.125,-0.6,0.));
#8098 = LINE('',#8099,#8100);
#8099 = CARTESIAN_POINT('',(0.125,-0.6,0.));
#8100 = VECTOR('',#8101,1.);
#8101 = DIRECTION('',(-1.301042606983E-16,-1.,0.));
#8102 = ORIENTED_EDGE('',*,*,#8103,.F.);
#8103 = EDGE_CURVE('',#8104,#8096,#8106,.T.);
#8104 = VERTEX_POINT('',#8105);
#8105 = CARTESIAN_POINT('',(0.375,-0.6,0.));
#8106 = LINE('',#8107,#8108);
#8107 = CARTESIAN_POINT('',(0.375,-0.6,0.));
#8108 = VECTOR('',#8109,1.);
#8109 = DIRECTION('',(-1.,2.775557561563E-16,0.));
#8110 = ORIENTED_EDGE('',*,*,#8111,.F.);
#8111 = EDGE_CURVE('',#8112,#8104,#8114,.T.);
#8112 = VERTEX_POINT('',#8113);
#8113 = CARTESIAN_POINT('',(0.375,-1.,0.));
#8114 = LINE('',#8115,#8116);
#8115 = CARTESIAN_POINT('',(0.375,-1.,0.));
#8116 = VECTOR('',#8117,1.);
#8117 = DIRECTION('',(1.734723475977E-16,1.,0.));
#8118 = ORIENTED_EDGE('',*,*,#8119,.F.);
#8119 = EDGE_CURVE('',#8008,#8112,#8120,.T.);
#8120 = LINE('',#8121,#8122);
#8121 = CARTESIAN_POINT('',(0.125,-1.,0.));
#8122 = VECTOR('',#8123,1.);
#8123 = DIRECTION('',(1.,0.,0.));
#8124 = PLANE('',#8125);
#8125 = AXIS2_PLACEMENT_3D('',#8126,#8127,#8128);
#8126 = CARTESIAN_POINT('',(0.25,-0.8,0.));
#8127 = DIRECTION('',(0.,0.,1.));
#8128 = DIRECTION('',(1.,0.,-0.));
#8129 = ADVANCED_FACE('',(#8130),#8155,.T.);
#8130 = FACE_BOUND('',#8131,.T.);
#8131 = EDGE_LOOP('',(#8132,#8133,#8141,#8149));
#8132 = ORIENTED_EDGE('',*,*,#8111,.T.);
#8133 = ORIENTED_EDGE('',*,*,#8134,.T.);
#8134 = EDGE_CURVE('',#8104,#8135,#8137,.T.);
#8135 = VERTEX_POINT('',#8136);
#8136 = CARTESIAN_POINT('',(0.375,-0.6,5.E-02));
#8137 = LINE('',#8138,#8139);
#8138 = CARTESIAN_POINT('',(0.375,-0.6,0.));
#8139 = VECTOR('',#8140,1.);
#8140 = DIRECTION('',(0.,0.,1.));
#8141 = ORIENTED_EDGE('',*,*,#8142,.F.);
#8142 = EDGE_CURVE('',#8143,#8135,#8145,.T.);
#8143 = VERTEX_POINT('',#8144);
#8144 = CARTESIAN_POINT('',(0.375,-1.,5.E-02));
#8145 = LINE('',#8146,#8147);
#8146 = CARTESIAN_POINT('',(0.375,-1.,5.E-02));
#8147 = VECTOR('',#8148,1.);
#8148 = DIRECTION('',(1.734723475977E-16,1.,0.));
#8149 = ORIENTED_EDGE('',*,*,#8150,.F.);
#8150 = EDGE_CURVE('',#8112,#8143,#8151,.T.);
#8151 = LINE('',#8152,#8153);
#8152 = CARTESIAN_POINT('',(0.375,-1.,0.));
#8153 = VECTOR('',#8154,1.);
#8154 = DIRECTION('',(0.,0.,1.));
#8155 = PLANE('',#8156);
#8156 = AXIS2_PLACEMENT_3D('',#8157,#8158,#8159);
#8157 = CARTESIAN_POINT('',(0.375,-1.,0.));
#8158 = DIRECTION('',(1.,-1.734723475977E-16,0.));
#8159 = DIRECTION('',(1.734723475977E-16,1.,0.));
#8160 = ADVANCED_FACE('',(#8161),#8183,.T.);
#8161 = FACE_BOUND('',#8162,.T.);
#8162 = EDGE_LOOP('',(#8163,#8164,#8165,#8166,#8174,#8180,#8181,#8182));
#8163 = ORIENTED_EDGE('',*,*,#8005,.T.);
#8164 = ORIENTED_EDGE('',*,*,#8119,.T.);
#8165 = ORIENTED_EDGE('',*,*,#8150,.T.);
#8166 = ORIENTED_EDGE('',*,*,#8167,.F.);
#8167 = EDGE_CURVE('',#8168,#8143,#8170,.T.);
#8168 = VERTEX_POINT('',#8169);
#8169 = CARTESIAN_POINT('',(0.125,-1.,5.E-02));
#8170 = LINE('',#8171,#8172);
#8171 = CARTESIAN_POINT('',(0.125,-1.,5.E-02));
#8172 = VECTOR('',#8173,1.);
#8173 = DIRECTION('',(1.,0.,0.));
#8174 = ORIENTED_EDGE('',*,*,#8175,.F.);
#8175 = EDGE_CURVE('',#8088,#8168,#8176,.T.);
#8176 = LINE('',#8177,#8178);
#8177 = CARTESIAN_POINT('',(0.125,-1.,0.));
#8178 = VECTOR('',#8179,1.);
#8179 = DIRECTION('',(0.,0.,1.));
#8180 = ORIENTED_EDGE('',*,*,#8087,.T.);
#8181 = ORIENTED_EDGE('',*,*,#8036,.T.);
#8182 = ORIENTED_EDGE('',*,*,#8067,.T.);
#8183 = PLANE('',#8184);
#8184 = AXIS2_PLACEMENT_3D('',#8185,#8186,#8187);
#8185 = CARTESIAN_POINT('',(0.125,-1.,0.));
#8186 = DIRECTION('',(0.,-1.,0.));
#8187 = DIRECTION('',(1.,0.,0.));
#8188 = ADVANCED_FACE('',(#8189),#8207,.T.);
#8189 = FACE_BOUND('',#8190,.T.);
#8190 = EDGE_LOOP('',(#8191,#8192,#8193,#8201));
#8191 = ORIENTED_EDGE('',*,*,#8095,.T.);
#8192 = ORIENTED_EDGE('',*,*,#8175,.T.);
#8193 = ORIENTED_EDGE('',*,*,#8194,.F.);
#8194 = EDGE_CURVE('',#8195,#8168,#8197,.T.);
#8195 = VERTEX_POINT('',#8196);
#8196 = CARTESIAN_POINT('',(0.125,-0.6,5.E-02));
#8197 = LINE('',#8198,#8199);
#8198 = CARTESIAN_POINT('',(0.125,-0.6,5.E-02));
#8199 = VECTOR('',#8200,1.);
#8200 = DIRECTION('',(-1.301042606983E-16,-1.,0.));
#8201 = ORIENTED_EDGE('',*,*,#8202,.F.);
#8202 = EDGE_CURVE('',#8096,#8195,#8203,.T.);
#8203 = LINE('',#8204,#8205);
#8204 = CARTESIAN_POINT('',(0.125,-0.6,0.));
#8205 = VECTOR('',#8206,1.);
#8206 = DIRECTION('',(0.,0.,1.));
#8207 = PLANE('',#8208);
#8208 = AXIS2_PLACEMENT_3D('',#8209,#8210,#8211);
#8209 = CARTESIAN_POINT('',(0.125,-0.6,0.));
#8210 = DIRECTION('',(-1.,1.301042606983E-16,0.));
#8211 = DIRECTION('',(-1.301042606983E-16,-1.,0.));
#8212 = ADVANCED_FACE('',(#8213),#8224,.T.);
#8213 = FACE_BOUND('',#8214,.T.);
#8214 = EDGE_LOOP('',(#8215,#8216,#8217,#8223));
#8215 = ORIENTED_EDGE('',*,*,#8103,.T.);
#8216 = ORIENTED_EDGE('',*,*,#8202,.T.);
#8217 = ORIENTED_EDGE('',*,*,#8218,.F.);
#8218 = EDGE_CURVE('',#8135,#8195,#8219,.T.);
#8219 = LINE('',#8220,#8221);
#8220 = CARTESIAN_POINT('',(0.375,-0.6,5.E-02));
#8221 = VECTOR('',#8222,1.);
#8222 = DIRECTION('',(-1.,2.775557561563E-16,0.));
#8223 = ORIENTED_EDGE('',*,*,#8134,.F.);
#8224 = PLANE('',#8225);
#8225 = AXIS2_PLACEMENT_3D('',#8226,#8227,#8228);
#8226 = CARTESIAN_POINT('',(0.375,-0.6,0.));
#8227 = DIRECTION('',(2.775557561563E-16,1.,0.));
#8228 = DIRECTION('',(-1.,2.775557561563E-16,0.));
#8229 = ADVANCED_FACE('',(#8230),#8236,.T.);
#8230 = FACE_BOUND('',#8231,.T.);
#8231 = EDGE_LOOP('',(#8232,#8233,#8234,#8235));
#8232 = ORIENTED_EDGE('',*,*,#8218,.T.);
#8233 = ORIENTED_EDGE('',*,*,#8194,.T.);
#8234 = ORIENTED_EDGE('',*,*,#8167,.T.);
#8235 = ORIENTED_EDGE('',*,*,#8142,.T.);
#8236 = PLANE('',#8237);
#8237 = AXIS2_PLACEMENT_3D('',#8238,#8239,#8240);
#8238 = CARTESIAN_POINT('',(0.25,-0.8,5.E-02));
#8239 = DIRECTION('',(0.,0.,1.));
#8240 = DIRECTION('',(1.,0.,-0.));
#8241 = MANIFOLD_SOLID_BREP('',#8242);
#8242 = CLOSED_SHELL('',(#8243,#8283,#8314,#8338,#8362,#8411,#8442,#8473
    ,#8495,#8507));
#8243 = ADVANCED_FACE('',(#8244),#8278,.F.);
#8244 = FACE_BOUND('',#8245,.T.);
#8245 = EDGE_LOOP('',(#8246,#8256,#8264,#8272));
#8246 = ORIENTED_EDGE('',*,*,#8247,.F.);
#8247 = EDGE_CURVE('',#8248,#8250,#8252,.T.);
#8248 = VERTEX_POINT('',#8249);
#8249 = CARTESIAN_POINT('',(1.,-0.3,0.));
#8250 = VERTEX_POINT('',#8251);
#8251 = CARTESIAN_POINT('',(1.,-0.3,2.5E-02));
#8252 = LINE('',#8253,#8254);
#8253 = CARTESIAN_POINT('',(1.,-0.3,0.));
#8254 = VECTOR('',#8255,1.);
#8255 = DIRECTION('',(0.,0.,1.));
#8256 = ORIENTED_EDGE('',*,*,#8257,.F.);
#8257 = EDGE_CURVE('',#8258,#8248,#8260,.T.);
#8258 = VERTEX_POINT('',#8259);
#8259 = CARTESIAN_POINT('',(0.93,-0.3,0.));
#8260 = LINE('',#8261,#8262);
#8261 = CARTESIAN_POINT('',(0.865,-0.3,0.));
#8262 = VECTOR('',#8263,1.);
#8263 = DIRECTION('',(1.,2.478176394253E-16,0.));
#8264 = ORIENTED_EDGE('',*,*,#8265,.T.);
#8265 = EDGE_CURVE('',#8258,#8266,#8268,.T.);
#8266 = VERTEX_POINT('',#8267);
#8267 = CARTESIAN_POINT('',(0.93,-0.3,2.5E-02));
#8268 = LINE('',#8269,#8270);
#8269 = CARTESIAN_POINT('',(0.93,-0.3,0.));
#8270 = VECTOR('',#8271,1.);
#8271 = DIRECTION('',(0.,0.,1.));
#8272 = ORIENTED_EDGE('',*,*,#8273,.T.);
#8273 = EDGE_CURVE('',#8266,#8250,#8274,.T.);
#8274 = LINE('',#8275,#8276);
#8275 = CARTESIAN_POINT('',(1.07,-0.3,2.5E-02));
#8276 = VECTOR('',#8277,1.);
#8277 = DIRECTION('',(1.,2.478176394253E-16,0.));
#8278 = PLANE('',#8279);
#8279 = AXIS2_PLACEMENT_3D('',#8280,#8281,#8282);
#8280 = CARTESIAN_POINT('',(0.93,-0.3,0.));
#8281 = DIRECTION('',(2.478176394253E-16,-1.,0.));
#8282 = DIRECTION('',(1.,2.478176394253E-16,0.));
#8283 = ADVANCED_FACE('',(#8284),#8309,.F.);
#8284 = FACE_BOUND('',#8285,.T.);
#8285 = EDGE_LOOP('',(#8286,#8294,#8295,#8303));
#8286 = ORIENTED_EDGE('',*,*,#8287,.F.);
#8287 = EDGE_CURVE('',#8250,#8288,#8290,.T.);
#8288 = VERTEX_POINT('',#8289);
#8289 = CARTESIAN_POINT('',(1.,-0.2,2.5E-02));
#8290 = LINE('',#8291,#8292);
#8291 = CARTESIAN_POINT('',(1.,-0.3125,2.5E-02));
#8292 = VECTOR('',#8293,1.);
#8293 = DIRECTION('',(0.,1.,0.));
#8294 = ORIENTED_EDGE('',*,*,#8273,.F.);
#8295 = ORIENTED_EDGE('',*,*,#8296,.F.);
#8296 = EDGE_CURVE('',#8297,#8266,#8299,.T.);
#8297 = VERTEX_POINT('',#8298);
#8298 = CARTESIAN_POINT('',(0.93,-0.2,2.5E-02));
#8299 = LINE('',#8300,#8301);
#8300 = CARTESIAN_POINT('',(0.93,-0.3,2.5E-02));
#8301 = VECTOR('',#8302,1.);
#8302 = DIRECTION('',(0.,-1.,0.));
#8303 = ORIENTED_EDGE('',*,*,#8304,.F.);
#8304 = EDGE_CURVE('',#8288,#8297,#8305,.T.);
#8305 = LINE('',#8306,#8307);
#8306 = CARTESIAN_POINT('',(0.93,-0.2,2.5E-02));
#8307 = VECTOR('',#8308,1.);
#8308 = DIRECTION('',(-1.,-4.956352788505E-16,0.));
#8309 = PLANE('',#8310);
#8310 = AXIS2_PLACEMENT_3D('',#8311,#8312,#8313);
#8311 = CARTESIAN_POINT('',(1.,-0.25,2.5E-02));
#8312 = DIRECTION('',(0.,0.,1.));
#8313 = DIRECTION('',(1.,0.,-0.));
#8314 = ADVANCED_FACE('',(#8315),#8333,.F.);
#8315 = FACE_BOUND('',#8316,.T.);
#8316 = EDGE_LOOP('',(#8317,#8325,#8331,#8332));
#8317 = ORIENTED_EDGE('',*,*,#8318,.F.);
#8318 = EDGE_CURVE('',#8319,#8258,#8321,.T.);
#8319 = VERTEX_POINT('',#8320);
#8320 = CARTESIAN_POINT('',(0.93,-0.2,0.));
#8321 = LINE('',#8322,#8323);
#8322 = CARTESIAN_POINT('',(0.93,-0.225,0.));
#8323 = VECTOR('',#8324,1.);
#8324 = DIRECTION('',(0.,-1.,0.));
#8325 = ORIENTED_EDGE('',*,*,#8326,.T.);
#8326 = EDGE_CURVE('',#8319,#8297,#8327,.T.);
#8327 = LINE('',#8328,#8329);
#8328 = CARTESIAN_POINT('',(0.93,-0.2,0.));
#8329 = VECTOR('',#8330,1.);
#8330 = DIRECTION('',(0.,0.,1.));
#8331 = ORIENTED_EDGE('',*,*,#8296,.T.);
#8332 = ORIENTED_EDGE('',*,*,#8265,.F.);
#8333 = PLANE('',#8334);
#8334 = AXIS2_PLACEMENT_3D('',#8335,#8336,#8337);
#8335 = CARTESIAN_POINT('',(0.93,-0.2,0.));
#8336 = DIRECTION('',(-1.,0.,0.));
#8337 = DIRECTION('',(0.,-1.,0.));
#8338 = ADVANCED_FACE('',(#8339),#8357,.F.);
#8339 = FACE_BOUND('',#8340,.T.);
#8340 = EDGE_LOOP('',(#8341,#8349,#8350,#8351));
#8341 = ORIENTED_EDGE('',*,*,#8342,.F.);
#8342 = EDGE_CURVE('',#8288,#8343,#8345,.T.);
#8343 = VERTEX_POINT('',#8344);
#8344 = CARTESIAN_POINT('',(1.,-0.2,0.));
#8345 = LINE('',#8346,#8347);
#8346 = CARTESIAN_POINT('',(1.,-0.2,0.));
#8347 = VECTOR('',#8348,1.);
#8348 = DIRECTION('',(0.,0.,-1.));
#8349 = ORIENTED_EDGE('',*,*,#8304,.T.);
#8350 = ORIENTED_EDGE('',*,*,#8326,.F.);
#8351 = ORIENTED_EDGE('',*,*,#8352,.F.);
#8352 = EDGE_CURVE('',#8343,#8319,#8353,.T.);
#8353 = LINE('',#8354,#8355);
#8354 = CARTESIAN_POINT('',(0.935,-0.2,0.));
#8355 = VECTOR('',#8356,1.);
#8356 = DIRECTION('',(-1.,-4.956352788505E-16,0.));
#8357 = PLANE('',#8358);
#8358 = AXIS2_PLACEMENT_3D('',#8359,#8360,#8361);
#8359 = CARTESIAN_POINT('',(1.07,-0.2,0.));
#8360 = DIRECTION('',(-4.956352788505E-16,1.,0.));
#8361 = DIRECTION('',(-1.,-4.956352788505E-16,0.));
#8362 = ADVANCED_FACE('',(#8363),#8406,.T.);
#8363 = FACE_BOUND('',#8364,.T.);
#8364 = EDGE_LOOP('',(#8365,#8366,#8367,#8368,#8376,#8384,#8392,#8400));
#8365 = ORIENTED_EDGE('',*,*,#8247,.T.);
#8366 = ORIENTED_EDGE('',*,*,#8287,.T.);
#8367 = ORIENTED_EDGE('',*,*,#8342,.T.);
#8368 = ORIENTED_EDGE('',*,*,#8369,.T.);
#8369 = EDGE_CURVE('',#8343,#8370,#8372,.T.);
#8370 = VERTEX_POINT('',#8371);
#8371 = CARTESIAN_POINT('',(1.,-0.125,0.));
#8372 = LINE('',#8373,#8374);
#8373 = CARTESIAN_POINT('',(1.,-0.375,0.));
#8374 = VECTOR('',#8375,1.);
#8375 = DIRECTION('',(0.,1.,0.));
#8376 = ORIENTED_EDGE('',*,*,#8377,.T.);
#8377 = EDGE_CURVE('',#8370,#8378,#8380,.T.);
#8378 = VERTEX_POINT('',#8379);
#8379 = CARTESIAN_POINT('',(1.,-0.125,5.E-02));
#8380 = LINE('',#8381,#8382);
#8381 = CARTESIAN_POINT('',(1.,-0.125,0.));
#8382 = VECTOR('',#8383,1.);
#8383 = DIRECTION('',(0.,0.,1.));
#8384 = ORIENTED_EDGE('',*,*,#8385,.F.);
#8385 = EDGE_CURVE('',#8386,#8378,#8388,.T.);
#8386 = VERTEX_POINT('',#8387);
#8387 = CARTESIAN_POINT('',(1.,-0.375,5.E-02));
#8388 = LINE('',#8389,#8390);
#8389 = CARTESIAN_POINT('',(1.,-0.375,5.E-02));
#8390 = VECTOR('',#8391,1.);
#8391 = DIRECTION('',(0.,1.,0.));
#8392 = ORIENTED_EDGE('',*,*,#8393,.F.);
#8393 = EDGE_CURVE('',#8394,#8386,#8396,.T.);
#8394 = VERTEX_POINT('',#8395);
#8395 = CARTESIAN_POINT('',(1.,-0.375,0.));
#8396 = LINE('',#8397,#8398);
#8397 = CARTESIAN_POINT('',(1.,-0.375,0.));
#8398 = VECTOR('',#8399,1.);
#8399 = DIRECTION('',(0.,0.,1.));
#8400 = ORIENTED_EDGE('',*,*,#8401,.T.);
#8401 = EDGE_CURVE('',#8394,#8248,#8402,.T.);
#8402 = LINE('',#8403,#8404);
#8403 = CARTESIAN_POINT('',(1.,-0.375,0.));
#8404 = VECTOR('',#8405,1.);
#8405 = DIRECTION('',(0.,1.,0.));
#8406 = PLANE('',#8407);
#8407 = AXIS2_PLACEMENT_3D('',#8408,#8409,#8410);
#8408 = CARTESIAN_POINT('',(1.,-0.375,0.));
#8409 = DIRECTION('',(1.,0.,0.));
#8410 = DIRECTION('',(-0.,1.,0.));
#8411 = ADVANCED_FACE('',(#8412),#8437,.T.);
#8412 = FACE_BOUND('',#8413,.T.);
#8413 = EDGE_LOOP('',(#8414,#8422,#8430,#8436));
#8414 = ORIENTED_EDGE('',*,*,#8415,.T.);
#8415 = EDGE_CURVE('',#8370,#8416,#8418,.T.);
#8416 = VERTEX_POINT('',#8417);
#8417 = CARTESIAN_POINT('',(0.6,-0.125,0.));
#8418 = LINE('',#8419,#8420);
#8419 = CARTESIAN_POINT('',(1.,-0.125,0.));
#8420 = VECTOR('',#8421,1.);
#8421 = DIRECTION('',(-1.,0.,0.));
#8422 = ORIENTED_EDGE('',*,*,#8423,.T.);
#8423 = EDGE_CURVE('',#8416,#8424,#8426,.T.);
#8424 = VERTEX_POINT('',#8425);
#8425 = CARTESIAN_POINT('',(0.6,-0.125,5.E-02));
#8426 = LINE('',#8427,#8428);
#8427 = CARTESIAN_POINT('',(0.6,-0.125,0.));
#8428 = VECTOR('',#8429,1.);
#8429 = DIRECTION('',(0.,0.,1.));
#8430 = ORIENTED_EDGE('',*,*,#8431,.F.);
#8431 = EDGE_CURVE('',#8378,#8424,#8432,.T.);
#8432 = LINE('',#8433,#8434);
#8433 = CARTESIAN_POINT('',(1.,-0.125,5.E-02));
#8434 = VECTOR('',#8435,1.);
#8435 = DIRECTION('',(-1.,0.,0.));
#8436 = ORIENTED_EDGE('',*,*,#8377,.F.);
#8437 = PLANE('',#8438);
#8438 = AXIS2_PLACEMENT_3D('',#8439,#8440,#8441);
#8439 = CARTESIAN_POINT('',(1.,-0.125,0.));
#8440 = DIRECTION('',(0.,1.,0.));
#8441 = DIRECTION('',(-1.,0.,0.));
#8442 = ADVANCED_FACE('',(#8443),#8468,.T.);
#8443 = FACE_BOUND('',#8444,.T.);
#8444 = EDGE_LOOP('',(#8445,#8453,#8454,#8462));
#8445 = ORIENTED_EDGE('',*,*,#8446,.T.);
#8446 = EDGE_CURVE('',#8447,#8394,#8449,.T.);
#8447 = VERTEX_POINT('',#8448);
#8448 = CARTESIAN_POINT('',(0.6,-0.375,0.));
#8449 = LINE('',#8450,#8451);
#8450 = CARTESIAN_POINT('',(0.6,-0.375,0.));
#8451 = VECTOR('',#8452,1.);
#8452 = DIRECTION('',(1.,0.,0.));
#8453 = ORIENTED_EDGE('',*,*,#8393,.T.);
#8454 = ORIENTED_EDGE('',*,*,#8455,.F.);
#8455 = EDGE_CURVE('',#8456,#8386,#8458,.T.);
#8456 = VERTEX_POINT('',#8457);
#8457 = CARTESIAN_POINT('',(0.6,-0.375,5.E-02));
#8458 = LINE('',#8459,#8460);
#8459 = CARTESIAN_POINT('',(0.6,-0.375,5.E-02));
#8460 = VECTOR('',#8461,1.);
#8461 = DIRECTION('',(1.,0.,0.));
#8462 = ORIENTED_EDGE('',*,*,#8463,.F.);
#8463 = EDGE_CURVE('',#8447,#8456,#8464,.T.);
#8464 = LINE('',#8465,#8466);
#8465 = CARTESIAN_POINT('',(0.6,-0.375,0.));
#8466 = VECTOR('',#8467,1.);
#8467 = DIRECTION('',(0.,0.,1.));
#8468 = PLANE('',#8469);
#8469 = AXIS2_PLACEMENT_3D('',#8470,#8471,#8472);
#8470 = CARTESIAN_POINT('',(0.6,-0.375,0.));
#8471 = DIRECTION('',(0.,-1.,0.));
#8472 = DIRECTION('',(1.,0.,0.));
#8473 = ADVANCED_FACE('',(#8474),#8490,.T.);
#8474 = FACE_BOUND('',#8475,.T.);
#8475 = EDGE_LOOP('',(#8476,#8482,#8483,#8489));
#8476 = ORIENTED_EDGE('',*,*,#8477,.T.);
#8477 = EDGE_CURVE('',#8416,#8447,#8478,.T.);
#8478 = LINE('',#8479,#8480);
#8479 = CARTESIAN_POINT('',(0.6,-0.125,0.));
#8480 = VECTOR('',#8481,1.);
#8481 = DIRECTION('',(0.,-1.,0.));
#8482 = ORIENTED_EDGE('',*,*,#8463,.T.);
#8483 = ORIENTED_EDGE('',*,*,#8484,.F.);
#8484 = EDGE_CURVE('',#8424,#8456,#8485,.T.);
#8485 = LINE('',#8486,#8487);
#8486 = CARTESIAN_POINT('',(0.6,-0.125,5.E-02));
#8487 = VECTOR('',#8488,1.);
#8488 = DIRECTION('',(0.,-1.,0.));
#8489 = ORIENTED_EDGE('',*,*,#8423,.F.);
#8490 = PLANE('',#8491);
#8491 = AXIS2_PLACEMENT_3D('',#8492,#8493,#8494);
#8492 = CARTESIAN_POINT('',(0.6,-0.125,0.));
#8493 = DIRECTION('',(-1.,0.,0.));
#8494 = DIRECTION('',(0.,-1.,0.));
#8495 = ADVANCED_FACE('',(#8496),#8502,.T.);
#8496 = FACE_BOUND('',#8497,.T.);
#8497 = EDGE_LOOP('',(#8498,#8499,#8500,#8501));
#8498 = ORIENTED_EDGE('',*,*,#8484,.T.);
#8499 = ORIENTED_EDGE('',*,*,#8455,.T.);
#8500 = ORIENTED_EDGE('',*,*,#8385,.T.);
#8501 = ORIENTED_EDGE('',*,*,#8431,.T.);
#8502 = PLANE('',#8503);
#8503 = AXIS2_PLACEMENT_3D('',#8504,#8505,#8506);
#8504 = CARTESIAN_POINT('',(0.8,-0.25,5.E-02));
#8505 = DIRECTION('',(0.,0.,1.));
#8506 = DIRECTION('',(1.,0.,-0.));
#8507 = ADVANCED_FACE('',(#8508),#8518,.F.);
#8508 = FACE_BOUND('',#8509,.T.);
#8509 = EDGE_LOOP('',(#8510,#8511,#8512,#8513,#8514,#8515,#8516,#8517));
#8510 = ORIENTED_EDGE('',*,*,#8257,.T.);
#8511 = ORIENTED_EDGE('',*,*,#8401,.F.);
#8512 = ORIENTED_EDGE('',*,*,#8446,.F.);
#8513 = ORIENTED_EDGE('',*,*,#8477,.F.);
#8514 = ORIENTED_EDGE('',*,*,#8415,.F.);
#8515 = ORIENTED_EDGE('',*,*,#8369,.F.);
#8516 = ORIENTED_EDGE('',*,*,#8352,.T.);
#8517 = ORIENTED_EDGE('',*,*,#8318,.T.);
#8518 = PLANE('',#8519);
#8519 = AXIS2_PLACEMENT_3D('',#8520,#8521,#8522);
#8520 = CARTESIAN_POINT('',(0.8,-0.25,0.));
#8521 = DIRECTION('',(0.,0.,1.));
#8522 = DIRECTION('',(1.,0.,-0.));
#8523 = MANIFOLD_SOLID_BREP('',#8524);
#8524 = CLOSED_SHELL('',(#8525,#8565,#8605,#8627,#8644,#8693,#8724,#8752
    ,#8776,#8793));
#8525 = ADVANCED_FACE('',(#8526),#8560,.F.);
#8526 = FACE_BOUND('',#8527,.T.);
#8527 = EDGE_LOOP('',(#8528,#8538,#8546,#8554));
#8528 = ORIENTED_EDGE('',*,*,#8529,.F.);
#8529 = EDGE_CURVE('',#8530,#8532,#8534,.T.);
#8530 = VERTEX_POINT('',#8531);
#8531 = CARTESIAN_POINT('',(-1.,0.2,2.5E-02));
#8532 = VERTEX_POINT('',#8533);
#8533 = CARTESIAN_POINT('',(-1.,0.2,0.));
#8534 = LINE('',#8535,#8536);
#8535 = CARTESIAN_POINT('',(-1.,0.2,0.));
#8536 = VECTOR('',#8537,1.);
#8537 = DIRECTION('',(0.,0.,-1.));
#8538 = ORIENTED_EDGE('',*,*,#8539,.T.);
#8539 = EDGE_CURVE('',#8530,#8540,#8542,.T.);
#8540 = VERTEX_POINT('',#8541);
#8541 = CARTESIAN_POINT('',(-0.93,0.2,2.5E-02));
#8542 = LINE('',#8543,#8544);
#8543 = CARTESIAN_POINT('',(-0.93,0.2,2.5E-02));
#8544 = VECTOR('',#8545,1.);
#8545 = DIRECTION('',(1.,0.,0.));
#8546 = ORIENTED_EDGE('',*,*,#8547,.F.);
#8547 = EDGE_CURVE('',#8548,#8540,#8550,.T.);
#8548 = VERTEX_POINT('',#8549);
#8549 = CARTESIAN_POINT('',(-0.93,0.2,0.));
#8550 = LINE('',#8551,#8552);
#8551 = CARTESIAN_POINT('',(-0.93,0.2,0.));
#8552 = VECTOR('',#8553,1.);
#8553 = DIRECTION('',(0.,0.,1.));
#8554 = ORIENTED_EDGE('',*,*,#8555,.F.);
#8555 = EDGE_CURVE('',#8532,#8548,#8556,.T.);
#8556 = LINE('',#8557,#8558);
#8557 = CARTESIAN_POINT('',(-0.935,0.2,0.));
#8558 = VECTOR('',#8559,1.);
#8559 = DIRECTION('',(1.,0.,0.));
#8560 = PLANE('',#8561);
#8561 = AXIS2_PLACEMENT_3D('',#8562,#8563,#8564);
#8562 = CARTESIAN_POINT('',(-1.07,0.2,0.));
#8563 = DIRECTION('',(0.,-1.,0.));
#8564 = DIRECTION('',(1.,0.,0.));
#8565 = ADVANCED_FACE('',(#8566),#8600,.F.);
#8566 = FACE_BOUND('',#8567,.T.);
#8567 = EDGE_LOOP('',(#8568,#8578,#8586,#8594));
#8568 = ORIENTED_EDGE('',*,*,#8569,.F.);
#8569 = EDGE_CURVE('',#8570,#8572,#8574,.T.);
#8570 = VERTEX_POINT('',#8571);
#8571 = CARTESIAN_POINT('',(-1.,0.3,0.));
#8572 = VERTEX_POINT('',#8573);
#8573 = CARTESIAN_POINT('',(-1.,0.3,2.5E-02));
#8574 = LINE('',#8575,#8576);
#8575 = CARTESIAN_POINT('',(-1.,0.3,0.));
#8576 = VECTOR('',#8577,1.);
#8577 = DIRECTION('',(0.,0.,1.));
#8578 = ORIENTED_EDGE('',*,*,#8579,.F.);
#8579 = EDGE_CURVE('',#8580,#8570,#8582,.T.);
#8580 = VERTEX_POINT('',#8581);
#8581 = CARTESIAN_POINT('',(-0.93,0.3,0.));
#8582 = LINE('',#8583,#8584);
#8583 = CARTESIAN_POINT('',(-0.865,0.3,0.));
#8584 = VECTOR('',#8585,1.);
#8585 = DIRECTION('',(-1.,0.,0.));
#8586 = ORIENTED_EDGE('',*,*,#8587,.T.);
#8587 = EDGE_CURVE('',#8580,#8588,#8590,.T.);
#8588 = VERTEX_POINT('',#8589);
#8589 = CARTESIAN_POINT('',(-0.93,0.3,2.5E-02));
#8590 = LINE('',#8591,#8592);
#8591 = CARTESIAN_POINT('',(-0.93,0.3,0.));
#8592 = VECTOR('',#8593,1.);
#8593 = DIRECTION('',(0.,0.,1.));
#8594 = ORIENTED_EDGE('',*,*,#8595,.T.);
#8595 = EDGE_CURVE('',#8588,#8572,#8596,.T.);
#8596 = LINE('',#8597,#8598);
#8597 = CARTESIAN_POINT('',(-1.07,0.3,2.5E-02));
#8598 = VECTOR('',#8599,1.);
#8599 = DIRECTION('',(-1.,0.,0.));
#8600 = PLANE('',#8601);
#8601 = AXIS2_PLACEMENT_3D('',#8602,#8603,#8604);
#8602 = CARTESIAN_POINT('',(-0.93,0.3,0.));
#8603 = DIRECTION('',(0.,1.,0.));
#8604 = DIRECTION('',(-1.,0.,0.));
#8605 = ADVANCED_FACE('',(#8606),#8622,.F.);
#8606 = FACE_BOUND('',#8607,.T.);
#8607 = EDGE_LOOP('',(#8608,#8614,#8615,#8621));
#8608 = ORIENTED_EDGE('',*,*,#8609,.F.);
#8609 = EDGE_CURVE('',#8548,#8580,#8610,.T.);
#8610 = LINE('',#8611,#8612);
#8611 = CARTESIAN_POINT('',(-0.93,0.225,0.));
#8612 = VECTOR('',#8613,1.);
#8613 = DIRECTION('',(0.,1.,0.));
#8614 = ORIENTED_EDGE('',*,*,#8547,.T.);
#8615 = ORIENTED_EDGE('',*,*,#8616,.T.);
#8616 = EDGE_CURVE('',#8540,#8588,#8617,.T.);
#8617 = LINE('',#8618,#8619);
#8618 = CARTESIAN_POINT('',(-0.93,0.3,2.5E-02));
#8619 = VECTOR('',#8620,1.);
#8620 = DIRECTION('',(0.,1.,0.));
#8621 = ORIENTED_EDGE('',*,*,#8587,.F.);
#8622 = PLANE('',#8623);
#8623 = AXIS2_PLACEMENT_3D('',#8624,#8625,#8626);
#8624 = CARTESIAN_POINT('',(-0.93,0.2,0.));
#8625 = DIRECTION('',(1.,0.,0.));
#8626 = DIRECTION('',(-0.,1.,0.));
#8627 = ADVANCED_FACE('',(#8628),#8639,.F.);
#8628 = FACE_BOUND('',#8629,.T.);
#8629 = EDGE_LOOP('',(#8630,#8636,#8637,#8638));
#8630 = ORIENTED_EDGE('',*,*,#8631,.F.);
#8631 = EDGE_CURVE('',#8572,#8530,#8632,.T.);
#8632 = LINE('',#8633,#8634);
#8633 = CARTESIAN_POINT('',(-1.,0.3125,2.5E-02));
#8634 = VECTOR('',#8635,1.);
#8635 = DIRECTION('',(0.,-1.,0.));
#8636 = ORIENTED_EDGE('',*,*,#8595,.F.);
#8637 = ORIENTED_EDGE('',*,*,#8616,.F.);
#8638 = ORIENTED_EDGE('',*,*,#8539,.F.);
#8639 = PLANE('',#8640);
#8640 = AXIS2_PLACEMENT_3D('',#8641,#8642,#8643);
#8641 = CARTESIAN_POINT('',(-1.,0.25,2.5E-02));
#8642 = DIRECTION('',(0.,0.,1.));
#8643 = DIRECTION('',(1.,0.,-0.));
#8644 = ADVANCED_FACE('',(#8645),#8688,.F.);
#8645 = FACE_BOUND('',#8646,.T.);
#8646 = EDGE_LOOP('',(#8647,#8648,#8649,#8650,#8658,#8666,#8674,#8682));
#8647 = ORIENTED_EDGE('',*,*,#8555,.T.);
#8648 = ORIENTED_EDGE('',*,*,#8609,.T.);
#8649 = ORIENTED_EDGE('',*,*,#8579,.T.);
#8650 = ORIENTED_EDGE('',*,*,#8651,.F.);
#8651 = EDGE_CURVE('',#8652,#8570,#8654,.T.);
#8652 = VERTEX_POINT('',#8653);
#8653 = CARTESIAN_POINT('',(-1.,0.375,0.));
#8654 = LINE('',#8655,#8656);
#8655 = CARTESIAN_POINT('',(-1.,0.375,0.));
#8656 = VECTOR('',#8657,1.);
#8657 = DIRECTION('',(0.,-1.,0.));
#8658 = ORIENTED_EDGE('',*,*,#8659,.F.);
#8659 = EDGE_CURVE('',#8660,#8652,#8662,.T.);
#8660 = VERTEX_POINT('',#8661);
#8661 = CARTESIAN_POINT('',(-0.6,0.375,0.));
#8662 = LINE('',#8663,#8664);
#8663 = CARTESIAN_POINT('',(-0.6,0.375,0.));
#8664 = VECTOR('',#8665,1.);
#8665 = DIRECTION('',(-1.,1.734723475977E-16,0.));
#8666 = ORIENTED_EDGE('',*,*,#8667,.F.);
#8667 = EDGE_CURVE('',#8668,#8660,#8670,.T.);
#8668 = VERTEX_POINT('',#8669);
#8669 = CARTESIAN_POINT('',(-0.6,0.125,0.));
#8670 = LINE('',#8671,#8672);
#8671 = CARTESIAN_POINT('',(-0.6,0.125,0.));
#8672 = VECTOR('',#8673,1.);
#8673 = DIRECTION('',(2.775557561563E-16,1.,0.));
#8674 = ORIENTED_EDGE('',*,*,#8675,.F.);
#8675 = EDGE_CURVE('',#8676,#8668,#8678,.T.);
#8676 = VERTEX_POINT('',#8677);
#8677 = CARTESIAN_POINT('',(-1.,0.125,0.));
#8678 = LINE('',#8679,#8680);
#8679 = CARTESIAN_POINT('',(-1.,0.125,0.));
#8680 = VECTOR('',#8681,1.);
#8681 = DIRECTION('',(1.,-1.301042606983E-16,0.));
#8682 = ORIENTED_EDGE('',*,*,#8683,.F.);
#8683 = EDGE_CURVE('',#8532,#8676,#8684,.T.);
#8684 = LINE('',#8685,#8686);
#8685 = CARTESIAN_POINT('',(-1.,0.375,0.));
#8686 = VECTOR('',#8687,1.);
#8687 = DIRECTION('',(0.,-1.,0.));
#8688 = PLANE('',#8689);
#8689 = AXIS2_PLACEMENT_3D('',#8690,#8691,#8692);
#8690 = CARTESIAN_POINT('',(-0.8,0.25,0.));
#8691 = DIRECTION('',(0.,0.,1.));
#8692 = DIRECTION('',(1.,0.,-0.));
#8693 = ADVANCED_FACE('',(#8694),#8719,.T.);
#8694 = FACE_BOUND('',#8695,.T.);
#8695 = EDGE_LOOP('',(#8696,#8697,#8705,#8713));
#8696 = ORIENTED_EDGE('',*,*,#8675,.T.);
#8697 = ORIENTED_EDGE('',*,*,#8698,.T.);
#8698 = EDGE_CURVE('',#8668,#8699,#8701,.T.);
#8699 = VERTEX_POINT('',#8700);
#8700 = CARTESIAN_POINT('',(-0.6,0.125,5.E-02));
#8701 = LINE('',#8702,#8703);
#8702 = CARTESIAN_POINT('',(-0.6,0.125,0.));
#8703 = VECTOR('',#8704,1.);
#8704 = DIRECTION('',(0.,0.,1.));
#8705 = ORIENTED_EDGE('',*,*,#8706,.F.);
#8706 = EDGE_CURVE('',#8707,#8699,#8709,.T.);
#8707 = VERTEX_POINT('',#8708);
#8708 = CARTESIAN_POINT('',(-1.,0.125,5.E-02));
#8709 = LINE('',#8710,#8711);
#8710 = CARTESIAN_POINT('',(-1.,0.125,5.E-02));
#8711 = VECTOR('',#8712,1.);
#8712 = DIRECTION('',(1.,-1.301042606983E-16,0.));
#8713 = ORIENTED_EDGE('',*,*,#8714,.F.);
#8714 = EDGE_CURVE('',#8676,#8707,#8715,.T.);
#8715 = LINE('',#8716,#8717);
#8716 = CARTESIAN_POINT('',(-1.,0.125,0.));
#8717 = VECTOR('',#8718,1.);
#8718 = DIRECTION('',(0.,0.,1.));
#8719 = PLANE('',#8720);
#8720 = AXIS2_PLACEMENT_3D('',#8721,#8722,#8723);
#8721 = CARTESIAN_POINT('',(-1.,0.125,0.));
#8722 = DIRECTION('',(-1.301042606983E-16,-1.,0.));
#8723 = DIRECTION('',(1.,-1.301042606983E-16,0.));
#8724 = ADVANCED_FACE('',(#8725),#8747,.T.);
#8725 = FACE_BOUND('',#8726,.T.);
#8726 = EDGE_LOOP('',(#8727,#8728,#8729,#8730,#8738,#8744,#8745,#8746));
#8727 = ORIENTED_EDGE('',*,*,#8529,.T.);
#8728 = ORIENTED_EDGE('',*,*,#8683,.T.);
#8729 = ORIENTED_EDGE('',*,*,#8714,.T.);
#8730 = ORIENTED_EDGE('',*,*,#8731,.F.);
#8731 = EDGE_CURVE('',#8732,#8707,#8734,.T.);
#8732 = VERTEX_POINT('',#8733);
#8733 = CARTESIAN_POINT('',(-1.,0.375,5.E-02));
#8734 = LINE('',#8735,#8736);
#8735 = CARTESIAN_POINT('',(-1.,0.375,5.E-02));
#8736 = VECTOR('',#8737,1.);
#8737 = DIRECTION('',(0.,-1.,0.));
#8738 = ORIENTED_EDGE('',*,*,#8739,.F.);
#8739 = EDGE_CURVE('',#8652,#8732,#8740,.T.);
#8740 = LINE('',#8741,#8742);
#8741 = CARTESIAN_POINT('',(-1.,0.375,0.));
#8742 = VECTOR('',#8743,1.);
#8743 = DIRECTION('',(0.,0.,1.));
#8744 = ORIENTED_EDGE('',*,*,#8651,.T.);
#8745 = ORIENTED_EDGE('',*,*,#8569,.T.);
#8746 = ORIENTED_EDGE('',*,*,#8631,.T.);
#8747 = PLANE('',#8748);
#8748 = AXIS2_PLACEMENT_3D('',#8749,#8750,#8751);
#8749 = CARTESIAN_POINT('',(-1.,0.375,0.));
#8750 = DIRECTION('',(-1.,0.,0.));
#8751 = DIRECTION('',(0.,-1.,0.));
#8752 = ADVANCED_FACE('',(#8753),#8771,.T.);
#8753 = FACE_BOUND('',#8754,.T.);
#8754 = EDGE_LOOP('',(#8755,#8756,#8757,#8765));
#8755 = ORIENTED_EDGE('',*,*,#8659,.T.);
#8756 = ORIENTED_EDGE('',*,*,#8739,.T.);
#8757 = ORIENTED_EDGE('',*,*,#8758,.F.);
#8758 = EDGE_CURVE('',#8759,#8732,#8761,.T.);
#8759 = VERTEX_POINT('',#8760);
#8760 = CARTESIAN_POINT('',(-0.6,0.375,5.E-02));
#8761 = LINE('',#8762,#8763);
#8762 = CARTESIAN_POINT('',(-0.6,0.375,5.E-02));
#8763 = VECTOR('',#8764,1.);
#8764 = DIRECTION('',(-1.,1.734723475977E-16,0.));
#8765 = ORIENTED_EDGE('',*,*,#8766,.F.);
#8766 = EDGE_CURVE('',#8660,#8759,#8767,.T.);
#8767 = LINE('',#8768,#8769);
#8768 = CARTESIAN_POINT('',(-0.6,0.375,0.));
#8769 = VECTOR('',#8770,1.);
#8770 = DIRECTION('',(0.,0.,1.));
#8771 = PLANE('',#8772);
#8772 = AXIS2_PLACEMENT_3D('',#8773,#8774,#8775);
#8773 = CARTESIAN_POINT('',(-0.6,0.375,0.));
#8774 = DIRECTION('',(1.734723475977E-16,1.,0.));
#8775 = DIRECTION('',(-1.,1.734723475977E-16,0.));
#8776 = ADVANCED_FACE('',(#8777),#8788,.T.);
#8777 = FACE_BOUND('',#8778,.T.);
#8778 = EDGE_LOOP('',(#8779,#8780,#8781,#8787));
#8779 = ORIENTED_EDGE('',*,*,#8667,.T.);
#8780 = ORIENTED_EDGE('',*,*,#8766,.T.);
#8781 = ORIENTED_EDGE('',*,*,#8782,.F.);
#8782 = EDGE_CURVE('',#8699,#8759,#8783,.T.);
#8783 = LINE('',#8784,#8785);
#8784 = CARTESIAN_POINT('',(-0.6,0.125,5.E-02));
#8785 = VECTOR('',#8786,1.);
#8786 = DIRECTION('',(2.775557561563E-16,1.,0.));
#8787 = ORIENTED_EDGE('',*,*,#8698,.F.);
#8788 = PLANE('',#8789);
#8789 = AXIS2_PLACEMENT_3D('',#8790,#8791,#8792);
#8790 = CARTESIAN_POINT('',(-0.6,0.125,0.));
#8791 = DIRECTION('',(1.,-2.775557561563E-16,0.));
#8792 = DIRECTION('',(2.775557561563E-16,1.,0.));
#8793 = ADVANCED_FACE('',(#8794),#8800,.T.);
#8794 = FACE_BOUND('',#8795,.T.);
#8795 = EDGE_LOOP('',(#8796,#8797,#8798,#8799));
#8796 = ORIENTED_EDGE('',*,*,#8782,.T.);
#8797 = ORIENTED_EDGE('',*,*,#8758,.T.);
#8798 = ORIENTED_EDGE('',*,*,#8731,.T.);
#8799 = ORIENTED_EDGE('',*,*,#8706,.T.);
#8800 = PLANE('',#8801);
#8801 = AXIS2_PLACEMENT_3D('',#8802,#8803,#8804);
#8802 = CARTESIAN_POINT('',(-0.8,0.25,5.E-02));
#8803 = DIRECTION('',(0.,0.,1.));
#8804 = DIRECTION('',(1.,0.,-0.));
#8805 = MANIFOLD_SOLID_BREP('',#8806);
#8806 = CLOSED_SHELL('',(#8807,#8847,#8887,#8909,#8926,#8975,#9015,#9037
    ,#9059,#9071));
#8807 = ADVANCED_FACE('',(#8808),#8842,.F.);
#8808 = FACE_BOUND('',#8809,.T.);
#8809 = EDGE_LOOP('',(#8810,#8820,#8828,#8836));
#8810 = ORIENTED_EDGE('',*,*,#8811,.F.);
#8811 = EDGE_CURVE('',#8812,#8814,#8816,.T.);
#8812 = VERTEX_POINT('',#8813);
#8813 = CARTESIAN_POINT('',(1.,0.8,0.));
#8814 = VERTEX_POINT('',#8815);
#8815 = CARTESIAN_POINT('',(0.93,0.8,0.));
#8816 = LINE('',#8817,#8818);
#8817 = CARTESIAN_POINT('',(0.9,0.8,0.));
#8818 = VECTOR('',#8819,1.);
#8819 = DIRECTION('',(-1.,0.,0.));
#8820 = ORIENTED_EDGE('',*,*,#8821,.F.);
#8821 = EDGE_CURVE('',#8822,#8812,#8824,.T.);
#8822 = VERTEX_POINT('',#8823);
#8823 = CARTESIAN_POINT('',(1.,0.8,2.5E-02));
#8824 = LINE('',#8825,#8826);
#8825 = CARTESIAN_POINT('',(1.,0.8,0.));
#8826 = VECTOR('',#8827,1.);
#8827 = DIRECTION('',(0.,0.,-1.));
#8828 = ORIENTED_EDGE('',*,*,#8829,.T.);
#8829 = EDGE_CURVE('',#8822,#8830,#8832,.T.);
#8830 = VERTEX_POINT('',#8831);
#8831 = CARTESIAN_POINT('',(0.93,0.8,2.5E-02));
#8832 = LINE('',#8833,#8834);
#8833 = CARTESIAN_POINT('',(0.93,0.8,2.5E-02));
#8834 = VECTOR('',#8835,1.);
#8835 = DIRECTION('',(-1.,0.,0.));
#8836 = ORIENTED_EDGE('',*,*,#8837,.F.);
#8837 = EDGE_CURVE('',#8814,#8830,#8838,.T.);
#8838 = LINE('',#8839,#8840);
#8839 = CARTESIAN_POINT('',(0.93,0.8,0.));
#8840 = VECTOR('',#8841,1.);
#8841 = DIRECTION('',(0.,0.,1.));
#8842 = PLANE('',#8843);
#8843 = AXIS2_PLACEMENT_3D('',#8844,#8845,#8846);
#8844 = CARTESIAN_POINT('',(1.,0.8,0.));
#8845 = DIRECTION('',(0.,1.,0.));
#8846 = DIRECTION('',(-1.,0.,0.));
#8847 = ADVANCED_FACE('',(#8848),#8882,.F.);
#8848 = FACE_BOUND('',#8849,.T.);
#8849 = EDGE_LOOP('',(#8850,#8860,#8868,#8876));
#8850 = ORIENTED_EDGE('',*,*,#8851,.F.);
#8851 = EDGE_CURVE('',#8852,#8854,#8856,.T.);
#8852 = VERTEX_POINT('',#8853);
#8853 = CARTESIAN_POINT('',(0.93,0.7,0.));
#8854 = VERTEX_POINT('',#8855);
#8855 = CARTESIAN_POINT('',(1.,0.7,0.));
#8856 = LINE('',#8857,#8858);
#8857 = CARTESIAN_POINT('',(0.865,0.7,0.));
#8858 = VECTOR('',#8859,1.);
#8859 = DIRECTION('',(1.,0.,0.));
#8860 = ORIENTED_EDGE('',*,*,#8861,.T.);
#8861 = EDGE_CURVE('',#8852,#8862,#8864,.T.);
#8862 = VERTEX_POINT('',#8863);
#8863 = CARTESIAN_POINT('',(0.93,0.7,2.5E-02));
#8864 = LINE('',#8865,#8866);
#8865 = CARTESIAN_POINT('',(0.93,0.7,0.));
#8866 = VECTOR('',#8867,1.);
#8867 = DIRECTION('',(0.,0.,1.));
#8868 = ORIENTED_EDGE('',*,*,#8869,.T.);
#8869 = EDGE_CURVE('',#8862,#8870,#8872,.T.);
#8870 = VERTEX_POINT('',#8871);
#8871 = CARTESIAN_POINT('',(1.,0.7,2.5E-02));
#8872 = LINE('',#8873,#8874);
#8873 = CARTESIAN_POINT('',(1.,0.7,2.5E-02));
#8874 = VECTOR('',#8875,1.);
#8875 = DIRECTION('',(1.,0.,0.));
#8876 = ORIENTED_EDGE('',*,*,#8877,.F.);
#8877 = EDGE_CURVE('',#8854,#8870,#8878,.T.);
#8878 = LINE('',#8879,#8880);
#8879 = CARTESIAN_POINT('',(1.,0.7,0.));
#8880 = VECTOR('',#8881,1.);
#8881 = DIRECTION('',(0.,0.,1.));
#8882 = PLANE('',#8883);
#8883 = AXIS2_PLACEMENT_3D('',#8884,#8885,#8886);
#8884 = CARTESIAN_POINT('',(0.93,0.7,0.));
#8885 = DIRECTION('',(0.,-1.,0.));
#8886 = DIRECTION('',(1.,0.,0.));
#8887 = ADVANCED_FACE('',(#8888),#8904,.F.);
#8888 = FACE_BOUND('',#8889,.T.);
#8889 = EDGE_LOOP('',(#8890,#8896,#8897,#8903));
#8890 = ORIENTED_EDGE('',*,*,#8891,.F.);
#8891 = EDGE_CURVE('',#8814,#8852,#8892,.T.);
#8892 = LINE('',#8893,#8894);
#8893 = CARTESIAN_POINT('',(0.93,0.775,0.));
#8894 = VECTOR('',#8895,1.);
#8895 = DIRECTION('',(0.,-1.,0.));
#8896 = ORIENTED_EDGE('',*,*,#8837,.T.);
#8897 = ORIENTED_EDGE('',*,*,#8898,.T.);
#8898 = EDGE_CURVE('',#8830,#8862,#8899,.T.);
#8899 = LINE('',#8900,#8901);
#8900 = CARTESIAN_POINT('',(0.93,0.7,2.5E-02));
#8901 = VECTOR('',#8902,1.);
#8902 = DIRECTION('',(0.,-1.,0.));
#8903 = ORIENTED_EDGE('',*,*,#8861,.F.);
#8904 = PLANE('',#8905);
#8905 = AXIS2_PLACEMENT_3D('',#8906,#8907,#8908);
#8906 = CARTESIAN_POINT('',(0.93,0.8,0.));
#8907 = DIRECTION('',(-1.,0.,0.));
#8908 = DIRECTION('',(0.,-1.,0.));
#8909 = ADVANCED_FACE('',(#8910),#8921,.F.);
#8910 = FACE_BOUND('',#8911,.T.);
#8911 = EDGE_LOOP('',(#8912,#8913,#8914,#8920));
#8912 = ORIENTED_EDGE('',*,*,#8898,.F.);
#8913 = ORIENTED_EDGE('',*,*,#8829,.F.);
#8914 = ORIENTED_EDGE('',*,*,#8915,.F.);
#8915 = EDGE_CURVE('',#8870,#8822,#8916,.T.);
#8916 = LINE('',#8917,#8918);
#8917 = CARTESIAN_POINT('',(1.,0.6875,2.5E-02));
#8918 = VECTOR('',#8919,1.);
#8919 = DIRECTION('',(0.,1.,0.));
#8920 = ORIENTED_EDGE('',*,*,#8869,.F.);
#8921 = PLANE('',#8922);
#8922 = AXIS2_PLACEMENT_3D('',#8923,#8924,#8925);
#8923 = CARTESIAN_POINT('',(0.965,0.75,2.5E-02));
#8924 = DIRECTION('',(0.,0.,1.));
#8925 = DIRECTION('',(1.,0.,-0.));
#8926 = ADVANCED_FACE('',(#8927),#8970,.T.);
#8927 = FACE_BOUND('',#8928,.T.);
#8928 = EDGE_LOOP('',(#8929,#8930,#8931,#8932,#8940,#8948,#8956,#8964));
#8929 = ORIENTED_EDGE('',*,*,#8877,.T.);
#8930 = ORIENTED_EDGE('',*,*,#8915,.T.);
#8931 = ORIENTED_EDGE('',*,*,#8821,.T.);
#8932 = ORIENTED_EDGE('',*,*,#8933,.T.);
#8933 = EDGE_CURVE('',#8812,#8934,#8936,.T.);
#8934 = VERTEX_POINT('',#8935);
#8935 = CARTESIAN_POINT('',(1.,0.875,0.));
#8936 = LINE('',#8937,#8938);
#8937 = CARTESIAN_POINT('',(1.,0.625,0.));
#8938 = VECTOR('',#8939,1.);
#8939 = DIRECTION('',(0.,1.,0.));
#8940 = ORIENTED_EDGE('',*,*,#8941,.T.);
#8941 = EDGE_CURVE('',#8934,#8942,#8944,.T.);
#8942 = VERTEX_POINT('',#8943);
#8943 = CARTESIAN_POINT('',(1.,0.875,5.E-02));
#8944 = LINE('',#8945,#8946);
#8945 = CARTESIAN_POINT('',(1.,0.875,0.));
#8946 = VECTOR('',#8947,1.);
#8947 = DIRECTION('',(0.,0.,1.));
#8948 = ORIENTED_EDGE('',*,*,#8949,.F.);
#8949 = EDGE_CURVE('',#8950,#8942,#8952,.T.);
#8950 = VERTEX_POINT('',#8951);
#8951 = CARTESIAN_POINT('',(1.,0.625,5.E-02));
#8952 = LINE('',#8953,#8954);
#8953 = CARTESIAN_POINT('',(1.,0.625,5.E-02));
#8954 = VECTOR('',#8955,1.);
#8955 = DIRECTION('',(0.,1.,0.));
#8956 = ORIENTED_EDGE('',*,*,#8957,.F.);
#8957 = EDGE_CURVE('',#8958,#8950,#8960,.T.);
#8958 = VERTEX_POINT('',#8959);
#8959 = CARTESIAN_POINT('',(1.,0.625,0.));
#8960 = LINE('',#8961,#8962);
#8961 = CARTESIAN_POINT('',(1.,0.625,0.));
#8962 = VECTOR('',#8963,1.);
#8963 = DIRECTION('',(0.,0.,1.));
#8964 = ORIENTED_EDGE('',*,*,#8965,.T.);
#8965 = EDGE_CURVE('',#8958,#8854,#8966,.T.);
#8966 = LINE('',#8967,#8968);
#8967 = CARTESIAN_POINT('',(1.,0.625,0.));
#8968 = VECTOR('',#8969,1.);
#8969 = DIRECTION('',(0.,1.,0.));
#8970 = PLANE('',#8971);
#8971 = AXIS2_PLACEMENT_3D('',#8972,#8973,#8974);
#8972 = CARTESIAN_POINT('',(1.,0.625,0.));
#8973 = DIRECTION('',(1.,0.,0.));
#8974 = DIRECTION('',(-0.,1.,0.));
#8975 = ADVANCED_FACE('',(#8976),#9010,.T.);
#8976 = FACE_BOUND('',#8977,.T.);
#8977 = EDGE_LOOP('',(#8978,#8988,#8996,#9004));
#8978 = ORIENTED_EDGE('',*,*,#8979,.T.);
#8979 = EDGE_CURVE('',#8980,#8982,#8984,.T.);
#8980 = VERTEX_POINT('',#8981);
#8981 = CARTESIAN_POINT('',(0.6,0.875,0.));
#8982 = VERTEX_POINT('',#8983);
#8983 = CARTESIAN_POINT('',(0.6,0.625,0.));
#8984 = LINE('',#8985,#8986);
#8985 = CARTESIAN_POINT('',(0.6,0.875,0.));
#8986 = VECTOR('',#8987,1.);
#8987 = DIRECTION('',(0.,-1.,0.));
#8988 = ORIENTED_EDGE('',*,*,#8989,.T.);
#8989 = EDGE_CURVE('',#8982,#8990,#8992,.T.);
#8990 = VERTEX_POINT('',#8991);
#8991 = CARTESIAN_POINT('',(0.6,0.625,5.E-02));
#8992 = LINE('',#8993,#8994);
#8993 = CARTESIAN_POINT('',(0.6,0.625,0.));
#8994 = VECTOR('',#8995,1.);
#8995 = DIRECTION('',(0.,0.,1.));
#8996 = ORIENTED_EDGE('',*,*,#8997,.F.);
#8997 = EDGE_CURVE('',#8998,#8990,#9000,.T.);
#8998 = VERTEX_POINT('',#8999);
#8999 = CARTESIAN_POINT('',(0.6,0.875,5.E-02));
#9000 = LINE('',#9001,#9002);
#9001 = CARTESIAN_POINT('',(0.6,0.875,5.E-02));
#9002 = VECTOR('',#9003,1.);
#9003 = DIRECTION('',(0.,-1.,0.));
#9004 = ORIENTED_EDGE('',*,*,#9005,.F.);
#9005 = EDGE_CURVE('',#8980,#8998,#9006,.T.);
#9006 = LINE('',#9007,#9008);
#9007 = CARTESIAN_POINT('',(0.6,0.875,0.));
#9008 = VECTOR('',#9009,1.);
#9009 = DIRECTION('',(0.,0.,1.));
#9010 = PLANE('',#9011);
#9011 = AXIS2_PLACEMENT_3D('',#9012,#9013,#9014);
#9012 = CARTESIAN_POINT('',(0.6,0.875,0.));
#9013 = DIRECTION('',(-1.,0.,0.));
#9014 = DIRECTION('',(0.,-1.,0.));
#9015 = ADVANCED_FACE('',(#9016),#9032,.T.);
#9016 = FACE_BOUND('',#9017,.T.);
#9017 = EDGE_LOOP('',(#9018,#9024,#9025,#9031));
#9018 = ORIENTED_EDGE('',*,*,#9019,.T.);
#9019 = EDGE_CURVE('',#8934,#8980,#9020,.T.);
#9020 = LINE('',#9021,#9022);
#9021 = CARTESIAN_POINT('',(1.,0.875,0.));
#9022 = VECTOR('',#9023,1.);
#9023 = DIRECTION('',(-1.,0.,0.));
#9024 = ORIENTED_EDGE('',*,*,#9005,.T.);
#9025 = ORIENTED_EDGE('',*,*,#9026,.F.);
#9026 = EDGE_CURVE('',#8942,#8998,#9027,.T.);
#9027 = LINE('',#9028,#9029);
#9028 = CARTESIAN_POINT('',(1.,0.875,5.E-02));
#9029 = VECTOR('',#9030,1.);
#9030 = DIRECTION('',(-1.,0.,0.));
#9031 = ORIENTED_EDGE('',*,*,#8941,.F.);
#9032 = PLANE('',#9033);
#9033 = AXIS2_PLACEMENT_3D('',#9034,#9035,#9036);
#9034 = CARTESIAN_POINT('',(1.,0.875,0.));
#9035 = DIRECTION('',(0.,1.,0.));
#9036 = DIRECTION('',(-1.,0.,0.));
#9037 = ADVANCED_FACE('',(#9038),#9054,.T.);
#9038 = FACE_BOUND('',#9039,.T.);
#9039 = EDGE_LOOP('',(#9040,#9046,#9047,#9053));
#9040 = ORIENTED_EDGE('',*,*,#9041,.T.);
#9041 = EDGE_CURVE('',#8982,#8958,#9042,.T.);
#9042 = LINE('',#9043,#9044);
#9043 = CARTESIAN_POINT('',(0.6,0.625,0.));
#9044 = VECTOR('',#9045,1.);
#9045 = DIRECTION('',(1.,0.,0.));
#9046 = ORIENTED_EDGE('',*,*,#8957,.T.);
#9047 = ORIENTED_EDGE('',*,*,#9048,.F.);
#9048 = EDGE_CURVE('',#8990,#8950,#9049,.T.);
#9049 = LINE('',#9050,#9051);
#9050 = CARTESIAN_POINT('',(0.6,0.625,5.E-02));
#9051 = VECTOR('',#9052,1.);
#9052 = DIRECTION('',(1.,0.,0.));
#9053 = ORIENTED_EDGE('',*,*,#8989,.F.);
#9054 = PLANE('',#9055);
#9055 = AXIS2_PLACEMENT_3D('',#9056,#9057,#9058);
#9056 = CARTESIAN_POINT('',(0.6,0.625,0.));
#9057 = DIRECTION('',(0.,-1.,0.));
#9058 = DIRECTION('',(1.,0.,0.));
#9059 = ADVANCED_FACE('',(#9060),#9066,.T.);
#9060 = FACE_BOUND('',#9061,.T.);
#9061 = EDGE_LOOP('',(#9062,#9063,#9064,#9065));
#9062 = ORIENTED_EDGE('',*,*,#9048,.T.);
#9063 = ORIENTED_EDGE('',*,*,#8949,.T.);
#9064 = ORIENTED_EDGE('',*,*,#9026,.T.);
#9065 = ORIENTED_EDGE('',*,*,#8997,.T.);
#9066 = PLANE('',#9067);
#9067 = AXIS2_PLACEMENT_3D('',#9068,#9069,#9070);
#9068 = CARTESIAN_POINT('',(0.8,0.75,5.E-02));
#9069 = DIRECTION('',(0.,0.,1.));
#9070 = DIRECTION('',(1.,0.,-0.));
#9071 = ADVANCED_FACE('',(#9072),#9082,.F.);
#9072 = FACE_BOUND('',#9073,.T.);
#9073 = EDGE_LOOP('',(#9074,#9075,#9076,#9077,#9078,#9079,#9080,#9081));
#9074 = ORIENTED_EDGE('',*,*,#8851,.T.);
#9075 = ORIENTED_EDGE('',*,*,#8965,.F.);
#9076 = ORIENTED_EDGE('',*,*,#9041,.F.);
#9077 = ORIENTED_EDGE('',*,*,#8979,.F.);
#9078 = ORIENTED_EDGE('',*,*,#9019,.F.);
#9079 = ORIENTED_EDGE('',*,*,#8933,.F.);
#9080 = ORIENTED_EDGE('',*,*,#8811,.T.);
#9081 = ORIENTED_EDGE('',*,*,#8891,.T.);
#9082 = PLANE('',#9083);
#9083 = AXIS2_PLACEMENT_3D('',#9084,#9085,#9086);
#9084 = CARTESIAN_POINT('',(0.8,0.75,0.));
#9085 = DIRECTION('',(0.,0.,1.));
#9086 = DIRECTION('',(1.,0.,-0.));
#9087 = MANIFOLD_SOLID_BREP('',#9088);
#9088 = CLOSED_SHELL('',(#9089,#9129,#9160,#9191,#9208,#9257,#9288,#9312
    ,#9336,#9357));
#9089 = ADVANCED_FACE('',(#9090),#9124,.F.);
#9090 = FACE_BOUND('',#9091,.T.);
#9091 = EDGE_LOOP('',(#9092,#9102,#9110,#9118));
#9092 = ORIENTED_EDGE('',*,*,#9093,.F.);
#9093 = EDGE_CURVE('',#9094,#9096,#9098,.T.);
#9094 = VERTEX_POINT('',#9095);
#9095 = CARTESIAN_POINT('',(-0.3,0.93,0.));
#9096 = VERTEX_POINT('',#9097);
#9097 = CARTESIAN_POINT('',(-0.2,0.93,0.));
#9098 = LINE('',#9099,#9100);
#9099 = CARTESIAN_POINT('',(-0.275,0.93,0.));
#9100 = VECTOR('',#9101,1.);
#9101 = DIRECTION('',(1.,0.,0.));
#9102 = ORIENTED_EDGE('',*,*,#9103,.T.);
#9103 = EDGE_CURVE('',#9094,#9104,#9106,.T.);
#9104 = VERTEX_POINT('',#9105);
#9105 = CARTESIAN_POINT('',(-0.3,0.93,2.5E-02));
#9106 = LINE('',#9107,#9108);
#9107 = CARTESIAN_POINT('',(-0.3,0.93,0.));
#9108 = VECTOR('',#9109,1.);
#9109 = DIRECTION('',(0.,0.,1.));
#9110 = ORIENTED_EDGE('',*,*,#9111,.T.);
#9111 = EDGE_CURVE('',#9104,#9112,#9114,.T.);
#9112 = VERTEX_POINT('',#9113);
#9113 = CARTESIAN_POINT('',(-0.2,0.93,2.5E-02));
#9114 = LINE('',#9115,#9116);
#9115 = CARTESIAN_POINT('',(-0.2,0.93,2.5E-02));
#9116 = VECTOR('',#9117,1.);
#9117 = DIRECTION('',(1.,0.,0.));
#9118 = ORIENTED_EDGE('',*,*,#9119,.F.);
#9119 = EDGE_CURVE('',#9096,#9112,#9120,.T.);
#9120 = LINE('',#9121,#9122);
#9121 = CARTESIAN_POINT('',(-0.2,0.93,0.));
#9122 = VECTOR('',#9123,1.);
#9123 = DIRECTION('',(0.,0.,1.));
#9124 = PLANE('',#9125);
#9125 = AXIS2_PLACEMENT_3D('',#9126,#9127,#9128);
#9126 = CARTESIAN_POINT('',(-0.3,0.93,0.));
#9127 = DIRECTION('',(0.,-1.,0.));
#9128 = DIRECTION('',(1.,0.,0.));
#9129 = ADVANCED_FACE('',(#9130),#9155,.F.);
#9130 = FACE_BOUND('',#9131,.T.);
#9131 = EDGE_LOOP('',(#9132,#9142,#9148,#9149));
#9132 = ORIENTED_EDGE('',*,*,#9133,.F.);
#9133 = EDGE_CURVE('',#9134,#9136,#9138,.T.);
#9134 = VERTEX_POINT('',#9135);
#9135 = CARTESIAN_POINT('',(-0.3,1.,2.5E-02));
#9136 = VERTEX_POINT('',#9137);
#9137 = CARTESIAN_POINT('',(-0.3,1.,0.));
#9138 = LINE('',#9139,#9140);
#9139 = CARTESIAN_POINT('',(-0.3,1.,0.));
#9140 = VECTOR('',#9141,1.);
#9141 = DIRECTION('',(0.,0.,-1.));
#9142 = ORIENTED_EDGE('',*,*,#9143,.T.);
#9143 = EDGE_CURVE('',#9134,#9104,#9144,.T.);
#9144 = LINE('',#9145,#9146);
#9145 = CARTESIAN_POINT('',(-0.3,0.93,2.5E-02));
#9146 = VECTOR('',#9147,1.);
#9147 = DIRECTION('',(0.,-1.,0.));
#9148 = ORIENTED_EDGE('',*,*,#9103,.F.);
#9149 = ORIENTED_EDGE('',*,*,#9150,.F.);
#9150 = EDGE_CURVE('',#9136,#9094,#9151,.T.);
#9151 = LINE('',#9152,#9153);
#9152 = CARTESIAN_POINT('',(-0.3,0.935,0.));
#9153 = VECTOR('',#9154,1.);
#9154 = DIRECTION('',(0.,-1.,0.));
#9155 = PLANE('',#9156);
#9156 = AXIS2_PLACEMENT_3D('',#9157,#9158,#9159);
#9157 = CARTESIAN_POINT('',(-0.3,1.07,0.));
#9158 = DIRECTION('',(-1.,0.,0.));
#9159 = DIRECTION('',(0.,-1.,0.));
#9160 = ADVANCED_FACE('',(#9161),#9186,.F.);
#9161 = FACE_BOUND('',#9162,.T.);
#9162 = EDGE_LOOP('',(#9163,#9173,#9179,#9180));
#9163 = ORIENTED_EDGE('',*,*,#9164,.F.);
#9164 = EDGE_CURVE('',#9165,#9167,#9169,.T.);
#9165 = VERTEX_POINT('',#9166);
#9166 = CARTESIAN_POINT('',(-0.2,1.,0.));
#9167 = VERTEX_POINT('',#9168);
#9168 = CARTESIAN_POINT('',(-0.2,1.,2.5E-02));
#9169 = LINE('',#9170,#9171);
#9170 = CARTESIAN_POINT('',(-0.2,1.,0.));
#9171 = VECTOR('',#9172,1.);
#9172 = DIRECTION('',(0.,0.,1.));
#9173 = ORIENTED_EDGE('',*,*,#9174,.F.);
#9174 = EDGE_CURVE('',#9096,#9165,#9175,.T.);
#9175 = LINE('',#9176,#9177);
#9176 = CARTESIAN_POINT('',(-0.2,0.865,0.));
#9177 = VECTOR('',#9178,1.);
#9178 = DIRECTION('',(-2.478176394253E-16,1.,0.));
#9179 = ORIENTED_EDGE('',*,*,#9119,.T.);
#9180 = ORIENTED_EDGE('',*,*,#9181,.T.);
#9181 = EDGE_CURVE('',#9112,#9167,#9182,.T.);
#9182 = LINE('',#9183,#9184);
#9183 = CARTESIAN_POINT('',(-0.2,1.07,2.5E-02));
#9184 = VECTOR('',#9185,1.);
#9185 = DIRECTION('',(-2.478176394253E-16,1.,0.));
#9186 = PLANE('',#9187);
#9187 = AXIS2_PLACEMENT_3D('',#9188,#9189,#9190);
#9188 = CARTESIAN_POINT('',(-0.2,0.93,0.));
#9189 = DIRECTION('',(1.,2.478176394253E-16,0.));
#9190 = DIRECTION('',(-2.478176394253E-16,1.,0.));
#9191 = ADVANCED_FACE('',(#9192),#9203,.F.);
#9192 = FACE_BOUND('',#9193,.T.);
#9193 = EDGE_LOOP('',(#9194,#9200,#9201,#9202));
#9194 = ORIENTED_EDGE('',*,*,#9195,.F.);
#9195 = EDGE_CURVE('',#9167,#9134,#9196,.T.);
#9196 = LINE('',#9197,#9198);
#9197 = CARTESIAN_POINT('',(-0.1875,1.,2.5E-02));
#9198 = VECTOR('',#9199,1.);
#9199 = DIRECTION('',(-1.,0.,0.));
#9200 = ORIENTED_EDGE('',*,*,#9181,.F.);
#9201 = ORIENTED_EDGE('',*,*,#9111,.F.);
#9202 = ORIENTED_EDGE('',*,*,#9143,.F.);
#9203 = PLANE('',#9204);
#9204 = AXIS2_PLACEMENT_3D('',#9205,#9206,#9207);
#9205 = CARTESIAN_POINT('',(-0.25,1.,2.5E-02));
#9206 = DIRECTION('',(0.,0.,1.));
#9207 = DIRECTION('',(1.,0.,-0.));
#9208 = ADVANCED_FACE('',(#9209),#9252,.F.);
#9209 = FACE_BOUND('',#9210,.T.);
#9210 = EDGE_LOOP('',(#9211,#9212,#9213,#9214,#9222,#9230,#9238,#9246));
#9211 = ORIENTED_EDGE('',*,*,#9150,.T.);
#9212 = ORIENTED_EDGE('',*,*,#9093,.T.);
#9213 = ORIENTED_EDGE('',*,*,#9174,.T.);
#9214 = ORIENTED_EDGE('',*,*,#9215,.F.);
#9215 = EDGE_CURVE('',#9216,#9165,#9218,.T.);
#9216 = VERTEX_POINT('',#9217);
#9217 = CARTESIAN_POINT('',(-0.125,1.,0.));
#9218 = LINE('',#9219,#9220);
#9219 = CARTESIAN_POINT('',(-0.125,1.,0.));
#9220 = VECTOR('',#9221,1.);
#9221 = DIRECTION('',(-1.,0.,0.));
#9222 = ORIENTED_EDGE('',*,*,#9223,.F.);
#9223 = EDGE_CURVE('',#9224,#9216,#9226,.T.);
#9224 = VERTEX_POINT('',#9225);
#9225 = CARTESIAN_POINT('',(-0.125,0.6,0.));
#9226 = LINE('',#9227,#9228);
#9227 = CARTESIAN_POINT('',(-0.125,0.6,0.));
#9228 = VECTOR('',#9229,1.);
#9229 = DIRECTION('',(0.,1.,0.));
#9230 = ORIENTED_EDGE('',*,*,#9231,.F.);
#9231 = EDGE_CURVE('',#9232,#9224,#9234,.T.);
#9232 = VERTEX_POINT('',#9233);
#9233 = CARTESIAN_POINT('',(-0.375,0.6,0.));
#9234 = LINE('',#9235,#9236);
#9235 = CARTESIAN_POINT('',(-0.375,0.6,0.));
#9236 = VECTOR('',#9237,1.);
#9237 = DIRECTION('',(1.,0.,0.));
#9238 = ORIENTED_EDGE('',*,*,#9239,.F.);
#9239 = EDGE_CURVE('',#9240,#9232,#9242,.T.);
#9240 = VERTEX_POINT('',#9241);
#9241 = CARTESIAN_POINT('',(-0.375,1.,0.));
#9242 = LINE('',#9243,#9244);
#9243 = CARTESIAN_POINT('',(-0.375,1.,0.));
#9244 = VECTOR('',#9245,1.);
#9245 = DIRECTION('',(0.,-1.,0.));
#9246 = ORIENTED_EDGE('',*,*,#9247,.F.);
#9247 = EDGE_CURVE('',#9136,#9240,#9248,.T.);
#9248 = LINE('',#9249,#9250);
#9249 = CARTESIAN_POINT('',(-0.125,1.,0.));
#9250 = VECTOR('',#9251,1.);
#9251 = DIRECTION('',(-1.,0.,0.));
#9252 = PLANE('',#9253);
#9253 = AXIS2_PLACEMENT_3D('',#9254,#9255,#9256);
#9254 = CARTESIAN_POINT('',(-0.25,0.8,0.));
#9255 = DIRECTION('',(0.,0.,1.));
#9256 = DIRECTION('',(1.,0.,-0.));
#9257 = ADVANCED_FACE('',(#9258),#9283,.T.);
#9258 = FACE_BOUND('',#9259,.T.);
#9259 = EDGE_LOOP('',(#9260,#9261,#9269,#9277));
#9260 = ORIENTED_EDGE('',*,*,#9223,.T.);
#9261 = ORIENTED_EDGE('',*,*,#9262,.T.);
#9262 = EDGE_CURVE('',#9216,#9263,#9265,.T.);
#9263 = VERTEX_POINT('',#9264);
#9264 = CARTESIAN_POINT('',(-0.125,1.,5.E-02));
#9265 = LINE('',#9266,#9267);
#9266 = CARTESIAN_POINT('',(-0.125,1.,0.));
#9267 = VECTOR('',#9268,1.);
#9268 = DIRECTION('',(0.,0.,1.));
#9269 = ORIENTED_EDGE('',*,*,#9270,.F.);
#9270 = EDGE_CURVE('',#9271,#9263,#9273,.T.);
#9271 = VERTEX_POINT('',#9272);
#9272 = CARTESIAN_POINT('',(-0.125,0.6,5.E-02));
#9273 = LINE('',#9274,#9275);
#9274 = CARTESIAN_POINT('',(-0.125,0.6,5.E-02));
#9275 = VECTOR('',#9276,1.);
#9276 = DIRECTION('',(0.,1.,0.));
#9277 = ORIENTED_EDGE('',*,*,#9278,.F.);
#9278 = EDGE_CURVE('',#9224,#9271,#9279,.T.);
#9279 = LINE('',#9280,#9281);
#9280 = CARTESIAN_POINT('',(-0.125,0.6,0.));
#9281 = VECTOR('',#9282,1.);
#9282 = DIRECTION('',(0.,0.,1.));
#9283 = PLANE('',#9284);
#9284 = AXIS2_PLACEMENT_3D('',#9285,#9286,#9287);
#9285 = CARTESIAN_POINT('',(-0.125,0.6,0.));
#9286 = DIRECTION('',(1.,0.,0.));
#9287 = DIRECTION('',(-0.,1.,0.));
#9288 = ADVANCED_FACE('',(#9289),#9307,.T.);
#9289 = FACE_BOUND('',#9290,.T.);
#9290 = EDGE_LOOP('',(#9291,#9292,#9293,#9301));
#9291 = ORIENTED_EDGE('',*,*,#9231,.T.);
#9292 = ORIENTED_EDGE('',*,*,#9278,.T.);
#9293 = ORIENTED_EDGE('',*,*,#9294,.F.);
#9294 = EDGE_CURVE('',#9295,#9271,#9297,.T.);
#9295 = VERTEX_POINT('',#9296);
#9296 = CARTESIAN_POINT('',(-0.375,0.6,5.E-02));
#9297 = LINE('',#9298,#9299);
#9298 = CARTESIAN_POINT('',(-0.375,0.6,5.E-02));
#9299 = VECTOR('',#9300,1.);
#9300 = DIRECTION('',(1.,0.,0.));
#9301 = ORIENTED_EDGE('',*,*,#9302,.F.);
#9302 = EDGE_CURVE('',#9232,#9295,#9303,.T.);
#9303 = LINE('',#9304,#9305);
#9304 = CARTESIAN_POINT('',(-0.375,0.6,0.));
#9305 = VECTOR('',#9306,1.);
#9306 = DIRECTION('',(0.,0.,1.));
#9307 = PLANE('',#9308);
#9308 = AXIS2_PLACEMENT_3D('',#9309,#9310,#9311);
#9309 = CARTESIAN_POINT('',(-0.375,0.6,0.));
#9310 = DIRECTION('',(0.,-1.,0.));
#9311 = DIRECTION('',(1.,0.,0.));
#9312 = ADVANCED_FACE('',(#9313),#9331,.T.);
#9313 = FACE_BOUND('',#9314,.T.);
#9314 = EDGE_LOOP('',(#9315,#9316,#9317,#9325));
#9315 = ORIENTED_EDGE('',*,*,#9239,.T.);
#9316 = ORIENTED_EDGE('',*,*,#9302,.T.);
#9317 = ORIENTED_EDGE('',*,*,#9318,.F.);
#9318 = EDGE_CURVE('',#9319,#9295,#9321,.T.);
#9319 = VERTEX_POINT('',#9320);
#9320 = CARTESIAN_POINT('',(-0.375,1.,5.E-02));
#9321 = LINE('',#9322,#9323);
#9322 = CARTESIAN_POINT('',(-0.375,1.,5.E-02));
#9323 = VECTOR('',#9324,1.);
#9324 = DIRECTION('',(0.,-1.,0.));
#9325 = ORIENTED_EDGE('',*,*,#9326,.F.);
#9326 = EDGE_CURVE('',#9240,#9319,#9327,.T.);
#9327 = LINE('',#9328,#9329);
#9328 = CARTESIAN_POINT('',(-0.375,1.,0.));
#9329 = VECTOR('',#9330,1.);
#9330 = DIRECTION('',(0.,0.,1.));
#9331 = PLANE('',#9332);
#9332 = AXIS2_PLACEMENT_3D('',#9333,#9334,#9335);
#9333 = CARTESIAN_POINT('',(-0.375,1.,0.));
#9334 = DIRECTION('',(-1.,0.,0.));
#9335 = DIRECTION('',(0.,-1.,0.));
#9336 = ADVANCED_FACE('',(#9337),#9352,.T.);
#9337 = FACE_BOUND('',#9338,.T.);
#9338 = EDGE_LOOP('',(#9339,#9340,#9341,#9342,#9348,#9349,#9350,#9351));
#9339 = ORIENTED_EDGE('',*,*,#9133,.T.);
#9340 = ORIENTED_EDGE('',*,*,#9247,.T.);
#9341 = ORIENTED_EDGE('',*,*,#9326,.T.);
#9342 = ORIENTED_EDGE('',*,*,#9343,.F.);
#9343 = EDGE_CURVE('',#9263,#9319,#9344,.T.);
#9344 = LINE('',#9345,#9346);
#9345 = CARTESIAN_POINT('',(-0.125,1.,5.E-02));
#9346 = VECTOR('',#9347,1.);
#9347 = DIRECTION('',(-1.,0.,0.));
#9348 = ORIENTED_EDGE('',*,*,#9262,.F.);
#9349 = ORIENTED_EDGE('',*,*,#9215,.T.);
#9350 = ORIENTED_EDGE('',*,*,#9164,.T.);
#9351 = ORIENTED_EDGE('',*,*,#9195,.T.);
#9352 = PLANE('',#9353);
#9353 = AXIS2_PLACEMENT_3D('',#9354,#9355,#9356);
#9354 = CARTESIAN_POINT('',(-0.125,1.,0.));
#9355 = DIRECTION('',(0.,1.,0.));
#9356 = DIRECTION('',(-1.,0.,0.));
#9357 = ADVANCED_FACE('',(#9358),#9364,.T.);
#9358 = FACE_BOUND('',#9359,.T.);
#9359 = EDGE_LOOP('',(#9360,#9361,#9362,#9363));
#9360 = ORIENTED_EDGE('',*,*,#9343,.T.);
#9361 = ORIENTED_EDGE('',*,*,#9318,.T.);
#9362 = ORIENTED_EDGE('',*,*,#9294,.T.);
#9363 = ORIENTED_EDGE('',*,*,#9270,.T.);
#9364 = PLANE('',#9365);
#9365 = AXIS2_PLACEMENT_3D('',#9366,#9367,#9368);
#9366 = CARTESIAN_POINT('',(-0.25,0.8,5.E-02));
#9367 = DIRECTION('',(0.,0.,1.));
#9368 = DIRECTION('',(1.,0.,-0.));
#9369 = MANIFOLD_SOLID_BREP('',#9370);
#9370 = CLOSED_SHELL('',(#9371,#9411,#9442,#9466,#9490,#9539,#9570,#9601
    ,#9623,#9635));
#9371 = ADVANCED_FACE('',(#9372),#9406,.F.);
#9372 = FACE_BOUND('',#9373,.T.);
#9373 = EDGE_LOOP('',(#9374,#9384,#9392,#9400));
#9374 = ORIENTED_EDGE('',*,*,#9375,.F.);
#9375 = EDGE_CURVE('',#9376,#9378,#9380,.T.);
#9376 = VERTEX_POINT('',#9377);
#9377 = CARTESIAN_POINT('',(0.3,1.,0.));
#9378 = VERTEX_POINT('',#9379);
#9379 = CARTESIAN_POINT('',(0.3,1.,2.5E-02));
#9380 = LINE('',#9381,#9382);
#9381 = CARTESIAN_POINT('',(0.3,1.,0.));
#9382 = VECTOR('',#9383,1.);
#9383 = DIRECTION('',(0.,0.,1.));
#9384 = ORIENTED_EDGE('',*,*,#9385,.F.);
#9385 = EDGE_CURVE('',#9386,#9376,#9388,.T.);
#9386 = VERTEX_POINT('',#9387);
#9387 = CARTESIAN_POINT('',(0.3,0.93,0.));
#9388 = LINE('',#9389,#9390);
#9389 = CARTESIAN_POINT('',(0.3,0.865,0.));
#9390 = VECTOR('',#9391,1.);
#9391 = DIRECTION('',(-2.478176394253E-16,1.,0.));
#9392 = ORIENTED_EDGE('',*,*,#9393,.T.);
#9393 = EDGE_CURVE('',#9386,#9394,#9396,.T.);
#9394 = VERTEX_POINT('',#9395);
#9395 = CARTESIAN_POINT('',(0.3,0.93,2.5E-02));
#9396 = LINE('',#9397,#9398);
#9397 = CARTESIAN_POINT('',(0.3,0.93,0.));
#9398 = VECTOR('',#9399,1.);
#9399 = DIRECTION('',(0.,0.,1.));
#9400 = ORIENTED_EDGE('',*,*,#9401,.T.);
#9401 = EDGE_CURVE('',#9394,#9378,#9402,.T.);
#9402 = LINE('',#9403,#9404);
#9403 = CARTESIAN_POINT('',(0.3,1.07,2.5E-02));
#9404 = VECTOR('',#9405,1.);
#9405 = DIRECTION('',(-2.478176394253E-16,1.,0.));
#9406 = PLANE('',#9407);
#9407 = AXIS2_PLACEMENT_3D('',#9408,#9409,#9410);
#9408 = CARTESIAN_POINT('',(0.3,0.93,0.));
#9409 = DIRECTION('',(1.,2.478176394253E-16,0.));
#9410 = DIRECTION('',(-2.478176394253E-16,1.,0.));
#9411 = ADVANCED_FACE('',(#9412),#9437,.F.);
#9412 = FACE_BOUND('',#9413,.T.);
#9413 = EDGE_LOOP('',(#9414,#9422,#9423,#9431));
#9414 = ORIENTED_EDGE('',*,*,#9415,.F.);
#9415 = EDGE_CURVE('',#9378,#9416,#9418,.T.);
#9416 = VERTEX_POINT('',#9417);
#9417 = CARTESIAN_POINT('',(0.2,1.,2.5E-02));
#9418 = LINE('',#9419,#9420);
#9419 = CARTESIAN_POINT('',(0.3125,1.,2.5E-02));
#9420 = VECTOR('',#9421,1.);
#9421 = DIRECTION('',(-1.,0.,0.));
#9422 = ORIENTED_EDGE('',*,*,#9401,.F.);
#9423 = ORIENTED_EDGE('',*,*,#9424,.F.);
#9424 = EDGE_CURVE('',#9425,#9394,#9427,.T.);
#9425 = VERTEX_POINT('',#9426);
#9426 = CARTESIAN_POINT('',(0.2,0.93,2.5E-02));
#9427 = LINE('',#9428,#9429);
#9428 = CARTESIAN_POINT('',(0.3,0.93,2.5E-02));
#9429 = VECTOR('',#9430,1.);
#9430 = DIRECTION('',(1.,0.,0.));
#9431 = ORIENTED_EDGE('',*,*,#9432,.F.);
#9432 = EDGE_CURVE('',#9416,#9425,#9433,.T.);
#9433 = LINE('',#9434,#9435);
#9434 = CARTESIAN_POINT('',(0.2,0.93,2.5E-02));
#9435 = VECTOR('',#9436,1.);
#9436 = DIRECTION('',(0.,-1.,0.));
#9437 = PLANE('',#9438);
#9438 = AXIS2_PLACEMENT_3D('',#9439,#9440,#9441);
#9439 = CARTESIAN_POINT('',(0.25,1.,2.5E-02));
#9440 = DIRECTION('',(0.,0.,1.));
#9441 = DIRECTION('',(1.,0.,-0.));
#9442 = ADVANCED_FACE('',(#9443),#9461,.F.);
#9443 = FACE_BOUND('',#9444,.T.);
#9444 = EDGE_LOOP('',(#9445,#9453,#9459,#9460));
#9445 = ORIENTED_EDGE('',*,*,#9446,.F.);
#9446 = EDGE_CURVE('',#9447,#9386,#9449,.T.);
#9447 = VERTEX_POINT('',#9448);
#9448 = CARTESIAN_POINT('',(0.2,0.93,0.));
#9449 = LINE('',#9450,#9451);
#9450 = CARTESIAN_POINT('',(0.225,0.93,0.));
#9451 = VECTOR('',#9452,1.);
#9452 = DIRECTION('',(1.,0.,0.));
#9453 = ORIENTED_EDGE('',*,*,#9454,.T.);
#9454 = EDGE_CURVE('',#9447,#9425,#9455,.T.);
#9455 = LINE('',#9456,#9457);
#9456 = CARTESIAN_POINT('',(0.2,0.93,0.));
#9457 = VECTOR('',#9458,1.);
#9458 = DIRECTION('',(0.,0.,1.));
#9459 = ORIENTED_EDGE('',*,*,#9424,.T.);
#9460 = ORIENTED_EDGE('',*,*,#9393,.F.);
#9461 = PLANE('',#9462);
#9462 = AXIS2_PLACEMENT_3D('',#9463,#9464,#9465);
#9463 = CARTESIAN_POINT('',(0.2,0.93,0.));
#9464 = DIRECTION('',(0.,-1.,0.));
#9465 = DIRECTION('',(1.,0.,0.));
#9466 = ADVANCED_FACE('',(#9467),#9485,.F.);
#9467 = FACE_BOUND('',#9468,.T.);
#9468 = EDGE_LOOP('',(#9469,#9477,#9478,#9479));
#9469 = ORIENTED_EDGE('',*,*,#9470,.F.);
#9470 = EDGE_CURVE('',#9416,#9471,#9473,.T.);
#9471 = VERTEX_POINT('',#9472);
#9472 = CARTESIAN_POINT('',(0.2,1.,0.));
#9473 = LINE('',#9474,#9475);
#9474 = CARTESIAN_POINT('',(0.2,1.,0.));
#9475 = VECTOR('',#9476,1.);
#9476 = DIRECTION('',(0.,0.,-1.));
#9477 = ORIENTED_EDGE('',*,*,#9432,.T.);
#9478 = ORIENTED_EDGE('',*,*,#9454,.F.);
#9479 = ORIENTED_EDGE('',*,*,#9480,.F.);
#9480 = EDGE_CURVE('',#9471,#9447,#9481,.T.);
#9481 = LINE('',#9482,#9483);
#9482 = CARTESIAN_POINT('',(0.2,0.935,0.));
#9483 = VECTOR('',#9484,1.);
#9484 = DIRECTION('',(0.,-1.,0.));
#9485 = PLANE('',#9486);
#9486 = AXIS2_PLACEMENT_3D('',#9487,#9488,#9489);
#9487 = CARTESIAN_POINT('',(0.2,1.07,0.));
#9488 = DIRECTION('',(-1.,0.,0.));
#9489 = DIRECTION('',(0.,-1.,0.));
#9490 = ADVANCED_FACE('',(#9491),#9534,.T.);
#9491 = FACE_BOUND('',#9492,.T.);
#9492 = EDGE_LOOP('',(#9493,#9494,#9495,#9496,#9504,#9512,#9520,#9528));
#9493 = ORIENTED_EDGE('',*,*,#9375,.T.);
#9494 = ORIENTED_EDGE('',*,*,#9415,.T.);
#9495 = ORIENTED_EDGE('',*,*,#9470,.T.);
#9496 = ORIENTED_EDGE('',*,*,#9497,.T.);
#9497 = EDGE_CURVE('',#9471,#9498,#9500,.T.);
#9498 = VERTEX_POINT('',#9499);
#9499 = CARTESIAN_POINT('',(0.125,1.,0.));
#9500 = LINE('',#9501,#9502);
#9501 = CARTESIAN_POINT('',(0.375,1.,0.));
#9502 = VECTOR('',#9503,1.);
#9503 = DIRECTION('',(-1.,0.,0.));
#9504 = ORIENTED_EDGE('',*,*,#9505,.T.);
#9505 = EDGE_CURVE('',#9498,#9506,#9508,.T.);
#9506 = VERTEX_POINT('',#9507);
#9507 = CARTESIAN_POINT('',(0.125,1.,5.E-02));
#9508 = LINE('',#9509,#9510);
#9509 = CARTESIAN_POINT('',(0.125,1.,0.));
#9510 = VECTOR('',#9511,1.);
#9511 = DIRECTION('',(0.,0.,1.));
#9512 = ORIENTED_EDGE('',*,*,#9513,.F.);
#9513 = EDGE_CURVE('',#9514,#9506,#9516,.T.);
#9514 = VERTEX_POINT('',#9515);
#9515 = CARTESIAN_POINT('',(0.375,1.,5.E-02));
#9516 = LINE('',#9517,#9518);
#9517 = CARTESIAN_POINT('',(0.375,1.,5.E-02));
#9518 = VECTOR('',#9519,1.);
#9519 = DIRECTION('',(-1.,0.,0.));
#9520 = ORIENTED_EDGE('',*,*,#9521,.F.);
#9521 = EDGE_CURVE('',#9522,#9514,#9524,.T.);
#9522 = VERTEX_POINT('',#9523);
#9523 = CARTESIAN_POINT('',(0.375,1.,0.));
#9524 = LINE('',#9525,#9526);
#9525 = CARTESIAN_POINT('',(0.375,1.,0.));
#9526 = VECTOR('',#9527,1.);
#9527 = DIRECTION('',(0.,0.,1.));
#9528 = ORIENTED_EDGE('',*,*,#9529,.T.);
#9529 = EDGE_CURVE('',#9522,#9376,#9530,.T.);
#9530 = LINE('',#9531,#9532);
#9531 = CARTESIAN_POINT('',(0.375,1.,0.));
#9532 = VECTOR('',#9533,1.);
#9533 = DIRECTION('',(-1.,0.,0.));
#9534 = PLANE('',#9535);
#9535 = AXIS2_PLACEMENT_3D('',#9536,#9537,#9538);
#9536 = CARTESIAN_POINT('',(0.375,1.,0.));
#9537 = DIRECTION('',(0.,1.,0.));
#9538 = DIRECTION('',(-1.,0.,0.));
#9539 = ADVANCED_FACE('',(#9540),#9565,.T.);
#9540 = FACE_BOUND('',#9541,.T.);
#9541 = EDGE_LOOP('',(#9542,#9550,#9551,#9559));
#9542 = ORIENTED_EDGE('',*,*,#9543,.T.);
#9543 = EDGE_CURVE('',#9544,#9522,#9546,.T.);
#9544 = VERTEX_POINT('',#9545);
#9545 = CARTESIAN_POINT('',(0.375,0.6,0.));
#9546 = LINE('',#9547,#9548);
#9547 = CARTESIAN_POINT('',(0.375,0.6,0.));
#9548 = VECTOR('',#9549,1.);
#9549 = DIRECTION('',(0.,1.,0.));
#9550 = ORIENTED_EDGE('',*,*,#9521,.T.);
#9551 = ORIENTED_EDGE('',*,*,#9552,.F.);
#9552 = EDGE_CURVE('',#9553,#9514,#9555,.T.);
#9553 = VERTEX_POINT('',#9554);
#9554 = CARTESIAN_POINT('',(0.375,0.6,5.E-02));
#9555 = LINE('',#9556,#9557);
#9556 = CARTESIAN_POINT('',(0.375,0.6,5.E-02));
#9557 = VECTOR('',#9558,1.);
#9558 = DIRECTION('',(0.,1.,0.));
#9559 = ORIENTED_EDGE('',*,*,#9560,.F.);
#9560 = EDGE_CURVE('',#9544,#9553,#9561,.T.);
#9561 = LINE('',#9562,#9563);
#9562 = CARTESIAN_POINT('',(0.375,0.6,0.));
#9563 = VECTOR('',#9564,1.);
#9564 = DIRECTION('',(0.,0.,1.));
#9565 = PLANE('',#9566);
#9566 = AXIS2_PLACEMENT_3D('',#9567,#9568,#9569);
#9567 = CARTESIAN_POINT('',(0.375,0.6,0.));
#9568 = DIRECTION('',(1.,0.,0.));
#9569 = DIRECTION('',(-0.,1.,0.));
#9570 = ADVANCED_FACE('',(#9571),#9596,.T.);
#9571 = FACE_BOUND('',#9572,.T.);
#9572 = EDGE_LOOP('',(#9573,#9581,#9582,#9590));
#9573 = ORIENTED_EDGE('',*,*,#9574,.T.);
#9574 = EDGE_CURVE('',#9575,#9544,#9577,.T.);
#9575 = VERTEX_POINT('',#9576);
#9576 = CARTESIAN_POINT('',(0.125,0.6,0.));
#9577 = LINE('',#9578,#9579);
#9578 = CARTESIAN_POINT('',(0.125,0.6,0.));
#9579 = VECTOR('',#9580,1.);
#9580 = DIRECTION('',(1.,0.,0.));
#9581 = ORIENTED_EDGE('',*,*,#9560,.T.);
#9582 = ORIENTED_EDGE('',*,*,#9583,.F.);
#9583 = EDGE_CURVE('',#9584,#9553,#9586,.T.);
#9584 = VERTEX_POINT('',#9585);
#9585 = CARTESIAN_POINT('',(0.125,0.6,5.E-02));
#9586 = LINE('',#9587,#9588);
#9587 = CARTESIAN_POINT('',(0.125,0.6,5.E-02));
#9588 = VECTOR('',#9589,1.);
#9589 = DIRECTION('',(1.,0.,0.));
#9590 = ORIENTED_EDGE('',*,*,#9591,.F.);
#9591 = EDGE_CURVE('',#9575,#9584,#9592,.T.);
#9592 = LINE('',#9593,#9594);
#9593 = CARTESIAN_POINT('',(0.125,0.6,0.));
#9594 = VECTOR('',#9595,1.);
#9595 = DIRECTION('',(0.,0.,1.));
#9596 = PLANE('',#9597);
#9597 = AXIS2_PLACEMENT_3D('',#9598,#9599,#9600);
#9598 = CARTESIAN_POINT('',(0.125,0.6,0.));
#9599 = DIRECTION('',(0.,-1.,0.));
#9600 = DIRECTION('',(1.,0.,0.));
#9601 = ADVANCED_FACE('',(#9602),#9618,.T.);
#9602 = FACE_BOUND('',#9603,.T.);
#9603 = EDGE_LOOP('',(#9604,#9610,#9611,#9617));
#9604 = ORIENTED_EDGE('',*,*,#9605,.T.);
#9605 = EDGE_CURVE('',#9498,#9575,#9606,.T.);
#9606 = LINE('',#9607,#9608);
#9607 = CARTESIAN_POINT('',(0.125,1.,0.));
#9608 = VECTOR('',#9609,1.);
#9609 = DIRECTION('',(0.,-1.,0.));
#9610 = ORIENTED_EDGE('',*,*,#9591,.T.);
#9611 = ORIENTED_EDGE('',*,*,#9612,.F.);
#9612 = EDGE_CURVE('',#9506,#9584,#9613,.T.);
#9613 = LINE('',#9614,#9615);
#9614 = CARTESIAN_POINT('',(0.125,1.,5.E-02));
#9615 = VECTOR('',#9616,1.);
#9616 = DIRECTION('',(0.,-1.,0.));
#9617 = ORIENTED_EDGE('',*,*,#9505,.F.);
#9618 = PLANE('',#9619);
#9619 = AXIS2_PLACEMENT_3D('',#9620,#9621,#9622);
#9620 = CARTESIAN_POINT('',(0.125,1.,0.));
#9621 = DIRECTION('',(-1.,0.,0.));
#9622 = DIRECTION('',(0.,-1.,0.));
#9623 = ADVANCED_FACE('',(#9624),#9630,.T.);
#9624 = FACE_BOUND('',#9625,.T.);
#9625 = EDGE_LOOP('',(#9626,#9627,#9628,#9629));
#9626 = ORIENTED_EDGE('',*,*,#9513,.T.);
#9627 = ORIENTED_EDGE('',*,*,#9612,.T.);
#9628 = ORIENTED_EDGE('',*,*,#9583,.T.);
#9629 = ORIENTED_EDGE('',*,*,#9552,.T.);
#9630 = PLANE('',#9631);
#9631 = AXIS2_PLACEMENT_3D('',#9632,#9633,#9634);
#9632 = CARTESIAN_POINT('',(0.25,0.8,5.E-02));
#9633 = DIRECTION('',(0.,0.,1.));
#9634 = DIRECTION('',(1.,0.,-0.));
#9635 = ADVANCED_FACE('',(#9636),#9646,.F.);
#9636 = FACE_BOUND('',#9637,.T.);
#9637 = EDGE_LOOP('',(#9638,#9639,#9640,#9641,#9642,#9643,#9644,#9645));
#9638 = ORIENTED_EDGE('',*,*,#9385,.T.);
#9639 = ORIENTED_EDGE('',*,*,#9529,.F.);
#9640 = ORIENTED_EDGE('',*,*,#9543,.F.);
#9641 = ORIENTED_EDGE('',*,*,#9574,.F.);
#9642 = ORIENTED_EDGE('',*,*,#9605,.F.);
#9643 = ORIENTED_EDGE('',*,*,#9497,.F.);
#9644 = ORIENTED_EDGE('',*,*,#9480,.T.);
#9645 = ORIENTED_EDGE('',*,*,#9446,.T.);
#9646 = PLANE('',#9647);
#9647 = AXIS2_PLACEMENT_3D('',#9648,#9649,#9650);
#9648 = CARTESIAN_POINT('',(0.25,0.8,0.));
#9649 = DIRECTION('',(0.,0.,1.));
#9650 = DIRECTION('',(1.,0.,-0.));
#9651 = MANIFOLD_SOLID_BREP('',#9652);
#9652 = CLOSED_SHELL('',(#9653,#9693,#9733,#9755,#9772,#9821,#9861,#9895
    ,#9912,#9936,#9953));
#9653 = ADVANCED_FACE('',(#9654),#9688,.F.);
#9654 = FACE_BOUND('',#9655,.T.);
#9655 = EDGE_LOOP('',(#9656,#9666,#9674,#9682));
#9656 = ORIENTED_EDGE('',*,*,#9657,.F.);
#9657 = EDGE_CURVE('',#9658,#9660,#9662,.T.);
#9658 = VERTEX_POINT('',#9659);
#9659 = CARTESIAN_POINT('',(-1.,0.7,0.));
#9660 = VERTEX_POINT('',#9661);
#9661 = CARTESIAN_POINT('',(-0.93,0.7,0.));
#9662 = LINE('',#9663,#9664);
#9663 = CARTESIAN_POINT('',(-0.9,0.7,0.));
#9664 = VECTOR('',#9665,1.);
#9665 = DIRECTION('',(1.,0.,0.));
#9666 = ORIENTED_EDGE('',*,*,#9667,.F.);
#9667 = EDGE_CURVE('',#9668,#9658,#9670,.T.);
#9668 = VERTEX_POINT('',#9669);
#9669 = CARTESIAN_POINT('',(-1.,0.7,2.5E-02));
#9670 = LINE('',#9671,#9672);
#9671 = CARTESIAN_POINT('',(-1.,0.7,0.));
#9672 = VECTOR('',#9673,1.);
#9673 = DIRECTION('',(0.,0.,-1.));
#9674 = ORIENTED_EDGE('',*,*,#9675,.T.);
#9675 = EDGE_CURVE('',#9668,#9676,#9678,.T.);
#9676 = VERTEX_POINT('',#9677);
#9677 = CARTESIAN_POINT('',(-0.93,0.7,2.5E-02));
#9678 = LINE('',#9679,#9680);
#9679 = CARTESIAN_POINT('',(-0.93,0.7,2.5E-02));
#9680 = VECTOR('',#9681,1.);
#9681 = DIRECTION('',(1.,0.,0.));
#9682 = ORIENTED_EDGE('',*,*,#9683,.F.);
#9683 = EDGE_CURVE('',#9660,#9676,#9684,.T.);
#9684 = LINE('',#9685,#9686);
#9685 = CARTESIAN_POINT('',(-0.93,0.7,0.));
#9686 = VECTOR('',#9687,1.);
#9687 = DIRECTION('',(0.,0.,1.));
#9688 = PLANE('',#9689);
#9689 = AXIS2_PLACEMENT_3D('',#9690,#9691,#9692);
#9690 = CARTESIAN_POINT('',(-1.,0.7,0.));
#9691 = DIRECTION('',(0.,-1.,0.));
#9692 = DIRECTION('',(1.,0.,0.));
#9693 = ADVANCED_FACE('',(#9694),#9728,.F.);
#9694 = FACE_BOUND('',#9695,.T.);
#9695 = EDGE_LOOP('',(#9696,#9706,#9714,#9722));
#9696 = ORIENTED_EDGE('',*,*,#9697,.F.);
#9697 = EDGE_CURVE('',#9698,#9700,#9702,.T.);
#9698 = VERTEX_POINT('',#9699);
#9699 = CARTESIAN_POINT('',(-0.93,0.8,0.));
#9700 = VERTEX_POINT('',#9701);
#9701 = CARTESIAN_POINT('',(-1.,0.8,0.));
#9702 = LINE('',#9703,#9704);
#9703 = CARTESIAN_POINT('',(-0.865,0.8,0.));
#9704 = VECTOR('',#9705,1.);
#9705 = DIRECTION('',(-1.,0.,0.));
#9706 = ORIENTED_EDGE('',*,*,#9707,.T.);
#9707 = EDGE_CURVE('',#9698,#9708,#9710,.T.);
#9708 = VERTEX_POINT('',#9709);
#9709 = CARTESIAN_POINT('',(-0.93,0.8,2.5E-02));
#9710 = LINE('',#9711,#9712);
#9711 = CARTESIAN_POINT('',(-0.93,0.8,0.));
#9712 = VECTOR('',#9713,1.);
#9713 = DIRECTION('',(0.,0.,1.));
#9714 = ORIENTED_EDGE('',*,*,#9715,.T.);
#9715 = EDGE_CURVE('',#9708,#9716,#9718,.T.);
#9716 = VERTEX_POINT('',#9717);
#9717 = CARTESIAN_POINT('',(-1.,0.8,2.5E-02));
#9718 = LINE('',#9719,#9720);
#9719 = CARTESIAN_POINT('',(-1.,0.8,2.5E-02));
#9720 = VECTOR('',#9721,1.);
#9721 = DIRECTION('',(-1.,0.,0.));
#9722 = ORIENTED_EDGE('',*,*,#9723,.F.);
#9723 = EDGE_CURVE('',#9700,#9716,#9724,.T.);
#9724 = LINE('',#9725,#9726);
#9725 = CARTESIAN_POINT('',(-1.,0.8,0.));
#9726 = VECTOR('',#9727,1.);
#9727 = DIRECTION('',(0.,0.,1.));
#9728 = PLANE('',#9729);
#9729 = AXIS2_PLACEMENT_3D('',#9730,#9731,#9732);
#9730 = CARTESIAN_POINT('',(-0.93,0.8,0.));
#9731 = DIRECTION('',(0.,1.,0.));
#9732 = DIRECTION('',(-1.,0.,0.));
#9733 = ADVANCED_FACE('',(#9734),#9750,.F.);
#9734 = FACE_BOUND('',#9735,.T.);
#9735 = EDGE_LOOP('',(#9736,#9742,#9743,#9749));
#9736 = ORIENTED_EDGE('',*,*,#9737,.F.);
#9737 = EDGE_CURVE('',#9660,#9698,#9738,.T.);
#9738 = LINE('',#9739,#9740);
#9739 = CARTESIAN_POINT('',(-0.93,0.725,0.));
#9740 = VECTOR('',#9741,1.);
#9741 = DIRECTION('',(0.,1.,0.));
#9742 = ORIENTED_EDGE('',*,*,#9683,.T.);
#9743 = ORIENTED_EDGE('',*,*,#9744,.T.);
#9744 = EDGE_CURVE('',#9676,#9708,#9745,.T.);
#9745 = LINE('',#9746,#9747);
#9746 = CARTESIAN_POINT('',(-0.93,0.8,2.5E-02));
#9747 = VECTOR('',#9748,1.);
#9748 = DIRECTION('',(0.,1.,0.));
#9749 = ORIENTED_EDGE('',*,*,#9707,.F.);
#9750 = PLANE('',#9751);
#9751 = AXIS2_PLACEMENT_3D('',#9752,#9753,#9754);
#9752 = CARTESIAN_POINT('',(-0.93,0.7,0.));
#9753 = DIRECTION('',(1.,0.,0.));
#9754 = DIRECTION('',(-0.,1.,0.));
#9755 = ADVANCED_FACE('',(#9756),#9767,.F.);
#9756 = FACE_BOUND('',#9757,.T.);
#9757 = EDGE_LOOP('',(#9758,#9759,#9760,#9766));
#9758 = ORIENTED_EDGE('',*,*,#9744,.F.);
#9759 = ORIENTED_EDGE('',*,*,#9675,.F.);
#9760 = ORIENTED_EDGE('',*,*,#9761,.F.);
#9761 = EDGE_CURVE('',#9716,#9668,#9762,.T.);
#9762 = LINE('',#9763,#9764);
#9763 = CARTESIAN_POINT('',(-1.,0.8125,2.5E-02));
#9764 = VECTOR('',#9765,1.);
#9765 = DIRECTION('',(0.,-1.,0.));
#9766 = ORIENTED_EDGE('',*,*,#9715,.F.);
#9767 = PLANE('',#9768);
#9768 = AXIS2_PLACEMENT_3D('',#9769,#9770,#9771);
#9769 = CARTESIAN_POINT('',(-0.965,0.75,2.5E-02));
#9770 = DIRECTION('',(0.,0.,1.));
#9771 = DIRECTION('',(1.,0.,-0.));
#9772 = ADVANCED_FACE('',(#9773),#9816,.T.);
#9773 = FACE_BOUND('',#9774,.T.);
#9774 = EDGE_LOOP('',(#9775,#9776,#9777,#9778,#9786,#9794,#9802,#9810));
#9775 = ORIENTED_EDGE('',*,*,#9723,.T.);
#9776 = ORIENTED_EDGE('',*,*,#9761,.T.);
#9777 = ORIENTED_EDGE('',*,*,#9667,.T.);
#9778 = ORIENTED_EDGE('',*,*,#9779,.T.);
#9779 = EDGE_CURVE('',#9658,#9780,#9782,.T.);
#9780 = VERTEX_POINT('',#9781);
#9781 = CARTESIAN_POINT('',(-1.,0.625,0.));
#9782 = LINE('',#9783,#9784);
#9783 = CARTESIAN_POINT('',(-1.,0.875,0.));
#9784 = VECTOR('',#9785,1.);
#9785 = DIRECTION('',(0.,-1.,0.));
#9786 = ORIENTED_EDGE('',*,*,#9787,.T.);
#9787 = EDGE_CURVE('',#9780,#9788,#9790,.T.);
#9788 = VERTEX_POINT('',#9789);
#9789 = CARTESIAN_POINT('',(-1.,0.625,5.E-02));
#9790 = LINE('',#9791,#9792);
#9791 = CARTESIAN_POINT('',(-1.,0.625,0.));
#9792 = VECTOR('',#9793,1.);
#9793 = DIRECTION('',(0.,0.,1.));
#9794 = ORIENTED_EDGE('',*,*,#9795,.F.);
#9795 = EDGE_CURVE('',#9796,#9788,#9798,.T.);
#9796 = VERTEX_POINT('',#9797);
#9797 = CARTESIAN_POINT('',(-1.,0.875,5.E-02));
#9798 = LINE('',#9799,#9800);
#9799 = CARTESIAN_POINT('',(-1.,0.875,5.E-02));
#9800 = VECTOR('',#9801,1.);
#9801 = DIRECTION('',(0.,-1.,0.));
#9802 = ORIENTED_EDGE('',*,*,#9803,.F.);
#9803 = EDGE_CURVE('',#9804,#9796,#9806,.T.);
#9804 = VERTEX_POINT('',#9805);
#9805 = CARTESIAN_POINT('',(-1.,0.875,0.));
#9806 = LINE('',#9807,#9808);
#9807 = CARTESIAN_POINT('',(-1.,0.875,0.));
#9808 = VECTOR('',#9809,1.);
#9809 = DIRECTION('',(0.,0.,1.));
#9810 = ORIENTED_EDGE('',*,*,#9811,.T.);
#9811 = EDGE_CURVE('',#9804,#9700,#9812,.T.);
#9812 = LINE('',#9813,#9814);
#9813 = CARTESIAN_POINT('',(-1.,0.875,0.));
#9814 = VECTOR('',#9815,1.);
#9815 = DIRECTION('',(0.,-1.,0.));
#9816 = PLANE('',#9817);
#9817 = AXIS2_PLACEMENT_3D('',#9818,#9819,#9820);
#9818 = CARTESIAN_POINT('',(-1.,0.875,0.));
#9819 = DIRECTION('',(-1.,0.,0.));
#9820 = DIRECTION('',(0.,-1.,0.));
#9821 = ADVANCED_FACE('',(#9822),#9856,.T.);
#9822 = FACE_BOUND('',#9823,.T.);
#9823 = EDGE_LOOP('',(#9824,#9834,#9842,#9850));
#9824 = ORIENTED_EDGE('',*,*,#9825,.T.);
#9825 = EDGE_CURVE('',#9826,#9828,#9830,.T.);
#9826 = VERTEX_POINT('',#9827);
#9827 = CARTESIAN_POINT('',(-0.6,0.708333333333,5.E-02));
#9828 = VERTEX_POINT('',#9829);
#9829 = CARTESIAN_POINT('',(-0.683333333333,0.625,5.E-02));
#9830 = LINE('',#9831,#9832);
#9831 = CARTESIAN_POINT('',(-0.660416666667,0.647916666667,5.E-02));
#9832 = VECTOR('',#9833,1.);
#9833 = DIRECTION('',(-0.707106781187,-0.707106781187,0.));
#9834 = ORIENTED_EDGE('',*,*,#9835,.T.);
#9835 = EDGE_CURVE('',#9828,#9836,#9838,.T.);
#9836 = VERTEX_POINT('',#9837);
#9837 = CARTESIAN_POINT('',(-0.683333333333,0.625,0.));
#9838 = LINE('',#9839,#9840);
#9839 = CARTESIAN_POINT('',(-0.683333333333,0.625,0.));
#9840 = VECTOR('',#9841,1.);
#9841 = DIRECTION('',(0.,0.,-1.));
#9842 = ORIENTED_EDGE('',*,*,#9843,.T.);
#9843 = EDGE_CURVE('',#9836,#9844,#9846,.T.);
#9844 = VERTEX_POINT('',#9845);
#9845 = CARTESIAN_POINT('',(-0.6,0.708333333333,0.));
#9846 = LINE('',#9847,#9848);
#9847 = CARTESIAN_POINT('',(-0.660416666667,0.647916666667,0.));
#9848 = VECTOR('',#9849,1.);
#9849 = DIRECTION('',(0.707106781187,0.707106781187,0.));
#9850 = ORIENTED_EDGE('',*,*,#9851,.T.);
#9851 = EDGE_CURVE('',#9844,#9826,#9852,.T.);
#9852 = LINE('',#9853,#9854);
#9853 = CARTESIAN_POINT('',(-0.6,0.708333333333,0.));
#9854 = VECTOR('',#9855,1.);
#9855 = DIRECTION('',(0.,0.,1.));
#9856 = PLANE('',#9857);
#9857 = AXIS2_PLACEMENT_3D('',#9858,#9859,#9860);
#9858 = CARTESIAN_POINT('',(-0.641666666667,0.666666666667,0.));
#9859 = DIRECTION('',(0.707106781187,-0.707106781187,0.));
#9860 = DIRECTION('',(0.,0.,-1.));
#9861 = ADVANCED_FACE('',(#9862),#9890,.F.);
#9862 = FACE_BOUND('',#9863,.T.);
#9863 = EDGE_LOOP('',(#9864,#9865,#9866,#9874,#9880,#9881,#9887,#9888,
    #9889));
#9864 = ORIENTED_EDGE('',*,*,#9697,.T.);
#9865 = ORIENTED_EDGE('',*,*,#9811,.F.);
#9866 = ORIENTED_EDGE('',*,*,#9867,.F.);
#9867 = EDGE_CURVE('',#9868,#9804,#9870,.T.);
#9868 = VERTEX_POINT('',#9869);
#9869 = CARTESIAN_POINT('',(-0.6,0.875,0.));
#9870 = LINE('',#9871,#9872);
#9871 = CARTESIAN_POINT('',(-0.6,0.875,0.));
#9872 = VECTOR('',#9873,1.);
#9873 = DIRECTION('',(-1.,0.,0.));
#9874 = ORIENTED_EDGE('',*,*,#9875,.F.);
#9875 = EDGE_CURVE('',#9844,#9868,#9876,.T.);
#9876 = LINE('',#9877,#9878);
#9877 = CARTESIAN_POINT('',(-0.6,0.625,0.));
#9878 = VECTOR('',#9879,1.);
#9879 = DIRECTION('',(2.775557561563E-16,1.,0.));
#9880 = ORIENTED_EDGE('',*,*,#9843,.F.);
#9881 = ORIENTED_EDGE('',*,*,#9882,.F.);
#9882 = EDGE_CURVE('',#9780,#9836,#9883,.T.);
#9883 = LINE('',#9884,#9885);
#9884 = CARTESIAN_POINT('',(-1.,0.625,0.));
#9885 = VECTOR('',#9886,1.);
#9886 = DIRECTION('',(1.,0.,0.));
#9887 = ORIENTED_EDGE('',*,*,#9779,.F.);
#9888 = ORIENTED_EDGE('',*,*,#9657,.T.);
#9889 = ORIENTED_EDGE('',*,*,#9737,.T.);
#9890 = PLANE('',#9891);
#9891 = AXIS2_PLACEMENT_3D('',#9892,#9893,#9894);
#9892 = CARTESIAN_POINT('',(-0.8,0.75,0.));
#9893 = DIRECTION('',(0.,0.,1.));
#9894 = DIRECTION('',(1.,0.,-0.));
#9895 = ADVANCED_FACE('',(#9896),#9907,.T.);
#9896 = FACE_BOUND('',#9897,.T.);
#9897 = EDGE_LOOP('',(#9898,#9899,#9905,#9906));
#9898 = ORIENTED_EDGE('',*,*,#9835,.F.);
#9899 = ORIENTED_EDGE('',*,*,#9900,.F.);
#9900 = EDGE_CURVE('',#9788,#9828,#9901,.T.);
#9901 = LINE('',#9902,#9903);
#9902 = CARTESIAN_POINT('',(-1.,0.625,5.E-02));
#9903 = VECTOR('',#9904,1.);
#9904 = DIRECTION('',(1.,0.,0.));
#9905 = ORIENTED_EDGE('',*,*,#9787,.F.);
#9906 = ORIENTED_EDGE('',*,*,#9882,.T.);
#9907 = PLANE('',#9908);
#9908 = AXIS2_PLACEMENT_3D('',#9909,#9910,#9911);
#9909 = CARTESIAN_POINT('',(-1.,0.625,0.));
#9910 = DIRECTION('',(0.,-1.,0.));
#9911 = DIRECTION('',(1.,0.,0.));
#9912 = ADVANCED_FACE('',(#9913),#9931,.T.);
#9913 = FACE_BOUND('',#9914,.T.);
#9914 = EDGE_LOOP('',(#9915,#9916,#9917,#9925));
#9915 = ORIENTED_EDGE('',*,*,#9867,.T.);
#9916 = ORIENTED_EDGE('',*,*,#9803,.T.);
#9917 = ORIENTED_EDGE('',*,*,#9918,.F.);
#9918 = EDGE_CURVE('',#9919,#9796,#9921,.T.);
#9919 = VERTEX_POINT('',#9920);
#9920 = CARTESIAN_POINT('',(-0.6,0.875,5.E-02));
#9921 = LINE('',#9922,#9923);
#9922 = CARTESIAN_POINT('',(-0.6,0.875,5.E-02));
#9923 = VECTOR('',#9924,1.);
#9924 = DIRECTION('',(-1.,0.,0.));
#9925 = ORIENTED_EDGE('',*,*,#9926,.F.);
#9926 = EDGE_CURVE('',#9868,#9919,#9927,.T.);
#9927 = LINE('',#9928,#9929);
#9928 = CARTESIAN_POINT('',(-0.6,0.875,0.));
#9929 = VECTOR('',#9930,1.);
#9930 = DIRECTION('',(0.,0.,1.));
#9931 = PLANE('',#9932);
#9932 = AXIS2_PLACEMENT_3D('',#9933,#9934,#9935);
#9933 = CARTESIAN_POINT('',(-0.6,0.875,0.));
#9934 = DIRECTION('',(0.,1.,0.));
#9935 = DIRECTION('',(-1.,0.,0.));
#9936 = ADVANCED_FACE('',(#9937),#9948,.T.);
#9937 = FACE_BOUND('',#9938,.T.);
#9938 = EDGE_LOOP('',(#9939,#9940,#9941,#9942));
#9939 = ORIENTED_EDGE('',*,*,#9851,.F.);
#9940 = ORIENTED_EDGE('',*,*,#9875,.T.);
#9941 = ORIENTED_EDGE('',*,*,#9926,.T.);
#9942 = ORIENTED_EDGE('',*,*,#9943,.F.);
#9943 = EDGE_CURVE('',#9826,#9919,#9944,.T.);
#9944 = LINE('',#9945,#9946);
#9945 = CARTESIAN_POINT('',(-0.6,0.625,5.E-02));
#9946 = VECTOR('',#9947,1.);
#9947 = DIRECTION('',(2.775557561563E-16,1.,0.));
#9948 = PLANE('',#9949);
#9949 = AXIS2_PLACEMENT_3D('',#9950,#9951,#9952);
#9950 = CARTESIAN_POINT('',(-0.6,0.625,0.));
#9951 = DIRECTION('',(1.,-2.775557561563E-16,0.));
#9952 = DIRECTION('',(2.775557561563E-16,1.,0.));
#9953 = ADVANCED_FACE('',(#9954),#9961,.T.);
#9954 = FACE_BOUND('',#9955,.T.);
#9955 = EDGE_LOOP('',(#9956,#9957,#9958,#9959,#9960));
#9956 = ORIENTED_EDGE('',*,*,#9825,.F.);
#9957 = ORIENTED_EDGE('',*,*,#9943,.T.);
#9958 = ORIENTED_EDGE('',*,*,#9918,.T.);
#9959 = ORIENTED_EDGE('',*,*,#9795,.T.);
#9960 = ORIENTED_EDGE('',*,*,#9900,.T.);
#9961 = PLANE('',#9962);
#9962 = AXIS2_PLACEMENT_3D('',#9963,#9964,#9965);
#9963 = CARTESIAN_POINT('',(-0.8,0.75,5.E-02));
#9964 = DIRECTION('',(0.,0.,1.));
#9965 = DIRECTION('',(1.,0.,-0.));
#9966 = ( GEOMETRIC_REPRESENTATION_CONTEXT(3) 
GLOBAL_UNCERTAINTY_ASSIGNED_CONTEXT((#9970)) 
GLOBAL_UNIT_ASSIGNED_CONTEXT((#9967,#9968,#9969)) REPRESENTATION_CONTEXT
('Context #1','3D Context with UNIT and UNCERTAINTY') );
#9967 = ( LENGTH_UNIT() NAMED_UNIT(*) SI_UNIT(.MILLI.,.METRE.) );
#9968 = ( NAMED_UNIT(*) PLANE_ANGLE_UNIT() SI_UNIT($,.RADIAN.) );
#9969 = ( NAMED_UNIT(*) SI_UNIT($,.STERADIAN.) SOLID_ANGLE_UNIT() );
#9970 = UNCERTAINTY_MEASURE_WITH_UNIT(LENGTH_MEASURE(1.E-07),#9967,
  'distance_accuracy_value','confusion accuracy');
#9971 = SHAPE_DEFINITION_REPRESENTATION(#9972,#6548);
#9972 = PRODUCT_DEFINITION_SHAPE('','',#9973);
#9973 = PRODUCT_DEFINITION('design','',#9974,#9977);
#9974 = PRODUCT_DEFINITION_FORMATION('','',#9975);
#9975 = PRODUCT('terminals','terminals','',(#9976));
#9976 = PRODUCT_CONTEXT('',#2,'mechanical');
#9977 = PRODUCT_DEFINITION_CONTEXT('part definition',#2,'design');
#9978 = CONTEXT_DEPENDENT_SHAPE_REPRESENTATION(#9979,#9981);
#9979 = ( REPRESENTATION_RELATIONSHIP('','',#6548,#3309) 
REPRESENTATION_RELATIONSHIP_WITH_TRANSFORMATION(#9980) 
SHAPE_REPRESENTATION_RELATIONSHIP() );
#9980 = ITEM_DEFINED_TRANSFORMATION('','',#11,#3322);
#9981 = PRODUCT_DEFINITION_SHAPE('Placement','Placement of an item',
  #9982);
#9982 = NEXT_ASSEMBLY_USAGE_OCCURRENCE('286','terminals:1','',#3304,
  #9973,$);
#9983 = PRODUCT_RELATED_PRODUCT_CATEGORY('part',$,(#9975));
#9984 = CONTEXT_DEPENDENT_SHAPE_REPRESENTATION(#9985,#9987);
#9985 = ( REPRESENTATION_RELATIONSHIP('','',#3309,#3292) 
REPRESENTATION_RELATIONSHIP_WITH_TRANSFORMATION(#9986) 
SHAPE_REPRESENTATION_RELATIONSHIP() );
#9986 = ITEM_DEFINED_TRANSFORMATION('','',#11,#3293);
#9987 = PRODUCT_DEFINITION_SHAPE('Placement','Placement of an item',
  #9988);
#9988 = NEXT_ASSEMBLY_USAGE_OCCURRENCE('287','','',#3287,#3304,$);
#9989 = PRODUCT_RELATED_PRODUCT_CATEGORY('part',$,(#3306));
#9990 = CONTEXT_DEPENDENT_SHAPE_REPRESENTATION(#9991,#9993);
#9991 = ( REPRESENTATION_RELATIONSHIP('','',#3292,#10) 
REPRESENTATION_RELATIONSHIP_WITH_TRANSFORMATION(#9992) 
SHAPE_REPRESENTATION_RELATIONSHIP() );
#9992 = ITEM_DEFINED_TRANSFORMATION('','',#11,#27);
#9993 = PRODUCT_DEFINITION_SHAPE('Placement','Placement of an item',
  #9994);
#9994 = NEXT_ASSEMBLY_USAGE_OCCURRENCE('288','','',#5,#3287,$);
#9995 = PRODUCT_RELATED_PRODUCT_CATEGORY('part',$,(#3289));
#9996 = SHAPE_DEFINITION_REPRESENTATION(#9997,#10003);
#9997 = PRODUCT_DEFINITION_SHAPE('','',#9998);
#9998 = PRODUCT_DEFINITION('design','',#9999,#10002);
#9999 = PRODUCT_DEFINITION_FORMATION('','',#10000);
#10000 = PRODUCT('C2','C2','',(#10001));
#10001 = PRODUCT_CONTEXT('',#2,'mechanical');
#10002 = PRODUCT_DEFINITION_CONTEXT('part definition',#2,'design');
#10003 = SHAPE_REPRESENTATION('',(#11,#10004,#10008,#10012),#10016);
#10004 = AXIS2_PLACEMENT_3D('',#10005,#10006,#10007);
#10005 = CARTESIAN_POINT('',(-6.975001861572,-1.775,0.));
#10006 = DIRECTION('',(0.,0.,1.));
#10007 = DIRECTION('',(1.,0.,0.));
#10008 = AXIS2_PLACEMENT_3D('',#10009,#10010,#10011);
#10009 = CARTESIAN_POINT('',(-6.550002624512,-1.775,0.));
#10010 = DIRECTION('',(0.,0.,1.));
#10011 = DIRECTION('',(1.,0.,0.));
#10012 = AXIS2_PLACEMENT_3D('',#10013,#10014,#10015);
#10013 = CARTESIAN_POINT('',(-7.400003005981,-1.775,0.));
#10014 = DIRECTION('',(0.,0.,1.));
#10015 = DIRECTION('',(1.,0.,0.));
#10016 = ( GEOMETRIC_REPRESENTATION_CONTEXT(3) 
GLOBAL_UNCERTAINTY_ASSIGNED_CONTEXT((#10020)) 
GLOBAL_UNIT_ASSIGNED_CONTEXT((#10017,#10018,#10019)) 
REPRESENTATION_CONTEXT('Context #1',
  '3D Context with UNIT and UNCERTAINTY') );
#10017 = ( LENGTH_UNIT() NAMED_UNIT(*) SI_UNIT(.MILLI.,.METRE.) );
#10018 = ( NAMED_UNIT(*) PLANE_ANGLE_UNIT() SI_UNIT($,.RADIAN.) );
#10019 = ( NAMED_UNIT(*) SI_UNIT($,.STERADIAN.) SOLID_ANGLE_UNIT() );
#10020 = UNCERTAINTY_MEASURE_WITH_UNIT(LENGTH_MEASURE(1.E-07),#10017,
  'distance_accuracy_value','confusion accuracy');
#10021 = SHAPE_DEFINITION_REPRESENTATION(#10022,#10028);
#10022 = PRODUCT_DEFINITION_SHAPE('','',#10023);
#10023 = PRODUCT_DEFINITION('design','',#10024,#10027);
#10024 = PRODUCT_DEFINITION_FORMATION('','',#10025);
#10025 = PRODUCT('6311558048','6311558048','',(#10026));
#10026 = PRODUCT_CONTEXT('',#2,'mechanical');
#10027 = PRODUCT_DEFINITION_CONTEXT('part definition',#2,'design');
#10028 = SHAPE_REPRESENTATION('',(#11,#10029),#10033);
#10029 = AXIS2_PLACEMENT_3D('',#10030,#10031,#10032);
#10030 = CARTESIAN_POINT('',(0.,0.,0.));
#10031 = DIRECTION('',(0.,0.,1.));
#10032 = DIRECTION('',(1.,0.,0.));
#10033 = ( GEOMETRIC_REPRESENTATION_CONTEXT(3) 
GLOBAL_UNCERTAINTY_ASSIGNED_CONTEXT((#10037)) 
GLOBAL_UNIT_ASSIGNED_CONTEXT((#10034,#10035,#10036)) 
REPRESENTATION_CONTEXT('Context #1',
  '3D Context with UNIT and UNCERTAINTY') );
#10034 = ( LENGTH_UNIT() NAMED_UNIT(*) SI_UNIT(.MILLI.,.METRE.) );
#10035 = ( NAMED_UNIT(*) PLANE_ANGLE_UNIT() SI_UNIT($,.RADIAN.) );
#10036 = ( NAMED_UNIT(*) SI_UNIT($,.STERADIAN.) SOLID_ANGLE_UNIT() );
#10037 = UNCERTAINTY_MEASURE_WITH_UNIT(LENGTH_MEASURE(1.E-07),#10034,
  'distance_accuracy_value','confusion accuracy');
#10038 = ADVANCED_BREP_SHAPE_REPRESENTATION('',(#11,#10039),#10189);
#10039 = MANIFOLD_SOLID_BREP('',#10040);
#10040 = CLOSED_SHELL('',(#10041,#10081,#10112,#10143,#10165,#10177));
#10041 = ADVANCED_FACE('',(#10042),#10076,.F.);
#10042 = FACE_BOUND('',#10043,.F.);
#10043 = EDGE_LOOP('',(#10044,#10054,#10062,#10070));
#10044 = ORIENTED_EDGE('',*,*,#10045,.T.);
#10045 = EDGE_CURVE('',#10046,#10048,#10050,.T.);
#10046 = VERTEX_POINT('',#10047);
#10047 = CARTESIAN_POINT('',(-0.2999994,0.27499818,0.));
#10048 = VERTEX_POINT('',#10049);
#10049 = CARTESIAN_POINT('',(-0.2999994,0.27499818,0.2999994));
#10050 = LINE('',#10051,#10052);
#10051 = CARTESIAN_POINT('',(-0.2999994,0.27499818,0.));
#10052 = VECTOR('',#10053,1.);
#10053 = DIRECTION('',(0.,0.,1.));
#10054 = ORIENTED_EDGE('',*,*,#10055,.T.);
#10055 = EDGE_CURVE('',#10048,#10056,#10058,.T.);
#10056 = VERTEX_POINT('',#10057);
#10057 = CARTESIAN_POINT('',(-0.2999994,-0.27500072,0.2999994));
#10058 = LINE('',#10059,#10060);
#10059 = CARTESIAN_POINT('',(-0.2999994,0.27499818,0.2999994));
#10060 = VECTOR('',#10061,1.);
#10061 = DIRECTION('',(0.,-1.,0.));
#10062 = ORIENTED_EDGE('',*,*,#10063,.F.);
#10063 = EDGE_CURVE('',#10064,#10056,#10066,.T.);
#10064 = VERTEX_POINT('',#10065);
#10065 = CARTESIAN_POINT('',(-0.2999994,-0.27500072,0.));
#10066 = LINE('',#10067,#10068);
#10067 = CARTESIAN_POINT('',(-0.2999994,-0.27500072,0.));
#10068 = VECTOR('',#10069,1.);
#10069 = DIRECTION('',(0.,0.,1.));
#10070 = ORIENTED_EDGE('',*,*,#10071,.F.);
#10071 = EDGE_CURVE('',#10046,#10064,#10072,.T.);
#10072 = LINE('',#10073,#10074);
#10073 = CARTESIAN_POINT('',(-0.2999994,0.27499818,0.));
#10074 = VECTOR('',#10075,1.);
#10075 = DIRECTION('',(0.,-1.,0.));
#10076 = PLANE('',#10077);
#10077 = AXIS2_PLACEMENT_3D('',#10078,#10079,#10080);
#10078 = CARTESIAN_POINT('',(-0.2999994,0.27499818,0.));
#10079 = DIRECTION('',(1.,0.,-0.));
#10080 = DIRECTION('',(0.,-1.,0.));
#10081 = ADVANCED_FACE('',(#10082),#10107,.F.);
#10082 = FACE_BOUND('',#10083,.F.);
#10083 = EDGE_LOOP('',(#10084,#10085,#10093,#10101));
#10084 = ORIENTED_EDGE('',*,*,#10063,.T.);
#10085 = ORIENTED_EDGE('',*,*,#10086,.T.);
#10086 = EDGE_CURVE('',#10056,#10087,#10089,.T.);
#10087 = VERTEX_POINT('',#10088);
#10088 = CARTESIAN_POINT('',(0.30000194,-0.27500072,0.2999994));
#10089 = LINE('',#10090,#10091);
#10090 = CARTESIAN_POINT('',(-0.2999994,-0.27500072,0.2999994));
#10091 = VECTOR('',#10092,1.);
#10092 = DIRECTION('',(1.,0.,0.));
#10093 = ORIENTED_EDGE('',*,*,#10094,.F.);
#10094 = EDGE_CURVE('',#10095,#10087,#10097,.T.);
#10095 = VERTEX_POINT('',#10096);
#10096 = CARTESIAN_POINT('',(0.30000194,-0.27500072,0.));
#10097 = LINE('',#10098,#10099);
#10098 = CARTESIAN_POINT('',(0.30000194,-0.27500072,0.));
#10099 = VECTOR('',#10100,1.);
#10100 = DIRECTION('',(0.,0.,1.));
#10101 = ORIENTED_EDGE('',*,*,#10102,.F.);
#10102 = EDGE_CURVE('',#10064,#10095,#10103,.T.);
#10103 = LINE('',#10104,#10105);
#10104 = CARTESIAN_POINT('',(-0.2999994,-0.27500072,0.));
#10105 = VECTOR('',#10106,1.);
#10106 = DIRECTION('',(1.,0.,0.));
#10107 = PLANE('',#10108);
#10108 = AXIS2_PLACEMENT_3D('',#10109,#10110,#10111);
#10109 = CARTESIAN_POINT('',(-0.2999994,-0.27500072,0.));
#10110 = DIRECTION('',(0.,1.,0.));
#10111 = DIRECTION('',(1.,0.,0.));
#10112 = ADVANCED_FACE('',(#10113),#10138,.F.);
#10113 = FACE_BOUND('',#10114,.F.);
#10114 = EDGE_LOOP('',(#10115,#10116,#10124,#10132));
#10115 = ORIENTED_EDGE('',*,*,#10094,.T.);
#10116 = ORIENTED_EDGE('',*,*,#10117,.T.);
#10117 = EDGE_CURVE('',#10087,#10118,#10120,.T.);
#10118 = VERTEX_POINT('',#10119);
#10119 = CARTESIAN_POINT('',(0.30000194,0.27499818,0.2999994));
#10120 = LINE('',#10121,#10122);
#10121 = CARTESIAN_POINT('',(0.30000194,-0.27500072,0.2999994));
#10122 = VECTOR('',#10123,1.);
#10123 = DIRECTION('',(0.,1.,0.));
#10124 = ORIENTED_EDGE('',*,*,#10125,.F.);
#10125 = EDGE_CURVE('',#10126,#10118,#10128,.T.);
#10126 = VERTEX_POINT('',#10127);
#10127 = CARTESIAN_POINT('',(0.30000194,0.27499818,0.));
#10128 = LINE('',#10129,#10130);
#10129 = CARTESIAN_POINT('',(0.30000194,0.27499818,0.));
#10130 = VECTOR('',#10131,1.);
#10131 = DIRECTION('',(0.,0.,1.));
#10132 = ORIENTED_EDGE('',*,*,#10133,.F.);
#10133 = EDGE_CURVE('',#10095,#10126,#10134,.T.);
#10134 = LINE('',#10135,#10136);
#10135 = CARTESIAN_POINT('',(0.30000194,-0.27500072,0.));
#10136 = VECTOR('',#10137,1.);
#10137 = DIRECTION('',(0.,1.,0.));
#10138 = PLANE('',#10139);
#10139 = AXIS2_PLACEMENT_3D('',#10140,#10141,#10142);
#10140 = CARTESIAN_POINT('',(0.30000194,-0.27500072,0.));
#10141 = DIRECTION('',(-1.,0.,0.));
#10142 = DIRECTION('',(0.,1.,0.));
#10143 = ADVANCED_FACE('',(#10144),#10160,.F.);
#10144 = FACE_BOUND('',#10145,.F.);
#10145 = EDGE_LOOP('',(#10146,#10147,#10153,#10154));
#10146 = ORIENTED_EDGE('',*,*,#10125,.T.);
#10147 = ORIENTED_EDGE('',*,*,#10148,.T.);
#10148 = EDGE_CURVE('',#10118,#10048,#10149,.T.);
#10149 = LINE('',#10150,#10151);
#10150 = CARTESIAN_POINT('',(0.30000194,0.27499818,0.2999994));
#10151 = VECTOR('',#10152,1.);
#10152 = DIRECTION('',(-1.,0.,0.));
#10153 = ORIENTED_EDGE('',*,*,#10045,.F.);
#10154 = ORIENTED_EDGE('',*,*,#10155,.F.);
#10155 = EDGE_CURVE('',#10126,#10046,#10156,.T.);
#10156 = LINE('',#10157,#10158);
#10157 = CARTESIAN_POINT('',(0.30000194,0.27499818,0.));
#10158 = VECTOR('',#10159,1.);
#10159 = DIRECTION('',(-1.,0.,0.));
#10160 = PLANE('',#10161);
#10161 = AXIS2_PLACEMENT_3D('',#10162,#10163,#10164);
#10162 = CARTESIAN_POINT('',(0.30000194,0.27499818,0.));
#10163 = DIRECTION('',(0.,-1.,0.));
#10164 = DIRECTION('',(-1.,0.,0.));
#10165 = ADVANCED_FACE('',(#10166),#10172,.F.);
#10166 = FACE_BOUND('',#10167,.F.);
#10167 = EDGE_LOOP('',(#10168,#10169,#10170,#10171));
#10168 = ORIENTED_EDGE('',*,*,#10071,.T.);
#10169 = ORIENTED_EDGE('',*,*,#10102,.T.);
#10170 = ORIENTED_EDGE('',*,*,#10133,.T.);
#10171 = ORIENTED_EDGE('',*,*,#10155,.T.);
#10172 = PLANE('',#10173);
#10173 = AXIS2_PLACEMENT_3D('',#10174,#10175,#10176);
#10174 = CARTESIAN_POINT('',(1.269999999993E-06,-1.270000000018E-06,0.)
  );
#10175 = DIRECTION('',(0.,0.,1.));
#10176 = DIRECTION('',(1.,0.,-0.));
#10177 = ADVANCED_FACE('',(#10178),#10184,.T.);
#10178 = FACE_BOUND('',#10179,.T.);
#10179 = EDGE_LOOP('',(#10180,#10181,#10182,#10183));
#10180 = ORIENTED_EDGE('',*,*,#10055,.T.);
#10181 = ORIENTED_EDGE('',*,*,#10086,.T.);
#10182 = ORIENTED_EDGE('',*,*,#10117,.T.);
#10183 = ORIENTED_EDGE('',*,*,#10148,.T.);
#10184 = PLANE('',#10185);
#10185 = AXIS2_PLACEMENT_3D('',#10186,#10187,#10188);
#10186 = CARTESIAN_POINT('',(1.269999999993E-06,-1.270000000018E-06,
    0.2999994));
#10187 = DIRECTION('',(0.,0.,1.));
#10188 = DIRECTION('',(1.,0.,-0.));
#10189 = ( GEOMETRIC_REPRESENTATION_CONTEXT(3) 
GLOBAL_UNCERTAINTY_ASSIGNED_CONTEXT((#10193)) 
GLOBAL_UNIT_ASSIGNED_CONTEXT((#10190,#10191,#10192)) 
REPRESENTATION_CONTEXT('Context #1',
  '3D Context with UNIT and UNCERTAINTY') );
#10190 = ( LENGTH_UNIT() NAMED_UNIT(*) SI_UNIT(.MILLI.,.METRE.) );
#10191 = ( NAMED_UNIT(*) PLANE_ANGLE_UNIT() SI_UNIT($,.RADIAN.) );
#10192 = ( NAMED_UNIT(*) SI_UNIT($,.STERADIAN.) SOLID_ANGLE_UNIT() );
#10193 = UNCERTAINTY_MEASURE_WITH_UNIT(LENGTH_MEASURE(1.E-07),#10190,
  'distance_accuracy_value','confusion accuracy');
#10194 = SHAPE_DEFINITION_REPRESENTATION(#10195,#10038);
#10195 = PRODUCT_DEFINITION_SHAPE('','',#10196);
#10196 = PRODUCT_DEFINITION('design','',#10197,#10200);
#10197 = PRODUCT_DEFINITION_FORMATION('','',#10198);
#10198 = PRODUCT('Extruded','Extruded','',(#10199));
#10199 = PRODUCT_CONTEXT('',#2,'mechanical');
#10200 = PRODUCT_DEFINITION_CONTEXT('part definition',#2,'design');
#10201 = CONTEXT_DEPENDENT_SHAPE_REPRESENTATION(#10202,#10204);
#10202 = ( REPRESENTATION_RELATIONSHIP('','',#10038,#10028) 
REPRESENTATION_RELATIONSHIP_WITH_TRANSFORMATION(#10203) 
SHAPE_REPRESENTATION_RELATIONSHIP() );
#10203 = ITEM_DEFINED_TRANSFORMATION('','',#11,#10029);
#10204 = PRODUCT_DEFINITION_SHAPE('Placement','Placement of an item',
  #10205);
#10205 = NEXT_ASSEMBLY_USAGE_OCCURRENCE('289','5','',#10023,#10196,$);
#10206 = PRODUCT_RELATED_PRODUCT_CATEGORY('part',$,(#10198));
#10207 = CONTEXT_DEPENDENT_SHAPE_REPRESENTATION(#10208,#10210);
#10208 = ( REPRESENTATION_RELATIONSHIP('','',#10028,#10003) 
REPRESENTATION_RELATIONSHIP_WITH_TRANSFORMATION(#10209) 
SHAPE_REPRESENTATION_RELATIONSHIP() );
#10209 = ITEM_DEFINED_TRANSFORMATION('','',#11,#10004);
#10210 = PRODUCT_DEFINITION_SHAPE('Placement','Placement of an item',
  #10211);
#10211 = NEXT_ASSEMBLY_USAGE_OCCURRENCE('290','','',#9998,#10023,$);
#10212 = PRODUCT_RELATED_PRODUCT_CATEGORY('part',$,(#10025));
#10213 = SHAPE_DEFINITION_REPRESENTATION(#10214,#10220);
#10214 = PRODUCT_DEFINITION_SHAPE('','',#10215);
#10215 = PRODUCT_DEFINITION('design','',#10216,#10219);
#10216 = PRODUCT_DEFINITION_FORMATION('','',#10217);
#10217 = PRODUCT('6311558448','6311558448','',(#10218));
#10218 = PRODUCT_CONTEXT('',#2,'mechanical');
#10219 = PRODUCT_DEFINITION_CONTEXT('part definition',#2,'design');
#10220 = SHAPE_REPRESENTATION('',(#11,#10221),#10225);
#10221 = AXIS2_PLACEMENT_3D('',#10222,#10223,#10224);
#10222 = CARTESIAN_POINT('',(0.,0.,0.));
#10223 = DIRECTION('',(0.,0.,1.));
#10224 = DIRECTION('',(1.,0.,0.));
#10225 = ( GEOMETRIC_REPRESENTATION_CONTEXT(3) 
GLOBAL_UNCERTAINTY_ASSIGNED_CONTEXT((#10229)) 
GLOBAL_UNIT_ASSIGNED_CONTEXT((#10226,#10227,#10228)) 
REPRESENTATION_CONTEXT('Context #1',
  '3D Context with UNIT and UNCERTAINTY') );
#10226 = ( LENGTH_UNIT() NAMED_UNIT(*) SI_UNIT(.MILLI.,.METRE.) );
#10227 = ( NAMED_UNIT(*) PLANE_ANGLE_UNIT() SI_UNIT($,.RADIAN.) );
#10228 = ( NAMED_UNIT(*) SI_UNIT($,.STERADIAN.) SOLID_ANGLE_UNIT() );
#10229 = UNCERTAINTY_MEASURE_WITH_UNIT(LENGTH_MEASURE(1.E-07),#10226,
  'distance_accuracy_value','confusion accuracy');
#10230 = ADVANCED_BREP_SHAPE_REPRESENTATION('',(#11,#10231),#10381);
#10231 = MANIFOLD_SOLID_BREP('',#10232);
#10232 = CLOSED_SHELL('',(#10233,#10273,#10304,#10335,#10357,#10369));
#10233 = ADVANCED_FACE('',(#10234),#10268,.F.);
#10234 = FACE_BOUND('',#10235,.F.);
#10235 = EDGE_LOOP('',(#10236,#10246,#10254,#10262));
#10236 = ORIENTED_EDGE('',*,*,#10237,.T.);
#10237 = EDGE_CURVE('',#10238,#10240,#10242,.T.);
#10238 = VERTEX_POINT('',#10239);
#10239 = CARTESIAN_POINT('',(-0.12499848,0.27499818,0.));
#10240 = VERTEX_POINT('',#10241);
#10241 = CARTESIAN_POINT('',(-0.12499848,0.27499818,0.2999994));
#10242 = LINE('',#10243,#10244);
#10243 = CARTESIAN_POINT('',(-0.12499848,0.27499818,0.));
#10244 = VECTOR('',#10245,1.);
#10245 = DIRECTION('',(0.,0.,1.));
#10246 = ORIENTED_EDGE('',*,*,#10247,.T.);
#10247 = EDGE_CURVE('',#10240,#10248,#10250,.T.);
#10248 = VERTEX_POINT('',#10249);
#10249 = CARTESIAN_POINT('',(-0.12499848,-0.27500072,0.2999994));
#10250 = LINE('',#10251,#10252);
#10251 = CARTESIAN_POINT('',(-0.12499848,0.27499818,0.2999994));
#10252 = VECTOR('',#10253,1.);
#10253 = DIRECTION('',(0.,-1.,0.));
#10254 = ORIENTED_EDGE('',*,*,#10255,.F.);
#10255 = EDGE_CURVE('',#10256,#10248,#10258,.T.);
#10256 = VERTEX_POINT('',#10257);
#10257 = CARTESIAN_POINT('',(-0.12499848,-0.27500072,0.));
#10258 = LINE('',#10259,#10260);
#10259 = CARTESIAN_POINT('',(-0.12499848,-0.27500072,0.));
#10260 = VECTOR('',#10261,1.);
#10261 = DIRECTION('',(0.,0.,1.));
#10262 = ORIENTED_EDGE('',*,*,#10263,.F.);
#10263 = EDGE_CURVE('',#10238,#10256,#10264,.T.);
#10264 = LINE('',#10265,#10266);
#10265 = CARTESIAN_POINT('',(-0.12499848,0.27499818,0.));
#10266 = VECTOR('',#10267,1.);
#10267 = DIRECTION('',(0.,-1.,0.));
#10268 = PLANE('',#10269);
#10269 = AXIS2_PLACEMENT_3D('',#10270,#10271,#10272);
#10270 = CARTESIAN_POINT('',(-0.12499848,0.27499818,0.));
#10271 = DIRECTION('',(1.,0.,-0.));
#10272 = DIRECTION('',(0.,-1.,0.));
#10273 = ADVANCED_FACE('',(#10274),#10299,.F.);
#10274 = FACE_BOUND('',#10275,.F.);
#10275 = EDGE_LOOP('',(#10276,#10277,#10285,#10293));
#10276 = ORIENTED_EDGE('',*,*,#10255,.T.);
#10277 = ORIENTED_EDGE('',*,*,#10278,.T.);
#10278 = EDGE_CURVE('',#10248,#10279,#10281,.T.);
#10279 = VERTEX_POINT('',#10280);
#10280 = CARTESIAN_POINT('',(0.12500102,-0.27500072,0.2999994));
#10281 = LINE('',#10282,#10283);
#10282 = CARTESIAN_POINT('',(-0.12499848,-0.27500072,0.2999994));
#10283 = VECTOR('',#10284,1.);
#10284 = DIRECTION('',(1.,0.,0.));
#10285 = ORIENTED_EDGE('',*,*,#10286,.F.);
#10286 = EDGE_CURVE('',#10287,#10279,#10289,.T.);
#10287 = VERTEX_POINT('',#10288);
#10288 = CARTESIAN_POINT('',(0.12500102,-0.27500072,0.));
#10289 = LINE('',#10290,#10291);
#10290 = CARTESIAN_POINT('',(0.12500102,-0.27500072,0.));
#10291 = VECTOR('',#10292,1.);
#10292 = DIRECTION('',(0.,0.,1.));
#10293 = ORIENTED_EDGE('',*,*,#10294,.F.);
#10294 = EDGE_CURVE('',#10256,#10287,#10295,.T.);
#10295 = LINE('',#10296,#10297);
#10296 = CARTESIAN_POINT('',(-0.12499848,-0.27500072,0.));
#10297 = VECTOR('',#10298,1.);
#10298 = DIRECTION('',(1.,0.,0.));
#10299 = PLANE('',#10300);
#10300 = AXIS2_PLACEMENT_3D('',#10301,#10302,#10303);
#10301 = CARTESIAN_POINT('',(-0.12499848,-0.27500072,0.));
#10302 = DIRECTION('',(0.,1.,0.));
#10303 = DIRECTION('',(1.,0.,0.));
#10304 = ADVANCED_FACE('',(#10305),#10330,.F.);
#10305 = FACE_BOUND('',#10306,.F.);
#10306 = EDGE_LOOP('',(#10307,#10308,#10316,#10324));
#10307 = ORIENTED_EDGE('',*,*,#10286,.T.);
#10308 = ORIENTED_EDGE('',*,*,#10309,.T.);
#10309 = EDGE_CURVE('',#10279,#10310,#10312,.T.);
#10310 = VERTEX_POINT('',#10311);
#10311 = CARTESIAN_POINT('',(0.12500102,0.27499818,0.2999994));
#10312 = LINE('',#10313,#10314);
#10313 = CARTESIAN_POINT('',(0.12500102,-0.27500072,0.2999994));
#10314 = VECTOR('',#10315,1.);
#10315 = DIRECTION('',(0.,1.,0.));
#10316 = ORIENTED_EDGE('',*,*,#10317,.F.);
#10317 = EDGE_CURVE('',#10318,#10310,#10320,.T.);
#10318 = VERTEX_POINT('',#10319);
#10319 = CARTESIAN_POINT('',(0.12500102,0.27499818,0.));
#10320 = LINE('',#10321,#10322);
#10321 = CARTESIAN_POINT('',(0.12500102,0.27499818,0.));
#10322 = VECTOR('',#10323,1.);
#10323 = DIRECTION('',(0.,0.,1.));
#10324 = ORIENTED_EDGE('',*,*,#10325,.F.);
#10325 = EDGE_CURVE('',#10287,#10318,#10326,.T.);
#10326 = LINE('',#10327,#10328);
#10327 = CARTESIAN_POINT('',(0.12500102,-0.27500072,0.));
#10328 = VECTOR('',#10329,1.);
#10329 = DIRECTION('',(0.,1.,0.));
#10330 = PLANE('',#10331);
#10331 = AXIS2_PLACEMENT_3D('',#10332,#10333,#10334);
#10332 = CARTESIAN_POINT('',(0.12500102,-0.27500072,0.));
#10333 = DIRECTION('',(-1.,0.,0.));
#10334 = DIRECTION('',(0.,1.,0.));
#10335 = ADVANCED_FACE('',(#10336),#10352,.F.);
#10336 = FACE_BOUND('',#10337,.F.);
#10337 = EDGE_LOOP('',(#10338,#10339,#10345,#10346));
#10338 = ORIENTED_EDGE('',*,*,#10317,.T.);
#10339 = ORIENTED_EDGE('',*,*,#10340,.T.);
#10340 = EDGE_CURVE('',#10310,#10240,#10341,.T.);
#10341 = LINE('',#10342,#10343);
#10342 = CARTESIAN_POINT('',(0.12500102,0.27499818,0.2999994));
#10343 = VECTOR('',#10344,1.);
#10344 = DIRECTION('',(-1.,0.,0.));
#10345 = ORIENTED_EDGE('',*,*,#10237,.F.);
#10346 = ORIENTED_EDGE('',*,*,#10347,.F.);
#10347 = EDGE_CURVE('',#10318,#10238,#10348,.T.);
#10348 = LINE('',#10349,#10350);
#10349 = CARTESIAN_POINT('',(0.12500102,0.27499818,0.));
#10350 = VECTOR('',#10351,1.);
#10351 = DIRECTION('',(-1.,0.,0.));
#10352 = PLANE('',#10353);
#10353 = AXIS2_PLACEMENT_3D('',#10354,#10355,#10356);
#10354 = CARTESIAN_POINT('',(0.12500102,0.27499818,0.));
#10355 = DIRECTION('',(0.,-1.,0.));
#10356 = DIRECTION('',(-1.,0.,0.));
#10357 = ADVANCED_FACE('',(#10358),#10364,.F.);
#10358 = FACE_BOUND('',#10359,.F.);
#10359 = EDGE_LOOP('',(#10360,#10361,#10362,#10363));
#10360 = ORIENTED_EDGE('',*,*,#10263,.T.);
#10361 = ORIENTED_EDGE('',*,*,#10294,.T.);
#10362 = ORIENTED_EDGE('',*,*,#10325,.T.);
#10363 = ORIENTED_EDGE('',*,*,#10347,.T.);
#10364 = PLANE('',#10365);
#10365 = AXIS2_PLACEMENT_3D('',#10366,#10367,#10368);
#10366 = CARTESIAN_POINT('',(1.270000000016E-06,-1.27E-06,0.));
#10367 = DIRECTION('',(0.,0.,1.));
#10368 = DIRECTION('',(1.,0.,-0.));
#10369 = ADVANCED_FACE('',(#10370),#10376,.T.);
#10370 = FACE_BOUND('',#10371,.T.);
#10371 = EDGE_LOOP('',(#10372,#10373,#10374,#10375));
#10372 = ORIENTED_EDGE('',*,*,#10247,.T.);
#10373 = ORIENTED_EDGE('',*,*,#10278,.T.);
#10374 = ORIENTED_EDGE('',*,*,#10309,.T.);
#10375 = ORIENTED_EDGE('',*,*,#10340,.T.);
#10376 = PLANE('',#10377);
#10377 = AXIS2_PLACEMENT_3D('',#10378,#10379,#10380);
#10378 = CARTESIAN_POINT('',(1.270000000016E-06,-1.27E-06,0.2999994));
#10379 = DIRECTION('',(0.,0.,1.));
#10380 = DIRECTION('',(1.,0.,-0.));
#10381 = ( GEOMETRIC_REPRESENTATION_CONTEXT(3) 
GLOBAL_UNCERTAINTY_ASSIGNED_CONTEXT((#10385)) 
GLOBAL_UNIT_ASSIGNED_CONTEXT((#10382,#10383,#10384)) 
REPRESENTATION_CONTEXT('Context #1',
  '3D Context with UNIT and UNCERTAINTY') );
#10382 = ( LENGTH_UNIT() NAMED_UNIT(*) SI_UNIT(.MILLI.,.METRE.) );
#10383 = ( NAMED_UNIT(*) PLANE_ANGLE_UNIT() SI_UNIT($,.RADIAN.) );
#10384 = ( NAMED_UNIT(*) SI_UNIT($,.STERADIAN.) SOLID_ANGLE_UNIT() );
#10385 = UNCERTAINTY_MEASURE_WITH_UNIT(LENGTH_MEASURE(1.E-07),#10382,
  'distance_accuracy_value','confusion accuracy');
#10386 = SHAPE_DEFINITION_REPRESENTATION(#10387,#10230);
#10387 = PRODUCT_DEFINITION_SHAPE('','',#10388);
#10388 = PRODUCT_DEFINITION('design','',#10389,#10392);
#10389 = PRODUCT_DEFINITION_FORMATION('','',#10390);
#10390 = PRODUCT('Extruded','Extruded','',(#10391));
#10391 = PRODUCT_CONTEXT('',#2,'mechanical');
#10392 = PRODUCT_DEFINITION_CONTEXT('part definition',#2,'design');
#10393 = CONTEXT_DEPENDENT_SHAPE_REPRESENTATION(#10394,#10396);
#10394 = ( REPRESENTATION_RELATIONSHIP('','',#10230,#10220) 
REPRESENTATION_RELATIONSHIP_WITH_TRANSFORMATION(#10395) 
SHAPE_REPRESENTATION_RELATIONSHIP() );
#10395 = ITEM_DEFINED_TRANSFORMATION('','',#11,#10221);
#10396 = PRODUCT_DEFINITION_SHAPE('Placement','Placement of an item',
  #10397);
#10397 = NEXT_ASSEMBLY_USAGE_OCCURRENCE('291','4','',#10215,#10388,$);
#10398 = PRODUCT_RELATED_PRODUCT_CATEGORY('part',$,(#10390));
#10399 = CONTEXT_DEPENDENT_SHAPE_REPRESENTATION(#10400,#10402);
#10400 = ( REPRESENTATION_RELATIONSHIP('','',#10220,#10003) 
REPRESENTATION_RELATIONSHIP_WITH_TRANSFORMATION(#10401) 
SHAPE_REPRESENTATION_RELATIONSHIP() );
#10401 = ITEM_DEFINED_TRANSFORMATION('','',#11,#10008);
#10402 = PRODUCT_DEFINITION_SHAPE('Placement','Placement of an item',
  #10403);
#10403 = NEXT_ASSEMBLY_USAGE_OCCURRENCE('292','','',#9998,#10215,$);
#10404 = PRODUCT_RELATED_PRODUCT_CATEGORY('part',$,(#10217));
#10405 = CONTEXT_DEPENDENT_SHAPE_REPRESENTATION(#10406,#10408);
#10406 = ( REPRESENTATION_RELATIONSHIP('','',#10220,#10003) 
REPRESENTATION_RELATIONSHIP_WITH_TRANSFORMATION(#10407) 
SHAPE_REPRESENTATION_RELATIONSHIP() );
#10407 = ITEM_DEFINED_TRANSFORMATION('','',#11,#10012);
#10408 = PRODUCT_DEFINITION_SHAPE('Placement','Placement of an item',
  #10409);
#10409 = NEXT_ASSEMBLY_USAGE_OCCURRENCE('293','','',#9998,#10215,$);
#10410 = CONTEXT_DEPENDENT_SHAPE_REPRESENTATION(#10411,#10413);
#10411 = ( REPRESENTATION_RELATIONSHIP('','',#10003,#10) 
REPRESENTATION_RELATIONSHIP_WITH_TRANSFORMATION(#10412) 
SHAPE_REPRESENTATION_RELATIONSHIP() );
#10412 = ITEM_DEFINED_TRANSFORMATION('','',#11,#31);
#10413 = PRODUCT_DEFINITION_SHAPE('Placement','Placement of an item',
  #10414);
#10414 = NEXT_ASSEMBLY_USAGE_OCCURRENCE('294','','',#5,#9998,$);
#10415 = PRODUCT_RELATED_PRODUCT_CATEGORY('part',$,(#10000));
#10416 = SHAPE_DEFINITION_REPRESENTATION(#10417,#10423);
#10417 = PRODUCT_DEFINITION_SHAPE('','',#10418);
#10418 = PRODUCT_DEFINITION('design','',#10419,#10422);
#10419 = PRODUCT_DEFINITION_FORMATION('','',#10420);
#10420 = PRODUCT('C3','C3','',(#10421));
#10421 = PRODUCT_CONTEXT('',#2,'mechanical');
#10422 = PRODUCT_DEFINITION_CONTEXT('part definition',#2,'design');
#10423 = SHAPE_REPRESENTATION('',(#11,#10424,#10428,#10432),#10436);
#10424 = AXIS2_PLACEMENT_3D('',#10425,#10426,#10427);
#10425 = CARTESIAN_POINT('',(-5.050000717163,-1.775001907349,0.));
#10426 = DIRECTION('',(0.,0.,1.));
#10427 = DIRECTION('',(1.,0.,0.));
#10428 = AXIS2_PLACEMENT_3D('',#10429,#10430,#10431);
#10429 = CARTESIAN_POINT('',(-5.474999954224,-1.775001907349,0.));
#10430 = DIRECTION('',(0.,0.,1.));
#10431 = DIRECTION('',(1.,0.,0.));
#10432 = AXIS2_PLACEMENT_3D('',#10433,#10434,#10435);
#10433 = CARTESIAN_POINT('',(-4.624999572754,-1.775001907349,0.));
#10434 = DIRECTION('',(0.,0.,1.));
#10435 = DIRECTION('',(1.,0.,0.));
#10436 = ( GEOMETRIC_REPRESENTATION_CONTEXT(3) 
GLOBAL_UNCERTAINTY_ASSIGNED_CONTEXT((#10440)) 
GLOBAL_UNIT_ASSIGNED_CONTEXT((#10437,#10438,#10439)) 
REPRESENTATION_CONTEXT('Context #1',
  '3D Context with UNIT and UNCERTAINTY') );
#10437 = ( LENGTH_UNIT() NAMED_UNIT(*) SI_UNIT(.MILLI.,.METRE.) );
#10438 = ( NAMED_UNIT(*) PLANE_ANGLE_UNIT() SI_UNIT($,.RADIAN.) );
#10439 = ( NAMED_UNIT(*) SI_UNIT($,.STERADIAN.) SOLID_ANGLE_UNIT() );
#10440 = UNCERTAINTY_MEASURE_WITH_UNIT(LENGTH_MEASURE(1.E-07),#10437,
  'distance_accuracy_value','confusion accuracy');
#10441 = CONTEXT_DEPENDENT_SHAPE_REPRESENTATION(#10442,#10444);
#10442 = ( REPRESENTATION_RELATIONSHIP('','',#10028,#10423) 
REPRESENTATION_RELATIONSHIP_WITH_TRANSFORMATION(#10443) 
SHAPE_REPRESENTATION_RELATIONSHIP() );
#10443 = ITEM_DEFINED_TRANSFORMATION('','',#11,#10424);
#10444 = PRODUCT_DEFINITION_SHAPE('Placement','Placement of an item',
  #10445);
#10445 = NEXT_ASSEMBLY_USAGE_OCCURRENCE('295','','',#10418,#10023,$);
#10446 = CONTEXT_DEPENDENT_SHAPE_REPRESENTATION(#10447,#10449);
#10447 = ( REPRESENTATION_RELATIONSHIP('','',#10220,#10423) 
REPRESENTATION_RELATIONSHIP_WITH_TRANSFORMATION(#10448) 
SHAPE_REPRESENTATION_RELATIONSHIP() );
#10448 = ITEM_DEFINED_TRANSFORMATION('','',#11,#10428);
#10449 = PRODUCT_DEFINITION_SHAPE('Placement','Placement of an item',
  #10450);
#10450 = NEXT_ASSEMBLY_USAGE_OCCURRENCE('296','','',#10418,#10215,$);
#10451 = CONTEXT_DEPENDENT_SHAPE_REPRESENTATION(#10452,#10454);
#10452 = ( REPRESENTATION_RELATIONSHIP('','',#10220,#10423) 
REPRESENTATION_RELATIONSHIP_WITH_TRANSFORMATION(#10453) 
SHAPE_REPRESENTATION_RELATIONSHIP() );
#10453 = ITEM_DEFINED_TRANSFORMATION('','',#11,#10432);
#10454 = PRODUCT_DEFINITION_SHAPE('Placement','Placement of an item',
  #10455);
#10455 = NEXT_ASSEMBLY_USAGE_OCCURRENCE('297','','',#10418,#10215,$);
#10456 = CONTEXT_DEPENDENT_SHAPE_REPRESENTATION(#10457,#10459);
#10457 = ( REPRESENTATION_RELATIONSHIP('','',#10423,#10) 
REPRESENTATION_RELATIONSHIP_WITH_TRANSFORMATION(#10458) 
SHAPE_REPRESENTATION_RELATIONSHIP() );
#10458 = ITEM_DEFINED_TRANSFORMATION('','',#11,#35);
#10459 = PRODUCT_DEFINITION_SHAPE('Placement','Placement of an item',
  #10460);
#10460 = NEXT_ASSEMBLY_USAGE_OCCURRENCE('298','','',#5,#10418,$);
#10461 = PRODUCT_RELATED_PRODUCT_CATEGORY('part',$,(#10420));
#10462 = SHAPE_DEFINITION_REPRESENTATION(#10463,#10469);
#10463 = PRODUCT_DEFINITION_SHAPE('','',#10464);
#10464 = PRODUCT_DEFINITION('design','',#10465,#10468);
#10465 = PRODUCT_DEFINITION_FORMATION('','',#10466);
#10466 = PRODUCT('R3','R3','',(#10467));
#10467 = PRODUCT_CONTEXT('',#2,'mechanical');
#10468 = PRODUCT_DEFINITION_CONTEXT('part definition',#2,'design');
#10469 = SHAPE_REPRESENTATION('',(#11,#10470,#10474,#10478),#10482);
#10470 = AXIS2_PLACEMENT_3D('',#10471,#10472,#10473);
#10471 = CARTESIAN_POINT('',(-7.999999572754,1.725,0.));
#10472 = DIRECTION('',(0.,0.,1.));
#10473 = DIRECTION('',(1.,0.,0.));
#10474 = AXIS2_PLACEMENT_3D('',#10475,#10476,#10477);
#10475 = CARTESIAN_POINT('',(-8.424998809814,1.725,0.));
#10476 = DIRECTION('',(0.,0.,1.));
#10477 = DIRECTION('',(1.,0.,0.));
#10478 = AXIS2_PLACEMENT_3D('',#10479,#10480,#10481);
#10479 = CARTESIAN_POINT('',(-7.575002243042,1.725,0.));
#10480 = DIRECTION('',(0.,0.,1.));
#10481 = DIRECTION('',(1.,0.,0.));
#10482 = ( GEOMETRIC_REPRESENTATION_CONTEXT(3) 
GLOBAL_UNCERTAINTY_ASSIGNED_CONTEXT((#10486)) 
GLOBAL_UNIT_ASSIGNED_CONTEXT((#10483,#10484,#10485)) 
REPRESENTATION_CONTEXT('Context #1',
  '3D Context with UNIT and UNCERTAINTY') );
#10483 = ( LENGTH_UNIT() NAMED_UNIT(*) SI_UNIT(.MILLI.,.METRE.) );
#10484 = ( NAMED_UNIT(*) PLANE_ANGLE_UNIT() SI_UNIT($,.RADIAN.) );
#10485 = ( NAMED_UNIT(*) SI_UNIT($,.STERADIAN.) SOLID_ANGLE_UNIT() );
#10486 = UNCERTAINTY_MEASURE_WITH_UNIT(LENGTH_MEASURE(1.E-07),#10483,
  'distance_accuracy_value','confusion accuracy');
#10487 = CONTEXT_DEPENDENT_SHAPE_REPRESENTATION(#10488,#10490);
#10488 = ( REPRESENTATION_RELATIONSHIP('','',#10028,#10469) 
REPRESENTATION_RELATIONSHIP_WITH_TRANSFORMATION(#10489) 
SHAPE_REPRESENTATION_RELATIONSHIP() );
#10489 = ITEM_DEFINED_TRANSFORMATION('','',#11,#10470);
#10490 = PRODUCT_DEFINITION_SHAPE('Placement','Placement of an item',
  #10491);
#10491 = NEXT_ASSEMBLY_USAGE_OCCURRENCE('299','','',#10464,#10023,$);
#10492 = CONTEXT_DEPENDENT_SHAPE_REPRESENTATION(#10493,#10495);
#10493 = ( REPRESENTATION_RELATIONSHIP('','',#10220,#10469) 
REPRESENTATION_RELATIONSHIP_WITH_TRANSFORMATION(#10494) 
SHAPE_REPRESENTATION_RELATIONSHIP() );
#10494 = ITEM_DEFINED_TRANSFORMATION('','',#11,#10474);
#10495 = PRODUCT_DEFINITION_SHAPE('Placement','Placement of an item',
  #10496);
#10496 = NEXT_ASSEMBLY_USAGE_OCCURRENCE('300','','',#10464,#10215,$);
#10497 = CONTEXT_DEPENDENT_SHAPE_REPRESENTATION(#10498,#10500);
#10498 = ( REPRESENTATION_RELATIONSHIP('','',#10220,#10469) 
REPRESENTATION_RELATIONSHIP_WITH_TRANSFORMATION(#10499) 
SHAPE_REPRESENTATION_RELATIONSHIP() );
#10499 = ITEM_DEFINED_TRANSFORMATION('','',#11,#10478);
#10500 = PRODUCT_DEFINITION_SHAPE('Placement','Placement of an item',
  #10501);
#10501 = NEXT_ASSEMBLY_USAGE_OCCURRENCE('301','','',#10464,#10215,$);
#10502 = CONTEXT_DEPENDENT_SHAPE_REPRESENTATION(#10503,#10505);
#10503 = ( REPRESENTATION_RELATIONSHIP('','',#10469,#10) 
REPRESENTATION_RELATIONSHIP_WITH_TRANSFORMATION(#10504) 
SHAPE_REPRESENTATION_RELATIONSHIP() );
#10504 = ITEM_DEFINED_TRANSFORMATION('','',#11,#39);
#10505 = PRODUCT_DEFINITION_SHAPE('Placement','Placement of an item',
  #10506);
#10506 = NEXT_ASSEMBLY_USAGE_OCCURRENCE('302','','',#5,#10464,$);
#10507 = PRODUCT_RELATED_PRODUCT_CATEGORY('part',$,(#10466));
#10508 = SHAPE_DEFINITION_REPRESENTATION(#10509,#10515);
#10509 = PRODUCT_DEFINITION_SHAPE('','',#10510);
#10510 = PRODUCT_DEFINITION('design','',#10511,#10514);
#10511 = PRODUCT_DEFINITION_FORMATION('','',#10512);
#10512 = PRODUCT('R2','R2','',(#10513));
#10513 = PRODUCT_CONTEXT('',#2,'mechanical');
#10514 = PRODUCT_DEFINITION_CONTEXT('part definition',#2,'design');
#10515 = SHAPE_REPRESENTATION('',(#11,#10516,#10520,#10524),#10528);
#10516 = AXIS2_PLACEMENT_3D('',#10517,#10518,#10519);
#10517 = CARTESIAN_POINT('',(-6.525001098633,1.724998092651,0.));
#10518 = DIRECTION('',(0.,0.,1.));
#10519 = DIRECTION('',(1.,0.,0.));
#10520 = AXIS2_PLACEMENT_3D('',#10521,#10522,#10523);
#10521 = CARTESIAN_POINT('',(-5.675000717163,1.724998092651,0.));
#10522 = DIRECTION('',(0.,0.,1.));
#10523 = DIRECTION('',(1.,0.,0.));
#10524 = AXIS2_PLACEMENT_3D('',#10525,#10526,#10527);
#10525 = CARTESIAN_POINT('',(-6.099999954224,1.724998092651,0.));
#10526 = DIRECTION('',(0.,0.,1.));
#10527 = DIRECTION('',(1.,0.,0.));
#10528 = ( GEOMETRIC_REPRESENTATION_CONTEXT(3) 
GLOBAL_UNCERTAINTY_ASSIGNED_CONTEXT((#10532)) 
GLOBAL_UNIT_ASSIGNED_CONTEXT((#10529,#10530,#10531)) 
REPRESENTATION_CONTEXT('Context #1',
  '3D Context with UNIT and UNCERTAINTY') );
#10529 = ( LENGTH_UNIT() NAMED_UNIT(*) SI_UNIT(.MILLI.,.METRE.) );
#10530 = ( NAMED_UNIT(*) PLANE_ANGLE_UNIT() SI_UNIT($,.RADIAN.) );
#10531 = ( NAMED_UNIT(*) SI_UNIT($,.STERADIAN.) SOLID_ANGLE_UNIT() );
#10532 = UNCERTAINTY_MEASURE_WITH_UNIT(LENGTH_MEASURE(1.E-07),#10529,
  'distance_accuracy_value','confusion accuracy');
#10533 = CONTEXT_DEPENDENT_SHAPE_REPRESENTATION(#10534,#10536);
#10534 = ( REPRESENTATION_RELATIONSHIP('','',#10220,#10515) 
REPRESENTATION_RELATIONSHIP_WITH_TRANSFORMATION(#10535) 
SHAPE_REPRESENTATION_RELATIONSHIP() );
#10535 = ITEM_DEFINED_TRANSFORMATION('','',#11,#10516);
#10536 = PRODUCT_DEFINITION_SHAPE('Placement','Placement of an item',
  #10537);
#10537 = NEXT_ASSEMBLY_USAGE_OCCURRENCE('303','','',#10510,#10215,$);
#10538 = CONTEXT_DEPENDENT_SHAPE_REPRESENTATION(#10539,#10541);
#10539 = ( REPRESENTATION_RELATIONSHIP('','',#10220,#10515) 
REPRESENTATION_RELATIONSHIP_WITH_TRANSFORMATION(#10540) 
SHAPE_REPRESENTATION_RELATIONSHIP() );
#10540 = ITEM_DEFINED_TRANSFORMATION('','',#11,#10520);
#10541 = PRODUCT_DEFINITION_SHAPE('Placement','Placement of an item',
  #10542);
#10542 = NEXT_ASSEMBLY_USAGE_OCCURRENCE('304','','',#10510,#10215,$);
#10543 = CONTEXT_DEPENDENT_SHAPE_REPRESENTATION(#10544,#10546);
#10544 = ( REPRESENTATION_RELATIONSHIP('','',#10028,#10515) 
REPRESENTATION_RELATIONSHIP_WITH_TRANSFORMATION(#10545) 
SHAPE_REPRESENTATION_RELATIONSHIP() );
#10545 = ITEM_DEFINED_TRANSFORMATION('','',#11,#10524);
#10546 = PRODUCT_DEFINITION_SHAPE('Placement','Placement of an item',
  #10547);
#10547 = NEXT_ASSEMBLY_USAGE_OCCURRENCE('305','','',#10510,#10023,$);
#10548 = CONTEXT_DEPENDENT_SHAPE_REPRESENTATION(#10549,#10551);
#10549 = ( REPRESENTATION_RELATIONSHIP('','',#10515,#10) 
REPRESENTATION_RELATIONSHIP_WITH_TRANSFORMATION(#10550) 
SHAPE_REPRESENTATION_RELATIONSHIP() );
#10550 = ITEM_DEFINED_TRANSFORMATION('','',#11,#43);
#10551 = PRODUCT_DEFINITION_SHAPE('Placement','Placement of an item',
  #10552);
#10552 = NEXT_ASSEMBLY_USAGE_OCCURRENCE('306','','',#5,#10510,$);
#10553 = PRODUCT_RELATED_PRODUCT_CATEGORY('part',$,(#10512));
#10554 = SHAPE_DEFINITION_REPRESENTATION(#10555,#10561);
#10555 = PRODUCT_DEFINITION_SHAPE('','',#10556);
#10556 = PRODUCT_DEFINITION('design','',#10557,#10560);
#10557 = PRODUCT_DEFINITION_FORMATION('','',#10558);
#10558 = PRODUCT('C1','C1','',(#10559));
#10559 = PRODUCT_CONTEXT('',#2,'mechanical');
#10560 = PRODUCT_DEFINITION_CONTEXT('part definition',#2,'design');
#10561 = SHAPE_REPRESENTATION('',(#11,#10562,#10566,#10570),#10574);
#10562 = AXIS2_PLACEMENT_3D('',#10563,#10564,#10565);
#10563 = CARTESIAN_POINT('',(-2.624997665405,-1.750002288818,0.));
#10564 = DIRECTION('',(0.,0.,1.));
#10565 = DIRECTION('',(1.,0.,0.));
#10566 = AXIS2_PLACEMENT_3D('',#10567,#10568,#10569);
#10567 = CARTESIAN_POINT('',(-3.474999954224,-1.750002288818,0.));
#10568 = DIRECTION('',(0.,0.,1.));
#10569 = DIRECTION('',(1.,0.,0.));
#10570 = AXIS2_PLACEMENT_3D('',#10571,#10572,#10573);
#10571 = CARTESIAN_POINT('',(-3.049998809814,-1.750002288818,0.));
#10572 = DIRECTION('',(0.,0.,1.));
#10573 = DIRECTION('',(1.,0.,0.));
#10574 = ( GEOMETRIC_REPRESENTATION_CONTEXT(3) 
GLOBAL_UNCERTAINTY_ASSIGNED_CONTEXT((#10578)) 
GLOBAL_UNIT_ASSIGNED_CONTEXT((#10575,#10576,#10577)) 
REPRESENTATION_CONTEXT('Context #1',
  '3D Context with UNIT and UNCERTAINTY') );
#10575 = ( LENGTH_UNIT() NAMED_UNIT(*) SI_UNIT(.MILLI.,.METRE.) );
#10576 = ( NAMED_UNIT(*) PLANE_ANGLE_UNIT() SI_UNIT($,.RADIAN.) );
#10577 = ( NAMED_UNIT(*) SI_UNIT($,.STERADIAN.) SOLID_ANGLE_UNIT() );
#10578 = UNCERTAINTY_MEASURE_WITH_UNIT(LENGTH_MEASURE(1.E-07),#10575,
  'distance_accuracy_value','confusion accuracy');
#10579 = CONTEXT_DEPENDENT_SHAPE_REPRESENTATION(#10580,#10582);
#10580 = ( REPRESENTATION_RELATIONSHIP('','',#10220,#10561) 
REPRESENTATION_RELATIONSHIP_WITH_TRANSFORMATION(#10581) 
SHAPE_REPRESENTATION_RELATIONSHIP() );
#10581 = ITEM_DEFINED_TRANSFORMATION('','',#11,#10562);
#10582 = PRODUCT_DEFINITION_SHAPE('Placement','Placement of an item',
  #10583);
#10583 = NEXT_ASSEMBLY_USAGE_OCCURRENCE('307','','',#10556,#10215,$);
#10584 = CONTEXT_DEPENDENT_SHAPE_REPRESENTATION(#10585,#10587);
#10585 = ( REPRESENTATION_RELATIONSHIP('','',#10220,#10561) 
REPRESENTATION_RELATIONSHIP_WITH_TRANSFORMATION(#10586) 
SHAPE_REPRESENTATION_RELATIONSHIP() );
#10586 = ITEM_DEFINED_TRANSFORMATION('','',#11,#10566);
#10587 = PRODUCT_DEFINITION_SHAPE('Placement','Placement of an item',
  #10588);
#10588 = NEXT_ASSEMBLY_USAGE_OCCURRENCE('308','','',#10556,#10215,$);
#10589 = CONTEXT_DEPENDENT_SHAPE_REPRESENTATION(#10590,#10592);
#10590 = ( REPRESENTATION_RELATIONSHIP('','',#10028,#10561) 
REPRESENTATION_RELATIONSHIP_WITH_TRANSFORMATION(#10591) 
SHAPE_REPRESENTATION_RELATIONSHIP() );
#10591 = ITEM_DEFINED_TRANSFORMATION('','',#11,#10570);
#10592 = PRODUCT_DEFINITION_SHAPE('Placement','Placement of an item',
  #10593);
#10593 = NEXT_ASSEMBLY_USAGE_OCCURRENCE('309','','',#10556,#10023,$);
#10594 = CONTEXT_DEPENDENT_SHAPE_REPRESENTATION(#10595,#10597);
#10595 = ( REPRESENTATION_RELATIONSHIP('','',#10561,#10) 
REPRESENTATION_RELATIONSHIP_WITH_TRANSFORMATION(#10596) 
SHAPE_REPRESENTATION_RELATIONSHIP() );
#10596 = ITEM_DEFINED_TRANSFORMATION('','',#11,#47);
#10597 = PRODUCT_DEFINITION_SHAPE('Placement','Placement of an item',
  #10598);
#10598 = NEXT_ASSEMBLY_USAGE_OCCURRENCE('310','','',#5,#10556,$);
#10599 = PRODUCT_RELATED_PRODUCT_CATEGORY('part',$,(#10558));
#10600 = SHAPE_DEFINITION_REPRESENTATION(#10601,#10607);
#10601 = PRODUCT_DEFINITION_SHAPE('','',#10602);
#10602 = PRODUCT_DEFINITION('design','',#10603,#10606);
#10603 = PRODUCT_DEFINITION_FORMATION('','',#10604);
#10604 = PRODUCT('U1','U1','',(#10605));
#10605 = PRODUCT_CONTEXT('',#2,'mechanical');
#10606 = PRODUCT_DEFINITION_CONTEXT('part definition',#2,'design');
#10607 = SHAPE_REPRESENTATION('',(#11,#10608),#10612);
#10608 = AXIS2_PLACEMENT_3D('',#10609,#10610,#10611);
#10609 = CARTESIAN_POINT('',(-3.624999572754,0.175000762939,0.));
#10610 = DIRECTION('',(0.,0.,1.));
#10611 = DIRECTION('',(-4.371138828674E-08,1.,0.));
#10612 = ( GEOMETRIC_REPRESENTATION_CONTEXT(3) 
GLOBAL_UNCERTAINTY_ASSIGNED_CONTEXT((#10616)) 
GLOBAL_UNIT_ASSIGNED_CONTEXT((#10613,#10614,#10615)) 
REPRESENTATION_CONTEXT('Context #1',
  '3D Context with UNIT and UNCERTAINTY') );
#10613 = ( LENGTH_UNIT() NAMED_UNIT(*) SI_UNIT(.MILLI.,.METRE.) );
#10614 = ( NAMED_UNIT(*) PLANE_ANGLE_UNIT() SI_UNIT($,.RADIAN.) );
#10615 = ( NAMED_UNIT(*) SI_UNIT($,.STERADIAN.) SOLID_ANGLE_UNIT() );
#10616 = UNCERTAINTY_MEASURE_WITH_UNIT(LENGTH_MEASURE(2.E-05),#10613,
  'distance_accuracy_value','confusion accuracy');
#10617 = SHAPE_REPRESENTATION('',(#11,#10618,#10630,#10642,#10654,#10666
    ,#10678,#10690,#10702,#10714,#10726,#10738,#10750,#10762,#10774,
    #10786,#10798,#10810,#10822,#10834,#10846,#10858,#10870,#10882,
    #10894,#10906,#10918,#10970),#11120);
#10618 = MANIFOLD_SOLID_BREP('',#10619);
#10619 = CLOSED_SHELL('',(#10620));
#10620 = ADVANCED_FACE('',(#10621),#10625,.T.);
#10621 = FACE_BOUND('',#10622,.T.);
#10622 = VERTEX_LOOP('',#10623);
#10623 = VERTEX_POINT('',#10624);
#10624 = CARTESIAN_POINT('',(-0.8,0.8,0.2797));
#10625 = SPHERICAL_SURFACE('',#10626,0.1397);
#10626 = AXIS2_PLACEMENT_3D('',#10627,#10628,#10629);
#10627 = CARTESIAN_POINT('',(-0.8,0.8,0.14));
#10628 = DIRECTION('',(0.,0.,-1.));
#10629 = DIRECTION('',(-1.,0.,0.));
#10630 = MANIFOLD_SOLID_BREP('',#10631);
#10631 = CLOSED_SHELL('',(#10632));
#10632 = ADVANCED_FACE('',(#10633),#10637,.T.);
#10633 = FACE_BOUND('',#10634,.T.);
#10634 = VERTEX_LOOP('',#10635);
#10635 = VERTEX_POINT('',#10636);
#10636 = CARTESIAN_POINT('',(-0.4,0.8,0.2797));
#10637 = SPHERICAL_SURFACE('',#10638,0.1397);
#10638 = AXIS2_PLACEMENT_3D('',#10639,#10640,#10641);
#10639 = CARTESIAN_POINT('',(-0.4,0.8,0.14));
#10640 = DIRECTION('',(0.,0.,-1.));
#10641 = DIRECTION('',(-1.,0.,0.));
#10642 = MANIFOLD_SOLID_BREP('',#10643);
#10643 = CLOSED_SHELL('',(#10644));
#10644 = ADVANCED_FACE('',(#10645),#10649,.T.);
#10645 = FACE_BOUND('',#10646,.T.);
#10646 = VERTEX_LOOP('',#10647);
#10647 = VERTEX_POINT('',#10648);
#10648 = CARTESIAN_POINT('',(-8.554157892044E-18,0.8,0.2797));
#10649 = SPHERICAL_SURFACE('',#10650,0.1397);
#10650 = AXIS2_PLACEMENT_3D('',#10651,#10652,#10653);
#10651 = CARTESIAN_POINT('',(0.,0.8,0.14));
#10652 = DIRECTION('',(0.,0.,-1.));
#10653 = DIRECTION('',(-1.,0.,0.));
#10654 = MANIFOLD_SOLID_BREP('',#10655);
#10655 = CLOSED_SHELL('',(#10656));
#10656 = ADVANCED_FACE('',(#10657),#10661,.T.);
#10657 = FACE_BOUND('',#10658,.T.);
#10658 = VERTEX_LOOP('',#10659);
#10659 = VERTEX_POINT('',#10660);
#10660 = CARTESIAN_POINT('',(0.4,0.8,0.2797));
#10661 = SPHERICAL_SURFACE('',#10662,0.1397);
#10662 = AXIS2_PLACEMENT_3D('',#10663,#10664,#10665);
#10663 = CARTESIAN_POINT('',(0.4,0.8,0.14));
#10664 = DIRECTION('',(0.,0.,-1.));
#10665 = DIRECTION('',(-1.,0.,0.));
#10666 = MANIFOLD_SOLID_BREP('',#10667);
#10667 = CLOSED_SHELL('',(#10668));
#10668 = ADVANCED_FACE('',(#10669),#10673,.T.);
#10669 = FACE_BOUND('',#10670,.T.);
#10670 = VERTEX_LOOP('',#10671);
#10671 = VERTEX_POINT('',#10672);
#10672 = CARTESIAN_POINT('',(0.8,0.8,0.2797));
#10673 = SPHERICAL_SURFACE('',#10674,0.1397);
#10674 = AXIS2_PLACEMENT_3D('',#10675,#10676,#10677);
#10675 = CARTESIAN_POINT('',(0.8,0.8,0.14));
#10676 = DIRECTION('',(0.,0.,-1.));
#10677 = DIRECTION('',(-1.,0.,0.));
#10678 = MANIFOLD_SOLID_BREP('',#10679);
#10679 = CLOSED_SHELL('',(#10680));
#10680 = ADVANCED_FACE('',(#10681),#10685,.T.);
#10681 = FACE_BOUND('',#10682,.T.);
#10682 = VERTEX_LOOP('',#10683);
#10683 = VERTEX_POINT('',#10684);
#10684 = CARTESIAN_POINT('',(-0.8,0.4,0.2797));
#10685 = SPHERICAL_SURFACE('',#10686,0.1397);
#10686 = AXIS2_PLACEMENT_3D('',#10687,#10688,#10689);
#10687 = CARTESIAN_POINT('',(-0.8,0.4,0.14));
#10688 = DIRECTION('',(0.,0.,-1.));
#10689 = DIRECTION('',(-1.,0.,0.));
#10690 = MANIFOLD_SOLID_BREP('',#10691);
#10691 = CLOSED_SHELL('',(#10692));
#10692 = ADVANCED_FACE('',(#10693),#10697,.T.);
#10693 = FACE_BOUND('',#10694,.T.);
#10694 = VERTEX_LOOP('',#10695);
#10695 = VERTEX_POINT('',#10696);
#10696 = CARTESIAN_POINT('',(-0.4,0.4,0.2797));
#10697 = SPHERICAL_SURFACE('',#10698,0.1397);
#10698 = AXIS2_PLACEMENT_3D('',#10699,#10700,#10701);
#10699 = CARTESIAN_POINT('',(-0.4,0.4,0.14));
#10700 = DIRECTION('',(0.,0.,-1.));
#10701 = DIRECTION('',(-1.,0.,0.));
#10702 = MANIFOLD_SOLID_BREP('',#10703);
#10703 = CLOSED_SHELL('',(#10704));
#10704 = ADVANCED_FACE('',(#10705),#10709,.T.);
#10705 = FACE_BOUND('',#10706,.T.);
#10706 = VERTEX_LOOP('',#10707);
#10707 = VERTEX_POINT('',#10708);
#10708 = CARTESIAN_POINT('',(-8.554157892044E-18,0.4,0.2797));
#10709 = SPHERICAL_SURFACE('',#10710,0.1397);
#10710 = AXIS2_PLACEMENT_3D('',#10711,#10712,#10713);
#10711 = CARTESIAN_POINT('',(0.,0.4,0.14));
#10712 = DIRECTION('',(0.,0.,-1.));
#10713 = DIRECTION('',(-1.,0.,0.));
#10714 = MANIFOLD_SOLID_BREP('',#10715);
#10715 = CLOSED_SHELL('',(#10716));
#10716 = ADVANCED_FACE('',(#10717),#10721,.T.);
#10717 = FACE_BOUND('',#10718,.T.);
#10718 = VERTEX_LOOP('',#10719);
#10719 = VERTEX_POINT('',#10720);
#10720 = CARTESIAN_POINT('',(0.4,0.4,0.2797));
#10721 = SPHERICAL_SURFACE('',#10722,0.1397);
#10722 = AXIS2_PLACEMENT_3D('',#10723,#10724,#10725);
#10723 = CARTESIAN_POINT('',(0.4,0.4,0.14));
#10724 = DIRECTION('',(0.,0.,-1.));
#10725 = DIRECTION('',(-1.,0.,0.));
#10726 = MANIFOLD_SOLID_BREP('',#10727);
#10727 = CLOSED_SHELL('',(#10728));
#10728 = ADVANCED_FACE('',(#10729),#10733,.T.);
#10729 = FACE_BOUND('',#10730,.T.);
#10730 = VERTEX_LOOP('',#10731);
#10731 = VERTEX_POINT('',#10732);
#10732 = CARTESIAN_POINT('',(0.8,0.4,0.2797));
#10733 = SPHERICAL_SURFACE('',#10734,0.1397);
#10734 = AXIS2_PLACEMENT_3D('',#10735,#10736,#10737);
#10735 = CARTESIAN_POINT('',(0.8,0.4,0.14));
#10736 = DIRECTION('',(0.,0.,-1.));
#10737 = DIRECTION('',(-1.,0.,0.));
#10738 = MANIFOLD_SOLID_BREP('',#10739);
#10739 = CLOSED_SHELL('',(#10740));
#10740 = ADVANCED_FACE('',(#10741),#10745,.T.);
#10741 = FACE_BOUND('',#10742,.T.);
#10742 = VERTEX_LOOP('',#10743);
#10743 = VERTEX_POINT('',#10744);
#10744 = CARTESIAN_POINT('',(-0.8,0.,0.2797));
#10745 = SPHERICAL_SURFACE('',#10746,0.1397);
#10746 = AXIS2_PLACEMENT_3D('',#10747,#10748,#10749);
#10747 = CARTESIAN_POINT('',(-0.8,0.,0.14));
#10748 = DIRECTION('',(0.,0.,-1.));
#10749 = DIRECTION('',(-1.,0.,0.));
#10750 = MANIFOLD_SOLID_BREP('',#10751);
#10751 = CLOSED_SHELL('',(#10752));
#10752 = ADVANCED_FACE('',(#10753),#10757,.T.);
#10753 = FACE_BOUND('',#10754,.T.);
#10754 = VERTEX_LOOP('',#10755);
#10755 = VERTEX_POINT('',#10756);
#10756 = CARTESIAN_POINT('',(-0.4,0.,0.2797));
#10757 = SPHERICAL_SURFACE('',#10758,0.1397);
#10758 = AXIS2_PLACEMENT_3D('',#10759,#10760,#10761);
#10759 = CARTESIAN_POINT('',(-0.4,0.,0.14));
#10760 = DIRECTION('',(0.,0.,-1.));
#10761 = DIRECTION('',(-1.,0.,0.));
#10762 = MANIFOLD_SOLID_BREP('',#10763);
#10763 = CLOSED_SHELL('',(#10764));
#10764 = ADVANCED_FACE('',(#10765),#10769,.T.);
#10765 = FACE_BOUND('',#10766,.T.);
#10766 = VERTEX_LOOP('',#10767);
#10767 = VERTEX_POINT('',#10768);
#10768 = CARTESIAN_POINT('',(-8.554157892044E-18,0.,0.2797));
#10769 = SPHERICAL_SURFACE('',#10770,0.1397);
#10770 = AXIS2_PLACEMENT_3D('',#10771,#10772,#10773);
#10771 = CARTESIAN_POINT('',(0.,0.,0.14));
#10772 = DIRECTION('',(0.,0.,-1.));
#10773 = DIRECTION('',(-1.,0.,0.));
#10774 = MANIFOLD_SOLID_BREP('',#10775);
#10775 = CLOSED_SHELL('',(#10776));
#10776 = ADVANCED_FACE('',(#10777),#10781,.T.);
#10777 = FACE_BOUND('',#10778,.T.);
#10778 = VERTEX_LOOP('',#10779);
#10779 = VERTEX_POINT('',#10780);
#10780 = CARTESIAN_POINT('',(0.4,0.,0.2797));
#10781 = SPHERICAL_SURFACE('',#10782,0.1397);
#10782 = AXIS2_PLACEMENT_3D('',#10783,#10784,#10785);
#10783 = CARTESIAN_POINT('',(0.4,0.,0.14));
#10784 = DIRECTION('',(0.,0.,-1.));
#10785 = DIRECTION('',(-1.,0.,0.));
#10786 = MANIFOLD_SOLID_BREP('',#10787);
#10787 = CLOSED_SHELL('',(#10788));
#10788 = ADVANCED_FACE('',(#10789),#10793,.T.);
#10789 = FACE_BOUND('',#10790,.T.);
#10790 = VERTEX_LOOP('',#10791);
#10791 = VERTEX_POINT('',#10792);
#10792 = CARTESIAN_POINT('',(0.8,0.,0.2797));
#10793 = SPHERICAL_SURFACE('',#10794,0.1397);
#10794 = AXIS2_PLACEMENT_3D('',#10795,#10796,#10797);
#10795 = CARTESIAN_POINT('',(0.8,0.,0.14));
#10796 = DIRECTION('',(0.,0.,-1.));
#10797 = DIRECTION('',(-1.,0.,0.));
#10798 = MANIFOLD_SOLID_BREP('',#10799);
#10799 = CLOSED_SHELL('',(#10800));
#10800 = ADVANCED_FACE('',(#10801),#10805,.T.);
#10801 = FACE_BOUND('',#10802,.T.);
#10802 = VERTEX_LOOP('',#10803);
#10803 = VERTEX_POINT('',#10804);
#10804 = CARTESIAN_POINT('',(-0.8,-0.4,0.2797));
#10805 = SPHERICAL_SURFACE('',#10806,0.1397);
#10806 = AXIS2_PLACEMENT_3D('',#10807,#10808,#10809);
#10807 = CARTESIAN_POINT('',(-0.8,-0.4,0.14));
#10808 = DIRECTION('',(0.,0.,-1.));
#10809 = DIRECTION('',(-1.,0.,0.));
#10810 = MANIFOLD_SOLID_BREP('',#10811);
#10811 = CLOSED_SHELL('',(#10812));
#10812 = ADVANCED_FACE('',(#10813),#10817,.T.);
#10813 = FACE_BOUND('',#10814,.T.);
#10814 = VERTEX_LOOP('',#10815);
#10815 = VERTEX_POINT('',#10816);
#10816 = CARTESIAN_POINT('',(-0.4,-0.4,0.2797));
#10817 = SPHERICAL_SURFACE('',#10818,0.1397);
#10818 = AXIS2_PLACEMENT_3D('',#10819,#10820,#10821);
#10819 = CARTESIAN_POINT('',(-0.4,-0.4,0.14));
#10820 = DIRECTION('',(0.,0.,-1.));
#10821 = DIRECTION('',(-1.,0.,0.));
#10822 = MANIFOLD_SOLID_BREP('',#10823);
#10823 = CLOSED_SHELL('',(#10824));
#10824 = ADVANCED_FACE('',(#10825),#10829,.T.);
#10825 = FACE_BOUND('',#10826,.T.);
#10826 = VERTEX_LOOP('',#10827);
#10827 = VERTEX_POINT('',#10828);
#10828 = CARTESIAN_POINT('',(-8.554157892044E-18,-0.4,0.2797));
#10829 = SPHERICAL_SURFACE('',#10830,0.1397);
#10830 = AXIS2_PLACEMENT_3D('',#10831,#10832,#10833);
#10831 = CARTESIAN_POINT('',(0.,-0.4,0.14));
#10832 = DIRECTION('',(0.,0.,-1.));
#10833 = DIRECTION('',(-1.,0.,0.));
#10834 = MANIFOLD_SOLID_BREP('',#10835);
#10835 = CLOSED_SHELL('',(#10836));
#10836 = ADVANCED_FACE('',(#10837),#10841,.T.);
#10837 = FACE_BOUND('',#10838,.T.);
#10838 = VERTEX_LOOP('',#10839);
#10839 = VERTEX_POINT('',#10840);
#10840 = CARTESIAN_POINT('',(0.4,-0.4,0.2797));
#10841 = SPHERICAL_SURFACE('',#10842,0.1397);
#10842 = AXIS2_PLACEMENT_3D('',#10843,#10844,#10845);
#10843 = CARTESIAN_POINT('',(0.4,-0.4,0.14));
#10844 = DIRECTION('',(0.,0.,-1.));
#10845 = DIRECTION('',(-1.,0.,0.));
#10846 = MANIFOLD_SOLID_BREP('',#10847);
#10847 = CLOSED_SHELL('',(#10848));
#10848 = ADVANCED_FACE('',(#10849),#10853,.T.);
#10849 = FACE_BOUND('',#10850,.T.);
#10850 = VERTEX_LOOP('',#10851);
#10851 = VERTEX_POINT('',#10852);
#10852 = CARTESIAN_POINT('',(0.8,-0.4,0.2797));
#10853 = SPHERICAL_SURFACE('',#10854,0.1397);
#10854 = AXIS2_PLACEMENT_3D('',#10855,#10856,#10857);
#10855 = CARTESIAN_POINT('',(0.8,-0.4,0.14));
#10856 = DIRECTION('',(0.,0.,-1.));
#10857 = DIRECTION('',(-1.,0.,0.));
#10858 = MANIFOLD_SOLID_BREP('',#10859);
#10859 = CLOSED_SHELL('',(#10860));
#10860 = ADVANCED_FACE('',(#10861),#10865,.T.);
#10861 = FACE_BOUND('',#10862,.T.);
#10862 = VERTEX_LOOP('',#10863);
#10863 = VERTEX_POINT('',#10864);
#10864 = CARTESIAN_POINT('',(-0.8,-0.8,0.2797));
#10865 = SPHERICAL_SURFACE('',#10866,0.1397);
#10866 = AXIS2_PLACEMENT_3D('',#10867,#10868,#10869);
#10867 = CARTESIAN_POINT('',(-0.8,-0.8,0.14));
#10868 = DIRECTION('',(0.,0.,-1.));
#10869 = DIRECTION('',(-1.,0.,0.));
#10870 = MANIFOLD_SOLID_BREP('',#10871);
#10871 = CLOSED_SHELL('',(#10872));
#10872 = ADVANCED_FACE('',(#10873),#10877,.T.);
#10873 = FACE_BOUND('',#10874,.T.);
#10874 = VERTEX_LOOP('',#10875);
#10875 = VERTEX_POINT('',#10876);
#10876 = CARTESIAN_POINT('',(-0.4,-0.8,0.2797));
#10877 = SPHERICAL_SURFACE('',#10878,0.1397);
#10878 = AXIS2_PLACEMENT_3D('',#10879,#10880,#10881);
#10879 = CARTESIAN_POINT('',(-0.4,-0.8,0.14));
#10880 = DIRECTION('',(0.,0.,-1.));
#10881 = DIRECTION('',(-1.,0.,0.));
#10882 = MANIFOLD_SOLID_BREP('',#10883);
#10883 = CLOSED_SHELL('',(#10884));
#10884 = ADVANCED_FACE('',(#10885),#10889,.T.);
#10885 = FACE_BOUND('',#10886,.T.);
#10886 = VERTEX_LOOP('',#10887);
#10887 = VERTEX_POINT('',#10888);
#10888 = CARTESIAN_POINT('',(-8.554157892044E-18,-0.8,0.2797));
#10889 = SPHERICAL_SURFACE('',#10890,0.1397);
#10890 = AXIS2_PLACEMENT_3D('',#10891,#10892,#10893);
#10891 = CARTESIAN_POINT('',(0.,-0.8,0.14));
#10892 = DIRECTION('',(0.,0.,-1.));
#10893 = DIRECTION('',(-1.,0.,0.));
#10894 = MANIFOLD_SOLID_BREP('',#10895);
#10895 = CLOSED_SHELL('',(#10896));
#10896 = ADVANCED_FACE('',(#10897),#10901,.T.);
#10897 = FACE_BOUND('',#10898,.T.);
#10898 = VERTEX_LOOP('',#10899);
#10899 = VERTEX_POINT('',#10900);
#10900 = CARTESIAN_POINT('',(0.4,-0.8,0.2797));
#10901 = SPHERICAL_SURFACE('',#10902,0.1397);
#10902 = AXIS2_PLACEMENT_3D('',#10903,#10904,#10905);
#10903 = CARTESIAN_POINT('',(0.4,-0.8,0.14));
#10904 = DIRECTION('',(0.,0.,-1.));
#10905 = DIRECTION('',(-1.,0.,0.));
#10906 = MANIFOLD_SOLID_BREP('',#10907);
#10907 = CLOSED_SHELL('',(#10908));
#10908 = ADVANCED_FACE('',(#10909),#10913,.T.);
#10909 = FACE_BOUND('',#10910,.T.);
#10910 = VERTEX_LOOP('',#10911);
#10911 = VERTEX_POINT('',#10912);
#10912 = CARTESIAN_POINT('',(0.8,-0.8,0.2797));
#10913 = SPHERICAL_SURFACE('',#10914,0.1397);
#10914 = AXIS2_PLACEMENT_3D('',#10915,#10916,#10917);
#10915 = CARTESIAN_POINT('',(0.8,-0.8,0.14));
#10916 = DIRECTION('',(0.,0.,-1.));
#10917 = DIRECTION('',(-1.,0.,0.));
#10918 = MANIFOLD_SOLID_BREP('',#10919);
#10919 = CLOSED_SHELL('',(#10920,#10952,#10961));
#10920 = ADVANCED_FACE('',(#10921),#10947,.T.);
#10921 = FACE_BOUND('',#10922,.T.);
#10922 = EDGE_LOOP('',(#10923,#10932,#10939,#10946));
#10923 = ORIENTED_EDGE('',*,*,#10924,.F.);
#10924 = EDGE_CURVE('',#10925,#10925,#10927,.T.);
#10925 = VERTEX_POINT('',#10926);
#10926 = CARTESIAN_POINT('',(-1.08,1.016,0.536));
#10927 = CIRCLE('',#10928,6.35E-02);
#10928 = AXIS2_PLACEMENT_3D('',#10929,#10930,#10931);
#10929 = CARTESIAN_POINT('',(-1.016,1.016,0.536));
#10930 = DIRECTION('',(0.,0.,1.));
#10931 = DIRECTION('',(1.,0.,-0.));
#10932 = ORIENTED_EDGE('',*,*,#10933,.F.);
#10933 = EDGE_CURVE('',#10934,#10925,#10936,.T.);
#10934 = VERTEX_POINT('',#10935);
#10935 = CARTESIAN_POINT('',(-1.08,1.016,0.533));
#10936 = B_SPLINE_CURVE_WITH_KNOTS('',1,(#10937,#10938),.UNSPECIFIED.,
  .F.,.F.,(2,2),(0.,3.E-03),.PIECEWISE_BEZIER_KNOTS.);
#10937 = CARTESIAN_POINT('',(-1.0795,1.016,0.533));
#10938 = CARTESIAN_POINT('',(-1.0795,1.016,0.536));
#10939 = ORIENTED_EDGE('',*,*,#10940,.F.);
#10940 = EDGE_CURVE('',#10934,#10934,#10941,.T.);
#10941 = CIRCLE('',#10942,6.35E-02);
#10942 = AXIS2_PLACEMENT_3D('',#10943,#10944,#10945);
#10943 = CARTESIAN_POINT('',(-1.016,1.016,0.533));
#10944 = DIRECTION('',(0.,0.,-1.));
#10945 = DIRECTION('',(1.,0.,0.));
#10946 = ORIENTED_EDGE('',*,*,#10933,.T.);
#10947 = CYLINDRICAL_SURFACE('',#10948,6.35E-02);
#10948 = AXIS2_PLACEMENT_3D('',#10949,#10950,#10951);
#10949 = CARTESIAN_POINT('',(-1.016,1.016,0.533));
#10950 = DIRECTION('',(0.,0.,1.));
#10951 = DIRECTION('',(1.,0.,-0.));
#10952 = ADVANCED_FACE('',(#10953),#10956,.F.);
#10953 = FACE_BOUND('',#10954,.T.);
#10954 = EDGE_LOOP('',(#10955));
#10955 = ORIENTED_EDGE('',*,*,#10940,.T.);
#10956 = PLANE('',#10957);
#10957 = AXIS2_PLACEMENT_3D('',#10958,#10959,#10960);
#10958 = CARTESIAN_POINT('',(-1.016,1.016,0.533));
#10959 = DIRECTION('',(0.,0.,1.));
#10960 = DIRECTION('',(0.,1.,0.));
#10961 = ADVANCED_FACE('',(#10962),#10965,.T.);
#10962 = FACE_BOUND('',#10963,.T.);
#10963 = EDGE_LOOP('',(#10964));
#10964 = ORIENTED_EDGE('',*,*,#10924,.T.);
#10965 = PLANE('',#10966);
#10966 = AXIS2_PLACEMENT_3D('',#10967,#10968,#10969);
#10967 = CARTESIAN_POINT('',(-1.016,1.016,0.536));
#10968 = DIRECTION('',(0.,0.,1.));
#10969 = DIRECTION('',(0.,1.,0.));
#10970 = MANIFOLD_SOLID_BREP('',#10971);
#10971 = CLOSED_SHELL('',(#10972,#11012,#11043,#11074,#11096,#11108));
#10972 = ADVANCED_FACE('',(#10973),#11007,.T.);
#10973 = FACE_BOUND('',#10974,.T.);
#10974 = EDGE_LOOP('',(#10975,#10985,#10993,#11001));
#10975 = ORIENTED_EDGE('',*,*,#10976,.F.);
#10976 = EDGE_CURVE('',#10977,#10979,#10981,.T.);
#10977 = VERTEX_POINT('',#10978);
#10978 = CARTESIAN_POINT('',(1.27,-1.27,0.278));
#10979 = VERTEX_POINT('',#10980);
#10980 = CARTESIAN_POINT('',(-1.27,-1.27,0.278));
#10981 = LINE('',#10982,#10983);
#10982 = CARTESIAN_POINT('',(1.27,-1.27,0.278));
#10983 = VECTOR('',#10984,1.);
#10984 = DIRECTION('',(-1.,0.,0.));
#10985 = ORIENTED_EDGE('',*,*,#10986,.F.);
#10986 = EDGE_CURVE('',#10987,#10977,#10989,.T.);
#10987 = VERTEX_POINT('',#10988);
#10988 = CARTESIAN_POINT('',(1.27,-1.27,0.533));
#10989 = LINE('',#10990,#10991);
#10990 = CARTESIAN_POINT('',(1.27,-1.27,0.533));
#10991 = VECTOR('',#10992,1.);
#10992 = DIRECTION('',(0.,0.,-1.));
#10993 = ORIENTED_EDGE('',*,*,#10994,.F.);
#10994 = EDGE_CURVE('',#10995,#10987,#10997,.T.);
#10995 = VERTEX_POINT('',#10996);
#10996 = CARTESIAN_POINT('',(-1.27,-1.27,0.533));
#10997 = LINE('',#10998,#10999);
#10998 = CARTESIAN_POINT('',(-1.27,-1.27,0.533));
#10999 = VECTOR('',#11000,1.);
#11000 = DIRECTION('',(1.,0.,0.));
#11001 = ORIENTED_EDGE('',*,*,#11002,.F.);
#11002 = EDGE_CURVE('',#10979,#10995,#11003,.T.);
#11003 = LINE('',#11004,#11005);
#11004 = CARTESIAN_POINT('',(-1.27,-1.27,0.278));
#11005 = VECTOR('',#11006,1.);
#11006 = DIRECTION('',(0.,0.,1.));
#11007 = PLANE('',#11008);
#11008 = AXIS2_PLACEMENT_3D('',#11009,#11010,#11011);
#11009 = CARTESIAN_POINT('',(-1.27,-1.27,0.278));
#11010 = DIRECTION('',(0.,-1.,0.));
#11011 = DIRECTION('',(0.,0.,1.));
#11012 = ADVANCED_FACE('',(#11013),#11038,.T.);
#11013 = FACE_BOUND('',#11014,.T.);
#11014 = EDGE_LOOP('',(#11015,#11023,#11031,#11037));
#11015 = ORIENTED_EDGE('',*,*,#11016,.F.);
#11016 = EDGE_CURVE('',#11017,#10977,#11019,.T.);
#11017 = VERTEX_POINT('',#11018);
#11018 = CARTESIAN_POINT('',(1.27,1.27,0.278));
#11019 = LINE('',#11020,#11021);
#11020 = CARTESIAN_POINT('',(1.27,1.27,0.278));
#11021 = VECTOR('',#11022,1.);
#11022 = DIRECTION('',(0.,-1.,0.));
#11023 = ORIENTED_EDGE('',*,*,#11024,.F.);
#11024 = EDGE_CURVE('',#11025,#11017,#11027,.T.);
#11025 = VERTEX_POINT('',#11026);
#11026 = CARTESIAN_POINT('',(1.27,1.27,0.533));
#11027 = LINE('',#11028,#11029);
#11028 = CARTESIAN_POINT('',(1.27,1.27,0.533));
#11029 = VECTOR('',#11030,1.);
#11030 = DIRECTION('',(0.,0.,-1.));
#11031 = ORIENTED_EDGE('',*,*,#11032,.F.);
#11032 = EDGE_CURVE('',#10987,#11025,#11033,.T.);
#11033 = LINE('',#11034,#11035);
#11034 = CARTESIAN_POINT('',(1.27,-1.27,0.533));
#11035 = VECTOR('',#11036,1.);
#11036 = DIRECTION('',(0.,1.,0.));
#11037 = ORIENTED_EDGE('',*,*,#10986,.T.);
#11038 = PLANE('',#11039);
#11039 = AXIS2_PLACEMENT_3D('',#11040,#11041,#11042);
#11040 = CARTESIAN_POINT('',(1.27,-1.27,0.278));
#11041 = DIRECTION('',(1.,0.,0.));
#11042 = DIRECTION('',(0.,0.,1.));
#11043 = ADVANCED_FACE('',(#11044),#11069,.T.);
#11044 = FACE_BOUND('',#11045,.T.);
#11045 = EDGE_LOOP('',(#11046,#11054,#11062,#11068));
#11046 = ORIENTED_EDGE('',*,*,#11047,.F.);
#11047 = EDGE_CURVE('',#11048,#11017,#11050,.T.);
#11048 = VERTEX_POINT('',#11049);
#11049 = CARTESIAN_POINT('',(-1.27,1.27,0.278));
#11050 = LINE('',#11051,#11052);
#11051 = CARTESIAN_POINT('',(-1.27,1.27,0.278));
#11052 = VECTOR('',#11053,1.);
#11053 = DIRECTION('',(1.,0.,0.));
#11054 = ORIENTED_EDGE('',*,*,#11055,.F.);
#11055 = EDGE_CURVE('',#11056,#11048,#11058,.T.);
#11056 = VERTEX_POINT('',#11057);
#11057 = CARTESIAN_POINT('',(-1.27,1.27,0.533));
#11058 = LINE('',#11059,#11060);
#11059 = CARTESIAN_POINT('',(-1.27,1.27,0.533));
#11060 = VECTOR('',#11061,1.);
#11061 = DIRECTION('',(0.,0.,-1.));
#11062 = ORIENTED_EDGE('',*,*,#11063,.F.);
#11063 = EDGE_CURVE('',#11025,#11056,#11064,.T.);
#11064 = LINE('',#11065,#11066);
#11065 = CARTESIAN_POINT('',(1.27,1.27,0.533));
#11066 = VECTOR('',#11067,1.);
#11067 = DIRECTION('',(-1.,0.,0.));
#11068 = ORIENTED_EDGE('',*,*,#11024,.T.);
#11069 = PLANE('',#11070);
#11070 = AXIS2_PLACEMENT_3D('',#11071,#11072,#11073);
#11071 = CARTESIAN_POINT('',(1.27,1.27,0.278));
#11072 = DIRECTION('',(0.,1.,0.));
#11073 = DIRECTION('',(0.,-0.,1.));
#11074 = ADVANCED_FACE('',(#11075),#11091,.T.);
#11075 = FACE_BOUND('',#11076,.T.);
#11076 = EDGE_LOOP('',(#11077,#11083,#11084,#11090));
#11077 = ORIENTED_EDGE('',*,*,#11078,.F.);
#11078 = EDGE_CURVE('',#10979,#11048,#11079,.T.);
#11079 = LINE('',#11080,#11081);
#11080 = CARTESIAN_POINT('',(-1.27,-1.27,0.278));
#11081 = VECTOR('',#11082,1.);
#11082 = DIRECTION('',(0.,1.,0.));
#11083 = ORIENTED_EDGE('',*,*,#11002,.T.);
#11084 = ORIENTED_EDGE('',*,*,#11085,.F.);
#11085 = EDGE_CURVE('',#11056,#10995,#11086,.T.);
#11086 = LINE('',#11087,#11088);
#11087 = CARTESIAN_POINT('',(-1.27,1.27,0.533));
#11088 = VECTOR('',#11089,1.);
#11089 = DIRECTION('',(0.,-1.,0.));
#11090 = ORIENTED_EDGE('',*,*,#11055,.T.);
#11091 = PLANE('',#11092);
#11092 = AXIS2_PLACEMENT_3D('',#11093,#11094,#11095);
#11093 = CARTESIAN_POINT('',(-1.27,1.27,0.278));
#11094 = DIRECTION('',(-1.,0.,0.));
#11095 = DIRECTION('',(0.,0.,1.));
#11096 = ADVANCED_FACE('',(#11097),#11103,.T.);
#11097 = FACE_BOUND('',#11098,.T.);
#11098 = EDGE_LOOP('',(#11099,#11100,#11101,#11102));
#11099 = ORIENTED_EDGE('',*,*,#11047,.T.);
#11100 = ORIENTED_EDGE('',*,*,#11016,.T.);
#11101 = ORIENTED_EDGE('',*,*,#10976,.T.);
#11102 = ORIENTED_EDGE('',*,*,#11078,.T.);
#11103 = PLANE('',#11104);
#11104 = AXIS2_PLACEMENT_3D('',#11105,#11106,#11107);
#11105 = CARTESIAN_POINT('',(-1.27,1.27,0.278));
#11106 = DIRECTION('',(0.,0.,-1.));
#11107 = DIRECTION('',(0.,1.,0.));
#11108 = ADVANCED_FACE('',(#11109),#11115,.T.);
#11109 = FACE_BOUND('',#11110,.T.);
#11110 = EDGE_LOOP('',(#11111,#11112,#11113,#11114));
#11111 = ORIENTED_EDGE('',*,*,#10994,.T.);
#11112 = ORIENTED_EDGE('',*,*,#11032,.T.);
#11113 = ORIENTED_EDGE('',*,*,#11063,.T.);
#11114 = ORIENTED_EDGE('',*,*,#11085,.T.);
#11115 = PLANE('',#11116);
#11116 = AXIS2_PLACEMENT_3D('',#11117,#11118,#11119);
#11117 = CARTESIAN_POINT('',(-1.27,-1.27,0.533));
#11118 = DIRECTION('',(0.,0.,1.));
#11119 = DIRECTION('',(0.,1.,0.));
#11120 = ( GEOMETRIC_REPRESENTATION_CONTEXT(3) 
GLOBAL_UNCERTAINTY_ASSIGNED_CONTEXT((#11124)) 
GLOBAL_UNIT_ASSIGNED_CONTEXT((#11121,#11122,#11123)) 
REPRESENTATION_CONTEXT('Context #1',
  '3D Context with UNIT and UNCERTAINTY') );
#11121 = ( LENGTH_UNIT() NAMED_UNIT(*) SI_UNIT(.MILLI.,.METRE.) );
#11122 = ( NAMED_UNIT(*) PLANE_ANGLE_UNIT() SI_UNIT($,.RADIAN.) );
#11123 = ( NAMED_UNIT(*) SI_UNIT($,.STERADIAN.) SOLID_ANGLE_UNIT() );
#11124 = UNCERTAINTY_MEASURE_WITH_UNIT(LENGTH_MEASURE(2.E-05),#11121,
  'distance_accuracy_value','confusion accuracy');
#11125 = SHAPE_DEFINITION_REPRESENTATION(#11126,#10617);
#11126 = PRODUCT_DEFINITION_SHAPE('','',#11127);
#11127 = PRODUCT_DEFINITION('design','',#11128,#11131);
#11128 = PRODUCT_DEFINITION_FORMATION('','',#11129);
#11129 = PRODUCT('WLCSP25_SOT1401-1_NXP','WLCSP25_SOT1401-1_NXP','',(
    #11130));
#11130 = PRODUCT_CONTEXT('',#2,'mechanical');
#11131 = PRODUCT_DEFINITION_CONTEXT('part definition',#2,'design');
#11132 = CONTEXT_DEPENDENT_SHAPE_REPRESENTATION(#11133,#11135);
#11133 = ( REPRESENTATION_RELATIONSHIP('','',#10617,#10607) 
REPRESENTATION_RELATIONSHIP_WITH_TRANSFORMATION(#11134) 
SHAPE_REPRESENTATION_RELATIONSHIP() );
#11134 = ITEM_DEFINED_TRANSFORMATION('','',#11,#10608);
#11135 = PRODUCT_DEFINITION_SHAPE('Placement','Placement of an item',
  #11136);
#11136 = NEXT_ASSEMBLY_USAGE_OCCURRENCE('311','','',#10602,#11127,$);
#11137 = PRODUCT_RELATED_PRODUCT_CATEGORY('part',$,(#11129));
#11138 = CONTEXT_DEPENDENT_SHAPE_REPRESENTATION(#11139,#11141);
#11139 = ( REPRESENTATION_RELATIONSHIP('','',#10607,#10) 
REPRESENTATION_RELATIONSHIP_WITH_TRANSFORMATION(#11140) 
SHAPE_REPRESENTATION_RELATIONSHIP() );
#11140 = ITEM_DEFINED_TRANSFORMATION('','',#11,#51);
#11141 = PRODUCT_DEFINITION_SHAPE('Placement','Placement of an item',
  #11142);
#11142 = NEXT_ASSEMBLY_USAGE_OCCURRENCE('312','','',#5,#10602,$);
#11143 = PRODUCT_RELATED_PRODUCT_CATEGORY('part',$,(#10604));
#11144 = REPRESENTATION('material name',(#11145),#5239);
#11145 = DESCRIPTIVE_REPRESENTATION_ITEM('Generic','Generic');
#11146 = DERIVED_UNIT((#11147,#11149));
#11147 = DERIVED_UNIT_ELEMENT(#11148,3.);
#11148 = ( MASS_UNIT() NAMED_UNIT(*) SI_UNIT($,.GRAM.) );
#11149 = DERIVED_UNIT_ELEMENT(#11150,2.);
#11150 = ( LENGTH_UNIT() NAMED_UNIT(*) SI_UNIT(.CENTI.,.METRE.) );
#11151 = REPRESENTATION('density',(#11152),#5239);
#11152 = MEASURE_REPRESENTATION_ITEM('density measure',
  POSITIVE_RATIO_MEASURE(1.),#11146);
#11153 = PROPERTY_DEFINITION('material property','material name',#5246);
#11154 = PROPERTY_DEFINITION_REPRESENTATION(#11153,#11144);
#11155 = PROPERTY_DEFINITION('material property','density',#5246);
#11156 = PROPERTY_DEFINITION_REPRESENTATION(#11155,#11151);
#11157 = PROPERTY_DEFINITION('material property','material name',#5719);
#11158 = PROPERTY_DEFINITION_REPRESENTATION(#11157,#11144);
#11159 = PROPERTY_DEFINITION('material property','density',#5719);
#11160 = PROPERTY_DEFINITION_REPRESENTATION(#11159,#11151);
#11161 = MECHANICAL_DESIGN_GEOMETRIC_PRESENTATION_REPRESENTATION('',(
    #11162),#10381);
#11162 = STYLED_ITEM('color',(#11163),#10231);
#11163 = PRESENTATION_STYLE_ASSIGNMENT((#11164,#11170));
#11164 = SURFACE_STYLE_USAGE(.BOTH.,#11165);
#11165 = SURFACE_SIDE_STYLE('',(#11166));
#11166 = SURFACE_STYLE_FILL_AREA(#11167);
#11167 = FILL_AREA_STYLE('',(#11168));
#11168 = FILL_AREA_STYLE_COLOUR('',#11169);
#11169 = COLOUR_RGB('',0.752941164258,0.752941164258,0.752941164258);
#11170 = CURVE_STYLE('',#11171,POSITIVE_LENGTH_MEASURE(0.1),#11169);
#11171 = DRAUGHTING_PRE_DEFINED_CURVE_FONT('continuous');
#11172 = MECHANICAL_DESIGN_GEOMETRIC_PRESENTATION_REPRESENTATION('',(
    #11173),#10189);
#11173 = STYLED_ITEM('color',(#11174),#10039);
#11174 = PRESENTATION_STYLE_ASSIGNMENT((#11175,#11181));
#11175 = SURFACE_STYLE_USAGE(.BOTH.,#11176);
#11176 = SURFACE_SIDE_STYLE('',(#11177));
#11177 = SURFACE_STYLE_FILL_AREA(#11178);
#11178 = FILL_AREA_STYLE('',(#11179));
#11179 = FILL_AREA_STYLE_COLOUR('',#11180);
#11180 = COLOUR_RGB('',0.811764696686,0.788235302081,0.709803916149);
#11181 = CURVE_STYLE('',#11182,POSITIVE_LENGTH_MEASURE(0.1),#11180);
#11182 = DRAUGHTING_PRE_DEFINED_CURVE_FONT('continuous');
#11183 = MECHANICAL_DESIGN_GEOMETRIC_PRESENTATION_REPRESENTATION('',(
    #11184),#571);
#11184 = STYLED_ITEM('color',(#11185),#79);
#11185 = PRESENTATION_STYLE_ASSIGNMENT((#11186,#11192));
#11186 = SURFACE_STYLE_USAGE(.BOTH.,#11187);
#11187 = SURFACE_SIDE_STYLE('',(#11188));
#11188 = SURFACE_STYLE_FILL_AREA(#11189);
#11189 = FILL_AREA_STYLE('',(#11190));
#11190 = FILL_AREA_STYLE_COLOUR('',#11191);
#11191 = COLOUR_RGB('',0.,0.501960785193,0.);
#11192 = CURVE_STYLE('',#11193,POSITIVE_LENGTH_MEASURE(0.1),#11191);
#11193 = DRAUGHTING_PRE_DEFINED_CURVE_FONT('continuous');
#11194 = MECHANICAL_DESIGN_GEOMETRIC_PRESENTATION_REPRESENTATION('',(
    #11195),#5712);
#11195 = STYLED_ITEM('color',(#11196),#5258);
#11196 = PRESENTATION_STYLE_ASSIGNMENT((#11197));
#11197 = SURFACE_STYLE_USAGE(.BOTH.,#11198);
#11198 = SURFACE_SIDE_STYLE('',(#11199));
#11199 = SURFACE_STYLE_FILL_AREA(#11200);
#11200 = FILL_AREA_STYLE('',(#11201));
#11201 = FILL_AREA_STYLE_COLOUR('',#11202);
#11202 = COLOUR_RGB('',0.286274508045,0.286274508045,0.286274508045);
#11203 = MECHANICAL_DESIGN_GEOMETRIC_PRESENTATION_REPRESENTATION('',(
    #11204,#11212,#11219,#11226,#11233,#11240,#11247,#11254,#11261,
    #11268,#11275,#11282),#9966);
#11204 = STYLED_ITEM('color',(#11205),#6549);
#11205 = PRESENTATION_STYLE_ASSIGNMENT((#11206));
#11206 = SURFACE_STYLE_USAGE(.BOTH.,#11207);
#11207 = SURFACE_SIDE_STYLE('',(#11208));
#11208 = SURFACE_STYLE_FILL_AREA(#11209);
#11209 = FILL_AREA_STYLE('',(#11210));
#11210 = FILL_AREA_STYLE_COLOUR('',#11211);
#11211 = COLOUR_RGB('',0.862745083778,0.627450987486,5.882352716007E-02
  );
#11212 = STYLED_ITEM('color',(#11213),#6831);
#11213 = PRESENTATION_STYLE_ASSIGNMENT((#11214));
#11214 = SURFACE_STYLE_USAGE(.BOTH.,#11215);
#11215 = SURFACE_SIDE_STYLE('',(#11216));
#11216 = SURFACE_STYLE_FILL_AREA(#11217);
#11217 = FILL_AREA_STYLE('',(#11218));
#11218 = FILL_AREA_STYLE_COLOUR('',#11211);
#11219 = STYLED_ITEM('color',(#11220),#7113);
#11220 = PRESENTATION_STYLE_ASSIGNMENT((#11221));
#11221 = SURFACE_STYLE_USAGE(.BOTH.,#11222);
#11222 = SURFACE_SIDE_STYLE('',(#11223));
#11223 = SURFACE_STYLE_FILL_AREA(#11224);
#11224 = FILL_AREA_STYLE('',(#11225));
#11225 = FILL_AREA_STYLE_COLOUR('',#11211);
#11226 = STYLED_ITEM('color',(#11227),#7395);
#11227 = PRESENTATION_STYLE_ASSIGNMENT((#11228));
#11228 = SURFACE_STYLE_USAGE(.BOTH.,#11229);
#11229 = SURFACE_SIDE_STYLE('',(#11230));
#11230 = SURFACE_STYLE_FILL_AREA(#11231);
#11231 = FILL_AREA_STYLE('',(#11232));
#11232 = FILL_AREA_STYLE_COLOUR('',#11211);
#11233 = STYLED_ITEM('color',(#11234),#7677);
#11234 = PRESENTATION_STYLE_ASSIGNMENT((#11235));
#11235 = SURFACE_STYLE_USAGE(.BOTH.,#11236);
#11236 = SURFACE_SIDE_STYLE('',(#11237));
#11237 = SURFACE_STYLE_FILL_AREA(#11238);
#11238 = FILL_AREA_STYLE('',(#11239));
#11239 = FILL_AREA_STYLE_COLOUR('',#11211);
#11240 = STYLED_ITEM('color',(#11241),#7959);
#11241 = PRESENTATION_STYLE_ASSIGNMENT((#11242));
#11242 = SURFACE_STYLE_USAGE(.BOTH.,#11243);
#11243 = SURFACE_SIDE_STYLE('',(#11244));
#11244 = SURFACE_STYLE_FILL_AREA(#11245);
#11245 = FILL_AREA_STYLE('',(#11246));
#11246 = FILL_AREA_STYLE_COLOUR('',#11211);
#11247 = STYLED_ITEM('color',(#11248),#8241);
#11248 = PRESENTATION_STYLE_ASSIGNMENT((#11249));
#11249 = SURFACE_STYLE_USAGE(.BOTH.,#11250);
#11250 = SURFACE_SIDE_STYLE('',(#11251));
#11251 = SURFACE_STYLE_FILL_AREA(#11252);
#11252 = FILL_AREA_STYLE('',(#11253));
#11253 = FILL_AREA_STYLE_COLOUR('',#11211);
#11254 = STYLED_ITEM('color',(#11255),#8523);
#11255 = PRESENTATION_STYLE_ASSIGNMENT((#11256));
#11256 = SURFACE_STYLE_USAGE(.BOTH.,#11257);
#11257 = SURFACE_SIDE_STYLE('',(#11258));
#11258 = SURFACE_STYLE_FILL_AREA(#11259);
#11259 = FILL_AREA_STYLE('',(#11260));
#11260 = FILL_AREA_STYLE_COLOUR('',#11211);
#11261 = STYLED_ITEM('color',(#11262),#8805);
#11262 = PRESENTATION_STYLE_ASSIGNMENT((#11263));
#11263 = SURFACE_STYLE_USAGE(.BOTH.,#11264);
#11264 = SURFACE_SIDE_STYLE('',(#11265));
#11265 = SURFACE_STYLE_FILL_AREA(#11266);
#11266 = FILL_AREA_STYLE('',(#11267));
#11267 = FILL_AREA_STYLE_COLOUR('',#11211);
#11268 = STYLED_ITEM('color',(#11269),#9087);
#11269 = PRESENTATION_STYLE_ASSIGNMENT((#11270));
#11270 = SURFACE_STYLE_USAGE(.BOTH.,#11271);
#11271 = SURFACE_SIDE_STYLE('',(#11272));
#11272 = SURFACE_STYLE_FILL_AREA(#11273);
#11273 = FILL_AREA_STYLE('',(#11274));
#11274 = FILL_AREA_STYLE_COLOUR('',#11211);
#11275 = STYLED_ITEM('color',(#11276),#9369);
#11276 = PRESENTATION_STYLE_ASSIGNMENT((#11277));
#11277 = SURFACE_STYLE_USAGE(.BOTH.,#11278);
#11278 = SURFACE_SIDE_STYLE('',(#11279));
#11279 = SURFACE_STYLE_FILL_AREA(#11280);
#11280 = FILL_AREA_STYLE('',(#11281));
#11281 = FILL_AREA_STYLE_COLOUR('',#11211);
#11282 = STYLED_ITEM('color',(#11283),#9651);
#11283 = PRESENTATION_STYLE_ASSIGNMENT((#11284));
#11284 = SURFACE_STYLE_USAGE(.BOTH.,#11285);
#11285 = SURFACE_SIDE_STYLE('',(#11286));
#11286 = SURFACE_STYLE_FILL_AREA(#11287);
#11287 = FILL_AREA_STYLE('',(#11288));
#11288 = FILL_AREA_STYLE_COLOUR('',#11211);
#11289 = MECHANICAL_DESIGN_GEOMETRIC_PRESENTATION_REPRESENTATION('',(
    #11290,#11300,#11309,#11318,#11327,#11336,#11345,#11354,#11363,
    #11372,#11381,#11390,#11399,#11408,#11417,#11426,#11435,#11444,
    #11453,#11462,#11471,#11480,#11489,#11498,#11507,#11516,#11526,
    #11535,#11544,#11554,#11563,#11572,#11581,#11590),#11120);
#11290 = STYLED_ITEM('color',(#11291),#10620);
#11291 = PRESENTATION_STYLE_ASSIGNMENT((#11292,#11298));
#11292 = SURFACE_STYLE_USAGE(.BOTH.,#11293);
#11293 = SURFACE_SIDE_STYLE('',(#11294));
#11294 = SURFACE_STYLE_FILL_AREA(#11295);
#11295 = FILL_AREA_STYLE('',(#11296));
#11296 = FILL_AREA_STYLE_COLOUR('',#11297);
#11297 = COLOUR_RGB('',0.72499999117,0.72499999117,0.72499999117);
#11298 = CURVE_STYLE('',#11299,POSITIVE_LENGTH_MEASURE(0.1),#11297);
#11299 = DRAUGHTING_PRE_DEFINED_CURVE_FONT('continuous');
#11300 = STYLED_ITEM('color',(#11301),#10632);
#11301 = PRESENTATION_STYLE_ASSIGNMENT((#11302,#11307));
#11302 = SURFACE_STYLE_USAGE(.BOTH.,#11303);
#11303 = SURFACE_SIDE_STYLE('',(#11304));
#11304 = SURFACE_STYLE_FILL_AREA(#11305);
#11305 = FILL_AREA_STYLE('',(#11306));
#11306 = FILL_AREA_STYLE_COLOUR('',#11297);
#11307 = CURVE_STYLE('',#11308,POSITIVE_LENGTH_MEASURE(0.1),#11297);
#11308 = DRAUGHTING_PRE_DEFINED_CURVE_FONT('continuous');
#11309 = STYLED_ITEM('color',(#11310),#10644);
#11310 = PRESENTATION_STYLE_ASSIGNMENT((#11311,#11316));
#11311 = SURFACE_STYLE_USAGE(.BOTH.,#11312);
#11312 = SURFACE_SIDE_STYLE('',(#11313));
#11313 = SURFACE_STYLE_FILL_AREA(#11314);
#11314 = FILL_AREA_STYLE('',(#11315));
#11315 = FILL_AREA_STYLE_COLOUR('',#11297);
#11316 = CURVE_STYLE('',#11317,POSITIVE_LENGTH_MEASURE(0.1),#11297);
#11317 = DRAUGHTING_PRE_DEFINED_CURVE_FONT('continuous');
#11318 = STYLED_ITEM('color',(#11319),#10656);
#11319 = PRESENTATION_STYLE_ASSIGNMENT((#11320,#11325));
#11320 = SURFACE_STYLE_USAGE(.BOTH.,#11321);
#11321 = SURFACE_SIDE_STYLE('',(#11322));
#11322 = SURFACE_STYLE_FILL_AREA(#11323);
#11323 = FILL_AREA_STYLE('',(#11324));
#11324 = FILL_AREA_STYLE_COLOUR('',#11297);
#11325 = CURVE_STYLE('',#11326,POSITIVE_LENGTH_MEASURE(0.1),#11297);
#11326 = DRAUGHTING_PRE_DEFINED_CURVE_FONT('continuous');
#11327 = STYLED_ITEM('color',(#11328),#10668);
#11328 = PRESENTATION_STYLE_ASSIGNMENT((#11329,#11334));
#11329 = SURFACE_STYLE_USAGE(.BOTH.,#11330);
#11330 = SURFACE_SIDE_STYLE('',(#11331));
#11331 = SURFACE_STYLE_FILL_AREA(#11332);
#11332 = FILL_AREA_STYLE('',(#11333));
#11333 = FILL_AREA_STYLE_COLOUR('',#11297);
#11334 = CURVE_STYLE('',#11335,POSITIVE_LENGTH_MEASURE(0.1),#11297);
#11335 = DRAUGHTING_PRE_DEFINED_CURVE_FONT('continuous');
#11336 = STYLED_ITEM('color',(#11337),#10680);
#11337 = PRESENTATION_STYLE_ASSIGNMENT((#11338,#11343));
#11338 = SURFACE_STYLE_USAGE(.BOTH.,#11339);
#11339 = SURFACE_SIDE_STYLE('',(#11340));
#11340 = SURFACE_STYLE_FILL_AREA(#11341);
#11341 = FILL_AREA_STYLE('',(#11342));
#11342 = FILL_AREA_STYLE_COLOUR('',#11297);
#11343 = CURVE_STYLE('',#11344,POSITIVE_LENGTH_MEASURE(0.1),#11297);
#11344 = DRAUGHTING_PRE_DEFINED_CURVE_FONT('continuous');
#11345 = STYLED_ITEM('color',(#11346),#10692);
#11346 = PRESENTATION_STYLE_ASSIGNMENT((#11347,#11352));
#11347 = SURFACE_STYLE_USAGE(.BOTH.,#11348);
#11348 = SURFACE_SIDE_STYLE('',(#11349));
#11349 = SURFACE_STYLE_FILL_AREA(#11350);
#11350 = FILL_AREA_STYLE('',(#11351));
#11351 = FILL_AREA_STYLE_COLOUR('',#11297);
#11352 = CURVE_STYLE('',#11353,POSITIVE_LENGTH_MEASURE(0.1),#11297);
#11353 = DRAUGHTING_PRE_DEFINED_CURVE_FONT('continuous');
#11354 = STYLED_ITEM('color',(#11355),#10704);
#11355 = PRESENTATION_STYLE_ASSIGNMENT((#11356,#11361));
#11356 = SURFACE_STYLE_USAGE(.BOTH.,#11357);
#11357 = SURFACE_SIDE_STYLE('',(#11358));
#11358 = SURFACE_STYLE_FILL_AREA(#11359);
#11359 = FILL_AREA_STYLE('',(#11360));
#11360 = FILL_AREA_STYLE_COLOUR('',#11297);
#11361 = CURVE_STYLE('',#11362,POSITIVE_LENGTH_MEASURE(0.1),#11297);
#11362 = DRAUGHTING_PRE_DEFINED_CURVE_FONT('continuous');
#11363 = STYLED_ITEM('color',(#11364),#10716);
#11364 = PRESENTATION_STYLE_ASSIGNMENT((#11365,#11370));
#11365 = SURFACE_STYLE_USAGE(.BOTH.,#11366);
#11366 = SURFACE_SIDE_STYLE('',(#11367));
#11367 = SURFACE_STYLE_FILL_AREA(#11368);
#11368 = FILL_AREA_STYLE('',(#11369));
#11369 = FILL_AREA_STYLE_COLOUR('',#11297);
#11370 = CURVE_STYLE('',#11371,POSITIVE_LENGTH_MEASURE(0.1),#11297);
#11371 = DRAUGHTING_PRE_DEFINED_CURVE_FONT('continuous');
#11372 = STYLED_ITEM('color',(#11373),#10728);
#11373 = PRESENTATION_STYLE_ASSIGNMENT((#11374,#11379));
#11374 = SURFACE_STYLE_USAGE(.BOTH.,#11375);
#11375 = SURFACE_SIDE_STYLE('',(#11376));
#11376 = SURFACE_STYLE_FILL_AREA(#11377);
#11377 = FILL_AREA_STYLE('',(#11378));
#11378 = FILL_AREA_STYLE_COLOUR('',#11297);
#11379 = CURVE_STYLE('',#11380,POSITIVE_LENGTH_MEASURE(0.1),#11297);
#11380 = DRAUGHTING_PRE_DEFINED_CURVE_FONT('continuous');
#11381 = STYLED_ITEM('color',(#11382),#10740);
#11382 = PRESENTATION_STYLE_ASSIGNMENT((#11383,#11388));
#11383 = SURFACE_STYLE_USAGE(.BOTH.,#11384);
#11384 = SURFACE_SIDE_STYLE('',(#11385));
#11385 = SURFACE_STYLE_FILL_AREA(#11386);
#11386 = FILL_AREA_STYLE('',(#11387));
#11387 = FILL_AREA_STYLE_COLOUR('',#11297);
#11388 = CURVE_STYLE('',#11389,POSITIVE_LENGTH_MEASURE(0.1),#11297);
#11389 = DRAUGHTING_PRE_DEFINED_CURVE_FONT('continuous');
#11390 = STYLED_ITEM('color',(#11391),#10752);
#11391 = PRESENTATION_STYLE_ASSIGNMENT((#11392,#11397));
#11392 = SURFACE_STYLE_USAGE(.BOTH.,#11393);
#11393 = SURFACE_SIDE_STYLE('',(#11394));
#11394 = SURFACE_STYLE_FILL_AREA(#11395);
#11395 = FILL_AREA_STYLE('',(#11396));
#11396 = FILL_AREA_STYLE_COLOUR('',#11297);
#11397 = CURVE_STYLE('',#11398,POSITIVE_LENGTH_MEASURE(0.1),#11297);
#11398 = DRAUGHTING_PRE_DEFINED_CURVE_FONT('continuous');
#11399 = STYLED_ITEM('color',(#11400),#10764);
#11400 = PRESENTATION_STYLE_ASSIGNMENT((#11401,#11406));
#11401 = SURFACE_STYLE_USAGE(.BOTH.,#11402);
#11402 = SURFACE_SIDE_STYLE('',(#11403));
#11403 = SURFACE_STYLE_FILL_AREA(#11404);
#11404 = FILL_AREA_STYLE('',(#11405));
#11405 = FILL_AREA_STYLE_COLOUR('',#11297);
#11406 = CURVE_STYLE('',#11407,POSITIVE_LENGTH_MEASURE(0.1),#11297);
#11407 = DRAUGHTING_PRE_DEFINED_CURVE_FONT('continuous');
#11408 = STYLED_ITEM('color',(#11409),#10776);
#11409 = PRESENTATION_STYLE_ASSIGNMENT((#11410,#11415));
#11410 = SURFACE_STYLE_USAGE(.BOTH.,#11411);
#11411 = SURFACE_SIDE_STYLE('',(#11412));
#11412 = SURFACE_STYLE_FILL_AREA(#11413);
#11413 = FILL_AREA_STYLE('',(#11414));
#11414 = FILL_AREA_STYLE_COLOUR('',#11297);
#11415 = CURVE_STYLE('',#11416,POSITIVE_LENGTH_MEASURE(0.1),#11297);
#11416 = DRAUGHTING_PRE_DEFINED_CURVE_FONT('continuous');
#11417 = STYLED_ITEM('color',(#11418),#10788);
#11418 = PRESENTATION_STYLE_ASSIGNMENT((#11419,#11424));
#11419 = SURFACE_STYLE_USAGE(.BOTH.,#11420);
#11420 = SURFACE_SIDE_STYLE('',(#11421));
#11421 = SURFACE_STYLE_FILL_AREA(#11422);
#11422 = FILL_AREA_STYLE('',(#11423));
#11423 = FILL_AREA_STYLE_COLOUR('',#11297);
#11424 = CURVE_STYLE('',#11425,POSITIVE_LENGTH_MEASURE(0.1),#11297);
#11425 = DRAUGHTING_PRE_DEFINED_CURVE_FONT('continuous');
#11426 = STYLED_ITEM('color',(#11427),#10800);
#11427 = PRESENTATION_STYLE_ASSIGNMENT((#11428,#11433));
#11428 = SURFACE_STYLE_USAGE(.BOTH.,#11429);
#11429 = SURFACE_SIDE_STYLE('',(#11430));
#11430 = SURFACE_STYLE_FILL_AREA(#11431);
#11431 = FILL_AREA_STYLE('',(#11432));
#11432 = FILL_AREA_STYLE_COLOUR('',#11297);
#11433 = CURVE_STYLE('',#11434,POSITIVE_LENGTH_MEASURE(0.1),#11297);
#11434 = DRAUGHTING_PRE_DEFINED_CURVE_FONT('continuous');
#11435 = STYLED_ITEM('color',(#11436),#10812);
#11436 = PRESENTATION_STYLE_ASSIGNMENT((#11437,#11442));
#11437 = SURFACE_STYLE_USAGE(.BOTH.,#11438);
#11438 = SURFACE_SIDE_STYLE('',(#11439));
#11439 = SURFACE_STYLE_FILL_AREA(#11440);
#11440 = FILL_AREA_STYLE('',(#11441));
#11441 = FILL_AREA_STYLE_COLOUR('',#11297);
#11442 = CURVE_STYLE('',#11443,POSITIVE_LENGTH_MEASURE(0.1),#11297);
#11443 = DRAUGHTING_PRE_DEFINED_CURVE_FONT('continuous');
#11444 = STYLED_ITEM('color',(#11445),#10824);
#11445 = PRESENTATION_STYLE_ASSIGNMENT((#11446,#11451));
#11446 = SURFACE_STYLE_USAGE(.BOTH.,#11447);
#11447 = SURFACE_SIDE_STYLE('',(#11448));
#11448 = SURFACE_STYLE_FILL_AREA(#11449);
#11449 = FILL_AREA_STYLE('',(#11450));
#11450 = FILL_AREA_STYLE_COLOUR('',#11297);
#11451 = CURVE_STYLE('',#11452,POSITIVE_LENGTH_MEASURE(0.1),#11297);
#11452 = DRAUGHTING_PRE_DEFINED_CURVE_FONT('continuous');
#11453 = STYLED_ITEM('color',(#11454),#10836);
#11454 = PRESENTATION_STYLE_ASSIGNMENT((#11455,#11460));
#11455 = SURFACE_STYLE_USAGE(.BOTH.,#11456);
#11456 = SURFACE_SIDE_STYLE('',(#11457));
#11457 = SURFACE_STYLE_FILL_AREA(#11458);
#11458 = FILL_AREA_STYLE('',(#11459));
#11459 = FILL_AREA_STYLE_COLOUR('',#11297);
#11460 = CURVE_STYLE('',#11461,POSITIVE_LENGTH_MEASURE(0.1),#11297);
#11461 = DRAUGHTING_PRE_DEFINED_CURVE_FONT('continuous');
#11462 = STYLED_ITEM('color',(#11463),#10848);
#11463 = PRESENTATION_STYLE_ASSIGNMENT((#11464,#11469));
#11464 = SURFACE_STYLE_USAGE(.BOTH.,#11465);
#11465 = SURFACE_SIDE_STYLE('',(#11466));
#11466 = SURFACE_STYLE_FILL_AREA(#11467);
#11467 = FILL_AREA_STYLE('',(#11468));
#11468 = FILL_AREA_STYLE_COLOUR('',#11297);
#11469 = CURVE_STYLE('',#11470,POSITIVE_LENGTH_MEASURE(0.1),#11297);
#11470 = DRAUGHTING_PRE_DEFINED_CURVE_FONT('continuous');
#11471 = STYLED_ITEM('color',(#11472),#10860);
#11472 = PRESENTATION_STYLE_ASSIGNMENT((#11473,#11478));
#11473 = SURFACE_STYLE_USAGE(.BOTH.,#11474);
#11474 = SURFACE_SIDE_STYLE('',(#11475));
#11475 = SURFACE_STYLE_FILL_AREA(#11476);
#11476 = FILL_AREA_STYLE('',(#11477));
#11477 = FILL_AREA_STYLE_COLOUR('',#11297);
#11478 = CURVE_STYLE('',#11479,POSITIVE_LENGTH_MEASURE(0.1),#11297);
#11479 = DRAUGHTING_PRE_DEFINED_CURVE_FONT('continuous');
#11480 = STYLED_ITEM('color',(#11481),#10872);
#11481 = PRESENTATION_STYLE_ASSIGNMENT((#11482,#11487));
#11482 = SURFACE_STYLE_USAGE(.BOTH.,#11483);
#11483 = SURFACE_SIDE_STYLE('',(#11484));
#11484 = SURFACE_STYLE_FILL_AREA(#11485);
#11485 = FILL_AREA_STYLE('',(#11486));
#11486 = FILL_AREA_STYLE_COLOUR('',#11297);
#11487 = CURVE_STYLE('',#11488,POSITIVE_LENGTH_MEASURE(0.1),#11297);
#11488 = DRAUGHTING_PRE_DEFINED_CURVE_FONT('continuous');
#11489 = STYLED_ITEM('color',(#11490),#10884);
#11490 = PRESENTATION_STYLE_ASSIGNMENT((#11491,#11496));
#11491 = SURFACE_STYLE_USAGE(.BOTH.,#11492);
#11492 = SURFACE_SIDE_STYLE('',(#11493));
#11493 = SURFACE_STYLE_FILL_AREA(#11494);
#11494 = FILL_AREA_STYLE('',(#11495));
#11495 = FILL_AREA_STYLE_COLOUR('',#11297);
#11496 = CURVE_STYLE('',#11497,POSITIVE_LENGTH_MEASURE(0.1),#11297);
#11497 = DRAUGHTING_PRE_DEFINED_CURVE_FONT('continuous');
#11498 = STYLED_ITEM('color',(#11499),#10896);
#11499 = PRESENTATION_STYLE_ASSIGNMENT((#11500,#11505));
#11500 = SURFACE_STYLE_USAGE(.BOTH.,#11501);
#11501 = SURFACE_SIDE_STYLE('',(#11502));
#11502 = SURFACE_STYLE_FILL_AREA(#11503);
#11503 = FILL_AREA_STYLE('',(#11504));
#11504 = FILL_AREA_STYLE_COLOUR('',#11297);
#11505 = CURVE_STYLE('',#11506,POSITIVE_LENGTH_MEASURE(0.1),#11297);
#11506 = DRAUGHTING_PRE_DEFINED_CURVE_FONT('continuous');
#11507 = STYLED_ITEM('color',(#11508),#10908);
#11508 = PRESENTATION_STYLE_ASSIGNMENT((#11509,#11514));
#11509 = SURFACE_STYLE_USAGE(.BOTH.,#11510);
#11510 = SURFACE_SIDE_STYLE('',(#11511));
#11511 = SURFACE_STYLE_FILL_AREA(#11512);
#11512 = FILL_AREA_STYLE('',(#11513));
#11513 = FILL_AREA_STYLE_COLOUR('',#11297);
#11514 = CURVE_STYLE('',#11515,POSITIVE_LENGTH_MEASURE(0.1),#11297);
#11515 = DRAUGHTING_PRE_DEFINED_CURVE_FONT('continuous');
#11516 = STYLED_ITEM('color',(#11517),#10920);
#11517 = PRESENTATION_STYLE_ASSIGNMENT((#11518,#11524));
#11518 = SURFACE_STYLE_USAGE(.BOTH.,#11519);
#11519 = SURFACE_SIDE_STYLE('',(#11520));
#11520 = SURFACE_STYLE_FILL_AREA(#11521);
#11521 = FILL_AREA_STYLE('',(#11522));
#11522 = FILL_AREA_STYLE_COLOUR('',#11523);
#11523 = COLOUR_RGB('',0.587999997538,0.587999997538,0.587999997538);
#11524 = CURVE_STYLE('',#11525,POSITIVE_LENGTH_MEASURE(0.1),#11523);
#11525 = DRAUGHTING_PRE_DEFINED_CURVE_FONT('continuous');
#11526 = STYLED_ITEM('color',(#11527),#10952);
#11527 = PRESENTATION_STYLE_ASSIGNMENT((#11528,#11533));
#11528 = SURFACE_STYLE_USAGE(.BOTH.,#11529);
#11529 = SURFACE_SIDE_STYLE('',(#11530));
#11530 = SURFACE_STYLE_FILL_AREA(#11531);
#11531 = FILL_AREA_STYLE('',(#11532));
#11532 = FILL_AREA_STYLE_COLOUR('',#11523);
#11533 = CURVE_STYLE('',#11534,POSITIVE_LENGTH_MEASURE(0.1),#11523);
#11534 = DRAUGHTING_PRE_DEFINED_CURVE_FONT('continuous');
#11535 = STYLED_ITEM('color',(#11536),#10961);
#11536 = PRESENTATION_STYLE_ASSIGNMENT((#11537,#11542));
#11537 = SURFACE_STYLE_USAGE(.BOTH.,#11538);
#11538 = SURFACE_SIDE_STYLE('',(#11539));
#11539 = SURFACE_STYLE_FILL_AREA(#11540);
#11540 = FILL_AREA_STYLE('',(#11541));
#11541 = FILL_AREA_STYLE_COLOUR('',#11523);
#11542 = CURVE_STYLE('',#11543,POSITIVE_LENGTH_MEASURE(0.1),#11523);
#11543 = DRAUGHTING_PRE_DEFINED_CURVE_FONT('continuous');
#11544 = STYLED_ITEM('color',(#11545),#10972);
#11545 = PRESENTATION_STYLE_ASSIGNMENT((#11546,#11552));
#11546 = SURFACE_STYLE_USAGE(.BOTH.,#11547);
#11547 = SURFACE_SIDE_STYLE('',(#11548));
#11548 = SURFACE_STYLE_FILL_AREA(#11549);
#11549 = FILL_AREA_STYLE('',(#11550));
#11550 = FILL_AREA_STYLE_COLOUR('',#11551);
#11551 = COLOUR_RGB('',0.196000005209,0.196000005209,0.196000005209);
#11552 = CURVE_STYLE('',#11553,POSITIVE_LENGTH_MEASURE(0.1),#11551);
#11553 = DRAUGHTING_PRE_DEFINED_CURVE_FONT('continuous');
#11554 = STYLED_ITEM('color',(#11555),#11012);
#11555 = PRESENTATION_STYLE_ASSIGNMENT((#11556,#11561));
#11556 = SURFACE_STYLE_USAGE(.BOTH.,#11557);
#11557 = SURFACE_SIDE_STYLE('',(#11558));
#11558 = SURFACE_STYLE_FILL_AREA(#11559);
#11559 = FILL_AREA_STYLE('',(#11560));
#11560 = FILL_AREA_STYLE_COLOUR('',#11551);
#11561 = CURVE_STYLE('',#11562,POSITIVE_LENGTH_MEASURE(0.1),#11551);
#11562 = DRAUGHTING_PRE_DEFINED_CURVE_FONT('continuous');
#11563 = STYLED_ITEM('color',(#11564),#11043);
#11564 = PRESENTATION_STYLE_ASSIGNMENT((#11565,#11570));
#11565 = SURFACE_STYLE_USAGE(.BOTH.,#11566);
#11566 = SURFACE_SIDE_STYLE('',(#11567));
#11567 = SURFACE_STYLE_FILL_AREA(#11568);
#11568 = FILL_AREA_STYLE('',(#11569));
#11569 = FILL_AREA_STYLE_COLOUR('',#11551);
#11570 = CURVE_STYLE('',#11571,POSITIVE_LENGTH_MEASURE(0.1),#11551);
#11571 = DRAUGHTING_PRE_DEFINED_CURVE_FONT('continuous');
#11572 = STYLED_ITEM('color',(#11573),#11074);
#11573 = PRESENTATION_STYLE_ASSIGNMENT((#11574,#11579));
#11574 = SURFACE_STYLE_USAGE(.BOTH.,#11575);
#11575 = SURFACE_SIDE_STYLE('',(#11576));
#11576 = SURFACE_STYLE_FILL_AREA(#11577);
#11577 = FILL_AREA_STYLE('',(#11578));
#11578 = FILL_AREA_STYLE_COLOUR('',#11551);
#11579 = CURVE_STYLE('',#11580,POSITIVE_LENGTH_MEASURE(0.1),#11551);
#11580 = DRAUGHTING_PRE_DEFINED_CURVE_FONT('continuous');
#11581 = STYLED_ITEM('color',(#11582),#11096);
#11582 = PRESENTATION_STYLE_ASSIGNMENT((#11583,#11588));
#11583 = SURFACE_STYLE_USAGE(.BOTH.,#11584);
#11584 = SURFACE_SIDE_STYLE('',(#11585));
#11585 = SURFACE_STYLE_FILL_AREA(#11586);
#11586 = FILL_AREA_STYLE('',(#11587));
#11587 = FILL_AREA_STYLE_COLOUR('',#11551);
#11588 = CURVE_STYLE('',#11589,POSITIVE_LENGTH_MEASURE(0.1),#11551);
#11589 = DRAUGHTING_PRE_DEFINED_CURVE_FONT('continuous');
#11590 = STYLED_ITEM('color',(#11591),#11108);
#11591 = PRESENTATION_STYLE_ASSIGNMENT((#11592,#11597));
#11592 = SURFACE_STYLE_USAGE(.BOTH.,#11593);
#11593 = SURFACE_SIDE_STYLE('',(#11594));
#11594 = SURFACE_STYLE_FILL_AREA(#11595);
#11595 = FILL_AREA_STYLE('',(#11596));
#11596 = FILL_AREA_STYLE_COLOUR('',#11551);
#11597 = CURVE_STYLE('',#11598,POSITIVE_LENGTH_MEASURE(0.1),#11551);
#11598 = DRAUGHTING_PRE_DEFINED_CURVE_FONT('continuous');
#11599 = MECHANICAL_DESIGN_GEOMETRIC_PRESENTATION_REPRESENTATION('',(
    #11600,#11608,#11616,#11624,#11631),#3233);
#11600 = STYLED_ITEM('color',(#11601),#613);
#11601 = PRESENTATION_STYLE_ASSIGNMENT((#11602));
#11602 = SURFACE_STYLE_USAGE(.BOTH.,#11603);
#11603 = SURFACE_SIDE_STYLE('',(#11604));
#11604 = SURFACE_STYLE_FILL_AREA(#11605);
#11605 = FILL_AREA_STYLE('',(#11606));
#11606 = FILL_AREA_STYLE_COLOUR('',#11607);
#11607 = COLOUR_RGB('',0.968627457133,0.878431359152,0.599999994755);
#11608 = STYLED_ITEM('color',(#11609),#1383);
#11609 = PRESENTATION_STYLE_ASSIGNMENT((#11610));
#11610 = SURFACE_STYLE_USAGE(.BOTH.,#11611);
#11611 = SURFACE_SIDE_STYLE('',(#11612));
#11612 = SURFACE_STYLE_FILL_AREA(#11613);
#11613 = FILL_AREA_STYLE('',(#11614));
#11614 = FILL_AREA_STYLE_COLOUR('',#11615);
#11615 = COLOUR_RGB('',0.792156867455,0.819607826924,0.933333342953);
#11616 = STYLED_ITEM('color',(#11617),#1673);
#11617 = PRESENTATION_STYLE_ASSIGNMENT((#11618));
#11618 = SURFACE_STYLE_USAGE(.BOTH.,#11619);
#11619 = SURFACE_SIDE_STYLE('',(#11620));
#11620 = SURFACE_STYLE_FILL_AREA(#11621);
#11621 = FILL_AREA_STYLE('',(#11622));
#11622 = FILL_AREA_STYLE_COLOUR('',#11623);
#11623 = COLOUR_RGB('',0.250980388104,0.250980388104,0.250980388104);
#11624 = STYLED_ITEM('color',(#11625),#2900);
#11625 = PRESENTATION_STYLE_ASSIGNMENT((#11626));
#11626 = SURFACE_STYLE_USAGE(.BOTH.,#11627);
#11627 = SURFACE_SIDE_STYLE('',(#11628));
#11628 = SURFACE_STYLE_FILL_AREA(#11629);
#11629 = FILL_AREA_STYLE('',(#11630));
#11630 = FILL_AREA_STYLE_COLOUR('',#11607);
#11631 = STYLED_ITEM('color',(#11632),#3050);
#11632 = PRESENTATION_STYLE_ASSIGNMENT((#11633));
#11633 = SURFACE_STYLE_USAGE(.BOTH.,#11634);
#11634 = SURFACE_SIDE_STYLE('',(#11635));
#11635 = SURFACE_STYLE_FILL_AREA(#11636);
#11636 = FILL_AREA_STYLE('',(#11637));
#11637 = FILL_AREA_STYLE_COLOUR('',#11607);
#11638 = MECHANICAL_DESIGN_GEOMETRIC_PRESENTATION_REPRESENTATION('',(
    #11639),#5239);
#11639 = STYLED_ITEM('color',(#11640),#3332);
#11640 = PRESENTATION_STYLE_ASSIGNMENT((#11641));
#11641 = SURFACE_STYLE_USAGE(.BOTH.,#11642);
#11642 = SURFACE_SIDE_STYLE('',(#11643));
#11643 = SURFACE_STYLE_FILL_AREA(#11644);
#11644 = FILL_AREA_STYLE('',(#11645));
#11645 = FILL_AREA_STYLE_COLOUR('',#11646);
#11646 = COLOUR_RGB('',5.098039223325E-02,0.278431365803,
  3.921568724327E-02);
#11647 = MECHANICAL_DESIGN_GEOMETRIC_PRESENTATION_REPRESENTATION('',(
    #11648,#11656,#11663,#11670),#6530);
#11648 = STYLED_ITEM('color',(#11649),#5731);
#11649 = PRESENTATION_STYLE_ASSIGNMENT((#11650));
#11650 = SURFACE_STYLE_USAGE(.BOTH.,#11651);
#11651 = SURFACE_SIDE_STYLE('',(#11652));
#11652 = SURFACE_STYLE_FILL_AREA(#11653);
#11653 = FILL_AREA_STYLE('',(#11654));
#11654 = FILL_AREA_STYLE_COLOUR('',#11655);
#11655 = COLOUR_RGB('',0.960784305148,0.960784305148,0.960784305148);
#11656 = STYLED_ITEM('color',(#11657),#5916);
#11657 = PRESENTATION_STYLE_ASSIGNMENT((#11658));
#11658 = SURFACE_STYLE_USAGE(.BOTH.,#11659);
#11659 = SURFACE_SIDE_STYLE('',(#11660));
#11660 = SURFACE_STYLE_FILL_AREA(#11661);
#11661 = FILL_AREA_STYLE('',(#11662));
#11662 = FILL_AREA_STYLE_COLOUR('',#11655);
#11663 = STYLED_ITEM('color',(#11664),#6237);
#11664 = PRESENTATION_STYLE_ASSIGNMENT((#11665));
#11665 = SURFACE_STYLE_USAGE(.BOTH.,#11666);
#11666 = SURFACE_SIDE_STYLE('',(#11667));
#11667 = SURFACE_STYLE_FILL_AREA(#11668);
#11668 = FILL_AREA_STYLE('',(#11669));
#11669 = FILL_AREA_STYLE_COLOUR('',#11655);
#11670 = STYLED_ITEM('color',(#11671),#6457);
#11671 = PRESENTATION_STYLE_ASSIGNMENT((#11672));
#11672 = SURFACE_STYLE_USAGE(.BOTH.,#11673);
#11673 = SURFACE_SIDE_STYLE('',(#11674));
#11674 = SURFACE_STYLE_FILL_AREA(#11675);
#11675 = FILL_AREA_STYLE('',(#11676));
#11676 = FILL_AREA_STYLE_COLOUR('',#11655);
ENDSEC;
END-ISO-10303-21;
