ISO-10303-21;
HEADER;
FILE_DESCRIPTION(('Open CASCADE Model'),'2;1');
FILE_NAME('Open CASCADE Shape Model','2022-10-04T14:25:41',('Author'),(
    'Open CASCADE'),'Open CASCADE STEP processor 7.5','Open CASCADE 7.5'
  ,'Unknown');
FILE_SCHEMA(('AUTOMOTIVE_DESIGN { 1 0 10303 214 1 1 1 1 }'));
ENDSEC;
DATA;
#1 = APPLICATION_PROTOCOL_DEFINITION('international standard',
  'automotive_design',2000,#2);
#2 = APPLICATION_CONTEXT(
  'core data for automotive mechanical design processes');
#3 = SHAPE_DEFINITION_REPRESENTATION(#4,#10);
#4 = PRODUCT_DEFINITION_SHAPE('','',#5);
#5 = PRODUCT_DEFINITION('design','',#6,#9);
#6 = PRODUCT_DEFINITION_FORMATION('','',#7);
#7 = PRODUCT('PCB','PCB','',(#8));
#8 = PRODUCT_CONTEXT('',#2,'mechanical');
#9 = PRODUCT_DEFINITION_CONTEXT('part definition',#2,'design');
#10 = SHAPE_REPRESENTATION('',(#11,#15,#19,#23,#27,#31,#35,#39,#43,#47,
    #51,#55,#59,#63,#67,#71,#75),#79);
#11 = AXIS2_PLACEMENT_3D('',#12,#13,#14);
#12 = CARTESIAN_POINT('',(0.,0.,0.));
#13 = DIRECTION('',(0.,0.,1.));
#14 = DIRECTION('',(1.,0.,-0.));
#15 = AXIS2_PLACEMENT_3D('',#16,#17,#18);
#16 = CARTESIAN_POINT('',(0.,0.,0.));
#17 = DIRECTION('',(0.,0.,1.));
#18 = DIRECTION('',(1.,0.,-0.));
#19 = AXIS2_PLACEMENT_3D('',#20,#21,#22);
#20 = CARTESIAN_POINT('',(0.,0.,0.));
#21 = DIRECTION('',(0.,0.,1.));
#22 = DIRECTION('',(1.,0.,-0.));
#23 = AXIS2_PLACEMENT_3D('',#24,#25,#26);
#24 = CARTESIAN_POINT('',(0.,0.,0.));
#25 = DIRECTION('',(0.,0.,1.));
#26 = DIRECTION('',(1.,0.,-0.));
#27 = AXIS2_PLACEMENT_3D('',#28,#29,#30);
#28 = CARTESIAN_POINT('',(0.,0.,0.));
#29 = DIRECTION('',(0.,0.,1.));
#30 = DIRECTION('',(1.,0.,-0.));
#31 = AXIS2_PLACEMENT_3D('',#32,#33,#34);
#32 = CARTESIAN_POINT('',(0.,0.,0.));
#33 = DIRECTION('',(0.,0.,1.));
#34 = DIRECTION('',(1.,0.,-0.));
#35 = AXIS2_PLACEMENT_3D('',#36,#37,#38);
#36 = CARTESIAN_POINT('',(0.,0.,0.));
#37 = DIRECTION('',(0.,0.,1.));
#38 = DIRECTION('',(1.,0.,-0.));
#39 = AXIS2_PLACEMENT_3D('',#40,#41,#42);
#40 = CARTESIAN_POINT('',(0.,0.,0.));
#41 = DIRECTION('',(0.,0.,1.));
#42 = DIRECTION('',(1.,0.,-0.));
#43 = AXIS2_PLACEMENT_3D('',#44,#45,#46);
#44 = CARTESIAN_POINT('',(0.,0.,0.));
#45 = DIRECTION('',(0.,0.,1.));
#46 = DIRECTION('',(1.,0.,-0.));
#47 = AXIS2_PLACEMENT_3D('',#48,#49,#50);
#48 = CARTESIAN_POINT('',(0.,0.,0.));
#49 = DIRECTION('',(0.,0.,1.));
#50 = DIRECTION('',(1.,0.,-0.));
#51 = AXIS2_PLACEMENT_3D('',#52,#53,#54);
#52 = CARTESIAN_POINT('',(0.,0.,0.));
#53 = DIRECTION('',(0.,0.,1.));
#54 = DIRECTION('',(1.,0.,-0.));
#55 = AXIS2_PLACEMENT_3D('',#56,#57,#58);
#56 = CARTESIAN_POINT('',(0.,0.,0.));
#57 = DIRECTION('',(0.,0.,1.));
#58 = DIRECTION('',(1.,0.,-0.));
#59 = AXIS2_PLACEMENT_3D('',#60,#61,#62);
#60 = CARTESIAN_POINT('',(0.,0.,0.));
#61 = DIRECTION('',(0.,0.,1.));
#62 = DIRECTION('',(1.,0.,-0.));
#63 = AXIS2_PLACEMENT_3D('',#64,#65,#66);
#64 = CARTESIAN_POINT('',(0.,0.,0.));
#65 = DIRECTION('',(0.,0.,1.));
#66 = DIRECTION('',(1.,0.,-0.));
#67 = AXIS2_PLACEMENT_3D('',#68,#69,#70);
#68 = CARTESIAN_POINT('',(0.,0.,0.));
#69 = DIRECTION('',(0.,0.,1.));
#70 = DIRECTION('',(1.,0.,-0.));
#71 = AXIS2_PLACEMENT_3D('',#72,#73,#74);
#72 = CARTESIAN_POINT('',(0.,0.,0.));
#73 = DIRECTION('',(0.,0.,1.));
#74 = DIRECTION('',(1.,0.,-0.));
#75 = AXIS2_PLACEMENT_3D('',#76,#77,#78);
#76 = CARTESIAN_POINT('',(0.,0.,0.));
#77 = DIRECTION('',(0.,0.,1.));
#78 = DIRECTION('',(1.,0.,-0.));
#79 = ( GEOMETRIC_REPRESENTATION_CONTEXT(3) 
GLOBAL_UNCERTAINTY_ASSIGNED_CONTEXT((#83)) GLOBAL_UNIT_ASSIGNED_CONTEXT(
(#80,#81,#82)) REPRESENTATION_CONTEXT('Context #1',
  '3D Context with UNIT and UNCERTAINTY') );
#80 = ( LENGTH_UNIT() NAMED_UNIT(*) SI_UNIT(.MILLI.,.METRE.) );
#81 = ( NAMED_UNIT(*) PLANE_ANGLE_UNIT() SI_UNIT($,.RADIAN.) );
#82 = ( NAMED_UNIT(*) SI_UNIT($,.STERADIAN.) SOLID_ANGLE_UNIT() );
#83 = UNCERTAINTY_MEASURE_WITH_UNIT(LENGTH_MEASURE(2.E-05),#80,
  'distance_accuracy_value','confusion accuracy');
#84 = PRODUCT_RELATED_PRODUCT_CATEGORY('part',$,(#7));
#85 = SHAPE_DEFINITION_REPRESENTATION(#86,#92);
#86 = PRODUCT_DEFINITION_SHAPE('','',#87);
#87 = PRODUCT_DEFINITION('design','',#88,#91);
#88 = PRODUCT_DEFINITION_FORMATION('','',#89);
#89 = PRODUCT('Board','Board','',(#90));
#90 = PRODUCT_CONTEXT('',#2,'mechanical');
#91 = PRODUCT_DEFINITION_CONTEXT('part definition',#2,'design');
#92 = SHAPE_REPRESENTATION('',(#11,#93),#97);
#93 = AXIS2_PLACEMENT_3D('',#94,#95,#96);
#94 = CARTESIAN_POINT('',(0.,0.,-0.43700192));
#95 = DIRECTION('',(0.,0.,1.));
#96 = DIRECTION('',(1.,0.,-0.));
#97 = ( GEOMETRIC_REPRESENTATION_CONTEXT(3) 
GLOBAL_UNCERTAINTY_ASSIGNED_CONTEXT((#101)) GLOBAL_UNIT_ASSIGNED_CONTEXT
((#98,#99,#100)) REPRESENTATION_CONTEXT('Context #1',
  '3D Context with UNIT and UNCERTAINTY') );
#98 = ( LENGTH_UNIT() NAMED_UNIT(*) SI_UNIT(.MILLI.,.METRE.) );
#99 = ( NAMED_UNIT(*) PLANE_ANGLE_UNIT() SI_UNIT($,.RADIAN.) );
#100 = ( NAMED_UNIT(*) SI_UNIT($,.STERADIAN.) SOLID_ANGLE_UNIT() );
#101 = UNCERTAINTY_MEASURE_WITH_UNIT(LENGTH_MEASURE(1.E-07),#98,
  'distance_accuracy_value','confusion accuracy');
#102 = ADVANCED_BREP_SHAPE_REPRESENTATION('',(#11,#103),#595);
#103 = MANIFOLD_SOLID_BREP('',#104);
#104 = CLOSED_SHELL('',(#105,#147,#178,#211,#242,#275,#306,#339,#370,
    #401,#432,#465,#496,#529,#551,#573));
#105 = ADVANCED_FACE('',(#106),#142,.T.);
#106 = FACE_BOUND('',#107,.T.);
#107 = EDGE_LOOP('',(#108,#118,#127,#135));
#108 = ORIENTED_EDGE('',*,*,#109,.T.);
#109 = EDGE_CURVE('',#110,#112,#114,.T.);
#110 = VERTEX_POINT('',#111);
#111 = CARTESIAN_POINT('',(-22.98399925231,-3.25,0.));
#112 = VERTEX_POINT('',#113);
#113 = CARTESIAN_POINT('',(-22.98399925231,-3.25,0.43700192));
#114 = LINE('',#115,#116);
#115 = CARTESIAN_POINT('',(-22.98399925231,-3.25,0.));
#116 = VECTOR('',#117,1.);
#117 = DIRECTION('',(0.,0.,1.));
#118 = ORIENTED_EDGE('',*,*,#119,.T.);
#119 = EDGE_CURVE('',#112,#120,#122,.T.);
#120 = VERTEX_POINT('',#121);
#121 = CARTESIAN_POINT('',(-23.27499961853,-2.940999984741,0.43700192));
#122 = CIRCLE('',#123,0.300621210357);
#123 = AXIS2_PLACEMENT_3D('',#124,#125,#126);
#124 = CARTESIAN_POINT('',(-22.97449942011,-2.949528927674,0.43700192));
#125 = DIRECTION('',(0.,0.,-1.));
#126 = DIRECTION('',(-3.160067180588E-02,-0.999500574058,-0.));
#127 = ORIENTED_EDGE('',*,*,#128,.F.);
#128 = EDGE_CURVE('',#129,#120,#131,.T.);
#129 = VERTEX_POINT('',#130);
#130 = CARTESIAN_POINT('',(-23.27499961853,-2.940999984741,0.));
#131 = LINE('',#132,#133);
#132 = CARTESIAN_POINT('',(-23.27499961853,-2.940999984741,0.));
#133 = VECTOR('',#134,1.);
#134 = DIRECTION('',(0.,0.,1.));
#135 = ORIENTED_EDGE('',*,*,#136,.F.);
#136 = EDGE_CURVE('',#110,#129,#137,.T.);
#137 = CIRCLE('',#138,0.300621210357);
#138 = AXIS2_PLACEMENT_3D('',#139,#140,#141);
#139 = CARTESIAN_POINT('',(-22.97449942011,-2.949528927674,0.));
#140 = DIRECTION('',(0.,0.,-1.));
#141 = DIRECTION('',(-3.160067180588E-02,-0.999500574058,-0.));
#142 = CYLINDRICAL_SURFACE('',#143,0.300621210357);
#143 = AXIS2_PLACEMENT_3D('',#144,#145,#146);
#144 = CARTESIAN_POINT('',(-22.97449942011,-2.949528927674,0.));
#145 = DIRECTION('',(0.,0.,-1.));
#146 = DIRECTION('',(-3.160067180588E-02,-0.999500574058,-0.));
#147 = ADVANCED_FACE('',(#148),#173,.T.);
#148 = FACE_BOUND('',#149,.T.);
#149 = EDGE_LOOP('',(#150,#151,#159,#167));
#150 = ORIENTED_EDGE('',*,*,#128,.T.);
#151 = ORIENTED_EDGE('',*,*,#152,.T.);
#152 = EDGE_CURVE('',#120,#153,#155,.T.);
#153 = VERTEX_POINT('',#154);
#154 = CARTESIAN_POINT('',(-23.27499961853,2.959000110626,0.43700192));
#155 = LINE('',#156,#157);
#156 = CARTESIAN_POINT('',(-23.27499961853,-2.940999984741,0.43700192));
#157 = VECTOR('',#158,1.);
#158 = DIRECTION('',(0.,1.,0.));
#159 = ORIENTED_EDGE('',*,*,#160,.F.);
#160 = EDGE_CURVE('',#161,#153,#163,.T.);
#161 = VERTEX_POINT('',#162);
#162 = CARTESIAN_POINT('',(-23.27499961853,2.959000110626,0.));
#163 = LINE('',#164,#165);
#164 = CARTESIAN_POINT('',(-23.27499961853,2.959000110626,0.));
#165 = VECTOR('',#166,1.);
#166 = DIRECTION('',(0.,0.,1.));
#167 = ORIENTED_EDGE('',*,*,#168,.F.);
#168 = EDGE_CURVE('',#129,#161,#169,.T.);
#169 = LINE('',#170,#171);
#170 = CARTESIAN_POINT('',(-23.27499961853,-2.940999984741,0.));
#171 = VECTOR('',#172,1.);
#172 = DIRECTION('',(0.,1.,0.));
#173 = PLANE('',#174);
#174 = AXIS2_PLACEMENT_3D('',#175,#176,#177);
#175 = CARTESIAN_POINT('',(-23.27499961853,-2.940999984741,0.));
#176 = DIRECTION('',(-1.,0.,0.));
#177 = DIRECTION('',(0.,1.,0.));
#178 = ADVANCED_FACE('',(#179),#206,.T.);
#179 = FACE_BOUND('',#180,.T.);
#180 = EDGE_LOOP('',(#181,#182,#191,#199));
#181 = ORIENTED_EDGE('',*,*,#160,.T.);
#182 = ORIENTED_EDGE('',*,*,#183,.T.);
#183 = EDGE_CURVE('',#153,#184,#186,.T.);
#184 = VERTEX_POINT('',#185);
#185 = CARTESIAN_POINT('',(-22.96599960327,3.25,0.43700192));
#186 = CIRCLE('',#187,0.300622942113);
#187 = AXIS2_PLACEMENT_3D('',#188,#189,#190);
#188 = CARTESIAN_POINT('',(-22.97452688493,2.949498021983,0.43700192));
#189 = DIRECTION('',(0.,0.,-1.));
#190 = DIRECTION('',(-0.999500342477,3.160799563813E-02,0.));
#191 = ORIENTED_EDGE('',*,*,#192,.F.);
#192 = EDGE_CURVE('',#193,#184,#195,.T.);
#193 = VERTEX_POINT('',#194);
#194 = CARTESIAN_POINT('',(-22.96599960327,3.25,0.));
#195 = LINE('',#196,#197);
#196 = CARTESIAN_POINT('',(-22.96599960327,3.25,0.));
#197 = VECTOR('',#198,1.);
#198 = DIRECTION('',(0.,0.,1.));
#199 = ORIENTED_EDGE('',*,*,#200,.F.);
#200 = EDGE_CURVE('',#161,#193,#201,.T.);
#201 = CIRCLE('',#202,0.300622942113);
#202 = AXIS2_PLACEMENT_3D('',#203,#204,#205);
#203 = CARTESIAN_POINT('',(-22.97452688493,2.949498021983,0.));
#204 = DIRECTION('',(0.,0.,-1.));
#205 = DIRECTION('',(-0.999500342477,3.160799563813E-02,0.));
#206 = CYLINDRICAL_SURFACE('',#207,0.300622942113);
#207 = AXIS2_PLACEMENT_3D('',#208,#209,#210);
#208 = CARTESIAN_POINT('',(-22.97452688493,2.949498021983,0.));
#209 = DIRECTION('',(0.,0.,-1.));
#210 = DIRECTION('',(-0.999500342477,3.160799563813E-02,0.));
#211 = ADVANCED_FACE('',(#212),#237,.T.);
#212 = FACE_BOUND('',#213,.T.);
#213 = EDGE_LOOP('',(#214,#215,#223,#231));
#214 = ORIENTED_EDGE('',*,*,#192,.T.);
#215 = ORIENTED_EDGE('',*,*,#216,.T.);
#216 = EDGE_CURVE('',#184,#217,#219,.T.);
#217 = VERTEX_POINT('',#218);
#218 = CARTESIAN_POINT('',(-16.60000038147,3.25,0.43700192));
#219 = LINE('',#220,#221);
#220 = CARTESIAN_POINT('',(-22.96599960327,3.25,0.43700192));
#221 = VECTOR('',#222,1.);
#222 = DIRECTION('',(1.,0.,0.));
#223 = ORIENTED_EDGE('',*,*,#224,.F.);
#224 = EDGE_CURVE('',#225,#217,#227,.T.);
#225 = VERTEX_POINT('',#226);
#226 = CARTESIAN_POINT('',(-16.60000038147,3.25,0.));
#227 = LINE('',#228,#229);
#228 = CARTESIAN_POINT('',(-16.60000038147,3.25,0.));
#229 = VECTOR('',#230,1.);
#230 = DIRECTION('',(0.,0.,1.));
#231 = ORIENTED_EDGE('',*,*,#232,.F.);
#232 = EDGE_CURVE('',#193,#225,#233,.T.);
#233 = LINE('',#234,#235);
#234 = CARTESIAN_POINT('',(-22.96599960327,3.25,0.));
#235 = VECTOR('',#236,1.);
#236 = DIRECTION('',(1.,0.,0.));
#237 = PLANE('',#238);
#238 = AXIS2_PLACEMENT_3D('',#239,#240,#241);
#239 = CARTESIAN_POINT('',(-22.96599960327,3.25,0.));
#240 = DIRECTION('',(0.,1.,0.));
#241 = DIRECTION('',(1.,0.,0.));
#242 = ADVANCED_FACE('',(#243),#270,.T.);
#243 = FACE_BOUND('',#244,.T.);
#244 = EDGE_LOOP('',(#245,#246,#255,#263));
#245 = ORIENTED_EDGE('',*,*,#224,.T.);
#246 = ORIENTED_EDGE('',*,*,#247,.T.);
#247 = EDGE_CURVE('',#217,#248,#250,.T.);
#248 = VERTEX_POINT('',#249);
#249 = CARTESIAN_POINT('',(-15.96000003814,2.984999895096,0.43700192));
#250 = CIRCLE('',#251,0.908416460293);
#251 = AXIS2_PLACEMENT_3D('',#252,#253,#254);
#252 = CARTESIAN_POINT('',(-16.60127768044,2.341584437695,0.43700192));
#253 = DIRECTION('',(0.,0.,-1.));
#254 = DIRECTION('',(1.40607202617E-03,0.99999901148,0.));
#255 = ORIENTED_EDGE('',*,*,#256,.F.);
#256 = EDGE_CURVE('',#257,#248,#259,.T.);
#257 = VERTEX_POINT('',#258);
#258 = CARTESIAN_POINT('',(-15.96000003814,2.984999895096,0.));
#259 = LINE('',#260,#261);
#260 = CARTESIAN_POINT('',(-15.96000003814,2.984999895096,0.));
#261 = VECTOR('',#262,1.);
#262 = DIRECTION('',(0.,0.,1.));
#263 = ORIENTED_EDGE('',*,*,#264,.F.);
#264 = EDGE_CURVE('',#225,#257,#265,.T.);
#265 = CIRCLE('',#266,0.908416460293);
#266 = AXIS2_PLACEMENT_3D('',#267,#268,#269);
#267 = CARTESIAN_POINT('',(-16.60127768044,2.341584437695,0.));
#268 = DIRECTION('',(0.,0.,-1.));
#269 = DIRECTION('',(1.40607202617E-03,0.99999901148,0.));
#270 = CYLINDRICAL_SURFACE('',#271,0.908416460293);
#271 = AXIS2_PLACEMENT_3D('',#272,#273,#274);
#272 = CARTESIAN_POINT('',(-16.60127768044,2.341584437695,0.));
#273 = DIRECTION('',(0.,0.,-1.));
#274 = DIRECTION('',(1.40607202617E-03,0.99999901148,0.));
#275 = ADVANCED_FACE('',(#276),#301,.T.);
#276 = FACE_BOUND('',#277,.T.);
#277 = EDGE_LOOP('',(#278,#279,#287,#295));
#278 = ORIENTED_EDGE('',*,*,#256,.T.);
#279 = ORIENTED_EDGE('',*,*,#280,.T.);
#280 = EDGE_CURVE('',#248,#281,#283,.T.);
#281 = VERTEX_POINT('',#282);
#282 = CARTESIAN_POINT('',(-15.68700027465,2.711999893188,0.43700192));
#283 = LINE('',#284,#285);
#284 = CARTESIAN_POINT('',(-15.96000003814,2.984999895096,0.43700192));
#285 = VECTOR('',#286,1.);
#286 = DIRECTION('',(0.707106472418,-0.707107089955,0.));
#287 = ORIENTED_EDGE('',*,*,#288,.F.);
#288 = EDGE_CURVE('',#289,#281,#291,.T.);
#289 = VERTEX_POINT('',#290);
#290 = CARTESIAN_POINT('',(-15.68700027465,2.711999893188,0.));
#291 = LINE('',#292,#293);
#292 = CARTESIAN_POINT('',(-15.68700027465,2.711999893188,0.));
#293 = VECTOR('',#294,1.);
#294 = DIRECTION('',(0.,0.,1.));
#295 = ORIENTED_EDGE('',*,*,#296,.F.);
#296 = EDGE_CURVE('',#257,#289,#297,.T.);
#297 = LINE('',#298,#299);
#298 = CARTESIAN_POINT('',(-15.96000003814,2.984999895096,0.));
#299 = VECTOR('',#300,1.);
#300 = DIRECTION('',(0.707106472418,-0.707107089955,0.));
#301 = PLANE('',#302);
#302 = AXIS2_PLACEMENT_3D('',#303,#304,#305);
#303 = CARTESIAN_POINT('',(-15.96000003814,2.984999895096,0.));
#304 = DIRECTION('',(0.707107089955,0.707106472418,-0.));
#305 = DIRECTION('',(0.707106472418,-0.707107089955,0.));
#306 = ADVANCED_FACE('',(#307),#334,.F.);
#307 = FACE_BOUND('',#308,.T.);
#308 = EDGE_LOOP('',(#309,#310,#319,#327));
#309 = ORIENTED_EDGE('',*,*,#288,.T.);
#310 = ORIENTED_EDGE('',*,*,#311,.T.);
#311 = EDGE_CURVE('',#281,#312,#314,.T.);
#312 = VERTEX_POINT('',#313);
#313 = CARTESIAN_POINT('',(-15.17500019073,2.5,0.43700192));
#314 = CIRCLE('',#315,0.723556807925);
#315 = AXIS2_PLACEMENT_3D('',#316,#317,#318);
#316 = CARTESIAN_POINT('',(-15.17529329012,3.22355674856,0.43700192));
#317 = DIRECTION('',(0.,0.,1.));
#318 = DIRECTION('',(-0.70721051744,-0.707003029712,0.));
#319 = ORIENTED_EDGE('',*,*,#320,.F.);
#320 = EDGE_CURVE('',#321,#312,#323,.T.);
#321 = VERTEX_POINT('',#322);
#322 = CARTESIAN_POINT('',(-15.17500019073,2.5,0.));
#323 = LINE('',#324,#325);
#324 = CARTESIAN_POINT('',(-15.17500019073,2.5,0.));
#325 = VECTOR('',#326,1.);
#326 = DIRECTION('',(0.,0.,1.));
#327 = ORIENTED_EDGE('',*,*,#328,.F.);
#328 = EDGE_CURVE('',#289,#321,#329,.T.);
#329 = CIRCLE('',#330,0.723556807925);
#330 = AXIS2_PLACEMENT_3D('',#331,#332,#333);
#331 = CARTESIAN_POINT('',(-15.17529329012,3.22355674856,0.));
#332 = DIRECTION('',(0.,0.,1.));
#333 = DIRECTION('',(-0.70721051744,-0.707003029712,0.));
#334 = CYLINDRICAL_SURFACE('',#335,0.723556807925);
#335 = AXIS2_PLACEMENT_3D('',#336,#337,#338);
#336 = CARTESIAN_POINT('',(-15.17529329012,3.22355674856,0.));
#337 = DIRECTION('',(-0.,-0.,-1.));
#338 = DIRECTION('',(-0.70721051744,-0.707003029712,0.));
#339 = ADVANCED_FACE('',(#340),#365,.T.);
#340 = FACE_BOUND('',#341,.T.);
#341 = EDGE_LOOP('',(#342,#343,#351,#359));
#342 = ORIENTED_EDGE('',*,*,#320,.T.);
#343 = ORIENTED_EDGE('',*,*,#344,.T.);
#344 = EDGE_CURVE('',#312,#345,#347,.T.);
#345 = VERTEX_POINT('',#346);
#346 = CARTESIAN_POINT('',(12.5,2.5,0.43700192));
#347 = LINE('',#348,#349);
#348 = CARTESIAN_POINT('',(-15.17500019073,2.5,0.43700192));
#349 = VECTOR('',#350,1.);
#350 = DIRECTION('',(1.,0.,0.));
#351 = ORIENTED_EDGE('',*,*,#352,.F.);
#352 = EDGE_CURVE('',#353,#345,#355,.T.);
#353 = VERTEX_POINT('',#354);
#354 = CARTESIAN_POINT('',(12.5,2.5,0.));
#355 = LINE('',#356,#357);
#356 = CARTESIAN_POINT('',(12.5,2.5,0.));
#357 = VECTOR('',#358,1.);
#358 = DIRECTION('',(0.,0.,1.));
#359 = ORIENTED_EDGE('',*,*,#360,.F.);
#360 = EDGE_CURVE('',#321,#353,#361,.T.);
#361 = LINE('',#362,#363);
#362 = CARTESIAN_POINT('',(-15.17500019073,2.5,0.));
#363 = VECTOR('',#364,1.);
#364 = DIRECTION('',(1.,0.,0.));
#365 = PLANE('',#366);
#366 = AXIS2_PLACEMENT_3D('',#367,#368,#369);
#367 = CARTESIAN_POINT('',(-15.17500019073,2.5,0.));
#368 = DIRECTION('',(0.,1.,0.));
#369 = DIRECTION('',(1.,0.,0.));
#370 = ADVANCED_FACE('',(#371),#396,.T.);
#371 = FACE_BOUND('',#372,.T.);
#372 = EDGE_LOOP('',(#373,#374,#382,#390));
#373 = ORIENTED_EDGE('',*,*,#352,.T.);
#374 = ORIENTED_EDGE('',*,*,#375,.T.);
#375 = EDGE_CURVE('',#345,#376,#378,.T.);
#376 = VERTEX_POINT('',#377);
#377 = CARTESIAN_POINT('',(12.5,-2.5,0.43700192));
#378 = LINE('',#379,#380);
#379 = CARTESIAN_POINT('',(12.5,2.5,0.43700192));
#380 = VECTOR('',#381,1.);
#381 = DIRECTION('',(0.,-1.,0.));
#382 = ORIENTED_EDGE('',*,*,#383,.F.);
#383 = EDGE_CURVE('',#384,#376,#386,.T.);
#384 = VERTEX_POINT('',#385);
#385 = CARTESIAN_POINT('',(12.5,-2.5,0.));
#386 = LINE('',#387,#388);
#387 = CARTESIAN_POINT('',(12.5,-2.5,0.));
#388 = VECTOR('',#389,1.);
#389 = DIRECTION('',(0.,0.,1.));
#390 = ORIENTED_EDGE('',*,*,#391,.F.);
#391 = EDGE_CURVE('',#353,#384,#392,.T.);
#392 = LINE('',#393,#394);
#393 = CARTESIAN_POINT('',(12.5,2.5,0.));
#394 = VECTOR('',#395,1.);
#395 = DIRECTION('',(0.,-1.,0.));
#396 = PLANE('',#397);
#397 = AXIS2_PLACEMENT_3D('',#398,#399,#400);
#398 = CARTESIAN_POINT('',(12.5,2.5,0.));
#399 = DIRECTION('',(1.,0.,-0.));
#400 = DIRECTION('',(0.,-1.,0.));
#401 = ADVANCED_FACE('',(#402),#427,.T.);
#402 = FACE_BOUND('',#403,.T.);
#403 = EDGE_LOOP('',(#404,#405,#413,#421));
#404 = ORIENTED_EDGE('',*,*,#383,.T.);
#405 = ORIENTED_EDGE('',*,*,#406,.T.);
#406 = EDGE_CURVE('',#376,#407,#409,.T.);
#407 = VERTEX_POINT('',#408);
#408 = CARTESIAN_POINT('',(-15.27499961853,-2.5,0.43700192));
#409 = LINE('',#410,#411);
#410 = CARTESIAN_POINT('',(12.5,-2.5,0.43700192));
#411 = VECTOR('',#412,1.);
#412 = DIRECTION('',(-1.,0.,0.));
#413 = ORIENTED_EDGE('',*,*,#414,.F.);
#414 = EDGE_CURVE('',#415,#407,#417,.T.);
#415 = VERTEX_POINT('',#416);
#416 = CARTESIAN_POINT('',(-15.27499961853,-2.5,0.));
#417 = LINE('',#418,#419);
#418 = CARTESIAN_POINT('',(-15.27499961853,-2.5,0.));
#419 = VECTOR('',#420,1.);
#420 = DIRECTION('',(0.,0.,1.));
#421 = ORIENTED_EDGE('',*,*,#422,.F.);
#422 = EDGE_CURVE('',#384,#415,#423,.T.);
#423 = LINE('',#424,#425);
#424 = CARTESIAN_POINT('',(12.5,-2.5,0.));
#425 = VECTOR('',#426,1.);
#426 = DIRECTION('',(-1.,0.,0.));
#427 = PLANE('',#428);
#428 = AXIS2_PLACEMENT_3D('',#429,#430,#431);
#429 = CARTESIAN_POINT('',(12.5,-2.5,0.));
#430 = DIRECTION('',(0.,-1.,0.));
#431 = DIRECTION('',(-1.,0.,0.));
#432 = ADVANCED_FACE('',(#433),#460,.F.);
#433 = FACE_BOUND('',#434,.T.);
#434 = EDGE_LOOP('',(#435,#436,#445,#453));
#435 = ORIENTED_EDGE('',*,*,#414,.T.);
#436 = ORIENTED_EDGE('',*,*,#437,.T.);
#437 = EDGE_CURVE('',#407,#438,#440,.T.);
#438 = VERTEX_POINT('',#439);
#439 = CARTESIAN_POINT('',(-15.78699970245,-2.711999893188,0.43700192));
#440 = CIRCLE('',#441,0.723552388086);
#441 = AXIS2_PLACEMENT_3D('',#442,#443,#444);
#442 = CARTESIAN_POINT('',(-15.27529454832,-3.223552327978,0.43700192));
#443 = DIRECTION('',(0.,0.,1.));
#444 = DIRECTION('',(4.076135947315E-04,0.999999916926,-0.));
#445 = ORIENTED_EDGE('',*,*,#446,.F.);
#446 = EDGE_CURVE('',#447,#438,#449,.T.);
#447 = VERTEX_POINT('',#448);
#448 = CARTESIAN_POINT('',(-15.78699970245,-2.711999893188,0.));
#449 = LINE('',#450,#451);
#450 = CARTESIAN_POINT('',(-15.78699970245,-2.711999893188,0.));
#451 = VECTOR('',#452,1.);
#452 = DIRECTION('',(0.,0.,1.));
#453 = ORIENTED_EDGE('',*,*,#454,.F.);
#454 = EDGE_CURVE('',#415,#447,#455,.T.);
#455 = CIRCLE('',#456,0.723552388086);
#456 = AXIS2_PLACEMENT_3D('',#457,#458,#459);
#457 = CARTESIAN_POINT('',(-15.27529454832,-3.223552327978,0.));
#458 = DIRECTION('',(0.,0.,1.));
#459 = DIRECTION('',(4.076135947315E-04,0.999999916926,-0.));
#460 = CYLINDRICAL_SURFACE('',#461,0.723552388086);
#461 = AXIS2_PLACEMENT_3D('',#462,#463,#464);
#462 = CARTESIAN_POINT('',(-15.27529454832,-3.223552327978,0.));
#463 = DIRECTION('',(-0.,-0.,-1.));
#464 = DIRECTION('',(4.076135947315E-04,0.999999916926,-0.));
#465 = ADVANCED_FACE('',(#466),#491,.T.);
#466 = FACE_BOUND('',#467,.T.);
#467 = EDGE_LOOP('',(#468,#469,#477,#485));
#468 = ORIENTED_EDGE('',*,*,#446,.T.);
#469 = ORIENTED_EDGE('',*,*,#470,.T.);
#470 = EDGE_CURVE('',#438,#471,#473,.T.);
#471 = VERTEX_POINT('',#472);
#472 = CARTESIAN_POINT('',(-16.05999946594,-2.984999895096,0.43700192));
#473 = LINE('',#474,#475);
#474 = CARTESIAN_POINT('',(-15.78699970245,-2.711999893188,0.43700192));
#475 = VECTOR('',#476,1.);
#476 = DIRECTION('',(-0.707106472418,-0.707107089955,0.));
#477 = ORIENTED_EDGE('',*,*,#478,.F.);
#478 = EDGE_CURVE('',#479,#471,#481,.T.);
#479 = VERTEX_POINT('',#480);
#480 = CARTESIAN_POINT('',(-16.05999946594,-2.984999895096,0.));
#481 = LINE('',#482,#483);
#482 = CARTESIAN_POINT('',(-16.05999946594,-2.984999895096,0.));
#483 = VECTOR('',#484,1.);
#484 = DIRECTION('',(0.,0.,1.));
#485 = ORIENTED_EDGE('',*,*,#486,.F.);
#486 = EDGE_CURVE('',#447,#479,#487,.T.);
#487 = LINE('',#488,#489);
#488 = CARTESIAN_POINT('',(-15.78699970245,-2.711999893188,0.));
#489 = VECTOR('',#490,1.);
#490 = DIRECTION('',(-0.707106472418,-0.707107089955,0.));
#491 = PLANE('',#492);
#492 = AXIS2_PLACEMENT_3D('',#493,#494,#495);
#493 = CARTESIAN_POINT('',(-15.78699970245,-2.711999893188,0.));
#494 = DIRECTION('',(0.707107089955,-0.707106472418,0.));
#495 = DIRECTION('',(-0.707106472418,-0.707107089955,0.));
#496 = ADVANCED_FACE('',(#497),#524,.T.);
#497 = FACE_BOUND('',#498,.T.);
#498 = EDGE_LOOP('',(#499,#500,#509,#517));
#499 = ORIENTED_EDGE('',*,*,#478,.T.);
#500 = ORIENTED_EDGE('',*,*,#501,.T.);
#501 = EDGE_CURVE('',#471,#502,#504,.T.);
#502 = VERTEX_POINT('',#503);
#503 = CARTESIAN_POINT('',(-16.70000076293,-3.25,0.43700192));
#504 = CIRCLE('',#505,0.908420913531);
#505 = AXIS2_PLACEMENT_3D('',#506,#507,#508);
#506 = CARTESIAN_POINT('',(-16.70127894973,-2.341579985701,0.43700192));
#507 = DIRECTION('',(0.,0.,-1.));
#508 = DIRECTION('',(0.705927697438,-0.708283902111,0.));
#509 = ORIENTED_EDGE('',*,*,#510,.F.);
#510 = EDGE_CURVE('',#511,#502,#513,.T.);
#511 = VERTEX_POINT('',#512);
#512 = CARTESIAN_POINT('',(-16.70000076293,-3.25,0.));
#513 = LINE('',#514,#515);
#514 = CARTESIAN_POINT('',(-16.70000076293,-3.25,0.));
#515 = VECTOR('',#516,1.);
#516 = DIRECTION('',(0.,0.,1.));
#517 = ORIENTED_EDGE('',*,*,#518,.F.);
#518 = EDGE_CURVE('',#479,#511,#519,.T.);
#519 = CIRCLE('',#520,0.908420913531);
#520 = AXIS2_PLACEMENT_3D('',#521,#522,#523);
#521 = CARTESIAN_POINT('',(-16.70127894973,-2.341579985701,0.));
#522 = DIRECTION('',(0.,0.,-1.));
#523 = DIRECTION('',(0.705927697438,-0.708283902111,0.));
#524 = CYLINDRICAL_SURFACE('',#525,0.908420913531);
#525 = AXIS2_PLACEMENT_3D('',#526,#527,#528);
#526 = CARTESIAN_POINT('',(-16.70127894973,-2.341579985701,0.));
#527 = DIRECTION('',(0.,0.,-1.));
#528 = DIRECTION('',(0.705927697438,-0.708283902111,0.));
#529 = ADVANCED_FACE('',(#530),#546,.T.);
#530 = FACE_BOUND('',#531,.T.);
#531 = EDGE_LOOP('',(#532,#533,#539,#540));
#532 = ORIENTED_EDGE('',*,*,#510,.T.);
#533 = ORIENTED_EDGE('',*,*,#534,.T.);
#534 = EDGE_CURVE('',#502,#112,#535,.T.);
#535 = LINE('',#536,#537);
#536 = CARTESIAN_POINT('',(-16.70000076293,-3.25,0.43700192));
#537 = VECTOR('',#538,1.);
#538 = DIRECTION('',(-1.,0.,0.));
#539 = ORIENTED_EDGE('',*,*,#109,.F.);
#540 = ORIENTED_EDGE('',*,*,#541,.F.);
#541 = EDGE_CURVE('',#511,#110,#542,.T.);
#542 = LINE('',#543,#544);
#543 = CARTESIAN_POINT('',(-16.70000076293,-3.25,0.));
#544 = VECTOR('',#545,1.);
#545 = DIRECTION('',(-1.,0.,0.));
#546 = PLANE('',#547);
#547 = AXIS2_PLACEMENT_3D('',#548,#549,#550);
#548 = CARTESIAN_POINT('',(-16.70000076293,-3.25,0.));
#549 = DIRECTION('',(0.,-1.,0.));
#550 = DIRECTION('',(-1.,0.,0.));
#551 = ADVANCED_FACE('',(#552),#568,.T.);
#552 = FACE_BOUND('',#553,.T.);
#553 = EDGE_LOOP('',(#554,#555,#556,#557,#558,#559,#560,#561,#562,#563,
    #564,#565,#566,#567));
#554 = ORIENTED_EDGE('',*,*,#136,.T.);
#555 = ORIENTED_EDGE('',*,*,#168,.T.);
#556 = ORIENTED_EDGE('',*,*,#200,.T.);
#557 = ORIENTED_EDGE('',*,*,#232,.T.);
#558 = ORIENTED_EDGE('',*,*,#264,.T.);
#559 = ORIENTED_EDGE('',*,*,#296,.T.);
#560 = ORIENTED_EDGE('',*,*,#328,.T.);
#561 = ORIENTED_EDGE('',*,*,#360,.T.);
#562 = ORIENTED_EDGE('',*,*,#391,.T.);
#563 = ORIENTED_EDGE('',*,*,#422,.T.);
#564 = ORIENTED_EDGE('',*,*,#454,.T.);
#565 = ORIENTED_EDGE('',*,*,#486,.T.);
#566 = ORIENTED_EDGE('',*,*,#518,.T.);
#567 = ORIENTED_EDGE('',*,*,#541,.T.);
#568 = PLANE('',#569);
#569 = AXIS2_PLACEMENT_3D('',#570,#571,#572);
#570 = CARTESIAN_POINT('',(-5.71175498103,8.985826199106E-04,0.));
#571 = DIRECTION('',(-0.,-0.,-1.));
#572 = DIRECTION('',(-1.,0.,0.));
#573 = ADVANCED_FACE('',(#574),#590,.F.);
#574 = FACE_BOUND('',#575,.F.);
#575 = EDGE_LOOP('',(#576,#577,#578,#579,#580,#581,#582,#583,#584,#585,
    #586,#587,#588,#589));
#576 = ORIENTED_EDGE('',*,*,#119,.T.);
#577 = ORIENTED_EDGE('',*,*,#152,.T.);
#578 = ORIENTED_EDGE('',*,*,#183,.T.);
#579 = ORIENTED_EDGE('',*,*,#216,.T.);
#580 = ORIENTED_EDGE('',*,*,#247,.T.);
#581 = ORIENTED_EDGE('',*,*,#280,.T.);
#582 = ORIENTED_EDGE('',*,*,#311,.T.);
#583 = ORIENTED_EDGE('',*,*,#344,.T.);
#584 = ORIENTED_EDGE('',*,*,#375,.T.);
#585 = ORIENTED_EDGE('',*,*,#406,.T.);
#586 = ORIENTED_EDGE('',*,*,#437,.T.);
#587 = ORIENTED_EDGE('',*,*,#470,.T.);
#588 = ORIENTED_EDGE('',*,*,#501,.T.);
#589 = ORIENTED_EDGE('',*,*,#534,.T.);
#590 = PLANE('',#591);
#591 = AXIS2_PLACEMENT_3D('',#592,#593,#594);
#592 = CARTESIAN_POINT('',(-5.71175498103,8.985826199106E-04,0.43700192)
  );
#593 = DIRECTION('',(-0.,-0.,-1.));
#594 = DIRECTION('',(-1.,0.,0.));
#595 = ( GEOMETRIC_REPRESENTATION_CONTEXT(3) 
GLOBAL_UNCERTAINTY_ASSIGNED_CONTEXT((#599)) GLOBAL_UNIT_ASSIGNED_CONTEXT
((#596,#597,#598)) REPRESENTATION_CONTEXT('Context #1',
  '3D Context with UNIT and UNCERTAINTY') );
#596 = ( LENGTH_UNIT() NAMED_UNIT(*) SI_UNIT(.MILLI.,.METRE.) );
#597 = ( NAMED_UNIT(*) PLANE_ANGLE_UNIT() SI_UNIT($,.RADIAN.) );
#598 = ( NAMED_UNIT(*) SI_UNIT($,.STERADIAN.) SOLID_ANGLE_UNIT() );
#599 = UNCERTAINTY_MEASURE_WITH_UNIT(LENGTH_MEASURE(1.E-07),#596,
  'distance_accuracy_value','confusion accuracy');
#600 = SHAPE_DEFINITION_REPRESENTATION(#601,#102);
#601 = PRODUCT_DEFINITION_SHAPE('','',#602);
#602 = PRODUCT_DEFINITION('design','',#603,#606);
#603 = PRODUCT_DEFINITION_FORMATION('','',#604);
#604 = PRODUCT('Open CASCADE STEP translator 7.5 5.1.1',
  'Open CASCADE STEP translator 7.5 5.1.1','',(#605));
#605 = PRODUCT_CONTEXT('',#2,'mechanical');
#606 = PRODUCT_DEFINITION_CONTEXT('part definition',#2,'design');
#607 = CONTEXT_DEPENDENT_SHAPE_REPRESENTATION(#608,#610);
#608 = ( REPRESENTATION_RELATIONSHIP('','',#102,#92) 
REPRESENTATION_RELATIONSHIP_WITH_TRANSFORMATION(#609) 
SHAPE_REPRESENTATION_RELATIONSHIP() );
#609 = ITEM_DEFINED_TRANSFORMATION('','',#11,#93);
#610 = PRODUCT_DEFINITION_SHAPE('Placement','Placement of an item',#611
  );
#611 = NEXT_ASSEMBLY_USAGE_OCCURRENCE('209','','',#87,#602,$);
#612 = PRODUCT_RELATED_PRODUCT_CATEGORY('part',$,(#604));
#613 = CONTEXT_DEPENDENT_SHAPE_REPRESENTATION(#614,#616);
#614 = ( REPRESENTATION_RELATIONSHIP('','',#92,#10) 
REPRESENTATION_RELATIONSHIP_WITH_TRANSFORMATION(#615) 
SHAPE_REPRESENTATION_RELATIONSHIP() );
#615 = ITEM_DEFINED_TRANSFORMATION('','',#11,#15);
#616 = PRODUCT_DEFINITION_SHAPE('Placement','Placement of an item',#617
  );
#617 = NEXT_ASSEMBLY_USAGE_OCCURRENCE('210','','',#5,#87,$);
#618 = PRODUCT_RELATED_PRODUCT_CATEGORY('part',$,(#89));
#619 = SHAPE_DEFINITION_REPRESENTATION(#620,#626);
#620 = PRODUCT_DEFINITION_SHAPE('','',#621);
#621 = PRODUCT_DEFINITION('design','',#622,#625);
#622 = PRODUCT_DEFINITION_FORMATION('','',#623);
#623 = PRODUCT('R1','R1','',(#624));
#624 = PRODUCT_CONTEXT('',#2,'mechanical');
#625 = PRODUCT_DEFINITION_CONTEXT('part definition',#2,'design');
#626 = SHAPE_REPRESENTATION('',(#11,#627,#631,#635),#639);
#627 = AXIS2_PLACEMENT_3D('',#628,#629,#630);
#628 = CARTESIAN_POINT('',(-9.449998428345,0.99999961853,0.));
#629 = DIRECTION('',(0.,0.,1.));
#630 = DIRECTION('',(1.,0.,0.));
#631 = AXIS2_PLACEMENT_3D('',#632,#633,#634);
#632 = CARTESIAN_POINT('',(-9.449998428345,1.850001907349,0.));
#633 = DIRECTION('',(0.,0.,1.));
#634 = DIRECTION('',(1.,0.,0.));
#635 = AXIS2_PLACEMENT_3D('',#636,#637,#638);
#636 = CARTESIAN_POINT('',(-9.449998428345,1.425000762939,0.));
#637 = DIRECTION('',(0.,0.,1.));
#638 = DIRECTION('',(1.,0.,0.));
#639 = ( GEOMETRIC_REPRESENTATION_CONTEXT(3) 
GLOBAL_UNCERTAINTY_ASSIGNED_CONTEXT((#643)) GLOBAL_UNIT_ASSIGNED_CONTEXT
((#640,#641,#642)) REPRESENTATION_CONTEXT('Context #1',
  '3D Context with UNIT and UNCERTAINTY') );
#640 = ( LENGTH_UNIT() NAMED_UNIT(*) SI_UNIT(.MILLI.,.METRE.) );
#641 = ( NAMED_UNIT(*) PLANE_ANGLE_UNIT() SI_UNIT($,.RADIAN.) );
#642 = ( NAMED_UNIT(*) SI_UNIT($,.STERADIAN.) SOLID_ANGLE_UNIT() );
#643 = UNCERTAINTY_MEASURE_WITH_UNIT(LENGTH_MEASURE(1.E-07),#640,
  'distance_accuracy_value','confusion accuracy');
#644 = SHAPE_DEFINITION_REPRESENTATION(#645,#651);
#645 = PRODUCT_DEFINITION_SHAPE('','',#646);
#646 = PRODUCT_DEFINITION('design','',#647,#650);
#647 = PRODUCT_DEFINITION_FORMATION('','',#648);
#648 = PRODUCT('6309745520','6309745520','',(#649));
#649 = PRODUCT_CONTEXT('',#2,'mechanical');
#650 = PRODUCT_DEFINITION_CONTEXT('part definition',#2,'design');
#651 = SHAPE_REPRESENTATION('',(#11,#652),#656);
#652 = AXIS2_PLACEMENT_3D('',#653,#654,#655);
#653 = CARTESIAN_POINT('',(0.,0.,0.));
#654 = DIRECTION('',(0.,0.,1.));
#655 = DIRECTION('',(1.,0.,0.));
#656 = ( GEOMETRIC_REPRESENTATION_CONTEXT(3) 
GLOBAL_UNCERTAINTY_ASSIGNED_CONTEXT((#660)) GLOBAL_UNIT_ASSIGNED_CONTEXT
((#657,#658,#659)) REPRESENTATION_CONTEXT('Context #1',
  '3D Context with UNIT and UNCERTAINTY') );
#657 = ( LENGTH_UNIT() NAMED_UNIT(*) SI_UNIT(.MILLI.,.METRE.) );
#658 = ( NAMED_UNIT(*) PLANE_ANGLE_UNIT() SI_UNIT($,.RADIAN.) );
#659 = ( NAMED_UNIT(*) SI_UNIT($,.STERADIAN.) SOLID_ANGLE_UNIT() );
#660 = UNCERTAINTY_MEASURE_WITH_UNIT(LENGTH_MEASURE(1.E-07),#657,
  'distance_accuracy_value','confusion accuracy');
#661 = ADVANCED_BREP_SHAPE_REPRESENTATION('',(#11,#662),#812);
#662 = MANIFOLD_SOLID_BREP('',#663);
#663 = CLOSED_SHELL('',(#664,#704,#735,#766,#788,#800));
#664 = ADVANCED_FACE('',(#665),#699,.F.);
#665 = FACE_BOUND('',#666,.F.);
#666 = EDGE_LOOP('',(#667,#677,#685,#693));
#667 = ORIENTED_EDGE('',*,*,#668,.T.);
#668 = EDGE_CURVE('',#669,#671,#673,.T.);
#669 = VERTEX_POINT('',#670);
#670 = CARTESIAN_POINT('',(0.27500072,0.12500102,0.));
#671 = VERTEX_POINT('',#672);
#672 = CARTESIAN_POINT('',(0.27500072,0.12500102,0.2999994));
#673 = LINE('',#674,#675);
#674 = CARTESIAN_POINT('',(0.27500072,0.12500102,0.));
#675 = VECTOR('',#676,1.);
#676 = DIRECTION('',(0.,0.,1.));
#677 = ORIENTED_EDGE('',*,*,#678,.T.);
#678 = EDGE_CURVE('',#671,#679,#681,.T.);
#679 = VERTEX_POINT('',#680);
#680 = CARTESIAN_POINT('',(-0.27499818,0.12500102,0.2999994));
#681 = LINE('',#682,#683);
#682 = CARTESIAN_POINT('',(0.27500072,0.12500102,0.2999994));
#683 = VECTOR('',#684,1.);
#684 = DIRECTION('',(-1.,0.,0.));
#685 = ORIENTED_EDGE('',*,*,#686,.F.);
#686 = EDGE_CURVE('',#687,#679,#689,.T.);
#687 = VERTEX_POINT('',#688);
#688 = CARTESIAN_POINT('',(-0.27499818,0.12500102,0.));
#689 = LINE('',#690,#691);
#690 = CARTESIAN_POINT('',(-0.27499818,0.12500102,0.));
#691 = VECTOR('',#692,1.);
#692 = DIRECTION('',(0.,0.,1.));
#693 = ORIENTED_EDGE('',*,*,#694,.F.);
#694 = EDGE_CURVE('',#669,#687,#695,.T.);
#695 = LINE('',#696,#697);
#696 = CARTESIAN_POINT('',(0.27500072,0.12500102,0.));
#697 = VECTOR('',#698,1.);
#698 = DIRECTION('',(-1.,0.,0.));
#699 = PLANE('',#700);
#700 = AXIS2_PLACEMENT_3D('',#701,#702,#703);
#701 = CARTESIAN_POINT('',(0.27500072,0.12500102,0.));
#702 = DIRECTION('',(0.,-1.,0.));
#703 = DIRECTION('',(-1.,0.,0.));
#704 = ADVANCED_FACE('',(#705),#730,.F.);
#705 = FACE_BOUND('',#706,.F.);
#706 = EDGE_LOOP('',(#707,#708,#716,#724));
#707 = ORIENTED_EDGE('',*,*,#686,.T.);
#708 = ORIENTED_EDGE('',*,*,#709,.T.);
#709 = EDGE_CURVE('',#679,#710,#712,.T.);
#710 = VERTEX_POINT('',#711);
#711 = CARTESIAN_POINT('',(-0.27499818,-0.12499848,0.2999994));
#712 = LINE('',#713,#714);
#713 = CARTESIAN_POINT('',(-0.27499818,0.12500102,0.2999994));
#714 = VECTOR('',#715,1.);
#715 = DIRECTION('',(0.,-1.,0.));
#716 = ORIENTED_EDGE('',*,*,#717,.F.);
#717 = EDGE_CURVE('',#718,#710,#720,.T.);
#718 = VERTEX_POINT('',#719);
#719 = CARTESIAN_POINT('',(-0.27499818,-0.12499848,0.));
#720 = LINE('',#721,#722);
#721 = CARTESIAN_POINT('',(-0.27499818,-0.12499848,0.));
#722 = VECTOR('',#723,1.);
#723 = DIRECTION('',(0.,0.,1.));
#724 = ORIENTED_EDGE('',*,*,#725,.F.);
#725 = EDGE_CURVE('',#687,#718,#726,.T.);
#726 = LINE('',#727,#728);
#727 = CARTESIAN_POINT('',(-0.27499818,0.12500102,0.));
#728 = VECTOR('',#729,1.);
#729 = DIRECTION('',(0.,-1.,0.));
#730 = PLANE('',#731);
#731 = AXIS2_PLACEMENT_3D('',#732,#733,#734);
#732 = CARTESIAN_POINT('',(-0.27499818,0.12500102,0.));
#733 = DIRECTION('',(1.,0.,-0.));
#734 = DIRECTION('',(0.,-1.,0.));
#735 = ADVANCED_FACE('',(#736),#761,.F.);
#736 = FACE_BOUND('',#737,.F.);
#737 = EDGE_LOOP('',(#738,#739,#747,#755));
#738 = ORIENTED_EDGE('',*,*,#717,.T.);
#739 = ORIENTED_EDGE('',*,*,#740,.T.);
#740 = EDGE_CURVE('',#710,#741,#743,.T.);
#741 = VERTEX_POINT('',#742);
#742 = CARTESIAN_POINT('',(0.27500072,-0.12499848,0.2999994));
#743 = LINE('',#744,#745);
#744 = CARTESIAN_POINT('',(-0.27499818,-0.12499848,0.2999994));
#745 = VECTOR('',#746,1.);
#746 = DIRECTION('',(1.,0.,0.));
#747 = ORIENTED_EDGE('',*,*,#748,.F.);
#748 = EDGE_CURVE('',#749,#741,#751,.T.);
#749 = VERTEX_POINT('',#750);
#750 = CARTESIAN_POINT('',(0.27500072,-0.12499848,0.));
#751 = LINE('',#752,#753);
#752 = CARTESIAN_POINT('',(0.27500072,-0.12499848,0.));
#753 = VECTOR('',#754,1.);
#754 = DIRECTION('',(0.,0.,1.));
#755 = ORIENTED_EDGE('',*,*,#756,.F.);
#756 = EDGE_CURVE('',#718,#749,#757,.T.);
#757 = LINE('',#758,#759);
#758 = CARTESIAN_POINT('',(-0.27499818,-0.12499848,0.));
#759 = VECTOR('',#760,1.);
#760 = DIRECTION('',(1.,0.,0.));
#761 = PLANE('',#762);
#762 = AXIS2_PLACEMENT_3D('',#763,#764,#765);
#763 = CARTESIAN_POINT('',(-0.27499818,-0.12499848,0.));
#764 = DIRECTION('',(0.,1.,0.));
#765 = DIRECTION('',(1.,0.,0.));
#766 = ADVANCED_FACE('',(#767),#783,.F.);
#767 = FACE_BOUND('',#768,.F.);
#768 = EDGE_LOOP('',(#769,#770,#776,#777));
#769 = ORIENTED_EDGE('',*,*,#748,.T.);
#770 = ORIENTED_EDGE('',*,*,#771,.T.);
#771 = EDGE_CURVE('',#741,#671,#772,.T.);
#772 = LINE('',#773,#774);
#773 = CARTESIAN_POINT('',(0.27500072,-0.12499848,0.2999994));
#774 = VECTOR('',#775,1.);
#775 = DIRECTION('',(0.,1.,0.));
#776 = ORIENTED_EDGE('',*,*,#668,.F.);
#777 = ORIENTED_EDGE('',*,*,#778,.F.);
#778 = EDGE_CURVE('',#749,#669,#779,.T.);
#779 = LINE('',#780,#781);
#780 = CARTESIAN_POINT('',(0.27500072,-0.12499848,0.));
#781 = VECTOR('',#782,1.);
#782 = DIRECTION('',(0.,1.,0.));
#783 = PLANE('',#784);
#784 = AXIS2_PLACEMENT_3D('',#785,#786,#787);
#785 = CARTESIAN_POINT('',(0.27500072,-0.12499848,0.));
#786 = DIRECTION('',(-1.,0.,0.));
#787 = DIRECTION('',(0.,1.,0.));
#788 = ADVANCED_FACE('',(#789),#795,.F.);
#789 = FACE_BOUND('',#790,.F.);
#790 = EDGE_LOOP('',(#791,#792,#793,#794));
#791 = ORIENTED_EDGE('',*,*,#694,.T.);
#792 = ORIENTED_EDGE('',*,*,#725,.T.);
#793 = ORIENTED_EDGE('',*,*,#756,.T.);
#794 = ORIENTED_EDGE('',*,*,#778,.T.);
#795 = PLANE('',#796);
#796 = AXIS2_PLACEMENT_3D('',#797,#798,#799);
#797 = CARTESIAN_POINT('',(1.270000000277E-06,1.27000000205E-06,0.));
#798 = DIRECTION('',(0.,0.,1.));
#799 = DIRECTION('',(1.,0.,-0.));
#800 = ADVANCED_FACE('',(#801),#807,.T.);
#801 = FACE_BOUND('',#802,.T.);
#802 = EDGE_LOOP('',(#803,#804,#805,#806));
#803 = ORIENTED_EDGE('',*,*,#678,.T.);
#804 = ORIENTED_EDGE('',*,*,#709,.T.);
#805 = ORIENTED_EDGE('',*,*,#740,.T.);
#806 = ORIENTED_EDGE('',*,*,#771,.T.);
#807 = PLANE('',#808);
#808 = AXIS2_PLACEMENT_3D('',#809,#810,#811);
#809 = CARTESIAN_POINT('',(1.270000000277E-06,1.27000000205E-06,
    0.2999994));
#810 = DIRECTION('',(0.,0.,1.));
#811 = DIRECTION('',(1.,0.,-0.));
#812 = ( GEOMETRIC_REPRESENTATION_CONTEXT(3) 
GLOBAL_UNCERTAINTY_ASSIGNED_CONTEXT((#816)) GLOBAL_UNIT_ASSIGNED_CONTEXT
((#813,#814,#815)) REPRESENTATION_CONTEXT('Context #1',
  '3D Context with UNIT and UNCERTAINTY') );
#813 = ( LENGTH_UNIT() NAMED_UNIT(*) SI_UNIT(.MILLI.,.METRE.) );
#814 = ( NAMED_UNIT(*) PLANE_ANGLE_UNIT() SI_UNIT($,.RADIAN.) );
#815 = ( NAMED_UNIT(*) SI_UNIT($,.STERADIAN.) SOLID_ANGLE_UNIT() );
#816 = UNCERTAINTY_MEASURE_WITH_UNIT(LENGTH_MEASURE(1.E-07),#813,
  'distance_accuracy_value','confusion accuracy');
#817 = SHAPE_DEFINITION_REPRESENTATION(#818,#661);
#818 = PRODUCT_DEFINITION_SHAPE('','',#819);
#819 = PRODUCT_DEFINITION('design','',#820,#823);
#820 = PRODUCT_DEFINITION_FORMATION('','',#821);
#821 = PRODUCT('Extruded','Extruded','',(#822));
#822 = PRODUCT_CONTEXT('',#2,'mechanical');
#823 = PRODUCT_DEFINITION_CONTEXT('part definition',#2,'design');
#824 = CONTEXT_DEPENDENT_SHAPE_REPRESENTATION(#825,#827);
#825 = ( REPRESENTATION_RELATIONSHIP('','',#661,#651) 
REPRESENTATION_RELATIONSHIP_WITH_TRANSFORMATION(#826) 
SHAPE_REPRESENTATION_RELATIONSHIP() );
#826 = ITEM_DEFINED_TRANSFORMATION('','',#11,#652);
#827 = PRODUCT_DEFINITION_SHAPE('Placement','Placement of an item',#828
  );
#828 = NEXT_ASSEMBLY_USAGE_OCCURRENCE('211','3','',#646,#819,$);
#829 = PRODUCT_RELATED_PRODUCT_CATEGORY('part',$,(#821));
#830 = CONTEXT_DEPENDENT_SHAPE_REPRESENTATION(#831,#833);
#831 = ( REPRESENTATION_RELATIONSHIP('','',#651,#626) 
REPRESENTATION_RELATIONSHIP_WITH_TRANSFORMATION(#832) 
SHAPE_REPRESENTATION_RELATIONSHIP() );
#832 = ITEM_DEFINED_TRANSFORMATION('','',#11,#627);
#833 = PRODUCT_DEFINITION_SHAPE('Placement','Placement of an item',#834
  );
#834 = NEXT_ASSEMBLY_USAGE_OCCURRENCE('212','','',#621,#646,$);
#835 = PRODUCT_RELATED_PRODUCT_CATEGORY('part',$,(#648));
#836 = CONTEXT_DEPENDENT_SHAPE_REPRESENTATION(#837,#839);
#837 = ( REPRESENTATION_RELATIONSHIP('','',#651,#626) 
REPRESENTATION_RELATIONSHIP_WITH_TRANSFORMATION(#838) 
SHAPE_REPRESENTATION_RELATIONSHIP() );
#838 = ITEM_DEFINED_TRANSFORMATION('','',#11,#631);
#839 = PRODUCT_DEFINITION_SHAPE('Placement','Placement of an item',#840
  );
#840 = NEXT_ASSEMBLY_USAGE_OCCURRENCE('213','','',#621,#646,$);
#841 = SHAPE_DEFINITION_REPRESENTATION(#842,#848);
#842 = PRODUCT_DEFINITION_SHAPE('','',#843);
#843 = PRODUCT_DEFINITION('design','',#844,#847);
#844 = PRODUCT_DEFINITION_FORMATION('','',#845);
#845 = PRODUCT('6309745040','6309745040','',(#846));
#846 = PRODUCT_CONTEXT('',#2,'mechanical');
#847 = PRODUCT_DEFINITION_CONTEXT('part definition',#2,'design');
#848 = SHAPE_REPRESENTATION('',(#11,#849),#853);
#849 = AXIS2_PLACEMENT_3D('',#850,#851,#852);
#850 = CARTESIAN_POINT('',(0.,0.,0.));
#851 = DIRECTION('',(0.,0.,1.));
#852 = DIRECTION('',(1.,0.,0.));
#853 = ( GEOMETRIC_REPRESENTATION_CONTEXT(3) 
GLOBAL_UNCERTAINTY_ASSIGNED_CONTEXT((#857)) GLOBAL_UNIT_ASSIGNED_CONTEXT
((#854,#855,#856)) REPRESENTATION_CONTEXT('Context #1',
  '3D Context with UNIT and UNCERTAINTY') );
#854 = ( LENGTH_UNIT() NAMED_UNIT(*) SI_UNIT(.MILLI.,.METRE.) );
#855 = ( NAMED_UNIT(*) PLANE_ANGLE_UNIT() SI_UNIT($,.RADIAN.) );
#856 = ( NAMED_UNIT(*) SI_UNIT($,.STERADIAN.) SOLID_ANGLE_UNIT() );
#857 = UNCERTAINTY_MEASURE_WITH_UNIT(LENGTH_MEASURE(1.E-07),#854,
  'distance_accuracy_value','confusion accuracy');
#858 = ADVANCED_BREP_SHAPE_REPRESENTATION('',(#11,#859),#1009);
#859 = MANIFOLD_SOLID_BREP('',#860);
#860 = CLOSED_SHELL('',(#861,#901,#932,#963,#985,#997));
#861 = ADVANCED_FACE('',(#862),#896,.F.);
#862 = FACE_BOUND('',#863,.F.);
#863 = EDGE_LOOP('',(#864,#874,#882,#890));
#864 = ORIENTED_EDGE('',*,*,#865,.T.);
#865 = EDGE_CURVE('',#866,#868,#870,.T.);
#866 = VERTEX_POINT('',#867);
#867 = CARTESIAN_POINT('',(0.27500072,0.30000194,0.));
#868 = VERTEX_POINT('',#869);
#869 = CARTESIAN_POINT('',(0.27500072,0.30000194,0.2999994));
#870 = LINE('',#871,#872);
#871 = CARTESIAN_POINT('',(0.27500072,0.30000194,0.));
#872 = VECTOR('',#873,1.);
#873 = DIRECTION('',(0.,0.,1.));
#874 = ORIENTED_EDGE('',*,*,#875,.T.);
#875 = EDGE_CURVE('',#868,#876,#878,.T.);
#876 = VERTEX_POINT('',#877);
#877 = CARTESIAN_POINT('',(-0.27499818,0.30000194,0.2999994));
#878 = LINE('',#879,#880);
#879 = CARTESIAN_POINT('',(0.27500072,0.30000194,0.2999994));
#880 = VECTOR('',#881,1.);
#881 = DIRECTION('',(-1.,0.,0.));
#882 = ORIENTED_EDGE('',*,*,#883,.F.);
#883 = EDGE_CURVE('',#884,#876,#886,.T.);
#884 = VERTEX_POINT('',#885);
#885 = CARTESIAN_POINT('',(-0.27499818,0.30000194,0.));
#886 = LINE('',#887,#888);
#887 = CARTESIAN_POINT('',(-0.27499818,0.30000194,0.));
#888 = VECTOR('',#889,1.);
#889 = DIRECTION('',(0.,0.,1.));
#890 = ORIENTED_EDGE('',*,*,#891,.F.);
#891 = EDGE_CURVE('',#866,#884,#892,.T.);
#892 = LINE('',#893,#894);
#893 = CARTESIAN_POINT('',(0.27500072,0.30000194,0.));
#894 = VECTOR('',#895,1.);
#895 = DIRECTION('',(-1.,0.,0.));
#896 = PLANE('',#897);
#897 = AXIS2_PLACEMENT_3D('',#898,#899,#900);
#898 = CARTESIAN_POINT('',(0.27500072,0.30000194,0.));
#899 = DIRECTION('',(0.,-1.,0.));
#900 = DIRECTION('',(-1.,0.,0.));
#901 = ADVANCED_FACE('',(#902),#927,.F.);
#902 = FACE_BOUND('',#903,.F.);
#903 = EDGE_LOOP('',(#904,#905,#913,#921));
#904 = ORIENTED_EDGE('',*,*,#883,.T.);
#905 = ORIENTED_EDGE('',*,*,#906,.T.);
#906 = EDGE_CURVE('',#876,#907,#909,.T.);
#907 = VERTEX_POINT('',#908);
#908 = CARTESIAN_POINT('',(-0.27499818,-0.2999994,0.2999994));
#909 = LINE('',#910,#911);
#910 = CARTESIAN_POINT('',(-0.27499818,0.30000194,0.2999994));
#911 = VECTOR('',#912,1.);
#912 = DIRECTION('',(0.,-1.,0.));
#913 = ORIENTED_EDGE('',*,*,#914,.F.);
#914 = EDGE_CURVE('',#915,#907,#917,.T.);
#915 = VERTEX_POINT('',#916);
#916 = CARTESIAN_POINT('',(-0.27499818,-0.2999994,0.));
#917 = LINE('',#918,#919);
#918 = CARTESIAN_POINT('',(-0.27499818,-0.2999994,0.));
#919 = VECTOR('',#920,1.);
#920 = DIRECTION('',(0.,0.,1.));
#921 = ORIENTED_EDGE('',*,*,#922,.F.);
#922 = EDGE_CURVE('',#884,#915,#923,.T.);
#923 = LINE('',#924,#925);
#924 = CARTESIAN_POINT('',(-0.27499818,0.30000194,0.));
#925 = VECTOR('',#926,1.);
#926 = DIRECTION('',(0.,-1.,0.));
#927 = PLANE('',#928);
#928 = AXIS2_PLACEMENT_3D('',#929,#930,#931);
#929 = CARTESIAN_POINT('',(-0.27499818,0.30000194,0.));
#930 = DIRECTION('',(1.,0.,-0.));
#931 = DIRECTION('',(0.,-1.,0.));
#932 = ADVANCED_FACE('',(#933),#958,.F.);
#933 = FACE_BOUND('',#934,.F.);
#934 = EDGE_LOOP('',(#935,#936,#944,#952));
#935 = ORIENTED_EDGE('',*,*,#914,.T.);
#936 = ORIENTED_EDGE('',*,*,#937,.T.);
#937 = EDGE_CURVE('',#907,#938,#940,.T.);
#938 = VERTEX_POINT('',#939);
#939 = CARTESIAN_POINT('',(0.27500072,-0.2999994,0.2999994));
#940 = LINE('',#941,#942);
#941 = CARTESIAN_POINT('',(-0.27499818,-0.2999994,0.2999994));
#942 = VECTOR('',#943,1.);
#943 = DIRECTION('',(1.,0.,0.));
#944 = ORIENTED_EDGE('',*,*,#945,.F.);
#945 = EDGE_CURVE('',#946,#938,#948,.T.);
#946 = VERTEX_POINT('',#947);
#947 = CARTESIAN_POINT('',(0.27500072,-0.2999994,0.));
#948 = LINE('',#949,#950);
#949 = CARTESIAN_POINT('',(0.27500072,-0.2999994,0.));
#950 = VECTOR('',#951,1.);
#951 = DIRECTION('',(0.,0.,1.));
#952 = ORIENTED_EDGE('',*,*,#953,.F.);
#953 = EDGE_CURVE('',#915,#946,#954,.T.);
#954 = LINE('',#955,#956);
#955 = CARTESIAN_POINT('',(-0.27499818,-0.2999994,0.));
#956 = VECTOR('',#957,1.);
#957 = DIRECTION('',(1.,0.,0.));
#958 = PLANE('',#959);
#959 = AXIS2_PLACEMENT_3D('',#960,#961,#962);
#960 = CARTESIAN_POINT('',(-0.27499818,-0.2999994,0.));
#961 = DIRECTION('',(0.,1.,0.));
#962 = DIRECTION('',(1.,0.,0.));
#963 = ADVANCED_FACE('',(#964),#980,.F.);
#964 = FACE_BOUND('',#965,.F.);
#965 = EDGE_LOOP('',(#966,#967,#973,#974));
#966 = ORIENTED_EDGE('',*,*,#945,.T.);
#967 = ORIENTED_EDGE('',*,*,#968,.T.);
#968 = EDGE_CURVE('',#938,#868,#969,.T.);
#969 = LINE('',#970,#971);
#970 = CARTESIAN_POINT('',(0.27500072,-0.2999994,0.2999994));
#971 = VECTOR('',#972,1.);
#972 = DIRECTION('',(0.,1.,0.));
#973 = ORIENTED_EDGE('',*,*,#865,.F.);
#974 = ORIENTED_EDGE('',*,*,#975,.F.);
#975 = EDGE_CURVE('',#946,#866,#976,.T.);
#976 = LINE('',#977,#978);
#977 = CARTESIAN_POINT('',(0.27500072,-0.2999994,0.));
#978 = VECTOR('',#979,1.);
#979 = DIRECTION('',(0.,1.,0.));
#980 = PLANE('',#981);
#981 = AXIS2_PLACEMENT_3D('',#982,#983,#984);
#982 = CARTESIAN_POINT('',(0.27500072,-0.2999994,0.));
#983 = DIRECTION('',(-1.,0.,0.));
#984 = DIRECTION('',(0.,1.,0.));
#985 = ADVANCED_FACE('',(#986),#992,.F.);
#986 = FACE_BOUND('',#987,.F.);
#987 = EDGE_LOOP('',(#988,#989,#990,#991));
#988 = ORIENTED_EDGE('',*,*,#891,.T.);
#989 = ORIENTED_EDGE('',*,*,#922,.T.);
#990 = ORIENTED_EDGE('',*,*,#953,.T.);
#991 = ORIENTED_EDGE('',*,*,#975,.T.);
#992 = PLANE('',#993);
#993 = AXIS2_PLACEMENT_3D('',#994,#995,#996);
#994 = CARTESIAN_POINT('',(1.270000000283E-06,1.270000000259E-06,0.));
#995 = DIRECTION('',(0.,0.,1.));
#996 = DIRECTION('',(1.,0.,-0.));
#997 = ADVANCED_FACE('',(#998),#1004,.T.);
#998 = FACE_BOUND('',#999,.T.);
#999 = EDGE_LOOP('',(#1000,#1001,#1002,#1003));
#1000 = ORIENTED_EDGE('',*,*,#875,.T.);
#1001 = ORIENTED_EDGE('',*,*,#906,.T.);
#1002 = ORIENTED_EDGE('',*,*,#937,.T.);
#1003 = ORIENTED_EDGE('',*,*,#968,.T.);
#1004 = PLANE('',#1005);
#1005 = AXIS2_PLACEMENT_3D('',#1006,#1007,#1008);
#1006 = CARTESIAN_POINT('',(1.270000000283E-06,1.270000000259E-06,
    0.2999994));
#1007 = DIRECTION('',(0.,0.,1.));
#1008 = DIRECTION('',(1.,0.,-0.));
#1009 = ( GEOMETRIC_REPRESENTATION_CONTEXT(3) 
GLOBAL_UNCERTAINTY_ASSIGNED_CONTEXT((#1013)) 
GLOBAL_UNIT_ASSIGNED_CONTEXT((#1010,#1011,#1012)) REPRESENTATION_CONTEXT
('Context #1','3D Context with UNIT and UNCERTAINTY') );
#1010 = ( LENGTH_UNIT() NAMED_UNIT(*) SI_UNIT(.MILLI.,.METRE.) );
#1011 = ( NAMED_UNIT(*) PLANE_ANGLE_UNIT() SI_UNIT($,.RADIAN.) );
#1012 = ( NAMED_UNIT(*) SI_UNIT($,.STERADIAN.) SOLID_ANGLE_UNIT() );
#1013 = UNCERTAINTY_MEASURE_WITH_UNIT(LENGTH_MEASURE(1.E-07),#1010,
  'distance_accuracy_value','confusion accuracy');
#1014 = SHAPE_DEFINITION_REPRESENTATION(#1015,#858);
#1015 = PRODUCT_DEFINITION_SHAPE('','',#1016);
#1016 = PRODUCT_DEFINITION('design','',#1017,#1020);
#1017 = PRODUCT_DEFINITION_FORMATION('','',#1018);
#1018 = PRODUCT('Extruded','Extruded','',(#1019));
#1019 = PRODUCT_CONTEXT('',#2,'mechanical');
#1020 = PRODUCT_DEFINITION_CONTEXT('part definition',#2,'design');
#1021 = CONTEXT_DEPENDENT_SHAPE_REPRESENTATION(#1022,#1024);
#1022 = ( REPRESENTATION_RELATIONSHIP('','',#858,#848) 
REPRESENTATION_RELATIONSHIP_WITH_TRANSFORMATION(#1023) 
SHAPE_REPRESENTATION_RELATIONSHIP() );
#1023 = ITEM_DEFINED_TRANSFORMATION('','',#11,#849);
#1024 = PRODUCT_DEFINITION_SHAPE('Placement','Placement of an item',
  #1025);
#1025 = NEXT_ASSEMBLY_USAGE_OCCURRENCE('214','2','',#843,#1016,$);
#1026 = PRODUCT_RELATED_PRODUCT_CATEGORY('part',$,(#1018));
#1027 = CONTEXT_DEPENDENT_SHAPE_REPRESENTATION(#1028,#1030);
#1028 = ( REPRESENTATION_RELATIONSHIP('','',#848,#626) 
REPRESENTATION_RELATIONSHIP_WITH_TRANSFORMATION(#1029) 
SHAPE_REPRESENTATION_RELATIONSHIP() );
#1029 = ITEM_DEFINED_TRANSFORMATION('','',#11,#635);
#1030 = PRODUCT_DEFINITION_SHAPE('Placement','Placement of an item',
  #1031);
#1031 = NEXT_ASSEMBLY_USAGE_OCCURRENCE('215','','',#621,#843,$);
#1032 = PRODUCT_RELATED_PRODUCT_CATEGORY('part',$,(#845));
#1033 = CONTEXT_DEPENDENT_SHAPE_REPRESENTATION(#1034,#1036);
#1034 = ( REPRESENTATION_RELATIONSHIP('','',#626,#10) 
REPRESENTATION_RELATIONSHIP_WITH_TRANSFORMATION(#1035) 
SHAPE_REPRESENTATION_RELATIONSHIP() );
#1035 = ITEM_DEFINED_TRANSFORMATION('','',#11,#19);
#1036 = PRODUCT_DEFINITION_SHAPE('Placement','Placement of an item',
  #1037);
#1037 = NEXT_ASSEMBLY_USAGE_OCCURRENCE('216','','',#5,#621,$);
#1038 = PRODUCT_RELATED_PRODUCT_CATEGORY('part',$,(#623));
#1039 = SHAPE_DEFINITION_REPRESENTATION(#1040,#1046);
#1040 = PRODUCT_DEFINITION_SHAPE('','',#1041);
#1041 = PRODUCT_DEFINITION('design','',#1042,#1045);
#1042 = PRODUCT_DEFINITION_FORMATION('','',#1043);
#1043 = PRODUCT('C8','C8','',(#1044));
#1044 = PRODUCT_CONTEXT('',#2,'mechanical');
#1045 = PRODUCT_DEFINITION_CONTEXT('part definition',#2,'design');
#1046 = SHAPE_REPRESENTATION('',(#11,#1047,#1051,#1055),#1059);
#1047 = AXIS2_PLACEMENT_3D('',#1048,#1049,#1050);
#1048 = CARTESIAN_POINT('',(-8.450004150391,-0.400001907349,0.));
#1049 = DIRECTION('',(0.,0.,1.));
#1050 = DIRECTION('',(1.,0.,0.));
#1051 = AXIS2_PLACEMENT_3D('',#1052,#1053,#1054);
#1052 = CARTESIAN_POINT('',(-8.450004150391,2.499923706055E-02,0.));
#1053 = DIRECTION('',(0.,0.,1.));
#1054 = DIRECTION('',(1.,0.,0.));
#1055 = AXIS2_PLACEMENT_3D('',#1056,#1057,#1058);
#1056 = CARTESIAN_POINT('',(-8.450004150391,-0.825003051758,0.));
#1057 = DIRECTION('',(0.,0.,1.));
#1058 = DIRECTION('',(1.,0.,0.));
#1059 = ( GEOMETRIC_REPRESENTATION_CONTEXT(3) 
GLOBAL_UNCERTAINTY_ASSIGNED_CONTEXT((#1063)) 
GLOBAL_UNIT_ASSIGNED_CONTEXT((#1060,#1061,#1062)) REPRESENTATION_CONTEXT
('Context #1','3D Context with UNIT and UNCERTAINTY') );
#1060 = ( LENGTH_UNIT() NAMED_UNIT(*) SI_UNIT(.MILLI.,.METRE.) );
#1061 = ( NAMED_UNIT(*) PLANE_ANGLE_UNIT() SI_UNIT($,.RADIAN.) );
#1062 = ( NAMED_UNIT(*) SI_UNIT($,.STERADIAN.) SOLID_ANGLE_UNIT() );
#1063 = UNCERTAINTY_MEASURE_WITH_UNIT(LENGTH_MEASURE(1.E-07),#1060,
  'distance_accuracy_value','confusion accuracy');
#1064 = CONTEXT_DEPENDENT_SHAPE_REPRESENTATION(#1065,#1067);
#1065 = ( REPRESENTATION_RELATIONSHIP('','',#848,#1046) 
REPRESENTATION_RELATIONSHIP_WITH_TRANSFORMATION(#1066) 
SHAPE_REPRESENTATION_RELATIONSHIP() );
#1066 = ITEM_DEFINED_TRANSFORMATION('','',#11,#1047);
#1067 = PRODUCT_DEFINITION_SHAPE('Placement','Placement of an item',
  #1068);
#1068 = NEXT_ASSEMBLY_USAGE_OCCURRENCE('217','','',#1041,#843,$);
#1069 = CONTEXT_DEPENDENT_SHAPE_REPRESENTATION(#1070,#1072);
#1070 = ( REPRESENTATION_RELATIONSHIP('','',#651,#1046) 
REPRESENTATION_RELATIONSHIP_WITH_TRANSFORMATION(#1071) 
SHAPE_REPRESENTATION_RELATIONSHIP() );
#1071 = ITEM_DEFINED_TRANSFORMATION('','',#11,#1051);
#1072 = PRODUCT_DEFINITION_SHAPE('Placement','Placement of an item',
  #1073);
#1073 = NEXT_ASSEMBLY_USAGE_OCCURRENCE('218','','',#1041,#646,$);
#1074 = CONTEXT_DEPENDENT_SHAPE_REPRESENTATION(#1075,#1077);
#1075 = ( REPRESENTATION_RELATIONSHIP('','',#651,#1046) 
REPRESENTATION_RELATIONSHIP_WITH_TRANSFORMATION(#1076) 
SHAPE_REPRESENTATION_RELATIONSHIP() );
#1076 = ITEM_DEFINED_TRANSFORMATION('','',#11,#1055);
#1077 = PRODUCT_DEFINITION_SHAPE('Placement','Placement of an item',
  #1078);
#1078 = NEXT_ASSEMBLY_USAGE_OCCURRENCE('219','','',#1041,#646,$);
#1079 = CONTEXT_DEPENDENT_SHAPE_REPRESENTATION(#1080,#1082);
#1080 = ( REPRESENTATION_RELATIONSHIP('','',#1046,#10) 
REPRESENTATION_RELATIONSHIP_WITH_TRANSFORMATION(#1081) 
SHAPE_REPRESENTATION_RELATIONSHIP() );
#1081 = ITEM_DEFINED_TRANSFORMATION('','',#11,#23);
#1082 = PRODUCT_DEFINITION_SHAPE('Placement','Placement of an item',
  #1083);
#1083 = NEXT_ASSEMBLY_USAGE_OCCURRENCE('220','','',#5,#1041,$);
#1084 = PRODUCT_RELATED_PRODUCT_CATEGORY('part',$,(#1043));
#1085 = SHAPE_DEFINITION_REPRESENTATION(#1086,#1092);
#1086 = PRODUCT_DEFINITION_SHAPE('','',#1087);
#1087 = PRODUCT_DEFINITION('design','',#1088,#1091);
#1088 = PRODUCT_DEFINITION_FORMATION('','',#1089);
#1089 = PRODUCT('U2','U2','',(#1090));
#1090 = PRODUCT_CONTEXT('',#2,'mechanical');
#1091 = PRODUCT_DEFINITION_CONTEXT('part definition',#2,'design');
#1092 = SHAPE_REPRESENTATION('',(#11,#1093),#1097);
#1093 = AXIS2_PLACEMENT_3D('',#1094,#1095,#1096);
#1094 = CARTESIAN_POINT('',(-6.749999572754,-3.814697251414E-07,0.));
#1095 = DIRECTION('',(-0.,0.,1.));
#1096 = DIRECTION('',(1.19248806385E-08,-1.,0.));
#1097 = ( GEOMETRIC_REPRESENTATION_CONTEXT(3) 
GLOBAL_UNCERTAINTY_ASSIGNED_CONTEXT((#1101)) 
GLOBAL_UNIT_ASSIGNED_CONTEXT((#1098,#1099,#1100)) REPRESENTATION_CONTEXT
('Context #1','3D Context with UNIT and UNCERTAINTY') );
#1098 = ( LENGTH_UNIT() NAMED_UNIT(*) SI_UNIT(.MILLI.,.METRE.) );
#1099 = ( NAMED_UNIT(*) PLANE_ANGLE_UNIT() SI_UNIT($,.RADIAN.) );
#1100 = ( NAMED_UNIT(*) SI_UNIT($,.STERADIAN.) SOLID_ANGLE_UNIT() );
#1101 = UNCERTAINTY_MEASURE_WITH_UNIT(LENGTH_MEASURE(1.E-05),#1098,
  'distance_accuracy_value','confusion accuracy');
#1102 = SHAPE_DEFINITION_REPRESENTATION(#1103,#1109);
#1103 = PRODUCT_DEFINITION_SHAPE('','',#1104);
#1104 = PRODUCT_DEFINITION('design','',#1105,#1108);
#1105 = PRODUCT_DEFINITION_FORMATION('','',#1106);
#1106 = PRODUCT('IC_STMicroelectronics_AIS2DW12TR_eec',
  'IC_STMicroelectronics_AIS2DW12TR_eec','',(#1107));
#1107 = PRODUCT_CONTEXT('',#2,'mechanical');
#1108 = PRODUCT_DEFINITION_CONTEXT('part definition',#2,'design');
#1109 = SHAPE_REPRESENTATION('',(#11,#1110,#1114,#1118,#1122),#1126);
#1110 = AXIS2_PLACEMENT_3D('',#1111,#1112,#1113);
#1111 = CARTESIAN_POINT('',(0.,0.,0.));
#1112 = DIRECTION('',(0.,0.,1.));
#1113 = DIRECTION('',(1.,0.,0.));
#1114 = AXIS2_PLACEMENT_3D('',#1115,#1116,#1117);
#1115 = CARTESIAN_POINT('',(0.,0.,0.2));
#1116 = DIRECTION('',(0.,0.,1.));
#1117 = DIRECTION('',(1.,0.,0.));
#1118 = AXIS2_PLACEMENT_3D('',#1119,#1120,#1121);
#1119 = CARTESIAN_POINT('',(0.,0.,1.));
#1120 = DIRECTION('',(0.,0.,1.));
#1121 = DIRECTION('',(1.,0.,0.));
#1122 = AXIS2_PLACEMENT_3D('',#1123,#1124,#1125);
#1123 = CARTESIAN_POINT('',(0.,0.,0.));
#1124 = DIRECTION('',(0.,0.,1.));
#1125 = DIRECTION('',(1.,0.,0.));
#1126 = ( GEOMETRIC_REPRESENTATION_CONTEXT(3) 
GLOBAL_UNCERTAINTY_ASSIGNED_CONTEXT((#1130)) 
GLOBAL_UNIT_ASSIGNED_CONTEXT((#1127,#1128,#1129)) REPRESENTATION_CONTEXT
('Context #1','3D Context with UNIT and UNCERTAINTY') );
#1127 = ( LENGTH_UNIT() NAMED_UNIT(*) SI_UNIT(.MILLI.,.METRE.) );
#1128 = ( NAMED_UNIT(*) PLANE_ANGLE_UNIT() SI_UNIT($,.RADIAN.) );
#1129 = ( NAMED_UNIT(*) SI_UNIT($,.STERADIAN.) SOLID_ANGLE_UNIT() );
#1130 = UNCERTAINTY_MEASURE_WITH_UNIT(LENGTH_MEASURE(1.E-05),#1127,
  'distance_accuracy_value','confusion accuracy');
#1131 = ADVANCED_BREP_SHAPE_REPRESENTATION('',(#11,#1132),#3039);
#1132 = MANIFOLD_SOLID_BREP('',#1133);
#1133 = CLOSED_SHELL('',(#1134,#1174,#1205,#1245,#1267,#1285,#1325,#1365
    ,#1387,#1404,#1444,#1475,#1506,#1523,#1563,#1594,#1625,#1642,#1682,
    #1713,#1744,#1761,#1801,#1832,#1863,#1880,#1920,#1951,#1982,#1999,
    #2039,#2070,#2101,#2118,#2158,#2189,#2220,#2237,#2277,#2317,#2339,
    #2356,#2396,#2427,#2458,#2475,#2515,#2546,#2577,#2594,#2670,#2746,
    #2779,#2898,#2923,#2955,#2973,#2998,#3023));
#1134 = ADVANCED_FACE('',(#1135),#1169,.T.);
#1135 = FACE_BOUND('',#1136,.T.);
#1136 = EDGE_LOOP('',(#1137,#1147,#1155,#1163));
#1137 = ORIENTED_EDGE('',*,*,#1138,.F.);
#1138 = EDGE_CURVE('',#1139,#1141,#1143,.T.);
#1139 = VERTEX_POINT('',#1140);
#1140 = CARTESIAN_POINT('',(-0.6,0.708333333333,5.E-02));
#1141 = VERTEX_POINT('',#1142);
#1142 = CARTESIAN_POINT('',(-0.683333333333,0.625,5.E-02));
#1143 = LINE('',#1144,#1145);
#1144 = CARTESIAN_POINT('',(-0.660416666667,0.647916666667,5.E-02));
#1145 = VECTOR('',#1146,1.);
#1146 = DIRECTION('',(-0.707106781187,-0.707106781187,0.));
#1147 = ORIENTED_EDGE('',*,*,#1148,.T.);
#1148 = EDGE_CURVE('',#1139,#1149,#1151,.T.);
#1149 = VERTEX_POINT('',#1150);
#1150 = CARTESIAN_POINT('',(-0.6,0.708333333333,0.));
#1151 = LINE('',#1152,#1153);
#1152 = CARTESIAN_POINT('',(-0.6,0.708333333333,0.));
#1153 = VECTOR('',#1154,1.);
#1154 = DIRECTION('',(0.,0.,-1.));
#1155 = ORIENTED_EDGE('',*,*,#1156,.T.);
#1156 = EDGE_CURVE('',#1149,#1157,#1159,.T.);
#1157 = VERTEX_POINT('',#1158);
#1158 = CARTESIAN_POINT('',(-0.683333333333,0.625,0.));
#1159 = LINE('',#1160,#1161);
#1160 = CARTESIAN_POINT('',(-0.647916666667,0.660416666667,0.));
#1161 = VECTOR('',#1162,1.);
#1162 = DIRECTION('',(-0.707106781187,-0.707106781187,0.));
#1163 = ORIENTED_EDGE('',*,*,#1164,.T.);
#1164 = EDGE_CURVE('',#1157,#1141,#1165,.T.);
#1165 = LINE('',#1166,#1167);
#1166 = CARTESIAN_POINT('',(-0.683333333333,0.625,0.));
#1167 = VECTOR('',#1168,1.);
#1168 = DIRECTION('',(0.,0.,1.));
#1169 = PLANE('',#1170);
#1170 = AXIS2_PLACEMENT_3D('',#1171,#1172,#1173);
#1171 = CARTESIAN_POINT('',(-0.641666666667,0.666666666667,0.));
#1172 = DIRECTION('',(-0.707106781187,0.707106781187,0.));
#1173 = DIRECTION('',(0.,0.,1.));
#1174 = ADVANCED_FACE('',(#1175),#1200,.F.);
#1175 = FACE_BOUND('',#1176,.T.);
#1176 = EDGE_LOOP('',(#1177,#1178,#1186,#1194));
#1177 = ORIENTED_EDGE('',*,*,#1164,.F.);
#1178 = ORIENTED_EDGE('',*,*,#1179,.F.);
#1179 = EDGE_CURVE('',#1180,#1157,#1182,.T.);
#1180 = VERTEX_POINT('',#1181);
#1181 = CARTESIAN_POINT('',(-1.,0.625,0.));
#1182 = LINE('',#1183,#1184);
#1183 = CARTESIAN_POINT('',(-0.5,0.625,0.));
#1184 = VECTOR('',#1185,1.);
#1185 = DIRECTION('',(1.,0.,0.));
#1186 = ORIENTED_EDGE('',*,*,#1187,.F.);
#1187 = EDGE_CURVE('',#1188,#1180,#1190,.T.);
#1188 = VERTEX_POINT('',#1189);
#1189 = CARTESIAN_POINT('',(-1.,0.625,5.E-02));
#1190 = LINE('',#1191,#1192);
#1191 = CARTESIAN_POINT('',(-1.,0.625,0.));
#1192 = VECTOR('',#1193,1.);
#1193 = DIRECTION('',(0.,0.,-1.));
#1194 = ORIENTED_EDGE('',*,*,#1195,.T.);
#1195 = EDGE_CURVE('',#1188,#1141,#1196,.T.);
#1196 = LINE('',#1197,#1198);
#1197 = CARTESIAN_POINT('',(-1.,0.625,5.E-02));
#1198 = VECTOR('',#1199,1.);
#1199 = DIRECTION('',(1.,0.,0.));
#1200 = PLANE('',#1201);
#1201 = AXIS2_PLACEMENT_3D('',#1202,#1203,#1204);
#1202 = CARTESIAN_POINT('',(-1.,0.625,0.));
#1203 = DIRECTION('',(0.,-1.,0.));
#1204 = DIRECTION('',(1.,0.,0.));
#1205 = ADVANCED_FACE('',(#1206),#1240,.F.);
#1206 = FACE_BOUND('',#1207,.T.);
#1207 = EDGE_LOOP('',(#1208,#1218,#1226,#1234));
#1208 = ORIENTED_EDGE('',*,*,#1209,.F.);
#1209 = EDGE_CURVE('',#1210,#1212,#1214,.T.);
#1210 = VERTEX_POINT('',#1211);
#1211 = CARTESIAN_POINT('',(-0.6,0.875,0.));
#1212 = VERTEX_POINT('',#1213);
#1213 = CARTESIAN_POINT('',(-1.,0.875,0.));
#1214 = LINE('',#1215,#1216);
#1215 = CARTESIAN_POINT('',(-0.3,0.875,0.));
#1216 = VECTOR('',#1217,1.);
#1217 = DIRECTION('',(-1.,0.,0.));
#1218 = ORIENTED_EDGE('',*,*,#1219,.T.);
#1219 = EDGE_CURVE('',#1210,#1220,#1222,.T.);
#1220 = VERTEX_POINT('',#1221);
#1221 = CARTESIAN_POINT('',(-0.6,0.875,5.E-02));
#1222 = LINE('',#1223,#1224);
#1223 = CARTESIAN_POINT('',(-0.6,0.875,0.));
#1224 = VECTOR('',#1225,1.);
#1225 = DIRECTION('',(0.,0.,1.));
#1226 = ORIENTED_EDGE('',*,*,#1227,.T.);
#1227 = EDGE_CURVE('',#1220,#1228,#1230,.T.);
#1228 = VERTEX_POINT('',#1229);
#1229 = CARTESIAN_POINT('',(-1.,0.875,5.E-02));
#1230 = LINE('',#1231,#1232);
#1231 = CARTESIAN_POINT('',(-0.6,0.875,5.E-02));
#1232 = VECTOR('',#1233,1.);
#1233 = DIRECTION('',(-1.,0.,0.));
#1234 = ORIENTED_EDGE('',*,*,#1235,.F.);
#1235 = EDGE_CURVE('',#1212,#1228,#1236,.T.);
#1236 = LINE('',#1237,#1238);
#1237 = CARTESIAN_POINT('',(-1.,0.875,0.));
#1238 = VECTOR('',#1239,1.);
#1239 = DIRECTION('',(0.,0.,1.));
#1240 = PLANE('',#1241);
#1241 = AXIS2_PLACEMENT_3D('',#1242,#1243,#1244);
#1242 = CARTESIAN_POINT('',(-0.6,0.875,0.));
#1243 = DIRECTION('',(0.,1.,0.));
#1244 = DIRECTION('',(-1.,0.,0.));
#1245 = ADVANCED_FACE('',(#1246),#1262,.F.);
#1246 = FACE_BOUND('',#1247,.T.);
#1247 = EDGE_LOOP('',(#1248,#1249,#1255,#1256));
#1248 = ORIENTED_EDGE('',*,*,#1148,.F.);
#1249 = ORIENTED_EDGE('',*,*,#1250,.T.);
#1250 = EDGE_CURVE('',#1139,#1220,#1251,.T.);
#1251 = LINE('',#1252,#1253);
#1252 = CARTESIAN_POINT('',(-0.6,0.625,5.E-02));
#1253 = VECTOR('',#1254,1.);
#1254 = DIRECTION('',(2.775557561563E-16,1.,0.));
#1255 = ORIENTED_EDGE('',*,*,#1219,.F.);
#1256 = ORIENTED_EDGE('',*,*,#1257,.F.);
#1257 = EDGE_CURVE('',#1149,#1210,#1258,.T.);
#1258 = LINE('',#1259,#1260);
#1259 = CARTESIAN_POINT('',(-0.6,0.3125,0.));
#1260 = VECTOR('',#1261,1.);
#1261 = DIRECTION('',(2.775557561563E-16,1.,0.));
#1262 = PLANE('',#1263);
#1263 = AXIS2_PLACEMENT_3D('',#1264,#1265,#1266);
#1264 = CARTESIAN_POINT('',(-0.6,0.625,0.));
#1265 = DIRECTION('',(1.,-2.775557561563E-16,0.));
#1266 = DIRECTION('',(2.775557561563E-16,1.,0.));
#1267 = ADVANCED_FACE('',(#1268),#1280,.F.);
#1268 = FACE_BOUND('',#1269,.T.);
#1269 = EDGE_LOOP('',(#1270,#1271,#1272,#1278,#1279));
#1270 = ORIENTED_EDGE('',*,*,#1138,.T.);
#1271 = ORIENTED_EDGE('',*,*,#1195,.F.);
#1272 = ORIENTED_EDGE('',*,*,#1273,.F.);
#1273 = EDGE_CURVE('',#1228,#1188,#1274,.T.);
#1274 = LINE('',#1275,#1276);
#1275 = CARTESIAN_POINT('',(-1.,0.875,5.E-02));
#1276 = VECTOR('',#1277,1.);
#1277 = DIRECTION('',(3.469446951954E-16,-1.,0.));
#1278 = ORIENTED_EDGE('',*,*,#1227,.F.);
#1279 = ORIENTED_EDGE('',*,*,#1250,.F.);
#1280 = PLANE('',#1281);
#1281 = AXIS2_PLACEMENT_3D('',#1282,#1283,#1284);
#1282 = CARTESIAN_POINT('',(-0.8,0.75,5.E-02));
#1283 = DIRECTION('',(0.,0.,1.));
#1284 = DIRECTION('',(1.,0.,-0.));
#1285 = ADVANCED_FACE('',(#1286),#1320,.F.);
#1286 = FACE_BOUND('',#1287,.T.);
#1287 = EDGE_LOOP('',(#1288,#1298,#1306,#1314));
#1288 = ORIENTED_EDGE('',*,*,#1289,.F.);
#1289 = EDGE_CURVE('',#1290,#1292,#1294,.T.);
#1290 = VERTEX_POINT('',#1291);
#1291 = CARTESIAN_POINT('',(1.,-0.125,0.));
#1292 = VERTEX_POINT('',#1293);
#1293 = CARTESIAN_POINT('',(0.6,-0.125,0.));
#1294 = LINE('',#1295,#1296);
#1295 = CARTESIAN_POINT('',(0.5,-0.125,0.));
#1296 = VECTOR('',#1297,1.);
#1297 = DIRECTION('',(-1.,0.,0.));
#1298 = ORIENTED_EDGE('',*,*,#1299,.F.);
#1299 = EDGE_CURVE('',#1300,#1290,#1302,.T.);
#1300 = VERTEX_POINT('',#1301);
#1301 = CARTESIAN_POINT('',(1.,-0.125,5.E-02));
#1302 = LINE('',#1303,#1304);
#1303 = CARTESIAN_POINT('',(1.,-0.125,0.));
#1304 = VECTOR('',#1305,1.);
#1305 = DIRECTION('',(0.,0.,-1.));
#1306 = ORIENTED_EDGE('',*,*,#1307,.T.);
#1307 = EDGE_CURVE('',#1300,#1308,#1310,.T.);
#1308 = VERTEX_POINT('',#1309);
#1309 = CARTESIAN_POINT('',(0.6,-0.125,5.E-02));
#1310 = LINE('',#1311,#1312);
#1311 = CARTESIAN_POINT('',(1.,-0.125,5.E-02));
#1312 = VECTOR('',#1313,1.);
#1313 = DIRECTION('',(-1.,0.,0.));
#1314 = ORIENTED_EDGE('',*,*,#1315,.F.);
#1315 = EDGE_CURVE('',#1292,#1308,#1316,.T.);
#1316 = LINE('',#1317,#1318);
#1317 = CARTESIAN_POINT('',(0.6,-0.125,0.));
#1318 = VECTOR('',#1319,1.);
#1319 = DIRECTION('',(0.,0.,1.));
#1320 = PLANE('',#1321);
#1321 = AXIS2_PLACEMENT_3D('',#1322,#1323,#1324);
#1322 = CARTESIAN_POINT('',(1.,-0.125,0.));
#1323 = DIRECTION('',(0.,1.,0.));
#1324 = DIRECTION('',(-1.,0.,0.));
#1325 = ADVANCED_FACE('',(#1326),#1360,.F.);
#1326 = FACE_BOUND('',#1327,.T.);
#1327 = EDGE_LOOP('',(#1328,#1338,#1346,#1354));
#1328 = ORIENTED_EDGE('',*,*,#1329,.F.);
#1329 = EDGE_CURVE('',#1330,#1332,#1334,.T.);
#1330 = VERTEX_POINT('',#1331);
#1331 = CARTESIAN_POINT('',(0.6,-0.375,0.));
#1332 = VERTEX_POINT('',#1333);
#1333 = CARTESIAN_POINT('',(1.,-0.375,0.));
#1334 = LINE('',#1335,#1336);
#1335 = CARTESIAN_POINT('',(0.3,-0.375,0.));
#1336 = VECTOR('',#1337,1.);
#1337 = DIRECTION('',(1.,0.,0.));
#1338 = ORIENTED_EDGE('',*,*,#1339,.T.);
#1339 = EDGE_CURVE('',#1330,#1340,#1342,.T.);
#1340 = VERTEX_POINT('',#1341);
#1341 = CARTESIAN_POINT('',(0.6,-0.375,5.E-02));
#1342 = LINE('',#1343,#1344);
#1343 = CARTESIAN_POINT('',(0.6,-0.375,0.));
#1344 = VECTOR('',#1345,1.);
#1345 = DIRECTION('',(0.,0.,1.));
#1346 = ORIENTED_EDGE('',*,*,#1347,.T.);
#1347 = EDGE_CURVE('',#1340,#1348,#1350,.T.);
#1348 = VERTEX_POINT('',#1349);
#1349 = CARTESIAN_POINT('',(1.,-0.375,5.E-02));
#1350 = LINE('',#1351,#1352);
#1351 = CARTESIAN_POINT('',(0.6,-0.375,5.E-02));
#1352 = VECTOR('',#1353,1.);
#1353 = DIRECTION('',(1.,0.,0.));
#1354 = ORIENTED_EDGE('',*,*,#1355,.F.);
#1355 = EDGE_CURVE('',#1332,#1348,#1356,.T.);
#1356 = LINE('',#1357,#1358);
#1357 = CARTESIAN_POINT('',(1.,-0.375,0.));
#1358 = VECTOR('',#1359,1.);
#1359 = DIRECTION('',(0.,0.,1.));
#1360 = PLANE('',#1361);
#1361 = AXIS2_PLACEMENT_3D('',#1362,#1363,#1364);
#1362 = CARTESIAN_POINT('',(0.6,-0.375,0.));
#1363 = DIRECTION('',(0.,-1.,0.));
#1364 = DIRECTION('',(1.,0.,0.));
#1365 = ADVANCED_FACE('',(#1366),#1382,.F.);
#1366 = FACE_BOUND('',#1367,.T.);
#1367 = EDGE_LOOP('',(#1368,#1374,#1375,#1381));
#1368 = ORIENTED_EDGE('',*,*,#1369,.F.);
#1369 = EDGE_CURVE('',#1292,#1330,#1370,.T.);
#1370 = LINE('',#1371,#1372);
#1371 = CARTESIAN_POINT('',(0.6,-6.25E-02,0.));
#1372 = VECTOR('',#1373,1.);
#1373 = DIRECTION('',(0.,-1.,0.));
#1374 = ORIENTED_EDGE('',*,*,#1315,.T.);
#1375 = ORIENTED_EDGE('',*,*,#1376,.T.);
#1376 = EDGE_CURVE('',#1308,#1340,#1377,.T.);
#1377 = LINE('',#1378,#1379);
#1378 = CARTESIAN_POINT('',(0.6,-0.125,5.E-02));
#1379 = VECTOR('',#1380,1.);
#1380 = DIRECTION('',(0.,-1.,0.));
#1381 = ORIENTED_EDGE('',*,*,#1339,.F.);
#1382 = PLANE('',#1383);
#1383 = AXIS2_PLACEMENT_3D('',#1384,#1385,#1386);
#1384 = CARTESIAN_POINT('',(0.6,-0.125,0.));
#1385 = DIRECTION('',(-1.,0.,0.));
#1386 = DIRECTION('',(0.,-1.,0.));
#1387 = ADVANCED_FACE('',(#1388),#1399,.F.);
#1388 = FACE_BOUND('',#1389,.T.);
#1389 = EDGE_LOOP('',(#1390,#1391,#1392,#1398));
#1390 = ORIENTED_EDGE('',*,*,#1376,.F.);
#1391 = ORIENTED_EDGE('',*,*,#1307,.F.);
#1392 = ORIENTED_EDGE('',*,*,#1393,.F.);
#1393 = EDGE_CURVE('',#1348,#1300,#1394,.T.);
#1394 = LINE('',#1395,#1396);
#1395 = CARTESIAN_POINT('',(1.,-0.625,5.E-02));
#1396 = VECTOR('',#1397,1.);
#1397 = DIRECTION('',(-6.938893903907E-17,1.,0.));
#1398 = ORIENTED_EDGE('',*,*,#1347,.F.);
#1399 = PLANE('',#1400);
#1400 = AXIS2_PLACEMENT_3D('',#1401,#1402,#1403);
#1401 = CARTESIAN_POINT('',(0.8,-0.25,5.E-02));
#1402 = DIRECTION('',(0.,0.,1.));
#1403 = DIRECTION('',(1.,0.,-0.));
#1404 = ADVANCED_FACE('',(#1405),#1439,.F.);
#1405 = FACE_BOUND('',#1406,.T.);
#1406 = EDGE_LOOP('',(#1407,#1417,#1425,#1433));
#1407 = ORIENTED_EDGE('',*,*,#1408,.F.);
#1408 = EDGE_CURVE('',#1409,#1411,#1413,.T.);
#1409 = VERTEX_POINT('',#1410);
#1410 = CARTESIAN_POINT('',(0.6,0.625,0.));
#1411 = VERTEX_POINT('',#1412);
#1412 = CARTESIAN_POINT('',(1.,0.625,0.));
#1413 = LINE('',#1414,#1415);
#1414 = CARTESIAN_POINT('',(0.3,0.625,0.));
#1415 = VECTOR('',#1416,1.);
#1416 = DIRECTION('',(1.,0.,0.));
#1417 = ORIENTED_EDGE('',*,*,#1418,.T.);
#1418 = EDGE_CURVE('',#1409,#1419,#1421,.T.);
#1419 = VERTEX_POINT('',#1420);
#1420 = CARTESIAN_POINT('',(0.6,0.625,5.E-02));
#1421 = LINE('',#1422,#1423);
#1422 = CARTESIAN_POINT('',(0.6,0.625,0.));
#1423 = VECTOR('',#1424,1.);
#1424 = DIRECTION('',(0.,0.,1.));
#1425 = ORIENTED_EDGE('',*,*,#1426,.T.);
#1426 = EDGE_CURVE('',#1419,#1427,#1429,.T.);
#1427 = VERTEX_POINT('',#1428);
#1428 = CARTESIAN_POINT('',(1.,0.625,5.E-02));
#1429 = LINE('',#1430,#1431);
#1430 = CARTESIAN_POINT('',(0.6,0.625,5.E-02));
#1431 = VECTOR('',#1432,1.);
#1432 = DIRECTION('',(1.,0.,0.));
#1433 = ORIENTED_EDGE('',*,*,#1434,.F.);
#1434 = EDGE_CURVE('',#1411,#1427,#1435,.T.);
#1435 = LINE('',#1436,#1437);
#1436 = CARTESIAN_POINT('',(1.,0.625,0.));
#1437 = VECTOR('',#1438,1.);
#1438 = DIRECTION('',(0.,0.,1.));
#1439 = PLANE('',#1440);
#1440 = AXIS2_PLACEMENT_3D('',#1441,#1442,#1443);
#1441 = CARTESIAN_POINT('',(0.6,0.625,0.));
#1442 = DIRECTION('',(0.,-1.,0.));
#1443 = DIRECTION('',(1.,0.,0.));
#1444 = ADVANCED_FACE('',(#1445),#1470,.F.);
#1445 = FACE_BOUND('',#1446,.T.);
#1446 = EDGE_LOOP('',(#1447,#1455,#1463,#1469));
#1447 = ORIENTED_EDGE('',*,*,#1448,.F.);
#1448 = EDGE_CURVE('',#1449,#1409,#1451,.T.);
#1449 = VERTEX_POINT('',#1450);
#1450 = CARTESIAN_POINT('',(0.6,0.875,0.));
#1451 = LINE('',#1452,#1453);
#1452 = CARTESIAN_POINT('',(0.6,0.4375,0.));
#1453 = VECTOR('',#1454,1.);
#1454 = DIRECTION('',(0.,-1.,0.));
#1455 = ORIENTED_EDGE('',*,*,#1456,.T.);
#1456 = EDGE_CURVE('',#1449,#1457,#1459,.T.);
#1457 = VERTEX_POINT('',#1458);
#1458 = CARTESIAN_POINT('',(0.6,0.875,5.E-02));
#1459 = LINE('',#1460,#1461);
#1460 = CARTESIAN_POINT('',(0.6,0.875,0.));
#1461 = VECTOR('',#1462,1.);
#1462 = DIRECTION('',(0.,0.,1.));
#1463 = ORIENTED_EDGE('',*,*,#1464,.T.);
#1464 = EDGE_CURVE('',#1457,#1419,#1465,.T.);
#1465 = LINE('',#1466,#1467);
#1466 = CARTESIAN_POINT('',(0.6,0.875,5.E-02));
#1467 = VECTOR('',#1468,1.);
#1468 = DIRECTION('',(0.,-1.,0.));
#1469 = ORIENTED_EDGE('',*,*,#1418,.F.);
#1470 = PLANE('',#1471);
#1471 = AXIS2_PLACEMENT_3D('',#1472,#1473,#1474);
#1472 = CARTESIAN_POINT('',(0.6,0.875,0.));
#1473 = DIRECTION('',(-1.,0.,0.));
#1474 = DIRECTION('',(0.,-1.,0.));
#1475 = ADVANCED_FACE('',(#1476),#1501,.F.);
#1476 = FACE_BOUND('',#1477,.T.);
#1477 = EDGE_LOOP('',(#1478,#1486,#1494,#1500));
#1478 = ORIENTED_EDGE('',*,*,#1479,.F.);
#1479 = EDGE_CURVE('',#1480,#1449,#1482,.T.);
#1480 = VERTEX_POINT('',#1481);
#1481 = CARTESIAN_POINT('',(1.,0.875,0.));
#1482 = LINE('',#1483,#1484);
#1483 = CARTESIAN_POINT('',(0.5,0.875,0.));
#1484 = VECTOR('',#1485,1.);
#1485 = DIRECTION('',(-1.,0.,0.));
#1486 = ORIENTED_EDGE('',*,*,#1487,.F.);
#1487 = EDGE_CURVE('',#1488,#1480,#1490,.T.);
#1488 = VERTEX_POINT('',#1489);
#1489 = CARTESIAN_POINT('',(1.,0.875,5.E-02));
#1490 = LINE('',#1491,#1492);
#1491 = CARTESIAN_POINT('',(1.,0.875,0.));
#1492 = VECTOR('',#1493,1.);
#1493 = DIRECTION('',(0.,0.,-1.));
#1494 = ORIENTED_EDGE('',*,*,#1495,.T.);
#1495 = EDGE_CURVE('',#1488,#1457,#1496,.T.);
#1496 = LINE('',#1497,#1498);
#1497 = CARTESIAN_POINT('',(1.,0.875,5.E-02));
#1498 = VECTOR('',#1499,1.);
#1499 = DIRECTION('',(-1.,0.,0.));
#1500 = ORIENTED_EDGE('',*,*,#1456,.F.);
#1501 = PLANE('',#1502);
#1502 = AXIS2_PLACEMENT_3D('',#1503,#1504,#1505);
#1503 = CARTESIAN_POINT('',(1.,0.875,0.));
#1504 = DIRECTION('',(0.,1.,0.));
#1505 = DIRECTION('',(-1.,0.,0.));
#1506 = ADVANCED_FACE('',(#1507),#1518,.F.);
#1507 = FACE_BOUND('',#1508,.T.);
#1508 = EDGE_LOOP('',(#1509,#1510,#1516,#1517));
#1509 = ORIENTED_EDGE('',*,*,#1495,.F.);
#1510 = ORIENTED_EDGE('',*,*,#1511,.F.);
#1511 = EDGE_CURVE('',#1427,#1488,#1512,.T.);
#1512 = LINE('',#1513,#1514);
#1513 = CARTESIAN_POINT('',(1.,-0.125,5.E-02));
#1514 = VECTOR('',#1515,1.);
#1515 = DIRECTION('',(-6.938893903907E-17,1.,0.));
#1516 = ORIENTED_EDGE('',*,*,#1426,.F.);
#1517 = ORIENTED_EDGE('',*,*,#1464,.F.);
#1518 = PLANE('',#1519);
#1519 = AXIS2_PLACEMENT_3D('',#1520,#1521,#1522);
#1520 = CARTESIAN_POINT('',(0.8,0.75,5.E-02));
#1521 = DIRECTION('',(0.,0.,1.));
#1522 = DIRECTION('',(1.,0.,-0.));
#1523 = ADVANCED_FACE('',(#1524),#1558,.F.);
#1524 = FACE_BOUND('',#1525,.T.);
#1525 = EDGE_LOOP('',(#1526,#1536,#1544,#1552));
#1526 = ORIENTED_EDGE('',*,*,#1527,.F.);
#1527 = EDGE_CURVE('',#1528,#1530,#1532,.T.);
#1528 = VERTEX_POINT('',#1529);
#1529 = CARTESIAN_POINT('',(-0.125,0.6,0.));
#1530 = VERTEX_POINT('',#1531);
#1531 = CARTESIAN_POINT('',(-0.125,1.,0.));
#1532 = LINE('',#1533,#1534);
#1533 = CARTESIAN_POINT('',(-0.125,0.3,0.));
#1534 = VECTOR('',#1535,1.);
#1535 = DIRECTION('',(0.,1.,0.));
#1536 = ORIENTED_EDGE('',*,*,#1537,.T.);
#1537 = EDGE_CURVE('',#1528,#1538,#1540,.T.);
#1538 = VERTEX_POINT('',#1539);
#1539 = CARTESIAN_POINT('',(-0.125,0.6,5.E-02));
#1540 = LINE('',#1541,#1542);
#1541 = CARTESIAN_POINT('',(-0.125,0.6,0.));
#1542 = VECTOR('',#1543,1.);
#1543 = DIRECTION('',(0.,0.,1.));
#1544 = ORIENTED_EDGE('',*,*,#1545,.T.);
#1545 = EDGE_CURVE('',#1538,#1546,#1548,.T.);
#1546 = VERTEX_POINT('',#1547);
#1547 = CARTESIAN_POINT('',(-0.125,1.,5.E-02));
#1548 = LINE('',#1549,#1550);
#1549 = CARTESIAN_POINT('',(-0.125,0.6,5.E-02));
#1550 = VECTOR('',#1551,1.);
#1551 = DIRECTION('',(0.,1.,0.));
#1552 = ORIENTED_EDGE('',*,*,#1553,.F.);
#1553 = EDGE_CURVE('',#1530,#1546,#1554,.T.);
#1554 = LINE('',#1555,#1556);
#1555 = CARTESIAN_POINT('',(-0.125,1.,0.));
#1556 = VECTOR('',#1557,1.);
#1557 = DIRECTION('',(0.,0.,1.));
#1558 = PLANE('',#1559);
#1559 = AXIS2_PLACEMENT_3D('',#1560,#1561,#1562);
#1560 = CARTESIAN_POINT('',(-0.125,0.6,0.));
#1561 = DIRECTION('',(1.,0.,0.));
#1562 = DIRECTION('',(-0.,1.,0.));
#1563 = ADVANCED_FACE('',(#1564),#1589,.F.);
#1564 = FACE_BOUND('',#1565,.T.);
#1565 = EDGE_LOOP('',(#1566,#1574,#1582,#1588));
#1566 = ORIENTED_EDGE('',*,*,#1567,.F.);
#1567 = EDGE_CURVE('',#1568,#1528,#1570,.T.);
#1568 = VERTEX_POINT('',#1569);
#1569 = CARTESIAN_POINT('',(-0.375,0.6,0.));
#1570 = LINE('',#1571,#1572);
#1571 = CARTESIAN_POINT('',(-0.1875,0.6,0.));
#1572 = VECTOR('',#1573,1.);
#1573 = DIRECTION('',(1.,0.,0.));
#1574 = ORIENTED_EDGE('',*,*,#1575,.T.);
#1575 = EDGE_CURVE('',#1568,#1576,#1578,.T.);
#1576 = VERTEX_POINT('',#1577);
#1577 = CARTESIAN_POINT('',(-0.375,0.6,5.E-02));
#1578 = LINE('',#1579,#1580);
#1579 = CARTESIAN_POINT('',(-0.375,0.6,0.));
#1580 = VECTOR('',#1581,1.);
#1581 = DIRECTION('',(0.,0.,1.));
#1582 = ORIENTED_EDGE('',*,*,#1583,.T.);
#1583 = EDGE_CURVE('',#1576,#1538,#1584,.T.);
#1584 = LINE('',#1585,#1586);
#1585 = CARTESIAN_POINT('',(-0.375,0.6,5.E-02));
#1586 = VECTOR('',#1587,1.);
#1587 = DIRECTION('',(1.,0.,0.));
#1588 = ORIENTED_EDGE('',*,*,#1537,.F.);
#1589 = PLANE('',#1590);
#1590 = AXIS2_PLACEMENT_3D('',#1591,#1592,#1593);
#1591 = CARTESIAN_POINT('',(-0.375,0.6,0.));
#1592 = DIRECTION('',(0.,-1.,0.));
#1593 = DIRECTION('',(1.,0.,0.));
#1594 = ADVANCED_FACE('',(#1595),#1620,.F.);
#1595 = FACE_BOUND('',#1596,.T.);
#1596 = EDGE_LOOP('',(#1597,#1605,#1613,#1619));
#1597 = ORIENTED_EDGE('',*,*,#1598,.F.);
#1598 = EDGE_CURVE('',#1599,#1568,#1601,.T.);
#1599 = VERTEX_POINT('',#1600);
#1600 = CARTESIAN_POINT('',(-0.375,1.,0.));
#1601 = LINE('',#1602,#1603);
#1602 = CARTESIAN_POINT('',(-0.375,0.5,0.));
#1603 = VECTOR('',#1604,1.);
#1604 = DIRECTION('',(0.,-1.,0.));
#1605 = ORIENTED_EDGE('',*,*,#1606,.F.);
#1606 = EDGE_CURVE('',#1607,#1599,#1609,.T.);
#1607 = VERTEX_POINT('',#1608);
#1608 = CARTESIAN_POINT('',(-0.375,1.,5.E-02));
#1609 = LINE('',#1610,#1611);
#1610 = CARTESIAN_POINT('',(-0.375,1.,0.));
#1611 = VECTOR('',#1612,1.);
#1612 = DIRECTION('',(0.,0.,-1.));
#1613 = ORIENTED_EDGE('',*,*,#1614,.T.);
#1614 = EDGE_CURVE('',#1607,#1576,#1615,.T.);
#1615 = LINE('',#1616,#1617);
#1616 = CARTESIAN_POINT('',(-0.375,1.,5.E-02));
#1617 = VECTOR('',#1618,1.);
#1618 = DIRECTION('',(0.,-1.,0.));
#1619 = ORIENTED_EDGE('',*,*,#1575,.F.);
#1620 = PLANE('',#1621);
#1621 = AXIS2_PLACEMENT_3D('',#1622,#1623,#1624);
#1622 = CARTESIAN_POINT('',(-0.375,1.,0.));
#1623 = DIRECTION('',(-1.,0.,0.));
#1624 = DIRECTION('',(0.,-1.,0.));
#1625 = ADVANCED_FACE('',(#1626),#1637,.F.);
#1626 = FACE_BOUND('',#1627,.T.);
#1627 = EDGE_LOOP('',(#1628,#1629,#1635,#1636));
#1628 = ORIENTED_EDGE('',*,*,#1614,.F.);
#1629 = ORIENTED_EDGE('',*,*,#1630,.F.);
#1630 = EDGE_CURVE('',#1546,#1607,#1631,.T.);
#1631 = LINE('',#1632,#1633);
#1632 = CARTESIAN_POINT('',(0.375,1.,5.E-02));
#1633 = VECTOR('',#1634,1.);
#1634 = DIRECTION('',(-1.,-1.387778780781E-16,0.));
#1635 = ORIENTED_EDGE('',*,*,#1545,.F.);
#1636 = ORIENTED_EDGE('',*,*,#1583,.F.);
#1637 = PLANE('',#1638);
#1638 = AXIS2_PLACEMENT_3D('',#1639,#1640,#1641);
#1639 = CARTESIAN_POINT('',(-0.25,0.8,5.E-02));
#1640 = DIRECTION('',(0.,0.,1.));
#1641 = DIRECTION('',(1.,0.,-0.));
#1642 = ADVANCED_FACE('',(#1643),#1677,.F.);
#1643 = FACE_BOUND('',#1644,.T.);
#1644 = EDGE_LOOP('',(#1645,#1655,#1663,#1671));
#1645 = ORIENTED_EDGE('',*,*,#1646,.F.);
#1646 = EDGE_CURVE('',#1647,#1649,#1651,.T.);
#1647 = VERTEX_POINT('',#1648);
#1648 = CARTESIAN_POINT('',(-0.6,-0.125,0.));
#1649 = VERTEX_POINT('',#1650);
#1650 = CARTESIAN_POINT('',(-1.,-0.125,0.));
#1651 = LINE('',#1652,#1653);
#1652 = CARTESIAN_POINT('',(-0.3,-0.125,0.));
#1653 = VECTOR('',#1654,1.);
#1654 = DIRECTION('',(-1.,1.301042606983E-16,0.));
#1655 = ORIENTED_EDGE('',*,*,#1656,.T.);
#1656 = EDGE_CURVE('',#1647,#1657,#1659,.T.);
#1657 = VERTEX_POINT('',#1658);
#1658 = CARTESIAN_POINT('',(-0.6,-0.125,5.E-02));
#1659 = LINE('',#1660,#1661);
#1660 = CARTESIAN_POINT('',(-0.6,-0.125,0.));
#1661 = VECTOR('',#1662,1.);
#1662 = DIRECTION('',(0.,0.,1.));
#1663 = ORIENTED_EDGE('',*,*,#1664,.T.);
#1664 = EDGE_CURVE('',#1657,#1665,#1667,.T.);
#1665 = VERTEX_POINT('',#1666);
#1666 = CARTESIAN_POINT('',(-1.,-0.125,5.E-02));
#1667 = LINE('',#1668,#1669);
#1668 = CARTESIAN_POINT('',(-0.6,-0.125,5.E-02));
#1669 = VECTOR('',#1670,1.);
#1670 = DIRECTION('',(-1.,1.301042606983E-16,0.));
#1671 = ORIENTED_EDGE('',*,*,#1672,.F.);
#1672 = EDGE_CURVE('',#1649,#1665,#1673,.T.);
#1673 = LINE('',#1674,#1675);
#1674 = CARTESIAN_POINT('',(-1.,-0.125,0.));
#1675 = VECTOR('',#1676,1.);
#1676 = DIRECTION('',(0.,0.,1.));
#1677 = PLANE('',#1678);
#1678 = AXIS2_PLACEMENT_3D('',#1679,#1680,#1681);
#1679 = CARTESIAN_POINT('',(-0.6,-0.125,0.));
#1680 = DIRECTION('',(1.301042606983E-16,1.,0.));
#1681 = DIRECTION('',(-1.,1.301042606983E-16,0.));
#1682 = ADVANCED_FACE('',(#1683),#1708,.F.);
#1683 = FACE_BOUND('',#1684,.T.);
#1684 = EDGE_LOOP('',(#1685,#1693,#1701,#1707));
#1685 = ORIENTED_EDGE('',*,*,#1686,.F.);
#1686 = EDGE_CURVE('',#1687,#1647,#1689,.T.);
#1687 = VERTEX_POINT('',#1688);
#1688 = CARTESIAN_POINT('',(-0.6,-0.375,0.));
#1689 = LINE('',#1690,#1691);
#1690 = CARTESIAN_POINT('',(-0.6,-0.1875,0.));
#1691 = VECTOR('',#1692,1.);
#1692 = DIRECTION('',(2.775557561563E-16,1.,0.));
#1693 = ORIENTED_EDGE('',*,*,#1694,.T.);
#1694 = EDGE_CURVE('',#1687,#1695,#1697,.T.);
#1695 = VERTEX_POINT('',#1696);
#1696 = CARTESIAN_POINT('',(-0.6,-0.375,5.E-02));
#1697 = LINE('',#1698,#1699);
#1698 = CARTESIAN_POINT('',(-0.6,-0.375,0.));
#1699 = VECTOR('',#1700,1.);
#1700 = DIRECTION('',(0.,0.,1.));
#1701 = ORIENTED_EDGE('',*,*,#1702,.T.);
#1702 = EDGE_CURVE('',#1695,#1657,#1703,.T.);
#1703 = LINE('',#1704,#1705);
#1704 = CARTESIAN_POINT('',(-0.6,-0.375,5.E-02));
#1705 = VECTOR('',#1706,1.);
#1706 = DIRECTION('',(2.775557561563E-16,1.,0.));
#1707 = ORIENTED_EDGE('',*,*,#1656,.F.);
#1708 = PLANE('',#1709);
#1709 = AXIS2_PLACEMENT_3D('',#1710,#1711,#1712);
#1710 = CARTESIAN_POINT('',(-0.6,-0.375,0.));
#1711 = DIRECTION('',(1.,-2.775557561563E-16,0.));
#1712 = DIRECTION('',(2.775557561563E-16,1.,0.));
#1713 = ADVANCED_FACE('',(#1714),#1739,.F.);
#1714 = FACE_BOUND('',#1715,.T.);
#1715 = EDGE_LOOP('',(#1716,#1724,#1732,#1738));
#1716 = ORIENTED_EDGE('',*,*,#1717,.F.);
#1717 = EDGE_CURVE('',#1718,#1687,#1720,.T.);
#1718 = VERTEX_POINT('',#1719);
#1719 = CARTESIAN_POINT('',(-1.,-0.375,0.));
#1720 = LINE('',#1721,#1722);
#1721 = CARTESIAN_POINT('',(-0.5,-0.375,0.));
#1722 = VECTOR('',#1723,1.);
#1723 = DIRECTION('',(1.,-1.734723475977E-16,0.));
#1724 = ORIENTED_EDGE('',*,*,#1725,.F.);
#1725 = EDGE_CURVE('',#1726,#1718,#1728,.T.);
#1726 = VERTEX_POINT('',#1727);
#1727 = CARTESIAN_POINT('',(-1.,-0.375,5.E-02));
#1728 = LINE('',#1729,#1730);
#1729 = CARTESIAN_POINT('',(-1.,-0.375,0.));
#1730 = VECTOR('',#1731,1.);
#1731 = DIRECTION('',(0.,0.,-1.));
#1732 = ORIENTED_EDGE('',*,*,#1733,.T.);
#1733 = EDGE_CURVE('',#1726,#1695,#1734,.T.);
#1734 = LINE('',#1735,#1736);
#1735 = CARTESIAN_POINT('',(-1.,-0.375,5.E-02));
#1736 = VECTOR('',#1737,1.);
#1737 = DIRECTION('',(1.,-1.734723475977E-16,0.));
#1738 = ORIENTED_EDGE('',*,*,#1694,.F.);
#1739 = PLANE('',#1740);
#1740 = AXIS2_PLACEMENT_3D('',#1741,#1742,#1743);
#1741 = CARTESIAN_POINT('',(-1.,-0.375,0.));
#1742 = DIRECTION('',(-1.734723475977E-16,-1.,0.));
#1743 = DIRECTION('',(1.,-1.734723475977E-16,0.));
#1744 = ADVANCED_FACE('',(#1745),#1756,.F.);
#1745 = FACE_BOUND('',#1746,.T.);
#1746 = EDGE_LOOP('',(#1747,#1753,#1754,#1755));
#1747 = ORIENTED_EDGE('',*,*,#1748,.F.);
#1748 = EDGE_CURVE('',#1665,#1726,#1749,.T.);
#1749 = LINE('',#1750,#1751);
#1750 = CARTESIAN_POINT('',(-1.,0.375,5.E-02));
#1751 = VECTOR('',#1752,1.);
#1752 = DIRECTION('',(3.469446951954E-16,-1.,0.));
#1753 = ORIENTED_EDGE('',*,*,#1664,.F.);
#1754 = ORIENTED_EDGE('',*,*,#1702,.F.);
#1755 = ORIENTED_EDGE('',*,*,#1733,.F.);
#1756 = PLANE('',#1757);
#1757 = AXIS2_PLACEMENT_3D('',#1758,#1759,#1760);
#1758 = CARTESIAN_POINT('',(-0.8,-0.25,5.E-02));
#1759 = DIRECTION('',(0.,0.,1.));
#1760 = DIRECTION('',(1.,0.,-0.));
#1761 = ADVANCED_FACE('',(#1762),#1796,.F.);
#1762 = FACE_BOUND('',#1763,.T.);
#1763 = EDGE_LOOP('',(#1764,#1774,#1782,#1790));
#1764 = ORIENTED_EDGE('',*,*,#1765,.F.);
#1765 = EDGE_CURVE('',#1766,#1768,#1770,.T.);
#1766 = VERTEX_POINT('',#1767);
#1767 = CARTESIAN_POINT('',(0.6,-0.625,0.));
#1768 = VERTEX_POINT('',#1769);
#1769 = CARTESIAN_POINT('',(0.6,-0.875,0.));
#1770 = LINE('',#1771,#1772);
#1771 = CARTESIAN_POINT('',(0.6,-0.3125,0.));
#1772 = VECTOR('',#1773,1.);
#1773 = DIRECTION('',(0.,-1.,0.));
#1774 = ORIENTED_EDGE('',*,*,#1775,.T.);
#1775 = EDGE_CURVE('',#1766,#1776,#1778,.T.);
#1776 = VERTEX_POINT('',#1777);
#1777 = CARTESIAN_POINT('',(0.6,-0.625,5.E-02));
#1778 = LINE('',#1779,#1780);
#1779 = CARTESIAN_POINT('',(0.6,-0.625,0.));
#1780 = VECTOR('',#1781,1.);
#1781 = DIRECTION('',(0.,0.,1.));
#1782 = ORIENTED_EDGE('',*,*,#1783,.T.);
#1783 = EDGE_CURVE('',#1776,#1784,#1786,.T.);
#1784 = VERTEX_POINT('',#1785);
#1785 = CARTESIAN_POINT('',(0.6,-0.875,5.E-02));
#1786 = LINE('',#1787,#1788);
#1787 = CARTESIAN_POINT('',(0.6,-0.625,5.E-02));
#1788 = VECTOR('',#1789,1.);
#1789 = DIRECTION('',(0.,-1.,0.));
#1790 = ORIENTED_EDGE('',*,*,#1791,.F.);
#1791 = EDGE_CURVE('',#1768,#1784,#1792,.T.);
#1792 = LINE('',#1793,#1794);
#1793 = CARTESIAN_POINT('',(0.6,-0.875,0.));
#1794 = VECTOR('',#1795,1.);
#1795 = DIRECTION('',(0.,0.,1.));
#1796 = PLANE('',#1797);
#1797 = AXIS2_PLACEMENT_3D('',#1798,#1799,#1800);
#1798 = CARTESIAN_POINT('',(0.6,-0.625,0.));
#1799 = DIRECTION('',(-1.,0.,0.));
#1800 = DIRECTION('',(0.,-1.,0.));
#1801 = ADVANCED_FACE('',(#1802),#1827,.F.);
#1802 = FACE_BOUND('',#1803,.T.);
#1803 = EDGE_LOOP('',(#1804,#1812,#1820,#1826));
#1804 = ORIENTED_EDGE('',*,*,#1805,.F.);
#1805 = EDGE_CURVE('',#1806,#1766,#1808,.T.);
#1806 = VERTEX_POINT('',#1807);
#1807 = CARTESIAN_POINT('',(1.,-0.625,0.));
#1808 = LINE('',#1809,#1810);
#1809 = CARTESIAN_POINT('',(0.5,-0.625,0.));
#1810 = VECTOR('',#1811,1.);
#1811 = DIRECTION('',(-1.,0.,0.));
#1812 = ORIENTED_EDGE('',*,*,#1813,.F.);
#1813 = EDGE_CURVE('',#1814,#1806,#1816,.T.);
#1814 = VERTEX_POINT('',#1815);
#1815 = CARTESIAN_POINT('',(1.,-0.625,5.E-02));
#1816 = LINE('',#1817,#1818);
#1817 = CARTESIAN_POINT('',(1.,-0.625,0.));
#1818 = VECTOR('',#1819,1.);
#1819 = DIRECTION('',(0.,0.,-1.));
#1820 = ORIENTED_EDGE('',*,*,#1821,.T.);
#1821 = EDGE_CURVE('',#1814,#1776,#1822,.T.);
#1822 = LINE('',#1823,#1824);
#1823 = CARTESIAN_POINT('',(1.,-0.625,5.E-02));
#1824 = VECTOR('',#1825,1.);
#1825 = DIRECTION('',(-1.,0.,0.));
#1826 = ORIENTED_EDGE('',*,*,#1775,.F.);
#1827 = PLANE('',#1828);
#1828 = AXIS2_PLACEMENT_3D('',#1829,#1830,#1831);
#1829 = CARTESIAN_POINT('',(1.,-0.625,0.));
#1830 = DIRECTION('',(0.,1.,0.));
#1831 = DIRECTION('',(-1.,0.,0.));
#1832 = ADVANCED_FACE('',(#1833),#1858,.F.);
#1833 = FACE_BOUND('',#1834,.T.);
#1834 = EDGE_LOOP('',(#1835,#1843,#1844,#1852));
#1835 = ORIENTED_EDGE('',*,*,#1836,.F.);
#1836 = EDGE_CURVE('',#1768,#1837,#1839,.T.);
#1837 = VERTEX_POINT('',#1838);
#1838 = CARTESIAN_POINT('',(1.,-0.875,0.));
#1839 = LINE('',#1840,#1841);
#1840 = CARTESIAN_POINT('',(0.3,-0.875,0.));
#1841 = VECTOR('',#1842,1.);
#1842 = DIRECTION('',(1.,0.,0.));
#1843 = ORIENTED_EDGE('',*,*,#1791,.T.);
#1844 = ORIENTED_EDGE('',*,*,#1845,.T.);
#1845 = EDGE_CURVE('',#1784,#1846,#1848,.T.);
#1846 = VERTEX_POINT('',#1847);
#1847 = CARTESIAN_POINT('',(1.,-0.875,5.E-02));
#1848 = LINE('',#1849,#1850);
#1849 = CARTESIAN_POINT('',(0.6,-0.875,5.E-02));
#1850 = VECTOR('',#1851,1.);
#1851 = DIRECTION('',(1.,0.,0.));
#1852 = ORIENTED_EDGE('',*,*,#1853,.F.);
#1853 = EDGE_CURVE('',#1837,#1846,#1854,.T.);
#1854 = LINE('',#1855,#1856);
#1855 = CARTESIAN_POINT('',(1.,-0.875,0.));
#1856 = VECTOR('',#1857,1.);
#1857 = DIRECTION('',(0.,0.,1.));
#1858 = PLANE('',#1859);
#1859 = AXIS2_PLACEMENT_3D('',#1860,#1861,#1862);
#1860 = CARTESIAN_POINT('',(0.6,-0.875,0.));
#1861 = DIRECTION('',(0.,-1.,0.));
#1862 = DIRECTION('',(1.,0.,0.));
#1863 = ADVANCED_FACE('',(#1864),#1875,.F.);
#1864 = FACE_BOUND('',#1865,.T.);
#1865 = EDGE_LOOP('',(#1866,#1867,#1868,#1869));
#1866 = ORIENTED_EDGE('',*,*,#1845,.F.);
#1867 = ORIENTED_EDGE('',*,*,#1783,.F.);
#1868 = ORIENTED_EDGE('',*,*,#1821,.F.);
#1869 = ORIENTED_EDGE('',*,*,#1870,.F.);
#1870 = EDGE_CURVE('',#1846,#1814,#1871,.T.);
#1871 = LINE('',#1872,#1873);
#1872 = CARTESIAN_POINT('',(1.,-0.875,5.E-02));
#1873 = VECTOR('',#1874,1.);
#1874 = DIRECTION('',(-6.938893903907E-17,1.,0.));
#1875 = PLANE('',#1876);
#1876 = AXIS2_PLACEMENT_3D('',#1877,#1878,#1879);
#1877 = CARTESIAN_POINT('',(0.8,-0.75,5.E-02));
#1878 = DIRECTION('',(0.,0.,1.));
#1879 = DIRECTION('',(1.,0.,-0.));
#1880 = ADVANCED_FACE('',(#1881),#1915,.F.);
#1881 = FACE_BOUND('',#1882,.T.);
#1882 = EDGE_LOOP('',(#1883,#1893,#1901,#1909));
#1883 = ORIENTED_EDGE('',*,*,#1884,.F.);
#1884 = EDGE_CURVE('',#1885,#1887,#1889,.T.);
#1885 = VERTEX_POINT('',#1886);
#1886 = CARTESIAN_POINT('',(-0.6,-0.625,0.));
#1887 = VERTEX_POINT('',#1888);
#1888 = CARTESIAN_POINT('',(-1.,-0.625,0.));
#1889 = LINE('',#1890,#1891);
#1890 = CARTESIAN_POINT('',(-0.3,-0.625,0.));
#1891 = VECTOR('',#1892,1.);
#1892 = DIRECTION('',(-1.,1.734723475977E-16,0.));
#1893 = ORIENTED_EDGE('',*,*,#1894,.T.);
#1894 = EDGE_CURVE('',#1885,#1895,#1897,.T.);
#1895 = VERTEX_POINT('',#1896);
#1896 = CARTESIAN_POINT('',(-0.6,-0.625,5.E-02));
#1897 = LINE('',#1898,#1899);
#1898 = CARTESIAN_POINT('',(-0.6,-0.625,0.));
#1899 = VECTOR('',#1900,1.);
#1900 = DIRECTION('',(0.,0.,1.));
#1901 = ORIENTED_EDGE('',*,*,#1902,.T.);
#1902 = EDGE_CURVE('',#1895,#1903,#1905,.T.);
#1903 = VERTEX_POINT('',#1904);
#1904 = CARTESIAN_POINT('',(-1.,-0.625,5.E-02));
#1905 = LINE('',#1906,#1907);
#1906 = CARTESIAN_POINT('',(-0.6,-0.625,5.E-02));
#1907 = VECTOR('',#1908,1.);
#1908 = DIRECTION('',(-1.,1.734723475977E-16,0.));
#1909 = ORIENTED_EDGE('',*,*,#1910,.F.);
#1910 = EDGE_CURVE('',#1887,#1903,#1911,.T.);
#1911 = LINE('',#1912,#1913);
#1912 = CARTESIAN_POINT('',(-1.,-0.625,0.));
#1913 = VECTOR('',#1914,1.);
#1914 = DIRECTION('',(0.,0.,1.));
#1915 = PLANE('',#1916);
#1916 = AXIS2_PLACEMENT_3D('',#1917,#1918,#1919);
#1917 = CARTESIAN_POINT('',(-0.6,-0.625,0.));
#1918 = DIRECTION('',(1.734723475977E-16,1.,0.));
#1919 = DIRECTION('',(-1.,1.734723475977E-16,0.));
#1920 = ADVANCED_FACE('',(#1921),#1946,.F.);
#1921 = FACE_BOUND('',#1922,.T.);
#1922 = EDGE_LOOP('',(#1923,#1931,#1939,#1945));
#1923 = ORIENTED_EDGE('',*,*,#1924,.F.);
#1924 = EDGE_CURVE('',#1925,#1885,#1927,.T.);
#1925 = VERTEX_POINT('',#1926);
#1926 = CARTESIAN_POINT('',(-0.6,-0.875,0.));
#1927 = LINE('',#1928,#1929);
#1928 = CARTESIAN_POINT('',(-0.6,-0.4375,0.));
#1929 = VECTOR('',#1930,1.);
#1930 = DIRECTION('',(2.775557561563E-16,1.,0.));
#1931 = ORIENTED_EDGE('',*,*,#1932,.T.);
#1932 = EDGE_CURVE('',#1925,#1933,#1935,.T.);
#1933 = VERTEX_POINT('',#1934);
#1934 = CARTESIAN_POINT('',(-0.6,-0.875,5.E-02));
#1935 = LINE('',#1936,#1937);
#1936 = CARTESIAN_POINT('',(-0.6,-0.875,0.));
#1937 = VECTOR('',#1938,1.);
#1938 = DIRECTION('',(0.,0.,1.));
#1939 = ORIENTED_EDGE('',*,*,#1940,.T.);
#1940 = EDGE_CURVE('',#1933,#1895,#1941,.T.);
#1941 = LINE('',#1942,#1943);
#1942 = CARTESIAN_POINT('',(-0.6,-0.875,5.E-02));
#1943 = VECTOR('',#1944,1.);
#1944 = DIRECTION('',(2.775557561563E-16,1.,0.));
#1945 = ORIENTED_EDGE('',*,*,#1894,.F.);
#1946 = PLANE('',#1947);
#1947 = AXIS2_PLACEMENT_3D('',#1948,#1949,#1950);
#1948 = CARTESIAN_POINT('',(-0.6,-0.875,0.));
#1949 = DIRECTION('',(1.,-2.775557561563E-16,0.));
#1950 = DIRECTION('',(2.775557561563E-16,1.,0.));
#1951 = ADVANCED_FACE('',(#1952),#1977,.F.);
#1952 = FACE_BOUND('',#1953,.T.);
#1953 = EDGE_LOOP('',(#1954,#1962,#1970,#1976));
#1954 = ORIENTED_EDGE('',*,*,#1955,.F.);
#1955 = EDGE_CURVE('',#1956,#1925,#1958,.T.);
#1956 = VERTEX_POINT('',#1957);
#1957 = CARTESIAN_POINT('',(-1.,-0.875,0.));
#1958 = LINE('',#1959,#1960);
#1959 = CARTESIAN_POINT('',(-0.5,-0.875,0.));
#1960 = VECTOR('',#1961,1.);
#1961 = DIRECTION('',(1.,0.,0.));
#1962 = ORIENTED_EDGE('',*,*,#1963,.F.);
#1963 = EDGE_CURVE('',#1964,#1956,#1966,.T.);
#1964 = VERTEX_POINT('',#1965);
#1965 = CARTESIAN_POINT('',(-1.,-0.875,5.E-02));
#1966 = LINE('',#1967,#1968);
#1967 = CARTESIAN_POINT('',(-1.,-0.875,0.));
#1968 = VECTOR('',#1969,1.);
#1969 = DIRECTION('',(0.,0.,-1.));
#1970 = ORIENTED_EDGE('',*,*,#1971,.T.);
#1971 = EDGE_CURVE('',#1964,#1933,#1972,.T.);
#1972 = LINE('',#1973,#1974);
#1973 = CARTESIAN_POINT('',(-1.,-0.875,5.E-02));
#1974 = VECTOR('',#1975,1.);
#1975 = DIRECTION('',(1.,0.,0.));
#1976 = ORIENTED_EDGE('',*,*,#1932,.F.);
#1977 = PLANE('',#1978);
#1978 = AXIS2_PLACEMENT_3D('',#1979,#1980,#1981);
#1979 = CARTESIAN_POINT('',(-1.,-0.875,0.));
#1980 = DIRECTION('',(0.,-1.,0.));
#1981 = DIRECTION('',(1.,0.,0.));
#1982 = ADVANCED_FACE('',(#1983),#1994,.F.);
#1983 = FACE_BOUND('',#1984,.T.);
#1984 = EDGE_LOOP('',(#1985,#1991,#1992,#1993));
#1985 = ORIENTED_EDGE('',*,*,#1986,.F.);
#1986 = EDGE_CURVE('',#1903,#1964,#1987,.T.);
#1987 = LINE('',#1988,#1989);
#1988 = CARTESIAN_POINT('',(-1.,0.125,5.E-02));
#1989 = VECTOR('',#1990,1.);
#1990 = DIRECTION('',(3.469446951954E-16,-1.,0.));
#1991 = ORIENTED_EDGE('',*,*,#1902,.F.);
#1992 = ORIENTED_EDGE('',*,*,#1940,.F.);
#1993 = ORIENTED_EDGE('',*,*,#1971,.F.);
#1994 = PLANE('',#1995);
#1995 = AXIS2_PLACEMENT_3D('',#1996,#1997,#1998);
#1996 = CARTESIAN_POINT('',(-0.8,-0.75,5.E-02));
#1997 = DIRECTION('',(0.,0.,1.));
#1998 = DIRECTION('',(1.,0.,-0.));
#1999 = ADVANCED_FACE('',(#2000),#2034,.F.);
#2000 = FACE_BOUND('',#2001,.T.);
#2001 = EDGE_LOOP('',(#2002,#2012,#2020,#2028));
#2002 = ORIENTED_EDGE('',*,*,#2003,.F.);
#2003 = EDGE_CURVE('',#2004,#2006,#2008,.T.);
#2004 = VERTEX_POINT('',#2005);
#2005 = CARTESIAN_POINT('',(0.125,-0.6,0.));
#2006 = VERTEX_POINT('',#2007);
#2007 = CARTESIAN_POINT('',(0.125,-1.,0.));
#2008 = LINE('',#2009,#2010);
#2009 = CARTESIAN_POINT('',(0.125,-0.3,0.));
#2010 = VECTOR('',#2011,1.);
#2011 = DIRECTION('',(-1.301042606983E-16,-1.,0.));
#2012 = ORIENTED_EDGE('',*,*,#2013,.T.);
#2013 = EDGE_CURVE('',#2004,#2014,#2016,.T.);
#2014 = VERTEX_POINT('',#2015);
#2015 = CARTESIAN_POINT('',(0.125,-0.6,5.E-02));
#2016 = LINE('',#2017,#2018);
#2017 = CARTESIAN_POINT('',(0.125,-0.6,0.));
#2018 = VECTOR('',#2019,1.);
#2019 = DIRECTION('',(0.,0.,1.));
#2020 = ORIENTED_EDGE('',*,*,#2021,.T.);
#2021 = EDGE_CURVE('',#2014,#2022,#2024,.T.);
#2022 = VERTEX_POINT('',#2023);
#2023 = CARTESIAN_POINT('',(0.125,-1.,5.E-02));
#2024 = LINE('',#2025,#2026);
#2025 = CARTESIAN_POINT('',(0.125,-0.6,5.E-02));
#2026 = VECTOR('',#2027,1.);
#2027 = DIRECTION('',(-1.301042606983E-16,-1.,0.));
#2028 = ORIENTED_EDGE('',*,*,#2029,.F.);
#2029 = EDGE_CURVE('',#2006,#2022,#2030,.T.);
#2030 = LINE('',#2031,#2032);
#2031 = CARTESIAN_POINT('',(0.125,-1.,0.));
#2032 = VECTOR('',#2033,1.);
#2033 = DIRECTION('',(0.,0.,1.));
#2034 = PLANE('',#2035);
#2035 = AXIS2_PLACEMENT_3D('',#2036,#2037,#2038);
#2036 = CARTESIAN_POINT('',(0.125,-0.6,0.));
#2037 = DIRECTION('',(-1.,1.301042606983E-16,0.));
#2038 = DIRECTION('',(-1.301042606983E-16,-1.,0.));
#2039 = ADVANCED_FACE('',(#2040),#2065,.F.);
#2040 = FACE_BOUND('',#2041,.T.);
#2041 = EDGE_LOOP('',(#2042,#2050,#2058,#2064));
#2042 = ORIENTED_EDGE('',*,*,#2043,.F.);
#2043 = EDGE_CURVE('',#2044,#2004,#2046,.T.);
#2044 = VERTEX_POINT('',#2045);
#2045 = CARTESIAN_POINT('',(0.375,-0.6,0.));
#2046 = LINE('',#2047,#2048);
#2047 = CARTESIAN_POINT('',(0.1875,-0.6,0.));
#2048 = VECTOR('',#2049,1.);
#2049 = DIRECTION('',(-1.,2.775557561563E-16,0.));
#2050 = ORIENTED_EDGE('',*,*,#2051,.T.);
#2051 = EDGE_CURVE('',#2044,#2052,#2054,.T.);
#2052 = VERTEX_POINT('',#2053);
#2053 = CARTESIAN_POINT('',(0.375,-0.6,5.E-02));
#2054 = LINE('',#2055,#2056);
#2055 = CARTESIAN_POINT('',(0.375,-0.6,0.));
#2056 = VECTOR('',#2057,1.);
#2057 = DIRECTION('',(0.,0.,1.));
#2058 = ORIENTED_EDGE('',*,*,#2059,.T.);
#2059 = EDGE_CURVE('',#2052,#2014,#2060,.T.);
#2060 = LINE('',#2061,#2062);
#2061 = CARTESIAN_POINT('',(0.375,-0.6,5.E-02));
#2062 = VECTOR('',#2063,1.);
#2063 = DIRECTION('',(-1.,2.775557561563E-16,0.));
#2064 = ORIENTED_EDGE('',*,*,#2013,.F.);
#2065 = PLANE('',#2066);
#2066 = AXIS2_PLACEMENT_3D('',#2067,#2068,#2069);
#2067 = CARTESIAN_POINT('',(0.375,-0.6,0.));
#2068 = DIRECTION('',(2.775557561563E-16,1.,0.));
#2069 = DIRECTION('',(-1.,2.775557561563E-16,0.));
#2070 = ADVANCED_FACE('',(#2071),#2096,.F.);
#2071 = FACE_BOUND('',#2072,.T.);
#2072 = EDGE_LOOP('',(#2073,#2081,#2089,#2095));
#2073 = ORIENTED_EDGE('',*,*,#2074,.F.);
#2074 = EDGE_CURVE('',#2075,#2044,#2077,.T.);
#2075 = VERTEX_POINT('',#2076);
#2076 = CARTESIAN_POINT('',(0.375,-1.,0.));
#2077 = LINE('',#2078,#2079);
#2078 = CARTESIAN_POINT('',(0.375,-0.5,0.));
#2079 = VECTOR('',#2080,1.);
#2080 = DIRECTION('',(1.734723475977E-16,1.,0.));
#2081 = ORIENTED_EDGE('',*,*,#2082,.F.);
#2082 = EDGE_CURVE('',#2083,#2075,#2085,.T.);
#2083 = VERTEX_POINT('',#2084);
#2084 = CARTESIAN_POINT('',(0.375,-1.,5.E-02));
#2085 = LINE('',#2086,#2087);
#2086 = CARTESIAN_POINT('',(0.375,-1.,0.));
#2087 = VECTOR('',#2088,1.);
#2088 = DIRECTION('',(0.,0.,-1.));
#2089 = ORIENTED_EDGE('',*,*,#2090,.T.);
#2090 = EDGE_CURVE('',#2083,#2052,#2091,.T.);
#2091 = LINE('',#2092,#2093);
#2092 = CARTESIAN_POINT('',(0.375,-1.,5.E-02));
#2093 = VECTOR('',#2094,1.);
#2094 = DIRECTION('',(1.734723475977E-16,1.,0.));
#2095 = ORIENTED_EDGE('',*,*,#2051,.F.);
#2096 = PLANE('',#2097);
#2097 = AXIS2_PLACEMENT_3D('',#2098,#2099,#2100);
#2098 = CARTESIAN_POINT('',(0.375,-1.,0.));
#2099 = DIRECTION('',(1.,-1.734723475977E-16,0.));
#2100 = DIRECTION('',(1.734723475977E-16,1.,0.));
#2101 = ADVANCED_FACE('',(#2102),#2113,.F.);
#2102 = FACE_BOUND('',#2103,.T.);
#2103 = EDGE_LOOP('',(#2104,#2110,#2111,#2112));
#2104 = ORIENTED_EDGE('',*,*,#2105,.F.);
#2105 = EDGE_CURVE('',#2022,#2083,#2106,.T.);
#2106 = LINE('',#2107,#2108);
#2107 = CARTESIAN_POINT('',(-0.375,-1.,5.E-02));
#2108 = VECTOR('',#2109,1.);
#2109 = DIRECTION('',(1.,0.,0.));
#2110 = ORIENTED_EDGE('',*,*,#2021,.F.);
#2111 = ORIENTED_EDGE('',*,*,#2059,.F.);
#2112 = ORIENTED_EDGE('',*,*,#2090,.F.);
#2113 = PLANE('',#2114);
#2114 = AXIS2_PLACEMENT_3D('',#2115,#2116,#2117);
#2115 = CARTESIAN_POINT('',(0.25,-0.8,5.E-02));
#2116 = DIRECTION('',(0.,0.,1.));
#2117 = DIRECTION('',(1.,0.,-0.));
#2118 = ADVANCED_FACE('',(#2119),#2153,.F.);
#2119 = FACE_BOUND('',#2120,.T.);
#2120 = EDGE_LOOP('',(#2121,#2131,#2139,#2147));
#2121 = ORIENTED_EDGE('',*,*,#2122,.F.);
#2122 = EDGE_CURVE('',#2123,#2125,#2127,.T.);
#2123 = VERTEX_POINT('',#2124);
#2124 = CARTESIAN_POINT('',(-0.375,-0.6,0.));
#2125 = VERTEX_POINT('',#2126);
#2126 = CARTESIAN_POINT('',(-0.375,-1.,0.));
#2127 = LINE('',#2128,#2129);
#2128 = CARTESIAN_POINT('',(-0.375,-0.3,0.));
#2129 = VECTOR('',#2130,1.);
#2130 = DIRECTION('',(-1.734723475977E-16,-1.,0.));
#2131 = ORIENTED_EDGE('',*,*,#2132,.T.);
#2132 = EDGE_CURVE('',#2123,#2133,#2135,.T.);
#2133 = VERTEX_POINT('',#2134);
#2134 = CARTESIAN_POINT('',(-0.375,-0.6,5.E-02));
#2135 = LINE('',#2136,#2137);
#2136 = CARTESIAN_POINT('',(-0.375,-0.6,0.));
#2137 = VECTOR('',#2138,1.);
#2138 = DIRECTION('',(0.,0.,1.));
#2139 = ORIENTED_EDGE('',*,*,#2140,.T.);
#2140 = EDGE_CURVE('',#2133,#2141,#2143,.T.);
#2141 = VERTEX_POINT('',#2142);
#2142 = CARTESIAN_POINT('',(-0.375,-1.,5.E-02));
#2143 = LINE('',#2144,#2145);
#2144 = CARTESIAN_POINT('',(-0.375,-0.6,5.E-02));
#2145 = VECTOR('',#2146,1.);
#2146 = DIRECTION('',(-1.734723475977E-16,-1.,0.));
#2147 = ORIENTED_EDGE('',*,*,#2148,.F.);
#2148 = EDGE_CURVE('',#2125,#2141,#2149,.T.);
#2149 = LINE('',#2150,#2151);
#2150 = CARTESIAN_POINT('',(-0.375,-1.,0.));
#2151 = VECTOR('',#2152,1.);
#2152 = DIRECTION('',(0.,0.,1.));
#2153 = PLANE('',#2154);
#2154 = AXIS2_PLACEMENT_3D('',#2155,#2156,#2157);
#2155 = CARTESIAN_POINT('',(-0.375,-0.6,0.));
#2156 = DIRECTION('',(-1.,1.734723475977E-16,0.));
#2157 = DIRECTION('',(-1.734723475977E-16,-1.,0.));
#2158 = ADVANCED_FACE('',(#2159),#2184,.F.);
#2159 = FACE_BOUND('',#2160,.T.);
#2160 = EDGE_LOOP('',(#2161,#2169,#2177,#2183));
#2161 = ORIENTED_EDGE('',*,*,#2162,.F.);
#2162 = EDGE_CURVE('',#2163,#2123,#2165,.T.);
#2163 = VERTEX_POINT('',#2164);
#2164 = CARTESIAN_POINT('',(-0.125,-0.6,0.));
#2165 = LINE('',#2166,#2167);
#2166 = CARTESIAN_POINT('',(-6.25E-02,-0.6,0.));
#2167 = VECTOR('',#2168,1.);
#2168 = DIRECTION('',(-1.,2.775557561563E-16,0.));
#2169 = ORIENTED_EDGE('',*,*,#2170,.T.);
#2170 = EDGE_CURVE('',#2163,#2171,#2173,.T.);
#2171 = VERTEX_POINT('',#2172);
#2172 = CARTESIAN_POINT('',(-0.125,-0.6,5.E-02));
#2173 = LINE('',#2174,#2175);
#2174 = CARTESIAN_POINT('',(-0.125,-0.6,0.));
#2175 = VECTOR('',#2176,1.);
#2176 = DIRECTION('',(0.,0.,1.));
#2177 = ORIENTED_EDGE('',*,*,#2178,.T.);
#2178 = EDGE_CURVE('',#2171,#2133,#2179,.T.);
#2179 = LINE('',#2180,#2181);
#2180 = CARTESIAN_POINT('',(-0.125,-0.6,5.E-02));
#2181 = VECTOR('',#2182,1.);
#2182 = DIRECTION('',(-1.,2.775557561563E-16,0.));
#2183 = ORIENTED_EDGE('',*,*,#2132,.F.);
#2184 = PLANE('',#2185);
#2185 = AXIS2_PLACEMENT_3D('',#2186,#2187,#2188);
#2186 = CARTESIAN_POINT('',(-0.125,-0.6,0.));
#2187 = DIRECTION('',(2.775557561563E-16,1.,0.));
#2188 = DIRECTION('',(-1.,2.775557561563E-16,0.));
#2189 = ADVANCED_FACE('',(#2190),#2215,.F.);
#2190 = FACE_BOUND('',#2191,.T.);
#2191 = EDGE_LOOP('',(#2192,#2200,#2208,#2214));
#2192 = ORIENTED_EDGE('',*,*,#2193,.F.);
#2193 = EDGE_CURVE('',#2194,#2163,#2196,.T.);
#2194 = VERTEX_POINT('',#2195);
#2195 = CARTESIAN_POINT('',(-0.125,-1.,0.));
#2196 = LINE('',#2197,#2198);
#2197 = CARTESIAN_POINT('',(-0.125,-0.5,0.));
#2198 = VECTOR('',#2199,1.);
#2199 = DIRECTION('',(1.301042606983E-16,1.,0.));
#2200 = ORIENTED_EDGE('',*,*,#2201,.F.);
#2201 = EDGE_CURVE('',#2202,#2194,#2204,.T.);
#2202 = VERTEX_POINT('',#2203);
#2203 = CARTESIAN_POINT('',(-0.125,-1.,5.E-02));
#2204 = LINE('',#2205,#2206);
#2205 = CARTESIAN_POINT('',(-0.125,-1.,0.));
#2206 = VECTOR('',#2207,1.);
#2207 = DIRECTION('',(0.,0.,-1.));
#2208 = ORIENTED_EDGE('',*,*,#2209,.T.);
#2209 = EDGE_CURVE('',#2202,#2171,#2210,.T.);
#2210 = LINE('',#2211,#2212);
#2211 = CARTESIAN_POINT('',(-0.125,-1.,5.E-02));
#2212 = VECTOR('',#2213,1.);
#2213 = DIRECTION('',(1.301042606983E-16,1.,0.));
#2214 = ORIENTED_EDGE('',*,*,#2170,.F.);
#2215 = PLANE('',#2216);
#2216 = AXIS2_PLACEMENT_3D('',#2217,#2218,#2219);
#2217 = CARTESIAN_POINT('',(-0.125,-1.,0.));
#2218 = DIRECTION('',(1.,-1.301042606983E-16,0.));
#2219 = DIRECTION('',(1.301042606983E-16,1.,0.));
#2220 = ADVANCED_FACE('',(#2221),#2232,.F.);
#2221 = FACE_BOUND('',#2222,.T.);
#2222 = EDGE_LOOP('',(#2223,#2229,#2230,#2231));
#2223 = ORIENTED_EDGE('',*,*,#2224,.F.);
#2224 = EDGE_CURVE('',#2141,#2202,#2225,.T.);
#2225 = LINE('',#2226,#2227);
#2226 = CARTESIAN_POINT('',(-0.625,-1.,5.E-02));
#2227 = VECTOR('',#2228,1.);
#2228 = DIRECTION('',(1.,0.,0.));
#2229 = ORIENTED_EDGE('',*,*,#2140,.F.);
#2230 = ORIENTED_EDGE('',*,*,#2178,.F.);
#2231 = ORIENTED_EDGE('',*,*,#2209,.F.);
#2232 = PLANE('',#2233);
#2233 = AXIS2_PLACEMENT_3D('',#2234,#2235,#2236);
#2234 = CARTESIAN_POINT('',(-0.25,-0.8,5.E-02));
#2235 = DIRECTION('',(0.,0.,1.));
#2236 = DIRECTION('',(1.,0.,-0.));
#2237 = ADVANCED_FACE('',(#2238),#2272,.F.);
#2238 = FACE_BOUND('',#2239,.T.);
#2239 = EDGE_LOOP('',(#2240,#2250,#2258,#2266));
#2240 = ORIENTED_EDGE('',*,*,#2241,.F.);
#2241 = EDGE_CURVE('',#2242,#2244,#2246,.T.);
#2242 = VERTEX_POINT('',#2243);
#2243 = CARTESIAN_POINT('',(1.,0.375,0.));
#2244 = VERTEX_POINT('',#2245);
#2245 = CARTESIAN_POINT('',(0.6,0.375,0.));
#2246 = LINE('',#2247,#2248);
#2247 = CARTESIAN_POINT('',(0.5,0.375,0.));
#2248 = VECTOR('',#2249,1.);
#2249 = DIRECTION('',(-1.,0.,0.));
#2250 = ORIENTED_EDGE('',*,*,#2251,.F.);
#2251 = EDGE_CURVE('',#2252,#2242,#2254,.T.);
#2252 = VERTEX_POINT('',#2253);
#2253 = CARTESIAN_POINT('',(1.,0.375,5.E-02));
#2254 = LINE('',#2255,#2256);
#2255 = CARTESIAN_POINT('',(1.,0.375,0.));
#2256 = VECTOR('',#2257,1.);
#2257 = DIRECTION('',(0.,0.,-1.));
#2258 = ORIENTED_EDGE('',*,*,#2259,.T.);
#2259 = EDGE_CURVE('',#2252,#2260,#2262,.T.);
#2260 = VERTEX_POINT('',#2261);
#2261 = CARTESIAN_POINT('',(0.6,0.375,5.E-02));
#2262 = LINE('',#2263,#2264);
#2263 = CARTESIAN_POINT('',(1.,0.375,5.E-02));
#2264 = VECTOR('',#2265,1.);
#2265 = DIRECTION('',(-1.,0.,0.));
#2266 = ORIENTED_EDGE('',*,*,#2267,.F.);
#2267 = EDGE_CURVE('',#2244,#2260,#2268,.T.);
#2268 = LINE('',#2269,#2270);
#2269 = CARTESIAN_POINT('',(0.6,0.375,0.));
#2270 = VECTOR('',#2271,1.);
#2271 = DIRECTION('',(0.,0.,1.));
#2272 = PLANE('',#2273);
#2273 = AXIS2_PLACEMENT_3D('',#2274,#2275,#2276);
#2274 = CARTESIAN_POINT('',(1.,0.375,0.));
#2275 = DIRECTION('',(0.,1.,0.));
#2276 = DIRECTION('',(-1.,0.,0.));
#2277 = ADVANCED_FACE('',(#2278),#2312,.F.);
#2278 = FACE_BOUND('',#2279,.T.);
#2279 = EDGE_LOOP('',(#2280,#2290,#2298,#2306));
#2280 = ORIENTED_EDGE('',*,*,#2281,.F.);
#2281 = EDGE_CURVE('',#2282,#2284,#2286,.T.);
#2282 = VERTEX_POINT('',#2283);
#2283 = CARTESIAN_POINT('',(0.6,0.125,0.));
#2284 = VERTEX_POINT('',#2285);
#2285 = CARTESIAN_POINT('',(1.,0.125,0.));
#2286 = LINE('',#2287,#2288);
#2287 = CARTESIAN_POINT('',(0.3,0.125,0.));
#2288 = VECTOR('',#2289,1.);
#2289 = DIRECTION('',(1.,0.,0.));
#2290 = ORIENTED_EDGE('',*,*,#2291,.T.);
#2291 = EDGE_CURVE('',#2282,#2292,#2294,.T.);
#2292 = VERTEX_POINT('',#2293);
#2293 = CARTESIAN_POINT('',(0.6,0.125,5.E-02));
#2294 = LINE('',#2295,#2296);
#2295 = CARTESIAN_POINT('',(0.6,0.125,0.));
#2296 = VECTOR('',#2297,1.);
#2297 = DIRECTION('',(0.,0.,1.));
#2298 = ORIENTED_EDGE('',*,*,#2299,.T.);
#2299 = EDGE_CURVE('',#2292,#2300,#2302,.T.);
#2300 = VERTEX_POINT('',#2301);
#2301 = CARTESIAN_POINT('',(1.,0.125,5.E-02));
#2302 = LINE('',#2303,#2304);
#2303 = CARTESIAN_POINT('',(0.6,0.125,5.E-02));
#2304 = VECTOR('',#2305,1.);
#2305 = DIRECTION('',(1.,0.,0.));
#2306 = ORIENTED_EDGE('',*,*,#2307,.F.);
#2307 = EDGE_CURVE('',#2284,#2300,#2308,.T.);
#2308 = LINE('',#2309,#2310);
#2309 = CARTESIAN_POINT('',(1.,0.125,0.));
#2310 = VECTOR('',#2311,1.);
#2311 = DIRECTION('',(0.,0.,1.));
#2312 = PLANE('',#2313);
#2313 = AXIS2_PLACEMENT_3D('',#2314,#2315,#2316);
#2314 = CARTESIAN_POINT('',(0.6,0.125,0.));
#2315 = DIRECTION('',(0.,-1.,0.));
#2316 = DIRECTION('',(1.,0.,0.));
#2317 = ADVANCED_FACE('',(#2318),#2334,.F.);
#2318 = FACE_BOUND('',#2319,.T.);
#2319 = EDGE_LOOP('',(#2320,#2326,#2327,#2333));
#2320 = ORIENTED_EDGE('',*,*,#2321,.F.);
#2321 = EDGE_CURVE('',#2244,#2282,#2322,.T.);
#2322 = LINE('',#2323,#2324);
#2323 = CARTESIAN_POINT('',(0.6,0.1875,0.));
#2324 = VECTOR('',#2325,1.);
#2325 = DIRECTION('',(0.,-1.,0.));
#2326 = ORIENTED_EDGE('',*,*,#2267,.T.);
#2327 = ORIENTED_EDGE('',*,*,#2328,.T.);
#2328 = EDGE_CURVE('',#2260,#2292,#2329,.T.);
#2329 = LINE('',#2330,#2331);
#2330 = CARTESIAN_POINT('',(0.6,0.375,5.E-02));
#2331 = VECTOR('',#2332,1.);
#2332 = DIRECTION('',(0.,-1.,0.));
#2333 = ORIENTED_EDGE('',*,*,#2291,.F.);
#2334 = PLANE('',#2335);
#2335 = AXIS2_PLACEMENT_3D('',#2336,#2337,#2338);
#2336 = CARTESIAN_POINT('',(0.6,0.375,0.));
#2337 = DIRECTION('',(-1.,0.,0.));
#2338 = DIRECTION('',(0.,-1.,0.));
#2339 = ADVANCED_FACE('',(#2340),#2351,.F.);
#2340 = FACE_BOUND('',#2341,.T.);
#2341 = EDGE_LOOP('',(#2342,#2343,#2344,#2350));
#2342 = ORIENTED_EDGE('',*,*,#2328,.F.);
#2343 = ORIENTED_EDGE('',*,*,#2259,.F.);
#2344 = ORIENTED_EDGE('',*,*,#2345,.F.);
#2345 = EDGE_CURVE('',#2300,#2252,#2346,.T.);
#2346 = LINE('',#2347,#2348);
#2347 = CARTESIAN_POINT('',(1.,-0.375,5.E-02));
#2348 = VECTOR('',#2349,1.);
#2349 = DIRECTION('',(-6.938893903907E-17,1.,0.));
#2350 = ORIENTED_EDGE('',*,*,#2299,.F.);
#2351 = PLANE('',#2352);
#2352 = AXIS2_PLACEMENT_3D('',#2353,#2354,#2355);
#2353 = CARTESIAN_POINT('',(0.8,0.25,5.E-02));
#2354 = DIRECTION('',(0.,0.,1.));
#2355 = DIRECTION('',(1.,0.,-0.));
#2356 = ADVANCED_FACE('',(#2357),#2391,.F.);
#2357 = FACE_BOUND('',#2358,.T.);
#2358 = EDGE_LOOP('',(#2359,#2369,#2377,#2385));
#2359 = ORIENTED_EDGE('',*,*,#2360,.F.);
#2360 = EDGE_CURVE('',#2361,#2363,#2365,.T.);
#2361 = VERTEX_POINT('',#2362);
#2362 = CARTESIAN_POINT('',(0.375,0.6,0.));
#2363 = VERTEX_POINT('',#2364);
#2364 = CARTESIAN_POINT('',(0.375,1.,0.));
#2365 = LINE('',#2366,#2367);
#2366 = CARTESIAN_POINT('',(0.375,0.3,0.));
#2367 = VECTOR('',#2368,1.);
#2368 = DIRECTION('',(0.,1.,0.));
#2369 = ORIENTED_EDGE('',*,*,#2370,.T.);
#2370 = EDGE_CURVE('',#2361,#2371,#2373,.T.);
#2371 = VERTEX_POINT('',#2372);
#2372 = CARTESIAN_POINT('',(0.375,0.6,5.E-02));
#2373 = LINE('',#2374,#2375);
#2374 = CARTESIAN_POINT('',(0.375,0.6,0.));
#2375 = VECTOR('',#2376,1.);
#2376 = DIRECTION('',(0.,0.,1.));
#2377 = ORIENTED_EDGE('',*,*,#2378,.T.);
#2378 = EDGE_CURVE('',#2371,#2379,#2381,.T.);
#2379 = VERTEX_POINT('',#2380);
#2380 = CARTESIAN_POINT('',(0.375,1.,5.E-02));
#2381 = LINE('',#2382,#2383);
#2382 = CARTESIAN_POINT('',(0.375,0.6,5.E-02));
#2383 = VECTOR('',#2384,1.);
#2384 = DIRECTION('',(0.,1.,0.));
#2385 = ORIENTED_EDGE('',*,*,#2386,.F.);
#2386 = EDGE_CURVE('',#2363,#2379,#2387,.T.);
#2387 = LINE('',#2388,#2389);
#2388 = CARTESIAN_POINT('',(0.375,1.,0.));
#2389 = VECTOR('',#2390,1.);
#2390 = DIRECTION('',(0.,0.,1.));
#2391 = PLANE('',#2392);
#2392 = AXIS2_PLACEMENT_3D('',#2393,#2394,#2395);
#2393 = CARTESIAN_POINT('',(0.375,0.6,0.));
#2394 = DIRECTION('',(1.,0.,0.));
#2395 = DIRECTION('',(-0.,1.,0.));
#2396 = ADVANCED_FACE('',(#2397),#2422,.F.);
#2397 = FACE_BOUND('',#2398,.T.);
#2398 = EDGE_LOOP('',(#2399,#2407,#2415,#2421));
#2399 = ORIENTED_EDGE('',*,*,#2400,.F.);
#2400 = EDGE_CURVE('',#2401,#2361,#2403,.T.);
#2401 = VERTEX_POINT('',#2402);
#2402 = CARTESIAN_POINT('',(0.125,0.6,0.));
#2403 = LINE('',#2404,#2405);
#2404 = CARTESIAN_POINT('',(6.25E-02,0.6,0.));
#2405 = VECTOR('',#2406,1.);
#2406 = DIRECTION('',(1.,0.,0.));
#2407 = ORIENTED_EDGE('',*,*,#2408,.T.);
#2408 = EDGE_CURVE('',#2401,#2409,#2411,.T.);
#2409 = VERTEX_POINT('',#2410);
#2410 = CARTESIAN_POINT('',(0.125,0.6,5.E-02));
#2411 = LINE('',#2412,#2413);
#2412 = CARTESIAN_POINT('',(0.125,0.6,0.));
#2413 = VECTOR('',#2414,1.);
#2414 = DIRECTION('',(0.,0.,1.));
#2415 = ORIENTED_EDGE('',*,*,#2416,.T.);
#2416 = EDGE_CURVE('',#2409,#2371,#2417,.T.);
#2417 = LINE('',#2418,#2419);
#2418 = CARTESIAN_POINT('',(0.125,0.6,5.E-02));
#2419 = VECTOR('',#2420,1.);
#2420 = DIRECTION('',(1.,0.,0.));
#2421 = ORIENTED_EDGE('',*,*,#2370,.F.);
#2422 = PLANE('',#2423);
#2423 = AXIS2_PLACEMENT_3D('',#2424,#2425,#2426);
#2424 = CARTESIAN_POINT('',(0.125,0.6,0.));
#2425 = DIRECTION('',(0.,-1.,0.));
#2426 = DIRECTION('',(1.,0.,0.));
#2427 = ADVANCED_FACE('',(#2428),#2453,.F.);
#2428 = FACE_BOUND('',#2429,.T.);
#2429 = EDGE_LOOP('',(#2430,#2438,#2446,#2452));
#2430 = ORIENTED_EDGE('',*,*,#2431,.F.);
#2431 = EDGE_CURVE('',#2432,#2401,#2434,.T.);
#2432 = VERTEX_POINT('',#2433);
#2433 = CARTESIAN_POINT('',(0.125,1.,0.));
#2434 = LINE('',#2435,#2436);
#2435 = CARTESIAN_POINT('',(0.125,0.5,0.));
#2436 = VECTOR('',#2437,1.);
#2437 = DIRECTION('',(0.,-1.,0.));
#2438 = ORIENTED_EDGE('',*,*,#2439,.F.);
#2439 = EDGE_CURVE('',#2440,#2432,#2442,.T.);
#2440 = VERTEX_POINT('',#2441);
#2441 = CARTESIAN_POINT('',(0.125,1.,5.E-02));
#2442 = LINE('',#2443,#2444);
#2443 = CARTESIAN_POINT('',(0.125,1.,0.));
#2444 = VECTOR('',#2445,1.);
#2445 = DIRECTION('',(0.,0.,-1.));
#2446 = ORIENTED_EDGE('',*,*,#2447,.T.);
#2447 = EDGE_CURVE('',#2440,#2409,#2448,.T.);
#2448 = LINE('',#2449,#2450);
#2449 = CARTESIAN_POINT('',(0.125,1.,5.E-02));
#2450 = VECTOR('',#2451,1.);
#2451 = DIRECTION('',(0.,-1.,0.));
#2452 = ORIENTED_EDGE('',*,*,#2408,.F.);
#2453 = PLANE('',#2454);
#2454 = AXIS2_PLACEMENT_3D('',#2455,#2456,#2457);
#2455 = CARTESIAN_POINT('',(0.125,1.,0.));
#2456 = DIRECTION('',(-1.,0.,0.));
#2457 = DIRECTION('',(0.,-1.,0.));
#2458 = ADVANCED_FACE('',(#2459),#2470,.F.);
#2459 = FACE_BOUND('',#2460,.T.);
#2460 = EDGE_LOOP('',(#2461,#2462,#2468,#2469));
#2461 = ORIENTED_EDGE('',*,*,#2447,.F.);
#2462 = ORIENTED_EDGE('',*,*,#2463,.F.);
#2463 = EDGE_CURVE('',#2379,#2440,#2464,.T.);
#2464 = LINE('',#2465,#2466);
#2465 = CARTESIAN_POINT('',(0.625,1.,5.E-02));
#2466 = VECTOR('',#2467,1.);
#2467 = DIRECTION('',(-1.,-1.387778780781E-16,0.));
#2468 = ORIENTED_EDGE('',*,*,#2378,.F.);
#2469 = ORIENTED_EDGE('',*,*,#2416,.F.);
#2470 = PLANE('',#2471);
#2471 = AXIS2_PLACEMENT_3D('',#2472,#2473,#2474);
#2472 = CARTESIAN_POINT('',(0.25,0.8,5.E-02));
#2473 = DIRECTION('',(0.,0.,1.));
#2474 = DIRECTION('',(1.,0.,-0.));
#2475 = ADVANCED_FACE('',(#2476),#2510,.F.);
#2476 = FACE_BOUND('',#2477,.T.);
#2477 = EDGE_LOOP('',(#2478,#2488,#2496,#2504));
#2478 = ORIENTED_EDGE('',*,*,#2479,.F.);
#2479 = EDGE_CURVE('',#2480,#2482,#2484,.T.);
#2480 = VERTEX_POINT('',#2481);
#2481 = CARTESIAN_POINT('',(-0.6,0.375,0.));
#2482 = VERTEX_POINT('',#2483);
#2483 = CARTESIAN_POINT('',(-1.,0.375,0.));
#2484 = LINE('',#2485,#2486);
#2485 = CARTESIAN_POINT('',(-0.3,0.375,0.));
#2486 = VECTOR('',#2487,1.);
#2487 = DIRECTION('',(-1.,1.734723475977E-16,0.));
#2488 = ORIENTED_EDGE('',*,*,#2489,.T.);
#2489 = EDGE_CURVE('',#2480,#2490,#2492,.T.);
#2490 = VERTEX_POINT('',#2491);
#2491 = CARTESIAN_POINT('',(-0.6,0.375,5.E-02));
#2492 = LINE('',#2493,#2494);
#2493 = CARTESIAN_POINT('',(-0.6,0.375,0.));
#2494 = VECTOR('',#2495,1.);
#2495 = DIRECTION('',(0.,0.,1.));
#2496 = ORIENTED_EDGE('',*,*,#2497,.T.);
#2497 = EDGE_CURVE('',#2490,#2498,#2500,.T.);
#2498 = VERTEX_POINT('',#2499);
#2499 = CARTESIAN_POINT('',(-1.,0.375,5.E-02));
#2500 = LINE('',#2501,#2502);
#2501 = CARTESIAN_POINT('',(-0.6,0.375,5.E-02));
#2502 = VECTOR('',#2503,1.);
#2503 = DIRECTION('',(-1.,1.734723475977E-16,0.));
#2504 = ORIENTED_EDGE('',*,*,#2505,.F.);
#2505 = EDGE_CURVE('',#2482,#2498,#2506,.T.);
#2506 = LINE('',#2507,#2508);
#2507 = CARTESIAN_POINT('',(-1.,0.375,0.));
#2508 = VECTOR('',#2509,1.);
#2509 = DIRECTION('',(0.,0.,1.));
#2510 = PLANE('',#2511);
#2511 = AXIS2_PLACEMENT_3D('',#2512,#2513,#2514);
#2512 = CARTESIAN_POINT('',(-0.6,0.375,0.));
#2513 = DIRECTION('',(1.734723475977E-16,1.,0.));
#2514 = DIRECTION('',(-1.,1.734723475977E-16,0.));
#2515 = ADVANCED_FACE('',(#2516),#2541,.F.);
#2516 = FACE_BOUND('',#2517,.T.);
#2517 = EDGE_LOOP('',(#2518,#2526,#2534,#2540));
#2518 = ORIENTED_EDGE('',*,*,#2519,.F.);
#2519 = EDGE_CURVE('',#2520,#2480,#2522,.T.);
#2520 = VERTEX_POINT('',#2521);
#2521 = CARTESIAN_POINT('',(-0.6,0.125,0.));
#2522 = LINE('',#2523,#2524);
#2523 = CARTESIAN_POINT('',(-0.6,6.25E-02,0.));
#2524 = VECTOR('',#2525,1.);
#2525 = DIRECTION('',(2.775557561563E-16,1.,0.));
#2526 = ORIENTED_EDGE('',*,*,#2527,.T.);
#2527 = EDGE_CURVE('',#2520,#2528,#2530,.T.);
#2528 = VERTEX_POINT('',#2529);
#2529 = CARTESIAN_POINT('',(-0.6,0.125,5.E-02));
#2530 = LINE('',#2531,#2532);
#2531 = CARTESIAN_POINT('',(-0.6,0.125,0.));
#2532 = VECTOR('',#2533,1.);
#2533 = DIRECTION('',(0.,0.,1.));
#2534 = ORIENTED_EDGE('',*,*,#2535,.T.);
#2535 = EDGE_CURVE('',#2528,#2490,#2536,.T.);
#2536 = LINE('',#2537,#2538);
#2537 = CARTESIAN_POINT('',(-0.6,0.125,5.E-02));
#2538 = VECTOR('',#2539,1.);
#2539 = DIRECTION('',(2.775557561563E-16,1.,0.));
#2540 = ORIENTED_EDGE('',*,*,#2489,.F.);
#2541 = PLANE('',#2542);
#2542 = AXIS2_PLACEMENT_3D('',#2543,#2544,#2545);
#2543 = CARTESIAN_POINT('',(-0.6,0.125,0.));
#2544 = DIRECTION('',(1.,-2.775557561563E-16,0.));
#2545 = DIRECTION('',(2.775557561563E-16,1.,0.));
#2546 = ADVANCED_FACE('',(#2547),#2572,.F.);
#2547 = FACE_BOUND('',#2548,.T.);
#2548 = EDGE_LOOP('',(#2549,#2557,#2565,#2571));
#2549 = ORIENTED_EDGE('',*,*,#2550,.F.);
#2550 = EDGE_CURVE('',#2551,#2520,#2553,.T.);
#2551 = VERTEX_POINT('',#2552);
#2552 = CARTESIAN_POINT('',(-1.,0.125,0.));
#2553 = LINE('',#2554,#2555);
#2554 = CARTESIAN_POINT('',(-0.5,0.125,0.));
#2555 = VECTOR('',#2556,1.);
#2556 = DIRECTION('',(1.,-1.301042606983E-16,0.));
#2557 = ORIENTED_EDGE('',*,*,#2558,.F.);
#2558 = EDGE_CURVE('',#2559,#2551,#2561,.T.);
#2559 = VERTEX_POINT('',#2560);
#2560 = CARTESIAN_POINT('',(-1.,0.125,5.E-02));
#2561 = LINE('',#2562,#2563);
#2562 = CARTESIAN_POINT('',(-1.,0.125,0.));
#2563 = VECTOR('',#2564,1.);
#2564 = DIRECTION('',(0.,0.,-1.));
#2565 = ORIENTED_EDGE('',*,*,#2566,.T.);
#2566 = EDGE_CURVE('',#2559,#2528,#2567,.T.);
#2567 = LINE('',#2568,#2569);
#2568 = CARTESIAN_POINT('',(-1.,0.125,5.E-02));
#2569 = VECTOR('',#2570,1.);
#2570 = DIRECTION('',(1.,-1.301042606983E-16,0.));
#2571 = ORIENTED_EDGE('',*,*,#2527,.F.);
#2572 = PLANE('',#2573);
#2573 = AXIS2_PLACEMENT_3D('',#2574,#2575,#2576);
#2574 = CARTESIAN_POINT('',(-1.,0.125,0.));
#2575 = DIRECTION('',(-1.301042606983E-16,-1.,0.));
#2576 = DIRECTION('',(1.,-1.301042606983E-16,0.));
#2577 = ADVANCED_FACE('',(#2578),#2589,.F.);
#2578 = FACE_BOUND('',#2579,.T.);
#2579 = EDGE_LOOP('',(#2580,#2586,#2587,#2588));
#2580 = ORIENTED_EDGE('',*,*,#2581,.F.);
#2581 = EDGE_CURVE('',#2498,#2559,#2582,.T.);
#2582 = LINE('',#2583,#2584);
#2583 = CARTESIAN_POINT('',(-1.,0.625,5.E-02));
#2584 = VECTOR('',#2585,1.);
#2585 = DIRECTION('',(3.469446951954E-16,-1.,0.));
#2586 = ORIENTED_EDGE('',*,*,#2497,.F.);
#2587 = ORIENTED_EDGE('',*,*,#2535,.F.);
#2588 = ORIENTED_EDGE('',*,*,#2566,.F.);
#2589 = PLANE('',#2590);
#2590 = AXIS2_PLACEMENT_3D('',#2591,#2592,#2593);
#2591 = CARTESIAN_POINT('',(-0.8,0.25,5.E-02));
#2592 = DIRECTION('',(0.,0.,1.));
#2593 = DIRECTION('',(1.,0.,-0.));
#2594 = ADVANCED_FACE('',(#2595),#2665,.T.);
#2595 = FACE_BOUND('',#2596,.T.);
#2596 = EDGE_LOOP('',(#2597,#2598,#2599,#2600,#2606,#2607,#2608,#2609,
    #2615,#2616,#2617,#2618,#2626,#2634,#2642,#2650,#2656,#2657,#2658,
    #2659));
#2597 = ORIENTED_EDGE('',*,*,#1355,.T.);
#2598 = ORIENTED_EDGE('',*,*,#1393,.T.);
#2599 = ORIENTED_EDGE('',*,*,#1299,.T.);
#2600 = ORIENTED_EDGE('',*,*,#2601,.T.);
#2601 = EDGE_CURVE('',#1290,#2284,#2602,.T.);
#2602 = LINE('',#2603,#2604);
#2603 = CARTESIAN_POINT('',(1.,-1.,0.));
#2604 = VECTOR('',#2605,1.);
#2605 = DIRECTION('',(-6.938893903907E-17,1.,0.));
#2606 = ORIENTED_EDGE('',*,*,#2307,.T.);
#2607 = ORIENTED_EDGE('',*,*,#2345,.T.);
#2608 = ORIENTED_EDGE('',*,*,#2251,.T.);
#2609 = ORIENTED_EDGE('',*,*,#2610,.T.);
#2610 = EDGE_CURVE('',#2242,#1411,#2611,.T.);
#2611 = LINE('',#2612,#2613);
#2612 = CARTESIAN_POINT('',(1.,-1.,0.));
#2613 = VECTOR('',#2614,1.);
#2614 = DIRECTION('',(-6.938893903907E-17,1.,0.));
#2615 = ORIENTED_EDGE('',*,*,#1434,.T.);
#2616 = ORIENTED_EDGE('',*,*,#1511,.T.);
#2617 = ORIENTED_EDGE('',*,*,#1487,.T.);
#2618 = ORIENTED_EDGE('',*,*,#2619,.T.);
#2619 = EDGE_CURVE('',#1480,#2620,#2622,.T.);
#2620 = VERTEX_POINT('',#2621);
#2621 = CARTESIAN_POINT('',(1.,0.98,0.));
#2622 = LINE('',#2623,#2624);
#2623 = CARTESIAN_POINT('',(1.,-1.,0.));
#2624 = VECTOR('',#2625,1.);
#2625 = DIRECTION('',(-6.938893903907E-17,1.,0.));
#2626 = ORIENTED_EDGE('',*,*,#2627,.F.);
#2627 = EDGE_CURVE('',#2628,#2620,#2630,.T.);
#2628 = VERTEX_POINT('',#2629);
#2629 = CARTESIAN_POINT('',(1.,0.98,0.2));
#2630 = LINE('',#2631,#2632);
#2631 = CARTESIAN_POINT('',(1.,0.98,0.));
#2632 = VECTOR('',#2633,1.);
#2633 = DIRECTION('',(0.,0.,-1.));
#2634 = ORIENTED_EDGE('',*,*,#2635,.F.);
#2635 = EDGE_CURVE('',#2636,#2628,#2638,.T.);
#2636 = VERTEX_POINT('',#2637);
#2637 = CARTESIAN_POINT('',(1.,-0.98,0.2));
#2638 = LINE('',#2639,#2640);
#2639 = CARTESIAN_POINT('',(1.,-1.,0.2));
#2640 = VECTOR('',#2641,1.);
#2641 = DIRECTION('',(-6.938893903907E-17,1.,0.));
#2642 = ORIENTED_EDGE('',*,*,#2643,.F.);
#2643 = EDGE_CURVE('',#2644,#2636,#2646,.T.);
#2644 = VERTEX_POINT('',#2645);
#2645 = CARTESIAN_POINT('',(1.,-0.98,0.));
#2646 = LINE('',#2647,#2648);
#2647 = CARTESIAN_POINT('',(1.,-0.98,0.));
#2648 = VECTOR('',#2649,1.);
#2649 = DIRECTION('',(0.,0.,1.));
#2650 = ORIENTED_EDGE('',*,*,#2651,.T.);
#2651 = EDGE_CURVE('',#2644,#1837,#2652,.T.);
#2652 = LINE('',#2653,#2654);
#2653 = CARTESIAN_POINT('',(1.,-1.,0.));
#2654 = VECTOR('',#2655,1.);
#2655 = DIRECTION('',(-6.938893903907E-17,1.,0.));
#2656 = ORIENTED_EDGE('',*,*,#1853,.T.);
#2657 = ORIENTED_EDGE('',*,*,#1870,.T.);
#2658 = ORIENTED_EDGE('',*,*,#1813,.T.);
#2659 = ORIENTED_EDGE('',*,*,#2660,.T.);
#2660 = EDGE_CURVE('',#1806,#1332,#2661,.T.);
#2661 = LINE('',#2662,#2663);
#2662 = CARTESIAN_POINT('',(1.,-1.,0.));
#2663 = VECTOR('',#2664,1.);
#2664 = DIRECTION('',(-6.938893903907E-17,1.,0.));
#2665 = PLANE('',#2666);
#2666 = AXIS2_PLACEMENT_3D('',#2667,#2668,#2669);
#2667 = CARTESIAN_POINT('',(1.,-1.,0.));
#2668 = DIRECTION('',(1.,6.938893903907E-17,0.));
#2669 = DIRECTION('',(-6.938893903907E-17,1.,0.));
#2670 = ADVANCED_FACE('',(#2671),#2741,.T.);
#2671 = FACE_BOUND('',#2672,.T.);
#2672 = EDGE_LOOP('',(#2673,#2674,#2675,#2676,#2682,#2683,#2684,#2685,
    #2691,#2692,#2693,#2694,#2700,#2701,#2702,#2703,#2711,#2719,#2727,
    #2735));
#2673 = ORIENTED_EDGE('',*,*,#1235,.T.);
#2674 = ORIENTED_EDGE('',*,*,#1273,.T.);
#2675 = ORIENTED_EDGE('',*,*,#1187,.T.);
#2676 = ORIENTED_EDGE('',*,*,#2677,.T.);
#2677 = EDGE_CURVE('',#1180,#2482,#2678,.T.);
#2678 = LINE('',#2679,#2680);
#2679 = CARTESIAN_POINT('',(-1.,1.,0.));
#2680 = VECTOR('',#2681,1.);
#2681 = DIRECTION('',(3.469446951954E-16,-1.,0.));
#2682 = ORIENTED_EDGE('',*,*,#2505,.T.);
#2683 = ORIENTED_EDGE('',*,*,#2581,.T.);
#2684 = ORIENTED_EDGE('',*,*,#2558,.T.);
#2685 = ORIENTED_EDGE('',*,*,#2686,.T.);
#2686 = EDGE_CURVE('',#2551,#1649,#2687,.T.);
#2687 = LINE('',#2688,#2689);
#2688 = CARTESIAN_POINT('',(-1.,1.,0.));
#2689 = VECTOR('',#2690,1.);
#2690 = DIRECTION('',(3.469446951954E-16,-1.,0.));
#2691 = ORIENTED_EDGE('',*,*,#1672,.T.);
#2692 = ORIENTED_EDGE('',*,*,#1748,.T.);
#2693 = ORIENTED_EDGE('',*,*,#1725,.T.);
#2694 = ORIENTED_EDGE('',*,*,#2695,.T.);
#2695 = EDGE_CURVE('',#1718,#1887,#2696,.T.);
#2696 = LINE('',#2697,#2698);
#2697 = CARTESIAN_POINT('',(-1.,1.,0.));
#2698 = VECTOR('',#2699,1.);
#2699 = DIRECTION('',(3.469446951954E-16,-1.,0.));
#2700 = ORIENTED_EDGE('',*,*,#1910,.T.);
#2701 = ORIENTED_EDGE('',*,*,#1986,.T.);
#2702 = ORIENTED_EDGE('',*,*,#1963,.T.);
#2703 = ORIENTED_EDGE('',*,*,#2704,.T.);
#2704 = EDGE_CURVE('',#1956,#2705,#2707,.T.);
#2705 = VERTEX_POINT('',#2706);
#2706 = CARTESIAN_POINT('',(-1.,-0.98,0.));
#2707 = LINE('',#2708,#2709);
#2708 = CARTESIAN_POINT('',(-1.,1.,0.));
#2709 = VECTOR('',#2710,1.);
#2710 = DIRECTION('',(3.469446951954E-16,-1.,0.));
#2711 = ORIENTED_EDGE('',*,*,#2712,.F.);
#2712 = EDGE_CURVE('',#2713,#2705,#2715,.T.);
#2713 = VERTEX_POINT('',#2714);
#2714 = CARTESIAN_POINT('',(-1.,-0.98,0.2));
#2715 = LINE('',#2716,#2717);
#2716 = CARTESIAN_POINT('',(-1.,-0.98,0.));
#2717 = VECTOR('',#2718,1.);
#2718 = DIRECTION('',(0.,0.,-1.));
#2719 = ORIENTED_EDGE('',*,*,#2720,.F.);
#2720 = EDGE_CURVE('',#2721,#2713,#2723,.T.);
#2721 = VERTEX_POINT('',#2722);
#2722 = CARTESIAN_POINT('',(-1.,0.98,0.2));
#2723 = LINE('',#2724,#2725);
#2724 = CARTESIAN_POINT('',(-1.,1.,0.2));
#2725 = VECTOR('',#2726,1.);
#2726 = DIRECTION('',(3.469446951954E-16,-1.,0.));
#2727 = ORIENTED_EDGE('',*,*,#2728,.F.);
#2728 = EDGE_CURVE('',#2729,#2721,#2731,.T.);
#2729 = VERTEX_POINT('',#2730);
#2730 = CARTESIAN_POINT('',(-1.,0.98,0.));
#2731 = LINE('',#2732,#2733);
#2732 = CARTESIAN_POINT('',(-1.,0.98,0.));
#2733 = VECTOR('',#2734,1.);
#2734 = DIRECTION('',(0.,0.,1.));
#2735 = ORIENTED_EDGE('',*,*,#2736,.T.);
#2736 = EDGE_CURVE('',#2729,#1212,#2737,.T.);
#2737 = LINE('',#2738,#2739);
#2738 = CARTESIAN_POINT('',(-1.,1.,0.));
#2739 = VECTOR('',#2740,1.);
#2740 = DIRECTION('',(3.469446951954E-16,-1.,0.));
#2741 = PLANE('',#2742);
#2742 = AXIS2_PLACEMENT_3D('',#2743,#2744,#2745);
#2743 = CARTESIAN_POINT('',(-1.,1.,0.));
#2744 = DIRECTION('',(-1.,-3.469446951954E-16,0.));
#2745 = DIRECTION('',(3.469446951954E-16,-1.,0.));
#2746 = ADVANCED_FACE('',(#2747),#2774,.T.);
#2747 = FACE_BOUND('',#2748,.T.);
#2748 = EDGE_LOOP('',(#2749,#2758,#2766,#2773));
#2749 = ORIENTED_EDGE('',*,*,#2750,.T.);
#2750 = EDGE_CURVE('',#2721,#2751,#2753,.T.);
#2751 = VERTEX_POINT('',#2752);
#2752 = CARTESIAN_POINT('',(-0.98,1.,0.2));
#2753 = CIRCLE('',#2754,2.E-02);
#2754 = AXIS2_PLACEMENT_3D('',#2755,#2756,#2757);
#2755 = CARTESIAN_POINT('',(-0.98,0.98,0.2));
#2756 = DIRECTION('',(0.,0.,-1.));
#2757 = DIRECTION('',(-0.707106781187,0.707106781187,0.));
#2758 = ORIENTED_EDGE('',*,*,#2759,.T.);
#2759 = EDGE_CURVE('',#2751,#2760,#2762,.T.);
#2760 = VERTEX_POINT('',#2761);
#2761 = CARTESIAN_POINT('',(-0.98,1.,0.));
#2762 = LINE('',#2763,#2764);
#2763 = CARTESIAN_POINT('',(-0.98,1.,0.));
#2764 = VECTOR('',#2765,1.);
#2765 = DIRECTION('',(0.,0.,-1.));
#2766 = ORIENTED_EDGE('',*,*,#2767,.T.);
#2767 = EDGE_CURVE('',#2760,#2729,#2768,.T.);
#2768 = CIRCLE('',#2769,2.E-02);
#2769 = AXIS2_PLACEMENT_3D('',#2770,#2771,#2772);
#2770 = CARTESIAN_POINT('',(-0.98,0.98,0.));
#2771 = DIRECTION('',(0.,0.,1.));
#2772 = DIRECTION('',(-0.707106781187,0.707106781187,0.));
#2773 = ORIENTED_EDGE('',*,*,#2728,.T.);
#2774 = CYLINDRICAL_SURFACE('',#2775,2.E-02);
#2775 = AXIS2_PLACEMENT_3D('',#2776,#2777,#2778);
#2776 = CARTESIAN_POINT('',(-0.98,0.98,0.));
#2777 = DIRECTION('',(0.,0.,1.));
#2778 = DIRECTION('',(-0.707106781187,0.707106781187,0.));
#2779 = ADVANCED_FACE('',(#2780),#2893,.F.);
#2780 = FACE_BOUND('',#2781,.T.);
#2781 = EDGE_LOOP('',(#2782,#2783,#2784,#2785,#2791,#2792,#2793,#2794,
    #2800,#2801,#2802,#2803,#2811,#2818,#2819,#2820,#2821,#2822,#2823,
    #2824,#2825,#2826,#2827,#2828,#2829,#2830,#2831,#2832,#2833,#2834,
    #2835,#2844,#2850,#2851,#2852,#2853,#2859,#2860,#2861,#2862,#2870,
    #2877,#2878,#2879,#2880,#2881,#2882,#2883,#2884,#2885,#2886,#2887,
    #2888,#2889,#2890,#2891,#2892));
#2782 = ORIENTED_EDGE('',*,*,#1209,.T.);
#2783 = ORIENTED_EDGE('',*,*,#2736,.F.);
#2784 = ORIENTED_EDGE('',*,*,#2767,.F.);
#2785 = ORIENTED_EDGE('',*,*,#2786,.F.);
#2786 = EDGE_CURVE('',#1599,#2760,#2787,.T.);
#2787 = LINE('',#2788,#2789);
#2788 = CARTESIAN_POINT('',(1.,1.,0.));
#2789 = VECTOR('',#2790,1.);
#2790 = DIRECTION('',(-1.,-1.387778780781E-16,0.));
#2791 = ORIENTED_EDGE('',*,*,#1598,.T.);
#2792 = ORIENTED_EDGE('',*,*,#1567,.T.);
#2793 = ORIENTED_EDGE('',*,*,#1527,.T.);
#2794 = ORIENTED_EDGE('',*,*,#2795,.F.);
#2795 = EDGE_CURVE('',#2432,#1530,#2796,.T.);
#2796 = LINE('',#2797,#2798);
#2797 = CARTESIAN_POINT('',(1.,1.,0.));
#2798 = VECTOR('',#2799,1.);
#2799 = DIRECTION('',(-1.,-1.387778780781E-16,0.));
#2800 = ORIENTED_EDGE('',*,*,#2431,.T.);
#2801 = ORIENTED_EDGE('',*,*,#2400,.T.);
#2802 = ORIENTED_EDGE('',*,*,#2360,.T.);
#2803 = ORIENTED_EDGE('',*,*,#2804,.F.);
#2804 = EDGE_CURVE('',#2805,#2363,#2807,.T.);
#2805 = VERTEX_POINT('',#2806);
#2806 = CARTESIAN_POINT('',(0.98,1.,0.));
#2807 = LINE('',#2808,#2809);
#2808 = CARTESIAN_POINT('',(1.,1.,0.));
#2809 = VECTOR('',#2810,1.);
#2810 = DIRECTION('',(-1.,-1.387778780781E-16,0.));
#2811 = ORIENTED_EDGE('',*,*,#2812,.F.);
#2812 = EDGE_CURVE('',#2620,#2805,#2813,.T.);
#2813 = CIRCLE('',#2814,2.E-02);
#2814 = AXIS2_PLACEMENT_3D('',#2815,#2816,#2817);
#2815 = CARTESIAN_POINT('',(0.98,0.98,0.));
#2816 = DIRECTION('',(0.,0.,1.));
#2817 = DIRECTION('',(0.707106781187,0.707106781187,-0.));
#2818 = ORIENTED_EDGE('',*,*,#2619,.F.);
#2819 = ORIENTED_EDGE('',*,*,#1479,.T.);
#2820 = ORIENTED_EDGE('',*,*,#1448,.T.);
#2821 = ORIENTED_EDGE('',*,*,#1408,.T.);
#2822 = ORIENTED_EDGE('',*,*,#2610,.F.);
#2823 = ORIENTED_EDGE('',*,*,#2241,.T.);
#2824 = ORIENTED_EDGE('',*,*,#2321,.T.);
#2825 = ORIENTED_EDGE('',*,*,#2281,.T.);
#2826 = ORIENTED_EDGE('',*,*,#2601,.F.);
#2827 = ORIENTED_EDGE('',*,*,#1289,.T.);
#2828 = ORIENTED_EDGE('',*,*,#1369,.T.);
#2829 = ORIENTED_EDGE('',*,*,#1329,.T.);
#2830 = ORIENTED_EDGE('',*,*,#2660,.F.);
#2831 = ORIENTED_EDGE('',*,*,#1805,.T.);
#2832 = ORIENTED_EDGE('',*,*,#1765,.T.);
#2833 = ORIENTED_EDGE('',*,*,#1836,.T.);
#2834 = ORIENTED_EDGE('',*,*,#2651,.F.);
#2835 = ORIENTED_EDGE('',*,*,#2836,.F.);
#2836 = EDGE_CURVE('',#2837,#2644,#2839,.T.);
#2837 = VERTEX_POINT('',#2838);
#2838 = CARTESIAN_POINT('',(0.98,-1.,0.));
#2839 = CIRCLE('',#2840,2.E-02);
#2840 = AXIS2_PLACEMENT_3D('',#2841,#2842,#2843);
#2841 = CARTESIAN_POINT('',(0.98,-0.98,0.));
#2842 = DIRECTION('',(0.,0.,1.));
#2843 = DIRECTION('',(0.707106781187,-0.707106781187,0.));
#2844 = ORIENTED_EDGE('',*,*,#2845,.F.);
#2845 = EDGE_CURVE('',#2075,#2837,#2846,.T.);
#2846 = LINE('',#2847,#2848);
#2847 = CARTESIAN_POINT('',(-1.,-1.,0.));
#2848 = VECTOR('',#2849,1.);
#2849 = DIRECTION('',(1.,0.,0.));
#2850 = ORIENTED_EDGE('',*,*,#2074,.T.);
#2851 = ORIENTED_EDGE('',*,*,#2043,.T.);
#2852 = ORIENTED_EDGE('',*,*,#2003,.T.);
#2853 = ORIENTED_EDGE('',*,*,#2854,.F.);
#2854 = EDGE_CURVE('',#2194,#2006,#2855,.T.);
#2855 = LINE('',#2856,#2857);
#2856 = CARTESIAN_POINT('',(-1.,-1.,0.));
#2857 = VECTOR('',#2858,1.);
#2858 = DIRECTION('',(1.,0.,0.));
#2859 = ORIENTED_EDGE('',*,*,#2193,.T.);
#2860 = ORIENTED_EDGE('',*,*,#2162,.T.);
#2861 = ORIENTED_EDGE('',*,*,#2122,.T.);
#2862 = ORIENTED_EDGE('',*,*,#2863,.F.);
#2863 = EDGE_CURVE('',#2864,#2125,#2866,.T.);
#2864 = VERTEX_POINT('',#2865);
#2865 = CARTESIAN_POINT('',(-0.98,-1.,0.));
#2866 = LINE('',#2867,#2868);
#2867 = CARTESIAN_POINT('',(-1.,-1.,0.));
#2868 = VECTOR('',#2869,1.);
#2869 = DIRECTION('',(1.,0.,0.));
#2870 = ORIENTED_EDGE('',*,*,#2871,.F.);
#2871 = EDGE_CURVE('',#2705,#2864,#2872,.T.);
#2872 = CIRCLE('',#2873,2.E-02);
#2873 = AXIS2_PLACEMENT_3D('',#2874,#2875,#2876);
#2874 = CARTESIAN_POINT('',(-0.98,-0.98,0.));
#2875 = DIRECTION('',(0.,0.,1.));
#2876 = DIRECTION('',(-0.707106781187,-0.707106781187,0.));
#2877 = ORIENTED_EDGE('',*,*,#2704,.F.);
#2878 = ORIENTED_EDGE('',*,*,#1955,.T.);
#2879 = ORIENTED_EDGE('',*,*,#1924,.T.);
#2880 = ORIENTED_EDGE('',*,*,#1884,.T.);
#2881 = ORIENTED_EDGE('',*,*,#2695,.F.);
#2882 = ORIENTED_EDGE('',*,*,#1717,.T.);
#2883 = ORIENTED_EDGE('',*,*,#1686,.T.);
#2884 = ORIENTED_EDGE('',*,*,#1646,.T.);
#2885 = ORIENTED_EDGE('',*,*,#2686,.F.);
#2886 = ORIENTED_EDGE('',*,*,#2550,.T.);
#2887 = ORIENTED_EDGE('',*,*,#2519,.T.);
#2888 = ORIENTED_EDGE('',*,*,#2479,.T.);
#2889 = ORIENTED_EDGE('',*,*,#2677,.F.);
#2890 = ORIENTED_EDGE('',*,*,#1179,.T.);
#2891 = ORIENTED_EDGE('',*,*,#1156,.F.);
#2892 = ORIENTED_EDGE('',*,*,#1257,.T.);
#2893 = PLANE('',#2894);
#2894 = AXIS2_PLACEMENT_3D('',#2895,#2896,#2897);
#2895 = CARTESIAN_POINT('',(-1.387778780781E-16,2.775557561563E-16,0.));
#2896 = DIRECTION('',(0.,0.,1.));
#2897 = DIRECTION('',(1.,0.,-0.));
#2898 = ADVANCED_FACE('',(#2899),#2918,.T.);
#2899 = FACE_BOUND('',#2900,.T.);
#2900 = EDGE_LOOP('',(#2901,#2910,#2911,#2912));
#2901 = ORIENTED_EDGE('',*,*,#2902,.T.);
#2902 = EDGE_CURVE('',#2903,#2713,#2905,.T.);
#2903 = VERTEX_POINT('',#2904);
#2904 = CARTESIAN_POINT('',(-0.98,-1.,0.2));
#2905 = CIRCLE('',#2906,2.E-02);
#2906 = AXIS2_PLACEMENT_3D('',#2907,#2908,#2909);
#2907 = CARTESIAN_POINT('',(-0.98,-0.98,0.2));
#2908 = DIRECTION('',(0.,0.,-1.));
#2909 = DIRECTION('',(-0.707106781187,-0.707106781187,-0.));
#2910 = ORIENTED_EDGE('',*,*,#2712,.T.);
#2911 = ORIENTED_EDGE('',*,*,#2871,.T.);
#2912 = ORIENTED_EDGE('',*,*,#2913,.T.);
#2913 = EDGE_CURVE('',#2864,#2903,#2914,.T.);
#2914 = LINE('',#2915,#2916);
#2915 = CARTESIAN_POINT('',(-0.98,-1.,0.));
#2916 = VECTOR('',#2917,1.);
#2917 = DIRECTION('',(0.,0.,1.));
#2918 = CYLINDRICAL_SURFACE('',#2919,2.E-02);
#2919 = AXIS2_PLACEMENT_3D('',#2920,#2921,#2922);
#2920 = CARTESIAN_POINT('',(-0.98,-0.98,0.));
#2921 = DIRECTION('',(0.,0.,1.));
#2922 = DIRECTION('',(-0.707106781187,-0.707106781187,0.));
#2923 = ADVANCED_FACE('',(#2924),#2950,.T.);
#2924 = FACE_BOUND('',#2925,.T.);
#2925 = EDGE_LOOP('',(#2926,#2927,#2928,#2936,#2942,#2943,#2944,#2945,
    #2946,#2947,#2948,#2949));
#2926 = ORIENTED_EDGE('',*,*,#2082,.T.);
#2927 = ORIENTED_EDGE('',*,*,#2845,.T.);
#2928 = ORIENTED_EDGE('',*,*,#2929,.F.);
#2929 = EDGE_CURVE('',#2930,#2837,#2932,.T.);
#2930 = VERTEX_POINT('',#2931);
#2931 = CARTESIAN_POINT('',(0.98,-1.,0.2));
#2932 = LINE('',#2933,#2934);
#2933 = CARTESIAN_POINT('',(0.98,-1.,0.));
#2934 = VECTOR('',#2935,1.);
#2935 = DIRECTION('',(0.,0.,-1.));
#2936 = ORIENTED_EDGE('',*,*,#2937,.F.);
#2937 = EDGE_CURVE('',#2903,#2930,#2938,.T.);
#2938 = LINE('',#2939,#2940);
#2939 = CARTESIAN_POINT('',(-1.,-1.,0.2));
#2940 = VECTOR('',#2941,1.);
#2941 = DIRECTION('',(1.,0.,0.));
#2942 = ORIENTED_EDGE('',*,*,#2913,.F.);
#2943 = ORIENTED_EDGE('',*,*,#2863,.T.);
#2944 = ORIENTED_EDGE('',*,*,#2148,.T.);
#2945 = ORIENTED_EDGE('',*,*,#2224,.T.);
#2946 = ORIENTED_EDGE('',*,*,#2201,.T.);
#2947 = ORIENTED_EDGE('',*,*,#2854,.T.);
#2948 = ORIENTED_EDGE('',*,*,#2029,.T.);
#2949 = ORIENTED_EDGE('',*,*,#2105,.T.);
#2950 = PLANE('',#2951);
#2951 = AXIS2_PLACEMENT_3D('',#2952,#2953,#2954);
#2952 = CARTESIAN_POINT('',(-1.,-1.,0.));
#2953 = DIRECTION('',(0.,-1.,0.));
#2954 = DIRECTION('',(1.,0.,0.));
#2955 = ADVANCED_FACE('',(#2956),#2968,.T.);
#2956 = FACE_BOUND('',#2957,.T.);
#2957 = EDGE_LOOP('',(#2958,#2965,#2966,#2967));
#2958 = ORIENTED_EDGE('',*,*,#2959,.T.);
#2959 = EDGE_CURVE('',#2636,#2930,#2960,.T.);
#2960 = CIRCLE('',#2961,2.E-02);
#2961 = AXIS2_PLACEMENT_3D('',#2962,#2963,#2964);
#2962 = CARTESIAN_POINT('',(0.98,-0.98,0.2));
#2963 = DIRECTION('',(0.,0.,-1.));
#2964 = DIRECTION('',(0.707106781187,-0.707106781187,0.));
#2965 = ORIENTED_EDGE('',*,*,#2929,.T.);
#2966 = ORIENTED_EDGE('',*,*,#2836,.T.);
#2967 = ORIENTED_EDGE('',*,*,#2643,.T.);
#2968 = CYLINDRICAL_SURFACE('',#2969,2.E-02);
#2969 = AXIS2_PLACEMENT_3D('',#2970,#2971,#2972);
#2970 = CARTESIAN_POINT('',(0.98,-0.98,0.));
#2971 = DIRECTION('',(0.,0.,1.));
#2972 = DIRECTION('',(0.707106781187,-0.707106781187,0.));
#2973 = ADVANCED_FACE('',(#2974),#2993,.T.);
#2974 = FACE_BOUND('',#2975,.T.);
#2975 = EDGE_LOOP('',(#2976,#2985,#2986,#2987));
#2976 = ORIENTED_EDGE('',*,*,#2977,.T.);
#2977 = EDGE_CURVE('',#2978,#2628,#2980,.T.);
#2978 = VERTEX_POINT('',#2979);
#2979 = CARTESIAN_POINT('',(0.98,1.,0.2));
#2980 = CIRCLE('',#2981,2.E-02);
#2981 = AXIS2_PLACEMENT_3D('',#2982,#2983,#2984);
#2982 = CARTESIAN_POINT('',(0.98,0.98,0.2));
#2983 = DIRECTION('',(0.,0.,-1.));
#2984 = DIRECTION('',(0.707106781187,0.707106781187,0.));
#2985 = ORIENTED_EDGE('',*,*,#2627,.T.);
#2986 = ORIENTED_EDGE('',*,*,#2812,.T.);
#2987 = ORIENTED_EDGE('',*,*,#2988,.T.);
#2988 = EDGE_CURVE('',#2805,#2978,#2989,.T.);
#2989 = LINE('',#2990,#2991);
#2990 = CARTESIAN_POINT('',(0.98,1.,0.));
#2991 = VECTOR('',#2992,1.);
#2992 = DIRECTION('',(0.,0.,1.));
#2993 = CYLINDRICAL_SURFACE('',#2994,2.E-02);
#2994 = AXIS2_PLACEMENT_3D('',#2995,#2996,#2997);
#2995 = CARTESIAN_POINT('',(0.98,0.98,0.));
#2996 = DIRECTION('',(0.,0.,1.));
#2997 = DIRECTION('',(0.707106781187,0.707106781187,-0.));
#2998 = ADVANCED_FACE('',(#2999),#3018,.T.);
#2999 = FACE_BOUND('',#3000,.T.);
#3000 = EDGE_LOOP('',(#3001,#3002,#3003,#3004,#3010,#3011,#3012,#3013,
    #3014,#3015,#3016,#3017));
#3001 = ORIENTED_EDGE('',*,*,#1606,.T.);
#3002 = ORIENTED_EDGE('',*,*,#2786,.T.);
#3003 = ORIENTED_EDGE('',*,*,#2759,.F.);
#3004 = ORIENTED_EDGE('',*,*,#3005,.F.);
#3005 = EDGE_CURVE('',#2978,#2751,#3006,.T.);
#3006 = LINE('',#3007,#3008);
#3007 = CARTESIAN_POINT('',(1.,1.,0.2));
#3008 = VECTOR('',#3009,1.);
#3009 = DIRECTION('',(-1.,-1.387778780781E-16,0.));
#3010 = ORIENTED_EDGE('',*,*,#2988,.F.);
#3011 = ORIENTED_EDGE('',*,*,#2804,.T.);
#3012 = ORIENTED_EDGE('',*,*,#2386,.T.);
#3013 = ORIENTED_EDGE('',*,*,#2463,.T.);
#3014 = ORIENTED_EDGE('',*,*,#2439,.T.);
#3015 = ORIENTED_EDGE('',*,*,#2795,.T.);
#3016 = ORIENTED_EDGE('',*,*,#1553,.T.);
#3017 = ORIENTED_EDGE('',*,*,#1630,.T.);
#3018 = PLANE('',#3019);
#3019 = AXIS2_PLACEMENT_3D('',#3020,#3021,#3022);
#3020 = CARTESIAN_POINT('',(1.,1.,0.));
#3021 = DIRECTION('',(-1.387778780781E-16,1.,0.));
#3022 = DIRECTION('',(-1.,-1.387778780781E-16,0.));
#3023 = ADVANCED_FACE('',(#3024),#3034,.T.);
#3024 = FACE_BOUND('',#3025,.T.);
#3025 = EDGE_LOOP('',(#3026,#3027,#3028,#3029,#3030,#3031,#3032,#3033));
#3026 = ORIENTED_EDGE('',*,*,#2750,.F.);
#3027 = ORIENTED_EDGE('',*,*,#2720,.T.);
#3028 = ORIENTED_EDGE('',*,*,#2902,.F.);
#3029 = ORIENTED_EDGE('',*,*,#2937,.T.);
#3030 = ORIENTED_EDGE('',*,*,#2959,.F.);
#3031 = ORIENTED_EDGE('',*,*,#2635,.T.);
#3032 = ORIENTED_EDGE('',*,*,#2977,.F.);
#3033 = ORIENTED_EDGE('',*,*,#3005,.T.);
#3034 = PLANE('',#3035);
#3035 = AXIS2_PLACEMENT_3D('',#3036,#3037,#3038);
#3036 = CARTESIAN_POINT('',(-1.387778780781E-16,2.775557561563E-16,0.2)
  );
#3037 = DIRECTION('',(0.,0.,1.));
#3038 = DIRECTION('',(1.,0.,-0.));
#3039 = ( GEOMETRIC_REPRESENTATION_CONTEXT(3) 
GLOBAL_UNCERTAINTY_ASSIGNED_CONTEXT((#3043)) 
GLOBAL_UNIT_ASSIGNED_CONTEXT((#3040,#3041,#3042)) REPRESENTATION_CONTEXT
('Context #1','3D Context with UNIT and UNCERTAINTY') );
#3040 = ( LENGTH_UNIT() NAMED_UNIT(*) SI_UNIT(.MILLI.,.METRE.) );
#3041 = ( NAMED_UNIT(*) PLANE_ANGLE_UNIT() SI_UNIT($,.RADIAN.) );
#3042 = ( NAMED_UNIT(*) SI_UNIT($,.STERADIAN.) SOLID_ANGLE_UNIT() );
#3043 = UNCERTAINTY_MEASURE_WITH_UNIT(LENGTH_MEASURE(1.E-07),#3040,
  'distance_accuracy_value','confusion accuracy');
#3044 = SHAPE_DEFINITION_REPRESENTATION(#3045,#1131);
#3045 = PRODUCT_DEFINITION_SHAPE('','',#3046);
#3046 = PRODUCT_DEFINITION('design','',#3047,#3050);
#3047 = PRODUCT_DEFINITION_FORMATION('','',#3048);
#3048 = PRODUCT('base','base','',(#3049));
#3049 = PRODUCT_CONTEXT('',#2,'mechanical');
#3050 = PRODUCT_DEFINITION_CONTEXT('part definition',#2,'design');
#3051 = CONTEXT_DEPENDENT_SHAPE_REPRESENTATION(#3052,#3054);
#3052 = ( REPRESENTATION_RELATIONSHIP('','',#1131,#1109) 
REPRESENTATION_RELATIONSHIP_WITH_TRANSFORMATION(#3053) 
SHAPE_REPRESENTATION_RELATIONSHIP() );
#3053 = ITEM_DEFINED_TRANSFORMATION('','',#11,#1110);
#3054 = PRODUCT_DEFINITION_SHAPE('Placement','Placement of an item',
  #3055);
#3055 = NEXT_ASSEMBLY_USAGE_OCCURRENCE('221','base:1','',#1104,#3046,$);
#3056 = PRODUCT_RELATED_PRODUCT_CATEGORY('part',$,(#3048));
#3057 = ADVANCED_BREP_SHAPE_REPRESENTATION('',(#11,#3058),#3512);
#3058 = MANIFOLD_SOLID_BREP('',#3059);
#3059 = CLOSED_SHELL('',(#3060,#3102,#3142,#3159,#3199,#3216,#3254,#3271
    ,#3288,#3320,#3344,#3369,#3393,#3405,#3430,#3454,#3479,#3496));
#3060 = ADVANCED_FACE('',(#3061),#3097,.T.);
#3061 = FACE_BOUND('',#3062,.T.);
#3062 = EDGE_LOOP('',(#3063,#3074,#3082,#3091));
#3063 = ORIENTED_EDGE('',*,*,#3064,.T.);
#3064 = EDGE_CURVE('',#3065,#3067,#3069,.T.);
#3065 = VERTEX_POINT('',#3066);
#3066 = CARTESIAN_POINT('',(-0.98,-0.98,0.8));
#3067 = VERTEX_POINT('',#3068);
#3068 = CARTESIAN_POINT('',(-0.98,-1.,0.78));
#3069 = CIRCLE('',#3070,2.E-02);
#3070 = AXIS2_PLACEMENT_3D('',#3071,#3072,#3073);
#3071 = CARTESIAN_POINT('',(-0.98,-0.98,0.78));
#3072 = DIRECTION('',(1.,0.,-0.));
#3073 = DIRECTION('',(0.,0.,1.));
#3074 = ORIENTED_EDGE('',*,*,#3075,.T.);
#3075 = EDGE_CURVE('',#3067,#3076,#3078,.T.);
#3076 = VERTEX_POINT('',#3077);
#3077 = CARTESIAN_POINT('',(0.98,-1.,0.78));
#3078 = LINE('',#3079,#3080);
#3079 = CARTESIAN_POINT('',(-0.49,-1.,0.78));
#3080 = VECTOR('',#3081,1.);
#3081 = DIRECTION('',(1.,0.,0.));
#3082 = ORIENTED_EDGE('',*,*,#3083,.T.);
#3083 = EDGE_CURVE('',#3076,#3084,#3086,.T.);
#3084 = VERTEX_POINT('',#3085);
#3085 = CARTESIAN_POINT('',(0.98,-0.98,0.8));
#3086 = CIRCLE('',#3087,2.E-02);
#3087 = AXIS2_PLACEMENT_3D('',#3088,#3089,#3090);
#3088 = CARTESIAN_POINT('',(0.98,-0.98,0.78));
#3089 = DIRECTION('',(-1.,-6.938893903907E-15,0.));
#3090 = DIRECTION('',(6.938893903907E-15,-1.,0.));
#3091 = ORIENTED_EDGE('',*,*,#3092,.T.);
#3092 = EDGE_CURVE('',#3084,#3065,#3093,.T.);
#3093 = LINE('',#3094,#3095);
#3094 = CARTESIAN_POINT('',(-0.49,-0.98,0.8));
#3095 = VECTOR('',#3096,1.);
#3096 = DIRECTION('',(-1.,0.,0.));
#3097 = CYLINDRICAL_SURFACE('',#3098,2.E-02);
#3098 = AXIS2_PLACEMENT_3D('',#3099,#3100,#3101);
#3099 = CARTESIAN_POINT('',(-0.49,-0.98,0.78));
#3100 = DIRECTION('',(1.,0.,0.));
#3101 = DIRECTION('',(0.,-0.707106781187,0.707106781187));
#3102 = ADVANCED_FACE('',(#3103),#3137,.T.);
#3103 = FACE_BOUND('',#3104,.T.);
#3104 = EDGE_LOOP('',(#3105,#3114,#3122,#3131));
#3105 = ORIENTED_EDGE('',*,*,#3106,.T.);
#3106 = EDGE_CURVE('',#3084,#3107,#3109,.T.);
#3107 = VERTEX_POINT('',#3108);
#3108 = CARTESIAN_POINT('',(1.,-0.98,0.78));
#3109 = CIRCLE('',#3110,2.E-02);
#3110 = AXIS2_PLACEMENT_3D('',#3111,#3112,#3113);
#3111 = CARTESIAN_POINT('',(0.98,-0.98,0.78));
#3112 = DIRECTION('',(0.,1.,0.));
#3113 = DIRECTION('',(0.,-0.,1.));
#3114 = ORIENTED_EDGE('',*,*,#3115,.T.);
#3115 = EDGE_CURVE('',#3107,#3116,#3118,.T.);
#3116 = VERTEX_POINT('',#3117);
#3117 = CARTESIAN_POINT('',(1.,0.98,0.78));
#3118 = LINE('',#3119,#3120);
#3119 = CARTESIAN_POINT('',(1.,-0.49,0.78));
#3120 = VECTOR('',#3121,1.);
#3121 = DIRECTION('',(-7.080503983579E-17,1.,0.));
#3122 = ORIENTED_EDGE('',*,*,#3123,.T.);
#3123 = EDGE_CURVE('',#3116,#3124,#3126,.T.);
#3124 = VERTEX_POINT('',#3125);
#3125 = CARTESIAN_POINT('',(0.98,0.98,0.8));
#3126 = CIRCLE('',#3127,2.E-02);
#3127 = AXIS2_PLACEMENT_3D('',#3128,#3129,#3130);
#3128 = CARTESIAN_POINT('',(0.98,0.98,0.78));
#3129 = DIRECTION('',(-6.938893903907E-15,-1.,0.));
#3130 = DIRECTION('',(1.,-6.938893903907E-15,0.));
#3131 = ORIENTED_EDGE('',*,*,#3132,.T.);
#3132 = EDGE_CURVE('',#3124,#3084,#3133,.T.);
#3133 = LINE('',#3134,#3135);
#3134 = CARTESIAN_POINT('',(0.98,-0.49,0.8));
#3135 = VECTOR('',#3136,1.);
#3136 = DIRECTION('',(7.080503983579E-17,-1.,0.));
#3137 = CYLINDRICAL_SURFACE('',#3138,2.E-02);
#3138 = AXIS2_PLACEMENT_3D('',#3139,#3140,#3141);
#3139 = CARTESIAN_POINT('',(0.98,-0.49,0.78));
#3140 = DIRECTION('',(-7.080503983579E-17,1.,0.));
#3141 = DIRECTION('',(0.707106781187,5.006672381007E-17,0.707106781187)
  );
#3142 = ADVANCED_FACE('',(#3143),#3154,.T.);
#3143 = FACE_BOUND('',#3144,.T.);
#3144 = EDGE_LOOP('',(#3145,#3146,#3147));
#3145 = ORIENTED_EDGE('',*,*,#3106,.F.);
#3146 = ORIENTED_EDGE('',*,*,#3083,.F.);
#3147 = ORIENTED_EDGE('',*,*,#3148,.T.);
#3148 = EDGE_CURVE('',#3076,#3107,#3149,.T.);
#3149 = CIRCLE('',#3150,2.E-02);
#3150 = AXIS2_PLACEMENT_3D('',#3151,#3152,#3153);
#3151 = CARTESIAN_POINT('',(0.98,-0.98,0.78));
#3152 = DIRECTION('',(0.,0.,1.));
#3153 = DIRECTION('',(0.,-1.,0.));
#3154 = SPHERICAL_SURFACE('',#3155,2.E-02);
#3155 = AXIS2_PLACEMENT_3D('',#3156,#3157,#3158);
#3156 = CARTESIAN_POINT('',(0.98,-0.98,0.78));
#3157 = DIRECTION('',(-0.408248290464,-0.816496580928,-0.408248290464));
#3158 = DIRECTION('',(0.57735026919,-0.57735026919,0.57735026919));
#3159 = ADVANCED_FACE('',(#3160),#3194,.T.);
#3160 = FACE_BOUND('',#3161,.T.);
#3161 = EDGE_LOOP('',(#3162,#3171,#3179,#3188));
#3162 = ORIENTED_EDGE('',*,*,#3163,.T.);
#3163 = EDGE_CURVE('',#3124,#3164,#3166,.T.);
#3164 = VERTEX_POINT('',#3165);
#3165 = CARTESIAN_POINT('',(0.98,1.,0.78));
#3166 = CIRCLE('',#3167,2.E-02);
#3167 = AXIS2_PLACEMENT_3D('',#3168,#3169,#3170);
#3168 = CARTESIAN_POINT('',(0.98,0.98,0.78));
#3169 = DIRECTION('',(-1.,0.,0.));
#3170 = DIRECTION('',(0.,0.,1.));
#3171 = ORIENTED_EDGE('',*,*,#3172,.T.);
#3172 = EDGE_CURVE('',#3164,#3173,#3175,.T.);
#3173 = VERTEX_POINT('',#3174);
#3174 = CARTESIAN_POINT('',(-0.98,1.,0.78));
#3175 = LINE('',#3176,#3177);
#3176 = CARTESIAN_POINT('',(0.49,1.,0.78));
#3177 = VECTOR('',#3178,1.);
#3178 = DIRECTION('',(-1.,-1.416100796716E-16,0.));
#3179 = ORIENTED_EDGE('',*,*,#3180,.T.);
#3180 = EDGE_CURVE('',#3173,#3181,#3183,.T.);
#3181 = VERTEX_POINT('',#3182);
#3182 = CARTESIAN_POINT('',(-0.98,0.98,0.8));
#3183 = CIRCLE('',#3184,2.E-02);
#3184 = AXIS2_PLACEMENT_3D('',#3185,#3186,#3187);
#3185 = CARTESIAN_POINT('',(-0.98,0.98,0.78));
#3186 = DIRECTION('',(1.,0.,0.));
#3187 = DIRECTION('',(-0.,1.,0.));
#3188 = ORIENTED_EDGE('',*,*,#3189,.T.);
#3189 = EDGE_CURVE('',#3181,#3124,#3190,.T.);
#3190 = LINE('',#3191,#3192);
#3191 = CARTESIAN_POINT('',(0.49,0.98,0.8));
#3192 = VECTOR('',#3193,1.);
#3193 = DIRECTION('',(1.,1.416100796716E-16,0.));
#3194 = CYLINDRICAL_SURFACE('',#3195,2.E-02);
#3195 = AXIS2_PLACEMENT_3D('',#3196,#3197,#3198);
#3196 = CARTESIAN_POINT('',(0.49,0.98,0.78));
#3197 = DIRECTION('',(-1.,-1.416100796716E-16,0.));
#3198 = DIRECTION('',(-1.001334476201E-16,0.707106781187,0.707106781187)
  );
#3199 = ADVANCED_FACE('',(#3200),#3211,.T.);
#3200 = FACE_BOUND('',#3201,.T.);
#3201 = EDGE_LOOP('',(#3202,#3203,#3204));
#3202 = ORIENTED_EDGE('',*,*,#3163,.F.);
#3203 = ORIENTED_EDGE('',*,*,#3123,.F.);
#3204 = ORIENTED_EDGE('',*,*,#3205,.T.);
#3205 = EDGE_CURVE('',#3116,#3164,#3206,.T.);
#3206 = CIRCLE('',#3207,2.E-02);
#3207 = AXIS2_PLACEMENT_3D('',#3208,#3209,#3210);
#3208 = CARTESIAN_POINT('',(0.98,0.98,0.78));
#3209 = DIRECTION('',(0.,0.,1.));
#3210 = DIRECTION('',(1.,0.,-0.));
#3211 = SPHERICAL_SURFACE('',#3212,2.E-02);
#3212 = AXIS2_PLACEMENT_3D('',#3213,#3214,#3215);
#3213 = CARTESIAN_POINT('',(0.98,0.98,0.78));
#3214 = DIRECTION('',(-0.816496580928,0.408248290464,0.408248290464));
#3215 = DIRECTION('',(0.57735026919,0.57735026919,0.57735026919));
#3216 = ADVANCED_FACE('',(#3217),#3249,.T.);
#3217 = FACE_BOUND('',#3218,.T.);
#3218 = EDGE_LOOP('',(#3219,#3228,#3236,#3243));
#3219 = ORIENTED_EDGE('',*,*,#3220,.T.);
#3220 = EDGE_CURVE('',#3181,#3221,#3223,.T.);
#3221 = VERTEX_POINT('',#3222);
#3222 = CARTESIAN_POINT('',(-1.,0.98,0.78));
#3223 = CIRCLE('',#3224,2.E-02);
#3224 = AXIS2_PLACEMENT_3D('',#3225,#3226,#3227);
#3225 = CARTESIAN_POINT('',(-0.98,0.98,0.78));
#3226 = DIRECTION('',(0.,-1.,0.));
#3227 = DIRECTION('',(0.,0.,1.));
#3228 = ORIENTED_EDGE('',*,*,#3229,.T.);
#3229 = EDGE_CURVE('',#3221,#3230,#3232,.T.);
#3230 = VERTEX_POINT('',#3231);
#3231 = CARTESIAN_POINT('',(-1.,-0.98,0.78));
#3232 = LINE('',#3233,#3234);
#3233 = CARTESIAN_POINT('',(-1.,0.49,0.78));
#3234 = VECTOR('',#3235,1.);
#3235 = DIRECTION('',(3.540251991789E-16,-1.,0.));
#3236 = ORIENTED_EDGE('',*,*,#3237,.T.);
#3237 = EDGE_CURVE('',#3230,#3065,#3238,.T.);
#3238 = CIRCLE('',#3239,2.E-02);
#3239 = AXIS2_PLACEMENT_3D('',#3240,#3241,#3242);
#3240 = CARTESIAN_POINT('',(-0.98,-0.98,0.78));
#3241 = DIRECTION('',(6.938893903907E-15,1.,0.));
#3242 = DIRECTION('',(-1.,6.938893903907E-15,0.));
#3243 = ORIENTED_EDGE('',*,*,#3244,.T.);
#3244 = EDGE_CURVE('',#3065,#3181,#3245,.T.);
#3245 = LINE('',#3246,#3247);
#3246 = CARTESIAN_POINT('',(-0.98,0.49,0.8));
#3247 = VECTOR('',#3248,1.);
#3248 = DIRECTION('',(-3.540251991789E-16,1.,0.));
#3249 = CYLINDRICAL_SURFACE('',#3250,2.E-02);
#3250 = AXIS2_PLACEMENT_3D('',#3251,#3252,#3253);
#3251 = CARTESIAN_POINT('',(-0.98,0.49,0.78));
#3252 = DIRECTION('',(3.540251991789E-16,-1.,0.));
#3253 = DIRECTION('',(-0.707106781187,-2.503336190503E-16,0.707106781187
    ));
#3254 = ADVANCED_FACE('',(#3255),#3266,.T.);
#3255 = FACE_BOUND('',#3256,.T.);
#3256 = EDGE_LOOP('',(#3257,#3258,#3259));
#3257 = ORIENTED_EDGE('',*,*,#3220,.F.);
#3258 = ORIENTED_EDGE('',*,*,#3180,.F.);
#3259 = ORIENTED_EDGE('',*,*,#3260,.T.);
#3260 = EDGE_CURVE('',#3173,#3221,#3261,.T.);
#3261 = CIRCLE('',#3262,2.E-02);
#3262 = AXIS2_PLACEMENT_3D('',#3263,#3264,#3265);
#3263 = CARTESIAN_POINT('',(-0.98,0.98,0.78));
#3264 = DIRECTION('',(0.,0.,1.));
#3265 = DIRECTION('',(-6.938893903907E-15,1.,0.));
#3266 = SPHERICAL_SURFACE('',#3267,2.E-02);
#3267 = AXIS2_PLACEMENT_3D('',#3268,#3269,#3270);
#3268 = CARTESIAN_POINT('',(-0.98,0.98,0.78));
#3269 = DIRECTION('',(-0.408248290464,0.408248290464,-0.816496580928));
#3270 = DIRECTION('',(-0.57735026919,0.57735026919,0.57735026919));
#3271 = ADVANCED_FACE('',(#3272),#3283,.T.);
#3272 = FACE_BOUND('',#3273,.T.);
#3273 = EDGE_LOOP('',(#3274,#3275,#3276));
#3274 = ORIENTED_EDGE('',*,*,#3064,.F.);
#3275 = ORIENTED_EDGE('',*,*,#3237,.F.);
#3276 = ORIENTED_EDGE('',*,*,#3277,.T.);
#3277 = EDGE_CURVE('',#3230,#3067,#3278,.T.);
#3278 = CIRCLE('',#3279,2.E-02);
#3279 = AXIS2_PLACEMENT_3D('',#3280,#3281,#3282);
#3280 = CARTESIAN_POINT('',(-0.98,-0.98,0.78));
#3281 = DIRECTION('',(0.,0.,1.));
#3282 = DIRECTION('',(-1.,-6.938893903907E-15,0.));
#3283 = SPHERICAL_SURFACE('',#3284,2.E-02);
#3284 = AXIS2_PLACEMENT_3D('',#3285,#3286,#3287);
#3285 = CARTESIAN_POINT('',(-0.98,-0.98,0.78));
#3286 = DIRECTION('',(-0.816496580928,0.408248290464,-0.408248290464));
#3287 = DIRECTION('',(-0.57735026919,-0.57735026919,0.57735026919));
#3288 = ADVANCED_FACE('',(#3289),#3315,.T.);
#3289 = FACE_BOUND('',#3290,.T.);
#3290 = EDGE_LOOP('',(#3291,#3292,#3300,#3309));
#3291 = ORIENTED_EDGE('',*,*,#3148,.F.);
#3292 = ORIENTED_EDGE('',*,*,#3293,.F.);
#3293 = EDGE_CURVE('',#3294,#3076,#3296,.T.);
#3294 = VERTEX_POINT('',#3295);
#3295 = CARTESIAN_POINT('',(0.98,-1.,0.));
#3296 = LINE('',#3297,#3298);
#3297 = CARTESIAN_POINT('',(0.98,-1.,0.));
#3298 = VECTOR('',#3299,1.);
#3299 = DIRECTION('',(0.,0.,1.));
#3300 = ORIENTED_EDGE('',*,*,#3301,.T.);
#3301 = EDGE_CURVE('',#3294,#3302,#3304,.T.);
#3302 = VERTEX_POINT('',#3303);
#3303 = CARTESIAN_POINT('',(1.,-0.98,0.));
#3304 = CIRCLE('',#3305,2.E-02);
#3305 = AXIS2_PLACEMENT_3D('',#3306,#3307,#3308);
#3306 = CARTESIAN_POINT('',(0.98,-0.98,0.));
#3307 = DIRECTION('',(0.,0.,1.));
#3308 = DIRECTION('',(0.,-1.,0.));
#3309 = ORIENTED_EDGE('',*,*,#3310,.T.);
#3310 = EDGE_CURVE('',#3302,#3107,#3311,.T.);
#3311 = LINE('',#3312,#3313);
#3312 = CARTESIAN_POINT('',(1.,-0.98,0.));
#3313 = VECTOR('',#3314,1.);
#3314 = DIRECTION('',(0.,0.,1.));
#3315 = CYLINDRICAL_SURFACE('',#3316,2.E-02);
#3316 = AXIS2_PLACEMENT_3D('',#3317,#3318,#3319);
#3317 = CARTESIAN_POINT('',(0.98,-0.98,0.));
#3318 = DIRECTION('',(0.,0.,1.));
#3319 = DIRECTION('',(0.,-1.,0.));
#3320 = ADVANCED_FACE('',(#3321),#3339,.T.);
#3321 = FACE_BOUND('',#3322,.T.);
#3322 = EDGE_LOOP('',(#3323,#3324,#3332,#3338));
#3323 = ORIENTED_EDGE('',*,*,#3075,.F.);
#3324 = ORIENTED_EDGE('',*,*,#3325,.F.);
#3325 = EDGE_CURVE('',#3326,#3067,#3328,.T.);
#3326 = VERTEX_POINT('',#3327);
#3327 = CARTESIAN_POINT('',(-0.98,-1.,0.));
#3328 = LINE('',#3329,#3330);
#3329 = CARTESIAN_POINT('',(-0.98,-1.,0.));
#3330 = VECTOR('',#3331,1.);
#3331 = DIRECTION('',(0.,0.,1.));
#3332 = ORIENTED_EDGE('',*,*,#3333,.T.);
#3333 = EDGE_CURVE('',#3326,#3294,#3334,.T.);
#3334 = LINE('',#3335,#3336);
#3335 = CARTESIAN_POINT('',(-0.98,-1.,0.));
#3336 = VECTOR('',#3337,1.);
#3337 = DIRECTION('',(1.,0.,0.));
#3338 = ORIENTED_EDGE('',*,*,#3293,.T.);
#3339 = PLANE('',#3340);
#3340 = AXIS2_PLACEMENT_3D('',#3341,#3342,#3343);
#3341 = CARTESIAN_POINT('',(-0.98,-1.,0.));
#3342 = DIRECTION('',(0.,-1.,0.));
#3343 = DIRECTION('',(1.,0.,0.));
#3344 = ADVANCED_FACE('',(#3345),#3364,.T.);
#3345 = FACE_BOUND('',#3346,.T.);
#3346 = EDGE_LOOP('',(#3347,#3348,#3356,#3363));
#3347 = ORIENTED_EDGE('',*,*,#3277,.F.);
#3348 = ORIENTED_EDGE('',*,*,#3349,.F.);
#3349 = EDGE_CURVE('',#3350,#3230,#3352,.T.);
#3350 = VERTEX_POINT('',#3351);
#3351 = CARTESIAN_POINT('',(-1.,-0.98,0.));
#3352 = LINE('',#3353,#3354);
#3353 = CARTESIAN_POINT('',(-1.,-0.98,0.));
#3354 = VECTOR('',#3355,1.);
#3355 = DIRECTION('',(0.,0.,1.));
#3356 = ORIENTED_EDGE('',*,*,#3357,.T.);
#3357 = EDGE_CURVE('',#3350,#3326,#3358,.T.);
#3358 = CIRCLE('',#3359,2.E-02);
#3359 = AXIS2_PLACEMENT_3D('',#3360,#3361,#3362);
#3360 = CARTESIAN_POINT('',(-0.98,-0.98,0.));
#3361 = DIRECTION('',(0.,0.,1.));
#3362 = DIRECTION('',(-1.,-6.938893903907E-15,0.));
#3363 = ORIENTED_EDGE('',*,*,#3325,.T.);
#3364 = CYLINDRICAL_SURFACE('',#3365,2.E-02);
#3365 = AXIS2_PLACEMENT_3D('',#3366,#3367,#3368);
#3366 = CARTESIAN_POINT('',(-0.98,-0.98,0.));
#3367 = DIRECTION('',(0.,0.,1.));
#3368 = DIRECTION('',(-1.,-6.938893903907E-15,0.));
#3369 = ADVANCED_FACE('',(#3370),#3388,.T.);
#3370 = FACE_BOUND('',#3371,.T.);
#3371 = EDGE_LOOP('',(#3372,#3373,#3381,#3387));
#3372 = ORIENTED_EDGE('',*,*,#3229,.F.);
#3373 = ORIENTED_EDGE('',*,*,#3374,.F.);
#3374 = EDGE_CURVE('',#3375,#3221,#3377,.T.);
#3375 = VERTEX_POINT('',#3376);
#3376 = CARTESIAN_POINT('',(-1.,0.98,0.));
#3377 = LINE('',#3378,#3379);
#3378 = CARTESIAN_POINT('',(-1.,0.98,0.));
#3379 = VECTOR('',#3380,1.);
#3380 = DIRECTION('',(0.,0.,1.));
#3381 = ORIENTED_EDGE('',*,*,#3382,.T.);
#3382 = EDGE_CURVE('',#3375,#3350,#3383,.T.);
#3383 = LINE('',#3384,#3385);
#3384 = CARTESIAN_POINT('',(-1.,0.98,0.));
#3385 = VECTOR('',#3386,1.);
#3386 = DIRECTION('',(3.540251991789E-16,-1.,0.));
#3387 = ORIENTED_EDGE('',*,*,#3349,.T.);
#3388 = PLANE('',#3389);
#3389 = AXIS2_PLACEMENT_3D('',#3390,#3391,#3392);
#3390 = CARTESIAN_POINT('',(-1.,0.98,0.));
#3391 = DIRECTION('',(-1.,-3.540251991789E-16,0.));
#3392 = DIRECTION('',(3.540251991789E-16,-1.,0.));
#3393 = ADVANCED_FACE('',(#3394),#3400,.T.);
#3394 = FACE_BOUND('',#3395,.T.);
#3395 = EDGE_LOOP('',(#3396,#3397,#3398,#3399));
#3396 = ORIENTED_EDGE('',*,*,#3092,.F.);
#3397 = ORIENTED_EDGE('',*,*,#3132,.F.);
#3398 = ORIENTED_EDGE('',*,*,#3189,.F.);
#3399 = ORIENTED_EDGE('',*,*,#3244,.F.);
#3400 = PLANE('',#3401);
#3401 = AXIS2_PLACEMENT_3D('',#3402,#3403,#3404);
#3402 = CARTESIAN_POINT('',(-6.938893903907E-17,3.469446951954E-16,0.8)
  );
#3403 = DIRECTION('',(0.,0.,1.));
#3404 = DIRECTION('',(1.,0.,-0.));
#3405 = ADVANCED_FACE('',(#3406),#3425,.T.);
#3406 = FACE_BOUND('',#3407,.T.);
#3407 = EDGE_LOOP('',(#3408,#3409,#3417,#3424));
#3408 = ORIENTED_EDGE('',*,*,#3260,.F.);
#3409 = ORIENTED_EDGE('',*,*,#3410,.F.);
#3410 = EDGE_CURVE('',#3411,#3173,#3413,.T.);
#3411 = VERTEX_POINT('',#3412);
#3412 = CARTESIAN_POINT('',(-0.98,1.,0.));
#3413 = LINE('',#3414,#3415);
#3414 = CARTESIAN_POINT('',(-0.98,1.,0.));
#3415 = VECTOR('',#3416,1.);
#3416 = DIRECTION('',(0.,0.,1.));
#3417 = ORIENTED_EDGE('',*,*,#3418,.T.);
#3418 = EDGE_CURVE('',#3411,#3375,#3419,.T.);
#3419 = CIRCLE('',#3420,2.E-02);
#3420 = AXIS2_PLACEMENT_3D('',#3421,#3422,#3423);
#3421 = CARTESIAN_POINT('',(-0.98,0.98,0.));
#3422 = DIRECTION('',(0.,0.,1.));
#3423 = DIRECTION('',(-6.938893903907E-15,1.,0.));
#3424 = ORIENTED_EDGE('',*,*,#3374,.T.);
#3425 = CYLINDRICAL_SURFACE('',#3426,2.E-02);
#3426 = AXIS2_PLACEMENT_3D('',#3427,#3428,#3429);
#3427 = CARTESIAN_POINT('',(-0.98,0.98,0.));
#3428 = DIRECTION('',(0.,0.,1.));
#3429 = DIRECTION('',(-6.938893903907E-15,1.,0.));
#3430 = ADVANCED_FACE('',(#3431),#3449,.T.);
#3431 = FACE_BOUND('',#3432,.T.);
#3432 = EDGE_LOOP('',(#3433,#3434,#3442,#3448));
#3433 = ORIENTED_EDGE('',*,*,#3172,.F.);
#3434 = ORIENTED_EDGE('',*,*,#3435,.F.);
#3435 = EDGE_CURVE('',#3436,#3164,#3438,.T.);
#3436 = VERTEX_POINT('',#3437);
#3437 = CARTESIAN_POINT('',(0.98,1.,0.));
#3438 = LINE('',#3439,#3440);
#3439 = CARTESIAN_POINT('',(0.98,1.,0.));
#3440 = VECTOR('',#3441,1.);
#3441 = DIRECTION('',(0.,0.,1.));
#3442 = ORIENTED_EDGE('',*,*,#3443,.T.);
#3443 = EDGE_CURVE('',#3436,#3411,#3444,.T.);
#3444 = LINE('',#3445,#3446);
#3445 = CARTESIAN_POINT('',(0.98,1.,0.));
#3446 = VECTOR('',#3447,1.);
#3447 = DIRECTION('',(-1.,-1.416100796716E-16,0.));
#3448 = ORIENTED_EDGE('',*,*,#3410,.T.);
#3449 = PLANE('',#3450);
#3450 = AXIS2_PLACEMENT_3D('',#3451,#3452,#3453);
#3451 = CARTESIAN_POINT('',(0.98,1.,0.));
#3452 = DIRECTION('',(-1.416100796716E-16,1.,0.));
#3453 = DIRECTION('',(-1.,-1.416100796716E-16,0.));
#3454 = ADVANCED_FACE('',(#3455),#3474,.T.);
#3455 = FACE_BOUND('',#3456,.T.);
#3456 = EDGE_LOOP('',(#3457,#3458,#3466,#3473));
#3457 = ORIENTED_EDGE('',*,*,#3205,.F.);
#3458 = ORIENTED_EDGE('',*,*,#3459,.F.);
#3459 = EDGE_CURVE('',#3460,#3116,#3462,.T.);
#3460 = VERTEX_POINT('',#3461);
#3461 = CARTESIAN_POINT('',(1.,0.98,0.));
#3462 = LINE('',#3463,#3464);
#3463 = CARTESIAN_POINT('',(1.,0.98,0.));
#3464 = VECTOR('',#3465,1.);
#3465 = DIRECTION('',(0.,0.,1.));
#3466 = ORIENTED_EDGE('',*,*,#3467,.T.);
#3467 = EDGE_CURVE('',#3460,#3436,#3468,.T.);
#3468 = CIRCLE('',#3469,2.E-02);
#3469 = AXIS2_PLACEMENT_3D('',#3470,#3471,#3472);
#3470 = CARTESIAN_POINT('',(0.98,0.98,0.));
#3471 = DIRECTION('',(0.,0.,1.));
#3472 = DIRECTION('',(1.,0.,-0.));
#3473 = ORIENTED_EDGE('',*,*,#3435,.T.);
#3474 = CYLINDRICAL_SURFACE('',#3475,2.E-02);
#3475 = AXIS2_PLACEMENT_3D('',#3476,#3477,#3478);
#3476 = CARTESIAN_POINT('',(0.98,0.98,0.));
#3477 = DIRECTION('',(0.,0.,1.));
#3478 = DIRECTION('',(1.,0.,-0.));
#3479 = ADVANCED_FACE('',(#3480),#3491,.T.);
#3480 = FACE_BOUND('',#3481,.T.);
#3481 = EDGE_LOOP('',(#3482,#3483,#3484,#3490));
#3482 = ORIENTED_EDGE('',*,*,#3115,.F.);
#3483 = ORIENTED_EDGE('',*,*,#3310,.F.);
#3484 = ORIENTED_EDGE('',*,*,#3485,.T.);
#3485 = EDGE_CURVE('',#3302,#3460,#3486,.T.);
#3486 = LINE('',#3487,#3488);
#3487 = CARTESIAN_POINT('',(1.,-0.98,0.));
#3488 = VECTOR('',#3489,1.);
#3489 = DIRECTION('',(-7.080503983579E-17,1.,0.));
#3490 = ORIENTED_EDGE('',*,*,#3459,.T.);
#3491 = PLANE('',#3492);
#3492 = AXIS2_PLACEMENT_3D('',#3493,#3494,#3495);
#3493 = CARTESIAN_POINT('',(1.,-0.98,0.));
#3494 = DIRECTION('',(1.,7.080503983579E-17,0.));
#3495 = DIRECTION('',(-7.080503983579E-17,1.,0.));
#3496 = ADVANCED_FACE('',(#3497),#3507,.F.);
#3497 = FACE_BOUND('',#3498,.T.);
#3498 = EDGE_LOOP('',(#3499,#3500,#3501,#3502,#3503,#3504,#3505,#3506));
#3499 = ORIENTED_EDGE('',*,*,#3301,.F.);
#3500 = ORIENTED_EDGE('',*,*,#3333,.F.);
#3501 = ORIENTED_EDGE('',*,*,#3357,.F.);
#3502 = ORIENTED_EDGE('',*,*,#3382,.F.);
#3503 = ORIENTED_EDGE('',*,*,#3418,.F.);
#3504 = ORIENTED_EDGE('',*,*,#3443,.F.);
#3505 = ORIENTED_EDGE('',*,*,#3467,.F.);
#3506 = ORIENTED_EDGE('',*,*,#3485,.F.);
#3507 = PLANE('',#3508);
#3508 = AXIS2_PLACEMENT_3D('',#3509,#3510,#3511);
#3509 = CARTESIAN_POINT('',(-6.938893903907E-17,3.469446951954E-16,0.));
#3510 = DIRECTION('',(0.,0.,1.));
#3511 = DIRECTION('',(1.,0.,-0.));
#3512 = ( GEOMETRIC_REPRESENTATION_CONTEXT(3) 
GLOBAL_UNCERTAINTY_ASSIGNED_CONTEXT((#3516)) 
GLOBAL_UNIT_ASSIGNED_CONTEXT((#3513,#3514,#3515)) REPRESENTATION_CONTEXT
('Context #1','3D Context with UNIT and UNCERTAINTY') );
#3513 = ( LENGTH_UNIT() NAMED_UNIT(*) SI_UNIT(.MILLI.,.METRE.) );
#3514 = ( NAMED_UNIT(*) PLANE_ANGLE_UNIT() SI_UNIT($,.RADIAN.) );
#3515 = ( NAMED_UNIT(*) SI_UNIT($,.STERADIAN.) SOLID_ANGLE_UNIT() );
#3516 = UNCERTAINTY_MEASURE_WITH_UNIT(LENGTH_MEASURE(2.E-04),#3513,
  'distance_accuracy_value','confusion accuracy');
#3517 = SHAPE_DEFINITION_REPRESENTATION(#3518,#3057);
#3518 = PRODUCT_DEFINITION_SHAPE('','',#3519);
#3519 = PRODUCT_DEFINITION('design','',#3520,#3523);
#3520 = PRODUCT_DEFINITION_FORMATION('','',#3521);
#3521 = PRODUCT('body','body','',(#3522));
#3522 = PRODUCT_CONTEXT('',#2,'mechanical');
#3523 = PRODUCT_DEFINITION_CONTEXT('part definition',#2,'design');
#3524 = CONTEXT_DEPENDENT_SHAPE_REPRESENTATION(#3525,#3527);
#3525 = ( REPRESENTATION_RELATIONSHIP('','',#3057,#1109) 
REPRESENTATION_RELATIONSHIP_WITH_TRANSFORMATION(#3526) 
SHAPE_REPRESENTATION_RELATIONSHIP() );
#3526 = ITEM_DEFINED_TRANSFORMATION('','',#11,#1114);
#3527 = PRODUCT_DEFINITION_SHAPE('Placement','Placement of an item',
  #3528);
#3528 = NEXT_ASSEMBLY_USAGE_OCCURRENCE('222','body:1','',#1104,#3519,$);
#3529 = PRODUCT_RELATED_PRODUCT_CATEGORY('part',$,(#3521));
#3530 = SHAPE_REPRESENTATION('',(#11,#3531,#3716,#4037,#4257),#4330);
#3531 = MANIFOLD_SOLID_BREP('',#3532);
#3532 = CLOSED_SHELL('',(#3533,#3573,#3606,#3637,#3668,#3690,#3703));
#3533 = ADVANCED_FACE('',(#3534),#3568,.T.);
#3534 = FACE_BOUND('',#3535,.T.);
#3535 = EDGE_LOOP('',(#3536,#3546,#3554,#3562));
#3536 = ORIENTED_EDGE('',*,*,#3537,.T.);
#3537 = EDGE_CURVE('',#3538,#3540,#3542,.T.);
#3538 = VERTEX_POINT('',#3539);
#3539 = CARTESIAN_POINT('',(0.769319860755,-0.835592206948,0.));
#3540 = VERTEX_POINT('',#3541);
#3541 = CARTESIAN_POINT('',(0.859580269747,-0.58760377137,0.));
#3542 = LINE('',#3543,#3544);
#3543 = CARTESIAN_POINT('',(0.769319860755,-0.835592206948,0.));
#3544 = VECTOR('',#3545,1.);
#3545 = DIRECTION('',(0.342020143326,0.939692620786,0.));
#3546 = ORIENTED_EDGE('',*,*,#3547,.T.);
#3547 = EDGE_CURVE('',#3540,#3548,#3550,.T.);
#3548 = VERTEX_POINT('',#3549);
#3549 = CARTESIAN_POINT('',(0.859580269747,-0.58760377137,3.E-03));
#3550 = LINE('',#3551,#3552);
#3551 = CARTESIAN_POINT('',(0.859580269747,-0.58760377137,0.));
#3552 = VECTOR('',#3553,1.);
#3553 = DIRECTION('',(0.,0.,1.));
#3554 = ORIENTED_EDGE('',*,*,#3555,.F.);
#3555 = EDGE_CURVE('',#3556,#3548,#3558,.T.);
#3556 = VERTEX_POINT('',#3557);
#3557 = CARTESIAN_POINT('',(0.769319860755,-0.835592206948,3.E-03));
#3558 = LINE('',#3559,#3560);
#3559 = CARTESIAN_POINT('',(0.769319860755,-0.835592206948,3.E-03));
#3560 = VECTOR('',#3561,1.);
#3561 = DIRECTION('',(0.342020143326,0.939692620786,0.));
#3562 = ORIENTED_EDGE('',*,*,#3563,.F.);
#3563 = EDGE_CURVE('',#3538,#3556,#3564,.T.);
#3564 = LINE('',#3565,#3566);
#3565 = CARTESIAN_POINT('',(0.769319860755,-0.835592206948,0.));
#3566 = VECTOR('',#3567,1.);
#3567 = DIRECTION('',(0.,0.,1.));
#3568 = PLANE('',#3569);
#3569 = AXIS2_PLACEMENT_3D('',#3570,#3571,#3572);
#3570 = CARTESIAN_POINT('',(0.769319860755,-0.835592206948,0.));
#3571 = DIRECTION('',(0.939692620786,-0.342020143326,0.));
#3572 = DIRECTION('',(0.342020143326,0.939692620786,0.));
#3573 = ADVANCED_FACE('',(#3574),#3601,.T.);
#3574 = FACE_BOUND('',#3575,.T.);
#3575 = EDGE_LOOP('',(#3576,#3585,#3586,#3595));
#3576 = ORIENTED_EDGE('',*,*,#3577,.T.);
#3577 = EDGE_CURVE('',#3578,#3538,#3580,.T.);
#3578 = VERTEX_POINT('',#3579);
#3579 = CARTESIAN_POINT('',(0.663773585588,-0.90949650445,0.));
#3580 = CIRCLE('',#3581,0.11232);
#3581 = AXIS2_PLACEMENT_3D('',#3582,#3583,#3584);
#3582 = CARTESIAN_POINT('',(0.663773585588,-0.79717650445,0.));
#3583 = DIRECTION('',(0.,0.,1.));
#3584 = DIRECTION('',(0.,-1.,0.));
#3585 = ORIENTED_EDGE('',*,*,#3563,.T.);
#3586 = ORIENTED_EDGE('',*,*,#3587,.F.);
#3587 = EDGE_CURVE('',#3588,#3556,#3590,.T.);
#3588 = VERTEX_POINT('',#3589);
#3589 = CARTESIAN_POINT('',(0.663773585588,-0.90949650445,3.E-03));
#3590 = CIRCLE('',#3591,0.11232);
#3591 = AXIS2_PLACEMENT_3D('',#3592,#3593,#3594);
#3592 = CARTESIAN_POINT('',(0.663773585588,-0.79717650445,3.E-03));
#3593 = DIRECTION('',(0.,0.,1.));
#3594 = DIRECTION('',(0.,-1.,0.));
#3595 = ORIENTED_EDGE('',*,*,#3596,.F.);
#3596 = EDGE_CURVE('',#3578,#3588,#3597,.T.);
#3597 = LINE('',#3598,#3599);
#3598 = CARTESIAN_POINT('',(0.663773585588,-0.90949650445,0.));
#3599 = VECTOR('',#3600,1.);
#3600 = DIRECTION('',(0.,0.,1.));
#3601 = CYLINDRICAL_SURFACE('',#3602,0.11232);
#3602 = AXIS2_PLACEMENT_3D('',#3603,#3604,#3605);
#3603 = CARTESIAN_POINT('',(0.663773585588,-0.79717650445,0.));
#3604 = DIRECTION('',(0.,0.,1.));
#3605 = DIRECTION('',(0.,-1.,0.));
#3606 = ADVANCED_FACE('',(#3607),#3632,.T.);
#3607 = FACE_BOUND('',#3608,.T.);
#3608 = EDGE_LOOP('',(#3609,#3617,#3618,#3626));
#3609 = ORIENTED_EDGE('',*,*,#3610,.T.);
#3610 = EDGE_CURVE('',#3611,#3578,#3613,.T.);
#3611 = VERTEX_POINT('',#3612);
#3612 = CARTESIAN_POINT('',(0.604424459776,-0.90949650445,0.));
#3613 = LINE('',#3614,#3615);
#3614 = CARTESIAN_POINT('',(0.604424459776,-0.90949650445,0.));
#3615 = VECTOR('',#3616,1.);
#3616 = DIRECTION('',(1.,9.353322474745E-15,0.));
#3617 = ORIENTED_EDGE('',*,*,#3596,.T.);
#3618 = ORIENTED_EDGE('',*,*,#3619,.F.);
#3619 = EDGE_CURVE('',#3620,#3588,#3622,.T.);
#3620 = VERTEX_POINT('',#3621);
#3621 = CARTESIAN_POINT('',(0.604424459776,-0.90949650445,3.E-03));
#3622 = LINE('',#3623,#3624);
#3623 = CARTESIAN_POINT('',(0.604424459776,-0.90949650445,3.E-03));
#3624 = VECTOR('',#3625,1.);
#3625 = DIRECTION('',(1.,9.353322474745E-15,0.));
#3626 = ORIENTED_EDGE('',*,*,#3627,.F.);
#3627 = EDGE_CURVE('',#3611,#3620,#3628,.T.);
#3628 = LINE('',#3629,#3630);
#3629 = CARTESIAN_POINT('',(0.604424459776,-0.90949650445,0.));
#3630 = VECTOR('',#3631,1.);
#3631 = DIRECTION('',(0.,0.,1.));
#3632 = PLANE('',#3633);
#3633 = AXIS2_PLACEMENT_3D('',#3634,#3635,#3636);
#3634 = CARTESIAN_POINT('',(0.604424459776,-0.90949650445,0.));
#3635 = DIRECTION('',(9.353322474745E-15,-1.,0.));
#3636 = DIRECTION('',(1.,9.353322474745E-15,0.));
#3637 = ADVANCED_FACE('',(#3638),#3663,.T.);
#3638 = FACE_BOUND('',#3639,.T.);
#3639 = EDGE_LOOP('',(#3640,#3648,#3649,#3657));
#3640 = ORIENTED_EDGE('',*,*,#3641,.T.);
#3641 = EDGE_CURVE('',#3642,#3611,#3644,.T.);
#3642 = VERTEX_POINT('',#3643);
#3643 = CARTESIAN_POINT('',(0.73919992541,-0.58760377137,0.));
#3644 = LINE('',#3645,#3646);
#3645 = CARTESIAN_POINT('',(0.73919992541,-0.58760377137,0.));
#3646 = VECTOR('',#3647,1.);
#3647 = DIRECTION('',(-0.386210432787,-0.922410701156,0.));
#3648 = ORIENTED_EDGE('',*,*,#3627,.T.);
#3649 = ORIENTED_EDGE('',*,*,#3650,.F.);
#3650 = EDGE_CURVE('',#3651,#3620,#3653,.T.);
#3651 = VERTEX_POINT('',#3652);
#3652 = CARTESIAN_POINT('',(0.73919992541,-0.58760377137,3.E-03));
#3653 = LINE('',#3654,#3655);
#3654 = CARTESIAN_POINT('',(0.73919992541,-0.58760377137,3.E-03));
#3655 = VECTOR('',#3656,1.);
#3656 = DIRECTION('',(-0.386210432787,-0.922410701156,0.));
#3657 = ORIENTED_EDGE('',*,*,#3658,.F.);
#3658 = EDGE_CURVE('',#3642,#3651,#3659,.T.);
#3659 = LINE('',#3660,#3661);
#3660 = CARTESIAN_POINT('',(0.73919992541,-0.58760377137,0.));
#3661 = VECTOR('',#3662,1.);
#3662 = DIRECTION('',(0.,0.,1.));
#3663 = PLANE('',#3664);
#3664 = AXIS2_PLACEMENT_3D('',#3665,#3666,#3667);
#3665 = CARTESIAN_POINT('',(0.73919992541,-0.58760377137,0.));
#3666 = DIRECTION('',(-0.922410701156,0.386210432787,0.));
#3667 = DIRECTION('',(-0.386210432787,-0.922410701156,0.));
#3668 = ADVANCED_FACE('',(#3669),#3685,.T.);
#3669 = FACE_BOUND('',#3670,.T.);
#3670 = EDGE_LOOP('',(#3671,#3677,#3678,#3684));
#3671 = ORIENTED_EDGE('',*,*,#3672,.T.);
#3672 = EDGE_CURVE('',#3540,#3642,#3673,.T.);
#3673 = LINE('',#3674,#3675);
#3674 = CARTESIAN_POINT('',(0.859580269747,-0.58760377137,0.));
#3675 = VECTOR('',#3676,1.);
#3676 = DIRECTION('',(-1.,0.,0.));
#3677 = ORIENTED_EDGE('',*,*,#3658,.T.);
#3678 = ORIENTED_EDGE('',*,*,#3679,.F.);
#3679 = EDGE_CURVE('',#3548,#3651,#3680,.T.);
#3680 = LINE('',#3681,#3682);
#3681 = CARTESIAN_POINT('',(0.859580269747,-0.58760377137,3.E-03));
#3682 = VECTOR('',#3683,1.);
#3683 = DIRECTION('',(-1.,0.,0.));
#3684 = ORIENTED_EDGE('',*,*,#3547,.F.);
#3685 = PLANE('',#3686);
#3686 = AXIS2_PLACEMENT_3D('',#3687,#3688,#3689);
#3687 = CARTESIAN_POINT('',(0.859580269747,-0.58760377137,0.));
#3688 = DIRECTION('',(0.,1.,0.));
#3689 = DIRECTION('',(-1.,0.,0.));
#3690 = ADVANCED_FACE('',(#3691),#3698,.T.);
#3691 = FACE_BOUND('',#3692,.T.);
#3692 = EDGE_LOOP('',(#3693,#3694,#3695,#3696,#3697));
#3693 = ORIENTED_EDGE('',*,*,#3679,.T.);
#3694 = ORIENTED_EDGE('',*,*,#3650,.T.);
#3695 = ORIENTED_EDGE('',*,*,#3619,.T.);
#3696 = ORIENTED_EDGE('',*,*,#3587,.T.);
#3697 = ORIENTED_EDGE('',*,*,#3555,.T.);
#3698 = PLANE('',#3699);
#3699 = AXIS2_PLACEMENT_3D('',#3700,#3701,#3702);
#3700 = CARTESIAN_POINT('',(0.732002364762,-0.74855013791,3.E-03));
#3701 = DIRECTION('',(0.,0.,1.));
#3702 = DIRECTION('',(1.,0.,-0.));
#3703 = ADVANCED_FACE('',(#3704),#3711,.F.);
#3704 = FACE_BOUND('',#3705,.T.);
#3705 = EDGE_LOOP('',(#3706,#3707,#3708,#3709,#3710));
#3706 = ORIENTED_EDGE('',*,*,#3672,.F.);
#3707 = ORIENTED_EDGE('',*,*,#3537,.F.);
#3708 = ORIENTED_EDGE('',*,*,#3577,.F.);
#3709 = ORIENTED_EDGE('',*,*,#3610,.F.);
#3710 = ORIENTED_EDGE('',*,*,#3641,.F.);
#3711 = PLANE('',#3712);
#3712 = AXIS2_PLACEMENT_3D('',#3713,#3714,#3715);
#3713 = CARTESIAN_POINT('',(0.732002364762,-0.74855013791,0.));
#3714 = DIRECTION('',(0.,0.,1.));
#3715 = DIRECTION('',(1.,0.,-0.));
#3716 = MANIFOLD_SOLID_BREP('',#3717);
#3717 = CLOSED_SHELL('',(#3718,#3760,#3791,#3822,#3853,#3886,#3917,#3950
    ,#3981,#4003,#4020));
#3718 = ADVANCED_FACE('',(#3719),#3755,.T.);
#3719 = FACE_BOUND('',#3720,.T.);
#3720 = EDGE_LOOP('',(#3721,#3732,#3740,#3749));
#3721 = ORIENTED_EDGE('',*,*,#3722,.T.);
#3722 = EDGE_CURVE('',#3723,#3725,#3727,.T.);
#3723 = VERTEX_POINT('',#3724);
#3724 = CARTESIAN_POINT('',(0.263847942391,-0.428617275659,0.));
#3725 = VERTEX_POINT('',#3726);
#3726 = CARTESIAN_POINT('',(0.158301667224,-0.50252157316,0.));
#3727 = CIRCLE('',#3728,0.11232);
#3728 = AXIS2_PLACEMENT_3D('',#3729,#3730,#3731);
#3729 = CARTESIAN_POINT('',(0.263847942391,-0.540937275659,0.));
#3730 = DIRECTION('',(0.,0.,1.));
#3731 = DIRECTION('',(5.560011140951E-15,1.,-0.));
#3732 = ORIENTED_EDGE('',*,*,#3733,.T.);
#3733 = EDGE_CURVE('',#3725,#3734,#3736,.T.);
#3734 = VERTEX_POINT('',#3735);
#3735 = CARTESIAN_POINT('',(0.158301667224,-0.50252157316,3.E-03));
#3736 = LINE('',#3737,#3738);
#3737 = CARTESIAN_POINT('',(0.158301667224,-0.50252157316,0.));
#3738 = VECTOR('',#3739,1.);
#3739 = DIRECTION('',(0.,0.,1.));
#3740 = ORIENTED_EDGE('',*,*,#3741,.F.);
#3741 = EDGE_CURVE('',#3742,#3734,#3744,.T.);
#3742 = VERTEX_POINT('',#3743);
#3743 = CARTESIAN_POINT('',(0.263847942391,-0.428617275659,3.E-03));
#3744 = CIRCLE('',#3745,0.11232);
#3745 = AXIS2_PLACEMENT_3D('',#3746,#3747,#3748);
#3746 = CARTESIAN_POINT('',(0.263847942391,-0.540937275659,3.E-03));
#3747 = DIRECTION('',(0.,0.,1.));
#3748 = DIRECTION('',(5.560011140951E-15,1.,-0.));
#3749 = ORIENTED_EDGE('',*,*,#3750,.F.);
#3750 = EDGE_CURVE('',#3723,#3742,#3751,.T.);
#3751 = LINE('',#3752,#3753);
#3752 = CARTESIAN_POINT('',(0.263847942391,-0.428617275659,0.));
#3753 = VECTOR('',#3754,1.);
#3754 = DIRECTION('',(0.,0.,1.));
#3755 = CYLINDRICAL_SURFACE('',#3756,0.11232);
#3756 = AXIS2_PLACEMENT_3D('',#3757,#3758,#3759);
#3757 = CARTESIAN_POINT('',(0.263847942391,-0.540937275659,0.));
#3758 = DIRECTION('',(0.,0.,1.));
#3759 = DIRECTION('',(5.560011140951E-15,1.,-0.));
#3760 = ADVANCED_FACE('',(#3761),#3786,.T.);
#3761 = FACE_BOUND('',#3762,.T.);
#3762 = EDGE_LOOP('',(#3763,#3771,#3772,#3780));
#3763 = ORIENTED_EDGE('',*,*,#3764,.T.);
#3764 = EDGE_CURVE('',#3765,#3723,#3767,.T.);
#3765 = VERTEX_POINT('',#3766);
#3766 = CARTESIAN_POINT('',(0.917446621837,-0.428617275659,0.));
#3767 = LINE('',#3768,#3769);
#3768 = CARTESIAN_POINT('',(0.917446621837,-0.428617275659,0.));
#3769 = VECTOR('',#3770,1.);
#3770 = DIRECTION('',(-1.,0.,0.));
#3771 = ORIENTED_EDGE('',*,*,#3750,.T.);
#3772 = ORIENTED_EDGE('',*,*,#3773,.F.);
#3773 = EDGE_CURVE('',#3774,#3742,#3776,.T.);
#3774 = VERTEX_POINT('',#3775);
#3775 = CARTESIAN_POINT('',(0.917446621837,-0.428617275659,3.E-03));
#3776 = LINE('',#3777,#3778);
#3777 = CARTESIAN_POINT('',(0.917446621837,-0.428617275659,3.E-03));
#3778 = VECTOR('',#3779,1.);
#3779 = DIRECTION('',(-1.,0.,0.));
#3780 = ORIENTED_EDGE('',*,*,#3781,.F.);
#3781 = EDGE_CURVE('',#3765,#3774,#3782,.T.);
#3782 = LINE('',#3783,#3784);
#3783 = CARTESIAN_POINT('',(0.917446621837,-0.428617275659,0.));
#3784 = VECTOR('',#3785,1.);
#3785 = DIRECTION('',(0.,0.,1.));
#3786 = PLANE('',#3787);
#3787 = AXIS2_PLACEMENT_3D('',#3788,#3789,#3790);
#3788 = CARTESIAN_POINT('',(0.917446621837,-0.428617275659,0.));
#3789 = DIRECTION('',(0.,1.,0.));
#3790 = DIRECTION('',(-1.,0.,0.));
#3791 = ADVANCED_FACE('',(#3792),#3817,.T.);
#3792 = FACE_BOUND('',#3793,.T.);
#3793 = EDGE_LOOP('',(#3794,#3802,#3803,#3811));
#3794 = ORIENTED_EDGE('',*,*,#3795,.T.);
#3795 = EDGE_CURVE('',#3796,#3765,#3798,.T.);
#3796 = VERTEX_POINT('',#3797);
#3797 = CARTESIAN_POINT('',(0.894329235953,-0.49213177137,0.));
#3798 = LINE('',#3799,#3800);
#3799 = CARTESIAN_POINT('',(0.894329235953,-0.49213177137,0.));
#3800 = VECTOR('',#3801,1.);
#3801 = DIRECTION('',(0.342020143326,0.939692620786,0.));
#3802 = ORIENTED_EDGE('',*,*,#3781,.T.);
#3803 = ORIENTED_EDGE('',*,*,#3804,.F.);
#3804 = EDGE_CURVE('',#3805,#3774,#3807,.T.);
#3805 = VERTEX_POINT('',#3806);
#3806 = CARTESIAN_POINT('',(0.894329235953,-0.49213177137,3.E-03));
#3807 = LINE('',#3808,#3809);
#3808 = CARTESIAN_POINT('',(0.894329235953,-0.49213177137,3.E-03));
#3809 = VECTOR('',#3810,1.);
#3810 = DIRECTION('',(0.342020143326,0.939692620786,0.));
#3811 = ORIENTED_EDGE('',*,*,#3812,.F.);
#3812 = EDGE_CURVE('',#3796,#3805,#3813,.T.);
#3813 = LINE('',#3814,#3815);
#3814 = CARTESIAN_POINT('',(0.894329235953,-0.49213177137,0.));
#3815 = VECTOR('',#3816,1.);
#3816 = DIRECTION('',(0.,0.,1.));
#3817 = PLANE('',#3818);
#3818 = AXIS2_PLACEMENT_3D('',#3819,#3820,#3821);
#3819 = CARTESIAN_POINT('',(0.894329235953,-0.49213177137,0.));
#3820 = DIRECTION('',(0.939692620786,-0.342020143326,0.));
#3821 = DIRECTION('',(0.342020143326,0.939692620786,0.));
#3822 = ADVANCED_FACE('',(#3823),#3848,.T.);
#3823 = FACE_BOUND('',#3824,.T.);
#3824 = EDGE_LOOP('',(#3825,#3833,#3834,#3842));
#3825 = ORIENTED_EDGE('',*,*,#3826,.T.);
#3826 = EDGE_CURVE('',#3827,#3796,#3829,.T.);
#3827 = VERTEX_POINT('',#3828);
#3828 = CARTESIAN_POINT('',(0.301405722529,-0.49213177137,0.));
#3829 = LINE('',#3830,#3831);
#3830 = CARTESIAN_POINT('',(0.301405722529,-0.49213177137,0.));
#3831 = VECTOR('',#3832,1.);
#3832 = DIRECTION('',(1.,0.,0.));
#3833 = ORIENTED_EDGE('',*,*,#3812,.T.);
#3834 = ORIENTED_EDGE('',*,*,#3835,.F.);
#3835 = EDGE_CURVE('',#3836,#3805,#3838,.T.);
#3836 = VERTEX_POINT('',#3837);
#3837 = CARTESIAN_POINT('',(0.301405722529,-0.49213177137,3.E-03));
#3838 = LINE('',#3839,#3840);
#3839 = CARTESIAN_POINT('',(0.301405722529,-0.49213177137,3.E-03));
#3840 = VECTOR('',#3841,1.);
#3841 = DIRECTION('',(1.,0.,0.));
#3842 = ORIENTED_EDGE('',*,*,#3843,.F.);
#3843 = EDGE_CURVE('',#3827,#3836,#3844,.T.);
#3844 = LINE('',#3845,#3846);
#3845 = CARTESIAN_POINT('',(0.301405722529,-0.49213177137,0.));
#3846 = VECTOR('',#3847,1.);
#3847 = DIRECTION('',(0.,0.,1.));
#3848 = PLANE('',#3849);
#3849 = AXIS2_PLACEMENT_3D('',#3850,#3851,#3852);
#3850 = CARTESIAN_POINT('',(0.301405722529,-0.49213177137,0.));
#3851 = DIRECTION('',(0.,-1.,0.));
#3852 = DIRECTION('',(1.,0.,0.));
#3853 = ADVANCED_FACE('',(#3854),#3881,.F.);
#3854 = FACE_BOUND('',#3855,.F.);
#3855 = EDGE_LOOP('',(#3856,#3866,#3873,#3874));
#3856 = ORIENTED_EDGE('',*,*,#3857,.T.);
#3857 = EDGE_CURVE('',#3858,#3860,#3862,.T.);
#3858 = VERTEX_POINT('',#3859);
#3859 = CARTESIAN_POINT('',(0.228785568859,-0.649581316214,0.));
#3860 = VERTEX_POINT('',#3861);
#3861 = CARTESIAN_POINT('',(0.228785568859,-0.649581316214,3.E-03));
#3862 = LINE('',#3863,#3864);
#3863 = CARTESIAN_POINT('',(0.228785568859,-0.649581316214,0.));
#3864 = VECTOR('',#3865,1.);
#3865 = DIRECTION('',(0.,0.,1.));
#3866 = ORIENTED_EDGE('',*,*,#3867,.T.);
#3867 = EDGE_CURVE('',#3860,#3836,#3868,.T.);
#3868 = CIRCLE('',#3869,9.5472E-02);
#3869 = AXIS2_PLACEMENT_3D('',#3870,#3871,#3872);
#3870 = CARTESIAN_POINT('',(0.301405722529,-0.58760377137,3.E-03));
#3871 = DIRECTION('',(0.,0.,-1.));
#3872 = DIRECTION('',(-1.744317220691E-14,-1.,-0.));
#3873 = ORIENTED_EDGE('',*,*,#3843,.F.);
#3874 = ORIENTED_EDGE('',*,*,#3875,.F.);
#3875 = EDGE_CURVE('',#3858,#3827,#3876,.T.);
#3876 = CIRCLE('',#3877,9.5472E-02);
#3877 = AXIS2_PLACEMENT_3D('',#3878,#3879,#3880);
#3878 = CARTESIAN_POINT('',(0.301405722529,-0.58760377137,0.));
#3879 = DIRECTION('',(0.,0.,-1.));
#3880 = DIRECTION('',(-1.744317220691E-14,-1.,-0.));
#3881 = CYLINDRICAL_SURFACE('',#3882,9.5472E-02);
#3882 = AXIS2_PLACEMENT_3D('',#3883,#3884,#3885);
#3883 = CARTESIAN_POINT('',(0.301405722529,-0.58760377137,0.));
#3884 = DIRECTION('',(0.,0.,1.));
#3885 = DIRECTION('',(-1.744317220691E-14,-1.,0.));
#3886 = ADVANCED_FACE('',(#3887),#3912,.T.);
#3887 = FACE_BOUND('',#3888,.T.);
#3888 = EDGE_LOOP('',(#3889,#3897,#3898,#3906));
#3889 = ORIENTED_EDGE('',*,*,#3890,.T.);
#3890 = EDGE_CURVE('',#3891,#3858,#3893,.T.);
#3891 = VERTEX_POINT('',#3892);
#3892 = CARTESIAN_POINT('',(0.342254315638,-0.782534595481,0.));
#3893 = LINE('',#3894,#3895);
#3894 = CARTESIAN_POINT('',(0.342254315638,-0.782534595481,0.));
#3895 = VECTOR('',#3896,1.);
#3896 = DIRECTION('',(-0.649169859684,0.760643473171,0.));
#3897 = ORIENTED_EDGE('',*,*,#3857,.T.);
#3898 = ORIENTED_EDGE('',*,*,#3899,.F.);
#3899 = EDGE_CURVE('',#3900,#3860,#3902,.T.);
#3900 = VERTEX_POINT('',#3901);
#3901 = CARTESIAN_POINT('',(0.342254315638,-0.782534595481,3.E-03));
#3902 = LINE('',#3903,#3904);
#3903 = CARTESIAN_POINT('',(0.342254315638,-0.782534595481,3.E-03));
#3904 = VECTOR('',#3905,1.);
#3905 = DIRECTION('',(-0.649169859684,0.760643473171,0.));
#3906 = ORIENTED_EDGE('',*,*,#3907,.F.);
#3907 = EDGE_CURVE('',#3891,#3900,#3908,.T.);
#3908 = LINE('',#3909,#3910);
#3909 = CARTESIAN_POINT('',(0.342254315638,-0.782534595481,0.));
#3910 = VECTOR('',#3911,1.);
#3911 = DIRECTION('',(0.,0.,1.));
#3912 = PLANE('',#3913);
#3913 = AXIS2_PLACEMENT_3D('',#3914,#3915,#3916);
#3914 = CARTESIAN_POINT('',(0.342254315638,-0.782534595481,0.));
#3915 = DIRECTION('',(0.760643473171,0.649169859684,0.));
#3916 = DIRECTION('',(-0.649169859684,0.760643473171,0.));
#3917 = ADVANCED_FACE('',(#3918),#3945,.T.);
#3918 = FACE_BOUND('',#3919,.T.);
#3919 = EDGE_LOOP('',(#3920,#3929,#3930,#3939));
#3920 = ORIENTED_EDGE('',*,*,#3921,.T.);
#3921 = EDGE_CURVE('',#3922,#3891,#3924,.T.);
#3922 = VERTEX_POINT('',#3923);
#3923 = CARTESIAN_POINT('',(0.327730284904,-0.81402450445,0.));
#3924 = CIRCLE('',#3925,1.90944E-02);
#3925 = AXIS2_PLACEMENT_3D('',#3926,#3927,#3928);
#3926 = CARTESIAN_POINT('',(0.327730284904,-0.79493010445,0.));
#3927 = DIRECTION('',(0.,0.,1.));
#3928 = DIRECTION('',(3.997393630749E-14,-1.,0.));
#3929 = ORIENTED_EDGE('',*,*,#3907,.T.);
#3930 = ORIENTED_EDGE('',*,*,#3931,.F.);
#3931 = EDGE_CURVE('',#3932,#3900,#3934,.T.);
#3932 = VERTEX_POINT('',#3933);
#3933 = CARTESIAN_POINT('',(0.327730284904,-0.81402450445,3.E-03));
#3934 = CIRCLE('',#3935,1.90944E-02);
#3935 = AXIS2_PLACEMENT_3D('',#3936,#3937,#3938);
#3936 = CARTESIAN_POINT('',(0.327730284904,-0.79493010445,3.E-03));
#3937 = DIRECTION('',(0.,0.,1.));
#3938 = DIRECTION('',(3.997393630749E-14,-1.,0.));
#3939 = ORIENTED_EDGE('',*,*,#3940,.F.);
#3940 = EDGE_CURVE('',#3922,#3932,#3941,.T.);
#3941 = LINE('',#3942,#3943);
#3942 = CARTESIAN_POINT('',(0.327730284904,-0.81402450445,0.));
#3943 = VECTOR('',#3944,1.);
#3944 = DIRECTION('',(0.,0.,1.));
#3945 = CYLINDRICAL_SURFACE('',#3946,1.90944E-02);
#3946 = AXIS2_PLACEMENT_3D('',#3947,#3948,#3949);
#3947 = CARTESIAN_POINT('',(0.327730284904,-0.79493010445,0.));
#3948 = DIRECTION('',(0.,0.,1.));
#3949 = DIRECTION('',(3.997393630749E-14,-1.,0.));
#3950 = ADVANCED_FACE('',(#3951),#3976,.T.);
#3951 = FACE_BOUND('',#3952,.T.);
#3952 = EDGE_LOOP('',(#3953,#3961,#3962,#3970));
#3953 = ORIENTED_EDGE('',*,*,#3954,.T.);
#3954 = EDGE_CURVE('',#3955,#3922,#3957,.T.);
#3955 = VERTEX_POINT('',#3956);
#3956 = CARTESIAN_POINT('',(4.492387234817E-02,-0.81402450445,0.));
#3957 = LINE('',#3958,#3959);
#3958 = CARTESIAN_POINT('',(4.492387234817E-02,-0.81402450445,0.));
#3959 = VECTOR('',#3960,1.);
#3960 = DIRECTION('',(1.,0.,0.));
#3961 = ORIENTED_EDGE('',*,*,#3940,.T.);
#3962 = ORIENTED_EDGE('',*,*,#3963,.F.);
#3963 = EDGE_CURVE('',#3964,#3932,#3966,.T.);
#3964 = VERTEX_POINT('',#3965);
#3965 = CARTESIAN_POINT('',(4.492387234817E-02,-0.81402450445,3.E-03));
#3966 = LINE('',#3967,#3968);
#3967 = CARTESIAN_POINT('',(4.492387234817E-02,-0.81402450445,3.E-03));
#3968 = VECTOR('',#3969,1.);
#3969 = DIRECTION('',(1.,0.,0.));
#3970 = ORIENTED_EDGE('',*,*,#3971,.F.);
#3971 = EDGE_CURVE('',#3955,#3964,#3972,.T.);
#3972 = LINE('',#3973,#3974);
#3973 = CARTESIAN_POINT('',(4.492387234817E-02,-0.81402450445,0.));
#3974 = VECTOR('',#3975,1.);
#3975 = DIRECTION('',(0.,0.,1.));
#3976 = PLANE('',#3977);
#3977 = AXIS2_PLACEMENT_3D('',#3978,#3979,#3980);
#3978 = CARTESIAN_POINT('',(4.492387234817E-02,-0.81402450445,0.));
#3979 = DIRECTION('',(0.,-1.,0.));
#3980 = DIRECTION('',(1.,0.,0.));
#3981 = ADVANCED_FACE('',(#3982),#3998,.T.);
#3982 = FACE_BOUND('',#3983,.T.);
#3983 = EDGE_LOOP('',(#3984,#3990,#3991,#3997));
#3984 = ORIENTED_EDGE('',*,*,#3985,.T.);
#3985 = EDGE_CURVE('',#3725,#3955,#3986,.T.);
#3986 = LINE('',#3987,#3988);
#3987 = CARTESIAN_POINT('',(0.158301667224,-0.50252157316,0.));
#3988 = VECTOR('',#3989,1.);
#3989 = DIRECTION('',(-0.342020143326,-0.939692620786,0.));
#3990 = ORIENTED_EDGE('',*,*,#3971,.T.);
#3991 = ORIENTED_EDGE('',*,*,#3992,.F.);
#3992 = EDGE_CURVE('',#3734,#3964,#3993,.T.);
#3993 = LINE('',#3994,#3995);
#3994 = CARTESIAN_POINT('',(0.158301667224,-0.50252157316,3.E-03));
#3995 = VECTOR('',#3996,1.);
#3996 = DIRECTION('',(-0.342020143326,-0.939692620786,0.));
#3997 = ORIENTED_EDGE('',*,*,#3733,.F.);
#3998 = PLANE('',#3999);
#3999 = AXIS2_PLACEMENT_3D('',#4000,#4001,#4002);
#4000 = CARTESIAN_POINT('',(0.158301667224,-0.50252157316,0.));
#4001 = DIRECTION('',(-0.939692620786,0.342020143326,0.));
#4002 = DIRECTION('',(-0.342020143326,-0.939692620786,0.));
#4003 = ADVANCED_FACE('',(#4004),#4015,.T.);
#4004 = FACE_BOUND('',#4005,.T.);
#4005 = EDGE_LOOP('',(#4006,#4007,#4008,#4009,#4010,#4011,#4012,#4013,
    #4014));
#4006 = ORIENTED_EDGE('',*,*,#3992,.T.);
#4007 = ORIENTED_EDGE('',*,*,#3963,.T.);
#4008 = ORIENTED_EDGE('',*,*,#3931,.T.);
#4009 = ORIENTED_EDGE('',*,*,#3899,.T.);
#4010 = ORIENTED_EDGE('',*,*,#3867,.T.);
#4011 = ORIENTED_EDGE('',*,*,#3835,.T.);
#4012 = ORIENTED_EDGE('',*,*,#3804,.T.);
#4013 = ORIENTED_EDGE('',*,*,#3773,.T.);
#4014 = ORIENTED_EDGE('',*,*,#3741,.T.);
#4015 = PLANE('',#4016);
#4016 = AXIS2_PLACEMENT_3D('',#4017,#4018,#4019);
#4017 = CARTESIAN_POINT('',(0.481185247092,-0.621320890054,3.E-03));
#4018 = DIRECTION('',(0.,0.,1.));
#4019 = DIRECTION('',(1.,0.,-0.));
#4020 = ADVANCED_FACE('',(#4021),#4032,.F.);
#4021 = FACE_BOUND('',#4022,.T.);
#4022 = EDGE_LOOP('',(#4023,#4024,#4025,#4026,#4027,#4028,#4029,#4030,
    #4031));
#4023 = ORIENTED_EDGE('',*,*,#3985,.F.);
#4024 = ORIENTED_EDGE('',*,*,#3722,.F.);
#4025 = ORIENTED_EDGE('',*,*,#3764,.F.);
#4026 = ORIENTED_EDGE('',*,*,#3795,.F.);
#4027 = ORIENTED_EDGE('',*,*,#3826,.F.);
#4028 = ORIENTED_EDGE('',*,*,#3875,.F.);
#4029 = ORIENTED_EDGE('',*,*,#3890,.F.);
#4030 = ORIENTED_EDGE('',*,*,#3921,.F.);
#4031 = ORIENTED_EDGE('',*,*,#3954,.F.);
#4032 = PLANE('',#4033);
#4033 = AXIS2_PLACEMENT_3D('',#4034,#4035,#4036);
#4034 = CARTESIAN_POINT('',(0.481185247092,-0.621320890054,0.));
#4035 = DIRECTION('',(0.,0.,1.));
#4036 = DIRECTION('',(1.,0.,-0.));
#4037 = MANIFOLD_SOLID_BREP('',#4038);
#4038 = CLOSED_SHELL('',(#4039,#4081,#4112,#4145,#4176,#4207,#4229,#4243
    ));
#4039 = ADVANCED_FACE('',(#4040),#4076,.F.);
#4040 = FACE_BOUND('',#4041,.F.);
#4041 = EDGE_LOOP('',(#4042,#4052,#4061,#4069));
#4042 = ORIENTED_EDGE('',*,*,#4043,.T.);
#4043 = EDGE_CURVE('',#4044,#4046,#4048,.T.);
#4044 = VERTEX_POINT('',#4045);
#4045 = CARTESIAN_POINT('',(0.431412966292,-0.752046959606,0.));
#4046 = VERTEX_POINT('',#4047);
#4047 = CARTESIAN_POINT('',(0.431412966292,-0.752046959606,3.E-03));
#4048 = LINE('',#4049,#4050);
#4049 = CARTESIAN_POINT('',(0.431412966292,-0.752046959606,0.));
#4050 = VECTOR('',#4051,1.);
#4051 = DIRECTION('',(0.,0.,1.));
#4052 = ORIENTED_EDGE('',*,*,#4053,.T.);
#4053 = EDGE_CURVE('',#4046,#4054,#4056,.T.);
#4054 = VERTEX_POINT('',#4055);
#4055 = CARTESIAN_POINT('',(0.358792812622,-0.90949650445,3.E-03));
#4056 = CIRCLE('',#4057,9.5472E-02);
#4057 = AXIS2_PLACEMENT_3D('',#4058,#4059,#4060);
#4058 = CARTESIAN_POINT('',(0.358792812622,-0.81402450445,3.E-03));
#4059 = DIRECTION('',(0.,0.,-1.));
#4060 = DIRECTION('',(-1.889676989081E-14,1.,0.));
#4061 = ORIENTED_EDGE('',*,*,#4062,.F.);
#4062 = EDGE_CURVE('',#4063,#4054,#4065,.T.);
#4063 = VERTEX_POINT('',#4064);
#4064 = CARTESIAN_POINT('',(0.358792812622,-0.90949650445,0.));
#4065 = LINE('',#4066,#4067);
#4066 = CARTESIAN_POINT('',(0.358792812622,-0.90949650445,0.));
#4067 = VECTOR('',#4068,1.);
#4068 = DIRECTION('',(0.,0.,1.));
#4069 = ORIENTED_EDGE('',*,*,#4070,.F.);
#4070 = EDGE_CURVE('',#4044,#4063,#4071,.T.);
#4071 = CIRCLE('',#4072,9.5472E-02);
#4072 = AXIS2_PLACEMENT_3D('',#4073,#4074,#4075);
#4073 = CARTESIAN_POINT('',(0.358792812622,-0.81402450445,0.));
#4074 = DIRECTION('',(0.,0.,-1.));
#4075 = DIRECTION('',(-1.889676989081E-14,1.,0.));
#4076 = CYLINDRICAL_SURFACE('',#4077,9.5472E-02);
#4077 = AXIS2_PLACEMENT_3D('',#4078,#4079,#4080);
#4078 = CARTESIAN_POINT('',(0.358792812622,-0.81402450445,0.));
#4079 = DIRECTION('',(0.,0.,1.));
#4080 = DIRECTION('',(-1.889676989081E-14,1.,0.));
#4081 = ADVANCED_FACE('',(#4082),#4107,.T.);
#4082 = FACE_BOUND('',#4083,.T.);
#4083 = EDGE_LOOP('',(#4084,#4092,#4093,#4101));
#4084 = ORIENTED_EDGE('',*,*,#4085,.T.);
#4085 = EDGE_CURVE('',#4086,#4044,#4088,.T.);
#4086 = VERTEX_POINT('',#4087);
#4087 = CARTESIAN_POINT('',(0.317944219513,-0.619093680339,0.));
#4088 = LINE('',#4089,#4090);
#4089 = CARTESIAN_POINT('',(0.317944219513,-0.619093680339,0.));
#4090 = VECTOR('',#4091,1.);
#4091 = DIRECTION('',(0.649169859684,-0.760643473171,0.));
#4092 = ORIENTED_EDGE('',*,*,#4043,.T.);
#4093 = ORIENTED_EDGE('',*,*,#4094,.F.);
#4094 = EDGE_CURVE('',#4095,#4046,#4097,.T.);
#4095 = VERTEX_POINT('',#4096);
#4096 = CARTESIAN_POINT('',(0.317944219513,-0.619093680339,3.E-03));
#4097 = LINE('',#4098,#4099);
#4098 = CARTESIAN_POINT('',(0.317944219513,-0.619093680339,3.E-03));
#4099 = VECTOR('',#4100,1.);
#4100 = DIRECTION('',(0.649169859684,-0.760643473171,0.));
#4101 = ORIENTED_EDGE('',*,*,#4102,.F.);
#4102 = EDGE_CURVE('',#4086,#4095,#4103,.T.);
#4103 = LINE('',#4104,#4105);
#4104 = CARTESIAN_POINT('',(0.317944219513,-0.619093680339,0.));
#4105 = VECTOR('',#4106,1.);
#4106 = DIRECTION('',(0.,0.,1.));
#4107 = PLANE('',#4108);
#4108 = AXIS2_PLACEMENT_3D('',#4109,#4110,#4111);
#4109 = CARTESIAN_POINT('',(0.317944219513,-0.619093680339,0.));
#4110 = DIRECTION('',(-0.760643473171,-0.649169859684,0.));
#4111 = DIRECTION('',(0.649169859684,-0.760643473171,0.));
#4112 = ADVANCED_FACE('',(#4113),#4140,.T.);
#4113 = FACE_BOUND('',#4114,.T.);
#4114 = EDGE_LOOP('',(#4115,#4124,#4125,#4134));
#4115 = ORIENTED_EDGE('',*,*,#4116,.T.);
#4116 = EDGE_CURVE('',#4117,#4086,#4119,.T.);
#4117 = VERTEX_POINT('',#4118);
#4118 = CARTESIAN_POINT('',(0.332468250247,-0.58760377137,0.));
#4119 = CIRCLE('',#4120,1.90944E-02);
#4120 = AXIS2_PLACEMENT_3D('',#4121,#4122,#4123);
#4121 = CARTESIAN_POINT('',(0.332468250247,-0.60669817137,0.));
#4122 = DIRECTION('',(0.,0.,1.));
#4123 = DIRECTION('',(-1.453597683909E-14,1.,0.));
#4124 = ORIENTED_EDGE('',*,*,#4102,.T.);
#4125 = ORIENTED_EDGE('',*,*,#4126,.F.);
#4126 = EDGE_CURVE('',#4127,#4095,#4129,.T.);
#4127 = VERTEX_POINT('',#4128);
#4128 = CARTESIAN_POINT('',(0.332468250247,-0.58760377137,3.E-03));
#4129 = CIRCLE('',#4130,1.90944E-02);
#4130 = AXIS2_PLACEMENT_3D('',#4131,#4132,#4133);
#4131 = CARTESIAN_POINT('',(0.332468250247,-0.60669817137,3.E-03));
#4132 = DIRECTION('',(0.,0.,1.));
#4133 = DIRECTION('',(-1.453597683909E-14,1.,0.));
#4134 = ORIENTED_EDGE('',*,*,#4135,.F.);
#4135 = EDGE_CURVE('',#4117,#4127,#4136,.T.);
#4136 = LINE('',#4137,#4138);
#4137 = CARTESIAN_POINT('',(0.332468250247,-0.58760377137,0.));
#4138 = VECTOR('',#4139,1.);
#4139 = DIRECTION('',(0.,0.,1.));
#4140 = CYLINDRICAL_SURFACE('',#4141,1.90944E-02);
#4141 = AXIS2_PLACEMENT_3D('',#4142,#4143,#4144);
#4142 = CARTESIAN_POINT('',(0.332468250247,-0.60669817137,0.));
#4143 = DIRECTION('',(0.,0.,1.));
#4144 = DIRECTION('',(-1.453597683909E-14,1.,0.));
#4145 = ADVANCED_FACE('',(#4146),#4171,.T.);
#4146 = FACE_BOUND('',#4147,.T.);
#4147 = EDGE_LOOP('',(#4148,#4156,#4157,#4165));
#4148 = ORIENTED_EDGE('',*,*,#4149,.T.);
#4149 = EDGE_CURVE('',#4150,#4117,#4152,.T.);
#4150 = VERTEX_POINT('',#4151);
#4151 = CARTESIAN_POINT('',(0.64374963178,-0.58760377137,0.));
#4152 = LINE('',#4153,#4154);
#4153 = CARTESIAN_POINT('',(0.64374963178,-0.58760377137,0.));
#4154 = VECTOR('',#4155,1.);
#4155 = DIRECTION('',(-1.,0.,0.));
#4156 = ORIENTED_EDGE('',*,*,#4135,.T.);
#4157 = ORIENTED_EDGE('',*,*,#4158,.F.);
#4158 = EDGE_CURVE('',#4159,#4127,#4161,.T.);
#4159 = VERTEX_POINT('',#4160);
#4160 = CARTESIAN_POINT('',(0.64374963178,-0.58760377137,3.E-03));
#4161 = LINE('',#4162,#4163);
#4162 = CARTESIAN_POINT('',(0.64374963178,-0.58760377137,3.E-03));
#4163 = VECTOR('',#4164,1.);
#4164 = DIRECTION('',(-1.,0.,0.));
#4165 = ORIENTED_EDGE('',*,*,#4166,.F.);
#4166 = EDGE_CURVE('',#4150,#4159,#4167,.T.);
#4167 = LINE('',#4168,#4169);
#4168 = CARTESIAN_POINT('',(0.64374963178,-0.58760377137,0.));
#4169 = VECTOR('',#4170,1.);
#4170 = DIRECTION('',(0.,0.,1.));
#4171 = PLANE('',#4172);
#4172 = AXIS2_PLACEMENT_3D('',#4173,#4174,#4175);
#4173 = CARTESIAN_POINT('',(0.64374963178,-0.58760377137,0.));
#4174 = DIRECTION('',(0.,1.,0.));
#4175 = DIRECTION('',(-1.,0.,0.));
#4176 = ADVANCED_FACE('',(#4177),#4202,.T.);
#4177 = FACE_BOUND('',#4178,.T.);
#4178 = EDGE_LOOP('',(#4179,#4187,#4188,#4196));
#4179 = ORIENTED_EDGE('',*,*,#4180,.T.);
#4180 = EDGE_CURVE('',#4181,#4150,#4183,.T.);
#4181 = VERTEX_POINT('',#4182);
#4182 = CARTESIAN_POINT('',(0.508974166146,-0.90949650445,0.));
#4183 = LINE('',#4184,#4185);
#4184 = CARTESIAN_POINT('',(0.508974166146,-0.90949650445,0.));
#4185 = VECTOR('',#4186,1.);
#4186 = DIRECTION('',(0.386210432787,0.922410701156,0.));
#4187 = ORIENTED_EDGE('',*,*,#4166,.T.);
#4188 = ORIENTED_EDGE('',*,*,#4189,.F.);
#4189 = EDGE_CURVE('',#4190,#4159,#4192,.T.);
#4190 = VERTEX_POINT('',#4191);
#4191 = CARTESIAN_POINT('',(0.508974166146,-0.90949650445,3.E-03));
#4192 = LINE('',#4193,#4194);
#4193 = CARTESIAN_POINT('',(0.508974166146,-0.90949650445,3.E-03));
#4194 = VECTOR('',#4195,1.);
#4195 = DIRECTION('',(0.386210432787,0.922410701156,0.));
#4196 = ORIENTED_EDGE('',*,*,#4197,.F.);
#4197 = EDGE_CURVE('',#4181,#4190,#4198,.T.);
#4198 = LINE('',#4199,#4200);
#4199 = CARTESIAN_POINT('',(0.508974166146,-0.90949650445,0.));
#4200 = VECTOR('',#4201,1.);
#4201 = DIRECTION('',(0.,0.,1.));
#4202 = PLANE('',#4203);
#4203 = AXIS2_PLACEMENT_3D('',#4204,#4205,#4206);
#4204 = CARTESIAN_POINT('',(0.508974166146,-0.90949650445,0.));
#4205 = DIRECTION('',(0.922410701156,-0.386210432787,0.));
#4206 = DIRECTION('',(0.386210432787,0.922410701156,0.));
#4207 = ADVANCED_FACE('',(#4208),#4224,.T.);
#4208 = FACE_BOUND('',#4209,.T.);
#4209 = EDGE_LOOP('',(#4210,#4216,#4217,#4223));
#4210 = ORIENTED_EDGE('',*,*,#4211,.T.);
#4211 = EDGE_CURVE('',#4063,#4181,#4212,.T.);
#4212 = LINE('',#4213,#4214);
#4213 = CARTESIAN_POINT('',(0.358792812622,-0.90949650445,0.));
#4214 = VECTOR('',#4215,1.);
#4215 = DIRECTION('',(1.,0.,0.));
#4216 = ORIENTED_EDGE('',*,*,#4197,.T.);
#4217 = ORIENTED_EDGE('',*,*,#4218,.F.);
#4218 = EDGE_CURVE('',#4054,#4190,#4219,.T.);
#4219 = LINE('',#4220,#4221);
#4220 = CARTESIAN_POINT('',(0.358792812622,-0.90949650445,3.E-03));
#4221 = VECTOR('',#4222,1.);
#4222 = DIRECTION('',(1.,0.,0.));
#4223 = ORIENTED_EDGE('',*,*,#4062,.F.);
#4224 = PLANE('',#4225);
#4225 = AXIS2_PLACEMENT_3D('',#4226,#4227,#4228);
#4226 = CARTESIAN_POINT('',(0.358792812622,-0.90949650445,0.));
#4227 = DIRECTION('',(0.,-1.,0.));
#4228 = DIRECTION('',(1.,0.,0.));
#4229 = ADVANCED_FACE('',(#4230),#4238,.T.);
#4230 = FACE_BOUND('',#4231,.T.);
#4231 = EDGE_LOOP('',(#4232,#4233,#4234,#4235,#4236,#4237));
#4232 = ORIENTED_EDGE('',*,*,#4218,.T.);
#4233 = ORIENTED_EDGE('',*,*,#4189,.T.);
#4234 = ORIENTED_EDGE('',*,*,#4158,.T.);
#4235 = ORIENTED_EDGE('',*,*,#4126,.T.);
#4236 = ORIENTED_EDGE('',*,*,#4094,.T.);
#4237 = ORIENTED_EDGE('',*,*,#4053,.T.);
#4238 = PLANE('',#4239);
#4239 = AXIS2_PLACEMENT_3D('',#4240,#4241,#4242);
#4240 = CARTESIAN_POINT('',(0.478561741013,-0.74855013791,3.E-03));
#4241 = DIRECTION('',(0.,0.,1.));
#4242 = DIRECTION('',(1.,0.,-0.));
#4243 = ADVANCED_FACE('',(#4244),#4252,.F.);
#4244 = FACE_BOUND('',#4245,.T.);
#4245 = EDGE_LOOP('',(#4246,#4247,#4248,#4249,#4250,#4251));
#4246 = ORIENTED_EDGE('',*,*,#4211,.F.);
#4247 = ORIENTED_EDGE('',*,*,#4070,.F.);
#4248 = ORIENTED_EDGE('',*,*,#4085,.F.);
#4249 = ORIENTED_EDGE('',*,*,#4116,.F.);
#4250 = ORIENTED_EDGE('',*,*,#4149,.F.);
#4251 = ORIENTED_EDGE('',*,*,#4180,.F.);
#4252 = PLANE('',#4253);
#4253 = AXIS2_PLACEMENT_3D('',#4254,#4255,#4256);
#4254 = CARTESIAN_POINT('',(0.478561741013,-0.74855013791,0.));
#4255 = DIRECTION('',(0.,0.,1.));
#4256 = DIRECTION('',(1.,0.,-0.));
#4257 = MANIFOLD_SOLID_BREP('',#4258);
#4258 = CLOSED_SHELL('',(#4259,#4310,#4320));
#4259 = ADVANCED_FACE('',(#4260),#4305,.T.);
#4260 = FACE_BOUND('',#4261,.T.);
#4261 = EDGE_LOOP('',(#4262,#4273,#4280,#4288,#4297,#4304));
#4262 = ORIENTED_EDGE('',*,*,#4263,.F.);
#4263 = EDGE_CURVE('',#4264,#4266,#4268,.T.);
#4264 = VERTEX_POINT('',#4265);
#4265 = CARTESIAN_POINT('',(-0.757598021457,0.83402116655,3.E-03));
#4266 = VERTEX_POINT('',#4267);
#4267 = CARTESIAN_POINT('',(-0.910444311643,0.83402116655,3.E-03));
#4268 = CIRCLE('',#4269,7.642314509282E-02);
#4269 = AXIS2_PLACEMENT_3D('',#4270,#4271,#4272);
#4270 = CARTESIAN_POINT('',(-0.83402116655,0.83402116655,3.E-03));
#4271 = DIRECTION('',(0.,0.,1.));
#4272 = DIRECTION('',(1.,0.,-0.));
#4273 = ORIENTED_EDGE('',*,*,#4274,.F.);
#4274 = EDGE_CURVE('',#4266,#4264,#4275,.T.);
#4275 = CIRCLE('',#4276,7.642314509282E-02);
#4276 = AXIS2_PLACEMENT_3D('',#4277,#4278,#4279);
#4277 = CARTESIAN_POINT('',(-0.83402116655,0.83402116655,3.E-03));
#4278 = DIRECTION('',(0.,0.,1.));
#4279 = DIRECTION('',(1.,0.,-0.));
#4280 = ORIENTED_EDGE('',*,*,#4281,.T.);
#4281 = EDGE_CURVE('',#4266,#4282,#4284,.T.);
#4282 = VERTEX_POINT('',#4283);
#4283 = CARTESIAN_POINT('',(-0.910444311643,0.83402116655,0.));
#4284 = LINE('',#4285,#4286);
#4285 = CARTESIAN_POINT('',(-0.910444311643,0.83402116655,0.));
#4286 = VECTOR('',#4287,1.);
#4287 = DIRECTION('',(0.,0.,-1.));
#4288 = ORIENTED_EDGE('',*,*,#4289,.T.);
#4289 = EDGE_CURVE('',#4282,#4290,#4292,.T.);
#4290 = VERTEX_POINT('',#4291);
#4291 = CARTESIAN_POINT('',(-0.757598021457,0.83402116655,0.));
#4292 = CIRCLE('',#4293,7.642314509282E-02);
#4293 = AXIS2_PLACEMENT_3D('',#4294,#4295,#4296);
#4294 = CARTESIAN_POINT('',(-0.83402116655,0.83402116655,0.));
#4295 = DIRECTION('',(0.,0.,1.));
#4296 = DIRECTION('',(1.,0.,-0.));
#4297 = ORIENTED_EDGE('',*,*,#4298,.T.);
#4298 = EDGE_CURVE('',#4290,#4282,#4299,.T.);
#4299 = CIRCLE('',#4300,7.642314509282E-02);
#4300 = AXIS2_PLACEMENT_3D('',#4301,#4302,#4303);
#4301 = CARTESIAN_POINT('',(-0.83402116655,0.83402116655,0.));
#4302 = DIRECTION('',(0.,0.,1.));
#4303 = DIRECTION('',(1.,0.,-0.));
#4304 = ORIENTED_EDGE('',*,*,#4281,.F.);
#4305 = CYLINDRICAL_SURFACE('',#4306,7.642314509282E-02);
#4306 = AXIS2_PLACEMENT_3D('',#4307,#4308,#4309);
#4307 = CARTESIAN_POINT('',(-0.83402116655,0.83402116655,0.));
#4308 = DIRECTION('',(0.,0.,1.));
#4309 = DIRECTION('',(1.,0.,-0.));
#4310 = ADVANCED_FACE('',(#4311),#4315,.T.);
#4311 = FACE_BOUND('',#4312,.T.);
#4312 = EDGE_LOOP('',(#4313,#4314));
#4313 = ORIENTED_EDGE('',*,*,#4263,.T.);
#4314 = ORIENTED_EDGE('',*,*,#4274,.T.);
#4315 = PLANE('',#4316);
#4316 = AXIS2_PLACEMENT_3D('',#4317,#4318,#4319);
#4317 = CARTESIAN_POINT('',(-0.83402116655,0.83402116655,3.E-03));
#4318 = DIRECTION('',(0.,0.,1.));
#4319 = DIRECTION('',(1.,0.,-0.));
#4320 = ADVANCED_FACE('',(#4321),#4325,.F.);
#4321 = FACE_BOUND('',#4322,.T.);
#4322 = EDGE_LOOP('',(#4323,#4324));
#4323 = ORIENTED_EDGE('',*,*,#4298,.F.);
#4324 = ORIENTED_EDGE('',*,*,#4289,.F.);
#4325 = PLANE('',#4326);
#4326 = AXIS2_PLACEMENT_3D('',#4327,#4328,#4329);
#4327 = CARTESIAN_POINT('',(-0.83402116655,0.83402116655,0.));
#4328 = DIRECTION('',(0.,0.,1.));
#4329 = DIRECTION('',(1.,0.,-0.));
#4330 = ( GEOMETRIC_REPRESENTATION_CONTEXT(3) 
GLOBAL_UNCERTAINTY_ASSIGNED_CONTEXT((#4334)) 
GLOBAL_UNIT_ASSIGNED_CONTEXT((#4331,#4332,#4333)) REPRESENTATION_CONTEXT
('Context #1','3D Context with UNIT and UNCERTAINTY') );
#4331 = ( LENGTH_UNIT() NAMED_UNIT(*) SI_UNIT(.MILLI.,.METRE.) );
#4332 = ( NAMED_UNIT(*) PLANE_ANGLE_UNIT() SI_UNIT($,.RADIAN.) );
#4333 = ( NAMED_UNIT(*) SI_UNIT($,.STERADIAN.) SOLID_ANGLE_UNIT() );
#4334 = UNCERTAINTY_MEASURE_WITH_UNIT(LENGTH_MEASURE(1.E-07),#4331,
  'distance_accuracy_value','confusion accuracy');
#4335 = SHAPE_DEFINITION_REPRESENTATION(#4336,#3530);
#4336 = PRODUCT_DEFINITION_SHAPE('','',#4337);
#4337 = PRODUCT_DEFINITION('design','',#4338,#4341);
#4338 = PRODUCT_DEFINITION_FORMATION('','',#4339);
#4339 = PRODUCT('logo','logo','',(#4340));
#4340 = PRODUCT_CONTEXT('',#2,'mechanical');
#4341 = PRODUCT_DEFINITION_CONTEXT('part definition',#2,'design');
#4342 = CONTEXT_DEPENDENT_SHAPE_REPRESENTATION(#4343,#4345);
#4343 = ( REPRESENTATION_RELATIONSHIP('','',#3530,#1109) 
REPRESENTATION_RELATIONSHIP_WITH_TRANSFORMATION(#4344) 
SHAPE_REPRESENTATION_RELATIONSHIP() );
#4344 = ITEM_DEFINED_TRANSFORMATION('','',#11,#1118);
#4345 = PRODUCT_DEFINITION_SHAPE('Placement','Placement of an item',
  #4346);
#4346 = NEXT_ASSEMBLY_USAGE_OCCURRENCE('223','logo:1','',#1104,#4337,$);
#4347 = PRODUCT_RELATED_PRODUCT_CATEGORY('part',$,(#4339));
#4348 = SHAPE_REPRESENTATION('',(#11,#4349,#4631,#4913,#5195,#5477,#5759
    ,#6041,#6323,#6605,#6887,#7169,#7451),#7766);
#4349 = MANIFOLD_SOLID_BREP('',#4350);
#4350 = CLOSED_SHELL('',(#4351,#4391,#4422,#4446,#4470,#4519,#4550,#4581
    ,#4603,#4615));
#4351 = ADVANCED_FACE('',(#4352),#4386,.F.);
#4352 = FACE_BOUND('',#4353,.T.);
#4353 = EDGE_LOOP('',(#4354,#4364,#4372,#4380));
#4354 = ORIENTED_EDGE('',*,*,#4355,.F.);
#4355 = EDGE_CURVE('',#4356,#4358,#4360,.T.);
#4356 = VERTEX_POINT('',#4357);
#4357 = CARTESIAN_POINT('',(1.,0.2,0.));
#4358 = VERTEX_POINT('',#4359);
#4359 = CARTESIAN_POINT('',(1.,0.2,2.5E-02));
#4360 = LINE('',#4361,#4362);
#4361 = CARTESIAN_POINT('',(1.,0.2,0.));
#4362 = VECTOR('',#4363,1.);
#4363 = DIRECTION('',(0.,0.,1.));
#4364 = ORIENTED_EDGE('',*,*,#4365,.F.);
#4365 = EDGE_CURVE('',#4366,#4356,#4368,.T.);
#4366 = VERTEX_POINT('',#4367);
#4367 = CARTESIAN_POINT('',(0.93,0.2,0.));
#4368 = LINE('',#4369,#4370);
#4369 = CARTESIAN_POINT('',(0.865,0.2,0.));
#4370 = VECTOR('',#4371,1.);
#4371 = DIRECTION('',(1.,2.478176394253E-16,0.));
#4372 = ORIENTED_EDGE('',*,*,#4373,.T.);
#4373 = EDGE_CURVE('',#4366,#4374,#4376,.T.);
#4374 = VERTEX_POINT('',#4375);
#4375 = CARTESIAN_POINT('',(0.93,0.2,2.5E-02));
#4376 = LINE('',#4377,#4378);
#4377 = CARTESIAN_POINT('',(0.93,0.2,0.));
#4378 = VECTOR('',#4379,1.);
#4379 = DIRECTION('',(0.,0.,1.));
#4380 = ORIENTED_EDGE('',*,*,#4381,.T.);
#4381 = EDGE_CURVE('',#4374,#4358,#4382,.T.);
#4382 = LINE('',#4383,#4384);
#4383 = CARTESIAN_POINT('',(1.07,0.2,2.5E-02));
#4384 = VECTOR('',#4385,1.);
#4385 = DIRECTION('',(1.,2.478176394253E-16,0.));
#4386 = PLANE('',#4387);
#4387 = AXIS2_PLACEMENT_3D('',#4388,#4389,#4390);
#4388 = CARTESIAN_POINT('',(0.93,0.2,0.));
#4389 = DIRECTION('',(2.478176394253E-16,-1.,0.));
#4390 = DIRECTION('',(1.,2.478176394253E-16,0.));
#4391 = ADVANCED_FACE('',(#4392),#4417,.F.);
#4392 = FACE_BOUND('',#4393,.T.);
#4393 = EDGE_LOOP('',(#4394,#4402,#4403,#4411));
#4394 = ORIENTED_EDGE('',*,*,#4395,.F.);
#4395 = EDGE_CURVE('',#4358,#4396,#4398,.T.);
#4396 = VERTEX_POINT('',#4397);
#4397 = CARTESIAN_POINT('',(1.,0.3,2.5E-02));
#4398 = LINE('',#4399,#4400);
#4399 = CARTESIAN_POINT('',(1.,0.1875,2.5E-02));
#4400 = VECTOR('',#4401,1.);
#4401 = DIRECTION('',(0.,1.,0.));
#4402 = ORIENTED_EDGE('',*,*,#4381,.F.);
#4403 = ORIENTED_EDGE('',*,*,#4404,.F.);
#4404 = EDGE_CURVE('',#4405,#4374,#4407,.T.);
#4405 = VERTEX_POINT('',#4406);
#4406 = CARTESIAN_POINT('',(0.93,0.3,2.5E-02));
#4407 = LINE('',#4408,#4409);
#4408 = CARTESIAN_POINT('',(0.93,0.2,2.5E-02));
#4409 = VECTOR('',#4410,1.);
#4410 = DIRECTION('',(0.,-1.,0.));
#4411 = ORIENTED_EDGE('',*,*,#4412,.F.);
#4412 = EDGE_CURVE('',#4396,#4405,#4413,.T.);
#4413 = LINE('',#4414,#4415);
#4414 = CARTESIAN_POINT('',(0.93,0.3,2.5E-02));
#4415 = VECTOR('',#4416,1.);
#4416 = DIRECTION('',(-1.,-4.956352788505E-16,0.));
#4417 = PLANE('',#4418);
#4418 = AXIS2_PLACEMENT_3D('',#4419,#4420,#4421);
#4419 = CARTESIAN_POINT('',(1.,0.25,2.5E-02));
#4420 = DIRECTION('',(0.,0.,1.));
#4421 = DIRECTION('',(1.,0.,-0.));
#4422 = ADVANCED_FACE('',(#4423),#4441,.F.);
#4423 = FACE_BOUND('',#4424,.T.);
#4424 = EDGE_LOOP('',(#4425,#4433,#4439,#4440));
#4425 = ORIENTED_EDGE('',*,*,#4426,.F.);
#4426 = EDGE_CURVE('',#4427,#4366,#4429,.T.);
#4427 = VERTEX_POINT('',#4428);
#4428 = CARTESIAN_POINT('',(0.93,0.3,0.));
#4429 = LINE('',#4430,#4431);
#4430 = CARTESIAN_POINT('',(0.93,0.275,0.));
#4431 = VECTOR('',#4432,1.);
#4432 = DIRECTION('',(0.,-1.,0.));
#4433 = ORIENTED_EDGE('',*,*,#4434,.T.);
#4434 = EDGE_CURVE('',#4427,#4405,#4435,.T.);
#4435 = LINE('',#4436,#4437);
#4436 = CARTESIAN_POINT('',(0.93,0.3,0.));
#4437 = VECTOR('',#4438,1.);
#4438 = DIRECTION('',(0.,0.,1.));
#4439 = ORIENTED_EDGE('',*,*,#4404,.T.);
#4440 = ORIENTED_EDGE('',*,*,#4373,.F.);
#4441 = PLANE('',#4442);
#4442 = AXIS2_PLACEMENT_3D('',#4443,#4444,#4445);
#4443 = CARTESIAN_POINT('',(0.93,0.3,0.));
#4444 = DIRECTION('',(-1.,0.,0.));
#4445 = DIRECTION('',(0.,-1.,0.));
#4446 = ADVANCED_FACE('',(#4447),#4465,.F.);
#4447 = FACE_BOUND('',#4448,.T.);
#4448 = EDGE_LOOP('',(#4449,#4457,#4458,#4459));
#4449 = ORIENTED_EDGE('',*,*,#4450,.F.);
#4450 = EDGE_CURVE('',#4396,#4451,#4453,.T.);
#4451 = VERTEX_POINT('',#4452);
#4452 = CARTESIAN_POINT('',(1.,0.3,0.));
#4453 = LINE('',#4454,#4455);
#4454 = CARTESIAN_POINT('',(1.,0.3,0.));
#4455 = VECTOR('',#4456,1.);
#4456 = DIRECTION('',(0.,0.,-1.));
#4457 = ORIENTED_EDGE('',*,*,#4412,.T.);
#4458 = ORIENTED_EDGE('',*,*,#4434,.F.);
#4459 = ORIENTED_EDGE('',*,*,#4460,.F.);
#4460 = EDGE_CURVE('',#4451,#4427,#4461,.T.);
#4461 = LINE('',#4462,#4463);
#4462 = CARTESIAN_POINT('',(0.935,0.3,0.));
#4463 = VECTOR('',#4464,1.);
#4464 = DIRECTION('',(-1.,-4.956352788505E-16,0.));
#4465 = PLANE('',#4466);
#4466 = AXIS2_PLACEMENT_3D('',#4467,#4468,#4469);
#4467 = CARTESIAN_POINT('',(1.07,0.3,0.));
#4468 = DIRECTION('',(-4.956352788505E-16,1.,0.));
#4469 = DIRECTION('',(-1.,-4.956352788505E-16,0.));
#4470 = ADVANCED_FACE('',(#4471),#4514,.T.);
#4471 = FACE_BOUND('',#4472,.T.);
#4472 = EDGE_LOOP('',(#4473,#4474,#4475,#4476,#4484,#4492,#4500,#4508));
#4473 = ORIENTED_EDGE('',*,*,#4355,.T.);
#4474 = ORIENTED_EDGE('',*,*,#4395,.T.);
#4475 = ORIENTED_EDGE('',*,*,#4450,.T.);
#4476 = ORIENTED_EDGE('',*,*,#4477,.T.);
#4477 = EDGE_CURVE('',#4451,#4478,#4480,.T.);
#4478 = VERTEX_POINT('',#4479);
#4479 = CARTESIAN_POINT('',(1.,0.375,0.));
#4480 = LINE('',#4481,#4482);
#4481 = CARTESIAN_POINT('',(1.,0.,0.));
#4482 = VECTOR('',#4483,1.);
#4483 = DIRECTION('',(0.,1.,0.));
#4484 = ORIENTED_EDGE('',*,*,#4485,.T.);
#4485 = EDGE_CURVE('',#4478,#4486,#4488,.T.);
#4486 = VERTEX_POINT('',#4487);
#4487 = CARTESIAN_POINT('',(1.,0.375,5.E-02));
#4488 = LINE('',#4489,#4490);
#4489 = CARTESIAN_POINT('',(1.,0.375,0.));
#4490 = VECTOR('',#4491,1.);
#4491 = DIRECTION('',(0.,0.,1.));
#4492 = ORIENTED_EDGE('',*,*,#4493,.F.);
#4493 = EDGE_CURVE('',#4494,#4486,#4496,.T.);
#4494 = VERTEX_POINT('',#4495);
#4495 = CARTESIAN_POINT('',(1.,0.125,5.E-02));
#4496 = LINE('',#4497,#4498);
#4497 = CARTESIAN_POINT('',(1.,0.,5.E-02));
#4498 = VECTOR('',#4499,1.);
#4499 = DIRECTION('',(0.,1.,0.));
#4500 = ORIENTED_EDGE('',*,*,#4501,.F.);
#4501 = EDGE_CURVE('',#4502,#4494,#4504,.T.);
#4502 = VERTEX_POINT('',#4503);
#4503 = CARTESIAN_POINT('',(1.,0.125,0.));
#4504 = LINE('',#4505,#4506);
#4505 = CARTESIAN_POINT('',(1.,0.125,0.));
#4506 = VECTOR('',#4507,1.);
#4507 = DIRECTION('',(0.,0.,1.));
#4508 = ORIENTED_EDGE('',*,*,#4509,.T.);
#4509 = EDGE_CURVE('',#4502,#4356,#4510,.T.);
#4510 = LINE('',#4511,#4512);
#4511 = CARTESIAN_POINT('',(1.,0.,0.));
#4512 = VECTOR('',#4513,1.);
#4513 = DIRECTION('',(0.,1.,0.));
#4514 = PLANE('',#4515);
#4515 = AXIS2_PLACEMENT_3D('',#4516,#4517,#4518);
#4516 = CARTESIAN_POINT('',(1.,0.125,0.));
#4517 = DIRECTION('',(1.,0.,0.));
#4518 = DIRECTION('',(-0.,1.,0.));
#4519 = ADVANCED_FACE('',(#4520),#4545,.T.);
#4520 = FACE_BOUND('',#4521,.T.);
#4521 = EDGE_LOOP('',(#4522,#4530,#4538,#4544));
#4522 = ORIENTED_EDGE('',*,*,#4523,.T.);
#4523 = EDGE_CURVE('',#4478,#4524,#4526,.T.);
#4524 = VERTEX_POINT('',#4525);
#4525 = CARTESIAN_POINT('',(0.6,0.375,0.));
#4526 = LINE('',#4527,#4528);
#4527 = CARTESIAN_POINT('',(1.,0.375,0.));
#4528 = VECTOR('',#4529,1.);
#4529 = DIRECTION('',(-1.,0.,0.));
#4530 = ORIENTED_EDGE('',*,*,#4531,.T.);
#4531 = EDGE_CURVE('',#4524,#4532,#4534,.T.);
#4532 = VERTEX_POINT('',#4533);
#4533 = CARTESIAN_POINT('',(0.6,0.375,5.E-02));
#4534 = LINE('',#4535,#4536);
#4535 = CARTESIAN_POINT('',(0.6,0.375,0.));
#4536 = VECTOR('',#4537,1.);
#4537 = DIRECTION('',(0.,0.,1.));
#4538 = ORIENTED_EDGE('',*,*,#4539,.F.);
#4539 = EDGE_CURVE('',#4486,#4532,#4540,.T.);
#4540 = LINE('',#4541,#4542);
#4541 = CARTESIAN_POINT('',(1.,0.375,5.E-02));
#4542 = VECTOR('',#4543,1.);
#4543 = DIRECTION('',(-1.,0.,0.));
#4544 = ORIENTED_EDGE('',*,*,#4485,.F.);
#4545 = PLANE('',#4546);
#4546 = AXIS2_PLACEMENT_3D('',#4547,#4548,#4549);
#4547 = CARTESIAN_POINT('',(1.,0.375,0.));
#4548 = DIRECTION('',(0.,1.,0.));
#4549 = DIRECTION('',(-1.,0.,0.));
#4550 = ADVANCED_FACE('',(#4551),#4576,.T.);
#4551 = FACE_BOUND('',#4552,.T.);
#4552 = EDGE_LOOP('',(#4553,#4561,#4562,#4570));
#4553 = ORIENTED_EDGE('',*,*,#4554,.T.);
#4554 = EDGE_CURVE('',#4555,#4502,#4557,.T.);
#4555 = VERTEX_POINT('',#4556);
#4556 = CARTESIAN_POINT('',(0.6,0.125,0.));
#4557 = LINE('',#4558,#4559);
#4558 = CARTESIAN_POINT('',(0.6,0.125,0.));
#4559 = VECTOR('',#4560,1.);
#4560 = DIRECTION('',(1.,0.,0.));
#4561 = ORIENTED_EDGE('',*,*,#4501,.T.);
#4562 = ORIENTED_EDGE('',*,*,#4563,.F.);
#4563 = EDGE_CURVE('',#4564,#4494,#4566,.T.);
#4564 = VERTEX_POINT('',#4565);
#4565 = CARTESIAN_POINT('',(0.6,0.125,5.E-02));
#4566 = LINE('',#4567,#4568);
#4567 = CARTESIAN_POINT('',(0.6,0.125,5.E-02));
#4568 = VECTOR('',#4569,1.);
#4569 = DIRECTION('',(1.,0.,0.));
#4570 = ORIENTED_EDGE('',*,*,#4571,.F.);
#4571 = EDGE_CURVE('',#4555,#4564,#4572,.T.);
#4572 = LINE('',#4573,#4574);
#4573 = CARTESIAN_POINT('',(0.6,0.125,0.));
#4574 = VECTOR('',#4575,1.);
#4575 = DIRECTION('',(0.,0.,1.));
#4576 = PLANE('',#4577);
#4577 = AXIS2_PLACEMENT_3D('',#4578,#4579,#4580);
#4578 = CARTESIAN_POINT('',(0.6,0.125,0.));
#4579 = DIRECTION('',(0.,-1.,0.));
#4580 = DIRECTION('',(1.,0.,0.));
#4581 = ADVANCED_FACE('',(#4582),#4598,.T.);
#4582 = FACE_BOUND('',#4583,.T.);
#4583 = EDGE_LOOP('',(#4584,#4590,#4591,#4597));
#4584 = ORIENTED_EDGE('',*,*,#4585,.T.);
#4585 = EDGE_CURVE('',#4524,#4555,#4586,.T.);
#4586 = LINE('',#4587,#4588);
#4587 = CARTESIAN_POINT('',(0.6,0.375,0.));
#4588 = VECTOR('',#4589,1.);
#4589 = DIRECTION('',(0.,-1.,0.));
#4590 = ORIENTED_EDGE('',*,*,#4571,.T.);
#4591 = ORIENTED_EDGE('',*,*,#4592,.F.);
#4592 = EDGE_CURVE('',#4532,#4564,#4593,.T.);
#4593 = LINE('',#4594,#4595);
#4594 = CARTESIAN_POINT('',(0.6,0.375,5.E-02));
#4595 = VECTOR('',#4596,1.);
#4596 = DIRECTION('',(0.,-1.,0.));
#4597 = ORIENTED_EDGE('',*,*,#4531,.F.);
#4598 = PLANE('',#4599);
#4599 = AXIS2_PLACEMENT_3D('',#4600,#4601,#4602);
#4600 = CARTESIAN_POINT('',(0.6,0.375,0.));
#4601 = DIRECTION('',(-1.,0.,0.));
#4602 = DIRECTION('',(0.,-1.,0.));
#4603 = ADVANCED_FACE('',(#4604),#4610,.T.);
#4604 = FACE_BOUND('',#4605,.T.);
#4605 = EDGE_LOOP('',(#4606,#4607,#4608,#4609));
#4606 = ORIENTED_EDGE('',*,*,#4592,.T.);
#4607 = ORIENTED_EDGE('',*,*,#4563,.T.);
#4608 = ORIENTED_EDGE('',*,*,#4493,.T.);
#4609 = ORIENTED_EDGE('',*,*,#4539,.T.);
#4610 = PLANE('',#4611);
#4611 = AXIS2_PLACEMENT_3D('',#4612,#4613,#4614);
#4612 = CARTESIAN_POINT('',(0.8,0.25,5.E-02));
#4613 = DIRECTION('',(0.,0.,1.));
#4614 = DIRECTION('',(1.,0.,-0.));
#4615 = ADVANCED_FACE('',(#4616),#4626,.F.);
#4616 = FACE_BOUND('',#4617,.T.);
#4617 = EDGE_LOOP('',(#4618,#4619,#4620,#4621,#4622,#4623,#4624,#4625));
#4618 = ORIENTED_EDGE('',*,*,#4365,.T.);
#4619 = ORIENTED_EDGE('',*,*,#4509,.F.);
#4620 = ORIENTED_EDGE('',*,*,#4554,.F.);
#4621 = ORIENTED_EDGE('',*,*,#4585,.F.);
#4622 = ORIENTED_EDGE('',*,*,#4523,.F.);
#4623 = ORIENTED_EDGE('',*,*,#4477,.F.);
#4624 = ORIENTED_EDGE('',*,*,#4460,.T.);
#4625 = ORIENTED_EDGE('',*,*,#4426,.T.);
#4626 = PLANE('',#4627);
#4627 = AXIS2_PLACEMENT_3D('',#4628,#4629,#4630);
#4628 = CARTESIAN_POINT('',(0.8,0.25,0.));
#4629 = DIRECTION('',(0.,0.,1.));
#4630 = DIRECTION('',(1.,0.,-0.));
#4631 = MANIFOLD_SOLID_BREP('',#4632);
#4632 = CLOSED_SHELL('',(#4633,#4673,#4704,#4728,#4752,#4801,#4832,#4863
    ,#4885,#4897));
#4633 = ADVANCED_FACE('',(#4634),#4668,.F.);
#4634 = FACE_BOUND('',#4635,.T.);
#4635 = EDGE_LOOP('',(#4636,#4646,#4654,#4662));
#4636 = ORIENTED_EDGE('',*,*,#4637,.F.);
#4637 = EDGE_CURVE('',#4638,#4640,#4642,.T.);
#4638 = VERTEX_POINT('',#4639);
#4639 = CARTESIAN_POINT('',(-0.3,-1.,0.));
#4640 = VERTEX_POINT('',#4641);
#4641 = CARTESIAN_POINT('',(-0.3,-1.,2.5E-02));
#4642 = LINE('',#4643,#4644);
#4643 = CARTESIAN_POINT('',(-0.3,-1.,0.));
#4644 = VECTOR('',#4645,1.);
#4645 = DIRECTION('',(0.,0.,1.));
#4646 = ORIENTED_EDGE('',*,*,#4647,.F.);
#4647 = EDGE_CURVE('',#4648,#4638,#4650,.T.);
#4648 = VERTEX_POINT('',#4649);
#4649 = CARTESIAN_POINT('',(-0.3,-0.93,0.));
#4650 = LINE('',#4651,#4652);
#4651 = CARTESIAN_POINT('',(-0.3,-0.865,0.));
#4652 = VECTOR('',#4653,1.);
#4653 = DIRECTION('',(0.,-1.,0.));
#4654 = ORIENTED_EDGE('',*,*,#4655,.T.);
#4655 = EDGE_CURVE('',#4648,#4656,#4658,.T.);
#4656 = VERTEX_POINT('',#4657);
#4657 = CARTESIAN_POINT('',(-0.3,-0.93,2.5E-02));
#4658 = LINE('',#4659,#4660);
#4659 = CARTESIAN_POINT('',(-0.3,-0.93,0.));
#4660 = VECTOR('',#4661,1.);
#4661 = DIRECTION('',(0.,0.,1.));
#4662 = ORIENTED_EDGE('',*,*,#4663,.T.);
#4663 = EDGE_CURVE('',#4656,#4640,#4664,.T.);
#4664 = LINE('',#4665,#4666);
#4665 = CARTESIAN_POINT('',(-0.3,-1.07,2.5E-02));
#4666 = VECTOR('',#4667,1.);
#4667 = DIRECTION('',(0.,-1.,0.));
#4668 = PLANE('',#4669);
#4669 = AXIS2_PLACEMENT_3D('',#4670,#4671,#4672);
#4670 = CARTESIAN_POINT('',(-0.3,-0.93,0.));
#4671 = DIRECTION('',(-1.,0.,0.));
#4672 = DIRECTION('',(0.,-1.,0.));
#4673 = ADVANCED_FACE('',(#4674),#4699,.F.);
#4674 = FACE_BOUND('',#4675,.T.);
#4675 = EDGE_LOOP('',(#4676,#4684,#4685,#4693));
#4676 = ORIENTED_EDGE('',*,*,#4677,.F.);
#4677 = EDGE_CURVE('',#4640,#4678,#4680,.T.);
#4678 = VERTEX_POINT('',#4679);
#4679 = CARTESIAN_POINT('',(-0.2,-1.,2.5E-02));
#4680 = LINE('',#4681,#4682);
#4681 = CARTESIAN_POINT('',(-0.3125,-1.,2.5E-02));
#4682 = VECTOR('',#4683,1.);
#4683 = DIRECTION('',(1.,0.,0.));
#4684 = ORIENTED_EDGE('',*,*,#4663,.F.);
#4685 = ORIENTED_EDGE('',*,*,#4686,.F.);
#4686 = EDGE_CURVE('',#4687,#4656,#4689,.T.);
#4687 = VERTEX_POINT('',#4688);
#4688 = CARTESIAN_POINT('',(-0.2,-0.93,2.5E-02));
#4689 = LINE('',#4690,#4691);
#4690 = CARTESIAN_POINT('',(-0.3,-0.93,2.5E-02));
#4691 = VECTOR('',#4692,1.);
#4692 = DIRECTION('',(-1.,0.,0.));
#4693 = ORIENTED_EDGE('',*,*,#4694,.F.);
#4694 = EDGE_CURVE('',#4678,#4687,#4695,.T.);
#4695 = LINE('',#4696,#4697);
#4696 = CARTESIAN_POINT('',(-0.2,-0.93,2.5E-02));
#4697 = VECTOR('',#4698,1.);
#4698 = DIRECTION('',(0.,1.,0.));
#4699 = PLANE('',#4700);
#4700 = AXIS2_PLACEMENT_3D('',#4701,#4702,#4703);
#4701 = CARTESIAN_POINT('',(-0.25,-1.,2.5E-02));
#4702 = DIRECTION('',(0.,0.,1.));
#4703 = DIRECTION('',(1.,0.,-0.));
#4704 = ADVANCED_FACE('',(#4705),#4723,.F.);
#4705 = FACE_BOUND('',#4706,.T.);
#4706 = EDGE_LOOP('',(#4707,#4715,#4721,#4722));
#4707 = ORIENTED_EDGE('',*,*,#4708,.F.);
#4708 = EDGE_CURVE('',#4709,#4648,#4711,.T.);
#4709 = VERTEX_POINT('',#4710);
#4710 = CARTESIAN_POINT('',(-0.2,-0.93,0.));
#4711 = LINE('',#4712,#4713);
#4712 = CARTESIAN_POINT('',(-0.225,-0.93,0.));
#4713 = VECTOR('',#4714,1.);
#4714 = DIRECTION('',(-1.,0.,0.));
#4715 = ORIENTED_EDGE('',*,*,#4716,.T.);
#4716 = EDGE_CURVE('',#4709,#4687,#4717,.T.);
#4717 = LINE('',#4718,#4719);
#4718 = CARTESIAN_POINT('',(-0.2,-0.93,0.));
#4719 = VECTOR('',#4720,1.);
#4720 = DIRECTION('',(0.,0.,1.));
#4721 = ORIENTED_EDGE('',*,*,#4686,.T.);
#4722 = ORIENTED_EDGE('',*,*,#4655,.F.);
#4723 = PLANE('',#4724);
#4724 = AXIS2_PLACEMENT_3D('',#4725,#4726,#4727);
#4725 = CARTESIAN_POINT('',(-0.2,-0.93,0.));
#4726 = DIRECTION('',(0.,1.,0.));
#4727 = DIRECTION('',(-1.,0.,0.));
#4728 = ADVANCED_FACE('',(#4729),#4747,.F.);
#4729 = FACE_BOUND('',#4730,.T.);
#4730 = EDGE_LOOP('',(#4731,#4739,#4740,#4741));
#4731 = ORIENTED_EDGE('',*,*,#4732,.F.);
#4732 = EDGE_CURVE('',#4678,#4733,#4735,.T.);
#4733 = VERTEX_POINT('',#4734);
#4734 = CARTESIAN_POINT('',(-0.2,-1.,0.));
#4735 = LINE('',#4736,#4737);
#4736 = CARTESIAN_POINT('',(-0.2,-1.,0.));
#4737 = VECTOR('',#4738,1.);
#4738 = DIRECTION('',(0.,0.,-1.));
#4739 = ORIENTED_EDGE('',*,*,#4694,.T.);
#4740 = ORIENTED_EDGE('',*,*,#4716,.F.);
#4741 = ORIENTED_EDGE('',*,*,#4742,.F.);
#4742 = EDGE_CURVE('',#4733,#4709,#4743,.T.);
#4743 = LINE('',#4744,#4745);
#4744 = CARTESIAN_POINT('',(-0.2,-0.935,0.));
#4745 = VECTOR('',#4746,1.);
#4746 = DIRECTION('',(0.,1.,0.));
#4747 = PLANE('',#4748);
#4748 = AXIS2_PLACEMENT_3D('',#4749,#4750,#4751);
#4749 = CARTESIAN_POINT('',(-0.2,-1.07,0.));
#4750 = DIRECTION('',(1.,0.,0.));
#4751 = DIRECTION('',(-0.,1.,0.));
#4752 = ADVANCED_FACE('',(#4753),#4796,.T.);
#4753 = FACE_BOUND('',#4754,.T.);
#4754 = EDGE_LOOP('',(#4755,#4756,#4757,#4758,#4766,#4774,#4782,#4790));
#4755 = ORIENTED_EDGE('',*,*,#4637,.T.);
#4756 = ORIENTED_EDGE('',*,*,#4677,.T.);
#4757 = ORIENTED_EDGE('',*,*,#4732,.T.);
#4758 = ORIENTED_EDGE('',*,*,#4759,.T.);
#4759 = EDGE_CURVE('',#4733,#4760,#4762,.T.);
#4760 = VERTEX_POINT('',#4761);
#4761 = CARTESIAN_POINT('',(-0.125,-1.,0.));
#4762 = LINE('',#4763,#4764);
#4763 = CARTESIAN_POINT('',(-0.375,-1.,0.));
#4764 = VECTOR('',#4765,1.);
#4765 = DIRECTION('',(1.,0.,0.));
#4766 = ORIENTED_EDGE('',*,*,#4767,.T.);
#4767 = EDGE_CURVE('',#4760,#4768,#4770,.T.);
#4768 = VERTEX_POINT('',#4769);
#4769 = CARTESIAN_POINT('',(-0.125,-1.,5.E-02));
#4770 = LINE('',#4771,#4772);
#4771 = CARTESIAN_POINT('',(-0.125,-1.,0.));
#4772 = VECTOR('',#4773,1.);
#4773 = DIRECTION('',(0.,0.,1.));
#4774 = ORIENTED_EDGE('',*,*,#4775,.F.);
#4775 = EDGE_CURVE('',#4776,#4768,#4778,.T.);
#4776 = VERTEX_POINT('',#4777);
#4777 = CARTESIAN_POINT('',(-0.375,-1.,5.E-02));
#4778 = LINE('',#4779,#4780);
#4779 = CARTESIAN_POINT('',(-0.375,-1.,5.E-02));
#4780 = VECTOR('',#4781,1.);
#4781 = DIRECTION('',(1.,0.,0.));
#4782 = ORIENTED_EDGE('',*,*,#4783,.F.);
#4783 = EDGE_CURVE('',#4784,#4776,#4786,.T.);
#4784 = VERTEX_POINT('',#4785);
#4785 = CARTESIAN_POINT('',(-0.375,-1.,0.));
#4786 = LINE('',#4787,#4788);
#4787 = CARTESIAN_POINT('',(-0.375,-1.,0.));
#4788 = VECTOR('',#4789,1.);
#4789 = DIRECTION('',(0.,0.,1.));
#4790 = ORIENTED_EDGE('',*,*,#4791,.T.);
#4791 = EDGE_CURVE('',#4784,#4638,#4792,.T.);
#4792 = LINE('',#4793,#4794);
#4793 = CARTESIAN_POINT('',(-0.375,-1.,0.));
#4794 = VECTOR('',#4795,1.);
#4795 = DIRECTION('',(1.,0.,0.));
#4796 = PLANE('',#4797);
#4797 = AXIS2_PLACEMENT_3D('',#4798,#4799,#4800);
#4798 = CARTESIAN_POINT('',(-0.375,-1.,0.));
#4799 = DIRECTION('',(0.,-1.,0.));
#4800 = DIRECTION('',(1.,0.,0.));
#4801 = ADVANCED_FACE('',(#4802),#4827,.T.);
#4802 = FACE_BOUND('',#4803,.T.);
#4803 = EDGE_LOOP('',(#4804,#4812,#4820,#4826));
#4804 = ORIENTED_EDGE('',*,*,#4805,.T.);
#4805 = EDGE_CURVE('',#4760,#4806,#4808,.T.);
#4806 = VERTEX_POINT('',#4807);
#4807 = CARTESIAN_POINT('',(-0.125,-0.6,0.));
#4808 = LINE('',#4809,#4810);
#4809 = CARTESIAN_POINT('',(-0.125,-1.,0.));
#4810 = VECTOR('',#4811,1.);
#4811 = DIRECTION('',(1.301042606983E-16,1.,0.));
#4812 = ORIENTED_EDGE('',*,*,#4813,.T.);
#4813 = EDGE_CURVE('',#4806,#4814,#4816,.T.);
#4814 = VERTEX_POINT('',#4815);
#4815 = CARTESIAN_POINT('',(-0.125,-0.6,5.E-02));
#4816 = LINE('',#4817,#4818);
#4817 = CARTESIAN_POINT('',(-0.125,-0.6,0.));
#4818 = VECTOR('',#4819,1.);
#4819 = DIRECTION('',(0.,0.,1.));
#4820 = ORIENTED_EDGE('',*,*,#4821,.F.);
#4821 = EDGE_CURVE('',#4768,#4814,#4822,.T.);
#4822 = LINE('',#4823,#4824);
#4823 = CARTESIAN_POINT('',(-0.125,-1.,5.E-02));
#4824 = VECTOR('',#4825,1.);
#4825 = DIRECTION('',(1.301042606983E-16,1.,0.));
#4826 = ORIENTED_EDGE('',*,*,#4767,.F.);
#4827 = PLANE('',#4828);
#4828 = AXIS2_PLACEMENT_3D('',#4829,#4830,#4831);
#4829 = CARTESIAN_POINT('',(-0.125,-1.,0.));
#4830 = DIRECTION('',(1.,-1.301042606983E-16,0.));
#4831 = DIRECTION('',(1.301042606983E-16,1.,0.));
#4832 = ADVANCED_FACE('',(#4833),#4858,.T.);
#4833 = FACE_BOUND('',#4834,.T.);
#4834 = EDGE_LOOP('',(#4835,#4843,#4844,#4852));
#4835 = ORIENTED_EDGE('',*,*,#4836,.T.);
#4836 = EDGE_CURVE('',#4837,#4784,#4839,.T.);
#4837 = VERTEX_POINT('',#4838);
#4838 = CARTESIAN_POINT('',(-0.375,-0.6,0.));
#4839 = LINE('',#4840,#4841);
#4840 = CARTESIAN_POINT('',(-0.375,-0.6,0.));
#4841 = VECTOR('',#4842,1.);
#4842 = DIRECTION('',(-1.734723475977E-16,-1.,0.));
#4843 = ORIENTED_EDGE('',*,*,#4783,.T.);
#4844 = ORIENTED_EDGE('',*,*,#4845,.F.);
#4845 = EDGE_CURVE('',#4846,#4776,#4848,.T.);
#4846 = VERTEX_POINT('',#4847);
#4847 = CARTESIAN_POINT('',(-0.375,-0.6,5.E-02));
#4848 = LINE('',#4849,#4850);
#4849 = CARTESIAN_POINT('',(-0.375,-0.6,5.E-02));
#4850 = VECTOR('',#4851,1.);
#4851 = DIRECTION('',(-1.734723475977E-16,-1.,0.));
#4852 = ORIENTED_EDGE('',*,*,#4853,.F.);
#4853 = EDGE_CURVE('',#4837,#4846,#4854,.T.);
#4854 = LINE('',#4855,#4856);
#4855 = CARTESIAN_POINT('',(-0.375,-0.6,0.));
#4856 = VECTOR('',#4857,1.);
#4857 = DIRECTION('',(0.,0.,1.));
#4858 = PLANE('',#4859);
#4859 = AXIS2_PLACEMENT_3D('',#4860,#4861,#4862);
#4860 = CARTESIAN_POINT('',(-0.375,-0.6,0.));
#4861 = DIRECTION('',(-1.,1.734723475977E-16,0.));
#4862 = DIRECTION('',(-1.734723475977E-16,-1.,0.));
#4863 = ADVANCED_FACE('',(#4864),#4880,.T.);
#4864 = FACE_BOUND('',#4865,.T.);
#4865 = EDGE_LOOP('',(#4866,#4872,#4873,#4879));
#4866 = ORIENTED_EDGE('',*,*,#4867,.T.);
#4867 = EDGE_CURVE('',#4806,#4837,#4868,.T.);
#4868 = LINE('',#4869,#4870);
#4869 = CARTESIAN_POINT('',(-0.125,-0.6,0.));
#4870 = VECTOR('',#4871,1.);
#4871 = DIRECTION('',(-1.,2.775557561563E-16,0.));
#4872 = ORIENTED_EDGE('',*,*,#4853,.T.);
#4873 = ORIENTED_EDGE('',*,*,#4874,.F.);
#4874 = EDGE_CURVE('',#4814,#4846,#4875,.T.);
#4875 = LINE('',#4876,#4877);
#4876 = CARTESIAN_POINT('',(-0.125,-0.6,5.E-02));
#4877 = VECTOR('',#4878,1.);
#4878 = DIRECTION('',(-1.,2.775557561563E-16,0.));
#4879 = ORIENTED_EDGE('',*,*,#4813,.F.);
#4880 = PLANE('',#4881);
#4881 = AXIS2_PLACEMENT_3D('',#4882,#4883,#4884);
#4882 = CARTESIAN_POINT('',(-0.125,-0.6,0.));
#4883 = DIRECTION('',(2.775557561563E-16,1.,0.));
#4884 = DIRECTION('',(-1.,2.775557561563E-16,0.));
#4885 = ADVANCED_FACE('',(#4886),#4892,.T.);
#4886 = FACE_BOUND('',#4887,.T.);
#4887 = EDGE_LOOP('',(#4888,#4889,#4890,#4891));
#4888 = ORIENTED_EDGE('',*,*,#4874,.T.);
#4889 = ORIENTED_EDGE('',*,*,#4845,.T.);
#4890 = ORIENTED_EDGE('',*,*,#4775,.T.);
#4891 = ORIENTED_EDGE('',*,*,#4821,.T.);
#4892 = PLANE('',#4893);
#4893 = AXIS2_PLACEMENT_3D('',#4894,#4895,#4896);
#4894 = CARTESIAN_POINT('',(-0.25,-0.8,5.E-02));
#4895 = DIRECTION('',(0.,0.,1.));
#4896 = DIRECTION('',(1.,0.,-0.));
#4897 = ADVANCED_FACE('',(#4898),#4908,.F.);
#4898 = FACE_BOUND('',#4899,.T.);
#4899 = EDGE_LOOP('',(#4900,#4901,#4902,#4903,#4904,#4905,#4906,#4907));
#4900 = ORIENTED_EDGE('',*,*,#4647,.T.);
#4901 = ORIENTED_EDGE('',*,*,#4791,.F.);
#4902 = ORIENTED_EDGE('',*,*,#4836,.F.);
#4903 = ORIENTED_EDGE('',*,*,#4867,.F.);
#4904 = ORIENTED_EDGE('',*,*,#4805,.F.);
#4905 = ORIENTED_EDGE('',*,*,#4759,.F.);
#4906 = ORIENTED_EDGE('',*,*,#4742,.T.);
#4907 = ORIENTED_EDGE('',*,*,#4708,.T.);
#4908 = PLANE('',#4909);
#4909 = AXIS2_PLACEMENT_3D('',#4910,#4911,#4912);
#4910 = CARTESIAN_POINT('',(-0.25,-0.8,0.));
#4911 = DIRECTION('',(0.,0.,1.));
#4912 = DIRECTION('',(1.,0.,-0.));
#4913 = MANIFOLD_SOLID_BREP('',#4914);
#4914 = CLOSED_SHELL('',(#4915,#4955,#4986,#5017,#5034,#5083,#5118,#5142
    ,#5166,#5183));
#4915 = ADVANCED_FACE('',(#4916),#4950,.F.);
#4916 = FACE_BOUND('',#4917,.T.);
#4917 = EDGE_LOOP('',(#4918,#4928,#4936,#4944));
#4918 = ORIENTED_EDGE('',*,*,#4919,.F.);
#4919 = EDGE_CURVE('',#4920,#4922,#4924,.T.);
#4920 = VERTEX_POINT('',#4921);
#4921 = CARTESIAN_POINT('',(-0.93,-0.3,0.));
#4922 = VERTEX_POINT('',#4923);
#4923 = CARTESIAN_POINT('',(-0.93,-0.2,0.));
#4924 = LINE('',#4925,#4926);
#4925 = CARTESIAN_POINT('',(-0.93,-0.275,0.));
#4926 = VECTOR('',#4927,1.);
#4927 = DIRECTION('',(0.,1.,0.));
#4928 = ORIENTED_EDGE('',*,*,#4929,.T.);
#4929 = EDGE_CURVE('',#4920,#4930,#4932,.T.);
#4930 = VERTEX_POINT('',#4931);
#4931 = CARTESIAN_POINT('',(-0.93,-0.3,2.5E-02));
#4932 = LINE('',#4933,#4934);
#4933 = CARTESIAN_POINT('',(-0.93,-0.3,0.));
#4934 = VECTOR('',#4935,1.);
#4935 = DIRECTION('',(0.,0.,1.));
#4936 = ORIENTED_EDGE('',*,*,#4937,.T.);
#4937 = EDGE_CURVE('',#4930,#4938,#4940,.T.);
#4938 = VERTEX_POINT('',#4939);
#4939 = CARTESIAN_POINT('',(-0.93,-0.2,2.5E-02));
#4940 = LINE('',#4941,#4942);
#4941 = CARTESIAN_POINT('',(-0.93,-0.2,2.5E-02));
#4942 = VECTOR('',#4943,1.);
#4943 = DIRECTION('',(0.,1.,0.));
#4944 = ORIENTED_EDGE('',*,*,#4945,.F.);
#4945 = EDGE_CURVE('',#4922,#4938,#4946,.T.);
#4946 = LINE('',#4947,#4948);
#4947 = CARTESIAN_POINT('',(-0.93,-0.2,0.));
#4948 = VECTOR('',#4949,1.);
#4949 = DIRECTION('',(0.,0.,1.));
#4950 = PLANE('',#4951);
#4951 = AXIS2_PLACEMENT_3D('',#4952,#4953,#4954);
#4952 = CARTESIAN_POINT('',(-0.93,-0.3,0.));
#4953 = DIRECTION('',(1.,0.,0.));
#4954 = DIRECTION('',(-0.,1.,0.));
#4955 = ADVANCED_FACE('',(#4956),#4981,.F.);
#4956 = FACE_BOUND('',#4957,.T.);
#4957 = EDGE_LOOP('',(#4958,#4968,#4974,#4975));
#4958 = ORIENTED_EDGE('',*,*,#4959,.F.);
#4959 = EDGE_CURVE('',#4960,#4962,#4964,.T.);
#4960 = VERTEX_POINT('',#4961);
#4961 = CARTESIAN_POINT('',(-1.,-0.3,2.5E-02));
#4962 = VERTEX_POINT('',#4963);
#4963 = CARTESIAN_POINT('',(-1.,-0.3,0.));
#4964 = LINE('',#4965,#4966);
#4965 = CARTESIAN_POINT('',(-1.,-0.3,0.));
#4966 = VECTOR('',#4967,1.);
#4967 = DIRECTION('',(0.,0.,-1.));
#4968 = ORIENTED_EDGE('',*,*,#4969,.T.);
#4969 = EDGE_CURVE('',#4960,#4930,#4970,.T.);
#4970 = LINE('',#4971,#4972);
#4971 = CARTESIAN_POINT('',(-0.93,-0.3,2.5E-02));
#4972 = VECTOR('',#4973,1.);
#4973 = DIRECTION('',(1.,0.,0.));
#4974 = ORIENTED_EDGE('',*,*,#4929,.F.);
#4975 = ORIENTED_EDGE('',*,*,#4976,.F.);
#4976 = EDGE_CURVE('',#4962,#4920,#4977,.T.);
#4977 = LINE('',#4978,#4979);
#4978 = CARTESIAN_POINT('',(-0.935,-0.3,0.));
#4979 = VECTOR('',#4980,1.);
#4980 = DIRECTION('',(1.,0.,0.));
#4981 = PLANE('',#4982);
#4982 = AXIS2_PLACEMENT_3D('',#4983,#4984,#4985);
#4983 = CARTESIAN_POINT('',(-1.07,-0.3,0.));
#4984 = DIRECTION('',(0.,-1.,0.));
#4985 = DIRECTION('',(1.,0.,0.));
#4986 = ADVANCED_FACE('',(#4987),#5012,.F.);
#4987 = FACE_BOUND('',#4988,.T.);
#4988 = EDGE_LOOP('',(#4989,#4999,#5005,#5006));
#4989 = ORIENTED_EDGE('',*,*,#4990,.F.);
#4990 = EDGE_CURVE('',#4991,#4993,#4995,.T.);
#4991 = VERTEX_POINT('',#4992);
#4992 = CARTESIAN_POINT('',(-1.,-0.2,0.));
#4993 = VERTEX_POINT('',#4994);
#4994 = CARTESIAN_POINT('',(-1.,-0.2,2.5E-02));
#4995 = LINE('',#4996,#4997);
#4996 = CARTESIAN_POINT('',(-1.,-0.2,0.));
#4997 = VECTOR('',#4998,1.);
#4998 = DIRECTION('',(0.,0.,1.));
#4999 = ORIENTED_EDGE('',*,*,#5000,.F.);
#5000 = EDGE_CURVE('',#4922,#4991,#5001,.T.);
#5001 = LINE('',#5002,#5003);
#5002 = CARTESIAN_POINT('',(-0.865,-0.2,0.));
#5003 = VECTOR('',#5004,1.);
#5004 = DIRECTION('',(-1.,0.,0.));
#5005 = ORIENTED_EDGE('',*,*,#4945,.T.);
#5006 = ORIENTED_EDGE('',*,*,#5007,.T.);
#5007 = EDGE_CURVE('',#4938,#4993,#5008,.T.);
#5008 = LINE('',#5009,#5010);
#5009 = CARTESIAN_POINT('',(-1.07,-0.2,2.5E-02));
#5010 = VECTOR('',#5011,1.);
#5011 = DIRECTION('',(-1.,0.,0.));
#5012 = PLANE('',#5013);
#5013 = AXIS2_PLACEMENT_3D('',#5014,#5015,#5016);
#5014 = CARTESIAN_POINT('',(-0.93,-0.2,0.));
#5015 = DIRECTION('',(0.,1.,0.));
#5016 = DIRECTION('',(-1.,0.,0.));
#5017 = ADVANCED_FACE('',(#5018),#5029,.F.);
#5018 = FACE_BOUND('',#5019,.T.);
#5019 = EDGE_LOOP('',(#5020,#5026,#5027,#5028));
#5020 = ORIENTED_EDGE('',*,*,#5021,.F.);
#5021 = EDGE_CURVE('',#4993,#4960,#5022,.T.);
#5022 = LINE('',#5023,#5024);
#5023 = CARTESIAN_POINT('',(-1.,-0.1875,2.5E-02));
#5024 = VECTOR('',#5025,1.);
#5025 = DIRECTION('',(0.,-1.,0.));
#5026 = ORIENTED_EDGE('',*,*,#5007,.F.);
#5027 = ORIENTED_EDGE('',*,*,#4937,.F.);
#5028 = ORIENTED_EDGE('',*,*,#4969,.F.);
#5029 = PLANE('',#5030);
#5030 = AXIS2_PLACEMENT_3D('',#5031,#5032,#5033);
#5031 = CARTESIAN_POINT('',(-1.,-0.25,2.5E-02));
#5032 = DIRECTION('',(0.,0.,1.));
#5033 = DIRECTION('',(1.,0.,-0.));
#5034 = ADVANCED_FACE('',(#5035),#5078,.F.);
#5035 = FACE_BOUND('',#5036,.T.);
#5036 = EDGE_LOOP('',(#5037,#5038,#5039,#5040,#5048,#5056,#5064,#5072));
#5037 = ORIENTED_EDGE('',*,*,#4976,.T.);
#5038 = ORIENTED_EDGE('',*,*,#4919,.T.);
#5039 = ORIENTED_EDGE('',*,*,#5000,.T.);
#5040 = ORIENTED_EDGE('',*,*,#5041,.F.);
#5041 = EDGE_CURVE('',#5042,#4991,#5044,.T.);
#5042 = VERTEX_POINT('',#5043);
#5043 = CARTESIAN_POINT('',(-1.,-0.125,0.));
#5044 = LINE('',#5045,#5046);
#5045 = CARTESIAN_POINT('',(-1.,1.224646799147E-16,0.));
#5046 = VECTOR('',#5047,1.);
#5047 = DIRECTION('',(0.,-1.,0.));
#5048 = ORIENTED_EDGE('',*,*,#5049,.F.);
#5049 = EDGE_CURVE('',#5050,#5042,#5052,.T.);
#5050 = VERTEX_POINT('',#5051);
#5051 = CARTESIAN_POINT('',(-0.6,-0.125,0.));
#5052 = LINE('',#5053,#5054);
#5053 = CARTESIAN_POINT('',(-0.6,-0.125,0.));
#5054 = VECTOR('',#5055,1.);
#5055 = DIRECTION('',(-1.,1.301042606983E-16,0.));
#5056 = ORIENTED_EDGE('',*,*,#5057,.F.);
#5057 = EDGE_CURVE('',#5058,#5050,#5060,.T.);
#5058 = VERTEX_POINT('',#5059);
#5059 = CARTESIAN_POINT('',(-0.6,-0.375,0.));
#5060 = LINE('',#5061,#5062);
#5061 = CARTESIAN_POINT('',(-0.6,-0.375,0.));
#5062 = VECTOR('',#5063,1.);
#5063 = DIRECTION('',(2.775557561563E-16,1.,0.));
#5064 = ORIENTED_EDGE('',*,*,#5065,.F.);
#5065 = EDGE_CURVE('',#5066,#5058,#5068,.T.);
#5066 = VERTEX_POINT('',#5067);
#5067 = CARTESIAN_POINT('',(-1.,-0.375,0.));
#5068 = LINE('',#5069,#5070);
#5069 = CARTESIAN_POINT('',(-1.,-0.375,0.));
#5070 = VECTOR('',#5071,1.);
#5071 = DIRECTION('',(1.,-1.734723475977E-16,0.));
#5072 = ORIENTED_EDGE('',*,*,#5073,.F.);
#5073 = EDGE_CURVE('',#4962,#5066,#5074,.T.);
#5074 = LINE('',#5075,#5076);
#5075 = CARTESIAN_POINT('',(-1.,1.224646799147E-16,0.));
#5076 = VECTOR('',#5077,1.);
#5077 = DIRECTION('',(0.,-1.,0.));
#5078 = PLANE('',#5079);
#5079 = AXIS2_PLACEMENT_3D('',#5080,#5081,#5082);
#5080 = CARTESIAN_POINT('',(-0.8,-0.25,0.));
#5081 = DIRECTION('',(0.,0.,1.));
#5082 = DIRECTION('',(1.,0.,-0.));
#5083 = ADVANCED_FACE('',(#5084),#5113,.T.);
#5084 = FACE_BOUND('',#5085,.T.);
#5085 = EDGE_LOOP('',(#5086,#5087,#5088,#5096,#5104,#5110,#5111,#5112));
#5086 = ORIENTED_EDGE('',*,*,#4959,.T.);
#5087 = ORIENTED_EDGE('',*,*,#5073,.T.);
#5088 = ORIENTED_EDGE('',*,*,#5089,.T.);
#5089 = EDGE_CURVE('',#5066,#5090,#5092,.T.);
#5090 = VERTEX_POINT('',#5091);
#5091 = CARTESIAN_POINT('',(-1.,-0.375,5.E-02));
#5092 = LINE('',#5093,#5094);
#5093 = CARTESIAN_POINT('',(-1.,-0.375,0.));
#5094 = VECTOR('',#5095,1.);
#5095 = DIRECTION('',(0.,0.,1.));
#5096 = ORIENTED_EDGE('',*,*,#5097,.F.);
#5097 = EDGE_CURVE('',#5098,#5090,#5100,.T.);
#5098 = VERTEX_POINT('',#5099);
#5099 = CARTESIAN_POINT('',(-1.,-0.125,5.E-02));
#5100 = LINE('',#5101,#5102);
#5101 = CARTESIAN_POINT('',(-1.,1.224646799147E-16,5.E-02));
#5102 = VECTOR('',#5103,1.);
#5103 = DIRECTION('',(0.,-1.,0.));
#5104 = ORIENTED_EDGE('',*,*,#5105,.F.);
#5105 = EDGE_CURVE('',#5042,#5098,#5106,.T.);
#5106 = LINE('',#5107,#5108);
#5107 = CARTESIAN_POINT('',(-1.,-0.125,0.));
#5108 = VECTOR('',#5109,1.);
#5109 = DIRECTION('',(0.,0.,1.));
#5110 = ORIENTED_EDGE('',*,*,#5041,.T.);
#5111 = ORIENTED_EDGE('',*,*,#4990,.T.);
#5112 = ORIENTED_EDGE('',*,*,#5021,.T.);
#5113 = PLANE('',#5114);
#5114 = AXIS2_PLACEMENT_3D('',#5115,#5116,#5117);
#5115 = CARTESIAN_POINT('',(-1.,-0.125,0.));
#5116 = DIRECTION('',(-1.,0.,0.));
#5117 = DIRECTION('',(0.,-1.,0.));
#5118 = ADVANCED_FACE('',(#5119),#5137,.T.);
#5119 = FACE_BOUND('',#5120,.T.);
#5120 = EDGE_LOOP('',(#5121,#5122,#5123,#5131));
#5121 = ORIENTED_EDGE('',*,*,#5049,.T.);
#5122 = ORIENTED_EDGE('',*,*,#5105,.T.);
#5123 = ORIENTED_EDGE('',*,*,#5124,.F.);
#5124 = EDGE_CURVE('',#5125,#5098,#5127,.T.);
#5125 = VERTEX_POINT('',#5126);
#5126 = CARTESIAN_POINT('',(-0.6,-0.125,5.E-02));
#5127 = LINE('',#5128,#5129);
#5128 = CARTESIAN_POINT('',(-0.6,-0.125,5.E-02));
#5129 = VECTOR('',#5130,1.);
#5130 = DIRECTION('',(-1.,1.301042606983E-16,0.));
#5131 = ORIENTED_EDGE('',*,*,#5132,.F.);
#5132 = EDGE_CURVE('',#5050,#5125,#5133,.T.);
#5133 = LINE('',#5134,#5135);
#5134 = CARTESIAN_POINT('',(-0.6,-0.125,0.));
#5135 = VECTOR('',#5136,1.);
#5136 = DIRECTION('',(0.,0.,1.));
#5137 = PLANE('',#5138);
#5138 = AXIS2_PLACEMENT_3D('',#5139,#5140,#5141);
#5139 = CARTESIAN_POINT('',(-0.6,-0.125,0.));
#5140 = DIRECTION('',(1.301042606983E-16,1.,0.));
#5141 = DIRECTION('',(-1.,1.301042606983E-16,0.));
#5142 = ADVANCED_FACE('',(#5143),#5161,.T.);
#5143 = FACE_BOUND('',#5144,.T.);
#5144 = EDGE_LOOP('',(#5145,#5146,#5147,#5155));
#5145 = ORIENTED_EDGE('',*,*,#5057,.T.);
#5146 = ORIENTED_EDGE('',*,*,#5132,.T.);
#5147 = ORIENTED_EDGE('',*,*,#5148,.F.);
#5148 = EDGE_CURVE('',#5149,#5125,#5151,.T.);
#5149 = VERTEX_POINT('',#5150);
#5150 = CARTESIAN_POINT('',(-0.6,-0.375,5.E-02));
#5151 = LINE('',#5152,#5153);
#5152 = CARTESIAN_POINT('',(-0.6,-0.375,5.E-02));
#5153 = VECTOR('',#5154,1.);
#5154 = DIRECTION('',(2.775557561563E-16,1.,0.));
#5155 = ORIENTED_EDGE('',*,*,#5156,.F.);
#5156 = EDGE_CURVE('',#5058,#5149,#5157,.T.);
#5157 = LINE('',#5158,#5159);
#5158 = CARTESIAN_POINT('',(-0.6,-0.375,0.));
#5159 = VECTOR('',#5160,1.);
#5160 = DIRECTION('',(0.,0.,1.));
#5161 = PLANE('',#5162);
#5162 = AXIS2_PLACEMENT_3D('',#5163,#5164,#5165);
#5163 = CARTESIAN_POINT('',(-0.6,-0.375,0.));
#5164 = DIRECTION('',(1.,-2.775557561563E-16,0.));
#5165 = DIRECTION('',(2.775557561563E-16,1.,0.));
#5166 = ADVANCED_FACE('',(#5167),#5178,.T.);
#5167 = FACE_BOUND('',#5168,.T.);
#5168 = EDGE_LOOP('',(#5169,#5170,#5171,#5177));
#5169 = ORIENTED_EDGE('',*,*,#5065,.T.);
#5170 = ORIENTED_EDGE('',*,*,#5156,.T.);
#5171 = ORIENTED_EDGE('',*,*,#5172,.F.);
#5172 = EDGE_CURVE('',#5090,#5149,#5173,.T.);
#5173 = LINE('',#5174,#5175);
#5174 = CARTESIAN_POINT('',(-1.,-0.375,5.E-02));
#5175 = VECTOR('',#5176,1.);
#5176 = DIRECTION('',(1.,-1.734723475977E-16,0.));
#5177 = ORIENTED_EDGE('',*,*,#5089,.F.);
#5178 = PLANE('',#5179);
#5179 = AXIS2_PLACEMENT_3D('',#5180,#5181,#5182);
#5180 = CARTESIAN_POINT('',(-1.,-0.375,0.));
#5181 = DIRECTION('',(-1.734723475977E-16,-1.,0.));
#5182 = DIRECTION('',(1.,-1.734723475977E-16,0.));
#5183 = ADVANCED_FACE('',(#5184),#5190,.T.);
#5184 = FACE_BOUND('',#5185,.T.);
#5185 = EDGE_LOOP('',(#5186,#5187,#5188,#5189));
#5186 = ORIENTED_EDGE('',*,*,#5172,.T.);
#5187 = ORIENTED_EDGE('',*,*,#5148,.T.);
#5188 = ORIENTED_EDGE('',*,*,#5124,.T.);
#5189 = ORIENTED_EDGE('',*,*,#5097,.T.);
#5190 = PLANE('',#5191);
#5191 = AXIS2_PLACEMENT_3D('',#5192,#5193,#5194);
#5192 = CARTESIAN_POINT('',(-0.8,-0.25,5.E-02));
#5193 = DIRECTION('',(0.,0.,1.));
#5194 = DIRECTION('',(1.,0.,-0.));
#5195 = MANIFOLD_SOLID_BREP('',#5196);
#5196 = CLOSED_SHELL('',(#5197,#5237,#5268,#5299,#5316,#5365,#5396,#5427
    ,#5449,#5461));
#5197 = ADVANCED_FACE('',(#5198),#5232,.F.);
#5198 = FACE_BOUND('',#5199,.T.);
#5199 = EDGE_LOOP('',(#5200,#5210,#5218,#5226));
#5200 = ORIENTED_EDGE('',*,*,#5201,.F.);
#5201 = EDGE_CURVE('',#5202,#5204,#5206,.T.);
#5202 = VERTEX_POINT('',#5203);
#5203 = CARTESIAN_POINT('',(-0.93,-0.8,0.));
#5204 = VERTEX_POINT('',#5205);
#5205 = CARTESIAN_POINT('',(-0.93,-0.7,0.));
#5206 = LINE('',#5207,#5208);
#5207 = CARTESIAN_POINT('',(-0.93,-0.775,0.));
#5208 = VECTOR('',#5209,1.);
#5209 = DIRECTION('',(0.,1.,0.));
#5210 = ORIENTED_EDGE('',*,*,#5211,.T.);
#5211 = EDGE_CURVE('',#5202,#5212,#5214,.T.);
#5212 = VERTEX_POINT('',#5213);
#5213 = CARTESIAN_POINT('',(-0.93,-0.8,2.5E-02));
#5214 = LINE('',#5215,#5216);
#5215 = CARTESIAN_POINT('',(-0.93,-0.8,0.));
#5216 = VECTOR('',#5217,1.);
#5217 = DIRECTION('',(0.,0.,1.));
#5218 = ORIENTED_EDGE('',*,*,#5219,.T.);
#5219 = EDGE_CURVE('',#5212,#5220,#5222,.T.);
#5220 = VERTEX_POINT('',#5221);
#5221 = CARTESIAN_POINT('',(-0.93,-0.7,2.5E-02));
#5222 = LINE('',#5223,#5224);
#5223 = CARTESIAN_POINT('',(-0.93,-0.7,2.5E-02));
#5224 = VECTOR('',#5225,1.);
#5225 = DIRECTION('',(0.,1.,0.));
#5226 = ORIENTED_EDGE('',*,*,#5227,.F.);
#5227 = EDGE_CURVE('',#5204,#5220,#5228,.T.);
#5228 = LINE('',#5229,#5230);
#5229 = CARTESIAN_POINT('',(-0.93,-0.7,0.));
#5230 = VECTOR('',#5231,1.);
#5231 = DIRECTION('',(0.,0.,1.));
#5232 = PLANE('',#5233);
#5233 = AXIS2_PLACEMENT_3D('',#5234,#5235,#5236);
#5234 = CARTESIAN_POINT('',(-0.93,-0.8,0.));
#5235 = DIRECTION('',(1.,0.,0.));
#5236 = DIRECTION('',(-0.,1.,0.));
#5237 = ADVANCED_FACE('',(#5238),#5263,.F.);
#5238 = FACE_BOUND('',#5239,.T.);
#5239 = EDGE_LOOP('',(#5240,#5248,#5256,#5262));
#5240 = ORIENTED_EDGE('',*,*,#5241,.F.);
#5241 = EDGE_CURVE('',#5242,#5202,#5244,.T.);
#5242 = VERTEX_POINT('',#5243);
#5243 = CARTESIAN_POINT('',(-1.,-0.8,0.));
#5244 = LINE('',#5245,#5246);
#5245 = CARTESIAN_POINT('',(-0.9,-0.8,0.));
#5246 = VECTOR('',#5247,1.);
#5247 = DIRECTION('',(1.,0.,0.));
#5248 = ORIENTED_EDGE('',*,*,#5249,.F.);
#5249 = EDGE_CURVE('',#5250,#5242,#5252,.T.);
#5250 = VERTEX_POINT('',#5251);
#5251 = CARTESIAN_POINT('',(-1.,-0.8,2.5E-02));
#5252 = LINE('',#5253,#5254);
#5253 = CARTESIAN_POINT('',(-1.,-0.8,0.));
#5254 = VECTOR('',#5255,1.);
#5255 = DIRECTION('',(0.,0.,-1.));
#5256 = ORIENTED_EDGE('',*,*,#5257,.T.);
#5257 = EDGE_CURVE('',#5250,#5212,#5258,.T.);
#5258 = LINE('',#5259,#5260);
#5259 = CARTESIAN_POINT('',(-0.93,-0.8,2.5E-02));
#5260 = VECTOR('',#5261,1.);
#5261 = DIRECTION('',(1.,0.,0.));
#5262 = ORIENTED_EDGE('',*,*,#5211,.F.);
#5263 = PLANE('',#5264);
#5264 = AXIS2_PLACEMENT_3D('',#5265,#5266,#5267);
#5265 = CARTESIAN_POINT('',(-1.,-0.8,0.));
#5266 = DIRECTION('',(0.,-1.,0.));
#5267 = DIRECTION('',(1.,0.,0.));
#5268 = ADVANCED_FACE('',(#5269),#5294,.F.);
#5269 = FACE_BOUND('',#5270,.T.);
#5270 = EDGE_LOOP('',(#5271,#5279,#5280,#5288));
#5271 = ORIENTED_EDGE('',*,*,#5272,.F.);
#5272 = EDGE_CURVE('',#5204,#5273,#5275,.T.);
#5273 = VERTEX_POINT('',#5274);
#5274 = CARTESIAN_POINT('',(-1.,-0.7,0.));
#5275 = LINE('',#5276,#5277);
#5276 = CARTESIAN_POINT('',(-0.865,-0.7,0.));
#5277 = VECTOR('',#5278,1.);
#5278 = DIRECTION('',(-1.,0.,0.));
#5279 = ORIENTED_EDGE('',*,*,#5227,.T.);
#5280 = ORIENTED_EDGE('',*,*,#5281,.T.);
#5281 = EDGE_CURVE('',#5220,#5282,#5284,.T.);
#5282 = VERTEX_POINT('',#5283);
#5283 = CARTESIAN_POINT('',(-1.,-0.7,2.5E-02));
#5284 = LINE('',#5285,#5286);
#5285 = CARTESIAN_POINT('',(-1.,-0.7,2.5E-02));
#5286 = VECTOR('',#5287,1.);
#5287 = DIRECTION('',(-1.,0.,0.));
#5288 = ORIENTED_EDGE('',*,*,#5289,.F.);
#5289 = EDGE_CURVE('',#5273,#5282,#5290,.T.);
#5290 = LINE('',#5291,#5292);
#5291 = CARTESIAN_POINT('',(-1.,-0.7,0.));
#5292 = VECTOR('',#5293,1.);
#5293 = DIRECTION('',(0.,0.,1.));
#5294 = PLANE('',#5295);
#5295 = AXIS2_PLACEMENT_3D('',#5296,#5297,#5298);
#5296 = CARTESIAN_POINT('',(-0.93,-0.7,0.));
#5297 = DIRECTION('',(0.,1.,0.));
#5298 = DIRECTION('',(-1.,0.,0.));
#5299 = ADVANCED_FACE('',(#5300),#5311,.F.);
#5300 = FACE_BOUND('',#5301,.T.);
#5301 = EDGE_LOOP('',(#5302,#5303,#5304,#5305));
#5302 = ORIENTED_EDGE('',*,*,#5281,.F.);
#5303 = ORIENTED_EDGE('',*,*,#5219,.F.);
#5304 = ORIENTED_EDGE('',*,*,#5257,.F.);
#5305 = ORIENTED_EDGE('',*,*,#5306,.F.);
#5306 = EDGE_CURVE('',#5282,#5250,#5307,.T.);
#5307 = LINE('',#5308,#5309);
#5308 = CARTESIAN_POINT('',(-1.,-0.6875,2.5E-02));
#5309 = VECTOR('',#5310,1.);
#5310 = DIRECTION('',(-5.551115123126E-16,-1.,0.));
#5311 = PLANE('',#5312);
#5312 = AXIS2_PLACEMENT_3D('',#5313,#5314,#5315);
#5313 = CARTESIAN_POINT('',(-0.965,-0.75,2.5E-02));
#5314 = DIRECTION('',(0.,0.,1.));
#5315 = DIRECTION('',(1.,0.,-0.));
#5316 = ADVANCED_FACE('',(#5317),#5360,.T.);
#5317 = FACE_BOUND('',#5318,.T.);
#5318 = EDGE_LOOP('',(#5319,#5320,#5321,#5322,#5330,#5338,#5346,#5354));
#5319 = ORIENTED_EDGE('',*,*,#5289,.T.);
#5320 = ORIENTED_EDGE('',*,*,#5306,.T.);
#5321 = ORIENTED_EDGE('',*,*,#5249,.T.);
#5322 = ORIENTED_EDGE('',*,*,#5323,.T.);
#5323 = EDGE_CURVE('',#5242,#5324,#5326,.T.);
#5324 = VERTEX_POINT('',#5325);
#5325 = CARTESIAN_POINT('',(-1.,-0.875,0.));
#5326 = LINE('',#5327,#5328);
#5327 = CARTESIAN_POINT('',(-1.,-0.5,0.));
#5328 = VECTOR('',#5329,1.);
#5329 = DIRECTION('',(-5.551115123126E-16,-1.,0.));
#5330 = ORIENTED_EDGE('',*,*,#5331,.T.);
#5331 = EDGE_CURVE('',#5324,#5332,#5334,.T.);
#5332 = VERTEX_POINT('',#5333);
#5333 = CARTESIAN_POINT('',(-1.,-0.875,5.E-02));
#5334 = LINE('',#5335,#5336);
#5335 = CARTESIAN_POINT('',(-1.,-0.875,0.));
#5336 = VECTOR('',#5337,1.);
#5337 = DIRECTION('',(0.,0.,1.));
#5338 = ORIENTED_EDGE('',*,*,#5339,.F.);
#5339 = EDGE_CURVE('',#5340,#5332,#5342,.T.);
#5340 = VERTEX_POINT('',#5341);
#5341 = CARTESIAN_POINT('',(-1.,-0.625,5.E-02));
#5342 = LINE('',#5343,#5344);
#5343 = CARTESIAN_POINT('',(-1.,-0.5,5.E-02));
#5344 = VECTOR('',#5345,1.);
#5345 = DIRECTION('',(-5.551115123126E-16,-1.,0.));
#5346 = ORIENTED_EDGE('',*,*,#5347,.F.);
#5347 = EDGE_CURVE('',#5348,#5340,#5350,.T.);
#5348 = VERTEX_POINT('',#5349);
#5349 = CARTESIAN_POINT('',(-1.,-0.625,0.));
#5350 = LINE('',#5351,#5352);
#5351 = CARTESIAN_POINT('',(-1.,-0.625,0.));
#5352 = VECTOR('',#5353,1.);
#5353 = DIRECTION('',(0.,0.,1.));
#5354 = ORIENTED_EDGE('',*,*,#5355,.T.);
#5355 = EDGE_CURVE('',#5348,#5273,#5356,.T.);
#5356 = LINE('',#5357,#5358);
#5357 = CARTESIAN_POINT('',(-1.,-0.5,0.));
#5358 = VECTOR('',#5359,1.);
#5359 = DIRECTION('',(-5.551115123126E-16,-1.,0.));
#5360 = PLANE('',#5361);
#5361 = AXIS2_PLACEMENT_3D('',#5362,#5363,#5364);
#5362 = CARTESIAN_POINT('',(-1.,-0.625,0.));
#5363 = DIRECTION('',(-1.,5.551115123126E-16,0.));
#5364 = DIRECTION('',(-5.551115123126E-16,-1.,0.));
#5365 = ADVANCED_FACE('',(#5366),#5391,.T.);
#5366 = FACE_BOUND('',#5367,.T.);
#5367 = EDGE_LOOP('',(#5368,#5376,#5377,#5385));
#5368 = ORIENTED_EDGE('',*,*,#5369,.T.);
#5369 = EDGE_CURVE('',#5370,#5348,#5372,.T.);
#5370 = VERTEX_POINT('',#5371);
#5371 = CARTESIAN_POINT('',(-0.6,-0.625,0.));
#5372 = LINE('',#5373,#5374);
#5373 = CARTESIAN_POINT('',(-0.6,-0.625,0.));
#5374 = VECTOR('',#5375,1.);
#5375 = DIRECTION('',(-1.,1.734723475977E-16,0.));
#5376 = ORIENTED_EDGE('',*,*,#5347,.T.);
#5377 = ORIENTED_EDGE('',*,*,#5378,.F.);
#5378 = EDGE_CURVE('',#5379,#5340,#5381,.T.);
#5379 = VERTEX_POINT('',#5380);
#5380 = CARTESIAN_POINT('',(-0.6,-0.625,5.E-02));
#5381 = LINE('',#5382,#5383);
#5382 = CARTESIAN_POINT('',(-0.6,-0.625,5.E-02));
#5383 = VECTOR('',#5384,1.);
#5384 = DIRECTION('',(-1.,1.734723475977E-16,0.));
#5385 = ORIENTED_EDGE('',*,*,#5386,.F.);
#5386 = EDGE_CURVE('',#5370,#5379,#5387,.T.);
#5387 = LINE('',#5388,#5389);
#5388 = CARTESIAN_POINT('',(-0.6,-0.625,0.));
#5389 = VECTOR('',#5390,1.);
#5390 = DIRECTION('',(0.,0.,1.));
#5391 = PLANE('',#5392);
#5392 = AXIS2_PLACEMENT_3D('',#5393,#5394,#5395);
#5393 = CARTESIAN_POINT('',(-0.6,-0.625,0.));
#5394 = DIRECTION('',(1.734723475977E-16,1.,0.));
#5395 = DIRECTION('',(-1.,1.734723475977E-16,0.));
#5396 = ADVANCED_FACE('',(#5397),#5422,.T.);
#5397 = FACE_BOUND('',#5398,.T.);
#5398 = EDGE_LOOP('',(#5399,#5407,#5408,#5416));
#5399 = ORIENTED_EDGE('',*,*,#5400,.T.);
#5400 = EDGE_CURVE('',#5401,#5370,#5403,.T.);
#5401 = VERTEX_POINT('',#5402);
#5402 = CARTESIAN_POINT('',(-0.6,-0.875,0.));
#5403 = LINE('',#5404,#5405);
#5404 = CARTESIAN_POINT('',(-0.6,-0.875,0.));
#5405 = VECTOR('',#5406,1.);
#5406 = DIRECTION('',(2.775557561563E-16,1.,0.));
#5407 = ORIENTED_EDGE('',*,*,#5386,.T.);
#5408 = ORIENTED_EDGE('',*,*,#5409,.F.);
#5409 = EDGE_CURVE('',#5410,#5379,#5412,.T.);
#5410 = VERTEX_POINT('',#5411);
#5411 = CARTESIAN_POINT('',(-0.6,-0.875,5.E-02));
#5412 = LINE('',#5413,#5414);
#5413 = CARTESIAN_POINT('',(-0.6,-0.875,5.E-02));
#5414 = VECTOR('',#5415,1.);
#5415 = DIRECTION('',(2.775557561563E-16,1.,0.));
#5416 = ORIENTED_EDGE('',*,*,#5417,.F.);
#5417 = EDGE_CURVE('',#5401,#5410,#5418,.T.);
#5418 = LINE('',#5419,#5420);
#5419 = CARTESIAN_POINT('',(-0.6,-0.875,0.));
#5420 = VECTOR('',#5421,1.);
#5421 = DIRECTION('',(0.,0.,1.));
#5422 = PLANE('',#5423);
#5423 = AXIS2_PLACEMENT_3D('',#5424,#5425,#5426);
#5424 = CARTESIAN_POINT('',(-0.6,-0.875,0.));
#5425 = DIRECTION('',(1.,-2.775557561563E-16,0.));
#5426 = DIRECTION('',(2.775557561563E-16,1.,0.));
#5427 = ADVANCED_FACE('',(#5428),#5444,.T.);
#5428 = FACE_BOUND('',#5429,.T.);
#5429 = EDGE_LOOP('',(#5430,#5436,#5437,#5443));
#5430 = ORIENTED_EDGE('',*,*,#5431,.T.);
#5431 = EDGE_CURVE('',#5324,#5401,#5432,.T.);
#5432 = LINE('',#5433,#5434);
#5433 = CARTESIAN_POINT('',(-1.,-0.875,0.));
#5434 = VECTOR('',#5435,1.);
#5435 = DIRECTION('',(1.,0.,0.));
#5436 = ORIENTED_EDGE('',*,*,#5417,.T.);
#5437 = ORIENTED_EDGE('',*,*,#5438,.F.);
#5438 = EDGE_CURVE('',#5332,#5410,#5439,.T.);
#5439 = LINE('',#5440,#5441);
#5440 = CARTESIAN_POINT('',(-1.,-0.875,5.E-02));
#5441 = VECTOR('',#5442,1.);
#5442 = DIRECTION('',(1.,0.,0.));
#5443 = ORIENTED_EDGE('',*,*,#5331,.F.);
#5444 = PLANE('',#5445);
#5445 = AXIS2_PLACEMENT_3D('',#5446,#5447,#5448);
#5446 = CARTESIAN_POINT('',(-1.,-0.875,0.));
#5447 = DIRECTION('',(0.,-1.,0.));
#5448 = DIRECTION('',(1.,0.,0.));
#5449 = ADVANCED_FACE('',(#5450),#5456,.T.);
#5450 = FACE_BOUND('',#5451,.T.);
#5451 = EDGE_LOOP('',(#5452,#5453,#5454,#5455));
#5452 = ORIENTED_EDGE('',*,*,#5438,.T.);
#5453 = ORIENTED_EDGE('',*,*,#5409,.T.);
#5454 = ORIENTED_EDGE('',*,*,#5378,.T.);
#5455 = ORIENTED_EDGE('',*,*,#5339,.T.);
#5456 = PLANE('',#5457);
#5457 = AXIS2_PLACEMENT_3D('',#5458,#5459,#5460);
#5458 = CARTESIAN_POINT('',(-0.8,-0.75,5.E-02));
#5459 = DIRECTION('',(0.,0.,1.));
#5460 = DIRECTION('',(1.,0.,-0.));
#5461 = ADVANCED_FACE('',(#5462),#5472,.F.);
#5462 = FACE_BOUND('',#5463,.T.);
#5463 = EDGE_LOOP('',(#5464,#5465,#5466,#5467,#5468,#5469,#5470,#5471));
#5464 = ORIENTED_EDGE('',*,*,#5272,.T.);
#5465 = ORIENTED_EDGE('',*,*,#5355,.F.);
#5466 = ORIENTED_EDGE('',*,*,#5369,.F.);
#5467 = ORIENTED_EDGE('',*,*,#5400,.F.);
#5468 = ORIENTED_EDGE('',*,*,#5431,.F.);
#5469 = ORIENTED_EDGE('',*,*,#5323,.F.);
#5470 = ORIENTED_EDGE('',*,*,#5241,.T.);
#5471 = ORIENTED_EDGE('',*,*,#5201,.T.);
#5472 = PLANE('',#5473);
#5473 = AXIS2_PLACEMENT_3D('',#5474,#5475,#5476);
#5474 = CARTESIAN_POINT('',(-0.8,-0.75,0.));
#5475 = DIRECTION('',(0.,0.,1.));
#5476 = DIRECTION('',(1.,0.,-0.));
#5477 = MANIFOLD_SOLID_BREP('',#5478);
#5478 = CLOSED_SHELL('',(#5479,#5519,#5550,#5581,#5598,#5647,#5687,#5709
    ,#5731,#5743));
#5479 = ADVANCED_FACE('',(#5480),#5514,.F.);
#5480 = FACE_BOUND('',#5481,.T.);
#5481 = EDGE_LOOP('',(#5482,#5492,#5500,#5508));
#5482 = ORIENTED_EDGE('',*,*,#5483,.F.);
#5483 = EDGE_CURVE('',#5484,#5486,#5488,.T.);
#5484 = VERTEX_POINT('',#5485);
#5485 = CARTESIAN_POINT('',(0.93,-0.8,0.));
#5486 = VERTEX_POINT('',#5487);
#5487 = CARTESIAN_POINT('',(1.,-0.8,0.));
#5488 = LINE('',#5489,#5490);
#5489 = CARTESIAN_POINT('',(0.865,-0.8,0.));
#5490 = VECTOR('',#5491,1.);
#5491 = DIRECTION('',(1.,0.,0.));
#5492 = ORIENTED_EDGE('',*,*,#5493,.T.);
#5493 = EDGE_CURVE('',#5484,#5494,#5496,.T.);
#5494 = VERTEX_POINT('',#5495);
#5495 = CARTESIAN_POINT('',(0.93,-0.8,2.5E-02));
#5496 = LINE('',#5497,#5498);
#5497 = CARTESIAN_POINT('',(0.93,-0.8,0.));
#5498 = VECTOR('',#5499,1.);
#5499 = DIRECTION('',(0.,0.,1.));
#5500 = ORIENTED_EDGE('',*,*,#5501,.T.);
#5501 = EDGE_CURVE('',#5494,#5502,#5504,.T.);
#5502 = VERTEX_POINT('',#5503);
#5503 = CARTESIAN_POINT('',(1.,-0.8,2.5E-02));
#5504 = LINE('',#5505,#5506);
#5505 = CARTESIAN_POINT('',(1.,-0.8,2.5E-02));
#5506 = VECTOR('',#5507,1.);
#5507 = DIRECTION('',(1.,0.,0.));
#5508 = ORIENTED_EDGE('',*,*,#5509,.F.);
#5509 = EDGE_CURVE('',#5486,#5502,#5510,.T.);
#5510 = LINE('',#5511,#5512);
#5511 = CARTESIAN_POINT('',(1.,-0.8,0.));
#5512 = VECTOR('',#5513,1.);
#5513 = DIRECTION('',(0.,0.,1.));
#5514 = PLANE('',#5515);
#5515 = AXIS2_PLACEMENT_3D('',#5516,#5517,#5518);
#5516 = CARTESIAN_POINT('',(0.93,-0.8,0.));
#5517 = DIRECTION('',(0.,-1.,0.));
#5518 = DIRECTION('',(1.,0.,0.));
#5519 = ADVANCED_FACE('',(#5520),#5545,.F.);
#5520 = FACE_BOUND('',#5521,.T.);
#5521 = EDGE_LOOP('',(#5522,#5530,#5538,#5544));
#5522 = ORIENTED_EDGE('',*,*,#5523,.F.);
#5523 = EDGE_CURVE('',#5524,#5484,#5526,.T.);
#5524 = VERTEX_POINT('',#5525);
#5525 = CARTESIAN_POINT('',(0.93,-0.7,0.));
#5526 = LINE('',#5527,#5528);
#5527 = CARTESIAN_POINT('',(0.93,-0.725,0.));
#5528 = VECTOR('',#5529,1.);
#5529 = DIRECTION('',(0.,-1.,0.));
#5530 = ORIENTED_EDGE('',*,*,#5531,.T.);
#5531 = EDGE_CURVE('',#5524,#5532,#5534,.T.);
#5532 = VERTEX_POINT('',#5533);
#5533 = CARTESIAN_POINT('',(0.93,-0.7,2.5E-02));
#5534 = LINE('',#5535,#5536);
#5535 = CARTESIAN_POINT('',(0.93,-0.7,0.));
#5536 = VECTOR('',#5537,1.);
#5537 = DIRECTION('',(0.,0.,1.));
#5538 = ORIENTED_EDGE('',*,*,#5539,.T.);
#5539 = EDGE_CURVE('',#5532,#5494,#5540,.T.);
#5540 = LINE('',#5541,#5542);
#5541 = CARTESIAN_POINT('',(0.93,-0.8,2.5E-02));
#5542 = VECTOR('',#5543,1.);
#5543 = DIRECTION('',(0.,-1.,0.));
#5544 = ORIENTED_EDGE('',*,*,#5493,.F.);
#5545 = PLANE('',#5546);
#5546 = AXIS2_PLACEMENT_3D('',#5547,#5548,#5549);
#5547 = CARTESIAN_POINT('',(0.93,-0.7,0.));
#5548 = DIRECTION('',(-1.,0.,0.));
#5549 = DIRECTION('',(0.,-1.,0.));
#5550 = ADVANCED_FACE('',(#5551),#5576,.F.);
#5551 = FACE_BOUND('',#5552,.T.);
#5552 = EDGE_LOOP('',(#5553,#5561,#5569,#5575));
#5553 = ORIENTED_EDGE('',*,*,#5554,.F.);
#5554 = EDGE_CURVE('',#5555,#5524,#5557,.T.);
#5555 = VERTEX_POINT('',#5556);
#5556 = CARTESIAN_POINT('',(1.,-0.7,0.));
#5557 = LINE('',#5558,#5559);
#5558 = CARTESIAN_POINT('',(0.9,-0.7,0.));
#5559 = VECTOR('',#5560,1.);
#5560 = DIRECTION('',(-1.,0.,0.));
#5561 = ORIENTED_EDGE('',*,*,#5562,.F.);
#5562 = EDGE_CURVE('',#5563,#5555,#5565,.T.);
#5563 = VERTEX_POINT('',#5564);
#5564 = CARTESIAN_POINT('',(1.,-0.7,2.5E-02));
#5565 = LINE('',#5566,#5567);
#5566 = CARTESIAN_POINT('',(1.,-0.7,0.));
#5567 = VECTOR('',#5568,1.);
#5568 = DIRECTION('',(0.,0.,-1.));
#5569 = ORIENTED_EDGE('',*,*,#5570,.T.);
#5570 = EDGE_CURVE('',#5563,#5532,#5571,.T.);
#5571 = LINE('',#5572,#5573);
#5572 = CARTESIAN_POINT('',(0.93,-0.7,2.5E-02));
#5573 = VECTOR('',#5574,1.);
#5574 = DIRECTION('',(-1.,0.,0.));
#5575 = ORIENTED_EDGE('',*,*,#5531,.F.);
#5576 = PLANE('',#5577);
#5577 = AXIS2_PLACEMENT_3D('',#5578,#5579,#5580);
#5578 = CARTESIAN_POINT('',(1.,-0.7,0.));
#5579 = DIRECTION('',(0.,1.,0.));
#5580 = DIRECTION('',(-1.,0.,0.));
#5581 = ADVANCED_FACE('',(#5582),#5593,.F.);
#5582 = FACE_BOUND('',#5583,.T.);
#5583 = EDGE_LOOP('',(#5584,#5590,#5591,#5592));
#5584 = ORIENTED_EDGE('',*,*,#5585,.F.);
#5585 = EDGE_CURVE('',#5502,#5563,#5586,.T.);
#5586 = LINE('',#5587,#5588);
#5587 = CARTESIAN_POINT('',(1.,-0.8125,2.5E-02));
#5588 = VECTOR('',#5589,1.);
#5589 = DIRECTION('',(0.,1.,0.));
#5590 = ORIENTED_EDGE('',*,*,#5501,.F.);
#5591 = ORIENTED_EDGE('',*,*,#5539,.F.);
#5592 = ORIENTED_EDGE('',*,*,#5570,.F.);
#5593 = PLANE('',#5594);
#5594 = AXIS2_PLACEMENT_3D('',#5595,#5596,#5597);
#5595 = CARTESIAN_POINT('',(0.965,-0.75,2.5E-02));
#5596 = DIRECTION('',(0.,0.,1.));
#5597 = DIRECTION('',(1.,0.,-0.));
#5598 = ADVANCED_FACE('',(#5599),#5642,.T.);
#5599 = FACE_BOUND('',#5600,.T.);
#5600 = EDGE_LOOP('',(#5601,#5602,#5603,#5604,#5612,#5620,#5628,#5636));
#5601 = ORIENTED_EDGE('',*,*,#5509,.T.);
#5602 = ORIENTED_EDGE('',*,*,#5585,.T.);
#5603 = ORIENTED_EDGE('',*,*,#5562,.T.);
#5604 = ORIENTED_EDGE('',*,*,#5605,.T.);
#5605 = EDGE_CURVE('',#5555,#5606,#5608,.T.);
#5606 = VERTEX_POINT('',#5607);
#5607 = CARTESIAN_POINT('',(1.,-0.625,0.));
#5608 = LINE('',#5609,#5610);
#5609 = CARTESIAN_POINT('',(1.,-0.875,0.));
#5610 = VECTOR('',#5611,1.);
#5611 = DIRECTION('',(0.,1.,0.));
#5612 = ORIENTED_EDGE('',*,*,#5613,.T.);
#5613 = EDGE_CURVE('',#5606,#5614,#5616,.T.);
#5614 = VERTEX_POINT('',#5615);
#5615 = CARTESIAN_POINT('',(1.,-0.625,5.E-02));
#5616 = LINE('',#5617,#5618);
#5617 = CARTESIAN_POINT('',(1.,-0.625,0.));
#5618 = VECTOR('',#5619,1.);
#5619 = DIRECTION('',(0.,0.,1.));
#5620 = ORIENTED_EDGE('',*,*,#5621,.F.);
#5621 = EDGE_CURVE('',#5622,#5614,#5624,.T.);
#5622 = VERTEX_POINT('',#5623);
#5623 = CARTESIAN_POINT('',(1.,-0.875,5.E-02));
#5624 = LINE('',#5625,#5626);
#5625 = CARTESIAN_POINT('',(1.,-0.875,5.E-02));
#5626 = VECTOR('',#5627,1.);
#5627 = DIRECTION('',(0.,1.,0.));
#5628 = ORIENTED_EDGE('',*,*,#5629,.F.);
#5629 = EDGE_CURVE('',#5630,#5622,#5632,.T.);
#5630 = VERTEX_POINT('',#5631);
#5631 = CARTESIAN_POINT('',(1.,-0.875,0.));
#5632 = LINE('',#5633,#5634);
#5633 = CARTESIAN_POINT('',(1.,-0.875,0.));
#5634 = VECTOR('',#5635,1.);
#5635 = DIRECTION('',(0.,0.,1.));
#5636 = ORIENTED_EDGE('',*,*,#5637,.T.);
#5637 = EDGE_CURVE('',#5630,#5486,#5638,.T.);
#5638 = LINE('',#5639,#5640);
#5639 = CARTESIAN_POINT('',(1.,-0.875,0.));
#5640 = VECTOR('',#5641,1.);
#5641 = DIRECTION('',(0.,1.,0.));
#5642 = PLANE('',#5643);
#5643 = AXIS2_PLACEMENT_3D('',#5644,#5645,#5646);
#5644 = CARTESIAN_POINT('',(1.,-0.875,0.));
#5645 = DIRECTION('',(1.,0.,0.));
#5646 = DIRECTION('',(-0.,1.,0.));
#5647 = ADVANCED_FACE('',(#5648),#5682,.T.);
#5648 = FACE_BOUND('',#5649,.T.);
#5649 = EDGE_LOOP('',(#5650,#5660,#5668,#5676));
#5650 = ORIENTED_EDGE('',*,*,#5651,.T.);
#5651 = EDGE_CURVE('',#5652,#5654,#5656,.T.);
#5652 = VERTEX_POINT('',#5653);
#5653 = CARTESIAN_POINT('',(0.6,-0.625,0.));
#5654 = VERTEX_POINT('',#5655);
#5655 = CARTESIAN_POINT('',(0.6,-0.875,0.));
#5656 = LINE('',#5657,#5658);
#5657 = CARTESIAN_POINT('',(0.6,-0.625,0.));
#5658 = VECTOR('',#5659,1.);
#5659 = DIRECTION('',(0.,-1.,0.));
#5660 = ORIENTED_EDGE('',*,*,#5661,.T.);
#5661 = EDGE_CURVE('',#5654,#5662,#5664,.T.);
#5662 = VERTEX_POINT('',#5663);
#5663 = CARTESIAN_POINT('',(0.6,-0.875,5.E-02));
#5664 = LINE('',#5665,#5666);
#5665 = CARTESIAN_POINT('',(0.6,-0.875,0.));
#5666 = VECTOR('',#5667,1.);
#5667 = DIRECTION('',(0.,0.,1.));
#5668 = ORIENTED_EDGE('',*,*,#5669,.F.);
#5669 = EDGE_CURVE('',#5670,#5662,#5672,.T.);
#5670 = VERTEX_POINT('',#5671);
#5671 = CARTESIAN_POINT('',(0.6,-0.625,5.E-02));
#5672 = LINE('',#5673,#5674);
#5673 = CARTESIAN_POINT('',(0.6,-0.625,5.E-02));
#5674 = VECTOR('',#5675,1.);
#5675 = DIRECTION('',(0.,-1.,0.));
#5676 = ORIENTED_EDGE('',*,*,#5677,.F.);
#5677 = EDGE_CURVE('',#5652,#5670,#5678,.T.);
#5678 = LINE('',#5679,#5680);
#5679 = CARTESIAN_POINT('',(0.6,-0.625,0.));
#5680 = VECTOR('',#5681,1.);
#5681 = DIRECTION('',(0.,0.,1.));
#5682 = PLANE('',#5683);
#5683 = AXIS2_PLACEMENT_3D('',#5684,#5685,#5686);
#5684 = CARTESIAN_POINT('',(0.6,-0.625,0.));
#5685 = DIRECTION('',(-1.,0.,0.));
#5686 = DIRECTION('',(0.,-1.,0.));
#5687 = ADVANCED_FACE('',(#5688),#5704,.T.);
#5688 = FACE_BOUND('',#5689,.T.);
#5689 = EDGE_LOOP('',(#5690,#5696,#5697,#5703));
#5690 = ORIENTED_EDGE('',*,*,#5691,.T.);
#5691 = EDGE_CURVE('',#5606,#5652,#5692,.T.);
#5692 = LINE('',#5693,#5694);
#5693 = CARTESIAN_POINT('',(1.,-0.625,0.));
#5694 = VECTOR('',#5695,1.);
#5695 = DIRECTION('',(-1.,0.,0.));
#5696 = ORIENTED_EDGE('',*,*,#5677,.T.);
#5697 = ORIENTED_EDGE('',*,*,#5698,.F.);
#5698 = EDGE_CURVE('',#5614,#5670,#5699,.T.);
#5699 = LINE('',#5700,#5701);
#5700 = CARTESIAN_POINT('',(1.,-0.625,5.E-02));
#5701 = VECTOR('',#5702,1.);
#5702 = DIRECTION('',(-1.,0.,0.));
#5703 = ORIENTED_EDGE('',*,*,#5613,.F.);
#5704 = PLANE('',#5705);
#5705 = AXIS2_PLACEMENT_3D('',#5706,#5707,#5708);
#5706 = CARTESIAN_POINT('',(1.,-0.625,0.));
#5707 = DIRECTION('',(0.,1.,0.));
#5708 = DIRECTION('',(-1.,0.,0.));
#5709 = ADVANCED_FACE('',(#5710),#5726,.T.);
#5710 = FACE_BOUND('',#5711,.T.);
#5711 = EDGE_LOOP('',(#5712,#5718,#5719,#5725));
#5712 = ORIENTED_EDGE('',*,*,#5713,.T.);
#5713 = EDGE_CURVE('',#5654,#5630,#5714,.T.);
#5714 = LINE('',#5715,#5716);
#5715 = CARTESIAN_POINT('',(0.6,-0.875,0.));
#5716 = VECTOR('',#5717,1.);
#5717 = DIRECTION('',(1.,0.,0.));
#5718 = ORIENTED_EDGE('',*,*,#5629,.T.);
#5719 = ORIENTED_EDGE('',*,*,#5720,.F.);
#5720 = EDGE_CURVE('',#5662,#5622,#5721,.T.);
#5721 = LINE('',#5722,#5723);
#5722 = CARTESIAN_POINT('',(0.6,-0.875,5.E-02));
#5723 = VECTOR('',#5724,1.);
#5724 = DIRECTION('',(1.,0.,0.));
#5725 = ORIENTED_EDGE('',*,*,#5661,.F.);
#5726 = PLANE('',#5727);
#5727 = AXIS2_PLACEMENT_3D('',#5728,#5729,#5730);
#5728 = CARTESIAN_POINT('',(0.6,-0.875,0.));
#5729 = DIRECTION('',(0.,-1.,0.));
#5730 = DIRECTION('',(1.,0.,0.));
#5731 = ADVANCED_FACE('',(#5732),#5738,.T.);
#5732 = FACE_BOUND('',#5733,.T.);
#5733 = EDGE_LOOP('',(#5734,#5735,#5736,#5737));
#5734 = ORIENTED_EDGE('',*,*,#5720,.T.);
#5735 = ORIENTED_EDGE('',*,*,#5621,.T.);
#5736 = ORIENTED_EDGE('',*,*,#5698,.T.);
#5737 = ORIENTED_EDGE('',*,*,#5669,.T.);
#5738 = PLANE('',#5739);
#5739 = AXIS2_PLACEMENT_3D('',#5740,#5741,#5742);
#5740 = CARTESIAN_POINT('',(0.8,-0.75,5.E-02));
#5741 = DIRECTION('',(0.,0.,1.));
#5742 = DIRECTION('',(1.,0.,-0.));
#5743 = ADVANCED_FACE('',(#5744),#5754,.F.);
#5744 = FACE_BOUND('',#5745,.T.);
#5745 = EDGE_LOOP('',(#5746,#5747,#5748,#5749,#5750,#5751,#5752,#5753));
#5746 = ORIENTED_EDGE('',*,*,#5483,.T.);
#5747 = ORIENTED_EDGE('',*,*,#5637,.F.);
#5748 = ORIENTED_EDGE('',*,*,#5713,.F.);
#5749 = ORIENTED_EDGE('',*,*,#5651,.F.);
#5750 = ORIENTED_EDGE('',*,*,#5691,.F.);
#5751 = ORIENTED_EDGE('',*,*,#5605,.F.);
#5752 = ORIENTED_EDGE('',*,*,#5554,.T.);
#5753 = ORIENTED_EDGE('',*,*,#5523,.T.);
#5754 = PLANE('',#5755);
#5755 = AXIS2_PLACEMENT_3D('',#5756,#5757,#5758);
#5756 = CARTESIAN_POINT('',(0.8,-0.75,0.));
#5757 = DIRECTION('',(0.,0.,1.));
#5758 = DIRECTION('',(1.,0.,-0.));
#5759 = MANIFOLD_SOLID_BREP('',#5760);
#5760 = CLOSED_SHELL('',(#5761,#5801,#5832,#5863,#5880,#5929,#5960,#5988
    ,#6012,#6029));
#5761 = ADVANCED_FACE('',(#5762),#5796,.F.);
#5762 = FACE_BOUND('',#5763,.T.);
#5763 = EDGE_LOOP('',(#5764,#5774,#5782,#5790));
#5764 = ORIENTED_EDGE('',*,*,#5765,.F.);
#5765 = EDGE_CURVE('',#5766,#5768,#5770,.T.);
#5766 = VERTEX_POINT('',#5767);
#5767 = CARTESIAN_POINT('',(0.3,-0.93,0.));
#5768 = VERTEX_POINT('',#5769);
#5769 = CARTESIAN_POINT('',(0.2,-0.93,0.));
#5770 = LINE('',#5771,#5772);
#5771 = CARTESIAN_POINT('',(0.275,-0.93,0.));
#5772 = VECTOR('',#5773,1.);
#5773 = DIRECTION('',(-1.,0.,0.));
#5774 = ORIENTED_EDGE('',*,*,#5775,.T.);
#5775 = EDGE_CURVE('',#5766,#5776,#5778,.T.);
#5776 = VERTEX_POINT('',#5777);
#5777 = CARTESIAN_POINT('',(0.3,-0.93,2.5E-02));
#5778 = LINE('',#5779,#5780);
#5779 = CARTESIAN_POINT('',(0.3,-0.93,0.));
#5780 = VECTOR('',#5781,1.);
#5781 = DIRECTION('',(0.,0.,1.));
#5782 = ORIENTED_EDGE('',*,*,#5783,.T.);
#5783 = EDGE_CURVE('',#5776,#5784,#5786,.T.);
#5784 = VERTEX_POINT('',#5785);
#5785 = CARTESIAN_POINT('',(0.2,-0.93,2.5E-02));
#5786 = LINE('',#5787,#5788);
#5787 = CARTESIAN_POINT('',(0.2,-0.93,2.5E-02));
#5788 = VECTOR('',#5789,1.);
#5789 = DIRECTION('',(-1.,0.,0.));
#5790 = ORIENTED_EDGE('',*,*,#5791,.F.);
#5791 = EDGE_CURVE('',#5768,#5784,#5792,.T.);
#5792 = LINE('',#5793,#5794);
#5793 = CARTESIAN_POINT('',(0.2,-0.93,0.));
#5794 = VECTOR('',#5795,1.);
#5795 = DIRECTION('',(0.,0.,1.));
#5796 = PLANE('',#5797);
#5797 = AXIS2_PLACEMENT_3D('',#5798,#5799,#5800);
#5798 = CARTESIAN_POINT('',(0.3,-0.93,0.));
#5799 = DIRECTION('',(0.,1.,0.));
#5800 = DIRECTION('',(-1.,0.,0.));
#5801 = ADVANCED_FACE('',(#5802),#5827,.F.);
#5802 = FACE_BOUND('',#5803,.T.);
#5803 = EDGE_LOOP('',(#5804,#5814,#5820,#5821));
#5804 = ORIENTED_EDGE('',*,*,#5805,.F.);
#5805 = EDGE_CURVE('',#5806,#5808,#5810,.T.);
#5806 = VERTEX_POINT('',#5807);
#5807 = CARTESIAN_POINT('',(0.3,-1.,2.5E-02));
#5808 = VERTEX_POINT('',#5809);
#5809 = CARTESIAN_POINT('',(0.3,-1.,0.));
#5810 = LINE('',#5811,#5812);
#5811 = CARTESIAN_POINT('',(0.3,-1.,0.));
#5812 = VECTOR('',#5813,1.);
#5813 = DIRECTION('',(0.,0.,-1.));
#5814 = ORIENTED_EDGE('',*,*,#5815,.T.);
#5815 = EDGE_CURVE('',#5806,#5776,#5816,.T.);
#5816 = LINE('',#5817,#5818);
#5817 = CARTESIAN_POINT('',(0.3,-0.93,2.5E-02));
#5818 = VECTOR('',#5819,1.);
#5819 = DIRECTION('',(0.,1.,0.));
#5820 = ORIENTED_EDGE('',*,*,#5775,.F.);
#5821 = ORIENTED_EDGE('',*,*,#5822,.F.);
#5822 = EDGE_CURVE('',#5808,#5766,#5823,.T.);
#5823 = LINE('',#5824,#5825);
#5824 = CARTESIAN_POINT('',(0.3,-0.935,0.));
#5825 = VECTOR('',#5826,1.);
#5826 = DIRECTION('',(0.,1.,0.));
#5827 = PLANE('',#5828);
#5828 = AXIS2_PLACEMENT_3D('',#5829,#5830,#5831);
#5829 = CARTESIAN_POINT('',(0.3,-1.07,0.));
#5830 = DIRECTION('',(1.,0.,0.));
#5831 = DIRECTION('',(-0.,1.,0.));
#5832 = ADVANCED_FACE('',(#5833),#5858,.F.);
#5833 = FACE_BOUND('',#5834,.T.);
#5834 = EDGE_LOOP('',(#5835,#5845,#5851,#5852));
#5835 = ORIENTED_EDGE('',*,*,#5836,.F.);
#5836 = EDGE_CURVE('',#5837,#5839,#5841,.T.);
#5837 = VERTEX_POINT('',#5838);
#5838 = CARTESIAN_POINT('',(0.2,-1.,0.));
#5839 = VERTEX_POINT('',#5840);
#5840 = CARTESIAN_POINT('',(0.2,-1.,2.5E-02));
#5841 = LINE('',#5842,#5843);
#5842 = CARTESIAN_POINT('',(0.2,-1.,0.));
#5843 = VECTOR('',#5844,1.);
#5844 = DIRECTION('',(0.,0.,1.));
#5845 = ORIENTED_EDGE('',*,*,#5846,.F.);
#5846 = EDGE_CURVE('',#5768,#5837,#5847,.T.);
#5847 = LINE('',#5848,#5849);
#5848 = CARTESIAN_POINT('',(0.2,-0.865,0.));
#5849 = VECTOR('',#5850,1.);
#5850 = DIRECTION('',(0.,-1.,0.));
#5851 = ORIENTED_EDGE('',*,*,#5791,.T.);
#5852 = ORIENTED_EDGE('',*,*,#5853,.T.);
#5853 = EDGE_CURVE('',#5784,#5839,#5854,.T.);
#5854 = LINE('',#5855,#5856);
#5855 = CARTESIAN_POINT('',(0.2,-1.07,2.5E-02));
#5856 = VECTOR('',#5857,1.);
#5857 = DIRECTION('',(0.,-1.,0.));
#5858 = PLANE('',#5859);
#5859 = AXIS2_PLACEMENT_3D('',#5860,#5861,#5862);
#5860 = CARTESIAN_POINT('',(0.2,-0.93,0.));
#5861 = DIRECTION('',(-1.,0.,0.));
#5862 = DIRECTION('',(0.,-1.,0.));
#5863 = ADVANCED_FACE('',(#5864),#5875,.F.);
#5864 = FACE_BOUND('',#5865,.T.);
#5865 = EDGE_LOOP('',(#5866,#5872,#5873,#5874));
#5866 = ORIENTED_EDGE('',*,*,#5867,.F.);
#5867 = EDGE_CURVE('',#5839,#5806,#5868,.T.);
#5868 = LINE('',#5869,#5870);
#5869 = CARTESIAN_POINT('',(0.1875,-1.,2.5E-02));
#5870 = VECTOR('',#5871,1.);
#5871 = DIRECTION('',(1.,0.,0.));
#5872 = ORIENTED_EDGE('',*,*,#5853,.F.);
#5873 = ORIENTED_EDGE('',*,*,#5783,.F.);
#5874 = ORIENTED_EDGE('',*,*,#5815,.F.);
#5875 = PLANE('',#5876);
#5876 = AXIS2_PLACEMENT_3D('',#5877,#5878,#5879);
#5877 = CARTESIAN_POINT('',(0.25,-1.,2.5E-02));
#5878 = DIRECTION('',(0.,0.,1.));
#5879 = DIRECTION('',(1.,0.,-0.));
#5880 = ADVANCED_FACE('',(#5881),#5924,.F.);
#5881 = FACE_BOUND('',#5882,.T.);
#5882 = EDGE_LOOP('',(#5883,#5884,#5885,#5886,#5894,#5902,#5910,#5918));
#5883 = ORIENTED_EDGE('',*,*,#5822,.T.);
#5884 = ORIENTED_EDGE('',*,*,#5765,.T.);
#5885 = ORIENTED_EDGE('',*,*,#5846,.T.);
#5886 = ORIENTED_EDGE('',*,*,#5887,.F.);
#5887 = EDGE_CURVE('',#5888,#5837,#5890,.T.);
#5888 = VERTEX_POINT('',#5889);
#5889 = CARTESIAN_POINT('',(0.125,-1.,0.));
#5890 = LINE('',#5891,#5892);
#5891 = CARTESIAN_POINT('',(0.125,-1.,0.));
#5892 = VECTOR('',#5893,1.);
#5893 = DIRECTION('',(1.,0.,0.));
#5894 = ORIENTED_EDGE('',*,*,#5895,.F.);
#5895 = EDGE_CURVE('',#5896,#5888,#5898,.T.);
#5896 = VERTEX_POINT('',#5897);
#5897 = CARTESIAN_POINT('',(0.125,-0.6,0.));
#5898 = LINE('',#5899,#5900);
#5899 = CARTESIAN_POINT('',(0.125,-0.6,0.));
#5900 = VECTOR('',#5901,1.);
#5901 = DIRECTION('',(-1.301042606983E-16,-1.,0.));
#5902 = ORIENTED_EDGE('',*,*,#5903,.F.);
#5903 = EDGE_CURVE('',#5904,#5896,#5906,.T.);
#5904 = VERTEX_POINT('',#5905);
#5905 = CARTESIAN_POINT('',(0.375,-0.6,0.));
#5906 = LINE('',#5907,#5908);
#5907 = CARTESIAN_POINT('',(0.375,-0.6,0.));
#5908 = VECTOR('',#5909,1.);
#5909 = DIRECTION('',(-1.,2.775557561563E-16,0.));
#5910 = ORIENTED_EDGE('',*,*,#5911,.F.);
#5911 = EDGE_CURVE('',#5912,#5904,#5914,.T.);
#5912 = VERTEX_POINT('',#5913);
#5913 = CARTESIAN_POINT('',(0.375,-1.,0.));
#5914 = LINE('',#5915,#5916);
#5915 = CARTESIAN_POINT('',(0.375,-1.,0.));
#5916 = VECTOR('',#5917,1.);
#5917 = DIRECTION('',(1.734723475977E-16,1.,0.));
#5918 = ORIENTED_EDGE('',*,*,#5919,.F.);
#5919 = EDGE_CURVE('',#5808,#5912,#5920,.T.);
#5920 = LINE('',#5921,#5922);
#5921 = CARTESIAN_POINT('',(0.125,-1.,0.));
#5922 = VECTOR('',#5923,1.);
#5923 = DIRECTION('',(1.,0.,0.));
#5924 = PLANE('',#5925);
#5925 = AXIS2_PLACEMENT_3D('',#5926,#5927,#5928);
#5926 = CARTESIAN_POINT('',(0.25,-0.8,0.));
#5927 = DIRECTION('',(0.,0.,1.));
#5928 = DIRECTION('',(1.,0.,-0.));
#5929 = ADVANCED_FACE('',(#5930),#5955,.T.);
#5930 = FACE_BOUND('',#5931,.T.);
#5931 = EDGE_LOOP('',(#5932,#5933,#5941,#5949));
#5932 = ORIENTED_EDGE('',*,*,#5911,.T.);
#5933 = ORIENTED_EDGE('',*,*,#5934,.T.);
#5934 = EDGE_CURVE('',#5904,#5935,#5937,.T.);
#5935 = VERTEX_POINT('',#5936);
#5936 = CARTESIAN_POINT('',(0.375,-0.6,5.E-02));
#5937 = LINE('',#5938,#5939);
#5938 = CARTESIAN_POINT('',(0.375,-0.6,0.));
#5939 = VECTOR('',#5940,1.);
#5940 = DIRECTION('',(0.,0.,1.));
#5941 = ORIENTED_EDGE('',*,*,#5942,.F.);
#5942 = EDGE_CURVE('',#5943,#5935,#5945,.T.);
#5943 = VERTEX_POINT('',#5944);
#5944 = CARTESIAN_POINT('',(0.375,-1.,5.E-02));
#5945 = LINE('',#5946,#5947);
#5946 = CARTESIAN_POINT('',(0.375,-1.,5.E-02));
#5947 = VECTOR('',#5948,1.);
#5948 = DIRECTION('',(1.734723475977E-16,1.,0.));
#5949 = ORIENTED_EDGE('',*,*,#5950,.F.);
#5950 = EDGE_CURVE('',#5912,#5943,#5951,.T.);
#5951 = LINE('',#5952,#5953);
#5952 = CARTESIAN_POINT('',(0.375,-1.,0.));
#5953 = VECTOR('',#5954,1.);
#5954 = DIRECTION('',(0.,0.,1.));
#5955 = PLANE('',#5956);
#5956 = AXIS2_PLACEMENT_3D('',#5957,#5958,#5959);
#5957 = CARTESIAN_POINT('',(0.375,-1.,0.));
#5958 = DIRECTION('',(1.,-1.734723475977E-16,0.));
#5959 = DIRECTION('',(1.734723475977E-16,1.,0.));
#5960 = ADVANCED_FACE('',(#5961),#5983,.T.);
#5961 = FACE_BOUND('',#5962,.T.);
#5962 = EDGE_LOOP('',(#5963,#5964,#5965,#5966,#5974,#5980,#5981,#5982));
#5963 = ORIENTED_EDGE('',*,*,#5805,.T.);
#5964 = ORIENTED_EDGE('',*,*,#5919,.T.);
#5965 = ORIENTED_EDGE('',*,*,#5950,.T.);
#5966 = ORIENTED_EDGE('',*,*,#5967,.F.);
#5967 = EDGE_CURVE('',#5968,#5943,#5970,.T.);
#5968 = VERTEX_POINT('',#5969);
#5969 = CARTESIAN_POINT('',(0.125,-1.,5.E-02));
#5970 = LINE('',#5971,#5972);
#5971 = CARTESIAN_POINT('',(0.125,-1.,5.E-02));
#5972 = VECTOR('',#5973,1.);
#5973 = DIRECTION('',(1.,0.,0.));
#5974 = ORIENTED_EDGE('',*,*,#5975,.F.);
#5975 = EDGE_CURVE('',#5888,#5968,#5976,.T.);
#5976 = LINE('',#5977,#5978);
#5977 = CARTESIAN_POINT('',(0.125,-1.,0.));
#5978 = VECTOR('',#5979,1.);
#5979 = DIRECTION('',(0.,0.,1.));
#5980 = ORIENTED_EDGE('',*,*,#5887,.T.);
#5981 = ORIENTED_EDGE('',*,*,#5836,.T.);
#5982 = ORIENTED_EDGE('',*,*,#5867,.T.);
#5983 = PLANE('',#5984);
#5984 = AXIS2_PLACEMENT_3D('',#5985,#5986,#5987);
#5985 = CARTESIAN_POINT('',(0.125,-1.,0.));
#5986 = DIRECTION('',(0.,-1.,0.));
#5987 = DIRECTION('',(1.,0.,0.));
#5988 = ADVANCED_FACE('',(#5989),#6007,.T.);
#5989 = FACE_BOUND('',#5990,.T.);
#5990 = EDGE_LOOP('',(#5991,#5992,#5993,#6001));
#5991 = ORIENTED_EDGE('',*,*,#5895,.T.);
#5992 = ORIENTED_EDGE('',*,*,#5975,.T.);
#5993 = ORIENTED_EDGE('',*,*,#5994,.F.);
#5994 = EDGE_CURVE('',#5995,#5968,#5997,.T.);
#5995 = VERTEX_POINT('',#5996);
#5996 = CARTESIAN_POINT('',(0.125,-0.6,5.E-02));
#5997 = LINE('',#5998,#5999);
#5998 = CARTESIAN_POINT('',(0.125,-0.6,5.E-02));
#5999 = VECTOR('',#6000,1.);
#6000 = DIRECTION('',(-1.301042606983E-16,-1.,0.));
#6001 = ORIENTED_EDGE('',*,*,#6002,.F.);
#6002 = EDGE_CURVE('',#5896,#5995,#6003,.T.);
#6003 = LINE('',#6004,#6005);
#6004 = CARTESIAN_POINT('',(0.125,-0.6,0.));
#6005 = VECTOR('',#6006,1.);
#6006 = DIRECTION('',(0.,0.,1.));
#6007 = PLANE('',#6008);
#6008 = AXIS2_PLACEMENT_3D('',#6009,#6010,#6011);
#6009 = CARTESIAN_POINT('',(0.125,-0.6,0.));
#6010 = DIRECTION('',(-1.,1.301042606983E-16,0.));
#6011 = DIRECTION('',(-1.301042606983E-16,-1.,0.));
#6012 = ADVANCED_FACE('',(#6013),#6024,.T.);
#6013 = FACE_BOUND('',#6014,.T.);
#6014 = EDGE_LOOP('',(#6015,#6016,#6017,#6023));
#6015 = ORIENTED_EDGE('',*,*,#5903,.T.);
#6016 = ORIENTED_EDGE('',*,*,#6002,.T.);
#6017 = ORIENTED_EDGE('',*,*,#6018,.F.);
#6018 = EDGE_CURVE('',#5935,#5995,#6019,.T.);
#6019 = LINE('',#6020,#6021);
#6020 = CARTESIAN_POINT('',(0.375,-0.6,5.E-02));
#6021 = VECTOR('',#6022,1.);
#6022 = DIRECTION('',(-1.,2.775557561563E-16,0.));
#6023 = ORIENTED_EDGE('',*,*,#5934,.F.);
#6024 = PLANE('',#6025);
#6025 = AXIS2_PLACEMENT_3D('',#6026,#6027,#6028);
#6026 = CARTESIAN_POINT('',(0.375,-0.6,0.));
#6027 = DIRECTION('',(2.775557561563E-16,1.,0.));
#6028 = DIRECTION('',(-1.,2.775557561563E-16,0.));
#6029 = ADVANCED_FACE('',(#6030),#6036,.T.);
#6030 = FACE_BOUND('',#6031,.T.);
#6031 = EDGE_LOOP('',(#6032,#6033,#6034,#6035));
#6032 = ORIENTED_EDGE('',*,*,#6018,.T.);
#6033 = ORIENTED_EDGE('',*,*,#5994,.T.);
#6034 = ORIENTED_EDGE('',*,*,#5967,.T.);
#6035 = ORIENTED_EDGE('',*,*,#5942,.T.);
#6036 = PLANE('',#6037);
#6037 = AXIS2_PLACEMENT_3D('',#6038,#6039,#6040);
#6038 = CARTESIAN_POINT('',(0.25,-0.8,5.E-02));
#6039 = DIRECTION('',(0.,0.,1.));
#6040 = DIRECTION('',(1.,0.,-0.));
#6041 = MANIFOLD_SOLID_BREP('',#6042);
#6042 = CLOSED_SHELL('',(#6043,#6083,#6114,#6138,#6162,#6211,#6242,#6273
    ,#6295,#6307));
#6043 = ADVANCED_FACE('',(#6044),#6078,.F.);
#6044 = FACE_BOUND('',#6045,.T.);
#6045 = EDGE_LOOP('',(#6046,#6056,#6064,#6072));
#6046 = ORIENTED_EDGE('',*,*,#6047,.F.);
#6047 = EDGE_CURVE('',#6048,#6050,#6052,.T.);
#6048 = VERTEX_POINT('',#6049);
#6049 = CARTESIAN_POINT('',(1.,-0.3,0.));
#6050 = VERTEX_POINT('',#6051);
#6051 = CARTESIAN_POINT('',(1.,-0.3,2.5E-02));
#6052 = LINE('',#6053,#6054);
#6053 = CARTESIAN_POINT('',(1.,-0.3,0.));
#6054 = VECTOR('',#6055,1.);
#6055 = DIRECTION('',(0.,0.,1.));
#6056 = ORIENTED_EDGE('',*,*,#6057,.F.);
#6057 = EDGE_CURVE('',#6058,#6048,#6060,.T.);
#6058 = VERTEX_POINT('',#6059);
#6059 = CARTESIAN_POINT('',(0.93,-0.3,0.));
#6060 = LINE('',#6061,#6062);
#6061 = CARTESIAN_POINT('',(0.865,-0.3,0.));
#6062 = VECTOR('',#6063,1.);
#6063 = DIRECTION('',(1.,2.478176394253E-16,0.));
#6064 = ORIENTED_EDGE('',*,*,#6065,.T.);
#6065 = EDGE_CURVE('',#6058,#6066,#6068,.T.);
#6066 = VERTEX_POINT('',#6067);
#6067 = CARTESIAN_POINT('',(0.93,-0.3,2.5E-02));
#6068 = LINE('',#6069,#6070);
#6069 = CARTESIAN_POINT('',(0.93,-0.3,0.));
#6070 = VECTOR('',#6071,1.);
#6071 = DIRECTION('',(0.,0.,1.));
#6072 = ORIENTED_EDGE('',*,*,#6073,.T.);
#6073 = EDGE_CURVE('',#6066,#6050,#6074,.T.);
#6074 = LINE('',#6075,#6076);
#6075 = CARTESIAN_POINT('',(1.07,-0.3,2.5E-02));
#6076 = VECTOR('',#6077,1.);
#6077 = DIRECTION('',(1.,2.478176394253E-16,0.));
#6078 = PLANE('',#6079);
#6079 = AXIS2_PLACEMENT_3D('',#6080,#6081,#6082);
#6080 = CARTESIAN_POINT('',(0.93,-0.3,0.));
#6081 = DIRECTION('',(2.478176394253E-16,-1.,0.));
#6082 = DIRECTION('',(1.,2.478176394253E-16,0.));
#6083 = ADVANCED_FACE('',(#6084),#6109,.F.);
#6084 = FACE_BOUND('',#6085,.T.);
#6085 = EDGE_LOOP('',(#6086,#6094,#6095,#6103));
#6086 = ORIENTED_EDGE('',*,*,#6087,.F.);
#6087 = EDGE_CURVE('',#6050,#6088,#6090,.T.);
#6088 = VERTEX_POINT('',#6089);
#6089 = CARTESIAN_POINT('',(1.,-0.2,2.5E-02));
#6090 = LINE('',#6091,#6092);
#6091 = CARTESIAN_POINT('',(1.,-0.3125,2.5E-02));
#6092 = VECTOR('',#6093,1.);
#6093 = DIRECTION('',(0.,1.,0.));
#6094 = ORIENTED_EDGE('',*,*,#6073,.F.);
#6095 = ORIENTED_EDGE('',*,*,#6096,.F.);
#6096 = EDGE_CURVE('',#6097,#6066,#6099,.T.);
#6097 = VERTEX_POINT('',#6098);
#6098 = CARTESIAN_POINT('',(0.93,-0.2,2.5E-02));
#6099 = LINE('',#6100,#6101);
#6100 = CARTESIAN_POINT('',(0.93,-0.3,2.5E-02));
#6101 = VECTOR('',#6102,1.);
#6102 = DIRECTION('',(0.,-1.,0.));
#6103 = ORIENTED_EDGE('',*,*,#6104,.F.);
#6104 = EDGE_CURVE('',#6088,#6097,#6105,.T.);
#6105 = LINE('',#6106,#6107);
#6106 = CARTESIAN_POINT('',(0.93,-0.2,2.5E-02));
#6107 = VECTOR('',#6108,1.);
#6108 = DIRECTION('',(-1.,-4.956352788505E-16,0.));
#6109 = PLANE('',#6110);
#6110 = AXIS2_PLACEMENT_3D('',#6111,#6112,#6113);
#6111 = CARTESIAN_POINT('',(1.,-0.25,2.5E-02));
#6112 = DIRECTION('',(0.,0.,1.));
#6113 = DIRECTION('',(1.,0.,-0.));
#6114 = ADVANCED_FACE('',(#6115),#6133,.F.);
#6115 = FACE_BOUND('',#6116,.T.);
#6116 = EDGE_LOOP('',(#6117,#6125,#6131,#6132));
#6117 = ORIENTED_EDGE('',*,*,#6118,.F.);
#6118 = EDGE_CURVE('',#6119,#6058,#6121,.T.);
#6119 = VERTEX_POINT('',#6120);
#6120 = CARTESIAN_POINT('',(0.93,-0.2,0.));
#6121 = LINE('',#6122,#6123);
#6122 = CARTESIAN_POINT('',(0.93,-0.225,0.));
#6123 = VECTOR('',#6124,1.);
#6124 = DIRECTION('',(0.,-1.,0.));
#6125 = ORIENTED_EDGE('',*,*,#6126,.T.);
#6126 = EDGE_CURVE('',#6119,#6097,#6127,.T.);
#6127 = LINE('',#6128,#6129);
#6128 = CARTESIAN_POINT('',(0.93,-0.2,0.));
#6129 = VECTOR('',#6130,1.);
#6130 = DIRECTION('',(0.,0.,1.));
#6131 = ORIENTED_EDGE('',*,*,#6096,.T.);
#6132 = ORIENTED_EDGE('',*,*,#6065,.F.);
#6133 = PLANE('',#6134);
#6134 = AXIS2_PLACEMENT_3D('',#6135,#6136,#6137);
#6135 = CARTESIAN_POINT('',(0.93,-0.2,0.));
#6136 = DIRECTION('',(-1.,0.,0.));
#6137 = DIRECTION('',(0.,-1.,0.));
#6138 = ADVANCED_FACE('',(#6139),#6157,.F.);
#6139 = FACE_BOUND('',#6140,.T.);
#6140 = EDGE_LOOP('',(#6141,#6149,#6150,#6151));
#6141 = ORIENTED_EDGE('',*,*,#6142,.F.);
#6142 = EDGE_CURVE('',#6088,#6143,#6145,.T.);
#6143 = VERTEX_POINT('',#6144);
#6144 = CARTESIAN_POINT('',(1.,-0.2,0.));
#6145 = LINE('',#6146,#6147);
#6146 = CARTESIAN_POINT('',(1.,-0.2,0.));
#6147 = VECTOR('',#6148,1.);
#6148 = DIRECTION('',(0.,0.,-1.));
#6149 = ORIENTED_EDGE('',*,*,#6104,.T.);
#6150 = ORIENTED_EDGE('',*,*,#6126,.F.);
#6151 = ORIENTED_EDGE('',*,*,#6152,.F.);
#6152 = EDGE_CURVE('',#6143,#6119,#6153,.T.);
#6153 = LINE('',#6154,#6155);
#6154 = CARTESIAN_POINT('',(0.935,-0.2,0.));
#6155 = VECTOR('',#6156,1.);
#6156 = DIRECTION('',(-1.,-4.956352788505E-16,0.));
#6157 = PLANE('',#6158);
#6158 = AXIS2_PLACEMENT_3D('',#6159,#6160,#6161);
#6159 = CARTESIAN_POINT('',(1.07,-0.2,0.));
#6160 = DIRECTION('',(-4.956352788505E-16,1.,0.));
#6161 = DIRECTION('',(-1.,-4.956352788505E-16,0.));
#6162 = ADVANCED_FACE('',(#6163),#6206,.T.);
#6163 = FACE_BOUND('',#6164,.T.);
#6164 = EDGE_LOOP('',(#6165,#6166,#6167,#6168,#6176,#6184,#6192,#6200));
#6165 = ORIENTED_EDGE('',*,*,#6047,.T.);
#6166 = ORIENTED_EDGE('',*,*,#6087,.T.);
#6167 = ORIENTED_EDGE('',*,*,#6142,.T.);
#6168 = ORIENTED_EDGE('',*,*,#6169,.T.);
#6169 = EDGE_CURVE('',#6143,#6170,#6172,.T.);
#6170 = VERTEX_POINT('',#6171);
#6171 = CARTESIAN_POINT('',(1.,-0.125,0.));
#6172 = LINE('',#6173,#6174);
#6173 = CARTESIAN_POINT('',(1.,-0.375,0.));
#6174 = VECTOR('',#6175,1.);
#6175 = DIRECTION('',(0.,1.,0.));
#6176 = ORIENTED_EDGE('',*,*,#6177,.T.);
#6177 = EDGE_CURVE('',#6170,#6178,#6180,.T.);
#6178 = VERTEX_POINT('',#6179);
#6179 = CARTESIAN_POINT('',(1.,-0.125,5.E-02));
#6180 = LINE('',#6181,#6182);
#6181 = CARTESIAN_POINT('',(1.,-0.125,0.));
#6182 = VECTOR('',#6183,1.);
#6183 = DIRECTION('',(0.,0.,1.));
#6184 = ORIENTED_EDGE('',*,*,#6185,.F.);
#6185 = EDGE_CURVE('',#6186,#6178,#6188,.T.);
#6186 = VERTEX_POINT('',#6187);
#6187 = CARTESIAN_POINT('',(1.,-0.375,5.E-02));
#6188 = LINE('',#6189,#6190);
#6189 = CARTESIAN_POINT('',(1.,-0.375,5.E-02));
#6190 = VECTOR('',#6191,1.);
#6191 = DIRECTION('',(0.,1.,0.));
#6192 = ORIENTED_EDGE('',*,*,#6193,.F.);
#6193 = EDGE_CURVE('',#6194,#6186,#6196,.T.);
#6194 = VERTEX_POINT('',#6195);
#6195 = CARTESIAN_POINT('',(1.,-0.375,0.));
#6196 = LINE('',#6197,#6198);
#6197 = CARTESIAN_POINT('',(1.,-0.375,0.));
#6198 = VECTOR('',#6199,1.);
#6199 = DIRECTION('',(0.,0.,1.));
#6200 = ORIENTED_EDGE('',*,*,#6201,.T.);
#6201 = EDGE_CURVE('',#6194,#6048,#6202,.T.);
#6202 = LINE('',#6203,#6204);
#6203 = CARTESIAN_POINT('',(1.,-0.375,0.));
#6204 = VECTOR('',#6205,1.);
#6205 = DIRECTION('',(0.,1.,0.));
#6206 = PLANE('',#6207);
#6207 = AXIS2_PLACEMENT_3D('',#6208,#6209,#6210);
#6208 = CARTESIAN_POINT('',(1.,-0.375,0.));
#6209 = DIRECTION('',(1.,0.,0.));
#6210 = DIRECTION('',(-0.,1.,0.));
#6211 = ADVANCED_FACE('',(#6212),#6237,.T.);
#6212 = FACE_BOUND('',#6213,.T.);
#6213 = EDGE_LOOP('',(#6214,#6222,#6230,#6236));
#6214 = ORIENTED_EDGE('',*,*,#6215,.T.);
#6215 = EDGE_CURVE('',#6170,#6216,#6218,.T.);
#6216 = VERTEX_POINT('',#6217);
#6217 = CARTESIAN_POINT('',(0.6,-0.125,0.));
#6218 = LINE('',#6219,#6220);
#6219 = CARTESIAN_POINT('',(1.,-0.125,0.));
#6220 = VECTOR('',#6221,1.);
#6221 = DIRECTION('',(-1.,0.,0.));
#6222 = ORIENTED_EDGE('',*,*,#6223,.T.);
#6223 = EDGE_CURVE('',#6216,#6224,#6226,.T.);
#6224 = VERTEX_POINT('',#6225);
#6225 = CARTESIAN_POINT('',(0.6,-0.125,5.E-02));
#6226 = LINE('',#6227,#6228);
#6227 = CARTESIAN_POINT('',(0.6,-0.125,0.));
#6228 = VECTOR('',#6229,1.);
#6229 = DIRECTION('',(0.,0.,1.));
#6230 = ORIENTED_EDGE('',*,*,#6231,.F.);
#6231 = EDGE_CURVE('',#6178,#6224,#6232,.T.);
#6232 = LINE('',#6233,#6234);
#6233 = CARTESIAN_POINT('',(1.,-0.125,5.E-02));
#6234 = VECTOR('',#6235,1.);
#6235 = DIRECTION('',(-1.,0.,0.));
#6236 = ORIENTED_EDGE('',*,*,#6177,.F.);
#6237 = PLANE('',#6238);
#6238 = AXIS2_PLACEMENT_3D('',#6239,#6240,#6241);
#6239 = CARTESIAN_POINT('',(1.,-0.125,0.));
#6240 = DIRECTION('',(0.,1.,0.));
#6241 = DIRECTION('',(-1.,0.,0.));
#6242 = ADVANCED_FACE('',(#6243),#6268,.T.);
#6243 = FACE_BOUND('',#6244,.T.);
#6244 = EDGE_LOOP('',(#6245,#6253,#6254,#6262));
#6245 = ORIENTED_EDGE('',*,*,#6246,.T.);
#6246 = EDGE_CURVE('',#6247,#6194,#6249,.T.);
#6247 = VERTEX_POINT('',#6248);
#6248 = CARTESIAN_POINT('',(0.6,-0.375,0.));
#6249 = LINE('',#6250,#6251);
#6250 = CARTESIAN_POINT('',(0.6,-0.375,0.));
#6251 = VECTOR('',#6252,1.);
#6252 = DIRECTION('',(1.,0.,0.));
#6253 = ORIENTED_EDGE('',*,*,#6193,.T.);
#6254 = ORIENTED_EDGE('',*,*,#6255,.F.);
#6255 = EDGE_CURVE('',#6256,#6186,#6258,.T.);
#6256 = VERTEX_POINT('',#6257);
#6257 = CARTESIAN_POINT('',(0.6,-0.375,5.E-02));
#6258 = LINE('',#6259,#6260);
#6259 = CARTESIAN_POINT('',(0.6,-0.375,5.E-02));
#6260 = VECTOR('',#6261,1.);
#6261 = DIRECTION('',(1.,0.,0.));
#6262 = ORIENTED_EDGE('',*,*,#6263,.F.);
#6263 = EDGE_CURVE('',#6247,#6256,#6264,.T.);
#6264 = LINE('',#6265,#6266);
#6265 = CARTESIAN_POINT('',(0.6,-0.375,0.));
#6266 = VECTOR('',#6267,1.);
#6267 = DIRECTION('',(0.,0.,1.));
#6268 = PLANE('',#6269);
#6269 = AXIS2_PLACEMENT_3D('',#6270,#6271,#6272);
#6270 = CARTESIAN_POINT('',(0.6,-0.375,0.));
#6271 = DIRECTION('',(0.,-1.,0.));
#6272 = DIRECTION('',(1.,0.,0.));
#6273 = ADVANCED_FACE('',(#6274),#6290,.T.);
#6274 = FACE_BOUND('',#6275,.T.);
#6275 = EDGE_LOOP('',(#6276,#6282,#6283,#6289));
#6276 = ORIENTED_EDGE('',*,*,#6277,.T.);
#6277 = EDGE_CURVE('',#6216,#6247,#6278,.T.);
#6278 = LINE('',#6279,#6280);
#6279 = CARTESIAN_POINT('',(0.6,-0.125,0.));
#6280 = VECTOR('',#6281,1.);
#6281 = DIRECTION('',(0.,-1.,0.));
#6282 = ORIENTED_EDGE('',*,*,#6263,.T.);
#6283 = ORIENTED_EDGE('',*,*,#6284,.F.);
#6284 = EDGE_CURVE('',#6224,#6256,#6285,.T.);
#6285 = LINE('',#6286,#6287);
#6286 = CARTESIAN_POINT('',(0.6,-0.125,5.E-02));
#6287 = VECTOR('',#6288,1.);
#6288 = DIRECTION('',(0.,-1.,0.));
#6289 = ORIENTED_EDGE('',*,*,#6223,.F.);
#6290 = PLANE('',#6291);
#6291 = AXIS2_PLACEMENT_3D('',#6292,#6293,#6294);
#6292 = CARTESIAN_POINT('',(0.6,-0.125,0.));
#6293 = DIRECTION('',(-1.,0.,0.));
#6294 = DIRECTION('',(0.,-1.,0.));
#6295 = ADVANCED_FACE('',(#6296),#6302,.T.);
#6296 = FACE_BOUND('',#6297,.T.);
#6297 = EDGE_LOOP('',(#6298,#6299,#6300,#6301));
#6298 = ORIENTED_EDGE('',*,*,#6284,.T.);
#6299 = ORIENTED_EDGE('',*,*,#6255,.T.);
#6300 = ORIENTED_EDGE('',*,*,#6185,.T.);
#6301 = ORIENTED_EDGE('',*,*,#6231,.T.);
#6302 = PLANE('',#6303);
#6303 = AXIS2_PLACEMENT_3D('',#6304,#6305,#6306);
#6304 = CARTESIAN_POINT('',(0.8,-0.25,5.E-02));
#6305 = DIRECTION('',(0.,0.,1.));
#6306 = DIRECTION('',(1.,0.,-0.));
#6307 = ADVANCED_FACE('',(#6308),#6318,.F.);
#6308 = FACE_BOUND('',#6309,.T.);
#6309 = EDGE_LOOP('',(#6310,#6311,#6312,#6313,#6314,#6315,#6316,#6317));
#6310 = ORIENTED_EDGE('',*,*,#6057,.T.);
#6311 = ORIENTED_EDGE('',*,*,#6201,.F.);
#6312 = ORIENTED_EDGE('',*,*,#6246,.F.);
#6313 = ORIENTED_EDGE('',*,*,#6277,.F.);
#6314 = ORIENTED_EDGE('',*,*,#6215,.F.);
#6315 = ORIENTED_EDGE('',*,*,#6169,.F.);
#6316 = ORIENTED_EDGE('',*,*,#6152,.T.);
#6317 = ORIENTED_EDGE('',*,*,#6118,.T.);
#6318 = PLANE('',#6319);
#6319 = AXIS2_PLACEMENT_3D('',#6320,#6321,#6322);
#6320 = CARTESIAN_POINT('',(0.8,-0.25,0.));
#6321 = DIRECTION('',(0.,0.,1.));
#6322 = DIRECTION('',(1.,0.,-0.));
#6323 = MANIFOLD_SOLID_BREP('',#6324);
#6324 = CLOSED_SHELL('',(#6325,#6365,#6405,#6427,#6444,#6493,#6524,#6552
    ,#6576,#6593));
#6325 = ADVANCED_FACE('',(#6326),#6360,.F.);
#6326 = FACE_BOUND('',#6327,.T.);
#6327 = EDGE_LOOP('',(#6328,#6338,#6346,#6354));
#6328 = ORIENTED_EDGE('',*,*,#6329,.F.);
#6329 = EDGE_CURVE('',#6330,#6332,#6334,.T.);
#6330 = VERTEX_POINT('',#6331);
#6331 = CARTESIAN_POINT('',(-1.,0.2,2.5E-02));
#6332 = VERTEX_POINT('',#6333);
#6333 = CARTESIAN_POINT('',(-1.,0.2,0.));
#6334 = LINE('',#6335,#6336);
#6335 = CARTESIAN_POINT('',(-1.,0.2,0.));
#6336 = VECTOR('',#6337,1.);
#6337 = DIRECTION('',(0.,0.,-1.));
#6338 = ORIENTED_EDGE('',*,*,#6339,.T.);
#6339 = EDGE_CURVE('',#6330,#6340,#6342,.T.);
#6340 = VERTEX_POINT('',#6341);
#6341 = CARTESIAN_POINT('',(-0.93,0.2,2.5E-02));
#6342 = LINE('',#6343,#6344);
#6343 = CARTESIAN_POINT('',(-0.93,0.2,2.5E-02));
#6344 = VECTOR('',#6345,1.);
#6345 = DIRECTION('',(1.,0.,0.));
#6346 = ORIENTED_EDGE('',*,*,#6347,.F.);
#6347 = EDGE_CURVE('',#6348,#6340,#6350,.T.);
#6348 = VERTEX_POINT('',#6349);
#6349 = CARTESIAN_POINT('',(-0.93,0.2,0.));
#6350 = LINE('',#6351,#6352);
#6351 = CARTESIAN_POINT('',(-0.93,0.2,0.));
#6352 = VECTOR('',#6353,1.);
#6353 = DIRECTION('',(0.,0.,1.));
#6354 = ORIENTED_EDGE('',*,*,#6355,.F.);
#6355 = EDGE_CURVE('',#6332,#6348,#6356,.T.);
#6356 = LINE('',#6357,#6358);
#6357 = CARTESIAN_POINT('',(-0.935,0.2,0.));
#6358 = VECTOR('',#6359,1.);
#6359 = DIRECTION('',(1.,0.,0.));
#6360 = PLANE('',#6361);
#6361 = AXIS2_PLACEMENT_3D('',#6362,#6363,#6364);
#6362 = CARTESIAN_POINT('',(-1.07,0.2,0.));
#6363 = DIRECTION('',(0.,-1.,0.));
#6364 = DIRECTION('',(1.,0.,0.));
#6365 = ADVANCED_FACE('',(#6366),#6400,.F.);
#6366 = FACE_BOUND('',#6367,.T.);
#6367 = EDGE_LOOP('',(#6368,#6378,#6386,#6394));
#6368 = ORIENTED_EDGE('',*,*,#6369,.F.);
#6369 = EDGE_CURVE('',#6370,#6372,#6374,.T.);
#6370 = VERTEX_POINT('',#6371);
#6371 = CARTESIAN_POINT('',(-1.,0.3,0.));
#6372 = VERTEX_POINT('',#6373);
#6373 = CARTESIAN_POINT('',(-1.,0.3,2.5E-02));
#6374 = LINE('',#6375,#6376);
#6375 = CARTESIAN_POINT('',(-1.,0.3,0.));
#6376 = VECTOR('',#6377,1.);
#6377 = DIRECTION('',(0.,0.,1.));
#6378 = ORIENTED_EDGE('',*,*,#6379,.F.);
#6379 = EDGE_CURVE('',#6380,#6370,#6382,.T.);
#6380 = VERTEX_POINT('',#6381);
#6381 = CARTESIAN_POINT('',(-0.93,0.3,0.));
#6382 = LINE('',#6383,#6384);
#6383 = CARTESIAN_POINT('',(-0.865,0.3,0.));
#6384 = VECTOR('',#6385,1.);
#6385 = DIRECTION('',(-1.,0.,0.));
#6386 = ORIENTED_EDGE('',*,*,#6387,.T.);
#6387 = EDGE_CURVE('',#6380,#6388,#6390,.T.);
#6388 = VERTEX_POINT('',#6389);
#6389 = CARTESIAN_POINT('',(-0.93,0.3,2.5E-02));
#6390 = LINE('',#6391,#6392);
#6391 = CARTESIAN_POINT('',(-0.93,0.3,0.));
#6392 = VECTOR('',#6393,1.);
#6393 = DIRECTION('',(0.,0.,1.));
#6394 = ORIENTED_EDGE('',*,*,#6395,.T.);
#6395 = EDGE_CURVE('',#6388,#6372,#6396,.T.);
#6396 = LINE('',#6397,#6398);
#6397 = CARTESIAN_POINT('',(-1.07,0.3,2.5E-02));
#6398 = VECTOR('',#6399,1.);
#6399 = DIRECTION('',(-1.,0.,0.));
#6400 = PLANE('',#6401);
#6401 = AXIS2_PLACEMENT_3D('',#6402,#6403,#6404);
#6402 = CARTESIAN_POINT('',(-0.93,0.3,0.));
#6403 = DIRECTION('',(0.,1.,0.));
#6404 = DIRECTION('',(-1.,0.,0.));
#6405 = ADVANCED_FACE('',(#6406),#6422,.F.);
#6406 = FACE_BOUND('',#6407,.T.);
#6407 = EDGE_LOOP('',(#6408,#6414,#6415,#6421));
#6408 = ORIENTED_EDGE('',*,*,#6409,.F.);
#6409 = EDGE_CURVE('',#6348,#6380,#6410,.T.);
#6410 = LINE('',#6411,#6412);
#6411 = CARTESIAN_POINT('',(-0.93,0.225,0.));
#6412 = VECTOR('',#6413,1.);
#6413 = DIRECTION('',(0.,1.,0.));
#6414 = ORIENTED_EDGE('',*,*,#6347,.T.);
#6415 = ORIENTED_EDGE('',*,*,#6416,.T.);
#6416 = EDGE_CURVE('',#6340,#6388,#6417,.T.);
#6417 = LINE('',#6418,#6419);
#6418 = CARTESIAN_POINT('',(-0.93,0.3,2.5E-02));
#6419 = VECTOR('',#6420,1.);
#6420 = DIRECTION('',(0.,1.,0.));
#6421 = ORIENTED_EDGE('',*,*,#6387,.F.);
#6422 = PLANE('',#6423);
#6423 = AXIS2_PLACEMENT_3D('',#6424,#6425,#6426);
#6424 = CARTESIAN_POINT('',(-0.93,0.2,0.));
#6425 = DIRECTION('',(1.,0.,0.));
#6426 = DIRECTION('',(-0.,1.,0.));
#6427 = ADVANCED_FACE('',(#6428),#6439,.F.);
#6428 = FACE_BOUND('',#6429,.T.);
#6429 = EDGE_LOOP('',(#6430,#6436,#6437,#6438));
#6430 = ORIENTED_EDGE('',*,*,#6431,.F.);
#6431 = EDGE_CURVE('',#6372,#6330,#6432,.T.);
#6432 = LINE('',#6433,#6434);
#6433 = CARTESIAN_POINT('',(-1.,0.3125,2.5E-02));
#6434 = VECTOR('',#6435,1.);
#6435 = DIRECTION('',(0.,-1.,0.));
#6436 = ORIENTED_EDGE('',*,*,#6395,.F.);
#6437 = ORIENTED_EDGE('',*,*,#6416,.F.);
#6438 = ORIENTED_EDGE('',*,*,#6339,.F.);
#6439 = PLANE('',#6440);
#6440 = AXIS2_PLACEMENT_3D('',#6441,#6442,#6443);
#6441 = CARTESIAN_POINT('',(-1.,0.25,2.5E-02));
#6442 = DIRECTION('',(0.,0.,1.));
#6443 = DIRECTION('',(1.,0.,-0.));
#6444 = ADVANCED_FACE('',(#6445),#6488,.F.);
#6445 = FACE_BOUND('',#6446,.T.);
#6446 = EDGE_LOOP('',(#6447,#6448,#6449,#6450,#6458,#6466,#6474,#6482));
#6447 = ORIENTED_EDGE('',*,*,#6355,.T.);
#6448 = ORIENTED_EDGE('',*,*,#6409,.T.);
#6449 = ORIENTED_EDGE('',*,*,#6379,.T.);
#6450 = ORIENTED_EDGE('',*,*,#6451,.F.);
#6451 = EDGE_CURVE('',#6452,#6370,#6454,.T.);
#6452 = VERTEX_POINT('',#6453);
#6453 = CARTESIAN_POINT('',(-1.,0.375,0.));
#6454 = LINE('',#6455,#6456);
#6455 = CARTESIAN_POINT('',(-1.,0.375,0.));
#6456 = VECTOR('',#6457,1.);
#6457 = DIRECTION('',(0.,-1.,0.));
#6458 = ORIENTED_EDGE('',*,*,#6459,.F.);
#6459 = EDGE_CURVE('',#6460,#6452,#6462,.T.);
#6460 = VERTEX_POINT('',#6461);
#6461 = CARTESIAN_POINT('',(-0.6,0.375,0.));
#6462 = LINE('',#6463,#6464);
#6463 = CARTESIAN_POINT('',(-0.6,0.375,0.));
#6464 = VECTOR('',#6465,1.);
#6465 = DIRECTION('',(-1.,1.734723475977E-16,0.));
#6466 = ORIENTED_EDGE('',*,*,#6467,.F.);
#6467 = EDGE_CURVE('',#6468,#6460,#6470,.T.);
#6468 = VERTEX_POINT('',#6469);
#6469 = CARTESIAN_POINT('',(-0.6,0.125,0.));
#6470 = LINE('',#6471,#6472);
#6471 = CARTESIAN_POINT('',(-0.6,0.125,0.));
#6472 = VECTOR('',#6473,1.);
#6473 = DIRECTION('',(2.775557561563E-16,1.,0.));
#6474 = ORIENTED_EDGE('',*,*,#6475,.F.);
#6475 = EDGE_CURVE('',#6476,#6468,#6478,.T.);
#6476 = VERTEX_POINT('',#6477);
#6477 = CARTESIAN_POINT('',(-1.,0.125,0.));
#6478 = LINE('',#6479,#6480);
#6479 = CARTESIAN_POINT('',(-1.,0.125,0.));
#6480 = VECTOR('',#6481,1.);
#6481 = DIRECTION('',(1.,-1.301042606983E-16,0.));
#6482 = ORIENTED_EDGE('',*,*,#6483,.F.);
#6483 = EDGE_CURVE('',#6332,#6476,#6484,.T.);
#6484 = LINE('',#6485,#6486);
#6485 = CARTESIAN_POINT('',(-1.,0.375,0.));
#6486 = VECTOR('',#6487,1.);
#6487 = DIRECTION('',(0.,-1.,0.));
#6488 = PLANE('',#6489);
#6489 = AXIS2_PLACEMENT_3D('',#6490,#6491,#6492);
#6490 = CARTESIAN_POINT('',(-0.8,0.25,0.));
#6491 = DIRECTION('',(0.,0.,1.));
#6492 = DIRECTION('',(1.,0.,-0.));
#6493 = ADVANCED_FACE('',(#6494),#6519,.T.);
#6494 = FACE_BOUND('',#6495,.T.);
#6495 = EDGE_LOOP('',(#6496,#6497,#6505,#6513));
#6496 = ORIENTED_EDGE('',*,*,#6475,.T.);
#6497 = ORIENTED_EDGE('',*,*,#6498,.T.);
#6498 = EDGE_CURVE('',#6468,#6499,#6501,.T.);
#6499 = VERTEX_POINT('',#6500);
#6500 = CARTESIAN_POINT('',(-0.6,0.125,5.E-02));
#6501 = LINE('',#6502,#6503);
#6502 = CARTESIAN_POINT('',(-0.6,0.125,0.));
#6503 = VECTOR('',#6504,1.);
#6504 = DIRECTION('',(0.,0.,1.));
#6505 = ORIENTED_EDGE('',*,*,#6506,.F.);
#6506 = EDGE_CURVE('',#6507,#6499,#6509,.T.);
#6507 = VERTEX_POINT('',#6508);
#6508 = CARTESIAN_POINT('',(-1.,0.125,5.E-02));
#6509 = LINE('',#6510,#6511);
#6510 = CARTESIAN_POINT('',(-1.,0.125,5.E-02));
#6511 = VECTOR('',#6512,1.);
#6512 = DIRECTION('',(1.,-1.301042606983E-16,0.));
#6513 = ORIENTED_EDGE('',*,*,#6514,.F.);
#6514 = EDGE_CURVE('',#6476,#6507,#6515,.T.);
#6515 = LINE('',#6516,#6517);
#6516 = CARTESIAN_POINT('',(-1.,0.125,0.));
#6517 = VECTOR('',#6518,1.);
#6518 = DIRECTION('',(0.,0.,1.));
#6519 = PLANE('',#6520);
#6520 = AXIS2_PLACEMENT_3D('',#6521,#6522,#6523);
#6521 = CARTESIAN_POINT('',(-1.,0.125,0.));
#6522 = DIRECTION('',(-1.301042606983E-16,-1.,0.));
#6523 = DIRECTION('',(1.,-1.301042606983E-16,0.));
#6524 = ADVANCED_FACE('',(#6525),#6547,.T.);
#6525 = FACE_BOUND('',#6526,.T.);
#6526 = EDGE_LOOP('',(#6527,#6528,#6529,#6530,#6538,#6544,#6545,#6546));
#6527 = ORIENTED_EDGE('',*,*,#6329,.T.);
#6528 = ORIENTED_EDGE('',*,*,#6483,.T.);
#6529 = ORIENTED_EDGE('',*,*,#6514,.T.);
#6530 = ORIENTED_EDGE('',*,*,#6531,.F.);
#6531 = EDGE_CURVE('',#6532,#6507,#6534,.T.);
#6532 = VERTEX_POINT('',#6533);
#6533 = CARTESIAN_POINT('',(-1.,0.375,5.E-02));
#6534 = LINE('',#6535,#6536);
#6535 = CARTESIAN_POINT('',(-1.,0.375,5.E-02));
#6536 = VECTOR('',#6537,1.);
#6537 = DIRECTION('',(0.,-1.,0.));
#6538 = ORIENTED_EDGE('',*,*,#6539,.F.);
#6539 = EDGE_CURVE('',#6452,#6532,#6540,.T.);
#6540 = LINE('',#6541,#6542);
#6541 = CARTESIAN_POINT('',(-1.,0.375,0.));
#6542 = VECTOR('',#6543,1.);
#6543 = DIRECTION('',(0.,0.,1.));
#6544 = ORIENTED_EDGE('',*,*,#6451,.T.);
#6545 = ORIENTED_EDGE('',*,*,#6369,.T.);
#6546 = ORIENTED_EDGE('',*,*,#6431,.T.);
#6547 = PLANE('',#6548);
#6548 = AXIS2_PLACEMENT_3D('',#6549,#6550,#6551);
#6549 = CARTESIAN_POINT('',(-1.,0.375,0.));
#6550 = DIRECTION('',(-1.,0.,0.));
#6551 = DIRECTION('',(0.,-1.,0.));
#6552 = ADVANCED_FACE('',(#6553),#6571,.T.);
#6553 = FACE_BOUND('',#6554,.T.);
#6554 = EDGE_LOOP('',(#6555,#6556,#6557,#6565));
#6555 = ORIENTED_EDGE('',*,*,#6459,.T.);
#6556 = ORIENTED_EDGE('',*,*,#6539,.T.);
#6557 = ORIENTED_EDGE('',*,*,#6558,.F.);
#6558 = EDGE_CURVE('',#6559,#6532,#6561,.T.);
#6559 = VERTEX_POINT('',#6560);
#6560 = CARTESIAN_POINT('',(-0.6,0.375,5.E-02));
#6561 = LINE('',#6562,#6563);
#6562 = CARTESIAN_POINT('',(-0.6,0.375,5.E-02));
#6563 = VECTOR('',#6564,1.);
#6564 = DIRECTION('',(-1.,1.734723475977E-16,0.));
#6565 = ORIENTED_EDGE('',*,*,#6566,.F.);
#6566 = EDGE_CURVE('',#6460,#6559,#6567,.T.);
#6567 = LINE('',#6568,#6569);
#6568 = CARTESIAN_POINT('',(-0.6,0.375,0.));
#6569 = VECTOR('',#6570,1.);
#6570 = DIRECTION('',(0.,0.,1.));
#6571 = PLANE('',#6572);
#6572 = AXIS2_PLACEMENT_3D('',#6573,#6574,#6575);
#6573 = CARTESIAN_POINT('',(-0.6,0.375,0.));
#6574 = DIRECTION('',(1.734723475977E-16,1.,0.));
#6575 = DIRECTION('',(-1.,1.734723475977E-16,0.));
#6576 = ADVANCED_FACE('',(#6577),#6588,.T.);
#6577 = FACE_BOUND('',#6578,.T.);
#6578 = EDGE_LOOP('',(#6579,#6580,#6581,#6587));
#6579 = ORIENTED_EDGE('',*,*,#6467,.T.);
#6580 = ORIENTED_EDGE('',*,*,#6566,.T.);
#6581 = ORIENTED_EDGE('',*,*,#6582,.F.);
#6582 = EDGE_CURVE('',#6499,#6559,#6583,.T.);
#6583 = LINE('',#6584,#6585);
#6584 = CARTESIAN_POINT('',(-0.6,0.125,5.E-02));
#6585 = VECTOR('',#6586,1.);
#6586 = DIRECTION('',(2.775557561563E-16,1.,0.));
#6587 = ORIENTED_EDGE('',*,*,#6498,.F.);
#6588 = PLANE('',#6589);
#6589 = AXIS2_PLACEMENT_3D('',#6590,#6591,#6592);
#6590 = CARTESIAN_POINT('',(-0.6,0.125,0.));
#6591 = DIRECTION('',(1.,-2.775557561563E-16,0.));
#6592 = DIRECTION('',(2.775557561563E-16,1.,0.));
#6593 = ADVANCED_FACE('',(#6594),#6600,.T.);
#6594 = FACE_BOUND('',#6595,.T.);
#6595 = EDGE_LOOP('',(#6596,#6597,#6598,#6599));
#6596 = ORIENTED_EDGE('',*,*,#6582,.T.);
#6597 = ORIENTED_EDGE('',*,*,#6558,.T.);
#6598 = ORIENTED_EDGE('',*,*,#6531,.T.);
#6599 = ORIENTED_EDGE('',*,*,#6506,.T.);
#6600 = PLANE('',#6601);
#6601 = AXIS2_PLACEMENT_3D('',#6602,#6603,#6604);
#6602 = CARTESIAN_POINT('',(-0.8,0.25,5.E-02));
#6603 = DIRECTION('',(0.,0.,1.));
#6604 = DIRECTION('',(1.,0.,-0.));
#6605 = MANIFOLD_SOLID_BREP('',#6606);
#6606 = CLOSED_SHELL('',(#6607,#6647,#6687,#6709,#6726,#6775,#6815,#6837
    ,#6859,#6871));
#6607 = ADVANCED_FACE('',(#6608),#6642,.F.);
#6608 = FACE_BOUND('',#6609,.T.);
#6609 = EDGE_LOOP('',(#6610,#6620,#6628,#6636));
#6610 = ORIENTED_EDGE('',*,*,#6611,.F.);
#6611 = EDGE_CURVE('',#6612,#6614,#6616,.T.);
#6612 = VERTEX_POINT('',#6613);
#6613 = CARTESIAN_POINT('',(1.,0.8,0.));
#6614 = VERTEX_POINT('',#6615);
#6615 = CARTESIAN_POINT('',(0.93,0.8,0.));
#6616 = LINE('',#6617,#6618);
#6617 = CARTESIAN_POINT('',(0.9,0.8,0.));
#6618 = VECTOR('',#6619,1.);
#6619 = DIRECTION('',(-1.,0.,0.));
#6620 = ORIENTED_EDGE('',*,*,#6621,.F.);
#6621 = EDGE_CURVE('',#6622,#6612,#6624,.T.);
#6622 = VERTEX_POINT('',#6623);
#6623 = CARTESIAN_POINT('',(1.,0.8,2.5E-02));
#6624 = LINE('',#6625,#6626);
#6625 = CARTESIAN_POINT('',(1.,0.8,0.));
#6626 = VECTOR('',#6627,1.);
#6627 = DIRECTION('',(0.,0.,-1.));
#6628 = ORIENTED_EDGE('',*,*,#6629,.T.);
#6629 = EDGE_CURVE('',#6622,#6630,#6632,.T.);
#6630 = VERTEX_POINT('',#6631);
#6631 = CARTESIAN_POINT('',(0.93,0.8,2.5E-02));
#6632 = LINE('',#6633,#6634);
#6633 = CARTESIAN_POINT('',(0.93,0.8,2.5E-02));
#6634 = VECTOR('',#6635,1.);
#6635 = DIRECTION('',(-1.,0.,0.));
#6636 = ORIENTED_EDGE('',*,*,#6637,.F.);
#6637 = EDGE_CURVE('',#6614,#6630,#6638,.T.);
#6638 = LINE('',#6639,#6640);
#6639 = CARTESIAN_POINT('',(0.93,0.8,0.));
#6640 = VECTOR('',#6641,1.);
#6641 = DIRECTION('',(0.,0.,1.));
#6642 = PLANE('',#6643);
#6643 = AXIS2_PLACEMENT_3D('',#6644,#6645,#6646);
#6644 = CARTESIAN_POINT('',(1.,0.8,0.));
#6645 = DIRECTION('',(0.,1.,0.));
#6646 = DIRECTION('',(-1.,0.,0.));
#6647 = ADVANCED_FACE('',(#6648),#6682,.F.);
#6648 = FACE_BOUND('',#6649,.T.);
#6649 = EDGE_LOOP('',(#6650,#6660,#6668,#6676));
#6650 = ORIENTED_EDGE('',*,*,#6651,.F.);
#6651 = EDGE_CURVE('',#6652,#6654,#6656,.T.);
#6652 = VERTEX_POINT('',#6653);
#6653 = CARTESIAN_POINT('',(0.93,0.7,0.));
#6654 = VERTEX_POINT('',#6655);
#6655 = CARTESIAN_POINT('',(1.,0.7,0.));
#6656 = LINE('',#6657,#6658);
#6657 = CARTESIAN_POINT('',(0.865,0.7,0.));
#6658 = VECTOR('',#6659,1.);
#6659 = DIRECTION('',(1.,0.,0.));
#6660 = ORIENTED_EDGE('',*,*,#6661,.T.);
#6661 = EDGE_CURVE('',#6652,#6662,#6664,.T.);
#6662 = VERTEX_POINT('',#6663);
#6663 = CARTESIAN_POINT('',(0.93,0.7,2.5E-02));
#6664 = LINE('',#6665,#6666);
#6665 = CARTESIAN_POINT('',(0.93,0.7,0.));
#6666 = VECTOR('',#6667,1.);
#6667 = DIRECTION('',(0.,0.,1.));
#6668 = ORIENTED_EDGE('',*,*,#6669,.T.);
#6669 = EDGE_CURVE('',#6662,#6670,#6672,.T.);
#6670 = VERTEX_POINT('',#6671);
#6671 = CARTESIAN_POINT('',(1.,0.7,2.5E-02));
#6672 = LINE('',#6673,#6674);
#6673 = CARTESIAN_POINT('',(1.,0.7,2.5E-02));
#6674 = VECTOR('',#6675,1.);
#6675 = DIRECTION('',(1.,0.,0.));
#6676 = ORIENTED_EDGE('',*,*,#6677,.F.);
#6677 = EDGE_CURVE('',#6654,#6670,#6678,.T.);
#6678 = LINE('',#6679,#6680);
#6679 = CARTESIAN_POINT('',(1.,0.7,0.));
#6680 = VECTOR('',#6681,1.);
#6681 = DIRECTION('',(0.,0.,1.));
#6682 = PLANE('',#6683);
#6683 = AXIS2_PLACEMENT_3D('',#6684,#6685,#6686);
#6684 = CARTESIAN_POINT('',(0.93,0.7,0.));
#6685 = DIRECTION('',(0.,-1.,0.));
#6686 = DIRECTION('',(1.,0.,0.));
#6687 = ADVANCED_FACE('',(#6688),#6704,.F.);
#6688 = FACE_BOUND('',#6689,.T.);
#6689 = EDGE_LOOP('',(#6690,#6696,#6697,#6703));
#6690 = ORIENTED_EDGE('',*,*,#6691,.F.);
#6691 = EDGE_CURVE('',#6614,#6652,#6692,.T.);
#6692 = LINE('',#6693,#6694);
#6693 = CARTESIAN_POINT('',(0.93,0.775,0.));
#6694 = VECTOR('',#6695,1.);
#6695 = DIRECTION('',(0.,-1.,0.));
#6696 = ORIENTED_EDGE('',*,*,#6637,.T.);
#6697 = ORIENTED_EDGE('',*,*,#6698,.T.);
#6698 = EDGE_CURVE('',#6630,#6662,#6699,.T.);
#6699 = LINE('',#6700,#6701);
#6700 = CARTESIAN_POINT('',(0.93,0.7,2.5E-02));
#6701 = VECTOR('',#6702,1.);
#6702 = DIRECTION('',(0.,-1.,0.));
#6703 = ORIENTED_EDGE('',*,*,#6661,.F.);
#6704 = PLANE('',#6705);
#6705 = AXIS2_PLACEMENT_3D('',#6706,#6707,#6708);
#6706 = CARTESIAN_POINT('',(0.93,0.8,0.));
#6707 = DIRECTION('',(-1.,0.,0.));
#6708 = DIRECTION('',(0.,-1.,0.));
#6709 = ADVANCED_FACE('',(#6710),#6721,.F.);
#6710 = FACE_BOUND('',#6711,.T.);
#6711 = EDGE_LOOP('',(#6712,#6713,#6714,#6720));
#6712 = ORIENTED_EDGE('',*,*,#6698,.F.);
#6713 = ORIENTED_EDGE('',*,*,#6629,.F.);
#6714 = ORIENTED_EDGE('',*,*,#6715,.F.);
#6715 = EDGE_CURVE('',#6670,#6622,#6716,.T.);
#6716 = LINE('',#6717,#6718);
#6717 = CARTESIAN_POINT('',(1.,0.6875,2.5E-02));
#6718 = VECTOR('',#6719,1.);
#6719 = DIRECTION('',(0.,1.,0.));
#6720 = ORIENTED_EDGE('',*,*,#6669,.F.);
#6721 = PLANE('',#6722);
#6722 = AXIS2_PLACEMENT_3D('',#6723,#6724,#6725);
#6723 = CARTESIAN_POINT('',(0.965,0.75,2.5E-02));
#6724 = DIRECTION('',(0.,0.,1.));
#6725 = DIRECTION('',(1.,0.,-0.));
#6726 = ADVANCED_FACE('',(#6727),#6770,.T.);
#6727 = FACE_BOUND('',#6728,.T.);
#6728 = EDGE_LOOP('',(#6729,#6730,#6731,#6732,#6740,#6748,#6756,#6764));
#6729 = ORIENTED_EDGE('',*,*,#6677,.T.);
#6730 = ORIENTED_EDGE('',*,*,#6715,.T.);
#6731 = ORIENTED_EDGE('',*,*,#6621,.T.);
#6732 = ORIENTED_EDGE('',*,*,#6733,.T.);
#6733 = EDGE_CURVE('',#6612,#6734,#6736,.T.);
#6734 = VERTEX_POINT('',#6735);
#6735 = CARTESIAN_POINT('',(1.,0.875,0.));
#6736 = LINE('',#6737,#6738);
#6737 = CARTESIAN_POINT('',(1.,0.625,0.));
#6738 = VECTOR('',#6739,1.);
#6739 = DIRECTION('',(0.,1.,0.));
#6740 = ORIENTED_EDGE('',*,*,#6741,.T.);
#6741 = EDGE_CURVE('',#6734,#6742,#6744,.T.);
#6742 = VERTEX_POINT('',#6743);
#6743 = CARTESIAN_POINT('',(1.,0.875,5.E-02));
#6744 = LINE('',#6745,#6746);
#6745 = CARTESIAN_POINT('',(1.,0.875,0.));
#6746 = VECTOR('',#6747,1.);
#6747 = DIRECTION('',(0.,0.,1.));
#6748 = ORIENTED_EDGE('',*,*,#6749,.F.);
#6749 = EDGE_CURVE('',#6750,#6742,#6752,.T.);
#6750 = VERTEX_POINT('',#6751);
#6751 = CARTESIAN_POINT('',(1.,0.625,5.E-02));
#6752 = LINE('',#6753,#6754);
#6753 = CARTESIAN_POINT('',(1.,0.625,5.E-02));
#6754 = VECTOR('',#6755,1.);
#6755 = DIRECTION('',(0.,1.,0.));
#6756 = ORIENTED_EDGE('',*,*,#6757,.F.);
#6757 = EDGE_CURVE('',#6758,#6750,#6760,.T.);
#6758 = VERTEX_POINT('',#6759);
#6759 = CARTESIAN_POINT('',(1.,0.625,0.));
#6760 = LINE('',#6761,#6762);
#6761 = CARTESIAN_POINT('',(1.,0.625,0.));
#6762 = VECTOR('',#6763,1.);
#6763 = DIRECTION('',(0.,0.,1.));
#6764 = ORIENTED_EDGE('',*,*,#6765,.T.);
#6765 = EDGE_CURVE('',#6758,#6654,#6766,.T.);
#6766 = LINE('',#6767,#6768);
#6767 = CARTESIAN_POINT('',(1.,0.625,0.));
#6768 = VECTOR('',#6769,1.);
#6769 = DIRECTION('',(0.,1.,0.));
#6770 = PLANE('',#6771);
#6771 = AXIS2_PLACEMENT_3D('',#6772,#6773,#6774);
#6772 = CARTESIAN_POINT('',(1.,0.625,0.));
#6773 = DIRECTION('',(1.,0.,0.));
#6774 = DIRECTION('',(-0.,1.,0.));
#6775 = ADVANCED_FACE('',(#6776),#6810,.T.);
#6776 = FACE_BOUND('',#6777,.T.);
#6777 = EDGE_LOOP('',(#6778,#6788,#6796,#6804));
#6778 = ORIENTED_EDGE('',*,*,#6779,.T.);
#6779 = EDGE_CURVE('',#6780,#6782,#6784,.T.);
#6780 = VERTEX_POINT('',#6781);
#6781 = CARTESIAN_POINT('',(0.6,0.875,0.));
#6782 = VERTEX_POINT('',#6783);
#6783 = CARTESIAN_POINT('',(0.6,0.625,0.));
#6784 = LINE('',#6785,#6786);
#6785 = CARTESIAN_POINT('',(0.6,0.875,0.));
#6786 = VECTOR('',#6787,1.);
#6787 = DIRECTION('',(0.,-1.,0.));
#6788 = ORIENTED_EDGE('',*,*,#6789,.T.);
#6789 = EDGE_CURVE('',#6782,#6790,#6792,.T.);
#6790 = VERTEX_POINT('',#6791);
#6791 = CARTESIAN_POINT('',(0.6,0.625,5.E-02));
#6792 = LINE('',#6793,#6794);
#6793 = CARTESIAN_POINT('',(0.6,0.625,0.));
#6794 = VECTOR('',#6795,1.);
#6795 = DIRECTION('',(0.,0.,1.));
#6796 = ORIENTED_EDGE('',*,*,#6797,.F.);
#6797 = EDGE_CURVE('',#6798,#6790,#6800,.T.);
#6798 = VERTEX_POINT('',#6799);
#6799 = CARTESIAN_POINT('',(0.6,0.875,5.E-02));
#6800 = LINE('',#6801,#6802);
#6801 = CARTESIAN_POINT('',(0.6,0.875,5.E-02));
#6802 = VECTOR('',#6803,1.);
#6803 = DIRECTION('',(0.,-1.,0.));
#6804 = ORIENTED_EDGE('',*,*,#6805,.F.);
#6805 = EDGE_CURVE('',#6780,#6798,#6806,.T.);
#6806 = LINE('',#6807,#6808);
#6807 = CARTESIAN_POINT('',(0.6,0.875,0.));
#6808 = VECTOR('',#6809,1.);
#6809 = DIRECTION('',(0.,0.,1.));
#6810 = PLANE('',#6811);
#6811 = AXIS2_PLACEMENT_3D('',#6812,#6813,#6814);
#6812 = CARTESIAN_POINT('',(0.6,0.875,0.));
#6813 = DIRECTION('',(-1.,0.,0.));
#6814 = DIRECTION('',(0.,-1.,0.));
#6815 = ADVANCED_FACE('',(#6816),#6832,.T.);
#6816 = FACE_BOUND('',#6817,.T.);
#6817 = EDGE_LOOP('',(#6818,#6824,#6825,#6831));
#6818 = ORIENTED_EDGE('',*,*,#6819,.T.);
#6819 = EDGE_CURVE('',#6734,#6780,#6820,.T.);
#6820 = LINE('',#6821,#6822);
#6821 = CARTESIAN_POINT('',(1.,0.875,0.));
#6822 = VECTOR('',#6823,1.);
#6823 = DIRECTION('',(-1.,0.,0.));
#6824 = ORIENTED_EDGE('',*,*,#6805,.T.);
#6825 = ORIENTED_EDGE('',*,*,#6826,.F.);
#6826 = EDGE_CURVE('',#6742,#6798,#6827,.T.);
#6827 = LINE('',#6828,#6829);
#6828 = CARTESIAN_POINT('',(1.,0.875,5.E-02));
#6829 = VECTOR('',#6830,1.);
#6830 = DIRECTION('',(-1.,0.,0.));
#6831 = ORIENTED_EDGE('',*,*,#6741,.F.);
#6832 = PLANE('',#6833);
#6833 = AXIS2_PLACEMENT_3D('',#6834,#6835,#6836);
#6834 = CARTESIAN_POINT('',(1.,0.875,0.));
#6835 = DIRECTION('',(0.,1.,0.));
#6836 = DIRECTION('',(-1.,0.,0.));
#6837 = ADVANCED_FACE('',(#6838),#6854,.T.);
#6838 = FACE_BOUND('',#6839,.T.);
#6839 = EDGE_LOOP('',(#6840,#6846,#6847,#6853));
#6840 = ORIENTED_EDGE('',*,*,#6841,.T.);
#6841 = EDGE_CURVE('',#6782,#6758,#6842,.T.);
#6842 = LINE('',#6843,#6844);
#6843 = CARTESIAN_POINT('',(0.6,0.625,0.));
#6844 = VECTOR('',#6845,1.);
#6845 = DIRECTION('',(1.,0.,0.));
#6846 = ORIENTED_EDGE('',*,*,#6757,.T.);
#6847 = ORIENTED_EDGE('',*,*,#6848,.F.);
#6848 = EDGE_CURVE('',#6790,#6750,#6849,.T.);
#6849 = LINE('',#6850,#6851);
#6850 = CARTESIAN_POINT('',(0.6,0.625,5.E-02));
#6851 = VECTOR('',#6852,1.);
#6852 = DIRECTION('',(1.,0.,0.));
#6853 = ORIENTED_EDGE('',*,*,#6789,.F.);
#6854 = PLANE('',#6855);
#6855 = AXIS2_PLACEMENT_3D('',#6856,#6857,#6858);
#6856 = CARTESIAN_POINT('',(0.6,0.625,0.));
#6857 = DIRECTION('',(0.,-1.,0.));
#6858 = DIRECTION('',(1.,0.,0.));
#6859 = ADVANCED_FACE('',(#6860),#6866,.T.);
#6860 = FACE_BOUND('',#6861,.T.);
#6861 = EDGE_LOOP('',(#6862,#6863,#6864,#6865));
#6862 = ORIENTED_EDGE('',*,*,#6848,.T.);
#6863 = ORIENTED_EDGE('',*,*,#6749,.T.);
#6864 = ORIENTED_EDGE('',*,*,#6826,.T.);
#6865 = ORIENTED_EDGE('',*,*,#6797,.T.);
#6866 = PLANE('',#6867);
#6867 = AXIS2_PLACEMENT_3D('',#6868,#6869,#6870);
#6868 = CARTESIAN_POINT('',(0.8,0.75,5.E-02));
#6869 = DIRECTION('',(0.,0.,1.));
#6870 = DIRECTION('',(1.,0.,-0.));
#6871 = ADVANCED_FACE('',(#6872),#6882,.F.);
#6872 = FACE_BOUND('',#6873,.T.);
#6873 = EDGE_LOOP('',(#6874,#6875,#6876,#6877,#6878,#6879,#6880,#6881));
#6874 = ORIENTED_EDGE('',*,*,#6651,.T.);
#6875 = ORIENTED_EDGE('',*,*,#6765,.F.);
#6876 = ORIENTED_EDGE('',*,*,#6841,.F.);
#6877 = ORIENTED_EDGE('',*,*,#6779,.F.);
#6878 = ORIENTED_EDGE('',*,*,#6819,.F.);
#6879 = ORIENTED_EDGE('',*,*,#6733,.F.);
#6880 = ORIENTED_EDGE('',*,*,#6611,.T.);
#6881 = ORIENTED_EDGE('',*,*,#6691,.T.);
#6882 = PLANE('',#6883);
#6883 = AXIS2_PLACEMENT_3D('',#6884,#6885,#6886);
#6884 = CARTESIAN_POINT('',(0.8,0.75,0.));
#6885 = DIRECTION('',(0.,0.,1.));
#6886 = DIRECTION('',(1.,0.,-0.));
#6887 = MANIFOLD_SOLID_BREP('',#6888);
#6888 = CLOSED_SHELL('',(#6889,#6929,#6960,#6991,#7008,#7057,#7088,#7112
    ,#7136,#7157));
#6889 = ADVANCED_FACE('',(#6890),#6924,.F.);
#6890 = FACE_BOUND('',#6891,.T.);
#6891 = EDGE_LOOP('',(#6892,#6902,#6910,#6918));
#6892 = ORIENTED_EDGE('',*,*,#6893,.F.);
#6893 = EDGE_CURVE('',#6894,#6896,#6898,.T.);
#6894 = VERTEX_POINT('',#6895);
#6895 = CARTESIAN_POINT('',(-0.3,0.93,0.));
#6896 = VERTEX_POINT('',#6897);
#6897 = CARTESIAN_POINT('',(-0.2,0.93,0.));
#6898 = LINE('',#6899,#6900);
#6899 = CARTESIAN_POINT('',(-0.275,0.93,0.));
#6900 = VECTOR('',#6901,1.);
#6901 = DIRECTION('',(1.,0.,0.));
#6902 = ORIENTED_EDGE('',*,*,#6903,.T.);
#6903 = EDGE_CURVE('',#6894,#6904,#6906,.T.);
#6904 = VERTEX_POINT('',#6905);
#6905 = CARTESIAN_POINT('',(-0.3,0.93,2.5E-02));
#6906 = LINE('',#6907,#6908);
#6907 = CARTESIAN_POINT('',(-0.3,0.93,0.));
#6908 = VECTOR('',#6909,1.);
#6909 = DIRECTION('',(0.,0.,1.));
#6910 = ORIENTED_EDGE('',*,*,#6911,.T.);
#6911 = EDGE_CURVE('',#6904,#6912,#6914,.T.);
#6912 = VERTEX_POINT('',#6913);
#6913 = CARTESIAN_POINT('',(-0.2,0.93,2.5E-02));
#6914 = LINE('',#6915,#6916);
#6915 = CARTESIAN_POINT('',(-0.2,0.93,2.5E-02));
#6916 = VECTOR('',#6917,1.);
#6917 = DIRECTION('',(1.,0.,0.));
#6918 = ORIENTED_EDGE('',*,*,#6919,.F.);
#6919 = EDGE_CURVE('',#6896,#6912,#6920,.T.);
#6920 = LINE('',#6921,#6922);
#6921 = CARTESIAN_POINT('',(-0.2,0.93,0.));
#6922 = VECTOR('',#6923,1.);
#6923 = DIRECTION('',(0.,0.,1.));
#6924 = PLANE('',#6925);
#6925 = AXIS2_PLACEMENT_3D('',#6926,#6927,#6928);
#6926 = CARTESIAN_POINT('',(-0.3,0.93,0.));
#6927 = DIRECTION('',(0.,-1.,0.));
#6928 = DIRECTION('',(1.,0.,0.));
#6929 = ADVANCED_FACE('',(#6930),#6955,.F.);
#6930 = FACE_BOUND('',#6931,.T.);
#6931 = EDGE_LOOP('',(#6932,#6942,#6948,#6949));
#6932 = ORIENTED_EDGE('',*,*,#6933,.F.);
#6933 = EDGE_CURVE('',#6934,#6936,#6938,.T.);
#6934 = VERTEX_POINT('',#6935);
#6935 = CARTESIAN_POINT('',(-0.3,1.,2.5E-02));
#6936 = VERTEX_POINT('',#6937);
#6937 = CARTESIAN_POINT('',(-0.3,1.,0.));
#6938 = LINE('',#6939,#6940);
#6939 = CARTESIAN_POINT('',(-0.3,1.,0.));
#6940 = VECTOR('',#6941,1.);
#6941 = DIRECTION('',(0.,0.,-1.));
#6942 = ORIENTED_EDGE('',*,*,#6943,.T.);
#6943 = EDGE_CURVE('',#6934,#6904,#6944,.T.);
#6944 = LINE('',#6945,#6946);
#6945 = CARTESIAN_POINT('',(-0.3,0.93,2.5E-02));
#6946 = VECTOR('',#6947,1.);
#6947 = DIRECTION('',(0.,-1.,0.));
#6948 = ORIENTED_EDGE('',*,*,#6903,.F.);
#6949 = ORIENTED_EDGE('',*,*,#6950,.F.);
#6950 = EDGE_CURVE('',#6936,#6894,#6951,.T.);
#6951 = LINE('',#6952,#6953);
#6952 = CARTESIAN_POINT('',(-0.3,0.935,0.));
#6953 = VECTOR('',#6954,1.);
#6954 = DIRECTION('',(0.,-1.,0.));
#6955 = PLANE('',#6956);
#6956 = AXIS2_PLACEMENT_3D('',#6957,#6958,#6959);
#6957 = CARTESIAN_POINT('',(-0.3,1.07,0.));
#6958 = DIRECTION('',(-1.,0.,0.));
#6959 = DIRECTION('',(0.,-1.,0.));
#6960 = ADVANCED_FACE('',(#6961),#6986,.F.);
#6961 = FACE_BOUND('',#6962,.T.);
#6962 = EDGE_LOOP('',(#6963,#6973,#6979,#6980));
#6963 = ORIENTED_EDGE('',*,*,#6964,.F.);
#6964 = EDGE_CURVE('',#6965,#6967,#6969,.T.);
#6965 = VERTEX_POINT('',#6966);
#6966 = CARTESIAN_POINT('',(-0.2,1.,0.));
#6967 = VERTEX_POINT('',#6968);
#6968 = CARTESIAN_POINT('',(-0.2,1.,2.5E-02));
#6969 = LINE('',#6970,#6971);
#6970 = CARTESIAN_POINT('',(-0.2,1.,0.));
#6971 = VECTOR('',#6972,1.);
#6972 = DIRECTION('',(0.,0.,1.));
#6973 = ORIENTED_EDGE('',*,*,#6974,.F.);
#6974 = EDGE_CURVE('',#6896,#6965,#6975,.T.);
#6975 = LINE('',#6976,#6977);
#6976 = CARTESIAN_POINT('',(-0.2,0.865,0.));
#6977 = VECTOR('',#6978,1.);
#6978 = DIRECTION('',(-2.478176394253E-16,1.,0.));
#6979 = ORIENTED_EDGE('',*,*,#6919,.T.);
#6980 = ORIENTED_EDGE('',*,*,#6981,.T.);
#6981 = EDGE_CURVE('',#6912,#6967,#6982,.T.);
#6982 = LINE('',#6983,#6984);
#6983 = CARTESIAN_POINT('',(-0.2,1.07,2.5E-02));
#6984 = VECTOR('',#6985,1.);
#6985 = DIRECTION('',(-2.478176394253E-16,1.,0.));
#6986 = PLANE('',#6987);
#6987 = AXIS2_PLACEMENT_3D('',#6988,#6989,#6990);
#6988 = CARTESIAN_POINT('',(-0.2,0.93,0.));
#6989 = DIRECTION('',(1.,2.478176394253E-16,0.));
#6990 = DIRECTION('',(-2.478176394253E-16,1.,0.));
#6991 = ADVANCED_FACE('',(#6992),#7003,.F.);
#6992 = FACE_BOUND('',#6993,.T.);
#6993 = EDGE_LOOP('',(#6994,#7000,#7001,#7002));
#6994 = ORIENTED_EDGE('',*,*,#6995,.F.);
#6995 = EDGE_CURVE('',#6967,#6934,#6996,.T.);
#6996 = LINE('',#6997,#6998);
#6997 = CARTESIAN_POINT('',(-0.1875,1.,2.5E-02));
#6998 = VECTOR('',#6999,1.);
#6999 = DIRECTION('',(-1.,0.,0.));
#7000 = ORIENTED_EDGE('',*,*,#6981,.F.);
#7001 = ORIENTED_EDGE('',*,*,#6911,.F.);
#7002 = ORIENTED_EDGE('',*,*,#6943,.F.);
#7003 = PLANE('',#7004);
#7004 = AXIS2_PLACEMENT_3D('',#7005,#7006,#7007);
#7005 = CARTESIAN_POINT('',(-0.25,1.,2.5E-02));
#7006 = DIRECTION('',(0.,0.,1.));
#7007 = DIRECTION('',(1.,0.,-0.));
#7008 = ADVANCED_FACE('',(#7009),#7052,.F.);
#7009 = FACE_BOUND('',#7010,.T.);
#7010 = EDGE_LOOP('',(#7011,#7012,#7013,#7014,#7022,#7030,#7038,#7046));
#7011 = ORIENTED_EDGE('',*,*,#6950,.T.);
#7012 = ORIENTED_EDGE('',*,*,#6893,.T.);
#7013 = ORIENTED_EDGE('',*,*,#6974,.T.);
#7014 = ORIENTED_EDGE('',*,*,#7015,.F.);
#7015 = EDGE_CURVE('',#7016,#6965,#7018,.T.);
#7016 = VERTEX_POINT('',#7017);
#7017 = CARTESIAN_POINT('',(-0.125,1.,0.));
#7018 = LINE('',#7019,#7020);
#7019 = CARTESIAN_POINT('',(-0.125,1.,0.));
#7020 = VECTOR('',#7021,1.);
#7021 = DIRECTION('',(-1.,0.,0.));
#7022 = ORIENTED_EDGE('',*,*,#7023,.F.);
#7023 = EDGE_CURVE('',#7024,#7016,#7026,.T.);
#7024 = VERTEX_POINT('',#7025);
#7025 = CARTESIAN_POINT('',(-0.125,0.6,0.));
#7026 = LINE('',#7027,#7028);
#7027 = CARTESIAN_POINT('',(-0.125,0.6,0.));
#7028 = VECTOR('',#7029,1.);
#7029 = DIRECTION('',(0.,1.,0.));
#7030 = ORIENTED_EDGE('',*,*,#7031,.F.);
#7031 = EDGE_CURVE('',#7032,#7024,#7034,.T.);
#7032 = VERTEX_POINT('',#7033);
#7033 = CARTESIAN_POINT('',(-0.375,0.6,0.));
#7034 = LINE('',#7035,#7036);
#7035 = CARTESIAN_POINT('',(-0.375,0.6,0.));
#7036 = VECTOR('',#7037,1.);
#7037 = DIRECTION('',(1.,0.,0.));
#7038 = ORIENTED_EDGE('',*,*,#7039,.F.);
#7039 = EDGE_CURVE('',#7040,#7032,#7042,.T.);
#7040 = VERTEX_POINT('',#7041);
#7041 = CARTESIAN_POINT('',(-0.375,1.,0.));
#7042 = LINE('',#7043,#7044);
#7043 = CARTESIAN_POINT('',(-0.375,1.,0.));
#7044 = VECTOR('',#7045,1.);
#7045 = DIRECTION('',(0.,-1.,0.));
#7046 = ORIENTED_EDGE('',*,*,#7047,.F.);
#7047 = EDGE_CURVE('',#6936,#7040,#7048,.T.);
#7048 = LINE('',#7049,#7050);
#7049 = CARTESIAN_POINT('',(-0.125,1.,0.));
#7050 = VECTOR('',#7051,1.);
#7051 = DIRECTION('',(-1.,0.,0.));
#7052 = PLANE('',#7053);
#7053 = AXIS2_PLACEMENT_3D('',#7054,#7055,#7056);
#7054 = CARTESIAN_POINT('',(-0.25,0.8,0.));
#7055 = DIRECTION('',(0.,0.,1.));
#7056 = DIRECTION('',(1.,0.,-0.));
#7057 = ADVANCED_FACE('',(#7058),#7083,.T.);
#7058 = FACE_BOUND('',#7059,.T.);
#7059 = EDGE_LOOP('',(#7060,#7061,#7069,#7077));
#7060 = ORIENTED_EDGE('',*,*,#7023,.T.);
#7061 = ORIENTED_EDGE('',*,*,#7062,.T.);
#7062 = EDGE_CURVE('',#7016,#7063,#7065,.T.);
#7063 = VERTEX_POINT('',#7064);
#7064 = CARTESIAN_POINT('',(-0.125,1.,5.E-02));
#7065 = LINE('',#7066,#7067);
#7066 = CARTESIAN_POINT('',(-0.125,1.,0.));
#7067 = VECTOR('',#7068,1.);
#7068 = DIRECTION('',(0.,0.,1.));
#7069 = ORIENTED_EDGE('',*,*,#7070,.F.);
#7070 = EDGE_CURVE('',#7071,#7063,#7073,.T.);
#7071 = VERTEX_POINT('',#7072);
#7072 = CARTESIAN_POINT('',(-0.125,0.6,5.E-02));
#7073 = LINE('',#7074,#7075);
#7074 = CARTESIAN_POINT('',(-0.125,0.6,5.E-02));
#7075 = VECTOR('',#7076,1.);
#7076 = DIRECTION('',(0.,1.,0.));
#7077 = ORIENTED_EDGE('',*,*,#7078,.F.);
#7078 = EDGE_CURVE('',#7024,#7071,#7079,.T.);
#7079 = LINE('',#7080,#7081);
#7080 = CARTESIAN_POINT('',(-0.125,0.6,0.));
#7081 = VECTOR('',#7082,1.);
#7082 = DIRECTION('',(0.,0.,1.));
#7083 = PLANE('',#7084);
#7084 = AXIS2_PLACEMENT_3D('',#7085,#7086,#7087);
#7085 = CARTESIAN_POINT('',(-0.125,0.6,0.));
#7086 = DIRECTION('',(1.,0.,0.));
#7087 = DIRECTION('',(-0.,1.,0.));
#7088 = ADVANCED_FACE('',(#7089),#7107,.T.);
#7089 = FACE_BOUND('',#7090,.T.);
#7090 = EDGE_LOOP('',(#7091,#7092,#7093,#7101));
#7091 = ORIENTED_EDGE('',*,*,#7031,.T.);
#7092 = ORIENTED_EDGE('',*,*,#7078,.T.);
#7093 = ORIENTED_EDGE('',*,*,#7094,.F.);
#7094 = EDGE_CURVE('',#7095,#7071,#7097,.T.);
#7095 = VERTEX_POINT('',#7096);
#7096 = CARTESIAN_POINT('',(-0.375,0.6,5.E-02));
#7097 = LINE('',#7098,#7099);
#7098 = CARTESIAN_POINT('',(-0.375,0.6,5.E-02));
#7099 = VECTOR('',#7100,1.);
#7100 = DIRECTION('',(1.,0.,0.));
#7101 = ORIENTED_EDGE('',*,*,#7102,.F.);
#7102 = EDGE_CURVE('',#7032,#7095,#7103,.T.);
#7103 = LINE('',#7104,#7105);
#7104 = CARTESIAN_POINT('',(-0.375,0.6,0.));
#7105 = VECTOR('',#7106,1.);
#7106 = DIRECTION('',(0.,0.,1.));
#7107 = PLANE('',#7108);
#7108 = AXIS2_PLACEMENT_3D('',#7109,#7110,#7111);
#7109 = CARTESIAN_POINT('',(-0.375,0.6,0.));
#7110 = DIRECTION('',(0.,-1.,0.));
#7111 = DIRECTION('',(1.,0.,0.));
#7112 = ADVANCED_FACE('',(#7113),#7131,.T.);
#7113 = FACE_BOUND('',#7114,.T.);
#7114 = EDGE_LOOP('',(#7115,#7116,#7117,#7125));
#7115 = ORIENTED_EDGE('',*,*,#7039,.T.);
#7116 = ORIENTED_EDGE('',*,*,#7102,.T.);
#7117 = ORIENTED_EDGE('',*,*,#7118,.F.);
#7118 = EDGE_CURVE('',#7119,#7095,#7121,.T.);
#7119 = VERTEX_POINT('',#7120);
#7120 = CARTESIAN_POINT('',(-0.375,1.,5.E-02));
#7121 = LINE('',#7122,#7123);
#7122 = CARTESIAN_POINT('',(-0.375,1.,5.E-02));
#7123 = VECTOR('',#7124,1.);
#7124 = DIRECTION('',(0.,-1.,0.));
#7125 = ORIENTED_EDGE('',*,*,#7126,.F.);
#7126 = EDGE_CURVE('',#7040,#7119,#7127,.T.);
#7127 = LINE('',#7128,#7129);
#7128 = CARTESIAN_POINT('',(-0.375,1.,0.));
#7129 = VECTOR('',#7130,1.);
#7130 = DIRECTION('',(0.,0.,1.));
#7131 = PLANE('',#7132);
#7132 = AXIS2_PLACEMENT_3D('',#7133,#7134,#7135);
#7133 = CARTESIAN_POINT('',(-0.375,1.,0.));
#7134 = DIRECTION('',(-1.,0.,0.));
#7135 = DIRECTION('',(0.,-1.,0.));
#7136 = ADVANCED_FACE('',(#7137),#7152,.T.);
#7137 = FACE_BOUND('',#7138,.T.);
#7138 = EDGE_LOOP('',(#7139,#7140,#7141,#7142,#7148,#7149,#7150,#7151));
#7139 = ORIENTED_EDGE('',*,*,#6933,.T.);
#7140 = ORIENTED_EDGE('',*,*,#7047,.T.);
#7141 = ORIENTED_EDGE('',*,*,#7126,.T.);
#7142 = ORIENTED_EDGE('',*,*,#7143,.F.);
#7143 = EDGE_CURVE('',#7063,#7119,#7144,.T.);
#7144 = LINE('',#7145,#7146);
#7145 = CARTESIAN_POINT('',(-0.125,1.,5.E-02));
#7146 = VECTOR('',#7147,1.);
#7147 = DIRECTION('',(-1.,0.,0.));
#7148 = ORIENTED_EDGE('',*,*,#7062,.F.);
#7149 = ORIENTED_EDGE('',*,*,#7015,.T.);
#7150 = ORIENTED_EDGE('',*,*,#6964,.T.);
#7151 = ORIENTED_EDGE('',*,*,#6995,.T.);
#7152 = PLANE('',#7153);
#7153 = AXIS2_PLACEMENT_3D('',#7154,#7155,#7156);
#7154 = CARTESIAN_POINT('',(-0.125,1.,0.));
#7155 = DIRECTION('',(0.,1.,0.));
#7156 = DIRECTION('',(-1.,0.,0.));
#7157 = ADVANCED_FACE('',(#7158),#7164,.T.);
#7158 = FACE_BOUND('',#7159,.T.);
#7159 = EDGE_LOOP('',(#7160,#7161,#7162,#7163));
#7160 = ORIENTED_EDGE('',*,*,#7143,.T.);
#7161 = ORIENTED_EDGE('',*,*,#7118,.T.);
#7162 = ORIENTED_EDGE('',*,*,#7094,.T.);
#7163 = ORIENTED_EDGE('',*,*,#7070,.T.);
#7164 = PLANE('',#7165);
#7165 = AXIS2_PLACEMENT_3D('',#7166,#7167,#7168);
#7166 = CARTESIAN_POINT('',(-0.25,0.8,5.E-02));
#7167 = DIRECTION('',(0.,0.,1.));
#7168 = DIRECTION('',(1.,0.,-0.));
#7169 = MANIFOLD_SOLID_BREP('',#7170);
#7170 = CLOSED_SHELL('',(#7171,#7211,#7242,#7266,#7290,#7339,#7370,#7401
    ,#7423,#7435));
#7171 = ADVANCED_FACE('',(#7172),#7206,.F.);
#7172 = FACE_BOUND('',#7173,.T.);
#7173 = EDGE_LOOP('',(#7174,#7184,#7192,#7200));
#7174 = ORIENTED_EDGE('',*,*,#7175,.F.);
#7175 = EDGE_CURVE('',#7176,#7178,#7180,.T.);
#7176 = VERTEX_POINT('',#7177);
#7177 = CARTESIAN_POINT('',(0.3,1.,0.));
#7178 = VERTEX_POINT('',#7179);
#7179 = CARTESIAN_POINT('',(0.3,1.,2.5E-02));
#7180 = LINE('',#7181,#7182);
#7181 = CARTESIAN_POINT('',(0.3,1.,0.));
#7182 = VECTOR('',#7183,1.);
#7183 = DIRECTION('',(0.,0.,1.));
#7184 = ORIENTED_EDGE('',*,*,#7185,.F.);
#7185 = EDGE_CURVE('',#7186,#7176,#7188,.T.);
#7186 = VERTEX_POINT('',#7187);
#7187 = CARTESIAN_POINT('',(0.3,0.93,0.));
#7188 = LINE('',#7189,#7190);
#7189 = CARTESIAN_POINT('',(0.3,0.865,0.));
#7190 = VECTOR('',#7191,1.);
#7191 = DIRECTION('',(-2.478176394253E-16,1.,0.));
#7192 = ORIENTED_EDGE('',*,*,#7193,.T.);
#7193 = EDGE_CURVE('',#7186,#7194,#7196,.T.);
#7194 = VERTEX_POINT('',#7195);
#7195 = CARTESIAN_POINT('',(0.3,0.93,2.5E-02));
#7196 = LINE('',#7197,#7198);
#7197 = CARTESIAN_POINT('',(0.3,0.93,0.));
#7198 = VECTOR('',#7199,1.);
#7199 = DIRECTION('',(0.,0.,1.));
#7200 = ORIENTED_EDGE('',*,*,#7201,.T.);
#7201 = EDGE_CURVE('',#7194,#7178,#7202,.T.);
#7202 = LINE('',#7203,#7204);
#7203 = CARTESIAN_POINT('',(0.3,1.07,2.5E-02));
#7204 = VECTOR('',#7205,1.);
#7205 = DIRECTION('',(-2.478176394253E-16,1.,0.));
#7206 = PLANE('',#7207);
#7207 = AXIS2_PLACEMENT_3D('',#7208,#7209,#7210);
#7208 = CARTESIAN_POINT('',(0.3,0.93,0.));
#7209 = DIRECTION('',(1.,2.478176394253E-16,0.));
#7210 = DIRECTION('',(-2.478176394253E-16,1.,0.));
#7211 = ADVANCED_FACE('',(#7212),#7237,.F.);
#7212 = FACE_BOUND('',#7213,.T.);
#7213 = EDGE_LOOP('',(#7214,#7222,#7223,#7231));
#7214 = ORIENTED_EDGE('',*,*,#7215,.F.);
#7215 = EDGE_CURVE('',#7178,#7216,#7218,.T.);
#7216 = VERTEX_POINT('',#7217);
#7217 = CARTESIAN_POINT('',(0.2,1.,2.5E-02));
#7218 = LINE('',#7219,#7220);
#7219 = CARTESIAN_POINT('',(0.3125,1.,2.5E-02));
#7220 = VECTOR('',#7221,1.);
#7221 = DIRECTION('',(-1.,0.,0.));
#7222 = ORIENTED_EDGE('',*,*,#7201,.F.);
#7223 = ORIENTED_EDGE('',*,*,#7224,.F.);
#7224 = EDGE_CURVE('',#7225,#7194,#7227,.T.);
#7225 = VERTEX_POINT('',#7226);
#7226 = CARTESIAN_POINT('',(0.2,0.93,2.5E-02));
#7227 = LINE('',#7228,#7229);
#7228 = CARTESIAN_POINT('',(0.3,0.93,2.5E-02));
#7229 = VECTOR('',#7230,1.);
#7230 = DIRECTION('',(1.,0.,0.));
#7231 = ORIENTED_EDGE('',*,*,#7232,.F.);
#7232 = EDGE_CURVE('',#7216,#7225,#7233,.T.);
#7233 = LINE('',#7234,#7235);
#7234 = CARTESIAN_POINT('',(0.2,0.93,2.5E-02));
#7235 = VECTOR('',#7236,1.);
#7236 = DIRECTION('',(0.,-1.,0.));
#7237 = PLANE('',#7238);
#7238 = AXIS2_PLACEMENT_3D('',#7239,#7240,#7241);
#7239 = CARTESIAN_POINT('',(0.25,1.,2.5E-02));
#7240 = DIRECTION('',(0.,0.,1.));
#7241 = DIRECTION('',(1.,0.,-0.));
#7242 = ADVANCED_FACE('',(#7243),#7261,.F.);
#7243 = FACE_BOUND('',#7244,.T.);
#7244 = EDGE_LOOP('',(#7245,#7253,#7259,#7260));
#7245 = ORIENTED_EDGE('',*,*,#7246,.F.);
#7246 = EDGE_CURVE('',#7247,#7186,#7249,.T.);
#7247 = VERTEX_POINT('',#7248);
#7248 = CARTESIAN_POINT('',(0.2,0.93,0.));
#7249 = LINE('',#7250,#7251);
#7250 = CARTESIAN_POINT('',(0.225,0.93,0.));
#7251 = VECTOR('',#7252,1.);
#7252 = DIRECTION('',(1.,0.,0.));
#7253 = ORIENTED_EDGE('',*,*,#7254,.T.);
#7254 = EDGE_CURVE('',#7247,#7225,#7255,.T.);
#7255 = LINE('',#7256,#7257);
#7256 = CARTESIAN_POINT('',(0.2,0.93,0.));
#7257 = VECTOR('',#7258,1.);
#7258 = DIRECTION('',(0.,0.,1.));
#7259 = ORIENTED_EDGE('',*,*,#7224,.T.);
#7260 = ORIENTED_EDGE('',*,*,#7193,.F.);
#7261 = PLANE('',#7262);
#7262 = AXIS2_PLACEMENT_3D('',#7263,#7264,#7265);
#7263 = CARTESIAN_POINT('',(0.2,0.93,0.));
#7264 = DIRECTION('',(0.,-1.,0.));
#7265 = DIRECTION('',(1.,0.,0.));
#7266 = ADVANCED_FACE('',(#7267),#7285,.F.);
#7267 = FACE_BOUND('',#7268,.T.);
#7268 = EDGE_LOOP('',(#7269,#7277,#7278,#7279));
#7269 = ORIENTED_EDGE('',*,*,#7270,.F.);
#7270 = EDGE_CURVE('',#7216,#7271,#7273,.T.);
#7271 = VERTEX_POINT('',#7272);
#7272 = CARTESIAN_POINT('',(0.2,1.,0.));
#7273 = LINE('',#7274,#7275);
#7274 = CARTESIAN_POINT('',(0.2,1.,0.));
#7275 = VECTOR('',#7276,1.);
#7276 = DIRECTION('',(0.,0.,-1.));
#7277 = ORIENTED_EDGE('',*,*,#7232,.T.);
#7278 = ORIENTED_EDGE('',*,*,#7254,.F.);
#7279 = ORIENTED_EDGE('',*,*,#7280,.F.);
#7280 = EDGE_CURVE('',#7271,#7247,#7281,.T.);
#7281 = LINE('',#7282,#7283);
#7282 = CARTESIAN_POINT('',(0.2,0.935,0.));
#7283 = VECTOR('',#7284,1.);
#7284 = DIRECTION('',(0.,-1.,0.));
#7285 = PLANE('',#7286);
#7286 = AXIS2_PLACEMENT_3D('',#7287,#7288,#7289);
#7287 = CARTESIAN_POINT('',(0.2,1.07,0.));
#7288 = DIRECTION('',(-1.,0.,0.));
#7289 = DIRECTION('',(0.,-1.,0.));
#7290 = ADVANCED_FACE('',(#7291),#7334,.T.);
#7291 = FACE_BOUND('',#7292,.T.);
#7292 = EDGE_LOOP('',(#7293,#7294,#7295,#7296,#7304,#7312,#7320,#7328));
#7293 = ORIENTED_EDGE('',*,*,#7175,.T.);
#7294 = ORIENTED_EDGE('',*,*,#7215,.T.);
#7295 = ORIENTED_EDGE('',*,*,#7270,.T.);
#7296 = ORIENTED_EDGE('',*,*,#7297,.T.);
#7297 = EDGE_CURVE('',#7271,#7298,#7300,.T.);
#7298 = VERTEX_POINT('',#7299);
#7299 = CARTESIAN_POINT('',(0.125,1.,0.));
#7300 = LINE('',#7301,#7302);
#7301 = CARTESIAN_POINT('',(0.375,1.,0.));
#7302 = VECTOR('',#7303,1.);
#7303 = DIRECTION('',(-1.,0.,0.));
#7304 = ORIENTED_EDGE('',*,*,#7305,.T.);
#7305 = EDGE_CURVE('',#7298,#7306,#7308,.T.);
#7306 = VERTEX_POINT('',#7307);
#7307 = CARTESIAN_POINT('',(0.125,1.,5.E-02));
#7308 = LINE('',#7309,#7310);
#7309 = CARTESIAN_POINT('',(0.125,1.,0.));
#7310 = VECTOR('',#7311,1.);
#7311 = DIRECTION('',(0.,0.,1.));
#7312 = ORIENTED_EDGE('',*,*,#7313,.F.);
#7313 = EDGE_CURVE('',#7314,#7306,#7316,.T.);
#7314 = VERTEX_POINT('',#7315);
#7315 = CARTESIAN_POINT('',(0.375,1.,5.E-02));
#7316 = LINE('',#7317,#7318);
#7317 = CARTESIAN_POINT('',(0.375,1.,5.E-02));
#7318 = VECTOR('',#7319,1.);
#7319 = DIRECTION('',(-1.,0.,0.));
#7320 = ORIENTED_EDGE('',*,*,#7321,.F.);
#7321 = EDGE_CURVE('',#7322,#7314,#7324,.T.);
#7322 = VERTEX_POINT('',#7323);
#7323 = CARTESIAN_POINT('',(0.375,1.,0.));
#7324 = LINE('',#7325,#7326);
#7325 = CARTESIAN_POINT('',(0.375,1.,0.));
#7326 = VECTOR('',#7327,1.);
#7327 = DIRECTION('',(0.,0.,1.));
#7328 = ORIENTED_EDGE('',*,*,#7329,.T.);
#7329 = EDGE_CURVE('',#7322,#7176,#7330,.T.);
#7330 = LINE('',#7331,#7332);
#7331 = CARTESIAN_POINT('',(0.375,1.,0.));
#7332 = VECTOR('',#7333,1.);
#7333 = DIRECTION('',(-1.,0.,0.));
#7334 = PLANE('',#7335);
#7335 = AXIS2_PLACEMENT_3D('',#7336,#7337,#7338);
#7336 = CARTESIAN_POINT('',(0.375,1.,0.));
#7337 = DIRECTION('',(0.,1.,0.));
#7338 = DIRECTION('',(-1.,0.,0.));
#7339 = ADVANCED_FACE('',(#7340),#7365,.T.);
#7340 = FACE_BOUND('',#7341,.T.);
#7341 = EDGE_LOOP('',(#7342,#7350,#7351,#7359));
#7342 = ORIENTED_EDGE('',*,*,#7343,.T.);
#7343 = EDGE_CURVE('',#7344,#7322,#7346,.T.);
#7344 = VERTEX_POINT('',#7345);
#7345 = CARTESIAN_POINT('',(0.375,0.6,0.));
#7346 = LINE('',#7347,#7348);
#7347 = CARTESIAN_POINT('',(0.375,0.6,0.));
#7348 = VECTOR('',#7349,1.);
#7349 = DIRECTION('',(0.,1.,0.));
#7350 = ORIENTED_EDGE('',*,*,#7321,.T.);
#7351 = ORIENTED_EDGE('',*,*,#7352,.F.);
#7352 = EDGE_CURVE('',#7353,#7314,#7355,.T.);
#7353 = VERTEX_POINT('',#7354);
#7354 = CARTESIAN_POINT('',(0.375,0.6,5.E-02));
#7355 = LINE('',#7356,#7357);
#7356 = CARTESIAN_POINT('',(0.375,0.6,5.E-02));
#7357 = VECTOR('',#7358,1.);
#7358 = DIRECTION('',(0.,1.,0.));
#7359 = ORIENTED_EDGE('',*,*,#7360,.F.);
#7360 = EDGE_CURVE('',#7344,#7353,#7361,.T.);
#7361 = LINE('',#7362,#7363);
#7362 = CARTESIAN_POINT('',(0.375,0.6,0.));
#7363 = VECTOR('',#7364,1.);
#7364 = DIRECTION('',(0.,0.,1.));
#7365 = PLANE('',#7366);
#7366 = AXIS2_PLACEMENT_3D('',#7367,#7368,#7369);
#7367 = CARTESIAN_POINT('',(0.375,0.6,0.));
#7368 = DIRECTION('',(1.,0.,0.));
#7369 = DIRECTION('',(-0.,1.,0.));
#7370 = ADVANCED_FACE('',(#7371),#7396,.T.);
#7371 = FACE_BOUND('',#7372,.T.);
#7372 = EDGE_LOOP('',(#7373,#7381,#7382,#7390));
#7373 = ORIENTED_EDGE('',*,*,#7374,.T.);
#7374 = EDGE_CURVE('',#7375,#7344,#7377,.T.);
#7375 = VERTEX_POINT('',#7376);
#7376 = CARTESIAN_POINT('',(0.125,0.6,0.));
#7377 = LINE('',#7378,#7379);
#7378 = CARTESIAN_POINT('',(0.125,0.6,0.));
#7379 = VECTOR('',#7380,1.);
#7380 = DIRECTION('',(1.,0.,0.));
#7381 = ORIENTED_EDGE('',*,*,#7360,.T.);
#7382 = ORIENTED_EDGE('',*,*,#7383,.F.);
#7383 = EDGE_CURVE('',#7384,#7353,#7386,.T.);
#7384 = VERTEX_POINT('',#7385);
#7385 = CARTESIAN_POINT('',(0.125,0.6,5.E-02));
#7386 = LINE('',#7387,#7388);
#7387 = CARTESIAN_POINT('',(0.125,0.6,5.E-02));
#7388 = VECTOR('',#7389,1.);
#7389 = DIRECTION('',(1.,0.,0.));
#7390 = ORIENTED_EDGE('',*,*,#7391,.F.);
#7391 = EDGE_CURVE('',#7375,#7384,#7392,.T.);
#7392 = LINE('',#7393,#7394);
#7393 = CARTESIAN_POINT('',(0.125,0.6,0.));
#7394 = VECTOR('',#7395,1.);
#7395 = DIRECTION('',(0.,0.,1.));
#7396 = PLANE('',#7397);
#7397 = AXIS2_PLACEMENT_3D('',#7398,#7399,#7400);
#7398 = CARTESIAN_POINT('',(0.125,0.6,0.));
#7399 = DIRECTION('',(0.,-1.,0.));
#7400 = DIRECTION('',(1.,0.,0.));
#7401 = ADVANCED_FACE('',(#7402),#7418,.T.);
#7402 = FACE_BOUND('',#7403,.T.);
#7403 = EDGE_LOOP('',(#7404,#7410,#7411,#7417));
#7404 = ORIENTED_EDGE('',*,*,#7405,.T.);
#7405 = EDGE_CURVE('',#7298,#7375,#7406,.T.);
#7406 = LINE('',#7407,#7408);
#7407 = CARTESIAN_POINT('',(0.125,1.,0.));
#7408 = VECTOR('',#7409,1.);
#7409 = DIRECTION('',(0.,-1.,0.));
#7410 = ORIENTED_EDGE('',*,*,#7391,.T.);
#7411 = ORIENTED_EDGE('',*,*,#7412,.F.);
#7412 = EDGE_CURVE('',#7306,#7384,#7413,.T.);
#7413 = LINE('',#7414,#7415);
#7414 = CARTESIAN_POINT('',(0.125,1.,5.E-02));
#7415 = VECTOR('',#7416,1.);
#7416 = DIRECTION('',(0.,-1.,0.));
#7417 = ORIENTED_EDGE('',*,*,#7305,.F.);
#7418 = PLANE('',#7419);
#7419 = AXIS2_PLACEMENT_3D('',#7420,#7421,#7422);
#7420 = CARTESIAN_POINT('',(0.125,1.,0.));
#7421 = DIRECTION('',(-1.,0.,0.));
#7422 = DIRECTION('',(0.,-1.,0.));
#7423 = ADVANCED_FACE('',(#7424),#7430,.T.);
#7424 = FACE_BOUND('',#7425,.T.);
#7425 = EDGE_LOOP('',(#7426,#7427,#7428,#7429));
#7426 = ORIENTED_EDGE('',*,*,#7313,.T.);
#7427 = ORIENTED_EDGE('',*,*,#7412,.T.);
#7428 = ORIENTED_EDGE('',*,*,#7383,.T.);
#7429 = ORIENTED_EDGE('',*,*,#7352,.T.);
#7430 = PLANE('',#7431);
#7431 = AXIS2_PLACEMENT_3D('',#7432,#7433,#7434);
#7432 = CARTESIAN_POINT('',(0.25,0.8,5.E-02));
#7433 = DIRECTION('',(0.,0.,1.));
#7434 = DIRECTION('',(1.,0.,-0.));
#7435 = ADVANCED_FACE('',(#7436),#7446,.F.);
#7436 = FACE_BOUND('',#7437,.T.);
#7437 = EDGE_LOOP('',(#7438,#7439,#7440,#7441,#7442,#7443,#7444,#7445));
#7438 = ORIENTED_EDGE('',*,*,#7185,.T.);
#7439 = ORIENTED_EDGE('',*,*,#7329,.F.);
#7440 = ORIENTED_EDGE('',*,*,#7343,.F.);
#7441 = ORIENTED_EDGE('',*,*,#7374,.F.);
#7442 = ORIENTED_EDGE('',*,*,#7405,.F.);
#7443 = ORIENTED_EDGE('',*,*,#7297,.F.);
#7444 = ORIENTED_EDGE('',*,*,#7280,.T.);
#7445 = ORIENTED_EDGE('',*,*,#7246,.T.);
#7446 = PLANE('',#7447);
#7447 = AXIS2_PLACEMENT_3D('',#7448,#7449,#7450);
#7448 = CARTESIAN_POINT('',(0.25,0.8,0.));
#7449 = DIRECTION('',(0.,0.,1.));
#7450 = DIRECTION('',(1.,0.,-0.));
#7451 = MANIFOLD_SOLID_BREP('',#7452);
#7452 = CLOSED_SHELL('',(#7453,#7493,#7533,#7555,#7572,#7621,#7661,#7695
    ,#7712,#7736,#7753));
#7453 = ADVANCED_FACE('',(#7454),#7488,.F.);
#7454 = FACE_BOUND('',#7455,.T.);
#7455 = EDGE_LOOP('',(#7456,#7466,#7474,#7482));
#7456 = ORIENTED_EDGE('',*,*,#7457,.F.);
#7457 = EDGE_CURVE('',#7458,#7460,#7462,.T.);
#7458 = VERTEX_POINT('',#7459);
#7459 = CARTESIAN_POINT('',(-1.,0.7,0.));
#7460 = VERTEX_POINT('',#7461);
#7461 = CARTESIAN_POINT('',(-0.93,0.7,0.));
#7462 = LINE('',#7463,#7464);
#7463 = CARTESIAN_POINT('',(-0.9,0.7,0.));
#7464 = VECTOR('',#7465,1.);
#7465 = DIRECTION('',(1.,0.,0.));
#7466 = ORIENTED_EDGE('',*,*,#7467,.F.);
#7467 = EDGE_CURVE('',#7468,#7458,#7470,.T.);
#7468 = VERTEX_POINT('',#7469);
#7469 = CARTESIAN_POINT('',(-1.,0.7,2.5E-02));
#7470 = LINE('',#7471,#7472);
#7471 = CARTESIAN_POINT('',(-1.,0.7,0.));
#7472 = VECTOR('',#7473,1.);
#7473 = DIRECTION('',(0.,0.,-1.));
#7474 = ORIENTED_EDGE('',*,*,#7475,.T.);
#7475 = EDGE_CURVE('',#7468,#7476,#7478,.T.);
#7476 = VERTEX_POINT('',#7477);
#7477 = CARTESIAN_POINT('',(-0.93,0.7,2.5E-02));
#7478 = LINE('',#7479,#7480);
#7479 = CARTESIAN_POINT('',(-0.93,0.7,2.5E-02));
#7480 = VECTOR('',#7481,1.);
#7481 = DIRECTION('',(1.,0.,0.));
#7482 = ORIENTED_EDGE('',*,*,#7483,.F.);
#7483 = EDGE_CURVE('',#7460,#7476,#7484,.T.);
#7484 = LINE('',#7485,#7486);
#7485 = CARTESIAN_POINT('',(-0.93,0.7,0.));
#7486 = VECTOR('',#7487,1.);
#7487 = DIRECTION('',(0.,0.,1.));
#7488 = PLANE('',#7489);
#7489 = AXIS2_PLACEMENT_3D('',#7490,#7491,#7492);
#7490 = CARTESIAN_POINT('',(-1.,0.7,0.));
#7491 = DIRECTION('',(0.,-1.,0.));
#7492 = DIRECTION('',(1.,0.,0.));
#7493 = ADVANCED_FACE('',(#7494),#7528,.F.);
#7494 = FACE_BOUND('',#7495,.T.);
#7495 = EDGE_LOOP('',(#7496,#7506,#7514,#7522));
#7496 = ORIENTED_EDGE('',*,*,#7497,.F.);
#7497 = EDGE_CURVE('',#7498,#7500,#7502,.T.);
#7498 = VERTEX_POINT('',#7499);
#7499 = CARTESIAN_POINT('',(-0.93,0.8,0.));
#7500 = VERTEX_POINT('',#7501);
#7501 = CARTESIAN_POINT('',(-1.,0.8,0.));
#7502 = LINE('',#7503,#7504);
#7503 = CARTESIAN_POINT('',(-0.865,0.8,0.));
#7504 = VECTOR('',#7505,1.);
#7505 = DIRECTION('',(-1.,0.,0.));
#7506 = ORIENTED_EDGE('',*,*,#7507,.T.);
#7507 = EDGE_CURVE('',#7498,#7508,#7510,.T.);
#7508 = VERTEX_POINT('',#7509);
#7509 = CARTESIAN_POINT('',(-0.93,0.8,2.5E-02));
#7510 = LINE('',#7511,#7512);
#7511 = CARTESIAN_POINT('',(-0.93,0.8,0.));
#7512 = VECTOR('',#7513,1.);
#7513 = DIRECTION('',(0.,0.,1.));
#7514 = ORIENTED_EDGE('',*,*,#7515,.T.);
#7515 = EDGE_CURVE('',#7508,#7516,#7518,.T.);
#7516 = VERTEX_POINT('',#7517);
#7517 = CARTESIAN_POINT('',(-1.,0.8,2.5E-02));
#7518 = LINE('',#7519,#7520);
#7519 = CARTESIAN_POINT('',(-1.,0.8,2.5E-02));
#7520 = VECTOR('',#7521,1.);
#7521 = DIRECTION('',(-1.,0.,0.));
#7522 = ORIENTED_EDGE('',*,*,#7523,.F.);
#7523 = EDGE_CURVE('',#7500,#7516,#7524,.T.);
#7524 = LINE('',#7525,#7526);
#7525 = CARTESIAN_POINT('',(-1.,0.8,0.));
#7526 = VECTOR('',#7527,1.);
#7527 = DIRECTION('',(0.,0.,1.));
#7528 = PLANE('',#7529);
#7529 = AXIS2_PLACEMENT_3D('',#7530,#7531,#7532);
#7530 = CARTESIAN_POINT('',(-0.93,0.8,0.));
#7531 = DIRECTION('',(0.,1.,0.));
#7532 = DIRECTION('',(-1.,0.,0.));
#7533 = ADVANCED_FACE('',(#7534),#7550,.F.);
#7534 = FACE_BOUND('',#7535,.T.);
#7535 = EDGE_LOOP('',(#7536,#7542,#7543,#7549));
#7536 = ORIENTED_EDGE('',*,*,#7537,.F.);
#7537 = EDGE_CURVE('',#7460,#7498,#7538,.T.);
#7538 = LINE('',#7539,#7540);
#7539 = CARTESIAN_POINT('',(-0.93,0.725,0.));
#7540 = VECTOR('',#7541,1.);
#7541 = DIRECTION('',(0.,1.,0.));
#7542 = ORIENTED_EDGE('',*,*,#7483,.T.);
#7543 = ORIENTED_EDGE('',*,*,#7544,.T.);
#7544 = EDGE_CURVE('',#7476,#7508,#7545,.T.);
#7545 = LINE('',#7546,#7547);
#7546 = CARTESIAN_POINT('',(-0.93,0.8,2.5E-02));
#7547 = VECTOR('',#7548,1.);
#7548 = DIRECTION('',(0.,1.,0.));
#7549 = ORIENTED_EDGE('',*,*,#7507,.F.);
#7550 = PLANE('',#7551);
#7551 = AXIS2_PLACEMENT_3D('',#7552,#7553,#7554);
#7552 = CARTESIAN_POINT('',(-0.93,0.7,0.));
#7553 = DIRECTION('',(1.,0.,0.));
#7554 = DIRECTION('',(-0.,1.,0.));
#7555 = ADVANCED_FACE('',(#7556),#7567,.F.);
#7556 = FACE_BOUND('',#7557,.T.);
#7557 = EDGE_LOOP('',(#7558,#7559,#7560,#7566));
#7558 = ORIENTED_EDGE('',*,*,#7544,.F.);
#7559 = ORIENTED_EDGE('',*,*,#7475,.F.);
#7560 = ORIENTED_EDGE('',*,*,#7561,.F.);
#7561 = EDGE_CURVE('',#7516,#7468,#7562,.T.);
#7562 = LINE('',#7563,#7564);
#7563 = CARTESIAN_POINT('',(-1.,0.8125,2.5E-02));
#7564 = VECTOR('',#7565,1.);
#7565 = DIRECTION('',(0.,-1.,0.));
#7566 = ORIENTED_EDGE('',*,*,#7515,.F.);
#7567 = PLANE('',#7568);
#7568 = AXIS2_PLACEMENT_3D('',#7569,#7570,#7571);
#7569 = CARTESIAN_POINT('',(-0.965,0.75,2.5E-02));
#7570 = DIRECTION('',(0.,0.,1.));
#7571 = DIRECTION('',(1.,0.,-0.));
#7572 = ADVANCED_FACE('',(#7573),#7616,.T.);
#7573 = FACE_BOUND('',#7574,.T.);
#7574 = EDGE_LOOP('',(#7575,#7576,#7577,#7578,#7586,#7594,#7602,#7610));
#7575 = ORIENTED_EDGE('',*,*,#7523,.T.);
#7576 = ORIENTED_EDGE('',*,*,#7561,.T.);
#7577 = ORIENTED_EDGE('',*,*,#7467,.T.);
#7578 = ORIENTED_EDGE('',*,*,#7579,.T.);
#7579 = EDGE_CURVE('',#7458,#7580,#7582,.T.);
#7580 = VERTEX_POINT('',#7581);
#7581 = CARTESIAN_POINT('',(-1.,0.625,0.));
#7582 = LINE('',#7583,#7584);
#7583 = CARTESIAN_POINT('',(-1.,0.875,0.));
#7584 = VECTOR('',#7585,1.);
#7585 = DIRECTION('',(0.,-1.,0.));
#7586 = ORIENTED_EDGE('',*,*,#7587,.T.);
#7587 = EDGE_CURVE('',#7580,#7588,#7590,.T.);
#7588 = VERTEX_POINT('',#7589);
#7589 = CARTESIAN_POINT('',(-1.,0.625,5.E-02));
#7590 = LINE('',#7591,#7592);
#7591 = CARTESIAN_POINT('',(-1.,0.625,0.));
#7592 = VECTOR('',#7593,1.);
#7593 = DIRECTION('',(0.,0.,1.));
#7594 = ORIENTED_EDGE('',*,*,#7595,.F.);
#7595 = EDGE_CURVE('',#7596,#7588,#7598,.T.);
#7596 = VERTEX_POINT('',#7597);
#7597 = CARTESIAN_POINT('',(-1.,0.875,5.E-02));
#7598 = LINE('',#7599,#7600);
#7599 = CARTESIAN_POINT('',(-1.,0.875,5.E-02));
#7600 = VECTOR('',#7601,1.);
#7601 = DIRECTION('',(0.,-1.,0.));
#7602 = ORIENTED_EDGE('',*,*,#7603,.F.);
#7603 = EDGE_CURVE('',#7604,#7596,#7606,.T.);
#7604 = VERTEX_POINT('',#7605);
#7605 = CARTESIAN_POINT('',(-1.,0.875,0.));
#7606 = LINE('',#7607,#7608);
#7607 = CARTESIAN_POINT('',(-1.,0.875,0.));
#7608 = VECTOR('',#7609,1.);
#7609 = DIRECTION('',(0.,0.,1.));
#7610 = ORIENTED_EDGE('',*,*,#7611,.T.);
#7611 = EDGE_CURVE('',#7604,#7500,#7612,.T.);
#7612 = LINE('',#7613,#7614);
#7613 = CARTESIAN_POINT('',(-1.,0.875,0.));
#7614 = VECTOR('',#7615,1.);
#7615 = DIRECTION('',(0.,-1.,0.));
#7616 = PLANE('',#7617);
#7617 = AXIS2_PLACEMENT_3D('',#7618,#7619,#7620);
#7618 = CARTESIAN_POINT('',(-1.,0.875,0.));
#7619 = DIRECTION('',(-1.,0.,0.));
#7620 = DIRECTION('',(0.,-1.,0.));
#7621 = ADVANCED_FACE('',(#7622),#7656,.T.);
#7622 = FACE_BOUND('',#7623,.T.);
#7623 = EDGE_LOOP('',(#7624,#7634,#7642,#7650));
#7624 = ORIENTED_EDGE('',*,*,#7625,.T.);
#7625 = EDGE_CURVE('',#7626,#7628,#7630,.T.);
#7626 = VERTEX_POINT('',#7627);
#7627 = CARTESIAN_POINT('',(-0.6,0.708333333333,5.E-02));
#7628 = VERTEX_POINT('',#7629);
#7629 = CARTESIAN_POINT('',(-0.683333333333,0.625,5.E-02));
#7630 = LINE('',#7631,#7632);
#7631 = CARTESIAN_POINT('',(-0.660416666667,0.647916666667,5.E-02));
#7632 = VECTOR('',#7633,1.);
#7633 = DIRECTION('',(-0.707106781187,-0.707106781187,0.));
#7634 = ORIENTED_EDGE('',*,*,#7635,.T.);
#7635 = EDGE_CURVE('',#7628,#7636,#7638,.T.);
#7636 = VERTEX_POINT('',#7637);
#7637 = CARTESIAN_POINT('',(-0.683333333333,0.625,0.));
#7638 = LINE('',#7639,#7640);
#7639 = CARTESIAN_POINT('',(-0.683333333333,0.625,0.));
#7640 = VECTOR('',#7641,1.);
#7641 = DIRECTION('',(0.,0.,-1.));
#7642 = ORIENTED_EDGE('',*,*,#7643,.T.);
#7643 = EDGE_CURVE('',#7636,#7644,#7646,.T.);
#7644 = VERTEX_POINT('',#7645);
#7645 = CARTESIAN_POINT('',(-0.6,0.708333333333,0.));
#7646 = LINE('',#7647,#7648);
#7647 = CARTESIAN_POINT('',(-0.660416666667,0.647916666667,0.));
#7648 = VECTOR('',#7649,1.);
#7649 = DIRECTION('',(0.707106781187,0.707106781187,0.));
#7650 = ORIENTED_EDGE('',*,*,#7651,.T.);
#7651 = EDGE_CURVE('',#7644,#7626,#7652,.T.);
#7652 = LINE('',#7653,#7654);
#7653 = CARTESIAN_POINT('',(-0.6,0.708333333333,0.));
#7654 = VECTOR('',#7655,1.);
#7655 = DIRECTION('',(0.,0.,1.));
#7656 = PLANE('',#7657);
#7657 = AXIS2_PLACEMENT_3D('',#7658,#7659,#7660);
#7658 = CARTESIAN_POINT('',(-0.641666666667,0.666666666667,0.));
#7659 = DIRECTION('',(0.707106781187,-0.707106781187,0.));
#7660 = DIRECTION('',(0.,0.,-1.));
#7661 = ADVANCED_FACE('',(#7662),#7690,.F.);
#7662 = FACE_BOUND('',#7663,.T.);
#7663 = EDGE_LOOP('',(#7664,#7665,#7666,#7674,#7680,#7681,#7687,#7688,
    #7689));
#7664 = ORIENTED_EDGE('',*,*,#7497,.T.);
#7665 = ORIENTED_EDGE('',*,*,#7611,.F.);
#7666 = ORIENTED_EDGE('',*,*,#7667,.F.);
#7667 = EDGE_CURVE('',#7668,#7604,#7670,.T.);
#7668 = VERTEX_POINT('',#7669);
#7669 = CARTESIAN_POINT('',(-0.6,0.875,0.));
#7670 = LINE('',#7671,#7672);
#7671 = CARTESIAN_POINT('',(-0.6,0.875,0.));
#7672 = VECTOR('',#7673,1.);
#7673 = DIRECTION('',(-1.,0.,0.));
#7674 = ORIENTED_EDGE('',*,*,#7675,.F.);
#7675 = EDGE_CURVE('',#7644,#7668,#7676,.T.);
#7676 = LINE('',#7677,#7678);
#7677 = CARTESIAN_POINT('',(-0.6,0.625,0.));
#7678 = VECTOR('',#7679,1.);
#7679 = DIRECTION('',(2.775557561563E-16,1.,0.));
#7680 = ORIENTED_EDGE('',*,*,#7643,.F.);
#7681 = ORIENTED_EDGE('',*,*,#7682,.F.);
#7682 = EDGE_CURVE('',#7580,#7636,#7683,.T.);
#7683 = LINE('',#7684,#7685);
#7684 = CARTESIAN_POINT('',(-1.,0.625,0.));
#7685 = VECTOR('',#7686,1.);
#7686 = DIRECTION('',(1.,0.,0.));
#7687 = ORIENTED_EDGE('',*,*,#7579,.F.);
#7688 = ORIENTED_EDGE('',*,*,#7457,.T.);
#7689 = ORIENTED_EDGE('',*,*,#7537,.T.);
#7690 = PLANE('',#7691);
#7691 = AXIS2_PLACEMENT_3D('',#7692,#7693,#7694);
#7692 = CARTESIAN_POINT('',(-0.8,0.75,0.));
#7693 = DIRECTION('',(0.,0.,1.));
#7694 = DIRECTION('',(1.,0.,-0.));
#7695 = ADVANCED_FACE('',(#7696),#7707,.T.);
#7696 = FACE_BOUND('',#7697,.T.);
#7697 = EDGE_LOOP('',(#7698,#7699,#7705,#7706));
#7698 = ORIENTED_EDGE('',*,*,#7635,.F.);
#7699 = ORIENTED_EDGE('',*,*,#7700,.F.);
#7700 = EDGE_CURVE('',#7588,#7628,#7701,.T.);
#7701 = LINE('',#7702,#7703);
#7702 = CARTESIAN_POINT('',(-1.,0.625,5.E-02));
#7703 = VECTOR('',#7704,1.);
#7704 = DIRECTION('',(1.,0.,0.));
#7705 = ORIENTED_EDGE('',*,*,#7587,.F.);
#7706 = ORIENTED_EDGE('',*,*,#7682,.T.);
#7707 = PLANE('',#7708);
#7708 = AXIS2_PLACEMENT_3D('',#7709,#7710,#7711);
#7709 = CARTESIAN_POINT('',(-1.,0.625,0.));
#7710 = DIRECTION('',(0.,-1.,0.));
#7711 = DIRECTION('',(1.,0.,0.));
#7712 = ADVANCED_FACE('',(#7713),#7731,.T.);
#7713 = FACE_BOUND('',#7714,.T.);
#7714 = EDGE_LOOP('',(#7715,#7716,#7717,#7725));
#7715 = ORIENTED_EDGE('',*,*,#7667,.T.);
#7716 = ORIENTED_EDGE('',*,*,#7603,.T.);
#7717 = ORIENTED_EDGE('',*,*,#7718,.F.);
#7718 = EDGE_CURVE('',#7719,#7596,#7721,.T.);
#7719 = VERTEX_POINT('',#7720);
#7720 = CARTESIAN_POINT('',(-0.6,0.875,5.E-02));
#7721 = LINE('',#7722,#7723);
#7722 = CARTESIAN_POINT('',(-0.6,0.875,5.E-02));
#7723 = VECTOR('',#7724,1.);
#7724 = DIRECTION('',(-1.,0.,0.));
#7725 = ORIENTED_EDGE('',*,*,#7726,.F.);
#7726 = EDGE_CURVE('',#7668,#7719,#7727,.T.);
#7727 = LINE('',#7728,#7729);
#7728 = CARTESIAN_POINT('',(-0.6,0.875,0.));
#7729 = VECTOR('',#7730,1.);
#7730 = DIRECTION('',(0.,0.,1.));
#7731 = PLANE('',#7732);
#7732 = AXIS2_PLACEMENT_3D('',#7733,#7734,#7735);
#7733 = CARTESIAN_POINT('',(-0.6,0.875,0.));
#7734 = DIRECTION('',(0.,1.,0.));
#7735 = DIRECTION('',(-1.,0.,0.));
#7736 = ADVANCED_FACE('',(#7737),#7748,.T.);
#7737 = FACE_BOUND('',#7738,.T.);
#7738 = EDGE_LOOP('',(#7739,#7740,#7741,#7742));
#7739 = ORIENTED_EDGE('',*,*,#7651,.F.);
#7740 = ORIENTED_EDGE('',*,*,#7675,.T.);
#7741 = ORIENTED_EDGE('',*,*,#7726,.T.);
#7742 = ORIENTED_EDGE('',*,*,#7743,.F.);
#7743 = EDGE_CURVE('',#7626,#7719,#7744,.T.);
#7744 = LINE('',#7745,#7746);
#7745 = CARTESIAN_POINT('',(-0.6,0.625,5.E-02));
#7746 = VECTOR('',#7747,1.);
#7747 = DIRECTION('',(2.775557561563E-16,1.,0.));
#7748 = PLANE('',#7749);
#7749 = AXIS2_PLACEMENT_3D('',#7750,#7751,#7752);
#7750 = CARTESIAN_POINT('',(-0.6,0.625,0.));
#7751 = DIRECTION('',(1.,-2.775557561563E-16,0.));
#7752 = DIRECTION('',(2.775557561563E-16,1.,0.));
#7753 = ADVANCED_FACE('',(#7754),#7761,.T.);
#7754 = FACE_BOUND('',#7755,.T.);
#7755 = EDGE_LOOP('',(#7756,#7757,#7758,#7759,#7760));
#7756 = ORIENTED_EDGE('',*,*,#7625,.F.);
#7757 = ORIENTED_EDGE('',*,*,#7743,.T.);
#7758 = ORIENTED_EDGE('',*,*,#7718,.T.);
#7759 = ORIENTED_EDGE('',*,*,#7595,.T.);
#7760 = ORIENTED_EDGE('',*,*,#7700,.T.);
#7761 = PLANE('',#7762);
#7762 = AXIS2_PLACEMENT_3D('',#7763,#7764,#7765);
#7763 = CARTESIAN_POINT('',(-0.8,0.75,5.E-02));
#7764 = DIRECTION('',(0.,0.,1.));
#7765 = DIRECTION('',(1.,0.,-0.));
#7766 = ( GEOMETRIC_REPRESENTATION_CONTEXT(3) 
GLOBAL_UNCERTAINTY_ASSIGNED_CONTEXT((#7770)) 
GLOBAL_UNIT_ASSIGNED_CONTEXT((#7767,#7768,#7769)) REPRESENTATION_CONTEXT
('Context #1','3D Context with UNIT and UNCERTAINTY') );
#7767 = ( LENGTH_UNIT() NAMED_UNIT(*) SI_UNIT(.MILLI.,.METRE.) );
#7768 = ( NAMED_UNIT(*) PLANE_ANGLE_UNIT() SI_UNIT($,.RADIAN.) );
#7769 = ( NAMED_UNIT(*) SI_UNIT($,.STERADIAN.) SOLID_ANGLE_UNIT() );
#7770 = UNCERTAINTY_MEASURE_WITH_UNIT(LENGTH_MEASURE(1.E-07),#7767,
  'distance_accuracy_value','confusion accuracy');
#7771 = SHAPE_DEFINITION_REPRESENTATION(#7772,#4348);
#7772 = PRODUCT_DEFINITION_SHAPE('','',#7773);
#7773 = PRODUCT_DEFINITION('design','',#7774,#7777);
#7774 = PRODUCT_DEFINITION_FORMATION('','',#7775);
#7775 = PRODUCT('terminals','terminals','',(#7776));
#7776 = PRODUCT_CONTEXT('',#2,'mechanical');
#7777 = PRODUCT_DEFINITION_CONTEXT('part definition',#2,'design');
#7778 = CONTEXT_DEPENDENT_SHAPE_REPRESENTATION(#7779,#7781);
#7779 = ( REPRESENTATION_RELATIONSHIP('','',#4348,#1109) 
REPRESENTATION_RELATIONSHIP_WITH_TRANSFORMATION(#7780) 
SHAPE_REPRESENTATION_RELATIONSHIP() );
#7780 = ITEM_DEFINED_TRANSFORMATION('','',#11,#1122);
#7781 = PRODUCT_DEFINITION_SHAPE('Placement','Placement of an item',
  #7782);
#7782 = NEXT_ASSEMBLY_USAGE_OCCURRENCE('224','terminals:1','',#1104,
  #7773,$);
#7783 = PRODUCT_RELATED_PRODUCT_CATEGORY('part',$,(#7775));
#7784 = CONTEXT_DEPENDENT_SHAPE_REPRESENTATION(#7785,#7787);
#7785 = ( REPRESENTATION_RELATIONSHIP('','',#1109,#1092) 
REPRESENTATION_RELATIONSHIP_WITH_TRANSFORMATION(#7786) 
SHAPE_REPRESENTATION_RELATIONSHIP() );
#7786 = ITEM_DEFINED_TRANSFORMATION('','',#11,#1093);
#7787 = PRODUCT_DEFINITION_SHAPE('Placement','Placement of an item',
  #7788);
#7788 = NEXT_ASSEMBLY_USAGE_OCCURRENCE('225','','',#1087,#1104,$);
#7789 = PRODUCT_RELATED_PRODUCT_CATEGORY('part',$,(#1106));
#7790 = CONTEXT_DEPENDENT_SHAPE_REPRESENTATION(#7791,#7793);
#7791 = ( REPRESENTATION_RELATIONSHIP('','',#1092,#10) 
REPRESENTATION_RELATIONSHIP_WITH_TRANSFORMATION(#7792) 
SHAPE_REPRESENTATION_RELATIONSHIP() );
#7792 = ITEM_DEFINED_TRANSFORMATION('','',#11,#27);
#7793 = PRODUCT_DEFINITION_SHAPE('Placement','Placement of an item',
  #7794);
#7794 = NEXT_ASSEMBLY_USAGE_OCCURRENCE('226','','',#5,#1087,$);
#7795 = PRODUCT_RELATED_PRODUCT_CATEGORY('part',$,(#1089));
#7796 = SHAPE_DEFINITION_REPRESENTATION(#7797,#7803);
#7797 = PRODUCT_DEFINITION_SHAPE('','',#7798);
#7798 = PRODUCT_DEFINITION('design','',#7799,#7802);
#7799 = PRODUCT_DEFINITION_FORMATION('','',#7800);
#7800 = PRODUCT('C7','C7','',(#7801));
#7801 = PRODUCT_CONTEXT('',#2,'mechanical');
#7802 = PRODUCT_DEFINITION_CONTEXT('part definition',#2,'design');
#7803 = SHAPE_REPRESENTATION('',(#11,#7804,#7808,#7812),#7816);
#7804 = AXIS2_PLACEMENT_3D('',#7805,#7806,#7807);
#7805 = CARTESIAN_POINT('',(-13.65000109863,-1.700001144409,0.));
#7806 = DIRECTION('',(0.,0.,1.));
#7807 = DIRECTION('',(1.,0.,0.));
#7808 = AXIS2_PLACEMENT_3D('',#7809,#7810,#7811);
#7809 = CARTESIAN_POINT('',(-14.37500052642,-1.700001144409,0.));
#7810 = DIRECTION('',(0.,0.,1.));
#7811 = DIRECTION('',(1.,0.,0.));
#7812 = AXIS2_PLACEMENT_3D('',#7813,#7814,#7815);
#7813 = CARTESIAN_POINT('',(-12.92500071716,-1.700001144409,0.));
#7814 = DIRECTION('',(0.,0.,1.));
#7815 = DIRECTION('',(1.,0.,0.));
#7816 = ( GEOMETRIC_REPRESENTATION_CONTEXT(3) 
GLOBAL_UNCERTAINTY_ASSIGNED_CONTEXT((#7820)) 
GLOBAL_UNIT_ASSIGNED_CONTEXT((#7817,#7818,#7819)) REPRESENTATION_CONTEXT
('Context #1','3D Context with UNIT and UNCERTAINTY') );
#7817 = ( LENGTH_UNIT() NAMED_UNIT(*) SI_UNIT(.MILLI.,.METRE.) );
#7818 = ( NAMED_UNIT(*) PLANE_ANGLE_UNIT() SI_UNIT($,.RADIAN.) );
#7819 = ( NAMED_UNIT(*) SI_UNIT($,.STERADIAN.) SOLID_ANGLE_UNIT() );
#7820 = UNCERTAINTY_MEASURE_WITH_UNIT(LENGTH_MEASURE(1.E-07),#7817,
  'distance_accuracy_value','confusion accuracy');
#7821 = SHAPE_DEFINITION_REPRESENTATION(#7822,#7828);
#7822 = PRODUCT_DEFINITION_SHAPE('','',#7823);
#7823 = PRODUCT_DEFINITION('design','',#7824,#7827);
#7824 = PRODUCT_DEFINITION_FORMATION('','',#7825);
#7825 = PRODUCT('6311557328','6311557328','',(#7826));
#7826 = PRODUCT_CONTEXT('',#2,'mechanical');
#7827 = PRODUCT_DEFINITION_CONTEXT('part definition',#2,'design');
#7828 = SHAPE_REPRESENTATION('',(#11,#7829),#7833);
#7829 = AXIS2_PLACEMENT_3D('',#7830,#7831,#7832);
#7830 = CARTESIAN_POINT('',(0.,0.,0.));
#7831 = DIRECTION('',(0.,0.,1.));
#7832 = DIRECTION('',(1.,0.,0.));
#7833 = ( GEOMETRIC_REPRESENTATION_CONTEXT(3) 
GLOBAL_UNCERTAINTY_ASSIGNED_CONTEXT((#7837)) 
GLOBAL_UNIT_ASSIGNED_CONTEXT((#7834,#7835,#7836)) REPRESENTATION_CONTEXT
('Context #1','3D Context with UNIT and UNCERTAINTY') );
#7834 = ( LENGTH_UNIT() NAMED_UNIT(*) SI_UNIT(.MILLI.,.METRE.) );
#7835 = ( NAMED_UNIT(*) PLANE_ANGLE_UNIT() SI_UNIT($,.RADIAN.) );
#7836 = ( NAMED_UNIT(*) SI_UNIT($,.STERADIAN.) SOLID_ANGLE_UNIT() );
#7837 = UNCERTAINTY_MEASURE_WITH_UNIT(LENGTH_MEASURE(1.E-07),#7834,
  'distance_accuracy_value','confusion accuracy');
#7838 = ADVANCED_BREP_SHAPE_REPRESENTATION('',(#11,#7839),#7989);
#7839 = MANIFOLD_SOLID_BREP('',#7840);
#7840 = CLOSED_SHELL('',(#7841,#7881,#7912,#7943,#7965,#7977));
#7841 = ADVANCED_FACE('',(#7842),#7876,.F.);
#7842 = FACE_BOUND('',#7843,.F.);
#7843 = EDGE_LOOP('',(#7844,#7854,#7862,#7870));
#7844 = ORIENTED_EDGE('',*,*,#7845,.T.);
#7845 = EDGE_CURVE('',#7846,#7848,#7850,.T.);
#7846 = VERTEX_POINT('',#7847);
#7847 = CARTESIAN_POINT('',(-0.5499989,0.499999,0.));
#7848 = VERTEX_POINT('',#7849);
#7849 = CARTESIAN_POINT('',(-0.5499989,0.499999,1.20000014));
#7850 = LINE('',#7851,#7852);
#7851 = CARTESIAN_POINT('',(-0.5499989,0.499999,0.));
#7852 = VECTOR('',#7853,1.);
#7853 = DIRECTION('',(0.,0.,1.));
#7854 = ORIENTED_EDGE('',*,*,#7855,.T.);
#7855 = EDGE_CURVE('',#7848,#7856,#7858,.T.);
#7856 = VERTEX_POINT('',#7857);
#7857 = CARTESIAN_POINT('',(-0.5499989,-0.50000154,1.20000014));
#7858 = LINE('',#7859,#7860);
#7859 = CARTESIAN_POINT('',(-0.5499989,0.499999,1.20000014));
#7860 = VECTOR('',#7861,1.);
#7861 = DIRECTION('',(0.,-1.,0.));
#7862 = ORIENTED_EDGE('',*,*,#7863,.F.);
#7863 = EDGE_CURVE('',#7864,#7856,#7866,.T.);
#7864 = VERTEX_POINT('',#7865);
#7865 = CARTESIAN_POINT('',(-0.5499989,-0.50000154,0.));
#7866 = LINE('',#7867,#7868);
#7867 = CARTESIAN_POINT('',(-0.5499989,-0.50000154,0.));
#7868 = VECTOR('',#7869,1.);
#7869 = DIRECTION('',(0.,0.,1.));
#7870 = ORIENTED_EDGE('',*,*,#7871,.F.);
#7871 = EDGE_CURVE('',#7846,#7864,#7872,.T.);
#7872 = LINE('',#7873,#7874);
#7873 = CARTESIAN_POINT('',(-0.5499989,0.499999,0.));
#7874 = VECTOR('',#7875,1.);
#7875 = DIRECTION('',(0.,-1.,0.));
#7876 = PLANE('',#7877);
#7877 = AXIS2_PLACEMENT_3D('',#7878,#7879,#7880);
#7878 = CARTESIAN_POINT('',(-0.5499989,0.499999,0.));
#7879 = DIRECTION('',(1.,0.,-0.));
#7880 = DIRECTION('',(0.,-1.,0.));
#7881 = ADVANCED_FACE('',(#7882),#7907,.F.);
#7882 = FACE_BOUND('',#7883,.F.);
#7883 = EDGE_LOOP('',(#7884,#7885,#7893,#7901));
#7884 = ORIENTED_EDGE('',*,*,#7863,.T.);
#7885 = ORIENTED_EDGE('',*,*,#7886,.T.);
#7886 = EDGE_CURVE('',#7856,#7887,#7889,.T.);
#7887 = VERTEX_POINT('',#7888);
#7888 = CARTESIAN_POINT('',(0.55000144,-0.50000154,1.20000014));
#7889 = LINE('',#7890,#7891);
#7890 = CARTESIAN_POINT('',(-0.5499989,-0.50000154,1.20000014));
#7891 = VECTOR('',#7892,1.);
#7892 = DIRECTION('',(1.,0.,0.));
#7893 = ORIENTED_EDGE('',*,*,#7894,.F.);
#7894 = EDGE_CURVE('',#7895,#7887,#7897,.T.);
#7895 = VERTEX_POINT('',#7896);
#7896 = CARTESIAN_POINT('',(0.55000144,-0.50000154,0.));
#7897 = LINE('',#7898,#7899);
#7898 = CARTESIAN_POINT('',(0.55000144,-0.50000154,0.));
#7899 = VECTOR('',#7900,1.);
#7900 = DIRECTION('',(0.,0.,1.));
#7901 = ORIENTED_EDGE('',*,*,#7902,.F.);
#7902 = EDGE_CURVE('',#7864,#7895,#7903,.T.);
#7903 = LINE('',#7904,#7905);
#7904 = CARTESIAN_POINT('',(-0.5499989,-0.50000154,0.));
#7905 = VECTOR('',#7906,1.);
#7906 = DIRECTION('',(1.,0.,0.));
#7907 = PLANE('',#7908);
#7908 = AXIS2_PLACEMENT_3D('',#7909,#7910,#7911);
#7909 = CARTESIAN_POINT('',(-0.5499989,-0.50000154,0.));
#7910 = DIRECTION('',(0.,1.,0.));
#7911 = DIRECTION('',(1.,0.,0.));
#7912 = ADVANCED_FACE('',(#7913),#7938,.F.);
#7913 = FACE_BOUND('',#7914,.F.);
#7914 = EDGE_LOOP('',(#7915,#7916,#7924,#7932));
#7915 = ORIENTED_EDGE('',*,*,#7894,.T.);
#7916 = ORIENTED_EDGE('',*,*,#7917,.T.);
#7917 = EDGE_CURVE('',#7887,#7918,#7920,.T.);
#7918 = VERTEX_POINT('',#7919);
#7919 = CARTESIAN_POINT('',(0.55000144,0.499999,1.20000014));
#7920 = LINE('',#7921,#7922);
#7921 = CARTESIAN_POINT('',(0.55000144,-0.50000154,1.20000014));
#7922 = VECTOR('',#7923,1.);
#7923 = DIRECTION('',(0.,1.,0.));
#7924 = ORIENTED_EDGE('',*,*,#7925,.F.);
#7925 = EDGE_CURVE('',#7926,#7918,#7928,.T.);
#7926 = VERTEX_POINT('',#7927);
#7927 = CARTESIAN_POINT('',(0.55000144,0.499999,0.));
#7928 = LINE('',#7929,#7930);
#7929 = CARTESIAN_POINT('',(0.55000144,0.499999,0.));
#7930 = VECTOR('',#7931,1.);
#7931 = DIRECTION('',(0.,0.,1.));
#7932 = ORIENTED_EDGE('',*,*,#7933,.F.);
#7933 = EDGE_CURVE('',#7895,#7926,#7934,.T.);
#7934 = LINE('',#7935,#7936);
#7935 = CARTESIAN_POINT('',(0.55000144,-0.50000154,0.));
#7936 = VECTOR('',#7937,1.);
#7937 = DIRECTION('',(0.,1.,0.));
#7938 = PLANE('',#7939);
#7939 = AXIS2_PLACEMENT_3D('',#7940,#7941,#7942);
#7940 = CARTESIAN_POINT('',(0.55000144,-0.50000154,0.));
#7941 = DIRECTION('',(-1.,0.,0.));
#7942 = DIRECTION('',(0.,1.,0.));
#7943 = ADVANCED_FACE('',(#7944),#7960,.F.);
#7944 = FACE_BOUND('',#7945,.F.);
#7945 = EDGE_LOOP('',(#7946,#7947,#7953,#7954));
#7946 = ORIENTED_EDGE('',*,*,#7925,.T.);
#7947 = ORIENTED_EDGE('',*,*,#7948,.T.);
#7948 = EDGE_CURVE('',#7918,#7848,#7949,.T.);
#7949 = LINE('',#7950,#7951);
#7950 = CARTESIAN_POINT('',(0.55000144,0.499999,1.20000014));
#7951 = VECTOR('',#7952,1.);
#7952 = DIRECTION('',(-1.,0.,0.));
#7953 = ORIENTED_EDGE('',*,*,#7845,.F.);
#7954 = ORIENTED_EDGE('',*,*,#7955,.F.);
#7955 = EDGE_CURVE('',#7926,#7846,#7956,.T.);
#7956 = LINE('',#7957,#7958);
#7957 = CARTESIAN_POINT('',(0.55000144,0.499999,0.));
#7958 = VECTOR('',#7959,1.);
#7959 = DIRECTION('',(-1.,0.,0.));
#7960 = PLANE('',#7961);
#7961 = AXIS2_PLACEMENT_3D('',#7962,#7963,#7964);
#7962 = CARTESIAN_POINT('',(0.55000144,0.499999,0.));
#7963 = DIRECTION('',(0.,-1.,0.));
#7964 = DIRECTION('',(-1.,0.,0.));
#7965 = ADVANCED_FACE('',(#7966),#7972,.F.);
#7966 = FACE_BOUND('',#7967,.F.);
#7967 = EDGE_LOOP('',(#7968,#7969,#7970,#7971));
#7968 = ORIENTED_EDGE('',*,*,#7871,.T.);
#7969 = ORIENTED_EDGE('',*,*,#7902,.T.);
#7970 = ORIENTED_EDGE('',*,*,#7933,.T.);
#7971 = ORIENTED_EDGE('',*,*,#7955,.T.);
#7972 = PLANE('',#7973);
#7973 = AXIS2_PLACEMENT_3D('',#7974,#7975,#7976);
#7974 = CARTESIAN_POINT('',(1.270000000008E-06,-1.270000000035E-06,0.));
#7975 = DIRECTION('',(0.,0.,1.));
#7976 = DIRECTION('',(1.,0.,-0.));
#7977 = ADVANCED_FACE('',(#7978),#7984,.T.);
#7978 = FACE_BOUND('',#7979,.T.);
#7979 = EDGE_LOOP('',(#7980,#7981,#7982,#7983));
#7980 = ORIENTED_EDGE('',*,*,#7855,.T.);
#7981 = ORIENTED_EDGE('',*,*,#7886,.T.);
#7982 = ORIENTED_EDGE('',*,*,#7917,.T.);
#7983 = ORIENTED_EDGE('',*,*,#7948,.T.);
#7984 = PLANE('',#7985);
#7985 = AXIS2_PLACEMENT_3D('',#7986,#7987,#7988);
#7986 = CARTESIAN_POINT('',(1.270000000008E-06,-1.270000000035E-06,
    1.20000014));
#7987 = DIRECTION('',(0.,0.,1.));
#7988 = DIRECTION('',(1.,0.,-0.));
#7989 = ( GEOMETRIC_REPRESENTATION_CONTEXT(3) 
GLOBAL_UNCERTAINTY_ASSIGNED_CONTEXT((#7993)) 
GLOBAL_UNIT_ASSIGNED_CONTEXT((#7990,#7991,#7992)) REPRESENTATION_CONTEXT
('Context #1','3D Context with UNIT and UNCERTAINTY') );
#7990 = ( LENGTH_UNIT() NAMED_UNIT(*) SI_UNIT(.MILLI.,.METRE.) );
#7991 = ( NAMED_UNIT(*) PLANE_ANGLE_UNIT() SI_UNIT($,.RADIAN.) );
#7992 = ( NAMED_UNIT(*) SI_UNIT($,.STERADIAN.) SOLID_ANGLE_UNIT() );
#7993 = UNCERTAINTY_MEASURE_WITH_UNIT(LENGTH_MEASURE(1.E-07),#7990,
  'distance_accuracy_value','confusion accuracy');
#7994 = SHAPE_DEFINITION_REPRESENTATION(#7995,#7838);
#7995 = PRODUCT_DEFINITION_SHAPE('','',#7996);
#7996 = PRODUCT_DEFINITION('design','',#7997,#8000);
#7997 = PRODUCT_DEFINITION_FORMATION('','',#7998);
#7998 = PRODUCT('Extruded','Extruded','',(#7999));
#7999 = PRODUCT_CONTEXT('',#2,'mechanical');
#8000 = PRODUCT_DEFINITION_CONTEXT('part definition',#2,'design');
#8001 = CONTEXT_DEPENDENT_SHAPE_REPRESENTATION(#8002,#8004);
#8002 = ( REPRESENTATION_RELATIONSHIP('','',#7838,#7828) 
REPRESENTATION_RELATIONSHIP_WITH_TRANSFORMATION(#8003) 
SHAPE_REPRESENTATION_RELATIONSHIP() );
#8003 = ITEM_DEFINED_TRANSFORMATION('','',#11,#7829);
#8004 = PRODUCT_DEFINITION_SHAPE('Placement','Placement of an item',
  #8005);
#8005 = NEXT_ASSEMBLY_USAGE_OCCURRENCE('227','7','',#7823,#7996,$);
#8006 = PRODUCT_RELATED_PRODUCT_CATEGORY('part',$,(#7998));
#8007 = CONTEXT_DEPENDENT_SHAPE_REPRESENTATION(#8008,#8010);
#8008 = ( REPRESENTATION_RELATIONSHIP('','',#7828,#7803) 
REPRESENTATION_RELATIONSHIP_WITH_TRANSFORMATION(#8009) 
SHAPE_REPRESENTATION_RELATIONSHIP() );
#8009 = ITEM_DEFINED_TRANSFORMATION('','',#11,#7804);
#8010 = PRODUCT_DEFINITION_SHAPE('Placement','Placement of an item',
  #8011);
#8011 = NEXT_ASSEMBLY_USAGE_OCCURRENCE('228','','',#7798,#7823,$);
#8012 = PRODUCT_RELATED_PRODUCT_CATEGORY('part',$,(#7825));
#8013 = SHAPE_DEFINITION_REPRESENTATION(#8014,#8020);
#8014 = PRODUCT_DEFINITION_SHAPE('','',#8015);
#8015 = PRODUCT_DEFINITION('design','',#8016,#8019);
#8016 = PRODUCT_DEFINITION_FORMATION('','',#8017);
#8017 = PRODUCT('6311557728','6311557728','',(#8018));
#8018 = PRODUCT_CONTEXT('',#2,'mechanical');
#8019 = PRODUCT_DEFINITION_CONTEXT('part definition',#2,'design');
#8020 = SHAPE_REPRESENTATION('',(#11,#8021),#8025);
#8021 = AXIS2_PLACEMENT_3D('',#8022,#8023,#8024);
#8022 = CARTESIAN_POINT('',(0.,0.,0.));
#8023 = DIRECTION('',(0.,0.,1.));
#8024 = DIRECTION('',(1.,0.,0.));
#8025 = ( GEOMETRIC_REPRESENTATION_CONTEXT(3) 
GLOBAL_UNCERTAINTY_ASSIGNED_CONTEXT((#8029)) 
GLOBAL_UNIT_ASSIGNED_CONTEXT((#8026,#8027,#8028)) REPRESENTATION_CONTEXT
('Context #1','3D Context with UNIT and UNCERTAINTY') );
#8026 = ( LENGTH_UNIT() NAMED_UNIT(*) SI_UNIT(.MILLI.,.METRE.) );
#8027 = ( NAMED_UNIT(*) PLANE_ANGLE_UNIT() SI_UNIT($,.RADIAN.) );
#8028 = ( NAMED_UNIT(*) SI_UNIT($,.STERADIAN.) SOLID_ANGLE_UNIT() );
#8029 = UNCERTAINTY_MEASURE_WITH_UNIT(LENGTH_MEASURE(1.E-07),#8026,
  'distance_accuracy_value','confusion accuracy');
#8030 = ADVANCED_BREP_SHAPE_REPRESENTATION('',(#11,#8031),#8181);
#8031 = MANIFOLD_SOLID_BREP('',#8032);
#8032 = CLOSED_SHELL('',(#8033,#8073,#8104,#8135,#8157,#8169));
#8033 = ADVANCED_FACE('',(#8034),#8068,.F.);
#8034 = FACE_BOUND('',#8035,.F.);
#8035 = EDGE_LOOP('',(#8036,#8046,#8054,#8062));
#8036 = ORIENTED_EDGE('',*,*,#8037,.T.);
#8037 = EDGE_CURVE('',#8038,#8040,#8042,.T.);
#8038 = VERTEX_POINT('',#8039);
#8039 = CARTESIAN_POINT('',(-0.17499838,0.499999,0.));
#8040 = VERTEX_POINT('',#8041);
#8041 = CARTESIAN_POINT('',(-0.17499838,0.499999,1.20000014));
#8042 = LINE('',#8043,#8044);
#8043 = CARTESIAN_POINT('',(-0.17499838,0.499999,0.));
#8044 = VECTOR('',#8045,1.);
#8045 = DIRECTION('',(0.,0.,1.));
#8046 = ORIENTED_EDGE('',*,*,#8047,.T.);
#8047 = EDGE_CURVE('',#8040,#8048,#8050,.T.);
#8048 = VERTEX_POINT('',#8049);
#8049 = CARTESIAN_POINT('',(-0.17499838,-0.50000154,1.20000014));
#8050 = LINE('',#8051,#8052);
#8051 = CARTESIAN_POINT('',(-0.17499838,0.499999,1.20000014));
#8052 = VECTOR('',#8053,1.);
#8053 = DIRECTION('',(0.,-1.,0.));
#8054 = ORIENTED_EDGE('',*,*,#8055,.F.);
#8055 = EDGE_CURVE('',#8056,#8048,#8058,.T.);
#8056 = VERTEX_POINT('',#8057);
#8057 = CARTESIAN_POINT('',(-0.17499838,-0.50000154,0.));
#8058 = LINE('',#8059,#8060);
#8059 = CARTESIAN_POINT('',(-0.17499838,-0.50000154,0.));
#8060 = VECTOR('',#8061,1.);
#8061 = DIRECTION('',(0.,0.,1.));
#8062 = ORIENTED_EDGE('',*,*,#8063,.F.);
#8063 = EDGE_CURVE('',#8038,#8056,#8064,.T.);
#8064 = LINE('',#8065,#8066);
#8065 = CARTESIAN_POINT('',(-0.17499838,0.499999,0.));
#8066 = VECTOR('',#8067,1.);
#8067 = DIRECTION('',(0.,-1.,0.));
#8068 = PLANE('',#8069);
#8069 = AXIS2_PLACEMENT_3D('',#8070,#8071,#8072);
#8070 = CARTESIAN_POINT('',(-0.17499838,0.499999,0.));
#8071 = DIRECTION('',(1.,0.,-0.));
#8072 = DIRECTION('',(0.,-1.,0.));
#8073 = ADVANCED_FACE('',(#8074),#8099,.F.);
#8074 = FACE_BOUND('',#8075,.F.);
#8075 = EDGE_LOOP('',(#8076,#8077,#8085,#8093));
#8076 = ORIENTED_EDGE('',*,*,#8055,.T.);
#8077 = ORIENTED_EDGE('',*,*,#8078,.T.);
#8078 = EDGE_CURVE('',#8048,#8079,#8081,.T.);
#8079 = VERTEX_POINT('',#8080);
#8080 = CARTESIAN_POINT('',(0.17500092,-0.50000154,1.20000014));
#8081 = LINE('',#8082,#8083);
#8082 = CARTESIAN_POINT('',(-0.17499838,-0.50000154,1.20000014));
#8083 = VECTOR('',#8084,1.);
#8084 = DIRECTION('',(1.,0.,0.));
#8085 = ORIENTED_EDGE('',*,*,#8086,.F.);
#8086 = EDGE_CURVE('',#8087,#8079,#8089,.T.);
#8087 = VERTEX_POINT('',#8088);
#8088 = CARTESIAN_POINT('',(0.17500092,-0.50000154,0.));
#8089 = LINE('',#8090,#8091);
#8090 = CARTESIAN_POINT('',(0.17500092,-0.50000154,0.));
#8091 = VECTOR('',#8092,1.);
#8092 = DIRECTION('',(0.,0.,1.));
#8093 = ORIENTED_EDGE('',*,*,#8094,.F.);
#8094 = EDGE_CURVE('',#8056,#8087,#8095,.T.);
#8095 = LINE('',#8096,#8097);
#8096 = CARTESIAN_POINT('',(-0.17499838,-0.50000154,0.));
#8097 = VECTOR('',#8098,1.);
#8098 = DIRECTION('',(1.,0.,0.));
#8099 = PLANE('',#8100);
#8100 = AXIS2_PLACEMENT_3D('',#8101,#8102,#8103);
#8101 = CARTESIAN_POINT('',(-0.17499838,-0.50000154,0.));
#8102 = DIRECTION('',(0.,1.,0.));
#8103 = DIRECTION('',(1.,0.,0.));
#8104 = ADVANCED_FACE('',(#8105),#8130,.F.);
#8105 = FACE_BOUND('',#8106,.F.);
#8106 = EDGE_LOOP('',(#8107,#8108,#8116,#8124));
#8107 = ORIENTED_EDGE('',*,*,#8086,.T.);
#8108 = ORIENTED_EDGE('',*,*,#8109,.T.);
#8109 = EDGE_CURVE('',#8079,#8110,#8112,.T.);
#8110 = VERTEX_POINT('',#8111);
#8111 = CARTESIAN_POINT('',(0.17500092,0.499999,1.20000014));
#8112 = LINE('',#8113,#8114);
#8113 = CARTESIAN_POINT('',(0.17500092,-0.50000154,1.20000014));
#8114 = VECTOR('',#8115,1.);
#8115 = DIRECTION('',(0.,1.,0.));
#8116 = ORIENTED_EDGE('',*,*,#8117,.F.);
#8117 = EDGE_CURVE('',#8118,#8110,#8120,.T.);
#8118 = VERTEX_POINT('',#8119);
#8119 = CARTESIAN_POINT('',(0.17500092,0.499999,0.));
#8120 = LINE('',#8121,#8122);
#8121 = CARTESIAN_POINT('',(0.17500092,0.499999,0.));
#8122 = VECTOR('',#8123,1.);
#8123 = DIRECTION('',(0.,0.,1.));
#8124 = ORIENTED_EDGE('',*,*,#8125,.F.);
#8125 = EDGE_CURVE('',#8087,#8118,#8126,.T.);
#8126 = LINE('',#8127,#8128);
#8127 = CARTESIAN_POINT('',(0.17500092,-0.50000154,0.));
#8128 = VECTOR('',#8129,1.);
#8129 = DIRECTION('',(0.,1.,0.));
#8130 = PLANE('',#8131);
#8131 = AXIS2_PLACEMENT_3D('',#8132,#8133,#8134);
#8132 = CARTESIAN_POINT('',(0.17500092,-0.50000154,0.));
#8133 = DIRECTION('',(-1.,0.,0.));
#8134 = DIRECTION('',(0.,1.,0.));
#8135 = ADVANCED_FACE('',(#8136),#8152,.F.);
#8136 = FACE_BOUND('',#8137,.F.);
#8137 = EDGE_LOOP('',(#8138,#8139,#8145,#8146));
#8138 = ORIENTED_EDGE('',*,*,#8117,.T.);
#8139 = ORIENTED_EDGE('',*,*,#8140,.T.);
#8140 = EDGE_CURVE('',#8110,#8040,#8141,.T.);
#8141 = LINE('',#8142,#8143);
#8142 = CARTESIAN_POINT('',(0.17500092,0.499999,1.20000014));
#8143 = VECTOR('',#8144,1.);
#8144 = DIRECTION('',(-1.,0.,0.));
#8145 = ORIENTED_EDGE('',*,*,#8037,.F.);
#8146 = ORIENTED_EDGE('',*,*,#8147,.F.);
#8147 = EDGE_CURVE('',#8118,#8038,#8148,.T.);
#8148 = LINE('',#8149,#8150);
#8149 = CARTESIAN_POINT('',(0.17500092,0.499999,0.));
#8150 = VECTOR('',#8151,1.);
#8151 = DIRECTION('',(-1.,0.,0.));
#8152 = PLANE('',#8153);
#8153 = AXIS2_PLACEMENT_3D('',#8154,#8155,#8156);
#8154 = CARTESIAN_POINT('',(0.17500092,0.499999,0.));
#8155 = DIRECTION('',(0.,-1.,0.));
#8156 = DIRECTION('',(-1.,0.,0.));
#8157 = ADVANCED_FACE('',(#8158),#8164,.F.);
#8158 = FACE_BOUND('',#8159,.F.);
#8159 = EDGE_LOOP('',(#8160,#8161,#8162,#8163));
#8160 = ORIENTED_EDGE('',*,*,#8063,.T.);
#8161 = ORIENTED_EDGE('',*,*,#8094,.T.);
#8162 = ORIENTED_EDGE('',*,*,#8125,.T.);
#8163 = ORIENTED_EDGE('',*,*,#8147,.T.);
#8164 = PLANE('',#8165);
#8165 = AXIS2_PLACEMENT_3D('',#8166,#8167,#8168);
#8166 = CARTESIAN_POINT('',(1.270000000052E-06,-1.270000000052E-06,0.));
#8167 = DIRECTION('',(0.,0.,1.));
#8168 = DIRECTION('',(1.,0.,-0.));
#8169 = ADVANCED_FACE('',(#8170),#8176,.T.);
#8170 = FACE_BOUND('',#8171,.T.);
#8171 = EDGE_LOOP('',(#8172,#8173,#8174,#8175));
#8172 = ORIENTED_EDGE('',*,*,#8047,.T.);
#8173 = ORIENTED_EDGE('',*,*,#8078,.T.);
#8174 = ORIENTED_EDGE('',*,*,#8109,.T.);
#8175 = ORIENTED_EDGE('',*,*,#8140,.T.);
#8176 = PLANE('',#8177);
#8177 = AXIS2_PLACEMENT_3D('',#8178,#8179,#8180);
#8178 = CARTESIAN_POINT('',(1.270000000052E-06,-1.270000000052E-06,
    1.20000014));
#8179 = DIRECTION('',(0.,0.,1.));
#8180 = DIRECTION('',(1.,0.,-0.));
#8181 = ( GEOMETRIC_REPRESENTATION_CONTEXT(3) 
GLOBAL_UNCERTAINTY_ASSIGNED_CONTEXT((#8185)) 
GLOBAL_UNIT_ASSIGNED_CONTEXT((#8182,#8183,#8184)) REPRESENTATION_CONTEXT
('Context #1','3D Context with UNIT and UNCERTAINTY') );
#8182 = ( LENGTH_UNIT() NAMED_UNIT(*) SI_UNIT(.MILLI.,.METRE.) );
#8183 = ( NAMED_UNIT(*) PLANE_ANGLE_UNIT() SI_UNIT($,.RADIAN.) );
#8184 = ( NAMED_UNIT(*) SI_UNIT($,.STERADIAN.) SOLID_ANGLE_UNIT() );
#8185 = UNCERTAINTY_MEASURE_WITH_UNIT(LENGTH_MEASURE(1.E-07),#8182,
  'distance_accuracy_value','confusion accuracy');
#8186 = SHAPE_DEFINITION_REPRESENTATION(#8187,#8030);
#8187 = PRODUCT_DEFINITION_SHAPE('','',#8188);
#8188 = PRODUCT_DEFINITION('design','',#8189,#8192);
#8189 = PRODUCT_DEFINITION_FORMATION('','',#8190);
#8190 = PRODUCT('Extruded','Extruded','',(#8191));
#8191 = PRODUCT_CONTEXT('',#2,'mechanical');
#8192 = PRODUCT_DEFINITION_CONTEXT('part definition',#2,'design');
#8193 = CONTEXT_DEPENDENT_SHAPE_REPRESENTATION(#8194,#8196);
#8194 = ( REPRESENTATION_RELATIONSHIP('','',#8030,#8020) 
REPRESENTATION_RELATIONSHIP_WITH_TRANSFORMATION(#8195) 
SHAPE_REPRESENTATION_RELATIONSHIP() );
#8195 = ITEM_DEFINED_TRANSFORMATION('','',#11,#8021);
#8196 = PRODUCT_DEFINITION_SHAPE('Placement','Placement of an item',
  #8197);
#8197 = NEXT_ASSEMBLY_USAGE_OCCURRENCE('229','6','',#8015,#8188,$);
#8198 = PRODUCT_RELATED_PRODUCT_CATEGORY('part',$,(#8190));
#8199 = CONTEXT_DEPENDENT_SHAPE_REPRESENTATION(#8200,#8202);
#8200 = ( REPRESENTATION_RELATIONSHIP('','',#8020,#7803) 
REPRESENTATION_RELATIONSHIP_WITH_TRANSFORMATION(#8201) 
SHAPE_REPRESENTATION_RELATIONSHIP() );
#8201 = ITEM_DEFINED_TRANSFORMATION('','',#11,#7808);
#8202 = PRODUCT_DEFINITION_SHAPE('Placement','Placement of an item',
  #8203);
#8203 = NEXT_ASSEMBLY_USAGE_OCCURRENCE('230','','',#7798,#8015,$);
#8204 = PRODUCT_RELATED_PRODUCT_CATEGORY('part',$,(#8017));
#8205 = CONTEXT_DEPENDENT_SHAPE_REPRESENTATION(#8206,#8208);
#8206 = ( REPRESENTATION_RELATIONSHIP('','',#8020,#7803) 
REPRESENTATION_RELATIONSHIP_WITH_TRANSFORMATION(#8207) 
SHAPE_REPRESENTATION_RELATIONSHIP() );
#8207 = ITEM_DEFINED_TRANSFORMATION('','',#11,#7812);
#8208 = PRODUCT_DEFINITION_SHAPE('Placement','Placement of an item',
  #8209);
#8209 = NEXT_ASSEMBLY_USAGE_OCCURRENCE('231','','',#7798,#8015,$);
#8210 = CONTEXT_DEPENDENT_SHAPE_REPRESENTATION(#8211,#8213);
#8211 = ( REPRESENTATION_RELATIONSHIP('','',#7803,#10) 
REPRESENTATION_RELATIONSHIP_WITH_TRANSFORMATION(#8212) 
SHAPE_REPRESENTATION_RELATIONSHIP() );
#8212 = ITEM_DEFINED_TRANSFORMATION('','',#11,#31);
#8213 = PRODUCT_DEFINITION_SHAPE('Placement','Placement of an item',
  #8214);
#8214 = NEXT_ASSEMBLY_USAGE_OCCURRENCE('232','','',#5,#7798,$);
#8215 = PRODUCT_RELATED_PRODUCT_CATEGORY('part',$,(#7800));
#8216 = SHAPE_DEFINITION_REPRESENTATION(#8217,#8223);
#8217 = PRODUCT_DEFINITION_SHAPE('','',#8218);
#8218 = PRODUCT_DEFINITION('design','',#8219,#8222);
#8219 = PRODUCT_DEFINITION_FORMATION('','',#8220);
#8220 = PRODUCT('L1','L1','',(#8221));
#8221 = PRODUCT_CONTEXT('',#2,'mechanical');
#8222 = PRODUCT_DEFINITION_CONTEXT('part definition',#2,'design');
#8223 = SHAPE_REPRESENTATION('',(#11,#8224),#8228);
#8224 = AXIS2_PLACEMENT_3D('',#8225,#8226,#8227);
#8225 = CARTESIAN_POINT('',(-11.00000052642,-1.699999237061,0.));
#8226 = DIRECTION('',(0.,-0.,1.));
#8227 = DIRECTION('',(1.,1.748455531469E-07,0.));
#8228 = ( GEOMETRIC_REPRESENTATION_CONTEXT(3) 
GLOBAL_UNCERTAINTY_ASSIGNED_CONTEXT((#8232)) 
GLOBAL_UNIT_ASSIGNED_CONTEXT((#8229,#8230,#8231)) REPRESENTATION_CONTEXT
('Context #1','3D Context with UNIT and UNCERTAINTY') );
#8229 = ( LENGTH_UNIT() NAMED_UNIT(*) SI_UNIT(.MILLI.,.METRE.) );
#8230 = ( NAMED_UNIT(*) PLANE_ANGLE_UNIT() SI_UNIT($,.RADIAN.) );
#8231 = ( NAMED_UNIT(*) SI_UNIT($,.STERADIAN.) SOLID_ANGLE_UNIT() );
#8232 = UNCERTAINTY_MEASURE_WITH_UNIT(LENGTH_MEASURE(5.E-05),#8229,
  'distance_accuracy_value','confusion accuracy');
#8233 = SHAPE_DEFINITION_REPRESENTATION(#8234,#8240);
#8234 = PRODUCT_DEFINITION_SHAPE('','',#8235);
#8235 = PRODUCT_DEFINITION('design','',#8236,#8239);
#8236 = PRODUCT_DEFINITION_FORMATION('','',#8237);
#8237 = PRODUCT('Ind_TDK_MLZ1608A1R0WT000_eec',
  'Ind_TDK_MLZ1608A1R0WT000_eec','',(#8238));
#8238 = PRODUCT_CONTEXT('',#2,'mechanical');
#8239 = PRODUCT_DEFINITION_CONTEXT('part definition',#2,'design');
#8240 = SHAPE_REPRESENTATION('',(#11,#8241,#8245,#8249),#8253);
#8241 = AXIS2_PLACEMENT_3D('',#8242,#8243,#8244);
#8242 = CARTESIAN_POINT('',(0.,0.,2.5E-02));
#8243 = DIRECTION('',(0.,0.,1.));
#8244 = DIRECTION('',(1.,0.,0.));
#8245 = AXIS2_PLACEMENT_3D('',#8246,#8247,#8248);
#8246 = CARTESIAN_POINT('',(0.,0.,0.));
#8247 = DIRECTION('',(0.,0.,1.));
#8248 = DIRECTION('',(1.,0.,0.));
#8249 = AXIS2_PLACEMENT_3D('',#8250,#8251,#8252);
#8250 = CARTESIAN_POINT('',(0.81295029236,0.927994208397,0.8251));
#8251 = DIRECTION('',(0.,-0.,1.));
#8252 = DIRECTION('',(1.,2.771220752873E-16,0.));
#8253 = ( GEOMETRIC_REPRESENTATION_CONTEXT(3) 
GLOBAL_UNCERTAINTY_ASSIGNED_CONTEXT((#8257)) 
GLOBAL_UNIT_ASSIGNED_CONTEXT((#8254,#8255,#8256)) REPRESENTATION_CONTEXT
('Context #1','3D Context with UNIT and UNCERTAINTY') );
#8254 = ( LENGTH_UNIT() NAMED_UNIT(*) SI_UNIT(.MILLI.,.METRE.) );
#8255 = ( NAMED_UNIT(*) PLANE_ANGLE_UNIT() SI_UNIT($,.RADIAN.) );
#8256 = ( NAMED_UNIT(*) SI_UNIT($,.STERADIAN.) SOLID_ANGLE_UNIT() );
#8257 = UNCERTAINTY_MEASURE_WITH_UNIT(LENGTH_MEASURE(5.E-05),#8254,
  'distance_accuracy_value','confusion accuracy');
#8258 = ADVANCED_BREP_SHAPE_REPRESENTATION('',(#11,#8259),#8877);
#8259 = MANIFOLD_SOLID_BREP('',#8260);
#8260 = CLOSED_SHELL('',(#8261,#8296,#8331,#8353,#8388,#8410,#8445,#8480
    ,#8502,#8537,#8559,#8594,#8616,#8638,#8673,#8695,#8717,#8739,#8761,
    #8783,#8805,#8817,#8829,#8841,#8853,#8865));
#8261 = ADVANCED_FACE('',(#8262),#8291,.T.);
#8262 = FACE_BOUND('',#8263,.T.);
#8263 = EDGE_LOOP('',(#8264,#8275,#8284));
#8264 = ORIENTED_EDGE('',*,*,#8265,.T.);
#8265 = EDGE_CURVE('',#8266,#8268,#8270,.T.);
#8266 = VERTEX_POINT('',#8267);
#8267 = CARTESIAN_POINT('',(-0.675,-0.375,0.1));
#8268 = VERTEX_POINT('',#8269);
#8269 = CARTESIAN_POINT('',(-0.775,-0.275,0.1));
#8270 = CIRCLE('',#8271,0.1);
#8271 = AXIS2_PLACEMENT_3D('',#8272,#8273,#8274);
#8272 = CARTESIAN_POINT('',(-0.675,-0.275,0.1));
#8273 = DIRECTION('',(0.,0.,-1.));
#8274 = DIRECTION('',(-1.,0.,0.));
#8275 = ORIENTED_EDGE('',*,*,#8276,.T.);
#8276 = EDGE_CURVE('',#8268,#8277,#8279,.T.);
#8277 = VERTEX_POINT('',#8278);
#8278 = CARTESIAN_POINT('',(-0.675,-0.275,0.));
#8279 = CIRCLE('',#8280,0.1);
#8280 = AXIS2_PLACEMENT_3D('',#8281,#8282,#8283);
#8281 = CARTESIAN_POINT('',(-0.675,-0.275,0.1));
#8282 = DIRECTION('',(-6.938893903907E-16,-1.,0.));
#8283 = DIRECTION('',(-0.,0.,-1.));
#8284 = ORIENTED_EDGE('',*,*,#8285,.T.);
#8285 = EDGE_CURVE('',#8277,#8266,#8286,.T.);
#8286 = CIRCLE('',#8287,0.1);
#8287 = AXIS2_PLACEMENT_3D('',#8288,#8289,#8290);
#8288 = CARTESIAN_POINT('',(-0.675,-0.275,0.1));
#8289 = DIRECTION('',(-1.,0.,0.));
#8290 = DIRECTION('',(0.,-1.,0.));
#8291 = SPHERICAL_SURFACE('',#8292,0.1);
#8292 = AXIS2_PLACEMENT_3D('',#8293,#8294,#8295);
#8293 = CARTESIAN_POINT('',(-0.675,-0.275,0.1));
#8294 = DIRECTION('',(0.408248290464,0.408248290464,-0.816496580928));
#8295 = DIRECTION('',(-0.57735026919,-0.57735026919,-0.57735026919));
#8296 = ADVANCED_FACE('',(#8297),#8326,.T.);
#8297 = FACE_BOUND('',#8298,.T.);
#8298 = EDGE_LOOP('',(#8299,#8310,#8319));
#8299 = ORIENTED_EDGE('',*,*,#8300,.T.);
#8300 = EDGE_CURVE('',#8301,#8303,#8305,.T.);
#8301 = VERTEX_POINT('',#8302);
#8302 = CARTESIAN_POINT('',(0.775,-0.275,0.1));
#8303 = VERTEX_POINT('',#8304);
#8304 = CARTESIAN_POINT('',(0.675,-0.375,0.1));
#8305 = CIRCLE('',#8306,0.1);
#8306 = AXIS2_PLACEMENT_3D('',#8307,#8308,#8309);
#8307 = CARTESIAN_POINT('',(0.675,-0.275,0.1));
#8308 = DIRECTION('',(0.,0.,-1.));
#8309 = DIRECTION('',(0.,-1.,0.));
#8310 = ORIENTED_EDGE('',*,*,#8311,.T.);
#8311 = EDGE_CURVE('',#8303,#8312,#8314,.T.);
#8312 = VERTEX_POINT('',#8313);
#8313 = CARTESIAN_POINT('',(0.675,-0.275,0.));
#8314 = CIRCLE('',#8315,0.1);
#8315 = AXIS2_PLACEMENT_3D('',#8316,#8317,#8318);
#8316 = CARTESIAN_POINT('',(0.675,-0.275,0.1));
#8317 = DIRECTION('',(1.,0.,0.));
#8318 = DIRECTION('',(0.,0.,-1.));
#8319 = ORIENTED_EDGE('',*,*,#8320,.T.);
#8320 = EDGE_CURVE('',#8312,#8301,#8321,.T.);
#8321 = CIRCLE('',#8322,0.1);
#8322 = AXIS2_PLACEMENT_3D('',#8323,#8324,#8325);
#8323 = CARTESIAN_POINT('',(0.675,-0.275,0.1));
#8324 = DIRECTION('',(0.,-1.,3.469446951954E-16));
#8325 = DIRECTION('',(1.,0.,0.));
#8326 = SPHERICAL_SURFACE('',#8327,0.1);
#8327 = AXIS2_PLACEMENT_3D('',#8328,#8329,#8330);
#8328 = CARTESIAN_POINT('',(0.675,-0.275,0.1));
#8329 = DIRECTION('',(-0.408248290464,0.408248290464,-0.816496580928));
#8330 = DIRECTION('',(0.57735026919,-0.57735026919,-0.57735026919));
#8331 = ADVANCED_FACE('',(#8332),#8348,.T.);
#8332 = FACE_BOUND('',#8333,.T.);
#8333 = EDGE_LOOP('',(#8334,#8335,#8341,#8342));
#8334 = ORIENTED_EDGE('',*,*,#8311,.F.);
#8335 = ORIENTED_EDGE('',*,*,#8336,.T.);
#8336 = EDGE_CURVE('',#8303,#8266,#8337,.T.);
#8337 = LINE('',#8338,#8339);
#8338 = CARTESIAN_POINT('',(-0.3875,-0.375,0.1));
#8339 = VECTOR('',#8340,1.);
#8340 = DIRECTION('',(-1.,0.,0.));
#8341 = ORIENTED_EDGE('',*,*,#8285,.F.);
#8342 = ORIENTED_EDGE('',*,*,#8343,.T.);
#8343 = EDGE_CURVE('',#8277,#8312,#8344,.T.);
#8344 = LINE('',#8345,#8346);
#8345 = CARTESIAN_POINT('',(-0.3875,-0.275,0.));
#8346 = VECTOR('',#8347,1.);
#8347 = DIRECTION('',(1.,0.,0.));
#8348 = CYLINDRICAL_SURFACE('',#8349,0.1);
#8349 = AXIS2_PLACEMENT_3D('',#8350,#8351,#8352);
#8350 = CARTESIAN_POINT('',(-0.3875,-0.275,0.1));
#8351 = DIRECTION('',(1.,0.,0.));
#8352 = DIRECTION('',(0.,-0.707106781187,-0.707106781187));
#8353 = ADVANCED_FACE('',(#8354),#8383,.T.);
#8354 = FACE_BOUND('',#8355,.T.);
#8355 = EDGE_LOOP('',(#8356,#8367,#8376));
#8356 = ORIENTED_EDGE('',*,*,#8357,.T.);
#8357 = EDGE_CURVE('',#8358,#8360,#8362,.T.);
#8358 = VERTEX_POINT('',#8359);
#8359 = CARTESIAN_POINT('',(-0.675,-0.275,0.9));
#8360 = VERTEX_POINT('',#8361);
#8361 = CARTESIAN_POINT('',(-0.775,-0.275,0.8));
#8362 = CIRCLE('',#8363,0.1);
#8363 = AXIS2_PLACEMENT_3D('',#8364,#8365,#8366);
#8364 = CARTESIAN_POINT('',(-0.675,-0.275,0.8));
#8365 = DIRECTION('',(0.,-1.,-6.938893903907E-16));
#8366 = DIRECTION('',(-1.,-0.,0.));
#8367 = ORIENTED_EDGE('',*,*,#8368,.T.);
#8368 = EDGE_CURVE('',#8360,#8369,#8371,.T.);
#8369 = VERTEX_POINT('',#8370);
#8370 = CARTESIAN_POINT('',(-0.675,-0.375,0.8));
#8371 = CIRCLE('',#8372,0.1);
#8372 = AXIS2_PLACEMENT_3D('',#8373,#8374,#8375);
#8373 = CARTESIAN_POINT('',(-0.675,-0.275,0.8));
#8374 = DIRECTION('',(0.,0.,1.));
#8375 = DIRECTION('',(0.,-1.,0.));
#8376 = ORIENTED_EDGE('',*,*,#8377,.T.);
#8377 = EDGE_CURVE('',#8369,#8358,#8378,.T.);
#8378 = CIRCLE('',#8379,0.1);
#8379 = AXIS2_PLACEMENT_3D('',#8380,#8381,#8382);
#8380 = CARTESIAN_POINT('',(-0.675,-0.275,0.8));
#8381 = DIRECTION('',(-1.,0.,0.));
#8382 = DIRECTION('',(0.,0.,1.));
#8383 = SPHERICAL_SURFACE('',#8384,0.1);
#8384 = AXIS2_PLACEMENT_3D('',#8385,#8386,#8387);
#8385 = CARTESIAN_POINT('',(-0.675,-0.275,0.8));
#8386 = DIRECTION('',(0.408248290464,-0.816496580928,-0.408248290464));
#8387 = DIRECTION('',(-0.57735026919,-0.57735026919,0.57735026919));
#8388 = ADVANCED_FACE('',(#8389),#8405,.T.);
#8389 = FACE_BOUND('',#8390,.T.);
#8390 = EDGE_LOOP('',(#8391,#8392,#8398,#8399));
#8391 = ORIENTED_EDGE('',*,*,#8368,.F.);
#8392 = ORIENTED_EDGE('',*,*,#8393,.T.);
#8393 = EDGE_CURVE('',#8360,#8268,#8394,.T.);
#8394 = LINE('',#8395,#8396);
#8395 = CARTESIAN_POINT('',(-0.775,-0.275,0.));
#8396 = VECTOR('',#8397,1.);
#8397 = DIRECTION('',(0.,0.,-1.));
#8398 = ORIENTED_EDGE('',*,*,#8265,.F.);
#8399 = ORIENTED_EDGE('',*,*,#8400,.T.);
#8400 = EDGE_CURVE('',#8266,#8369,#8401,.T.);
#8401 = LINE('',#8402,#8403);
#8402 = CARTESIAN_POINT('',(-0.675,-0.375,0.));
#8403 = VECTOR('',#8404,1.);
#8404 = DIRECTION('',(0.,0.,1.));
#8405 = CYLINDRICAL_SURFACE('',#8406,0.1);
#8406 = AXIS2_PLACEMENT_3D('',#8407,#8408,#8409);
#8407 = CARTESIAN_POINT('',(-0.675,-0.275,0.));
#8408 = DIRECTION('',(0.,0.,1.));
#8409 = DIRECTION('',(-0.707106781187,-0.707106781187,0.));
#8410 = ADVANCED_FACE('',(#8411),#8440,.T.);
#8411 = FACE_BOUND('',#8412,.T.);
#8412 = EDGE_LOOP('',(#8413,#8424,#8433));
#8413 = ORIENTED_EDGE('',*,*,#8414,.T.);
#8414 = EDGE_CURVE('',#8415,#8417,#8419,.T.);
#8415 = VERTEX_POINT('',#8416);
#8416 = CARTESIAN_POINT('',(-0.775,0.275,0.1));
#8417 = VERTEX_POINT('',#8418);
#8418 = CARTESIAN_POINT('',(-0.675,0.375,0.1));
#8419 = CIRCLE('',#8420,0.1);
#8420 = AXIS2_PLACEMENT_3D('',#8421,#8422,#8423);
#8421 = CARTESIAN_POINT('',(-0.675,0.275,0.1));
#8422 = DIRECTION('',(0.,0.,-1.));
#8423 = DIRECTION('',(0.,1.,0.));
#8424 = ORIENTED_EDGE('',*,*,#8425,.T.);
#8425 = EDGE_CURVE('',#8417,#8426,#8428,.T.);
#8426 = VERTEX_POINT('',#8427);
#8427 = CARTESIAN_POINT('',(-0.675,0.275,0.));
#8428 = CIRCLE('',#8429,0.1);
#8429 = AXIS2_PLACEMENT_3D('',#8430,#8431,#8432);
#8430 = CARTESIAN_POINT('',(-0.675,0.275,0.1));
#8431 = DIRECTION('',(-1.,0.,0.));
#8432 = DIRECTION('',(0.,0.,-1.));
#8433 = ORIENTED_EDGE('',*,*,#8434,.T.);
#8434 = EDGE_CURVE('',#8426,#8415,#8435,.T.);
#8435 = CIRCLE('',#8436,0.1);
#8436 = AXIS2_PLACEMENT_3D('',#8437,#8438,#8439);
#8437 = CARTESIAN_POINT('',(-0.675,0.275,0.1));
#8438 = DIRECTION('',(0.,1.,3.469446951954E-16));
#8439 = DIRECTION('',(-1.,0.,0.));
#8440 = SPHERICAL_SURFACE('',#8441,0.1);
#8441 = AXIS2_PLACEMENT_3D('',#8442,#8443,#8444);
#8442 = CARTESIAN_POINT('',(-0.675,0.275,0.1));
#8443 = DIRECTION('',(0.408248290464,-0.408248290464,-0.816496580928));
#8444 = DIRECTION('',(-0.57735026919,0.57735026919,-0.57735026919));
#8445 = ADVANCED_FACE('',(#8446),#8475,.T.);
#8446 = FACE_BOUND('',#8447,.T.);
#8447 = EDGE_LOOP('',(#8448,#8459,#8468));
#8448 = ORIENTED_EDGE('',*,*,#8449,.T.);
#8449 = EDGE_CURVE('',#8450,#8452,#8454,.T.);
#8450 = VERTEX_POINT('',#8451);
#8451 = CARTESIAN_POINT('',(0.675,-0.275,0.9));
#8452 = VERTEX_POINT('',#8453);
#8453 = CARTESIAN_POINT('',(0.675,-0.375,0.8));
#8454 = CIRCLE('',#8455,0.1);
#8455 = AXIS2_PLACEMENT_3D('',#8456,#8457,#8458);
#8456 = CARTESIAN_POINT('',(0.675,-0.275,0.8));
#8457 = DIRECTION('',(1.,0.,0.));
#8458 = DIRECTION('',(0.,-1.,0.));
#8459 = ORIENTED_EDGE('',*,*,#8460,.T.);
#8460 = EDGE_CURVE('',#8452,#8461,#8463,.T.);
#8461 = VERTEX_POINT('',#8462);
#8462 = CARTESIAN_POINT('',(0.775,-0.275,0.8));
#8463 = CIRCLE('',#8464,0.1);
#8464 = AXIS2_PLACEMENT_3D('',#8465,#8466,#8467);
#8465 = CARTESIAN_POINT('',(0.675,-0.275,0.8));
#8466 = DIRECTION('',(0.,0.,1.));
#8467 = DIRECTION('',(1.,0.,-0.));
#8468 = ORIENTED_EDGE('',*,*,#8469,.T.);
#8469 = EDGE_CURVE('',#8461,#8450,#8470,.T.);
#8470 = CIRCLE('',#8471,0.1);
#8471 = AXIS2_PLACEMENT_3D('',#8472,#8473,#8474);
#8472 = CARTESIAN_POINT('',(0.675,-0.275,0.8));
#8473 = DIRECTION('',(3.469446951954E-16,-1.,0.));
#8474 = DIRECTION('',(0.,0.,1.));
#8475 = SPHERICAL_SURFACE('',#8476,0.1);
#8476 = AXIS2_PLACEMENT_3D('',#8477,#8478,#8479);
#8477 = CARTESIAN_POINT('',(0.675,-0.275,0.8));
#8478 = DIRECTION('',(-0.408248290464,-0.816496580928,-0.408248290464));
#8479 = DIRECTION('',(0.57735026919,-0.57735026919,0.57735026919));
#8480 = ADVANCED_FACE('',(#8481),#8497,.T.);
#8481 = FACE_BOUND('',#8482,.T.);
#8482 = EDGE_LOOP('',(#8483,#8484,#8490,#8491));
#8483 = ORIENTED_EDGE('',*,*,#8460,.F.);
#8484 = ORIENTED_EDGE('',*,*,#8485,.T.);
#8485 = EDGE_CURVE('',#8452,#8303,#8486,.T.);
#8486 = LINE('',#8487,#8488);
#8487 = CARTESIAN_POINT('',(0.675,-0.375,0.));
#8488 = VECTOR('',#8489,1.);
#8489 = DIRECTION('',(0.,0.,-1.));
#8490 = ORIENTED_EDGE('',*,*,#8300,.F.);
#8491 = ORIENTED_EDGE('',*,*,#8492,.T.);
#8492 = EDGE_CURVE('',#8301,#8461,#8493,.T.);
#8493 = LINE('',#8494,#8495);
#8494 = CARTESIAN_POINT('',(0.775,-0.275,0.));
#8495 = VECTOR('',#8496,1.);
#8496 = DIRECTION('',(0.,0.,1.));
#8497 = CYLINDRICAL_SURFACE('',#8498,0.1);
#8498 = AXIS2_PLACEMENT_3D('',#8499,#8500,#8501);
#8499 = CARTESIAN_POINT('',(0.675,-0.275,0.));
#8500 = DIRECTION('',(0.,0.,1.));
#8501 = DIRECTION('',(0.707106781187,-0.707106781187,0.));
#8502 = ADVANCED_FACE('',(#8503),#8532,.T.);
#8503 = FACE_BOUND('',#8504,.T.);
#8504 = EDGE_LOOP('',(#8505,#8516,#8525));
#8505 = ORIENTED_EDGE('',*,*,#8506,.T.);
#8506 = EDGE_CURVE('',#8507,#8509,#8511,.T.);
#8507 = VERTEX_POINT('',#8508);
#8508 = CARTESIAN_POINT('',(0.775,0.275,0.1));
#8509 = VERTEX_POINT('',#8510);
#8510 = CARTESIAN_POINT('',(0.675,0.275,0.));
#8511 = CIRCLE('',#8512,0.1);
#8512 = AXIS2_PLACEMENT_3D('',#8513,#8514,#8515);
#8513 = CARTESIAN_POINT('',(0.675,0.275,0.1));
#8514 = DIRECTION('',(6.938893903907E-16,1.,0.));
#8515 = DIRECTION('',(0.,0.,-1.));
#8516 = ORIENTED_EDGE('',*,*,#8517,.T.);
#8517 = EDGE_CURVE('',#8509,#8518,#8520,.T.);
#8518 = VERTEX_POINT('',#8519);
#8519 = CARTESIAN_POINT('',(0.675,0.375,0.1));
#8520 = CIRCLE('',#8521,0.1);
#8521 = AXIS2_PLACEMENT_3D('',#8522,#8523,#8524);
#8522 = CARTESIAN_POINT('',(0.675,0.275,0.1));
#8523 = DIRECTION('',(1.,0.,0.));
#8524 = DIRECTION('',(-0.,1.,0.));
#8525 = ORIENTED_EDGE('',*,*,#8526,.T.);
#8526 = EDGE_CURVE('',#8518,#8507,#8527,.T.);
#8527 = CIRCLE('',#8528,0.1);
#8528 = AXIS2_PLACEMENT_3D('',#8529,#8530,#8531);
#8529 = CARTESIAN_POINT('',(0.675,0.275,0.1));
#8530 = DIRECTION('',(0.,0.,-1.));
#8531 = DIRECTION('',(1.,0.,0.));
#8532 = SPHERICAL_SURFACE('',#8533,0.1);
#8533 = AXIS2_PLACEMENT_3D('',#8534,#8535,#8536);
#8534 = CARTESIAN_POINT('',(0.675,0.275,0.1));
#8535 = DIRECTION('',(-0.408248290464,-0.408248290464,-0.816496580928));
#8536 = DIRECTION('',(0.57735026919,0.57735026919,-0.57735026919));
#8537 = ADVANCED_FACE('',(#8538),#8554,.T.);
#8538 = FACE_BOUND('',#8539,.T.);
#8539 = EDGE_LOOP('',(#8540,#8541,#8547,#8548));
#8540 = ORIENTED_EDGE('',*,*,#8425,.F.);
#8541 = ORIENTED_EDGE('',*,*,#8542,.T.);
#8542 = EDGE_CURVE('',#8417,#8518,#8543,.T.);
#8543 = LINE('',#8544,#8545);
#8544 = CARTESIAN_POINT('',(0.3875,0.375,0.1));
#8545 = VECTOR('',#8546,1.);
#8546 = DIRECTION('',(1.,0.,0.));
#8547 = ORIENTED_EDGE('',*,*,#8517,.F.);
#8548 = ORIENTED_EDGE('',*,*,#8549,.T.);
#8549 = EDGE_CURVE('',#8509,#8426,#8550,.T.);
#8550 = LINE('',#8551,#8552);
#8551 = CARTESIAN_POINT('',(0.3875,0.275,0.));
#8552 = VECTOR('',#8553,1.);
#8553 = DIRECTION('',(-1.,0.,0.));
#8554 = CYLINDRICAL_SURFACE('',#8555,0.1);
#8555 = AXIS2_PLACEMENT_3D('',#8556,#8557,#8558);
#8556 = CARTESIAN_POINT('',(0.3875,0.275,0.1));
#8557 = DIRECTION('',(-1.,0.,0.));
#8558 = DIRECTION('',(0.,0.707106781187,-0.707106781187));
#8559 = ADVANCED_FACE('',(#8560),#8589,.T.);
#8560 = FACE_BOUND('',#8561,.T.);
#8561 = EDGE_LOOP('',(#8562,#8573,#8582));
#8562 = ORIENTED_EDGE('',*,*,#8563,.T.);
#8563 = EDGE_CURVE('',#8564,#8566,#8568,.T.);
#8564 = VERTEX_POINT('',#8565);
#8565 = CARTESIAN_POINT('',(-0.675,0.275,0.9));
#8566 = VERTEX_POINT('',#8567);
#8567 = CARTESIAN_POINT('',(-0.675,0.375,0.8));
#8568 = CIRCLE('',#8569,0.1);
#8569 = AXIS2_PLACEMENT_3D('',#8570,#8571,#8572);
#8570 = CARTESIAN_POINT('',(-0.675,0.275,0.8));
#8571 = DIRECTION('',(-1.,0.,0.));
#8572 = DIRECTION('',(0.,1.,0.));
#8573 = ORIENTED_EDGE('',*,*,#8574,.T.);
#8574 = EDGE_CURVE('',#8566,#8575,#8577,.T.);
#8575 = VERTEX_POINT('',#8576);
#8576 = CARTESIAN_POINT('',(-0.775,0.275,0.8));
#8577 = CIRCLE('',#8578,0.1);
#8578 = AXIS2_PLACEMENT_3D('',#8579,#8580,#8581);
#8579 = CARTESIAN_POINT('',(-0.675,0.275,0.8));
#8580 = DIRECTION('',(0.,0.,1.));
#8581 = DIRECTION('',(-1.,0.,0.));
#8582 = ORIENTED_EDGE('',*,*,#8583,.T.);
#8583 = EDGE_CURVE('',#8575,#8564,#8584,.T.);
#8584 = CIRCLE('',#8585,0.1);
#8585 = AXIS2_PLACEMENT_3D('',#8586,#8587,#8588);
#8586 = CARTESIAN_POINT('',(-0.675,0.275,0.8));
#8587 = DIRECTION('',(-3.469446951954E-16,1.,0.));
#8588 = DIRECTION('',(0.,0.,1.));
#8589 = SPHERICAL_SURFACE('',#8590,0.1);
#8590 = AXIS2_PLACEMENT_3D('',#8591,#8592,#8593);
#8591 = CARTESIAN_POINT('',(-0.675,0.275,0.8));
#8592 = DIRECTION('',(-0.408248290464,-0.816496580928,0.408248290464));
#8593 = DIRECTION('',(-0.57735026919,0.57735026919,0.57735026919));
#8594 = ADVANCED_FACE('',(#8595),#8611,.T.);
#8595 = FACE_BOUND('',#8596,.T.);
#8596 = EDGE_LOOP('',(#8597,#8598,#8604,#8605));
#8597 = ORIENTED_EDGE('',*,*,#8574,.F.);
#8598 = ORIENTED_EDGE('',*,*,#8599,.T.);
#8599 = EDGE_CURVE('',#8566,#8417,#8600,.T.);
#8600 = LINE('',#8601,#8602);
#8601 = CARTESIAN_POINT('',(-0.675,0.375,0.));
#8602 = VECTOR('',#8603,1.);
#8603 = DIRECTION('',(0.,0.,-1.));
#8604 = ORIENTED_EDGE('',*,*,#8414,.F.);
#8605 = ORIENTED_EDGE('',*,*,#8606,.T.);
#8606 = EDGE_CURVE('',#8415,#8575,#8607,.T.);
#8607 = LINE('',#8608,#8609);
#8608 = CARTESIAN_POINT('',(-0.775,0.275,0.));
#8609 = VECTOR('',#8610,1.);
#8610 = DIRECTION('',(0.,0.,1.));
#8611 = CYLINDRICAL_SURFACE('',#8612,0.1);
#8612 = AXIS2_PLACEMENT_3D('',#8613,#8614,#8615);
#8613 = CARTESIAN_POINT('',(-0.675,0.275,0.));
#8614 = DIRECTION('',(0.,0.,1.));
#8615 = DIRECTION('',(-0.707106781187,0.707106781187,0.));
#8616 = ADVANCED_FACE('',(#8617),#8633,.T.);
#8617 = FACE_BOUND('',#8618,.T.);
#8618 = EDGE_LOOP('',(#8619,#8620,#8626,#8627));
#8619 = ORIENTED_EDGE('',*,*,#8357,.F.);
#8620 = ORIENTED_EDGE('',*,*,#8621,.T.);
#8621 = EDGE_CURVE('',#8358,#8564,#8622,.T.);
#8622 = LINE('',#8623,#8624);
#8623 = CARTESIAN_POINT('',(-0.675,0.1875,0.9));
#8624 = VECTOR('',#8625,1.);
#8625 = DIRECTION('',(0.,1.,0.));
#8626 = ORIENTED_EDGE('',*,*,#8583,.F.);
#8627 = ORIENTED_EDGE('',*,*,#8628,.T.);
#8628 = EDGE_CURVE('',#8575,#8360,#8629,.T.);
#8629 = LINE('',#8630,#8631);
#8630 = CARTESIAN_POINT('',(-0.775,0.1875,0.8));
#8631 = VECTOR('',#8632,1.);
#8632 = DIRECTION('',(0.,-1.,0.));
#8633 = CYLINDRICAL_SURFACE('',#8634,0.1);
#8634 = AXIS2_PLACEMENT_3D('',#8635,#8636,#8637);
#8635 = CARTESIAN_POINT('',(-0.675,0.1875,0.8));
#8636 = DIRECTION('',(0.,-1.,0.));
#8637 = DIRECTION('',(-0.707106781187,0.,0.707106781187));
#8638 = ADVANCED_FACE('',(#8639),#8668,.T.);
#8639 = FACE_BOUND('',#8640,.T.);
#8640 = EDGE_LOOP('',(#8641,#8652,#8661));
#8641 = ORIENTED_EDGE('',*,*,#8642,.T.);
#8642 = EDGE_CURVE('',#8643,#8645,#8647,.T.);
#8643 = VERTEX_POINT('',#8644);
#8644 = CARTESIAN_POINT('',(0.675,0.275,0.9));
#8645 = VERTEX_POINT('',#8646);
#8646 = CARTESIAN_POINT('',(0.775,0.275,0.8));
#8647 = CIRCLE('',#8648,0.1);
#8648 = AXIS2_PLACEMENT_3D('',#8649,#8650,#8651);
#8649 = CARTESIAN_POINT('',(0.675,0.275,0.8));
#8650 = DIRECTION('',(0.,1.,-6.938893903907E-16));
#8651 = DIRECTION('',(1.,0.,0.));
#8652 = ORIENTED_EDGE('',*,*,#8653,.T.);
#8653 = EDGE_CURVE('',#8645,#8654,#8656,.T.);
#8654 = VERTEX_POINT('',#8655);
#8655 = CARTESIAN_POINT('',(0.675,0.375,0.8));
#8656 = CIRCLE('',#8657,0.1);
#8657 = AXIS2_PLACEMENT_3D('',#8658,#8659,#8660);
#8658 = CARTESIAN_POINT('',(0.675,0.275,0.8));
#8659 = DIRECTION('',(0.,-0.,1.));
#8660 = DIRECTION('',(0.,1.,0.));
#8661 = ORIENTED_EDGE('',*,*,#8662,.T.);
#8662 = EDGE_CURVE('',#8654,#8643,#8663,.T.);
#8663 = CIRCLE('',#8664,0.1);
#8664 = AXIS2_PLACEMENT_3D('',#8665,#8666,#8667);
#8665 = CARTESIAN_POINT('',(0.675,0.275,0.8));
#8666 = DIRECTION('',(1.,0.,-0.));
#8667 = DIRECTION('',(0.,0.,1.));
#8668 = SPHERICAL_SURFACE('',#8669,0.1);
#8669 = AXIS2_PLACEMENT_3D('',#8670,#8671,#8672);
#8670 = CARTESIAN_POINT('',(0.675,0.275,0.8));
#8671 = DIRECTION('',(0.408248290464,-0.816496580928,0.408248290464));
#8672 = DIRECTION('',(0.57735026919,0.57735026919,0.57735026919));
#8673 = ADVANCED_FACE('',(#8674),#8690,.T.);
#8674 = FACE_BOUND('',#8675,.T.);
#8675 = EDGE_LOOP('',(#8676,#8677,#8683,#8684));
#8676 = ORIENTED_EDGE('',*,*,#8653,.F.);
#8677 = ORIENTED_EDGE('',*,*,#8678,.T.);
#8678 = EDGE_CURVE('',#8645,#8507,#8679,.T.);
#8679 = LINE('',#8680,#8681);
#8680 = CARTESIAN_POINT('',(0.775,0.275,0.));
#8681 = VECTOR('',#8682,1.);
#8682 = DIRECTION('',(0.,0.,-1.));
#8683 = ORIENTED_EDGE('',*,*,#8526,.F.);
#8684 = ORIENTED_EDGE('',*,*,#8685,.T.);
#8685 = EDGE_CURVE('',#8518,#8654,#8686,.T.);
#8686 = LINE('',#8687,#8688);
#8687 = CARTESIAN_POINT('',(0.675,0.375,0.));
#8688 = VECTOR('',#8689,1.);
#8689 = DIRECTION('',(0.,0.,1.));
#8690 = CYLINDRICAL_SURFACE('',#8691,0.1);
#8691 = AXIS2_PLACEMENT_3D('',#8692,#8693,#8694);
#8692 = CARTESIAN_POINT('',(0.675,0.275,0.));
#8693 = DIRECTION('',(0.,0.,1.));
#8694 = DIRECTION('',(0.707106781187,0.707106781187,-0.));
#8695 = ADVANCED_FACE('',(#8696),#8712,.T.);
#8696 = FACE_BOUND('',#8697,.T.);
#8697 = EDGE_LOOP('',(#8698,#8699,#8705,#8706));
#8698 = ORIENTED_EDGE('',*,*,#8563,.F.);
#8699 = ORIENTED_EDGE('',*,*,#8700,.T.);
#8700 = EDGE_CURVE('',#8564,#8643,#8701,.T.);
#8701 = LINE('',#8702,#8703);
#8702 = CARTESIAN_POINT('',(0.3875,0.275,0.9));
#8703 = VECTOR('',#8704,1.);
#8704 = DIRECTION('',(1.,0.,0.));
#8705 = ORIENTED_EDGE('',*,*,#8662,.F.);
#8706 = ORIENTED_EDGE('',*,*,#8707,.T.);
#8707 = EDGE_CURVE('',#8654,#8566,#8708,.T.);
#8708 = LINE('',#8709,#8710);
#8709 = CARTESIAN_POINT('',(0.3875,0.375,0.8));
#8710 = VECTOR('',#8711,1.);
#8711 = DIRECTION('',(-1.,0.,0.));
#8712 = CYLINDRICAL_SURFACE('',#8713,0.1);
#8713 = AXIS2_PLACEMENT_3D('',#8714,#8715,#8716);
#8714 = CARTESIAN_POINT('',(0.3875,0.275,0.8));
#8715 = DIRECTION('',(-1.,0.,0.));
#8716 = DIRECTION('',(0.,0.707106781187,0.707106781187));
#8717 = ADVANCED_FACE('',(#8718),#8734,.T.);
#8718 = FACE_BOUND('',#8719,.T.);
#8719 = EDGE_LOOP('',(#8720,#8721,#8727,#8728));
#8720 = ORIENTED_EDGE('',*,*,#8642,.F.);
#8721 = ORIENTED_EDGE('',*,*,#8722,.T.);
#8722 = EDGE_CURVE('',#8643,#8450,#8723,.T.);
#8723 = LINE('',#8724,#8725);
#8724 = CARTESIAN_POINT('',(0.675,-0.1875,0.9));
#8725 = VECTOR('',#8726,1.);
#8726 = DIRECTION('',(0.,-1.,0.));
#8727 = ORIENTED_EDGE('',*,*,#8469,.F.);
#8728 = ORIENTED_EDGE('',*,*,#8729,.T.);
#8729 = EDGE_CURVE('',#8461,#8645,#8730,.T.);
#8730 = LINE('',#8731,#8732);
#8731 = CARTESIAN_POINT('',(0.775,-0.1875,0.8));
#8732 = VECTOR('',#8733,1.);
#8733 = DIRECTION('',(0.,1.,0.));
#8734 = CYLINDRICAL_SURFACE('',#8735,0.1);
#8735 = AXIS2_PLACEMENT_3D('',#8736,#8737,#8738);
#8736 = CARTESIAN_POINT('',(0.675,-0.1875,0.8));
#8737 = DIRECTION('',(0.,1.,0.));
#8738 = DIRECTION('',(0.707106781187,-0.,0.707106781187));
#8739 = ADVANCED_FACE('',(#8740),#8756,.T.);
#8740 = FACE_BOUND('',#8741,.T.);
#8741 = EDGE_LOOP('',(#8742,#8743,#8749,#8750));
#8742 = ORIENTED_EDGE('',*,*,#8506,.F.);
#8743 = ORIENTED_EDGE('',*,*,#8744,.T.);
#8744 = EDGE_CURVE('',#8507,#8301,#8745,.T.);
#8745 = LINE('',#8746,#8747);
#8746 = CARTESIAN_POINT('',(0.775,-0.1875,0.1));
#8747 = VECTOR('',#8748,1.);
#8748 = DIRECTION('',(0.,-1.,0.));
#8749 = ORIENTED_EDGE('',*,*,#8320,.F.);
#8750 = ORIENTED_EDGE('',*,*,#8751,.T.);
#8751 = EDGE_CURVE('',#8312,#8509,#8752,.T.);
#8752 = LINE('',#8753,#8754);
#8753 = CARTESIAN_POINT('',(0.675,-0.1875,0.));
#8754 = VECTOR('',#8755,1.);
#8755 = DIRECTION('',(0.,1.,0.));
#8756 = CYLINDRICAL_SURFACE('',#8757,0.1);
#8757 = AXIS2_PLACEMENT_3D('',#8758,#8759,#8760);
#8758 = CARTESIAN_POINT('',(0.675,-0.1875,0.1));
#8759 = DIRECTION('',(0.,1.,0.));
#8760 = DIRECTION('',(0.707106781187,0.,-0.707106781187));
#8761 = ADVANCED_FACE('',(#8762),#8778,.T.);
#8762 = FACE_BOUND('',#8763,.T.);
#8763 = EDGE_LOOP('',(#8764,#8765,#8771,#8772));
#8764 = ORIENTED_EDGE('',*,*,#8449,.F.);
#8765 = ORIENTED_EDGE('',*,*,#8766,.T.);
#8766 = EDGE_CURVE('',#8450,#8358,#8767,.T.);
#8767 = LINE('',#8768,#8769);
#8768 = CARTESIAN_POINT('',(-0.3875,-0.275,0.9));
#8769 = VECTOR('',#8770,1.);
#8770 = DIRECTION('',(-1.,0.,0.));
#8771 = ORIENTED_EDGE('',*,*,#8377,.F.);
#8772 = ORIENTED_EDGE('',*,*,#8773,.T.);
#8773 = EDGE_CURVE('',#8369,#8452,#8774,.T.);
#8774 = LINE('',#8775,#8776);
#8775 = CARTESIAN_POINT('',(-0.3875,-0.375,0.8));
#8776 = VECTOR('',#8777,1.);
#8777 = DIRECTION('',(1.,0.,0.));
#8778 = CYLINDRICAL_SURFACE('',#8779,0.1);
#8779 = AXIS2_PLACEMENT_3D('',#8780,#8781,#8782);
#8780 = CARTESIAN_POINT('',(-0.3875,-0.275,0.8));
#8781 = DIRECTION('',(1.,0.,0.));
#8782 = DIRECTION('',(0.,-0.707106781187,0.707106781187));
#8783 = ADVANCED_FACE('',(#8784),#8800,.T.);
#8784 = FACE_BOUND('',#8785,.T.);
#8785 = EDGE_LOOP('',(#8786,#8787,#8793,#8794));
#8786 = ORIENTED_EDGE('',*,*,#8276,.F.);
#8787 = ORIENTED_EDGE('',*,*,#8788,.T.);
#8788 = EDGE_CURVE('',#8268,#8415,#8789,.T.);
#8789 = LINE('',#8790,#8791);
#8790 = CARTESIAN_POINT('',(-0.775,0.1875,0.1));
#8791 = VECTOR('',#8792,1.);
#8792 = DIRECTION('',(0.,1.,0.));
#8793 = ORIENTED_EDGE('',*,*,#8434,.F.);
#8794 = ORIENTED_EDGE('',*,*,#8795,.T.);
#8795 = EDGE_CURVE('',#8426,#8277,#8796,.T.);
#8796 = LINE('',#8797,#8798);
#8797 = CARTESIAN_POINT('',(-0.675,0.1875,0.));
#8798 = VECTOR('',#8799,1.);
#8799 = DIRECTION('',(0.,-1.,0.));
#8800 = CYLINDRICAL_SURFACE('',#8801,0.1);
#8801 = AXIS2_PLACEMENT_3D('',#8802,#8803,#8804);
#8802 = CARTESIAN_POINT('',(-0.675,0.1875,0.1));
#8803 = DIRECTION('',(0.,-1.,0.));
#8804 = DIRECTION('',(-0.707106781187,-0.,-0.707106781187));
#8805 = ADVANCED_FACE('',(#8806),#8812,.T.);
#8806 = FACE_BOUND('',#8807,.T.);
#8807 = EDGE_LOOP('',(#8808,#8809,#8810,#8811));
#8808 = ORIENTED_EDGE('',*,*,#8336,.F.);
#8809 = ORIENTED_EDGE('',*,*,#8485,.F.);
#8810 = ORIENTED_EDGE('',*,*,#8773,.F.);
#8811 = ORIENTED_EDGE('',*,*,#8400,.F.);
#8812 = PLANE('',#8813);
#8813 = AXIS2_PLACEMENT_3D('',#8814,#8815,#8816);
#8814 = CARTESIAN_POINT('',(-0.775,-0.375,0.));
#8815 = DIRECTION('',(0.,-1.,0.));
#8816 = DIRECTION('',(1.,0.,0.));
#8817 = ADVANCED_FACE('',(#8818),#8824,.T.);
#8818 = FACE_BOUND('',#8819,.T.);
#8819 = EDGE_LOOP('',(#8820,#8821,#8822,#8823));
#8820 = ORIENTED_EDGE('',*,*,#8542,.F.);
#8821 = ORIENTED_EDGE('',*,*,#8599,.F.);
#8822 = ORIENTED_EDGE('',*,*,#8707,.F.);
#8823 = ORIENTED_EDGE('',*,*,#8685,.F.);
#8824 = PLANE('',#8825);
#8825 = AXIS2_PLACEMENT_3D('',#8826,#8827,#8828);
#8826 = CARTESIAN_POINT('',(0.775,0.375,0.));
#8827 = DIRECTION('',(0.,1.,0.));
#8828 = DIRECTION('',(-1.,0.,0.));
#8829 = ADVANCED_FACE('',(#8830),#8836,.F.);
#8830 = FACE_BOUND('',#8831,.T.);
#8831 = EDGE_LOOP('',(#8832,#8833,#8834,#8835));
#8832 = ORIENTED_EDGE('',*,*,#8549,.F.);
#8833 = ORIENTED_EDGE('',*,*,#8751,.F.);
#8834 = ORIENTED_EDGE('',*,*,#8343,.F.);
#8835 = ORIENTED_EDGE('',*,*,#8795,.F.);
#8836 = PLANE('',#8837);
#8837 = AXIS2_PLACEMENT_3D('',#8838,#8839,#8840);
#8838 = CARTESIAN_POINT('',(0.,0.,0.));
#8839 = DIRECTION('',(0.,0.,1.));
#8840 = DIRECTION('',(1.,0.,-0.));
#8841 = ADVANCED_FACE('',(#8842),#8848,.T.);
#8842 = FACE_BOUND('',#8843,.T.);
#8843 = EDGE_LOOP('',(#8844,#8845,#8846,#8847));
#8844 = ORIENTED_EDGE('',*,*,#8606,.F.);
#8845 = ORIENTED_EDGE('',*,*,#8788,.F.);
#8846 = ORIENTED_EDGE('',*,*,#8393,.F.);
#8847 = ORIENTED_EDGE('',*,*,#8628,.F.);
#8848 = PLANE('',#8849);
#8849 = AXIS2_PLACEMENT_3D('',#8850,#8851,#8852);
#8850 = CARTESIAN_POINT('',(-0.775,0.375,0.));
#8851 = DIRECTION('',(-1.,0.,0.));
#8852 = DIRECTION('',(0.,-1.,0.));
#8853 = ADVANCED_FACE('',(#8854),#8860,.T.);
#8854 = FACE_BOUND('',#8855,.T.);
#8855 = EDGE_LOOP('',(#8856,#8857,#8858,#8859));
#8856 = ORIENTED_EDGE('',*,*,#8621,.F.);
#8857 = ORIENTED_EDGE('',*,*,#8766,.F.);
#8858 = ORIENTED_EDGE('',*,*,#8722,.F.);
#8859 = ORIENTED_EDGE('',*,*,#8700,.F.);
#8860 = PLANE('',#8861);
#8861 = AXIS2_PLACEMENT_3D('',#8862,#8863,#8864);
#8862 = CARTESIAN_POINT('',(0.,0.,0.9));
#8863 = DIRECTION('',(0.,0.,1.));
#8864 = DIRECTION('',(1.,0.,-0.));
#8865 = ADVANCED_FACE('',(#8866),#8872,.T.);
#8866 = FACE_BOUND('',#8867,.T.);
#8867 = EDGE_LOOP('',(#8868,#8869,#8870,#8871));
#8868 = ORIENTED_EDGE('',*,*,#8678,.F.);
#8869 = ORIENTED_EDGE('',*,*,#8729,.F.);
#8870 = ORIENTED_EDGE('',*,*,#8492,.F.);
#8871 = ORIENTED_EDGE('',*,*,#8744,.F.);
#8872 = PLANE('',#8873);
#8873 = AXIS2_PLACEMENT_3D('',#8874,#8875,#8876);
#8874 = CARTESIAN_POINT('',(0.775,-0.375,0.));
#8875 = DIRECTION('',(1.,0.,0.));
#8876 = DIRECTION('',(-0.,1.,0.));
#8877 = ( GEOMETRIC_REPRESENTATION_CONTEXT(3) 
GLOBAL_UNCERTAINTY_ASSIGNED_CONTEXT((#8881)) 
GLOBAL_UNIT_ASSIGNED_CONTEXT((#8878,#8879,#8880)) REPRESENTATION_CONTEXT
('Context #1','3D Context with UNIT and UNCERTAINTY') );
#8878 = ( LENGTH_UNIT() NAMED_UNIT(*) SI_UNIT(.MILLI.,.METRE.) );
#8879 = ( NAMED_UNIT(*) PLANE_ANGLE_UNIT() SI_UNIT($,.RADIAN.) );
#8880 = ( NAMED_UNIT(*) SI_UNIT($,.STERADIAN.) SOLID_ANGLE_UNIT() );
#8881 = UNCERTAINTY_MEASURE_WITH_UNIT(LENGTH_MEASURE(1.E-07),#8878,
  'distance_accuracy_value','confusion accuracy');
#8882 = SHAPE_DEFINITION_REPRESENTATION(#8883,#8258);
#8883 = PRODUCT_DEFINITION_SHAPE('','',#8884);
#8884 = PRODUCT_DEFINITION('design','',#8885,#8888);
#8885 = PRODUCT_DEFINITION_FORMATION('','',#8886);
#8886 = PRODUCT('1','1','',(#8887));
#8887 = PRODUCT_CONTEXT('',#2,'mechanical');
#8888 = PRODUCT_DEFINITION_CONTEXT('part definition',#2,'design');
#8889 = CONTEXT_DEPENDENT_SHAPE_REPRESENTATION(#8890,#8892);
#8890 = ( REPRESENTATION_RELATIONSHIP('','',#8258,#8240) 
REPRESENTATION_RELATIONSHIP_WITH_TRANSFORMATION(#8891) 
SHAPE_REPRESENTATION_RELATIONSHIP() );
#8891 = ITEM_DEFINED_TRANSFORMATION('','',#11,#8241);
#8892 = PRODUCT_DEFINITION_SHAPE('Placement','Placement of an item',
  #8893);
#8893 = NEXT_ASSEMBLY_USAGE_OCCURRENCE('233','1:1','',#8235,#8884,$);
#8894 = PRODUCT_RELATED_PRODUCT_CATEGORY('part',$,(#8886));
#8895 = SHAPE_REPRESENTATION('',(#11,#8896,#9376),#9856);
#8896 = MANIFOLD_SOLID_BREP('',#8897);
#8897 = CLOSED_SHELL('',(#8898,#9000,#9031,#9056,#9088,#9112,#9145,#9162
    ,#9187,#9212,#9234,#9267,#9284,#9301,#9323,#9340,#9352,#9364));
#8898 = ADVANCED_FACE('',(#8899),#8995,.T.);
#8899 = FACE_BOUND('',#8900,.T.);
#8900 = EDGE_LOOP('',(#8901,#8918,#8926,#8941,#8950,#8965,#8973,#8988));
#8901 = ORIENTED_EDGE('',*,*,#8902,.F.);
#8902 = EDGE_CURVE('',#8903,#8905,#8907,.T.);
#8903 = VERTEX_POINT('',#8904);
#8904 = CARTESIAN_POINT('',(0.515,-0.4,0.1));
#8905 = VERTEX_POINT('',#8906);
#8906 = CARTESIAN_POINT('',(0.50843230805,-0.3,0.));
#8907 = B_SPLINE_CURVE_WITH_KNOTS('',3,(#8908,#8909,#8910,#8911,#8912,
    #8913,#8914,#8915,#8916,#8917),.UNSPECIFIED.,.F.,.F.,(4,2,2,2,4),(
    3.015953436781E-02,3.392841982396E-02,3.769730528011E-02,
    4.147000398805E-02,4.524270269599E-02),.UNSPECIFIED.);
#8908 = CARTESIAN_POINT('',(0.515,-0.4,0.1));
#8909 = CARTESIAN_POINT('',(0.515,-0.4,8.743704847951E-02));
#8910 = CARTESIAN_POINT('',(0.514809077227,-0.397487722897,
    7.403991220162E-02));
#8911 = CARTESIAN_POINT('',(0.514057778453,-0.387279457384,
    4.940233774033E-02));
#8912 = CARTESIAN_POINT('',(0.513498509849,-0.379583294379,
    3.816193814194E-02));
#8913 = CARTESIAN_POINT('',(0.512263199383,-0.361829084796,
    2.040772855837E-02));
#8914 = CARTESIAN_POINT('',(0.511504297403,-0.350583654199,
    1.271274752269E-02));
#8915 = CARTESIAN_POINT('',(0.509941495787,-0.325947055665,
    2.508870496024E-03));
#8916 = CARTESIAN_POINT('',(0.5091386957,-0.312555807432,
    -3.267128086882E-18));
#8917 = CARTESIAN_POINT('',(0.50843230805,-0.3,0.));
#8918 = ORIENTED_EDGE('',*,*,#8919,.F.);
#8919 = EDGE_CURVE('',#8920,#8903,#8922,.T.);
#8920 = VERTEX_POINT('',#8921);
#8921 = CARTESIAN_POINT('',(0.515,-0.4,0.85));
#8922 = LINE('',#8923,#8924);
#8923 = CARTESIAN_POINT('',(0.515,-0.4,0.95));
#8924 = VECTOR('',#8925,1.);
#8925 = DIRECTION('',(0.,0.,-1.));
#8926 = ORIENTED_EDGE('',*,*,#8927,.F.);
#8927 = EDGE_CURVE('',#8928,#8920,#8930,.T.);
#8928 = VERTEX_POINT('',#8929);
#8929 = CARTESIAN_POINT('',(0.50843230805,-0.3,0.95));
#8930 = B_SPLINE_CURVE_WITH_KNOTS('',3,(#8931,#8932,#8933,#8934,#8935,
    #8936,#8937,#8938,#8939,#8940),.UNSPECIFIED.,.F.,.F.,(4,2,2,2,4),(
    1.507636647196E-02,1.885114539309E-02,2.262592431422E-02,
    2.639272934101E-02,3.015953436781E-02),.UNSPECIFIED.);
#8931 = CARTESIAN_POINT('',(0.50843230805,-0.3,0.95));
#8932 = CARTESIAN_POINT('',(0.509139085192,-0.312562730528,0.95));
#8933 = CARTESIAN_POINT('',(0.509942329983,-0.325960888889,
    0.947488384755));
#8934 = CARTESIAN_POINT('',(0.511505889015,-0.350608043983,
    0.937274161555));
#8935 = CARTESIAN_POINT('',(0.512265101176,-0.361857121264,
    0.929571579294));
#8936 = CARTESIAN_POINT('',(0.513499999131,-0.3796039945,0.911810008728)
  );
#8937 = CARTESIAN_POINT('',(0.514058735253,-0.387292557301,
    0.900573250413));
#8938 = CARTESIAN_POINT('',(0.51480928812,-0.397490473082,0.875946235244
    ));
#8939 = CARTESIAN_POINT('',(0.515,-0.4,0.862556016756));
#8940 = CARTESIAN_POINT('',(0.515,-0.4,0.85));
#8941 = ORIENTED_EDGE('',*,*,#8942,.F.);
#8942 = EDGE_CURVE('',#8943,#8928,#8945,.T.);
#8943 = VERTEX_POINT('',#8944);
#8944 = CARTESIAN_POINT('',(0.50843230805,0.3,0.95));
#8945 = CIRCLE('',#8946,5.340833333333);
#8946 = AXIS2_PLACEMENT_3D('',#8947,#8948,#8949);
#8947 = CARTESIAN_POINT('',(5.840833333333,-2.312964634636E-17,0.95));
#8948 = DIRECTION('',(0.,0.,1.));
#8949 = DIRECTION('',(0.997191449524,-7.489467935715E-02,0.));
#8950 = ORIENTED_EDGE('',*,*,#8951,.F.);
#8951 = EDGE_CURVE('',#8952,#8943,#8954,.T.);
#8952 = VERTEX_POINT('',#8953);
#8953 = CARTESIAN_POINT('',(0.515,0.4,0.85));
#8954 = B_SPLINE_CURVE_WITH_KNOTS('',3,(#8955,#8956,#8957,#8958,#8959,
    #8960,#8961,#8962,#8963,#8964),.UNSPECIFIED.,.F.,.F.,(4,2,2,2,4),(
    3.015953436781E-02,3.392633939461E-02,3.769314442141E-02,
    4.146792334254E-02,4.524270226366E-02),.UNSPECIFIED.);
#8955 = CARTESIAN_POINT('',(0.515,0.4,0.85));
#8956 = CARTESIAN_POINT('',(0.515,0.4,0.862556016756));
#8957 = CARTESIAN_POINT('',(0.51480928812,0.397490473082,0.875946235244)
  );
#8958 = CARTESIAN_POINT('',(0.514058735253,0.387292557301,0.900573250413
    ));
#8959 = CARTESIAN_POINT('',(0.513499999131,0.3796039945,0.911810008728)
  );
#8960 = CARTESIAN_POINT('',(0.512265101176,0.361857121264,0.929571579294
    ));
#8961 = CARTESIAN_POINT('',(0.511505889015,0.350608043983,0.937274161555
    ));
#8962 = CARTESIAN_POINT('',(0.509942329983,0.325960888889,0.947488384755
    ));
#8963 = CARTESIAN_POINT('',(0.509139085192,0.312562730528,0.95));
#8964 = CARTESIAN_POINT('',(0.50843230805,0.3,0.95));
#8965 = ORIENTED_EDGE('',*,*,#8966,.F.);
#8966 = EDGE_CURVE('',#8967,#8952,#8969,.T.);
#8967 = VERTEX_POINT('',#8968);
#8968 = CARTESIAN_POINT('',(0.515,0.4,0.1));
#8969 = LINE('',#8970,#8971);
#8970 = CARTESIAN_POINT('',(0.515,0.4,0.95));
#8971 = VECTOR('',#8972,1.);
#8972 = DIRECTION('',(0.,0.,1.));
#8973 = ORIENTED_EDGE('',*,*,#8974,.F.);
#8974 = EDGE_CURVE('',#8975,#8967,#8977,.T.);
#8975 = VERTEX_POINT('',#8976);
#8976 = CARTESIAN_POINT('',(0.50843230805,0.3,0.));
#8977 = B_SPLINE_CURVE_WITH_KNOTS('',3,(#8978,#8979,#8980,#8981,#8982,
    #8983,#8984,#8985,#8986,#8987),.UNSPECIFIED.,.F.,.F.,(4,2,2,2,4),(
    1.507636651827E-02,1.884906522621E-02,2.262176393415E-02,
    2.63906493903E-02,3.015953484645E-02),.UNSPECIFIED.);
#8978 = CARTESIAN_POINT('',(0.50843230805,0.3,0.));
#8979 = CARTESIAN_POINT('',(0.5091386957,0.312555807432,0.));
#8980 = CARTESIAN_POINT('',(0.509941495787,0.325947055665,
    2.508870496024E-03));
#8981 = CARTESIAN_POINT('',(0.511504297403,0.350583654199,
    1.271274752269E-02));
#8982 = CARTESIAN_POINT('',(0.512263199383,0.361829084796,
    2.040772855837E-02));
#8983 = CARTESIAN_POINT('',(0.513498509849,0.379583294379,
    3.816193814194E-02));
#8984 = CARTESIAN_POINT('',(0.514057778453,0.387279457384,
    4.940233774033E-02));
#8985 = CARTESIAN_POINT('',(0.514809077227,0.397487722897,
    7.403991220162E-02));
#8986 = CARTESIAN_POINT('',(0.515,0.4,8.743704847951E-02));
#8987 = CARTESIAN_POINT('',(0.515,0.4,0.1));
#8988 = ORIENTED_EDGE('',*,*,#8989,.F.);
#8989 = EDGE_CURVE('',#8905,#8975,#8990,.T.);
#8990 = CIRCLE('',#8991,5.340833333333);
#8991 = AXIS2_PLACEMENT_3D('',#8992,#8993,#8994);
#8992 = CARTESIAN_POINT('',(5.840833333333,-2.312964634636E-17,0.));
#8993 = DIRECTION('',(0.,0.,-1.));
#8994 = DIRECTION('',(0.997191449524,-7.489467935715E-02,0.));
#8995 = CYLINDRICAL_SURFACE('',#8996,5.340833333333);
#8996 = AXIS2_PLACEMENT_3D('',#8997,#8998,#8999);
#8997 = CARTESIAN_POINT('',(5.840833333333,-2.312964634636E-17,0.95));
#8998 = DIRECTION('',(0.,0.,1.));
#8999 = DIRECTION('',(0.997191449524,-7.489467935715E-02,0.));
#9000 = ADVANCED_FACE('',(#9001),#9026,.F.);
#9001 = FACE_BOUND('',#9002,.T.);
#9002 = EDGE_LOOP('',(#9003,#9004,#9012,#9020));
#9003 = ORIENTED_EDGE('',*,*,#8989,.T.);
#9004 = ORIENTED_EDGE('',*,*,#9005,.F.);
#9005 = EDGE_CURVE('',#9006,#8975,#9008,.T.);
#9006 = VERTEX_POINT('',#9007);
#9007 = CARTESIAN_POINT('',(0.7,0.3,0.));
#9008 = LINE('',#9009,#9010);
#9009 = CARTESIAN_POINT('',(0.4,0.3,0.));
#9010 = VECTOR('',#9011,1.);
#9011 = DIRECTION('',(-1.,0.,0.));
#9012 = ORIENTED_EDGE('',*,*,#9013,.F.);
#9013 = EDGE_CURVE('',#9014,#9006,#9016,.T.);
#9014 = VERTEX_POINT('',#9015);
#9015 = CARTESIAN_POINT('',(0.7,-0.3,0.));
#9016 = LINE('',#9017,#9018);
#9017 = CARTESIAN_POINT('',(0.7,-0.2,0.));
#9018 = VECTOR('',#9019,1.);
#9019 = DIRECTION('',(0.,1.,0.));
#9020 = ORIENTED_EDGE('',*,*,#9021,.F.);
#9021 = EDGE_CURVE('',#8905,#9014,#9022,.T.);
#9022 = LINE('',#9023,#9024);
#9023 = CARTESIAN_POINT('',(-0.4,-0.3,0.));
#9024 = VECTOR('',#9025,1.);
#9025 = DIRECTION('',(1.,0.,0.));
#9026 = PLANE('',#9027);
#9027 = AXIS2_PLACEMENT_3D('',#9028,#9029,#9030);
#9028 = CARTESIAN_POINT('',(0.,0.,0.));
#9029 = DIRECTION('',(0.,0.,1.));
#9030 = DIRECTION('',(1.,0.,-0.));
#9031 = ADVANCED_FACE('',(#9032),#9051,.T.);
#9032 = FACE_BOUND('',#9033,.T.);
#9033 = EDGE_LOOP('',(#9034,#9035,#9043,#9050));
#9034 = ORIENTED_EDGE('',*,*,#8974,.T.);
#9035 = ORIENTED_EDGE('',*,*,#9036,.T.);
#9036 = EDGE_CURVE('',#8967,#9037,#9039,.T.);
#9037 = VERTEX_POINT('',#9038);
#9038 = CARTESIAN_POINT('',(0.7,0.4,0.1));
#9039 = LINE('',#9040,#9041);
#9040 = CARTESIAN_POINT('',(0.4,0.4,0.1));
#9041 = VECTOR('',#9042,1.);
#9042 = DIRECTION('',(1.,0.,0.));
#9043 = ORIENTED_EDGE('',*,*,#9044,.F.);
#9044 = EDGE_CURVE('',#9006,#9037,#9045,.T.);
#9045 = CIRCLE('',#9046,0.1);
#9046 = AXIS2_PLACEMENT_3D('',#9047,#9048,#9049);
#9047 = CARTESIAN_POINT('',(0.7,0.3,0.1));
#9048 = DIRECTION('',(1.,0.,0.));
#9049 = DIRECTION('',(-0.,1.,0.));
#9050 = ORIENTED_EDGE('',*,*,#9005,.T.);
#9051 = CYLINDRICAL_SURFACE('',#9052,0.1);
#9052 = AXIS2_PLACEMENT_3D('',#9053,#9054,#9055);
#9053 = CARTESIAN_POINT('',(0.4,0.3,0.1));
#9054 = DIRECTION('',(-1.,0.,0.));
#9055 = DIRECTION('',(0.,0.707106781187,-0.707106781187));
#9056 = ADVANCED_FACE('',(#9057),#9083,.T.);
#9057 = FACE_BOUND('',#9058,.T.);
#9058 = EDGE_LOOP('',(#9059,#9060,#9068,#9077));
#9059 = ORIENTED_EDGE('',*,*,#8927,.T.);
#9060 = ORIENTED_EDGE('',*,*,#9061,.T.);
#9061 = EDGE_CURVE('',#8920,#9062,#9064,.T.);
#9062 = VERTEX_POINT('',#9063);
#9063 = CARTESIAN_POINT('',(0.7,-0.4,0.85));
#9064 = LINE('',#9065,#9066);
#9065 = CARTESIAN_POINT('',(-0.4,-0.4,0.85));
#9066 = VECTOR('',#9067,1.);
#9067 = DIRECTION('',(1.,0.,0.));
#9068 = ORIENTED_EDGE('',*,*,#9069,.F.);
#9069 = EDGE_CURVE('',#9070,#9062,#9072,.T.);
#9070 = VERTEX_POINT('',#9071);
#9071 = CARTESIAN_POINT('',(0.7,-0.3,0.95));
#9072 = CIRCLE('',#9073,0.1);
#9073 = AXIS2_PLACEMENT_3D('',#9074,#9075,#9076);
#9074 = CARTESIAN_POINT('',(0.7,-0.3,0.85));
#9075 = DIRECTION('',(1.,0.,0.));
#9076 = DIRECTION('',(0.,-1.,0.));
#9077 = ORIENTED_EDGE('',*,*,#9078,.T.);
#9078 = EDGE_CURVE('',#9070,#8928,#9079,.T.);
#9079 = LINE('',#9080,#9081);
#9080 = CARTESIAN_POINT('',(-0.4,-0.3,0.95));
#9081 = VECTOR('',#9082,1.);
#9082 = DIRECTION('',(-1.,0.,0.));
#9083 = CYLINDRICAL_SURFACE('',#9084,0.1);
#9084 = AXIS2_PLACEMENT_3D('',#9085,#9086,#9087);
#9085 = CARTESIAN_POINT('',(-0.4,-0.3,0.85));
#9086 = DIRECTION('',(1.,0.,0.));
#9087 = DIRECTION('',(0.,-0.707106781187,0.707106781187));
#9088 = ADVANCED_FACE('',(#9089),#9107,.T.);
#9089 = FACE_BOUND('',#9090,.T.);
#9090 = EDGE_LOOP('',(#9091,#9092,#9100,#9106));
#9091 = ORIENTED_EDGE('',*,*,#8966,.T.);
#9092 = ORIENTED_EDGE('',*,*,#9093,.F.);
#9093 = EDGE_CURVE('',#9094,#8952,#9096,.T.);
#9094 = VERTEX_POINT('',#9095);
#9095 = CARTESIAN_POINT('',(0.7,0.4,0.85));
#9096 = LINE('',#9097,#9098);
#9097 = CARTESIAN_POINT('',(0.4,0.4,0.85));
#9098 = VECTOR('',#9099,1.);
#9099 = DIRECTION('',(-1.,0.,0.));
#9100 = ORIENTED_EDGE('',*,*,#9101,.F.);
#9101 = EDGE_CURVE('',#9037,#9094,#9102,.T.);
#9102 = LINE('',#9103,#9104);
#9103 = CARTESIAN_POINT('',(0.7,0.4,0.));
#9104 = VECTOR('',#9105,1.);
#9105 = DIRECTION('',(0.,0.,1.));
#9106 = ORIENTED_EDGE('',*,*,#9036,.F.);
#9107 = PLANE('',#9108);
#9108 = AXIS2_PLACEMENT_3D('',#9109,#9110,#9111);
#9109 = CARTESIAN_POINT('',(0.8,0.4,0.));
#9110 = DIRECTION('',(0.,1.,0.));
#9111 = DIRECTION('',(-1.,0.,0.));
#9112 = ADVANCED_FACE('',(#9113),#9140,.T.);
#9113 = FACE_BOUND('',#9114,.T.);
#9114 = EDGE_LOOP('',(#9115,#9126,#9133));
#9115 = ORIENTED_EDGE('',*,*,#9116,.T.);
#9116 = EDGE_CURVE('',#9117,#9119,#9121,.T.);
#9117 = VERTEX_POINT('',#9118);
#9118 = CARTESIAN_POINT('',(0.8,-0.3,0.1));
#9119 = VERTEX_POINT('',#9120);
#9120 = CARTESIAN_POINT('',(0.7,-0.4,0.1));
#9121 = CIRCLE('',#9122,0.1);
#9122 = AXIS2_PLACEMENT_3D('',#9123,#9124,#9125);
#9123 = CARTESIAN_POINT('',(0.7,-0.3,0.1));
#9124 = DIRECTION('',(0.,0.,-1.));
#9125 = DIRECTION('',(0.,-1.,0.));
#9126 = ORIENTED_EDGE('',*,*,#9127,.T.);
#9127 = EDGE_CURVE('',#9119,#9014,#9128,.T.);
#9128 = CIRCLE('',#9129,0.1);
#9129 = AXIS2_PLACEMENT_3D('',#9130,#9131,#9132);
#9130 = CARTESIAN_POINT('',(0.7,-0.3,0.1));
#9131 = DIRECTION('',(1.,0.,0.));
#9132 = DIRECTION('',(0.,0.,-1.));
#9133 = ORIENTED_EDGE('',*,*,#9134,.T.);
#9134 = EDGE_CURVE('',#9014,#9117,#9135,.T.);
#9135 = CIRCLE('',#9136,0.1);
#9136 = AXIS2_PLACEMENT_3D('',#9137,#9138,#9139);
#9137 = CARTESIAN_POINT('',(0.7,-0.3,0.1));
#9138 = DIRECTION('',(0.,-1.,3.469446951954E-16));
#9139 = DIRECTION('',(1.,0.,0.));
#9140 = SPHERICAL_SURFACE('',#9141,0.1);
#9141 = AXIS2_PLACEMENT_3D('',#9142,#9143,#9144);
#9142 = CARTESIAN_POINT('',(0.7,-0.3,0.1));
#9143 = DIRECTION('',(-0.408248290464,0.408248290464,-0.816496580928));
#9144 = DIRECTION('',(0.57735026919,-0.57735026919,-0.57735026919));
#9145 = ADVANCED_FACE('',(#9146),#9157,.T.);
#9146 = FACE_BOUND('',#9147,.T.);
#9147 = EDGE_LOOP('',(#9148,#9149,#9150,#9151));
#9148 = ORIENTED_EDGE('',*,*,#8902,.T.);
#9149 = ORIENTED_EDGE('',*,*,#9021,.T.);
#9150 = ORIENTED_EDGE('',*,*,#9127,.F.);
#9151 = ORIENTED_EDGE('',*,*,#9152,.T.);
#9152 = EDGE_CURVE('',#9119,#8903,#9153,.T.);
#9153 = LINE('',#9154,#9155);
#9154 = CARTESIAN_POINT('',(-0.4,-0.4,0.1));
#9155 = VECTOR('',#9156,1.);
#9156 = DIRECTION('',(-1.,0.,0.));
#9157 = CYLINDRICAL_SURFACE('',#9158,0.1);
#9158 = AXIS2_PLACEMENT_3D('',#9159,#9160,#9161);
#9159 = CARTESIAN_POINT('',(-0.4,-0.3,0.1));
#9160 = DIRECTION('',(1.,0.,0.));
#9161 = DIRECTION('',(0.,-0.707106781187,-0.707106781187));
#9162 = ADVANCED_FACE('',(#9163),#9182,.T.);
#9163 = FACE_BOUND('',#9164,.T.);
#9164 = EDGE_LOOP('',(#9165,#9174,#9175));
#9165 = ORIENTED_EDGE('',*,*,#9166,.T.);
#9166 = EDGE_CURVE('',#9167,#9006,#9169,.T.);
#9167 = VERTEX_POINT('',#9168);
#9168 = CARTESIAN_POINT('',(0.8,0.3,0.1));
#9169 = CIRCLE('',#9170,0.1);
#9170 = AXIS2_PLACEMENT_3D('',#9171,#9172,#9173);
#9171 = CARTESIAN_POINT('',(0.7,0.3,0.1));
#9172 = DIRECTION('',(6.938893903907E-16,1.,0.));
#9173 = DIRECTION('',(0.,0.,-1.));
#9174 = ORIENTED_EDGE('',*,*,#9044,.T.);
#9175 = ORIENTED_EDGE('',*,*,#9176,.T.);
#9176 = EDGE_CURVE('',#9037,#9167,#9177,.T.);
#9177 = CIRCLE('',#9178,0.1);
#9178 = AXIS2_PLACEMENT_3D('',#9179,#9180,#9181);
#9179 = CARTESIAN_POINT('',(0.7,0.3,0.1));
#9180 = DIRECTION('',(0.,0.,-1.));
#9181 = DIRECTION('',(1.,0.,0.));
#9182 = SPHERICAL_SURFACE('',#9183,0.1);
#9183 = AXIS2_PLACEMENT_3D('',#9184,#9185,#9186);
#9184 = CARTESIAN_POINT('',(0.7,0.3,0.1));
#9185 = DIRECTION('',(-0.408248290464,-0.408248290464,-0.816496580928));
#9186 = DIRECTION('',(0.57735026919,0.57735026919,-0.57735026919));
#9187 = ADVANCED_FACE('',(#9188),#9207,.T.);
#9188 = FACE_BOUND('',#9189,.T.);
#9189 = EDGE_LOOP('',(#9190,#9191,#9200));
#9190 = ORIENTED_EDGE('',*,*,#9069,.T.);
#9191 = ORIENTED_EDGE('',*,*,#9192,.T.);
#9192 = EDGE_CURVE('',#9062,#9193,#9195,.T.);
#9193 = VERTEX_POINT('',#9194);
#9194 = CARTESIAN_POINT('',(0.8,-0.3,0.85));
#9195 = CIRCLE('',#9196,0.1);
#9196 = AXIS2_PLACEMENT_3D('',#9197,#9198,#9199);
#9197 = CARTESIAN_POINT('',(0.7,-0.3,0.85));
#9198 = DIRECTION('',(0.,0.,1.));
#9199 = DIRECTION('',(1.,0.,-0.));
#9200 = ORIENTED_EDGE('',*,*,#9201,.T.);
#9201 = EDGE_CURVE('',#9193,#9070,#9202,.T.);
#9202 = CIRCLE('',#9203,0.1);
#9203 = AXIS2_PLACEMENT_3D('',#9204,#9205,#9206);
#9204 = CARTESIAN_POINT('',(0.7,-0.3,0.85));
#9205 = DIRECTION('',(3.469446951954E-16,-1.,0.));
#9206 = DIRECTION('',(0.,0.,1.));
#9207 = SPHERICAL_SURFACE('',#9208,0.1);
#9208 = AXIS2_PLACEMENT_3D('',#9209,#9210,#9211);
#9209 = CARTESIAN_POINT('',(0.7,-0.3,0.85));
#9210 = DIRECTION('',(-0.408248290464,-0.816496580928,-0.408248290464));
#9211 = DIRECTION('',(0.57735026919,-0.57735026919,0.57735026919));
#9212 = ADVANCED_FACE('',(#9213),#9229,.T.);
#9213 = FACE_BOUND('',#9214,.T.);
#9214 = EDGE_LOOP('',(#9215,#9216,#9222,#9223));
#9215 = ORIENTED_EDGE('',*,*,#9192,.F.);
#9216 = ORIENTED_EDGE('',*,*,#9217,.T.);
#9217 = EDGE_CURVE('',#9062,#9119,#9218,.T.);
#9218 = LINE('',#9219,#9220);
#9219 = CARTESIAN_POINT('',(0.7,-0.4,0.));
#9220 = VECTOR('',#9221,1.);
#9221 = DIRECTION('',(0.,0.,-1.));
#9222 = ORIENTED_EDGE('',*,*,#9116,.F.);
#9223 = ORIENTED_EDGE('',*,*,#9224,.T.);
#9224 = EDGE_CURVE('',#9117,#9193,#9225,.T.);
#9225 = LINE('',#9226,#9227);
#9226 = CARTESIAN_POINT('',(0.8,-0.3,0.));
#9227 = VECTOR('',#9228,1.);
#9228 = DIRECTION('',(0.,0.,1.));
#9229 = CYLINDRICAL_SURFACE('',#9230,0.1);
#9230 = AXIS2_PLACEMENT_3D('',#9231,#9232,#9233);
#9231 = CARTESIAN_POINT('',(0.7,-0.3,0.));
#9232 = DIRECTION('',(0.,0.,1.));
#9233 = DIRECTION('',(0.707106781187,-0.707106781187,0.));
#9234 = ADVANCED_FACE('',(#9235),#9262,.T.);
#9235 = FACE_BOUND('',#9236,.T.);
#9236 = EDGE_LOOP('',(#9237,#9248,#9255));
#9237 = ORIENTED_EDGE('',*,*,#9238,.T.);
#9238 = EDGE_CURVE('',#9239,#9241,#9243,.T.);
#9239 = VERTEX_POINT('',#9240);
#9240 = CARTESIAN_POINT('',(0.7,0.3,0.95));
#9241 = VERTEX_POINT('',#9242);
#9242 = CARTESIAN_POINT('',(0.8,0.3,0.85));
#9243 = CIRCLE('',#9244,0.1);
#9244 = AXIS2_PLACEMENT_3D('',#9245,#9246,#9247);
#9245 = CARTESIAN_POINT('',(0.7,0.3,0.85));
#9246 = DIRECTION('',(0.,1.,-6.938893903907E-16));
#9247 = DIRECTION('',(1.,0.,0.));
#9248 = ORIENTED_EDGE('',*,*,#9249,.T.);
#9249 = EDGE_CURVE('',#9241,#9094,#9250,.T.);
#9250 = CIRCLE('',#9251,0.1);
#9251 = AXIS2_PLACEMENT_3D('',#9252,#9253,#9254);
#9252 = CARTESIAN_POINT('',(0.7,0.3,0.85));
#9253 = DIRECTION('',(0.,-0.,1.));
#9254 = DIRECTION('',(0.,1.,0.));
#9255 = ORIENTED_EDGE('',*,*,#9256,.T.);
#9256 = EDGE_CURVE('',#9094,#9239,#9257,.T.);
#9257 = CIRCLE('',#9258,0.1);
#9258 = AXIS2_PLACEMENT_3D('',#9259,#9260,#9261);
#9259 = CARTESIAN_POINT('',(0.7,0.3,0.85));
#9260 = DIRECTION('',(1.,0.,-0.));
#9261 = DIRECTION('',(0.,0.,1.));
#9262 = SPHERICAL_SURFACE('',#9263,0.1);
#9263 = AXIS2_PLACEMENT_3D('',#9264,#9265,#9266);
#9264 = CARTESIAN_POINT('',(0.7,0.3,0.85));
#9265 = DIRECTION('',(0.408248290464,-0.816496580928,0.408248290464));
#9266 = DIRECTION('',(0.57735026919,0.57735026919,0.57735026919));
#9267 = ADVANCED_FACE('',(#9268),#9279,.T.);
#9268 = FACE_BOUND('',#9269,.T.);
#9269 = EDGE_LOOP('',(#9270,#9271,#9277,#9278));
#9270 = ORIENTED_EDGE('',*,*,#9249,.F.);
#9271 = ORIENTED_EDGE('',*,*,#9272,.T.);
#9272 = EDGE_CURVE('',#9241,#9167,#9273,.T.);
#9273 = LINE('',#9274,#9275);
#9274 = CARTESIAN_POINT('',(0.8,0.3,0.));
#9275 = VECTOR('',#9276,1.);
#9276 = DIRECTION('',(0.,0.,-1.));
#9277 = ORIENTED_EDGE('',*,*,#9176,.F.);
#9278 = ORIENTED_EDGE('',*,*,#9101,.T.);
#9279 = CYLINDRICAL_SURFACE('',#9280,0.1);
#9280 = AXIS2_PLACEMENT_3D('',#9281,#9282,#9283);
#9281 = CARTESIAN_POINT('',(0.7,0.3,0.));
#9282 = DIRECTION('',(0.,0.,1.));
#9283 = DIRECTION('',(0.707106781187,0.707106781187,-0.));
#9284 = ADVANCED_FACE('',(#9285),#9296,.T.);
#9285 = FACE_BOUND('',#9286,.T.);
#9286 = EDGE_LOOP('',(#9287,#9288,#9294,#9295));
#9287 = ORIENTED_EDGE('',*,*,#8951,.T.);
#9288 = ORIENTED_EDGE('',*,*,#9289,.T.);
#9289 = EDGE_CURVE('',#8943,#9239,#9290,.T.);
#9290 = LINE('',#9291,#9292);
#9291 = CARTESIAN_POINT('',(0.4,0.3,0.95));
#9292 = VECTOR('',#9293,1.);
#9293 = DIRECTION('',(1.,0.,0.));
#9294 = ORIENTED_EDGE('',*,*,#9256,.F.);
#9295 = ORIENTED_EDGE('',*,*,#9093,.T.);
#9296 = CYLINDRICAL_SURFACE('',#9297,0.1);
#9297 = AXIS2_PLACEMENT_3D('',#9298,#9299,#9300);
#9298 = CARTESIAN_POINT('',(0.4,0.3,0.85));
#9299 = DIRECTION('',(-1.,0.,0.));
#9300 = DIRECTION('',(0.,0.707106781187,0.707106781187));
#9301 = ADVANCED_FACE('',(#9302),#9318,.T.);
#9302 = FACE_BOUND('',#9303,.T.);
#9303 = EDGE_LOOP('',(#9304,#9305,#9311,#9312));
#9304 = ORIENTED_EDGE('',*,*,#9238,.F.);
#9305 = ORIENTED_EDGE('',*,*,#9306,.T.);
#9306 = EDGE_CURVE('',#9239,#9070,#9307,.T.);
#9307 = LINE('',#9308,#9309);
#9308 = CARTESIAN_POINT('',(0.7,-0.2,0.95));
#9309 = VECTOR('',#9310,1.);
#9310 = DIRECTION('',(0.,-1.,0.));
#9311 = ORIENTED_EDGE('',*,*,#9201,.F.);
#9312 = ORIENTED_EDGE('',*,*,#9313,.T.);
#9313 = EDGE_CURVE('',#9193,#9241,#9314,.T.);
#9314 = LINE('',#9315,#9316);
#9315 = CARTESIAN_POINT('',(0.8,-0.2,0.85));
#9316 = VECTOR('',#9317,1.);
#9317 = DIRECTION('',(0.,1.,0.));
#9318 = CYLINDRICAL_SURFACE('',#9319,0.1);
#9319 = AXIS2_PLACEMENT_3D('',#9320,#9321,#9322);
#9320 = CARTESIAN_POINT('',(0.7,-0.2,0.85));
#9321 = DIRECTION('',(0.,1.,0.));
#9322 = DIRECTION('',(0.707106781187,-0.,0.707106781187));
#9323 = ADVANCED_FACE('',(#9324),#9335,.T.);
#9324 = FACE_BOUND('',#9325,.T.);
#9325 = EDGE_LOOP('',(#9326,#9327,#9333,#9334));
#9326 = ORIENTED_EDGE('',*,*,#9166,.F.);
#9327 = ORIENTED_EDGE('',*,*,#9328,.T.);
#9328 = EDGE_CURVE('',#9167,#9117,#9329,.T.);
#9329 = LINE('',#9330,#9331);
#9330 = CARTESIAN_POINT('',(0.8,-0.2,0.1));
#9331 = VECTOR('',#9332,1.);
#9332 = DIRECTION('',(0.,-1.,0.));
#9333 = ORIENTED_EDGE('',*,*,#9134,.F.);
#9334 = ORIENTED_EDGE('',*,*,#9013,.T.);
#9335 = CYLINDRICAL_SURFACE('',#9336,0.1);
#9336 = AXIS2_PLACEMENT_3D('',#9337,#9338,#9339);
#9337 = CARTESIAN_POINT('',(0.7,-0.2,0.1));
#9338 = DIRECTION('',(0.,1.,0.));
#9339 = DIRECTION('',(0.707106781187,0.,-0.707106781187));
#9340 = ADVANCED_FACE('',(#9341),#9347,.T.);
#9341 = FACE_BOUND('',#9342,.T.);
#9342 = EDGE_LOOP('',(#9343,#9344,#9345,#9346));
#9343 = ORIENTED_EDGE('',*,*,#8919,.T.);
#9344 = ORIENTED_EDGE('',*,*,#9152,.F.);
#9345 = ORIENTED_EDGE('',*,*,#9217,.F.);
#9346 = ORIENTED_EDGE('',*,*,#9061,.F.);
#9347 = PLANE('',#9348);
#9348 = AXIS2_PLACEMENT_3D('',#9349,#9350,#9351);
#9349 = CARTESIAN_POINT('',(-0.8,-0.4,0.));
#9350 = DIRECTION('',(0.,-1.,0.));
#9351 = DIRECTION('',(1.,0.,0.));
#9352 = ADVANCED_FACE('',(#9353),#9359,.T.);
#9353 = FACE_BOUND('',#9354,.T.);
#9354 = EDGE_LOOP('',(#9355,#9356,#9357,#9358));
#9355 = ORIENTED_EDGE('',*,*,#8942,.T.);
#9356 = ORIENTED_EDGE('',*,*,#9078,.F.);
#9357 = ORIENTED_EDGE('',*,*,#9306,.F.);
#9358 = ORIENTED_EDGE('',*,*,#9289,.F.);
#9359 = PLANE('',#9360);
#9360 = AXIS2_PLACEMENT_3D('',#9361,#9362,#9363);
#9361 = CARTESIAN_POINT('',(0.,0.,0.95));
#9362 = DIRECTION('',(0.,0.,1.));
#9363 = DIRECTION('',(1.,0.,-0.));
#9364 = ADVANCED_FACE('',(#9365),#9371,.T.);
#9365 = FACE_BOUND('',#9366,.T.);
#9366 = EDGE_LOOP('',(#9367,#9368,#9369,#9370));
#9367 = ORIENTED_EDGE('',*,*,#9272,.F.);
#9368 = ORIENTED_EDGE('',*,*,#9313,.F.);
#9369 = ORIENTED_EDGE('',*,*,#9224,.F.);
#9370 = ORIENTED_EDGE('',*,*,#9328,.F.);
#9371 = PLANE('',#9372);
#9372 = AXIS2_PLACEMENT_3D('',#9373,#9374,#9375);
#9373 = CARTESIAN_POINT('',(0.8,-0.4,0.));
#9374 = DIRECTION('',(1.,0.,0.));
#9375 = DIRECTION('',(-0.,1.,0.));
#9376 = MANIFOLD_SOLID_BREP('',#9377);
#9377 = CLOSED_SHELL('',(#9378,#9418,#9451,#9484,#9517,#9534,#9551,#9584
    ,#9601,#9618,#9656,#9681,#9705,#9736,#9767,#9791,#9822,#9840));
#9378 = ADVANCED_FACE('',(#9379),#9413,.T.);
#9379 = FACE_BOUND('',#9380,.T.);
#9380 = EDGE_LOOP('',(#9381,#9391,#9399,#9407));
#9381 = ORIENTED_EDGE('',*,*,#9382,.F.);
#9382 = EDGE_CURVE('',#9383,#9385,#9387,.T.);
#9383 = VERTEX_POINT('',#9384);
#9384 = CARTESIAN_POINT('',(-0.8,0.3,0.1));
#9385 = VERTEX_POINT('',#9386);
#9386 = CARTESIAN_POINT('',(-0.8,0.3,0.85));
#9387 = LINE('',#9388,#9389);
#9388 = CARTESIAN_POINT('',(-0.8,0.3,0.));
#9389 = VECTOR('',#9390,1.);
#9390 = DIRECTION('',(0.,0.,1.));
#9391 = ORIENTED_EDGE('',*,*,#9392,.F.);
#9392 = EDGE_CURVE('',#9393,#9383,#9395,.T.);
#9393 = VERTEX_POINT('',#9394);
#9394 = CARTESIAN_POINT('',(-0.8,-0.3,0.1));
#9395 = LINE('',#9396,#9397);
#9396 = CARTESIAN_POINT('',(-0.8,0.2,0.1));
#9397 = VECTOR('',#9398,1.);
#9398 = DIRECTION('',(0.,1.,0.));
#9399 = ORIENTED_EDGE('',*,*,#9400,.F.);
#9400 = EDGE_CURVE('',#9401,#9393,#9403,.T.);
#9401 = VERTEX_POINT('',#9402);
#9402 = CARTESIAN_POINT('',(-0.8,-0.3,0.85));
#9403 = LINE('',#9404,#9405);
#9404 = CARTESIAN_POINT('',(-0.8,-0.3,0.));
#9405 = VECTOR('',#9406,1.);
#9406 = DIRECTION('',(0.,0.,-1.));
#9407 = ORIENTED_EDGE('',*,*,#9408,.F.);
#9408 = EDGE_CURVE('',#9385,#9401,#9409,.T.);
#9409 = LINE('',#9410,#9411);
#9410 = CARTESIAN_POINT('',(-0.8,0.2,0.85));
#9411 = VECTOR('',#9412,1.);
#9412 = DIRECTION('',(0.,-1.,0.));
#9413 = PLANE('',#9414);
#9414 = AXIS2_PLACEMENT_3D('',#9415,#9416,#9417);
#9415 = CARTESIAN_POINT('',(-0.8,0.4,0.));
#9416 = DIRECTION('',(-1.,0.,0.));
#9417 = DIRECTION('',(0.,-1.,0.));
#9418 = ADVANCED_FACE('',(#9419),#9446,.T.);
#9419 = FACE_BOUND('',#9420,.T.);
#9420 = EDGE_LOOP('',(#9421,#9430,#9431,#9440));
#9421 = ORIENTED_EDGE('',*,*,#9422,.F.);
#9422 = EDGE_CURVE('',#9393,#9423,#9425,.T.);
#9423 = VERTEX_POINT('',#9424);
#9424 = CARTESIAN_POINT('',(-0.7,-0.3,0.));
#9425 = CIRCLE('',#9426,0.1);
#9426 = AXIS2_PLACEMENT_3D('',#9427,#9428,#9429);
#9427 = CARTESIAN_POINT('',(-0.7,-0.3,0.1));
#9428 = DIRECTION('',(-6.938893903907E-16,-1.,0.));
#9429 = DIRECTION('',(-0.,0.,-1.));
#9430 = ORIENTED_EDGE('',*,*,#9392,.T.);
#9431 = ORIENTED_EDGE('',*,*,#9432,.F.);
#9432 = EDGE_CURVE('',#9433,#9383,#9435,.T.);
#9433 = VERTEX_POINT('',#9434);
#9434 = CARTESIAN_POINT('',(-0.7,0.3,0.));
#9435 = CIRCLE('',#9436,0.1);
#9436 = AXIS2_PLACEMENT_3D('',#9437,#9438,#9439);
#9437 = CARTESIAN_POINT('',(-0.7,0.3,0.1));
#9438 = DIRECTION('',(0.,1.,3.469446951954E-16));
#9439 = DIRECTION('',(-1.,0.,0.));
#9440 = ORIENTED_EDGE('',*,*,#9441,.T.);
#9441 = EDGE_CURVE('',#9433,#9423,#9442,.T.);
#9442 = LINE('',#9443,#9444);
#9443 = CARTESIAN_POINT('',(-0.7,0.2,0.));
#9444 = VECTOR('',#9445,1.);
#9445 = DIRECTION('',(0.,-1.,0.));
#9446 = CYLINDRICAL_SURFACE('',#9447,0.1);
#9447 = AXIS2_PLACEMENT_3D('',#9448,#9449,#9450);
#9448 = CARTESIAN_POINT('',(-0.7,0.2,0.1));
#9449 = DIRECTION('',(0.,-1.,0.));
#9450 = DIRECTION('',(-0.707106781187,-0.,-0.707106781187));
#9451 = ADVANCED_FACE('',(#9452),#9479,.T.);
#9452 = FACE_BOUND('',#9453,.T.);
#9453 = EDGE_LOOP('',(#9454,#9463,#9471,#9478));
#9454 = ORIENTED_EDGE('',*,*,#9455,.F.);
#9455 = EDGE_CURVE('',#9456,#9401,#9458,.T.);
#9456 = VERTEX_POINT('',#9457);
#9457 = CARTESIAN_POINT('',(-0.7,-0.3,0.95));
#9458 = CIRCLE('',#9459,0.1);
#9459 = AXIS2_PLACEMENT_3D('',#9460,#9461,#9462);
#9460 = CARTESIAN_POINT('',(-0.7,-0.3,0.85));
#9461 = DIRECTION('',(0.,-1.,-6.938893903907E-16));
#9462 = DIRECTION('',(-1.,-0.,0.));
#9463 = ORIENTED_EDGE('',*,*,#9464,.T.);
#9464 = EDGE_CURVE('',#9456,#9465,#9467,.T.);
#9465 = VERTEX_POINT('',#9466);
#9466 = CARTESIAN_POINT('',(-0.7,0.3,0.95));
#9467 = LINE('',#9468,#9469);
#9468 = CARTESIAN_POINT('',(-0.7,0.2,0.95));
#9469 = VECTOR('',#9470,1.);
#9470 = DIRECTION('',(0.,1.,0.));
#9471 = ORIENTED_EDGE('',*,*,#9472,.F.);
#9472 = EDGE_CURVE('',#9385,#9465,#9473,.T.);
#9473 = CIRCLE('',#9474,0.1);
#9474 = AXIS2_PLACEMENT_3D('',#9475,#9476,#9477);
#9475 = CARTESIAN_POINT('',(-0.7,0.3,0.85));
#9476 = DIRECTION('',(-3.469446951954E-16,1.,0.));
#9477 = DIRECTION('',(0.,0.,1.));
#9478 = ORIENTED_EDGE('',*,*,#9408,.T.);
#9479 = CYLINDRICAL_SURFACE('',#9480,0.1);
#9480 = AXIS2_PLACEMENT_3D('',#9481,#9482,#9483);
#9481 = CARTESIAN_POINT('',(-0.7,0.2,0.85));
#9482 = DIRECTION('',(0.,-1.,0.));
#9483 = DIRECTION('',(-0.707106781187,0.,0.707106781187));
#9484 = ADVANCED_FACE('',(#9485),#9512,.T.);
#9485 = FACE_BOUND('',#9486,.T.);
#9486 = EDGE_LOOP('',(#9487,#9496,#9504,#9511));
#9487 = ORIENTED_EDGE('',*,*,#9488,.F.);
#9488 = EDGE_CURVE('',#9489,#9385,#9491,.T.);
#9489 = VERTEX_POINT('',#9490);
#9490 = CARTESIAN_POINT('',(-0.7,0.4,0.85));
#9491 = CIRCLE('',#9492,0.1);
#9492 = AXIS2_PLACEMENT_3D('',#9493,#9494,#9495);
#9493 = CARTESIAN_POINT('',(-0.7,0.3,0.85));
#9494 = DIRECTION('',(0.,0.,1.));
#9495 = DIRECTION('',(-1.,0.,0.));
#9496 = ORIENTED_EDGE('',*,*,#9497,.T.);
#9497 = EDGE_CURVE('',#9489,#9498,#9500,.T.);
#9498 = VERTEX_POINT('',#9499);
#9499 = CARTESIAN_POINT('',(-0.7,0.4,0.1));
#9500 = LINE('',#9501,#9502);
#9501 = CARTESIAN_POINT('',(-0.7,0.4,0.));
#9502 = VECTOR('',#9503,1.);
#9503 = DIRECTION('',(0.,0.,-1.));
#9504 = ORIENTED_EDGE('',*,*,#9505,.F.);
#9505 = EDGE_CURVE('',#9383,#9498,#9506,.T.);
#9506 = CIRCLE('',#9507,0.1);
#9507 = AXIS2_PLACEMENT_3D('',#9508,#9509,#9510);
#9508 = CARTESIAN_POINT('',(-0.7,0.3,0.1));
#9509 = DIRECTION('',(0.,0.,-1.));
#9510 = DIRECTION('',(0.,1.,0.));
#9511 = ORIENTED_EDGE('',*,*,#9382,.T.);
#9512 = CYLINDRICAL_SURFACE('',#9513,0.1);
#9513 = AXIS2_PLACEMENT_3D('',#9514,#9515,#9516);
#9514 = CARTESIAN_POINT('',(-0.7,0.3,0.));
#9515 = DIRECTION('',(0.,0.,1.));
#9516 = DIRECTION('',(-0.707106781187,0.707106781187,0.));
#9517 = ADVANCED_FACE('',(#9518),#9529,.T.);
#9518 = FACE_BOUND('',#9519,.T.);
#9519 = EDGE_LOOP('',(#9520,#9527,#9528));
#9520 = ORIENTED_EDGE('',*,*,#9521,.T.);
#9521 = EDGE_CURVE('',#9465,#9489,#9522,.T.);
#9522 = CIRCLE('',#9523,0.1);
#9523 = AXIS2_PLACEMENT_3D('',#9524,#9525,#9526);
#9524 = CARTESIAN_POINT('',(-0.7,0.3,0.85));
#9525 = DIRECTION('',(-1.,0.,0.));
#9526 = DIRECTION('',(0.,1.,0.));
#9527 = ORIENTED_EDGE('',*,*,#9488,.T.);
#9528 = ORIENTED_EDGE('',*,*,#9472,.T.);
#9529 = SPHERICAL_SURFACE('',#9530,0.1);
#9530 = AXIS2_PLACEMENT_3D('',#9531,#9532,#9533);
#9531 = CARTESIAN_POINT('',(-0.7,0.3,0.85));
#9532 = DIRECTION('',(-0.408248290464,-0.816496580928,0.408248290464));
#9533 = DIRECTION('',(-0.57735026919,0.57735026919,0.57735026919));
#9534 = ADVANCED_FACE('',(#9535),#9546,.T.);
#9535 = FACE_BOUND('',#9536,.T.);
#9536 = EDGE_LOOP('',(#9537,#9538,#9545));
#9537 = ORIENTED_EDGE('',*,*,#9505,.T.);
#9538 = ORIENTED_EDGE('',*,*,#9539,.T.);
#9539 = EDGE_CURVE('',#9498,#9433,#9540,.T.);
#9540 = CIRCLE('',#9541,0.1);
#9541 = AXIS2_PLACEMENT_3D('',#9542,#9543,#9544);
#9542 = CARTESIAN_POINT('',(-0.7,0.3,0.1));
#9543 = DIRECTION('',(-1.,0.,0.));
#9544 = DIRECTION('',(0.,0.,-1.));
#9545 = ORIENTED_EDGE('',*,*,#9432,.T.);
#9546 = SPHERICAL_SURFACE('',#9547,0.1);
#9547 = AXIS2_PLACEMENT_3D('',#9548,#9549,#9550);
#9548 = CARTESIAN_POINT('',(-0.7,0.3,0.1));
#9549 = DIRECTION('',(0.408248290464,-0.408248290464,-0.816496580928));
#9550 = DIRECTION('',(-0.57735026919,0.57735026919,-0.57735026919));
#9551 = ADVANCED_FACE('',(#9552),#9579,.T.);
#9552 = FACE_BOUND('',#9553,.T.);
#9553 = EDGE_LOOP('',(#9554,#9563,#9564,#9573));
#9554 = ORIENTED_EDGE('',*,*,#9555,.F.);
#9555 = EDGE_CURVE('',#9401,#9556,#9558,.T.);
#9556 = VERTEX_POINT('',#9557);
#9557 = CARTESIAN_POINT('',(-0.7,-0.4,0.85));
#9558 = CIRCLE('',#9559,0.1);
#9559 = AXIS2_PLACEMENT_3D('',#9560,#9561,#9562);
#9560 = CARTESIAN_POINT('',(-0.7,-0.3,0.85));
#9561 = DIRECTION('',(0.,0.,1.));
#9562 = DIRECTION('',(0.,-1.,0.));
#9563 = ORIENTED_EDGE('',*,*,#9400,.T.);
#9564 = ORIENTED_EDGE('',*,*,#9565,.F.);
#9565 = EDGE_CURVE('',#9566,#9393,#9568,.T.);
#9566 = VERTEX_POINT('',#9567);
#9567 = CARTESIAN_POINT('',(-0.7,-0.4,0.1));
#9568 = CIRCLE('',#9569,0.1);
#9569 = AXIS2_PLACEMENT_3D('',#9570,#9571,#9572);
#9570 = CARTESIAN_POINT('',(-0.7,-0.3,0.1));
#9571 = DIRECTION('',(0.,0.,-1.));
#9572 = DIRECTION('',(-1.,0.,0.));
#9573 = ORIENTED_EDGE('',*,*,#9574,.T.);
#9574 = EDGE_CURVE('',#9566,#9556,#9575,.T.);
#9575 = LINE('',#9576,#9577);
#9576 = CARTESIAN_POINT('',(-0.7,-0.4,0.));
#9577 = VECTOR('',#9578,1.);
#9578 = DIRECTION('',(0.,0.,1.));
#9579 = CYLINDRICAL_SURFACE('',#9580,0.1);
#9580 = AXIS2_PLACEMENT_3D('',#9581,#9582,#9583);
#9581 = CARTESIAN_POINT('',(-0.7,-0.3,0.));
#9582 = DIRECTION('',(0.,0.,1.));
#9583 = DIRECTION('',(-0.707106781187,-0.707106781187,0.));
#9584 = ADVANCED_FACE('',(#9585),#9596,.T.);
#9585 = FACE_BOUND('',#9586,.T.);
#9586 = EDGE_LOOP('',(#9587,#9588,#9589));
#9587 = ORIENTED_EDGE('',*,*,#9455,.T.);
#9588 = ORIENTED_EDGE('',*,*,#9555,.T.);
#9589 = ORIENTED_EDGE('',*,*,#9590,.T.);
#9590 = EDGE_CURVE('',#9556,#9456,#9591,.T.);
#9591 = CIRCLE('',#9592,0.1);
#9592 = AXIS2_PLACEMENT_3D('',#9593,#9594,#9595);
#9593 = CARTESIAN_POINT('',(-0.7,-0.3,0.85));
#9594 = DIRECTION('',(-1.,0.,0.));
#9595 = DIRECTION('',(0.,0.,1.));
#9596 = SPHERICAL_SURFACE('',#9597,0.1);
#9597 = AXIS2_PLACEMENT_3D('',#9598,#9599,#9600);
#9598 = CARTESIAN_POINT('',(-0.7,-0.3,0.85));
#9599 = DIRECTION('',(0.408248290464,-0.816496580928,-0.408248290464));
#9600 = DIRECTION('',(-0.57735026919,-0.57735026919,0.57735026919));
#9601 = ADVANCED_FACE('',(#9602),#9613,.T.);
#9602 = FACE_BOUND('',#9603,.T.);
#9603 = EDGE_LOOP('',(#9604,#9605,#9606));
#9604 = ORIENTED_EDGE('',*,*,#9565,.T.);
#9605 = ORIENTED_EDGE('',*,*,#9422,.T.);
#9606 = ORIENTED_EDGE('',*,*,#9607,.T.);
#9607 = EDGE_CURVE('',#9423,#9566,#9608,.T.);
#9608 = CIRCLE('',#9609,0.1);
#9609 = AXIS2_PLACEMENT_3D('',#9610,#9611,#9612);
#9610 = CARTESIAN_POINT('',(-0.7,-0.3,0.1));
#9611 = DIRECTION('',(-1.,0.,0.));
#9612 = DIRECTION('',(0.,-1.,0.));
#9613 = SPHERICAL_SURFACE('',#9614,0.1);
#9614 = AXIS2_PLACEMENT_3D('',#9615,#9616,#9617);
#9615 = CARTESIAN_POINT('',(-0.7,-0.3,0.1));
#9616 = DIRECTION('',(0.408248290464,0.408248290464,-0.816496580928));
#9617 = DIRECTION('',(-0.57735026919,-0.57735026919,-0.57735026919));
#9618 = ADVANCED_FACE('',(#9619),#9651,.T.);
#9619 = FACE_BOUND('',#9620,.T.);
#9620 = EDGE_LOOP('',(#9621,#9638,#9644,#9645));
#9621 = ORIENTED_EDGE('',*,*,#9622,.T.);
#9622 = EDGE_CURVE('',#9623,#9625,#9627,.T.);
#9623 = VERTEX_POINT('',#9624);
#9624 = CARTESIAN_POINT('',(-0.508653286553,0.3,0.95));
#9625 = VERTEX_POINT('',#9626);
#9626 = CARTESIAN_POINT('',(-0.515,0.4,0.85));
#9627 = B_SPLINE_CURVE_WITH_KNOTS('',3,(#9628,#9629,#9630,#9631,#9632,
    #9633,#9634,#9635,#9636,#9637),.UNSPECIFIED.,.F.,.F.,(4,2,2,2,4),(
    1.507577907021E-02,1.885003511029E-02,2.262429115038E-02,
    2.639110010023E-02,3.015790905008E-02),.UNSPECIFIED.);
#9628 = CARTESIAN_POINT('',(-0.508653286553,0.3,0.95));
#9629 = CARTESIAN_POINT('',(-0.509336287689,0.312562300084,0.95));
#9630 = CARTESIAN_POINT('',(-0.510112507033,0.325960127697,
    0.947488533773));
#9631 = CARTESIAN_POINT('',(-0.51162343456,0.350606674168,0.93727489565)
  );
#9632 = CARTESIAN_POINT('',(-0.512357077543,0.361855468257,
    0.929572747746));
#9633 = CARTESIAN_POINT('',(-0.513550447995,0.379603022107,
    0.911811466786));
#9634 = CARTESIAN_POINT('',(-0.514090403826,0.387292076296,
    0.900574178622));
#9635 = CARTESIAN_POINT('',(-0.514815713684,0.397490483998,
    0.875946442219));
#9636 = CARTESIAN_POINT('',(-0.515,0.4,0.862556029833));
#9637 = CARTESIAN_POINT('',(-0.515,0.4,0.85));
#9638 = ORIENTED_EDGE('',*,*,#9639,.T.);
#9639 = EDGE_CURVE('',#9625,#9489,#9640,.T.);
#9640 = LINE('',#9641,#9642);
#9641 = CARTESIAN_POINT('',(0.4,0.4,0.85));
#9642 = VECTOR('',#9643,1.);
#9643 = DIRECTION('',(-1.,0.,0.));
#9644 = ORIENTED_EDGE('',*,*,#9521,.F.);
#9645 = ORIENTED_EDGE('',*,*,#9646,.T.);
#9646 = EDGE_CURVE('',#9465,#9623,#9647,.T.);
#9647 = LINE('',#9648,#9649);
#9648 = CARTESIAN_POINT('',(0.4,0.3,0.95));
#9649 = VECTOR('',#9650,1.);
#9650 = DIRECTION('',(1.,0.,0.));
#9651 = CYLINDRICAL_SURFACE('',#9652,0.1);
#9652 = AXIS2_PLACEMENT_3D('',#9653,#9654,#9655);
#9653 = CARTESIAN_POINT('',(0.4,0.3,0.85));
#9654 = DIRECTION('',(-1.,0.,0.));
#9655 = DIRECTION('',(0.,0.707106781187,0.707106781187));
#9656 = ADVANCED_FACE('',(#9657),#9676,.T.);
#9657 = FACE_BOUND('',#9658,.T.);
#9658 = EDGE_LOOP('',(#9659,#9668,#9669,#9670));
#9659 = ORIENTED_EDGE('',*,*,#9660,.T.);
#9660 = EDGE_CURVE('',#9661,#9623,#9663,.T.);
#9661 = VERTEX_POINT('',#9662);
#9662 = CARTESIAN_POINT('',(-0.508653286553,-0.3,0.95));
#9663 = CIRCLE('',#9664,5.525987940766);
#9664 = AXIS2_PLACEMENT_3D('',#9665,#9666,#9667);
#9665 = CARTESIAN_POINT('',(-6.026491878021,0.,0.95));
#9666 = DIRECTION('',(0.,0.,1.));
#9667 = DIRECTION('',(-0.997376747307,7.238524663601E-02,0.));
#9668 = ORIENTED_EDGE('',*,*,#9646,.F.);
#9669 = ORIENTED_EDGE('',*,*,#9464,.F.);
#9670 = ORIENTED_EDGE('',*,*,#9671,.F.);
#9671 = EDGE_CURVE('',#9661,#9456,#9672,.T.);
#9672 = LINE('',#9673,#9674);
#9673 = CARTESIAN_POINT('',(-0.4,-0.3,0.95));
#9674 = VECTOR('',#9675,1.);
#9675 = DIRECTION('',(-1.,0.,0.));
#9676 = PLANE('',#9677);
#9677 = AXIS2_PLACEMENT_3D('',#9678,#9679,#9680);
#9678 = CARTESIAN_POINT('',(0.,0.,0.95));
#9679 = DIRECTION('',(0.,0.,1.));
#9680 = DIRECTION('',(1.,0.,-0.));
#9681 = ADVANCED_FACE('',(#9682),#9700,.T.);
#9682 = FACE_BOUND('',#9683,.T.);
#9683 = EDGE_LOOP('',(#9684,#9692,#9698,#9699));
#9684 = ORIENTED_EDGE('',*,*,#9685,.T.);
#9685 = EDGE_CURVE('',#9625,#9686,#9688,.T.);
#9686 = VERTEX_POINT('',#9687);
#9687 = CARTESIAN_POINT('',(-0.515,0.4,0.1));
#9688 = LINE('',#9689,#9690);
#9689 = CARTESIAN_POINT('',(-0.515,0.4,0.95));
#9690 = VECTOR('',#9691,1.);
#9691 = DIRECTION('',(0.,0.,-1.));
#9692 = ORIENTED_EDGE('',*,*,#9693,.F.);
#9693 = EDGE_CURVE('',#9498,#9686,#9694,.T.);
#9694 = LINE('',#9695,#9696);
#9695 = CARTESIAN_POINT('',(0.4,0.4,0.1));
#9696 = VECTOR('',#9697,1.);
#9697 = DIRECTION('',(1.,0.,0.));
#9698 = ORIENTED_EDGE('',*,*,#9497,.F.);
#9699 = ORIENTED_EDGE('',*,*,#9639,.F.);
#9700 = PLANE('',#9701);
#9701 = AXIS2_PLACEMENT_3D('',#9702,#9703,#9704);
#9702 = CARTESIAN_POINT('',(0.8,0.4,0.));
#9703 = DIRECTION('',(0.,1.,0.));
#9704 = DIRECTION('',(-1.,0.,0.));
#9705 = ADVANCED_FACE('',(#9706),#9731,.T.);
#9706 = FACE_BOUND('',#9707,.T.);
#9707 = EDGE_LOOP('',(#9708,#9723,#9724,#9725));
#9708 = ORIENTED_EDGE('',*,*,#9709,.T.);
#9709 = EDGE_CURVE('',#9710,#9661,#9712,.T.);
#9710 = VERTEX_POINT('',#9711);
#9711 = CARTESIAN_POINT('',(-0.515,-0.4,0.85));
#9712 = B_SPLINE_CURVE_WITH_KNOTS('',3,(#9713,#9714,#9715,#9716,#9717,
    #9718,#9719,#9720,#9721,#9722),.UNSPECIFIED.,.F.,.F.,(4,2,2,2,4),(
    3.015790905008E-02,3.392471799993E-02,3.769152694978E-02,
    4.146578298986E-02,4.524003902995E-02),.UNSPECIFIED.);
#9713 = CARTESIAN_POINT('',(-0.515,-0.4,0.85));
#9714 = CARTESIAN_POINT('',(-0.515,-0.4,0.862556029833));
#9715 = CARTESIAN_POINT('',(-0.514815713684,-0.397490483998,
    0.875946442219));
#9716 = CARTESIAN_POINT('',(-0.514090403826,-0.387292076296,
    0.900574178622));
#9717 = CARTESIAN_POINT('',(-0.513550447995,-0.379603022107,
    0.911811466786));
#9718 = CARTESIAN_POINT('',(-0.512357077543,-0.361855468257,
    0.929572747746));
#9719 = CARTESIAN_POINT('',(-0.51162343456,-0.350606674168,0.93727489565
    ));
#9720 = CARTESIAN_POINT('',(-0.510112507033,-0.325960127697,
    0.947488533773));
#9721 = CARTESIAN_POINT('',(-0.509336287689,-0.312562300084,0.95));
#9722 = CARTESIAN_POINT('',(-0.508653286553,-0.3,0.95));
#9723 = ORIENTED_EDGE('',*,*,#9671,.T.);
#9724 = ORIENTED_EDGE('',*,*,#9590,.F.);
#9725 = ORIENTED_EDGE('',*,*,#9726,.T.);
#9726 = EDGE_CURVE('',#9556,#9710,#9727,.T.);
#9727 = LINE('',#9728,#9729);
#9728 = CARTESIAN_POINT('',(-0.4,-0.4,0.85));
#9729 = VECTOR('',#9730,1.);
#9730 = DIRECTION('',(1.,0.,0.));
#9731 = CYLINDRICAL_SURFACE('',#9732,0.1);
#9732 = AXIS2_PLACEMENT_3D('',#9733,#9734,#9735);
#9733 = CARTESIAN_POINT('',(-0.4,-0.3,0.85));
#9734 = DIRECTION('',(1.,0.,0.));
#9735 = DIRECTION('',(0.,-0.707106781187,0.707106781187));
#9736 = ADVANCED_FACE('',(#9737),#9762,.T.);
#9737 = FACE_BOUND('',#9738,.T.);
#9738 = EDGE_LOOP('',(#9739,#9754,#9760,#9761));
#9739 = ORIENTED_EDGE('',*,*,#9740,.T.);
#9740 = EDGE_CURVE('',#9686,#9741,#9743,.T.);
#9741 = VERTEX_POINT('',#9742);
#9742 = CARTESIAN_POINT('',(-0.508653286553,0.3,0.));
#9743 = B_SPLINE_CURVE_WITH_KNOTS('',3,(#9744,#9745,#9746,#9747,#9748,
    #9749,#9750,#9751,#9752,#9753),.UNSPECIFIED.,.F.,.F.,(4,2,2,2,4),(
    3.015790905008E-02,3.392666091107E-02,3.769541277206E-02,
    4.146772608948E-02,4.524003940691E-02),.UNSPECIFIED.);
#9744 = CARTESIAN_POINT('',(-0.515,0.4,0.1));
#9745 = CARTESIAN_POINT('',(-0.515,0.4,8.74374937967E-02));
#9746 = CARTESIAN_POINT('',(-0.51481552337,0.39748791565,
    7.404062057415E-02));
#9747 = CARTESIAN_POINT('',(-0.514089540319,0.387279841664,
    4.940302201876E-02));
#9748 = CARTESIAN_POINT('',(-0.513549103894,0.379583688967,
    3.816233272993E-02));
#9749 = CARTESIAN_POINT('',(-0.512355361055,0.361829282308,
    2.040792607064E-02));
#9750 = CARTESIAN_POINT('',(-0.511621998004,0.350583894055,
    1.271287756649E-02));
#9751 = CARTESIAN_POINT('',(-0.510111754083,0.325947207353,
    2.508902620632E-03));
#9752 = CARTESIAN_POINT('',(-0.509335936128,0.312555833892,0.));
#9753 = CARTESIAN_POINT('',(-0.508653286553,0.3,0.));
#9754 = ORIENTED_EDGE('',*,*,#9755,.T.);
#9755 = EDGE_CURVE('',#9741,#9433,#9756,.T.);
#9756 = LINE('',#9757,#9758);
#9757 = CARTESIAN_POINT('',(0.4,0.3,0.));
#9758 = VECTOR('',#9759,1.);
#9759 = DIRECTION('',(-1.,0.,0.));
#9760 = ORIENTED_EDGE('',*,*,#9539,.F.);
#9761 = ORIENTED_EDGE('',*,*,#9693,.T.);
#9762 = CYLINDRICAL_SURFACE('',#9763,0.1);
#9763 = AXIS2_PLACEMENT_3D('',#9764,#9765,#9766);
#9764 = CARTESIAN_POINT('',(0.4,0.3,0.1));
#9765 = DIRECTION('',(-1.,0.,0.));
#9766 = DIRECTION('',(0.,0.707106781187,-0.707106781187));
#9767 = ADVANCED_FACE('',(#9768),#9786,.T.);
#9768 = FACE_BOUND('',#9769,.T.);
#9769 = EDGE_LOOP('',(#9770,#9778,#9779,#9780));
#9770 = ORIENTED_EDGE('',*,*,#9771,.T.);
#9771 = EDGE_CURVE('',#9772,#9710,#9774,.T.);
#9772 = VERTEX_POINT('',#9773);
#9773 = CARTESIAN_POINT('',(-0.515,-0.4,0.1));
#9774 = LINE('',#9775,#9776);
#9775 = CARTESIAN_POINT('',(-0.515,-0.4,0.95));
#9776 = VECTOR('',#9777,1.);
#9777 = DIRECTION('',(0.,0.,1.));
#9778 = ORIENTED_EDGE('',*,*,#9726,.F.);
#9779 = ORIENTED_EDGE('',*,*,#9574,.F.);
#9780 = ORIENTED_EDGE('',*,*,#9781,.F.);
#9781 = EDGE_CURVE('',#9772,#9566,#9782,.T.);
#9782 = LINE('',#9783,#9784);
#9783 = CARTESIAN_POINT('',(-0.4,-0.4,0.1));
#9784 = VECTOR('',#9785,1.);
#9785 = DIRECTION('',(-1.,0.,0.));
#9786 = PLANE('',#9787);
#9787 = AXIS2_PLACEMENT_3D('',#9788,#9789,#9790);
#9788 = CARTESIAN_POINT('',(-0.8,-0.4,0.));
#9789 = DIRECTION('',(0.,-1.,0.));
#9790 = DIRECTION('',(1.,0.,0.));
#9791 = ADVANCED_FACE('',(#9792),#9817,.T.);
#9792 = FACE_BOUND('',#9793,.T.);
#9793 = EDGE_LOOP('',(#9794,#9809,#9810,#9811));
#9794 = ORIENTED_EDGE('',*,*,#9795,.T.);
#9795 = EDGE_CURVE('',#9796,#9772,#9798,.T.);
#9796 = VERTEX_POINT('',#9797);
#9797 = CARTESIAN_POINT('',(-0.508653286553,-0.3,0.));
#9798 = B_SPLINE_CURVE_WITH_KNOTS('',3,(#9799,#9800,#9801,#9802,#9803,
    #9804,#9805,#9806,#9807,#9808),.UNSPECIFIED.,.F.,.F.,(4,2,2,2,4),(
    1.507577911063E-02,1.884809242806E-02,2.262040574548E-02,
    2.638915760647E-02,3.015790946746E-02),.UNSPECIFIED.);
#9799 = CARTESIAN_POINT('',(-0.508653286553,-0.3,0.));
#9800 = CARTESIAN_POINT('',(-0.509335936128,-0.312555833892,
    -9.801404915794E-18));
#9801 = CARTESIAN_POINT('',(-0.510111754083,-0.325947207353,
    2.508902620632E-03));
#9802 = CARTESIAN_POINT('',(-0.511621998004,-0.350583894055,
    1.271287756649E-02));
#9803 = CARTESIAN_POINT('',(-0.512355361055,-0.361829282308,
    2.040792607064E-02));
#9804 = CARTESIAN_POINT('',(-0.513549103894,-0.379583688967,
    3.816233272993E-02));
#9805 = CARTESIAN_POINT('',(-0.514089540319,-0.387279841664,
    4.940302201876E-02));
#9806 = CARTESIAN_POINT('',(-0.51481552337,-0.39748791565,
    7.404062057415E-02));
#9807 = CARTESIAN_POINT('',(-0.515,-0.4,8.74374937967E-02));
#9808 = CARTESIAN_POINT('',(-0.515,-0.4,0.1));
#9809 = ORIENTED_EDGE('',*,*,#9781,.T.);
#9810 = ORIENTED_EDGE('',*,*,#9607,.F.);
#9811 = ORIENTED_EDGE('',*,*,#9812,.T.);
#9812 = EDGE_CURVE('',#9423,#9796,#9813,.T.);
#9813 = LINE('',#9814,#9815);
#9814 = CARTESIAN_POINT('',(-0.4,-0.3,0.));
#9815 = VECTOR('',#9816,1.);
#9816 = DIRECTION('',(1.,0.,0.));
#9817 = CYLINDRICAL_SURFACE('',#9818,0.1);
#9818 = AXIS2_PLACEMENT_3D('',#9819,#9820,#9821);
#9819 = CARTESIAN_POINT('',(-0.4,-0.3,0.1));
#9820 = DIRECTION('',(1.,0.,0.));
#9821 = DIRECTION('',(0.,-0.707106781187,-0.707106781187));
#9822 = ADVANCED_FACE('',(#9823),#9835,.F.);
#9823 = FACE_BOUND('',#9824,.T.);
#9824 = EDGE_LOOP('',(#9825,#9832,#9833,#9834));
#9825 = ORIENTED_EDGE('',*,*,#9826,.T.);
#9826 = EDGE_CURVE('',#9741,#9796,#9827,.T.);
#9827 = CIRCLE('',#9828,5.525987940766);
#9828 = AXIS2_PLACEMENT_3D('',#9829,#9830,#9831);
#9829 = CARTESIAN_POINT('',(-6.026491878021,0.,0.));
#9830 = DIRECTION('',(0.,0.,-1.));
#9831 = DIRECTION('',(-0.997376747307,7.238524663601E-02,0.));
#9832 = ORIENTED_EDGE('',*,*,#9812,.F.);
#9833 = ORIENTED_EDGE('',*,*,#9441,.F.);
#9834 = ORIENTED_EDGE('',*,*,#9755,.F.);
#9835 = PLANE('',#9836);
#9836 = AXIS2_PLACEMENT_3D('',#9837,#9838,#9839);
#9837 = CARTESIAN_POINT('',(0.,0.,0.));
#9838 = DIRECTION('',(0.,0.,1.));
#9839 = DIRECTION('',(1.,0.,-0.));
#9840 = ADVANCED_FACE('',(#9841),#9851,.T.);
#9841 = FACE_BOUND('',#9842,.T.);
#9842 = EDGE_LOOP('',(#9843,#9844,#9845,#9846,#9847,#9848,#9849,#9850));
#9843 = ORIENTED_EDGE('',*,*,#9795,.F.);
#9844 = ORIENTED_EDGE('',*,*,#9826,.F.);
#9845 = ORIENTED_EDGE('',*,*,#9740,.F.);
#9846 = ORIENTED_EDGE('',*,*,#9685,.F.);
#9847 = ORIENTED_EDGE('',*,*,#9622,.F.);
#9848 = ORIENTED_EDGE('',*,*,#9660,.F.);
#9849 = ORIENTED_EDGE('',*,*,#9709,.F.);
#9850 = ORIENTED_EDGE('',*,*,#9771,.F.);
#9851 = CYLINDRICAL_SURFACE('',#9852,5.525987940766);
#9852 = AXIS2_PLACEMENT_3D('',#9853,#9854,#9855);
#9853 = CARTESIAN_POINT('',(-6.026491878021,0.,0.95));
#9854 = DIRECTION('',(0.,0.,1.));
#9855 = DIRECTION('',(-0.997376747307,7.238524663601E-02,0.));
#9856 = ( GEOMETRIC_REPRESENTATION_CONTEXT(3) 
GLOBAL_UNCERTAINTY_ASSIGNED_CONTEXT((#9860)) 
GLOBAL_UNIT_ASSIGNED_CONTEXT((#9857,#9858,#9859)) REPRESENTATION_CONTEXT
('Context #1','3D Context with UNIT and UNCERTAINTY') );
#9857 = ( LENGTH_UNIT() NAMED_UNIT(*) SI_UNIT(.MILLI.,.METRE.) );
#9858 = ( NAMED_UNIT(*) PLANE_ANGLE_UNIT() SI_UNIT($,.RADIAN.) );
#9859 = ( NAMED_UNIT(*) SI_UNIT($,.STERADIAN.) SOLID_ANGLE_UNIT() );
#9860 = UNCERTAINTY_MEASURE_WITH_UNIT(LENGTH_MEASURE(2.E-04),#9857,
  'distance_accuracy_value','confusion accuracy');
#9861 = SHAPE_DEFINITION_REPRESENTATION(#9862,#8895);
#9862 = PRODUCT_DEFINITION_SHAPE('','',#9863);
#9863 = PRODUCT_DEFINITION('design','',#9864,#9867);
#9864 = PRODUCT_DEFINITION_FORMATION('','',#9865);
#9865 = PRODUCT('2','2','',(#9866));
#9866 = PRODUCT_CONTEXT('',#2,'mechanical');
#9867 = PRODUCT_DEFINITION_CONTEXT('part definition',#2,'design');
#9868 = CONTEXT_DEPENDENT_SHAPE_REPRESENTATION(#9869,#9871);
#9869 = ( REPRESENTATION_RELATIONSHIP('','',#8895,#8240) 
REPRESENTATION_RELATIONSHIP_WITH_TRANSFORMATION(#9870) 
SHAPE_REPRESENTATION_RELATIONSHIP() );
#9870 = ITEM_DEFINED_TRANSFORMATION('','',#11,#8245);
#9871 = PRODUCT_DEFINITION_SHAPE('Placement','Placement of an item',
  #9872);
#9872 = NEXT_ASSEMBLY_USAGE_OCCURRENCE('234','2:1','',#8235,#9863,$);
#9873 = PRODUCT_RELATED_PRODUCT_CATEGORY('part',$,(#9865));
#9874 = SHAPE_REPRESENTATION('',(#11,#9875,#10097,#10319,#10541,#10695,
    #10917,#11071,#11225,#11447,#11667,#11821,#12043,#12197,#12419,
    #12701,#13233),#13647);
#9875 = MANIFOLD_SOLID_BREP('',#9876);
#9876 = CLOSED_SHELL('',(#9877,#9919,#9961,#10003,#10032,#10049,#10066,
    #10083));
#9877 = ADVANCED_FACE('',(#9878),#9914,.F.);
#9878 = FACE_BOUND('',#9879,.F.);
#9879 = EDGE_LOOP('',(#9880,#9891,#9899,#9908));
#9880 = ORIENTED_EDGE('',*,*,#9881,.T.);
#9881 = EDGE_CURVE('',#9882,#9884,#9886,.T.);
#9882 = VERTEX_POINT('',#9883);
#9883 = CARTESIAN_POINT('',(-0.654586032854,-0.801670341183,
    1.734723475977E-17));
#9884 = VERTEX_POINT('',#9885);
#9885 = CARTESIAN_POINT('',(-0.65671212287,-0.803920830176,0.));
#9886 = CIRCLE('',#9887,5.E-03);
#9887 = AXIS2_PLACEMENT_3D('',#9888,#9889,#9890);
#9888 = CARTESIAN_POINT('',(-0.65219309088,-0.806060538071,0.));
#9889 = DIRECTION('',(0.,0.,1.));
#9890 = DIRECTION('',(-1.,0.,0.));
#9891 = ORIENTED_EDGE('',*,*,#9892,.T.);
#9892 = EDGE_CURVE('',#9884,#9893,#9895,.T.);
#9893 = VERTEX_POINT('',#9894);
#9894 = CARTESIAN_POINT('',(-0.65671212287,-0.803920830176,0.1));
#9895 = LINE('',#9896,#9897);
#9896 = CARTESIAN_POINT('',(-0.65671212287,-0.803920830176,0.1));
#9897 = VECTOR('',#9898,1.);
#9898 = DIRECTION('',(0.,0.,1.));
#9899 = ORIENTED_EDGE('',*,*,#9900,.T.);
#9900 = EDGE_CURVE('',#9893,#9901,#9903,.T.);
#9901 = VERTEX_POINT('',#9902);
#9902 = CARTESIAN_POINT('',(-0.654586032854,-0.801670341183,0.1));
#9903 = CIRCLE('',#9904,5.E-03);
#9904 = AXIS2_PLACEMENT_3D('',#9905,#9906,#9907);
#9905 = CARTESIAN_POINT('',(-0.65219309088,-0.806060538071,0.1));
#9906 = DIRECTION('',(0.,0.,-1.));
#9907 = DIRECTION('',(-1.,0.,0.));
#9908 = ORIENTED_EDGE('',*,*,#9909,.T.);
#9909 = EDGE_CURVE('',#9901,#9882,#9910,.T.);
#9910 = LINE('',#9911,#9912);
#9911 = CARTESIAN_POINT('',(-0.654586032854,-0.801670341183,0.1));
#9912 = VECTOR('',#9913,1.);
#9913 = DIRECTION('',(0.,0.,-1.));
#9914 = CYLINDRICAL_SURFACE('',#9915,5.E-03);
#9915 = AXIS2_PLACEMENT_3D('',#9916,#9917,#9918);
#9916 = CARTESIAN_POINT('',(-0.65219309088,-0.806060538071,0.1));
#9917 = DIRECTION('',(0.,0.,1.));
#9918 = DIRECTION('',(-1.,0.,0.));
#9919 = ADVANCED_FACE('',(#9920),#9956,.F.);
#9920 = FACE_BOUND('',#9921,.F.);
#9921 = EDGE_LOOP('',(#9922,#9933,#9941,#9950));
#9922 = ORIENTED_EDGE('',*,*,#9923,.T.);
#9923 = EDGE_CURVE('',#9924,#9926,#9928,.T.);
#9924 = VERTEX_POINT('',#9925);
#9925 = CARTESIAN_POINT('',(-0.666261180563,-0.780250600258,0.1));
#9926 = VERTEX_POINT('',#9927);
#9927 = CARTESIAN_POINT('',(-0.673542222237,-0.776912297531,0.1));
#9928 = CIRCLE('',#9929,5.E-03);
#9929 = AXIS2_PLACEMENT_3D('',#9930,#9931,#9932);
#9930 = CARTESIAN_POINT('',(-0.668654122537,-0.77586040337,0.1));
#9931 = DIRECTION('',(0.,0.,-1.));
#9932 = DIRECTION('',(-1.,0.,0.));
#9933 = ORIENTED_EDGE('',*,*,#9934,.T.);
#9934 = EDGE_CURVE('',#9926,#9935,#9937,.T.);
#9935 = VERTEX_POINT('',#9936);
#9936 = CARTESIAN_POINT('',(-0.673542222237,-0.776912297531,0.));
#9937 = LINE('',#9938,#9939);
#9938 = CARTESIAN_POINT('',(-0.673542222237,-0.776912297531,0.1));
#9939 = VECTOR('',#9940,1.);
#9940 = DIRECTION('',(0.,0.,-1.));
#9941 = ORIENTED_EDGE('',*,*,#9942,.T.);
#9942 = EDGE_CURVE('',#9935,#9943,#9945,.T.);
#9943 = VERTEX_POINT('',#9944);
#9944 = CARTESIAN_POINT('',(-0.666261180563,-0.780250600258,0.));
#9945 = CIRCLE('',#9946,5.E-03);
#9946 = AXIS2_PLACEMENT_3D('',#9947,#9948,#9949);
#9947 = CARTESIAN_POINT('',(-0.668654122537,-0.77586040337,0.));
#9948 = DIRECTION('',(0.,0.,1.));
#9949 = DIRECTION('',(-1.,0.,0.));
#9950 = ORIENTED_EDGE('',*,*,#9951,.T.);
#9951 = EDGE_CURVE('',#9943,#9924,#9952,.T.);
#9952 = LINE('',#9953,#9954);
#9953 = CARTESIAN_POINT('',(-0.666261180563,-0.780250600258,0.1));
#9954 = VECTOR('',#9955,1.);
#9955 = DIRECTION('',(0.,0.,1.));
#9956 = CYLINDRICAL_SURFACE('',#9957,5.E-03);
#9957 = AXIS2_PLACEMENT_3D('',#9958,#9959,#9960);
#9958 = CARTESIAN_POINT('',(-0.668654122537,-0.77586040337,0.1));
#9959 = DIRECTION('',(0.,0.,1.));
#9960 = DIRECTION('',(-1.,0.,0.));
#9961 = ADVANCED_FACE('',(#9962),#9998,.F.);
#9962 = FACE_BOUND('',#9963,.F.);
#9963 = EDGE_LOOP('',(#9964,#9975,#9983,#9992));
#9964 = ORIENTED_EDGE('',*,*,#9965,.T.);
#9965 = EDGE_CURVE('',#9966,#9968,#9970,.T.);
#9966 = VERTEX_POINT('',#9967);
#9967 = CARTESIAN_POINT('',(-0.696300631083,-0.781809791205,0.1));
#9968 = VERTEX_POINT('',#9969);
#9969 = CARTESIAN_POINT('',(-0.696669698793,-0.78500139326,0.1));
#9970 = CIRCLE('',#9971,5.E-03);
#9971 = AXIS2_PLACEMENT_3D('',#9972,#9973,#9974);
#9972 = CARTESIAN_POINT('',(-0.701188730783,-0.782861685366,0.1));
#9973 = DIRECTION('',(0.,0.,-1.));
#9974 = DIRECTION('',(-1.,0.,0.));
#9975 = ORIENTED_EDGE('',*,*,#9976,.T.);
#9976 = EDGE_CURVE('',#9968,#9977,#9979,.T.);
#9977 = VERTEX_POINT('',#9978);
#9978 = CARTESIAN_POINT('',(-0.696669698793,-0.78500139326,0.));
#9979 = LINE('',#9980,#9981);
#9980 = CARTESIAN_POINT('',(-0.696669698793,-0.78500139326,0.1));
#9981 = VECTOR('',#9982,1.);
#9982 = DIRECTION('',(0.,0.,-1.));
#9983 = ORIENTED_EDGE('',*,*,#9984,.T.);
#9984 = EDGE_CURVE('',#9977,#9985,#9987,.T.);
#9985 = VERTEX_POINT('',#9986);
#9986 = CARTESIAN_POINT('',(-0.696300631083,-0.781809791205,0.));
#9987 = CIRCLE('',#9988,5.E-03);
#9988 = AXIS2_PLACEMENT_3D('',#9989,#9990,#9991);
#9989 = CARTESIAN_POINT('',(-0.701188730783,-0.782861685366,0.));
#9990 = DIRECTION('',(0.,0.,1.));
#9991 = DIRECTION('',(-1.,0.,0.));
#9992 = ORIENTED_EDGE('',*,*,#9993,.T.);
#9993 = EDGE_CURVE('',#9985,#9966,#9994,.T.);
#9994 = LINE('',#9995,#9996);
#9995 = CARTESIAN_POINT('',(-0.696300631083,-0.781809791205,0.1));
#9996 = VECTOR('',#9997,1.);
#9997 = DIRECTION('',(0.,0.,1.));
#9998 = CYLINDRICAL_SURFACE('',#9999,5.E-03);
#9999 = AXIS2_PLACEMENT_3D('',#10000,#10001,#10002);
#10000 = CARTESIAN_POINT('',(-0.701188730783,-0.782861685366,0.1));
#10001 = DIRECTION('',(0.,0.,1.));
#10002 = DIRECTION('',(-1.,0.,0.));
#10003 = ADVANCED_FACE('',(#10004),#10027,.T.);
#10004 = FACE_BOUND('',#10005,.T.);
#10005 = EDGE_LOOP('',(#10006,#10007,#10013,#10014,#10020,#10021));
#10006 = ORIENTED_EDGE('',*,*,#9900,.T.);
#10007 = ORIENTED_EDGE('',*,*,#10008,.T.);
#10008 = EDGE_CURVE('',#9901,#9924,#10009,.T.);
#10009 = LINE('',#10010,#10011);
#10010 = CARTESIAN_POINT('',(-0.65219309088,-0.806060538071,0.1));
#10011 = VECTOR('',#10012,1.);
#10012 = DIRECTION('',(-0.478588394782,0.878039377465,0.));
#10013 = ORIENTED_EDGE('',*,*,#9923,.T.);
#10014 = ORIENTED_EDGE('',*,*,#10015,.T.);
#10015 = EDGE_CURVE('',#9926,#9966,#10016,.T.);
#10016 = LINE('',#10017,#10018);
#10017 = CARTESIAN_POINT('',(-0.668654122537,-0.77586040337,0.1));
#10018 = VECTOR('',#10019,1.);
#10019 = DIRECTION('',(-0.977619939969,-0.21037883205,0.));
#10020 = ORIENTED_EDGE('',*,*,#9965,.T.);
#10021 = ORIENTED_EDGE('',*,*,#10022,.T.);
#10022 = EDGE_CURVE('',#9968,#9893,#10023,.T.);
#10023 = LINE('',#10024,#10025);
#10024 = CARTESIAN_POINT('',(-0.701188730783,-0.782861685366,0.1));
#10025 = VECTOR('',#10026,1.);
#10026 = DIRECTION('',(0.903806397976,-0.427941578931,0.));
#10027 = PLANE('',#10028);
#10028 = AXIS2_PLACEMENT_3D('',#10029,#10030,#10031);
#10029 = CARTESIAN_POINT('',(-0.674347657501,-0.789350333413,0.1));
#10030 = DIRECTION('',(0.,0.,1.));
#10031 = DIRECTION('',(1.,0.,-0.));
#10032 = ADVANCED_FACE('',(#10033),#10044,.T.);
#10033 = FACE_BOUND('',#10034,.T.);
#10034 = EDGE_LOOP('',(#10035,#10036,#10037,#10038));
#10035 = ORIENTED_EDGE('',*,*,#9892,.T.);
#10036 = ORIENTED_EDGE('',*,*,#10022,.F.);
#10037 = ORIENTED_EDGE('',*,*,#9976,.T.);
#10038 = ORIENTED_EDGE('',*,*,#10039,.T.);
#10039 = EDGE_CURVE('',#9977,#9884,#10040,.T.);
#10040 = LINE('',#10041,#10042);
#10041 = CARTESIAN_POINT('',(-0.701188730783,-0.782861685366,0.));
#10042 = VECTOR('',#10043,1.);
#10043 = DIRECTION('',(0.903806397976,-0.427941578931,0.));
#10044 = PLANE('',#10045);
#10045 = AXIS2_PLACEMENT_3D('',#10046,#10047,#10048);
#10046 = CARTESIAN_POINT('',(-0.701188730783,-0.782861685366,0.));
#10047 = DIRECTION('',(-0.427941578931,-0.903806397976,0.));
#10048 = DIRECTION('',(0.903806397976,-0.427941578931,0.));
#10049 = ADVANCED_FACE('',(#10050),#10061,.T.);
#10050 = FACE_BOUND('',#10051,.T.);
#10051 = EDGE_LOOP('',(#10052,#10053,#10059,#10060));
#10052 = ORIENTED_EDGE('',*,*,#9934,.T.);
#10053 = ORIENTED_EDGE('',*,*,#10054,.T.);
#10054 = EDGE_CURVE('',#9935,#9985,#10055,.T.);
#10055 = LINE('',#10056,#10057);
#10056 = CARTESIAN_POINT('',(-0.668654122537,-0.77586040337,0.));
#10057 = VECTOR('',#10058,1.);
#10058 = DIRECTION('',(-0.977619939969,-0.21037883205,0.));
#10059 = ORIENTED_EDGE('',*,*,#9993,.T.);
#10060 = ORIENTED_EDGE('',*,*,#10015,.F.);
#10061 = PLANE('',#10062);
#10062 = AXIS2_PLACEMENT_3D('',#10063,#10064,#10065);
#10063 = CARTESIAN_POINT('',(-0.668654122537,-0.77586040337,0.));
#10064 = DIRECTION('',(-0.21037883205,0.977619939969,0.));
#10065 = DIRECTION('',(-0.977619939969,-0.21037883205,0.));
#10066 = ADVANCED_FACE('',(#10067),#10078,.T.);
#10067 = FACE_BOUND('',#10068,.T.);
#10068 = EDGE_LOOP('',(#10069,#10070,#10076,#10077));
#10069 = ORIENTED_EDGE('',*,*,#9909,.T.);
#10070 = ORIENTED_EDGE('',*,*,#10071,.T.);
#10071 = EDGE_CURVE('',#9882,#9943,#10072,.T.);
#10072 = LINE('',#10073,#10074);
#10073 = CARTESIAN_POINT('',(-0.65219309088,-0.806060538071,0.));
#10074 = VECTOR('',#10075,1.);
#10075 = DIRECTION('',(-0.478588394782,0.878039377465,0.));
#10076 = ORIENTED_EDGE('',*,*,#9951,.T.);
#10077 = ORIENTED_EDGE('',*,*,#10008,.F.);
#10078 = PLANE('',#10079);
#10079 = AXIS2_PLACEMENT_3D('',#10080,#10081,#10082);
#10080 = CARTESIAN_POINT('',(-0.65219309088,-0.806060538071,0.));
#10081 = DIRECTION('',(0.878039377465,0.478588394782,0.));
#10082 = DIRECTION('',(-0.478588394782,0.878039377465,0.));
#10083 = ADVANCED_FACE('',(#10084),#10092,.F.);
#10084 = FACE_BOUND('',#10085,.T.);
#10085 = EDGE_LOOP('',(#10086,#10087,#10088,#10089,#10090,#10091));
#10086 = ORIENTED_EDGE('',*,*,#9881,.T.);
#10087 = ORIENTED_EDGE('',*,*,#10039,.F.);
#10088 = ORIENTED_EDGE('',*,*,#9984,.T.);
#10089 = ORIENTED_EDGE('',*,*,#10054,.F.);
#10090 = ORIENTED_EDGE('',*,*,#9942,.T.);
#10091 = ORIENTED_EDGE('',*,*,#10071,.F.);
#10092 = PLANE('',#10093);
#10093 = AXIS2_PLACEMENT_3D('',#10094,#10095,#10096);
#10094 = CARTESIAN_POINT('',(-0.674347657501,-0.789350333413,0.));
#10095 = DIRECTION('',(0.,0.,1.));
#10096 = DIRECTION('',(1.,0.,-0.));
#10097 = MANIFOLD_SOLID_BREP('',#10098);
#10098 = CLOSED_SHELL('',(#10099,#10141,#10183,#10225,#10254,#10271,
    #10288,#10305));
#10099 = ADVANCED_FACE('',(#10100),#10136,.F.);
#10100 = FACE_BOUND('',#10101,.F.);
#10101 = EDGE_LOOP('',(#10102,#10113,#10121,#10130));
#10102 = ORIENTED_EDGE('',*,*,#10103,.T.);
#10103 = EDGE_CURVE('',#10104,#10106,#10108,.T.);
#10104 = VERTEX_POINT('',#10105);
#10105 = CARTESIAN_POINT('',(-0.730074229794,-0.736033150574,0.));
#10106 = VERTEX_POINT('',#10107);
#10107 = CARTESIAN_POINT('',(-0.733723339028,-0.734451337491,0.));
#10108 = CIRCLE('',#10109,5.E-03);
#10109 = AXIS2_PLACEMENT_3D('',#10110,#10111,#10112);
#10110 = CARTESIAN_POINT('',(-0.733723339028,-0.739451337491,0.));
#10111 = DIRECTION('',(0.,0.,1.));
#10112 = DIRECTION('',(-1.,0.,0.));
#10113 = ORIENTED_EDGE('',*,*,#10114,.T.);
#10114 = EDGE_CURVE('',#10106,#10115,#10117,.T.);
#10115 = VERTEX_POINT('',#10116);
#10116 = CARTESIAN_POINT('',(-0.733723339028,-0.734451337491,0.1));
#10117 = LINE('',#10118,#10119);
#10118 = CARTESIAN_POINT('',(-0.733723339028,-0.734451337491,0.1));
#10119 = VECTOR('',#10120,1.);
#10120 = DIRECTION('',(0.,0.,1.));
#10121 = ORIENTED_EDGE('',*,*,#10122,.T.);
#10122 = EDGE_CURVE('',#10115,#10123,#10125,.T.);
#10123 = VERTEX_POINT('',#10124);
#10124 = CARTESIAN_POINT('',(-0.730074229794,-0.736033150574,0.1));
#10125 = CIRCLE('',#10126,5.E-03);
#10126 = AXIS2_PLACEMENT_3D('',#10127,#10128,#10129);
#10127 = CARTESIAN_POINT('',(-0.733723339028,-0.739451337491,0.1));
#10128 = DIRECTION('',(0.,0.,-1.));
#10129 = DIRECTION('',(-1.,0.,0.));
#10130 = ORIENTED_EDGE('',*,*,#10131,.T.);
#10131 = EDGE_CURVE('',#10123,#10104,#10132,.T.);
#10132 = LINE('',#10133,#10134);
#10133 = CARTESIAN_POINT('',(-0.730074229794,-0.736033150574,0.1));
#10134 = VECTOR('',#10135,1.);
#10135 = DIRECTION('',(0.,0.,-1.));
#10136 = CYLINDRICAL_SURFACE('',#10137,5.E-03);
#10137 = AXIS2_PLACEMENT_3D('',#10138,#10139,#10140);
#10138 = CARTESIAN_POINT('',(-0.733723339028,-0.739451337491,0.1));
#10139 = DIRECTION('',(0.,0.,1.));
#10140 = DIRECTION('',(-1.,0.,0.));
#10141 = ADVANCED_FACE('',(#10142),#10178,.F.);
#10142 = FACE_BOUND('',#10143,.F.);
#10143 = EDGE_LOOP('',(#10144,#10155,#10163,#10172));
#10144 = ORIENTED_EDGE('',*,*,#10145,.T.);
#10145 = EDGE_CURVE('',#10146,#10148,#10150,.T.);
#10146 = VERTEX_POINT('',#10147);
#10147 = CARTESIAN_POINT('',(-0.705613928121,-0.706647998885,0.));
#10148 = VERTEX_POINT('',#10149);
#10149 = CARTESIAN_POINT('',(-0.704837840017,-0.712393765771,0.));
#10150 = CIRCLE('',#10151,5.E-03);
#10151 = AXIS2_PLACEMENT_3D('',#10152,#10153,#10154);
#10152 = CARTESIAN_POINT('',(-0.701188730783,-0.708975578854,0.));
#10153 = DIRECTION('',(0.,0.,1.));
#10154 = DIRECTION('',(-1.,0.,0.));
#10155 = ORIENTED_EDGE('',*,*,#10156,.T.);
#10156 = EDGE_CURVE('',#10148,#10157,#10159,.T.);
#10157 = VERTEX_POINT('',#10158);
#10158 = CARTESIAN_POINT('',(-0.704837840017,-0.712393765771,0.1));
#10159 = LINE('',#10160,#10161);
#10160 = CARTESIAN_POINT('',(-0.704837840017,-0.712393765771,0.1));
#10161 = VECTOR('',#10162,1.);
#10162 = DIRECTION('',(0.,0.,1.));
#10163 = ORIENTED_EDGE('',*,*,#10164,.T.);
#10164 = EDGE_CURVE('',#10157,#10165,#10167,.T.);
#10165 = VERTEX_POINT('',#10166);
#10166 = CARTESIAN_POINT('',(-0.705613928121,-0.706647998885,0.1));
#10167 = CIRCLE('',#10168,5.E-03);
#10168 = AXIS2_PLACEMENT_3D('',#10169,#10170,#10171);
#10169 = CARTESIAN_POINT('',(-0.701188730783,-0.708975578854,0.1));
#10170 = DIRECTION('',(0.,0.,-1.));
#10171 = DIRECTION('',(-1.,0.,0.));
#10172 = ORIENTED_EDGE('',*,*,#10173,.T.);
#10173 = EDGE_CURVE('',#10165,#10146,#10174,.T.);
#10174 = LINE('',#10175,#10176);
#10175 = CARTESIAN_POINT('',(-0.705613928121,-0.706647998885,0.1));
#10176 = VECTOR('',#10177,1.);
#10177 = DIRECTION('',(0.,0.,-1.));
#10178 = CYLINDRICAL_SURFACE('',#10179,5.E-03);
#10179 = AXIS2_PLACEMENT_3D('',#10180,#10181,#10182);
#10180 = CARTESIAN_POINT('',(-0.701188730783,-0.708975578854,0.1));
#10181 = DIRECTION('',(0.,0.,1.));
#10182 = DIRECTION('',(-1.,0.,0.));
#10183 = ADVANCED_FACE('',(#10184),#10220,.F.);
#10184 = FACE_BOUND('',#10185,.F.);
#10185 = EDGE_LOOP('',(#10186,#10197,#10205,#10214));
#10186 = ORIENTED_EDGE('',*,*,#10187,.T.);
#10187 = EDGE_CURVE('',#10188,#10190,#10192,.T.);
#10188 = VERTEX_POINT('',#10189);
#10189 = CARTESIAN_POINT('',(-0.72929814169,-0.6941904977,0.1));
#10190 = VERTEX_POINT('',#10191);
#10191 = CARTESIAN_POINT('',(-0.733723339028,-0.696862917731,0.1));
#10192 = CIRCLE('',#10193,5.E-03);
#10193 = AXIS2_PLACEMENT_3D('',#10194,#10195,#10196);
#10194 = CARTESIAN_POINT('',(-0.733723339028,-0.691862917731,0.1));
#10195 = DIRECTION('',(0.,0.,-1.));
#10196 = DIRECTION('',(-1.,0.,0.));
#10197 = ORIENTED_EDGE('',*,*,#10198,.T.);
#10198 = EDGE_CURVE('',#10190,#10199,#10201,.T.);
#10199 = VERTEX_POINT('',#10200);
#10200 = CARTESIAN_POINT('',(-0.733723339028,-0.696862917731,0.));
#10201 = LINE('',#10202,#10203);
#10202 = CARTESIAN_POINT('',(-0.733723339028,-0.696862917731,0.1));
#10203 = VECTOR('',#10204,1.);
#10204 = DIRECTION('',(0.,0.,-1.));
#10205 = ORIENTED_EDGE('',*,*,#10206,.T.);
#10206 = EDGE_CURVE('',#10199,#10207,#10209,.T.);
#10207 = VERTEX_POINT('',#10208);
#10208 = CARTESIAN_POINT('',(-0.72929814169,-0.6941904977,0.));
#10209 = CIRCLE('',#10210,5.E-03);
#10210 = AXIS2_PLACEMENT_3D('',#10211,#10212,#10213);
#10211 = CARTESIAN_POINT('',(-0.733723339028,-0.691862917731,0.));
#10212 = DIRECTION('',(0.,0.,1.));
#10213 = DIRECTION('',(-1.,0.,0.));
#10214 = ORIENTED_EDGE('',*,*,#10215,.T.);
#10215 = EDGE_CURVE('',#10207,#10188,#10216,.T.);
#10216 = LINE('',#10217,#10218);
#10217 = CARTESIAN_POINT('',(-0.72929814169,-0.6941904977,0.1));
#10218 = VECTOR('',#10219,1.);
#10219 = DIRECTION('',(0.,0.,1.));
#10220 = CYLINDRICAL_SURFACE('',#10221,5.E-03);
#10221 = AXIS2_PLACEMENT_3D('',#10222,#10223,#10224);
#10222 = CARTESIAN_POINT('',(-0.733723339028,-0.691862917731,0.1));
#10223 = DIRECTION('',(0.,0.,1.));
#10224 = DIRECTION('',(-1.,0.,0.));
#10225 = ADVANCED_FACE('',(#10226),#10249,.F.);
#10226 = FACE_BOUND('',#10227,.T.);
#10227 = EDGE_LOOP('',(#10228,#10229,#10235,#10236,#10242,#10243));
#10228 = ORIENTED_EDGE('',*,*,#10122,.T.);
#10229 = ORIENTED_EDGE('',*,*,#10230,.F.);
#10230 = EDGE_CURVE('',#10157,#10123,#10231,.T.);
#10231 = LINE('',#10232,#10233);
#10232 = CARTESIAN_POINT('',(-0.701188730783,-0.708975578854,0.1));
#10233 = VECTOR('',#10234,1.);
#10234 = DIRECTION('',(-0.729821846781,-0.683637383384,0.));
#10235 = ORIENTED_EDGE('',*,*,#10164,.T.);
#10236 = ORIENTED_EDGE('',*,*,#10237,.F.);
#10237 = EDGE_CURVE('',#10188,#10165,#10238,.T.);
#10238 = LINE('',#10239,#10240);
#10239 = CARTESIAN_POINT('',(-0.733723339028,-0.691862917731,0.1));
#10240 = VECTOR('',#10241,1.);
#10241 = DIRECTION('',(0.885039467738,-0.465515993867,0.));
#10242 = ORIENTED_EDGE('',*,*,#10187,.T.);
#10243 = ORIENTED_EDGE('',*,*,#10244,.F.);
#10244 = EDGE_CURVE('',#10115,#10190,#10245,.T.);
#10245 = LINE('',#10246,#10247);
#10246 = CARTESIAN_POINT('',(-0.733723339028,-0.739451337491,0.1));
#10247 = VECTOR('',#10248,1.);
#10248 = DIRECTION('',(0.,1.,0.));
#10249 = PLANE('',#10250);
#10250 = AXIS2_PLACEMENT_3D('',#10251,#10252,#10253);
#10251 = CARTESIAN_POINT('',(-0.723460440352,-0.71427090472,0.1));
#10252 = DIRECTION('',(0.,0.,-1.));
#10253 = DIRECTION('',(-1.,0.,0.));
#10254 = ADVANCED_FACE('',(#10255),#10266,.F.);
#10255 = FACE_BOUND('',#10256,.T.);
#10256 = EDGE_LOOP('',(#10257,#10258,#10259,#10260));
#10257 = ORIENTED_EDGE('',*,*,#10114,.T.);
#10258 = ORIENTED_EDGE('',*,*,#10244,.T.);
#10259 = ORIENTED_EDGE('',*,*,#10198,.T.);
#10260 = ORIENTED_EDGE('',*,*,#10261,.F.);
#10261 = EDGE_CURVE('',#10106,#10199,#10262,.T.);
#10262 = LINE('',#10263,#10264);
#10263 = CARTESIAN_POINT('',(-0.733723339028,-0.739451337491,0.));
#10264 = VECTOR('',#10265,1.);
#10265 = DIRECTION('',(0.,1.,0.));
#10266 = PLANE('',#10267);
#10267 = AXIS2_PLACEMENT_3D('',#10268,#10269,#10270);
#10268 = CARTESIAN_POINT('',(-0.733723339028,-0.739451337491,0.));
#10269 = DIRECTION('',(1.,0.,0.));
#10270 = DIRECTION('',(-0.,1.,0.));
#10271 = ADVANCED_FACE('',(#10272),#10283,.F.);
#10272 = FACE_BOUND('',#10273,.T.);
#10273 = EDGE_LOOP('',(#10274,#10275,#10281,#10282));
#10274 = ORIENTED_EDGE('',*,*,#10131,.T.);
#10275 = ORIENTED_EDGE('',*,*,#10276,.F.);
#10276 = EDGE_CURVE('',#10148,#10104,#10277,.T.);
#10277 = LINE('',#10278,#10279);
#10278 = CARTESIAN_POINT('',(-0.701188730783,-0.708975578854,0.));
#10279 = VECTOR('',#10280,1.);
#10280 = DIRECTION('',(-0.729821846781,-0.683637383384,0.));
#10281 = ORIENTED_EDGE('',*,*,#10156,.T.);
#10282 = ORIENTED_EDGE('',*,*,#10230,.T.);
#10283 = PLANE('',#10284);
#10284 = AXIS2_PLACEMENT_3D('',#10285,#10286,#10287);
#10285 = CARTESIAN_POINT('',(-0.701188730783,-0.708975578854,0.));
#10286 = DIRECTION('',(-0.683637383384,0.729821846781,0.));
#10287 = DIRECTION('',(-0.729821846781,-0.683637383384,0.));
#10288 = ADVANCED_FACE('',(#10289),#10300,.F.);
#10289 = FACE_BOUND('',#10290,.T.);
#10290 = EDGE_LOOP('',(#10291,#10292,#10298,#10299));
#10291 = ORIENTED_EDGE('',*,*,#10173,.T.);
#10292 = ORIENTED_EDGE('',*,*,#10293,.F.);
#10293 = EDGE_CURVE('',#10207,#10146,#10294,.T.);
#10294 = LINE('',#10295,#10296);
#10295 = CARTESIAN_POINT('',(-0.733723339028,-0.691862917731,0.));
#10296 = VECTOR('',#10297,1.);
#10297 = DIRECTION('',(0.885039467738,-0.465515993867,0.));
#10298 = ORIENTED_EDGE('',*,*,#10215,.T.);
#10299 = ORIENTED_EDGE('',*,*,#10237,.T.);
#10300 = PLANE('',#10301);
#10301 = AXIS2_PLACEMENT_3D('',#10302,#10303,#10304);
#10302 = CARTESIAN_POINT('',(-0.733723339028,-0.691862917731,0.));
#10303 = DIRECTION('',(-0.465515993867,-0.885039467738,0.));
#10304 = DIRECTION('',(0.885039467738,-0.465515993867,0.));
#10305 = ADVANCED_FACE('',(#10306),#10314,.T.);
#10306 = FACE_BOUND('',#10307,.T.);
#10307 = EDGE_LOOP('',(#10308,#10309,#10310,#10311,#10312,#10313));
#10308 = ORIENTED_EDGE('',*,*,#10103,.T.);
#10309 = ORIENTED_EDGE('',*,*,#10261,.T.);
#10310 = ORIENTED_EDGE('',*,*,#10206,.T.);
#10311 = ORIENTED_EDGE('',*,*,#10293,.T.);
#10312 = ORIENTED_EDGE('',*,*,#10145,.T.);
#10313 = ORIENTED_EDGE('',*,*,#10276,.T.);
#10314 = PLANE('',#10315);
#10315 = AXIS2_PLACEMENT_3D('',#10316,#10317,#10318);
#10316 = CARTESIAN_POINT('',(-0.723460440352,-0.71427090472,0.));
#10317 = DIRECTION('',(0.,0.,-1.));
#10318 = DIRECTION('',(-1.,0.,0.));
#10319 = MANIFOLD_SOLID_BREP('',#10320);
#10320 = CLOSED_SHELL('',(#10321,#10380,#10411,#10442,#10483,#10505,
    #10517,#10529));
#10321 = ADVANCED_FACE('',(#10322),#10375,.T.);
#10322 = FACE_BOUND('',#10323,.T.);
#10323 = EDGE_LOOP('',(#10324,#10335,#10343,#10352,#10360,#10369));
#10324 = ORIENTED_EDGE('',*,*,#10325,.T.);
#10325 = EDGE_CURVE('',#10326,#10328,#10330,.T.);
#10326 = VERTEX_POINT('',#10327);
#10327 = CARTESIAN_POINT('',(-0.736116281002,-0.780250600258,0.));
#10328 = VERTEX_POINT('',#10329);
#10329 = CARTESIAN_POINT('',(-0.728835239328,-0.776912297531,0.));
#10330 = CIRCLE('',#10331,5.E-03);
#10331 = AXIS2_PLACEMENT_3D('',#10332,#10333,#10334);
#10332 = CARTESIAN_POINT('',(-0.733723339028,-0.77586040337,0.));
#10333 = DIRECTION('',(0.,0.,1.));
#10334 = DIRECTION('',(-1.,0.,0.));
#10335 = ORIENTED_EDGE('',*,*,#10336,.T.);
#10336 = EDGE_CURVE('',#10328,#10337,#10339,.T.);
#10337 = VERTEX_POINT('',#10338);
#10338 = CARTESIAN_POINT('',(-0.706076830483,-0.781809791205,0.));
#10339 = LINE('',#10340,#10341);
#10340 = CARTESIAN_POINT('',(-0.733723339028,-0.77586040337,0.));
#10341 = VECTOR('',#10342,1.);
#10342 = DIRECTION('',(0.977619939969,-0.21037883205,0.));
#10343 = ORIENTED_EDGE('',*,*,#10344,.T.);
#10344 = EDGE_CURVE('',#10337,#10345,#10347,.T.);
#10345 = VERTEX_POINT('',#10346);
#10346 = CARTESIAN_POINT('',(-0.705707762773,-0.78500139326,0.));
#10347 = CIRCLE('',#10348,5.E-03);
#10348 = AXIS2_PLACEMENT_3D('',#10349,#10350,#10351);
#10349 = CARTESIAN_POINT('',(-0.701188730783,-0.782861685366,0.));
#10350 = DIRECTION('',(0.,0.,1.));
#10351 = DIRECTION('',(-1.,0.,0.));
#10352 = ORIENTED_EDGE('',*,*,#10353,.T.);
#10353 = EDGE_CURVE('',#10345,#10354,#10356,.T.);
#10354 = VERTEX_POINT('',#10355);
#10355 = CARTESIAN_POINT('',(-0.745665338695,-0.803920830176,0.));
#10356 = LINE('',#10357,#10358);
#10357 = CARTESIAN_POINT('',(-0.701188730783,-0.782861685366,0.));
#10358 = VECTOR('',#10359,1.);
#10359 = DIRECTION('',(-0.903806397976,-0.427941578931,0.));
#10360 = ORIENTED_EDGE('',*,*,#10361,.T.);
#10361 = EDGE_CURVE('',#10354,#10362,#10364,.T.);
#10362 = VERTEX_POINT('',#10363);
#10363 = CARTESIAN_POINT('',(-0.747791428711,-0.801670341183,0.));
#10364 = CIRCLE('',#10365,5.E-03);
#10365 = AXIS2_PLACEMENT_3D('',#10366,#10367,#10368);
#10366 = CARTESIAN_POINT('',(-0.750184370685,-0.806060538071,0.));
#10367 = DIRECTION('',(0.,0.,1.));
#10368 = DIRECTION('',(-1.,0.,0.));
#10369 = ORIENTED_EDGE('',*,*,#10370,.T.);
#10370 = EDGE_CURVE('',#10362,#10326,#10371,.T.);
#10371 = LINE('',#10372,#10373);
#10372 = CARTESIAN_POINT('',(-0.750184370685,-0.806060538071,0.));
#10373 = VECTOR('',#10374,1.);
#10374 = DIRECTION('',(0.478588394782,0.878039377465,0.));
#10375 = PLANE('',#10376);
#10376 = AXIS2_PLACEMENT_3D('',#10377,#10378,#10379);
#10377 = CARTESIAN_POINT('',(-0.728029804065,-0.789350333413,0.));
#10378 = DIRECTION('',(0.,0.,-1.));
#10379 = DIRECTION('',(-1.,0.,0.));
#10380 = ADVANCED_FACE('',(#10381),#10406,.F.);
#10381 = FACE_BOUND('',#10382,.T.);
#10382 = EDGE_LOOP('',(#10383,#10391,#10392,#10400));
#10383 = ORIENTED_EDGE('',*,*,#10384,.T.);
#10384 = EDGE_CURVE('',#10385,#10326,#10387,.T.);
#10385 = VERTEX_POINT('',#10386);
#10386 = CARTESIAN_POINT('',(-0.736116281002,-0.780250600258,0.1));
#10387 = LINE('',#10388,#10389);
#10388 = CARTESIAN_POINT('',(-0.736116281002,-0.780250600258,0.1));
#10389 = VECTOR('',#10390,1.);
#10390 = DIRECTION('',(0.,0.,-1.));
#10391 = ORIENTED_EDGE('',*,*,#10370,.F.);
#10392 = ORIENTED_EDGE('',*,*,#10393,.T.);
#10393 = EDGE_CURVE('',#10362,#10394,#10396,.T.);
#10394 = VERTEX_POINT('',#10395);
#10395 = CARTESIAN_POINT('',(-0.747791428711,-0.801670341183,0.1));
#10396 = LINE('',#10397,#10398);
#10397 = CARTESIAN_POINT('',(-0.747791428711,-0.801670341183,0.1));
#10398 = VECTOR('',#10399,1.);
#10399 = DIRECTION('',(0.,0.,1.));
#10400 = ORIENTED_EDGE('',*,*,#10401,.T.);
#10401 = EDGE_CURVE('',#10394,#10385,#10402,.T.);
#10402 = LINE('',#10403,#10404);
#10403 = CARTESIAN_POINT('',(-0.750184370685,-0.806060538071,0.1));
#10404 = VECTOR('',#10405,1.);
#10405 = DIRECTION('',(0.478588394782,0.878039377465,0.));
#10406 = PLANE('',#10407);
#10407 = AXIS2_PLACEMENT_3D('',#10408,#10409,#10410);
#10408 = CARTESIAN_POINT('',(-0.750184370685,-0.806060538071,0.));
#10409 = DIRECTION('',(0.878039377465,-0.478588394782,0.));
#10410 = DIRECTION('',(0.478588394782,0.878039377465,0.));
#10411 = ADVANCED_FACE('',(#10412),#10437,.F.);
#10412 = FACE_BOUND('',#10413,.T.);
#10413 = EDGE_LOOP('',(#10414,#10422,#10430,#10436));
#10414 = ORIENTED_EDGE('',*,*,#10415,.T.);
#10415 = EDGE_CURVE('',#10345,#10416,#10418,.T.);
#10416 = VERTEX_POINT('',#10417);
#10417 = CARTESIAN_POINT('',(-0.705707762773,-0.78500139326,0.1));
#10418 = LINE('',#10419,#10420);
#10419 = CARTESIAN_POINT('',(-0.705707762773,-0.78500139326,0.1));
#10420 = VECTOR('',#10421,1.);
#10421 = DIRECTION('',(0.,0.,1.));
#10422 = ORIENTED_EDGE('',*,*,#10423,.T.);
#10423 = EDGE_CURVE('',#10416,#10424,#10426,.T.);
#10424 = VERTEX_POINT('',#10425);
#10425 = CARTESIAN_POINT('',(-0.745665338695,-0.803920830176,0.1));
#10426 = LINE('',#10427,#10428);
#10427 = CARTESIAN_POINT('',(-0.701188730783,-0.782861685366,0.1));
#10428 = VECTOR('',#10429,1.);
#10429 = DIRECTION('',(-0.903806397976,-0.427941578931,0.));
#10430 = ORIENTED_EDGE('',*,*,#10431,.T.);
#10431 = EDGE_CURVE('',#10424,#10354,#10432,.T.);
#10432 = LINE('',#10433,#10434);
#10433 = CARTESIAN_POINT('',(-0.745665338695,-0.803920830176,0.1));
#10434 = VECTOR('',#10435,1.);
#10435 = DIRECTION('',(0.,0.,-1.));
#10436 = ORIENTED_EDGE('',*,*,#10353,.F.);
#10437 = PLANE('',#10438);
#10438 = AXIS2_PLACEMENT_3D('',#10439,#10440,#10441);
#10439 = CARTESIAN_POINT('',(-0.701188730783,-0.782861685366,0.));
#10440 = DIRECTION('',(-0.427941578931,0.903806397976,0.));
#10441 = DIRECTION('',(-0.903806397976,-0.427941578931,0.));
#10442 = ADVANCED_FACE('',(#10443),#10478,.F.);
#10443 = FACE_BOUND('',#10444,.T.);
#10444 = EDGE_LOOP('',(#10445,#10454,#10455,#10462,#10463,#10472));
#10445 = ORIENTED_EDGE('',*,*,#10446,.T.);
#10446 = EDGE_CURVE('',#10447,#10385,#10449,.T.);
#10447 = VERTEX_POINT('',#10448);
#10448 = CARTESIAN_POINT('',(-0.728835239328,-0.776912297531,0.1));
#10449 = CIRCLE('',#10450,5.E-03);
#10450 = AXIS2_PLACEMENT_3D('',#10451,#10452,#10453);
#10451 = CARTESIAN_POINT('',(-0.733723339028,-0.77586040337,0.1));
#10452 = DIRECTION('',(0.,0.,-1.));
#10453 = DIRECTION('',(-1.,0.,0.));
#10454 = ORIENTED_EDGE('',*,*,#10401,.F.);
#10455 = ORIENTED_EDGE('',*,*,#10456,.T.);
#10456 = EDGE_CURVE('',#10394,#10424,#10457,.T.);
#10457 = CIRCLE('',#10458,5.E-03);
#10458 = AXIS2_PLACEMENT_3D('',#10459,#10460,#10461);
#10459 = CARTESIAN_POINT('',(-0.750184370685,-0.806060538071,0.1));
#10460 = DIRECTION('',(0.,0.,-1.));
#10461 = DIRECTION('',(-1.,0.,0.));
#10462 = ORIENTED_EDGE('',*,*,#10423,.F.);
#10463 = ORIENTED_EDGE('',*,*,#10464,.T.);
#10464 = EDGE_CURVE('',#10416,#10465,#10467,.T.);
#10465 = VERTEX_POINT('',#10466);
#10466 = CARTESIAN_POINT('',(-0.706076830483,-0.781809791205,0.1));
#10467 = CIRCLE('',#10468,5.E-03);
#10468 = AXIS2_PLACEMENT_3D('',#10469,#10470,#10471);
#10469 = CARTESIAN_POINT('',(-0.701188730783,-0.782861685366,0.1));
#10470 = DIRECTION('',(0.,0.,-1.));
#10471 = DIRECTION('',(-1.,0.,0.));
#10472 = ORIENTED_EDGE('',*,*,#10473,.F.);
#10473 = EDGE_CURVE('',#10447,#10465,#10474,.T.);
#10474 = LINE('',#10475,#10476);
#10475 = CARTESIAN_POINT('',(-0.733723339028,-0.77586040337,0.1));
#10476 = VECTOR('',#10477,1.);
#10477 = DIRECTION('',(0.977619939969,-0.21037883205,0.));
#10478 = PLANE('',#10479);
#10479 = AXIS2_PLACEMENT_3D('',#10480,#10481,#10482);
#10480 = CARTESIAN_POINT('',(-0.728029804065,-0.789350333413,0.1));
#10481 = DIRECTION('',(0.,0.,-1.));
#10482 = DIRECTION('',(-1.,0.,0.));
#10483 = ADVANCED_FACE('',(#10484),#10500,.F.);
#10484 = FACE_BOUND('',#10485,.T.);
#10485 = EDGE_LOOP('',(#10486,#10492,#10493,#10499));
#10486 = ORIENTED_EDGE('',*,*,#10487,.T.);
#10487 = EDGE_CURVE('',#10328,#10447,#10488,.T.);
#10488 = LINE('',#10489,#10490);
#10489 = CARTESIAN_POINT('',(-0.728835239328,-0.776912297531,0.1));
#10490 = VECTOR('',#10491,1.);
#10491 = DIRECTION('',(0.,0.,1.));
#10492 = ORIENTED_EDGE('',*,*,#10473,.T.);
#10493 = ORIENTED_EDGE('',*,*,#10494,.T.);
#10494 = EDGE_CURVE('',#10465,#10337,#10495,.T.);
#10495 = LINE('',#10496,#10497);
#10496 = CARTESIAN_POINT('',(-0.706076830483,-0.781809791205,0.1));
#10497 = VECTOR('',#10498,1.);
#10498 = DIRECTION('',(0.,0.,-1.));
#10499 = ORIENTED_EDGE('',*,*,#10336,.F.);
#10500 = PLANE('',#10501);
#10501 = AXIS2_PLACEMENT_3D('',#10502,#10503,#10504);
#10502 = CARTESIAN_POINT('',(-0.733723339028,-0.77586040337,0.));
#10503 = DIRECTION('',(-0.21037883205,-0.977619939969,0.));
#10504 = DIRECTION('',(0.977619939969,-0.21037883205,0.));
#10505 = ADVANCED_FACE('',(#10506),#10512,.F.);
#10506 = FACE_BOUND('',#10507,.F.);
#10507 = EDGE_LOOP('',(#10508,#10509,#10510,#10511));
#10508 = ORIENTED_EDGE('',*,*,#10456,.T.);
#10509 = ORIENTED_EDGE('',*,*,#10431,.T.);
#10510 = ORIENTED_EDGE('',*,*,#10361,.T.);
#10511 = ORIENTED_EDGE('',*,*,#10393,.T.);
#10512 = CYLINDRICAL_SURFACE('',#10513,5.E-03);
#10513 = AXIS2_PLACEMENT_3D('',#10514,#10515,#10516);
#10514 = CARTESIAN_POINT('',(-0.750184370685,-0.806060538071,0.1));
#10515 = DIRECTION('',(0.,0.,1.));
#10516 = DIRECTION('',(-1.,0.,0.));
#10517 = ADVANCED_FACE('',(#10518),#10524,.F.);
#10518 = FACE_BOUND('',#10519,.F.);
#10519 = EDGE_LOOP('',(#10520,#10521,#10522,#10523));
#10520 = ORIENTED_EDGE('',*,*,#10344,.T.);
#10521 = ORIENTED_EDGE('',*,*,#10415,.T.);
#10522 = ORIENTED_EDGE('',*,*,#10464,.T.);
#10523 = ORIENTED_EDGE('',*,*,#10494,.T.);
#10524 = CYLINDRICAL_SURFACE('',#10525,5.E-03);
#10525 = AXIS2_PLACEMENT_3D('',#10526,#10527,#10528);
#10526 = CARTESIAN_POINT('',(-0.701188730783,-0.782861685366,0.1));
#10527 = DIRECTION('',(0.,0.,1.));
#10528 = DIRECTION('',(-1.,0.,0.));
#10529 = ADVANCED_FACE('',(#10530),#10536,.F.);
#10530 = FACE_BOUND('',#10531,.F.);
#10531 = EDGE_LOOP('',(#10532,#10533,#10534,#10535));
#10532 = ORIENTED_EDGE('',*,*,#10325,.T.);
#10533 = ORIENTED_EDGE('',*,*,#10487,.T.);
#10534 = ORIENTED_EDGE('',*,*,#10446,.T.);
#10535 = ORIENTED_EDGE('',*,*,#10384,.T.);
#10536 = CYLINDRICAL_SURFACE('',#10537,5.E-03);
#10537 = AXIS2_PLACEMENT_3D('',#10538,#10539,#10540);
#10538 = CARTESIAN_POINT('',(-0.733723339028,-0.77586040337,0.1));
#10539 = DIRECTION('',(0.,0.,1.));
#10540 = DIRECTION('',(-1.,0.,0.));
#10541 = MANIFOLD_SOLID_BREP('',#10542);
#10542 = CLOSED_SHELL('',(#10543,#10585,#10627,#10649,#10666,#10683));
#10543 = ADVANCED_FACE('',(#10544),#10580,.F.);
#10544 = FACE_BOUND('',#10545,.F.);
#10545 = EDGE_LOOP('',(#10546,#10557,#10565,#10574));
#10546 = ORIENTED_EDGE('',*,*,#10547,.T.);
#10547 = EDGE_CURVE('',#10548,#10550,#10552,.T.);
#10548 = VERTEX_POINT('',#10549);
#10549 = CARTESIAN_POINT('',(-0.761157403238,-0.780456146592,0.1));
#10550 = VERTEX_POINT('',#10551);
#10551 = CARTESIAN_POINT('',(-0.765020833572,-0.780487846904,0.1));
#10552 = CIRCLE('',#10553,5.E-03);
#10553 = AXIS2_PLACEMENT_3D('',#10554,#10555,#10556);
#10554 = CARTESIAN_POINT('',(-0.763126957563,-0.77586040337,0.1));
#10555 = DIRECTION('',(0.,0.,-1.));
#10556 = DIRECTION('',(-1.,0.,0.));
#10557 = ORIENTED_EDGE('',*,*,#10558,.T.);
#10558 = EDGE_CURVE('',#10550,#10559,#10561,.T.);
#10559 = VERTEX_POINT('',#10560);
#10560 = CARTESIAN_POINT('',(-0.765020833572,-0.780487846904,
    1.734723475977E-17));
#10561 = LINE('',#10562,#10563);
#10562 = CARTESIAN_POINT('',(-0.765020833572,-0.780487846904,0.1));
#10563 = VECTOR('',#10564,1.);
#10564 = DIRECTION('',(0.,0.,-1.));
#10565 = ORIENTED_EDGE('',*,*,#10566,.T.);
#10566 = EDGE_CURVE('',#10559,#10567,#10569,.T.);
#10567 = VERTEX_POINT('',#10568);
#10568 = CARTESIAN_POINT('',(-0.761157403238,-0.780456146592,0.));
#10569 = CIRCLE('',#10570,5.E-03);
#10570 = AXIS2_PLACEMENT_3D('',#10571,#10572,#10573);
#10571 = CARTESIAN_POINT('',(-0.763126957563,-0.77586040337,0.));
#10572 = DIRECTION('',(0.,0.,1.));
#10573 = DIRECTION('',(-1.,0.,0.));
#10574 = ORIENTED_EDGE('',*,*,#10575,.T.);
#10575 = EDGE_CURVE('',#10567,#10548,#10576,.T.);
#10576 = LINE('',#10577,#10578);
#10577 = CARTESIAN_POINT('',(-0.761157403238,-0.780456146592,0.1));
#10578 = VECTOR('',#10579,1.);
#10579 = DIRECTION('',(0.,0.,1.));
#10580 = CYLINDRICAL_SURFACE('',#10581,5.E-03);
#10581 = AXIS2_PLACEMENT_3D('',#10582,#10583,#10584);
#10582 = CARTESIAN_POINT('',(-0.763126957563,-0.77586040337,0.1));
#10583 = DIRECTION('',(0.,0.,1.));
#10584 = DIRECTION('',(-1.,0.,0.));
#10585 = ADVANCED_FACE('',(#10586),#10622,.F.);
#10586 = FACE_BOUND('',#10587,.F.);
#10587 = EDGE_LOOP('',(#10588,#10599,#10607,#10616));
#10588 = ORIENTED_EDGE('',*,*,#10589,.T.);
#10589 = EDGE_CURVE('',#10590,#10592,#10594,.T.);
#10590 = VERTEX_POINT('',#10591);
#10591 = CARTESIAN_POINT('',(-0.75215392501,-0.801464794849,0.));
#10592 = VERTEX_POINT('',#10593);
#10593 = CARTESIAN_POINT('',(-0.75484136606,-0.804240539697,0.));
#10594 = CIRCLE('',#10595,5.E-03);
#10595 = AXIS2_PLACEMENT_3D('',#10596,#10597,#10598);
#10596 = CARTESIAN_POINT('',(-0.750184370685,-0.806060538071,0.));
#10597 = DIRECTION('',(0.,0.,1.));
#10598 = DIRECTION('',(-1.,0.,0.));
#10599 = ORIENTED_EDGE('',*,*,#10600,.T.);
#10600 = EDGE_CURVE('',#10592,#10601,#10603,.T.);
#10601 = VERTEX_POINT('',#10602);
#10602 = CARTESIAN_POINT('',(-0.75484136606,-0.804240539697,0.1));
#10603 = LINE('',#10604,#10605);
#10604 = CARTESIAN_POINT('',(-0.75484136606,-0.804240539697,0.1));
#10605 = VECTOR('',#10606,1.);
#10606 = DIRECTION('',(0.,0.,1.));
#10607 = ORIENTED_EDGE('',*,*,#10608,.T.);
#10608 = EDGE_CURVE('',#10601,#10609,#10611,.T.);
#10609 = VERTEX_POINT('',#10610);
#10610 = CARTESIAN_POINT('',(-0.75215392501,-0.801464794849,0.1));
#10611 = CIRCLE('',#10612,5.E-03);
#10612 = AXIS2_PLACEMENT_3D('',#10613,#10614,#10615);
#10613 = CARTESIAN_POINT('',(-0.750184370685,-0.806060538071,0.1));
#10614 = DIRECTION('',(0.,0.,-1.));
#10615 = DIRECTION('',(-1.,0.,0.));
#10616 = ORIENTED_EDGE('',*,*,#10617,.T.);
#10617 = EDGE_CURVE('',#10609,#10590,#10618,.T.);
#10618 = LINE('',#10619,#10620);
#10619 = CARTESIAN_POINT('',(-0.75215392501,-0.801464794849,0.1));
#10620 = VECTOR('',#10621,1.);
#10621 = DIRECTION('',(0.,0.,-1.));
#10622 = CYLINDRICAL_SURFACE('',#10623,5.E-03);
#10623 = AXIS2_PLACEMENT_3D('',#10624,#10625,#10626);
#10624 = CARTESIAN_POINT('',(-0.750184370685,-0.806060538071,0.1));
#10625 = DIRECTION('',(0.,0.,1.));
#10626 = DIRECTION('',(-1.,0.,0.));
#10627 = ADVANCED_FACE('',(#10628),#10644,.F.);
#10628 = FACE_BOUND('',#10629,.T.);
#10629 = EDGE_LOOP('',(#10630,#10631,#10637,#10638));
#10630 = ORIENTED_EDGE('',*,*,#10558,.T.);
#10631 = ORIENTED_EDGE('',*,*,#10632,.F.);
#10632 = EDGE_CURVE('',#10592,#10559,#10633,.T.);
#10633 = LINE('',#10634,#10635);
#10634 = CARTESIAN_POINT('',(-0.752613444168,-0.809439155852,0.));
#10635 = VECTOR('',#10636,1.);
#10636 = DIRECTION('',(-0.393910865009,0.919148644359,0.));
#10637 = ORIENTED_EDGE('',*,*,#10600,.T.);
#10638 = ORIENTED_EDGE('',*,*,#10639,.T.);
#10639 = EDGE_CURVE('',#10601,#10550,#10640,.T.);
#10640 = LINE('',#10641,#10642);
#10641 = CARTESIAN_POINT('',(-0.752613444168,-0.809439155852,0.1));
#10642 = VECTOR('',#10643,1.);
#10643 = DIRECTION('',(-0.393910865009,0.919148644359,0.));
#10644 = PLANE('',#10645);
#10645 = AXIS2_PLACEMENT_3D('',#10646,#10647,#10648);
#10646 = CARTESIAN_POINT('',(-0.752613444168,-0.809439155852,0.));
#10647 = DIRECTION('',(0.919148644359,0.393910865009,0.));
#10648 = DIRECTION('',(-0.393910865009,0.919148644359,0.));
#10649 = ADVANCED_FACE('',(#10650),#10661,.T.);
#10650 = FACE_BOUND('',#10651,.T.);
#10651 = EDGE_LOOP('',(#10652,#10653,#10654,#10655));
#10652 = ORIENTED_EDGE('',*,*,#10547,.T.);
#10653 = ORIENTED_EDGE('',*,*,#10639,.F.);
#10654 = ORIENTED_EDGE('',*,*,#10608,.T.);
#10655 = ORIENTED_EDGE('',*,*,#10656,.F.);
#10656 = EDGE_CURVE('',#10548,#10609,#10657,.T.);
#10657 = LINE('',#10658,#10659);
#10658 = CARTESIAN_POINT('',(-0.763126957563,-0.77586040337,0.1));
#10659 = VECTOR('',#10660,1.);
#10660 = DIRECTION('',(0.393910865009,-0.91914864436,0.));
#10661 = PLANE('',#10662);
#10662 = AXIS2_PLACEMENT_3D('',#10663,#10664,#10665);
#10663 = CARTESIAN_POINT('',(-0.662420850073,-0.7527989105,0.1));
#10664 = DIRECTION('',(0.,0.,1.));
#10665 = DIRECTION('',(1.,0.,-0.));
#10666 = ADVANCED_FACE('',(#10667),#10678,.F.);
#10667 = FACE_BOUND('',#10668,.T.);
#10668 = EDGE_LOOP('',(#10669,#10670,#10676,#10677));
#10669 = ORIENTED_EDGE('',*,*,#10566,.T.);
#10670 = ORIENTED_EDGE('',*,*,#10671,.T.);
#10671 = EDGE_CURVE('',#10567,#10590,#10672,.T.);
#10672 = LINE('',#10673,#10674);
#10673 = CARTESIAN_POINT('',(-0.763126957563,-0.77586040337,0.));
#10674 = VECTOR('',#10675,1.);
#10675 = DIRECTION('',(0.393910865009,-0.91914864436,0.));
#10676 = ORIENTED_EDGE('',*,*,#10589,.T.);
#10677 = ORIENTED_EDGE('',*,*,#10632,.T.);
#10678 = PLANE('',#10679);
#10679 = AXIS2_PLACEMENT_3D('',#10680,#10681,#10682);
#10680 = CARTESIAN_POINT('',(-0.662420850073,-0.7527989105,0.));
#10681 = DIRECTION('',(0.,0.,1.));
#10682 = DIRECTION('',(1.,0.,-0.));
#10683 = ADVANCED_FACE('',(#10684),#10690,.F.);
#10684 = FACE_BOUND('',#10685,.T.);
#10685 = EDGE_LOOP('',(#10686,#10687,#10688,#10689));
#10686 = ORIENTED_EDGE('',*,*,#10575,.T.);
#10687 = ORIENTED_EDGE('',*,*,#10656,.T.);
#10688 = ORIENTED_EDGE('',*,*,#10617,.T.);
#10689 = ORIENTED_EDGE('',*,*,#10671,.F.);
#10690 = PLANE('',#10691);
#10691 = AXIS2_PLACEMENT_3D('',#10692,#10693,#10694);
#10692 = CARTESIAN_POINT('',(-0.763126957563,-0.77586040337,0.));
#10693 = DIRECTION('',(-0.91914864436,-0.393910865009,0.));
#10694 = DIRECTION('',(0.393910865009,-0.91914864436,0.));
#10695 = MANIFOLD_SOLID_BREP('',#10696);
#10696 = CLOSED_SHELL('',(#10697,#10756,#10787,#10818,#10859,#10881,
    #10893,#10905));
#10697 = ADVANCED_FACE('',(#10698),#10751,.F.);
#10698 = FACE_BOUND('',#10699,.T.);
#10699 = EDGE_LOOP('',(#10700,#10711,#10719,#10728,#10736,#10745));
#10700 = ORIENTED_EDGE('',*,*,#10701,.T.);
#10701 = EDGE_CURVE('',#10702,#10704,#10706,.T.);
#10702 = VERTEX_POINT('',#10703);
#10703 = CARTESIAN_POINT('',(-0.673079319876,-0.6941904977,0.));
#10704 = VERTEX_POINT('',#10705);
#10705 = CARTESIAN_POINT('',(-0.668654122537,-0.696862917731,0.));
#10706 = CIRCLE('',#10707,5.E-03);
#10707 = AXIS2_PLACEMENT_3D('',#10708,#10709,#10710);
#10708 = CARTESIAN_POINT('',(-0.668654122537,-0.691862917731,0.));
#10709 = DIRECTION('',(0.,0.,1.));
#10710 = DIRECTION('',(-1.,0.,0.));
#10711 = ORIENTED_EDGE('',*,*,#10712,.F.);
#10712 = EDGE_CURVE('',#10713,#10704,#10715,.T.);
#10713 = VERTEX_POINT('',#10714);
#10714 = CARTESIAN_POINT('',(-0.668654122537,-0.734451337491,0.));
#10715 = LINE('',#10716,#10717);
#10716 = CARTESIAN_POINT('',(-0.668654122537,-0.739451337491,0.));
#10717 = VECTOR('',#10718,1.);
#10718 = DIRECTION('',(0.,1.,0.));
#10719 = ORIENTED_EDGE('',*,*,#10720,.T.);
#10720 = EDGE_CURVE('',#10713,#10721,#10723,.T.);
#10721 = VERTEX_POINT('',#10722);
#10722 = CARTESIAN_POINT('',(-0.672303231771,-0.736033150574,0.));
#10723 = CIRCLE('',#10724,5.E-03);
#10724 = AXIS2_PLACEMENT_3D('',#10725,#10726,#10727);
#10725 = CARTESIAN_POINT('',(-0.668654122537,-0.739451337491,0.));
#10726 = DIRECTION('',(0.,0.,1.));
#10727 = DIRECTION('',(-1.,0.,0.));
#10728 = ORIENTED_EDGE('',*,*,#10729,.F.);
#10729 = EDGE_CURVE('',#10730,#10721,#10732,.T.);
#10730 = VERTEX_POINT('',#10731);
#10731 = CARTESIAN_POINT('',(-0.697539621549,-0.712393765771,0.));
#10732 = LINE('',#10733,#10734);
#10733 = CARTESIAN_POINT('',(-0.701188730783,-0.708975578854,0.));
#10734 = VECTOR('',#10735,1.);
#10735 = DIRECTION('',(0.729821846781,-0.683637383384,0.));
#10736 = ORIENTED_EDGE('',*,*,#10737,.T.);
#10737 = EDGE_CURVE('',#10730,#10738,#10740,.T.);
#10738 = VERTEX_POINT('',#10739);
#10739 = CARTESIAN_POINT('',(-0.696763533444,-0.706647998885,0.));
#10740 = CIRCLE('',#10741,5.E-03);
#10741 = AXIS2_PLACEMENT_3D('',#10742,#10743,#10744);
#10742 = CARTESIAN_POINT('',(-0.701188730783,-0.708975578854,0.));
#10743 = DIRECTION('',(0.,0.,1.));
#10744 = DIRECTION('',(-1.,0.,0.));
#10745 = ORIENTED_EDGE('',*,*,#10746,.F.);
#10746 = EDGE_CURVE('',#10702,#10738,#10747,.T.);
#10747 = LINE('',#10748,#10749);
#10748 = CARTESIAN_POINT('',(-0.668654122537,-0.691862917731,0.));
#10749 = VECTOR('',#10750,1.);
#10750 = DIRECTION('',(-0.885039467738,-0.465515993867,0.));
#10751 = PLANE('',#10752);
#10752 = AXIS2_PLACEMENT_3D('',#10753,#10754,#10755);
#10753 = CARTESIAN_POINT('',(-0.678917021213,-0.71427090472,0.));
#10754 = DIRECTION('',(0.,0.,1.));
#10755 = DIRECTION('',(1.,0.,-0.));
#10756 = ADVANCED_FACE('',(#10757),#10782,.T.);
#10757 = FACE_BOUND('',#10758,.T.);
#10758 = EDGE_LOOP('',(#10759,#10767,#10768,#10776));
#10759 = ORIENTED_EDGE('',*,*,#10760,.T.);
#10760 = EDGE_CURVE('',#10761,#10702,#10763,.T.);
#10761 = VERTEX_POINT('',#10762);
#10762 = CARTESIAN_POINT('',(-0.673079319876,-0.6941904977,0.1));
#10763 = LINE('',#10764,#10765);
#10764 = CARTESIAN_POINT('',(-0.673079319876,-0.6941904977,0.1));
#10765 = VECTOR('',#10766,1.);
#10766 = DIRECTION('',(0.,0.,-1.));
#10767 = ORIENTED_EDGE('',*,*,#10746,.T.);
#10768 = ORIENTED_EDGE('',*,*,#10769,.T.);
#10769 = EDGE_CURVE('',#10738,#10770,#10772,.T.);
#10770 = VERTEX_POINT('',#10771);
#10771 = CARTESIAN_POINT('',(-0.696763533444,-0.706647998885,0.1));
#10772 = LINE('',#10773,#10774);
#10773 = CARTESIAN_POINT('',(-0.696763533444,-0.706647998885,0.1));
#10774 = VECTOR('',#10775,1.);
#10775 = DIRECTION('',(0.,0.,1.));
#10776 = ORIENTED_EDGE('',*,*,#10777,.F.);
#10777 = EDGE_CURVE('',#10761,#10770,#10778,.T.);
#10778 = LINE('',#10779,#10780);
#10779 = CARTESIAN_POINT('',(-0.668654122537,-0.691862917731,0.1));
#10780 = VECTOR('',#10781,1.);
#10781 = DIRECTION('',(-0.885039467738,-0.465515993867,0.));
#10782 = PLANE('',#10783);
#10783 = AXIS2_PLACEMENT_3D('',#10784,#10785,#10786);
#10784 = CARTESIAN_POINT('',(-0.668654122537,-0.691862917731,0.));
#10785 = DIRECTION('',(-0.465515993867,0.885039467738,0.));
#10786 = DIRECTION('',(-0.885039467738,-0.465515993867,0.));
#10787 = ADVANCED_FACE('',(#10788),#10813,.T.);
#10788 = FACE_BOUND('',#10789,.T.);
#10789 = EDGE_LOOP('',(#10790,#10798,#10806,#10812));
#10790 = ORIENTED_EDGE('',*,*,#10791,.T.);
#10791 = EDGE_CURVE('',#10721,#10792,#10794,.T.);
#10792 = VERTEX_POINT('',#10793);
#10793 = CARTESIAN_POINT('',(-0.672303231771,-0.736033150574,0.1));
#10794 = LINE('',#10795,#10796);
#10795 = CARTESIAN_POINT('',(-0.672303231771,-0.736033150574,0.1));
#10796 = VECTOR('',#10797,1.);
#10797 = DIRECTION('',(0.,0.,1.));
#10798 = ORIENTED_EDGE('',*,*,#10799,.F.);
#10799 = EDGE_CURVE('',#10800,#10792,#10802,.T.);
#10800 = VERTEX_POINT('',#10801);
#10801 = CARTESIAN_POINT('',(-0.697539621549,-0.712393765771,0.1));
#10802 = LINE('',#10803,#10804);
#10803 = CARTESIAN_POINT('',(-0.701188730783,-0.708975578854,0.1));
#10804 = VECTOR('',#10805,1.);
#10805 = DIRECTION('',(0.729821846781,-0.683637383384,0.));
#10806 = ORIENTED_EDGE('',*,*,#10807,.T.);
#10807 = EDGE_CURVE('',#10800,#10730,#10808,.T.);
#10808 = LINE('',#10809,#10810);
#10809 = CARTESIAN_POINT('',(-0.697539621549,-0.712393765771,0.1));
#10810 = VECTOR('',#10811,1.);
#10811 = DIRECTION('',(0.,0.,-1.));
#10812 = ORIENTED_EDGE('',*,*,#10729,.T.);
#10813 = PLANE('',#10814);
#10814 = AXIS2_PLACEMENT_3D('',#10815,#10816,#10817);
#10815 = CARTESIAN_POINT('',(-0.701188730783,-0.708975578854,0.));
#10816 = DIRECTION('',(-0.683637383384,-0.729821846781,0.));
#10817 = DIRECTION('',(0.729821846781,-0.683637383384,0.));
#10818 = ADVANCED_FACE('',(#10819),#10854,.T.);
#10819 = FACE_BOUND('',#10820,.T.);
#10820 = EDGE_LOOP('',(#10821,#10830,#10831,#10838,#10839,#10848));
#10821 = ORIENTED_EDGE('',*,*,#10822,.T.);
#10822 = EDGE_CURVE('',#10823,#10761,#10825,.T.);
#10823 = VERTEX_POINT('',#10824);
#10824 = CARTESIAN_POINT('',(-0.668654122537,-0.696862917731,0.1));
#10825 = CIRCLE('',#10826,5.E-03);
#10826 = AXIS2_PLACEMENT_3D('',#10827,#10828,#10829);
#10827 = CARTESIAN_POINT('',(-0.668654122537,-0.691862917731,0.1));
#10828 = DIRECTION('',(0.,0.,-1.));
#10829 = DIRECTION('',(-1.,0.,0.));
#10830 = ORIENTED_EDGE('',*,*,#10777,.T.);
#10831 = ORIENTED_EDGE('',*,*,#10832,.T.);
#10832 = EDGE_CURVE('',#10770,#10800,#10833,.T.);
#10833 = CIRCLE('',#10834,5.E-03);
#10834 = AXIS2_PLACEMENT_3D('',#10835,#10836,#10837);
#10835 = CARTESIAN_POINT('',(-0.701188730783,-0.708975578854,0.1));
#10836 = DIRECTION('',(0.,0.,-1.));
#10837 = DIRECTION('',(-1.,0.,0.));
#10838 = ORIENTED_EDGE('',*,*,#10799,.T.);
#10839 = ORIENTED_EDGE('',*,*,#10840,.T.);
#10840 = EDGE_CURVE('',#10792,#10841,#10843,.T.);
#10841 = VERTEX_POINT('',#10842);
#10842 = CARTESIAN_POINT('',(-0.668654122537,-0.734451337491,0.1));
#10843 = CIRCLE('',#10844,5.E-03);
#10844 = AXIS2_PLACEMENT_3D('',#10845,#10846,#10847);
#10845 = CARTESIAN_POINT('',(-0.668654122537,-0.739451337491,0.1));
#10846 = DIRECTION('',(0.,0.,-1.));
#10847 = DIRECTION('',(-1.,0.,0.));
#10848 = ORIENTED_EDGE('',*,*,#10849,.T.);
#10849 = EDGE_CURVE('',#10841,#10823,#10850,.T.);
#10850 = LINE('',#10851,#10852);
#10851 = CARTESIAN_POINT('',(-0.668654122537,-0.739451337491,0.1));
#10852 = VECTOR('',#10853,1.);
#10853 = DIRECTION('',(0.,1.,0.));
#10854 = PLANE('',#10855);
#10855 = AXIS2_PLACEMENT_3D('',#10856,#10857,#10858);
#10856 = CARTESIAN_POINT('',(-0.678917021213,-0.71427090472,0.1));
#10857 = DIRECTION('',(0.,0.,1.));
#10858 = DIRECTION('',(1.,0.,-0.));
#10859 = ADVANCED_FACE('',(#10860),#10876,.T.);
#10860 = FACE_BOUND('',#10861,.T.);
#10861 = EDGE_LOOP('',(#10862,#10868,#10869,#10875));
#10862 = ORIENTED_EDGE('',*,*,#10863,.T.);
#10863 = EDGE_CURVE('',#10704,#10823,#10864,.T.);
#10864 = LINE('',#10865,#10866);
#10865 = CARTESIAN_POINT('',(-0.668654122537,-0.696862917731,0.1));
#10866 = VECTOR('',#10867,1.);
#10867 = DIRECTION('',(0.,0.,1.));
#10868 = ORIENTED_EDGE('',*,*,#10849,.F.);
#10869 = ORIENTED_EDGE('',*,*,#10870,.T.);
#10870 = EDGE_CURVE('',#10841,#10713,#10871,.T.);
#10871 = LINE('',#10872,#10873);
#10872 = CARTESIAN_POINT('',(-0.668654122537,-0.734451337491,0.1));
#10873 = VECTOR('',#10874,1.);
#10874 = DIRECTION('',(0.,0.,-1.));
#10875 = ORIENTED_EDGE('',*,*,#10712,.T.);
#10876 = PLANE('',#10877);
#10877 = AXIS2_PLACEMENT_3D('',#10878,#10879,#10880);
#10878 = CARTESIAN_POINT('',(-0.668654122537,-0.739451337491,0.));
#10879 = DIRECTION('',(1.,0.,0.));
#10880 = DIRECTION('',(-0.,1.,0.));
#10881 = ADVANCED_FACE('',(#10882),#10888,.F.);
#10882 = FACE_BOUND('',#10883,.F.);
#10883 = EDGE_LOOP('',(#10884,#10885,#10886,#10887));
#10884 = ORIENTED_EDGE('',*,*,#10832,.T.);
#10885 = ORIENTED_EDGE('',*,*,#10807,.T.);
#10886 = ORIENTED_EDGE('',*,*,#10737,.T.);
#10887 = ORIENTED_EDGE('',*,*,#10769,.T.);
#10888 = CYLINDRICAL_SURFACE('',#10889,5.E-03);
#10889 = AXIS2_PLACEMENT_3D('',#10890,#10891,#10892);
#10890 = CARTESIAN_POINT('',(-0.701188730783,-0.708975578854,0.1));
#10891 = DIRECTION('',(0.,0.,1.));
#10892 = DIRECTION('',(-1.,0.,0.));
#10893 = ADVANCED_FACE('',(#10894),#10900,.F.);
#10894 = FACE_BOUND('',#10895,.F.);
#10895 = EDGE_LOOP('',(#10896,#10897,#10898,#10899));
#10896 = ORIENTED_EDGE('',*,*,#10840,.T.);
#10897 = ORIENTED_EDGE('',*,*,#10870,.T.);
#10898 = ORIENTED_EDGE('',*,*,#10720,.T.);
#10899 = ORIENTED_EDGE('',*,*,#10791,.T.);
#10900 = CYLINDRICAL_SURFACE('',#10901,5.E-03);
#10901 = AXIS2_PLACEMENT_3D('',#10902,#10903,#10904);
#10902 = CARTESIAN_POINT('',(-0.668654122537,-0.739451337491,0.1));
#10903 = DIRECTION('',(0.,0.,1.));
#10904 = DIRECTION('',(-1.,0.,0.));
#10905 = ADVANCED_FACE('',(#10906),#10912,.F.);
#10906 = FACE_BOUND('',#10907,.F.);
#10907 = EDGE_LOOP('',(#10908,#10909,#10910,#10911));
#10908 = ORIENTED_EDGE('',*,*,#10701,.T.);
#10909 = ORIENTED_EDGE('',*,*,#10863,.T.);
#10910 = ORIENTED_EDGE('',*,*,#10822,.T.);
#10911 = ORIENTED_EDGE('',*,*,#10760,.T.);
#10912 = CYLINDRICAL_SURFACE('',#10913,5.E-03);
#10913 = AXIS2_PLACEMENT_3D('',#10914,#10915,#10916);
#10914 = CARTESIAN_POINT('',(-0.668654122537,-0.691862917731,0.1));
#10915 = DIRECTION('',(0.,0.,1.));
#10916 = DIRECTION('',(-1.,0.,0.));
#10917 = MANIFOLD_SOLID_BREP('',#10918);
#10918 = CLOSED_SHELL('',(#10919,#10961,#11003,#11025,#11042,#11059));
#10919 = ADVANCED_FACE('',(#10920),#10956,.F.);
#10920 = FACE_BOUND('',#10921,.F.);
#10921 = EDGE_LOOP('',(#10922,#10933,#10941,#10950));
#10922 = ORIENTED_EDGE('',*,*,#10923,.T.);
#10923 = EDGE_CURVE('',#10924,#10926,#10928,.T.);
#10924 = VERTEX_POINT('',#10925);
#10925 = CARTESIAN_POINT('',(-0.761474980281,-0.7711411904,0.));
#10926 = VERTEX_POINT('',#10927);
#10927 = CARTESIAN_POINT('',(-0.766640015254,-0.772302535236,0.));
#10928 = CIRCLE('',#10929,5.E-03);
#10929 = AXIS2_PLACEMENT_3D('',#10930,#10931,#10932);
#10930 = CARTESIAN_POINT('',(-0.763126957563,-0.77586040337,0.));
#10931 = DIRECTION('',(0.,0.,1.));
#10932 = DIRECTION('',(-1.,0.,0.));
#10933 = ORIENTED_EDGE('',*,*,#10934,.T.);
#10934 = EDGE_CURVE('',#10926,#10935,#10937,.T.);
#10935 = VERTEX_POINT('',#10936);
#10936 = CARTESIAN_POINT('',(-0.766640015254,-0.772302535236,0.1));
#10937 = LINE('',#10938,#10939);
#10938 = CARTESIAN_POINT('',(-0.766640015254,-0.772302535236,0.1));
#10939 = VECTOR('',#10940,1.);
#10940 = DIRECTION('',(0.,0.,1.));
#10941 = ORIENTED_EDGE('',*,*,#10942,.T.);
#10942 = EDGE_CURVE('',#10935,#10943,#10945,.T.);
#10943 = VERTEX_POINT('',#10944);
#10944 = CARTESIAN_POINT('',(-0.761474980281,-0.7711411904,0.1));
#10945 = CIRCLE('',#10946,5.E-03);
#10946 = AXIS2_PLACEMENT_3D('',#10947,#10948,#10949);
#10947 = CARTESIAN_POINT('',(-0.763126957563,-0.77586040337,0.1));
#10948 = DIRECTION('',(0.,0.,-1.));
#10949 = DIRECTION('',(-1.,0.,0.));
#10950 = ORIENTED_EDGE('',*,*,#10951,.T.);
#10951 = EDGE_CURVE('',#10943,#10924,#10952,.T.);
#10952 = LINE('',#10953,#10954);
#10953 = CARTESIAN_POINT('',(-0.761474980281,-0.7711411904,0.1));
#10954 = VECTOR('',#10955,1.);
#10955 = DIRECTION('',(0.,0.,-1.));
#10956 = CYLINDRICAL_SURFACE('',#10957,5.E-03);
#10957 = AXIS2_PLACEMENT_3D('',#10958,#10959,#10960);
#10958 = CARTESIAN_POINT('',(-0.763126957563,-0.77586040337,0.1));
#10959 = DIRECTION('',(0.,0.,1.));
#10960 = DIRECTION('',(-1.,0.,0.));
#10961 = ADVANCED_FACE('',(#10962),#10998,.F.);
#10962 = FACE_BOUND('',#10963,.F.);
#10963 = EDGE_LOOP('',(#10964,#10975,#10983,#10992));
#10964 = ORIENTED_EDGE('',*,*,#10965,.T.);
#10965 = EDGE_CURVE('',#10966,#10968,#10970,.T.);
#10966 = VERTEX_POINT('',#10967);
#10967 = CARTESIAN_POINT('',(-0.73537531631,-0.696582130701,0.1));
#10968 = VERTEX_POINT('',#10969);
#10969 = CARTESIAN_POINT('',(-0.738688398312,-0.692452990871,0.1));
#10970 = CIRCLE('',#10971,5.E-03);
#10971 = AXIS2_PLACEMENT_3D('',#10972,#10973,#10974);
#10972 = CARTESIAN_POINT('',(-0.733723339028,-0.691862917731,0.1));
#10973 = DIRECTION('',(0.,0.,-1.));
#10974 = DIRECTION('',(-1.,0.,0.));
#10975 = ORIENTED_EDGE('',*,*,#10976,.T.);
#10976 = EDGE_CURVE('',#10968,#10977,#10979,.T.);
#10977 = VERTEX_POINT('',#10978);
#10978 = CARTESIAN_POINT('',(-0.738688398312,-0.692452990871,0.));
#10979 = LINE('',#10980,#10981);
#10980 = CARTESIAN_POINT('',(-0.738688398312,-0.692452990871,0.1));
#10981 = VECTOR('',#10982,1.);
#10982 = DIRECTION('',(0.,0.,-1.));
#10983 = ORIENTED_EDGE('',*,*,#10984,.T.);
#10984 = EDGE_CURVE('',#10977,#10985,#10987,.T.);
#10985 = VERTEX_POINT('',#10986);
#10986 = CARTESIAN_POINT('',(-0.73537531631,-0.696582130701,0.));
#10987 = CIRCLE('',#10988,5.E-03);
#10988 = AXIS2_PLACEMENT_3D('',#10989,#10990,#10991);
#10989 = CARTESIAN_POINT('',(-0.733723339028,-0.691862917731,0.));
#10990 = DIRECTION('',(0.,0.,1.));
#10991 = DIRECTION('',(-1.,0.,0.));
#10992 = ORIENTED_EDGE('',*,*,#10993,.T.);
#10993 = EDGE_CURVE('',#10985,#10966,#10994,.T.);
#10994 = LINE('',#10995,#10996);
#10995 = CARTESIAN_POINT('',(-0.73537531631,-0.696582130701,0.1));
#10996 = VECTOR('',#10997,1.);
#10997 = DIRECTION('',(0.,0.,1.));
#10998 = CYLINDRICAL_SURFACE('',#10999,5.E-03);
#10999 = AXIS2_PLACEMENT_3D('',#11000,#11001,#11002);
#11000 = CARTESIAN_POINT('',(-0.733723339028,-0.691862917731,0.1));
#11001 = DIRECTION('',(0.,0.,1.));
#11002 = DIRECTION('',(-1.,0.,0.));
#11003 = ADVANCED_FACE('',(#11004),#11020,.F.);
#11004 = FACE_BOUND('',#11005,.T.);
#11005 = EDGE_LOOP('',(#11006,#11007,#11013,#11014));
#11006 = ORIENTED_EDGE('',*,*,#10934,.T.);
#11007 = ORIENTED_EDGE('',*,*,#11008,.T.);
#11008 = EDGE_CURVE('',#10935,#10968,#11009,.T.);
#11009 = LINE('',#11010,#11011);
#11010 = CARTESIAN_POINT('',(-0.767489156284,-0.774728281287,0.1));
#11011 = VECTOR('',#11012,1.);
#11012 = DIRECTION('',(0.330395456277,0.943842594118,0.));
#11013 = ORIENTED_EDGE('',*,*,#10976,.T.);
#11014 = ORIENTED_EDGE('',*,*,#11015,.F.);
#11015 = EDGE_CURVE('',#10926,#10977,#11016,.T.);
#11016 = LINE('',#11017,#11018);
#11017 = CARTESIAN_POINT('',(-0.767489156284,-0.774728281287,0.));
#11018 = VECTOR('',#11019,1.);
#11019 = DIRECTION('',(0.330395456277,0.943842594118,0.));
#11020 = PLANE('',#11021);
#11021 = AXIS2_PLACEMENT_3D('',#11022,#11023,#11024);
#11022 = CARTESIAN_POINT('',(-0.767489156284,-0.774728281287,0.));
#11023 = DIRECTION('',(0.943842594118,-0.330395456277,0.));
#11024 = DIRECTION('',(0.330395456277,0.943842594118,0.));
#11025 = ADVANCED_FACE('',(#11026),#11037,.T.);
#11026 = FACE_BOUND('',#11027,.T.);
#11027 = EDGE_LOOP('',(#11028,#11029,#11035,#11036));
#11028 = ORIENTED_EDGE('',*,*,#10942,.T.);
#11029 = ORIENTED_EDGE('',*,*,#11030,.F.);
#11030 = EDGE_CURVE('',#10966,#10943,#11031,.T.);
#11031 = LINE('',#11032,#11033);
#11032 = CARTESIAN_POINT('',(-0.733723339028,-0.691862917731,0.1));
#11033 = VECTOR('',#11034,1.);
#11034 = DIRECTION('',(-0.330395456277,-0.943842594118,0.));
#11035 = ORIENTED_EDGE('',*,*,#10965,.T.);
#11036 = ORIENTED_EDGE('',*,*,#11008,.F.);
#11037 = PLANE('',#11038);
#11038 = AXIS2_PLACEMENT_3D('',#11039,#11040,#11041);
#11039 = CARTESIAN_POINT('',(-0.662420850073,-0.7527989105,0.1));
#11040 = DIRECTION('',(0.,0.,1.));
#11041 = DIRECTION('',(1.,0.,-0.));
#11042 = ADVANCED_FACE('',(#11043),#11054,.F.);
#11043 = FACE_BOUND('',#11044,.T.);
#11044 = EDGE_LOOP('',(#11045,#11046,#11047,#11048));
#11045 = ORIENTED_EDGE('',*,*,#10923,.T.);
#11046 = ORIENTED_EDGE('',*,*,#11015,.T.);
#11047 = ORIENTED_EDGE('',*,*,#10984,.T.);
#11048 = ORIENTED_EDGE('',*,*,#11049,.T.);
#11049 = EDGE_CURVE('',#10985,#10924,#11050,.T.);
#11050 = LINE('',#11051,#11052);
#11051 = CARTESIAN_POINT('',(-0.733723339028,-0.691862917731,0.));
#11052 = VECTOR('',#11053,1.);
#11053 = DIRECTION('',(-0.330395456277,-0.943842594118,0.));
#11054 = PLANE('',#11055);
#11055 = AXIS2_PLACEMENT_3D('',#11056,#11057,#11058);
#11056 = CARTESIAN_POINT('',(-0.662420850073,-0.7527989105,0.));
#11057 = DIRECTION('',(0.,0.,1.));
#11058 = DIRECTION('',(1.,0.,-0.));
#11059 = ADVANCED_FACE('',(#11060),#11066,.F.);
#11060 = FACE_BOUND('',#11061,.T.);
#11061 = EDGE_LOOP('',(#11062,#11063,#11064,#11065));
#11062 = ORIENTED_EDGE('',*,*,#10951,.T.);
#11063 = ORIENTED_EDGE('',*,*,#11049,.F.);
#11064 = ORIENTED_EDGE('',*,*,#10993,.T.);
#11065 = ORIENTED_EDGE('',*,*,#11030,.T.);
#11066 = PLANE('',#11067);
#11067 = AXIS2_PLACEMENT_3D('',#11068,#11069,#11070);
#11068 = CARTESIAN_POINT('',(-0.733723339028,-0.691862917731,0.));
#11069 = DIRECTION('',(-0.943842594118,0.330395456277,0.));
#11070 = DIRECTION('',(-0.330395456277,-0.943842594118,0.));
#11071 = MANIFOLD_SOLID_BREP('',#11072);
#11072 = CLOSED_SHELL('',(#11073,#11113,#11146,#11177,#11201,#11213));
#11073 = ADVANCED_FACE('',(#11074),#11108,.T.);
#11074 = FACE_BOUND('',#11075,.T.);
#11075 = EDGE_LOOP('',(#11076,#11086,#11094,#11102));
#11076 = ORIENTED_EDGE('',*,*,#11077,.T.);
#11077 = EDGE_CURVE('',#11078,#11080,#11082,.T.);
#11078 = VERTEX_POINT('',#11079);
#11079 = CARTESIAN_POINT('',(-0.667002145256,-0.696582130701,0.1));
#11080 = VERTEX_POINT('',#11081);
#11081 = CARTESIAN_POINT('',(-0.667002145256,-0.696582130701,0.));
#11082 = LINE('',#11083,#11084);
#11083 = CARTESIAN_POINT('',(-0.667002145256,-0.696582130701,0.1));
#11084 = VECTOR('',#11085,1.);
#11085 = DIRECTION('',(0.,0.,-1.));
#11086 = ORIENTED_EDGE('',*,*,#11087,.T.);
#11087 = EDGE_CURVE('',#11080,#11088,#11090,.T.);
#11088 = VERTEX_POINT('',#11089);
#11089 = CARTESIAN_POINT('',(-0.640902481284,-0.7711411904,0.));
#11090 = LINE('',#11091,#11092);
#11091 = CARTESIAN_POINT('',(-0.668654122537,-0.691862917731,0.));
#11092 = VECTOR('',#11093,1.);
#11093 = DIRECTION('',(0.330395456277,-0.943842594118,0.));
#11094 = ORIENTED_EDGE('',*,*,#11095,.T.);
#11095 = EDGE_CURVE('',#11088,#11096,#11098,.T.);
#11096 = VERTEX_POINT('',#11097);
#11097 = CARTESIAN_POINT('',(-0.640902481284,-0.7711411904,0.1));
#11098 = LINE('',#11099,#11100);
#11099 = CARTESIAN_POINT('',(-0.640902481284,-0.7711411904,0.1));
#11100 = VECTOR('',#11101,1.);
#11101 = DIRECTION('',(0.,0.,1.));
#11102 = ORIENTED_EDGE('',*,*,#11103,.F.);
#11103 = EDGE_CURVE('',#11078,#11096,#11104,.T.);
#11104 = LINE('',#11105,#11106);
#11105 = CARTESIAN_POINT('',(-0.668654122537,-0.691862917731,0.1));
#11106 = VECTOR('',#11107,1.);
#11107 = DIRECTION('',(0.330395456277,-0.943842594118,0.));
#11108 = PLANE('',#11109);
#11109 = AXIS2_PLACEMENT_3D('',#11110,#11111,#11112);
#11110 = CARTESIAN_POINT('',(-0.668654122537,-0.691862917731,0.));
#11111 = DIRECTION('',(-0.943842594118,-0.330395456277,0.));
#11112 = DIRECTION('',(0.330395456277,-0.943842594118,0.));
#11113 = ADVANCED_FACE('',(#11114),#11141,.F.);
#11114 = FACE_BOUND('',#11115,.T.);
#11115 = EDGE_LOOP('',(#11116,#11125,#11133,#11140));
#11116 = ORIENTED_EDGE('',*,*,#11117,.T.);
#11117 = EDGE_CURVE('',#11080,#11118,#11120,.T.);
#11118 = VERTEX_POINT('',#11119);
#11119 = CARTESIAN_POINT('',(-0.663689063254,-0.692452990871,0.));
#11120 = CIRCLE('',#11121,5.E-03);
#11121 = AXIS2_PLACEMENT_3D('',#11122,#11123,#11124);
#11122 = CARTESIAN_POINT('',(-0.668654122537,-0.691862917731,0.));
#11123 = DIRECTION('',(0.,0.,1.));
#11124 = DIRECTION('',(-1.,0.,0.));
#11125 = ORIENTED_EDGE('',*,*,#11126,.F.);
#11126 = EDGE_CURVE('',#11127,#11118,#11129,.T.);
#11127 = VERTEX_POINT('',#11128);
#11128 = CARTESIAN_POINT('',(-0.635737446312,-0.772302535236,0.));
#11129 = LINE('',#11130,#11131);
#11130 = CARTESIAN_POINT('',(-0.634888305281,-0.774728281287,0.));
#11131 = VECTOR('',#11132,1.);
#11132 = DIRECTION('',(-0.330395456277,0.943842594118,0.));
#11133 = ORIENTED_EDGE('',*,*,#11134,.T.);
#11134 = EDGE_CURVE('',#11127,#11088,#11135,.T.);
#11135 = CIRCLE('',#11136,5.E-03);
#11136 = AXIS2_PLACEMENT_3D('',#11137,#11138,#11139);
#11137 = CARTESIAN_POINT('',(-0.639250504003,-0.77586040337,0.));
#11138 = DIRECTION('',(0.,0.,1.));
#11139 = DIRECTION('',(-1.,0.,0.));
#11140 = ORIENTED_EDGE('',*,*,#11087,.F.);
#11141 = PLANE('',#11142);
#11142 = AXIS2_PLACEMENT_3D('',#11143,#11144,#11145);
#11143 = CARTESIAN_POINT('',(-0.662420850073,-0.7527989105,0.));
#11144 = DIRECTION('',(0.,0.,1.));
#11145 = DIRECTION('',(1.,0.,-0.));
#11146 = ADVANCED_FACE('',(#11147),#11172,.T.);
#11147 = FACE_BOUND('',#11148,.T.);
#11148 = EDGE_LOOP('',(#11149,#11157,#11165,#11171));
#11149 = ORIENTED_EDGE('',*,*,#11150,.T.);
#11150 = EDGE_CURVE('',#11118,#11151,#11153,.T.);
#11151 = VERTEX_POINT('',#11152);
#11152 = CARTESIAN_POINT('',(-0.663689063254,-0.692452990871,0.1));
#11153 = LINE('',#11154,#11155);
#11154 = CARTESIAN_POINT('',(-0.663689063254,-0.692452990871,0.1));
#11155 = VECTOR('',#11156,1.);
#11156 = DIRECTION('',(0.,0.,1.));
#11157 = ORIENTED_EDGE('',*,*,#11158,.F.);
#11158 = EDGE_CURVE('',#11159,#11151,#11161,.T.);
#11159 = VERTEX_POINT('',#11160);
#11160 = CARTESIAN_POINT('',(-0.635737446312,-0.772302535236,0.1));
#11161 = LINE('',#11162,#11163);
#11162 = CARTESIAN_POINT('',(-0.634888305281,-0.774728281287,0.1));
#11163 = VECTOR('',#11164,1.);
#11164 = DIRECTION('',(-0.330395456277,0.943842594118,0.));
#11165 = ORIENTED_EDGE('',*,*,#11166,.T.);
#11166 = EDGE_CURVE('',#11159,#11127,#11167,.T.);
#11167 = LINE('',#11168,#11169);
#11168 = CARTESIAN_POINT('',(-0.635737446312,-0.772302535236,0.1));
#11169 = VECTOR('',#11170,1.);
#11170 = DIRECTION('',(0.,0.,-1.));
#11171 = ORIENTED_EDGE('',*,*,#11126,.T.);
#11172 = PLANE('',#11173);
#11173 = AXIS2_PLACEMENT_3D('',#11174,#11175,#11176);
#11174 = CARTESIAN_POINT('',(-0.634888305281,-0.774728281287,0.));
#11175 = DIRECTION('',(0.943842594118,0.330395456277,0.));
#11176 = DIRECTION('',(-0.330395456277,0.943842594118,0.));
#11177 = ADVANCED_FACE('',(#11178),#11196,.T.);
#11178 = FACE_BOUND('',#11179,.T.);
#11179 = EDGE_LOOP('',(#11180,#11187,#11188,#11195));
#11180 = ORIENTED_EDGE('',*,*,#11181,.T.);
#11181 = EDGE_CURVE('',#11151,#11078,#11182,.T.);
#11182 = CIRCLE('',#11183,5.E-03);
#11183 = AXIS2_PLACEMENT_3D('',#11184,#11185,#11186);
#11184 = CARTESIAN_POINT('',(-0.668654122537,-0.691862917731,0.1));
#11185 = DIRECTION('',(0.,0.,-1.));
#11186 = DIRECTION('',(-1.,0.,0.));
#11187 = ORIENTED_EDGE('',*,*,#11103,.T.);
#11188 = ORIENTED_EDGE('',*,*,#11189,.T.);
#11189 = EDGE_CURVE('',#11096,#11159,#11190,.T.);
#11190 = CIRCLE('',#11191,5.E-03);
#11191 = AXIS2_PLACEMENT_3D('',#11192,#11193,#11194);
#11192 = CARTESIAN_POINT('',(-0.639250504003,-0.77586040337,0.1));
#11193 = DIRECTION('',(0.,0.,-1.));
#11194 = DIRECTION('',(-1.,0.,0.));
#11195 = ORIENTED_EDGE('',*,*,#11158,.T.);
#11196 = PLANE('',#11197);
#11197 = AXIS2_PLACEMENT_3D('',#11198,#11199,#11200);
#11198 = CARTESIAN_POINT('',(-0.662420850073,-0.7527989105,0.1));
#11199 = DIRECTION('',(0.,0.,1.));
#11200 = DIRECTION('',(1.,0.,-0.));
#11201 = ADVANCED_FACE('',(#11202),#11208,.F.);
#11202 = FACE_BOUND('',#11203,.F.);
#11203 = EDGE_LOOP('',(#11204,#11205,#11206,#11207));
#11204 = ORIENTED_EDGE('',*,*,#11189,.T.);
#11205 = ORIENTED_EDGE('',*,*,#11166,.T.);
#11206 = ORIENTED_EDGE('',*,*,#11134,.T.);
#11207 = ORIENTED_EDGE('',*,*,#11095,.T.);
#11208 = CYLINDRICAL_SURFACE('',#11209,5.E-03);
#11209 = AXIS2_PLACEMENT_3D('',#11210,#11211,#11212);
#11210 = CARTESIAN_POINT('',(-0.639250504003,-0.77586040337,0.1));
#11211 = DIRECTION('',(0.,0.,1.));
#11212 = DIRECTION('',(-1.,0.,0.));
#11213 = ADVANCED_FACE('',(#11214),#11220,.F.);
#11214 = FACE_BOUND('',#11215,.F.);
#11215 = EDGE_LOOP('',(#11216,#11217,#11218,#11219));
#11216 = ORIENTED_EDGE('',*,*,#11117,.T.);
#11217 = ORIENTED_EDGE('',*,*,#11150,.T.);
#11218 = ORIENTED_EDGE('',*,*,#11181,.T.);
#11219 = ORIENTED_EDGE('',*,*,#11077,.T.);
#11220 = CYLINDRICAL_SURFACE('',#11221,5.E-03);
#11221 = AXIS2_PLACEMENT_3D('',#11222,#11223,#11224);
#11222 = CARTESIAN_POINT('',(-0.668654122537,-0.691862917731,0.1));
#11223 = DIRECTION('',(0.,0.,1.));
#11224 = DIRECTION('',(-1.,0.,0.));
#11225 = MANIFOLD_SOLID_BREP('',#11226);
#11226 = CLOSED_SHELL('',(#11227,#11269,#11311,#11353,#11375,#11399,
    #11416,#11433));
#11227 = ADVANCED_FACE('',(#11228),#11264,.F.);
#11228 = FACE_BOUND('',#11229,.F.);
#11229 = EDGE_LOOP('',(#11230,#11241,#11249,#11258));
#11230 = ORIENTED_EDGE('',*,*,#11231,.T.);
#11231 = EDGE_CURVE('',#11232,#11234,#11236,.T.);
#11232 = VERTEX_POINT('',#11233);
#11233 = CARTESIAN_POINT('',(-0.759985511521,-0.771970504045,0.1));
#11234 = VERTEX_POINT('',#11235);
#11235 = CARTESIAN_POINT('',(-0.758126957563,-0.77586040337,0.1));
#11236 = CIRCLE('',#11237,5.E-03);
#11237 = AXIS2_PLACEMENT_3D('',#11238,#11239,#11240);
#11238 = CARTESIAN_POINT('',(-0.763126957563,-0.77586040337,0.1));
#11239 = DIRECTION('',(0.,0.,-1.));
#11240 = DIRECTION('',(-1.,0.,0.));
#11241 = ORIENTED_EDGE('',*,*,#11242,.T.);
#11242 = EDGE_CURVE('',#11234,#11243,#11245,.T.);
#11243 = VERTEX_POINT('',#11244);
#11244 = CARTESIAN_POINT('',(-0.758126957563,-0.77586040337,0.));
#11245 = LINE('',#11246,#11247);
#11246 = CARTESIAN_POINT('',(-0.758126957563,-0.77586040337,0.1));
#11247 = VECTOR('',#11248,1.);
#11248 = DIRECTION('',(0.,0.,-1.));
#11249 = ORIENTED_EDGE('',*,*,#11250,.T.);
#11250 = EDGE_CURVE('',#11243,#11251,#11253,.T.);
#11251 = VERTEX_POINT('',#11252);
#11252 = CARTESIAN_POINT('',(-0.759985511521,-0.771970504045,0.));
#11253 = CIRCLE('',#11254,5.E-03);
#11254 = AXIS2_PLACEMENT_3D('',#11255,#11256,#11257);
#11255 = CARTESIAN_POINT('',(-0.763126957563,-0.77586040337,0.));
#11256 = DIRECTION('',(0.,0.,1.));
#11257 = DIRECTION('',(-1.,0.,0.));
#11258 = ORIENTED_EDGE('',*,*,#11259,.T.);
#11259 = EDGE_CURVE('',#11251,#11232,#11260,.T.);
#11260 = LINE('',#11261,#11262);
#11261 = CARTESIAN_POINT('',(-0.759985511521,-0.771970504045,0.1));
#11262 = VECTOR('',#11263,1.);
#11263 = DIRECTION('',(0.,0.,1.));
#11264 = CYLINDRICAL_SURFACE('',#11265,5.E-03);
#11265 = AXIS2_PLACEMENT_3D('',#11266,#11267,#11268);
#11266 = CARTESIAN_POINT('',(-0.763126957563,-0.77586040337,0.1));
#11267 = DIRECTION('',(0.,0.,1.));
#11268 = DIRECTION('',(-1.,0.,0.));
#11269 = ADVANCED_FACE('',(#11270),#11306,.F.);
#11270 = FACE_BOUND('',#11271,.F.);
#11271 = EDGE_LOOP('',(#11272,#11283,#11291,#11300));
#11272 = ORIENTED_EDGE('',*,*,#11273,.T.);
#11273 = EDGE_CURVE('',#11274,#11276,#11278,.T.);
#11274 = VERTEX_POINT('',#11275);
#11275 = CARTESIAN_POINT('',(-0.733723339028,-0.77086040337,0.));
#11276 = VERTEX_POINT('',#11277);
#11277 = CARTESIAN_POINT('',(-0.738723339028,-0.77586040337,0.));
#11278 = CIRCLE('',#11279,5.E-03);
#11279 = AXIS2_PLACEMENT_3D('',#11280,#11281,#11282);
#11280 = CARTESIAN_POINT('',(-0.733723339028,-0.77586040337,0.));
#11281 = DIRECTION('',(0.,0.,1.));
#11282 = DIRECTION('',(-1.,0.,0.));
#11283 = ORIENTED_EDGE('',*,*,#11284,.T.);
#11284 = EDGE_CURVE('',#11276,#11285,#11287,.T.);
#11285 = VERTEX_POINT('',#11286);
#11286 = CARTESIAN_POINT('',(-0.738723339028,-0.77586040337,0.1));
#11287 = LINE('',#11288,#11289);
#11288 = CARTESIAN_POINT('',(-0.738723339028,-0.77586040337,0.1));
#11289 = VECTOR('',#11290,1.);
#11290 = DIRECTION('',(0.,0.,1.));
#11291 = ORIENTED_EDGE('',*,*,#11292,.T.);
#11292 = EDGE_CURVE('',#11285,#11293,#11295,.T.);
#11293 = VERTEX_POINT('',#11294);
#11294 = CARTESIAN_POINT('',(-0.733723339028,-0.77086040337,0.1));
#11295 = CIRCLE('',#11296,5.E-03);
#11296 = AXIS2_PLACEMENT_3D('',#11297,#11298,#11299);
#11297 = CARTESIAN_POINT('',(-0.733723339028,-0.77586040337,0.1));
#11298 = DIRECTION('',(0.,0.,-1.));
#11299 = DIRECTION('',(-1.,0.,0.));
#11300 = ORIENTED_EDGE('',*,*,#11301,.T.);
#11301 = EDGE_CURVE('',#11293,#11274,#11302,.T.);
#11302 = LINE('',#11303,#11304);
#11303 = CARTESIAN_POINT('',(-0.733723339028,-0.77086040337,0.1));
#11304 = VECTOR('',#11305,1.);
#11305 = DIRECTION('',(0.,0.,-1.));
#11306 = CYLINDRICAL_SURFACE('',#11307,5.E-03);
#11307 = AXIS2_PLACEMENT_3D('',#11308,#11309,#11310);
#11308 = CARTESIAN_POINT('',(-0.733723339028,-0.77586040337,0.1));
#11309 = DIRECTION('',(0.,0.,1.));
#11310 = DIRECTION('',(-1.,0.,0.));
#11311 = ADVANCED_FACE('',(#11312),#11348,.F.);
#11312 = FACE_BOUND('',#11313,.F.);
#11313 = EDGE_LOOP('',(#11314,#11325,#11333,#11342));
#11314 = ORIENTED_EDGE('',*,*,#11315,.T.);
#11315 = EDGE_CURVE('',#11316,#11318,#11320,.T.);
#11316 = VERTEX_POINT('',#11317);
#11317 = CARTESIAN_POINT('',(-0.736864785071,-0.743341236817,0.));
#11318 = VERTEX_POINT('',#11319);
#11319 = CARTESIAN_POINT('',(-0.733723339028,-0.744451337491,0.));
#11320 = CIRCLE('',#11321,5.E-03);
#11321 = AXIS2_PLACEMENT_3D('',#11322,#11323,#11324);
#11322 = CARTESIAN_POINT('',(-0.733723339028,-0.739451337491,0.));
#11323 = DIRECTION('',(0.,0.,1.));
#11324 = DIRECTION('',(-1.,0.,0.));
#11325 = ORIENTED_EDGE('',*,*,#11326,.T.);
#11326 = EDGE_CURVE('',#11318,#11327,#11329,.T.);
#11327 = VERTEX_POINT('',#11328);
#11328 = CARTESIAN_POINT('',(-0.733723339028,-0.744451337491,0.1));
#11329 = LINE('',#11330,#11331);
#11330 = CARTESIAN_POINT('',(-0.733723339028,-0.744451337491,0.1));
#11331 = VECTOR('',#11332,1.);
#11332 = DIRECTION('',(0.,0.,1.));
#11333 = ORIENTED_EDGE('',*,*,#11334,.T.);
#11334 = EDGE_CURVE('',#11327,#11335,#11337,.T.);
#11335 = VERTEX_POINT('',#11336);
#11336 = CARTESIAN_POINT('',(-0.736864785071,-0.743341236817,0.1));
#11337 = CIRCLE('',#11338,5.E-03);
#11338 = AXIS2_PLACEMENT_3D('',#11339,#11340,#11341);
#11339 = CARTESIAN_POINT('',(-0.733723339028,-0.739451337491,0.1));
#11340 = DIRECTION('',(0.,0.,-1.));
#11341 = DIRECTION('',(-1.,0.,0.));
#11342 = ORIENTED_EDGE('',*,*,#11343,.T.);
#11343 = EDGE_CURVE('',#11335,#11316,#11344,.T.);
#11344 = LINE('',#11345,#11346);
#11345 = CARTESIAN_POINT('',(-0.736864785071,-0.743341236817,0.1));
#11346 = VECTOR('',#11347,1.);
#11347 = DIRECTION('',(0.,0.,-1.));
#11348 = CYLINDRICAL_SURFACE('',#11349,5.E-03);
#11349 = AXIS2_PLACEMENT_3D('',#11350,#11351,#11352);
#11350 = CARTESIAN_POINT('',(-0.733723339028,-0.739451337491,0.1));
#11351 = DIRECTION('',(0.,0.,1.));
#11352 = DIRECTION('',(-1.,0.,0.));
#11353 = ADVANCED_FACE('',(#11354),#11370,.F.);
#11354 = FACE_BOUND('',#11355,.T.);
#11355 = EDGE_LOOP('',(#11356,#11357,#11363,#11364));
#11356 = ORIENTED_EDGE('',*,*,#11242,.T.);
#11357 = ORIENTED_EDGE('',*,*,#11358,.F.);
#11358 = EDGE_CURVE('',#11276,#11243,#11359,.T.);
#11359 = LINE('',#11360,#11361);
#11360 = CARTESIAN_POINT('',(-0.733723339028,-0.77586040337,0.));
#11361 = VECTOR('',#11362,1.);
#11362 = DIRECTION('',(-1.,9.439510168789E-15,0.));
#11363 = ORIENTED_EDGE('',*,*,#11284,.T.);
#11364 = ORIENTED_EDGE('',*,*,#11365,.T.);
#11365 = EDGE_CURVE('',#11285,#11234,#11366,.T.);
#11366 = LINE('',#11367,#11368);
#11367 = CARTESIAN_POINT('',(-0.733723339028,-0.77586040337,0.1));
#11368 = VECTOR('',#11369,1.);
#11369 = DIRECTION('',(-1.,9.439510168789E-15,0.));
#11370 = PLANE('',#11371);
#11371 = AXIS2_PLACEMENT_3D('',#11372,#11373,#11374);
#11372 = CARTESIAN_POINT('',(-0.733723339028,-0.77586040337,0.));
#11373 = DIRECTION('',(9.439510168789E-15,1.,0.));
#11374 = DIRECTION('',(-1.,9.439510168789E-15,0.));
#11375 = ADVANCED_FACE('',(#11376),#11394,.T.);
#11376 = FACE_BOUND('',#11377,.T.);
#11377 = EDGE_LOOP('',(#11378,#11379,#11385,#11386,#11392,#11393));
#11378 = ORIENTED_EDGE('',*,*,#11250,.T.);
#11379 = ORIENTED_EDGE('',*,*,#11380,.T.);
#11380 = EDGE_CURVE('',#11251,#11316,#11381,.T.);
#11381 = LINE('',#11382,#11383);
#11382 = CARTESIAN_POINT('',(-0.763126957563,-0.77586040337,0.));
#11383 = VECTOR('',#11384,1.);
#11384 = DIRECTION('',(0.62828920845,0.777979865128,0.));
#11385 = ORIENTED_EDGE('',*,*,#11315,.T.);
#11386 = ORIENTED_EDGE('',*,*,#11387,.T.);
#11387 = EDGE_CURVE('',#11318,#11274,#11388,.T.);
#11388 = LINE('',#11389,#11390);
#11389 = CARTESIAN_POINT('',(-0.733723339028,-0.739451337491,0.));
#11390 = VECTOR('',#11391,1.);
#11391 = DIRECTION('',(0.,-1.,0.));
#11392 = ORIENTED_EDGE('',*,*,#11273,.T.);
#11393 = ORIENTED_EDGE('',*,*,#11358,.T.);
#11394 = PLANE('',#11395);
#11395 = AXIS2_PLACEMENT_3D('',#11396,#11397,#11398);
#11396 = CARTESIAN_POINT('',(-0.743671851286,-0.76240916744,0.));
#11397 = DIRECTION('',(0.,0.,-1.));
#11398 = DIRECTION('',(-1.,0.,0.));
#11399 = ADVANCED_FACE('',(#11400),#11411,.F.);
#11400 = FACE_BOUND('',#11401,.T.);
#11401 = EDGE_LOOP('',(#11402,#11403,#11404,#11405));
#11402 = ORIENTED_EDGE('',*,*,#11301,.T.);
#11403 = ORIENTED_EDGE('',*,*,#11387,.F.);
#11404 = ORIENTED_EDGE('',*,*,#11326,.T.);
#11405 = ORIENTED_EDGE('',*,*,#11406,.T.);
#11406 = EDGE_CURVE('',#11327,#11293,#11407,.T.);
#11407 = LINE('',#11408,#11409);
#11408 = CARTESIAN_POINT('',(-0.733723339028,-0.739451337491,0.1));
#11409 = VECTOR('',#11410,1.);
#11410 = DIRECTION('',(0.,-1.,0.));
#11411 = PLANE('',#11412);
#11412 = AXIS2_PLACEMENT_3D('',#11413,#11414,#11415);
#11413 = CARTESIAN_POINT('',(-0.733723339028,-0.739451337491,0.));
#11414 = DIRECTION('',(-1.,0.,0.));
#11415 = DIRECTION('',(0.,-1.,0.));
#11416 = ADVANCED_FACE('',(#11417),#11428,.F.);
#11417 = FACE_BOUND('',#11418,.T.);
#11418 = EDGE_LOOP('',(#11419,#11420,#11426,#11427));
#11419 = ORIENTED_EDGE('',*,*,#11259,.T.);
#11420 = ORIENTED_EDGE('',*,*,#11421,.T.);
#11421 = EDGE_CURVE('',#11232,#11335,#11422,.T.);
#11422 = LINE('',#11423,#11424);
#11423 = CARTESIAN_POINT('',(-0.763126957563,-0.77586040337,0.1));
#11424 = VECTOR('',#11425,1.);
#11425 = DIRECTION('',(0.62828920845,0.777979865128,0.));
#11426 = ORIENTED_EDGE('',*,*,#11343,.T.);
#11427 = ORIENTED_EDGE('',*,*,#11380,.F.);
#11428 = PLANE('',#11429);
#11429 = AXIS2_PLACEMENT_3D('',#11430,#11431,#11432);
#11430 = CARTESIAN_POINT('',(-0.763126957563,-0.77586040337,0.));
#11431 = DIRECTION('',(0.777979865128,-0.62828920845,0.));
#11432 = DIRECTION('',(0.62828920845,0.777979865128,0.));
#11433 = ADVANCED_FACE('',(#11434),#11442,.F.);
#11434 = FACE_BOUND('',#11435,.T.);
#11435 = EDGE_LOOP('',(#11436,#11437,#11438,#11439,#11440,#11441));
#11436 = ORIENTED_EDGE('',*,*,#11231,.T.);
#11437 = ORIENTED_EDGE('',*,*,#11365,.F.);
#11438 = ORIENTED_EDGE('',*,*,#11292,.T.);
#11439 = ORIENTED_EDGE('',*,*,#11406,.F.);
#11440 = ORIENTED_EDGE('',*,*,#11334,.T.);
#11441 = ORIENTED_EDGE('',*,*,#11421,.F.);
#11442 = PLANE('',#11443);
#11443 = AXIS2_PLACEMENT_3D('',#11444,#11445,#11446);
#11444 = CARTESIAN_POINT('',(-0.743671851286,-0.76240916744,0.1));
#11445 = DIRECTION('',(0.,0.,-1.));
#11446 = DIRECTION('',(-1.,0.,0.));
#11447 = MANIFOLD_SOLID_BREP('',#11448);
#11448 = CLOSED_SHELL('',(#11449,#11489,#11529,#11569,#11593,#11626,
    #11643,#11655));
#11449 = ADVANCED_FACE('',(#11450),#11484,.T.);
#11450 = FACE_BOUND('',#11451,.T.);
#11451 = EDGE_LOOP('',(#11452,#11462,#11470,#11478));
#11452 = ORIENTED_EDGE('',*,*,#11453,.T.);
#11453 = EDGE_CURVE('',#11454,#11456,#11458,.T.);
#11454 = VERTEX_POINT('',#11455);
#11455 = CARTESIAN_POINT('',(-0.673654122537,-0.691862917731,0.));
#11456 = VERTEX_POINT('',#11457);
#11457 = CARTESIAN_POINT('',(-0.673654122537,-0.691862917731,0.1));
#11458 = LINE('',#11459,#11460);
#11459 = CARTESIAN_POINT('',(-0.673654122537,-0.691862917731,0.1));
#11460 = VECTOR('',#11461,1.);
#11461 = DIRECTION('',(0.,0.,1.));
#11462 = ORIENTED_EDGE('',*,*,#11463,.T.);
#11463 = EDGE_CURVE('',#11456,#11464,#11466,.T.);
#11464 = VERTEX_POINT('',#11465);
#11465 = CARTESIAN_POINT('',(-0.728723339028,-0.691862917731,0.1));
#11466 = LINE('',#11467,#11468);
#11467 = CARTESIAN_POINT('',(-0.701188730783,-0.691862917731,0.1));
#11468 = VECTOR('',#11469,1.);
#11469 = DIRECTION('',(-1.,0.,0.));
#11470 = ORIENTED_EDGE('',*,*,#11471,.T.);
#11471 = EDGE_CURVE('',#11464,#11472,#11474,.T.);
#11472 = VERTEX_POINT('',#11473);
#11473 = CARTESIAN_POINT('',(-0.728723339028,-0.691862917731,0.));
#11474 = LINE('',#11475,#11476);
#11475 = CARTESIAN_POINT('',(-0.728723339028,-0.691862917731,0.1));
#11476 = VECTOR('',#11477,1.);
#11477 = DIRECTION('',(0.,0.,-1.));
#11478 = ORIENTED_EDGE('',*,*,#11479,.T.);
#11479 = EDGE_CURVE('',#11472,#11454,#11480,.T.);
#11480 = LINE('',#11481,#11482);
#11481 = CARTESIAN_POINT('',(-0.701188730783,-0.691862917731,0.));
#11482 = VECTOR('',#11483,1.);
#11483 = DIRECTION('',(1.,0.,0.));
#11484 = PLANE('',#11485);
#11485 = AXIS2_PLACEMENT_3D('',#11486,#11487,#11488);
#11486 = CARTESIAN_POINT('',(-0.701188730783,-0.691862917731,0.));
#11487 = DIRECTION('',(0.,-1.,0.));
#11488 = DIRECTION('',(1.,0.,0.));
#11489 = ADVANCED_FACE('',(#11490),#11524,.T.);
#11490 = FACE_BOUND('',#11491,.T.);
#11491 = EDGE_LOOP('',(#11492,#11502,#11510,#11518));
#11492 = ORIENTED_EDGE('',*,*,#11493,.T.);
#11493 = EDGE_CURVE('',#11494,#11496,#11498,.T.);
#11494 = VERTEX_POINT('',#11495);
#11495 = CARTESIAN_POINT('',(-0.665807112479,-0.686402347507,0.));
#11496 = VERTEX_POINT('',#11497);
#11497 = CARTESIAN_POINT('',(-0.736570349087,-0.686402347507,0.));
#11498 = LINE('',#11499,#11500);
#11499 = CARTESIAN_POINT('',(-0.665807112479,-0.686402347507,0.));
#11500 = VECTOR('',#11501,1.);
#11501 = DIRECTION('',(-1.,0.,0.));
#11502 = ORIENTED_EDGE('',*,*,#11503,.T.);
#11503 = EDGE_CURVE('',#11496,#11504,#11506,.T.);
#11504 = VERTEX_POINT('',#11505);
#11505 = CARTESIAN_POINT('',(-0.736570349087,-0.686402347507,0.1));
#11506 = LINE('',#11507,#11508);
#11507 = CARTESIAN_POINT('',(-0.736570349087,-0.686402347507,0.));
#11508 = VECTOR('',#11509,1.);
#11509 = DIRECTION('',(0.,0.,1.));
#11510 = ORIENTED_EDGE('',*,*,#11511,.F.);
#11511 = EDGE_CURVE('',#11512,#11504,#11514,.T.);
#11512 = VERTEX_POINT('',#11513);
#11513 = CARTESIAN_POINT('',(-0.665807112479,-0.686402347507,0.1));
#11514 = LINE('',#11515,#11516);
#11515 = CARTESIAN_POINT('',(-0.665807112479,-0.686402347507,0.1));
#11516 = VECTOR('',#11517,1.);
#11517 = DIRECTION('',(-1.,0.,0.));
#11518 = ORIENTED_EDGE('',*,*,#11519,.F.);
#11519 = EDGE_CURVE('',#11494,#11512,#11520,.T.);
#11520 = LINE('',#11521,#11522);
#11521 = CARTESIAN_POINT('',(-0.665807112479,-0.686402347507,0.));
#11522 = VECTOR('',#11523,1.);
#11523 = DIRECTION('',(0.,0.,1.));
#11524 = PLANE('',#11525);
#11525 = AXIS2_PLACEMENT_3D('',#11526,#11527,#11528);
#11526 = CARTESIAN_POINT('',(-0.665807112479,-0.686402347507,0.));
#11527 = DIRECTION('',(0.,1.,0.));
#11528 = DIRECTION('',(-1.,0.,0.));
#11529 = ADVANCED_FACE('',(#11530),#11564,.F.);
#11530 = FACE_BOUND('',#11531,.T.);
#11531 = EDGE_LOOP('',(#11532,#11541,#11542,#11551,#11557,#11558));
#11532 = ORIENTED_EDGE('',*,*,#11533,.T.);
#11533 = EDGE_CURVE('',#11534,#11454,#11536,.T.);
#11534 = VERTEX_POINT('',#11535);
#11535 = CARTESIAN_POINT('',(-0.665141064846,-0.688305049596,0.));
#11536 = CIRCLE('',#11537,5.E-03);
#11537 = AXIS2_PLACEMENT_3D('',#11538,#11539,#11540);
#11538 = CARTESIAN_POINT('',(-0.668654122537,-0.691862917731,0.));
#11539 = DIRECTION('',(0.,0.,1.));
#11540 = DIRECTION('',(-1.,0.,0.));
#11541 = ORIENTED_EDGE('',*,*,#11479,.F.);
#11542 = ORIENTED_EDGE('',*,*,#11543,.T.);
#11543 = EDGE_CURVE('',#11472,#11544,#11546,.T.);
#11544 = VERTEX_POINT('',#11545);
#11545 = CARTESIAN_POINT('',(-0.737236396719,-0.688305049596,0.));
#11546 = CIRCLE('',#11547,5.E-03);
#11547 = AXIS2_PLACEMENT_3D('',#11548,#11549,#11550);
#11548 = CARTESIAN_POINT('',(-0.733723339028,-0.691862917731,0.));
#11549 = DIRECTION('',(0.,0.,1.));
#11550 = DIRECTION('',(-1.,0.,0.));
#11551 = ORIENTED_EDGE('',*,*,#11552,.T.);
#11552 = EDGE_CURVE('',#11544,#11496,#11553,.T.);
#11553 = LINE('',#11554,#11555);
#11554 = CARTESIAN_POINT('',(-0.767489156284,-0.774728281287,0.));
#11555 = VECTOR('',#11556,1.);
#11556 = DIRECTION('',(0.330395456277,0.943842594118,0.));
#11557 = ORIENTED_EDGE('',*,*,#11493,.F.);
#11558 = ORIENTED_EDGE('',*,*,#11559,.F.);
#11559 = EDGE_CURVE('',#11534,#11494,#11560,.T.);
#11560 = LINE('',#11561,#11562);
#11561 = CARTESIAN_POINT('',(-0.634888305281,-0.774728281287,0.));
#11562 = VECTOR('',#11563,1.);
#11563 = DIRECTION('',(-0.330395456277,0.943842594118,0.));
#11564 = PLANE('',#11565);
#11565 = AXIS2_PLACEMENT_3D('',#11566,#11567,#11568);
#11566 = CARTESIAN_POINT('',(-0.662420850073,-0.7527989105,0.));
#11567 = DIRECTION('',(0.,0.,1.));
#11568 = DIRECTION('',(1.,0.,-0.));
#11569 = ADVANCED_FACE('',(#11570),#11588,.T.);
#11570 = FACE_BOUND('',#11571,.T.);
#11571 = EDGE_LOOP('',(#11572,#11580,#11581,#11582));
#11572 = ORIENTED_EDGE('',*,*,#11573,.T.);
#11573 = EDGE_CURVE('',#11574,#11534,#11576,.T.);
#11574 = VERTEX_POINT('',#11575);
#11575 = CARTESIAN_POINT('',(-0.665141064846,-0.688305049596,0.1));
#11576 = LINE('',#11577,#11578);
#11577 = CARTESIAN_POINT('',(-0.665141064846,-0.688305049596,0.1));
#11578 = VECTOR('',#11579,1.);
#11579 = DIRECTION('',(0.,0.,-1.));
#11580 = ORIENTED_EDGE('',*,*,#11559,.T.);
#11581 = ORIENTED_EDGE('',*,*,#11519,.T.);
#11582 = ORIENTED_EDGE('',*,*,#11583,.F.);
#11583 = EDGE_CURVE('',#11574,#11512,#11584,.T.);
#11584 = LINE('',#11585,#11586);
#11585 = CARTESIAN_POINT('',(-0.634888305281,-0.774728281287,0.1));
#11586 = VECTOR('',#11587,1.);
#11587 = DIRECTION('',(-0.330395456277,0.943842594118,0.));
#11588 = PLANE('',#11589);
#11589 = AXIS2_PLACEMENT_3D('',#11590,#11591,#11592);
#11590 = CARTESIAN_POINT('',(-0.634888305281,-0.774728281287,0.));
#11591 = DIRECTION('',(0.943842594118,0.330395456277,0.));
#11592 = DIRECTION('',(-0.330395456277,0.943842594118,0.));
#11593 = ADVANCED_FACE('',(#11594),#11621,.T.);
#11594 = FACE_BOUND('',#11595,.T.);
#11595 = EDGE_LOOP('',(#11596,#11603,#11604,#11605,#11613,#11620));
#11596 = ORIENTED_EDGE('',*,*,#11597,.T.);
#11597 = EDGE_CURVE('',#11456,#11574,#11598,.T.);
#11598 = CIRCLE('',#11599,5.E-03);
#11599 = AXIS2_PLACEMENT_3D('',#11600,#11601,#11602);
#11600 = CARTESIAN_POINT('',(-0.668654122537,-0.691862917731,0.1));
#11601 = DIRECTION('',(0.,0.,-1.));
#11602 = DIRECTION('',(-1.,0.,0.));
#11603 = ORIENTED_EDGE('',*,*,#11583,.T.);
#11604 = ORIENTED_EDGE('',*,*,#11511,.T.);
#11605 = ORIENTED_EDGE('',*,*,#11606,.F.);
#11606 = EDGE_CURVE('',#11607,#11504,#11609,.T.);
#11607 = VERTEX_POINT('',#11608);
#11608 = CARTESIAN_POINT('',(-0.737236396719,-0.688305049596,0.1));
#11609 = LINE('',#11610,#11611);
#11610 = CARTESIAN_POINT('',(-0.767489156284,-0.774728281287,0.1));
#11611 = VECTOR('',#11612,1.);
#11612 = DIRECTION('',(0.330395456277,0.943842594118,0.));
#11613 = ORIENTED_EDGE('',*,*,#11614,.T.);
#11614 = EDGE_CURVE('',#11607,#11464,#11615,.T.);
#11615 = CIRCLE('',#11616,5.E-03);
#11616 = AXIS2_PLACEMENT_3D('',#11617,#11618,#11619);
#11617 = CARTESIAN_POINT('',(-0.733723339028,-0.691862917731,0.1));
#11618 = DIRECTION('',(0.,0.,-1.));
#11619 = DIRECTION('',(-1.,0.,0.));
#11620 = ORIENTED_EDGE('',*,*,#11463,.F.);
#11621 = PLANE('',#11622);
#11622 = AXIS2_PLACEMENT_3D('',#11623,#11624,#11625);
#11623 = CARTESIAN_POINT('',(-0.662420850073,-0.7527989105,0.1));
#11624 = DIRECTION('',(0.,0.,1.));
#11625 = DIRECTION('',(1.,0.,-0.));
#11626 = ADVANCED_FACE('',(#11627),#11638,.F.);
#11627 = FACE_BOUND('',#11628,.T.);
#11628 = EDGE_LOOP('',(#11629,#11635,#11636,#11637));
#11629 = ORIENTED_EDGE('',*,*,#11630,.T.);
#11630 = EDGE_CURVE('',#11544,#11607,#11631,.T.);
#11631 = LINE('',#11632,#11633);
#11632 = CARTESIAN_POINT('',(-0.737236396719,-0.688305049596,0.1));
#11633 = VECTOR('',#11634,1.);
#11634 = DIRECTION('',(0.,0.,1.));
#11635 = ORIENTED_EDGE('',*,*,#11606,.T.);
#11636 = ORIENTED_EDGE('',*,*,#11503,.F.);
#11637 = ORIENTED_EDGE('',*,*,#11552,.F.);
#11638 = PLANE('',#11639);
#11639 = AXIS2_PLACEMENT_3D('',#11640,#11641,#11642);
#11640 = CARTESIAN_POINT('',(-0.767489156284,-0.774728281287,0.));
#11641 = DIRECTION('',(0.943842594118,-0.330395456277,0.));
#11642 = DIRECTION('',(0.330395456277,0.943842594118,0.));
#11643 = ADVANCED_FACE('',(#11644),#11650,.F.);
#11644 = FACE_BOUND('',#11645,.F.);
#11645 = EDGE_LOOP('',(#11646,#11647,#11648,#11649));
#11646 = ORIENTED_EDGE('',*,*,#11543,.T.);
#11647 = ORIENTED_EDGE('',*,*,#11630,.T.);
#11648 = ORIENTED_EDGE('',*,*,#11614,.T.);
#11649 = ORIENTED_EDGE('',*,*,#11471,.T.);
#11650 = CYLINDRICAL_SURFACE('',#11651,5.E-03);
#11651 = AXIS2_PLACEMENT_3D('',#11652,#11653,#11654);
#11652 = CARTESIAN_POINT('',(-0.733723339028,-0.691862917731,0.1));
#11653 = DIRECTION('',(0.,0.,1.));
#11654 = DIRECTION('',(-1.,0.,0.));
#11655 = ADVANCED_FACE('',(#11656),#11662,.F.);
#11656 = FACE_BOUND('',#11657,.F.);
#11657 = EDGE_LOOP('',(#11658,#11659,#11660,#11661));
#11658 = ORIENTED_EDGE('',*,*,#11597,.T.);
#11659 = ORIENTED_EDGE('',*,*,#11573,.T.);
#11660 = ORIENTED_EDGE('',*,*,#11533,.T.);
#11661 = ORIENTED_EDGE('',*,*,#11453,.T.);
#11662 = CYLINDRICAL_SURFACE('',#11663,5.E-03);
#11663 = AXIS2_PLACEMENT_3D('',#11664,#11665,#11666);
#11664 = CARTESIAN_POINT('',(-0.668654122537,-0.691862917731,0.1));
#11665 = DIRECTION('',(0.,0.,1.));
#11666 = DIRECTION('',(-1.,0.,0.));
#11667 = MANIFOLD_SOLID_BREP('',#11668);
#11668 = CLOSED_SHELL('',(#11669,#11711,#11753,#11775,#11792,#11809));
#11669 = ADVANCED_FACE('',(#11670),#11706,.F.);
#11670 = FACE_BOUND('',#11671,.F.);
#11671 = EDGE_LOOP('',(#11672,#11683,#11691,#11700));
#11672 = ORIENTED_EDGE('',*,*,#11673,.T.);
#11673 = EDGE_CURVE('',#11674,#11676,#11678,.T.);
#11674 = VERTEX_POINT('',#11675);
#11675 = CARTESIAN_POINT('',(-0.65719309088,-0.806060538071,0.));
#11676 = VERTEX_POINT('',#11677);
#11677 = CARTESIAN_POINT('',(-0.655878866496,-0.809439155852,0.));
#11678 = CIRCLE('',#11679,5.E-03);
#11679 = AXIS2_PLACEMENT_3D('',#11680,#11681,#11682);
#11680 = CARTESIAN_POINT('',(-0.65219309088,-0.806060538071,0.));
#11681 = DIRECTION('',(0.,0.,1.));
#11682 = DIRECTION('',(-1.,0.,0.));
#11683 = ORIENTED_EDGE('',*,*,#11684,.T.);
#11684 = EDGE_CURVE('',#11676,#11685,#11687,.T.);
#11685 = VERTEX_POINT('',#11686);
#11686 = CARTESIAN_POINT('',(-0.655878866496,-0.809439155852,0.1));
#11687 = LINE('',#11688,#11689);
#11688 = CARTESIAN_POINT('',(-0.655878866496,-0.809439155852,0.1));
#11689 = VECTOR('',#11690,1.);
#11690 = DIRECTION('',(0.,0.,1.));
#11691 = ORIENTED_EDGE('',*,*,#11692,.T.);
#11692 = EDGE_CURVE('',#11685,#11693,#11695,.T.);
#11693 = VERTEX_POINT('',#11694);
#11694 = CARTESIAN_POINT('',(-0.65719309088,-0.806060538071,0.1));
#11695 = CIRCLE('',#11696,5.E-03);
#11696 = AXIS2_PLACEMENT_3D('',#11697,#11698,#11699);
#11697 = CARTESIAN_POINT('',(-0.65219309088,-0.806060538071,0.1));
#11698 = DIRECTION('',(0.,0.,-1.));
#11699 = DIRECTION('',(-1.,0.,0.));
#11700 = ORIENTED_EDGE('',*,*,#11701,.T.);
#11701 = EDGE_CURVE('',#11693,#11674,#11702,.T.);
#11702 = LINE('',#11703,#11704);
#11703 = CARTESIAN_POINT('',(-0.65719309088,-0.806060538071,0.1));
#11704 = VECTOR('',#11705,1.);
#11705 = DIRECTION('',(0.,0.,-1.));
#11706 = CYLINDRICAL_SURFACE('',#11707,5.E-03);
#11707 = AXIS2_PLACEMENT_3D('',#11708,#11709,#11710);
#11708 = CARTESIAN_POINT('',(-0.65219309088,-0.806060538071,0.1));
#11709 = DIRECTION('',(0.,0.,1.));
#11710 = DIRECTION('',(-1.,0.,0.));
#11711 = ADVANCED_FACE('',(#11712),#11748,.F.);
#11712 = FACE_BOUND('',#11713,.F.);
#11713 = EDGE_LOOP('',(#11714,#11725,#11733,#11742));
#11714 = ORIENTED_EDGE('',*,*,#11715,.T.);
#11715 = EDGE_CURVE('',#11716,#11718,#11720,.T.);
#11716 = VERTEX_POINT('',#11717);
#11717 = CARTESIAN_POINT('',(-0.745184370685,-0.806060538071,0.1));
#11718 = VERTEX_POINT('',#11719);
#11719 = CARTESIAN_POINT('',(-0.74649859507,-0.809439155852,0.1));
#11720 = CIRCLE('',#11721,5.E-03);
#11721 = AXIS2_PLACEMENT_3D('',#11722,#11723,#11724);
#11722 = CARTESIAN_POINT('',(-0.750184370685,-0.806060538071,0.1));
#11723 = DIRECTION('',(0.,0.,-1.));
#11724 = DIRECTION('',(-1.,0.,0.));
#11725 = ORIENTED_EDGE('',*,*,#11726,.T.);
#11726 = EDGE_CURVE('',#11718,#11727,#11729,.T.);
#11727 = VERTEX_POINT('',#11728);
#11728 = CARTESIAN_POINT('',(-0.74649859507,-0.809439155852,0.));
#11729 = LINE('',#11730,#11731);
#11730 = CARTESIAN_POINT('',(-0.74649859507,-0.809439155852,0.1));
#11731 = VECTOR('',#11732,1.);
#11732 = DIRECTION('',(0.,0.,-1.));
#11733 = ORIENTED_EDGE('',*,*,#11734,.T.);
#11734 = EDGE_CURVE('',#11727,#11735,#11737,.T.);
#11735 = VERTEX_POINT('',#11736);
#11736 = CARTESIAN_POINT('',(-0.745184370685,-0.806060538071,0.));
#11737 = CIRCLE('',#11738,5.E-03);
#11738 = AXIS2_PLACEMENT_3D('',#11739,#11740,#11741);
#11739 = CARTESIAN_POINT('',(-0.750184370685,-0.806060538071,0.));
#11740 = DIRECTION('',(0.,0.,1.));
#11741 = DIRECTION('',(-1.,0.,0.));
#11742 = ORIENTED_EDGE('',*,*,#11743,.T.);
#11743 = EDGE_CURVE('',#11735,#11716,#11744,.T.);
#11744 = LINE('',#11745,#11746);
#11745 = CARTESIAN_POINT('',(-0.745184370685,-0.806060538071,0.1));
#11746 = VECTOR('',#11747,1.);
#11747 = DIRECTION('',(0.,0.,1.));
#11748 = CYLINDRICAL_SURFACE('',#11749,5.E-03);
#11749 = AXIS2_PLACEMENT_3D('',#11750,#11751,#11752);
#11750 = CARTESIAN_POINT('',(-0.750184370685,-0.806060538071,0.1));
#11751 = DIRECTION('',(0.,0.,1.));
#11752 = DIRECTION('',(-1.,0.,0.));
#11753 = ADVANCED_FACE('',(#11754),#11770,.T.);
#11754 = FACE_BOUND('',#11755,.T.);
#11755 = EDGE_LOOP('',(#11756,#11757,#11763,#11764));
#11756 = ORIENTED_EDGE('',*,*,#11684,.T.);
#11757 = ORIENTED_EDGE('',*,*,#11758,.T.);
#11758 = EDGE_CURVE('',#11685,#11718,#11759,.T.);
#11759 = LINE('',#11760,#11761);
#11760 = CARTESIAN_POINT('',(-0.701188730783,-0.809439155852,0.1));
#11761 = VECTOR('',#11762,1.);
#11762 = DIRECTION('',(-1.,0.,0.));
#11763 = ORIENTED_EDGE('',*,*,#11726,.T.);
#11764 = ORIENTED_EDGE('',*,*,#11765,.F.);
#11765 = EDGE_CURVE('',#11676,#11727,#11766,.T.);
#11766 = LINE('',#11767,#11768);
#11767 = CARTESIAN_POINT('',(-0.701188730783,-0.809439155852,0.));
#11768 = VECTOR('',#11769,1.);
#11769 = DIRECTION('',(-1.,0.,0.));
#11770 = PLANE('',#11771);
#11771 = AXIS2_PLACEMENT_3D('',#11772,#11773,#11774);
#11772 = CARTESIAN_POINT('',(-0.701188730783,-0.809439155852,0.));
#11773 = DIRECTION('',(0.,-1.,0.));
#11774 = DIRECTION('',(1.,0.,0.));
#11775 = ADVANCED_FACE('',(#11776),#11787,.T.);
#11776 = FACE_BOUND('',#11777,.T.);
#11777 = EDGE_LOOP('',(#11778,#11779,#11785,#11786));
#11778 = ORIENTED_EDGE('',*,*,#11692,.T.);
#11779 = ORIENTED_EDGE('',*,*,#11780,.T.);
#11780 = EDGE_CURVE('',#11693,#11716,#11781,.T.);
#11781 = LINE('',#11782,#11783);
#11782 = CARTESIAN_POINT('',(-0.65219309088,-0.806060538071,0.1));
#11783 = VECTOR('',#11784,1.);
#11784 = DIRECTION('',(-1.,-5.664907259294E-15,0.));
#11785 = ORIENTED_EDGE('',*,*,#11715,.T.);
#11786 = ORIENTED_EDGE('',*,*,#11758,.F.);
#11787 = PLANE('',#11788);
#11788 = AXIS2_PLACEMENT_3D('',#11789,#11790,#11791);
#11789 = CARTESIAN_POINT('',(-0.662420850073,-0.7527989105,0.1));
#11790 = DIRECTION('',(0.,0.,1.));
#11791 = DIRECTION('',(1.,0.,-0.));
#11792 = ADVANCED_FACE('',(#11793),#11804,.T.);
#11793 = FACE_BOUND('',#11794,.T.);
#11794 = EDGE_LOOP('',(#11795,#11796,#11802,#11803));
#11795 = ORIENTED_EDGE('',*,*,#11701,.T.);
#11796 = ORIENTED_EDGE('',*,*,#11797,.T.);
#11797 = EDGE_CURVE('',#11674,#11735,#11798,.T.);
#11798 = LINE('',#11799,#11800);
#11799 = CARTESIAN_POINT('',(-0.65219309088,-0.806060538071,0.));
#11800 = VECTOR('',#11801,1.);
#11801 = DIRECTION('',(-1.,-5.664907259294E-15,0.));
#11802 = ORIENTED_EDGE('',*,*,#11743,.T.);
#11803 = ORIENTED_EDGE('',*,*,#11780,.F.);
#11804 = PLANE('',#11805);
#11805 = AXIS2_PLACEMENT_3D('',#11806,#11807,#11808);
#11806 = CARTESIAN_POINT('',(-0.65219309088,-0.806060538071,0.));
#11807 = DIRECTION('',(-5.664907259294E-15,1.,0.));
#11808 = DIRECTION('',(-1.,-5.664907259294E-15,0.));
#11809 = ADVANCED_FACE('',(#11810),#11816,.F.);
#11810 = FACE_BOUND('',#11811,.T.);
#11811 = EDGE_LOOP('',(#11812,#11813,#11814,#11815));
#11812 = ORIENTED_EDGE('',*,*,#11673,.T.);
#11813 = ORIENTED_EDGE('',*,*,#11765,.T.);
#11814 = ORIENTED_EDGE('',*,*,#11734,.T.);
#11815 = ORIENTED_EDGE('',*,*,#11797,.F.);
#11816 = PLANE('',#11817);
#11817 = AXIS2_PLACEMENT_3D('',#11818,#11819,#11820);
#11818 = CARTESIAN_POINT('',(-0.662420850073,-0.7527989105,0.));
#11819 = DIRECTION('',(0.,0.,1.));
#11820 = DIRECTION('',(1.,0.,-0.));
#11821 = MANIFOLD_SOLID_BREP('',#11822);
#11822 = CLOSED_SHELL('',(#11823,#11882,#11913,#11944,#11985,#12007,
    #12019,#12031));
#11823 = ADVANCED_FACE('',(#11824),#11877,.T.);
#11824 = FACE_BOUND('',#11825,.T.);
#11825 = EDGE_LOOP('',(#11826,#11837,#11845,#11854,#11862,#11871));
#11826 = ORIENTED_EDGE('',*,*,#11827,.T.);
#11827 = EDGE_CURVE('',#11828,#11830,#11832,.T.);
#11828 = VERTEX_POINT('',#11829);
#11829 = CARTESIAN_POINT('',(-0.728723339028,-0.739451337491,0.1));
#11830 = VERTEX_POINT('',#11831);
#11831 = CARTESIAN_POINT('',(-0.730724704914,-0.743452361541,0.1));
#11832 = CIRCLE('',#11833,5.E-03);
#11833 = AXIS2_PLACEMENT_3D('',#11834,#11835,#11836);
#11834 = CARTESIAN_POINT('',(-0.733723339028,-0.739451337491,0.1));
#11835 = DIRECTION('',(0.,0.,-1.));
#11836 = DIRECTION('',(-1.,0.,0.));
#11837 = ORIENTED_EDGE('',*,*,#11838,.F.);
#11838 = EDGE_CURVE('',#11839,#11830,#11841,.T.);
#11839 = VERTEX_POINT('',#11840);
#11840 = CARTESIAN_POINT('',(-0.704187364897,-0.778860661316,0.1));
#11841 = LINE('',#11842,#11843);
#11842 = CARTESIAN_POINT('',(-0.701188730783,-0.782861685366,0.1));
#11843 = VECTOR('',#11844,1.);
#11844 = DIRECTION('',(-0.599726822849,0.800204810005,0.));
#11845 = ORIENTED_EDGE('',*,*,#11846,.T.);
#11846 = EDGE_CURVE('',#11839,#11847,#11849,.T.);
#11847 = VERTEX_POINT('',#11848);
#11848 = CARTESIAN_POINT('',(-0.698190096669,-0.778860661316,0.1));
#11849 = CIRCLE('',#11850,5.E-03);
#11850 = AXIS2_PLACEMENT_3D('',#11851,#11852,#11853);
#11851 = CARTESIAN_POINT('',(-0.701188730783,-0.782861685366,0.1));
#11852 = DIRECTION('',(0.,0.,-1.));
#11853 = DIRECTION('',(-1.,0.,0.));
#11854 = ORIENTED_EDGE('',*,*,#11855,.T.);
#11855 = EDGE_CURVE('',#11847,#11856,#11858,.T.);
#11856 = VERTEX_POINT('',#11857);
#11857 = CARTESIAN_POINT('',(-0.671652756652,-0.743452361541,0.1));
#11858 = LINE('',#11859,#11860);
#11859 = CARTESIAN_POINT('',(-0.701188730783,-0.782861685366,0.1));
#11860 = VECTOR('',#11861,1.);
#11861 = DIRECTION('',(0.599726822849,0.800204810005,0.));
#11862 = ORIENTED_EDGE('',*,*,#11863,.T.);
#11863 = EDGE_CURVE('',#11856,#11864,#11866,.T.);
#11864 = VERTEX_POINT('',#11865);
#11865 = CARTESIAN_POINT('',(-0.673654122537,-0.739451337491,0.1));
#11866 = CIRCLE('',#11867,5.E-03);
#11867 = AXIS2_PLACEMENT_3D('',#11868,#11869,#11870);
#11868 = CARTESIAN_POINT('',(-0.668654122537,-0.739451337491,0.1));
#11869 = DIRECTION('',(0.,0.,-1.));
#11870 = DIRECTION('',(-1.,0.,0.));
#11871 = ORIENTED_EDGE('',*,*,#11872,.T.);
#11872 = EDGE_CURVE('',#11864,#11828,#11873,.T.);
#11873 = LINE('',#11874,#11875);
#11874 = CARTESIAN_POINT('',(-0.668654122537,-0.739451337491,0.1));
#11875 = VECTOR('',#11876,1.);
#11876 = DIRECTION('',(-1.,0.,0.));
#11877 = PLANE('',#11878);
#11878 = AXIS2_PLACEMENT_3D('',#11879,#11880,#11881);
#11879 = CARTESIAN_POINT('',(-0.690345404088,-0.755732534001,0.1));
#11880 = DIRECTION('',(0.,0.,1.));
#11881 = DIRECTION('',(1.,0.,-0.));
#11882 = ADVANCED_FACE('',(#11883),#11908,.T.);
#11883 = FACE_BOUND('',#11884,.T.);
#11884 = EDGE_LOOP('',(#11885,#11893,#11894,#11902));
#11885 = ORIENTED_EDGE('',*,*,#11886,.T.);
#11886 = EDGE_CURVE('',#11887,#11828,#11889,.T.);
#11887 = VERTEX_POINT('',#11888);
#11888 = CARTESIAN_POINT('',(-0.728723339028,-0.739451337491,0.));
#11889 = LINE('',#11890,#11891);
#11890 = CARTESIAN_POINT('',(-0.728723339028,-0.739451337491,0.1));
#11891 = VECTOR('',#11892,1.);
#11892 = DIRECTION('',(0.,0.,1.));
#11893 = ORIENTED_EDGE('',*,*,#11872,.F.);
#11894 = ORIENTED_EDGE('',*,*,#11895,.T.);
#11895 = EDGE_CURVE('',#11864,#11896,#11898,.T.);
#11896 = VERTEX_POINT('',#11897);
#11897 = CARTESIAN_POINT('',(-0.673654122537,-0.739451337491,0.));
#11898 = LINE('',#11899,#11900);
#11899 = CARTESIAN_POINT('',(-0.673654122537,-0.739451337491,0.1));
#11900 = VECTOR('',#11901,1.);
#11901 = DIRECTION('',(0.,0.,-1.));
#11902 = ORIENTED_EDGE('',*,*,#11903,.T.);
#11903 = EDGE_CURVE('',#11896,#11887,#11904,.T.);
#11904 = LINE('',#11905,#11906);
#11905 = CARTESIAN_POINT('',(-0.668654122537,-0.739451337491,0.));
#11906 = VECTOR('',#11907,1.);
#11907 = DIRECTION('',(-1.,0.,0.));
#11908 = PLANE('',#11909);
#11909 = AXIS2_PLACEMENT_3D('',#11910,#11911,#11912);
#11910 = CARTESIAN_POINT('',(-0.668654122537,-0.739451337491,0.));
#11911 = DIRECTION('',(0.,1.,0.));
#11912 = DIRECTION('',(-1.,0.,0.));
#11913 = ADVANCED_FACE('',(#11914),#11939,.T.);
#11914 = FACE_BOUND('',#11915,.T.);
#11915 = EDGE_LOOP('',(#11916,#11924,#11932,#11938));
#11916 = ORIENTED_EDGE('',*,*,#11917,.T.);
#11917 = EDGE_CURVE('',#11847,#11918,#11920,.T.);
#11918 = VERTEX_POINT('',#11919);
#11919 = CARTESIAN_POINT('',(-0.698190096669,-0.778860661316,0.));
#11920 = LINE('',#11921,#11922);
#11921 = CARTESIAN_POINT('',(-0.698190096669,-0.778860661316,0.1));
#11922 = VECTOR('',#11923,1.);
#11923 = DIRECTION('',(0.,0.,-1.));
#11924 = ORIENTED_EDGE('',*,*,#11925,.T.);
#11925 = EDGE_CURVE('',#11918,#11926,#11928,.T.);
#11926 = VERTEX_POINT('',#11927);
#11927 = CARTESIAN_POINT('',(-0.671652756652,-0.743452361541,0.));
#11928 = LINE('',#11929,#11930);
#11929 = CARTESIAN_POINT('',(-0.701188730783,-0.782861685366,0.));
#11930 = VECTOR('',#11931,1.);
#11931 = DIRECTION('',(0.599726822849,0.800204810005,0.));
#11932 = ORIENTED_EDGE('',*,*,#11933,.T.);
#11933 = EDGE_CURVE('',#11926,#11856,#11934,.T.);
#11934 = LINE('',#11935,#11936);
#11935 = CARTESIAN_POINT('',(-0.671652756652,-0.743452361541,0.1));
#11936 = VECTOR('',#11937,1.);
#11937 = DIRECTION('',(0.,0.,1.));
#11938 = ORIENTED_EDGE('',*,*,#11855,.F.);
#11939 = PLANE('',#11940);
#11940 = AXIS2_PLACEMENT_3D('',#11941,#11942,#11943);
#11941 = CARTESIAN_POINT('',(-0.701188730783,-0.782861685366,0.));
#11942 = DIRECTION('',(0.800204810005,-0.599726822849,0.));
#11943 = DIRECTION('',(0.599726822849,0.800204810005,0.));
#11944 = ADVANCED_FACE('',(#11945),#11980,.F.);
#11945 = FACE_BOUND('',#11946,.T.);
#11946 = EDGE_LOOP('',(#11947,#11956,#11957,#11964,#11965,#11974));
#11947 = ORIENTED_EDGE('',*,*,#11948,.T.);
#11948 = EDGE_CURVE('',#11949,#11887,#11951,.T.);
#11949 = VERTEX_POINT('',#11950);
#11950 = CARTESIAN_POINT('',(-0.730724704914,-0.743452361541,0.));
#11951 = CIRCLE('',#11952,5.E-03);
#11952 = AXIS2_PLACEMENT_3D('',#11953,#11954,#11955);
#11953 = CARTESIAN_POINT('',(-0.733723339028,-0.739451337491,0.));
#11954 = DIRECTION('',(0.,0.,1.));
#11955 = DIRECTION('',(-1.,0.,0.));
#11956 = ORIENTED_EDGE('',*,*,#11903,.F.);
#11957 = ORIENTED_EDGE('',*,*,#11958,.T.);
#11958 = EDGE_CURVE('',#11896,#11926,#11959,.T.);
#11959 = CIRCLE('',#11960,5.E-03);
#11960 = AXIS2_PLACEMENT_3D('',#11961,#11962,#11963);
#11961 = CARTESIAN_POINT('',(-0.668654122537,-0.739451337491,0.));
#11962 = DIRECTION('',(0.,0.,1.));
#11963 = DIRECTION('',(-1.,0.,0.));
#11964 = ORIENTED_EDGE('',*,*,#11925,.F.);
#11965 = ORIENTED_EDGE('',*,*,#11966,.T.);
#11966 = EDGE_CURVE('',#11918,#11967,#11969,.T.);
#11967 = VERTEX_POINT('',#11968);
#11968 = CARTESIAN_POINT('',(-0.704187364897,-0.778860661316,0.));
#11969 = CIRCLE('',#11970,5.E-03);
#11970 = AXIS2_PLACEMENT_3D('',#11971,#11972,#11973);
#11971 = CARTESIAN_POINT('',(-0.701188730783,-0.782861685366,0.));
#11972 = DIRECTION('',(0.,0.,1.));
#11973 = DIRECTION('',(-1.,0.,0.));
#11974 = ORIENTED_EDGE('',*,*,#11975,.T.);
#11975 = EDGE_CURVE('',#11967,#11949,#11976,.T.);
#11976 = LINE('',#11977,#11978);
#11977 = CARTESIAN_POINT('',(-0.701188730783,-0.782861685366,0.));
#11978 = VECTOR('',#11979,1.);
#11979 = DIRECTION('',(-0.599726822849,0.800204810005,0.));
#11980 = PLANE('',#11981);
#11981 = AXIS2_PLACEMENT_3D('',#11982,#11983,#11984);
#11982 = CARTESIAN_POINT('',(-0.690345404088,-0.755732534001,0.));
#11983 = DIRECTION('',(0.,0.,1.));
#11984 = DIRECTION('',(1.,0.,-0.));
#11985 = ADVANCED_FACE('',(#11986),#12002,.F.);
#11986 = FACE_BOUND('',#11987,.T.);
#11987 = EDGE_LOOP('',(#11988,#11994,#11995,#12001));
#11988 = ORIENTED_EDGE('',*,*,#11989,.T.);
#11989 = EDGE_CURVE('',#11830,#11949,#11990,.T.);
#11990 = LINE('',#11991,#11992);
#11991 = CARTESIAN_POINT('',(-0.730724704914,-0.743452361541,0.1));
#11992 = VECTOR('',#11993,1.);
#11993 = DIRECTION('',(0.,0.,-1.));
#11994 = ORIENTED_EDGE('',*,*,#11975,.F.);
#11995 = ORIENTED_EDGE('',*,*,#11996,.T.);
#11996 = EDGE_CURVE('',#11967,#11839,#11997,.T.);
#11997 = LINE('',#11998,#11999);
#11998 = CARTESIAN_POINT('',(-0.704187364897,-0.778860661316,0.1));
#11999 = VECTOR('',#12000,1.);
#12000 = DIRECTION('',(0.,0.,1.));
#12001 = ORIENTED_EDGE('',*,*,#11838,.T.);
#12002 = PLANE('',#12003);
#12003 = AXIS2_PLACEMENT_3D('',#12004,#12005,#12006);
#12004 = CARTESIAN_POINT('',(-0.701188730783,-0.782861685366,0.));
#12005 = DIRECTION('',(0.800204810005,0.599726822849,0.));
#12006 = DIRECTION('',(-0.599726822849,0.800204810005,0.));
#12007 = ADVANCED_FACE('',(#12008),#12014,.F.);
#12008 = FACE_BOUND('',#12009,.F.);
#12009 = EDGE_LOOP('',(#12010,#12011,#12012,#12013));
#12010 = ORIENTED_EDGE('',*,*,#11958,.T.);
#12011 = ORIENTED_EDGE('',*,*,#11933,.T.);
#12012 = ORIENTED_EDGE('',*,*,#11863,.T.);
#12013 = ORIENTED_EDGE('',*,*,#11895,.T.);
#12014 = CYLINDRICAL_SURFACE('',#12015,5.E-03);
#12015 = AXIS2_PLACEMENT_3D('',#12016,#12017,#12018);
#12016 = CARTESIAN_POINT('',(-0.668654122537,-0.739451337491,0.1));
#12017 = DIRECTION('',(0.,0.,1.));
#12018 = DIRECTION('',(-1.,0.,0.));
#12019 = ADVANCED_FACE('',(#12020),#12026,.F.);
#12020 = FACE_BOUND('',#12021,.F.);
#12021 = EDGE_LOOP('',(#12022,#12023,#12024,#12025));
#12022 = ORIENTED_EDGE('',*,*,#11966,.T.);
#12023 = ORIENTED_EDGE('',*,*,#11996,.T.);
#12024 = ORIENTED_EDGE('',*,*,#11846,.T.);
#12025 = ORIENTED_EDGE('',*,*,#11917,.T.);
#12026 = CYLINDRICAL_SURFACE('',#12027,5.E-03);
#12027 = AXIS2_PLACEMENT_3D('',#12028,#12029,#12030);
#12028 = CARTESIAN_POINT('',(-0.701188730783,-0.782861685366,0.1));
#12029 = DIRECTION('',(0.,0.,1.));
#12030 = DIRECTION('',(-1.,0.,0.));
#12031 = ADVANCED_FACE('',(#12032),#12038,.F.);
#12032 = FACE_BOUND('',#12033,.F.);
#12033 = EDGE_LOOP('',(#12034,#12035,#12036,#12037));
#12034 = ORIENTED_EDGE('',*,*,#11827,.T.);
#12035 = ORIENTED_EDGE('',*,*,#11989,.T.);
#12036 = ORIENTED_EDGE('',*,*,#11948,.T.);
#12037 = ORIENTED_EDGE('',*,*,#11886,.T.);
#12038 = CYLINDRICAL_SURFACE('',#12039,5.E-03);
#12039 = AXIS2_PLACEMENT_3D('',#12040,#12041,#12042);
#12040 = CARTESIAN_POINT('',(-0.733723339028,-0.739451337491,0.1));
#12041 = DIRECTION('',(0.,0.,1.));
#12042 = DIRECTION('',(-1.,0.,0.));
#12043 = MANIFOLD_SOLID_BREP('',#12044);
#12044 = CLOSED_SHELL('',(#12045,#12087,#12129,#12151,#12168,#12185));
#12045 = ADVANCED_FACE('',(#12046),#12082,.F.);
#12046 = FACE_BOUND('',#12047,.F.);
#12047 = EDGE_LOOP('',(#12048,#12059,#12067,#12076));
#12048 = ORIENTED_EDGE('',*,*,#12049,.T.);
#12049 = EDGE_CURVE('',#12050,#12052,#12054,.T.);
#12050 = VERTEX_POINT('',#12051);
#12051 = CARTESIAN_POINT('',(-0.650223536555,-0.801464794849,0.1));
#12052 = VERTEX_POINT('',#12053);
#12053 = CARTESIAN_POINT('',(-0.647536095506,-0.804240539697,0.1));
#12054 = CIRCLE('',#12055,5.E-03);
#12055 = AXIS2_PLACEMENT_3D('',#12056,#12057,#12058);
#12056 = CARTESIAN_POINT('',(-0.65219309088,-0.806060538071,0.1));
#12057 = DIRECTION('',(0.,0.,-1.));
#12058 = DIRECTION('',(-1.,0.,0.));
#12059 = ORIENTED_EDGE('',*,*,#12060,.T.);
#12060 = EDGE_CURVE('',#12052,#12061,#12063,.T.);
#12061 = VERTEX_POINT('',#12062);
#12062 = CARTESIAN_POINT('',(-0.647536095506,-0.804240539697,
    1.734723475977E-17));
#12063 = LINE('',#12064,#12065);
#12064 = CARTESIAN_POINT('',(-0.647536095506,-0.804240539697,0.1));
#12065 = VECTOR('',#12066,1.);
#12066 = DIRECTION('',(0.,0.,-1.));
#12067 = ORIENTED_EDGE('',*,*,#12068,.T.);
#12068 = EDGE_CURVE('',#12061,#12069,#12071,.T.);
#12069 = VERTEX_POINT('',#12070);
#12070 = CARTESIAN_POINT('',(-0.650223536555,-0.801464794849,0.));
#12071 = CIRCLE('',#12072,5.E-03);
#12072 = AXIS2_PLACEMENT_3D('',#12073,#12074,#12075);
#12073 = CARTESIAN_POINT('',(-0.65219309088,-0.806060538071,0.));
#12074 = DIRECTION('',(0.,0.,1.));
#12075 = DIRECTION('',(-1.,0.,0.));
#12076 = ORIENTED_EDGE('',*,*,#12077,.T.);
#12077 = EDGE_CURVE('',#12069,#12050,#12078,.T.);
#12078 = LINE('',#12079,#12080);
#12079 = CARTESIAN_POINT('',(-0.650223536555,-0.801464794849,0.1));
#12080 = VECTOR('',#12081,1.);
#12081 = DIRECTION('',(0.,0.,1.));
#12082 = CYLINDRICAL_SURFACE('',#12083,5.E-03);
#12083 = AXIS2_PLACEMENT_3D('',#12084,#12085,#12086);
#12084 = CARTESIAN_POINT('',(-0.65219309088,-0.806060538071,0.1));
#12085 = DIRECTION('',(0.,0.,1.));
#12086 = DIRECTION('',(-1.,0.,0.));
#12087 = ADVANCED_FACE('',(#12088),#12124,.F.);
#12088 = FACE_BOUND('',#12089,.F.);
#12089 = EDGE_LOOP('',(#12090,#12101,#12109,#12118));
#12090 = ORIENTED_EDGE('',*,*,#12091,.T.);
#12091 = EDGE_CURVE('',#12092,#12094,#12096,.T.);
#12092 = VERTEX_POINT('',#12093);
#12093 = CARTESIAN_POINT('',(-0.641220058328,-0.780456146592,0.));
#12094 = VERTEX_POINT('',#12095);
#12095 = CARTESIAN_POINT('',(-0.637356627993,-0.780487846904,0.));
#12096 = CIRCLE('',#12097,5.E-03);
#12097 = AXIS2_PLACEMENT_3D('',#12098,#12099,#12100);
#12098 = CARTESIAN_POINT('',(-0.639250504003,-0.77586040337,0.));
#12099 = DIRECTION('',(0.,0.,1.));
#12100 = DIRECTION('',(-1.,0.,0.));
#12101 = ORIENTED_EDGE('',*,*,#12102,.T.);
#12102 = EDGE_CURVE('',#12094,#12103,#12105,.T.);
#12103 = VERTEX_POINT('',#12104);
#12104 = CARTESIAN_POINT('',(-0.637356627993,-0.780487846904,0.1));
#12105 = LINE('',#12106,#12107);
#12106 = CARTESIAN_POINT('',(-0.637356627993,-0.780487846904,0.1));
#12107 = VECTOR('',#12108,1.);
#12108 = DIRECTION('',(0.,0.,1.));
#12109 = ORIENTED_EDGE('',*,*,#12110,.T.);
#12110 = EDGE_CURVE('',#12103,#12111,#12113,.T.);
#12111 = VERTEX_POINT('',#12112);
#12112 = CARTESIAN_POINT('',(-0.641220058328,-0.780456146592,0.1));
#12113 = CIRCLE('',#12114,5.E-03);
#12114 = AXIS2_PLACEMENT_3D('',#12115,#12116,#12117);
#12115 = CARTESIAN_POINT('',(-0.639250504003,-0.77586040337,0.1));
#12116 = DIRECTION('',(0.,0.,-1.));
#12117 = DIRECTION('',(-1.,0.,0.));
#12118 = ORIENTED_EDGE('',*,*,#12119,.T.);
#12119 = EDGE_CURVE('',#12111,#12092,#12120,.T.);
#12120 = LINE('',#12121,#12122);
#12121 = CARTESIAN_POINT('',(-0.641220058328,-0.780456146592,0.1));
#12122 = VECTOR('',#12123,1.);
#12123 = DIRECTION('',(0.,0.,-1.));
#12124 = CYLINDRICAL_SURFACE('',#12125,5.E-03);
#12125 = AXIS2_PLACEMENT_3D('',#12126,#12127,#12128);
#12126 = CARTESIAN_POINT('',(-0.639250504003,-0.77586040337,0.1));
#12127 = DIRECTION('',(0.,0.,1.));
#12128 = DIRECTION('',(-1.,0.,0.));
#12129 = ADVANCED_FACE('',(#12130),#12146,.T.);
#12130 = FACE_BOUND('',#12131,.T.);
#12131 = EDGE_LOOP('',(#12132,#12133,#12139,#12140));
#12132 = ORIENTED_EDGE('',*,*,#12060,.T.);
#12133 = ORIENTED_EDGE('',*,*,#12134,.T.);
#12134 = EDGE_CURVE('',#12061,#12094,#12135,.T.);
#12135 = LINE('',#12136,#12137);
#12136 = CARTESIAN_POINT('',(-0.649764017397,-0.809439155852,0.));
#12137 = VECTOR('',#12138,1.);
#12138 = DIRECTION('',(0.393910865009,0.919148644359,0.));
#12139 = ORIENTED_EDGE('',*,*,#12102,.T.);
#12140 = ORIENTED_EDGE('',*,*,#12141,.F.);
#12141 = EDGE_CURVE('',#12052,#12103,#12142,.T.);
#12142 = LINE('',#12143,#12144);
#12143 = CARTESIAN_POINT('',(-0.649764017397,-0.809439155852,0.1));
#12144 = VECTOR('',#12145,1.);
#12145 = DIRECTION('',(0.393910865009,0.919148644359,0.));
#12146 = PLANE('',#12147);
#12147 = AXIS2_PLACEMENT_3D('',#12148,#12149,#12150);
#12148 = CARTESIAN_POINT('',(-0.649764017397,-0.809439155852,0.));
#12149 = DIRECTION('',(0.919148644359,-0.393910865009,0.));
#12150 = DIRECTION('',(0.393910865009,0.919148644359,0.));
#12151 = ADVANCED_FACE('',(#12152),#12163,.T.);
#12152 = FACE_BOUND('',#12153,.T.);
#12153 = EDGE_LOOP('',(#12154,#12155,#12156,#12157));
#12154 = ORIENTED_EDGE('',*,*,#12049,.T.);
#12155 = ORIENTED_EDGE('',*,*,#12141,.T.);
#12156 = ORIENTED_EDGE('',*,*,#12110,.T.);
#12157 = ORIENTED_EDGE('',*,*,#12158,.T.);
#12158 = EDGE_CURVE('',#12111,#12050,#12159,.T.);
#12159 = LINE('',#12160,#12161);
#12160 = CARTESIAN_POINT('',(-0.639250504003,-0.77586040337,0.1));
#12161 = VECTOR('',#12162,1.);
#12162 = DIRECTION('',(-0.393910865009,-0.91914864436,0.));
#12163 = PLANE('',#12164);
#12164 = AXIS2_PLACEMENT_3D('',#12165,#12166,#12167);
#12165 = CARTESIAN_POINT('',(-0.662420850073,-0.7527989105,0.1));
#12166 = DIRECTION('',(0.,0.,1.));
#12167 = DIRECTION('',(1.,0.,-0.));
#12168 = ADVANCED_FACE('',(#12169),#12180,.F.);
#12169 = FACE_BOUND('',#12170,.T.);
#12170 = EDGE_LOOP('',(#12171,#12172,#12178,#12179));
#12171 = ORIENTED_EDGE('',*,*,#12068,.T.);
#12172 = ORIENTED_EDGE('',*,*,#12173,.F.);
#12173 = EDGE_CURVE('',#12092,#12069,#12174,.T.);
#12174 = LINE('',#12175,#12176);
#12175 = CARTESIAN_POINT('',(-0.639250504003,-0.77586040337,0.));
#12176 = VECTOR('',#12177,1.);
#12177 = DIRECTION('',(-0.393910865009,-0.91914864436,0.));
#12178 = ORIENTED_EDGE('',*,*,#12091,.T.);
#12179 = ORIENTED_EDGE('',*,*,#12134,.F.);
#12180 = PLANE('',#12181);
#12181 = AXIS2_PLACEMENT_3D('',#12182,#12183,#12184);
#12182 = CARTESIAN_POINT('',(-0.662420850073,-0.7527989105,0.));
#12183 = DIRECTION('',(0.,0.,1.));
#12184 = DIRECTION('',(1.,0.,-0.));
#12185 = ADVANCED_FACE('',(#12186),#12192,.T.);
#12186 = FACE_BOUND('',#12187,.T.);
#12187 = EDGE_LOOP('',(#12188,#12189,#12190,#12191));
#12188 = ORIENTED_EDGE('',*,*,#12077,.T.);
#12189 = ORIENTED_EDGE('',*,*,#12158,.F.);
#12190 = ORIENTED_EDGE('',*,*,#12119,.T.);
#12191 = ORIENTED_EDGE('',*,*,#12173,.T.);
#12192 = PLANE('',#12193);
#12193 = AXIS2_PLACEMENT_3D('',#12194,#12195,#12196);
#12194 = CARTESIAN_POINT('',(-0.639250504003,-0.77586040337,0.));
#12195 = DIRECTION('',(-0.91914864436,0.393910865009,0.));
#12196 = DIRECTION('',(-0.393910865009,-0.91914864436,0.));
#12197 = MANIFOLD_SOLID_BREP('',#12198);
#12198 = CLOSED_SHELL('',(#12199,#12258,#12289,#12320,#12351,#12383,
    #12395,#12407));
#12199 = ADVANCED_FACE('',(#12200),#12253,.T.);
#12200 = FACE_BOUND('',#12201,.T.);
#12201 = EDGE_LOOP('',(#12202,#12213,#12221,#12230,#12238,#12247));
#12202 = ORIENTED_EDGE('',*,*,#12203,.T.);
#12203 = EDGE_CURVE('',#12204,#12206,#12208,.T.);
#12204 = VERTEX_POINT('',#12205);
#12205 = CARTESIAN_POINT('',(-0.668654122537,-0.77086040337,0.1));
#12206 = VERTEX_POINT('',#12207);
#12207 = CARTESIAN_POINT('',(-0.663654122537,-0.77586040337,0.1));
#12208 = CIRCLE('',#12209,5.E-03);
#12209 = AXIS2_PLACEMENT_3D('',#12210,#12211,#12212);
#12210 = CARTESIAN_POINT('',(-0.668654122537,-0.77586040337,0.1));
#12211 = DIRECTION('',(0.,0.,-1.));
#12212 = DIRECTION('',(-1.,0.,0.));
#12213 = ORIENTED_EDGE('',*,*,#12214,.T.);
#12214 = EDGE_CURVE('',#12206,#12215,#12217,.T.);
#12215 = VERTEX_POINT('',#12216);
#12216 = CARTESIAN_POINT('',(-0.644250504003,-0.77586040337,0.1));
#12217 = LINE('',#12218,#12219);
#12218 = CARTESIAN_POINT('',(-0.668654122537,-0.77586040337,0.1));
#12219 = VECTOR('',#12220,1.);
#12220 = DIRECTION('',(1.,9.439510168789E-15,0.));
#12221 = ORIENTED_EDGE('',*,*,#12222,.T.);
#12222 = EDGE_CURVE('',#12215,#12223,#12225,.T.);
#12223 = VERTEX_POINT('',#12224);
#12224 = CARTESIAN_POINT('',(-0.642391950045,-0.771970504045,0.1));
#12225 = CIRCLE('',#12226,5.E-03);
#12226 = AXIS2_PLACEMENT_3D('',#12227,#12228,#12229);
#12227 = CARTESIAN_POINT('',(-0.639250504003,-0.77586040337,0.1));
#12228 = DIRECTION('',(0.,0.,-1.));
#12229 = DIRECTION('',(-1.,0.,0.));
#12230 = ORIENTED_EDGE('',*,*,#12231,.T.);
#12231 = EDGE_CURVE('',#12223,#12232,#12234,.T.);
#12232 = VERTEX_POINT('',#12233);
#12233 = CARTESIAN_POINT('',(-0.665512676495,-0.743341236817,0.1));
#12234 = LINE('',#12235,#12236);
#12235 = CARTESIAN_POINT('',(-0.639250504003,-0.77586040337,0.1));
#12236 = VECTOR('',#12237,1.);
#12237 = DIRECTION('',(-0.62828920845,0.777979865128,0.));
#12238 = ORIENTED_EDGE('',*,*,#12239,.T.);
#12239 = EDGE_CURVE('',#12232,#12240,#12242,.T.);
#12240 = VERTEX_POINT('',#12241);
#12241 = CARTESIAN_POINT('',(-0.668654122537,-0.744451337491,0.1));
#12242 = CIRCLE('',#12243,5.E-03);
#12243 = AXIS2_PLACEMENT_3D('',#12244,#12245,#12246);
#12244 = CARTESIAN_POINT('',(-0.668654122537,-0.739451337491,0.1));
#12245 = DIRECTION('',(0.,0.,-1.));
#12246 = DIRECTION('',(-1.,0.,0.));
#12247 = ORIENTED_EDGE('',*,*,#12248,.T.);
#12248 = EDGE_CURVE('',#12240,#12204,#12249,.T.);
#12249 = LINE('',#12250,#12251);
#12250 = CARTESIAN_POINT('',(-0.668654122537,-0.739451337491,0.1));
#12251 = VECTOR('',#12252,1.);
#12252 = DIRECTION('',(0.,-1.,0.));
#12253 = PLANE('',#12254);
#12254 = AXIS2_PLACEMENT_3D('',#12255,#12256,#12257);
#12255 = CARTESIAN_POINT('',(-0.658705610279,-0.76240916744,0.1));
#12256 = DIRECTION('',(0.,0.,1.));
#12257 = DIRECTION('',(1.,0.,-0.));
#12258 = ADVANCED_FACE('',(#12259),#12284,.T.);
#12259 = FACE_BOUND('',#12260,.T.);
#12260 = EDGE_LOOP('',(#12261,#12269,#12270,#12278));
#12261 = ORIENTED_EDGE('',*,*,#12262,.T.);
#12262 = EDGE_CURVE('',#12263,#12232,#12265,.T.);
#12263 = VERTEX_POINT('',#12264);
#12264 = CARTESIAN_POINT('',(-0.665512676495,-0.743341236817,0.));
#12265 = LINE('',#12266,#12267);
#12266 = CARTESIAN_POINT('',(-0.665512676495,-0.743341236817,0.1));
#12267 = VECTOR('',#12268,1.);
#12268 = DIRECTION('',(0.,0.,1.));
#12269 = ORIENTED_EDGE('',*,*,#12231,.F.);
#12270 = ORIENTED_EDGE('',*,*,#12271,.T.);
#12271 = EDGE_CURVE('',#12223,#12272,#12274,.T.);
#12272 = VERTEX_POINT('',#12273);
#12273 = CARTESIAN_POINT('',(-0.642391950045,-0.771970504045,0.));
#12274 = LINE('',#12275,#12276);
#12275 = CARTESIAN_POINT('',(-0.642391950045,-0.771970504045,0.1));
#12276 = VECTOR('',#12277,1.);
#12277 = DIRECTION('',(0.,0.,-1.));
#12278 = ORIENTED_EDGE('',*,*,#12279,.T.);
#12279 = EDGE_CURVE('',#12272,#12263,#12280,.T.);
#12280 = LINE('',#12281,#12282);
#12281 = CARTESIAN_POINT('',(-0.639250504003,-0.77586040337,0.));
#12282 = VECTOR('',#12283,1.);
#12283 = DIRECTION('',(-0.62828920845,0.777979865128,0.));
#12284 = PLANE('',#12285);
#12285 = AXIS2_PLACEMENT_3D('',#12286,#12287,#12288);
#12286 = CARTESIAN_POINT('',(-0.639250504003,-0.77586040337,0.));
#12287 = DIRECTION('',(0.777979865128,0.62828920845,0.));
#12288 = DIRECTION('',(-0.62828920845,0.777979865128,0.));
#12289 = ADVANCED_FACE('',(#12290),#12315,.T.);
#12290 = FACE_BOUND('',#12291,.T.);
#12291 = EDGE_LOOP('',(#12292,#12300,#12301,#12309));
#12292 = ORIENTED_EDGE('',*,*,#12293,.T.);
#12293 = EDGE_CURVE('',#12294,#12204,#12296,.T.);
#12294 = VERTEX_POINT('',#12295);
#12295 = CARTESIAN_POINT('',(-0.668654122537,-0.77086040337,0.));
#12296 = LINE('',#12297,#12298);
#12297 = CARTESIAN_POINT('',(-0.668654122537,-0.77086040337,0.1));
#12298 = VECTOR('',#12299,1.);
#12299 = DIRECTION('',(0.,0.,1.));
#12300 = ORIENTED_EDGE('',*,*,#12248,.F.);
#12301 = ORIENTED_EDGE('',*,*,#12302,.T.);
#12302 = EDGE_CURVE('',#12240,#12303,#12305,.T.);
#12303 = VERTEX_POINT('',#12304);
#12304 = CARTESIAN_POINT('',(-0.668654122537,-0.744451337491,0.));
#12305 = LINE('',#12306,#12307);
#12306 = CARTESIAN_POINT('',(-0.668654122537,-0.744451337491,0.1));
#12307 = VECTOR('',#12308,1.);
#12308 = DIRECTION('',(0.,0.,-1.));
#12309 = ORIENTED_EDGE('',*,*,#12310,.T.);
#12310 = EDGE_CURVE('',#12303,#12294,#12311,.T.);
#12311 = LINE('',#12312,#12313);
#12312 = CARTESIAN_POINT('',(-0.668654122537,-0.739451337491,0.));
#12313 = VECTOR('',#12314,1.);
#12314 = DIRECTION('',(0.,-1.,0.));
#12315 = PLANE('',#12316);
#12316 = AXIS2_PLACEMENT_3D('',#12317,#12318,#12319);
#12317 = CARTESIAN_POINT('',(-0.668654122537,-0.739451337491,0.));
#12318 = DIRECTION('',(-1.,0.,0.));
#12319 = DIRECTION('',(0.,-1.,0.));
#12320 = ADVANCED_FACE('',(#12321),#12346,.T.);
#12321 = FACE_BOUND('',#12322,.T.);
#12322 = EDGE_LOOP('',(#12323,#12331,#12339,#12345));
#12323 = ORIENTED_EDGE('',*,*,#12324,.T.);
#12324 = EDGE_CURVE('',#12206,#12325,#12327,.T.);
#12325 = VERTEX_POINT('',#12326);
#12326 = CARTESIAN_POINT('',(-0.663654122537,-0.77586040337,0.));
#12327 = LINE('',#12328,#12329);
#12328 = CARTESIAN_POINT('',(-0.663654122537,-0.77586040337,0.1));
#12329 = VECTOR('',#12330,1.);
#12330 = DIRECTION('',(0.,0.,-1.));
#12331 = ORIENTED_EDGE('',*,*,#12332,.T.);
#12332 = EDGE_CURVE('',#12325,#12333,#12335,.T.);
#12333 = VERTEX_POINT('',#12334);
#12334 = CARTESIAN_POINT('',(-0.644250504003,-0.77586040337,0.));
#12335 = LINE('',#12336,#12337);
#12336 = CARTESIAN_POINT('',(-0.668654122537,-0.77586040337,0.));
#12337 = VECTOR('',#12338,1.);
#12338 = DIRECTION('',(1.,9.439510168789E-15,0.));
#12339 = ORIENTED_EDGE('',*,*,#12340,.T.);
#12340 = EDGE_CURVE('',#12333,#12215,#12341,.T.);
#12341 = LINE('',#12342,#12343);
#12342 = CARTESIAN_POINT('',(-0.644250504003,-0.77586040337,0.1));
#12343 = VECTOR('',#12344,1.);
#12344 = DIRECTION('',(0.,0.,1.));
#12345 = ORIENTED_EDGE('',*,*,#12214,.F.);
#12346 = PLANE('',#12347);
#12347 = AXIS2_PLACEMENT_3D('',#12348,#12349,#12350);
#12348 = CARTESIAN_POINT('',(-0.668654122537,-0.77586040337,0.));
#12349 = DIRECTION('',(9.439510168789E-15,-1.,0.));
#12350 = DIRECTION('',(1.,9.439510168789E-15,0.));
#12351 = ADVANCED_FACE('',(#12352),#12378,.F.);
#12352 = FACE_BOUND('',#12353,.T.);
#12353 = EDGE_LOOP('',(#12354,#12361,#12362,#12369,#12370,#12377));
#12354 = ORIENTED_EDGE('',*,*,#12355,.T.);
#12355 = EDGE_CURVE('',#12325,#12294,#12356,.T.);
#12356 = CIRCLE('',#12357,5.E-03);
#12357 = AXIS2_PLACEMENT_3D('',#12358,#12359,#12360);
#12358 = CARTESIAN_POINT('',(-0.668654122537,-0.77586040337,0.));
#12359 = DIRECTION('',(0.,0.,1.));
#12360 = DIRECTION('',(-1.,0.,0.));
#12361 = ORIENTED_EDGE('',*,*,#12310,.F.);
#12362 = ORIENTED_EDGE('',*,*,#12363,.T.);
#12363 = EDGE_CURVE('',#12303,#12263,#12364,.T.);
#12364 = CIRCLE('',#12365,5.E-03);
#12365 = AXIS2_PLACEMENT_3D('',#12366,#12367,#12368);
#12366 = CARTESIAN_POINT('',(-0.668654122537,-0.739451337491,0.));
#12367 = DIRECTION('',(0.,0.,1.));
#12368 = DIRECTION('',(-1.,0.,0.));
#12369 = ORIENTED_EDGE('',*,*,#12279,.F.);
#12370 = ORIENTED_EDGE('',*,*,#12371,.T.);
#12371 = EDGE_CURVE('',#12272,#12333,#12372,.T.);
#12372 = CIRCLE('',#12373,5.E-03);
#12373 = AXIS2_PLACEMENT_3D('',#12374,#12375,#12376);
#12374 = CARTESIAN_POINT('',(-0.639250504003,-0.77586040337,0.));
#12375 = DIRECTION('',(0.,0.,1.));
#12376 = DIRECTION('',(-1.,0.,0.));
#12377 = ORIENTED_EDGE('',*,*,#12332,.F.);
#12378 = PLANE('',#12379);
#12379 = AXIS2_PLACEMENT_3D('',#12380,#12381,#12382);
#12380 = CARTESIAN_POINT('',(-0.658705610279,-0.76240916744,0.));
#12381 = DIRECTION('',(0.,0.,1.));
#12382 = DIRECTION('',(1.,0.,-0.));
#12383 = ADVANCED_FACE('',(#12384),#12390,.F.);
#12384 = FACE_BOUND('',#12385,.F.);
#12385 = EDGE_LOOP('',(#12386,#12387,#12388,#12389));
#12386 = ORIENTED_EDGE('',*,*,#12371,.T.);
#12387 = ORIENTED_EDGE('',*,*,#12340,.T.);
#12388 = ORIENTED_EDGE('',*,*,#12222,.T.);
#12389 = ORIENTED_EDGE('',*,*,#12271,.T.);
#12390 = CYLINDRICAL_SURFACE('',#12391,5.E-03);
#12391 = AXIS2_PLACEMENT_3D('',#12392,#12393,#12394);
#12392 = CARTESIAN_POINT('',(-0.639250504003,-0.77586040337,0.1));
#12393 = DIRECTION('',(0.,0.,1.));
#12394 = DIRECTION('',(-1.,0.,0.));
#12395 = ADVANCED_FACE('',(#12396),#12402,.F.);
#12396 = FACE_BOUND('',#12397,.F.);
#12397 = EDGE_LOOP('',(#12398,#12399,#12400,#12401));
#12398 = ORIENTED_EDGE('',*,*,#12239,.T.);
#12399 = ORIENTED_EDGE('',*,*,#12302,.T.);
#12400 = ORIENTED_EDGE('',*,*,#12363,.T.);
#12401 = ORIENTED_EDGE('',*,*,#12262,.T.);
#12402 = CYLINDRICAL_SURFACE('',#12403,5.E-03);
#12403 = AXIS2_PLACEMENT_3D('',#12404,#12405,#12406);
#12404 = CARTESIAN_POINT('',(-0.668654122537,-0.739451337491,0.1));
#12405 = DIRECTION('',(0.,0.,1.));
#12406 = DIRECTION('',(-1.,0.,0.));
#12407 = ADVANCED_FACE('',(#12408),#12414,.F.);
#12408 = FACE_BOUND('',#12409,.F.);
#12409 = EDGE_LOOP('',(#12410,#12411,#12412,#12413));
#12410 = ORIENTED_EDGE('',*,*,#12203,.T.);
#12411 = ORIENTED_EDGE('',*,*,#12324,.T.);
#12412 = ORIENTED_EDGE('',*,*,#12355,.T.);
#12413 = ORIENTED_EDGE('',*,*,#12293,.T.);
#12414 = CYLINDRICAL_SURFACE('',#12415,5.E-03);
#12415 = AXIS2_PLACEMENT_3D('',#12416,#12417,#12418);
#12416 = CARTESIAN_POINT('',(-0.668654122537,-0.77586040337,0.1));
#12417 = DIRECTION('',(0.,0.,1.));
#12418 = DIRECTION('',(-1.,0.,0.));
#12419 = MANIFOLD_SOLID_BREP('',#12420);
#12420 = CLOSED_SHELL('',(#12421,#12461,#12492,#12523,#12554,#12585,
    #12616,#12647,#12669,#12685));
#12421 = ADVANCED_FACE('',(#12422),#12456,.T.);
#12422 = FACE_BOUND('',#12423,.T.);
#12423 = EDGE_LOOP('',(#12424,#12434,#12442,#12450));
#12424 = ORIENTED_EDGE('',*,*,#12425,.F.);
#12425 = EDGE_CURVE('',#12426,#12428,#12430,.T.);
#12426 = VERTEX_POINT('',#12427);
#12427 = CARTESIAN_POINT('',(-0.574301818153,-0.709559648825,0.));
#12428 = VERTEX_POINT('',#12429);
#12429 = CARTESIAN_POINT('',(-0.607180262627,-0.709559648825,0.));
#12430 = LINE('',#12431,#12432);
#12431 = CARTESIAN_POINT('',(-0.574301818153,-0.709559648825,0.));
#12432 = VECTOR('',#12433,1.);
#12433 = DIRECTION('',(-1.,0.,0.));
#12434 = ORIENTED_EDGE('',*,*,#12435,.T.);
#12435 = EDGE_CURVE('',#12426,#12436,#12438,.T.);
#12436 = VERTEX_POINT('',#12437);
#12437 = CARTESIAN_POINT('',(-0.574301818153,-0.709559648825,0.1));
#12438 = LINE('',#12439,#12440);
#12439 = CARTESIAN_POINT('',(-0.574301818153,-0.709559648825,0.));
#12440 = VECTOR('',#12441,1.);
#12441 = DIRECTION('',(0.,0.,1.));
#12442 = ORIENTED_EDGE('',*,*,#12443,.F.);
#12443 = EDGE_CURVE('',#12444,#12436,#12446,.T.);
#12444 = VERTEX_POINT('',#12445);
#12445 = CARTESIAN_POINT('',(-0.607180262627,-0.709559648825,0.1));
#12446 = LINE('',#12447,#12448);
#12447 = CARTESIAN_POINT('',(-0.574301818153,-0.709559648825,0.1));
#12448 = VECTOR('',#12449,1.);
#12449 = DIRECTION('',(1.,0.,0.));
#12450 = ORIENTED_EDGE('',*,*,#12451,.F.);
#12451 = EDGE_CURVE('',#12428,#12444,#12452,.T.);
#12452 = LINE('',#12453,#12454);
#12453 = CARTESIAN_POINT('',(-0.607180262627,-0.709559648825,0.));
#12454 = VECTOR('',#12455,1.);
#12455 = DIRECTION('',(0.,0.,1.));
#12456 = PLANE('',#12457);
#12457 = AXIS2_PLACEMENT_3D('',#12458,#12459,#12460);
#12458 = CARTESIAN_POINT('',(-0.607180262627,-0.709559648825,0.));
#12459 = DIRECTION('',(0.,-1.,0.));
#12460 = DIRECTION('',(1.,0.,0.));
#12461 = ADVANCED_FACE('',(#12462),#12487,.T.);
#12462 = FACE_BOUND('',#12463,.T.);
#12463 = EDGE_LOOP('',(#12464,#12472,#12473,#12481));
#12464 = ORIENTED_EDGE('',*,*,#12465,.F.);
#12465 = EDGE_CURVE('',#12428,#12466,#12468,.T.);
#12466 = VERTEX_POINT('',#12467);
#12467 = CARTESIAN_POINT('',(-0.607180262627,-0.697964835073,0.));
#12468 = LINE('',#12469,#12470);
#12469 = CARTESIAN_POINT('',(-0.607180262627,-0.709559648825,0.));
#12470 = VECTOR('',#12471,1.);
#12471 = DIRECTION('',(0.,1.,0.));
#12472 = ORIENTED_EDGE('',*,*,#12451,.T.);
#12473 = ORIENTED_EDGE('',*,*,#12474,.F.);
#12474 = EDGE_CURVE('',#12475,#12444,#12477,.T.);
#12475 = VERTEX_POINT('',#12476);
#12476 = CARTESIAN_POINT('',(-0.607180262627,-0.697964835073,0.1));
#12477 = LINE('',#12478,#12479);
#12478 = CARTESIAN_POINT('',(-0.607180262627,-0.709559648825,0.1));
#12479 = VECTOR('',#12480,1.);
#12480 = DIRECTION('',(0.,-1.,0.));
#12481 = ORIENTED_EDGE('',*,*,#12482,.F.);
#12482 = EDGE_CURVE('',#12466,#12475,#12483,.T.);
#12483 = LINE('',#12484,#12485);
#12484 = CARTESIAN_POINT('',(-0.607180262627,-0.697964835073,0.));
#12485 = VECTOR('',#12486,1.);
#12486 = DIRECTION('',(0.,0.,1.));
#12487 = PLANE('',#12488);
#12488 = AXIS2_PLACEMENT_3D('',#12489,#12490,#12491);
#12489 = CARTESIAN_POINT('',(-0.607180262627,-0.697964835073,0.));
#12490 = DIRECTION('',(-1.,0.,0.));
#12491 = DIRECTION('',(0.,-1.,0.));
#12492 = ADVANCED_FACE('',(#12493),#12518,.T.);
#12493 = FACE_BOUND('',#12494,.T.);
#12494 = EDGE_LOOP('',(#12495,#12503,#12504,#12512));
#12495 = ORIENTED_EDGE('',*,*,#12496,.F.);
#12496 = EDGE_CURVE('',#12466,#12497,#12499,.T.);
#12497 = VERTEX_POINT('',#12498);
#12498 = CARTESIAN_POINT('',(-0.528399062341,-0.697964835073,0.));
#12499 = LINE('',#12500,#12501);
#12500 = CARTESIAN_POINT('',(-0.607180262627,-0.697964835073,0.));
#12501 = VECTOR('',#12502,1.);
#12502 = DIRECTION('',(1.,0.,0.));
#12503 = ORIENTED_EDGE('',*,*,#12482,.T.);
#12504 = ORIENTED_EDGE('',*,*,#12505,.F.);
#12505 = EDGE_CURVE('',#12506,#12475,#12508,.T.);
#12506 = VERTEX_POINT('',#12507);
#12507 = CARTESIAN_POINT('',(-0.528399062341,-0.697964835073,0.1));
#12508 = LINE('',#12509,#12510);
#12509 = CARTESIAN_POINT('',(-0.607180262627,-0.697964835073,0.1));
#12510 = VECTOR('',#12511,1.);
#12511 = DIRECTION('',(-1.,0.,0.));
#12512 = ORIENTED_EDGE('',*,*,#12513,.F.);
#12513 = EDGE_CURVE('',#12497,#12506,#12514,.T.);
#12514 = LINE('',#12515,#12516);
#12515 = CARTESIAN_POINT('',(-0.528399062341,-0.697964835073,0.));
#12516 = VECTOR('',#12517,1.);
#12517 = DIRECTION('',(0.,0.,1.));
#12518 = PLANE('',#12519);
#12519 = AXIS2_PLACEMENT_3D('',#12520,#12521,#12522);
#12520 = CARTESIAN_POINT('',(-0.528399062341,-0.697964835073,0.));
#12521 = DIRECTION('',(0.,1.,0.));
#12522 = DIRECTION('',(-1.,0.,0.));
#12523 = ADVANCED_FACE('',(#12524),#12549,.T.);
#12524 = FACE_BOUND('',#12525,.T.);
#12525 = EDGE_LOOP('',(#12526,#12534,#12535,#12543));
#12526 = ORIENTED_EDGE('',*,*,#12527,.F.);
#12527 = EDGE_CURVE('',#12497,#12528,#12530,.T.);
#12528 = VERTEX_POINT('',#12529);
#12529 = CARTESIAN_POINT('',(-0.528399062341,-0.709559648825,0.));
#12530 = LINE('',#12531,#12532);
#12531 = CARTESIAN_POINT('',(-0.528399062341,-0.697964835073,0.));
#12532 = VECTOR('',#12533,1.);
#12533 = DIRECTION('',(0.,-1.,0.));
#12534 = ORIENTED_EDGE('',*,*,#12513,.T.);
#12535 = ORIENTED_EDGE('',*,*,#12536,.F.);
#12536 = EDGE_CURVE('',#12537,#12506,#12539,.T.);
#12537 = VERTEX_POINT('',#12538);
#12538 = CARTESIAN_POINT('',(-0.528399062341,-0.709559648825,0.1));
#12539 = LINE('',#12540,#12541);
#12540 = CARTESIAN_POINT('',(-0.528399062341,-0.697964835073,0.1));
#12541 = VECTOR('',#12542,1.);
#12542 = DIRECTION('',(0.,1.,0.));
#12543 = ORIENTED_EDGE('',*,*,#12544,.F.);
#12544 = EDGE_CURVE('',#12528,#12537,#12545,.T.);
#12545 = LINE('',#12546,#12547);
#12546 = CARTESIAN_POINT('',(-0.528399062341,-0.709559648825,0.));
#12547 = VECTOR('',#12548,1.);
#12548 = DIRECTION('',(0.,0.,1.));
#12549 = PLANE('',#12550);
#12550 = AXIS2_PLACEMENT_3D('',#12551,#12552,#12553);
#12551 = CARTESIAN_POINT('',(-0.528399062341,-0.709559648825,0.));
#12552 = DIRECTION('',(1.,0.,0.));
#12553 = DIRECTION('',(-0.,1.,0.));
#12554 = ADVANCED_FACE('',(#12555),#12580,.T.);
#12555 = FACE_BOUND('',#12556,.T.);
#12556 = EDGE_LOOP('',(#12557,#12565,#12566,#12574));
#12557 = ORIENTED_EDGE('',*,*,#12558,.F.);
#12558 = EDGE_CURVE('',#12528,#12559,#12561,.T.);
#12559 = VERTEX_POINT('',#12560);
#12560 = CARTESIAN_POINT('',(-0.561277506816,-0.709559648825,0.));
#12561 = LINE('',#12562,#12563);
#12562 = CARTESIAN_POINT('',(-0.528399062341,-0.709559648825,0.));
#12563 = VECTOR('',#12564,1.);
#12564 = DIRECTION('',(-1.,0.,0.));
#12565 = ORIENTED_EDGE('',*,*,#12544,.T.);
#12566 = ORIENTED_EDGE('',*,*,#12567,.F.);
#12567 = EDGE_CURVE('',#12568,#12537,#12570,.T.);
#12568 = VERTEX_POINT('',#12569);
#12569 = CARTESIAN_POINT('',(-0.561277506816,-0.709559648825,0.1));
#12570 = LINE('',#12571,#12572);
#12571 = CARTESIAN_POINT('',(-0.528399062341,-0.709559648825,0.1));
#12572 = VECTOR('',#12573,1.);
#12573 = DIRECTION('',(1.,0.,0.));
#12574 = ORIENTED_EDGE('',*,*,#12575,.F.);
#12575 = EDGE_CURVE('',#12559,#12568,#12576,.T.);
#12576 = LINE('',#12577,#12578);
#12577 = CARTESIAN_POINT('',(-0.561277506816,-0.709559648825,0.));
#12578 = VECTOR('',#12579,1.);
#12579 = DIRECTION('',(0.,0.,1.));
#12580 = PLANE('',#12581);
#12581 = AXIS2_PLACEMENT_3D('',#12582,#12583,#12584);
#12582 = CARTESIAN_POINT('',(-0.561277506816,-0.709559648825,0.));
#12583 = DIRECTION('',(0.,-1.,0.));
#12584 = DIRECTION('',(1.,0.,0.));
#12585 = ADVANCED_FACE('',(#12586),#12611,.T.);
#12586 = FACE_BOUND('',#12587,.T.);
#12587 = EDGE_LOOP('',(#12588,#12596,#12597,#12605));
#12588 = ORIENTED_EDGE('',*,*,#12589,.F.);
#12589 = EDGE_CURVE('',#12559,#12590,#12592,.T.);
#12590 = VERTEX_POINT('',#12591);
#12591 = CARTESIAN_POINT('',(-0.561277506816,-0.795964836236,0.));
#12592 = LINE('',#12593,#12594);
#12593 = CARTESIAN_POINT('',(-0.561277506816,-0.709559648825,0.));
#12594 = VECTOR('',#12595,1.);
#12595 = DIRECTION('',(0.,-1.,0.));
#12596 = ORIENTED_EDGE('',*,*,#12575,.T.);
#12597 = ORIENTED_EDGE('',*,*,#12598,.F.);
#12598 = EDGE_CURVE('',#12599,#12568,#12601,.T.);
#12599 = VERTEX_POINT('',#12600);
#12600 = CARTESIAN_POINT('',(-0.561277506816,-0.795964836236,0.1));
#12601 = LINE('',#12602,#12603);
#12602 = CARTESIAN_POINT('',(-0.561277506816,-0.709559648825,0.1));
#12603 = VECTOR('',#12604,1.);
#12604 = DIRECTION('',(0.,1.,0.));
#12605 = ORIENTED_EDGE('',*,*,#12606,.F.);
#12606 = EDGE_CURVE('',#12590,#12599,#12607,.T.);
#12607 = LINE('',#12608,#12609);
#12608 = CARTESIAN_POINT('',(-0.561277506816,-0.795964836236,0.));
#12609 = VECTOR('',#12610,1.);
#12610 = DIRECTION('',(0.,0.,1.));
#12611 = PLANE('',#12612);
#12612 = AXIS2_PLACEMENT_3D('',#12613,#12614,#12615);
#12613 = CARTESIAN_POINT('',(-0.561277506816,-0.795964836236,0.));
#12614 = DIRECTION('',(1.,0.,0.));
#12615 = DIRECTION('',(-0.,1.,0.));
#12616 = ADVANCED_FACE('',(#12617),#12642,.T.);
#12617 = FACE_BOUND('',#12618,.T.);
#12618 = EDGE_LOOP('',(#12619,#12627,#12628,#12636));
#12619 = ORIENTED_EDGE('',*,*,#12620,.F.);
#12620 = EDGE_CURVE('',#12590,#12621,#12623,.T.);
#12621 = VERTEX_POINT('',#12622);
#12622 = CARTESIAN_POINT('',(-0.574301818153,-0.795964836236,0.));
#12623 = LINE('',#12624,#12625);
#12624 = CARTESIAN_POINT('',(-0.561277506816,-0.795964836236,0.));
#12625 = VECTOR('',#12626,1.);
#12626 = DIRECTION('',(-1.,0.,0.));
#12627 = ORIENTED_EDGE('',*,*,#12606,.T.);
#12628 = ORIENTED_EDGE('',*,*,#12629,.F.);
#12629 = EDGE_CURVE('',#12630,#12599,#12632,.T.);
#12630 = VERTEX_POINT('',#12631);
#12631 = CARTESIAN_POINT('',(-0.574301818153,-0.795964836236,0.1));
#12632 = LINE('',#12633,#12634);
#12633 = CARTESIAN_POINT('',(-0.561277506816,-0.795964836236,0.1));
#12634 = VECTOR('',#12635,1.);
#12635 = DIRECTION('',(1.,0.,0.));
#12636 = ORIENTED_EDGE('',*,*,#12637,.F.);
#12637 = EDGE_CURVE('',#12621,#12630,#12638,.T.);
#12638 = LINE('',#12639,#12640);
#12639 = CARTESIAN_POINT('',(-0.574301818153,-0.795964836236,0.));
#12640 = VECTOR('',#12641,1.);
#12641 = DIRECTION('',(0.,0.,1.));
#12642 = PLANE('',#12643);
#12643 = AXIS2_PLACEMENT_3D('',#12644,#12645,#12646);
#12644 = CARTESIAN_POINT('',(-0.574301818153,-0.795964836236,0.));
#12645 = DIRECTION('',(0.,-1.,0.));
#12646 = DIRECTION('',(1.,0.,0.));
#12647 = ADVANCED_FACE('',(#12648),#12664,.T.);
#12648 = FACE_BOUND('',#12649,.T.);
#12649 = EDGE_LOOP('',(#12650,#12656,#12657,#12663));
#12650 = ORIENTED_EDGE('',*,*,#12651,.F.);
#12651 = EDGE_CURVE('',#12621,#12426,#12652,.T.);
#12652 = LINE('',#12653,#12654);
#12653 = CARTESIAN_POINT('',(-0.574301818153,-0.795964836236,0.));
#12654 = VECTOR('',#12655,1.);
#12655 = DIRECTION('',(0.,1.,0.));
#12656 = ORIENTED_EDGE('',*,*,#12637,.T.);
#12657 = ORIENTED_EDGE('',*,*,#12658,.F.);
#12658 = EDGE_CURVE('',#12436,#12630,#12659,.T.);
#12659 = LINE('',#12660,#12661);
#12660 = CARTESIAN_POINT('',(-0.574301818153,-0.795964836236,0.1));
#12661 = VECTOR('',#12662,1.);
#12662 = DIRECTION('',(0.,-1.,0.));
#12663 = ORIENTED_EDGE('',*,*,#12435,.F.);
#12664 = PLANE('',#12665);
#12665 = AXIS2_PLACEMENT_3D('',#12666,#12667,#12668);
#12666 = CARTESIAN_POINT('',(-0.574301818153,-0.709559648825,0.));
#12667 = DIRECTION('',(-1.,0.,0.));
#12668 = DIRECTION('',(0.,-1.,0.));
#12669 = ADVANCED_FACE('',(#12670),#12680,.F.);
#12670 = FACE_BOUND('',#12671,.T.);
#12671 = EDGE_LOOP('',(#12672,#12673,#12674,#12675,#12676,#12677,#12678,
    #12679));
#12672 = ORIENTED_EDGE('',*,*,#12651,.T.);
#12673 = ORIENTED_EDGE('',*,*,#12425,.T.);
#12674 = ORIENTED_EDGE('',*,*,#12465,.T.);
#12675 = ORIENTED_EDGE('',*,*,#12496,.T.);
#12676 = ORIENTED_EDGE('',*,*,#12527,.T.);
#12677 = ORIENTED_EDGE('',*,*,#12558,.T.);
#12678 = ORIENTED_EDGE('',*,*,#12589,.T.);
#12679 = ORIENTED_EDGE('',*,*,#12620,.T.);
#12680 = PLANE('',#12681);
#12681 = AXIS2_PLACEMENT_3D('',#12682,#12683,#12684);
#12682 = CARTESIAN_POINT('',(-0.567789662484,-0.730894868185,0.));
#12683 = DIRECTION('',(0.,0.,1.));
#12684 = DIRECTION('',(1.,0.,-0.));
#12685 = ADVANCED_FACE('',(#12686),#12696,.T.);
#12686 = FACE_BOUND('',#12687,.T.);
#12687 = EDGE_LOOP('',(#12688,#12689,#12690,#12691,#12692,#12693,#12694,
    #12695));
#12688 = ORIENTED_EDGE('',*,*,#12658,.T.);
#12689 = ORIENTED_EDGE('',*,*,#12629,.T.);
#12690 = ORIENTED_EDGE('',*,*,#12598,.T.);
#12691 = ORIENTED_EDGE('',*,*,#12567,.T.);
#12692 = ORIENTED_EDGE('',*,*,#12536,.T.);
#12693 = ORIENTED_EDGE('',*,*,#12505,.T.);
#12694 = ORIENTED_EDGE('',*,*,#12474,.T.);
#12695 = ORIENTED_EDGE('',*,*,#12443,.T.);
#12696 = PLANE('',#12697);
#12697 = AXIS2_PLACEMENT_3D('',#12698,#12699,#12700);
#12698 = CARTESIAN_POINT('',(-0.567789662484,-0.730894868185,0.1));
#12699 = DIRECTION('',(0.,0.,1.));
#12700 = DIRECTION('',(1.,0.,-0.));
#12701 = MANIFOLD_SOLID_BREP('',#12702);
#12702 = CLOSED_SHELL('',(#12703,#12749,#12786,#12817,#12848,#12879,
    #12916,#12944,#12990,#13021,#13052,#13083,#13120,#13157,#13185,
    #13209));
#12703 = ADVANCED_FACE('',(#12704),#12740,.F.);
#12704 = FACE_BOUND('',#12705,.F.);
#12705 = EDGE_LOOP('',(#12706,#12716,#12725,#12733));
#12706 = ORIENTED_EDGE('',*,*,#12707,.T.);
#12707 = EDGE_CURVE('',#12708,#12710,#12712,.T.);
#12708 = VERTEX_POINT('',#12709);
#12709 = CARTESIAN_POINT('',(-0.454779936671,-0.746885419122,0.));
#12710 = VERTEX_POINT('',#12711);
#12711 = CARTESIAN_POINT('',(-0.454779936671,-0.746885419122,0.1));
#12712 = LINE('',#12713,#12714);
#12713 = CARTESIAN_POINT('',(-0.454779936671,-0.746885419122,0.));
#12714 = VECTOR('',#12715,1.);
#12715 = DIRECTION('',(0.,0.,1.));
#12716 = ORIENTED_EDGE('',*,*,#12717,.T.);
#12717 = EDGE_CURVE('',#12710,#12718,#12720,.T.);
#12718 = VERTEX_POINT('',#12719);
#12719 = CARTESIAN_POINT('',(-0.468439580269,-0.778175532945,0.1));
#12720 = B_SPLINE_CURVE_WITH_KNOTS('',2,(#12721,#12722,#12723,#12724),
  .UNSPECIFIED.,.F.,.F.,(3,1,3),(-2.,-1.,0.),.QUASI_UNIFORM_KNOTS.);
#12721 = CARTESIAN_POINT('',(-0.454779936671,-0.746885419122,0.1));
#12722 = CARTESIAN_POINT('',(-0.454779936671,-0.758321399809,0.1));
#12723 = CARTESIAN_POINT('',(-0.46160975847,-0.773569374058,0.1));
#12724 = CARTESIAN_POINT('',(-0.468439580269,-0.778175532945,0.1));
#12725 = ORIENTED_EDGE('',*,*,#12726,.F.);
#12726 = EDGE_CURVE('',#12727,#12718,#12729,.T.);
#12727 = VERTEX_POINT('',#12728);
#12728 = CARTESIAN_POINT('',(-0.468439580269,-0.778175532945,0.));
#12729 = LINE('',#12730,#12731);
#12730 = CARTESIAN_POINT('',(-0.468439580269,-0.778175532945,0.));
#12731 = VECTOR('',#12732,1.);
#12732 = DIRECTION('',(0.,0.,1.));
#12733 = ORIENTED_EDGE('',*,*,#12734,.T.);
#12734 = EDGE_CURVE('',#12727,#12708,#12735,.T.);
#12735 = B_SPLINE_CURVE_WITH_KNOTS('',2,(#12736,#12737,#12738,#12739),
  .UNSPECIFIED.,.F.,.F.,(3,1,3),(0.,1.,2.),.QUASI_UNIFORM_KNOTS.);
#12736 = CARTESIAN_POINT('',(-0.468439580269,-0.778175532945,0.));
#12737 = CARTESIAN_POINT('',(-0.46160975847,-0.773569374058,0.));
#12738 = CARTESIAN_POINT('',(-0.454779936671,-0.758321399809,0.));
#12739 = CARTESIAN_POINT('',(-0.454779936671,-0.746885419122,0.));
#12740 = B_SPLINE_SURFACE_WITH_KNOTS('',2,1,(
    (#12741,#12742)
    ,(#12743,#12744)
    ,(#12745,#12746)
    ,(#12747,#12748
  )),.UNSPECIFIED.,.F.,.F.,.F.,(3,1,3),(2,2),(0.,1.,2.),(0.,1.E-02),
  .UNSPECIFIED.);
#12741 = CARTESIAN_POINT('',(-0.468439580269,-0.778175532945,0.));
#12742 = CARTESIAN_POINT('',(-0.468439580269,-0.778175532945,0.1));
#12743 = CARTESIAN_POINT('',(-0.46160975847,-0.773569374058,0.));
#12744 = CARTESIAN_POINT('',(-0.46160975847,-0.773569374058,0.1));
#12745 = CARTESIAN_POINT('',(-0.454779936671,-0.758321399809,0.));
#12746 = CARTESIAN_POINT('',(-0.454779936671,-0.758321399809,0.1));
#12747 = CARTESIAN_POINT('',(-0.454779936671,-0.746885419122,0.));
#12748 = CARTESIAN_POINT('',(-0.454779936671,-0.746885419122,0.1));
#12749 = ADVANCED_FACE('',(#12750),#12777,.F.);
#12750 = FACE_BOUND('',#12751,.F.);
#12751 = EDGE_LOOP('',(#12752,#12753,#12762,#12770));
#12752 = ORIENTED_EDGE('',*,*,#12726,.T.);
#12753 = ORIENTED_EDGE('',*,*,#12754,.T.);
#12754 = EDGE_CURVE('',#12718,#12755,#12757,.T.);
#12755 = VERTEX_POINT('',#12756);
#12756 = CARTESIAN_POINT('',(-0.495520617867,-0.784687688614,0.1));
#12757 = B_SPLINE_CURVE_WITH_KNOTS('',2,(#12758,#12759,#12760,#12761),
  .UNSPECIFIED.,.F.,.F.,(3,1,3),(-2.,-1.,0.),.QUASI_UNIFORM_KNOTS.);
#12758 = CARTESIAN_POINT('',(-0.468439580269,-0.778175532945,0.1));
#12759 = CARTESIAN_POINT('',(-0.473760487949,-0.781908109975,0.1));
#12760 = CARTESIAN_POINT('',(-0.48686421582,-0.784687688614,0.1));
#12761 = CARTESIAN_POINT('',(-0.495520617867,-0.784687688614,0.1));
#12762 = ORIENTED_EDGE('',*,*,#12763,.F.);
#12763 = EDGE_CURVE('',#12764,#12755,#12766,.T.);
#12764 = VERTEX_POINT('',#12765);
#12765 = CARTESIAN_POINT('',(-0.495520617867,-0.784687688614,0.));
#12766 = LINE('',#12767,#12768);
#12767 = CARTESIAN_POINT('',(-0.495520617867,-0.784687688614,0.));
#12768 = VECTOR('',#12769,1.);
#12769 = DIRECTION('',(0.,0.,1.));
#12770 = ORIENTED_EDGE('',*,*,#12771,.T.);
#12771 = EDGE_CURVE('',#12764,#12727,#12772,.T.);
#12772 = B_SPLINE_CURVE_WITH_KNOTS('',2,(#12773,#12774,#12775,#12776),
  .UNSPECIFIED.,.F.,.F.,(3,1,3),(0.,1.,2.),.QUASI_UNIFORM_KNOTS.);
#12773 = CARTESIAN_POINT('',(-0.495520617867,-0.784687688614,0.));
#12774 = CARTESIAN_POINT('',(-0.48686421582,-0.784687688614,0.));
#12775 = CARTESIAN_POINT('',(-0.473760487949,-0.781908109975,0.));
#12776 = CARTESIAN_POINT('',(-0.468439580269,-0.778175532945,0.));
#12777 = B_SPLINE_SURFACE_WITH_KNOTS('',2,1,(
    (#12778,#12779)
    ,(#12780,#12781)
    ,(#12782,#12783)
    ,(#12784,#12785
  )),.UNSPECIFIED.,.F.,.F.,.F.,(3,1,3),(2,2),(0.,1.,2.),(0.,1.E-02),
  .UNSPECIFIED.);
#12778 = CARTESIAN_POINT('',(-0.495520617867,-0.784687688614,0.));
#12779 = CARTESIAN_POINT('',(-0.495520617867,-0.784687688614,0.1));
#12780 = CARTESIAN_POINT('',(-0.48686421582,-0.784687688614,0.));
#12781 = CARTESIAN_POINT('',(-0.48686421582,-0.784687688614,0.1));
#12782 = CARTESIAN_POINT('',(-0.473760487949,-0.781908109975,0.));
#12783 = CARTESIAN_POINT('',(-0.473760487949,-0.781908109975,0.1));
#12784 = CARTESIAN_POINT('',(-0.468439580269,-0.778175532945,0.));
#12785 = CARTESIAN_POINT('',(-0.468439580269,-0.778175532945,0.1));
#12786 = ADVANCED_FACE('',(#12787),#12812,.F.);
#12787 = FACE_BOUND('',#12788,.T.);
#12788 = EDGE_LOOP('',(#12789,#12797,#12805,#12811));
#12789 = ORIENTED_EDGE('',*,*,#12790,.F.);
#12790 = EDGE_CURVE('',#12791,#12764,#12793,.T.);
#12791 = VERTEX_POINT('',#12792);
#12792 = CARTESIAN_POINT('',(-0.505447684435,-0.784687688614,0.));
#12793 = LINE('',#12794,#12795);
#12794 = CARTESIAN_POINT('',(-0.497521776424,-0.784687688614,0.));
#12795 = VECTOR('',#12796,1.);
#12796 = DIRECTION('',(1.,0.,0.));
#12797 = ORIENTED_EDGE('',*,*,#12798,.T.);
#12798 = EDGE_CURVE('',#12791,#12799,#12801,.T.);
#12799 = VERTEX_POINT('',#12800);
#12800 = CARTESIAN_POINT('',(-0.505447684435,-0.784687688614,0.1));
#12801 = LINE('',#12802,#12803);
#12802 = CARTESIAN_POINT('',(-0.505447684435,-0.784687688614,0.));
#12803 = VECTOR('',#12804,1.);
#12804 = DIRECTION('',(0.,0.,1.));
#12805 = ORIENTED_EDGE('',*,*,#12806,.F.);
#12806 = EDGE_CURVE('',#12755,#12799,#12807,.T.);
#12807 = LINE('',#12808,#12809);
#12808 = CARTESIAN_POINT('',(-0.497521776424,-0.784687688614,0.1));
#12809 = VECTOR('',#12810,1.);
#12810 = DIRECTION('',(-1.,0.,0.));
#12811 = ORIENTED_EDGE('',*,*,#12763,.F.);
#12812 = PLANE('',#12813);
#12813 = AXIS2_PLACEMENT_3D('',#12814,#12815,#12816);
#12814 = CARTESIAN_POINT('',(-0.505447684435,-0.784687688614,0.));
#12815 = DIRECTION('',(0.,-1.,0.));
#12816 = DIRECTION('',(1.,0.,0.));
#12817 = ADVANCED_FACE('',(#12818),#12843,.F.);
#12818 = FACE_BOUND('',#12819,.T.);
#12819 = EDGE_LOOP('',(#12820,#12828,#12836,#12842));
#12820 = ORIENTED_EDGE('',*,*,#12821,.F.);
#12821 = EDGE_CURVE('',#12822,#12791,#12824,.T.);
#12822 = VERTEX_POINT('',#12823);
#12823 = CARTESIAN_POINT('',(-0.505447684435,-0.709241982695,0.));
#12824 = LINE('',#12825,#12826);
#12825 = CARTESIAN_POINT('',(-0.505447684435,-0.7280922734,0.));
#12826 = VECTOR('',#12827,1.);
#12827 = DIRECTION('',(0.,-1.,0.));
#12828 = ORIENTED_EDGE('',*,*,#12829,.T.);
#12829 = EDGE_CURVE('',#12822,#12830,#12832,.T.);
#12830 = VERTEX_POINT('',#12831);
#12831 = CARTESIAN_POINT('',(-0.505447684435,-0.709241982695,0.1));
#12832 = LINE('',#12833,#12834);
#12833 = CARTESIAN_POINT('',(-0.505447684435,-0.709241982695,0.));
#12834 = VECTOR('',#12835,1.);
#12835 = DIRECTION('',(0.,0.,1.));
#12836 = ORIENTED_EDGE('',*,*,#12837,.F.);
#12837 = EDGE_CURVE('',#12799,#12830,#12838,.T.);
#12838 = LINE('',#12839,#12840);
#12839 = CARTESIAN_POINT('',(-0.505447684435,-0.7280922734,0.1));
#12840 = VECTOR('',#12841,1.);
#12841 = DIRECTION('',(0.,1.,0.));
#12842 = ORIENTED_EDGE('',*,*,#12798,.F.);
#12843 = PLANE('',#12844);
#12844 = AXIS2_PLACEMENT_3D('',#12845,#12846,#12847);
#12845 = CARTESIAN_POINT('',(-0.505447684435,-0.709241982695,0.));
#12846 = DIRECTION('',(-1.,0.,0.));
#12847 = DIRECTION('',(0.,-1.,0.));
#12848 = ADVANCED_FACE('',(#12849),#12874,.F.);
#12849 = FACE_BOUND('',#12850,.T.);
#12850 = EDGE_LOOP('',(#12851,#12859,#12867,#12873));
#12851 = ORIENTED_EDGE('',*,*,#12852,.F.);
#12852 = EDGE_CURVE('',#12853,#12822,#12855,.T.);
#12853 = VERTEX_POINT('',#12854);
#12854 = CARTESIAN_POINT('',(-0.495520617867,-0.709241982695,0.));
#12855 = LINE('',#12856,#12857);
#12856 = CARTESIAN_POINT('',(-0.49255824314,-0.709241982695,0.));
#12857 = VECTOR('',#12858,1.);
#12858 = DIRECTION('',(-1.,0.,0.));
#12859 = ORIENTED_EDGE('',*,*,#12860,.T.);
#12860 = EDGE_CURVE('',#12853,#12861,#12863,.T.);
#12861 = VERTEX_POINT('',#12862);
#12862 = CARTESIAN_POINT('',(-0.495520617867,-0.709241982695,0.1));
#12863 = LINE('',#12864,#12865);
#12864 = CARTESIAN_POINT('',(-0.495520617867,-0.709241982695,0.));
#12865 = VECTOR('',#12866,1.);
#12866 = DIRECTION('',(0.,0.,1.));
#12867 = ORIENTED_EDGE('',*,*,#12868,.F.);
#12868 = EDGE_CURVE('',#12830,#12861,#12869,.T.);
#12869 = LINE('',#12870,#12871);
#12870 = CARTESIAN_POINT('',(-0.49255824314,-0.709241982695,0.1));
#12871 = VECTOR('',#12872,1.);
#12872 = DIRECTION('',(1.,0.,0.));
#12873 = ORIENTED_EDGE('',*,*,#12829,.F.);
#12874 = PLANE('',#12875);
#12875 = AXIS2_PLACEMENT_3D('',#12876,#12877,#12878);
#12876 = CARTESIAN_POINT('',(-0.495520617867,-0.709241982695,0.));
#12877 = DIRECTION('',(0.,1.,0.));
#12878 = DIRECTION('',(-1.,0.,0.));
#12879 = ADVANCED_FACE('',(#12880),#12907,.F.);
#12880 = FACE_BOUND('',#12881,.F.);
#12881 = EDGE_LOOP('',(#12882,#12883,#12892,#12900));
#12882 = ORIENTED_EDGE('',*,*,#12860,.T.);
#12883 = ORIENTED_EDGE('',*,*,#12884,.T.);
#12884 = EDGE_CURVE('',#12861,#12885,#12887,.T.);
#12885 = VERTEX_POINT('',#12886);
#12886 = CARTESIAN_POINT('',(-0.469630828257,-0.715118806103,0.1));
#12887 = B_SPLINE_CURVE_WITH_KNOTS('',2,(#12888,#12889,#12890,#12891),
  .UNSPECIFIED.,.F.,.F.,(3,1,3),(-2.,-1.,0.),.QUASI_UNIFORM_KNOTS.);
#12888 = CARTESIAN_POINT('',(-0.495520617867,-0.709241982695,0.1));
#12889 = CARTESIAN_POINT('',(-0.486705382754,-0.709241982695,0.1));
#12890 = CARTESIAN_POINT('',(-0.474872319405,-0.712021561334,0.1));
#12891 = CARTESIAN_POINT('',(-0.469630828257,-0.715118806103,0.1));
#12892 = ORIENTED_EDGE('',*,*,#12893,.F.);
#12893 = EDGE_CURVE('',#12894,#12885,#12896,.T.);
#12894 = VERTEX_POINT('',#12895);
#12895 = CARTESIAN_POINT('',(-0.469630828257,-0.715118806103,0.));
#12896 = LINE('',#12897,#12898);
#12897 = CARTESIAN_POINT('',(-0.469630828257,-0.715118806103,0.));
#12898 = VECTOR('',#12899,1.);
#12899 = DIRECTION('',(0.,0.,1.));
#12900 = ORIENTED_EDGE('',*,*,#12901,.T.);
#12901 = EDGE_CURVE('',#12894,#12853,#12902,.T.);
#12902 = B_SPLINE_CURVE_WITH_KNOTS('',2,(#12903,#12904,#12905,#12906),
  .UNSPECIFIED.,.F.,.F.,(3,1,3),(0.,1.,2.),.QUASI_UNIFORM_KNOTS.);
#12903 = CARTESIAN_POINT('',(-0.469630828257,-0.715118806103,0.));
#12904 = CARTESIAN_POINT('',(-0.474872319405,-0.712021561334,0.));
#12905 = CARTESIAN_POINT('',(-0.486705382754,-0.709241982695,0.));
#12906 = CARTESIAN_POINT('',(-0.495520617867,-0.709241982695,0.));
#12907 = B_SPLINE_SURFACE_WITH_KNOTS('',2,1,(
    (#12908,#12909)
    ,(#12910,#12911)
    ,(#12912,#12913)
    ,(#12914,#12915
  )),.UNSPECIFIED.,.F.,.F.,.F.,(3,1,3),(2,2),(0.,1.,2.),(0.,1.E-02),
  .UNSPECIFIED.);
#12908 = CARTESIAN_POINT('',(-0.469630828257,-0.715118806103,0.));
#12909 = CARTESIAN_POINT('',(-0.469630828257,-0.715118806103,0.1));
#12910 = CARTESIAN_POINT('',(-0.474872319405,-0.712021561334,0.));
#12911 = CARTESIAN_POINT('',(-0.474872319405,-0.712021561334,0.1));
#12912 = CARTESIAN_POINT('',(-0.486705382754,-0.709241982695,0.));
#12913 = CARTESIAN_POINT('',(-0.486705382754,-0.709241982695,0.1));
#12914 = CARTESIAN_POINT('',(-0.495520617867,-0.709241982695,0.));
#12915 = CARTESIAN_POINT('',(-0.495520617867,-0.709241982695,0.1));
#12916 = ADVANCED_FACE('',(#12917),#12935,.F.);
#12917 = FACE_BOUND('',#12918,.F.);
#12918 = EDGE_LOOP('',(#12919,#12920,#12927,#12928));
#12919 = ORIENTED_EDGE('',*,*,#12893,.T.);
#12920 = ORIENTED_EDGE('',*,*,#12921,.T.);
#12921 = EDGE_CURVE('',#12885,#12710,#12922,.T.);
#12922 = B_SPLINE_CURVE_WITH_KNOTS('',2,(#12923,#12924,#12925,#12926),
  .UNSPECIFIED.,.F.,.F.,(3,1,3),(-2.,-1.,0.),.QUASI_UNIFORM_KNOTS.);
#12923 = CARTESIAN_POINT('',(-0.469630828257,-0.715118806103,0.1));
#12924 = CARTESIAN_POINT('',(-0.46224509073,-0.719645548459,0.1));
#12925 = CARTESIAN_POINT('',(-0.454779936671,-0.7356082715,0.1));
#12926 = CARTESIAN_POINT('',(-0.454779936671,-0.746885419122,0.1));
#12927 = ORIENTED_EDGE('',*,*,#12707,.F.);
#12928 = ORIENTED_EDGE('',*,*,#12929,.T.);
#12929 = EDGE_CURVE('',#12708,#12894,#12930,.T.);
#12930 = B_SPLINE_CURVE_WITH_KNOTS('',2,(#12931,#12932,#12933,#12934),
  .UNSPECIFIED.,.F.,.F.,(3,1,3),(0.,1.,2.),.QUASI_UNIFORM_KNOTS.);
#12931 = CARTESIAN_POINT('',(-0.454779936671,-0.746885419122,0.));
#12932 = CARTESIAN_POINT('',(-0.454779936671,-0.7356082715,0.));
#12933 = CARTESIAN_POINT('',(-0.46224509073,-0.719645548459,0.));
#12934 = CARTESIAN_POINT('',(-0.469630828257,-0.715118806103,0.));
#12935 = B_SPLINE_SURFACE_WITH_KNOTS('',2,1,(
    (#12936,#12937)
    ,(#12938,#12939)
    ,(#12940,#12941)
    ,(#12942,#12943
  )),.UNSPECIFIED.,.F.,.F.,.F.,(3,1,3),(2,2),(0.,1.,2.),(0.,1.E-02),
  .UNSPECIFIED.);
#12936 = CARTESIAN_POINT('',(-0.454779936671,-0.746885419122,0.));
#12937 = CARTESIAN_POINT('',(-0.454779936671,-0.746885419122,0.1));
#12938 = CARTESIAN_POINT('',(-0.454779936671,-0.7356082715,0.));
#12939 = CARTESIAN_POINT('',(-0.454779936671,-0.7356082715,0.1));
#12940 = CARTESIAN_POINT('',(-0.46224509073,-0.719645548459,0.));
#12941 = CARTESIAN_POINT('',(-0.46224509073,-0.719645548459,0.1));
#12942 = CARTESIAN_POINT('',(-0.469630828257,-0.715118806103,0.));
#12943 = CARTESIAN_POINT('',(-0.469630828257,-0.715118806103,0.1));
#12944 = ADVANCED_FACE('',(#12945),#12981,.T.);
#12945 = FACE_BOUND('',#12946,.T.);
#12946 = EDGE_LOOP('',(#12947,#12958,#12966,#12975));
#12947 = ORIENTED_EDGE('',*,*,#12948,.F.);
#12948 = EDGE_CURVE('',#12949,#12951,#12953,.T.);
#12949 = VERTEX_POINT('',#12950);
#12950 = CARTESIAN_POINT('',(-0.461212675807,-0.788102599514,0.));
#12951 = VERTEX_POINT('',#12952);
#12952 = CARTESIAN_POINT('',(-0.49591770053,-0.795964836236,0.));
#12953 = B_SPLINE_CURVE_WITH_KNOTS('',2,(#12954,#12955,#12956,#12957),
  .UNSPECIFIED.,.F.,.F.,(3,1,3),(0.,1.,2.),.QUASI_UNIFORM_KNOTS.);
#12954 = CARTESIAN_POINT('',(-0.461212675807,-0.788102599514,0.));
#12955 = CARTESIAN_POINT('',(-0.468677829866,-0.792788174934,0.));
#12956 = CARTESIAN_POINT('',(-0.484005220648,-0.795964836236,0.));
#12957 = CARTESIAN_POINT('',(-0.49591770053,-0.795964836236,0.));
#12958 = ORIENTED_EDGE('',*,*,#12959,.T.);
#12959 = EDGE_CURVE('',#12949,#12960,#12962,.T.);
#12960 = VERTEX_POINT('',#12961);
#12961 = CARTESIAN_POINT('',(-0.461212675807,-0.788102599514,0.1));
#12962 = LINE('',#12963,#12964);
#12963 = CARTESIAN_POINT('',(-0.461212675807,-0.788102599514,0.));
#12964 = VECTOR('',#12965,1.);
#12965 = DIRECTION('',(0.,0.,1.));
#12966 = ORIENTED_EDGE('',*,*,#12967,.F.);
#12967 = EDGE_CURVE('',#12968,#12960,#12970,.T.);
#12968 = VERTEX_POINT('',#12969);
#12969 = CARTESIAN_POINT('',(-0.49591770053,-0.795964836236,0.1));
#12970 = B_SPLINE_CURVE_WITH_KNOTS('',2,(#12971,#12972,#12973,#12974),
  .UNSPECIFIED.,.F.,.F.,(3,1,3),(-2.,-1.,0.),.QUASI_UNIFORM_KNOTS.);
#12971 = CARTESIAN_POINT('',(-0.49591770053,-0.795964836236,0.1));
#12972 = CARTESIAN_POINT('',(-0.484005220648,-0.795964836236,0.1));
#12973 = CARTESIAN_POINT('',(-0.468677829866,-0.792788174934,0.1));
#12974 = CARTESIAN_POINT('',(-0.461212675807,-0.788102599514,0.1));
#12975 = ORIENTED_EDGE('',*,*,#12976,.F.);
#12976 = EDGE_CURVE('',#12951,#12968,#12977,.T.);
#12977 = LINE('',#12978,#12979);
#12978 = CARTESIAN_POINT('',(-0.49591770053,-0.795964836236,0.));
#12979 = VECTOR('',#12980,1.);
#12980 = DIRECTION('',(0.,0.,1.));
#12981 = B_SPLINE_SURFACE_WITH_KNOTS('',2,1,(
    (#12982,#12983)
    ,(#12984,#12985)
    ,(#12986,#12987)
    ,(#12988,#12989
    )),.UNSPECIFIED.,.F.,.F.,.F.,(3,1,3),(2,2),(-2.,-1.,0.),(0.,1.E-02),
  .UNSPECIFIED.);
#12982 = CARTESIAN_POINT('',(-0.49591770053,-0.795964836236,0.));
#12983 = CARTESIAN_POINT('',(-0.49591770053,-0.795964836236,0.1));
#12984 = CARTESIAN_POINT('',(-0.484005220648,-0.795964836236,0.));
#12985 = CARTESIAN_POINT('',(-0.484005220648,-0.795964836236,0.1));
#12986 = CARTESIAN_POINT('',(-0.468677829866,-0.792788174934,0.));
#12987 = CARTESIAN_POINT('',(-0.468677829866,-0.792788174934,0.1));
#12988 = CARTESIAN_POINT('',(-0.461212675807,-0.788102599514,0.));
#12989 = CARTESIAN_POINT('',(-0.461212675807,-0.788102599514,0.1));
#12990 = ADVANCED_FACE('',(#12991),#13016,.T.);
#12991 = FACE_BOUND('',#12992,.T.);
#12992 = EDGE_LOOP('',(#12993,#13001,#13002,#13010));
#12993 = ORIENTED_EDGE('',*,*,#12994,.F.);
#12994 = EDGE_CURVE('',#12951,#12995,#12997,.T.);
#12995 = VERTEX_POINT('',#12996);
#12996 = CARTESIAN_POINT('',(-0.518471995773,-0.795964836236,0.));
#12997 = LINE('',#12998,#12999);
#12998 = CARTESIAN_POINT('',(-0.49591770053,-0.795964836236,0.));
#12999 = VECTOR('',#13000,1.);
#13000 = DIRECTION('',(-1.,0.,0.));
#13001 = ORIENTED_EDGE('',*,*,#12976,.T.);
#13002 = ORIENTED_EDGE('',*,*,#13003,.F.);
#13003 = EDGE_CURVE('',#13004,#12968,#13006,.T.);
#13004 = VERTEX_POINT('',#13005);
#13005 = CARTESIAN_POINT('',(-0.518471995773,-0.795964836236,0.1));
#13006 = LINE('',#13007,#13008);
#13007 = CARTESIAN_POINT('',(-0.49591770053,-0.795964836236,0.1));
#13008 = VECTOR('',#13009,1.);
#13009 = DIRECTION('',(1.,0.,0.));
#13010 = ORIENTED_EDGE('',*,*,#13011,.F.);
#13011 = EDGE_CURVE('',#12995,#13004,#13012,.T.);
#13012 = LINE('',#13013,#13014);
#13013 = CARTESIAN_POINT('',(-0.518471995773,-0.795964836236,0.));
#13014 = VECTOR('',#13015,1.);
#13015 = DIRECTION('',(0.,0.,1.));
#13016 = PLANE('',#13017);
#13017 = AXIS2_PLACEMENT_3D('',#13018,#13019,#13020);
#13018 = CARTESIAN_POINT('',(-0.518471995773,-0.795964836236,0.));
#13019 = DIRECTION('',(0.,-1.,0.));
#13020 = DIRECTION('',(1.,0.,0.));
#13021 = ADVANCED_FACE('',(#13022),#13047,.T.);
#13022 = FACE_BOUND('',#13023,.T.);
#13023 = EDGE_LOOP('',(#13024,#13032,#13033,#13041));
#13024 = ORIENTED_EDGE('',*,*,#13025,.F.);
#13025 = EDGE_CURVE('',#12995,#13026,#13028,.T.);
#13026 = VERTEX_POINT('',#13027);
#13027 = CARTESIAN_POINT('',(-0.518471995773,-0.697964835073,0.));
#13028 = LINE('',#13029,#13030);
#13029 = CARTESIAN_POINT('',(-0.518471995773,-0.795964836236,0.));
#13030 = VECTOR('',#13031,1.);
#13031 = DIRECTION('',(0.,1.,0.));
#13032 = ORIENTED_EDGE('',*,*,#13011,.T.);
#13033 = ORIENTED_EDGE('',*,*,#13034,.F.);
#13034 = EDGE_CURVE('',#13035,#13004,#13037,.T.);
#13035 = VERTEX_POINT('',#13036);
#13036 = CARTESIAN_POINT('',(-0.518471995773,-0.697964835073,0.1));
#13037 = LINE('',#13038,#13039);
#13038 = CARTESIAN_POINT('',(-0.518471995773,-0.795964836236,0.1));
#13039 = VECTOR('',#13040,1.);
#13040 = DIRECTION('',(0.,-1.,0.));
#13041 = ORIENTED_EDGE('',*,*,#13042,.F.);
#13042 = EDGE_CURVE('',#13026,#13035,#13043,.T.);
#13043 = LINE('',#13044,#13045);
#13044 = CARTESIAN_POINT('',(-0.518471995773,-0.697964835073,0.));
#13045 = VECTOR('',#13046,1.);
#13046 = DIRECTION('',(0.,0.,1.));
#13047 = PLANE('',#13048);
#13048 = AXIS2_PLACEMENT_3D('',#13049,#13050,#13051);
#13049 = CARTESIAN_POINT('',(-0.518471995773,-0.697964835073,0.));
#13050 = DIRECTION('',(-1.,0.,0.));
#13051 = DIRECTION('',(0.,-1.,0.));
#13052 = ADVANCED_FACE('',(#13053),#13078,.T.);
#13053 = FACE_BOUND('',#13054,.T.);
#13054 = EDGE_LOOP('',(#13055,#13063,#13064,#13072));
#13055 = ORIENTED_EDGE('',*,*,#13056,.F.);
#13056 = EDGE_CURVE('',#13026,#13057,#13059,.T.);
#13057 = VERTEX_POINT('',#13058);
#13058 = CARTESIAN_POINT('',(-0.496155950127,-0.697964835073,0.));
#13059 = LINE('',#13060,#13061);
#13060 = CARTESIAN_POINT('',(-0.518471995773,-0.697964835073,0.));
#13061 = VECTOR('',#13062,1.);
#13062 = DIRECTION('',(1.,0.,0.));
#13063 = ORIENTED_EDGE('',*,*,#13042,.T.);
#13064 = ORIENTED_EDGE('',*,*,#13065,.F.);
#13065 = EDGE_CURVE('',#13066,#13035,#13068,.T.);
#13066 = VERTEX_POINT('',#13067);
#13067 = CARTESIAN_POINT('',(-0.496155950127,-0.697964835073,0.1));
#13068 = LINE('',#13069,#13070);
#13069 = CARTESIAN_POINT('',(-0.518471995773,-0.697964835073,0.1));
#13070 = VECTOR('',#13071,1.);
#13071 = DIRECTION('',(-1.,0.,0.));
#13072 = ORIENTED_EDGE('',*,*,#13073,.F.);
#13073 = EDGE_CURVE('',#13057,#13066,#13074,.T.);
#13074 = LINE('',#13075,#13076);
#13075 = CARTESIAN_POINT('',(-0.496155950127,-0.697964835073,0.));
#13076 = VECTOR('',#13077,1.);
#13077 = DIRECTION('',(0.,0.,1.));
#13078 = PLANE('',#13079);
#13079 = AXIS2_PLACEMENT_3D('',#13080,#13081,#13082);
#13080 = CARTESIAN_POINT('',(-0.496155950127,-0.697964835073,0.));
#13081 = DIRECTION('',(0.,1.,0.));
#13082 = DIRECTION('',(-1.,0.,0.));
#13083 = ADVANCED_FACE('',(#13084),#13111,.T.);
#13084 = FACE_BOUND('',#13085,.T.);
#13085 = EDGE_LOOP('',(#13086,#13095,#13096,#13105));
#13086 = ORIENTED_EDGE('',*,*,#13087,.F.);
#13087 = EDGE_CURVE('',#13057,#13088,#13090,.T.);
#13088 = VERTEX_POINT('',#13089);
#13089 = CARTESIAN_POINT('',(-0.461053842742,-0.705747655263,0.));
#13090 = B_SPLINE_CURVE_WITH_KNOTS('',2,(#13091,#13092,#13093,#13094),
  .UNSPECIFIED.,.F.,.F.,(3,1,3),(0.,1.,2.),.QUASI_UNIFORM_KNOTS.);
#13091 = CARTESIAN_POINT('',(-0.496155950127,-0.697964835073,0.));
#13092 = CARTESIAN_POINT('',(-0.482337473464,-0.697964835073,0.));
#13093 = CARTESIAN_POINT('',(-0.46661300002,-0.702094494766,0.));
#13094 = CARTESIAN_POINT('',(-0.461053842742,-0.705747655263,0.));
#13095 = ORIENTED_EDGE('',*,*,#13073,.T.);
#13096 = ORIENTED_EDGE('',*,*,#13097,.F.);
#13097 = EDGE_CURVE('',#13098,#13066,#13100,.T.);
#13098 = VERTEX_POINT('',#13099);
#13099 = CARTESIAN_POINT('',(-0.461053842742,-0.705747655263,0.1));
#13100 = B_SPLINE_CURVE_WITH_KNOTS('',2,(#13101,#13102,#13103,#13104),
  .UNSPECIFIED.,.F.,.F.,(3,1,3),(-2.,-1.,0.),.QUASI_UNIFORM_KNOTS.);
#13101 = CARTESIAN_POINT('',(-0.461053842742,-0.705747655263,0.1));
#13102 = CARTESIAN_POINT('',(-0.46661300002,-0.702094494766,0.1));
#13103 = CARTESIAN_POINT('',(-0.482337473464,-0.697964835073,0.1));
#13104 = CARTESIAN_POINT('',(-0.496155950127,-0.697964835073,0.1));
#13105 = ORIENTED_EDGE('',*,*,#13106,.F.);
#13106 = EDGE_CURVE('',#13088,#13098,#13107,.T.);
#13107 = LINE('',#13108,#13109);
#13108 = CARTESIAN_POINT('',(-0.461053842742,-0.705747655263,0.));
#13109 = VECTOR('',#13110,1.);
#13110 = DIRECTION('',(0.,0.,1.));
#13111 = B_SPLINE_SURFACE_WITH_KNOTS('',2,1,(
    (#13112,#13113)
    ,(#13114,#13115)
    ,(#13116,#13117)
    ,(#13118,#13119
    )),.UNSPECIFIED.,.F.,.F.,.F.,(3,1,3),(2,2),(-2.,-1.,0.),(0.,1.E-02),
  .UNSPECIFIED.);
#13112 = CARTESIAN_POINT('',(-0.461053842742,-0.705747655263,0.));
#13113 = CARTESIAN_POINT('',(-0.461053842742,-0.705747655263,0.1));
#13114 = CARTESIAN_POINT('',(-0.46661300002,-0.702094494766,0.));
#13115 = CARTESIAN_POINT('',(-0.46661300002,-0.702094494766,0.1));
#13116 = CARTESIAN_POINT('',(-0.482337473464,-0.697964835073,0.));
#13117 = CARTESIAN_POINT('',(-0.482337473464,-0.697964835073,0.1));
#13118 = CARTESIAN_POINT('',(-0.496155950127,-0.697964835073,0.));
#13119 = CARTESIAN_POINT('',(-0.496155950127,-0.697964835073,0.1));
#13120 = ADVANCED_FACE('',(#13121),#13148,.T.);
#13121 = FACE_BOUND('',#13122,.T.);
#13122 = EDGE_LOOP('',(#13123,#13132,#13133,#13142));
#13123 = ORIENTED_EDGE('',*,*,#13124,.F.);
#13124 = EDGE_CURVE('',#13088,#13125,#13127,.T.);
#13125 = VERTEX_POINT('',#13126);
#13126 = CARTESIAN_POINT('',(-0.441199709605,-0.747044252187,0.));
#13127 = B_SPLINE_CURVE_WITH_KNOTS('',2,(#13128,#13129,#13130,#13131),
  .UNSPECIFIED.,.F.,.F.,(3,1,3),(0.,1.,2.),.QUASI_UNIFORM_KNOTS.);
#13128 = CARTESIAN_POINT('',(-0.461053842742,-0.705747655263,0.));
#13129 = CARTESIAN_POINT('',(-0.451603275369,-0.712021561334,0.));
#13130 = CARTESIAN_POINT('',(-0.441199709605,-0.732749276329,0.));
#13131 = CARTESIAN_POINT('',(-0.441199709605,-0.747044252187,0.));
#13132 = ORIENTED_EDGE('',*,*,#13106,.T.);
#13133 = ORIENTED_EDGE('',*,*,#13134,.F.);
#13134 = EDGE_CURVE('',#13135,#13098,#13137,.T.);
#13135 = VERTEX_POINT('',#13136);
#13136 = CARTESIAN_POINT('',(-0.441199709605,-0.747044252187,0.1));
#13137 = B_SPLINE_CURVE_WITH_KNOTS('',2,(#13138,#13139,#13140,#13141),
  .UNSPECIFIED.,.F.,.F.,(3,1,3),(-2.,-1.,0.),.QUASI_UNIFORM_KNOTS.);
#13138 = CARTESIAN_POINT('',(-0.441199709605,-0.747044252187,0.1));
#13139 = CARTESIAN_POINT('',(-0.441199709605,-0.732749276329,0.1));
#13140 = CARTESIAN_POINT('',(-0.451603275369,-0.712021561334,0.1));
#13141 = CARTESIAN_POINT('',(-0.461053842742,-0.705747655263,0.1));
#13142 = ORIENTED_EDGE('',*,*,#13143,.F.);
#13143 = EDGE_CURVE('',#13125,#13135,#13144,.T.);
#13144 = LINE('',#13145,#13146);
#13145 = CARTESIAN_POINT('',(-0.441199709605,-0.747044252187,0.));
#13146 = VECTOR('',#13147,1.);
#13147 = DIRECTION('',(0.,0.,1.));
#13148 = B_SPLINE_SURFACE_WITH_KNOTS('',2,1,(
    (#13149,#13150)
    ,(#13151,#13152)
    ,(#13153,#13154)
    ,(#13155,#13156
    )),.UNSPECIFIED.,.F.,.F.,.F.,(3,1,3),(2,2),(-2.,-1.,0.),(0.,1.E-02),
  .UNSPECIFIED.);
#13149 = CARTESIAN_POINT('',(-0.441199709605,-0.747044252187,0.));
#13150 = CARTESIAN_POINT('',(-0.441199709605,-0.747044252187,0.1));
#13151 = CARTESIAN_POINT('',(-0.441199709605,-0.732749276329,0.));
#13152 = CARTESIAN_POINT('',(-0.441199709605,-0.732749276329,0.1));
#13153 = CARTESIAN_POINT('',(-0.451603275369,-0.712021561334,0.));
#13154 = CARTESIAN_POINT('',(-0.451603275369,-0.712021561334,0.1));
#13155 = CARTESIAN_POINT('',(-0.461053842742,-0.705747655263,0.));
#13156 = CARTESIAN_POINT('',(-0.461053842742,-0.705747655263,0.1));
#13157 = ADVANCED_FACE('',(#13158),#13176,.T.);
#13158 = FACE_BOUND('',#13159,.T.);
#13159 = EDGE_LOOP('',(#13160,#13167,#13168,#13175));
#13160 = ORIENTED_EDGE('',*,*,#13161,.F.);
#13161 = EDGE_CURVE('',#13125,#12949,#13162,.T.);
#13162 = B_SPLINE_CURVE_WITH_KNOTS('',2,(#13163,#13164,#13165,#13166),
  .UNSPECIFIED.,.F.,.F.,(3,1,3),(0.,1.,2.),.QUASI_UNIFORM_KNOTS.);
#13163 = CARTESIAN_POINT('',(-0.441199709605,-0.747044252187,0.));
#13164 = CARTESIAN_POINT('',(-0.441199709605,-0.760465646187,0.));
#13165 = CARTESIAN_POINT('',(-0.452079774564,-0.78206694304,0.));
#13166 = CARTESIAN_POINT('',(-0.461212675807,-0.788102599514,0.));
#13167 = ORIENTED_EDGE('',*,*,#13143,.T.);
#13168 = ORIENTED_EDGE('',*,*,#13169,.F.);
#13169 = EDGE_CURVE('',#12960,#13135,#13170,.T.);
#13170 = B_SPLINE_CURVE_WITH_KNOTS('',2,(#13171,#13172,#13173,#13174),
  .UNSPECIFIED.,.F.,.F.,(3,1,3),(-2.,-1.,0.),.QUASI_UNIFORM_KNOTS.);
#13171 = CARTESIAN_POINT('',(-0.461212675807,-0.788102599514,0.1));
#13172 = CARTESIAN_POINT('',(-0.452079774564,-0.78206694304,0.1));
#13173 = CARTESIAN_POINT('',(-0.441199709605,-0.760465646187,0.1));
#13174 = CARTESIAN_POINT('',(-0.441199709605,-0.747044252187,0.1));
#13175 = ORIENTED_EDGE('',*,*,#12959,.F.);
#13176 = B_SPLINE_SURFACE_WITH_KNOTS('',2,1,(
    (#13177,#13178)
    ,(#13179,#13180)
    ,(#13181,#13182)
    ,(#13183,#13184
    )),.UNSPECIFIED.,.F.,.F.,.F.,(3,1,3),(2,2),(-2.,-1.,0.),(0.,1.E-02),
  .UNSPECIFIED.);
#13177 = CARTESIAN_POINT('',(-0.461212675807,-0.788102599514,0.));
#13178 = CARTESIAN_POINT('',(-0.461212675807,-0.788102599514,0.1));
#13179 = CARTESIAN_POINT('',(-0.452079774564,-0.78206694304,0.));
#13180 = CARTESIAN_POINT('',(-0.452079774564,-0.78206694304,0.1));
#13181 = CARTESIAN_POINT('',(-0.441199709605,-0.760465646187,0.));
#13182 = CARTESIAN_POINT('',(-0.441199709605,-0.760465646187,0.1));
#13183 = CARTESIAN_POINT('',(-0.441199709605,-0.747044252187,0.));
#13184 = CARTESIAN_POINT('',(-0.441199709605,-0.747044252187,0.1));
#13185 = ADVANCED_FACE('',(#13186,#13195),#13204,.F.);
#13186 = FACE_BOUND('',#13187,.T.);
#13187 = EDGE_LOOP('',(#13188,#13189,#13190,#13191,#13192,#13193,#13194)
  );
#13188 = ORIENTED_EDGE('',*,*,#13161,.T.);
#13189 = ORIENTED_EDGE('',*,*,#12948,.T.);
#13190 = ORIENTED_EDGE('',*,*,#12994,.T.);
#13191 = ORIENTED_EDGE('',*,*,#13025,.T.);
#13192 = ORIENTED_EDGE('',*,*,#13056,.T.);
#13193 = ORIENTED_EDGE('',*,*,#13087,.T.);
#13194 = ORIENTED_EDGE('',*,*,#13124,.T.);
#13195 = FACE_BOUND('',#13196,.T.);
#13196 = EDGE_LOOP('',(#13197,#13198,#13199,#13200,#13201,#13202,#13203)
  );
#13197 = ORIENTED_EDGE('',*,*,#12734,.T.);
#13198 = ORIENTED_EDGE('',*,*,#12929,.T.);
#13199 = ORIENTED_EDGE('',*,*,#12901,.T.);
#13200 = ORIENTED_EDGE('',*,*,#12852,.T.);
#13201 = ORIENTED_EDGE('',*,*,#12821,.T.);
#13202 = ORIENTED_EDGE('',*,*,#12790,.T.);
#13203 = ORIENTED_EDGE('',*,*,#12771,.T.);
#13204 = PLANE('',#13205);
#13205 = AXIS2_PLACEMENT_3D('',#13206,#13207,#13208);
#13206 = CARTESIAN_POINT('',(-0.489595868413,-0.746942564105,0.));
#13207 = DIRECTION('',(0.,0.,1.));
#13208 = DIRECTION('',(1.,0.,-0.));
#13209 = ADVANCED_FACE('',(#13210,#13219),#13228,.T.);
#13210 = FACE_BOUND('',#13211,.T.);
#13211 = EDGE_LOOP('',(#13212,#13213,#13214,#13215,#13216,#13217,#13218)
  );
#13212 = ORIENTED_EDGE('',*,*,#13169,.T.);
#13213 = ORIENTED_EDGE('',*,*,#13134,.T.);
#13214 = ORIENTED_EDGE('',*,*,#13097,.T.);
#13215 = ORIENTED_EDGE('',*,*,#13065,.T.);
#13216 = ORIENTED_EDGE('',*,*,#13034,.T.);
#13217 = ORIENTED_EDGE('',*,*,#13003,.T.);
#13218 = ORIENTED_EDGE('',*,*,#12967,.T.);
#13219 = FACE_BOUND('',#13220,.T.);
#13220 = EDGE_LOOP('',(#13221,#13222,#13223,#13224,#13225,#13226,#13227)
  );
#13221 = ORIENTED_EDGE('',*,*,#12717,.T.);
#13222 = ORIENTED_EDGE('',*,*,#12754,.T.);
#13223 = ORIENTED_EDGE('',*,*,#12806,.T.);
#13224 = ORIENTED_EDGE('',*,*,#12837,.T.);
#13225 = ORIENTED_EDGE('',*,*,#12868,.T.);
#13226 = ORIENTED_EDGE('',*,*,#12884,.T.);
#13227 = ORIENTED_EDGE('',*,*,#12921,.T.);
#13228 = PLANE('',#13229);
#13229 = AXIS2_PLACEMENT_3D('',#13230,#13231,#13232);
#13230 = CARTESIAN_POINT('',(-0.489595868413,-0.746942564105,0.1));
#13231 = DIRECTION('',(0.,0.,1.));
#13232 = DIRECTION('',(1.,0.,-0.));
#13233 = MANIFOLD_SOLID_BREP('',#13234);
#13234 = CLOSED_SHELL('',(#13235,#13275,#13306,#13337,#13368,#13399,
    #13430,#13461,#13492,#13523,#13554,#13585,#13607,#13627));
#13235 = ADVANCED_FACE('',(#13236),#13270,.T.);
#13236 = FACE_BOUND('',#13237,.T.);
#13237 = EDGE_LOOP('',(#13238,#13248,#13256,#13264));
#13238 = ORIENTED_EDGE('',*,*,#13239,.F.);
#13239 = EDGE_CURVE('',#13240,#13242,#13244,.T.);
#13240 = VERTEX_POINT('',#13241);
#13241 = CARTESIAN_POINT('',(-0.372504408953,-0.795964836236,0.));
#13242 = VERTEX_POINT('',#13243);
#13243 = CARTESIAN_POINT('',(-0.408321265131,-0.750379746554,0.));
#13244 = LINE('',#13245,#13246);
#13245 = CARTESIAN_POINT('',(-0.372504408953,-0.795964836236,0.));
#13246 = VECTOR('',#13247,1.);
#13247 = DIRECTION('',(-0.617821551932,0.786318338822,0.));
#13248 = ORIENTED_EDGE('',*,*,#13249,.T.);
#13249 = EDGE_CURVE('',#13240,#13250,#13252,.T.);
#13250 = VERTEX_POINT('',#13251);
#13251 = CARTESIAN_POINT('',(-0.372504408953,-0.795964836236,0.1));
#13252 = LINE('',#13253,#13254);
#13253 = CARTESIAN_POINT('',(-0.372504408953,-0.795964836236,0.));
#13254 = VECTOR('',#13255,1.);
#13255 = DIRECTION('',(0.,0.,1.));
#13256 = ORIENTED_EDGE('',*,*,#13257,.F.);
#13257 = EDGE_CURVE('',#13258,#13250,#13260,.T.);
#13258 = VERTEX_POINT('',#13259);
#13259 = CARTESIAN_POINT('',(-0.408321265131,-0.750379746554,0.1));
#13260 = LINE('',#13261,#13262);
#13261 = CARTESIAN_POINT('',(-0.372504408953,-0.795964836236,0.1));
#13262 = VECTOR('',#13263,1.);
#13263 = DIRECTION('',(0.617821551932,-0.786318338822,0.));
#13264 = ORIENTED_EDGE('',*,*,#13265,.F.);
#13265 = EDGE_CURVE('',#13242,#13258,#13266,.T.);
#13266 = LINE('',#13267,#13268);
#13267 = CARTESIAN_POINT('',(-0.408321265131,-0.750379746554,0.));
#13268 = VECTOR('',#13269,1.);
#13269 = DIRECTION('',(0.,0.,1.));
#13270 = PLANE('',#13271);
#13271 = AXIS2_PLACEMENT_3D('',#13272,#13273,#13274);
#13272 = CARTESIAN_POINT('',(-0.408321265131,-0.750379746554,0.));
#13273 = DIRECTION('',(-0.786318338822,-0.617821551932,0.));
#13274 = DIRECTION('',(0.617821551932,-0.786318338822,0.));
#13275 = ADVANCED_FACE('',(#13276),#13301,.T.);
#13276 = FACE_BOUND('',#13277,.T.);
#13277 = EDGE_LOOP('',(#13278,#13286,#13287,#13295));
#13278 = ORIENTED_EDGE('',*,*,#13279,.F.);
#13279 = EDGE_CURVE('',#13242,#13280,#13282,.T.);
#13280 = VERTEX_POINT('',#13281);
#13281 = CARTESIAN_POINT('',(-0.414039255474,-0.75681248569,0.));
#13282 = LINE('',#13283,#13284);
#13283 = CARTESIAN_POINT('',(-0.408321265131,-0.750379746554,0.));
#13284 = VECTOR('',#13285,1.);
#13285 = DIRECTION('',(-0.66436383883,-0.747409318684,0.));
#13286 = ORIENTED_EDGE('',*,*,#13265,.T.);
#13287 = ORIENTED_EDGE('',*,*,#13288,.F.);
#13288 = EDGE_CURVE('',#13289,#13258,#13291,.T.);
#13289 = VERTEX_POINT('',#13290);
#13290 = CARTESIAN_POINT('',(-0.414039255474,-0.75681248569,0.1));
#13291 = LINE('',#13292,#13293);
#13292 = CARTESIAN_POINT('',(-0.408321265131,-0.750379746554,0.1));
#13293 = VECTOR('',#13294,1.);
#13294 = DIRECTION('',(0.66436383883,0.747409318684,0.));
#13295 = ORIENTED_EDGE('',*,*,#13296,.F.);
#13296 = EDGE_CURVE('',#13280,#13289,#13297,.T.);
#13297 = LINE('',#13298,#13299);
#13298 = CARTESIAN_POINT('',(-0.414039255474,-0.75681248569,0.));
#13299 = VECTOR('',#13300,1.);
#13300 = DIRECTION('',(0.,0.,1.));
#13301 = PLANE('',#13302);
#13302 = AXIS2_PLACEMENT_3D('',#13303,#13304,#13305);
#13303 = CARTESIAN_POINT('',(-0.414039255474,-0.75681248569,0.));
#13304 = DIRECTION('',(0.747409318684,-0.66436383883,0.));
#13305 = DIRECTION('',(0.66436383883,0.747409318684,0.));
#13306 = ADVANCED_FACE('',(#13307),#13332,.T.);
#13307 = FACE_BOUND('',#13308,.T.);
#13308 = EDGE_LOOP('',(#13309,#13317,#13318,#13326));
#13309 = ORIENTED_EDGE('',*,*,#13310,.F.);
#13310 = EDGE_CURVE('',#13280,#13311,#13313,.T.);
#13311 = VERTEX_POINT('',#13312);
#13312 = CARTESIAN_POINT('',(-0.414039255474,-0.795964836236,0.));
#13313 = LINE('',#13314,#13315);
#13314 = CARTESIAN_POINT('',(-0.414039255474,-0.75681248569,0.));
#13315 = VECTOR('',#13316,1.);
#13316 = DIRECTION('',(0.,-1.,0.));
#13317 = ORIENTED_EDGE('',*,*,#13296,.T.);
#13318 = ORIENTED_EDGE('',*,*,#13319,.F.);
#13319 = EDGE_CURVE('',#13320,#13289,#13322,.T.);
#13320 = VERTEX_POINT('',#13321);
#13321 = CARTESIAN_POINT('',(-0.414039255474,-0.795964836236,0.1));
#13322 = LINE('',#13323,#13324);
#13323 = CARTESIAN_POINT('',(-0.414039255474,-0.75681248569,0.1));
#13324 = VECTOR('',#13325,1.);
#13325 = DIRECTION('',(0.,1.,0.));
#13326 = ORIENTED_EDGE('',*,*,#13327,.F.);
#13327 = EDGE_CURVE('',#13311,#13320,#13328,.T.);
#13328 = LINE('',#13329,#13330);
#13329 = CARTESIAN_POINT('',(-0.414039255474,-0.795964836236,0.));
#13330 = VECTOR('',#13331,1.);
#13331 = DIRECTION('',(0.,0.,1.));
#13332 = PLANE('',#13333);
#13333 = AXIS2_PLACEMENT_3D('',#13334,#13335,#13336);
#13334 = CARTESIAN_POINT('',(-0.414039255474,-0.795964836236,0.));
#13335 = DIRECTION('',(1.,0.,0.));
#13336 = DIRECTION('',(-0.,1.,0.));
#13337 = ADVANCED_FACE('',(#13338),#13363,.T.);
#13338 = FACE_BOUND('',#13339,.T.);
#13339 = EDGE_LOOP('',(#13340,#13348,#13349,#13357));
#13340 = ORIENTED_EDGE('',*,*,#13341,.F.);
#13341 = EDGE_CURVE('',#13311,#13342,#13344,.T.);
#13342 = VERTEX_POINT('',#13343);
#13343 = CARTESIAN_POINT('',(-0.427063566812,-0.795964836236,0.));
#13344 = LINE('',#13345,#13346);
#13345 = CARTESIAN_POINT('',(-0.414039255474,-0.795964836236,0.));
#13346 = VECTOR('',#13347,1.);
#13347 = DIRECTION('',(-1.,0.,0.));
#13348 = ORIENTED_EDGE('',*,*,#13327,.T.);
#13349 = ORIENTED_EDGE('',*,*,#13350,.F.);
#13350 = EDGE_CURVE('',#13351,#13320,#13353,.T.);
#13351 = VERTEX_POINT('',#13352);
#13352 = CARTESIAN_POINT('',(-0.427063566812,-0.795964836236,0.1));
#13353 = LINE('',#13354,#13355);
#13354 = CARTESIAN_POINT('',(-0.414039255474,-0.795964836236,0.1));
#13355 = VECTOR('',#13356,1.);
#13356 = DIRECTION('',(1.,0.,0.));
#13357 = ORIENTED_EDGE('',*,*,#13358,.F.);
#13358 = EDGE_CURVE('',#13342,#13351,#13359,.T.);
#13359 = LINE('',#13360,#13361);
#13360 = CARTESIAN_POINT('',(-0.427063566812,-0.795964836236,0.));
#13361 = VECTOR('',#13362,1.);
#13362 = DIRECTION('',(0.,0.,1.));
#13363 = PLANE('',#13364);
#13364 = AXIS2_PLACEMENT_3D('',#13365,#13366,#13367);
#13365 = CARTESIAN_POINT('',(-0.427063566812,-0.795964836236,0.));
#13366 = DIRECTION('',(0.,-1.,0.));
#13367 = DIRECTION('',(1.,0.,0.));
#13368 = ADVANCED_FACE('',(#13369),#13394,.T.);
#13369 = FACE_BOUND('',#13370,.T.);
#13370 = EDGE_LOOP('',(#13371,#13379,#13380,#13388));
#13371 = ORIENTED_EDGE('',*,*,#13372,.F.);
#13372 = EDGE_CURVE('',#13342,#13373,#13375,.T.);
#13373 = VERTEX_POINT('',#13374);
#13374 = CARTESIAN_POINT('',(-0.427063566812,-0.697964835073,0.));
#13375 = LINE('',#13376,#13377);
#13376 = CARTESIAN_POINT('',(-0.427063566812,-0.795964836236,0.));
#13377 = VECTOR('',#13378,1.);
#13378 = DIRECTION('',(0.,1.,0.));
#13379 = ORIENTED_EDGE('',*,*,#13358,.T.);
#13380 = ORIENTED_EDGE('',*,*,#13381,.F.);
#13381 = EDGE_CURVE('',#13382,#13351,#13384,.T.);
#13382 = VERTEX_POINT('',#13383);
#13383 = CARTESIAN_POINT('',(-0.427063566812,-0.697964835073,0.1));
#13384 = LINE('',#13385,#13386);
#13385 = CARTESIAN_POINT('',(-0.427063566812,-0.795964836236,0.1));
#13386 = VECTOR('',#13387,1.);
#13387 = DIRECTION('',(0.,-1.,0.));
#13388 = ORIENTED_EDGE('',*,*,#13389,.F.);
#13389 = EDGE_CURVE('',#13373,#13382,#13390,.T.);
#13390 = LINE('',#13391,#13392);
#13391 = CARTESIAN_POINT('',(-0.427063566812,-0.697964835073,0.));
#13392 = VECTOR('',#13393,1.);
#13393 = DIRECTION('',(0.,0.,1.));
#13394 = PLANE('',#13395);
#13395 = AXIS2_PLACEMENT_3D('',#13396,#13397,#13398);
#13396 = CARTESIAN_POINT('',(-0.427063566812,-0.697964835073,0.));
#13397 = DIRECTION('',(-1.,0.,0.));
#13398 = DIRECTION('',(0.,-1.,0.));
#13399 = ADVANCED_FACE('',(#13400),#13425,.T.);
#13400 = FACE_BOUND('',#13401,.T.);
#13401 = EDGE_LOOP('',(#13402,#13410,#13411,#13419));
#13402 = ORIENTED_EDGE('',*,*,#13403,.F.);
#13403 = EDGE_CURVE('',#13373,#13404,#13406,.T.);
#13404 = VERTEX_POINT('',#13405);
#13405 = CARTESIAN_POINT('',(-0.414039255474,-0.697964835073,0.));
#13406 = LINE('',#13407,#13408);
#13407 = CARTESIAN_POINT('',(-0.427063566812,-0.697964835073,0.));
#13408 = VECTOR('',#13409,1.);
#13409 = DIRECTION('',(1.,0.,0.));
#13410 = ORIENTED_EDGE('',*,*,#13389,.T.);
#13411 = ORIENTED_EDGE('',*,*,#13412,.F.);
#13412 = EDGE_CURVE('',#13413,#13382,#13415,.T.);
#13413 = VERTEX_POINT('',#13414);
#13414 = CARTESIAN_POINT('',(-0.414039255474,-0.697964835073,0.1));
#13415 = LINE('',#13416,#13417);
#13416 = CARTESIAN_POINT('',(-0.427063566812,-0.697964835073,0.1));
#13417 = VECTOR('',#13418,1.);
#13418 = DIRECTION('',(-1.,0.,0.));
#13419 = ORIENTED_EDGE('',*,*,#13420,.F.);
#13420 = EDGE_CURVE('',#13404,#13413,#13421,.T.);
#13421 = LINE('',#13422,#13423);
#13422 = CARTESIAN_POINT('',(-0.414039255474,-0.697964835073,0.));
#13423 = VECTOR('',#13424,1.);
#13424 = DIRECTION('',(0.,0.,1.));
#13425 = PLANE('',#13426);
#13426 = AXIS2_PLACEMENT_3D('',#13427,#13428,#13429);
#13427 = CARTESIAN_POINT('',(-0.414039255474,-0.697964835073,0.));
#13428 = DIRECTION('',(0.,1.,0.));
#13429 = DIRECTION('',(-1.,0.,0.));
#13430 = ADVANCED_FACE('',(#13431),#13456,.T.);
#13431 = FACE_BOUND('',#13432,.T.);
#13432 = EDGE_LOOP('',(#13433,#13441,#13442,#13450));
#13433 = ORIENTED_EDGE('',*,*,#13434,.F.);
#13434 = EDGE_CURVE('',#13404,#13435,#13437,.T.);
#13435 = VERTEX_POINT('',#13436);
#13436 = CARTESIAN_POINT('',(-0.414039255474,-0.742994009027,0.));
#13437 = LINE('',#13438,#13439);
#13438 = CARTESIAN_POINT('',(-0.414039255474,-0.697964835073,0.));
#13439 = VECTOR('',#13440,1.);
#13440 = DIRECTION('',(0.,-1.,0.));
#13441 = ORIENTED_EDGE('',*,*,#13420,.T.);
#13442 = ORIENTED_EDGE('',*,*,#13443,.F.);
#13443 = EDGE_CURVE('',#13444,#13413,#13446,.T.);
#13444 = VERTEX_POINT('',#13445);
#13445 = CARTESIAN_POINT('',(-0.414039255474,-0.742994009027,0.1));
#13446 = LINE('',#13447,#13448);
#13447 = CARTESIAN_POINT('',(-0.414039255474,-0.697964835073,0.1));
#13448 = VECTOR('',#13449,1.);
#13449 = DIRECTION('',(0.,1.,0.));
#13450 = ORIENTED_EDGE('',*,*,#13451,.F.);
#13451 = EDGE_CURVE('',#13435,#13444,#13452,.T.);
#13452 = LINE('',#13453,#13454);
#13453 = CARTESIAN_POINT('',(-0.414039255474,-0.742994009027,0.));
#13454 = VECTOR('',#13455,1.);
#13455 = DIRECTION('',(0.,0.,1.));
#13456 = PLANE('',#13457);
#13457 = AXIS2_PLACEMENT_3D('',#13458,#13459,#13460);
#13458 = CARTESIAN_POINT('',(-0.414039255474,-0.742994009027,0.));
#13459 = DIRECTION('',(1.,0.,0.));
#13460 = DIRECTION('',(-0.,1.,0.));
#13461 = ADVANCED_FACE('',(#13462),#13487,.T.);
#13462 = FACE_BOUND('',#13463,.T.);
#13463 = EDGE_LOOP('',(#13464,#13472,#13473,#13481));
#13464 = ORIENTED_EDGE('',*,*,#13465,.F.);
#13465 = EDGE_CURVE('',#13435,#13466,#13468,.T.);
#13466 = VERTEX_POINT('',#13467);
#13467 = CARTESIAN_POINT('',(-0.373854490006,-0.697964835073,0.));
#13468 = LINE('',#13469,#13470);
#13469 = CARTESIAN_POINT('',(-0.414039255474,-0.742994009027,0.));
#13470 = VECTOR('',#13471,1.);
#13471 = DIRECTION('',(0.665832703492,0.746101072885,0.));
#13472 = ORIENTED_EDGE('',*,*,#13451,.T.);
#13473 = ORIENTED_EDGE('',*,*,#13474,.F.);
#13474 = EDGE_CURVE('',#13475,#13444,#13477,.T.);
#13475 = VERTEX_POINT('',#13476);
#13476 = CARTESIAN_POINT('',(-0.373854490006,-0.697964835073,0.1));
#13477 = LINE('',#13478,#13479);
#13478 = CARTESIAN_POINT('',(-0.414039255474,-0.742994009027,0.1));
#13479 = VECTOR('',#13480,1.);
#13480 = DIRECTION('',(-0.665832703492,-0.746101072885,0.));
#13481 = ORIENTED_EDGE('',*,*,#13482,.F.);
#13482 = EDGE_CURVE('',#13466,#13475,#13483,.T.);
#13483 = LINE('',#13484,#13485);
#13484 = CARTESIAN_POINT('',(-0.373854490006,-0.697964835073,0.));
#13485 = VECTOR('',#13486,1.);
#13486 = DIRECTION('',(0.,0.,1.));
#13487 = PLANE('',#13488);
#13488 = AXIS2_PLACEMENT_3D('',#13489,#13490,#13491);
#13489 = CARTESIAN_POINT('',(-0.373854490006,-0.697964835073,0.));
#13490 = DIRECTION('',(-0.746101072885,0.665832703492,0.));
#13491 = DIRECTION('',(-0.665832703492,-0.746101072885,0.));
#13492 = ADVANCED_FACE('',(#13493),#13518,.T.);
#13493 = FACE_BOUND('',#13494,.T.);
#13494 = EDGE_LOOP('',(#13495,#13503,#13504,#13512));
#13495 = ORIENTED_EDGE('',*,*,#13496,.F.);
#13496 = EDGE_CURVE('',#13466,#13497,#13499,.T.);
#13497 = VERTEX_POINT('',#13498);
#13498 = CARTESIAN_POINT('',(-0.357971183497,-0.697964835073,0.));
#13499 = LINE('',#13500,#13501);
#13500 = CARTESIAN_POINT('',(-0.373854490006,-0.697964835073,0.));
#13501 = VECTOR('',#13502,1.);
#13502 = DIRECTION('',(1.,0.,0.));
#13503 = ORIENTED_EDGE('',*,*,#13482,.T.);
#13504 = ORIENTED_EDGE('',*,*,#13505,.F.);
#13505 = EDGE_CURVE('',#13506,#13475,#13508,.T.);
#13506 = VERTEX_POINT('',#13507);
#13507 = CARTESIAN_POINT('',(-0.357971183497,-0.697964835073,0.1));
#13508 = LINE('',#13509,#13510);
#13509 = CARTESIAN_POINT('',(-0.373854490006,-0.697964835073,0.1));
#13510 = VECTOR('',#13511,1.);
#13511 = DIRECTION('',(-1.,0.,0.));
#13512 = ORIENTED_EDGE('',*,*,#13513,.F.);
#13513 = EDGE_CURVE('',#13497,#13506,#13514,.T.);
#13514 = LINE('',#13515,#13516);
#13515 = CARTESIAN_POINT('',(-0.357971183497,-0.697964835073,0.));
#13516 = VECTOR('',#13517,1.);
#13517 = DIRECTION('',(0.,0.,1.));
#13518 = PLANE('',#13519);
#13519 = AXIS2_PLACEMENT_3D('',#13520,#13521,#13522);
#13520 = CARTESIAN_POINT('',(-0.357971183497,-0.697964835073,0.));
#13521 = DIRECTION('',(0.,1.,0.));
#13522 = DIRECTION('',(-1.,0.,0.));
#13523 = ADVANCED_FACE('',(#13524),#13549,.T.);
#13524 = FACE_BOUND('',#13525,.T.);
#13525 = EDGE_LOOP('',(#13526,#13534,#13535,#13543));
#13526 = ORIENTED_EDGE('',*,*,#13527,.F.);
#13527 = EDGE_CURVE('',#13497,#13528,#13530,.T.);
#13528 = VERTEX_POINT('',#13529);
#13529 = CARTESIAN_POINT('',(-0.398553031628,-0.741723344507,0.));
#13530 = LINE('',#13531,#13532);
#13531 = CARTESIAN_POINT('',(-0.357971183497,-0.697964835073,0.));
#13532 = VECTOR('',#13533,1.);
#13533 = DIRECTION('',(-0.679991598105,-0.73321990324,0.));
#13534 = ORIENTED_EDGE('',*,*,#13513,.T.);
#13535 = ORIENTED_EDGE('',*,*,#13536,.F.);
#13536 = EDGE_CURVE('',#13537,#13506,#13539,.T.);
#13537 = VERTEX_POINT('',#13538);
#13538 = CARTESIAN_POINT('',(-0.398553031628,-0.741723344507,0.1));
#13539 = LINE('',#13540,#13541);
#13540 = CARTESIAN_POINT('',(-0.357971183497,-0.697964835073,0.1));
#13541 = VECTOR('',#13542,1.);
#13542 = DIRECTION('',(0.679991598105,0.73321990324,0.));
#13543 = ORIENTED_EDGE('',*,*,#13544,.F.);
#13544 = EDGE_CURVE('',#13528,#13537,#13545,.T.);
#13545 = LINE('',#13546,#13547);
#13546 = CARTESIAN_POINT('',(-0.398553031628,-0.741723344507,0.));
#13547 = VECTOR('',#13548,1.);
#13548 = DIRECTION('',(0.,0.,1.));
#13549 = PLANE('',#13550);
#13550 = AXIS2_PLACEMENT_3D('',#13551,#13552,#13553);
#13551 = CARTESIAN_POINT('',(-0.398553031628,-0.741723344507,0.));
#13552 = DIRECTION('',(0.73321990324,-0.679991598105,0.));
#13553 = DIRECTION('',(0.679991598105,0.73321990324,0.));
#13554 = ADVANCED_FACE('',(#13555),#13580,.T.);
#13555 = FACE_BOUND('',#13556,.T.);
#13556 = EDGE_LOOP('',(#13557,#13565,#13566,#13574));
#13557 = ORIENTED_EDGE('',*,*,#13558,.F.);
#13558 = EDGE_CURVE('',#13528,#13559,#13561,.T.);
#13559 = VERTEX_POINT('',#13560);
#13560 = CARTESIAN_POINT('',(-0.35558868752,-0.795964836236,0.));
#13561 = LINE('',#13562,#13563);
#13562 = CARTESIAN_POINT('',(-0.398553031628,-0.741723344507,0.));
#13563 = VECTOR('',#13564,1.);
#13564 = DIRECTION('',(0.62090870157,-0.783882889413,0.));
#13565 = ORIENTED_EDGE('',*,*,#13544,.T.);
#13566 = ORIENTED_EDGE('',*,*,#13567,.F.);
#13567 = EDGE_CURVE('',#13568,#13537,#13570,.T.);
#13568 = VERTEX_POINT('',#13569);
#13569 = CARTESIAN_POINT('',(-0.35558868752,-0.795964836236,0.1));
#13570 = LINE('',#13571,#13572);
#13571 = CARTESIAN_POINT('',(-0.398553031628,-0.741723344507,0.1));
#13572 = VECTOR('',#13573,1.);
#13573 = DIRECTION('',(-0.62090870157,0.783882889413,0.));
#13574 = ORIENTED_EDGE('',*,*,#13575,.F.);
#13575 = EDGE_CURVE('',#13559,#13568,#13576,.T.);
#13576 = LINE('',#13577,#13578);
#13577 = CARTESIAN_POINT('',(-0.35558868752,-0.795964836236,0.));
#13578 = VECTOR('',#13579,1.);
#13579 = DIRECTION('',(0.,0.,1.));
#13580 = PLANE('',#13581);
#13581 = AXIS2_PLACEMENT_3D('',#13582,#13583,#13584);
#13582 = CARTESIAN_POINT('',(-0.35558868752,-0.795964836236,0.));
#13583 = DIRECTION('',(0.783882889413,0.62090870157,0.));
#13584 = DIRECTION('',(-0.62090870157,0.783882889413,0.));
#13585 = ADVANCED_FACE('',(#13586),#13602,.T.);
#13586 = FACE_BOUND('',#13587,.T.);
#13587 = EDGE_LOOP('',(#13588,#13594,#13595,#13601));
#13588 = ORIENTED_EDGE('',*,*,#13589,.F.);
#13589 = EDGE_CURVE('',#13559,#13240,#13590,.T.);
#13590 = LINE('',#13591,#13592);
#13591 = CARTESIAN_POINT('',(-0.35558868752,-0.795964836236,0.));
#13592 = VECTOR('',#13593,1.);
#13593 = DIRECTION('',(-1.,0.,0.));
#13594 = ORIENTED_EDGE('',*,*,#13575,.T.);
#13595 = ORIENTED_EDGE('',*,*,#13596,.F.);
#13596 = EDGE_CURVE('',#13250,#13568,#13597,.T.);
#13597 = LINE('',#13598,#13599);
#13598 = CARTESIAN_POINT('',(-0.35558868752,-0.795964836236,0.1));
#13599 = VECTOR('',#13600,1.);
#13600 = DIRECTION('',(1.,0.,0.));
#13601 = ORIENTED_EDGE('',*,*,#13249,.F.);
#13602 = PLANE('',#13603);
#13603 = AXIS2_PLACEMENT_3D('',#13604,#13605,#13606);
#13604 = CARTESIAN_POINT('',(-0.372504408953,-0.795964836236,0.));
#13605 = DIRECTION('',(0.,-1.,0.));
#13606 = DIRECTION('',(1.,0.,0.));
#13607 = ADVANCED_FACE('',(#13608),#13622,.F.);
#13608 = FACE_BOUND('',#13609,.T.);
#13609 = EDGE_LOOP('',(#13610,#13611,#13612,#13613,#13614,#13615,#13616,
    #13617,#13618,#13619,#13620,#13621));
#13610 = ORIENTED_EDGE('',*,*,#13589,.T.);
#13611 = ORIENTED_EDGE('',*,*,#13239,.T.);
#13612 = ORIENTED_EDGE('',*,*,#13279,.T.);
#13613 = ORIENTED_EDGE('',*,*,#13310,.T.);
#13614 = ORIENTED_EDGE('',*,*,#13341,.T.);
#13615 = ORIENTED_EDGE('',*,*,#13372,.T.);
#13616 = ORIENTED_EDGE('',*,*,#13403,.T.);
#13617 = ORIENTED_EDGE('',*,*,#13434,.T.);
#13618 = ORIENTED_EDGE('',*,*,#13465,.T.);
#13619 = ORIENTED_EDGE('',*,*,#13496,.T.);
#13620 = ORIENTED_EDGE('',*,*,#13527,.T.);
#13621 = ORIENTED_EDGE('',*,*,#13558,.T.);
#13622 = PLANE('',#13623);
#13623 = AXIS2_PLACEMENT_3D('',#13624,#13625,#13626);
#13624 = CARTESIAN_POINT('',(-0.39901578553,-0.746729957209,0.));
#13625 = DIRECTION('',(0.,0.,1.));
#13626 = DIRECTION('',(1.,0.,-0.));
#13627 = ADVANCED_FACE('',(#13628),#13642,.T.);
#13628 = FACE_BOUND('',#13629,.T.);
#13629 = EDGE_LOOP('',(#13630,#13631,#13632,#13633,#13634,#13635,#13636,
    #13637,#13638,#13639,#13640,#13641));
#13630 = ORIENTED_EDGE('',*,*,#13596,.T.);
#13631 = ORIENTED_EDGE('',*,*,#13567,.T.);
#13632 = ORIENTED_EDGE('',*,*,#13536,.T.);
#13633 = ORIENTED_EDGE('',*,*,#13505,.T.);
#13634 = ORIENTED_EDGE('',*,*,#13474,.T.);
#13635 = ORIENTED_EDGE('',*,*,#13443,.T.);
#13636 = ORIENTED_EDGE('',*,*,#13412,.T.);
#13637 = ORIENTED_EDGE('',*,*,#13381,.T.);
#13638 = ORIENTED_EDGE('',*,*,#13350,.T.);
#13639 = ORIENTED_EDGE('',*,*,#13319,.T.);
#13640 = ORIENTED_EDGE('',*,*,#13288,.T.);
#13641 = ORIENTED_EDGE('',*,*,#13257,.T.);
#13642 = PLANE('',#13643);
#13643 = AXIS2_PLACEMENT_3D('',#13644,#13645,#13646);
#13644 = CARTESIAN_POINT('',(-0.39901578553,-0.746729957209,0.1));
#13645 = DIRECTION('',(0.,0.,1.));
#13646 = DIRECTION('',(1.,0.,-0.));
#13647 = ( GEOMETRIC_REPRESENTATION_CONTEXT(3) 
GLOBAL_UNCERTAINTY_ASSIGNED_CONTEXT((#13651)) 
GLOBAL_UNIT_ASSIGNED_CONTEXT((#13648,#13649,#13650)) 
REPRESENTATION_CONTEXT('Context #1',
  '3D Context with UNIT and UNCERTAINTY') );
#13648 = ( LENGTH_UNIT() NAMED_UNIT(*) SI_UNIT(.MILLI.,.METRE.) );
#13649 = ( NAMED_UNIT(*) PLANE_ANGLE_UNIT() SI_UNIT($,.RADIAN.) );
#13650 = ( NAMED_UNIT(*) SI_UNIT($,.STERADIAN.) SOLID_ANGLE_UNIT() );
#13651 = UNCERTAINTY_MEASURE_WITH_UNIT(LENGTH_MEASURE(1.E-07),#13648,
  'distance_accuracy_value','confusion accuracy');
#13652 = SHAPE_DEFINITION_REPRESENTATION(#13653,#9874);
#13653 = PRODUCT_DEFINITION_SHAPE('','',#13654);
#13654 = PRODUCT_DEFINITION('design','',#13655,#13658);
#13655 = PRODUCT_DEFINITION_FORMATION('','',#13656);
#13656 = PRODUCT('TDK Logo','TDK Logo','',(#13657));
#13657 = PRODUCT_CONTEXT('',#2,'mechanical');
#13658 = PRODUCT_DEFINITION_CONTEXT('part definition',#2,'design');
#13659 = CONTEXT_DEPENDENT_SHAPE_REPRESENTATION(#13660,#13662);
#13660 = ( REPRESENTATION_RELATIONSHIP('','',#9874,#8240) 
REPRESENTATION_RELATIONSHIP_WITH_TRANSFORMATION(#13661) 
SHAPE_REPRESENTATION_RELATIONSHIP() );
#13661 = ITEM_DEFINED_TRANSFORMATION('','',#11,#8249);
#13662 = PRODUCT_DEFINITION_SHAPE('Placement','Placement of an item',
  #13663);
#13663 = NEXT_ASSEMBLY_USAGE_OCCURRENCE('235','TDK Logo:1','',#8235,
  #13654,$);
#13664 = PRODUCT_RELATED_PRODUCT_CATEGORY('part',$,(#13656));
#13665 = CONTEXT_DEPENDENT_SHAPE_REPRESENTATION(#13666,#13668);
#13666 = ( REPRESENTATION_RELATIONSHIP('','',#8240,#8223) 
REPRESENTATION_RELATIONSHIP_WITH_TRANSFORMATION(#13667) 
SHAPE_REPRESENTATION_RELATIONSHIP() );
#13667 = ITEM_DEFINED_TRANSFORMATION('','',#11,#8224);
#13668 = PRODUCT_DEFINITION_SHAPE('Placement','Placement of an item',
  #13669);
#13669 = NEXT_ASSEMBLY_USAGE_OCCURRENCE('236','','',#8218,#8235,$);
#13670 = PRODUCT_RELATED_PRODUCT_CATEGORY('part',$,(#8237));
#13671 = CONTEXT_DEPENDENT_SHAPE_REPRESENTATION(#13672,#13674);
#13672 = ( REPRESENTATION_RELATIONSHIP('','',#8223,#10) 
REPRESENTATION_RELATIONSHIP_WITH_TRANSFORMATION(#13673) 
SHAPE_REPRESENTATION_RELATIONSHIP() );
#13673 = ITEM_DEFINED_TRANSFORMATION('','',#11,#35);
#13674 = PRODUCT_DEFINITION_SHAPE('Placement','Placement of an item',
  #13675);
#13675 = NEXT_ASSEMBLY_USAGE_OCCURRENCE('237','','',#5,#8218,$);
#13676 = PRODUCT_RELATED_PRODUCT_CATEGORY('part',$,(#8220));
#13677 = SHAPE_DEFINITION_REPRESENTATION(#13678,#13684);
#13678 = PRODUCT_DEFINITION_SHAPE('','',#13679);
#13679 = PRODUCT_DEFINITION('design','',#13680,#13683);
#13680 = PRODUCT_DEFINITION_FORMATION('','',#13681);
#13681 = PRODUCT('U3','U3','',(#13682));
#13682 = PRODUCT_CONTEXT('',#2,'mechanical');
#13683 = PRODUCT_DEFINITION_CONTEXT('part definition',#2,'design');
#13684 = SHAPE_REPRESENTATION('',(#11,#13685),#13689);
#13685 = AXIS2_PLACEMENT_3D('',#13686,#13687,#13688);
#13686 = CARTESIAN_POINT('',(-11.95000415039,0.675000762939,0.));
#13687 = DIRECTION('',(0.,0.,1.));
#13688 = DIRECTION('',(1.,0.,0.));
#13689 = ( GEOMETRIC_REPRESENTATION_CONTEXT(3) 
GLOBAL_UNCERTAINTY_ASSIGNED_CONTEXT((#13693)) 
GLOBAL_UNIT_ASSIGNED_CONTEXT((#13690,#13691,#13692)) 
REPRESENTATION_CONTEXT('Context #1',
  '3D Context with UNIT and UNCERTAINTY') );
#13690 = ( LENGTH_UNIT() NAMED_UNIT(*) SI_UNIT(.MILLI.,.METRE.) );
#13691 = ( NAMED_UNIT(*) PLANE_ANGLE_UNIT() SI_UNIT($,.RADIAN.) );
#13692 = ( NAMED_UNIT(*) SI_UNIT($,.STERADIAN.) SOLID_ANGLE_UNIT() );
#13693 = UNCERTAINTY_MEASURE_WITH_UNIT(LENGTH_MEASURE(1.E-07),#13690,
  'distance_accuracy_value','confusion accuracy');
#13694 = SHAPE_DEFINITION_REPRESENTATION(#13695,#13701);
#13695 = PRODUCT_DEFINITION_SHAPE('','',#13696);
#13696 = PRODUCT_DEFINITION('design','',#13697,#13700);
#13697 = PRODUCT_DEFINITION_FORMATION('','',#13698);
#13698 = PRODUCT('6309742640','6309742640','',(#13699));
#13699 = PRODUCT_CONTEXT('',#2,'mechanical');
#13700 = PRODUCT_DEFINITION_CONTEXT('part definition',#2,'design');
#13701 = SHAPE_REPRESENTATION('',(#11,#13702),#13706);
#13702 = AXIS2_PLACEMENT_3D('',#13703,#13704,#13705);
#13703 = CARTESIAN_POINT('',(0.,0.,0.));
#13704 = DIRECTION('',(0.,0.,1.));
#13705 = DIRECTION('',(1.,0.,0.));
#13706 = ( GEOMETRIC_REPRESENTATION_CONTEXT(3) 
GLOBAL_UNCERTAINTY_ASSIGNED_CONTEXT((#13710)) 
GLOBAL_UNIT_ASSIGNED_CONTEXT((#13707,#13708,#13709)) 
REPRESENTATION_CONTEXT('Context #1',
  '3D Context with UNIT and UNCERTAINTY') );
#13707 = ( LENGTH_UNIT() NAMED_UNIT(*) SI_UNIT(.MILLI.,.METRE.) );
#13708 = ( NAMED_UNIT(*) PLANE_ANGLE_UNIT() SI_UNIT($,.RADIAN.) );
#13709 = ( NAMED_UNIT(*) SI_UNIT($,.STERADIAN.) SOLID_ANGLE_UNIT() );
#13710 = UNCERTAINTY_MEASURE_WITH_UNIT(LENGTH_MEASURE(1.E-07),#13707,
  'distance_accuracy_value','confusion accuracy');
#13711 = ADVANCED_BREP_SHAPE_REPRESENTATION('',(#11,#13712),#13862);
#13712 = MANIFOLD_SOLID_BREP('',#13713);
#13713 = CLOSED_SHELL('',(#13714,#13754,#13785,#13816,#13838,#13850));
#13714 = ADVANCED_FACE('',(#13715),#13749,.T.);
#13715 = FACE_BOUND('',#13716,.T.);
#13716 = EDGE_LOOP('',(#13717,#13727,#13735,#13743));
#13717 = ORIENTED_EDGE('',*,*,#13718,.T.);
#13718 = EDGE_CURVE('',#13719,#13721,#13723,.T.);
#13719 = VERTEX_POINT('',#13720);
#13720 = CARTESIAN_POINT('',(-1.49999954,-1.49999954,0.));
#13721 = VERTEX_POINT('',#13722);
#13722 = CARTESIAN_POINT('',(-1.49999954,-1.49999954,0.80000094));
#13723 = LINE('',#13724,#13725);
#13724 = CARTESIAN_POINT('',(-1.49999954,-1.49999954,0.));
#13725 = VECTOR('',#13726,1.);
#13726 = DIRECTION('',(0.,0.,1.));
#13727 = ORIENTED_EDGE('',*,*,#13728,.T.);
#13728 = EDGE_CURVE('',#13721,#13729,#13731,.T.);
#13729 = VERTEX_POINT('',#13730);
#13730 = CARTESIAN_POINT('',(-1.49999954,1.49999954,0.80000094));
#13731 = LINE('',#13732,#13733);
#13732 = CARTESIAN_POINT('',(-1.49999954,-1.49999954,0.80000094));
#13733 = VECTOR('',#13734,1.);
#13734 = DIRECTION('',(0.,1.,0.));
#13735 = ORIENTED_EDGE('',*,*,#13736,.F.);
#13736 = EDGE_CURVE('',#13737,#13729,#13739,.T.);
#13737 = VERTEX_POINT('',#13738);
#13738 = CARTESIAN_POINT('',(-1.49999954,1.49999954,0.));
#13739 = LINE('',#13740,#13741);
#13740 = CARTESIAN_POINT('',(-1.49999954,1.49999954,0.));
#13741 = VECTOR('',#13742,1.);
#13742 = DIRECTION('',(0.,0.,1.));
#13743 = ORIENTED_EDGE('',*,*,#13744,.F.);
#13744 = EDGE_CURVE('',#13719,#13737,#13745,.T.);
#13745 = LINE('',#13746,#13747);
#13746 = CARTESIAN_POINT('',(-1.49999954,-1.49999954,0.));
#13747 = VECTOR('',#13748,1.);
#13748 = DIRECTION('',(0.,1.,0.));
#13749 = PLANE('',#13750);
#13750 = AXIS2_PLACEMENT_3D('',#13751,#13752,#13753);
#13751 = CARTESIAN_POINT('',(-1.49999954,-1.49999954,0.));
#13752 = DIRECTION('',(-1.,0.,0.));
#13753 = DIRECTION('',(0.,1.,0.));
#13754 = ADVANCED_FACE('',(#13755),#13780,.T.);
#13755 = FACE_BOUND('',#13756,.T.);
#13756 = EDGE_LOOP('',(#13757,#13758,#13766,#13774));
#13757 = ORIENTED_EDGE('',*,*,#13736,.T.);
#13758 = ORIENTED_EDGE('',*,*,#13759,.T.);
#13759 = EDGE_CURVE('',#13729,#13760,#13762,.T.);
#13760 = VERTEX_POINT('',#13761);
#13761 = CARTESIAN_POINT('',(1.50000208,1.49999954,0.80000094));
#13762 = LINE('',#13763,#13764);
#13763 = CARTESIAN_POINT('',(-1.49999954,1.49999954,0.80000094));
#13764 = VECTOR('',#13765,1.);
#13765 = DIRECTION('',(1.,0.,0.));
#13766 = ORIENTED_EDGE('',*,*,#13767,.F.);
#13767 = EDGE_CURVE('',#13768,#13760,#13770,.T.);
#13768 = VERTEX_POINT('',#13769);
#13769 = CARTESIAN_POINT('',(1.50000208,1.49999954,0.));
#13770 = LINE('',#13771,#13772);
#13771 = CARTESIAN_POINT('',(1.50000208,1.49999954,0.));
#13772 = VECTOR('',#13773,1.);
#13773 = DIRECTION('',(0.,0.,1.));
#13774 = ORIENTED_EDGE('',*,*,#13775,.F.);
#13775 = EDGE_CURVE('',#13737,#13768,#13776,.T.);
#13776 = LINE('',#13777,#13778);
#13777 = CARTESIAN_POINT('',(-1.49999954,1.49999954,0.));
#13778 = VECTOR('',#13779,1.);
#13779 = DIRECTION('',(1.,0.,0.));
#13780 = PLANE('',#13781);
#13781 = AXIS2_PLACEMENT_3D('',#13782,#13783,#13784);
#13782 = CARTESIAN_POINT('',(-1.49999954,1.49999954,0.));
#13783 = DIRECTION('',(0.,1.,0.));
#13784 = DIRECTION('',(1.,0.,0.));
#13785 = ADVANCED_FACE('',(#13786),#13811,.T.);
#13786 = FACE_BOUND('',#13787,.T.);
#13787 = EDGE_LOOP('',(#13788,#13789,#13797,#13805));
#13788 = ORIENTED_EDGE('',*,*,#13767,.T.);
#13789 = ORIENTED_EDGE('',*,*,#13790,.T.);
#13790 = EDGE_CURVE('',#13760,#13791,#13793,.T.);
#13791 = VERTEX_POINT('',#13792);
#13792 = CARTESIAN_POINT('',(1.50000208,-1.49999954,0.80000094));
#13793 = LINE('',#13794,#13795);
#13794 = CARTESIAN_POINT('',(1.50000208,1.49999954,0.80000094));
#13795 = VECTOR('',#13796,1.);
#13796 = DIRECTION('',(0.,-1.,0.));
#13797 = ORIENTED_EDGE('',*,*,#13798,.F.);
#13798 = EDGE_CURVE('',#13799,#13791,#13801,.T.);
#13799 = VERTEX_POINT('',#13800);
#13800 = CARTESIAN_POINT('',(1.50000208,-1.49999954,0.));
#13801 = LINE('',#13802,#13803);
#13802 = CARTESIAN_POINT('',(1.50000208,-1.49999954,0.));
#13803 = VECTOR('',#13804,1.);
#13804 = DIRECTION('',(0.,0.,1.));
#13805 = ORIENTED_EDGE('',*,*,#13806,.F.);
#13806 = EDGE_CURVE('',#13768,#13799,#13807,.T.);
#13807 = LINE('',#13808,#13809);
#13808 = CARTESIAN_POINT('',(1.50000208,1.49999954,0.));
#13809 = VECTOR('',#13810,1.);
#13810 = DIRECTION('',(0.,-1.,0.));
#13811 = PLANE('',#13812);
#13812 = AXIS2_PLACEMENT_3D('',#13813,#13814,#13815);
#13813 = CARTESIAN_POINT('',(1.50000208,1.49999954,0.));
#13814 = DIRECTION('',(1.,0.,-0.));
#13815 = DIRECTION('',(0.,-1.,0.));
#13816 = ADVANCED_FACE('',(#13817),#13833,.T.);
#13817 = FACE_BOUND('',#13818,.T.);
#13818 = EDGE_LOOP('',(#13819,#13820,#13826,#13827));
#13819 = ORIENTED_EDGE('',*,*,#13798,.T.);
#13820 = ORIENTED_EDGE('',*,*,#13821,.T.);
#13821 = EDGE_CURVE('',#13791,#13721,#13822,.T.);
#13822 = LINE('',#13823,#13824);
#13823 = CARTESIAN_POINT('',(1.50000208,-1.49999954,0.80000094));
#13824 = VECTOR('',#13825,1.);
#13825 = DIRECTION('',(-1.,0.,0.));
#13826 = ORIENTED_EDGE('',*,*,#13718,.F.);
#13827 = ORIENTED_EDGE('',*,*,#13828,.F.);
#13828 = EDGE_CURVE('',#13799,#13719,#13829,.T.);
#13829 = LINE('',#13830,#13831);
#13830 = CARTESIAN_POINT('',(1.50000208,-1.49999954,0.));
#13831 = VECTOR('',#13832,1.);
#13832 = DIRECTION('',(-1.,0.,0.));
#13833 = PLANE('',#13834);
#13834 = AXIS2_PLACEMENT_3D('',#13835,#13836,#13837);
#13835 = CARTESIAN_POINT('',(1.50000208,-1.49999954,0.));
#13836 = DIRECTION('',(0.,-1.,0.));
#13837 = DIRECTION('',(-1.,0.,0.));
#13838 = ADVANCED_FACE('',(#13839),#13845,.T.);
#13839 = FACE_BOUND('',#13840,.T.);
#13840 = EDGE_LOOP('',(#13841,#13842,#13843,#13844));
#13841 = ORIENTED_EDGE('',*,*,#13744,.T.);
#13842 = ORIENTED_EDGE('',*,*,#13775,.T.);
#13843 = ORIENTED_EDGE('',*,*,#13806,.T.);
#13844 = ORIENTED_EDGE('',*,*,#13828,.T.);
#13845 = PLANE('',#13846);
#13846 = AXIS2_PLACEMENT_3D('',#13847,#13848,#13849);
#13847 = CARTESIAN_POINT('',(1.270000000249E-06,-1.776356632159E-15,0.)
  );
#13848 = DIRECTION('',(-0.,-0.,-1.));
#13849 = DIRECTION('',(-1.,0.,0.));
#13850 = ADVANCED_FACE('',(#13851),#13857,.F.);
#13851 = FACE_BOUND('',#13852,.F.);
#13852 = EDGE_LOOP('',(#13853,#13854,#13855,#13856));
#13853 = ORIENTED_EDGE('',*,*,#13728,.T.);
#13854 = ORIENTED_EDGE('',*,*,#13759,.T.);
#13855 = ORIENTED_EDGE('',*,*,#13790,.T.);
#13856 = ORIENTED_EDGE('',*,*,#13821,.T.);
#13857 = PLANE('',#13858);
#13858 = AXIS2_PLACEMENT_3D('',#13859,#13860,#13861);
#13859 = CARTESIAN_POINT('',(1.270000000249E-06,-1.776356632159E-15,
    0.80000094));
#13860 = DIRECTION('',(-0.,-0.,-1.));
#13861 = DIRECTION('',(-1.,0.,0.));
#13862 = ( GEOMETRIC_REPRESENTATION_CONTEXT(3) 
GLOBAL_UNCERTAINTY_ASSIGNED_CONTEXT((#13866)) 
GLOBAL_UNIT_ASSIGNED_CONTEXT((#13863,#13864,#13865)) 
REPRESENTATION_CONTEXT('Context #1',
  '3D Context with UNIT and UNCERTAINTY') );
#13863 = ( LENGTH_UNIT() NAMED_UNIT(*) SI_UNIT(.MILLI.,.METRE.) );
#13864 = ( NAMED_UNIT(*) PLANE_ANGLE_UNIT() SI_UNIT($,.RADIAN.) );
#13865 = ( NAMED_UNIT(*) SI_UNIT($,.STERADIAN.) SOLID_ANGLE_UNIT() );
#13866 = UNCERTAINTY_MEASURE_WITH_UNIT(LENGTH_MEASURE(1.E-07),#13863,
  'distance_accuracy_value','confusion accuracy');
#13867 = SHAPE_DEFINITION_REPRESENTATION(#13868,#13711);
#13868 = PRODUCT_DEFINITION_SHAPE('','',#13869);
#13869 = PRODUCT_DEFINITION('design','',#13870,#13873);
#13870 = PRODUCT_DEFINITION_FORMATION('','',#13871);
#13871 = PRODUCT('Extruded','Extruded','',(#13872));
#13872 = PRODUCT_CONTEXT('',#2,'mechanical');
#13873 = PRODUCT_DEFINITION_CONTEXT('part definition',#2,'design');
#13874 = CONTEXT_DEPENDENT_SHAPE_REPRESENTATION(#13875,#13877);
#13875 = ( REPRESENTATION_RELATIONSHIP('','',#13711,#13701) 
REPRESENTATION_RELATIONSHIP_WITH_TRANSFORMATION(#13876) 
SHAPE_REPRESENTATION_RELATIONSHIP() );
#13876 = ITEM_DEFINED_TRANSFORMATION('','',#11,#13702);
#13877 = PRODUCT_DEFINITION_SHAPE('Placement','Placement of an item',
  #13878);
#13878 = NEXT_ASSEMBLY_USAGE_OCCURRENCE('238','1','',#13696,#13869,$);
#13879 = PRODUCT_RELATED_PRODUCT_CATEGORY('part',$,(#13871));
#13880 = CONTEXT_DEPENDENT_SHAPE_REPRESENTATION(#13881,#13883);
#13881 = ( REPRESENTATION_RELATIONSHIP('','',#13701,#13684) 
REPRESENTATION_RELATIONSHIP_WITH_TRANSFORMATION(#13882) 
SHAPE_REPRESENTATION_RELATIONSHIP() );
#13882 = ITEM_DEFINED_TRANSFORMATION('','',#11,#13685);
#13883 = PRODUCT_DEFINITION_SHAPE('Placement','Placement of an item',
  #13884);
#13884 = NEXT_ASSEMBLY_USAGE_OCCURRENCE('239','','',#13679,#13696,$);
#13885 = PRODUCT_RELATED_PRODUCT_CATEGORY('part',$,(#13698));
#13886 = CONTEXT_DEPENDENT_SHAPE_REPRESENTATION(#13887,#13889);
#13887 = ( REPRESENTATION_RELATIONSHIP('','',#13684,#10) 
REPRESENTATION_RELATIONSHIP_WITH_TRANSFORMATION(#13888) 
SHAPE_REPRESENTATION_RELATIONSHIP() );
#13888 = ITEM_DEFINED_TRANSFORMATION('','',#11,#39);
#13889 = PRODUCT_DEFINITION_SHAPE('Placement','Placement of an item',
  #13890);
#13890 = NEXT_ASSEMBLY_USAGE_OCCURRENCE('240','','',#5,#13679,$);
#13891 = PRODUCT_RELATED_PRODUCT_CATEGORY('part',$,(#13681));
#13892 = SHAPE_DEFINITION_REPRESENTATION(#13893,#13899);
#13893 = PRODUCT_DEFINITION_SHAPE('','',#13894);
#13894 = PRODUCT_DEFINITION('design','',#13895,#13898);
#13895 = PRODUCT_DEFINITION_FORMATION('','',#13896);
#13896 = PRODUCT('C6','C6','',(#13897));
#13897 = PRODUCT_CONTEXT('',#2,'mechanical');
#13898 = PRODUCT_DEFINITION_CONTEXT('part definition',#2,'design');
#13899 = SHAPE_REPRESENTATION('',(#11,#13900,#13904,#13908),#13912);
#13900 = AXIS2_PLACEMENT_3D('',#13901,#13902,#13903);
#13901 = CARTESIAN_POINT('',(-9.425002624512,-0.825003051758,0.));
#13902 = DIRECTION('',(0.,0.,1.));
#13903 = DIRECTION('',(1.,0.,0.));
#13904 = AXIS2_PLACEMENT_3D('',#13905,#13906,#13907);
#13905 = CARTESIAN_POINT('',(-9.425002624512,2.499923706055E-02,0.));
#13906 = DIRECTION('',(0.,0.,1.));
#13907 = DIRECTION('',(1.,0.,0.));
#13908 = AXIS2_PLACEMENT_3D('',#13909,#13910,#13911);
#13909 = CARTESIAN_POINT('',(-9.425002624512,-0.400001907349,0.));
#13910 = DIRECTION('',(0.,0.,1.));
#13911 = DIRECTION('',(1.,0.,0.));
#13912 = ( GEOMETRIC_REPRESENTATION_CONTEXT(3) 
GLOBAL_UNCERTAINTY_ASSIGNED_CONTEXT((#13916)) 
GLOBAL_UNIT_ASSIGNED_CONTEXT((#13913,#13914,#13915)) 
REPRESENTATION_CONTEXT('Context #1',
  '3D Context with UNIT and UNCERTAINTY') );
#13913 = ( LENGTH_UNIT() NAMED_UNIT(*) SI_UNIT(.MILLI.,.METRE.) );
#13914 = ( NAMED_UNIT(*) PLANE_ANGLE_UNIT() SI_UNIT($,.RADIAN.) );
#13915 = ( NAMED_UNIT(*) SI_UNIT($,.STERADIAN.) SOLID_ANGLE_UNIT() );
#13916 = UNCERTAINTY_MEASURE_WITH_UNIT(LENGTH_MEASURE(1.E-07),#13913,
  'distance_accuracy_value','confusion accuracy');
#13917 = CONTEXT_DEPENDENT_SHAPE_REPRESENTATION(#13918,#13920);
#13918 = ( REPRESENTATION_RELATIONSHIP('','',#651,#13899) 
REPRESENTATION_RELATIONSHIP_WITH_TRANSFORMATION(#13919) 
SHAPE_REPRESENTATION_RELATIONSHIP() );
#13919 = ITEM_DEFINED_TRANSFORMATION('','',#11,#13900);
#13920 = PRODUCT_DEFINITION_SHAPE('Placement','Placement of an item',
  #13921);
#13921 = NEXT_ASSEMBLY_USAGE_OCCURRENCE('241','','',#13894,#646,$);
#13922 = CONTEXT_DEPENDENT_SHAPE_REPRESENTATION(#13923,#13925);
#13923 = ( REPRESENTATION_RELATIONSHIP('','',#651,#13899) 
REPRESENTATION_RELATIONSHIP_WITH_TRANSFORMATION(#13924) 
SHAPE_REPRESENTATION_RELATIONSHIP() );
#13924 = ITEM_DEFINED_TRANSFORMATION('','',#11,#13904);
#13925 = PRODUCT_DEFINITION_SHAPE('Placement','Placement of an item',
  #13926);
#13926 = NEXT_ASSEMBLY_USAGE_OCCURRENCE('242','','',#13894,#646,$);
#13927 = CONTEXT_DEPENDENT_SHAPE_REPRESENTATION(#13928,#13930);
#13928 = ( REPRESENTATION_RELATIONSHIP('','',#848,#13899) 
REPRESENTATION_RELATIONSHIP_WITH_TRANSFORMATION(#13929) 
SHAPE_REPRESENTATION_RELATIONSHIP() );
#13929 = ITEM_DEFINED_TRANSFORMATION('','',#11,#13908);
#13930 = PRODUCT_DEFINITION_SHAPE('Placement','Placement of an item',
  #13931);
#13931 = NEXT_ASSEMBLY_USAGE_OCCURRENCE('243','','',#13894,#843,$);
#13932 = CONTEXT_DEPENDENT_SHAPE_REPRESENTATION(#13933,#13935);
#13933 = ( REPRESENTATION_RELATIONSHIP('','',#13899,#10) 
REPRESENTATION_RELATIONSHIP_WITH_TRANSFORMATION(#13934) 
SHAPE_REPRESENTATION_RELATIONSHIP() );
#13934 = ITEM_DEFINED_TRANSFORMATION('','',#11,#43);
#13935 = PRODUCT_DEFINITION_SHAPE('Placement','Placement of an item',
  #13936);
#13936 = NEXT_ASSEMBLY_USAGE_OCCURRENCE('244','','',#5,#13894,$);
#13937 = PRODUCT_RELATED_PRODUCT_CATEGORY('part',$,(#13896));
#13938 = SHAPE_DEFINITION_REPRESENTATION(#13939,#13945);
#13939 = PRODUCT_DEFINITION_SHAPE('','',#13940);
#13940 = PRODUCT_DEFINITION('design','',#13941,#13944);
#13941 = PRODUCT_DEFINITION_FORMATION('','',#13942);
#13942 = PRODUCT('C5','C5','',(#13943));
#13943 = PRODUCT_CONTEXT('',#2,'mechanical');
#13944 = PRODUCT_DEFINITION_CONTEXT('part definition',#2,'design');
#13945 = SHAPE_REPRESENTATION('',(#11,#13946,#13950,#13954),#13958);
#13946 = AXIS2_PLACEMENT_3D('',#13947,#13948,#13949);
#13947 = CARTESIAN_POINT('',(-8.449998428345,-1.775001907349,0.));
#13948 = DIRECTION('',(0.,0.,1.));
#13949 = DIRECTION('',(1.,0.,0.));
#13950 = AXIS2_PLACEMENT_3D('',#13951,#13952,#13953);
#13951 = CARTESIAN_POINT('',(-9.299998809814,-1.775001907349,0.));
#13952 = DIRECTION('',(0.,0.,1.));
#13953 = DIRECTION('',(1.,0.,0.));
#13954 = AXIS2_PLACEMENT_3D('',#13955,#13956,#13957);
#13955 = CARTESIAN_POINT('',(-8.874999572754,-1.775001907349,0.));
#13956 = DIRECTION('',(0.,0.,1.));
#13957 = DIRECTION('',(1.,0.,0.));
#13958 = ( GEOMETRIC_REPRESENTATION_CONTEXT(3) 
GLOBAL_UNCERTAINTY_ASSIGNED_CONTEXT((#13962)) 
GLOBAL_UNIT_ASSIGNED_CONTEXT((#13959,#13960,#13961)) 
REPRESENTATION_CONTEXT('Context #1',
  '3D Context with UNIT and UNCERTAINTY') );
#13959 = ( LENGTH_UNIT() NAMED_UNIT(*) SI_UNIT(.MILLI.,.METRE.) );
#13960 = ( NAMED_UNIT(*) PLANE_ANGLE_UNIT() SI_UNIT($,.RADIAN.) );
#13961 = ( NAMED_UNIT(*) SI_UNIT($,.STERADIAN.) SOLID_ANGLE_UNIT() );
#13962 = UNCERTAINTY_MEASURE_WITH_UNIT(LENGTH_MEASURE(1.E-07),#13959,
  'distance_accuracy_value','confusion accuracy');
#13963 = SHAPE_DEFINITION_REPRESENTATION(#13964,#13970);
#13964 = PRODUCT_DEFINITION_SHAPE('','',#13965);
#13965 = PRODUCT_DEFINITION('design','',#13966,#13969);
#13966 = PRODUCT_DEFINITION_FORMATION('','',#13967);
#13967 = PRODUCT('6311558448','6311558448','',(#13968));
#13968 = PRODUCT_CONTEXT('',#2,'mechanical');
#13969 = PRODUCT_DEFINITION_CONTEXT('part definition',#2,'design');
#13970 = SHAPE_REPRESENTATION('',(#11,#13971),#13975);
#13971 = AXIS2_PLACEMENT_3D('',#13972,#13973,#13974);
#13972 = CARTESIAN_POINT('',(0.,0.,0.));
#13973 = DIRECTION('',(0.,0.,1.));
#13974 = DIRECTION('',(1.,0.,0.));
#13975 = ( GEOMETRIC_REPRESENTATION_CONTEXT(3) 
GLOBAL_UNCERTAINTY_ASSIGNED_CONTEXT((#13979)) 
GLOBAL_UNIT_ASSIGNED_CONTEXT((#13976,#13977,#13978)) 
REPRESENTATION_CONTEXT('Context #1',
  '3D Context with UNIT and UNCERTAINTY') );
#13976 = ( LENGTH_UNIT() NAMED_UNIT(*) SI_UNIT(.MILLI.,.METRE.) );
#13977 = ( NAMED_UNIT(*) PLANE_ANGLE_UNIT() SI_UNIT($,.RADIAN.) );
#13978 = ( NAMED_UNIT(*) SI_UNIT($,.STERADIAN.) SOLID_ANGLE_UNIT() );
#13979 = UNCERTAINTY_MEASURE_WITH_UNIT(LENGTH_MEASURE(1.E-07),#13976,
  'distance_accuracy_value','confusion accuracy');
#13980 = ADVANCED_BREP_SHAPE_REPRESENTATION('',(#11,#13981),#14131);
#13981 = MANIFOLD_SOLID_BREP('',#13982);
#13982 = CLOSED_SHELL('',(#13983,#14023,#14054,#14085,#14107,#14119));
#13983 = ADVANCED_FACE('',(#13984),#14018,.F.);
#13984 = FACE_BOUND('',#13985,.F.);
#13985 = EDGE_LOOP('',(#13986,#13996,#14004,#14012));
#13986 = ORIENTED_EDGE('',*,*,#13987,.T.);
#13987 = EDGE_CURVE('',#13988,#13990,#13992,.T.);
#13988 = VERTEX_POINT('',#13989);
#13989 = CARTESIAN_POINT('',(-0.12499848,0.27499818,0.));
#13990 = VERTEX_POINT('',#13991);
#13991 = CARTESIAN_POINT('',(-0.12499848,0.27499818,0.2999994));
#13992 = LINE('',#13993,#13994);
#13993 = CARTESIAN_POINT('',(-0.12499848,0.27499818,0.));
#13994 = VECTOR('',#13995,1.);
#13995 = DIRECTION('',(0.,0.,1.));
#13996 = ORIENTED_EDGE('',*,*,#13997,.T.);
#13997 = EDGE_CURVE('',#13990,#13998,#14000,.T.);
#13998 = VERTEX_POINT('',#13999);
#13999 = CARTESIAN_POINT('',(-0.12499848,-0.27500072,0.2999994));
#14000 = LINE('',#14001,#14002);
#14001 = CARTESIAN_POINT('',(-0.12499848,0.27499818,0.2999994));
#14002 = VECTOR('',#14003,1.);
#14003 = DIRECTION('',(0.,-1.,0.));
#14004 = ORIENTED_EDGE('',*,*,#14005,.F.);
#14005 = EDGE_CURVE('',#14006,#13998,#14008,.T.);
#14006 = VERTEX_POINT('',#14007);
#14007 = CARTESIAN_POINT('',(-0.12499848,-0.27500072,0.));
#14008 = LINE('',#14009,#14010);
#14009 = CARTESIAN_POINT('',(-0.12499848,-0.27500072,0.));
#14010 = VECTOR('',#14011,1.);
#14011 = DIRECTION('',(0.,0.,1.));
#14012 = ORIENTED_EDGE('',*,*,#14013,.F.);
#14013 = EDGE_CURVE('',#13988,#14006,#14014,.T.);
#14014 = LINE('',#14015,#14016);
#14015 = CARTESIAN_POINT('',(-0.12499848,0.27499818,0.));
#14016 = VECTOR('',#14017,1.);
#14017 = DIRECTION('',(0.,-1.,0.));
#14018 = PLANE('',#14019);
#14019 = AXIS2_PLACEMENT_3D('',#14020,#14021,#14022);
#14020 = CARTESIAN_POINT('',(-0.12499848,0.27499818,0.));
#14021 = DIRECTION('',(1.,0.,-0.));
#14022 = DIRECTION('',(0.,-1.,0.));
#14023 = ADVANCED_FACE('',(#14024),#14049,.F.);
#14024 = FACE_BOUND('',#14025,.F.);
#14025 = EDGE_LOOP('',(#14026,#14027,#14035,#14043));
#14026 = ORIENTED_EDGE('',*,*,#14005,.T.);
#14027 = ORIENTED_EDGE('',*,*,#14028,.T.);
#14028 = EDGE_CURVE('',#13998,#14029,#14031,.T.);
#14029 = VERTEX_POINT('',#14030);
#14030 = CARTESIAN_POINT('',(0.12500102,-0.27500072,0.2999994));
#14031 = LINE('',#14032,#14033);
#14032 = CARTESIAN_POINT('',(-0.12499848,-0.27500072,0.2999994));
#14033 = VECTOR('',#14034,1.);
#14034 = DIRECTION('',(1.,0.,0.));
#14035 = ORIENTED_EDGE('',*,*,#14036,.F.);
#14036 = EDGE_CURVE('',#14037,#14029,#14039,.T.);
#14037 = VERTEX_POINT('',#14038);
#14038 = CARTESIAN_POINT('',(0.12500102,-0.27500072,0.));
#14039 = LINE('',#14040,#14041);
#14040 = CARTESIAN_POINT('',(0.12500102,-0.27500072,0.));
#14041 = VECTOR('',#14042,1.);
#14042 = DIRECTION('',(0.,0.,1.));
#14043 = ORIENTED_EDGE('',*,*,#14044,.F.);
#14044 = EDGE_CURVE('',#14006,#14037,#14045,.T.);
#14045 = LINE('',#14046,#14047);
#14046 = CARTESIAN_POINT('',(-0.12499848,-0.27500072,0.));
#14047 = VECTOR('',#14048,1.);
#14048 = DIRECTION('',(1.,0.,0.));
#14049 = PLANE('',#14050);
#14050 = AXIS2_PLACEMENT_3D('',#14051,#14052,#14053);
#14051 = CARTESIAN_POINT('',(-0.12499848,-0.27500072,0.));
#14052 = DIRECTION('',(0.,1.,0.));
#14053 = DIRECTION('',(1.,0.,0.));
#14054 = ADVANCED_FACE('',(#14055),#14080,.F.);
#14055 = FACE_BOUND('',#14056,.F.);
#14056 = EDGE_LOOP('',(#14057,#14058,#14066,#14074));
#14057 = ORIENTED_EDGE('',*,*,#14036,.T.);
#14058 = ORIENTED_EDGE('',*,*,#14059,.T.);
#14059 = EDGE_CURVE('',#14029,#14060,#14062,.T.);
#14060 = VERTEX_POINT('',#14061);
#14061 = CARTESIAN_POINT('',(0.12500102,0.27499818,0.2999994));
#14062 = LINE('',#14063,#14064);
#14063 = CARTESIAN_POINT('',(0.12500102,-0.27500072,0.2999994));
#14064 = VECTOR('',#14065,1.);
#14065 = DIRECTION('',(0.,1.,0.));
#14066 = ORIENTED_EDGE('',*,*,#14067,.F.);
#14067 = EDGE_CURVE('',#14068,#14060,#14070,.T.);
#14068 = VERTEX_POINT('',#14069);
#14069 = CARTESIAN_POINT('',(0.12500102,0.27499818,0.));
#14070 = LINE('',#14071,#14072);
#14071 = CARTESIAN_POINT('',(0.12500102,0.27499818,0.));
#14072 = VECTOR('',#14073,1.);
#14073 = DIRECTION('',(0.,0.,1.));
#14074 = ORIENTED_EDGE('',*,*,#14075,.F.);
#14075 = EDGE_CURVE('',#14037,#14068,#14076,.T.);
#14076 = LINE('',#14077,#14078);
#14077 = CARTESIAN_POINT('',(0.12500102,-0.27500072,0.));
#14078 = VECTOR('',#14079,1.);
#14079 = DIRECTION('',(0.,1.,0.));
#14080 = PLANE('',#14081);
#14081 = AXIS2_PLACEMENT_3D('',#14082,#14083,#14084);
#14082 = CARTESIAN_POINT('',(0.12500102,-0.27500072,0.));
#14083 = DIRECTION('',(-1.,0.,0.));
#14084 = DIRECTION('',(0.,1.,0.));
#14085 = ADVANCED_FACE('',(#14086),#14102,.F.);
#14086 = FACE_BOUND('',#14087,.F.);
#14087 = EDGE_LOOP('',(#14088,#14089,#14095,#14096));
#14088 = ORIENTED_EDGE('',*,*,#14067,.T.);
#14089 = ORIENTED_EDGE('',*,*,#14090,.T.);
#14090 = EDGE_CURVE('',#14060,#13990,#14091,.T.);
#14091 = LINE('',#14092,#14093);
#14092 = CARTESIAN_POINT('',(0.12500102,0.27499818,0.2999994));
#14093 = VECTOR('',#14094,1.);
#14094 = DIRECTION('',(-1.,0.,0.));
#14095 = ORIENTED_EDGE('',*,*,#13987,.F.);
#14096 = ORIENTED_EDGE('',*,*,#14097,.F.);
#14097 = EDGE_CURVE('',#14068,#13988,#14098,.T.);
#14098 = LINE('',#14099,#14100);
#14099 = CARTESIAN_POINT('',(0.12500102,0.27499818,0.));
#14100 = VECTOR('',#14101,1.);
#14101 = DIRECTION('',(-1.,0.,0.));
#14102 = PLANE('',#14103);
#14103 = AXIS2_PLACEMENT_3D('',#14104,#14105,#14106);
#14104 = CARTESIAN_POINT('',(0.12500102,0.27499818,0.));
#14105 = DIRECTION('',(0.,-1.,0.));
#14106 = DIRECTION('',(-1.,0.,0.));
#14107 = ADVANCED_FACE('',(#14108),#14114,.F.);
#14108 = FACE_BOUND('',#14109,.F.);
#14109 = EDGE_LOOP('',(#14110,#14111,#14112,#14113));
#14110 = ORIENTED_EDGE('',*,*,#14013,.T.);
#14111 = ORIENTED_EDGE('',*,*,#14044,.T.);
#14112 = ORIENTED_EDGE('',*,*,#14075,.T.);
#14113 = ORIENTED_EDGE('',*,*,#14097,.T.);
#14114 = PLANE('',#14115);
#14115 = AXIS2_PLACEMENT_3D('',#14116,#14117,#14118);
#14116 = CARTESIAN_POINT('',(1.270000000016E-06,-1.27E-06,0.));
#14117 = DIRECTION('',(0.,0.,1.));
#14118 = DIRECTION('',(1.,0.,-0.));
#14119 = ADVANCED_FACE('',(#14120),#14126,.T.);
#14120 = FACE_BOUND('',#14121,.T.);
#14121 = EDGE_LOOP('',(#14122,#14123,#14124,#14125));
#14122 = ORIENTED_EDGE('',*,*,#13997,.T.);
#14123 = ORIENTED_EDGE('',*,*,#14028,.T.);
#14124 = ORIENTED_EDGE('',*,*,#14059,.T.);
#14125 = ORIENTED_EDGE('',*,*,#14090,.T.);
#14126 = PLANE('',#14127);
#14127 = AXIS2_PLACEMENT_3D('',#14128,#14129,#14130);
#14128 = CARTESIAN_POINT('',(1.270000000016E-06,-1.27E-06,0.2999994));
#14129 = DIRECTION('',(0.,0.,1.));
#14130 = DIRECTION('',(1.,0.,-0.));
#14131 = ( GEOMETRIC_REPRESENTATION_CONTEXT(3) 
GLOBAL_UNCERTAINTY_ASSIGNED_CONTEXT((#14135)) 
GLOBAL_UNIT_ASSIGNED_CONTEXT((#14132,#14133,#14134)) 
REPRESENTATION_CONTEXT('Context #1',
  '3D Context with UNIT and UNCERTAINTY') );
#14132 = ( LENGTH_UNIT() NAMED_UNIT(*) SI_UNIT(.MILLI.,.METRE.) );
#14133 = ( NAMED_UNIT(*) PLANE_ANGLE_UNIT() SI_UNIT($,.RADIAN.) );
#14134 = ( NAMED_UNIT(*) SI_UNIT($,.STERADIAN.) SOLID_ANGLE_UNIT() );
#14135 = UNCERTAINTY_MEASURE_WITH_UNIT(LENGTH_MEASURE(1.E-07),#14132,
  'distance_accuracy_value','confusion accuracy');
#14136 = SHAPE_DEFINITION_REPRESENTATION(#14137,#13980);
#14137 = PRODUCT_DEFINITION_SHAPE('','',#14138);
#14138 = PRODUCT_DEFINITION('design','',#14139,#14142);
#14139 = PRODUCT_DEFINITION_FORMATION('','',#14140);
#14140 = PRODUCT('Extruded','Extruded','',(#14141));
#14141 = PRODUCT_CONTEXT('',#2,'mechanical');
#14142 = PRODUCT_DEFINITION_CONTEXT('part definition',#2,'design');
#14143 = CONTEXT_DEPENDENT_SHAPE_REPRESENTATION(#14144,#14146);
#14144 = ( REPRESENTATION_RELATIONSHIP('','',#13980,#13970) 
REPRESENTATION_RELATIONSHIP_WITH_TRANSFORMATION(#14145) 
SHAPE_REPRESENTATION_RELATIONSHIP() );
#14145 = ITEM_DEFINED_TRANSFORMATION('','',#11,#13971);
#14146 = PRODUCT_DEFINITION_SHAPE('Placement','Placement of an item',
  #14147);
#14147 = NEXT_ASSEMBLY_USAGE_OCCURRENCE('245','4','',#13965,#14138,$);
#14148 = PRODUCT_RELATED_PRODUCT_CATEGORY('part',$,(#14140));
#14149 = CONTEXT_DEPENDENT_SHAPE_REPRESENTATION(#14150,#14152);
#14150 = ( REPRESENTATION_RELATIONSHIP('','',#13970,#13945) 
REPRESENTATION_RELATIONSHIP_WITH_TRANSFORMATION(#14151) 
SHAPE_REPRESENTATION_RELATIONSHIP() );
#14151 = ITEM_DEFINED_TRANSFORMATION('','',#11,#13946);
#14152 = PRODUCT_DEFINITION_SHAPE('Placement','Placement of an item',
  #14153);
#14153 = NEXT_ASSEMBLY_USAGE_OCCURRENCE('246','','',#13940,#13965,$);
#14154 = PRODUCT_RELATED_PRODUCT_CATEGORY('part',$,(#13967));
#14155 = CONTEXT_DEPENDENT_SHAPE_REPRESENTATION(#14156,#14158);
#14156 = ( REPRESENTATION_RELATIONSHIP('','',#13970,#13945) 
REPRESENTATION_RELATIONSHIP_WITH_TRANSFORMATION(#14157) 
SHAPE_REPRESENTATION_RELATIONSHIP() );
#14157 = ITEM_DEFINED_TRANSFORMATION('','',#11,#13950);
#14158 = PRODUCT_DEFINITION_SHAPE('Placement','Placement of an item',
  #14159);
#14159 = NEXT_ASSEMBLY_USAGE_OCCURRENCE('247','','',#13940,#13965,$);
#14160 = SHAPE_DEFINITION_REPRESENTATION(#14161,#14167);
#14161 = PRODUCT_DEFINITION_SHAPE('','',#14162);
#14162 = PRODUCT_DEFINITION('design','',#14163,#14166);
#14163 = PRODUCT_DEFINITION_FORMATION('','',#14164);
#14164 = PRODUCT('6311558048','6311558048','',(#14165));
#14165 = PRODUCT_CONTEXT('',#2,'mechanical');
#14166 = PRODUCT_DEFINITION_CONTEXT('part definition',#2,'design');
#14167 = SHAPE_REPRESENTATION('',(#11,#14168),#14172);
#14168 = AXIS2_PLACEMENT_3D('',#14169,#14170,#14171);
#14169 = CARTESIAN_POINT('',(0.,0.,0.));
#14170 = DIRECTION('',(0.,0.,1.));
#14171 = DIRECTION('',(1.,0.,0.));
#14172 = ( GEOMETRIC_REPRESENTATION_CONTEXT(3) 
GLOBAL_UNCERTAINTY_ASSIGNED_CONTEXT((#14176)) 
GLOBAL_UNIT_ASSIGNED_CONTEXT((#14173,#14174,#14175)) 
REPRESENTATION_CONTEXT('Context #1',
  '3D Context with UNIT and UNCERTAINTY') );
#14173 = ( LENGTH_UNIT() NAMED_UNIT(*) SI_UNIT(.MILLI.,.METRE.) );
#14174 = ( NAMED_UNIT(*) PLANE_ANGLE_UNIT() SI_UNIT($,.RADIAN.) );
#14175 = ( NAMED_UNIT(*) SI_UNIT($,.STERADIAN.) SOLID_ANGLE_UNIT() );
#14176 = UNCERTAINTY_MEASURE_WITH_UNIT(LENGTH_MEASURE(1.E-07),#14173,
  'distance_accuracy_value','confusion accuracy');
#14177 = ADVANCED_BREP_SHAPE_REPRESENTATION('',(#11,#14178),#14328);
#14178 = MANIFOLD_SOLID_BREP('',#14179);
#14179 = CLOSED_SHELL('',(#14180,#14220,#14251,#14282,#14304,#14316));
#14180 = ADVANCED_FACE('',(#14181),#14215,.F.);
#14181 = FACE_BOUND('',#14182,.F.);
#14182 = EDGE_LOOP('',(#14183,#14193,#14201,#14209));
#14183 = ORIENTED_EDGE('',*,*,#14184,.T.);
#14184 = EDGE_CURVE('',#14185,#14187,#14189,.T.);
#14185 = VERTEX_POINT('',#14186);
#14186 = CARTESIAN_POINT('',(-0.2999994,0.27499818,0.));
#14187 = VERTEX_POINT('',#14188);
#14188 = CARTESIAN_POINT('',(-0.2999994,0.27499818,0.2999994));
#14189 = LINE('',#14190,#14191);
#14190 = CARTESIAN_POINT('',(-0.2999994,0.27499818,0.));
#14191 = VECTOR('',#14192,1.);
#14192 = DIRECTION('',(0.,0.,1.));
#14193 = ORIENTED_EDGE('',*,*,#14194,.T.);
#14194 = EDGE_CURVE('',#14187,#14195,#14197,.T.);
#14195 = VERTEX_POINT('',#14196);
#14196 = CARTESIAN_POINT('',(-0.2999994,-0.27500072,0.2999994));
#14197 = LINE('',#14198,#14199);
#14198 = CARTESIAN_POINT('',(-0.2999994,0.27499818,0.2999994));
#14199 = VECTOR('',#14200,1.);
#14200 = DIRECTION('',(0.,-1.,0.));
#14201 = ORIENTED_EDGE('',*,*,#14202,.F.);
#14202 = EDGE_CURVE('',#14203,#14195,#14205,.T.);
#14203 = VERTEX_POINT('',#14204);
#14204 = CARTESIAN_POINT('',(-0.2999994,-0.27500072,0.));
#14205 = LINE('',#14206,#14207);
#14206 = CARTESIAN_POINT('',(-0.2999994,-0.27500072,0.));
#14207 = VECTOR('',#14208,1.);
#14208 = DIRECTION('',(0.,0.,1.));
#14209 = ORIENTED_EDGE('',*,*,#14210,.F.);
#14210 = EDGE_CURVE('',#14185,#14203,#14211,.T.);
#14211 = LINE('',#14212,#14213);
#14212 = CARTESIAN_POINT('',(-0.2999994,0.27499818,0.));
#14213 = VECTOR('',#14214,1.);
#14214 = DIRECTION('',(0.,-1.,0.));
#14215 = PLANE('',#14216);
#14216 = AXIS2_PLACEMENT_3D('',#14217,#14218,#14219);
#14217 = CARTESIAN_POINT('',(-0.2999994,0.27499818,0.));
#14218 = DIRECTION('',(1.,0.,-0.));
#14219 = DIRECTION('',(0.,-1.,0.));
#14220 = ADVANCED_FACE('',(#14221),#14246,.F.);
#14221 = FACE_BOUND('',#14222,.F.);
#14222 = EDGE_LOOP('',(#14223,#14224,#14232,#14240));
#14223 = ORIENTED_EDGE('',*,*,#14202,.T.);
#14224 = ORIENTED_EDGE('',*,*,#14225,.T.);
#14225 = EDGE_CURVE('',#14195,#14226,#14228,.T.);
#14226 = VERTEX_POINT('',#14227);
#14227 = CARTESIAN_POINT('',(0.30000194,-0.27500072,0.2999994));
#14228 = LINE('',#14229,#14230);
#14229 = CARTESIAN_POINT('',(-0.2999994,-0.27500072,0.2999994));
#14230 = VECTOR('',#14231,1.);
#14231 = DIRECTION('',(1.,0.,0.));
#14232 = ORIENTED_EDGE('',*,*,#14233,.F.);
#14233 = EDGE_CURVE('',#14234,#14226,#14236,.T.);
#14234 = VERTEX_POINT('',#14235);
#14235 = CARTESIAN_POINT('',(0.30000194,-0.27500072,0.));
#14236 = LINE('',#14237,#14238);
#14237 = CARTESIAN_POINT('',(0.30000194,-0.27500072,0.));
#14238 = VECTOR('',#14239,1.);
#14239 = DIRECTION('',(0.,0.,1.));
#14240 = ORIENTED_EDGE('',*,*,#14241,.F.);
#14241 = EDGE_CURVE('',#14203,#14234,#14242,.T.);
#14242 = LINE('',#14243,#14244);
#14243 = CARTESIAN_POINT('',(-0.2999994,-0.27500072,0.));
#14244 = VECTOR('',#14245,1.);
#14245 = DIRECTION('',(1.,0.,0.));
#14246 = PLANE('',#14247);
#14247 = AXIS2_PLACEMENT_3D('',#14248,#14249,#14250);
#14248 = CARTESIAN_POINT('',(-0.2999994,-0.27500072,0.));
#14249 = DIRECTION('',(0.,1.,0.));
#14250 = DIRECTION('',(1.,0.,0.));
#14251 = ADVANCED_FACE('',(#14252),#14277,.F.);
#14252 = FACE_BOUND('',#14253,.F.);
#14253 = EDGE_LOOP('',(#14254,#14255,#14263,#14271));
#14254 = ORIENTED_EDGE('',*,*,#14233,.T.);
#14255 = ORIENTED_EDGE('',*,*,#14256,.T.);
#14256 = EDGE_CURVE('',#14226,#14257,#14259,.T.);
#14257 = VERTEX_POINT('',#14258);
#14258 = CARTESIAN_POINT('',(0.30000194,0.27499818,0.2999994));
#14259 = LINE('',#14260,#14261);
#14260 = CARTESIAN_POINT('',(0.30000194,-0.27500072,0.2999994));
#14261 = VECTOR('',#14262,1.);
#14262 = DIRECTION('',(0.,1.,0.));
#14263 = ORIENTED_EDGE('',*,*,#14264,.F.);
#14264 = EDGE_CURVE('',#14265,#14257,#14267,.T.);
#14265 = VERTEX_POINT('',#14266);
#14266 = CARTESIAN_POINT('',(0.30000194,0.27499818,0.));
#14267 = LINE('',#14268,#14269);
#14268 = CARTESIAN_POINT('',(0.30000194,0.27499818,0.));
#14269 = VECTOR('',#14270,1.);
#14270 = DIRECTION('',(0.,0.,1.));
#14271 = ORIENTED_EDGE('',*,*,#14272,.F.);
#14272 = EDGE_CURVE('',#14234,#14265,#14273,.T.);
#14273 = LINE('',#14274,#14275);
#14274 = CARTESIAN_POINT('',(0.30000194,-0.27500072,0.));
#14275 = VECTOR('',#14276,1.);
#14276 = DIRECTION('',(0.,1.,0.));
#14277 = PLANE('',#14278);
#14278 = AXIS2_PLACEMENT_3D('',#14279,#14280,#14281);
#14279 = CARTESIAN_POINT('',(0.30000194,-0.27500072,0.));
#14280 = DIRECTION('',(-1.,0.,0.));
#14281 = DIRECTION('',(0.,1.,0.));
#14282 = ADVANCED_FACE('',(#14283),#14299,.F.);
#14283 = FACE_BOUND('',#14284,.F.);
#14284 = EDGE_LOOP('',(#14285,#14286,#14292,#14293));
#14285 = ORIENTED_EDGE('',*,*,#14264,.T.);
#14286 = ORIENTED_EDGE('',*,*,#14287,.T.);
#14287 = EDGE_CURVE('',#14257,#14187,#14288,.T.);
#14288 = LINE('',#14289,#14290);
#14289 = CARTESIAN_POINT('',(0.30000194,0.27499818,0.2999994));
#14290 = VECTOR('',#14291,1.);
#14291 = DIRECTION('',(-1.,0.,0.));
#14292 = ORIENTED_EDGE('',*,*,#14184,.F.);
#14293 = ORIENTED_EDGE('',*,*,#14294,.F.);
#14294 = EDGE_CURVE('',#14265,#14185,#14295,.T.);
#14295 = LINE('',#14296,#14297);
#14296 = CARTESIAN_POINT('',(0.30000194,0.27499818,0.));
#14297 = VECTOR('',#14298,1.);
#14298 = DIRECTION('',(-1.,0.,0.));
#14299 = PLANE('',#14300);
#14300 = AXIS2_PLACEMENT_3D('',#14301,#14302,#14303);
#14301 = CARTESIAN_POINT('',(0.30000194,0.27499818,0.));
#14302 = DIRECTION('',(0.,-1.,0.));
#14303 = DIRECTION('',(-1.,0.,0.));
#14304 = ADVANCED_FACE('',(#14305),#14311,.F.);
#14305 = FACE_BOUND('',#14306,.F.);
#14306 = EDGE_LOOP('',(#14307,#14308,#14309,#14310));
#14307 = ORIENTED_EDGE('',*,*,#14210,.T.);
#14308 = ORIENTED_EDGE('',*,*,#14241,.T.);
#14309 = ORIENTED_EDGE('',*,*,#14272,.T.);
#14310 = ORIENTED_EDGE('',*,*,#14294,.T.);
#14311 = PLANE('',#14312);
#14312 = AXIS2_PLACEMENT_3D('',#14313,#14314,#14315);
#14313 = CARTESIAN_POINT('',(1.269999999993E-06,-1.270000000018E-06,0.)
  );
#14314 = DIRECTION('',(0.,0.,1.));
#14315 = DIRECTION('',(1.,0.,-0.));
#14316 = ADVANCED_FACE('',(#14317),#14323,.T.);
#14317 = FACE_BOUND('',#14318,.T.);
#14318 = EDGE_LOOP('',(#14319,#14320,#14321,#14322));
#14319 = ORIENTED_EDGE('',*,*,#14194,.T.);
#14320 = ORIENTED_EDGE('',*,*,#14225,.T.);
#14321 = ORIENTED_EDGE('',*,*,#14256,.T.);
#14322 = ORIENTED_EDGE('',*,*,#14287,.T.);
#14323 = PLANE('',#14324);
#14324 = AXIS2_PLACEMENT_3D('',#14325,#14326,#14327);
#14325 = CARTESIAN_POINT('',(1.269999999993E-06,-1.270000000018E-06,
    0.2999994));
#14326 = DIRECTION('',(0.,0.,1.));
#14327 = DIRECTION('',(1.,0.,-0.));
#14328 = ( GEOMETRIC_REPRESENTATION_CONTEXT(3) 
GLOBAL_UNCERTAINTY_ASSIGNED_CONTEXT((#14332)) 
GLOBAL_UNIT_ASSIGNED_CONTEXT((#14329,#14330,#14331)) 
REPRESENTATION_CONTEXT('Context #1',
  '3D Context with UNIT and UNCERTAINTY') );
#14329 = ( LENGTH_UNIT() NAMED_UNIT(*) SI_UNIT(.MILLI.,.METRE.) );
#14330 = ( NAMED_UNIT(*) PLANE_ANGLE_UNIT() SI_UNIT($,.RADIAN.) );
#14331 = ( NAMED_UNIT(*) SI_UNIT($,.STERADIAN.) SOLID_ANGLE_UNIT() );
#14332 = UNCERTAINTY_MEASURE_WITH_UNIT(LENGTH_MEASURE(1.E-07),#14329,
  'distance_accuracy_value','confusion accuracy');
#14333 = SHAPE_DEFINITION_REPRESENTATION(#14334,#14177);
#14334 = PRODUCT_DEFINITION_SHAPE('','',#14335);
#14335 = PRODUCT_DEFINITION('design','',#14336,#14339);
#14336 = PRODUCT_DEFINITION_FORMATION('','',#14337);
#14337 = PRODUCT('Extruded','Extruded','',(#14338));
#14338 = PRODUCT_CONTEXT('',#2,'mechanical');
#14339 = PRODUCT_DEFINITION_CONTEXT('part definition',#2,'design');
#14340 = CONTEXT_DEPENDENT_SHAPE_REPRESENTATION(#14341,#14343);
#14341 = ( REPRESENTATION_RELATIONSHIP('','',#14177,#14167) 
REPRESENTATION_RELATIONSHIP_WITH_TRANSFORMATION(#14342) 
SHAPE_REPRESENTATION_RELATIONSHIP() );
#14342 = ITEM_DEFINED_TRANSFORMATION('','',#11,#14168);
#14343 = PRODUCT_DEFINITION_SHAPE('Placement','Placement of an item',
  #14344);
#14344 = NEXT_ASSEMBLY_USAGE_OCCURRENCE('248','5','',#14162,#14335,$);
#14345 = PRODUCT_RELATED_PRODUCT_CATEGORY('part',$,(#14337));
#14346 = CONTEXT_DEPENDENT_SHAPE_REPRESENTATION(#14347,#14349);
#14347 = ( REPRESENTATION_RELATIONSHIP('','',#14167,#13945) 
REPRESENTATION_RELATIONSHIP_WITH_TRANSFORMATION(#14348) 
SHAPE_REPRESENTATION_RELATIONSHIP() );
#14348 = ITEM_DEFINED_TRANSFORMATION('','',#11,#13954);
#14349 = PRODUCT_DEFINITION_SHAPE('Placement','Placement of an item',
  #14350);
#14350 = NEXT_ASSEMBLY_USAGE_OCCURRENCE('249','','',#13940,#14162,$);
#14351 = PRODUCT_RELATED_PRODUCT_CATEGORY('part',$,(#14164));
#14352 = CONTEXT_DEPENDENT_SHAPE_REPRESENTATION(#14353,#14355);
#14353 = ( REPRESENTATION_RELATIONSHIP('','',#13945,#10) 
REPRESENTATION_RELATIONSHIP_WITH_TRANSFORMATION(#14354) 
SHAPE_REPRESENTATION_RELATIONSHIP() );
#14354 = ITEM_DEFINED_TRANSFORMATION('','',#11,#47);
#14355 = PRODUCT_DEFINITION_SHAPE('Placement','Placement of an item',
  #14356);
#14356 = NEXT_ASSEMBLY_USAGE_OCCURRENCE('250','','',#5,#13940,$);
#14357 = PRODUCT_RELATED_PRODUCT_CATEGORY('part',$,(#13942));
#14358 = SHAPE_DEFINITION_REPRESENTATION(#14359,#14365);
#14359 = PRODUCT_DEFINITION_SHAPE('','',#14360);
#14360 = PRODUCT_DEFINITION('design','',#14361,#14364);
#14361 = PRODUCT_DEFINITION_FORMATION('','',#14362);
#14362 = PRODUCT('C2','C2','',(#14363));
#14363 = PRODUCT_CONTEXT('',#2,'mechanical');
#14364 = PRODUCT_DEFINITION_CONTEXT('part definition',#2,'design');
#14365 = SHAPE_REPRESENTATION('',(#11,#14366,#14370,#14374),#14378);
#14366 = AXIS2_PLACEMENT_3D('',#14367,#14368,#14369);
#14367 = CARTESIAN_POINT('',(-6.975001861572,-1.775,0.));
#14368 = DIRECTION('',(0.,0.,1.));
#14369 = DIRECTION('',(1.,0.,0.));
#14370 = AXIS2_PLACEMENT_3D('',#14371,#14372,#14373);
#14371 = CARTESIAN_POINT('',(-6.550002624512,-1.775,0.));
#14372 = DIRECTION('',(0.,0.,1.));
#14373 = DIRECTION('',(1.,0.,0.));
#14374 = AXIS2_PLACEMENT_3D('',#14375,#14376,#14377);
#14375 = CARTESIAN_POINT('',(-7.400003005981,-1.775,0.));
#14376 = DIRECTION('',(0.,0.,1.));
#14377 = DIRECTION('',(1.,0.,0.));
#14378 = ( GEOMETRIC_REPRESENTATION_CONTEXT(3) 
GLOBAL_UNCERTAINTY_ASSIGNED_CONTEXT((#14382)) 
GLOBAL_UNIT_ASSIGNED_CONTEXT((#14379,#14380,#14381)) 
REPRESENTATION_CONTEXT('Context #1',
  '3D Context with UNIT and UNCERTAINTY') );
#14379 = ( LENGTH_UNIT() NAMED_UNIT(*) SI_UNIT(.MILLI.,.METRE.) );
#14380 = ( NAMED_UNIT(*) PLANE_ANGLE_UNIT() SI_UNIT($,.RADIAN.) );
#14381 = ( NAMED_UNIT(*) SI_UNIT($,.STERADIAN.) SOLID_ANGLE_UNIT() );
#14382 = UNCERTAINTY_MEASURE_WITH_UNIT(LENGTH_MEASURE(1.E-07),#14379,
  'distance_accuracy_value','confusion accuracy');
#14383 = CONTEXT_DEPENDENT_SHAPE_REPRESENTATION(#14384,#14386);
#14384 = ( REPRESENTATION_RELATIONSHIP('','',#14167,#14365) 
REPRESENTATION_RELATIONSHIP_WITH_TRANSFORMATION(#14385) 
SHAPE_REPRESENTATION_RELATIONSHIP() );
#14385 = ITEM_DEFINED_TRANSFORMATION('','',#11,#14366);
#14386 = PRODUCT_DEFINITION_SHAPE('Placement','Placement of an item',
  #14387);
#14387 = NEXT_ASSEMBLY_USAGE_OCCURRENCE('251','','',#14360,#14162,$);
#14388 = CONTEXT_DEPENDENT_SHAPE_REPRESENTATION(#14389,#14391);
#14389 = ( REPRESENTATION_RELATIONSHIP('','',#13970,#14365) 
REPRESENTATION_RELATIONSHIP_WITH_TRANSFORMATION(#14390) 
SHAPE_REPRESENTATION_RELATIONSHIP() );
#14390 = ITEM_DEFINED_TRANSFORMATION('','',#11,#14370);
#14391 = PRODUCT_DEFINITION_SHAPE('Placement','Placement of an item',
  #14392);
#14392 = NEXT_ASSEMBLY_USAGE_OCCURRENCE('252','','',#14360,#13965,$);
#14393 = CONTEXT_DEPENDENT_SHAPE_REPRESENTATION(#14394,#14396);
#14394 = ( REPRESENTATION_RELATIONSHIP('','',#13970,#14365) 
REPRESENTATION_RELATIONSHIP_WITH_TRANSFORMATION(#14395) 
SHAPE_REPRESENTATION_RELATIONSHIP() );
#14395 = ITEM_DEFINED_TRANSFORMATION('','',#11,#14374);
#14396 = PRODUCT_DEFINITION_SHAPE('Placement','Placement of an item',
  #14397);
#14397 = NEXT_ASSEMBLY_USAGE_OCCURRENCE('253','','',#14360,#13965,$);
#14398 = CONTEXT_DEPENDENT_SHAPE_REPRESENTATION(#14399,#14401);
#14399 = ( REPRESENTATION_RELATIONSHIP('','',#14365,#10) 
REPRESENTATION_RELATIONSHIP_WITH_TRANSFORMATION(#14400) 
SHAPE_REPRESENTATION_RELATIONSHIP() );
#14400 = ITEM_DEFINED_TRANSFORMATION('','',#11,#51);
#14401 = PRODUCT_DEFINITION_SHAPE('Placement','Placement of an item',
  #14402);
#14402 = NEXT_ASSEMBLY_USAGE_OCCURRENCE('254','','',#5,#14360,$);
#14403 = PRODUCT_RELATED_PRODUCT_CATEGORY('part',$,(#14362));
#14404 = SHAPE_DEFINITION_REPRESENTATION(#14405,#14411);
#14405 = PRODUCT_DEFINITION_SHAPE('','',#14406);
#14406 = PRODUCT_DEFINITION('design','',#14407,#14410);
#14407 = PRODUCT_DEFINITION_FORMATION('','',#14408);
#14408 = PRODUCT('C4','C4','',(#14409));
#14409 = PRODUCT_CONTEXT('',#2,'mechanical');
#14410 = PRODUCT_DEFINITION_CONTEXT('part definition',#2,'design');
#14411 = SHAPE_REPRESENTATION('',(#11,#14412,#14416,#14420),#14424);
#14412 = AXIS2_PLACEMENT_3D('',#14413,#14414,#14415);
#14413 = CARTESIAN_POINT('',(-14.52500014495,0.35,0.));
#14414 = DIRECTION('',(0.,0.,1.));
#14415 = DIRECTION('',(1.,0.,0.));
#14416 = AXIS2_PLACEMENT_3D('',#14417,#14418,#14419);
#14417 = CARTESIAN_POINT('',(-14.52500014495,-0.500002288818,0.));
#14418 = DIRECTION('',(0.,0.,1.));
#14419 = DIRECTION('',(1.,0.,0.));
#14420 = AXIS2_PLACEMENT_3D('',#14421,#14422,#14423);
#14421 = CARTESIAN_POINT('',(-14.52500014495,-7.500114440918E-02,0.));
#14422 = DIRECTION('',(0.,0.,1.));
#14423 = DIRECTION('',(1.,0.,0.));
#14424 = ( GEOMETRIC_REPRESENTATION_CONTEXT(3) 
GLOBAL_UNCERTAINTY_ASSIGNED_CONTEXT((#14428)) 
GLOBAL_UNIT_ASSIGNED_CONTEXT((#14425,#14426,#14427)) 
REPRESENTATION_CONTEXT('Context #1',
  '3D Context with UNIT and UNCERTAINTY') );
#14425 = ( LENGTH_UNIT() NAMED_UNIT(*) SI_UNIT(.MILLI.,.METRE.) );
#14426 = ( NAMED_UNIT(*) PLANE_ANGLE_UNIT() SI_UNIT($,.RADIAN.) );
#14427 = ( NAMED_UNIT(*) SI_UNIT($,.STERADIAN.) SOLID_ANGLE_UNIT() );
#14428 = UNCERTAINTY_MEASURE_WITH_UNIT(LENGTH_MEASURE(1.E-07),#14425,
  'distance_accuracy_value','confusion accuracy');
#14429 = CONTEXT_DEPENDENT_SHAPE_REPRESENTATION(#14430,#14432);
#14430 = ( REPRESENTATION_RELATIONSHIP('','',#651,#14411) 
REPRESENTATION_RELATIONSHIP_WITH_TRANSFORMATION(#14431) 
SHAPE_REPRESENTATION_RELATIONSHIP() );
#14431 = ITEM_DEFINED_TRANSFORMATION('','',#11,#14412);
#14432 = PRODUCT_DEFINITION_SHAPE('Placement','Placement of an item',
  #14433);
#14433 = NEXT_ASSEMBLY_USAGE_OCCURRENCE('255','','',#14406,#646,$);
#14434 = CONTEXT_DEPENDENT_SHAPE_REPRESENTATION(#14435,#14437);
#14435 = ( REPRESENTATION_RELATIONSHIP('','',#651,#14411) 
REPRESENTATION_RELATIONSHIP_WITH_TRANSFORMATION(#14436) 
SHAPE_REPRESENTATION_RELATIONSHIP() );
#14436 = ITEM_DEFINED_TRANSFORMATION('','',#11,#14416);
#14437 = PRODUCT_DEFINITION_SHAPE('Placement','Placement of an item',
  #14438);
#14438 = NEXT_ASSEMBLY_USAGE_OCCURRENCE('256','','',#14406,#646,$);
#14439 = CONTEXT_DEPENDENT_SHAPE_REPRESENTATION(#14440,#14442);
#14440 = ( REPRESENTATION_RELATIONSHIP('','',#848,#14411) 
REPRESENTATION_RELATIONSHIP_WITH_TRANSFORMATION(#14441) 
SHAPE_REPRESENTATION_RELATIONSHIP() );
#14441 = ITEM_DEFINED_TRANSFORMATION('','',#11,#14420);
#14442 = PRODUCT_DEFINITION_SHAPE('Placement','Placement of an item',
  #14443);
#14443 = NEXT_ASSEMBLY_USAGE_OCCURRENCE('257','','',#14406,#843,$);
#14444 = CONTEXT_DEPENDENT_SHAPE_REPRESENTATION(#14445,#14447);
#14445 = ( REPRESENTATION_RELATIONSHIP('','',#14411,#10) 
REPRESENTATION_RELATIONSHIP_WITH_TRANSFORMATION(#14446) 
SHAPE_REPRESENTATION_RELATIONSHIP() );
#14446 = ITEM_DEFINED_TRANSFORMATION('','',#11,#55);
#14447 = PRODUCT_DEFINITION_SHAPE('Placement','Placement of an item',
  #14448);
#14448 = NEXT_ASSEMBLY_USAGE_OCCURRENCE('258','','',#5,#14406,$);
#14449 = PRODUCT_RELATED_PRODUCT_CATEGORY('part',$,(#14408));
#14450 = SHAPE_DEFINITION_REPRESENTATION(#14451,#14457);
#14451 = PRODUCT_DEFINITION_SHAPE('','',#14452);
#14452 = PRODUCT_DEFINITION('design','',#14453,#14456);
#14453 = PRODUCT_DEFINITION_FORMATION('','',#14454);
#14454 = PRODUCT('C3','C3','',(#14455));
#14455 = PRODUCT_CONTEXT('',#2,'mechanical');
#14456 = PRODUCT_DEFINITION_CONTEXT('part definition',#2,'design');
#14457 = SHAPE_REPRESENTATION('',(#11,#14458,#14462,#14466),#14470);
#14458 = AXIS2_PLACEMENT_3D('',#14459,#14460,#14461);
#14459 = CARTESIAN_POINT('',(-5.050000717163,-1.775001907349,0.));
#14460 = DIRECTION('',(0.,0.,1.));
#14461 = DIRECTION('',(1.,0.,0.));
#14462 = AXIS2_PLACEMENT_3D('',#14463,#14464,#14465);
#14463 = CARTESIAN_POINT('',(-5.474999954224,-1.775001907349,0.));
#14464 = DIRECTION('',(0.,0.,1.));
#14465 = DIRECTION('',(1.,0.,0.));
#14466 = AXIS2_PLACEMENT_3D('',#14467,#14468,#14469);
#14467 = CARTESIAN_POINT('',(-4.624999572754,-1.775001907349,0.));
#14468 = DIRECTION('',(0.,0.,1.));
#14469 = DIRECTION('',(1.,0.,0.));
#14470 = ( GEOMETRIC_REPRESENTATION_CONTEXT(3) 
GLOBAL_UNCERTAINTY_ASSIGNED_CONTEXT((#14474)) 
GLOBAL_UNIT_ASSIGNED_CONTEXT((#14471,#14472,#14473)) 
REPRESENTATION_CONTEXT('Context #1',
  '3D Context with UNIT and UNCERTAINTY') );
#14471 = ( LENGTH_UNIT() NAMED_UNIT(*) SI_UNIT(.MILLI.,.METRE.) );
#14472 = ( NAMED_UNIT(*) PLANE_ANGLE_UNIT() SI_UNIT($,.RADIAN.) );
#14473 = ( NAMED_UNIT(*) SI_UNIT($,.STERADIAN.) SOLID_ANGLE_UNIT() );
#14474 = UNCERTAINTY_MEASURE_WITH_UNIT(LENGTH_MEASURE(1.E-07),#14471,
  'distance_accuracy_value','confusion accuracy');
#14475 = CONTEXT_DEPENDENT_SHAPE_REPRESENTATION(#14476,#14478);
#14476 = ( REPRESENTATION_RELATIONSHIP('','',#14167,#14457) 
REPRESENTATION_RELATIONSHIP_WITH_TRANSFORMATION(#14477) 
SHAPE_REPRESENTATION_RELATIONSHIP() );
#14477 = ITEM_DEFINED_TRANSFORMATION('','',#11,#14458);
#14478 = PRODUCT_DEFINITION_SHAPE('Placement','Placement of an item',
  #14479);
#14479 = NEXT_ASSEMBLY_USAGE_OCCURRENCE('259','','',#14452,#14162,$);
#14480 = CONTEXT_DEPENDENT_SHAPE_REPRESENTATION(#14481,#14483);
#14481 = ( REPRESENTATION_RELATIONSHIP('','',#13970,#14457) 
REPRESENTATION_RELATIONSHIP_WITH_TRANSFORMATION(#14482) 
SHAPE_REPRESENTATION_RELATIONSHIP() );
#14482 = ITEM_DEFINED_TRANSFORMATION('','',#11,#14462);
#14483 = PRODUCT_DEFINITION_SHAPE('Placement','Placement of an item',
  #14484);
#14484 = NEXT_ASSEMBLY_USAGE_OCCURRENCE('260','','',#14452,#13965,$);
#14485 = CONTEXT_DEPENDENT_SHAPE_REPRESENTATION(#14486,#14488);
#14486 = ( REPRESENTATION_RELATIONSHIP('','',#13970,#14457) 
REPRESENTATION_RELATIONSHIP_WITH_TRANSFORMATION(#14487) 
SHAPE_REPRESENTATION_RELATIONSHIP() );
#14487 = ITEM_DEFINED_TRANSFORMATION('','',#11,#14466);
#14488 = PRODUCT_DEFINITION_SHAPE('Placement','Placement of an item',
  #14489);
#14489 = NEXT_ASSEMBLY_USAGE_OCCURRENCE('261','','',#14452,#13965,$);
#14490 = CONTEXT_DEPENDENT_SHAPE_REPRESENTATION(#14491,#14493);
#14491 = ( REPRESENTATION_RELATIONSHIP('','',#14457,#10) 
REPRESENTATION_RELATIONSHIP_WITH_TRANSFORMATION(#14492) 
SHAPE_REPRESENTATION_RELATIONSHIP() );
#14492 = ITEM_DEFINED_TRANSFORMATION('','',#11,#59);
#14493 = PRODUCT_DEFINITION_SHAPE('Placement','Placement of an item',
  #14494);
#14494 = NEXT_ASSEMBLY_USAGE_OCCURRENCE('262','','',#5,#14452,$);
#14495 = PRODUCT_RELATED_PRODUCT_CATEGORY('part',$,(#14454));
#14496 = SHAPE_DEFINITION_REPRESENTATION(#14497,#14503);
#14497 = PRODUCT_DEFINITION_SHAPE('','',#14498);
#14498 = PRODUCT_DEFINITION('design','',#14499,#14502);
#14499 = PRODUCT_DEFINITION_FORMATION('','',#14500);
#14500 = PRODUCT('R3','R3','',(#14501));
#14501 = PRODUCT_CONTEXT('',#2,'mechanical');
#14502 = PRODUCT_DEFINITION_CONTEXT('part definition',#2,'design');
#14503 = SHAPE_REPRESENTATION('',(#11,#14504,#14508,#14512),#14516);
#14504 = AXIS2_PLACEMENT_3D('',#14505,#14506,#14507);
#14505 = CARTESIAN_POINT('',(-7.999999572754,1.725,0.));
#14506 = DIRECTION('',(0.,0.,1.));
#14507 = DIRECTION('',(1.,0.,0.));
#14508 = AXIS2_PLACEMENT_3D('',#14509,#14510,#14511);
#14509 = CARTESIAN_POINT('',(-8.424998809814,1.725,0.));
#14510 = DIRECTION('',(0.,0.,1.));
#14511 = DIRECTION('',(1.,0.,0.));
#14512 = AXIS2_PLACEMENT_3D('',#14513,#14514,#14515);
#14513 = CARTESIAN_POINT('',(-7.575002243042,1.725,0.));
#14514 = DIRECTION('',(0.,0.,1.));
#14515 = DIRECTION('',(1.,0.,0.));
#14516 = ( GEOMETRIC_REPRESENTATION_CONTEXT(3) 
GLOBAL_UNCERTAINTY_ASSIGNED_CONTEXT((#14520)) 
GLOBAL_UNIT_ASSIGNED_CONTEXT((#14517,#14518,#14519)) 
REPRESENTATION_CONTEXT('Context #1',
  '3D Context with UNIT and UNCERTAINTY') );
#14517 = ( LENGTH_UNIT() NAMED_UNIT(*) SI_UNIT(.MILLI.,.METRE.) );
#14518 = ( NAMED_UNIT(*) PLANE_ANGLE_UNIT() SI_UNIT($,.RADIAN.) );
#14519 = ( NAMED_UNIT(*) SI_UNIT($,.STERADIAN.) SOLID_ANGLE_UNIT() );
#14520 = UNCERTAINTY_MEASURE_WITH_UNIT(LENGTH_MEASURE(1.E-07),#14517,
  'distance_accuracy_value','confusion accuracy');
#14521 = CONTEXT_DEPENDENT_SHAPE_REPRESENTATION(#14522,#14524);
#14522 = ( REPRESENTATION_RELATIONSHIP('','',#14167,#14503) 
REPRESENTATION_RELATIONSHIP_WITH_TRANSFORMATION(#14523) 
SHAPE_REPRESENTATION_RELATIONSHIP() );
#14523 = ITEM_DEFINED_TRANSFORMATION('','',#11,#14504);
#14524 = PRODUCT_DEFINITION_SHAPE('Placement','Placement of an item',
  #14525);
#14525 = NEXT_ASSEMBLY_USAGE_OCCURRENCE('263','','',#14498,#14162,$);
#14526 = CONTEXT_DEPENDENT_SHAPE_REPRESENTATION(#14527,#14529);
#14527 = ( REPRESENTATION_RELATIONSHIP('','',#13970,#14503) 
REPRESENTATION_RELATIONSHIP_WITH_TRANSFORMATION(#14528) 
SHAPE_REPRESENTATION_RELATIONSHIP() );
#14528 = ITEM_DEFINED_TRANSFORMATION('','',#11,#14508);
#14529 = PRODUCT_DEFINITION_SHAPE('Placement','Placement of an item',
  #14530);
#14530 = NEXT_ASSEMBLY_USAGE_OCCURRENCE('264','','',#14498,#13965,$);
#14531 = CONTEXT_DEPENDENT_SHAPE_REPRESENTATION(#14532,#14534);
#14532 = ( REPRESENTATION_RELATIONSHIP('','',#13970,#14503) 
REPRESENTATION_RELATIONSHIP_WITH_TRANSFORMATION(#14533) 
SHAPE_REPRESENTATION_RELATIONSHIP() );
#14533 = ITEM_DEFINED_TRANSFORMATION('','',#11,#14512);
#14534 = PRODUCT_DEFINITION_SHAPE('Placement','Placement of an item',
  #14535);
#14535 = NEXT_ASSEMBLY_USAGE_OCCURRENCE('265','','',#14498,#13965,$);
#14536 = CONTEXT_DEPENDENT_SHAPE_REPRESENTATION(#14537,#14539);
#14537 = ( REPRESENTATION_RELATIONSHIP('','',#14503,#10) 
REPRESENTATION_RELATIONSHIP_WITH_TRANSFORMATION(#14538) 
SHAPE_REPRESENTATION_RELATIONSHIP() );
#14538 = ITEM_DEFINED_TRANSFORMATION('','',#11,#63);
#14539 = PRODUCT_DEFINITION_SHAPE('Placement','Placement of an item',
  #14540);
#14540 = NEXT_ASSEMBLY_USAGE_OCCURRENCE('266','','',#5,#14498,$);
#14541 = PRODUCT_RELATED_PRODUCT_CATEGORY('part',$,(#14500));
#14542 = SHAPE_DEFINITION_REPRESENTATION(#14543,#14549);
#14543 = PRODUCT_DEFINITION_SHAPE('','',#14544);
#14544 = PRODUCT_DEFINITION('design','',#14545,#14548);
#14545 = PRODUCT_DEFINITION_FORMATION('','',#14546);
#14546 = PRODUCT('R2','R2','',(#14547));
#14547 = PRODUCT_CONTEXT('',#2,'mechanical');
#14548 = PRODUCT_DEFINITION_CONTEXT('part definition',#2,'design');
#14549 = SHAPE_REPRESENTATION('',(#11,#14550,#14554,#14558),#14562);
#14550 = AXIS2_PLACEMENT_3D('',#14551,#14552,#14553);
#14551 = CARTESIAN_POINT('',(-6.525001098633,1.724998092651,0.));
#14552 = DIRECTION('',(0.,0.,1.));
#14553 = DIRECTION('',(1.,0.,0.));
#14554 = AXIS2_PLACEMENT_3D('',#14555,#14556,#14557);
#14555 = CARTESIAN_POINT('',(-5.675000717163,1.724998092651,0.));
#14556 = DIRECTION('',(0.,0.,1.));
#14557 = DIRECTION('',(1.,0.,0.));
#14558 = AXIS2_PLACEMENT_3D('',#14559,#14560,#14561);
#14559 = CARTESIAN_POINT('',(-6.099999954224,1.724998092651,0.));
#14560 = DIRECTION('',(0.,0.,1.));
#14561 = DIRECTION('',(1.,0.,0.));
#14562 = ( GEOMETRIC_REPRESENTATION_CONTEXT(3) 
GLOBAL_UNCERTAINTY_ASSIGNED_CONTEXT((#14566)) 
GLOBAL_UNIT_ASSIGNED_CONTEXT((#14563,#14564,#14565)) 
REPRESENTATION_CONTEXT('Context #1',
  '3D Context with UNIT and UNCERTAINTY') );
#14563 = ( LENGTH_UNIT() NAMED_UNIT(*) SI_UNIT(.MILLI.,.METRE.) );
#14564 = ( NAMED_UNIT(*) PLANE_ANGLE_UNIT() SI_UNIT($,.RADIAN.) );
#14565 = ( NAMED_UNIT(*) SI_UNIT($,.STERADIAN.) SOLID_ANGLE_UNIT() );
#14566 = UNCERTAINTY_MEASURE_WITH_UNIT(LENGTH_MEASURE(1.E-07),#14563,
  'distance_accuracy_value','confusion accuracy');
#14567 = CONTEXT_DEPENDENT_SHAPE_REPRESENTATION(#14568,#14570);
#14568 = ( REPRESENTATION_RELATIONSHIP('','',#13970,#14549) 
REPRESENTATION_RELATIONSHIP_WITH_TRANSFORMATION(#14569) 
SHAPE_REPRESENTATION_RELATIONSHIP() );
#14569 = ITEM_DEFINED_TRANSFORMATION('','',#11,#14550);
#14570 = PRODUCT_DEFINITION_SHAPE('Placement','Placement of an item',
  #14571);
#14571 = NEXT_ASSEMBLY_USAGE_OCCURRENCE('267','','',#14544,#13965,$);
#14572 = CONTEXT_DEPENDENT_SHAPE_REPRESENTATION(#14573,#14575);
#14573 = ( REPRESENTATION_RELATIONSHIP('','',#13970,#14549) 
REPRESENTATION_RELATIONSHIP_WITH_TRANSFORMATION(#14574) 
SHAPE_REPRESENTATION_RELATIONSHIP() );
#14574 = ITEM_DEFINED_TRANSFORMATION('','',#11,#14554);
#14575 = PRODUCT_DEFINITION_SHAPE('Placement','Placement of an item',
  #14576);
#14576 = NEXT_ASSEMBLY_USAGE_OCCURRENCE('268','','',#14544,#13965,$);
#14577 = CONTEXT_DEPENDENT_SHAPE_REPRESENTATION(#14578,#14580);
#14578 = ( REPRESENTATION_RELATIONSHIP('','',#14167,#14549) 
REPRESENTATION_RELATIONSHIP_WITH_TRANSFORMATION(#14579) 
SHAPE_REPRESENTATION_RELATIONSHIP() );
#14579 = ITEM_DEFINED_TRANSFORMATION('','',#11,#14558);
#14580 = PRODUCT_DEFINITION_SHAPE('Placement','Placement of an item',
  #14581);
#14581 = NEXT_ASSEMBLY_USAGE_OCCURRENCE('269','','',#14544,#14162,$);
#14582 = CONTEXT_DEPENDENT_SHAPE_REPRESENTATION(#14583,#14585);
#14583 = ( REPRESENTATION_RELATIONSHIP('','',#14549,#10) 
REPRESENTATION_RELATIONSHIP_WITH_TRANSFORMATION(#14584) 
SHAPE_REPRESENTATION_RELATIONSHIP() );
#14584 = ITEM_DEFINED_TRANSFORMATION('','',#11,#67);
#14585 = PRODUCT_DEFINITION_SHAPE('Placement','Placement of an item',
  #14586);
#14586 = NEXT_ASSEMBLY_USAGE_OCCURRENCE('270','','',#5,#14544,$);
#14587 = PRODUCT_RELATED_PRODUCT_CATEGORY('part',$,(#14546));
#14588 = SHAPE_DEFINITION_REPRESENTATION(#14589,#14595);
#14589 = PRODUCT_DEFINITION_SHAPE('','',#14590);
#14590 = PRODUCT_DEFINITION('design','',#14591,#14594);
#14591 = PRODUCT_DEFINITION_FORMATION('','',#14592);
#14592 = PRODUCT('C1','C1','',(#14593));
#14593 = PRODUCT_CONTEXT('',#2,'mechanical');
#14594 = PRODUCT_DEFINITION_CONTEXT('part definition',#2,'design');
#14595 = SHAPE_REPRESENTATION('',(#11,#14596,#14600,#14604),#14608);
#14596 = AXIS2_PLACEMENT_3D('',#14597,#14598,#14599);
#14597 = CARTESIAN_POINT('',(-2.624997665405,-1.750002288818,0.));
#14598 = DIRECTION('',(0.,0.,1.));
#14599 = DIRECTION('',(1.,0.,0.));
#14600 = AXIS2_PLACEMENT_3D('',#14601,#14602,#14603);
#14601 = CARTESIAN_POINT('',(-3.474999954224,-1.750002288818,0.));
#14602 = DIRECTION('',(0.,0.,1.));
#14603 = DIRECTION('',(1.,0.,0.));
#14604 = AXIS2_PLACEMENT_3D('',#14605,#14606,#14607);
#14605 = CARTESIAN_POINT('',(-3.049998809814,-1.750002288818,0.));
#14606 = DIRECTION('',(0.,0.,1.));
#14607 = DIRECTION('',(1.,0.,0.));
#14608 = ( GEOMETRIC_REPRESENTATION_CONTEXT(3) 
GLOBAL_UNCERTAINTY_ASSIGNED_CONTEXT((#14612)) 
GLOBAL_UNIT_ASSIGNED_CONTEXT((#14609,#14610,#14611)) 
REPRESENTATION_CONTEXT('Context #1',
  '3D Context with UNIT and UNCERTAINTY') );
#14609 = ( LENGTH_UNIT() NAMED_UNIT(*) SI_UNIT(.MILLI.,.METRE.) );
#14610 = ( NAMED_UNIT(*) PLANE_ANGLE_UNIT() SI_UNIT($,.RADIAN.) );
#14611 = ( NAMED_UNIT(*) SI_UNIT($,.STERADIAN.) SOLID_ANGLE_UNIT() );
#14612 = UNCERTAINTY_MEASURE_WITH_UNIT(LENGTH_MEASURE(1.E-07),#14609,
  'distance_accuracy_value','confusion accuracy');
#14613 = CONTEXT_DEPENDENT_SHAPE_REPRESENTATION(#14614,#14616);
#14614 = ( REPRESENTATION_RELATIONSHIP('','',#13970,#14595) 
REPRESENTATION_RELATIONSHIP_WITH_TRANSFORMATION(#14615) 
SHAPE_REPRESENTATION_RELATIONSHIP() );
#14615 = ITEM_DEFINED_TRANSFORMATION('','',#11,#14596);
#14616 = PRODUCT_DEFINITION_SHAPE('Placement','Placement of an item',
  #14617);
#14617 = NEXT_ASSEMBLY_USAGE_OCCURRENCE('271','','',#14590,#13965,$);
#14618 = CONTEXT_DEPENDENT_SHAPE_REPRESENTATION(#14619,#14621);
#14619 = ( REPRESENTATION_RELATIONSHIP('','',#13970,#14595) 
REPRESENTATION_RELATIONSHIP_WITH_TRANSFORMATION(#14620) 
SHAPE_REPRESENTATION_RELATIONSHIP() );
#14620 = ITEM_DEFINED_TRANSFORMATION('','',#11,#14600);
#14621 = PRODUCT_DEFINITION_SHAPE('Placement','Placement of an item',
  #14622);
#14622 = NEXT_ASSEMBLY_USAGE_OCCURRENCE('272','','',#14590,#13965,$);
#14623 = CONTEXT_DEPENDENT_SHAPE_REPRESENTATION(#14624,#14626);
#14624 = ( REPRESENTATION_RELATIONSHIP('','',#14167,#14595) 
REPRESENTATION_RELATIONSHIP_WITH_TRANSFORMATION(#14625) 
SHAPE_REPRESENTATION_RELATIONSHIP() );
#14625 = ITEM_DEFINED_TRANSFORMATION('','',#11,#14604);
#14626 = PRODUCT_DEFINITION_SHAPE('Placement','Placement of an item',
  #14627);
#14627 = NEXT_ASSEMBLY_USAGE_OCCURRENCE('273','','',#14590,#14162,$);
#14628 = CONTEXT_DEPENDENT_SHAPE_REPRESENTATION(#14629,#14631);
#14629 = ( REPRESENTATION_RELATIONSHIP('','',#14595,#10) 
REPRESENTATION_RELATIONSHIP_WITH_TRANSFORMATION(#14630) 
SHAPE_REPRESENTATION_RELATIONSHIP() );
#14630 = ITEM_DEFINED_TRANSFORMATION('','',#11,#71);
#14631 = PRODUCT_DEFINITION_SHAPE('Placement','Placement of an item',
  #14632);
#14632 = NEXT_ASSEMBLY_USAGE_OCCURRENCE('274','','',#5,#14590,$);
#14633 = PRODUCT_RELATED_PRODUCT_CATEGORY('part',$,(#14592));
#14634 = SHAPE_DEFINITION_REPRESENTATION(#14635,#14641);
#14635 = PRODUCT_DEFINITION_SHAPE('','',#14636);
#14636 = PRODUCT_DEFINITION('design','',#14637,#14640);
#14637 = PRODUCT_DEFINITION_FORMATION('','',#14638);
#14638 = PRODUCT('U1','U1','',(#14639));
#14639 = PRODUCT_CONTEXT('',#2,'mechanical');
#14640 = PRODUCT_DEFINITION_CONTEXT('part definition',#2,'design');
#14641 = SHAPE_REPRESENTATION('',(#11,#14642),#14646);
#14642 = AXIS2_PLACEMENT_3D('',#14643,#14644,#14645);
#14643 = CARTESIAN_POINT('',(-3.624999572754,0.175000762939,0.));
#14644 = DIRECTION('',(0.,0.,1.));
#14645 = DIRECTION('',(-4.371138828674E-08,1.,0.));
#14646 = ( GEOMETRIC_REPRESENTATION_CONTEXT(3) 
GLOBAL_UNCERTAINTY_ASSIGNED_CONTEXT((#14650)) 
GLOBAL_UNIT_ASSIGNED_CONTEXT((#14647,#14648,#14649)) 
REPRESENTATION_CONTEXT('Context #1',
  '3D Context with UNIT and UNCERTAINTY') );
#14647 = ( LENGTH_UNIT() NAMED_UNIT(*) SI_UNIT(.MILLI.,.METRE.) );
#14648 = ( NAMED_UNIT(*) PLANE_ANGLE_UNIT() SI_UNIT($,.RADIAN.) );
#14649 = ( NAMED_UNIT(*) SI_UNIT($,.STERADIAN.) SOLID_ANGLE_UNIT() );
#14650 = UNCERTAINTY_MEASURE_WITH_UNIT(LENGTH_MEASURE(2.E-05),#14647,
  'distance_accuracy_value','confusion accuracy');
#14651 = SHAPE_REPRESENTATION('',(#11,#14652,#14664,#14676,#14688,#14700
    ,#14712,#14724,#14736,#14748,#14760,#14772,#14784,#14796,#14808,
    #14820,#14832,#14844,#14856,#14868,#14880,#14892,#14904,#14916,
    #14928,#14940,#14952,#15004),#15154);
#14652 = MANIFOLD_SOLID_BREP('',#14653);
#14653 = CLOSED_SHELL('',(#14654));
#14654 = ADVANCED_FACE('',(#14655),#14659,.T.);
#14655 = FACE_BOUND('',#14656,.T.);
#14656 = VERTEX_LOOP('',#14657);
#14657 = VERTEX_POINT('',#14658);
#14658 = CARTESIAN_POINT('',(-0.8,0.8,0.2797));
#14659 = SPHERICAL_SURFACE('',#14660,0.1397);
#14660 = AXIS2_PLACEMENT_3D('',#14661,#14662,#14663);
#14661 = CARTESIAN_POINT('',(-0.8,0.8,0.14));
#14662 = DIRECTION('',(0.,0.,-1.));
#14663 = DIRECTION('',(-1.,0.,0.));
#14664 = MANIFOLD_SOLID_BREP('',#14665);
#14665 = CLOSED_SHELL('',(#14666));
#14666 = ADVANCED_FACE('',(#14667),#14671,.T.);
#14667 = FACE_BOUND('',#14668,.T.);
#14668 = VERTEX_LOOP('',#14669);
#14669 = VERTEX_POINT('',#14670);
#14670 = CARTESIAN_POINT('',(-0.4,0.8,0.2797));
#14671 = SPHERICAL_SURFACE('',#14672,0.1397);
#14672 = AXIS2_PLACEMENT_3D('',#14673,#14674,#14675);
#14673 = CARTESIAN_POINT('',(-0.4,0.8,0.14));
#14674 = DIRECTION('',(0.,0.,-1.));
#14675 = DIRECTION('',(-1.,0.,0.));
#14676 = MANIFOLD_SOLID_BREP('',#14677);
#14677 = CLOSED_SHELL('',(#14678));
#14678 = ADVANCED_FACE('',(#14679),#14683,.T.);
#14679 = FACE_BOUND('',#14680,.T.);
#14680 = VERTEX_LOOP('',#14681);
#14681 = VERTEX_POINT('',#14682);
#14682 = CARTESIAN_POINT('',(-8.554157892044E-18,0.8,0.2797));
#14683 = SPHERICAL_SURFACE('',#14684,0.1397);
#14684 = AXIS2_PLACEMENT_3D('',#14685,#14686,#14687);
#14685 = CARTESIAN_POINT('',(0.,0.8,0.14));
#14686 = DIRECTION('',(0.,0.,-1.));
#14687 = DIRECTION('',(-1.,0.,0.));
#14688 = MANIFOLD_SOLID_BREP('',#14689);
#14689 = CLOSED_SHELL('',(#14690));
#14690 = ADVANCED_FACE('',(#14691),#14695,.T.);
#14691 = FACE_BOUND('',#14692,.T.);
#14692 = VERTEX_LOOP('',#14693);
#14693 = VERTEX_POINT('',#14694);
#14694 = CARTESIAN_POINT('',(0.4,0.8,0.2797));
#14695 = SPHERICAL_SURFACE('',#14696,0.1397);
#14696 = AXIS2_PLACEMENT_3D('',#14697,#14698,#14699);
#14697 = CARTESIAN_POINT('',(0.4,0.8,0.14));
#14698 = DIRECTION('',(0.,0.,-1.));
#14699 = DIRECTION('',(-1.,0.,0.));
#14700 = MANIFOLD_SOLID_BREP('',#14701);
#14701 = CLOSED_SHELL('',(#14702));
#14702 = ADVANCED_FACE('',(#14703),#14707,.T.);
#14703 = FACE_BOUND('',#14704,.T.);
#14704 = VERTEX_LOOP('',#14705);
#14705 = VERTEX_POINT('',#14706);
#14706 = CARTESIAN_POINT('',(0.8,0.8,0.2797));
#14707 = SPHERICAL_SURFACE('',#14708,0.1397);
#14708 = AXIS2_PLACEMENT_3D('',#14709,#14710,#14711);
#14709 = CARTESIAN_POINT('',(0.8,0.8,0.14));
#14710 = DIRECTION('',(0.,0.,-1.));
#14711 = DIRECTION('',(-1.,0.,0.));
#14712 = MANIFOLD_SOLID_BREP('',#14713);
#14713 = CLOSED_SHELL('',(#14714));
#14714 = ADVANCED_FACE('',(#14715),#14719,.T.);
#14715 = FACE_BOUND('',#14716,.T.);
#14716 = VERTEX_LOOP('',#14717);
#14717 = VERTEX_POINT('',#14718);
#14718 = CARTESIAN_POINT('',(-0.8,0.4,0.2797));
#14719 = SPHERICAL_SURFACE('',#14720,0.1397);
#14720 = AXIS2_PLACEMENT_3D('',#14721,#14722,#14723);
#14721 = CARTESIAN_POINT('',(-0.8,0.4,0.14));
#14722 = DIRECTION('',(0.,0.,-1.));
#14723 = DIRECTION('',(-1.,0.,0.));
#14724 = MANIFOLD_SOLID_BREP('',#14725);
#14725 = CLOSED_SHELL('',(#14726));
#14726 = ADVANCED_FACE('',(#14727),#14731,.T.);
#14727 = FACE_BOUND('',#14728,.T.);
#14728 = VERTEX_LOOP('',#14729);
#14729 = VERTEX_POINT('',#14730);
#14730 = CARTESIAN_POINT('',(-0.4,0.4,0.2797));
#14731 = SPHERICAL_SURFACE('',#14732,0.1397);
#14732 = AXIS2_PLACEMENT_3D('',#14733,#14734,#14735);
#14733 = CARTESIAN_POINT('',(-0.4,0.4,0.14));
#14734 = DIRECTION('',(0.,0.,-1.));
#14735 = DIRECTION('',(-1.,0.,0.));
#14736 = MANIFOLD_SOLID_BREP('',#14737);
#14737 = CLOSED_SHELL('',(#14738));
#14738 = ADVANCED_FACE('',(#14739),#14743,.T.);
#14739 = FACE_BOUND('',#14740,.T.);
#14740 = VERTEX_LOOP('',#14741);
#14741 = VERTEX_POINT('',#14742);
#14742 = CARTESIAN_POINT('',(-8.554157892044E-18,0.4,0.2797));
#14743 = SPHERICAL_SURFACE('',#14744,0.1397);
#14744 = AXIS2_PLACEMENT_3D('',#14745,#14746,#14747);
#14745 = CARTESIAN_POINT('',(0.,0.4,0.14));
#14746 = DIRECTION('',(0.,0.,-1.));
#14747 = DIRECTION('',(-1.,0.,0.));
#14748 = MANIFOLD_SOLID_BREP('',#14749);
#14749 = CLOSED_SHELL('',(#14750));
#14750 = ADVANCED_FACE('',(#14751),#14755,.T.);
#14751 = FACE_BOUND('',#14752,.T.);
#14752 = VERTEX_LOOP('',#14753);
#14753 = VERTEX_POINT('',#14754);
#14754 = CARTESIAN_POINT('',(0.4,0.4,0.2797));
#14755 = SPHERICAL_SURFACE('',#14756,0.1397);
#14756 = AXIS2_PLACEMENT_3D('',#14757,#14758,#14759);
#14757 = CARTESIAN_POINT('',(0.4,0.4,0.14));
#14758 = DIRECTION('',(0.,0.,-1.));
#14759 = DIRECTION('',(-1.,0.,0.));
#14760 = MANIFOLD_SOLID_BREP('',#14761);
#14761 = CLOSED_SHELL('',(#14762));
#14762 = ADVANCED_FACE('',(#14763),#14767,.T.);
#14763 = FACE_BOUND('',#14764,.T.);
#14764 = VERTEX_LOOP('',#14765);
#14765 = VERTEX_POINT('',#14766);
#14766 = CARTESIAN_POINT('',(0.8,0.4,0.2797));
#14767 = SPHERICAL_SURFACE('',#14768,0.1397);
#14768 = AXIS2_PLACEMENT_3D('',#14769,#14770,#14771);
#14769 = CARTESIAN_POINT('',(0.8,0.4,0.14));
#14770 = DIRECTION('',(0.,0.,-1.));
#14771 = DIRECTION('',(-1.,0.,0.));
#14772 = MANIFOLD_SOLID_BREP('',#14773);
#14773 = CLOSED_SHELL('',(#14774));
#14774 = ADVANCED_FACE('',(#14775),#14779,.T.);
#14775 = FACE_BOUND('',#14776,.T.);
#14776 = VERTEX_LOOP('',#14777);
#14777 = VERTEX_POINT('',#14778);
#14778 = CARTESIAN_POINT('',(-0.8,0.,0.2797));
#14779 = SPHERICAL_SURFACE('',#14780,0.1397);
#14780 = AXIS2_PLACEMENT_3D('',#14781,#14782,#14783);
#14781 = CARTESIAN_POINT('',(-0.8,0.,0.14));
#14782 = DIRECTION('',(0.,0.,-1.));
#14783 = DIRECTION('',(-1.,0.,0.));
#14784 = MANIFOLD_SOLID_BREP('',#14785);
#14785 = CLOSED_SHELL('',(#14786));
#14786 = ADVANCED_FACE('',(#14787),#14791,.T.);
#14787 = FACE_BOUND('',#14788,.T.);
#14788 = VERTEX_LOOP('',#14789);
#14789 = VERTEX_POINT('',#14790);
#14790 = CARTESIAN_POINT('',(-0.4,0.,0.2797));
#14791 = SPHERICAL_SURFACE('',#14792,0.1397);
#14792 = AXIS2_PLACEMENT_3D('',#14793,#14794,#14795);
#14793 = CARTESIAN_POINT('',(-0.4,0.,0.14));
#14794 = DIRECTION('',(0.,0.,-1.));
#14795 = DIRECTION('',(-1.,0.,0.));
#14796 = MANIFOLD_SOLID_BREP('',#14797);
#14797 = CLOSED_SHELL('',(#14798));
#14798 = ADVANCED_FACE('',(#14799),#14803,.T.);
#14799 = FACE_BOUND('',#14800,.T.);
#14800 = VERTEX_LOOP('',#14801);
#14801 = VERTEX_POINT('',#14802);
#14802 = CARTESIAN_POINT('',(-8.554157892044E-18,0.,0.2797));
#14803 = SPHERICAL_SURFACE('',#14804,0.1397);
#14804 = AXIS2_PLACEMENT_3D('',#14805,#14806,#14807);
#14805 = CARTESIAN_POINT('',(0.,0.,0.14));
#14806 = DIRECTION('',(0.,0.,-1.));
#14807 = DIRECTION('',(-1.,0.,0.));
#14808 = MANIFOLD_SOLID_BREP('',#14809);
#14809 = CLOSED_SHELL('',(#14810));
#14810 = ADVANCED_FACE('',(#14811),#14815,.T.);
#14811 = FACE_BOUND('',#14812,.T.);
#14812 = VERTEX_LOOP('',#14813);
#14813 = VERTEX_POINT('',#14814);
#14814 = CARTESIAN_POINT('',(0.4,0.,0.2797));
#14815 = SPHERICAL_SURFACE('',#14816,0.1397);
#14816 = AXIS2_PLACEMENT_3D('',#14817,#14818,#14819);
#14817 = CARTESIAN_POINT('',(0.4,0.,0.14));
#14818 = DIRECTION('',(0.,0.,-1.));
#14819 = DIRECTION('',(-1.,0.,0.));
#14820 = MANIFOLD_SOLID_BREP('',#14821);
#14821 = CLOSED_SHELL('',(#14822));
#14822 = ADVANCED_FACE('',(#14823),#14827,.T.);
#14823 = FACE_BOUND('',#14824,.T.);
#14824 = VERTEX_LOOP('',#14825);
#14825 = VERTEX_POINT('',#14826);
#14826 = CARTESIAN_POINT('',(0.8,0.,0.2797));
#14827 = SPHERICAL_SURFACE('',#14828,0.1397);
#14828 = AXIS2_PLACEMENT_3D('',#14829,#14830,#14831);
#14829 = CARTESIAN_POINT('',(0.8,0.,0.14));
#14830 = DIRECTION('',(0.,0.,-1.));
#14831 = DIRECTION('',(-1.,0.,0.));
#14832 = MANIFOLD_SOLID_BREP('',#14833);
#14833 = CLOSED_SHELL('',(#14834));
#14834 = ADVANCED_FACE('',(#14835),#14839,.T.);
#14835 = FACE_BOUND('',#14836,.T.);
#14836 = VERTEX_LOOP('',#14837);
#14837 = VERTEX_POINT('',#14838);
#14838 = CARTESIAN_POINT('',(-0.8,-0.4,0.2797));
#14839 = SPHERICAL_SURFACE('',#14840,0.1397);
#14840 = AXIS2_PLACEMENT_3D('',#14841,#14842,#14843);
#14841 = CARTESIAN_POINT('',(-0.8,-0.4,0.14));
#14842 = DIRECTION('',(0.,0.,-1.));
#14843 = DIRECTION('',(-1.,0.,0.));
#14844 = MANIFOLD_SOLID_BREP('',#14845);
#14845 = CLOSED_SHELL('',(#14846));
#14846 = ADVANCED_FACE('',(#14847),#14851,.T.);
#14847 = FACE_BOUND('',#14848,.T.);
#14848 = VERTEX_LOOP('',#14849);
#14849 = VERTEX_POINT('',#14850);
#14850 = CARTESIAN_POINT('',(-0.4,-0.4,0.2797));
#14851 = SPHERICAL_SURFACE('',#14852,0.1397);
#14852 = AXIS2_PLACEMENT_3D('',#14853,#14854,#14855);
#14853 = CARTESIAN_POINT('',(-0.4,-0.4,0.14));
#14854 = DIRECTION('',(0.,0.,-1.));
#14855 = DIRECTION('',(-1.,0.,0.));
#14856 = MANIFOLD_SOLID_BREP('',#14857);
#14857 = CLOSED_SHELL('',(#14858));
#14858 = ADVANCED_FACE('',(#14859),#14863,.T.);
#14859 = FACE_BOUND('',#14860,.T.);
#14860 = VERTEX_LOOP('',#14861);
#14861 = VERTEX_POINT('',#14862);
#14862 = CARTESIAN_POINT('',(-8.554157892044E-18,-0.4,0.2797));
#14863 = SPHERICAL_SURFACE('',#14864,0.1397);
#14864 = AXIS2_PLACEMENT_3D('',#14865,#14866,#14867);
#14865 = CARTESIAN_POINT('',(0.,-0.4,0.14));
#14866 = DIRECTION('',(0.,0.,-1.));
#14867 = DIRECTION('',(-1.,0.,0.));
#14868 = MANIFOLD_SOLID_BREP('',#14869);
#14869 = CLOSED_SHELL('',(#14870));
#14870 = ADVANCED_FACE('',(#14871),#14875,.T.);
#14871 = FACE_BOUND('',#14872,.T.);
#14872 = VERTEX_LOOP('',#14873);
#14873 = VERTEX_POINT('',#14874);
#14874 = CARTESIAN_POINT('',(0.4,-0.4,0.2797));
#14875 = SPHERICAL_SURFACE('',#14876,0.1397);
#14876 = AXIS2_PLACEMENT_3D('',#14877,#14878,#14879);
#14877 = CARTESIAN_POINT('',(0.4,-0.4,0.14));
#14878 = DIRECTION('',(0.,0.,-1.));
#14879 = DIRECTION('',(-1.,0.,0.));
#14880 = MANIFOLD_SOLID_BREP('',#14881);
#14881 = CLOSED_SHELL('',(#14882));
#14882 = ADVANCED_FACE('',(#14883),#14887,.T.);
#14883 = FACE_BOUND('',#14884,.T.);
#14884 = VERTEX_LOOP('',#14885);
#14885 = VERTEX_POINT('',#14886);
#14886 = CARTESIAN_POINT('',(0.8,-0.4,0.2797));
#14887 = SPHERICAL_SURFACE('',#14888,0.1397);
#14888 = AXIS2_PLACEMENT_3D('',#14889,#14890,#14891);
#14889 = CARTESIAN_POINT('',(0.8,-0.4,0.14));
#14890 = DIRECTION('',(0.,0.,-1.));
#14891 = DIRECTION('',(-1.,0.,0.));
#14892 = MANIFOLD_SOLID_BREP('',#14893);
#14893 = CLOSED_SHELL('',(#14894));
#14894 = ADVANCED_FACE('',(#14895),#14899,.T.);
#14895 = FACE_BOUND('',#14896,.T.);
#14896 = VERTEX_LOOP('',#14897);
#14897 = VERTEX_POINT('',#14898);
#14898 = CARTESIAN_POINT('',(-0.8,-0.8,0.2797));
#14899 = SPHERICAL_SURFACE('',#14900,0.1397);
#14900 = AXIS2_PLACEMENT_3D('',#14901,#14902,#14903);
#14901 = CARTESIAN_POINT('',(-0.8,-0.8,0.14));
#14902 = DIRECTION('',(0.,0.,-1.));
#14903 = DIRECTION('',(-1.,0.,0.));
#14904 = MANIFOLD_SOLID_BREP('',#14905);
#14905 = CLOSED_SHELL('',(#14906));
#14906 = ADVANCED_FACE('',(#14907),#14911,.T.);
#14907 = FACE_BOUND('',#14908,.T.);
#14908 = VERTEX_LOOP('',#14909);
#14909 = VERTEX_POINT('',#14910);
#14910 = CARTESIAN_POINT('',(-0.4,-0.8,0.2797));
#14911 = SPHERICAL_SURFACE('',#14912,0.1397);
#14912 = AXIS2_PLACEMENT_3D('',#14913,#14914,#14915);
#14913 = CARTESIAN_POINT('',(-0.4,-0.8,0.14));
#14914 = DIRECTION('',(0.,0.,-1.));
#14915 = DIRECTION('',(-1.,0.,0.));
#14916 = MANIFOLD_SOLID_BREP('',#14917);
#14917 = CLOSED_SHELL('',(#14918));
#14918 = ADVANCED_FACE('',(#14919),#14923,.T.);
#14919 = FACE_BOUND('',#14920,.T.);
#14920 = VERTEX_LOOP('',#14921);
#14921 = VERTEX_POINT('',#14922);
#14922 = CARTESIAN_POINT('',(-8.554157892044E-18,-0.8,0.2797));
#14923 = SPHERICAL_SURFACE('',#14924,0.1397);
#14924 = AXIS2_PLACEMENT_3D('',#14925,#14926,#14927);
#14925 = CARTESIAN_POINT('',(0.,-0.8,0.14));
#14926 = DIRECTION('',(0.,0.,-1.));
#14927 = DIRECTION('',(-1.,0.,0.));
#14928 = MANIFOLD_SOLID_BREP('',#14929);
#14929 = CLOSED_SHELL('',(#14930));
#14930 = ADVANCED_FACE('',(#14931),#14935,.T.);
#14931 = FACE_BOUND('',#14932,.T.);
#14932 = VERTEX_LOOP('',#14933);
#14933 = VERTEX_POINT('',#14934);
#14934 = CARTESIAN_POINT('',(0.4,-0.8,0.2797));
#14935 = SPHERICAL_SURFACE('',#14936,0.1397);
#14936 = AXIS2_PLACEMENT_3D('',#14937,#14938,#14939);
#14937 = CARTESIAN_POINT('',(0.4,-0.8,0.14));
#14938 = DIRECTION('',(0.,0.,-1.));
#14939 = DIRECTION('',(-1.,0.,0.));
#14940 = MANIFOLD_SOLID_BREP('',#14941);
#14941 = CLOSED_SHELL('',(#14942));
#14942 = ADVANCED_FACE('',(#14943),#14947,.T.);
#14943 = FACE_BOUND('',#14944,.T.);
#14944 = VERTEX_LOOP('',#14945);
#14945 = VERTEX_POINT('',#14946);
#14946 = CARTESIAN_POINT('',(0.8,-0.8,0.2797));
#14947 = SPHERICAL_SURFACE('',#14948,0.1397);
#14948 = AXIS2_PLACEMENT_3D('',#14949,#14950,#14951);
#14949 = CARTESIAN_POINT('',(0.8,-0.8,0.14));
#14950 = DIRECTION('',(0.,0.,-1.));
#14951 = DIRECTION('',(-1.,0.,0.));
#14952 = MANIFOLD_SOLID_BREP('',#14953);
#14953 = CLOSED_SHELL('',(#14954,#14986,#14995));
#14954 = ADVANCED_FACE('',(#14955),#14981,.T.);
#14955 = FACE_BOUND('',#14956,.T.);
#14956 = EDGE_LOOP('',(#14957,#14966,#14973,#14980));
#14957 = ORIENTED_EDGE('',*,*,#14958,.F.);
#14958 = EDGE_CURVE('',#14959,#14959,#14961,.T.);
#14959 = VERTEX_POINT('',#14960);
#14960 = CARTESIAN_POINT('',(-1.08,1.016,0.536));
#14961 = CIRCLE('',#14962,6.35E-02);
#14962 = AXIS2_PLACEMENT_3D('',#14963,#14964,#14965);
#14963 = CARTESIAN_POINT('',(-1.016,1.016,0.536));
#14964 = DIRECTION('',(0.,0.,1.));
#14965 = DIRECTION('',(1.,0.,-0.));
#14966 = ORIENTED_EDGE('',*,*,#14967,.F.);
#14967 = EDGE_CURVE('',#14968,#14959,#14970,.T.);
#14968 = VERTEX_POINT('',#14969);
#14969 = CARTESIAN_POINT('',(-1.08,1.016,0.533));
#14970 = B_SPLINE_CURVE_WITH_KNOTS('',1,(#14971,#14972),.UNSPECIFIED.,
  .F.,.F.,(2,2),(0.,3.E-03),.PIECEWISE_BEZIER_KNOTS.);
#14971 = CARTESIAN_POINT('',(-1.0795,1.016,0.533));
#14972 = CARTESIAN_POINT('',(-1.0795,1.016,0.536));
#14973 = ORIENTED_EDGE('',*,*,#14974,.F.);
#14974 = EDGE_CURVE('',#14968,#14968,#14975,.T.);
#14975 = CIRCLE('',#14976,6.35E-02);
#14976 = AXIS2_PLACEMENT_3D('',#14977,#14978,#14979);
#14977 = CARTESIAN_POINT('',(-1.016,1.016,0.533));
#14978 = DIRECTION('',(0.,0.,-1.));
#14979 = DIRECTION('',(1.,0.,0.));
#14980 = ORIENTED_EDGE('',*,*,#14967,.T.);
#14981 = CYLINDRICAL_SURFACE('',#14982,6.35E-02);
#14982 = AXIS2_PLACEMENT_3D('',#14983,#14984,#14985);
#14983 = CARTESIAN_POINT('',(-1.016,1.016,0.533));
#14984 = DIRECTION('',(0.,0.,1.));
#14985 = DIRECTION('',(1.,0.,-0.));
#14986 = ADVANCED_FACE('',(#14987),#14990,.F.);
#14987 = FACE_BOUND('',#14988,.T.);
#14988 = EDGE_LOOP('',(#14989));
#14989 = ORIENTED_EDGE('',*,*,#14974,.T.);
#14990 = PLANE('',#14991);
#14991 = AXIS2_PLACEMENT_3D('',#14992,#14993,#14994);
#14992 = CARTESIAN_POINT('',(-1.016,1.016,0.533));
#14993 = DIRECTION('',(0.,0.,1.));
#14994 = DIRECTION('',(0.,1.,0.));
#14995 = ADVANCED_FACE('',(#14996),#14999,.T.);
#14996 = FACE_BOUND('',#14997,.T.);
#14997 = EDGE_LOOP('',(#14998));
#14998 = ORIENTED_EDGE('',*,*,#14958,.T.);
#14999 = PLANE('',#15000);
#15000 = AXIS2_PLACEMENT_3D('',#15001,#15002,#15003);
#15001 = CARTESIAN_POINT('',(-1.016,1.016,0.536));
#15002 = DIRECTION('',(0.,0.,1.));
#15003 = DIRECTION('',(0.,1.,0.));
#15004 = MANIFOLD_SOLID_BREP('',#15005);
#15005 = CLOSED_SHELL('',(#15006,#15046,#15077,#15108,#15130,#15142));
#15006 = ADVANCED_FACE('',(#15007),#15041,.T.);
#15007 = FACE_BOUND('',#15008,.T.);
#15008 = EDGE_LOOP('',(#15009,#15019,#15027,#15035));
#15009 = ORIENTED_EDGE('',*,*,#15010,.F.);
#15010 = EDGE_CURVE('',#15011,#15013,#15015,.T.);
#15011 = VERTEX_POINT('',#15012);
#15012 = CARTESIAN_POINT('',(1.27,-1.27,0.278));
#15013 = VERTEX_POINT('',#15014);
#15014 = CARTESIAN_POINT('',(-1.27,-1.27,0.278));
#15015 = LINE('',#15016,#15017);
#15016 = CARTESIAN_POINT('',(1.27,-1.27,0.278));
#15017 = VECTOR('',#15018,1.);
#15018 = DIRECTION('',(-1.,0.,0.));
#15019 = ORIENTED_EDGE('',*,*,#15020,.F.);
#15020 = EDGE_CURVE('',#15021,#15011,#15023,.T.);
#15021 = VERTEX_POINT('',#15022);
#15022 = CARTESIAN_POINT('',(1.27,-1.27,0.533));
#15023 = LINE('',#15024,#15025);
#15024 = CARTESIAN_POINT('',(1.27,-1.27,0.533));
#15025 = VECTOR('',#15026,1.);
#15026 = DIRECTION('',(0.,0.,-1.));
#15027 = ORIENTED_EDGE('',*,*,#15028,.F.);
#15028 = EDGE_CURVE('',#15029,#15021,#15031,.T.);
#15029 = VERTEX_POINT('',#15030);
#15030 = CARTESIAN_POINT('',(-1.27,-1.27,0.533));
#15031 = LINE('',#15032,#15033);
#15032 = CARTESIAN_POINT('',(-1.27,-1.27,0.533));
#15033 = VECTOR('',#15034,1.);
#15034 = DIRECTION('',(1.,0.,0.));
#15035 = ORIENTED_EDGE('',*,*,#15036,.F.);
#15036 = EDGE_CURVE('',#15013,#15029,#15037,.T.);
#15037 = LINE('',#15038,#15039);
#15038 = CARTESIAN_POINT('',(-1.27,-1.27,0.278));
#15039 = VECTOR('',#15040,1.);
#15040 = DIRECTION('',(0.,0.,1.));
#15041 = PLANE('',#15042);
#15042 = AXIS2_PLACEMENT_3D('',#15043,#15044,#15045);
#15043 = CARTESIAN_POINT('',(-1.27,-1.27,0.278));
#15044 = DIRECTION('',(0.,-1.,0.));
#15045 = DIRECTION('',(0.,0.,1.));
#15046 = ADVANCED_FACE('',(#15047),#15072,.T.);
#15047 = FACE_BOUND('',#15048,.T.);
#15048 = EDGE_LOOP('',(#15049,#15057,#15065,#15071));
#15049 = ORIENTED_EDGE('',*,*,#15050,.F.);
#15050 = EDGE_CURVE('',#15051,#15011,#15053,.T.);
#15051 = VERTEX_POINT('',#15052);
#15052 = CARTESIAN_POINT('',(1.27,1.27,0.278));
#15053 = LINE('',#15054,#15055);
#15054 = CARTESIAN_POINT('',(1.27,1.27,0.278));
#15055 = VECTOR('',#15056,1.);
#15056 = DIRECTION('',(0.,-1.,0.));
#15057 = ORIENTED_EDGE('',*,*,#15058,.F.);
#15058 = EDGE_CURVE('',#15059,#15051,#15061,.T.);
#15059 = VERTEX_POINT('',#15060);
#15060 = CARTESIAN_POINT('',(1.27,1.27,0.533));
#15061 = LINE('',#15062,#15063);
#15062 = CARTESIAN_POINT('',(1.27,1.27,0.533));
#15063 = VECTOR('',#15064,1.);
#15064 = DIRECTION('',(0.,0.,-1.));
#15065 = ORIENTED_EDGE('',*,*,#15066,.F.);
#15066 = EDGE_CURVE('',#15021,#15059,#15067,.T.);
#15067 = LINE('',#15068,#15069);
#15068 = CARTESIAN_POINT('',(1.27,-1.27,0.533));
#15069 = VECTOR('',#15070,1.);
#15070 = DIRECTION('',(0.,1.,0.));
#15071 = ORIENTED_EDGE('',*,*,#15020,.T.);
#15072 = PLANE('',#15073);
#15073 = AXIS2_PLACEMENT_3D('',#15074,#15075,#15076);
#15074 = CARTESIAN_POINT('',(1.27,-1.27,0.278));
#15075 = DIRECTION('',(1.,0.,0.));
#15076 = DIRECTION('',(0.,0.,1.));
#15077 = ADVANCED_FACE('',(#15078),#15103,.T.);
#15078 = FACE_BOUND('',#15079,.T.);
#15079 = EDGE_LOOP('',(#15080,#15088,#15096,#15102));
#15080 = ORIENTED_EDGE('',*,*,#15081,.F.);
#15081 = EDGE_CURVE('',#15082,#15051,#15084,.T.);
#15082 = VERTEX_POINT('',#15083);
#15083 = CARTESIAN_POINT('',(-1.27,1.27,0.278));
#15084 = LINE('',#15085,#15086);
#15085 = CARTESIAN_POINT('',(-1.27,1.27,0.278));
#15086 = VECTOR('',#15087,1.);
#15087 = DIRECTION('',(1.,0.,0.));
#15088 = ORIENTED_EDGE('',*,*,#15089,.F.);
#15089 = EDGE_CURVE('',#15090,#15082,#15092,.T.);
#15090 = VERTEX_POINT('',#15091);
#15091 = CARTESIAN_POINT('',(-1.27,1.27,0.533));
#15092 = LINE('',#15093,#15094);
#15093 = CARTESIAN_POINT('',(-1.27,1.27,0.533));
#15094 = VECTOR('',#15095,1.);
#15095 = DIRECTION('',(0.,0.,-1.));
#15096 = ORIENTED_EDGE('',*,*,#15097,.F.);
#15097 = EDGE_CURVE('',#15059,#15090,#15098,.T.);
#15098 = LINE('',#15099,#15100);
#15099 = CARTESIAN_POINT('',(1.27,1.27,0.533));
#15100 = VECTOR('',#15101,1.);
#15101 = DIRECTION('',(-1.,0.,0.));
#15102 = ORIENTED_EDGE('',*,*,#15058,.T.);
#15103 = PLANE('',#15104);
#15104 = AXIS2_PLACEMENT_3D('',#15105,#15106,#15107);
#15105 = CARTESIAN_POINT('',(1.27,1.27,0.278));
#15106 = DIRECTION('',(0.,1.,0.));
#15107 = DIRECTION('',(0.,-0.,1.));
#15108 = ADVANCED_FACE('',(#15109),#15125,.T.);
#15109 = FACE_BOUND('',#15110,.T.);
#15110 = EDGE_LOOP('',(#15111,#15117,#15118,#15124));
#15111 = ORIENTED_EDGE('',*,*,#15112,.F.);
#15112 = EDGE_CURVE('',#15013,#15082,#15113,.T.);
#15113 = LINE('',#15114,#15115);
#15114 = CARTESIAN_POINT('',(-1.27,-1.27,0.278));
#15115 = VECTOR('',#15116,1.);
#15116 = DIRECTION('',(0.,1.,0.));
#15117 = ORIENTED_EDGE('',*,*,#15036,.T.);
#15118 = ORIENTED_EDGE('',*,*,#15119,.F.);
#15119 = EDGE_CURVE('',#15090,#15029,#15120,.T.);
#15120 = LINE('',#15121,#15122);
#15121 = CARTESIAN_POINT('',(-1.27,1.27,0.533));
#15122 = VECTOR('',#15123,1.);
#15123 = DIRECTION('',(0.,-1.,0.));
#15124 = ORIENTED_EDGE('',*,*,#15089,.T.);
#15125 = PLANE('',#15126);
#15126 = AXIS2_PLACEMENT_3D('',#15127,#15128,#15129);
#15127 = CARTESIAN_POINT('',(-1.27,1.27,0.278));
#15128 = DIRECTION('',(-1.,0.,0.));
#15129 = DIRECTION('',(0.,0.,1.));
#15130 = ADVANCED_FACE('',(#15131),#15137,.T.);
#15131 = FACE_BOUND('',#15132,.T.);
#15132 = EDGE_LOOP('',(#15133,#15134,#15135,#15136));
#15133 = ORIENTED_EDGE('',*,*,#15081,.T.);
#15134 = ORIENTED_EDGE('',*,*,#15050,.T.);
#15135 = ORIENTED_EDGE('',*,*,#15010,.T.);
#15136 = ORIENTED_EDGE('',*,*,#15112,.T.);
#15137 = PLANE('',#15138);
#15138 = AXIS2_PLACEMENT_3D('',#15139,#15140,#15141);
#15139 = CARTESIAN_POINT('',(-1.27,1.27,0.278));
#15140 = DIRECTION('',(0.,0.,-1.));
#15141 = DIRECTION('',(0.,1.,0.));
#15142 = ADVANCED_FACE('',(#15143),#15149,.T.);
#15143 = FACE_BOUND('',#15144,.T.);
#15144 = EDGE_LOOP('',(#15145,#15146,#15147,#15148));
#15145 = ORIENTED_EDGE('',*,*,#15028,.T.);
#15146 = ORIENTED_EDGE('',*,*,#15066,.T.);
#15147 = ORIENTED_EDGE('',*,*,#15097,.T.);
#15148 = ORIENTED_EDGE('',*,*,#15119,.T.);
#15149 = PLANE('',#15150);
#15150 = AXIS2_PLACEMENT_3D('',#15151,#15152,#15153);
#15151 = CARTESIAN_POINT('',(-1.27,-1.27,0.533));
#15152 = DIRECTION('',(0.,0.,1.));
#15153 = DIRECTION('',(0.,1.,0.));
#15154 = ( GEOMETRIC_REPRESENTATION_CONTEXT(3) 
GLOBAL_UNCERTAINTY_ASSIGNED_CONTEXT((#15158)) 
GLOBAL_UNIT_ASSIGNED_CONTEXT((#15155,#15156,#15157)) 
REPRESENTATION_CONTEXT('Context #1',
  '3D Context with UNIT and UNCERTAINTY') );
#15155 = ( LENGTH_UNIT() NAMED_UNIT(*) SI_UNIT(.MILLI.,.METRE.) );
#15156 = ( NAMED_UNIT(*) PLANE_ANGLE_UNIT() SI_UNIT($,.RADIAN.) );
#15157 = ( NAMED_UNIT(*) SI_UNIT($,.STERADIAN.) SOLID_ANGLE_UNIT() );
#15158 = UNCERTAINTY_MEASURE_WITH_UNIT(LENGTH_MEASURE(2.E-05),#15155,
  'distance_accuracy_value','confusion accuracy');
#15159 = SHAPE_DEFINITION_REPRESENTATION(#15160,#14651);
#15160 = PRODUCT_DEFINITION_SHAPE('','',#15161);
#15161 = PRODUCT_DEFINITION('design','',#15162,#15165);
#15162 = PRODUCT_DEFINITION_FORMATION('','',#15163);
#15163 = PRODUCT('WLCSP25_SOT1401-1_NXP','WLCSP25_SOT1401-1_NXP','',(
    #15164));
#15164 = PRODUCT_CONTEXT('',#2,'mechanical');
#15165 = PRODUCT_DEFINITION_CONTEXT('part definition',#2,'design');
#15166 = CONTEXT_DEPENDENT_SHAPE_REPRESENTATION(#15167,#15169);
#15167 = ( REPRESENTATION_RELATIONSHIP('','',#14651,#14641) 
REPRESENTATION_RELATIONSHIP_WITH_TRANSFORMATION(#15168) 
SHAPE_REPRESENTATION_RELATIONSHIP() );
#15168 = ITEM_DEFINED_TRANSFORMATION('','',#11,#14642);
#15169 = PRODUCT_DEFINITION_SHAPE('Placement','Placement of an item',
  #15170);
#15170 = NEXT_ASSEMBLY_USAGE_OCCURRENCE('275','','',#14636,#15161,$);
#15171 = PRODUCT_RELATED_PRODUCT_CATEGORY('part',$,(#15163));
#15172 = CONTEXT_DEPENDENT_SHAPE_REPRESENTATION(#15173,#15175);
#15173 = ( REPRESENTATION_RELATIONSHIP('','',#14641,#10) 
REPRESENTATION_RELATIONSHIP_WITH_TRANSFORMATION(#15174) 
SHAPE_REPRESENTATION_RELATIONSHIP() );
#15174 = ITEM_DEFINED_TRANSFORMATION('','',#11,#75);
#15175 = PRODUCT_DEFINITION_SHAPE('Placement','Placement of an item',
  #15176);
#15176 = NEXT_ASSEMBLY_USAGE_OCCURRENCE('276','','',#5,#14636,$);
#15177 = PRODUCT_RELATED_PRODUCT_CATEGORY('part',$,(#14638));
#15178 = REPRESENTATION('material name',(#15179),#3039);
#15179 = DESCRIPTIVE_REPRESENTATION_ITEM('Generic','Generic');
#15180 = DERIVED_UNIT((#15181,#15183));
#15181 = DERIVED_UNIT_ELEMENT(#15182,3.);
#15182 = ( MASS_UNIT() NAMED_UNIT(*) SI_UNIT($,.GRAM.) );
#15183 = DERIVED_UNIT_ELEMENT(#15184,2.);
#15184 = ( LENGTH_UNIT() NAMED_UNIT(*) SI_UNIT(.CENTI.,.METRE.) );
#15185 = REPRESENTATION('density',(#15186),#3039);
#15186 = MEASURE_REPRESENTATION_ITEM('density measure',
  POSITIVE_RATIO_MEASURE(1.),#15180);
#15187 = PROPERTY_DEFINITION('material property','material name',#3046);
#15188 = PROPERTY_DEFINITION_REPRESENTATION(#15187,#15178);
#15189 = PROPERTY_DEFINITION('material property','density',#3046);
#15190 = PROPERTY_DEFINITION_REPRESENTATION(#15189,#15185);
#15191 = PROPERTY_DEFINITION('material property','material name',#3519);
#15192 = PROPERTY_DEFINITION_REPRESENTATION(#15191,#15178);
#15193 = PROPERTY_DEFINITION('material property','density',#3519);
#15194 = PROPERTY_DEFINITION_REPRESENTATION(#15193,#15185);
#15195 = MECHANICAL_DESIGN_GEOMETRIC_PRESENTATION_REPRESENTATION('',(
    #15196,#15204,#15211,#15218,#15225,#15232,#15239,#15246,#15253,
    #15260,#15267,#15274,#15281,#15288,#15295,#15302),#13647);
#15196 = STYLED_ITEM('color',(#15197),#9875);
#15197 = PRESENTATION_STYLE_ASSIGNMENT((#15198));
#15198 = SURFACE_STYLE_USAGE(.BOTH.,#15199);
#15199 = SURFACE_SIDE_STYLE('',(#15200));
#15200 = SURFACE_STYLE_FILL_AREA(#15201);
#15201 = FILL_AREA_STYLE('',(#15202));
#15202 = FILL_AREA_STYLE_COLOUR('',#15203);
#15203 = DRAUGHTING_PRE_DEFINED_COLOUR('white');
#15204 = STYLED_ITEM('color',(#15205),#10097);
#15205 = PRESENTATION_STYLE_ASSIGNMENT((#15206));
#15206 = SURFACE_STYLE_USAGE(.BOTH.,#15207);
#15207 = SURFACE_SIDE_STYLE('',(#15208));
#15208 = SURFACE_STYLE_FILL_AREA(#15209);
#15209 = FILL_AREA_STYLE('',(#15210));
#15210 = FILL_AREA_STYLE_COLOUR('',#15203);
#15211 = STYLED_ITEM('color',(#15212),#10319);
#15212 = PRESENTATION_STYLE_ASSIGNMENT((#15213));
#15213 = SURFACE_STYLE_USAGE(.BOTH.,#15214);
#15214 = SURFACE_SIDE_STYLE('',(#15215));
#15215 = SURFACE_STYLE_FILL_AREA(#15216);
#15216 = FILL_AREA_STYLE('',(#15217));
#15217 = FILL_AREA_STYLE_COLOUR('',#15203);
#15218 = STYLED_ITEM('color',(#15219),#10541);
#15219 = PRESENTATION_STYLE_ASSIGNMENT((#15220));
#15220 = SURFACE_STYLE_USAGE(.BOTH.,#15221);
#15221 = SURFACE_SIDE_STYLE('',(#15222));
#15222 = SURFACE_STYLE_FILL_AREA(#15223);
#15223 = FILL_AREA_STYLE('',(#15224));
#15224 = FILL_AREA_STYLE_COLOUR('',#15203);
#15225 = STYLED_ITEM('color',(#15226),#10695);
#15226 = PRESENTATION_STYLE_ASSIGNMENT((#15227));
#15227 = SURFACE_STYLE_USAGE(.BOTH.,#15228);
#15228 = SURFACE_SIDE_STYLE('',(#15229));
#15229 = SURFACE_STYLE_FILL_AREA(#15230);
#15230 = FILL_AREA_STYLE('',(#15231));
#15231 = FILL_AREA_STYLE_COLOUR('',#15203);
#15232 = STYLED_ITEM('color',(#15233),#10917);
#15233 = PRESENTATION_STYLE_ASSIGNMENT((#15234));
#15234 = SURFACE_STYLE_USAGE(.BOTH.,#15235);
#15235 = SURFACE_SIDE_STYLE('',(#15236));
#15236 = SURFACE_STYLE_FILL_AREA(#15237);
#15237 = FILL_AREA_STYLE('',(#15238));
#15238 = FILL_AREA_STYLE_COLOUR('',#15203);
#15239 = STYLED_ITEM('color',(#15240),#11071);
#15240 = PRESENTATION_STYLE_ASSIGNMENT((#15241));
#15241 = SURFACE_STYLE_USAGE(.BOTH.,#15242);
#15242 = SURFACE_SIDE_STYLE('',(#15243));
#15243 = SURFACE_STYLE_FILL_AREA(#15244);
#15244 = FILL_AREA_STYLE('',(#15245));
#15245 = FILL_AREA_STYLE_COLOUR('',#15203);
#15246 = STYLED_ITEM('color',(#15247),#11225);
#15247 = PRESENTATION_STYLE_ASSIGNMENT((#15248));
#15248 = SURFACE_STYLE_USAGE(.BOTH.,#15249);
#15249 = SURFACE_SIDE_STYLE('',(#15250));
#15250 = SURFACE_STYLE_FILL_AREA(#15251);
#15251 = FILL_AREA_STYLE('',(#15252));
#15252 = FILL_AREA_STYLE_COLOUR('',#15203);
#15253 = STYLED_ITEM('color',(#15254),#11447);
#15254 = PRESENTATION_STYLE_ASSIGNMENT((#15255));
#15255 = SURFACE_STYLE_USAGE(.BOTH.,#15256);
#15256 = SURFACE_SIDE_STYLE('',(#15257));
#15257 = SURFACE_STYLE_FILL_AREA(#15258);
#15258 = FILL_AREA_STYLE('',(#15259));
#15259 = FILL_AREA_STYLE_COLOUR('',#15203);
#15260 = STYLED_ITEM('color',(#15261),#11667);
#15261 = PRESENTATION_STYLE_ASSIGNMENT((#15262));
#15262 = SURFACE_STYLE_USAGE(.BOTH.,#15263);
#15263 = SURFACE_SIDE_STYLE('',(#15264));
#15264 = SURFACE_STYLE_FILL_AREA(#15265);
#15265 = FILL_AREA_STYLE('',(#15266));
#15266 = FILL_AREA_STYLE_COLOUR('',#15203);
#15267 = STYLED_ITEM('color',(#15268),#11821);
#15268 = PRESENTATION_STYLE_ASSIGNMENT((#15269));
#15269 = SURFACE_STYLE_USAGE(.BOTH.,#15270);
#15270 = SURFACE_SIDE_STYLE('',(#15271));
#15271 = SURFACE_STYLE_FILL_AREA(#15272);
#15272 = FILL_AREA_STYLE('',(#15273));
#15273 = FILL_AREA_STYLE_COLOUR('',#15203);
#15274 = STYLED_ITEM('color',(#15275),#12043);
#15275 = PRESENTATION_STYLE_ASSIGNMENT((#15276));
#15276 = SURFACE_STYLE_USAGE(.BOTH.,#15277);
#15277 = SURFACE_SIDE_STYLE('',(#15278));
#15278 = SURFACE_STYLE_FILL_AREA(#15279);
#15279 = FILL_AREA_STYLE('',(#15280));
#15280 = FILL_AREA_STYLE_COLOUR('',#15203);
#15281 = STYLED_ITEM('color',(#15282),#12197);
#15282 = PRESENTATION_STYLE_ASSIGNMENT((#15283));
#15283 = SURFACE_STYLE_USAGE(.BOTH.,#15284);
#15284 = SURFACE_SIDE_STYLE('',(#15285));
#15285 = SURFACE_STYLE_FILL_AREA(#15286);
#15286 = FILL_AREA_STYLE('',(#15287));
#15287 = FILL_AREA_STYLE_COLOUR('',#15203);
#15288 = STYLED_ITEM('color',(#15289),#12419);
#15289 = PRESENTATION_STYLE_ASSIGNMENT((#15290));
#15290 = SURFACE_STYLE_USAGE(.BOTH.,#15291);
#15291 = SURFACE_SIDE_STYLE('',(#15292));
#15292 = SURFACE_STYLE_FILL_AREA(#15293);
#15293 = FILL_AREA_STYLE('',(#15294));
#15294 = FILL_AREA_STYLE_COLOUR('',#15203);
#15295 = STYLED_ITEM('color',(#15296),#12701);
#15296 = PRESENTATION_STYLE_ASSIGNMENT((#15297));
#15297 = SURFACE_STYLE_USAGE(.BOTH.,#15298);
#15298 = SURFACE_SIDE_STYLE('',(#15299));
#15299 = SURFACE_STYLE_FILL_AREA(#15300);
#15300 = FILL_AREA_STYLE('',(#15301));
#15301 = FILL_AREA_STYLE_COLOUR('',#15203);
#15302 = STYLED_ITEM('color',(#15303),#13233);
#15303 = PRESENTATION_STYLE_ASSIGNMENT((#15304));
#15304 = SURFACE_STYLE_USAGE(.BOTH.,#15305);
#15305 = SURFACE_SIDE_STYLE('',(#15306));
#15306 = SURFACE_STYLE_FILL_AREA(#15307);
#15307 = FILL_AREA_STYLE('',(#15308));
#15308 = FILL_AREA_STYLE_COLOUR('',#15203);
#15309 = MECHANICAL_DESIGN_GEOMETRIC_PRESENTATION_REPRESENTATION('',(
    #15310,#15318),#9856);
#15310 = STYLED_ITEM('color',(#15311),#8896);
#15311 = PRESENTATION_STYLE_ASSIGNMENT((#15312));
#15312 = SURFACE_STYLE_USAGE(.BOTH.,#15313);
#15313 = SURFACE_SIDE_STYLE('',(#15314));
#15314 = SURFACE_STYLE_FILL_AREA(#15315);
#15315 = FILL_AREA_STYLE('',(#15316));
#15316 = FILL_AREA_STYLE_COLOUR('',#15317);
#15317 = COLOUR_RGB('',0.83137256512,0.83137256512,0.83137256512);
#15318 = STYLED_ITEM('color',(#15319),#9376);
#15319 = PRESENTATION_STYLE_ASSIGNMENT((#15320));
#15320 = SURFACE_STYLE_USAGE(.BOTH.,#15321);
#15321 = SURFACE_SIDE_STYLE('',(#15322));
#15322 = SURFACE_STYLE_FILL_AREA(#15323);
#15323 = FILL_AREA_STYLE('',(#15324));
#15324 = FILL_AREA_STYLE_COLOUR('',#15317);
#15325 = MECHANICAL_DESIGN_GEOMETRIC_PRESENTATION_REPRESENTATION('',(
    #15326),#3039);
#15326 = STYLED_ITEM('color',(#15327),#1132);
#15327 = PRESENTATION_STYLE_ASSIGNMENT((#15328));
#15328 = SURFACE_STYLE_USAGE(.BOTH.,#15329);
#15329 = SURFACE_SIDE_STYLE('',(#15330));
#15330 = SURFACE_STYLE_FILL_AREA(#15331);
#15331 = FILL_AREA_STYLE('',(#15332));
#15332 = FILL_AREA_STYLE_COLOUR('',#15333);
#15333 = COLOUR_RGB('',5.098039223325E-02,0.278431365803,
  3.921568724327E-02);
#15334 = MECHANICAL_DESIGN_GEOMETRIC_PRESENTATION_REPRESENTATION('',(
    #15335),#14328);
#15335 = STYLED_ITEM('color',(#15336),#14178);
#15336 = PRESENTATION_STYLE_ASSIGNMENT((#15337,#15343));
#15337 = SURFACE_STYLE_USAGE(.BOTH.,#15338);
#15338 = SURFACE_SIDE_STYLE('',(#15339));
#15339 = SURFACE_STYLE_FILL_AREA(#15340);
#15340 = FILL_AREA_STYLE('',(#15341));
#15341 = FILL_AREA_STYLE_COLOUR('',#15342);
#15342 = COLOUR_RGB('',0.811764696686,0.788235302081,0.709803916149);
#15343 = CURVE_STYLE('',#15344,POSITIVE_LENGTH_MEASURE(0.1),#15342);
#15344 = DRAUGHTING_PRE_DEFINED_CURVE_FONT('continuous');
#15345 = MECHANICAL_DESIGN_GEOMETRIC_PRESENTATION_REPRESENTATION('',(
    #15346),#8181);
#15346 = STYLED_ITEM('color',(#15347),#8031);
#15347 = PRESENTATION_STYLE_ASSIGNMENT((#15348,#15354));
#15348 = SURFACE_STYLE_USAGE(.BOTH.,#15349);
#15349 = SURFACE_SIDE_STYLE('',(#15350));
#15350 = SURFACE_STYLE_FILL_AREA(#15351);
#15351 = FILL_AREA_STYLE('',(#15352));
#15352 = FILL_AREA_STYLE_COLOUR('',#15353);
#15353 = COLOUR_RGB('',0.752941164258,0.752941164258,0.752941164258);
#15354 = CURVE_STYLE('',#15355,POSITIVE_LENGTH_MEASURE(0.1),#15353);
#15355 = DRAUGHTING_PRE_DEFINED_CURVE_FONT('continuous');
#15356 = MECHANICAL_DESIGN_GEOMETRIC_PRESENTATION_REPRESENTATION('',(
    #15357),#1009);
#15357 = STYLED_ITEM('color',(#15358),#859);
#15358 = PRESENTATION_STYLE_ASSIGNMENT((#15359,#15364));
#15359 = SURFACE_STYLE_USAGE(.BOTH.,#15360);
#15360 = SURFACE_SIDE_STYLE('',(#15361));
#15361 = SURFACE_STYLE_FILL_AREA(#15362);
#15362 = FILL_AREA_STYLE('',(#15363));
#15363 = FILL_AREA_STYLE_COLOUR('',#15342);
#15364 = CURVE_STYLE('',#15365,POSITIVE_LENGTH_MEASURE(0.1),#15342);
#15365 = DRAUGHTING_PRE_DEFINED_CURVE_FONT('continuous');
#15366 = MECHANICAL_DESIGN_GEOMETRIC_PRESENTATION_REPRESENTATION('',(
    #15367),#595);
#15367 = STYLED_ITEM('color',(#15368),#103);
#15368 = PRESENTATION_STYLE_ASSIGNMENT((#15369,#15375));
#15369 = SURFACE_STYLE_USAGE(.BOTH.,#15370);
#15370 = SURFACE_SIDE_STYLE('',(#15371));
#15371 = SURFACE_STYLE_FILL_AREA(#15372);
#15372 = FILL_AREA_STYLE('',(#15373));
#15373 = FILL_AREA_STYLE_COLOUR('',#15374);
#15374 = COLOUR_RGB('',0.,0.501960785193,0.);
#15375 = CURVE_STYLE('',#15376,POSITIVE_LENGTH_MEASURE(0.1),#15374);
#15376 = DRAUGHTING_PRE_DEFINED_CURVE_FONT('continuous');
#15377 = MECHANICAL_DESIGN_GEOMETRIC_PRESENTATION_REPRESENTATION('',(
    #15378),#7989);
#15378 = STYLED_ITEM('color',(#15379),#7839);
#15379 = PRESENTATION_STYLE_ASSIGNMENT((#15380,#15385));
#15380 = SURFACE_STYLE_USAGE(.BOTH.,#15381);
#15381 = SURFACE_SIDE_STYLE('',(#15382));
#15382 = SURFACE_STYLE_FILL_AREA(#15383);
#15383 = FILL_AREA_STYLE('',(#15384));
#15384 = FILL_AREA_STYLE_COLOUR('',#15342);
#15385 = CURVE_STYLE('',#15386,POSITIVE_LENGTH_MEASURE(0.1),#15342);
#15386 = DRAUGHTING_PRE_DEFINED_CURVE_FONT('continuous');
#15387 = MECHANICAL_DESIGN_GEOMETRIC_PRESENTATION_REPRESENTATION('',(
    #15388),#14131);
#15388 = STYLED_ITEM('color',(#15389),#13981);
#15389 = PRESENTATION_STYLE_ASSIGNMENT((#15390,#15395));
#15390 = SURFACE_STYLE_USAGE(.BOTH.,#15391);
#15391 = SURFACE_SIDE_STYLE('',(#15392));
#15392 = SURFACE_STYLE_FILL_AREA(#15393);
#15393 = FILL_AREA_STYLE('',(#15394));
#15394 = FILL_AREA_STYLE_COLOUR('',#15353);
#15395 = CURVE_STYLE('',#15396,POSITIVE_LENGTH_MEASURE(0.1),#15353);
#15396 = DRAUGHTING_PRE_DEFINED_CURVE_FONT('continuous');
#15397 = MECHANICAL_DESIGN_GEOMETRIC_PRESENTATION_REPRESENTATION('',(
    #15398,#15406,#15413,#15420,#15427,#15434,#15441,#15448,#15455,
    #15462,#15469,#15476),#7766);
#15398 = STYLED_ITEM('color',(#15399),#4349);
#15399 = PRESENTATION_STYLE_ASSIGNMENT((#15400));
#15400 = SURFACE_STYLE_USAGE(.BOTH.,#15401);
#15401 = SURFACE_SIDE_STYLE('',(#15402));
#15402 = SURFACE_STYLE_FILL_AREA(#15403);
#15403 = FILL_AREA_STYLE('',(#15404));
#15404 = FILL_AREA_STYLE_COLOUR('',#15405);
#15405 = COLOUR_RGB('',0.862745083778,0.627450987486,5.882352716007E-02
  );
#15406 = STYLED_ITEM('color',(#15407),#4631);
#15407 = PRESENTATION_STYLE_ASSIGNMENT((#15408));
#15408 = SURFACE_STYLE_USAGE(.BOTH.,#15409);
#15409 = SURFACE_SIDE_STYLE('',(#15410));
#15410 = SURFACE_STYLE_FILL_AREA(#15411);
#15411 = FILL_AREA_STYLE('',(#15412));
#15412 = FILL_AREA_STYLE_COLOUR('',#15405);
#15413 = STYLED_ITEM('color',(#15414),#4913);
#15414 = PRESENTATION_STYLE_ASSIGNMENT((#15415));
#15415 = SURFACE_STYLE_USAGE(.BOTH.,#15416);
#15416 = SURFACE_SIDE_STYLE('',(#15417));
#15417 = SURFACE_STYLE_FILL_AREA(#15418);
#15418 = FILL_AREA_STYLE('',(#15419));
#15419 = FILL_AREA_STYLE_COLOUR('',#15405);
#15420 = STYLED_ITEM('color',(#15421),#5195);
#15421 = PRESENTATION_STYLE_ASSIGNMENT((#15422));
#15422 = SURFACE_STYLE_USAGE(.BOTH.,#15423);
#15423 = SURFACE_SIDE_STYLE('',(#15424));
#15424 = SURFACE_STYLE_FILL_AREA(#15425);
#15425 = FILL_AREA_STYLE('',(#15426));
#15426 = FILL_AREA_STYLE_COLOUR('',#15405);
#15427 = STYLED_ITEM('color',(#15428),#5477);
#15428 = PRESENTATION_STYLE_ASSIGNMENT((#15429));
#15429 = SURFACE_STYLE_USAGE(.BOTH.,#15430);
#15430 = SURFACE_SIDE_STYLE('',(#15431));
#15431 = SURFACE_STYLE_FILL_AREA(#15432);
#15432 = FILL_AREA_STYLE('',(#15433));
#15433 = FILL_AREA_STYLE_COLOUR('',#15405);
#15434 = STYLED_ITEM('color',(#15435),#5759);
#15435 = PRESENTATION_STYLE_ASSIGNMENT((#15436));
#15436 = SURFACE_STYLE_USAGE(.BOTH.,#15437);
#15437 = SURFACE_SIDE_STYLE('',(#15438));
#15438 = SURFACE_STYLE_FILL_AREA(#15439);
#15439 = FILL_AREA_STYLE('',(#15440));
#15440 = FILL_AREA_STYLE_COLOUR('',#15405);
#15441 = STYLED_ITEM('color',(#15442),#6041);
#15442 = PRESENTATION_STYLE_ASSIGNMENT((#15443));
#15443 = SURFACE_STYLE_USAGE(.BOTH.,#15444);
#15444 = SURFACE_SIDE_STYLE('',(#15445));
#15445 = SURFACE_STYLE_FILL_AREA(#15446);
#15446 = FILL_AREA_STYLE('',(#15447));
#15447 = FILL_AREA_STYLE_COLOUR('',#15405);
#15448 = STYLED_ITEM('color',(#15449),#6323);
#15449 = PRESENTATION_STYLE_ASSIGNMENT((#15450));
#15450 = SURFACE_STYLE_USAGE(.BOTH.,#15451);
#15451 = SURFACE_SIDE_STYLE('',(#15452));
#15452 = SURFACE_STYLE_FILL_AREA(#15453);
#15453 = FILL_AREA_STYLE('',(#15454));
#15454 = FILL_AREA_STYLE_COLOUR('',#15405);
#15455 = STYLED_ITEM('color',(#15456),#6605);
#15456 = PRESENTATION_STYLE_ASSIGNMENT((#15457));
#15457 = SURFACE_STYLE_USAGE(.BOTH.,#15458);
#15458 = SURFACE_SIDE_STYLE('',(#15459));
#15459 = SURFACE_STYLE_FILL_AREA(#15460);
#15460 = FILL_AREA_STYLE('',(#15461));
#15461 = FILL_AREA_STYLE_COLOUR('',#15405);
#15462 = STYLED_ITEM('color',(#15463),#6887);
#15463 = PRESENTATION_STYLE_ASSIGNMENT((#15464));
#15464 = SURFACE_STYLE_USAGE(.BOTH.,#15465);
#15465 = SURFACE_SIDE_STYLE('',(#15466));
#15466 = SURFACE_STYLE_FILL_AREA(#15467);
#15467 = FILL_AREA_STYLE('',(#15468));
#15468 = FILL_AREA_STYLE_COLOUR('',#15405);
#15469 = STYLED_ITEM('color',(#15470),#7169);
#15470 = PRESENTATION_STYLE_ASSIGNMENT((#15471));
#15471 = SURFACE_STYLE_USAGE(.BOTH.,#15472);
#15472 = SURFACE_SIDE_STYLE('',(#15473));
#15473 = SURFACE_STYLE_FILL_AREA(#15474);
#15474 = FILL_AREA_STYLE('',(#15475));
#15475 = FILL_AREA_STYLE_COLOUR('',#15405);
#15476 = STYLED_ITEM('color',(#15477),#7451);
#15477 = PRESENTATION_STYLE_ASSIGNMENT((#15478));
#15478 = SURFACE_STYLE_USAGE(.BOTH.,#15479);
#15479 = SURFACE_SIDE_STYLE('',(#15480));
#15480 = SURFACE_STYLE_FILL_AREA(#15481);
#15481 = FILL_AREA_STYLE('',(#15482));
#15482 = FILL_AREA_STYLE_COLOUR('',#15405);
#15483 = MECHANICAL_DESIGN_GEOMETRIC_PRESENTATION_REPRESENTATION('',(
    #15484,#15492,#15499,#15506),#4330);
#15484 = STYLED_ITEM('color',(#15485),#3531);
#15485 = PRESENTATION_STYLE_ASSIGNMENT((#15486));
#15486 = SURFACE_STYLE_USAGE(.BOTH.,#15487);
#15487 = SURFACE_SIDE_STYLE('',(#15488));
#15488 = SURFACE_STYLE_FILL_AREA(#15489);
#15489 = FILL_AREA_STYLE('',(#15490));
#15490 = FILL_AREA_STYLE_COLOUR('',#15491);
#15491 = COLOUR_RGB('',0.960784305148,0.960784305148,0.960784305148);
#15492 = STYLED_ITEM('color',(#15493),#3716);
#15493 = PRESENTATION_STYLE_ASSIGNMENT((#15494));
#15494 = SURFACE_STYLE_USAGE(.BOTH.,#15495);
#15495 = SURFACE_SIDE_STYLE('',(#15496));
#15496 = SURFACE_STYLE_FILL_AREA(#15497);
#15497 = FILL_AREA_STYLE('',(#15498));
#15498 = FILL_AREA_STYLE_COLOUR('',#15491);
#15499 = STYLED_ITEM('color',(#15500),#4037);
#15500 = PRESENTATION_STYLE_ASSIGNMENT((#15501));
#15501 = SURFACE_STYLE_USAGE(.BOTH.,#15502);
#15502 = SURFACE_SIDE_STYLE('',(#15503));
#15503 = SURFACE_STYLE_FILL_AREA(#15504);
#15504 = FILL_AREA_STYLE('',(#15505));
#15505 = FILL_AREA_STYLE_COLOUR('',#15491);
#15506 = STYLED_ITEM('color',(#15507),#4257);
#15507 = PRESENTATION_STYLE_ASSIGNMENT((#15508));
#15508 = SURFACE_STYLE_USAGE(.BOTH.,#15509);
#15509 = SURFACE_SIDE_STYLE('',(#15510));
#15510 = SURFACE_STYLE_FILL_AREA(#15511);
#15511 = FILL_AREA_STYLE('',(#15512));
#15512 = FILL_AREA_STYLE_COLOUR('',#15491);
#15513 = MECHANICAL_DESIGN_GEOMETRIC_PRESENTATION_REPRESENTATION('',(
    #15514),#3512);
#15514 = STYLED_ITEM('color',(#15515),#3058);
#15515 = PRESENTATION_STYLE_ASSIGNMENT((#15516));
#15516 = SURFACE_STYLE_USAGE(.BOTH.,#15517);
#15517 = SURFACE_SIDE_STYLE('',(#15518));
#15518 = SURFACE_STYLE_FILL_AREA(#15519);
#15519 = FILL_AREA_STYLE('',(#15520));
#15520 = FILL_AREA_STYLE_COLOUR('',#15521);
#15521 = COLOUR_RGB('',0.286274508045,0.286274508045,0.286274508045);
#15522 = MECHANICAL_DESIGN_GEOMETRIC_PRESENTATION_REPRESENTATION('',(
    #15523,#15533,#15542,#15551,#15560,#15569,#15578,#15587,#15596,
    #15605,#15614,#15623,#15632,#15641,#15650,#15659,#15668,#15677,
    #15686,#15695,#15704,#15713,#15722,#15731,#15740,#15749,#15759,
    #15768,#15777,#15787,#15796,#15805,#15814,#15823),#15154);
#15523 = STYLED_ITEM('color',(#15524),#14654);
#15524 = PRESENTATION_STYLE_ASSIGNMENT((#15525,#15531));
#15525 = SURFACE_STYLE_USAGE(.BOTH.,#15526);
#15526 = SURFACE_SIDE_STYLE('',(#15527));
#15527 = SURFACE_STYLE_FILL_AREA(#15528);
#15528 = FILL_AREA_STYLE('',(#15529));
#15529 = FILL_AREA_STYLE_COLOUR('',#15530);
#15530 = COLOUR_RGB('',0.72499999117,0.72499999117,0.72499999117);
#15531 = CURVE_STYLE('',#15532,POSITIVE_LENGTH_MEASURE(0.1),#15530);
#15532 = DRAUGHTING_PRE_DEFINED_CURVE_FONT('continuous');
#15533 = STYLED_ITEM('color',(#15534),#14666);
#15534 = PRESENTATION_STYLE_ASSIGNMENT((#15535,#15540));
#15535 = SURFACE_STYLE_USAGE(.BOTH.,#15536);
#15536 = SURFACE_SIDE_STYLE('',(#15537));
#15537 = SURFACE_STYLE_FILL_AREA(#15538);
#15538 = FILL_AREA_STYLE('',(#15539));
#15539 = FILL_AREA_STYLE_COLOUR('',#15530);
#15540 = CURVE_STYLE('',#15541,POSITIVE_LENGTH_MEASURE(0.1),#15530);
#15541 = DRAUGHTING_PRE_DEFINED_CURVE_FONT('continuous');
#15542 = STYLED_ITEM('color',(#15543),#14678);
#15543 = PRESENTATION_STYLE_ASSIGNMENT((#15544,#15549));
#15544 = SURFACE_STYLE_USAGE(.BOTH.,#15545);
#15545 = SURFACE_SIDE_STYLE('',(#15546));
#15546 = SURFACE_STYLE_FILL_AREA(#15547);
#15547 = FILL_AREA_STYLE('',(#15548));
#15548 = FILL_AREA_STYLE_COLOUR('',#15530);
#15549 = CURVE_STYLE('',#15550,POSITIVE_LENGTH_MEASURE(0.1),#15530);
#15550 = DRAUGHTING_PRE_DEFINED_CURVE_FONT('continuous');
#15551 = STYLED_ITEM('color',(#15552),#14690);
#15552 = PRESENTATION_STYLE_ASSIGNMENT((#15553,#15558));
#15553 = SURFACE_STYLE_USAGE(.BOTH.,#15554);
#15554 = SURFACE_SIDE_STYLE('',(#15555));
#15555 = SURFACE_STYLE_FILL_AREA(#15556);
#15556 = FILL_AREA_STYLE('',(#15557));
#15557 = FILL_AREA_STYLE_COLOUR('',#15530);
#15558 = CURVE_STYLE('',#15559,POSITIVE_LENGTH_MEASURE(0.1),#15530);
#15559 = DRAUGHTING_PRE_DEFINED_CURVE_FONT('continuous');
#15560 = STYLED_ITEM('color',(#15561),#14702);
#15561 = PRESENTATION_STYLE_ASSIGNMENT((#15562,#15567));
#15562 = SURFACE_STYLE_USAGE(.BOTH.,#15563);
#15563 = SURFACE_SIDE_STYLE('',(#15564));
#15564 = SURFACE_STYLE_FILL_AREA(#15565);
#15565 = FILL_AREA_STYLE('',(#15566));
#15566 = FILL_AREA_STYLE_COLOUR('',#15530);
#15567 = CURVE_STYLE('',#15568,POSITIVE_LENGTH_MEASURE(0.1),#15530);
#15568 = DRAUGHTING_PRE_DEFINED_CURVE_FONT('continuous');
#15569 = STYLED_ITEM('color',(#15570),#14714);
#15570 = PRESENTATION_STYLE_ASSIGNMENT((#15571,#15576));
#15571 = SURFACE_STYLE_USAGE(.BOTH.,#15572);
#15572 = SURFACE_SIDE_STYLE('',(#15573));
#15573 = SURFACE_STYLE_FILL_AREA(#15574);
#15574 = FILL_AREA_STYLE('',(#15575));
#15575 = FILL_AREA_STYLE_COLOUR('',#15530);
#15576 = CURVE_STYLE('',#15577,POSITIVE_LENGTH_MEASURE(0.1),#15530);
#15577 = DRAUGHTING_PRE_DEFINED_CURVE_FONT('continuous');
#15578 = STYLED_ITEM('color',(#15579),#14726);
#15579 = PRESENTATION_STYLE_ASSIGNMENT((#15580,#15585));
#15580 = SURFACE_STYLE_USAGE(.BOTH.,#15581);
#15581 = SURFACE_SIDE_STYLE('',(#15582));
#15582 = SURFACE_STYLE_FILL_AREA(#15583);
#15583 = FILL_AREA_STYLE('',(#15584));
#15584 = FILL_AREA_STYLE_COLOUR('',#15530);
#15585 = CURVE_STYLE('',#15586,POSITIVE_LENGTH_MEASURE(0.1),#15530);
#15586 = DRAUGHTING_PRE_DEFINED_CURVE_FONT('continuous');
#15587 = STYLED_ITEM('color',(#15588),#14738);
#15588 = PRESENTATION_STYLE_ASSIGNMENT((#15589,#15594));
#15589 = SURFACE_STYLE_USAGE(.BOTH.,#15590);
#15590 = SURFACE_SIDE_STYLE('',(#15591));
#15591 = SURFACE_STYLE_FILL_AREA(#15592);
#15592 = FILL_AREA_STYLE('',(#15593));
#15593 = FILL_AREA_STYLE_COLOUR('',#15530);
#15594 = CURVE_STYLE('',#15595,POSITIVE_LENGTH_MEASURE(0.1),#15530);
#15595 = DRAUGHTING_PRE_DEFINED_CURVE_FONT('continuous');
#15596 = STYLED_ITEM('color',(#15597),#14750);
#15597 = PRESENTATION_STYLE_ASSIGNMENT((#15598,#15603));
#15598 = SURFACE_STYLE_USAGE(.BOTH.,#15599);
#15599 = SURFACE_SIDE_STYLE('',(#15600));
#15600 = SURFACE_STYLE_FILL_AREA(#15601);
#15601 = FILL_AREA_STYLE('',(#15602));
#15602 = FILL_AREA_STYLE_COLOUR('',#15530);
#15603 = CURVE_STYLE('',#15604,POSITIVE_LENGTH_MEASURE(0.1),#15530);
#15604 = DRAUGHTING_PRE_DEFINED_CURVE_FONT('continuous');
#15605 = STYLED_ITEM('color',(#15606),#14762);
#15606 = PRESENTATION_STYLE_ASSIGNMENT((#15607,#15612));
#15607 = SURFACE_STYLE_USAGE(.BOTH.,#15608);
#15608 = SURFACE_SIDE_STYLE('',(#15609));
#15609 = SURFACE_STYLE_FILL_AREA(#15610);
#15610 = FILL_AREA_STYLE('',(#15611));
#15611 = FILL_AREA_STYLE_COLOUR('',#15530);
#15612 = CURVE_STYLE('',#15613,POSITIVE_LENGTH_MEASURE(0.1),#15530);
#15613 = DRAUGHTING_PRE_DEFINED_CURVE_FONT('continuous');
#15614 = STYLED_ITEM('color',(#15615),#14774);
#15615 = PRESENTATION_STYLE_ASSIGNMENT((#15616,#15621));
#15616 = SURFACE_STYLE_USAGE(.BOTH.,#15617);
#15617 = SURFACE_SIDE_STYLE('',(#15618));
#15618 = SURFACE_STYLE_FILL_AREA(#15619);
#15619 = FILL_AREA_STYLE('',(#15620));
#15620 = FILL_AREA_STYLE_COLOUR('',#15530);
#15621 = CURVE_STYLE('',#15622,POSITIVE_LENGTH_MEASURE(0.1),#15530);
#15622 = DRAUGHTING_PRE_DEFINED_CURVE_FONT('continuous');
#15623 = STYLED_ITEM('color',(#15624),#14786);
#15624 = PRESENTATION_STYLE_ASSIGNMENT((#15625,#15630));
#15625 = SURFACE_STYLE_USAGE(.BOTH.,#15626);
#15626 = SURFACE_SIDE_STYLE('',(#15627));
#15627 = SURFACE_STYLE_FILL_AREA(#15628);
#15628 = FILL_AREA_STYLE('',(#15629));
#15629 = FILL_AREA_STYLE_COLOUR('',#15530);
#15630 = CURVE_STYLE('',#15631,POSITIVE_LENGTH_MEASURE(0.1),#15530);
#15631 = DRAUGHTING_PRE_DEFINED_CURVE_FONT('continuous');
#15632 = STYLED_ITEM('color',(#15633),#14798);
#15633 = PRESENTATION_STYLE_ASSIGNMENT((#15634,#15639));
#15634 = SURFACE_STYLE_USAGE(.BOTH.,#15635);
#15635 = SURFACE_SIDE_STYLE('',(#15636));
#15636 = SURFACE_STYLE_FILL_AREA(#15637);
#15637 = FILL_AREA_STYLE('',(#15638));
#15638 = FILL_AREA_STYLE_COLOUR('',#15530);
#15639 = CURVE_STYLE('',#15640,POSITIVE_LENGTH_MEASURE(0.1),#15530);
#15640 = DRAUGHTING_PRE_DEFINED_CURVE_FONT('continuous');
#15641 = STYLED_ITEM('color',(#15642),#14810);
#15642 = PRESENTATION_STYLE_ASSIGNMENT((#15643,#15648));
#15643 = SURFACE_STYLE_USAGE(.BOTH.,#15644);
#15644 = SURFACE_SIDE_STYLE('',(#15645));
#15645 = SURFACE_STYLE_FILL_AREA(#15646);
#15646 = FILL_AREA_STYLE('',(#15647));
#15647 = FILL_AREA_STYLE_COLOUR('',#15530);
#15648 = CURVE_STYLE('',#15649,POSITIVE_LENGTH_MEASURE(0.1),#15530);
#15649 = DRAUGHTING_PRE_DEFINED_CURVE_FONT('continuous');
#15650 = STYLED_ITEM('color',(#15651),#14822);
#15651 = PRESENTATION_STYLE_ASSIGNMENT((#15652,#15657));
#15652 = SURFACE_STYLE_USAGE(.BOTH.,#15653);
#15653 = SURFACE_SIDE_STYLE('',(#15654));
#15654 = SURFACE_STYLE_FILL_AREA(#15655);
#15655 = FILL_AREA_STYLE('',(#15656));
#15656 = FILL_AREA_STYLE_COLOUR('',#15530);
#15657 = CURVE_STYLE('',#15658,POSITIVE_LENGTH_MEASURE(0.1),#15530);
#15658 = DRAUGHTING_PRE_DEFINED_CURVE_FONT('continuous');
#15659 = STYLED_ITEM('color',(#15660),#14834);
#15660 = PRESENTATION_STYLE_ASSIGNMENT((#15661,#15666));
#15661 = SURFACE_STYLE_USAGE(.BOTH.,#15662);
#15662 = SURFACE_SIDE_STYLE('',(#15663));
#15663 = SURFACE_STYLE_FILL_AREA(#15664);
#15664 = FILL_AREA_STYLE('',(#15665));
#15665 = FILL_AREA_STYLE_COLOUR('',#15530);
#15666 = CURVE_STYLE('',#15667,POSITIVE_LENGTH_MEASURE(0.1),#15530);
#15667 = DRAUGHTING_PRE_DEFINED_CURVE_FONT('continuous');
#15668 = STYLED_ITEM('color',(#15669),#14846);
#15669 = PRESENTATION_STYLE_ASSIGNMENT((#15670,#15675));
#15670 = SURFACE_STYLE_USAGE(.BOTH.,#15671);
#15671 = SURFACE_SIDE_STYLE('',(#15672));
#15672 = SURFACE_STYLE_FILL_AREA(#15673);
#15673 = FILL_AREA_STYLE('',(#15674));
#15674 = FILL_AREA_STYLE_COLOUR('',#15530);
#15675 = CURVE_STYLE('',#15676,POSITIVE_LENGTH_MEASURE(0.1),#15530);
#15676 = DRAUGHTING_PRE_DEFINED_CURVE_FONT('continuous');
#15677 = STYLED_ITEM('color',(#15678),#14858);
#15678 = PRESENTATION_STYLE_ASSIGNMENT((#15679,#15684));
#15679 = SURFACE_STYLE_USAGE(.BOTH.,#15680);
#15680 = SURFACE_SIDE_STYLE('',(#15681));
#15681 = SURFACE_STYLE_FILL_AREA(#15682);
#15682 = FILL_AREA_STYLE('',(#15683));
#15683 = FILL_AREA_STYLE_COLOUR('',#15530);
#15684 = CURVE_STYLE('',#15685,POSITIVE_LENGTH_MEASURE(0.1),#15530);
#15685 = DRAUGHTING_PRE_DEFINED_CURVE_FONT('continuous');
#15686 = STYLED_ITEM('color',(#15687),#14870);
#15687 = PRESENTATION_STYLE_ASSIGNMENT((#15688,#15693));
#15688 = SURFACE_STYLE_USAGE(.BOTH.,#15689);
#15689 = SURFACE_SIDE_STYLE('',(#15690));
#15690 = SURFACE_STYLE_FILL_AREA(#15691);
#15691 = FILL_AREA_STYLE('',(#15692));
#15692 = FILL_AREA_STYLE_COLOUR('',#15530);
#15693 = CURVE_STYLE('',#15694,POSITIVE_LENGTH_MEASURE(0.1),#15530);
#15694 = DRAUGHTING_PRE_DEFINED_CURVE_FONT('continuous');
#15695 = STYLED_ITEM('color',(#15696),#14882);
#15696 = PRESENTATION_STYLE_ASSIGNMENT((#15697,#15702));
#15697 = SURFACE_STYLE_USAGE(.BOTH.,#15698);
#15698 = SURFACE_SIDE_STYLE('',(#15699));
#15699 = SURFACE_STYLE_FILL_AREA(#15700);
#15700 = FILL_AREA_STYLE('',(#15701));
#15701 = FILL_AREA_STYLE_COLOUR('',#15530);
#15702 = CURVE_STYLE('',#15703,POSITIVE_LENGTH_MEASURE(0.1),#15530);
#15703 = DRAUGHTING_PRE_DEFINED_CURVE_FONT('continuous');
#15704 = STYLED_ITEM('color',(#15705),#14894);
#15705 = PRESENTATION_STYLE_ASSIGNMENT((#15706,#15711));
#15706 = SURFACE_STYLE_USAGE(.BOTH.,#15707);
#15707 = SURFACE_SIDE_STYLE('',(#15708));
#15708 = SURFACE_STYLE_FILL_AREA(#15709);
#15709 = FILL_AREA_STYLE('',(#15710));
#15710 = FILL_AREA_STYLE_COLOUR('',#15530);
#15711 = CURVE_STYLE('',#15712,POSITIVE_LENGTH_MEASURE(0.1),#15530);
#15712 = DRAUGHTING_PRE_DEFINED_CURVE_FONT('continuous');
#15713 = STYLED_ITEM('color',(#15714),#14906);
#15714 = PRESENTATION_STYLE_ASSIGNMENT((#15715,#15720));
#15715 = SURFACE_STYLE_USAGE(.BOTH.,#15716);
#15716 = SURFACE_SIDE_STYLE('',(#15717));
#15717 = SURFACE_STYLE_FILL_AREA(#15718);
#15718 = FILL_AREA_STYLE('',(#15719));
#15719 = FILL_AREA_STYLE_COLOUR('',#15530);
#15720 = CURVE_STYLE('',#15721,POSITIVE_LENGTH_MEASURE(0.1),#15530);
#15721 = DRAUGHTING_PRE_DEFINED_CURVE_FONT('continuous');
#15722 = STYLED_ITEM('color',(#15723),#14918);
#15723 = PRESENTATION_STYLE_ASSIGNMENT((#15724,#15729));
#15724 = SURFACE_STYLE_USAGE(.BOTH.,#15725);
#15725 = SURFACE_SIDE_STYLE('',(#15726));
#15726 = SURFACE_STYLE_FILL_AREA(#15727);
#15727 = FILL_AREA_STYLE('',(#15728));
#15728 = FILL_AREA_STYLE_COLOUR('',#15530);
#15729 = CURVE_STYLE('',#15730,POSITIVE_LENGTH_MEASURE(0.1),#15530);
#15730 = DRAUGHTING_PRE_DEFINED_CURVE_FONT('continuous');
#15731 = STYLED_ITEM('color',(#15732),#14930);
#15732 = PRESENTATION_STYLE_ASSIGNMENT((#15733,#15738));
#15733 = SURFACE_STYLE_USAGE(.BOTH.,#15734);
#15734 = SURFACE_SIDE_STYLE('',(#15735));
#15735 = SURFACE_STYLE_FILL_AREA(#15736);
#15736 = FILL_AREA_STYLE('',(#15737));
#15737 = FILL_AREA_STYLE_COLOUR('',#15530);
#15738 = CURVE_STYLE('',#15739,POSITIVE_LENGTH_MEASURE(0.1),#15530);
#15739 = DRAUGHTING_PRE_DEFINED_CURVE_FONT('continuous');
#15740 = STYLED_ITEM('color',(#15741),#14942);
#15741 = PRESENTATION_STYLE_ASSIGNMENT((#15742,#15747));
#15742 = SURFACE_STYLE_USAGE(.BOTH.,#15743);
#15743 = SURFACE_SIDE_STYLE('',(#15744));
#15744 = SURFACE_STYLE_FILL_AREA(#15745);
#15745 = FILL_AREA_STYLE('',(#15746));
#15746 = FILL_AREA_STYLE_COLOUR('',#15530);
#15747 = CURVE_STYLE('',#15748,POSITIVE_LENGTH_MEASURE(0.1),#15530);
#15748 = DRAUGHTING_PRE_DEFINED_CURVE_FONT('continuous');
#15749 = STYLED_ITEM('color',(#15750),#14954);
#15750 = PRESENTATION_STYLE_ASSIGNMENT((#15751,#15757));
#15751 = SURFACE_STYLE_USAGE(.BOTH.,#15752);
#15752 = SURFACE_SIDE_STYLE('',(#15753));
#15753 = SURFACE_STYLE_FILL_AREA(#15754);
#15754 = FILL_AREA_STYLE('',(#15755));
#15755 = FILL_AREA_STYLE_COLOUR('',#15756);
#15756 = COLOUR_RGB('',0.587999997538,0.587999997538,0.587999997538);
#15757 = CURVE_STYLE('',#15758,POSITIVE_LENGTH_MEASURE(0.1),#15756);
#15758 = DRAUGHTING_PRE_DEFINED_CURVE_FONT('continuous');
#15759 = STYLED_ITEM('color',(#15760),#14986);
#15760 = PRESENTATION_STYLE_ASSIGNMENT((#15761,#15766));
#15761 = SURFACE_STYLE_USAGE(.BOTH.,#15762);
#15762 = SURFACE_SIDE_STYLE('',(#15763));
#15763 = SURFACE_STYLE_FILL_AREA(#15764);
#15764 = FILL_AREA_STYLE('',(#15765));
#15765 = FILL_AREA_STYLE_COLOUR('',#15756);
#15766 = CURVE_STYLE('',#15767,POSITIVE_LENGTH_MEASURE(0.1),#15756);
#15767 = DRAUGHTING_PRE_DEFINED_CURVE_FONT('continuous');
#15768 = STYLED_ITEM('color',(#15769),#14995);
#15769 = PRESENTATION_STYLE_ASSIGNMENT((#15770,#15775));
#15770 = SURFACE_STYLE_USAGE(.BOTH.,#15771);
#15771 = SURFACE_SIDE_STYLE('',(#15772));
#15772 = SURFACE_STYLE_FILL_AREA(#15773);
#15773 = FILL_AREA_STYLE('',(#15774));
#15774 = FILL_AREA_STYLE_COLOUR('',#15756);
#15775 = CURVE_STYLE('',#15776,POSITIVE_LENGTH_MEASURE(0.1),#15756);
#15776 = DRAUGHTING_PRE_DEFINED_CURVE_FONT('continuous');
#15777 = STYLED_ITEM('color',(#15778),#15006);
#15778 = PRESENTATION_STYLE_ASSIGNMENT((#15779,#15785));
#15779 = SURFACE_STYLE_USAGE(.BOTH.,#15780);
#15780 = SURFACE_SIDE_STYLE('',(#15781));
#15781 = SURFACE_STYLE_FILL_AREA(#15782);
#15782 = FILL_AREA_STYLE('',(#15783));
#15783 = FILL_AREA_STYLE_COLOUR('',#15784);
#15784 = COLOUR_RGB('',0.196000005209,0.196000005209,0.196000005209);
#15785 = CURVE_STYLE('',#15786,POSITIVE_LENGTH_MEASURE(0.1),#15784);
#15786 = DRAUGHTING_PRE_DEFINED_CURVE_FONT('continuous');
#15787 = STYLED_ITEM('color',(#15788),#15046);
#15788 = PRESENTATION_STYLE_ASSIGNMENT((#15789,#15794));
#15789 = SURFACE_STYLE_USAGE(.BOTH.,#15790);
#15790 = SURFACE_SIDE_STYLE('',(#15791));
#15791 = SURFACE_STYLE_FILL_AREA(#15792);
#15792 = FILL_AREA_STYLE('',(#15793));
#15793 = FILL_AREA_STYLE_COLOUR('',#15784);
#15794 = CURVE_STYLE('',#15795,POSITIVE_LENGTH_MEASURE(0.1),#15784);
#15795 = DRAUGHTING_PRE_DEFINED_CURVE_FONT('continuous');
#15796 = STYLED_ITEM('color',(#15797),#15077);
#15797 = PRESENTATION_STYLE_ASSIGNMENT((#15798,#15803));
#15798 = SURFACE_STYLE_USAGE(.BOTH.,#15799);
#15799 = SURFACE_SIDE_STYLE('',(#15800));
#15800 = SURFACE_STYLE_FILL_AREA(#15801);
#15801 = FILL_AREA_STYLE('',(#15802));
#15802 = FILL_AREA_STYLE_COLOUR('',#15784);
#15803 = CURVE_STYLE('',#15804,POSITIVE_LENGTH_MEASURE(0.1),#15784);
#15804 = DRAUGHTING_PRE_DEFINED_CURVE_FONT('continuous');
#15805 = STYLED_ITEM('color',(#15806),#15108);
#15806 = PRESENTATION_STYLE_ASSIGNMENT((#15807,#15812));
#15807 = SURFACE_STYLE_USAGE(.BOTH.,#15808);
#15808 = SURFACE_SIDE_STYLE('',(#15809));
#15809 = SURFACE_STYLE_FILL_AREA(#15810);
#15810 = FILL_AREA_STYLE('',(#15811));
#15811 = FILL_AREA_STYLE_COLOUR('',#15784);
#15812 = CURVE_STYLE('',#15813,POSITIVE_LENGTH_MEASURE(0.1),#15784);
#15813 = DRAUGHTING_PRE_DEFINED_CURVE_FONT('continuous');
#15814 = STYLED_ITEM('color',(#15815),#15130);
#15815 = PRESENTATION_STYLE_ASSIGNMENT((#15816,#15821));
#15816 = SURFACE_STYLE_USAGE(.BOTH.,#15817);
#15817 = SURFACE_SIDE_STYLE('',(#15818));
#15818 = SURFACE_STYLE_FILL_AREA(#15819);
#15819 = FILL_AREA_STYLE('',(#15820));
#15820 = FILL_AREA_STYLE_COLOUR('',#15784);
#15821 = CURVE_STYLE('',#15822,POSITIVE_LENGTH_MEASURE(0.1),#15784);
#15822 = DRAUGHTING_PRE_DEFINED_CURVE_FONT('continuous');
#15823 = STYLED_ITEM('color',(#15824),#15142);
#15824 = PRESENTATION_STYLE_ASSIGNMENT((#15825,#15830));
#15825 = SURFACE_STYLE_USAGE(.BOTH.,#15826);
#15826 = SURFACE_SIDE_STYLE('',(#15827));
#15827 = SURFACE_STYLE_FILL_AREA(#15828);
#15828 = FILL_AREA_STYLE('',(#15829));
#15829 = FILL_AREA_STYLE_COLOUR('',#15784);
#15830 = CURVE_STYLE('',#15831,POSITIVE_LENGTH_MEASURE(0.1),#15784);
#15831 = DRAUGHTING_PRE_DEFINED_CURVE_FONT('continuous');
#15832 = MECHANICAL_DESIGN_GEOMETRIC_PRESENTATION_REPRESENTATION('',(
    #15833),#812);
#15833 = STYLED_ITEM('color',(#15834),#662);
#15834 = PRESENTATION_STYLE_ASSIGNMENT((#15835,#15840));
#15835 = SURFACE_STYLE_USAGE(.BOTH.,#15836);
#15836 = SURFACE_SIDE_STYLE('',(#15837));
#15837 = SURFACE_STYLE_FILL_AREA(#15838);
#15838 = FILL_AREA_STYLE('',(#15839));
#15839 = FILL_AREA_STYLE_COLOUR('',#15353);
#15840 = CURVE_STYLE('',#15841,POSITIVE_LENGTH_MEASURE(0.1),#15353);
#15841 = DRAUGHTING_PRE_DEFINED_CURVE_FONT('continuous');
#15842 = MECHANICAL_DESIGN_GEOMETRIC_PRESENTATION_REPRESENTATION('',(
    #15843),#13862);
#15843 = STYLED_ITEM('color',(#15844),#13712);
#15844 = PRESENTATION_STYLE_ASSIGNMENT((#15845,#15851));
#15845 = SURFACE_STYLE_USAGE(.BOTH.,#15846);
#15846 = SURFACE_SIDE_STYLE('',(#15847));
#15847 = SURFACE_STYLE_FILL_AREA(#15848);
#15848 = FILL_AREA_STYLE('',(#15849));
#15849 = FILL_AREA_STYLE_COLOUR('',#15850);
#15850 = COLOUR_RGB('',0.501960785193,0.501960785193,0.501960785193);
#15851 = CURVE_STYLE('',#15852,POSITIVE_LENGTH_MEASURE(0.1),#15850);
#15852 = DRAUGHTING_PRE_DEFINED_CURVE_FONT('continuous');
#15853 = MECHANICAL_DESIGN_GEOMETRIC_PRESENTATION_REPRESENTATION('',(
    #15854),#8877);
#15854 = STYLED_ITEM('color',(#15855),#8259);
#15855 = PRESENTATION_STYLE_ASSIGNMENT((#15856));
#15856 = SURFACE_STYLE_USAGE(.BOTH.,#15857);
#15857 = SURFACE_SIDE_STYLE('',(#15858));
#15858 = SURFACE_STYLE_FILL_AREA(#15859);
#15859 = FILL_AREA_STYLE('',(#15860));
#15860 = FILL_AREA_STYLE_COLOUR('',#15521);
ENDSEC;
END-ISO-10303-21;
