ts,x_ear,y_ear,z_ear,label
1713448037.017936,0.66748046875,0.701171875,-0.210693359375,unknown
1713448037.034984,0.69091796875,0.712158203125,-0.20947265625,unknown
1713448037.063122,0.686279296875,0.723876953125,-0.217529296875,unknown
1713448037.104498,0.66015625,0.7197265625,-0.224609375,unknown
1713448037.14312,0.659912109375,0.719482421875,-0.23193359375,unknown
1713448037.183371,0.670654296875,0.71875,-0.225341796875,unknown
1713448037.224693,0.665283203125,0.71875,-0.21923828125,unknown
1713448037.264384,0.6796875,0.726318359375,-0.22021484375,unknown
1713448037.305688,0.67822265625,0.720703125,-0.2255859375,unknown
1713448037.358956,0.6767578125,0.71337890625,-0.222900390625,unknown
1713448037.387205,0.677001953125,0.71435546875,-0.210205078125,unknown
1713448037.428697,0.682861328125,0.715087890625,-0.218017578125,unknown
1713448037.462563,0.67578125,0.716064453125,-0.21240234375,unknown
1713448037.513213,0.68115234375,0.712890625,-0.2158203125,unknown
1713448037.546445,0.680419921875,0.713623046875,-0.20947265625,unknown
1713448037.588053,0.68115234375,0.71337890625,-0.2021484375,unknown
1713448037.624629,0.683837890625,0.71484375,-0.204833984375,unknown
1713448037.663484,0.686279296875,0.7177734375,-0.197509765625,unknown
1713448037.705702,0.684326171875,0.72119140625,-0.204345703125,unknown
1713448037.745002,0.6875,0.713134765625,-0.203857421875,unknown
1713448037.787261,0.689453125,0.716796875,-0.200927734375,unknown
1713448037.825339,0.693115234375,0.715576171875,-0.195068359375,unknown
1713448037.869909,0.68505859375,0.70947265625,-0.198974609375,unknown
1713448037.906836,0.685546875,0.713623046875,-0.199951171875,unknown
1713448037.946434,0.685546875,0.705810546875,-0.19921875,unknown
1713448037.987827,0.6904296875,0.71044921875,-0.192626953125,unknown
1713448038.038239,0.684814453125,0.71240234375,-0.182861328125,unknown
1713448038.066438,0.6875,0.714599609375,-0.191650390625,unknown
1713448038.116495,0.687255859375,0.71728515625,-0.19482421875,unknown
1713448038.144825,0.67822265625,0.71240234375,-0.195068359375,unknown
1713448038.187506,0.683349609375,0.718505859375,-0.18701171875,unknown
1713448038.225316,0.681884765625,0.72265625,-0.183349609375,unknown
1713448038.264467,0.686767578125,0.716552734375,-0.18408203125,unknown
1713448038.305572,0.679931640625,0.71484375,-0.186279296875,unknown
1713448038.34562,0.68408203125,0.71484375,-0.183349609375,unknown
1713448038.390772,0.682373046875,0.718017578125,-0.175537109375,unknown
1713448038.425487,0.68994140625,0.722900390625,-0.17724609375,unknown
1713448038.465116,0.6845703125,0.716064453125,-0.17919921875,unknown
1713448038.506054,0.680908203125,0.710205078125,-0.179443359375,unknown
1713448038.546389,0.680419921875,0.707275390625,-0.171142578125,unknown
1713448038.586057,0.679443359375,0.71337890625,-0.16943359375,unknown
1713448038.627157,0.689697265625,0.72119140625,-0.138427734375,unknown
1713448038.668274,0.691650390625,0.724609375,-0.151611328125,unknown
1713448038.709988,0.699951171875,0.731201171875,-0.130859375,unknown
1713448038.751611,0.716064453125,0.7431640625,-0.096435546875,unknown
1713448038.793448,0.7060546875,0.73486328125,-0.090087890625,unknown
1713448038.824909,0.696044921875,0.720703125,-0.099853515625,unknown
1713448038.874389,0.692138671875,0.714599609375,-0.097412109375,unknown
1713448038.916843,0.6962890625,0.713623046875,-0.09716796875,unknown
1713448038.946636,0.6962890625,0.723876953125,-0.1025390625,unknown
1713448038.988649,0.69873046875,0.725341796875,-0.10791015625,unknown
1713448039.026443,0.69873046875,0.729736328125,-0.106201171875,unknown
1713448039.080117,0.69970703125,0.73193359375,-0.125244140625,unknown
1713448039.108248,0.688720703125,0.71826171875,-0.131591796875,unknown
1713448039.146271,0.689453125,0.718017578125,-0.1337890625,unknown
1713448039.189456,0.69189453125,0.715576171875,-0.1328125,unknown
1713448039.228603,0.692626953125,0.717041015625,-0.135986328125,unknown
1713448039.269086,0.69482421875,0.72021484375,-0.128173828125,unknown
1713448039.319787,0.6962890625,0.721435546875,-0.130859375,unknown
1713448039.347117,0.696044921875,0.720703125,-0.1259765625,unknown
1713448039.393398,0.69677734375,0.71826171875,-0.122802734375,unknown
1713448039.429203,0.697265625,0.71826171875,-0.125732421875,unknown
1713448039.469036,0.69287109375,0.7138671875,-0.129150390625,unknown
1713448039.507343,0.69775390625,0.72021484375,-0.124755859375,unknown
1713448039.54559,0.697021484375,0.721923828125,-0.12060546875,unknown
1713448039.592225,0.69873046875,0.7236328125,-0.1201171875,unknown
1713448039.629723,0.7021484375,0.723876953125,-0.121337890625,unknown
1713448039.668884,0.697265625,0.720458984375,-0.114990234375,unknown
1713448039.715494,0.7080078125,0.726318359375,-0.111083984375,unknown
1713448039.753847,0.7060546875,0.7294921875,-0.1005859375,unknown
1713448039.787613,0.714111328125,0.734375,-0.095947265625,unknown
1713448039.829533,0.70654296875,0.723388671875,-0.106201171875,unknown
1713448039.868643,0.693359375,0.71044921875,-0.116455078125,unknown
1713448039.90806,0.70068359375,0.71826171875,-0.12353515625,unknown
1713448039.951796,0.684326171875,0.71044921875,-0.15478515625,unknown
1713448039.988073,0.68408203125,0.71728515625,-0.17578125,unknown
1713448040.029038,0.676025390625,0.720947265625,-0.209228515625,unknown
1713448040.068017,0.6611328125,0.717529296875,-0.228515625,unknown
1713448040.10772,0.6552734375,0.72412109375,-0.25439453125,unknown
1713448040.146906,0.643310546875,0.73046875,-0.281982421875,unknown
1713448040.187092,0.62548828125,0.72314453125,-0.302734375,unknown
1713448040.227497,0.615966796875,0.7216796875,-0.32568359375,unknown
1713448040.268192,0.624755859375,0.721435546875,-0.329345703125,unknown
1713448040.307346,0.61669921875,0.7138671875,-0.331298828125,unknown
1713448040.347238,0.609375,0.712158203125,-0.321533203125,unknown
1713448040.388566,0.618896484375,0.71875,-0.319091796875,unknown
1713448040.428469,0.633544921875,0.7236328125,-0.308349609375,unknown
1713448040.468739,0.6435546875,0.734130859375,-0.29345703125,unknown
1713448040.509714,0.65283203125,0.73974609375,-0.288330078125,unknown
1713448040.549998,0.6357421875,0.72265625,-0.28125,unknown
1713448040.590783,0.638671875,0.71826171875,-0.278564453125,unknown
1713448040.63824,0.645263671875,0.721435546875,-0.2744140625,unknown
1713448040.680154,0.662109375,0.7275390625,-0.243896484375,unknown
1713448040.711003,0.6640625,0.73193359375,-0.230712890625,unknown
1713448040.756968,0.66748046875,0.726806640625,-0.239990234375,unknown
1713448040.789017,0.651611328125,0.714599609375,-0.23486328125,unknown
1713448040.842931,0.658935546875,0.72314453125,-0.248046875,unknown
1713448040.869202,0.63525390625,0.717529296875,-0.240966796875,unknown
1713448040.910093,0.636962890625,0.718994140625,-0.2578125,unknown
1713448040.951602,0.634765625,0.72705078125,-0.2900390625,unknown
1713448040.993997,0.641357421875,0.7353515625,-0.292236328125,unknown
1713448041.035566,0.638916015625,0.739990234375,-0.29296875,unknown
1713448041.072105,0.64453125,0.741455078125,-0.293212890625,unknown
1713448041.110833,0.62158203125,0.727294921875,-0.297607421875,unknown
1713448041.151055,0.63671875,0.72412109375,-0.292724609375,unknown
1713448041.191984,0.638916015625,0.72314453125,-0.2744140625,unknown
1713448041.235269,0.64111328125,0.72119140625,-0.267578125,unknown
1713448041.274007,0.647216796875,0.71923828125,-0.2548828125,unknown
1713448041.322322,0.6591796875,0.7177734375,-0.248046875,unknown
1713448041.349099,0.657958984375,0.71923828125,-0.237548828125,unknown
1713448041.391855,0.67041015625,0.724609375,-0.2373046875,unknown
1713448041.430805,0.666748046875,0.72607421875,-0.22802734375,unknown
1713448041.469775,0.66552734375,0.72802734375,-0.233154296875,unknown
1713448041.51076,0.655029296875,0.722900390625,-0.2373046875,unknown
1713448041.550044,0.656494140625,0.7353515625,-0.232421875,unknown
1713448041.591297,0.6533203125,0.73583984375,-0.237060546875,unknown
1713448041.632924,0.659423828125,0.733642578125,-0.236083984375,unknown
1713448041.671171,0.662353515625,0.726318359375,-0.23193359375,unknown
1713448041.711555,0.65625,0.722900390625,-0.231689453125,unknown
1713448041.751137,0.66845703125,0.726318359375,-0.2216796875,unknown
1713448041.793408,0.667236328125,0.732177734375,-0.21875,unknown
1713448041.834272,0.65771484375,0.730712890625,-0.230712890625,unknown
1713448041.872669,0.65966796875,0.723388671875,-0.239013671875,unknown
1713448041.913742,0.6591796875,0.72216796875,-0.227294921875,unknown
1713448041.953174,0.6650390625,0.73046875,-0.214599609375,unknown
1713448041.997328,0.667724609375,0.729248046875,-0.21533203125,unknown
1713448042.035788,0.663330078125,0.722412109375,-0.220458984375,unknown
1713448042.075225,0.6728515625,0.720458984375,-0.212158203125,unknown
1713448042.113188,0.671142578125,0.7177734375,-0.2060546875,unknown
1713448042.15376,0.672607421875,0.718505859375,-0.204833984375,unknown
1713448042.190261,0.67236328125,0.726806640625,-0.20458984375,unknown
1713448042.245945,0.6669921875,0.726318359375,-0.20263671875,unknown
1713448042.272017,0.671630859375,0.728759765625,-0.200439453125,unknown
1713448042.321737,0.666748046875,0.730712890625,-0.203369140625,unknown
1713448042.351019,0.66650390625,0.73046875,-0.20166015625,unknown
1713448042.392655,0.66796875,0.728271484375,-0.199462890625,unknown
1713448042.437205,0.670166015625,0.7275390625,-0.20556640625,unknown
1713448042.475231,0.666015625,0.722900390625,-0.2001953125,unknown
1713448042.513462,0.675048828125,0.728515625,-0.200927734375,unknown
1713448042.555084,0.66943359375,0.724853515625,-0.199462890625,unknown
1713448042.59508,0.6689453125,0.724609375,-0.20263671875,unknown
1713448042.633253,0.668701171875,0.72509765625,-0.204833984375,unknown
1713448042.672375,0.668701171875,0.72607421875,-0.19775390625,unknown
1713448042.711116,0.67529296875,0.72705078125,-0.1943359375,unknown
1713448042.75176,0.668212890625,0.72705078125,-0.2001953125,unknown
1713448042.79461,0.66943359375,0.72216796875,-0.207275390625,unknown
1713448042.833637,0.667724609375,0.723876953125,-0.203369140625,unknown
1713448042.889525,0.677734375,0.725341796875,-0.198486328125,unknown
1713448042.913617,0.669677734375,0.72705078125,-0.1923828125,unknown
1713448042.954009,0.675537109375,0.732177734375,-0.19873046875,unknown
1713448042.992264,0.671142578125,0.724365234375,-0.193603515625,unknown
1713448043.034256,0.66943359375,0.72021484375,-0.1962890625,unknown
1713448043.082474,0.67529296875,0.72509765625,-0.195556640625,unknown
1713448043.11346,0.674072265625,0.724609375,-0.19140625,unknown
1713448043.16839,0.675048828125,0.723876953125,-0.1904296875,unknown
1713448043.195396,0.676025390625,0.72802734375,-0.186767578125,unknown
1713448043.239449,0.677734375,0.7265625,-0.1904296875,unknown
1713448043.275226,0.6748046875,0.72705078125,-0.184814453125,unknown
1713448043.314146,0.678955078125,0.730224609375,-0.188720703125,unknown
1713448043.354822,0.673095703125,0.724609375,-0.19482421875,unknown
1713448043.394619,0.674560546875,0.723388671875,-0.18994140625,unknown
1713448043.433568,0.68310546875,0.72802734375,-0.18896484375,unknown
1713448043.474918,0.671630859375,0.721923828125,-0.19091796875,unknown
1713448043.516483,0.670654296875,0.722412109375,-0.19140625,unknown
1713448043.554197,0.68359375,0.72265625,-0.18798828125,unknown
1713448043.596321,0.6787109375,0.72509765625,-0.1865234375,unknown
1713448043.635556,0.67236328125,0.721435546875,-0.183837890625,unknown
1713448043.675526,0.685546875,0.724365234375,-0.190673828125,unknown
1713448043.715021,0.6767578125,0.72021484375,-0.182373046875,unknown
1713448043.756331,0.678955078125,0.72314453125,-0.184814453125,unknown
1713448043.796107,0.677490234375,0.720703125,-0.184814453125,unknown
1713448043.837886,0.675537109375,0.723388671875,-0.18310546875,unknown
1713448043.877359,0.67919921875,0.72802734375,-0.18505859375,unknown
1713448043.919632,0.67578125,0.727783203125,-0.186279296875,unknown
1713448043.956063,0.678955078125,0.724365234375,-0.182861328125,unknown
1713448043.994642,0.677001953125,0.727294921875,-0.176513671875,unknown
1713448044.034625,0.675048828125,0.723876953125,-0.17822265625,unknown
1713448044.075662,0.67822265625,0.72265625,-0.180419921875,unknown
1713448044.115129,0.680419921875,0.72607421875,-0.1748046875,unknown
1713448044.158584,0.680419921875,0.72705078125,-0.17822265625,unknown
1713448044.196384,0.676513671875,0.722900390625,-0.177001953125,unknown
1713448044.246219,0.683349609375,0.720458984375,-0.17529296875,unknown
1713448044.2753,0.6865234375,0.723388671875,-0.170166015625,unknown
1713448044.329766,0.688232421875,0.725341796875,-0.1689453125,unknown
1713448044.356335,0.68115234375,0.72216796875,-0.165771484375,unknown
1713448044.411159,0.68603515625,0.72412109375,-0.17431640625,unknown
1713448044.436037,0.68212890625,0.723388671875,-0.169921875,unknown
1713448044.477473,0.681640625,0.722900390625,-0.17236328125,unknown
1713448044.519452,0.68408203125,0.723388671875,-0.173583984375,unknown
1713448044.561267,0.681396484375,0.72314453125,-0.174560546875,unknown
1713448044.601339,0.683837890625,0.726806640625,-0.173828125,unknown
1713448044.642794,0.6796875,0.722900390625,-0.174072265625,unknown
1713448044.67761,0.68212890625,0.722412109375,-0.170654296875,unknown
1713448044.717283,0.680419921875,0.71923828125,-0.167236328125,unknown
1713448044.756507,0.6787109375,0.72216796875,-0.175537109375,unknown
1713448044.797183,0.68701171875,0.724609375,-0.165283203125,unknown
1713448044.839758,0.68115234375,0.730712890625,-0.164794921875,unknown
1713448044.877623,0.68408203125,0.730224609375,-0.164794921875,unknown
1713448044.923777,0.680419921875,0.720947265625,-0.165283203125,unknown
1713448044.958558,0.685302734375,0.721923828125,-0.16748046875,unknown
1713448044.998913,0.68408203125,0.7216796875,-0.156982421875,unknown
1713448045.038532,0.693603515625,0.721435546875,-0.16064453125,Get ready
1713448045.078767,0.68896484375,0.7197265625,-0.15478515625,Get ready
1713448045.121038,0.6923828125,0.72021484375,-0.15771484375,Get ready
1713448045.160844,0.687744140625,0.719970703125,-0.158447265625,Get ready
1713448045.201586,0.6884765625,0.72119140625,-0.159423828125,Get ready
1713448045.242437,0.686767578125,0.723388671875,-0.16015625,Get ready
1713448045.28087,0.685546875,0.7236328125,-0.159423828125,Get ready
1713448045.327652,0.683837890625,0.7177734375,-0.160400390625,Get ready
1713448045.357991,0.688720703125,0.720703125,-0.159423828125,Get ready
1713448045.398062,0.688232421875,0.72412109375,-0.1552734375,Get ready
1713448045.438049,0.68994140625,0.7158203125,-0.158447265625,Get ready
1713448045.478308,0.688232421875,0.71826171875,-0.15380859375,Get ready
1713448045.521612,0.685791015625,0.715087890625,-0.153564453125,Get ready
1713448045.559582,0.689453125,0.723388671875,-0.151611328125,Get ready
1713448045.605024,0.689697265625,0.725341796875,-0.15576171875,Get ready
1713448045.639947,0.684326171875,0.71875,-0.15380859375,Get ready
1713448045.682368,0.68603515625,0.714599609375,-0.161376953125,Get ready
1713448045.721091,0.696044921875,0.72265625,-0.144287109375,Get ready
1713448045.76264,0.6943359375,0.724853515625,-0.14794921875,Get ready
1713448045.800023,0.690185546875,0.72265625,-0.14208984375,Get ready
1713448045.840269,0.695556640625,0.721923828125,-0.14599609375,Get ready
1713448045.884264,0.685546875,0.71826171875,-0.145751953125,Get ready
1713448045.924095,0.68994140625,0.717041015625,-0.1484375,Get ready
1713448045.971791,0.690673828125,0.722900390625,-0.1484375,Get ready
1713448046.006402,0.693115234375,0.72265625,-0.145751953125,Get ready
1713448046.0456,0.690185546875,0.7197265625,-0.1484375,Get ready
1713448046.08162,0.690673828125,0.72314453125,-0.146484375,Get ready
1713448046.119459,0.6884765625,0.718505859375,-0.147705078125,Get ready
1713448046.159118,0.689453125,0.720703125,-0.145263671875,Get ready
1713448046.198979,0.69091796875,0.72705078125,-0.1435546875,Get ready
1713448046.240201,0.68994140625,0.728515625,-0.15576171875,Get ready
1713448046.280068,0.69140625,0.736328125,-0.15283203125,Get ready
1713448046.327215,0.67822265625,0.716796875,-0.19873046875,Get ready
1713448046.363223,0.7060546875,0.701416015625,-0.187255859375,Get ready
1713448046.401656,0.687744140625,0.672119140625,-0.156494140625,Get ready
1713448046.442118,0.692138671875,0.68408203125,-0.108154296875,Get ready
1713448046.488778,0.70556640625,0.71630859375,-0.107421875,Get ready
1713448046.526453,0.693603515625,0.73974609375,-0.10693359375,Get ready
1713448046.562389,0.693115234375,0.755859375,-0.124267578125,Get ready
1713448046.608245,0.669921875,0.762451171875,-0.1015625,Get ready
1713448046.645506,0.684326171875,0.748046875,-0.155517578125,Get ready
1713448046.681738,0.6865234375,0.73583984375,-0.161376953125,Get ready
1713448046.719597,0.6767578125,0.71875,-0.1337890625,Get ready
1713448046.760307,0.69189453125,0.72216796875,-0.132568359375,Get ready
1713448046.800719,0.682861328125,0.714599609375,-0.137939453125,Get ready
1713448046.840435,0.681396484375,0.718994140625,-0.129638671875,Get ready
1713448046.881819,0.69140625,0.732666015625,-0.138671875,Get ready
1713448046.921458,0.68017578125,0.73486328125,-0.1328125,Get ready
1713448046.960431,0.680908203125,0.732666015625,-0.12353515625,Get ready
1713448047.003887,0.693603515625,0.729736328125,-0.133544921875,Get ready
1713448047.042834,0.67578125,0.70849609375,-0.152099609375,Get ready
1713448047.091174,0.688232421875,0.719970703125,-0.14111328125,Get ready
1713448047.127422,0.6962890625,0.721923828125,-0.146240234375,Get ready
1713448047.170168,0.68994140625,0.7197265625,-0.131103515625,Get ready
1713448047.206956,0.6884765625,0.720458984375,-0.14892578125,Get ready
1713448047.244085,0.685546875,0.71826171875,-0.158935546875,Get ready
1713448047.282148,0.6806640625,0.72265625,-0.141357421875,Get ready
1713448047.323529,0.689697265625,0.727783203125,-0.130859375,Get ready
1713448047.361044,0.688232421875,0.726318359375,-0.132080078125,Get ready
1713448047.40289,0.685302734375,0.7294921875,-0.134521484375,Get ready
1713448047.443219,0.691650390625,0.728759765625,-0.127685546875,Get ready
1713448047.482633,0.693115234375,0.7275390625,-0.125,Get ready
1713448047.523839,0.69287109375,0.72119140625,-0.125732421875,Get ready
1713448047.563024,0.691650390625,0.716552734375,-0.119873046875,Get ready
1713448047.60746,0.691650390625,0.718017578125,-0.1162109375,Get ready
1713448047.644286,0.7080078125,0.72119140625,-0.115234375,Get ready
1713448047.684225,0.70263671875,0.7197265625,-0.106689453125,Get ready
1713448047.723579,0.698974609375,0.72216796875,-0.103271484375,Get ready
1713448047.775595,0.721923828125,0.728515625,-0.085693359375,Get ready
1713448047.804024,0.701416015625,0.716552734375,-0.078125,Get ready
1713448047.855465,0.70263671875,0.711669921875,-0.084228515625,Get ready
1713448047.885782,0.70458984375,0.7177734375,-0.0869140625,Get ready
1713448047.933851,0.713623046875,0.72021484375,-0.096435546875,Get ready
1713448047.963916,0.708984375,0.721923828125,-0.088134765625,Get ready
1713448048.012304,0.708740234375,0.723388671875,-0.08447265625,Get ready
1713448048.044326,0.705322265625,0.71484375,-0.0859375,Get ready
1713448048.084702,0.703857421875,0.713134765625,-0.092041015625,Get ready
1713448048.128527,0.7109375,0.71923828125,-0.114013671875,Get ready
1713448048.167651,0.711181640625,0.7060546875,-0.1259765625,Get ready
1713448048.204436,0.695556640625,0.67724609375,-0.116943359375,Get ready
1713448048.244051,0.700927734375,0.678955078125,-0.0712890625,Get ready
1713448048.284614,0.7314453125,0.693603515625,-0.069091796875,Get ready
1713448048.325121,0.719482421875,0.703857421875,-0.065185546875,Get ready
1713448048.365062,0.710205078125,0.7119140625,-0.094970703125,Get ready
1713448048.407562,0.7099609375,0.73095703125,-0.11962890625,Get ready
1713448048.446248,0.724609375,0.73388671875,-0.17431640625,Get ready
1713448048.485359,0.689453125,0.707275390625,-0.22216796875,Get ready
1713448048.527568,0.642578125,0.67431640625,-0.186279296875,Get ready
1713448048.566051,0.67529296875,0.732666015625,-0.194091796875,Get ready
1713448048.605417,0.66455078125,0.722412109375,-0.1796875,Get ready
1713448048.649344,0.688232421875,0.726806640625,-0.211181640625,Get ready
1713448048.689401,0.674560546875,0.724609375,-0.151611328125,Get ready
1713448048.727175,0.669677734375,0.738525390625,-0.149169921875,Get ready
1713448048.765809,0.662353515625,0.74951171875,-0.1640625,Get ready
1713448048.804448,0.66259765625,0.746337890625,-0.1572265625,Get ready
1713448048.856503,0.662841796875,0.744384765625,-0.157958984375,Get ready
1713448048.884993,0.669921875,0.7275390625,-0.143798828125,Get ready
1713448048.933395,0.697021484375,0.736328125,-0.13134765625,Get ready
1713448048.970462,0.686767578125,0.74072265625,-0.133056640625,Get ready
1713448049.009692,0.697265625,0.729248046875,-0.130859375,Get ready
1713448049.046691,0.69970703125,0.7216796875,-0.116455078125,Get ready
1713448049.097331,0.68798828125,0.734130859375,-0.1064453125,Get ready
1713448049.133865,0.70361328125,0.73193359375,-0.0625,Get ready
1713448049.174837,0.69873046875,0.73193359375,-0.08349609375,Get ready
1713448049.212392,0.70166015625,0.691650390625,-0.096435546875,Get ready
1713448049.252056,0.7333984375,0.68212890625,-0.093994140625,Get ready
1713448049.291232,0.74658203125,0.677490234375,-0.0400390625,Get ready
1713448049.329265,0.724365234375,0.665283203125,-0.02880859375,Get ready
1713448049.366375,0.749267578125,0.671875,-0.061767578125,Get ready
1713448049.406589,0.732177734375,0.698486328125,-0.048828125,Get ready
1713448049.446576,0.726806640625,0.6962890625,-0.09228515625,Get ready
1713448049.489508,0.72314453125,0.70703125,-0.1123046875,Get ready
1713448049.527311,0.6982421875,0.7080078125,-0.180419921875,Get ready
1713448049.567946,0.679931640625,0.717041015625,-0.171630859375,Get ready
1713448049.607153,0.670166015625,0.739013671875,-0.17236328125,Get ready
1713448049.648188,0.672607421875,0.78125,-0.153076171875,Get ready
1713448049.688003,0.657470703125,0.779296875,-0.212646484375,Get ready
1713448049.728191,0.629638671875,0.7685546875,-0.21044921875,Get ready
1713448049.76808,0.629638671875,0.75146484375,-0.2255859375,Get ready
1713448049.808556,0.62939453125,0.739501953125,-0.234375,Get ready
1713448049.849825,0.62158203125,0.730712890625,-0.250244140625,Get ready
1713448049.889048,0.623291015625,0.748046875,-0.274658203125,Get ready
1713448049.92841,0.59716796875,0.744140625,-0.295166015625,Get ready
1713448049.968708,0.5947265625,0.752197265625,-0.312255859375,Get ready
1713448050.009265,0.591552734375,0.751708984375,-0.31640625,Get ready
1713448050.045246,0.6142578125,0.75244140625,-0.331298828125,Get ready
1713448050.086719,0.6083984375,0.727783203125,-0.35791015625,Get ready
1713448050.126053,0.595458984375,0.716796875,-0.35009765625,Get ready
1713448050.168886,0.62548828125,0.72314453125,-0.35400390625,Get ready
1713448050.208179,0.64013671875,0.71826171875,-0.3173828125,Get ready
1713448050.248249,0.626708984375,0.70703125,-0.33203125,Get ready
1713448050.28901,0.650390625,0.701171875,-0.300537109375,Get ready
1713448050.327593,0.660888671875,0.700927734375,-0.274169921875,Get ready
1713448050.36759,0.67724609375,0.69580078125,-0.276123046875,Get ready
1713448050.408332,0.657470703125,0.705078125,-0.308837890625,Get ready
1713448050.448142,0.68994140625,0.7060546875,-0.27734375,Get ready
1713448050.488629,0.7236328125,0.6982421875,-0.22021484375,Get ready
1713448050.548348,0.6904296875,0.693359375,-0.2431640625,Get ready
1713448050.577677,0.6806640625,0.673095703125,-0.274169921875,Get ready
1713448050.608404,0.664794921875,0.667236328125,-0.278564453125,Get ready
1713448050.646995,0.66650390625,0.669677734375,-0.2666015625,Get ready
1713448050.688142,0.699462890625,0.69482421875,-0.268798828125,Get ready
1713448050.735875,0.69091796875,0.710205078125,-0.252197265625,Get ready
1713448050.775972,0.683349609375,0.7001953125,-0.22998046875,Get ready
1713448050.813258,0.68701171875,0.706787109375,-0.26171875,Get ready
1713448050.848653,0.666259765625,0.71142578125,-0.2763671875,Get ready
1713448050.896616,0.667724609375,0.70654296875,-0.257568359375,Get ready
1713448050.937615,0.662841796875,0.700439453125,-0.278564453125,Get ready
1713448050.975436,0.67529296875,0.7021484375,-0.27978515625,Get ready
1713448051.016044,0.66748046875,0.69189453125,-0.280029296875,Get ready
1713448051.055047,0.65478515625,0.691650390625,-0.2919921875,Get ready
1713448051.095426,0.67626953125,0.704345703125,-0.267822265625,Get ready
1713448051.135586,0.670654296875,0.6953125,-0.294677734375,Get ready
1713448051.170938,0.672119140625,0.701416015625,-0.2861328125,Get ready
1713448051.209213,0.671875,0.697998046875,-0.2841796875,Get ready
1713448051.249366,0.672607421875,0.698486328125,-0.287109375,Get ready
1713448051.289483,0.668701171875,0.697509765625,-0.27001953125,Get ready
1713448051.327018,0.67919921875,0.695068359375,-0.285400390625,Get ready
1713448051.367033,0.688232421875,0.69189453125,-0.277587890625,Get ready
1713448051.407949,0.6650390625,0.68603515625,-0.28515625,Get ready
1713448051.448003,0.707275390625,0.695556640625,-0.258544921875,Get ready
1713448051.488945,0.66943359375,0.694580078125,-0.28173828125,Get ready
1713448051.529237,0.66796875,0.6943359375,-0.28173828125,Get ready
1713448051.56897,0.670166015625,0.6875,-0.275390625,Get ready
1713448051.609988,0.68359375,0.697265625,-0.2607421875,Get ready
1713448051.64927,0.671875,0.710693359375,-0.2587890625,Get ready
1713448051.692909,0.684326171875,0.71240234375,-0.27685546875,Get ready
1713448051.732851,0.666259765625,0.713134765625,-0.27978515625,Get ready
1713448051.774696,0.66259765625,0.6982421875,-0.288818359375,Get ready
1713448051.813316,0.65234375,0.681640625,-0.30517578125,Get ready
1713448051.857935,0.67578125,0.68994140625,-0.314208984375,Get ready
1713448051.890488,0.679443359375,0.679931640625,-0.331298828125,Get ready
1713448051.940311,0.667724609375,0.666015625,-0.3447265625,Get ready
1713448051.968864,0.665771484375,0.667724609375,-0.35498046875,Get ready
1713448052.009354,0.67138671875,0.66748046875,-0.33740234375,Get ready
1713448052.05229,0.656494140625,0.699462890625,-0.291015625,Get ready
1713448052.09225,0.663330078125,0.71923828125,-0.257080078125,Get ready
1713448052.131394,0.650390625,0.70361328125,-0.26708984375,Get ready
1713448052.174635,0.639892578125,0.692138671875,-0.29248046875,Get ready
1713448052.214161,0.6552734375,0.70166015625,-0.289794921875,Get ready
1713448052.256354,0.669677734375,0.708740234375,-0.282470703125,Get ready
1713448052.291272,0.68359375,0.715576171875,-0.271240234375,Get ready
1713448052.331532,0.665283203125,0.71728515625,-0.284423828125,Get ready
1713448052.375743,0.669677734375,0.721923828125,-0.314208984375,Get ready
1713448052.411092,0.672119140625,0.71728515625,-0.29296875,Get ready
1713448052.451203,0.649169921875,0.69580078125,-0.267578125,Get ready
1713448052.491973,0.677978515625,0.686767578125,-0.274169921875,Get ready
1713448052.530976,0.7041015625,0.683349609375,-0.245849609375,Get ready
1713448052.570192,0.681396484375,0.677490234375,-0.203369140625,Get ready
1713448052.612313,0.710205078125,0.707275390625,-0.173095703125,Get ready
1713448052.651582,0.659912109375,0.71337890625,-0.1494140625,Get ready
1713448052.694483,0.6552734375,0.7451171875,-0.151123046875,Get ready
1713448052.734886,0.655517578125,0.760986328125,-0.1669921875,Get ready
1713448052.770934,0.660888671875,0.753662109375,-0.167236328125,Get ready
1713448052.816908,0.66796875,0.748291015625,-0.158935546875,Get ready
1713448052.853379,0.6787109375,0.73486328125,-0.146484375,Get ready
1713448052.899067,0.690185546875,0.732666015625,-0.1630859375,Get ready
1713448052.941052,0.678466796875,0.728271484375,-0.1787109375,Get ready
1713448052.972065,0.673583984375,0.723876953125,-0.167236328125,Get ready
1713448053.023426,0.6826171875,0.720947265625,-0.18017578125,Get ready
1713448053.05356,0.685791015625,0.7236328125,-0.16064453125,Get ready
1713448053.102475,0.689453125,0.722900390625,-0.16748046875,Get ready
1713448053.134724,0.679443359375,0.72216796875,-0.1767578125,Get ready
1713448053.176821,0.68359375,0.721435546875,-0.176513671875,Get ready
1713448053.217244,0.6767578125,0.72607421875,-0.17919921875,Get ready
1713448053.252338,0.673828125,0.726318359375,-0.188232421875,Get ready
1713448053.291478,0.67236328125,0.7265625,-0.19580078125,Get ready
1713448053.331076,0.671875,0.730224609375,-0.1962890625,Get ready
1713448053.374166,0.6640625,0.729736328125,-0.20458984375,Get ready
1713448053.412201,0.66015625,0.7294921875,-0.1982421875,Get ready
1713448053.452052,0.6572265625,0.744873046875,-0.208740234375,Get ready
1713448053.496126,0.658203125,0.751220703125,-0.20849609375,Get ready
1713448053.536331,0.654541015625,0.75390625,-0.22216796875,Get ready
1713448053.576347,0.645751953125,0.740234375,-0.230712890625,Get ready
1713448053.618054,0.632568359375,0.731201171875,-0.246337890625,Get ready
1713448053.658059,0.6533203125,0.72119140625,-0.247802734375,Get ready
1713448053.702368,0.655517578125,0.7158203125,-0.260009765625,Get ready
1713448053.734089,0.66455078125,0.710693359375,-0.29248046875,Get ready
1713448053.784278,0.666748046875,0.692626953125,-0.30078125,Get ready
1713448053.81533,0.6552734375,0.68017578125,-0.301513671875,Get ready
1713448053.864573,0.654052734375,0.695068359375,-0.31103515625,Get ready
1713448053.895345,0.6328125,0.697509765625,-0.316650390625,Get ready
1713448053.946717,0.6259765625,0.710693359375,-0.32373046875,Get ready
1713448053.973108,0.63134765625,0.723876953125,-0.323974609375,Get ready
1713448054.013012,0.62744140625,0.7138671875,-0.33056640625,Get ready
1713448054.05398,0.647216796875,0.68798828125,-0.306396484375,Get ready
1713448054.096171,0.65771484375,0.69482421875,-0.3125,Get ready
1713448054.136443,0.68115234375,0.693603515625,-0.294677734375,Get ready
1713448054.17893,0.69677734375,0.691650390625,-0.267333984375,Get ready
1713448054.213986,0.69580078125,0.697265625,-0.26904296875,Get ready
1713448054.255024,0.66455078125,0.7021484375,-0.293701171875,Get ready
1713448054.296853,0.65185546875,0.71240234375,-0.319091796875,Get ready
1713448054.334974,0.64599609375,0.705810546875,-0.33642578125,Get ready
1713448054.375487,0.642578125,0.682373046875,-0.330810546875,Get ready
1713448054.416186,0.662109375,0.668701171875,-0.317626953125,Get ready
1713448054.458758,0.66064453125,0.670166015625,-0.27978515625,Get ready
1713448054.495878,0.66455078125,0.70068359375,-0.25244140625,Get ready
1713448054.534842,0.658935546875,0.724609375,-0.28271484375,Get ready
1713448054.574496,0.63623046875,0.73193359375,-0.30029296875,Get ready
1713448054.624527,0.642333984375,0.739501953125,-0.313232421875,Get ready
1713448054.653725,0.64892578125,0.726318359375,-0.296630859375,Get ready
1713448054.703009,0.63916015625,0.726318359375,-0.279541015625,Get ready
1713448054.734073,0.642333984375,0.725341796875,-0.2880859375,Get ready
1713448054.776981,0.644775390625,0.723388671875,-0.284912109375,Get ready
1713448054.816941,0.649658203125,0.725830078125,-0.275634765625,Get ready
1713448054.856572,0.654541015625,0.73193359375,-0.26806640625,Get ready
1713448054.897206,0.655517578125,0.724365234375,-0.26171875,Get ready
1713448054.936886,0.6513671875,0.7216796875,-0.2607421875,Get ready
1713448054.977706,0.661865234375,0.721435546875,-0.253173828125,Get ready
1713448055.017009,0.65771484375,0.7158203125,-0.25390625,Get ready
1713448055.061282,0.663330078125,0.71923828125,-0.2607421875,Get ready
1713448055.0962,0.662353515625,0.721923828125,-0.25341796875,Get ready
1713448055.144088,0.65478515625,0.716552734375,-0.25341796875,Get ready
1713448055.175192,0.65625,0.71923828125,-0.253662109375,Get ready
1713448055.218061,0.654052734375,0.717529296875,-0.2529296875,Get ready
1713448055.259019,0.658203125,0.7236328125,-0.252197265625,Get ready
1713448055.295118,0.658935546875,0.72509765625,-0.25390625,Get ready
1713448055.334734,0.658935546875,0.7265625,-0.255859375,Get ready
1713448055.375702,0.64990234375,0.723388671875,-0.263916015625,Get ready
1713448055.416241,0.648681640625,0.722900390625,-0.271240234375,Get ready
1713448055.456308,0.64599609375,0.717529296875,-0.26904296875,Get ready
1713448055.496207,0.65087890625,0.720703125,-0.26171875,Get ready
1713448055.536042,0.6591796875,0.721435546875,-0.26513671875,Get ready
1713448055.577229,0.6484375,0.71435546875,-0.26025390625,Get ready
1713448055.616376,0.65185546875,0.7158203125,-0.270751953125,Get ready
1713448055.658239,0.651123046875,0.7197265625,-0.273681640625,Get ready
1713448055.700976,0.65673828125,0.722900390625,-0.279052734375,Get ready
1713448055.744063,0.651611328125,0.7216796875,-0.266845703125,Get ready
1713448055.779145,0.651611328125,0.72314453125,-0.266357421875,Get ready
1713448055.822019,0.64208984375,0.72265625,-0.259521484375,Get ready
1713448055.856085,0.65185546875,0.727294921875,-0.257568359375,Get ready
1713448055.895504,0.644775390625,0.726318359375,-0.256591796875,Get ready
1713448055.935746,0.64599609375,0.72802734375,-0.258056640625,Get ready
1713448055.975847,0.65283203125,0.72705078125,-0.253662109375,Get ready
1713448056.020495,0.652587890625,0.725341796875,-0.25244140625,Get ready
1713448056.057053,0.6533203125,0.722900390625,-0.242919921875,Get ready
1713448056.095913,0.654296875,0.720458984375,-0.2412109375,Get ready
1713448056.138627,0.648681640625,0.7236328125,-0.245849609375,Get ready
1713448056.183204,0.659423828125,0.72998046875,-0.2568359375,Get ready
1713448056.217105,0.65283203125,0.7265625,-0.25390625,Get ready
1713448056.268169,0.65966796875,0.720703125,-0.260986328125,Get ready
1713448056.298563,0.65625,0.717529296875,-0.256591796875,Get ready
1713448056.352282,0.661376953125,0.71533203125,-0.259033203125,Get ready
1713448056.378844,0.6611328125,0.719482421875,-0.253173828125,Get ready
1713448056.422633,0.658447265625,0.720947265625,-0.258056640625,Get ready
1713448056.457959,0.66259765625,0.72412109375,-0.251220703125,Get ready
1713448056.497193,0.66064453125,0.7255859375,-0.24609375,Get ready
1713448056.536961,0.656005859375,0.72265625,-0.2470703125,Get ready
1713448056.575991,0.65283203125,0.719970703125,-0.25439453125,Get ready
1713448056.619962,0.654296875,0.725830078125,-0.2509765625,Get ready
1713448056.656911,0.64990234375,0.725830078125,-0.252197265625,Get ready
1713448056.698382,0.64990234375,0.729248046875,-0.25390625,Get ready
1713448056.737063,0.650634765625,0.7265625,-0.251220703125,Get ready
1713448056.781335,0.648681640625,0.728515625,-0.2548828125,Get ready
1713448056.822875,0.64794921875,0.728515625,-0.25390625,Get ready
1713448056.869436,0.648193359375,0.730712890625,-0.26025390625,Get ready
1713448056.906772,0.646240234375,0.728759765625,-0.256591796875,Get ready
1713448056.938576,0.649169921875,0.723876953125,-0.25537109375,Get ready
1713448056.980271,0.649658203125,0.727783203125,-0.255859375,Get ready
1713448057.019037,0.650390625,0.73095703125,-0.25146484375,Get ready
1713448057.059911,0.643310546875,0.7275390625,-0.259765625,Get ready
1713448057.099437,0.64013671875,0.73193359375,-0.261962890625,Get ready
1713448057.140986,0.640625,0.734619140625,-0.263427734375,Get ready
1713448057.183762,0.637451171875,0.738525390625,-0.266357421875,Get ready
1713448057.226671,0.634033203125,0.736328125,-0.2587890625,Get ready
1713448057.258627,0.638671875,0.736572265625,-0.25732421875,Get ready
1713448057.298029,0.642822265625,0.735107421875,-0.258056640625,Get ready
1713448057.340873,0.639892578125,0.732666015625,-0.257080078125,Get ready
1713448057.377949,0.64111328125,0.72900390625,-0.257568359375,Get ready
1713448057.417889,0.6494140625,0.73046875,-0.259521484375,Get ready
1713448057.461089,0.6455078125,0.728759765625,-0.268310546875,Get ready
1713448057.499009,0.63916015625,0.72705078125,-0.2646484375,Get ready
1713448057.539988,0.643798828125,0.727783203125,-0.26953125,Get ready
1713448057.580228,0.637451171875,0.726318359375,-0.25927734375,Get ready
1713448057.620483,0.645751953125,0.7412109375,-0.261962890625,Get ready
1713448057.662853,0.631591796875,0.72900390625,-0.259765625,Get ready
1713448057.700836,0.63916015625,0.732421875,-0.269287109375,Get ready
1713448057.743873,0.643798828125,0.72998046875,-0.258544921875,Get ready
1713448057.780065,0.628662109375,0.73486328125,-0.239013671875,Get ready
1713448057.819085,0.626953125,0.75146484375,-0.24560546875,Get ready
1713448057.862808,0.619140625,0.757568359375,-0.263671875,Get ready
1713448057.899271,0.618408203125,0.75390625,-0.26904296875,Get ready
1713448057.95059,0.633056640625,0.7490234375,-0.259765625,Get ready
1713448057.984127,0.63818359375,0.742919921875,-0.24658203125,Get ready
1713448058.022721,0.63623046875,0.738037109375,-0.24169921875,Get ready
1713448058.059595,0.642822265625,0.742431640625,-0.253662109375,Get ready
1713448058.101289,0.642333984375,0.738525390625,-0.259521484375,Get ready
1713448058.141335,0.643798828125,0.7314453125,-0.26123046875,Get ready
1713448058.190213,0.64306640625,0.733154296875,-0.250732421875,Get ready
1713448058.221859,0.655029296875,0.7275390625,-0.256103515625,Get ready
1713448058.262179,0.638671875,0.719482421875,-0.260498046875,Get ready
1713448058.300441,0.646240234375,0.7216796875,-0.258544921875,Get ready
1713448058.341234,0.651611328125,0.725830078125,-0.25048828125,Get ready
1713448058.384594,0.654296875,0.727294921875,-0.256591796875,Get ready
1713448058.420178,0.657470703125,0.728759765625,-0.252197265625,Get ready
1713448058.464992,0.650634765625,0.730712890625,-0.26123046875,Get ready
1713448058.499348,0.63671875,0.725830078125,-0.2578125,Get ready
1713448058.539364,0.636474609375,0.727294921875,-0.2607421875,Get ready
1713448058.581582,0.642578125,0.733154296875,-0.2626953125,Get ready
1713448058.618634,0.638427734375,0.73388671875,-0.26318359375,Get ready
1713448058.661297,0.64404296875,0.73486328125,-0.263671875,Get ready
1713448058.702368,0.647216796875,0.736083984375,-0.2578125,Get ready
1713448058.739908,0.63916015625,0.73095703125,-0.26220703125,Get ready
1713448058.780161,0.634765625,0.72900390625,-0.26416015625,Get ready
1713448058.822921,0.64208984375,0.736572265625,-0.2607421875,Get ready
1713448058.861978,0.64306640625,0.734619140625,-0.26171875,Get ready
1713448058.90859,0.638671875,0.727294921875,-0.2568359375,Get ready
1713448058.944027,0.646240234375,0.728515625,-0.25732421875,Get ready
1713448058.982244,0.647705078125,0.7294921875,-0.2490234375,Get ready
1713448059.021863,0.655029296875,0.729248046875,-0.245361328125,Get ready
1713448059.061148,0.65673828125,0.72900390625,-0.2529296875,Get ready
1713448059.100073,0.6513671875,0.7265625,-0.250732421875,Get ready
1713448059.139366,0.651611328125,0.72705078125,-0.251220703125,Get ready
1713448059.177944,0.644287109375,0.727783203125,-0.26123046875,Get ready
1713448059.220246,0.645263671875,0.725830078125,-0.26025390625,Get ready
1713448059.2591,0.6474609375,0.729248046875,-0.257568359375,Get ready
1713448059.301392,0.64892578125,0.724609375,-0.25830078125,Get ready
1713448059.33903,0.64599609375,0.726806640625,-0.257568359375,Get ready
1713448059.381152,0.654296875,0.73193359375,-0.257080078125,Get ready
1713448059.421982,0.64990234375,0.732666015625,-0.25341796875,Get ready
1713448059.461155,0.65234375,0.73486328125,-0.261962890625,Get ready
1713448059.504598,0.644775390625,0.728759765625,-0.25927734375,Get ready
1713448059.542373,0.646240234375,0.72607421875,-0.256103515625,Get ready
1713448059.580269,0.65234375,0.72607421875,-0.259521484375,Get ready
1713448059.621214,0.657470703125,0.73095703125,-0.259521484375,Get ready
1713448059.66127,0.63623046875,0.7236328125,-0.257080078125,Get ready
1713448059.700966,0.644775390625,0.730712890625,-0.26953125,Get ready
1713448059.740191,0.64111328125,0.729248046875,-0.269775390625,Get ready
1713448059.778947,0.636474609375,0.729736328125,-0.276123046875,Get ready
1713448059.822774,0.646728515625,0.7353515625,-0.269775390625,Get ready
1713448059.858302,0.638671875,0.73095703125,-0.267333984375,Get ready
1713448059.898239,0.639404296875,0.730224609375,-0.268310546875,Get ready
1713448059.938312,0.638916015625,0.728271484375,-0.269287109375,Get ready
1713448059.987005,0.640869140625,0.731689453125,-0.263916015625,Get ready
1713448060.025109,0.650146484375,0.732177734375,-0.262451171875,Get ready
1713448060.063219,0.65185546875,0.733154296875,-0.255126953125,Get ready
1713448060.099992,0.6435546875,0.7333984375,-0.251708984375,Get ready
1713448060.139902,0.650146484375,0.73046875,-0.253662109375,Get ready
1713448060.18052,0.64453125,0.7275390625,-0.251220703125,Get ready
1713448060.220751,0.64453125,0.729248046875,-0.25244140625,Get ready
1713448060.259893,0.648681640625,0.731201171875,-0.251220703125,Get ready
1713448060.301046,0.6484375,0.731201171875,-0.253662109375,Get ready
1713448060.339967,0.644287109375,0.731201171875,-0.25390625,Get ready
1713448060.378887,0.641357421875,0.732177734375,-0.259765625,Get ready
1713448060.418612,0.637451171875,0.73486328125,-0.259521484375,Get ready
1713448060.462059,0.643310546875,0.737060546875,-0.255615234375,Get ready
1713448060.498002,0.6396484375,0.73779296875,-0.256103515625,Get ready
1713448060.539355,0.640380859375,0.735107421875,-0.25537109375,Get ready
1713448060.578938,0.643310546875,0.73291015625,-0.2509765625,Get ready
1713448060.619389,0.64599609375,0.729736328125,-0.252197265625,Get ready
1713448060.665913,0.6416015625,0.732177734375,-0.256591796875,Get ready
1713448060.703289,0.644775390625,0.73291015625,-0.252685546875,Get ready
1713448060.743231,0.639892578125,0.732421875,-0.251708984375,Get ready
1713448060.781444,0.64013671875,0.735107421875,-0.252197265625,Get ready
1713448060.823803,0.6455078125,0.734619140625,-0.257080078125,Get ready
1713448060.863369,0.6396484375,0.733642578125,-0.25537109375,Get ready
1713448060.901867,0.64306640625,0.73095703125,-0.254638671875,Get ready
1713448060.942508,0.648681640625,0.7333984375,-0.249755859375,Get ready
1713448060.980935,0.648193359375,0.730224609375,-0.252197265625,Get ready
1713448061.020232,0.64599609375,0.731201171875,-0.2421875,Get ready
1713448061.05903,0.6533203125,0.7353515625,-0.24560546875,Get ready
1713448061.099912,0.646728515625,0.732666015625,-0.2470703125,Get ready
1713448061.143757,0.64404296875,0.73046875,-0.25244140625,Get ready
1713448061.182357,0.6474609375,0.73583984375,-0.251708984375,Get ready
1713448061.221108,0.64697265625,0.734619140625,-0.2548828125,Get ready
1713448061.261764,0.645263671875,0.72705078125,-0.251953125,Get ready
1713448061.31233,0.652099609375,0.730224609375,-0.248291015625,Get ready
1713448061.347253,0.653076171875,0.733154296875,-0.25,Get ready
1713448061.387661,0.647216796875,0.726318359375,-0.2529296875,Get ready
1713448061.42516,0.65087890625,0.728759765625,-0.251708984375,Get ready
1713448061.465212,0.648193359375,0.725341796875,-0.24755859375,Get ready
1713448061.503557,0.650634765625,0.718994140625,-0.251708984375,Get ready
1713448061.543114,0.646240234375,0.72900390625,-0.2470703125,Get ready
1713448061.582241,0.6552734375,0.7294921875,-0.25341796875,Get ready
1713448061.624341,0.648193359375,0.7275390625,-0.253662109375,Get ready
1713448061.661907,0.649658203125,0.728271484375,-0.25048828125,Get ready
1713448061.702659,0.650146484375,0.728759765625,-0.249755859375,Get ready
1713448061.742106,0.64990234375,0.725830078125,-0.25390625,Get ready
1713448061.780369,0.644287109375,0.730712890625,-0.254150390625,Get ready
1713448061.820451,0.650146484375,0.731689453125,-0.254638671875,Get ready
1713448061.861218,0.643798828125,0.730712890625,-0.248046875,Get ready
1713448061.901003,0.645751953125,0.732177734375,-0.251220703125,Get ready
1713448061.940858,0.645263671875,0.73779296875,-0.249755859375,Get ready
1713448061.981983,0.64453125,0.736328125,-0.25341796875,Get ready
1713448062.023058,0.64501953125,0.728759765625,-0.25244140625,Get ready
1713448062.069013,0.642333984375,0.7294921875,-0.253173828125,Get ready
1713448062.102891,0.648681640625,0.728759765625,-0.249267578125,Get ready
1713448062.143021,0.64990234375,0.72998046875,-0.24755859375,Get ready
1713448062.184034,0.63330078125,0.7451171875,-0.2568359375,Get ready
1713448062.223606,0.643798828125,0.722900390625,-0.25341796875,Get ready
1713448062.263826,0.64501953125,0.727294921875,-0.2431640625,Get ready
1713448062.30352,0.657470703125,0.73486328125,-0.2470703125,Get ready
1713448062.3423,0.650146484375,0.72705078125,-0.247314453125,Get ready
1713448062.386699,0.64794921875,0.72412109375,-0.244873046875,Get ready
1713448062.423752,0.6552734375,0.731201171875,-0.2392578125,Get ready
1713448062.46368,0.6533203125,0.729736328125,-0.24853515625,Get ready
1713448062.503951,0.642333984375,0.73095703125,-0.244873046875,Get ready
1713448062.556531,0.654052734375,0.735595703125,-0.2509765625,Get ready
1713448062.582532,0.64599609375,0.732666015625,-0.24853515625,Get ready
1713448062.631049,0.644775390625,0.73193359375,-0.2529296875,Get ready
1713448062.667981,0.6474609375,0.737060546875,-0.248779296875,Get ready
1713448062.708062,0.643798828125,0.732177734375,-0.24951171875,Get ready
1713448062.748346,0.649169921875,0.7333984375,-0.248291015625,Get ready
1713448062.785006,0.6513671875,0.727783203125,-0.24560546875,Get ready
1713448062.824243,0.652587890625,0.728759765625,-0.243408203125,Get ready
1713448062.867468,0.66357421875,0.730224609375,-0.24072265625,Get ready
1713448062.903911,0.670166015625,0.720458984375,-0.246337890625,Get ready
1713448062.943952,0.653564453125,0.7177734375,-0.243408203125,Get ready
1713448062.983357,0.677490234375,0.709716796875,-0.24755859375,Get ready
1713448063.026735,0.639892578125,0.706298828125,-0.22509765625,Get ready
1713448063.061494,0.664794921875,0.729248046875,-0.229248046875,Get ready
1713448063.101772,0.64697265625,0.71728515625,-0.244873046875,Get ready
1713448063.141105,0.626953125,0.7333984375,-0.237060546875,Get ready
1713448063.181932,0.635498046875,0.763916015625,-0.247314453125,Get ready
1713448063.226983,0.6181640625,0.76513671875,-0.253662109375,Get ready
1713448063.264368,0.59912109375,0.774169921875,-0.25341796875,Get ready
1713448063.303336,0.619384765625,0.77490234375,-0.28369140625,Get ready
1713448063.345243,0.608642578125,0.7587890625,-0.281494140625,Get ready
1713448063.387399,0.614013671875,0.752685546875,-0.26220703125,Get ready
1713448063.422857,0.614501953125,0.748291015625,-0.2607421875,Get ready
1713448063.467796,0.60400390625,0.7431640625,-0.26318359375,Get ready
1713448063.503893,0.5947265625,0.7373046875,-0.262939453125,Get ready
1713448063.557901,0.606689453125,0.750244140625,-0.266357421875,Get ready
1713448063.583617,0.6064453125,0.754638671875,-0.271484375,Get ready
1713448063.63351,0.5908203125,0.73876953125,-0.288818359375,Get ready
1713448063.662054,0.60986328125,0.736083984375,-0.281982421875,Get ready
1713448063.710862,0.608642578125,0.739501953125,-0.2705078125,Get ready
1713448063.750262,0.61572265625,0.7431640625,-0.2900390625,Get ready
1713448063.787622,0.60400390625,0.755615234375,-0.275634765625,Get ready
1713448063.826753,0.627685546875,0.756103515625,-0.290283203125,Get ready
1713448063.866317,0.62841796875,0.753662109375,-0.308837890625,Get ready
1713448063.906495,0.62060546875,0.73681640625,-0.3310546875,Get ready
1713448063.945581,0.63525390625,0.72998046875,-0.34033203125,Get ready
1713448063.984586,0.576904296875,0.724365234375,-0.329833984375,Get ready
1713448064.02465,0.623291015625,0.744140625,-0.350830078125,Get ready
1713448064.064992,0.617431640625,0.7412109375,-0.36572265625,Get ready
1713448064.104414,0.608154296875,0.730224609375,-0.360107421875,Get ready
1713448064.145059,0.615966796875,0.7275390625,-0.3466796875,Get ready
1713448064.186729,0.607177734375,0.724609375,-0.35400390625,Get ready
1713448064.228017,0.628662109375,0.719482421875,-0.3544921875,Get ready
1713448064.264881,0.636474609375,0.710693359375,-0.308349609375,Get ready
1713448064.30564,0.65283203125,0.712646484375,-0.287841796875,Get ready
1713448064.342878,0.653564453125,0.716552734375,-0.271484375,Get ready
1713448064.383745,0.6455078125,0.714111328125,-0.281005859375,Get ready
1713448064.421986,0.64453125,0.716796875,-0.294921875,Get ready
1713448064.462633,0.6416015625,0.712646484375,-0.286865234375,Get ready
1713448064.507019,0.633056640625,0.7109375,-0.2646484375,Get ready
1713448064.543367,0.645751953125,0.723388671875,-0.262451171875,Get ready
1713448064.585891,0.65283203125,0.722900390625,-0.277099609375,Get ready
1713448064.623952,0.654296875,0.725830078125,-0.278076171875,Get ready
1713448064.664504,0.649658203125,0.718505859375,-0.27587890625,Get ready
1713448064.705606,0.657958984375,0.722900390625,-0.286376953125,Get ready
1713448064.745089,0.650634765625,0.718505859375,-0.28759765625,Get ready
1713448064.785404,0.6474609375,0.731201171875,-0.291015625,Get ready
1713448064.826552,0.666015625,0.7392578125,-0.27099609375,Get ready
1713448064.864895,0.65771484375,0.711181640625,-0.33154296875,Get ready
1713448064.904871,0.641357421875,0.68798828125,-0.301513671875,Get ready
1713448064.9443,0.646484375,0.689208984375,-0.293212890625,Get ready
1713448064.983552,0.630859375,0.6904296875,-0.281494140625,Get ready
1713448065.022903,0.635009765625,0.709716796875,-0.294921875,Get ready
1713448065.06402,0.627685546875,0.723388671875,-0.296630859375,Get ready
1713448065.104596,0.625732421875,0.744140625,-0.316650390625,Get ready
1713448065.147776,0.623779296875,0.73828125,-0.31787109375,Get ready
1713448065.185431,0.62353515625,0.737548828125,-0.335205078125,Get ready
1713448065.227047,0.6376953125,0.7197265625,-0.3486328125,Get ready
1713448065.264922,0.6435546875,0.695068359375,-0.317138671875,Get ready
1713448065.30521,0.65087890625,0.70751953125,-0.288330078125,Get ready
1713448065.34821,0.658447265625,0.69580078125,-0.29296875,Get ready
1713448065.385889,0.65380859375,0.686767578125,-0.274658203125,Get ready
1713448065.426777,0.64892578125,0.7001953125,-0.2802734375,Get ready
1713448065.466061,0.664306640625,0.713623046875,-0.29736328125,Get ready
1713448065.518599,0.6640625,0.719482421875,-0.30859375,Get ready
1713448065.548759,0.6552734375,0.71826171875,-0.302978515625,Get ready
1713448065.585051,0.651123046875,0.70849609375,-0.294677734375,Get ready
1713448065.625817,0.648193359375,0.697265625,-0.295166015625,Get ready
1713448065.663398,0.6552734375,0.705810546875,-0.293701171875,Get ready
1713448065.705968,0.65478515625,0.712646484375,-0.289794921875,Get ready
1713448065.743313,0.648681640625,0.71240234375,-0.293212890625,Get ready
1713448065.783103,0.64501953125,0.70751953125,-0.28564453125,Get ready
1713448065.826582,0.661865234375,0.713134765625,-0.278076171875,Get ready
1713448065.863988,0.65673828125,0.711181640625,-0.27099609375,Get ready
1713448065.904731,0.662841796875,0.721435546875,-0.272705078125,Get ready
1713448065.954693,0.6376953125,0.723876953125,-0.298095703125,Get ready
1713448065.984551,0.660888671875,0.720458984375,-0.278076171875,Get ready
1713448066.024863,0.65234375,0.691162109375,-0.299072265625,Get ready
1713448066.067199,0.658935546875,0.7080078125,-0.263916015625,Get ready
1713448066.10633,0.66357421875,0.729248046875,-0.27197265625,Get ready
1713448066.14609,0.64697265625,0.72705078125,-0.271728515625,Get ready
1713448066.186383,0.63427734375,0.727783203125,-0.283935546875,Get ready
1713448066.224304,0.62548828125,0.72900390625,-0.299072265625,Get ready
1713448066.265575,0.6279296875,0.735595703125,-0.279296875,Get ready
1713448066.303735,0.62646484375,0.736083984375,-0.273193359375,Get ready
1713448066.343206,0.636962890625,0.733642578125,-0.283935546875,Get ready
1713448066.383915,0.6416015625,0.7197265625,-0.30859375,Get ready
1713448066.424298,0.642333984375,0.715087890625,-0.294677734375,Get ready
1713448066.464942,0.646240234375,0.718017578125,-0.283447265625,Get ready
1713448066.504987,0.654296875,0.72802734375,-0.283447265625,Get ready
1713448066.547302,0.645751953125,0.728515625,-0.283447265625,Get ready
1713448066.590252,0.650634765625,0.724853515625,-0.283935546875,Get ready
1713448066.626244,0.64208984375,0.718017578125,-0.279541015625,Get ready
1713448066.666172,0.643798828125,0.719970703125,-0.27880859375,Get ready
1713448066.708243,0.640625,0.721435546875,-0.272705078125,Get ready
1713448066.746142,0.6416015625,0.729248046875,-0.272705078125,Get ready
1713448066.787116,0.635986328125,0.73046875,-0.264404296875,Get ready
1713448066.826469,0.639892578125,0.74609375,-0.267578125,Get ready
1713448066.867056,0.63037109375,0.741455078125,-0.272216796875,Get ready
1713448066.908384,0.629638671875,0.73779296875,-0.2763671875,Get ready
1713448066.946104,0.63427734375,0.74072265625,-0.270263671875,Get ready
1713448066.986987,0.630126953125,0.73291015625,-0.274169921875,Get ready
1713448067.0244,0.63232421875,0.73876953125,-0.278564453125,Get ready
1713448067.06592,0.6337890625,0.736572265625,-0.274169921875,Get ready
1713448067.104722,0.634521484375,0.732666015625,-0.273193359375,Get ready
1713448067.14499,0.635986328125,0.728759765625,-0.279296875,Get ready
1713448067.193324,0.639404296875,0.731201171875,-0.2734375,Get ready
1713448067.232464,0.63427734375,0.73046875,-0.277587890625,Get ready
1713448067.267227,0.63720703125,0.734619140625,-0.271484375,Get ready
1713448067.315045,0.64111328125,0.7373046875,-0.276123046875,Get ready
1713448067.350955,0.63427734375,0.72607421875,-0.272216796875,Get ready
1713448067.389271,0.63525390625,0.727783203125,-0.2646484375,Get ready
1713448067.430459,0.635986328125,0.73193359375,-0.274658203125,Get ready
1713448067.469941,0.633056640625,0.73046875,-0.275390625,Get ready
1713448067.506717,0.63671875,0.73291015625,-0.27392578125,Get ready
1713448067.55052,0.635986328125,0.73388671875,-0.276611328125,Get ready
1713448067.584796,0.635986328125,0.72998046875,-0.278076171875,Get ready
1713448067.627636,0.64013671875,0.734619140625,-0.275634765625,Get ready
1713448067.667982,0.635986328125,0.739013671875,-0.273681640625,Get ready
1713448067.707829,0.63525390625,0.7353515625,-0.284423828125,Get ready
1713448067.744217,0.626953125,0.7275390625,-0.27880859375,Get ready
1713448067.786154,0.634033203125,0.730712890625,-0.2744140625,Get ready
1713448067.826468,0.6376953125,0.732177734375,-0.272705078125,Get ready
1713448067.866938,0.63037109375,0.7314453125,-0.2734375,Get ready
1713448067.905117,0.642822265625,0.73828125,-0.276123046875,Get ready
1713448067.945062,0.63134765625,0.72802734375,-0.279541015625,Get ready
1713448067.985466,0.63330078125,0.732421875,-0.275146484375,Get ready
1713448068.026206,0.632080078125,0.734130859375,-0.277099609375,Get ready
1713448068.06585,0.630859375,0.7314453125,-0.278564453125,Get ready
1713448068.10699,0.636474609375,0.735595703125,-0.275390625,Get ready
1713448068.146664,0.636962890625,0.733642578125,-0.276611328125,Get ready
1713448068.184441,0.63232421875,0.729248046875,-0.27734375,Get ready
1713448068.225753,0.635009765625,0.72802734375,-0.2763671875,Get ready
1713448068.264265,0.6357421875,0.72998046875,-0.27197265625,Get ready
1713448068.306237,0.6318359375,0.733154296875,-0.272216796875,Get ready
1713448068.346138,0.638916015625,0.736083984375,-0.275634765625,Get ready
1713448068.385054,0.633056640625,0.7333984375,-0.277587890625,Get ready
1713448068.427949,0.634033203125,0.728515625,-0.27880859375,Get ready
1713448068.468307,0.640380859375,0.732421875,-0.27294921875,Get ready
1713448068.508655,0.640869140625,0.7314453125,-0.27978515625,Get ready
1713448068.547071,0.6328125,0.73193359375,-0.27685546875,Get ready
1713448068.586987,0.63671875,0.7353515625,-0.276611328125,Get ready
1713448068.629692,0.631591796875,0.732421875,-0.27734375,Get ready
1713448068.669619,0.634765625,0.7353515625,-0.27880859375,Get ready
1713448068.712089,0.630615234375,0.734619140625,-0.27587890625,Get ready
1713448068.75206,0.63232421875,0.73486328125,-0.276611328125,Get ready
1713448068.7933,0.635986328125,0.733642578125,-0.276611328125,Get ready
1713448068.83417,0.631591796875,0.733154296875,-0.279052734375,Get ready
1713448068.87574,0.638427734375,0.73583984375,-0.27392578125,Get ready
1713448068.906353,0.633544921875,0.730712890625,-0.2744140625,Get ready
1713448068.948222,0.632568359375,0.730224609375,-0.277587890625,Get ready
1713448068.987142,0.636474609375,0.73291015625,-0.2783203125,Get ready
1713448069.038059,0.63525390625,0.736083984375,-0.268310546875,Get ready
1713448069.068923,0.634521484375,0.73486328125,-0.27392578125,Get ready
1713448069.11509,0.634521484375,0.7314453125,-0.273681640625,Get ready
1713448069.150896,0.6396484375,0.729248046875,-0.27099609375,Get ready
1713448069.187017,0.638916015625,0.730712890625,-0.27001953125,Get ready
1713448069.229761,0.637939453125,0.7265625,-0.26904296875,Get ready
1713448069.269964,0.63916015625,0.73486328125,-0.268798828125,Get ready
1713448069.309448,0.6396484375,0.733642578125,-0.27392578125,Get ready
1713448069.351894,0.632080078125,0.7353515625,-0.274169921875,Get ready
1713448069.392466,0.634521484375,0.737060546875,-0.274169921875,Get ready
1713448069.434004,0.6337890625,0.735107421875,-0.273193359375,Get ready
1713448069.468261,0.633544921875,0.735595703125,-0.271728515625,Get ready
1713448069.507213,0.63134765625,0.734375,-0.2763671875,Get ready
1713448069.55385,0.632568359375,0.733642578125,-0.273193359375,Get ready
1713448069.586943,0.6376953125,0.73388671875,-0.271484375,Get ready
1713448069.62801,0.63623046875,0.730712890625,-0.271728515625,Get ready
1713448069.668212,0.634033203125,0.736328125,-0.274169921875,Get ready
1713448069.711411,0.631103515625,0.733642578125,-0.273193359375,Get ready
1713448069.752011,0.63720703125,0.7353515625,-0.272705078125,Get ready
1713448069.789217,0.6328125,0.737060546875,-0.2705078125,Get ready
1713448069.834587,0.635986328125,0.73876953125,-0.275390625,Get ready
1713448069.876198,0.630859375,0.732666015625,-0.275390625,Get ready
1713448069.915888,0.637939453125,0.733154296875,-0.273193359375,Get ready
1713448069.958143,0.6396484375,0.73193359375,-0.267578125,Get ready
1713448069.989824,0.64111328125,0.7333984375,-0.2705078125,Get ready
1713448070.039506,0.631591796875,0.729248046875,-0.268310546875,Get ready
1713448070.070745,0.637451171875,0.73291015625,-0.271240234375,Get ready
1713448070.113323,0.632568359375,0.736328125,-0.27001953125,Get ready
1713448070.150067,0.631103515625,0.735595703125,-0.27685546875,Get ready
1713448070.188272,0.6318359375,0.734130859375,-0.275390625,Get ready
1713448070.22787,0.63134765625,0.73681640625,-0.27197265625,Get ready
1713448070.269779,0.6357421875,0.73583984375,-0.27490234375,Get ready
1713448070.308896,0.6337890625,0.7333984375,-0.273193359375,Get ready
1713448070.351738,0.63671875,0.7333984375,-0.27001953125,Get ready
1713448070.391878,0.63671875,0.733154296875,-0.267822265625,Get ready
1713448070.433166,0.637939453125,0.733154296875,-0.266845703125,Get ready
1713448070.473331,0.636474609375,0.732666015625,-0.2685546875,Get ready
1713448070.509039,0.626708984375,0.731689453125,-0.269775390625,Get ready
1713448070.54982,0.63525390625,0.730712890625,-0.27294921875,Get ready
1713448070.589976,0.6337890625,0.734619140625,-0.270263671875,Get ready
1713448070.630643,0.63671875,0.73876953125,-0.270751953125,Get ready
1713448070.672146,0.633056640625,0.7353515625,-0.2724609375,Get ready
1713448070.711142,0.635498046875,0.73095703125,-0.2734375,Get ready
1713448070.752284,0.642333984375,0.73095703125,-0.268310546875,Get ready
1713448070.791805,0.6396484375,0.7265625,-0.268798828125,Get ready
1713448070.828503,0.634033203125,0.729248046875,-0.264892578125,Get ready
1713448070.869359,0.63720703125,0.736328125,-0.2783203125,Get ready
1713448070.910109,0.63134765625,0.733154296875,-0.27001953125,Get ready
1713448070.950257,0.6279296875,0.733154296875,-0.274658203125,Get ready
1713448070.991348,0.6318359375,0.73828125,-0.273193359375,Get ready
1713448071.030339,0.633056640625,0.736083984375,-0.271728515625,Get ready
1713448071.071286,0.634521484375,0.735595703125,-0.274169921875,Get ready
1713448071.111787,0.63671875,0.734130859375,-0.2705078125,Get ready
1713448071.152193,0.633544921875,0.734375,-0.27001953125,Get ready
1713448071.193068,0.63427734375,0.734130859375,-0.269775390625,Get ready
1713448071.232962,0.63525390625,0.735107421875,-0.273193359375,Get ready
1713448071.274617,0.63427734375,0.7353515625,-0.27392578125,Get ready
1713448071.316879,0.633056640625,0.73291015625,-0.275634765625,Get ready
1713448071.357176,0.63427734375,0.734619140625,-0.268798828125,Get ready
1713448071.395251,0.64013671875,0.74072265625,-0.2744140625,Get ready
1713448071.439946,0.6328125,0.7333984375,-0.276611328125,Get ready
1713448071.472194,0.6318359375,0.728515625,-0.271728515625,Get ready
1713448071.509689,0.6416015625,0.732666015625,-0.271728515625,Get ready
1713448071.549991,0.64013671875,0.73388671875,-0.265869140625,Get ready
1713448071.591485,0.630859375,0.73095703125,-0.2666015625,Get ready
1713448071.631339,0.6396484375,0.73828125,-0.271240234375,Get ready
1713448071.672971,0.6337890625,0.736572265625,-0.269775390625,Get ready
1713448071.713302,0.6279296875,0.73291015625,-0.271728515625,Get ready
1713448071.755889,0.634033203125,0.736328125,-0.269287109375,Get ready
1713448071.792224,0.64111328125,0.74267578125,-0.271240234375,Get ready
1713448071.831184,0.641357421875,0.7431640625,-0.273681640625,Get ready
1713448071.875975,0.635009765625,0.737548828125,-0.268798828125,Get ready
1713448071.913357,0.632568359375,0.734375,-0.266845703125,Get ready
1713448071.952824,0.630615234375,0.728759765625,-0.267578125,Get ready
1713448071.993446,0.637451171875,0.726318359375,-0.267578125,Get ready
1713448072.033418,0.645751953125,0.7412109375,-0.277587890625,Get ready
1713448072.073297,0.654296875,0.751220703125,-0.299072265625,Get ready
1713448072.112448,0.639892578125,0.726806640625,-0.27587890625,Get ready
1713448072.1521,0.64697265625,0.72314453125,-0.269287109375,Get ready
1713448072.191955,0.64453125,0.7216796875,-0.269287109375,Get ready
1713448072.233355,0.641845703125,0.717041015625,-0.273681640625,Get ready
1713448072.272615,0.6396484375,0.71435546875,-0.274658203125,Get ready
1713448072.312957,0.63720703125,0.7109375,-0.27099609375,Get ready
1713448072.35405,0.64208984375,0.717529296875,-0.261962890625,Get ready
1713448072.394584,0.651611328125,0.730224609375,-0.27197265625,Get ready
1713448072.436022,0.647705078125,0.72802734375,-0.2734375,Get ready
1713448072.478029,0.641357421875,0.72705078125,-0.26904296875,Get ready
1713448072.519744,0.643798828125,0.7275390625,-0.264892578125,Get ready
1713448072.559768,0.6435546875,0.7275390625,-0.262939453125,Get ready
1713448072.594453,0.646484375,0.726318359375,-0.280029296875,Get ready
1713448072.635399,0.656494140625,0.730224609375,-0.282470703125,Get ready
1713448072.686693,0.65087890625,0.72314453125,-0.275146484375,Get ready
1713448072.716886,0.644287109375,0.71142578125,-0.267333984375,Get ready
1713448072.761636,0.63818359375,0.716796875,-0.27490234375,Get ready
1713448072.794418,0.63671875,0.730712890625,-0.297119140625,Get ready
1713448072.836706,0.639404296875,0.72998046875,-0.290771484375,Get ready
1713448072.875795,0.62646484375,0.728515625,-0.2841796875,Get ready
1713448072.913832,0.625244140625,0.736328125,-0.29345703125,Get ready
1713448072.969354,0.6171875,0.734130859375,-0.2958984375,Get ready
1713448072.995623,0.617431640625,0.734619140625,-0.294677734375,Get ready
1713448073.034784,0.619384765625,0.730712890625,-0.2822265625,Get ready
1713448073.076649,0.623046875,0.732666015625,-0.282958984375,Get ready
1713448073.118593,0.626708984375,0.7294921875,-0.271484375,Get ready
1713448073.158616,0.6337890625,0.719970703125,-0.269287109375,Get ready
1713448073.199172,0.631103515625,0.705078125,-0.24169921875,Get ready
1713448073.239239,0.6572265625,0.721923828125,-0.239013671875,Get ready
1713448073.281758,0.666748046875,0.73876953125,-0.24853515625,Get ready
1713448073.323158,0.667724609375,0.74951171875,-0.267578125,Get ready
1713448073.365834,0.6474609375,0.742431640625,-0.27734375,Get ready
1713448073.396101,0.6318359375,0.731689453125,-0.28271484375,Get ready
1713448073.435069,0.619384765625,0.719970703125,-0.28515625,Get ready
1713448073.476067,0.622802734375,0.72509765625,-0.29833984375,Get ready
1713448073.51948,0.62158203125,0.72900390625,-0.2998046875,Get ready
1713448073.554783,0.626708984375,0.738037109375,-0.3056640625,Get ready
1713448073.595275,0.628662109375,0.7529296875,-0.29248046875,Get ready
1713448073.635877,0.634765625,0.756591796875,-0.29638671875,Get ready
1713448073.677866,0.606201171875,0.724853515625,-0.3173828125,Get ready
1713448073.717181,0.609375,0.71142578125,-0.303466796875,Get ready
1713448073.756809,0.633056640625,0.716552734375,-0.283203125,Get ready
1713448073.796745,0.65576171875,0.729736328125,-0.26953125,Get ready
1713448073.837794,0.660400390625,0.73779296875,-0.267578125,Get ready
1713448073.880895,0.63916015625,0.720703125,-0.25634765625,Get ready
1713448073.917038,0.64453125,0.738525390625,-0.2607421875,Get ready
1713448073.961587,0.62744140625,0.73828125,-0.26611328125,Get ready
1713448074.003439,0.615966796875,0.745849609375,-0.273193359375,Get ready
1713448074.049898,0.6123046875,0.747802734375,-0.287353515625,Get ready
1713448074.079546,0.61767578125,0.7421875,-0.302734375,Get ready
1713448074.122694,0.62109375,0.73193359375,-0.28515625,Get ready
1713448074.156789,0.633544921875,0.738037109375,-0.250244140625,Get ready
1713448074.196389,0.638671875,0.74462890625,-0.2548828125,Get ready
1713448074.237174,0.637939453125,0.74658203125,-0.264404296875,Get ready
1713448074.276833,0.6337890625,0.74853515625,-0.275634765625,Get ready
1713448074.319306,0.634521484375,0.739990234375,-0.27880859375,Get ready
1713448074.358299,0.628662109375,0.73486328125,-0.27783203125,Get ready
1713448074.398543,0.634521484375,0.732666015625,-0.28173828125,Get ready
1713448074.438425,0.63427734375,0.73291015625,-0.273193359375,Get ready
1713448074.479313,0.633544921875,0.732177734375,-0.26953125,Get ready
1713448074.520723,0.64501953125,0.730712890625,-0.2705078125,Get ready
1713448074.56274,0.633056640625,0.722412109375,-0.265869140625,Get ready
1713448074.606081,0.62890625,0.725830078125,-0.2568359375,Get ready
1713448074.64562,0.645751953125,0.743408203125,-0.26416015625,Get ready
1713448074.678723,0.640869140625,0.74609375,-0.28515625,Get ready
1713448074.726601,0.63232421875,0.7373046875,-0.294677734375,Get ready
1713448074.760007,0.6337890625,0.734130859375,-0.2939453125,Get ready
1713448074.801912,0.63720703125,0.723876953125,-0.28662109375,Get ready
1713448074.842763,0.630859375,0.7158203125,-0.2744140625,Get ready
1713448074.877883,0.639404296875,0.715576171875,-0.25439453125,Get ready
1713448074.918033,0.650146484375,0.7275390625,-0.246826171875,Get ready
1713448074.958788,0.654541015625,0.7373046875,-0.256591796875,Get ready
1713448075.000534,0.648193359375,0.740234375,-0.264892578125,Mouth closed
1713448075.041671,0.643798828125,0.735595703125,-0.266845703125,Mouth closed
1713448075.079926,0.638671875,0.73193359375,-0.270263671875,Mouth closed
1713448075.11979,0.629638671875,0.727783203125,-0.27001953125,Mouth closed
1713448075.163736,0.635986328125,0.730224609375,-0.2705078125,Mouth closed
1713448075.200768,0.63232421875,0.73779296875,-0.2724609375,Mouth closed
1713448075.251915,0.631103515625,0.73876953125,-0.2734375,Mouth closed
1713448075.284415,0.633544921875,0.739013671875,-0.278564453125,Mouth closed
1713448075.321752,0.633544921875,0.7412109375,-0.272705078125,Mouth closed
1713448075.362961,0.632568359375,0.7353515625,-0.272705078125,Mouth closed
1713448075.406197,0.635986328125,0.734375,-0.26904296875,Mouth closed
1713448075.439881,0.6357421875,0.732666015625,-0.26806640625,Mouth closed
1713448075.480816,0.64013671875,0.732177734375,-0.27001953125,Mouth closed
1713448075.518838,0.6435546875,0.736083984375,-0.2666015625,Mouth closed
1713448075.557939,0.640380859375,0.738525390625,-0.26416015625,Mouth closed
1713448075.598984,0.639892578125,0.735595703125,-0.269775390625,Mouth closed
1713448075.638775,0.633056640625,0.728271484375,-0.26904296875,Mouth closed
1713448075.680591,0.639892578125,0.734130859375,-0.267822265625,Mouth closed
1713448075.721205,0.64013671875,0.732177734375,-0.264404296875,Mouth closed
1713448075.760951,0.6396484375,0.731689453125,-0.26953125,Mouth closed
1713448075.803295,0.638671875,0.734619140625,-0.263427734375,Mouth closed
1713448075.842848,0.638671875,0.7373046875,-0.267578125,Mouth closed
1713448075.879893,0.634033203125,0.7353515625,-0.26416015625,Mouth closed
1713448075.9237,0.6337890625,0.73681640625,-0.265869140625,Mouth closed
1713448075.961702,0.637451171875,0.738525390625,-0.265869140625,Mouth closed
1713448076.001034,0.634765625,0.73486328125,-0.266845703125,Mouth closed
1713448076.043312,0.638671875,0.734375,-0.26708984375,Mouth closed
1713448076.079394,0.640380859375,0.737060546875,-0.259521484375,Mouth closed
1713448076.117908,0.637939453125,0.73193359375,-0.26171875,Mouth closed
1713448076.161546,0.64501953125,0.73779296875,-0.271240234375,Mouth closed
1713448076.201493,0.638916015625,0.731689453125,-0.26953125,Mouth closed
1713448076.241566,0.6396484375,0.73681640625,-0.264404296875,Mouth closed
1713448076.279928,0.636474609375,0.73291015625,-0.270751953125,Mouth closed
1713448076.324252,0.632568359375,0.729736328125,-0.26806640625,Mouth closed
1713448076.366292,0.640380859375,0.73291015625,-0.265869140625,Mouth closed
1713448076.407929,0.638427734375,0.730712890625,-0.26171875,Mouth closed
1713448076.451601,0.64111328125,0.734619140625,-0.260009765625,Mouth closed
1713448076.483825,0.638671875,0.737060546875,-0.26318359375,Mouth closed
1713448076.536538,0.636474609375,0.73193359375,-0.266845703125,Mouth closed
1713448076.562852,0.6337890625,0.73291015625,-0.265380859375,Mouth closed
1713448076.607935,0.633056640625,0.734375,-0.264892578125,Mouth closed
1713448076.642001,0.6357421875,0.735107421875,-0.266845703125,Mouth closed
1713448076.682547,0.64111328125,0.73681640625,-0.26611328125,Mouth closed
1713448076.724539,0.636962890625,0.73388671875,-0.268798828125,Mouth closed
1713448076.760566,0.64013671875,0.733642578125,-0.26611328125,Mouth closed
1713448076.799898,0.637939453125,0.73583984375,-0.264892578125,Mouth closed
1713448076.840613,0.640380859375,0.732421875,-0.265380859375,Mouth closed
1713448076.880127,0.641357421875,0.730224609375,-0.26611328125,Mouth closed
1713448076.924837,0.641357421875,0.736328125,-0.25927734375,Mouth closed
1713448076.965221,0.641845703125,0.741943359375,-0.267822265625,Mouth closed
1713448077.006735,0.63427734375,0.7333984375,-0.268798828125,Mouth closed
1713448077.0508,0.63720703125,0.731201171875,-0.262451171875,Mouth closed
1713448077.082953,0.636474609375,0.73291015625,-0.261474609375,Mouth closed
1713448077.12747,0.64111328125,0.73583984375,-0.262451171875,Mouth closed
1713448077.162305,0.63232421875,0.734619140625,-0.2578125,Mouth closed
1713448077.207388,0.64111328125,0.73974609375,-0.261962890625,Mouth closed
1713448077.242883,0.6357421875,0.734130859375,-0.26220703125,Mouth closed
1713448077.282705,0.636962890625,0.732421875,-0.263916015625,Mouth closed
1713448077.323855,0.6376953125,0.739013671875,-0.2607421875,Mouth closed
1713448077.363672,0.63916015625,0.73779296875,-0.264892578125,Mouth closed
1713448077.401091,0.6396484375,0.733642578125,-0.26416015625,Mouth closed
1713448077.440862,0.63671875,0.7353515625,-0.263916015625,Mouth closed
1713448077.489947,0.640625,0.735107421875,-0.2646484375,Mouth closed
1713448077.520744,0.638916015625,0.735595703125,-0.26220703125,Mouth closed
1713448077.576822,0.639404296875,0.734130859375,-0.26611328125,Mouth closed
1713448077.604058,0.638427734375,0.7353515625,-0.26513671875,Mouth closed
1713448077.641735,0.637451171875,0.732666015625,-0.259765625,Mouth closed
1713448077.683259,0.639892578125,0.7392578125,-0.26220703125,Mouth closed
1713448077.721848,0.63720703125,0.736328125,-0.26025390625,Mouth closed
1713448077.762772,0.63720703125,0.734619140625,-0.26318359375,Mouth closed
1713448077.803518,0.642578125,0.7294921875,-0.26220703125,Mouth closed
1713448077.843292,0.64111328125,0.7294921875,-0.260986328125,Mouth closed
1713448077.885838,0.638916015625,0.732666015625,-0.254638671875,Mouth closed
1713448077.924371,0.6455078125,0.73779296875,-0.26123046875,Mouth closed
1713448077.964323,0.642822265625,0.733642578125,-0.26318359375,Mouth closed
1713448078.015722,0.639892578125,0.732666015625,-0.258056640625,Mouth closed
1713448078.044447,0.638427734375,0.732177734375,-0.260498046875,Mouth closed
1713448078.089121,0.640869140625,0.73291015625,-0.2626953125,Mouth closed
1713448078.12311,0.642578125,0.730712890625,-0.262939453125,Mouth closed
1713448078.170478,0.641845703125,0.7294921875,-0.26025390625,Mouth closed
1713448078.20877,0.641357421875,0.730712890625,-0.258544921875,Mouth closed
1713448078.244496,0.643310546875,0.73388671875,-0.260986328125,Mouth closed
1713448078.287886,0.642333984375,0.733154296875,-0.25927734375,Mouth closed
1713448078.326784,0.643310546875,0.732177734375,-0.262939453125,Mouth closed
1713448078.371851,0.6416015625,0.730712890625,-0.2666015625,Mouth closed
1713448078.404924,0.64111328125,0.734619140625,-0.26123046875,Mouth closed
1713448078.450107,0.64208984375,0.735107421875,-0.258544921875,Mouth closed
1713448078.48923,0.64013671875,0.732177734375,-0.26220703125,Mouth closed
1713448078.527231,0.64111328125,0.728271484375,-0.261962890625,Mouth closed
1713448078.566951,0.643798828125,0.7275390625,-0.25927734375,Mouth closed
1713448078.607526,0.64501953125,0.729248046875,-0.2568359375,Mouth closed
1713448078.64592,0.643798828125,0.7294921875,-0.256591796875,Mouth closed
1713448078.686187,0.64306640625,0.733154296875,-0.257080078125,Mouth closed
1713448078.735358,0.6416015625,0.732666015625,-0.260498046875,Mouth closed
1713448078.763945,0.64013671875,0.729736328125,-0.258056640625,Mouth closed
1713448078.814433,0.64306640625,0.733154296875,-0.25732421875,Mouth closed
1713448078.85036,0.641845703125,0.734130859375,-0.25927734375,Mouth closed
1713448078.889657,0.644287109375,0.73095703125,-0.259765625,Mouth closed
1713448078.927663,0.64453125,0.730712890625,-0.255615234375,Mouth closed
1713448078.96744,0.64453125,0.730712890625,-0.255859375,Mouth closed
1713448079.007332,0.64599609375,0.728759765625,-0.2568359375,Mouth closed
1713448079.047101,0.64453125,0.7314453125,-0.251953125,Mouth closed
1713448079.087946,0.64404296875,0.733642578125,-0.255615234375,Mouth closed
1713448079.128622,0.643310546875,0.73291015625,-0.25439453125,Mouth closed
1713448079.169448,0.642822265625,0.73046875,-0.2578125,Mouth closed
1713448079.20699,0.640869140625,0.7353515625,-0.252197265625,Mouth closed
1713448079.248807,0.64892578125,0.737060546875,-0.26171875,Mouth closed
1713448079.289219,0.63525390625,0.729736328125,-0.264404296875,Mouth closed
1713448079.330427,0.64599609375,0.73046875,-0.256103515625,Mouth closed
1713448079.366796,0.648681640625,0.732177734375,-0.2529296875,Mouth closed
1713448079.405983,0.6416015625,0.732177734375,-0.254150390625,Mouth closed
1713448079.447178,0.637939453125,0.73388671875,-0.25390625,Mouth closed
1713448079.484753,0.646728515625,0.740478515625,-0.259765625,Mouth closed
1713448079.525414,0.639404296875,0.73681640625,-0.258544921875,Mouth closed
1713448079.565796,0.63916015625,0.73583984375,-0.256103515625,Mouth closed
1713448079.605936,0.637939453125,0.734130859375,-0.256103515625,Mouth closed
1713448079.651921,0.64599609375,0.735107421875,-0.258544921875,Mouth closed
1713448079.691781,0.639892578125,0.73291015625,-0.25390625,Mouth closed
1713448079.731167,0.64404296875,0.733154296875,-0.25634765625,Mouth closed
1713448079.767969,0.64306640625,0.733154296875,-0.252197265625,Mouth closed
1713448079.809387,0.640625,0.7353515625,-0.25390625,Mouth closed
1713448079.847526,0.642822265625,0.733642578125,-0.254150390625,Mouth closed
1713448079.900992,0.638916015625,0.733154296875,-0.25927734375,Mouth closed
1713448079.927847,0.636474609375,0.730224609375,-0.2607421875,Mouth closed
1713448079.978763,0.63671875,0.7373046875,-0.252197265625,Mouth closed
1713448080.015941,0.648193359375,0.742431640625,-0.259765625,Mouth closed
1713448080.044777,0.635986328125,0.729248046875,-0.2587890625,Mouth closed
1713448080.085521,0.640869140625,0.73046875,-0.2548828125,Mouth closed
1713448080.131598,0.644287109375,0.737548828125,-0.251953125,Mouth closed
1713448080.170081,0.6435546875,0.736572265625,-0.255859375,Mouth closed
1713448080.210084,0.63818359375,0.73193359375,-0.252685546875,Mouth closed
1713448080.247648,0.645751953125,0.7421875,-0.2568359375,Mouth closed
1713448080.287345,0.640380859375,0.7353515625,-0.25390625,Mouth closed
1713448080.328123,0.640380859375,0.733642578125,-0.255615234375,Mouth closed
1713448080.37887,0.639404296875,0.735595703125,-0.25244140625,Mouth closed
1713448080.407304,0.64208984375,0.735107421875,-0.2548828125,Mouth closed
1713448080.452463,0.64013671875,0.733642578125,-0.255126953125,Mouth closed
1713448080.494672,0.641357421875,0.73486328125,-0.2548828125,Mouth closed
1713448080.551465,0.63916015625,0.734130859375,-0.254150390625,Mouth closed
1713448080.569425,0.641357421875,0.7353515625,-0.256103515625,Mouth closed
1713448080.621529,0.63916015625,0.732666015625,-0.2509765625,Mouth closed
1713448080.648596,0.63720703125,0.735107421875,-0.253173828125,Mouth closed
1713448080.700754,0.637939453125,0.735107421875,-0.249267578125,Mouth closed
1713448080.728073,0.64599609375,0.738037109375,-0.255126953125,Mouth closed
1713448080.775979,0.642333984375,0.73388671875,-0.254638671875,Mouth closed
1713448080.808175,0.64306640625,0.732666015625,-0.25341796875,Mouth closed
1713448080.853654,0.649169921875,0.737060546875,-0.248046875,Mouth closed
1713448080.887696,0.6474609375,0.735107421875,-0.251708984375,Mouth closed
1713448080.937278,0.6396484375,0.73388671875,-0.249755859375,Mouth closed
1713448080.967745,0.646728515625,0.7392578125,-0.251708984375,Mouth closed
1713448081.008742,0.6396484375,0.731689453125,-0.25244140625,Mouth closed
1713448081.053502,0.641845703125,0.73388671875,-0.252197265625,Mouth closed
1713448081.093416,0.643310546875,0.740478515625,-0.2509765625,Mouth closed
1713448081.133819,0.64208984375,0.736328125,-0.25341796875,Mouth closed
1713448081.171551,0.64404296875,0.732666015625,-0.25390625,Mouth closed
1713448081.210012,0.64501953125,0.733154296875,-0.252197265625,Mouth closed
1713448081.249857,0.64404296875,0.7333984375,-0.25048828125,Mouth closed
1713448081.289124,0.644287109375,0.7314453125,-0.248779296875,Mouth closed
1713448081.328888,0.643798828125,0.736083984375,-0.252685546875,Mouth closed
1713448081.367547,0.643310546875,0.73193359375,-0.2529296875,Mouth closed
1713448081.410192,0.638427734375,0.734619140625,-0.25146484375,Mouth closed
1713448081.448085,0.646240234375,0.73974609375,-0.252197265625,Mouth closed
1713448081.497467,0.63818359375,0.736328125,-0.255859375,Mouth closed
1713448081.535354,0.64013671875,0.734130859375,-0.257568359375,Mouth closed
1713448081.570668,0.645751953125,0.7353515625,-0.247802734375,Mouth closed
1713448081.614508,0.64306640625,0.7294921875,-0.248779296875,Mouth closed
1713448081.650131,0.643310546875,0.729736328125,-0.248779296875,Mouth closed
1713448081.69063,0.645263671875,0.733154296875,-0.248779296875,Mouth closed
1713448081.731749,0.643310546875,0.734619140625,-0.250244140625,Mouth closed
1713448081.773104,0.644287109375,0.734619140625,-0.250732421875,Mouth closed
1713448081.811466,0.643310546875,0.733642578125,-0.25048828125,Mouth closed
1713448081.849636,0.64599609375,0.736328125,-0.25048828125,Mouth closed
1713448081.89217,0.644287109375,0.7333984375,-0.25244140625,Mouth closed
1713448081.930332,0.64306640625,0.732177734375,-0.250732421875,Mouth closed
1713448081.970083,0.642822265625,0.736083984375,-0.249755859375,Mouth closed
1713448082.011273,0.64404296875,0.733154296875,-0.2490234375,Mouth closed
1713448082.047972,0.641357421875,0.73291015625,-0.248291015625,Mouth closed
1713448082.089305,0.64599609375,0.734130859375,-0.246337890625,Mouth closed
1713448082.128819,0.64404296875,0.73486328125,-0.2529296875,Mouth closed
1713448082.171181,0.64208984375,0.735595703125,-0.247314453125,Mouth closed
1713448082.209743,0.648681640625,0.738525390625,-0.244140625,Mouth closed
1713448082.250356,0.64404296875,0.736328125,-0.250732421875,Mouth closed
1713448082.293198,0.6416015625,0.732421875,-0.25244140625,Mouth closed
1713448082.330727,0.650390625,0.730224609375,-0.249267578125,Mouth closed
1713448082.375274,0.6435546875,0.728759765625,-0.2451171875,Mouth closed
1713448082.414208,0.642578125,0.728271484375,-0.246826171875,Mouth closed
1713448082.451497,0.646728515625,0.735107421875,-0.251953125,Mouth closed
1713448082.490917,0.64453125,0.73388671875,-0.24951171875,Mouth closed
1713448082.531904,0.64208984375,0.733642578125,-0.2509765625,Mouth closed
1713448082.572019,0.645751953125,0.736328125,-0.2490234375,Mouth closed
1713448082.611039,0.64306640625,0.73583984375,-0.2490234375,Mouth closed
1713448082.656386,0.6435546875,0.732666015625,-0.249267578125,Mouth closed
1713448082.693864,0.646240234375,0.736328125,-0.249267578125,Mouth closed
1713448082.730814,0.645263671875,0.733642578125,-0.247314453125,Mouth closed
1713448082.772078,0.644287109375,0.734619140625,-0.246826171875,Mouth closed
1713448082.810107,0.6416015625,0.732421875,-0.244873046875,Mouth closed
1713448082.853107,0.64794921875,0.73388671875,-0.2529296875,Mouth closed
1713448082.89068,0.639892578125,0.73388671875,-0.25439453125,Mouth closed
1713448082.93164,0.643798828125,0.733642578125,-0.250244140625,Mouth closed
1713448082.972361,0.65087890625,0.7392578125,-0.248291015625,Mouth closed
1713448083.011897,0.642333984375,0.736328125,-0.252685546875,Mouth closed
1713448083.051771,0.64208984375,0.73193359375,-0.252685546875,Mouth closed
1713448083.091778,0.646240234375,0.728515625,-0.24609375,Mouth closed
1713448083.136885,0.643798828125,0.7353515625,-0.24658203125,Mouth closed
1713448083.173902,0.642578125,0.732177734375,-0.24609375,Mouth closed
1713448083.214785,0.64697265625,0.73828125,-0.24951171875,Mouth closed
1713448083.252963,0.640625,0.735595703125,-0.248046875,Mouth closed
1713448083.292879,0.638427734375,0.732421875,-0.25146484375,Mouth closed
1713448083.330709,0.64208984375,0.73974609375,-0.2490234375,Mouth closed
1713448083.369988,0.640869140625,0.737548828125,-0.250244140625,Mouth closed
1713448083.412664,0.644287109375,0.736083984375,-0.249267578125,Mouth closed
1713448083.461754,0.647705078125,0.734619140625,-0.243408203125,Mouth closed
1713448083.490791,0.6455078125,0.733154296875,-0.244140625,Mouth closed
1713448083.541067,0.6435546875,0.7314453125,-0.245361328125,Mouth closed
1713448083.579011,0.645263671875,0.7353515625,-0.24658203125,Mouth closed
1713448083.619633,0.644775390625,0.732421875,-0.25,Mouth closed
1713448083.658514,0.646484375,0.73486328125,-0.25,Mouth closed
1713448083.699407,0.641845703125,0.73828125,-0.244140625,Mouth closed
1713448083.73768,0.645751953125,0.738037109375,-0.25048828125,Mouth closed
1713448083.779694,0.641357421875,0.732666015625,-0.244384765625,Mouth closed
1713448083.815532,0.6484375,0.734130859375,-0.244140625,Mouth closed
1713448083.854934,0.64697265625,0.73486328125,-0.240966796875,Mouth closed
1713448083.895156,0.6484375,0.73388671875,-0.2470703125,Mouth closed
1713448083.933008,0.64794921875,0.7353515625,-0.241943359375,Mouth closed
1713448083.972955,0.649169921875,0.734130859375,-0.2451171875,Mouth closed
1713448084.016729,0.642578125,0.733642578125,-0.24658203125,Mouth closed
1713448084.051276,0.64404296875,0.736572265625,-0.245849609375,Mouth closed
1713448084.094039,0.646484375,0.741455078125,-0.24560546875,Mouth closed
1713448084.130768,0.646484375,0.734619140625,-0.247802734375,Mouth closed
1713448084.180183,0.645263671875,0.733642578125,-0.247802734375,Mouth closed
1713448084.217375,0.64599609375,0.7333984375,-0.2412109375,Mouth closed
1713448084.257204,0.64599609375,0.73291015625,-0.245361328125,Mouth closed
1713448084.29491,0.64599609375,0.732177734375,-0.2431640625,Mouth closed
1713448084.335018,0.644775390625,0.73388671875,-0.2421875,Mouth closed
1713448084.372793,0.642333984375,0.73486328125,-0.242919921875,Mouth closed
1713448084.413433,0.646240234375,0.736083984375,-0.243408203125,Mouth closed
1713448084.452902,0.642822265625,0.7353515625,-0.2412109375,Mouth closed
1713448084.494014,0.650390625,0.738037109375,-0.247314453125,Mouth closed
1713448084.532996,0.64453125,0.73583984375,-0.245849609375,Mouth closed
1713448084.573764,0.64697265625,0.733154296875,-0.246337890625,Mouth closed
1713448084.61106,0.65087890625,0.732421875,-0.2373046875,Mouth closed
1713448084.652103,0.648681640625,0.733642578125,-0.24169921875,Mouth closed
1713448084.690634,0.6435546875,0.728515625,-0.240478515625,Mouth closed
1713448084.732172,0.648193359375,0.734375,-0.248291015625,Mouth closed
1713448084.771768,0.6435546875,0.733154296875,-0.24658203125,Mouth closed
1713448084.816386,0.64697265625,0.737060546875,-0.245361328125,Mouth closed
1713448084.853081,0.645751953125,0.73583984375,-0.244384765625,Mouth closed
1713448084.89377,0.644287109375,0.738525390625,-0.242919921875,Mouth closed
1713448084.932985,0.646728515625,0.731201171875,-0.241455078125,Mouth closed
1713448084.972671,0.64990234375,0.732177734375,-0.240966796875,Mouth closed
1713448085.012848,0.6494140625,0.732421875,-0.24072265625,Mouth closed
1713448085.05663,0.6474609375,0.73388671875,-0.242431640625,Mouth closed
1713448085.094775,0.6474609375,0.7353515625,-0.2421875,Mouth closed
1713448085.133787,0.647216796875,0.735595703125,-0.245849609375,Mouth closed
1713448085.174707,0.641357421875,0.735595703125,-0.24658203125,Mouth closed
1713448085.213764,0.6494140625,0.732177734375,-0.243408203125,Mouth closed
1713448085.253632,0.646728515625,0.735107421875,-0.238525390625,Mouth closed
1713448085.292704,0.650634765625,0.739501953125,-0.245361328125,Mouth closed
1713448085.334689,0.640625,0.728759765625,-0.245849609375,Mouth closed
1713448085.376735,0.64794921875,0.73291015625,-0.244384765625,Mouth closed
1713448085.414587,0.65185546875,0.7333984375,-0.237060546875,Mouth closed
1713448085.454575,0.6494140625,0.733154296875,-0.240234375,Mouth closed
1713448085.494901,0.6435546875,0.731201171875,-0.24169921875,Mouth closed
1713448085.536497,0.652587890625,0.73583984375,-0.243408203125,Mouth closed
1713448085.574974,0.645263671875,0.730224609375,-0.241455078125,Mouth closed
1713448085.615418,0.645263671875,0.734375,-0.242919921875,Mouth closed
1713448085.654781,0.646240234375,0.736083984375,-0.240234375,Mouth closed
1713448085.694852,0.648193359375,0.735595703125,-0.24169921875,Mouth closed
1713448085.741562,0.649658203125,0.733154296875,-0.243408203125,Mouth closed
1713448085.778447,0.64990234375,0.734130859375,-0.240234375,Mouth closed
1713448085.819849,0.647216796875,0.736572265625,-0.240966796875,Mouth closed
1713448085.857379,0.64453125,0.734130859375,-0.241943359375,Mouth closed
1713448085.89873,0.64794921875,0.733154296875,-0.24169921875,Mouth closed
1713448085.93617,0.647705078125,0.73388671875,-0.24169921875,Mouth closed
1713448085.976633,0.6474609375,0.732666015625,-0.241943359375,Mouth closed
1713448086.014615,0.644775390625,0.732666015625,-0.244873046875,Mouth closed
1713448086.055728,0.644775390625,0.736328125,-0.23681640625,Mouth closed
1713448086.096867,0.64892578125,0.7412109375,-0.244873046875,Mouth closed
1713448086.147876,0.64208984375,0.731689453125,-0.24365234375,Mouth closed
1713448086.175039,0.642333984375,0.72705078125,-0.2421875,Mouth closed
1713448086.219359,0.647705078125,0.731201171875,-0.23828125,Mouth closed
1713448086.255766,0.64892578125,0.731689453125,-0.243896484375,Mouth closed
1713448086.304458,0.6435546875,0.731201171875,-0.23583984375,Mouth closed
1713448086.34231,0.655517578125,0.740234375,-0.2412109375,Mouth closed
1713448086.382539,0.645751953125,0.73486328125,-0.242431640625,Mouth closed
1713448086.422045,0.644775390625,0.733154296875,-0.240966796875,Mouth closed
1713448086.463839,0.647216796875,0.7373046875,-0.24072265625,Mouth closed
1713448086.503371,0.646484375,0.736328125,-0.244140625,Mouth closed
1713448086.543367,0.643310546875,0.73779296875,-0.245361328125,Mouth closed
1713448086.579298,0.648193359375,0.73681640625,-0.239013671875,Mouth closed
1713448086.620695,0.64892578125,0.734619140625,-0.2373046875,Mouth closed
1713448086.658185,0.64599609375,0.734130859375,-0.23974609375,Mouth closed
1713448086.704428,0.644287109375,0.739501953125,-0.241943359375,Mouth closed
1713448086.737448,0.64794921875,0.73388671875,-0.24560546875,Mouth closed
1713448086.780183,0.646728515625,0.73388671875,-0.2431640625,Mouth closed
1713448086.81667,0.64599609375,0.737060546875,-0.238525390625,Mouth closed
1713448086.866236,0.651123046875,0.7392578125,-0.24462890625,Mouth closed
1713448086.896919,0.6435546875,0.73583984375,-0.242431640625,Mouth closed
1713448086.944927,0.6455078125,0.733154296875,-0.24072265625,Mouth closed
1713448086.984078,0.649169921875,0.732177734375,-0.239501953125,Mouth closed
1713448087.018045,0.647705078125,0.732421875,-0.238037109375,Mouth closed
1713448087.064195,0.643798828125,0.72705078125,-0.23828125,Mouth closed
1713448087.104214,0.652587890625,0.736328125,-0.238037109375,Mouth closed
1713448087.142155,0.645751953125,0.733642578125,-0.23876953125,Mouth closed
1713448087.181874,0.644287109375,0.734375,-0.242919921875,Mouth closed
1713448087.219716,0.646728515625,0.740234375,-0.239990234375,Mouth closed
1713448087.259491,0.6494140625,0.73583984375,-0.23974609375,Mouth closed
1713448087.297577,0.645751953125,0.7373046875,-0.240478515625,Mouth closed
1713448087.336866,0.64794921875,0.733642578125,-0.239013671875,Mouth closed
1713448087.377106,0.650390625,0.73388671875,-0.23681640625,Mouth closed
1713448087.416719,0.648193359375,0.736328125,-0.237548828125,Mouth closed
1713448087.457983,0.647216796875,0.736083984375,-0.2392578125,Mouth closed
1713448087.498941,0.64501953125,0.73291015625,-0.2392578125,Mouth closed
1713448087.536599,0.64404296875,0.73486328125,-0.24072265625,Mouth closed
1713448087.577833,0.64599609375,0.734375,-0.24072265625,Mouth closed
1713448087.618874,0.6455078125,0.735107421875,-0.234619140625,Mouth closed
1713448087.657614,0.64892578125,0.739501953125,-0.240966796875,Mouth closed
1713448087.698816,0.647216796875,0.732177734375,-0.237548828125,Mouth closed
1713448087.742876,0.65087890625,0.7314453125,-0.23681640625,Mouth closed
1713448087.778581,0.65087890625,0.732666015625,-0.234130859375,Mouth closed
1713448087.825297,0.65380859375,0.733154296875,-0.234130859375,Mouth closed
1713448087.86007,0.646240234375,0.732177734375,-0.236328125,Mouth closed
1713448087.903924,0.65234375,0.734619140625,-0.2412109375,Mouth closed
1713448087.940137,0.646728515625,0.732666015625,-0.23828125,Mouth closed
1713448087.981077,0.645751953125,0.73388671875,-0.241455078125,Mouth closed
1713448088.021528,0.648681640625,0.739013671875,-0.240478515625,Mouth closed
1713448088.059401,0.6474609375,0.734130859375,-0.239501953125,Mouth closed
1713448088.099972,0.6474609375,0.732421875,-0.240234375,Mouth closed
1713448088.140196,0.649658203125,0.7333984375,-0.237060546875,Mouth closed
1713448088.181676,0.648681640625,0.732421875,-0.23779296875,Mouth closed
1713448088.220451,0.64990234375,0.73095703125,-0.237060546875,Mouth closed
1713448088.259924,0.647705078125,0.735107421875,-0.2373046875,Mouth closed
1713448088.30012,0.64892578125,0.73388671875,-0.238525390625,Mouth closed
1713448088.342263,0.646240234375,0.733642578125,-0.238525390625,Mouth closed
1713448088.38065,0.647705078125,0.732177734375,-0.238525390625,Mouth closed
1713448088.420843,0.64892578125,0.737060546875,-0.234375,Mouth closed
1713448088.475743,0.648193359375,0.74072265625,-0.2421875,Mouth closed
1713448088.501423,0.6494140625,0.73388671875,-0.241455078125,Mouth closed
1713448088.542485,0.651123046875,0.731201171875,-0.238037109375,Mouth closed
1713448088.58101,0.65625,0.733642578125,-0.233642578125,Mouth closed
1713448088.623287,0.654052734375,0.732177734375,-0.237548828125,Mouth closed
1713448088.663531,0.64990234375,0.733642578125,-0.234130859375,Mouth closed
1713448088.705614,0.653076171875,0.734130859375,-0.23876953125,Mouth closed
1713448088.742995,0.648681640625,0.735595703125,-0.2392578125,Mouth closed
1713448088.786167,0.648193359375,0.73486328125,-0.2373046875,Mouth closed
1713448088.819556,0.64794921875,0.734619140625,-0.235107421875,Mouth closed
1713448088.859655,0.646484375,0.73583984375,-0.23828125,Mouth closed
1713448088.90459,0.64990234375,0.734375,-0.24072265625,Mouth closed
1713448088.946716,0.648681640625,0.736572265625,-0.2353515625,Mouth closed
1713448088.980653,0.649169921875,0.732666015625,-0.234130859375,Mouth closed
1713448089.027243,0.6513671875,0.733642578125,-0.236083984375,Mouth closed
1713448089.06499,0.646728515625,0.730224609375,-0.23828125,Mouth closed
1713448089.106899,0.649169921875,0.73779296875,-0.237548828125,Mouth closed
1713448089.14651,0.644287109375,0.73388671875,-0.2392578125,Mouth closed
1713448089.187868,0.6484375,0.735595703125,-0.239501953125,Mouth closed
1713448089.221645,0.6552734375,0.74169921875,-0.23583984375,Mouth closed
1713448089.26074,0.64404296875,0.737548828125,-0.241455078125,Mouth closed
1713448089.300739,0.642333984375,0.7314453125,-0.240478515625,Mouth closed
1713448089.341659,0.653564453125,0.7333984375,-0.233154296875,Mouth closed
1713448089.386009,0.6494140625,0.731689453125,-0.231689453125,Mouth closed
1713448089.421765,0.646728515625,0.732666015625,-0.234619140625,Mouth closed
1713448089.46552,0.65185546875,0.73828125,-0.2373046875,Mouth closed
1713448089.504276,0.648681640625,0.732421875,-0.23828125,Mouth closed
1713448089.544948,0.645751953125,0.73388671875,-0.236328125,Mouth closed
1713448089.584085,0.646728515625,0.7392578125,-0.23681640625,Mouth closed
1713448089.625907,0.648681640625,0.7373046875,-0.238037109375,Mouth closed
1713448089.664497,0.64404296875,0.732666015625,-0.239501953125,Mouth closed
1713448089.709096,0.650390625,0.7333984375,-0.235107421875,Mouth closed
1713448089.744145,0.65234375,0.732421875,-0.234375,Mouth closed
1713448089.78873,0.651123046875,0.736083984375,-0.235107421875,Mouth closed
1713448089.824197,0.65185546875,0.736083984375,-0.23486328125,Mouth closed
1713448089.863194,0.6494140625,0.732421875,-0.238525390625,Mouth closed
1713448089.901789,0.650146484375,0.735107421875,-0.237060546875,Mouth closed
1713448089.943302,0.64599609375,0.7392578125,-0.23095703125,Mouth closed
1713448089.982586,0.651611328125,0.7392578125,-0.238525390625,Mouth closed
1713448090.023637,0.64697265625,0.732421875,-0.236328125,Mouth open
1713448090.0626,0.652099609375,0.732421875,-0.235595703125,Mouth open
1713448090.103567,0.65234375,0.735107421875,-0.2314453125,Mouth open
1713448090.143864,0.65185546875,0.735107421875,-0.2373046875,Mouth open
1713448090.182904,0.64697265625,0.733154296875,-0.234619140625,Mouth open
1713448090.225028,0.653076171875,0.736328125,-0.236572265625,Mouth open
1713448090.267092,0.645751953125,0.73193359375,-0.234130859375,Mouth open
1713448090.304482,0.649169921875,0.7333984375,-0.23583984375,Mouth open
1713448090.345098,0.651611328125,0.738037109375,-0.23291015625,Mouth open
1713448090.38569,0.65087890625,0.732666015625,-0.2373046875,Mouth open
1713448090.424968,0.651611328125,0.735107421875,-0.235595703125,Mouth open
1713448090.467778,0.65234375,0.736572265625,-0.23046875,Mouth open
1713448090.505755,0.644775390625,0.733154296875,-0.23681640625,Mouth open
1713448090.545309,0.650634765625,0.73291015625,-0.236572265625,Mouth open
1713448090.583925,0.64697265625,0.734130859375,-0.232421875,Mouth open
1713448090.622597,0.64599609375,0.730712890625,-0.239013671875,Mouth open
1713448090.666873,0.6455078125,0.735595703125,-0.232177734375,Mouth open
1713448090.70447,0.652099609375,0.741943359375,-0.2392578125,Mouth open
1713448090.74556,0.644775390625,0.735595703125,-0.238037109375,Mouth open
1713448090.784572,0.648193359375,0.732666015625,-0.2373046875,Mouth open
1713448090.825309,0.652587890625,0.729736328125,-0.234130859375,Mouth open
1713448090.867199,0.65478515625,0.73193359375,-0.238037109375,Mouth open
1713448090.905458,0.646728515625,0.732177734375,-0.23291015625,Mouth open
1713448090.944576,0.65185546875,0.738525390625,-0.237060546875,Mouth open
1713448090.985611,0.650390625,0.732177734375,-0.239501953125,Mouth open
1713448091.026038,0.6435546875,0.735595703125,-0.238525390625,Mouth open
1713448091.068912,0.648681640625,0.73876953125,-0.2314453125,Mouth open
1713448091.110052,0.650390625,0.735107421875,-0.233642578125,Mouth open
1713448091.147114,0.649169921875,0.734130859375,-0.236572265625,Mouth open
1713448091.188829,0.654052734375,0.730224609375,-0.236328125,Mouth open
1713448091.225181,0.653076171875,0.73291015625,-0.23193359375,Mouth open
1713448091.267025,0.64990234375,0.7314453125,-0.236572265625,Mouth open
1713448091.304946,0.654052734375,0.73388671875,-0.2373046875,Mouth open
1713448091.358584,0.65185546875,0.734130859375,-0.239501953125,Mouth open
1713448091.387571,0.65185546875,0.7314453125,-0.239501953125,Mouth open
1713448091.437359,0.648193359375,0.737060546875,-0.232177734375,Mouth open
1713448091.465184,0.65185546875,0.738037109375,-0.239013671875,Mouth open
1713448091.516013,0.646240234375,0.7294921875,-0.239501953125,Mouth open
1713448091.545687,0.65234375,0.7314453125,-0.236328125,Mouth open
1713448091.594543,0.6552734375,0.731689453125,-0.2314453125,Mouth open
1713448091.631862,0.654296875,0.730224609375,-0.236328125,Mouth open
1713448091.673052,0.64794921875,0.732421875,-0.2333984375,Mouth open
1713448091.712875,0.652587890625,0.734375,-0.236572265625,Mouth open
1713448091.752617,0.64599609375,0.73486328125,-0.23779296875,Mouth open
1713448091.791011,0.64990234375,0.736083984375,-0.236083984375,Mouth open
1713448091.832409,0.649169921875,0.739013671875,-0.234619140625,Mouth open
1713448091.866558,0.650146484375,0.73193359375,-0.2373046875,Mouth open
1713448091.907793,0.64990234375,0.734375,-0.237060546875,Mouth open
1713448091.948496,0.65234375,0.73291015625,-0.2333984375,Mouth open
1713448091.992568,0.652099609375,0.734375,-0.236328125,Mouth open
1713448092.027035,0.65185546875,0.7333984375,-0.2353515625,Mouth open
1713448092.079517,0.647705078125,0.7353515625,-0.236083984375,Mouth open
1713448092.107699,0.649658203125,0.7333984375,-0.239990234375,Mouth open
1713448092.157767,0.6494140625,0.73388671875,-0.2392578125,Mouth open
1713448092.194883,0.646728515625,0.73486328125,-0.2373046875,Mouth open
1713448092.231357,0.64599609375,0.743896484375,-0.24072265625,Mouth open
1713448092.267591,0.6572265625,0.73046875,-0.24267578125,Mouth open
1713448092.316222,0.64306640625,0.734130859375,-0.256591796875,Mouth open
1713448092.354576,0.647705078125,0.7275390625,-0.2412109375,Mouth open
1713448092.390617,0.65234375,0.7294921875,-0.232421875,Mouth open
1713448092.431743,0.652099609375,0.728515625,-0.240966796875,Mouth open
1713448092.471691,0.656005859375,0.730712890625,-0.236572265625,Mouth open
1713448092.508673,0.6572265625,0.7314453125,-0.2392578125,Mouth open
1713448092.549048,0.6494140625,0.7265625,-0.233154296875,Mouth open
1713448092.58753,0.649169921875,0.72900390625,-0.24951171875,Mouth open
1713448092.627672,0.648193359375,0.73095703125,-0.247802734375,Mouth open
1713448092.669005,0.65087890625,0.729736328125,-0.242919921875,Mouth open
1713448092.707676,0.651123046875,0.7255859375,-0.241943359375,Mouth open
1713448092.74926,0.653076171875,0.728271484375,-0.234619140625,Mouth open
1713448092.791556,0.6533203125,0.729736328125,-0.236328125,Mouth open
1713448092.828698,0.65283203125,0.7265625,-0.2412109375,Mouth open
1713448092.870464,0.65283203125,0.73388671875,-0.23779296875,Mouth open
1713448092.910805,0.65673828125,0.7353515625,-0.234130859375,Mouth open
1713448092.948821,0.65234375,0.731689453125,-0.238525390625,Mouth open
1713448092.990526,0.65234375,0.72802734375,-0.23779296875,Mouth open
1713448093.031374,0.653564453125,0.7333984375,-0.2314453125,Mouth open
1713448093.070545,0.652099609375,0.729736328125,-0.237060546875,Mouth open
1713448093.110885,0.64794921875,0.728515625,-0.2412109375,Mouth open
1713448093.149976,0.65673828125,0.728515625,-0.236572265625,Mouth open
1713448093.197325,0.652587890625,0.72509765625,-0.23779296875,Mouth open
1713448093.228605,0.650634765625,0.73046875,-0.238037109375,Mouth open
1713448093.270486,0.651611328125,0.73388671875,-0.24072265625,Mouth open
1713448093.309765,0.651123046875,0.733154296875,-0.240966796875,Mouth open
1713448093.350291,0.647216796875,0.730712890625,-0.2421875,Mouth open
1713448093.390966,0.653076171875,0.736572265625,-0.239990234375,Mouth open
1713448093.433695,0.650390625,0.7333984375,-0.236572265625,Mouth open
1713448093.47184,0.649169921875,0.731201171875,-0.240478515625,Mouth open
1713448093.512741,0.64794921875,0.733642578125,-0.239501953125,Mouth open
1713448093.550543,0.651123046875,0.733154296875,-0.2353515625,Mouth open
1713448093.591435,0.651611328125,0.730712890625,-0.2412109375,Mouth open
1713448093.634048,0.65087890625,0.7314453125,-0.240966796875,Mouth open
1713448093.671577,0.65185546875,0.733154296875,-0.243896484375,Mouth open
1713448093.713369,0.649658203125,0.732177734375,-0.2353515625,Mouth open
1713448093.75266,0.648681640625,0.730224609375,-0.23876953125,Mouth open
1713448093.791538,0.64794921875,0.734619140625,-0.234130859375,Mouth open
1713448093.830517,0.652099609375,0.738525390625,-0.23876953125,Mouth open
1713448093.870015,0.650390625,0.729736328125,-0.238525390625,Mouth open
1713448093.909572,0.646728515625,0.7275390625,-0.239501953125,Mouth open
1713448093.955133,0.6533203125,0.73388671875,-0.2314453125,Mouth open
1713448093.993301,0.652099609375,0.730712890625,-0.233642578125,Mouth open
1713448094.033179,0.649658203125,0.735595703125,-0.234375,Mouth open
1713448094.073033,0.656005859375,0.73876953125,-0.2421875,Mouth open
1713448094.124638,0.64501953125,0.73046875,-0.239990234375,Mouth open
1713448094.151551,0.643310546875,0.729248046875,-0.241455078125,Mouth open
1713448094.202857,0.648681640625,0.733642578125,-0.235595703125,Mouth open
1713448094.23244,0.651123046875,0.735595703125,-0.238525390625,Mouth open
1713448094.282465,0.649169921875,0.732177734375,-0.23779296875,Mouth open
1713448094.31886,0.651611328125,0.731689453125,-0.238037109375,Mouth open
1713448094.36045,0.650146484375,0.734130859375,-0.237548828125,Mouth open
1713448094.399288,0.648681640625,0.736572265625,-0.236083984375,Mouth open
1713448094.439949,0.65234375,0.731201171875,-0.23779296875,Mouth open
1713448094.478499,0.65087890625,0.734130859375,-0.237548828125,Mouth open
1713448094.521844,0.6484375,0.73046875,-0.239501953125,Mouth open
1713448094.552306,0.646484375,0.734375,-0.232421875,Mouth open
1713448094.591913,0.65234375,0.736328125,-0.24169921875,Mouth open
1713448094.632547,0.649169921875,0.73193359375,-0.23828125,Mouth open
1713448094.685417,0.652099609375,0.727294921875,-0.2373046875,Mouth open
1713448094.713369,0.654541015625,0.7333984375,-0.231689453125,Mouth open
1713448094.76473,0.65478515625,0.732421875,-0.2392578125,Mouth open
1713448094.792498,0.65234375,0.733154296875,-0.236328125,Mouth open
1713448094.835852,0.655029296875,0.733154296875,-0.23974609375,Mouth open
1713448094.877854,0.64599609375,0.730224609375,-0.239501953125,Mouth open
1713448094.913598,0.650634765625,0.732421875,-0.236572265625,Mouth open
1713448094.955274,0.64892578125,0.736328125,-0.237060546875,Mouth open
1713448094.995952,0.6533203125,0.73095703125,-0.235595703125,Mouth open
1713448095.036355,0.649658203125,0.73291015625,-0.23779296875,Mouth open
1713448095.074494,0.658447265625,0.73291015625,-0.235107421875,Mouth open
1713448095.114125,0.65283203125,0.73388671875,-0.233154296875,Mouth open
1713448095.152659,0.65283203125,0.730224609375,-0.2333984375,Mouth open
1713448095.191628,0.65576171875,0.733154296875,-0.23486328125,Mouth open
1713448095.239896,0.653076171875,0.73193359375,-0.230712890625,Mouth open
1713448095.276607,0.65087890625,0.728515625,-0.233154296875,Mouth open
1713448095.317412,0.6552734375,0.739501953125,-0.2333984375,Mouth open
1713448095.355702,0.6552734375,0.73291015625,-0.233642578125,Mouth open
1713448095.396064,0.653076171875,0.726318359375,-0.240234375,Mouth open
1713448095.432604,0.6572265625,0.7275390625,-0.2333984375,Mouth open
1713448095.473603,0.658935546875,0.729248046875,-0.22802734375,Mouth open
1713448095.513762,0.654541015625,0.724365234375,-0.231201171875,Mouth open
1713448095.556048,0.656982421875,0.732177734375,-0.23095703125,Mouth open
1713448095.595083,0.658203125,0.730712890625,-0.2333984375,Mouth open
1713448095.636319,0.656982421875,0.73095703125,-0.23486328125,Mouth open
1713448095.677097,0.656005859375,0.731201171875,-0.233154296875,Mouth open
1713448095.715714,0.65625,0.730712890625,-0.23779296875,Mouth open
1713448095.755994,0.65625,0.727294921875,-0.233642578125,Mouth open
1713448095.794549,0.656494140625,0.7255859375,-0.23583984375,Mouth open
1713448095.835782,0.656982421875,0.72900390625,-0.23291015625,Mouth open
1713448095.877524,0.655029296875,0.7275390625,-0.2333984375,Mouth open
1713448095.913938,0.656494140625,0.72802734375,-0.2353515625,Mouth open
1713448095.954639,0.65185546875,0.728271484375,-0.230224609375,Mouth open
1713448095.994829,0.653564453125,0.73046875,-0.23681640625,Mouth open
1713448096.036782,0.65185546875,0.733154296875,-0.23046875,Mouth open
1713448096.076468,0.6572265625,0.735107421875,-0.233154296875,Mouth open
1713448096.115584,0.65185546875,0.728515625,-0.23388671875,Mouth open
1713448096.157744,0.65966796875,0.727783203125,-0.232666015625,Mouth open
1713448096.198782,0.657470703125,0.72900390625,-0.230224609375,Mouth open
1713448096.23646,0.656005859375,0.726806640625,-0.234130859375,Mouth open
1713448096.27698,0.650146484375,0.727294921875,-0.23095703125,Mouth open
1713448096.3165,0.655029296875,0.728515625,-0.236083984375,Mouth open
1713448096.357065,0.65625,0.7314453125,-0.233642578125,Mouth open
1713448096.400043,0.655517578125,0.727783203125,-0.23388671875,Mouth open
1713448096.439251,0.6552734375,0.730224609375,-0.232177734375,Mouth open
1713448096.477759,0.655029296875,0.733642578125,-0.23046875,Mouth open
1713448096.514683,0.6533203125,0.731201171875,-0.232666015625,Mouth open
1713448096.555517,0.65234375,0.731201171875,-0.23046875,Mouth open
1713448096.595661,0.65576171875,0.732421875,-0.2333984375,Mouth open
1713448096.640353,0.65576171875,0.73193359375,-0.23291015625,Mouth open
1713448096.679327,0.65380859375,0.726806640625,-0.228759765625,Mouth open
1713448096.721882,0.657958984375,0.734130859375,-0.23291015625,Mouth open
1713448096.755843,0.65478515625,0.73291015625,-0.23779296875,Mouth open
1713448096.801686,0.653076171875,0.733154296875,-0.23291015625,Mouth open
1713448096.839863,0.655517578125,0.73779296875,-0.2275390625,Mouth open
1713448096.880476,0.654296875,0.7353515625,-0.232421875,Mouth open
1713448096.917668,0.650634765625,0.73046875,-0.232666015625,Mouth open
1713448096.958984,0.6533203125,0.7314453125,-0.22998046875,Mouth open
1713448097.000118,0.65625,0.731201171875,-0.224365234375,Mouth open
1713448097.05165,0.65087890625,0.727783203125,-0.23583984375,Mouth open
1713448097.07984,0.654052734375,0.7353515625,-0.233154296875,Mouth open
1713448097.129996,0.656494140625,0.73095703125,-0.232421875,Mouth open
1713448097.158079,0.652099609375,0.72802734375,-0.229736328125,Mouth open
1713448097.196683,0.654541015625,0.72900390625,-0.233642578125,Mouth open
1713448097.239894,0.65478515625,0.732177734375,-0.22802734375,Mouth open
1713448097.281447,0.655517578125,0.731689453125,-0.234130859375,Mouth open
1713448097.319559,0.649658203125,0.7314453125,-0.236328125,Mouth open
1713448097.359234,0.65576171875,0.73388671875,-0.2353515625,Mouth open
1713448097.40072,0.656005859375,0.728515625,-0.23388671875,Mouth open
1713448097.451802,0.653076171875,0.7294921875,-0.237548828125,Mouth open
1713448097.479671,0.647705078125,0.728759765625,-0.238037109375,Mouth open
1713448097.525843,0.6455078125,0.72802734375,-0.236083984375,Mouth open
1713448097.558607,0.651123046875,0.73486328125,-0.2333984375,Mouth open
1713448097.602057,0.655517578125,0.73583984375,-0.235595703125,Mouth open
1713448097.644381,0.64892578125,0.7314453125,-0.2333984375,Mouth open
1713448097.68567,0.65673828125,0.732421875,-0.2314453125,Mouth open
1713448097.72308,0.656494140625,0.733154296875,-0.228271484375,Mouth open
1713448097.76624,0.655517578125,0.73046875,-0.234375,Mouth open
1713448097.804631,0.651123046875,0.731689453125,-0.232177734375,Mouth open
1713448097.848308,0.659423828125,0.732177734375,-0.234130859375,Mouth open
1713448097.877087,0.649169921875,0.727783203125,-0.23681640625,Mouth open
1713448097.919699,0.65234375,0.731201171875,-0.235595703125,Mouth open
1713448097.958448,0.6552734375,0.73193359375,-0.232177734375,Mouth open
1713448098.008873,0.65283203125,0.72998046875,-0.234619140625,Mouth open
1713448098.039094,0.653564453125,0.72705078125,-0.23095703125,Mouth open
1713448098.082952,0.65576171875,0.7265625,-0.23193359375,Mouth open
1713448098.119601,0.656494140625,0.73095703125,-0.226318359375,Mouth open
1713448098.163179,0.655029296875,0.727294921875,-0.23095703125,Mouth open
1713448098.201397,0.654541015625,0.7255859375,-0.228759765625,Mouth open
1713448098.252716,0.65283203125,0.726806640625,-0.230712890625,Mouth open
1713448098.280155,0.6474609375,0.727294921875,-0.234619140625,Mouth open
1713448098.334493,0.6630859375,0.739990234375,-0.229736328125,Mouth open
1713448098.36204,0.659912109375,0.732666015625,-0.22607421875,Mouth open
1713448098.414934,0.6513671875,0.72802734375,-0.2373046875,Mouth open
1713448098.440249,0.65283203125,0.727783203125,-0.23388671875,Mouth open
1713448098.480679,0.65380859375,0.7275390625,-0.236572265625,Mouth open
1713448098.518562,0.65234375,0.731689453125,-0.232421875,Mouth open
1713448098.558643,0.65625,0.73388671875,-0.23388671875,Mouth open
1713448098.598868,0.655029296875,0.732421875,-0.23193359375,Mouth open
1713448098.638883,0.653076171875,0.731201171875,-0.23486328125,Mouth open
1713448098.680286,0.653076171875,0.731201171875,-0.231201171875,Mouth open
1713448098.719454,0.65576171875,0.728759765625,-0.2294921875,Mouth open
1713448098.75957,0.654296875,0.728515625,-0.23388671875,Mouth open
1713448098.801798,0.65576171875,0.73095703125,-0.23193359375,Mouth open
1713448098.839413,0.6572265625,0.730712890625,-0.230224609375,Mouth open
1713448098.879471,0.659423828125,0.72900390625,-0.229736328125,Mouth open
1713448098.921444,0.6533203125,0.730224609375,-0.235107421875,Mouth open
1713448098.96077,0.6552734375,0.7333984375,-0.23193359375,Mouth open
1713448099.003355,0.65478515625,0.72802734375,-0.238037109375,Mouth open
1713448099.041998,0.650634765625,0.734619140625,-0.234375,Mouth open
1713448099.083842,0.6591796875,0.733642578125,-0.23583984375,Mouth open
1713448099.120988,0.652099609375,0.72998046875,-0.234619140625,Mouth open
1713448099.162239,0.655517578125,0.72802734375,-0.234130859375,Mouth open
1713448099.19836,0.660400390625,0.7265625,-0.227294921875,Mouth open
1713448099.243111,0.657470703125,0.728271484375,-0.230712890625,Mouth open
1713448099.279149,0.65380859375,0.725341796875,-0.2294921875,Mouth open
1713448099.323816,0.658447265625,0.732666015625,-0.2333984375,Mouth open
1713448099.361955,0.652587890625,0.7314453125,-0.23388671875,Mouth open
1713448099.402677,0.654052734375,0.7333984375,-0.232421875,Mouth open
1713448099.441012,0.6552734375,0.731689453125,-0.23486328125,Mouth open
1713448099.483609,0.65625,0.73095703125,-0.23291015625,Mouth open
1713448099.52232,0.655517578125,0.73291015625,-0.23291015625,Mouth open
1713448099.563552,0.654052734375,0.7314453125,-0.231689453125,Mouth open
1713448099.602424,0.655517578125,0.733154296875,-0.23046875,Mouth open
1713448099.645507,0.65234375,0.72998046875,-0.2314453125,Mouth open
1713448099.682712,0.654541015625,0.7314453125,-0.229248046875,Mouth open
1713448099.72045,0.65087890625,0.732666015625,-0.23095703125,Mouth open
1713448099.764619,0.65087890625,0.728515625,-0.237548828125,Mouth open
1713448099.80126,0.650634765625,0.736083984375,-0.23095703125,Mouth open
1713448099.844415,0.66015625,0.73779296875,-0.232666015625,Mouth open
1713448099.885552,0.650390625,0.729736328125,-0.23583984375,Mouth open
1713448099.924552,0.6572265625,0.731689453125,-0.23388671875,Mouth open
1713448099.96734,0.6572265625,0.7294921875,-0.2294921875,Mouth open
1713448100.004829,0.653564453125,0.73046875,-0.234619140625,Mouth open
1713448100.046405,0.646728515625,0.72998046875,-0.230712890625,Mouth open
1713448100.085609,0.655517578125,0.73486328125,-0.234375,Mouth open
1713448100.126334,0.650390625,0.73388671875,-0.2333984375,Mouth open
1713448100.162614,0.651123046875,0.732421875,-0.235595703125,Mouth open
1713448100.200373,0.652099609375,0.7353515625,-0.234130859375,Mouth open
1713448100.24211,0.650146484375,0.73046875,-0.236328125,Mouth open
1713448100.280886,0.654541015625,0.732177734375,-0.234375,Mouth open
1713448100.32251,0.654541015625,0.72802734375,-0.232177734375,Mouth open
1713448100.361878,0.655029296875,0.732666015625,-0.228271484375,Mouth open
1713448100.40151,0.653076171875,0.729248046875,-0.231201171875,Mouth open
1713448100.441691,0.6572265625,0.730224609375,-0.234375,Mouth open
1713448100.47949,0.656494140625,0.729736328125,-0.23779296875,Mouth open
1713448100.520591,0.65625,0.73193359375,-0.23388671875,Mouth open
1713448100.560509,0.653564453125,0.73779296875,-0.231201171875,Mouth open
1713448100.600281,0.6513671875,0.736572265625,-0.238037109375,Mouth open
1713448100.641203,0.649658203125,0.73046875,-0.233154296875,Mouth open
1713448100.682609,0.6533203125,0.728515625,-0.230224609375,Mouth open
1713448100.720204,0.66064453125,0.728759765625,-0.232177734375,Mouth open
1713448100.761842,0.654541015625,0.728759765625,-0.23681640625,Mouth open
1713448100.803483,0.656982421875,0.734619140625,-0.229248046875,Mouth open
1713448100.843184,0.65673828125,0.733154296875,-0.22802734375,Mouth open
1713448100.882253,0.654541015625,0.729736328125,-0.23046875,Mouth open
1713448100.922932,0.65673828125,0.733154296875,-0.22802734375,Mouth open
1713448100.962786,0.655517578125,0.7294921875,-0.232666015625,Mouth open
1713448101.002311,0.653076171875,0.73291015625,-0.23291015625,Mouth open
1713448101.04254,0.6552734375,0.731201171875,-0.233642578125,Mouth open
1713448101.080974,0.656494140625,0.732666015625,-0.226806640625,Mouth open
1713448101.121315,0.65673828125,0.7333984375,-0.230712890625,Mouth open
1713448101.162283,0.656005859375,0.7294921875,-0.229736328125,Mouth open
1713448101.201053,0.65234375,0.72802734375,-0.232177734375,Mouth open
1713448101.244895,0.651611328125,0.726318359375,-0.23388671875,Mouth open
1713448101.281463,0.652099609375,0.732421875,-0.2294921875,Mouth open
1713448101.321021,0.65576171875,0.735107421875,-0.23193359375,Mouth open
1713448101.360942,0.655517578125,0.7333984375,-0.232421875,Mouth open
1713448101.401102,0.658203125,0.728271484375,-0.234130859375,Mouth open
1713448101.442004,0.65966796875,0.728515625,-0.229248046875,Mouth open
1713448101.485384,0.656005859375,0.72900390625,-0.23193359375,Mouth open
1713448101.526617,0.65283203125,0.726806640625,-0.228759765625,Mouth open
1713448101.563653,0.658447265625,0.73095703125,-0.2314453125,Mouth open
1713448101.603792,0.65673828125,0.73486328125,-0.23291015625,Mouth open
1713448101.646303,0.654052734375,0.733154296875,-0.234375,Mouth open
1713448101.682245,0.654296875,0.73291015625,-0.232666015625,Mouth open
1713448101.725097,0.6552734375,0.732421875,-0.230712890625,Mouth open
1713448101.774158,0.655517578125,0.72705078125,-0.2314453125,Mouth open
1713448101.803725,0.654052734375,0.729248046875,-0.229736328125,Mouth open
1713448101.8386,0.65625,0.73046875,-0.228759765625,Mouth open
1713448101.879505,0.65771484375,0.733154296875,-0.22900390625,Mouth open
1713448101.919815,0.657958984375,0.731201171875,-0.228515625,Mouth open
1713448101.960558,0.656005859375,0.73046875,-0.234375,Mouth open
1713448102.005529,0.658203125,0.730224609375,-0.234619140625,Mouth open
1713448102.040592,0.658935546875,0.731689453125,-0.232666015625,Mouth open
1713448102.081838,0.65576171875,0.736572265625,-0.2294921875,Mouth open
1713448102.128305,0.656494140625,0.733642578125,-0.231201171875,Mouth open
1713448102.163349,0.655517578125,0.727294921875,-0.230224609375,Mouth open
1713448102.207626,0.65673828125,0.7255859375,-0.229248046875,Mouth open
1713448102.245541,0.660400390625,0.728515625,-0.223388671875,Mouth open
1713448102.285763,0.6630859375,0.724853515625,-0.228515625,Mouth open
1713448102.325061,0.6572265625,0.7275390625,-0.229248046875,Mouth open
1713448102.362053,0.659912109375,0.731689453125,-0.23291015625,Mouth open
1713448102.413443,0.65283203125,0.72705078125,-0.2353515625,Mouth open
1713448102.440329,0.65087890625,0.73095703125,-0.2333984375,Mouth open
1713448102.488136,0.653076171875,0.735107421875,-0.236083984375,Mouth open
1713448102.520351,0.65185546875,0.732177734375,-0.232666015625,Mouth open
1713448102.56305,0.6533203125,0.7275390625,-0.229736328125,Mouth open
1713448102.602331,0.65625,0.72802734375,-0.22998046875,Mouth open
1713448102.641488,0.65576171875,0.73046875,-0.230224609375,Mouth open
1713448102.68197,0.654541015625,0.7294921875,-0.231689453125,Mouth open
1713448102.727097,0.657958984375,0.731689453125,-0.227294921875,Mouth open
1713448102.762092,0.65966796875,0.731201171875,-0.2294921875,Mouth open
1713448102.805345,0.6494140625,0.7294921875,-0.23193359375,Mouth open
1713448102.848401,0.652099609375,0.731201171875,-0.22998046875,Mouth open
1713448102.892032,0.65380859375,0.7353515625,-0.228515625,Mouth open
1713448102.927837,0.654296875,0.7353515625,-0.231689453125,Mouth open
1713448102.963519,0.654541015625,0.728515625,-0.230712890625,Mouth open
1713448103.006146,0.654052734375,0.72705078125,-0.2265625,Mouth open
1713448103.045932,0.656005859375,0.728515625,-0.22509765625,Mouth open
1713448103.084208,0.653076171875,0.732177734375,-0.230712890625,Mouth open
1713448103.124625,0.65673828125,0.73291015625,-0.230712890625,Mouth open
1713448103.161704,0.654541015625,0.734375,-0.23291015625,Mouth open
1713448103.201635,0.64306640625,0.728759765625,-0.235107421875,Mouth open
1713448103.239292,0.65576171875,0.730712890625,-0.23486328125,Mouth open
1713448103.280636,0.663330078125,0.73974609375,-0.22509765625,Mouth open
1713448103.320481,0.651611328125,0.732177734375,-0.2275390625,Mouth open
1713448103.360559,0.64990234375,0.7275390625,-0.233642578125,Mouth open
1713448103.401613,0.654296875,0.73193359375,-0.2314453125,Mouth open
1713448103.441342,0.656005859375,0.734375,-0.22705078125,Mouth open
1713448103.481858,0.65478515625,0.735595703125,-0.22900390625,Mouth open
1713448103.524823,0.651611328125,0.732177734375,-0.23291015625,Mouth open
1713448103.561291,0.65185546875,0.731201171875,-0.23876953125,Mouth open
1713448103.599877,0.655517578125,0.73486328125,-0.228759765625,Mouth open
1713448103.641284,0.653076171875,0.737060546875,-0.231689453125,Mouth open
1713448103.678623,0.65185546875,0.736083984375,-0.23779296875,Mouth open
1713448103.719245,0.649658203125,0.729248046875,-0.23291015625,Mouth open
1713448103.757744,0.658447265625,0.7275390625,-0.228515625,Mouth open
1713448103.797957,0.65380859375,0.731201171875,-0.2265625,Mouth open
1713448103.839399,0.656982421875,0.732666015625,-0.236572265625,Mouth open
1713448103.878655,0.655517578125,0.73388671875,-0.232421875,Mouth open
1713448103.918524,0.6513671875,0.733642578125,-0.232177734375,Mouth open
1713448103.960807,0.6474609375,0.73046875,-0.231689453125,Mouth open
1713448104.000982,0.65283203125,0.734130859375,-0.23193359375,Mouth open
1713448104.039042,0.6513671875,0.7353515625,-0.230712890625,Mouth open
1713448104.080391,0.65234375,0.734619140625,-0.2314453125,Mouth open
1713448104.119966,0.654052734375,0.732421875,-0.228271484375,Mouth open
1713448104.161225,0.65478515625,0.732177734375,-0.224365234375,Mouth open
1713448104.201707,0.6572265625,0.7294921875,-0.231689453125,Mouth open
1713448104.240192,0.653564453125,0.72998046875,-0.225341796875,Mouth open
1713448104.279171,0.65234375,0.72998046875,-0.228271484375,Mouth open
1713448104.317894,0.65283203125,0.731689453125,-0.231689453125,Mouth open
1713448104.357589,0.656494140625,0.737548828125,-0.23291015625,Mouth open
1713448104.401171,0.653076171875,0.731689453125,-0.230712890625,Mouth open
1713448104.441897,0.65185546875,0.729736328125,-0.229248046875,Mouth open
1713448104.478263,0.65478515625,0.734619140625,-0.225830078125,Mouth open
1713448104.520296,0.658203125,0.732177734375,-0.228759765625,Mouth open
1713448104.562163,0.64990234375,0.72900390625,-0.228271484375,Mouth open
1713448104.611874,0.658447265625,0.73486328125,-0.230224609375,Mouth open
1713448104.641547,0.652587890625,0.733154296875,-0.22802734375,Mouth open
1713448104.689942,0.6533203125,0.734130859375,-0.23095703125,Mouth open
1713448104.721827,0.655029296875,0.7353515625,-0.228759765625,Mouth open
1713448104.763173,0.6552734375,0.734619140625,-0.22705078125,Mouth open
1713448104.800075,0.652587890625,0.732666015625,-0.231201171875,Mouth open
1713448104.847625,0.65283203125,0.73046875,-0.2294921875,Mouth open
1713448104.88594,0.65625,0.729736328125,-0.2265625,Mouth open
1713448104.927302,0.65771484375,0.73291015625,-0.230712890625,Mouth open
1713448104.964518,0.65234375,0.73193359375,-0.227783203125,Mouth open
1713448105.008351,0.656982421875,0.72900390625,-0.227783203125,Mouth closed
1713448105.040374,0.652587890625,0.731201171875,-0.223388671875,Mouth closed
1713448105.082033,0.6591796875,0.737060546875,-0.23046875,Mouth closed
1713448105.119297,0.650146484375,0.7314453125,-0.231201171875,Mouth closed
1713448105.168005,0.656005859375,0.732177734375,-0.229736328125,Mouth closed
1713448105.205797,0.657958984375,0.733154296875,-0.219482421875,Mouth closed
1713448105.247344,0.66162109375,0.732666015625,-0.227783203125,Mouth closed
1713448105.284978,0.65625,0.729248046875,-0.2265625,Mouth closed
1713448105.323188,0.659423828125,0.734375,-0.22802734375,Mouth closed
1713448105.361593,0.654296875,0.732177734375,-0.22802734375,Mouth closed
1713448105.400913,0.655029296875,0.731689453125,-0.227294921875,Mouth closed
1713448105.4428,0.656005859375,0.7314453125,-0.226806640625,Mouth closed
1713448105.481996,0.65234375,0.73486328125,-0.22705078125,Mouth closed
1713448105.522119,0.657958984375,0.729736328125,-0.227294921875,Mouth closed
1713448105.561083,0.657470703125,0.731689453125,-0.2265625,Mouth closed
1713448105.599944,0.656494140625,0.73046875,-0.224365234375,Mouth closed
1713448105.64045,0.652587890625,0.731689453125,-0.22705078125,Mouth closed
1713448105.681391,0.659423828125,0.735595703125,-0.23046875,Mouth closed
1713448105.719699,0.65673828125,0.732421875,-0.2265625,Mouth closed
1713448105.761621,0.654541015625,0.734375,-0.22607421875,Mouth closed
1713448105.801912,0.660400390625,0.738037109375,-0.227294921875,Mouth closed
1713448105.840772,0.650390625,0.72802734375,-0.228515625,Mouth closed
1713448105.879888,0.65673828125,0.729248046875,-0.22265625,Mouth closed
1713448105.921725,0.65576171875,0.73388671875,-0.22265625,Mouth closed
1713448105.961588,0.658935546875,0.734619140625,-0.229248046875,Mouth closed
1713448106.000763,0.653076171875,0.734375,-0.22265625,Mouth closed
1713448106.041569,0.65380859375,0.732421875,-0.224365234375,Mouth closed
1713448106.087145,0.655517578125,0.730224609375,-0.223876953125,Mouth closed
1713448106.123596,0.65478515625,0.73486328125,-0.227294921875,Mouth closed
1713448106.164192,0.652587890625,0.734375,-0.22705078125,Mouth closed
1713448106.202573,0.65478515625,0.734619140625,-0.2275390625,Mouth closed
1713448106.241622,0.655029296875,0.73291015625,-0.22802734375,Mouth closed
1713448106.293217,0.65625,0.73046875,-0.224609375,Mouth closed
1713448106.321251,0.656005859375,0.7294921875,-0.22265625,Mouth closed
1713448106.365238,0.653076171875,0.732666015625,-0.226318359375,Mouth closed
1713448106.405833,0.652587890625,0.732177734375,-0.23095703125,Mouth closed
1713448106.44429,0.654541015625,0.730712890625,-0.229248046875,Mouth closed
1713448106.484998,0.655029296875,0.735107421875,-0.22509765625,Mouth closed
1713448106.523114,0.65576171875,0.739013671875,-0.231201171875,Mouth closed
1713448106.564667,0.6484375,0.728515625,-0.226806640625,Mouth closed
1713448106.606284,0.6572265625,0.73291015625,-0.226318359375,Mouth closed
1713448106.655146,0.658935546875,0.728759765625,-0.221435546875,Mouth closed
1713448106.683304,0.65966796875,0.73095703125,-0.22705078125,Mouth closed
1713448106.72813,0.65576171875,0.73193359375,-0.22412109375,Mouth closed
1713448106.777596,0.65625,0.73388671875,-0.225830078125,Mouth closed
1713448106.808149,0.652587890625,0.73095703125,-0.226806640625,Mouth closed
1713448106.844831,0.656005859375,0.734375,-0.227783203125,Mouth closed
1713448106.886603,0.653076171875,0.732666015625,-0.226806640625,Mouth closed
1713448106.92415,0.65625,0.7353515625,-0.229248046875,Mouth closed
1713448106.964324,0.6591796875,0.732177734375,-0.224365234375,Mouth closed
1713448107.001718,0.65576171875,0.731201171875,-0.22412109375,Mouth closed
1713448107.045428,0.658447265625,0.73193359375,-0.223388671875,Mouth closed
1713448107.082355,0.65380859375,0.728515625,-0.225341796875,Mouth closed
1713448107.136986,0.651611328125,0.72900390625,-0.226806640625,Mouth closed
1713448107.165452,0.65625,0.734130859375,-0.22021484375,Mouth closed
1713448107.20919,0.6591796875,0.736328125,-0.226806640625,Mouth closed
1713448107.244782,0.654052734375,0.728759765625,-0.22607421875,Mouth closed
1713448107.294339,0.6552734375,0.7255859375,-0.2236328125,Mouth closed
1713448107.323164,0.664306640625,0.732177734375,-0.221923828125,Mouth closed
1713448107.370703,0.663818359375,0.732177734375,-0.22265625,Mouth closed
1713448107.410204,0.657958984375,0.72509765625,-0.22607421875,Mouth closed
1713448107.449336,0.655029296875,0.72607421875,-0.225830078125,Mouth closed
1713448107.488762,0.64990234375,0.732177734375,-0.228271484375,Mouth closed
1713448107.524181,0.659423828125,0.72998046875,-0.239501953125,Mouth closed
1713448107.566924,0.653076171875,0.727294921875,-0.22705078125,Mouth closed
1713448107.6075,0.650634765625,0.729736328125,-0.21337890625,Mouth closed
1713448107.642433,0.648681640625,0.728515625,-0.23095703125,Mouth closed
1713448107.696938,0.658447265625,0.730224609375,-0.22216796875,Mouth closed
1713448107.722896,0.66015625,0.734619140625,-0.222900390625,Mouth closed
1713448107.763408,0.65380859375,0.735107421875,-0.2216796875,Mouth closed
1713448107.80581,0.65576171875,0.735107421875,-0.222412109375,Mouth closed
1713448107.853098,0.656005859375,0.730712890625,-0.224853515625,Mouth closed
1713448107.885372,0.655517578125,0.7353515625,-0.218505859375,Mouth closed
1713448107.931166,0.656494140625,0.73583984375,-0.223388671875,Mouth closed
1713448107.967811,0.656494140625,0.731201171875,-0.224853515625,Mouth closed
1713448108.016246,0.659912109375,0.732421875,-0.2236328125,Mouth closed
1713448108.046452,0.659423828125,0.728515625,-0.218994140625,Mouth closed
1713448108.084974,0.663330078125,0.72900390625,-0.222412109375,Mouth closed
1713448108.128521,0.6591796875,0.730712890625,-0.221923828125,Mouth closed
1713448108.166091,0.660888671875,0.73095703125,-0.22412109375,Mouth closed
1713448108.206259,0.655029296875,0.73095703125,-0.222412109375,Mouth closed
1713448108.246262,0.65869140625,0.72900390625,-0.22216796875,Mouth closed
1713448108.283859,0.657958984375,0.73095703125,-0.2216796875,Mouth closed
1713448108.326176,0.658447265625,0.73046875,-0.22314453125,Mouth closed
1713448108.364421,0.658935546875,0.730712890625,-0.222900390625,Mouth closed
1713448108.405491,0.658935546875,0.7314453125,-0.22265625,Mouth closed
1713448108.445694,0.658935546875,0.728759765625,-0.221435546875,Mouth closed
1713448108.485651,0.65771484375,0.73193359375,-0.220458984375,Mouth closed
1713448108.525033,0.658203125,0.731201171875,-0.222412109375,Mouth closed
1713448108.566985,0.656494140625,0.73193359375,-0.22705078125,Mouth closed
1713448108.605729,0.6572265625,0.73095703125,-0.219970703125,Mouth closed
1713448108.646796,0.66015625,0.736083984375,-0.224365234375,Mouth closed
1713448108.687702,0.6552734375,0.728759765625,-0.221435546875,Mouth closed
1713448108.730158,0.660400390625,0.7265625,-0.22314453125,Mouth closed
1713448108.768357,0.662353515625,0.728515625,-0.21630859375,Mouth closed
1713448108.810558,0.6650390625,0.728759765625,-0.22314453125,Mouth closed
1713448108.852232,0.659912109375,0.729248046875,-0.220947265625,Mouth closed
1713448108.885784,0.664306640625,0.73291015625,-0.22509765625,Mouth closed
1713448108.924795,0.6591796875,0.726806640625,-0.222900390625,Mouth closed
1713448108.969754,0.658447265625,0.729248046875,-0.22314453125,Mouth closed
1713448109.017976,0.66064453125,0.728759765625,-0.22119140625,Mouth closed
1713448109.045565,0.661376953125,0.728759765625,-0.22216796875,Mouth closed
1713448109.098556,0.661376953125,0.72705078125,-0.2216796875,Mouth closed
1713448109.128063,0.6611328125,0.72900390625,-0.221435546875,Mouth closed
1713448109.172386,0.6630859375,0.73095703125,-0.21875,Mouth closed
1713448109.206998,0.662841796875,0.729248046875,-0.218994140625,Mouth closed
1713448109.254898,0.662353515625,0.728759765625,-0.22216796875,Mouth closed
1713448109.287425,0.66015625,0.7265625,-0.220703125,Mouth closed
1713448109.342314,0.658447265625,0.728271484375,-0.219970703125,Mouth closed
1713448109.367694,0.6650390625,0.736328125,-0.220458984375,Mouth closed
1713448109.407662,0.6591796875,0.7294921875,-0.220458984375,Mouth closed
1713448109.448875,0.658935546875,0.727783203125,-0.22216796875,Mouth closed
1713448109.490312,0.663330078125,0.727294921875,-0.215576171875,Mouth closed
1713448109.528034,0.660400390625,0.730224609375,-0.21826171875,Mouth closed
1713448109.56766,0.65869140625,0.727783203125,-0.21240234375,Mouth closed
1713448109.608228,0.663818359375,0.731689453125,-0.2197265625,Mouth closed
1713448109.647056,0.66015625,0.7294921875,-0.220947265625,Mouth closed
1713448109.688378,0.657470703125,0.7294921875,-0.219970703125,Mouth closed
1713448109.728614,0.6591796875,0.72998046875,-0.21875,Mouth closed
1713448109.770882,0.65869140625,0.731689453125,-0.218994140625,Mouth closed
1713448109.807944,0.658935546875,0.728759765625,-0.22119140625,Mouth closed
1713448109.850696,0.6591796875,0.73193359375,-0.219482421875,Mouth closed
1713448109.88821,0.66357421875,0.727294921875,-0.218505859375,Mouth closed
1713448109.927124,0.66064453125,0.730224609375,-0.22021484375,Mouth closed
1713448109.967175,0.66064453125,0.729736328125,-0.219970703125,Mouth closed
1713448110.012626,0.659423828125,0.73046875,-0.21826171875,Mouth closed
1713448110.048105,0.65283203125,0.72802734375,-0.220703125,Mouth closed
1713448110.091762,0.656005859375,0.731201171875,-0.216796875,Mouth closed
1713448110.129113,0.66259765625,0.738037109375,-0.225341796875,Mouth closed
1713448110.169006,0.654541015625,0.7275390625,-0.2255859375,Mouth closed
1713448110.20882,0.65771484375,0.72705078125,-0.221435546875,Mouth closed
1713448110.248088,0.660400390625,0.73095703125,-0.218994140625,Mouth closed
1713448110.287623,0.662109375,0.727294921875,-0.222900390625,Mouth closed
1713448110.32857,0.658203125,0.72705078125,-0.21630859375,Mouth closed
1713448110.36827,0.664306640625,0.735107421875,-0.22265625,Mouth closed
1713448110.41107,0.656005859375,0.729736328125,-0.221435546875,Mouth closed
1713448110.448949,0.66064453125,0.73291015625,-0.220703125,Mouth closed
1713448110.4897,0.662353515625,0.73095703125,-0.22021484375,Mouth closed
1713448110.530069,0.658935546875,0.731689453125,-0.220947265625,Mouth closed
1713448110.570006,0.65869140625,0.72900390625,-0.216796875,Mouth closed
1713448110.609333,0.658935546875,0.728759765625,-0.21533203125,Mouth closed
1713448110.653088,0.659912109375,0.731689453125,-0.21826171875,Mouth closed
1713448110.689997,0.6591796875,0.728271484375,-0.216064453125,Mouth closed
1713448110.730527,0.66357421875,0.732666015625,-0.219970703125,Mouth closed
1713448110.776681,0.658447265625,0.72900390625,-0.22265625,Mouth closed
1713448110.813886,0.658203125,0.7275390625,-0.22021484375,Mouth closed
1713448110.854213,0.65966796875,0.734375,-0.216796875,Mouth closed
1713448110.890477,0.660400390625,0.7333984375,-0.223388671875,Mouth closed
1713448110.931003,0.65625,0.727783203125,-0.220947265625,Mouth closed
1713448110.969087,0.661865234375,0.72900390625,-0.219970703125,Mouth closed
1713448111.015361,0.66162109375,0.726806640625,-0.214111328125,Mouth closed
1713448111.050108,0.665283203125,0.728515625,-0.220703125,Mouth closed
1713448111.10006,0.659423828125,0.729248046875,-0.218017578125,Mouth closed
1713448111.12983,0.663330078125,0.734619140625,-0.220947265625,Mouth closed
1713448111.171697,0.658203125,0.7294921875,-0.218994140625,Mouth closed
1713448111.21821,0.65869140625,0.730712890625,-0.220458984375,Mouth closed
1713448111.250978,0.662353515625,0.734619140625,-0.21728515625,Mouth closed
1713448111.298139,0.658447265625,0.7294921875,-0.22021484375,Mouth closed
1713448111.335944,0.660400390625,0.7275390625,-0.219970703125,Mouth closed
1713448111.373584,0.66357421875,0.73095703125,-0.21337890625,Mouth closed
1713448111.413359,0.660888671875,0.727783203125,-0.215087890625,Mouth closed
1713448111.452795,0.662109375,0.7275390625,-0.215576171875,Mouth closed
1713448111.490914,0.662109375,0.728515625,-0.216796875,Mouth closed
1713448111.530725,0.6591796875,0.72802734375,-0.217041015625,Mouth closed
1713448111.572258,0.656005859375,0.7255859375,-0.22021484375,Mouth closed
1713448111.608631,0.658447265625,0.7294921875,-0.218994140625,Mouth closed
1713448111.656683,0.6650390625,0.734130859375,-0.216552734375,Mouth closed
1713448111.696311,0.65869140625,0.7314453125,-0.218994140625,Mouth closed
1713448111.731725,0.65966796875,0.7255859375,-0.22021484375,Mouth closed
1713448111.773917,0.663330078125,0.73046875,-0.212646484375,Mouth closed
1713448111.815751,0.66162109375,0.724365234375,-0.218505859375,Mouth closed
1713448111.854487,0.656005859375,0.724609375,-0.215576171875,Mouth closed
1713448111.891856,0.66455078125,0.727783203125,-0.216796875,Mouth closed
1713448111.933934,0.6611328125,0.729736328125,-0.21630859375,Mouth closed
1713448111.973409,0.6591796875,0.7294921875,-0.219970703125,Mouth closed
1713448112.013261,0.66357421875,0.730224609375,-0.216796875,Mouth closed
1713448112.051576,0.663330078125,0.728759765625,-0.218994140625,Mouth closed
1713448112.093052,0.6630859375,0.7275390625,-0.217529296875,Mouth closed
1713448112.133276,0.662109375,0.726806640625,-0.218017578125,Mouth closed
1713448112.171445,0.663330078125,0.728271484375,-0.2138671875,Mouth closed
1713448112.210795,0.66357421875,0.729248046875,-0.216552734375,Mouth closed
1713448112.250494,0.659423828125,0.72900390625,-0.21728515625,Mouth closed
1713448112.293787,0.661376953125,0.72607421875,-0.21875,Mouth closed
1713448112.330882,0.658935546875,0.727294921875,-0.217529296875,Mouth closed
1713448112.370702,0.657470703125,0.725341796875,-0.216796875,Mouth closed
1713448112.412074,0.66064453125,0.729736328125,-0.213623046875,Mouth closed
1713448112.451613,0.666748046875,0.736572265625,-0.22021484375,Mouth closed
1713448112.4904,0.659912109375,0.72900390625,-0.222900390625,Mouth closed
1713448112.531378,0.661376953125,0.724609375,-0.220703125,Mouth closed
1713448112.571601,0.666015625,0.724609375,-0.21337890625,Mouth closed
1713448112.611633,0.663330078125,0.724365234375,-0.21533203125,Mouth closed
1713448112.658139,0.65771484375,0.72705078125,-0.213623046875,Mouth closed
1713448112.696321,0.66650390625,0.730712890625,-0.22021484375,Mouth closed
1713448112.737811,0.663818359375,0.73046875,-0.22021484375,Mouth closed
1713448112.773712,0.660400390625,0.729736328125,-0.219970703125,Mouth closed
1713448112.814585,0.659912109375,0.731201171875,-0.218994140625,Mouth closed
1713448112.852399,0.659912109375,0.7294921875,-0.222412109375,Mouth closed
1713448112.892376,0.6572265625,0.72607421875,-0.222412109375,Mouth closed
1713448112.932886,0.659912109375,0.72705078125,-0.215087890625,Mouth closed
1713448112.972399,0.6611328125,0.727783203125,-0.21533203125,Mouth closed
1713448113.012293,0.663818359375,0.728271484375,-0.215576171875,Mouth closed
1713448113.057777,0.662109375,0.732177734375,-0.216552734375,Mouth closed
1713448113.094886,0.66162109375,0.728759765625,-0.2216796875,Mouth closed
1713448113.136712,0.6630859375,0.728515625,-0.221923828125,Mouth closed
1713448113.174233,0.662109375,0.728759765625,-0.218994140625,Mouth closed
1713448113.215182,0.6630859375,0.736083984375,-0.21923828125,Mouth closed
1713448113.25318,0.662841796875,0.732421875,-0.2236328125,Mouth closed
1713448113.299236,0.656982421875,0.72607421875,-0.22021484375,Mouth closed
1713448113.334474,0.6640625,0.72607421875,-0.2177734375,Mouth closed
1713448113.380022,0.6640625,0.727783203125,-0.216064453125,Mouth closed
1713448113.421311,0.660400390625,0.725830078125,-0.22216796875,Mouth closed
1713448113.456653,0.6650390625,0.73193359375,-0.220458984375,Mouth closed
1713448113.498492,0.65625,0.728515625,-0.2197265625,Mouth closed
1713448113.535216,0.655029296875,0.72998046875,-0.22314453125,Mouth closed
1713448113.578941,0.6591796875,0.72998046875,-0.219970703125,Mouth closed
1713448113.616785,0.662109375,0.73486328125,-0.218017578125,Mouth closed
1713448113.65546,0.659423828125,0.730224609375,-0.22119140625,Mouth closed
1713448113.696294,0.66064453125,0.7294921875,-0.21533203125,Mouth closed
1713448113.735769,0.66064453125,0.727783203125,-0.216552734375,Mouth closed
1713448113.775339,0.65869140625,0.730224609375,-0.21875,Mouth closed
1713448113.815699,0.66650390625,0.72998046875,-0.2197265625,Mouth closed
1713448113.856687,0.659912109375,0.732177734375,-0.21875,Mouth closed
1713448113.896684,0.657470703125,0.72607421875,-0.21875,Mouth closed
1713448113.935918,0.658203125,0.729736328125,-0.214111328125,Mouth closed
1713448113.977234,0.664306640625,0.73291015625,-0.223388671875,Mouth closed
1713448114.018295,0.65869140625,0.728515625,-0.2197265625,Mouth closed
1713448114.057291,0.659423828125,0.726318359375,-0.220458984375,Mouth closed
1713448114.098452,0.664794921875,0.7294921875,-0.215087890625,Mouth closed
1713448114.135979,0.6640625,0.730712890625,-0.21728515625,Mouth closed
1713448114.182629,0.658203125,0.7255859375,-0.21484375,Mouth closed
1713448114.216556,0.666015625,0.73291015625,-0.218994140625,Mouth closed
1713448114.257472,0.659423828125,0.728271484375,-0.218017578125,Mouth closed
1713448114.29768,0.6611328125,0.731201171875,-0.219482421875,Mouth closed
1713448114.337437,0.662353515625,0.733642578125,-0.21728515625,Mouth closed
1713448114.376755,0.662841796875,0.734130859375,-0.2197265625,Mouth closed
1713448114.414981,0.66357421875,0.734130859375,-0.221435546875,Mouth closed
1713448114.456378,0.664306640625,0.72900390625,-0.21630859375,Mouth closed
1713448114.496876,0.661376953125,0.7265625,-0.218017578125,Mouth closed
1713448114.536592,0.660888671875,0.7275390625,-0.21728515625,Mouth closed
1713448114.575061,0.663330078125,0.727294921875,-0.217529296875,Mouth closed
1713448114.616988,0.661376953125,0.729736328125,-0.219970703125,Mouth closed
1713448114.658684,0.662841796875,0.728515625,-0.221435546875,Mouth closed
1713448114.696064,0.6611328125,0.732666015625,-0.214599609375,Mouth closed
1713448114.737892,0.664306640625,0.735107421875,-0.2236328125,Mouth closed
1713448114.775751,0.65771484375,0.7255859375,-0.22314453125,Mouth closed
1713448114.815999,0.661865234375,0.7265625,-0.22216796875,Mouth closed
1713448114.853825,0.6640625,0.7265625,-0.21435546875,Mouth closed
1713448114.894788,0.66748046875,0.728271484375,-0.21923828125,Mouth closed
1713448114.93521,0.6591796875,0.725341796875,-0.2158203125,Mouth closed
1713448114.975803,0.665283203125,0.734130859375,-0.218994140625,Mouth closed
1713448115.016177,0.65966796875,0.7294921875,-0.217041015625,Mouth closed
1713448115.056023,0.659912109375,0.73095703125,-0.220458984375,Mouth closed
1713448115.100991,0.660400390625,0.731689453125,-0.220458984375,Mouth closed
1713448115.138607,0.659912109375,0.72998046875,-0.221923828125,Mouth closed
1713448115.178767,0.6630859375,0.728271484375,-0.2177734375,Mouth closed
1713448115.222028,0.6591796875,0.7265625,-0.216552734375,Mouth closed
1713448115.265333,0.667236328125,0.72509765625,-0.216796875,Mouth closed
1713448115.298557,0.662841796875,0.729248046875,-0.21826171875,Mouth closed
1713448115.34951,0.663330078125,0.725830078125,-0.22119140625,Mouth closed
1713448115.378378,0.660400390625,0.72998046875,-0.222412109375,Mouth closed
1713448115.427237,0.66162109375,0.73046875,-0.221923828125,Mouth closed
1713448115.455767,0.659912109375,0.7353515625,-0.217529296875,Mouth closed
1713448115.50903,0.6640625,0.7353515625,-0.221923828125,Mouth closed
1713448115.53721,0.657958984375,0.7265625,-0.220947265625,Mouth closed
1713448115.578045,0.6630859375,0.725341796875,-0.21826171875,Mouth closed
1713448115.615973,0.66015625,0.7236328125,-0.21484375,Mouth closed
1713448115.655527,0.66162109375,0.728515625,-0.217529296875,Mouth closed
1713448115.696416,0.662841796875,0.729736328125,-0.216552734375,Mouth closed
1713448115.747571,0.66259765625,0.733154296875,-0.217529296875,Mouth closed
1713448115.776513,0.657958984375,0.73046875,-0.22021484375,Mouth closed
1713448115.827925,0.659423828125,0.7333984375,-0.2197265625,Mouth closed
1713448115.863616,0.6611328125,0.73095703125,-0.220947265625,Mouth closed
1713448115.897568,0.658447265625,0.7265625,-0.2216796875,Mouth closed
1713448115.944112,0.659912109375,0.730224609375,-0.22021484375,Mouth closed
1713448115.978152,0.6630859375,0.729248046875,-0.219482421875,Mouth closed
1713448116.019562,0.658935546875,0.727294921875,-0.218017578125,Mouth closed
1713448116.059109,0.659912109375,0.732421875,-0.21826171875,Mouth closed
1713448116.099104,0.662353515625,0.730224609375,-0.224853515625,Mouth closed
1713448116.137484,0.660888671875,0.73046875,-0.2255859375,Mouth closed
1713448116.176007,0.661865234375,0.733642578125,-0.2158203125,Mouth closed
1713448116.215406,0.6591796875,0.733154296875,-0.2216796875,Mouth closed
1713448116.256724,0.657958984375,0.723876953125,-0.220947265625,Mouth closed
1713448116.296361,0.661376953125,0.72705078125,-0.220703125,Mouth closed
1713448116.337263,0.66162109375,0.72900390625,-0.215576171875,Mouth closed
1713448116.379322,0.659423828125,0.7294921875,-0.224365234375,Mouth closed
1713448116.41746,0.663330078125,0.73291015625,-0.2177734375,Mouth closed
1713448116.457842,0.6591796875,0.7294921875,-0.218505859375,Mouth closed
1713448116.499154,0.658203125,0.728271484375,-0.221435546875,Mouth closed
1713448116.538632,0.65771484375,0.73095703125,-0.221923828125,Mouth closed
1713448116.579809,0.66015625,0.730224609375,-0.222900390625,Mouth closed
1713448116.619489,0.65966796875,0.727294921875,-0.222412109375,Mouth closed
1713448116.664406,0.66259765625,0.728515625,-0.21826171875,Mouth closed
1713448116.699254,0.660888671875,0.727294921875,-0.21728515625,Mouth closed
1713448116.744025,0.66162109375,0.727783203125,-0.219970703125,Mouth closed
1713448116.780505,0.660400390625,0.728759765625,-0.216552734375,Mouth closed
1713448116.81725,0.657958984375,0.725830078125,-0.218994140625,Mouth closed
1713448116.856906,0.659423828125,0.729736328125,-0.217529296875,Mouth closed
1713448116.896298,0.665771484375,0.736328125,-0.22216796875,Mouth closed
1713448116.937243,0.6572265625,0.729736328125,-0.22119140625,Mouth closed
1713448116.978421,0.6611328125,0.7255859375,-0.218017578125,Mouth closed
1713448117.019586,0.665771484375,0.7275390625,-0.215087890625,Mouth closed
1713448117.058177,0.663330078125,0.72900390625,-0.21826171875,Mouth closed
1713448117.098241,0.656494140625,0.728271484375,-0.217529296875,Mouth closed
1713448117.142534,0.6669921875,0.732666015625,-0.220947265625,Mouth closed
1713448117.179507,0.65869140625,0.729248046875,-0.220947265625,Mouth closed
1713448117.219843,0.658935546875,0.728515625,-0.220458984375,Mouth closed
1713448117.26002,0.6630859375,0.730224609375,-0.21630859375,Mouth closed
1713448117.31098,0.658935546875,0.73486328125,-0.2177734375,Mouth closed
1713448117.339543,0.66162109375,0.72509765625,-0.216552734375,Mouth closed
1713448117.38419,0.6630859375,0.72900390625,-0.2158203125,Mouth closed
1713448117.426648,0.661865234375,0.72705078125,-0.2177734375,Mouth closed
1713448117.460737,0.66162109375,0.724853515625,-0.217529296875,Mouth closed
1713448117.504478,0.66455078125,0.72705078125,-0.2197265625,Mouth closed
1713448117.540786,0.666015625,0.7265625,-0.223388671875,Mouth closed
1713448117.5825,0.6611328125,0.72802734375,-0.21923828125,Mouth closed
1713448117.622412,0.6650390625,0.73388671875,-0.21630859375,Mouth closed
1713448117.660908,0.658447265625,0.73095703125,-0.222412109375,Mouth closed
1713448117.701848,0.658203125,0.725341796875,-0.2216796875,Mouth closed
1713448117.742566,0.666015625,0.725341796875,-0.217041015625,Mouth closed
1713448117.782504,0.66259765625,0.725830078125,-0.21630859375,Mouth closed
1713448117.822099,0.660888671875,0.7265625,-0.22021484375,Mouth closed
1713448117.861787,0.662841796875,0.73193359375,-0.218017578125,Mouth closed
1713448117.902694,0.66064453125,0.73193359375,-0.218994140625,Mouth closed
1713448117.942498,0.657470703125,0.729736328125,-0.220703125,Mouth closed
1713448117.981941,0.66064453125,0.72998046875,-0.220458984375,Mouth closed
1713448118.022737,0.659912109375,0.73046875,-0.21826171875,Mouth closed
1713448118.061436,0.662353515625,0.725830078125,-0.22021484375,Mouth closed
1713448118.102547,0.661865234375,0.72509765625,-0.21875,Mouth closed
1713448118.1391,0.6640625,0.72802734375,-0.213623046875,Mouth closed
1713448118.181386,0.664306640625,0.724365234375,-0.217041015625,Mouth closed
1713448118.219937,0.66162109375,0.72705078125,-0.21728515625,Mouth closed
1713448118.261331,0.66064453125,0.727783203125,-0.219970703125,Mouth closed
1713448118.299149,0.66162109375,0.733154296875,-0.2236328125,Mouth closed
1713448118.340399,0.66015625,0.7255859375,-0.22216796875,Mouth closed
1713448118.379985,0.6611328125,0.732666015625,-0.21533203125,Mouth closed
1713448118.419971,0.663818359375,0.7333984375,-0.220458984375,Mouth closed
1713448118.463462,0.65869140625,0.7236328125,-0.220947265625,Mouth closed
1713448118.51412,0.6650390625,0.726318359375,-0.217529296875,Mouth closed
1713448118.539912,0.664794921875,0.7255859375,-0.21630859375,Mouth closed
1713448118.587004,0.66259765625,0.721923828125,-0.220458984375,Mouth closed
1713448118.622232,0.6640625,0.7275390625,-0.2177734375,Mouth closed
1713448118.668847,0.664794921875,0.730712890625,-0.21826171875,Mouth closed
1713448118.702166,0.658935546875,0.726806640625,-0.220458984375,Mouth closed
1713448118.744215,0.66064453125,0.727783203125,-0.217529296875,Mouth closed
1713448118.782074,0.662841796875,0.731689453125,-0.217529296875,Mouth closed
1713448118.817844,0.660400390625,0.72998046875,-0.216796875,Mouth closed
1713448118.8578,0.65966796875,0.72900390625,-0.21923828125,Mouth closed
1713448118.903666,0.664306640625,0.72900390625,-0.215087890625,Mouth closed
1713448118.941964,0.663330078125,0.725830078125,-0.21826171875,Mouth closed
1713448118.983755,0.666748046875,0.728759765625,-0.215576171875,Mouth closed
1713448119.021815,0.665283203125,0.729248046875,-0.217529296875,Mouth closed
1713448119.063545,0.660400390625,0.725830078125,-0.216796875,Mouth closed
1713448119.100777,0.65966796875,0.722900390625,-0.214111328125,Mouth closed
1713448119.142926,0.664306640625,0.72900390625,-0.21240234375,Mouth closed
1713448119.180659,0.6669921875,0.734375,-0.218017578125,Mouth closed
1713448119.222333,0.657470703125,0.729736328125,-0.219482421875,Mouth closed
1713448119.261935,0.65966796875,0.7265625,-0.21923828125,Mouth closed
1713448119.30354,0.665283203125,0.729248046875,-0.213623046875,Mouth closed
1713448119.342293,0.6630859375,0.724853515625,-0.220703125,Mouth closed
1713448119.38316,0.656005859375,0.724609375,-0.2158203125,Mouth closed
1713448119.420224,0.666259765625,0.73388671875,-0.220947265625,Mouth closed
1713448119.459072,0.6591796875,0.728759765625,-0.21826171875,Mouth closed
1713448119.500939,0.658203125,0.727294921875,-0.218505859375,Mouth closed
1713448119.538754,0.662841796875,0.73291015625,-0.216552734375,Mouth closed
1713448119.579828,0.659912109375,0.727294921875,-0.21826171875,Mouth closed
1713448119.620098,0.661376953125,0.725830078125,-0.219482421875,Mouth closed
1713448119.661183,0.662353515625,0.727783203125,-0.220703125,Mouth closed
1713448119.700699,0.662109375,0.729248046875,-0.21484375,Mouth closed
1713448119.740714,0.6611328125,0.7294921875,-0.21630859375,Mouth closed
1713448119.781749,0.662353515625,0.7275390625,-0.21923828125,Mouth closed
1713448119.822682,0.659912109375,0.72998046875,-0.22119140625,Mouth closed
1713448119.860847,0.659912109375,0.72607421875,-0.223388671875,Mouth closed
1713448119.902757,0.662353515625,0.729736328125,-0.222900390625,Mouth closed
1713448119.942296,0.663818359375,0.733642578125,-0.223388671875,Mouth closed
1713448119.98178,0.658447265625,0.7275390625,-0.22314453125,Mouth closed
1713448120.022286,0.6572265625,0.72314453125,-0.21923828125,Mouth open
1713448120.061484,0.6640625,0.726318359375,-0.217041015625,Mouth open
1713448120.100985,0.661376953125,0.725830078125,-0.217041015625,Mouth open
1713448120.140147,0.65869140625,0.7265625,-0.21484375,Mouth open
1713448120.180776,0.663818359375,0.73046875,-0.2177734375,Mouth open
1713448120.220561,0.65771484375,0.731689453125,-0.220703125,Mouth open
1713448120.266263,0.656494140625,0.728759765625,-0.2177734375,Mouth open
1713448120.305044,0.659912109375,0.731201171875,-0.22021484375,Mouth open
1713448120.34399,0.6630859375,0.728759765625,-0.22021484375,Mouth open
1713448120.382267,0.659912109375,0.72607421875,-0.222412109375,Mouth open
1713448120.423943,0.661865234375,0.727294921875,-0.21728515625,Mouth open
1713448120.46185,0.6650390625,0.72998046875,-0.2177734375,Mouth open
1713448120.502743,0.662841796875,0.7275390625,-0.219970703125,Mouth open
1713448120.543486,0.664794921875,0.724853515625,-0.216796875,Mouth open
1713448120.595047,0.660888671875,0.7275390625,-0.22021484375,Mouth open
1713448120.629843,0.658447265625,0.727294921875,-0.22119140625,Mouth open
1713448120.669185,0.662109375,0.732177734375,-0.217041015625,Mouth open
1713448120.7015,0.66796875,0.736083984375,-0.217529296875,Mouth open
1713448120.740647,0.6611328125,0.73193359375,-0.22119140625,Mouth open
1713448120.784376,0.662109375,0.723876953125,-0.220703125,Mouth open
1713448120.82454,0.66552734375,0.72802734375,-0.212646484375,Mouth open
1713448120.862001,0.666259765625,0.725341796875,-0.215087890625,Mouth open
1713448120.915648,0.66259765625,0.721923828125,-0.21923828125,Mouth open
1713448120.943897,0.665283203125,0.73193359375,-0.216064453125,Mouth open
1713448120.99454,0.66064453125,0.73046875,-0.21923828125,Mouth open
1713448121.023523,0.658447265625,0.7265625,-0.220703125,Mouth open
1713448121.065185,0.66455078125,0.732177734375,-0.21875,Mouth open
1713448121.109682,0.66455078125,0.728271484375,-0.217529296875,Mouth open
1713448121.145162,0.662109375,0.72705078125,-0.217529296875,Mouth open
1713448121.186323,0.661865234375,0.72705078125,-0.216552734375,Mouth open
1713448121.226413,0.665283203125,0.72412109375,-0.21533203125,Mouth open
1713448121.266225,0.666015625,0.7275390625,-0.214599609375,Mouth open
1713448121.307522,0.66259765625,0.72900390625,-0.217529296875,Mouth open
1713448121.346382,0.66259765625,0.7275390625,-0.220458984375,Mouth open
1713448121.386223,0.66015625,0.726806640625,-0.215576171875,Mouth open
1713448121.424572,0.66162109375,0.724365234375,-0.21728515625,Mouth open
1713448121.464352,0.661376953125,0.731201171875,-0.21240234375,Mouth open
1713448121.502498,0.66650390625,0.735107421875,-0.2197265625,Mouth open
1713448121.542946,0.662109375,0.727294921875,-0.219970703125,Mouth open
1713448121.58242,0.66162109375,0.723876953125,-0.22021484375,Mouth open
1713448121.624324,0.66748046875,0.72705078125,-0.212158203125,Mouth open
1713448121.663502,0.66357421875,0.7255859375,-0.21728515625,Mouth open
1713448121.703733,0.662841796875,0.72314453125,-0.215576171875,Mouth open
1713448121.743383,0.666748046875,0.7294921875,-0.21826171875,Mouth open
1713448121.783627,0.66455078125,0.7294921875,-0.21875,Mouth open
1713448121.823636,0.660888671875,0.72802734375,-0.216796875,Mouth open
1713448121.867305,0.6630859375,0.729736328125,-0.2158203125,Mouth open
1713448121.904931,0.662841796875,0.725830078125,-0.218994140625,Mouth open
1713448121.953441,0.66162109375,0.726806640625,-0.21826171875,Mouth open
1713448121.984404,0.662109375,0.7265625,-0.218994140625,Mouth open
1713448122.037621,0.66552734375,0.726806640625,-0.216552734375,Mouth open
1713448122.061268,0.666259765625,0.72802734375,-0.216796875,Mouth open
1713448122.106926,0.662353515625,0.72265625,-0.21875,Mouth open
1713448122.143781,0.662841796875,0.729248046875,-0.22021484375,Mouth open
1713448122.185632,0.66064453125,0.726806640625,-0.221923828125,Mouth open
1713448122.229378,0.66455078125,0.7294921875,-0.218505859375,Mouth open
1713448122.263326,0.666748046875,0.736572265625,-0.215087890625,Mouth open
1713448122.307424,0.6640625,0.73095703125,-0.2177734375,Mouth open
1713448122.346255,0.658447265625,0.72705078125,-0.218017578125,Mouth open
1713448122.384172,0.665771484375,0.7275390625,-0.213623046875,Mouth open
1713448122.425266,0.662353515625,0.726806640625,-0.214111328125,Mouth open
1713448122.465585,0.662109375,0.725341796875,-0.22021484375,Mouth open
1713448122.504759,0.664306640625,0.73046875,-0.219482421875,Mouth open
1713448122.545171,0.659912109375,0.7294921875,-0.219970703125,Mouth open
1713448122.585177,0.6591796875,0.726806640625,-0.221435546875,Mouth open
1713448122.625272,0.66015625,0.73046875,-0.220947265625,Mouth open
1713448122.668708,0.65673828125,0.729736328125,-0.221435546875,Mouth open
1713448122.703221,0.66015625,0.728759765625,-0.2275390625,Mouth open
1713448122.744093,0.654296875,0.73583984375,-0.232666015625,Mouth open
1713448122.783902,0.673828125,0.729736328125,-0.208251953125,Mouth open
1713448122.823236,0.658203125,0.725830078125,-0.2041015625,Mouth open
1713448122.864187,0.6689453125,0.726806640625,-0.226806640625,Mouth open
1713448122.905193,0.667724609375,0.724853515625,-0.213623046875,Mouth open
1713448122.944309,0.663330078125,0.722900390625,-0.224853515625,Mouth open
1713448122.986012,0.6611328125,0.72705078125,-0.22216796875,Mouth open
1713448123.025241,0.66015625,0.73486328125,-0.22705078125,Mouth open
1713448123.065094,0.660888671875,0.730224609375,-0.232421875,Mouth open
1713448123.109829,0.65869140625,0.72900390625,-0.23046875,Mouth open
1713448123.146061,0.662109375,0.728515625,-0.223388671875,Mouth open
1713448123.187147,0.657958984375,0.726318359375,-0.223876953125,Mouth open
1713448123.226976,0.658935546875,0.726318359375,-0.224365234375,Mouth open
1713448123.278482,0.664794921875,0.728759765625,-0.2197265625,Mouth open
1713448123.306914,0.65966796875,0.72802734375,-0.223388671875,Mouth open
1713448123.346166,0.656494140625,0.724609375,-0.223388671875,Mouth open
1713448123.384652,0.66162109375,0.7294921875,-0.222412109375,Mouth open
1713448123.430962,0.657958984375,0.72705078125,-0.218994140625,Mouth open
1713448123.46691,0.658203125,0.7275390625,-0.225830078125,Mouth open
1713448123.507574,0.6591796875,0.730224609375,-0.224365234375,Mouth open
1713448123.547637,0.661865234375,0.7275390625,-0.22314453125,Mouth open
1713448123.599152,0.662841796875,0.73046875,-0.221435546875,Mouth open
1713448123.627565,0.663330078125,0.7294921875,-0.225341796875,Mouth open
1713448123.677917,0.659423828125,0.72998046875,-0.225341796875,Mouth open
1713448123.707118,0.66064453125,0.72607421875,-0.225830078125,Mouth open
1713448123.75163,0.65869140625,0.729736328125,-0.22119140625,Mouth open
1713448123.79418,0.662109375,0.734619140625,-0.228271484375,Mouth open
1713448123.829006,0.654052734375,0.72705078125,-0.222900390625,Mouth open
1713448123.872254,0.660888671875,0.726806640625,-0.2265625,Mouth open
1713448123.91186,0.661865234375,0.7275390625,-0.218017578125,Mouth open
1713448123.950176,0.6669921875,0.726318359375,-0.22265625,Mouth open
1713448123.988841,0.66162109375,0.7275390625,-0.2236328125,Mouth open
1713448124.027288,0.6640625,0.728759765625,-0.223876953125,Mouth open
1713448124.066366,0.656005859375,0.726806640625,-0.224609375,Mouth open
1713448124.105089,0.658447265625,0.729736328125,-0.224853515625,Mouth open
1713448124.145318,0.6611328125,0.730712890625,-0.2236328125,Mouth open
1713448124.185939,0.6591796875,0.729248046875,-0.22314453125,Mouth open
1713448124.226269,0.658447265625,0.72998046875,-0.2236328125,Mouth open
1713448124.266873,0.65771484375,0.729248046875,-0.221923828125,Mouth open
1713448124.306905,0.66357421875,0.72998046875,-0.220703125,Mouth open
1713448124.346961,0.66162109375,0.72705078125,-0.22265625,Mouth open
1713448124.38697,0.66162109375,0.72900390625,-0.22314453125,Mouth open
1713448124.428069,0.66064453125,0.731201171875,-0.2275390625,Mouth open
1713448124.467564,0.65771484375,0.730224609375,-0.223876953125,Mouth open
1713448124.508053,0.659912109375,0.732666015625,-0.220458984375,Mouth open
1713448124.548214,0.659423828125,0.73291015625,-0.224365234375,Mouth open
1713448124.586909,0.658447265625,0.724609375,-0.220458984375,Mouth open
1713448124.630283,0.663330078125,0.72265625,-0.22265625,Mouth open
1713448124.66525,0.6640625,0.72607421875,-0.216552734375,Mouth open
1713448124.704889,0.6611328125,0.724365234375,-0.2255859375,Mouth open
1713448124.746412,0.6591796875,0.727783203125,-0.221923828125,Mouth open
1713448124.7861,0.661376953125,0.73095703125,-0.225341796875,Mouth open
1713448124.827293,0.65673828125,0.7314453125,-0.22509765625,Mouth open
1713448124.866908,0.65673828125,0.73291015625,-0.224853515625,Mouth open
1713448124.906997,0.658935546875,0.729736328125,-0.22412109375,Mouth open
1713448124.94709,0.658935546875,0.727783203125,-0.22509765625,Mouth open
1713448124.993266,0.6611328125,0.728759765625,-0.2236328125,Mouth open
1713448125.029264,0.661376953125,0.732177734375,-0.219970703125,Mouth open
1713448125.069849,0.66064453125,0.728759765625,-0.21875,Mouth open
1713448125.107827,0.660888671875,0.726318359375,-0.2236328125,Mouth open
1713448125.161252,0.6591796875,0.728515625,-0.22216796875,Mouth open
1713448125.190004,0.654296875,0.727783203125,-0.22412109375,Mouth open
1713448125.238595,0.6552734375,0.729248046875,-0.22509765625,Mouth open
1713448125.267885,0.66455078125,0.73779296875,-0.224609375,Mouth open
1713448125.315982,0.656005859375,0.73291015625,-0.224365234375,Mouth open
1713448125.351968,0.6572265625,0.727783203125,-0.224365234375,Mouth open
1713448125.3922,0.663330078125,0.727294921875,-0.218505859375,Mouth open
1713448125.430656,0.664306640625,0.7275390625,-0.219970703125,Mouth open
1713448125.470419,0.6552734375,0.728759765625,-0.217529296875,Mouth open
1713448125.508259,0.662841796875,0.732421875,-0.222412109375,Mouth open
1713448125.548858,0.6611328125,0.730224609375,-0.220947265625,Mouth open
1713448125.588213,0.65771484375,0.727783203125,-0.223876953125,Mouth open
1713448125.629988,0.658203125,0.730224609375,-0.2216796875,Mouth open
1713448125.668887,0.660400390625,0.732666015625,-0.223388671875,Mouth open
1713448125.709203,0.658203125,0.7294921875,-0.22412109375,Mouth open
1713448125.750162,0.66162109375,0.7294921875,-0.220458984375,Mouth open
1713448125.788858,0.65966796875,0.72900390625,-0.2236328125,Mouth open
1713448125.830552,0.660888671875,0.729736328125,-0.22607421875,Mouth open
1713448125.870212,0.656982421875,0.72900390625,-0.222900390625,Mouth open
1713448125.908874,0.656982421875,0.724609375,-0.22607421875,Mouth open
1713448125.949996,0.656494140625,0.732666015625,-0.21826171875,Mouth open
1713448125.987405,0.665771484375,0.735595703125,-0.225341796875,Mouth open
1713448126.02805,0.655029296875,0.72509765625,-0.2236328125,Mouth open
1713448126.069148,0.659423828125,0.7255859375,-0.222412109375,Mouth open
1713448126.111782,0.665283203125,0.726806640625,-0.213623046875,Mouth open
1713448126.150377,0.66748046875,0.729248046875,-0.218994140625,Mouth open
1713448126.190088,0.659423828125,0.725341796875,-0.219482421875,Mouth open
1713448126.229917,0.666015625,0.732666015625,-0.22216796875,Mouth open
1713448126.270938,0.65625,0.72900390625,-0.22119140625,Mouth open
1713448126.310161,0.659423828125,0.728515625,-0.22412109375,Mouth open
1713448126.34961,0.659423828125,0.73095703125,-0.224853515625,Mouth open
1713448126.3957,0.65966796875,0.73046875,-0.225830078125,Mouth open
1713448126.431867,0.662353515625,0.73193359375,-0.220947265625,Mouth open
1713448126.472209,0.66162109375,0.731201171875,-0.2197265625,Mouth open
1713448126.510648,0.6611328125,0.727783203125,-0.221435546875,Mouth open
1713448126.56341,0.660400390625,0.7265625,-0.2236328125,Mouth open
1713448126.590518,0.663330078125,0.7294921875,-0.220458984375,Mouth open
1713448126.634924,0.659912109375,0.72900390625,-0.220947265625,Mouth open
1713448126.671128,0.660400390625,0.729736328125,-0.22021484375,Mouth open
1713448126.723181,0.6630859375,0.732177734375,-0.2255859375,Mouth open
1713448126.751892,0.655517578125,0.7275390625,-0.224609375,Mouth open
1713448126.797519,0.660888671875,0.7265625,-0.223388671875,Mouth open
1713448126.830541,0.66455078125,0.727294921875,-0.22119140625,Mouth open
1713448126.874338,0.661865234375,0.725341796875,-0.22509765625,Mouth open
1713448126.909608,0.66455078125,0.727294921875,-0.222412109375,Mouth open
1713448126.954494,0.66259765625,0.7294921875,-0.222412109375,Mouth open
1713448126.995737,0.660400390625,0.727783203125,-0.220703125,Mouth open
1713448127.032378,0.662109375,0.72802734375,-0.219482421875,Mouth open
1713448127.074343,0.662841796875,0.7294921875,-0.21826171875,Mouth open
1713448127.113951,0.66259765625,0.726318359375,-0.2197265625,Mouth open
1713448127.15237,0.663330078125,0.730224609375,-0.2197265625,Mouth open
1713448127.190823,0.66552734375,0.725341796875,-0.218994140625,Mouth open
1713448127.229854,0.662109375,0.72607421875,-0.220703125,Mouth open
1713448127.278712,0.6640625,0.7265625,-0.22119140625,Mouth open
1713448127.307557,0.658203125,0.728759765625,-0.2197265625,Mouth open
1713448127.356999,0.657470703125,0.724853515625,-0.223876953125,Mouth open
1713448127.394696,0.658447265625,0.727783203125,-0.222900390625,Mouth open
1713448127.434167,0.666015625,0.7333984375,-0.220458984375,Mouth open
1713448127.472847,0.66064453125,0.727783203125,-0.221923828125,Mouth open
1713448127.511481,0.6640625,0.721923828125,-0.221435546875,Mouth open
1713448127.549579,0.668212890625,0.7275390625,-0.21484375,Mouth open
1713448127.590032,0.667236328125,0.728759765625,-0.216064453125,Mouth open
1713448127.629434,0.661865234375,0.72705078125,-0.217041015625,Mouth open
1713448127.669832,0.66552734375,0.730712890625,-0.221923828125,Mouth open
1713448127.710585,0.65869140625,0.7255859375,-0.220947265625,Mouth open
1713448127.751526,0.658447265625,0.7275390625,-0.221923828125,Mouth open
1713448127.791603,0.661865234375,0.727294921875,-0.221435546875,Mouth open
1713448127.831352,0.66162109375,0.727294921875,-0.222412109375,Mouth open
1713448127.870288,0.660888671875,0.72900390625,-0.22021484375,Mouth open
1713448127.911543,0.665771484375,0.729736328125,-0.21728515625,Mouth open
1713448127.951842,0.66162109375,0.727294921875,-0.2197265625,Mouth open
1713448127.992896,0.660400390625,0.7275390625,-0.222900390625,Mouth open
1713448128.032425,0.661376953125,0.72802734375,-0.221923828125,Mouth open
1713448128.072918,0.66162109375,0.72802734375,-0.21875,Mouth open
1713448128.111814,0.656494140625,0.7255859375,-0.22265625,Mouth open
1713448128.154087,0.659912109375,0.728515625,-0.219970703125,Mouth open
1713448128.193104,0.66650390625,0.7353515625,-0.222900390625,Mouth open
1713448128.234144,0.65771484375,0.728515625,-0.224365234375,Mouth open
1713448128.27307,0.66015625,0.72314453125,-0.218505859375,Mouth open
1713448128.314445,0.6650390625,0.72705078125,-0.217041015625,Mouth open
1713448128.352624,0.66357421875,0.7275390625,-0.220947265625,Mouth open
1713448128.393658,0.657470703125,0.7275390625,-0.218505859375,Mouth open
1713448128.433472,0.665283203125,0.732177734375,-0.221435546875,Mouth open
1713448128.473889,0.6572265625,0.72998046875,-0.220703125,Mouth open
1713448128.513286,0.656494140625,0.728759765625,-0.222900390625,Mouth open
1713448128.552162,0.6591796875,0.729248046875,-0.22021484375,Mouth open
1713448128.590464,0.659912109375,0.728759765625,-0.222900390625,Mouth open
1713448128.631339,0.662109375,0.73095703125,-0.220458984375,Mouth open
1713448128.669121,0.658447265625,0.7275390625,-0.219482421875,Mouth open
1713448128.712519,0.661376953125,0.72802734375,-0.218017578125,Mouth open
1713448128.750229,0.65869140625,0.729248046875,-0.22216796875,Mouth open
1713448128.792542,0.661376953125,0.730224609375,-0.22119140625,Mouth open
1713448128.831772,0.662109375,0.73193359375,-0.22216796875,Mouth open
1713448128.872,0.661865234375,0.72802734375,-0.22509765625,Mouth open
1713448128.911229,0.6591796875,0.72900390625,-0.223388671875,Mouth open
1713448128.950811,0.666259765625,0.734130859375,-0.22314453125,Mouth open
1713448128.990496,0.65966796875,0.730712890625,-0.2236328125,Mouth open
1713448129.037971,0.657470703125,0.72412109375,-0.22119140625,Mouth open
1713448129.071802,0.661376953125,0.727783203125,-0.216552734375,Mouth open
1713448129.111865,0.65869140625,0.72705078125,-0.22119140625,Mouth open
1713448129.151358,0.65576171875,0.7275390625,-0.220458984375,Mouth open
1713448129.191071,0.66064453125,0.731201171875,-0.2265625,Mouth open
1713448129.230918,0.65673828125,0.7314453125,-0.224609375,Mouth open
1713448129.270692,0.65673828125,0.7294921875,-0.2265625,Mouth open
1713448129.310598,0.65625,0.730712890625,-0.223388671875,Mouth open
1713448129.372175,0.6591796875,0.72998046875,-0.22314453125,Mouth open
1713448129.391215,0.661376953125,0.730712890625,-0.224365234375,Mouth open
1713448129.431621,0.657958984375,0.727783203125,-0.221923828125,Mouth open
1713448129.472565,0.660888671875,0.7314453125,-0.220947265625,Mouth open
1713448129.512251,0.663818359375,0.728515625,-0.218994140625,Mouth open
1713448129.552423,0.662109375,0.732421875,-0.222900390625,Mouth open
1713448129.599491,0.661865234375,0.72802734375,-0.225830078125,Mouth open
1713448129.633527,0.66064453125,0.728759765625,-0.223876953125,Mouth open
1713448129.673385,0.6630859375,0.733154296875,-0.2197265625,Mouth open
1713448129.714337,0.662841796875,0.733154296875,-0.22705078125,Mouth open
1713448129.753454,0.65771484375,0.724853515625,-0.222900390625,Mouth open
1713448129.794339,0.662841796875,0.726318359375,-0.22021484375,Mouth open
1713448129.834422,0.6630859375,0.72607421875,-0.2216796875,Mouth open
1713448129.872385,0.66015625,0.724365234375,-0.22021484375,Mouth open
1713448129.913159,0.662841796875,0.728271484375,-0.21875,Mouth open
1713448129.951397,0.663818359375,0.728515625,-0.2216796875,Mouth open
1713448129.991452,0.65625,0.723388671875,-0.22119140625,Mouth open
1713448130.0358,0.661376953125,0.73095703125,-0.2236328125,Mouth open
1713448130.072236,0.658935546875,0.7314453125,-0.219970703125,Mouth open
1713448130.114185,0.662841796875,0.727783203125,-0.221435546875,Mouth open
1713448130.1538,0.66015625,0.726318359375,-0.22021484375,Mouth open
1713448130.194765,0.6650390625,0.729736328125,-0.21923828125,Mouth open
1713448130.273725,0.661865234375,0.729248046875,-0.222900390625,Mouth open
1713448130.296656,0.662841796875,0.73046875,-0.220703125,Mouth open
1713448130.313762,0.66455078125,0.729736328125,-0.22265625,Mouth open
1713448130.35424,0.65771484375,0.723388671875,-0.22119140625,Mouth open
1713448130.394414,0.663818359375,0.725830078125,-0.22021484375,Mouth open
1713448130.434971,0.662109375,0.732421875,-0.2216796875,Mouth open
1713448130.474309,0.662109375,0.72900390625,-0.223876953125,Mouth open
1713448130.513369,0.658935546875,0.723876953125,-0.222900390625,Mouth open
1713448130.5544,0.665283203125,0.72314453125,-0.218994140625,Mouth open
1713448130.593762,0.666748046875,0.722900390625,-0.220703125,Mouth open
1713448130.636226,0.66015625,0.72119140625,-0.22021484375,Mouth open
1713448130.681491,0.66357421875,0.72998046875,-0.2216796875,Mouth open
1713448130.726374,0.660888671875,0.73095703125,-0.22021484375,Mouth open
1713448130.75555,0.661376953125,0.72705078125,-0.220458984375,Mouth open
1713448130.801329,0.659912109375,0.730224609375,-0.2197265625,Mouth open
1713448130.835247,0.663330078125,0.72900390625,-0.218994140625,Mouth open
1713448130.879971,0.6640625,0.728759765625,-0.220458984375,Mouth open
1713448130.9219,0.66015625,0.7255859375,-0.220947265625,Mouth open
1713448130.961335,0.664794921875,0.72900390625,-0.21728515625,Mouth open
1713448131.000918,0.661376953125,0.7275390625,-0.221435546875,Mouth open
1713448131.040638,0.658935546875,0.7275390625,-0.220947265625,Mouth open
1713448131.079431,0.658447265625,0.729248046875,-0.219482421875,Mouth open
1713448131.118732,0.66015625,0.728515625,-0.220703125,Mouth open
1713448131.157826,0.656494140625,0.7294921875,-0.22021484375,Mouth open
1713448131.206904,0.6650390625,0.730712890625,-0.2236328125,Mouth open
1713448131.235408,0.657470703125,0.726318359375,-0.221435546875,Mouth open
1713448131.284331,0.661865234375,0.726318359375,-0.22021484375,Mouth open
1713448131.314919,0.6640625,0.72607421875,-0.216552734375,Mouth open
1713448131.367988,0.660400390625,0.725830078125,-0.216796875,Mouth open
1713448131.395455,0.6572265625,0.720703125,-0.218505859375,Mouth open
1713448131.436061,0.663330078125,0.73046875,-0.220947265625,Mouth open
1713448131.476586,0.66162109375,0.726318359375,-0.2236328125,Mouth open
1713448131.517662,0.661865234375,0.730712890625,-0.22216796875,Mouth open
1713448131.558512,0.6591796875,0.728759765625,-0.21923828125,Mouth open
1713448131.60216,0.66064453125,0.72509765625,-0.218505859375,Mouth open
1713448131.637046,0.660400390625,0.728271484375,-0.22265625,Mouth open
1713448131.678072,0.66259765625,0.729248046875,-0.220703125,Mouth open
1713448131.719377,0.662353515625,0.728759765625,-0.218017578125,Mouth open
1713448131.757626,0.659912109375,0.728515625,-0.22216796875,Mouth open
1713448131.797996,0.6591796875,0.732421875,-0.221923828125,Mouth open
1713448131.836169,0.65673828125,0.73046875,-0.224609375,Mouth open
1713448131.877542,0.658935546875,0.727783203125,-0.2216796875,Mouth open
1713448131.916065,0.659423828125,0.730224609375,-0.21533203125,Mouth open
1713448131.956623,0.666259765625,0.734130859375,-0.22265625,Mouth open
1713448131.997875,0.65673828125,0.725830078125,-0.22314453125,Mouth open
1713448132.036482,0.66259765625,0.7255859375,-0.222900390625,Mouth open
1713448132.076276,0.66796875,0.72705078125,-0.216064453125,Mouth open
1713448132.119046,0.6650390625,0.7275390625,-0.22509765625,Mouth open
1713448132.157387,0.661865234375,0.73046875,-0.223388671875,Mouth open
1713448132.19782,0.66357421875,0.732666015625,-0.22607421875,Mouth open
1713448132.238,0.658935546875,0.726806640625,-0.22265625,Mouth open
1713448132.280786,0.659423828125,0.728759765625,-0.220947265625,Mouth open
1713448132.321665,0.662841796875,0.7265625,-0.221923828125,Mouth open
1713448132.359365,0.65966796875,0.726806640625,-0.221435546875,Mouth open
1713448132.404639,0.66357421875,0.72509765625,-0.22216796875,Mouth open
1713448132.439044,0.66357421875,0.726806640625,-0.21826171875,Mouth open
1713448132.477363,0.661376953125,0.727783203125,-0.216796875,Mouth open
1713448132.529788,0.663330078125,0.727783203125,-0.222900390625,Mouth open
1713448132.557688,0.658203125,0.724853515625,-0.218994140625,Mouth open
1713448132.596148,0.658203125,0.725830078125,-0.219482421875,Mouth open
1713448132.634966,0.659423828125,0.732421875,-0.21923828125,Mouth open
1713448132.677203,0.6630859375,0.73193359375,-0.224365234375,Mouth open
1713448132.717291,0.6572265625,0.728271484375,-0.223876953125,Mouth open
1713448132.75769,0.660400390625,0.72705078125,-0.220947265625,Mouth open
1713448132.799883,0.6650390625,0.72607421875,-0.21630859375,Mouth open
1713448132.837384,0.6650390625,0.727294921875,-0.22119140625,Mouth open
1713448132.877352,0.65771484375,0.726318359375,-0.2197265625,Mouth open
1713448132.917106,0.6650390625,0.73291015625,-0.223876953125,Mouth open
1713448132.958088,0.65771484375,0.725830078125,-0.221923828125,Mouth open
1713448132.997887,0.660888671875,0.72607421875,-0.221923828125,Mouth open
1713448133.0382,0.659912109375,0.728759765625,-0.2216796875,Mouth open
1713448133.076835,0.659912109375,0.728759765625,-0.22412109375,Mouth open
1713448133.116901,0.659912109375,0.72802734375,-0.22314453125,Mouth open
1713448133.156124,0.661376953125,0.727783203125,-0.21923828125,Mouth open
1713448133.197161,0.659912109375,0.726806640625,-0.220458984375,Mouth open
1713448133.23796,0.66064453125,0.726318359375,-0.2197265625,Mouth open
1713448133.280741,0.65869140625,0.7275390625,-0.218017578125,Mouth open
1713448133.320678,0.66015625,0.731201171875,-0.218505859375,Mouth open
1713448133.358046,0.655029296875,0.729248046875,-0.230224609375,Mouth open
1713448133.402251,0.6572265625,0.734130859375,-0.217041015625,Mouth open
1713448133.444778,0.666259765625,0.7392578125,-0.22216796875,Mouth open
1713448133.484587,0.65771484375,0.72998046875,-0.22119140625,Mouth open
1713448133.526922,0.667236328125,0.721923828125,-0.217041015625,Mouth open
1713448133.558781,0.66943359375,0.72265625,-0.210205078125,Mouth open
1713448133.605237,0.668701171875,0.716796875,-0.217041015625,Mouth open
1713448133.639236,0.66845703125,0.72265625,-0.22119140625,Mouth open
1713448133.687458,0.6689453125,0.727783203125,-0.215576171875,Mouth open
1713448133.718468,0.6640625,0.7333984375,-0.216552734375,Mouth open
1713448133.762239,0.660400390625,0.733642578125,-0.228271484375,Mouth open
1713448133.801641,0.661376953125,0.726318359375,-0.227294921875,Mouth open
1713448133.836822,0.6650390625,0.724853515625,-0.218505859375,Mouth open
1713448133.877513,0.664794921875,0.726806640625,-0.21875,Mouth open
1713448133.91689,0.66552734375,0.72509765625,-0.21826171875,Mouth open
1713448133.962657,0.667236328125,0.725830078125,-0.218994140625,Mouth open
1713448133.99825,0.6689453125,0.72412109375,-0.21533203125,Mouth open
1713448134.037076,0.66748046875,0.724609375,-0.215087890625,Mouth open
1713448134.078184,0.66748046875,0.7255859375,-0.218017578125,Mouth open
1713448134.118051,0.66357421875,0.721923828125,-0.21923828125,Mouth open
1713448134.157989,0.661865234375,0.723876953125,-0.22265625,Mouth open
1713448134.205145,0.666015625,0.73046875,-0.221435546875,Mouth open
1713448134.238321,0.665283203125,0.728271484375,-0.226318359375,Mouth open
1713448134.277723,0.6640625,0.7197265625,-0.219970703125,Mouth open
1713448134.318927,0.66552734375,0.71875,-0.216796875,Mouth open
1713448134.358208,0.665771484375,0.7216796875,-0.220458984375,Mouth open
1713448134.39798,0.661376953125,0.720947265625,-0.230224609375,Mouth open
1713448134.441765,0.66943359375,0.72607421875,-0.216796875,Mouth open
1713448134.474782,0.66552734375,0.724609375,-0.218017578125,Mouth open
1713448134.516654,0.661376953125,0.72021484375,-0.2236328125,Mouth open
1713448134.556841,0.6650390625,0.72265625,-0.220703125,Mouth open
1713448134.596021,0.6650390625,0.7294921875,-0.2177734375,Mouth open
1713448134.638032,0.658203125,0.7294921875,-0.220703125,Mouth open
1713448134.677043,0.661865234375,0.729736328125,-0.221923828125,Mouth open
1713448134.71667,0.663818359375,0.732421875,-0.220458984375,Mouth open
1713448134.756911,0.66015625,0.723876953125,-0.2216796875,Mouth open
1713448134.800283,0.66162109375,0.726318359375,-0.22265625,Mouth open
1713448134.837902,0.664306640625,0.728271484375,-0.218017578125,Mouth open
1713448134.879623,0.664306640625,0.7255859375,-0.220703125,Mouth open
1713448134.919734,0.66650390625,0.724853515625,-0.217529296875,Mouth open
1713448134.960364,0.6640625,0.7255859375,-0.21630859375,Mouth open
1713448135.001772,0.670166015625,0.73095703125,-0.2216796875,Mouth closed
1713448135.043866,0.65966796875,0.723388671875,-0.2197265625,Mouth closed
1713448135.076071,0.66259765625,0.72412109375,-0.22216796875,Mouth closed
1713448135.12161,0.66552734375,0.72509765625,-0.218017578125,Mouth closed
1713448135.158623,0.6640625,0.724365234375,-0.2216796875,Mouth closed
1713448135.202128,0.662841796875,0.723876953125,-0.218505859375,Mouth closed
1713448135.23835,0.668701171875,0.727294921875,-0.22119140625,Mouth closed
1713448135.277718,0.66357421875,0.7255859375,-0.221435546875,Mouth closed
1713448135.318176,0.664794921875,0.726318359375,-0.22021484375,Mouth closed
1713448135.357182,0.662109375,0.7265625,-0.219482421875,Mouth closed
1713448135.407222,0.660400390625,0.72265625,-0.224365234375,Mouth closed
1713448135.439989,0.66552734375,0.7255859375,-0.220703125,Mouth closed
1713448135.482156,0.66357421875,0.727783203125,-0.219482421875,Mouth closed
1713448135.523145,0.66357421875,0.725341796875,-0.221435546875,Mouth closed
1713448135.566366,0.660400390625,0.724365234375,-0.22265625,Mouth closed
1713448135.598633,0.667236328125,0.727783203125,-0.223876953125,Mouth closed
1713448135.649979,0.66455078125,0.7255859375,-0.224853515625,Mouth closed
1713448135.679478,0.659912109375,0.72509765625,-0.226806640625,Mouth closed
1713448135.73343,0.662841796875,0.728271484375,-0.22412109375,Mouth closed
1713448135.758975,0.66748046875,0.7275390625,-0.225341796875,Mouth closed
1713448135.800908,0.656494140625,0.7197265625,-0.221435546875,Mouth closed
1713448135.837589,0.666015625,0.723388671875,-0.225830078125,Mouth closed
1713448135.87796,0.6640625,0.733154296875,-0.217529296875,Mouth closed
1713448135.918354,0.667236328125,0.7294921875,-0.222412109375,Mouth closed
1713448135.958867,0.657958984375,0.729248046875,-0.220458984375,Mouth closed
1713448135.998637,0.670166015625,0.73095703125,-0.229248046875,Mouth closed
1713448136.038946,0.66064453125,0.72314453125,-0.22412109375,Mouth closed
1713448136.080136,0.66455078125,0.72509765625,-0.222412109375,Mouth closed
1713448136.118767,0.664306640625,0.7236328125,-0.224365234375,Mouth closed
1713448136.159594,0.6630859375,0.72021484375,-0.226318359375,Mouth closed
1713448136.200855,0.6650390625,0.72705078125,-0.220458984375,Mouth closed
1713448136.241955,0.663818359375,0.72607421875,-0.222900390625,Mouth closed
1713448136.28486,0.66552734375,0.7294921875,-0.224365234375,Mouth closed
1713448136.324527,0.66015625,0.726318359375,-0.2216796875,Mouth closed
1713448136.360444,0.66064453125,0.72705078125,-0.223388671875,Mouth closed
1713448136.398003,0.65771484375,0.7275390625,-0.22265625,Mouth closed
1713448136.449588,0.658447265625,0.724609375,-0.224853515625,Mouth closed
1713448136.478737,0.660888671875,0.723876953125,-0.2138671875,Mouth closed
1713448136.51897,0.6708984375,0.733642578125,-0.218017578125,Mouth closed
1713448136.558739,0.66357421875,0.725830078125,-0.22265625,Mouth closed
1713448136.601721,0.663818359375,0.7216796875,-0.228271484375,Mouth closed
1713448136.64142,0.666015625,0.723876953125,-0.216552734375,Mouth closed
1713448136.678794,0.66845703125,0.7275390625,-0.222900390625,Mouth closed
1713448136.720453,0.658935546875,0.724609375,-0.2236328125,Mouth closed
1713448136.764219,0.662353515625,0.7294921875,-0.22705078125,Mouth closed
1713448136.803908,0.66064453125,0.72705078125,-0.225341796875,Mouth closed
1713448136.846013,0.660400390625,0.725830078125,-0.2236328125,Mouth closed
1713448136.888088,0.6640625,0.728271484375,-0.219970703125,Mouth closed
1713448136.924287,0.659423828125,0.726806640625,-0.224365234375,Mouth closed
1713448136.962137,0.66162109375,0.729248046875,-0.224853515625,Mouth closed
1713448137.006237,0.660888671875,0.722412109375,-0.221923828125,Mouth closed
1713448137.041697,0.664794921875,0.72509765625,-0.220703125,Mouth closed
1713448137.080471,0.664306640625,0.72607421875,-0.220703125,Mouth closed
1713448137.120702,0.663330078125,0.723388671875,-0.22119140625,Mouth closed
1713448137.161973,0.666015625,0.72900390625,-0.220458984375,Mouth closed
1713448137.200616,0.662353515625,0.72412109375,-0.22900390625,Mouth closed
1713448137.243607,0.663818359375,0.7275390625,-0.222900390625,Mouth closed
1713448137.295965,0.662841796875,0.731201171875,-0.218505859375,Mouth closed
1713448137.321481,0.663818359375,0.733154296875,-0.22314453125,Mouth closed
1713448137.362984,0.660888671875,0.723388671875,-0.220458984375,Mouth closed
1713448137.402433,0.661865234375,0.722900390625,-0.224365234375,Mouth closed
1713448137.444604,0.668701171875,0.72607421875,-0.21533203125,Mouth closed
1713448137.482582,0.666748046875,0.722412109375,-0.225830078125,Mouth closed
1713448137.522509,0.663330078125,0.728759765625,-0.219970703125,Mouth closed
1713448137.563497,0.6630859375,0.72802734375,-0.22412109375,Mouth closed
1713448137.603482,0.6591796875,0.726806640625,-0.224365234375,Mouth closed
1713448137.644253,0.662353515625,0.730224609375,-0.22216796875,Mouth closed
1713448137.68221,0.660400390625,0.727294921875,-0.221923828125,Mouth closed
1713448137.723334,0.662841796875,0.724609375,-0.225341796875,Mouth closed
1713448137.767478,0.664794921875,0.7265625,-0.219482421875,Mouth closed
1713448137.807489,0.6796875,0.71826171875,-0.20556640625,Mouth closed
1713448137.853015,0.6689453125,0.730712890625,-0.216796875,Mouth closed
1713448137.883278,0.66357421875,0.728759765625,-0.22265625,Mouth closed
1713448137.922563,0.67919921875,0.7353515625,-0.224609375,Mouth closed
1713448137.963104,0.6572265625,0.72607421875,-0.237548828125,Mouth closed
1713448138.007168,0.6591796875,0.72900390625,-0.217041015625,Mouth closed
1713448138.042571,0.661865234375,0.7255859375,-0.220458984375,Mouth closed
1713448138.082477,0.66845703125,0.734619140625,-0.21875,Mouth closed
1713448138.125097,0.66259765625,0.725830078125,-0.2158203125,Mouth closed
1713448138.163532,0.662841796875,0.728515625,-0.225341796875,Mouth closed
1713448138.206324,0.664794921875,0.72705078125,-0.218505859375,Mouth closed
1713448138.245651,0.66162109375,0.724853515625,-0.22802734375,Mouth closed
1713448138.289353,0.657470703125,0.725341796875,-0.2216796875,Mouth closed
1713448138.321495,0.66259765625,0.72607421875,-0.229736328125,Mouth closed
1713448138.362673,0.67041015625,0.7265625,-0.21240234375,Mouth closed
1713448138.400726,0.661376953125,0.718994140625,-0.216064453125,Mouth closed
1713448138.445398,0.65869140625,0.7158203125,-0.23486328125,Mouth closed
1713448138.485214,0.65771484375,0.720703125,-0.22998046875,Mouth closed
1713448138.52212,0.67041015625,0.724609375,-0.22802734375,Mouth closed
1713448138.562032,0.6640625,0.72607421875,-0.232421875,Mouth closed
1713448138.602644,0.669189453125,0.735595703125,-0.22802734375,Mouth closed
1713448138.645891,0.661376953125,0.72314453125,-0.229736328125,Mouth closed
1713448138.683762,0.663818359375,0.71630859375,-0.22265625,Mouth closed
1713448138.723216,0.669921875,0.712890625,-0.20703125,Mouth closed
1713448138.763422,0.663818359375,0.716796875,-0.206298828125,Mouth closed
1713448138.807318,0.671630859375,0.727294921875,-0.203857421875,Mouth closed
1713448138.848322,0.674560546875,0.733642578125,-0.212646484375,Mouth closed
1713448138.891937,0.668212890625,0.730224609375,-0.2197265625,Mouth closed
1713448138.923263,0.673583984375,0.721923828125,-0.21484375,Mouth closed
1713448138.976476,0.668701171875,0.718994140625,-0.203857421875,Mouth closed
1713448139.002929,0.67578125,0.71875,-0.21337890625,Mouth closed
1713448139.040877,0.672607421875,0.728271484375,-0.20556640625,Mouth closed
1713448139.079871,0.66357421875,0.72119140625,-0.22802734375,Mouth closed
1713448139.12114,0.656494140625,0.720458984375,-0.221923828125,Mouth closed
1713448139.166059,0.6640625,0.736083984375,-0.202880859375,Mouth closed
1713448139.200386,0.653076171875,0.724365234375,-0.245361328125,Mouth closed
1713448139.241472,0.65869140625,0.722900390625,-0.230224609375,Mouth closed
1713448139.292121,0.67236328125,0.734130859375,-0.199951171875,Mouth closed
1713448139.321336,0.66650390625,0.73828125,-0.203125,Mouth closed
1713448139.365054,0.659912109375,0.728515625,-0.22119140625,Mouth closed
1713448139.402521,0.6591796875,0.7275390625,-0.227294921875,Mouth closed
1713448139.452612,0.6669921875,0.72265625,-0.220947265625,Mouth closed
1713448139.484112,0.66943359375,0.72021484375,-0.2099609375,Mouth closed
1713448139.527039,0.669189453125,0.726806640625,-0.208740234375,Mouth closed
1713448139.568864,0.66259765625,0.730712890625,-0.22412109375,Mouth closed
1713448139.602239,0.667236328125,0.72802734375,-0.227783203125,Mouth closed
1713448139.648402,0.669677734375,0.728271484375,-0.216796875,Mouth closed
1713448139.687082,0.66650390625,0.72998046875,-0.203369140625,Mouth closed
1713448139.722323,0.667724609375,0.7255859375,-0.216796875,Mouth closed
1713448139.760527,0.661865234375,0.723876953125,-0.2158203125,Mouth closed
1713448139.810642,0.666748046875,0.733642578125,-0.220703125,Mouth closed
1713448139.841337,0.6630859375,0.732666015625,-0.214599609375,Mouth closed
1713448139.884431,0.662841796875,0.730712890625,-0.2158203125,Mouth closed
1713448139.922505,0.663330078125,0.722412109375,-0.22119140625,Mouth closed
1713448139.965673,0.65771484375,0.72119140625,-0.219482421875,Mouth closed
1713448140.003529,0.669189453125,0.73046875,-0.212890625,Mouth closed
1713448140.049164,0.6630859375,0.728271484375,-0.2216796875,Mouth closed
1713448140.090997,0.661376953125,0.7265625,-0.21875,Mouth closed
1713448140.126385,0.6669921875,0.72607421875,-0.21533203125,Mouth closed
1713448140.169945,0.66650390625,0.723388671875,-0.213623046875,Mouth closed
1713448140.209981,0.6591796875,0.7265625,-0.21435546875,Mouth closed
1713448140.24824,0.670654296875,0.73876953125,-0.204345703125,Mouth closed
1713448140.282731,0.666748046875,0.732666015625,-0.204345703125,Mouth closed
1713448140.326622,0.66943359375,0.72705078125,-0.19921875,Mouth closed
1713448140.364446,0.675048828125,0.720947265625,-0.200927734375,Mouth closed
1713448140.408021,0.667724609375,0.724365234375,-0.193115234375,Mouth closed
1713448140.455399,0.66357421875,0.728515625,-0.20751953125,Mouth closed
1713448140.483187,0.666015625,0.7373046875,-0.2099609375,Mouth closed
1713448140.526838,0.660400390625,0.735595703125,-0.205078125,Mouth closed
1713448140.563313,0.650634765625,0.7275390625,-0.223388671875,Mouth closed
1713448140.60337,0.65869140625,0.72802734375,-0.208740234375,Mouth closed
1713448140.644822,0.65771484375,0.735107421875,-0.222412109375,Mouth closed
1713448140.685191,0.668212890625,0.73388671875,-0.216796875,Mouth closed
1713448140.727104,0.66748046875,0.728759765625,-0.2158203125,Mouth closed
1713448140.765003,0.665771484375,0.730224609375,-0.20654296875,Mouth closed
1713448140.80614,0.6650390625,0.733154296875,-0.208984375,Mouth closed
1713448140.845248,0.66064453125,0.73291015625,-0.216064453125,Mouth closed
1713448140.89245,0.6552734375,0.736083984375,-0.21826171875,Mouth closed
1713448140.926979,0.661376953125,0.728759765625,-0.215576171875,Mouth closed
1713448140.961205,0.66064453125,0.720947265625,-0.229736328125,Mouth closed
1713448141.003969,0.665771484375,0.72021484375,-0.211181640625,Mouth closed
1713448141.045201,0.68603515625,0.733642578125,-0.195068359375,Mouth closed
1713448141.083164,0.67822265625,0.722900390625,-0.203857421875,Mouth closed
1713448141.139165,0.677490234375,0.702392578125,-0.211181640625,Mouth closed
1713448141.163691,0.6669921875,0.69580078125,-0.202880859375,Mouth closed
1713448141.211507,0.673583984375,0.709716796875,-0.19873046875,Mouth closed
1713448141.246714,0.673095703125,0.718017578125,-0.19482421875,Mouth closed
1713448141.294765,0.673095703125,0.725341796875,-0.207275390625,Mouth closed
1713448141.330786,0.678466796875,0.732177734375,-0.21826171875,Mouth closed
1713448141.371977,0.670654296875,0.71630859375,-0.209228515625,Mouth closed
1713448141.409289,0.672607421875,0.71142578125,-0.216796875,Mouth closed
1713448141.449688,0.6748046875,0.7109375,-0.201904296875,Mouth closed
1713448141.489155,0.66943359375,0.710693359375,-0.1962890625,Mouth closed
1713448141.526633,0.6787109375,0.719970703125,-0.198486328125,Mouth closed
1713448141.564766,0.667236328125,0.718994140625,-0.208251953125,Mouth closed
1713448141.603155,0.671875,0.727294921875,-0.2138671875,Mouth closed
1713448141.643481,0.671875,0.725830078125,-0.2138671875,Mouth closed
1713448141.683132,0.67578125,0.728759765625,-0.20361328125,Mouth closed
1713448141.724622,0.67431640625,0.724365234375,-0.2060546875,Mouth closed
1713448141.766048,0.6728515625,0.719970703125,-0.200927734375,Mouth closed
1713448141.808102,0.6708984375,0.7216796875,-0.199951171875,Mouth closed
1713448141.845461,0.673095703125,0.724853515625,-0.1962890625,Mouth closed
1713448141.888565,0.67822265625,0.7265625,-0.2001953125,Mouth closed
1713448141.930951,0.673095703125,0.72509765625,-0.2001953125,Mouth closed
1713448141.970241,0.672607421875,0.72314453125,-0.200927734375,Mouth closed
1713448142.011912,0.673095703125,0.72705078125,-0.20458984375,Mouth closed
1713448142.050996,0.67626953125,0.72705078125,-0.2080078125,Mouth closed
1713448142.091885,0.671142578125,0.7216796875,-0.20751953125,Mouth closed
1713448142.129848,0.6728515625,0.719482421875,-0.204345703125,Mouth closed
1713448142.166003,0.670654296875,0.72216796875,-0.195068359375,Mouth closed
1713448142.208874,0.66748046875,0.720703125,-0.2080078125,Mouth closed
1713448142.254778,0.6630859375,0.72412109375,-0.200439453125,Mouth closed
1713448142.28398,0.669677734375,0.733642578125,-0.201171875,Mouth closed
1713448142.325763,0.667724609375,0.72705078125,-0.204833984375,Mouth closed
1713448142.364234,0.667724609375,0.72802734375,-0.208984375,Mouth closed
1713448142.411134,0.676513671875,0.728515625,-0.199951171875,Mouth closed
1713448142.44528,0.6728515625,0.727294921875,-0.204345703125,Mouth closed
1713448142.496082,0.669921875,0.729248046875,-0.1953125,Mouth closed
1713448142.525283,0.66552734375,0.731689453125,-0.20556640625,Mouth closed
1713448142.574923,0.660888671875,0.720703125,-0.21728515625,Mouth closed
1713448142.60411,0.6669921875,0.726318359375,-0.216064453125,Mouth closed
1713448142.645965,0.669189453125,0.727294921875,-0.205322265625,Mouth closed
1713448142.691256,0.6640625,0.7255859375,-0.211181640625,Mouth closed
1713448142.732077,0.6669921875,0.726318359375,-0.217041015625,Mouth closed
1713448142.77091,0.665771484375,0.723388671875,-0.213134765625,Mouth closed
1713448142.810451,0.662841796875,0.7216796875,-0.210693359375,Mouth closed
1713448142.846782,0.666015625,0.725341796875,-0.20654296875,Mouth closed
1713448142.88695,0.669921875,0.732421875,-0.206298828125,Mouth closed
1713448142.925459,0.665771484375,0.725341796875,-0.20751953125,Mouth closed
1713448142.964527,0.6630859375,0.722900390625,-0.20654296875,Mouth closed
1713448143.004047,0.67236328125,0.725830078125,-0.203369140625,Mouth closed
1713448143.044954,0.67431640625,0.725830078125,-0.20361328125,Mouth closed
1713448143.085778,0.666748046875,0.727294921875,-0.205322265625,Mouth closed
1713448143.124366,0.669921875,0.729736328125,-0.207275390625,Mouth closed
1713448143.164295,0.666748046875,0.72607421875,-0.208984375,Mouth closed
1713448143.206343,0.66455078125,0.72900390625,-0.2080078125,Mouth closed
1713448143.246399,0.663818359375,0.729736328125,-0.208740234375,Mouth closed
1713448143.288864,0.66552734375,0.72802734375,-0.21044921875,Mouth closed
1713448143.326364,0.666748046875,0.727783203125,-0.21044921875,Mouth closed
1713448143.367221,0.67041015625,0.725341796875,-0.204345703125,Mouth closed
1713448143.407833,0.667236328125,0.723388671875,-0.205810546875,Mouth closed
1713448143.448095,0.666748046875,0.720947265625,-0.206787109375,Mouth closed
1713448143.48822,0.66943359375,0.72705078125,-0.205810546875,Mouth closed
1713448143.527459,0.67236328125,0.730224609375,-0.20361328125,Mouth closed
1713448143.56505,0.667236328125,0.72705078125,-0.211669921875,Mouth closed
1713448143.605649,0.66748046875,0.725341796875,-0.2080078125,Mouth closed
1713448143.645118,0.6708984375,0.724365234375,-0.20361328125,Mouth closed
1713448143.685934,0.66650390625,0.721435546875,-0.207763671875,Mouth closed
1713448143.726192,0.665283203125,0.7236328125,-0.206298828125,Mouth closed
1713448143.767266,0.67529296875,0.729736328125,-0.21142578125,Mouth closed
1713448143.808717,0.67138671875,0.725341796875,-0.20556640625,Mouth closed
1713448143.847224,0.6669921875,0.72607421875,-0.207763671875,Mouth closed
1713448143.887392,0.667236328125,0.725341796875,-0.207763671875,Mouth closed
1713448143.926108,0.667724609375,0.72705078125,-0.208251953125,Mouth closed
1713448143.967362,0.666015625,0.7294921875,-0.208984375,Mouth closed
1713448144.007013,0.66552734375,0.727294921875,-0.207763671875,Mouth closed
1713448144.047931,0.66845703125,0.725341796875,-0.2060546875,Mouth closed
1713448144.091872,0.6689453125,0.728759765625,-0.20361328125,Mouth closed
1713448144.127172,0.66796875,0.722900390625,-0.209228515625,Mouth closed
1713448144.166169,0.671875,0.72119140625,-0.21044921875,Mouth closed
1713448144.205348,0.671875,0.72314453125,-0.208251953125,Mouth closed
1713448144.245299,0.672119140625,0.728271484375,-0.20166015625,Mouth closed
1713448144.287908,0.673095703125,0.728271484375,-0.2060546875,Mouth closed
1713448144.328958,0.66845703125,0.72265625,-0.20458984375,Mouth closed
1713448144.366328,0.67431640625,0.72216796875,-0.201416015625,Mouth closed
1713448144.407782,0.67138671875,0.72119140625,-0.20166015625,Mouth closed
1713448144.446272,0.671630859375,0.719970703125,-0.20263671875,Mouth closed
1713448144.488438,0.67431640625,0.727783203125,-0.19873046875,Mouth closed
1713448144.527171,0.672119140625,0.727294921875,-0.203125,Mouth closed
1713448144.567393,0.67041015625,0.7265625,-0.203857421875,Mouth closed
1713448144.611904,0.66943359375,0.725341796875,-0.2041015625,Mouth closed
1713448144.648831,0.66650390625,0.7265625,-0.204833984375,Mouth closed
1713448144.690811,0.66650390625,0.724365234375,-0.2060546875,Mouth closed
1713448144.728639,0.672119140625,0.724365234375,-0.209228515625,Mouth closed
1713448144.768376,0.6689453125,0.726318359375,-0.203369140625,Mouth closed
1713448144.80724,0.672607421875,0.726318359375,-0.20166015625,Mouth closed
1713448144.84605,0.673095703125,0.728515625,-0.20703125,Mouth closed
1713448144.888446,0.6689453125,0.7265625,-0.208251953125,Mouth closed
1713448144.926,0.669921875,0.723388671875,-0.210693359375,Mouth closed
1713448144.966081,0.671142578125,0.7255859375,-0.210693359375,Mouth closed
1713448145.011353,0.6748046875,0.72021484375,-0.2119140625,Mouth closed
1713448145.049332,0.669189453125,0.726806640625,-0.2041015625,Mouth closed
1713448145.088252,0.67529296875,0.72900390625,-0.206298828125,Mouth closed
1713448145.130743,0.668212890625,0.721435546875,-0.205322265625,Mouth closed
1713448145.19615,0.669189453125,0.7216796875,-0.206787109375,Mouth closed
1713448145.215184,0.672119140625,0.726318359375,-0.2021484375,Mouth closed
1713448145.253327,0.673095703125,0.722900390625,-0.210205078125,Mouth closed
1713448145.289709,0.669677734375,0.7275390625,-0.208984375,Mouth closed
1713448145.330418,0.66845703125,0.727294921875,-0.214599609375,Mouth closed
1713448145.369071,0.6650390625,0.720703125,-0.21533203125,Mouth closed
1713448145.408932,0.66845703125,0.72509765625,-0.209228515625,Mouth closed
1713448145.4489,0.66845703125,0.723876953125,-0.21142578125,Mouth closed
1713448145.49315,0.667724609375,0.726318359375,-0.21142578125,Mouth closed
1713448145.528846,0.666748046875,0.723388671875,-0.209716796875,Mouth closed
1713448145.580214,0.667236328125,0.72314453125,-0.212158203125,Mouth closed
1713448145.607293,0.665771484375,0.721435546875,-0.2080078125,Mouth closed
1713448145.65451,0.671630859375,0.7255859375,-0.207763671875,Mouth closed
1713448145.687705,0.667724609375,0.72509765625,-0.20654296875,Mouth closed
1713448145.731535,0.670166015625,0.7255859375,-0.212646484375,Mouth closed
1713448145.767895,0.666748046875,0.720703125,-0.215576171875,Mouth closed
1713448145.815655,0.66748046875,0.72509765625,-0.216796875,Mouth closed
1713448145.855093,0.668212890625,0.729736328125,-0.20703125,Mouth closed
1713448145.888871,0.6689453125,0.73388671875,-0.216552734375,Mouth closed
1713448145.93143,0.659912109375,0.723388671875,-0.21435546875,Mouth closed
1713448145.971876,0.664306640625,0.72119140625,-0.2119140625,Mouth closed
1713448146.011946,0.666015625,0.727294921875,-0.209228515625,Mouth closed
1713448146.050143,0.663330078125,0.72607421875,-0.21875,Mouth closed
1713448146.089152,0.660888671875,0.7314453125,-0.217529296875,Mouth closed
1713448146.128359,0.662841796875,0.736572265625,-0.219482421875,Mouth closed
1713448146.168745,0.65673828125,0.730712890625,-0.216552734375,Mouth closed
1713448146.207879,0.655517578125,0.73291015625,-0.22021484375,Mouth closed
1713448146.252617,0.6591796875,0.730712890625,-0.21875,Mouth closed
1713448146.291662,0.659423828125,0.72900390625,-0.2216796875,Mouth closed
1713448146.329186,0.658447265625,0.72998046875,-0.21826171875,Mouth closed
1713448146.368914,0.6591796875,0.731201171875,-0.21044921875,Mouth closed
1713448146.410598,0.662841796875,0.728515625,-0.21337890625,Mouth closed
1713448146.449507,0.662841796875,0.72705078125,-0.213134765625,Mouth closed
1713448146.489921,0.662353515625,0.726318359375,-0.212646484375,Mouth closed
1713448146.529863,0.65673828125,0.727783203125,-0.213134765625,Mouth closed
1713448146.570802,0.657958984375,0.7255859375,-0.2138671875,Mouth closed
1713448146.612701,0.659912109375,0.734619140625,-0.20654296875,Mouth closed
1713448146.650053,0.666015625,0.737060546875,-0.216064453125,Mouth closed
1713448146.692138,0.656494140625,0.729248046875,-0.21728515625,Mouth closed
1713448146.730312,0.65966796875,0.728515625,-0.21142578125,Mouth closed
1713448146.770704,0.664306640625,0.7314453125,-0.2041015625,Mouth closed
1713448146.811517,0.66162109375,0.728515625,-0.210693359375,Mouth closed
1713448146.850618,0.65673828125,0.72412109375,-0.20703125,Mouth closed
1713448146.887032,0.666015625,0.733642578125,-0.212646484375,Mouth closed
1713448146.929744,0.6640625,0.730712890625,-0.20947265625,Mouth closed
1713448146.968092,0.663818359375,0.72900390625,-0.2099609375,Mouth closed
1713448147.007853,0.662841796875,0.732177734375,-0.210205078125,Mouth closed
1713448147.054219,0.664306640625,0.729248046875,-0.21044921875,Mouth closed
1713448147.093916,0.665283203125,0.73095703125,-0.21240234375,Mouth closed
1713448147.132892,0.66845703125,0.72900390625,-0.21240234375,Mouth closed
1713448147.16981,0.661865234375,0.7236328125,-0.209228515625,Mouth closed
1713448147.210179,0.660400390625,0.72314453125,-0.20751953125,Mouth closed
1713448147.250816,0.6650390625,0.72607421875,-0.20458984375,Mouth closed
1713448147.302165,0.66064453125,0.728271484375,-0.204833984375,Mouth closed
1713448147.330816,0.658203125,0.73291015625,-0.21044921875,Mouth closed
1713448147.380026,0.660888671875,0.7333984375,-0.20849609375,Mouth closed
1713448147.418149,0.664794921875,0.736572265625,-0.2080078125,Mouth closed
1713448147.456553,0.661865234375,0.72900390625,-0.2080078125,Mouth closed
1713448147.49592,0.659912109375,0.72412109375,-0.2158203125,Mouth closed
1713448147.538161,0.6650390625,0.726318359375,-0.2080078125,Mouth closed
1713448147.571072,0.66455078125,0.72412109375,-0.209716796875,Mouth closed
1713448147.611704,0.6630859375,0.72607421875,-0.204345703125,Mouth closed
1713448147.650076,0.66845703125,0.73388671875,-0.2080078125,Mouth closed
1713448147.703347,0.666015625,0.731201171875,-0.21044921875,Mouth closed
1713448147.729823,0.662841796875,0.727294921875,-0.212158203125,Mouth closed
1713448147.788887,0.665283203125,0.728515625,-0.208251953125,Mouth closed
1713448147.810983,0.66015625,0.72705078125,-0.211669921875,Mouth closed
1713448147.852842,0.664306640625,0.728759765625,-0.211669921875,Mouth closed
1713448147.893018,0.6640625,0.731689453125,-0.210693359375,Mouth closed
1713448147.932875,0.669677734375,0.73046875,-0.210693359375,Mouth closed
1713448147.971416,0.661376953125,0.725341796875,-0.217041015625,Mouth closed
1713448148.013344,0.66357421875,0.722900390625,-0.2158203125,Mouth closed
1713448148.051439,0.6630859375,0.720458984375,-0.2080078125,Mouth closed
1713448148.093321,0.661376953125,0.72412109375,-0.208740234375,Mouth closed
1713448148.130874,0.661865234375,0.731689453125,-0.20751953125,Mouth closed
1713448148.172778,0.668212890625,0.737548828125,-0.208740234375,Mouth closed
1713448148.210841,0.663818359375,0.733154296875,-0.21337890625,Mouth closed
1713448148.252641,0.6650390625,0.729736328125,-0.212890625,Mouth closed
1713448148.290803,0.6669921875,0.725341796875,-0.20263671875,Mouth closed
1713448148.333822,0.6689453125,0.724365234375,-0.20361328125,Mouth closed
1713448148.372138,0.662109375,0.724609375,-0.201416015625,Mouth closed
1713448148.434137,0.669921875,0.732177734375,-0.2080078125,Mouth closed
1713448148.451475,0.6650390625,0.7314453125,-0.20703125,Mouth closed
1713448148.491037,0.661865234375,0.7333984375,-0.208740234375,Mouth closed
1713448148.529922,0.665283203125,0.736328125,-0.209228515625,Mouth closed
1713448148.571213,0.663330078125,0.7333984375,-0.21533203125,Mouth closed
1713448148.611578,0.659423828125,0.727783203125,-0.21826171875,Mouth closed
1713448148.650353,0.6591796875,0.725830078125,-0.2138671875,Mouth closed
1713448148.693042,0.667724609375,0.728271484375,-0.20947265625,Mouth closed
1713448148.729001,0.66259765625,0.729736328125,-0.2119140625,Mouth closed
1713448148.768987,0.664794921875,0.731201171875,-0.212158203125,Mouth closed
1713448148.810869,0.6650390625,0.730224609375,-0.21435546875,Mouth closed
1713448148.847968,0.6611328125,0.72998046875,-0.21240234375,Mouth closed
1713448148.889489,0.66357421875,0.732666015625,-0.21044921875,Mouth closed
1713448148.928757,0.6640625,0.73095703125,-0.213134765625,Mouth closed
1713448148.970394,0.660400390625,0.723388671875,-0.210205078125,Mouth closed
1713448149.011114,0.66943359375,0.728515625,-0.2060546875,Mouth closed
1713448149.092148,0.66357421875,0.72998046875,-0.20947265625,Mouth closed
1713448149.092179,0.657958984375,0.728515625,-0.208251953125,Mouth closed
1713448149.131544,0.66748046875,0.734375,-0.213623046875,Mouth closed
1713448149.173118,0.6591796875,0.73193359375,-0.210693359375,Mouth closed
1713448149.213056,0.65869140625,0.7255859375,-0.21484375,Mouth closed
1713448149.252614,0.66162109375,0.72802734375,-0.210205078125,Mouth closed
1713448149.292014,0.665283203125,0.732177734375,-0.208984375,Mouth closed
1713448149.330991,0.66064453125,0.728515625,-0.21044921875,Mouth closed
1713448149.370991,0.663330078125,0.7314453125,-0.20703125,Mouth closed
1713448149.411339,0.6669921875,0.73193359375,-0.202880859375,Mouth closed
1713448149.453609,0.66796875,0.727294921875,-0.205322265625,Mouth closed
1713448149.492602,0.6669921875,0.7275390625,-0.208740234375,Mouth closed
1713448149.53131,0.6669921875,0.733642578125,-0.208984375,Mouth closed
1713448149.572106,0.6669921875,0.73583984375,-0.208251953125,Mouth closed
1713448149.613932,0.66015625,0.73486328125,-0.213623046875,Mouth closed
1713448149.653369,0.661865234375,0.728271484375,-0.209228515625,Mouth closed
1713448149.692568,0.663330078125,0.727294921875,-0.205810546875,Mouth closed
1713448149.732902,0.665283203125,0.7265625,-0.209228515625,Mouth closed
1713448149.774192,0.6630859375,0.726318359375,-0.20556640625,Mouth closed
1713448149.813525,0.666259765625,0.7314453125,-0.206298828125,Mouth closed
1713448149.854093,0.662109375,0.729248046875,-0.205322265625,Mouth closed
1713448149.893461,0.6611328125,0.726318359375,-0.211181640625,Mouth closed
1713448149.93196,0.663818359375,0.732177734375,-0.208984375,Mouth closed
1713448149.972705,0.6669921875,0.7275390625,-0.200927734375,Mouth closed
1713448150.013345,0.663330078125,0.728759765625,-0.20947265625,Mouth open
1713448150.054079,0.6650390625,0.73193359375,-0.2099609375,Mouth open
1713448150.092873,0.664794921875,0.7275390625,-0.20556640625,Mouth open
1713448150.144244,0.66162109375,0.722900390625,-0.20458984375,Mouth open
1713448150.1707,0.661865234375,0.7294921875,-0.2099609375,Mouth open
1713448150.221171,0.66357421875,0.73291015625,-0.205810546875,Mouth open
1713448150.251873,0.6640625,0.72802734375,-0.204833984375,Mouth open
1713448150.30148,0.665771484375,0.7373046875,-0.209716796875,Mouth open
1713448150.34176,0.66064453125,0.728271484375,-0.21142578125,Mouth open
1713448150.379442,0.664306640625,0.725830078125,-0.2080078125,Mouth open
1713448150.416428,0.666015625,0.7294921875,-0.203125,Mouth open
1713448150.456961,0.666015625,0.725341796875,-0.203125,Mouth open
1713448150.508549,0.66552734375,0.732666015625,-0.202392578125,Mouth open
1713448150.548411,0.6689453125,0.731201171875,-0.206787109375,Mouth open
1713448150.575064,0.662109375,0.72900390625,-0.20947265625,Mouth open
1713448150.625433,0.66259765625,0.729736328125,-0.208740234375,Mouth open
1713448150.653308,0.663330078125,0.732177734375,-0.20947265625,Mouth open
1713448150.702839,0.666259765625,0.72705078125,-0.20654296875,Mouth open
1713448150.731421,0.66552734375,0.7294921875,-0.205078125,Mouth open
1713448150.775643,0.668701171875,0.728271484375,-0.202880859375,Mouth open
1713448150.817236,0.666259765625,0.72802734375,-0.200927734375,Mouth open
1713448150.855393,0.666259765625,0.72998046875,-0.201904296875,Mouth open
1713448150.895171,0.65966796875,0.727783203125,-0.201416015625,Mouth open
1713448150.935265,0.661376953125,0.73291015625,-0.206298828125,Mouth open
1713448150.97499,0.666748046875,0.73388671875,-0.197021484375,Mouth open
1713448151.013632,0.660888671875,0.7294921875,-0.207275390625,Mouth open
1713448151.053746,0.661376953125,0.730712890625,-0.209716796875,Mouth open
1713448151.095212,0.668701171875,0.729736328125,-0.19775390625,Mouth open
1713448151.133971,0.66650390625,0.72802734375,-0.203125,Mouth open
1713448151.174604,0.66064453125,0.727783203125,-0.2041015625,Mouth open
1713448151.216056,0.66650390625,0.73583984375,-0.204345703125,Mouth open
1713448151.254582,0.662353515625,0.728759765625,-0.20361328125,Mouth open
1713448151.294687,0.661865234375,0.729736328125,-0.207275390625,Mouth open
1713448151.336984,0.663818359375,0.7333984375,-0.2041015625,Mouth open
1713448151.373395,0.663818359375,0.73193359375,-0.205078125,Mouth open
1713448151.420317,0.665283203125,0.730712890625,-0.204833984375,Mouth open
1713448151.452714,0.666015625,0.73095703125,-0.20263671875,Mouth open
1713448151.491579,0.6630859375,0.7275390625,-0.20361328125,Mouth open
1713448151.532754,0.663818359375,0.730224609375,-0.205078125,Mouth open
1713448151.57274,0.6640625,0.7294921875,-0.20458984375,Mouth open
1713448151.612551,0.663818359375,0.73193359375,-0.206787109375,Mouth open
1713448151.65794,0.659912109375,0.733642578125,-0.20068359375,Mouth open
1713448151.695042,0.66455078125,0.7373046875,-0.20751953125,Mouth open
1713448151.735908,0.658203125,0.7314453125,-0.207275390625,Mouth open
1713448151.773763,0.661376953125,0.7294921875,-0.206787109375,Mouth open
1713448151.813555,0.66650390625,0.728271484375,-0.201416015625,Mouth open
1713448151.854813,0.663330078125,0.728515625,-0.20654296875,Mouth open
1713448151.897807,0.6669921875,0.735107421875,-0.20263671875,Mouth open
1713448151.934008,0.664306640625,0.73291015625,-0.206787109375,Mouth open
1713448151.975553,0.655517578125,0.728271484375,-0.20654296875,Mouth open
1713448152.012137,0.662109375,0.730712890625,-0.204345703125,Mouth open
1713448152.053391,0.661865234375,0.732177734375,-0.205322265625,Mouth open
1713448152.093514,0.66357421875,0.736328125,-0.20703125,Mouth open
1713448152.132712,0.66357421875,0.732177734375,-0.201171875,Mouth open
1713448152.178891,0.66455078125,0.732666015625,-0.197265625,Mouth open
1713448152.214663,0.665771484375,0.72900390625,-0.19970703125,Mouth open
1713448152.25743,0.663818359375,0.729736328125,-0.2021484375,Mouth open
1713448152.295498,0.658935546875,0.722900390625,-0.205810546875,Mouth open
1713448152.335197,0.65869140625,0.729736328125,-0.2021484375,Mouth open
1713448152.373899,0.662353515625,0.73583984375,-0.212646484375,Mouth open
1713448152.429441,0.655517578125,0.729736328125,-0.21337890625,Mouth open
1713448152.455522,0.6611328125,0.7294921875,-0.210693359375,Mouth open
1713448152.504752,0.666259765625,0.735107421875,-0.2041015625,Mouth open
1713448152.54281,0.665771484375,0.732666015625,-0.212890625,Mouth open
1713448152.576103,0.6630859375,0.73095703125,-0.211669921875,Mouth open
1713448152.619956,0.666259765625,0.734619140625,-0.21044921875,Mouth open
1713448152.660245,0.658935546875,0.72705078125,-0.20458984375,Mouth open
1713448152.699448,0.6630859375,0.728271484375,-0.20751953125,Mouth open
1713448152.742588,0.666259765625,0.73291015625,-0.20458984375,Mouth open
1713448152.775087,0.6650390625,0.736328125,-0.210205078125,Mouth open
1713448152.826612,0.662353515625,0.735595703125,-0.20947265625,Mouth open
1713448152.854513,0.6572265625,0.733642578125,-0.21630859375,Mouth open
1713448152.899794,0.663330078125,0.734130859375,-0.21044921875,Mouth open
1713448152.945805,0.660400390625,0.731689453125,-0.217529296875,Mouth open
1713448152.975519,0.65478515625,0.7255859375,-0.205322265625,Mouth open
1713448153.014512,0.65087890625,0.727294921875,-0.22265625,Mouth open
1713448153.068003,0.667724609375,0.73193359375,-0.218994140625,Mouth open
1713448153.096057,0.6630859375,0.72900390625,-0.223388671875,Mouth open
1713448153.145658,0.658935546875,0.726806640625,-0.221435546875,Mouth open
1713448153.183128,0.65625,0.722412109375,-0.218994140625,Mouth open
1713448153.218725,0.661865234375,0.72314453125,-0.224609375,Mouth open
1713448153.261718,0.658203125,0.724365234375,-0.2265625,Mouth open
1713448153.300748,0.664794921875,0.73193359375,-0.22265625,Mouth open
1713448153.338764,0.653564453125,0.7265625,-0.2275390625,Mouth open
1713448153.378305,0.659912109375,0.730224609375,-0.222412109375,Mouth open
1713448153.415919,0.65966796875,0.7275390625,-0.226318359375,Mouth open
1713448153.455517,0.662109375,0.72705078125,-0.22314453125,Mouth open
1713448153.495413,0.662109375,0.72802734375,-0.21875,Mouth open
1713448153.536383,0.663330078125,0.728271484375,-0.21630859375,Mouth open
1713448153.574965,0.66552734375,0.72900390625,-0.21630859375,Mouth open
1713448153.615754,0.662841796875,0.7294921875,-0.217529296875,Mouth open
1713448153.655666,0.66162109375,0.730224609375,-0.215576171875,Mouth open
1713448153.698529,0.65576171875,0.72509765625,-0.218505859375,Mouth open
1713448153.736522,0.65771484375,0.729736328125,-0.218994140625,Mouth open
1713448153.777681,0.66162109375,0.73583984375,-0.21826171875,Mouth open
1713448153.816423,0.65771484375,0.72900390625,-0.21875,Mouth open
1713448153.859939,0.6611328125,0.7294921875,-0.219482421875,Mouth open
1713448153.896458,0.6640625,0.726806640625,-0.21875,Mouth open
1713448153.938251,0.6640625,0.72802734375,-0.214111328125,Mouth open
1713448153.976273,0.65869140625,0.7236328125,-0.214111328125,Mouth open
1713448154.016074,0.664306640625,0.731201171875,-0.216552734375,Mouth open
1713448154.056742,0.66259765625,0.729248046875,-0.213134765625,Mouth open
1713448154.098024,0.662109375,0.728271484375,-0.216796875,Mouth open
1713448154.136789,0.66357421875,0.73095703125,-0.21044921875,Mouth open
1713448154.177798,0.662353515625,0.73291015625,-0.21240234375,Mouth open
1713448154.217442,0.661865234375,0.728271484375,-0.214599609375,Mouth open
1713448154.257481,0.66455078125,0.72900390625,-0.213134765625,Mouth open
1713448154.29867,0.662109375,0.72900390625,-0.21142578125,Mouth open
1713448154.337522,0.664794921875,0.72802734375,-0.213134765625,Mouth open
1713448154.383985,0.664794921875,0.72607421875,-0.213623046875,Mouth open
1713448154.42069,0.66064453125,0.725341796875,-0.2158203125,Mouth open
1713448154.461471,0.6611328125,0.729248046875,-0.22119140625,Mouth open
1713448154.502361,0.65966796875,0.729248046875,-0.215576171875,Mouth open
1713448154.553118,0.6630859375,0.733154296875,-0.21923828125,Mouth open
1713448154.579589,0.657958984375,0.726318359375,-0.22021484375,Mouth open
1713448154.630503,0.657958984375,0.724609375,-0.220947265625,Mouth open
1713448154.659137,0.66357421875,0.72802734375,-0.21533203125,Mouth open
1713448154.708327,0.663818359375,0.729736328125,-0.213623046875,Mouth open
1713448154.7384,0.660400390625,0.7275390625,-0.213623046875,Mouth open
1713448154.779026,0.66357421875,0.731689453125,-0.219970703125,Mouth open
1713448154.823562,0.658447265625,0.729736328125,-0.218017578125,Mouth open
1713448154.863595,0.65771484375,0.730712890625,-0.217041015625,Mouth open
1713448154.904271,0.66015625,0.730712890625,-0.21484375,Mouth open
1713448154.942732,0.65869140625,0.732177734375,-0.220458984375,Mouth open
1713448154.98272,0.660888671875,0.733154296875,-0.2177734375,Mouth open
1713448155.022788,0.661865234375,0.7294921875,-0.216064453125,Mouth open
1713448155.061611,0.66357421875,0.726806640625,-0.216064453125,Mouth open
1713448155.101302,0.658935546875,0.727783203125,-0.21435546875,Mouth open
1713448155.141722,0.660400390625,0.724853515625,-0.21875,Mouth open
1713448155.183276,0.66259765625,0.728759765625,-0.221435546875,Mouth open
1713448155.220429,0.654052734375,0.725341796875,-0.217041015625,Mouth open
1713448155.260423,0.655517578125,0.728515625,-0.218017578125,Mouth open
1713448155.300034,0.659912109375,0.732177734375,-0.21337890625,Mouth open
1713448155.338444,0.668212890625,0.73486328125,-0.220458984375,Mouth open
1713448155.381993,0.65625,0.726806640625,-0.2197265625,Mouth open
1713448155.423326,0.6630859375,0.724853515625,-0.21142578125,Mouth open
1713448155.460785,0.664306640625,0.728271484375,-0.209716796875,Mouth open
1713448155.499395,0.659912109375,0.72900390625,-0.219970703125,Mouth open
1713448155.54142,0.654541015625,0.732666015625,-0.216064453125,Mouth open
1713448155.580371,0.663330078125,0.735595703125,-0.220458984375,Mouth open
1713448155.620441,0.656982421875,0.728271484375,-0.21728515625,Mouth open
1713448155.65957,0.65625,0.7265625,-0.21826171875,Mouth open
1713448155.702045,0.661376953125,0.72900390625,-0.21875,Mouth open
1713448155.742531,0.661376953125,0.727783203125,-0.221435546875,Mouth open
1713448155.780415,0.66357421875,0.7294921875,-0.21630859375,Mouth open
1713448155.823328,0.662353515625,0.73046875,-0.2119140625,Mouth open
1713448155.860822,0.666259765625,0.72705078125,-0.211181640625,Mouth open
1713448155.900198,0.66650390625,0.725830078125,-0.210205078125,Mouth open
1713448155.939413,0.666015625,0.728515625,-0.21435546875,Mouth open
1713448155.97899,0.6611328125,0.730224609375,-0.213623046875,Mouth open
1713448156.018526,0.66015625,0.724609375,-0.21533203125,Mouth open
1713448156.062699,0.662841796875,0.7314453125,-0.211669921875,Mouth open
1713448156.104422,0.66357421875,0.732666015625,-0.219482421875,Mouth open
1713448156.141639,0.65771484375,0.72900390625,-0.21923828125,Mouth open
1713448156.181426,0.662109375,0.72607421875,-0.215087890625,Mouth open
1713448156.222,0.662109375,0.72705078125,-0.217041015625,Mouth open
1713448156.273937,0.662109375,0.724365234375,-0.216796875,Mouth open
1713448156.301745,0.65478515625,0.72509765625,-0.21337890625,Mouth open
1713448156.353059,0.666748046875,0.73095703125,-0.215087890625,Mouth open
1713448156.39035,0.66064453125,0.72900390625,-0.216064453125,Mouth open
1713448156.428962,0.656005859375,0.72900390625,-0.220947265625,Mouth open
1713448156.467763,0.663818359375,0.731689453125,-0.21630859375,Mouth open
1713448156.507019,0.66455078125,0.7275390625,-0.211669921875,Mouth open
1713448156.545459,0.666015625,0.7255859375,-0.213134765625,Mouth open
1713448156.581282,0.66650390625,0.722900390625,-0.21484375,Mouth open
1713448156.622892,0.66455078125,0.726318359375,-0.2138671875,Mouth open
1713448156.664261,0.66357421875,0.729248046875,-0.2119140625,Mouth open
1713448156.703223,0.665283203125,0.7294921875,-0.21630859375,Mouth open
1713448156.740803,0.657958984375,0.728271484375,-0.218505859375,Mouth open
1713448156.78047,0.660888671875,0.72900390625,-0.219482421875,Mouth open
1713448156.829338,0.659912109375,0.7255859375,-0.224609375,Mouth open
1713448156.866689,0.66064453125,0.728515625,-0.220458984375,Mouth open
1713448156.907706,0.6611328125,0.733642578125,-0.216796875,Mouth open
1713448156.946,0.6640625,0.7314453125,-0.214111328125,Mouth open
1713448156.986043,0.66162109375,0.724609375,-0.219482421875,Mouth open
1713448157.024995,0.66552734375,0.72314453125,-0.2158203125,Mouth open
1713448157.064636,0.66796875,0.721923828125,-0.210693359375,Mouth open
1713448157.102452,0.66455078125,0.72314453125,-0.22021484375,Mouth open
1713448157.145399,0.658203125,0.72802734375,-0.21923828125,Mouth open
1713448157.182576,0.66357421875,0.730224609375,-0.2197265625,Mouth open
1713448157.221961,0.658935546875,0.727783203125,-0.220947265625,Mouth open
1713448157.261102,0.65869140625,0.726806640625,-0.220703125,Mouth open
1713448157.300616,0.659423828125,0.7294921875,-0.215576171875,Mouth open
1713448157.340611,0.664306640625,0.728271484375,-0.21484375,Mouth open
1713448157.381325,0.66455078125,0.728515625,-0.21435546875,Mouth open
1713448157.422045,0.662353515625,0.725341796875,-0.215576171875,Mouth open
1713448157.464042,0.6640625,0.7275390625,-0.213134765625,Mouth open
1713448157.502795,0.662109375,0.726806640625,-0.214599609375,Mouth open
1713448157.542302,0.660888671875,0.72900390625,-0.21630859375,Mouth open
1713448157.585319,0.659912109375,0.72998046875,-0.218017578125,Mouth open
1713448157.624711,0.662841796875,0.727294921875,-0.216796875,Mouth open
1713448157.663252,0.65966796875,0.7255859375,-0.22119140625,Mouth open
1713448157.704278,0.65966796875,0.728515625,-0.216064453125,Mouth open
1713448157.743867,0.6669921875,0.735107421875,-0.2177734375,Mouth open
1713448157.784216,0.661376953125,0.72900390625,-0.2177734375,Mouth open
1713448157.823689,0.66259765625,0.725341796875,-0.215576171875,Mouth open
1713448157.86258,0.667236328125,0.7255859375,-0.21044921875,Mouth open
1713448157.903961,0.66259765625,0.727783203125,-0.21728515625,Mouth open
1713448157.943965,0.65478515625,0.7275390625,-0.2138671875,Mouth open
1713448157.982115,0.666748046875,0.7314453125,-0.21728515625,Mouth open
1713448158.023178,0.659423828125,0.73193359375,-0.217529296875,Mouth open
1713448158.062344,0.660400390625,0.731689453125,-0.220947265625,Mouth open
1713448158.104067,0.660888671875,0.728515625,-0.21630859375,Mouth open
1713448158.14335,0.658203125,0.729736328125,-0.216552734375,Mouth open
1713448158.183606,0.657958984375,0.72705078125,-0.217041015625,Mouth open
1713448158.224448,0.66162109375,0.730224609375,-0.217529296875,Mouth open
1713448158.264497,0.662841796875,0.727783203125,-0.216552734375,Mouth open
1713448158.303731,0.663818359375,0.733642578125,-0.214599609375,Mouth open
1713448158.345681,0.662841796875,0.72705078125,-0.21435546875,Mouth open
1713448158.384402,0.6640625,0.7294921875,-0.217041015625,Mouth open
1713448158.426993,0.66064453125,0.72607421875,-0.21923828125,Mouth open
1713448158.465365,0.658935546875,0.72900390625,-0.218505859375,Mouth open
1713448158.505073,0.6630859375,0.73291015625,-0.21435546875,Mouth open
1713448158.544833,0.66064453125,0.73388671875,-0.221435546875,Mouth open
1713448158.583012,0.654541015625,0.725341796875,-0.220947265625,Mouth open
1713448158.623471,0.662109375,0.728271484375,-0.21533203125,Mouth open
1713448158.662602,0.665283203125,0.732177734375,-0.211181640625,Mouth open
1713448158.703566,0.6650390625,0.728271484375,-0.2177734375,Mouth open
1713448158.74396,0.659423828125,0.72998046875,-0.216796875,Mouth open
1713448158.784314,0.6630859375,0.730224609375,-0.212890625,Mouth open
1713448158.826212,0.6591796875,0.728759765625,-0.217041015625,Mouth open
1713448158.864515,0.661376953125,0.735595703125,-0.215576171875,Mouth open
1713448158.907617,0.6591796875,0.73291015625,-0.213134765625,Mouth open
1713448158.94533,0.661376953125,0.7314453125,-0.21923828125,Mouth open
1713448158.985669,0.657470703125,0.730224609375,-0.215087890625,Mouth open
1713448159.026281,0.66357421875,0.72998046875,-0.21484375,Mouth open
1713448159.066257,0.659912109375,0.730712890625,-0.22021484375,Mouth open
1713448159.106293,0.663818359375,0.72998046875,-0.21435546875,Mouth open
1713448159.146148,0.663330078125,0.729248046875,-0.210693359375,Mouth open
1713448159.185707,0.65869140625,0.725341796875,-0.217041015625,Mouth open
1713448159.227393,0.661865234375,0.72802734375,-0.211181640625,Mouth open
1713448159.264367,0.66650390625,0.735107421875,-0.21240234375,Mouth open
1713448159.31546,0.662109375,0.732666015625,-0.21484375,Mouth open
1713448159.344341,0.65869140625,0.72705078125,-0.217041015625,Mouth open
1713448159.388673,0.659423828125,0.725830078125,-0.211181640625,Mouth open
1713448159.424289,0.66357421875,0.730712890625,-0.21337890625,Mouth open
1713448159.476692,0.657958984375,0.72802734375,-0.216552734375,Mouth open
1713448159.505499,0.666748046875,0.73193359375,-0.212158203125,Mouth open
1713448159.550884,0.66259765625,0.72998046875,-0.212890625,Mouth open
1713448159.587864,0.659912109375,0.725830078125,-0.217041015625,Mouth open
1713448159.638713,0.662353515625,0.72900390625,-0.216552734375,Mouth open
1713448159.667282,0.661376953125,0.73046875,-0.21435546875,Mouth open
1713448159.713819,0.6611328125,0.72607421875,-0.2158203125,Mouth open
1713448159.748544,0.660888671875,0.728271484375,-0.216552734375,Mouth open
1713448159.800085,0.66796875,0.7294921875,-0.21240234375,Mouth open
1713448159.825345,0.664306640625,0.727783203125,-0.213623046875,Mouth open
1713448159.865125,0.662841796875,0.7275390625,-0.212890625,Mouth open
1713448159.903171,0.661865234375,0.728759765625,-0.216552734375,Mouth open
1713448159.944972,0.66015625,0.72705078125,-0.2177734375,Mouth open
1713448159.984587,0.659912109375,0.726318359375,-0.21826171875,Mouth open
1713448160.024173,0.658935546875,0.73486328125,-0.21484375,Mouth open
1713448160.064741,0.6640625,0.734130859375,-0.214599609375,Mouth open
1713448160.112467,0.66064453125,0.728271484375,-0.218994140625,Mouth open
1713448160.145519,0.6640625,0.726806640625,-0.2119140625,Mouth open
1713448160.194874,0.666015625,0.72607421875,-0.208984375,Mouth open
1713448160.23246,0.662841796875,0.723388671875,-0.21435546875,Mouth open
1713448160.269124,0.663330078125,0.729736328125,-0.212646484375,Mouth open
1713448160.313235,0.665283203125,0.732666015625,-0.212890625,Mouth open
1713448160.347392,0.658935546875,0.731689453125,-0.21630859375,Mouth open
1713448160.388834,0.660888671875,0.72998046875,-0.215576171875,Mouth open
1713448160.428528,0.66064453125,0.72998046875,-0.2138671875,Mouth open
1713448160.466702,0.662353515625,0.729736328125,-0.21533203125,Mouth open
1713448160.505328,0.6591796875,0.728271484375,-0.213623046875,Mouth open
1713448160.544358,0.6630859375,0.72900390625,-0.20947265625,Mouth open
1713448160.593613,0.662353515625,0.729248046875,-0.2119140625,Mouth open
1713448160.632672,0.662109375,0.730224609375,-0.215576171875,Mouth open
1713448160.683182,0.65966796875,0.735107421875,-0.21630859375,Mouth open
1713448160.706393,0.66015625,0.730712890625,-0.220703125,Mouth open
1713448160.746065,0.658447265625,0.727294921875,-0.218505859375,Mouth open
1713448160.786421,0.657470703125,0.7353515625,-0.212890625,Mouth open
1713448160.83629,0.663818359375,0.733642578125,-0.22021484375,Mouth open
1713448160.866245,0.661376953125,0.728271484375,-0.219482421875,Mouth open
1713448160.91027,0.66259765625,0.72705078125,-0.213623046875,Mouth open
1713448160.946781,0.662841796875,0.7294921875,-0.21142578125,Mouth open
1713448160.989198,0.66259765625,0.728271484375,-0.215576171875,Mouth open
1713448161.035852,0.659912109375,0.72998046875,-0.21484375,Mouth open
1713448161.073737,0.661865234375,0.733642578125,-0.215576171875,Mouth open
1713448161.112066,0.6572265625,0.72998046875,-0.218017578125,Mouth open
1713448161.147603,0.6591796875,0.73193359375,-0.214111328125,Mouth open
1713448161.188799,0.6591796875,0.729736328125,-0.2158203125,Mouth open
1713448161.228585,0.65869140625,0.731689453125,-0.217041015625,Mouth open
1713448161.271047,0.6611328125,0.732666015625,-0.212890625,Mouth open
1713448161.308814,0.66064453125,0.73193359375,-0.215087890625,Mouth open
1713448161.347469,0.6611328125,0.73193359375,-0.215087890625,Mouth open
1713448161.387329,0.6640625,0.73388671875,-0.216796875,Mouth open
1713448161.428696,0.65576171875,0.730712890625,-0.21533203125,Mouth open
1713448161.468312,0.659912109375,0.72509765625,-0.214599609375,Mouth open
1713448161.507118,0.65576171875,0.732421875,-0.212890625,Mouth open
1713448161.548784,0.6669921875,0.73681640625,-0.2177734375,Mouth open
1713448161.588642,0.655029296875,0.727294921875,-0.21484375,Mouth open
1713448161.631236,0.660400390625,0.728759765625,-0.215087890625,Mouth open
1713448161.669469,0.66455078125,0.732666015625,-0.208984375,Mouth open
1713448161.710049,0.6640625,0.73291015625,-0.21630859375,Mouth open
1713448161.750053,0.656494140625,0.72802734375,-0.21533203125,Mouth open
1713448161.787448,0.6630859375,0.733154296875,-0.21533203125,Mouth open
1713448161.826084,0.655517578125,0.729736328125,-0.217041015625,Mouth open
1713448161.868733,0.65771484375,0.72998046875,-0.216552734375,Mouth open
1713448161.907116,0.659423828125,0.7333984375,-0.216796875,Mouth open
1713448161.947401,0.6611328125,0.733642578125,-0.2138671875,Mouth open
1713448161.988213,0.658447265625,0.73095703125,-0.214599609375,Mouth open
1713448162.031856,0.66162109375,0.734130859375,-0.212890625,Mouth open
1713448162.068093,0.66015625,0.73388671875,-0.21240234375,Mouth open
1713448162.112688,0.66064453125,0.731201171875,-0.21630859375,Mouth open
1713448162.150945,0.66015625,0.7314453125,-0.2177734375,Mouth open
1713448162.190139,0.66162109375,0.730224609375,-0.216552734375,Mouth open
1713448162.230225,0.661865234375,0.73583984375,-0.21630859375,Mouth open
1713448162.270203,0.65869140625,0.7333984375,-0.219482421875,Mouth open
1713448162.315947,0.658203125,0.728271484375,-0.215087890625,Mouth open
1713448162.353028,0.664306640625,0.728759765625,-0.210693359375,Mouth open
1713448162.39288,0.662109375,0.727783203125,-0.211181640625,Mouth open
1713448162.431169,0.65771484375,0.730224609375,-0.215087890625,Mouth open
1713448162.470292,0.6640625,0.735107421875,-0.216796875,Mouth open
1713448162.508053,0.659912109375,0.734130859375,-0.21484375,Mouth open
1713448162.562547,0.654541015625,0.732177734375,-0.217529296875,Mouth open
1713448162.590443,0.652587890625,0.7275390625,-0.216552734375,Mouth open
1713448162.635426,0.65869140625,0.7255859375,-0.220703125,Mouth open
1713448162.669221,0.662109375,0.7294921875,-0.215087890625,Mouth open
1713448162.713215,0.662353515625,0.726806640625,-0.217041015625,Mouth open
1713448162.755757,0.66357421875,0.72900390625,-0.2177734375,Mouth open
1713448162.79586,0.66015625,0.728515625,-0.213623046875,Mouth open
1713448162.835415,0.65771484375,0.728515625,-0.21240234375,Mouth open
1713448162.872711,0.6611328125,0.729248046875,-0.21875,Mouth open
1713448162.912489,0.658447265625,0.728759765625,-0.213134765625,Mouth open
1713448162.9518,0.660888671875,0.7333984375,-0.218017578125,Mouth open
1713448162.99351,0.658203125,0.733154296875,-0.21630859375,Mouth open
1713448163.032851,0.6611328125,0.72607421875,-0.2177734375,Mouth open
1713448163.071137,0.6650390625,0.727783203125,-0.209228515625,Mouth open
1713448163.109675,0.66357421875,0.72998046875,-0.21337890625,Mouth open
1713448163.155949,0.65673828125,0.730224609375,-0.2158203125,Mouth open
1713448163.193514,0.668701171875,0.729736328125,-0.217529296875,Mouth open
1713448163.231456,0.65771484375,0.728271484375,-0.217041015625,Mouth open
1713448163.27246,0.658935546875,0.72802734375,-0.219970703125,Mouth open
1713448163.311355,0.661865234375,0.731201171875,-0.2158203125,Mouth open
1713448163.350742,0.662109375,0.72998046875,-0.216064453125,Mouth open
1713448163.391172,0.662353515625,0.72705078125,-0.21728515625,Mouth open
1713448163.432601,0.66455078125,0.728759765625,-0.21484375,Mouth open
1713448163.471089,0.66552734375,0.72998046875,-0.21240234375,Mouth open
1713448163.51213,0.661865234375,0.72900390625,-0.216064453125,Mouth open
1713448163.55268,0.660400390625,0.72802734375,-0.212890625,Mouth open
1713448163.594478,0.660888671875,0.729248046875,-0.215576171875,Mouth open
1713448163.632171,0.65673828125,0.730712890625,-0.217529296875,Mouth open
1713448163.672258,0.6640625,0.73583984375,-0.21630859375,Mouth open
1713448163.712842,0.654296875,0.728759765625,-0.218505859375,Mouth open
1713448163.752586,0.663330078125,0.7265625,-0.2177734375,Mouth open
1713448163.792528,0.66455078125,0.725830078125,-0.208740234375,Mouth open
1713448163.831672,0.6640625,0.725830078125,-0.214111328125,Mouth open
1713448163.871,0.655029296875,0.72900390625,-0.21337890625,Mouth open
1713448163.911054,0.664794921875,0.73388671875,-0.218505859375,Mouth open
1713448163.956063,0.65771484375,0.734375,-0.217529296875,Mouth open
1713448163.992384,0.659912109375,0.7314453125,-0.218994140625,Mouth open
1713448164.033442,0.66162109375,0.73193359375,-0.21630859375,Mouth open
1713448164.0737,0.66015625,0.732177734375,-0.21630859375,Mouth open
1713448164.127088,0.6630859375,0.728271484375,-0.216064453125,Mouth open
1713448164.153854,0.65869140625,0.729248046875,-0.214599609375,Mouth open
1713448164.196601,0.66259765625,0.7294921875,-0.212158203125,Mouth open
1713448164.233007,0.66064453125,0.730712890625,-0.2158203125,Mouth open
1713448164.274965,0.65966796875,0.72705078125,-0.217529296875,Mouth open
1713448164.322317,0.6572265625,0.73046875,-0.2138671875,Mouth open
1713448164.360311,0.657958984375,0.7265625,-0.217041015625,Mouth open
1713448164.398668,0.657470703125,0.73095703125,-0.2138671875,Mouth open
1713448164.43767,0.663330078125,0.736083984375,-0.2197265625,Mouth open
1713448164.47372,0.659912109375,0.731689453125,-0.21630859375,Mouth open
1713448164.514538,0.659912109375,0.724365234375,-0.216796875,Mouth open
1713448164.552266,0.667236328125,0.726318359375,-0.212890625,Mouth open
1713448164.605765,0.662841796875,0.733154296875,-0.218017578125,Mouth open
1713448164.634218,0.659912109375,0.728759765625,-0.215087890625,Mouth open
1713448164.683221,0.662841796875,0.735107421875,-0.2216796875,Mouth open
1713448164.719313,0.657958984375,0.73095703125,-0.216064453125,Mouth open
1713448164.760056,0.65966796875,0.7314453125,-0.217529296875,Mouth open
1713448164.797767,0.660888671875,0.732421875,-0.216064453125,Mouth open
1713448164.839369,0.658935546875,0.7314453125,-0.22021484375,Mouth open
1713448164.875033,0.66064453125,0.7294921875,-0.220458984375,Mouth open
1713448164.914238,0.664794921875,0.730224609375,-0.21826171875,Mouth open
1713448164.955558,0.659423828125,0.730224609375,-0.2177734375,Mouth open
1713448164.995974,0.658935546875,0.7294921875,-0.218017578125,Mouth open
1713448165.035059,0.662353515625,0.73095703125,-0.220703125,Mouth closed
1713448165.075824,0.6591796875,0.729248046875,-0.22314453125,Mouth closed
1713448165.114409,0.659912109375,0.72998046875,-0.220947265625,Mouth closed
1713448165.1542,0.66357421875,0.73486328125,-0.219482421875,Mouth closed
1713448165.196026,0.661865234375,0.730712890625,-0.216796875,Mouth closed
1713448165.236879,0.653564453125,0.72412109375,-0.2177734375,Mouth closed
1713448165.275279,0.66943359375,0.728271484375,-0.21142578125,Mouth closed
1713448165.315721,0.666015625,0.73046875,-0.211181640625,Mouth closed
1713448165.355195,0.656982421875,0.727294921875,-0.218505859375,Mouth closed
1713448165.397225,0.66259765625,0.73486328125,-0.21533203125,Mouth closed
1713448165.436071,0.661865234375,0.7294921875,-0.214111328125,Mouth closed
1713448165.475418,0.659912109375,0.7275390625,-0.216552734375,Mouth closed
1713448165.521399,0.660400390625,0.729248046875,-0.217041015625,Mouth closed
1713448165.558972,0.66064453125,0.729248046875,-0.216064453125,Mouth closed
1713448165.599147,0.658203125,0.7265625,-0.21435546875,Mouth closed
1713448165.63807,0.66455078125,0.730712890625,-0.21630859375,Mouth closed
1713448165.678194,0.661865234375,0.73046875,-0.217041015625,Mouth closed
1713448165.718222,0.66259765625,0.733642578125,-0.216796875,Mouth closed
1713448165.762659,0.65966796875,0.730712890625,-0.21337890625,Mouth closed
1713448165.796305,0.661376953125,0.730224609375,-0.2177734375,Mouth closed
1713448165.835594,0.66357421875,0.727783203125,-0.221435546875,Mouth closed
1713448165.875483,0.65869140625,0.730224609375,-0.21923828125,Mouth closed
1713448165.921348,0.658935546875,0.734619140625,-0.21484375,Mouth closed
1713448165.957778,0.663330078125,0.731689453125,-0.21826171875,Mouth closed
1713448165.998108,0.658203125,0.728271484375,-0.218017578125,Mouth closed
1713448166.038362,0.661376953125,0.72607421875,-0.218994140625,Mouth closed
1713448166.089753,0.661376953125,0.728515625,-0.216064453125,Mouth closed
1713448166.118403,0.661865234375,0.72998046875,-0.2177734375,Mouth closed
1713448166.169269,0.659912109375,0.730224609375,-0.215087890625,Mouth closed
1713448166.198606,0.661865234375,0.734130859375,-0.21484375,Mouth closed
1713448166.249341,0.657958984375,0.72998046875,-0.21435546875,Mouth closed
1713448166.278067,0.658447265625,0.72802734375,-0.218505859375,Mouth closed
1713448166.326646,0.66162109375,0.731201171875,-0.21484375,Mouth closed
1713448166.364997,0.661865234375,0.730224609375,-0.21533203125,Mouth closed
1713448166.397878,0.661376953125,0.730224609375,-0.21630859375,Mouth closed
1713448166.444097,0.66064453125,0.730712890625,-0.215576171875,Mouth closed
1713448166.482402,0.660400390625,0.730224609375,-0.21484375,Mouth closed
1713448166.520263,0.661865234375,0.7294921875,-0.21826171875,Mouth closed
1713448166.559874,0.66015625,0.7265625,-0.220703125,Mouth closed
1713448166.598197,0.657958984375,0.72900390625,-0.215087890625,Mouth closed
1713448166.637334,0.65576171875,0.729736328125,-0.217041015625,Mouth closed
1713448166.676448,0.656982421875,0.7314453125,-0.212158203125,Mouth closed
1713448166.719219,0.66552734375,0.73681640625,-0.2158203125,Mouth closed
1713448166.758771,0.65771484375,0.72900390625,-0.217041015625,Mouth closed
1713448166.797686,0.66259765625,0.725830078125,-0.21923828125,Mouth closed
1713448166.837068,0.662353515625,0.727294921875,-0.2109375,Mouth closed
1713448166.877722,0.6669921875,0.727783203125,-0.21337890625,Mouth closed
1713448166.91966,0.659912109375,0.725341796875,-0.210693359375,Mouth closed
1713448166.958025,0.66650390625,0.7333984375,-0.21826171875,Mouth closed
1713448166.998794,0.662353515625,0.731201171875,-0.216064453125,Mouth closed
1713448167.039524,0.656005859375,0.72998046875,-0.21826171875,Mouth closed
1713448167.077019,0.659423828125,0.735107421875,-0.213623046875,Mouth closed
1713448167.11584,0.662109375,0.730712890625,-0.216064453125,Mouth closed
1713448167.157585,0.66162109375,0.731201171875,-0.217041015625,Mouth closed
1713448167.196537,0.6630859375,0.72802734375,-0.213134765625,Mouth closed
1713448167.236209,0.660888671875,0.7294921875,-0.211669921875,Mouth closed
1713448167.277638,0.660888671875,0.731201171875,-0.213134765625,Mouth closed
1713448167.317604,0.66064453125,0.730712890625,-0.21533203125,Mouth closed
1713448167.357941,0.6591796875,0.73291015625,-0.219970703125,Mouth closed
1713448167.398303,0.658935546875,0.727294921875,-0.221435546875,Mouth closed
1713448167.439088,0.66162109375,0.731201171875,-0.218505859375,Mouth closed
1713448167.47977,0.6630859375,0.73583984375,-0.21484375,Mouth closed
1713448167.52182,0.657958984375,0.734375,-0.223388671875,Mouth closed
1713448167.559416,0.65576171875,0.726318359375,-0.21728515625,Mouth closed
1713448167.599734,0.6591796875,0.7314453125,-0.21484375,Mouth closed
1713448167.63899,0.665283203125,0.729248046875,-0.212890625,Mouth closed
1713448167.678239,0.662109375,0.729248046875,-0.2197265625,Mouth closed
1713448167.718325,0.6640625,0.730712890625,-0.21533203125,Mouth closed
1713448167.758016,0.662109375,0.73291015625,-0.217041015625,Mouth closed
1713448167.797876,0.654541015625,0.725341796875,-0.21630859375,Mouth closed
1713448167.838784,0.660400390625,0.73046875,-0.219970703125,Mouth closed
1713448167.876876,0.6630859375,0.735107421875,-0.217529296875,Mouth closed
1713448167.921753,0.6591796875,0.730712890625,-0.219482421875,Mouth closed
1713448167.959203,0.660888671875,0.733154296875,-0.218017578125,Mouth closed
1713448167.998576,0.66162109375,0.73095703125,-0.212158203125,Mouth closed
1713448168.038883,0.66162109375,0.72802734375,-0.215576171875,Mouth closed
1713448168.08302,0.657958984375,0.73095703125,-0.214111328125,Mouth closed
1713448168.118819,0.6630859375,0.731201171875,-0.21630859375,Mouth closed
1713448168.162957,0.670166015625,0.725830078125,-0.21240234375,Mouth closed
1713448168.199874,0.662841796875,0.7275390625,-0.2265625,Mouth closed
1713448168.24143,0.666259765625,0.736572265625,-0.2119140625,Mouth closed
1713448168.317366,0.658447265625,0.729736328125,-0.221923828125,Mouth closed
1713448168.320112,0.666259765625,0.713134765625,-0.21484375,Mouth closed
1713448168.360383,0.68359375,0.738525390625,-0.209716796875,Mouth closed
1713448168.398212,0.6650390625,0.730224609375,-0.20654296875,Mouth closed
1713448168.436762,0.6669921875,0.72705078125,-0.214111328125,Mouth closed
1713448168.488552,0.663818359375,0.728271484375,-0.215087890625,Mouth closed
1713448168.518435,0.66650390625,0.73388671875,-0.216552734375,Mouth closed
1713448168.561816,0.65625,0.73095703125,-0.2138671875,Mouth closed
1713448168.599138,0.6591796875,0.73388671875,-0.214599609375,Mouth closed
1713448168.649877,0.659912109375,0.729248046875,-0.216064453125,Mouth closed
1713448168.680242,0.663330078125,0.728515625,-0.21826171875,Mouth closed
1713448168.729171,0.66455078125,0.726318359375,-0.21337890625,Mouth closed
1713448168.760093,0.662109375,0.727294921875,-0.21728515625,Mouth closed
1713448168.811063,0.66064453125,0.72802734375,-0.21533203125,Mouth closed
1713448168.846864,0.659912109375,0.7255859375,-0.215576171875,Mouth closed
1713448168.879833,0.673095703125,0.7236328125,-0.2177734375,Mouth closed
1713448168.925907,0.6611328125,0.729736328125,-0.2255859375,Mouth closed
1713448168.963624,0.666259765625,0.734130859375,-0.21826171875,Mouth closed
1713448169.006434,0.666748046875,0.733642578125,-0.200927734375,Mouth closed
1713448169.039792,0.661376953125,0.72900390625,-0.215576171875,Mouth closed
1713448169.07951,0.655517578125,0.724609375,-0.223876953125,Mouth closed
1713448169.120032,0.662353515625,0.72216796875,-0.222900390625,Mouth closed
1713448169.159044,0.66455078125,0.728515625,-0.21728515625,Mouth closed
1713448169.198983,0.670166015625,0.733154296875,-0.213134765625,Mouth closed
1713448169.240347,0.652587890625,0.7294921875,-0.226806640625,Mouth closed
1713448169.282334,0.662841796875,0.728759765625,-0.226806640625,Mouth closed
1713448169.321684,0.65771484375,0.725830078125,-0.2216796875,Mouth closed
1713448169.361357,0.664306640625,0.731201171875,-0.216064453125,Mouth closed
1713448169.400839,0.66259765625,0.727783203125,-0.2109375,Mouth closed
1713448169.441324,0.655517578125,0.7236328125,-0.218017578125,Mouth closed
1713448169.481122,0.66845703125,0.727783203125,-0.21240234375,Mouth closed
1713448169.521471,0.661865234375,0.727783203125,-0.221435546875,Mouth closed
1713448169.56174,0.6591796875,0.728271484375,-0.2177734375,Mouth closed
1713448169.602215,0.66259765625,0.732421875,-0.22509765625,Mouth closed
1713448169.641697,0.660888671875,0.728759765625,-0.223876953125,Mouth closed
1713448169.681123,0.660888671875,0.72412109375,-0.223388671875,Mouth closed
1713448169.719123,0.65771484375,0.72705078125,-0.217529296875,Mouth closed
1713448169.760009,0.665771484375,0.731201171875,-0.2265625,Mouth closed
1713448169.800528,0.66259765625,0.72802734375,-0.21875,Mouth closed
1713448169.8399,0.661865234375,0.722412109375,-0.224853515625,Mouth closed
1713448169.880836,0.669677734375,0.7216796875,-0.218017578125,Mouth closed
1713448169.921221,0.666748046875,0.72509765625,-0.22021484375,Mouth closed
1713448169.960908,0.66162109375,0.72412109375,-0.216064453125,Mouth closed
1713448170.001555,0.666748046875,0.728759765625,-0.219970703125,Mouth closed
1713448170.041001,0.663330078125,0.72705078125,-0.211669921875,Mouth closed
1713448170.082222,0.664794921875,0.728515625,-0.2119140625,Mouth closed
1713448170.122816,0.664306640625,0.72802734375,-0.21435546875,Mouth closed
1713448170.161922,0.66259765625,0.73095703125,-0.215087890625,Mouth closed
1713448170.201977,0.663330078125,0.7294921875,-0.214599609375,Mouth closed
1713448170.245059,0.66162109375,0.727783203125,-0.2158203125,Mouth closed
1713448170.282145,0.662353515625,0.73046875,-0.21630859375,Mouth closed
1713448170.322433,0.660888671875,0.72509765625,-0.2177734375,Mouth closed
1713448170.360712,0.661865234375,0.7255859375,-0.21826171875,Mouth closed
1713448170.400407,0.664794921875,0.731689453125,-0.21923828125,Mouth closed
1713448170.441838,0.65869140625,0.726806640625,-0.221923828125,Mouth closed
1713448170.483944,0.662841796875,0.725830078125,-0.221435546875,Mouth closed
1713448170.521465,0.664306640625,0.72802734375,-0.2138671875,Mouth closed
1713448170.562239,0.664794921875,0.727783203125,-0.216552734375,Mouth closed
1713448170.600861,0.661376953125,0.72607421875,-0.211669921875,Mouth closed
1713448170.641204,0.66796875,0.729248046875,-0.216552734375,Mouth closed
1713448170.685558,0.662841796875,0.7294921875,-0.21630859375,Mouth closed
1713448170.723098,0.66455078125,0.7275390625,-0.221923828125,Mouth closed
1713448170.76452,0.661376953125,0.72900390625,-0.21826171875,Mouth closed
1713448170.803024,0.663818359375,0.728515625,-0.217529296875,Mouth closed
1713448170.842887,0.66357421875,0.7255859375,-0.21728515625,Mouth closed
1713448170.884619,0.662841796875,0.729248046875,-0.21484375,Mouth closed
1713448170.934572,0.661865234375,0.72509765625,-0.21728515625,Mouth closed
1713448170.962968,0.665771484375,0.727294921875,-0.218505859375,Mouth closed
1713448171.008432,0.664794921875,0.732177734375,-0.213134765625,Mouth closed
1713448171.044032,0.66552734375,0.729736328125,-0.21923828125,Mouth closed
1713448171.085685,0.658203125,0.7275390625,-0.215087890625,Mouth closed
1713448171.123357,0.66455078125,0.725830078125,-0.215576171875,Mouth closed
1713448171.172142,0.662109375,0.7275390625,-0.21728515625,Mouth closed
1713448171.204565,0.6572265625,0.725830078125,-0.21337890625,Mouth closed
1713448171.25026,0.6650390625,0.7314453125,-0.2158203125,Mouth closed
1713448171.284145,0.661865234375,0.73095703125,-0.216064453125,Mouth closed
1713448171.333814,0.66015625,0.728271484375,-0.21728515625,Mouth closed
1713448171.370021,0.662109375,0.732666015625,-0.217529296875,Mouth closed
1713448171.410905,0.66015625,0.72705078125,-0.21728515625,Mouth closed
1713448171.449312,0.66162109375,0.728515625,-0.215576171875,Mouth closed
1713448171.485036,0.662353515625,0.72998046875,-0.213134765625,Mouth closed
1713448171.52901,0.6640625,0.728271484375,-0.212158203125,Mouth closed
1713448171.567111,0.660888671875,0.724365234375,-0.215576171875,Mouth closed
1713448171.606446,0.663818359375,0.726318359375,-0.21533203125,Mouth closed
1713448171.643937,0.667236328125,0.736083984375,-0.21240234375,Mouth closed
1713448171.684209,0.65771484375,0.7314453125,-0.220947265625,Mouth closed
1713448171.721891,0.6572265625,0.72314453125,-0.218505859375,Mouth closed
1713448171.764283,0.663818359375,0.72705078125,-0.212158203125,Mouth closed
1713448171.803809,0.6640625,0.731689453125,-0.218994140625,Mouth closed
1713448171.842688,0.657958984375,0.732177734375,-0.216552734375,Mouth closed
1713448171.882716,0.664306640625,0.734619140625,-0.220947265625,Mouth closed
1713448171.922659,0.660400390625,0.72607421875,-0.216552734375,Mouth closed
1713448171.963928,0.658203125,0.725830078125,-0.2158203125,Mouth closed
1713448172.004292,0.66357421875,0.72900390625,-0.215576171875,Mouth closed
1713448172.046469,0.66259765625,0.73046875,-0.217529296875,Mouth closed
1713448172.084746,0.6640625,0.729736328125,-0.215576171875,Mouth closed
1713448172.125795,0.66162109375,0.729248046875,-0.215087890625,Mouth closed
1713448172.165519,0.661376953125,0.728759765625,-0.21630859375,Mouth closed
1713448172.204771,0.668701171875,0.727783203125,-0.22119140625,Mouth closed
1713448172.244289,0.661376953125,0.72998046875,-0.220458984375,Mouth closed
1713448172.284769,0.66357421875,0.734130859375,-0.21484375,Mouth closed
1713448172.32284,0.65966796875,0.729736328125,-0.218017578125,Mouth closed
1713448172.361666,0.658935546875,0.727783203125,-0.22021484375,Mouth closed
1713448172.40291,0.66357421875,0.725830078125,-0.217041015625,Mouth closed
1713448172.441904,0.6669921875,0.726806640625,-0.21484375,Mouth closed
1713448172.481686,0.661376953125,0.723876953125,-0.212646484375,Mouth closed
1713448172.523055,0.662841796875,0.730224609375,-0.2177734375,Mouth closed
1713448172.563357,0.66259765625,0.72998046875,-0.21923828125,Mouth closed
1713448172.606103,0.659423828125,0.727294921875,-0.220458984375,Mouth closed
1713448172.644786,0.660400390625,0.7294921875,-0.21923828125,Mouth closed
1713448172.684647,0.660888671875,0.7294921875,-0.2197265625,Mouth closed
1713448172.723295,0.661865234375,0.730224609375,-0.2216796875,Mouth closed
1713448172.765168,0.662841796875,0.731689453125,-0.22021484375,Mouth closed
1713448172.804038,0.662109375,0.732177734375,-0.21728515625,Mouth closed
1713448172.844717,0.66064453125,0.725830078125,-0.220947265625,Mouth closed
1713448172.889227,0.659912109375,0.723876953125,-0.21826171875,Mouth closed
1713448172.925292,0.66015625,0.723388671875,-0.22021484375,Mouth closed
1713448172.966094,0.658447265625,0.728759765625,-0.216064453125,Mouth closed
1713448173.002407,0.6689453125,0.737060546875,-0.21728515625,Mouth closed
1713448173.04345,0.65966796875,0.7265625,-0.22216796875,Mouth closed
1713448173.081637,0.662841796875,0.720947265625,-0.220947265625,Mouth closed
1713448173.125744,0.6650390625,0.721923828125,-0.22021484375,Mouth closed
1713448173.162645,0.669189453125,0.72509765625,-0.220458984375,Mouth closed
1713448173.203745,0.663330078125,0.727294921875,-0.220947265625,Mouth closed
1713448173.24297,0.66650390625,0.72900390625,-0.22216796875,Mouth closed
1713448173.284741,0.662109375,0.728515625,-0.22021484375,Mouth closed
1713448173.329925,0.663330078125,0.727783203125,-0.224365234375,Mouth closed
1713448173.371738,0.6640625,0.72509765625,-0.222412109375,Mouth closed
1713448173.410545,0.662841796875,0.730712890625,-0.2216796875,Mouth closed
1713448173.450328,0.664794921875,0.72216796875,-0.21923828125,Mouth closed
1713448173.489681,0.664306640625,0.7255859375,-0.22021484375,Mouth closed
1713448173.529492,0.665283203125,0.727783203125,-0.219482421875,Mouth closed
1713448173.566477,0.664306640625,0.725830078125,-0.2197265625,Mouth closed
1713448173.603213,0.660888671875,0.72412109375,-0.220703125,Mouth closed
1713448173.642696,0.6591796875,0.724609375,-0.222412109375,Mouth closed
1713448173.693335,0.657958984375,0.72412109375,-0.219482421875,Mouth closed
1713448173.730362,0.658935546875,0.7275390625,-0.221435546875,Mouth closed
1713448173.770447,0.664794921875,0.73291015625,-0.221923828125,Mouth closed
1713448173.809515,0.659912109375,0.727294921875,-0.221923828125,Mouth closed
1713448173.848631,0.66357421875,0.724365234375,-0.221923828125,Mouth closed
1713448173.886955,0.665771484375,0.728271484375,-0.213623046875,Mouth closed
1713448173.926629,0.665283203125,0.724365234375,-0.21875,Mouth closed
1713448173.966084,0.66015625,0.72900390625,-0.218017578125,Mouth closed
1713448174.007486,0.6650390625,0.732177734375,-0.2197265625,Mouth closed
1713448174.046026,0.6591796875,0.7294921875,-0.22119140625,Mouth closed
1713448174.086671,0.65673828125,0.72998046875,-0.222900390625,Mouth closed
1713448174.12559,0.661865234375,0.73046875,-0.221435546875,Mouth closed
1713448174.169725,0.65966796875,0.72705078125,-0.2197265625,Mouth closed
1713448174.207132,0.659423828125,0.72509765625,-0.224365234375,Mouth closed
1713448174.247507,0.663330078125,0.725341796875,-0.220703125,Mouth closed
1713448174.285621,0.66357421875,0.726806640625,-0.220458984375,Mouth closed
1713448174.326108,0.66064453125,0.7275390625,-0.21875,Mouth closed
1713448174.362667,0.6611328125,0.728515625,-0.22119140625,Mouth closed
1713448174.405391,0.662109375,0.729248046875,-0.219970703125,Mouth closed
1713448174.444499,0.65771484375,0.72802734375,-0.222412109375,Mouth closed
1713448174.4845,0.65966796875,0.72705078125,-0.221923828125,Mouth closed
1713448174.524644,0.66064453125,0.733154296875,-0.218505859375,Mouth closed
1713448174.564636,0.664306640625,0.734375,-0.22216796875,Mouth closed
1713448174.604632,0.65771484375,0.7255859375,-0.22216796875,Mouth closed
1713448174.644706,0.658447265625,0.7275390625,-0.220703125,Mouth closed
1713448174.689664,0.66064453125,0.72998046875,-0.216796875,Mouth closed
1713448174.725808,0.660888671875,0.72705078125,-0.22265625,Mouth closed
1713448174.766822,0.665771484375,0.731201171875,-0.220703125,Mouth closed
1713448174.806815,0.66162109375,0.732421875,-0.2216796875,Mouth closed
1713448174.84797,0.658447265625,0.72607421875,-0.2216796875,Mouth closed
1713448174.884749,0.660400390625,0.7275390625,-0.221923828125,Mouth closed
1713448174.924767,0.659912109375,0.73095703125,-0.221435546875,Mouth closed
1713448174.964679,0.66162109375,0.730712890625,-0.2216796875,Mouth closed
1713448175.011182,0.659423828125,0.7294921875,-0.22412109375,Mouth closed
1713448175.048262,0.663818359375,0.73095703125,-0.21728515625,Mouth closed
1713448175.088133,0.663330078125,0.72900390625,-0.217529296875,Mouth closed
1713448175.126368,0.659423828125,0.725830078125,-0.21875,Mouth closed
1713448175.175526,0.660400390625,0.727783203125,-0.22412109375,Mouth closed
1713448175.207218,0.66064453125,0.72998046875,-0.228759765625,Mouth closed
1713448175.250145,0.6630859375,0.728271484375,-0.224365234375,Mouth closed
1713448175.293851,0.6640625,0.73583984375,-0.221923828125,Mouth closed
1713448175.33487,0.66015625,0.73095703125,-0.225341796875,Mouth closed
1713448175.372641,0.65673828125,0.723388671875,-0.224609375,Mouth closed
1713448175.412246,0.662841796875,0.72705078125,-0.217529296875,Mouth closed
1713448175.449955,0.663330078125,0.725830078125,-0.221923828125,Mouth closed
1713448175.489468,0.65478515625,0.725830078125,-0.2197265625,Mouth closed
1713448175.529986,0.665771484375,0.7333984375,-0.220458984375,Mouth closed
1713448175.567767,0.658447265625,0.730224609375,-0.220947265625,Mouth closed
1713448175.608356,0.658935546875,0.7265625,-0.2265625,Mouth closed
1713448175.645961,0.662353515625,0.729736328125,-0.222900390625,Mouth closed
1713448175.685995,0.661376953125,0.7294921875,-0.2197265625,Mouth closed
1713448175.727151,0.659423828125,0.72802734375,-0.224609375,Mouth closed
1713448175.766634,0.66064453125,0.725830078125,-0.223388671875,Mouth closed
1713448175.807688,0.66064453125,0.72607421875,-0.22314453125,Mouth closed
1713448175.849069,0.664306640625,0.725830078125,-0.2236328125,Mouth closed
1713448175.889437,0.658935546875,0.72607421875,-0.224365234375,Mouth closed
1713448175.928979,0.65771484375,0.725830078125,-0.222412109375,Mouth closed
1713448175.967685,0.65869140625,0.727783203125,-0.226318359375,Mouth closed
1713448176.007999,0.658203125,0.731689453125,-0.218994140625,Mouth closed
1713448176.05304,0.663818359375,0.73095703125,-0.224853515625,Mouth closed
1713448176.089273,0.6591796875,0.72802734375,-0.2236328125,Mouth closed
1713448176.132027,0.66259765625,0.72412109375,-0.221923828125,Mouth closed
1713448176.169294,0.6650390625,0.7265625,-0.215576171875,Mouth closed
1713448176.215538,0.665283203125,0.725341796875,-0.2197265625,Mouth closed
1713448176.248974,0.658935546875,0.728271484375,-0.218505859375,Mouth closed
1713448176.287995,0.662353515625,0.732666015625,-0.222900390625,Mouth closed
1713448176.328375,0.65625,0.725830078125,-0.222412109375,Mouth closed
1713448176.369488,0.649658203125,0.717041015625,-0.234619140625,Mouth closed
1713448176.408503,0.65673828125,0.72705078125,-0.2353515625,Mouth closed
1713448176.448624,0.660888671875,0.730224609375,-0.24267578125,Mouth closed
1713448176.491078,0.659912109375,0.733154296875,-0.23095703125,Mouth closed
1713448176.530694,0.662353515625,0.73388671875,-0.221923828125,Mouth closed
1713448176.569717,0.65625,0.728515625,-0.22705078125,Mouth closed
1713448176.612094,0.651123046875,0.7275390625,-0.230224609375,Mouth closed
1713448176.651215,0.65576171875,0.73046875,-0.224365234375,Mouth closed
1713448176.691573,0.656494140625,0.733642578125,-0.225830078125,Mouth closed
1713448176.730509,0.652099609375,0.732177734375,-0.23291015625,Mouth closed
1713448176.770503,0.6494140625,0.739013671875,-0.233154296875,Mouth closed
1713448176.815675,0.651123046875,0.73828125,-0.245849609375,Mouth closed
1713448176.851891,0.6455078125,0.730224609375,-0.248291015625,Mouth closed
1713448176.892954,0.65185546875,0.726806640625,-0.24658203125,Mouth closed
1713448176.93122,0.65625,0.726806640625,-0.238037109375,Mouth closed
1713448176.97219,0.65771484375,0.7255859375,-0.24072265625,Mouth closed
1713448177.009134,0.655029296875,0.728759765625,-0.237060546875,Mouth closed
1713448177.049907,0.65673828125,0.72998046875,-0.238525390625,Mouth closed
1713448177.089837,0.652099609375,0.72705078125,-0.2392578125,Mouth closed
1713448177.137195,0.6533203125,0.728759765625,-0.2353515625,Mouth closed
1713448177.170479,0.65380859375,0.734130859375,-0.235595703125,Mouth closed
1713448177.211806,0.654052734375,0.732177734375,-0.239013671875,Mouth closed
1713448177.251453,0.655029296875,0.733642578125,-0.239501953125,Mouth closed
1713448177.300547,0.657470703125,0.731689453125,-0.236572265625,Mouth closed
1713448177.339638,0.654296875,0.7294921875,-0.235107421875,Mouth closed
1713448177.377662,0.655517578125,0.72705078125,-0.23779296875,Mouth closed
1713448177.418702,0.655029296875,0.728759765625,-0.234619140625,Mouth closed
1713448177.456286,0.653564453125,0.730224609375,-0.2333984375,Mouth closed
1713448177.494678,0.6513671875,0.728271484375,-0.23486328125,Mouth closed
1713448177.538038,0.6513671875,0.7275390625,-0.22802734375,Mouth closed
1713448177.572224,0.657958984375,0.736328125,-0.2333984375,Mouth closed
1713448177.621982,0.65234375,0.72900390625,-0.235107421875,Mouth closed
1713448177.650517,0.65576171875,0.724609375,-0.234619140625,Mouth closed
1713448177.692319,0.6591796875,0.72705078125,-0.2333984375,Mouth closed
1713448177.738037,0.65478515625,0.728759765625,-0.231201171875,Mouth closed
1713448177.777971,0.65283203125,0.727783203125,-0.229736328125,Mouth closed
1713448177.817972,0.66162109375,0.733154296875,-0.234130859375,Mouth closed
1713448177.860905,0.650390625,0.72998046875,-0.234375,Mouth closed
1713448177.891469,0.65185546875,0.727783203125,-0.23583984375,Mouth closed
1713448177.941107,0.654541015625,0.72900390625,-0.2314453125,Mouth closed
1713448177.981274,0.655029296875,0.7294921875,-0.2333984375,Mouth closed
1713448178.021674,0.657958984375,0.728759765625,-0.232421875,Mouth closed
1713448178.05245,0.66015625,0.7294921875,-0.231689453125,Mouth closed
1713448178.098095,0.659912109375,0.729736328125,-0.230712890625,Mouth closed
1713448178.13876,0.6533203125,0.72607421875,-0.23583984375,Mouth closed
1713448178.18156,0.65576171875,0.72802734375,-0.2333984375,Mouth closed
1713448178.211105,0.649169921875,0.72998046875,-0.232421875,Mouth closed
1713448178.263376,0.649658203125,0.726318359375,-0.236328125,Mouth closed
1713448178.291296,0.652587890625,0.7353515625,-0.230224609375,Mouth closed
1713448178.343865,0.66064453125,0.736328125,-0.232177734375,Mouth closed
1713448178.373406,0.650634765625,0.73095703125,-0.235595703125,Mouth closed
1713448178.410438,0.65625,0.7255859375,-0.232421875,Mouth closed
1713448178.453372,0.65380859375,0.7265625,-0.22705078125,Mouth closed
1713448178.505721,0.658447265625,0.7294921875,-0.231689453125,Mouth closed
1713448178.531467,0.65234375,0.725341796875,-0.231689453125,Mouth closed
1713448178.572355,0.659423828125,0.734375,-0.238037109375,Mouth closed
1713448178.611769,0.65576171875,0.72900390625,-0.234130859375,Mouth closed
1713448178.651622,0.65576171875,0.73046875,-0.23291015625,Mouth closed
1713448178.695812,0.654052734375,0.733642578125,-0.231689453125,Mouth closed
1713448178.746241,0.656005859375,0.730224609375,-0.2314453125,Mouth closed
1713448178.771646,0.6572265625,0.727294921875,-0.228271484375,Mouth closed
1713448178.812099,0.656982421875,0.730712890625,-0.2275390625,Mouth closed
1713448178.850287,0.658935546875,0.730224609375,-0.229736328125,Mouth closed
1713448178.891406,0.65673828125,0.72802734375,-0.22900390625,Mouth closed
1713448178.932343,0.656982421875,0.732666015625,-0.2314453125,Mouth closed
1713448178.970575,0.653564453125,0.72900390625,-0.233642578125,Mouth closed
1713448179.01312,0.656494140625,0.730712890625,-0.23388671875,Mouth closed
1713448179.051516,0.65673828125,0.73486328125,-0.235107421875,Mouth closed
1713448179.092478,0.6533203125,0.728759765625,-0.23779296875,Mouth closed
1713448179.134452,0.653076171875,0.724853515625,-0.23486328125,Mouth closed
1713448179.172738,0.657958984375,0.72900390625,-0.228759765625,Mouth closed
1713448179.214064,0.65771484375,0.72607421875,-0.232421875,Mouth closed
1713448179.255731,0.65380859375,0.72705078125,-0.2275390625,Mouth closed
1713448179.295695,0.66064453125,0.732177734375,-0.226806640625,Mouth closed
1713448179.334041,0.6552734375,0.7333984375,-0.22802734375,Mouth closed
1713448179.374864,0.651611328125,0.72900390625,-0.232666015625,Mouth closed
1713448179.414419,0.65478515625,0.73193359375,-0.231689453125,Mouth closed
1713448179.453581,0.6552734375,0.73291015625,-0.228271484375,Mouth closed
1713448179.492292,0.652099609375,0.7275390625,-0.235595703125,Mouth closed
1713448179.530394,0.65966796875,0.728759765625,-0.22900390625,Mouth closed
1713448179.571479,0.657470703125,0.7333984375,-0.227294921875,Mouth closed
1713448179.611501,0.656982421875,0.72998046875,-0.23095703125,Mouth closed
1713448179.653844,0.65625,0.727294921875,-0.230224609375,Mouth closed
1713448179.693283,0.6591796875,0.72900390625,-0.228271484375,Mouth closed
1713448179.732532,0.654541015625,0.725341796875,-0.230712890625,Mouth closed
1713448179.773378,0.656494140625,0.7275390625,-0.229248046875,Mouth closed
1713448179.813625,0.66064453125,0.733642578125,-0.229248046875,Mouth closed
1713448179.85345,0.654296875,0.73193359375,-0.230224609375,Mouth closed
1713448179.893612,0.65478515625,0.723876953125,-0.23388671875,Mouth closed
1713448179.933482,0.660400390625,0.726806640625,-0.229248046875,Mouth closed
1713448179.97347,0.658203125,0.727294921875,-0.22509765625,Mouth closed
1713448180.014603,0.655517578125,0.727294921875,-0.2255859375,Mouth open
1713448180.063029,0.66015625,0.7314453125,-0.2294921875,Mouth open
1713448180.094838,0.654296875,0.732666015625,-0.2294921875,Mouth open
1713448180.133583,0.655517578125,0.72998046875,-0.23095703125,Mouth open
1713448180.172141,0.654052734375,0.735595703125,-0.227783203125,Mouth open
1713448180.212442,0.6572265625,0.73095703125,-0.225341796875,Mouth open
1713448180.254651,0.656005859375,0.727783203125,-0.231201171875,Mouth open
1713448180.294462,0.65869140625,0.72705078125,-0.2294921875,Mouth open
1713448180.333593,0.661376953125,0.727294921875,-0.22802734375,Mouth open
1713448180.373772,0.660400390625,0.727294921875,-0.22607421875,Mouth open
1713448180.41391,0.6572265625,0.72705078125,-0.228515625,Mouth open
1713448180.455158,0.65771484375,0.731201171875,-0.228759765625,Mouth open
1713448180.494823,0.65283203125,0.726806640625,-0.2265625,Mouth open
1713448180.537974,0.655029296875,0.729248046875,-0.2265625,Mouth open
1713448180.578854,0.657958984375,0.736572265625,-0.22802734375,Mouth open
1713448180.616415,0.653564453125,0.73046875,-0.232177734375,Mouth open
1713448180.656298,0.656005859375,0.7314453125,-0.23193359375,Mouth open
1713448180.698906,0.656982421875,0.7275390625,-0.226318359375,Mouth open
1713448180.734355,0.657958984375,0.728271484375,-0.2294921875,Mouth open
1713448180.77555,0.65283203125,0.72802734375,-0.22802734375,Mouth open
1713448180.815323,0.659423828125,0.734619140625,-0.232177734375,Mouth open
1713448180.854096,0.65625,0.729248046875,-0.232421875,Mouth open
1713448180.899237,0.65234375,0.726806640625,-0.228271484375,Mouth open
1713448180.933335,0.65576171875,0.73046875,-0.22607421875,Mouth open
1713448180.981705,0.65771484375,0.73193359375,-0.22705078125,Mouth open
1713448181.019777,0.658447265625,0.7294921875,-0.228759765625,Mouth open
1713448181.059145,0.6591796875,0.73193359375,-0.224609375,Mouth open
1713448181.096798,0.6572265625,0.72998046875,-0.224853515625,Mouth open
1713448181.135933,0.654296875,0.731689453125,-0.2265625,Mouth open
1713448181.17578,0.65478515625,0.732421875,-0.23095703125,Mouth open
1713448181.215834,0.65283203125,0.72900390625,-0.231201171875,Mouth open
1713448181.256435,0.654296875,0.7275390625,-0.233642578125,Mouth open
1713448181.295464,0.657470703125,0.73486328125,-0.228515625,Mouth open
1713448181.336578,0.658935546875,0.73291015625,-0.232177734375,Mouth open
1713448181.37674,0.650634765625,0.727783203125,-0.234130859375,Mouth open
1713448181.421165,0.659423828125,0.726318359375,-0.22705078125,Mouth open
1713448181.460625,0.662109375,0.729248046875,-0.22265625,Mouth open
1713448181.498918,0.66015625,0.730224609375,-0.22802734375,Mouth open
1713448181.537894,0.656005859375,0.73193359375,-0.227294921875,Mouth open
1713448181.57565,0.658935546875,0.733154296875,-0.22998046875,Mouth open
1713448181.616868,0.651611328125,0.72900390625,-0.23193359375,Mouth open
1713448181.655562,0.65234375,0.728271484375,-0.230224609375,Mouth open
1713448181.696241,0.658203125,0.733154296875,-0.22900390625,Mouth open
1713448181.735403,0.657958984375,0.734130859375,-0.234619140625,Mouth open
1713448181.776516,0.655517578125,0.728759765625,-0.234375,Mouth open
1713448181.816294,0.6572265625,0.729248046875,-0.22509765625,Mouth open
1713448181.858732,0.65869140625,0.727294921875,-0.23046875,Mouth open
1713448181.897276,0.6591796875,0.728271484375,-0.23046875,Mouth open
1713448181.938256,0.656005859375,0.730712890625,-0.22900390625,Mouth open
1713448181.977423,0.65380859375,0.73095703125,-0.23046875,Mouth open
1713448182.017493,0.6533203125,0.728759765625,-0.229248046875,Mouth open
1713448182.056529,0.6591796875,0.735107421875,-0.227783203125,Mouth open
1713448182.10206,0.65478515625,0.73388671875,-0.233154296875,Mouth open
1713448182.135863,0.65283203125,0.729248046875,-0.229736328125,Mouth open
1713448182.177731,0.659423828125,0.7275390625,-0.224853515625,Mouth open
1713448182.215975,0.658203125,0.727294921875,-0.2265625,Mouth open
1713448182.25604,0.65283203125,0.7255859375,-0.22900390625,Mouth open
1713448182.298033,0.66162109375,0.7333984375,-0.2275390625,Mouth open
1713448182.338079,0.65771484375,0.730712890625,-0.228515625,Mouth open
1713448182.376332,0.65380859375,0.7275390625,-0.23046875,Mouth open
1713448182.418137,0.657470703125,0.730712890625,-0.228515625,Mouth open
1713448182.458162,0.658203125,0.730712890625,-0.22802734375,Mouth open
1713448182.497857,0.65625,0.72705078125,-0.22998046875,Mouth open
1713448182.537299,0.657470703125,0.727783203125,-0.22705078125,Mouth open
1713448182.577336,0.658935546875,0.730224609375,-0.228271484375,Mouth open
1713448182.621532,0.658203125,0.727783203125,-0.230712890625,Mouth open
1713448182.659398,0.655029296875,0.728271484375,-0.228271484375,Mouth open
1713448182.698988,0.656494140625,0.73046875,-0.22802734375,Mouth open
1713448182.739925,0.651611328125,0.727783203125,-0.231201171875,Mouth open
1713448182.776282,0.6552734375,0.7314453125,-0.22509765625,Mouth open
1713448182.815189,0.65966796875,0.731689453125,-0.2265625,Mouth open
1713448182.855384,0.660400390625,0.733154296875,-0.229736328125,Mouth open
1713448182.899797,0.65869140625,0.7275390625,-0.2314453125,Mouth open
1713448182.940051,0.66259765625,0.726318359375,-0.222412109375,Mouth open
1713448182.976238,0.65673828125,0.728515625,-0.226318359375,Mouth open
1713448183.01787,0.6513671875,0.72705078125,-0.225830078125,Mouth open
1713448183.060448,0.657470703125,0.72998046875,-0.22802734375,Mouth open
1713448183.107699,0.658447265625,0.72998046875,-0.229248046875,Mouth open
1713448183.137829,0.65478515625,0.729736328125,-0.229736328125,Mouth open
1713448183.179893,0.655517578125,0.729736328125,-0.22607421875,Mouth open
1713448183.225462,0.65869140625,0.729736328125,-0.228271484375,Mouth open
1713448183.266206,0.658935546875,0.728271484375,-0.227783203125,Mouth open
1713448183.304169,0.65966796875,0.72802734375,-0.2255859375,Mouth open
1713448183.339373,0.66064453125,0.72998046875,-0.228515625,Mouth open
1713448183.379774,0.66162109375,0.726806640625,-0.22607421875,Mouth open
1713448183.417705,0.657958984375,0.7314453125,-0.226806640625,Mouth open
1713448183.460571,0.657958984375,0.73046875,-0.228515625,Mouth open
1713448183.496092,0.65625,0.73193359375,-0.23095703125,Mouth open
1713448183.536772,0.657470703125,0.727783203125,-0.231201171875,Mouth open
1713448183.576917,0.656494140625,0.731201171875,-0.22509765625,Mouth open
1713448183.619631,0.660400390625,0.73388671875,-0.22802734375,Mouth open
1713448183.658239,0.65380859375,0.72705078125,-0.228271484375,Mouth open
1713448183.700414,0.65869140625,0.726318359375,-0.224365234375,Mouth open
1713448183.739945,0.66357421875,0.729736328125,-0.22119140625,Mouth open
1713448183.778153,0.661376953125,0.727294921875,-0.229736328125,Mouth open
1713448183.81766,0.656005859375,0.72900390625,-0.224609375,Mouth open
1713448183.859435,0.668212890625,0.72705078125,-0.2353515625,Mouth open
1713448183.898929,0.658203125,0.726806640625,-0.217041015625,Mouth open
1713448183.938338,0.65478515625,0.723388671875,-0.22705078125,Mouth open
1713448183.979645,0.671142578125,0.72509765625,-0.217529296875,Mouth open
1713448184.022891,0.65869140625,0.721435546875,-0.2236328125,Mouth open
1713448184.060212,0.662109375,0.721923828125,-0.233154296875,Mouth open
1713448184.09966,0.6533203125,0.7255859375,-0.2412109375,Mouth open
1713448184.137205,0.65771484375,0.724853515625,-0.244873046875,Mouth open
1713448184.179147,0.65380859375,0.722412109375,-0.250732421875,Mouth open
1713448184.220047,0.658447265625,0.732177734375,-0.23974609375,Mouth open
1713448184.258548,0.65380859375,0.727783203125,-0.24072265625,Mouth open
1713448184.299589,0.65087890625,0.7236328125,-0.23974609375,Mouth open
1713448184.341382,0.65478515625,0.723876953125,-0.234619140625,Mouth open
1713448184.381156,0.656005859375,0.7294921875,-0.22705078125,Mouth open
1713448184.419471,0.659912109375,0.734130859375,-0.2373046875,Mouth open
1713448184.459972,0.65673828125,0.726318359375,-0.235107421875,Mouth open
1713448184.502957,0.65869140625,0.7265625,-0.232666015625,Mouth open
1713448184.540989,0.658935546875,0.72998046875,-0.23193359375,Mouth open
1713448184.580912,0.6591796875,0.73193359375,-0.23388671875,Mouth open
1713448184.621265,0.654052734375,0.72998046875,-0.233642578125,Mouth open
1713448184.66041,0.660888671875,0.73193359375,-0.238525390625,Mouth open
1713448184.698262,0.651611328125,0.729736328125,-0.234619140625,Mouth open
1713448184.744215,0.653076171875,0.730224609375,-0.237060546875,Mouth open
1713448184.78032,0.65478515625,0.73388671875,-0.234130859375,Mouth open
1713448184.821038,0.65576171875,0.733154296875,-0.233154296875,Mouth open
1713448184.85931,0.65625,0.73193359375,-0.234619140625,Mouth open
1713448184.912964,0.65576171875,0.7294921875,-0.22998046875,Mouth open
1713448184.940721,0.6591796875,0.73046875,-0.229248046875,Mouth open
1713448184.984116,0.65380859375,0.728759765625,-0.227294921875,Mouth open
1713448185.01998,0.652587890625,0.7294921875,-0.238525390625,Mouth open
1713448185.062717,0.651611328125,0.728759765625,-0.2333984375,Mouth open
1713448185.106376,0.652099609375,0.72998046875,-0.2353515625,Mouth open
1713448185.148108,0.652587890625,0.732177734375,-0.230224609375,Mouth open
1713448185.188894,0.659912109375,0.734375,-0.234375,Mouth open
1713448185.221295,0.652587890625,0.727294921875,-0.232177734375,Mouth open
1713448185.264582,0.656494140625,0.725341796875,-0.227783203125,Mouth open
1713448185.303795,0.663818359375,0.728759765625,-0.22265625,Mouth open
1713448185.341429,0.66015625,0.728515625,-0.226806640625,Mouth open
1713448185.391961,0.651611328125,0.7294921875,-0.22607421875,Mouth open
1713448185.42063,0.65771484375,0.73486328125,-0.232421875,Mouth open
1713448185.463242,0.657958984375,0.72998046875,-0.231689453125,Mouth open
1713448185.509709,0.654296875,0.728515625,-0.228759765625,Mouth open
1713448185.547706,0.657470703125,0.728759765625,-0.23193359375,Mouth open
1713448185.586389,0.657958984375,0.728515625,-0.22900390625,Mouth open
1713448185.62592,0.655029296875,0.7275390625,-0.2353515625,Mouth open
1713448185.664017,0.65966796875,0.72705078125,-0.23046875,Mouth open
1713448185.703217,0.6650390625,0.73193359375,-0.228515625,Mouth open
1713448185.741141,0.671875,0.724853515625,-0.21923828125,Mouth open
1713448185.781418,0.67626953125,0.731201171875,-0.210205078125,Mouth open
1713448185.823208,0.67626953125,0.71728515625,-0.206298828125,Mouth open
1713448185.862282,0.67138671875,0.71630859375,-0.2138671875,Mouth open
1713448185.903098,0.680419921875,0.714599609375,-0.224853515625,Mouth open
1713448185.947001,0.680908203125,0.70947265625,-0.2138671875,Mouth open
1713448185.984232,0.67578125,0.706787109375,-0.221435546875,Mouth open
1713448186.024341,0.665771484375,0.712646484375,-0.237060546875,Mouth open
1713448186.061546,0.658447265625,0.710205078125,-0.2451171875,Mouth open
1713448186.103243,0.663330078125,0.719970703125,-0.234375,Mouth open
1713448186.143195,0.67138671875,0.721435546875,-0.23583984375,Mouth open
1713448186.18297,0.660400390625,0.7158203125,-0.23974609375,Mouth open
1713448186.222521,0.651611328125,0.70947265625,-0.236083984375,Mouth open
1713448186.262668,0.669921875,0.71435546875,-0.230224609375,Mouth open
1713448186.302308,0.671142578125,0.720458984375,-0.211181640625,Mouth open
1713448186.347701,0.678955078125,0.7197265625,-0.216064453125,Mouth open
1713448186.386632,0.66455078125,0.71533203125,-0.2216796875,Mouth open
1713448186.42696,0.67333984375,0.72119140625,-0.222412109375,Mouth open
1713448186.468426,0.6728515625,0.720458984375,-0.20556640625,Mouth open
1713448186.507668,0.676513671875,0.7294921875,-0.212890625,Mouth open
1713448186.547575,0.671142578125,0.72314453125,-0.2158203125,Mouth open
1713448186.5855,0.66455078125,0.716552734375,-0.226806640625,Mouth open
1713448186.625567,0.669677734375,0.722412109375,-0.215087890625,Mouth open
1713448186.663337,0.658447265625,0.71826171875,-0.224365234375,Mouth open
1713448186.704799,0.6650390625,0.716552734375,-0.220703125,Mouth open
1713448186.742452,0.67333984375,0.73291015625,-0.2177734375,Mouth open
1713448186.782801,0.66357421875,0.730712890625,-0.22119140625,Mouth open
1713448186.822307,0.6650390625,0.7314453125,-0.21728515625,Mouth open
1713448186.867416,0.657958984375,0.72900390625,-0.222900390625,Mouth open
1713448186.907799,0.662109375,0.729736328125,-0.21533203125,Mouth open
1713448186.947116,0.6630859375,0.728515625,-0.2158203125,Mouth open
1713448186.983605,0.65869140625,0.728271484375,-0.2197265625,Mouth open
1713448187.025817,0.6611328125,0.728515625,-0.21630859375,Mouth open
1713448187.064174,0.6640625,0.7265625,-0.2216796875,Mouth open
1713448187.113033,0.66455078125,0.7275390625,-0.218017578125,Mouth open
1713448187.145186,0.666259765625,0.728759765625,-0.217529296875,Mouth open
1713448187.196163,0.666748046875,0.726318359375,-0.21923828125,Mouth open
1713448187.233194,0.666748046875,0.726806640625,-0.22216796875,Mouth open
1713448187.274125,0.6669921875,0.72314453125,-0.2119140625,Mouth open
1713448187.310193,0.666259765625,0.723876953125,-0.21630859375,Mouth open
1713448187.345583,0.664306640625,0.718017578125,-0.217041015625,Mouth open
1713448187.389587,0.669189453125,0.7265625,-0.21337890625,Mouth open
1713448187.429357,0.66455078125,0.72265625,-0.215576171875,Mouth open
1713448187.468403,0.666015625,0.728271484375,-0.212158203125,Mouth open
1713448187.507091,0.661376953125,0.731201171875,-0.217529296875,Mouth open
1713448187.54661,0.66357421875,0.730712890625,-0.21337890625,Mouth open
1713448187.588754,0.657958984375,0.7265625,-0.216064453125,Mouth open
1713448187.625101,0.66015625,0.72802734375,-0.220703125,Mouth open
1713448187.667165,0.664306640625,0.732177734375,-0.217529296875,Mouth open
1713448187.705118,0.660888671875,0.727294921875,-0.21728515625,Mouth open
1713448187.747565,0.667236328125,0.726318359375,-0.21826171875,Mouth open
1713448187.786352,0.665283203125,0.723876953125,-0.21484375,Mouth open
1713448187.825302,0.6630859375,0.72412109375,-0.215576171875,Mouth open
1713448187.866494,0.664306640625,0.72509765625,-0.212646484375,Mouth open
1713448187.907086,0.669189453125,0.729248046875,-0.21728515625,Mouth open
1713448187.946557,0.665283203125,0.726318359375,-0.21533203125,Mouth open
1713448187.995672,0.662841796875,0.724853515625,-0.215576171875,Mouth open
1713448188.02434,0.66650390625,0.72607421875,-0.212158203125,Mouth open
1713448188.06758,0.663330078125,0.729736328125,-0.21044921875,Mouth open
1713448188.104465,0.661865234375,0.72802734375,-0.21240234375,Mouth open
1713448188.144235,0.670166015625,0.73095703125,-0.21826171875,Mouth open
1713448188.185085,0.660888671875,0.726806640625,-0.215576171875,Mouth open
1713448188.236911,0.663330078125,0.726806640625,-0.2138671875,Mouth open
1713448188.266334,0.6640625,0.72900390625,-0.217041015625,Mouth open
1713448188.31325,0.665283203125,0.72900390625,-0.21728515625,Mouth open
1713448188.346486,0.665771484375,0.728759765625,-0.21533203125,Mouth open
1713448188.392274,0.667236328125,0.726806640625,-0.21875,Mouth open
1713448188.4266,0.665771484375,0.7236328125,-0.218505859375,Mouth open
1713448188.47637,0.6650390625,0.7236328125,-0.220703125,Mouth open
1713448188.50623,0.6689453125,0.728515625,-0.2138671875,Mouth open
1713448188.551842,0.666259765625,0.728759765625,-0.221435546875,Mouth open
1713448188.587037,0.660400390625,0.72509765625,-0.22119140625,Mouth open
1713448188.640395,0.66552734375,0.726806640625,-0.21728515625,Mouth open
1713448188.665363,0.6611328125,0.72509765625,-0.216552734375,Mouth open
1713448188.705547,0.660400390625,0.723388671875,-0.21484375,Mouth open
1713448188.748062,0.665771484375,0.72998046875,-0.220703125,Mouth open
1713448188.788088,0.663330078125,0.72802734375,-0.214111328125,Mouth open
1713448188.827658,0.663818359375,0.724365234375,-0.215576171875,Mouth open
1713448188.867646,0.66259765625,0.7275390625,-0.215087890625,Mouth open
1713448188.907094,0.662353515625,0.728759765625,-0.219482421875,Mouth open
1713448188.948126,0.66455078125,0.728515625,-0.2216796875,Mouth open
1713448188.988134,0.6630859375,0.72607421875,-0.2197265625,Mouth open
1713448189.028081,0.661865234375,0.726318359375,-0.218994140625,Mouth open
1713448189.069852,0.66552734375,0.727783203125,-0.21728515625,Mouth open
1713448189.122432,0.66650390625,0.726318359375,-0.217529296875,Mouth open
1713448189.151976,0.66748046875,0.73095703125,-0.216552734375,Mouth open
1713448189.204756,0.665771484375,0.727294921875,-0.22021484375,Mouth open
1713448189.229844,0.6630859375,0.72314453125,-0.21875,Mouth open
1713448189.268654,0.66650390625,0.722412109375,-0.216064453125,Mouth open
1713448189.308007,0.666748046875,0.7236328125,-0.215087890625,Mouth open
1713448189.347214,0.6611328125,0.724365234375,-0.2197265625,Mouth open
1713448189.387779,0.667724609375,0.72900390625,-0.21728515625,Mouth open
1713448189.426462,0.66552734375,0.726806640625,-0.214599609375,Mouth open
1713448189.467301,0.6630859375,0.724609375,-0.218505859375,Mouth open
1713448189.507411,0.666748046875,0.725830078125,-0.214111328125,Mouth open
1713448189.547034,0.66552734375,0.7265625,-0.218017578125,Mouth open
1713448189.588041,0.668212890625,0.725830078125,-0.21728515625,Mouth open
1713448189.630589,0.665283203125,0.724853515625,-0.21484375,Mouth open
1713448189.672484,0.662109375,0.722900390625,-0.216552734375,Mouth open
1713448189.708796,0.661865234375,0.724853515625,-0.21826171875,Mouth open
1713448189.74836,0.667236328125,0.722412109375,-0.219970703125,Mouth open
1713448189.789237,0.664306640625,0.723876953125,-0.219970703125,Mouth open
1713448189.830613,0.671630859375,0.727783203125,-0.222412109375,Mouth open
1713448189.869334,0.662841796875,0.724853515625,-0.219970703125,Mouth open
1713448189.91017,0.666259765625,0.719482421875,-0.217529296875,Mouth open
1713448189.950932,0.6689453125,0.72509765625,-0.21142578125,Mouth open
1713448189.9885,0.669677734375,0.724365234375,-0.216796875,Mouth open
1713448190.030408,0.665283203125,0.723388671875,-0.215087890625,Mouth open
1713448190.068619,0.666015625,0.72705078125,-0.21826171875,Mouth open
1713448190.109096,0.6630859375,0.72607421875,-0.217041015625,Mouth open
1713448190.149417,0.66162109375,0.72216796875,-0.21875,Mouth open
1713448190.192126,0.666748046875,0.7236328125,-0.21630859375,Mouth open
1713448190.230515,0.668212890625,0.728515625,-0.21875,Mouth open
1713448190.27061,0.664306640625,0.725830078125,-0.21484375,Mouth open
1713448190.310114,0.6708984375,0.72119140625,-0.2138671875,Mouth open
1713448190.353503,0.66943359375,0.720458984375,-0.216064453125,Mouth open
1713448190.394229,0.66357421875,0.718505859375,-0.220947265625,Mouth open
1713448190.432,0.665771484375,0.719970703125,-0.220703125,Mouth open
1713448190.471363,0.67138671875,0.72314453125,-0.220947265625,Mouth open
1713448190.512925,0.667236328125,0.726318359375,-0.218505859375,Mouth open
1713448190.552402,0.673095703125,0.72900390625,-0.22119140625,Mouth open
1713448190.592032,0.664794921875,0.72705078125,-0.217041015625,Mouth open
1713448190.631117,0.6630859375,0.722900390625,-0.2138671875,Mouth open
1713448190.674224,0.669921875,0.71923828125,-0.210693359375,Mouth open
1713448190.714866,0.66796875,0.7197265625,-0.2158203125,Mouth open
1713448190.75147,0.667236328125,0.722900390625,-0.218505859375,Mouth open
1713448190.791841,0.666748046875,0.725341796875,-0.216796875,Mouth open
1713448190.832187,0.666015625,0.725341796875,-0.216796875,Mouth open
1713448190.88362,0.667724609375,0.729248046875,-0.2177734375,Mouth open
1713448190.911309,0.669677734375,0.72509765625,-0.216552734375,Mouth open
1713448190.960419,0.665283203125,0.72265625,-0.21728515625,Mouth open
1713448190.998437,0.667236328125,0.72021484375,-0.216552734375,Mouth open
1713448191.038145,0.66748046875,0.720703125,-0.218017578125,Mouth open
1713448191.077954,0.66748046875,0.72265625,-0.21435546875,Mouth open
1713448191.113314,0.66650390625,0.725341796875,-0.218505859375,Mouth open
1713448191.154517,0.66796875,0.72607421875,-0.21630859375,Mouth open
1713448191.224284,0.663330078125,0.72119140625,-0.22265625,Mouth open
1713448191.242723,0.662353515625,0.72314453125,-0.21533203125,Mouth open
1713448191.280419,0.671875,0.729248046875,-0.217529296875,Mouth open
1713448191.311686,0.665283203125,0.72265625,-0.219970703125,Mouth open
1713448191.357348,0.664794921875,0.720458984375,-0.218994140625,Mouth open
1713448191.398451,0.67041015625,0.721435546875,-0.21533203125,Mouth open
1713448191.432452,0.673095703125,0.724853515625,-0.2158203125,Mouth open
1713448191.476126,0.664306640625,0.72265625,-0.21875,Mouth open
1713448191.515961,0.669921875,0.725830078125,-0.221435546875,Mouth open
1713448191.557131,0.665771484375,0.722900390625,-0.21875,Mouth open
1713448191.594873,0.667236328125,0.72265625,-0.219482421875,Mouth open
1713448191.634589,0.668212890625,0.72900390625,-0.215576171875,Mouth open
1713448191.673856,0.6669921875,0.724853515625,-0.218505859375,Mouth open
1713448191.713144,0.664794921875,0.724853515625,-0.216552734375,Mouth open
1713448191.756865,0.66845703125,0.72412109375,-0.21044921875,Mouth open
1713448191.793985,0.669921875,0.723388671875,-0.210205078125,Mouth open
1713448191.835214,0.66748046875,0.7236328125,-0.21728515625,Mouth open
1713448191.876766,0.67041015625,0.723876953125,-0.2216796875,Mouth open
1713448191.917328,0.669921875,0.727783203125,-0.21826171875,Mouth open
1713448191.955934,0.664794921875,0.72705078125,-0.214599609375,Mouth open
1713448191.99647,0.668701171875,0.728271484375,-0.219970703125,Mouth open
1713448192.032959,0.662841796875,0.7216796875,-0.217529296875,Mouth open
1713448192.073159,0.67041015625,0.724365234375,-0.214111328125,Mouth open
1713448192.113981,0.672607421875,0.72265625,-0.211181640625,Mouth open
1713448192.154086,0.66650390625,0.72021484375,-0.210205078125,Mouth open
1713448192.194006,0.6708984375,0.723876953125,-0.211181640625,Mouth open
1713448192.237644,0.669921875,0.724609375,-0.21142578125,Mouth open
1713448192.27436,0.66943359375,0.726318359375,-0.213623046875,Mouth open
1713448192.315794,0.669921875,0.726318359375,-0.2177734375,Mouth open
1713448192.356128,0.66748046875,0.72509765625,-0.217041015625,Mouth open
1713448192.395337,0.669677734375,0.723388671875,-0.21630859375,Mouth open
1713448192.437544,0.66845703125,0.72265625,-0.215087890625,Mouth open
1713448192.476183,0.667236328125,0.72314453125,-0.21630859375,Mouth open
1713448192.5219,0.672607421875,0.722900390625,-0.212158203125,Mouth open
1713448192.555893,0.669189453125,0.72021484375,-0.21533203125,Mouth open
1713448192.600601,0.668212890625,0.72119140625,-0.21728515625,Mouth open
1713448192.639319,0.66455078125,0.722900390625,-0.210693359375,Mouth open
1713448192.678118,0.675048828125,0.72998046875,-0.21435546875,Mouth open
1713448192.714621,0.66845703125,0.725341796875,-0.21826171875,Mouth open
1713448192.754988,0.6669921875,0.72021484375,-0.218017578125,Mouth open
1713448192.795472,0.670166015625,0.721923828125,-0.214111328125,Mouth open
1713448192.841306,0.67333984375,0.72216796875,-0.212158203125,Mouth open
1713448192.877157,0.66552734375,0.720947265625,-0.212646484375,Mouth open
1713448192.919779,0.671875,0.724365234375,-0.216064453125,Mouth open
1713448192.955518,0.66845703125,0.72265625,-0.217529296875,Mouth open
1713448192.996994,0.66943359375,0.729736328125,-0.217529296875,Mouth open
1713448193.041669,0.66845703125,0.724853515625,-0.218017578125,Mouth open
1713448193.077693,0.67041015625,0.723876953125,-0.2158203125,Mouth open
1713448193.118216,0.66650390625,0.72021484375,-0.21630859375,Mouth open
1713448193.168962,0.67041015625,0.719482421875,-0.2119140625,Mouth open
1713448193.197904,0.67236328125,0.72265625,-0.2109375,Mouth open
1713448193.240224,0.66748046875,0.720947265625,-0.216064453125,Mouth open
1713448193.277229,0.666259765625,0.7216796875,-0.216552734375,Mouth open
1713448193.318353,0.6669921875,0.723388671875,-0.2197265625,Mouth open
1713448193.364869,0.66357421875,0.7236328125,-0.217041015625,Mouth open
1713448193.403445,0.664794921875,0.728515625,-0.213134765625,Mouth open
1713448193.443284,0.665771484375,0.72705078125,-0.217529296875,Mouth open
1713448193.48112,0.6669921875,0.720703125,-0.21826171875,Mouth open
1713448193.518977,0.668212890625,0.72021484375,-0.214599609375,Mouth open
1713448193.55877,0.67138671875,0.721923828125,-0.211181640625,Mouth open
1713448193.597533,0.665283203125,0.71875,-0.211181640625,Mouth open
1713448193.63865,0.67041015625,0.728759765625,-0.21240234375,Mouth open
1713448193.679078,0.664306640625,0.727294921875,-0.213134765625,Mouth open
1713448193.719444,0.668701171875,0.724365234375,-0.2158203125,Mouth open
1713448193.759871,0.66650390625,0.72802734375,-0.2138671875,Mouth open
1713448193.802214,0.666748046875,0.723388671875,-0.217041015625,Mouth open
1713448193.839882,0.665771484375,0.72314453125,-0.212646484375,Mouth open
1713448193.87912,0.6689453125,0.72509765625,-0.209716796875,Mouth open
1713448193.918128,0.66650390625,0.72607421875,-0.2099609375,Mouth open
1713448193.959059,0.668701171875,0.723388671875,-0.2158203125,Mouth open
1713448193.996849,0.667724609375,0.7265625,-0.21435546875,Mouth open
1713448194.036831,0.6640625,0.724365234375,-0.2080078125,Mouth open
1713448194.077055,0.663330078125,0.72314453125,-0.21728515625,Mouth open
1713448194.11784,0.65869140625,0.725830078125,-0.210693359375,Mouth open
1713448194.155919,0.669677734375,0.73046875,-0.21533203125,Mouth open
1713448194.20271,0.662353515625,0.725341796875,-0.211181640625,Mouth open
1713448194.241983,0.665771484375,0.723388671875,-0.212890625,Mouth open
1713448194.280541,0.671875,0.728759765625,-0.20654296875,Mouth open
1713448194.320414,0.67138671875,0.723876953125,-0.21337890625,Mouth open
1713448194.357955,0.667236328125,0.726806640625,-0.212646484375,Mouth open
1713448194.404532,0.6689453125,0.728759765625,-0.216796875,Mouth open
1713448194.439244,0.667236328125,0.724853515625,-0.216552734375,Mouth open
1713448194.478043,0.6640625,0.7275390625,-0.216552734375,Mouth open
1713448194.522203,0.666259765625,0.727783203125,-0.2197265625,Mouth open
1713448194.557899,0.6630859375,0.726318359375,-0.218994140625,Mouth open
1713448194.599761,0.6630859375,0.727294921875,-0.218017578125,Mouth open
1713448194.63722,0.664794921875,0.72412109375,-0.212890625,Mouth open
1713448194.676205,0.66552734375,0.722412109375,-0.2158203125,Mouth open
1713448194.714933,0.665771484375,0.726318359375,-0.21435546875,Mouth open
1713448194.758013,0.6640625,0.72412109375,-0.218505859375,Mouth open
1713448194.798957,0.66357421875,0.72607421875,-0.220703125,Mouth open
1713448194.836774,0.66552734375,0.729736328125,-0.2109375,Mouth open
1713448194.886307,0.663818359375,0.731201171875,-0.218505859375,Mouth open
1713448194.916886,0.66015625,0.724853515625,-0.21435546875,Mouth open
1713448194.963426,0.66845703125,0.724365234375,-0.2099609375,Mouth open
1713448195.004644,0.671142578125,0.7275390625,-0.205810546875,Mouth closed
1713448195.040393,0.666748046875,0.725341796875,-0.2138671875,Mouth closed
1713448195.08183,0.6669921875,0.727783203125,-0.21337890625,Mouth closed
1713448195.120826,0.666259765625,0.7275390625,-0.210205078125,Mouth closed
1713448195.160163,0.661865234375,0.725341796875,-0.216064453125,Mouth closed
1713448195.201088,0.6640625,0.72802734375,-0.21630859375,Mouth closed
1713448195.239414,0.66259765625,0.7294921875,-0.21484375,Mouth closed
1713448195.279316,0.664306640625,0.72509765625,-0.216796875,Mouth closed
1713448195.317676,0.6650390625,0.724365234375,-0.215087890625,Mouth closed
1713448195.356649,0.664794921875,0.723388671875,-0.211669921875,Mouth closed
1713448195.396844,0.6689453125,0.723388671875,-0.211669921875,Mouth closed
1713448195.43839,0.665771484375,0.72314453125,-0.2119140625,Mouth closed
1713448195.477073,0.666748046875,0.7236328125,-0.21337890625,Mouth closed
1713448195.518128,0.65966796875,0.725830078125,-0.21435546875,Mouth closed
1713448195.558566,0.66455078125,0.73193359375,-0.218505859375,Mouth closed
1713448195.600467,0.6611328125,0.7255859375,-0.21435546875,Mouth closed
1713448195.638898,0.6630859375,0.7255859375,-0.21533203125,Mouth closed
1713448195.679538,0.6689453125,0.726806640625,-0.212158203125,Mouth closed
1713448195.719914,0.669921875,0.723876953125,-0.21044921875,Mouth closed
1713448195.767491,0.66845703125,0.721923828125,-0.2099609375,Mouth closed
1713448195.798949,0.66796875,0.727294921875,-0.214111328125,Mouth closed
1713448195.838892,0.6640625,0.724365234375,-0.21435546875,Mouth closed
1713448195.877971,0.663330078125,0.7255859375,-0.21533203125,Mouth closed
1713448195.91686,0.666015625,0.729248046875,-0.21826171875,Mouth closed
1713448195.958303,0.66650390625,0.729248046875,-0.21630859375,Mouth closed
1713448195.998878,0.66552734375,0.724609375,-0.2138671875,Mouth closed
1713448196.036946,0.666259765625,0.72265625,-0.211669921875,Mouth closed
1713448196.080822,0.669921875,0.72314453125,-0.207275390625,Mouth closed
1713448196.117808,0.664306640625,0.72216796875,-0.209228515625,Mouth closed
1713448196.159624,0.66455078125,0.723876953125,-0.212646484375,Mouth closed
1713448196.204802,0.6640625,0.7275390625,-0.213623046875,Mouth closed
1713448196.244122,0.66748046875,0.73095703125,-0.216552734375,Mouth closed
1713448196.283298,0.66162109375,0.726318359375,-0.21630859375,Mouth closed
1713448196.320835,0.666748046875,0.724609375,-0.216552734375,Mouth closed
1713448196.361916,0.669921875,0.7265625,-0.20703125,Mouth closed
1713448196.403616,0.670654296875,0.724853515625,-0.20751953125,Mouth closed
1713448196.446772,0.666015625,0.723876953125,-0.2099609375,Mouth closed
1713448196.479972,0.664794921875,0.727294921875,-0.214599609375,Mouth closed
1713448196.524345,0.665283203125,0.728271484375,-0.21435546875,Mouth closed
1713448196.561197,0.662353515625,0.726318359375,-0.214599609375,Mouth closed
1713448196.612263,0.667724609375,0.72802734375,-0.2119140625,Mouth closed
1713448196.638615,0.66796875,0.72705078125,-0.211669921875,Mouth closed
1713448196.688793,0.669921875,0.72607421875,-0.212890625,Mouth closed
1713448196.718962,0.666015625,0.724609375,-0.209716796875,Mouth closed
1713448196.759282,0.66650390625,0.723388671875,-0.21142578125,Mouth closed
1713448196.804499,0.663818359375,0.7236328125,-0.211669921875,Mouth closed
1713448196.844857,0.66357421875,0.7275390625,-0.213134765625,Mouth closed
1713448196.882959,0.6630859375,0.731689453125,-0.2138671875,Mouth closed
1713448196.919756,0.668212890625,0.73291015625,-0.217041015625,Mouth closed
1713448196.962381,0.664306640625,0.72412109375,-0.21728515625,Mouth closed
1713448197.001664,0.66552734375,0.720458984375,-0.217041015625,Mouth closed
1713448197.042375,0.669921875,0.723876953125,-0.212890625,Mouth closed
1713448197.089938,0.669189453125,0.724609375,-0.208740234375,Mouth closed
1713448197.127329,0.664794921875,0.727294921875,-0.21142578125,Mouth closed
1713448197.166987,0.66943359375,0.728271484375,-0.21435546875,Mouth closed
1713448197.204632,0.6640625,0.72900390625,-0.21484375,Mouth closed
1713448197.244595,0.662353515625,0.72900390625,-0.21484375,Mouth closed
1713448197.284113,0.666748046875,0.7314453125,-0.214111328125,Mouth closed
1713448197.321881,0.662353515625,0.72900390625,-0.215087890625,Mouth closed
1713448197.359869,0.662841796875,0.7314453125,-0.21484375,Mouth closed
1713448197.400406,0.666259765625,0.728515625,-0.21240234375,Mouth closed
1713448197.439455,0.6650390625,0.725830078125,-0.216552734375,Mouth closed
1713448197.483036,0.66650390625,0.724853515625,-0.2138671875,Mouth closed
1713448197.519905,0.66259765625,0.72265625,-0.215087890625,Mouth closed
1713448197.559962,0.660888671875,0.725341796875,-0.214111328125,Mouth closed
1713448197.600981,0.669189453125,0.732177734375,-0.22265625,Mouth closed
1713448197.643432,0.661376953125,0.7236328125,-0.217041015625,Mouth closed
1713448197.680049,0.66162109375,0.7216796875,-0.2138671875,Mouth closed
1713448197.721352,0.66455078125,0.7275390625,-0.212646484375,Mouth closed
1713448197.760871,0.66796875,0.726806640625,-0.2158203125,Mouth closed
1713448197.80127,0.664794921875,0.726806640625,-0.212890625,Mouth closed
1713448197.839892,0.670166015625,0.72900390625,-0.21533203125,Mouth closed
1713448197.883368,0.663330078125,0.723876953125,-0.215576171875,Mouth closed
1713448197.918102,0.662841796875,0.723388671875,-0.215087890625,Mouth closed
1713448197.957894,0.664306640625,0.730224609375,-0.217529296875,Mouth closed
1713448197.997703,0.6630859375,0.72900390625,-0.2197265625,Mouth closed
1713448198.03892,0.664306640625,0.727294921875,-0.215576171875,Mouth closed
1713448198.078889,0.663330078125,0.726318359375,-0.21337890625,Mouth closed
1713448198.118735,0.6630859375,0.72607421875,-0.21435546875,Mouth closed
1713448198.159745,0.6689453125,0.723388671875,-0.21923828125,Mouth closed
1713448198.198869,0.66650390625,0.724365234375,-0.215087890625,Mouth closed
1713448198.239439,0.66357421875,0.728515625,-0.213134765625,Mouth closed
1713448198.279832,0.66650390625,0.72998046875,-0.21875,Mouth closed
1713448198.319756,0.658935546875,0.721435546875,-0.216552734375,Mouth closed
1713448198.366072,0.668701171875,0.72314453125,-0.212646484375,Mouth closed
1713448198.403225,0.6650390625,0.72802734375,-0.21630859375,Mouth closed
1713448198.443765,0.66650390625,0.724853515625,-0.213623046875,Mouth closed
1713448198.482622,0.668212890625,0.726806640625,-0.2138671875,Mouth closed
1713448198.523921,0.669921875,0.72509765625,-0.216796875,Mouth closed
1713448198.564768,0.677978515625,0.723388671875,-0.211181640625,Mouth closed
1713448198.60111,0.660888671875,0.71728515625,-0.21240234375,Mouth closed
1713448198.644675,0.66357421875,0.727783203125,-0.228271484375,Mouth closed
1713448198.681066,0.674560546875,0.72119140625,-0.21142578125,Mouth closed
1713448198.724853,0.670166015625,0.718994140625,-0.214111328125,Mouth closed
1713448198.77263,0.680908203125,0.727294921875,-0.223876953125,Mouth closed
1713448198.799691,0.667724609375,0.724609375,-0.21240234375,Mouth closed
1713448198.840429,0.668701171875,0.724365234375,-0.2109375,Mouth closed
1713448198.881021,0.666748046875,0.720947265625,-0.217529296875,Mouth closed
1713448198.923775,0.67138671875,0.728271484375,-0.215576171875,Mouth closed
1713448198.962115,0.667236328125,0.730712890625,-0.212158203125,Mouth closed
1713448199.004852,0.6669921875,0.726318359375,-0.218017578125,Mouth closed
1713448199.043408,0.666259765625,0.72119140625,-0.223388671875,Mouth closed
1713448199.085344,0.67236328125,0.723876953125,-0.216552734375,Mouth closed
1713448199.122702,0.66796875,0.724609375,-0.218017578125,Mouth closed
1713448199.165636,0.6611328125,0.71923828125,-0.217529296875,Mouth closed
1713448199.199124,0.66796875,0.718505859375,-0.2158203125,Mouth closed
1713448199.239826,0.673583984375,0.72119140625,-0.211181640625,Mouth closed
1713448199.280091,0.672607421875,0.723388671875,-0.20849609375,Mouth closed
1713448199.320782,0.671875,0.722900390625,-0.2119140625,Mouth closed
1713448199.360683,0.668701171875,0.721923828125,-0.215087890625,Mouth closed
1713448199.400915,0.66943359375,0.72412109375,-0.215576171875,Mouth closed
1713448199.441069,0.672119140625,0.72265625,-0.216064453125,Mouth closed
1713448199.481785,0.66650390625,0.7255859375,-0.219970703125,Mouth closed
1713448199.520791,0.66748046875,0.726318359375,-0.216064453125,Mouth closed
1713448199.561922,0.668701171875,0.724365234375,-0.216552734375,Mouth closed
1713448199.602144,0.669921875,0.724853515625,-0.2177734375,Mouth closed
1713448199.641975,0.6669921875,0.722900390625,-0.22216796875,Mouth closed
1713448199.686855,0.673583984375,0.724853515625,-0.21630859375,Mouth closed
1713448199.722871,0.669677734375,0.72705078125,-0.210205078125,Mouth closed
1713448199.762383,0.672119140625,0.727783203125,-0.214599609375,Mouth closed
1713448199.801837,0.669921875,0.72216796875,-0.2138671875,Mouth closed
1713448199.842835,0.6728515625,0.72314453125,-0.2138671875,Mouth closed
1713448199.880721,0.673828125,0.720947265625,-0.211669921875,Mouth closed
1713448199.922608,0.672119140625,0.72119140625,-0.213623046875,Mouth closed
1713448199.96253,0.66943359375,0.72509765625,-0.217041015625,Mouth closed
1713448200.002383,0.67626953125,0.722900390625,-0.21240234375,Mouth closed
1713448200.042915,0.657470703125,0.722900390625,-0.21728515625,Mouth closed
1713448200.082724,0.669677734375,0.72900390625,-0.2158203125,Mouth closed
1713448200.124254,0.66796875,0.72900390625,-0.2099609375,Mouth closed
1713448200.163658,0.66552734375,0.720703125,-0.211181640625,Mouth closed
1713448200.20372,0.66845703125,0.719970703125,-0.21240234375,Mouth closed
1713448200.246454,0.668212890625,0.720703125,-0.21484375,Mouth closed
1713448200.283832,0.66650390625,0.721923828125,-0.21826171875,Mouth closed
1713448200.325079,0.671142578125,0.724609375,-0.217041015625,Mouth closed
1713448200.365772,0.667724609375,0.729248046875,-0.21875,Mouth closed
1713448200.404679,0.6669921875,0.725341796875,-0.22021484375,Mouth closed
1713448200.443887,0.664794921875,0.724609375,-0.21630859375,Mouth closed
1713448200.482636,0.667236328125,0.721435546875,-0.217041015625,Mouth closed
1713448200.521619,0.665283203125,0.72607421875,-0.21240234375,Mouth closed
1713448200.565598,0.672119140625,0.7314453125,-0.21728515625,Mouth closed
1713448200.607289,0.66357421875,0.720947265625,-0.2138671875,Mouth closed
1713448200.643833,0.66748046875,0.72216796875,-0.212890625,Mouth closed
1713448200.684615,0.66650390625,0.726318359375,-0.20654296875,Mouth closed
1713448200.727232,0.6708984375,0.72412109375,-0.212890625,Mouth closed
1713448200.776822,0.666015625,0.72412109375,-0.21484375,Mouth closed
1713448200.805044,0.670654296875,0.7275390625,-0.2158203125,Mouth closed
1713448200.855121,0.6650390625,0.721435546875,-0.21435546875,Mouth closed
1713448200.885733,0.6640625,0.722900390625,-0.215576171875,Mouth closed
1713448200.934787,0.67041015625,0.7275390625,-0.21484375,Mouth closed
1713448200.96465,0.66748046875,0.72412109375,-0.215087890625,Mouth closed
1713448201.009177,0.66845703125,0.7216796875,-0.2158203125,Mouth closed
1713448201.045597,0.66845703125,0.721435546875,-0.212158203125,Mouth closed
1713448201.086645,0.66943359375,0.72314453125,-0.21337890625,Mouth closed
1713448201.123642,0.6669921875,0.72216796875,-0.216064453125,Mouth closed
1713448201.163873,0.670654296875,0.72509765625,-0.215087890625,Mouth closed
1713448201.204685,0.665771484375,0.723876953125,-0.2177734375,Mouth closed
1713448201.253865,0.66552734375,0.721435546875,-0.21240234375,Mouth closed
1713448201.284292,0.666748046875,0.72607421875,-0.2119140625,Mouth closed
1713448201.329039,0.673828125,0.731201171875,-0.21240234375,Mouth closed
1713448201.365001,0.6650390625,0.7255859375,-0.213134765625,Mouth closed
1713448201.413881,0.666015625,0.718994140625,-0.211669921875,Mouth closed
1713448201.44461,0.670654296875,0.72119140625,-0.208740234375,Mouth closed
1713448201.489135,0.671875,0.72314453125,-0.209716796875,Mouth closed
1713448201.531311,0.66259765625,0.720947265625,-0.21044921875,Mouth closed
1713448201.571544,0.6728515625,0.72705078125,-0.214599609375,Mouth closed
1713448201.609794,0.6640625,0.723876953125,-0.216064453125,Mouth closed
1713448201.649264,0.66650390625,0.720947265625,-0.214111328125,Mouth closed
1713448201.687823,0.667236328125,0.728759765625,-0.212646484375,Mouth closed
1713448201.727323,0.668212890625,0.725341796875,-0.214111328125,Mouth closed
1713448201.76612,0.668701171875,0.724365234375,-0.21044921875,Mouth closed
1713448201.804811,0.671630859375,0.725341796875,-0.2099609375,Mouth closed
1713448201.844539,0.67041015625,0.723876953125,-0.209716796875,Mouth closed
1713448201.888412,0.66796875,0.723876953125,-0.212158203125,Mouth closed
1713448201.924751,0.66650390625,0.722900390625,-0.2119140625,Mouth closed
1713448201.966231,0.6669921875,0.723876953125,-0.21630859375,Mouth closed
1713448202.006079,0.666259765625,0.724365234375,-0.21533203125,Mouth closed
1713448202.046777,0.66748046875,0.726318359375,-0.2158203125,Mouth closed
1713448202.085759,0.6640625,0.7294921875,-0.2099609375,Mouth closed
1713448202.132071,0.672607421875,0.728271484375,-0.21484375,Mouth closed
1713448202.167507,0.665771484375,0.72314453125,-0.21435546875,Mouth closed
1713448202.207324,0.669189453125,0.718994140625,-0.21240234375,Mouth closed
1713448202.246565,0.67431640625,0.724365234375,-0.2060546875,Mouth closed
1713448202.287619,0.67236328125,0.72265625,-0.21044921875,Mouth closed
1713448202.32784,0.667724609375,0.72021484375,-0.210205078125,Mouth closed
1713448202.368261,0.671875,0.726318359375,-0.21484375,Mouth closed
1713448202.40682,0.666015625,0.724609375,-0.2138671875,Mouth closed
1713448202.445573,0.66796875,0.7255859375,-0.214111328125,Mouth closed
1713448202.485047,0.668212890625,0.72705078125,-0.212890625,Mouth closed
1713448202.52735,0.669677734375,0.7236328125,-0.213623046875,Mouth closed
1713448202.56583,0.66943359375,0.719482421875,-0.215087890625,Mouth closed
1713448202.606099,0.673095703125,0.7216796875,-0.210205078125,Mouth closed
1713448202.646715,0.670166015625,0.724609375,-0.21044921875,Mouth closed
1713448202.687435,0.669677734375,0.725341796875,-0.21142578125,Mouth closed
1713448202.726153,0.670166015625,0.7255859375,-0.21435546875,Mouth closed
1713448202.766899,0.6708984375,0.72607421875,-0.214599609375,Mouth closed
1713448202.806596,0.66845703125,0.7236328125,-0.21826171875,Mouth closed
1713448202.850468,0.66748046875,0.724365234375,-0.2138671875,Mouth closed
1713448202.890947,0.669189453125,0.729248046875,-0.210205078125,Mouth closed
1713448202.927721,0.66748046875,0.727294921875,-0.2158203125,Mouth closed
1713448202.968034,0.666259765625,0.720458984375,-0.2197265625,Mouth closed
1713448203.009275,0.6748046875,0.723876953125,-0.210693359375,Mouth closed
1713448203.059157,0.66943359375,0.722412109375,-0.21142578125,Mouth closed
1713448203.088231,0.666015625,0.71875,-0.216064453125,Mouth closed
1713448203.130215,0.670654296875,0.7265625,-0.21533203125,Mouth closed
1713448203.166587,0.671875,0.729736328125,-0.2158203125,Mouth closed
1713448203.216827,0.66650390625,0.7255859375,-0.21484375,Mouth closed
1713448203.253978,0.667236328125,0.73046875,-0.213134765625,Mouth closed
1713448203.288685,0.66650390625,0.725830078125,-0.2138671875,Mouth closed
1713448203.334325,0.665771484375,0.72265625,-0.208740234375,Mouth closed
1713448203.373967,0.666748046875,0.723388671875,-0.213134765625,Mouth closed
1713448203.411921,0.668701171875,0.724365234375,-0.21142578125,Mouth closed
1713448203.451423,0.6650390625,0.7236328125,-0.21240234375,Mouth closed
1713448203.489852,0.666748046875,0.725830078125,-0.21142578125,Mouth closed
1713448203.529841,0.666748046875,0.727294921875,-0.218017578125,Mouth closed
1713448203.569906,0.665771484375,0.726318359375,-0.21923828125,Mouth closed
1713448203.619191,0.66650390625,0.725830078125,-0.2197265625,Mouth closed
1713448203.657135,0.671875,0.726318359375,-0.211181640625,Mouth closed
1713448203.696464,0.672607421875,0.728271484375,-0.213623046875,Mouth closed
1713448203.734348,0.666259765625,0.720458984375,-0.21142578125,Mouth closed
1713448203.770583,0.67333984375,0.718017578125,-0.21044921875,Mouth closed
1713448203.813326,0.676025390625,0.724853515625,-0.204833984375,Mouth closed
1713448203.852958,0.6669921875,0.718994140625,-0.2109375,Mouth closed
1713448203.890329,0.66796875,0.72412109375,-0.213134765625,Mouth closed
1713448203.929521,0.6669921875,0.727783203125,-0.214111328125,Mouth closed
1713448203.97184,0.66259765625,0.724365234375,-0.216552734375,Mouth closed
1713448204.012032,0.66162109375,0.727294921875,-0.22021484375,Mouth closed
1713448204.051542,0.662841796875,0.728271484375,-0.21875,Mouth closed
1713448204.092596,0.669189453125,0.724365234375,-0.21533203125,Mouth closed
1713448204.13158,0.6669921875,0.7236328125,-0.212890625,Mouth closed
1713448204.171607,0.6669921875,0.723876953125,-0.209228515625,Mouth closed
1713448204.213536,0.66748046875,0.723876953125,-0.2109375,Mouth closed
1713448204.254991,0.668212890625,0.724609375,-0.2109375,Mouth closed
1713448204.29213,0.6630859375,0.720703125,-0.212890625,Mouth closed
1713448204.333897,0.663330078125,0.724609375,-0.211669921875,Mouth closed
1713448204.371723,0.670654296875,0.72998046875,-0.2119140625,Mouth closed
1713448204.412309,0.667236328125,0.724365234375,-0.213134765625,Mouth closed
1713448204.450613,0.6669921875,0.72265625,-0.212890625,Mouth closed
1713448204.489559,0.672119140625,0.724609375,-0.206298828125,Mouth closed
1713448204.530809,0.672119140625,0.724609375,-0.21044921875,Mouth closed
1713448204.571451,0.663330078125,0.7197265625,-0.210205078125,Mouth closed
1713448204.609924,0.670654296875,0.72802734375,-0.2109375,Mouth closed
1713448204.650928,0.666259765625,0.7255859375,-0.211669921875,Mouth closed
1713448204.690579,0.662353515625,0.723388671875,-0.215576171875,Mouth closed
1713448204.734518,0.6708984375,0.728759765625,-0.20947265625,Mouth closed
1713448204.775703,0.66748046875,0.72705078125,-0.21142578125,Mouth closed
1713448204.811733,0.666748046875,0.72314453125,-0.210205078125,Mouth closed
1713448204.852999,0.6708984375,0.72509765625,-0.208740234375,Mouth closed
1713448204.891461,0.669189453125,0.7236328125,-0.211181640625,Mouth closed
1713448204.931538,0.670654296875,0.72412109375,-0.209228515625,Mouth closed
1713448204.972511,0.671630859375,0.726318359375,-0.2158203125,Mouth closed
1713448205.013158,0.669921875,0.72412109375,-0.210693359375,Mouth closed
1713448205.050575,0.666015625,0.726806640625,-0.21142578125,Mouth closed
1713448205.090345,0.669189453125,0.729736328125,-0.212890625,Mouth closed
1713448205.129594,0.663818359375,0.72509765625,-0.213623046875,Mouth closed
1713448205.175149,0.669189453125,0.720947265625,-0.212158203125,Mouth closed
1713448205.211131,0.67138671875,0.724609375,-0.208984375,Mouth closed
1713448205.253538,0.666015625,0.7236328125,-0.215087890625,Mouth closed
1713448205.293851,0.67041015625,0.7255859375,-0.21044921875,Mouth closed
1713448205.344803,0.669677734375,0.72900390625,-0.2099609375,Mouth closed
1713448205.371837,0.6640625,0.723876953125,-0.213623046875,Mouth closed
1713448205.419073,0.66357421875,0.7236328125,-0.2138671875,Mouth closed
1713448205.451509,0.666748046875,0.726318359375,-0.212646484375,Mouth closed
1713448205.501948,0.666259765625,0.723876953125,-0.214111328125,Mouth closed
1713448205.540076,0.66943359375,0.7255859375,-0.212158203125,Mouth closed
1713448205.579089,0.669921875,0.722412109375,-0.21044921875,Mouth closed
1713448205.617844,0.67041015625,0.72265625,-0.2109375,Mouth closed
1713448205.657604,0.665771484375,0.7255859375,-0.212158203125,Mouth closed
1713448205.694131,0.6630859375,0.71875,-0.21337890625,Mouth closed
1713448205.735614,0.663330078125,0.72509765625,-0.21240234375,Mouth closed
1713448205.77344,0.669189453125,0.72998046875,-0.21435546875,Mouth closed
1713448205.81332,0.66650390625,0.7236328125,-0.2119140625,Mouth closed
1713448205.851622,0.668212890625,0.72412109375,-0.2119140625,Mouth closed
1713448205.891552,0.671142578125,0.724365234375,-0.206787109375,Mouth closed
1713448205.932638,0.670654296875,0.723388671875,-0.208984375,Mouth closed
1713448205.974206,0.66845703125,0.7236328125,-0.208740234375,Mouth closed
1713448206.013172,0.670654296875,0.726318359375,-0.21240234375,Mouth closed
1713448206.058343,0.66162109375,0.721923828125,-0.2138671875,Mouth closed
1713448206.093504,0.666015625,0.725830078125,-0.2158203125,Mouth closed
1713448206.132585,0.669189453125,0.72509765625,-0.21142578125,Mouth closed
1713448206.174057,0.667236328125,0.720458984375,-0.21484375,Mouth closed
1713448206.220266,0.667724609375,0.723388671875,-0.2119140625,Mouth closed
1713448206.254308,0.67236328125,0.721435546875,-0.212646484375,Mouth closed
1713448206.29554,0.66943359375,0.721923828125,-0.2080078125,Mouth closed
1713448206.334025,0.669677734375,0.723388671875,-0.211181640625,Mouth closed
1713448206.37577,0.666748046875,0.72509765625,-0.20751953125,Mouth closed
1713448206.413905,0.66552734375,0.72314453125,-0.212158203125,Mouth closed
1713448206.455196,0.66552734375,0.726318359375,-0.21044921875,Mouth closed
1713448206.492857,0.67041015625,0.733154296875,-0.212646484375,Mouth closed
1713448206.532713,0.666748046875,0.724853515625,-0.21142578125,Mouth closed
1713448206.572779,0.667724609375,0.719970703125,-0.212890625,Mouth closed
1713448206.613635,0.6689453125,0.724853515625,-0.20751953125,Mouth closed
1713448206.6536,0.667236328125,0.724609375,-0.2119140625,Mouth closed
1713448206.693742,0.669189453125,0.72412109375,-0.2109375,Mouth closed
1713448206.733539,0.669677734375,0.728515625,-0.209716796875,Mouth closed
1713448206.773551,0.66796875,0.72607421875,-0.208740234375,Mouth closed
1713448206.814172,0.666015625,0.727783203125,-0.210205078125,Mouth closed
1713448206.856389,0.6669921875,0.7255859375,-0.211181640625,Mouth closed
1713448206.894374,0.67138671875,0.725341796875,-0.21044921875,Mouth closed
1713448206.936953,0.666748046875,0.72412109375,-0.213623046875,Mouth closed
1713448206.974665,0.668701171875,0.72509765625,-0.214111328125,Mouth closed
1713448207.014244,0.667236328125,0.7265625,-0.2109375,Mouth closed
1713448207.053461,0.671875,0.726318359375,-0.21240234375,Mouth closed
1713448207.092932,0.66259765625,0.723876953125,-0.212646484375,Mouth closed
1713448207.132477,0.6630859375,0.718505859375,-0.214599609375,Mouth closed
1713448207.174072,0.662353515625,0.726806640625,-0.209716796875,Mouth closed
1713448207.213547,0.668212890625,0.728515625,-0.218505859375,Mouth closed
1713448207.253521,0.662109375,0.722412109375,-0.21435546875,Mouth closed
1713448207.294831,0.669921875,0.72216796875,-0.208251953125,Mouth closed
1713448207.334955,0.668701171875,0.724853515625,-0.205322265625,Mouth closed
1713448207.379427,0.67236328125,0.725830078125,-0.211669921875,Mouth closed
1713448207.415872,0.664306640625,0.724365234375,-0.210693359375,Mouth closed
1713448207.457329,0.672119140625,0.72705078125,-0.2099609375,Mouth closed
1713448207.495509,0.666015625,0.72216796875,-0.209228515625,Mouth closed
1713448207.54286,0.6669921875,0.7275390625,-0.214599609375,Mouth closed
1713448207.57669,0.6669921875,0.727783203125,-0.21337890625,Mouth closed
1713448207.61663,0.664794921875,0.7255859375,-0.21240234375,Mouth closed
1713448207.655727,0.666015625,0.723876953125,-0.212646484375,Mouth closed
1713448207.700563,0.67138671875,0.72607421875,-0.211181640625,Mouth closed
1713448207.734149,0.66845703125,0.72412109375,-0.212158203125,Mouth closed
1713448207.773394,0.66845703125,0.728515625,-0.212158203125,Mouth closed
1713448207.81528,0.6669921875,0.723876953125,-0.2119140625,Mouth closed
1713448207.855443,0.666015625,0.729248046875,-0.21484375,Mouth closed
1713448207.89574,0.666015625,0.726806640625,-0.205810546875,Mouth closed
1713448207.935479,0.670166015625,0.730224609375,-0.214111328125,Mouth closed
1713448207.975718,0.6630859375,0.725830078125,-0.216064453125,Mouth closed
1713448208.015232,0.669921875,0.721923828125,-0.213623046875,Mouth closed
1713448208.055511,0.67236328125,0.727294921875,-0.2060546875,Mouth closed
1713448208.095612,0.669921875,0.725341796875,-0.212890625,Mouth closed
1713448208.136394,0.664794921875,0.7255859375,-0.21533203125,Mouth closed
1713448208.182266,0.669189453125,0.726318359375,-0.21337890625,Mouth closed
1713448208.216505,0.66455078125,0.72900390625,-0.215087890625,Mouth closed
1713448208.257577,0.66748046875,0.7275390625,-0.214599609375,Mouth closed
1713448208.295579,0.669189453125,0.727294921875,-0.2119140625,Mouth closed
1713448208.334418,0.6669921875,0.72607421875,-0.210693359375,Mouth closed
1713448208.378211,0.6708984375,0.723876953125,-0.2099609375,Mouth closed
1713448208.414812,0.667236328125,0.723876953125,-0.208740234375,Mouth closed
1713448208.456284,0.67041015625,0.7265625,-0.21240234375,Mouth closed
1713448208.496329,0.665771484375,0.724609375,-0.210693359375,Mouth closed
1713448208.537068,0.666748046875,0.725341796875,-0.21337890625,Mouth closed
1713448208.575336,0.6630859375,0.72705078125,-0.210693359375,Mouth closed
1713448208.618605,0.66552734375,0.723876953125,-0.2177734375,Mouth closed
1713448208.65677,0.6640625,0.7275390625,-0.207763671875,Mouth closed
1713448208.698149,0.672119140625,0.730712890625,-0.21728515625,Mouth closed
1713448208.736846,0.662109375,0.7197265625,-0.212890625,Mouth closed
1713448208.776767,0.6728515625,0.720458984375,-0.21044921875,Mouth closed
1713448208.817404,0.670654296875,0.72412109375,-0.207763671875,Mouth closed
1713448208.860225,0.669677734375,0.7216796875,-0.209716796875,Mouth closed
1713448208.897589,0.666015625,0.7197265625,-0.2099609375,Mouth closed
1713448208.937519,0.672119140625,0.72802734375,-0.214599609375,Mouth closed
1713448208.976518,0.665771484375,0.724853515625,-0.213134765625,Mouth closed
1713448209.017448,0.6689453125,0.723388671875,-0.2138671875,Mouth closed
1713448209.056342,0.666259765625,0.7265625,-0.21240234375,Mouth closed
1713448209.095337,0.67041015625,0.7255859375,-0.215087890625,Mouth closed
1713448209.138876,0.668701171875,0.72314453125,-0.21337890625,Mouth closed
1713448209.17679,0.668701171875,0.725341796875,-0.209228515625,Mouth closed
1713448209.216441,0.669921875,0.726318359375,-0.208984375,Mouth closed
1713448209.257794,0.66796875,0.725341796875,-0.212890625,Mouth closed
1713448209.297688,0.669189453125,0.725830078125,-0.210693359375,Mouth closed
1713448209.336364,0.667236328125,0.72509765625,-0.2138671875,Mouth closed
1713448209.379536,0.669677734375,0.7265625,-0.2177734375,Mouth closed
1713448209.417948,0.671142578125,0.726318359375,-0.212890625,Mouth closed
1713448209.458515,0.666015625,0.727783203125,-0.210205078125,Mouth closed
1713448209.499084,0.671142578125,0.73046875,-0.21435546875,Mouth closed
1713448209.540352,0.664306640625,0.72265625,-0.213623046875,Mouth closed
1713448209.580948,0.666259765625,0.7216796875,-0.21240234375,Mouth closed
1713448209.618353,0.672607421875,0.72265625,-0.20556640625,Mouth closed
1713448209.656813,0.673095703125,0.72265625,-0.2158203125,Mouth closed
1713448209.696365,0.66845703125,0.726318359375,-0.209716796875,Mouth closed
1713448209.738584,0.666748046875,0.728515625,-0.2138671875,Mouth closed
1713448209.777771,0.666015625,0.72607421875,-0.210693359375,Mouth closed
1713448209.818633,0.667724609375,0.727783203125,-0.21240234375,Mouth closed
1713448209.858014,0.666015625,0.73046875,-0.207275390625,Mouth closed
1713448209.900504,0.66796875,0.728759765625,-0.2109375,Mouth closed
1713448209.939308,0.662109375,0.728515625,-0.208984375,Mouth closed
1713448209.980565,0.666748046875,0.723876953125,-0.210205078125,Mouth closed
1713448210.020502,0.6689453125,0.72705078125,-0.211669921875,Mouth open
1713448210.061174,0.664794921875,0.725830078125,-0.20751953125,Mouth open
1713448210.100749,0.664306640625,0.729736328125,-0.213134765625,Mouth open
1713448210.143704,0.663818359375,0.728759765625,-0.216064453125,Mouth open
1713448210.178427,0.66259765625,0.723388671875,-0.2158203125,Mouth open
1713448210.220863,0.66259765625,0.723388671875,-0.208740234375,Mouth open
1713448210.258287,0.671142578125,0.732666015625,-0.217041015625,Mouth open
1713448210.307223,0.65966796875,0.728271484375,-0.213623046875,Mouth open
1713448210.345086,0.661376953125,0.722900390625,-0.210693359375,Mouth open
1713448210.384359,0.665771484375,0.725830078125,-0.209228515625,Mouth open
1713448210.420974,0.666748046875,0.727783203125,-0.21435546875,Mouth open
1713448210.460934,0.657958984375,0.7275390625,-0.212158203125,Mouth open
1713448210.499445,0.668212890625,0.72900390625,-0.216552734375,Mouth open
1713448210.539134,0.66064453125,0.724365234375,-0.217529296875,Mouth open
1713448210.578682,0.658447265625,0.72265625,-0.217529296875,Mouth open
1713448210.61856,0.66552734375,0.72900390625,-0.218017578125,Mouth open
1713448210.660737,0.66455078125,0.72998046875,-0.215576171875,Mouth open
1713448210.700547,0.6640625,0.722900390625,-0.2119140625,Mouth open
1713448210.739364,0.666259765625,0.7236328125,-0.2099609375,Mouth open
1713448210.780776,0.66845703125,0.726806640625,-0.2119140625,Mouth open
1713448210.821034,0.66552734375,0.727783203125,-0.212158203125,Mouth open
1713448210.863349,0.66650390625,0.727783203125,-0.212646484375,Mouth open
1713448210.900864,0.668212890625,0.7255859375,-0.214599609375,Mouth open
1713448210.941183,0.665283203125,0.726318359375,-0.216064453125,Mouth open
1713448210.977832,0.666015625,0.733642578125,-0.206298828125,Mouth open
1713448211.018727,0.667724609375,0.729248046875,-0.218017578125,Mouth open
1713448211.058636,0.667236328125,0.72412109375,-0.213134765625,Mouth open
1713448211.099851,0.665283203125,0.723876953125,-0.212158203125,Mouth open
1713448211.140006,0.6748046875,0.721923828125,-0.206298828125,Mouth open
1713448211.180089,0.673095703125,0.720458984375,-0.214599609375,Mouth open
1713448211.219415,0.672119140625,0.724609375,-0.21142578125,Mouth open
1713448211.259277,0.669189453125,0.72705078125,-0.217041015625,Mouth open
1713448211.299269,0.664306640625,0.7236328125,-0.214599609375,Mouth open
1713448211.342077,0.666015625,0.724365234375,-0.212158203125,Mouth open
1713448211.382808,0.6708984375,0.7265625,-0.21337890625,Mouth open
1713448211.420771,0.66748046875,0.72509765625,-0.21484375,Mouth open
1713448211.461529,0.670166015625,0.724853515625,-0.212646484375,Mouth open
1713448211.500377,0.67041015625,0.7265625,-0.2109375,Mouth open
1713448211.540914,0.666015625,0.723876953125,-0.211181640625,Mouth open
1713448211.579335,0.6650390625,0.726806640625,-0.210693359375,Mouth open
1713448211.6188,0.666748046875,0.725830078125,-0.209716796875,Mouth open
1713448211.662024,0.662353515625,0.727294921875,-0.213623046875,Mouth open
1713448211.702794,0.665283203125,0.725830078125,-0.213623046875,Mouth open
1713448211.741015,0.6640625,0.72607421875,-0.210693359375,Mouth open
1713448211.78274,0.671875,0.73291015625,-0.212158203125,Mouth open
1713448211.818978,0.665283203125,0.7294921875,-0.2158203125,Mouth open
1713448211.859914,0.668212890625,0.72119140625,-0.21728515625,Mouth open
1713448211.900477,0.671142578125,0.72119140625,-0.206787109375,Mouth open
1713448211.952942,0.672119140625,0.72216796875,-0.20556640625,Mouth open
1713448211.98145,0.666259765625,0.72509765625,-0.211181640625,Mouth open
1713448212.031544,0.669677734375,0.728759765625,-0.213623046875,Mouth open
1713448212.059434,0.66748046875,0.728515625,-0.212890625,Mouth open
1713448212.101885,0.666259765625,0.726318359375,-0.21337890625,Mouth open
1713448212.147578,0.670654296875,0.725341796875,-0.212646484375,Mouth open
1713448212.187047,0.66650390625,0.7255859375,-0.213134765625,Mouth open
1713448212.225384,0.666015625,0.720458984375,-0.2158203125,Mouth open
1713448212.259313,0.67236328125,0.721923828125,-0.21240234375,Mouth open
1713448212.304097,0.671875,0.7236328125,-0.208740234375,Mouth open
1713448212.337426,0.668212890625,0.72314453125,-0.2099609375,Mouth open
1713448212.383082,0.67041015625,0.72509765625,-0.215087890625,Mouth open
1713448212.418502,0.667724609375,0.725341796875,-0.208251953125,Mouth open
1713448212.460569,0.665283203125,0.724853515625,-0.2109375,Mouth open
1713448212.500369,0.667724609375,0.727783203125,-0.205322265625,Mouth open
1713448212.539763,0.670166015625,0.735595703125,-0.20947265625,Mouth open
1713448212.579407,0.666748046875,0.726806640625,-0.212890625,Mouth open
1713448212.620043,0.664794921875,0.7216796875,-0.2119140625,Mouth open
1713448212.661396,0.670166015625,0.72119140625,-0.204833984375,Mouth open
1713448212.700333,0.67138671875,0.725341796875,-0.206298828125,Mouth open
1713448212.740764,0.66748046875,0.72021484375,-0.207763671875,Mouth open
1713448212.782335,0.670654296875,0.729248046875,-0.2119140625,Mouth open
1713448212.82197,0.664306640625,0.725830078125,-0.209716796875,Mouth open
1713448212.860333,0.66650390625,0.72802734375,-0.2109375,Mouth open
1713448212.899943,0.6650390625,0.72607421875,-0.206787109375,Mouth open
1713448212.938315,0.66650390625,0.724853515625,-0.2080078125,Mouth open
1713448212.97927,0.669677734375,0.725341796875,-0.206298828125,Mouth open
1713448213.019749,0.670654296875,0.72265625,-0.20703125,Mouth open
1713448213.05834,0.6708984375,0.726318359375,-0.208251953125,Mouth open
1713448213.099509,0.667724609375,0.72705078125,-0.209228515625,Mouth open
1713448213.139473,0.66357421875,0.72802734375,-0.21044921875,Mouth open
1713448213.180554,0.669677734375,0.721923828125,-0.217041015625,Mouth open
1713448213.220363,0.66796875,0.72705078125,-0.212646484375,Mouth open
1713448213.260242,0.67431640625,0.73193359375,-0.2109375,Mouth open
1713448213.302749,0.665771484375,0.7265625,-0.212890625,Mouth open
1713448213.343197,0.6669921875,0.7216796875,-0.209716796875,Mouth open
1713448213.380182,0.6708984375,0.72314453125,-0.208251953125,Mouth open
1713448213.421216,0.664794921875,0.727294921875,-0.21728515625,Mouth open
1713448213.460387,0.6650390625,0.721435546875,-0.195068359375,Mouth open
1713448213.499441,0.669677734375,0.732421875,-0.212890625,Mouth open
1713448213.539276,0.66845703125,0.726318359375,-0.211669921875,Mouth open
1713448213.584518,0.666015625,0.72705078125,-0.21337890625,Mouth open
1713448213.620847,0.66796875,0.727783203125,-0.216552734375,Mouth open
1713448213.661592,0.666748046875,0.7265625,-0.217041015625,Mouth open
1713448213.698303,0.657958984375,0.722900390625,-0.2255859375,Mouth open
1713448213.739831,0.661865234375,0.728515625,-0.225830078125,Mouth open
1713448213.780895,0.657470703125,0.720703125,-0.2099609375,Mouth open
1713448213.825623,0.67529296875,0.716064453125,-0.21630859375,Mouth open
1713448213.860347,0.67333984375,0.718505859375,-0.212890625,Mouth open
1713448213.902869,0.67236328125,0.7255859375,-0.221923828125,Mouth open
1713448213.93925,0.66796875,0.7294921875,-0.2099609375,Mouth open
1713448214.017354,0.66357421875,0.72802734375,-0.227783203125,Mouth open
1713448214.037677,0.657958984375,0.72021484375,-0.23095703125,Mouth open
1713448214.060268,0.661376953125,0.72216796875,-0.233154296875,Mouth open
1713448214.103165,0.66259765625,0.719970703125,-0.225830078125,Mouth open
1713448214.140556,0.665283203125,0.72314453125,-0.225830078125,Mouth open
1713448214.18061,0.6650390625,0.7255859375,-0.221923828125,Mouth open
1713448214.218733,0.666015625,0.72314453125,-0.222900390625,Mouth open
1713448214.25906,0.66259765625,0.72216796875,-0.22412109375,Mouth open
1713448214.298366,0.665283203125,0.72509765625,-0.224365234375,Mouth open
1713448214.338417,0.666259765625,0.72705078125,-0.22216796875,Mouth open
1713448214.379869,0.662109375,0.7216796875,-0.22265625,Mouth open
1713448214.419457,0.663818359375,0.7255859375,-0.222412109375,Mouth open
1713448214.459152,0.666015625,0.724609375,-0.22119140625,Mouth open
1713448214.501788,0.66259765625,0.7255859375,-0.21875,Mouth open
1713448214.543377,0.662109375,0.726806640625,-0.222412109375,Mouth open
1713448214.580098,0.661865234375,0.727783203125,-0.222412109375,Mouth open
1713448214.621404,0.66455078125,0.730224609375,-0.2197265625,Mouth open
1713448214.662818,0.66259765625,0.724853515625,-0.222412109375,Mouth open
1713448214.713921,0.660400390625,0.724853515625,-0.2216796875,Mouth open
1713448214.741498,0.667724609375,0.7255859375,-0.216064453125,Mouth open
1713448214.792666,0.66650390625,0.72412109375,-0.213134765625,Mouth open
1713448214.819263,0.664794921875,0.724609375,-0.21484375,Mouth open
1713448214.870306,0.666259765625,0.72900390625,-0.219970703125,Mouth open
1713448214.89826,0.6630859375,0.726806640625,-0.2216796875,Mouth open
1713448214.943762,0.661376953125,0.72265625,-0.221923828125,Mouth open
1713448214.986266,0.662109375,0.727783203125,-0.222412109375,Mouth open
1713448215.026193,0.66162109375,0.72705078125,-0.22216796875,Mouth open
1713448215.063568,0.662109375,0.727294921875,-0.221923828125,Mouth open
1713448215.103188,0.661376953125,0.7275390625,-0.223876953125,Mouth open
1713448215.142155,0.664794921875,0.723876953125,-0.214599609375,Mouth open
1713448215.182593,0.666259765625,0.7275390625,-0.216796875,Mouth open
1713448215.221225,0.6640625,0.72412109375,-0.21875,Mouth open
1713448215.260821,0.6611328125,0.731689453125,-0.2158203125,Mouth open
1713448215.302154,0.669921875,0.729248046875,-0.2265625,Mouth open
1713448215.341211,0.656494140625,0.7236328125,-0.22216796875,Mouth open
1713448215.381164,0.6640625,0.724609375,-0.217529296875,Mouth open
1713448215.422649,0.663818359375,0.722412109375,-0.218994140625,Mouth open
1713448215.467183,0.660400390625,0.724853515625,-0.21923828125,Mouth open
1713448215.503957,0.66455078125,0.726318359375,-0.221435546875,Mouth open
1713448215.544472,0.6611328125,0.725341796875,-0.220458984375,Mouth open
1713448215.5844,0.6591796875,0.7275390625,-0.2177734375,Mouth open
1713448215.622426,0.661376953125,0.72900390625,-0.221435546875,Mouth open
1713448215.662182,0.662353515625,0.730224609375,-0.219970703125,Mouth open
1713448215.69933,0.660888671875,0.726806640625,-0.2236328125,Mouth open
1713448215.740579,0.6591796875,0.723876953125,-0.22412109375,Mouth open
1713448215.780523,0.666259765625,0.72900390625,-0.218505859375,Mouth open
1713448215.819093,0.662353515625,0.726806640625,-0.216064453125,Mouth open
1713448215.860112,0.66064453125,0.7265625,-0.219970703125,Mouth open
1713448215.901563,0.663818359375,0.73095703125,-0.2158203125,Mouth open
1713448215.9421,0.66845703125,0.73388671875,-0.221435546875,Mouth open
1713448215.984534,0.658935546875,0.72509765625,-0.220458984375,Mouth open
1713448216.021902,0.662841796875,0.723388671875,-0.21728515625,Mouth open
1713448216.061717,0.664794921875,0.72705078125,-0.216552734375,Mouth open
1713448216.100642,0.66015625,0.7275390625,-0.22021484375,Mouth open
1713448216.1396,0.66552734375,0.72998046875,-0.220458984375,Mouth open
1713448216.181173,0.659423828125,0.7255859375,-0.22119140625,Mouth open
1713448216.221495,0.6572265625,0.7236328125,-0.221923828125,Mouth open
1713448216.260377,0.658203125,0.723388671875,-0.223876953125,Mouth open
1713448216.302654,0.662353515625,0.727294921875,-0.22265625,Mouth open
1713448216.34291,0.660888671875,0.726318359375,-0.2197265625,Mouth open
1713448216.382811,0.661376953125,0.724609375,-0.21923828125,Mouth open
1713448216.427175,0.6669921875,0.724609375,-0.217041015625,Mouth open
1713448216.464215,0.66455078125,0.72607421875,-0.221435546875,Mouth open
1713448216.505327,0.66845703125,0.727294921875,-0.21923828125,Mouth open
1713448216.543652,0.665771484375,0.72998046875,-0.218017578125,Mouth open
1713448216.582814,0.661865234375,0.72998046875,-0.222412109375,Mouth open
1713448216.623073,0.658935546875,0.722412109375,-0.218505859375,Mouth open
1713448216.674373,0.662109375,0.722412109375,-0.217041015625,Mouth open
1713448216.703055,0.662353515625,0.7255859375,-0.216552734375,Mouth open
1713448216.748191,0.66015625,0.7275390625,-0.21484375,Mouth open
1713448216.784139,0.666259765625,0.727783203125,-0.218505859375,Mouth open
1713448216.825775,0.665771484375,0.72802734375,-0.21728515625,Mouth open
1713448216.863083,0.66015625,0.726318359375,-0.2197265625,Mouth open
1713448216.904537,0.66455078125,0.724609375,-0.21923828125,Mouth open
1713448216.944562,0.660888671875,0.726806640625,-0.218994140625,Mouth open
1713448216.98581,0.6630859375,0.7275390625,-0.21728515625,Mouth open
1713448217.023682,0.662353515625,0.726806640625,-0.216796875,Mouth open
1713448217.063267,0.664306640625,0.727783203125,-0.21826171875,Mouth open
1713448217.104745,0.6611328125,0.72998046875,-0.216064453125,Mouth open
1713448217.147242,0.6640625,0.724609375,-0.21728515625,Mouth open
1713448217.184245,0.661376953125,0.72705078125,-0.216064453125,Mouth open
1713448217.228359,0.666748046875,0.732421875,-0.219482421875,Mouth open
1713448217.272238,0.661376953125,0.725341796875,-0.218017578125,Mouth open
1713448217.311082,0.66357421875,0.727294921875,-0.216064453125,Mouth open
1713448217.349926,0.6669921875,0.724853515625,-0.21337890625,Mouth open
1713448217.389212,0.66796875,0.720458984375,-0.2216796875,Mouth open
1713448217.428884,0.663818359375,0.723876953125,-0.222412109375,Mouth open
1713448217.468156,0.66796875,0.730224609375,-0.218017578125,Mouth open
1713448217.506842,0.663818359375,0.727294921875,-0.2197265625,Mouth open
1713448217.546957,0.666748046875,0.727294921875,-0.21826171875,Mouth open
1713448217.584857,0.6650390625,0.726318359375,-0.21484375,Mouth open
1713448217.623977,0.66748046875,0.724853515625,-0.22021484375,Mouth open
1713448217.664514,0.666259765625,0.723876953125,-0.21826171875,Mouth open
1713448217.705938,0.66748046875,0.723876953125,-0.216796875,Mouth open
1713448217.745794,0.66259765625,0.722900390625,-0.214599609375,Mouth open
1713448217.786352,0.662841796875,0.723388671875,-0.217041015625,Mouth open
1713448217.826382,0.66650390625,0.726318359375,-0.21875,Mouth open
1713448217.866624,0.665771484375,0.72802734375,-0.214599609375,Mouth open
1713448217.905786,0.66796875,0.728515625,-0.2177734375,Mouth open
1713448217.947032,0.662109375,0.722900390625,-0.217529296875,Mouth open
1713448217.987925,0.6630859375,0.718994140625,-0.218505859375,Mouth open
1713448218.03535,0.66796875,0.724853515625,-0.211181640625,Mouth open
1713448218.072407,0.670166015625,0.727783203125,-0.21435546875,Mouth open
1713448218.10801,0.6630859375,0.725830078125,-0.215576171875,Mouth open
1713448218.145126,0.668701171875,0.7294921875,-0.218505859375,Mouth open
1713448218.195046,0.66259765625,0.727783203125,-0.21875,Mouth open
1713448218.224024,0.662841796875,0.7275390625,-0.21826171875,Mouth open
1713448218.276161,0.662353515625,0.728271484375,-0.21826171875,Mouth open
1713448218.305425,0.662109375,0.727294921875,-0.2158203125,Mouth open
1713448218.346615,0.663818359375,0.726806640625,-0.218017578125,Mouth open
1713448218.386329,0.66650390625,0.727294921875,-0.215087890625,Mouth open
1713448218.427128,0.6630859375,0.72900390625,-0.2138671875,Mouth open
1713448218.466988,0.66748046875,0.726318359375,-0.2158203125,Mouth open
1713448218.513008,0.6640625,0.72705078125,-0.2216796875,Mouth open
1713448218.54753,0.66015625,0.72607421875,-0.21923828125,Mouth open
1713448218.599047,0.66748046875,0.734375,-0.214599609375,Mouth open
1713448218.628549,0.666259765625,0.728515625,-0.21923828125,Mouth open
1713448218.679299,0.660400390625,0.724365234375,-0.216552734375,Mouth open
1713448218.708685,0.662841796875,0.72314453125,-0.2138671875,Mouth open
1713448218.752358,0.662353515625,0.728759765625,-0.2109375,Mouth open
1713448218.785473,0.66015625,0.7294921875,-0.216064453125,Mouth open
1713448218.840267,0.66943359375,0.732177734375,-0.220703125,Mouth open
1713448218.86755,0.658203125,0.7236328125,-0.21826171875,Mouth open
1713448218.920463,0.6611328125,0.7236328125,-0.216552734375,Mouth open
1713448218.946067,0.664306640625,0.7275390625,-0.217041015625,Mouth open
1713448218.986576,0.66162109375,0.72998046875,-0.218505859375,Mouth open
1713448219.031036,0.666015625,0.728271484375,-0.220947265625,Mouth open
1713448219.066984,0.6669921875,0.72607421875,-0.218505859375,Mouth open
1713448219.107591,0.664794921875,0.728759765625,-0.21533203125,Mouth open
1713448219.152217,0.662109375,0.7255859375,-0.216796875,Mouth open
1713448219.190698,0.664794921875,0.7236328125,-0.22265625,Mouth open
1713448219.228786,0.664794921875,0.726806640625,-0.218994140625,Mouth open
1713448219.271493,0.6689453125,0.731689453125,-0.214599609375,Mouth open
1713448219.308884,0.660888671875,0.72998046875,-0.2177734375,Mouth open
1713448219.348767,0.660400390625,0.726318359375,-0.21630859375,Mouth open
1713448219.387198,0.66552734375,0.72509765625,-0.212158203125,Mouth open
1713448219.427098,0.667724609375,0.724853515625,-0.209228515625,Mouth open
1713448219.466545,0.658203125,0.7255859375,-0.21337890625,Mouth open
1713448219.507053,0.667724609375,0.728271484375,-0.2158203125,Mouth open
1713448219.545704,0.66455078125,0.727294921875,-0.215576171875,Mouth open
1713448219.587108,0.66357421875,0.728759765625,-0.216064453125,Mouth open
1713448219.62629,0.663818359375,0.727783203125,-0.217041015625,Mouth open
1713448219.668221,0.66357421875,0.728515625,-0.2177734375,Mouth open
1713448219.70739,0.662109375,0.7275390625,-0.215576171875,Mouth open
1713448219.748877,0.66455078125,0.72607421875,-0.21435546875,Mouth open
1713448219.78776,0.666015625,0.726806640625,-0.213134765625,Mouth open
1713448219.829299,0.6669921875,0.728515625,-0.21142578125,Mouth open
1713448219.867206,0.663330078125,0.72802734375,-0.215087890625,Mouth open
1713448219.909158,0.667236328125,0.727294921875,-0.216796875,Mouth open
1713448219.948065,0.6611328125,0.72998046875,-0.211669921875,Mouth open
1713448219.990201,0.666259765625,0.73193359375,-0.215576171875,Mouth open
1713448220.026999,0.662109375,0.7275390625,-0.214599609375,Mouth open
1713448220.065526,0.665283203125,0.72705078125,-0.21630859375,Mouth open
1713448220.104957,0.664794921875,0.724853515625,-0.208740234375,Mouth open
1713448220.146746,0.6669921875,0.723876953125,-0.216796875,Mouth open
1713448220.187548,0.661865234375,0.7265625,-0.215087890625,Mouth open
1713448220.227765,0.66796875,0.732666015625,-0.217041015625,Mouth open
1713448220.267104,0.660888671875,0.72509765625,-0.21630859375,Mouth open
1713448220.308965,0.661376953125,0.7294921875,-0.218017578125,Mouth open
1713448220.349405,0.666259765625,0.730712890625,-0.21484375,Mouth open
1713448220.388325,0.662109375,0.727783203125,-0.215576171875,Mouth open
1713448220.428231,0.665283203125,0.724609375,-0.21484375,Mouth open
1713448220.471088,0.666748046875,0.723388671875,-0.21337890625,Mouth open
1713448220.512043,0.66650390625,0.72607421875,-0.213134765625,Mouth open
1713448220.549002,0.668212890625,0.727783203125,-0.21533203125,Mouth open
1713448220.589765,0.669189453125,0.72412109375,-0.217529296875,Mouth open
1713448220.628943,0.665771484375,0.727294921875,-0.21533203125,Mouth open
1713448220.668068,0.666015625,0.732666015625,-0.21240234375,Mouth open
1713448220.707958,0.66796875,0.73046875,-0.214599609375,Mouth open
1713448220.746116,0.662109375,0.724609375,-0.213623046875,Mouth open
1713448220.790603,0.669677734375,0.724853515625,-0.2109375,Mouth open
1713448220.831445,0.669189453125,0.7236328125,-0.2109375,Mouth open
1713448220.868665,0.66064453125,0.724365234375,-0.2099609375,Mouth open
1713448220.910432,0.66796875,0.7265625,-0.2158203125,Mouth open
1713448220.948188,0.665283203125,0.729248046875,-0.215087890625,Mouth open
1713448220.995222,0.66064453125,0.72705078125,-0.217529296875,Mouth open
1713448221.030676,0.6650390625,0.728759765625,-0.215087890625,Mouth open
1713448221.079424,0.667236328125,0.728515625,-0.21337890625,Mouth open
1713448221.109241,0.66064453125,0.72607421875,-0.215576171875,Mouth open
1713448221.157809,0.666015625,0.72509765625,-0.213134765625,Mouth open
1713448221.194536,0.66796875,0.72705078125,-0.21142578125,Mouth open
1713448221.231374,0.66796875,0.725830078125,-0.213623046875,Mouth open
1713448221.274695,0.66455078125,0.725341796875,-0.2119140625,Mouth open
1713448221.314351,0.659912109375,0.723876953125,-0.214111328125,Mouth open
1713448221.353079,0.6611328125,0.728271484375,-0.214111328125,Mouth open
1713448221.388842,0.666015625,0.734619140625,-0.21875,Mouth open
1713448221.431927,0.66064453125,0.7294921875,-0.211181640625,Mouth open
1713448221.471535,0.66015625,0.725341796875,-0.213623046875,Mouth open
1713448221.509824,0.6640625,0.726318359375,-0.2041015625,Mouth open
1713448221.552817,0.670166015625,0.729248046875,-0.211669921875,Mouth open
1713448221.591384,0.6591796875,0.7236328125,-0.218505859375,Mouth open
1713448221.631175,0.6650390625,0.73193359375,-0.225830078125,Mouth open
1713448221.668941,0.65869140625,0.730224609375,-0.216552734375,Mouth open
1713448221.7179,0.658935546875,0.7275390625,-0.21826171875,Mouth open
1713448221.755357,0.658447265625,0.731201171875,-0.222412109375,Mouth open
1713448221.792164,0.660888671875,0.730712890625,-0.22314453125,Mouth open
1713448221.834131,0.66357421875,0.729736328125,-0.22021484375,Mouth open
1713448221.877612,0.666748046875,0.727783203125,-0.21533203125,Mouth open
1713448221.911063,0.664794921875,0.724609375,-0.21533203125,Mouth open
1713448221.956179,0.666259765625,0.727783203125,-0.21533203125,Mouth open
1713448221.994728,0.666259765625,0.726318359375,-0.219482421875,Mouth open
1713448222.02952,0.66259765625,0.732666015625,-0.220703125,Mouth open
1713448222.069548,0.66552734375,0.7353515625,-0.21923828125,Mouth open
1713448222.120956,0.65966796875,0.731689453125,-0.219970703125,Mouth open
1713448222.149081,0.65478515625,0.724853515625,-0.217529296875,Mouth open
1713448222.198264,0.66943359375,0.723388671875,-0.2138671875,Mouth open
1713448222.235092,0.66796875,0.72802734375,-0.213623046875,Mouth open
1713448222.27119,0.6572265625,0.725830078125,-0.210205078125,Mouth open
1713448222.313528,0.669189453125,0.7294921875,-0.2158203125,Mouth open
1713448222.35281,0.658935546875,0.727783203125,-0.216796875,Mouth open
1713448222.39087,0.65966796875,0.726806640625,-0.216064453125,Mouth open
1713448222.430963,0.6630859375,0.730712890625,-0.217041015625,Mouth open
1713448222.472866,0.664306640625,0.731689453125,-0.21630859375,Mouth open
1713448222.511511,0.6630859375,0.72998046875,-0.21337890625,Mouth open
1713448222.552616,0.666015625,0.727783203125,-0.213623046875,Mouth open
1713448222.592285,0.664794921875,0.72705078125,-0.21435546875,Mouth open
1713448222.630984,0.662109375,0.724365234375,-0.21435546875,Mouth open
1713448222.670967,0.67041015625,0.72705078125,-0.21875,Mouth open
1713448222.708863,0.663818359375,0.72802734375,-0.216552734375,Mouth open
1713448222.749008,0.663330078125,0.73046875,-0.213623046875,Mouth open
1713448222.789867,0.666015625,0.732666015625,-0.217041015625,Mouth open
1713448222.830548,0.659912109375,0.7236328125,-0.21826171875,Mouth open
1713448222.871572,0.663818359375,0.72216796875,-0.214599609375,Mouth open
1713448222.911567,0.663818359375,0.725830078125,-0.21240234375,Mouth open
1713448222.951722,0.6669921875,0.7265625,-0.208984375,Mouth open
1713448222.992056,0.6669921875,0.726318359375,-0.213623046875,Mouth open
1713448223.038063,0.66552734375,0.729736328125,-0.216552734375,Mouth open
1713448223.074675,0.66162109375,0.72509765625,-0.219482421875,Mouth open
1713448223.116765,0.66357421875,0.727783203125,-0.216064453125,Mouth open
1713448223.15388,0.6630859375,0.72705078125,-0.215576171875,Mouth open
1713448223.191832,0.667724609375,0.726318359375,-0.2177734375,Mouth open
1713448223.234453,0.66650390625,0.728759765625,-0.21337890625,Mouth open
1713448223.2719,0.6669921875,0.72412109375,-0.21044921875,Mouth open
1713448223.314519,0.666015625,0.72509765625,-0.212890625,Mouth open
1713448223.351218,0.664794921875,0.724853515625,-0.212890625,Mouth open
1713448223.391384,0.665771484375,0.725830078125,-0.21484375,Mouth open
1713448223.430832,0.662109375,0.728759765625,-0.21337890625,Mouth open
1713448223.474667,0.667724609375,0.731201171875,-0.217529296875,Mouth open
1713448223.514738,0.658203125,0.725341796875,-0.21923828125,Mouth open
1713448223.553305,0.6640625,0.721923828125,-0.217041015625,Mouth open
1713448223.59227,0.66650390625,0.723388671875,-0.212646484375,Mouth open
1713448223.633054,0.66357421875,0.72509765625,-0.21923828125,Mouth open
1713448223.681693,0.6640625,0.72705078125,-0.21630859375,Mouth open
1713448223.712889,0.663330078125,0.72802734375,-0.21630859375,Mouth open
1713448223.763341,0.660888671875,0.7265625,-0.2197265625,Mouth open
1713448223.792859,0.662353515625,0.7265625,-0.21484375,Mouth open
1713448223.840329,0.662109375,0.72900390625,-0.21435546875,Mouth open
1713448223.878761,0.663818359375,0.724853515625,-0.21728515625,Mouth open
1713448223.918854,0.665771484375,0.726318359375,-0.21630859375,Mouth open
1713448223.956285,0.667236328125,0.726806640625,-0.212646484375,Mouth open
1713448223.996451,0.663330078125,0.722900390625,-0.2119140625,Mouth open
1713448224.035222,0.6640625,0.72802734375,-0.218994140625,Mouth open
1713448224.075215,0.664306640625,0.727294921875,-0.221923828125,Mouth open
1713448224.112553,0.66064453125,0.728515625,-0.2197265625,Mouth open
1713448224.152422,0.66943359375,0.732666015625,-0.220458984375,Mouth open
1713448224.194167,0.661865234375,0.729736328125,-0.22119140625,Mouth open
1713448224.23226,0.662353515625,0.724609375,-0.21533203125,Mouth open
1713448224.27232,0.66650390625,0.723876953125,-0.2138671875,Mouth open
1713448224.312075,0.66796875,0.72705078125,-0.2138671875,Mouth open
1713448224.35191,0.66552734375,0.724609375,-0.207275390625,Mouth open
1713448224.393609,0.66455078125,0.728515625,-0.21826171875,Mouth open
1713448224.432815,0.66015625,0.72607421875,-0.216552734375,Mouth open
1713448224.47664,0.66650390625,0.726806640625,-0.215576171875,Mouth open
1713448224.513944,0.6591796875,0.7294921875,-0.22021484375,Mouth open
1713448224.553589,0.66162109375,0.728759765625,-0.221435546875,Mouth open
1713448224.591411,0.665283203125,0.72900390625,-0.219970703125,Mouth open
1713448224.630788,0.6640625,0.726806640625,-0.21533203125,Mouth open
1713448224.671253,0.665283203125,0.721435546875,-0.214599609375,Mouth open
1713448224.711293,0.663818359375,0.72509765625,-0.21337890625,Mouth open
1713448224.752332,0.66552734375,0.724609375,-0.21630859375,Mouth open
1713448224.791986,0.6640625,0.725341796875,-0.21875,Mouth open
1713448224.831773,0.66650390625,0.731689453125,-0.21533203125,Mouth open
1713448224.874692,0.66455078125,0.73046875,-0.217529296875,Mouth open
1713448224.912773,0.65966796875,0.725830078125,-0.215087890625,Mouth open
1713448224.954091,0.66748046875,0.721923828125,-0.21630859375,Mouth open
1713448224.993774,0.66748046875,0.7236328125,-0.211181640625,Mouth open
1713448225.035787,0.662109375,0.72216796875,-0.212646484375,unknown
1713448225.074704,0.6640625,0.72900390625,-0.21484375,unknown
1713448225.11401,0.666259765625,0.7255859375,-0.216064453125,unknown
1713448225.1537,0.66064453125,0.728515625,-0.218017578125,unknown
1713448225.196178,0.663330078125,0.72705078125,-0.218505859375,unknown
1713448225.238386,0.662841796875,0.72900390625,-0.216552734375,unknown
1713448225.275024,0.6640625,0.728515625,-0.215576171875,unknown
1713448225.315802,0.664794921875,0.724609375,-0.2138671875,unknown
1713448225.354288,0.666015625,0.7265625,-0.211181640625,unknown
1713448225.400897,0.665283203125,0.72607421875,-0.21337890625,unknown
1713448225.435745,0.6669921875,0.7265625,-0.209716796875,unknown
1713448225.480656,0.664794921875,0.724853515625,-0.21337890625,unknown
1713448225.515886,0.658203125,0.729248046875,-0.2158203125,unknown
1713448225.558613,0.66552734375,0.73486328125,-0.215087890625,unknown
1713448225.595134,0.661376953125,0.7275390625,-0.216552734375,unknown
1713448225.643465,0.6640625,0.726806640625,-0.213623046875,unknown
1713448225.681021,0.669677734375,0.72607421875,-0.206787109375,unknown
1713448225.722256,0.667236328125,0.72314453125,-0.211181640625,unknown
1713448225.760153,0.6640625,0.7236328125,-0.21435546875,unknown
1713448225.799923,0.669189453125,0.726318359375,-0.21875,unknown
1713448225.837068,0.661376953125,0.726318359375,-0.215087890625,unknown
1713448225.8787,0.662109375,0.727783203125,-0.212158203125,unknown
1713448225.915933,0.66357421875,0.7294921875,-0.21142578125,unknown
1713448225.956025,0.6630859375,0.73095703125,-0.21630859375,unknown
1713448225.994112,0.6640625,0.7255859375,-0.214111328125,unknown
1713448226.040253,0.664306640625,0.723388671875,-0.21044921875,unknown
1713448226.080532,0.662841796875,0.7275390625,-0.20947265625,unknown
1713448226.121939,0.6630859375,0.724365234375,-0.2119140625,unknown
1713448226.159629,0.665771484375,0.728515625,-0.215087890625,unknown
1713448226.199527,0.6640625,0.728515625,-0.218017578125,unknown
1713448226.238129,0.662841796875,0.729248046875,-0.216552734375,unknown
1713448226.277151,0.665771484375,0.734130859375,-0.2197265625,unknown
1713448226.317158,0.662109375,0.72314453125,-0.21630859375,unknown
1713448226.358619,0.66357421875,0.721923828125,-0.211181640625,unknown
1713448226.396871,0.669189453125,0.723876953125,-0.206787109375,unknown
1713448226.437992,0.66943359375,0.723876953125,-0.213623046875,unknown
1713448226.477034,0.666015625,0.73046875,-0.2109375,unknown
1713448226.520057,0.663818359375,0.72998046875,-0.21142578125,unknown
1713448226.556668,0.6630859375,0.7265625,-0.21484375,unknown
1713448226.599433,0.66015625,0.72998046875,-0.216552734375,unknown
1713448226.636302,0.662109375,0.729736328125,-0.2138671875,unknown
1713448226.678133,0.6611328125,0.728759765625,-0.21484375,unknown
1713448226.716021,0.6630859375,0.72900390625,-0.217041015625,unknown
1713448226.75592,0.665283203125,0.730224609375,-0.21435546875,unknown
1713448226.796203,0.662353515625,0.727783203125,-0.211181640625,unknown
1713448226.837191,0.66552734375,0.72705078125,-0.2138671875,unknown
1713448226.876923,0.660400390625,0.724365234375,-0.21533203125,unknown
1713448226.916691,0.66064453125,0.72900390625,-0.212646484375,unknown
1713448226.956775,0.665771484375,0.73486328125,-0.21435546875,unknown
1713448226.996729,0.661865234375,0.728271484375,-0.217529296875,unknown
1713448227.042587,0.665283203125,0.72412109375,-0.21533203125,unknown
1713448227.078926,0.667724609375,0.72607421875,-0.210693359375,unknown
1713448227.119836,0.66796875,0.728271484375,-0.212890625,unknown
1713448227.159003,0.662109375,0.73095703125,-0.214111328125,unknown
1713448227.197703,0.665283203125,0.732421875,-0.2216796875,unknown
1713448227.235681,0.66064453125,0.725830078125,-0.2177734375,unknown
1713448227.276183,0.6572265625,0.73193359375,-0.218994140625,unknown
1713448227.318144,0.6630859375,0.728515625,-0.216796875,unknown
1713448227.356978,0.66455078125,0.725830078125,-0.218017578125,unknown
1713448227.396795,0.660400390625,0.729248046875,-0.21923828125,unknown
1713448227.442063,0.6611328125,0.728271484375,-0.213134765625,unknown
1713448227.477973,0.66796875,0.727294921875,-0.213623046875,unknown
1713448227.519413,0.662841796875,0.728515625,-0.21240234375,unknown
1713448227.557148,0.659912109375,0.7255859375,-0.21630859375,unknown
1713448227.610725,0.65771484375,0.7333984375,-0.2099609375,unknown
1713448227.639414,0.6640625,0.734619140625,-0.21826171875,unknown
1713448227.689697,0.65625,0.7275390625,-0.21630859375,unknown
1713448227.721056,0.662841796875,0.724853515625,-0.210693359375,unknown
1713448227.772473,0.6669921875,0.730224609375,-0.208984375,unknown
1713448227.799621,0.66552734375,0.724853515625,-0.2177734375,unknown
1713448227.846761,0.663330078125,0.729248046875,-0.21435546875,unknown
1713448227.880072,0.66650390625,0.731689453125,-0.212646484375,unknown
1713448227.928128,0.661865234375,0.726806640625,-0.21533203125,unknown
1713448227.958408,0.66064453125,0.7265625,-0.217041015625,unknown
1713448227.99931,0.662841796875,0.727294921875,-0.21484375,unknown
1713448228.039453,0.663818359375,0.728271484375,-0.2177734375,unknown
1713448228.079554,0.666748046875,0.725341796875,-0.215576171875,unknown
1713448228.118765,0.667724609375,0.7294921875,-0.20947265625,unknown
1713448228.160563,0.6630859375,0.727783203125,-0.2109375,unknown
1713448228.20068,0.669921875,0.725830078125,-0.218994140625,unknown
1713448228.241331,0.6630859375,0.728271484375,-0.213134765625,unknown
1713448228.280471,0.66162109375,0.73291015625,-0.210693359375,unknown
1713448228.322306,0.66552734375,0.734130859375,-0.217529296875,unknown
1713448228.361311,0.660400390625,0.72998046875,-0.216064453125,unknown
1713448228.402752,0.665283203125,0.724853515625,-0.214111328125,unknown
1713448228.441073,0.66259765625,0.726318359375,-0.208984375,unknown
1713448228.482345,0.66357421875,0.7294921875,-0.2099609375,unknown
1713448228.521941,0.664306640625,0.72705078125,-0.213134765625,unknown
1713448228.558597,0.66357421875,0.729736328125,-0.210693359375,unknown
1713448228.599935,0.658935546875,0.72412109375,-0.21630859375,unknown
1713448228.638634,0.660888671875,0.727294921875,-0.2158203125,unknown
1713448228.679004,0.66650390625,0.72998046875,-0.209716796875,unknown
1713448228.719714,0.666259765625,0.7275390625,-0.21240234375,unknown
1713448228.761357,0.6689453125,0.724609375,-0.21142578125,unknown
1713448228.801311,0.666015625,0.723876953125,-0.20703125,unknown
1713448228.839666,0.66357421875,0.72412109375,-0.210693359375,unknown
1713448228.879677,0.664794921875,0.728759765625,-0.215576171875,unknown
1713448228.921069,0.666259765625,0.726806640625,-0.2138671875,unknown
1713448228.960947,0.663818359375,0.7333984375,-0.2119140625,unknown
1713448229.001863,0.6650390625,0.731689453125,-0.21630859375,unknown
1713448229.041684,0.660400390625,0.72119140625,-0.2119140625,unknown
1713448229.08588,0.6669921875,0.723388671875,-0.210205078125,unknown
1713448229.122092,0.665771484375,0.723876953125,-0.206298828125,unknown
1713448229.166006,0.664794921875,0.72412109375,-0.208251953125,unknown
1713448229.202561,0.6669921875,0.730224609375,-0.21142578125,unknown
1713448229.242084,0.66357421875,0.73291015625,-0.211181640625,unknown
1713448229.280613,0.657958984375,0.72607421875,-0.21240234375,unknown
1713448229.332101,0.663818359375,0.72900390625,-0.2119140625,unknown
1713448229.364294,0.66259765625,0.732666015625,-0.21142578125,unknown
1713448229.405075,0.6640625,0.727294921875,-0.210693359375,unknown
1713448229.443988,0.6650390625,0.727294921875,-0.209228515625,unknown
1713448229.486988,0.66650390625,0.72412109375,-0.2080078125,unknown
1713448229.526928,0.661376953125,0.726806640625,-0.208984375,unknown
1713448229.567882,0.66455078125,0.73095703125,-0.206787109375,unknown
1713448229.607808,0.661865234375,0.732177734375,-0.210205078125,unknown
1713448229.650508,0.658935546875,0.73583984375,-0.2080078125,unknown
1713448229.689298,0.681884765625,0.7490234375,-0.189697265625,unknown
1713448229.730864,0.6875,0.731201171875,-0.224609375,unknown
1713448229.764404,0.6689453125,0.70068359375,-0.217041015625,unknown
1713448229.806949,0.66650390625,0.692138671875,-0.21533203125,unknown
1713448229.843594,0.663330078125,0.695068359375,-0.21484375,unknown
1713448229.886449,0.663330078125,0.716796875,-0.20947265625,unknown
1713448229.924537,0.657470703125,0.735595703125,-0.21630859375,unknown
1713448229.966277,0.645751953125,0.7392578125,-0.220458984375,unknown
1713448230.003741,0.64306640625,0.741943359375,-0.22412109375,unknown
1713448230.047156,0.6416015625,0.7529296875,-0.216064453125,unknown
1713448230.083691,0.645751953125,0.755859375,-0.2236328125,unknown
1713448230.124374,0.63232421875,0.744384765625,-0.2216796875,unknown
1713448230.166177,0.643798828125,0.744384765625,-0.203857421875,unknown
1713448230.209117,0.676513671875,0.7568359375,-0.195556640625,unknown
1713448230.245236,0.67236328125,0.75048828125,-0.1767578125,unknown
1713448230.288024,0.677490234375,0.74267578125,-0.195068359375,unknown
1713448230.324055,0.660888671875,0.734619140625,-0.19970703125,unknown
1713448230.372719,0.665771484375,0.730712890625,-0.22119140625,unknown
1713448230.410659,0.656494140625,0.72119140625,-0.2333984375,unknown
1713448230.445985,0.660888671875,0.7099609375,-0.22265625,unknown
1713448230.487736,0.66357421875,0.709228515625,-0.205322265625,unknown
1713448230.527221,0.662841796875,0.70166015625,-0.194091796875,unknown
1713448230.565886,0.674072265625,0.720703125,-0.16943359375,unknown
1713448230.606011,0.681884765625,0.7353515625,-0.166748046875,unknown
1713448230.644431,0.668701171875,0.738525390625,-0.16259765625,unknown
1713448230.68396,0.66259765625,0.742919921875,-0.169677734375,unknown
1713448230.723607,0.672607421875,0.72265625,-0.187255859375,unknown
1713448230.764256,0.65771484375,0.768798828125,-0.226318359375,unknown
1713448230.804814,0.6494140625,0.74609375,-0.220703125,unknown
1713448230.846768,0.6591796875,0.7451171875,-0.213623046875,unknown
1713448230.886714,0.648193359375,0.744140625,-0.184326171875,unknown
1713448230.924537,0.642578125,0.7373046875,-0.186279296875,unknown
1713448230.964595,0.644775390625,0.75390625,-0.18505859375,unknown
1713448231.007328,0.651123046875,0.7568359375,-0.190185546875,unknown
1713448231.046368,0.64306640625,0.751708984375,-0.1884765625,unknown
1713448231.085737,0.646728515625,0.754638671875,-0.169189453125,unknown
1713448231.126805,0.656494140625,0.765625,-0.17822265625,unknown
1713448231.167616,0.6396484375,0.760498046875,-0.194091796875,unknown
1713448231.204237,0.655029296875,0.74951171875,-0.206298828125,unknown
1713448231.243681,0.65185546875,0.740966796875,-0.1962890625,unknown
1713448231.283786,0.6484375,0.722412109375,-0.1669921875,unknown
1713448231.324631,0.704345703125,0.7255859375,-0.142578125,unknown
1713448231.365662,0.684326171875,0.7236328125,-0.149169921875,unknown
1713448231.407584,0.672119140625,0.722900390625,-0.188720703125,unknown
1713448231.445716,0.675048828125,0.724853515625,-0.22119140625,unknown
1713448231.486196,0.667236328125,0.724853515625,-0.233154296875,unknown
1713448231.524746,0.656494140625,0.729736328125,-0.2451171875,unknown
1713448231.566929,0.653564453125,0.72802734375,-0.248046875,unknown
1713448231.606449,0.640869140625,0.730712890625,-0.23974609375,unknown
1713448231.646178,0.64111328125,0.735107421875,-0.255126953125,unknown
1713448231.686486,0.637451171875,0.731689453125,-0.2587890625,unknown
1713448231.726684,0.650390625,0.732177734375,-0.244384765625,unknown
1713448231.773429,0.65625,0.721923828125,-0.214599609375,unknown
1713448231.810012,0.663330078125,0.720703125,-0.189453125,unknown
1713448231.851488,0.66650390625,0.735107421875,-0.1865234375,unknown
1713448231.889734,0.657958984375,0.740234375,-0.197509765625,unknown
1713448231.925499,0.653076171875,0.7412109375,-0.214599609375,unknown
1713448231.965794,0.656982421875,0.741943359375,-0.208984375,unknown
1713448232.012283,0.666015625,0.745849609375,-0.202392578125,unknown
1713448232.050267,0.656494140625,0.73779296875,-0.201416015625,unknown
1713448232.091709,0.662109375,0.734619140625,-0.20751953125,unknown
1713448232.129053,0.659423828125,0.7373046875,-0.207275390625,unknown
1713448232.170734,0.658203125,0.73828125,-0.212158203125,unknown
1713448232.208963,0.6533203125,0.734130859375,-0.21630859375,unknown
1713448232.249677,0.654541015625,0.7373046875,-0.2109375,unknown
1713448232.288242,0.663330078125,0.736083984375,-0.208984375,unknown
1713448232.330482,0.657470703125,0.73046875,-0.201904296875,unknown
1713448232.368532,0.660888671875,0.7265625,-0.2041015625,unknown
1713448232.408532,0.66259765625,0.732177734375,-0.19384765625,unknown
1713448232.449523,0.6669921875,0.73095703125,-0.194091796875,unknown
1713448232.49072,0.669677734375,0.735595703125,-0.18896484375,unknown
1713448232.529178,0.66796875,0.731201171875,-0.1962890625,unknown
1713448232.566734,0.666015625,0.729736328125,-0.197998046875,unknown
1713448232.61708,0.6640625,0.730224609375,-0.1884765625,unknown
1713448232.653637,0.66064453125,0.736328125,-0.185546875,unknown
1713448232.688566,0.66259765625,0.7392578125,-0.200927734375,unknown
1713448232.732805,0.660888671875,0.734130859375,-0.2021484375,unknown
1713448232.776858,0.670166015625,0.73876953125,-0.19091796875,unknown
1713448232.814719,0.6689453125,0.733642578125,-0.194091796875,unknown
1713448232.854335,0.664794921875,0.730224609375,-0.190673828125,unknown
1713448232.893222,0.66455078125,0.73193359375,-0.19091796875,unknown
1713448232.934161,0.665771484375,0.7314453125,-0.192626953125,unknown
1713448232.972157,0.65869140625,0.736083984375,-0.206298828125,unknown
1713448233.011538,0.655029296875,0.741455078125,-0.19091796875,unknown
1713448233.050058,0.651611328125,0.744140625,-0.189697265625,unknown
1713448233.091254,0.653564453125,0.739990234375,-0.193359375,unknown
1713448233.132477,0.65478515625,0.73681640625,-0.189208984375,unknown
1713448233.171537,0.6650390625,0.73876953125,-0.1953125,unknown
1713448233.209556,0.666748046875,0.7353515625,-0.195556640625,unknown
1713448233.250409,0.67578125,0.725341796875,-0.196044921875,unknown
1713448233.288526,0.679931640625,0.7216796875,-0.19775390625,unknown
