ts,x_ear,y_ear,z_ear,label
1713362971.066687,0.3125,0.63232421875,0.712158203125,unknown
1713362971.117277,0.315673828125,0.63330078125,0.71044921875,unknown
1713362971.148882,0.308837890625,0.63623046875,0.71875,unknown
1713362971.194054,0.310791015625,0.636474609375,0.71044921875,unknown
1713362971.226787,0.314453125,0.635498046875,0.7021484375,unknown
1713362971.273118,0.321044921875,0.637451171875,0.703125,unknown
1713362971.311046,0.322021484375,0.64306640625,0.70947265625,unknown
1713362971.349674,0.320556640625,0.638916015625,0.703125,unknown
1713362971.388858,0.3154296875,0.636962890625,0.70361328125,unknown
1713362971.431629,0.314453125,0.64013671875,0.7080078125,unknown
1713362971.501079,0.31005859375,0.644775390625,0.70556640625,unknown
1713362971.517742,0.31689453125,0.6357421875,0.70751953125,unknown
1713362971.549624,0.31396484375,0.63818359375,0.708740234375,unknown
1713362971.589048,0.310302734375,0.6376953125,0.712646484375,unknown
1713362971.6313,0.312255859375,0.63818359375,0.7099609375,unknown
1713362971.668278,0.30859375,0.640625,0.713623046875,unknown
1713362971.707063,0.307861328125,0.6357421875,0.712646484375,unknown
1713362971.756251,0.30615234375,0.636962890625,0.712646484375,unknown
1713362971.796764,0.305419921875,0.63916015625,0.71484375,unknown
1713362971.830634,0.307373046875,0.642333984375,0.7158203125,unknown
1713362971.875211,0.30126953125,0.638916015625,0.718505859375,unknown
1713362971.911157,0.30224609375,0.63818359375,0.720458984375,unknown
1713362971.950373,0.306396484375,0.63525390625,0.717529296875,unknown
1713362971.991418,0.30322265625,0.635009765625,0.710205078125,unknown
1713362972.030891,0.31005859375,0.64208984375,0.713134765625,unknown
1713362972.073022,0.299072265625,0.63134765625,0.71142578125,unknown
1713362972.112371,0.2998046875,0.638427734375,0.71435546875,unknown
1713362972.151842,0.29931640625,0.637939453125,0.715576171875,unknown
1713362972.200971,0.311279296875,0.636474609375,0.712890625,unknown
1713362972.231112,0.30126953125,0.634033203125,0.70654296875,unknown
1713362972.279933,0.30712890625,0.638671875,0.7119140625,unknown
1713362972.310959,0.299072265625,0.638427734375,0.7138671875,unknown
1713362972.348973,0.2998046875,0.637939453125,0.7158203125,unknown
1713362972.388774,0.302001953125,0.638671875,0.714599609375,unknown
1713362972.428055,0.302978515625,0.637451171875,0.718017578125,unknown
1713362972.471363,0.299560546875,0.635498046875,0.714111328125,unknown
1713362972.508852,0.299560546875,0.636474609375,0.71484375,unknown
1713362972.549624,0.2978515625,0.635986328125,0.718994140625,unknown
1713362972.590995,0.2978515625,0.637451171875,0.71728515625,unknown
1713362972.631135,0.294677734375,0.63623046875,0.718017578125,unknown
1713362972.668836,0.29150390625,0.634765625,0.711669921875,unknown
1713362972.70996,0.30224609375,0.6416015625,0.720703125,unknown
1713362972.750279,0.29833984375,0.635986328125,0.713623046875,unknown
1713362972.790119,0.301025390625,0.6298828125,0.7138671875,unknown
1713362972.831374,0.290771484375,0.63525390625,0.7158203125,unknown
1713362972.871007,0.290771484375,0.638916015625,0.720947265625,unknown
1713362972.914712,0.302001953125,0.636474609375,0.71484375,unknown
1713362972.957454,0.296630859375,0.63671875,0.71826171875,unknown
1713362972.987886,0.299560546875,0.640380859375,0.721923828125,unknown
1713362973.043717,0.296142578125,0.637939453125,0.71484375,Get ready
1713362973.069921,0.296142578125,0.63671875,0.71533203125,Get ready
1713362973.113697,0.294921875,0.635986328125,0.7197265625,Get ready
1713362973.150498,0.294189453125,0.636962890625,0.72021484375,Get ready
1713362973.193825,0.298828125,0.633544921875,0.716796875,Get ready
1713362973.233125,0.294677734375,0.632080078125,0.714599609375,Get ready
1713362973.271912,0.29736328125,0.636474609375,0.722412109375,Get ready
1713362973.313662,0.29931640625,0.635498046875,0.718505859375,Get ready
1713362973.361929,0.295166015625,0.6357421875,0.721435546875,Get ready
1713362973.398349,0.294921875,0.64013671875,0.717041015625,Get ready
1713362973.436627,0.302734375,0.638427734375,0.7197265625,Get ready
1713362973.472008,0.29443359375,0.635986328125,0.71484375,Get ready
1713362973.523315,0.297119140625,0.63330078125,0.716796875,Get ready
1713362973.552218,0.294189453125,0.634765625,0.71875,Get ready
1713362973.601717,0.29541015625,0.636474609375,0.72021484375,Get ready
1713362973.629098,0.297607421875,0.632080078125,0.709228515625,Get ready
1713362973.677593,0.297119140625,0.639404296875,0.713134765625,Get ready
1713362973.714835,0.300537109375,0.64013671875,0.71630859375,Get ready
1713362973.752562,0.294921875,0.638671875,0.71533203125,Get ready
1713362973.790515,0.298095703125,0.6376953125,0.718017578125,Get ready
1713362973.82982,0.296630859375,0.637939453125,0.715087890625,Get ready
1713362973.869663,0.297119140625,0.634521484375,0.71826171875,Get ready
1713362973.915594,0.293701171875,0.634765625,0.71435546875,Get ready
1713362973.95041,0.298583984375,0.638671875,0.716796875,Get ready
1713362973.990134,0.297607421875,0.638916015625,0.71728515625,Get ready
1713362974.031506,0.29638671875,0.634765625,0.720458984375,Get ready
1713362974.070787,0.299072265625,0.6357421875,0.716796875,Get ready
1713362974.110681,0.29638671875,0.637451171875,0.717041015625,Get ready
1713362974.15189,0.298095703125,0.63623046875,0.71826171875,Get ready
1713362974.190077,0.30322265625,0.634765625,0.7216796875,Get ready
1713362974.231739,0.299072265625,0.640625,0.716552734375,Get ready
1713362974.270652,0.301025390625,0.63818359375,0.718017578125,Get ready
1713362974.307936,0.296630859375,0.6357421875,0.717529296875,Get ready
1713362974.348618,0.301025390625,0.631591796875,0.71630859375,Get ready
1713362974.387874,0.288330078125,0.640380859375,0.721435546875,Get ready
1713362974.430111,0.27197265625,0.655029296875,0.73681640625,Get ready
1713362974.469619,0.271240234375,0.656494140625,0.718017578125,Get ready
1713362974.50912,0.312255859375,0.64111328125,0.748291015625,Get ready
1713362974.549297,0.28466796875,0.64453125,0.733154296875,Get ready
1713362974.596127,0.292724609375,0.645751953125,0.732421875,Get ready
1713362974.630206,0.26123046875,0.625,0.716552734375,Get ready
1713362974.670745,0.296875,0.598388671875,0.7021484375,Get ready
1713362974.710881,0.287109375,0.624267578125,0.743408203125,Get ready
1713362974.751663,0.236572265625,0.5869140625,0.709228515625,Get ready
1713362974.791983,0.2607421875,0.605224609375,0.750244140625,Get ready
1713362974.831575,0.263427734375,0.600341796875,0.734619140625,Get ready
1713362974.871172,0.2587890625,0.596923828125,0.741943359375,Get ready
1713362974.912159,0.25830078125,0.612060546875,0.737060546875,Get ready
1713362974.952312,0.260009765625,0.625,0.74560546875,Get ready
1713362974.992934,0.244140625,0.637451171875,0.750244140625,Get ready
1713362975.028763,0.243896484375,0.64404296875,0.73291015625,Get ready
1713362975.070208,0.264404296875,0.6494140625,0.7392578125,Get ready
1713362975.110506,0.241455078125,0.640625,0.733642578125,Get ready
1713362975.150554,0.263916015625,0.630859375,0.73193359375,Get ready
1713362975.190437,0.24365234375,0.623046875,0.74072265625,Get ready
1713362975.231513,0.24462890625,0.620849609375,0.75146484375,Get ready
1713362975.274706,0.238525390625,0.614990234375,0.7568359375,Get ready
1713362975.31102,0.23876953125,0.613037109375,0.757080078125,Get ready
1713362975.363243,0.223876953125,0.6181640625,0.7578125,Get ready
1713362975.397149,0.22802734375,0.6240234375,0.7607421875,Get ready
1713362975.439246,0.222412109375,0.617919921875,0.760498046875,Get ready
1713362975.471555,0.20947265625,0.622314453125,0.76220703125,Get ready
1713362975.513962,0.216064453125,0.628173828125,0.7548828125,Get ready
1713362975.550949,0.23583984375,0.627685546875,0.74365234375,Get ready
1713362975.591756,0.22607421875,0.6298828125,0.75439453125,Get ready
1713362975.629057,0.212646484375,0.63232421875,0.766357421875,Get ready
1713362975.669319,0.2216796875,0.623046875,0.764892578125,Get ready
1713362975.712268,0.214111328125,0.613037109375,0.759521484375,Get ready
1713362975.750009,0.213134765625,0.617431640625,0.74755859375,Get ready
1713362975.794388,0.23046875,0.60986328125,0.755859375,Get ready
1713362975.832352,0.20166015625,0.5927734375,0.771484375,Get ready
1713362975.882911,0.17529296875,0.604736328125,0.789306640625,Get ready
1713362975.911252,0.177734375,0.6259765625,0.80859375,Get ready
1713362975.957409,0.16259765625,0.626220703125,0.7900390625,Get ready
1713362975.993932,0.1767578125,0.6298828125,0.780029296875,Get ready
1713362976.035656,0.199951171875,0.63525390625,0.75537109375,Get ready
1713362976.072214,0.212158203125,0.640380859375,0.7294921875,Get ready
1713362976.113608,0.218505859375,0.648193359375,0.73291015625,Get ready
1713362976.149821,0.219482421875,0.65283203125,0.736083984375,Get ready
1713362976.189105,0.2333984375,0.661376953125,0.74755859375,Get ready
1713362976.228172,0.227783203125,0.666015625,0.7412109375,Get ready
1713362976.268802,0.242431640625,0.6640625,0.713623046875,Get ready
1713362976.308689,0.243896484375,0.670166015625,0.709228515625,Get ready
1713362976.348983,0.26611328125,0.671142578125,0.689208984375,Get ready
1713362976.393513,0.27197265625,0.68212890625,0.683349609375,Get ready
1713362976.430321,0.296630859375,0.692138671875,0.663330078125,Get ready
1713362976.48432,0.282470703125,0.7119140625,0.64111328125,Get ready
1713362976.508967,0.30615234375,0.744384765625,0.64013671875,Get ready
1713362976.557642,0.333251953125,0.73779296875,0.607177734375,Get ready
1713362976.595636,0.337158203125,0.759521484375,0.601806640625,Get ready
1713362976.632974,0.355712890625,0.77490234375,0.55712890625,Get ready
1713362976.671623,0.360107421875,0.794189453125,0.568359375,Get ready
1713362976.711483,0.3505859375,0.800537109375,0.552734375,Get ready
1713362976.75032,0.329345703125,0.778076171875,0.5361328125,Get ready
1713362976.790671,0.3505859375,0.773681640625,0.53076171875,Get ready
1713362976.82946,0.385009765625,0.77734375,0.548583984375,Get ready
1713362976.874441,0.390380859375,0.77392578125,0.571044921875,Get ready
1713362976.911095,0.42578125,0.754638671875,0.55419921875,Get ready
1713362976.950467,0.44677734375,0.73095703125,0.544189453125,Get ready
1713362976.990002,0.467041015625,0.7138671875,0.51708984375,Get ready
1713362977.031188,0.49609375,0.70654296875,0.466064453125,Get ready
1713362977.06994,0.579833984375,0.691162109375,0.4482421875,Get ready
1713362977.111152,0.607666015625,0.677001953125,0.388427734375,Get ready
1713362977.15218,0.6591796875,0.6630859375,0.315185546875,Get ready
1713362977.194,0.671875,0.662841796875,0.278564453125,Get ready
1713362977.231922,0.674560546875,0.666259765625,0.26123046875,Get ready
1713362977.271752,0.651123046875,0.668212890625,0.276611328125,Get ready
1713362977.31354,0.6171875,0.68505859375,0.315673828125,Get ready
1713362977.353085,0.58837890625,0.73486328125,0.41552734375,Get ready
1713362977.392075,0.537109375,0.784423828125,0.5224609375,Get ready
1713362977.433361,0.489990234375,0.801513671875,0.584716796875,Get ready
1713362977.472196,0.458251953125,0.76953125,0.595947265625,Get ready
1713362977.51013,0.453369140625,0.732421875,0.575439453125,Get ready
1713362977.556158,0.3369140625,0.602783203125,0.5087890625,Get ready
1713362977.593532,0.401611328125,0.647705078125,0.63134765625,Get ready
1713362977.634137,0.32666015625,0.64990234375,0.67236328125,Get ready
1713362977.671867,0.364501953125,0.669189453125,0.6875,Get ready
1713362977.712116,0.396240234375,0.681396484375,0.62548828125,Get ready
1713362977.752332,0.381591796875,0.65478515625,0.600830078125,Get ready
1713362977.793026,0.394287109375,0.633056640625,0.555908203125,Get ready
1713362977.834803,0.50634765625,0.652099609375,0.476318359375,Get ready
1713362977.87326,0.5517578125,0.697021484375,0.348388671875,Get ready
1713362977.913396,0.613037109375,0.7373046875,0.24853515625,Get ready
1713362977.953721,0.632568359375,0.744873046875,0.153564453125,Get ready
1713362977.994422,0.671630859375,0.808837890625,0.120361328125,Get ready
1713362978.032864,0.7587890625,0.86962890625,0.113037109375,Get ready
1713362978.071839,0.768310546875,0.88037109375,0.148193359375,Get ready
1713362978.111824,0.696044921875,0.8193359375,0.114013671875,Get ready
1713362978.15324,0.646484375,0.746337890625,0.032958984375,Get ready
1713362978.194059,0.642578125,0.71435546875,0.058349609375,Get ready
1713362978.233379,0.627685546875,0.72998046875,0.108642578125,Get ready
1713362978.272144,0.64208984375,0.767578125,0.103515625,Get ready
1713362978.31323,0.708984375,0.829345703125,0.125,Get ready
1713362978.352917,0.72314453125,0.827880859375,0.116455078125,Get ready
1713362978.394664,0.701171875,0.8251953125,0.120849609375,Get ready
1713362978.435821,0.70263671875,0.815673828125,0.156005859375,Get ready
1713362978.474768,0.64599609375,0.7666015625,0.196533203125,Get ready
1713362978.516206,0.630126953125,0.751953125,0.267333984375,Get ready
1713362978.554972,0.51171875,0.720703125,0.323974609375,Get ready
1713362978.593854,0.5029296875,0.75390625,0.446044921875,Get ready
1713362978.634844,0.50732421875,0.7568359375,0.474609375,Get ready
1713362978.677527,0.492919921875,0.739013671875,0.480712890625,Get ready
1713362978.715687,0.530029296875,0.735595703125,0.439453125,Get ready
1713362978.754878,0.525390625,0.723388671875,0.409912109375,Get ready
1713362978.793947,0.5712890625,0.705078125,0.363525390625,Get ready
1713362978.833104,0.54833984375,0.700927734375,0.328369140625,Get ready
1713362978.875189,0.58349609375,0.755126953125,0.371826171875,Get ready
1713362978.914436,0.5888671875,0.749755859375,0.388916015625,Get ready
1713362978.958751,0.59228515625,0.725341796875,0.321044921875,Get ready
1713362978.998019,0.595703125,0.69775390625,0.287353515625,Get ready
1713362979.046673,0.600830078125,0.686767578125,0.318359375,Get ready
1713362979.0772,0.676025390625,0.75439453125,0.356201171875,Get ready
1713362979.116674,0.6875,0.726318359375,0.346435546875,Get ready
1713362979.157241,0.65380859375,0.68603515625,0.310546875,Get ready
1713362979.19921,0.64697265625,0.664306640625,0.25146484375,Get ready
1713362979.234797,0.64501953125,0.693359375,0.30908203125,Get ready
1713362979.274989,0.626953125,0.697998046875,0.3056640625,Get ready
1713362979.316046,0.65478515625,0.752685546875,0.313232421875,Get ready
1713362979.358873,0.65234375,0.754638671875,0.290771484375,Get ready
1713362979.399772,0.649658203125,0.744384765625,0.2900390625,Get ready
1713362979.435541,0.614501953125,0.726318359375,0.29248046875,Get ready
1713362979.473745,0.606201171875,0.7080078125,0.287353515625,Get ready
1713362979.517649,0.60791015625,0.7158203125,0.315673828125,Get ready
1713362979.553833,0.61474609375,0.7109375,0.284912109375,Get ready
1713362979.594917,0.61572265625,0.717529296875,0.2880859375,Get ready
1713362979.637712,0.61279296875,0.742919921875,0.31494140625,Get ready
1713362979.674627,0.6298828125,0.73388671875,0.276611328125,Get ready
1713362979.726162,0.639404296875,0.75244140625,0.303466796875,Get ready
1713362979.761449,0.6220703125,0.744873046875,0.306884765625,Get ready
1713362979.799732,0.635498046875,0.73095703125,0.28515625,Get ready
1713362979.836877,0.638671875,0.72900390625,0.283935546875,Get ready
1713362979.876694,0.62255859375,0.728271484375,0.286865234375,Get ready
1713362979.915368,0.6298828125,0.748291015625,0.307373046875,Get ready
1713362979.958769,0.615234375,0.7392578125,0.30615234375,Get ready
1713362979.998632,0.61474609375,0.7373046875,0.325927734375,Get ready
1713362980.036438,0.60205078125,0.738525390625,0.3271484375,Get ready
1713362980.074948,0.607666015625,0.739501953125,0.31298828125,Get ready
1713362980.116787,0.5908203125,0.7294921875,0.29345703125,Get ready
1713362980.155156,0.61279296875,0.74951171875,0.308837890625,Get ready
1713362980.194313,0.603515625,0.742431640625,0.331787109375,Get ready
1713362980.23601,0.579833984375,0.720947265625,0.31884765625,Get ready
1713362980.27869,0.58056640625,0.7216796875,0.28759765625,Get ready
1713362980.323843,0.619140625,0.741943359375,0.270263671875,Get ready
1713362980.355393,0.63671875,0.76123046875,0.281005859375,Get ready
1713362980.402175,0.66943359375,0.758056640625,0.277099609375,Get ready
1713362980.438829,0.62451171875,0.742431640625,0.29296875,Get ready
1713362980.476057,0.626953125,0.729736328125,0.326171875,Get ready
1713362980.515166,0.621337890625,0.724365234375,0.322265625,Get ready
1713362980.554999,0.613525390625,0.722900390625,0.32373046875,Get ready
1713362980.595579,0.581787109375,0.731689453125,0.320068359375,Get ready
1713362980.639491,0.609619140625,0.769287109375,0.32470703125,Get ready
1713362980.675639,0.61865234375,0.785888671875,0.3115234375,Get ready
1713362980.715892,0.69384765625,0.703857421875,0.263671875,Get ready
1713362980.753476,0.60546875,0.720458984375,0.279541015625,Get ready
1713362980.794202,0.656005859375,0.711181640625,0.297119140625,Get ready
1713362980.837977,0.630859375,0.735107421875,0.31689453125,Get ready
1713362980.875162,0.6279296875,0.726806640625,0.292724609375,Get ready
1713362980.925972,0.6328125,0.720458984375,0.271484375,Get ready
1713362980.962398,0.636474609375,0.7431640625,0.2421875,Get ready
1713362980.999702,0.629638671875,0.751220703125,0.22412109375,Get ready
1713362981.035988,0.659423828125,0.75439453125,0.200439453125,Get ready
1713362981.077979,0.67236328125,0.732421875,0.16015625,Get ready
1713362981.116249,0.663818359375,0.7587890625,0.2216796875,Get ready
1713362981.157693,0.650634765625,0.74951171875,0.2421875,Get ready
1713362981.198,0.63818359375,0.71826171875,0.260009765625,Get ready
1713362981.23633,0.625,0.716552734375,0.27001953125,Get ready
1713362981.282681,0.67724609375,0.697021484375,0.24560546875,Get ready
1713362981.318042,0.654541015625,0.724365234375,0.25830078125,Get ready
1713362981.356749,0.667236328125,0.73876953125,0.267822265625,Get ready
1713362981.395767,0.6298828125,0.732666015625,0.220947265625,Get ready
1713362981.446414,0.734619140625,0.720703125,0.201904296875,Get ready
1713362981.480722,0.689208984375,0.707275390625,0.170166015625,Get ready
1713362981.518333,0.663818359375,0.724365234375,0.20458984375,Get ready
1713362981.555606,0.64794921875,0.69287109375,0.222412109375,Get ready
1713362981.6055,0.63671875,0.716064453125,0.2734375,Get ready
1713362981.642535,0.6865234375,0.720703125,0.282958984375,Get ready
1713362981.682448,0.62939453125,0.69970703125,0.279052734375,Get ready
1713362981.72004,0.63134765625,0.716796875,0.3134765625,Get ready
1713362981.75936,0.656005859375,0.720458984375,0.287109375,Get ready
1713362981.795922,0.647216796875,0.7470703125,0.286865234375,Get ready
1713362981.838737,0.630859375,0.7685546875,0.252685546875,Get ready
1713362981.877079,0.65380859375,0.74658203125,0.236572265625,Get ready
1713362981.916945,0.636962890625,0.721435546875,0.226806640625,Get ready
1713362981.958686,0.6669921875,0.72900390625,0.2607421875,Get ready
1713362981.998091,0.63037109375,0.73193359375,0.25634765625,Get ready
1713362982.037126,0.6328125,0.756591796875,0.24267578125,Get ready
1713362982.075123,0.64501953125,0.749267578125,0.19921875,Get ready
1713362982.114813,0.662841796875,0.779541015625,0.205810546875,Get ready
1713362982.156025,0.690673828125,0.756591796875,0.207275390625,Get ready
1713362982.195991,0.616455078125,0.744140625,0.203369140625,Get ready
1713362982.240427,0.623291015625,0.75146484375,0.211181640625,Get ready
1713362982.276825,0.686279296875,0.736328125,0.2138671875,Get ready
1713362982.319828,0.668701171875,0.723388671875,0.20849609375,Get ready
1713362982.35954,0.6708984375,0.72119140625,0.2158203125,Get ready
1713362982.397796,0.663818359375,0.722412109375,0.256591796875,Get ready
1713362982.450509,0.599365234375,0.712890625,0.265625,Get ready
1713362982.479007,0.6767578125,0.71142578125,0.26904296875,Get ready
1713362982.527355,0.66064453125,0.727783203125,0.299560546875,Get ready
1713362982.564599,0.638916015625,0.72216796875,0.280517578125,Get ready
1713362982.603781,0.677001953125,0.73681640625,0.263916015625,Get ready
1713362982.642807,0.66455078125,0.71044921875,0.223876953125,Get ready
1713362982.681882,0.6552734375,0.74267578125,0.245361328125,Get ready
1713362982.719308,0.61083984375,0.74609375,0.27685546875,Get ready
1713362982.764836,0.63818359375,0.708984375,0.245849609375,Get ready
1713362982.79635,0.6318359375,0.71484375,0.271484375,Get ready
1713362982.837615,0.67529296875,0.715576171875,0.2568359375,Get ready
1713362982.882956,0.68408203125,0.720947265625,0.229248046875,Get ready
1713362982.921408,0.66259765625,0.713134765625,0.2138671875,Get ready
1713362982.959177,0.715087890625,0.729736328125,0.174072265625,Get ready
1713362982.998297,0.718017578125,0.729736328125,0.19970703125,Get ready
1713362983.039897,0.653076171875,0.71826171875,0.222412109375,Get ready
1713362983.079211,0.638427734375,0.7109375,0.234619140625,Get ready
1713362983.117802,0.651611328125,0.70703125,0.21826171875,Get ready
1713362983.162851,0.66552734375,0.709716796875,0.21044921875,Get ready
1713362983.199344,0.669677734375,0.7294921875,0.233154296875,Get ready
1713362983.241588,0.665771484375,0.73486328125,0.25537109375,Get ready
1713362983.2793,0.653076171875,0.736572265625,0.25927734375,Get ready
1713362983.319105,0.639404296875,0.73486328125,0.2373046875,Get ready
1713362983.358793,0.656005859375,0.728515625,0.21875,Get ready
1713362983.396834,0.63818359375,0.73828125,0.222412109375,Get ready
1713362983.436772,0.632568359375,0.74169921875,0.22705078125,Get ready
1713362983.478586,0.64208984375,0.7490234375,0.22509765625,Get ready
1713362983.518174,0.640869140625,0.749267578125,0.234130859375,Get ready
1713362983.55754,0.654541015625,0.739501953125,0.2197265625,Get ready
1713362983.599526,0.665771484375,0.734130859375,0.231201171875,Get ready
1713362983.639674,0.659423828125,0.718017578125,0.226806640625,Get ready
1713362983.676996,0.666259765625,0.7236328125,0.2412109375,Get ready
1713362983.718933,0.656982421875,0.72900390625,0.24267578125,Get ready
1713362983.760101,0.678955078125,0.7265625,0.25,Get ready
1713362983.798896,0.663330078125,0.71728515625,0.236083984375,Get ready
1713362983.839014,0.659423828125,0.7177734375,0.2412109375,Get ready
1713362983.87988,0.672607421875,0.721435546875,0.233642578125,Get ready
1713362983.920518,0.66748046875,0.72119140625,0.236572265625,Get ready
1713362983.966306,0.67138671875,0.71630859375,0.2353515625,Get ready
1713362983.997596,0.653564453125,0.707275390625,0.242919921875,Get ready
1713362984.045028,0.641357421875,0.7138671875,0.26513671875,Get ready
1713362984.077949,0.6474609375,0.7216796875,0.265380859375,Get ready
1713362984.118344,0.657958984375,0.726806640625,0.263916015625,Get ready
1713362984.158005,0.658447265625,0.725830078125,0.272216796875,Get ready
1713362984.198226,0.66796875,0.7216796875,0.26611328125,Get ready
1713362984.239242,0.6533203125,0.7177734375,0.2490234375,Get ready
1713362984.279822,0.661865234375,0.721923828125,0.249267578125,Get ready
1713362984.320151,0.658203125,0.721923828125,0.2373046875,Get ready
1713362984.373753,0.66064453125,0.72509765625,0.23486328125,Get ready
1713362984.400472,0.654541015625,0.730712890625,0.240234375,Get ready
1713362984.439618,0.654296875,0.739013671875,0.24169921875,Get ready
1713362984.480482,0.6484375,0.732421875,0.2353515625,Get ready
1713362984.519846,0.64404296875,0.733642578125,0.244873046875,Get ready
1713362984.56085,0.63818359375,0.731201171875,0.23974609375,Get ready
1713362984.600919,0.650390625,0.734619140625,0.240478515625,Get ready
1713362984.639884,0.648681640625,0.738525390625,0.239501953125,Get ready
1713362984.681311,0.6435546875,0.736083984375,0.239013671875,Get ready
1713362984.719336,0.646484375,0.736328125,0.24609375,Get ready
1713362984.761342,0.644287109375,0.73388671875,0.24365234375,Get ready
1713362984.800174,0.642578125,0.73583984375,0.239990234375,Get ready
1713362984.841995,0.652099609375,0.739013671875,0.23876953125,Get ready
1713362984.880733,0.650146484375,0.735107421875,0.240478515625,Get ready
1713362984.948443,0.649658203125,0.731201171875,0.24072265625,Get ready
1713362984.964022,0.645263671875,0.729248046875,0.239501953125,Get ready
1713362985.00476,0.6435546875,0.731201171875,0.241455078125,Get ready
1713362985.04321,0.642578125,0.742431640625,0.244873046875,Get ready
1713362985.082588,0.6474609375,0.73876953125,0.237060546875,Get ready
1713362985.124073,0.6484375,0.7412109375,0.24169921875,Get ready
1713362985.16242,0.645263671875,0.74853515625,0.2353515625,Get ready
1713362985.220788,0.6455078125,0.742919921875,0.23486328125,Get ready
1713362985.241736,0.643798828125,0.7421875,0.233154296875,Get ready
1713362985.280748,0.648681640625,0.741455078125,0.22900390625,Get ready
1713362985.319747,0.65087890625,0.734375,0.220947265625,Get ready
1713362985.362674,0.652587890625,0.735595703125,0.2236328125,Get ready
1713362985.403908,0.647216796875,0.737548828125,0.223876953125,Get ready
1713362985.445775,0.64892578125,0.73681640625,0.222412109375,Get ready
1713362985.495105,0.640869140625,0.736328125,0.217041015625,Get ready
1713362985.520827,0.64501953125,0.742919921875,0.2216796875,Get ready
1713362985.562584,0.638916015625,0.748046875,0.23095703125,Get ready
1713362985.602456,0.640869140625,0.748046875,0.23193359375,Get ready
1713362985.649923,0.64208984375,0.75048828125,0.238525390625,Get ready
1713362985.684608,0.646484375,0.740966796875,0.228271484375,Get ready
1713362985.722994,0.64208984375,0.735595703125,0.23291015625,Get ready
1713362985.76272,0.63720703125,0.74267578125,0.233154296875,Get ready
1713362985.803371,0.640380859375,0.74072265625,0.232421875,Get ready
1713362985.846565,0.635498046875,0.740966796875,0.231201171875,Get ready
1713362985.884043,0.63720703125,0.74169921875,0.228271484375,Get ready
1713362985.925389,0.634521484375,0.747802734375,0.23779296875,Get ready
1713362985.966392,0.6337890625,0.7509765625,0.237548828125,Get ready
1713362986.011135,0.634765625,0.75537109375,0.24072265625,Get ready
1713362986.040613,0.63623046875,0.753173828125,0.23779296875,Get ready
1713362986.085897,0.630126953125,0.747314453125,0.23388671875,Get ready
1713362986.121308,0.6328125,0.744873046875,0.233154296875,Get ready
1713362986.163082,0.628662109375,0.753662109375,0.237060546875,Get ready
1713362986.203836,0.626220703125,0.75048828125,0.236083984375,Get ready
1713362986.242186,0.635009765625,0.75146484375,0.23681640625,Get ready
1713362986.281819,0.629150390625,0.755615234375,0.237060546875,Get ready
1713362986.322191,0.63134765625,0.75439453125,0.236083984375,Get ready
1713362986.362935,0.62353515625,0.756103515625,0.240234375,Get ready
1713362986.404676,0.628662109375,0.7607421875,0.242431640625,Get ready
1713362986.442889,0.624267578125,0.752197265625,0.2353515625,Get ready
1713362986.482849,0.6279296875,0.7509765625,0.2353515625,Get ready
1713362986.524956,0.630859375,0.753173828125,0.239013671875,Get ready
1713362986.565037,0.62841796875,0.752685546875,0.241455078125,Get ready
1713362986.606978,0.62646484375,0.75537109375,0.240966796875,Get ready
1713362986.646179,0.635009765625,0.75439453125,0.239501953125,Get ready
1713362986.691476,0.63134765625,0.748779296875,0.2314453125,Get ready
1713362986.721817,0.630126953125,0.751708984375,0.235595703125,Get ready
1713362986.765147,0.626953125,0.754150390625,0.240966796875,Get ready
1713362986.811255,0.6279296875,0.758056640625,0.24365234375,Get ready
1713362986.841923,0.625244140625,0.751953125,0.24072265625,Get ready
1713362986.882815,0.629150390625,0.75048828125,0.23974609375,Get ready
1713362986.92406,0.630126953125,0.75244140625,0.237548828125,Get ready
1713362986.964995,0.623779296875,0.755126953125,0.244140625,Get ready
1713362987.005768,0.631591796875,0.755126953125,0.240234375,Get ready
1713362987.045592,0.6298828125,0.751220703125,0.23486328125,Get ready
1713362987.084272,0.630126953125,0.748291015625,0.235107421875,Get ready
1713362987.124816,0.631103515625,0.75244140625,0.23681640625,Get ready
1713362987.163839,0.6357421875,0.7490234375,0.23681640625,Get ready
1713362987.203713,0.6279296875,0.749755859375,0.235107421875,Get ready
1713362987.243204,0.635986328125,0.752197265625,0.239501953125,Get ready
1713362987.282835,0.629638671875,0.7490234375,0.23876953125,Get ready
1713362987.32285,0.630859375,0.748779296875,0.23291015625,Get ready
1713362987.361771,0.62646484375,0.75146484375,0.23583984375,Get ready
1713362987.403906,0.62939453125,0.753662109375,0.23486328125,Get ready
1713362987.446715,0.63134765625,0.754638671875,0.2314453125,Get ready
1713362987.484799,0.63134765625,0.75634765625,0.23291015625,Get ready
1713362987.523076,0.63232421875,0.75390625,0.23388671875,Get ready
1713362987.565707,0.626220703125,0.756103515625,0.2353515625,Get ready
1713362987.604559,0.633056640625,0.75732421875,0.23681640625,Get ready
1713362987.646527,0.633544921875,0.750732421875,0.233154296875,Get ready
1713362987.684796,0.626708984375,0.748291015625,0.235107421875,Get ready
1713362987.723806,0.631103515625,0.748291015625,0.239501953125,Get ready
1713362987.76578,0.631591796875,0.75048828125,0.240966796875,Get ready
1713362987.805087,0.62939453125,0.748046875,0.23828125,Get ready
1713362987.84501,0.631591796875,0.756591796875,0.241943359375,Get ready
1713362987.885655,0.630615234375,0.754638671875,0.2412109375,Get ready
1713362987.923592,0.627685546875,0.75,0.240234375,Get ready
1713362987.962584,0.632568359375,0.746337890625,0.234619140625,Get ready
1713362988.002811,0.627685546875,0.7509765625,0.23681640625,Get ready
1713362988.043053,0.630126953125,0.748291015625,0.24267578125,Get ready
1713362988.084181,0.630126953125,0.7451171875,0.238037109375,Get ready
1713362988.123811,0.630126953125,0.753662109375,0.237548828125,Get ready
1713362988.163925,0.630859375,0.757568359375,0.24462890625,Get ready
1713362988.20475,0.6279296875,0.76171875,0.235107421875,Get ready
1713362988.245016,0.62646484375,0.759033203125,0.243408203125,Get ready
1713362988.285171,0.627197265625,0.751220703125,0.235595703125,Get ready
1713362988.325881,0.6328125,0.745849609375,0.226806640625,Get ready
1713362988.369695,0.63916015625,0.745361328125,0.228759765625,Get ready
1713362988.40993,0.64599609375,0.7431640625,0.228271484375,Get ready
1713362988.451093,0.63525390625,0.747802734375,0.2333984375,Get ready
1713362988.486362,0.63720703125,0.75732421875,0.23388671875,Get ready
1713362988.528051,0.649169921875,0.763671875,0.236328125,Get ready
1713362988.566906,0.654296875,0.765380859375,0.22705078125,Get ready
1713362988.609779,0.648681640625,0.77392578125,0.226806640625,Get ready
1713362988.648454,0.631103515625,0.766357421875,0.22412109375,Get ready
1713362988.690082,0.62939453125,0.737060546875,0.207275390625,Get ready
1713362988.728466,0.61083984375,0.718017578125,0.219482421875,Get ready
1713362988.771145,0.633544921875,0.709228515625,0.21630859375,Get ready
1713362988.809983,0.659423828125,0.70166015625,0.232421875,Get ready
1713362988.851801,0.641357421875,0.71875,0.271240234375,Get ready
1713362988.891142,0.670654296875,0.7119140625,0.259521484375,Get ready
1713362988.932373,0.650146484375,0.715087890625,0.265625,Get ready
1713362988.971745,0.666259765625,0.72119140625,0.253173828125,Get ready
1713362989.013524,0.6708984375,0.722900390625,0.244384765625,Get ready
1713362989.047787,0.65673828125,0.72998046875,0.243408203125,Get ready
1713362989.094248,0.6669921875,0.729736328125,0.229248046875,Get ready
1713362989.133164,0.66650390625,0.73095703125,0.21630859375,Get ready
1713362989.168485,0.675048828125,0.70068359375,0.194580078125,Get ready
1713362989.208818,0.6796875,0.691650390625,0.21484375,Get ready
1713362989.246882,0.64501953125,0.72314453125,0.2197265625,Get ready
1713362989.287174,0.638671875,0.764892578125,0.22998046875,Get ready
1713362989.326951,0.6474609375,0.77197265625,0.200439453125,Get ready
1713362989.367426,0.675048828125,0.760986328125,0.1689453125,Get ready
1713362989.406931,0.684326171875,0.7412109375,0.158935546875,Get ready
1713362989.450309,0.64404296875,0.741943359375,0.1826171875,Get ready
1713362989.488132,0.6533203125,0.731689453125,0.191650390625,Get ready
1713362989.527846,0.638671875,0.732177734375,0.18798828125,Get ready
1713362989.570925,0.65185546875,0.7451171875,0.1962890625,Get ready
1713362989.62192,0.663818359375,0.7490234375,0.1982421875,Get ready
1713362989.648786,0.648681640625,0.752685546875,0.205078125,Get ready
1713362989.690776,0.638916015625,0.753662109375,0.212646484375,Get ready
1713362989.730819,0.639892578125,0.740234375,0.204833984375,Get ready
1713362989.774226,0.64111328125,0.72998046875,0.19091796875,Get ready
1713362989.809097,0.648681640625,0.7607421875,0.203857421875,Get ready
1713362989.849734,0.647705078125,0.76318359375,0.1884765625,Get ready
1713362989.887871,0.655029296875,0.759033203125,0.184326171875,Get ready
1713362989.926831,0.63818359375,0.7421875,0.194091796875,Get ready
1713362989.96888,0.650390625,0.7392578125,0.203125,Get ready
1713362990.007249,0.65283203125,0.742431640625,0.205810546875,Get ready
1713362990.047178,0.658935546875,0.744873046875,0.208984375,Get ready
1713362990.088244,0.668212890625,0.74267578125,0.20068359375,Get ready
1713362990.128832,0.669677734375,0.728759765625,0.185546875,Get ready
1713362990.168949,0.658935546875,0.728271484375,0.190185546875,Get ready
1713362990.208788,0.651611328125,0.7294921875,0.20263671875,Get ready
1713362990.250108,0.65234375,0.73046875,0.1943359375,Get ready
1713362990.292327,0.65673828125,0.74462890625,0.1923828125,Get ready
1713362990.335688,0.6865234375,0.74853515625,0.18505859375,Get ready
1713362990.372073,0.672607421875,0.739013671875,0.1875,Get ready
1713362990.411963,0.638916015625,0.737548828125,0.20849609375,Get ready
1713362990.464291,0.640625,0.730712890625,0.217041015625,Get ready
1713362990.490647,0.6328125,0.73828125,0.216796875,Get ready
1713362990.535083,0.64306640625,0.73974609375,0.206787109375,Get ready
1713362990.568048,0.661376953125,0.754638671875,0.211669921875,Get ready
1713362990.607219,0.658447265625,0.744384765625,0.197265625,Get ready
1713362990.64784,0.653076171875,0.7412109375,0.194580078125,Get ready
1713362990.688965,0.6513671875,0.739990234375,0.205078125,Get ready
1713362990.728899,0.645751953125,0.74072265625,0.208740234375,Get ready
1713362990.770054,0.654052734375,0.7529296875,0.208251953125,Get ready
1713362990.81314,0.664306640625,0.746337890625,0.199462890625,Get ready
1713362990.854177,0.659423828125,0.742919921875,0.203369140625,Get ready
1713362990.896832,0.662841796875,0.736083984375,0.209228515625,Get ready
1713362990.929966,0.647216796875,0.7255859375,0.2099609375,Get ready
1713362990.980691,0.651123046875,0.73193359375,0.222412109375,Get ready
1713362991.013066,0.6484375,0.73388671875,0.21826171875,Get ready
1713362991.04996,0.656005859375,0.7431640625,0.218017578125,Get ready
1713362991.090956,0.652099609375,0.7421875,0.220947265625,Get ready
1713362991.133495,0.646484375,0.7451171875,0.2275390625,Get ready
1713362991.174088,0.6435546875,0.74365234375,0.226806640625,Get ready
1713362991.209142,0.648681640625,0.750732421875,0.228759765625,Get ready
1713362991.248761,0.657470703125,0.745361328125,0.2197265625,Get ready
1713362991.28944,0.660400390625,0.739013671875,0.212646484375,Get ready
1713362991.33042,0.64501953125,0.734375,0.21826171875,Get ready
1713362991.367805,0.6416015625,0.74267578125,0.226806640625,Get ready
1713362991.40896,0.651611328125,0.73828125,0.23583984375,Get ready
1713362991.449777,0.64404296875,0.74267578125,0.22998046875,Get ready
1713362991.488786,0.648193359375,0.742431640625,0.231201171875,Get ready
1713362991.529746,0.64404296875,0.734130859375,0.238037109375,Get ready
1713362991.571236,0.63818359375,0.740234375,0.238037109375,Get ready
1713362991.60973,0.648681640625,0.738037109375,0.237548828125,Get ready
1713362991.650011,0.648681640625,0.737060546875,0.236083984375,Get ready
1713362991.692093,0.649658203125,0.733642578125,0.228271484375,Get ready
1713362991.731022,0.656005859375,0.737548828125,0.227783203125,Get ready
1713362991.77454,0.6591796875,0.734130859375,0.217529296875,Get ready
1713362991.809906,0.648193359375,0.744873046875,0.229736328125,Get ready
1713362991.860274,0.6474609375,0.743896484375,0.230224609375,Get ready
1713362991.892229,0.644775390625,0.72802734375,0.2177734375,Get ready
1713362991.930499,0.630859375,0.732177734375,0.23876953125,Get ready
1713362991.967961,0.62109375,0.7373046875,0.243408203125,Get ready
1713362992.009896,0.630126953125,0.736083984375,0.237548828125,Get ready
1713362992.052688,0.6484375,0.742919921875,0.231689453125,Get ready
1713362992.091583,0.639892578125,0.7431640625,0.22900390625,Get ready
1713362992.128949,0.642822265625,0.75244140625,0.23486328125,Get ready
1713362992.168969,0.637939453125,0.74365234375,0.23193359375,Get ready
1713362992.208787,0.65185546875,0.747314453125,0.22412109375,Get ready
1713362992.24887,0.640380859375,0.749755859375,0.226806640625,Get ready
1713362992.295488,0.6494140625,0.7490234375,0.21923828125,Get ready
1713362992.330405,0.651123046875,0.746337890625,0.2294921875,Get ready
1713362992.380543,0.64404296875,0.744384765625,0.227783203125,Get ready
1713362992.416278,0.643798828125,0.740234375,0.238525390625,Get ready
1713362992.453421,0.635009765625,0.737548828125,0.244140625,Get ready
1713362992.490422,0.6484375,0.7353515625,0.24267578125,Get ready
1713362992.527751,0.6474609375,0.73486328125,0.23974609375,Get ready
1713362992.568521,0.6484375,0.734375,0.238037109375,Get ready
1713362992.60931,0.649658203125,0.7373046875,0.23193359375,Get ready
1713362992.649985,0.653076171875,0.745849609375,0.23486328125,Get ready
1713362992.689278,0.649658203125,0.74072265625,0.234619140625,Get ready
1713362992.731875,0.65234375,0.7373046875,0.235595703125,Get ready
1713362992.769763,0.651123046875,0.739501953125,0.23095703125,Get ready
1713362992.815679,0.650390625,0.73828125,0.23291015625,Get ready
1713362992.852066,0.64501953125,0.7392578125,0.229248046875,Get ready
1713362992.891532,0.641845703125,0.735595703125,0.23388671875,Get ready
1713362992.930826,0.638671875,0.740966796875,0.23828125,Get ready
1713362992.976506,0.640869140625,0.744384765625,0.232177734375,Get ready
1713362993.019626,0.641845703125,0.749755859375,0.229248046875,Get ready
1713362993.057406,0.63720703125,0.751220703125,0.234619140625,Get ready
1713362993.094861,0.6357421875,0.746826171875,0.229736328125,Get ready
1713362993.132997,0.6357421875,0.7431640625,0.232177734375,Get ready
1713362993.170202,0.631103515625,0.74609375,0.232177734375,Get ready
1713362993.209419,0.63623046875,0.750732421875,0.235107421875,Get ready
1713362993.256566,0.638427734375,0.748046875,0.231201171875,Get ready
1713362993.295192,0.639404296875,0.7529296875,0.23681640625,Get ready
1713362993.330964,0.63818359375,0.754638671875,0.237060546875,Get ready
1713362993.372401,0.633056640625,0.7490234375,0.234375,Get ready
1713362993.41078,0.638916015625,0.7490234375,0.234619140625,Get ready
1713362993.450891,0.6328125,0.75146484375,0.236328125,Get ready
1713362993.490699,0.63525390625,0.7490234375,0.236328125,Get ready
1713362993.53098,0.634765625,0.74755859375,0.233154296875,Get ready
1713362993.571628,0.634521484375,0.747314453125,0.234375,Get ready
1713362993.611783,0.6298828125,0.749755859375,0.235595703125,Get ready
1713362993.655938,0.63720703125,0.746337890625,0.23095703125,Get ready
1713362993.692642,0.636962890625,0.75146484375,0.227783203125,Get ready
1713362993.731804,0.639892578125,0.748046875,0.22412109375,Get ready
1713362993.771459,0.636962890625,0.74609375,0.22119140625,Get ready
1713362993.821564,0.637451171875,0.74609375,0.222412109375,Get ready
1713362993.849777,0.6416015625,0.747802734375,0.21875,Get ready
1713362993.896522,0.63671875,0.74658203125,0.2158203125,Get ready
1713362993.934949,0.6416015625,0.748779296875,0.2099609375,Get ready
1713362993.973463,0.64208984375,0.746826171875,0.20849609375,Get ready
1713362994.013553,0.640380859375,0.7490234375,0.21337890625,Get ready
1713362994.051711,0.6396484375,0.7548828125,0.213623046875,Get ready
1713362994.093342,0.642333984375,0.752685546875,0.21435546875,Get ready
1713362994.133505,0.6396484375,0.749755859375,0.21826171875,Get ready
1713362994.174107,0.644775390625,0.751220703125,0.216552734375,Get ready
1713362994.213124,0.63720703125,0.754638671875,0.215087890625,Get ready
1713362994.253751,0.63720703125,0.7490234375,0.210205078125,Get ready
1713362994.295903,0.640869140625,0.74951171875,0.20703125,Get ready
1713362994.333445,0.639404296875,0.751220703125,0.211181640625,Get ready
1713362994.375886,0.6337890625,0.757080078125,0.213623046875,Get ready
1713362994.412718,0.645263671875,0.7548828125,0.211181640625,Get ready
1713362994.452202,0.63623046875,0.754638671875,0.20654296875,Get ready
1713362994.492633,0.64111328125,0.75732421875,0.212890625,Get ready
1713362994.532966,0.6318359375,0.75341796875,0.21044921875,Get ready
1713362994.572876,0.6376953125,0.750244140625,0.212646484375,Get ready
1713362994.614024,0.6357421875,0.75146484375,0.21142578125,Get ready
1713362994.655086,0.625,0.7646484375,0.210205078125,Get ready
1713362994.697096,0.6328125,0.75634765625,0.21435546875,Get ready
1713362994.734935,0.63134765625,0.75927734375,0.21533203125,Get ready
1713362994.773966,0.630859375,0.756591796875,0.215576171875,Get ready
1713362994.813886,0.630859375,0.759765625,0.217041015625,Get ready
1713362994.853771,0.6337890625,0.755615234375,0.217041015625,Get ready
1713362994.894983,0.629638671875,0.75439453125,0.21337890625,Get ready
1713362994.937583,0.633056640625,0.74755859375,0.211181640625,Get ready
1713362994.976438,0.629150390625,0.75390625,0.217041015625,Get ready
1713362995.015914,0.63818359375,0.760009765625,0.21533203125,Get ready
1713362995.055013,0.6298828125,0.7529296875,0.21044921875,Get ready
1713362995.093761,0.634033203125,0.751953125,0.210205078125,Get ready
1713362995.139539,0.6337890625,0.756591796875,0.21435546875,Get ready
1713362995.174219,0.63427734375,0.754638671875,0.21435546875,Get ready
1713362995.217078,0.63134765625,0.7548828125,0.21337890625,Get ready
1713362995.254242,0.6328125,0.76025390625,0.21923828125,Get ready
1713362995.295041,0.63330078125,0.7568359375,0.2138671875,Get ready
1713362995.334706,0.6337890625,0.753173828125,0.21142578125,Get ready
1713362995.381588,0.63330078125,0.7548828125,0.216064453125,Get ready
1713362995.416697,0.632568359375,0.75537109375,0.214111328125,Get ready
1713362995.46829,0.633056640625,0.755615234375,0.212158203125,Get ready
1713362995.496819,0.632568359375,0.7548828125,0.2099609375,Get ready
1713362995.546313,0.6298828125,0.756591796875,0.21044921875,Get ready
1713362995.575736,0.63330078125,0.75732421875,0.211669921875,Get ready
1713362995.625064,0.635498046875,0.756591796875,0.212890625,Get ready
1713362995.663089,0.6328125,0.7578125,0.215576171875,Get ready
1713362995.702954,0.634765625,0.756103515625,0.2177734375,Get ready
1713362995.736296,0.629150390625,0.7568359375,0.214599609375,Get ready
1713362995.77767,0.63330078125,0.7529296875,0.21435546875,Get ready
1713362995.814881,0.627197265625,0.759521484375,0.21484375,Get ready
1713362995.856084,0.634765625,0.762451171875,0.220458984375,Get ready
1713362995.89468,0.631103515625,0.758544921875,0.210205078125,Get ready
1713362995.948069,0.630615234375,0.75,0.2099609375,Get ready
1713362995.975339,0.634521484375,0.7548828125,0.218017578125,Get ready
1713362996.026483,0.63134765625,0.758544921875,0.2197265625,Get ready
1713362996.05581,0.632080078125,0.753173828125,0.213623046875,Get ready
1713362996.097501,0.630859375,0.759033203125,0.216552734375,Get ready
1713362996.144903,0.632080078125,0.7607421875,0.219482421875,Get ready
1713362996.180818,0.623779296875,0.755126953125,0.216552734375,Get ready
1713362996.22398,0.626220703125,0.7587890625,0.21923828125,Get ready
1713362996.264113,0.629150390625,0.76171875,0.220947265625,Get ready
1713362996.303574,0.625244140625,0.7626953125,0.218994140625,Get ready
1713362996.346577,0.62939453125,0.763671875,0.21728515625,Get ready
1713362996.379085,0.624267578125,0.760009765625,0.2158203125,Get ready
1713362996.429957,0.6416015625,0.7548828125,0.21240234375,Get ready
1713362996.459431,0.627197265625,0.75634765625,0.2099609375,Get ready
1713362996.49613,0.627197265625,0.759765625,0.2119140625,Get ready
1713362996.537567,0.62890625,0.758544921875,0.21337890625,Get ready
1713362996.586675,0.632568359375,0.759765625,0.216064453125,Get ready
1713362996.615901,0.633056640625,0.7509765625,0.21142578125,Get ready
1713362996.665958,0.63427734375,0.75830078125,0.213134765625,Get ready
1713362996.703074,0.6337890625,0.7626953125,0.21533203125,Get ready
1713362996.737216,0.634033203125,0.7568359375,0.21728515625,Get ready
1713362996.782878,0.63134765625,0.753173828125,0.207275390625,Get ready
1713362996.82216,0.62841796875,0.75341796875,0.21435546875,Get ready
1713362996.862964,0.625244140625,0.761962890625,0.218505859375,Get ready
1713362996.905277,0.630859375,0.75927734375,0.2216796875,Get ready
1713362996.942483,0.63134765625,0.7578125,0.21142578125,Get ready
1713362996.982665,0.6357421875,0.75927734375,0.212158203125,Get ready
1713362997.018115,0.62939453125,0.75537109375,0.210693359375,Get ready
1713362997.056788,0.62939453125,0.7509765625,0.2119140625,Get ready
1713362997.095942,0.627685546875,0.756591796875,0.21630859375,Get ready
1713362997.136144,0.631591796875,0.760498046875,0.21435546875,Get ready
1713362997.175951,0.63330078125,0.760498046875,0.2119140625,Get ready
1713362997.226474,0.629638671875,0.7587890625,0.2109375,Get ready
1713362997.255986,0.633056640625,0.760986328125,0.213623046875,Get ready
1713362997.307443,0.63037109375,0.762451171875,0.210693359375,Get ready
1713362997.336762,0.6298828125,0.75732421875,0.21484375,Get ready
1713362997.385199,0.626708984375,0.7578125,0.220703125,Get ready
1713362997.423652,0.626708984375,0.75439453125,0.2177734375,Get ready
1713362997.463496,0.63330078125,0.754150390625,0.2177734375,Get ready
1713362997.502371,0.625244140625,0.75732421875,0.22119140625,Get ready
1713362997.537744,0.63134765625,0.757568359375,0.218994140625,Get ready
1713362997.581982,0.6259765625,0.7568359375,0.217041015625,Get ready
1713362997.618894,0.628662109375,0.75634765625,0.2197265625,Get ready
1713362997.658035,0.626953125,0.75390625,0.21923828125,Get ready
1713362997.699648,0.631103515625,0.7587890625,0.220458984375,Get ready
1713362997.738976,0.626953125,0.760498046875,0.2197265625,Get ready
1713362997.778932,0.6337890625,0.76025390625,0.22119140625,Get ready
1713362997.816531,0.629638671875,0.75439453125,0.217529296875,Get ready
1713362997.856364,0.62939453125,0.7548828125,0.215087890625,Get ready
1713362997.896775,0.624267578125,0.758544921875,0.218994140625,Get ready
1713362997.937193,0.62890625,0.75634765625,0.21923828125,Get ready
1713362997.976686,0.626953125,0.760498046875,0.220703125,Get ready
1713362998.019609,0.627197265625,0.760986328125,0.21826171875,Get ready
1713362998.059076,0.63037109375,0.76171875,0.215576171875,Get ready
1713362998.098603,0.62890625,0.761962890625,0.21826171875,Get ready
1713362998.140625,0.6259765625,0.759033203125,0.21826171875,Get ready
1713362998.182367,0.625244140625,0.757080078125,0.224609375,Get ready
1713362998.22085,0.630615234375,0.75732421875,0.221923828125,Get ready
1713362998.259337,0.625732421875,0.756591796875,0.219482421875,Get ready
1713362998.299182,0.630615234375,0.752685546875,0.216064453125,Get ready
1713362998.339574,0.628173828125,0.759521484375,0.22119140625,Get ready
1713362998.378221,0.63232421875,0.76220703125,0.22314453125,Get ready
1713362998.416037,0.624755859375,0.758544921875,0.2197265625,Get ready
1713362998.457069,0.625732421875,0.754150390625,0.21875,Get ready
1713362998.496317,0.626708984375,0.755859375,0.22265625,Get ready
1713362998.537043,0.629638671875,0.760009765625,0.224853515625,Get ready
1713362998.578491,0.63037109375,0.759765625,0.22265625,Get ready
1713362998.617814,0.62353515625,0.75830078125,0.223876953125,Get ready
1713362998.657919,0.631591796875,0.762939453125,0.228759765625,Get ready
1713362998.697944,0.627685546875,0.754150390625,0.216552734375,Get ready
1713362998.737674,0.628662109375,0.757568359375,0.223388671875,Get ready
1713362998.777679,0.627685546875,0.761474609375,0.22705078125,Get ready
1713362998.818413,0.62744140625,0.75927734375,0.218505859375,Get ready
1713362998.857727,0.6259765625,0.758544921875,0.221435546875,Get ready
1713362998.900452,0.621337890625,0.76123046875,0.226806640625,Get ready
1713362998.939105,0.61474609375,0.732421875,0.212158203125,Get ready
1713362998.977952,0.620849609375,0.75830078125,0.223876953125,Get ready
1713362999.017482,0.62255859375,0.75732421875,0.223876953125,Get ready
1713362999.056081,0.626220703125,0.755859375,0.229248046875,Get ready
1713362999.096172,0.62353515625,0.759033203125,0.225830078125,Get ready
1713362999.13798,0.627197265625,0.758544921875,0.22265625,Get ready
1713362999.178897,0.627197265625,0.756591796875,0.215087890625,Get ready
1713362999.219725,0.626953125,0.76171875,0.21826171875,Get ready
1713362999.26012,0.628173828125,0.76220703125,0.220947265625,Get ready
1713362999.300865,0.6259765625,0.759033203125,0.21533203125,Get ready
1713362999.341028,0.625732421875,0.754638671875,0.217041015625,Get ready
1713362999.388421,0.621826171875,0.7578125,0.226806640625,Get ready
1713362999.419073,0.626953125,0.76123046875,0.226806640625,Get ready
1713362999.45904,0.632080078125,0.760986328125,0.225830078125,Get ready
1713362999.499968,0.627685546875,0.757080078125,0.221435546875,Get ready
1713362999.53949,0.626953125,0.76025390625,0.224609375,Get ready
1713362999.578153,0.62744140625,0.75732421875,0.22607421875,Get ready
1713362999.620138,0.62646484375,0.754638671875,0.220458984375,Get ready
1713362999.659007,0.624267578125,0.76025390625,0.2216796875,Get ready
1713362999.695734,0.627197265625,0.75732421875,0.22998046875,Get ready
1713362999.738597,0.62548828125,0.7607421875,0.222412109375,Get ready
1713362999.7768,0.6123046875,0.757080078125,0.234130859375,Get ready
1713362999.816891,0.622314453125,0.76171875,0.2314453125,Get ready
1713362999.85842,0.613037109375,0.760498046875,0.2412109375,Get ready
1713362999.898005,0.627685546875,0.7607421875,0.236572265625,Get ready
1713362999.937623,0.629150390625,0.762451171875,0.234619140625,Get ready
1713362999.979795,0.605712890625,0.750244140625,0.22021484375,Get ready
1713363000.019329,0.64404296875,0.761962890625,0.228271484375,Get ready
1713363000.060976,0.609130859375,0.763427734375,0.24951171875,Get ready
1713363000.101003,0.625,0.765380859375,0.2236328125,Get ready
1713363000.138996,0.621337890625,0.767333984375,0.229736328125,Get ready
1713363000.179093,0.6171875,0.76171875,0.222412109375,Get ready
1713363000.219722,0.61962890625,0.754638671875,0.220947265625,Get ready
1713363000.259655,0.614013671875,0.76513671875,0.228271484375,Get ready
1713363000.298671,0.624755859375,0.767822265625,0.228515625,Get ready
1713363000.338376,0.62841796875,0.764404296875,0.22705078125,Get ready
1713363000.378284,0.626220703125,0.763671875,0.228271484375,Get ready
1713363000.417904,0.62255859375,0.764892578125,0.2275390625,Get ready
1713363000.459235,0.622314453125,0.75537109375,0.218505859375,Get ready
1713363000.498273,0.626953125,0.75634765625,0.22216796875,Get ready
1713363000.551286,0.623779296875,0.759033203125,0.224609375,Get ready
1713363000.579169,0.623779296875,0.762451171875,0.223388671875,Get ready
1713363000.619027,0.621337890625,0.760498046875,0.219970703125,Get ready
1713363000.659868,0.6259765625,0.761962890625,0.219970703125,Get ready
1713363000.700869,0.624267578125,0.759521484375,0.221923828125,Get ready
1713363000.739816,0.62451171875,0.763916015625,0.222900390625,Get ready
1713363000.78168,0.62353515625,0.76025390625,0.22705078125,Get ready
1713363000.82102,0.621826171875,0.759765625,0.223876953125,Get ready
1713363000.864006,0.620361328125,0.75634765625,0.21728515625,Get ready
1713363000.903157,0.6220703125,0.77734375,0.21044921875,Get ready
1713363000.938723,0.638916015625,0.76416015625,0.213623046875,Get ready
1713363000.97912,0.614990234375,0.7568359375,0.222412109375,Get ready
1713363001.018457,0.626220703125,0.759765625,0.22705078125,Get ready
1713363001.058858,0.606689453125,0.764404296875,0.257080078125,Get ready
1713363001.098716,0.61474609375,0.76171875,0.235107421875,Get ready
1713363001.141496,0.62451171875,0.759765625,0.2353515625,Get ready
1713363001.179872,0.622802734375,0.75390625,0.226318359375,Get ready
1713363001.220388,0.62451171875,0.75927734375,0.23046875,Get ready
1713363001.259806,0.617919921875,0.75927734375,0.23779296875,Get ready
1713363001.301389,0.62158203125,0.763916015625,0.24072265625,Get ready
1713363001.340735,0.61669921875,0.76025390625,0.24072265625,Get ready
1713363001.380793,0.620849609375,0.7587890625,0.237548828125,Get ready
1713363001.420791,0.615478515625,0.759521484375,0.238037109375,Get ready
1713363001.461164,0.617919921875,0.761474609375,0.23779296875,Get ready
1713363001.501,0.6201171875,0.762451171875,0.253662109375,Get ready
1713363001.541852,0.624755859375,0.7587890625,0.245849609375,Get ready
1713363001.580788,0.61669921875,0.7607421875,0.22705078125,Get ready
1713363001.622604,0.619384765625,0.75927734375,0.23291015625,Get ready
1713363001.662015,0.625,0.7578125,0.232666015625,Get ready
1713363001.703552,0.606689453125,0.755615234375,0.232177734375,Get ready
1713363001.74375,0.631103515625,0.7646484375,0.227294921875,Get ready
1713363001.780116,0.619140625,0.7568359375,0.229736328125,Get ready
1713363001.825206,0.620361328125,0.758544921875,0.229248046875,Get ready
1713363001.868094,0.614990234375,0.7646484375,0.23583984375,Get ready
1713363001.908434,0.619873046875,0.761962890625,0.236572265625,Get ready
1713363001.942492,0.6171875,0.759521484375,0.23193359375,Get ready
1713363001.981787,0.622314453125,0.761962890625,0.236572265625,Get ready
1713363002.02264,0.62158203125,0.760009765625,0.229736328125,Get ready
1713363002.062411,0.62109375,0.756103515625,0.230224609375,Get ready
1713363002.103627,0.620361328125,0.757080078125,0.2333984375,Get ready
1713363002.143228,0.622314453125,0.763916015625,0.231201171875,Get ready
1713363002.185492,0.621337890625,0.761962890625,0.23193359375,Get ready
1713363002.224591,0.622802734375,0.76025390625,0.22998046875,Get ready
1713363002.266942,0.62255859375,0.75927734375,0.230224609375,Get ready
1713363002.300752,0.62353515625,0.759765625,0.232666015625,Get ready
1713363002.341231,0.619873046875,0.760986328125,0.23388671875,Get ready
1713363002.381886,0.622802734375,0.761474609375,0.234375,Get ready
1713363002.423502,0.618408203125,0.7587890625,0.233154296875,Get ready
1713363002.463186,0.624267578125,0.7578125,0.23291015625,Get ready
1713363002.504292,0.619384765625,0.762451171875,0.23388671875,Get ready
1713363002.545166,0.623291015625,0.763671875,0.2333984375,Get ready
1713363002.583101,0.621826171875,0.75732421875,0.227294921875,Get ready
1713363002.624686,0.620849609375,0.7587890625,0.23046875,Get ready
1713363002.66451,0.619873046875,0.759033203125,0.233154296875,Get ready
1713363002.704123,0.620849609375,0.759521484375,0.234619140625,Get ready
1713363002.745208,0.618896484375,0.75927734375,0.233642578125,Get ready
1713363002.784098,0.624267578125,0.762451171875,0.238525390625,Get ready
1713363002.824046,0.621337890625,0.760498046875,0.233154296875,Get ready
1713363002.866238,0.618896484375,0.76220703125,0.234375,Get ready
1713363002.903706,0.620849609375,0.759765625,0.23388671875,Get ready
1713363002.9448,0.61669921875,0.762939453125,0.23583984375,Get ready
1713363002.985521,0.6171875,0.76513671875,0.236083984375,Get ready
1713363003.027402,0.619384765625,0.764892578125,0.236083984375,Mouth closed
1713363003.069485,0.61865234375,0.767333984375,0.23291015625,Mouth closed
1713363003.111279,0.61376953125,0.761962890625,0.2333984375,Mouth closed
1713363003.143419,0.6171875,0.763427734375,0.235107421875,Mouth closed
1713363003.186666,0.61572265625,0.76220703125,0.2314453125,Mouth closed
1713363003.224418,0.623779296875,0.76220703125,0.233642578125,Mouth closed
1713363003.271061,0.624267578125,0.756591796875,0.22705078125,Mouth closed
1713363003.306569,0.623779296875,0.7646484375,0.228759765625,Mouth closed
1713363003.344629,0.62158203125,0.769775390625,0.2314453125,Mouth closed
1713363003.385621,0.62109375,0.76025390625,0.227294921875,Mouth closed
1713363003.426666,0.61962890625,0.757080078125,0.228271484375,Mouth closed
1713363003.467362,0.618896484375,0.76318359375,0.232666015625,Mouth closed
1713363003.51069,0.61669921875,0.763671875,0.237548828125,Mouth closed
1713363003.544816,0.623291015625,0.76708984375,0.23681640625,Mouth closed
1713363003.584419,0.61767578125,0.75830078125,0.23388671875,Mouth closed
1713363003.623893,0.624755859375,0.762451171875,0.2333984375,Mouth closed
1713363003.663835,0.616943359375,0.760498046875,0.23193359375,Mouth closed
1713363003.70786,0.61865234375,0.7587890625,0.2294921875,Mouth closed
1713363003.744964,0.618896484375,0.760009765625,0.234619140625,Mouth closed
1713363003.786104,0.618408203125,0.765869140625,0.236572265625,Mouth closed
1713363003.825041,0.62255859375,0.760986328125,0.2294921875,Mouth closed
1713363003.864611,0.62060546875,0.76171875,0.23193359375,Mouth closed
1713363003.904773,0.62255859375,0.7607421875,0.231201171875,Mouth closed
1713363003.947533,0.62109375,0.763427734375,0.234619140625,Mouth closed
1713363003.987893,0.62109375,0.757080078125,0.232666015625,Mouth closed
1713363004.031052,0.618408203125,0.758056640625,0.23193359375,Mouth closed
1713363004.066453,0.6181640625,0.7568359375,0.23291015625,Mouth closed
1713363004.10701,0.61767578125,0.762939453125,0.2333984375,Mouth closed
1713363004.14806,0.61865234375,0.764404296875,0.234375,Mouth closed
1713363004.18576,0.622314453125,0.762939453125,0.2353515625,Mouth closed
1713363004.227019,0.61865234375,0.762451171875,0.232421875,Mouth closed
1713363004.265844,0.61669921875,0.761962890625,0.234130859375,Mouth closed
1713363004.304876,0.617431640625,0.761962890625,0.23779296875,Mouth closed
1713363004.344784,0.624755859375,0.7626953125,0.23681640625,Mouth closed
1713363004.384789,0.618408203125,0.759521484375,0.23583984375,Mouth closed
1713363004.426229,0.622802734375,0.760498046875,0.23876953125,Mouth closed
1713363004.469394,0.6201171875,0.75830078125,0.231201171875,Mouth closed
1713363004.512343,0.621826171875,0.759521484375,0.23486328125,Mouth closed
1713363004.556946,0.617919921875,0.762451171875,0.236328125,Mouth closed
1713363004.58712,0.620361328125,0.761474609375,0.232666015625,Mouth closed
1713363004.625813,0.622802734375,0.7587890625,0.23291015625,Mouth closed
1713363004.666079,0.62109375,0.760498046875,0.234619140625,Mouth closed
1713363004.710001,0.6201171875,0.761962890625,0.2333984375,Mouth closed
1713363004.747166,0.6201171875,0.76318359375,0.234619140625,Mouth closed
1713363004.788248,0.619140625,0.757080078125,0.23291015625,Mouth closed
1713363004.829901,0.62060546875,0.7607421875,0.236328125,Mouth closed
1713363004.866796,0.622314453125,0.7607421875,0.23095703125,Mouth closed
1713363004.905872,0.62744140625,0.760009765625,0.227783203125,Mouth closed
1713363004.947584,0.623779296875,0.75927734375,0.2275390625,Mouth closed
1713363004.995685,0.623046875,0.7607421875,0.228271484375,Mouth closed
1713363005.02659,0.619140625,0.762939453125,0.2314453125,Mouth closed
1713363005.066947,0.620361328125,0.761474609375,0.228515625,Mouth closed
1713363005.107905,0.62109375,0.76171875,0.22900390625,Mouth closed
1713363005.150906,0.62255859375,0.758544921875,0.232177734375,Mouth closed
1713363005.191662,0.622314453125,0.7607421875,0.234375,Mouth closed
1713363005.228511,0.625,0.760498046875,0.238037109375,Mouth closed
1713363005.270422,0.621337890625,0.75927734375,0.236572265625,Mouth closed
1713363005.308626,0.623291015625,0.759765625,0.233642578125,Mouth closed
1713363005.349793,0.624267578125,0.7548828125,0.230224609375,Mouth closed
1713363005.388795,0.626220703125,0.7568359375,0.22900390625,Mouth closed
1713363005.42894,0.621337890625,0.7587890625,0.23291015625,Mouth closed
1713363005.469586,0.622802734375,0.760498046875,0.232421875,Mouth closed
1713363005.513061,0.625732421875,0.7587890625,0.23291015625,Mouth closed
1713363005.548658,0.623779296875,0.762939453125,0.2333984375,Mouth closed
1713363005.590304,0.62255859375,0.7626953125,0.234375,Mouth closed
1713363005.631703,0.619384765625,0.7626953125,0.235595703125,Mouth closed
1713363005.672255,0.61767578125,0.758056640625,0.237060546875,Mouth closed
1713363005.708052,0.620361328125,0.759765625,0.233642578125,Mouth closed
1713363005.75927,0.617919921875,0.759033203125,0.235595703125,Mouth closed
1713363005.788047,0.621826171875,0.763916015625,0.233154296875,Mouth closed
1713363005.834525,0.622802734375,0.7646484375,0.2333984375,Mouth closed
1713363005.869203,0.616455078125,0.757568359375,0.232177734375,Mouth closed
1713363005.910449,0.620361328125,0.76025390625,0.236572265625,Mouth closed
1713363005.953108,0.616455078125,0.763427734375,0.23583984375,Mouth closed
1713363005.989974,0.625,0.762451171875,0.234375,Mouth closed
1713363006.030984,0.61865234375,0.75927734375,0.23291015625,Mouth closed
1713363006.071407,0.620849609375,0.762451171875,0.235595703125,Mouth closed
1713363006.124178,0.617431640625,0.759521484375,0.23828125,Mouth closed
1713363006.153906,0.619873046875,0.7607421875,0.23876953125,Mouth closed
1713363006.196161,0.615234375,0.761962890625,0.2333984375,Mouth closed
1713363006.229099,0.623779296875,0.763671875,0.2353515625,Mouth closed
1713363006.282607,0.621826171875,0.762451171875,0.23486328125,Mouth closed
1713363006.309993,0.619140625,0.75537109375,0.23046875,Mouth closed
1713363006.35136,0.619140625,0.75830078125,0.2333984375,Mouth closed
1713363006.391356,0.620361328125,0.76171875,0.23583984375,Mouth closed
1713363006.428618,0.6171875,0.761474609375,0.2333984375,Mouth closed
1713363006.469641,0.619873046875,0.761962890625,0.234619140625,Mouth closed
1713363006.50978,0.621337890625,0.76171875,0.23046875,Mouth closed
1713363006.549768,0.62060546875,0.763916015625,0.23583984375,Mouth closed
1713363006.591734,0.621337890625,0.762451171875,0.239013671875,Mouth closed
1713363006.63191,0.61669921875,0.761474609375,0.24072265625,Mouth closed
1713363006.671527,0.6123046875,0.758544921875,0.239501953125,Mouth closed
1713363006.711008,0.61279296875,0.760498046875,0.236572265625,Mouth closed
1713363006.751214,0.6220703125,0.7646484375,0.2392578125,Mouth closed
1713363006.791621,0.61962890625,0.76513671875,0.237060546875,Mouth closed
1713363006.832903,0.618408203125,0.76513671875,0.233154296875,Mouth closed
1713363006.871241,0.618896484375,0.75927734375,0.23095703125,Mouth closed
1713363006.909562,0.616455078125,0.756103515625,0.231201171875,Mouth closed
1713363006.952856,0.61572265625,0.763427734375,0.23388671875,Mouth closed
1713363006.987614,0.618896484375,0.764892578125,0.232177734375,Mouth closed
1713363007.030517,0.617431640625,0.76220703125,0.229736328125,Mouth closed
1713363007.071841,0.62060546875,0.761474609375,0.235595703125,Mouth closed
1713363007.108598,0.615966796875,0.7607421875,0.232666015625,Mouth closed
1713363007.150299,0.61376953125,0.76318359375,0.235595703125,Mouth closed
1713363007.190234,0.6171875,0.762451171875,0.23486328125,Mouth closed
1713363007.230704,0.6171875,0.763671875,0.236572265625,Mouth closed
1713363007.270179,0.616943359375,0.76318359375,0.23486328125,Mouth closed
1713363007.309811,0.619140625,0.7646484375,0.232666015625,Mouth closed
1713363007.352079,0.621337890625,0.7626953125,0.23046875,Mouth closed
1713363007.39435,0.62060546875,0.760009765625,0.232177734375,Mouth closed
1713363007.434464,0.62060546875,0.7607421875,0.236572265625,Mouth closed
1713363007.478695,0.617431640625,0.7626953125,0.23583984375,Mouth closed
1713363007.510478,0.62255859375,0.760009765625,0.232666015625,Mouth closed
1713363007.547597,0.6201171875,0.75732421875,0.2294921875,Mouth closed
1713363007.590348,0.625244140625,0.75732421875,0.230712890625,Mouth closed
1713363007.631149,0.617431640625,0.76025390625,0.23388671875,Mouth closed
1713363007.672077,0.620849609375,0.763427734375,0.232177734375,Mouth closed
1713363007.715527,0.619140625,0.759765625,0.23193359375,Mouth closed
1713363007.749619,0.621337890625,0.759765625,0.23193359375,Mouth closed
1713363007.790625,0.617431640625,0.760498046875,0.239501953125,Mouth closed
1713363007.831298,0.62158203125,0.75927734375,0.237060546875,Mouth closed
1713363007.87079,0.621337890625,0.7607421875,0.23681640625,Mouth closed
1713363007.91336,0.62060546875,0.76318359375,0.2353515625,Mouth closed
1713363007.951597,0.621826171875,0.759765625,0.2333984375,Mouth closed
1713363007.991783,0.618408203125,0.7578125,0.23486328125,Mouth closed
1713363008.032264,0.62109375,0.759765625,0.23583984375,Mouth closed
1713363008.072275,0.6181640625,0.7607421875,0.235595703125,Mouth closed
1713363008.112244,0.619873046875,0.763916015625,0.232177734375,Mouth closed
1713363008.155006,0.62109375,0.760009765625,0.230712890625,Mouth closed
1713363008.196531,0.6220703125,0.76318359375,0.232177734375,Mouth closed
1713363008.241443,0.621826171875,0.75830078125,0.232666015625,Mouth closed
1713363008.269615,0.620849609375,0.760986328125,0.235595703125,Mouth closed
1713363008.31347,0.6181640625,0.76025390625,0.2353515625,Mouth closed
1713363008.355214,0.620849609375,0.758056640625,0.239013671875,Mouth closed
1713363008.391034,0.618408203125,0.7607421875,0.234375,Mouth closed
1713363008.430807,0.625732421875,0.759765625,0.2314453125,Mouth closed
1713363008.473914,0.619384765625,0.75732421875,0.228759765625,Mouth closed
1713363008.512521,0.6181640625,0.763427734375,0.234375,Mouth closed
1713363008.555735,0.6201171875,0.763427734375,0.236328125,Mouth closed
1713363008.599124,0.6171875,0.761962890625,0.234130859375,Mouth closed
1713363008.633009,0.61865234375,0.755859375,0.233154296875,Mouth closed
1713363008.686765,0.620361328125,0.75927734375,0.2373046875,Mouth closed
1713363008.714115,0.617919921875,0.764404296875,0.24169921875,Mouth closed
1713363008.759496,0.61962890625,0.760986328125,0.23828125,Mouth closed
1713363008.79503,0.614990234375,0.76220703125,0.240234375,Mouth closed
1713363008.832414,0.62158203125,0.766357421875,0.240478515625,Mouth closed
1713363008.870621,0.619873046875,0.76220703125,0.237060546875,Mouth closed
1713363008.911698,0.6162109375,0.760986328125,0.235595703125,Mouth closed
1713363008.950574,0.61572265625,0.764404296875,0.237548828125,Mouth closed
1713363008.993611,0.6162109375,0.766357421875,0.24072265625,Mouth closed
1713363009.036535,0.61376953125,0.764404296875,0.238525390625,Mouth closed
1713363009.077914,0.613525390625,0.76513671875,0.23681640625,Mouth closed
1713363009.12367,0.616943359375,0.7666015625,0.238037109375,Mouth closed
1713363009.151599,0.616943359375,0.76171875,0.2373046875,Mouth closed
1713363009.196378,0.61474609375,0.7626953125,0.23876953125,Mouth closed
1713363009.232843,0.61572265625,0.765869140625,0.240478515625,Mouth closed
1713363009.273006,0.614990234375,0.762939453125,0.23876953125,Mouth closed
1713363009.320566,0.6201171875,0.76513671875,0.233642578125,Mouth closed
1713363009.354706,0.618896484375,0.759033203125,0.232177734375,Mouth closed
1713363009.394378,0.6181640625,0.76171875,0.236572265625,Mouth closed
1713363009.435701,0.622314453125,0.765625,0.2333984375,Mouth closed
1713363009.474971,0.619384765625,0.76318359375,0.234619140625,Mouth closed
1713363009.518383,0.6162109375,0.760498046875,0.232666015625,Mouth closed
1713363009.562873,0.6142578125,0.76416015625,0.240478515625,Mouth closed
1713363009.591732,0.61181640625,0.76708984375,0.24169921875,Mouth closed
1713363009.632153,0.62060546875,0.76708984375,0.2392578125,Mouth closed
1713363009.673504,0.616455078125,0.760009765625,0.23486328125,Mouth closed
1713363009.712628,0.618408203125,0.76416015625,0.23583984375,Mouth closed
1713363009.753728,0.617919921875,0.75927734375,0.233154296875,Mouth closed
1713363009.79465,0.614501953125,0.76416015625,0.239013671875,Mouth closed
1713363009.836296,0.61376953125,0.76171875,0.2373046875,Mouth closed
1713363009.879021,0.615234375,0.765380859375,0.236083984375,Mouth closed
1713363009.923588,0.6123046875,0.763427734375,0.235107421875,Mouth closed
1713363009.953882,0.615478515625,0.764892578125,0.236083984375,Mouth closed
1713363009.995409,0.616943359375,0.763427734375,0.23583984375,Mouth closed
1713363010.037856,0.61767578125,0.765380859375,0.240478515625,Mouth closed
1713363010.075089,0.612548828125,0.76513671875,0.241455078125,Mouth closed
1713363010.114006,0.614501953125,0.76220703125,0.240478515625,Mouth closed
1713363010.153718,0.61767578125,0.762939453125,0.240966796875,Mouth closed
1713363010.191721,0.61865234375,0.76220703125,0.240478515625,Mouth closed
1713363010.23327,0.61376953125,0.7646484375,0.240478515625,Mouth closed
1713363010.27198,0.619384765625,0.76513671875,0.236572265625,Mouth closed
1713363010.316788,0.614013671875,0.759033203125,0.234130859375,Mouth closed
1713363010.35465,0.61279296875,0.761962890625,0.239013671875,Mouth closed
1713363010.394677,0.6123046875,0.76416015625,0.243896484375,Mouth closed
1713363010.435538,0.6181640625,0.76318359375,0.23828125,Mouth closed
1713363010.472801,0.6123046875,0.75830078125,0.239501953125,Mouth closed
1713363010.512558,0.618896484375,0.76513671875,0.23828125,Mouth closed
1713363010.554494,0.6171875,0.764892578125,0.238525390625,Mouth closed
1713363010.593987,0.615966796875,0.760498046875,0.23681640625,Mouth closed
1713363010.638912,0.6142578125,0.7626953125,0.23779296875,Mouth closed
1713363010.674556,0.6162109375,0.76025390625,0.241455078125,Mouth closed
1713363010.713698,0.61962890625,0.76513671875,0.23681640625,Mouth closed
1713363010.753629,0.61572265625,0.7666015625,0.238037109375,Mouth closed
1713363010.795334,0.611083984375,0.76220703125,0.240234375,Mouth closed
1713363010.831515,0.614990234375,0.76123046875,0.2412109375,Mouth closed
1713363010.873203,0.61767578125,0.760009765625,0.23974609375,Mouth closed
1713363010.912546,0.61572265625,0.764404296875,0.241943359375,Mouth closed
1713363010.952563,0.6162109375,0.762451171875,0.23876953125,Mouth closed
1713363010.993544,0.61962890625,0.764892578125,0.236572265625,Mouth closed
1713363011.033658,0.61474609375,0.759521484375,0.232421875,Mouth closed
1713363011.076802,0.6142578125,0.763427734375,0.237548828125,Mouth closed
1713363011.114941,0.618896484375,0.76708984375,0.236083984375,Mouth closed
1713363011.158187,0.615966796875,0.762451171875,0.234375,Mouth closed
1713363011.202596,0.6162109375,0.760498046875,0.23486328125,Mouth closed
1713363011.246612,0.619384765625,0.763916015625,0.23681640625,Mouth closed
1713363011.275407,0.6142578125,0.764404296875,0.23974609375,Mouth closed
1713363011.31873,0.6171875,0.766357421875,0.239501953125,Mouth closed
1713363011.355623,0.613525390625,0.759765625,0.23974609375,Mouth closed
1713363011.39615,0.62060546875,0.760009765625,0.240966796875,Mouth closed
1713363011.435048,0.617919921875,0.75634765625,0.239990234375,Mouth closed
1713363011.473523,0.61962890625,0.757568359375,0.238525390625,Mouth closed
1713363011.512895,0.61865234375,0.75830078125,0.236328125,Mouth closed
1713363011.552871,0.615966796875,0.7607421875,0.240234375,Mouth closed
1713363011.596744,0.619384765625,0.7626953125,0.2392578125,Mouth closed
1713363011.640736,0.619384765625,0.761962890625,0.234130859375,Mouth closed
1713363011.674226,0.619384765625,0.762939453125,0.237548828125,Mouth closed
1713363011.713804,0.618408203125,0.763916015625,0.238037109375,Mouth closed
1713363011.757045,0.6171875,0.76220703125,0.238525390625,Mouth closed
1713363011.793759,0.61572265625,0.75927734375,0.238525390625,Mouth closed
1713363011.834214,0.614990234375,0.764404296875,0.238525390625,Mouth closed
1713363011.875524,0.619873046875,0.76220703125,0.236328125,Mouth closed
1713363011.915235,0.614013671875,0.76123046875,0.236572265625,Mouth closed
1713363011.958407,0.619140625,0.762451171875,0.2392578125,Mouth closed
1713363012.002606,0.614501953125,0.767822265625,0.240966796875,Mouth closed
1713363012.044637,0.613525390625,0.7666015625,0.24072265625,Mouth closed
1713363012.073693,0.610107421875,0.76513671875,0.237060546875,Mouth closed
1713363012.123529,0.614990234375,0.763916015625,0.237548828125,Mouth closed
1713363012.159459,0.612060546875,0.76123046875,0.243408203125,Mouth closed
1713363012.1996,0.6162109375,0.763916015625,0.240234375,Mouth closed
1713363012.238237,0.61474609375,0.761474609375,0.2373046875,Mouth closed
1713363012.277485,0.619140625,0.76416015625,0.23779296875,Mouth closed
1713363012.315182,0.616943359375,0.761474609375,0.23388671875,Mouth closed
1713363012.354539,0.61767578125,0.760986328125,0.233154296875,Mouth closed
1713363012.394938,0.615234375,0.7607421875,0.23681640625,Mouth closed
1713363012.438268,0.614013671875,0.76171875,0.23583984375,Mouth closed
1713363012.475544,0.6162109375,0.76318359375,0.236328125,Mouth closed
1713363012.516655,0.61767578125,0.762939453125,0.235595703125,Mouth closed
1713363012.55555,0.6162109375,0.761962890625,0.236328125,Mouth closed
1713363012.59754,0.61669921875,0.763916015625,0.239013671875,Mouth closed
1713363012.636538,0.6201171875,0.766357421875,0.2392578125,Mouth closed
1713363012.676068,0.614501953125,0.76220703125,0.239501953125,Mouth closed
1713363012.714755,0.61474609375,0.762939453125,0.239990234375,Mouth closed
1713363012.755031,0.614990234375,0.761474609375,0.23583984375,Mouth closed
1713363012.794595,0.618896484375,0.759765625,0.23095703125,Mouth closed
1713363012.835603,0.62158203125,0.768310546875,0.234130859375,Mouth closed
1713363012.874609,0.62060546875,0.765625,0.232666015625,Mouth closed
1713363012.914681,0.613037109375,0.756591796875,0.230712890625,Mouth closed
1713363012.961036,0.61474609375,0.7587890625,0.23828125,Mouth closed
1713363012.997619,0.61083984375,0.767578125,0.242919921875,Mouth closed
1713363013.038094,0.616455078125,0.768310546875,0.23681640625,Mouth closed
1713363013.078561,0.6083984375,0.764404296875,0.236083984375,Mouth closed
1713363013.117091,0.62158203125,0.76708984375,0.238525390625,Mouth closed
1713363013.157171,0.61669921875,0.764404296875,0.236083984375,Mouth closed
1713363013.208093,0.617431640625,0.76025390625,0.236572265625,Mouth closed
1713363013.236631,0.614990234375,0.7607421875,0.2373046875,Mouth closed
1713363013.281709,0.616455078125,0.763427734375,0.239501953125,Mouth closed
1713363013.317698,0.61767578125,0.762939453125,0.239501953125,Mouth closed
1713363013.360167,0.61865234375,0.764404296875,0.239013671875,Mouth closed
1713363013.397859,0.61962890625,0.763427734375,0.236083984375,Mouth closed
1713363013.436377,0.61376953125,0.761474609375,0.235107421875,Mouth closed
1713363013.479234,0.617431640625,0.763427734375,0.23681640625,Mouth closed
1713363013.527592,0.615234375,0.764404296875,0.23779296875,Mouth closed
1713363013.55657,0.612548828125,0.7626953125,0.23779296875,Mouth closed
1713363013.606866,0.612548828125,0.759765625,0.23486328125,Mouth closed
1713363013.644228,0.60791015625,0.763916015625,0.23876953125,Mouth closed
1713363013.683869,0.616943359375,0.769775390625,0.238037109375,Mouth closed
1713363013.721743,0.612060546875,0.765869140625,0.23291015625,Mouth closed
1713363013.784862,0.610595703125,0.760498046875,0.2333984375,Mouth closed
1713363013.798793,0.614990234375,0.76904296875,0.235595703125,Mouth closed
1713363013.853273,0.61767578125,0.766845703125,0.236572265625,Mouth closed
1713363013.880591,0.6171875,0.764404296875,0.236083984375,Mouth closed
1713363013.931318,0.6201171875,0.763671875,0.233154296875,Mouth closed
1713363013.961852,0.6220703125,0.760986328125,0.230224609375,Mouth closed
1713363014.010795,0.617431640625,0.760009765625,0.229736328125,Mouth closed
1713363014.03836,0.62451171875,0.7587890625,0.230712890625,Mouth closed
1713363014.088351,0.619140625,0.763671875,0.232177734375,Mouth closed
1713363014.117135,0.620361328125,0.763671875,0.2353515625,Mouth closed
1713363014.166357,0.618896484375,0.7626953125,0.23291015625,Mouth closed
1713363014.196513,0.62060546875,0.767822265625,0.243896484375,Mouth closed
1713363014.244253,0.616455078125,0.762939453125,0.2392578125,Mouth closed
1713363014.282138,0.616455078125,0.758056640625,0.239013671875,Mouth closed
1713363014.322769,0.6142578125,0.76123046875,0.245849609375,Mouth closed
1713363014.360319,0.620849609375,0.759765625,0.2431640625,Mouth closed
1713363014.399907,0.617431640625,0.76123046875,0.240478515625,Mouth closed
1713363014.437845,0.615234375,0.7587890625,0.244384765625,Mouth closed
1713363014.477597,0.619384765625,0.768310546875,0.243896484375,Mouth closed
1713363014.518538,0.611083984375,0.768310546875,0.237548828125,Mouth closed
1713363014.56552,0.6220703125,0.757568359375,0.228271484375,Mouth closed
1713363014.603119,0.61669921875,0.756591796875,0.240966796875,Mouth closed
1713363014.642397,0.618896484375,0.758056640625,0.23779296875,Mouth closed
1713363014.680093,0.630126953125,0.76025390625,0.239990234375,Mouth closed
1713363014.719335,0.62255859375,0.76318359375,0.24560546875,Mouth closed
1713363014.756715,0.619384765625,0.75927734375,0.2333984375,Mouth closed
1713363014.796541,0.618896484375,0.752197265625,0.2255859375,Mouth closed
1713363014.837797,0.613037109375,0.760498046875,0.242919921875,Mouth closed
1713363014.87825,0.60986328125,0.77001953125,0.24609375,Mouth closed
1713363014.918953,0.60791015625,0.76220703125,0.247802734375,Mouth closed
1713363014.95854,0.611328125,0.767333984375,0.2470703125,Mouth closed
1713363014.998905,0.611572265625,0.758056640625,0.23876953125,Mouth closed
1713363015.04094,0.611083984375,0.7646484375,0.243896484375,Mouth closed
1713363015.079549,0.6025390625,0.76318359375,0.249267578125,Mouth closed
1713363015.12048,0.608642578125,0.7607421875,0.251220703125,Mouth closed
1713363015.160525,0.61962890625,0.760009765625,0.238525390625,Mouth closed
1713363015.201796,0.6240234375,0.76123046875,0.234375,Mouth closed
1713363015.240732,0.616455078125,0.76171875,0.238525390625,Mouth closed
1713363015.279744,0.607421875,0.7646484375,0.238525390625,Mouth closed
1713363015.318688,0.614501953125,0.770751953125,0.2392578125,Mouth closed
1713363015.359022,0.62109375,0.766357421875,0.232177734375,Mouth closed
1713363015.397517,0.62060546875,0.7626953125,0.23291015625,Mouth closed
1713363015.43755,0.617431640625,0.76953125,0.23974609375,Mouth closed
1713363015.482361,0.615234375,0.759033203125,0.23681640625,Mouth closed
1713363015.51946,0.614501953125,0.763427734375,0.234619140625,Mouth closed
1713363015.560068,0.618408203125,0.765869140625,0.243408203125,Mouth closed
1713363015.600099,0.620361328125,0.76025390625,0.2314453125,Mouth closed
1713363015.6457,0.61767578125,0.759765625,0.233642578125,Mouth closed
1713363015.680758,0.61962890625,0.761962890625,0.235595703125,Mouth closed
1713363015.729784,0.614990234375,0.7666015625,0.2314453125,Mouth closed
1713363015.75927,0.615966796875,0.765625,0.23193359375,Mouth closed
1713363015.801182,0.617431640625,0.771484375,0.23095703125,Mouth closed
1713363015.845252,0.614990234375,0.767333984375,0.232421875,Mouth closed
1713363015.88389,0.60986328125,0.7626953125,0.2236328125,Mouth closed
1713363015.9203,0.607666015625,0.763671875,0.231689453125,Mouth closed
1713363015.96262,0.611572265625,0.764892578125,0.2333984375,Mouth closed
1713363015.999577,0.61083984375,0.771240234375,0.244873046875,Mouth closed
1713363016.040172,0.6103515625,0.76806640625,0.24169921875,Mouth closed
1713363016.076614,0.61328125,0.765380859375,0.2373046875,Mouth closed
1713363016.118734,0.60888671875,0.765869140625,0.24072265625,Mouth closed
1713363016.159112,0.61572265625,0.7646484375,0.237548828125,Mouth closed
1713363016.209939,0.615966796875,0.765869140625,0.23583984375,Mouth closed
1713363016.238817,0.61962890625,0.764892578125,0.23583984375,Mouth closed
1713363016.287834,0.617431640625,0.762451171875,0.23046875,Mouth closed
1713363016.317752,0.611328125,0.75537109375,0.230224609375,Mouth closed
1713363016.359131,0.616455078125,0.767333984375,0.241455078125,Mouth closed
1713363016.402989,0.612060546875,0.7705078125,0.2412109375,Mouth closed
1713363016.443551,0.6123046875,0.7685546875,0.2392578125,Mouth closed
1713363016.482293,0.611328125,0.767333984375,0.238037109375,Mouth closed
1713363016.521158,0.616943359375,0.765625,0.230712890625,Mouth closed
1713363016.559937,0.61669921875,0.767578125,0.229736328125,Mouth closed
1713363016.599552,0.612548828125,0.766357421875,0.234619140625,Mouth closed
1713363016.636898,0.607177734375,0.767822265625,0.2431640625,Mouth closed
1713363016.677387,0.60791015625,0.766357421875,0.2412109375,Mouth closed
1713363016.717491,0.61083984375,0.7685546875,0.23828125,Mouth closed
1713363016.761345,0.610107421875,0.76611328125,0.241455078125,Mouth closed
1713363016.798744,0.60400390625,0.769775390625,0.244873046875,Mouth closed
1713363016.83881,0.6162109375,0.773681640625,0.245849609375,Mouth closed
1713363016.879478,0.6103515625,0.76806640625,0.24072265625,Mouth closed
1713363016.924318,0.609619140625,0.768310546875,0.242431640625,Mouth closed
1713363016.959784,0.610595703125,0.765380859375,0.23974609375,Mouth closed
1713363017.002593,0.612060546875,0.76123046875,0.23876953125,Mouth closed
1713363017.040565,0.609375,0.762939453125,0.241455078125,Mouth closed
1713363017.083912,0.611083984375,0.768798828125,0.241943359375,Mouth closed
1713363017.120981,0.6142578125,0.76904296875,0.237548828125,Mouth closed
1713363017.168091,0.613037109375,0.76708984375,0.234130859375,Mouth closed
1713363017.201812,0.612060546875,0.767578125,0.237060546875,Mouth closed
1713363017.240877,0.61669921875,0.766845703125,0.237548828125,Mouth closed
1713363017.279697,0.611328125,0.763427734375,0.2333984375,Mouth closed
1713363017.318513,0.614013671875,0.765380859375,0.236572265625,Mouth closed
1713363017.360392,0.614501953125,0.76953125,0.239501953125,Mouth closed
1713363017.401118,0.61572265625,0.767333984375,0.233642578125,Mouth closed
1713363017.439476,0.609375,0.76513671875,0.231201171875,Mouth closed
1713363017.480614,0.611083984375,0.763916015625,0.233642578125,Mouth closed
1713363017.521792,0.61328125,0.76904296875,0.237548828125,Mouth closed
1713363017.562647,0.616943359375,0.768310546875,0.23876953125,Mouth closed
1713363017.601469,0.610107421875,0.763427734375,0.236083984375,Mouth closed
1713363017.641653,0.61572265625,0.763427734375,0.237548828125,Mouth closed
1713363017.681599,0.61376953125,0.761474609375,0.233154296875,Mouth closed
1713363017.723353,0.61572265625,0.76171875,0.23291015625,Mouth closed
1713363017.763598,0.614501953125,0.76416015625,0.234130859375,Mouth closed
1713363017.805683,0.614013671875,0.76416015625,0.23388671875,Mouth closed
1713363017.842901,0.616943359375,0.767578125,0.23046875,Mouth closed
1713363017.881499,0.617431640625,0.76513671875,0.23046875,Mouth closed
1713363017.922776,0.616455078125,0.7626953125,0.228271484375,Mouth closed
1713363017.962531,0.61865234375,0.763916015625,0.228271484375,Mouth closed
1713363017.999623,0.617919921875,0.7626953125,0.232666015625,Mouth closed
1713363018.042839,0.61181640625,0.762451171875,0.234130859375,Mouth open
1713363018.08068,0.621337890625,0.764892578125,0.234375,Mouth open
1713363018.123981,0.613525390625,0.7685546875,0.236083984375,Mouth open
1713363018.162965,0.616943359375,0.767333984375,0.233642578125,Mouth open
1713363018.205017,0.6142578125,0.762939453125,0.231689453125,Mouth open
1713363018.243623,0.615234375,0.766357421875,0.234619140625,Mouth open
1713363018.285096,0.617919921875,0.7607421875,0.2255859375,Mouth open
1713363018.323658,0.61865234375,0.757080078125,0.223388671875,Mouth open
1713363018.367004,0.616455078125,0.7685546875,0.2314453125,Mouth open
1713363018.403007,0.621337890625,0.766357421875,0.22900390625,Mouth open
1713363018.442491,0.621337890625,0.7646484375,0.224853515625,Mouth open
1713363018.483492,0.6171875,0.7666015625,0.2275390625,Mouth open
1713363018.525485,0.618408203125,0.763671875,0.2265625,Mouth open
1713363018.565209,0.615234375,0.761962890625,0.225341796875,Mouth open
1713363018.608109,0.615234375,0.765625,0.227783203125,Mouth open
1713363018.646602,0.614013671875,0.767578125,0.22998046875,Mouth open
1713363018.682836,0.611572265625,0.77294921875,0.23046875,Mouth open
1713363018.727304,0.6142578125,0.7685546875,0.23291015625,Mouth open
1713363018.760541,0.614013671875,0.76806640625,0.228759765625,Mouth open
1713363018.807477,0.61376953125,0.765625,0.232177734375,Mouth open
1713363018.849402,0.610107421875,0.766845703125,0.23828125,Mouth open
1713363018.889051,0.613525390625,0.765380859375,0.23583984375,Mouth open
1713363018.930988,0.608154296875,0.7626953125,0.237548828125,Mouth open
1713363018.961803,0.614501953125,0.76416015625,0.236083984375,Mouth open
1713363019.005021,0.62255859375,0.767333984375,0.228515625,Mouth open
1713363019.042527,0.614990234375,0.7626953125,0.22900390625,Mouth open
1713363019.084619,0.615478515625,0.769775390625,0.22998046875,Mouth open
1713363019.130998,0.621826171875,0.772216796875,0.22802734375,Mouth open
1713363019.166891,0.61376953125,0.767333984375,0.223388671875,Mouth open
1713363019.20392,0.61181640625,0.76171875,0.223388671875,Mouth open
1713363019.253996,0.613525390625,0.762451171875,0.22607421875,Mouth open
1713363019.283748,0.613525390625,0.767333984375,0.233642578125,Mouth open
1713363019.327337,0.62060546875,0.77001953125,0.232177734375,Mouth open
1713363019.362653,0.61181640625,0.76708984375,0.23046875,Mouth open
1713363019.415901,0.6162109375,0.771240234375,0.234130859375,Mouth open
1713363019.445538,0.6171875,0.766357421875,0.232666015625,Mouth open
1713363019.497034,0.614013671875,0.763671875,0.232421875,Mouth open
1713363019.527588,0.61328125,0.764892578125,0.23193359375,Mouth open
1713363019.577669,0.6162109375,0.7666015625,0.228271484375,Mouth open
1713363019.606006,0.618896484375,0.761962890625,0.224609375,Mouth open
1713363019.64481,0.615966796875,0.767578125,0.23046875,Mouth open
1713363019.685628,0.6181640625,0.766845703125,0.2275390625,Mouth open
1713363019.725521,0.617919921875,0.7646484375,0.22607421875,Mouth open
1713363019.76843,0.620849609375,0.7646484375,0.225341796875,Mouth open
1713363019.806193,0.61767578125,0.76123046875,0.225830078125,Mouth open
1713363019.849218,0.615234375,0.760009765625,0.2265625,Mouth open
1713363019.885678,0.61865234375,0.76025390625,0.2216796875,Mouth open
1713363019.925395,0.619873046875,0.765625,0.21728515625,Mouth open
1713363019.963394,0.623779296875,0.771728515625,0.21435546875,Mouth open
1713363020.003926,0.621826171875,0.759765625,0.217041015625,Mouth open
1713363020.043485,0.6162109375,0.761474609375,0.218994140625,Mouth open
1713363020.083852,0.623046875,0.760498046875,0.2265625,Mouth open
1713363020.125734,0.626708984375,0.768798828125,0.23583984375,Mouth open
1713363020.165438,0.63037109375,0.765625,0.22802734375,Mouth open
1713363020.204568,0.610595703125,0.7587890625,0.232421875,Mouth open
1713363020.24652,0.619873046875,0.75732421875,0.231201171875,Mouth open
1713363020.28672,0.6220703125,0.759033203125,0.2236328125,Mouth open
1713363020.328031,0.6318359375,0.754638671875,0.2109375,Mouth open
1713363020.366849,0.623046875,0.758056640625,0.22265625,Mouth open
1713363020.407448,0.622802734375,0.761474609375,0.219482421875,Mouth open
1713363020.447568,0.626953125,0.764892578125,0.220458984375,Mouth open
1713363020.486524,0.624267578125,0.76171875,0.21923828125,Mouth open
1713363020.525448,0.622802734375,0.760986328125,0.22021484375,Mouth open
1713363020.568581,0.62451171875,0.7568359375,0.22265625,Mouth open
1713363020.610595,0.621826171875,0.76123046875,0.230712890625,Mouth open
1713363020.64694,0.61962890625,0.7578125,0.22607421875,Mouth open
1713363020.687591,0.625244140625,0.76025390625,0.226318359375,Mouth open
1713363020.72612,0.625732421875,0.76025390625,0.222900390625,Mouth open
1713363020.778754,0.62841796875,0.76123046875,0.225341796875,Mouth open
1713363020.806233,0.622802734375,0.764892578125,0.22119140625,Mouth open
1713363020.845468,0.62451171875,0.762939453125,0.223388671875,Mouth open
1713363020.886419,0.619384765625,0.75732421875,0.220703125,Mouth open
1713363020.938176,0.62353515625,0.760986328125,0.2265625,Mouth open
1713363020.967952,0.622314453125,0.76025390625,0.2255859375,Mouth open
1713363021.018107,0.624755859375,0.76171875,0.224853515625,Mouth open
1713363021.053056,0.621826171875,0.75830078125,0.222412109375,Mouth open
1713363021.09279,0.62841796875,0.760498046875,0.224609375,Mouth open
1713363021.129136,0.62109375,0.76171875,0.223876953125,Mouth open
1713363021.16944,0.62548828125,0.759033203125,0.221435546875,Mouth open
1713363021.208033,0.625244140625,0.761474609375,0.221435546875,Mouth open
1713363021.247051,0.624755859375,0.76220703125,0.22265625,Mouth open
1713363021.284743,0.62060546875,0.76220703125,0.227783203125,Mouth open
1713363021.32522,0.6220703125,0.76220703125,0.22119140625,Mouth open
1713363021.365273,0.620849609375,0.765625,0.2216796875,Mouth open
1713363021.409969,0.624267578125,0.760009765625,0.222900390625,Mouth open
1713363021.445717,0.6220703125,0.762451171875,0.224365234375,Mouth open
1713363021.494374,0.61962890625,0.7626953125,0.228515625,Mouth open
1713363021.525384,0.620361328125,0.761474609375,0.22265625,Mouth open
1713363021.56876,0.624755859375,0.763427734375,0.22021484375,Mouth open
1713363021.610274,0.62451171875,0.76025390625,0.21826171875,Mouth open
1713363021.650102,0.624267578125,0.76416015625,0.224365234375,Mouth open
1713363021.68843,0.62109375,0.766357421875,0.223388671875,Mouth open
1713363021.727607,0.62548828125,0.763916015625,0.221923828125,Mouth open
1713363021.771186,0.62060546875,0.7578125,0.220703125,Mouth open
1713363021.807964,0.619873046875,0.76025390625,0.2265625,Mouth open
1713363021.845745,0.615478515625,0.765380859375,0.226806640625,Mouth open
1713363021.887011,0.6220703125,0.762451171875,0.223876953125,Mouth open
1713363021.926338,0.6162109375,0.760986328125,0.2265625,Mouth open
1713363021.965557,0.625,0.76220703125,0.2255859375,Mouth open
1713363022.00542,0.620849609375,0.76220703125,0.221435546875,Mouth open
1713363022.048823,0.62353515625,0.76123046875,0.22412109375,Mouth open
1713363022.086747,0.61865234375,0.762451171875,0.224365234375,Mouth open
1713363022.128263,0.620849609375,0.765869140625,0.2216796875,Mouth open
1713363022.167367,0.619873046875,0.76611328125,0.221435546875,Mouth open
1713363022.211344,0.62158203125,0.76708984375,0.224609375,Mouth open
1713363022.248711,0.619873046875,0.76513671875,0.223388671875,Mouth open
1713363022.288312,0.616943359375,0.763671875,0.222412109375,Mouth open
1713363022.328363,0.618896484375,0.763427734375,0.225341796875,Mouth open
1713363022.369056,0.6171875,0.763427734375,0.22509765625,Mouth open
1713363022.411752,0.62109375,0.76318359375,0.227294921875,Mouth open
1713363022.451065,0.625244140625,0.76123046875,0.22314453125,Mouth open
1713363022.489624,0.624267578125,0.7666015625,0.22412109375,Mouth open
1713363022.530108,0.6201171875,0.766357421875,0.2216796875,Mouth open
1713363022.567343,0.619873046875,0.768310546875,0.224365234375,Mouth open
1713363022.606765,0.61669921875,0.76318359375,0.224609375,Mouth open
1713363022.646309,0.620361328125,0.759765625,0.22509765625,Mouth open
1713363022.690267,0.617431640625,0.764404296875,0.229248046875,Mouth open
1713363022.727545,0.623779296875,0.76416015625,0.232177734375,Mouth open
1713363022.76856,0.61376953125,0.760986328125,0.2275390625,Mouth open
1713363022.809016,0.624755859375,0.766845703125,0.23388671875,Mouth open
1713363022.847305,0.619140625,0.760009765625,0.2275390625,Mouth open
1713363022.887731,0.6220703125,0.7607421875,0.2275390625,Mouth open
1713363022.928605,0.617919921875,0.76171875,0.2314453125,Mouth open
1713363022.967528,0.619384765625,0.76220703125,0.231689453125,Mouth open
1713363023.008951,0.621337890625,0.763427734375,0.224365234375,Mouth open
1713363023.048653,0.6201171875,0.7607421875,0.2294921875,Mouth open
1713363023.089537,0.618896484375,0.764404296875,0.228515625,Mouth open
1713363023.127575,0.62060546875,0.76318359375,0.22509765625,Mouth open
1713363023.168803,0.61865234375,0.763427734375,0.226806640625,Mouth open
1713363023.204866,0.616455078125,0.761962890625,0.229248046875,Mouth open
1713363023.24636,0.620361328125,0.76123046875,0.22998046875,Mouth open
1713363023.285546,0.618408203125,0.76025390625,0.22314453125,Mouth open
1713363023.329345,0.6181640625,0.761474609375,0.221923828125,Mouth open
1713363023.365439,0.6171875,0.76416015625,0.2255859375,Mouth open
1713363023.408483,0.625,0.767822265625,0.225341796875,Mouth open
1713363023.451493,0.6181640625,0.767333984375,0.2255859375,Mouth open
1713363023.488995,0.6162109375,0.760498046875,0.224365234375,Mouth open
1713363023.529558,0.62060546875,0.76171875,0.225830078125,Mouth open
1713363023.56639,0.619873046875,0.765380859375,0.232177734375,Mouth open
1713363023.607099,0.6240234375,0.764892578125,0.23046875,Mouth open
1713363023.648302,0.619140625,0.7607421875,0.2275390625,Mouth open
1713363023.699545,0.6259765625,0.761962890625,0.228271484375,Mouth open
1713363023.727528,0.6201171875,0.75927734375,0.22412109375,Mouth open
1713363023.765492,0.62109375,0.760009765625,0.2255859375,Mouth open
1713363023.804555,0.619384765625,0.765380859375,0.2294921875,Mouth open
1713363023.850315,0.619384765625,0.767822265625,0.227294921875,Mouth open
1713363023.88684,0.619140625,0.76708984375,0.227294921875,Mouth open
1713363023.927293,0.622802734375,0.76416015625,0.22314453125,Mouth open
1713363023.968786,0.620361328125,0.764892578125,0.22705078125,Mouth open
1713363024.018412,0.62109375,0.76171875,0.222900390625,Mouth open
1713363024.046859,0.619140625,0.762939453125,0.226318359375,Mouth open
1713363024.096993,0.615966796875,0.762451171875,0.2294921875,Mouth open
1713363024.126616,0.619384765625,0.76416015625,0.22607421875,Mouth open
1713363024.172452,0.6220703125,0.76513671875,0.227294921875,Mouth open
1713363024.215019,0.6220703125,0.7626953125,0.2265625,Mouth open
1713363024.25702,0.61572265625,0.764404296875,0.224609375,Mouth open
1713363024.293192,0.622314453125,0.767333984375,0.228271484375,Mouth open
1713363024.332763,0.617919921875,0.76513671875,0.220947265625,Mouth open
1713363024.371326,0.6171875,0.760498046875,0.223876953125,Mouth open
1713363024.412003,0.616943359375,0.7607421875,0.2314453125,Mouth open
1713363024.453359,0.625244140625,0.760986328125,0.230224609375,Mouth open
1713363024.488136,0.6171875,0.758056640625,0.23046875,Mouth open
1713363024.536642,0.62060546875,0.76513671875,0.23193359375,Mouth open
1713363024.568055,0.6220703125,0.763671875,0.23095703125,Mouth open
1713363024.61653,0.6162109375,0.760498046875,0.23095703125,Mouth open
1713363024.650511,0.613037109375,0.762939453125,0.23486328125,Mouth open
1713363024.692807,0.610595703125,0.765625,0.236328125,Mouth open
1713363024.73245,0.61181640625,0.76611328125,0.23095703125,Mouth open
1713363024.769698,0.614013671875,0.766845703125,0.228271484375,Mouth open
1713363024.81014,0.615478515625,0.765625,0.23046875,Mouth open
1713363024.85039,0.61572265625,0.762451171875,0.22509765625,Mouth open
1713363024.889969,0.618408203125,0.765869140625,0.2314453125,Mouth open
1713363024.930526,0.613525390625,0.767822265625,0.23193359375,Mouth open
1713363024.971576,0.619140625,0.765625,0.2294921875,Mouth open
1713363025.011137,0.615478515625,0.763916015625,0.22607421875,Mouth open
1713363025.053895,0.621337890625,0.76318359375,0.223388671875,Mouth open
1713363025.092066,0.612060546875,0.767333984375,0.230224609375,Mouth open
1713363025.131255,0.6171875,0.76806640625,0.229736328125,Mouth open
1713363025.170625,0.6171875,0.763427734375,0.227783203125,Mouth open
1713363025.211848,0.614501953125,0.763671875,0.228515625,Mouth open
1713363025.250124,0.613525390625,0.76806640625,0.233154296875,Mouth open
1713363025.290244,0.61767578125,0.763916015625,0.230224609375,Mouth open
1713363025.329801,0.61572265625,0.7646484375,0.230224609375,Mouth open
1713363025.370187,0.62060546875,0.765625,0.229736328125,Mouth open
1713363025.410982,0.61572265625,0.758544921875,0.223876953125,Mouth open
1713363025.451834,0.618896484375,0.760986328125,0.22509765625,Mouth open
1713363025.492366,0.61572265625,0.7626953125,0.22802734375,Mouth open
1713363025.534607,0.615966796875,0.7646484375,0.2294921875,Mouth open
1713363025.571924,0.619140625,0.76904296875,0.23095703125,Mouth open
1713363025.612204,0.61669921875,0.763671875,0.2255859375,Mouth open
1713363025.651343,0.614501953125,0.76611328125,0.2275390625,Mouth open
1713363025.693066,0.61572265625,0.765380859375,0.227783203125,Mouth open
1713363025.731622,0.616455078125,0.76611328125,0.23291015625,Mouth open
1713363025.772472,0.619873046875,0.76416015625,0.232421875,Mouth open
1713363025.809921,0.62109375,0.7626953125,0.230712890625,Mouth open
1713363025.852039,0.6171875,0.766845703125,0.23193359375,Mouth open
1713363025.889393,0.618408203125,0.76416015625,0.22802734375,Mouth open
1713363025.929926,0.613525390625,0.76318359375,0.229736328125,Mouth open
1713363025.969631,0.615234375,0.761962890625,0.234130859375,Mouth open
1713363026.013023,0.6162109375,0.762939453125,0.23486328125,Mouth open
1713363026.053464,0.62158203125,0.766845703125,0.235107421875,Mouth open
1713363026.090605,0.61376953125,0.762451171875,0.231201171875,Mouth open
1713363026.131022,0.623046875,0.765869140625,0.234619140625,Mouth open
1713363026.174075,0.616943359375,0.762939453125,0.23193359375,Mouth open
1713363026.223453,0.618408203125,0.75927734375,0.23046875,Mouth open
1713363026.25051,0.615234375,0.760986328125,0.23046875,Mouth open
1713363026.301473,0.616455078125,0.765625,0.23291015625,Mouth open
1713363026.337729,0.619873046875,0.763916015625,0.229248046875,Mouth open
1713363026.374901,0.6181640625,0.765869140625,0.231201171875,Mouth open
1713363026.410669,0.619873046875,0.767333984375,0.2294921875,Mouth open
1713363026.451888,0.618408203125,0.764404296875,0.232177734375,Mouth open
1713363026.490315,0.619384765625,0.76513671875,0.229248046875,Mouth open
1713363026.529852,0.613525390625,0.760498046875,0.2275390625,Mouth open
1713363026.570543,0.61572265625,0.759521484375,0.22900390625,Mouth open
1713363026.62092,0.614013671875,0.76416015625,0.22900390625,Mouth open
1713363026.65045,0.62158203125,0.7685546875,0.231689453125,Mouth open
1713363026.698886,0.614501953125,0.766357421875,0.225341796875,Mouth open
1713363026.737169,0.618896484375,0.76171875,0.225830078125,Mouth open
1713363026.776988,0.61474609375,0.764892578125,0.2294921875,Mouth open
1713363026.815611,0.616943359375,0.763916015625,0.232177734375,Mouth open
1713363026.854909,0.6220703125,0.7666015625,0.22900390625,Mouth open
1713363026.891605,0.61767578125,0.76171875,0.227294921875,Mouth open
1713363026.937556,0.618896484375,0.76220703125,0.230712890625,Mouth open
1713363026.972435,0.61572265625,0.76513671875,0.23046875,Mouth open
1713363027.011643,0.619384765625,0.7607421875,0.227783203125,Mouth open
1713363027.051415,0.6162109375,0.765380859375,0.23095703125,Mouth open
1713363027.091292,0.618896484375,0.766357421875,0.2294921875,Mouth open
1713363027.129659,0.62060546875,0.761962890625,0.218505859375,Mouth open
1713363027.170306,0.617919921875,0.765869140625,0.22607421875,Mouth open
1713363027.211145,0.61962890625,0.762451171875,0.230712890625,Mouth open
1713363027.255029,0.619140625,0.76123046875,0.22802734375,Mouth open
1713363027.293568,0.617431640625,0.76416015625,0.22900390625,Mouth open
1713363027.332872,0.6220703125,0.763427734375,0.2275390625,Mouth open
1713363027.37293,0.620849609375,0.75927734375,0.225341796875,Mouth open
1713363027.414463,0.619873046875,0.7568359375,0.222900390625,Mouth open
1713363027.451468,0.61962890625,0.762939453125,0.22705078125,Mouth open
1713363027.492772,0.624267578125,0.76806640625,0.224853515625,Mouth open
1713363027.532719,0.62060546875,0.765380859375,0.22216796875,Mouth open
1713363027.572873,0.621337890625,0.763671875,0.221435546875,Mouth open
1713363027.613524,0.62158203125,0.76171875,0.22900390625,Mouth open
1713363027.656171,0.61572265625,0.763916015625,0.232421875,Mouth open
1713363027.693878,0.621337890625,0.765869140625,0.236328125,Mouth open
1713363027.731316,0.611083984375,0.76318359375,0.232177734375,Mouth open
1713363027.770701,0.623779296875,0.76611328125,0.228759765625,Mouth open
1713363027.811332,0.619384765625,0.763427734375,0.226318359375,Mouth open
1713363027.851665,0.616943359375,0.76513671875,0.228515625,Mouth open
1713363027.892163,0.617431640625,0.764892578125,0.22607421875,Mouth open
1713363027.932308,0.618408203125,0.7646484375,0.226318359375,Mouth open
1713363027.972802,0.619140625,0.7685546875,0.2255859375,Mouth open
1713363028.012433,0.619873046875,0.763427734375,0.226318359375,Mouth open
1713363028.052862,0.61669921875,0.76220703125,0.224609375,Mouth open
1713363028.092564,0.61865234375,0.767333984375,0.22802734375,Mouth open
1713363028.133364,0.61669921875,0.763671875,0.228515625,Mouth open
1713363028.173355,0.6201171875,0.761474609375,0.22998046875,Mouth open
1713363028.213844,0.6201171875,0.76171875,0.2294921875,Mouth open
1713363028.254492,0.62353515625,0.76416015625,0.224365234375,Mouth open
1713363028.294878,0.62646484375,0.762939453125,0.223876953125,Mouth open
1713363028.335008,0.620361328125,0.764892578125,0.22509765625,Mouth open
1713363028.375315,0.624267578125,0.76806640625,0.226806640625,Mouth open
1713363028.415182,0.619140625,0.763427734375,0.222900390625,Mouth open
1713363028.453318,0.61572265625,0.758544921875,0.223876953125,Mouth open
1713363028.49407,0.618408203125,0.76220703125,0.2294921875,Mouth open
1713363028.532722,0.614501953125,0.76611328125,0.22900390625,Mouth open
1713363028.574646,0.6220703125,0.766357421875,0.226806640625,Mouth open
1713363028.613964,0.6142578125,0.761962890625,0.224365234375,Mouth open
1713363028.654547,0.6240234375,0.76611328125,0.226318359375,Mouth open
1713363028.69851,0.619873046875,0.762451171875,0.22509765625,Mouth open
1713363028.735732,0.61962890625,0.75537109375,0.2255859375,Mouth open
1713363028.773385,0.617919921875,0.7646484375,0.226806640625,Mouth open
1713363028.81537,0.62158203125,0.765380859375,0.227294921875,Mouth open
1713363028.856515,0.6240234375,0.763427734375,0.221435546875,Mouth open
1713363028.894389,0.617431640625,0.76318359375,0.222412109375,Mouth open
1713363028.938441,0.623779296875,0.767822265625,0.227294921875,Mouth open
1713363028.974424,0.621337890625,0.76416015625,0.226806640625,Mouth open
1713363029.016842,0.618896484375,0.763427734375,0.228759765625,Mouth open
1713363029.052786,0.61962890625,0.763671875,0.22900390625,Mouth open
1713363029.102924,0.61865234375,0.763671875,0.23095703125,Mouth open
1713363029.133543,0.62060546875,0.76025390625,0.22509765625,Mouth open
1713363029.176869,0.62255859375,0.763671875,0.22802734375,Mouth open
1713363029.214639,0.622314453125,0.768798828125,0.226318359375,Mouth open
1713363029.260707,0.623046875,0.766845703125,0.2216796875,Mouth open
1713363029.294838,0.6181640625,0.76171875,0.2216796875,Mouth open
1713363029.337876,0.62060546875,0.7626953125,0.22412109375,Mouth open
1713363029.375409,0.617431640625,0.765380859375,0.23046875,Mouth open
1713363029.427146,0.62353515625,0.765869140625,0.228515625,Mouth open
1713363029.456392,0.617919921875,0.763671875,0.2265625,Mouth open
1713363029.499907,0.62451171875,0.763427734375,0.227783203125,Mouth open
1713363029.536514,0.623779296875,0.76123046875,0.223876953125,Mouth open
1713363029.586756,0.62353515625,0.760986328125,0.220947265625,Mouth open
1713363029.615889,0.618408203125,0.76171875,0.227783203125,Mouth open
1713363029.662772,0.620361328125,0.761962890625,0.22607421875,Mouth open
1713363029.695742,0.619140625,0.76513671875,0.2275390625,Mouth open
1713363029.733327,0.62109375,0.76513671875,0.2265625,Mouth open
1713363029.777147,0.62255859375,0.762939453125,0.230224609375,Mouth open
1713363029.828847,0.62255859375,0.759033203125,0.228759765625,Mouth open
1713363029.856902,0.623779296875,0.760498046875,0.224365234375,Mouth open
1713363029.89927,0.61767578125,0.763916015625,0.228271484375,Mouth open
1713363029.937014,0.617919921875,0.762939453125,0.228759765625,Mouth open
1713363029.989423,0.625244140625,0.762939453125,0.227783203125,Mouth open
1713363030.018088,0.625,0.76416015625,0.222900390625,Mouth open
1713363030.067678,0.62353515625,0.762939453125,0.223388671875,Mouth open
1713363030.096173,0.619384765625,0.764892578125,0.226806640625,Mouth open
1713363030.140891,0.622314453125,0.763427734375,0.224609375,Mouth open
1713363030.176919,0.6171875,0.765869140625,0.221923828125,Mouth open
1713363030.220321,0.6181640625,0.7626953125,0.223876953125,Mouth open
1713363030.259228,0.61669921875,0.764404296875,0.22802734375,Mouth open
1713363030.301242,0.622802734375,0.76318359375,0.22607421875,Mouth open
1713363030.338563,0.62255859375,0.763916015625,0.22607421875,Mouth open
1713363030.380855,0.620361328125,0.766357421875,0.226318359375,Mouth open
1713363030.41665,0.622314453125,0.76318359375,0.222412109375,Mouth open
1713363030.45705,0.621826171875,0.760498046875,0.2236328125,Mouth open
1713363030.498092,0.620849609375,0.761474609375,0.227294921875,Mouth open
1713363030.549092,0.61669921875,0.7607421875,0.22412109375,Mouth open
1713363030.576575,0.618408203125,0.7666015625,0.22705078125,Mouth open
1713363030.62608,0.62060546875,0.765625,0.230224609375,Mouth open
1713363030.663247,0.6201171875,0.7626953125,0.2255859375,Mouth open
1713363030.698801,0.6201171875,0.762939453125,0.229248046875,Mouth open
1713363030.741044,0.619384765625,0.763671875,0.23046875,Mouth open
1713363030.780206,0.616455078125,0.76416015625,0.229248046875,Mouth open
1713363030.818268,0.615234375,0.76611328125,0.228759765625,Mouth open
1713363030.866295,0.61865234375,0.762939453125,0.224853515625,Mouth open
1713363030.90225,0.62255859375,0.765869140625,0.22216796875,Mouth open
1713363030.938018,0.62109375,0.760498046875,0.22265625,Mouth open
1713363030.981377,0.621337890625,0.765380859375,0.2236328125,Mouth open
1713363031.018403,0.61474609375,0.76953125,0.22607421875,Mouth open
1713363031.058489,0.621826171875,0.769775390625,0.22412109375,Mouth open
1713363031.096198,0.6171875,0.762939453125,0.21875,Mouth open
1713363031.137882,0.6171875,0.76318359375,0.225830078125,Mouth open
1713363031.179613,0.616943359375,0.7666015625,0.22998046875,Mouth open
1713363031.21827,0.620361328125,0.761962890625,0.223388671875,Mouth open
1713363031.257645,0.616455078125,0.76318359375,0.2255859375,Mouth open
1713363031.297407,0.623291015625,0.768310546875,0.226806640625,Mouth open
1713363031.339656,0.617431640625,0.76220703125,0.221923828125,Mouth open
1713363031.378973,0.620361328125,0.755859375,0.222412109375,Mouth open
1713363031.422013,0.616943359375,0.76416015625,0.22412109375,Mouth open
1713363031.458519,0.619140625,0.765380859375,0.2275390625,Mouth open
1713363031.49833,0.619873046875,0.76513671875,0.225341796875,Mouth open
1713363031.539521,0.61865234375,0.762939453125,0.22021484375,Mouth open
1713363031.578431,0.61962890625,0.765625,0.221923828125,Mouth open
1713363031.617267,0.619873046875,0.76416015625,0.2236328125,Mouth open
1713363031.661497,0.618408203125,0.763427734375,0.224609375,Mouth open
1713363031.696166,0.621826171875,0.765625,0.229248046875,Mouth open
1713363031.737382,0.617919921875,0.76318359375,0.225341796875,Mouth open
1713363031.776586,0.62109375,0.759033203125,0.21826171875,Mouth open
1713363031.820071,0.620361328125,0.7666015625,0.2197265625,Mouth open
1713363031.856449,0.624267578125,0.77001953125,0.22119140625,Mouth open
1713363031.898341,0.61865234375,0.763916015625,0.220703125,Mouth open
1713363031.937739,0.61474609375,0.759033203125,0.224609375,Mouth open
1713363031.980028,0.62060546875,0.762451171875,0.228759765625,Mouth open
1713363032.02132,0.617919921875,0.766357421875,0.232421875,Mouth open
1713363032.058751,0.62744140625,0.764892578125,0.228515625,Mouth open
1713363032.099517,0.6181640625,0.7626953125,0.225830078125,Mouth open
1713363032.141695,0.623046875,0.763427734375,0.227783203125,Mouth open
1713363032.193752,0.62255859375,0.760986328125,0.22314453125,Mouth open
1713363032.219374,0.61865234375,0.762939453125,0.226318359375,Mouth open
1713363032.268272,0.6171875,0.76171875,0.22509765625,Mouth open
1713363032.296276,0.61962890625,0.765625,0.224365234375,Mouth open
1713363032.345654,0.6201171875,0.76513671875,0.2265625,Mouth open
1713363032.383864,0.619873046875,0.764892578125,0.2216796875,Mouth open
1713363032.419354,0.62060546875,0.76611328125,0.2236328125,Mouth open
1713363032.461824,0.617431640625,0.765380859375,0.224853515625,Mouth open
1713363032.50096,0.618896484375,0.76611328125,0.22900390625,Mouth open
1713363032.540194,0.615966796875,0.76171875,0.22900390625,Mouth open
1713363032.579127,0.621337890625,0.7646484375,0.229248046875,Mouth open
1713363032.618642,0.6220703125,0.763671875,0.223388671875,Mouth open
1713363032.662394,0.623779296875,0.765380859375,0.225830078125,Mouth open
1713363032.699574,0.622314453125,0.768798828125,0.22314453125,Mouth open
1713363032.738856,0.620361328125,0.76708984375,0.223876953125,Mouth open
1713363032.781315,0.618896484375,0.758544921875,0.220947265625,Mouth open
1713363032.828772,0.621337890625,0.760986328125,0.2255859375,Mouth open
1713363032.861157,0.61865234375,0.763671875,0.22607421875,Mouth open
1713363032.900085,0.621826171875,0.7626953125,0.223388671875,Mouth open
1713363032.940159,0.616455078125,0.7587890625,0.224609375,Mouth open
1713363032.97935,0.622802734375,0.763916015625,0.220703125,Mouth open
1713363033.016432,0.62060546875,0.76171875,0.223388671875,Mouth closed
1713363033.057532,0.618896484375,0.76318359375,0.227294921875,Mouth closed
1713363033.09802,0.617919921875,0.764892578125,0.226318359375,Mouth closed
1713363033.139726,0.616455078125,0.76611328125,0.230224609375,Mouth closed
1713363033.177716,0.618408203125,0.763671875,0.2265625,Mouth closed
1713363033.218184,0.61962890625,0.76416015625,0.224853515625,Mouth closed
1713363033.259604,0.619140625,0.763427734375,0.222900390625,Mouth closed
1713363033.29976,0.620361328125,0.761474609375,0.223876953125,Mouth closed
1713363033.339626,0.62255859375,0.765380859375,0.22607421875,Mouth closed
1713363033.378477,0.618408203125,0.76171875,0.22509765625,Mouth closed
1713363033.424345,0.619140625,0.762451171875,0.22509765625,Mouth closed
1713363033.460814,0.6240234375,0.76318359375,0.220458984375,Mouth closed
1713363033.501073,0.625244140625,0.763916015625,0.2177734375,Mouth closed
1713363033.539245,0.62451171875,0.763671875,0.216796875,Mouth closed
1713363033.593147,0.61865234375,0.765625,0.219482421875,Mouth closed
1713363033.618484,0.623779296875,0.76611328125,0.22119140625,Mouth closed
1713363033.671016,0.61962890625,0.76220703125,0.220703125,Mouth closed
1713363033.698597,0.6220703125,0.761962890625,0.22265625,Mouth closed
1713363033.747176,0.61865234375,0.76611328125,0.226806640625,Mouth closed
1713363033.787156,0.6201171875,0.76611328125,0.22607421875,Mouth closed
1713363033.824544,0.61962890625,0.765380859375,0.228759765625,Mouth closed
1713363033.862322,0.62158203125,0.76123046875,0.22314453125,Mouth closed
1713363033.901803,0.619384765625,0.766845703125,0.228759765625,Mouth closed
1713363033.940213,0.6181640625,0.76416015625,0.222412109375,Mouth closed
1713363033.984513,0.62060546875,0.762939453125,0.223388671875,Mouth closed
1713363034.021385,0.6162109375,0.764404296875,0.226318359375,Mouth closed
1713363034.061483,0.618408203125,0.7685546875,0.2236328125,Mouth closed
1713363034.101389,0.62109375,0.767822265625,0.22314453125,Mouth closed
1713363034.141176,0.62109375,0.76513671875,0.2236328125,Mouth closed
1713363034.182915,0.619384765625,0.7666015625,0.222900390625,Mouth closed
1713363034.221792,0.62109375,0.76171875,0.224609375,Mouth closed
1713363034.262451,0.621826171875,0.761474609375,0.22509765625,Mouth closed
1713363034.301829,0.615478515625,0.763671875,0.224365234375,Mouth closed
1713363034.341092,0.622314453125,0.762939453125,0.22412109375,Mouth closed
1713363034.382396,0.615234375,0.7587890625,0.219482421875,Mouth closed
1713363034.420241,0.622802734375,0.7607421875,0.220458984375,Mouth closed
1713363034.46053,0.62255859375,0.766357421875,0.22216796875,Mouth closed
1713363034.501711,0.625244140625,0.767822265625,0.21923828125,Mouth closed
1713363034.541446,0.615478515625,0.761474609375,0.22021484375,Mouth closed
1713363034.581249,0.61474609375,0.76025390625,0.2197265625,Mouth closed
1713363034.623635,0.62060546875,0.76416015625,0.225830078125,Mouth closed
1713363034.662436,0.62109375,0.767578125,0.22216796875,Mouth closed
1713363034.705461,0.614990234375,0.76171875,0.2216796875,Mouth closed
1713363034.747701,0.623291015625,0.765380859375,0.2255859375,Mouth closed
1713363034.783667,0.619140625,0.7666015625,0.22021484375,Mouth closed
1713363034.823692,0.620361328125,0.759033203125,0.221923828125,Mouth closed
1713363034.862683,0.619384765625,0.76513671875,0.224365234375,Mouth closed
1713363034.902407,0.622802734375,0.76806640625,0.22314453125,Mouth closed
1713363034.943866,0.619384765625,0.76416015625,0.222412109375,Mouth closed
1713363034.995708,0.62109375,0.7646484375,0.221435546875,Mouth closed
1713363035.023197,0.61767578125,0.76513671875,0.224365234375,Mouth closed
1713363035.065741,0.6201171875,0.763671875,0.22265625,Mouth closed
1713363035.101213,0.6181640625,0.766357421875,0.2294921875,Mouth closed
1713363035.149875,0.618896484375,0.76171875,0.228515625,Mouth closed
1713363035.18881,0.6240234375,0.76025390625,0.22802734375,Mouth closed
1713363035.229113,0.62548828125,0.759033203125,0.222412109375,Mouth closed
1713363035.266017,0.6259765625,0.764404296875,0.22314453125,Mouth closed
1713363035.305848,0.618896484375,0.767822265625,0.224853515625,Mouth closed
1713363035.345076,0.62255859375,0.764404296875,0.219970703125,Mouth closed
1713363035.385255,0.618896484375,0.759521484375,0.221435546875,Mouth closed
1713363035.423778,0.6259765625,0.7626953125,0.23046875,Mouth closed
1713363035.475228,0.6181640625,0.762939453125,0.247802734375,Mouth closed
1713363035.503412,0.623779296875,0.755859375,0.21337890625,Mouth closed
1713363035.545388,0.60693359375,0.760986328125,0.22705078125,Mouth closed
1713363035.581552,0.63134765625,0.75927734375,0.227783203125,Mouth closed
1713363035.630633,0.62451171875,0.759521484375,0.245849609375,Mouth closed
1713363035.666499,0.622314453125,0.754638671875,0.218505859375,Mouth closed
1713363035.707393,0.623291015625,0.764892578125,0.23046875,Mouth closed
1713363035.746277,0.61767578125,0.763427734375,0.22509765625,Mouth closed
1713363035.783618,0.61865234375,0.76904296875,0.22705078125,Mouth closed
1713363035.82343,0.617919921875,0.76904296875,0.225830078125,Mouth closed
1713363035.862572,0.622314453125,0.763427734375,0.223876953125,Mouth closed
1713363035.902956,0.617919921875,0.766845703125,0.229248046875,Mouth closed
1713363035.942681,0.617431640625,0.768798828125,0.228759765625,Mouth closed
1713363035.983424,0.61962890625,0.7744140625,0.226806640625,Mouth closed
1713363036.022337,0.62109375,0.762939453125,0.220947265625,Mouth closed
1713363036.063698,0.61865234375,0.75634765625,0.232666015625,Mouth closed
1713363036.104404,0.61474609375,0.758544921875,0.234375,Mouth closed
1713363036.142539,0.620849609375,0.760986328125,0.228759765625,Mouth closed
1713363036.185504,0.619873046875,0.765380859375,0.228271484375,Mouth closed
1713363036.221098,0.624267578125,0.76220703125,0.22705078125,Mouth closed
1713363036.260984,0.619873046875,0.7578125,0.222900390625,Mouth closed
1713363036.301202,0.620361328125,0.76123046875,0.227294921875,Mouth closed
1713363036.341308,0.615966796875,0.7626953125,0.231201171875,Mouth closed
1713363036.385509,0.61962890625,0.76318359375,0.229736328125,Mouth closed
1713363036.42408,0.61572265625,0.758056640625,0.2314453125,Mouth closed
1713363036.462667,0.6181640625,0.76123046875,0.232421875,Mouth closed
1713363036.505128,0.61865234375,0.762939453125,0.231689453125,Mouth closed
1713363036.548833,0.61669921875,0.762939453125,0.228759765625,Mouth closed
1713363036.590931,0.61669921875,0.766357421875,0.23291015625,Mouth closed
1713363036.624593,0.616455078125,0.76513671875,0.228759765625,Mouth closed
1713363036.66892,0.613525390625,0.766845703125,0.228759765625,Mouth closed
1713363036.70846,0.615234375,0.765380859375,0.22802734375,Mouth closed
1713363036.744667,0.615966796875,0.767822265625,0.228759765625,Mouth closed
1713363036.795426,0.614013671875,0.764404296875,0.2314453125,Mouth closed
1713363036.824135,0.6171875,0.767333984375,0.234375,Mouth closed
1713363036.874285,0.6103515625,0.76416015625,0.23486328125,Mouth closed
1713363036.901346,0.618408203125,0.76513671875,0.23291015625,Mouth closed
1713363036.94944,0.617431640625,0.7607421875,0.23193359375,Mouth closed
1713363036.987222,0.62158203125,0.766845703125,0.23291015625,Mouth closed
1713363037.022382,0.61181640625,0.7685546875,0.23388671875,Mouth closed
1713363037.06365,0.618896484375,0.767822265625,0.22900390625,Mouth closed
1713363037.103209,0.616943359375,0.763427734375,0.227783203125,Mouth closed
1713363037.144877,0.616455078125,0.7607421875,0.23046875,Mouth closed
1713363037.185664,0.614501953125,0.765869140625,0.234130859375,Mouth closed
1713363037.224367,0.61572265625,0.763916015625,0.2294921875,Mouth closed
1713363037.264232,0.61376953125,0.765380859375,0.23046875,Mouth closed
1713363037.304187,0.61865234375,0.7685546875,0.234375,Mouth closed
1713363037.344169,0.6171875,0.761474609375,0.23095703125,Mouth closed
1713363037.385987,0.614501953125,0.762451171875,0.2265625,Mouth closed
1713363037.425559,0.615966796875,0.764404296875,0.227294921875,Mouth closed
1713363037.464168,0.616943359375,0.768798828125,0.228271484375,Mouth closed
1713363037.504301,0.61376953125,0.767333984375,0.227294921875,Mouth closed
1713363037.542177,0.618408203125,0.76611328125,0.2275390625,Mouth closed
1713363037.586047,0.616455078125,0.765625,0.230712890625,Mouth closed
1713363037.624071,0.615966796875,0.764892578125,0.228515625,Mouth closed
1713363037.663308,0.615966796875,0.763427734375,0.2294921875,Mouth closed
1713363037.710403,0.61474609375,0.763427734375,0.230224609375,Mouth closed
1713363037.747708,0.619384765625,0.766845703125,0.229736328125,Mouth closed
1713363037.784224,0.621337890625,0.765869140625,0.2275390625,Mouth closed
1713363037.828647,0.618408203125,0.762939453125,0.225830078125,Mouth closed
1713363037.870151,0.61767578125,0.76904296875,0.22900390625,Mouth closed
1713363037.907704,0.618408203125,0.7685546875,0.2265625,Mouth closed
1713363037.949685,0.615478515625,0.76416015625,0.22509765625,Mouth closed
1713363037.989132,0.6162109375,0.761962890625,0.23046875,Mouth closed
1713363038.029857,0.6142578125,0.765869140625,0.23193359375,Mouth closed
1713363038.066601,0.62158203125,0.7666015625,0.23046875,Mouth closed
1713363038.10519,0.609130859375,0.764892578125,0.228515625,Mouth closed
1713363038.145414,0.6201171875,0.7666015625,0.23046875,Mouth closed
1713363038.185378,0.615966796875,0.76123046875,0.228515625,Mouth closed
1713363038.226238,0.621337890625,0.76025390625,0.224609375,Mouth closed
1713363038.264219,0.613037109375,0.7626953125,0.2314453125,Mouth closed
1713363038.304478,0.614990234375,0.76416015625,0.236572265625,Mouth closed
1713363038.343473,0.616943359375,0.762939453125,0.2314453125,Mouth closed
1713363038.386556,0.6171875,0.7666015625,0.233154296875,Mouth closed
1713363038.4245,0.6201171875,0.764404296875,0.22998046875,Mouth closed
1713363038.466379,0.618896484375,0.764404296875,0.22998046875,Mouth closed
1713363038.505235,0.618408203125,0.76416015625,0.233642578125,Mouth closed
1713363038.545639,0.617919921875,0.762451171875,0.234619140625,Mouth closed
1713363038.58629,0.619873046875,0.761474609375,0.231689453125,Mouth closed
1713363038.626544,0.6220703125,0.761474609375,0.227294921875,Mouth closed
1713363038.665203,0.625732421875,0.762451171875,0.22998046875,Mouth closed
1713363038.706588,0.61474609375,0.76708984375,0.23193359375,Mouth closed
1713363038.745444,0.62158203125,0.767578125,0.228759765625,Mouth closed
1713363038.78548,0.616943359375,0.76025390625,0.227783203125,Mouth closed
1713363038.82506,0.6171875,0.761474609375,0.23046875,Mouth closed
1713363038.862285,0.614990234375,0.7607421875,0.234375,Mouth closed
1713363038.902299,0.6201171875,0.763427734375,0.234130859375,Mouth closed
1713363038.945224,0.623779296875,0.761962890625,0.231689453125,Mouth closed
1713363038.983764,0.620361328125,0.759765625,0.232421875,Mouth closed
1713363039.026063,0.622314453125,0.7646484375,0.232666015625,Mouth closed
1713363039.064501,0.619873046875,0.7607421875,0.226806640625,Mouth closed
1713363039.106742,0.619873046875,0.76123046875,0.228759765625,Mouth closed
1713363039.14492,0.6162109375,0.763427734375,0.232177734375,Mouth closed
1713363039.187127,0.619140625,0.763427734375,0.23193359375,Mouth closed
1713363039.224619,0.620361328125,0.763427734375,0.2314453125,Mouth closed
1713363039.265158,0.619873046875,0.766357421875,0.234375,Mouth closed
1713363039.305875,0.617919921875,0.763671875,0.233642578125,Mouth closed
1713363039.345469,0.614501953125,0.766845703125,0.234375,Mouth closed
1713363039.385482,0.618408203125,0.761474609375,0.2314453125,Mouth closed
1713363039.431711,0.613037109375,0.760498046875,0.231201171875,Mouth closed
1713363039.469357,0.621826171875,0.76318359375,0.230224609375,Mouth closed
1713363039.509945,0.623291015625,0.76171875,0.222900390625,Mouth closed
1713363039.54887,0.623291015625,0.76416015625,0.22509765625,Mouth closed
1713363039.589621,0.620361328125,0.77001953125,0.2275390625,Mouth closed
1713363039.630508,0.620361328125,0.768798828125,0.22802734375,Mouth closed
1713363039.669169,0.619384765625,0.761962890625,0.227783203125,Mouth closed
1713363039.708717,0.619384765625,0.76220703125,0.233642578125,Mouth closed
1713363039.750458,0.61572265625,0.7607421875,0.23583984375,Mouth closed
1713363039.787465,0.62060546875,0.76220703125,0.233642578125,Mouth closed
1713363039.827879,0.614501953125,0.762451171875,0.234375,Mouth closed
1713363039.86783,0.62109375,0.76416015625,0.23583984375,Mouth closed
1713363039.908409,0.619384765625,0.76318359375,0.231201171875,Mouth closed
1713363039.947209,0.6162109375,0.76171875,0.22998046875,Mouth closed
1713363039.990221,0.61669921875,0.760986328125,0.228515625,Mouth closed
1713363040.028996,0.6171875,0.763916015625,0.2333984375,Mouth closed
1713363040.068605,0.6181640625,0.764892578125,0.231201171875,Mouth closed
1713363040.106905,0.6201171875,0.765625,0.2265625,Mouth closed
1713363040.148448,0.617431640625,0.764892578125,0.2275390625,Mouth closed
1713363040.184461,0.6181640625,0.765625,0.2294921875,Mouth closed
1713363040.224116,0.616455078125,0.763671875,0.232177734375,Mouth closed
1713363040.266935,0.6181640625,0.764404296875,0.22998046875,Mouth closed
1713363040.30662,0.619140625,0.765625,0.22607421875,Mouth closed
1713363040.346446,0.619873046875,0.760498046875,0.2255859375,Mouth closed
1713363040.389248,0.619384765625,0.759765625,0.2236328125,Mouth closed
1713363040.426275,0.619140625,0.763671875,0.22705078125,Mouth closed
1713363040.467238,0.6220703125,0.7705078125,0.228271484375,Mouth closed
1713363040.506594,0.618408203125,0.764892578125,0.22705078125,Mouth closed
1713363040.547473,0.619873046875,0.761962890625,0.2255859375,Mouth closed
1713363040.587966,0.61572265625,0.762939453125,0.231201171875,Mouth closed
1713363040.628716,0.618408203125,0.767822265625,0.234619140625,Mouth closed
1713363040.668601,0.617919921875,0.7666015625,0.232177734375,Mouth closed
1713363040.707871,0.61669921875,0.76220703125,0.22509765625,Mouth closed
1713363040.748007,0.62158203125,0.760498046875,0.224609375,Mouth closed
1713363040.787108,0.61865234375,0.761962890625,0.224365234375,Mouth closed
1713363040.826763,0.618408203125,0.76220703125,0.22900390625,Mouth closed
1713363040.866421,0.6162109375,0.7666015625,0.233154296875,Mouth closed
1713363040.912178,0.6142578125,0.76318359375,0.229736328125,Mouth closed
1713363040.949128,0.619384765625,0.76708984375,0.230712890625,Mouth closed
1713363040.988996,0.618408203125,0.765380859375,0.228759765625,Mouth closed
1713363041.029986,0.6181640625,0.76318359375,0.232177734375,Mouth closed
1713363041.079748,0.618896484375,0.762939453125,0.23291015625,Mouth closed
1713363041.11474,0.620849609375,0.76318359375,0.233154296875,Mouth closed
1713363041.150131,0.61669921875,0.764404296875,0.230712890625,Mouth closed
1713363041.193416,0.61767578125,0.758544921875,0.230712890625,Mouth closed
1713363041.229263,0.6220703125,0.76220703125,0.231201171875,Mouth closed
1713363041.272756,0.621826171875,0.76513671875,0.23046875,Mouth closed
1713363041.310732,0.62060546875,0.764404296875,0.226318359375,Mouth closed
1713363041.350143,0.61865234375,0.760986328125,0.228271484375,Mouth closed
1713363041.389558,0.618896484375,0.76123046875,0.2314453125,Mouth closed
1713363041.428529,0.613525390625,0.76708984375,0.232666015625,Mouth closed
1713363041.469753,0.62158203125,0.766845703125,0.232421875,Mouth closed
1713363041.508233,0.61279296875,0.76171875,0.227294921875,Mouth closed
1713363041.548483,0.62158203125,0.7626953125,0.232177734375,Mouth closed
1713363041.588252,0.6171875,0.763427734375,0.224365234375,Mouth closed
1713363041.630689,0.621337890625,0.764892578125,0.22314453125,Mouth closed
1713363041.670606,0.620849609375,0.759033203125,0.227783203125,Mouth closed
1713363041.709622,0.618408203125,0.763916015625,0.224853515625,Mouth closed
1713363041.749394,0.620361328125,0.763671875,0.22412109375,Mouth closed
1713363041.790204,0.623046875,0.763916015625,0.22509765625,Mouth closed
1713363041.835172,0.6240234375,0.764404296875,0.228515625,Mouth closed
1713363041.875195,0.6201171875,0.7626953125,0.228759765625,Mouth closed
1713363041.911097,0.620361328125,0.76220703125,0.2294921875,Mouth closed
1713363041.95107,0.6201171875,0.76220703125,0.231689453125,Mouth closed
1713363041.991496,0.62109375,0.75927734375,0.22998046875,Mouth closed
1713363042.031263,0.619873046875,0.758544921875,0.225341796875,Mouth closed
1713363042.070347,0.6220703125,0.763671875,0.227783203125,Mouth closed
1713363042.109348,0.621826171875,0.763427734375,0.229248046875,Mouth closed
1713363042.155428,0.62158203125,0.7646484375,0.227294921875,Mouth closed
1713363042.196336,0.620361328125,0.759765625,0.2236328125,Mouth closed
1713363042.231513,0.6220703125,0.765869140625,0.228759765625,Mouth closed
1713363042.269452,0.6220703125,0.758056640625,0.232421875,Mouth closed
1713363042.32391,0.620849609375,0.759521484375,0.22998046875,Mouth closed
1713363042.350456,0.620361328125,0.758544921875,0.23046875,Mouth closed
1713363042.399893,0.625,0.7626953125,0.227783203125,Mouth closed
1713363042.437396,0.621826171875,0.764892578125,0.226806640625,Mouth closed
1713363042.477281,0.62158203125,0.761474609375,0.228515625,Mouth closed
1713363042.512879,0.618896484375,0.7587890625,0.233642578125,Mouth closed
1713363042.55305,0.6181640625,0.76416015625,0.232666015625,Mouth closed
1713363042.591821,0.622802734375,0.76513671875,0.225830078125,Mouth closed
1713363042.631635,0.623779296875,0.759765625,0.224609375,Mouth closed
1713363042.671102,0.619384765625,0.7646484375,0.23193359375,Mouth closed
1713363042.710914,0.62060546875,0.76318359375,0.228271484375,Mouth closed
1713363042.749096,0.62158203125,0.757080078125,0.23095703125,Mouth closed
1713363042.789409,0.6201171875,0.7646484375,0.22802734375,Mouth closed
1713363042.828675,0.625244140625,0.76318359375,0.227294921875,Mouth closed
1713363042.871154,0.62255859375,0.760009765625,0.2216796875,Mouth closed
1713363042.909535,0.62158203125,0.755859375,0.224365234375,Mouth closed
1713363042.949111,0.61669921875,0.76416015625,0.23046875,Mouth closed
1713363042.990109,0.627197265625,0.76220703125,0.2275390625,Mouth closed
1713363043.030253,0.62060546875,0.760986328125,0.2236328125,Mouth closed
1713363043.070522,0.617431640625,0.7607421875,0.228759765625,Mouth closed
1713363043.113071,0.61767578125,0.76123046875,0.2314453125,Mouth closed
1713363043.152998,0.623046875,0.76171875,0.23291015625,Mouth closed
1713363043.194201,0.62890625,0.759033203125,0.2294921875,Mouth closed
1713363043.23267,0.620849609375,0.7607421875,0.228271484375,Mouth closed
1713363043.272962,0.626220703125,0.76220703125,0.226806640625,Mouth closed
1713363043.310112,0.622314453125,0.762451171875,0.22509765625,Mouth closed
1713363043.35002,0.62109375,0.75634765625,0.226806640625,Mouth closed
1713363043.395163,0.620849609375,0.763427734375,0.230224609375,Mouth closed
1713363043.431172,0.61865234375,0.7626953125,0.224609375,Mouth closed
1713363043.472676,0.62353515625,0.763671875,0.224609375,Mouth closed
1713363043.510462,0.619140625,0.759765625,0.224853515625,Mouth closed
1713363043.550033,0.62158203125,0.76318359375,0.226806640625,Mouth closed
1713363043.590476,0.621826171875,0.761962890625,0.2294921875,Mouth closed
1713363043.640014,0.62060546875,0.761962890625,0.23046875,Mouth closed
1713363043.670114,0.623046875,0.762451171875,0.2294921875,Mouth closed
1713363043.717328,0.61669921875,0.756103515625,0.225830078125,Mouth closed
1713363043.756496,0.620361328125,0.754638671875,0.225341796875,Mouth closed
1713363043.794413,0.623779296875,0.766845703125,0.216552734375,Mouth closed
1713363043.832735,0.625244140625,0.763671875,0.220458984375,Mouth closed
1713363043.871841,0.616943359375,0.759521484375,0.22900390625,Mouth closed
1713363043.911165,0.623046875,0.763671875,0.236083984375,Mouth closed
1713363043.950063,0.621337890625,0.759521484375,0.232666015625,Mouth closed
1713363043.990083,0.62451171875,0.762939453125,0.23291015625,Mouth closed
1713363044.030906,0.627197265625,0.7607421875,0.2275390625,Mouth closed
1713363044.068536,0.62109375,0.763916015625,0.23046875,Mouth closed
1713363044.114704,0.62158203125,0.767333984375,0.216064453125,Mouth closed
1713363044.149165,0.625732421875,0.76025390625,0.22705078125,Mouth closed
1713363044.188846,0.6279296875,0.76318359375,0.2275390625,Mouth closed
1713363044.230699,0.615234375,0.757568359375,0.229736328125,Mouth closed
1713363044.269862,0.622802734375,0.76123046875,0.23193359375,Mouth closed
1713363044.310435,0.615478515625,0.766845703125,0.23974609375,Mouth closed
1713363044.350414,0.619384765625,0.760986328125,0.23486328125,Mouth closed
1713363044.395923,0.611572265625,0.757568359375,0.238037109375,Mouth closed
1713363044.434212,0.6181640625,0.7646484375,0.24365234375,Mouth closed
1713363044.473825,0.615478515625,0.761474609375,0.236083984375,Mouth closed
1713363044.510214,0.616455078125,0.76025390625,0.240966796875,Mouth closed
1713363044.551595,0.62158203125,0.76318359375,0.237060546875,Mouth closed
1713363044.594689,0.611572265625,0.76123046875,0.239990234375,Mouth closed
1713363044.631443,0.623046875,0.76513671875,0.233154296875,Mouth closed
1713363044.670286,0.620849609375,0.76318359375,0.229248046875,Mouth closed
1713363044.707413,0.6240234375,0.757568359375,0.22802734375,Mouth closed
1713363044.749279,0.617919921875,0.7587890625,0.23388671875,Mouth closed
1713363044.788566,0.624267578125,0.760986328125,0.232177734375,Mouth closed
1713363044.829423,0.629638671875,0.759033203125,0.232177734375,Mouth closed
1713363044.87511,0.621337890625,0.75537109375,0.23486328125,Mouth closed
1713363044.910461,0.624755859375,0.75634765625,0.230712890625,Mouth closed
1713363044.950898,0.62255859375,0.759521484375,0.235595703125,Mouth closed
1713363044.992556,0.62158203125,0.758056640625,0.235595703125,Mouth closed
1713363045.034466,0.62158203125,0.758056640625,0.236328125,Mouth closed
1713363045.070072,0.619873046875,0.760498046875,0.2373046875,Mouth closed
1713363045.118399,0.62109375,0.76123046875,0.23291015625,Mouth closed
1713363045.157681,0.62158203125,0.761962890625,0.23486328125,Mouth closed
1713363045.195072,0.62646484375,0.757568359375,0.22998046875,Mouth closed
1713363045.234385,0.621826171875,0.76025390625,0.232421875,Mouth closed
1713363045.271334,0.6220703125,0.755615234375,0.23193359375,Mouth closed
1713363045.309878,0.62158203125,0.760986328125,0.237060546875,Mouth closed
1713363045.350496,0.624755859375,0.762939453125,0.2294921875,Mouth closed
1713363045.389284,0.622314453125,0.75732421875,0.23095703125,Mouth closed
1713363045.432957,0.625,0.758544921875,0.227294921875,Mouth closed
1713363045.470282,0.620361328125,0.763671875,0.232666015625,Mouth closed
1713363045.512665,0.62255859375,0.761474609375,0.236572265625,Mouth closed
1713363045.551997,0.619873046875,0.75439453125,0.2314453125,Mouth closed
1713363045.590984,0.625732421875,0.760498046875,0.23779296875,Mouth closed
1713363045.632266,0.624267578125,0.757568359375,0.233154296875,Mouth closed
1713363045.673279,0.625732421875,0.757080078125,0.231201171875,Mouth closed
1713363045.7146,0.6240234375,0.757080078125,0.235595703125,Mouth closed
1713363045.753444,0.625,0.759765625,0.23388671875,Mouth closed
1713363045.793719,0.6240234375,0.7587890625,0.2333984375,Mouth closed
1713363045.832187,0.621337890625,0.760498046875,0.2314453125,Mouth closed
1713363045.874017,0.623779296875,0.7607421875,0.229736328125,Mouth closed
1713363045.913692,0.6181640625,0.75732421875,0.232666015625,Mouth closed
1713363045.952055,0.623291015625,0.75927734375,0.232666015625,Mouth closed
1713363045.991238,0.625,0.763427734375,0.230712890625,Mouth closed
1713363046.031118,0.617919921875,0.76171875,0.23828125,Mouth closed
1713363046.071804,0.6181640625,0.753173828125,0.23095703125,Mouth closed
1713363046.111399,0.62060546875,0.754150390625,0.23583984375,Mouth closed
1713363046.154205,0.621337890625,0.755126953125,0.23486328125,Mouth closed
1713363046.19416,0.626220703125,0.7587890625,0.232421875,Mouth closed
1713363046.232008,0.629150390625,0.7607421875,0.230712890625,Mouth closed
1713363046.278484,0.622314453125,0.760009765625,0.232421875,Mouth closed
1713363046.313286,0.62939453125,0.762451171875,0.232421875,Mouth closed
1713363046.353741,0.623046875,0.75830078125,0.22998046875,Mouth closed
1713363046.400317,0.62841796875,0.755126953125,0.22998046875,Mouth closed
1713363046.443497,0.6240234375,0.75732421875,0.23193359375,Mouth closed
1713363046.481017,0.624755859375,0.756591796875,0.231689453125,Mouth closed
1713363046.51813,0.626953125,0.759521484375,0.22998046875,Mouth closed
1713363046.554856,0.6259765625,0.759521484375,0.227783203125,Mouth closed
1713363046.59439,0.6259765625,0.758544921875,0.22802734375,Mouth closed
1713363046.63322,0.6240234375,0.760009765625,0.229736328125,Mouth closed
1713363046.673889,0.627685546875,0.757568359375,0.227294921875,Mouth closed
1713363046.713771,0.6279296875,0.75830078125,0.226806640625,Mouth closed
1713363046.755184,0.626953125,0.7568359375,0.22314453125,Mouth closed
1713363046.793002,0.626953125,0.76025390625,0.228515625,Mouth closed
1713363046.833594,0.6298828125,0.7587890625,0.22216796875,Mouth closed
1713363046.873999,0.62158203125,0.758056640625,0.220947265625,Mouth closed
1713363046.915821,0.621826171875,0.759765625,0.227294921875,Mouth closed
1713363046.954168,0.619873046875,0.76416015625,0.22607421875,Mouth closed
1713363046.995007,0.62548828125,0.761962890625,0.2275390625,Mouth closed
1713363047.03443,0.621826171875,0.7587890625,0.226806640625,Mouth closed
1713363047.081157,0.62646484375,0.760986328125,0.22607421875,Mouth closed
1713363047.115087,0.623779296875,0.75634765625,0.22216796875,Mouth closed
1713363047.158499,0.622802734375,0.76123046875,0.22705078125,Mouth closed
1713363047.194374,0.62158203125,0.763427734375,0.23095703125,Mouth closed
1713363047.234432,0.621826171875,0.76220703125,0.228515625,Mouth closed
1713363047.273923,0.623046875,0.761474609375,0.228271484375,Mouth closed
1713363047.312282,0.622802734375,0.759765625,0.225830078125,Mouth closed
1713363047.353227,0.62158203125,0.759521484375,0.2275390625,Mouth closed
1713363047.394308,0.622802734375,0.757568359375,0.224853515625,Mouth closed
1713363047.433074,0.62646484375,0.7578125,0.234130859375,Mouth closed
1713363047.476617,0.62890625,0.75927734375,0.231201171875,Mouth closed
1713363047.516145,0.627685546875,0.757080078125,0.2294921875,Mouth closed
1713363047.554044,0.623779296875,0.7568359375,0.228515625,Mouth closed
1713363047.608695,0.62548828125,0.76123046875,0.227294921875,Mouth closed
1713363047.634453,0.623291015625,0.760009765625,0.2236328125,Mouth closed
1713363047.684417,0.624267578125,0.75439453125,0.227294921875,Mouth closed
1713363047.715133,0.61962890625,0.7607421875,0.230712890625,Mouth closed
1713363047.762681,0.6259765625,0.761474609375,0.232666015625,Mouth closed
1713363047.802709,0.618896484375,0.76025390625,0.225341796875,Mouth closed
1713363047.838699,0.624755859375,0.7568359375,0.228759765625,Mouth closed
1713363047.883224,0.621337890625,0.7607421875,0.228759765625,Mouth closed
1713363047.918856,0.627197265625,0.75830078125,0.227294921875,Mouth closed
1713363047.961034,0.621826171875,0.758544921875,0.22705078125,Mouth closed
1713363047.995183,0.621826171875,0.76123046875,0.23095703125,Mouth closed
1713363048.040069,0.621826171875,0.7646484375,0.226806640625,Mouth open
1713363048.084258,0.625244140625,0.760498046875,0.226318359375,Mouth open
1713363048.123197,0.62353515625,0.759033203125,0.224853515625,Mouth open
1713363048.162325,0.6240234375,0.760498046875,0.22900390625,Mouth open
1713363048.202649,0.625,0.75830078125,0.231201171875,Mouth open
1713363048.241477,0.623291015625,0.759033203125,0.23046875,Mouth open
1713363048.281137,0.626220703125,0.759033203125,0.230712890625,Mouth open
1713363048.320859,0.6240234375,0.75830078125,0.229736328125,Mouth open
1713363048.360072,0.625732421875,0.75732421875,0.2275390625,Mouth open
1713363048.40732,0.6220703125,0.76025390625,0.2265625,Mouth open
1713363048.439198,0.625244140625,0.7685546875,0.228271484375,Mouth open
1713363048.477174,0.621337890625,0.758544921875,0.223388671875,Mouth open
1713363048.519935,0.625244140625,0.759765625,0.227294921875,Mouth open
1713363048.572718,0.622314453125,0.760009765625,0.22998046875,Mouth open
1713363048.599482,0.62158203125,0.76318359375,0.23095703125,Mouth open
1713363048.652105,0.625,0.761474609375,0.2265625,Mouth open
1713363048.678901,0.625,0.756103515625,0.224609375,Mouth open
1713363048.723528,0.627197265625,0.76025390625,0.2255859375,Mouth open
1713363048.756392,0.62451171875,0.759765625,0.224853515625,Mouth open
1713363048.810891,0.625,0.758544921875,0.224365234375,Mouth open
1713363048.838087,0.62451171875,0.76025390625,0.228271484375,Mouth open
1713363048.882277,0.62451171875,0.76025390625,0.225341796875,Mouth open
1713363048.92061,0.623779296875,0.76123046875,0.224365234375,Mouth open
1713363048.970631,0.62548828125,0.7587890625,0.227783203125,Mouth open
1713363048.998565,0.625,0.758056640625,0.228271484375,Mouth open
1713363049.050364,0.625732421875,0.75732421875,0.228759765625,Mouth open
1713363049.079188,0.622314453125,0.75732421875,0.23095703125,Mouth open
1713363049.133298,0.6220703125,0.759521484375,0.227783203125,Mouth open
1713363049.159174,0.622314453125,0.758056640625,0.2265625,Mouth open
1713363049.203892,0.621337890625,0.7587890625,0.223876953125,Mouth open
1713363049.239444,0.6240234375,0.7587890625,0.22265625,Mouth open
1713363049.291784,0.62109375,0.759521484375,0.224365234375,Mouth open
1713363049.318129,0.62451171875,0.7666015625,0.228759765625,Mouth open
1713363049.369844,0.623046875,0.762939453125,0.226806640625,Mouth open
1713363049.398561,0.6171875,0.759521484375,0.22802734375,Mouth open
1713363049.452552,0.62060546875,0.760498046875,0.23193359375,Mouth open
1713363049.47912,0.619873046875,0.763671875,0.2333984375,Mouth open
1713363049.523866,0.626953125,0.76025390625,0.229248046875,Mouth open
1713363049.561415,0.623046875,0.76025390625,0.228515625,Mouth open
1713363049.612098,0.62548828125,0.762939453125,0.22705078125,Mouth open
1713363049.646714,0.62353515625,0.76025390625,0.22509765625,Mouth open
1713363049.679439,0.623291015625,0.761474609375,0.223876953125,Mouth open
1713363049.719823,0.619873046875,0.76123046875,0.22900390625,Mouth open
1713363049.759031,0.625,0.761474609375,0.226318359375,Mouth open
1713363049.798951,0.622802734375,0.761962890625,0.222412109375,Mouth open
1713363049.839063,0.622802734375,0.759765625,0.2236328125,Mouth open
1713363049.877986,0.62548828125,0.7607421875,0.22412109375,Mouth open
1713363049.924023,0.623046875,0.762939453125,0.2255859375,Mouth open
1713363049.957029,0.622314453125,0.763427734375,0.2275390625,Mouth open
1713363049.996314,0.6240234375,0.760986328125,0.225341796875,Mouth open
1713363050.039338,0.617919921875,0.759033203125,0.22265625,Mouth open
1713363050.079475,0.621337890625,0.75732421875,0.22021484375,Mouth open
1713363050.117308,0.62109375,0.764404296875,0.224609375,Mouth open
1713363050.16598,0.6259765625,0.767578125,0.22119140625,Mouth open
1713363050.198259,0.6259765625,0.763916015625,0.221435546875,Mouth open
1713363050.247778,0.618896484375,0.75732421875,0.2236328125,Mouth open
1713363050.28532,0.62255859375,0.7626953125,0.223876953125,Mouth open
1713363050.320086,0.623291015625,0.7646484375,0.228271484375,Mouth open
1713363050.364539,0.623291015625,0.7626953125,0.22412109375,Mouth open
1713363050.40322,0.625,0.75927734375,0.2255859375,Mouth open
1713363050.443125,0.62646484375,0.76025390625,0.22119140625,Mouth open
1713363050.481533,0.62109375,0.759521484375,0.21533203125,Mouth open
1713363050.518865,0.6259765625,0.758056640625,0.21826171875,Mouth open
1713363050.558821,0.62744140625,0.75537109375,0.22509765625,Mouth open
1713363050.597982,0.6318359375,0.760009765625,0.2197265625,Mouth open
1713363050.636931,0.625244140625,0.75830078125,0.237060546875,Mouth open
1713363050.677314,0.62451171875,0.7607421875,0.23876953125,Mouth open
1713363050.718042,0.623046875,0.7578125,0.231689453125,Mouth open
1713363050.760289,0.630859375,0.759033203125,0.228515625,Mouth open
1713363050.801318,0.62255859375,0.74853515625,0.221435546875,Mouth open
1713363050.839097,0.635498046875,0.743408203125,0.2119140625,Mouth open
1713363050.878925,0.630859375,0.753173828125,0.215087890625,Mouth open
1713363050.920604,0.635009765625,0.759521484375,0.216552734375,Mouth open
1713363050.960014,0.642333984375,0.762451171875,0.212646484375,Mouth open
1713363051.001057,0.636962890625,0.75634765625,0.2080078125,Mouth open
1713363051.040099,0.630615234375,0.754638671875,0.209716796875,Mouth open
1713363051.080627,0.63330078125,0.74951171875,0.2119140625,Mouth open
1713363051.121545,0.631103515625,0.75634765625,0.216552734375,Mouth open
1713363051.159664,0.630859375,0.75927734375,0.22021484375,Mouth open
1713363051.198146,0.631591796875,0.75732421875,0.213623046875,Mouth open
1713363051.238715,0.634765625,0.75634765625,0.218994140625,Mouth open
1713363051.277889,0.630126953125,0.75830078125,0.217529296875,Mouth open
1713363051.321662,0.633056640625,0.7568359375,0.21728515625,Mouth open
1713363051.357965,0.6298828125,0.753173828125,0.22216796875,Mouth open
1713363051.397974,0.629638671875,0.75634765625,0.22216796875,Mouth open
1713363051.43828,0.630126953125,0.7568359375,0.2158203125,Mouth open
1713363051.48567,0.632080078125,0.759765625,0.216552734375,Mouth open
1713363051.518935,0.6337890625,0.756591796875,0.21337890625,Mouth open
1713363051.559958,0.630859375,0.759765625,0.218017578125,Mouth open
1713363051.606242,0.632568359375,0.7568359375,0.218017578125,Mouth open
1713363051.643887,0.629638671875,0.75537109375,0.21630859375,Mouth open
1713363051.682131,0.624755859375,0.7529296875,0.214599609375,Mouth open
1713363051.720986,0.631103515625,0.759033203125,0.2177734375,Mouth open
1713363051.759021,0.635009765625,0.76123046875,0.215576171875,Mouth open
1713363051.799807,0.63134765625,0.75927734375,0.2138671875,Mouth open
1713363051.838261,0.631103515625,0.756103515625,0.215087890625,Mouth open
1713363051.876599,0.62841796875,0.757568359375,0.22314453125,Mouth open
1713363051.916928,0.626220703125,0.759521484375,0.223388671875,Mouth open
1713363051.957176,0.635009765625,0.75537109375,0.222412109375,Mouth open
1713363051.998191,0.627685546875,0.75244140625,0.22021484375,Mouth open
1713363052.041334,0.6328125,0.75732421875,0.21923828125,Mouth open
1713363052.078258,0.63427734375,0.7548828125,0.21337890625,Mouth open
1713363052.119384,0.63134765625,0.755615234375,0.21337890625,Mouth open
1713363052.158574,0.630859375,0.7578125,0.217041015625,Mouth open
1713363052.205596,0.62939453125,0.759033203125,0.213134765625,Mouth open
1713363052.239866,0.629638671875,0.757568359375,0.21484375,Mouth open
1713363052.282103,0.62890625,0.756591796875,0.21484375,Mouth open
1713363052.318937,0.6279296875,0.75927734375,0.2158203125,Mouth open
1713363052.3599,0.62841796875,0.75927734375,0.22265625,Mouth open
1713363052.399681,0.628173828125,0.760009765625,0.223388671875,Mouth open
1713363052.43963,0.6279296875,0.75634765625,0.2197265625,Mouth open
1713363052.479278,0.630615234375,0.75244140625,0.217041015625,Mouth open
1713363052.516897,0.629638671875,0.7587890625,0.217041015625,Mouth open
1713363052.558158,0.626708984375,0.760009765625,0.217529296875,Mouth open
1713363052.602096,0.630615234375,0.764404296875,0.214111328125,Mouth open
1713363052.641333,0.62890625,0.755859375,0.213623046875,Mouth open
1713363052.679024,0.628173828125,0.755126953125,0.218017578125,Mouth open
1713363052.724939,0.6298828125,0.759033203125,0.22314453125,Mouth open
1713363052.759953,0.6318359375,0.76025390625,0.22265625,Mouth open
1713363052.804326,0.621826171875,0.75244140625,0.221923828125,Mouth open
1713363052.84518,0.628662109375,0.760498046875,0.229248046875,Mouth open
1713363052.908394,0.626953125,0.755615234375,0.2236328125,Mouth open
1713363052.9208,0.628173828125,0.75341796875,0.221435546875,Mouth open
1713363052.969388,0.62890625,0.761474609375,0.222412109375,Mouth open
1713363053.006851,0.632568359375,0.762451171875,0.221435546875,Mouth open
1713363053.045935,0.6328125,0.759521484375,0.216064453125,Mouth open
1713363053.083784,0.63037109375,0.756591796875,0.21826171875,Mouth open
1713363053.123264,0.6279296875,0.75634765625,0.22265625,Mouth open
1713363053.160328,0.629150390625,0.755126953125,0.223388671875,Mouth open
1713363053.199405,0.62939453125,0.7529296875,0.2177734375,Mouth open
1713363053.238922,0.627197265625,0.757080078125,0.223876953125,Mouth open
1713363053.283029,0.63037109375,0.755615234375,0.220458984375,Mouth open
1713363053.319895,0.63232421875,0.7607421875,0.218505859375,Mouth open
1713363053.359931,0.630859375,0.760986328125,0.217529296875,Mouth open
1713363053.402033,0.6240234375,0.756103515625,0.217529296875,Mouth open
1713363053.442845,0.62646484375,0.757568359375,0.22412109375,Mouth open
1713363053.480693,0.626708984375,0.760498046875,0.227783203125,Mouth open
1713363053.52712,0.6328125,0.76318359375,0.22412109375,Mouth open
1713363053.562228,0.62890625,0.7568359375,0.220703125,Mouth open
1713363053.601921,0.631591796875,0.760498046875,0.22314453125,Mouth open
1713363053.641467,0.626220703125,0.75634765625,0.22021484375,Mouth open
1713363053.684099,0.6318359375,0.755126953125,0.2177734375,Mouth open
1713363053.720908,0.62353515625,0.75439453125,0.2236328125,Mouth open
1713363053.760336,0.626708984375,0.75732421875,0.22314453125,Mouth open
1713363053.799002,0.631591796875,0.7578125,0.223876953125,Mouth open
1713363053.84117,0.630615234375,0.758056640625,0.217529296875,Mouth open
1713363053.881577,0.6298828125,0.760498046875,0.222900390625,Mouth open
1713363053.920356,0.629150390625,0.755859375,0.22216796875,Mouth open
1713363053.964828,0.6259765625,0.755859375,0.221923828125,Mouth open
1713363054.001243,0.6318359375,0.756103515625,0.22119140625,Mouth open
1713363054.04161,0.624755859375,0.751953125,0.214599609375,Mouth open
1713363054.081633,0.629150390625,0.756103515625,0.219482421875,Mouth open
1713363054.133192,0.630615234375,0.7607421875,0.220458984375,Mouth open
1713363054.161162,0.6298828125,0.7607421875,0.22021484375,Mouth open
1713363054.210008,0.6259765625,0.756103515625,0.2177734375,Mouth open
1713363054.24807,0.627197265625,0.75634765625,0.22119140625,Mouth open
1713363054.287129,0.62158203125,0.759033203125,0.22509765625,Mouth open
1713363054.324943,0.630615234375,0.760498046875,0.22119140625,Mouth open
1713363054.363948,0.625732421875,0.7548828125,0.218505859375,Mouth open
1713363054.401119,0.633544921875,0.759765625,0.220703125,Mouth open
1713363054.441795,0.627685546875,0.755615234375,0.217041015625,Mouth open
1713363054.480295,0.633544921875,0.754638671875,0.216796875,Mouth open
1713363054.520878,0.628173828125,0.758056640625,0.219970703125,Mouth open
1713363054.563342,0.62841796875,0.75830078125,0.21875,Mouth open
1713363054.600857,0.63134765625,0.760009765625,0.218994140625,Mouth open
1713363054.642112,0.629150390625,0.75927734375,0.217041015625,Mouth open
1713363054.68322,0.628662109375,0.7568359375,0.220458984375,Mouth open
1713363054.722235,0.6298828125,0.757080078125,0.220947265625,Mouth open
1713363054.764083,0.62744140625,0.759765625,0.224609375,Mouth open
1713363054.801911,0.629638671875,0.754638671875,0.220458984375,Mouth open
1713363054.842237,0.630859375,0.759033203125,0.22216796875,Mouth open
1713363054.883759,0.633056640625,0.75537109375,0.2158203125,Mouth open
1713363054.923605,0.63232421875,0.7568359375,0.217041015625,Mouth open
1713363054.963486,0.627685546875,0.762451171875,0.22021484375,Mouth open
1713363055.004875,0.6318359375,0.756591796875,0.2158203125,Mouth open
1713363055.043189,0.627197265625,0.75537109375,0.21142578125,Mouth open
1713363055.082768,0.62939453125,0.755859375,0.22021484375,Mouth open
1713363055.121862,0.6259765625,0.760986328125,0.224853515625,Mouth open
1713363055.164362,0.62744140625,0.758056640625,0.221923828125,Mouth open
1713363055.20435,0.62451171875,0.755615234375,0.220703125,Mouth open
1713363055.241841,0.631591796875,0.760009765625,0.218505859375,Mouth open
1713363055.288196,0.634033203125,0.761474609375,0.219482421875,Mouth open
1713363055.323696,0.627197265625,0.758056640625,0.219482421875,Mouth open
1713363055.373434,0.626220703125,0.760009765625,0.22021484375,Mouth open
1713363055.40232,0.624755859375,0.760009765625,0.2255859375,Mouth open
1713363055.444437,0.625244140625,0.761474609375,0.222900390625,Mouth open
1713363055.48903,0.626708984375,0.76123046875,0.2197265625,Mouth open
1713363055.527946,0.62890625,0.7587890625,0.22314453125,Mouth open
1713363055.565003,0.625,0.760009765625,0.2216796875,Mouth open
1713363055.603936,0.626220703125,0.760009765625,0.223876953125,Mouth open
1713363055.645337,0.62890625,0.759033203125,0.224853515625,Mouth open
1713363055.686856,0.62841796875,0.757568359375,0.222900390625,Mouth open
1713363055.72295,0.626708984375,0.75390625,0.216796875,Mouth open
1713363055.764615,0.62548828125,0.755615234375,0.21337890625,Mouth open
1713363055.803249,0.627197265625,0.761962890625,0.216552734375,Mouth open
1713363055.842369,0.629150390625,0.7646484375,0.21826171875,Mouth open
1713363055.883302,0.62548828125,0.758544921875,0.213134765625,Mouth open
1713363055.924384,0.62548828125,0.755126953125,0.216796875,Mouth open
1713363055.9638,0.625732421875,0.7587890625,0.2197265625,Mouth open
1713363056.004046,0.62841796875,0.761962890625,0.22265625,Mouth open
1713363056.043895,0.633544921875,0.760009765625,0.21826171875,Mouth open
1713363056.085064,0.631103515625,0.759033203125,0.21630859375,Mouth open
1713363056.124236,0.628662109375,0.76318359375,0.2197265625,Mouth open
1713363056.165825,0.628662109375,0.755615234375,0.213134765625,Mouth open
1713363056.205423,0.627685546875,0.75732421875,0.21728515625,Mouth open
1713363056.245351,0.62548828125,0.75830078125,0.221923828125,Mouth open
1713363056.28528,0.626708984375,0.763671875,0.21923828125,Mouth open
1713363056.325851,0.627685546875,0.7607421875,0.21875,Mouth open
1713363056.370937,0.62744140625,0.757080078125,0.21875,Mouth open
1713363056.408847,0.626953125,0.7578125,0.220458984375,Mouth open
1713363056.448209,0.628173828125,0.759521484375,0.219970703125,Mouth open
1713363056.485409,0.62646484375,0.7568359375,0.220703125,Mouth open
1713363056.525457,0.627197265625,0.756103515625,0.221435546875,Mouth open
1713363056.566524,0.625732421875,0.75537109375,0.218505859375,Mouth open
1713363056.615391,0.633544921875,0.75830078125,0.218017578125,Mouth open
1713363056.645112,0.628662109375,0.7626953125,0.21826171875,Mouth open
1713363056.68525,0.629638671875,0.761962890625,0.21630859375,Mouth open
1713363056.731543,0.626953125,0.76123046875,0.220703125,Mouth open
1713363056.770526,0.626220703125,0.758544921875,0.221923828125,Mouth open
1713363056.808931,0.624267578125,0.76171875,0.224365234375,Mouth open
1713363056.84729,0.63037109375,0.7626953125,0.22509765625,Mouth open
1713363056.888885,0.624755859375,0.75830078125,0.219482421875,Mouth open
1713363056.926739,0.632568359375,0.7607421875,0.224609375,Mouth open
1713363056.966881,0.628662109375,0.75732421875,0.218505859375,Mouth open
1713363057.007633,0.63037109375,0.755126953125,0.220458984375,Mouth open
1713363057.044893,0.62451171875,0.75732421875,0.220947265625,Mouth open
1713363057.084806,0.628173828125,0.7578125,0.2216796875,Mouth open
1713363057.126165,0.62939453125,0.760498046875,0.22021484375,Mouth open
1713363057.16733,0.6279296875,0.759521484375,0.217041015625,Mouth open
1713363057.205892,0.627197265625,0.7548828125,0.216796875,Mouth open
1713363057.2462,0.62939453125,0.755615234375,0.218505859375,Mouth open
1713363057.287613,0.628662109375,0.758056640625,0.218994140625,Mouth open
1713363057.326927,0.6298828125,0.7568359375,0.21923828125,Mouth open
1713363057.372802,0.62841796875,0.757080078125,0.2177734375,Mouth open
1713363057.408211,0.629638671875,0.758544921875,0.217041015625,Mouth open
1713363057.446808,0.63623046875,0.75830078125,0.21826171875,Mouth open
1713363057.489976,0.632080078125,0.756103515625,0.2177734375,Mouth open
1713363057.527957,0.625,0.760009765625,0.2197265625,Mouth open
1713363057.571529,0.6328125,0.760986328125,0.215576171875,Mouth open
1713363057.61154,0.627197265625,0.7578125,0.214111328125,Mouth open
1713363057.64923,0.630126953125,0.757568359375,0.220947265625,Mouth open
1713363057.688062,0.6259765625,0.757568359375,0.225341796875,Mouth open
1713363057.728394,0.630615234375,0.759033203125,0.2236328125,Mouth open
1713363057.769206,0.63037109375,0.757080078125,0.22265625,Mouth open
1713363057.808795,0.628662109375,0.7548828125,0.220947265625,Mouth open
1713363057.847979,0.630615234375,0.7529296875,0.21826171875,Mouth open
1713363057.887844,0.63134765625,0.75439453125,0.213623046875,Mouth open
1713363057.943877,0.63134765625,0.755615234375,0.218017578125,Mouth open
1713363057.97136,0.625,0.759765625,0.2197265625,Mouth open
1713363058.014276,0.628662109375,0.759033203125,0.219970703125,Mouth open
1713363058.051019,0.631103515625,0.76123046875,0.2197265625,Mouth open
1713363058.096846,0.629638671875,0.758056640625,0.219970703125,Mouth open
1713363058.130165,0.62890625,0.757568359375,0.22265625,Mouth open
1713363058.180195,0.62841796875,0.754150390625,0.220703125,Mouth open
1713363058.210352,0.628662109375,0.756591796875,0.220703125,Mouth open
1713363058.261203,0.62890625,0.757080078125,0.2197265625,Mouth open
1713363058.290816,0.62841796875,0.757080078125,0.21630859375,Mouth open
1713363058.333,0.6337890625,0.75732421875,0.217529296875,Mouth open
1713363058.369429,0.627685546875,0.760009765625,0.216064453125,Mouth open
1713363058.419071,0.6318359375,0.756103515625,0.214599609375,Mouth open
1713363058.447779,0.623291015625,0.760986328125,0.21728515625,Mouth open
1713363058.49934,0.631591796875,0.762451171875,0.21826171875,Mouth open
1713363058.528182,0.626953125,0.75927734375,0.21875,Mouth open
1713363058.579166,0.624755859375,0.7587890625,0.218017578125,Mouth open
1713363058.608983,0.624267578125,0.759033203125,0.224853515625,Mouth open
1713363058.653991,0.62353515625,0.765380859375,0.227783203125,Mouth open
1713363058.692715,0.630615234375,0.76416015625,0.223388671875,Mouth open
1713363058.734428,0.625732421875,0.759765625,0.21875,Mouth open
1713363058.771643,0.628173828125,0.762451171875,0.219970703125,Mouth open
1713363058.814017,0.625,0.759033203125,0.21826171875,Mouth open
1713363058.851154,0.628173828125,0.756103515625,0.217041015625,Mouth open
1713363058.893068,0.62451171875,0.75537109375,0.220458984375,Mouth open
1713363058.933083,0.626953125,0.759765625,0.2177734375,Mouth open
1713363058.972361,0.627197265625,0.758544921875,0.215576171875,Mouth open
1713363059.010305,0.631103515625,0.7587890625,0.215087890625,Mouth open
1713363059.051397,0.62646484375,0.75830078125,0.21875,Mouth open
1713363059.088609,0.62939453125,0.7587890625,0.222412109375,Mouth open
1713363059.13148,0.627685546875,0.75927734375,0.219970703125,Mouth open
1713363059.170772,0.63134765625,0.760498046875,0.219970703125,Mouth open
1713363059.20988,0.626953125,0.755859375,0.217529296875,Mouth open
1713363059.249733,0.62841796875,0.76025390625,0.21875,Mouth open
1713363059.305774,0.631591796875,0.75927734375,0.21630859375,Mouth open
1713363059.333366,0.626953125,0.75830078125,0.216064453125,Mouth open
1713363059.383817,0.62939453125,0.76513671875,0.220703125,Mouth open
1713363059.411452,0.62451171875,0.759765625,0.216064453125,Mouth open
1713363059.460148,0.6259765625,0.756103515625,0.21630859375,Mouth open
1713363059.49281,0.623046875,0.759765625,0.223876953125,Mouth open
1713363059.53738,0.626220703125,0.7666015625,0.22216796875,Mouth open
1713363059.570977,0.63134765625,0.766357421875,0.218994140625,Mouth open
1713363059.625437,0.624755859375,0.756591796875,0.2158203125,Mouth open
1713363059.650069,0.63330078125,0.762939453125,0.220458984375,Mouth open
1713363059.689019,0.62548828125,0.76025390625,0.212890625,Mouth open
1713363059.728857,0.63330078125,0.7578125,0.22021484375,Mouth open
1713363059.770055,0.62548828125,0.756103515625,0.220458984375,Mouth open
1713363059.810348,0.629150390625,0.759521484375,0.218994140625,Mouth open
1713363059.865431,0.626708984375,0.76220703125,0.220458984375,Mouth open
1713363059.890258,0.62841796875,0.755615234375,0.220703125,Mouth open
1713363059.945116,0.627197265625,0.759765625,0.22314453125,Mouth open
1713363059.970985,0.629638671875,0.7587890625,0.2236328125,Mouth open
1713363060.011121,0.6259765625,0.757080078125,0.2255859375,Mouth open
1713363060.051829,0.6259765625,0.758056640625,0.2216796875,Mouth open
1713363060.096424,0.629638671875,0.757080078125,0.223388671875,Mouth open
1713363060.131967,0.62744140625,0.75830078125,0.21728515625,Mouth open
1713363060.172328,0.633056640625,0.7587890625,0.218505859375,Mouth open
1713363060.21258,0.626220703125,0.76171875,0.21630859375,Mouth open
1713363060.255811,0.63134765625,0.76220703125,0.2177734375,Mouth open
1713363060.292178,0.624755859375,0.759033203125,0.21728515625,Mouth open
1713363060.339815,0.622314453125,0.754638671875,0.218505859375,Mouth open
1713363060.376989,0.63037109375,0.762451171875,0.22705078125,Mouth open
1713363060.41076,0.628173828125,0.76123046875,0.225830078125,Mouth open
1713363060.455742,0.634521484375,0.75537109375,0.220703125,Mouth open
1713363060.49431,0.627197265625,0.7578125,0.221435546875,Mouth open
1713363060.532339,0.62646484375,0.758544921875,0.222900390625,Mouth open
1713363060.571299,0.627197265625,0.753662109375,0.214111328125,Mouth open
1713363060.611807,0.62939453125,0.75537109375,0.219970703125,Mouth open
1713363060.652745,0.626220703125,0.76171875,0.223388671875,Mouth open
1713363060.693704,0.62939453125,0.759765625,0.21923828125,Mouth open
1713363060.732854,0.6279296875,0.75732421875,0.217529296875,Mouth open
1713363060.772766,0.63232421875,0.763427734375,0.219482421875,Mouth open
1713363060.815206,0.630615234375,0.758056640625,0.2197265625,Mouth open
1713363060.853075,0.625,0.758056640625,0.22021484375,Mouth open
1713363060.893348,0.625732421875,0.7607421875,0.220947265625,Mouth open
1713363060.935208,0.623291015625,0.75634765625,0.22314453125,Mouth open
1713363060.973306,0.627685546875,0.757568359375,0.221923828125,Mouth open
1713363061.011247,0.62353515625,0.759033203125,0.220458984375,Mouth open
1713363061.051273,0.62890625,0.755615234375,0.211669921875,Mouth open
1713363061.090735,0.62646484375,0.758056640625,0.22021484375,Mouth open
1713363061.133903,0.631591796875,0.7626953125,0.225830078125,Mouth open
1713363061.1751,0.628173828125,0.75927734375,0.2158203125,Mouth open
1713363061.21697,0.627197265625,0.754638671875,0.216552734375,Mouth open
1713363061.253058,0.6240234375,0.759765625,0.222900390625,Mouth open
1713363061.292752,0.62744140625,0.76025390625,0.22802734375,Mouth open
1713363061.333978,0.632080078125,0.757568359375,0.22216796875,Mouth open
1713363061.374822,0.62646484375,0.7578125,0.221923828125,Mouth open
1713363061.413183,0.632080078125,0.75927734375,0.21826171875,Mouth open
1713363061.453109,0.62939453125,0.756103515625,0.215576171875,Mouth open
1713363061.496474,0.627197265625,0.75830078125,0.22265625,Mouth open
1713363061.534168,0.626708984375,0.757080078125,0.220947265625,Mouth open
1713363061.579871,0.63134765625,0.762451171875,0.222412109375,Mouth open
1713363061.618239,0.627197265625,0.760986328125,0.218994140625,Mouth open
1713363061.656457,0.630126953125,0.75830078125,0.220458984375,Mouth open
1713363061.692123,0.62890625,0.758544921875,0.2197265625,Mouth open
1713363061.732727,0.626953125,0.755615234375,0.221435546875,Mouth open
1713363061.774174,0.624755859375,0.757568359375,0.22509765625,Mouth open
1713363061.820836,0.627685546875,0.76171875,0.227294921875,Mouth open
1713363061.853206,0.625,0.76123046875,0.22216796875,Mouth open
1713363061.89577,0.632568359375,0.7578125,0.220703125,Mouth open
1713363061.940697,0.625244140625,0.76025390625,0.219970703125,Mouth open
1713363061.980645,0.62646484375,0.756591796875,0.22021484375,Mouth open
1713363062.021393,0.622314453125,0.76171875,0.220458984375,Mouth open
1713363062.056668,0.6279296875,0.763916015625,0.223388671875,Mouth open
1713363062.098739,0.621826171875,0.75830078125,0.2197265625,Mouth open
1713363062.13765,0.624267578125,0.75732421875,0.22021484375,Mouth open
1713363062.176336,0.620361328125,0.76123046875,0.2275390625,Mouth open
1713363062.216275,0.625,0.765869140625,0.224609375,Mouth open
1713363062.254771,0.6318359375,0.76220703125,0.222412109375,Mouth open
1713363062.294147,0.621826171875,0.757568359375,0.218505859375,Mouth open
1713363062.334276,0.630126953125,0.76025390625,0.2216796875,Mouth open
1713363062.373299,0.6279296875,0.75537109375,0.2177734375,Mouth open
1713363062.412839,0.63037109375,0.7548828125,0.21533203125,Mouth open
1713363062.453222,0.626708984375,0.756591796875,0.22216796875,Mouth open
1713363062.493684,0.624755859375,0.76416015625,0.222900390625,Mouth open
1713363062.543334,0.62548828125,0.763427734375,0.2177734375,Mouth open
1713363062.574154,0.6279296875,0.759765625,0.21923828125,Mouth open
1713363062.614905,0.622314453125,0.760009765625,0.218994140625,Mouth open
1713363062.653983,0.6240234375,0.759521484375,0.22021484375,Mouth open
1713363062.694686,0.62255859375,0.76025390625,0.224365234375,Mouth open
1713363062.735428,0.629150390625,0.7607421875,0.2197265625,Mouth open
1713363062.77448,0.62744140625,0.7587890625,0.21533203125,Mouth open
1713363062.81615,0.628173828125,0.760986328125,0.215087890625,Mouth open
1713363062.855818,0.6259765625,0.762451171875,0.213623046875,Mouth open
1713363062.895444,0.629150390625,0.765625,0.214599609375,Mouth open
1713363062.935088,0.629638671875,0.759033203125,0.2138671875,Mouth open
1713363062.972828,0.6240234375,0.756103515625,0.21533203125,Mouth open
1713363063.011743,0.62255859375,0.76025390625,0.220947265625,Mouth closed
1713363063.05693,0.62158203125,0.764404296875,0.2216796875,Mouth closed
1713363063.094858,0.63037109375,0.760986328125,0.220947265625,Mouth closed
1713363063.132983,0.621826171875,0.758544921875,0.218994140625,Mouth closed
1713363063.174142,0.633056640625,0.762939453125,0.222412109375,Mouth closed
1713363063.223682,0.62646484375,0.759521484375,0.21875,Mouth closed
1713363063.261936,0.62646484375,0.758056640625,0.220458984375,Mouth closed
1713363063.293811,0.624267578125,0.75537109375,0.2236328125,Mouth closed
1713363063.337557,0.624755859375,0.758056640625,0.222412109375,Mouth closed
1713363063.377267,0.625732421875,0.763671875,0.222900390625,Mouth closed
1713363063.413885,0.626220703125,0.7607421875,0.221923828125,Mouth closed
1713363063.455918,0.625244140625,0.759033203125,0.221435546875,Mouth closed
1713363063.496216,0.623291015625,0.760498046875,0.22265625,Mouth closed
1713363063.535011,0.62451171875,0.75537109375,0.221435546875,Mouth closed
1713363063.57386,0.6279296875,0.757568359375,0.220458984375,Mouth closed
1713363063.614115,0.628662109375,0.75439453125,0.21484375,Mouth closed
1713363063.654132,0.6318359375,0.75634765625,0.218505859375,Mouth closed
1713363063.695955,0.626708984375,0.762451171875,0.22314453125,Mouth closed
1713363063.733899,0.6318359375,0.76611328125,0.219970703125,Mouth closed
1713363063.776621,0.626708984375,0.75537109375,0.21923828125,Mouth closed
1713363063.815252,0.626220703125,0.757080078125,0.22265625,Mouth closed
1713363063.86187,0.622802734375,0.759033203125,0.22802734375,Mouth closed
1713363063.896465,0.62548828125,0.7578125,0.22607421875,Mouth closed
1713363063.935744,0.6279296875,0.7578125,0.220458984375,Mouth closed
1713363063.975926,0.628173828125,0.758544921875,0.22119140625,Mouth closed
1713363064.018437,0.63037109375,0.760986328125,0.217529296875,Mouth closed
1713363064.056387,0.6279296875,0.755859375,0.21826171875,Mouth closed
1713363064.096062,0.626220703125,0.75634765625,0.219970703125,Mouth closed
1713363064.137216,0.62451171875,0.760009765625,0.2197265625,Mouth closed
1713363064.176848,0.62744140625,0.759521484375,0.220947265625,Mouth closed
1713363064.222689,0.62841796875,0.760986328125,0.217529296875,Mouth closed
1713363064.258519,0.625,0.7607421875,0.219970703125,Mouth closed
1713363064.29869,0.628173828125,0.756591796875,0.222900390625,Mouth closed
1713363064.335361,0.628662109375,0.75830078125,0.22509765625,Mouth closed
1713363064.376389,0.623291015625,0.759521484375,0.226318359375,Mouth closed
1713363064.417355,0.629150390625,0.7578125,0.223388671875,Mouth closed
1713363064.462612,0.6279296875,0.75341796875,0.21923828125,Mouth closed
1713363064.495735,0.63037109375,0.755859375,0.218994140625,Mouth closed
1713363064.539325,0.624267578125,0.760498046875,0.21923828125,Mouth closed
1713363064.576695,0.631103515625,0.763916015625,0.220947265625,Mouth closed
1713363064.620399,0.62646484375,0.757080078125,0.216552734375,Mouth closed
1713363064.66294,0.630126953125,0.7587890625,0.221923828125,Mouth closed
1713363064.702675,0.627685546875,0.756591796875,0.22509765625,Mouth closed
1713363064.739747,0.628173828125,0.759521484375,0.22314453125,Mouth closed
1713363064.778764,0.6279296875,0.757568359375,0.219970703125,Mouth closed
1713363064.817811,0.629150390625,0.75927734375,0.2216796875,Mouth closed
1713363064.856946,0.62890625,0.75927734375,0.222900390625,Mouth closed
1713363064.896957,0.630126953125,0.75341796875,0.216796875,Mouth closed
1713363064.93909,0.62890625,0.757080078125,0.21875,Mouth closed
1713363064.976544,0.623291015625,0.756103515625,0.221923828125,Mouth closed
1713363065.016639,0.625732421875,0.75927734375,0.219970703125,Mouth closed
1713363065.056748,0.626708984375,0.76123046875,0.2216796875,Mouth closed
1713363065.099094,0.62646484375,0.7607421875,0.22265625,Mouth closed
1713363065.137768,0.62939453125,0.759521484375,0.22607421875,Mouth closed
1713363065.180333,0.623291015625,0.759521484375,0.22265625,Mouth closed
1713363065.219209,0.625,0.75732421875,0.2236328125,Mouth closed
1713363065.262468,0.62451171875,0.75634765625,0.22705078125,Mouth closed
1713363065.299028,0.630859375,0.758056640625,0.21826171875,Mouth closed
1713363065.340416,0.626953125,0.7568359375,0.21826171875,Mouth closed
1713363065.379315,0.62255859375,0.759765625,0.218017578125,Mouth closed
1713363065.418777,0.6259765625,0.76220703125,0.220703125,Mouth closed
1713363065.460602,0.6279296875,0.76708984375,0.22119140625,Mouth closed
1713363065.499936,0.626708984375,0.75927734375,0.21826171875,Mouth closed
1713363065.545478,0.625732421875,0.75830078125,0.2216796875,Mouth closed
1713363065.58125,0.62255859375,0.759765625,0.225830078125,Mouth closed
1713363065.62121,0.623779296875,0.761962890625,0.224853515625,Mouth closed
1713363065.657343,0.628662109375,0.763671875,0.22705078125,Mouth closed
1713363065.698466,0.6240234375,0.76025390625,0.227783203125,Mouth closed
1713363065.736623,0.629638671875,0.759765625,0.236328125,Mouth closed
1713363065.782685,0.628662109375,0.759521484375,0.20263671875,Mouth closed
1713363065.81803,0.620849609375,0.759521484375,0.222900390625,Mouth closed
1713363065.868884,0.62939453125,0.751708984375,0.21484375,Mouth closed
1713363065.898656,0.6337890625,0.75390625,0.224365234375,Mouth closed
1713363065.945182,0.614990234375,0.75732421875,0.2177734375,Mouth closed
1713363065.987913,0.632568359375,0.759521484375,0.214599609375,Mouth closed
1713363066.019021,0.625,0.76171875,0.21923828125,Mouth closed
1713363066.061707,0.627685546875,0.760498046875,0.2197265625,Mouth closed
1713363066.10118,0.627197265625,0.760986328125,0.220458984375,Mouth closed
1713363066.140622,0.624267578125,0.76123046875,0.21875,Mouth closed
1713363066.179048,0.627197265625,0.7587890625,0.21875,Mouth closed
1713363066.217723,0.626220703125,0.75732421875,0.213134765625,Mouth closed
1713363066.257391,0.627197265625,0.760986328125,0.214599609375,Mouth closed
1713363066.297608,0.626708984375,0.76416015625,0.216552734375,Mouth closed
1713363066.340913,0.63037109375,0.763916015625,0.2138671875,Mouth closed
1713363066.378157,0.6259765625,0.76123046875,0.215087890625,Mouth closed
1713363066.418588,0.625244140625,0.75830078125,0.2177734375,Mouth closed
1713363066.46028,0.626220703125,0.76123046875,0.22509765625,Mouth closed
1713363066.498905,0.6279296875,0.75927734375,0.225830078125,Mouth closed
1713363066.539904,0.62890625,0.759521484375,0.22119140625,Mouth closed
1713363066.579683,0.630126953125,0.756591796875,0.219482421875,Mouth closed
1713363066.619811,0.63134765625,0.7587890625,0.21826171875,Mouth closed
1713363066.661745,0.630615234375,0.758544921875,0.21435546875,Mouth closed
1713363066.699727,0.630126953125,0.754638671875,0.2177734375,Mouth closed
1713363066.741325,0.628173828125,0.758056640625,0.219482421875,Mouth closed
1713363066.781951,0.62744140625,0.760498046875,0.21728515625,Mouth closed
1713363066.819672,0.630126953125,0.759765625,0.21435546875,Mouth closed
1713363066.859702,0.629150390625,0.7568359375,0.219970703125,Mouth closed
1713363066.898803,0.6279296875,0.7607421875,0.218505859375,Mouth closed
1713363066.943338,0.626708984375,0.756591796875,0.220458984375,Mouth closed
1713363066.978931,0.626953125,0.757080078125,0.220947265625,Mouth closed
1713363067.019765,0.62890625,0.757080078125,0.219482421875,Mouth closed
1713363067.060355,0.62841796875,0.756591796875,0.21728515625,Mouth closed
1713363067.103792,0.62841796875,0.75634765625,0.213623046875,Mouth closed
1713363067.139637,0.630859375,0.760986328125,0.216064453125,Mouth closed
1713363067.187713,0.631591796875,0.760498046875,0.218994140625,Mouth closed
1713363067.226678,0.62841796875,0.7626953125,0.216552734375,Mouth closed
1713363067.263819,0.62353515625,0.75634765625,0.21484375,Mouth closed
1713363067.301102,0.627685546875,0.756591796875,0.22314453125,Mouth closed
1713363067.342171,0.626220703125,0.761962890625,0.22412109375,Mouth closed
1713363067.381699,0.631591796875,0.759033203125,0.2197265625,Mouth closed
1713363067.423171,0.625732421875,0.756591796875,0.217529296875,Mouth closed
1713363067.461577,0.634521484375,0.761962890625,0.218505859375,Mouth closed
1713363067.500828,0.62890625,0.756591796875,0.216796875,Mouth closed
1713363067.539888,0.6328125,0.755859375,0.212158203125,Mouth closed
1713363067.578705,0.627685546875,0.758056640625,0.220458984375,Mouth closed
1713363067.621687,0.628662109375,0.759765625,0.22021484375,Mouth closed
1713363067.661779,0.62744140625,0.758056640625,0.21435546875,Mouth closed
1713363067.699785,0.62890625,0.7587890625,0.216796875,Mouth closed
1713363067.748121,0.625244140625,0.75830078125,0.21728515625,Mouth closed
1713363067.783187,0.629638671875,0.759765625,0.22119140625,Mouth closed
1713363067.820299,0.62548828125,0.75927734375,0.222412109375,Mouth closed
1713363067.862616,0.62451171875,0.757080078125,0.221435546875,Mouth closed
1713363067.900997,0.629150390625,0.758056640625,0.21923828125,Mouth closed
1713363067.942219,0.63134765625,0.755859375,0.218017578125,Mouth closed
1713363067.981665,0.62451171875,0.75390625,0.2138671875,Mouth closed
1713363068.022484,0.628662109375,0.760009765625,0.21875,Mouth closed
1713363068.064297,0.629638671875,0.76318359375,0.2197265625,Mouth closed
1713363068.102805,0.62744140625,0.759521484375,0.21533203125,Mouth closed
1713363068.141573,0.627685546875,0.754638671875,0.217041015625,Mouth closed
1713363068.1816,0.624755859375,0.75537109375,0.219482421875,Mouth closed
1713363068.220788,0.623291015625,0.76220703125,0.223388671875,Mouth closed
1713363068.26076,0.63134765625,0.763916015625,0.219970703125,Mouth closed
1713363068.301688,0.624267578125,0.75927734375,0.218994140625,Mouth closed
1713363068.342436,0.632080078125,0.76171875,0.22021484375,Mouth closed
1713363068.386306,0.62841796875,0.755126953125,0.21533203125,Mouth closed
1713363068.42317,0.62744140625,0.7587890625,0.21728515625,Mouth closed
1713363068.464951,0.6240234375,0.759765625,0.219482421875,Mouth closed
1713363068.503918,0.6259765625,0.76025390625,0.218994140625,Mouth closed
1713363068.544994,0.626953125,0.760986328125,0.2197265625,Mouth closed
1713363068.582698,0.63037109375,0.76171875,0.21484375,Mouth closed
1713363068.623605,0.628173828125,0.76025390625,0.21533203125,Mouth closed
1713363068.666603,0.628173828125,0.760498046875,0.219970703125,Mouth closed
1713363068.704742,0.62890625,0.7587890625,0.218505859375,Mouth closed
1713363068.745387,0.62353515625,0.75830078125,0.22119140625,Mouth closed
1713363068.787823,0.62744140625,0.7587890625,0.2158203125,Mouth closed
1713363068.824488,0.625732421875,0.75537109375,0.213134765625,Mouth closed
1713363068.867053,0.62939453125,0.760009765625,0.214599609375,Mouth closed
1713363068.902659,0.626708984375,0.763916015625,0.21533203125,Mouth closed
1713363068.944202,0.63232421875,0.76513671875,0.214599609375,Mouth closed
1713363068.984799,0.6259765625,0.75830078125,0.213134765625,Mouth closed
1713363069.02358,0.626220703125,0.755126953125,0.218505859375,Mouth closed
1713363069.065735,0.626220703125,0.760986328125,0.222900390625,Mouth closed
1713363069.104975,0.628662109375,0.76025390625,0.2197265625,Mouth closed
1713363069.145846,0.6337890625,0.7578125,0.215087890625,Mouth closed
1713363069.187975,0.630859375,0.75537109375,0.21728515625,Mouth closed
1713363069.225943,0.632080078125,0.759765625,0.217529296875,Mouth closed
1713363069.268272,0.63134765625,0.754638671875,0.214111328125,Mouth closed
1713363069.307131,0.630859375,0.7568359375,0.217041015625,Mouth closed
1713363069.347364,0.626708984375,0.759765625,0.221435546875,Mouth closed
1713363069.386528,0.62841796875,0.758544921875,0.2197265625,Mouth closed
1713363069.428665,0.6318359375,0.75634765625,0.218017578125,Mouth closed
1713363069.465729,0.631591796875,0.760498046875,0.218994140625,Mouth closed
1713363069.507444,0.6279296875,0.75927734375,0.218505859375,Mouth closed
1713363069.544765,0.633544921875,0.756103515625,0.220703125,Mouth closed
1713363069.58374,0.630126953125,0.755126953125,0.218505859375,Mouth closed
1713363069.623848,0.630126953125,0.75439453125,0.22021484375,Mouth closed
1713363069.664131,0.630615234375,0.756103515625,0.218505859375,Mouth closed
1713363069.703821,0.632080078125,0.7578125,0.2158203125,Mouth closed
1713363069.745043,0.62646484375,0.75537109375,0.210205078125,Mouth closed
1713363069.787699,0.62646484375,0.758056640625,0.21728515625,Mouth closed
1713363069.825467,0.634033203125,0.763427734375,0.216796875,Mouth closed
1713363069.865645,0.62841796875,0.754638671875,0.2138671875,Mouth closed
1713363069.905719,0.6337890625,0.756591796875,0.218994140625,Mouth closed
1713363069.948957,0.630615234375,0.756591796875,0.21923828125,Mouth closed
1713363069.990771,0.627197265625,0.761962890625,0.222900390625,Mouth closed
1713363070.027288,0.6328125,0.7587890625,0.222412109375,Mouth closed
1713363070.070591,0.626953125,0.75341796875,0.21826171875,Mouth closed
1713363070.107065,0.634521484375,0.75634765625,0.218994140625,Mouth closed
1713363070.148107,0.6328125,0.75341796875,0.216796875,Mouth closed
1713363070.184751,0.633544921875,0.75390625,0.216064453125,Mouth closed
1713363070.227363,0.6318359375,0.7568359375,0.2177734375,Mouth closed
1713363070.264702,0.630615234375,0.7568359375,0.220947265625,Mouth closed
1713363070.306322,0.6328125,0.7578125,0.22021484375,Mouth closed
1713363070.345235,0.6328125,0.755859375,0.215576171875,Mouth closed
1713363070.385517,0.631591796875,0.755615234375,0.214111328125,Mouth closed
1713363070.425646,0.634033203125,0.75439453125,0.220947265625,Mouth closed
1713363070.466579,0.628173828125,0.755859375,0.2197265625,Mouth closed
1713363070.508579,0.627685546875,0.757568359375,0.223876953125,Mouth closed
1713363070.547569,0.628173828125,0.755859375,0.218994140625,Mouth closed
1713363070.587488,0.631591796875,0.7568359375,0.218017578125,Mouth closed
1713363070.62779,0.63330078125,0.7568359375,0.211669921875,Mouth closed
1713363070.67162,0.6328125,0.75634765625,0.2138671875,Mouth closed
1713363070.709402,0.628173828125,0.755615234375,0.219482421875,Mouth closed
1713363070.748081,0.629638671875,0.761474609375,0.21630859375,Mouth closed
1713363070.787667,0.629150390625,0.757080078125,0.2177734375,Mouth closed
1713363070.839155,0.631103515625,0.754150390625,0.21435546875,Mouth closed
1713363070.865392,0.628173828125,0.757080078125,0.22314453125,Mouth closed
1713363070.911622,0.631103515625,0.760009765625,0.22216796875,Mouth closed
1713363070.94508,0.630859375,0.753173828125,0.218505859375,Mouth closed
1713363070.995407,0.629150390625,0.755859375,0.219970703125,Mouth closed
1713363071.032793,0.632568359375,0.75830078125,0.22265625,Mouth closed
1713363071.070811,0.631103515625,0.755859375,0.217529296875,Mouth closed
1713363071.109289,0.631591796875,0.75048828125,0.2216796875,Mouth closed
1713363071.14859,0.629150390625,0.7548828125,0.22021484375,Mouth closed
1713363071.186478,0.626708984375,0.75830078125,0.220703125,Mouth closed
1713363071.227004,0.630615234375,0.758544921875,0.21826171875,Mouth closed
1713363071.266607,0.631103515625,0.76171875,0.217041015625,Mouth closed
1713363071.307131,0.631103515625,0.75537109375,0.21826171875,Mouth closed
1713363071.348981,0.63232421875,0.7587890625,0.219482421875,Mouth closed
1713363071.386604,0.6298828125,0.7578125,0.22314453125,Mouth closed
1713363071.425542,0.62939453125,0.757568359375,0.218994140625,Mouth closed
1713363071.467367,0.634521484375,0.760009765625,0.217041015625,Mouth closed
1713363071.504018,0.63134765625,0.755615234375,0.21533203125,Mouth closed
1713363071.551458,0.63134765625,0.754638671875,0.2119140625,Mouth closed
1713363071.585983,0.62548828125,0.75732421875,0.217529296875,Mouth closed
1713363071.625933,0.634033203125,0.75830078125,0.216796875,Mouth closed
1713363071.665806,0.63037109375,0.75634765625,0.212890625,Mouth closed
1713363071.707026,0.6279296875,0.751708984375,0.21533203125,Mouth closed
1713363071.745785,0.62744140625,0.75732421875,0.21826171875,Mouth closed
1713363071.785787,0.628662109375,0.761962890625,0.22216796875,Mouth closed
1713363071.826821,0.634765625,0.75634765625,0.218994140625,Mouth closed
1713363071.866962,0.630126953125,0.755615234375,0.214111328125,Mouth closed
1713363071.911947,0.634521484375,0.757080078125,0.218017578125,Mouth closed
1713363071.947511,0.633056640625,0.75634765625,0.213134765625,Mouth closed
1713363071.987768,0.6337890625,0.75439453125,0.21484375,Mouth closed
1713363072.026456,0.626708984375,0.756591796875,0.217041015625,Mouth closed
1713363072.079788,0.63330078125,0.758544921875,0.215087890625,Mouth closed
1713363072.104618,0.63037109375,0.758056640625,0.21484375,Mouth closed
1713363072.157875,0.63134765625,0.759033203125,0.214111328125,Mouth closed
1713363072.184541,0.632568359375,0.756591796875,0.2177734375,Mouth closed
1713363072.230705,0.633056640625,0.7578125,0.2177734375,Mouth closed
1713363072.273456,0.63232421875,0.754150390625,0.218994140625,Mouth closed
1713363072.305485,0.6318359375,0.755615234375,0.22021484375,Mouth closed
1713363072.349854,0.631103515625,0.754150390625,0.21533203125,Mouth closed
1713363072.38917,0.62939453125,0.755126953125,0.215087890625,Mouth closed
1713363072.427057,0.6298828125,0.756103515625,0.216064453125,Mouth closed
1713363072.467589,0.63525390625,0.761474609375,0.219970703125,Mouth closed
1713363072.507806,0.628662109375,0.755859375,0.212890625,Mouth closed
1713363072.54666,0.632080078125,0.75537109375,0.215087890625,Mouth closed
1713363072.587543,0.63037109375,0.751708984375,0.218505859375,Mouth closed
1713363072.631388,0.630859375,0.756591796875,0.21826171875,Mouth closed
1713363072.668061,0.635498046875,0.760009765625,0.218994140625,Mouth closed
1713363072.707451,0.632080078125,0.754150390625,0.21533203125,Mouth closed
1713363072.747399,0.637939453125,0.76123046875,0.21923828125,Mouth closed
1713363072.789918,0.6328125,0.755126953125,0.212646484375,Mouth closed
1713363072.82629,0.63232421875,0.752685546875,0.215087890625,Mouth closed
1713363072.8718,0.628173828125,0.757568359375,0.218017578125,Mouth closed
1713363072.906586,0.630126953125,0.759765625,0.2197265625,Mouth closed
1713363072.948081,0.630615234375,0.756103515625,0.217529296875,Mouth closed
1713363072.985743,0.636474609375,0.7568359375,0.2158203125,Mouth closed
1713363073.026473,0.632568359375,0.757080078125,0.217041015625,Mouth closed
1713363073.06682,0.63134765625,0.75341796875,0.218017578125,Mouth closed
1713363073.107775,0.630126953125,0.753173828125,0.2177734375,Mouth closed
1713363073.153124,0.6328125,0.755859375,0.220947265625,Mouth closed
1713363073.188974,0.633544921875,0.755126953125,0.217529296875,Mouth closed
1713363073.230809,0.638916015625,0.7548828125,0.212890625,Mouth closed
1713363073.271337,0.63818359375,0.7529296875,0.213134765625,Mouth closed
1713363073.316746,0.636474609375,0.755126953125,0.215087890625,Mouth closed
1713363073.34758,0.630859375,0.76123046875,0.2158203125,Mouth closed
1713363073.391435,0.63427734375,0.757080078125,0.212158203125,Mouth closed
1713363073.426301,0.6318359375,0.75537109375,0.211181640625,Mouth closed
1713363073.477675,0.63525390625,0.75537109375,0.215087890625,Mouth closed
1713363073.506631,0.634033203125,0.754150390625,0.216552734375,Mouth closed
1713363073.553753,0.634521484375,0.75439453125,0.213623046875,Mouth closed
1713363073.591503,0.633544921875,0.75634765625,0.21337890625,Mouth closed
1713363073.629994,0.635498046875,0.7578125,0.213134765625,Mouth closed
1713363073.669863,0.637451171875,0.757080078125,0.21142578125,Mouth closed
1713363073.709057,0.634765625,0.752197265625,0.20947265625,Mouth closed
1713363073.747456,0.634033203125,0.7529296875,0.211669921875,Mouth closed
1713363073.7884,0.631591796875,0.75439453125,0.21533203125,Mouth closed
1713363073.828485,0.635009765625,0.7568359375,0.213623046875,Mouth closed
1713363073.867534,0.633056640625,0.75732421875,0.214111328125,Mouth closed
1713363073.910017,0.635986328125,0.759033203125,0.213623046875,Mouth closed
1713363073.949569,0.6337890625,0.754638671875,0.2158203125,Mouth closed
1713363073.987448,0.630859375,0.752685546875,0.214111328125,Mouth closed
1713363074.028312,0.63525390625,0.75732421875,0.217529296875,Mouth closed
1713363074.066422,0.637451171875,0.755126953125,0.214111328125,Mouth closed
1713363074.105666,0.63818359375,0.752197265625,0.2109375,Mouth closed
1713363074.145717,0.633544921875,0.752197265625,0.209228515625,Mouth closed
1713363074.186158,0.6357421875,0.757080078125,0.209228515625,Mouth closed
1713363074.227043,0.63720703125,0.7578125,0.2119140625,Mouth closed
1713363074.268061,0.6337890625,0.759521484375,0.209716796875,Mouth closed
1713363074.307014,0.632080078125,0.752685546875,0.208740234375,Mouth closed
1713363074.349678,0.633056640625,0.755126953125,0.2138671875,Mouth closed
1713363074.38751,0.63134765625,0.75732421875,0.218017578125,Mouth closed
1713363074.426427,0.63427734375,0.75927734375,0.213134765625,Mouth closed
1713363074.471702,0.6298828125,0.753662109375,0.210693359375,Mouth closed
1713363074.507819,0.637939453125,0.755615234375,0.214599609375,Mouth closed
1713363074.549612,0.63623046875,0.754638671875,0.210205078125,Mouth closed
1713363074.59117,0.635009765625,0.754638671875,0.2099609375,Mouth closed
1713363074.6334,0.632568359375,0.751708984375,0.211181640625,Mouth closed
1713363074.667937,0.632568359375,0.757080078125,0.21240234375,Mouth closed
1713363074.709709,0.635009765625,0.754150390625,0.208740234375,Mouth closed
1713363074.745403,0.635498046875,0.75732421875,0.209716796875,Mouth closed
1713363074.786712,0.63427734375,0.755126953125,0.208740234375,Mouth closed
1713363074.832461,0.63525390625,0.754638671875,0.209228515625,Mouth closed
1713363074.870394,0.63427734375,0.75439453125,0.211181640625,Mouth closed
1713363074.907976,0.6376953125,0.752685546875,0.213134765625,Mouth closed
1713363074.947957,0.6337890625,0.752197265625,0.210205078125,Mouth closed
1713363074.988661,0.63427734375,0.754638671875,0.207275390625,Mouth closed
1713363075.028634,0.6318359375,0.7587890625,0.208251953125,Mouth closed
1713363075.068925,0.637451171875,0.762939453125,0.207763671875,Mouth closed
1713363075.112269,0.6337890625,0.757568359375,0.206298828125,Mouth closed
1713363075.149507,0.631103515625,0.753662109375,0.206787109375,Mouth closed
1713363075.189287,0.632568359375,0.759033203125,0.216064453125,Mouth closed
1713363075.230469,0.63330078125,0.761962890625,0.21630859375,Mouth closed
1713363075.271847,0.637939453125,0.759521484375,0.21728515625,Mouth closed
1713363075.308228,0.629638671875,0.752685546875,0.2099609375,Mouth closed
1713363075.348079,0.63525390625,0.75537109375,0.21484375,Mouth closed
1713363075.387267,0.63720703125,0.75341796875,0.20849609375,Mouth closed
1713363075.426515,0.63525390625,0.752685546875,0.2080078125,Mouth closed
1713363075.468385,0.631591796875,0.7548828125,0.2158203125,Mouth closed
1713363075.507578,0.631103515625,0.7568359375,0.214599609375,Mouth closed
1713363075.550042,0.637939453125,0.7587890625,0.210205078125,Mouth closed
1713363075.589635,0.635498046875,0.75439453125,0.209716796875,Mouth closed
1713363075.628581,0.635986328125,0.7568359375,0.2119140625,Mouth closed
1713363075.670917,0.630126953125,0.75537109375,0.212158203125,Mouth closed
1713363075.71139,0.6318359375,0.75439453125,0.216064453125,Mouth closed
1713363075.748885,0.6328125,0.75634765625,0.215576171875,Mouth closed
1713363075.804082,0.634765625,0.752685546875,0.20751953125,Mouth closed
1713363075.831454,0.634521484375,0.751220703125,0.2099609375,Mouth closed
1713363075.875413,0.634033203125,0.755126953125,0.21484375,Mouth closed
1713363075.916935,0.634765625,0.75732421875,0.21435546875,Mouth closed
1713363075.958475,0.6337890625,0.754150390625,0.2099609375,Mouth closed
1713363075.994487,0.63232421875,0.752197265625,0.211181640625,Mouth closed
1713363076.029505,0.634033203125,0.75537109375,0.21533203125,Mouth closed
1713363076.070242,0.6337890625,0.7568359375,0.215087890625,Mouth closed
1713363076.110018,0.6376953125,0.758056640625,0.215087890625,Mouth closed
1713363076.149255,0.6337890625,0.75341796875,0.2119140625,Mouth closed
1713363076.188651,0.63525390625,0.755126953125,0.213623046875,Mouth closed
1713363076.230249,0.633544921875,0.753662109375,0.2119140625,Mouth closed
1713363076.27019,0.637939453125,0.754150390625,0.2109375,Mouth closed
1713363076.311639,0.630126953125,0.753662109375,0.20849609375,Mouth closed
1713363076.353064,0.636962890625,0.7568359375,0.212646484375,Mouth closed
1713363076.390586,0.636474609375,0.75927734375,0.208740234375,Mouth closed
1713363076.431829,0.637451171875,0.75537109375,0.206298828125,Mouth closed
1713363076.4723,0.634521484375,0.75634765625,0.212890625,Mouth closed
1713363076.512249,0.634521484375,0.75537109375,0.210205078125,Mouth closed
1713363076.551668,0.633544921875,0.753173828125,0.214599609375,Mouth closed
1713363076.590416,0.635986328125,0.752197265625,0.212890625,Mouth closed
1713363076.62942,0.634033203125,0.757080078125,0.211669921875,Mouth closed
1713363076.673251,0.637939453125,0.75537109375,0.209716796875,Mouth closed
1713363076.712426,0.63916015625,0.7548828125,0.2060546875,Mouth closed
1713363076.748792,0.636962890625,0.75341796875,0.211181640625,Mouth closed
1713363076.789537,0.635498046875,0.75830078125,0.21337890625,Mouth closed
1713363076.83017,0.6376953125,0.754638671875,0.211181640625,Mouth closed
1713363076.875751,0.632568359375,0.75244140625,0.208251953125,Mouth closed
1713363076.911984,0.636962890625,0.750244140625,0.211669921875,Mouth closed
1713363076.953065,0.633056640625,0.757080078125,0.210205078125,Mouth closed
1713363076.992121,0.63818359375,0.7578125,0.2109375,Mouth closed
1713363077.038186,0.639892578125,0.75927734375,0.210693359375,Mouth closed
1713363077.073122,0.636962890625,0.7529296875,0.208740234375,Mouth closed
1713363077.122996,0.635986328125,0.756103515625,0.208251953125,Mouth closed
1713363077.15146,0.635009765625,0.75146484375,0.208251953125,Mouth closed
1713363077.192631,0.634765625,0.75048828125,0.209228515625,Mouth closed
1713363077.237952,0.635986328125,0.75537109375,0.21044921875,Mouth closed
1713363077.277126,0.63623046875,0.7578125,0.212646484375,Mouth closed
1713363077.315285,0.63427734375,0.75732421875,0.209716796875,Mouth closed
1713363077.354951,0.635986328125,0.7548828125,0.212890625,Mouth closed
1713363077.39182,0.636962890625,0.757080078125,0.211181640625,Mouth closed
1713363077.430563,0.6328125,0.754638671875,0.214111328125,Mouth closed
1713363077.470483,0.6357421875,0.755126953125,0.212890625,Mouth closed
1713363077.509753,0.635498046875,0.754150390625,0.213134765625,Mouth closed
1713363077.550492,0.63720703125,0.753662109375,0.207763671875,Mouth closed
1713363077.592001,0.636962890625,0.754150390625,0.20849609375,Mouth closed
1713363077.631832,0.636962890625,0.758544921875,0.210205078125,Mouth closed
1713363077.673881,0.635498046875,0.7568359375,0.208251953125,Mouth closed
1713363077.710694,0.63720703125,0.75244140625,0.201416015625,Mouth closed
1713363077.753837,0.632080078125,0.75927734375,0.208251953125,Mouth closed
1713363077.792072,0.640380859375,0.757080078125,0.20703125,Mouth closed
1713363077.834205,0.6357421875,0.75634765625,0.206298828125,Mouth closed
1713363077.871873,0.6318359375,0.7548828125,0.208251953125,Mouth closed
1713363077.912734,0.634765625,0.75634765625,0.213134765625,Mouth closed
1713363077.949031,0.635986328125,0.755859375,0.21240234375,Mouth closed
1713363077.9931,0.64111328125,0.75537109375,0.20849609375,Mouth closed
1713363078.029491,0.63232421875,0.752197265625,0.207275390625,Mouth open
1713363078.077819,0.64013671875,0.754638671875,0.20849609375,Mouth open
1713363078.111371,0.634765625,0.754150390625,0.204345703125,Mouth open
1713363078.151611,0.63720703125,0.7509765625,0.205078125,Mouth open
1713363078.191419,0.63232421875,0.75146484375,0.2109375,Mouth open
1713363078.252647,0.63671875,0.756103515625,0.2109375,Mouth open
1713363078.271874,0.63525390625,0.756103515625,0.2099609375,Mouth open
1713363078.322197,0.635498046875,0.7568359375,0.2109375,Mouth open
1713363078.352445,0.635009765625,0.756103515625,0.208740234375,Mouth open
1713363078.40223,0.63623046875,0.7548828125,0.20849609375,Mouth open
1713363078.432426,0.63623046875,0.757080078125,0.213134765625,Mouth open
1713363078.475101,0.63671875,0.752197265625,0.2099609375,Mouth open
1713363078.521058,0.636474609375,0.752197265625,0.211181640625,Mouth open
1713363078.554491,0.63720703125,0.75439453125,0.2060546875,Mouth open
1713363078.591892,0.64013671875,0.757080078125,0.206298828125,Mouth open
1713363078.637133,0.6416015625,0.75244140625,0.20703125,Mouth open
1713363078.671777,0.641845703125,0.75341796875,0.207763671875,Mouth open
1713363078.721196,0.638671875,0.75439453125,0.208740234375,Mouth open
1713363078.757773,0.637939453125,0.7568359375,0.20947265625,Mouth open
1713363078.795375,0.63525390625,0.75146484375,0.204345703125,Mouth open
1713363078.838563,0.635009765625,0.753173828125,0.209716796875,Mouth open
1713363078.874821,0.635498046875,0.754638671875,0.210693359375,Mouth open
1713363078.918134,0.636962890625,0.7548828125,0.21435546875,Mouth open
1713363078.958795,0.639892578125,0.753173828125,0.212158203125,Mouth open
1713363078.998093,0.63720703125,0.750732421875,0.208984375,Mouth open
1713363079.038838,0.63818359375,0.75341796875,0.208984375,Mouth open
1713363079.077266,0.638916015625,0.7509765625,0.204833984375,Mouth open
1713363079.119741,0.637451171875,0.7509765625,0.208984375,Mouth open
1713363079.156107,0.63623046875,0.755859375,0.211181640625,Mouth open
1713363079.198194,0.636962890625,0.751708984375,0.209228515625,Mouth open
1713363079.238597,0.63623046875,0.754150390625,0.210693359375,Mouth open
1713363079.272354,0.640380859375,0.758544921875,0.208984375,Mouth open
1713363079.318297,0.638671875,0.753662109375,0.209716796875,Mouth open
1713363079.362347,0.63671875,0.75390625,0.213623046875,Mouth open
1713363079.394177,0.638671875,0.75,0.2119140625,Mouth open
1713363079.4356,0.636474609375,0.751953125,0.208251953125,Mouth open
1713363079.473634,0.638671875,0.751953125,0.209228515625,Mouth open
1713363079.514382,0.6396484375,0.753662109375,0.207763671875,Mouth open
1713363079.553808,0.638427734375,0.753173828125,0.20703125,Mouth open
1713363079.593261,0.638427734375,0.7509765625,0.205810546875,Mouth open
1713363079.634864,0.635498046875,0.751220703125,0.206787109375,Mouth open
1713363079.686888,0.634033203125,0.75439453125,0.208251953125,Mouth open
1713363079.71431,0.6396484375,0.756103515625,0.207275390625,Mouth open
1713363079.768867,0.638916015625,0.74951171875,0.203857421875,Mouth open
1713363079.7959,0.638916015625,0.751220703125,0.205322265625,Mouth open
1713363079.847162,0.637939453125,0.75439453125,0.21142578125,Mouth open
1713363079.877436,0.638671875,0.758544921875,0.2119140625,Mouth open
1713363079.927051,0.642333984375,0.75439453125,0.207275390625,Mouth open
1713363079.954787,0.6376953125,0.74951171875,0.2060546875,Mouth open
1713363080.005886,0.64306640625,0.753173828125,0.205078125,Mouth open
1713363080.033992,0.639892578125,0.75048828125,0.205810546875,Mouth open
1713363080.08557,0.641357421875,0.74853515625,0.204345703125,Mouth open
1713363080.114893,0.636962890625,0.751220703125,0.2119140625,Mouth open
1713363080.161834,0.636962890625,0.753173828125,0.2119140625,Mouth open
1713363080.201854,0.640869140625,0.75244140625,0.206787109375,Mouth open
1713363080.240811,0.63818359375,0.755126953125,0.208740234375,Mouth open
1713363080.27798,0.636474609375,0.75634765625,0.211669921875,Mouth open
1713363080.318538,0.635986328125,0.754150390625,0.210693359375,Mouth open
1713363080.357714,0.635009765625,0.75,0.20849609375,Mouth open
1713363080.398486,0.636474609375,0.7548828125,0.21142578125,Mouth open
1713363080.43771,0.64013671875,0.75537109375,0.208740234375,Mouth open
1713363080.477071,0.63818359375,0.754638671875,0.2080078125,Mouth open
1713363080.516474,0.637939453125,0.756103515625,0.20751953125,Mouth open
1713363080.555563,0.636474609375,0.7509765625,0.202880859375,Mouth open
1713363080.600536,0.634765625,0.7509765625,0.206787109375,Mouth open
1713363080.642084,0.6376953125,0.754638671875,0.2080078125,Mouth open
1713363080.677075,0.64111328125,0.758544921875,0.20849609375,Mouth open
1713363080.717053,0.636474609375,0.75439453125,0.2060546875,Mouth open
1713363080.756464,0.634765625,0.75244140625,0.209716796875,Mouth open
1713363080.796448,0.63427734375,0.75439453125,0.212646484375,Mouth open
1713363080.837129,0.639404296875,0.75732421875,0.213134765625,Mouth open
1713363080.876185,0.642578125,0.75390625,0.208984375,Mouth open
1713363080.917722,0.63671875,0.752197265625,0.206787109375,Mouth open
1713363080.96172,0.64111328125,0.755615234375,0.206787109375,Mouth open
1713363080.996604,0.636962890625,0.753173828125,0.203369140625,Mouth open
1713363081.039676,0.636474609375,0.7509765625,0.20703125,Mouth open
1713363081.079471,0.646240234375,0.751953125,0.208251953125,Mouth open
1713363081.119409,0.639892578125,0.751708984375,0.2021484375,Mouth open
1713363081.158423,0.642333984375,0.755615234375,0.20654296875,Mouth open
1713363081.197418,0.64111328125,0.755859375,0.20849609375,Mouth open
1713363081.243053,0.642822265625,0.752197265625,0.205322265625,Mouth open
1713363081.281177,0.638916015625,0.751953125,0.2041015625,Mouth open
1713363081.321154,0.6416015625,0.751220703125,0.205810546875,Mouth open
1713363081.357467,0.640625,0.7509765625,0.209716796875,Mouth open
1713363081.398416,0.6416015625,0.7529296875,0.207763671875,Mouth open
1713363081.438954,0.6435546875,0.7490234375,0.2001953125,Mouth open
1713363081.489772,0.639404296875,0.743896484375,0.197265625,Mouth open
1713363081.518382,0.6484375,0.7451171875,0.19775390625,Mouth open
1713363081.560002,0.648193359375,0.7431640625,0.1875,Mouth open
1713363081.604221,0.655029296875,0.7451171875,0.188720703125,Mouth open
1713363081.639118,0.648681640625,0.7431640625,0.186279296875,Mouth open
1713363081.683906,0.65234375,0.7421875,0.189697265625,Mouth open
1713363081.72058,0.656005859375,0.7431640625,0.191162109375,Mouth open
1713363081.760495,0.65625,0.74560546875,0.192626953125,Mouth open
1713363081.799318,0.662353515625,0.74658203125,0.189208984375,Mouth open
1713363081.83934,0.650390625,0.7431640625,0.192138671875,Mouth open
1713363081.8802,0.65576171875,0.74365234375,0.190185546875,Mouth open
1713363081.923668,0.65234375,0.744873046875,0.19189453125,Mouth open
1713363081.965168,0.65087890625,0.74365234375,0.193115234375,Mouth open
1713363082.002524,0.649169921875,0.74658203125,0.19677734375,Mouth open
1713363082.041318,0.64892578125,0.749267578125,0.194580078125,Mouth open
1713363082.079428,0.650634765625,0.750244140625,0.196533203125,Mouth open
1713363082.118883,0.650146484375,0.74755859375,0.193603515625,Mouth open
1713363082.159405,0.646240234375,0.747314453125,0.19873046875,Mouth open
1713363082.1993,0.649658203125,0.746337890625,0.19482421875,Mouth open
1713363082.240385,0.648193359375,0.7490234375,0.19921875,Mouth open
1713363082.281648,0.64892578125,0.7470703125,0.19775390625,Mouth open
1713363082.32025,0.652099609375,0.7451171875,0.194580078125,Mouth open
1713363082.361074,0.662841796875,0.741455078125,0.191162109375,Mouth open
1713363082.400285,0.65478515625,0.7412109375,0.1923828125,Mouth open
1713363082.440514,0.644775390625,0.761474609375,0.198486328125,Mouth open
1713363082.486521,0.65087890625,0.7578125,0.1953125,Mouth open
1713363082.522592,0.637451171875,0.7421875,0.18212890625,Mouth open
1713363082.563965,0.64111328125,0.740234375,0.18408203125,Mouth open
1713363082.600564,0.650390625,0.748291015625,0.18017578125,Mouth open
1713363082.640832,0.654052734375,0.761474609375,0.1962890625,Mouth open
1713363082.678306,0.652587890625,0.73828125,0.184814453125,Mouth open
1713363082.726944,0.65234375,0.738037109375,0.188720703125,Mouth open
1713363082.759244,0.66748046875,0.737060546875,0.20947265625,Mouth open
1713363082.809408,0.642578125,0.733642578125,0.220947265625,Mouth open
1713363082.847168,0.65087890625,0.747314453125,0.234130859375,Mouth open
1713363082.882373,0.6533203125,0.73828125,0.23583984375,Mouth open
1713363082.923415,0.640625,0.747314453125,0.2451171875,Mouth open
1713363082.962241,0.640380859375,0.746337890625,0.260498046875,Mouth open
1713363083.001898,0.60498046875,0.752197265625,0.26220703125,Mouth open
1713363083.041362,0.638671875,0.73193359375,0.239501953125,Mouth open
1713363083.081602,0.6591796875,0.72265625,0.239501953125,Mouth open
1713363083.121638,0.65185546875,0.745849609375,0.239990234375,Mouth open
1713363083.161793,0.662353515625,0.740234375,0.201416015625,Mouth open
1713363083.211594,0.635009765625,0.7431640625,0.19384765625,Mouth open
1713363083.241858,0.64453125,0.748291015625,0.178955078125,Mouth open
1713363083.28234,0.6494140625,0.74365234375,0.173828125,Mouth open
1713363083.320643,0.57421875,0.751708984375,0.24560546875,Mouth open
1713363083.363517,0.644775390625,0.76123046875,0.239013671875,Mouth open
1713363083.402182,0.664794921875,0.740234375,0.251708984375,Mouth open
1713363083.441213,0.628662109375,0.7265625,0.27197265625,Mouth open
1713363083.48258,0.631103515625,0.72509765625,0.259765625,Mouth open
1713363083.522521,0.64404296875,0.769287109375,0.249755859375,Mouth open
1713363083.562421,0.6572265625,0.76708984375,0.244873046875,Mouth open
1713363083.603214,0.630615234375,0.736572265625,0.246337890625,Mouth open
1713363083.643763,0.572998046875,0.72607421875,0.259765625,Mouth open
1713363083.683406,0.6552734375,0.7412109375,0.23828125,Mouth open
1713363083.726975,0.6162109375,0.75244140625,0.271484375,Mouth open
1713363083.767694,0.61083984375,0.752685546875,0.30712890625,Mouth open
1713363083.813543,0.54345703125,0.773681640625,0.343017578125,Mouth open
1713363083.843201,0.55810546875,0.779296875,0.305908203125,Mouth open
1713363083.893357,0.605224609375,0.77978515625,0.241455078125,Mouth open
1713363083.922209,0.6591796875,0.78125,0.21142578125,Mouth open
1713363083.969892,0.6572265625,0.77978515625,0.230224609375,Mouth open
1713363084.000199,0.651611328125,0.728515625,0.219482421875,Mouth open
1713363084.046729,0.629638671875,0.702392578125,0.22509765625,Mouth open
1713363084.082419,0.619140625,0.718994140625,0.239013671875,Mouth open
1713363084.130767,0.659423828125,0.732177734375,0.24609375,Mouth open
1713363084.16843,0.64013671875,0.695068359375,0.27734375,Mouth open
1713363084.20385,0.6064453125,0.736572265625,0.315673828125,Mouth open
1713363084.245166,0.645751953125,0.779541015625,0.309326171875,Mouth open
1713363084.28386,0.62158203125,0.76513671875,0.226806640625,Mouth open
1713363084.323298,0.663330078125,0.709716796875,0.23974609375,Mouth open
1713363084.365178,0.614501953125,0.71484375,0.258056640625,Mouth open
1713363084.404528,0.62841796875,0.74072265625,0.280029296875,Mouth open
1713363084.443769,0.60009765625,0.747314453125,0.303955078125,Mouth open
1713363084.484446,0.590576171875,0.7490234375,0.290283203125,Mouth open
1713363084.522341,0.64990234375,0.7421875,0.25830078125,Mouth open
1713363084.566152,0.6123046875,0.750244140625,0.269287109375,Mouth open
1713363084.603348,0.650390625,0.7333984375,0.24853515625,Mouth open
1713363084.643162,0.640380859375,0.727783203125,0.26708984375,Mouth open
1713363084.683361,0.6142578125,0.737060546875,0.286865234375,Mouth open
1713363084.722278,0.635986328125,0.7333984375,0.246337890625,Mouth open
1713363084.763689,0.62158203125,0.754150390625,0.267578125,Mouth open
1713363084.803183,0.630615234375,0.759765625,0.235107421875,Mouth open
1713363084.843683,0.6640625,0.7373046875,0.224853515625,Mouth open
1713363084.884115,0.662353515625,0.71923828125,0.209228515625,Mouth open
1713363084.926094,0.638916015625,0.734375,0.261474609375,Mouth open
1713363084.965133,0.649658203125,0.740234375,0.251708984375,Mouth open
1713363085.004326,0.660888671875,0.730712890625,0.21533203125,Mouth open
1713363085.044341,0.670166015625,0.73583984375,0.206298828125,Mouth open
1713363085.084225,0.666015625,0.742919921875,0.211181640625,Mouth open
1713363085.130413,0.663818359375,0.730712890625,0.212158203125,Mouth open
1713363085.166773,0.633056640625,0.733154296875,0.2314453125,Mouth open
1713363085.207011,0.650390625,0.724853515625,0.215576171875,Mouth open
1713363085.243772,0.62451171875,0.7490234375,0.22216796875,Mouth open
1713363085.283961,0.652099609375,0.75537109375,0.213134765625,Mouth open
1713363085.322396,0.63818359375,0.754150390625,0.2158203125,Mouth open
1713363085.362459,0.64306640625,0.749755859375,0.2080078125,Mouth open
1713363085.404089,0.644287109375,0.750244140625,0.20458984375,Mouth open
1713363085.443581,0.655029296875,0.754638671875,0.205078125,Mouth open
1713363085.483739,0.65283203125,0.747802734375,0.20166015625,Mouth open
1713363085.53454,0.642578125,0.743896484375,0.20361328125,Mouth open
1713363085.563587,0.65087890625,0.73876953125,0.20947265625,Mouth open
1713363085.612203,0.63720703125,0.74462890625,0.220703125,Mouth open
1713363085.651317,0.632568359375,0.756591796875,0.228759765625,Mouth open
1713363085.68456,0.636474609375,0.755126953125,0.2255859375,Mouth open
1713363085.726386,0.649658203125,0.74755859375,0.212890625,Mouth open
1713363085.765862,0.6611328125,0.733642578125,0.196044921875,Mouth open
1713363085.803615,0.6552734375,0.735595703125,0.198486328125,Mouth open
1713363085.848402,0.664306640625,0.74267578125,0.201171875,Mouth open
1713363085.884035,0.658447265625,0.745361328125,0.19677734375,Mouth open
1713363085.930969,0.656494140625,0.742919921875,0.190673828125,Mouth open
1713363085.96216,0.653564453125,0.746826171875,0.194091796875,Mouth open
1713363086.013083,0.6513671875,0.74853515625,0.19384765625,Mouth open
1713363086.050925,0.642822265625,0.749267578125,0.20458984375,Mouth open
1713363086.08597,0.643310546875,0.748291015625,0.204345703125,Mouth open
1713363086.126916,0.64306640625,0.750244140625,0.204345703125,Mouth open
1713363086.165874,0.646728515625,0.747802734375,0.201416015625,Mouth open
1713363086.206153,0.648193359375,0.74462890625,0.201904296875,Mouth open
1713363086.24473,0.6455078125,0.745849609375,0.2041015625,Mouth open
1713363086.284324,0.646240234375,0.747314453125,0.210693359375,Mouth open
1713363086.325389,0.648681640625,0.748779296875,0.21728515625,Mouth open
1713363086.365482,0.650634765625,0.750732421875,0.22119140625,Mouth open
1713363086.404163,0.642822265625,0.7421875,0.21240234375,Mouth open
1713363086.446375,0.6396484375,0.7431640625,0.205322265625,Mouth open
1713363086.485794,0.64697265625,0.7421875,0.19970703125,Mouth open
1713363086.523046,0.64501953125,0.752197265625,0.208251953125,Mouth open
1713363086.564123,0.6494140625,0.75537109375,0.209228515625,Mouth open
1713363086.603384,0.6474609375,0.7509765625,0.20654296875,Mouth open
1713363086.643408,0.64697265625,0.749755859375,0.207763671875,Mouth open
1713363086.684261,0.63916015625,0.746337890625,0.213134765625,Mouth open
1713363086.726659,0.64013671875,0.746337890625,0.212158203125,Mouth open
1713363086.769615,0.64208984375,0.747802734375,0.209716796875,Mouth open
1713363086.806742,0.643798828125,0.75146484375,0.20703125,Mouth open
1713363086.847147,0.640869140625,0.753173828125,0.20458984375,Mouth open
1713363086.88535,0.6435546875,0.75048828125,0.199951171875,Mouth open
1713363086.945905,0.642333984375,0.751708984375,0.20166015625,Mouth open
1713363086.971568,0.64501953125,0.753173828125,0.20458984375,Mouth open
1713363087.007891,0.643798828125,0.75,0.205810546875,Mouth open
1713363087.046335,0.645751953125,0.748291015625,0.21142578125,Mouth open
1713363087.092961,0.637939453125,0.741943359375,0.2060546875,Mouth open
1713363087.134552,0.644775390625,0.744140625,0.206787109375,Mouth open
1713363087.163531,0.64208984375,0.747802734375,0.206787109375,Mouth open
1713363087.204182,0.6484375,0.75,0.205810546875,Mouth open
1713363087.250021,0.646240234375,0.745849609375,0.203125,Mouth open
1713363087.286722,0.64501953125,0.74560546875,0.203369140625,Mouth open
1713363087.326904,0.643310546875,0.74658203125,0.207763671875,Mouth open
1713363087.365691,0.645263671875,0.75048828125,0.211669921875,Mouth open
1713363087.418688,0.642333984375,0.743408203125,0.205322265625,Mouth open
1713363087.44659,0.645751953125,0.7490234375,0.206787109375,Mouth open
1713363087.490039,0.645751953125,0.7490234375,0.2060546875,Mouth open
1713363087.526293,0.6455078125,0.744873046875,0.198974609375,Mouth open
1713363087.569936,0.648193359375,0.744140625,0.201904296875,Mouth open
1713363087.611264,0.63916015625,0.749267578125,0.20751953125,Mouth open
1713363087.652224,0.642578125,0.7490234375,0.2060546875,Mouth open
1713363087.687695,0.642333984375,0.7490234375,0.20458984375,Mouth open
1713363087.727926,0.64501953125,0.749267578125,0.20751953125,Mouth open
1713363087.766367,0.644287109375,0.74267578125,0.20703125,Mouth open
1713363087.807478,0.64501953125,0.746826171875,0.21044921875,Mouth open
1713363087.846316,0.641845703125,0.74462890625,0.208251953125,Mouth open
1713363087.886808,0.64794921875,0.74755859375,0.211669921875,Mouth open
1713363087.925932,0.646240234375,0.743896484375,0.20556640625,Mouth open
1713363087.967363,0.650634765625,0.741943359375,0.20361328125,Mouth open
1713363088.007412,0.644775390625,0.749267578125,0.20947265625,Mouth open
1713363088.048519,0.651123046875,0.751953125,0.20751953125,Mouth open
1713363088.087201,0.643798828125,0.74560546875,0.201171875,Mouth open
1713363088.127183,0.648681640625,0.742919921875,0.2041015625,Mouth open
1713363088.167731,0.645751953125,0.745361328125,0.20654296875,Mouth open
1713363088.207107,0.649658203125,0.7451171875,0.20654296875,Mouth open
1713363088.247645,0.64404296875,0.749755859375,0.206298828125,Mouth open
1713363088.287203,0.64599609375,0.746826171875,0.20556640625,Mouth open
1713363088.329438,0.647216796875,0.747314453125,0.204345703125,Mouth open
1713363088.36822,0.64453125,0.7470703125,0.202392578125,Mouth open
1713363088.407169,0.645263671875,0.74609375,0.20458984375,Mouth open
1713363088.447583,0.640625,0.750244140625,0.206787109375,Mouth open
1713363088.485691,0.64599609375,0.75048828125,0.20703125,Mouth open
1713363088.532014,0.6455078125,0.752685546875,0.205078125,Mouth open
1713363088.565733,0.64599609375,0.748779296875,0.208984375,Mouth open
1713363088.617184,0.646728515625,0.74755859375,0.208740234375,Mouth open
1713363088.646225,0.64697265625,0.7490234375,0.210693359375,Mouth open
1713363088.697,0.64501953125,0.745849609375,0.206298828125,Mouth open
1713363088.726304,0.644775390625,0.749267578125,0.21044921875,Mouth open
1713363088.776856,0.64697265625,0.743408203125,0.20751953125,Mouth open
1713363088.80665,0.6455078125,0.745361328125,0.205078125,Mouth open
1713363088.857019,0.64599609375,0.74658203125,0.2099609375,Mouth open
1713363088.888002,0.64501953125,0.746826171875,0.207763671875,Mouth open
1713363088.92948,0.646484375,0.742919921875,0.204833984375,Mouth open
1713363088.975352,0.642333984375,0.744384765625,0.208984375,Mouth open
1713363089.016358,0.64892578125,0.75048828125,0.21142578125,Mouth open
1713363089.046185,0.643310546875,0.744140625,0.205322265625,Mouth open
1713363089.098014,0.646240234375,0.74267578125,0.201904296875,Mouth open
1713363089.126028,0.64990234375,0.74462890625,0.201171875,Mouth open
1713363089.176035,0.64599609375,0.75048828125,0.210693359375,Mouth open
1713363089.206191,0.649169921875,0.74853515625,0.20556640625,Mouth open
1713363089.257294,0.6455078125,0.744873046875,0.198486328125,Mouth open
1713363089.287125,0.6513671875,0.7470703125,0.200927734375,Mouth open
1713363089.329337,0.646484375,0.743896484375,0.2001953125,Mouth open
1713363089.367646,0.6474609375,0.74658203125,0.2041015625,Mouth open
1713363089.417441,0.645263671875,0.745361328125,0.204345703125,Mouth open
1713363089.45449,0.64453125,0.750244140625,0.205078125,Mouth open
1713363089.490458,0.645263671875,0.749267578125,0.202392578125,Mouth open
1713363089.528412,0.64599609375,0.750732421875,0.203369140625,Mouth open
1713363089.575188,0.64453125,0.750244140625,0.202880859375,Mouth open
1713363089.608126,0.646484375,0.75,0.207763671875,Mouth open
1713363089.653888,0.64208984375,0.74658203125,0.204345703125,Mouth open
1713363089.688679,0.6435546875,0.749755859375,0.20849609375,Mouth open
1713363089.746174,0.648193359375,0.747314453125,0.204345703125,Mouth open
1713363089.767666,0.6474609375,0.74853515625,0.19970703125,Mouth open
1713363089.806127,0.64453125,0.746826171875,0.197509765625,Mouth open
1713363089.84713,0.651123046875,0.746826171875,0.19873046875,Mouth open
1713363089.887136,0.64599609375,0.745361328125,0.195556640625,Mouth open
1713363089.935868,0.651611328125,0.748046875,0.196044921875,Mouth open
1713363089.973034,0.64501953125,0.747802734375,0.1982421875,Mouth open
1713363090.010643,0.645751953125,0.751220703125,0.19921875,Mouth open
1713363090.051915,0.647705078125,0.746826171875,0.1962890625,Mouth open
1713363090.089807,0.646728515625,0.744873046875,0.19677734375,Mouth open
1713363090.129563,0.6455078125,0.746826171875,0.19921875,Mouth open
1713363090.16937,0.64697265625,0.748779296875,0.2021484375,Mouth open
1713363090.218978,0.6474609375,0.74853515625,0.20166015625,Mouth open
1713363090.256266,0.650146484375,0.748779296875,0.19873046875,Mouth open
1713363090.295486,0.64990234375,0.748291015625,0.196533203125,Mouth open
1713363090.332338,0.644775390625,0.744384765625,0.19677734375,Mouth open
1713363090.373778,0.64501953125,0.74755859375,0.198974609375,Mouth open
1713363090.415461,0.64697265625,0.74853515625,0.198974609375,Mouth open
1713363090.452855,0.645263671875,0.751708984375,0.198486328125,Mouth open
1713363090.490549,0.64453125,0.75146484375,0.198486328125,Mouth open
1713363090.530107,0.6455078125,0.751220703125,0.19921875,Mouth open
1713363090.568786,0.644287109375,0.74951171875,0.19775390625,Mouth open
1713363090.608678,0.643310546875,0.7490234375,0.1953125,Mouth open
1713363090.649082,0.645751953125,0.748291015625,0.2021484375,Mouth open
1713363090.689015,0.642578125,0.74853515625,0.202880859375,Mouth open
1713363090.730661,0.64599609375,0.748046875,0.19873046875,Mouth open
1713363090.772902,0.64697265625,0.744873046875,0.19677734375,Mouth open
1713363090.81076,0.64990234375,0.74755859375,0.1982421875,Mouth open
1713363090.850286,0.64501953125,0.752197265625,0.19677734375,Mouth open
1713363090.890166,0.6484375,0.748291015625,0.19580078125,Mouth open
1713363090.930372,0.643798828125,0.744140625,0.1953125,Mouth open
1713363090.970192,0.6455078125,0.7421875,0.197509765625,Mouth open
1713363091.015114,0.649169921875,0.748046875,0.200927734375,Mouth open
1713363091.050428,0.648193359375,0.744384765625,0.19775390625,Mouth open
1713363091.090922,0.6494140625,0.74609375,0.199951171875,Mouth open
1713363091.128041,0.648193359375,0.745361328125,0.199951171875,Mouth open
1713363091.169506,0.648193359375,0.74609375,0.19970703125,Mouth open
1713363091.209588,0.648193359375,0.7451171875,0.19775390625,Mouth open
1713363091.249036,0.64892578125,0.74658203125,0.200439453125,Mouth open
1713363091.290303,0.64453125,0.75,0.20166015625,Mouth open
1713363091.335491,0.64794921875,0.748779296875,0.19970703125,Mouth open
1713363091.370208,0.647216796875,0.746826171875,0.200927734375,Mouth open
1713363091.413148,0.6494140625,0.749267578125,0.204345703125,Mouth open
1713363091.452669,0.646240234375,0.7490234375,0.200439453125,Mouth open
1713363091.494767,0.64794921875,0.747314453125,0.20166015625,Mouth open
1713363091.536854,0.643310546875,0.74755859375,0.20556640625,Mouth open
1713363091.572488,0.64697265625,0.746826171875,0.203125,Mouth open
1713363091.615187,0.64794921875,0.742431640625,0.195556640625,Mouth open
1713363091.651047,0.651611328125,0.747314453125,0.19970703125,Mouth open
1713363091.698315,0.64892578125,0.752197265625,0.198974609375,Mouth open
1713363091.736077,0.65087890625,0.749267578125,0.197021484375,Mouth open
1713363091.775278,0.64404296875,0.744873046875,0.195556640625,Mouth open
1713363091.816481,0.646240234375,0.7470703125,0.200439453125,Mouth open
1713363091.853899,0.644287109375,0.747314453125,0.2021484375,Mouth open
1713363091.891712,0.64697265625,0.7470703125,0.20068359375,Mouth open
1713363091.931789,0.64404296875,0.743896484375,0.2021484375,Mouth open
1713363091.972231,0.6533203125,0.74755859375,0.199951171875,Mouth open
1713363092.013216,0.6474609375,0.750732421875,0.200439453125,Mouth open
1713363092.055692,0.64599609375,0.744140625,0.197509765625,Mouth open
1713363092.09327,0.64794921875,0.747314453125,0.20166015625,Mouth open
1713363092.133822,0.6494140625,0.748779296875,0.19970703125,Mouth open
1713363092.174227,0.647705078125,0.748779296875,0.2001953125,Mouth open
1713363092.214412,0.645751953125,0.7509765625,0.1982421875,Mouth open
1713363092.253527,0.646484375,0.74755859375,0.19873046875,Mouth open
1713363092.294573,0.645263671875,0.7490234375,0.19873046875,Mouth open
1713363092.334363,0.64501953125,0.7470703125,0.201904296875,Mouth open
1713363092.372915,0.6455078125,0.7490234375,0.201171875,Mouth open
1713363092.412053,0.648681640625,0.747802734375,0.1982421875,Mouth open
1713363092.451572,0.651611328125,0.74609375,0.19384765625,Mouth open
1713363092.494875,0.65087890625,0.747314453125,0.19873046875,Mouth open
1713363092.532237,0.648681640625,0.751220703125,0.196533203125,Mouth open
1713363092.573121,0.650634765625,0.7470703125,0.197021484375,Mouth open
1713363092.614351,0.649658203125,0.74462890625,0.193603515625,Mouth open
1713363092.653892,0.648681640625,0.74560546875,0.201416015625,Mouth open
1713363092.693089,0.644775390625,0.75048828125,0.20166015625,Mouth open
1713363092.737025,0.650146484375,0.74560546875,0.1982421875,Mouth open
1713363092.778327,0.64453125,0.744873046875,0.19921875,Mouth open
1713363092.814954,0.651611328125,0.745361328125,0.198486328125,Mouth open
1713363092.855132,0.648681640625,0.743896484375,0.197265625,Mouth open
1713363092.89696,0.65087890625,0.746337890625,0.197021484375,Mouth open
1713363092.945726,0.644287109375,0.748779296875,0.20068359375,Mouth open
1713363092.974256,0.646728515625,0.744873046875,0.198486328125,Mouth open
1713363093.02204,0.6474609375,0.74853515625,0.19921875,Mouth closed
1713363093.061721,0.647705078125,0.74853515625,0.199951171875,Mouth closed
1713363093.099203,0.64892578125,0.75341796875,0.202880859375,Mouth closed
1713363093.137698,0.64501953125,0.74609375,0.201171875,Mouth closed
1713363093.175279,0.64599609375,0.745849609375,0.20263671875,Mouth closed
1713363093.214827,0.648681640625,0.746337890625,0.199462890625,Mouth closed
1713363093.254796,0.6455078125,0.7451171875,0.197998046875,Mouth closed
1713363093.294168,0.6484375,0.746826171875,0.197265625,Mouth closed
1713363093.33404,0.646240234375,0.745361328125,0.1982421875,Mouth closed
1713363093.375,0.6494140625,0.75439453125,0.199462890625,Mouth closed
1713363093.417965,0.6474609375,0.749755859375,0.198486328125,Mouth closed
1713363093.455115,0.64501953125,0.74658203125,0.198486328125,Mouth closed
1713363093.497297,0.64599609375,0.746337890625,0.199951171875,Mouth closed
1713363093.535439,0.64453125,0.74951171875,0.204833984375,Mouth closed
1713363093.575761,0.64697265625,0.74853515625,0.2021484375,Mouth closed
1713363093.615842,0.64794921875,0.747802734375,0.2001953125,Mouth closed
1713363093.65411,0.65185546875,0.751708984375,0.20068359375,Mouth closed
1713363093.694574,0.64501953125,0.747802734375,0.19677734375,Mouth closed
1713363093.733517,0.646484375,0.748291015625,0.20166015625,Mouth closed
1713363093.773852,0.643798828125,0.75,0.200439453125,Mouth closed
1713363093.814157,0.64501953125,0.7490234375,0.19970703125,Mouth closed
1713363093.855567,0.64794921875,0.749755859375,0.19775390625,Mouth closed
1713363093.894427,0.64453125,0.7509765625,0.200927734375,Mouth closed
1713363093.935028,0.64599609375,0.749267578125,0.200927734375,Mouth closed
1713363093.975102,0.647216796875,0.75,0.20166015625,Mouth closed
1713363094.019005,0.64892578125,0.749267578125,0.203125,Mouth closed
1713363094.054983,0.64013671875,0.74267578125,0.200439453125,Mouth closed
1713363094.0958,0.64501953125,0.7431640625,0.201416015625,Mouth closed
1713363094.137215,0.64208984375,0.7490234375,0.201416015625,Mouth closed
1713363094.185878,0.6513671875,0.75146484375,0.19921875,Mouth closed
1713363094.224115,0.64501953125,0.7470703125,0.197998046875,Mouth closed
1713363094.262979,0.647216796875,0.748046875,0.199951171875,Mouth closed
1713363094.301297,0.64501953125,0.74951171875,0.20263671875,Mouth closed
1713363094.339899,0.64697265625,0.750244140625,0.2001953125,Mouth closed
1713363094.377368,0.64697265625,0.749755859375,0.19970703125,Mouth closed
1713363094.416355,0.651123046875,0.7490234375,0.198974609375,Mouth closed
1713363094.456606,0.65185546875,0.7470703125,0.197021484375,Mouth closed
1713363094.496196,0.6484375,0.74365234375,0.1953125,Mouth closed
1713363094.536188,0.646240234375,0.7470703125,0.198486328125,Mouth closed
1713363094.577878,0.647216796875,0.7470703125,0.19921875,Mouth closed
1713363094.61524,0.6455078125,0.75048828125,0.2001953125,Mouth closed
1713363094.655668,0.645263671875,0.75048828125,0.198486328125,Mouth closed
1713363094.696249,0.64892578125,0.75,0.2001953125,Mouth closed
1713363094.741772,0.644775390625,0.748291015625,0.199951171875,Mouth closed
1713363094.777837,0.645751953125,0.74853515625,0.203125,Mouth closed
1713363094.817192,0.647216796875,0.74609375,0.2021484375,Mouth closed
1713363094.857918,0.646484375,0.7421875,0.19921875,Mouth closed
1713363094.904141,0.64990234375,0.745849609375,0.199462890625,Mouth closed
1713363094.937178,0.64990234375,0.749267578125,0.19580078125,Mouth closed
1713363094.976166,0.6494140625,0.75048828125,0.19677734375,Mouth closed
1713363095.016535,0.644775390625,0.7451171875,0.19384765625,Mouth closed
1713363095.059745,0.64599609375,0.749755859375,0.197021484375,Mouth closed
1713363095.096377,0.64501953125,0.748291015625,0.19775390625,Mouth closed
1713363095.137191,0.648681640625,0.744873046875,0.19873046875,Mouth closed
1713363095.178807,0.64599609375,0.747802734375,0.1982421875,Mouth closed
1713363095.217039,0.651611328125,0.747802734375,0.19873046875,Mouth closed
1713363095.263485,0.64892578125,0.747314453125,0.197021484375,Mouth closed
1713363095.300448,0.6513671875,0.74560546875,0.196533203125,Mouth closed
1713363095.340842,0.64501953125,0.74462890625,0.19873046875,Mouth closed
1713363095.378137,0.64892578125,0.747802734375,0.199951171875,Mouth closed
1713363095.418829,0.648681640625,0.75,0.1982421875,Mouth closed
1713363095.461915,0.648681640625,0.75048828125,0.1943359375,Mouth closed
1713363095.504754,0.650634765625,0.75048828125,0.1982421875,Mouth closed
1713363095.54123,0.6494140625,0.748291015625,0.2001953125,Mouth closed
1713363095.581677,0.647705078125,0.7470703125,0.202880859375,Mouth closed
1713363095.620232,0.64453125,0.746337890625,0.199462890625,Mouth closed
1713363095.658797,0.646240234375,0.744140625,0.198486328125,Mouth closed
1713363095.701017,0.647216796875,0.745849609375,0.19384765625,Mouth closed
1713363095.746178,0.6484375,0.746826171875,0.19775390625,Mouth closed
1713363095.778348,0.648681640625,0.75341796875,0.19677734375,Mouth closed
1713363095.822818,0.64794921875,0.748779296875,0.19580078125,Mouth closed
1713363095.864773,0.648681640625,0.746337890625,0.189208984375,Mouth closed
1713363095.901367,0.649658203125,0.7470703125,0.19775390625,Mouth closed
1713363095.944484,0.646240234375,0.748046875,0.202392578125,Mouth closed
1713363095.984322,0.650390625,0.74853515625,0.198974609375,Mouth closed
1713363096.019842,0.645263671875,0.74560546875,0.197021484375,Mouth closed
1713363096.066843,0.65380859375,0.75146484375,0.1982421875,Mouth closed
1713363096.099893,0.651123046875,0.745361328125,0.19287109375,Mouth closed
1713363096.140033,0.649169921875,0.7451171875,0.19287109375,Mouth closed
1713363096.1804,0.646728515625,0.744873046875,0.19677734375,Mouth closed
1713363096.22531,0.64990234375,0.750244140625,0.19482421875,Mouth closed
1713363096.259957,0.650390625,0.74560546875,0.193603515625,Mouth closed
1713363096.298348,0.651611328125,0.746826171875,0.195556640625,Mouth closed
1713363096.338084,0.64892578125,0.747802734375,0.1982421875,Mouth closed
1713363096.377875,0.6474609375,0.746826171875,0.19970703125,Mouth closed
1713363096.418412,0.646240234375,0.7470703125,0.19921875,Mouth closed
1713363096.459557,0.645263671875,0.745849609375,0.2021484375,Mouth closed
1713363096.498792,0.63525390625,0.748046875,0.228271484375,Mouth closed
1713363096.539002,0.654296875,0.74365234375,0.19873046875,Mouth closed
1713363096.580407,0.637939453125,0.7470703125,0.1865234375,Mouth closed
1713363096.619565,0.65185546875,0.75048828125,0.208984375,Mouth closed
1713363096.661906,0.651123046875,0.749755859375,0.195556640625,Mouth closed
1713363096.70116,0.628662109375,0.747802734375,0.194091796875,Mouth closed
1713363096.740195,0.647216796875,0.74169921875,0.199462890625,Mouth closed
1713363096.780963,0.646240234375,0.7490234375,0.205078125,Mouth closed
1713363096.823412,0.643310546875,0.75,0.2021484375,Mouth closed
1713363096.861163,0.64599609375,0.75146484375,0.204345703125,Mouth closed
1713363096.903118,0.647705078125,0.750244140625,0.199462890625,Mouth closed
1713363096.940896,0.645263671875,0.748779296875,0.197509765625,Mouth closed
1713363096.981104,0.645263671875,0.74658203125,0.19580078125,Mouth closed
1713363097.02154,0.647705078125,0.745361328125,0.18701171875,Mouth closed
1713363097.060243,0.646484375,0.749267578125,0.1953125,Mouth closed
1713363097.107186,0.651123046875,0.748291015625,0.1904296875,Mouth closed
1713363097.143074,0.647705078125,0.750244140625,0.19189453125,Mouth closed
1713363097.183538,0.6474609375,0.747314453125,0.193115234375,Mouth closed
1713363097.222134,0.644775390625,0.75048828125,0.1923828125,Mouth closed
1713363097.267879,0.64404296875,0.7490234375,0.193115234375,Mouth closed
1713363097.303349,0.646484375,0.74853515625,0.198974609375,Mouth closed
1713363097.354317,0.645751953125,0.746337890625,0.1982421875,Mouth closed
1713363097.382241,0.6494140625,0.748779296875,0.193359375,Mouth closed
1713363097.431686,0.649169921875,0.74755859375,0.1953125,Mouth closed
1713363097.46922,0.64794921875,0.7509765625,0.194091796875,Mouth closed
1713363097.503261,0.650146484375,0.75341796875,0.19580078125,Mouth closed
1713363097.549567,0.646240234375,0.7470703125,0.194091796875,Mouth closed
1713363097.590828,0.64501953125,0.748291015625,0.193359375,Mouth closed
1713363097.622812,0.646728515625,0.75,0.19921875,Mouth closed
1713363097.669363,0.642578125,0.751953125,0.2001953125,Mouth closed
1713363097.701617,0.6474609375,0.75048828125,0.19873046875,Mouth closed
1713363097.747249,0.64306640625,0.74853515625,0.19775390625,Mouth closed
1713363097.782688,0.6513671875,0.746826171875,0.1982421875,Mouth closed
1713363097.834098,0.64404296875,0.748779296875,0.196044921875,Mouth closed
1713363097.861969,0.6484375,0.74853515625,0.199462890625,Mouth closed
1713363097.913891,0.64794921875,0.746826171875,0.19921875,Mouth closed
1713363097.942771,0.64599609375,0.75,0.197998046875,Mouth closed
1713363097.984878,0.646728515625,0.749755859375,0.1943359375,Mouth closed
1713363098.026101,0.64697265625,0.747802734375,0.195556640625,Mouth closed
1713363098.072001,0.64599609375,0.748046875,0.1943359375,Mouth closed
1713363098.10613,0.64794921875,0.7470703125,0.198486328125,Mouth closed
1713363098.144227,0.64697265625,0.750244140625,0.1982421875,Mouth closed
1713363098.1842,0.64453125,0.74755859375,0.2001953125,Mouth closed
1713363098.236256,0.6484375,0.750244140625,0.195556640625,Mouth closed
1713363098.265587,0.652587890625,0.74658203125,0.194091796875,Mouth closed
1713363098.316932,0.651123046875,0.748779296875,0.1943359375,Mouth closed
1713363098.344475,0.64697265625,0.751953125,0.194580078125,Mouth closed
1713363098.396859,0.64892578125,0.74951171875,0.196044921875,Mouth closed
1713363098.425374,0.642822265625,0.74755859375,0.194580078125,Mouth closed
1713363098.476496,0.64794921875,0.74462890625,0.194580078125,Mouth closed
1713363098.505195,0.6474609375,0.750732421875,0.197998046875,Mouth closed
1713363098.552599,0.646484375,0.74609375,0.194580078125,Mouth closed
1713363098.584034,0.64697265625,0.7490234375,0.19580078125,Mouth closed
1713363098.638913,0.64892578125,0.7490234375,0.1953125,Mouth closed
1713363098.666145,0.649658203125,0.749267578125,0.193359375,Mouth closed
1713363098.718532,0.6494140625,0.7470703125,0.192138671875,Mouth closed
1713363098.747856,0.649169921875,0.747802734375,0.1953125,Mouth closed
1713363098.798833,0.645751953125,0.7509765625,0.19384765625,Mouth closed
1713363098.83408,0.646240234375,0.748291015625,0.1923828125,Mouth closed
1713363098.865888,0.646240234375,0.7490234375,0.193115234375,Mouth closed
1713363098.906663,0.650146484375,0.751953125,0.19189453125,Mouth closed
1713363098.944078,0.6484375,0.749267578125,0.1962890625,Mouth closed
1713363098.984429,0.648193359375,0.74755859375,0.195068359375,Mouth closed
1713363099.024253,0.64501953125,0.746337890625,0.197021484375,Mouth closed
1713363099.064984,0.64794921875,0.747802734375,0.1953125,Mouth closed
1713363099.112284,0.650390625,0.74560546875,0.191162109375,Mouth closed
1713363099.144182,0.64599609375,0.74658203125,0.190185546875,Mouth closed
1713363099.18503,0.649169921875,0.74853515625,0.19482421875,Mouth closed
1713363099.229492,0.652099609375,0.7529296875,0.19287109375,Mouth closed
1713363099.270108,0.64697265625,0.747802734375,0.19384765625,Mouth closed
1713363099.307736,0.64697265625,0.745361328125,0.189453125,Mouth closed
1713363099.349498,0.650146484375,0.74951171875,0.196044921875,Mouth closed
1713363099.387512,0.646484375,0.75048828125,0.19580078125,Mouth closed
1713363099.428545,0.64892578125,0.749267578125,0.196533203125,Mouth closed
1713363099.466933,0.644775390625,0.748291015625,0.194580078125,Mouth closed
1713363099.50829,0.656005859375,0.75341796875,0.197021484375,Mouth closed
1713363099.548139,0.649169921875,0.74755859375,0.193603515625,Mouth closed
1713363099.587507,0.64599609375,0.746337890625,0.193115234375,Mouth closed
1713363099.627584,0.645263671875,0.746337890625,0.19677734375,Mouth closed
1713363099.666921,0.64453125,0.750244140625,0.19921875,Mouth closed
1713363099.706588,0.64794921875,0.75,0.194580078125,Mouth closed
1713363099.74737,0.645263671875,0.75048828125,0.1982421875,Mouth closed
1713363099.787421,0.6474609375,0.750244140625,0.19921875,Mouth closed
1713363099.826777,0.6455078125,0.74951171875,0.19873046875,Mouth closed
1713363099.870258,0.646240234375,0.747802734375,0.200927734375,Mouth closed
1713363099.912418,0.644775390625,0.74755859375,0.19970703125,Mouth closed
1713363099.950134,0.64599609375,0.75048828125,0.197509765625,Mouth closed
1713363100.000111,0.647216796875,0.74609375,0.197021484375,Mouth closed
1713363100.027803,0.64892578125,0.74853515625,0.19482421875,Mouth closed
1713363100.073388,0.648193359375,0.754150390625,0.1962890625,Mouth closed
1713363100.113412,0.649169921875,0.7509765625,0.19384765625,Mouth closed
1713363100.153569,0.64404296875,0.74609375,0.192138671875,Mouth closed
1713363100.190946,0.644775390625,0.747314453125,0.19677734375,Mouth closed
1713363100.230556,0.643798828125,0.749755859375,0.201171875,Mouth closed
1713363100.26818,0.6484375,0.747314453125,0.195556640625,Mouth closed
1713363100.307172,0.643310546875,0.748046875,0.194091796875,Mouth closed
1713363100.349084,0.640380859375,0.75439453125,0.201171875,Mouth closed
1713363100.393315,0.6474609375,0.751220703125,0.19580078125,Mouth closed
1713363100.427111,0.646484375,0.74560546875,0.194091796875,Mouth closed
1713363100.477824,0.644775390625,0.749755859375,0.19970703125,Mouth closed
1713363100.506956,0.6455078125,0.74951171875,0.19921875,Mouth closed
1713363100.548346,0.64599609375,0.75,0.19921875,Mouth closed
1713363100.593256,0.6474609375,0.75048828125,0.195556640625,Mouth closed
1713363100.63394,0.645751953125,0.75048828125,0.196044921875,Mouth closed
1713363100.671189,0.649169921875,0.75,0.197998046875,Mouth closed
1713363100.711253,0.642578125,0.74951171875,0.199951171875,Mouth closed
1713363100.751215,0.644775390625,0.748046875,0.20458984375,Mouth closed
1713363100.789344,0.64892578125,0.746826171875,0.200439453125,Mouth closed
1713363100.829989,0.650390625,0.748046875,0.198974609375,Mouth closed
1713363100.869567,0.64404296875,0.7451171875,0.19970703125,Mouth closed
1713363100.907224,0.64892578125,0.75341796875,0.1962890625,Mouth closed
1713363100.948484,0.64306640625,0.748291015625,0.196044921875,Mouth closed
1713363100.987541,0.64453125,0.748291015625,0.195556640625,Mouth closed
1713363101.025418,0.6474609375,0.74853515625,0.2001953125,Mouth closed
1713363101.067955,0.645263671875,0.75146484375,0.203125,Mouth closed
1713363101.106829,0.648681640625,0.749267578125,0.200439453125,Mouth closed
1713363101.147905,0.646728515625,0.748046875,0.202392578125,Mouth closed
1713363101.188689,0.650146484375,0.74755859375,0.1982421875,Mouth closed
1713363101.228294,0.64697265625,0.7470703125,0.199462890625,Mouth closed
1713363101.267776,0.646728515625,0.746826171875,0.1982421875,Mouth closed
1713363101.312632,0.645263671875,0.748779296875,0.199951171875,Mouth closed
1713363101.349291,0.646728515625,0.749267578125,0.19775390625,Mouth closed
1713363101.389562,0.65087890625,0.749755859375,0.196533203125,Mouth closed
1713363101.429827,0.647705078125,0.7470703125,0.196533203125,Mouth closed
1713363101.469283,0.648681640625,0.747314453125,0.199462890625,Mouth closed
1713363101.507852,0.64990234375,0.749755859375,0.20068359375,Mouth closed
1713363101.547205,0.650634765625,0.748046875,0.20068359375,Mouth closed
1713363101.585843,0.6533203125,0.74609375,0.19775390625,Mouth closed
1713363101.630765,0.650146484375,0.74560546875,0.201416015625,Mouth closed
1713363101.667458,0.650390625,0.74853515625,0.20166015625,Mouth closed
1713363101.708263,0.64794921875,0.751220703125,0.196533203125,Mouth closed
1713363101.748134,0.65380859375,0.75244140625,0.199951171875,Mouth closed
1713363101.793244,0.647705078125,0.7451171875,0.190673828125,Mouth closed
1713363101.828627,0.651123046875,0.748779296875,0.1953125,Mouth closed
1713363101.87665,0.651611328125,0.747314453125,0.21337890625,Mouth closed
1713363101.916453,0.6513671875,0.74560546875,0.201416015625,Mouth closed
1713363101.953895,0.6455078125,0.7451171875,0.2001953125,Mouth closed
1713363101.992625,0.654052734375,0.742919921875,0.19775390625,Mouth closed
1713363102.031711,0.646728515625,0.7490234375,0.2021484375,Mouth closed
1713363102.069584,0.6484375,0.744140625,0.197998046875,Mouth closed
1713363102.109659,0.65478515625,0.74609375,0.197021484375,Mouth closed
1713363102.150501,0.6494140625,0.742431640625,0.18994140625,Mouth closed
1713363102.189271,0.653564453125,0.74755859375,0.19921875,Mouth closed
1713363102.227575,0.64892578125,0.739990234375,0.19580078125,Mouth closed
1713363102.267981,0.65576171875,0.740234375,0.198486328125,Mouth closed
1713363102.308159,0.650146484375,0.73974609375,0.201171875,Mouth closed
1713363102.3508,0.649658203125,0.73876953125,0.208251953125,Mouth closed
1713363102.387831,0.65576171875,0.74072265625,0.20703125,Mouth closed
1713363102.428484,0.658203125,0.74462890625,0.199462890625,Mouth closed
1713363102.46953,0.651123046875,0.73828125,0.20703125,Mouth closed
1713363102.510048,0.64794921875,0.740478515625,0.205078125,Mouth closed
1713363102.548907,0.648193359375,0.744140625,0.20458984375,Mouth closed
1713363102.592313,0.65380859375,0.747802734375,0.199951171875,Mouth closed
1713363102.632364,0.652099609375,0.74365234375,0.19580078125,Mouth closed
1713363102.669013,0.648681640625,0.74658203125,0.20458984375,Mouth closed
1713363102.710611,0.649658203125,0.748046875,0.198486328125,Mouth closed
1713363102.750214,0.65478515625,0.74658203125,0.20361328125,Mouth closed
1713363102.790098,0.645751953125,0.741943359375,0.19970703125,Mouth closed
1713363102.830111,0.6513671875,0.744384765625,0.202392578125,Mouth closed
1713363102.875702,0.649658203125,0.744384765625,0.202880859375,Mouth closed
1713363102.907699,0.6513671875,0.741455078125,0.1982421875,Mouth closed
1713363102.951482,0.64599609375,0.743408203125,0.202392578125,Mouth closed
1713363102.98787,0.648193359375,0.744873046875,0.20654296875,Mouth closed
1713363103.041872,0.649658203125,0.746826171875,0.201904296875,Mouth closed
1713363103.070128,0.65087890625,0.74560546875,0.205322265625,Mouth closed
1713363103.114753,0.64990234375,0.744384765625,0.20654296875,Mouth closed
1713363103.156591,0.651123046875,0.7451171875,0.203125,Mouth closed
1713363103.194906,0.6533203125,0.73828125,0.19873046875,Mouth closed
1713363103.234723,0.654296875,0.739013671875,0.204345703125,Mouth closed
1713363103.272333,0.653076171875,0.745849609375,0.205078125,Mouth closed
1713363103.311331,0.650146484375,0.7431640625,0.197021484375,Mouth closed
1713363103.35381,0.64892578125,0.743408203125,0.19970703125,Mouth closed
1713363103.391383,0.65380859375,0.742919921875,0.2001953125,Mouth closed
1713363103.431984,0.649658203125,0.746826171875,0.203369140625,Mouth closed
1713363103.470915,0.6572265625,0.7470703125,0.201416015625,Mouth closed
1713363103.510051,0.649658203125,0.74462890625,0.199951171875,Mouth closed
1713363103.548881,0.653564453125,0.746337890625,0.201171875,Mouth closed
1713363103.592823,0.6513671875,0.740966796875,0.198974609375,Mouth closed
1713363103.629344,0.6494140625,0.744384765625,0.201904296875,Mouth closed
1713363103.670726,0.6474609375,0.744873046875,0.2001953125,Mouth closed
1713363103.709906,0.648681640625,0.744873046875,0.204345703125,Mouth closed
1713363103.75005,0.648681640625,0.748779296875,0.200439453125,Mouth closed
1713363103.79071,0.64990234375,0.745849609375,0.203369140625,Mouth closed
1713363103.830812,0.651611328125,0.74609375,0.198486328125,Mouth closed
1713363103.87519,0.646484375,0.742431640625,0.20068359375,Mouth closed
1713363103.912686,0.64599609375,0.7421875,0.201171875,Mouth closed
1713363103.952084,0.648193359375,0.744384765625,0.202392578125,Mouth closed
1713363103.994488,0.648681640625,0.747314453125,0.203125,Mouth closed
1713363104.032674,0.6513671875,0.7451171875,0.19873046875,Mouth closed
1713363104.076015,0.647705078125,0.7451171875,0.196044921875,Mouth closed
1713363104.112501,0.651611328125,0.745361328125,0.20556640625,Mouth closed
1713363104.152404,0.646240234375,0.748046875,0.201171875,Mouth closed
1713363104.18987,0.6494140625,0.748779296875,0.198974609375,Mouth closed
1713363104.228915,0.649658203125,0.748046875,0.198974609375,Mouth closed
1713363104.270052,0.650634765625,0.746337890625,0.199951171875,Mouth closed
1713363104.310554,0.649658203125,0.74462890625,0.196044921875,Mouth closed
1713363104.355874,0.651611328125,0.740966796875,0.19873046875,Mouth closed
1713363104.392112,0.646240234375,0.748779296875,0.19921875,Mouth closed
1713363104.432275,0.65185546875,0.74853515625,0.197509765625,Mouth closed
1713363104.47252,0.64990234375,0.748291015625,0.19482421875,Mouth closed
1713363104.525735,0.647705078125,0.748779296875,0.19677734375,Mouth closed
1713363104.551957,0.649658203125,0.748779296875,0.199462890625,Mouth closed
1713363104.593529,0.65087890625,0.7470703125,0.202880859375,Mouth closed
1713363104.630743,0.646728515625,0.745361328125,0.201416015625,Mouth closed
1713363104.672406,0.647216796875,0.74853515625,0.20263671875,Mouth closed
1713363104.717892,0.651123046875,0.748046875,0.200439453125,Mouth closed
1713363104.758173,0.6513671875,0.747314453125,0.19580078125,Mouth closed
1713363104.794956,0.647216796875,0.748046875,0.197509765625,Mouth closed
1713363104.834176,0.648681640625,0.7451171875,0.201904296875,Mouth closed
1713363104.873116,0.647705078125,0.749267578125,0.201171875,Mouth closed
1713363104.913013,0.651611328125,0.750244140625,0.201904296875,Mouth closed
1713363104.950856,0.644287109375,0.7490234375,0.198974609375,Mouth closed
1713363104.990013,0.652587890625,0.75,0.204345703125,Mouth closed
1713363105.031589,0.64892578125,0.742431640625,0.200439453125,Mouth closed
1713363105.072357,0.650390625,0.7412109375,0.20068359375,Mouth closed
1713363105.113158,0.645751953125,0.74658203125,0.20556640625,Mouth closed
1713363105.155445,0.64501953125,0.7470703125,0.204833984375,Mouth closed
1713363105.192847,0.645751953125,0.74560546875,0.202392578125,Mouth closed
1713363105.232772,0.648681640625,0.748291015625,0.202392578125,Mouth closed
1713363105.271693,0.64697265625,0.7490234375,0.203857421875,Mouth closed
1713363105.317988,0.6455078125,0.747802734375,0.20751953125,Mouth closed
1713363105.352838,0.651611328125,0.744140625,0.2041015625,Mouth closed
1713363105.393123,0.649658203125,0.742431640625,0.201904296875,Mouth closed
1713363105.4328,0.64990234375,0.745361328125,0.203369140625,Mouth closed
1713363105.47249,0.64892578125,0.7470703125,0.204345703125,Mouth closed
1713363105.511022,0.64794921875,0.748779296875,0.2001953125,Mouth closed
1713363105.556084,0.64501953125,0.74560546875,0.19921875,Mouth closed
1713363105.592922,0.649658203125,0.746826171875,0.20263671875,Mouth closed
1713363105.632138,0.64697265625,0.749267578125,0.2080078125,Mouth closed
1713363105.673383,0.65087890625,0.747802734375,0.206787109375,Mouth closed
1713363105.714054,0.649169921875,0.74169921875,0.20556640625,Mouth closed
1713363105.753073,0.65234375,0.749267578125,0.205810546875,Mouth closed
1713363105.793669,0.645263671875,0.744873046875,0.203369140625,Mouth closed
1713363105.838202,0.653076171875,0.74365234375,0.200439453125,Mouth closed
1713363105.874096,0.644775390625,0.745361328125,0.205322265625,Mouth closed
1713363105.915156,0.646240234375,0.75048828125,0.203369140625,Mouth closed
1713363105.955326,0.6494140625,0.746826171875,0.201416015625,Mouth closed
1713363106.005879,0.648193359375,0.74658203125,0.198486328125,Mouth closed
1713363106.034617,0.6474609375,0.751220703125,0.202392578125,Mouth closed
1713363106.0788,0.6484375,0.746826171875,0.206787109375,Mouth closed
1713363106.12128,0.648193359375,0.74365234375,0.205322265625,Mouth closed
1713363106.161566,0.64501953125,0.744873046875,0.203125,Mouth closed
1713363106.198684,0.6494140625,0.747802734375,0.2080078125,Mouth closed
1713363106.238533,0.645263671875,0.749267578125,0.20361328125,Mouth closed
1713363106.277974,0.646728515625,0.74609375,0.199951171875,Mouth closed
1713363106.316042,0.642578125,0.7509765625,0.205322265625,Mouth closed
1713363106.354562,0.649658203125,0.755126953125,0.19873046875,Mouth closed
1713363106.393695,0.646484375,0.748291015625,0.19580078125,Mouth closed
1713363106.434652,0.645263671875,0.746337890625,0.197509765625,Mouth closed
1713363106.475369,0.6474609375,0.748046875,0.2021484375,Mouth closed
1713363106.515744,0.64501953125,0.74560546875,0.202392578125,Mouth closed
1713363106.557462,0.649658203125,0.7470703125,0.19921875,Mouth closed
1713363106.594819,0.646484375,0.75,0.19970703125,Mouth closed
1713363106.641518,0.649658203125,0.748046875,0.19873046875,Mouth closed
1713363106.675729,0.650390625,0.74609375,0.195068359375,Mouth closed
1713363106.71705,0.648681640625,0.746826171875,0.19921875,Mouth closed
1713363106.756413,0.64501953125,0.747314453125,0.2021484375,Mouth closed
1713363106.79468,0.646484375,0.748046875,0.20263671875,Mouth closed
1713363106.834555,0.647216796875,0.744873046875,0.199951171875,Mouth closed
1713363106.873884,0.649658203125,0.74609375,0.201416015625,Mouth closed
1713363106.914558,0.646240234375,0.746337890625,0.201416015625,Mouth closed
1713363106.954388,0.648681640625,0.746826171875,0.19970703125,Mouth closed
1713363106.994962,0.646240234375,0.74755859375,0.202392578125,Mouth closed
1713363107.035716,0.64697265625,0.746826171875,0.203857421875,Mouth closed
1713363107.075551,0.645263671875,0.744873046875,0.200439453125,Mouth closed
1713363107.115868,0.648681640625,0.752197265625,0.199462890625,Mouth closed
1713363107.160131,0.653076171875,0.74853515625,0.19775390625,Mouth closed
1713363107.195624,0.648681640625,0.746826171875,0.19775390625,Mouth closed
1713363107.237577,0.645263671875,0.755615234375,0.19970703125,Mouth closed
1713363107.278498,0.6474609375,0.753662109375,0.19873046875,Mouth closed
1713363107.327818,0.64453125,0.744140625,0.1943359375,Mouth closed
1713363107.356869,0.645263671875,0.744140625,0.199462890625,Mouth closed
1713363107.405153,0.64404296875,0.751953125,0.202880859375,Mouth closed
1713363107.443151,0.646484375,0.749267578125,0.1982421875,Mouth closed
1713363107.48532,0.6416015625,0.74853515625,0.200439453125,Mouth closed
1713363107.520908,0.6494140625,0.74560546875,0.199951171875,Mouth closed
1713363107.560021,0.64599609375,0.748046875,0.195556640625,Mouth closed
1713363107.597859,0.650146484375,0.749267578125,0.19873046875,Mouth closed
1713363107.640994,0.646484375,0.745849609375,0.198974609375,Mouth closed
1713363107.679587,0.64599609375,0.75341796875,0.200927734375,Mouth closed
1713363107.720194,0.646484375,0.7490234375,0.198486328125,Mouth closed
1713363107.759353,0.64697265625,0.745849609375,0.196533203125,Mouth closed
1713363107.801011,0.64404296875,0.75,0.2001953125,Mouth closed
1713363107.841138,0.646728515625,0.74951171875,0.20068359375,Mouth closed
1713363107.882416,0.643798828125,0.749267578125,0.20166015625,Mouth closed
1713363107.923068,0.645263671875,0.748291015625,0.202880859375,Mouth closed
1713363107.967008,0.645263671875,0.7470703125,0.20361328125,Mouth closed
1713363107.997606,0.641357421875,0.74609375,0.197509765625,Mouth closed
1713363108.039069,0.647216796875,0.74951171875,0.197265625,Mouth open
1713363108.077377,0.64208984375,0.752197265625,0.19970703125,Mouth open
1713363108.118408,0.64697265625,0.75537109375,0.199462890625,Mouth open
1713363108.156813,0.642333984375,0.746826171875,0.194091796875,Mouth open
1713363108.197734,0.64111328125,0.74560546875,0.201904296875,Mouth open
1713363108.235938,0.643310546875,0.7529296875,0.206298828125,Mouth open
1713363108.278541,0.646484375,0.7490234375,0.202392578125,Mouth open
1713363108.317603,0.6416015625,0.74658203125,0.197998046875,Mouth open
1713363108.357178,0.64892578125,0.74951171875,0.200927734375,Mouth open
1713363108.397064,0.6455078125,0.748046875,0.1982421875,Mouth open
1713363108.451056,0.644775390625,0.747802734375,0.1982421875,Mouth open
1713363108.480746,0.64208984375,0.749267578125,0.199951171875,Mouth open
1713363108.525207,0.643798828125,0.74853515625,0.20263671875,Mouth open
1713363108.558592,0.642578125,0.751953125,0.202880859375,Mouth open
1713363108.598762,0.644287109375,0.75,0.199462890625,Mouth open
1713363108.640827,0.647216796875,0.7490234375,0.200927734375,Mouth open
1713363108.693746,0.64599609375,0.747802734375,0.204345703125,Mouth open
1713363108.718435,0.64404296875,0.7470703125,0.2041015625,Mouth open
1713363108.760117,0.6484375,0.749267578125,0.205810546875,Mouth open
1713363108.797898,0.6435546875,0.744140625,0.19970703125,Mouth open
1713363108.838928,0.64453125,0.744140625,0.197998046875,Mouth open
1713363108.877616,0.645263671875,0.748779296875,0.202880859375,Mouth open
1713363108.91823,0.649169921875,0.752197265625,0.2001953125,Mouth open
1713363108.960596,0.646728515625,0.74853515625,0.197998046875,Mouth open
1713363108.999375,0.646728515625,0.74658203125,0.19580078125,Mouth open
1713363109.039114,0.644287109375,0.74658203125,0.20263671875,Mouth open
1713363109.093909,0.643798828125,0.751708984375,0.2041015625,Mouth open
1713363109.121609,0.652099609375,0.74609375,0.201904296875,Mouth open
1713363109.174151,0.64501953125,0.74853515625,0.2021484375,Mouth open
1713363109.202336,0.648681640625,0.75146484375,0.203125,Mouth open
1713363109.239555,0.64697265625,0.744873046875,0.19873046875,Mouth open
1713363109.282112,0.648681640625,0.74658203125,0.197265625,Mouth open
1713363109.320692,0.641845703125,0.747802734375,0.201416015625,Mouth open
1713363109.361474,0.646240234375,0.74951171875,0.19921875,Mouth open
1713363109.400816,0.648681640625,0.749267578125,0.200927734375,Mouth open
1713363109.440641,0.646728515625,0.748291015625,0.200927734375,Mouth open
1713363109.479593,0.647705078125,0.7490234375,0.203857421875,Mouth open
1713363109.521267,0.645751953125,0.748046875,0.203125,Mouth open
1713363109.559122,0.64501953125,0.74755859375,0.200927734375,Mouth open
1713363109.600392,0.643310546875,0.7431640625,0.201416015625,Mouth open
1713363109.639679,0.652099609375,0.745849609375,0.19775390625,Mouth open
1713363109.682604,0.651123046875,0.749755859375,0.197021484375,Mouth open
1713363109.720918,0.64990234375,0.75341796875,0.19921875,Mouth open
1713363109.761826,0.645751953125,0.752685546875,0.198974609375,Mouth open
1713363109.799798,0.64501953125,0.74658203125,0.1923828125,Mouth open
1713363109.844221,0.6474609375,0.74560546875,0.199951171875,Mouth open
1713363109.881608,0.645751953125,0.74951171875,0.2060546875,Mouth open
1713363109.923498,0.64697265625,0.74609375,0.203125,Mouth open
1713363109.96169,0.64306640625,0.745849609375,0.201416015625,Mouth open
1713363110.002532,0.64990234375,0.747314453125,0.202880859375,Mouth open
1713363110.042051,0.650390625,0.748291015625,0.203369140625,Mouth open
1713363110.081035,0.64892578125,0.74462890625,0.1962890625,Mouth open
1713363110.11961,0.6484375,0.746337890625,0.199462890625,Mouth open
1713363110.159589,0.6474609375,0.747802734375,0.201171875,Mouth open
1713363110.203713,0.646484375,0.74853515625,0.1982421875,Mouth open
1713363110.242319,0.648193359375,0.748779296875,0.197265625,Mouth open
1713363110.291393,0.650146484375,0.748291015625,0.197998046875,Mouth open
1713363110.324403,0.6474609375,0.742431640625,0.196044921875,Mouth open
1713363110.366007,0.64990234375,0.744384765625,0.202392578125,Mouth open
1713363110.402616,0.649658203125,0.74755859375,0.203125,Mouth open
1713363110.448722,0.64697265625,0.748046875,0.2021484375,Mouth open
1713363110.486624,0.6474609375,0.745849609375,0.19384765625,Mouth open
1713363110.526386,0.648193359375,0.747314453125,0.19873046875,Mouth open
1713363110.563148,0.647705078125,0.753662109375,0.20166015625,Mouth open
1713363110.603548,0.64697265625,0.75,0.198974609375,Mouth open
1713363110.644165,0.645751953125,0.74462890625,0.1982421875,Mouth open
1713363110.69441,0.64892578125,0.74560546875,0.203857421875,Mouth open
1713363110.723624,0.6455078125,0.753173828125,0.204833984375,Mouth open
1713363110.773791,0.65087890625,0.746337890625,0.204833984375,Mouth open
1713363110.802271,0.640625,0.74560546875,0.202392578125,Mouth open
1713363110.846614,0.65087890625,0.7509765625,0.201171875,Mouth open
1713363110.887801,0.648193359375,0.746826171875,0.196533203125,Mouth open
1713363110.927175,0.647705078125,0.745849609375,0.199951171875,Mouth open
1713363110.965406,0.6455078125,0.7470703125,0.2021484375,Mouth open
1713363111.004764,0.646484375,0.748046875,0.20068359375,Mouth open
1713363111.044973,0.646484375,0.74609375,0.199951171875,Mouth open
1713363111.082557,0.6474609375,0.7509765625,0.202880859375,Mouth open
1713363111.124026,0.646728515625,0.7451171875,0.201171875,Mouth open
1713363111.163894,0.6494140625,0.7470703125,0.20263671875,Mouth open
1713363111.203567,0.6455078125,0.74658203125,0.203857421875,Mouth open
1713363111.247627,0.646728515625,0.74658203125,0.202880859375,Mouth open
1713363111.284873,0.65087890625,0.746826171875,0.2001953125,Mouth open
1713363111.325222,0.653076171875,0.746826171875,0.1982421875,Mouth open
1713363111.362772,0.64794921875,0.75048828125,0.198486328125,Mouth open
1713363111.402548,0.65087890625,0.75048828125,0.1943359375,Mouth open
1713363111.443601,0.651123046875,0.74267578125,0.189697265625,Mouth open
1713363111.484334,0.646484375,0.74609375,0.19873046875,Mouth open
1713363111.522463,0.64453125,0.752685546875,0.197509765625,Mouth open
1713363111.562545,0.6484375,0.751220703125,0.1982421875,Mouth open
1713363111.608261,0.64501953125,0.744140625,0.193115234375,Mouth open
1713363111.645388,0.653564453125,0.748779296875,0.197509765625,Mouth open
1713363111.685066,0.653076171875,0.744140625,0.191162109375,Mouth open
1713363111.727318,0.675048828125,0.74951171875,0.171142578125,Mouth open
1713363111.782575,0.6455078125,0.74853515625,0.20849609375,Mouth open
1713363111.80578,0.657470703125,0.73779296875,0.193115234375,Mouth open
1713363111.851391,0.656005859375,0.736572265625,0.1875,Mouth open
1713363111.887396,0.65087890625,0.744873046875,0.194580078125,Mouth open
1713363111.929443,0.657958984375,0.745849609375,0.1943359375,Mouth open
1713363111.965625,0.64990234375,0.743408203125,0.197998046875,Mouth open
1713363112.019698,0.656005859375,0.736572265625,0.197998046875,Mouth open
1713363112.047302,0.655029296875,0.73681640625,0.192626953125,Mouth open
1713363112.08603,0.662109375,0.737060546875,0.189453125,Mouth open
1713363112.124516,0.658447265625,0.74072265625,0.181396484375,Mouth open
1713363112.163679,0.66455078125,0.743896484375,0.18408203125,Mouth open
1713363112.209126,0.65673828125,0.741943359375,0.186279296875,Mouth open
1713363112.247806,0.65673828125,0.741943359375,0.185302734375,Mouth open
1713363112.284498,0.6533203125,0.746826171875,0.19140625,Mouth open
1713363112.331922,0.654541015625,0.74072265625,0.188232421875,Mouth open
1713363112.364867,0.6484375,0.744140625,0.19091796875,Mouth open
1713363112.433909,0.65380859375,0.744140625,0.191650390625,Mouth open
1713363112.446746,0.65380859375,0.74755859375,0.1923828125,Mouth open
1713363112.487431,0.657470703125,0.74267578125,0.194580078125,Mouth open
1713363112.527437,0.653564453125,0.739501953125,0.193115234375,Mouth open
1713363112.574253,0.65380859375,0.747802734375,0.196533203125,Mouth open
1713363112.607552,0.65478515625,0.743896484375,0.1943359375,Mouth open
1713363112.65584,0.65576171875,0.7412109375,0.19091796875,Mouth open
1713363112.693069,0.65576171875,0.74365234375,0.1904296875,Mouth open
1713363112.729428,0.653076171875,0.74560546875,0.1953125,Mouth open
1713363112.772033,0.653564453125,0.74560546875,0.1904296875,Mouth open
1713363112.805019,0.655517578125,0.740478515625,0.19482421875,Mouth open
1713363112.849475,0.65625,0.739990234375,0.191650390625,Mouth open
1713363112.889722,0.6552734375,0.740478515625,0.192626953125,Mouth open
1713363112.926348,0.656494140625,0.745361328125,0.189208984375,Mouth open
1713363112.965459,0.656005859375,0.740478515625,0.187255859375,Mouth open
1713363113.005798,0.65869140625,0.73974609375,0.189208984375,Mouth open
1713363113.049735,0.654541015625,0.742431640625,0.19873046875,Mouth open
1713363113.092357,0.656005859375,0.7431640625,0.19921875,Mouth open
1713363113.131488,0.65673828125,0.740966796875,0.195556640625,Mouth open
1713363113.168957,0.6572265625,0.744873046875,0.197998046875,Mouth open
1713363113.208082,0.662109375,0.741455078125,0.19091796875,Mouth open
1713363113.247631,0.65576171875,0.73974609375,0.18994140625,Mouth open
1713363113.287453,0.65771484375,0.73828125,0.1953125,Mouth open
1713363113.327587,0.651611328125,0.74560546875,0.1953125,Mouth open
1713363113.368338,0.657958984375,0.744873046875,0.19140625,Mouth open
1713363113.406334,0.65380859375,0.74169921875,0.192626953125,Mouth open
1713363113.444508,0.655517578125,0.741943359375,0.191162109375,Mouth open
1713363113.484442,0.65771484375,0.73876953125,0.1943359375,Mouth open
1713363113.526497,0.652587890625,0.7373046875,0.19482421875,Mouth open
1713363113.564701,0.6591796875,0.73876953125,0.196044921875,Mouth open
1713363113.607325,0.6533203125,0.739990234375,0.19482421875,Mouth open
1713363113.647358,0.662109375,0.739990234375,0.194091796875,Mouth open
1713363113.686667,0.6533203125,0.7431640625,0.190673828125,Mouth open
1713363113.732623,0.65869140625,0.74560546875,0.19287109375,Mouth open
1713363113.76914,0.6552734375,0.743896484375,0.18798828125,Mouth open
1713363113.810246,0.657470703125,0.7421875,0.1904296875,Mouth open
1713363113.846826,0.653076171875,0.74560546875,0.1962890625,Mouth open
1713363113.887569,0.655517578125,0.739501953125,0.19287109375,Mouth open
1713363113.930826,0.654052734375,0.743896484375,0.191162109375,Mouth open
1713363113.978738,0.659423828125,0.744140625,0.189208984375,Mouth open
1713363114.005693,0.656982421875,0.7431640625,0.191650390625,Mouth open
1713363114.058409,0.653076171875,0.740478515625,0.190673828125,Mouth open
1713363114.085655,0.653564453125,0.7431640625,0.19189453125,Mouth open
1713363114.135077,0.650634765625,0.74462890625,0.19287109375,Mouth open
1713363114.173036,0.654052734375,0.748046875,0.192138671875,Mouth open
1713363114.212788,0.65380859375,0.745361328125,0.18701171875,Mouth open
1713363114.252129,0.657470703125,0.74658203125,0.19189453125,Mouth open
1713363114.290903,0.651611328125,0.747802734375,0.19580078125,Mouth open
1713363114.329997,0.6513671875,0.7451171875,0.194580078125,Mouth open
1713363114.367209,0.65380859375,0.746337890625,0.189453125,Mouth open
1713363114.406472,0.652587890625,0.74072265625,0.190185546875,Mouth open
1713363114.450785,0.65576171875,0.743896484375,0.1875,Mouth open
1713363114.492538,0.655517578125,0.74658203125,0.18408203125,Mouth open
1713363114.531314,0.66064453125,0.744384765625,0.183349609375,Mouth open
1713363114.569735,0.65625,0.74169921875,0.1787109375,Mouth open
1713363114.609177,0.65283203125,0.74267578125,0.18212890625,Mouth open
1713363114.647009,0.65478515625,0.7451171875,0.191162109375,Mouth open
1713363114.687689,0.650390625,0.748291015625,0.189208984375,Mouth open
1713363114.725389,0.658447265625,0.748779296875,0.188232421875,Mouth open
1713363114.766782,0.6494140625,0.748779296875,0.1953125,Mouth open
1713363114.806594,0.65478515625,0.75244140625,0.20068359375,Mouth open
1713363114.846503,0.6474609375,0.744384765625,0.1943359375,Mouth open
1713363114.888663,0.647705078125,0.7412109375,0.1943359375,Mouth open
1713363114.928665,0.64892578125,0.747314453125,0.196044921875,Mouth open
1713363114.97031,0.6533203125,0.74609375,0.1943359375,Mouth open
1713363115.010819,0.65185546875,0.746826171875,0.191162109375,Mouth open
1713363115.048953,0.657958984375,0.745849609375,0.190673828125,Mouth open
1713363115.087466,0.654052734375,0.7421875,0.1953125,Mouth open
1713363115.132938,0.655029296875,0.742919921875,0.19091796875,Mouth open
1713363115.16895,0.654052734375,0.73876953125,0.1904296875,Mouth open
1713363115.209515,0.65234375,0.739501953125,0.189453125,Mouth open
1713363115.24988,0.652587890625,0.740234375,0.189208984375,Mouth open
1713363115.295157,0.65771484375,0.7431640625,0.19384765625,Mouth open
1713363115.328553,0.659423828125,0.74755859375,0.189697265625,Mouth open
1713363115.377575,0.656005859375,0.744384765625,0.186767578125,Mouth open
1713363115.407362,0.654296875,0.7421875,0.18896484375,Mouth open
1713363115.456828,0.659423828125,0.73876953125,0.187255859375,Mouth open
1713363115.494434,0.65673828125,0.746337890625,0.2001953125,Mouth open
1713363115.529577,0.65380859375,0.744384765625,0.200927734375,Mouth open
1713363115.573383,0.6533203125,0.742431640625,0.18994140625,Mouth open
1713363115.612391,0.660888671875,0.7392578125,0.1884765625,Mouth open
1713363115.649726,0.6552734375,0.739501953125,0.18994140625,Mouth open
1713363115.688897,0.657958984375,0.741943359375,0.190185546875,Mouth open
1713363115.728555,0.651611328125,0.74462890625,0.191650390625,Mouth open
1713363115.770915,0.657470703125,0.744873046875,0.1904296875,Mouth open
1713363115.816197,0.656005859375,0.7412109375,0.187255859375,Mouth open
1713363115.851289,0.657958984375,0.74365234375,0.19091796875,Mouth open
1713363115.892441,0.6533203125,0.744384765625,0.191650390625,Mouth open
1713363115.931248,0.65380859375,0.740234375,0.19287109375,Mouth open
1713363115.969416,0.65673828125,0.744140625,0.194580078125,Mouth open
1713363116.008729,0.65380859375,0.73974609375,0.1923828125,Mouth open
1713363116.049116,0.66015625,0.743896484375,0.191162109375,Mouth open
1713363116.088249,0.660400390625,0.7392578125,0.192138671875,Mouth open
1713363116.128584,0.660888671875,0.741943359375,0.19189453125,Mouth open
1713363116.168562,0.657470703125,0.748046875,0.192138671875,Mouth open
1713363116.209398,0.657958984375,0.741455078125,0.190673828125,Mouth open
1713363116.251968,0.652587890625,0.73779296875,0.186279296875,Mouth open
1713363116.289636,0.64794921875,0.737060546875,0.1923828125,Mouth open
1713363116.332016,0.65966796875,0.73974609375,0.191650390625,Mouth open
1713363116.371692,0.6591796875,0.746337890625,0.193359375,Mouth open
1713363116.410202,0.6552734375,0.742919921875,0.192138671875,Mouth open
1713363116.456782,0.65869140625,0.742919921875,0.190185546875,Mouth open
1713363116.493492,0.6572265625,0.7431640625,0.1884765625,Mouth open
1713363116.533684,0.656005859375,0.74169921875,0.185546875,Mouth open
1713363116.570481,0.6533203125,0.74072265625,0.189697265625,Mouth open
1713363116.61019,0.65673828125,0.74267578125,0.19091796875,Mouth open
1713363116.652569,0.654541015625,0.744384765625,0.189697265625,Mouth open
1713363116.7021,0.65673828125,0.743896484375,0.185302734375,Mouth open
1713363116.730686,0.657470703125,0.74365234375,0.185302734375,Mouth open
1713363116.780963,0.654296875,0.7431640625,0.190673828125,Mouth open
1713363116.809401,0.655029296875,0.7431640625,0.19189453125,Mouth open
1713363116.857954,0.654541015625,0.74267578125,0.19189453125,Mouth open
1713363116.895731,0.65576171875,0.74267578125,0.192138671875,Mouth open
1713363116.936272,0.657470703125,0.74267578125,0.192138671875,Mouth open
1713363116.974136,0.6533203125,0.73876953125,0.188232421875,Mouth open
1713363117.016951,0.6513671875,0.744873046875,0.1923828125,Mouth open
1713363117.050848,0.6572265625,0.748291015625,0.19482421875,Mouth open
1713363117.099153,0.654296875,0.744873046875,0.193359375,Mouth open
1713363117.137067,0.653076171875,0.742919921875,0.18896484375,Mouth open
1713363117.176504,0.65283203125,0.743408203125,0.196533203125,Mouth open
1713363117.213873,0.649658203125,0.743896484375,0.19580078125,Mouth open
1713363117.252929,0.655517578125,0.74560546875,0.194091796875,Mouth open
1713363117.290731,0.651611328125,0.742431640625,0.190673828125,Mouth open
1713363117.331576,0.6572265625,0.74560546875,0.188720703125,Mouth open
1713363117.36945,0.65478515625,0.7431640625,0.1875,Mouth open
1713363117.412618,0.654541015625,0.743408203125,0.19140625,Mouth open
1713363117.451388,0.654052734375,0.74072265625,0.19091796875,Mouth open
1713363117.490329,0.651611328125,0.746826171875,0.188720703125,Mouth open
1713363117.531575,0.654541015625,0.74267578125,0.189453125,Mouth open
1713363117.571809,0.654541015625,0.746337890625,0.189453125,Mouth open
1713363117.611564,0.655029296875,0.746337890625,0.188720703125,Mouth open
1713363117.651605,0.656005859375,0.742919921875,0.187255859375,Mouth open
1713363117.691803,0.65478515625,0.744873046875,0.192626953125,Mouth open
1713363117.731938,0.65380859375,0.744140625,0.192626953125,Mouth open
1713363117.772609,0.6552734375,0.742431640625,0.1923828125,Mouth open
1713363117.813724,0.658203125,0.744384765625,0.190673828125,Mouth open
1713363117.853106,0.65966796875,0.7421875,0.18994140625,Mouth open
1713363117.89232,0.65771484375,0.744384765625,0.189453125,Mouth open
1713363117.931664,0.657470703125,0.746826171875,0.188232421875,Mouth open
1713363117.971541,0.65283203125,0.73974609375,0.186767578125,Mouth open
1713363118.012236,0.657958984375,0.741943359375,0.187744140625,Mouth open
1713363118.051834,0.655517578125,0.744384765625,0.19091796875,Mouth open
1713363118.092204,0.657958984375,0.7421875,0.19091796875,Mouth open
1713363118.131922,0.65185546875,0.742431640625,0.19189453125,Mouth open
1713363118.17162,0.656982421875,0.743896484375,0.19140625,Mouth open
1713363118.212343,0.65234375,0.745361328125,0.18994140625,Mouth open
1713363118.258593,0.653564453125,0.741943359375,0.18994140625,Mouth open
1713363118.298037,0.653564453125,0.7431640625,0.193115234375,Mouth open
1713363118.332546,0.654296875,0.747314453125,0.19384765625,Mouth open
1713363118.373857,0.655029296875,0.744384765625,0.190185546875,Mouth open
1713363118.414213,0.654296875,0.74462890625,0.189208984375,Mouth open
1713363118.454556,0.65576171875,0.74560546875,0.190185546875,Mouth open
1713363118.493482,0.655517578125,0.743408203125,0.1923828125,Mouth open
1713363118.534862,0.655517578125,0.74072265625,0.193359375,Mouth open
1713363118.572443,0.65478515625,0.7421875,0.19140625,Mouth open
1713363118.613033,0.658447265625,0.744140625,0.190673828125,Mouth open
1713363118.651433,0.657470703125,0.737060546875,0.1865234375,Mouth open
1713363118.694321,0.657958984375,0.74072265625,0.1884765625,Mouth open
1713363118.733465,0.659912109375,0.744873046875,0.188232421875,Mouth open
1713363118.775467,0.657470703125,0.746826171875,0.189697265625,Mouth open
1713363118.813493,0.651611328125,0.738525390625,0.1845703125,Mouth open
1713363118.853737,0.656005859375,0.7431640625,0.19189453125,Mouth open
1713363118.893919,0.6533203125,0.743408203125,0.197021484375,Mouth open
1713363118.934368,0.653564453125,0.7451171875,0.1953125,Mouth open
1713363118.973298,0.651123046875,0.74169921875,0.194580078125,Mouth open
1713363119.013794,0.65576171875,0.7451171875,0.19580078125,Mouth open
1713363119.053282,0.653076171875,0.7451171875,0.193359375,Mouth open
1713363119.094521,0.655029296875,0.740234375,0.192138671875,Mouth open
1713363119.134417,0.6513671875,0.742431640625,0.19482421875,Mouth open
1713363119.174247,0.65087890625,0.74462890625,0.193115234375,Mouth open
1713363119.2143,0.65380859375,0.744140625,0.1904296875,Mouth open
1713363119.253693,0.6552734375,0.748779296875,0.191162109375,Mouth open
1713363119.293509,0.654541015625,0.74609375,0.192626953125,Mouth open
1713363119.334313,0.65380859375,0.743408203125,0.19140625,Mouth open
1713363119.372298,0.65380859375,0.743408203125,0.196533203125,Mouth open
1713363119.413751,0.650146484375,0.74462890625,0.1923828125,Mouth open
1713363119.454693,0.656982421875,0.74365234375,0.191650390625,Mouth open
1713363119.493375,0.658447265625,0.740478515625,0.19189453125,Mouth open
1713363119.535381,0.65625,0.745361328125,0.189453125,Mouth open
1713363119.580522,0.652099609375,0.7431640625,0.192138671875,Mouth open
1713363119.614103,0.658203125,0.74609375,0.1904296875,Mouth open
1713363119.655369,0.654296875,0.74072265625,0.185546875,Mouth open
1713363119.694607,0.65087890625,0.739990234375,0.19189453125,Mouth open
1713363119.737069,0.652099609375,0.741943359375,0.1962890625,Mouth open
1713363119.776806,0.653564453125,0.745361328125,0.196044921875,Mouth open
1713363119.817296,0.6533203125,0.7412109375,0.19189453125,Mouth open
1713363119.85656,0.656494140625,0.74169921875,0.18994140625,Mouth open
1713363119.894381,0.656494140625,0.746826171875,0.19189453125,Mouth open
1713363119.932834,0.656494140625,0.74072265625,0.189208984375,Mouth open
1713363119.973315,0.6513671875,0.739501953125,0.193359375,Mouth open
1713363120.013639,0.650146484375,0.745361328125,0.192626953125,Mouth open
1713363120.053793,0.654052734375,0.742431640625,0.19189453125,Mouth open
1713363120.094381,0.652587890625,0.745361328125,0.19091796875,Mouth open
1713363120.134374,0.65283203125,0.745849609375,0.191650390625,Mouth open
1713363120.176077,0.65283203125,0.746337890625,0.19384765625,Mouth open
1713363120.214257,0.654052734375,0.74560546875,0.192626953125,Mouth open
1713363120.255547,0.65234375,0.7431640625,0.193603515625,Mouth open
1713363120.296154,0.65478515625,0.746337890625,0.1923828125,Mouth open
1713363120.335324,0.6591796875,0.7421875,0.191650390625,Mouth open
1713363120.378445,0.650146484375,0.742431640625,0.189453125,Mouth open
1713363120.416464,0.655029296875,0.7431640625,0.19189453125,Mouth open
1713363120.456887,0.65625,0.747314453125,0.19384765625,Mouth open
1713363120.496524,0.6513671875,0.7431640625,0.190185546875,Mouth open
1713363120.539753,0.650390625,0.740966796875,0.18701171875,Mouth open
1713363120.57997,0.64990234375,0.74267578125,0.19287109375,Mouth open
1713363120.617068,0.651123046875,0.750244140625,0.1943359375,Mouth open
1713363120.657374,0.656494140625,0.748046875,0.193115234375,Mouth open
1713363120.695744,0.648193359375,0.7421875,0.189208984375,Mouth open
1713363120.750421,0.65625,0.749267578125,0.19189453125,Mouth open
1713363120.776798,0.65234375,0.74267578125,0.189697265625,Mouth open
1713363120.820925,0.653564453125,0.743896484375,0.1923828125,Mouth open
1713363120.860983,0.64794921875,0.74560546875,0.193603515625,Mouth open
1713363120.901274,0.649658203125,0.748046875,0.19189453125,Mouth open
1713363120.93686,0.65625,0.745849609375,0.188232421875,Mouth open
1713363120.978323,0.654052734375,0.745849609375,0.19189453125,Mouth open
1713363121.026487,0.65478515625,0.74365234375,0.191162109375,Mouth open
1713363121.062505,0.654541015625,0.746337890625,0.194580078125,Mouth open
1713363121.099605,0.652099609375,0.744873046875,0.1982421875,Mouth open
1713363121.139564,0.654052734375,0.740234375,0.197509765625,Mouth open
1713363121.179422,0.653564453125,0.73974609375,0.191650390625,Mouth open
1713363121.230507,0.654541015625,0.740966796875,0.190673828125,Mouth open
1713363121.258735,0.655517578125,0.748046875,0.189208984375,Mouth open
1713363121.307361,0.656494140625,0.744140625,0.18896484375,Mouth open
1713363121.336609,0.652099609375,0.741943359375,0.186279296875,Mouth open
1713363121.37931,0.65185546875,0.742919921875,0.191162109375,Mouth open
1713363121.426052,0.652099609375,0.748779296875,0.19482421875,Mouth open
1713363121.463799,0.65625,0.74755859375,0.195068359375,Mouth open
1713363121.503027,0.6484375,0.740478515625,0.190673828125,Mouth open
1713363121.540368,0.6572265625,0.7470703125,0.197021484375,Mouth open
1713363121.578596,0.65283203125,0.7421875,0.190185546875,Mouth open
1713363121.61929,0.653564453125,0.739990234375,0.193359375,Mouth open
1713363121.660184,0.650634765625,0.744873046875,0.19091796875,Mouth open
1713363121.701173,0.652587890625,0.74462890625,0.19677734375,Mouth open
1713363121.739344,0.65185546875,0.74462890625,0.193603515625,Mouth open
1713363121.779844,0.654052734375,0.747802734375,0.193115234375,Mouth open
1713363121.819238,0.6552734375,0.744140625,0.19287109375,Mouth open
1713363121.859451,0.650634765625,0.744873046875,0.195068359375,Mouth open
1713363121.899014,0.654052734375,0.742431640625,0.19189453125,Mouth open
1713363121.941697,0.65087890625,0.7412109375,0.191650390625,Mouth open
1713363121.97802,0.65478515625,0.739013671875,0.189453125,Mouth open
1713363122.018331,0.65087890625,0.742431640625,0.19189453125,Mouth open
1713363122.058765,0.658447265625,0.746337890625,0.189208984375,Mouth open
1713363122.101253,0.653564453125,0.744140625,0.18896484375,Mouth open
1713363122.140016,0.653564453125,0.745361328125,0.185791015625,Mouth open
1713363122.179175,0.654052734375,0.743408203125,0.1923828125,Mouth open
1713363122.219875,0.653076171875,0.747314453125,0.197265625,Mouth open
1713363122.260151,0.657470703125,0.747802734375,0.19287109375,Mouth open
1713363122.300012,0.65234375,0.743896484375,0.191650390625,Mouth open
1713363122.340697,0.656982421875,0.74462890625,0.193115234375,Mouth open
1713363122.380754,0.650634765625,0.741455078125,0.19287109375,Mouth open
1713363122.420238,0.65380859375,0.744140625,0.18994140625,Mouth open
1713363122.464539,0.651611328125,0.744140625,0.193603515625,Mouth open
1713363122.500599,0.652099609375,0.750244140625,0.1904296875,Mouth open
1713363122.541849,0.6533203125,0.741943359375,0.189697265625,Mouth open
1713363122.579465,0.654541015625,0.74609375,0.19091796875,Mouth open
1713363122.619664,0.655029296875,0.74462890625,0.191650390625,Mouth open
1713363122.659528,0.653076171875,0.742431640625,0.19580078125,Mouth open
1713363122.71106,0.654541015625,0.739501953125,0.197021484375,Mouth open
1713363122.739451,0.6572265625,0.740234375,0.1943359375,Mouth open
1713363122.785651,0.657470703125,0.73876953125,0.193603515625,Mouth open
1713363122.820337,0.65234375,0.744140625,0.19287109375,Mouth open
1713363122.863746,0.655517578125,0.749267578125,0.1923828125,Mouth open
1713363122.900193,0.65380859375,0.740234375,0.18994140625,Mouth open
1713363122.947426,0.653564453125,0.739990234375,0.18994140625,Mouth open
1713363122.984274,0.648681640625,0.740234375,0.197998046875,Mouth open
1713363123.025312,0.653076171875,0.741943359375,0.193603515625,Mouth closed
1713363123.06293,0.65673828125,0.73974609375,0.18896484375,Mouth closed
1713363123.102742,0.656005859375,0.743896484375,0.1943359375,Mouth closed
1713363123.142108,0.655029296875,0.744384765625,0.19091796875,Mouth closed
1713363123.181355,0.654296875,0.745361328125,0.189453125,Mouth closed
1713363123.22177,0.653564453125,0.74365234375,0.19189453125,Mouth closed
1713363123.261738,0.6513671875,0.745361328125,0.1962890625,Mouth closed
1713363123.300806,0.650390625,0.744384765625,0.19140625,Mouth closed
1713363123.340173,0.654541015625,0.7451171875,0.196044921875,Mouth closed
1713363123.382002,0.6533203125,0.7470703125,0.194091796875,Mouth closed
1713363123.423214,0.650634765625,0.74658203125,0.19921875,Mouth closed
1713363123.464145,0.647705078125,0.745849609375,0.19873046875,Mouth closed
1713363123.503497,0.65185546875,0.7431640625,0.19970703125,Mouth closed
1713363123.542227,0.648193359375,0.74365234375,0.194091796875,Mouth closed
1713363123.582066,0.656494140625,0.741943359375,0.188720703125,Mouth closed
1713363123.623418,0.656494140625,0.741943359375,0.1845703125,Mouth closed
1713363123.663511,0.655029296875,0.747802734375,0.191650390625,Mouth closed
1713363123.703895,0.65234375,0.7451171875,0.1904296875,Mouth closed
1713363123.745196,0.65185546875,0.7412109375,0.189208984375,Mouth closed
1713363123.784453,0.65234375,0.7412109375,0.19677734375,Mouth closed
1713363123.823956,0.64794921875,0.74755859375,0.202392578125,Mouth closed
1713363123.861295,0.653564453125,0.7431640625,0.200439453125,Mouth closed
1713363123.900954,0.648193359375,0.743896484375,0.202392578125,Mouth closed
1713363123.942129,0.65673828125,0.7490234375,0.201904296875,Mouth closed
1713363123.981643,0.65234375,0.7412109375,0.19384765625,Mouth closed
1713363124.022155,0.65234375,0.737548828125,0.197509765625,Mouth closed
1713363124.062266,0.64697265625,0.743408203125,0.199462890625,Mouth closed
1713363124.106284,0.65087890625,0.74462890625,0.1962890625,Mouth closed
1713363124.14405,0.656494140625,0.748779296875,0.192138671875,Mouth closed
1713363124.183145,0.65478515625,0.74755859375,0.191162109375,Mouth closed
1713363124.22477,0.656005859375,0.748046875,0.18994140625,Mouth closed
1713363124.267502,0.65380859375,0.74365234375,0.189697265625,Mouth closed
1713363124.304484,0.654052734375,0.74365234375,0.195068359375,Mouth closed
1713363124.347237,0.65380859375,0.7431640625,0.193359375,Mouth closed
1713363124.391607,0.65234375,0.73974609375,0.19482421875,Mouth closed
1713363124.430191,0.6494140625,0.747314453125,0.197021484375,Mouth closed
1713363124.469224,0.65771484375,0.749267578125,0.194091796875,Mouth closed
1713363124.508867,0.65185546875,0.742919921875,0.193359375,Mouth closed
1713363124.546932,0.65283203125,0.7451171875,0.1953125,Mouth closed
1713363124.58648,0.651611328125,0.746337890625,0.198974609375,Mouth closed
1713363124.624825,0.656005859375,0.744384765625,0.196533203125,Mouth closed
1713363124.663753,0.652587890625,0.741943359375,0.194580078125,Mouth closed
1713363124.70371,0.6552734375,0.7431640625,0.19775390625,Mouth closed
1713363124.744671,0.6552734375,0.746337890625,0.197021484375,Mouth closed
1713363124.789545,0.653564453125,0.744873046875,0.192138671875,Mouth closed
1713363124.82853,0.64990234375,0.743896484375,0.1962890625,Mouth closed
1713363124.867218,0.651123046875,0.746337890625,0.197021484375,Mouth closed
1713363124.906705,0.650634765625,0.744873046875,0.19287109375,Mouth closed
1713363124.944284,0.6552734375,0.74462890625,0.1923828125,Mouth closed
1713363124.984152,0.6572265625,0.745361328125,0.190673828125,Mouth closed
1713363125.025386,0.653564453125,0.74365234375,0.192138671875,Mouth closed
1713363125.06626,0.65234375,0.742431640625,0.19677734375,Mouth closed
1713363125.105252,0.6533203125,0.74072265625,0.19677734375,Mouth closed
1713363125.145115,0.64990234375,0.74072265625,0.195068359375,Mouth closed
1713363125.183186,0.65380859375,0.73876953125,0.19140625,Mouth closed
1713363125.222482,0.651611328125,0.74365234375,0.194580078125,Mouth closed
1713363125.263291,0.652099609375,0.74658203125,0.192138671875,Mouth closed
1713363125.303477,0.65380859375,0.74462890625,0.19189453125,Mouth closed
1713363125.344889,0.65283203125,0.73974609375,0.193115234375,Mouth closed
1713363125.384223,0.650146484375,0.744140625,0.196533203125,Mouth closed
1713363125.425731,0.6513671875,0.748046875,0.2001953125,Mouth closed
1713363125.466832,0.658203125,0.7470703125,0.19580078125,Mouth closed
1713363125.506063,0.6552734375,0.740234375,0.190185546875,Mouth closed
1713363125.545999,0.65966796875,0.741943359375,0.189453125,Mouth closed
1713363125.591396,0.65380859375,0.739013671875,0.193115234375,Mouth closed
1713363125.627695,0.65869140625,0.73779296875,0.19384765625,Mouth closed
1713363125.668335,0.65478515625,0.74365234375,0.195068359375,Mouth closed
1713363125.70643,0.6552734375,0.7451171875,0.19482421875,Mouth closed
1713363125.759647,0.656982421875,0.742431640625,0.189697265625,Mouth closed
1713363125.786645,0.655517578125,0.744140625,0.193603515625,Mouth closed
1713363125.836342,0.652099609375,0.74560546875,0.19873046875,Mouth closed
1713363125.864219,0.656982421875,0.74072265625,0.19677734375,Mouth closed
1713363125.909383,0.659423828125,0.73779296875,0.195556640625,Mouth closed
1713363125.950448,0.65380859375,0.738525390625,0.197509765625,Mouth closed
1713363125.984882,0.65966796875,0.739501953125,0.19384765625,Mouth closed
1713363126.028882,0.658447265625,0.740478515625,0.188720703125,Mouth closed
1713363126.069371,0.660888671875,0.74462890625,0.190185546875,Mouth closed
1713363126.105188,0.653076171875,0.74560546875,0.189453125,Mouth closed
1713363126.146657,0.658203125,0.743408203125,0.18896484375,Mouth closed
1713363126.189289,0.65478515625,0.738525390625,0.187744140625,Mouth closed
1713363126.237508,0.654052734375,0.740478515625,0.194091796875,Mouth closed
1713363126.26621,0.6533203125,0.7431640625,0.198974609375,Mouth closed
1713363126.31417,0.65625,0.743896484375,0.197265625,Mouth closed
1713363126.353242,0.652099609375,0.7421875,0.195068359375,Mouth closed
1713363126.392009,0.656005859375,0.744384765625,0.196044921875,Mouth closed
1713363126.4305,0.653564453125,0.744140625,0.19482421875,Mouth closed
1713363126.46926,0.65185546875,0.739990234375,0.193359375,Mouth closed
1713363126.506493,0.6494140625,0.7412109375,0.194580078125,Mouth closed
1713363126.548659,0.652587890625,0.74609375,0.199462890625,Mouth closed
1713363126.586458,0.655517578125,0.74365234375,0.197998046875,Mouth closed
1713363126.62773,0.651123046875,0.746826171875,0.189453125,Mouth closed
1713363126.667536,0.65673828125,0.7451171875,0.18994140625,Mouth closed
1713363126.707421,0.65771484375,0.739990234375,0.194580078125,Mouth closed
1713363126.747595,0.652099609375,0.739013671875,0.195068359375,Mouth closed
1713363126.791961,0.653564453125,0.7392578125,0.196533203125,Mouth closed
1713363126.829037,0.655517578125,0.743408203125,0.193603515625,Mouth closed
1713363126.869229,0.658203125,0.736083984375,0.197265625,Mouth closed
1713363126.91132,0.656494140625,0.740478515625,0.202392578125,Mouth closed
1713363126.951852,0.65576171875,0.74072265625,0.19287109375,Mouth closed
1713363126.988251,0.668212890625,0.756103515625,0.196533203125,Mouth closed
1713363127.030131,0.65625,0.737060546875,0.189453125,Mouth closed
1713363127.069845,0.64599609375,0.734130859375,0.18798828125,Mouth closed
1713363127.113819,0.6298828125,0.74169921875,0.188720703125,Mouth closed
1713363127.149285,0.654296875,0.744384765625,0.19091796875,Mouth closed
1713363127.191845,0.65771484375,0.75048828125,0.19482421875,Mouth closed
1713363127.232069,0.644775390625,0.7490234375,0.19482421875,Mouth closed
1713363127.269135,0.65087890625,0.751953125,0.1962890625,Mouth closed
1713363127.309531,0.650146484375,0.7470703125,0.1875,Mouth closed
1713363127.35131,0.650634765625,0.7470703125,0.187255859375,Mouth closed
1713363127.405673,0.652099609375,0.7451171875,0.18896484375,Mouth closed
1713363127.428295,0.649658203125,0.748779296875,0.19189453125,Mouth closed
1713363127.474768,0.6494140625,0.747802734375,0.18896484375,Mouth closed
1713363127.511215,0.652587890625,0.743896484375,0.186279296875,Mouth closed
1713363127.552415,0.64990234375,0.747802734375,0.190185546875,Mouth closed
1713363127.59275,0.653076171875,0.7529296875,0.190673828125,Mouth closed
1713363127.636731,0.648681640625,0.747802734375,0.194580078125,Mouth closed
1713363127.67229,0.651611328125,0.7470703125,0.194091796875,Mouth closed
1713363127.721205,0.650634765625,0.741455078125,0.192138671875,Mouth closed
1713363127.750902,0.65380859375,0.744384765625,0.193359375,Mouth closed
1713363127.794924,0.65283203125,0.748291015625,0.19091796875,Mouth closed
1713363127.831974,0.652587890625,0.7509765625,0.189208984375,Mouth closed
1713363127.882677,0.6494140625,0.74609375,0.191650390625,Mouth closed
1713363127.909927,0.652587890625,0.748046875,0.190185546875,Mouth closed
1713363127.954995,0.6513671875,0.748046875,0.19287109375,Mouth closed
1713363127.9905,0.65283203125,0.747802734375,0.192626953125,Mouth closed
1713363128.042382,0.64697265625,0.746337890625,0.191162109375,Mouth closed
1713363128.072459,0.653564453125,0.745849609375,0.193359375,Mouth closed
1713363128.123866,0.650634765625,0.748046875,0.19287109375,Mouth closed
1713363128.152931,0.64892578125,0.744873046875,0.190185546875,Mouth closed
1713363128.203972,0.6484375,0.748291015625,0.19091796875,Mouth closed
1713363128.23188,0.646728515625,0.748291015625,0.192626953125,Mouth closed
1713363128.277669,0.64794921875,0.751220703125,0.192138671875,Mouth closed
1713363128.312521,0.64794921875,0.75,0.19189453125,Mouth closed
1713363128.363995,0.651611328125,0.75341796875,0.1923828125,Mouth closed
1713363128.392454,0.6494140625,0.748291015625,0.193603515625,Mouth closed
1713363128.440798,0.650390625,0.74853515625,0.19189453125,Mouth closed
1713363128.474349,0.648681640625,0.7451171875,0.189697265625,Mouth closed
1713363128.510573,0.649169921875,0.746337890625,0.1923828125,Mouth closed
1713363128.550795,0.6484375,0.743408203125,0.1865234375,Mouth closed
1713363128.59033,0.651611328125,0.748779296875,0.1884765625,Mouth closed
1713363128.629888,0.650390625,0.752685546875,0.193359375,Mouth closed
1713363128.670242,0.650146484375,0.74853515625,0.18994140625,Mouth closed
1713363128.711816,0.648193359375,0.7451171875,0.184814453125,Mouth closed
1713363128.75032,0.650146484375,0.750732421875,0.19580078125,Mouth closed
1713363128.791068,0.646484375,0.747802734375,0.196044921875,Mouth closed
1713363128.831519,0.65185546875,0.744873046875,0.196044921875,Mouth closed
1713363128.871625,0.646728515625,0.749267578125,0.19580078125,Mouth closed
1713363128.912099,0.651611328125,0.749755859375,0.195068359375,Mouth closed
1713363128.951989,0.649169921875,0.74560546875,0.19091796875,Mouth closed
1713363128.999009,0.650634765625,0.748291015625,0.191650390625,Mouth closed
1713363129.036596,0.650146484375,0.748046875,0.1943359375,Mouth closed
1713363129.072159,0.649658203125,0.75,0.194580078125,Mouth closed
1713363129.112372,0.6513671875,0.74609375,0.19140625,Mouth closed
1713363129.151623,0.650146484375,0.74658203125,0.191650390625,Mouth closed
1713363129.190399,0.65234375,0.745361328125,0.195068359375,Mouth closed
1713363129.231569,0.64990234375,0.747314453125,0.193603515625,Mouth closed
1713363129.27102,0.650390625,0.746826171875,0.19384765625,Mouth closed
1713363129.318718,0.648681640625,0.747314453125,0.1943359375,Mouth closed
1713363129.351114,0.651611328125,0.74853515625,0.19091796875,Mouth closed
1713363129.391509,0.65087890625,0.74609375,0.18798828125,Mouth closed
1713363129.432014,0.649658203125,0.745849609375,0.192138671875,Mouth closed
1713363129.472175,0.649169921875,0.74951171875,0.19140625,Mouth closed
1713363129.522419,0.653564453125,0.749267578125,0.185546875,Mouth closed
1713363129.554145,0.648193359375,0.747314453125,0.1875,Mouth closed
1713363129.594133,0.651123046875,0.746337890625,0.19140625,Mouth closed
1713363129.633752,0.64794921875,0.748291015625,0.195556640625,Mouth closed
1713363129.674916,0.653564453125,0.74609375,0.193603515625,Mouth closed
1713363129.714224,0.6474609375,0.742919921875,0.189697265625,Mouth closed
1713363129.75411,0.652587890625,0.748291015625,0.191162109375,Mouth closed
1713363129.793647,0.652099609375,0.747314453125,0.190185546875,Mouth closed
1713363129.834714,0.65087890625,0.740966796875,0.18994140625,Mouth closed
1713363129.873682,0.648193359375,0.74609375,0.19287109375,Mouth closed
1713363129.91448,0.65087890625,0.7509765625,0.19287109375,Mouth closed
1713363129.952312,0.649658203125,0.749755859375,0.189697265625,Mouth closed
1713363129.992521,0.653076171875,0.747802734375,0.187744140625,Mouth closed
1713363130.031944,0.649169921875,0.748046875,0.190673828125,Mouth closed
1713363130.072814,0.650390625,0.748291015625,0.1904296875,Mouth closed
1713363130.113573,0.650634765625,0.747802734375,0.1904296875,Mouth closed
1713363130.15335,0.65185546875,0.747802734375,0.189697265625,Mouth closed
1713363130.19472,0.65185546875,0.7490234375,0.187255859375,Mouth closed
1713363130.233971,0.654052734375,0.74560546875,0.18603515625,Mouth closed
1713363130.274405,0.65576171875,0.744873046875,0.185791015625,Mouth closed
1713363130.315382,0.648681640625,0.7509765625,0.1904296875,Mouth closed
1713363130.35512,0.6513671875,0.749755859375,0.18505859375,Mouth closed
1713363130.393821,0.650390625,0.744873046875,0.182373046875,Mouth closed
1713363130.433344,0.6513671875,0.744873046875,0.189453125,Mouth closed
1713363130.472808,0.649169921875,0.74951171875,0.19091796875,Mouth closed
1713363130.511427,0.65234375,0.7470703125,0.189208984375,Mouth closed
1713363130.55296,0.64892578125,0.747802734375,0.185546875,Mouth closed
1713363130.592124,0.65234375,0.7470703125,0.189453125,Mouth closed
1713363130.632888,0.650390625,0.745849609375,0.18701171875,Mouth closed
1713363130.678202,0.652099609375,0.744140625,0.184326171875,Mouth closed
1713363130.714834,0.650390625,0.74462890625,0.18701171875,Mouth closed
1713363130.754562,0.64892578125,0.752197265625,0.191162109375,Mouth closed
1713363130.792946,0.650146484375,0.748779296875,0.18603515625,Mouth closed
1713363130.840074,0.65087890625,0.74951171875,0.183837890625,Mouth closed
1713363130.875946,0.6494140625,0.74951171875,0.1865234375,Mouth closed
1713363130.924705,0.64990234375,0.75,0.189697265625,Mouth closed
1713363130.953093,0.649169921875,0.7470703125,0.191162109375,Mouth closed
1713363130.999028,0.64892578125,0.74658203125,0.191162109375,Mouth closed
1713363131.039233,0.654052734375,0.744140625,0.191650390625,Mouth closed
1713363131.074045,0.65576171875,0.748046875,0.19189453125,Mouth closed
1713363131.112371,0.652099609375,0.749267578125,0.19091796875,Mouth closed
1713363131.162856,0.65185546875,0.7490234375,0.18798828125,Mouth closed
1713363131.19861,0.64892578125,0.746826171875,0.186767578125,Mouth closed
1713363131.23432,0.65185546875,0.742431640625,0.190185546875,Mouth closed
1713363131.271346,0.648681640625,0.74609375,0.1923828125,Mouth closed
1713363131.326206,0.65283203125,0.7470703125,0.1875,Mouth closed
1713363131.352726,0.6484375,0.745361328125,0.187255859375,Mouth closed
1713363131.403486,0.653564453125,0.748291015625,0.190185546875,Mouth closed
1713363131.440088,0.652587890625,0.7451171875,0.187255859375,Mouth closed
1713363131.473843,0.653076171875,0.742919921875,0.186767578125,Mouth closed
1713363131.518731,0.651611328125,0.744140625,0.188720703125,Mouth closed
1713363131.558696,0.65087890625,0.744873046875,0.19140625,Mouth closed
1713363131.595765,0.65380859375,0.74658203125,0.186279296875,Mouth closed
1713363131.635289,0.652099609375,0.747314453125,0.18701171875,Mouth closed
1713363131.67376,0.649658203125,0.7490234375,0.193115234375,Mouth closed
1713363131.712974,0.65283203125,0.748291015625,0.194580078125,Mouth closed
1713363131.752474,0.65185546875,0.7470703125,0.192138671875,Mouth closed
1713363131.789924,0.65185546875,0.741455078125,0.19384765625,Mouth closed
1713363131.829981,0.652587890625,0.74072265625,0.188232421875,Mouth closed
1713363131.87264,0.651611328125,0.7392578125,0.184814453125,Mouth closed
1713363131.912408,0.65283203125,0.746826171875,0.18798828125,Mouth closed
1713363131.954613,0.656005859375,0.750244140625,0.188232421875,Mouth closed
1713363131.991942,0.653076171875,0.74658203125,0.1826171875,Mouth closed
1713363132.032985,0.654296875,0.742431640625,0.177978515625,Mouth closed
1713363132.072582,0.65625,0.740966796875,0.184814453125,Mouth closed
1713363132.112327,0.65478515625,0.746826171875,0.18994140625,Mouth closed
1713363132.151935,0.658935546875,0.7470703125,0.187255859375,Mouth closed
1713363132.193461,0.649169921875,0.743408203125,0.18505859375,Mouth closed
1713363132.232925,0.65625,0.744140625,0.186767578125,Mouth closed
1713363132.275223,0.651611328125,0.74560546875,0.1845703125,Mouth closed
1713363132.316041,0.6513671875,0.7431640625,0.183837890625,Mouth closed
1713363132.352544,0.651611328125,0.744873046875,0.187255859375,Mouth closed
1713363132.39249,0.651611328125,0.744873046875,0.18994140625,Mouth closed
1713363132.432905,0.656982421875,0.74365234375,0.183837890625,Mouth closed
1713363132.483358,0.655029296875,0.745849609375,0.189208984375,Mouth closed
1713363132.513387,0.65283203125,0.743896484375,0.18896484375,Mouth closed
1713363132.564358,0.65380859375,0.744140625,0.18798828125,Mouth closed
1713363132.593029,0.654296875,0.74462890625,0.18994140625,Mouth closed
1713363132.646615,0.652099609375,0.7421875,0.1884765625,Mouth closed
1713363132.673995,0.657470703125,0.744384765625,0.183837890625,Mouth closed
1713363132.715316,0.656494140625,0.74658203125,0.18310546875,Mouth closed
1713363132.760251,0.654052734375,0.743896484375,0.18505859375,Mouth closed
1713363132.802612,0.650634765625,0.7509765625,0.187255859375,Mouth closed
1713363132.840856,0.65673828125,0.7470703125,0.18505859375,Mouth closed
1713363132.879715,0.650146484375,0.74267578125,0.185546875,Mouth closed
1713363132.916861,0.650390625,0.74365234375,0.189208984375,Mouth closed
1713363132.956554,0.654296875,0.74755859375,0.1923828125,Mouth closed
1713363132.99531,0.654296875,0.74267578125,0.190673828125,Mouth closed
1713363133.033964,0.652587890625,0.747314453125,0.19140625,Mouth closed
1713363133.074016,0.654052734375,0.7470703125,0.190673828125,Mouth closed
1713363133.112251,0.654052734375,0.748046875,0.186767578125,Mouth closed
1713363133.152179,0.65283203125,0.73974609375,0.18505859375,Mouth closed
1713363133.19376,0.654052734375,0.743896484375,0.188232421875,Mouth closed
1713363133.23371,0.65087890625,0.744384765625,0.19140625,Mouth closed
1713363133.277625,0.65380859375,0.746337890625,0.1875,Mouth closed
1713363133.313891,0.6572265625,0.747314453125,0.18798828125,Mouth closed
1713363133.354609,0.653564453125,0.7451171875,0.18798828125,Mouth closed
1713363133.39503,0.6533203125,0.745849609375,0.190185546875,Mouth closed
1713363133.437217,0.653564453125,0.74560546875,0.192138671875,Mouth closed
1713363133.475025,0.650146484375,0.74462890625,0.1904296875,Mouth closed
1713363133.519473,0.65478515625,0.743408203125,0.18994140625,Mouth closed
1713363133.559738,0.65087890625,0.740478515625,0.185546875,Mouth closed
1713363133.595872,0.6533203125,0.742919921875,0.185791015625,Mouth closed
1713363133.636713,0.652099609375,0.747802734375,0.187744140625,Mouth closed
1713363133.678471,0.653564453125,0.752685546875,0.1865234375,Mouth closed
1713363133.727627,0.65234375,0.746337890625,0.18359375,Mouth closed
1713363133.754726,0.65185546875,0.740234375,0.187255859375,Mouth closed
1713363133.798743,0.653564453125,0.74853515625,0.18994140625,Mouth closed
1713363133.842751,0.65234375,0.748779296875,0.19189453125,Mouth closed
1713363133.878855,0.656982421875,0.74755859375,0.188232421875,Mouth closed
1713363133.914615,0.65283203125,0.747314453125,0.187744140625,Mouth closed
1713363133.956137,0.654296875,0.74658203125,0.189453125,Mouth closed
1713363133.996379,0.651611328125,0.74462890625,0.186767578125,Mouth closed
1713363134.046736,0.65234375,0.744873046875,0.19091796875,Mouth closed
1713363134.075961,0.650634765625,0.746826171875,0.190673828125,Mouth closed
1713363134.117587,0.65283203125,0.746826171875,0.187744140625,Mouth closed
1713363134.163459,0.655029296875,0.745361328125,0.18603515625,Mouth closed
1713363134.202319,0.6533203125,0.745361328125,0.187255859375,Mouth closed
1713363134.240257,0.6533203125,0.74951171875,0.188232421875,Mouth closed
1713363134.278985,0.650390625,0.74560546875,0.18896484375,Mouth closed
1713363134.315675,0.650634765625,0.746337890625,0.1943359375,Mouth closed
1713363134.355705,0.64990234375,0.74560546875,0.1923828125,Mouth closed
1713363134.394605,0.6494140625,0.7412109375,0.1875,Mouth closed
1713363134.433467,0.652587890625,0.74072265625,0.1904296875,Mouth closed
1713363134.473757,0.651611328125,0.748779296875,0.189453125,Mouth closed
1713363134.514188,0.652099609375,0.74755859375,0.188720703125,Mouth closed
1713363134.555029,0.650634765625,0.74072265625,0.18701171875,Mouth closed
1713363134.5978,0.652099609375,0.746826171875,0.193603515625,Mouth closed
1713363134.63524,0.650634765625,0.749267578125,0.193603515625,Mouth closed
1713363134.674889,0.658447265625,0.749267578125,0.194580078125,Mouth closed
1713363134.71484,0.64794921875,0.741943359375,0.189697265625,Mouth closed
1713363134.755449,0.658203125,0.7490234375,0.191162109375,Mouth closed
1713363134.795401,0.65185546875,0.745361328125,0.1884765625,Mouth closed
1713363134.835914,0.65673828125,0.744873046875,0.188720703125,Mouth closed
1713363134.88078,0.65283203125,0.746337890625,0.19189453125,Mouth closed
1713363134.917117,0.65283203125,0.746826171875,0.191162109375,Mouth closed
1713363134.959212,0.65380859375,0.745849609375,0.18798828125,Mouth closed
1713363134.995252,0.651611328125,0.746826171875,0.1875,Mouth closed
1713363135.036267,0.650634765625,0.74755859375,0.190673828125,Mouth closed
1713363135.073958,0.65380859375,0.74609375,0.193359375,Mouth closed
1713363135.127065,0.652587890625,0.74169921875,0.193359375,Mouth closed
1713363135.155634,0.6552734375,0.7451171875,0.193359375,Mouth closed
1713363135.20148,0.6513671875,0.74365234375,0.189453125,Mouth closed
1713363135.238875,0.653564453125,0.741455078125,0.185302734375,Mouth closed
1713363135.279668,0.655517578125,0.747802734375,0.19189453125,Mouth closed
1713363135.315854,0.65576171875,0.748779296875,0.1875,Mouth closed
1713363135.370314,0.652587890625,0.7451171875,0.18701171875,Mouth closed
1713363135.397082,0.652099609375,0.744140625,0.186767578125,Mouth closed
1713363135.449823,0.650634765625,0.747802734375,0.1923828125,Mouth closed
1713363135.477095,0.652587890625,0.74951171875,0.195068359375,Mouth closed
1713363135.526837,0.654296875,0.744873046875,0.19287109375,Mouth closed
1713363135.555787,0.651611328125,0.744873046875,0.191162109375,Mouth closed
1713363135.602819,0.656005859375,0.746337890625,0.18994140625,Mouth closed
1713363135.640527,0.65234375,0.741943359375,0.1904296875,Mouth closed
1713363135.674455,0.652099609375,0.7451171875,0.189697265625,Mouth closed
1713363135.718063,0.6513671875,0.746826171875,0.189453125,Mouth closed
1713363135.757443,0.651123046875,0.743896484375,0.189208984375,Mouth closed
1713363135.796151,0.65380859375,0.748779296875,0.18603515625,Mouth closed
1713363135.839938,0.652099609375,0.745849609375,0.187255859375,Mouth closed
1713363135.87606,0.653076171875,0.743408203125,0.192626953125,Mouth closed
1713363135.916947,0.65380859375,0.743408203125,0.1904296875,Mouth closed
1713363135.958475,0.6533203125,0.74462890625,0.19189453125,Mouth closed
1713363135.998917,0.653076171875,0.744384765625,0.19091796875,Mouth closed
1713363136.036864,0.654541015625,0.746826171875,0.1884765625,Mouth closed
1713363136.076939,0.65869140625,0.744140625,0.185546875,Mouth closed
1713363136.116891,0.65673828125,0.7451171875,0.19140625,Mouth closed
1713363136.15856,0.65283203125,0.74755859375,0.18896484375,Mouth closed
1713363136.197783,0.653564453125,0.74755859375,0.1875,Mouth closed
1713363136.237863,0.653564453125,0.741943359375,0.187255859375,Mouth closed
1713363136.283058,0.6533203125,0.74169921875,0.191162109375,Mouth closed
1713363136.31487,0.649169921875,0.743896484375,0.1953125,Mouth closed
1713363136.359951,0.654052734375,0.747802734375,0.193603515625,Mouth closed
1713363136.397865,0.651123046875,0.744384765625,0.19091796875,Mouth closed
1713363136.436072,0.653076171875,0.743408203125,0.1923828125,Mouth closed
1713363136.477555,0.654541015625,0.743896484375,0.18701171875,Mouth closed
1713363136.51687,0.65478515625,0.7431640625,0.187255859375,Mouth closed
1713363136.557149,0.649658203125,0.743408203125,0.18994140625,Mouth closed
1713363136.597817,0.652099609375,0.747802734375,0.191650390625,Mouth closed
1713363136.640498,0.65234375,0.7470703125,0.1904296875,Mouth closed
1713363136.680486,0.651123046875,0.74560546875,0.18798828125,Mouth closed
1713363136.718779,0.651611328125,0.744384765625,0.19140625,Mouth closed
1713363136.758818,0.6533203125,0.747802734375,0.1923828125,Mouth closed
1713363136.799205,0.64892578125,0.7451171875,0.193359375,Mouth closed
1713363136.849972,0.646484375,0.748779296875,0.191162109375,Mouth closed
1713363136.877998,0.647216796875,0.745849609375,0.19140625,Mouth closed
1713363136.926122,0.650634765625,0.744873046875,0.18359375,Mouth closed
1713363136.964003,0.655029296875,0.74462890625,0.186279296875,Mouth closed
1713363137.004084,0.65185546875,0.749267578125,0.18701171875,Mouth closed
1713363137.042367,0.65625,0.75146484375,0.18798828125,Mouth closed
1713363137.08144,0.6494140625,0.744140625,0.18310546875,Mouth closed
1713363137.119121,0.646728515625,0.7451171875,0.18701171875,Mouth closed
1713363137.157854,0.646240234375,0.750244140625,0.19189453125,Mouth closed
1713363137.198048,0.650390625,0.748291015625,0.19189453125,Mouth closed
1713363137.238868,0.64599609375,0.7470703125,0.189697265625,Mouth closed
1713363137.279981,0.652587890625,0.749755859375,0.19091796875,Mouth closed
1713363137.318787,0.654541015625,0.74658203125,0.1884765625,Mouth closed
1713363137.361614,0.65234375,0.743896484375,0.1865234375,Mouth closed
1713363137.401307,0.65478515625,0.747802734375,0.189453125,Mouth closed
1713363137.438871,0.65087890625,0.74658203125,0.188720703125,Mouth closed
1713363137.480608,0.649169921875,0.74853515625,0.188720703125,Mouth closed
1713363137.518886,0.651611328125,0.7490234375,0.190673828125,Mouth closed
1713363137.559547,0.650390625,0.74951171875,0.190673828125,Mouth closed
1713363137.599266,0.653564453125,0.74853515625,0.189697265625,Mouth closed
1713363137.637833,0.64794921875,0.750244140625,0.194580078125,Mouth closed
1713363137.676838,0.648193359375,0.748779296875,0.196533203125,Mouth closed
1713363137.716856,0.645751953125,0.744140625,0.1943359375,Mouth closed
1713363137.756988,0.646484375,0.742431640625,0.18896484375,Mouth closed
1713363137.804943,0.6474609375,0.74560546875,0.195068359375,Mouth closed
1713363137.841878,0.65283203125,0.750732421875,0.192138671875,Mouth closed
1713363137.880876,0.649658203125,0.748291015625,0.190673828125,Mouth closed
1713363137.918536,0.6494140625,0.743408203125,0.1943359375,Mouth closed
1713363137.959869,0.650146484375,0.747802734375,0.19482421875,Mouth closed
1713363137.999063,0.649169921875,0.748291015625,0.1982421875,Mouth closed
1713363138.039454,0.656005859375,0.74658203125,0.197509765625,Mouth open
1713363138.078737,0.650146484375,0.743896484375,0.1904296875,Mouth open
1713363138.119768,0.658447265625,0.744873046875,0.19580078125,Mouth open
1713363138.159535,0.64892578125,0.744873046875,0.18994140625,Mouth open
1713363138.197966,0.652587890625,0.743408203125,0.1884765625,Mouth open
1713363138.236912,0.652587890625,0.744140625,0.1923828125,Mouth open
1713363138.276826,0.6513671875,0.745849609375,0.191162109375,Mouth open
1713363138.317002,0.654052734375,0.745849609375,0.189208984375,Mouth open
1713363138.357717,0.65185546875,0.74462890625,0.18994140625,Mouth open
1713363138.399018,0.651611328125,0.74560546875,0.19384765625,Mouth open
1713363138.439847,0.649169921875,0.74658203125,0.19287109375,Mouth open
1713363138.479791,0.65234375,0.748046875,0.193603515625,Mouth open
1713363138.519886,0.647705078125,0.744384765625,0.19287109375,Mouth open
1713363138.560133,0.655517578125,0.746826171875,0.1923828125,Mouth open
1713363138.600738,0.657470703125,0.74658203125,0.186767578125,Mouth open
1713363138.641945,0.655029296875,0.74365234375,0.187744140625,Mouth open
1713363138.679685,0.651123046875,0.745849609375,0.1904296875,Mouth open
1713363138.720513,0.653564453125,0.748046875,0.18994140625,Mouth open
1713363138.7628,0.65087890625,0.743408203125,0.18798828125,Mouth open
1713363138.800724,0.6484375,0.74169921875,0.189208984375,Mouth open
1713363138.841513,0.65185546875,0.744140625,0.195556640625,Mouth open
1713363138.879827,0.6533203125,0.746826171875,0.195556640625,Mouth open
1713363138.920174,0.654296875,0.742431640625,0.19140625,Mouth open
1713363138.958975,0.65625,0.747314453125,0.191650390625,Mouth open
1713363138.999815,0.654541015625,0.74658203125,0.19140625,Mouth open
1713363139.044148,0.65234375,0.74267578125,0.187255859375,Mouth open
1713363139.080205,0.65625,0.744140625,0.190185546875,Mouth open
1713363139.121703,0.65234375,0.74853515625,0.190673828125,Mouth open
1713363139.164011,0.65283203125,0.7451171875,0.189697265625,Mouth open
1713363139.202974,0.654052734375,0.745849609375,0.190673828125,Mouth open
1713363139.243947,0.652587890625,0.750244140625,0.19091796875,Mouth open
1713363139.282551,0.653564453125,0.74755859375,0.192138671875,Mouth open
1713363139.322959,0.651123046875,0.74462890625,0.1923828125,Mouth open
1713363139.361797,0.64794921875,0.74658203125,0.193115234375,Mouth open
1713363139.401915,0.654052734375,0.7451171875,0.19189453125,Mouth open
1713363139.443897,0.65576171875,0.74267578125,0.187744140625,Mouth open
1713363139.482774,0.654052734375,0.74365234375,0.18896484375,Mouth open
1713363139.521443,0.65087890625,0.742431640625,0.1884765625,Mouth open
1713363139.562629,0.6533203125,0.744140625,0.188232421875,Mouth open
1713363139.601119,0.6533203125,0.747314453125,0.18896484375,Mouth open
1713363139.641188,0.656005859375,0.746337890625,0.187255859375,Mouth open
1713363139.681254,0.6494140625,0.7392578125,0.1875,Mouth open
1713363139.721655,0.653076171875,0.7451171875,0.194091796875,Mouth open
1713363139.762168,0.649658203125,0.746826171875,0.197021484375,Mouth open
1713363139.801873,0.65478515625,0.746337890625,0.19287109375,Mouth open
1713363139.84164,0.6494140625,0.747314453125,0.1923828125,Mouth open
1713363139.885711,0.656005859375,0.74755859375,0.194091796875,Mouth open
1713363139.924364,0.6533203125,0.744384765625,0.1904296875,Mouth open
1713363139.964168,0.652099609375,0.74169921875,0.190185546875,Mouth open
1713363140.003871,0.65087890625,0.7451171875,0.193603515625,Mouth open
1713363140.044479,0.65185546875,0.747802734375,0.193603515625,Mouth open
1713363140.083795,0.653564453125,0.745361328125,0.19384765625,Mouth open
1713363140.124433,0.650390625,0.746337890625,0.19287109375,Mouth open
1713363140.162687,0.653564453125,0.743896484375,0.197021484375,Mouth open
1713363140.203113,0.65185546875,0.742431640625,0.19189453125,Mouth open
1713363140.243233,0.654052734375,0.743408203125,0.197265625,Mouth open
1713363140.281008,0.65185546875,0.741943359375,0.19873046875,Mouth open
1713363140.322633,0.652099609375,0.742919921875,0.19775390625,Mouth open
1713363140.365364,0.6484375,0.73974609375,0.19921875,Mouth open
1713363140.40186,0.654052734375,0.74560546875,0.1953125,Mouth open
1713363140.442956,0.6494140625,0.7451171875,0.193115234375,Mouth open
1713363140.484606,0.655029296875,0.748779296875,0.19580078125,Mouth open
1713363140.524214,0.65478515625,0.74560546875,0.193359375,Mouth open
1713363140.565304,0.652587890625,0.73974609375,0.196044921875,Mouth open
1713363140.602874,0.65625,0.74267578125,0.194091796875,Mouth open
1713363140.645067,0.65673828125,0.7431640625,0.208740234375,Mouth open
1713363140.684754,0.66259765625,0.73828125,0.18115234375,Mouth open
1713363140.724309,0.65576171875,0.7451171875,0.19775390625,Mouth open
1713363140.764859,0.6513671875,0.748779296875,0.212890625,Mouth open
1713363140.804188,0.648193359375,0.741943359375,0.201904296875,Mouth open
1713363140.842116,0.653564453125,0.7421875,0.192626953125,Mouth open
1713363140.881707,0.65087890625,0.736572265625,0.186279296875,Mouth open
1713363140.925154,0.65283203125,0.736083984375,0.18994140625,Mouth open
1713363140.964696,0.651611328125,0.743896484375,0.19775390625,Mouth open
1713363141.002867,0.65625,0.750244140625,0.19873046875,Mouth open
1713363141.055298,0.657470703125,0.738525390625,0.1953125,Mouth open
1713363141.08388,0.652099609375,0.74609375,0.194580078125,Mouth open
1713363141.13352,0.652587890625,0.740966796875,0.199462890625,Mouth open
1713363141.172308,0.650146484375,0.7373046875,0.197998046875,Mouth open
1713363141.209964,0.649169921875,0.740966796875,0.201416015625,Mouth open
1713363141.248584,0.653564453125,0.744873046875,0.198486328125,Mouth open
1713363141.287492,0.6591796875,0.746826171875,0.191162109375,Mouth open
1713363141.32721,0.653076171875,0.7431640625,0.193359375,Mouth open
1713363141.366228,0.65478515625,0.7421875,0.19873046875,Mouth open
1713363141.407294,0.653076171875,0.74609375,0.201171875,Mouth open
1713363141.447241,0.6552734375,0.744873046875,0.198486328125,Mouth open
1713363141.48504,0.65185546875,0.7412109375,0.19970703125,Mouth open
1713363141.525745,0.6513671875,0.74267578125,0.205322265625,Mouth open
1713363141.563722,0.655517578125,0.74169921875,0.1982421875,Mouth open
1713363141.605972,0.653076171875,0.740966796875,0.197021484375,Mouth open
1713363141.645111,0.655517578125,0.741943359375,0.19580078125,Mouth open
1713363141.686008,0.654052734375,0.7421875,0.197021484375,Mouth open
1713363141.72462,0.65234375,0.744140625,0.199462890625,Mouth open
1713363141.765794,0.648681640625,0.743896484375,0.196044921875,Mouth open
1713363141.80649,0.65185546875,0.74658203125,0.19921875,Mouth open
1713363141.846873,0.649658203125,0.74462890625,0.196533203125,Mouth open
1713363141.887189,0.649169921875,0.7421875,0.200439453125,Mouth open
1713363141.927061,0.64990234375,0.74169921875,0.2001953125,Mouth open
1713363141.966923,0.6513671875,0.746337890625,0.201171875,Mouth open
1713363142.010537,0.65380859375,0.740234375,0.19287109375,Mouth open
1713363142.050242,0.6513671875,0.742431640625,0.195068359375,Mouth open
1713363142.088823,0.654296875,0.740966796875,0.193115234375,Mouth open
1713363142.127044,0.655517578125,0.74267578125,0.197021484375,Mouth open
1713363142.164824,0.654052734375,0.744873046875,0.19287109375,Mouth open
1713363142.211249,0.653564453125,0.745361328125,0.18994140625,Mouth open
1713363142.245088,0.6591796875,0.74169921875,0.19287109375,Mouth open
1713363142.294528,0.651123046875,0.738525390625,0.2001953125,Mouth open
1713363142.33002,0.657958984375,0.739501953125,0.1953125,Mouth open
1713363142.371858,0.653564453125,0.736083984375,0.191650390625,Mouth open
1713363142.409506,0.651611328125,0.74267578125,0.203125,Mouth open
1713363142.448966,0.65478515625,0.74609375,0.19189453125,Mouth open
1713363142.487231,0.65576171875,0.743896484375,0.195068359375,Mouth open
1713363142.527637,0.655517578125,0.74365234375,0.1953125,Mouth open
1713363142.568059,0.65478515625,0.736572265625,0.190185546875,Mouth open
1713363142.607756,0.656982421875,0.739990234375,0.192138671875,Mouth open
1713363142.648192,0.658935546875,0.739013671875,0.188720703125,Mouth open
1713363142.691128,0.65869140625,0.737548828125,0.191650390625,Mouth open
1713363142.728661,0.66357421875,0.736083984375,0.184814453125,Mouth open
1713363142.769075,0.6630859375,0.7333984375,0.183837890625,Mouth open
1713363142.808249,0.6640625,0.73828125,0.186767578125,Mouth open
1713363142.848947,0.660400390625,0.73876953125,0.1904296875,Mouth open
1713363142.888441,0.65966796875,0.739990234375,0.186767578125,Mouth open
1713363142.925578,0.66064453125,0.7421875,0.190185546875,Mouth open
1713363142.967705,0.65673828125,0.739013671875,0.18310546875,Mouth open
1713363143.007927,0.65966796875,0.73876953125,0.190673828125,Mouth open
1713363143.046908,0.6572265625,0.738037109375,0.191162109375,Mouth open
1713363143.08914,0.66015625,0.740478515625,0.188232421875,Mouth open
1713363143.127815,0.66015625,0.7412109375,0.183837890625,Mouth open
1713363143.170872,0.65966796875,0.741455078125,0.18505859375,Mouth open
1713363143.21098,0.661376953125,0.743896484375,0.1884765625,Mouth open
1713363143.248871,0.658447265625,0.74267578125,0.19189453125,Mouth open
1713363143.302585,0.65771484375,0.744873046875,0.192138671875,Mouth open
1713363143.329116,0.654541015625,0.746826171875,0.19384765625,Mouth open
1713363143.372933,0.660888671875,0.7412109375,0.190673828125,Mouth open
1713363143.417042,0.65185546875,0.7353515625,0.185546875,Mouth open
1713363143.448964,0.6533203125,0.73828125,0.189697265625,Mouth open
1713363143.49649,0.65625,0.744873046875,0.192626953125,Mouth open
1713363143.536577,0.6591796875,0.74169921875,0.189453125,Mouth open
1713363143.572627,0.65625,0.743896484375,0.1845703125,Mouth open
1713363143.613928,0.663330078125,0.748291015625,0.188232421875,Mouth open
1713363143.652688,0.657470703125,0.7392578125,0.182861328125,Mouth open
1713363143.689548,0.6572265625,0.735107421875,0.183837890625,Mouth open
1713363143.729557,0.655029296875,0.74365234375,0.18798828125,Mouth open
1713363143.768343,0.660400390625,0.742431640625,0.185546875,Mouth open
1713363143.807786,0.658203125,0.741455078125,0.184326171875,Mouth open
1713363143.848731,0.65673828125,0.74609375,0.18896484375,Mouth open
1713363143.888635,0.658203125,0.7421875,0.18896484375,Mouth open
1713363143.931861,0.659912109375,0.742919921875,0.189208984375,Mouth open
1713363143.969575,0.659423828125,0.741455078125,0.193359375,Mouth open
1713363144.01055,0.658447265625,0.73779296875,0.194580078125,Mouth open
1713363144.050684,0.658203125,0.741455078125,0.1953125,Mouth open
1713363144.091244,0.66015625,0.740234375,0.19140625,Mouth open
1713363144.128997,0.656494140625,0.736328125,0.19140625,Mouth open
1713363144.17316,0.65966796875,0.738525390625,0.191650390625,Mouth open
1713363144.20794,0.6552734375,0.73876953125,0.193359375,Mouth open
1713363144.24891,0.658203125,0.73974609375,0.189453125,Mouth open
1713363144.290997,0.656494140625,0.736328125,0.18994140625,Mouth open
1713363144.331891,0.662841796875,0.74267578125,0.18896484375,Mouth open
1713363144.370348,0.661865234375,0.73876953125,0.189697265625,Mouth open
1713363144.409882,0.661865234375,0.736328125,0.18994140625,Mouth open
1713363144.453777,0.653564453125,0.73974609375,0.19287109375,Mouth open
1713363144.491257,0.659912109375,0.739501953125,0.19091796875,Mouth open
1713363144.530687,0.656494140625,0.739501953125,0.191162109375,Mouth open
1713363144.569813,0.656494140625,0.738037109375,0.1904296875,Mouth open
1713363144.624783,0.656494140625,0.73974609375,0.191162109375,Mouth open
1713363144.651257,0.65966796875,0.743408203125,0.1884765625,Mouth open
1713363144.693198,0.6572265625,0.73974609375,0.1953125,Mouth open
1713363144.739191,0.65771484375,0.7392578125,0.1923828125,Mouth open
1713363144.778558,0.659423828125,0.7392578125,0.19140625,Mouth open
1713363144.816009,0.65966796875,0.73828125,0.18994140625,Mouth open
1713363144.853739,0.66064453125,0.7392578125,0.191650390625,Mouth open
1713363144.892809,0.659912109375,0.743896484375,0.195556640625,Mouth open
1713363144.930978,0.660400390625,0.74267578125,0.192138671875,Mouth open
1713363144.970106,0.66064453125,0.736572265625,0.18896484375,Mouth open
1713363145.011652,0.6552734375,0.738037109375,0.194580078125,Mouth open
1713363145.053367,0.6533203125,0.7421875,0.198974609375,Mouth open
1713363145.090116,0.65771484375,0.7373046875,0.19873046875,Mouth open
1713363145.1305,0.655517578125,0.73681640625,0.192138671875,Mouth open
1713363145.1726,0.661865234375,0.741943359375,0.19384765625,Mouth open
1713363145.210983,0.6611328125,0.740478515625,0.18896484375,Mouth open
1713363145.251503,0.660888671875,0.7392578125,0.18798828125,Mouth open
1713363145.292266,0.656005859375,0.740234375,0.193115234375,Mouth open
1713363145.331917,0.65576171875,0.742919921875,0.191162109375,Mouth open
1713363145.372782,0.656982421875,0.7451171875,0.18896484375,Mouth open
1713363145.411701,0.65966796875,0.74169921875,0.189208984375,Mouth open
1713363145.450563,0.65673828125,0.74072265625,0.1923828125,Mouth open
1713363145.495952,0.657470703125,0.738525390625,0.19384765625,Mouth open
1713363145.529837,0.65771484375,0.73828125,0.197509765625,Mouth open
1713363145.573625,0.65673828125,0.74169921875,0.194580078125,Mouth open
1713363145.61066,0.655517578125,0.73779296875,0.194580078125,Mouth open
1713363145.652062,0.65625,0.741455078125,0.1923828125,Mouth open
1713363145.692233,0.65966796875,0.740966796875,0.19140625,Mouth open
1713363145.731498,0.65576171875,0.74169921875,0.190185546875,Mouth open
1713363145.775975,0.65869140625,0.7373046875,0.1943359375,Mouth open
1713363145.813409,0.652587890625,0.739013671875,0.19677734375,Mouth open
1713363145.852139,0.660400390625,0.7392578125,0.1923828125,Mouth open
1713363145.893722,0.65771484375,0.73779296875,0.190673828125,Mouth open
1713363145.935768,0.65869140625,0.737060546875,0.1884765625,Mouth open
1713363145.972495,0.658203125,0.737060546875,0.192626953125,Mouth open
1713363146.02029,0.6611328125,0.7412109375,0.19677734375,Mouth open
1713363146.059093,0.659423828125,0.7392578125,0.194580078125,Mouth open
1713363146.098418,0.6572265625,0.7392578125,0.190673828125,Mouth open
1713363146.135992,0.659912109375,0.743896484375,0.193359375,Mouth open
1713363146.173781,0.65673828125,0.739013671875,0.191650390625,Mouth open
1713363146.211465,0.656494140625,0.73828125,0.193115234375,Mouth open
1713363146.295078,0.654052734375,0.7421875,0.198486328125,Mouth open
1713363146.295109,0.654541015625,0.7421875,0.197021484375,Mouth open
1713363146.339124,0.65771484375,0.7412109375,0.19189453125,Mouth open
1713363146.375218,0.653564453125,0.744384765625,0.19580078125,Mouth open
1713363146.416135,0.65625,0.7451171875,0.19775390625,Mouth open
1713363146.458636,0.6552734375,0.7451171875,0.19677734375,Mouth open
1713363146.497764,0.65576171875,0.737548828125,0.193115234375,Mouth open
1713363146.536929,0.65576171875,0.739501953125,0.193115234375,Mouth open
1713363146.576164,0.654052734375,0.7421875,0.190673828125,Mouth open
1713363146.615964,0.656982421875,0.7451171875,0.19091796875,Mouth open
1713363146.65442,0.657958984375,0.740966796875,0.189453125,Mouth open
1713363146.695505,0.657958984375,0.741455078125,0.190673828125,Mouth open
1713363146.73493,0.65576171875,0.74365234375,0.19189453125,Mouth open
1713363146.774349,0.660888671875,0.745849609375,0.19482421875,Mouth open
1713363146.8176,0.65283203125,0.742431640625,0.19091796875,Mouth open
1713363146.855795,0.65234375,0.738037109375,0.19384765625,Mouth open
1713363146.897144,0.649658203125,0.73828125,0.197998046875,Mouth open
1713363146.935602,0.65771484375,0.739990234375,0.197509765625,Mouth open
1713363146.974269,0.65283203125,0.73828125,0.197265625,Mouth open
1713363147.016017,0.65771484375,0.740966796875,0.196533203125,Mouth open
1713363147.058674,0.656982421875,0.73876953125,0.194091796875,Mouth open
1713363147.094604,0.6552734375,0.73779296875,0.194580078125,Mouth open
1713363147.136509,0.655029296875,0.739501953125,0.18994140625,Mouth open
1713363147.174651,0.65478515625,0.742919921875,0.19580078125,Mouth open
1713363147.214922,0.6591796875,0.741943359375,0.19091796875,Mouth open
1713363147.255616,0.656494140625,0.741943359375,0.188720703125,Mouth open
1713363147.299883,0.66015625,0.74072265625,0.190673828125,Mouth open
1713363147.339058,0.656494140625,0.743408203125,0.191162109375,Mouth open
1713363147.376924,0.6572265625,0.742919921875,0.198974609375,Mouth open
1713363147.415446,0.653564453125,0.740478515625,0.197998046875,Mouth open
1713363147.455049,0.65673828125,0.737548828125,0.194091796875,Mouth open
1713363147.498477,0.658935546875,0.7392578125,0.19580078125,Mouth open
1713363147.534342,0.658447265625,0.74267578125,0.19384765625,Mouth open
1713363147.583107,0.653076171875,0.741455078125,0.195068359375,Mouth open
1713363147.62231,0.65771484375,0.742919921875,0.196533203125,Mouth open
1713363147.662865,0.651123046875,0.738525390625,0.19482421875,Mouth open
1713363147.701449,0.65234375,0.738525390625,0.197021484375,Mouth open
1713363147.741513,0.65234375,0.7392578125,0.198974609375,Mouth open
1713363147.780335,0.660888671875,0.738037109375,0.199951171875,Mouth open
1713363147.821228,0.65185546875,0.740478515625,0.19873046875,Mouth open
1713363147.859317,0.6591796875,0.742431640625,0.197998046875,Mouth open
1713363147.90092,0.65625,0.74365234375,0.197509765625,Mouth open
1713363147.93994,0.65771484375,0.738525390625,0.192626953125,Mouth open
1713363147.980514,0.659423828125,0.738037109375,0.1943359375,Mouth open
1713363148.019403,0.653076171875,0.742919921875,0.195068359375,Mouth open
1713363148.059129,0.6513671875,0.7421875,0.19677734375,Mouth open
1713363148.097325,0.658203125,0.741943359375,0.19091796875,Mouth open
1713363148.141632,0.655029296875,0.7431640625,0.1962890625,Mouth open
1713363148.178166,0.655029296875,0.74169921875,0.196533203125,Mouth open
1713363148.215156,0.655029296875,0.7412109375,0.19677734375,Mouth open
1713363148.257774,0.654541015625,0.742431640625,0.200927734375,Mouth open
1713363148.301312,0.655517578125,0.739990234375,0.19580078125,Mouth open
1713363148.338381,0.659423828125,0.740966796875,0.1904296875,Mouth open
1713363148.387186,0.661865234375,0.73974609375,0.1953125,Mouth open
1713363148.417045,0.660400390625,0.736083984375,0.194091796875,Mouth open
1713363148.468259,0.65478515625,0.745849609375,0.19677734375,Mouth open
1713363148.497131,0.657958984375,0.745361328125,0.1943359375,Mouth open
1713363148.540158,0.65576171875,0.737548828125,0.18798828125,Mouth open
1713363148.577476,0.65966796875,0.73779296875,0.193359375,Mouth open
1713363148.622385,0.653564453125,0.74169921875,0.198974609375,Mouth open
1713363148.659426,0.655029296875,0.740478515625,0.19775390625,Mouth open
1713363148.709698,0.654052734375,0.7421875,0.1962890625,Mouth open
1713363148.737136,0.657958984375,0.742919921875,0.19140625,Mouth open
1713363148.784228,0.657958984375,0.742919921875,0.191162109375,Mouth open
1713363148.815972,0.657470703125,0.739013671875,0.18994140625,Mouth open
1713363148.868687,0.655029296875,0.739501953125,0.192626953125,Mouth open
1713363148.898948,0.65576171875,0.746337890625,0.19189453125,Mouth open
1713363148.94926,0.657958984375,0.745361328125,0.1904296875,Mouth open
1713363148.976548,0.6572265625,0.741455078125,0.189697265625,Mouth open
1713363149.029982,0.65771484375,0.740478515625,0.191162109375,Mouth open
1713363149.057488,0.658935546875,0.741455078125,0.192138671875,Mouth open
1713363149.100318,0.658447265625,0.736572265625,0.191650390625,Mouth open
1713363149.138417,0.657958984375,0.742431640625,0.19482421875,Mouth open
1713363149.182519,0.658203125,0.739013671875,0.19287109375,Mouth open
1713363149.227411,0.65966796875,0.740966796875,0.19140625,Mouth open
1713363149.259381,0.65576171875,0.73974609375,0.191650390625,Mouth open
1713363149.306873,0.652099609375,0.742431640625,0.19384765625,Mouth open
1713363149.347427,0.653564453125,0.749755859375,0.199951171875,Mouth open
1713363149.381888,0.656005859375,0.7451171875,0.194091796875,Mouth open
1713363149.416409,0.649658203125,0.740966796875,0.19091796875,Mouth open
1713363149.462698,0.657958984375,0.7412109375,0.19580078125,Mouth open
1713363149.501874,0.648193359375,0.745361328125,0.198974609375,Mouth open
1713363149.539558,0.656982421875,0.744140625,0.2001953125,Mouth open
1713363149.580921,0.654052734375,0.741455078125,0.195556640625,Mouth open
1713363149.618632,0.657958984375,0.743896484375,0.1982421875,Mouth open
1713363149.659666,0.654296875,0.740478515625,0.195556640625,Mouth open
1713363149.699145,0.6591796875,0.737060546875,0.1923828125,Mouth open
1713363149.738446,0.656005859375,0.7373046875,0.1943359375,Mouth open
1713363149.781667,0.654052734375,0.744384765625,0.193359375,Mouth open
1713363149.824881,0.656005859375,0.743896484375,0.19384765625,Mouth open
1713363149.860206,0.65625,0.740234375,0.193115234375,Mouth open
1713363149.903504,0.6533203125,0.742919921875,0.192138671875,Mouth open
1713363149.940128,0.65625,0.742431640625,0.196533203125,Mouth open
1713363149.984272,0.655029296875,0.740234375,0.193603515625,Mouth open
1713363150.021075,0.655517578125,0.74267578125,0.193603515625,Mouth open
1713363150.066327,0.656982421875,0.739501953125,0.194580078125,Mouth open
1713363150.09858,0.658935546875,0.7431640625,0.192138671875,Mouth open
1713363150.148579,0.65625,0.74658203125,0.194091796875,Mouth open
1713363150.18439,0.654541015625,0.74658203125,0.189697265625,Mouth open
1713363150.224887,0.653076171875,0.739990234375,0.190185546875,Mouth open
1713363150.262503,0.655517578125,0.74072265625,0.193115234375,Mouth open
1713363150.300896,0.652099609375,0.74609375,0.194580078125,Mouth open
1713363150.340292,0.6591796875,0.74365234375,0.194580078125,Mouth open
1713363150.379869,0.651123046875,0.741943359375,0.191162109375,Mouth open
1713363150.421007,0.6572265625,0.74560546875,0.192626953125,Mouth open
1713363150.461319,0.65478515625,0.74072265625,0.190673828125,Mouth open
1713363150.500625,0.656982421875,0.739013671875,0.195556640625,Mouth open
1713363150.541407,0.65185546875,0.74462890625,0.197509765625,Mouth open
1713363150.580725,0.6552734375,0.740966796875,0.19482421875,Mouth open
1713363150.620395,0.654541015625,0.743408203125,0.1943359375,Mouth open
1713363150.660881,0.65478515625,0.744140625,0.194091796875,Mouth open
1713363150.700833,0.65283203125,0.744140625,0.1962890625,Mouth open
1713363150.74064,0.65625,0.74365234375,0.1943359375,Mouth open
1713363150.779635,0.654052734375,0.740966796875,0.19677734375,Mouth open
1713363150.818561,0.652587890625,0.736328125,0.194091796875,Mouth open
1713363150.860424,0.6572265625,0.73828125,0.19482421875,Mouth open
1713363150.899492,0.659912109375,0.7470703125,0.19775390625,Mouth open
1713363150.938382,0.656005859375,0.744384765625,0.195068359375,Mouth open
1713363150.979555,0.653076171875,0.742431640625,0.19189453125,Mouth open
1713363151.020089,0.65234375,0.7392578125,0.194091796875,Mouth open
1713363151.059451,0.654052734375,0.7451171875,0.197998046875,Mouth open
1713363151.100551,0.658203125,0.739990234375,0.197265625,Mouth open
1713363151.139463,0.651611328125,0.740478515625,0.198974609375,Mouth open
1713363151.187618,0.65771484375,0.744873046875,0.19970703125,Mouth open
1713363151.222687,0.656982421875,0.740478515625,0.197998046875,Mouth open
1713363151.2625,0.653564453125,0.738037109375,0.195068359375,Mouth open
1713363151.312866,0.650390625,0.74169921875,0.19580078125,Mouth open
1713363151.33992,0.65576171875,0.74365234375,0.194580078125,Mouth open
1713363151.389644,0.6572265625,0.74365234375,0.19580078125,Mouth open
1713363151.417441,0.653076171875,0.7431640625,0.193115234375,Mouth open
1713363151.468154,0.655517578125,0.7451171875,0.200439453125,Mouth open
1713363151.497519,0.654052734375,0.744140625,0.197021484375,Mouth open
1713363151.545135,0.65673828125,0.740478515625,0.196533203125,Mouth open
1713363151.585954,0.654296875,0.73583984375,0.198974609375,Mouth open
1713363151.625636,0.657470703125,0.73974609375,0.19775390625,Mouth open
1713363151.664234,0.653076171875,0.740234375,0.19189453125,Mouth open
1713363151.701584,0.65966796875,0.741943359375,0.19189453125,Mouth open
1713363151.738679,0.658447265625,0.73876953125,0.18994140625,Mouth open
1713363151.779321,0.656005859375,0.742431640625,0.195556640625,Mouth open
1713363151.819495,0.654052734375,0.74462890625,0.19775390625,Mouth open
1713363151.860913,0.661376953125,0.739501953125,0.19677734375,Mouth open
1713363151.900721,0.65234375,0.739501953125,0.1962890625,Mouth open
1713363151.940001,0.658203125,0.74267578125,0.19482421875,Mouth open
1713363151.980948,0.656005859375,0.74169921875,0.19384765625,Mouth open
1713363152.018536,0.657958984375,0.743408203125,0.193603515625,Mouth open
1713363152.058838,0.654052734375,0.73876953125,0.194580078125,Mouth open
1713363152.099581,0.65087890625,0.7451171875,0.1982421875,Mouth open
1713363152.138499,0.654541015625,0.744140625,0.1953125,Mouth open
1713363152.178551,0.652587890625,0.74169921875,0.193603515625,Mouth open
1713363152.220131,0.654296875,0.745361328125,0.197998046875,Mouth open
1713363152.259604,0.655517578125,0.745361328125,0.19873046875,Mouth open
1713363152.300513,0.650634765625,0.740966796875,0.197509765625,Mouth open
1713363152.340808,0.65380859375,0.742919921875,0.1962890625,Mouth open
1713363152.386113,0.65380859375,0.74072265625,0.19677734375,Mouth open
1713363152.421742,0.656494140625,0.74462890625,0.196533203125,Mouth open
1713363152.462851,0.65234375,0.745849609375,0.1953125,Mouth open
1713363152.500824,0.65283203125,0.745361328125,0.195556640625,Mouth open
1713363152.55357,0.651123046875,0.74267578125,0.195068359375,Mouth open
1713363152.581724,0.650390625,0.742919921875,0.19873046875,Mouth open
1713363152.624174,0.6513671875,0.74365234375,0.19873046875,Mouth open
1713363152.660928,0.654541015625,0.743408203125,0.1982421875,Mouth open
1713363152.709022,0.65185546875,0.74072265625,0.195068359375,Mouth open
1713363152.745322,0.65478515625,0.747802734375,0.198486328125,Mouth open
1713363152.786705,0.651123046875,0.7431640625,0.193359375,Mouth open
1713363152.825309,0.65478515625,0.73974609375,0.19384765625,Mouth open
1713363152.862934,0.650146484375,0.742431640625,0.19873046875,Mouth open
1713363152.901377,0.652099609375,0.748046875,0.194580078125,Mouth open
1713363152.940681,0.652587890625,0.743408203125,0.1923828125,Mouth open
1713363152.981839,0.650634765625,0.74560546875,0.194580078125,Mouth open
1713363153.022568,0.65283203125,0.7470703125,0.195556640625,unknown
1713363153.06259,0.65087890625,0.746337890625,0.197021484375,unknown
1713363153.105085,0.649658203125,0.7470703125,0.201171875,unknown
1713363153.143174,0.647705078125,0.744384765625,0.201171875,unknown
1713363153.183717,0.649169921875,0.74072265625,0.192626953125,unknown
1713363153.222726,0.649658203125,0.743408203125,0.19287109375,unknown
1713363153.263221,0.650146484375,0.74609375,0.193115234375,unknown
1713363153.301753,0.656494140625,0.748779296875,0.191650390625,unknown
1713363153.340397,0.654296875,0.741943359375,0.19140625,unknown
1713363153.382668,0.649169921875,0.739990234375,0.196533203125,unknown
1713363153.421602,0.6513671875,0.743408203125,0.198486328125,unknown
1713363153.463835,0.65576171875,0.74755859375,0.1962890625,unknown
1713363153.502601,0.656494140625,0.744384765625,0.19189453125,unknown
1713363153.541678,0.657958984375,0.7451171875,0.19580078125,unknown
1713363153.581377,0.65478515625,0.74462890625,0.1962890625,unknown
1713363153.627603,0.65283203125,0.741943359375,0.195556640625,unknown
1713363153.663439,0.651611328125,0.741943359375,0.197998046875,unknown
1713363153.704865,0.65283203125,0.74072265625,0.1953125,unknown
1713363153.747099,0.65283203125,0.745849609375,0.194091796875,unknown
1713363153.796377,0.651123046875,0.747802734375,0.191162109375,unknown
1713363153.824794,0.65673828125,0.7451171875,0.1953125,unknown
1713363153.869143,0.654052734375,0.74658203125,0.19970703125,unknown
1713363153.91122,0.652099609375,0.748291015625,0.202392578125,unknown
1713363153.951765,0.65087890625,0.746337890625,0.198486328125,unknown
1713363153.988425,0.65478515625,0.743408203125,0.1953125,unknown
1713363154.027486,0.65380859375,0.74267578125,0.195556640625,unknown
1713363154.064293,0.65576171875,0.74169921875,0.194580078125,unknown
1713363154.104519,0.651611328125,0.743408203125,0.195068359375,unknown
1713363154.145814,0.65673828125,0.7490234375,0.193603515625,unknown
1713363154.185897,0.653076171875,0.740478515625,0.189697265625,unknown
1713363154.225347,0.65673828125,0.741455078125,0.19140625,unknown
1713363154.262705,0.65234375,0.74267578125,0.198974609375,unknown
1713363154.303585,0.654052734375,0.7392578125,0.19677734375,unknown
1713363154.344022,0.655029296875,0.73876953125,0.19140625,unknown
1713363154.383401,0.65869140625,0.740234375,0.1953125,unknown
1713363154.428052,0.658447265625,0.74072265625,0.194091796875,unknown
1713363154.464714,0.65478515625,0.73974609375,0.191162109375,unknown
1713363154.515238,0.651123046875,0.7421875,0.1962890625,unknown
1713363154.54564,0.651611328125,0.7431640625,0.1982421875,unknown
1713363154.584137,0.65283203125,0.743408203125,0.19580078125,unknown
1713363154.623969,0.6533203125,0.746826171875,0.194091796875,unknown
1713363154.662231,0.6533203125,0.742919921875,0.195556640625,unknown
1713363154.702733,0.6533203125,0.74267578125,0.197998046875,unknown
1713363154.756101,0.651123046875,0.741455078125,0.19775390625,unknown
1713363154.783704,0.651123046875,0.74169921875,0.2001953125,unknown
1713363154.822309,0.653564453125,0.7421875,0.197265625,unknown
1713363154.864137,0.6552734375,0.744140625,0.197265625,unknown
1713363154.903409,0.650146484375,0.740234375,0.192138671875,unknown
1713363154.944441,0.651123046875,0.740234375,0.190185546875,unknown
1713363154.984887,0.650390625,0.743896484375,0.1943359375,unknown
1713363155.024769,0.65576171875,0.745361328125,0.192626953125,unknown
1713363155.066941,0.6552734375,0.743408203125,0.19189453125,unknown
1713363155.104889,0.654541015625,0.74169921875,0.19189453125,unknown
1713363155.14435,0.653564453125,0.7451171875,0.19775390625,unknown
1713363155.189543,0.651611328125,0.74365234375,0.19970703125,unknown
1713363155.225973,0.65673828125,0.741943359375,0.1982421875,unknown
1713363155.266204,0.65185546875,0.740478515625,0.19482421875,unknown
1713363155.303765,0.657470703125,0.7412109375,0.19384765625,unknown
1713363155.343329,0.653564453125,0.743408203125,0.19482421875,unknown
1713363155.384504,0.654296875,0.739501953125,0.193603515625,unknown
1713363155.428355,0.65380859375,0.74169921875,0.19580078125,unknown
1713363155.464108,0.655517578125,0.745849609375,0.197265625,unknown
1713363155.508698,0.65283203125,0.744384765625,0.194091796875,unknown
1713363155.551034,0.654296875,0.7421875,0.195556640625,unknown
1713363155.586248,0.654541015625,0.74072265625,0.1953125,unknown
1713363155.629749,0.652099609375,0.743896484375,0.1982421875,unknown
1713363155.666478,0.653076171875,0.745849609375,0.19921875,unknown
1713363155.707875,0.650146484375,0.744140625,0.19921875,unknown
1713363155.746195,0.6513671875,0.745361328125,0.197998046875,unknown
1713363155.787565,0.655029296875,0.746337890625,0.19775390625,unknown
1713363155.827373,0.64892578125,0.742919921875,0.194091796875,unknown
1713363155.870954,0.6513671875,0.7421875,0.197021484375,unknown
1713363155.911517,0.651611328125,0.743896484375,0.200927734375,unknown
1713363155.947675,0.651123046875,0.7490234375,0.19873046875,unknown
1713363155.983962,0.651611328125,0.7431640625,0.1953125,unknown
1713363156.026388,0.6494140625,0.7412109375,0.19677734375,unknown
1713363156.065014,0.650146484375,0.74365234375,0.201416015625,unknown
1713363156.105215,0.650390625,0.74755859375,0.201171875,unknown
1713363156.143694,0.653564453125,0.744873046875,0.19677734375,unknown
1713363156.18423,0.65380859375,0.741943359375,0.194580078125,unknown
1713363156.22827,0.65576171875,0.745849609375,0.193603515625,unknown
1713363156.265197,0.650390625,0.7412109375,0.19091796875,unknown
1713363156.305807,0.651123046875,0.739990234375,0.19189453125,unknown
1713363156.345995,0.6494140625,0.747314453125,0.19873046875,unknown
1713363156.386515,0.65380859375,0.74609375,0.195556640625,unknown
1713363156.432127,0.653564453125,0.74169921875,0.194580078125,unknown
1713363156.472754,0.655517578125,0.74560546875,0.19384765625,unknown
1713363156.509081,0.65380859375,0.741943359375,0.19775390625,unknown
1713363156.546151,0.652587890625,0.744873046875,0.197021484375,unknown
1713363156.585547,0.65087890625,0.742919921875,0.19921875,unknown
1713363156.623355,0.651611328125,0.742431640625,0.2001953125,unknown
1713363156.663293,0.654052734375,0.744873046875,0.197021484375,unknown
1713363156.705504,0.649658203125,0.73828125,0.191162109375,unknown
1713363156.748154,0.652587890625,0.742431640625,0.1943359375,unknown
1713363156.784336,0.65087890625,0.746337890625,0.19482421875,unknown
1713363156.825655,0.656494140625,0.74755859375,0.1953125,unknown
1713363156.870129,0.651611328125,0.74609375,0.193603515625,unknown
1713363156.912049,0.651123046875,0.7421875,0.197265625,unknown
1713363156.949301,0.652099609375,0.745361328125,0.19921875,unknown
1713363156.986344,0.650146484375,0.748046875,0.202392578125,unknown
1713363157.026546,0.65625,0.740234375,0.196533203125,unknown
1713363157.06798,0.652587890625,0.744384765625,0.19921875,unknown
1713363157.106209,0.65380859375,0.74609375,0.199462890625,unknown
1713363157.153223,0.6513671875,0.743896484375,0.195556640625,unknown
1713363157.187929,0.65234375,0.7421875,0.199951171875,unknown
1713363157.227769,0.6484375,0.74462890625,0.199462890625,unknown
1713363157.266872,0.651611328125,0.74462890625,0.197021484375,unknown
1713363157.303321,0.65087890625,0.74365234375,0.19677734375,unknown
1713363157.345404,0.6513671875,0.74365234375,0.197021484375,unknown
1713363157.384223,0.649169921875,0.74365234375,0.200439453125,unknown
1713363157.424365,0.655517578125,0.741943359375,0.199951171875,unknown
1713363157.468003,0.65380859375,0.742431640625,0.198486328125,unknown
1713363157.505245,0.651611328125,0.740478515625,0.19677734375,unknown
1713363157.545881,0.6533203125,0.741943359375,0.195068359375,unknown
1713363157.5875,0.653564453125,0.74169921875,0.194091796875,unknown
1713363157.626146,0.65380859375,0.74365234375,0.19482421875,unknown
1713363157.666112,0.64990234375,0.746337890625,0.198974609375,unknown
1713363157.711642,0.654541015625,0.74609375,0.197021484375,unknown
1713363157.746366,0.652587890625,0.7431640625,0.200439453125,unknown
1713363157.78715,0.648193359375,0.74169921875,0.20068359375,unknown
1713363157.827442,0.650390625,0.7412109375,0.2021484375,unknown
1713363157.865308,0.651611328125,0.745849609375,0.204833984375,unknown
1713363157.903991,0.65576171875,0.744873046875,0.201904296875,unknown
1713363157.945079,0.6484375,0.740234375,0.19970703125,unknown
1713363157.984155,0.65625,0.74609375,0.198486328125,unknown
1713363158.025675,0.65087890625,0.74365234375,0.196533203125,unknown
1713363158.065644,0.65185546875,0.742431640625,0.19482421875,unknown
1713363158.105499,0.656005859375,0.740966796875,0.19482421875,unknown
1713363158.151281,0.65869140625,0.73828125,0.192626953125,unknown
1713363158.190177,0.658447265625,0.739501953125,0.19873046875,unknown
1713363158.231048,0.65185546875,0.749755859375,0.200439453125,unknown
1713363158.268723,0.648193359375,0.745849609375,0.199462890625,unknown
1713363158.310222,0.641357421875,0.748779296875,0.201416015625,unknown
1713363158.347951,0.643798828125,0.74951171875,0.2109375,unknown
1713363158.388699,0.646484375,0.74365234375,0.203369140625,unknown
1713363158.427781,0.643310546875,0.742431640625,0.20361328125,unknown
1713363158.469355,0.65185546875,0.74853515625,0.1982421875,unknown
1713363158.507643,0.657958984375,0.74755859375,0.205322265625,unknown
1713363158.545248,0.651123046875,0.747314453125,0.207275390625,unknown
1713363158.585333,0.658447265625,0.73779296875,0.20751953125,unknown
1713363158.624332,0.64794921875,0.73291015625,0.220947265625,unknown
1713363158.664396,0.63818359375,0.735107421875,0.22607421875,unknown
1713363158.705677,0.65087890625,0.73974609375,0.220703125,unknown
1713363158.745486,0.655517578125,0.739013671875,0.223876953125,unknown
1713363158.786372,0.655517578125,0.733642578125,0.210693359375,unknown
1713363158.826617,0.65576171875,0.740966796875,0.2109375,unknown
1713363158.86573,0.654541015625,0.742431640625,0.23681640625,unknown
1713363158.907368,0.630126953125,0.748779296875,0.24755859375,unknown
1713363158.946446,0.62451171875,0.741455078125,0.236083984375,unknown
1713363158.986266,0.635009765625,0.740234375,0.228759765625,unknown
1713363159.032744,0.65087890625,0.743896484375,0.214111328125,unknown
1713363159.070748,0.609130859375,0.748046875,0.238037109375,unknown
1713363159.106141,0.622314453125,0.7412109375,0.233642578125,unknown
1713363159.150786,0.64453125,0.75341796875,0.22509765625,unknown
1713363159.185086,0.6435546875,0.776123046875,0.234130859375,unknown
1713363159.228808,0.656982421875,0.793701171875,0.244384765625,unknown
1713363159.270733,0.652099609375,0.7685546875,0.229248046875,unknown
1713363159.30879,0.639404296875,0.74951171875,0.203369140625,unknown
1713363159.351088,0.640380859375,0.74609375,0.207275390625,unknown
1713363159.388382,0.64599609375,0.77099609375,0.22265625,unknown
1713363159.429719,0.63427734375,0.759033203125,0.223876953125,unknown
1713363159.46834,0.630126953125,0.75537109375,0.24560546875,unknown
1713363159.50866,0.6220703125,0.7275390625,0.248291015625,unknown
1713363159.54707,0.62890625,0.73046875,0.246826171875,unknown
1713363159.588792,0.60791015625,0.738525390625,0.260009765625,unknown
1713363159.628203,0.624755859375,0.753173828125,0.275634765625,unknown
1713363159.667437,0.603515625,0.744384765625,0.302978515625,unknown
1713363159.709189,0.60302734375,0.749267578125,0.31689453125,unknown
1713363159.747658,0.580078125,0.750244140625,0.330322265625,unknown
1713363159.789026,0.57958984375,0.748046875,0.3173828125,unknown
1713363159.826395,0.6220703125,0.73876953125,0.31005859375,unknown
1713363159.867045,0.579833984375,0.736083984375,0.32177734375,unknown
1713363159.905035,0.59326171875,0.732177734375,0.3203125,unknown
1713363159.947103,0.566650390625,0.7353515625,0.357421875,unknown
1713363159.98592,0.506591796875,0.732666015625,0.38623046875,unknown
1713363160.02606,0.501708984375,0.755859375,0.418701171875,unknown
1713363160.066448,0.51953125,0.77001953125,0.44384765625,unknown
1713363160.106059,0.5078125,0.74560546875,0.4716796875,unknown
1713363160.150087,0.4951171875,0.72314453125,0.487548828125,unknown
1713363160.187739,0.49169921875,0.70068359375,0.4853515625,unknown
1713363160.22826,0.4990234375,0.70458984375,0.49853515625,unknown
1713363160.268213,0.515869140625,0.72119140625,0.5009765625,unknown
1713363160.317136,0.53955078125,0.73095703125,0.496826171875,unknown
1713363160.356439,0.549072265625,0.72802734375,0.490234375,unknown
1713363160.395883,0.537841796875,0.71484375,0.47607421875,unknown
1713363160.426144,0.513916015625,0.712646484375,0.470703125,unknown
1713363160.468455,0.532470703125,0.725830078125,0.459228515625,unknown
1713363160.514161,0.531005859375,0.725830078125,0.448486328125,unknown
1713363160.545055,0.522705078125,0.72802734375,0.45263671875,unknown
1713363160.591574,0.525634765625,0.7275390625,0.450927734375,unknown
1713363160.630311,0.52880859375,0.73779296875,0.45166015625,unknown
1713363160.670209,0.52880859375,0.7431640625,0.461181640625,unknown
1713363160.707394,0.52783203125,0.734619140625,0.4501953125,unknown
1713363160.747034,0.522705078125,0.736083984375,0.45703125,unknown
1713363160.789613,0.525390625,0.739990234375,0.46044921875,unknown
1713363160.829424,0.52734375,0.744384765625,0.443115234375,unknown
1713363160.868341,0.5263671875,0.74365234375,0.427978515625,unknown
1713363160.90927,0.514404296875,0.74072265625,0.43310546875,unknown
1713363160.94855,0.520263671875,0.742431640625,0.439697265625,unknown
1713363160.988704,0.51611328125,0.742919921875,0.444091796875,unknown
1713363161.031639,0.514404296875,0.750244140625,0.4423828125,unknown
1713363161.067764,0.520751953125,0.755615234375,0.43994140625,unknown
1713363161.108075,0.5224609375,0.746826171875,0.4267578125,unknown
1713363161.145988,0.52587890625,0.744384765625,0.429931640625,unknown
1713363161.186007,0.5263671875,0.745849609375,0.43505859375,unknown
1713363161.228338,0.526611328125,0.747802734375,0.432861328125,unknown
1713363161.268012,0.502685546875,0.74169921875,0.42724609375,unknown
1713363161.30626,0.524658203125,0.74609375,0.416015625,unknown
1713363161.349006,0.531494140625,0.738037109375,0.401611328125,unknown
1713363161.387677,0.52392578125,0.740478515625,0.427978515625,unknown
1713363161.428214,0.51318359375,0.74462890625,0.443115234375,unknown
1713363161.473186,0.523193359375,0.750244140625,0.45166015625,unknown
1713363161.51199,0.515625,0.7421875,0.44873046875,unknown
1713363161.550568,0.512451171875,0.738037109375,0.446533203125,unknown
1713363161.587999,0.503662109375,0.74169921875,0.451171875,unknown
1713363161.637204,0.514404296875,0.737060546875,0.4453125,unknown
1713363161.668263,0.531494140625,0.748046875,0.44677734375,unknown
1713363161.721421,0.50390625,0.745361328125,0.45849609375,unknown
1713363161.74731,0.5107421875,0.746337890625,0.463134765625,unknown
1713363161.796775,0.50634765625,0.745361328125,0.461181640625,unknown
1713363161.824988,0.50048828125,0.746337890625,0.454345703125,unknown
1713363161.867304,0.504638671875,0.7548828125,0.452392578125,unknown
1713363161.911552,0.50537109375,0.7509765625,0.441162109375,unknown
1713363161.953123,0.504638671875,0.74755859375,0.44384765625,unknown
1713363161.990146,0.507080078125,0.746337890625,0.441162109375,unknown
1713363162.028954,0.51025390625,0.751220703125,0.440185546875,unknown
1713363162.067107,0.505859375,0.748291015625,0.440185546875,unknown
1713363162.107557,0.503173828125,0.748779296875,0.44287109375,unknown
1713363162.148229,0.505126953125,0.7529296875,0.438232421875,unknown
1713363162.189835,0.505126953125,0.754638671875,0.44384765625,unknown
1713363162.231313,0.5009765625,0.74755859375,0.44482421875,unknown
1713363162.26799,0.499755859375,0.7509765625,0.4453125,unknown
1713363162.310114,0.506591796875,0.753173828125,0.443603515625,unknown
1713363162.34725,0.50439453125,0.753173828125,0.4482421875,unknown
1713363162.386832,0.5009765625,0.74658203125,0.449462890625,unknown
1713363162.426308,0.504150390625,0.75244140625,0.4501953125,unknown
1713363162.466464,0.503173828125,0.7578125,0.452392578125,unknown
1713363162.506916,0.49755859375,0.75244140625,0.4482421875,unknown
1713363162.547036,0.502685546875,0.74365234375,0.447509765625,unknown
1713363162.588712,0.505615234375,0.749755859375,0.44189453125,unknown
1713363162.627147,0.5048828125,0.743896484375,0.44482421875,unknown
1713363162.668126,0.5,0.747802734375,0.4501953125,unknown
1713363162.708358,0.494873046875,0.74853515625,0.458251953125,unknown
1713363162.750135,0.504638671875,0.756103515625,0.44873046875,unknown
1713363162.794862,0.509521484375,0.745361328125,0.44384765625,unknown
1713363162.831278,0.512451171875,0.742431640625,0.448486328125,unknown
1713363162.871603,0.512939453125,0.73974609375,0.451416015625,unknown
1713363162.909015,0.510498046875,0.734130859375,0.439697265625,unknown
1713363162.958336,0.509521484375,0.74609375,0.4501953125,unknown
1713363162.98894,0.49658203125,0.75048828125,0.457275390625,unknown
1713363163.039609,0.514404296875,0.75244140625,0.45361328125,unknown
1713363163.067811,0.5048828125,0.74560546875,0.436279296875,unknown
1713363163.123147,0.5107421875,0.742919921875,0.430908203125,unknown
1713363163.153507,0.5146484375,0.75146484375,0.440673828125,unknown
1713363163.189786,0.51025390625,0.749267578125,0.4404296875,unknown
1713363163.23054,0.505859375,0.754150390625,0.44775390625,unknown
1713363163.279919,0.52099609375,0.74658203125,0.4404296875,unknown
1713363163.310092,0.51904296875,0.740234375,0.4375,unknown
1713363163.358116,0.5107421875,0.7431640625,0.439208984375,unknown
1713363163.397741,0.515869140625,0.74658203125,0.435546875,unknown
1713363163.437666,0.513671875,0.74755859375,0.431640625,unknown
1713363163.475022,0.5107421875,0.75,0.435302734375,unknown
1713363163.512804,0.509765625,0.750732421875,0.4365234375,unknown
1713363163.551542,0.511474609375,0.750732421875,0.441650390625,unknown
1713363163.594034,0.51171875,0.748291015625,0.440673828125,unknown
1713363163.637322,0.517822265625,0.746826171875,0.4384765625,unknown
1713363163.678568,0.517822265625,0.74462890625,0.439453125,unknown
1713363163.708086,0.509765625,0.7470703125,0.4423828125,unknown
1713363163.755837,0.517578125,0.744873046875,0.437744140625,unknown
1713363163.79354,0.509033203125,0.752685546875,0.4375,unknown
1713363163.834445,0.518798828125,0.753662109375,0.433837890625,unknown
1713363163.871167,0.517822265625,0.74462890625,0.42626953125,unknown
1713363163.910499,0.509521484375,0.747314453125,0.4287109375,unknown
1713363163.95203,0.5146484375,0.7509765625,0.441162109375,unknown
1713363163.99252,0.52197265625,0.74462890625,0.4365234375,unknown
1713363164.031372,0.511474609375,0.742919921875,0.43212890625,unknown
1713363164.075106,0.51904296875,0.74658203125,0.43896484375,unknown
1713363164.111971,0.5087890625,0.747802734375,0.44091796875,unknown
1713363164.15118,0.5126953125,0.749755859375,0.434814453125,unknown
1713363164.192858,0.5166015625,0.7490234375,0.429931640625,unknown
1713363164.233604,0.512451171875,0.754638671875,0.431396484375,unknown
1713363164.27297,0.513916015625,0.7548828125,0.4365234375,unknown
1713363164.312767,0.510498046875,0.748291015625,0.4345703125,unknown
1713363164.350941,0.514404296875,0.74609375,0.4345703125,unknown
1713363164.390853,0.50634765625,0.74951171875,0.436279296875,unknown
1713363164.436308,0.501953125,0.753662109375,0.4423828125,unknown
1713363164.472532,0.51416015625,0.75830078125,0.4375,unknown
1713363164.513074,0.51416015625,0.7548828125,0.435791015625,unknown
1713363164.554913,0.510986328125,0.756591796875,0.44140625,unknown
1713363164.599638,0.52685546875,0.75244140625,0.433837890625,unknown
1713363164.63291,0.510498046875,0.749267578125,0.427490234375,unknown
1713363164.683688,0.512939453125,0.75830078125,0.425048828125,unknown
1713363164.712014,0.51171875,0.75244140625,0.41748046875,unknown
1713363164.760856,0.520263671875,0.75634765625,0.426513671875,unknown
1713363164.798308,0.500244140625,0.74755859375,0.43017578125,unknown
1713363164.841099,0.516357421875,0.755859375,0.445556640625,unknown
1713363164.875173,0.512451171875,0.750244140625,0.43505859375,unknown
1713363164.929522,0.51953125,0.75244140625,0.427490234375,unknown
1713363164.954415,0.507568359375,0.759765625,0.435546875,unknown
1713363165.00118,0.506103515625,0.755126953125,0.428466796875,unknown
1713363165.032894,0.5244140625,0.74951171875,0.42236328125,unknown
1713363165.08302,0.512451171875,0.750244140625,0.419677734375,unknown
1713363165.111987,0.5078125,0.753662109375,0.427490234375,unknown
1713363165.16049,0.500244140625,0.760009765625,0.43505859375,unknown
1713363165.198393,0.497314453125,0.7578125,0.4443359375,unknown
1713363165.237972,0.509033203125,0.7568359375,0.43994140625,unknown
1713363165.275161,0.507080078125,0.755126953125,0.445068359375,unknown
1713363165.314149,0.509765625,0.7509765625,0.444580078125,unknown
1713363165.35484,0.509521484375,0.761474609375,0.4423828125,unknown
1713363165.395219,0.496826171875,0.75341796875,0.432373046875,unknown
1713363165.43528,0.51513671875,0.7509765625,0.415283203125,unknown
1713363165.475023,0.51220703125,0.757568359375,0.414794921875,unknown
1713363165.516993,0.51708984375,0.765625,0.41455078125,unknown
1713363165.554938,0.524658203125,0.765869140625,0.421630859375,unknown
1713363165.596655,0.502685546875,0.76171875,0.423583984375,unknown
1713363165.636221,0.516845703125,0.748046875,0.416259765625,unknown
1713363165.67485,0.5166015625,0.746337890625,0.430908203125,unknown
1713363165.717108,0.49951171875,0.752685546875,0.442138671875,unknown
1713363165.753055,0.500732421875,0.755126953125,0.43896484375,unknown
1713363165.794288,0.512939453125,0.753662109375,0.422607421875,unknown
1713363165.833861,0.508544921875,0.76416015625,0.4189453125,unknown
1713363165.874775,0.50390625,0.76318359375,0.423095703125,unknown
1713363165.914089,0.498291015625,0.7666015625,0.427001953125,unknown
1713363165.957824,0.502197265625,0.76123046875,0.423095703125,unknown
1713363165.997703,0.5029296875,0.7587890625,0.4267578125,unknown
1713363166.035325,0.512939453125,0.75634765625,0.423828125,unknown
1713363166.074906,0.510009765625,0.76025390625,0.431396484375,unknown
1713363166.115258,0.505615234375,0.77001953125,0.43603515625,unknown
1713363166.170973,0.505615234375,0.76171875,0.4208984375,unknown
1713363166.195911,0.502685546875,0.756103515625,0.423583984375,unknown
1713363166.240306,0.505615234375,0.763671875,0.431396484375,unknown
1713363166.278376,0.50341796875,0.766357421875,0.433349609375,unknown
1713363166.317146,0.50830078125,0.764404296875,0.427734375,unknown
1713363166.352854,0.5185546875,0.76318359375,0.42236328125,unknown
1713363166.394885,0.523681640625,0.767333984375,0.417236328125,unknown
1713363166.43461,0.505615234375,0.771484375,0.42236328125,unknown
1713363166.485094,0.5,0.78125,0.431640625,unknown
1713363166.514872,0.5009765625,0.784423828125,0.438232421875,unknown
1713363166.56264,0.527587890625,0.77978515625,0.421875,unknown
1713363166.599069,0.505126953125,0.742431640625,0.3935546875,unknown
1713363166.639324,0.540771484375,0.736328125,0.37744140625,unknown
1713363166.678446,0.5283203125,0.736572265625,0.3759765625,unknown
1713363166.717533,0.54541015625,0.74658203125,0.412353515625,unknown
1713363166.75785,0.5283203125,0.739990234375,0.4462890625,unknown
1713363166.796354,0.512451171875,0.7333984375,0.4677734375,unknown
1713363166.838327,0.50244140625,0.747314453125,0.487548828125,unknown
1713363166.877723,0.48388671875,0.739501953125,0.460205078125,unknown
1713363166.916921,0.513671875,0.73876953125,0.441162109375,unknown
1713363166.957152,0.525634765625,0.720458984375,0.41357421875,unknown
1713363166.997659,0.563232421875,0.7236328125,0.3916015625,unknown
1713363167.040342,0.56884765625,0.717529296875,0.40869140625,unknown
1713363167.076128,0.543701171875,0.7412109375,0.393798828125,unknown
1713363167.11652,0.572021484375,0.744140625,0.364501953125,unknown
1713363167.158013,0.572265625,0.761962890625,0.345458984375,unknown
1713363167.198203,0.576171875,0.74853515625,0.3408203125,unknown
1713363167.237396,0.576416015625,0.740478515625,0.360107421875,unknown
1713363167.278177,0.556884765625,0.73974609375,0.38037109375,unknown
1713363167.318063,0.551025390625,0.734375,0.38232421875,unknown
1713363167.357086,0.569091796875,0.74365234375,0.411865234375,unknown
1713363167.403395,0.582763671875,0.725341796875,0.3984375,unknown
1713363167.441844,0.57177734375,0.718994140625,0.404541015625,unknown
1713363167.478921,0.57958984375,0.726318359375,0.400634765625,unknown
1713363167.519876,0.583251953125,0.73291015625,0.4033203125,unknown
1713363167.558885,0.597412109375,0.729736328125,0.393798828125,unknown
1713363167.600105,0.60693359375,0.718994140625,0.392578125,unknown
1713363167.637085,0.596923828125,0.720458984375,0.382080078125,unknown
1713363167.680041,0.6044921875,0.7197265625,0.387939453125,unknown
1713363167.718068,0.588623046875,0.709228515625,0.388916015625,unknown
1713363167.756826,0.58056640625,0.710693359375,0.39599609375,unknown
1713363167.797556,0.58740234375,0.72314453125,0.39453125,unknown
1713363167.841966,0.5849609375,0.7177734375,0.384521484375,unknown
1713363167.879683,0.57275390625,0.722412109375,0.3974609375,unknown
1713363167.917971,0.578125,0.728271484375,0.3984375,unknown
1713363167.960433,0.56884765625,0.7275390625,0.399169921875,unknown
1713363167.997866,0.5693359375,0.726318359375,0.402099609375,unknown
1713363168.040653,0.5703125,0.728271484375,0.396728515625,unknown
1713363168.07882,0.568359375,0.726318359375,0.399169921875,unknown
1713363168.120317,0.566162109375,0.732177734375,0.3994140625,unknown
1713363168.160029,0.566650390625,0.73388671875,0.39501953125,unknown
1713363168.200895,0.57373046875,0.73681640625,0.396240234375,unknown
1713363168.241018,0.56396484375,0.73291015625,0.39501953125,unknown
1713363168.282527,0.569580078125,0.73486328125,0.390625,unknown
1713363168.320534,0.574462890625,0.734130859375,0.390869140625,unknown
1713363168.3588,0.57421875,0.739013671875,0.390380859375,unknown
1713363168.401422,0.5693359375,0.732177734375,0.390869140625,unknown
1713363168.438923,0.57275390625,0.731201171875,0.38037109375,unknown
1713363168.480582,0.573486328125,0.73486328125,0.383544921875,unknown
1713363168.523966,0.575439453125,0.739013671875,0.381591796875,unknown
1713363168.561734,0.573486328125,0.732421875,0.387939453125,unknown
1713363168.600853,0.567626953125,0.734375,0.39697265625,unknown
1713363168.653704,0.571533203125,0.738037109375,0.401123046875,unknown
1713363168.684615,0.57177734375,0.735595703125,0.39208984375,unknown
1713363168.73463,0.56982421875,0.736083984375,0.38916015625,unknown
1713363168.760963,0.573974609375,0.732666015625,0.38720703125,unknown
1713363168.804308,0.572021484375,0.731689453125,0.3896484375,unknown
1713363168.842561,0.5673828125,0.728759765625,0.393798828125,unknown
1713363168.88173,0.57275390625,0.732177734375,0.392333984375,unknown
1713363168.923307,0.568359375,0.730224609375,0.393798828125,unknown
1713363168.961055,0.5693359375,0.73046875,0.393310546875,unknown
1713363169.000845,0.576904296875,0.730224609375,0.39111328125,unknown
1713363169.040783,0.572509765625,0.729248046875,0.397216796875,unknown
1713363169.083513,0.572021484375,0.72900390625,0.3994140625,unknown
1713363169.12114,0.5703125,0.725830078125,0.396240234375,unknown
1713363169.160965,0.5703125,0.72900390625,0.3955078125,unknown
1713363169.201079,0.566650390625,0.7353515625,0.3984375,unknown
1713363169.243288,0.57470703125,0.729248046875,0.39599609375,unknown
1713363169.28196,0.57275390625,0.728271484375,0.391845703125,unknown
1713363169.322251,0.58251953125,0.728515625,0.392578125,unknown
1713363169.363045,0.579833984375,0.723388671875,0.384521484375,unknown
1713363169.402834,0.57861328125,0.734375,0.391357421875,unknown
1713363169.441973,0.56640625,0.735107421875,0.3955078125,unknown
1713363169.483163,0.57080078125,0.731689453125,0.390625,unknown
1713363169.522957,0.570068359375,0.728515625,0.383056640625,unknown
1713363169.565382,0.572265625,0.73193359375,0.389404296875,unknown
1713363169.603539,0.576171875,0.734130859375,0.38720703125,unknown
1713363169.641878,0.577880859375,0.732421875,0.385986328125,unknown
1713363169.68358,0.57763671875,0.726318359375,0.383544921875,unknown
1713363169.721016,0.578125,0.728515625,0.38623046875,unknown
1713363169.762554,0.576416015625,0.732177734375,0.3857421875,unknown
1713363169.802161,0.572265625,0.73828125,0.386962890625,unknown
1713363169.842697,0.57177734375,0.7314453125,0.384521484375,unknown
1713363169.881757,0.569580078125,0.732666015625,0.38818359375,unknown
1713363169.923642,0.570556640625,0.73388671875,0.387939453125,unknown
1713363169.962886,0.571044921875,0.734130859375,0.38427734375,unknown
1713363170.006148,0.5712890625,0.744384765625,0.38671875,unknown
1713363170.046728,0.56982421875,0.748779296875,0.392578125,unknown
1713363170.088699,0.563720703125,0.745361328125,0.3818359375,unknown
1713363170.124709,0.56298828125,0.75439453125,0.39208984375,unknown
1713363170.166268,0.60791015625,0.71875,0.367919921875,unknown
1713363170.204538,0.58837890625,0.702392578125,0.364501953125,unknown
1713363170.244009,0.618896484375,0.697509765625,0.374755859375,unknown
1713363170.286424,0.579833984375,0.699462890625,0.403564453125,unknown
1713363170.329255,0.559326171875,0.713623046875,0.4296875,unknown
1713363170.363189,0.54736328125,0.731201171875,0.440673828125,unknown
1713363170.42294,0.55322265625,0.72119140625,0.4208984375,unknown
1713363170.445528,0.549072265625,0.723876953125,0.41455078125,unknown
1713363170.486391,0.553466796875,0.73291015625,0.432861328125,unknown
1713363170.523188,0.5302734375,0.739990234375,0.427978515625,unknown
1713363170.563749,0.531982421875,0.7470703125,0.42626953125,unknown
1713363170.604109,0.539794921875,0.73876953125,0.4169921875,unknown
1713363170.655437,0.537841796875,0.741943359375,0.425537109375,unknown
1713363170.684745,0.548828125,0.748291015625,0.41845703125,unknown
1713363170.733708,0.553955078125,0.7373046875,0.400146484375,unknown
1713363170.769936,0.573974609375,0.73828125,0.39599609375,unknown
1713363170.805706,0.567626953125,0.72509765625,0.40234375,unknown
1713363170.847935,0.564208984375,0.732421875,0.41943359375,unknown
1713363170.887951,0.587158203125,0.7197265625,0.39892578125,unknown
1713363170.92513,0.56494140625,0.722412109375,0.40966796875,unknown
1713363170.966059,0.560791015625,0.72265625,0.40087890625,unknown
1713363171.004289,0.565673828125,0.736083984375,0.397216796875,unknown
