ts,x_ear,y_ear,z_ear,label
1714063909.240911,-0.926513671875,0.37890625,0.180908203125,unknown
1714063909.240987,-0.925537109375,0.378662109375,0.1787109375,unknown
1714063909.283999,-0.9287109375,0.37939453125,0.178955078125,unknown
1714063909.328788,-0.92822265625,0.37744140625,0.180419921875,unknown
1714063909.364863,-0.921875,0.3798828125,0.177001953125,unknown
1714063909.405323,-0.919921875,0.379150390625,0.179931640625,unknown
1714063909.443859,-0.92041015625,0.374267578125,0.181884765625,unknown
1714063909.48208,-0.925537109375,0.378173828125,0.18115234375,unknown
1714063909.523142,-0.92333984375,0.37646484375,0.1767578125,unknown
1714063909.567777,-0.92333984375,0.378173828125,0.17919921875,unknown
1714063909.604174,-0.926513671875,0.37744140625,0.181396484375,unknown
1714063909.664741,-0.923095703125,0.377197265625,0.181640625,unknown
1714063909.68558,-0.919677734375,0.37939453125,0.17822265625,unknown
1714063909.795475,-0.919677734375,0.377197265625,0.1796875,unknown
1714063909.795567,-0.92333984375,0.380126953125,0.17919921875,unknown
1714063909.823385,-0.926513671875,0.381103515625,0.1806640625,unknown
1714063909.851812,-0.923828125,0.37744140625,0.180419921875,unknown
1714063909.881912,-0.927978515625,0.38037109375,0.179443359375,unknown
1714063909.934682,-0.928466796875,0.37744140625,0.18017578125,unknown
1714063909.964145,-0.92333984375,0.37744140625,0.179443359375,unknown
1714063910.002062,-0.919921875,0.378173828125,0.180419921875,unknown
1714063910.042396,-0.924560546875,0.37841796875,0.1806640625,unknown
1714063910.089476,-0.92529296875,0.377685546875,0.178955078125,unknown
1714063910.131637,-0.9248046875,0.379150390625,0.180419921875,unknown
1714063910.169241,-0.92333984375,0.378662109375,0.181640625,unknown
1714063910.207131,-0.926513671875,0.38037109375,0.180908203125,unknown
1714063910.242559,-0.9248046875,0.381103515625,0.17919921875,unknown
1714063910.286104,-0.92138671875,0.376708984375,0.179443359375,unknown
1714063910.32119,-0.926025390625,0.380126953125,0.179443359375,unknown
1714063910.370032,-0.92724609375,0.3798828125,0.1787109375,unknown
1714063910.407586,-0.92236328125,0.376708984375,0.179443359375,unknown
1714063910.446288,-0.919189453125,0.37890625,0.178955078125,unknown
1714063910.486165,-0.925048828125,0.380859375,0.180419921875,unknown
1714063910.527385,-0.926025390625,0.37646484375,0.181396484375,unknown
1714063910.56739,-0.919677734375,0.380126953125,0.180419921875,unknown
1714063910.603674,-0.9189453125,0.379150390625,0.183349609375,unknown
1714063910.642948,-0.920654296875,0.379638671875,0.184326171875,unknown
1714063910.685992,-0.92431640625,0.38134765625,0.184814453125,unknown
1714063910.728274,-0.925537109375,0.376708984375,0.181640625,unknown
1714063910.762751,-0.92578125,0.3779296875,0.1796875,unknown
1714063910.804215,-0.923583984375,0.37841796875,0.1806640625,unknown
1714063910.84376,-0.92626953125,0.3798828125,0.180908203125,unknown
1714063910.887499,-0.922119140625,0.3779296875,0.18017578125,unknown
1714063910.923189,-0.91943359375,0.376708984375,0.1787109375,unknown
1714063910.963111,-0.9287109375,0.37841796875,0.18359375,unknown
1714063911.002564,-0.923828125,0.377197265625,0.18115234375,unknown
1714063911.043509,-0.921875,0.377197265625,0.18017578125,unknown
1714063911.080042,-0.93115234375,0.378173828125,0.18115234375,unknown
1714063911.125393,-0.93310546875,0.383056640625,0.1787109375,unknown
1714063911.166214,-0.922607421875,0.37841796875,0.1767578125,unknown
1714063911.202257,-0.9111328125,0.3779296875,0.176025390625,unknown
1714063911.242559,-0.914794921875,0.378662109375,0.18017578125,unknown
1714063911.282407,-0.92138671875,0.377685546875,0.18359375,unknown
1714063911.323771,-0.92431640625,0.378662109375,0.179443359375,unknown
1714063911.362196,-0.927490234375,0.3779296875,0.177001953125,unknown
1714063911.402832,-0.92626953125,0.377685546875,0.17919921875,unknown
1714063911.443211,-0.923828125,0.381103515625,0.181884765625,unknown
1714063911.485923,-0.92041015625,0.379150390625,0.183349609375,unknown
1714063911.524691,-0.92138671875,0.380615234375,0.18115234375,unknown
1714063911.566264,-0.923583984375,0.3798828125,0.18017578125,unknown
1714063911.613133,-0.919677734375,0.37890625,0.179931640625,unknown
1714063911.640381,-0.918701171875,0.377197265625,0.17578125,unknown
1714063911.688598,-0.93017578125,0.378662109375,0.18115234375,unknown
1714063911.724763,-0.93212890625,0.3779296875,0.17724609375,unknown
1714063911.762666,-0.92919921875,0.380859375,0.178955078125,unknown
1714063911.802109,-0.9248046875,0.37548828125,0.18017578125,unknown
1714063911.848825,-0.931884765625,0.37744140625,0.18212890625,unknown
1714063911.885526,-0.931640625,0.380615234375,0.178955078125,unknown
1714063911.924362,-0.920166015625,0.379150390625,0.18115234375,unknown
1714063911.964098,-0.91552734375,0.37939453125,0.177978515625,unknown
1714063912.003125,-0.912841796875,0.378173828125,0.181884765625,unknown
1714063912.044637,-0.912109375,0.377685546875,0.18359375,unknown
1714063912.084748,-0.920166015625,0.379638671875,0.181640625,unknown
1714063912.124172,-0.926025390625,0.376953125,0.179931640625,unknown
1714063912.167853,-0.92724609375,0.37646484375,0.179443359375,unknown
1714063912.204862,-0.939208984375,0.379150390625,0.17919921875,unknown
1714063912.243067,-0.951904296875,0.376708984375,0.178955078125,unknown
1714063912.282081,-0.942138671875,0.37841796875,0.17822265625,unknown
1714063912.322209,-0.923095703125,0.3798828125,0.176513671875,unknown
1714063912.362785,-0.903076171875,0.37939453125,0.177734375,unknown
1714063912.402857,-0.898681640625,0.379150390625,0.17822265625,unknown
1714063912.44912,-0.900390625,0.37646484375,0.17724609375,unknown
1714063912.486984,-0.902587890625,0.371826171875,0.16552734375,unknown
1714063912.523094,-0.9150390625,0.378662109375,0.175537109375,unknown
1714063912.568936,-0.949951171875,0.37939453125,0.178955078125,unknown
1714063912.608952,-0.96728515625,0.376708984375,0.1728515625,unknown
1714063912.6475,-0.96240234375,0.38037109375,0.175048828125,unknown
1714063912.687471,-0.944091796875,0.38232421875,0.175048828125,unknown
1714063912.726476,-0.931396484375,0.37744140625,0.171875,unknown
1714063912.767297,-0.903564453125,0.378173828125,0.181884765625,unknown
1714063912.805843,-0.87939453125,0.37744140625,0.179443359375,unknown
1714063912.847142,-0.8896484375,0.378662109375,0.17919921875,unknown
1714063912.887686,-0.899658203125,0.376953125,0.18017578125,unknown
1714063912.925856,-0.915283203125,0.37646484375,0.17919921875,unknown
1714063912.967065,-0.94287109375,0.37890625,0.1806640625,unknown
1714063913.004174,-0.947265625,0.379150390625,0.179443359375,unknown
1714063913.045475,-0.940673828125,0.378662109375,0.178466796875,unknown
1714063913.08532,-0.92919921875,0.37939453125,0.175537109375,unknown
1714063913.126425,-0.92236328125,0.37939453125,0.178955078125,unknown
1714063913.165319,-0.92919921875,0.376220703125,0.180419921875,unknown
1714063913.207673,-0.922119140625,0.379150390625,0.179443359375,unknown
1714063913.246286,-0.9365234375,0.37890625,0.166015625,unknown
1714063913.287442,-0.917236328125,0.371826171875,0.170166015625,unknown
1714063913.327198,-0.935791015625,0.381591796875,0.17529296875,unknown
1714063913.367212,-0.958740234375,0.3798828125,0.181396484375,unknown
1714063913.40932,-0.970458984375,0.378662109375,0.17822265625,unknown
1714063913.450897,-0.960205078125,0.377197265625,0.18017578125,unknown
1714063913.487236,-0.937255859375,0.3828125,0.17431640625,unknown
1714063913.532185,-0.91455078125,0.37841796875,0.17578125,unknown
1714063913.566784,-0.896484375,0.3740234375,0.1748046875,unknown
1714063913.605428,-0.892822265625,0.3828125,0.18212890625,unknown
1714063913.647845,-0.900146484375,0.379638671875,0.18310546875,unknown
1714063913.685678,-0.909423828125,0.375244140625,0.179443359375,unknown
1714063913.733874,-0.9150390625,0.380859375,0.18408203125,unknown
1714063913.766802,-0.92919921875,0.37890625,0.180419921875,unknown
1714063913.807194,-0.9365234375,0.3798828125,0.174560546875,unknown
1714063913.847375,-0.9423828125,0.376953125,0.17919921875,unknown
1714063913.88764,-0.937744140625,0.379150390625,0.1796875,unknown
1714063913.927136,-0.93359375,0.378173828125,0.179443359375,unknown
1714063913.968043,-0.926513671875,0.37890625,0.17822265625,unknown
1714063914.016552,-0.919921875,0.382080078125,0.179443359375,unknown
1714063914.047742,-0.91845703125,0.3779296875,0.175537109375,unknown
1714063914.09126,-0.91796875,0.379150390625,0.177734375,unknown
1714063914.129681,-0.9189453125,0.380126953125,0.1806640625,unknown
1714063914.181199,-0.92236328125,0.379638671875,0.178955078125,unknown
1714063914.209642,-0.9208984375,0.3759765625,0.177734375,unknown
1714063914.261422,-0.92236328125,0.3759765625,0.1796875,unknown
1714063914.287123,-0.92236328125,0.379150390625,0.17919921875,unknown
1714063914.336156,-0.918701171875,0.37890625,0.179931640625,unknown
1714063914.373738,-0.92138671875,0.3798828125,0.17919921875,unknown
1714063914.411802,-0.92919921875,0.3798828125,0.1796875,unknown
1714063914.451417,-0.938720703125,0.37939453125,0.18212890625,unknown
1714063914.488307,-0.93017578125,0.376953125,0.177978515625,unknown
1714063914.530026,-0.92724609375,0.3779296875,0.17626953125,unknown
1714063914.5696,-0.925048828125,0.37744140625,0.1787109375,unknown
1714063914.609207,-0.920166015625,0.378173828125,0.18115234375,unknown
1714063914.652126,-0.912353515625,0.3779296875,0.179443359375,unknown
1714063914.69285,-0.916259765625,0.377685546875,0.177490234375,unknown
1714063914.729526,-0.92529296875,0.380126953125,0.17919921875,unknown
1714063914.770957,-0.927490234375,0.379638671875,0.17919921875,unknown
1714063914.811277,-0.92724609375,0.37646484375,0.177978515625,unknown
1714063914.856006,-0.930419921875,0.379638671875,0.177490234375,unknown
1714063914.890018,-0.9326171875,0.379638671875,0.17626953125,unknown
1714063914.928502,-0.923095703125,0.37841796875,0.177734375,unknown
1714063914.968637,-0.914794921875,0.378173828125,0.181396484375,unknown
1714063915.007089,-0.912353515625,0.3818359375,0.177734375,unknown
1714063915.051732,-0.919921875,0.37744140625,0.1787109375,unknown
1714063915.091628,-0.922119140625,0.381103515625,0.180908203125,unknown
1714063915.183311,-0.92529296875,0.377685546875,0.181640625,unknown
1714063915.214602,-0.927490234375,0.376220703125,0.178955078125,unknown
1714063915.214625,-0.9248046875,0.37841796875,0.17919921875,unknown
1714063915.249098,-0.918701171875,0.38037109375,0.1826171875,unknown
1714063915.292521,-0.919677734375,0.376953125,0.1787109375,unknown
1714063915.330318,-0.921875,0.380126953125,0.177001953125,unknown
1714063915.381706,-0.92138671875,0.376708984375,0.17822265625,unknown
1714063915.418027,-0.9375,0.37646484375,0.17626953125,unknown
1714063915.458768,-0.945556640625,0.37744140625,0.180419921875,unknown
1714063915.496094,-0.94775390625,0.37890625,0.1787109375,unknown
1714063915.537069,-0.9345703125,0.380859375,0.17578125,unknown
1714063915.56724,-0.9130859375,0.3798828125,0.180908203125,unknown
1714063915.608696,-0.903076171875,0.3818359375,0.178466796875,unknown
1714063915.657967,-0.901611328125,0.380615234375,0.181396484375,unknown
1714063915.696272,-0.90185546875,0.378173828125,0.1845703125,unknown
1714063915.734477,-0.91162109375,0.3779296875,0.17822265625,unknown
1714063915.773799,-0.930419921875,0.380126953125,0.183349609375,unknown
1714063915.815788,-0.94140625,0.380615234375,0.1806640625,unknown
1714063915.858319,-0.939208984375,0.38037109375,0.1787109375,unknown
1714063915.896386,-0.931640625,0.37890625,0.18017578125,unknown
1714063915.93769,-0.925537109375,0.37646484375,0.179443359375,unknown
1714063915.977265,-0.91943359375,0.379638671875,0.180419921875,unknown
1714063916.013214,-0.913330078125,0.37890625,0.183349609375,unknown
1714063916.058246,-0.915771484375,0.378173828125,0.178466796875,unknown
1714063916.098211,-0.923095703125,0.3779296875,0.1796875,unknown
1714063916.130106,-0.933837890625,0.37841796875,0.181396484375,unknown
1714063916.176276,-0.929443359375,0.3779296875,0.177001953125,unknown
1714063916.210072,-0.925048828125,0.377197265625,0.177734375,unknown
1714063916.263247,-0.92578125,0.378662109375,0.178466796875,unknown
1714063916.289716,-0.920654296875,0.37841796875,0.1796875,unknown
1714063916.343235,-0.916015625,0.37890625,0.17724609375,unknown
1714063916.377908,-0.920166015625,0.375732421875,0.180908203125,unknown
1714063916.410614,-0.922607421875,0.378173828125,0.180419921875,unknown
1714063916.451158,-0.92138671875,0.37841796875,0.18115234375,unknown
1714063916.490951,-0.923583984375,0.377685546875,0.18359375,unknown
1714063916.531417,-0.92626953125,0.3798828125,0.180908203125,unknown
1714063916.57233,-0.926513671875,0.37890625,0.180419921875,unknown
1714063916.611867,-0.926025390625,0.3779296875,0.180419921875,unknown
1714063916.651098,-0.9248046875,0.377197265625,0.177734375,unknown
1714063916.691236,-0.910888671875,0.377197265625,0.189697265625,unknown
1714063916.733245,-0.940185546875,0.37939453125,0.19091796875,unknown
1714063916.773956,-0.9345703125,0.3740234375,0.19580078125,unknown
1714063916.811644,-0.908203125,0.38525390625,0.188720703125,unknown
1714063916.85547,-0.91650390625,0.380859375,0.185546875,unknown
1714063916.889317,-0.92919921875,0.37646484375,0.179443359375,unknown
1714063916.930655,-0.929931640625,0.37841796875,0.1767578125,unknown
1714063916.972027,-0.93359375,0.379150390625,0.180419921875,unknown
1714063917.011885,-0.931396484375,0.37548828125,0.17822265625,unknown
1714063917.051119,-0.92333984375,0.38037109375,0.180908203125,unknown
1714063917.093165,-0.921630859375,0.380859375,0.18310546875,unknown
1714063917.13625,-0.917724609375,0.378173828125,0.179931640625,unknown
1714063917.179583,-0.91064453125,0.37841796875,0.177734375,unknown
1714063917.212756,-0.925048828125,0.377685546875,0.182373046875,unknown
1714063917.257048,-0.9287109375,0.3740234375,0.181396484375,unknown
1714063917.293913,-0.924072265625,0.37744140625,0.179931640625,unknown
1714063917.345783,-0.92138671875,0.37939453125,0.1806640625,unknown
1714063917.374146,-0.924072265625,0.381103515625,0.177734375,unknown
1714063917.413296,-0.92333984375,0.376708984375,0.180419921875,unknown
1714063917.455098,-0.91943359375,0.37744140625,0.179443359375,unknown
1714063917.492284,-0.9228515625,0.37890625,0.177490234375,unknown
1714063917.53182,-0.917724609375,0.375244140625,0.1767578125,unknown
1714063917.570277,-0.921142578125,0.3798828125,0.18017578125,unknown
1714063917.612644,-0.927001953125,0.378662109375,0.180908203125,unknown
1714063917.657798,-0.92822265625,0.377197265625,0.1796875,unknown
1714063917.698477,-0.92626953125,0.376708984375,0.177490234375,unknown
1714063917.733533,-0.927978515625,0.37939453125,0.17578125,unknown
1714063917.772356,-0.9365234375,0.378173828125,0.177490234375,unknown
1714063917.81298,-0.930908203125,0.379150390625,0.1787109375,unknown
1714063917.853199,-0.923828125,0.374755859375,0.1748046875,unknown
1714063917.893398,-0.91552734375,0.377197265625,0.177734375,unknown
1714063917.937544,-0.911376953125,0.378662109375,0.176025390625,unknown
1714063917.973442,-0.914306640625,0.3798828125,0.1748046875,unknown
1714063918.024772,-0.9150390625,0.3779296875,0.17822265625,unknown
1714063918.061679,-0.9228515625,0.37939453125,0.179443359375,unknown
1714063918.095821,-0.92724609375,0.3779296875,0.17333984375,unknown
1714063918.136667,-0.93359375,0.3759765625,0.178466796875,unknown
1714063918.174058,-0.929931640625,0.37939453125,0.17822265625,unknown
1714063918.211953,-0.92236328125,0.37890625,0.17626953125,unknown
1714063918.25209,-0.91796875,0.377685546875,0.1806640625,unknown
1714063918.292745,-0.9267578125,0.37939453125,0.183837890625,unknown
1714063918.332515,-0.927734375,0.37841796875,0.1865234375,unknown
1714063918.378775,-0.91943359375,0.377197265625,0.173095703125,unknown
1714063918.413828,-0.91796875,0.37744140625,0.176513671875,unknown
1714063918.466606,-0.92626953125,0.3779296875,0.183837890625,unknown
1714063918.493299,-0.923095703125,0.3779296875,0.18017578125,unknown
1714063918.540021,-0.921875,0.380126953125,0.181396484375,unknown
1714063918.57666,-0.923828125,0.37744140625,0.1806640625,unknown
1714063918.616717,-0.928466796875,0.378662109375,0.177001953125,unknown
1714063918.656628,-0.927001953125,0.376953125,0.178955078125,unknown
1714063918.698909,-0.929931640625,0.378173828125,0.1748046875,unknown
1714063918.736298,-0.92041015625,0.3759765625,0.177978515625,unknown
1714063918.774651,-0.9208984375,0.378662109375,0.183349609375,unknown
1714063918.814319,-0.91943359375,0.3798828125,0.17919921875,unknown
1714063918.856172,-0.9189453125,0.37939453125,0.178466796875,unknown
1714063918.892309,-0.925048828125,0.37841796875,0.180419921875,unknown
1714063918.933101,-0.92431640625,0.376953125,0.180419921875,unknown
1714063918.979104,-0.926025390625,0.37744140625,0.179443359375,unknown
1714063919.013533,-0.927490234375,0.379638671875,0.177734375,unknown
1714063919.065625,-0.926025390625,0.379638671875,0.180908203125,unknown
1714063919.094139,-0.92138671875,0.378662109375,0.178955078125,unknown
1714063919.142531,-0.923095703125,0.3779296875,0.178955078125,unknown
1714063919.177104,-0.919189453125,0.376953125,0.177734375,unknown
1714063919.21524,-0.923828125,0.380859375,0.1806640625,unknown
1714063919.255024,-0.931640625,0.380859375,0.178955078125,unknown
1714063919.301232,-0.93212890625,0.37890625,0.177001953125,unknown
1714063919.335059,-0.92626953125,0.379150390625,0.1787109375,unknown
1714063919.376553,-0.918701171875,0.376953125,0.177978515625,unknown
1714063919.420321,-0.91259765625,0.382080078125,0.18017578125,unknown
1714063919.454691,-0.91259765625,0.3798828125,0.18310546875,unknown
1714063919.507388,-0.920654296875,0.377197265625,0.180908203125,unknown
1714063919.532193,-0.93310546875,0.379150390625,0.181640625,unknown
1714063919.580147,-0.926025390625,0.3779296875,0.1787109375,unknown
1714063919.616897,-0.91455078125,0.375244140625,0.186279296875,unknown
1714063919.658662,-0.9306640625,0.373046875,0.20166015625,unknown
1714063919.69484,-0.91943359375,0.383056640625,0.186279296875,unknown
1714063919.734239,-0.909423828125,0.382568359375,0.18115234375,unknown
1714063919.774871,-0.92529296875,0.375732421875,0.1748046875,unknown
1714063919.814209,-0.93115234375,0.37451171875,0.17431640625,unknown
1714063919.854224,-0.93408203125,0.384521484375,0.179931640625,unknown
1714063919.89409,-0.9345703125,0.376953125,0.18359375,unknown
1714063919.93518,-0.927001953125,0.37890625,0.178955078125,unknown
1714063919.981977,-0.91796875,0.379638671875,0.18115234375,unknown
1714063920.016171,-0.912353515625,0.37939453125,0.17822265625,unknown
1714063920.055073,-0.908447265625,0.376953125,0.17919921875,unknown
1714063920.093151,-0.914306640625,0.379638671875,0.180908203125,unknown
1714063920.133096,-0.937255859375,0.37939453125,0.182861328125,unknown
1714063920.17405,-0.932861328125,0.378662109375,0.17919921875,unknown
1714063920.213027,-0.8955078125,0.376220703125,0.176025390625,unknown
1714063920.255205,-0.884033203125,0.377685546875,0.1767578125,unknown
1714063920.294447,-0.8974609375,0.376708984375,0.1845703125,unknown
1714063920.334264,-0.910888671875,0.3779296875,0.1806640625,unknown
1714063920.378711,-0.92724609375,0.376953125,0.17919921875,unknown
1714063920.417649,-0.93896484375,0.37939453125,0.179443359375,unknown
1714063920.457839,-0.9423828125,0.37841796875,0.178955078125,unknown
1714063920.508844,-0.9404296875,0.383056640625,0.186767578125,unknown
1714063920.536184,-0.9306640625,0.3779296875,0.18408203125,unknown
1714063920.583845,-0.908203125,0.37646484375,0.1796875,unknown
1714063920.621115,-0.90283203125,0.37548828125,0.1767578125,unknown
1714063920.660496,-0.910400390625,0.377685546875,0.18359375,unknown
1714063920.699546,-0.92626953125,0.3779296875,0.1826171875,unknown
1714063920.736234,-0.93212890625,0.382080078125,0.17822265625,unknown
1714063920.775559,-0.935791015625,0.37841796875,0.180419921875,unknown
1714063920.816253,-0.925048828125,0.38232421875,0.17919921875,unknown
1714063920.854325,-0.914306640625,0.377685546875,0.178955078125,unknown
1714063920.89531,-0.910888671875,0.37841796875,0.181640625,unknown
1714063920.93531,-0.9130859375,0.3798828125,0.17822265625,unknown
1714063920.97581,-0.931640625,0.37939453125,0.179931640625,unknown
1714063921.017014,-0.943359375,0.38037109375,0.180908203125,unknown
1714063921.059534,-0.939697265625,0.37890625,0.17529296875,unknown
1714063921.096141,-0.926025390625,0.37548828125,0.179443359375,unknown
1714063921.140225,-0.909912109375,0.37890625,0.18212890625,unknown
1714063921.178377,-0.8994140625,0.376953125,0.1806640625,unknown
1714063921.216064,-0.89794921875,0.377685546875,0.18017578125,unknown
1714063921.257275,-0.9052734375,0.37841796875,0.177978515625,unknown
1714063921.300672,-0.917236328125,0.378662109375,0.17919921875,unknown
1714063921.340005,-0.92919921875,0.37939453125,0.18115234375,unknown
1714063921.377106,-0.937744140625,0.380859375,0.179931640625,unknown
1714063921.41725,-0.939697265625,0.378173828125,0.180419921875,unknown
1714063921.456344,-0.93408203125,0.378173828125,0.17919921875,unknown
1714063921.497669,-0.927001953125,0.380859375,0.1787109375,unknown
1714063921.534995,-0.923583984375,0.37646484375,0.178955078125,unknown
1714063921.59081,-0.92138671875,0.3779296875,0.180908203125,unknown
1714063921.616002,-0.921142578125,0.37646484375,0.179931640625,unknown
1714063921.669425,-0.91943359375,0.37890625,0.181640625,unknown
1714063921.696979,-0.919921875,0.37841796875,0.177978515625,unknown
1714063921.748253,-0.91943359375,0.38037109375,0.181640625,unknown
1714063921.779123,-0.920654296875,0.379150390625,0.1787109375,unknown
1714063921.831164,-0.9208984375,0.378173828125,0.1787109375,unknown
1714063921.858624,-0.917724609375,0.376708984375,0.179443359375,unknown
1714063921.907924,-0.92529296875,0.380126953125,0.180908203125,unknown
1714063921.938164,-0.926025390625,0.37890625,0.18115234375,unknown
1714063921.987947,-0.92626953125,0.37841796875,0.181884765625,unknown
1714063922.02432,-0.92822265625,0.37939453125,0.179443359375,unknown
1714063922.066915,-0.9287109375,0.37841796875,0.18017578125,unknown
1714063922.096752,-0.92333984375,0.37744140625,0.18017578125,unknown
1714063922.139874,-0.922119140625,0.3798828125,0.18212890625,unknown
1714063922.183463,-0.919677734375,0.378662109375,0.179443359375,unknown
1714063922.222962,-0.922119140625,0.37841796875,0.1806640625,unknown
1714063922.261641,-0.92333984375,0.37939453125,0.1796875,unknown
1714063922.297928,-0.920654296875,0.380126953125,0.181396484375,unknown
1714063922.340314,-0.923095703125,0.3779296875,0.179931640625,unknown
1714063922.386035,-0.923583984375,0.376708984375,0.18017578125,unknown
1714063922.418341,-0.923095703125,0.380615234375,0.18017578125,unknown
1714063922.474072,-0.9248046875,0.37890625,0.17919921875,unknown
1714063922.498193,-0.92236328125,0.37890625,0.179443359375,unknown
1714063922.538879,-0.92431640625,0.378173828125,0.180419921875,unknown
1714063922.57914,-0.922119140625,0.379638671875,0.179443359375,unknown
1714063922.634129,-0.921142578125,0.378662109375,0.178466796875,unknown
1714063922.660239,-0.925048828125,0.377685546875,0.179931640625,unknown
1714063922.705691,-0.9248046875,0.37890625,0.17919921875,unknown
1714063922.739694,-0.923095703125,0.376953125,0.1796875,unknown
1714063922.789738,-0.921875,0.379150390625,0.180419921875,unknown
1714063922.818635,-0.92236328125,0.3818359375,0.1806640625,unknown
1714063922.868456,-0.919921875,0.37841796875,0.18115234375,unknown
1714063922.89813,-0.920166015625,0.3779296875,0.18115234375,unknown
1714063922.941389,-0.919677734375,0.37841796875,0.180908203125,unknown
1714063922.987822,-0.92626953125,0.376708984375,0.1806640625,unknown
1714063923.026258,-0.924072265625,0.3798828125,0.178955078125,unknown
1714063923.064708,-0.923095703125,0.37646484375,0.1796875,unknown
1714063923.107515,-0.925048828125,0.377685546875,0.181640625,unknown
1714063923.147372,-0.927001953125,0.38037109375,0.179931640625,unknown
1714063923.182269,-0.925048828125,0.3779296875,0.179931640625,unknown
1714063923.22528,-0.921875,0.377685546875,0.177734375,unknown
1714063923.265178,-0.923583984375,0.377685546875,0.181396484375,unknown
1714063923.30397,-0.925048828125,0.377197265625,0.180419921875,unknown
1714063923.345674,-0.920166015625,0.376953125,0.179443359375,unknown
1714063923.379512,-0.9189453125,0.379638671875,0.177734375,unknown
1714063923.420119,-0.923095703125,0.380859375,0.1826171875,unknown
1714063923.460057,-0.9248046875,0.3779296875,0.181396484375,unknown
1714063923.501716,-0.922119140625,0.378662109375,0.181884765625,unknown
1714063923.543779,-0.92529296875,0.380615234375,0.17919921875,unknown
1714063923.579036,-0.9287109375,0.38037109375,0.18115234375,unknown
1714063923.619071,-0.9248046875,0.37841796875,0.18017578125,unknown
1714063923.660216,-0.9228515625,0.3779296875,0.1806640625,unknown
1714063923.700328,-0.924072265625,0.37890625,0.181884765625,unknown
1714063923.74017,-0.92529296875,0.379638671875,0.17919921875,unknown
1714063923.780572,-0.92138671875,0.3779296875,0.175537109375,unknown
1714063923.821041,-0.921875,0.377197265625,0.181884765625,unknown
1714063923.863058,-0.92333984375,0.38037109375,0.181396484375,unknown
1714063923.902936,-0.92333984375,0.379150390625,0.1796875,unknown
1714063923.942224,-0.919921875,0.375,0.178466796875,unknown
1714063923.982431,-0.923095703125,0.37744140625,0.181884765625,unknown
1714063924.02112,-0.924560546875,0.380615234375,0.18212890625,unknown
1714063924.061058,-0.92333984375,0.379150390625,0.177734375,unknown
1714063924.099972,-0.9228515625,0.37939453125,0.17919921875,unknown
1714063924.140309,-0.923583984375,0.379638671875,0.181640625,unknown
1714063924.181341,-0.9267578125,0.377685546875,0.181640625,unknown
1714063924.221465,-0.923828125,0.37841796875,0.179443359375,unknown
1714063924.262962,-0.922607421875,0.379150390625,0.180419921875,unknown
1714063924.30047,-0.92626953125,0.380859375,0.181640625,unknown
1714063924.34485,-0.92529296875,0.378173828125,0.179443359375,unknown
1714063924.381833,-0.9208984375,0.37890625,0.1806640625,unknown
1714063924.426166,-0.9208984375,0.378662109375,0.1806640625,unknown
1714063924.463457,-0.923095703125,0.38134765625,0.178955078125,unknown
1714063924.505022,-0.919921875,0.376953125,0.1796875,unknown
1714063924.545282,-0.92236328125,0.376953125,0.179443359375,unknown
1714063924.587729,-0.924072265625,0.37939453125,0.181396484375,unknown
1714063924.628976,-0.92626953125,0.380126953125,0.182373046875,unknown
1714063924.665073,-0.927001953125,0.376708984375,0.177978515625,unknown
1714063924.702066,-0.9267578125,0.3798828125,0.179931640625,unknown
1714063924.752733,-0.924560546875,0.376220703125,0.18115234375,unknown
1714063924.781781,-0.92529296875,0.378662109375,0.179443359375,unknown
1714063924.833793,-0.921630859375,0.379638671875,0.179931640625,unknown
1714063924.86194,-0.919189453125,0.376953125,0.179443359375,unknown
1714063924.90095,-0.922607421875,0.37744140625,0.18115234375,unknown
1714063924.942254,-0.921630859375,0.378173828125,0.181884765625,unknown
1714063924.991893,-0.918701171875,0.377197265625,0.17822265625,unknown
1714063925.022275,-0.92041015625,0.377685546875,0.181884765625,unknown
1714063925.063312,-0.92236328125,0.381103515625,0.1806640625,unknown
1714063925.102371,-0.92578125,0.380126953125,0.182861328125,unknown
1714063925.1434,-0.922607421875,0.37548828125,0.18212890625,unknown
1714063925.182924,-0.925048828125,0.380126953125,0.18115234375,unknown
1714063925.224035,-0.92822265625,0.3818359375,0.181884765625,unknown
1714063925.266775,-0.927978515625,0.379638671875,0.181884765625,unknown
1714063925.308014,-0.92578125,0.37744140625,0.17919921875,unknown
1714063925.342557,-0.927001953125,0.38037109375,0.180908203125,unknown
1714063925.380864,-0.924560546875,0.380126953125,0.18017578125,unknown
1714063925.421751,-0.919921875,0.37841796875,0.181396484375,unknown
1714063925.462394,-0.92041015625,0.37841796875,0.17919921875,unknown
1714063925.506186,-0.9208984375,0.379150390625,0.179443359375,unknown
1714063925.54745,-0.92529296875,0.378662109375,0.181640625,unknown
1714063925.586424,-0.921142578125,0.379638671875,0.18115234375,unknown
1714063925.629423,-0.921630859375,0.377685546875,0.178466796875,unknown
1714063925.664748,-0.921142578125,0.377685546875,0.18212890625,unknown
1714063925.703205,-0.923095703125,0.379150390625,0.179931640625,unknown
1714063925.753518,-0.921142578125,0.3779296875,0.180908203125,unknown
1714063925.784007,-0.9228515625,0.378662109375,0.18115234375,unknown
1714063925.83374,-0.9248046875,0.378662109375,0.180908203125,unknown
1714063925.864305,-0.92431640625,0.378662109375,0.1806640625,unknown
1714063925.911418,-0.921142578125,0.374755859375,0.181396484375,unknown
1714063925.943068,-0.9248046875,0.376953125,0.18212890625,unknown
1714063925.989498,-0.922607421875,0.377685546875,0.18115234375,unknown
1714063926.023584,-0.91943359375,0.381591796875,0.177001953125,unknown
1714063926.072373,-0.921142578125,0.37841796875,0.180908203125,unknown
1714063926.102561,-0.924072265625,0.378173828125,0.18017578125,unknown
1714063926.154995,-0.92529296875,0.375244140625,0.180419921875,unknown
1714063926.182949,-0.922607421875,0.37744140625,0.180419921875,unknown
1714063926.234187,-0.92431640625,0.377197265625,0.18115234375,unknown
1714063926.264031,-0.924560546875,0.376708984375,0.1806640625,unknown
1714063926.310714,-0.92431640625,0.37890625,0.180419921875,unknown
1714063926.344085,-0.923095703125,0.3798828125,0.179931640625,unknown
1714063926.390467,-0.922607421875,0.38037109375,0.18115234375,unknown
1714063926.425279,-0.926513671875,0.379638671875,0.1806640625,unknown
1714063926.47503,-0.92431640625,0.37939453125,0.18115234375,unknown
1714063926.505296,-0.9228515625,0.378662109375,0.17822265625,unknown
1714063926.555187,-0.923095703125,0.378662109375,0.180419921875,unknown
1714063926.585082,-0.92578125,0.379638671875,0.181884765625,unknown
1714063926.635791,-0.919677734375,0.37890625,0.1806640625,unknown
1714063926.66424,-0.920166015625,0.38134765625,0.18115234375,unknown
1714063926.702367,-0.92724609375,0.380126953125,0.178955078125,unknown
1714063926.745145,-0.9248046875,0.380126953125,0.182373046875,unknown
1714063926.784105,-0.9189453125,0.37841796875,0.181396484375,unknown
1714063926.824757,-0.921630859375,0.379150390625,0.18017578125,unknown
1714063926.864513,-0.92822265625,0.379150390625,0.18310546875,unknown
1714063926.906667,-0.927490234375,0.376220703125,0.180908203125,unknown
1714063926.948392,-0.92333984375,0.379150390625,0.179443359375,unknown
1714063926.989009,-0.92626953125,0.379638671875,0.177001953125,unknown
1714063927.030189,-0.926025390625,0.378662109375,0.178466796875,unknown
1714063927.07112,-0.923828125,0.378173828125,0.18017578125,unknown
1714063927.107633,-0.919921875,0.378662109375,0.180908203125,unknown
1714063927.152916,-0.920166015625,0.379150390625,0.18017578125,unknown
1714063927.188537,-0.920654296875,0.380859375,0.179931640625,unknown
1714063927.227645,-0.91943359375,0.37890625,0.18115234375,unknown
1714063927.26497,-0.92041015625,0.378173828125,0.1796875,unknown
1714063927.305035,-0.925537109375,0.378662109375,0.183349609375,unknown
1714063927.347144,-0.9248046875,0.379638671875,0.179931640625,unknown
1714063927.386858,-0.9228515625,0.37646484375,0.1787109375,unknown
1714063927.429674,-0.92236328125,0.379638671875,0.18115234375,unknown
1714063927.464271,-0.925048828125,0.3779296875,0.180419921875,unknown
1714063927.505065,-0.923583984375,0.378662109375,0.18115234375,unknown
1714063927.546223,-0.92333984375,0.376220703125,0.179931640625,unknown
1714063927.585261,-0.925048828125,0.377197265625,0.18115234375,unknown
1714063927.626072,-0.927978515625,0.37890625,0.179931640625,unknown
1714063927.666088,-0.9208984375,0.376708984375,0.1806640625,unknown
1714063927.706175,-0.923583984375,0.378173828125,0.1787109375,unknown
1714063927.746865,-0.9228515625,0.377685546875,0.178955078125,unknown
1714063927.786616,-0.9248046875,0.3798828125,0.18115234375,unknown
1714063927.829439,-0.9208984375,0.375244140625,0.1796875,unknown
1714063927.872242,-0.92236328125,0.3798828125,0.18017578125,unknown
1714063927.913035,-0.923828125,0.3798828125,0.178466796875,unknown
1714063927.949342,-0.921630859375,0.37841796875,0.18017578125,unknown
1714063927.985552,-0.92236328125,0.3759765625,0.180908203125,unknown
1714063928.037332,-0.921875,0.377197265625,0.180908203125,unknown
1714063928.067157,-0.92529296875,0.379638671875,0.18115234375,unknown
1714063928.104538,-0.926513671875,0.380615234375,0.181396484375,unknown
1714063928.14466,-0.921875,0.376708984375,0.18310546875,unknown
1714063928.187594,-0.92529296875,0.380615234375,0.179443359375,unknown
1714063928.228342,-0.923583984375,0.38134765625,0.179443359375,unknown
1714063928.27042,-0.923583984375,0.37744140625,0.18017578125,unknown
1714063928.304903,-0.920654296875,0.379638671875,0.180419921875,unknown
1714063928.345068,-0.924560546875,0.378662109375,0.178466796875,unknown
1714063928.386334,-0.921875,0.379638671875,0.1796875,unknown
1714063928.426352,-0.91943359375,0.37744140625,0.177734375,unknown
1714063928.46594,-0.9189453125,0.378662109375,0.17724609375,unknown
1714063928.508227,-0.924072265625,0.380615234375,0.179931640625,unknown
1714063928.546254,-0.925537109375,0.378173828125,0.179931640625,unknown
1714063928.585662,-0.9228515625,0.376953125,0.182373046875,unknown
1714063928.628289,-0.926513671875,0.37841796875,0.1796875,unknown
1714063928.664175,-0.9267578125,0.380859375,0.18017578125,unknown
1714063928.70508,-0.923583984375,0.37939453125,0.179931640625,unknown
1714063928.744924,-0.9228515625,0.376953125,0.180419921875,unknown
1714063928.78518,-0.9208984375,0.378173828125,0.178955078125,unknown
1714063928.827191,-0.920654296875,0.377197265625,0.180419921875,unknown
1714063928.87789,-0.92138671875,0.38232421875,0.18115234375,unknown
1714063928.907127,-0.923828125,0.375,0.17822265625,unknown
1714063928.951159,-0.927490234375,0.3759765625,0.179931640625,unknown
1714063928.987457,-0.927978515625,0.37890625,0.180908203125,unknown
1714063929.0281,-0.9228515625,0.3779296875,0.18115234375,unknown
1714063929.067592,-0.9208984375,0.3779296875,0.17822265625,unknown
1714063929.107134,-0.922119140625,0.380126953125,0.18115234375,unknown
1714063929.149028,-0.921875,0.377197265625,0.18017578125,unknown
1714063929.188935,-0.919677734375,0.377685546875,0.18115234375,unknown
1714063929.228055,-0.922119140625,0.377685546875,0.180908203125,unknown
1714063929.267481,-0.925048828125,0.377197265625,0.181396484375,unknown
1714063929.306308,-0.924072265625,0.378173828125,0.181396484375,unknown
1714063929.348412,-0.923095703125,0.378173828125,0.18212890625,unknown
1714063929.385647,-0.9267578125,0.380859375,0.179443359375,unknown
1714063929.432786,-0.923828125,0.377197265625,0.180908203125,unknown
1714063929.476778,-0.923828125,0.375732421875,0.180419921875,unknown
1714063929.508627,-0.92138671875,0.37890625,0.18212890625,unknown
1714063929.546193,-0.927490234375,0.378173828125,0.180419921875,unknown
1714063929.58773,-0.9228515625,0.378662109375,0.18017578125,unknown
1714063929.631465,-0.921630859375,0.376220703125,0.181396484375,unknown
1714063929.667687,-0.92333984375,0.380615234375,0.1796875,unknown
1714063929.706955,-0.925537109375,0.381103515625,0.18212890625,unknown
1714063929.748088,-0.925537109375,0.377685546875,0.181884765625,unknown
1714063929.792174,-0.922607421875,0.380126953125,0.179931640625,unknown
1714063929.830188,-0.920654296875,0.37939453125,0.178466796875,unknown
1714063929.866889,-0.9208984375,0.378662109375,0.178955078125,unknown
1714063929.905903,-0.919677734375,0.376708984375,0.1796875,unknown
1714063929.954472,-0.92236328125,0.379638671875,0.181640625,unknown
1714063929.994092,-0.922607421875,0.378173828125,0.181396484375,unknown
1714063930.030919,-0.923095703125,0.378662109375,0.18310546875,unknown
1714063930.066881,-0.923583984375,0.37744140625,0.17919921875,unknown
1714063930.114425,-0.91943359375,0.380126953125,0.179443359375,unknown
1714063930.156613,-0.926513671875,0.380615234375,0.1826171875,unknown
1714063930.192385,-0.924560546875,0.378662109375,0.181884765625,unknown
1714063930.229917,-0.92529296875,0.376220703125,0.181884765625,unknown
1714063930.271354,-0.922119140625,0.380126953125,0.17919921875,unknown
1714063930.3124,-0.923583984375,0.37841796875,0.178955078125,unknown
1714063930.350223,-0.92333984375,0.376953125,0.179443359375,unknown
1714063930.389728,-0.922607421875,0.37939453125,0.180419921875,unknown
1714063930.429237,-0.922119140625,0.377685546875,0.179443359375,unknown
1714063930.472603,-0.922119140625,0.37841796875,0.18115234375,unknown
1714063930.510168,-0.921630859375,0.376220703125,0.1806640625,unknown
1714063930.558575,-0.923095703125,0.378173828125,0.180419921875,unknown
1714063930.589223,-0.92529296875,0.378662109375,0.1806640625,unknown
1714063930.636327,-0.923095703125,0.377197265625,0.179443359375,unknown
1714063930.672713,-0.92236328125,0.37548828125,0.181884765625,unknown
1714063930.708885,-0.918212890625,0.377685546875,0.1806640625,unknown
1714063930.747946,-0.92041015625,0.379638671875,0.18017578125,unknown
1714063930.789528,-0.9208984375,0.378173828125,0.1787109375,unknown
1714063930.82947,-0.923583984375,0.3779296875,0.18115234375,unknown
1714063930.869719,-0.92236328125,0.379150390625,0.18212890625,unknown
1714063930.910478,-0.925048828125,0.38134765625,0.177978515625,unknown
1714063930.949891,-0.92431640625,0.37744140625,0.18115234375,unknown
1714063930.993172,-0.923095703125,0.375732421875,0.18017578125,unknown
1714063931.031387,-0.925048828125,0.376953125,0.18017578125,unknown
1714063931.077805,-0.923095703125,0.380126953125,0.177978515625,unknown
1714063931.117191,-0.92333984375,0.378173828125,0.180908203125,unknown
1714063931.154934,-0.91943359375,0.37890625,0.181884765625,unknown
1714063931.191556,-0.922119140625,0.37841796875,0.179931640625,unknown
1714063931.230485,-0.921875,0.37744140625,0.1806640625,unknown
1714063931.269526,-0.92333984375,0.37548828125,0.180419921875,unknown
1714063931.312885,-0.923583984375,0.378173828125,0.18212890625,unknown
1714063931.354015,-0.92529296875,0.37890625,0.1796875,unknown
1714063931.39063,-0.92431640625,0.37939453125,0.178466796875,unknown
1714063931.429276,-0.921630859375,0.37890625,0.17919921875,unknown
1714063931.470313,-0.9248046875,0.3798828125,0.177490234375,unknown
1714063931.50997,-0.925537109375,0.37939453125,0.181640625,unknown
1714063931.55097,-0.923583984375,0.378173828125,0.18017578125,unknown
1714063931.590873,-0.925537109375,0.378662109375,0.181640625,unknown
1714063931.633454,-0.921142578125,0.377685546875,0.181396484375,unknown
1714063931.671969,-0.92138671875,0.37890625,0.18115234375,unknown
1714063931.711523,-0.922119140625,0.378662109375,0.180419921875,unknown
1714063931.762046,-0.925048828125,0.37744140625,0.181640625,unknown
1714063931.796461,-0.923828125,0.37890625,0.1806640625,unknown
1714063931.838934,-0.92236328125,0.37841796875,0.1796875,unknown
1714063931.876125,-0.921630859375,0.380126953125,0.17919921875,unknown
1714063931.9132,-0.919921875,0.37744140625,0.18115234375,unknown
1714063931.949025,-0.92236328125,0.381103515625,0.179931640625,unknown
1714063931.987983,-0.923583984375,0.378662109375,0.183349609375,unknown
1714063932.028937,-0.923095703125,0.37744140625,0.180908203125,unknown
1714063932.071617,-0.923095703125,0.37939453125,0.181396484375,unknown
1714063932.109329,-0.92236328125,0.376953125,0.179443359375,unknown
1714063932.150346,-0.92431640625,0.376953125,0.18017578125,unknown
1714063932.193884,-0.9228515625,0.38037109375,0.1796875,unknown
1714063932.23293,-0.921875,0.37890625,0.180419921875,unknown
1714063932.282999,-0.9228515625,0.3798828125,0.179443359375,unknown
1714063932.311236,-0.923583984375,0.37744140625,0.181640625,unknown
1714063932.359301,-0.923095703125,0.378662109375,0.181396484375,unknown
1714063932.396722,-0.921630859375,0.3779296875,0.177001953125,unknown
1714063932.435115,-0.922119140625,0.37646484375,0.18017578125,unknown
1714063932.471463,-0.917724609375,0.378173828125,0.18017578125,unknown
1714063932.510209,-0.918701171875,0.37939453125,0.17919921875,unknown
1714063932.554873,-0.920654296875,0.381591796875,0.178955078125,unknown
1714063932.592215,-0.924560546875,0.37744140625,0.1806640625,unknown
1714063932.629673,-0.924072265625,0.380126953125,0.181640625,unknown
1714063932.672547,-0.923583984375,0.3798828125,0.179443359375,unknown
1714063932.7111,-0.923828125,0.37841796875,0.180908203125,unknown
1714063932.75177,-0.92333984375,0.380615234375,0.18017578125,unknown
1714063932.791032,-0.921142578125,0.3779296875,0.180908203125,unknown
1714063932.831116,-0.921630859375,0.380615234375,0.1796875,unknown
1714063932.874653,-0.92236328125,0.378173828125,0.179443359375,unknown
1714063932.913695,-0.922119140625,0.3798828125,0.181640625,unknown
1714063932.96437,-0.921142578125,0.37890625,0.181396484375,unknown
1714063932.998452,-0.925537109375,0.378662109375,0.180419921875,unknown
1714063933.038072,-0.926025390625,0.379150390625,0.179443359375,unknown
1714063933.073902,-0.923828125,0.377197265625,0.18115234375,unknown
1714063933.112197,-0.92333984375,0.37890625,0.179443359375,unknown
1714063933.15204,-0.927978515625,0.380126953125,0.180908203125,unknown
1714063933.191358,-0.924560546875,0.380126953125,0.178955078125,unknown
1714063933.230533,-0.921630859375,0.3798828125,0.181884765625,unknown
1714063933.271964,-0.91943359375,0.376220703125,0.180419921875,unknown
1714063933.309876,-0.92041015625,0.37890625,0.1796875,unknown
1714063933.35098,-0.922119140625,0.37890625,0.181640625,unknown
1714063933.391133,-0.922119140625,0.379150390625,0.180908203125,unknown
1714063933.431783,-0.920166015625,0.37841796875,0.181396484375,unknown
1714063933.476022,-0.923583984375,0.37890625,0.18115234375,unknown
1714063933.512592,-0.9248046875,0.37939453125,0.17822265625,unknown
1714063933.563434,-0.922607421875,0.375244140625,0.179931640625,unknown
1714063933.591906,-0.926513671875,0.38037109375,0.181396484375,unknown
1714063933.638023,-0.927734375,0.3798828125,0.180908203125,unknown
1714063933.674679,-0.927978515625,0.377685546875,0.18017578125,unknown
1714063933.714258,-0.926025390625,0.378173828125,0.18115234375,unknown
1714063933.7529,-0.925537109375,0.38037109375,0.1806640625,unknown
1714063933.793382,-0.919677734375,0.38232421875,0.180908203125,unknown
1714063933.834373,-0.917724609375,0.380615234375,0.179931640625,unknown
1714063933.874859,-0.916259765625,0.37744140625,0.180908203125,unknown
1714063933.912314,-0.920654296875,0.378173828125,0.179931640625,unknown
1714063933.952885,-0.921630859375,0.376708984375,0.1796875,unknown
1714063933.99336,-0.922119140625,0.37841796875,0.182373046875,unknown
1714063934.033482,-0.922119140625,0.378173828125,0.181640625,unknown
1714063934.073115,-0.9267578125,0.37890625,0.181396484375,unknown
1714063934.116162,-0.9267578125,0.380615234375,0.1787109375,unknown
1714063934.154838,-0.9228515625,0.377685546875,0.18017578125,unknown
1714063934.194956,-0.92431640625,0.376220703125,0.179931640625,unknown
1714063934.234987,-0.92431640625,0.3779296875,0.18115234375,unknown
1714063934.275213,-0.9208984375,0.37890625,0.177734375,unknown
1714063934.319654,-0.922119140625,0.3779296875,0.178955078125,unknown
1714063934.357122,-0.92333984375,0.3798828125,0.18115234375,unknown
1714063934.396715,-0.921630859375,0.378173828125,0.183349609375,unknown
1714063934.436185,-0.922119140625,0.38134765625,0.1796875,unknown
1714063934.474954,-0.921142578125,0.37646484375,0.18115234375,unknown
1714063934.513022,-0.92333984375,0.377197265625,0.1806640625,unknown
1714063934.562591,-0.924560546875,0.37744140625,0.182373046875,unknown
1714063934.593996,-0.92431640625,0.379150390625,0.1787109375,unknown
1714063934.642484,-0.923828125,0.376953125,0.1787109375,unknown
1714063934.674347,-0.92431640625,0.378173828125,0.178955078125,unknown
1714063934.720371,-0.924072265625,0.378173828125,0.182861328125,unknown
1714063934.75391,-0.92333984375,0.38037109375,0.179931640625,unknown
1714063934.796325,-0.92333984375,0.37841796875,0.1787109375,unknown
1714063934.840229,-0.922119140625,0.37939453125,0.17919921875,unknown
1714063934.875021,-0.922119140625,0.377197265625,0.177978515625,unknown
1714063934.917824,-0.922119140625,0.378173828125,0.181396484375,unknown
1714063934.957896,-0.92431640625,0.376708984375,0.181884765625,unknown
1714063934.995588,-0.921142578125,0.37841796875,0.181640625,unknown
1714063935.046398,-0.9248046875,0.378662109375,0.179931640625,unknown
1714063935.074185,-0.9228515625,0.3779296875,0.177001953125,unknown
1714063935.118311,-0.920166015625,0.37744140625,0.181396484375,unknown
1714063935.159917,-0.92333984375,0.379638671875,0.1806640625,unknown
1714063935.194095,-0.922607421875,0.379150390625,0.179443359375,unknown
1714063935.237632,-0.923583984375,0.37939453125,0.18115234375,unknown
1714063935.276761,-0.922119140625,0.376220703125,0.17822265625,unknown
1714063935.315778,-0.92333984375,0.376953125,0.1806640625,unknown
1714063935.353091,-0.923095703125,0.37939453125,0.1796875,unknown
1714063935.394377,-0.92236328125,0.37939453125,0.180419921875,unknown
1714063935.433978,-0.921142578125,0.37744140625,0.18017578125,unknown
1714063935.47321,-0.92236328125,0.37744140625,0.17919921875,unknown
1714063935.513535,-0.92236328125,0.37890625,0.178955078125,unknown
1714063935.553857,-0.922607421875,0.37841796875,0.181396484375,unknown
1714063935.597056,-0.92333984375,0.37890625,0.1787109375,unknown
1714063935.634857,-0.92333984375,0.381103515625,0.18212890625,unknown
1714063935.676122,-0.922119140625,0.380615234375,0.1806640625,unknown
1714063935.71387,-0.922607421875,0.379638671875,0.178955078125,unknown
1714063935.754859,-0.92138671875,0.376953125,0.1806640625,unknown
1714063935.794397,-0.92138671875,0.376220703125,0.181884765625,unknown
1714063935.833917,-0.921630859375,0.379638671875,0.181396484375,unknown
1714063935.872846,-0.922119140625,0.379150390625,0.179931640625,unknown
1714063935.91292,-0.924560546875,0.37744140625,0.18115234375,unknown
1714063935.957272,-0.9228515625,0.37744140625,0.1806640625,unknown
1714063935.996385,-0.921875,0.375732421875,0.1806640625,unknown
1714063936.034225,-0.921630859375,0.376953125,0.181396484375,unknown
1714063936.074928,-0.92236328125,0.379638671875,0.180908203125,unknown
1714063936.126854,-0.923828125,0.375732421875,0.17822265625,unknown
1714063936.15482,-0.923583984375,0.376708984375,0.17919921875,unknown
1714063936.2026,-0.922119140625,0.3779296875,0.1806640625,unknown
1714063936.239329,-0.923095703125,0.379638671875,0.180908203125,unknown
1714063936.276842,-0.92236328125,0.377685546875,0.177734375,unknown
1714063936.316975,-0.9208984375,0.378173828125,0.18359375,unknown
1714063936.367949,-0.922607421875,0.37744140625,0.181396484375,unknown
1714063936.395405,-0.923095703125,0.376953125,0.1796875,unknown
1714063936.443762,-0.924560546875,0.37939453125,0.1787109375,unknown
1714063936.480289,-0.920166015625,0.376953125,0.17919921875,unknown
1714063936.514277,-0.922607421875,0.3798828125,0.17822265625,unknown
1714063936.561291,-0.923583984375,0.379638671875,0.180419921875,unknown
1714063936.604708,-0.92138671875,0.380126953125,0.18310546875,unknown
1714063936.640658,-0.918212890625,0.377685546875,0.18017578125,unknown
1714063936.676439,-0.919921875,0.380126953125,0.179931640625,unknown
1714063936.713845,-0.92431640625,0.376953125,0.180419921875,unknown
1714063936.76203,-0.923828125,0.3798828125,0.180908203125,unknown
1714063936.79995,-0.923095703125,0.377685546875,0.17919921875,unknown
1714063936.841725,-0.925537109375,0.37890625,0.1796875,unknown
1714063936.878714,-0.9228515625,0.37939453125,0.182373046875,unknown
1714063936.918981,-0.922607421875,0.37939453125,0.178955078125,unknown
1714063936.95655,-0.920654296875,0.375732421875,0.17919921875,unknown
1714063936.995973,-0.923828125,0.37744140625,0.18017578125,unknown
1714063937.036692,-0.923095703125,0.379150390625,0.179443359375,unknown
1714063937.075391,-0.92138671875,0.378662109375,0.180419921875,unknown
1714063937.115109,-0.922119140625,0.377197265625,0.180419921875,unknown
1714063937.154217,-0.922119140625,0.379638671875,0.18017578125,unknown
1714063937.196236,-0.92236328125,0.37646484375,0.181640625,unknown
1714063937.238055,-0.921142578125,0.37744140625,0.181396484375,unknown
1714063937.27671,-0.92529296875,0.375732421875,0.1796875,unknown
1714063937.316389,-0.923828125,0.37890625,0.183349609375,unknown
1714063937.356696,-0.922607421875,0.379150390625,0.18115234375,unknown
1714063937.398549,-0.9208984375,0.3779296875,0.180908203125,unknown
1714063937.436953,-0.92431640625,0.376220703125,0.181640625,unknown
1714063937.477337,-0.9248046875,0.37744140625,0.1787109375,unknown
1714063937.518398,-0.925048828125,0.377685546875,0.179443359375,unknown
1714063937.55781,-0.921875,0.3779296875,0.18017578125,unknown
1714063937.597049,-0.92236328125,0.378173828125,0.181396484375,unknown
1714063937.637865,-0.919677734375,0.379150390625,0.181884765625,unknown
1714063937.678986,-0.92236328125,0.380126953125,0.180419921875,unknown
1714063937.718586,-0.921142578125,0.3779296875,0.180419921875,unknown
1714063937.756932,-0.92431640625,0.378173828125,0.1806640625,unknown
1714063937.796484,-0.923583984375,0.380126953125,0.18359375,unknown
1714063937.836228,-0.921142578125,0.37841796875,0.18310546875,unknown
1714063937.880688,-0.92333984375,0.37890625,0.180419921875,unknown
1714063937.916245,-0.92333984375,0.37890625,0.18017578125,unknown
1714063937.956902,-0.9248046875,0.381103515625,0.1796875,unknown
1714063938.003033,-0.923583984375,0.37744140625,0.179443359375,unknown
1714063938.039845,-0.919921875,0.377685546875,0.18115234375,unknown
1714063938.079717,-0.92431640625,0.378662109375,0.1796875,unknown
1714063938.116793,-0.921142578125,0.3779296875,0.180419921875,unknown
1714063938.171885,-0.920654296875,0.377685546875,0.180908203125,unknown
1714063938.197997,-0.91845703125,0.377197265625,0.178955078125,unknown
1714063938.248167,-0.921142578125,0.37744140625,0.1806640625,unknown
1714063938.28696,-0.91943359375,0.37744140625,0.178955078125,unknown
1714063938.325017,-0.919677734375,0.3779296875,0.179931640625,unknown
1714063938.363983,-0.925048828125,0.3798828125,0.18310546875,unknown
1714063938.402951,-0.927001953125,0.379150390625,0.179443359375,unknown
1714063938.442145,-0.92626953125,0.378662109375,0.1796875,unknown
1714063938.480794,-0.925537109375,0.377197265625,0.180419921875,unknown
1714063938.517842,-0.9248046875,0.3798828125,0.17919921875,unknown
1714063938.558092,-0.92333984375,0.37646484375,0.179443359375,unknown
1714063938.598764,-0.921630859375,0.37890625,0.180419921875,unknown
1714063938.640497,-0.920654296875,0.378173828125,0.18115234375,unknown
1714063938.680511,-0.9228515625,0.378173828125,0.18017578125,unknown
1714063938.732687,-0.92138671875,0.378662109375,0.1796875,unknown
1714063938.760956,-0.921630859375,0.376953125,0.180419921875,unknown
1714063938.801114,-0.923828125,0.38037109375,0.180908203125,unknown
1714063938.842292,-0.925048828125,0.380126953125,0.180419921875,unknown
1714063938.883355,-0.9248046875,0.3759765625,0.178466796875,unknown
1714063938.923897,-0.92333984375,0.379150390625,0.18408203125,unknown
1714063938.966231,-0.921875,0.380859375,0.181884765625,unknown
1714063939.003789,-0.922607421875,0.37646484375,0.17724609375,unknown
1714063939.039866,-0.9189453125,0.37890625,0.18115234375,unknown
1714063939.080871,-0.920654296875,0.3779296875,0.18310546875,unknown
1714063939.11976,-0.924072265625,0.377685546875,0.180419921875,unknown
1714063939.160484,-0.926513671875,0.379150390625,0.179443359375,unknown
1714063939.216658,-0.926025390625,0.378662109375,0.182373046875,unknown
1714063939.243376,-0.92529296875,0.376220703125,0.1806640625,unknown
1714063939.282362,-0.927001953125,0.380126953125,0.1796875,unknown
1714063939.320115,-0.923095703125,0.37890625,0.179443359375,unknown
1714063939.362366,-0.918701171875,0.381103515625,0.18115234375,unknown
1714063939.400973,-0.912841796875,0.37890625,0.18017578125,unknown
1714063939.446289,-0.914306640625,0.376953125,0.18359375,unknown
1714063939.480735,-0.91650390625,0.376953125,0.183349609375,unknown
1714063939.53073,-0.914794921875,0.37548828125,0.182373046875,unknown
1714063939.560762,-0.92333984375,0.37939453125,0.179931640625,unknown
1714063939.611749,-0.929443359375,0.3798828125,0.181884765625,unknown
1714063939.641757,-0.9326171875,0.376708984375,0.182373046875,unknown
1714063939.688993,-0.92822265625,0.37890625,0.182373046875,unknown
1714063939.721244,-0.930419921875,0.37939453125,0.180419921875,unknown
1714063939.765258,-0.92578125,0.3779296875,0.180908203125,unknown
1714063939.805512,-0.9150390625,0.376220703125,0.177734375,unknown
1714063939.841347,-0.914306640625,0.37890625,0.18115234375,unknown
1714063939.881348,-0.91845703125,0.37744140625,0.182373046875,unknown
1714063939.921683,-0.9189453125,0.376953125,0.18115234375,unknown
1714063939.962088,-0.921630859375,0.374267578125,0.1826171875,unknown
1714063940.002479,-0.9248046875,0.375732421875,0.177734375,unknown
1714063940.043134,-0.927978515625,0.377197265625,0.180908203125,unknown
1714063940.082987,-0.926025390625,0.379150390625,0.180908203125,unknown
1714063940.123025,-0.92724609375,0.37548828125,0.180908203125,unknown
1714063940.163979,-0.925537109375,0.3779296875,0.1796875,unknown
1714063940.202762,-0.924560546875,0.38134765625,0.177001953125,unknown
1714063940.243287,-0.929931640625,0.380126953125,0.177978515625,unknown
1714063940.286436,-0.9306640625,0.37353515625,0.1796875,unknown
1714063940.324643,-0.924560546875,0.378173828125,0.17724609375,unknown
1714063940.365771,-0.921875,0.3798828125,0.18212890625,unknown
1714063940.402773,-0.919189453125,0.379150390625,0.182373046875,unknown
1714063940.445827,-0.910888671875,0.37646484375,0.179443359375,unknown
1714063940.481934,-0.91455078125,0.37744140625,0.1796875,unknown
1714063940.52088,-0.923095703125,0.378173828125,0.18017578125,unknown
1714063940.561484,-0.9208984375,0.37744140625,0.17919921875,unknown
1714063940.605352,-0.92529296875,0.378662109375,0.18115234375,unknown
1714063940.641964,-0.9296875,0.380859375,0.1806640625,unknown
1714063940.685767,-0.928466796875,0.378173828125,0.182861328125,unknown
1714063940.724132,-0.92822265625,0.377685546875,0.17822265625,unknown
1714063940.765636,-0.92578125,0.377685546875,0.181640625,unknown
1714063940.80395,-0.92333984375,0.3798828125,0.1806640625,unknown
1714063940.846288,-0.921142578125,0.377197265625,0.180908203125,unknown
1714063940.883494,-0.918701171875,0.37939453125,0.1796875,unknown
1714063940.93225,-0.9189453125,0.377197265625,0.1796875,unknown
1714063940.966731,-0.9228515625,0.37939453125,0.181396484375,unknown
1714063941.004632,-0.92333984375,0.37939453125,0.1806640625,unknown
1714063941.047014,-0.92333984375,0.3818359375,0.181884765625,unknown
1714063941.090765,-0.92236328125,0.37841796875,0.179443359375,unknown
1714063941.127973,-0.9228515625,0.378662109375,0.180419921875,unknown
1714063941.168431,-0.9189453125,0.37548828125,0.180908203125,unknown
1714063941.207179,-0.92041015625,0.37646484375,0.1787109375,unknown
1714063941.243216,-0.9228515625,0.3798828125,0.178466796875,unknown
1714063941.286978,-0.92333984375,0.376708984375,0.182861328125,unknown
1714063941.326727,-0.921875,0.376220703125,0.1796875,unknown
1714063941.366617,-0.92041015625,0.377197265625,0.182373046875,unknown
1714063941.407356,-0.923095703125,0.379150390625,0.177978515625,unknown
1714063941.446308,-0.923095703125,0.379638671875,0.18017578125,unknown
1714063941.487086,-0.924560546875,0.376220703125,0.184326171875,unknown
1714063941.525979,-0.923828125,0.37548828125,0.18212890625,unknown
1714063941.566276,-0.923583984375,0.3779296875,0.18017578125,unknown
1714063941.606162,-0.924560546875,0.3779296875,0.179443359375,unknown
1714063941.64747,-0.919189453125,0.377685546875,0.181640625,unknown
1714063941.685933,-0.919921875,0.377685546875,0.182373046875,unknown
1714063941.728392,-0.90966796875,0.391357421875,0.134521484375,unknown
1714063941.768246,-0.949462890625,0.357666015625,0.17431640625,unknown
1714063941.809238,-0.937744140625,0.363525390625,0.14697265625,unknown
1714063941.848602,-0.90966796875,0.373779296875,0.16357421875,unknown
1714063941.889193,-0.9189453125,0.386474609375,0.174072265625,unknown
1714063941.930884,-0.92822265625,0.38427734375,0.1796875,unknown
1714063941.969956,-0.91845703125,0.380859375,0.172119140625,unknown
1714063942.008368,-0.92041015625,0.370361328125,0.17333984375,unknown
1714063942.045448,-0.924560546875,0.375244140625,0.170654296875,unknown
1714063942.083699,-0.92041015625,0.3779296875,0.17919921875,unknown
1714063942.125147,-0.916015625,0.377197265625,0.178955078125,unknown
1714063942.166431,-0.91357421875,0.380126953125,0.182861328125,unknown
1714063942.208258,-0.920166015625,0.377685546875,0.18212890625,unknown
1714063942.246621,-0.922607421875,0.377197265625,0.177734375,unknown
1714063942.287594,-0.92236328125,0.3779296875,0.177978515625,unknown
1714063942.325988,-0.925537109375,0.376220703125,0.179931640625,unknown
1714063942.366776,-0.925537109375,0.377197265625,0.18212890625,unknown
1714063942.405159,-0.926025390625,0.380126953125,0.181640625,unknown
1714063942.446896,-0.92431640625,0.38037109375,0.1787109375,unknown
1714063942.485457,-0.921142578125,0.37939453125,0.177978515625,unknown
1714063942.526508,-0.923583984375,0.37841796875,0.18212890625,unknown
1714063942.565147,-0.918701171875,0.3779296875,0.178466796875,unknown
1714063942.605304,-0.92041015625,0.380126953125,0.183349609375,unknown
1714063942.645924,-0.921875,0.377197265625,0.180908203125,unknown
1714063942.699985,-0.924560546875,0.37841796875,0.181396484375,unknown
1714063942.725989,-0.92333984375,0.379638671875,0.17822265625,unknown
1714063942.7647,-0.924560546875,0.3798828125,0.181396484375,unknown
1714063942.807383,-0.925537109375,0.378662109375,0.1806640625,unknown
1714063942.860017,-0.920654296875,0.37646484375,0.180908203125,unknown
1714063942.88617,-0.921142578125,0.378173828125,0.17822265625,unknown
1714063942.935272,-0.923583984375,0.38037109375,0.180908203125,unknown
1714063942.966,-0.924072265625,0.37841796875,0.181396484375,unknown
1714063943.020422,-0.921630859375,0.379150390625,0.18115234375,unknown
1714063943.044989,-0.925048828125,0.37939453125,0.17919921875,unknown
1714063943.084815,-0.927490234375,0.37939453125,0.18017578125,unknown
1714063943.126161,-0.923828125,0.37744140625,0.181640625,unknown
1714063943.166204,-0.919677734375,0.37841796875,0.180908203125,unknown
1714063943.205798,-0.921142578125,0.37744140625,0.18359375,unknown
1714063943.24676,-0.921630859375,0.378662109375,0.181640625,unknown
1714063943.28786,-0.921875,0.380126953125,0.182861328125,unknown
1714063943.327371,-0.91845703125,0.375,0.17919921875,unknown
1714063943.367839,-0.925048828125,0.37646484375,0.179443359375,unknown
1714063943.40727,-0.925048828125,0.378662109375,0.180908203125,unknown
1714063943.450479,-0.92236328125,0.37841796875,0.178955078125,unknown
1714063943.489185,-0.920166015625,0.37939453125,0.179931640625,unknown
1714063943.530971,-0.9228515625,0.377685546875,0.178955078125,unknown
1714063943.568719,-0.923583984375,0.37939453125,0.177001953125,unknown
1714063943.608887,-0.921142578125,0.378662109375,0.178466796875,unknown
1714063943.6479,-0.926025390625,0.3779296875,0.180419921875,unknown
1714063943.688432,-0.9306640625,0.37939453125,0.1806640625,unknown
1714063943.726916,-0.92822265625,0.376953125,0.180419921875,unknown
1714063943.76708,-0.92333984375,0.376220703125,0.18212890625,unknown
1714063943.807367,-0.9228515625,0.376708984375,0.18212890625,unknown
1714063943.850352,-0.924072265625,0.37939453125,0.1787109375,unknown
1714063943.890872,-0.919921875,0.377197265625,0.1787109375,unknown
1714063943.933094,-0.915283203125,0.377685546875,0.180908203125,unknown
1714063943.974485,-0.919921875,0.376953125,0.180908203125,unknown
1714063944.015907,-0.919677734375,0.37939453125,0.179931640625,unknown
1714063944.0478,-0.918701171875,0.37744140625,0.178466796875,unknown
1714063944.092779,-0.920654296875,0.377685546875,0.18017578125,unknown
1714063944.128895,-0.92333984375,0.379638671875,0.181884765625,unknown
1714063944.1803,-0.927490234375,0.380126953125,0.178466796875,unknown
1714063944.21947,-0.923095703125,0.376708984375,0.17919921875,unknown
1714063944.249816,-0.926513671875,0.375732421875,0.1806640625,unknown
1714063944.290296,-0.927001953125,0.37939453125,0.1796875,unknown
1714063944.3305,-0.927001953125,0.37939453125,0.1796875,unknown
1714063944.372502,-0.92578125,0.377197265625,0.179931640625,unknown
1714063944.408765,-0.9228515625,0.3779296875,0.177978515625,unknown
1714063944.450314,-0.924072265625,0.378662109375,0.1826171875,unknown
1714063944.488969,-0.919677734375,0.37744140625,0.1796875,unknown
1714063944.529586,-0.916748046875,0.378173828125,0.18017578125,unknown
1714063944.570144,-0.9580078125,0.36865234375,0.161865234375,unknown
1714063944.611503,-0.935546875,0.35205078125,0.20263671875,unknown
1714063944.65114,-0.966796875,0.347900390625,0.23486328125,unknown
1714063944.69094,-1.0078125,0.38134765625,0.18603515625,unknown
1714063944.732681,-0.990234375,0.401123046875,0.19189453125,unknown
1714063944.77413,-0.98779296875,0.379150390625,0.169677734375,unknown
1714063944.816194,-0.93212890625,0.376953125,0.1640625,unknown
1714063944.858159,-0.914306640625,0.3740234375,0.17919921875,unknown
1714063944.898923,-0.8818359375,0.373046875,0.150634765625,unknown
1714063944.933317,-0.865478515625,0.3701171875,0.17333984375,unknown
1714063944.970939,-0.883056640625,0.3818359375,0.18994140625,unknown
1714063945.023616,-0.9091796875,0.3828125,0.18701171875,unknown
1714063945.049042,-0.929931640625,0.378173828125,0.181396484375,unknown
1714063945.09026,-0.926025390625,0.379638671875,0.17626953125,unknown
1714063945.131138,-0.934814453125,0.3779296875,0.1796875,unknown
1714063945.173823,-0.93212890625,0.37646484375,0.17138671875,unknown
1714063945.214359,-0.936279296875,0.374267578125,0.178466796875,unknown
1714063945.256798,-0.929931640625,0.376708984375,0.1787109375,unknown
1714063945.290129,-0.9287109375,0.380126953125,0.177001953125,unknown
1714063945.330772,-0.92822265625,0.38037109375,0.177490234375,unknown
1714063945.371556,-0.9326171875,0.377685546875,0.181640625,unknown
1714063945.410726,-0.92626953125,0.37939453125,0.17529296875,unknown
1714063945.453704,-0.9267578125,0.3759765625,0.175537109375,unknown
1714063945.491944,-0.922119140625,0.378662109375,0.177978515625,unknown
1714063945.532974,-0.91552734375,0.375244140625,0.17041015625,unknown
1714063945.573867,-0.916259765625,0.376220703125,0.176513671875,unknown
1714063945.614041,-0.915283203125,0.3798828125,0.17822265625,unknown
1714063945.654517,-0.917724609375,0.377197265625,0.18310546875,unknown
1714063945.692288,-0.923828125,0.375732421875,0.177734375,unknown
1714063945.736763,-0.932861328125,0.377685546875,0.1748046875,unknown
1714063945.780051,-0.91943359375,0.379150390625,0.18115234375,unknown
1714063945.811116,-0.926513671875,0.373291015625,0.187255859375,unknown
1714063945.858287,-0.9267578125,0.379150390625,0.1884765625,unknown
1714063945.894431,-0.91845703125,0.38232421875,0.18505859375,unknown
1714063945.946196,-0.925537109375,0.374755859375,0.179443359375,unknown
1714063945.973879,-0.907958984375,0.376220703125,0.1953125,unknown
1714063946.013385,-0.91943359375,0.384033203125,0.172607421875,unknown
1714063946.053494,-0.937744140625,0.379150390625,0.188720703125,unknown
1714063946.096618,-0.931396484375,0.381103515625,0.173583984375,unknown
1714063946.133907,-0.923583984375,0.3798828125,0.178955078125,unknown
1714063946.172791,-0.975830078125,0.963134765625,-0.30126953125,unknown
1714063946.214132,-0.964599609375,0.511474609375,0.16552734375,unknown
1714063946.254198,-0.677001953125,0.34716796875,0.357421875,unknown
1714063946.293726,-0.843994140625,0.262939453125,0.190185546875,unknown
1714063946.331684,-0.93212890625,0.412353515625,0.17333984375,unknown
1714063946.37064,-0.937744140625,0.34326171875,0.2001953125,unknown
1714063946.411682,-0.9072265625,0.42529296875,0.016845703125,unknown
1714063946.456493,-1.178955078125,0.244140625,0.1318359375,unknown
1714063946.497517,-0.8466796875,0.322021484375,0.16162109375,unknown
1714063946.539918,-1.0166015625,0.4189453125,0.3115234375,unknown
1714063946.580195,-0.91796875,0.332275390625,0.071533203125,unknown
1714063946.62354,-1.156005859375,0.34521484375,0.425537109375,unknown
1714063946.654951,-1.1875,0.607666015625,-0.109619140625,unknown
1714063946.70721,-1.0810546875,0.13720703125,0.30419921875,unknown
1714063946.734907,-1.233154296875,0.501708984375,-0.06591796875,unknown
1714063946.775768,-0.9150390625,0.447021484375,0.158935546875,unknown
1714063946.816173,-0.49951171875,0.293701171875,0.170654296875,unknown
1714063946.86024,-1.4326171875,0.982421875,-0.4619140625,unknown
1714063946.894647,-1.088134765625,0.568359375,0.08349609375,unknown
1714063946.934884,-0.341796875,0.70703125,-0.16796875,unknown
1714063946.975303,-0.801513671875,0.848388671875,0.31884765625,unknown
1714063947.014225,-1.099365234375,0.4072265625,-0.769287109375,unknown
1714063947.054049,-0.383056640625,0.447021484375,0.86328125,unknown
1714063947.092821,-0.2666015625,0.468994140625,1.01611328125,unknown
1714063947.132935,-1.184814453125,0.710205078125,0.439697265625,unknown
1714063947.173826,-0.8837890625,0.7822265625,0.313232421875,unknown
1714063947.214205,-0.38671875,0.818603515625,0.72119140625,unknown
1714063947.258628,-0.461669921875,0.676513671875,-0.039306640625,unknown
1714063947.30518,-0.708984375,0.84228515625,0.69091796875,unknown
1714063947.336044,-0.32861328125,0.8125,0.633056640625,unknown
1714063947.389347,0.0078125,0.703369140625,0.636474609375,unknown
1714063947.415817,-0.064697265625,0.73974609375,0.9482421875,unknown
1714063947.460171,0.11279296875,0.24462890625,1.213623046875,unknown
1714063947.496119,0.10498046875,0.572998046875,1.011962890625,unknown
1714063947.536932,0.215087890625,0.30029296875,0.82275390625,unknown
1714063947.582395,0.30712890625,0.27880859375,0.9287109375,unknown
1714063947.614271,0.376953125,0.239501953125,0.797119140625,unknown
1714063947.653435,0.516845703125,-0.02294921875,0.963623046875,unknown
1714063947.69476,0.383056640625,0.361083984375,0.692138671875,unknown
1714063947.736172,0.510498046875,0.292724609375,0.7509765625,unknown
1714063947.778042,0.47216796875,0.174072265625,0.729736328125,unknown
1714063947.846381,0.38037109375,0.21533203125,0.859130859375,unknown
1714063947.862821,0.482177734375,0.19140625,0.8408203125,unknown
1714063947.897947,0.532470703125,0.133544921875,0.822509765625,unknown
1714063947.936344,0.570556640625,0.192138671875,0.743408203125,unknown
1714063947.975633,0.882080078125,-0.00830078125,0.8330078125,unknown
1714063948.018492,0.673583984375,0.10595703125,0.778564453125,unknown
1714063948.056676,0.771728515625,-0.135009765625,0.43994140625,unknown
1714063948.096739,0.8525390625,-0.087646484375,0.655029296875,unknown
1714063948.136266,0.8818359375,-0.1484375,0.573974609375,unknown
1714063948.18031,0.79931640625,-0.109375,0.30908203125,unknown
1714063948.218484,0.897216796875,-0.1162109375,0.455322265625,unknown
1714063948.259928,0.86181640625,-0.095947265625,0.34912109375,unknown
1714063948.301549,0.99169921875,-0.132080078125,0.286865234375,unknown
1714063948.340852,0.83544921875,-0.127197265625,0.150146484375,unknown
1714063948.373708,0.8984375,-0.0537109375,0.125732421875,unknown
1714063948.416923,0.923828125,0.01611328125,0.287841796875,unknown
1714063948.456976,0.908203125,0.053955078125,0.3583984375,unknown
1714063948.494768,0.94287109375,-0.037109375,0.35791015625,unknown
1714063948.535596,0.931884765625,-0.0458984375,0.395751953125,unknown
1714063948.57568,0.954833984375,0.005126953125,0.317138671875,unknown
1714063948.616669,0.877197265625,0.2470703125,0.255859375,unknown
1714063948.656764,0.945556640625,-0.0107421875,0.1904296875,unknown
1714063948.69616,1.074462890625,-0.586669921875,0.280517578125,unknown
1714063948.739645,0.948974609375,0.01171875,0.3798828125,unknown
1714063948.777111,0.952880859375,-0.005615234375,0.3466796875,unknown
1714063948.819687,0.854736328125,-0.039306640625,0.393310546875,unknown
1714063948.858129,0.955810546875,-0.042724609375,0.322021484375,unknown
1714063948.897828,0.956298828125,0.081298828125,0.295654296875,unknown
1714063948.935839,0.863037109375,0.007080078125,0.403076171875,unknown
1714063948.975155,0.8994140625,0.1748046875,0.384765625,unknown
1714063949.014829,0.913330078125,0.179443359375,0.3759765625,unknown
1714063949.055952,0.9208984375,0.2783203125,0.303955078125,unknown
1714063949.099134,0.890869140625,0.189208984375,0.367431640625,unknown
1714063949.141471,0.938232421875,0.3330078125,0.247314453125,unknown
1714063949.176667,0.9326171875,0.3232421875,0.21875,unknown
1714063949.228593,0.81982421875,0.374755859375,0.397705078125,unknown
1714063949.258984,0.936767578125,0.477783203125,0.1669921875,unknown
1714063949.300486,0.815185546875,0.375244140625,0.543701171875,unknown
1714063949.342597,0.833740234375,0.33740234375,0.47412109375,unknown
1714063949.378522,0.850341796875,0.335693359375,0.342529296875,unknown
1714063949.42108,0.81591796875,0.308837890625,0.45361328125,unknown
1714063949.457947,0.92529296875,0.325439453125,0.4091796875,unknown
1714063949.503132,0.843505859375,0.267578125,0.510009765625,unknown
1714063949.53877,0.83642578125,0.29443359375,0.466064453125,unknown
1714063949.57979,0.889404296875,0.201904296875,0.58984375,unknown
1714063949.624101,0.864990234375,0.208984375,0.48095703125,unknown
1714063949.669007,0.967041015625,0.10595703125,0.53466796875,unknown
1714063949.697747,0.818359375,0.337158203125,0.371826171875,unknown
1714063949.742188,0.8505859375,0.10791015625,0.506103515625,unknown
1714063949.776848,0.868408203125,0.237060546875,0.3701171875,unknown
1714063949.817059,0.852294921875,0.240478515625,0.4482421875,unknown
1714063949.860104,0.811767578125,0.244140625,0.504150390625,unknown
1714063949.898278,0.84130859375,0.26708984375,0.50927734375,unknown
1714063949.94369,0.857421875,0.28125,0.52685546875,unknown
1714063949.978692,0.6708984375,0.34033203125,-0.011962890625,unknown
1714063950.024957,0.734375,0.373046875,0.452880859375,unknown
1714063950.059556,0.813232421875,0.380859375,0.48095703125,unknown
1714063950.10136,0.857421875,0.416015625,0.470703125,unknown
1714063950.146931,0.728759765625,0.506103515625,0.4228515625,unknown
1714063950.181121,0.779541015625,0.510498046875,0.4091796875,unknown
1714063950.217973,0.78076171875,0.49462890625,0.4208984375,unknown
1714063950.258202,0.80859375,0.500244140625,0.424072265625,unknown
1714063950.296257,0.765380859375,0.54638671875,0.42041015625,unknown
1714063950.341833,0.77392578125,0.572021484375,0.389892578125,unknown
1714063950.378282,0.735107421875,0.5859375,0.3759765625,unknown
1714063950.418653,0.7490234375,0.581298828125,0.355712890625,unknown
1714063950.458856,0.729248046875,0.5908203125,0.34716796875,unknown
1714063950.502115,0.732421875,0.593505859375,0.343505859375,unknown
1714063950.537968,0.739990234375,0.59619140625,0.316162109375,unknown
1714063950.58114,0.744384765625,0.58642578125,0.341552734375,unknown
1714063950.62533,0.752197265625,0.5830078125,0.322998046875,unknown
1714063950.658741,0.75732421875,0.596435546875,0.332275390625,unknown
1714063950.706119,0.769287109375,0.614990234375,0.310546875,unknown
1714063950.739692,0.7529296875,0.622802734375,0.301513671875,unknown
1714063950.782764,0.752685546875,0.625,0.284912109375,unknown
1714063950.821537,0.749267578125,0.616943359375,0.2666015625,unknown
1714063950.859686,0.753662109375,0.614501953125,0.278076171875,unknown
1714063950.898722,0.755615234375,0.623779296875,0.26806640625,unknown
1714063950.938663,0.754150390625,0.597412109375,0.2666015625,unknown
1714063950.977018,0.759765625,0.6025390625,0.255126953125,unknown
1714063951.017453,0.759765625,0.607177734375,0.250732421875,unknown
1714063951.05961,0.767822265625,0.60546875,0.26513671875,unknown
1714063951.10017,0.768798828125,0.6015625,0.283447265625,unknown
1714063951.137659,0.76416015625,0.6064453125,0.283203125,unknown
1714063951.178741,0.772705078125,0.6005859375,0.269287109375,unknown
1714063951.220489,0.769775390625,0.600341796875,0.266845703125,unknown
1714063951.260049,0.76611328125,0.59912109375,0.26708984375,unknown
1714063951.300539,0.77099609375,0.603271484375,0.272216796875,unknown
1714063951.340923,0.76904296875,0.6103515625,0.26806640625,unknown
1714063951.384532,0.76318359375,0.615478515625,0.264892578125,unknown
1714063951.420048,0.76416015625,0.62158203125,0.254638671875,unknown
1714063951.460548,0.7568359375,0.622802734375,0.24951171875,unknown
1714063951.501768,0.7578125,0.62646484375,0.24267578125,unknown
1714063951.539444,0.756103515625,0.623046875,0.2353515625,unknown
1714063951.578686,0.767578125,0.62255859375,0.248779296875,unknown
1714063951.619893,0.763916015625,0.623779296875,0.256103515625,unknown
1714063951.657523,0.767822265625,0.629150390625,0.24853515625,unknown
1714063951.69847,0.761962890625,0.62451171875,0.244140625,unknown
1714063951.737586,0.75830078125,0.617919921875,0.238525390625,unknown
1714063951.777779,0.762939453125,0.6123046875,0.2314453125,unknown
1714063951.824669,0.764404296875,0.60791015625,0.248046875,unknown
1714063951.860771,0.767578125,0.6142578125,0.262451171875,unknown
1714063951.903216,0.765869140625,0.617431640625,0.2705078125,unknown
1714063951.939993,0.76220703125,0.620361328125,0.266845703125,unknown
1714063951.979874,0.759765625,0.618896484375,0.26171875,unknown
1714063952.021064,0.761474609375,0.619140625,0.25634765625,unknown
1714063952.07279,0.755615234375,0.62548828125,0.264892578125,unknown
1714063952.100204,0.75732421875,0.630615234375,0.264892578125,unknown
1714063952.144042,0.753662109375,0.63232421875,0.26220703125,unknown
1714063952.186237,0.753173828125,0.63134765625,0.255615234375,unknown
1714063952.221202,0.75244140625,0.6337890625,0.245849609375,unknown
1714063952.26487,0.75146484375,0.63232421875,0.245849609375,unknown
1714063952.302704,0.74951171875,0.629150390625,0.25244140625,unknown
1714063952.34166,0.75341796875,0.630615234375,0.251953125,unknown
1714063952.382048,0.752685546875,0.630615234375,0.25537109375,unknown
1714063952.42,0.75634765625,0.63037109375,0.2578125,unknown
1714063952.458821,0.755126953125,0.629150390625,0.25537109375,unknown
1714063952.505578,0.756591796875,0.63134765625,0.255126953125,unknown
1714063952.540819,0.754150390625,0.628662109375,0.244384765625,unknown
1714063952.582699,0.75244140625,0.6240234375,0.25048828125,unknown
1714063952.622711,0.756103515625,0.62353515625,0.2587890625,unknown
1714063952.661045,0.760009765625,0.623046875,0.26171875,unknown
1714063952.701752,0.75439453125,0.621337890625,0.259521484375,unknown
1714063952.741782,0.758056640625,0.623291015625,0.254150390625,unknown
1714063952.781581,0.758544921875,0.622314453125,0.253662109375,unknown
1714063952.821916,0.75830078125,0.629638671875,0.260498046875,unknown
1714063952.861469,0.757080078125,0.630615234375,0.26171875,unknown
1714063952.90049,0.7568359375,0.62890625,0.263427734375,unknown
1714063952.939878,0.751953125,0.6259765625,0.261962890625,unknown
1714063952.982033,0.75341796875,0.627685546875,0.259521484375,unknown
1714063953.019655,0.752685546875,0.626220703125,0.260986328125,unknown
1714063953.060984,0.753173828125,0.626953125,0.265625,unknown
1714063953.101281,0.754638671875,0.628173828125,0.26025390625,unknown
1714063953.142418,0.752197265625,0.62841796875,0.26611328125,unknown
1714063953.181769,0.75341796875,0.629638671875,0.26513671875,unknown
1714063953.22117,0.753173828125,0.630126953125,0.26025390625,unknown
1714063953.261618,0.75244140625,0.630615234375,0.2607421875,unknown
1714063953.306314,0.75439453125,0.62939453125,0.262451171875,unknown
1714063953.342826,0.7587890625,0.634521484375,0.26318359375,unknown
1714063953.383352,0.756103515625,0.6337890625,0.26025390625,unknown
1714063953.425588,0.761962890625,0.629638671875,0.2509765625,unknown
1714063953.47484,0.752197265625,0.623046875,0.255126953125,unknown
1714063953.502898,0.758544921875,0.614013671875,0.25634765625,unknown
1714063953.554263,0.7607421875,0.615966796875,0.263671875,unknown
1714063953.581454,0.760498046875,0.623291015625,0.2705078125,unknown
1714063953.623244,0.7548828125,0.627197265625,0.262939453125,unknown
1714063953.669782,0.75244140625,0.630859375,0.255126953125,unknown
1714063953.709837,0.75048828125,0.63134765625,0.2509765625,unknown
1714063953.747362,0.754638671875,0.62841796875,0.255859375,unknown
1714063953.786739,0.761962890625,0.6220703125,0.256591796875,unknown
1714063953.82473,0.76123046875,0.618408203125,0.25927734375,unknown
1714063953.867047,0.758056640625,0.621337890625,0.258544921875,unknown
1714063953.90353,0.75634765625,0.624755859375,0.251708984375,unknown
1714063953.949083,0.748779296875,0.62451171875,0.2392578125,unknown
1714063953.992768,0.752197265625,0.625732421875,0.2451171875,unknown
1714063954.030373,0.763427734375,0.62646484375,0.250732421875,unknown
1714063954.070133,0.7685546875,0.6328125,0.24609375,unknown
1714063954.109727,0.769287109375,0.631591796875,0.2431640625,unknown
1714063954.145327,0.76513671875,0.63330078125,0.24462890625,unknown
1714063954.18483,0.760986328125,0.631591796875,0.236328125,unknown
1714063954.223982,0.755615234375,0.630859375,0.237060546875,unknown
1714063954.26543,0.754638671875,0.632080078125,0.22900390625,unknown
1714063954.304152,0.750244140625,0.62939453125,0.22216796875,unknown
1714063954.344981,0.75341796875,0.63525390625,0.22412109375,unknown
1714063954.384914,0.76123046875,0.64208984375,0.231201171875,unknown
1714063954.427477,0.759765625,0.635009765625,0.23095703125,unknown
1714063954.464825,0.7666015625,0.624267578125,0.232177734375,unknown
1714063954.506359,0.775390625,0.61865234375,0.23876953125,unknown
1714063954.544665,0.777587890625,0.614990234375,0.2470703125,unknown
1714063954.587068,0.777099609375,0.60986328125,0.239013671875,unknown
1714063954.626355,0.774658203125,0.611083984375,0.22802734375,unknown
1714063954.665107,0.77490234375,0.612548828125,0.23486328125,unknown
1714063954.707709,0.77001953125,0.619384765625,0.233642578125,unknown
1714063954.746112,0.770751953125,0.6279296875,0.230224609375,unknown
1714063954.784621,0.76708984375,0.6337890625,0.223876953125,unknown
1714063954.824638,0.766845703125,0.642333984375,0.218017578125,unknown
1714063954.869716,0.76318359375,0.645751953125,0.206787109375,unknown
1714063954.903516,0.759521484375,0.643310546875,0.196533203125,unknown
1714063954.947555,0.75244140625,0.643798828125,0.19287109375,unknown
1714063954.985395,0.756591796875,0.646484375,0.1826171875,unknown
1714063955.027707,0.75244140625,0.646728515625,0.1787109375,unknown
1714063955.065919,0.758056640625,0.653564453125,0.177490234375,unknown
1714063955.105206,0.76953125,0.646484375,0.1708984375,unknown
1714063955.146585,0.76513671875,0.6611328125,0.14990234375,unknown
1714063955.185698,0.763671875,0.64892578125,0.159423828125,unknown
1714063955.228814,0.7666015625,0.655517578125,0.16455078125,unknown
1714063955.26995,0.763427734375,0.6494140625,0.152587890625,unknown
1714063955.307582,0.7626953125,0.6435546875,0.138916015625,unknown
1714063955.347723,0.76220703125,0.640380859375,0.1357421875,unknown
1714063955.38804,0.761962890625,0.640869140625,0.131591796875,unknown
1714063955.4396,0.765380859375,0.646728515625,0.134033203125,unknown
1714063955.465905,0.765380859375,0.650634765625,0.1337890625,unknown
1714063955.512738,0.76513671875,0.653076171875,0.126953125,unknown
1714063955.543766,0.7724609375,0.654541015625,0.135498046875,unknown
1714063955.594505,0.7666015625,0.65185546875,0.138427734375,unknown
1714063955.62458,0.749267578125,0.66943359375,0.1474609375,unknown
1714063955.664849,0.7431640625,0.680908203125,0.138671875,unknown
1714063955.71221,0.73779296875,0.686767578125,0.12939453125,unknown
1714063955.745725,0.7529296875,0.680419921875,0.127685546875,unknown
1714063955.787729,0.754150390625,0.677734375,0.11767578125,unknown
1714063955.829657,0.751953125,0.678955078125,0.106201171875,unknown
1714063955.86579,0.743408203125,0.6787109375,0.107666015625,unknown
1714063955.905818,0.73828125,0.685546875,0.09375,unknown
1714063955.947204,0.740478515625,0.68505859375,0.0908203125,unknown
1714063955.988567,0.74169921875,0.68408203125,0.082275390625,unknown
1714063956.027824,0.7392578125,0.679931640625,0.0888671875,unknown
1714063956.0668,0.75341796875,0.682861328125,0.099365234375,unknown
1714063956.106019,0.7568359375,0.675537109375,0.098876953125,unknown
1714063956.147044,0.751708984375,0.677001953125,0.096435546875,unknown
1714063956.184478,0.751220703125,0.687744140625,0.08837890625,unknown
1714063956.224996,0.7626953125,0.64892578125,0.077392578125,unknown
1714063956.266315,0.7421875,0.673583984375,0.119384765625,unknown
1714063956.30889,0.676513671875,0.6943359375,0.087158203125,unknown
1714063956.346403,0.701171875,0.689208984375,0.07275390625,unknown
1714063956.404069,0.726806640625,0.694580078125,0.089111328125,unknown
1714063956.429332,0.74609375,0.685302734375,0.09130859375,unknown
1714063956.472781,0.7529296875,0.6904296875,0.09130859375,unknown
1714063956.507244,0.74853515625,0.68994140625,0.097412109375,unknown
1714063956.549444,0.74951171875,0.6884765625,0.09765625,unknown
1714063956.593115,0.745361328125,0.689453125,0.095458984375,unknown
1714063956.635139,0.743896484375,0.690673828125,0.093505859375,unknown
1714063956.670976,0.74169921875,0.685791015625,0.0859375,unknown
1714063956.714024,0.74365234375,0.688720703125,0.08349609375,unknown
1714063956.749428,0.739501953125,0.690185546875,0.085693359375,unknown
1714063956.789282,0.73876953125,0.691650390625,0.083740234375,unknown
1714063956.827776,0.740234375,0.69140625,0.078857421875,unknown
1714063956.867951,0.74365234375,0.690673828125,0.075927734375,unknown
1714063956.906821,0.7392578125,0.688232421875,0.0771484375,unknown
1714063956.94694,0.74365234375,0.681396484375,0.078369140625,unknown
1714063956.986913,0.739013671875,0.68408203125,0.078857421875,unknown
1714063957.02766,0.74853515625,0.6865234375,0.08154296875,unknown
1714063957.068499,0.7451171875,0.68115234375,0.081298828125,unknown
1714063957.107975,0.74609375,0.6796875,0.08740234375,unknown
1714063957.149083,0.723388671875,0.693359375,0.086181640625,unknown
1714063957.191391,0.74462890625,0.670166015625,0.079345703125,unknown
1714063957.228212,0.7578125,0.698486328125,0.097412109375,unknown
1714063957.270692,0.7802734375,0.666259765625,0.092041015625,unknown
1714063957.309042,0.74853515625,0.7060546875,0.08935546875,unknown
1714063957.350167,0.76318359375,0.66943359375,0.086181640625,unknown
1714063957.390095,0.739501953125,0.699951171875,0.091796875,unknown
1714063957.427577,0.746337890625,0.681640625,0.08740234375,unknown
1714063957.467955,0.745849609375,0.684814453125,0.085205078125,unknown
1714063957.506977,0.742431640625,0.6796875,0.08544921875,unknown
1714063957.546659,0.7451171875,0.68701171875,0.091064453125,unknown
1714063957.589171,0.7421875,0.689697265625,0.087158203125,unknown
1714063957.630146,0.740966796875,0.691162109375,0.084228515625,unknown
1714063957.668308,0.747314453125,0.690185546875,0.086669921875,unknown
1714063957.709986,0.74169921875,0.68798828125,0.093017578125,unknown
1714063957.750026,0.74462890625,0.6884765625,0.095458984375,unknown
1714063957.791095,0.74365234375,0.686279296875,0.09716796875,unknown
1714063957.832178,0.739501953125,0.68701171875,0.094970703125,unknown
1714063957.869692,0.74169921875,0.686767578125,0.095458984375,unknown
1714063957.91239,0.741455078125,0.68359375,0.101318359375,unknown
1714063957.951811,0.744873046875,0.68603515625,0.10302734375,unknown
1714063957.992051,0.740478515625,0.686767578125,0.108642578125,unknown
1714063958.033046,0.740966796875,0.685302734375,0.107666015625,Get ready
1714063958.074287,0.72021484375,0.6953125,0.1083984375,Get ready
1714063958.109865,0.7421875,0.676025390625,0.124267578125,Get ready
1714063958.149536,0.749755859375,0.689208984375,0.127685546875,Get ready
1714063958.188383,0.7470703125,0.69775390625,0.1337890625,Get ready
1714063958.228399,0.7568359375,0.683837890625,0.1337890625,Get ready
1714063958.270009,0.75634765625,0.671875,0.118896484375,Get ready
1714063958.311175,0.761474609375,0.65625,0.109375,Get ready
1714063958.350784,0.739013671875,0.68359375,0.109619140625,Get ready
1714063958.394794,0.7373046875,0.6962890625,0.101318359375,Get ready
1714063958.430642,0.740966796875,0.68408203125,0.102783203125,Get ready
1714063958.472665,0.740478515625,0.684814453125,0.110595703125,Get ready
1714063958.510568,0.736572265625,0.68359375,0.10791015625,Get ready
1714063958.552476,0.74267578125,0.68603515625,0.111328125,Get ready
1714063958.591928,0.74365234375,0.68408203125,0.11865234375,Get ready
1714063958.632336,0.74609375,0.68701171875,0.11328125,Get ready
1714063958.671576,0.745849609375,0.684326171875,0.113037109375,Get ready
1714063958.712213,0.741943359375,0.683837890625,0.1162109375,Get ready
1714063958.749933,0.7431640625,0.679443359375,0.117431640625,Get ready
1714063958.79153,0.742431640625,0.68701171875,0.1162109375,Get ready
1714063958.829506,0.73876953125,0.68408203125,0.1103515625,Get ready
1714063958.873627,0.737548828125,0.68603515625,0.10302734375,Get ready
1714063958.910632,0.746826171875,0.688232421875,0.125244140625,Get ready
1714063958.954445,0.746337890625,0.691650390625,0.125732421875,Get ready
1714063958.990895,0.747314453125,0.701904296875,0.1240234375,Get ready
1714063959.03392,0.751220703125,0.688720703125,0.122802734375,Get ready
1714063959.071831,0.74267578125,0.68115234375,0.113037109375,Get ready
1714063959.112313,0.739990234375,0.6806640625,0.11279296875,Get ready
1714063959.151861,0.73681640625,0.681884765625,0.113525390625,Get ready
1714063959.191839,0.742431640625,0.687744140625,0.11962890625,Get ready
1714063959.233278,0.74169921875,0.686767578125,0.126953125,Get ready
1714063959.272549,0.751953125,0.685546875,0.117919921875,Get ready
1714063959.313558,0.7431640625,0.679931640625,0.125732421875,Get ready
1714063959.356504,0.73876953125,0.677490234375,0.117431640625,Get ready
1714063959.393239,0.745361328125,0.679443359375,0.125732421875,Get ready
1714063959.435291,0.742919921875,0.68115234375,0.127197265625,Get ready
1714063959.476289,0.7431640625,0.684814453125,0.127685546875,Get ready
1714063959.511801,0.74755859375,0.681884765625,0.125,Get ready
1714063959.557144,0.744140625,0.68212890625,0.127197265625,Get ready
1714063959.595804,0.75048828125,0.68505859375,0.126708984375,Get ready
1714063959.635915,0.736572265625,0.687744140625,0.13134765625,Get ready
1714063959.673132,0.74853515625,0.67333984375,0.138671875,Get ready
1714063959.719704,0.745849609375,0.69140625,0.125244140625,Get ready
1714063959.753771,0.7490234375,0.68798828125,0.1083984375,Get ready
1714063959.797348,0.744873046875,0.68798828125,0.100830078125,Get ready
1714063959.83619,0.7431640625,0.677978515625,0.091064453125,Get ready
1714063959.878923,0.744384765625,0.666748046875,0.1220703125,Get ready
1714063959.9227,0.758056640625,0.674560546875,0.136962890625,Get ready
1714063959.961497,0.755615234375,0.675048828125,0.145263671875,Get ready
1714063959.997848,0.75634765625,0.67578125,0.1435546875,Get ready
1714063960.040976,0.74267578125,0.686767578125,0.135986328125,Get ready
1714063960.077723,0.74169921875,0.695068359375,0.124267578125,Get ready
1714063960.119143,0.741455078125,0.704345703125,0.11669921875,Get ready
1714063960.156234,0.7333984375,0.705322265625,0.096923828125,Get ready
1714063960.198446,0.7294921875,0.700927734375,0.079833984375,Get ready
1714063960.233982,0.730712890625,0.69873046875,0.07861328125,Get ready
1714063960.275668,0.73193359375,0.692626953125,0.08740234375,Get ready
1714063960.317054,0.739013671875,0.69677734375,0.0888671875,Get ready
1714063960.354297,0.740478515625,0.696533203125,0.078125,Get ready
1714063960.394356,0.738525390625,0.697998046875,0.0673828125,Get ready
1714063960.435351,0.734375,0.69970703125,0.06298828125,Get ready
1714063960.485773,0.728271484375,0.70703125,0.050537109375,Get ready
1714063960.514725,0.7265625,0.712158203125,0.028564453125,Get ready
1714063960.563875,0.716552734375,0.715576171875,0.01953125,Get ready
1714063960.601845,0.716796875,0.721923828125,0.025146484375,Get ready
1714063960.635014,0.720947265625,0.7294921875,0.02392578125,Get ready
1714063960.679461,0.7275390625,0.735595703125,0.015380859375,Get ready
1714063960.714429,0.716796875,0.729736328125,0.003173828125,Get ready
1714063960.756384,0.7177734375,0.722900390625,0.00048828125,Get ready
1714063960.793224,0.711669921875,0.7333984375,-0.013916015625,Get ready
1714063960.836837,0.712646484375,0.718505859375,-0.028076171875,Get ready
1714063960.874814,0.69921875,0.718505859375,-0.04833984375,Get ready
1714063960.914314,0.697265625,0.730224609375,-0.0537109375,Get ready
1714063960.952792,0.6806640625,0.73828125,-0.060302734375,Get ready
1714063960.994442,0.68115234375,0.753662109375,-0.070068359375,Get ready
1714063961.034057,0.67578125,0.76123046875,-0.078125,Get ready
1714063961.073428,0.6708984375,0.768798828125,-0.092529296875,Get ready
1714063961.114562,0.6572265625,0.769287109375,-0.120849609375,Get ready
1714063961.15544,0.657470703125,0.77978515625,-0.11767578125,Get ready
1714063961.195616,0.63818359375,0.775146484375,-0.130615234375,Get ready
1714063961.235418,0.632568359375,0.78125,-0.14111328125,Get ready
1714063961.279208,0.63134765625,0.786865234375,-0.14892578125,Get ready
1714063961.314065,0.625732421875,0.7919921875,-0.158203125,Get ready
1714063961.355278,0.62646484375,0.788330078125,-0.17041015625,Get ready
1714063961.392667,0.626953125,0.78369140625,-0.171630859375,Get ready
1714063961.432315,0.624755859375,0.784912109375,-0.1796875,Get ready
1714063961.472378,0.6171875,0.78955078125,-0.189453125,Get ready
1714063961.512456,0.605224609375,0.790771484375,-0.21728515625,Get ready
1714063961.55315,0.59228515625,0.796875,-0.245361328125,Get ready
1714063961.592587,0.5625,0.802490234375,-0.26708984375,Get ready
1714063961.632723,0.5341796875,0.795166015625,-0.292236328125,Get ready
1714063961.675573,0.5400390625,0.81005859375,-0.31884765625,Get ready
1714063961.713811,0.5302734375,0.806884765625,-0.305908203125,Get ready
1714063961.754066,0.537841796875,0.807861328125,-0.34033203125,Get ready
1714063961.794591,0.515625,0.804931640625,-0.324951171875,Get ready
1714063961.83751,0.53271484375,0.8056640625,-0.335693359375,Get ready
1714063961.877733,0.524169921875,0.80517578125,-0.330810546875,Get ready
1714063961.916098,0.514404296875,0.811279296875,-0.32666015625,Get ready
1714063961.954693,0.52197265625,0.78466796875,-0.32373046875,Get ready
1714063961.993404,0.531494140625,0.789794921875,-0.32080078125,Get ready
1714063962.03923,0.54296875,0.804443359375,-0.316650390625,Get ready
1714063962.075066,0.54150390625,0.8017578125,-0.3056640625,Get ready
1714063962.117105,0.56201171875,0.816650390625,-0.29833984375,Get ready
1714063962.153539,0.567626953125,0.8173828125,-0.270751953125,Get ready
1714063962.194215,0.56787109375,0.810791015625,-0.25390625,Get ready
1714063962.234947,0.572509765625,0.814697265625,-0.227783203125,Get ready
1714063962.27937,0.56689453125,0.814208984375,-0.22412109375,Get ready
1714063962.314706,0.563720703125,0.8134765625,-0.224609375,Get ready
1714063962.359776,0.56005859375,0.812255859375,-0.212890625,Get ready
1714063962.4007,0.5615234375,0.81640625,-0.238525390625,Get ready
1714063962.441163,0.56982421875,0.813232421875,-0.218017578125,Get ready
1714063962.481866,0.57470703125,0.8271484375,-0.202392578125,Get ready
1714063962.520715,0.593994140625,0.842529296875,-0.183349609375,Get ready
1714063962.559298,0.593994140625,0.824462890625,-0.17724609375,Get ready
1714063962.601123,0.584716796875,0.81689453125,-0.189697265625,Get ready
1714063962.639756,0.5869140625,0.81103515625,-0.1728515625,Get ready
1714063962.679032,0.58935546875,0.803955078125,-0.161865234375,Get ready
1714063962.717351,0.59814453125,0.828857421875,-0.164306640625,Get ready
1714063962.756884,0.59033203125,0.816162109375,-0.17724609375,Get ready
1714063962.796388,0.595947265625,0.821044921875,-0.187744140625,Get ready
1714063962.836536,0.57958984375,0.81298828125,-0.1669921875,Get ready
1714063962.874854,0.58935546875,0.81640625,-0.181396484375,Get ready
1714063962.916319,0.588134765625,0.825927734375,-0.1767578125,Get ready
1714063962.955303,0.60693359375,0.818115234375,-0.172607421875,Get ready
1714063963.001565,0.6142578125,0.81298828125,-0.177978515625,Get ready
1714063963.038655,0.61328125,0.802490234375,-0.191650390625,Get ready
1714063963.078083,0.59375,0.800537109375,-0.185302734375,Get ready
1714063963.116736,0.61279296875,0.793701171875,-0.18212890625,Get ready
1714063963.157473,0.593017578125,0.79443359375,-0.172119140625,Get ready
1714063963.19768,0.615966796875,0.800048828125,-0.13232421875,Get ready
1714063963.238886,0.608642578125,0.802978515625,-0.138671875,Get ready
1714063963.277664,0.623046875,0.8076171875,-0.15234375,Get ready
1714063963.315527,0.622802734375,0.805908203125,-0.134765625,Get ready
1714063963.356459,0.61279296875,0.80419921875,-0.13671875,Get ready
1714063963.394536,0.624755859375,0.79931640625,-0.14501953125,Get ready
1714063963.435847,0.625,0.80712890625,-0.134521484375,Get ready
1714063963.477251,0.6357421875,0.793701171875,-0.16748046875,Get ready
1714063963.517739,0.619384765625,0.78857421875,-0.169189453125,Get ready
1714063963.558732,0.62451171875,0.784912109375,-0.160888671875,Get ready
1714063963.598531,0.627197265625,0.795166015625,-0.130859375,Get ready
1714063963.637045,0.62548828125,0.779296875,-0.185791015625,Get ready
1714063963.677802,0.603271484375,0.787353515625,-0.179931640625,Get ready
1714063963.71694,0.605712890625,0.789306640625,-0.149658203125,Get ready
1714063963.756492,0.630126953125,0.810302734375,-0.132080078125,Get ready
1714063963.80023,0.632080078125,0.8154296875,-0.139404296875,Get ready
1714063963.841641,0.623291015625,0.81494140625,-0.138671875,Get ready
1714063963.879849,0.601806640625,0.81884765625,-0.151611328125,Get ready
1714063963.920063,0.59228515625,0.816650390625,-0.1640625,Get ready
1714063963.957386,0.607666015625,0.808837890625,-0.149169921875,Get ready
1714063963.997811,0.611083984375,0.812744140625,-0.153564453125,Get ready
1714063964.035528,0.60986328125,0.7998046875,-0.144287109375,Get ready
1714063964.078811,0.604248046875,0.80029296875,-0.167236328125,Get ready
1714063964.116329,0.602294921875,0.7978515625,-0.15576171875,Get ready
1714063964.156696,0.6240234375,0.8037109375,-0.12158203125,Get ready
1714063964.199128,0.60302734375,0.796630859375,-0.150390625,Get ready
1714063964.248456,0.62890625,0.8037109375,-0.124267578125,Get ready
1714063964.28382,0.61474609375,0.79931640625,-0.144287109375,Get ready
1714063964.322866,0.623046875,0.7978515625,-0.135498046875,Get ready
1714063964.358903,0.6279296875,0.79296875,-0.13330078125,Get ready
1714063964.399404,0.621337890625,0.79345703125,-0.137451171875,Get ready
1714063964.440727,0.623046875,0.79248046875,-0.12841796875,Get ready
1714063964.487551,0.672119140625,0.789794921875,-0.147216796875,Get ready
1714063964.520006,0.623779296875,0.7919921875,-0.1279296875,Get ready
1714063964.56908,0.632080078125,0.792724609375,-0.132080078125,Get ready
1714063964.598722,0.625244140625,0.80078125,-0.13232421875,Get ready
1714063964.641198,0.6171875,0.79248046875,-0.132568359375,Get ready
1714063964.680435,0.643310546875,0.7919921875,-0.117919921875,Get ready
1714063964.733575,0.63134765625,0.78466796875,-0.13134765625,Get ready
1714063964.760128,0.63916015625,0.79736328125,-0.12451171875,Get ready
1714063964.799675,0.625732421875,0.7890625,-0.119384765625,Get ready
1714063964.837339,0.63720703125,0.797119140625,-0.11962890625,Get ready
1714063964.877362,0.63623046875,0.795654296875,-0.125244140625,Get ready
1714063964.917504,0.618408203125,0.787109375,-0.136474609375,Get ready
1714063964.957634,0.627685546875,0.78515625,-0.144287109375,Get ready
1714063965.00206,0.625732421875,0.787109375,-0.1337890625,Get ready
1714063965.04316,0.63623046875,0.788330078125,-0.12060546875,Get ready
1714063965.079805,0.631103515625,0.799560546875,-0.130615234375,Get ready
1714063965.121445,0.629638671875,0.798583984375,-0.11572265625,Get ready
1714063965.15939,0.624267578125,0.790771484375,-0.123046875,Get ready
1714063965.214018,0.608642578125,0.7958984375,-0.130859375,Get ready
1714063965.241301,0.60595703125,0.798095703125,-0.129638671875,Get ready
1714063965.278507,0.6005859375,0.794189453125,-0.14990234375,Get ready
1714063965.320636,0.580322265625,0.79150390625,-0.13623046875,Get ready
1714063965.370564,0.599853515625,0.8134765625,-0.141845703125,Get ready
1714063965.397998,0.5966796875,0.82568359375,-0.1455078125,Get ready
1714063965.443849,0.588623046875,0.825927734375,-0.144287109375,Get ready
1714063965.486544,0.58544921875,0.8349609375,-0.1484375,Get ready
1714063965.527299,0.572509765625,0.83056640625,-0.146728515625,Get ready
1714063965.566733,0.56396484375,0.844970703125,-0.1396484375,Get ready
1714063965.600517,0.569580078125,0.84326171875,-0.190185546875,Get ready
1714063965.640346,0.572021484375,0.854736328125,-0.152099609375,Get ready
1714063965.679303,0.578369140625,0.853515625,-0.14453125,Get ready
1714063965.721984,0.57958984375,0.839111328125,-0.1484375,Get ready
1714063965.773868,0.585693359375,0.83349609375,-0.139892578125,Get ready
1714063965.801878,0.57958984375,0.822998046875,-0.140625,Get ready
1714063965.852291,0.59130859375,0.8203125,-0.146484375,Get ready
1714063965.881334,0.582763671875,0.8046875,-0.155029296875,Get ready
1714063965.930953,0.586669921875,0.822021484375,-0.146484375,Get ready
1714063965.959789,0.5791015625,0.8251953125,-0.134033203125,Get ready
1714063966.008468,0.579345703125,0.818115234375,-0.137939453125,Get ready
1714063966.046271,0.5712890625,0.83154296875,-0.120361328125,Get ready
1714063966.085837,0.562744140625,0.828369140625,-0.111083984375,Get ready
1714063966.123952,0.577880859375,0.8359375,-0.123046875,Get ready
1714063966.164698,0.5625,0.832763671875,-0.1416015625,Get ready
1714063966.202454,0.585693359375,0.834228515625,-0.140625,Get ready
1714063966.241401,0.588623046875,0.827880859375,-0.12060546875,Get ready
1714063966.284142,0.581787109375,0.817626953125,-0.137451171875,Get ready
1714063966.325159,0.57666015625,0.818359375,-0.19140625,Get ready
1714063966.36189,0.590087890625,0.817626953125,-0.193359375,Get ready
1714063966.404456,0.568603515625,0.797607421875,-0.189453125,Get ready
1714063966.442797,0.59130859375,0.807373046875,-0.19482421875,Get ready
1714063966.482361,0.589599609375,0.78564453125,-0.205810546875,Get ready
1714063966.524173,0.600341796875,0.80859375,-0.199462890625,Get ready
1714063966.56502,0.615966796875,0.823486328125,-0.170654296875,Get ready
1714063966.601937,0.61181640625,0.815673828125,-0.18212890625,Get ready
1714063966.642636,0.6044921875,0.82666015625,-0.16845703125,Get ready
1714063966.680268,0.586669921875,0.82373046875,-0.1728515625,Get ready
1714063966.720838,0.5849609375,0.82275390625,-0.19287109375,Get ready
1714063966.761302,0.526611328125,0.822021484375,-0.16357421875,Get ready
1714063966.801631,0.5283203125,0.837646484375,-0.181640625,Get ready
1714063966.841244,0.544189453125,0.855712890625,-0.183349609375,Get ready
1714063966.883018,0.5419921875,0.84521484375,-0.162841796875,Get ready
1714063966.923033,0.549072265625,0.8388671875,-0.156982421875,Get ready
1714063966.968996,0.5498046875,0.830322265625,-0.154296875,Get ready
1714063967.004432,0.536865234375,0.82177734375,-0.158935546875,Get ready
1714063967.047818,0.537841796875,0.830078125,-0.168701171875,Get ready
1714063967.085322,0.540283203125,0.842041015625,-0.175048828125,Get ready
1714063967.125332,0.5458984375,0.86474609375,-0.216064453125,Get ready
1714063967.16328,0.547119140625,0.862548828125,-0.21533203125,Get ready
1714063967.204408,0.5537109375,0.845458984375,-0.21044921875,Get ready
1714063967.244052,0.5634765625,0.83544921875,-0.2138671875,Get ready
1714063967.282478,0.585205078125,0.83056640625,-0.210205078125,Get ready
1714063967.322849,0.574462890625,0.8046875,-0.19580078125,Get ready
1714063967.362368,0.5908203125,0.811767578125,-0.20703125,Get ready
1714063967.402859,0.584716796875,0.7939453125,-0.215087890625,Get ready
1714063967.441631,0.58984375,0.7900390625,-0.211181640625,Get ready
1714063967.481503,0.591796875,0.800048828125,-0.2236328125,Get ready
1714063967.52536,0.6025390625,0.803466796875,-0.2255859375,Get ready
1714063967.566941,0.599365234375,0.80712890625,-0.224853515625,Get ready
1714063967.603085,0.59521484375,0.809326171875,-0.225341796875,Get ready
1714063967.643947,0.596435546875,0.81689453125,-0.218505859375,Get ready
1714063967.684012,0.59375,0.80908203125,-0.213623046875,Get ready
1714063967.724351,0.59326171875,0.8076171875,-0.219970703125,Get ready
1714063967.766614,0.591064453125,0.803466796875,-0.216796875,Get ready
1714063967.804832,0.601318359375,0.79931640625,-0.22314453125,Get ready
1714063967.845366,0.605712890625,0.78759765625,-0.2236328125,Get ready
1714063967.885878,0.602294921875,0.786865234375,-0.231689453125,Get ready
1714063967.926704,0.60888671875,0.7880859375,-0.228271484375,Get ready
1714063967.962541,0.604736328125,0.779541015625,-0.238525390625,Get ready
1714063968.002239,0.60400390625,0.782958984375,-0.23291015625,Get ready
1714063968.042464,0.607666015625,0.783203125,-0.225341796875,Get ready
1714063968.083322,0.604248046875,0.78076171875,-0.22900390625,Get ready
1714063968.122931,0.60498046875,0.7763671875,-0.2236328125,Get ready
1714063968.162321,0.602294921875,0.78125,-0.2255859375,Get ready
1714063968.20341,0.60400390625,0.78759765625,-0.22900390625,Get ready
1714063968.243543,0.607177734375,0.796875,-0.230712890625,Get ready
1714063968.283623,0.60302734375,0.794189453125,-0.23095703125,Get ready
1714063968.324751,0.6015625,0.790771484375,-0.23193359375,Get ready
1714063968.366089,0.6044921875,0.784423828125,-0.226806640625,Get ready
1714063968.405442,0.609375,0.79052734375,-0.213134765625,Get ready
1714063968.450101,0.6123046875,0.787841796875,-0.21337890625,Get ready
1714063968.491862,0.60400390625,0.790771484375,-0.2119140625,Get ready
1714063968.530947,0.598876953125,0.7880859375,-0.213623046875,Get ready
1714063968.57146,0.595947265625,0.798583984375,-0.203369140625,Get ready
1714063968.612431,0.59912109375,0.8037109375,-0.20263671875,Get ready
1714063968.651077,0.6005859375,0.805908203125,-0.20556640625,Get ready
1714063968.687754,0.603271484375,0.80419921875,-0.214599609375,Get ready
1714063968.73167,0.598388671875,0.796142578125,-0.211181640625,Get ready
1714063968.772744,0.593994140625,0.785888671875,-0.20751953125,Get ready
1714063968.813659,0.602783203125,0.78369140625,-0.210205078125,Get ready
1714063968.854302,0.607421875,0.7919921875,-0.221923828125,Get ready
1714063968.885369,0.6123046875,0.7919921875,-0.222900390625,Get ready
1714063968.93632,0.611083984375,0.7880859375,-0.234130859375,Get ready
1714063968.966354,0.600830078125,0.78515625,-0.239013671875,Get ready
1714063969.021203,0.599609375,0.7861328125,-0.23291015625,Get ready
1714063969.047365,0.606201171875,0.7880859375,-0.23193359375,Get ready
1714063969.093273,0.601318359375,0.790283203125,-0.23486328125,Get ready
1714063969.130109,0.6005859375,0.78857421875,-0.2392578125,Get ready
1714063969.181058,0.603759765625,0.7900390625,-0.239501953125,Get ready
1714063969.206567,0.60302734375,0.7890625,-0.242431640625,Get ready
1714063969.247357,0.595947265625,0.78369140625,-0.2451171875,Get ready
1714063969.285457,0.599853515625,0.780517578125,-0.248291015625,Get ready
1714063969.327276,0.5947265625,0.780029296875,-0.248046875,Get ready
1714063969.365643,0.60302734375,0.78759765625,-0.20654296875,Get ready
1714063969.406839,0.612548828125,0.7978515625,-0.19091796875,Get ready
1714063969.447396,0.612548828125,0.8046875,-0.16259765625,Get ready
1714063969.488169,0.6123046875,0.799560546875,-0.21240234375,Get ready
1714063969.533844,0.59375,0.792724609375,-0.23681640625,Get ready
1714063969.566178,0.589599609375,0.798828125,-0.2373046875,Get ready
1714063969.607206,0.59716796875,0.80615234375,-0.2265625,Get ready
1714063969.64772,0.60107421875,0.809326171875,-0.2021484375,Get ready
1714063969.687631,0.60107421875,0.80615234375,-0.192626953125,Get ready
1714063969.728882,0.596435546875,0.795654296875,-0.2080078125,Get ready
1714063969.768195,0.59375,0.794677734375,-0.205322265625,Get ready
1714063969.809211,0.6005859375,0.80224609375,-0.203125,Get ready
1714063969.849294,0.604736328125,0.804443359375,-0.20849609375,Get ready
1714063969.889557,0.60009765625,0.8037109375,-0.19775390625,Get ready
1714063969.930461,0.600341796875,0.7958984375,-0.201904296875,Get ready
1714063969.969456,0.600341796875,0.7939453125,-0.202392578125,Get ready
1714063970.011088,0.604248046875,0.795654296875,-0.191650390625,Get ready
1714063970.052895,0.61083984375,0.79931640625,-0.1826171875,Get ready
1714063970.091003,0.613037109375,0.80224609375,-0.173828125,Get ready
1714063970.13217,0.6064453125,0.799072265625,-0.17578125,Get ready
1714063970.173902,0.603515625,0.803955078125,-0.194091796875,Get ready
1714063970.212259,0.601318359375,0.79833984375,-0.19482421875,Get ready
1714063970.250889,0.596435546875,0.809326171875,-0.195068359375,Get ready
1714063970.290494,0.6005859375,0.808837890625,-0.1923828125,Get ready
1714063970.330236,0.596923828125,0.8095703125,-0.1865234375,Get ready
1714063970.371163,0.59814453125,0.8037109375,-0.177978515625,Get ready
1714063970.410351,0.601318359375,0.80810546875,-0.176025390625,Get ready
1714063970.450191,0.6015625,0.802001953125,-0.183349609375,Get ready
1714063970.491083,0.599365234375,0.803955078125,-0.180419921875,Get ready
1714063970.531112,0.607666015625,0.810546875,-0.174072265625,Get ready
1714063970.569683,0.60205078125,0.80859375,-0.17822265625,Get ready
1714063970.609731,0.6005859375,0.80615234375,-0.187255859375,Get ready
1714063970.652185,0.5986328125,0.801025390625,-0.19140625,Get ready
1714063970.688185,0.60009765625,0.796875,-0.20361328125,Get ready
1714063970.729717,0.590576171875,0.78857421875,-0.20654296875,Get ready
1714063970.770939,0.592529296875,0.79150390625,-0.203125,Get ready
1714063970.815655,0.60546875,0.79736328125,-0.19677734375,Get ready
1714063970.849395,0.60498046875,0.800048828125,-0.185302734375,Get ready
1714063970.889252,0.604248046875,0.8046875,-0.181396484375,Get ready
1714063970.930666,0.6083984375,0.80615234375,-0.188720703125,Get ready
1714063970.973219,0.606689453125,0.810791015625,-0.1923828125,Get ready
1714063971.010668,0.60107421875,0.79443359375,-0.18896484375,Get ready
1714063971.052256,0.599853515625,0.7919921875,-0.199462890625,Get ready
1714063971.092015,0.6064453125,0.80078125,-0.20263671875,Get ready
1714063971.132332,0.602783203125,0.799560546875,-0.19580078125,Get ready
1714063971.172391,0.608154296875,0.79638671875,-0.190185546875,Get ready
1714063971.212434,0.606201171875,0.797607421875,-0.179931640625,Get ready
1714063971.249676,0.611572265625,0.799072265625,-0.185791015625,Get ready
1714063971.292813,0.606689453125,0.7998046875,-0.196533203125,Get ready
1714063971.330096,0.600830078125,0.8095703125,-0.20556640625,Get ready
1714063971.370097,0.591064453125,0.810302734375,-0.20751953125,Get ready
1714063971.410219,0.59130859375,0.810791015625,-0.192138671875,Get ready
1714063971.453553,0.5966796875,0.806884765625,-0.187255859375,Get ready
1714063971.494494,0.603515625,0.801513671875,-0.189697265625,Get ready
1714063971.531136,0.61279296875,0.807373046875,-0.188232421875,Get ready
1714063971.572101,0.613037109375,0.791259765625,-0.192626953125,Get ready
1714063971.612208,0.6103515625,0.78515625,-0.1923828125,Get ready
1714063971.660752,0.615234375,0.786865234375,-0.189208984375,Get ready
1714063971.6917,0.607421875,0.791748046875,-0.193359375,Get ready
1714063971.743776,0.598876953125,0.79296875,-0.1953125,Get ready
1714063971.772204,0.602294921875,0.801513671875,-0.1962890625,Get ready
1714063971.815747,0.60302734375,0.808837890625,-0.194091796875,Get ready
1714063971.858517,0.603515625,0.8056640625,-0.18408203125,Get ready
1714063971.893239,0.610595703125,0.805419921875,-0.178466796875,Get ready
1714063971.93737,0.612060546875,0.80712890625,-0.181640625,Get ready
1714063971.980681,0.614013671875,0.7978515625,-0.173095703125,Get ready
1714063972.016375,0.62158203125,0.80615234375,-0.17578125,Get ready
1714063972.056686,0.6162109375,0.795654296875,-0.185302734375,Get ready
1714063972.094537,0.5986328125,0.785400390625,-0.189208984375,Get ready
1714063972.133736,0.58984375,0.785888671875,-0.20849609375,Get ready
1714063972.172763,0.593017578125,0.796875,-0.206787109375,Get ready
1714063972.222975,0.59423828125,0.7998046875,-0.199951171875,Get ready
1714063972.253524,0.60009765625,0.806640625,-0.193359375,Get ready
1714063972.300285,0.603515625,0.810546875,-0.18505859375,Get ready
1714063972.332391,0.602783203125,0.80517578125,-0.187255859375,Get ready
1714063972.375587,0.5908203125,0.802978515625,-0.179931640625,Get ready
1714063972.413182,0.590576171875,0.806396484375,-0.185302734375,Get ready
1714063972.456655,0.593505859375,0.808349609375,-0.181640625,Get ready
1714063972.499161,0.593505859375,0.813720703125,-0.184814453125,Get ready
1714063972.534876,0.599365234375,0.81298828125,-0.184326171875,Get ready
1714063972.576492,0.60498046875,0.809326171875,-0.180419921875,Get ready
1714063972.613205,0.60400390625,0.8076171875,-0.175537109375,Get ready
1714063972.655637,0.59033203125,0.82470703125,-0.172119140625,Get ready
1714063972.691522,0.60791015625,0.733642578125,-0.150146484375,Get ready
1714063972.733775,0.616455078125,0.806884765625,-0.171630859375,Get ready
1714063972.772812,0.582763671875,0.81005859375,-0.17626953125,Get ready
1714063972.813638,0.58056640625,0.80712890625,-0.180908203125,Get ready
1714063972.853716,0.621826171875,0.805908203125,-0.171630859375,Get ready
1714063972.8929,0.579833984375,0.80810546875,-0.1767578125,Get ready
1714063972.93358,0.595703125,0.820556640625,-0.212890625,Get ready
1714063972.973407,0.5888671875,0.792236328125,-0.18359375,Get ready
1714063973.014654,0.597900390625,0.795654296875,-0.2021484375,Get ready
1714063973.054144,0.596923828125,0.80810546875,-0.19189453125,Get ready
1714063973.105824,0.593017578125,0.811279296875,-0.1904296875,Get ready
1714063973.141178,0.591064453125,0.81201171875,-0.18896484375,Get ready
1714063973.176912,0.5927734375,0.81494140625,-0.1865234375,Get ready
1714063973.219311,0.59326171875,0.807861328125,-0.189697265625,Get ready
1714063973.253301,0.588134765625,0.811279296875,-0.185546875,Get ready
1714063973.298862,0.59619140625,0.811767578125,-0.19091796875,Get ready
1714063973.337107,0.599609375,0.798095703125,-0.18408203125,Get ready
1714063973.379847,0.5810546875,0.798828125,-0.1796875,Get ready
1714063973.420714,0.57763671875,0.810791015625,-0.189697265625,Get ready
1714063973.461428,0.568359375,0.8154296875,-0.200439453125,Get ready
1714063973.503154,0.576171875,0.82568359375,-0.18701171875,Get ready
1714063973.537542,0.581787109375,0.839599609375,-0.190185546875,Get ready
1714063973.5829,0.583984375,0.833740234375,-0.183837890625,Get ready
1714063973.615784,0.588134765625,0.827392578125,-0.182373046875,Get ready
1714063973.661097,0.57568359375,0.812744140625,-0.19189453125,Get ready
1714063973.704814,0.580322265625,0.813720703125,-0.1865234375,Get ready
1714063973.738732,0.590087890625,0.800537109375,-0.189697265625,Get ready
1714063973.781985,0.587158203125,0.80078125,-0.201416015625,Get ready
1714063973.819352,0.599609375,0.804443359375,-0.19921875,Get ready
1714063973.86198,0.60205078125,0.805908203125,-0.192138671875,Get ready
1714063973.899888,0.5966796875,0.798583984375,-0.197021484375,Get ready
1714063973.937517,0.59814453125,0.8037109375,-0.203857421875,Get ready
1714063973.980158,0.59619140625,0.803466796875,-0.203125,Get ready
1714063974.016764,0.59326171875,0.80126953125,-0.19580078125,Get ready
1714063974.057036,0.59765625,0.804443359375,-0.19921875,Get ready
1714063974.096635,0.601806640625,0.8134765625,-0.19091796875,Get ready
1714063974.136151,0.602783203125,0.807861328125,-0.18896484375,Get ready
1714063974.175209,0.599609375,0.80615234375,-0.194091796875,Get ready
1714063974.217139,0.59375,0.80224609375,-0.197509765625,Get ready
1714063974.256276,0.5849609375,0.797119140625,-0.20166015625,Get ready
1714063974.296958,0.592041015625,0.803955078125,-0.205078125,Get ready
1714063974.336189,0.596923828125,0.81103515625,-0.205322265625,Get ready
1714063974.378264,0.602294921875,0.80908203125,-0.2001953125,Get ready
1714063974.417266,0.602783203125,0.80810546875,-0.195556640625,Get ready
1714063974.458546,0.599853515625,0.801025390625,-0.185546875,Get ready
1714063974.499081,0.593505859375,0.79833984375,-0.185791015625,Get ready
1714063974.53657,0.6005859375,0.80078125,-0.19189453125,Get ready
1714063974.578518,0.599365234375,0.79931640625,-0.19189453125,Get ready
1714063974.616472,0.59814453125,0.802734375,-0.19189453125,Get ready
1714063974.657124,0.59814453125,0.80322265625,-0.184326171875,Get ready
1714063974.697178,0.608642578125,0.80908203125,-0.179443359375,Get ready
1714063974.737463,0.61328125,0.808349609375,-0.17431640625,Get ready
1714063974.780439,0.631591796875,0.81494140625,-0.19287109375,Get ready
1714063974.820269,0.62744140625,0.803466796875,-0.173828125,Get ready
1714063974.858375,0.587890625,0.773193359375,-0.18212890625,Get ready
1714063974.899149,0.57373046875,0.78125,-0.195556640625,Get ready
1714063974.938073,0.60009765625,0.793212890625,-0.220947265625,Get ready
1714063974.979043,0.5986328125,0.813232421875,-0.21240234375,Get ready
1714063975.020373,0.600341796875,0.8076171875,-0.1962890625,Get ready
1714063975.059222,0.616455078125,0.819580078125,-0.175048828125,Get ready
1714063975.099233,0.604736328125,0.806640625,-0.1748046875,Get ready
1714063975.140267,0.595458984375,0.791748046875,-0.134521484375,Get ready
1714063975.183094,0.61962890625,0.807861328125,-0.128173828125,Get ready
1714063975.218566,0.597412109375,0.8076171875,-0.125244140625,Get ready
1714063975.257176,0.621337890625,0.8134765625,-0.131591796875,Get ready
1714063975.298909,0.624755859375,0.7939453125,-0.11865234375,Get ready
1714063975.341766,0.636962890625,0.77490234375,-0.11328125,Get ready
1714063975.379438,0.653076171875,0.781982421875,-0.13037109375,Get ready
1714063975.419675,0.630859375,0.7919921875,-0.139892578125,Get ready
1714063975.4591,0.6142578125,0.795166015625,-0.152587890625,Get ready
1714063975.499389,0.594482421875,0.79345703125,-0.151611328125,Get ready
1714063975.538275,0.61279296875,0.81103515625,-0.141845703125,Get ready
1714063975.579063,0.596435546875,0.8095703125,-0.1083984375,Get ready
1714063975.619301,0.619384765625,0.8212890625,-0.116943359375,Get ready
1714063975.66174,0.606201171875,0.82080078125,-0.122802734375,Get ready
1714063975.700056,0.587890625,0.82373046875,-0.157958984375,Get ready
1714063975.741732,0.58984375,0.827392578125,-0.17529296875,Get ready
1714063975.78114,0.592041015625,0.825439453125,-0.15966796875,Get ready
1714063975.821039,0.611328125,0.8193359375,-0.133056640625,Get ready
1714063975.859203,0.644287109375,0.81982421875,-0.066162109375,Get ready
1714063975.901025,0.665283203125,0.809326171875,-0.177734375,Get ready
1714063975.938817,0.5810546875,0.785400390625,-0.158447265625,Get ready
1714063975.978877,0.578857421875,0.807373046875,-0.177001953125,Get ready
1714063976.019909,0.58544921875,0.825439453125,-0.181640625,Get ready
1714063976.059563,0.595703125,0.828857421875,-0.17431640625,Get ready
1714063976.10058,0.5859375,0.8173828125,-0.16064453125,Get ready
1714063976.144156,0.577392578125,0.818115234375,-0.16357421875,Get ready
1714063976.180569,0.577392578125,0.828125,-0.162109375,Get ready
1714063976.222118,0.5771484375,0.8271484375,-0.16845703125,Get ready
1714063976.260649,0.583740234375,0.826904296875,-0.16357421875,Get ready
1714063976.303088,0.582275390625,0.82373046875,-0.156494140625,Get ready
1714063976.34349,0.583251953125,0.8232421875,-0.162109375,Get ready
1714063976.381177,0.595947265625,0.822265625,-0.17138671875,Get ready
1714063976.42147,0.597900390625,0.820556640625,-0.165771484375,Get ready
1714063976.46277,0.616455078125,0.818115234375,-0.171875,Get ready
1714063976.501017,0.598876953125,0.80224609375,-0.171875,Get ready
1714063976.540099,0.621826171875,0.80029296875,-0.182861328125,Get ready
1714063976.580496,0.599609375,0.787353515625,-0.184814453125,Get ready
1714063976.62293,0.592041015625,0.798583984375,-0.18212890625,Get ready
1714063976.662587,0.58984375,0.814697265625,-0.176513671875,Get ready
1714063976.701427,0.5810546875,0.82080078125,-0.175537109375,Get ready
1714063976.741431,0.565185546875,0.8232421875,-0.18408203125,Get ready
1714063976.785791,0.568359375,0.82568359375,-0.189208984375,Get ready
1714063976.827364,0.574951171875,0.82373046875,-0.19287109375,Get ready
1714063976.86436,0.580810546875,0.819580078125,-0.205078125,Get ready
1714063976.906942,0.584716796875,0.81005859375,-0.205810546875,Get ready
1714063976.943762,0.582763671875,0.808349609375,-0.2080078125,Get ready
1714063976.985214,0.580078125,0.812744140625,-0.206787109375,Get ready
1714063977.024109,0.583740234375,0.81640625,-0.207275390625,Get ready
1714063977.063749,0.57275390625,0.814208984375,-0.2060546875,Get ready
1714063977.105433,0.576904296875,0.810302734375,-0.205078125,Get ready
1714063977.143168,0.58544921875,0.81103515625,-0.19970703125,Get ready
1714063977.183461,0.592529296875,0.806396484375,-0.211669921875,Get ready
1714063977.235917,0.593994140625,0.808837890625,-0.20556640625,Get ready
1714063977.263171,0.610595703125,0.811767578125,-0.205322265625,Get ready
1714063977.310611,0.608642578125,0.80419921875,-0.203125,Get ready
1714063977.343033,0.598876953125,0.79443359375,-0.19482421875,Get ready
1714063977.395076,0.595947265625,0.792724609375,-0.19091796875,Get ready
1714063977.422657,0.6044921875,0.79833984375,-0.17919921875,Get ready
1714063977.468908,0.6025390625,0.816162109375,-0.179931640625,Get ready
1714063977.503035,0.596923828125,0.819091796875,-0.18505859375,Get ready
1714063977.547747,0.584716796875,0.81591796875,-0.1826171875,Get ready
1714063977.584014,0.578857421875,0.813232421875,-0.197509765625,Get ready
1714063977.627156,0.572021484375,0.804931640625,-0.205322265625,Get ready
1714063977.66675,0.585205078125,0.814208984375,-0.21337890625,Get ready
1714063977.710328,0.584716796875,0.8125,-0.216796875,Get ready
1714063977.745052,0.5791015625,0.809326171875,-0.20947265625,Get ready
1714063977.785182,0.577392578125,0.809814453125,-0.19873046875,Get ready
1714063977.825203,0.59033203125,0.816162109375,-0.21533203125,Get ready
1714063977.86303,0.573486328125,0.806640625,-0.224609375,Get ready
1714063977.905935,0.572265625,0.8095703125,-0.219970703125,Get ready
1714063977.944204,0.572509765625,0.820556640625,-0.216796875,Get ready
1714063977.987404,0.5771484375,0.815673828125,-0.208251953125,Get ready
1714063978.02537,0.5810546875,0.817626953125,-0.193603515625,Get ready
1714063978.063593,0.56689453125,0.826904296875,-0.197021484375,Get ready
1714063978.106055,0.56103515625,0.825927734375,-0.223388671875,Get ready
1714063978.14449,0.55859375,0.826171875,-0.233642578125,Get ready
1714063978.184011,0.551025390625,0.838134765625,-0.235595703125,Get ready
1714063978.225475,0.55615234375,0.843994140625,-0.232421875,Get ready
1714063978.265042,0.552978515625,0.83740234375,-0.238037109375,Get ready
1714063978.307268,0.529296875,0.8056640625,-0.23193359375,Get ready
1714063978.345673,0.534423828125,0.792724609375,-0.232666015625,Get ready
1714063978.387109,0.548828125,0.807373046875,-0.2451171875,Get ready
1714063978.426838,0.554931640625,0.829833984375,-0.252685546875,Get ready
1714063978.468115,0.565185546875,0.845458984375,-0.263916015625,Get ready
1714063978.504315,0.55908203125,0.84375,-0.274658203125,Get ready
1714063978.544074,0.55078125,0.816650390625,-0.26123046875,Get ready
1714063978.585618,0.540283203125,0.8017578125,-0.243408203125,Get ready
1714063978.623512,0.53515625,0.8017578125,-0.229248046875,Get ready
1714063978.664962,0.54736328125,0.800048828125,-0.222900390625,Get ready
1714063978.70429,0.563232421875,0.82666015625,-0.232177734375,Get ready
1714063978.745215,0.560791015625,0.826416015625,-0.219970703125,Get ready
1714063978.785656,0.5498046875,0.82421875,-0.21435546875,Get ready
1714063978.827206,0.551025390625,0.82958984375,-0.217529296875,Get ready
1714063978.872104,0.558349609375,0.835205078125,-0.226806640625,Get ready
1714063978.905619,0.56640625,0.834716796875,-0.223388671875,Get ready
1714063978.946138,0.571044921875,0.827880859375,-0.2119140625,Get ready
1714063978.986057,0.569091796875,0.830322265625,-0.208251953125,Get ready
1714063979.028116,0.574462890625,0.8251953125,-0.198974609375,Get ready
1714063979.066679,0.578125,0.8330078125,-0.19677734375,Get ready
1714063979.108652,0.577880859375,0.827392578125,-0.1962890625,Get ready
1714063979.144958,0.5771484375,0.823486328125,-0.2021484375,Get ready
1714063979.184035,0.57177734375,0.8193359375,-0.20947265625,Get ready
1714063979.227347,0.567626953125,0.816650390625,-0.212646484375,Get ready
1714063979.265408,0.568603515625,0.813720703125,-0.218505859375,Get ready
1714063979.306632,0.570068359375,0.81298828125,-0.215576171875,Get ready
1714063979.346861,0.57177734375,0.814697265625,-0.213623046875,Get ready
1714063979.385893,0.571044921875,0.81591796875,-0.206298828125,Get ready
1714063979.428592,0.572265625,0.81640625,-0.207275390625,Get ready
1714063979.468225,0.57421875,0.819580078125,-0.213623046875,Get ready
1714063979.506295,0.5751953125,0.816650390625,-0.21728515625,Get ready
1714063979.54714,0.570556640625,0.816650390625,-0.2197265625,Get ready
1714063979.586979,0.573974609375,0.81640625,-0.209228515625,Get ready
1714063979.628009,0.57470703125,0.813720703125,-0.203125,Get ready
1714063979.667999,0.57958984375,0.81494140625,-0.204345703125,Get ready
1714063979.707113,0.581787109375,0.81494140625,-0.203125,Get ready
1714063979.746962,0.586669921875,0.814208984375,-0.200927734375,Get ready
1714063979.786545,0.588623046875,0.8154296875,-0.197998046875,Get ready
1714063979.825332,0.589599609375,0.8154296875,-0.20166015625,Get ready
1714063979.91412,0.588623046875,0.80859375,-0.20654296875,Get ready
1714063979.920279,0.587646484375,0.8076171875,-0.209228515625,Get ready
1714063979.947921,0.587158203125,0.802490234375,-0.212890625,Get ready
1714063979.988684,0.587158203125,0.80419921875,-0.21875,Get ready
1714063980.031901,0.58447265625,0.802001953125,-0.216064453125,Get ready
1714063980.069647,0.584228515625,0.80078125,-0.218994140625,Get ready
1714063980.112075,0.5908203125,0.8056640625,-0.220947265625,Get ready
1714063980.149657,0.587890625,0.804931640625,-0.22607421875,Get ready
1714063980.188315,0.591796875,0.808349609375,-0.22412109375,Get ready
1714063980.22793,0.587646484375,0.804443359375,-0.220458984375,Get ready
1714063980.267553,0.591552734375,0.801025390625,-0.217041015625,Get ready
1714063980.31076,0.589599609375,0.802734375,-0.220703125,Get ready
1714063980.350314,0.59326171875,0.802001953125,-0.220703125,Get ready
1714063980.38868,0.595947265625,0.804443359375,-0.224365234375,Get ready
1714063980.428015,0.589111328125,0.80126953125,-0.22314453125,Get ready
1714063980.467267,0.588134765625,0.797607421875,-0.228515625,Get ready
1714063980.506316,0.589111328125,0.795654296875,-0.232177734375,Get ready
1714063980.546311,0.58837890625,0.79345703125,-0.237060546875,Get ready
1714063980.591647,0.58203125,0.79052734375,-0.23876953125,Get ready
1714063980.628345,0.58544921875,0.797119140625,-0.2490234375,Get ready
1714063980.669927,0.58935546875,0.79638671875,-0.244140625,Get ready
1714063980.708783,0.58984375,0.800537109375,-0.23974609375,Get ready
1714063980.750875,0.594482421875,0.796142578125,-0.234619140625,Get ready
1714063980.787049,0.59521484375,0.79296875,-0.23095703125,Get ready
1714063980.829232,0.5986328125,0.79443359375,-0.235107421875,Get ready
1714063980.86793,0.59912109375,0.79541015625,-0.228271484375,Get ready
1714063980.907932,0.593994140625,0.795166015625,-0.233642578125,Get ready
1714063980.949092,0.591552734375,0.79345703125,-0.22802734375,Get ready
1714063981.001139,0.590576171875,0.79736328125,-0.2275390625,Get ready
1714063981.030779,0.58984375,0.80029296875,-0.221435546875,Get ready
1714063981.07346,0.59423828125,0.799072265625,-0.226806640625,Get ready
1714063981.109468,0.592041015625,0.799560546875,-0.225341796875,Get ready
1714063981.155087,0.59375,0.80126953125,-0.22216796875,Get ready
1714063981.18743,0.594970703125,0.8037109375,-0.222900390625,Get ready
1714063981.238557,0.59326171875,0.802001953125,-0.22314453125,Get ready
1714063981.267337,0.593994140625,0.80322265625,-0.225341796875,Get ready
1714063981.313736,0.592041015625,0.795166015625,-0.2275390625,Get ready
1714063981.348139,0.59228515625,0.79736328125,-0.231689453125,Get ready
1714063981.392626,0.592041015625,0.795166015625,-0.228759765625,Get ready
1714063981.436249,0.59130859375,0.79638671875,-0.23046875,Get ready
1714063981.471869,0.5927734375,0.796630859375,-0.231201171875,Get ready
1714063981.50996,0.596923828125,0.79833984375,-0.23046875,Get ready
1714063981.550737,0.596923828125,0.79638671875,-0.230712890625,Get ready
1714063981.591766,0.59814453125,0.79541015625,-0.22314453125,Get ready
1714063981.63151,0.5966796875,0.795166015625,-0.228759765625,Get ready
1714063981.672098,0.59228515625,0.79638671875,-0.2294921875,Get ready
1714063981.710162,0.591796875,0.800048828125,-0.231689453125,Get ready
1714063981.750287,0.594482421875,0.798583984375,-0.228271484375,Get ready
1714063981.798215,0.593994140625,0.79931640625,-0.2353515625,Get ready
1714063981.827885,0.5849609375,0.80078125,-0.23583984375,Get ready
1714063981.874689,0.591064453125,0.808349609375,-0.23974609375,Get ready
1714063981.908631,0.588134765625,0.806640625,-0.23046875,Get ready
1714063981.962107,0.58740234375,0.800048828125,-0.2275390625,Get ready
1714063981.991038,0.59228515625,0.793701171875,-0.23046875,Get ready
1714063982.036551,0.595458984375,0.794677734375,-0.2333984375,Get ready
1714063982.069911,0.598876953125,0.791015625,-0.23291015625,Get ready
1714063982.120484,0.600341796875,0.79296875,-0.23388671875,Get ready
1714063982.149777,0.595703125,0.78955078125,-0.230224609375,Get ready
1714063982.192438,0.59521484375,0.79345703125,-0.234130859375,Get ready
1714063982.229947,0.592529296875,0.79248046875,-0.2353515625,Get ready
1714063982.280335,0.590576171875,0.7958984375,-0.234619140625,Get ready
1714063982.316973,0.5947265625,0.798583984375,-0.239013671875,Get ready
1714063982.356566,0.59619140625,0.799560546875,-0.239013671875,Get ready
1714063982.397272,0.591552734375,0.7978515625,-0.2314453125,Get ready
1714063982.436864,0.587646484375,0.7919921875,-0.237548828125,Get ready
1714063982.475383,0.587646484375,0.796630859375,-0.23681640625,Get ready
1714063982.517665,0.5908203125,0.7998046875,-0.239990234375,Get ready
1714063982.554823,0.597900390625,0.80029296875,-0.2392578125,Get ready
1714063982.596123,0.593505859375,0.796142578125,-0.235595703125,Get ready
1714063982.636196,0.591552734375,0.797119140625,-0.233642578125,Get ready
1714063982.678893,0.5966796875,0.79443359375,-0.23046875,Get ready
1714063982.717012,0.59716796875,0.798828125,-0.2294921875,Get ready
1714063982.752976,0.5947265625,0.79931640625,-0.231201171875,Get ready
1714063982.791009,0.593994140625,0.797119140625,-0.2314453125,Get ready
1714063982.833289,0.591064453125,0.79296875,-0.232177734375,Get ready
1714063982.87174,0.592041015625,0.793701171875,-0.23486328125,Get ready
1714063982.911625,0.5908203125,0.79443359375,-0.23681640625,Get ready
1714063982.954625,0.587158203125,0.7958984375,-0.2333984375,Get ready
1714063982.991989,0.593017578125,0.796630859375,-0.236572265625,Get ready
1714063983.03159,0.588623046875,0.80224609375,-0.2412109375,Get ready
1714063983.071293,0.593505859375,0.801513671875,-0.240478515625,Get ready
1714063983.111643,0.590576171875,0.795654296875,-0.240234375,Get ready
1714063983.149498,0.5869140625,0.796630859375,-0.240966796875,Get ready
1714063983.190754,0.590087890625,0.80029296875,-0.238525390625,Get ready
1714063983.229581,0.58935546875,0.796142578125,-0.241943359375,Get ready
1714063983.269885,0.58740234375,0.798583984375,-0.240966796875,Get ready
1714063983.321483,0.591796875,0.79736328125,-0.242431640625,Get ready
1714063983.350509,0.58935546875,0.796875,-0.233642578125,Get ready
1714063983.400039,0.593505859375,0.798095703125,-0.232666015625,Get ready
1714063983.430098,0.591064453125,0.797119140625,-0.237548828125,Get ready
1714063983.474448,0.5908203125,0.79541015625,-0.23779296875,Get ready
1714063983.517483,0.59033203125,0.792236328125,-0.238525390625,Get ready
1714063983.557594,0.590576171875,0.79443359375,-0.239013671875,Get ready
1714063983.595214,0.590087890625,0.796630859375,-0.23974609375,Get ready
1714063983.63665,0.588623046875,0.798583984375,-0.240234375,Get ready
1714063983.676411,0.58642578125,0.79248046875,-0.237548828125,Get ready
1714063983.718041,0.58935546875,0.7978515625,-0.24169921875,Get ready
1714063983.748868,0.5947265625,0.799072265625,-0.242431640625,Get ready
1714063983.798178,0.592529296875,0.800048828125,-0.23876953125,Get ready
1714063983.837781,0.5888671875,0.799072265625,-0.23583984375,Get ready
1714063983.87785,0.590576171875,0.796875,-0.2373046875,Get ready
1714063983.91643,0.593017578125,0.80078125,-0.242431640625,Get ready
1714063983.951494,0.5830078125,0.800048828125,-0.237548828125,Get ready
1714063983.997171,0.589111328125,0.796875,-0.24267578125,Get ready
1714063984.03752,0.58740234375,0.79541015625,-0.236572265625,Get ready
1714063984.076745,0.592529296875,0.793701171875,-0.240234375,Get ready
1714063984.116667,0.5908203125,0.79345703125,-0.239990234375,Get ready
1714063984.152115,0.58935546875,0.792724609375,-0.242919921875,Get ready
1714063984.192744,0.590576171875,0.79541015625,-0.23779296875,Get ready
1714063984.233333,0.59228515625,0.794677734375,-0.23779296875,Get ready
1714063984.272915,0.59130859375,0.796630859375,-0.242431640625,Get ready
1714063984.313171,0.59326171875,0.79736328125,-0.24365234375,Get ready
1714063984.362828,0.59375,0.79541015625,-0.241455078125,Get ready
1714063984.39213,0.590576171875,0.796875,-0.2373046875,Get ready
1714063984.443756,0.5908203125,0.7958984375,-0.238037109375,Get ready
1714063984.4736,0.58740234375,0.797607421875,-0.23583984375,Get ready
1714063984.522786,0.593994140625,0.802001953125,-0.235107421875,Get ready
1714063984.551993,0.590576171875,0.800048828125,-0.229248046875,Get ready
1714063984.601079,0.593017578125,0.801025390625,-0.238525390625,Get ready
1714063984.63996,0.59228515625,0.795166015625,-0.2353515625,Get ready
1714063984.674295,0.59130859375,0.7998046875,-0.238037109375,Get ready
1714063984.720113,0.58837890625,0.795654296875,-0.236572265625,Get ready
1714063984.759898,0.58984375,0.797607421875,-0.238037109375,Get ready
1714063984.793747,0.58984375,0.79931640625,-0.242431640625,Get ready
1714063984.837044,0.589599609375,0.79931640625,-0.240478515625,Get ready
1714063984.874187,0.58837890625,0.795166015625,-0.239501953125,Get ready
1714063984.918222,0.58837890625,0.79736328125,-0.23828125,Get ready
1714063984.961708,0.587890625,0.798583984375,-0.240234375,Get ready
1714063985.001924,0.5859375,0.799560546875,-0.242431640625,Get ready
1714063985.040137,0.58984375,0.796630859375,-0.242919921875,Get ready
1714063985.073192,0.588623046875,0.798828125,-0.241455078125,Get ready
1714063985.118122,0.58740234375,0.796142578125,-0.240234375,Get ready
1714063985.153221,0.58349609375,0.798095703125,-0.244140625,Get ready
1714063985.198578,0.5859375,0.798095703125,-0.239990234375,Get ready
1714063985.239589,0.586181640625,0.8017578125,-0.242431640625,Get ready
1714063985.277862,0.59326171875,0.80078125,-0.24365234375,Get ready
1714063985.318183,0.587646484375,0.796875,-0.239990234375,Get ready
1714063985.357315,0.589111328125,0.7998046875,-0.2421875,Get ready
1714063985.395394,0.586669921875,0.798583984375,-0.2412109375,Get ready
1714063985.441334,0.585205078125,0.7978515625,-0.23974609375,Get ready
1714063985.492084,0.587890625,0.799072265625,-0.239501953125,Get ready
1714063985.515591,0.58544921875,0.797607421875,-0.239501953125,Get ready
1714063985.557505,0.585205078125,0.796142578125,-0.242919921875,Get ready
1714063985.597757,0.590087890625,0.80029296875,-0.240478515625,Get ready
1714063985.637416,0.584716796875,0.79638671875,-0.239501953125,Get ready
1714063985.680512,0.591552734375,0.802978515625,-0.243408203125,Get ready
1714063985.715662,0.586669921875,0.796875,-0.24072265625,Get ready
1714063985.754082,0.587158203125,0.796875,-0.23974609375,Get ready
1714063985.795973,0.586669921875,0.79833984375,-0.244384765625,Get ready
1714063985.837225,0.5751953125,0.7939453125,-0.26171875,Get ready
1714063985.876975,0.58544921875,0.7939453125,-0.24755859375,Get ready
1714063985.915291,0.58642578125,0.798095703125,-0.25341796875,Get ready
1714063985.955052,0.5869140625,0.802490234375,-0.251220703125,Get ready
1714063985.996753,0.593994140625,0.782958984375,-0.24560546875,Get ready
1714063986.04833,0.59130859375,0.7822265625,-0.263427734375,Get ready
1714063986.077639,0.59912109375,0.785400390625,-0.269287109375,Get ready
1714063986.123251,0.607421875,0.785400390625,-0.263671875,Get ready
1714063986.155878,0.595947265625,0.781005859375,-0.270263671875,Get ready
1714063986.20782,0.597412109375,0.777587890625,-0.273681640625,Get ready
1714063986.236936,0.591064453125,0.775146484375,-0.284912109375,Get ready
1714063986.286003,0.5966796875,0.769287109375,-0.283935546875,Get ready
1714063986.315793,0.598876953125,0.767333984375,-0.285888671875,Get ready
1714063986.36514,0.599365234375,0.765625,-0.282958984375,Get ready
1714063986.39385,0.60400390625,0.773193359375,-0.283203125,Get ready
1714063986.446315,0.598388671875,0.770263671875,-0.2890625,Get ready
1714063986.474807,0.5927734375,0.777099609375,-0.297607421875,Get ready
1714063986.525106,0.590087890625,0.775634765625,-0.299072265625,Get ready
1714063986.555851,0.59375,0.773681640625,-0.2939453125,Get ready
1714063986.600486,0.593994140625,0.77685546875,-0.292236328125,Get ready
1714063986.644458,0.5927734375,0.775146484375,-0.291259765625,Get ready
1714063986.678864,0.590576171875,0.77783203125,-0.291259765625,Get ready
1714063986.721699,0.5908203125,0.7783203125,-0.294677734375,Get ready
1714063986.76231,0.5908203125,0.7724609375,-0.2939453125,Get ready
1714063986.802625,0.588134765625,0.771484375,-0.295166015625,Get ready
1714063986.838519,0.590087890625,0.77587890625,-0.29931640625,Get ready
1714063986.890274,0.58837890625,0.77734375,-0.28759765625,Get ready
1714063986.918866,0.593017578125,0.77587890625,-0.2919921875,Get ready
1714063986.961011,0.589111328125,0.7763671875,-0.29150390625,Get ready
1714063986.997834,0.59228515625,0.779052734375,-0.293701171875,Get ready
1714063987.040176,0.589111328125,0.778564453125,-0.28857421875,Get ready
1714063987.076886,0.58984375,0.77978515625,-0.291259765625,Get ready
1714063987.117063,0.588134765625,0.780029296875,-0.29345703125,Get ready
1714063987.157836,0.58935546875,0.78125,-0.296630859375,Get ready
1714063987.197119,0.586669921875,0.77880859375,-0.29638671875,Get ready
1714063987.238226,0.58544921875,0.778076171875,-0.29150390625,Get ready
1714063987.28085,0.5859375,0.78125,-0.290771484375,Get ready
1714063987.319541,0.5908203125,0.783935546875,-0.29443359375,Get ready
1714063987.360178,0.58447265625,0.779541015625,-0.29150390625,Get ready
1714063987.39788,0.587646484375,0.77880859375,-0.2880859375,Get ready
1714063987.438737,0.588134765625,0.783203125,-0.29052734375,Get ready
1714063987.478949,0.585693359375,0.783935546875,-0.28759765625,Get ready
1714063987.520076,0.5849609375,0.783447265625,-0.28955078125,Get ready
1714063987.560142,0.58544921875,0.786376953125,-0.2900390625,Get ready
1714063987.601228,0.58740234375,0.78076171875,-0.28662109375,Get ready
1714063987.639515,0.586181640625,0.775634765625,-0.286376953125,Get ready
1714063987.679983,0.583984375,0.780029296875,-0.289306640625,Get ready
1714063987.717772,0.590576171875,0.7802734375,-0.289306640625,Get ready
1714063987.75842,0.585693359375,0.784912109375,-0.29052734375,Get ready
1714063987.798986,0.5849609375,0.785400390625,-0.287109375,Get ready
1714063987.841785,0.583251953125,0.783935546875,-0.289794921875,Get ready
1714063987.878929,0.58349609375,0.78466796875,-0.2919921875,Get ready
1714063987.918765,0.583251953125,0.780517578125,-0.28662109375,Get ready
1714063987.958973,0.58251953125,0.78125,-0.29052734375,Get ready
1714063987.999809,0.5859375,0.7822265625,-0.28857421875,Get ready
1714063988.039825,0.591064453125,0.785400390625,-0.279541015625,Mouth closed
1714063988.080049,0.58642578125,0.786376953125,-0.281982421875,Mouth closed
1714063988.121342,0.5810546875,0.788818359375,-0.286865234375,Mouth closed
1714063988.161194,0.5849609375,0.78515625,-0.28515625,Mouth closed
1714063988.204887,0.58154296875,0.787841796875,-0.292236328125,Mouth closed
1714063988.246949,0.577392578125,0.787841796875,-0.288818359375,Mouth closed
1714063988.287039,0.58154296875,0.78466796875,-0.2861328125,Mouth closed
1714063988.329499,0.583740234375,0.788818359375,-0.2900390625,Mouth closed
1714063988.359916,0.582763671875,0.7880859375,-0.28466796875,Mouth closed
1714063988.413017,0.58349609375,0.785888671875,-0.283447265625,Mouth closed
1714063988.440857,0.581787109375,0.784912109375,-0.290283203125,Mouth closed
1714063988.492489,0.582275390625,0.786376953125,-0.286865234375,Mouth closed
1714063988.519694,0.58740234375,0.78369140625,-0.290283203125,Mouth closed
1714063988.561523,0.581787109375,0.78466796875,-0.28515625,Mouth closed
1714063988.600583,0.5869140625,0.78759765625,-0.2900390625,Mouth closed
1714063988.643361,0.58056640625,0.78662109375,-0.28564453125,Mouth closed
1714063988.681668,0.58251953125,0.7861328125,-0.291015625,Mouth closed
1714063988.724704,0.58203125,0.785400390625,-0.28759765625,Mouth closed
1714063988.763234,0.582763671875,0.78857421875,-0.2890625,Mouth closed
1714063988.806044,0.5791015625,0.783935546875,-0.288818359375,Mouth closed
1714063988.840713,0.580810546875,0.785888671875,-0.289306640625,Mouth closed
1714063988.881895,0.58349609375,0.783203125,-0.287841796875,Mouth closed
1714063988.922767,0.588623046875,0.78369140625,-0.281005859375,Mouth closed
1714063988.961396,0.587890625,0.784423828125,-0.279541015625,Mouth closed
1714063989.000843,0.578857421875,0.79931640625,-0.293212890625,Mouth closed
1714063989.039787,0.584228515625,0.785400390625,-0.27734375,Mouth closed
1714063989.079938,0.5849609375,0.788330078125,-0.281005859375,Mouth closed
1714063989.120816,0.57177734375,0.783935546875,-0.2841796875,Mouth closed
1714063989.162201,0.585693359375,0.7890625,-0.28076171875,Mouth closed
1714063989.202233,0.58251953125,0.79150390625,-0.26611328125,Mouth closed
1714063989.243099,0.575439453125,0.786865234375,-0.2822265625,Mouth closed
1714063989.282347,0.56396484375,0.7890625,-0.271484375,Mouth closed
1714063989.326653,0.57568359375,0.794677734375,-0.270751953125,Mouth closed
1714063989.363694,0.585693359375,0.797119140625,-0.26318359375,Mouth closed
1714063989.405252,0.5810546875,0.794189453125,-0.261474609375,Mouth closed
1714063989.445319,0.580322265625,0.796875,-0.267822265625,Mouth closed
1714063989.485482,0.554443359375,0.80615234375,-0.266845703125,Mouth closed
1714063989.525006,0.577880859375,0.793212890625,-0.26513671875,Mouth closed
1714063989.567193,0.582763671875,0.795166015625,-0.265625,Mouth closed
1714063989.609557,0.583984375,0.797607421875,-0.26171875,Mouth closed
1714063989.646086,0.581298828125,0.792724609375,-0.263671875,Mouth closed
1714063989.683662,0.583251953125,0.79296875,-0.264404296875,Mouth closed
1714063989.729641,0.5810546875,0.791748046875,-0.26708984375,Mouth closed
1714063989.76321,0.579345703125,0.792724609375,-0.268798828125,Mouth closed
1714063989.80072,0.580810546875,0.79345703125,-0.2666015625,Mouth closed
1714063989.840693,0.584228515625,0.79541015625,-0.26318359375,Mouth closed
1714063989.882461,0.584716796875,0.7958984375,-0.2626953125,Mouth closed
1714063989.923024,0.582275390625,0.795654296875,-0.26708984375,Mouth closed
1714063989.96334,0.577880859375,0.79345703125,-0.265380859375,Mouth closed
1714063990.003553,0.57958984375,0.797607421875,-0.266357421875,Mouth closed
1714063990.045357,0.583740234375,0.79638671875,-0.265380859375,Mouth closed
1714063990.086995,0.580322265625,0.79736328125,-0.263916015625,Mouth closed
1714063990.13078,0.580810546875,0.7958984375,-0.26318359375,Mouth closed
1714063990.166392,0.58251953125,0.796875,-0.264404296875,Mouth closed
1714063990.217698,0.58056640625,0.795654296875,-0.260986328125,Mouth closed
1714063990.246719,0.5830078125,0.79638671875,-0.263916015625,Mouth closed
1714063990.282735,0.583984375,0.795654296875,-0.262939453125,Mouth closed
1714063990.323868,0.5849609375,0.79541015625,-0.26220703125,Mouth closed
1714063990.370891,0.58349609375,0.7919921875,-0.26220703125,Mouth closed
1714063990.401742,0.58056640625,0.794677734375,-0.264404296875,Mouth closed
1714063990.453662,0.585205078125,0.79443359375,-0.264404296875,Mouth closed
1714063990.483433,0.5830078125,0.79443359375,-0.26416015625,Mouth closed
1714063990.533666,0.5810546875,0.794189453125,-0.265380859375,Mouth closed
1714063990.56276,0.586181640625,0.795654296875,-0.259521484375,Mouth closed
1714063990.605403,0.58349609375,0.794677734375,-0.261474609375,Mouth closed
1714063990.6437,0.582275390625,0.795166015625,-0.260498046875,Mouth closed
1714063990.695063,0.583251953125,0.798095703125,-0.258544921875,Mouth closed
1714063990.731458,0.584716796875,0.797119140625,-0.259521484375,Mouth closed
1714063990.764833,0.579833984375,0.794189453125,-0.2626953125,Mouth closed
1714063990.804139,0.5830078125,0.79296875,-0.263916015625,Mouth closed
1714063990.843667,0.586669921875,0.795166015625,-0.263916015625,Mouth closed
1714063990.886683,0.58349609375,0.794189453125,-0.259033203125,Mouth closed
1714063990.929665,0.58349609375,0.79345703125,-0.255859375,Mouth closed
1714063990.968096,0.5859375,0.79736328125,-0.25927734375,Mouth closed
1714063991.008217,0.58251953125,0.798828125,-0.26220703125,Mouth closed
1714063991.044932,0.5849609375,0.795166015625,-0.26513671875,Mouth closed
1714063991.086431,0.582763671875,0.793701171875,-0.2587890625,Mouth closed
1714063991.125404,0.585205078125,0.79345703125,-0.261962890625,Mouth closed
1714063991.166778,0.583984375,0.796142578125,-0.2587890625,Mouth closed
1714063991.20433,0.586669921875,0.796630859375,-0.259521484375,Mouth closed
1714063991.24626,0.58349609375,0.794677734375,-0.261474609375,Mouth closed
1714063991.284496,0.582275390625,0.796875,-0.258544921875,Mouth closed
1714063991.324279,0.5791015625,0.795166015625,-0.262451171875,Mouth closed
1714063991.364347,0.5830078125,0.794921875,-0.26123046875,Mouth closed
1714063991.411912,0.5830078125,0.7958984375,-0.26025390625,Mouth closed
1714063991.447818,0.5849609375,0.795654296875,-0.258544921875,Mouth closed
1714063991.484732,0.589111328125,0.797119140625,-0.25927734375,Mouth closed
1714063991.525928,0.582763671875,0.789306640625,-0.257568359375,Mouth closed
1714063991.570165,0.58203125,0.796142578125,-0.260009765625,Mouth closed
1714063991.602695,0.58935546875,0.796142578125,-0.262451171875,Mouth closed
1714063991.657024,0.587646484375,0.797119140625,-0.259521484375,Mouth closed
1714063991.681788,0.585205078125,0.7939453125,-0.257080078125,Mouth closed
1714063991.723793,0.5849609375,0.7978515625,-0.259765625,Mouth closed
1714063991.763918,0.583740234375,0.796875,-0.2587890625,Mouth closed
1714063991.804999,0.58349609375,0.793701171875,-0.257080078125,Mouth closed
1714063991.845291,0.583740234375,0.79345703125,-0.255615234375,Mouth closed
1714063991.885248,0.586181640625,0.7939453125,-0.2568359375,Mouth closed
1714063991.926281,0.587646484375,0.796875,-0.25634765625,Mouth closed
1714063991.978578,0.586669921875,0.798095703125,-0.254150390625,Mouth closed
1714063992.005206,0.586669921875,0.79833984375,-0.255126953125,Mouth closed
1714063992.057332,0.5859375,0.79541015625,-0.25439453125,Mouth closed
1714063992.085934,0.587158203125,0.7939453125,-0.257080078125,Mouth closed
1714063992.12491,0.588134765625,0.79296875,-0.256103515625,Mouth closed
1714063992.165025,0.590087890625,0.7919921875,-0.25537109375,Mouth closed
1714063992.20477,0.588623046875,0.794189453125,-0.255126953125,Mouth closed
1714063992.243738,0.584228515625,0.791259765625,-0.254638671875,Mouth closed
1714063992.283702,0.590576171875,0.790283203125,-0.254150390625,Mouth closed
1714063992.323221,0.588623046875,0.794677734375,-0.25390625,Mouth closed
1714063992.368255,0.587158203125,0.793212890625,-0.256591796875,Mouth closed
1714063992.404805,0.588134765625,0.7939453125,-0.251708984375,Mouth closed
1714063992.447412,0.584716796875,0.7939453125,-0.25341796875,Mouth closed
1714063992.486023,0.587646484375,0.799072265625,-0.250244140625,Mouth closed
1714063992.525662,0.58740234375,0.800048828125,-0.25390625,Mouth closed
1714063992.564374,0.5859375,0.796142578125,-0.250244140625,Mouth closed
1714063992.604026,0.590576171875,0.7998046875,-0.247314453125,Mouth closed
1714063992.644859,0.604736328125,0.80029296875,-0.251953125,Mouth closed
1714063992.690737,0.601318359375,0.80224609375,-0.226318359375,Mouth closed
1714063992.724983,0.599365234375,0.79638671875,-0.224853515625,Mouth closed
1714063992.775584,0.56689453125,0.779296875,-0.248291015625,Mouth closed
1714063992.805479,0.58740234375,0.783203125,-0.260498046875,Mouth closed
1714063992.857852,0.5908203125,0.775146484375,-0.25732421875,Mouth closed
1714063992.885323,0.587890625,0.785400390625,-0.2587890625,Mouth closed
1714063992.92477,0.588134765625,0.7841796875,-0.259033203125,Mouth closed
1714063992.962052,0.58544921875,0.79150390625,-0.239013671875,Mouth closed
1714063993.003311,0.5751953125,0.79541015625,-0.237060546875,Mouth closed
1714063993.045685,0.58935546875,0.807861328125,-0.236083984375,Mouth closed
1714063993.09656,0.59130859375,0.8056640625,-0.2392578125,Mouth closed
1714063993.124569,0.600830078125,0.800048828125,-0.2197265625,Mouth closed
1714063993.167577,0.59326171875,0.805908203125,-0.220947265625,Mouth closed
1714063993.204414,0.6044921875,0.802978515625,-0.216552734375,Mouth closed
1714063993.250054,0.60693359375,0.796875,-0.212646484375,Mouth closed
1714063993.28393,0.602294921875,0.794189453125,-0.21826171875,Mouth closed
1714063993.329196,0.603271484375,0.796142578125,-0.210693359375,Mouth closed
1714063993.37134,0.6025390625,0.798095703125,-0.205078125,Mouth closed
1714063993.404725,0.609619140625,0.806640625,-0.19873046875,Mouth closed
1714063993.446629,0.609375,0.80322265625,-0.193359375,Mouth closed
1714063993.487888,0.58984375,0.791015625,-0.20703125,Mouth closed
1714063993.52452,0.613525390625,0.7978515625,-0.201171875,Mouth closed
1714063993.56654,0.607421875,0.802734375,-0.1904296875,Mouth closed
1714063993.60469,0.60302734375,0.798095703125,-0.200439453125,Mouth closed
1714063993.644623,0.598388671875,0.802490234375,-0.19580078125,Mouth closed
1714063993.685167,0.594970703125,0.80126953125,-0.1953125,Mouth closed
1714063993.724787,0.59912109375,0.807861328125,-0.1875,Mouth closed
1714063993.764013,0.59375,0.810791015625,-0.185546875,Mouth closed
1714063993.804017,0.583251953125,0.8154296875,-0.183349609375,Mouth closed
1714063993.845106,0.587158203125,0.816650390625,-0.185791015625,Mouth closed
1714063993.888613,0.59375,0.811767578125,-0.1943359375,Mouth closed
1714063993.925991,0.5927734375,0.80712890625,-0.179443359375,Mouth closed
1714063993.979109,0.60302734375,0.80712890625,-0.18408203125,Mouth closed
1714063994.008769,0.599853515625,0.8017578125,-0.17822265625,Mouth closed
1714063994.058874,0.597900390625,0.800537109375,-0.1796875,Mouth closed
1714063994.086502,0.603515625,0.8076171875,-0.18408203125,Mouth closed
1714063994.137452,0.603759765625,0.805419921875,-0.18408203125,Mouth closed
1714063994.16666,0.610595703125,0.802978515625,-0.178955078125,Mouth closed
1714063994.215992,0.6123046875,0.798583984375,-0.17822265625,Mouth closed
1714063994.24593,0.612060546875,0.79248046875,-0.176025390625,Mouth closed
1714063994.291804,0.61572265625,0.7939453125,-0.174072265625,Mouth closed
1714063994.324452,0.622802734375,0.800048828125,-0.172607421875,Mouth closed
1714063994.370195,0.63330078125,0.80517578125,-0.1708984375,Mouth closed
1714063994.404825,0.61474609375,0.789306640625,-0.157958984375,Mouth closed
1714063994.446097,0.651123046875,0.800048828125,-0.17724609375,Mouth closed
1714063994.485611,0.61962890625,0.773681640625,-0.1552734375,Mouth closed
1714063994.535482,0.595703125,0.77197265625,-0.116943359375,Mouth closed
1714063994.565036,0.610595703125,0.795166015625,-0.116455078125,Mouth closed
1714063994.607953,0.595703125,0.8076171875,-0.1044921875,Mouth closed
1714063994.645587,0.59521484375,0.83544921875,-0.126953125,Mouth closed
1714063994.688701,0.600341796875,0.834228515625,-0.1142578125,Mouth closed
1714063994.726736,0.6201171875,0.817138671875,-0.11328125,Mouth closed
1714063994.781716,0.629638671875,0.802978515625,-0.08544921875,Mouth closed
1714063994.808949,0.625,0.825927734375,-0.073974609375,Mouth closed
1714063994.85032,0.61767578125,0.836181640625,-0.06103515625,Mouth closed
1714063994.887527,0.60791015625,0.827880859375,-0.082275390625,Mouth closed
1714063994.928671,0.605224609375,0.82373046875,-0.083740234375,Mouth closed
1714063994.965237,0.60986328125,0.80224609375,-0.103271484375,Mouth closed
1714063995.007272,0.613037109375,0.79833984375,-0.115234375,Mouth closed
1714063995.045854,0.634033203125,0.794189453125,-0.12255859375,Mouth closed
1714063995.087031,0.642822265625,0.7998046875,-0.104248046875,Mouth closed
1714063995.125637,0.630859375,0.793701171875,-0.108642578125,Mouth closed
1714063995.176279,0.61474609375,0.792236328125,-0.1328125,Mouth closed
1714063995.206612,0.60498046875,0.796875,-0.1416015625,Mouth closed
1714063995.250364,0.601318359375,0.80517578125,-0.146484375,Mouth closed
1714063995.287618,0.600830078125,0.819580078125,-0.138427734375,Mouth closed
1714063995.334071,0.60400390625,0.821044921875,-0.13427734375,Mouth closed
1714063995.382295,0.599365234375,0.8212890625,-0.1328125,Mouth closed
1714063995.415604,0.596923828125,0.81689453125,-0.1376953125,Mouth closed
1714063995.446768,0.60107421875,0.82177734375,-0.15478515625,Mouth closed
1714063995.486651,0.607666015625,0.814697265625,-0.151123046875,Mouth closed
1714063995.525788,0.609619140625,0.811767578125,-0.1455078125,Mouth closed
1714063995.570861,0.602294921875,0.79736328125,-0.141845703125,Mouth closed
1714063995.60778,0.631103515625,0.79296875,-0.15283203125,Mouth closed
1714063995.64999,0.59619140625,0.7919921875,-0.13232421875,Mouth closed
1714063995.686655,0.611083984375,0.816650390625,-0.138671875,Mouth closed
1714063995.727692,0.616455078125,0.82177734375,-0.156982421875,Mouth closed
1714063995.769512,0.6015625,0.81298828125,-0.1669921875,Mouth closed
1714063995.816471,0.62060546875,0.795654296875,-0.193115234375,Mouth closed
1714063995.850404,0.602783203125,0.779052734375,-0.176513671875,Mouth closed
1714063995.900703,0.598876953125,0.795654296875,-0.158935546875,Mouth closed
1714063995.929075,0.60595703125,0.7978515625,-0.184814453125,Mouth closed
1714063995.978856,0.63232421875,0.810791015625,-0.177490234375,Mouth closed
1714063996.007601,0.580322265625,0.7919921875,-0.15380859375,Mouth closed
1714063996.049728,0.579345703125,0.811279296875,-0.166015625,Mouth closed
1714063996.096657,0.59326171875,0.8271484375,-0.155029296875,Mouth closed
1714063996.128443,0.6005859375,0.835205078125,-0.15673828125,Mouth closed
1714063996.167043,0.611083984375,0.828125,-0.160888671875,Mouth closed
1714063996.205729,0.60498046875,0.81201171875,-0.1416015625,Mouth closed
1714063996.251007,0.59814453125,0.79833984375,-0.1396484375,Mouth closed
1714063996.29155,0.606689453125,0.802490234375,-0.147216796875,Mouth closed
1714063996.327936,0.617431640625,0.8076171875,-0.14794921875,Mouth closed
1714063996.369331,0.6015625,0.800048828125,-0.17041015625,Mouth closed
1714063996.409267,0.605712890625,0.80224609375,-0.173583984375,Mouth closed
1714063996.459286,0.611083984375,0.800537109375,-0.177490234375,Mouth closed
1714063996.489099,0.611328125,0.802001953125,-0.177490234375,Mouth closed
1714063996.535428,0.61279296875,0.798095703125,-0.177734375,Mouth closed
1714063996.568831,0.617919921875,0.798095703125,-0.172607421875,Mouth closed
1714063996.616977,0.616943359375,0.791259765625,-0.1708984375,Mouth closed
1714063996.654791,0.616455078125,0.788818359375,-0.1689453125,Mouth closed
1714063996.695386,0.614013671875,0.79443359375,-0.17041015625,Mouth closed
1714063996.734362,0.62060546875,0.79931640625,-0.16650390625,Mouth closed
1714063996.774137,0.62255859375,0.79248046875,-0.1513671875,Mouth closed
1714063996.813063,0.627197265625,0.79296875,-0.169921875,Mouth closed
1714063996.849501,0.625732421875,0.794677734375,-0.177001953125,Mouth closed
1714063996.891114,0.625244140625,0.77978515625,-0.172119140625,Mouth closed
1714063996.932594,0.630859375,0.791748046875,-0.1796875,Mouth closed
1714063996.973046,0.6220703125,0.787109375,-0.18310546875,Mouth closed
1714063997.011823,0.61474609375,0.79345703125,-0.179443359375,Mouth closed
1714063997.051606,0.6201171875,0.7998046875,-0.18310546875,Mouth closed
1714063997.08995,0.602294921875,0.798583984375,-0.183349609375,Mouth closed
1714063997.130501,0.5986328125,0.794921875,-0.1845703125,Mouth closed
1714063997.172,0.600341796875,0.799560546875,-0.190673828125,Mouth closed
1714063997.209608,0.599609375,0.795654296875,-0.1962890625,Mouth closed
1714063997.252224,0.606201171875,0.803955078125,-0.1962890625,Mouth closed
1714063997.291005,0.6083984375,0.798583984375,-0.1875,Mouth closed
1714063997.331768,0.607421875,0.796875,-0.189697265625,Mouth closed
1714063997.372811,0.616943359375,0.791259765625,-0.197021484375,Mouth closed
1714063997.411507,0.617431640625,0.787109375,-0.190673828125,Mouth closed
1714063997.453889,0.6201171875,0.788330078125,-0.1923828125,Mouth closed
1714063997.492783,0.615478515625,0.785400390625,-0.190185546875,Mouth closed
1714063997.530749,0.620361328125,0.782470703125,-0.1865234375,Mouth closed
1714063997.571161,0.619384765625,0.78369140625,-0.189208984375,Mouth closed
1714063997.610905,0.626220703125,0.792236328125,-0.174560546875,Mouth closed
1714063997.654236,0.629150390625,0.796630859375,-0.1748046875,Mouth closed
1714063997.691576,0.622802734375,0.796142578125,-0.17236328125,Mouth closed
1714063997.732865,0.619873046875,0.79443359375,-0.173828125,Mouth closed
1714063997.771568,0.62109375,0.7958984375,-0.177001953125,Mouth closed
1714063997.814039,0.619873046875,0.7939453125,-0.183349609375,Mouth closed
1714063997.852666,0.6162109375,0.787109375,-0.175537109375,Mouth closed
1714063997.893563,0.619384765625,0.790283203125,-0.181640625,Mouth closed
1714063997.933496,0.623779296875,0.78857421875,-0.181884765625,Mouth closed
1714063997.975855,0.615234375,0.78271484375,-0.1806640625,Mouth closed
1714063998.013985,0.6201171875,0.78857421875,-0.181884765625,Mouth closed
1714063998.053641,0.62548828125,0.793212890625,-0.18212890625,Mouth closed
1714063998.093477,0.619873046875,0.79052734375,-0.180908203125,Mouth closed
1714063998.135741,0.61865234375,0.790283203125,-0.180419921875,Mouth closed
1714063998.174619,0.617431640625,0.792236328125,-0.186279296875,Mouth closed
1714063998.211603,0.616455078125,0.791748046875,-0.186767578125,Mouth closed
1714063998.25171,0.617919921875,0.792236328125,-0.185546875,Mouth closed
1714063998.294615,0.61474609375,0.7900390625,-0.186767578125,Mouth closed
1714063998.334294,0.61328125,0.78857421875,-0.189697265625,Mouth closed
1714063998.37508,0.615478515625,0.792724609375,-0.191162109375,Mouth closed
1714063998.416575,0.6162109375,0.791015625,-0.1865234375,Mouth closed
1714063998.458018,0.61865234375,0.7900390625,-0.187744140625,Mouth closed
1714063998.497136,0.615966796875,0.7900390625,-0.190673828125,Mouth closed
1714063998.538628,0.6201171875,0.78564453125,-0.190185546875,Mouth closed
1714063998.57812,0.619140625,0.79150390625,-0.189697265625,Mouth closed
1714063998.615056,0.620361328125,0.787109375,-0.195068359375,Mouth closed
1714063998.658834,0.61572265625,0.781494140625,-0.19287109375,Mouth closed
1714063998.698792,0.62109375,0.785888671875,-0.193603515625,Mouth closed
1714063998.734736,0.62060546875,0.78857421875,-0.195068359375,Mouth closed
1714063998.776031,0.617431640625,0.7900390625,-0.189697265625,Mouth closed
1714063998.814186,0.6201171875,0.793701171875,-0.18701171875,Mouth closed
1714063998.857166,0.616455078125,0.792236328125,-0.19091796875,Mouth closed
1714063998.894947,0.615234375,0.78857421875,-0.1923828125,Mouth closed
1714063998.937146,0.61328125,0.786376953125,-0.196533203125,Mouth closed
1714063998.976603,0.61865234375,0.787109375,-0.193115234375,Mouth closed
1714063999.018561,0.62060546875,0.78857421875,-0.19189453125,Mouth closed
1714063999.056811,0.62255859375,0.788330078125,-0.195556640625,Mouth closed
1714063999.098678,0.619140625,0.78271484375,-0.192138671875,Mouth closed
1714063999.136008,0.6171875,0.786865234375,-0.192626953125,Mouth closed
1714063999.180255,0.622314453125,0.7890625,-0.195556640625,Mouth closed
1714063999.217689,0.620361328125,0.782958984375,-0.18994140625,Mouth closed
1714063999.255455,0.621337890625,0.784912109375,-0.192626953125,Mouth closed
1714063999.295971,0.621826171875,0.7861328125,-0.194091796875,Mouth closed
1714063999.335686,0.619873046875,0.7880859375,-0.200927734375,Mouth closed
1714063999.375583,0.61083984375,0.783203125,-0.19775390625,Mouth closed
1714063999.414494,0.619873046875,0.789306640625,-0.197265625,Mouth closed
1714063999.454582,0.620361328125,0.787353515625,-0.192138671875,Mouth closed
1714063999.493489,0.6171875,0.78759765625,-0.195556640625,Mouth closed
1714063999.534868,0.62255859375,0.786376953125,-0.19482421875,Mouth closed
1714063999.573229,0.6201171875,0.7822265625,-0.1953125,Mouth closed
1714063999.614536,0.621826171875,0.78515625,-0.1923828125,Mouth closed
1714063999.655156,0.621337890625,0.78271484375,-0.195556640625,Mouth closed
1714063999.693624,0.61767578125,0.784912109375,-0.195556640625,Mouth closed
1714063999.733692,0.620361328125,0.78662109375,-0.193603515625,Mouth closed
1714063999.774494,0.62451171875,0.788818359375,-0.199462890625,Mouth closed
1714063999.81488,0.62060546875,0.7822265625,-0.197021484375,Mouth closed
1714063999.85469,0.61962890625,0.7861328125,-0.191650390625,Mouth closed
1714063999.895698,0.627197265625,0.783935546875,-0.193603515625,Mouth closed
1714063999.935825,0.61962890625,0.783935546875,-0.19482421875,Mouth closed
1714063999.975513,0.62060546875,0.782958984375,-0.19287109375,Mouth closed
1714064000.01722,0.6201171875,0.785888671875,-0.193359375,Mouth closed
1714064000.060776,0.620849609375,0.784912109375,-0.19775390625,Mouth closed
1714064000.101481,0.618408203125,0.78515625,-0.193603515625,Mouth closed
1714064000.139756,0.623779296875,0.78466796875,-0.19287109375,Mouth closed
1714064000.180141,0.623046875,0.78564453125,-0.193359375,Mouth closed
1714064000.219172,0.620849609375,0.7841796875,-0.192138671875,Mouth closed
1714064000.259164,0.623291015625,0.781005859375,-0.192626953125,Mouth closed
1714064000.29889,0.6240234375,0.782958984375,-0.19189453125,Mouth closed
1714064000.343719,0.623291015625,0.7802734375,-0.191162109375,Mouth closed
1714064000.37465,0.623046875,0.783935546875,-0.191650390625,Mouth closed
1714064000.425465,0.620849609375,0.78564453125,-0.19384765625,Mouth closed
1714064000.461458,0.62109375,0.78271484375,-0.188720703125,Mouth closed
1714064000.500013,0.62060546875,0.78466796875,-0.1923828125,Mouth closed
1714064000.542278,0.626953125,0.790771484375,-0.19091796875,Mouth closed
1714064000.582048,0.620361328125,0.782958984375,-0.19482421875,Mouth closed
1714064000.621078,0.623291015625,0.7841796875,-0.19091796875,Mouth closed
1714064000.660647,0.6259765625,0.783203125,-0.18798828125,Mouth closed
1714064000.700755,0.626708984375,0.780517578125,-0.187744140625,Mouth closed
1714064000.739839,0.623291015625,0.78076171875,-0.189208984375,Mouth closed
1714064000.779074,0.62548828125,0.7822265625,-0.18994140625,Mouth closed
1714064000.815398,0.625244140625,0.784423828125,-0.18701171875,Mouth closed
1714064000.857936,0.62548828125,0.78515625,-0.188232421875,Mouth closed
1714064000.897436,0.623779296875,0.783935546875,-0.19091796875,Mouth closed
1714064000.935216,0.627685546875,0.78759765625,-0.18994140625,Mouth closed
1714064000.977595,0.625,0.784423828125,-0.189697265625,Mouth closed
1714064001.015284,0.6240234375,0.781494140625,-0.190185546875,Mouth closed
1714064001.054894,0.626220703125,0.78369140625,-0.186767578125,Mouth closed
1714064001.095526,0.626708984375,0.78125,-0.1865234375,Mouth closed
1714064001.135968,0.6259765625,0.782958984375,-0.185302734375,Mouth closed
1714064001.17629,0.625732421875,0.781494140625,-0.192138671875,Mouth closed
1714064001.216038,0.625,0.780517578125,-0.187744140625,Mouth closed
1714064001.255573,0.626220703125,0.7822265625,-0.190185546875,Mouth closed
1714064001.296525,0.624755859375,0.781982421875,-0.19189453125,Mouth closed
1714064001.338731,0.625732421875,0.780029296875,-0.187255859375,Mouth closed
1714064001.377943,0.62939453125,0.780029296875,-0.1884765625,Mouth closed
1714064001.415419,0.630126953125,0.783935546875,-0.18408203125,Mouth closed
1714064001.45414,0.6298828125,0.781982421875,-0.1875,Mouth closed
1714064001.496112,0.62109375,0.78076171875,-0.185791015625,Mouth closed
1714064001.536938,0.625732421875,0.78662109375,-0.18994140625,Mouth closed
1714064001.575071,0.624267578125,0.78564453125,-0.186279296875,Mouth closed
1714064001.614668,0.625244140625,0.788818359375,-0.192138671875,Mouth closed
1714064001.656741,0.62353515625,0.7802734375,-0.1884765625,Mouth closed
1714064001.695133,0.625732421875,0.783935546875,-0.18798828125,Mouth closed
1714064001.735916,0.62548828125,0.784423828125,-0.184814453125,Mouth closed
1714064001.775942,0.625244140625,0.78369140625,-0.1875,Mouth closed
1714064001.814694,0.63037109375,0.784423828125,-0.186767578125,Mouth closed
1714064001.856306,0.626953125,0.779541015625,-0.1904296875,Mouth closed
1714064001.896682,0.62841796875,0.7802734375,-0.187744140625,Mouth closed
1714064001.936811,0.62548828125,0.77880859375,-0.189208984375,Mouth closed
1714064001.975636,0.621826171875,0.78662109375,-0.18505859375,Mouth closed
1714064002.016234,0.625244140625,0.78759765625,-0.187744140625,Mouth closed
1714064002.052996,0.622314453125,0.786865234375,-0.189208984375,Mouth closed
1714064002.095018,0.621337890625,0.783447265625,-0.19189453125,Mouth closed
1714064002.134135,0.622802734375,0.778564453125,-0.188720703125,Mouth closed
1714064002.178639,0.623779296875,0.77734375,-0.188232421875,Mouth closed
1714064002.214418,0.6328125,0.7841796875,-0.19091796875,Mouth closed
1714064002.256128,0.628173828125,0.78271484375,-0.18359375,Mouth closed
1714064002.295624,0.626220703125,0.778564453125,-0.184814453125,Mouth closed
1714064002.335533,0.626708984375,0.78173828125,-0.1923828125,Mouth closed
1714064002.375816,0.626953125,0.783447265625,-0.18701171875,Mouth closed
1714064002.417374,0.623291015625,0.781982421875,-0.1884765625,Mouth closed
1714064002.456835,0.626220703125,0.77978515625,-0.190185546875,Mouth closed
1714064002.496555,0.629150390625,0.78271484375,-0.19140625,Mouth closed
1714064002.536401,0.627197265625,0.778564453125,-0.188232421875,Mouth closed
1714064002.576955,0.627197265625,0.779296875,-0.1865234375,Mouth closed
1714064002.617518,0.62548828125,0.785400390625,-0.187255859375,Mouth closed
1714064002.661526,0.622802734375,0.78857421875,-0.190673828125,Mouth closed
1714064002.695595,0.624755859375,0.787353515625,-0.1865234375,Mouth closed
1714064002.735358,0.621826171875,0.7841796875,-0.191650390625,Mouth closed
1714064002.775618,0.621826171875,0.78271484375,-0.19287109375,Mouth closed
1714064002.816879,0.627685546875,0.783447265625,-0.184814453125,Mouth closed
1714064002.857297,0.62744140625,0.781494140625,-0.18310546875,Mouth closed
1714064002.896495,0.63330078125,0.78466796875,-0.189697265625,Mouth closed
1714064002.936522,0.627685546875,0.77978515625,-0.190185546875,Mouth closed
1714064002.977409,0.62744140625,0.78271484375,-0.188720703125,Mouth closed
1714064003.018371,0.629150390625,0.78076171875,-0.18994140625,Mouth open
1714064003.059014,0.623291015625,0.779296875,-0.18505859375,Mouth open
1714064003.098404,0.627197265625,0.781005859375,-0.186279296875,Mouth open
1714064003.150434,0.62548828125,0.785400390625,-0.1845703125,Mouth open
1714064003.178638,0.631591796875,0.78564453125,-0.1923828125,Mouth open
1714064003.221179,0.62451171875,0.78076171875,-0.18896484375,Mouth open
1714064003.259646,0.622802734375,0.78271484375,-0.19482421875,Mouth open
1714064003.298605,0.62451171875,0.78125,-0.190185546875,Mouth open
1714064003.339212,0.624267578125,0.7841796875,-0.191650390625,Mouth open
1714064003.376849,0.625732421875,0.784912109375,-0.195556640625,Mouth open
1714064003.41737,0.621337890625,0.78564453125,-0.196044921875,Mouth open
1714064003.4583,0.623046875,0.7822265625,-0.192138671875,Mouth open
1714064003.498764,0.628173828125,0.777099609375,-0.19287109375,Mouth open
1714064003.537716,0.628662109375,0.777587890625,-0.19580078125,Mouth open
1714064003.577807,0.62890625,0.780029296875,-0.193359375,Mouth open
1714064003.618349,0.627197265625,0.780029296875,-0.18798828125,Mouth open
1714064003.65828,0.62890625,0.782958984375,-0.188720703125,Mouth open
1714064003.704717,0.62451171875,0.78076171875,-0.185546875,Mouth open
1714064003.741564,0.62060546875,0.783935546875,-0.187744140625,Mouth open
1714064003.783926,0.625244140625,0.787841796875,-0.193359375,Mouth open
1714064003.833938,0.61962890625,0.787109375,-0.189208984375,Mouth open
1714064003.859354,0.617431640625,0.787841796875,-0.189208984375,Mouth open
1714064003.903154,0.61962890625,0.787109375,-0.191650390625,Mouth open
1714064003.941342,0.620361328125,0.783447265625,-0.1904296875,Mouth open
1714064003.981511,0.61865234375,0.7880859375,-0.190185546875,Mouth open
1714064004.019332,0.619873046875,0.787841796875,-0.189453125,Mouth open
1714064004.065812,0.621826171875,0.788818359375,-0.193359375,Mouth open
1714064004.096996,0.618896484375,0.78662109375,-0.193603515625,Mouth open
1714064004.13631,0.621826171875,0.7900390625,-0.191650390625,Mouth open
1714064004.179418,0.620361328125,0.786376953125,-0.19482421875,Mouth open
1714064004.218255,0.61962890625,0.783935546875,-0.194580078125,Mouth open
1714064004.258362,0.6240234375,0.784912109375,-0.195068359375,Mouth open
1714064004.300176,0.62451171875,0.782958984375,-0.193359375,Mouth open
1714064004.338624,0.627685546875,0.782470703125,-0.19287109375,Mouth open
1714064004.378641,0.623046875,0.78369140625,-0.19189453125,Mouth open
1714064004.418331,0.625732421875,0.7822265625,-0.1982421875,Mouth open
1714064004.459031,0.621826171875,0.780029296875,-0.19921875,Mouth open
1714064004.499447,0.620361328125,0.787109375,-0.1962890625,Mouth open
1714064004.539476,0.62451171875,0.78857421875,-0.19287109375,Mouth open
1714064004.579362,0.618896484375,0.786376953125,-0.189697265625,Mouth open
1714064004.620179,0.622802734375,0.787353515625,-0.193359375,Mouth open
1714064004.657574,0.621826171875,0.80126953125,-0.225830078125,Mouth open
1714064004.699158,0.634033203125,0.7822265625,-0.17626953125,Mouth open
1714064004.737863,0.623046875,0.760009765625,-0.19580078125,Mouth open
1714064004.777966,0.617919921875,0.75390625,-0.222412109375,Mouth open
1714064004.819126,0.64990234375,0.75244140625,-0.1923828125,Mouth open
1714064004.858659,0.6494140625,0.7646484375,-0.20166015625,Mouth open
1714064004.898872,0.6484375,0.768310546875,-0.191162109375,Mouth open
1714064004.939317,0.643310546875,0.76611328125,-0.205322265625,Mouth open
1714064004.97847,0.638427734375,0.7607421875,-0.20263671875,Mouth open
1714064005.018303,0.626708984375,0.75634765625,-0.2275390625,Mouth open
1714064005.0595,0.63525390625,0.76806640625,-0.21337890625,Mouth open
1714064005.102209,0.626953125,0.766357421875,-0.218994140625,Mouth open
1714064005.14073,0.63671875,0.77099609375,-0.21533203125,Mouth open
1714064005.181378,0.6318359375,0.773681640625,-0.210693359375,Mouth open
1714064005.22271,0.634521484375,0.779052734375,-0.20263671875,Mouth open
1714064005.260906,0.63623046875,0.781005859375,-0.202392578125,Mouth open
1714064005.300253,0.630615234375,0.775390625,-0.209716796875,Mouth open
1714064005.340123,0.62451171875,0.771728515625,-0.208251953125,Mouth open
1714064005.378732,0.622802734375,0.774658203125,-0.21240234375,Mouth open
1714064005.431343,0.623779296875,0.775390625,-0.21728515625,Mouth open
1714064005.458279,0.6240234375,0.77783203125,-0.206787109375,Mouth open
1714064005.511354,0.624755859375,0.778564453125,-0.21630859375,Mouth open
1714064005.541389,0.626953125,0.78125,-0.2109375,Mouth open
1714064005.591173,0.62451171875,0.78173828125,-0.2138671875,Mouth open
1714064005.620431,0.629150390625,0.7822265625,-0.21044921875,Mouth open
1714064005.66698,0.630615234375,0.7802734375,-0.212646484375,Mouth open
1714064005.700356,0.62109375,0.774169921875,-0.21826171875,Mouth open
1714064005.747584,0.62109375,0.772216796875,-0.215087890625,Mouth open
1714064005.780715,0.627197265625,0.77197265625,-0.21630859375,Mouth open
1714064005.823706,0.62890625,0.772216796875,-0.20849609375,Mouth open
1714064005.861603,0.63427734375,0.77490234375,-0.206298828125,Mouth open
1714064005.910595,0.6318359375,0.7724609375,-0.207275390625,Mouth open
1714064005.941524,0.628662109375,0.77685546875,-0.19921875,Mouth open
1714064005.979268,0.631591796875,0.78173828125,-0.206787109375,Mouth open
1714064006.018324,0.625,0.776123046875,-0.2041015625,Mouth open
1714064006.07258,0.628173828125,0.774169921875,-0.204833984375,Mouth open
1714064006.101621,0.62744140625,0.772705078125,-0.201416015625,Mouth open
1714064006.142849,0.6259765625,0.776123046875,-0.208740234375,Mouth open
1714064006.181819,0.623046875,0.77880859375,-0.2041015625,Mouth open
1714064006.224962,0.624267578125,0.7783203125,-0.209228515625,Mouth open
1714064006.261642,0.626220703125,0.7783203125,-0.20703125,Mouth open
1714064006.304703,0.625732421875,0.776123046875,-0.2080078125,Mouth open
1714064006.341585,0.626953125,0.77734375,-0.206298828125,Mouth open
1714064006.391948,0.6259765625,0.779541015625,-0.2060546875,Mouth open
1714064006.422445,0.623291015625,0.774658203125,-0.2119140625,Mouth open
1714064006.467301,0.626220703125,0.77490234375,-0.215576171875,Mouth open
1714064006.502998,0.625732421875,0.780029296875,-0.21142578125,Mouth open
1714064006.553097,0.623046875,0.778076171875,-0.210693359375,Mouth open
1714064006.583193,0.62890625,0.78125,-0.21240234375,Mouth open
1714064006.634015,0.622802734375,0.775146484375,-0.210693359375,Mouth open
1714064006.661567,0.626708984375,0.7763671875,-0.204833984375,Mouth open
1714064006.706789,0.631591796875,0.779541015625,-0.20703125,Mouth open
1714064006.750599,0.63134765625,0.78125,-0.208740234375,Mouth open
1714064006.782482,0.62548828125,0.776123046875,-0.20654296875,Mouth open
1714064006.82416,0.6279296875,0.77685546875,-0.20361328125,Mouth open
1714064006.862475,0.62939453125,0.778564453125,-0.204833984375,Mouth open
1714064006.90464,0.62841796875,0.780029296875,-0.205810546875,Mouth open
1714064006.94396,0.6279296875,0.778564453125,-0.203125,Mouth open
1714064006.983553,0.629150390625,0.780029296875,-0.204345703125,Mouth open
1714064007.02374,0.62841796875,0.778076171875,-0.201904296875,Mouth open
1714064007.06372,0.627197265625,0.77978515625,-0.20458984375,Mouth open
1714064007.109296,0.629150390625,0.776123046875,-0.205322265625,Mouth open
1714064007.147103,0.62744140625,0.777099609375,-0.20361328125,Mouth open
1714064007.189135,0.630859375,0.776123046875,-0.205322265625,Mouth open
1714064007.227185,0.626220703125,0.77685546875,-0.205322265625,Mouth open
1714064007.269113,0.626953125,0.777099609375,-0.202392578125,Mouth open
1714064007.306021,0.626953125,0.7802734375,-0.20263671875,Mouth open
1714064007.348319,0.6298828125,0.781494140625,-0.204345703125,Mouth open
1714064007.38621,0.623291015625,0.776611328125,-0.204345703125,Mouth open
1714064007.429383,0.624755859375,0.773681640625,-0.20703125,Mouth open
1714064007.467423,0.6298828125,0.778564453125,-0.204833984375,Mouth open
1714064007.509409,0.626708984375,0.776123046875,-0.205322265625,Mouth open
1714064007.546388,0.624267578125,0.777587890625,-0.204833984375,Mouth open
1714064007.587853,0.62451171875,0.78076171875,-0.20556640625,Mouth open
1714064007.625879,0.623291015625,0.7783203125,-0.206298828125,Mouth open
1714064007.669056,0.62255859375,0.77783203125,-0.20556640625,Mouth open
1714064007.709406,0.626708984375,0.77783203125,-0.207275390625,Mouth open
1714064007.750992,0.631591796875,0.777587890625,-0.204345703125,Mouth open
1714064007.786033,0.62890625,0.772705078125,-0.201904296875,Mouth open
1714064007.826939,0.62646484375,0.777099609375,-0.204345703125,Mouth open
1714064007.869766,0.630615234375,0.77587890625,-0.20263671875,Mouth open
1714064007.906874,0.628173828125,0.77734375,-0.205322265625,Mouth open
1714064007.946726,0.627197265625,0.778076171875,-0.205810546875,Mouth open
1714064007.984366,0.62451171875,0.77783203125,-0.203857421875,Mouth open
1714064008.024356,0.62744140625,0.77978515625,-0.203857421875,Mouth open
1714064008.063235,0.628173828125,0.7802734375,-0.203125,Mouth open
1714064008.104914,0.625,0.781982421875,-0.201904296875,Mouth open
1714064008.150435,0.62451171875,0.780029296875,-0.206298828125,Mouth open
1714064008.192006,0.62353515625,0.7763671875,-0.20751953125,Mouth open
1714064008.225249,0.626708984375,0.778076171875,-0.205078125,Mouth open
1714064008.275916,0.62451171875,0.780029296875,-0.2080078125,Mouth open
1714064008.305944,0.621337890625,0.779296875,-0.202880859375,Mouth open
1714064008.352965,0.621826171875,0.778076171875,-0.2060546875,Mouth open
1714064008.385834,0.6240234375,0.78271484375,-0.204833984375,Mouth open
1714064008.438788,0.6298828125,0.782470703125,-0.208740234375,Mouth open
1714064008.466264,0.62353515625,0.7763671875,-0.20703125,Mouth open
1714064008.507921,0.62451171875,0.780029296875,-0.211669921875,Mouth open
1714064008.547763,0.6240234375,0.778564453125,-0.206298828125,Mouth open
1714064008.589483,0.623291015625,0.777587890625,-0.206298828125,Mouth open
1714064008.623436,0.623291015625,0.778564453125,-0.209228515625,Mouth open
1714064008.664434,0.622802734375,0.779541015625,-0.20947265625,Mouth open
1714064008.70507,0.623291015625,0.778564453125,-0.2099609375,Mouth open
1714064008.745118,0.62548828125,0.779296875,-0.20703125,Mouth open
1714064008.786679,0.623779296875,0.7802734375,-0.20751953125,Mouth open
1714064008.825864,0.62255859375,0.779052734375,-0.210205078125,Mouth open
1714064008.865192,0.624755859375,0.781982421875,-0.20947265625,Mouth open
1714064008.906725,0.61962890625,0.776123046875,-0.207763671875,Mouth open
1714064008.947054,0.620361328125,0.77978515625,-0.212646484375,Mouth open
1714064008.986825,0.625732421875,0.787353515625,-0.207763671875,Mouth open
1714064009.028897,0.61962890625,0.78271484375,-0.209228515625,Mouth open
1714064009.068031,0.621826171875,0.783935546875,-0.209716796875,Mouth open
1714064009.110907,0.623291015625,0.78271484375,-0.2060546875,Mouth open
1714064009.147237,0.62255859375,0.78125,-0.20751953125,Mouth open
1714064009.186676,0.62353515625,0.77880859375,-0.210693359375,Mouth open
1714064009.226541,0.624267578125,0.780517578125,-0.2138671875,Mouth open
1714064009.267981,0.625732421875,0.775634765625,-0.207275390625,Mouth open
1714064009.304357,0.6240234375,0.77587890625,-0.21044921875,Mouth open
1714064009.347855,0.625244140625,0.778076171875,-0.2109375,Mouth open
1714064009.385318,0.626708984375,0.781005859375,-0.2099609375,Mouth open
1714064009.438056,0.623291015625,0.775146484375,-0.21044921875,Mouth open
1714064009.469114,0.62255859375,0.7783203125,-0.20751953125,Mouth open
1714064009.507792,0.623291015625,0.778564453125,-0.207275390625,Mouth open
1714064009.549721,0.6279296875,0.7763671875,-0.205810546875,Mouth open
1714064009.592472,0.62744140625,0.783203125,-0.208984375,Mouth open
1714064009.631739,0.624267578125,0.779052734375,-0.20361328125,Mouth open
1714064009.668161,0.622314453125,0.77783203125,-0.206787109375,Mouth open
1714064009.708317,0.625732421875,0.78173828125,-0.20849609375,Mouth open
1714064009.74718,0.6240234375,0.7802734375,-0.208984375,Mouth open
1714064009.788167,0.620849609375,0.777587890625,-0.204345703125,Mouth open
1714064009.828419,0.623291015625,0.7802734375,-0.209228515625,Mouth open
1714064009.869395,0.62109375,0.780517578125,-0.208251953125,Mouth open
1714064009.907165,0.62841796875,0.779541015625,-0.212890625,Mouth open
1714064009.946074,0.623779296875,0.77880859375,-0.20751953125,Mouth open
1714064009.986101,0.62890625,0.7822265625,-0.210205078125,Mouth open
1714064010.027177,0.62353515625,0.7822265625,-0.207763671875,Mouth open
1714064010.066635,0.625244140625,0.778076171875,-0.20947265625,Mouth open
1714064010.107654,0.629150390625,0.7802734375,-0.209228515625,Mouth open
1714064010.14725,0.61962890625,0.772216796875,-0.2138671875,Mouth open
1714064010.189255,0.62548828125,0.77197265625,-0.208984375,Mouth open
1714064010.228996,0.628173828125,0.777587890625,-0.20703125,Mouth open
1714064010.271261,0.631591796875,0.77734375,-0.19970703125,Mouth open
1714064010.309311,0.62841796875,0.77392578125,-0.20458984375,Mouth open
1714064010.350689,0.63720703125,0.783447265625,-0.2060546875,Mouth open
1714064010.389726,0.626953125,0.77294921875,-0.20849609375,Mouth open
1714064010.43022,0.623779296875,0.77783203125,-0.20263671875,Mouth open
1714064010.470595,0.626220703125,0.7802734375,-0.207275390625,Mouth open
1714064010.508149,0.624267578125,0.77734375,-0.20361328125,Mouth open
1714064010.549046,0.62744140625,0.7763671875,-0.202392578125,Mouth open
1714064010.58986,0.62744140625,0.77978515625,-0.20166015625,Mouth open
1714064010.631432,0.62744140625,0.78125,-0.203857421875,Mouth open
1714064010.667379,0.627685546875,0.777587890625,-0.20361328125,Mouth open
1714064010.714214,0.628662109375,0.77880859375,-0.202880859375,Mouth open
1714064010.747168,0.628173828125,0.779296875,-0.204833984375,Mouth open
1714064010.78863,0.625732421875,0.77685546875,-0.20703125,Mouth open
1714064010.834136,0.6220703125,0.777099609375,-0.207763671875,Mouth open
1714064010.872426,0.6259765625,0.77880859375,-0.206298828125,Mouth open
1714064010.915523,0.6240234375,0.77685546875,-0.20263671875,Mouth open
1714064010.949058,0.625,0.7783203125,-0.206298828125,Mouth open
1714064010.989217,0.624755859375,0.779541015625,-0.20654296875,Mouth open
1714064011.030542,0.62451171875,0.779052734375,-0.201904296875,Mouth open
1714064011.072022,0.6279296875,0.782958984375,-0.201904296875,Mouth open
1714064011.113175,0.623291015625,0.779296875,-0.202392578125,Mouth open
1714064011.151165,0.625732421875,0.776611328125,-0.2041015625,Mouth open
1714064011.189619,0.6279296875,0.781494140625,-0.200439453125,Mouth open
1714064011.229342,0.62744140625,0.7802734375,-0.201904296875,Mouth open
1714064011.267164,0.626953125,0.77587890625,-0.199462890625,Mouth open
1714064011.309126,0.630859375,0.780029296875,-0.197998046875,Mouth open
1714064011.348955,0.62939453125,0.780029296875,-0.19677734375,Mouth open
1714064011.38847,0.6318359375,0.777587890625,-0.201416015625,Mouth open
1714064011.4311,0.627197265625,0.772705078125,-0.1982421875,Mouth open
1714064011.47017,0.632568359375,0.780029296875,-0.201904296875,Mouth open
1714064011.509657,0.630615234375,0.778564453125,-0.19677734375,Mouth open
1714064011.55027,0.624755859375,0.779052734375,-0.198974609375,Mouth open
1714064011.591264,0.627685546875,0.780029296875,-0.20166015625,Mouth open
1714064011.630116,0.626953125,0.780517578125,-0.1982421875,Mouth open
1714064011.671314,0.624755859375,0.779296875,-0.1982421875,Mouth open
1714064011.711382,0.626708984375,0.777099609375,-0.196533203125,Mouth open
1714064011.751336,0.6259765625,0.77587890625,-0.192626953125,Mouth open
1714064011.791097,0.6318359375,0.781005859375,-0.19091796875,Mouth open
1714064011.830577,0.62841796875,0.781005859375,-0.194580078125,Mouth open
1714064011.870276,0.631591796875,0.78173828125,-0.193359375,Mouth open
1714064011.909424,0.630615234375,0.777099609375,-0.196044921875,Mouth open
1714064011.948924,0.62890625,0.778564453125,-0.193115234375,Mouth open
1714064011.9896,0.627197265625,0.778564453125,-0.19384765625,Mouth open
1714064012.034934,0.627197265625,0.77685546875,-0.19189453125,Mouth open
1714064012.07227,0.6298828125,0.77783203125,-0.196533203125,Mouth open
1714064012.111069,0.630859375,0.779052734375,-0.194580078125,Mouth open
1714064012.152568,0.63037109375,0.78271484375,-0.200439453125,Mouth open
1714064012.192708,0.623291015625,0.777099609375,-0.1943359375,Mouth open
1714064012.234223,0.626708984375,0.78173828125,-0.199951171875,Mouth open
1714064012.271347,0.629150390625,0.783935546875,-0.198486328125,Mouth open
1714064012.326359,0.625,0.781494140625,-0.195556640625,Mouth open
1714064012.352658,0.628173828125,0.78662109375,-0.1962890625,Mouth open
1714064012.397137,0.6279296875,0.779541015625,-0.199951171875,Mouth open
1714064012.435846,0.625244140625,0.779541015625,-0.200439453125,Mouth open
1714064012.477521,0.623779296875,0.777099609375,-0.201904296875,Mouth open
1714064012.516935,0.626220703125,0.778076171875,-0.201171875,Mouth open
1714064012.552304,0.627197265625,0.776123046875,-0.19970703125,Mouth open
1714064012.595353,0.626953125,0.780517578125,-0.199951171875,Mouth open
1714064012.631694,0.632568359375,0.78076171875,-0.19921875,Mouth open
1714064012.675486,0.624267578125,0.77685546875,-0.19677734375,Mouth open
1714064012.713121,0.62646484375,0.781005859375,-0.198974609375,Mouth open
1714064012.754507,0.630859375,0.78125,-0.201171875,Mouth open
1714064012.791321,0.628173828125,0.778564453125,-0.197998046875,Mouth open
1714064012.835115,0.62353515625,0.779296875,-0.197021484375,Mouth open
1714064012.875902,0.625,0.780517578125,-0.200927734375,Mouth open
1714064012.914278,0.62451171875,0.779052734375,-0.20263671875,Mouth open
1714064012.956433,0.623291015625,0.778076171875,-0.200439453125,Mouth open
1714064012.994851,0.6259765625,0.779541015625,-0.20361328125,Mouth open
1714064013.035703,0.625732421875,0.782958984375,-0.205078125,Mouth open
1714064013.075887,0.62255859375,0.78076171875,-0.201416015625,Mouth open
1714064013.111369,0.6240234375,0.781005859375,-0.2041015625,Mouth open
1714064013.150087,0.62646484375,0.780029296875,-0.20166015625,Mouth open
1714064013.199459,0.626953125,0.7783203125,-0.200439453125,Mouth open
1714064013.229543,0.6259765625,0.779541015625,-0.201904296875,Mouth open
1714064013.273467,0.623046875,0.777099609375,-0.202880859375,Mouth open
1714064013.310185,0.625,0.780029296875,-0.200439453125,Mouth open
1714064013.36346,0.626708984375,0.778076171875,-0.198974609375,Mouth open
1714064013.392922,0.62548828125,0.776123046875,-0.197021484375,Mouth open
1714064013.437694,0.627197265625,0.77880859375,-0.197998046875,Mouth open
1714064013.472033,0.63134765625,0.781005859375,-0.201416015625,Mouth open
1714064013.513585,0.627685546875,0.77685546875,-0.19775390625,Mouth open
1714064013.552672,0.6259765625,0.779052734375,-0.1962890625,Mouth open
1714064013.59382,0.627197265625,0.77783203125,-0.19921875,Mouth open
1714064013.633504,0.62646484375,0.780029296875,-0.1982421875,Mouth open
1714064013.672186,0.624755859375,0.77685546875,-0.2001953125,Mouth open
1714064013.712012,0.6279296875,0.780517578125,-0.202392578125,Mouth open
1714064013.753164,0.627197265625,0.777587890625,-0.19873046875,Mouth open
1714064013.792087,0.625244140625,0.779296875,-0.201171875,Mouth open
1714064013.831374,0.625732421875,0.78173828125,-0.201171875,Mouth open
1714064013.87127,0.6259765625,0.7802734375,-0.197998046875,Mouth open
1714064013.910149,0.624267578125,0.776611328125,-0.200439453125,Mouth open
1714064013.95128,0.62255859375,0.77734375,-0.20068359375,Mouth open
1714064013.991132,0.626953125,0.7763671875,-0.19970703125,Mouth open
1714064014.03108,0.6279296875,0.77783203125,-0.19921875,Mouth open
1714064014.07748,0.628173828125,0.777587890625,-0.201416015625,Mouth open
1714064014.114819,0.631103515625,0.774169921875,-0.199951171875,Mouth open
1714064014.158857,0.62890625,0.77685546875,-0.195556640625,Mouth open
1714064014.196298,0.632080078125,0.777099609375,-0.198486328125,Mouth open
1714064014.238238,0.630615234375,0.77685546875,-0.194580078125,Mouth open
1714064014.27549,0.627197265625,0.776611328125,-0.19970703125,Mouth open
1714064014.318003,0.624755859375,0.78076171875,-0.1982421875,Mouth open
1714064014.354864,0.627685546875,0.781494140625,-0.203125,Mouth open
1714064014.397631,0.619384765625,0.781005859375,-0.193359375,Mouth open
1714064014.433096,0.626953125,0.78369140625,-0.19580078125,Mouth open
1714064014.4723,0.626708984375,0.78271484375,-0.19482421875,Mouth open
1714064014.512113,0.624267578125,0.78076171875,-0.193359375,Mouth open
1714064014.552193,0.625732421875,0.782958984375,-0.19482421875,Mouth open
1714064014.592075,0.626220703125,0.7802734375,-0.19873046875,Mouth open
1714064014.639141,0.621337890625,0.779296875,-0.1982421875,Mouth open
1714064014.672572,0.627685546875,0.77783203125,-0.196533203125,Mouth open
1714064014.712582,0.627685546875,0.776611328125,-0.197021484375,Mouth open
1714064014.753145,0.62939453125,0.777587890625,-0.1962890625,Mouth open
1714064014.793441,0.627685546875,0.777099609375,-0.19677734375,Mouth open
1714064014.83688,0.62744140625,0.779052734375,-0.196533203125,Mouth open
1714064014.874632,0.6318359375,0.7802734375,-0.1953125,Mouth open
1714064014.915458,0.630859375,0.77783203125,-0.19384765625,Mouth open
1714064014.955023,0.630126953125,0.775634765625,-0.1943359375,Mouth open
1714064014.995649,0.629638671875,0.778564453125,-0.1953125,Mouth open
1714064015.036053,0.62841796875,0.77978515625,-0.197509765625,Mouth open
1714064015.077121,0.632080078125,0.7822265625,-0.199951171875,Mouth open
1714064015.115288,0.627197265625,0.780517578125,-0.197021484375,Mouth open
1714064015.153053,0.62939453125,0.782958984375,-0.198486328125,Mouth open
1714064015.193296,0.63037109375,0.780029296875,-0.19677734375,Mouth open
1714064015.23631,0.625,0.776611328125,-0.197021484375,Mouth open
1714064015.275658,0.62744140625,0.7783203125,-0.197509765625,Mouth open
1714064015.314983,0.629150390625,0.778076171875,-0.197265625,Mouth open
1714064015.354303,0.629638671875,0.778564453125,-0.1962890625,Mouth open
1714064015.395041,0.628662109375,0.780517578125,-0.198486328125,Mouth open
1714064015.434123,0.627197265625,0.778564453125,-0.19873046875,Mouth open
1714064015.474303,0.626708984375,0.779541015625,-0.1962890625,Mouth open
1714064015.515071,0.630126953125,0.783203125,-0.19873046875,Mouth open
1714064015.556689,0.6298828125,0.77783203125,-0.197021484375,Mouth open
1714064015.595928,0.628173828125,0.779296875,-0.19189453125,Mouth open
1714064015.636012,0.62841796875,0.778564453125,-0.194580078125,Mouth open
1714064015.676166,0.6279296875,0.778076171875,-0.19384765625,Mouth open
1714064015.716257,0.628662109375,0.780029296875,-0.193115234375,Mouth open
1714064015.755165,0.631591796875,0.78076171875,-0.193115234375,Mouth open
1714064015.797047,0.62890625,0.77734375,-0.197509765625,Mouth open
1714064015.834785,0.62353515625,0.7783203125,-0.1923828125,Mouth open
1714064015.875241,0.62841796875,0.77978515625,-0.19677734375,Mouth open
1714064015.913982,0.630126953125,0.783447265625,-0.1962890625,Mouth open
1714064015.955769,0.626953125,0.78125,-0.19384765625,Mouth open
1714064015.994422,0.627685546875,0.77783203125,-0.198486328125,Mouth open
1714064016.035163,0.62841796875,0.778076171875,-0.197998046875,Mouth open
1714064016.076523,0.6259765625,0.77685546875,-0.20068359375,Mouth open
1714064016.119158,0.625,0.7783203125,-0.201171875,Mouth open
1714064016.15784,0.62744140625,0.77734375,-0.200439453125,Mouth open
1714064016.199769,0.625732421875,0.7783203125,-0.2021484375,Mouth open
1714064016.236115,0.626708984375,0.77978515625,-0.19873046875,Mouth open
1714064016.277007,0.624267578125,0.78173828125,-0.198486328125,Mouth open
1714064016.317861,0.623046875,0.781005859375,-0.197509765625,Mouth open
1714064016.357293,0.6279296875,0.778076171875,-0.19384765625,Mouth open
1714064016.39829,0.627685546875,0.779052734375,-0.194580078125,Mouth open
1714064016.44074,0.628662109375,0.77880859375,-0.19482421875,Mouth open
1714064016.475971,0.626953125,0.77783203125,-0.192626953125,Mouth open
1714064016.51596,0.629638671875,0.780029296875,-0.194580078125,Mouth open
1714064016.556539,0.63134765625,0.782958984375,-0.1904296875,Mouth open
1714064016.59961,0.630859375,0.77978515625,-0.19482421875,Mouth open
1714064016.637938,0.62890625,0.77783203125,-0.1904296875,Mouth open
1714064016.678311,0.62939453125,0.781005859375,-0.196533203125,Mouth open
1714064016.718552,0.6298828125,0.78076171875,-0.193603515625,Mouth open
1714064016.760712,0.627197265625,0.779052734375,-0.195556640625,Mouth open
1714064016.796974,0.626708984375,0.783203125,-0.1943359375,Mouth open
1714064016.838016,0.62646484375,0.781005859375,-0.1943359375,Mouth open
1714064016.878896,0.627197265625,0.778564453125,-0.1962890625,Mouth open
1714064016.91802,0.624755859375,0.78125,-0.195556640625,Mouth open
1714064016.959613,0.623046875,0.781005859375,-0.196044921875,Mouth open
1714064017.000835,0.626708984375,0.785400390625,-0.197021484375,Mouth open
1714064017.040352,0.625,0.77978515625,-0.195068359375,Mouth open
1714064017.079827,0.625244140625,0.78076171875,-0.1953125,Mouth open
1714064017.118471,0.625,0.77978515625,-0.195068359375,Mouth open
1714064017.159489,0.62744140625,0.77685546875,-0.19873046875,Mouth open
1714064017.197243,0.629638671875,0.777587890625,-0.199462890625,Mouth open
1714064017.239398,0.629638671875,0.780029296875,-0.198974609375,Mouth open
1714064017.278071,0.626953125,0.77734375,-0.193359375,Mouth open
1714064017.318507,0.628173828125,0.784423828125,-0.193603515625,Mouth open
1714064017.357963,0.62939453125,0.781982421875,-0.19580078125,Mouth open
1714064017.40086,0.62939453125,0.77978515625,-0.200927734375,Mouth open
1714064017.439016,0.627685546875,0.777587890625,-0.1943359375,Mouth open
1714064017.485933,0.629638671875,0.779296875,-0.199951171875,Mouth open
1714064017.518941,0.624755859375,0.77880859375,-0.1982421875,Mouth open
1714064017.559942,0.626708984375,0.78173828125,-0.19775390625,Mouth open
1714064017.599984,0.628173828125,0.78369140625,-0.1982421875,Mouth open
1714064017.639961,0.623779296875,0.778564453125,-0.1982421875,Mouth open
1714064017.682096,0.6240234375,0.77734375,-0.201904296875,Mouth open
1714064017.723353,0.623046875,0.77880859375,-0.2001953125,Mouth open
1714064017.761707,0.626953125,0.780029296875,-0.198486328125,Mouth open
1714064017.798439,0.621826171875,0.78125,-0.1982421875,Mouth open
1714064017.838066,0.62451171875,0.779296875,-0.197509765625,Mouth open
1714064017.879891,0.6240234375,0.779052734375,-0.198486328125,Mouth open
1714064017.920238,0.629150390625,0.77685546875,-0.200927734375,Mouth open
1714064017.960623,0.62744140625,0.781982421875,-0.196044921875,Mouth open
1714064018.000213,0.628173828125,0.780517578125,-0.19775390625,Mouth closed
1714064018.043207,0.621337890625,0.7802734375,-0.193359375,Mouth closed
1714064018.082989,0.628173828125,0.780517578125,-0.19287109375,Mouth closed
1714064018.119315,0.62646484375,0.784423828125,-0.194091796875,Mouth closed
1714064018.164419,0.6298828125,0.78076171875,-0.201904296875,Mouth closed
1714064018.201374,0.62451171875,0.781005859375,-0.1953125,Mouth closed
1714064018.245429,0.62646484375,0.781005859375,-0.19970703125,Mouth closed
1714064018.282108,0.625244140625,0.781005859375,-0.19580078125,Mouth closed
1714064018.326775,0.626953125,0.781982421875,-0.199462890625,Mouth closed
1714064018.3686,0.627685546875,0.781982421875,-0.197509765625,Mouth closed
1714064018.407234,0.625,0.780029296875,-0.19677734375,Mouth closed
1714064018.445605,0.623779296875,0.779541015625,-0.20068359375,Mouth closed
1714064018.480602,0.626953125,0.77978515625,-0.198486328125,Mouth closed
1714064018.524306,0.624755859375,0.779052734375,-0.197021484375,Mouth closed
1714064018.560643,0.62451171875,0.7802734375,-0.198974609375,Mouth closed
1714064018.605203,0.626953125,0.78173828125,-0.192626953125,Mouth closed
1714064018.641756,0.63232421875,0.7822265625,-0.1982421875,Mouth closed
1714064018.688121,0.626708984375,0.780029296875,-0.1962890625,Mouth closed
1714064018.721915,0.626708984375,0.782470703125,-0.19091796875,Mouth closed
1714064018.762127,0.62744140625,0.783203125,-0.195556640625,Mouth closed
1714064018.803339,0.624755859375,0.783935546875,-0.1904296875,Mouth closed
1714064018.841985,0.624267578125,0.7783203125,-0.1943359375,Mouth closed
1714064018.882197,0.622314453125,0.783203125,-0.1943359375,Mouth closed
1714064018.924515,0.627197265625,0.785400390625,-0.191162109375,Mouth closed
1714064018.962849,0.623291015625,0.779052734375,-0.191162109375,Mouth closed
1714064019.003569,0.626953125,0.781005859375,-0.1923828125,Mouth closed
1714064019.047268,0.6279296875,0.7822265625,-0.1943359375,Mouth closed
1714064019.084242,0.623046875,0.780029296875,-0.1943359375,Mouth closed
1714064019.121107,0.627685546875,0.78125,-0.19189453125,Mouth closed
1714064019.162404,0.62841796875,0.781005859375,-0.194091796875,Mouth closed
1714064019.200979,0.6279296875,0.780517578125,-0.1953125,Mouth closed
1714064019.241742,0.624267578125,0.78125,-0.196533203125,Mouth closed
1714064019.282167,0.623291015625,0.77783203125,-0.1962890625,Mouth closed
1714064019.324817,0.625244140625,0.77978515625,-0.19482421875,Mouth closed
1714064019.363855,0.62548828125,0.780517578125,-0.19580078125,Mouth closed
1714064019.402933,0.623291015625,0.782470703125,-0.19482421875,Mouth closed
1714064019.443406,0.62548828125,0.781494140625,-0.1943359375,Mouth closed
1714064019.484467,0.629638671875,0.777587890625,-0.193603515625,Mouth closed
1714064019.523898,0.646484375,0.768798828125,-0.174560546875,Mouth closed
1714064019.565676,0.63427734375,0.780517578125,-0.18701171875,Mouth closed
1714064019.605567,0.631591796875,0.776123046875,-0.178466796875,Mouth closed
1714064019.645368,0.6123046875,0.783203125,-0.2099609375,Mouth closed
1714064019.687163,0.6181640625,0.787109375,-0.19482421875,Mouth closed
1714064019.731021,0.626708984375,0.77783203125,-0.16015625,Mouth closed
1714064019.762983,0.617431640625,0.7841796875,-0.1953125,Mouth closed
1714064019.810765,0.6240234375,0.78955078125,-0.19482421875,Mouth closed
1714064019.847844,0.622802734375,0.78857421875,-0.190673828125,Mouth closed
1714064019.882676,0.62109375,0.78857421875,-0.187744140625,Mouth closed
1714064019.927161,0.62451171875,0.78369140625,-0.191162109375,Mouth closed
1714064019.964706,0.62060546875,0.7861328125,-0.190673828125,Mouth closed
1714064020.009943,0.6201171875,0.785400390625,-0.193603515625,Mouth closed
1714064020.044396,0.61572265625,0.78857421875,-0.1953125,Mouth closed
1714064020.085847,0.61865234375,0.790283203125,-0.19677734375,Mouth closed
1714064020.124848,0.6201171875,0.78857421875,-0.1923828125,Mouth closed
1714064020.164681,0.61962890625,0.78759765625,-0.1904296875,Mouth closed
1714064020.204666,0.6181640625,0.792236328125,-0.190673828125,Mouth closed
1714064020.246015,0.620849609375,0.78759765625,-0.196044921875,Mouth closed
1714064020.286715,0.61865234375,0.786865234375,-0.197021484375,Mouth closed
1714064020.325693,0.61767578125,0.788818359375,-0.19189453125,Mouth closed
1714064020.366623,0.6181640625,0.7900390625,-0.196533203125,Mouth closed
1714064020.405268,0.614501953125,0.786865234375,-0.1923828125,Mouth closed
1714064020.443943,0.61767578125,0.788330078125,-0.19677734375,Mouth closed
1714064020.485302,0.618408203125,0.790283203125,-0.19677734375,Mouth closed
1714064020.523906,0.61962890625,0.789306640625,-0.198974609375,Mouth closed
1714064020.564068,0.613525390625,0.785888671875,-0.19287109375,Mouth closed
1714064020.613315,0.62060546875,0.790283203125,-0.196044921875,Mouth closed
1714064020.687028,0.61865234375,0.7890625,-0.1943359375,Mouth closed
1714064020.687808,0.61669921875,0.787841796875,-0.196533203125,Mouth closed
1714064020.725841,0.6181640625,0.787353515625,-0.197265625,Mouth closed
1714064020.767251,0.619384765625,0.78759765625,-0.1962890625,Mouth closed
1714064020.807267,0.61474609375,0.787841796875,-0.196044921875,Mouth closed
1714064020.850723,0.615234375,0.7880859375,-0.197021484375,Mouth closed
1714064020.888039,0.615966796875,0.788330078125,-0.19775390625,Mouth closed
1714064020.927646,0.614501953125,0.789794921875,-0.19580078125,Mouth closed
1714064020.969094,0.620849609375,0.79052734375,-0.196533203125,Mouth closed
1714064021.010394,0.619384765625,0.787841796875,-0.19580078125,Mouth closed
1714064021.047183,0.619384765625,0.78662109375,-0.19580078125,Mouth closed
1714064021.088348,0.623291015625,0.7861328125,-0.19482421875,Mouth closed
1714064021.126149,0.6220703125,0.788818359375,-0.193603515625,Mouth closed
1714064021.164955,0.61865234375,0.7880859375,-0.195068359375,Mouth closed
1714064021.205877,0.617919921875,0.788818359375,-0.194580078125,Mouth closed
1714064021.246847,0.616943359375,0.787109375,-0.19384765625,Mouth closed
1714064021.28495,0.618408203125,0.786865234375,-0.196533203125,Mouth closed
1714064021.325864,0.620849609375,0.787353515625,-0.199462890625,Mouth closed
1714064021.36644,0.617431640625,0.78466796875,-0.193603515625,Mouth closed
1714064021.406912,0.61962890625,0.789306640625,-0.1953125,Mouth closed
1714064021.446152,0.6201171875,0.78564453125,-0.196044921875,Mouth closed
1714064021.492106,0.617919921875,0.786376953125,-0.19677734375,Mouth closed
1714064021.532786,0.619140625,0.787109375,-0.197265625,Mouth closed
1714064021.568303,0.61669921875,0.78662109375,-0.19775390625,Mouth closed
1714064021.613257,0.616455078125,0.7861328125,-0.201416015625,Mouth closed
1714064021.648991,0.61376953125,0.785888671875,-0.2001953125,Mouth closed
1714064021.691146,0.61865234375,0.789306640625,-0.19921875,Mouth closed
1714064021.731489,0.615234375,0.7861328125,-0.2021484375,Mouth closed
1714064021.771378,0.617431640625,0.789306640625,-0.20166015625,Mouth closed
1714064021.809779,0.61572265625,0.78759765625,-0.19873046875,Mouth closed
1714064021.848063,0.620361328125,0.78759765625,-0.201416015625,Mouth closed
1714064021.887336,0.618896484375,0.78662109375,-0.20166015625,Mouth closed
1714064021.925745,0.61962890625,0.78515625,-0.2001953125,Mouth closed
1714064021.967686,0.614990234375,0.78515625,-0.1953125,Mouth closed
1714064022.007193,0.616943359375,0.785888671875,-0.197998046875,Mouth closed
1714064022.047618,0.62060546875,0.787109375,-0.1962890625,Mouth closed
1714064022.086211,0.615234375,0.787109375,-0.19970703125,Mouth closed
1714064022.126755,0.618408203125,0.787353515625,-0.199462890625,Mouth closed
1714064022.16688,0.618408203125,0.7880859375,-0.199462890625,Mouth closed
1714064022.207581,0.616943359375,0.787109375,-0.19775390625,Mouth closed
1714064022.247136,0.6171875,0.786376953125,-0.199951171875,Mouth closed
1714064022.288206,0.617919921875,0.78759765625,-0.200439453125,Mouth closed
1714064022.327667,0.61767578125,0.787353515625,-0.20166015625,Mouth closed
1714064022.367165,0.615234375,0.787109375,-0.203369140625,Mouth closed
1714064022.406156,0.615966796875,0.78759765625,-0.20556640625,Mouth closed
1714064022.446485,0.615234375,0.7890625,-0.20166015625,Mouth closed
1714064022.486838,0.6142578125,0.78857421875,-0.197509765625,Mouth closed
1714064022.52516,0.61767578125,0.791015625,-0.200439453125,Mouth closed
1714064022.565047,0.6181640625,0.784423828125,-0.200439453125,Mouth closed
1714064022.604846,0.61962890625,0.786865234375,-0.195068359375,Mouth closed
1714064022.645152,0.62158203125,0.78466796875,-0.19775390625,Mouth closed
1714064022.687526,0.619873046875,0.783935546875,-0.19482421875,Mouth closed
1714064022.725791,0.61962890625,0.784423828125,-0.195068359375,Mouth closed
1714064022.767352,0.62060546875,0.785400390625,-0.195556640625,Mouth closed
1714064022.810651,0.623779296875,0.785400390625,-0.201416015625,Mouth closed
1714064022.85029,0.6220703125,0.78564453125,-0.197021484375,Mouth closed
1714064022.887829,0.61962890625,0.7880859375,-0.19873046875,Mouth closed
1714064022.930853,0.614990234375,0.788818359375,-0.198974609375,Mouth closed
1714064022.967512,0.6162109375,0.78955078125,-0.201171875,Mouth closed
1714064023.007109,0.61572265625,0.792236328125,-0.198486328125,Mouth closed
1714064023.045621,0.6162109375,0.78662109375,-0.201416015625,Mouth closed
1714064023.08489,0.613525390625,0.787841796875,-0.1982421875,Mouth closed
1714064023.12428,0.615966796875,0.786376953125,-0.203125,Mouth closed
1714064023.164582,0.61669921875,0.789794921875,-0.199462890625,Mouth closed
1714064023.205052,0.6142578125,0.7880859375,-0.201904296875,Mouth closed
1714064023.244969,0.62060546875,0.787109375,-0.201171875,Mouth closed
1714064023.285608,0.61865234375,0.7841796875,-0.2021484375,Mouth closed
1714064023.327463,0.619384765625,0.783447265625,-0.195068359375,Mouth closed
1714064023.365256,0.62109375,0.78564453125,-0.198974609375,Mouth closed
1714064023.405664,0.621826171875,0.78466796875,-0.195556640625,Mouth closed
1714064023.445968,0.61669921875,0.784423828125,-0.196533203125,Mouth closed
1714064023.486155,0.62109375,0.789306640625,-0.1962890625,Mouth closed
1714064023.526903,0.617431640625,0.788818359375,-0.19287109375,Mouth closed
1714064023.566859,0.614990234375,0.7861328125,-0.194580078125,Mouth closed
1714064023.607479,0.619873046875,0.78662109375,-0.1962890625,Mouth closed
1714064023.645892,0.618896484375,0.787841796875,-0.1962890625,Mouth closed
1714064023.687036,0.617431640625,0.78662109375,-0.196044921875,Mouth closed
1714064023.72687,0.614990234375,0.785888671875,-0.199462890625,Mouth closed
1714064023.765698,0.618896484375,0.78955078125,-0.19873046875,Mouth closed
1714064023.805715,0.61572265625,0.78857421875,-0.197021484375,Mouth closed
1714064023.845906,0.616943359375,0.78759765625,-0.19580078125,Mouth closed
1714064023.886849,0.6162109375,0.789306640625,-0.19970703125,Mouth closed
1714064023.926749,0.6142578125,0.78857421875,-0.198974609375,Mouth closed
1714064023.970886,0.6201171875,0.787109375,-0.199951171875,Mouth closed
1714064024.008556,0.62109375,0.78662109375,-0.197265625,Mouth closed
1714064024.050047,0.617431640625,0.7890625,-0.193115234375,Mouth closed
1714064024.089103,0.618896484375,0.785888671875,-0.197998046875,Mouth closed
1714064024.138414,0.618896484375,0.78662109375,-0.195556640625,Mouth closed
1714064024.168811,0.61767578125,0.788330078125,-0.193359375,Mouth closed
1714064024.209008,0.618896484375,0.787109375,-0.196533203125,Mouth closed
1714064024.251005,0.6201171875,0.78662109375,-0.193359375,Mouth closed
1714064024.287956,0.618408203125,0.786376953125,-0.192626953125,Mouth closed
1714064024.327654,0.61767578125,0.78515625,-0.19775390625,Mouth closed
1714064024.368276,0.6181640625,0.7890625,-0.19921875,Mouth closed
1714064024.406885,0.614013671875,0.787353515625,-0.197021484375,Mouth closed
1714064024.448809,0.6162109375,0.7900390625,-0.199462890625,Mouth closed
1714064024.487232,0.61767578125,0.78515625,-0.198486328125,Mouth closed
1714064024.529111,0.61572265625,0.786376953125,-0.199462890625,Mouth closed
1714064024.568269,0.6171875,0.788818359375,-0.19873046875,Mouth closed
1714064024.607926,0.615234375,0.78857421875,-0.201171875,Mouth closed
1714064024.649773,0.61669921875,0.78515625,-0.196533203125,Mouth closed
1714064024.687878,0.6162109375,0.788330078125,-0.19775390625,Mouth closed
1714064024.728389,0.615234375,0.788330078125,-0.19775390625,Mouth closed
1714064024.771536,0.6171875,0.789306640625,-0.19873046875,Mouth closed
1714064024.808743,0.619384765625,0.791015625,-0.195556640625,Mouth closed
1714064024.850549,0.614501953125,0.787353515625,-0.20068359375,Mouth closed
1714064024.891149,0.61279296875,0.79052734375,-0.197509765625,Mouth closed
1714064024.92865,0.61572265625,0.790283203125,-0.196533203125,Mouth closed
1714064024.968654,0.619873046875,0.79150390625,-0.19580078125,Mouth closed
1714064025.007752,0.621337890625,0.789794921875,-0.19921875,Mouth closed
1714064025.049292,0.6171875,0.7841796875,-0.197021484375,Mouth closed
1714064025.090418,0.61767578125,0.787109375,-0.2001953125,Mouth closed
1714064025.129048,0.618408203125,0.78466796875,-0.1982421875,Mouth closed
1714064025.1692,0.617919921875,0.787353515625,-0.198486328125,Mouth closed
1714064025.213047,0.6181640625,0.787109375,-0.199951171875,Mouth closed
1714064025.251834,0.61376953125,0.78564453125,-0.197509765625,Mouth closed
1714064025.291444,0.616455078125,0.7890625,-0.197998046875,Mouth closed
1714064025.330798,0.6162109375,0.787841796875,-0.199462890625,Mouth closed
1714064025.376005,0.615478515625,0.788818359375,-0.198486328125,Mouth closed
1714064025.41223,0.6162109375,0.791015625,-0.197509765625,Mouth closed
1714064025.452659,0.616455078125,0.7900390625,-0.195556640625,Mouth closed
1714064025.492281,0.619384765625,0.79150390625,-0.19677734375,Mouth closed
1714064025.532125,0.619873046875,0.78515625,-0.19775390625,Mouth closed
1714064025.571871,0.615966796875,0.785888671875,-0.19287109375,Mouth closed
1714064025.616472,0.616455078125,0.78857421875,-0.196533203125,Mouth closed
1714064025.653505,0.61962890625,0.788330078125,-0.19580078125,Mouth closed
1714064025.695022,0.61572265625,0.791015625,-0.19580078125,Mouth closed
1714064025.727914,0.61865234375,0.792236328125,-0.194580078125,Mouth closed
1714064025.772969,0.617919921875,0.78857421875,-0.198486328125,Mouth closed
1714064025.809097,0.6123046875,0.78662109375,-0.195556640625,Mouth closed
1714064025.85024,0.619140625,0.787353515625,-0.198974609375,Mouth closed
1714064025.891021,0.6181640625,0.78662109375,-0.19970703125,Mouth closed
1714064025.933584,0.61572265625,0.78759765625,-0.197998046875,Mouth closed
1714064025.970708,0.61865234375,0.7880859375,-0.19921875,Mouth closed
1714064026.014729,0.615234375,0.79052734375,-0.201904296875,Mouth closed
1714064026.056319,0.61181640625,0.787353515625,-0.205322265625,Mouth closed
1714064026.095728,0.611083984375,0.78662109375,-0.205322265625,Mouth closed
1714064026.132804,0.6142578125,0.78662109375,-0.202880859375,Mouth closed
1714064026.174139,0.61279296875,0.7900390625,-0.20068359375,Mouth closed
1714064026.215883,0.618408203125,0.789306640625,-0.20166015625,Mouth closed
1714064026.250762,0.61376953125,0.7861328125,-0.19970703125,Mouth closed
1714064026.291049,0.6171875,0.7890625,-0.1982421875,Mouth closed
1714064026.32962,0.62158203125,0.788818359375,-0.201416015625,Mouth closed
1714064026.370081,0.6162109375,0.785888671875,-0.196533203125,Mouth closed
1714064026.410627,0.615478515625,0.78564453125,-0.19775390625,Mouth closed
1714064026.451066,0.617431640625,0.79052734375,-0.197998046875,Mouth closed
1714064026.493009,0.613037109375,0.789306640625,-0.20068359375,Mouth closed
1714064026.531334,0.61181640625,0.78662109375,-0.197509765625,Mouth closed
1714064026.570767,0.6201171875,0.789306640625,-0.20068359375,Mouth closed
1714064026.611782,0.616943359375,0.787353515625,-0.19921875,Mouth closed
1714064026.651641,0.61474609375,0.7880859375,-0.198486328125,Mouth closed
1714064026.691703,0.6201171875,0.787841796875,-0.202392578125,Mouth closed
1714064026.735589,0.618896484375,0.7880859375,-0.19677734375,Mouth closed
1714064026.777866,0.619384765625,0.78369140625,-0.19873046875,Mouth closed
1714064026.811712,0.614501953125,0.78759765625,-0.201904296875,Mouth closed
1714064026.854596,0.6142578125,0.7880859375,-0.203125,Mouth closed
1714064026.89417,0.615234375,0.787841796875,-0.2001953125,Mouth closed
1714064026.930752,0.613525390625,0.79345703125,-0.2001953125,Mouth closed
1714064026.971626,0.61572265625,0.78955078125,-0.19873046875,Mouth closed
1714064027.009592,0.6162109375,0.7861328125,-0.20166015625,Mouth closed
1714064027.04861,0.616455078125,0.787841796875,-0.199462890625,Mouth closed
1714064027.090075,0.6171875,0.787109375,-0.2001953125,Mouth closed
1714064027.129704,0.61572265625,0.789794921875,-0.19677734375,Mouth closed
1714064027.1764,0.6171875,0.7861328125,-0.19775390625,Mouth closed
1714064027.212221,0.617919921875,0.792236328125,-0.196044921875,Mouth closed
1714064027.252205,0.619140625,0.79150390625,-0.202880859375,Mouth closed
1714064027.29421,0.61572265625,0.787109375,-0.1982421875,Mouth closed
1714064027.33663,0.61962890625,0.78759765625,-0.199951171875,Mouth closed
1714064027.37102,0.61767578125,0.789306640625,-0.1982421875,Mouth closed
1714064027.416247,0.6162109375,0.78955078125,-0.197509765625,Mouth closed
1714064027.457227,0.61865234375,0.78662109375,-0.1962890625,Mouth closed
1714064027.497335,0.617431640625,0.7841796875,-0.19677734375,Mouth closed
1714064027.538039,0.6201171875,0.7861328125,-0.197998046875,Mouth closed
1714064027.576221,0.620361328125,0.784912109375,-0.197998046875,Mouth closed
1714064027.614272,0.619140625,0.785400390625,-0.20068359375,Mouth closed
1714064027.654517,0.62255859375,0.78564453125,-0.19580078125,Mouth closed
1714064027.691825,0.61474609375,0.785888671875,-0.19921875,Mouth closed
1714064027.731662,0.62255859375,0.789306640625,-0.199462890625,Mouth closed
1714064027.772352,0.616455078125,0.785400390625,-0.200439453125,Mouth closed
1714064027.810627,0.6171875,0.78759765625,-0.193603515625,Mouth closed
1714064027.851608,0.6181640625,0.788330078125,-0.196533203125,Mouth closed
1714064027.8919,0.618408203125,0.788818359375,-0.19482421875,Mouth closed
1714064027.932271,0.615478515625,0.788330078125,-0.196533203125,Mouth closed
1714064027.973221,0.617431640625,0.790283203125,-0.196044921875,Mouth closed
1714064028.012946,0.61865234375,0.790283203125,-0.195556640625,Mouth closed
1714064028.053652,0.612548828125,0.7861328125,-0.1982421875,Mouth closed
1714064028.092653,0.618408203125,0.7880859375,-0.198486328125,Mouth closed
1714064028.145496,0.616943359375,0.785888671875,-0.19921875,Mouth closed
1714064028.172696,0.62060546875,0.783447265625,-0.19482421875,Mouth closed
1714064028.223801,0.619873046875,0.781982421875,-0.19580078125,Mouth closed
1714064028.252197,0.6181640625,0.7861328125,-0.197265625,Mouth closed
1714064028.302801,0.61767578125,0.785400390625,-0.201416015625,Mouth closed
1714064028.331701,0.6181640625,0.787109375,-0.19775390625,Mouth closed
1714064028.375951,0.615966796875,0.787109375,-0.199951171875,Mouth closed
1714064028.413312,0.614501953125,0.7861328125,-0.198974609375,Mouth closed
1714064028.45729,0.614990234375,0.788818359375,-0.198486328125,Mouth closed
1714064028.493431,0.6142578125,0.79052734375,-0.20068359375,Mouth closed
1714064028.543976,0.617919921875,0.793212890625,-0.20068359375,Mouth closed
1714064028.572724,0.614990234375,0.787109375,-0.19873046875,Mouth closed
1714064028.619565,0.61572265625,0.787353515625,-0.198974609375,Mouth closed
1714064028.653065,0.620849609375,0.7890625,-0.20166015625,Mouth closed
1714064028.702755,0.617919921875,0.786376953125,-0.197265625,Mouth closed
1714064028.73395,0.6142578125,0.787841796875,-0.19921875,Mouth closed
1714064028.77836,0.6181640625,0.784912109375,-0.199951171875,Mouth closed
1714064028.81355,0.617431640625,0.786865234375,-0.201416015625,Mouth closed
1714064028.86299,0.61474609375,0.782958984375,-0.1982421875,Mouth closed
1714064028.89315,0.617431640625,0.78564453125,-0.2001953125,Mouth closed
1714064028.942139,0.622314453125,0.788818359375,-0.197998046875,Mouth closed
1714064028.972365,0.619384765625,0.787109375,-0.1953125,Mouth closed
1714064029.017057,0.62060546875,0.787353515625,-0.199462890625,Mouth closed
1714064029.070902,0.6201171875,0.786865234375,-0.198974609375,Mouth closed
1714064029.096065,0.6181640625,0.789794921875,-0.193115234375,Mouth closed
1714064029.134325,0.614501953125,0.788818359375,-0.197265625,Mouth closed
1714064029.174072,0.6142578125,0.78857421875,-0.2001953125,Mouth closed
1714064029.213606,0.61376953125,0.791259765625,-0.19921875,Mouth closed
1714064029.255243,0.61767578125,0.79296875,-0.196533203125,Mouth closed
1714064029.298605,0.615478515625,0.791748046875,-0.194580078125,Mouth closed
1714064029.335068,0.61767578125,0.795166015625,-0.201171875,Mouth closed
1714064029.38616,0.615234375,0.788818359375,-0.198974609375,Mouth closed
1714064029.416785,0.625244140625,0.78759765625,-0.201171875,Mouth closed
1714064029.457486,0.616455078125,0.78515625,-0.201904296875,Mouth closed
1714064029.496286,0.620361328125,0.784423828125,-0.205078125,Mouth closed
1714064029.538046,0.62353515625,0.782470703125,-0.199462890625,Mouth closed
1714064029.576495,0.619140625,0.7802734375,-0.20654296875,Mouth closed
1714064029.614635,0.62841796875,0.785888671875,-0.196533203125,Mouth closed
1714064029.657617,0.623779296875,0.783203125,-0.1953125,Mouth closed
1714064029.691722,0.62158203125,0.7841796875,-0.198486328125,Mouth closed
1714064029.740655,0.62158203125,0.781982421875,-0.2041015625,Mouth closed
1714064029.781176,0.619140625,0.782958984375,-0.203369140625,Mouth closed
1714064029.822366,0.61767578125,0.7841796875,-0.19921875,Mouth closed
1714064029.853596,0.616455078125,0.787353515625,-0.202392578125,Mouth closed
1714064029.900698,0.61767578125,0.787109375,-0.19873046875,Mouth closed
1714064029.941932,0.616943359375,0.786865234375,-0.19970703125,Mouth closed
1714064029.981257,0.61865234375,0.785888671875,-0.198486328125,Mouth closed
1714064030.022189,0.61865234375,0.786865234375,-0.19873046875,Mouth closed
1714064030.059611,0.61962890625,0.790771484375,-0.198486328125,Mouth closed
1714064030.097154,0.622314453125,0.78857421875,-0.20068359375,Mouth closed
1714064030.139333,0.619140625,0.783203125,-0.19970703125,Mouth closed
1714064030.174465,0.619384765625,0.782958984375,-0.19873046875,Mouth closed
1714064030.21606,0.625244140625,0.7841796875,-0.200927734375,Mouth closed
1714064030.257226,0.620849609375,0.780029296875,-0.197021484375,Mouth closed
1714064030.293554,0.62060546875,0.781494140625,-0.197509765625,Mouth closed
1714064030.334589,0.623291015625,0.785888671875,-0.194580078125,Mouth closed
1714064030.374036,0.61865234375,0.78564453125,-0.196044921875,Mouth closed
1714064030.416363,0.617919921875,0.7822265625,-0.197509765625,Mouth closed
1714064030.453703,0.618408203125,0.7880859375,-0.199462890625,Mouth closed
1714064030.493544,0.61767578125,0.788818359375,-0.200439453125,Mouth closed
1714064030.536856,0.6162109375,0.78759765625,-0.20166015625,Mouth closed
1714064030.572466,0.6201171875,0.78564453125,-0.2021484375,Mouth closed
1714064030.61518,0.6142578125,0.78759765625,-0.199462890625,Mouth closed
1714064030.670296,0.617431640625,0.79052734375,-0.201171875,Mouth closed
1714064030.698668,0.614501953125,0.783203125,-0.201416015625,Mouth closed
1714064030.736324,0.617431640625,0.783935546875,-0.2021484375,Mouth closed
1714064030.774106,0.617431640625,0.782958984375,-0.19970703125,Mouth closed
1714064030.813693,0.623046875,0.78466796875,-0.19921875,Mouth closed
1714064030.852517,0.62060546875,0.781494140625,-0.1982421875,Mouth closed
1714064030.892933,0.62060546875,0.782958984375,-0.202392578125,Mouth closed
1714064030.936142,0.621337890625,0.7861328125,-0.20068359375,Mouth closed
1714064030.973667,0.620361328125,0.783935546875,-0.19970703125,Mouth closed
1714064031.014068,0.61669921875,0.7841796875,-0.19970703125,Mouth closed
1714064031.056087,0.617431640625,0.785888671875,-0.2021484375,Mouth closed
1714064031.095995,0.622314453125,0.7900390625,-0.199951171875,Mouth closed
1714064031.137847,0.619873046875,0.78515625,-0.2001953125,Mouth closed
1714064031.176098,0.619140625,0.78564453125,-0.201171875,Mouth closed
1714064031.215709,0.619873046875,0.786376953125,-0.202392578125,Mouth closed
1714064031.260298,0.61865234375,0.7861328125,-0.199462890625,Mouth closed
1714064031.296115,0.616943359375,0.783447265625,-0.202392578125,Mouth closed
1714064031.337465,0.61865234375,0.7880859375,-0.2001953125,Mouth closed
1714064031.379713,0.6181640625,0.78662109375,-0.200439453125,Mouth closed
1714064031.42172,0.6162109375,0.788330078125,-0.2021484375,Mouth closed
1714064031.455501,0.61767578125,0.787353515625,-0.2021484375,Mouth closed
1714064031.499511,0.619140625,0.786865234375,-0.197265625,Mouth closed
1714064031.535623,0.619384765625,0.78515625,-0.198974609375,Mouth closed
1714064031.584834,0.62451171875,0.78759765625,-0.20166015625,Mouth closed
1714064031.622583,0.61962890625,0.781494140625,-0.20068359375,Mouth closed
1714064031.654795,0.61669921875,0.78564453125,-0.196533203125,Mouth closed
1714064031.69915,0.623291015625,0.78515625,-0.2021484375,Mouth closed
1714064031.740323,0.62060546875,0.786865234375,-0.197998046875,Mouth closed
1714064031.780952,0.617431640625,0.782470703125,-0.19775390625,Mouth closed
1714064031.819174,0.621826171875,0.7880859375,-0.19580078125,Mouth closed
1714064031.857052,0.61865234375,0.7890625,-0.196044921875,Mouth closed
1714064031.896736,0.615478515625,0.78662109375,-0.19580078125,Mouth closed
1714064031.937535,0.61865234375,0.787841796875,-0.2001953125,Mouth closed
1714064031.981309,0.61865234375,0.78662109375,-0.19970703125,Mouth closed
1714064032.021887,0.615966796875,0.786376953125,-0.198486328125,Mouth closed
1714064032.061911,0.61767578125,0.78857421875,-0.200439453125,Mouth closed
1714064032.098417,0.61767578125,0.78955078125,-0.20263671875,Mouth closed
1714064032.13845,0.614013671875,0.787353515625,-0.19921875,Mouth closed
1714064032.176193,0.617919921875,0.7890625,-0.19921875,Mouth closed
1714064032.215411,0.615478515625,0.786376953125,-0.20068359375,Mouth closed
1714064032.25649,0.6181640625,0.784912109375,-0.199462890625,Mouth closed
1714064032.296925,0.617919921875,0.786376953125,-0.196044921875,Mouth closed
1714064032.335786,0.622314453125,0.787109375,-0.2001953125,Mouth closed
1714064032.378869,0.621337890625,0.78466796875,-0.19775390625,Mouth closed
1714064032.41709,0.619140625,0.7822265625,-0.19287109375,Mouth closed
1714064032.459201,0.621337890625,0.78662109375,-0.197021484375,Mouth closed
1714064032.497525,0.62109375,0.785888671875,-0.1962890625,Mouth closed
1714064032.537542,0.6171875,0.787109375,-0.19677734375,Mouth closed
1714064032.578906,0.619384765625,0.78955078125,-0.194580078125,Mouth closed
1714064032.617631,0.61669921875,0.78857421875,-0.1982421875,Mouth closed
1714064032.662485,0.612060546875,0.78662109375,-0.1962890625,Mouth closed
1714064032.699029,0.614990234375,0.791259765625,-0.198974609375,Mouth closed
1714064032.739495,0.618896484375,0.79052734375,-0.199462890625,Mouth closed
1714064032.77713,0.614990234375,0.78857421875,-0.19921875,Mouth closed
1714064032.819247,0.618408203125,0.786865234375,-0.19970703125,Mouth closed
1714064032.856824,0.618896484375,0.786376953125,-0.19873046875,Mouth closed
1714064032.897057,0.615966796875,0.786376953125,-0.19970703125,Mouth closed
1714064032.935535,0.61767578125,0.786865234375,-0.19921875,Mouth closed
1714064032.988626,0.616943359375,0.7880859375,-0.201904296875,Mouth closed
1714064033.017536,0.617919921875,0.78564453125,-0.195556640625,Mouth open
1714064033.066115,0.619384765625,0.789306640625,-0.195068359375,Mouth open
1714064033.103432,0.622802734375,0.789794921875,-0.1953125,Mouth open
1714064033.143198,0.615234375,0.785888671875,-0.19775390625,Mouth open
1714064033.181154,0.61669921875,0.786865234375,-0.19580078125,Mouth open
1714064033.220404,0.620849609375,0.789794921875,-0.19677734375,Mouth open
1714064033.259151,0.6181640625,0.789794921875,-0.1953125,Mouth open
1714064033.305377,0.614501953125,0.789306640625,-0.195556640625,Mouth open
1714064033.348307,0.62060546875,0.79248046875,-0.1962890625,Mouth open
1714064033.380364,0.6142578125,0.78759765625,-0.193115234375,Mouth open
1714064033.416475,0.614501953125,0.788330078125,-0.196533203125,Mouth open
1714064033.465423,0.6162109375,0.7880859375,-0.195556640625,Mouth open
1714064033.501724,0.619873046875,0.7900390625,-0.19921875,Mouth open
1714064033.542203,0.617919921875,0.785400390625,-0.199462890625,Mouth open
1714064033.581191,0.617431640625,0.78759765625,-0.197998046875,Mouth open
1714064033.618774,0.618896484375,0.788818359375,-0.197021484375,Mouth open
1714064033.656856,0.618896484375,0.788330078125,-0.197998046875,Mouth open
1714064033.697559,0.61767578125,0.787353515625,-0.19970703125,Mouth open
1714064033.738058,0.617431640625,0.788330078125,-0.200927734375,Mouth open
1714064033.778931,0.613037109375,0.78466796875,-0.20068359375,Mouth open
1714064033.818565,0.61474609375,0.7880859375,-0.19970703125,Mouth open
1714064033.858802,0.617919921875,0.788818359375,-0.197021484375,Mouth open
1714064033.89948,0.61474609375,0.787109375,-0.196044921875,Mouth open
1714064033.939568,0.61865234375,0.788330078125,-0.198486328125,Mouth open
1714064033.978552,0.6220703125,0.78662109375,-0.193603515625,Mouth open
1714064034.018551,0.61962890625,0.7900390625,-0.196044921875,Mouth open
1714064034.058514,0.617431640625,0.788818359375,-0.19580078125,Mouth open
1714064034.096353,0.615966796875,0.7880859375,-0.19677734375,Mouth open
1714064034.137108,0.618408203125,0.793212890625,-0.19482421875,Mouth open
1714064034.179534,0.615478515625,0.791259765625,-0.201904296875,Mouth open
1714064034.216396,0.6142578125,0.7880859375,-0.196533203125,Mouth open
1714064034.256762,0.615966796875,0.79052734375,-0.197509765625,Mouth open
1714064034.297008,0.61767578125,0.7890625,-0.19775390625,Mouth open
1714064034.337653,0.6171875,0.787353515625,-0.1943359375,Mouth open
1714064034.377519,0.62109375,0.7890625,-0.1982421875,Mouth open
1714064034.420146,0.61767578125,0.78662109375,-0.198974609375,Mouth open
1714064034.46093,0.6162109375,0.786865234375,-0.200927734375,Mouth open
1714064034.498766,0.615478515625,0.7900390625,-0.200927734375,Mouth open
1714064034.544537,0.6162109375,0.78662109375,-0.203857421875,Mouth open
1714064034.578518,0.6171875,0.787353515625,-0.19873046875,Mouth open
1714064034.618571,0.617431640625,0.790283203125,-0.19921875,Mouth open
1714064034.661673,0.6162109375,0.78466796875,-0.201904296875,Mouth open
1714064034.703388,0.6181640625,0.787841796875,-0.200439453125,Mouth open
1714064034.736346,0.618896484375,0.788330078125,-0.1962890625,Mouth open
1714064034.780505,0.619140625,0.786376953125,-0.19970703125,Mouth open
1714064034.816242,0.614013671875,0.786376953125,-0.19677734375,Mouth open
1714064034.856472,0.615966796875,0.7890625,-0.196533203125,Mouth open
1714064034.897202,0.622802734375,0.789306640625,-0.20654296875,Mouth open
1714064034.940492,0.603271484375,0.79443359375,-0.219482421875,Mouth open
1714064034.977722,0.63330078125,0.79443359375,-0.20263671875,Mouth open
1714064035.028623,0.632568359375,0.77001953125,-0.19140625,Mouth open
1714064035.057559,0.626220703125,0.768310546875,-0.21875,Mouth open
1714064035.102096,0.633544921875,0.761474609375,-0.209228515625,Mouth open
1714064035.146537,0.633056640625,0.756103515625,-0.21337890625,Mouth open
1714064035.179986,0.640380859375,0.755615234375,-0.21044921875,Mouth open
1714064035.223173,0.644775390625,0.7626953125,-0.22021484375,Mouth open
1714064035.260474,0.634033203125,0.773681640625,-0.22021484375,Mouth open
1714064035.300457,0.6279296875,0.773681640625,-0.225341796875,Mouth open
1714064035.338895,0.6279296875,0.768310546875,-0.223876953125,Mouth open
1714064035.376462,0.634033203125,0.7744140625,-0.222900390625,Mouth open
1714064035.415775,0.63330078125,0.764892578125,-0.2177734375,Mouth open
1714064035.45743,0.633544921875,0.7724609375,-0.214599609375,Mouth open
1714064035.497605,0.6318359375,0.7763671875,-0.21484375,Mouth open
1714064035.537599,0.627197265625,0.774658203125,-0.216552734375,Mouth open
1714064035.582998,0.622314453125,0.77294921875,-0.217041015625,Mouth open
1714064035.617792,0.624267578125,0.77490234375,-0.216552734375,Mouth open
1714064035.658325,0.63134765625,0.776611328125,-0.21923828125,Mouth open
1714064035.699628,0.620849609375,0.773681640625,-0.220458984375,Mouth open
1714064035.739772,0.631591796875,0.77685546875,-0.21923828125,Mouth open
1714064035.779617,0.622802734375,0.776611328125,-0.217529296875,Mouth open
1714064035.818293,0.62255859375,0.776123046875,-0.214599609375,Mouth open
1714064035.863451,0.627197265625,0.7744140625,-0.213134765625,Mouth open
1714064035.899544,0.627685546875,0.773193359375,-0.214111328125,Mouth open
1714064035.939603,0.629638671875,0.774169921875,-0.21533203125,Mouth open
1714064035.980045,0.62890625,0.776611328125,-0.21240234375,Mouth open
1714064036.020374,0.6337890625,0.781982421875,-0.210693359375,Mouth open
1714064036.057322,0.630615234375,0.778076171875,-0.202880859375,Mouth open
1714064036.097202,0.634765625,0.778564453125,-0.19921875,Mouth open
1714064036.136507,0.630859375,0.779296875,-0.19873046875,Mouth open
1714064036.176435,0.6298828125,0.785888671875,-0.208740234375,Mouth open
1714064036.217457,0.62451171875,0.77880859375,-0.225341796875,Mouth open
1714064036.262662,0.60888671875,0.771484375,-0.22509765625,Mouth open
1714064036.298673,0.60546875,0.76806640625,-0.216064453125,Mouth open
1714064036.34075,0.613037109375,0.77734375,-0.22265625,Mouth open
1714064036.377446,0.62109375,0.784423828125,-0.22802734375,Mouth open
1714064036.428019,0.625,0.786376953125,-0.24072265625,Mouth open
1714064036.459173,0.62109375,0.76708984375,-0.238037109375,Mouth open
1714064036.504837,0.620361328125,0.76416015625,-0.239501953125,Mouth open
1714064036.546035,0.615478515625,0.768310546875,-0.232177734375,Mouth open
1714064036.58086,0.626953125,0.783935546875,-0.23876953125,Mouth open
1714064036.624506,0.612060546875,0.77294921875,-0.227294921875,Mouth open
1714064036.662057,0.611572265625,0.77099609375,-0.23486328125,Mouth open
1714064036.702125,0.618408203125,0.77099609375,-0.226806640625,Mouth open
1714064036.73964,0.616455078125,0.771728515625,-0.208984375,Mouth open
1714064036.778474,0.617919921875,0.779541015625,-0.202880859375,Mouth open
1714064036.82168,0.611083984375,0.783203125,-0.205078125,Mouth open
1714064036.85844,0.6083984375,0.79150390625,-0.206298828125,Mouth open
1714064036.898804,0.613525390625,0.81201171875,-0.20703125,Mouth open
1714064036.939057,0.606201171875,0.804443359375,-0.206298828125,Mouth open
1714064036.981996,0.601806640625,0.7958984375,-0.20361328125,Mouth open
1714064037.019897,0.61279296875,0.798828125,-0.19384765625,Mouth open
1714064037.060663,0.621337890625,0.799072265625,-0.1923828125,Mouth open
1714064037.100631,0.6337890625,0.795654296875,-0.194091796875,Mouth open
1714064037.142533,0.62353515625,0.780517578125,-0.190185546875,Mouth open
1714064037.179475,0.626220703125,0.779296875,-0.18115234375,Mouth open
1714064037.223334,0.6240234375,0.775146484375,-0.166015625,Mouth open
1714064037.259789,0.61962890625,0.769287109375,-0.162841796875,Mouth open
1714064037.301257,0.62255859375,0.772216796875,-0.1552734375,Mouth open
1714064037.33839,0.622314453125,0.775390625,-0.150634765625,Mouth open
1714064037.377502,0.626708984375,0.7861328125,-0.14501953125,Mouth open
1714064037.417639,0.626708984375,0.79443359375,-0.14453125,Mouth open
1714064037.459042,0.62451171875,0.79296875,-0.138671875,Mouth open
1714064037.497383,0.62451171875,0.798583984375,-0.127197265625,Mouth open
1714064037.538742,0.6220703125,0.802734375,-0.130615234375,Mouth open
1714064037.580134,0.62109375,0.794921875,-0.118408203125,Mouth open
1714064037.649673,0.619384765625,0.80322265625,-0.117919921875,Mouth open
1714064037.660714,0.62744140625,0.79931640625,-0.125,Mouth open
1714064037.699597,0.6357421875,0.789794921875,-0.115966796875,Mouth open
1714064037.740286,0.63525390625,0.788330078125,-0.108642578125,Mouth open
1714064037.780295,0.643798828125,0.782958984375,-0.111083984375,Mouth open
1714064037.820305,0.647705078125,0.78076171875,-0.099365234375,Mouth open
1714064037.861557,0.646240234375,0.783935546875,-0.101318359375,Mouth open
1714064037.900147,0.649169921875,0.78125,-0.101318359375,Mouth open
1714064037.939405,0.63671875,0.781005859375,-0.100830078125,Mouth open
1714064037.978212,0.63623046875,0.790771484375,-0.10986328125,Mouth open
1714064038.017732,0.6357421875,0.791015625,-0.100830078125,Mouth open
1714064038.057211,0.631591796875,0.796142578125,-0.087890625,Mouth open
1714064038.098333,0.645263671875,0.8125,-0.093994140625,Mouth open
1714064038.138416,0.647216796875,0.80859375,-0.092041015625,Mouth open
1714064038.1784,0.643310546875,0.7998046875,-0.093994140625,Mouth open
1714064038.220169,0.64501953125,0.7919921875,-0.101318359375,Mouth open
1714064038.258674,0.64892578125,0.78759765625,-0.102783203125,Mouth open
1714064038.299172,0.6435546875,0.78369140625,-0.10791015625,Mouth open
1714064038.339258,0.644775390625,0.783447265625,-0.123291015625,Mouth open
1714064038.379301,0.64306640625,0.781494140625,-0.1298828125,Mouth open
1714064038.420508,0.638916015625,0.786376953125,-0.133056640625,Mouth open
1714064038.459893,0.6376953125,0.781982421875,-0.140625,Mouth open
1714064038.499452,0.63525390625,0.787109375,-0.150390625,Mouth open
1714064038.544061,0.635986328125,0.787109375,-0.146728515625,Mouth open
1714064038.579224,0.624755859375,0.784423828125,-0.15478515625,Mouth open
1714064038.62486,0.6279296875,0.7861328125,-0.1591796875,Mouth open
1714064038.658614,0.623779296875,0.792236328125,-0.166748046875,Mouth open
1714064038.701985,0.6162109375,0.793212890625,-0.17919921875,Mouth open
1714064038.738659,0.619140625,0.796142578125,-0.1806640625,Mouth open
1714064038.783457,0.609130859375,0.79248046875,-0.19677734375,Mouth open
1714064038.82082,0.6123046875,0.7919921875,-0.20361328125,Mouth open
1714064038.864315,0.610107421875,0.783935546875,-0.2138671875,Mouth open
1714064038.900648,0.611572265625,0.78564453125,-0.217041015625,Mouth open
1714064038.945934,0.605712890625,0.7861328125,-0.232421875,Mouth open
1714064038.985261,0.6103515625,0.787109375,-0.228515625,Mouth open
1714064039.024412,0.600830078125,0.78076171875,-0.253173828125,Mouth open
1714064039.064432,0.6025390625,0.783203125,-0.255126953125,Mouth open
1714064039.103246,0.59375,0.77685546875,-0.278076171875,Mouth open
1714064039.139511,0.6015625,0.7919921875,-0.2705078125,Mouth open
1714064039.183116,0.59228515625,0.7880859375,-0.27392578125,Mouth open
1714064039.224137,0.59130859375,0.78125,-0.2841796875,Mouth open
1714064039.262457,0.584716796875,0.782470703125,-0.286865234375,Mouth open
1714064039.29914,0.5849609375,0.779052734375,-0.29443359375,Mouth open
1714064039.341713,0.578857421875,0.77490234375,-0.311767578125,Mouth open
1714064039.377172,0.57666015625,0.775146484375,-0.31494140625,Mouth open
1714064039.417563,0.58056640625,0.770263671875,-0.318115234375,Mouth open
1714064039.462922,0.579833984375,0.781494140625,-0.3115234375,Mouth open
1714064039.49859,0.580322265625,0.77880859375,-0.30810546875,Mouth open
1714064039.539962,0.583251953125,0.779541015625,-0.3056640625,Mouth open
1714064039.584448,0.581298828125,0.78076171875,-0.302490234375,Mouth open
1714064039.619122,0.585693359375,0.773681640625,-0.30615234375,Mouth open
1714064039.664976,0.580810546875,0.775390625,-0.304443359375,Mouth open
1714064039.701879,0.585205078125,0.77490234375,-0.30859375,Mouth open
1714064039.741832,0.587158203125,0.78271484375,-0.305419921875,Mouth open
1714064039.796534,0.587646484375,0.781005859375,-0.310546875,Mouth open
1714064039.820349,0.585205078125,0.77490234375,-0.30712890625,Mouth open
1714064039.858186,0.58642578125,0.76904296875,-0.310302734375,Mouth open
1714064039.898685,0.58935546875,0.767578125,-0.310302734375,Mouth open
1714064039.939775,0.572509765625,0.761474609375,-0.31103515625,Mouth open
1714064039.979392,0.583984375,0.76171875,-0.3154296875,Mouth open
1714064040.020123,0.59326171875,0.7685546875,-0.319580078125,Mouth open
1714064040.058924,0.58154296875,0.7685546875,-0.329345703125,Mouth open
1714064040.104181,0.585693359375,0.775390625,-0.3271484375,Mouth open
1714064040.141492,0.5751953125,0.77392578125,-0.337646484375,Mouth open
1714064040.181786,0.567138671875,0.780517578125,-0.35009765625,Mouth open
1714064040.219494,0.548095703125,0.778564453125,-0.36572265625,Mouth open
1714064040.272522,0.540283203125,0.7919921875,-0.36474609375,Mouth open
1714064040.300378,0.537841796875,0.78955078125,-0.36669921875,Mouth open
1714064040.342057,0.5439453125,0.7880859375,-0.366943359375,Mouth open
1714064040.388509,0.54736328125,0.772705078125,-0.37158203125,Mouth open
1714064040.420542,0.552490234375,0.77294921875,-0.37841796875,Mouth open
1714064040.459275,0.553466796875,0.767578125,-0.371826171875,Mouth open
1714064040.51025,0.5517578125,0.764404296875,-0.383056640625,Mouth open
1714064040.538203,0.53564453125,0.764404296875,-0.388671875,Mouth open
1714064040.586547,0.537109375,0.77099609375,-0.386962890625,Mouth open
1714064040.625177,0.5361328125,0.769775390625,-0.393310546875,Mouth open
1714064040.659418,0.5361328125,0.769287109375,-0.391845703125,Mouth open
1714064040.703124,0.533447265625,0.76806640625,-0.395263671875,Mouth open
1714064040.740448,0.546630859375,0.758544921875,-0.39501953125,Mouth open
1714064040.780858,0.540283203125,0.75634765625,-0.410400390625,Mouth open
1714064040.820871,0.53466796875,0.75537109375,-0.417236328125,Mouth open
1714064040.861456,0.528564453125,0.756591796875,-0.4267578125,Mouth open
1714064040.899161,0.517822265625,0.762451171875,-0.43212890625,Mouth open
1714064040.940632,0.51611328125,0.755859375,-0.443115234375,Mouth open
1714064040.981501,0.511474609375,0.75732421875,-0.4541015625,Mouth open
1714064041.020591,0.50634765625,0.7607421875,-0.454345703125,Mouth open
1714064041.069234,0.5146484375,0.762451171875,-0.453369140625,Mouth open
1714064041.101108,0.510986328125,0.75927734375,-0.4501953125,Mouth open
1714064041.143402,0.514404296875,0.757080078125,-0.443603515625,Mouth open
1714064041.179498,0.511474609375,0.760009765625,-0.441162109375,Mouth open
1714064041.219005,0.519775390625,0.76513671875,-0.4375,Mouth open
1714064041.259702,0.520751953125,0.758056640625,-0.437744140625,Mouth open
1714064041.301746,0.52001953125,0.7529296875,-0.436279296875,Mouth open
1714064041.339367,0.5234375,0.758056640625,-0.437255859375,Mouth open
1714064041.384101,0.516845703125,0.759033203125,-0.4345703125,Mouth open
1714064041.422324,0.521240234375,0.76806640625,-0.4248046875,Mouth open
1714064041.460855,0.522705078125,0.7763671875,-0.41259765625,Mouth open
1714064041.501377,0.51318359375,0.759521484375,-0.43115234375,Mouth open
1714064041.541147,0.516845703125,0.758544921875,-0.427734375,Mouth open
1714064041.586856,0.52490234375,0.75830078125,-0.431884765625,Mouth open
1714064041.625309,0.5302734375,0.759765625,-0.422607421875,Mouth open
1714064041.663979,0.537841796875,0.758544921875,-0.416259765625,Mouth open
1714064041.704568,0.53759765625,0.760498046875,-0.408203125,Mouth open
1714064041.74834,0.5341796875,0.7548828125,-0.410400390625,Mouth open
1714064041.783082,0.5302734375,0.75537109375,-0.416259765625,Mouth open
1714064041.834376,0.529541015625,0.764404296875,-0.418701171875,Mouth open
1714064041.860274,0.538330078125,0.767822265625,-0.412353515625,Mouth open
1714064041.91194,0.537353515625,0.769287109375,-0.4111328125,Mouth open
1714064041.949243,0.54150390625,0.764404296875,-0.40771484375,Mouth open
1714064041.988826,0.539306640625,0.75830078125,-0.407958984375,Mouth open
1714064042.027735,0.53173828125,0.753173828125,-0.407470703125,Mouth open
1714064042.065668,0.535400390625,0.759521484375,-0.414306640625,Mouth open
1714064042.105448,0.537109375,0.757568359375,-0.421142578125,Mouth open
1714064042.143669,0.540283203125,0.756103515625,-0.423583984375,Mouth open
1714064042.183072,0.533203125,0.761962890625,-0.42724609375,Mouth open
1714064042.22389,0.529541015625,0.76171875,-0.42822265625,Mouth open
1714064042.263251,0.52587890625,0.759765625,-0.426025390625,Mouth open
1714064042.303275,0.530517578125,0.763427734375,-0.42236328125,Mouth open
1714064042.343758,0.528076171875,0.7587890625,-0.422119140625,Mouth open
1714064042.387468,0.52880859375,0.76220703125,-0.421875,Mouth open
1714064042.425313,0.533447265625,0.761474609375,-0.41650390625,Mouth open
1714064042.464028,0.536865234375,0.761962890625,-0.415771484375,Mouth open
1714064042.50239,0.5380859375,0.76123046875,-0.411376953125,Mouth open
1714064042.541643,0.539794921875,0.757568359375,-0.416015625,Mouth open
1714064042.582368,0.5380859375,0.75537109375,-0.418212890625,Mouth open
1714064042.622396,0.538818359375,0.759033203125,-0.416015625,Mouth open
1714064042.662215,0.536376953125,0.7509765625,-0.418212890625,Mouth open
1714064042.70318,0.53466796875,0.75390625,-0.415283203125,Mouth open
1714064042.743777,0.53271484375,0.755615234375,-0.414794921875,Mouth open
1714064042.783958,0.53173828125,0.7646484375,-0.41748046875,Mouth open
1714064042.825062,0.534912109375,0.76171875,-0.420166015625,Mouth open
1714064042.865338,0.532470703125,0.76123046875,-0.412109375,Mouth open
1714064042.905091,0.53564453125,0.759765625,-0.414306640625,Mouth open
1714064042.948863,0.5361328125,0.758056640625,-0.413330078125,Mouth open
1714064042.989173,0.538818359375,0.761474609375,-0.4140625,Mouth open
1714064043.025686,0.541259765625,0.760986328125,-0.413330078125,Mouth open
1714064043.065563,0.53759765625,0.764404296875,-0.40771484375,Mouth open
1714064043.104152,0.536376953125,0.76318359375,-0.40478515625,Mouth open
1714064043.150546,0.537841796875,0.766845703125,-0.408935546875,Mouth open
1714064043.184463,0.534423828125,0.76416015625,-0.409423828125,Mouth open
1714064043.236428,0.534912109375,0.769775390625,-0.411865234375,Mouth open
1714064043.263299,0.533447265625,0.77099609375,-0.404296875,Mouth open
1714064043.307043,0.53466796875,0.76708984375,-0.407470703125,Mouth open
1714064043.351461,0.532958984375,0.765869140625,-0.401611328125,Mouth open
1714064043.384076,0.53955078125,0.765380859375,-0.40185546875,Mouth open
1714064043.42944,0.539794921875,0.758544921875,-0.395751953125,Mouth open
1714064043.469224,0.539794921875,0.760986328125,-0.39990234375,Mouth open
1714064043.506655,0.542724609375,0.76806640625,-0.398193359375,Mouth open
1714064043.546953,0.54296875,0.770751953125,-0.40234375,Mouth open
1714064043.58497,0.5361328125,0.769775390625,-0.39453125,Mouth open
1714064043.626111,0.53857421875,0.77197265625,-0.394775390625,Mouth open
1714064043.665533,0.536376953125,0.76806640625,-0.390869140625,Mouth open
1714064043.71118,0.539306640625,0.7685546875,-0.394775390625,Mouth open
1714064043.753342,0.542236328125,0.767822265625,-0.392333984375,Mouth open
1714064043.793991,0.550048828125,0.769775390625,-0.3828125,Mouth open
1714064043.831549,0.5458984375,0.769287109375,-0.387939453125,Mouth open
1714064043.86962,0.542724609375,0.7646484375,-0.3896484375,Mouth open
1714064043.907192,0.53662109375,0.766357421875,-0.39453125,Mouth open
1714064043.945029,0.533447265625,0.770263671875,-0.3974609375,Mouth open
1714064043.984117,0.539306640625,0.779052734375,-0.399658203125,Mouth open
1714064044.024963,0.53515625,0.77392578125,-0.396728515625,Mouth open
1714064044.067144,0.54052734375,0.765625,-0.392578125,Mouth open
1714064044.110246,0.5419921875,0.76416015625,-0.39599609375,Mouth open
1714064044.147113,0.5400390625,0.763427734375,-0.394775390625,Mouth open
1714064044.186681,0.5380859375,0.764404296875,-0.394287109375,Mouth open
1714064044.227642,0.533203125,0.769287109375,-0.396484375,Mouth open
1714064044.267289,0.532470703125,0.775146484375,-0.394775390625,Mouth open
1714064044.306363,0.534423828125,0.77392578125,-0.395263671875,Mouth open
1714064044.347075,0.533203125,0.774658203125,-0.398681640625,Mouth open
1714064044.386025,0.541748046875,0.7724609375,-0.39990234375,Mouth open
1714064044.428653,0.53515625,0.76904296875,-0.39404296875,Mouth open
1714064044.468701,0.539306640625,0.769775390625,-0.393310546875,Mouth open
1714064044.505541,0.539306640625,0.769287109375,-0.392578125,Mouth open
1714064044.546103,0.538818359375,0.769287109375,-0.395263671875,Mouth open
1714064044.588202,0.54052734375,0.770751953125,-0.3896484375,Mouth open
1714064044.631212,0.5390625,0.772216796875,-0.389404296875,Mouth open
1714064044.666619,0.5419921875,0.77294921875,-0.388671875,Mouth open
1714064044.70987,0.538330078125,0.77197265625,-0.38623046875,Mouth open
1714064044.746093,0.5458984375,0.772705078125,-0.39111328125,Mouth open
1714064044.788618,0.5390625,0.771484375,-0.388671875,Mouth open
1714064044.827072,0.543212890625,0.7724609375,-0.385986328125,Mouth open
1714064044.878825,0.54345703125,0.77587890625,-0.387939453125,Mouth open
1714064044.913389,0.539306640625,0.771240234375,-0.38623046875,Mouth open
1714064044.948013,0.538330078125,0.773193359375,-0.38818359375,Mouth open
1714064044.98901,0.539306640625,0.770751953125,-0.388427734375,Mouth open
1714064045.028794,0.540283203125,0.77197265625,-0.3857421875,Mouth open
1714064045.06859,0.53662109375,0.768310546875,-0.38671875,Mouth open
1714064045.115185,0.5390625,0.768798828125,-0.38916015625,Mouth open
1714064045.147693,0.541015625,0.77099609375,-0.39111328125,Mouth open
1714064045.189424,0.538330078125,0.767578125,-0.390625,Mouth open
1714064045.233594,0.539306640625,0.76953125,-0.39111328125,Mouth open
1714064045.272977,0.539794921875,0.773681640625,-0.387939453125,Mouth open
1714064045.312286,0.5380859375,0.76953125,-0.393310546875,Mouth open
1714064045.351463,0.5400390625,0.769287109375,-0.3876953125,Mouth open
1714064045.389691,0.53955078125,0.771484375,-0.3896484375,Mouth open
1714064045.42851,0.541748046875,0.769775390625,-0.39013671875,Mouth open
1714064045.469417,0.54248046875,0.7724609375,-0.3857421875,Mouth open
1714064045.508132,0.540283203125,0.771240234375,-0.385986328125,Mouth open
1714064045.550597,0.541259765625,0.7724609375,-0.38427734375,Mouth open
1714064045.594358,0.540283203125,0.7705078125,-0.38623046875,Mouth open
1714064045.628998,0.5419921875,0.7734375,-0.388916015625,Mouth open
1714064045.66893,0.543212890625,0.774169921875,-0.3837890625,Mouth open
1714064045.708508,0.54150390625,0.77197265625,-0.383056640625,Mouth open
1714064045.747361,0.541748046875,0.770751953125,-0.388427734375,Mouth open
1714064045.78901,0.54150390625,0.7744140625,-0.387451171875,Mouth open
1714064045.825907,0.541748046875,0.7744140625,-0.390869140625,Mouth open
1714064045.867216,0.539794921875,0.771728515625,-0.388671875,Mouth open
1714064045.907541,0.546142578125,0.77587890625,-0.38818359375,Mouth open
1714064045.947408,0.541015625,0.770751953125,-0.382080078125,Mouth open
1714064045.987995,0.54296875,0.772216796875,-0.3837890625,Mouth open
1714064046.031863,0.544189453125,0.768798828125,-0.385498046875,Mouth open
1714064046.068363,0.54638671875,0.772705078125,-0.38134765625,Mouth open
1714064046.124836,0.542724609375,0.77099609375,-0.382568359375,Mouth open
1714064046.148882,0.543701171875,0.77099609375,-0.38623046875,Mouth open
1714064046.194722,0.541259765625,0.771728515625,-0.385009765625,Mouth open
1714064046.22897,0.541748046875,0.7724609375,-0.385986328125,Mouth open
1714064046.271091,0.54345703125,0.769775390625,-0.3896484375,Mouth open
1714064046.311819,0.541748046875,0.770751953125,-0.385498046875,Mouth open
1714064046.352109,0.5458984375,0.770751953125,-0.385986328125,Mouth open
1714064046.396645,0.548828125,0.7685546875,-0.386474609375,Mouth open
1714064046.429533,0.544921875,0.77197265625,-0.3916015625,Mouth open
1714064046.468656,0.53857421875,0.7705078125,-0.38232421875,Mouth open
1714064046.510725,0.544677734375,0.76904296875,-0.382568359375,Mouth open
1714064046.55143,0.54345703125,0.775146484375,-0.3837890625,Mouth open
1714064046.58923,0.5478515625,0.770751953125,-0.387939453125,Mouth open
1714064046.628222,0.544921875,0.7666015625,-0.384033203125,Mouth open
1714064046.673424,0.54443359375,0.7705078125,-0.383544921875,Mouth open
1714064046.710574,0.543701171875,0.769287109375,-0.381591796875,Mouth open
1714064046.750759,0.546630859375,0.768798828125,-0.380126953125,Mouth open
1714064046.789648,0.548095703125,0.773681640625,-0.381591796875,Mouth open
1714064046.829345,0.54638671875,0.77099609375,-0.381103515625,Mouth open
1714064046.872722,0.5458984375,0.770263671875,-0.380859375,Mouth open
1714064046.914429,0.542724609375,0.7734375,-0.384765625,Mouth open
1714064046.949946,0.546142578125,0.772216796875,-0.38427734375,Mouth open
1714064046.996404,0.546142578125,0.771240234375,-0.379638671875,Mouth open
1714064047.030586,0.548828125,0.772216796875,-0.38427734375,Mouth open
1714064047.074944,0.5478515625,0.767578125,-0.382080078125,Mouth open
1714064047.111545,0.545654296875,0.775146484375,-0.38037109375,Mouth open
1714064047.157406,0.54931640625,0.77294921875,-0.385498046875,Mouth open
1714064047.190429,0.54443359375,0.771240234375,-0.38134765625,Mouth open
1714064047.233757,0.543212890625,0.7724609375,-0.379638671875,Mouth open
1714064047.270858,0.545166015625,0.773681640625,-0.381103515625,Mouth open
1714064047.323683,0.5478515625,0.771728515625,-0.383056640625,Mouth open
1714064047.350082,0.544189453125,0.77099609375,-0.38330078125,Mouth open
1714064047.3942,0.546875,0.771484375,-0.3857421875,Mouth open
1714064047.4404,0.542236328125,0.77099609375,-0.38232421875,Mouth open
1714064047.471277,0.5439453125,0.76953125,-0.38232421875,Mouth open
1714064047.519206,0.54345703125,0.776123046875,-0.380615234375,Mouth open
1714064047.55633,0.544189453125,0.781005859375,-0.37939453125,Mouth open
1714064047.597567,0.54248046875,0.774169921875,-0.38037109375,Mouth open
1714064047.64123,0.54443359375,0.773681640625,-0.38525390625,Mouth open
1714064047.671507,0.542236328125,0.76904296875,-0.3857421875,Mouth open
1714064047.709828,0.54638671875,0.76953125,-0.38720703125,Mouth open
1714064047.749931,0.54443359375,0.769287109375,-0.3798828125,Mouth open
1714064047.789249,0.54541015625,0.769287109375,-0.378662109375,Mouth open
1714064047.829007,0.55029296875,0.777099609375,-0.3818359375,Mouth open
1714064047.878436,0.54443359375,0.771240234375,-0.380126953125,Mouth open
1714064047.912204,0.543701171875,0.769287109375,-0.38330078125,Mouth open
1714064047.95484,0.5478515625,0.769775390625,-0.38671875,Mouth open
1714064047.991349,0.546875,0.76806640625,-0.383056640625,Mouth open
1714064048.034119,0.54052734375,0.769287109375,-0.384765625,Mouth closed
1714064048.070379,0.544189453125,0.769775390625,-0.387451171875,Mouth closed
1714064048.117334,0.545654296875,0.774658203125,-0.38525390625,Mouth closed
1714064048.149962,0.54248046875,0.774658203125,-0.384033203125,Mouth closed
1714064048.192376,0.541015625,0.77685546875,-0.38427734375,Mouth closed
1714064048.232967,0.54248046875,0.77197265625,-0.3837890625,Mouth closed
1714064048.271986,0.539794921875,0.77294921875,-0.384765625,Mouth closed
1714064048.312007,0.54150390625,0.771484375,-0.3818359375,Mouth closed
1714064048.3525,0.543212890625,0.773193359375,-0.380859375,Mouth closed
1714064048.391244,0.540283203125,0.7734375,-0.385498046875,Mouth closed
1714064048.43215,0.5478515625,0.771728515625,-0.38720703125,Mouth closed
1714064048.470305,0.5439453125,0.768798828125,-0.38330078125,Mouth closed
1714064048.510807,0.546142578125,0.769287109375,-0.38232421875,Mouth closed
1714064048.551293,0.547607421875,0.769775390625,-0.386474609375,Mouth closed
1714064048.590752,0.544189453125,0.7685546875,-0.37744140625,Mouth closed
1714064048.63286,0.543212890625,0.7705078125,-0.3857421875,Mouth closed
1714064048.671888,0.54248046875,0.7734375,-0.386962890625,Mouth closed
1714064048.712587,0.545654296875,0.773193359375,-0.38525390625,Mouth closed
1714064048.753894,0.541259765625,0.771484375,-0.37939453125,Mouth closed
1714064048.79433,0.54541015625,0.7744140625,-0.385986328125,Mouth closed
1714064048.833375,0.5419921875,0.773681640625,-0.3828125,Mouth closed
1714064048.872062,0.5419921875,0.774658203125,-0.38427734375,Mouth closed
1714064048.913851,0.54345703125,0.771240234375,-0.381591796875,Mouth closed
1714064048.953464,0.5400390625,0.77392578125,-0.3837890625,Mouth closed
1714064048.993369,0.541748046875,0.771728515625,-0.379638671875,Mouth closed
1714064049.030791,0.54296875,0.77197265625,-0.384033203125,Mouth closed
1714064049.071406,0.541748046875,0.7734375,-0.38134765625,Mouth closed
1714064049.111162,0.545166015625,0.771240234375,-0.385498046875,Mouth closed
1714064049.154667,0.544677734375,0.77001953125,-0.38134765625,Mouth closed
1714064049.19746,0.5498046875,0.77197265625,-0.375244140625,Mouth closed
1714064049.238932,0.546142578125,0.773193359375,-0.384033203125,Mouth closed
1714064049.278235,0.5439453125,0.76904296875,-0.37890625,Mouth closed
1714064049.312877,0.543212890625,0.771728515625,-0.3798828125,Mouth closed
1714064049.35623,0.546630859375,0.77734375,-0.3798828125,Mouth closed
1714064049.394538,0.547119140625,0.772705078125,-0.38330078125,Mouth closed
1714064049.436768,0.542236328125,0.7744140625,-0.3759765625,Mouth closed
1714064049.474498,0.5458984375,0.77880859375,-0.382568359375,Mouth closed
1714064049.518944,0.543701171875,0.776611328125,-0.37939453125,Mouth closed
1714064049.555426,0.540771484375,0.773193359375,-0.38037109375,Mouth closed
1714064049.599929,0.54345703125,0.772216796875,-0.379150390625,Mouth closed
1714064049.635502,0.542236328125,0.77392578125,-0.380126953125,Mouth closed
1714064049.672868,0.544921875,0.7734375,-0.37939453125,Mouth closed
1714064049.71401,0.544189453125,0.77734375,-0.380615234375,Mouth closed
1714064049.756568,0.54296875,0.77197265625,-0.38330078125,Mouth closed
1714064049.79507,0.547607421875,0.775146484375,-0.380859375,Mouth closed
1714064049.835734,0.544921875,0.770751953125,-0.37744140625,Mouth closed
1714064049.876196,0.546630859375,0.7685546875,-0.374755859375,Mouth closed
1714064049.915288,0.548095703125,0.776611328125,-0.375732421875,Mouth closed
1714064049.954185,0.54248046875,0.772216796875,-0.380615234375,Mouth closed
1714064049.996391,0.547607421875,0.776611328125,-0.37841796875,Mouth closed
1714064050.034334,0.539306640625,0.780029296875,-0.372314453125,Mouth closed
1714064050.075771,0.530029296875,0.776123046875,-0.38427734375,Mouth closed
1714064050.11673,0.5400390625,0.776123046875,-0.38037109375,Mouth closed
1714064050.160757,0.54443359375,0.775390625,-0.376708984375,Mouth closed
1714064050.202996,0.505859375,0.838623046875,-0.532958984375,Mouth closed
1714064050.234835,0.535400390625,0.7783203125,-0.374755859375,Mouth closed
1714064050.279015,0.538818359375,0.776611328125,-0.381591796875,Mouth closed
1714064050.318608,0.54345703125,0.782958984375,-0.36572265625,Mouth closed
1714064050.357739,0.541259765625,0.780029296875,-0.3662109375,Mouth closed
1714064050.399283,0.540771484375,0.779541015625,-0.3701171875,Mouth closed
1714064050.4354,0.54296875,0.77880859375,-0.37060546875,Mouth closed
1714064050.476672,0.5400390625,0.77978515625,-0.3681640625,Mouth closed
1714064050.513339,0.547119140625,0.781005859375,-0.370361328125,Mouth closed
1714064050.55281,0.542236328125,0.77685546875,-0.3701171875,Mouth closed
1714064050.593197,0.545654296875,0.7802734375,-0.370361328125,Mouth closed
1714064050.635184,0.54541015625,0.7802734375,-0.371826171875,Mouth closed
1714064050.673948,0.543701171875,0.7802734375,-0.368896484375,Mouth closed
1714064050.721574,0.537109375,0.77978515625,-0.3671875,Mouth closed
1714064050.761212,0.5439453125,0.781005859375,-0.37060546875,Mouth closed
1714064050.799886,0.544921875,0.781494140625,-0.37451171875,Mouth closed
1714064050.839374,0.5400390625,0.779541015625,-0.370849609375,Mouth closed
1714064050.879093,0.546142578125,0.779296875,-0.373046875,Mouth closed
1714064050.919289,0.543212890625,0.780517578125,-0.372314453125,Mouth closed
1714064050.956444,0.542236328125,0.77978515625,-0.370849609375,Mouth closed
1714064050.994607,0.54150390625,0.778564453125,-0.371337890625,Mouth closed
1714064051.033671,0.540771484375,0.77880859375,-0.37060546875,Mouth closed
1714064051.074016,0.539306640625,0.77685546875,-0.37158203125,Mouth closed
1714064051.115124,0.5419921875,0.7822265625,-0.3681640625,Mouth closed
1714064051.154887,0.541259765625,0.78662109375,-0.37060546875,Mouth closed
1714064051.195143,0.5458984375,0.784912109375,-0.37353515625,Mouth closed
1714064051.235947,0.539794921875,0.77880859375,-0.3671875,Mouth closed
1714064051.280617,0.54541015625,0.7802734375,-0.366943359375,Mouth closed
1714064051.316431,0.550048828125,0.78076171875,-0.366455078125,Mouth closed
1714064051.358139,0.545654296875,0.773193359375,-0.362548828125,Mouth closed
1714064051.397182,0.547119140625,0.774658203125,-0.36181640625,Mouth closed
1714064051.438707,0.548828125,0.779052734375,-0.366943359375,Mouth closed
1714064051.477618,0.548095703125,0.780517578125,-0.365478515625,Mouth closed
1714064051.52605,0.537841796875,0.780517578125,-0.367919921875,Mouth closed
1714064051.556953,0.5439453125,0.787841796875,-0.374267578125,Mouth closed
1714064051.597978,0.541015625,0.785400390625,-0.371337890625,Mouth closed
1714064051.6389,0.540771484375,0.780517578125,-0.37158203125,Mouth closed
1714064051.67665,0.54296875,0.77587890625,-0.373779296875,Mouth closed
1714064051.715848,0.54296875,0.770751953125,-0.37255859375,Mouth closed
1714064051.756176,0.540283203125,0.770263671875,-0.375244140625,Mouth closed
1714064051.795217,0.541748046875,0.77587890625,-0.372802734375,Mouth closed
1714064051.838447,0.53955078125,0.778564453125,-0.3701171875,Mouth closed
1714064051.875891,0.541259765625,0.787353515625,-0.37451171875,Mouth closed
1714064051.916766,0.53662109375,0.785400390625,-0.3740234375,Mouth closed
1714064051.957555,0.53955078125,0.790771484375,-0.36181640625,Mouth closed
1714064051.998094,0.544677734375,0.787841796875,-0.366943359375,Mouth closed
1714064052.037758,0.54150390625,0.7802734375,-0.35888671875,Mouth closed
1714064052.076897,0.538818359375,0.77587890625,-0.363525390625,Mouth closed
1714064052.131069,0.537841796875,0.77978515625,-0.358642578125,Mouth closed
1714064052.160116,0.548828125,0.784423828125,-0.3623046875,Mouth closed
1714064052.199461,0.54833984375,0.785888671875,-0.353515625,Mouth closed
1714064052.238327,0.550537109375,0.783935546875,-0.36083984375,Mouth closed
1714064052.277982,0.550048828125,0.78271484375,-0.36279296875,Mouth closed
1714064052.317037,0.542236328125,0.781005859375,-0.360107421875,Mouth closed
1714064052.35724,0.54248046875,0.7822265625,-0.36328125,Mouth closed
1714064052.400133,0.535888671875,0.783447265625,-0.3701171875,Mouth closed
1714064052.438108,0.537353515625,0.787109375,-0.36865234375,Mouth closed
1714064052.47965,0.542236328125,0.7861328125,-0.370849609375,Mouth closed
1714064052.519112,0.540771484375,0.780517578125,-0.3681640625,Mouth closed
1714064052.560511,0.5439453125,0.77978515625,-0.370849609375,Mouth closed
1714064052.601498,0.539306640625,0.7744140625,-0.367919921875,Mouth closed
1714064052.639523,0.53857421875,0.778564453125,-0.366943359375,Mouth closed
1714064052.67867,0.53955078125,0.779052734375,-0.369873046875,Mouth closed
1714064052.719755,0.5361328125,0.7841796875,-0.369873046875,Mouth closed
1714064052.759683,0.53076171875,0.778564453125,-0.363037109375,Mouth closed
1714064052.803548,0.541259765625,0.78515625,-0.367431640625,Mouth closed
1714064052.844387,0.542724609375,0.784912109375,-0.359375,Mouth closed
1714064052.881751,0.54833984375,0.7890625,-0.35693359375,Mouth closed
1714064052.920713,0.547119140625,0.7880859375,-0.354248046875,Mouth closed
1714064052.961987,0.54541015625,0.786376953125,-0.35693359375,Mouth closed
1714064052.998828,0.541015625,0.785888671875,-0.354736328125,Mouth closed
1714064053.039449,0.541748046875,0.785888671875,-0.360107421875,Mouth closed
1714064053.078064,0.548095703125,0.7822265625,-0.36083984375,Mouth closed
1714064053.117942,0.547119140625,0.782470703125,-0.357421875,Mouth closed
1714064053.159975,0.5498046875,0.781005859375,-0.35693359375,Mouth closed
1714064053.199575,0.548828125,0.783203125,-0.356689453125,Mouth closed
1714064053.239749,0.549560546875,0.783447265625,-0.35888671875,Mouth closed
1714064053.282812,0.548583984375,0.7822265625,-0.36083984375,Mouth closed
1714064053.323618,0.54541015625,0.780517578125,-0.3603515625,Mouth closed
1714064053.361839,0.547607421875,0.78759765625,-0.356201171875,Mouth closed
1714064053.407958,0.544677734375,0.783935546875,-0.36181640625,Mouth closed
1714064053.441834,0.54248046875,0.78271484375,-0.3642578125,Mouth closed
1714064053.494774,0.54248046875,0.783935546875,-0.361328125,Mouth closed
1714064053.523317,0.54248046875,0.7880859375,-0.35693359375,Mouth closed
1714064053.569078,0.54638671875,0.7861328125,-0.357177734375,Mouth closed
1714064053.600994,0.540771484375,0.779296875,-0.35400390625,Mouth closed
1714064053.64641,0.54638671875,0.783203125,-0.357666015625,Mouth closed
1714064053.682477,0.548583984375,0.783203125,-0.3583984375,Mouth closed
1714064053.724604,0.54541015625,0.784912109375,-0.35595703125,Mouth closed
1714064053.760107,0.5478515625,0.787841796875,-0.3564453125,Mouth closed
1714064053.809609,0.545166015625,0.78759765625,-0.359619140625,Mouth closed
1714064053.847009,0.541748046875,0.784423828125,-0.361083984375,Mouth closed
1714064053.888852,0.5419921875,0.785888671875,-0.365966796875,Mouth closed
1714064053.92593,0.5419921875,0.782958984375,-0.366943359375,Mouth closed
1714064053.962672,0.541015625,0.779541015625,-0.36279296875,Mouth closed
1714064054.004082,0.54345703125,0.782958984375,-0.365234375,Mouth closed
1714064054.043632,0.543212890625,0.78564453125,-0.36279296875,Mouth closed
1714064054.081829,0.542724609375,0.787841796875,-0.356201171875,Mouth closed
1714064054.121883,0.544921875,0.785888671875,-0.365478515625,Mouth closed
1714064054.1618,0.53564453125,0.7822265625,-0.36376953125,Mouth closed
1714064054.212087,0.53466796875,0.777099609375,-0.36767578125,Mouth closed
1714064054.243036,0.53564453125,0.776611328125,-0.371826171875,Mouth closed
1714064054.287265,0.54345703125,0.78564453125,-0.36669921875,Mouth closed
1714064054.321087,0.55419921875,0.782958984375,-0.355224609375,Mouth closed
1714064054.365631,0.54443359375,0.780029296875,-0.3486328125,Mouth closed
1714064054.401323,0.547607421875,0.790283203125,-0.3583984375,Mouth closed
1714064054.438987,0.54833984375,0.788330078125,-0.360107421875,Mouth closed
1714064054.479937,0.537109375,0.787109375,-0.36328125,Mouth closed
1714064054.524179,0.539794921875,0.786865234375,-0.3642578125,Mouth closed
1714064054.560899,0.5439453125,0.783935546875,-0.362548828125,Mouth closed
1714064054.602357,0.5400390625,0.78369140625,-0.363525390625,Mouth closed
1714064054.64844,0.54638671875,0.782470703125,-0.358642578125,Mouth closed
1714064054.682918,0.54736328125,0.782470703125,-0.353759765625,Mouth closed
1714064054.728279,0.547607421875,0.7822265625,-0.352783203125,Mouth closed
1714064054.761648,0.546875,0.784912109375,-0.35791015625,Mouth closed
1714064054.847825,0.54345703125,0.78466796875,-0.358642578125,Mouth closed
1714064054.848039,0.54541015625,0.790283203125,-0.356201171875,Mouth closed
1714064054.880733,0.5458984375,0.783935546875,-0.35986328125,Mouth closed
1714064054.922773,0.541015625,0.78271484375,-0.3583984375,Mouth closed
1714064054.958666,0.54248046875,0.783935546875,-0.36181640625,Mouth closed
1714064054.999576,0.54443359375,0.78564453125,-0.359619140625,Mouth closed
1714064055.039752,0.54833984375,0.780517578125,-0.358642578125,Mouth closed
1714064055.082737,0.5419921875,0.780029296875,-0.35888671875,Mouth closed
1714064055.121801,0.549560546875,0.781982421875,-0.359375,Mouth closed
1714064055.160563,0.5517578125,0.77978515625,-0.36083984375,Mouth closed
1714064055.209351,0.54638671875,0.779541015625,-0.357421875,Mouth closed
1714064055.24261,0.5498046875,0.78369140625,-0.359375,Mouth closed
1714064055.286749,0.548095703125,0.782470703125,-0.357666015625,Mouth closed
1714064055.322283,0.544189453125,0.78125,-0.357177734375,Mouth closed
1714064055.362878,0.546142578125,0.783935546875,-0.35791015625,Mouth closed
1714064055.403173,0.545166015625,0.78466796875,-0.3583984375,Mouth closed
1714064055.443533,0.546630859375,0.784912109375,-0.3603515625,Mouth closed
1714064055.484267,0.541748046875,0.7802734375,-0.35791015625,Mouth closed
1714064055.521972,0.548583984375,0.781982421875,-0.3544921875,Mouth closed
1714064055.561849,0.552490234375,0.782958984375,-0.3564453125,Mouth closed
1714064055.600705,0.546630859375,0.78271484375,-0.35400390625,Mouth closed
1714064055.639689,0.54541015625,0.7822265625,-0.354248046875,Mouth closed
1714064055.680977,0.549072265625,0.78564453125,-0.3544921875,Mouth closed
1714064055.72106,0.550048828125,0.7861328125,-0.3515625,Mouth closed
1714064055.76055,0.5478515625,0.783447265625,-0.35693359375,Mouth closed
1714064055.803503,0.549072265625,0.78564453125,-0.353271484375,Mouth closed
1714064055.843112,0.548583984375,0.783935546875,-0.35791015625,Mouth closed
1714064055.884241,0.547119140625,0.782958984375,-0.35205078125,Mouth closed
1714064055.922799,0.5478515625,0.782958984375,-0.350341796875,Mouth closed
1714064055.962863,0.550048828125,0.785400390625,-0.35400390625,Mouth closed
1714064056.003505,0.5458984375,0.7841796875,-0.353271484375,Mouth closed
1714064056.045406,0.546142578125,0.78076171875,-0.354736328125,Mouth closed
1714064056.082498,0.546142578125,0.782470703125,-0.35400390625,Mouth closed
1714064056.126089,0.548583984375,0.783447265625,-0.355712890625,Mouth closed
1714064056.164732,0.546875,0.786865234375,-0.356201171875,Mouth closed
1714064056.204861,0.545166015625,0.782958984375,-0.3564453125,Mouth closed
1714064056.243446,0.546142578125,0.78515625,-0.3525390625,Mouth closed
1714064056.282471,0.54833984375,0.7861328125,-0.357666015625,Mouth closed
1714064056.323487,0.5458984375,0.78955078125,-0.35400390625,Mouth closed
1714064056.362368,0.542236328125,0.7861328125,-0.357421875,Mouth closed
1714064056.401834,0.5458984375,0.7890625,-0.35400390625,Mouth closed
1714064056.443232,0.54736328125,0.78564453125,-0.353759765625,Mouth closed
1714064056.484166,0.54345703125,0.783935546875,-0.352783203125,Mouth closed
1714064056.525817,0.549072265625,0.784912109375,-0.35595703125,Mouth closed
1714064056.563806,0.54736328125,0.783447265625,-0.35693359375,Mouth closed
1714064056.604172,0.546630859375,0.784423828125,-0.35546875,Mouth closed
1714064056.643996,0.547607421875,0.78271484375,-0.352783203125,Mouth closed
1714064056.685439,0.547119140625,0.78466796875,-0.35498046875,Mouth closed
1714064056.724954,0.5458984375,0.781005859375,-0.35791015625,Mouth closed
1714064056.766155,0.548095703125,0.784912109375,-0.355712890625,Mouth closed
1714064056.805075,0.546630859375,0.78759765625,-0.35205078125,Mouth closed
1714064056.845081,0.5439453125,0.78759765625,-0.358642578125,Mouth closed
1714064056.885051,0.544189453125,0.787841796875,-0.35302734375,Mouth closed
1714064056.929806,0.545166015625,0.785888671875,-0.356689453125,Mouth closed
1714064056.961519,0.547119140625,0.787841796875,-0.354736328125,Mouth closed
1714064057.002529,0.544677734375,0.78515625,-0.358642578125,Mouth closed
1714064057.043147,0.544677734375,0.786865234375,-0.356201171875,Mouth closed
1714064057.084832,0.54541015625,0.784912109375,-0.356201171875,Mouth closed
1714064057.124591,0.54541015625,0.7880859375,-0.357421875,Mouth closed
1714064057.163773,0.546630859375,0.785888671875,-0.358642578125,Mouth closed
1714064057.204866,0.541748046875,0.782470703125,-0.355712890625,Mouth closed
1714064057.244539,0.546142578125,0.784912109375,-0.361572265625,Mouth closed
1714064057.289996,0.545166015625,0.78515625,-0.361328125,Mouth closed
1714064057.327153,0.544677734375,0.78076171875,-0.359130859375,Mouth closed
1714064057.369028,0.544677734375,0.78369140625,-0.356689453125,Mouth closed
1714064057.405484,0.5400390625,0.782958984375,-0.356689453125,Mouth closed
1714064057.446234,0.546875,0.783447265625,-0.35986328125,Mouth closed
1714064057.487953,0.54345703125,0.785400390625,-0.359375,Mouth closed
1714064057.539258,0.544677734375,0.783935546875,-0.3564453125,Mouth closed
1714064057.565244,0.5439453125,0.78564453125,-0.355712890625,Mouth closed
1714064057.617591,0.544189453125,0.789306640625,-0.35693359375,Mouth closed
1714064057.643927,0.542236328125,0.784423828125,-0.35693359375,Mouth closed
1714064057.69492,0.5458984375,0.78466796875,-0.35595703125,Mouth closed
1714064057.723576,0.54345703125,0.78515625,-0.354736328125,Mouth closed
1714064057.775521,0.54248046875,0.78662109375,-0.356201171875,Mouth closed
1714064057.804859,0.541748046875,0.7841796875,-0.355224609375,Mouth closed
1714064057.857788,0.544921875,0.786865234375,-0.358642578125,Mouth closed
1714064057.889873,0.5439453125,0.786376953125,-0.356689453125,Mouth closed
1714064057.925759,0.542236328125,0.784912109375,-0.357666015625,Mouth closed
1714064057.965976,0.544921875,0.78662109375,-0.357177734375,Mouth closed
1714064058.013226,0.5458984375,0.786376953125,-0.357177734375,Mouth closed
1714064058.047164,0.54296875,0.78369140625,-0.35400390625,Mouth closed
1714064058.08701,0.544677734375,0.784423828125,-0.357177734375,Mouth closed
1714064058.127379,0.54638671875,0.7861328125,-0.359130859375,Mouth closed
1714064058.168569,0.542724609375,0.7841796875,-0.35791015625,Mouth closed
1714064058.208312,0.545654296875,0.783935546875,-0.357177734375,Mouth closed
1714064058.249026,0.545166015625,0.786865234375,-0.35888671875,Mouth closed
1714064058.287392,0.546875,0.784912109375,-0.357177734375,Mouth closed
1714064058.325439,0.54296875,0.784912109375,-0.35400390625,Mouth closed
1714064058.366901,0.549072265625,0.787841796875,-0.35546875,Mouth closed
1714064058.405903,0.5458984375,0.7841796875,-0.357666015625,Mouth closed
1714064058.446119,0.549072265625,0.7861328125,-0.351806640625,Mouth closed
1714064058.485553,0.5498046875,0.78515625,-0.35302734375,Mouth closed
1714064058.526411,0.544921875,0.7841796875,-0.350830078125,Mouth closed
1714064058.567402,0.544189453125,0.78369140625,-0.35107421875,Mouth closed
1714064058.607578,0.54541015625,0.788330078125,-0.350830078125,Mouth closed
1714064058.647249,0.54638671875,0.78955078125,-0.356201171875,Mouth closed
1714064058.687988,0.541748046875,0.788330078125,-0.3515625,Mouth closed
1714064058.726823,0.54296875,0.787353515625,-0.354736328125,Mouth closed
1714064058.768115,0.544189453125,0.787353515625,-0.35302734375,Mouth closed
1714064058.806526,0.541259765625,0.787353515625,-0.354736328125,Mouth closed
1714064058.847829,0.54296875,0.78662109375,-0.35498046875,Mouth closed
1714064058.887668,0.54736328125,0.785888671875,-0.354736328125,Mouth closed
1714064058.929549,0.54443359375,0.7861328125,-0.3564453125,Mouth closed
1714064058.968593,0.543701171875,0.785888671875,-0.357666015625,Mouth closed
1714064059.012688,0.546875,0.7822265625,-0.357421875,Mouth closed
1714064059.044559,0.54443359375,0.781494140625,-0.3525390625,Mouth closed
1714064059.091285,0.55078125,0.785400390625,-0.35546875,Mouth closed
1714064059.125688,0.54833984375,0.78173828125,-0.356201171875,Mouth closed
1714064059.166366,0.54931640625,0.782470703125,-0.355712890625,Mouth closed
1714064059.207324,0.545654296875,0.781982421875,-0.3603515625,Mouth closed
1714064059.259192,0.5458984375,0.781005859375,-0.3564453125,Mouth closed
1714064059.288201,0.544189453125,0.78369140625,-0.355224609375,Mouth closed
1714064059.33394,0.551025390625,0.78662109375,-0.35498046875,Mouth closed
1714064059.367592,0.54833984375,0.782958984375,-0.3583984375,Mouth closed
1714064059.410431,0.54638671875,0.785888671875,-0.3525390625,Mouth closed
1714064059.446521,0.549072265625,0.785400390625,-0.3603515625,Mouth closed
1714064059.492024,0.543701171875,0.783203125,-0.35302734375,Mouth closed
1714064059.52581,0.54541015625,0.780517578125,-0.360595703125,Mouth closed
1714064059.564432,0.54541015625,0.7822265625,-0.358154296875,Mouth closed
1714064059.60617,0.54345703125,0.78173828125,-0.359375,Mouth closed
1714064059.647714,0.54541015625,0.78076171875,-0.35791015625,Mouth closed
1714064059.685998,0.54296875,0.78564453125,-0.35693359375,Mouth closed
1714064059.725839,0.542236328125,0.788330078125,-0.35546875,Mouth closed
1714064059.769328,0.5478515625,0.787353515625,-0.357666015625,Mouth closed
1714064059.806493,0.545166015625,0.784912109375,-0.355224609375,Mouth closed
1714064059.848201,0.544189453125,0.784423828125,-0.3544921875,Mouth closed
1714064059.887576,0.546142578125,0.784423828125,-0.3544921875,Mouth closed
1714064059.927345,0.54541015625,0.78515625,-0.354736328125,Mouth closed
1714064059.969022,0.544921875,0.782470703125,-0.354736328125,Mouth closed
1714064060.013128,0.54296875,0.784912109375,-0.356689453125,Mouth closed
1714064060.047576,0.548583984375,0.78515625,-0.36181640625,Mouth closed
1714064060.090751,0.54638671875,0.784423828125,-0.35302734375,Mouth closed
1714064060.127553,0.546142578125,0.786865234375,-0.35546875,Mouth closed
1714064060.167042,0.54638671875,0.78515625,-0.35595703125,Mouth closed
1714064060.207004,0.547119140625,0.78076171875,-0.358642578125,Mouth closed
1714064060.24575,0.551513671875,0.783935546875,-0.357177734375,Mouth closed
1714064060.286541,0.544921875,0.782470703125,-0.35498046875,Mouth closed
1714064060.32683,0.54638671875,0.78662109375,-0.353271484375,Mouth closed
1714064060.367454,0.544677734375,0.7861328125,-0.35400390625,Mouth closed
1714064060.407412,0.54052734375,0.784423828125,-0.355224609375,Mouth closed
1714064060.447466,0.548828125,0.786376953125,-0.354248046875,Mouth closed
1714064060.487814,0.545654296875,0.78564453125,-0.35400390625,Mouth closed
1714064060.528497,0.543701171875,0.787841796875,-0.34912109375,Mouth closed
1714064060.569778,0.542724609375,0.785888671875,-0.356201171875,Mouth closed
1714064060.608388,0.542236328125,0.78515625,-0.35302734375,Mouth closed
1714064060.649612,0.54248046875,0.78515625,-0.355224609375,Mouth closed
1714064060.689585,0.5439453125,0.790283203125,-0.355712890625,Mouth closed
1714064060.733582,0.5478515625,0.7880859375,-0.357666015625,Mouth closed
1714064060.76836,0.541015625,0.785888671875,-0.347412109375,Mouth closed
1714064060.810997,0.54541015625,0.78466796875,-0.35498046875,Mouth closed
1714064060.848332,0.542724609375,0.78662109375,-0.352783203125,Mouth closed
1714064060.88832,0.54345703125,0.782958984375,-0.35400390625,Mouth closed
1714064060.927834,0.548095703125,0.78564453125,-0.35546875,Mouth closed
1714064060.969543,0.549560546875,0.78173828125,-0.353759765625,Mouth closed
1714064061.009136,0.544921875,0.78173828125,-0.3525390625,Mouth closed
1714064061.049679,0.54736328125,0.78564453125,-0.353515625,Mouth closed
1714064061.088686,0.542236328125,0.78564453125,-0.354248046875,Mouth closed
1714064061.128521,0.543701171875,0.7861328125,-0.35400390625,Mouth closed
1714064061.169441,0.542724609375,0.7880859375,-0.3544921875,Mouth closed
1714064061.213176,0.541259765625,0.7890625,-0.349609375,Mouth closed
1714064061.249866,0.54052734375,0.78759765625,-0.3505859375,Mouth closed
1714064061.291386,0.5419921875,0.787841796875,-0.349853515625,Mouth closed
1714064061.33065,0.5419921875,0.7861328125,-0.3515625,Mouth closed
1714064061.373126,0.545166015625,0.78857421875,-0.34765625,Mouth closed
1714064061.409366,0.545654296875,0.78955078125,-0.3515625,Mouth closed
1714064061.449881,0.54541015625,0.785888671875,-0.345458984375,Mouth closed
1714064061.487384,0.54541015625,0.78759765625,-0.355224609375,Mouth closed
1714064061.52808,0.547607421875,0.783935546875,-0.354248046875,Mouth closed
1714064061.568476,0.546142578125,0.782470703125,-0.3505859375,Mouth closed
1714064061.612081,0.549072265625,0.78466796875,-0.3505859375,Mouth closed
1714064061.648051,0.5478515625,0.782958984375,-0.35107421875,Mouth closed
1714064061.688877,0.548095703125,0.786865234375,-0.351318359375,Mouth closed
1714064061.730656,0.546142578125,0.78662109375,-0.35205078125,Mouth closed
1714064061.770377,0.545166015625,0.787353515625,-0.350830078125,Mouth closed
1714064061.80856,0.547119140625,0.79052734375,-0.353759765625,Mouth closed
1714064061.849832,0.544189453125,0.781494140625,-0.3515625,Mouth closed
1714064061.889331,0.543701171875,0.787353515625,-0.348876953125,Mouth closed
1714064061.933951,0.54736328125,0.79052734375,-0.3515625,Mouth closed
1714064061.974332,0.542236328125,0.785888671875,-0.350341796875,Mouth closed
1714064062.011313,0.545654296875,0.78759765625,-0.3505859375,Mouth closed
1714064062.052501,0.54736328125,0.783935546875,-0.34814453125,Mouth closed
1714064062.089653,0.55078125,0.78466796875,-0.35107421875,Mouth closed
1714064062.130569,0.543701171875,0.785888671875,-0.3447265625,Mouth closed
1714064062.168087,0.55078125,0.787353515625,-0.349609375,Mouth closed
1714064062.208323,0.549560546875,0.7861328125,-0.348388671875,Mouth closed
1714064062.249534,0.546875,0.78466796875,-0.34814453125,Mouth closed
1714064062.289059,0.549560546875,0.787841796875,-0.348876953125,Mouth closed
1714064062.328377,0.5498046875,0.785888671875,-0.346435546875,Mouth closed
1714064062.368366,0.5498046875,0.78662109375,-0.349853515625,Mouth closed
1714064062.409382,0.547119140625,0.78662109375,-0.346923828125,Mouth closed
1714064062.454858,0.5478515625,0.7861328125,-0.344482421875,Mouth closed
1714064062.49331,0.543701171875,0.790771484375,-0.34765625,Mouth closed
1714064062.536072,0.54638671875,0.787109375,-0.34765625,Mouth closed
1714064062.573151,0.54638671875,0.786376953125,-0.34765625,Mouth closed
1714064062.613864,0.55078125,0.791259765625,-0.345458984375,Mouth closed
1714064062.651292,0.547119140625,0.78955078125,-0.350830078125,Mouth closed
1714064062.691816,0.544677734375,0.7841796875,-0.3466796875,Mouth closed
1714064062.729763,0.547119140625,0.786865234375,-0.349365234375,Mouth closed
1714064062.768712,0.55126953125,0.7890625,-0.350341796875,Mouth closed
1714064062.809698,0.54931640625,0.785400390625,-0.3525390625,Mouth closed
1714064062.853961,0.55029296875,0.786376953125,-0.3447265625,Mouth closed
1714064062.887935,0.554443359375,0.783203125,-0.352783203125,Mouth closed
1714064062.935819,0.549072265625,0.778076171875,-0.345703125,Mouth closed
1714064062.969411,0.5517578125,0.783203125,-0.3486328125,Mouth closed
1714064063.011539,0.55322265625,0.7861328125,-0.3486328125,Mouth open
1714064063.057031,0.548095703125,0.784423828125,-0.34814453125,Mouth open
1714064063.089322,0.54443359375,0.786865234375,-0.35107421875,Mouth open
1714064063.135475,0.5478515625,0.7880859375,-0.348876953125,Mouth open
1714064063.175792,0.545166015625,0.786865234375,-0.348388671875,Mouth open
1714064063.212733,0.547119140625,0.7861328125,-0.34814453125,Mouth open
1714064063.277646,0.54931640625,0.78466796875,-0.345947265625,Mouth open
1714064063.302074,0.552734375,0.78759765625,-0.344482421875,Mouth open
1714064063.33062,0.548583984375,0.785888671875,-0.3486328125,Mouth open
1714064063.370203,0.549072265625,0.783447265625,-0.34375,Mouth open
1714064063.408839,0.55029296875,0.781982421875,-0.345947265625,Mouth open
1714064063.446984,0.551025390625,0.78955078125,-0.344482421875,Mouth open
1714064063.499445,0.552734375,0.78271484375,-0.352294921875,Mouth open
1714064063.528222,0.54931640625,0.782958984375,-0.345947265625,Mouth open
1714064063.56791,0.553466796875,0.784423828125,-0.349365234375,Mouth open
1714064063.60875,0.549072265625,0.78515625,-0.345947265625,Mouth open
1714064063.649087,0.55029296875,0.7890625,-0.34619140625,Mouth open
1714064063.689296,0.548828125,0.787109375,-0.346435546875,Mouth open
1714064063.735027,0.546142578125,0.78759765625,-0.34619140625,Mouth open
1714064063.769805,0.547119140625,0.787109375,-0.3486328125,Mouth open
1714064063.813929,0.54638671875,0.791259765625,-0.34814453125,Mouth open
1714064063.852204,0.54296875,0.78955078125,-0.347900390625,Mouth open
1714064063.891391,0.546875,0.789794921875,-0.3447265625,Mouth open
1714064063.930304,0.5478515625,0.7861328125,-0.345947265625,Mouth open
1714064063.969481,0.544921875,0.78955078125,-0.34326171875,Mouth open
1714064064.008479,0.547607421875,0.788818359375,-0.347900390625,Mouth open
1714064064.048312,0.546875,0.789306640625,-0.3447265625,Mouth open
1714064064.08871,0.54833984375,0.789794921875,-0.3466796875,Mouth open
1714064064.13459,0.5517578125,0.78857421875,-0.344970703125,Mouth open
1714064064.168844,0.552978515625,0.7861328125,-0.349853515625,Mouth open
1714064064.2187,0.54638671875,0.787109375,-0.34375,Mouth open
1714064064.256914,0.549072265625,0.78857421875,-0.349609375,Mouth open
1714064064.292674,0.54931640625,0.78662109375,-0.344970703125,Mouth open
1714064064.334996,0.54345703125,0.785400390625,-0.34912109375,Mouth open
1714064064.374634,0.54833984375,0.786865234375,-0.347412109375,Mouth open
1714064064.411767,0.548583984375,0.78857421875,-0.345458984375,Mouth open
1714064064.451234,0.546142578125,0.787841796875,-0.34619140625,Mouth open
1714064064.491386,0.54833984375,0.78759765625,-0.34423828125,Mouth open
1714064064.530745,0.546875,0.78857421875,-0.345458984375,Mouth open
1714064064.571414,0.55419921875,0.792236328125,-0.346923828125,Mouth open
1714064064.611953,0.547119140625,0.784912109375,-0.340576171875,Mouth open
1714064064.650746,0.5517578125,0.786865234375,-0.340576171875,Mouth open
1714064064.690322,0.55078125,0.7890625,-0.342529296875,Mouth open
1714064064.729862,0.552001953125,0.784912109375,-0.3408203125,Mouth open
1714064064.768941,0.550048828125,0.7861328125,-0.33935546875,Mouth open
1714064064.808271,0.551025390625,0.79150390625,-0.33984375,Mouth open
1714064064.849392,0.550537109375,0.787109375,-0.341064453125,Mouth open
1714064064.89044,0.549072265625,0.786865234375,-0.34033203125,Mouth open
1714064064.930183,0.5517578125,0.7841796875,-0.342041015625,Mouth open
1714064064.969462,0.5439453125,0.794921875,-0.35302734375,Mouth open
1714064065.010697,0.562255859375,0.786865234375,-0.353271484375,Mouth open
1714064065.050249,0.556640625,0.77392578125,-0.36083984375,Mouth open
1714064065.092329,0.559326171875,0.75341796875,-0.346923828125,Mouth open
1714064065.130291,0.569580078125,0.76123046875,-0.33984375,Mouth open
1714064065.170604,0.56103515625,0.76123046875,-0.34716796875,Mouth open
1714064065.211193,0.5693359375,0.77099609375,-0.353759765625,Mouth open
1714064065.251434,0.568603515625,0.76416015625,-0.359130859375,Mouth open
1714064065.295509,0.574951171875,0.77685546875,-0.360595703125,Mouth open
1714064065.332946,0.568359375,0.757568359375,-0.367919921875,Mouth open
1714064065.372881,0.567626953125,0.760498046875,-0.36181640625,Mouth open
1714064065.41137,0.562744140625,0.762939453125,-0.387451171875,Mouth open
1714064065.46473,0.556396484375,0.7626953125,-0.37158203125,Mouth open
1714064065.491179,0.560791015625,0.76513671875,-0.36669921875,Mouth open
1714064065.535573,0.552978515625,0.767333984375,-0.37353515625,Mouth open
1714064065.571454,0.557861328125,0.7705078125,-0.367919921875,Mouth open
1714064065.611117,0.554443359375,0.76708984375,-0.37255859375,Mouth open
1714064065.651115,0.55615234375,0.7666015625,-0.370361328125,Mouth open
1714064065.695287,0.554931640625,0.764404296875,-0.3740234375,Mouth open
1714064065.732637,0.557373046875,0.76953125,-0.3681640625,Mouth open
1714064065.77313,0.554443359375,0.768798828125,-0.372802734375,Mouth open
1714064065.812569,0.552001953125,0.770263671875,-0.371826171875,Mouth open
1714064065.853605,0.55029296875,0.771484375,-0.370849609375,Mouth open
1714064065.89316,0.553466796875,0.77294921875,-0.366455078125,Mouth open
1714064065.933198,0.56201171875,0.773681640625,-0.3662109375,Mouth open
1714064065.972732,0.552490234375,0.769287109375,-0.36669921875,Mouth open
1714064066.014311,0.55908203125,0.775390625,-0.355224609375,Mouth open
1714064066.052807,0.5576171875,0.774658203125,-0.352294921875,Mouth open
1714064066.090917,0.552490234375,0.782958984375,-0.353515625,Mouth open
1714064066.132099,0.555419921875,0.78955078125,-0.364013671875,Mouth open
1714064066.171164,0.55810546875,0.781005859375,-0.359619140625,Mouth open
1714064066.218207,0.548583984375,0.767822265625,-0.35888671875,Mouth open
1714064066.257701,0.547607421875,0.77294921875,-0.353271484375,Mouth open
1714064066.296427,0.561767578125,0.779052734375,-0.35791015625,Mouth open
1714064066.336088,0.552734375,0.778564453125,-0.351806640625,Mouth open
1714064066.374259,0.545654296875,0.772705078125,-0.359375,Mouth open
1714064066.414465,0.541259765625,0.7705078125,-0.34814453125,Mouth open
1714064066.455628,0.561279296875,0.800048828125,-0.34814453125,Mouth open
1714064066.494293,0.568603515625,0.8037109375,-0.341064453125,Mouth open
1714064066.536665,0.560546875,0.798828125,-0.338623046875,Mouth open
1714064066.574538,0.556396484375,0.78857421875,-0.344482421875,Mouth open
1714064066.613297,0.556640625,0.779052734375,-0.363037109375,Mouth open
1714064066.654862,0.546142578125,0.7646484375,-0.36279296875,Mouth open
1714064066.692343,0.552978515625,0.767333984375,-0.365966796875,Mouth open
1714064066.734423,0.55224609375,0.7646484375,-0.37158203125,Mouth open
1714064066.773328,0.553466796875,0.77685546875,-0.37353515625,Mouth open
1714064066.81311,0.548583984375,0.771728515625,-0.3759765625,Mouth open
1714064066.852751,0.537109375,0.76904296875,-0.38330078125,Mouth open
1714064066.895759,0.5390625,0.777099609375,-0.382568359375,Mouth open
1714064066.937574,0.5341796875,0.7763671875,-0.3798828125,Mouth open
1714064066.974606,0.5205078125,0.75830078125,-0.3779296875,Mouth open
1714064067.015593,0.5263671875,0.7724609375,-0.370361328125,Mouth open
1714064067.054081,0.54345703125,0.789306640625,-0.378662109375,Mouth open
1714064067.09483,0.54345703125,0.79296875,-0.3857421875,Mouth open
1714064067.136547,0.5419921875,0.788818359375,-0.381591796875,Mouth open
1714064067.174194,0.53955078125,0.7802734375,-0.382568359375,Mouth open
1714064067.215965,0.537841796875,0.780029296875,-0.38330078125,Mouth open
1714064067.258213,0.533203125,0.7763671875,-0.378173828125,Mouth open
1714064067.293673,0.535400390625,0.78125,-0.38330078125,Mouth open
1714064067.336076,0.536376953125,0.787353515625,-0.38427734375,Mouth open
1714064067.372677,0.515869140625,0.76220703125,-0.350830078125,Mouth open
1714064067.413004,0.52685546875,0.773681640625,-0.3544921875,Mouth open
1714064067.457828,0.555908203125,0.8076171875,-0.3681640625,Mouth open
1714064067.496793,0.558349609375,0.79931640625,-0.37353515625,Mouth open
1714064067.536784,0.53759765625,0.774169921875,-0.3642578125,Mouth open
1714064067.579771,0.54443359375,0.77490234375,-0.361572265625,Mouth open
1714064067.613506,0.55224609375,0.766357421875,-0.36083984375,Mouth open
1714064067.655731,0.557373046875,0.77294921875,-0.358154296875,Mouth open
1714064067.700192,0.565185546875,0.781982421875,-0.35595703125,Mouth open
1714064067.740557,0.5615234375,0.783447265625,-0.35400390625,Mouth open
1714064067.779307,0.560302734375,0.779541015625,-0.34765625,Mouth open
1714064067.82236,0.560546875,0.776611328125,-0.34619140625,Mouth open
1714064067.855211,0.555908203125,0.77294921875,-0.3505859375,Mouth open
1714064067.899019,0.55322265625,0.777099609375,-0.3486328125,Mouth open
1714064067.933834,0.551513671875,0.780029296875,-0.3466796875,Mouth open
1714064067.971106,0.549072265625,0.789306640625,-0.34814453125,Mouth open
1714064068.014362,0.552734375,0.789794921875,-0.35107421875,Mouth open
1714064068.05838,0.552001953125,0.7900390625,-0.347412109375,Mouth open
1714064068.094515,0.553466796875,0.789794921875,-0.343994140625,Mouth open
1714064068.133494,0.556884765625,0.785888671875,-0.347900390625,Mouth open
1714064068.173433,0.5537109375,0.776123046875,-0.3515625,Mouth open
1714064068.2148,0.554931640625,0.77734375,-0.3564453125,Mouth open
1714064068.254702,0.5537109375,0.77587890625,-0.35791015625,Mouth open
1714064068.29437,0.555908203125,0.7724609375,-0.3623046875,Mouth open
1714064068.336906,0.54931640625,0.776123046875,-0.361572265625,Mouth open
1714064068.389504,0.553955078125,0.780029296875,-0.367431640625,Mouth open
1714064068.416802,0.55224609375,0.77880859375,-0.364013671875,Mouth open
1714064068.461814,0.5498046875,0.77392578125,-0.364501953125,Mouth open
1714064068.496638,0.55078125,0.774658203125,-0.367919921875,Mouth open
1714064068.541029,0.549072265625,0.7744140625,-0.363525390625,Mouth open
1714064068.57427,0.546875,0.776123046875,-0.3671875,Mouth open
1714064068.613243,0.548583984375,0.776611328125,-0.3662109375,Mouth open
1714064068.656664,0.55078125,0.774658203125,-0.368408203125,Mouth open
1714064068.707857,0.5498046875,0.774169921875,-0.366943359375,Mouth open
1714064068.736337,0.553466796875,0.7744140625,-0.36181640625,Mouth open
1714064068.779373,0.55322265625,0.776611328125,-0.363525390625,Mouth open
1714064068.815511,0.552490234375,0.775146484375,-0.364990234375,Mouth open
1714064068.854354,0.5498046875,0.775390625,-0.365478515625,Mouth open
1714064068.895447,0.5517578125,0.7783203125,-0.361083984375,Mouth open
1714064068.935068,0.5576171875,0.777587890625,-0.365234375,Mouth open
1714064068.978532,0.55078125,0.77587890625,-0.359375,Mouth open
1714064069.019744,0.555419921875,0.779541015625,-0.36328125,Mouth open
1714064069.057989,0.5546875,0.776611328125,-0.358154296875,Mouth open
1714064069.099884,0.553955078125,0.775390625,-0.3583984375,Mouth open
1714064069.141117,0.554443359375,0.777099609375,-0.357666015625,Mouth open
1714064069.180473,0.55078125,0.779541015625,-0.35595703125,Mouth open
1714064069.218236,0.5546875,0.78125,-0.3583984375,Mouth open
1714064069.255786,0.553955078125,0.779052734375,-0.354736328125,Mouth open
1714064069.293876,0.5546875,0.779296875,-0.356201171875,Mouth open
1714064069.334306,0.55712890625,0.77734375,-0.353759765625,Mouth open
1714064069.375863,0.558837890625,0.775146484375,-0.352294921875,Mouth open
1714064069.415208,0.558837890625,0.775146484375,-0.353759765625,Mouth open
1714064069.45553,0.55859375,0.777099609375,-0.35546875,Mouth open
1714064069.495262,0.556884765625,0.775390625,-0.35205078125,Mouth open
1714064069.536022,0.559326171875,0.777587890625,-0.34716796875,Mouth open
1714064069.576188,0.562255859375,0.778076171875,-0.34765625,Mouth open
1714064069.616325,0.56103515625,0.774658203125,-0.349609375,Mouth open
1714064069.663017,0.55859375,0.774658203125,-0.34912109375,Mouth open
1714064069.696946,0.56201171875,0.77880859375,-0.352294921875,Mouth open
1714064069.73705,0.555908203125,0.77783203125,-0.34912109375,Mouth open
1714064069.777183,0.557861328125,0.7763671875,-0.347900390625,Mouth open
1714064069.817203,0.55517578125,0.77880859375,-0.3505859375,Mouth open
1714064069.857739,0.558837890625,0.780029296875,-0.349853515625,Mouth open
1714064069.896664,0.55712890625,0.779052734375,-0.350341796875,Mouth open
1714064069.935759,0.556640625,0.779052734375,-0.35400390625,Mouth open
1714064069.975285,0.557373046875,0.78173828125,-0.3505859375,Mouth open
1714064070.015861,0.56103515625,0.777587890625,-0.34912109375,Mouth open
1714064070.054349,0.560546875,0.77197265625,-0.344970703125,Mouth open
1714064070.102155,0.563232421875,0.779541015625,-0.346923828125,Mouth open
1714064070.135083,0.561767578125,0.78076171875,-0.352783203125,Mouth open
1714064070.174986,0.555908203125,0.777099609375,-0.348876953125,Mouth open
1714064070.217249,0.55419921875,0.77685546875,-0.34912109375,Mouth open
1714064070.258797,0.5595703125,0.780029296875,-0.3505859375,Mouth open
1714064070.297691,0.55908203125,0.77685546875,-0.349853515625,Mouth open
1714064070.338665,0.559814453125,0.77783203125,-0.348388671875,Mouth open
1714064070.376029,0.563720703125,0.7783203125,-0.351806640625,Mouth open
1714064070.419684,0.5625,0.775634765625,-0.34423828125,Mouth open
1714064070.458482,0.561279296875,0.776123046875,-0.34765625,Mouth open
1714064070.497664,0.5634765625,0.77783203125,-0.3466796875,Mouth open
1714064070.536288,0.5595703125,0.779052734375,-0.34521484375,Mouth open
1714064070.574895,0.56005859375,0.77685546875,-0.34521484375,Mouth open
1714064070.612965,0.560302734375,0.77978515625,-0.3447265625,Mouth open
1714064070.656042,0.56298828125,0.781982421875,-0.3466796875,Mouth open
1714064070.696257,0.5595703125,0.77685546875,-0.345703125,Mouth open
1714064070.738908,0.557373046875,0.7783203125,-0.346923828125,Mouth open
1714064070.781942,0.5634765625,0.780517578125,-0.34619140625,Mouth open
1714064070.816732,0.55908203125,0.78076171875,-0.343994140625,Mouth open
1714064070.863346,0.556396484375,0.77880859375,-0.34228515625,Mouth open
1714064070.896833,0.560302734375,0.78125,-0.342041015625,Mouth open
1714064070.939066,0.560546875,0.775146484375,-0.34765625,Mouth open
1714064070.981893,0.55615234375,0.77587890625,-0.343994140625,Mouth open
1714064071.018664,0.561279296875,0.780517578125,-0.347900390625,Mouth open
1714064071.061455,0.5625,0.77783203125,-0.34716796875,Mouth open
1714064071.100416,0.560546875,0.7783203125,-0.346923828125,Mouth open
1714064071.139247,0.5625,0.778564453125,-0.348876953125,Mouth open
1714064071.179328,0.56005859375,0.774169921875,-0.348388671875,Mouth open
1714064071.216312,0.556640625,0.775390625,-0.347900390625,Mouth open
1714064071.25572,0.5625,0.776611328125,-0.35009765625,Mouth open
1714064071.295544,0.560302734375,0.777099609375,-0.35107421875,Mouth open
1714064071.336638,0.561767578125,0.777099609375,-0.348388671875,Mouth open
1714064071.374969,0.56494140625,0.7734375,-0.348388671875,Mouth open
1714064071.424655,0.566650390625,0.7802734375,-0.34814453125,Mouth open
1714064071.464589,0.562744140625,0.77685546875,-0.349853515625,Mouth open
1714064071.501737,0.558837890625,0.77392578125,-0.341796875,Mouth open
1714064071.540556,0.5595703125,0.77783203125,-0.34326171875,Mouth open
1714064071.579858,0.55810546875,0.779296875,-0.345458984375,Mouth open
1714064071.619876,0.5595703125,0.77783203125,-0.344970703125,Mouth open
1714064071.657589,0.5576171875,0.77294921875,-0.348876953125,Mouth open
1714064071.698924,0.56494140625,0.777587890625,-0.349853515625,Mouth open
1714064071.739068,0.557861328125,0.779052734375,-0.34619140625,Mouth open
1714064071.777037,0.559326171875,0.778564453125,-0.350341796875,Mouth open
1714064071.816659,0.561767578125,0.78125,-0.347412109375,Mouth open
1714064071.856479,0.556884765625,0.775634765625,-0.34912109375,Mouth open
1714064071.895128,0.559814453125,0.77587890625,-0.349853515625,Mouth open
1714064071.936352,0.55859375,0.777099609375,-0.351318359375,Mouth open
1714064071.977004,0.56103515625,0.775146484375,-0.353271484375,Mouth open
1714064072.017729,0.559326171875,0.774658203125,-0.352783203125,Mouth open
1714064072.057755,0.5615234375,0.778564453125,-0.345947265625,Mouth open
1714064072.097909,0.56005859375,0.778076171875,-0.35009765625,Mouth open
1714064072.137521,0.557861328125,0.778076171875,-0.345458984375,Mouth open
1714064072.184009,0.557861328125,0.77294921875,-0.34521484375,Mouth open
1714064072.222571,0.55859375,0.78125,-0.35009765625,Mouth open
1714064072.260809,0.561767578125,0.77734375,-0.355224609375,Mouth open
1714064072.298605,0.555419921875,0.777587890625,-0.34716796875,Mouth open
1714064072.339523,0.5615234375,0.782470703125,-0.3515625,Mouth open
1714064072.38057,0.559326171875,0.77734375,-0.34912109375,Mouth open
1714064072.420314,0.55859375,0.77734375,-0.349609375,Mouth open
1714064072.459639,0.564208984375,0.77587890625,-0.348876953125,Mouth open
1714064072.4989,0.557861328125,0.777099609375,-0.350341796875,Mouth open
1714064072.537006,0.556884765625,0.77734375,-0.352783203125,Mouth open
1714064072.578234,0.5546875,0.77490234375,-0.348876953125,Mouth open
1714064072.620731,0.5615234375,0.78125,-0.351318359375,Mouth open
1714064072.658055,0.556884765625,0.776611328125,-0.34814453125,Mouth open
1714064072.698063,0.557861328125,0.779541015625,-0.343505859375,Mouth open
1714064072.739166,0.561279296875,0.782470703125,-0.348876953125,Mouth open
1714064072.780331,0.558349609375,0.780029296875,-0.34521484375,Mouth open
1714064072.81973,0.555908203125,0.779052734375,-0.34716796875,Mouth open
1714064072.860802,0.558837890625,0.77978515625,-0.349609375,Mouth open
1714064072.899876,0.561767578125,0.7822265625,-0.350341796875,Mouth open
1714064072.943782,0.553466796875,0.77685546875,-0.34375,Mouth open
1714064072.982734,0.564453125,0.779296875,-0.35009765625,Mouth open
1714064073.022616,0.557373046875,0.777587890625,-0.3486328125,Mouth open
1714064073.066393,0.55859375,0.7763671875,-0.34716796875,Mouth open
1714064073.102184,0.560546875,0.776611328125,-0.350830078125,Mouth open
1714064073.153248,0.560302734375,0.7802734375,-0.34619140625,Mouth open
1714064073.181377,0.556396484375,0.779052734375,-0.347900390625,Mouth open
1714064073.221971,0.555419921875,0.778076171875,-0.349853515625,Mouth open
1714064073.265965,0.55615234375,0.7802734375,-0.348388671875,Mouth open
1714064073.305208,0.554931640625,0.779052734375,-0.349853515625,Mouth open
1714064073.344217,0.55712890625,0.77734375,-0.34619140625,Mouth open
1714064073.382937,0.560791015625,0.783203125,-0.34765625,Mouth open
1714064073.42241,0.553955078125,0.781982421875,-0.344970703125,Mouth open
1714064073.461178,0.553955078125,0.778564453125,-0.34619140625,Mouth open
1714064073.501885,0.557373046875,0.778564453125,-0.34619140625,Mouth open
1714064073.542135,0.555419921875,0.77880859375,-0.34619140625,Mouth open
1714064073.582618,0.5576171875,0.78076171875,-0.350830078125,Mouth open
1714064073.626781,0.559814453125,0.780029296875,-0.3466796875,Mouth open
1714064073.663972,0.55908203125,0.77978515625,-0.3486328125,Mouth open
1714064073.706011,0.560791015625,0.77783203125,-0.3447265625,Mouth open
1714064073.743024,0.55810546875,0.776611328125,-0.34765625,Mouth open
1714064073.784748,0.560302734375,0.77880859375,-0.345947265625,Mouth open
1714064073.822471,0.556884765625,0.780517578125,-0.346435546875,Mouth open
1714064073.861735,0.5576171875,0.781005859375,-0.350341796875,Mouth open
1714064073.899815,0.5537109375,0.778564453125,-0.34765625,Mouth open
1714064073.944547,0.560791015625,0.78076171875,-0.349609375,Mouth open
1714064073.98181,0.554931640625,0.77783203125,-0.3505859375,Mouth open
1714064074.027056,0.557373046875,0.780029296875,-0.349365234375,Mouth open
1714064074.06199,0.555419921875,0.779052734375,-0.349853515625,Mouth open
1714064074.105168,0.558349609375,0.781494140625,-0.348388671875,Mouth open
1714064074.142779,0.55615234375,0.7763671875,-0.34765625,Mouth open
1714064074.182108,0.5576171875,0.781005859375,-0.3466796875,Mouth open
1714064074.222409,0.56201171875,0.777099609375,-0.347900390625,Mouth open
1714064074.263529,0.557861328125,0.776611328125,-0.34326171875,Mouth open
1714064074.30309,0.562744140625,0.779052734375,-0.348876953125,Mouth open
1714064074.341925,0.558349609375,0.777099609375,-0.34423828125,Mouth open
1714064074.387451,0.558837890625,0.778564453125,-0.344482421875,Mouth open
1714064074.423743,0.5576171875,0.779541015625,-0.346923828125,Mouth open
1714064074.464042,0.55859375,0.77685546875,-0.347412109375,Mouth open
1714064074.502094,0.55908203125,0.778076171875,-0.3447265625,Mouth open
1714064074.540386,0.55859375,0.7802734375,-0.34326171875,Mouth open
1714064074.581441,0.558837890625,0.78076171875,-0.347900390625,Mouth open
1714064074.627862,0.556396484375,0.778076171875,-0.3447265625,Mouth open
1714064074.660013,0.560302734375,0.78076171875,-0.34521484375,Mouth open
1714064074.707061,0.56103515625,0.7822265625,-0.345947265625,Mouth open
1714064074.740782,0.55810546875,0.778564453125,-0.345947265625,Mouth open
1714064074.786288,0.55615234375,0.774658203125,-0.347412109375,Mouth open
1714064074.821894,0.560546875,0.776611328125,-0.343994140625,Mouth open
1714064074.866115,0.561279296875,0.775146484375,-0.348388671875,Mouth open
1714064074.909874,0.554443359375,0.776611328125,-0.34423828125,Mouth open
1714064074.948217,0.563232421875,0.777587890625,-0.348876953125,Mouth open
1714064074.98702,0.55712890625,0.778076171875,-0.346923828125,Mouth open
1714064075.026824,0.56005859375,0.77783203125,-0.347412109375,Mouth open
1714064075.064818,0.5615234375,0.78271484375,-0.347412109375,Mouth open
1714064075.10447,0.561279296875,0.781005859375,-0.345703125,Mouth open
1714064075.145656,0.55859375,0.77880859375,-0.347900390625,Mouth open
1714064075.183317,0.560546875,0.776123046875,-0.34521484375,Mouth open
1714064075.222612,0.55908203125,0.778564453125,-0.346435546875,Mouth open
1714064075.261878,0.562255859375,0.777587890625,-0.344970703125,Mouth open
1714064075.301003,0.560791015625,0.77783203125,-0.34716796875,Mouth open
1714064075.343687,0.561279296875,0.77587890625,-0.343505859375,Mouth open
1714064075.387548,0.56103515625,0.780517578125,-0.346435546875,Mouth open
1714064075.422586,0.55859375,0.775390625,-0.343505859375,Mouth open
1714064075.463907,0.55859375,0.778076171875,-0.34619140625,Mouth open
1714064075.503803,0.560546875,0.776123046875,-0.343017578125,Mouth open
1714064075.543259,0.56005859375,0.777587890625,-0.3427734375,Mouth open
1714064075.586401,0.5615234375,0.77685546875,-0.3447265625,Mouth open
1714064075.623314,0.56640625,0.7763671875,-0.3466796875,Mouth open
1714064075.663476,0.56103515625,0.77685546875,-0.341064453125,Mouth open
1714064075.703902,0.564208984375,0.779052734375,-0.34326171875,Mouth open
1714064075.742016,0.564453125,0.77734375,-0.33984375,Mouth open
1714064075.781961,0.562744140625,0.77734375,-0.338623046875,Mouth open
1714064075.825737,0.563720703125,0.777587890625,-0.33837890625,Mouth open
1714064075.861578,0.558349609375,0.781982421875,-0.3427734375,Mouth open
1714064075.905066,0.561767578125,0.779296875,-0.3427734375,Mouth open
1714064075.942957,0.564208984375,0.780517578125,-0.339599609375,Mouth open
1714064075.982464,0.563232421875,0.77978515625,-0.3330078125,Mouth open
1714064076.021926,0.56201171875,0.782470703125,-0.337646484375,Mouth open
1714064076.065414,0.5625,0.778076171875,-0.33837890625,Mouth open
1714064076.103404,0.560546875,0.77783203125,-0.3369140625,Mouth open
1714064076.142722,0.56103515625,0.783935546875,-0.3369140625,Mouth open
1714064076.182043,0.560791015625,0.780029296875,-0.344482421875,Mouth open
1714064076.224637,0.55712890625,0.779541015625,-0.3388671875,Mouth open
1714064076.265486,0.562744140625,0.78369140625,-0.34326171875,Mouth open
1714064076.302804,0.560791015625,0.780029296875,-0.337646484375,Mouth open
1714064076.342642,0.558349609375,0.778076171875,-0.33740234375,Mouth open
1714064076.382899,0.5615234375,0.78173828125,-0.33740234375,Mouth open
1714064076.427444,0.5615234375,0.778076171875,-0.339599609375,Mouth open
1714064076.461841,0.564208984375,0.779052734375,-0.33935546875,Mouth open
1714064076.504482,0.56298828125,0.7783203125,-0.33935546875,Mouth open
1714064076.540037,0.560791015625,0.780029296875,-0.33984375,Mouth open
1714064076.585449,0.562255859375,0.78125,-0.339599609375,Mouth open
1714064076.627364,0.561279296875,0.78076171875,-0.33251953125,Mouth open
1714064076.670615,0.563232421875,0.78173828125,-0.342041015625,Mouth open
1714064076.703706,0.5595703125,0.779296875,-0.337890625,Mouth open
1714064076.74762,0.560546875,0.782470703125,-0.33447265625,Mouth open
1714064076.782173,0.561279296875,0.78662109375,-0.33740234375,Mouth open
1714064076.827237,0.56005859375,0.781005859375,-0.339599609375,Mouth open
1714064076.868502,0.558349609375,0.7841796875,-0.33935546875,Mouth open
1714064076.90988,0.56494140625,0.7841796875,-0.337890625,Mouth open
1714064076.948882,0.559326171875,0.78125,-0.338134765625,Mouth open
1714064076.984425,0.559814453125,0.780029296875,-0.337890625,Mouth open
1714064077.027771,0.564208984375,0.780517578125,-0.337890625,Mouth open
1714064077.061779,0.558349609375,0.783447265625,-0.334716796875,Mouth open
1714064077.106422,0.56201171875,0.781982421875,-0.3369140625,Mouth open
1714064077.141414,0.56103515625,0.782958984375,-0.338134765625,Mouth open
1714064077.184134,0.563720703125,0.78515625,-0.33642578125,Mouth open
1714064077.223418,0.55810546875,0.780029296875,-0.3359375,Mouth open
1714064077.26265,0.562744140625,0.781494140625,-0.333740234375,Mouth open
1714064077.30362,0.560302734375,0.781005859375,-0.3359375,Mouth open
1714064077.342925,0.56103515625,0.779296875,-0.334228515625,Mouth open
1714064077.382975,0.559814453125,0.7802734375,-0.334716796875,Mouth open
1714064077.424996,0.560546875,0.782958984375,-0.338134765625,Mouth open
1714064077.464023,0.562255859375,0.784423828125,-0.33642578125,Mouth open
1714064077.502733,0.557861328125,0.779541015625,-0.330810546875,Mouth open
1714064077.54294,0.56298828125,0.78662109375,-0.33544921875,Mouth open
1714064077.584047,0.5634765625,0.7822265625,-0.332275390625,Mouth open
1714064077.624039,0.5654296875,0.77783203125,-0.333740234375,Mouth open
1714064077.664249,0.56591796875,0.77685546875,-0.333251953125,Mouth open
1714064077.704014,0.5654296875,0.77587890625,-0.33349609375,Mouth open
1714064077.742123,0.56494140625,0.77783203125,-0.33544921875,Mouth open
1714064077.782333,0.564208984375,0.782958984375,-0.3349609375,Mouth open
1714064077.822226,0.56201171875,0.781005859375,-0.333984375,Mouth open
1714064077.862855,0.568115234375,0.78369140625,-0.339111328125,Mouth open
1714064077.903119,0.5595703125,0.776611328125,-0.33544921875,Mouth open
1714064077.942929,0.564453125,0.783447265625,-0.3310546875,Mouth open
1714064077.982981,0.565185546875,0.78173828125,-0.33544921875,Mouth open
1714064078.024683,0.560546875,0.778564453125,-0.334228515625,Mouth closed
1714064078.063643,0.564453125,0.783203125,-0.332275390625,Mouth closed
1714064078.104803,0.564453125,0.7880859375,-0.33056640625,Mouth closed
1714064078.145524,0.56591796875,0.786376953125,-0.3349609375,Mouth closed
1714064078.18532,0.559814453125,0.780517578125,-0.329345703125,Mouth closed
1714064078.226746,0.566650390625,0.7841796875,-0.33447265625,Mouth closed
1714064078.266368,0.563232421875,0.78076171875,-0.33349609375,Mouth closed
1714064078.303928,0.56298828125,0.781982421875,-0.33251953125,Mouth closed
1714064078.344481,0.56591796875,0.7822265625,-0.33544921875,Mouth closed
1714064078.382859,0.56298828125,0.78173828125,-0.334716796875,Mouth closed
1714064078.423307,0.562255859375,0.782470703125,-0.333740234375,Mouth closed
1714064078.46472,0.56201171875,0.780517578125,-0.333984375,Mouth closed
1714064078.504236,0.56201171875,0.783447265625,-0.33251953125,Mouth closed
1714064078.544723,0.560546875,0.782470703125,-0.333251953125,Mouth closed
1714064078.585898,0.562744140625,0.77978515625,-0.3330078125,Mouth closed
1714064078.624705,0.565673828125,0.783447265625,-0.333740234375,Mouth closed
1714064078.666297,0.56396484375,0.783203125,-0.3359375,Mouth closed
1714064078.708472,0.559326171875,0.77880859375,-0.332763671875,Mouth closed
1714064078.745853,0.5615234375,0.779541015625,-0.33447265625,Mouth closed
1714064078.786635,0.564208984375,0.779541015625,-0.3330078125,Mouth closed
1714064078.826048,0.5615234375,0.780029296875,-0.338623046875,Mouth closed
1714064078.866779,0.564453125,0.78173828125,-0.336669921875,Mouth closed
1714064078.907056,0.565673828125,0.7822265625,-0.335693359375,Mouth closed
1714064078.947283,0.559326171875,0.7763671875,-0.335693359375,Mouth closed
1714064078.989977,0.560791015625,0.781005859375,-0.335205078125,Mouth closed
1714064079.027249,0.56494140625,0.779541015625,-0.336181640625,Mouth closed
1714064079.064681,0.56103515625,0.779052734375,-0.33544921875,Mouth closed
1714064079.106259,0.5625,0.7822265625,-0.3359375,Mouth closed
1714064079.14487,0.562744140625,0.780029296875,-0.33447265625,Mouth closed
1714064079.185157,0.560302734375,0.78125,-0.33642578125,Mouth closed
1714064079.225197,0.561767578125,0.7841796875,-0.335205078125,Mouth closed
1714064079.270923,0.564453125,0.783203125,-0.333984375,Mouth closed
1714064079.30623,0.56591796875,0.779541015625,-0.33349609375,Mouth closed
1714064079.352759,0.56591796875,0.779541015625,-0.336181640625,Mouth closed
1714064079.39317,0.563720703125,0.77880859375,-0.33203125,Mouth closed
1714064079.433417,0.56396484375,0.779296875,-0.334228515625,Mouth closed
1714064079.473322,0.56640625,0.7841796875,-0.33349609375,Mouth closed
1714064079.512428,0.564208984375,0.7802734375,-0.33935546875,Mouth closed
1714064079.548311,0.56201171875,0.78369140625,-0.3310546875,Mouth closed
1714064079.592823,0.563720703125,0.78369140625,-0.3349609375,Mouth closed
1714064079.627965,0.5615234375,0.7822265625,-0.3359375,Mouth closed
1714064079.671016,0.56298828125,0.781494140625,-0.335693359375,Mouth closed
1714064079.704851,0.564453125,0.781005859375,-0.337158203125,Mouth closed
1714064079.744667,0.561279296875,0.78076171875,-0.336181640625,Mouth closed
1714064079.786715,0.56103515625,0.779052734375,-0.33837890625,Mouth closed
1714064079.824677,0.5615234375,0.782470703125,-0.336669921875,Mouth closed
1714064079.86607,0.559326171875,0.781982421875,-0.332275390625,Mouth closed
1714064079.911845,0.570068359375,0.7880859375,-0.33251953125,Mouth closed
1714064079.946759,0.562744140625,0.780517578125,-0.33056640625,Mouth closed
1714064079.993131,0.553955078125,0.78564453125,-0.333251953125,Mouth closed
1714064080.026628,0.567138671875,0.780517578125,-0.3271484375,Mouth closed
1714064080.065651,0.55517578125,0.782958984375,-0.337158203125,Mouth closed
1714064080.106715,0.5849609375,0.734375,-0.30419921875,Mouth closed
1714064080.154727,0.54345703125,0.779541015625,-0.31884765625,Mouth closed
1714064080.188685,0.5625,0.784423828125,-0.34423828125,Mouth closed
1714064080.230691,0.553955078125,0.78173828125,-0.330322265625,Mouth closed
1714064080.270002,0.5615234375,0.788330078125,-0.334228515625,Mouth closed
1714064080.30843,0.559814453125,0.787841796875,-0.33349609375,Mouth closed
1714064080.349095,0.55859375,0.78515625,-0.33203125,Mouth closed
1714064080.388915,0.5595703125,0.784423828125,-0.33154296875,Mouth closed
1714064080.428232,0.559814453125,0.78662109375,-0.329833984375,Mouth closed
1714064080.465948,0.556396484375,0.785400390625,-0.332275390625,Mouth closed
1714064080.506393,0.556640625,0.78759765625,-0.33251953125,Mouth closed
1714064080.553751,0.5556640625,0.78857421875,-0.328125,Mouth closed
1714064080.586615,0.555419921875,0.7900390625,-0.32861328125,Mouth closed
1714064080.632826,0.558837890625,0.78857421875,-0.32666015625,Mouth closed
1714064080.668244,0.556884765625,0.785400390625,-0.33251953125,Mouth closed
1714064080.709443,0.55712890625,0.78955078125,-0.324951171875,Mouth closed
1714064080.748861,0.56201171875,0.7861328125,-0.32666015625,Mouth closed
1714064080.788012,0.560302734375,0.78662109375,-0.32958984375,Mouth closed
1714064080.830285,0.556884765625,0.78759765625,-0.325439453125,Mouth closed
1714064080.869617,0.55810546875,0.790771484375,-0.331298828125,Mouth closed
1714064080.9088,0.5615234375,0.787109375,-0.332275390625,Mouth closed
1714064080.948595,0.5537109375,0.783203125,-0.329833984375,Mouth closed
1714064080.990767,0.56201171875,0.7890625,-0.33447265625,Mouth closed
1714064081.026887,0.558837890625,0.79345703125,-0.338623046875,Mouth closed
1714064081.067116,0.557861328125,0.77978515625,-0.332275390625,Mouth closed
1714064081.107649,0.55859375,0.779541015625,-0.333984375,Mouth closed
1714064081.147024,0.560302734375,0.792724609375,-0.328857421875,Mouth closed
1714064081.189174,0.56640625,0.804443359375,-0.31591796875,Mouth closed
1714064081.227523,0.561767578125,0.8037109375,-0.30712890625,Mouth closed
1714064081.266763,0.554443359375,0.794677734375,-0.31787109375,Mouth closed
1714064081.313088,0.551513671875,0.7998046875,-0.316650390625,Mouth closed
1714064081.347998,0.559326171875,0.792236328125,-0.31298828125,Mouth closed
1714064081.387782,0.554443359375,0.78759765625,-0.305908203125,Mouth closed
1714064081.429787,0.56396484375,0.7822265625,-0.305908203125,Mouth closed
1714064081.468856,0.548583984375,0.762939453125,-0.28515625,Mouth closed
1714064081.511755,0.576416015625,0.80322265625,-0.313232421875,Mouth closed
1714064081.551251,0.549072265625,0.802734375,-0.32275390625,Mouth closed
1714064081.588638,0.546875,0.796630859375,-0.35498046875,Mouth closed
1714064081.630057,0.544677734375,0.791015625,-0.36181640625,Mouth closed
1714064081.667936,0.53955078125,0.778564453125,-0.332763671875,Mouth closed
1714064081.707475,0.539794921875,0.784912109375,-0.315185546875,Mouth closed
1714064081.750349,0.55322265625,0.804931640625,-0.3193359375,Mouth closed
1714064081.789202,0.55322265625,0.804931640625,-0.3330078125,Mouth closed
1714064081.835397,0.5556640625,0.794189453125,-0.337890625,Mouth closed
1714064081.871662,0.55322265625,0.782470703125,-0.328125,Mouth closed
1714064081.909505,0.555908203125,0.78369140625,-0.320068359375,Mouth closed
1714064081.952526,0.5595703125,0.7890625,-0.312744140625,Mouth closed
1714064081.991683,0.559814453125,0.7900390625,-0.3125,Mouth closed
1714064082.031223,0.55859375,0.788818359375,-0.31005859375,Mouth closed
1714064082.076774,0.56005859375,0.79931640625,-0.301513671875,Mouth closed
1714064082.113018,0.572509765625,0.801025390625,-0.29931640625,Mouth closed
1714064082.154257,0.56640625,0.799560546875,-0.2880859375,Mouth closed
1714064082.192357,0.5712890625,0.796142578125,-0.27978515625,Mouth closed
1714064082.23226,0.57373046875,0.796630859375,-0.28466796875,Mouth closed
1714064082.272119,0.5751953125,0.794189453125,-0.28662109375,Mouth closed
1714064082.315936,0.57373046875,0.799560546875,-0.290283203125,Mouth closed
1714064082.351459,0.581787109375,0.79931640625,-0.29736328125,Mouth closed
1714064082.393126,0.578125,0.79638671875,-0.292236328125,Mouth closed
1714064082.430528,0.57666015625,0.78759765625,-0.2841796875,Mouth closed
1714064082.471116,0.580322265625,0.789306640625,-0.2841796875,Mouth closed
1714064082.515292,0.580322265625,0.790771484375,-0.283935546875,Mouth closed
1714064082.553835,0.58154296875,0.78857421875,-0.289794921875,Mouth closed
1714064082.59552,0.5771484375,0.784912109375,-0.2900390625,Mouth closed
1714064082.633147,0.576416015625,0.783203125,-0.291015625,Mouth closed
1714064082.674847,0.57568359375,0.78759765625,-0.288330078125,Mouth closed
1714064082.714144,0.57763671875,0.797119140625,-0.28369140625,Mouth closed
1714064082.753912,0.578125,0.79541015625,-0.2880859375,Mouth closed
1714064082.793273,0.570556640625,0.79296875,-0.287353515625,Mouth closed
1714064082.833716,0.571533203125,0.793212890625,-0.28564453125,Mouth closed
1714064082.874501,0.5732421875,0.79345703125,-0.29052734375,Mouth closed
1714064082.913509,0.570068359375,0.792236328125,-0.29736328125,Mouth closed
1714064082.952713,0.577880859375,0.794677734375,-0.2998046875,Mouth closed
1714064082.99169,0.56689453125,0.78955078125,-0.298583984375,Mouth closed
1714064083.036565,0.5673828125,0.789794921875,-0.291748046875,Mouth closed
1714064083.071529,0.567626953125,0.794677734375,-0.29150390625,Mouth closed
1714064083.111904,0.5673828125,0.795166015625,-0.29833984375,Mouth closed
1714064083.154041,0.571044921875,0.796630859375,-0.2978515625,Mouth closed
1714064083.193865,0.57421875,0.797607421875,-0.2890625,Mouth closed
1714064083.232507,0.5703125,0.791748046875,-0.2841796875,Mouth closed
1714064083.273557,0.572998046875,0.7861328125,-0.28857421875,Mouth closed
1714064083.313951,0.579833984375,0.78466796875,-0.288818359375,Mouth closed
1714064083.353653,0.578857421875,0.792236328125,-0.287109375,Mouth closed
1714064083.394816,0.57421875,0.79150390625,-0.28369140625,Mouth closed
1714064083.435074,0.572509765625,0.791015625,-0.28369140625,Mouth closed
1714064083.473429,0.574951171875,0.798828125,-0.2822265625,Mouth closed
1714064083.514434,0.573486328125,0.7958984375,-0.28076171875,Mouth closed
1714064083.560688,0.571533203125,0.796630859375,-0.279296875,Mouth closed
1714064083.597392,0.576416015625,0.79638671875,-0.278076171875,Mouth closed
1714064083.63711,0.57958984375,0.793701171875,-0.279052734375,Mouth closed
1714064083.673925,0.57568359375,0.793701171875,-0.27734375,Mouth closed
1714064083.714972,0.58056640625,0.79296875,-0.276123046875,Mouth closed
1714064083.753683,0.5771484375,0.791748046875,-0.277587890625,Mouth closed
1714064083.795305,0.57666015625,0.793212890625,-0.28173828125,Mouth closed
1714064083.835357,0.576416015625,0.7900390625,-0.27978515625,Mouth closed
1714064083.876524,0.58154296875,0.792236328125,-0.28173828125,Mouth closed
1714064083.914712,0.580322265625,0.787109375,-0.283935546875,Mouth closed
1714064083.956972,0.57861328125,0.789794921875,-0.27734375,Mouth closed
1714064084.001468,0.580322265625,0.791748046875,-0.2822265625,Mouth closed
1714064084.040865,0.5771484375,0.790771484375,-0.28076171875,Mouth closed
1714064084.078593,0.575927734375,0.79248046875,-0.281982421875,Mouth closed
1714064084.120447,0.5751953125,0.795654296875,-0.284423828125,Mouth closed
1714064084.159967,0.580078125,0.795654296875,-0.286376953125,Mouth closed
1714064084.197516,0.57177734375,0.791015625,-0.28173828125,Mouth closed
1714064084.236924,0.58056640625,0.7939453125,-0.286865234375,Mouth closed
1714064084.276493,0.57763671875,0.79248046875,-0.28369140625,Mouth closed
1714064084.316219,0.577392578125,0.7919921875,-0.27978515625,Mouth closed
1714064084.355764,0.577880859375,0.792724609375,-0.283447265625,Mouth closed
1714064084.39438,0.578857421875,0.791015625,-0.28125,Mouth closed
1714064084.435444,0.5810546875,0.79052734375,-0.28271484375,Mouth closed
1714064084.478413,0.578857421875,0.790283203125,-0.282470703125,Mouth closed
1714064084.517265,0.58203125,0.789306640625,-0.283203125,Mouth closed
1714064084.556166,0.58056640625,0.786376953125,-0.281494140625,Mouth closed
1714064084.597126,0.579833984375,0.790283203125,-0.276611328125,Mouth closed
1714064084.636378,0.581787109375,0.79248046875,-0.278564453125,Mouth closed
1714064084.676404,0.5810546875,0.7880859375,-0.278564453125,Mouth closed
1714064084.71797,0.577880859375,0.792724609375,-0.280029296875,Mouth closed
1714064084.757348,0.579345703125,0.794189453125,-0.278564453125,Mouth closed
1714064084.799317,0.58056640625,0.7919921875,-0.2841796875,Mouth closed
1714064084.841481,0.573486328125,0.789306640625,-0.279541015625,Mouth closed
1714064084.877376,0.57958984375,0.792236328125,-0.2861328125,Mouth closed
1714064084.919146,0.578125,0.79052734375,-0.28466796875,Mouth closed
1714064084.95652,0.57666015625,0.79248046875,-0.28173828125,Mouth closed
1714064084.997265,0.577880859375,0.790771484375,-0.2822265625,Mouth closed
1714064085.036456,0.579833984375,0.7880859375,-0.28955078125,Mouth closed
1714064085.076545,0.575927734375,0.7890625,-0.287109375,Mouth closed
1714064085.11785,0.579345703125,0.78955078125,-0.285888671875,Mouth closed
1714064085.160771,0.57958984375,0.78564453125,-0.2861328125,Mouth closed
1714064085.198916,0.5830078125,0.789794921875,-0.2880859375,Mouth closed
1714064085.238036,0.57861328125,0.789306640625,-0.2880859375,Mouth closed
1714064085.283042,0.576904296875,0.790771484375,-0.282470703125,Mouth closed
1714064085.320657,0.578857421875,0.789306640625,-0.285888671875,Mouth closed
1714064085.360514,0.5791015625,0.7890625,-0.283203125,Mouth closed
1714064085.402476,0.57861328125,0.789794921875,-0.287109375,Mouth closed
1714064085.445277,0.58056640625,0.791748046875,-0.283447265625,Mouth closed
1714064085.479766,0.58154296875,0.788330078125,-0.286865234375,Mouth closed
1714064085.523749,0.576171875,0.786376953125,-0.28466796875,Mouth closed
1714064085.559432,0.579833984375,0.791259765625,-0.28564453125,Mouth closed
1714064085.60042,0.57958984375,0.79052734375,-0.2841796875,Mouth closed
1714064085.645215,0.5751953125,0.7880859375,-0.285400390625,Mouth closed
1714064085.68551,0.578857421875,0.792236328125,-0.288330078125,Mouth closed
1714064085.723236,0.578369140625,0.791259765625,-0.28857421875,Mouth closed
1714064085.762374,0.577880859375,0.785888671875,-0.2900390625,Mouth closed
1714064085.802113,0.58056640625,0.788330078125,-0.2900390625,Mouth closed
1714064085.844827,0.576171875,0.78759765625,-0.291015625,Mouth closed
1714064085.879532,0.583984375,0.793212890625,-0.289794921875,Mouth closed
1714064085.923932,0.576904296875,0.78857421875,-0.29150390625,Mouth closed
1714064085.95959,0.57958984375,0.789794921875,-0.28515625,Mouth closed
1714064086.001046,0.577392578125,0.793701171875,-0.287841796875,Mouth closed
1714064086.046246,0.57568359375,0.79150390625,-0.2880859375,Mouth closed
1714064086.085139,0.574951171875,0.7890625,-0.287109375,Mouth closed
1714064086.123165,0.578857421875,0.791748046875,-0.288818359375,Mouth closed
1714064086.162132,0.581298828125,0.79052734375,-0.294921875,Mouth closed
1714064086.200782,0.575439453125,0.788818359375,-0.289306640625,Mouth closed
1714064086.239502,0.580322265625,0.790771484375,-0.29541015625,Mouth closed
1714064086.279879,0.5771484375,0.78759765625,-0.293701171875,Mouth closed
1714064086.318291,0.5771484375,0.78564453125,-0.289794921875,Mouth closed
1714064086.359465,0.57861328125,0.7880859375,-0.2900390625,Mouth closed
1714064086.399732,0.58056640625,0.787353515625,-0.29296875,Mouth closed
1714064086.440578,0.57861328125,0.783935546875,-0.291015625,Mouth closed
1714064086.482711,0.58056640625,0.7880859375,-0.289306640625,Mouth closed
1714064086.519441,0.5791015625,0.7880859375,-0.293212890625,Mouth closed
1714064086.560072,0.585205078125,0.789794921875,-0.292724609375,Mouth closed
1714064086.601096,0.576904296875,0.786376953125,-0.29296875,Mouth closed
1714064086.640784,0.575927734375,0.793212890625,-0.287841796875,Mouth closed
1714064086.680717,0.581787109375,0.793212890625,-0.291259765625,Mouth closed
1714064086.7257,0.574462890625,0.78857421875,-0.287841796875,Mouth closed
1714064086.765578,0.578369140625,0.788330078125,-0.28662109375,Mouth closed
1714064086.803052,0.578857421875,0.7919921875,-0.288818359375,Mouth closed
1714064086.843831,0.58056640625,0.787841796875,-0.294921875,Mouth closed
1714064086.884128,0.57666015625,0.78662109375,-0.287109375,Mouth closed
1714064086.930046,0.58056640625,0.7880859375,-0.29345703125,Mouth closed
1714064086.96077,0.577880859375,0.7880859375,-0.289794921875,Mouth closed
1714064087.002475,0.576904296875,0.785888671875,-0.29345703125,Mouth closed
1714064087.040697,0.578369140625,0.788330078125,-0.294921875,Mouth closed
1714064087.086834,0.579345703125,0.786865234375,-0.29296875,Mouth closed
1714064087.121217,0.574462890625,0.787109375,-0.292724609375,Mouth closed
1714064087.161422,0.578125,0.78857421875,-0.294921875,Mouth closed
1714064087.201472,0.57763671875,0.785888671875,-0.293212890625,Mouth closed
1714064087.246045,0.5810546875,0.791259765625,-0.294921875,Mouth closed
1714064087.281533,0.5751953125,0.78759765625,-0.290771484375,Mouth closed
1714064087.322949,0.574951171875,0.78955078125,-0.28759765625,Mouth closed
1714064087.363106,0.579345703125,0.79052734375,-0.29541015625,Mouth closed
1714064087.413927,0.576904296875,0.789306640625,-0.289794921875,Mouth closed
1714064087.443252,0.57666015625,0.7919921875,-0.2890625,Mouth closed
1714064087.491751,0.575927734375,0.792236328125,-0.2890625,Mouth closed
1714064087.529509,0.577880859375,0.790283203125,-0.29052734375,Mouth closed
1714064087.562262,0.5751953125,0.7890625,-0.285400390625,Mouth closed
1714064087.605592,0.57861328125,0.787841796875,-0.292724609375,Mouth closed
1714064087.645428,0.58154296875,0.7880859375,-0.289794921875,Mouth closed
1714064087.683742,0.578369140625,0.786865234375,-0.28857421875,Mouth closed
1714064087.72469,0.58056640625,0.789306640625,-0.289794921875,Mouth closed
1714064087.763515,0.57763671875,0.785888671875,-0.289306640625,Mouth closed
1714064087.803871,0.57763671875,0.786376953125,-0.2890625,Mouth closed
1714064087.843244,0.577392578125,0.787353515625,-0.29296875,Mouth closed
1714064087.884667,0.574951171875,0.787841796875,-0.289306640625,Mouth closed
1714064087.923781,0.5771484375,0.79052734375,-0.290283203125,Mouth closed
1714064087.964763,0.576904296875,0.788818359375,-0.28857421875,Mouth closed
1714064088.005451,0.580078125,0.78857421875,-0.285400390625,Mouth closed
1714064088.047376,0.5810546875,0.791015625,-0.285888671875,Mouth closed
1714064088.086618,0.57958984375,0.791015625,-0.288818359375,Mouth closed
1714064088.128832,0.577392578125,0.7880859375,-0.290283203125,Mouth closed
1714064088.168676,0.57763671875,0.78759765625,-0.2900390625,Mouth closed
1714064088.20852,0.579345703125,0.786376953125,-0.2890625,Mouth closed
1714064088.247555,0.577880859375,0.786865234375,-0.29248046875,Mouth closed
1714064088.283486,0.58154296875,0.783935546875,-0.291015625,Mouth closed
1714064088.330077,0.581298828125,0.788818359375,-0.29248046875,Mouth closed
1714064088.363999,0.57763671875,0.787353515625,-0.291748046875,Mouth closed
1714064088.407583,0.578857421875,0.78369140625,-0.290771484375,Mouth closed
1714064088.452518,0.578369140625,0.78515625,-0.2900390625,Mouth closed
1714064088.483251,0.574951171875,0.787841796875,-0.2900390625,Mouth closed
1714064088.523825,0.576904296875,0.78662109375,-0.292236328125,Mouth closed
1714064088.563467,0.5771484375,0.7900390625,-0.2919921875,Mouth closed
1714064088.613131,0.578125,0.786376953125,-0.2900390625,Mouth closed
1714064088.645166,0.5849609375,0.791259765625,-0.29248046875,Mouth closed
1714064088.691038,0.57958984375,0.787109375,-0.29150390625,Mouth closed
1714064088.727436,0.579345703125,0.787841796875,-0.2861328125,Mouth closed
1714064088.770618,0.579833984375,0.78955078125,-0.291015625,Mouth closed
1714064088.806801,0.576171875,0.7861328125,-0.286865234375,Mouth closed
1714064088.858905,0.57958984375,0.78955078125,-0.287353515625,Mouth closed
1714064088.884117,0.576416015625,0.79150390625,-0.28759765625,Mouth closed
1714064088.923224,0.582763671875,0.791748046875,-0.293212890625,Mouth closed
1714064088.962984,0.5751953125,0.788330078125,-0.28759765625,Mouth closed
1714064089.010395,0.580078125,0.790283203125,-0.291015625,Mouth closed
1714064089.045343,0.57666015625,0.789306640625,-0.286376953125,Mouth closed
1714064089.084158,0.578125,0.7861328125,-0.29052734375,Mouth closed
1714064089.125104,0.5810546875,0.78955078125,-0.289306640625,Mouth closed
1714064089.16668,0.576904296875,0.788330078125,-0.289794921875,Mouth closed
1714064089.205082,0.575439453125,0.789794921875,-0.289306640625,Mouth closed
1714064089.246465,0.574951171875,0.787353515625,-0.291259765625,Mouth closed
1714064089.284784,0.577392578125,0.787841796875,-0.288330078125,Mouth closed
1714064089.32607,0.576416015625,0.786376953125,-0.287841796875,Mouth closed
1714064089.365794,0.5830078125,0.7919921875,-0.29150390625,Mouth closed
1714064089.405289,0.577392578125,0.786376953125,-0.2900390625,Mouth closed
1714064089.447536,0.5810546875,0.787353515625,-0.28662109375,Mouth closed
1714064089.492697,0.582763671875,0.78564453125,-0.289794921875,Mouth closed
1714064089.525326,0.575927734375,0.7861328125,-0.286865234375,Mouth closed
1714064089.571956,0.57470703125,0.785888671875,-0.289794921875,Mouth closed
1714064089.605139,0.5791015625,0.792236328125,-0.2880859375,Mouth closed
1714064089.645222,0.5791015625,0.7890625,-0.294677734375,Mouth closed
1714064089.688862,0.57568359375,0.788818359375,-0.28759765625,Mouth closed
1714064089.725659,0.579345703125,0.79052734375,-0.29345703125,Mouth closed
1714064089.765458,0.57666015625,0.79150390625,-0.294189453125,Mouth closed
1714064089.80685,0.575439453125,0.789306640625,-0.29052734375,Mouth closed
1714064089.847031,0.579345703125,0.789306640625,-0.2890625,Mouth closed
1714064089.886915,0.577880859375,0.785400390625,-0.289306640625,Mouth closed
1714064089.925589,0.576904296875,0.78857421875,-0.292724609375,Mouth closed
1714064089.96695,0.5751953125,0.7880859375,-0.291259765625,Mouth closed
1714064090.007361,0.57666015625,0.78857421875,-0.29150390625,Mouth closed
1714064090.046778,0.579833984375,0.789306640625,-0.2919921875,Mouth closed
1714064090.086969,0.58154296875,0.785400390625,-0.288818359375,Mouth closed
1714064090.127415,0.583251953125,0.785400390625,-0.285400390625,Mouth closed
1714064090.165358,0.588134765625,0.7861328125,-0.28759765625,Mouth closed
1714064090.211597,0.586181640625,0.783935546875,-0.287109375,Mouth closed
1714064090.244085,0.578857421875,0.7802734375,-0.28466796875,Mouth closed
1714064090.283308,0.577392578125,0.7861328125,-0.28955078125,Mouth closed
1714064090.324127,0.579833984375,0.791259765625,-0.28564453125,Mouth closed
1714064090.368097,0.57421875,0.791015625,-0.2880859375,Mouth closed
1714064090.413084,0.578125,0.79296875,-0.288818359375,Mouth closed
1714064090.444211,0.578369140625,0.797119140625,-0.2900390625,Mouth closed
1714064090.488244,0.576416015625,0.790771484375,-0.285888671875,Mouth closed
1714064090.524228,0.577392578125,0.792236328125,-0.287841796875,Mouth closed
1714064090.565734,0.57958984375,0.787109375,-0.2900390625,Mouth closed
1714064090.605604,0.57958984375,0.78369140625,-0.289794921875,Mouth closed
1714064090.646248,0.580810546875,0.787109375,-0.2919921875,Mouth closed
1714064090.686166,0.58056640625,0.78369140625,-0.294677734375,Mouth closed
1714064090.725265,0.583984375,0.786376953125,-0.296142578125,Mouth closed
1714064090.769992,0.57666015625,0.777587890625,-0.287841796875,Mouth closed
1714064090.806412,0.5810546875,0.787109375,-0.28759765625,Mouth closed
1714064090.846755,0.587158203125,0.786865234375,-0.291015625,Mouth closed
1714064090.885121,0.581298828125,0.782958984375,-0.29052734375,Mouth closed
1714064090.925965,0.580078125,0.78515625,-0.290283203125,Mouth closed
1714064090.964151,0.581298828125,0.787841796875,-0.28857421875,Mouth closed
1714064091.003817,0.580810546875,0.788330078125,-0.289794921875,Mouth closed
1714064091.044304,0.572998046875,0.787109375,-0.288818359375,Mouth closed
1714064091.090122,0.5791015625,0.793212890625,-0.286376953125,Mouth closed
1714064091.127842,0.575439453125,0.7880859375,-0.29052734375,Mouth closed
1714064091.169674,0.577392578125,0.789306640625,-0.291015625,Mouth closed
1714064091.20631,0.5810546875,0.7880859375,-0.28759765625,Mouth closed
1714064091.247674,0.579345703125,0.79052734375,-0.28759765625,Mouth closed
1714064091.285068,0.576904296875,0.7880859375,-0.289794921875,Mouth closed
1714064091.331063,0.578369140625,0.7880859375,-0.29296875,Mouth closed
1714064091.366244,0.57421875,0.78759765625,-0.299072265625,Mouth closed
1714064091.411917,0.57666015625,0.783935546875,-0.29541015625,Mouth closed
1714064091.447454,0.58056640625,0.781494140625,-0.29345703125,Mouth closed
1714064091.489158,0.58447265625,0.78173828125,-0.2861328125,Mouth closed
1714064091.524809,0.583984375,0.785400390625,-0.28955078125,Mouth closed
1714064091.566275,0.582275390625,0.782958984375,-0.287353515625,Mouth closed
1714064091.602084,0.582763671875,0.786865234375,-0.2900390625,Mouth closed
1714064091.6435,0.580322265625,0.788330078125,-0.28759765625,Mouth closed
1714064091.687818,0.580810546875,0.78515625,-0.294677734375,Mouth closed
1714064091.726381,0.578125,0.78955078125,-0.28955078125,Mouth closed
1714064091.765666,0.580810546875,0.78955078125,-0.292724609375,Mouth closed
1714064091.804713,0.578369140625,0.784912109375,-0.2880859375,Mouth closed
1714064091.844712,0.579833984375,0.7900390625,-0.28662109375,Mouth closed
1714064091.885657,0.5810546875,0.7900390625,-0.291015625,Mouth closed
1714064091.924224,0.5791015625,0.788330078125,-0.288330078125,Mouth closed
1714064091.969202,0.5771484375,0.788818359375,-0.290283203125,Mouth closed
1714064092.005554,0.580322265625,0.78662109375,-0.288818359375,Mouth closed
1714064092.045763,0.583740234375,0.79052734375,-0.292236328125,Mouth closed
1714064092.087427,0.57470703125,0.7841796875,-0.292236328125,Mouth closed
1714064092.125543,0.582275390625,0.78759765625,-0.28759765625,Mouth closed
1714064092.163792,0.5849609375,0.7861328125,-0.28662109375,Mouth closed
1714064092.205813,0.583740234375,0.786865234375,-0.287109375,Mouth closed
1714064092.244896,0.58203125,0.78662109375,-0.28564453125,Mouth closed
1714064092.290615,0.583740234375,0.786376953125,-0.28857421875,Mouth closed
1714064092.325054,0.58154296875,0.784912109375,-0.288818359375,Mouth closed
1714064092.365133,0.57763671875,0.785400390625,-0.286376953125,Mouth closed
1714064092.406238,0.580322265625,0.789306640625,-0.289306640625,Mouth closed
1714064092.449179,0.579345703125,0.789306640625,-0.290283203125,Mouth closed
1714064092.487,0.576904296875,0.786865234375,-0.2880859375,Mouth closed
1714064092.5278,0.5810546875,0.78955078125,-0.291259765625,Mouth closed
1714064092.568972,0.580078125,0.78759765625,-0.29296875,Mouth closed
1714064092.607178,0.577392578125,0.7861328125,-0.292724609375,Mouth closed
1714064092.647998,0.580322265625,0.7900390625,-0.290771484375,Mouth closed
1714064092.687276,0.57666015625,0.78662109375,-0.291015625,Mouth closed
1714064092.731284,0.58447265625,0.78955078125,-0.296142578125,Mouth closed
1714064092.767463,0.57958984375,0.783447265625,-0.292236328125,Mouth closed
1714064092.808221,0.580322265625,0.78515625,-0.286376953125,Mouth closed
1714064092.846302,0.581787109375,0.7890625,-0.289306640625,Mouth closed
1714064092.899174,0.578857421875,0.78662109375,-0.287109375,Mouth closed
1714064092.92597,0.578125,0.7880859375,-0.2890625,Mouth closed
1714064092.968215,0.577880859375,0.7890625,-0.291259765625,Mouth closed
1714064093.006016,0.5830078125,0.791748046875,-0.291015625,Mouth open
1714064093.04686,0.576171875,0.788818359375,-0.28515625,Mouth open
1714064093.090875,0.581787109375,0.789794921875,-0.290283203125,Mouth open
1714064093.131006,0.578125,0.788330078125,-0.289794921875,Mouth open
1714064093.168934,0.5771484375,0.7890625,-0.29052734375,Mouth open
1714064093.208459,0.581298828125,0.78515625,-0.288818359375,Mouth open
1714064093.248129,0.57958984375,0.786376953125,-0.29052734375,Mouth open
1714064093.290528,0.5810546875,0.785888671875,-0.29248046875,Mouth open
1714064093.330291,0.577880859375,0.78857421875,-0.29443359375,Mouth open
1714064093.368423,0.579345703125,0.787841796875,-0.291015625,Mouth open
1714064093.409011,0.580810546875,0.786376953125,-0.2900390625,Mouth open
1714064093.449055,0.579345703125,0.7890625,-0.292236328125,Mouth open
1714064093.486097,0.579833984375,0.784912109375,-0.2919921875,Mouth open
1714064093.528147,0.58203125,0.78564453125,-0.291748046875,Mouth open
1714064093.567794,0.581787109375,0.787353515625,-0.289794921875,Mouth open
1714064093.614355,0.5771484375,0.784423828125,-0.29150390625,Mouth open
1714064093.647275,0.58349609375,0.784912109375,-0.293212890625,Mouth open
1714064093.687804,0.580078125,0.7890625,-0.290283203125,Mouth open
1714064093.729077,0.58203125,0.78662109375,-0.29638671875,Mouth open
1714064093.768389,0.576904296875,0.7841796875,-0.289794921875,Mouth open
1714064093.808856,0.580810546875,0.7890625,-0.294189453125,Mouth open
1714064093.849147,0.58056640625,0.78759765625,-0.291748046875,Mouth open
1714064093.889413,0.580078125,0.786865234375,-0.2919921875,Mouth open
1714064093.928756,0.57861328125,0.78564453125,-0.295654296875,Mouth open
1714064093.969205,0.579833984375,0.785400390625,-0.2890625,Mouth open
1714064094.011961,0.578369140625,0.783935546875,-0.290771484375,Mouth open
1714064094.051796,0.581298828125,0.787353515625,-0.291748046875,Mouth open
1714064094.088711,0.578857421875,0.7880859375,-0.29443359375,Mouth open
1714064094.128829,0.57763671875,0.78955078125,-0.291748046875,Mouth open
1714064094.171635,0.57861328125,0.787109375,-0.28955078125,Mouth open
1714064094.215743,0.581787109375,0.79296875,-0.294677734375,Mouth open
1714064094.247463,0.57763671875,0.78515625,-0.294921875,Mouth open
1714064094.290032,0.579345703125,0.787841796875,-0.288818359375,Mouth open
1714064094.333241,0.58203125,0.787353515625,-0.28857421875,Mouth open
1714064094.374785,0.57861328125,0.786865234375,-0.287353515625,Mouth open
1714064094.414735,0.579345703125,0.78564453125,-0.286865234375,Mouth open
1714064094.452486,0.5830078125,0.787353515625,-0.28662109375,Mouth open
1714064094.489809,0.5810546875,0.7880859375,-0.28955078125,Mouth open
1714064094.529155,0.578125,0.784912109375,-0.287841796875,Mouth open
1714064094.570612,0.580322265625,0.788330078125,-0.29150390625,Mouth open
1714064094.61129,0.58056640625,0.787109375,-0.28955078125,Mouth open
1714064094.651866,0.576171875,0.7841796875,-0.29052734375,Mouth open
1714064094.69224,0.58203125,0.7880859375,-0.2880859375,Mouth open
1714064094.730537,0.580078125,0.787109375,-0.291748046875,Mouth open
1714064094.769004,0.578857421875,0.788330078125,-0.288818359375,Mouth open
1714064094.809259,0.578857421875,0.787353515625,-0.289306640625,Mouth open
1714064094.849814,0.577880859375,0.788330078125,-0.2919921875,Mouth open
1714064094.88953,0.581298828125,0.78515625,-0.293212890625,Mouth open
1714064094.932965,0.57958984375,0.7880859375,-0.2890625,Mouth open
1714064094.970379,0.58056640625,0.788818359375,-0.287841796875,Mouth open
1714064095.010872,0.583984375,0.79052734375,-0.290771484375,Mouth open
1714064095.050961,0.577392578125,0.78662109375,-0.291259765625,Mouth open
1714064095.091846,0.56884765625,0.787109375,-0.3046875,Mouth open
1714064095.131245,0.586669921875,0.78662109375,-0.289794921875,Mouth open
1714064095.173782,0.579833984375,0.78759765625,-0.298583984375,Mouth open
1714064095.212209,0.59619140625,0.7861328125,-0.29296875,Mouth open
1714064095.250945,0.58056640625,0.781005859375,-0.304931640625,Mouth open
1714064095.294623,0.597412109375,0.756103515625,-0.28466796875,Mouth open
1714064095.332463,0.603271484375,0.76171875,-0.283935546875,Mouth open
1714064095.377748,0.58837890625,0.755859375,-0.314208984375,Mouth open
1714064095.413499,0.584716796875,0.75390625,-0.3271484375,Mouth open
1714064095.454798,0.590087890625,0.75439453125,-0.319091796875,Mouth open
1714064095.492816,0.5947265625,0.76220703125,-0.33251953125,Mouth open
1714064095.531121,0.5849609375,0.76513671875,-0.3427734375,Mouth open
1714064095.570866,0.5771484375,0.75830078125,-0.343017578125,Mouth open
1714064095.617234,0.579833984375,0.766357421875,-0.34765625,Mouth open
1714064095.657194,0.57666015625,0.764404296875,-0.3466796875,Mouth open
1714064095.698313,0.5791015625,0.766845703125,-0.34619140625,Mouth open
1714064095.73779,0.57958984375,0.769287109375,-0.343505859375,Mouth open
1714064095.772908,0.57763671875,0.7685546875,-0.340576171875,Mouth open
1714064095.816804,0.579833984375,0.77197265625,-0.341064453125,Mouth open
1714064095.852811,0.572998046875,0.7646484375,-0.341552734375,Mouth open
1714064095.894472,0.574462890625,0.768798828125,-0.34228515625,Mouth open
1714064095.935692,0.574462890625,0.769775390625,-0.341064453125,Mouth open
1714064095.973323,0.572509765625,0.766845703125,-0.337890625,Mouth open
1714064096.01479,0.57421875,0.774169921875,-0.3349609375,Mouth open
1714064096.053537,0.570556640625,0.772705078125,-0.34033203125,Mouth open
1714064096.093253,0.575439453125,0.7763671875,-0.331787109375,Mouth open
1714064096.130908,0.575927734375,0.775146484375,-0.334716796875,Mouth open
1714064096.171985,0.57421875,0.771484375,-0.3349609375,Mouth open
1714064096.211856,0.575927734375,0.77392578125,-0.3310546875,Mouth open
1714064096.253467,0.57421875,0.7724609375,-0.336669921875,Mouth open
1714064096.292275,0.572265625,0.7724609375,-0.332275390625,Mouth open
1714064096.332159,0.575927734375,0.773681640625,-0.331787109375,Mouth open
1714064096.372842,0.573974609375,0.77197265625,-0.330322265625,Mouth open
1714064096.416246,0.574951171875,0.77294921875,-0.3349609375,Mouth open
1714064096.453225,0.574462890625,0.774658203125,-0.335693359375,Mouth open
1714064096.495106,0.570556640625,0.7734375,-0.333740234375,Mouth open
1714064096.534349,0.572509765625,0.77490234375,-0.33349609375,Mouth open
1714064096.572956,0.57177734375,0.77685546875,-0.3310546875,Mouth open
1714064096.614045,0.575927734375,0.773681640625,-0.333251953125,Mouth open
1714064096.657557,0.57275390625,0.77099609375,-0.326904296875,Mouth open
1714064096.698738,0.57373046875,0.7734375,-0.330810546875,Mouth open
1714064096.735514,0.57666015625,0.77490234375,-0.330322265625,Mouth open
1714064096.776865,0.57666015625,0.773681640625,-0.324951171875,Mouth open
1714064096.814736,0.571533203125,0.775146484375,-0.32861328125,Mouth open
1714064096.855765,0.573486328125,0.779296875,-0.328125,Mouth open
1714064096.891893,0.57470703125,0.7763671875,-0.327392578125,Mouth open
1714064096.940107,0.57470703125,0.777587890625,-0.328125,Mouth open
1714064096.972888,0.568359375,0.777099609375,-0.325927734375,Mouth open
1714064097.01617,0.574462890625,0.777099609375,-0.330810546875,Mouth open
1714064097.06162,0.572509765625,0.7744140625,-0.328125,Mouth open
1714064097.094735,0.573974609375,0.776123046875,-0.325927734375,Mouth open
1714064097.141902,0.57470703125,0.777587890625,-0.3251953125,Mouth open
1714064097.175392,0.574462890625,0.777587890625,-0.323974609375,Mouth open
1714064097.217573,0.5732421875,0.775146484375,-0.327880859375,Mouth open
1714064097.256372,0.57275390625,0.775390625,-0.327392578125,Mouth open
1714064097.295749,0.572265625,0.7763671875,-0.32568359375,Mouth open
1714064097.334839,0.572998046875,0.77880859375,-0.32470703125,Mouth open
1714064097.375258,0.5712890625,0.77783203125,-0.323486328125,Mouth open
1714064097.416525,0.578857421875,0.779296875,-0.32421875,Mouth open
1714064097.453771,0.5751953125,0.774169921875,-0.320068359375,Mouth open
1714064097.494331,0.575927734375,0.774658203125,-0.322021484375,Mouth open
1714064097.53543,0.577392578125,0.778564453125,-0.32421875,Mouth open
1714064097.577274,0.57275390625,0.7763671875,-0.3203125,Mouth open
1714064097.616253,0.572509765625,0.781005859375,-0.32177734375,Mouth open
1714064097.658086,0.57421875,0.7802734375,-0.323486328125,Mouth open
1714064097.697976,0.571044921875,0.77978515625,-0.321044921875,Mouth open
1714064097.735952,0.5712890625,0.77685546875,-0.322509765625,Mouth open
1714064097.776539,0.574462890625,0.779052734375,-0.322265625,Mouth open
1714064097.816767,0.57666015625,0.778564453125,-0.32373046875,Mouth open
1714064097.857001,0.573486328125,0.77490234375,-0.322998046875,Mouth open
1714064097.89767,0.5693359375,0.776611328125,-0.323486328125,Mouth open
1714064097.936958,0.5732421875,0.77734375,-0.322265625,Mouth open
1714064097.978368,0.57177734375,0.776611328125,-0.325439453125,Mouth open
1714064098.01706,0.572998046875,0.777587890625,-0.3232421875,Mouth open
1714064098.056799,0.573486328125,0.77783203125,-0.3212890625,Mouth open
1714064098.095738,0.577392578125,0.775634765625,-0.321533203125,Mouth open
1714064098.136587,0.572998046875,0.780517578125,-0.3203125,Mouth open
1714064098.176043,0.58203125,0.779052734375,-0.321044921875,Mouth open
1714064098.215593,0.57421875,0.7783203125,-0.315673828125,Mouth open
1714064098.255852,0.576904296875,0.779296875,-0.317626953125,Mouth open
1714064098.295876,0.57666015625,0.780029296875,-0.319091796875,Mouth open
1714064098.33775,0.57421875,0.775634765625,-0.31494140625,Mouth open
1714064098.376791,0.574462890625,0.779541015625,-0.31494140625,Mouth open
1714064098.417105,0.57763671875,0.7802734375,-0.31884765625,Mouth open
1714064098.461162,0.575439453125,0.777587890625,-0.318603515625,Mouth open
1714064098.498274,0.573974609375,0.7822265625,-0.314453125,Mouth open
1714064098.539395,0.579833984375,0.781494140625,-0.318115234375,Mouth open
1714064098.579062,0.577392578125,0.7783203125,-0.317138671875,Mouth open
1714064098.6196,0.573974609375,0.7783203125,-0.31640625,Mouth open
1714064098.657942,0.5771484375,0.779052734375,-0.3173828125,Mouth open
1714064098.698781,0.575927734375,0.7802734375,-0.3212890625,Mouth open
1714064098.737102,0.5712890625,0.7763671875,-0.319091796875,Mouth open
1714064098.779029,0.575927734375,0.77587890625,-0.3203125,Mouth open
1714064098.817823,0.57373046875,0.7783203125,-0.3193359375,Mouth open
1714064098.857343,0.573486328125,0.77880859375,-0.320556640625,Mouth open
1714064098.898449,0.57275390625,0.77685546875,-0.31689453125,Mouth open
1714064098.939081,0.574951171875,0.77734375,-0.31787109375,Mouth open
1714064098.97825,0.58154296875,0.778564453125,-0.319091796875,Mouth open
1714064099.019788,0.573974609375,0.775390625,-0.318359375,Mouth open
1714064099.059148,0.57275390625,0.776123046875,-0.3173828125,Mouth open
1714064099.100545,0.5771484375,0.7783203125,-0.318603515625,Mouth open
1714064099.14156,0.572998046875,0.781005859375,-0.320068359375,Mouth open
1714064099.182264,0.572998046875,0.779296875,-0.321044921875,Mouth open
1714064099.220467,0.57275390625,0.78076171875,-0.318359375,Mouth open
1714064099.262334,0.57421875,0.779052734375,-0.31982421875,Mouth open
1714064099.299808,0.572998046875,0.7783203125,-0.316162109375,Mouth open
1714064099.341262,0.576171875,0.77880859375,-0.32080078125,Mouth open
1714064099.381336,0.57470703125,0.779296875,-0.319580078125,Mouth open
1714064099.419368,0.57470703125,0.778076171875,-0.321533203125,Mouth open
1714064099.458812,0.57470703125,0.779052734375,-0.31884765625,Mouth open
1714064099.524766,0.57421875,0.781005859375,-0.320068359375,Mouth open
1714064099.547816,0.575439453125,0.7802734375,-0.322509765625,Mouth open
1714064099.579989,0.576171875,0.778076171875,-0.32080078125,Mouth open
1714064099.62578,0.57568359375,0.77734375,-0.318115234375,Mouth open
1714064099.659751,0.57763671875,0.779052734375,-0.315673828125,Mouth open
1714064099.705732,0.57568359375,0.77978515625,-0.319580078125,Mouth open
1714064099.743224,0.57666015625,0.77783203125,-0.316650390625,Mouth open
1714064099.780934,0.57861328125,0.780029296875,-0.3154296875,Mouth open
1714064099.828672,0.57568359375,0.781982421875,-0.317626953125,Mouth open
1714064099.861436,0.576416015625,0.778076171875,-0.3212890625,Mouth open
1714064099.904982,0.572998046875,0.77978515625,-0.31689453125,Mouth open
1714064099.942712,0.579833984375,0.7822265625,-0.318115234375,Mouth open
1714064099.981492,0.576171875,0.776611328125,-0.318603515625,Mouth open
1714064100.020841,0.574462890625,0.77490234375,-0.316650390625,Mouth open
1714064100.061507,0.5771484375,0.778076171875,-0.3173828125,Mouth open
1714064100.1006,0.577880859375,0.776611328125,-0.318603515625,Mouth open
1714064100.139704,0.5732421875,0.778564453125,-0.318603515625,Mouth open
1714064100.180389,0.576416015625,0.779296875,-0.3173828125,Mouth open
1714064100.221476,0.577880859375,0.781982421875,-0.31982421875,Mouth open
1714064100.260147,0.576416015625,0.7783203125,-0.315673828125,Mouth open
1714064100.299978,0.57763671875,0.77880859375,-0.315185546875,Mouth open
1714064100.341535,0.57763671875,0.78173828125,-0.315185546875,Mouth open
1714064100.382154,0.57421875,0.7802734375,-0.31640625,Mouth open
1714064100.421014,0.575927734375,0.777587890625,-0.31298828125,Mouth open
1714064100.462145,0.57666015625,0.77880859375,-0.3125,Mouth open
1714064100.502426,0.57568359375,0.78466796875,-0.3154296875,Mouth open
1714064100.541744,0.576904296875,0.7783203125,-0.3203125,Mouth open
1714064100.587765,0.574462890625,0.781005859375,-0.315185546875,Mouth open
1714064100.623772,0.57763671875,0.781494140625,-0.319091796875,Mouth open
1714064100.664429,0.574951171875,0.779052734375,-0.3154296875,Mouth open
1714064100.701326,0.5751953125,0.779052734375,-0.31689453125,Mouth open
1714064100.740704,0.576416015625,0.780029296875,-0.31689453125,Mouth open
1714064100.78095,0.57666015625,0.778564453125,-0.31640625,Mouth open
1714064100.824017,0.571044921875,0.7822265625,-0.315185546875,Mouth open
1714064100.859809,0.573974609375,0.780029296875,-0.318359375,Mouth open
1714064100.903339,0.572021484375,0.779541015625,-0.3173828125,Mouth open
1714064100.946038,0.576416015625,0.783447265625,-0.31689453125,Mouth open
1714064100.988326,0.572509765625,0.778564453125,-0.3134765625,Mouth open
1714064101.028237,0.574462890625,0.781494140625,-0.3125,Mouth open
1714064101.069062,0.577392578125,0.780517578125,-0.314697265625,Mouth open
1714064101.108654,0.571533203125,0.779296875,-0.315673828125,Mouth open
1714064101.142971,0.571044921875,0.782470703125,-0.315673828125,Mouth open
1714064101.184274,0.572998046875,0.782958984375,-0.311767578125,Mouth open
1714064101.22448,0.57275390625,0.783935546875,-0.3125,Mouth open
1714064101.262236,0.573486328125,0.777587890625,-0.317626953125,Mouth open
1714064101.301849,0.575439453125,0.77978515625,-0.31787109375,Mouth open
1714064101.340712,0.57470703125,0.781494140625,-0.318603515625,Mouth open
1714064101.388693,0.5751953125,0.77783203125,-0.315185546875,Mouth open
1714064101.427991,0.573974609375,0.780517578125,-0.3134765625,Mouth open
1714064101.465151,0.5751953125,0.7802734375,-0.318603515625,Mouth open
1714064101.502827,0.57177734375,0.781005859375,-0.319580078125,Mouth open
1714064101.542213,0.572998046875,0.779296875,-0.318359375,Mouth open
1714064101.581307,0.57177734375,0.781982421875,-0.31689453125,Mouth open
1714064101.622095,0.57470703125,0.780029296875,-0.318359375,Mouth open
1714064101.661905,0.572998046875,0.783203125,-0.316162109375,Mouth open
1714064101.706038,0.576171875,0.78125,-0.3134765625,Mouth open
1714064101.742832,0.578857421875,0.778564453125,-0.314208984375,Mouth open
1714064101.783717,0.5771484375,0.7802734375,-0.313720703125,Mouth open
1714064101.822987,0.577880859375,0.777587890625,-0.314453125,Mouth open
1714064101.86381,0.57421875,0.778564453125,-0.3125,Mouth open
1714064101.902686,0.572021484375,0.77978515625,-0.31494140625,Mouth open
1714064101.947697,0.57568359375,0.783935546875,-0.313232421875,Mouth open
1714064101.985705,0.57568359375,0.782470703125,-0.318115234375,Mouth open
1714064102.022391,0.5712890625,0.780029296875,-0.309814453125,Mouth open
1714064102.062292,0.579345703125,0.7841796875,-0.31396484375,Mouth open
1714064102.104098,0.575927734375,0.779541015625,-0.312255859375,Mouth open
1714064102.147335,0.57568359375,0.7802734375,-0.311767578125,Mouth open
1714064102.182034,0.576904296875,0.782470703125,-0.314697265625,Mouth open
1714064102.228666,0.573486328125,0.781982421875,-0.313720703125,Mouth open
1714064102.263097,0.572509765625,0.78271484375,-0.31640625,Mouth open
1714064102.306948,0.571533203125,0.7822265625,-0.32177734375,Mouth open
1714064102.34272,0.57080078125,0.77685546875,-0.31884765625,Mouth open
1714064102.386327,0.57666015625,0.78369140625,-0.316650390625,Mouth open
1714064102.422714,0.573974609375,0.775390625,-0.310302734375,Mouth open
1714064102.469779,0.57666015625,0.781005859375,-0.31396484375,Mouth open
1714064102.506928,0.5830078125,0.779052734375,-0.314453125,Mouth open
1714064102.545776,0.5771484375,0.774658203125,-0.313720703125,Mouth open
1714064102.584157,0.575927734375,0.777099609375,-0.311767578125,Mouth open
1714064102.623749,0.577880859375,0.7802734375,-0.310302734375,Mouth open
1714064102.662803,0.5732421875,0.782470703125,-0.311767578125,Mouth open
1714064102.703326,0.572998046875,0.7822265625,-0.31298828125,Mouth open
1714064102.749039,0.57666015625,0.782958984375,-0.3173828125,Mouth open
1714064102.787208,0.57275390625,0.781494140625,-0.31298828125,Mouth open
1714064102.825786,0.571533203125,0.782958984375,-0.313232421875,Mouth open
1714064102.863634,0.572998046875,0.784423828125,-0.3115234375,Mouth open
1714064102.903119,0.5712890625,0.781005859375,-0.313232421875,Mouth open
1714064102.944318,0.57275390625,0.77783203125,-0.315185546875,Mouth open
1714064102.983741,0.574951171875,0.77783203125,-0.31591796875,Mouth open
1714064103.023606,0.575927734375,0.77978515625,-0.3154296875,Mouth open
1714064103.064618,0.573486328125,0.777099609375,-0.31494140625,Mouth open
1714064103.104788,0.577880859375,0.781005859375,-0.317626953125,Mouth open
1714064103.144926,0.578369140625,0.775146484375,-0.314208984375,Mouth open
1714064103.186284,0.57470703125,0.78125,-0.310302734375,Mouth open
1714064103.224703,0.575927734375,0.781005859375,-0.3154296875,Mouth open
1714064103.266885,0.57373046875,0.77685546875,-0.310791015625,Mouth open
1714064103.303785,0.57373046875,0.781982421875,-0.309814453125,Mouth open
1714064103.345106,0.5751953125,0.7861328125,-0.31298828125,Mouth open
1714064103.382364,0.57373046875,0.783203125,-0.31494140625,Mouth open
1714064103.423348,0.569091796875,0.7822265625,-0.309814453125,Mouth open
1714064103.462766,0.576904296875,0.78662109375,-0.317138671875,Mouth open
1714064103.503942,0.573486328125,0.783935546875,-0.312744140625,Mouth open
1714064103.549194,0.57373046875,0.78271484375,-0.3134765625,Mouth open
1714064103.585169,0.573486328125,0.786376953125,-0.3125,Mouth open
1714064103.626018,0.573974609375,0.783447265625,-0.31005859375,Mouth open
1714064103.66573,0.5712890625,0.77978515625,-0.313720703125,Mouth open
1714064103.712338,0.573486328125,0.779052734375,-0.313720703125,Mouth open
1714064103.745356,0.57470703125,0.77978515625,-0.310546875,Mouth open
1714064103.787543,0.5732421875,0.78515625,-0.3115234375,Mouth open
1714064103.832647,0.57666015625,0.78125,-0.3125,Mouth open
1714064103.871668,0.575439453125,0.781982421875,-0.31005859375,Mouth open
1714064103.910923,0.573974609375,0.785888671875,-0.310302734375,Mouth open
1714064103.951073,0.577880859375,0.784423828125,-0.31005859375,Mouth open
1714064103.983761,0.574951171875,0.780517578125,-0.309326171875,Mouth open
1714064104.022754,0.5732421875,0.77978515625,-0.309326171875,Mouth open
1714064104.063205,0.574462890625,0.781982421875,-0.310546875,Mouth open
1714064104.109492,0.5771484375,0.780517578125,-0.315185546875,Mouth open
1714064104.142548,0.5732421875,0.78076171875,-0.306396484375,Mouth open
1714064104.186089,0.57666015625,0.783935546875,-0.31640625,Mouth open
1714064104.227899,0.574951171875,0.7802734375,-0.31298828125,Mouth open
1714064104.267246,0.572021484375,0.779296875,-0.310546875,Mouth open
1714064104.304886,0.57470703125,0.783203125,-0.310546875,Mouth open
1714064104.344608,0.57470703125,0.78076171875,-0.31005859375,Mouth open
1714064104.387449,0.57666015625,0.784912109375,-0.307861328125,Mouth open
1714064104.426875,0.57958984375,0.7841796875,-0.30615234375,Mouth open
1714064104.467787,0.57666015625,0.784912109375,-0.30615234375,Mouth open
1714064104.507061,0.5771484375,0.78759765625,-0.31298828125,Mouth open
1714064104.544915,0.571044921875,0.780029296875,-0.313720703125,Mouth open
1714064104.585035,0.57080078125,0.780517578125,-0.318359375,Mouth open
1714064104.623825,0.568603515625,0.782470703125,-0.32177734375,Mouth open
1714064104.664073,0.571533203125,0.78076171875,-0.3173828125,Mouth open
1714064104.703097,0.570068359375,0.781494140625,-0.32080078125,Mouth open
1714064104.743789,0.576416015625,0.7822265625,-0.316162109375,Mouth open
1714064104.783872,0.576171875,0.779052734375,-0.31396484375,Mouth open
1714064104.827314,0.573486328125,0.7783203125,-0.3173828125,Mouth open
1714064104.864557,0.57373046875,0.77880859375,-0.31689453125,Mouth open
1714064104.904646,0.57373046875,0.781005859375,-0.31689453125,Mouth open
1714064104.94654,0.5703125,0.781982421875,-0.31640625,Mouth open
1714064104.986532,0.571044921875,0.782470703125,-0.313720703125,Mouth open
1714064105.02552,0.5712890625,0.78369140625,-0.315185546875,Mouth open
1714064105.06953,0.567138671875,0.784423828125,-0.315185546875,Mouth open
1714064105.109149,0.572509765625,0.782470703125,-0.313720703125,Mouth open
1714064105.146135,0.57568359375,0.78271484375,-0.30908203125,Mouth open
1714064105.186541,0.57373046875,0.78369140625,-0.3134765625,Mouth open
1714064105.227512,0.57958984375,0.78515625,-0.31298828125,Mouth open
1714064105.278281,0.57421875,0.779052734375,-0.306884765625,Mouth open
1714064105.307013,0.575927734375,0.783447265625,-0.30810546875,Mouth open
1714064105.342793,0.578125,0.783935546875,-0.312744140625,Mouth open
1714064105.383592,0.5771484375,0.782470703125,-0.31005859375,Mouth open
1714064105.428561,0.5771484375,0.7802734375,-0.30908203125,Mouth open
1714064105.466225,0.57666015625,0.78271484375,-0.31103515625,Mouth open
1714064105.508535,0.573974609375,0.7822265625,-0.306396484375,Mouth open
1714064105.545159,0.5712890625,0.78271484375,-0.30810546875,Mouth open
1714064105.584971,0.572998046875,0.78759765625,-0.312744140625,Mouth open
1714064105.627773,0.5732421875,0.78515625,-0.313232421875,Mouth open
1714064105.676253,0.57080078125,0.782470703125,-0.3134765625,Mouth open
1714064105.71394,0.57275390625,0.78125,-0.31201171875,Mouth open
1714064105.753167,0.5712890625,0.781982421875,-0.3154296875,Mouth open
1714064105.791158,0.572509765625,0.77978515625,-0.314208984375,Mouth open
1714064105.83028,0.5712890625,0.77978515625,-0.31396484375,Mouth open
1714064105.868217,0.573486328125,0.784423828125,-0.31396484375,Mouth open
1714064105.905674,0.573974609375,0.781982421875,-0.311767578125,Mouth open
1714064105.944768,0.5810546875,0.785888671875,-0.311767578125,Mouth open
1714064105.985417,0.57275390625,0.77880859375,-0.30908203125,Mouth open
1714064106.025428,0.578125,0.781005859375,-0.30859375,Mouth open
1714064106.065652,0.577880859375,0.78076171875,-0.3125,Mouth open
1714064106.105381,0.577880859375,0.782470703125,-0.305908203125,Mouth open
1714064106.14537,0.575927734375,0.779296875,-0.306884765625,Mouth open
1714064106.185966,0.578857421875,0.7841796875,-0.306884765625,Mouth open
1714064106.226884,0.5771484375,0.781005859375,-0.311767578125,Mouth open
1714064106.268118,0.572265625,0.782470703125,-0.309326171875,Mouth open
1714064106.306844,0.577880859375,0.78369140625,-0.31298828125,Mouth open
1714064106.346396,0.571533203125,0.7841796875,-0.309814453125,Mouth open
1714064106.386617,0.5732421875,0.783935546875,-0.309814453125,Mouth open
1714064106.431649,0.5751953125,0.783447265625,-0.311279296875,Mouth open
1714064106.469493,0.572998046875,0.781494140625,-0.314697265625,Mouth open
1714064106.509321,0.57177734375,0.77880859375,-0.3115234375,Mouth open
1714064106.547404,0.572998046875,0.783447265625,-0.312744140625,Mouth open
1714064106.589819,0.57373046875,0.783935546875,-0.312744140625,Mouth open
1714064106.627223,0.57568359375,0.78271484375,-0.3154296875,Mouth open
1714064106.663432,0.572998046875,0.777099609375,-0.310791015625,Mouth open
1714064106.704485,0.576904296875,0.78076171875,-0.3125,Mouth open
1714064106.744921,0.580810546875,0.781494140625,-0.314697265625,Mouth open
1714064106.785884,0.57666015625,0.78173828125,-0.307861328125,Mouth open
1714064106.831272,0.574462890625,0.780517578125,-0.3076171875,Mouth open
1714064106.868343,0.576904296875,0.782470703125,-0.31201171875,Mouth open
1714064106.907814,0.57861328125,0.78076171875,-0.3125,Mouth open
1714064106.945421,0.571044921875,0.781494140625,-0.30859375,Mouth open
1714064106.999242,0.576904296875,0.78369140625,-0.3125,Mouth open
1714064107.029031,0.572265625,0.781982421875,-0.311767578125,Mouth open
1714064107.071092,0.572021484375,0.78173828125,-0.3095703125,Mouth open
1714064107.106369,0.574462890625,0.784423828125,-0.313232421875,Mouth open
1714064107.150688,0.5732421875,0.783203125,-0.315185546875,Mouth open
1714064107.1917,0.57275390625,0.7822265625,-0.314453125,Mouth open
1714064107.225556,0.572998046875,0.78369140625,-0.31103515625,Mouth open
1714064107.269642,0.57568359375,0.7822265625,-0.3134765625,Mouth open
1714064107.304979,0.574462890625,0.78076171875,-0.311767578125,Mouth open
1714064107.346051,0.577392578125,0.786376953125,-0.314208984375,Mouth open
1714064107.38565,0.5751953125,0.78125,-0.31201171875,Mouth open
1714064107.425787,0.575439453125,0.78173828125,-0.30859375,Mouth open
1714064107.466953,0.57763671875,0.7841796875,-0.31298828125,Mouth open
1714064107.506574,0.572998046875,0.77978515625,-0.308349609375,Mouth open
1714064107.545629,0.572265625,0.781982421875,-0.308349609375,Mouth open
1714064107.588575,0.574462890625,0.783935546875,-0.310546875,Mouth open
1714064107.629363,0.577392578125,0.78515625,-0.314453125,Mouth open
1714064107.6665,0.56982421875,0.78271484375,-0.307373046875,Mouth open
1714064107.709504,0.575927734375,0.784423828125,-0.313232421875,Mouth open
1714064107.747749,0.57421875,0.783203125,-0.310302734375,Mouth open
1714064107.788885,0.5732421875,0.78076171875,-0.313232421875,Mouth open
1714064107.826394,0.57568359375,0.781005859375,-0.313232421875,Mouth open
1714064107.868979,0.5732421875,0.783935546875,-0.31396484375,Mouth open
1714064107.906795,0.5732421875,0.781982421875,-0.313232421875,Mouth open
1714064107.946821,0.572998046875,0.781005859375,-0.316650390625,Mouth open
1714064107.985753,0.573486328125,0.78076171875,-0.317626953125,Mouth open
1714064108.026849,0.572998046875,0.78515625,-0.3134765625,Mouth closed
1714064108.067085,0.573974609375,0.784423828125,-0.311279296875,Mouth closed
1714064108.106354,0.573486328125,0.783935546875,-0.31103515625,Mouth closed
1714064108.147533,0.576416015625,0.78125,-0.312744140625,Mouth closed
1714064108.188428,0.576171875,0.783203125,-0.310302734375,Mouth closed
1714064108.227411,0.57666015625,0.782470703125,-0.313720703125,Mouth closed
1714064108.267624,0.5712890625,0.783935546875,-0.31201171875,Mouth closed
1714064108.308261,0.571044921875,0.785400390625,-0.3115234375,Mouth closed
1714064108.350711,0.57177734375,0.78662109375,-0.314208984375,Mouth closed
1714064108.390762,0.572509765625,0.78369140625,-0.319580078125,Mouth closed
1714064108.436142,0.56982421875,0.78173828125,-0.310546875,Mouth closed
1714064108.476524,0.57470703125,0.7841796875,-0.314453125,Mouth closed
1714064108.507397,0.572509765625,0.78173828125,-0.315673828125,Mouth closed
1714064108.545767,0.57275390625,0.78173828125,-0.310546875,Mouth closed
1714064108.586315,0.575439453125,0.783203125,-0.315185546875,Mouth closed
1714064108.628348,0.57568359375,0.783935546875,-0.31396484375,Mouth closed
1714064108.666381,0.572998046875,0.783935546875,-0.3134765625,Mouth closed
1714064108.709297,0.57421875,0.784423828125,-0.3154296875,Mouth closed
1714064108.747804,0.5703125,0.78173828125,-0.31396484375,Mouth closed
1714064108.790456,0.573486328125,0.78271484375,-0.3125,Mouth closed
1714064108.827633,0.57275390625,0.782470703125,-0.3125,Mouth closed
1714064108.867709,0.571044921875,0.783447265625,-0.3125,Mouth closed
1714064108.915893,0.57421875,0.783447265625,-0.31201171875,Mouth closed
1714064108.94993,0.57470703125,0.785888671875,-0.30859375,Mouth closed
1714064108.992649,0.573974609375,0.7802734375,-0.311279296875,Mouth closed
1714064109.031417,0.572998046875,0.77880859375,-0.307373046875,Mouth closed
1714064109.073183,0.572509765625,0.785888671875,-0.311767578125,Mouth closed
1714064109.111728,0.574951171875,0.78662109375,-0.31298828125,Mouth closed
1714064109.154272,0.57470703125,0.78369140625,-0.3154296875,Mouth closed
1714064109.187523,0.57373046875,0.783447265625,-0.310302734375,Mouth closed
1714064109.227516,0.57666015625,0.783935546875,-0.313232421875,Mouth closed
1714064109.270295,0.572998046875,0.781494140625,-0.3125,Mouth closed
1714064109.309046,0.5751953125,0.779296875,-0.3173828125,Mouth closed
1714064109.350267,0.5732421875,0.7822265625,-0.315673828125,Mouth closed
1714064109.388422,0.572998046875,0.78076171875,-0.3125,Mouth closed
1714064109.428779,0.572998046875,0.78125,-0.315673828125,Mouth closed
1714064109.470107,0.5693359375,0.783447265625,-0.314697265625,Mouth closed
1714064109.511355,0.57568359375,0.786376953125,-0.314208984375,Mouth closed
1714064109.550463,0.5732421875,0.781982421875,-0.31103515625,Mouth closed
1714064109.590595,0.578857421875,0.786376953125,-0.314697265625,Mouth closed
1714064109.631524,0.573974609375,0.779296875,-0.311279296875,Mouth closed
1714064109.671002,0.576171875,0.783447265625,-0.308349609375,Mouth closed
1714064109.710751,0.577880859375,0.7822265625,-0.30908203125,Mouth closed
1714064109.750982,0.572509765625,0.784423828125,-0.308349609375,Mouth closed
1714064109.790232,0.5751953125,0.78125,-0.31103515625,Mouth closed
1714064109.829257,0.575927734375,0.7841796875,-0.30908203125,Mouth closed
1714064109.866541,0.575927734375,0.781494140625,-0.308837890625,Mouth closed
1714064109.910078,0.5732421875,0.780517578125,-0.310791015625,Mouth closed
1714064109.947528,0.575439453125,0.78466796875,-0.311767578125,Mouth closed
1714064109.989239,0.573974609375,0.7841796875,-0.3115234375,Mouth closed
1714064110.028501,0.570068359375,0.78125,-0.310791015625,Mouth closed
1714064110.069104,0.5732421875,0.78125,-0.314208984375,Mouth closed
1714064110.109731,0.5732421875,0.784912109375,-0.31494140625,Mouth closed
1714064110.150079,0.57275390625,0.78173828125,-0.31396484375,Mouth closed
1714064110.188353,0.567138671875,0.781494140625,-0.31640625,Mouth closed
1714064110.232719,0.571533203125,0.78271484375,-0.313232421875,Mouth closed
1714064110.273044,0.57421875,0.7802734375,-0.31396484375,Mouth closed
1714064110.309892,0.5810546875,0.775390625,-0.310791015625,Mouth closed
1714064110.350367,0.570068359375,0.78369140625,-0.3125,Mouth closed
1714064110.390109,0.573486328125,0.7919921875,-0.320068359375,Mouth closed
1714064110.439763,0.569580078125,0.786376953125,-0.3125,Mouth closed
1714064110.469769,0.576416015625,0.779052734375,-0.301025390625,Mouth closed
1714064110.507584,0.5712890625,0.784912109375,-0.306640625,Mouth closed
1714064110.55068,0.5732421875,0.790283203125,-0.30908203125,Mouth closed
1714064110.590678,0.57763671875,0.790771484375,-0.308837890625,Mouth closed
1714064110.628562,0.56689453125,0.781494140625,-0.305419921875,Mouth closed
1714064110.678716,0.574951171875,0.79052734375,-0.3076171875,Mouth closed
1714064110.709397,0.57080078125,0.787353515625,-0.2958984375,Mouth closed
1714064110.757963,0.574951171875,0.78857421875,-0.30224609375,Mouth closed
1714064110.795276,0.574462890625,0.78857421875,-0.30078125,Mouth closed
1714064110.83635,0.572265625,0.787109375,-0.302490234375,Mouth closed
1714064110.875623,0.572265625,0.787109375,-0.302734375,Mouth closed
1714064110.916584,0.573486328125,0.788818359375,-0.302490234375,Mouth closed
1714064110.95251,0.572509765625,0.78857421875,-0.302734375,Mouth closed
1714064110.991595,0.5751953125,0.790283203125,-0.303955078125,Mouth closed
1714064111.031868,0.573486328125,0.78564453125,-0.303466796875,Mouth closed
1714064111.072191,0.56982421875,0.788818359375,-0.302001953125,Mouth closed
1714064111.110237,0.57470703125,0.78759765625,-0.30615234375,Mouth closed
1714064111.149499,0.5732421875,0.788330078125,-0.303466796875,Mouth closed
1714064111.188732,0.56884765625,0.785888671875,-0.305419921875,Mouth closed
1714064111.229626,0.568115234375,0.7880859375,-0.306884765625,Mouth closed
1714064111.270751,0.5712890625,0.787109375,-0.311279296875,Mouth closed
1714064111.310944,0.564208984375,0.78662109375,-0.3037109375,Mouth closed
1714064111.351018,0.571044921875,0.789794921875,-0.30908203125,Mouth closed
1714064111.3913,0.56982421875,0.791259765625,-0.30810546875,Mouth closed
1714064111.431587,0.56884765625,0.78515625,-0.306640625,Mouth closed
1714064111.475321,0.571533203125,0.78466796875,-0.3056640625,Mouth closed
1714064111.515417,0.5712890625,0.7880859375,-0.305908203125,Mouth closed
1714064111.552505,0.56982421875,0.7861328125,-0.307861328125,Mouth closed
1714064111.592203,0.571533203125,0.791259765625,-0.307373046875,Mouth closed
1714064111.632347,0.56982421875,0.788818359375,-0.304931640625,Mouth closed
1714064111.676089,0.577392578125,0.78857421875,-0.30859375,Mouth closed
1714064111.711263,0.5712890625,0.78466796875,-0.308837890625,Mouth closed
1714064111.759681,0.572021484375,0.787841796875,-0.300537109375,Mouth closed
1714064111.793146,0.5712890625,0.79248046875,-0.306396484375,Mouth closed
1714064111.833129,0.569091796875,0.785400390625,-0.3037109375,Mouth closed
1714064111.871368,0.56884765625,0.785888671875,-0.304443359375,Mouth closed
1714064111.911367,0.570556640625,0.791259765625,-0.30419921875,Mouth closed
1714064111.950255,0.57275390625,0.790283203125,-0.306396484375,Mouth closed
1714064111.996605,0.568359375,0.785400390625,-0.302001953125,Mouth closed
1714064112.03165,0.572509765625,0.7890625,-0.307373046875,Mouth closed
1714064112.079454,0.574462890625,0.792236328125,-0.301513671875,Mouth closed
1714064112.118387,0.570556640625,0.7900390625,-0.30029296875,Mouth closed
1714064112.160349,0.572998046875,0.788330078125,-0.303466796875,Mouth closed
1714064112.196935,0.572265625,0.786376953125,-0.306884765625,Mouth closed
1714064112.235783,0.56591796875,0.784912109375,-0.3125,Mouth closed
1714064112.273423,0.565673828125,0.78759765625,-0.311767578125,Mouth closed
1714064112.313959,0.56298828125,0.786376953125,-0.315673828125,Mouth closed
1714064112.354493,0.566162109375,0.792236328125,-0.31494140625,Mouth closed
1714064112.395186,0.5654296875,0.787353515625,-0.310791015625,Mouth closed
1714064112.431183,0.568115234375,0.786376953125,-0.305908203125,Mouth closed
1714064112.471881,0.572998046875,0.790283203125,-0.30712890625,Mouth closed
1714064112.510771,0.571044921875,0.786376953125,-0.307861328125,Mouth closed
1714064112.553105,0.5703125,0.7841796875,-0.302734375,Mouth closed
1714064112.591447,0.569580078125,0.7890625,-0.3046875,Mouth closed
1714064112.63585,0.568115234375,0.7900390625,-0.3056640625,Mouth closed
1714064112.673362,0.56396484375,0.789306640625,-0.303466796875,Mouth closed
1714064112.713026,0.569091796875,0.79052734375,-0.30126953125,Mouth closed
1714064112.758397,0.57177734375,0.78662109375,-0.30419921875,Mouth closed
1714064112.795557,0.568359375,0.78564453125,-0.29638671875,Mouth closed
1714064112.835336,0.57275390625,0.791259765625,-0.295654296875,Mouth closed
1714064112.875209,0.5751953125,0.790771484375,-0.296875,Mouth closed
1714064112.919481,0.573974609375,0.78955078125,-0.300537109375,Mouth closed
1714064112.954661,0.575927734375,0.789794921875,-0.294677734375,Mouth closed
1714064112.999508,0.5751953125,0.790283203125,-0.2998046875,Mouth closed
1714064113.033493,0.57080078125,0.7861328125,-0.30712890625,Mouth closed
1714064113.077196,0.571044921875,0.7861328125,-0.3125,Mouth closed
1714064113.112516,0.5654296875,0.7861328125,-0.31494140625,Mouth closed
1714064113.151555,0.56298828125,0.789306640625,-0.3154296875,Mouth closed
1714064113.195429,0.5625,0.789794921875,-0.319580078125,Mouth closed
1714064113.235469,0.565673828125,0.7900390625,-0.310546875,Mouth closed
1714064113.272727,0.5673828125,0.791015625,-0.306884765625,Mouth closed
1714064113.325293,0.5673828125,0.7900390625,-0.3076171875,Mouth closed
1714064113.352806,0.574462890625,0.784912109375,-0.309814453125,Mouth closed
1714064113.397958,0.569091796875,0.78662109375,-0.298095703125,Mouth closed
1714064113.441212,0.57666015625,0.788818359375,-0.3017578125,Mouth closed
1714064113.474094,0.56982421875,0.788818359375,-0.3017578125,Mouth closed
1714064113.515146,0.569091796875,0.79052734375,-0.304443359375,Mouth closed
1714064113.554553,0.568603515625,0.7900390625,-0.305908203125,Mouth closed
1714064113.594531,0.56787109375,0.785400390625,-0.310302734375,Mouth closed
1714064113.636844,0.561279296875,0.782470703125,-0.314208984375,Mouth closed
1714064113.674278,0.564697265625,0.786376953125,-0.31689453125,Mouth closed
1714064113.713135,0.559326171875,0.790283203125,-0.31884765625,Mouth closed
1714064113.75508,0.564453125,0.7880859375,-0.320556640625,Mouth closed
1714064113.794776,0.566650390625,0.787841796875,-0.30859375,Mouth closed
1714064113.832138,0.576171875,0.793701171875,-0.302734375,Mouth closed
1714064113.875264,0.57568359375,0.790771484375,-0.302734375,Mouth closed
1714064113.914662,0.57421875,0.784912109375,-0.301513671875,Mouth closed
1714064113.957548,0.57177734375,0.786376953125,-0.3046875,Mouth closed
1714064113.99994,0.566650390625,0.791259765625,-0.307373046875,Mouth closed
1714064114.034405,0.5634765625,0.784423828125,-0.3193359375,Mouth closed
1714064114.079468,0.557861328125,0.7880859375,-0.3212890625,Mouth closed
1714064114.117035,0.55615234375,0.790283203125,-0.3232421875,Mouth closed
1714064114.157185,0.555419921875,0.79150390625,-0.317626953125,Mouth closed
1714064114.196943,0.5625,0.7919921875,-0.316650390625,Mouth closed
1714064114.244698,0.57080078125,0.794921875,-0.31103515625,Mouth closed
1714064114.275394,0.571533203125,0.788818359375,-0.311767578125,Mouth closed
1714064114.319262,0.571533203125,0.78466796875,-0.309814453125,Mouth closed
1714064114.361803,0.5673828125,0.779541015625,-0.317626953125,Mouth closed
1714064114.398584,0.566650390625,0.781005859375,-0.31591796875,Mouth closed
1714064114.434682,0.56005859375,0.785888671875,-0.315673828125,Mouth closed
1714064114.474918,0.562744140625,0.790283203125,-0.319091796875,Mouth closed
1714064114.515009,0.56689453125,0.79296875,-0.31591796875,Mouth closed
1714064114.565757,0.563232421875,0.785888671875,-0.3076171875,Mouth closed
1714064114.594292,0.5703125,0.790283203125,-0.301513671875,Mouth closed
1714064114.637666,0.574951171875,0.79150390625,-0.299072265625,Mouth closed
1714064114.680918,0.57666015625,0.792236328125,-0.301513671875,Mouth closed
1714064114.714781,0.569091796875,0.788330078125,-0.296630859375,Mouth closed
1714064114.757941,0.575439453125,0.79150390625,-0.300048828125,Mouth closed
1714064114.797423,0.57373046875,0.791015625,-0.298095703125,Mouth closed
1714064114.836192,0.57275390625,0.78662109375,-0.2998046875,Mouth closed
1714064114.880105,0.57421875,0.784912109375,-0.305419921875,Mouth closed
1714064114.916259,0.572265625,0.78271484375,-0.302734375,Mouth closed
1714064114.957079,0.572998046875,0.787109375,-0.301513671875,Mouth closed
1714064114.998296,0.57177734375,0.786865234375,-0.3017578125,Mouth closed
1714064115.037711,0.57275390625,0.789794921875,-0.300048828125,Mouth closed
1714064115.075561,0.572265625,0.788330078125,-0.29638671875,Mouth closed
1714064115.116458,0.572021484375,0.78515625,-0.294921875,Mouth closed
1714064115.156494,0.57421875,0.78759765625,-0.294677734375,Mouth closed
1714064115.197113,0.574951171875,0.79150390625,-0.29638671875,Mouth closed
1714064115.236401,0.574951171875,0.79345703125,-0.2958984375,Mouth closed
1714064115.277881,0.577392578125,0.7939453125,-0.293212890625,Mouth closed
1714064115.317433,0.578857421875,0.79345703125,-0.28955078125,Mouth closed
1714064115.360263,0.583251953125,0.78857421875,-0.2958984375,Mouth closed
1714064115.399452,0.577880859375,0.783447265625,-0.2998046875,Mouth closed
1714064115.438169,0.583251953125,0.779296875,-0.31005859375,Mouth closed
1714064115.477044,0.575439453125,0.779296875,-0.30908203125,Mouth closed
1714064115.518691,0.573974609375,0.778564453125,-0.305419921875,Mouth closed
1714064115.56316,0.5751953125,0.783203125,-0.302490234375,Mouth closed
1714064115.604204,0.572509765625,0.77978515625,-0.30810546875,Mouth closed
1714064115.639185,0.57373046875,0.78369140625,-0.3076171875,Mouth closed
1714064115.678635,0.568603515625,0.78515625,-0.307373046875,Mouth closed
1714064115.718426,0.575439453125,0.785888671875,-0.30517578125,Mouth closed
1714064115.759016,0.57421875,0.785400390625,-0.30615234375,Mouth closed
1714064115.804707,0.573486328125,0.78759765625,-0.299072265625,Mouth closed
1714064115.837196,0.57568359375,0.7890625,-0.299560546875,Mouth closed
1714064115.879199,0.574462890625,0.7841796875,-0.29541015625,Mouth closed
1714064115.923359,0.580078125,0.789306640625,-0.29541015625,Mouth closed
1714064115.961821,0.58203125,0.787841796875,-0.29248046875,Mouth closed
1714064115.999044,0.584228515625,0.788330078125,-0.29345703125,Mouth closed
1714064116.038933,0.58251953125,0.783203125,-0.287353515625,Mouth closed
1714064116.079164,0.58642578125,0.7861328125,-0.292236328125,Mouth closed
1714064116.120741,0.585693359375,0.779541015625,-0.288818359375,Mouth closed
1714064116.160676,0.582763671875,0.779296875,-0.285888671875,Mouth closed
1714064116.205077,0.584716796875,0.784912109375,-0.28857421875,Mouth closed
1714064116.245988,0.585205078125,0.781005859375,-0.28955078125,Mouth closed
1714064116.287224,0.5810546875,0.78271484375,-0.285888671875,Mouth closed
1714064116.32556,0.584716796875,0.78955078125,-0.28466796875,Mouth closed
1714064116.363613,0.58203125,0.7841796875,-0.284423828125,Mouth closed
1714064116.402574,0.580322265625,0.7880859375,-0.284423828125,Mouth closed
1714064116.441457,0.58349609375,0.785888671875,-0.28662109375,Mouth closed
1714064116.478373,0.58740234375,0.78857421875,-0.287841796875,Mouth closed
1714064116.518239,0.583251953125,0.784912109375,-0.287109375,Mouth closed
1714064116.558125,0.58154296875,0.78466796875,-0.288818359375,Mouth closed
1714064116.599584,0.580810546875,0.785400390625,-0.290283203125,Mouth closed
1714064116.63992,0.580810546875,0.78857421875,-0.290283203125,Mouth closed
1714064116.68098,0.5810546875,0.783935546875,-0.297119140625,Mouth closed
1714064116.721528,0.57763671875,0.783203125,-0.293212890625,Mouth closed
1714064116.760006,0.578125,0.784912109375,-0.2978515625,Mouth closed
1714064116.799214,0.578369140625,0.78466796875,-0.297119140625,Mouth closed
1714064116.840324,0.576171875,0.783447265625,-0.298095703125,Mouth closed
1714064116.880084,0.577392578125,0.782958984375,-0.302734375,Mouth closed
1714064116.924116,0.57666015625,0.783447265625,-0.304931640625,Mouth closed
1714064116.960291,0.579833984375,0.784423828125,-0.302001953125,Mouth closed
1714064117.005458,0.57861328125,0.785400390625,-0.298583984375,Mouth closed
1714064117.038304,0.576416015625,0.78466796875,-0.298828125,Mouth closed
1714064117.078132,0.5810546875,0.78466796875,-0.29736328125,Mouth closed
1714064117.118365,0.5791015625,0.78369140625,-0.298828125,Mouth closed
1714064117.159651,0.582763671875,0.784912109375,-0.295166015625,Mouth closed
1714064117.199024,0.583251953125,0.781494140625,-0.295166015625,Mouth closed
1714064117.255491,0.58251953125,0.78369140625,-0.296630859375,Mouth closed
1714064117.284887,0.579345703125,0.7822265625,-0.294189453125,Mouth closed
1714064117.321967,0.58447265625,0.786376953125,-0.298095703125,Mouth closed
1714064117.362763,0.5791015625,0.779296875,-0.29541015625,Mouth closed
1714064117.402028,0.57958984375,0.78125,-0.29248046875,Mouth closed
1714064117.441173,0.581787109375,0.784912109375,-0.28955078125,Mouth closed
1714064117.487046,0.581787109375,0.78369140625,-0.291259765625,Mouth closed
1714064117.520985,0.57958984375,0.78173828125,-0.293701171875,Mouth closed
1714064117.564968,0.581787109375,0.7841796875,-0.290283203125,Mouth closed
1714064117.601041,0.588134765625,0.787353515625,-0.2802734375,Mouth closed
1714064117.64103,0.58740234375,0.793212890625,-0.279541015625,Mouth closed
1714064117.679355,0.585693359375,0.7880859375,-0.283203125,Mouth closed
1714064117.722087,0.587890625,0.7880859375,-0.282470703125,Mouth closed
1714064117.75945,0.589599609375,0.7880859375,-0.285888671875,Mouth closed
1714064117.799515,0.588623046875,0.789306640625,-0.287109375,Mouth closed
1714064117.840358,0.582763671875,0.779296875,-0.287353515625,Mouth closed
1714064117.880006,0.584228515625,0.782958984375,-0.29345703125,Mouth closed
1714064117.921355,0.58984375,0.7861328125,-0.291748046875,Mouth closed
1714064117.960783,0.5810546875,0.781982421875,-0.291748046875,Mouth closed
1714064118.000431,0.579345703125,0.783447265625,-0.293212890625,Mouth closed
1714064118.041477,0.580322265625,0.78759765625,-0.2939453125,Mouth closed
1714064118.08068,0.5751953125,0.78515625,-0.2939453125,Mouth closed
1714064118.121008,0.5712890625,0.786865234375,-0.2978515625,Mouth closed
1714064118.161053,0.576171875,0.788330078125,-0.30126953125,Mouth closed
1714064118.201052,0.573974609375,0.7841796875,-0.300537109375,Mouth closed
1714064118.240871,0.576904296875,0.78076171875,-0.3037109375,Mouth closed
1714064118.280903,0.579345703125,0.7841796875,-0.302734375,Mouth closed
1714064118.319027,0.57666015625,0.782958984375,-0.30517578125,Mouth closed
1714064118.358099,0.579345703125,0.781005859375,-0.301513671875,Mouth closed
1714064118.397952,0.57861328125,0.7802734375,-0.3017578125,Mouth closed
1714064118.439506,0.583984375,0.782958984375,-0.29931640625,Mouth closed
1714064118.479006,0.58154296875,0.78173828125,-0.294677734375,Mouth closed
1714064118.520087,0.58349609375,0.787353515625,-0.295166015625,Mouth closed
1714064118.559611,0.583251953125,0.7822265625,-0.29052734375,Mouth closed
1714064118.600082,0.58203125,0.78271484375,-0.292724609375,Mouth closed
1714064118.639199,0.5859375,0.786865234375,-0.29052734375,Mouth closed
1714064118.680743,0.580810546875,0.7841796875,-0.29052734375,Mouth closed
1714064118.720782,0.578369140625,0.7841796875,-0.289794921875,Mouth closed
1714064118.76131,0.582763671875,0.787353515625,-0.291015625,Mouth closed
1714064118.801968,0.584228515625,0.78955078125,-0.287109375,Mouth closed
1714064118.841025,0.58154296875,0.789306640625,-0.294189453125,Mouth closed
1714064118.879903,0.582275390625,0.785888671875,-0.289306640625,Mouth closed
1714064118.920193,0.58349609375,0.78515625,-0.291259765625,Mouth closed
1714064118.958922,0.58154296875,0.782958984375,-0.290283203125,Mouth closed
1714064118.997898,0.583251953125,0.78125,-0.294677734375,Mouth closed
1714064119.039243,0.5830078125,0.786865234375,-0.296630859375,Mouth closed
1714064119.080788,0.579833984375,0.783935546875,-0.296875,Mouth closed
1714064119.11993,0.580078125,0.78271484375,-0.296630859375,Mouth closed
1714064119.16258,0.576904296875,0.785888671875,-0.297607421875,Mouth closed
1714064119.200017,0.579345703125,0.784423828125,-0.29443359375,Mouth closed
1714064119.241062,0.580322265625,0.78466796875,-0.2958984375,Mouth closed
1714064119.282261,0.58203125,0.789794921875,-0.295166015625,Mouth closed
1714064119.321041,0.57861328125,0.781005859375,-0.297119140625,Mouth closed
1714064119.363032,0.578125,0.78515625,-0.29248046875,Mouth closed
1714064119.401009,0.581787109375,0.786865234375,-0.296142578125,Mouth closed
1714064119.441781,0.577392578125,0.784912109375,-0.29248046875,Mouth closed
1714064119.482036,0.5791015625,0.788330078125,-0.2939453125,Mouth closed
1714064119.522239,0.58056640625,0.787109375,-0.292236328125,Mouth closed
1714064119.566876,0.5791015625,0.784423828125,-0.295654296875,Mouth closed
1714064119.605648,0.575927734375,0.78564453125,-0.296142578125,Mouth closed
1714064119.639864,0.581298828125,0.784423828125,-0.29931640625,Mouth closed
1714064119.67908,0.581787109375,0.78466796875,-0.298095703125,Mouth closed
1714064119.722937,0.581298828125,0.7822265625,-0.294677734375,Mouth closed
1714064119.75915,0.58056640625,0.783447265625,-0.29931640625,Mouth closed
1714064119.806037,0.582275390625,0.785400390625,-0.29833984375,Mouth closed
1714064119.83997,0.576416015625,0.78515625,-0.298583984375,Mouth closed
1714064119.890313,0.578857421875,0.78564453125,-0.298095703125,Mouth closed
1714064119.921427,0.57568359375,0.782958984375,-0.29833984375,Mouth closed
1714064119.962928,0.575439453125,0.7861328125,-0.299560546875,Mouth closed
1714064120.007075,0.580078125,0.78759765625,-0.2939453125,Mouth closed
1714064120.042389,0.577392578125,0.78759765625,-0.2919921875,Mouth closed
1714064120.088875,0.583984375,0.787109375,-0.296875,Mouth closed
1714064120.122045,0.579345703125,0.783447265625,-0.299072265625,Mouth closed
1714064120.167065,0.579345703125,0.78759765625,-0.293701171875,Mouth closed
1714064120.206199,0.583984375,0.7861328125,-0.294677734375,Mouth closed
1714064120.244447,0.579345703125,0.783203125,-0.294677734375,Mouth closed
1714064120.283403,0.58056640625,0.787109375,-0.294677734375,Mouth closed
1714064120.321977,0.57958984375,0.789794921875,-0.29345703125,Mouth closed
1714064120.361691,0.5791015625,0.786865234375,-0.29443359375,Mouth closed
1714064120.400924,0.577392578125,0.782470703125,-0.293701171875,Mouth closed
1714064120.442998,0.5830078125,0.78369140625,-0.29736328125,Mouth closed
1714064120.481988,0.580322265625,0.78564453125,-0.296630859375,Mouth closed
1714064120.521924,0.57568359375,0.781494140625,-0.298095703125,Mouth closed
1714064120.56335,0.578857421875,0.78466796875,-0.296630859375,Mouth closed
1714064120.607756,0.57861328125,0.786376953125,-0.297607421875,Mouth closed
1714064120.643052,0.575927734375,0.787841796875,-0.2958984375,Mouth closed
1714064120.685266,0.576904296875,0.788330078125,-0.297607421875,Mouth closed
1714064120.724216,0.579833984375,0.78662109375,-0.300048828125,Mouth closed
1714064120.763231,0.5810546875,0.78466796875,-0.297119140625,Mouth closed
1714064120.80431,0.5791015625,0.7890625,-0.296142578125,Mouth closed
1714064120.856367,0.578125,0.78662109375,-0.29638671875,Mouth closed
1714064120.88397,0.58349609375,0.783935546875,-0.294921875,Mouth closed
1714064120.923049,0.581298828125,0.7841796875,-0.29736328125,Mouth closed
1714064120.962214,0.58056640625,0.783447265625,-0.293212890625,Mouth closed
1714064121.001793,0.577880859375,0.781005859375,-0.2958984375,Mouth closed
1714064121.043288,0.5791015625,0.782470703125,-0.291748046875,Mouth closed
1714064121.081839,0.576904296875,0.786376953125,-0.295654296875,Mouth closed
1714064121.123433,0.580322265625,0.791259765625,-0.294189453125,Mouth closed
1714064121.163058,0.580810546875,0.7880859375,-0.298828125,Mouth closed
1714064121.20331,0.577392578125,0.784912109375,-0.29296875,Mouth closed
1714064121.245559,0.581787109375,0.78515625,-0.29345703125,Mouth closed
1714064121.283997,0.580810546875,0.78759765625,-0.29345703125,Mouth closed
1714064121.328891,0.579833984375,0.78564453125,-0.2900390625,Mouth closed
1714064121.366903,0.58056640625,0.78564453125,-0.29638671875,Mouth closed
1714064121.408895,0.57958984375,0.78173828125,-0.293701171875,Mouth closed
1714064121.454825,0.58056640625,0.784423828125,-0.29541015625,Mouth closed
1714064121.485857,0.57958984375,0.783935546875,-0.297607421875,Mouth closed
1714064121.530858,0.57958984375,0.7841796875,-0.30078125,Mouth closed
1714064121.563798,0.5791015625,0.78466796875,-0.29443359375,Mouth closed
1714064121.606559,0.579345703125,0.78662109375,-0.29296875,Mouth closed
1714064121.643444,0.58203125,0.78564453125,-0.29541015625,Mouth closed
1714064121.693267,0.582275390625,0.78271484375,-0.30078125,Mouth closed
1714064121.732918,0.58203125,0.78564453125,-0.296630859375,Mouth closed
1714064121.766226,0.579833984375,0.78466796875,-0.29833984375,Mouth closed
1714064121.808845,0.575927734375,0.784912109375,-0.294189453125,Mouth closed
1714064121.852196,0.579833984375,0.785400390625,-0.29443359375,Mouth closed
1714064121.88952,0.579833984375,0.787841796875,-0.29541015625,Mouth closed
1714064121.925803,0.582763671875,0.785888671875,-0.30224609375,Mouth closed
1714064121.966622,0.57958984375,0.78515625,-0.29736328125,Mouth closed
1714064122.005772,0.57958984375,0.78466796875,-0.302978515625,Mouth closed
1714064122.046241,0.576416015625,0.779052734375,-0.29736328125,Mouth closed
1714064122.085975,0.5810546875,0.7841796875,-0.29736328125,Mouth closed
1714064122.12861,0.580322265625,0.783935546875,-0.300537109375,Mouth closed
1714064122.166807,0.57763671875,0.78369140625,-0.299072265625,Mouth closed
1714064122.20725,0.579345703125,0.785400390625,-0.29833984375,Mouth closed
1714064122.246083,0.5830078125,0.785400390625,-0.29833984375,Mouth closed
1714064122.284964,0.577880859375,0.784423828125,-0.297607421875,Mouth closed
1714064122.327137,0.575439453125,0.787109375,-0.29345703125,Mouth closed
1714064122.365755,0.576904296875,0.783447265625,-0.296142578125,Mouth closed
1714064122.405711,0.578369140625,0.783447265625,-0.296142578125,Mouth closed
1714064122.447093,0.578857421875,0.7841796875,-0.294921875,Mouth closed
1714064122.487226,0.58203125,0.784912109375,-0.296630859375,Mouth closed
1714064122.52584,0.579345703125,0.78515625,-0.29248046875,Mouth closed
1714064122.567852,0.578125,0.7880859375,-0.29150390625,Mouth closed
1714064122.607424,0.5771484375,0.7880859375,-0.29541015625,Mouth closed
1714064122.647888,0.57958984375,0.786865234375,-0.300048828125,Mouth closed
1714064122.692137,0.578857421875,0.782470703125,-0.294189453125,Mouth closed
1714064122.728663,0.58203125,0.7861328125,-0.2998046875,Mouth closed
1714064122.769152,0.577880859375,0.7861328125,-0.293701171875,Mouth closed
1714064122.808987,0.579345703125,0.783447265625,-0.298583984375,Mouth closed
1714064122.854364,0.57861328125,0.783935546875,-0.296630859375,Mouth closed
1714064122.887804,0.578857421875,0.784912109375,-0.297607421875,Mouth closed
1714064122.927507,0.580322265625,0.787841796875,-0.298828125,Mouth closed
1714064122.967967,0.57666015625,0.783935546875,-0.29931640625,Mouth closed
1714064123.018415,0.579833984375,0.787353515625,-0.296142578125,Mouth open
1714064123.046912,0.57861328125,0.784423828125,-0.295654296875,Mouth open
1714064123.089272,0.58642578125,0.789306640625,-0.2958984375,Mouth open
1714064123.127017,0.577880859375,0.78173828125,-0.294677734375,Mouth open
1714064123.167698,0.578857421875,0.785400390625,-0.294921875,Mouth open
1714064123.212856,0.581298828125,0.784423828125,-0.293701171875,Mouth open
1714064123.25047,0.580322265625,0.781982421875,-0.294677734375,Mouth open
1714064123.292075,0.577880859375,0.783935546875,-0.2939453125,Mouth open
1714064123.331297,0.57958984375,0.7880859375,-0.29296875,Mouth open
1714064123.368859,0.579345703125,0.78662109375,-0.2939453125,Mouth open
1714064123.408758,0.57421875,0.7822265625,-0.293212890625,Mouth open
1714064123.451443,0.579345703125,0.788330078125,-0.298095703125,Mouth open
1714064123.492856,0.580322265625,0.786376953125,-0.296630859375,Mouth open
1714064123.53365,0.5771484375,0.7841796875,-0.295654296875,Mouth open
1714064123.572356,0.579345703125,0.786376953125,-0.29833984375,Mouth open
1714064123.609881,0.576416015625,0.7861328125,-0.298828125,Mouth open
1714064123.648702,0.577392578125,0.785400390625,-0.29736328125,Mouth open
1714064123.690006,0.576416015625,0.78515625,-0.29833984375,Mouth open
1714064123.730585,0.57568359375,0.787353515625,-0.29638671875,Mouth open
1714064123.768918,0.5791015625,0.785888671875,-0.29833984375,Mouth open
1714064123.808811,0.57763671875,0.787353515625,-0.292724609375,Mouth open
1714064123.848039,0.5751953125,0.783935546875,-0.29443359375,Mouth open
1714064123.888925,0.57861328125,0.78369140625,-0.2919921875,Mouth open
1714064123.929249,0.581298828125,0.783447265625,-0.296630859375,Mouth open
1714064123.968662,0.576416015625,0.785888671875,-0.29638671875,Mouth open
1714064124.010347,0.57666015625,0.78662109375,-0.294189453125,Mouth open
1714064124.050304,0.576416015625,0.788818359375,-0.29541015625,Mouth open
1714064124.090749,0.57861328125,0.783935546875,-0.294921875,Mouth open
1714064124.12977,0.57470703125,0.7841796875,-0.297607421875,Mouth open
1714064124.175024,0.578125,0.784912109375,-0.2958984375,Mouth open
1714064124.208924,0.579345703125,0.789306640625,-0.298828125,Mouth open
1714064124.248676,0.57568359375,0.78662109375,-0.29736328125,Mouth open
1714064124.288314,0.57861328125,0.78515625,-0.2978515625,Mouth open
1714064124.333743,0.57666015625,0.78564453125,-0.298828125,Mouth open
1714064124.370725,0.5771484375,0.7861328125,-0.29833984375,Mouth open
1714064124.410927,0.576904296875,0.785400390625,-0.29736328125,Mouth open
1714064124.448985,0.57373046875,0.7880859375,-0.2978515625,Mouth open
1714064124.501893,0.577392578125,0.78564453125,-0.29345703125,Mouth open
1714064124.530081,0.573974609375,0.787109375,-0.2978515625,Mouth open
1714064124.574308,0.5751953125,0.788330078125,-0.29638671875,Mouth open
1714064124.616783,0.579345703125,0.782958984375,-0.298095703125,Mouth open
1714064124.651899,0.579833984375,0.789306640625,-0.293212890625,Mouth open
1714064124.693901,0.58056640625,0.782958984375,-0.300048828125,Mouth open
1714064124.734151,0.577880859375,0.78466796875,-0.292724609375,Mouth open
1714064124.772491,0.577392578125,0.78564453125,-0.29541015625,Mouth open
1714064124.823216,0.579833984375,0.784423828125,-0.29296875,Mouth open
1714064124.851707,0.579345703125,0.786376953125,-0.2978515625,Mouth open
1714064124.895682,0.579345703125,0.7841796875,-0.29638671875,Mouth open
1714064124.937677,0.57958984375,0.787841796875,-0.30029296875,Mouth open
1714064124.976101,0.575439453125,0.78564453125,-0.29638671875,Mouth open
1714064125.014046,0.57666015625,0.785888671875,-0.29638671875,Mouth open
1714064125.053967,0.575439453125,0.784423828125,-0.296142578125,Mouth open
1714064125.093013,0.575927734375,0.78515625,-0.296875,Mouth open
1714064125.132649,0.575439453125,0.78662109375,-0.30126953125,Mouth open
1714064125.170712,0.57763671875,0.787841796875,-0.29541015625,Mouth open
1714064125.215137,0.57421875,0.789306640625,-0.297607421875,Mouth open
1714064125.251688,0.57421875,0.787841796875,-0.2998046875,Mouth open
1714064125.292809,0.5751953125,0.78515625,-0.294189453125,Mouth open
1714064125.333888,0.5751953125,0.787353515625,-0.296630859375,Mouth open
1714064125.373248,0.578369140625,0.789794921875,-0.299560546875,Mouth open
1714064125.414777,0.56640625,0.783203125,-0.2998046875,Mouth open
1714064125.455006,0.570068359375,0.786865234375,-0.316650390625,Mouth open
1714064125.492703,0.588623046875,0.763671875,-0.28857421875,Mouth open
1714064125.534055,0.6025390625,0.77099609375,-0.28173828125,Mouth open
1714064125.570725,0.5859375,0.768310546875,-0.3232421875,Mouth open
1714064125.611545,0.59423828125,0.75439453125,-0.31396484375,Mouth open
1714064125.652287,0.6005859375,0.751220703125,-0.31884765625,Mouth open
1714064125.691577,0.593505859375,0.76611328125,-0.3203125,Mouth open
1714064125.737039,0.580810546875,0.770751953125,-0.33056640625,Mouth open
1714064125.780229,0.583740234375,0.770263671875,-0.33251953125,Mouth open
1714064125.811899,0.578369140625,0.761474609375,-0.340087890625,Mouth open
1714064125.85542,0.5849609375,0.76611328125,-0.33642578125,Mouth open
1714064125.893218,0.581298828125,0.76708984375,-0.333984375,Mouth open
1714064125.933446,0.58349609375,0.7666015625,-0.331787109375,Mouth open
1714064125.973915,0.58837890625,0.770263671875,-0.337890625,Mouth open
1714064126.013852,0.577880859375,0.760986328125,-0.33447265625,Mouth open
1714064126.053934,0.578857421875,0.765869140625,-0.32861328125,Mouth open
1714064126.097348,0.5810546875,0.77099609375,-0.3330078125,Mouth open
1714064126.134787,0.577880859375,0.767333984375,-0.334228515625,Mouth open
1714064126.175536,0.573974609375,0.77001953125,-0.3349609375,Mouth open
1714064126.215011,0.577392578125,0.7724609375,-0.326904296875,Mouth open
1714064126.2535,0.57958984375,0.76953125,-0.3310546875,Mouth open
1714064126.294229,0.57958984375,0.771484375,-0.326416015625,Mouth open
1714064126.335471,0.57666015625,0.770751953125,-0.326904296875,Mouth open
1714064126.37394,0.581298828125,0.7705078125,-0.3212890625,Mouth open
1714064126.416775,0.576416015625,0.77099609375,-0.3232421875,Mouth open
1714064126.457876,0.579833984375,0.77197265625,-0.322265625,Mouth open
1714064126.493885,0.577392578125,0.774658203125,-0.3232421875,Mouth open
1714064126.534901,0.579345703125,0.777587890625,-0.322265625,Mouth open
1714064126.575116,0.579345703125,0.77587890625,-0.322509765625,Mouth open
1714064126.626817,0.577880859375,0.776611328125,-0.322265625,Mouth open
1714064126.655572,0.58642578125,0.777587890625,-0.322265625,Mouth open
1714064126.703136,0.579345703125,0.771484375,-0.315185546875,Mouth open
1714064126.740323,0.578857421875,0.775390625,-0.31689453125,Mouth open
1714064126.778843,0.57958984375,0.778076171875,-0.320556640625,Mouth open
1714064126.816839,0.5791015625,0.7734375,-0.315673828125,Mouth open
1714064126.856905,0.577392578125,0.776611328125,-0.31591796875,Mouth open
1714064126.894146,0.576416015625,0.77197265625,-0.318115234375,Mouth open
1714064126.934499,0.579833984375,0.77880859375,-0.31640625,Mouth open
1714064126.974739,0.57861328125,0.775634765625,-0.314453125,Mouth open
1714064127.014963,0.5810546875,0.779052734375,-0.3193359375,Mouth open
1714064127.055597,0.582275390625,0.77880859375,-0.31689453125,Mouth open
1714064127.098765,0.575439453125,0.776611328125,-0.313720703125,Mouth open
1714064127.135404,0.579345703125,0.778076171875,-0.31494140625,Mouth open
1714064127.176437,0.580078125,0.778076171875,-0.31298828125,Mouth open
1714064127.21626,0.579833984375,0.77734375,-0.3125,Mouth open
1714064127.256164,0.583251953125,0.779541015625,-0.308349609375,Mouth open
1714064127.298061,0.5810546875,0.775634765625,-0.306396484375,Mouth open
1714064127.337396,0.57763671875,0.77685546875,-0.312744140625,Mouth open
1714064127.376838,0.57666015625,0.7744140625,-0.31689453125,Mouth open
1714064127.420897,0.57373046875,0.7724609375,-0.316650390625,Mouth open
1714064127.456662,0.572509765625,0.78076171875,-0.32080078125,Mouth open
1714064127.496638,0.576904296875,0.78271484375,-0.32421875,Mouth open
1714064127.534641,0.575439453125,0.780029296875,-0.315673828125,Mouth open
1714064127.573586,0.5751953125,0.777099609375,-0.3134765625,Mouth open
1714064127.616498,0.580322265625,0.77880859375,-0.31103515625,Mouth open
1714064127.655938,0.582763671875,0.7734375,-0.31298828125,Mouth open
1714064127.70128,0.577392578125,0.776611328125,-0.30908203125,Mouth open
1714064127.73954,0.5810546875,0.78173828125,-0.31201171875,Mouth open
1714064127.78045,0.579345703125,0.78076171875,-0.305419921875,Mouth open
1714064127.818155,0.57666015625,0.7822265625,-0.30859375,Mouth open
1714064127.859146,0.580078125,0.783447265625,-0.310546875,Mouth open
1714064127.897832,0.5771484375,0.7802734375,-0.31103515625,Mouth open
1714064127.938369,0.579345703125,0.77734375,-0.30615234375,Mouth open
1714064127.976628,0.5791015625,0.779296875,-0.3056640625,Mouth open
1714064128.017122,0.57763671875,0.7763671875,-0.303466796875,Mouth open
1714064128.059442,0.580078125,0.779052734375,-0.307861328125,Mouth open
1714064128.105269,0.582763671875,0.780029296875,-0.309814453125,Mouth open
1714064128.137862,0.58203125,0.7822265625,-0.305908203125,Mouth open
1714064128.179011,0.581298828125,0.779296875,-0.306884765625,Mouth open
1714064128.217681,0.578369140625,0.777587890625,-0.307373046875,Mouth open
1714064128.261371,0.58056640625,0.77978515625,-0.30615234375,Mouth open
1714064128.299417,0.578125,0.781494140625,-0.30712890625,Mouth open
1714064128.341668,0.57861328125,0.7763671875,-0.308349609375,Mouth open
1714064128.377471,0.575439453125,0.781005859375,-0.30908203125,Mouth open
1714064128.417921,0.58349609375,0.781982421875,-0.310302734375,Mouth open
1714064128.457564,0.580810546875,0.77783203125,-0.3056640625,Mouth open
1714064128.504255,0.58251953125,0.78076171875,-0.3076171875,Mouth open
1714064128.542301,0.577392578125,0.781494140625,-0.315673828125,Mouth open
1714064128.5831,0.573974609375,0.774169921875,-0.31640625,Mouth open
1714064128.622178,0.572021484375,0.77587890625,-0.323974609375,Mouth open
1714064128.662634,0.56982421875,0.77978515625,-0.3203125,Mouth open
1714064128.704249,0.575439453125,0.78271484375,-0.31982421875,Mouth open
1714064128.7412,0.572998046875,0.7763671875,-0.311279296875,Mouth open
1714064128.780519,0.5751953125,0.779541015625,-0.310791015625,Mouth open
1714064128.819758,0.58447265625,0.782470703125,-0.310546875,Mouth open
1714064128.85977,0.5791015625,0.775634765625,-0.30859375,Mouth open
1714064128.898866,0.578369140625,0.774658203125,-0.306396484375,Mouth open
1714064128.937511,0.579345703125,0.780517578125,-0.306884765625,Mouth open
1714064128.9787,0.578125,0.78076171875,-0.308837890625,Mouth open
1714064129.021701,0.571044921875,0.7822265625,-0.308349609375,Mouth open
1714064129.060035,0.5810546875,0.7822265625,-0.308349609375,Mouth open
1714064129.099096,0.580322265625,0.7822265625,-0.30517578125,Mouth open
1714064129.139986,0.580078125,0.77978515625,-0.30224609375,Mouth open
1714064129.181317,0.580810546875,0.780517578125,-0.30615234375,Mouth open
1714064129.219065,0.584716796875,0.779541015625,-0.3017578125,Mouth open
1714064129.25959,0.580322265625,0.782470703125,-0.305419921875,Mouth open
1714064129.300348,0.5810546875,0.778564453125,-0.307373046875,Mouth open
1714064129.341669,0.576904296875,0.78076171875,-0.3076171875,Mouth open
1714064129.380704,0.583740234375,0.782958984375,-0.309326171875,Mouth open
1714064129.421579,0.57958984375,0.778076171875,-0.3095703125,Mouth open
1714064129.461715,0.580078125,0.78076171875,-0.303955078125,Mouth open
1714064129.499879,0.5810546875,0.780029296875,-0.307861328125,Mouth open
1714064129.538519,0.576416015625,0.782958984375,-0.30419921875,Mouth open
1714064129.579639,0.576416015625,0.7802734375,-0.31005859375,Mouth open
1714064129.61955,0.577392578125,0.780517578125,-0.307373046875,Mouth open
1714064129.661139,0.581787109375,0.78173828125,-0.31005859375,Mouth open
1714064129.702255,0.576171875,0.779541015625,-0.30517578125,Mouth open
1714064129.742508,0.57958984375,0.781494140625,-0.311767578125,Mouth open
1714064129.780477,0.5791015625,0.782470703125,-0.307861328125,Mouth open
1714064129.82225,0.582763671875,0.779541015625,-0.306396484375,Mouth open
1714064129.861942,0.582275390625,0.780517578125,-0.305419921875,Mouth open
1714064129.902855,0.57958984375,0.780029296875,-0.3046875,Mouth open
1714064129.94241,0.578857421875,0.77783203125,-0.306396484375,Mouth open
1714064129.985371,0.5830078125,0.778564453125,-0.30517578125,Mouth open
1714064130.022654,0.58203125,0.78076171875,-0.3037109375,Mouth open
1714064130.065381,0.584716796875,0.7841796875,-0.30419921875,Mouth open
1714064130.102712,0.581298828125,0.7783203125,-0.29736328125,Mouth open
1714064130.143777,0.586181640625,0.78125,-0.29541015625,Mouth open
1714064130.181528,0.5849609375,0.778564453125,-0.296875,Mouth open
1714064130.221204,0.58447265625,0.77685546875,-0.298095703125,Mouth open
1714064130.260784,0.583740234375,0.7783203125,-0.296630859375,Mouth open
1714064130.301793,0.586669921875,0.782958984375,-0.2998046875,Mouth open
1714064130.347496,0.581787109375,0.780029296875,-0.303955078125,Mouth open
1714064130.385509,0.5771484375,0.781005859375,-0.30126953125,Mouth open
1714064130.427327,0.580322265625,0.78564453125,-0.2998046875,Mouth open
1714064130.46566,0.581787109375,0.78515625,-0.296142578125,Mouth open
1714064130.507647,0.581298828125,0.780517578125,-0.301025390625,Mouth open
1714064130.54147,0.5849609375,0.78125,-0.299072265625,Mouth open
1714064130.588798,0.584228515625,0.775634765625,-0.2978515625,Mouth open
1714064130.626298,0.582763671875,0.77685546875,-0.302734375,Mouth open
1714064130.666301,0.581787109375,0.77685546875,-0.310546875,Mouth open
1714064130.703658,0.582763671875,0.779296875,-0.311767578125,Mouth open
1714064130.743709,0.575439453125,0.7802734375,-0.30224609375,Mouth open
1714064130.784585,0.588134765625,0.791748046875,-0.2724609375,Mouth open
1714064130.821546,0.6015625,0.79052734375,-0.280029296875,Mouth open
1714064130.861649,0.58154296875,0.777099609375,-0.295654296875,Mouth open
1714064130.91189,0.585205078125,0.774169921875,-0.298583984375,Mouth open
1714064130.941414,0.587890625,0.773681640625,-0.293701171875,Mouth open
1714064130.989308,0.59619140625,0.78173828125,-0.2734375,Mouth open
1714064131.027093,0.594970703125,0.78466796875,-0.27978515625,Mouth open
1714064131.065982,0.585693359375,0.78076171875,-0.287109375,Mouth open
1714064131.103316,0.564697265625,0.7705078125,-0.306396484375,Mouth open
1714064131.144636,0.588134765625,0.783203125,-0.294921875,Mouth open
1714064131.184357,0.60107421875,0.788818359375,-0.28662109375,Mouth open
1714064131.225598,0.595947265625,0.78271484375,-0.27490234375,Mouth open
1714064131.269776,0.58740234375,0.781005859375,-0.283935546875,Mouth open
1714064131.308684,0.589599609375,0.775634765625,-0.29248046875,Mouth open
1714064131.345843,0.591064453125,0.774169921875,-0.281005859375,Mouth open
1714064131.385501,0.59765625,0.774169921875,-0.28564453125,Mouth open
1714064131.427515,0.587158203125,0.775146484375,-0.28955078125,Mouth open
1714064131.46804,0.595947265625,0.78271484375,-0.281982421875,Mouth open
1714064131.504392,0.58642578125,0.7802734375,-0.2919921875,Mouth open
1714064131.544594,0.59375,0.78125,-0.2978515625,Mouth open
1714064131.582808,0.586669921875,0.774169921875,-0.306884765625,Mouth open
1714064131.622357,0.587158203125,0.77734375,-0.2939453125,Mouth open
1714064131.664056,0.591552734375,0.78271484375,-0.290771484375,Mouth open
1714064131.703351,0.588134765625,0.77978515625,-0.28857421875,Mouth open
1714064131.743737,0.5849609375,0.7822265625,-0.29443359375,Mouth open
1714064131.78551,0.5869140625,0.781005859375,-0.292724609375,Mouth open
1714064131.824492,0.587890625,0.7802734375,-0.2939453125,Mouth open
1714064131.863436,0.583251953125,0.779296875,-0.290771484375,Mouth open
1714064131.905209,0.587890625,0.778076171875,-0.28759765625,Mouth open
1714064131.944858,0.5908203125,0.778564453125,-0.290771484375,Mouth open
1714064131.990978,0.58935546875,0.77880859375,-0.29150390625,Mouth open
1714064132.027785,0.591064453125,0.781494140625,-0.287841796875,Mouth open
1714064132.067381,0.591552734375,0.779541015625,-0.28857421875,Mouth open
1714064132.105752,0.592529296875,0.777587890625,-0.294189453125,Mouth open
1714064132.144157,0.58837890625,0.776123046875,-0.2880859375,Mouth open
1714064132.184627,0.5947265625,0.778076171875,-0.29052734375,Mouth open
1714064132.224137,0.59619140625,0.778076171875,-0.283935546875,Mouth open
1714064132.263608,0.599365234375,0.77734375,-0.281005859375,Mouth open
1714064132.314644,0.59521484375,0.7744140625,-0.28173828125,Mouth open
1714064132.344628,0.595703125,0.778564453125,-0.276123046875,Mouth open
1714064132.386317,0.6005859375,0.77978515625,-0.277099609375,Mouth open
1714064132.430299,0.596435546875,0.7763671875,-0.277587890625,Mouth open
1714064132.470329,0.59375,0.77880859375,-0.27490234375,Mouth open
1714064132.506863,0.59423828125,0.782958984375,-0.274169921875,Mouth open
1714064132.545957,0.598876953125,0.7783203125,-0.278076171875,Mouth open
1714064132.585483,0.59521484375,0.7783203125,-0.2724609375,Mouth open
1714064132.634387,0.602783203125,0.77978515625,-0.2744140625,Mouth open
1714064132.671616,0.5986328125,0.7783203125,-0.27294921875,Mouth open
1714064132.712874,0.596923828125,0.775634765625,-0.276123046875,Mouth open
1714064132.751402,0.603515625,0.775390625,-0.2705078125,Mouth open
1714064132.786966,0.60302734375,0.77490234375,-0.2734375,Mouth open
1714064132.828365,0.597900390625,0.77587890625,-0.2705078125,Mouth open
1714064132.868683,0.60009765625,0.77587890625,-0.269775390625,Mouth open
1714064132.905866,0.5986328125,0.77587890625,-0.273193359375,Mouth open
1714064132.944296,0.5986328125,0.779541015625,-0.274169921875,Mouth open
1714064132.985748,0.602783203125,0.77490234375,-0.2763671875,Mouth open
1714064133.026381,0.60009765625,0.781005859375,-0.2744140625,Mouth open
1714064133.065361,0.600830078125,0.784423828125,-0.27197265625,Mouth open
1714064133.108389,0.59619140625,0.78271484375,-0.273681640625,Mouth open
1714064133.146811,0.59716796875,0.77880859375,-0.270751953125,Mouth open
1714064133.185371,0.596435546875,0.78076171875,-0.273193359375,Mouth open
1714064133.226341,0.604736328125,0.7783203125,-0.2734375,Mouth open
1714064133.267584,0.596923828125,0.775390625,-0.26611328125,Mouth open
1714064133.30791,0.60400390625,0.78173828125,-0.27001953125,Mouth open
1714064133.347447,0.605712890625,0.778076171875,-0.270263671875,Mouth open
1714064133.3877,0.60400390625,0.774169921875,-0.269775390625,Mouth open
1714064133.427403,0.602783203125,0.774169921875,-0.275634765625,Mouth open
1714064133.465679,0.597412109375,0.768310546875,-0.265380859375,Mouth open
1714064133.508039,0.59765625,0.78271484375,-0.279052734375,Mouth open
1714064133.548659,0.596923828125,0.780517578125,-0.279541015625,Mouth open
1714064133.585622,0.591552734375,0.77978515625,-0.281982421875,Mouth open
1714064133.632997,0.592529296875,0.779296875,-0.28369140625,Mouth open
1714064133.667811,0.592041015625,0.7802734375,-0.285400390625,Mouth open
1714064133.716743,0.590576171875,0.7861328125,-0.28173828125,Mouth open
1714064133.747027,0.59130859375,0.78515625,-0.281982421875,Mouth open
1714064133.796065,0.5849609375,0.78564453125,-0.2802734375,Mouth open
1714064133.82636,0.582763671875,0.78857421875,-0.2822265625,Mouth open
1714064133.874424,0.5830078125,0.792236328125,-0.284423828125,Mouth open
1714064133.909144,0.58251953125,0.7880859375,-0.289306640625,Mouth open
1714064133.94857,0.585693359375,0.78662109375,-0.285888671875,Mouth open
1714064133.99078,0.589111328125,0.786376953125,-0.281494140625,Mouth open
1714064134.039739,0.587158203125,0.781982421875,-0.277587890625,Mouth open
1714064134.067373,0.58984375,0.781494140625,-0.280029296875,Mouth open
1714064134.116479,0.589111328125,0.78173828125,-0.279296875,Mouth open
1714064134.146337,0.59033203125,0.781982421875,-0.27880859375,Mouth open
1714064134.194645,0.588623046875,0.78466796875,-0.2763671875,Mouth open
1714064134.231911,0.58984375,0.786376953125,-0.2744140625,Mouth open
1714064134.271171,0.59326171875,0.786865234375,-0.276123046875,Mouth open
1714064134.30825,0.5888671875,0.780029296875,-0.270751953125,Mouth open
1714064134.348772,0.5888671875,0.786376953125,-0.2724609375,Mouth open
1714064134.389829,0.590087890625,0.78759765625,-0.277587890625,Mouth open
1714064134.429914,0.5888671875,0.790283203125,-0.272216796875,Mouth open
1714064134.469392,0.588134765625,0.788818359375,-0.268310546875,Mouth open
1714064134.512775,0.590087890625,0.789306640625,-0.268310546875,Mouth open
1714064134.549216,0.592041015625,0.78759765625,-0.27001953125,Mouth open
1714064134.589268,0.5869140625,0.78564453125,-0.267822265625,Mouth open
1714064134.632056,0.593017578125,0.785400390625,-0.26953125,Mouth open
1714064134.67133,0.592529296875,0.78369140625,-0.2685546875,Mouth open
1714064134.71035,0.590576171875,0.783935546875,-0.26904296875,Mouth open
1714064134.779523,0.59716796875,0.7841796875,-0.26953125,Mouth open
1714064134.793875,0.592041015625,0.78271484375,-0.27099609375,Mouth open
1714064134.829593,0.590087890625,0.78759765625,-0.271240234375,Mouth open
1714064134.870589,0.58935546875,0.786376953125,-0.271240234375,Mouth open
1714064134.909182,0.591064453125,0.785888671875,-0.273681640625,Mouth open
1714064134.9505,0.59130859375,0.7861328125,-0.27490234375,Mouth open
1714064134.990327,0.5869140625,0.78271484375,-0.276123046875,Mouth open
1714064135.031675,0.58984375,0.787109375,-0.27294921875,Mouth open
1714064135.072952,0.591552734375,0.790283203125,-0.27490234375,Mouth open
1714064135.111216,0.587158203125,0.78125,-0.274169921875,Mouth open
1714064135.152026,0.587158203125,0.7861328125,-0.27734375,Mouth open
1714064135.193325,0.589599609375,0.7841796875,-0.2802734375,Mouth open
1714064135.232407,0.58837890625,0.783203125,-0.284423828125,Mouth open
1714064135.272124,0.58642578125,0.78271484375,-0.278564453125,Mouth open
1714064135.315819,0.591552734375,0.78662109375,-0.28515625,Mouth open
1714064135.352409,0.589111328125,0.783203125,-0.281005859375,Mouth open
1714064135.391881,0.588134765625,0.78125,-0.28515625,Mouth open
1714064135.431844,0.588623046875,0.782470703125,-0.28515625,Mouth open
1714064135.471871,0.587158203125,0.78369140625,-0.28369140625,Mouth open
1714064135.512089,0.584228515625,0.781005859375,-0.287353515625,Mouth open
1714064135.550805,0.587646484375,0.780517578125,-0.28564453125,Mouth open
1714064135.589234,0.5849609375,0.78369140625,-0.283447265625,Mouth open
1714064135.631848,0.58447265625,0.783935546875,-0.28173828125,Mouth open
1714064135.671744,0.587890625,0.786865234375,-0.28271484375,Mouth open
1714064135.711968,0.5947265625,0.788818359375,-0.279296875,Mouth open
1714064135.763962,0.589599609375,0.782958984375,-0.28076171875,Mouth open
1714064135.79225,0.589111328125,0.7802734375,-0.2783203125,Mouth open
1714064135.834462,0.59228515625,0.782958984375,-0.277099609375,Mouth open
1714064135.877241,0.589111328125,0.783935546875,-0.275634765625,Mouth open
1714064135.911526,0.588623046875,0.781494140625,-0.28271484375,Mouth open
1714064135.958252,0.595703125,0.7822265625,-0.280517578125,Mouth open
1714064135.999994,0.59033203125,0.780517578125,-0.281005859375,Mouth open
1714064136.037594,0.5888671875,0.77978515625,-0.2802734375,Mouth open
1714064136.076781,0.588134765625,0.779296875,-0.28271484375,Mouth open
1714064136.115503,0.591552734375,0.785888671875,-0.2802734375,Mouth open
1714064136.155999,0.58837890625,0.785400390625,-0.285888671875,Mouth open
1714064136.194124,0.587158203125,0.7841796875,-0.28466796875,Mouth open
1714064136.233328,0.58642578125,0.781005859375,-0.284423828125,Mouth open
1714064136.271727,0.58984375,0.783447265625,-0.28515625,Mouth open
1714064136.311813,0.58642578125,0.77978515625,-0.285400390625,Mouth open
1714064136.351214,0.585205078125,0.78662109375,-0.282958984375,Mouth open
1714064136.393209,0.58935546875,0.783447265625,-0.284912109375,Mouth open
1714064136.433628,0.5869140625,0.782958984375,-0.284912109375,Mouth open
1714064136.472131,0.58740234375,0.782470703125,-0.283447265625,Mouth open
1714064136.51356,0.586181640625,0.784423828125,-0.28564453125,Mouth open
1714064136.554142,0.590576171875,0.783203125,-0.28759765625,Mouth open
1714064136.593123,0.583251953125,0.7783203125,-0.279296875,Mouth open
1714064136.635649,0.58837890625,0.783203125,-0.287353515625,Mouth open
1714064136.673156,0.587158203125,0.779541015625,-0.284423828125,Mouth open
1714064136.712683,0.583740234375,0.7841796875,-0.283935546875,Mouth open
1714064136.75171,0.58837890625,0.78271484375,-0.285400390625,Mouth open
1714064136.790254,0.58642578125,0.782958984375,-0.286376953125,Mouth open
1714064136.83124,0.587158203125,0.781005859375,-0.281982421875,Mouth open
1714064136.871116,0.5869140625,0.782958984375,-0.283447265625,Mouth open
1714064136.911677,0.58349609375,0.78271484375,-0.281005859375,Mouth open
1714064136.953332,0.59130859375,0.786376953125,-0.28662109375,Mouth open
1714064136.992221,0.587890625,0.781005859375,-0.285400390625,Mouth open
1714064137.035822,0.58935546875,0.78271484375,-0.27734375,Mouth open
1714064137.076068,0.591796875,0.78466796875,-0.283203125,Mouth open
1714064137.114986,0.588623046875,0.78125,-0.281982421875,Mouth open
1714064137.156351,0.588623046875,0.782958984375,-0.283447265625,Mouth open
1714064137.193703,0.590576171875,0.786376953125,-0.281982421875,Mouth open
1714064137.23349,0.587158203125,0.784912109375,-0.283935546875,Mouth open
1714064137.274807,0.580810546875,0.784423828125,-0.282958984375,Mouth open
1714064137.325027,0.58740234375,0.784912109375,-0.2841796875,Mouth open
1714064137.353772,0.590576171875,0.784912109375,-0.28369140625,Mouth open
1714064137.395563,0.587646484375,0.78369140625,-0.281982421875,Mouth open
1714064137.431671,0.590087890625,0.78125,-0.28173828125,Mouth open
1714064137.471618,0.58544921875,0.78076171875,-0.2822265625,Mouth open
1714064137.515849,0.587646484375,0.78564453125,-0.284912109375,Mouth open
1714064137.554834,0.587158203125,0.785400390625,-0.287353515625,Mouth open
1714064137.594245,0.58251953125,0.78662109375,-0.282958984375,Mouth open
1714064137.63314,0.58251953125,0.787353515625,-0.28466796875,Mouth open
1714064137.6733,0.5908203125,0.791015625,-0.2841796875,Mouth open
1714064137.714258,0.5888671875,0.780029296875,-0.2861328125,Mouth open
1714064137.754276,0.59033203125,0.782958984375,-0.280029296875,Mouth open
1714064137.793162,0.58837890625,0.783203125,-0.282470703125,Mouth open
1714064137.836781,0.58447265625,0.780517578125,-0.281494140625,Mouth open
1714064137.877747,0.58837890625,0.78466796875,-0.28515625,Mouth open
1714064137.91663,0.587158203125,0.7890625,-0.28515625,Mouth open
1714064137.95683,0.590087890625,0.787109375,-0.286376953125,Mouth open
1714064137.995354,0.584716796875,0.78271484375,-0.28125,Mouth open
1714064138.037915,0.58740234375,0.787109375,-0.2861328125,unknown
1714064138.076158,0.58642578125,0.782470703125,-0.28369140625,unknown
1714064138.112896,0.587158203125,0.782470703125,-0.281982421875,unknown
1714064138.156447,0.58642578125,0.783203125,-0.285888671875,unknown
1714064138.196659,0.58251953125,0.784423828125,-0.286865234375,unknown
1714064138.236844,0.585693359375,0.782958984375,-0.2880859375,unknown
1714064138.279546,0.581298828125,0.7861328125,-0.28955078125,unknown
1714064138.318579,0.582763671875,0.78515625,-0.288330078125,unknown
1714064138.355143,0.5859375,0.783203125,-0.28759765625,unknown
1714064138.398668,0.58740234375,0.7841796875,-0.281005859375,unknown
1714064138.440014,0.58837890625,0.781982421875,-0.2861328125,unknown
1714064138.479144,0.58642578125,0.78076171875,-0.285888671875,unknown
1714064138.5152,0.587890625,0.781982421875,-0.282958984375,unknown
1714064138.557929,0.58935546875,0.783447265625,-0.28564453125,unknown
1714064138.59825,0.5869140625,0.78369140625,-0.282958984375,unknown
1714064138.637065,0.585205078125,0.78564453125,-0.28515625,unknown
1714064138.67782,0.586181640625,0.78369140625,-0.284423828125,unknown
1714064138.717616,0.587890625,0.78466796875,-0.2822265625,unknown
1714064138.757865,0.586181640625,0.787353515625,-0.28515625,unknown
1714064138.796339,0.587158203125,0.78466796875,-0.285888671875,unknown
1714064138.836767,0.587890625,0.785888671875,-0.281982421875,unknown
1714064138.876069,0.585205078125,0.784423828125,-0.283447265625,unknown
1714064138.916934,0.587158203125,0.787353515625,-0.28564453125,unknown
1714064138.956073,0.588623046875,0.783203125,-0.286865234375,unknown
1714064138.99624,0.5859375,0.782470703125,-0.28271484375,unknown
1714064139.036279,0.588623046875,0.7822265625,-0.286865234375,unknown
1714064139.082854,0.5888671875,0.77978515625,-0.291015625,unknown
1714064139.117148,0.590087890625,0.781494140625,-0.28759765625,unknown
1714064139.161897,0.588134765625,0.782470703125,-0.285888671875,unknown
1714064139.197069,0.592041015625,0.78759765625,-0.28662109375,unknown
1714064139.240901,0.5869140625,0.77734375,-0.2861328125,unknown
1714064139.28452,0.58740234375,0.781982421875,-0.28466796875,unknown
1714064139.325254,0.593505859375,0.781982421875,-0.28955078125,unknown
1714064139.356206,0.58447265625,0.77685546875,-0.286865234375,unknown
1714064139.407691,0.5849609375,0.780029296875,-0.284423828125,unknown
1714064139.436991,0.588134765625,0.785888671875,-0.283203125,unknown
1714064139.48081,0.588623046875,0.78466796875,-0.287353515625,unknown
1714064139.514082,0.58154296875,0.78369140625,-0.28466796875,unknown
1714064139.555007,0.59228515625,0.783447265625,-0.286865234375,unknown
1714064139.596664,0.58935546875,0.782470703125,-0.28466796875,unknown
1714064139.646543,0.5849609375,0.77978515625,-0.287353515625,unknown
1714064139.675165,0.58935546875,0.781494140625,-0.286376953125,unknown
1714064139.726409,0.5869140625,0.78271484375,-0.283935546875,unknown
1714064139.757659,0.58642578125,0.781005859375,-0.288330078125,unknown
1714064139.802863,0.58642578125,0.781494140625,-0.289306640625,unknown
1714064139.837966,0.586181640625,0.781982421875,-0.28857421875,unknown
1714064139.876366,0.58740234375,0.782958984375,-0.28564453125,unknown
1714064139.91808,0.593994140625,0.78271484375,-0.286865234375,unknown
1714064139.962119,0.587158203125,0.778564453125,-0.28466796875,unknown
1714064139.995554,0.588134765625,0.781005859375,-0.282958984375,unknown
1714064140.034969,0.591552734375,0.78466796875,-0.28662109375,unknown
1714064140.072964,0.58642578125,0.782470703125,-0.284912109375,unknown
1714064140.114039,0.587646484375,0.782958984375,-0.285400390625,unknown
1714064140.15428,0.58544921875,0.783935546875,-0.28515625,unknown
1714064140.204736,0.588134765625,0.78466796875,-0.288330078125,unknown
1714064140.242767,0.580078125,0.78271484375,-0.28466796875,unknown
1714064140.276875,0.588623046875,0.7841796875,-0.28759765625,unknown
1714064140.319137,0.586181640625,0.783203125,-0.285888671875,unknown
1714064140.368011,0.584228515625,0.782958984375,-0.287841796875,unknown
1714064140.396096,0.586669921875,0.7841796875,-0.288330078125,unknown
1714064140.446462,0.587158203125,0.784423828125,-0.2880859375,unknown
1714064140.477354,0.58447265625,0.78125,-0.28955078125,unknown
1714064140.521214,0.587158203125,0.781494140625,-0.287109375,unknown
1714064140.564535,0.5869140625,0.78076171875,-0.286376953125,unknown
1714064140.602182,0.583984375,0.7841796875,-0.287841796875,unknown
1714064140.639195,0.589599609375,0.782470703125,-0.288330078125,unknown
1714064140.677226,0.586181640625,0.783447265625,-0.28271484375,unknown
1714064140.715299,0.591064453125,0.785400390625,-0.27978515625,unknown
1714064140.756313,0.59619140625,0.783447265625,-0.283447265625,unknown
1714064140.796144,0.595458984375,0.78173828125,-0.27197265625,unknown
1714064140.83555,0.607666015625,0.804931640625,-0.281494140625,unknown
1714064140.877464,0.6123046875,0.812744140625,-0.296630859375,unknown
1714064140.920994,0.599853515625,0.7802734375,-0.2548828125,unknown
1714064140.956485,0.591796875,0.779052734375,-0.265625,unknown
1714064140.997486,0.58447265625,0.781494140625,-0.26220703125,unknown
1714064141.037746,0.592041015625,0.786376953125,-0.25927734375,unknown
1714064141.078938,0.59228515625,0.79248046875,-0.27099609375,unknown
1714064141.117227,0.589111328125,0.802734375,-0.273681640625,unknown
1714064141.158058,0.582275390625,0.784423828125,-0.267333984375,unknown
1714064141.196945,0.5771484375,0.7685546875,-0.280517578125,unknown
1714064141.239891,0.578857421875,0.7822265625,-0.273193359375,unknown
1714064141.281588,0.58203125,0.79638671875,-0.261474609375,unknown
1714064141.318214,0.590576171875,0.80029296875,-0.25146484375,unknown
1714064141.358216,0.581787109375,0.80517578125,-0.254150390625,unknown
1714064141.394828,0.578857421875,0.805908203125,-0.2509765625,unknown
1714064141.434561,0.57470703125,0.796630859375,-0.2451171875,unknown
1714064141.475039,0.5771484375,0.80908203125,-0.2421875,unknown
1714064141.527375,0.57958984375,0.813720703125,-0.23095703125,unknown
1714064141.556801,0.567626953125,0.817626953125,-0.22021484375,unknown
1714064141.598779,0.55810546875,0.81884765625,-0.236328125,unknown
1714064141.636009,0.554443359375,0.812744140625,-0.25927734375,unknown
1714064141.679655,0.55517578125,0.783935546875,-0.315673828125,unknown
1714064141.716982,0.532470703125,0.787353515625,-0.27587890625,unknown
1714064141.769859,0.552978515625,0.8037109375,-0.231689453125,unknown
1714064141.797566,0.558349609375,0.824462890625,-0.235107421875,unknown
1714064141.839145,0.551513671875,0.826171875,-0.23046875,unknown
1714064141.883949,0.545166015625,0.824951171875,-0.232421875,unknown
1714064141.922754,0.5419921875,0.833740234375,-0.24169921875,unknown
1714064141.962201,0.547607421875,0.831787109375,-0.232666015625,unknown
1714064142.001536,0.552734375,0.83056640625,-0.212646484375,unknown
1714064142.038914,0.5625,0.83447265625,-0.2099609375,unknown
1714064142.076754,0.561767578125,0.84130859375,-0.192138671875,unknown
1714064142.115831,0.5517578125,0.846435546875,-0.1962890625,unknown
1714064142.159176,0.55322265625,0.843017578125,-0.20654296875,unknown
1714064142.196165,0.552978515625,0.853271484375,-0.20556640625,unknown
1714064142.236856,0.563720703125,0.841064453125,-0.189208984375,unknown
1714064142.277121,0.5556640625,0.847900390625,-0.18212890625,unknown
1714064142.318239,0.558349609375,0.8310546875,-0.185302734375,unknown
1714064142.358303,0.5654296875,0.822509765625,-0.168701171875,unknown
1714064142.399122,0.562744140625,0.830078125,-0.185791015625,unknown
1714064142.437981,0.563232421875,0.831298828125,-0.212158203125,unknown
1714064142.477868,0.5517578125,0.82666015625,-0.199462890625,unknown
1714064142.523064,0.554931640625,0.829833984375,-0.200439453125,unknown
1714064142.559283,0.56201171875,0.827880859375,-0.193115234375,unknown
1714064142.599251,0.569091796875,0.824462890625,-0.1943359375,unknown
1714064142.635405,0.5595703125,0.816162109375,-0.19140625,unknown
1714064142.677465,0.56005859375,0.8134765625,-0.195068359375,unknown
1714064142.715825,0.56591796875,0.818359375,-0.1923828125,unknown
1714064142.755913,0.564697265625,0.816650390625,-0.19775390625,unknown
1714064142.797027,0.57470703125,0.830810546875,-0.188720703125,unknown
1714064142.847397,0.576416015625,0.82861328125,-0.18359375,unknown
1714064142.886043,0.57568359375,0.82373046875,-0.177734375,unknown
1714064142.918948,0.571533203125,0.83203125,-0.181884765625,unknown
1714064142.958176,0.566162109375,0.82861328125,-0.18603515625,unknown
1714064143.006535,0.56787109375,0.828369140625,-0.187744140625,unknown
1714064143.03859,0.564697265625,0.827880859375,-0.19580078125,unknown
1714064143.089324,0.57177734375,0.82373046875,-0.19140625,unknown
1714064143.124557,0.569580078125,0.82958984375,-0.194580078125,unknown
1714064143.164673,0.571044921875,0.82958984375,-0.192626953125,unknown
1714064143.202223,0.571044921875,0.82666015625,-0.1826171875,unknown
1714064143.241875,0.571044921875,0.82861328125,-0.1865234375,unknown
1714064143.280874,0.568603515625,0.827392578125,-0.18408203125,unknown
1714064143.317961,0.567626953125,0.82470703125,-0.183837890625,unknown
1714064143.356808,0.5712890625,0.8271484375,-0.188720703125,unknown
1714064143.397496,0.575439453125,0.826416015625,-0.183349609375,unknown
1714064143.438743,0.56982421875,0.82373046875,-0.185791015625,unknown
1714064143.503163,0.56494140625,0.823486328125,-0.191162109375,unknown
1714064143.519304,0.569580078125,0.828369140625,-0.19287109375,unknown
1714064143.566384,0.570068359375,0.829833984375,-0.1904296875,unknown
1714064143.60324,0.567626953125,0.830078125,-0.189208984375,unknown
1714064143.64412,0.5595703125,0.827392578125,-0.197265625,unknown
1714064143.685642,0.5625,0.828369140625,-0.199462890625,unknown
1714064143.723332,0.560546875,0.8291015625,-0.197021484375,unknown
1714064143.762455,0.563232421875,0.8330078125,-0.19970703125,unknown
1714064143.803337,0.563720703125,0.83154296875,-0.196044921875,unknown
1714064143.84339,0.560791015625,0.831298828125,-0.202880859375,unknown
1714064143.883422,0.560302734375,0.832275390625,-0.200439453125,unknown
1714064143.925018,0.56298828125,0.8291015625,-0.197509765625,unknown
1714064143.958417,0.5625,0.825927734375,-0.191650390625,unknown
1714064144.001302,0.563232421875,0.82373046875,-0.194091796875,unknown
1714064144.041093,0.569580078125,0.8251953125,-0.188232421875,unknown
1714064144.079494,0.573974609375,0.82568359375,-0.176513671875,unknown
1714064144.119074,0.576171875,0.82275390625,-0.174072265625,unknown
1714064144.159554,0.5732421875,0.821533203125,-0.173828125,unknown
1714064144.200096,0.57080078125,0.823486328125,-0.184326171875,unknown
1714064144.23974,0.564208984375,0.828857421875,-0.191650390625,unknown
1714064144.284425,0.56005859375,0.8359375,-0.193115234375,unknown
1714064144.320062,0.560546875,0.837158203125,-0.18603515625,unknown
1714064144.361918,0.55908203125,0.838134765625,-0.182861328125,unknown
1714064144.399925,0.5595703125,0.840087890625,-0.177490234375,unknown
1714064144.441002,0.566162109375,0.835205078125,-0.18115234375,unknown
1714064144.480078,0.55908203125,0.832275390625,-0.180419921875,unknown
1714064144.521221,0.564453125,0.837158203125,-0.181884765625,unknown
1714064144.558869,0.556884765625,0.83984375,-0.182373046875,unknown
1714064144.598101,0.55908203125,0.84130859375,-0.1845703125,unknown
1714064144.638597,0.5576171875,0.8388671875,-0.186767578125,unknown
1714064144.678437,0.552978515625,0.8359375,-0.185546875,unknown
1714064144.717824,0.554931640625,0.831787109375,-0.188720703125,unknown
1714064144.76223,0.556640625,0.8310546875,-0.191650390625,unknown
1714064144.802474,0.559326171875,0.833251953125,-0.18896484375,unknown
1714064144.840166,0.558349609375,0.831787109375,-0.189453125,unknown
1714064144.882061,0.564208984375,0.83642578125,-0.19384765625,unknown
1714064144.921605,0.560546875,0.82763671875,-0.1953125,unknown
1714064144.96109,0.55810546875,0.830078125,-0.193359375,unknown
1714064145.000914,0.5634765625,0.8291015625,-0.194091796875,unknown
1714064145.04408,0.5625,0.827880859375,-0.186767578125,unknown
1714064145.080773,0.562255859375,0.826171875,-0.189208984375,unknown
1714064145.129814,0.560791015625,0.833251953125,-0.19140625,unknown
1714064145.15778,0.5546875,0.8359375,-0.194580078125,unknown
1714064145.207283,0.54931640625,0.8359375,-0.197021484375,unknown
1714064145.243948,0.550537109375,0.838134765625,-0.2001953125,unknown
1714064145.281592,0.56103515625,0.83642578125,-0.193115234375,unknown
1714064145.320442,0.567626953125,0.83349609375,-0.18896484375,unknown
1714064145.360156,0.556640625,0.838623046875,-0.194091796875,unknown
1714064145.400276,0.56201171875,0.82470703125,-0.188232421875,unknown
1714064145.439811,0.5517578125,0.834228515625,-0.1943359375,unknown
1714064145.478743,0.565185546875,0.829833984375,-0.185546875,unknown
1714064145.523694,0.56005859375,0.832763671875,-0.19091796875,unknown
1714064145.560591,0.556884765625,0.832275390625,-0.191162109375,unknown
1714064145.600595,0.5830078125,0.841064453125,-0.19287109375,unknown
1714064145.640786,0.551513671875,0.8232421875,-0.1875,unknown
1714064145.68088,0.55810546875,0.82861328125,-0.196044921875,unknown
1714064145.722782,0.562744140625,0.829833984375,-0.1943359375,unknown
1714064145.76231,0.5654296875,0.834228515625,-0.192138671875,unknown
1714064145.801704,0.5654296875,0.831787109375,-0.18994140625,unknown
1714064145.844535,0.56640625,0.8271484375,-0.1923828125,unknown
1714064145.87988,0.563720703125,0.828857421875,-0.192138671875,unknown
1714064145.919069,0.567138671875,0.828125,-0.187255859375,unknown
1714064145.960834,0.567626953125,0.828125,-0.1923828125,unknown
1714064145.999881,0.56591796875,0.82861328125,-0.190673828125,unknown
1714064146.040175,0.56982421875,0.831787109375,-0.187744140625,unknown
1714064146.083043,0.56787109375,0.8291015625,-0.1904296875,unknown
1714064146.123304,0.56640625,0.829345703125,-0.189453125,unknown
1714064146.160813,0.56591796875,0.828857421875,-0.191650390625,unknown
1714064146.201166,0.5634765625,0.830078125,-0.189208984375,unknown
1714064146.241724,0.56396484375,0.832763671875,-0.189453125,unknown
1714064146.287813,0.568115234375,0.830322265625,-0.183349609375,unknown
1714064146.329248,0.568115234375,0.8310546875,-0.18310546875,unknown
1714064146.363921,0.56787109375,0.831298828125,-0.1796875,unknown
1714064146.407033,0.572021484375,0.828125,-0.17919921875,unknown
1714064146.445501,0.57568359375,0.83056640625,-0.178466796875,unknown
1714064146.483575,0.568359375,0.8251953125,-0.181640625,unknown
1714064146.5231,0.56787109375,0.825439453125,-0.1796875,unknown
1714064146.561835,0.573974609375,0.82763671875,-0.17919921875,unknown
1714064146.601034,0.57177734375,0.829345703125,-0.17724609375,unknown
1714064146.641917,0.568603515625,0.828125,-0.17822265625,unknown
1714064146.683271,0.5703125,0.832763671875,-0.179931640625,unknown
1714064146.722572,0.567138671875,0.830078125,-0.1826171875,unknown
1714064146.760699,0.568603515625,0.829833984375,-0.18115234375,unknown
1714064146.80068,0.567626953125,0.83056640625,-0.180908203125,unknown
1714064146.851054,0.56884765625,0.82958984375,-0.18212890625,unknown
1714064146.882282,0.567138671875,0.828369140625,-0.18359375,unknown
1714064146.923709,0.566650390625,0.83056640625,-0.18408203125,unknown
1714064146.96294,0.56884765625,0.82861328125,-0.187255859375,unknown
1714064147.002765,0.568603515625,0.8271484375,-0.188232421875,unknown
1714064147.042689,0.56982421875,0.82568359375,-0.1875,unknown
1714064147.085222,0.568115234375,0.827392578125,-0.188720703125,unknown
1714064147.122623,0.567138671875,0.828369140625,-0.186279296875,unknown
1714064147.162705,0.56494140625,0.830078125,-0.189208984375,unknown
1714064147.20162,0.56298828125,0.827880859375,-0.188720703125,unknown
1714064147.241722,0.566650390625,0.8291015625,-0.186767578125,unknown
1714064147.283227,0.571044921875,0.83203125,-0.18701171875,unknown
1714064147.324167,0.568115234375,0.830078125,-0.181396484375,unknown
1714064147.363066,0.569091796875,0.826416015625,-0.1806640625,unknown
1714064147.404291,0.5703125,0.828369140625,-0.178955078125,unknown
1714064147.443948,0.56689453125,0.82861328125,-0.1826171875,unknown
1714064147.483962,0.5693359375,0.82763671875,-0.183349609375,unknown
1714064147.52357,0.56787109375,0.829345703125,-0.186767578125,unknown
1714064147.563723,0.570556640625,0.827392578125,-0.184326171875,unknown
1714064147.608261,0.56640625,0.8291015625,-0.18408203125,unknown
1714064147.645782,0.568115234375,0.830078125,-0.188232421875,unknown
1714064147.688296,0.568603515625,0.828857421875,-0.188232421875,unknown
1714064147.729517,0.5654296875,0.827392578125,-0.188720703125,unknown
1714064147.764838,0.56591796875,0.8271484375,-0.190673828125,unknown
1714064147.803992,0.56787109375,0.830078125,-0.192138671875,unknown
1714064147.843166,0.56640625,0.827392578125,-0.18896484375,unknown
1714064147.883967,0.56494140625,0.828125,-0.188232421875,unknown
1714064147.922907,0.569091796875,0.829833984375,-0.189453125,unknown
1714064147.964002,0.568603515625,0.827880859375,-0.195068359375,unknown
1714064148.003643,0.567138671875,0.827880859375,-0.190185546875,unknown
1714064148.047163,0.56884765625,0.828857421875,-0.186279296875,unknown
1714064148.085397,0.56689453125,0.829833984375,-0.18310546875,unknown
1714064148.125295,0.567626953125,0.827880859375,-0.184814453125,unknown
1714064148.165545,0.567138671875,0.82958984375,-0.184326171875,unknown
1714064148.208796,0.57275390625,0.83251953125,-0.1865234375,unknown
1714064148.246344,0.566162109375,0.8251953125,-0.18359375,unknown
1714064148.289786,0.569091796875,0.827392578125,-0.186767578125,unknown
1714064148.32937,0.568115234375,0.82958984375,-0.183837890625,unknown
1714064148.370551,0.569580078125,0.825927734375,-0.188232421875,unknown
1714064148.411473,0.56884765625,0.827392578125,-0.188232421875,unknown
1714064148.450014,0.5673828125,0.827880859375,-0.18701171875,unknown
1714064148.488483,0.566650390625,0.829345703125,-0.1884765625,unknown
1714064148.530283,0.56494140625,0.830078125,-0.1845703125,unknown
1714064148.568601,0.56640625,0.83154296875,-0.1865234375,unknown
1714064148.609208,0.56689453125,0.831298828125,-0.18408203125,unknown
1714064148.649831,0.5654296875,0.829345703125,-0.1796875,unknown
1714064148.686241,0.5693359375,0.82763671875,-0.179443359375,unknown
1714064148.730069,0.5673828125,0.828125,-0.184814453125,unknown
1714064148.77341,0.571533203125,0.82861328125,-0.1806640625,unknown
1714064148.810164,0.572509765625,0.82958984375,-0.183837890625,unknown
1714064148.851207,0.56982421875,0.830322265625,-0.181640625,unknown
1714064148.891462,0.5693359375,0.827880859375,-0.18505859375,unknown
1714064148.931052,0.569091796875,0.826171875,-0.182861328125,unknown
1714064148.969459,0.5703125,0.82861328125,-0.187255859375,unknown
1714064149.009928,0.5654296875,0.82373046875,-0.18505859375,unknown
1714064149.049066,0.568359375,0.82763671875,-0.189453125,unknown
1714064149.089657,0.569580078125,0.82958984375,-0.185546875,unknown
1714064149.128776,0.567626953125,0.828857421875,-0.187744140625,unknown
1714064149.171076,0.56640625,0.825927734375,-0.189453125,unknown
1714064149.209643,0.568115234375,0.82666015625,-0.187744140625,unknown
1714064149.249922,0.56689453125,0.82861328125,-0.187744140625,unknown
1714064149.291663,0.567626953125,0.82666015625,-0.190673828125,unknown
1714064149.331919,0.56298828125,0.828369140625,-0.190673828125,unknown
1714064149.372913,0.566650390625,0.83154296875,-0.191162109375,unknown
1714064149.411148,0.563720703125,0.83056640625,-0.189453125,unknown
1714064149.449108,0.569580078125,0.829345703125,-0.188232421875,unknown
1714064149.496768,0.570556640625,0.82470703125,-0.192626953125,unknown
1714064149.529268,0.5693359375,0.826904296875,-0.189697265625,unknown
1714064149.580171,0.56982421875,0.828125,-0.184814453125,unknown
1714064149.609816,0.564453125,0.82861328125,-0.185302734375,unknown
1714064149.653326,0.5654296875,0.8291015625,-0.189697265625,unknown
1714064149.68956,0.56396484375,0.832275390625,-0.18505859375,unknown
1714064149.740982,0.569580078125,0.830322265625,-0.18701171875,unknown
1714064149.770665,0.5634765625,0.82568359375,-0.18603515625,unknown
1714064149.808946,0.568603515625,0.829833984375,-0.1875,unknown
1714064149.847901,0.566650390625,0.828125,-0.18603515625,unknown
1714064149.887425,0.568359375,0.830322265625,-0.18359375,unknown
1714064149.92939,0.571533203125,0.831787109375,-0.180908203125,unknown
1714064149.97469,0.56591796875,0.833984375,-0.179931640625,unknown
1714064150.009468,0.56689453125,0.832275390625,-0.18212890625,unknown
1714064150.054393,0.565185546875,0.830078125,-0.18896484375,unknown
1714064150.089618,0.565673828125,0.826416015625,-0.191162109375,unknown
1714064150.140025,0.56494140625,0.830322265625,-0.18896484375,unknown
1714064150.168776,0.563720703125,0.832763671875,-0.194091796875,unknown
1714064150.21677,0.56103515625,0.833251953125,-0.1962890625,unknown
1714064150.254648,0.56201171875,0.831298828125,-0.19970703125,unknown
1714064150.290386,0.5595703125,0.831787109375,-0.201416015625,unknown
1714064150.331291,0.560302734375,0.8310546875,-0.203125,unknown
1714064150.370748,0.5595703125,0.828125,-0.2041015625,unknown
1714064150.410452,0.556396484375,0.82763671875,-0.20703125,unknown
1714064150.448711,0.5615234375,0.829833984375,-0.20458984375,unknown
1714064150.487725,0.555908203125,0.834716796875,-0.2138671875,unknown
1714064150.531069,0.560302734375,0.831298828125,-0.197509765625,unknown
1714064150.568762,0.56494140625,0.82177734375,-0.22265625,unknown
1714064150.609203,0.56396484375,0.81298828125,-0.2294921875,unknown
1714064150.648715,0.566162109375,0.809814453125,-0.229736328125,unknown
1714064150.693249,0.572265625,0.803955078125,-0.224365234375,unknown
1714064150.728565,0.583251953125,0.812744140625,-0.212646484375,unknown
1714064150.769213,0.589111328125,0.818115234375,-0.199951171875,unknown
1714064150.809645,0.591796875,0.801513671875,-0.192138671875,unknown
1714064150.849508,0.581298828125,0.80224609375,-0.198974609375,unknown
1714064150.88961,0.583251953125,0.79345703125,-0.182373046875,unknown
1714064150.932067,0.572021484375,0.80322265625,-0.19921875,unknown
1714064150.970676,0.556884765625,0.781494140625,-0.1865234375,unknown
1714064151.013346,0.564453125,0.76953125,-0.13818359375,unknown
1714064151.053356,0.559814453125,0.800048828125,-0.076416015625,unknown
1714064151.090706,0.60400390625,0.804443359375,-0.046875,unknown
1714064151.130877,0.644775390625,0.844970703125,-0.02197265625,unknown
1714064151.169806,0.653564453125,0.841064453125,-0.028564453125,unknown
1714064151.209849,0.616455078125,0.838623046875,0.03271484375,unknown
1714064151.252331,0.658935546875,0.823974609375,0.02001953125,unknown
1714064151.29301,0.6474609375,0.800537109375,0.065673828125,unknown
1714064151.331112,0.612060546875,0.803955078125,0.120849609375,unknown
1714064151.377643,0.623291015625,0.791259765625,0.14306640625,unknown
1714064151.412156,0.642578125,0.816650390625,0.134033203125,unknown
1714064151.464106,0.6083984375,0.814208984375,0.1455078125,unknown
1714064151.491629,0.64208984375,0.80859375,0.142333984375,unknown
1714064151.534507,0.607421875,0.79638671875,0.16357421875,unknown
1714064151.577288,0.6279296875,0.796630859375,0.156494140625,unknown
1714064151.612624,0.611572265625,0.792236328125,0.170654296875,unknown
1714064151.654544,0.64404296875,0.79931640625,0.185791015625,unknown
1714064151.693962,0.648681640625,0.787841796875,0.20751953125,unknown
1714064151.732612,0.6162109375,0.786865234375,0.16796875,unknown
1714064151.770423,0.625732421875,0.78857421875,0.181884765625,unknown
1714064151.81156,0.615234375,0.779296875,0.17041015625,unknown
1714064151.851103,0.659912109375,0.789306640625,0.188232421875,unknown
1714064151.892279,0.631591796875,0.770263671875,0.18212890625,unknown
1714064151.931473,0.65283203125,0.781982421875,0.227294921875,unknown
1714064151.97206,0.65771484375,0.775390625,0.21142578125,unknown
1714064152.020966,0.669921875,0.769287109375,0.21142578125,unknown
1714064152.052433,0.634765625,0.75830078125,0.19091796875,unknown
1714064152.093786,0.6630859375,0.76220703125,0.192138671875,unknown
1714064152.133443,0.646484375,0.756591796875,0.180908203125,unknown
1714064152.175879,0.6455078125,0.75390625,0.17333984375,unknown
1714064152.2136,0.645263671875,0.767333984375,0.1669921875,unknown
1714064152.292478,0.650390625,0.75830078125,0.202880859375,unknown
1714064152.295453,0.6494140625,0.762451171875,0.198974609375,unknown
1714064152.341335,0.64208984375,0.7587890625,0.186767578125,unknown
1714064152.38155,0.6318359375,0.759521484375,0.18896484375,unknown
1714064152.415637,0.645751953125,0.766845703125,0.160400390625,unknown
1714064152.460407,0.65283203125,0.7578125,0.19677734375,unknown
1714064152.494115,0.678466796875,0.752197265625,0.1865234375,unknown
1714064152.536281,0.635009765625,0.764892578125,0.187255859375,unknown
1714064152.575422,0.664306640625,0.78125,0.17578125,unknown
1714064152.612886,0.669921875,0.779052734375,0.21435546875,unknown
1714064152.652535,0.6298828125,0.782470703125,0.189697265625,unknown
1714064152.694302,0.629150390625,0.76904296875,0.16015625,unknown
1714064152.735069,0.619140625,0.7626953125,0.18212890625,unknown
1714064152.776019,0.6396484375,0.7578125,0.193115234375,unknown
1714064152.813715,0.654541015625,0.77978515625,0.187255859375,unknown
1714064152.855186,0.627685546875,0.762939453125,0.169921875,unknown
1714064152.895294,0.65478515625,0.7998046875,0.20166015625,unknown
1714064152.936687,0.63134765625,0.77978515625,0.17431640625,unknown
1714064152.978525,0.656005859375,0.77685546875,0.19921875,unknown
1714064153.016543,0.630615234375,0.78076171875,0.16015625,unknown
1714064153.054551,0.631103515625,0.79150390625,0.165283203125,unknown
1714064153.093409,0.619873046875,0.789306640625,0.180419921875,unknown
1714064153.134221,0.626953125,0.789794921875,0.180908203125,unknown
1714064153.172759,0.6142578125,0.791015625,0.184814453125,unknown
1714064153.213664,0.62353515625,0.803466796875,0.1865234375,unknown
1714064153.253509,0.639404296875,0.800537109375,0.191162109375,unknown
1714064153.293595,0.64404296875,0.80419921875,0.182861328125,unknown
1714064153.337294,0.64501953125,0.793701171875,0.151611328125,unknown
1714064153.375201,0.639892578125,0.7890625,0.139892578125,unknown
1714064153.41488,0.62548828125,0.816650390625,0.1123046875,unknown
1714064153.455877,0.632080078125,0.763671875,0.126708984375,unknown
1714064153.495502,0.64453125,0.762451171875,0.128662109375,unknown
1714064153.53804,0.62548828125,0.757568359375,0.095703125,unknown
1714064153.578416,0.64013671875,0.761962890625,0.114501953125,unknown
1714064153.616568,0.63427734375,0.75537109375,0.096435546875,unknown
1714064153.66545,0.66748046875,0.812255859375,0.107421875,unknown
1714064153.69586,0.635009765625,0.800048828125,0.0751953125,unknown
1714064153.742599,0.650634765625,0.7890625,0.09814453125,unknown
1714064153.775142,0.655517578125,0.77587890625,0.08447265625,unknown
1714064153.819472,0.657470703125,0.775146484375,0.083251953125,unknown
1714064153.859669,0.6611328125,0.78564453125,0.08056640625,unknown
1714064153.900585,0.647705078125,0.76171875,0.0439453125,unknown
1714064153.939164,0.681396484375,0.77294921875,0.06982421875,unknown
1714064153.97905,0.696044921875,0.76708984375,0.09716796875,unknown
1714064154.016226,0.664794921875,0.73974609375,0.052001953125,unknown
1714064154.057469,0.68701171875,0.756103515625,0.059326171875,unknown
1714064154.098304,0.6962890625,0.754150390625,0.065673828125,unknown
1714064154.136083,0.697265625,0.740966796875,0.04345703125,unknown
1714064154.176892,0.72705078125,0.753662109375,0.05419921875,unknown
1714064154.217529,0.697021484375,0.732421875,0.02880859375,unknown
1714064154.256443,0.72802734375,0.693359375,0.058349609375,unknown
1714064154.297002,0.755615234375,0.699951171875,0.072509765625,unknown
1714064154.33805,0.763916015625,0.692626953125,0.0732421875,unknown
1714064154.376617,0.734130859375,0.660400390625,0.061767578125,unknown
1714064154.416356,0.714111328125,0.679443359375,0.063720703125,unknown
1714064154.45463,0.747802734375,0.677734375,0.072265625,unknown
1714064154.495528,0.7734375,0.6953125,0.07275390625,unknown
1714064154.535564,0.74169921875,0.706298828125,0.10546875,unknown
1714064154.577064,0.77099609375,0.690673828125,0.13330078125,unknown
1714064154.616637,0.739501953125,0.700439453125,0.13720703125,unknown
1714064154.657091,0.739501953125,0.703125,0.111572265625,unknown
1714064154.695435,0.7587890625,0.699951171875,0.13232421875,unknown
1714064154.735361,0.731689453125,0.681884765625,0.151123046875,unknown
1714064154.779652,0.7998046875,0.638427734375,0.130859375,unknown
1714064154.816673,0.752685546875,0.6298828125,0.098388671875,unknown
1714064154.857975,0.728515625,0.639892578125,0.066162109375,unknown
1714064154.897977,0.678466796875,0.677490234375,0.080078125,unknown
1714064154.938041,0.687744140625,0.739501953125,0.0703125,unknown
1714064154.978686,0.68017578125,0.74658203125,0.083984375,unknown
1714064155.017517,0.7294921875,0.791259765625,0.16748046875,unknown
1714064155.056629,0.760986328125,0.796630859375,0.161376953125,unknown
1714064155.099985,0.752197265625,0.771728515625,0.126953125,unknown
1714064155.141152,0.695556640625,0.73193359375,0.07958984375,unknown
1714064155.178684,0.669677734375,0.718994140625,0.072509765625,unknown
1714064155.21937,0.660888671875,0.72265625,0.044677734375,unknown
1714064155.257722,0.679931640625,0.737060546875,0.045166015625,unknown
1714064155.304307,0.689453125,0.747314453125,0.0830078125,unknown
1714064155.339186,0.67529296875,0.747802734375,0.0869140625,unknown
1714064155.377301,0.6826171875,0.7529296875,0.084228515625,unknown
1714064155.418968,0.686279296875,0.7548828125,0.0869140625,unknown
1714064155.468385,0.687744140625,0.756103515625,0.087646484375,unknown
1714064155.497261,0.67626953125,0.750732421875,0.087646484375,unknown
1714064155.546171,0.685546875,0.751708984375,0.0595703125,unknown
1714064155.585807,0.695556640625,0.749267578125,0.078369140625,unknown
1714064155.624004,0.705078125,0.73779296875,0.093994140625,unknown
1714064155.662019,0.698974609375,0.73681640625,0.088623046875,unknown
1714064155.701417,0.700439453125,0.740478515625,0.080322265625,unknown
1714064155.741873,0.69140625,0.74169921875,0.06005859375,unknown
1714064155.779199,0.698486328125,0.728515625,0.065673828125,unknown
1714064155.818689,0.712646484375,0.71923828125,0.05078125,unknown
1714064155.862714,0.713134765625,0.72119140625,0.0693359375,unknown
1714064155.898273,0.716796875,0.724853515625,0.0595703125,unknown
1714064155.939568,0.720947265625,0.7216796875,0.05517578125,unknown
1714064155.982155,0.71826171875,0.735107421875,0.0556640625,unknown
1714064156.021524,0.704833984375,0.725341796875,0.057861328125,unknown
1714064156.060517,0.70751953125,0.722900390625,0.040283203125,unknown
1714064156.102113,0.684326171875,0.718994140625,0.022216796875,unknown
1714064156.142042,0.691650390625,0.730224609375,0.033935546875,unknown
1714064156.182113,0.698974609375,0.73388671875,0.059326171875,unknown
1714064156.22023,0.71044921875,0.7421875,0.0830078125,unknown
1714064156.260528,0.68798828125,0.748046875,0.1357421875,unknown
1714064156.301956,0.674072265625,0.765380859375,0.129150390625,unknown
1714064156.343341,0.691650390625,0.77978515625,0.134033203125,unknown
1714064156.379875,0.684814453125,0.767333984375,0.12744140625,unknown
