ts,x_ear,y_ear,z_ear,label
1714062994.002159,-0.9560546875,0.28076171875,0.13671875,unknown
1714062994.002176,-0.9541015625,0.285400390625,0.14453125,unknown
1714062994.03731,-0.965087890625,0.28173828125,0.1396484375,unknown
1714062994.091932,-0.95556640625,0.283935546875,0.138671875,unknown
1714062994.118294,-0.9609375,0.280029296875,0.147216796875,unknown
1714062994.159232,-0.960693359375,0.28369140625,0.131103515625,unknown
1714062994.199282,-0.960205078125,0.28515625,0.13623046875,unknown
1714062994.240903,-0.960693359375,0.286376953125,0.1416015625,unknown
1714062994.28886,-0.9619140625,0.28515625,0.138671875,unknown
1714062994.317249,-0.961181640625,0.286865234375,0.135009765625,unknown
1714062994.361867,-0.959228515625,0.2841796875,0.136962890625,unknown
1714062994.47406,-0.955810546875,0.28466796875,0.132568359375,unknown
1714062994.47409,-0.9609375,0.28369140625,0.1318359375,unknown
1714062994.485925,-0.962890625,0.2861328125,0.1337890625,unknown
1714062994.52112,-0.958251953125,0.28466796875,0.13232421875,unknown
1714062994.562827,-0.957763671875,0.284423828125,0.135498046875,unknown
1714062994.624295,-0.958984375,0.285888671875,0.134765625,unknown
1714062994.645077,-0.958984375,0.284912109375,0.14306640625,unknown
1714062994.678462,-0.950927734375,0.291015625,0.140380859375,unknown
1714062994.727344,-0.960205078125,0.283935546875,0.13818359375,unknown
1714062994.760455,-0.953125,0.285400390625,0.1318359375,unknown
1714062994.799489,-0.95849609375,0.28369140625,0.1318359375,unknown
1714062994.840619,-0.9619140625,0.2802734375,0.13818359375,unknown
1714062994.880347,-0.9599609375,0.284912109375,0.1328125,unknown
1714062994.919191,-0.959716796875,0.280029296875,0.13720703125,unknown
1714062994.958581,-0.956298828125,0.283935546875,0.1396484375,unknown
1714062994.999087,-0.957763671875,0.28662109375,0.13818359375,unknown
1714062995.040627,-0.96044921875,0.282958984375,0.1376953125,unknown
1714062995.078385,-0.95849609375,0.28369140625,0.136962890625,unknown
1714062995.11824,-0.958251953125,0.28369140625,0.138916015625,unknown
1714062995.158434,-0.955810546875,0.281982421875,0.1357421875,unknown
1714062995.201798,-0.958740234375,0.283203125,0.133544921875,unknown
1714062995.238726,-0.957763671875,0.284423828125,0.13525390625,unknown
1714062995.279499,-0.9599609375,0.2861328125,0.13623046875,unknown
1714062995.319339,-0.9599609375,0.283935546875,0.139404296875,unknown
1714062995.360958,-0.95703125,0.2822265625,0.14306640625,unknown
1714062995.406802,-0.9580078125,0.281982421875,0.13720703125,unknown
1714062995.453641,-0.955810546875,0.2861328125,0.146484375,unknown
1714062995.481357,-0.960693359375,0.28662109375,0.13330078125,unknown
1714062995.521394,-0.95751953125,0.285888671875,0.142333984375,unknown
1714062995.56185,-0.957275390625,0.28515625,0.14111328125,unknown
1714062995.602738,-0.957275390625,0.28515625,0.146240234375,unknown
1714062995.643569,-0.953857421875,0.285400390625,0.148193359375,unknown
1714062995.698955,-0.957275390625,0.281494140625,0.137451171875,unknown
1714062995.719717,-0.95361328125,0.28271484375,0.144287109375,unknown
1714062995.760089,-0.958740234375,0.27880859375,0.138671875,unknown
1714062995.804321,-0.957275390625,0.28125,0.1376953125,unknown
1714062995.841383,-0.96044921875,0.283203125,0.137939453125,unknown
1714062995.880552,-0.957275390625,0.282958984375,0.145751953125,unknown
1714062995.922419,-0.955810546875,0.28662109375,0.139404296875,unknown
1714062995.960463,-0.9560546875,0.28759765625,0.14990234375,unknown
1714062996.000774,-0.958251953125,0.286865234375,0.133056640625,unknown
1714062996.074467,-0.961669921875,0.2734375,0.1259765625,unknown
1714062996.090933,-0.967041015625,0.281982421875,0.13525390625,unknown
1714062996.157101,-0.959228515625,0.287353515625,0.1484375,unknown
1714062996.224768,-0.957763671875,0.285400390625,0.133544921875,unknown
1714062996.257934,-0.960693359375,0.28564453125,0.136474609375,unknown
1714062996.257972,-0.958984375,0.28271484375,0.1396484375,unknown
1714062996.358194,-0.960205078125,0.2841796875,0.13818359375,unknown
1714062996.358228,-0.956787109375,0.283203125,0.135986328125,unknown
1714062996.441072,-0.9599609375,0.28076171875,0.13916015625,unknown
1714062996.441108,-0.957275390625,0.2841796875,0.138916015625,unknown
1714062996.446349,-0.958740234375,0.287109375,0.144775390625,unknown
1714062996.506935,-0.962158203125,0.28369140625,0.1455078125,unknown
1714062996.522422,-0.957275390625,0.286376953125,0.136962890625,unknown
1714062996.593714,-0.95654296875,0.28857421875,0.1396484375,unknown
1714062996.601397,-0.9541015625,0.2841796875,0.147705078125,unknown
1714062996.646581,-0.9580078125,0.27783203125,0.1240234375,unknown
1714062996.681385,-0.961669921875,0.28466796875,0.11865234375,unknown
1714062996.729319,-0.959228515625,0.27978515625,0.12646484375,unknown
1714062996.781225,-0.95458984375,0.28759765625,0.1357421875,unknown
1714062996.80465,-0.96044921875,0.282958984375,0.124755859375,unknown
1714062996.862111,-0.958740234375,0.287841796875,0.130126953125,unknown
1714062996.883301,-0.96044921875,0.28076171875,0.1396484375,unknown
1714062996.932223,-0.95703125,0.2861328125,0.138427734375,unknown
1714062996.961288,-0.95947265625,0.27978515625,0.13818359375,unknown
1714062997.000434,-0.960693359375,0.28564453125,0.1357421875,unknown
1714062997.051521,-0.958251953125,0.28515625,0.140380859375,unknown
1714062997.082139,-0.96484375,0.284423828125,0.141357421875,unknown
1714062997.135852,-0.957275390625,0.286376953125,0.141845703125,unknown
1714062997.193464,-0.9580078125,0.28271484375,0.14208984375,unknown
1714062997.213296,-0.959228515625,0.282470703125,0.140869140625,unknown
1714062997.242365,-0.956787109375,0.289306640625,0.118408203125,unknown
1714062997.282336,-0.959228515625,0.281005859375,0.131591796875,unknown
1714062997.335211,-0.958251953125,0.282958984375,0.135498046875,unknown
1714062997.367291,-0.959716796875,0.28125,0.1416015625,unknown
1714062997.418776,-0.955078125,0.28271484375,0.146728515625,unknown
1714062997.443576,-0.962158203125,0.27587890625,0.132568359375,unknown
1714062997.502901,-0.958251953125,0.283447265625,0.148193359375,unknown
1714062997.524697,-0.956298828125,0.28369140625,0.145263671875,unknown
1714062997.570446,-0.952392578125,0.291748046875,0.13623046875,unknown
1714062997.623657,-0.95458984375,0.2861328125,0.129638671875,unknown
1714062997.641813,-0.957763671875,0.284423828125,0.142822265625,unknown
1714062997.707958,-0.95654296875,0.28564453125,0.1396484375,unknown
1714062997.722331,-0.952880859375,0.28564453125,0.140869140625,unknown
1714062997.764319,-0.95556640625,0.28466796875,0.136962890625,unknown
1714062997.802749,-0.959228515625,0.283447265625,0.137939453125,unknown
1714062997.85028,-0.957275390625,0.28564453125,0.141357421875,unknown
1714062997.900352,-0.958251953125,0.28271484375,0.13134765625,unknown
1714062997.924736,-0.9599609375,0.282470703125,0.13720703125,unknown
1714062997.986095,-0.957763671875,0.283935546875,0.134765625,unknown
1714062998.0036,-0.9619140625,0.281494140625,0.1376953125,unknown
1714062998.049604,-0.962646484375,0.27978515625,0.133544921875,unknown
1714062998.085066,-0.958984375,0.283447265625,0.134765625,unknown
1714062998.132093,-0.958740234375,0.285400390625,0.138427734375,unknown
1714062998.187226,-0.95751953125,0.28271484375,0.14404296875,unknown
1714062998.204906,-0.956298828125,0.290283203125,0.151123046875,unknown
1714062998.266416,-0.95654296875,0.289794921875,0.134033203125,unknown
1714062998.285959,-0.958984375,0.28466796875,0.131591796875,unknown
1714062998.334756,-0.95947265625,0.282958984375,0.13720703125,unknown
1714062998.363527,-0.96044921875,0.286376953125,0.14794921875,unknown
1714062998.406033,-0.95654296875,0.284423828125,0.144775390625,unknown
1714062998.447293,-0.960205078125,0.28271484375,0.14111328125,unknown
1714062998.488476,-0.955810546875,0.28857421875,0.143310546875,unknown
1714062998.524396,-0.9580078125,0.281982421875,0.1416015625,unknown
1714062998.576811,-0.957275390625,0.286376953125,0.154296875,unknown
1714062998.605165,-0.956298828125,0.2802734375,0.14453125,unknown
1714062998.656609,-0.957763671875,0.283935546875,0.141845703125,unknown
1714062998.709693,-0.95654296875,0.28564453125,0.136474609375,unknown
1714062998.72682,-0.957763671875,0.2822265625,0.1416015625,unknown
1714062998.788548,-0.958251953125,0.28369140625,0.139892578125,unknown
1714062998.807567,-0.95751953125,0.285888671875,0.137451171875,unknown
1714062998.855149,-0.958984375,0.28515625,0.140869140625,unknown
1714062998.889512,-0.958984375,0.284423828125,0.138427734375,unknown
1714062998.927617,-0.958984375,0.28173828125,0.14453125,unknown
1714062998.977788,-0.95751953125,0.282958984375,0.141357421875,unknown
1714062999.009225,-0.957275390625,0.281494140625,0.133056640625,unknown
1714062999.058755,-0.95751953125,0.28515625,0.150390625,unknown
1714062999.083888,-0.95703125,0.286865234375,0.14208984375,unknown
1714062999.133092,-0.956298828125,0.28515625,0.143310546875,unknown
1714062999.164637,-0.95703125,0.287353515625,0.149169921875,unknown
1714062999.2073,-0.9619140625,0.284423828125,0.152099609375,unknown
1714062999.256542,-0.953857421875,0.286376953125,0.16064453125,unknown
1714062999.288429,-0.954345703125,0.287841796875,0.1435546875,unknown
1714062999.341486,-0.9580078125,0.281494140625,0.145263671875,unknown
1714062999.366459,-0.956298828125,0.283203125,0.13232421875,unknown
1714062999.409912,-0.95849609375,0.28125,0.1337890625,unknown
1714062999.447546,-0.95703125,0.28369140625,0.13623046875,unknown
1714062999.491672,-0.9638671875,0.282958984375,0.14208984375,unknown
1714062999.543963,-0.95947265625,0.282958984375,0.13818359375,unknown
1714062999.565787,-0.953369140625,0.284423828125,0.14013671875,unknown
1714062999.62343,-0.95458984375,0.2890625,0.151123046875,unknown
1714062999.643344,-0.958740234375,0.28564453125,0.141357421875,unknown
1714062999.694536,-0.95849609375,0.287841796875,0.143798828125,unknown
1714062999.725562,-0.957763671875,0.285888671875,0.13916015625,unknown
1714062999.764568,-0.954833984375,0.28125,0.14111328125,unknown
1714062999.808497,-0.953369140625,0.284912109375,0.14306640625,unknown
1714062999.847023,-0.957763671875,0.283447265625,0.141357421875,unknown
1714062999.893186,-0.959716796875,0.284423828125,0.1337890625,unknown
1714062999.945357,-0.9599609375,0.287109375,0.1328125,unknown
1714062999.968718,-0.971923828125,0.247314453125,0.169677734375,unknown
1714063000.026365,-0.989990234375,0.277099609375,0.188232421875,unknown
1714063000.046342,-0.98486328125,0.308837890625,0.07958984375,unknown
1714063000.093268,-0.94384765625,0.292236328125,0.14013671875,unknown
1714063000.137436,-0.94677734375,0.282470703125,0.14453125,unknown
1714063000.178093,-0.9560546875,0.279052734375,0.148193359375,unknown
1714063000.231537,-0.96240234375,0.28076171875,0.144775390625,unknown
1714063000.248412,-0.958251953125,0.281494140625,0.148193359375,unknown
1714063000.284266,-0.95849609375,0.281494140625,0.143798828125,unknown
1714063000.326431,-0.9580078125,0.285400390625,0.1484375,unknown
1714063000.368489,-0.95849609375,0.28515625,0.1474609375,unknown
1714063000.40548,-0.95654296875,0.28369140625,0.143798828125,unknown
1714063000.456182,-0.967529296875,0.283447265625,0.149658203125,unknown
1714063000.505985,-0.953125,0.28369140625,0.144775390625,unknown
1714063000.528321,-0.9638671875,0.283203125,0.147216796875,unknown
1714063000.586019,-0.953369140625,0.2861328125,0.141357421875,unknown
1714063000.607021,-0.96044921875,0.277099609375,0.149658203125,unknown
1714063000.647436,-0.9619140625,0.2841796875,0.14501953125,unknown
1714063000.688619,-0.96240234375,0.2841796875,0.14892578125,unknown
1714063000.727444,-0.959228515625,0.279296875,0.14501953125,unknown
1714063000.797165,-0.946044921875,0.291259765625,0.138916015625,unknown
1714063000.811515,-0.965087890625,0.286376953125,0.151123046875,unknown
1714063000.861702,-0.963134765625,0.28564453125,0.151123046875,unknown
1714063000.886505,-0.9609375,0.279296875,0.147216796875,unknown
1714063000.9343,-0.952880859375,0.284423828125,0.142822265625,unknown
1714063000.966914,-0.961669921875,0.28564453125,0.149658203125,unknown
1714063001.007236,-0.946533203125,0.279296875,0.1484375,unknown
1714063001.055214,-0.955078125,0.283935546875,0.14599609375,unknown
1714063001.087937,-0.955810546875,0.28125,0.14599609375,unknown
1714063001.143121,-0.95849609375,0.28125,0.14404296875,unknown
1714063001.195515,-0.959716796875,0.28271484375,0.147705078125,unknown
1714063001.212708,-0.942138671875,0.28173828125,0.1416015625,unknown
1714063001.252277,-0.939208984375,0.291259765625,0.14013671875,unknown
1714063001.292555,-0.961181640625,0.27490234375,0.151611328125,unknown
1714063001.344035,-0.953857421875,0.283935546875,0.14404296875,unknown
1714063001.36846,-0.955078125,0.286865234375,0.1396484375,unknown
1714063001.425313,-0.956787109375,0.282958984375,0.14794921875,unknown
1714063001.448744,-0.958984375,0.28271484375,0.146240234375,unknown
1714063001.499841,-0.95556640625,0.283935546875,0.14306640625,unknown
1714063001.530088,-0.95947265625,0.283203125,0.14697265625,unknown
1714063001.570812,-0.955810546875,0.285888671875,0.146240234375,unknown
1714063001.621657,-0.956787109375,0.2822265625,0.1455078125,unknown
1714063001.647385,-0.95751953125,0.2841796875,0.1455078125,unknown
1714063001.705859,-0.958251953125,0.284423828125,0.1455078125,unknown
1714063001.728684,-0.958984375,0.280029296875,0.14599609375,unknown
1714063001.780193,-0.958251953125,0.28515625,0.145751953125,unknown
1714063001.807942,-0.95654296875,0.2822265625,0.14599609375,unknown
1714063001.849966,-0.958740234375,0.282470703125,0.145263671875,unknown
1714063001.898252,-0.960205078125,0.283447265625,0.146240234375,unknown
1714063001.930417,-0.958251953125,0.2841796875,0.146484375,unknown
1714063001.982624,-0.95654296875,0.28173828125,0.146484375,unknown
1714063002.03716,-0.95654296875,0.28271484375,0.143798828125,unknown
1714063002.054733,-0.959716796875,0.284423828125,0.1484375,unknown
1714063002.090545,-0.95849609375,0.281494140625,0.146484375,unknown
1714063002.129698,-0.959716796875,0.2802734375,0.1455078125,unknown
1714063002.177272,-0.95947265625,0.28173828125,0.14794921875,unknown
1714063002.208648,-0.95654296875,0.28271484375,0.14697265625,unknown
1714063002.261597,-0.956298828125,0.281494140625,0.145263671875,unknown
1714063002.287355,-0.958251953125,0.282470703125,0.1484375,unknown
1714063002.331436,-0.95849609375,0.2822265625,0.144287109375,unknown
1714063002.395184,-0.957763671875,0.28271484375,0.147705078125,unknown
1714063002.409975,-0.9580078125,0.286376953125,0.144775390625,unknown
1714063002.449534,-0.95703125,0.282958984375,0.145263671875,unknown
1714063002.489924,-0.95751953125,0.283447265625,0.146240234375,unknown
1714063002.529428,-0.9599609375,0.282470703125,0.14599609375,unknown
1714063002.579604,-0.957275390625,0.284423828125,0.1455078125,unknown
1714063002.610022,-0.956787109375,0.283203125,0.146484375,unknown
1714063002.657753,-0.957763671875,0.282958984375,0.1474609375,unknown
1714063002.712853,-0.9560546875,0.284912109375,0.1484375,unknown
1714063002.730597,-0.95556640625,0.283447265625,0.14453125,unknown
1714063002.789507,-0.957275390625,0.284423828125,0.148193359375,unknown
1714063002.80832,-0.954345703125,0.282958984375,0.14697265625,unknown
1714063002.853289,-0.957275390625,0.282958984375,0.144775390625,unknown
1714063002.888344,-0.958740234375,0.2841796875,0.1455078125,unknown
1714063002.929373,-0.95654296875,0.28076171875,0.147705078125,unknown
1714063002.97301,-0.95654296875,0.28515625,0.14501953125,unknown
1714063003.009302,-0.956298828125,0.283935546875,0.144775390625,unknown
1714063003.052638,-0.95703125,0.283203125,0.14794921875,unknown
1714063003.100146,-0.9580078125,0.28076171875,0.1474609375,unknown
1714063003.129292,-0.95703125,0.281982421875,0.146728515625,unknown
1714063003.190446,-0.958984375,0.283935546875,0.1455078125,unknown
1714063003.211697,-0.9765625,0.270751953125,0.093994140625,unknown
1714063003.257795,-0.929931640625,0.32373046875,0.0771484375,unknown
1714063003.319156,-0.966064453125,0.2626953125,0.16796875,unknown
1714063003.331937,-0.92041015625,0.302734375,0.11328125,unknown
1714063003.370372,-0.86083984375,0.231201171875,0.038818359375,unknown
1714063003.411309,-0.978759765625,0.26904296875,0.103515625,unknown
1714063003.450938,-0.95703125,0.283447265625,0.132080078125,unknown
1714063003.499285,-0.968994140625,0.28076171875,0.135009765625,unknown
1714063003.529397,-0.948974609375,0.291015625,0.12158203125,unknown
1714063003.577136,-0.95556640625,0.280029296875,0.12060546875,unknown
1714063003.630661,-0.961181640625,0.283447265625,0.1494140625,unknown
1714063003.648437,-0.956787109375,0.279052734375,0.13232421875,unknown
1714063003.714446,-0.9658203125,0.27734375,0.135986328125,unknown
1714063003.73044,-0.958984375,0.28564453125,0.13623046875,unknown
1714063003.774581,-0.9560546875,0.288818359375,0.133544921875,unknown
1714063003.81061,-0.954833984375,0.285888671875,0.140380859375,unknown
1714063003.851825,-0.95849609375,0.282958984375,0.149658203125,unknown
1714063003.900215,-0.959716796875,0.283203125,0.139404296875,unknown
1714063003.929567,-0.958251953125,0.28076171875,0.144287109375,unknown
1714063003.981632,-0.9580078125,0.28125,0.14111328125,unknown
1714063004.033676,-0.95654296875,0.284423828125,0.1396484375,unknown
1714063004.049692,-0.95947265625,0.284912109375,0.1396484375,unknown
1714063004.114819,-0.959228515625,0.283203125,0.14013671875,unknown
1714063004.128569,-0.9541015625,0.282958984375,0.140625,unknown
1714063004.175846,-0.9580078125,0.28466796875,0.14013671875,unknown
1714063004.211954,-0.955810546875,0.2841796875,0.14208984375,unknown
1714063004.254271,-0.95947265625,0.28271484375,0.138671875,unknown
1714063004.302804,-0.95703125,0.2861328125,0.139404296875,unknown
1714063004.3317,-0.959716796875,0.28466796875,0.1416015625,unknown
1714063004.384652,-0.95703125,0.285888671875,0.141357421875,unknown
1714063004.409352,-0.958251953125,0.28466796875,0.1416015625,unknown
1714063004.460121,-0.962890625,0.2822265625,0.138916015625,unknown
1714063004.490404,-0.951171875,0.282470703125,0.12890625,unknown
1714063004.531409,-0.967041015625,0.269287109375,0.156982421875,unknown
1714063004.575245,-0.94140625,0.284912109375,0.13818359375,unknown
1714063004.611842,-0.9541015625,0.277587890625,0.10302734375,unknown
1714063004.657816,-0.9599609375,0.281494140625,0.15380859375,unknown
1714063004.709396,-0.959228515625,0.280517578125,0.13623046875,unknown
1714063004.730795,-0.955810546875,0.283447265625,0.150390625,unknown
1714063004.790792,-0.959716796875,0.28759765625,0.1533203125,unknown
1714063004.807438,-0.957763671875,0.28564453125,0.14990234375,unknown
1714063004.850151,-0.958740234375,0.28369140625,0.142822265625,unknown
1714063004.891192,-0.956298828125,0.28466796875,0.142333984375,unknown
1714063004.930149,-0.9560546875,0.283447265625,0.148681640625,unknown
1714063004.978429,-0.9541015625,0.287353515625,0.133056640625,unknown
1714063005.009508,-0.9560546875,0.286376953125,0.138427734375,unknown
1714063005.059118,-0.955322265625,0.284423828125,0.14404296875,unknown
1714063005.111026,-0.95654296875,0.287109375,0.145751953125,unknown
1714063005.129255,-0.955810546875,0.2822265625,0.138671875,unknown
1714063005.189465,-0.958984375,0.284423828125,0.146240234375,unknown
1714063005.229567,-0.959716796875,0.28173828125,0.140625,unknown
1714063005.249596,-0.957275390625,0.2861328125,0.143798828125,unknown
1714063005.299111,-0.960693359375,0.287353515625,0.144287109375,unknown
1714063005.329484,-0.95751953125,0.285400390625,0.14208984375,unknown
1714063005.368757,-0.958984375,0.283447265625,0.145751953125,unknown
1714063005.41553,-0.956787109375,0.28369140625,0.148681640625,unknown
1714063005.449033,-0.95703125,0.28369140625,0.14990234375,unknown
1714063005.498182,-0.957763671875,0.283935546875,0.135986328125,unknown
1714063005.547582,-0.94873046875,0.283203125,0.140625,unknown
1714063005.569454,-0.9580078125,0.279296875,0.135986328125,unknown
1714063005.627524,-0.957763671875,0.282958984375,0.147216796875,unknown
1714063005.649381,-0.950439453125,0.285400390625,0.13916015625,unknown
1714063005.702208,-0.9580078125,0.282958984375,0.14990234375,unknown
1714063005.731545,-0.95458984375,0.28857421875,0.1435546875,unknown
1714063005.769319,-0.95947265625,0.277587890625,0.137939453125,unknown
1714063005.817384,-0.955078125,0.283447265625,0.156982421875,unknown
1714063005.852772,-0.960693359375,0.277587890625,0.148193359375,unknown
1714063005.900083,-0.955810546875,0.28662109375,0.138427734375,unknown
1714063005.952744,-0.953857421875,0.28125,0.134521484375,unknown
1714063005.969568,-0.959716796875,0.281494140625,0.135009765625,unknown
1714063006.037018,-0.9599609375,0.282470703125,0.1328125,unknown
1714063006.0485,-0.959716796875,0.283935546875,0.147216796875,unknown
1714063006.090575,-0.958984375,0.283935546875,0.14501953125,unknown
1714063006.126351,-0.95849609375,0.28466796875,0.1455078125,unknown
1714063006.176074,-0.956787109375,0.282470703125,0.14306640625,unknown
1714063006.228296,-0.959716796875,0.28173828125,0.14892578125,unknown
1714063006.250896,-0.9580078125,0.28125,0.143310546875,unknown
1714063006.311001,-0.955810546875,0.283447265625,0.145263671875,unknown
1714063006.329148,-0.95751953125,0.28369140625,0.149658203125,unknown
1714063006.384551,-0.9560546875,0.284912109375,0.14013671875,unknown
1714063006.411102,-0.95556640625,0.28564453125,0.13525390625,unknown
1714063006.451028,-0.95751953125,0.2841796875,0.142333984375,unknown
1714063006.505021,-0.9599609375,0.28369140625,0.14501953125,unknown
1714063006.530354,-0.9560546875,0.28369140625,0.1455078125,unknown
1714063006.58488,-0.95849609375,0.282958984375,0.140380859375,unknown
1714063006.609332,-0.957275390625,0.283447265625,0.14404296875,unknown
1714063006.660621,-0.956298828125,0.283447265625,0.14453125,unknown
1714063006.689721,-0.9580078125,0.28271484375,0.143798828125,unknown
1714063006.731674,-0.95849609375,0.28271484375,0.14404296875,unknown
1714063006.782415,-0.958740234375,0.281982421875,0.1396484375,unknown
1714063006.81494,-0.960205078125,0.28369140625,0.143798828125,unknown
1714063006.866809,-0.956787109375,0.282958984375,0.145263671875,unknown
1714063006.888297,-0.95654296875,0.28125,0.142822265625,unknown
1714063006.931719,-0.958251953125,0.28271484375,0.142333984375,unknown
1714063006.970404,-0.955810546875,0.28271484375,0.143798828125,unknown
1714063007.009756,-0.957763671875,0.28369140625,0.14306640625,unknown
1714063007.0562,-0.95849609375,0.283935546875,0.144287109375,unknown
1714063007.090603,-0.96044921875,0.282470703125,0.135498046875,unknown
1714063007.149511,-0.958251953125,0.287353515625,0.14501953125,unknown
1714063007.172875,-0.963623046875,0.2841796875,0.1376953125,unknown
1714063007.215535,-0.95849609375,0.28125,0.144775390625,unknown
1714063007.250304,-0.955810546875,0.284423828125,0.14794921875,unknown
1714063007.290815,-0.956787109375,0.28515625,0.1533203125,unknown
1714063007.339759,-0.965087890625,0.28466796875,0.149169921875,unknown
1714063007.370808,-0.95703125,0.28466796875,0.14404296875,unknown
1714063007.42293,-0.958740234375,0.28369140625,0.14404296875,unknown
1714063007.447407,-0.95751953125,0.2841796875,0.13916015625,unknown
1714063007.493014,-0.95751953125,0.28076171875,0.142333984375,unknown
1714063007.528309,-0.955322265625,0.28369140625,0.141845703125,unknown
1714063007.569621,-0.958984375,0.283447265625,0.143310546875,unknown
1714063007.613311,-0.95654296875,0.287841796875,0.142333984375,unknown
1714063007.650897,-0.959716796875,0.28466796875,0.142333984375,unknown
1714063007.703321,-0.95751953125,0.284423828125,0.141845703125,unknown
1714063007.755662,-0.959228515625,0.283203125,0.1416015625,unknown
1714063007.773669,-0.95703125,0.282470703125,0.1435546875,unknown
1714063007.844248,-0.95947265625,0.28271484375,0.140380859375,unknown
1714063007.850425,-0.956298828125,0.2841796875,0.141845703125,unknown
1714063007.895611,-0.958740234375,0.283203125,0.142578125,unknown
1714063007.93155,-0.95849609375,0.284423828125,0.14208984375,unknown
1714063007.97859,-0.9560546875,0.283935546875,0.1435546875,unknown
1714063008.033609,-0.95849609375,0.28466796875,0.14111328125,unknown
1714063008.05105,-0.9541015625,0.281982421875,0.141357421875,unknown
1714063008.115888,-0.95654296875,0.2841796875,0.14013671875,unknown
1714063008.129987,-0.955322265625,0.283203125,0.140380859375,unknown
1714063008.171441,-0.9599609375,0.28369140625,0.144775390625,unknown
1714063008.209717,-0.95947265625,0.283447265625,0.14111328125,unknown
1714063008.256909,-0.962158203125,0.286376953125,0.144775390625,unknown
1714063008.312447,-0.9619140625,0.283203125,0.14111328125,unknown
1714063008.331574,-0.95947265625,0.28173828125,0.14501953125,unknown
1714063008.399584,-0.955322265625,0.283203125,0.1494140625,unknown
1714063008.411522,-0.952880859375,0.28662109375,0.154296875,unknown
1714063008.451462,-0.94677734375,0.29541015625,0.157470703125,unknown
1714063008.496305,-0.956787109375,0.283447265625,0.129638671875,unknown
1714063008.536792,-0.9609375,0.278076171875,0.138916015625,unknown
1714063008.591174,-0.9560546875,0.281005859375,0.146240234375,unknown
1714063008.610584,-0.959228515625,0.282958984375,0.149169921875,unknown
1714063008.676087,-0.9609375,0.283935546875,0.146484375,unknown
1714063008.689301,-0.96044921875,0.28466796875,0.1474609375,unknown
1714063008.730523,-0.9619140625,0.2783203125,0.134033203125,unknown
1714063008.768731,-0.958740234375,0.284912109375,0.16357421875,unknown
1714063008.81747,-0.95703125,0.28662109375,0.14501953125,unknown
1714063008.869535,-0.957763671875,0.282958984375,0.152099609375,unknown
1714063008.900235,-0.9580078125,0.285888671875,0.150390625,unknown
1714063008.930433,-0.954833984375,0.285888671875,0.14306640625,unknown
1714063008.970968,-0.96240234375,0.282470703125,0.143310546875,unknown
1714063009.017959,-0.95703125,0.281005859375,0.142333984375,unknown
1714063009.050938,-0.95703125,0.282470703125,0.14697265625,unknown
1714063009.101837,-0.960205078125,0.27978515625,0.14306640625,unknown
1714063009.15593,-0.95849609375,0.286376953125,0.14599609375,unknown
1714063009.17554,-0.95751953125,0.281982421875,0.140380859375,unknown
1714063009.209579,-0.957275390625,0.282958984375,0.141357421875,unknown
1714063009.252631,-0.95556640625,0.284423828125,0.139404296875,unknown
1714063009.292574,-0.95751953125,0.283935546875,0.142578125,unknown
1714063009.331851,-0.958740234375,0.285400390625,0.141357421875,unknown
1714063009.377955,-0.9580078125,0.283935546875,0.141357421875,unknown
1714063009.4371,-0.9580078125,0.2802734375,0.1396484375,unknown
1714063009.454284,-0.95947265625,0.28173828125,0.1474609375,unknown
1714063009.489559,-0.95703125,0.2822265625,0.146240234375,unknown
1714063009.529636,-0.957763671875,0.284912109375,0.154052734375,unknown
1714063009.577508,-0.960693359375,0.281494140625,0.14697265625,unknown
1714063009.611438,-0.95751953125,0.283203125,0.146484375,unknown
1714063009.663473,-0.95703125,0.2841796875,0.141845703125,unknown
1714063009.718657,-0.957275390625,0.28076171875,0.14208984375,unknown
1714063009.735518,-0.9560546875,0.281982421875,0.1416015625,unknown
1714063009.770375,-0.9580078125,0.28271484375,0.144775390625,unknown
1714063009.810866,-0.96142578125,0.284912109375,0.139892578125,unknown
1714063009.858811,-0.958740234375,0.282958984375,0.13623046875,unknown
1714063009.890702,-0.9580078125,0.283447265625,0.139404296875,unknown
1714063009.941889,-0.958740234375,0.283203125,0.13818359375,unknown
1714063009.997612,-0.96533203125,0.2783203125,0.153564453125,unknown
1714063010.015653,-0.95849609375,0.2841796875,0.1396484375,unknown
1714063010.049844,-0.959716796875,0.287353515625,0.146484375,unknown
1714063010.090413,-0.95458984375,0.28173828125,0.145263671875,unknown
1714063010.141486,-0.9580078125,0.27978515625,0.143310546875,unknown
1714063010.174242,-0.959228515625,0.281494140625,0.149169921875,unknown
1714063010.225346,-0.958740234375,0.28271484375,0.146240234375,unknown
1714063010.25132,-0.962890625,0.286865234375,0.144775390625,unknown
1714063010.300709,-0.955078125,0.283935546875,0.142822265625,unknown
1714063010.332685,-0.955322265625,0.287109375,0.135986328125,unknown
1714063010.373238,-0.95703125,0.27734375,0.147705078125,unknown
1714063010.424453,-0.95703125,0.284423828125,0.150634765625,unknown
1714063010.454324,-0.957763671875,0.2783203125,0.13525390625,unknown
1714063010.507526,-0.991943359375,0.29052734375,0.12548828125,unknown
1714063010.530257,-0.943115234375,0.282470703125,0.1767578125,unknown
1714063010.578552,-0.958251953125,0.287109375,0.16162109375,unknown
1714063010.619517,-0.960693359375,0.2802734375,0.1572265625,unknown
1714063010.655833,-0.963134765625,0.2861328125,0.147216796875,unknown
1714063010.708571,-0.956298828125,0.292724609375,0.12890625,unknown
1714063010.730415,-0.95458984375,0.286865234375,0.1396484375,unknown
1714063010.790123,-0.95703125,0.28271484375,0.148193359375,unknown
1714063010.812219,-0.901611328125,0.27392578125,0.1328125,unknown
1714063010.855981,-0.966552734375,0.271728515625,0.149658203125,unknown
1714063010.89495,-0.944580078125,0.283935546875,0.13525390625,unknown
1714063010.933303,-0.959716796875,0.28125,0.150146484375,unknown
1714063010.982162,-0.955322265625,0.278076171875,0.145751953125,unknown
1714063011.013716,-0.953857421875,0.28662109375,0.140380859375,unknown
1714063011.063346,-0.962646484375,0.281982421875,0.14892578125,unknown
1714063011.119402,-0.959228515625,0.28173828125,0.14892578125,unknown
1714063011.13578,-0.95703125,0.2841796875,0.14794921875,unknown
1714063011.171637,-0.927978515625,0.303466796875,0.011474609375,unknown
1714063011.211414,-0.88427734375,0.238037109375,-0.1025390625,unknown
1714063011.253057,-0.421630859375,0.188232421875,-0.084228515625,unknown
1714063011.291421,0.297607421875,0.232666015625,0.1123046875,unknown
1714063011.334127,-0.86962890625,0.16650390625,0.14599609375,unknown
1714063011.388685,-0.980224609375,0.276123046875,0.024169921875,unknown
1714063011.412802,-0.967041015625,0.267578125,0.173828125,unknown
1714063011.477876,-0.954833984375,0.2890625,0.12890625,unknown
1714063011.492542,-0.95556640625,0.290283203125,0.13720703125,unknown
1714063011.533645,-0.9560546875,0.2861328125,0.14013671875,unknown
1714063011.573319,-0.952392578125,0.291015625,0.1396484375,unknown
1714063011.62026,-0.95849609375,0.284912109375,0.144775390625,unknown
1714063011.67611,-0.958740234375,0.287353515625,0.126953125,unknown
1714063011.69332,-0.961181640625,0.283935546875,0.138916015625,unknown
1714063011.761113,-0.959228515625,0.28466796875,0.12939453125,unknown
1714063011.773551,-0.9599609375,0.283447265625,0.136962890625,unknown
1714063011.815253,-0.96240234375,0.283203125,0.134033203125,unknown
1714063011.852477,-0.9599609375,0.281982421875,0.1337890625,unknown
1714063011.900629,-0.95947265625,0.28515625,0.135009765625,unknown
1714063011.954264,-0.956787109375,0.28173828125,0.132080078125,unknown
1714063011.972402,-0.959716796875,0.284423828125,0.1337890625,unknown
1714063012.037806,-0.956787109375,0.28369140625,0.132080078125,unknown
1714063012.051622,-0.95947265625,0.285400390625,0.136962890625,unknown
1714063012.093975,-0.9609375,0.287841796875,0.13232421875,unknown
1714063012.133004,-0.957763671875,0.284912109375,0.1337890625,unknown
1714063012.180465,-0.9580078125,0.28466796875,0.131591796875,unknown
1714063012.232817,-0.95849609375,0.284912109375,0.132080078125,unknown
1714063012.252283,-0.958984375,0.28515625,0.13427734375,unknown
1714063012.316267,-0.958740234375,0.287353515625,0.133544921875,unknown
1714063012.33361,-0.95849609375,0.283935546875,0.135009765625,unknown
1714063012.388669,-0.96142578125,0.2861328125,0.135009765625,unknown
1714063012.417632,-0.959716796875,0.28759765625,0.132080078125,unknown
1714063012.458228,-0.95751953125,0.286376953125,0.1357421875,unknown
1714063012.511346,-0.958251953125,0.287353515625,0.13671875,unknown
1714063012.538189,-0.958740234375,0.28564453125,0.133544921875,unknown
1714063012.572885,-0.953125,0.283935546875,0.133056640625,unknown
1714063012.611587,-0.955810546875,0.28515625,0.13720703125,unknown
1714063012.660509,-0.957763671875,0.281494140625,0.134033203125,unknown
1714063012.69245,-0.95703125,0.2890625,0.138916015625,unknown
1714063012.744911,-0.963134765625,0.287841796875,0.13671875,unknown
1714063012.802522,-0.957275390625,0.28564453125,0.141845703125,unknown
1714063012.819484,-0.9521484375,0.287109375,0.1376953125,unknown
1714063012.855226,-0.934326171875,0.291015625,0.18896484375,unknown
1714063012.894481,-0.9482421875,0.2412109375,0.220947265625,unknown
1714063012.941495,-0.93603515625,0.310791015625,0.171875,unknown
1714063012.974321,-0.947998046875,0.2763671875,0.185546875,unknown
1714063013.025832,-0.9462890625,0.284423828125,0.142578125,unknown
1714063013.080014,-0.9501953125,0.28662109375,0.15771484375,unknown
1714063013.096833,-0.955810546875,0.278564453125,0.15478515625,unknown
1714063013.134,-0.956787109375,0.28173828125,0.148193359375,unknown
1714063013.171788,-0.957275390625,0.28173828125,0.148193359375,unknown
1714063013.220087,-0.96044921875,0.28076171875,0.144775390625,unknown
1714063013.252527,-0.95654296875,0.28271484375,0.14697265625,unknown
1714063013.302935,-0.961181640625,0.25927734375,0.143310546875,unknown
1714063013.356768,-0.935791015625,0.2890625,0.13525390625,unknown
1714063013.374192,-0.948486328125,0.272705078125,0.1494140625,unknown
1714063013.440075,-1.02294921875,0.300537109375,0.1591796875,unknown
1714063013.455121,-0.94091796875,0.29541015625,0.14208984375,unknown
1714063013.494295,-0.950927734375,0.270263671875,0.15673828125,unknown
1714063013.535162,-0.952392578125,0.286865234375,0.145263671875,unknown
1714063013.580152,-0.95654296875,0.2822265625,0.1474609375,unknown
1714063013.630567,-0.959716796875,0.281982421875,0.1474609375,unknown
1714063013.655887,-0.95458984375,0.284912109375,0.14453125,unknown
1714063013.714115,-0.957275390625,0.283203125,0.14794921875,unknown
1714063013.735276,-0.953369140625,0.27978515625,0.1494140625,unknown
1714063013.78818,-0.953369140625,0.2822265625,0.1435546875,unknown
1714063013.812487,-0.953857421875,0.28466796875,0.1474609375,unknown
1714063013.858199,-0.9599609375,0.283935546875,0.148193359375,unknown
1714063013.908874,-0.957763671875,0.28271484375,0.147216796875,unknown
1714063013.933615,-0.95849609375,0.28271484375,0.143798828125,unknown
1714063013.991917,-0.958740234375,0.28369140625,0.148681640625,unknown
1714063014.014324,-0.9580078125,0.28369140625,0.14794921875,unknown
1714063014.05911,-0.960693359375,0.28466796875,0.14794921875,unknown
1714063014.095612,-0.95556640625,0.28173828125,0.14599609375,unknown
1714063014.139855,-0.960205078125,0.29052734375,0.14697265625,unknown
1714063014.192509,-0.959716796875,0.281982421875,0.14794921875,unknown
1714063014.217712,-0.96240234375,0.2724609375,0.14599609375,unknown
1714063014.278064,-0.95458984375,0.279052734375,0.138671875,unknown
1714063014.296706,-0.961669921875,0.27880859375,0.14794921875,unknown
1714063014.351096,-0.956298828125,0.28466796875,0.144287109375,unknown
1714063014.376927,-0.95556640625,0.2841796875,0.140869140625,unknown
1714063014.432391,-0.955810546875,0.283447265625,0.131591796875,unknown
1714063014.455986,-0.9599609375,0.281005859375,0.133056640625,unknown
1714063014.494671,-0.957275390625,0.2841796875,0.150634765625,unknown
1714063014.534435,-0.95458984375,0.2861328125,0.14306640625,unknown
1714063014.577875,-0.956298828125,0.283203125,0.14501953125,unknown
1714063014.628833,-0.95361328125,0.286865234375,0.15087890625,unknown
1714063014.657892,-0.9541015625,0.284423828125,0.145751953125,unknown
1714063014.706049,-0.958740234375,0.282470703125,0.151611328125,unknown
1714063014.759438,-0.960205078125,0.28369140625,0.139892578125,unknown
1714063014.776567,-0.959716796875,0.282470703125,0.14306640625,unknown
1714063014.836329,-0.956787109375,0.285400390625,0.14599609375,unknown
1714063014.85624,-0.95361328125,0.28125,0.144775390625,unknown
1714063014.898573,-0.957763671875,0.2841796875,0.144287109375,unknown
1714063014.937288,-0.95703125,0.28466796875,0.14111328125,unknown
1714063014.977304,-0.96484375,0.282470703125,0.1435546875,unknown
1714063015.023133,-0.957763671875,0.285888671875,0.143310546875,unknown
1714063015.056362,-0.959228515625,0.288330078125,0.138671875,unknown
1714063015.103221,-0.951171875,0.2861328125,0.14013671875,unknown
1714063015.154447,-0.952880859375,0.288330078125,0.1513671875,unknown
1714063015.174607,-0.955322265625,0.292236328125,0.146728515625,unknown
1714063015.231242,-0.959228515625,0.27392578125,0.142822265625,unknown
1714063015.254404,-0.96044921875,0.276123046875,0.15380859375,unknown
1714063015.300148,-0.958251953125,0.286376953125,0.15234375,unknown
1714063015.360768,-0.954833984375,0.290283203125,0.14306640625,unknown
1714063015.375382,-0.95458984375,0.287841796875,0.159423828125,unknown
1714063015.429312,-0.956298828125,0.281982421875,0.154052734375,unknown
1714063015.456181,-0.95458984375,0.283203125,0.152587890625,unknown
1714063015.497702,-0.954833984375,0.2841796875,0.1474609375,unknown
1714063015.543894,-0.955810546875,0.28466796875,0.147216796875,unknown
1714063015.576916,-0.958251953125,0.282470703125,0.1455078125,unknown
1714063015.623807,-0.955810546875,0.28125,0.14599609375,unknown
1714063015.677845,-0.9580078125,0.27978515625,0.149658203125,unknown
1714063015.698048,-0.958984375,0.283935546875,0.14453125,unknown
1714063015.754471,-0.95849609375,0.282958984375,0.146240234375,unknown
1714063015.774345,-0.955322265625,0.2841796875,0.1455078125,unknown
1714063015.827259,-0.958740234375,0.2802734375,0.145263671875,unknown
1714063015.856787,-0.95849609375,0.28173828125,0.145751953125,unknown
1714063015.896676,-0.956787109375,0.28271484375,0.1474609375,unknown
1714063015.942827,-0.95703125,0.282470703125,0.1455078125,unknown
1714063015.97687,-0.958251953125,0.282958984375,0.145263671875,unknown
1714063016.024447,-0.955078125,0.2822265625,0.1474609375,unknown
1714063016.076098,-0.958740234375,0.28466796875,0.1455078125,unknown
1714063016.098771,-0.958984375,0.28125,0.14599609375,unknown
1714063016.155333,-0.957275390625,0.281982421875,0.145263671875,unknown
1714063016.177507,-0.957275390625,0.283203125,0.1455078125,unknown
1714063016.223793,-0.958984375,0.28125,0.149169921875,unknown
1714063016.287171,-0.95556640625,0.282470703125,0.145263671875,unknown
1714063016.299268,-0.951171875,0.2822265625,0.14453125,unknown
1714063016.338464,-0.955078125,0.28173828125,0.14599609375,unknown
1714063016.38597,-0.913818359375,0.388916015625,0.269287109375,unknown
1714063016.427955,-0.96630859375,0.239990234375,0.185302734375,unknown
1714063016.479321,-1.244873046875,0.33642578125,0.064697265625,unknown
1714063016.496423,-1.6845703125,0.56787109375,0.078369140625,unknown
1714063016.558285,-1.312255859375,0.453125,-0.10009765625,unknown
1714063016.576124,-0.896728515625,0.543701171875,-0.208984375,unknown
1714063016.628747,-0.885986328125,0.610595703125,0.264404296875,unknown
1714063016.657694,-0.804931640625,0.8798828125,0.23193359375,unknown
1714063016.697377,-0.163330078125,0.52001953125,0.695068359375,unknown
1714063016.744588,-0.406494140625,0.2822265625,1.7607421875,unknown
1714063016.778317,0.123291015625,0.30615234375,0.63525390625,unknown
1714063016.824173,-0.484619140625,0.71435546875,0.43310546875,unknown
1714063016.879103,0.088623046875,0.210205078125,0.71630859375,unknown
1714063016.899421,-0.501220703125,0.62060546875,1.088623046875,unknown
1714063016.956338,-0.11083984375,0.453125,1.29150390625,unknown
1714063016.978465,0.168212890625,0.096435546875,0.896484375,unknown
1714063017.02155,0.9775390625,-0.061279296875,0.827880859375,unknown
1714063017.057925,0.442626953125,0.03466796875,0.973876953125,unknown
1714063017.096384,0.17919921875,0.1796875,-0.113037109375,unknown
1714063017.149243,0.907470703125,0.11328125,1.148193359375,unknown
1714063017.178254,0.560302734375,0.21142578125,1.137451171875,unknown
1714063017.230024,0.44677734375,0.1875,0.80322265625,unknown
1714063017.282011,0.455810546875,0.219482421875,0.985595703125,unknown
1714063017.298373,0.405517578125,0.246826171875,0.703125,unknown
1714063017.360159,0.802001953125,0.06396484375,0.914794921875,unknown
1714063017.37943,0.677490234375,0.113037109375,0.650146484375,unknown
1714063017.430331,0.748779296875,0.0859375,0.67333984375,unknown
1714063017.460459,0.8037109375,0.138916015625,0.595947265625,unknown
1714063017.50048,0.60791015625,0.279296875,0.57177734375,unknown
1714063017.546518,0.6279296875,0.208251953125,0.76025390625,unknown
1714063017.579342,0.51611328125,0.213623046875,0.729736328125,unknown
1714063017.626698,0.680419921875,0.2734375,0.976318359375,unknown
1714063017.678275,0.72412109375,0.110107421875,0.6962890625,unknown
1714063017.700673,0.62060546875,0.164306640625,0.76708984375,unknown
1714063017.756282,0.671875,0.169677734375,0.731689453125,unknown
1714063017.778529,0.69287109375,0.102294921875,0.683349609375,unknown
1714063017.827706,0.706298828125,0.083740234375,0.8046875,unknown
1714063017.859425,0.750732421875,-0.0107421875,0.647216796875,unknown
1714063017.899497,0.713134765625,0.000244140625,0.698486328125,unknown
1714063017.943016,0.748046875,0.002685546875,0.697021484375,unknown
1714063017.979286,0.64306640625,-0.073974609375,0.676513671875,unknown
1714063018.02442,0.791015625,0.003173828125,0.72802734375,unknown
1714063018.07464,0.843017578125,-0.02099609375,0.661376953125,unknown
1714063018.103374,0.688720703125,0.06982421875,0.609130859375,unknown
1714063018.153731,0.7177734375,0.14306640625,0.646728515625,unknown
1714063018.20628,0.928955078125,0.130126953125,0.369140625,unknown
1714063018.22296,1.306640625,0.091064453125,1.01611328125,unknown
1714063018.289181,0.70849609375,0.139892578125,0.741943359375,unknown
1714063018.300248,0.80419921875,0.15576171875,0.776611328125,unknown
1714063018.345771,0.599365234375,0.072265625,0.51171875,unknown
1714063018.38,1.080322265625,-0.118896484375,0.435302734375,unknown
1714063018.42625,0.717529296875,-0.19189453125,0.83203125,unknown
1714063018.478669,0.897705078125,0.051513671875,0.636962890625,unknown
1714063018.500923,1.02685546875,-0.105224609375,0.350830078125,unknown
1714063018.567191,0.8603515625,0.2470703125,0.450439453125,unknown
1714063018.580264,0.856201171875,0.23876953125,0.522216796875,unknown
1714063018.637141,0.80517578125,0.21240234375,0.613037109375,unknown
1714063018.661094,0.76806640625,0.2060546875,0.669921875,unknown
1714063018.703065,0.6787109375,0.097900390625,0.6884765625,unknown
1714063018.753954,0.738525390625,0.11669921875,0.674072265625,unknown
1714063018.781609,0.7197265625,0.082763671875,0.64599609375,unknown
1714063018.830635,0.746826171875,0.10546875,0.65185546875,unknown
1714063018.885731,0.714111328125,0.145263671875,0.571533203125,unknown
1714063018.90267,0.776611328125,0.203857421875,0.44580078125,unknown
1714063018.964745,0.87158203125,0.259521484375,0.540771484375,unknown
1714063018.984395,1.047119140625,0.11865234375,0.86474609375,unknown
1714063019.028027,0.75341796875,0.100830078125,0.394775390625,unknown
1714063019.07296,0.8564453125,0.216552734375,0.50341796875,unknown
1714063019.121146,0.998046875,0.27490234375,0.4111328125,unknown
1714063019.141679,0.812255859375,0.182861328125,0.490234375,unknown
1714063019.183155,0.948486328125,0.3447265625,0.69384765625,unknown
1714063019.222729,0.553955078125,0.2421875,0.58935546875,unknown
1714063019.263545,0.696533203125,0.19287109375,0.733642578125,unknown
1714063019.309061,0.767822265625,-0.00390625,0.50341796875,unknown
1714063019.341312,0.59619140625,0.922119140625,0.97607421875,unknown
1714063019.390383,0.572021484375,0.00439453125,0.742919921875,unknown
1714063019.447044,0.570068359375,0.15869140625,0.6806640625,unknown
1714063019.463554,0.555908203125,0.24365234375,0.8125,unknown
1714063019.526906,0.709716796875,0.17822265625,1.0224609375,unknown
1714063019.543437,0.56884765625,0.305419921875,0.895263671875,unknown
1714063019.589802,0.725830078125,0.039794921875,1.28759765625,unknown
1714063019.625467,0.619140625,0.194091796875,1.028564453125,unknown
1714063019.665503,0.73388671875,0.147705078125,0.973876953125,unknown
1714063019.718446,0.798583984375,0.18798828125,0.90185546875,unknown
1714063019.74181,0.60888671875,0.313232421875,0.3388671875,unknown
1714063019.799721,0.760009765625,0.200439453125,0.28857421875,unknown
1714063019.823165,0.792724609375,0.247802734375,0.444091796875,unknown
1714063019.862949,0.781982421875,0.406494140625,0.448974609375,unknown
1714063019.902559,0.792236328125,0.318359375,0.29736328125,unknown
1714063019.945546,0.840576171875,0.158203125,0.163330078125,unknown
1714063019.988187,0.892333984375,0.16015625,0.21240234375,unknown
1714063020.024252,0.822998046875,0.2041015625,0.128173828125,unknown
1714063020.073032,0.871337890625,0.25390625,0.15478515625,unknown
1714063020.129388,0.845703125,0.305419921875,0.243408203125,unknown
1714063020.145628,1.005615234375,0.069091796875,0.20166015625,unknown
1714063020.209615,0.99462890625,0.146728515625,0.11328125,unknown
1714063020.225424,1.072265625,0.168701171875,0.362060546875,unknown
1714063020.266638,0.98046875,0.226318359375,0.115234375,unknown
1714063020.303394,0.831298828125,0.435546875,0.316162109375,unknown
1714063020.351674,0.934814453125,0.357666015625,0.357421875,unknown
1714063020.403746,1.031494140625,0.23779296875,0.333984375,unknown
1714063020.421243,0.888671875,0.342041015625,0.18310546875,unknown
1714063020.484913,1.048828125,0.101318359375,-0.176025390625,unknown
1714063020.502435,1.02294921875,0.051025390625,-0.248046875,unknown
1714063020.552619,0.965087890625,0.16650390625,0.171142578125,unknown
1714063020.585578,1.164794921875,0.120361328125,0.423828125,unknown
1714063020.633516,0.99072265625,0.251220703125,0.098876953125,unknown
1714063020.690011,0.99365234375,0.1591796875,-0.072998046875,unknown
1714063020.708301,1.074462890625,0.10107421875,0.0810546875,unknown
1714063020.769123,1.031982421875,0.1630859375,-0.076416015625,unknown
1714063020.78546,0.997802734375,0.21875,-0.032958984375,unknown
1714063020.842254,0.955810546875,0.239501953125,-0.21728515625,unknown
1714063020.867449,0.82861328125,0.1650390625,-0.16650390625,unknown
1714063020.910989,0.953369140625,0.2353515625,-0.197509765625,unknown
1714063020.961298,0.99169921875,0.24609375,-0.234375,unknown
1714063020.982747,0.99267578125,0.231689453125,-0.25830078125,unknown
1714063021.044298,0.9306640625,0.32568359375,-0.218017578125,unknown
1714063021.062893,0.80712890625,0.4287109375,-0.228759765625,unknown
1714063021.105006,0.857666015625,0.46337890625,-0.258544921875,unknown
1714063021.144274,0.865966796875,0.492919921875,-0.2880859375,unknown
1714063021.18548,0.7177734375,0.543701171875,-0.117431640625,unknown
1714063021.235626,0.84326171875,0.47607421875,-0.446533203125,unknown
1714063021.265139,0.89013671875,0.497802734375,-0.456787109375,unknown
1714063021.316039,0.80712890625,0.5693359375,-0.375244140625,unknown
1714063021.369129,0.8115234375,0.456787109375,-0.230224609375,unknown
1714063021.386283,0.7939453125,0.5009765625,-0.3623046875,unknown
1714063021.449506,0.804443359375,0.501220703125,-0.37548828125,unknown
1714063021.466529,0.7890625,0.485595703125,-0.3486328125,unknown
1714063021.521303,0.8115234375,0.477783203125,-0.40966796875,unknown
1714063021.545001,0.867431640625,0.437255859375,-0.380615234375,unknown
1714063021.590946,0.86669921875,0.367919921875,-0.3330078125,unknown
1714063021.641208,0.872314453125,0.199462890625,-0.19189453125,unknown
1714063021.663283,0.49560546875,1.17236328125,0.549560546875,unknown
1714063021.728043,0.92822265625,0.671142578125,0.102783203125,unknown
1714063021.743975,0.546630859375,0.385009765625,0.04296875,unknown
1714063021.799614,0.8359375,0.50244140625,0.427001953125,unknown
1714063021.826864,0.962158203125,0.494140625,0.36572265625,unknown
1714063021.867815,0.84814453125,0.445556640625,0.307861328125,unknown
1714063021.921128,-0.072509765625,1.138671875,-0.746337890625,unknown
1714063021.944631,0.768798828125,0.5244140625,0.411865234375,unknown
1714063022.001254,0.767578125,0.430419921875,0.532470703125,unknown
1714063022.026026,0.59521484375,0.385009765625,0.6181640625,unknown
1714063022.074442,0.841552734375,0.312255859375,0.46484375,unknown
1714063022.106268,0.90869140625,0.244873046875,0.302978515625,unknown
1714063022.146388,1.055908203125,0.211181640625,-0.007080078125,unknown
1714063022.193872,1.057373046875,0.1005859375,-0.1806640625,unknown
1714063022.225749,0.932861328125,0.094482421875,-0.023681640625,unknown
1714063022.274886,0.97509765625,0.10205078125,-0.08447265625,unknown
1714063022.329624,0.995361328125,0.1279296875,-0.0712890625,unknown
1714063022.345692,0.97802734375,0.145263671875,0.071533203125,unknown
1714063022.413966,0.939208984375,0.123046875,0.022705078125,unknown
1714063022.427233,1.010986328125,0.19140625,-0.100341796875,unknown
1714063022.467943,0.96240234375,0.20751953125,-0.0263671875,unknown
1714063022.504868,0.92919921875,0.255615234375,-0.0234375,unknown
1714063022.562355,0.97265625,0.208740234375,0.0009765625,unknown
1714063022.586196,1.045166015625,0.33642578125,-0.03173828125,unknown
1714063022.629245,0.968994140625,0.29443359375,-0.134033203125,unknown
1714063022.66705,0.983154296875,0.345703125,-0.12646484375,unknown
1714063022.707489,0.924560546875,0.3671875,-0.105224609375,unknown
1714063022.756341,0.922607421875,0.37158203125,-0.035400390625,unknown
1714063022.788014,0.9453125,0.37109375,-0.02978515625,unknown
1714063022.836003,0.894287109375,0.417236328125,0.018798828125,unknown
1714063022.891644,0.912353515625,0.39990234375,0.065673828125,unknown
1714063022.908881,1.063720703125,0.705810546875,0.040771484375,unknown
1714063022.945329,0.908203125,0.51904296875,0.13134765625,unknown
1714063022.986445,0.853759765625,0.488525390625,0.232666015625,unknown
1714063023.034829,0.87841796875,0.51318359375,0.238525390625,unknown
1714063023.065918,0.83984375,0.52783203125,0.17578125,unknown
1714063023.116487,0.891845703125,0.55810546875,0.190185546875,unknown
1714063023.173119,0.82666015625,0.559814453125,0.1826171875,unknown
1714063023.192122,0.79150390625,0.572265625,0.13720703125,unknown
1714063023.255207,0.746826171875,0.562255859375,0.11962890625,unknown
1714063023.266669,0.78466796875,0.587646484375,0.142333984375,unknown
1714063023.311377,0.809814453125,0.637939453125,0.106689453125,unknown
1714063023.348469,0.81494140625,0.6416015625,0.1025390625,unknown
1714063023.396967,0.807373046875,0.659912109375,0.096923828125,unknown
1714063023.447783,0.817138671875,0.6591796875,0.064208984375,unknown
1714063023.469873,0.819580078125,0.6396484375,0.052490234375,unknown
1714063023.528996,0.800048828125,0.61865234375,0.06396484375,unknown
1714063023.54876,0.80126953125,0.59814453125,0.0390625,unknown
1714063023.59569,0.785888671875,0.607666015625,0.048583984375,unknown
1714063023.630083,0.798828125,0.611572265625,0.01318359375,unknown
1714063023.672455,0.7841796875,0.6142578125,0.004638671875,unknown
1714063023.727004,0.7734375,0.6201171875,-0.017822265625,unknown
1714063023.748833,0.777587890625,0.62890625,-0.05224609375,unknown
1714063023.810755,0.759033203125,0.64306640625,-0.106689453125,unknown
1714063023.827752,0.760009765625,0.671142578125,-0.119384765625,unknown
1714063023.884895,0.75732421875,0.67138671875,-0.1552734375,unknown
1714063023.907428,0.73095703125,0.689208984375,-0.149169921875,unknown
1714063023.953009,0.7275390625,0.67138671875,-0.184326171875,unknown
1714063024.007106,0.765625,0.662841796875,-0.17529296875,unknown
1714063024.030101,0.75537109375,0.62939453125,-0.17041015625,unknown
1714063024.092238,0.7490234375,0.654052734375,-0.176025390625,unknown
1714063024.110077,0.73486328125,0.653564453125,-0.177978515625,unknown
1714063024.175636,0.725341796875,0.66357421875,-0.21630859375,unknown
1714063024.192243,0.722412109375,0.654541015625,-0.206787109375,unknown
1714063024.228672,0.730712890625,0.6806640625,-0.197998046875,unknown
1714063024.267285,0.73388671875,0.682861328125,-0.196533203125,unknown
1714063024.31645,0.71923828125,0.691162109375,-0.2294921875,unknown
1714063024.347577,0.7138671875,0.698486328125,-0.205322265625,unknown
1714063024.399859,0.705078125,0.702392578125,-0.22705078125,unknown
1714063024.427282,0.70849609375,0.69091796875,-0.232666015625,unknown
1714063024.475277,0.712646484375,0.679931640625,-0.2216796875,unknown
1714063024.512063,0.7138671875,0.694580078125,-0.216064453125,unknown
1714063024.554899,0.70947265625,0.703125,-0.22265625,unknown
1714063024.60709,0.68994140625,0.704345703125,-0.240966796875,unknown
1714063024.629046,0.68896484375,0.719970703125,-0.273193359375,unknown
1714063024.692386,0.63037109375,0.689697265625,-0.287353515625,unknown
1714063024.709021,0.62841796875,0.682373046875,-0.294921875,unknown
1714063024.765012,0.643310546875,0.682861328125,-0.29833984375,unknown
1714063024.789296,0.6533203125,0.70654296875,-0.2841796875,unknown
1714063024.836771,0.670654296875,0.7197265625,-0.26953125,unknown
1714063024.890975,0.680419921875,0.7412109375,-0.267822265625,unknown
1714063024.907282,0.682861328125,0.723876953125,-0.262939453125,unknown
1714063024.976306,0.67919921875,0.719970703125,-0.263916015625,unknown
1714063024.989863,0.66943359375,0.704833984375,-0.247802734375,unknown
1714063025.030909,0.672607421875,0.70068359375,-0.23583984375,unknown
1714063025.069092,0.68310546875,0.70751953125,-0.2529296875,unknown
1714063025.120965,0.688232421875,0.7099609375,-0.23828125,unknown
1714063025.172086,0.682373046875,0.7158203125,-0.236572265625,unknown
1714063025.190577,0.682373046875,0.717041015625,-0.241455078125,unknown
1714063025.256956,0.677734375,0.712158203125,-0.24462890625,unknown
1714063025.270451,0.6787109375,0.71533203125,-0.23779296875,unknown
1714063025.312082,0.681396484375,0.71728515625,-0.237548828125,unknown
1714063025.350502,0.68115234375,0.7197265625,-0.22412109375,unknown
1714063025.396644,0.678466796875,0.723876953125,-0.23876953125,unknown
1714063025.451027,0.680419921875,0.722412109375,-0.246337890625,unknown
1714063025.47328,0.678466796875,0.7177734375,-0.243408203125,unknown
1714063025.536233,0.6806640625,0.714111328125,-0.2392578125,unknown
1714063025.550451,0.678955078125,0.71728515625,-0.24560546875,unknown
1714063025.590618,0.674072265625,0.715087890625,-0.2470703125,unknown
1714063025.62879,0.67431640625,0.70947265625,-0.25634765625,unknown
1714063025.676536,0.673828125,0.716064453125,-0.248779296875,unknown
1714063025.730615,0.67529296875,0.718505859375,-0.247802734375,unknown
1714063025.752432,0.683349609375,0.714111328125,-0.250732421875,unknown
1714063025.815881,0.677734375,0.719482421875,-0.237548828125,unknown
1714063025.830236,0.6728515625,0.71923828125,-0.236083984375,unknown
1714063025.872557,0.679443359375,0.719482421875,-0.24365234375,unknown
1714063025.91135,0.67724609375,0.715087890625,-0.2451171875,unknown
1714063025.958773,0.674072265625,0.710205078125,-0.23974609375,unknown
1714063026.012803,0.679931640625,0.707275390625,-0.24560546875,unknown
1714063026.034902,0.6826171875,0.709228515625,-0.23828125,unknown
1714063026.095753,0.690673828125,0.718017578125,-0.2353515625,unknown
1714063026.112978,0.6923828125,0.71826171875,-0.226806640625,unknown
1714063026.154319,0.690185546875,0.711669921875,-0.22412109375,unknown
1714063026.192711,0.689208984375,0.711181640625,-0.214599609375,unknown
1714063026.236708,0.6923828125,0.71435546875,-0.210205078125,unknown
1714063026.294344,0.692138671875,0.709716796875,-0.21044921875,unknown
1714063026.311654,0.6953125,0.711181640625,-0.20556640625,unknown
1714063026.353878,0.6953125,0.71533203125,-0.202392578125,unknown
1714063026.391619,0.70166015625,0.7158203125,-0.20166015625,unknown
1714063026.443889,0.699462890625,0.71484375,-0.19775390625,unknown
1714063026.474471,0.702392578125,0.7138671875,-0.1923828125,unknown
1714063026.525625,0.701416015625,0.71630859375,-0.192138671875,unknown
1714063026.583591,0.69921875,0.708740234375,-0.193603515625,unknown
1714063026.600857,0.700927734375,0.71240234375,-0.186767578125,unknown
1714063026.633281,0.702392578125,0.70654296875,-0.1875,unknown
1714063026.67231,0.705810546875,0.7109375,-0.1904296875,unknown
1714063026.721307,0.706298828125,0.7099609375,-0.18310546875,unknown
1714063026.753526,0.70654296875,0.70947265625,-0.185546875,unknown
1714063026.80541,0.715576171875,0.706787109375,-0.17529296875,unknown
1714063026.8316,0.719970703125,0.715087890625,-0.170166015625,unknown
1714063026.876969,0.71484375,0.70654296875,-0.173583984375,unknown
1714063026.910802,0.71044921875,0.705810546875,-0.177734375,unknown
1714063026.951185,0.7060546875,0.702880859375,-0.175048828125,unknown
1714063027.002095,0.70947265625,0.702392578125,-0.173583984375,unknown
1714063027.033126,0.709716796875,0.701904296875,-0.174560546875,unknown
1714063027.084143,0.7119140625,0.704833984375,-0.171630859375,unknown
1714063027.142102,0.711181640625,0.70068359375,-0.1728515625,unknown
1714063027.159192,0.710205078125,0.70751953125,-0.17041015625,unknown
1714063027.193267,0.71337890625,0.705322265625,-0.17431640625,unknown
1714063027.233871,0.703125,0.701416015625,-0.176513671875,unknown
1714063027.282995,0.708740234375,0.705078125,-0.173828125,unknown
1714063027.31438,0.7041015625,0.70556640625,-0.17578125,unknown
1714063027.365122,0.705078125,0.708251953125,-0.1767578125,unknown
1714063027.422352,0.705810546875,0.71044921875,-0.17724609375,unknown
1714063027.438995,0.711181640625,0.71044921875,-0.174072265625,unknown
1714063027.473394,0.7099609375,0.7099609375,-0.1708984375,unknown
1714063027.51381,0.709228515625,0.70849609375,-0.17138671875,unknown
1714063027.563408,0.71533203125,0.705078125,-0.1728515625,unknown
1714063027.594657,0.71923828125,0.698486328125,-0.17236328125,unknown
1714063027.64531,0.718017578125,0.69140625,-0.172607421875,unknown
1714063027.702718,0.719970703125,0.70068359375,-0.165771484375,unknown
1714063027.71945,0.712646484375,0.7041015625,-0.170166015625,unknown
1714063027.755088,0.71142578125,0.708740234375,-0.173583984375,unknown
1714063027.794912,0.710205078125,0.69921875,-0.166259765625,unknown
1714063027.840674,0.715087890625,0.70556640625,-0.166748046875,unknown
1714063027.876575,0.715087890625,0.705810546875,-0.1640625,unknown
1714063027.924876,0.716064453125,0.711181640625,-0.171630859375,unknown
1714063027.980102,0.714111328125,0.716552734375,-0.177001953125,unknown
1714063027.996546,0.716552734375,0.71240234375,-0.173583984375,unknown
1714063028.063032,0.71044921875,0.707275390625,-0.16796875,unknown
1714063028.076933,0.707275390625,0.70703125,-0.170654296875,unknown
1714063028.121558,0.707763671875,0.702392578125,-0.171630859375,unknown
1714063028.15637,0.70458984375,0.704345703125,-0.175537109375,unknown
1714063028.216409,0.71044921875,0.69970703125,-0.180419921875,unknown
1714063028.234212,0.708251953125,0.703369140625,-0.17236328125,unknown
1714063028.274476,0.71923828125,0.702880859375,-0.169921875,unknown
1714063028.318084,0.719970703125,0.701171875,-0.165771484375,unknown
1714063028.358817,0.719970703125,0.70263671875,-0.171142578125,unknown
1714063028.411197,0.7216796875,0.703125,-0.175537109375,unknown
1714063028.436339,0.71923828125,0.710205078125,-0.16650390625,unknown
1714063028.497173,0.713623046875,0.702880859375,-0.169677734375,unknown
1714063028.518239,0.71142578125,0.701416015625,-0.17236328125,unknown
1714063028.560315,0.712890625,0.703369140625,-0.169677734375,unknown
1714063028.595206,0.708251953125,0.70556640625,-0.170166015625,unknown
1714063028.642634,0.714599609375,0.701416015625,-0.171142578125,unknown
1714063028.697484,0.715576171875,0.69775390625,-0.16455078125,unknown
1714063028.718245,0.717041015625,0.701171875,-0.169677734375,unknown
1714063028.78259,0.71533203125,0.703857421875,-0.168701171875,unknown
1714063028.796764,0.71435546875,0.70068359375,-0.166259765625,unknown
1714063028.840319,0.7119140625,0.704345703125,-0.167236328125,unknown
1714063028.874823,0.713623046875,0.703125,-0.1640625,unknown
1714063028.930243,0.7158203125,0.705078125,-0.15966796875,unknown
1714063028.955309,0.71435546875,0.712158203125,-0.151123046875,unknown
1714063029.004225,0.717041015625,0.708251953125,-0.162841796875,unknown
1714063029.035262,0.716796875,0.70556640625,-0.15869140625,unknown
1714063029.082131,0.716064453125,0.70556640625,-0.155517578125,unknown
1714063029.133038,0.7177734375,0.70458984375,-0.158447265625,unknown
1714063029.158638,0.71630859375,0.708251953125,-0.1513671875,unknown
1714063029.217879,0.715087890625,0.708984375,-0.156005859375,unknown
1714063029.237433,0.718505859375,0.705078125,-0.153564453125,unknown
1714063029.29275,0.7158203125,0.7060546875,-0.15234375,unknown
1714063029.317311,0.719482421875,0.7060546875,-0.154052734375,unknown
1714063029.363693,0.718994140625,0.70654296875,-0.153564453125,unknown
1714063029.417263,0.71630859375,0.702880859375,-0.154052734375,unknown
1714063029.437235,0.717529296875,0.702392578125,-0.1513671875,unknown
1714063029.503048,0.719970703125,0.701416015625,-0.157958984375,unknown
1714063029.517413,0.717041015625,0.70068359375,-0.15625,unknown
1714063029.559063,0.717529296875,0.6982421875,-0.155029296875,unknown
1714063029.596408,0.72021484375,0.69677734375,-0.161376953125,unknown
1714063029.644055,0.72265625,0.701171875,-0.15966796875,unknown
1714063029.706034,0.725341796875,0.70068359375,-0.15869140625,unknown
1714063029.723806,0.71337890625,0.701904296875,-0.1689453125,unknown
1714063029.758924,0.70166015625,0.692626953125,-0.17724609375,unknown
1714063029.797931,0.7197265625,0.72216796875,-0.15185546875,unknown
1714063029.851315,0.721435546875,0.69873046875,-0.142822265625,unknown
1714063029.877316,0.732177734375,0.699951171875,-0.14306640625,unknown
1714063029.936026,0.7119140625,0.6953125,-0.14013671875,unknown
1714063029.958843,0.7119140625,0.722412109375,-0.152099609375,unknown
1714063030.005575,0.72509765625,0.70947265625,-0.168701171875,unknown
1714063030.041249,0.673828125,0.69873046875,-0.177490234375,unknown
1714063030.082046,0.6201171875,0.692138671875,-0.189208984375,unknown
1714063030.137471,0.734130859375,0.724609375,-0.138427734375,unknown
1714063030.166071,0.75,0.765869140625,-0.111572265625,unknown
1714063030.199302,0.723876953125,0.739013671875,-0.12939453125,unknown
1714063030.2372,0.696533203125,0.742919921875,-0.160400390625,unknown
1714063030.291049,0.66259765625,0.73046875,-0.1640625,unknown
1714063030.32363,0.68310546875,0.745361328125,-0.16455078125,unknown
1714063030.375549,0.681396484375,0.739501953125,-0.1708984375,unknown
1714063030.399333,0.66650390625,0.7255859375,-0.17822265625,unknown
1714063030.442646,0.693359375,0.7373046875,-0.162353515625,unknown
1714063030.481992,0.689208984375,0.73828125,-0.161865234375,unknown
1714063030.523438,0.693603515625,0.741943359375,-0.163330078125,unknown
1714063030.580122,0.706298828125,0.72119140625,-0.157470703125,unknown
1714063030.602648,0.706787109375,0.68359375,-0.1552734375,unknown
1714063030.663826,0.6962890625,0.71484375,-0.164306640625,unknown
1714063030.681157,0.710693359375,0.695068359375,-0.143310546875,unknown
1714063030.722264,0.714111328125,0.703369140625,-0.12548828125,unknown
1714063030.761182,0.753173828125,0.7197265625,-0.119140625,unknown
1714063030.806015,0.7421875,0.698486328125,-0.134765625,unknown
1714063030.862479,0.70458984375,0.747314453125,-0.12548828125,unknown
1714063030.879513,0.70556640625,0.721923828125,-0.14794921875,unknown
1714063030.945721,0.692626953125,0.710205078125,-0.146484375,unknown
1714063030.960011,0.698974609375,0.708984375,-0.147705078125,unknown
1714063031.002244,0.710205078125,0.7109375,-0.14306640625,unknown
1714063031.039648,0.71728515625,0.7099609375,-0.136962890625,unknown
1714063031.086607,0.722900390625,0.719482421875,-0.1298828125,unknown
1714063031.146319,0.733154296875,0.697509765625,-0.14697265625,unknown
1714063031.164087,0.6923828125,0.7373046875,-0.146484375,unknown
1714063031.199724,0.706298828125,0.697021484375,-0.141357421875,unknown
1714063031.24201,0.712890625,0.693603515625,-0.1376953125,unknown
1714063031.289983,0.720458984375,0.70361328125,-0.133056640625,unknown
1714063031.325253,0.717041015625,0.71337890625,-0.134521484375,unknown
1714063031.378478,0.716552734375,0.705322265625,-0.137939453125,unknown
1714063031.40138,0.702392578125,0.713134765625,-0.150146484375,unknown
1714063031.453849,0.708740234375,0.713623046875,-0.14404296875,unknown
1714063031.478442,0.716796875,0.70751953125,-0.13916015625,unknown
1714063031.527089,0.72314453125,0.7119140625,-0.147216796875,unknown
1714063031.579349,0.71923828125,0.706298828125,-0.135498046875,unknown
1714063031.601617,0.712890625,0.707275390625,-0.134765625,unknown
1714063031.665902,0.719482421875,0.71240234375,-0.132080078125,unknown
1714063031.68027,0.72021484375,0.717041015625,-0.130859375,unknown
1714063031.721898,0.716064453125,0.7158203125,-0.133056640625,unknown
1714063031.760265,0.702880859375,0.721923828125,-0.146240234375,unknown
1714063031.810169,0.71533203125,0.7158203125,-0.12548828125,unknown
1714063031.862459,0.74169921875,0.698974609375,-0.11083984375,unknown
1714063031.881873,0.75146484375,0.697265625,-0.095703125,unknown
1714063031.947448,0.718017578125,0.694091796875,-0.11865234375,unknown
1714063031.962022,0.69189453125,0.701904296875,-0.125244140625,unknown
1714063032.003516,0.677978515625,0.72607421875,-0.135009765625,unknown
1714063032.04122,0.645263671875,0.734375,-0.1572265625,unknown
1714063032.099064,0.67041015625,0.72998046875,-0.150634765625,unknown
1714063032.121514,0.720947265625,0.74072265625,-0.13720703125,unknown
1714063032.159487,0.77294921875,0.72509765625,-0.124267578125,unknown
1714063032.199228,0.6708984375,0.751953125,-0.115966796875,unknown
1714063032.246993,0.651611328125,0.76953125,-0.128173828125,unknown
1714063032.301921,0.654541015625,0.754638671875,-0.148681640625,unknown
1714063032.320238,0.628173828125,0.75341796875,-0.16455078125,unknown
1714063032.391189,0.64599609375,0.76025390625,-0.156494140625,unknown
1714063032.401599,0.6611328125,0.758544921875,-0.157958984375,unknown
1714063032.448428,0.663330078125,0.756591796875,-0.137451171875,unknown
1714063032.482942,0.66650390625,0.764892578125,-0.12890625,unknown
1714063032.533267,0.6728515625,0.768798828125,-0.123291015625,unknown
1714063032.589104,0.67919921875,0.778564453125,-0.12841796875,unknown
1714063032.60588,0.669921875,0.774169921875,-0.120361328125,unknown
1714063032.643636,0.664794921875,0.76953125,-0.13720703125,unknown
1714063032.684412,0.66748046875,0.7578125,-0.135498046875,unknown
1714063032.731271,0.67431640625,0.75537109375,-0.123779296875,unknown
1714063032.763498,0.679931640625,0.767578125,-0.145751953125,unknown
1714063032.817722,0.6767578125,0.762451171875,-0.146240234375,unknown
1714063032.840654,0.68603515625,0.7392578125,-0.143310546875,unknown
1714063032.891614,0.701171875,0.71142578125,-0.140625,unknown
1714063032.924028,0.69775390625,0.702392578125,-0.13916015625,unknown
1714063032.962203,0.716064453125,0.698974609375,-0.139892578125,unknown
1714063033.014956,0.719970703125,0.694091796875,-0.140625,unknown
1714063033.053915,0.714599609375,0.695068359375,-0.1455078125,unknown
1714063033.112951,0.720947265625,0.70263671875,-0.13916015625,unknown
1714063033.123366,0.714111328125,0.70947265625,-0.138671875,unknown
1714063033.172863,0.70263671875,0.72705078125,-0.142333984375,unknown
1714063033.205041,0.694580078125,0.74072265625,-0.15625,unknown
1714063033.258765,0.69921875,0.737548828125,-0.174072265625,unknown
1714063033.283288,0.716552734375,0.711669921875,-0.158935546875,unknown
1714063033.335133,0.7314453125,0.7001953125,-0.141845703125,unknown
1714063033.368263,0.7333984375,0.6845703125,-0.15478515625,unknown
1714063033.409613,0.720947265625,0.680419921875,-0.166259765625,unknown
1714063033.466711,0.719482421875,0.687255859375,-0.17578125,unknown
1714063033.485246,0.71337890625,0.68603515625,-0.17529296875,unknown
1714063033.522546,0.704345703125,0.70556640625,-0.182373046875,unknown
1714063033.561239,0.6953125,0.719482421875,-0.18994140625,unknown
1714063033.613516,0.692626953125,0.721923828125,-0.193359375,unknown
1714063033.646463,0.705810546875,0.712158203125,-0.18701171875,unknown
1714063033.699167,0.70166015625,0.7001953125,-0.185302734375,unknown
1714063033.722816,0.70849609375,0.695556640625,-0.18896484375,unknown
1714063033.767018,0.7099609375,0.69287109375,-0.187744140625,unknown
1714063033.80783,0.714111328125,0.691650390625,-0.190185546875,unknown
1714063033.848914,0.710205078125,0.699462890625,-0.18798828125,unknown
1714063033.905453,0.709228515625,0.705322265625,-0.190185546875,unknown
1714063033.923552,0.700439453125,0.710693359375,-0.19482421875,unknown
1714063033.965577,0.7001953125,0.709228515625,-0.193359375,unknown
1714063034.005441,0.710205078125,0.702880859375,-0.190185546875,unknown
1714063034.061732,0.71337890625,0.7001953125,-0.1943359375,unknown
1714063034.081216,0.713134765625,0.683349609375,-0.219482421875,unknown
1714063034.148543,0.71875,0.690673828125,-0.171142578125,unknown
1714063034.161103,0.729248046875,0.700927734375,-0.18603515625,unknown
1714063034.209111,0.7197265625,0.704833984375,-0.18212890625,unknown
1714063034.241213,0.715576171875,0.708740234375,-0.18603515625,unknown
1714063034.294347,0.704833984375,0.71142578125,-0.184326171875,unknown
1714063034.32266,0.701904296875,0.7109375,-0.18798828125,unknown
1714063034.370107,0.69775390625,0.71337890625,-0.196533203125,unknown
1714063034.401228,0.69775390625,0.710693359375,-0.197509765625,unknown
1714063034.447362,0.697509765625,0.708251953125,-0.196044921875,unknown
1714063034.501224,0.7021484375,0.714599609375,-0.2021484375,unknown
1714063034.524017,0.694580078125,0.720947265625,-0.20068359375,unknown
1714063034.590033,0.685546875,0.72216796875,-0.2080078125,unknown
1714063034.603273,0.67578125,0.718017578125,-0.219970703125,unknown
1714063034.648441,0.676025390625,0.726318359375,-0.22509765625,unknown
1714063034.681715,0.673828125,0.730224609375,-0.22998046875,unknown
1714063034.738265,0.6728515625,0.725341796875,-0.237060546875,unknown
1714063034.762133,0.663330078125,0.72412109375,-0.239501953125,unknown
1714063034.813979,0.6630859375,0.726806640625,-0.23876953125,unknown
1714063034.843648,0.66357421875,0.72900390625,-0.238037109375,unknown
1714063034.885175,0.667236328125,0.7314453125,-0.240966796875,unknown
1714063034.939873,0.667236328125,0.734375,-0.24560546875,unknown
1714063034.962611,0.668212890625,0.731201171875,-0.240966796875,unknown
1714063035.018707,0.655517578125,0.72412109375,-0.224609375,unknown
1714063035.043321,0.665283203125,0.729248046875,-0.23974609375,unknown
1714063035.086578,0.681884765625,0.728515625,-0.246826171875,unknown
1714063035.152571,0.674072265625,0.704833984375,-0.240966796875,unknown
1714063035.163516,0.6806640625,0.73486328125,-0.23828125,unknown
1714063035.20606,0.68017578125,0.727783203125,-0.235595703125,unknown
1714063035.246161,0.670654296875,0.72705078125,-0.2373046875,unknown
1714063035.290905,0.671630859375,0.722412109375,-0.233154296875,unknown
1714063035.339895,0.6728515625,0.72265625,-0.234130859375,unknown
1714063035.36344,0.665283203125,0.729248046875,-0.231201171875,unknown
1714063035.419946,0.66650390625,0.729248046875,-0.23583984375,unknown
1714063035.443544,0.674072265625,0.72509765625,-0.228759765625,unknown
1714063035.489266,0.679931640625,0.72412109375,-0.215576171875,unknown
1714063035.552093,0.6806640625,0.73046875,-0.226806640625,unknown
1714063035.56436,0.679443359375,0.72900390625,-0.225341796875,unknown
1714063035.60577,0.673828125,0.7255859375,-0.23095703125,unknown
1714063035.64628,0.67578125,0.722412109375,-0.228515625,unknown
1714063035.687901,0.677734375,0.724853515625,-0.223876953125,unknown
1714063035.739417,0.676025390625,0.723876953125,-0.2333984375,unknown
1714063035.767821,0.677978515625,0.728515625,-0.214111328125,unknown
1714063035.818431,0.67529296875,0.72509765625,-0.2158203125,unknown
1714063035.871343,0.67724609375,0.727783203125,-0.217041015625,unknown
1714063035.886792,0.6787109375,0.728271484375,-0.215576171875,unknown
1714063035.927854,0.680419921875,0.729736328125,-0.217529296875,unknown
1714063035.965356,0.678955078125,0.72607421875,-0.2158203125,unknown
1714063036.012846,0.677734375,0.72607421875,-0.210693359375,unknown
1714063036.045683,0.680908203125,0.71728515625,-0.220947265625,unknown
1714063036.090491,0.683349609375,0.721923828125,-0.21142578125,unknown
1714063036.147004,0.669921875,0.73779296875,-0.208251953125,unknown
1714063036.164647,0.7216796875,0.7138671875,-0.21923828125,unknown
1714063036.227646,0.713134765625,0.68359375,-0.253173828125,unknown
1714063036.246102,0.673095703125,0.71240234375,-0.242919921875,unknown
1714063036.292164,0.675537109375,0.76025390625,-0.2060546875,unknown
1714063036.327625,0.658447265625,0.726806640625,-0.221435546875,unknown
1714063036.367355,0.68310546875,0.716064453125,-0.24072265625,unknown
1714063036.417447,0.68017578125,0.7255859375,-0.2265625,unknown
1714063036.447311,0.68701171875,0.723876953125,-0.21728515625,unknown
1714063036.494852,0.68017578125,0.7294921875,-0.229248046875,unknown
1714063036.548082,0.666015625,0.729736328125,-0.23681640625,unknown
1714063036.56814,0.662841796875,0.74072265625,-0.241455078125,unknown
1714063036.629016,0.6552734375,0.734375,-0.2392578125,unknown
1714063036.648954,0.65576171875,0.734375,-0.248779296875,unknown
1714063036.686607,0.6513671875,0.72900390625,-0.251220703125,unknown
1714063036.72532,0.642578125,0.73193359375,-0.249267578125,unknown
1714063036.767809,0.650390625,0.733642578125,-0.246337890625,unknown
1714063036.819853,0.650146484375,0.742431640625,-0.242919921875,unknown
1714063036.848064,0.654541015625,0.74609375,-0.236083984375,unknown
1714063036.897431,0.653564453125,0.7470703125,-0.232666015625,unknown
1714063036.95031,0.6591796875,0.744140625,-0.2294921875,unknown
1714063036.970928,0.666259765625,0.757568359375,-0.2216796875,unknown
1714063037.029836,0.682861328125,0.7548828125,-0.23291015625,unknown
1714063037.047288,0.652587890625,0.7666015625,-0.2021484375,unknown
1714063037.093913,0.681396484375,0.721435546875,-0.24365234375,unknown
1714063037.129776,0.66650390625,0.7529296875,-0.228271484375,unknown
1714063037.170994,0.66748046875,0.72802734375,-0.2353515625,unknown
1714063037.222709,0.65380859375,0.74462890625,-0.235107421875,unknown
1714063037.251398,0.649658203125,0.73583984375,-0.242431640625,unknown
1714063037.303069,0.657470703125,0.7265625,-0.244384765625,unknown
1714063037.355945,0.65869140625,0.724853515625,-0.253173828125,unknown
1714063037.373781,0.657470703125,0.72900390625,-0.259033203125,unknown
1714063037.436494,0.649658203125,0.728759765625,-0.2568359375,unknown
1714063037.448929,0.6484375,0.7314453125,-0.26513671875,unknown
1714063037.489892,0.6552734375,0.73583984375,-0.259765625,unknown
1714063037.530622,0.649169921875,0.73046875,-0.260498046875,unknown
1714063037.575081,0.64990234375,0.73095703125,-0.259033203125,unknown
1714063037.623881,0.64599609375,0.726806640625,-0.2509765625,unknown
1714063037.651543,0.643310546875,0.72802734375,-0.248779296875,unknown
1714063037.703822,0.65185546875,0.7373046875,-0.248779296875,unknown
1714063037.756604,0.671630859375,0.73779296875,-0.23681640625,unknown
1714063037.772185,0.678955078125,0.75146484375,-0.214599609375,unknown
1714063037.836668,0.699951171875,0.754638671875,-0.21044921875,unknown
1714063037.850313,0.705810546875,0.748779296875,-0.209716796875,unknown
1714063037.893078,0.68505859375,0.7236328125,-0.211669921875,unknown
1714063037.931567,0.675537109375,0.712646484375,-0.2197265625,unknown
1714063037.978373,0.689208984375,0.699462890625,-0.228759765625,unknown
1714063038.029198,0.6591796875,0.717529296875,-0.221923828125,Get ready
1714063038.049974,0.661865234375,0.727783203125,-0.228515625,Get ready
1714063038.112597,0.67138671875,0.7255859375,-0.230224609375,Get ready
1714063038.130004,0.66845703125,0.726318359375,-0.236572265625,Get ready
1714063038.186764,0.669921875,0.728271484375,-0.2314453125,Get ready
1714063038.210082,0.67236328125,0.729248046875,-0.230224609375,Get ready
1714063038.259769,0.671630859375,0.727783203125,-0.2294921875,Get ready
1714063038.313745,0.669921875,0.73388671875,-0.22705078125,Get ready
1714063038.330449,0.66796875,0.72900390625,-0.234619140625,Get ready
1714063038.393836,0.668212890625,0.724853515625,-0.226806640625,Get ready
1714063038.410425,0.669189453125,0.722412109375,-0.224365234375,Get ready
1714063038.451618,0.67236328125,0.725830078125,-0.213623046875,Get ready
1714063038.493062,0.68603515625,0.737548828125,-0.19921875,Get ready
1714063038.535863,0.676025390625,0.73388671875,-0.203125,Get ready
1714063038.589088,0.687255859375,0.7587890625,-0.208251953125,Get ready
1714063038.612378,0.70751953125,0.731201171875,-0.165283203125,Get ready
1714063038.667705,0.70458984375,0.716064453125,-0.173095703125,Get ready
1714063038.688437,0.705078125,0.721435546875,-0.1494140625,Get ready
1714063038.742181,0.711181640625,0.718994140625,-0.153076171875,Get ready
1714063038.769729,0.705810546875,0.71875,-0.156005859375,Get ready
1714063038.809952,0.701904296875,0.720947265625,-0.1640625,Get ready
1714063038.860566,0.70166015625,0.720947265625,-0.16357421875,Get ready
1714063038.891187,0.701904296875,0.720703125,-0.162841796875,Get ready
1714063038.941023,0.703125,0.72119140625,-0.1572265625,Get ready
1714063038.997778,0.700927734375,0.720703125,-0.1552734375,Get ready
1714063039.015461,0.701904296875,0.72216796875,-0.15576171875,Get ready
1714063039.078678,0.703857421875,0.724365234375,-0.14892578125,Get ready
1714063039.092173,0.700439453125,0.721435546875,-0.154296875,Get ready
1714063039.137572,0.70263671875,0.72607421875,-0.155029296875,Get ready
1714063039.172206,0.7001953125,0.72705078125,-0.160400390625,Get ready
1714063039.220727,0.70361328125,0.724365234375,-0.1611328125,Get ready
1714063039.27246,0.712890625,0.724609375,-0.151123046875,Get ready
1714063039.293606,0.744140625,0.725341796875,-0.1337890625,Get ready
1714063039.352542,0.73974609375,0.71728515625,-0.13525390625,Get ready
1714063039.370586,0.69970703125,0.71533203125,-0.167724609375,Get ready
1714063039.415452,0.669189453125,0.7236328125,-0.19140625,Get ready
1714063039.453933,0.635498046875,0.744140625,-0.213134765625,Get ready
1714063039.494549,0.620361328125,0.746337890625,-0.23486328125,Get ready
1714063039.54467,0.63330078125,0.745849609375,-0.228271484375,Get ready
1714063039.575624,0.64404296875,0.7490234375,-0.236572265625,Get ready
1714063039.625746,0.64013671875,0.748291015625,-0.236083984375,Get ready
1714063039.683443,0.666748046875,0.7568359375,-0.213134765625,Get ready
1714063039.701071,0.6708984375,0.7548828125,-0.209716796875,Get ready
1714063039.733946,0.649169921875,0.781005859375,-0.19775390625,Get ready
1714063039.773179,0.633544921875,0.758544921875,-0.23486328125,Get ready
1714063039.820583,0.634521484375,0.730712890625,-0.238037109375,Get ready
1714063039.854936,0.643310546875,0.769287109375,-0.2109375,Get ready
1714063039.903509,0.654052734375,0.759521484375,-0.219970703125,Get ready
1714063039.957605,0.6513671875,0.75341796875,-0.21240234375,Get ready
1714063039.974233,0.661865234375,0.725341796875,-0.222412109375,Get ready
1714063040.038766,0.65087890625,0.76220703125,-0.217041015625,Get ready
1714063040.052455,0.646240234375,0.723876953125,-0.221923828125,Get ready
1714063040.09361,0.683349609375,0.71630859375,-0.205078125,Get ready
1714063040.132179,0.66650390625,0.7490234375,-0.19384765625,Get ready
1714063040.180471,0.683349609375,0.74951171875,-0.203369140625,Get ready
1714063040.231131,0.680419921875,0.74365234375,-0.201171875,Get ready
1714063040.261384,0.66796875,0.740234375,-0.2001953125,Get ready
1714063040.294127,0.663818359375,0.7333984375,-0.20751953125,Get ready
1714063040.334387,0.674072265625,0.73388671875,-0.201416015625,Get ready
1714063040.382544,0.680908203125,0.727294921875,-0.19189453125,Get ready
1714063040.417719,0.688232421875,0.728271484375,-0.1962890625,Get ready
1714063040.463753,0.684326171875,0.72119140625,-0.19580078125,Get ready
1714063040.520717,0.685302734375,0.7255859375,-0.197509765625,Get ready
1714063040.535837,0.68212890625,0.732421875,-0.202392578125,Get ready
1714063040.603326,0.682861328125,0.733154296875,-0.216552734375,Get ready
1714063040.617374,0.6826171875,0.7314453125,-0.209228515625,Get ready
1714063040.657676,0.680419921875,0.71826171875,-0.213134765625,Get ready
1714063040.693615,0.682373046875,0.734375,-0.2021484375,Get ready
1714063040.741355,0.689208984375,0.720703125,-0.192626953125,Get ready
1714063040.792304,0.688232421875,0.729736328125,-0.194091796875,Get ready
1714063040.815397,0.681640625,0.72607421875,-0.20068359375,Get ready
1714063040.873248,0.680908203125,0.740478515625,-0.20263671875,Get ready
1714063040.894224,0.672119140625,0.72705078125,-0.210693359375,Get ready
1714063040.943292,0.681396484375,0.73193359375,-0.204833984375,Get ready
1714063040.977436,0.67919921875,0.7333984375,-0.212646484375,Get ready
1714063041.014666,0.67333984375,0.7314453125,-0.20068359375,Get ready
1714063041.070486,0.672607421875,0.729736328125,-0.2060546875,Get ready
1714063041.095243,0.67578125,0.7314453125,-0.205078125,Get ready
1714063041.152151,0.681640625,0.723388671875,-0.2060546875,Get ready
1714063041.177075,0.68359375,0.7314453125,-0.194091796875,Get ready
1714063041.227224,0.687744140625,0.7353515625,-0.207763671875,Get ready
1714063041.256255,0.694091796875,0.751953125,-0.2294921875,Get ready
1714063041.299406,0.655029296875,0.72412109375,-0.2392578125,Get ready
1714063041.34891,0.627197265625,0.73583984375,-0.25341796875,Get ready
1714063041.375726,0.61669921875,0.756103515625,-0.264892578125,Get ready
1714063041.432355,0.609130859375,0.75927734375,-0.267822265625,Get ready
1714063041.455304,0.615966796875,0.746337890625,-0.266845703125,Get ready
1714063041.502724,0.625732421875,0.765380859375,-0.285400390625,Get ready
1714063041.537016,0.630615234375,0.773193359375,-0.270263671875,Get ready
1714063041.576852,0.619873046875,0.7734375,-0.2802734375,Get ready
1714063041.622065,0.60205078125,0.7734375,-0.290771484375,Get ready
1714063041.658806,0.5830078125,0.76025390625,-0.3095703125,Get ready
1714063041.706612,0.587646484375,0.767333984375,-0.303466796875,Get ready
1714063041.756498,0.57861328125,0.748046875,-0.33447265625,Get ready
1714063041.77756,0.57763671875,0.739501953125,-0.356201171875,Get ready
1714063041.838184,0.607666015625,0.740234375,-0.31787109375,Get ready
1714063041.859299,0.616455078125,0.756103515625,-0.288330078125,Get ready
1714063041.908323,0.59814453125,0.767578125,-0.310302734375,Get ready
1714063041.939377,0.59326171875,0.776611328125,-0.32275390625,Get ready
1714063041.977233,0.592041015625,0.773681640625,-0.323974609375,Get ready
1714063042.027449,0.590576171875,0.7724609375,-0.29833984375,Get ready
1714063042.058538,0.615478515625,0.77392578125,-0.270263671875,Get ready
1714063042.108516,0.62158203125,0.766845703125,-0.32177734375,Get ready
1714063042.163106,0.604736328125,0.769775390625,-0.3173828125,Get ready
1714063042.181211,0.56591796875,0.7734375,-0.33935546875,Get ready
1714063042.245338,0.5283203125,0.76708984375,-0.35986328125,Get ready
1714063042.258415,0.509765625,0.763427734375,-0.35986328125,Get ready
1714063042.29939,0.530517578125,0.7705078125,-0.3564453125,Get ready
1714063042.343344,0.560302734375,0.767822265625,-0.359130859375,Get ready
1714063042.391443,0.576904296875,0.781494140625,-0.356201171875,Get ready
1714063042.44571,0.570556640625,0.782470703125,-0.343505859375,Get ready
1714063042.461388,0.56982421875,0.781494140625,-0.33447265625,Get ready
1714063042.530767,0.583251953125,0.77783203125,-0.3251953125,Get ready
1714063042.541152,0.593505859375,0.767578125,-0.3115234375,Get ready
1714063042.584596,0.598388671875,0.765869140625,-0.3095703125,Get ready
1714063042.621311,0.597900390625,0.76025390625,-0.30419921875,Get ready
1714063042.666977,0.6044921875,0.76171875,-0.292236328125,Get ready
1714063042.720275,0.613525390625,0.767578125,-0.298095703125,Get ready
1714063042.7413,0.6044921875,0.76708984375,-0.292236328125,Get ready
1714063042.800049,0.608154296875,0.762451171875,-0.298583984375,Get ready
1714063042.821098,0.619873046875,0.756591796875,-0.292724609375,Get ready
1714063042.863943,0.623046875,0.75732421875,-0.282958984375,Get ready
1714063042.900833,0.63134765625,0.756591796875,-0.28564453125,Get ready
1714063042.941234,0.6259765625,0.75634765625,-0.290771484375,Get ready
1714063042.992972,0.6171875,0.756103515625,-0.3017578125,Get ready
1714063043.021576,0.6142578125,0.760498046875,-0.308349609375,Get ready
1714063043.075275,0.599609375,0.755126953125,-0.32958984375,Get ready
1714063043.101588,0.596435546875,0.754150390625,-0.325927734375,Get ready
1714063043.146518,0.594482421875,0.75146484375,-0.330078125,Get ready
1714063043.212805,0.58251953125,0.756103515625,-0.329833984375,Get ready
1714063043.22225,0.5771484375,0.767333984375,-0.33056640625,Get ready
1714063043.266705,0.572265625,0.773681640625,-0.353759765625,Get ready
1714063043.301436,0.566650390625,0.786376953125,-0.35693359375,Get ready
1714063043.350423,0.533935546875,0.783935546875,-0.37939453125,Get ready
1714063043.404503,0.526123046875,0.784423828125,-0.38525390625,Get ready
1714063043.420458,0.49072265625,0.77001953125,-0.412109375,Get ready
1714063043.488015,0.490478515625,0.781005859375,-0.408203125,Get ready
1714063043.502365,0.47705078125,0.790283203125,-0.43701171875,Get ready
1714063043.543549,0.46533203125,0.802978515625,-0.427978515625,Get ready
1714063043.582116,0.45263671875,0.805419921875,-0.42919921875,Get ready
1714063043.628771,0.4462890625,0.802978515625,-0.4619140625,Get ready
1714063043.682209,0.425048828125,0.80712890625,-0.469970703125,Get ready
1714063043.703297,0.42041015625,0.8115234375,-0.4716796875,Get ready
1714063043.766292,0.406494140625,0.807861328125,-0.482421875,Get ready
1714063043.782832,0.395751953125,0.8037109375,-0.48681640625,Get ready
1714063043.835225,0.3896484375,0.78857421875,-0.480224609375,Get ready
1714063043.86364,0.36669921875,0.780029296875,-0.49609375,Get ready
1714063043.909285,0.346435546875,0.7578125,-0.49755859375,Get ready
1714063043.958399,0.43310546875,0.7880859375,-0.516357421875,Get ready
1714063043.982314,0.44873046875,0.8369140625,-0.46435546875,Get ready
1714063044.042319,0.43603515625,0.836181640625,-0.47412109375,Get ready
1714063044.062412,0.3876953125,0.821533203125,-0.4755859375,Get ready
1714063044.104417,0.3828125,0.783203125,-0.499267578125,Get ready
1714063044.142876,0.313232421875,0.8173828125,-0.47216796875,Get ready
1714063044.185755,0.3994140625,0.8544921875,-0.471923828125,Get ready
1714063044.236398,0.3935546875,0.83056640625,-0.497314453125,Get ready
1714063044.280851,0.387451171875,0.815185546875,-0.47119140625,Get ready
1714063044.335528,0.40576171875,0.804931640625,-0.47607421875,Get ready
1714063044.342137,0.40380859375,0.79736328125,-0.48388671875,Get ready
1714063044.387467,0.394775390625,0.8125,-0.4775390625,Get ready
1714063044.425536,0.3955078125,0.80517578125,-0.481689453125,Get ready
1714063044.472161,0.38037109375,0.8056640625,-0.48583984375,Get ready
1714063044.526062,0.37744140625,0.791015625,-0.492919921875,Get ready
1714063044.547004,0.362060546875,0.792236328125,-0.523681640625,Get ready
1714063044.584316,0.387939453125,0.791748046875,-0.5166015625,Get ready
1714063044.623165,0.4091796875,0.811279296875,-0.499755859375,Get ready
1714063044.675581,0.392578125,0.7880859375,-0.50048828125,Get ready
1714063044.704601,0.45703125,0.794921875,-0.485107421875,Get ready
1714063044.759047,0.443359375,0.77587890625,-0.501953125,Get ready
1714063044.784082,0.4501953125,0.771728515625,-0.486083984375,Get ready
1714063044.830833,0.45751953125,0.75439453125,-0.506103515625,Get ready
1714063044.864548,0.462158203125,0.754150390625,-0.446533203125,Get ready
1714063044.905384,0.50732421875,0.763427734375,-0.433349609375,Get ready
1714063044.950633,0.5087890625,0.761962890625,-0.44921875,Get ready
1714063044.987517,0.48486328125,0.764892578125,-0.448974609375,Get ready
1714063045.033837,0.494873046875,0.75830078125,-0.462890625,Get ready
1714063045.08786,0.517333984375,0.764404296875,-0.4462890625,Get ready
1714063045.105234,0.5263671875,0.760009765625,-0.436279296875,Get ready
1714063045.171171,0.5,0.7578125,-0.449951171875,Get ready
1714063045.18764,0.4697265625,0.74755859375,-0.463134765625,Get ready
1714063045.241553,0.495361328125,0.74951171875,-0.467041015625,Get ready
1714063045.268448,0.50341796875,0.77197265625,-0.458740234375,Get ready
1714063045.312411,0.507080078125,0.7568359375,-0.4482421875,Get ready
1714063045.363156,0.537353515625,0.763671875,-0.452392578125,Get ready
1714063045.383361,0.516357421875,0.750244140625,-0.4384765625,Get ready
1714063045.445599,0.511962890625,0.749755859375,-0.450439453125,Get ready
1714063045.465149,0.5283203125,0.758544921875,-0.4404296875,Get ready
1714063045.507204,0.50634765625,0.752685546875,-0.456787109375,Get ready
1714063045.544383,0.522705078125,0.755126953125,-0.4375,Get ready
1714063045.587438,0.521484375,0.759033203125,-0.443603515625,Get ready
1714063045.636594,0.54248046875,0.752685546875,-0.4248046875,Get ready
1714063045.668066,0.550537109375,0.74853515625,-0.43017578125,Get ready
1714063045.719647,0.537841796875,0.734130859375,-0.43115234375,Get ready
1714063045.745548,0.528564453125,0.7431640625,-0.440185546875,Get ready
1714063045.793407,0.541259765625,0.7490234375,-0.436279296875,Get ready
1714063045.826674,0.51953125,0.7587890625,-0.436767578125,Get ready
1714063045.866545,0.55224609375,0.7529296875,-0.4248046875,Get ready
1714063045.912362,0.527587890625,0.74072265625,-0.447509765625,Get ready
1714063045.9462,0.554443359375,0.744140625,-0.422607421875,Get ready
1714063045.99528,0.5341796875,0.743896484375,-0.440185546875,Get ready
1714063046.049455,0.543701171875,0.744384765625,-0.427490234375,Get ready
1714063046.06637,0.531005859375,0.7431640625,-0.434326171875,Get ready
1714063046.136734,0.542236328125,0.74365234375,-0.442626953125,Get ready
1714063046.146973,0.5322265625,0.74267578125,-0.4501953125,Get ready
1714063046.18889,0.531494140625,0.742431640625,-0.431640625,Get ready
1714063046.231571,0.55029296875,0.7490234375,-0.45263671875,Get ready
1714063046.274674,0.56396484375,0.7353515625,-0.421875,Get ready
1714063046.325854,0.543701171875,0.74462890625,-0.4462890625,Get ready
1714063046.349398,0.5419921875,0.738525390625,-0.444091796875,Get ready
1714063046.408107,0.53466796875,0.736572265625,-0.439208984375,Get ready
1714063046.427447,0.5361328125,0.740966796875,-0.4326171875,Get ready
1714063046.479542,0.54443359375,0.738037109375,-0.43359375,Get ready
1714063046.510813,0.55419921875,0.744140625,-0.440673828125,Get ready
1714063046.552238,0.53076171875,0.743896484375,-0.43359375,Get ready
1714063046.601774,0.535888671875,0.74462890625,-0.430419921875,Get ready
1714063046.631945,0.57666015625,0.746826171875,-0.39794921875,Get ready
1714063046.684743,0.5791015625,0.749267578125,-0.421875,Get ready
1714063046.706432,0.535400390625,0.7373046875,-0.432373046875,Get ready
1714063046.746267,0.523681640625,0.741455078125,-0.42822265625,Get ready
1714063046.787315,0.576904296875,0.747314453125,-0.412841796875,Get ready
1714063046.833417,0.555908203125,0.7509765625,-0.421142578125,Get ready
1714063046.888525,0.54833984375,0.739013671875,-0.427978515625,Get ready
1714063046.909045,0.551513671875,0.73486328125,-0.427734375,Get ready
1714063046.971324,0.55712890625,0.736083984375,-0.4130859375,Get ready
1714063046.988339,0.583251953125,0.750244140625,-0.409912109375,Get ready
1714063047.041838,0.563720703125,0.7470703125,-0.413330078125,Get ready
1714063047.070941,0.56005859375,0.742919921875,-0.43212890625,Get ready
1714063047.114396,0.555908203125,0.736083984375,-0.4189453125,Get ready
1714063047.164608,0.546142578125,0.725341796875,-0.436279296875,Get ready
1714063047.189293,0.5380859375,0.73486328125,-0.427978515625,Get ready
1714063047.248209,0.55078125,0.738037109375,-0.427001953125,Get ready
1714063047.269449,0.56396484375,0.74462890625,-0.40966796875,Get ready
1714063047.318948,0.5576171875,0.747802734375,-0.417236328125,Get ready
1714063047.349849,0.560302734375,0.752685546875,-0.419921875,Get ready
1714063047.39147,0.568359375,0.74658203125,-0.4091796875,Get ready
1714063047.440851,0.552490234375,0.737060546875,-0.4140625,Get ready
1714063047.470549,0.5439453125,0.744873046875,-0.421630859375,Get ready
1714063047.521059,0.552978515625,0.752685546875,-0.40478515625,Get ready
1714063047.579203,0.565673828125,0.753662109375,-0.411865234375,Get ready
1714063047.595536,0.54443359375,0.750732421875,-0.41015625,Get ready
1714063047.630458,0.544677734375,0.749755859375,-0.415283203125,Get ready
1714063047.672384,0.547607421875,0.747314453125,-0.4111328125,Get ready
1714063047.718314,0.54736328125,0.751220703125,-0.4140625,Get ready
1714063047.750484,0.537841796875,0.758056640625,-0.41796875,Get ready
1714063047.799596,0.541259765625,0.754638671875,-0.405029296875,Get ready
1714063047.857756,0.54443359375,0.760986328125,-0.407470703125,Get ready
1714063047.877599,0.53173828125,0.767578125,-0.400146484375,Get ready
1714063047.912194,0.52099609375,0.765869140625,-0.400634765625,Get ready
1714063047.951928,0.522705078125,0.78125,-0.42333984375,Get ready
1714063048.001677,0.50146484375,0.7783203125,-0.400390625,Get ready
1714063048.033482,0.505615234375,0.789794921875,-0.412841796875,Get ready
1714063048.084129,0.49365234375,0.78369140625,-0.408447265625,Get ready
1714063048.110399,0.48681640625,0.78076171875,-0.406005859375,Get ready
1714063048.151509,0.508544921875,0.77392578125,-0.385986328125,Get ready
1714063048.1909,0.49609375,0.7880859375,-0.39697265625,Get ready
1714063048.23268,0.506591796875,0.79638671875,-0.38916015625,Get ready
1714063048.284001,0.506103515625,0.802978515625,-0.392578125,Get ready
1714063048.316184,0.50830078125,0.801025390625,-0.3994140625,Get ready
1714063048.366944,0.50634765625,0.804931640625,-0.39453125,Get ready
1714063048.39233,0.5,0.809814453125,-0.37939453125,Get ready
1714063048.437333,0.485107421875,0.8046875,-0.383056640625,Get ready
1714063048.474613,0.47705078125,0.792236328125,-0.40869140625,Get ready
1714063048.512338,0.4892578125,0.79052734375,-0.421630859375,Get ready
1714063048.565879,0.494140625,0.79150390625,-0.41748046875,Get ready
1714063048.591534,0.50390625,0.78564453125,-0.39794921875,Get ready
1714063048.648016,0.517578125,0.796142578125,-0.393310546875,Get ready
1714063048.673596,0.5244140625,0.7939453125,-0.37646484375,Get ready
1714063048.723049,0.501708984375,0.7958984375,-0.35986328125,Get ready
1714063048.752819,0.49462890625,0.791748046875,-0.373779296875,Get ready
1714063048.799102,0.500732421875,0.794921875,-0.36083984375,Get ready
1714063048.857215,0.5205078125,0.813232421875,-0.3642578125,Get ready
1714063048.873435,0.52685546875,0.80810546875,-0.359375,Get ready
1714063048.939236,0.528076171875,0.8056640625,-0.34375,Get ready
1714063048.953184,0.5234375,0.816650390625,-0.3623046875,Get ready
1714063048.997756,0.524169921875,0.789794921875,-0.352294921875,Get ready
1714063049.033268,0.5087890625,0.800048828125,-0.346923828125,Get ready
1714063049.079319,0.52197265625,0.8017578125,-0.3388671875,Get ready
1714063049.137456,0.511474609375,0.8212890625,-0.3369140625,Get ready
1714063049.153463,0.5341796875,0.8447265625,-0.348876953125,Get ready
1714063049.221675,0.524169921875,0.8359375,-0.35546875,Get ready
1714063049.23221,0.5185546875,0.81640625,-0.368896484375,Get ready
1714063049.276749,0.511962890625,0.814697265625,-0.33203125,Get ready
1714063049.311612,0.51416015625,0.7890625,-0.361572265625,Get ready
1714063049.360772,0.5283203125,0.830322265625,-0.33447265625,Get ready
1714063049.416094,0.55419921875,0.836181640625,-0.36083984375,Get ready
1714063049.433576,0.540771484375,0.80078125,-0.36474609375,Get ready
1714063049.503701,0.550537109375,0.766357421875,-0.34765625,Get ready
1714063049.511414,0.5498046875,0.739990234375,-0.354248046875,Get ready
1714063049.568381,0.553466796875,0.735107421875,-0.359375,Get ready
1714063049.594755,0.578125,0.7314453125,-0.361328125,Get ready
1714063049.651165,0.600341796875,0.74609375,-0.376953125,Get ready
1714063049.672843,0.60009765625,0.75146484375,-0.385986328125,Get ready
1714063049.717721,0.593505859375,0.75244140625,-0.37548828125,Get ready
1714063049.755148,0.59326171875,0.737548828125,-0.38037109375,Get ready
1714063049.798089,0.590087890625,0.73095703125,-0.400634765625,Get ready
1714063049.850531,0.590087890625,0.743408203125,-0.408447265625,Get ready
1714063049.872131,0.580322265625,0.751708984375,-0.417236328125,Get ready
1714063049.935191,0.55859375,0.73291015625,-0.3876953125,Get ready
1714063049.951094,0.548828125,0.741943359375,-0.366455078125,Get ready
1714063050.007242,0.542724609375,0.75537109375,-0.35400390625,Get ready
1714063050.031053,0.5517578125,0.7431640625,-0.357177734375,Get ready
1714063050.078231,0.549072265625,0.74853515625,-0.3583984375,Get ready
1714063050.135325,0.5537109375,0.766357421875,-0.36474609375,Get ready
1714063050.153117,0.5703125,0.806884765625,-0.3525390625,Get ready
1714063050.218892,0.580322265625,0.84423828125,-0.359619140625,Get ready
1714063050.233367,0.55810546875,0.82080078125,-0.364990234375,Get ready
1714063050.273488,0.5361328125,0.760009765625,-0.373291015625,Get ready
1714063050.315907,0.505126953125,0.71533203125,-0.39306640625,Get ready
1714063050.360633,0.531005859375,0.721923828125,-0.367919921875,Get ready
1714063050.410003,0.558349609375,0.763671875,-0.3466796875,Get ready
1714063050.435659,0.59375,0.79833984375,-0.32373046875,Get ready
1714063050.49127,0.669921875,0.818603515625,-0.22802734375,Get ready
1714063050.513354,0.704345703125,0.783447265625,-0.1513671875,Get ready
1714063050.555254,0.61962890625,0.791015625,-0.2509765625,Get ready
1714063050.593722,0.58740234375,0.818115234375,-0.23193359375,Get ready
1714063050.63211,0.57373046875,0.769775390625,-0.14306640625,Get ready
1714063050.683275,0.60498046875,0.725830078125,-0.144287109375,Get ready
1714063050.712654,0.673583984375,0.70458984375,-0.163330078125,Get ready
1714063050.764326,0.642578125,0.686767578125,-0.213134765625,Get ready
1714063050.820719,0.67431640625,0.703125,-0.23095703125,Get ready
1714063050.838769,0.6083984375,0.682861328125,-0.208740234375,Get ready
1714063050.900647,0.629150390625,0.74755859375,-0.167236328125,Get ready
1714063050.914461,0.6083984375,0.79736328125,-0.2099609375,Get ready
1714063050.956257,0.632568359375,0.825927734375,-0.166015625,Get ready
1714063050.99601,0.662109375,0.841796875,-0.169921875,Get ready
1714063051.047342,0.605224609375,0.8603515625,-0.209716796875,Get ready
1714063051.10209,0.5830078125,0.866943359375,-0.226318359375,Get ready
1714063051.121142,0.56103515625,0.834228515625,-0.23681640625,Get ready
1714063051.155967,0.56591796875,0.828369140625,-0.29541015625,Get ready
1714063051.19647,0.5390625,0.798583984375,-0.302734375,Get ready
1714063051.242501,0.537841796875,0.775390625,-0.271240234375,Get ready
1714063051.272663,0.5751953125,0.79248046875,-0.273193359375,Get ready
1714063051.322408,0.58154296875,0.8291015625,-0.27392578125,Get ready
1714063051.378693,0.5673828125,0.8427734375,-0.258056640625,Get ready
1714063051.39463,0.546875,0.8427734375,-0.28564453125,Get ready
1714063051.458218,0.52001953125,0.7802734375,-0.26513671875,Get ready
1714063051.474672,0.556396484375,0.80078125,-0.287353515625,Get ready
1714063051.517535,0.585205078125,0.7705078125,-0.25927734375,Get ready
1714063051.555471,0.586669921875,0.801513671875,-0.28076171875,Get ready
1714063051.599464,0.55126953125,0.774169921875,-0.230712890625,Get ready
1714063051.649113,0.508056640625,0.762939453125,-0.1513671875,Get ready
1714063051.678021,0.649658203125,0.831787109375,-0.08740234375,Get ready
1714063051.730829,0.62744140625,0.84326171875,0.032470703125,Get ready
1714063051.756353,0.678466796875,0.849853515625,0.05126953125,Get ready
1714063051.80135,0.62744140625,0.90673828125,-0.03271484375,Get ready
1714063051.835061,0.613037109375,0.931884765625,-0.132568359375,Get ready
1714063051.876851,0.574951171875,0.905029296875,-0.2236328125,Get ready
1714063051.922572,0.5615234375,0.88134765625,-0.28125,Get ready
1714063051.954155,0.520751953125,0.802001953125,-0.3896484375,Get ready
1714063052.002911,0.49755859375,0.719970703125,-0.350830078125,Get ready
1714063052.059539,0.54443359375,0.752197265625,-0.256591796875,Get ready
1714063052.075262,0.544921875,0.77978515625,-0.234130859375,Get ready
1714063052.141505,0.58154296875,0.853759765625,-0.197509765625,Get ready
1714063052.155373,0.605712890625,0.866943359375,-0.146240234375,Get ready
1714063052.198886,0.612548828125,0.880126953125,-0.140869140625,Get ready
1714063052.236101,0.602294921875,0.847412109375,-0.166259765625,Get ready
1714063052.28439,0.57373046875,0.81298828125,-0.177490234375,Get ready
1714063052.337264,0.5634765625,0.810302734375,-0.20458984375,Get ready
1714063052.35603,0.57666015625,0.818115234375,-0.21826171875,Get ready
1714063052.41811,0.58984375,0.79296875,-0.250244140625,Get ready
1714063052.438043,0.5703125,0.7646484375,-0.26123046875,Get ready
1714063052.476012,0.537109375,0.75,-0.226318359375,Get ready
1714063052.518729,0.552978515625,0.779541015625,-0.2265625,Get ready
1714063052.564001,0.584228515625,0.810546875,-0.24267578125,Get ready
1714063052.613404,0.56884765625,0.80126953125,-0.248779296875,Get ready
1714063052.635662,0.568359375,0.7451171875,-0.240478515625,Get ready
1714063052.70051,0.577880859375,0.7802734375,-0.200927734375,Get ready
1714063052.71901,0.592529296875,0.822998046875,-0.211181640625,Get ready
1714063052.75962,0.604248046875,0.842529296875,-0.26123046875,Get ready
1714063052.797178,0.577392578125,0.826171875,-0.293701171875,Get ready
1714063052.837543,0.546142578125,0.80810546875,-0.23486328125,Get ready
1714063052.888194,0.55712890625,0.81494140625,-0.258056640625,Get ready
1714063052.917775,0.56640625,0.818603515625,-0.26123046875,Get ready
1714063052.970313,0.56982421875,0.832275390625,-0.29296875,Get ready
1714063053.024585,0.570556640625,0.8271484375,-0.306884765625,Get ready
1714063053.040972,0.56396484375,0.7939453125,-0.298828125,Get ready
1714063053.106333,0.553466796875,0.784912109375,-0.304443359375,Get ready
1714063053.118621,0.550537109375,0.771484375,-0.298583984375,Get ready
1714063053.161625,0.552978515625,0.781982421875,-0.3017578125,Get ready
1714063053.197696,0.54736328125,0.79443359375,-0.32470703125,Get ready
1714063053.252969,0.54150390625,0.807861328125,-0.34326171875,Get ready
1714063053.277879,0.547119140625,0.809814453125,-0.3505859375,Get ready
1714063053.32103,0.54150390625,0.793212890625,-0.35400390625,Get ready
1714063053.356193,0.54541015625,0.782470703125,-0.3505859375,Get ready
1714063053.397345,0.55126953125,0.7861328125,-0.357666015625,Get ready
1714063053.446087,0.556640625,0.7822265625,-0.359375,Get ready
1714063053.477586,0.56640625,0.77099609375,-0.359619140625,Get ready
1714063053.527366,0.570068359375,0.764892578125,-0.33740234375,Get ready
1714063053.581628,0.57275390625,0.764892578125,-0.33349609375,Get ready
1714063053.599494,0.580322265625,0.76220703125,-0.3310546875,Get ready
1714063053.661355,0.58447265625,0.764404296875,-0.33154296875,Get ready
1714063053.678271,0.586669921875,0.763671875,-0.3310546875,Get ready
1714063053.733297,0.590576171875,0.76416015625,-0.33251953125,Get ready
1714063053.759304,0.58642578125,0.758544921875,-0.337890625,Get ready
1714063053.801811,0.5830078125,0.759521484375,-0.345703125,Get ready
1714063053.853534,0.576171875,0.759765625,-0.339111328125,Get ready
1714063053.877226,0.57470703125,0.75732421875,-0.344970703125,Get ready
1714063053.933367,0.5732421875,0.76318359375,-0.3505859375,Get ready
1714063053.958292,0.56689453125,0.769287109375,-0.353515625,Get ready
1714063054.006994,0.562255859375,0.780029296875,-0.359375,Get ready
1714063054.037964,0.56396484375,0.776611328125,-0.356201171875,Get ready
1714063054.077196,0.56201171875,0.779052734375,-0.35693359375,Get ready
1714063054.128917,0.563232421875,0.780517578125,-0.36083984375,Get ready
1714063054.160562,0.55712890625,0.779541015625,-0.35986328125,Get ready
1714063054.209583,0.552490234375,0.772216796875,-0.364013671875,Get ready
1714063054.265824,0.553466796875,0.770751953125,-0.37451171875,Get ready
1714063054.27854,0.5439453125,0.771484375,-0.37744140625,Get ready
1714063054.318118,0.546630859375,0.774169921875,-0.37353515625,Get ready
1714063054.358273,0.54736328125,0.77734375,-0.372314453125,Get ready
1714063054.403677,0.54150390625,0.77294921875,-0.376953125,Get ready
1714063054.437603,0.53857421875,0.775634765625,-0.373291015625,Get ready
1714063054.488993,0.545166015625,0.782958984375,-0.3720703125,Get ready
1714063054.546169,0.549072265625,0.789306640625,-0.36767578125,Get ready
1714063054.561689,0.55908203125,0.78076171875,-0.38134765625,Get ready
1714063054.597278,0.54638671875,0.764892578125,-0.375244140625,Get ready
1714063054.637319,0.540283203125,0.75732421875,-0.356201171875,Get ready
1714063054.682864,0.5361328125,0.76904296875,-0.375244140625,Get ready
1714063054.718179,0.53125,0.77734375,-0.390380859375,Get ready
1714063054.766709,0.516357421875,0.77392578125,-0.39794921875,Get ready
1714063054.82002,0.516357421875,0.771728515625,-0.399658203125,Get ready
1714063054.840897,0.524658203125,0.7763671875,-0.392578125,Get ready
1714063054.899984,0.53076171875,0.784423828125,-0.385986328125,Get ready
1714063054.920665,0.537841796875,0.791259765625,-0.37060546875,Get ready
1714063054.966759,0.545166015625,0.79443359375,-0.362548828125,Get ready
1714063054.999055,0.55517578125,0.793212890625,-0.357421875,Get ready
1714063055.043467,0.552978515625,0.783203125,-0.3564453125,Get ready
1714063055.095697,0.542724609375,0.77783203125,-0.3544921875,Get ready
1714063055.120566,0.548828125,0.776611328125,-0.360107421875,Get ready
1714063055.17704,0.541259765625,0.775390625,-0.354248046875,Get ready
1714063055.197081,0.5419921875,0.78271484375,-0.349853515625,Get ready
1714063055.245103,0.548095703125,0.79150390625,-0.34423828125,Get ready
1714063055.284743,0.546875,0.796875,-0.343994140625,Get ready
1714063055.325082,0.544921875,0.7978515625,-0.3369140625,Get ready
1714063055.380604,0.546630859375,0.7958984375,-0.34228515625,Get ready
1714063055.401261,0.550048828125,0.79443359375,-0.3447265625,Get ready
1714063055.46043,0.543701171875,0.7890625,-0.3447265625,Get ready
1714063055.480446,0.5498046875,0.7890625,-0.346435546875,Get ready
1714063055.531949,0.548095703125,0.788330078125,-0.342529296875,Get ready
1714063055.562079,0.549560546875,0.787841796875,-0.345703125,Get ready
1714063055.605518,0.548095703125,0.78466796875,-0.340576171875,Get ready
1714063055.655008,0.5546875,0.783935546875,-0.34228515625,Get ready
1714063055.680228,0.547119140625,0.784912109375,-0.343994140625,Get ready
1714063055.734927,0.55029296875,0.78466796875,-0.34521484375,Get ready
1714063055.759902,0.550537109375,0.787841796875,-0.347412109375,Get ready
1714063055.80729,0.546875,0.787353515625,-0.346923828125,Get ready
1714063055.838982,0.54638671875,0.7880859375,-0.35107421875,Get ready
1714063055.879858,0.54736328125,0.79052734375,-0.34423828125,Get ready
1714063055.925603,0.547607421875,0.791015625,-0.343505859375,Get ready
1714063055.959339,0.545166015625,0.791748046875,-0.347900390625,Get ready
1714063056.008422,0.53955078125,0.792236328125,-0.35595703125,Get ready
1714063056.062389,0.53759765625,0.788330078125,-0.355224609375,Get ready
1714063056.080021,0.53857421875,0.791015625,-0.359619140625,Get ready
1714063056.142976,0.533447265625,0.787109375,-0.3525390625,Get ready
1714063056.161198,0.534912109375,0.785888671875,-0.3525390625,Get ready
1714063056.205092,0.535400390625,0.791259765625,-0.353271484375,Get ready
1714063056.243488,0.541015625,0.795654296875,-0.35693359375,Get ready
1714063056.285415,0.537841796875,0.79248046875,-0.3583984375,Get ready
1714063056.336213,0.540283203125,0.797607421875,-0.352294921875,Get ready
1714063056.36108,0.5400390625,0.80029296875,-0.349609375,Get ready
1714063056.416752,0.540771484375,0.799072265625,-0.343017578125,Get ready
1714063056.43942,0.539306640625,0.799072265625,-0.340576171875,Get ready
1714063056.489785,0.538330078125,0.79296875,-0.338623046875,Get ready
1714063056.520888,0.54150390625,0.786865234375,-0.35205078125,Get ready
1714063056.562118,0.538818359375,0.784912109375,-0.350341796875,Get ready
1714063056.607825,0.54541015625,0.7841796875,-0.3515625,Get ready
1714063056.641013,0.548095703125,0.785888671875,-0.3447265625,Get ready
1714063056.69328,0.552001953125,0.789306640625,-0.34326171875,Get ready
1714063056.748199,0.545654296875,0.7900390625,-0.344482421875,Get ready
1714063056.764434,0.54345703125,0.787353515625,-0.35107421875,Get ready
1714063056.831957,0.5419921875,0.790283203125,-0.352294921875,Get ready
1714063056.841054,0.53857421875,0.796142578125,-0.3505859375,Get ready
1714063056.886771,0.539306640625,0.7958984375,-0.348388671875,Get ready
1714063056.923694,0.54150390625,0.802001953125,-0.345458984375,Get ready
1714063056.968908,0.53955078125,0.801025390625,-0.34423828125,Get ready
1714063057.02373,0.536865234375,0.794677734375,-0.34423828125,Get ready
1714063057.044553,0.5322265625,0.7890625,-0.3427734375,Get ready
1714063057.108524,0.536865234375,0.79443359375,-0.347900390625,Get ready
1714063057.12001,0.53662109375,0.793701171875,-0.345947265625,Get ready
1714063057.163534,0.5439453125,0.794189453125,-0.352294921875,Get ready
1714063057.200714,0.5390625,0.78173828125,-0.351318359375,Get ready
1714063057.248642,0.5498046875,0.782470703125,-0.35400390625,Get ready
1714063057.300867,0.544921875,0.780029296875,-0.35595703125,Get ready
1714063057.321542,0.543701171875,0.78271484375,-0.357421875,Get ready
1714063057.383353,0.54638671875,0.783203125,-0.353515625,Get ready
1714063057.40458,0.544921875,0.786376953125,-0.353759765625,Get ready
1714063057.44555,0.53955078125,0.786865234375,-0.353271484375,Get ready
1714063057.483293,0.546875,0.79541015625,-0.359619140625,Get ready
1714063057.529839,0.537841796875,0.789306640625,-0.35693359375,Get ready
1714063057.586471,0.536376953125,0.78515625,-0.35595703125,Get ready
1714063057.603862,0.5380859375,0.78955078125,-0.3603515625,Get ready
1714063057.666715,0.5380859375,0.788330078125,-0.353759765625,Get ready
1714063057.683251,0.539306640625,0.789306640625,-0.35595703125,Get ready
1714063057.723162,0.542236328125,0.79296875,-0.353759765625,Get ready
1714063057.762182,0.543701171875,0.792236328125,-0.359375,Get ready
1714063057.809479,0.536865234375,0.788330078125,-0.35302734375,Get ready
1714063057.867117,0.543701171875,0.786865234375,-0.35546875,Get ready
1714063057.884234,0.5400390625,0.7880859375,-0.356201171875,Get ready
1714063057.949319,0.540771484375,0.78466796875,-0.352783203125,Get ready
1714063057.962819,0.54345703125,0.784912109375,-0.359130859375,Get ready
1714063058.007276,0.544189453125,0.78662109375,-0.35595703125,Get ready
1714063058.045176,0.54296875,0.78564453125,-0.353271484375,Get ready
1714063058.089518,0.545654296875,0.78857421875,-0.3583984375,Get ready
1714063058.148225,0.541015625,0.781005859375,-0.35888671875,Get ready
1714063058.164754,0.541748046875,0.78662109375,-0.35546875,Get ready
1714063058.23683,0.5458984375,0.782958984375,-0.35693359375,Get ready
1714063058.244109,0.542724609375,0.784423828125,-0.355224609375,Get ready
1714063058.291829,0.543701171875,0.783203125,-0.3544921875,Get ready
1714063058.326696,0.54443359375,0.786376953125,-0.355224609375,Get ready
1714063058.376205,0.54541015625,0.78662109375,-0.357421875,Get ready
1714063058.40243,0.54248046875,0.789306640625,-0.35400390625,Get ready
1714063058.448316,0.547119140625,0.788330078125,-0.357421875,Get ready
1714063058.483588,0.54443359375,0.787109375,-0.3525390625,Get ready
1714063058.522333,0.5439453125,0.7880859375,-0.35400390625,Get ready
1714063058.573621,0.5439453125,0.78662109375,-0.351318359375,Get ready
1714063058.635954,0.54296875,0.785400390625,-0.3544921875,Get ready
1714063058.673879,0.543701171875,0.784912109375,-0.3505859375,Get ready
1714063058.686926,0.5478515625,0.788818359375,-0.35595703125,Get ready
1714063058.7341,0.54345703125,0.784912109375,-0.35546875,Get ready
1714063058.766697,0.543701171875,0.789794921875,-0.352294921875,Get ready
1714063058.817658,0.545654296875,0.78955078125,-0.353515625,Get ready
1714063058.845179,0.541748046875,0.78955078125,-0.35009765625,Get ready
1714063058.896214,0.54248046875,0.7900390625,-0.3525390625,Get ready
1714063058.927146,0.54541015625,0.789794921875,-0.349365234375,Get ready
1714063058.966009,0.54443359375,0.787841796875,-0.357666015625,Get ready
1714063059.018365,0.538330078125,0.78466796875,-0.350341796875,Get ready
1714063059.044846,0.5439453125,0.787841796875,-0.358154296875,Get ready
1714063059.101617,0.5439453125,0.78564453125,-0.354736328125,Get ready
1714063059.124263,0.544677734375,0.787109375,-0.3544921875,Get ready
1714063059.168462,0.5419921875,0.78515625,-0.3525390625,Get ready
1714063059.20674,0.54248046875,0.786376953125,-0.35302734375,Get ready
1714063059.247505,0.542724609375,0.78857421875,-0.3515625,Get ready
1714063059.303384,0.540771484375,0.79150390625,-0.35791015625,Get ready
1714063059.325137,0.538818359375,0.787841796875,-0.355712890625,Get ready
1714063059.38509,0.540283203125,0.787109375,-0.35205078125,Get ready
1714063059.405659,0.5439453125,0.78857421875,-0.353515625,Get ready
1714063059.445241,0.54248046875,0.786865234375,-0.349365234375,Get ready
1714063059.485363,0.539306640625,0.790283203125,-0.34912109375,Get ready
1714063059.530252,0.54345703125,0.79248046875,-0.3486328125,Get ready
1714063059.58711,0.53955078125,0.7919921875,-0.34814453125,Get ready
1714063059.613789,0.53955078125,0.793701171875,-0.353759765625,Get ready
1714063059.646026,0.53857421875,0.79052734375,-0.352294921875,Get ready
1714063059.685724,0.542236328125,0.79296875,-0.357177734375,Get ready
1714063059.73753,0.54296875,0.7919921875,-0.3486328125,Get ready
1714063059.767979,0.54150390625,0.790771484375,-0.350830078125,Get ready
1714063059.819533,0.539794921875,0.790771484375,-0.352294921875,Get ready
1714063059.845008,0.538818359375,0.7890625,-0.351806640625,Get ready
1714063059.885087,0.5380859375,0.7861328125,-0.3505859375,Get ready
1714063059.925428,0.543212890625,0.79296875,-0.358154296875,Get ready
1714063059.965676,0.53759765625,0.791015625,-0.358154296875,Get ready
1714063060.021587,0.5380859375,0.7919921875,-0.350830078125,Get ready
1714063060.046645,0.540771484375,0.794189453125,-0.3544921875,Get ready
1714063060.101559,0.54150390625,0.787841796875,-0.3515625,Get ready
1714063060.127073,0.5400390625,0.783203125,-0.354736328125,Get ready
1714063060.176788,0.54345703125,0.784423828125,-0.35400390625,Get ready
1714063060.208179,0.54296875,0.784912109375,-0.350830078125,Get ready
1714063060.247177,0.542724609375,0.783935546875,-0.35400390625,Get ready
1714063060.298878,0.543701171875,0.78662109375,-0.356201171875,Get ready
1714063060.329567,0.54345703125,0.786376953125,-0.3515625,Get ready
1714063060.379902,0.546875,0.786376953125,-0.350341796875,Get ready
1714063060.40463,0.5478515625,0.78515625,-0.34912109375,Get ready
1714063060.454406,0.54931640625,0.785888671875,-0.347900390625,Get ready
1714063060.486119,0.545166015625,0.78515625,-0.3486328125,Get ready
1714063060.527412,0.547607421875,0.788330078125,-0.35009765625,Get ready
1714063060.576584,0.546630859375,0.788818359375,-0.3447265625,Get ready
1714063060.606969,0.547119140625,0.791259765625,-0.3486328125,Get ready
1714063060.657227,0.545654296875,0.78759765625,-0.3515625,Get ready
1714063060.716031,0.543701171875,0.7861328125,-0.34521484375,Get ready
1714063060.73209,0.549560546875,0.787109375,-0.349609375,Get ready
1714063060.767422,0.54296875,0.784912109375,-0.34619140625,Get ready
1714063060.810024,0.548095703125,0.78564453125,-0.3466796875,Get ready
1714063060.855172,0.543212890625,0.78857421875,-0.3466796875,Get ready
1714063060.889075,0.54638671875,0.7919921875,-0.34619140625,Get ready
1714063060.936186,0.536376953125,0.792724609375,-0.3447265625,Get ready
1714063060.990791,0.54248046875,0.796142578125,-0.35107421875,Get ready
1714063061.007494,0.537109375,0.794677734375,-0.3505859375,Get ready
1714063061.0799,0.5390625,0.7939453125,-0.3505859375,Get ready
1714063061.086018,0.537841796875,0.793212890625,-0.350341796875,Get ready
1714063061.133347,0.53759765625,0.791259765625,-0.349853515625,Get ready
1714063061.168166,0.537841796875,0.792724609375,-0.350830078125,Get ready
1714063061.216583,0.540771484375,0.793701171875,-0.34716796875,Get ready
1714063061.270896,0.543701171875,0.793701171875,-0.349365234375,Get ready
1714063061.287528,0.5439453125,0.791748046875,-0.34814453125,Get ready
1714063061.354407,0.548095703125,0.790771484375,-0.34619140625,Get ready
1714063061.368021,0.545166015625,0.787109375,-0.3427734375,Get ready
1714063061.416561,0.54931640625,0.7841796875,-0.349365234375,Get ready
1714063061.452604,0.545166015625,0.78125,-0.3544921875,Get ready
1714063061.510484,0.55029296875,0.7802734375,-0.349853515625,Get ready
1714063061.530632,0.548583984375,0.787841796875,-0.349609375,Get ready
1714063061.575164,0.548828125,0.7861328125,-0.3466796875,Get ready
1714063061.610877,0.543701171875,0.78759765625,-0.349609375,Get ready
1714063061.692017,0.542236328125,0.789794921875,-0.347412109375,Get ready
1714063061.692622,0.54638671875,0.788330078125,-0.353759765625,Get ready
1714063061.741457,0.54638671875,0.787353515625,-0.348388671875,Get ready
1714063061.77127,0.543212890625,0.790283203125,-0.348876953125,Get ready
1714063061.827253,0.54638671875,0.78857421875,-0.350341796875,Get ready
1714063061.849602,0.54345703125,0.782958984375,-0.35546875,Get ready
1714063061.890978,0.54248046875,0.787109375,-0.357177734375,Get ready
1714063061.929756,0.540771484375,0.7861328125,-0.3603515625,Get ready
1714063061.975731,0.5400390625,0.78662109375,-0.355712890625,Get ready
1714063062.033042,0.542236328125,0.785888671875,-0.35986328125,Get ready
1714063062.049165,0.546142578125,0.78564453125,-0.35546875,Get ready
1714063062.115109,0.551025390625,0.7900390625,-0.347412109375,Get ready
1714063062.129376,0.552490234375,0.786376953125,-0.34765625,Get ready
1714063062.171449,0.552978515625,0.78369140625,-0.34326171875,Get ready
1714063062.209977,0.552001953125,0.7802734375,-0.34521484375,Get ready
1714063062.255423,0.55810546875,0.78515625,-0.3427734375,Get ready
1714063062.309841,0.550048828125,0.7822265625,-0.3408203125,Get ready
1714063062.329933,0.55615234375,0.781982421875,-0.33984375,Get ready
1714063062.390822,0.55712890625,0.781005859375,-0.34375,Get ready
1714063062.408464,0.56005859375,0.78564453125,-0.3408203125,Get ready
1714063062.455303,0.558349609375,0.78076171875,-0.347900390625,Get ready
1714063062.486958,0.556396484375,0.7841796875,-0.3447265625,Get ready
1714063062.543152,0.55615234375,0.78271484375,-0.347900390625,Get ready
1714063062.570109,0.5537109375,0.783203125,-0.348388671875,Get ready
1714063062.617897,0.5537109375,0.7822265625,-0.3486328125,Get ready
1714063062.649902,0.549072265625,0.78466796875,-0.3466796875,Get ready
1714063062.689924,0.550537109375,0.784423828125,-0.349609375,Get ready
1714063062.745237,0.54931640625,0.78564453125,-0.349365234375,Get ready
1714063062.769112,0.548095703125,0.78662109375,-0.350830078125,Get ready
1714063062.832032,0.5498046875,0.787109375,-0.351318359375,Get ready
1714063062.850497,0.549072265625,0.78857421875,-0.350341796875,Get ready
1714063062.8894,0.546875,0.783203125,-0.3466796875,Get ready
1714063062.927221,0.54541015625,0.783447265625,-0.3505859375,Get ready
1714063062.975711,0.5517578125,0.7880859375,-0.350341796875,Get ready
1714063063.041444,0.548828125,0.78369140625,-0.34814453125,Get ready
1714063063.048495,0.550537109375,0.785400390625,-0.348388671875,Get ready
1714063063.088619,0.55224609375,0.786376953125,-0.348388671875,Get ready
1714063063.131581,0.55126953125,0.784912109375,-0.347412109375,Get ready
1714063063.184145,0.5517578125,0.78369140625,-0.353271484375,Get ready
1714063063.20905,0.548095703125,0.7841796875,-0.34912109375,Get ready
1714063063.269087,0.55078125,0.785400390625,-0.351806640625,Get ready
1714063063.289896,0.54736328125,0.78271484375,-0.352783203125,Get ready
1714063063.329969,0.546630859375,0.784423828125,-0.351318359375,Get ready
1714063063.370085,0.54638671875,0.78564453125,-0.352783203125,Get ready
1714063063.417668,0.54443359375,0.784912109375,-0.3505859375,Get ready
1714063063.475237,0.544677734375,0.787109375,-0.3544921875,Get ready
1714063063.49237,0.542236328125,0.787353515625,-0.353759765625,Get ready
1714063063.531488,0.54638671875,0.787109375,-0.354248046875,Get ready
1714063063.56996,0.54296875,0.7890625,-0.35302734375,Get ready
1714063063.6237,0.54736328125,0.792724609375,-0.353759765625,Get ready
1714063063.64895,0.543212890625,0.786376953125,-0.356201171875,Get ready
1714063063.71136,0.545166015625,0.787353515625,-0.349365234375,Get ready
1714063063.729744,0.545166015625,0.788818359375,-0.35205078125,Get ready
1714063063.769897,0.54345703125,0.785888671875,-0.35205078125,Get ready
1714063063.80997,0.540283203125,0.7900390625,-0.352783203125,Get ready
1714063063.858727,0.543701171875,0.79052734375,-0.353271484375,Get ready
1714063063.91472,0.5400390625,0.788818359375,-0.354248046875,Get ready
1714063063.932667,0.539794921875,0.787353515625,-0.353271484375,Get ready
1714063063.996414,0.543701171875,0.786865234375,-0.357421875,Get ready
1714063064.010166,0.54150390625,0.79052734375,-0.357421875,Get ready
1714063064.064411,0.5419921875,0.7890625,-0.35400390625,Get ready
1714063064.092483,0.543701171875,0.7861328125,-0.357177734375,Get ready
1714063064.132837,0.5439453125,0.78564453125,-0.358154296875,Get ready
1714063064.172134,0.54638671875,0.784423828125,-0.35498046875,Get ready
1714063064.231286,0.543212890625,0.78369140625,-0.357421875,Get ready
1714063064.248989,0.54052734375,0.783935546875,-0.360107421875,Get ready
1714063064.288951,0.542724609375,0.786376953125,-0.35595703125,Get ready
1714063064.329608,0.540771484375,0.785400390625,-0.355224609375,Get ready
1714063064.381305,0.5458984375,0.7841796875,-0.355712890625,Get ready
1714063064.409924,0.54443359375,0.78271484375,-0.357177734375,Get ready
1714063064.474623,0.548095703125,0.7822265625,-0.354248046875,Get ready
1714063064.492881,0.54931640625,0.785400390625,-0.35498046875,Get ready
1714063064.537304,0.54638671875,0.78515625,-0.354248046875,Get ready
1714063064.570588,0.54736328125,0.784423828125,-0.355224609375,Get ready
1714063064.626786,0.545654296875,0.786865234375,-0.35107421875,Get ready
1714063064.651968,0.546142578125,0.7861328125,-0.355712890625,Get ready
1714063064.697766,0.541748046875,0.7841796875,-0.3515625,Get ready
1714063064.733582,0.544921875,0.7890625,-0.35400390625,Get ready
1714063064.771967,0.546142578125,0.79345703125,-0.35595703125,Get ready
1714063064.820245,0.54248046875,0.79345703125,-0.356201171875,Get ready
1714063064.855334,0.544677734375,0.78515625,-0.355712890625,Get ready
1714063064.904849,0.544921875,0.78125,-0.357421875,Get ready
1714063064.933938,0.545166015625,0.77978515625,-0.354736328125,Get ready
1714063064.991396,0.549560546875,0.781005859375,-0.35888671875,Get ready
1714063065.011129,0.54541015625,0.779541015625,-0.35888671875,Get ready
1714063065.068368,0.54541015625,0.781494140625,-0.358642578125,Get ready
1714063065.091973,0.546142578125,0.781005859375,-0.359130859375,Get ready
1714063065.144402,0.5498046875,0.783203125,-0.36474609375,Get ready
1714063065.173545,0.541259765625,0.7822265625,-0.36376953125,Get ready
1714063065.216233,0.54150390625,0.784423828125,-0.3603515625,Get ready
1714063065.27031,0.541259765625,0.788818359375,-0.36279296875,Get ready
1714063065.294091,0.537841796875,0.787841796875,-0.361328125,Get ready
1714063065.356095,0.54052734375,0.786865234375,-0.36083984375,Get ready
1714063065.373941,0.54052734375,0.78271484375,-0.364013671875,Get ready
1714063065.4245,0.540283203125,0.78271484375,-0.364013671875,Get ready
1714063065.456138,0.538818359375,0.78369140625,-0.361328125,Get ready
1714063065.499364,0.53955078125,0.785888671875,-0.36572265625,Get ready
1714063065.550086,0.544921875,0.787353515625,-0.368408203125,Get ready
1714063065.572946,0.538818359375,0.782470703125,-0.367431640625,Get ready
1714063065.63399,0.539306640625,0.78662109375,-0.367919921875,Get ready
1714063065.651922,0.5390625,0.78076171875,-0.365478515625,Get ready
1714063065.707348,0.53955078125,0.77783203125,-0.37744140625,Get ready
1714063065.735133,0.537353515625,0.780029296875,-0.36669921875,Get ready
1714063065.775768,0.541015625,0.77880859375,-0.365966796875,Get ready
1714063065.829181,0.542724609375,0.783935546875,-0.36572265625,Get ready
1714063065.853948,0.541259765625,0.78564453125,-0.360595703125,Get ready
1714063065.915198,0.544921875,0.78515625,-0.36279296875,Get ready
1714063065.936031,0.54296875,0.781494140625,-0.363525390625,Get ready
1714063065.985262,0.54541015625,0.7861328125,-0.36083984375,Get ready
1714063066.017277,0.54345703125,0.787353515625,-0.36083984375,Get ready
1714063066.060172,0.542724609375,0.782470703125,-0.357177734375,Get ready
1714063066.113439,0.544921875,0.78564453125,-0.35791015625,Get ready
1714063066.137414,0.543701171875,0.7880859375,-0.357177734375,Get ready
1714063066.19462,0.547119140625,0.787353515625,-0.36376953125,Get ready
1714063066.215017,0.542236328125,0.783203125,-0.356201171875,Get ready
1714063066.260119,0.544189453125,0.7861328125,-0.359130859375,Get ready
1714063066.2957,0.546142578125,0.786865234375,-0.356201171875,Get ready
1714063066.335283,0.542724609375,0.78466796875,-0.358154296875,Get ready
1714063066.389554,0.541259765625,0.78271484375,-0.3603515625,Get ready
1714063066.416447,0.54052734375,0.786865234375,-0.359375,Get ready
1714063066.454957,0.541015625,0.785888671875,-0.359130859375,Get ready
1714063066.497902,0.5419921875,0.78369140625,-0.36083984375,Get ready
1714063066.549021,0.543701171875,0.78369140625,-0.36083984375,Get ready
1714063066.57662,0.544189453125,0.78515625,-0.359130859375,Get ready
1714063066.615933,0.542724609375,0.780029296875,-0.35595703125,Get ready
1714063066.657999,0.54638671875,0.78076171875,-0.36083984375,Get ready
1714063066.720502,0.550048828125,0.78466796875,-0.360595703125,Get ready
1714063066.738905,0.542724609375,0.78173828125,-0.3583984375,Get ready
1714063066.777105,0.545166015625,0.78173828125,-0.357177734375,Get ready
1714063066.817167,0.54443359375,0.784912109375,-0.35693359375,Get ready
1714063066.868411,0.544677734375,0.78955078125,-0.356201171875,Get ready
1714063066.895054,0.5439453125,0.78564453125,-0.364013671875,Get ready
1714063066.961672,0.54443359375,0.78515625,-0.358154296875,Get ready
1714063066.975353,0.544677734375,0.78466796875,-0.358642578125,Get ready
1714063067.017184,0.54541015625,0.78515625,-0.35498046875,Get ready
1714063067.056709,0.543701171875,0.78466796875,-0.3583984375,Get ready
1714063067.102785,0.54345703125,0.78515625,-0.357666015625,Get ready
1714063067.162825,0.54443359375,0.78369140625,-0.35888671875,Get ready
1714063067.181162,0.540771484375,0.7841796875,-0.363037109375,Get ready
1714063067.21714,0.53759765625,0.78173828125,-0.359375,Get ready
1714063067.257086,0.541748046875,0.785888671875,-0.359619140625,Get ready
1714063067.31049,0.54833984375,0.79296875,-0.357666015625,Get ready
1714063067.342618,0.54248046875,0.78515625,-0.358154296875,Get ready
1714063067.39243,0.542236328125,0.7841796875,-0.354736328125,Get ready
1714063067.419988,0.544921875,0.785888671875,-0.357666015625,Get ready
1714063067.469133,0.541259765625,0.787353515625,-0.354248046875,Get ready
1714063067.499052,0.544189453125,0.788818359375,-0.357421875,Get ready
1714063067.538414,0.541015625,0.787109375,-0.35546875,Get ready
1714063067.587212,0.54248046875,0.7880859375,-0.353271484375,Get ready
1714063067.618772,0.54150390625,0.785888671875,-0.35791015625,Get ready
1714063067.674538,0.542236328125,0.78662109375,-0.358642578125,Get ready
1714063067.697928,0.544677734375,0.78662109375,-0.358642578125,Get ready
1714063067.749233,0.54443359375,0.787841796875,-0.355224609375,Get ready
1714063067.779988,0.54345703125,0.787109375,-0.357666015625,Get ready
1714063067.825072,0.540771484375,0.7890625,-0.35986328125,Get ready
1714063067.880068,0.537841796875,0.78759765625,-0.3583984375,Get ready
1714063067.900602,0.5380859375,0.78759765625,-0.359130859375,Get ready
1714063067.967286,0.54052734375,0.7880859375,-0.357666015625,Get ready
1714063067.979905,0.53857421875,0.7880859375,-0.356689453125,Get ready
1714063068.029733,0.54150390625,0.78857421875,-0.35498046875,Mouth closed
1714063068.059878,0.54052734375,0.78857421875,-0.356201171875,Mouth closed
1714063068.118804,0.54052734375,0.784423828125,-0.354248046875,Mouth closed
1714063068.14234,0.544189453125,0.786865234375,-0.358154296875,Mouth closed
1714063068.179505,0.53857421875,0.787353515625,-0.360107421875,Mouth closed
1714063068.217958,0.540283203125,0.787109375,-0.3603515625,Mouth closed
1714063068.271206,0.54150390625,0.788330078125,-0.3603515625,Mouth closed
1714063068.328189,0.541748046875,0.789794921875,-0.358154296875,Mouth closed
1714063068.341583,0.54296875,0.7890625,-0.36279296875,Mouth closed
1714063068.378312,0.5400390625,0.78515625,-0.354248046875,Mouth closed
1714063068.420375,0.541259765625,0.79052734375,-0.360107421875,Mouth closed
1714063068.47629,0.537841796875,0.78759765625,-0.357666015625,Mouth closed
1714063068.500401,0.53759765625,0.787109375,-0.355712890625,Mouth closed
1714063068.568956,0.53955078125,0.790771484375,-0.358642578125,Mouth closed
1714063068.579429,0.538818359375,0.78759765625,-0.3544921875,Mouth closed
1714063068.634839,0.539306640625,0.792724609375,-0.357177734375,Mouth closed
1714063068.669183,0.53955078125,0.7890625,-0.35791015625,Mouth closed
1714063068.701033,0.538818359375,0.78759765625,-0.357177734375,Mouth closed
1714063068.740019,0.5380859375,0.79052734375,-0.356201171875,Mouth closed
1714063068.804709,0.543212890625,0.7890625,-0.353759765625,Mouth closed
1714063068.827215,0.542236328125,0.78662109375,-0.352294921875,Mouth closed
1714063068.8611,0.545166015625,0.793212890625,-0.359619140625,Mouth closed
1714063068.905431,0.54150390625,0.785888671875,-0.356201171875,Mouth closed
1714063068.963228,0.54150390625,0.78759765625,-0.35302734375,Mouth closed
1714063068.981454,0.540283203125,0.78759765625,-0.354736328125,Mouth closed
1714063069.020061,0.5390625,0.789306640625,-0.35302734375,Mouth closed
1714063069.060518,0.539794921875,0.788818359375,-0.355224609375,Mouth closed
1714063069.115017,0.541748046875,0.791015625,-0.354248046875,Mouth closed
1714063069.14175,0.54052734375,0.790283203125,-0.35498046875,Mouth closed
1714063069.208127,0.53515625,0.78564453125,-0.352783203125,Mouth closed
1714063069.221088,0.539306640625,0.790771484375,-0.357421875,Mouth closed
1714063069.268912,0.54052734375,0.790771484375,-0.356201171875,Mouth closed
1714063069.302529,0.538330078125,0.785888671875,-0.358154296875,Mouth closed
1714063069.359029,0.54150390625,0.788818359375,-0.357177734375,Mouth closed
1714063069.433596,0.539794921875,0.78955078125,-0.35595703125,Mouth closed
1714063069.441996,0.541015625,0.789306640625,-0.355224609375,Mouth closed
1714063069.465852,0.54150390625,0.787109375,-0.3583984375,Mouth closed
1714063069.502109,0.540771484375,0.786376953125,-0.35791015625,Mouth closed
1714063069.540344,0.545166015625,0.787353515625,-0.354248046875,Mouth closed
1714063069.591446,0.5439453125,0.783447265625,-0.35400390625,Mouth closed
1714063069.625579,0.54150390625,0.787841796875,-0.356201171875,Mouth closed
1714063069.689882,0.541748046875,0.78857421875,-0.35400390625,Mouth closed
1714063069.700985,0.538330078125,0.784912109375,-0.351806640625,Mouth closed
1714063069.751777,0.5419921875,0.78564453125,-0.354736328125,Mouth closed
1714063069.781484,0.54833984375,0.793212890625,-0.355224609375,Mouth closed
1714063069.822631,0.54248046875,0.78955078125,-0.350830078125,Mouth closed
1714063069.860915,0.5400390625,0.78515625,-0.35595703125,Mouth closed
1714063069.915129,0.542236328125,0.78955078125,-0.35546875,Mouth closed
1714063069.943257,0.54248046875,0.791748046875,-0.351806640625,Mouth closed
1714063070.008981,0.544921875,0.786376953125,-0.35400390625,Mouth closed
1714063070.023878,0.542236328125,0.785888671875,-0.353271484375,Mouth closed
1714063070.074884,0.54296875,0.78662109375,-0.35546875,Mouth closed
1714063070.107312,0.543701171875,0.785888671875,-0.354736328125,Mouth closed
1714063070.161421,0.543701171875,0.78759765625,-0.357177734375,Mouth closed
1714063070.183981,0.541748046875,0.786376953125,-0.353515625,Mouth closed
1714063070.229872,0.541259765625,0.78662109375,-0.355712890625,Mouth closed
1714063070.260854,0.540771484375,0.787109375,-0.356689453125,Mouth closed
1714063070.319133,0.5380859375,0.786865234375,-0.358642578125,Mouth closed
1714063070.342376,0.544921875,0.785400390625,-0.354248046875,Mouth closed
1714063070.382485,0.54248046875,0.79345703125,-0.349853515625,Mouth closed
1714063070.425132,0.547607421875,0.7919921875,-0.355224609375,Mouth closed
1714063070.477236,0.543701171875,0.78564453125,-0.35302734375,Mouth closed
1714063070.502471,0.54443359375,0.791748046875,-0.350830078125,Mouth closed
1714063070.557167,0.54638671875,0.79052734375,-0.35205078125,Mouth closed
1714063070.586724,0.543701171875,0.787353515625,-0.3505859375,Mouth closed
1714063070.629956,0.542724609375,0.785888671875,-0.34716796875,Mouth closed
1714063070.688513,0.545654296875,0.788818359375,-0.34814453125,Mouth closed
1714063070.707282,0.544677734375,0.78759765625,-0.35205078125,Mouth closed
1714063070.745724,0.538818359375,0.78759765625,-0.347412109375,Mouth closed
1714063070.786123,0.543701171875,0.792236328125,-0.353759765625,Mouth closed
1714063070.841938,0.54443359375,0.793701171875,-0.349853515625,Mouth closed
1714063070.865697,0.54248046875,0.78564453125,-0.349609375,Mouth closed
1714063070.934139,0.5478515625,0.7880859375,-0.35107421875,Mouth closed
1714063070.944639,0.546630859375,0.783203125,-0.349853515625,Mouth closed
1714063070.988988,0.544189453125,0.784423828125,-0.350341796875,Mouth closed
1714063071.025514,0.5458984375,0.78369140625,-0.35009765625,Mouth closed
1714063071.066837,0.546875,0.787841796875,-0.348876953125,Mouth closed
1714063071.106225,0.546875,0.78564453125,-0.34912109375,Mouth closed
1714063071.162476,0.54248046875,0.7880859375,-0.347412109375,Mouth closed
1714063071.188065,0.54931640625,0.79248046875,-0.351318359375,Mouth closed
1714063071.255817,0.546875,0.788330078125,-0.3486328125,Mouth closed
1714063071.265104,0.546630859375,0.7900390625,-0.345458984375,Mouth closed
1714063071.31459,0.544677734375,0.787353515625,-0.34765625,Mouth closed
1714063071.349567,0.545654296875,0.78759765625,-0.34521484375,Mouth closed
1714063071.403625,0.54638671875,0.78662109375,-0.34765625,Mouth closed
1714063071.426287,0.544677734375,0.7919921875,-0.344482421875,Mouth closed
1714063071.48266,0.544921875,0.790771484375,-0.34619140625,Mouth closed
1714063071.505978,0.545654296875,0.790283203125,-0.34716796875,Mouth closed
1714063071.555894,0.542236328125,0.790771484375,-0.349365234375,Mouth closed
1714063071.613304,0.5458984375,0.7890625,-0.348876953125,Mouth closed
1714063071.627367,0.5439453125,0.791259765625,-0.345947265625,Mouth closed
1714063071.666598,0.543701171875,0.790771484375,-0.34765625,Mouth closed
1714063071.70558,0.546630859375,0.7890625,-0.344970703125,Mouth closed
1714063071.759718,0.54443359375,0.788818359375,-0.347900390625,Mouth closed
1714063071.785802,0.5439453125,0.786865234375,-0.349609375,Mouth closed
1714063071.843843,0.543701171875,0.791259765625,-0.34716796875,Mouth closed
1714063071.867527,0.54736328125,0.789794921875,-0.34619140625,Mouth closed
1714063071.922561,0.546875,0.7919921875,-0.345947265625,Mouth closed
1714063071.947661,0.540771484375,0.788330078125,-0.34375,Mouth closed
1714063071.99498,0.54443359375,0.7861328125,-0.343994140625,Mouth closed
1714063072.057439,0.5458984375,0.7880859375,-0.34423828125,Mouth closed
1714063072.075084,0.545654296875,0.786865234375,-0.34375,Mouth closed
1714063072.108485,0.54736328125,0.785888671875,-0.341552734375,Mouth closed
1714063072.146866,0.546142578125,0.791748046875,-0.342529296875,Mouth closed
1714063072.199442,0.548828125,0.792236328125,-0.3427734375,Mouth closed
1714063072.23059,0.5498046875,0.7919921875,-0.344970703125,Mouth closed
1714063072.283919,0.545654296875,0.7900390625,-0.34130859375,Mouth closed
1714063072.305782,0.549560546875,0.791259765625,-0.34375,Mouth closed
1714063072.358675,0.549560546875,0.7900390625,-0.337890625,Mouth closed
1714063072.38678,0.547607421875,0.78857421875,-0.340576171875,Mouth closed
1714063072.429803,0.546875,0.7880859375,-0.342529296875,Mouth closed
1714063072.484987,0.547119140625,0.78955078125,-0.338134765625,Mouth closed
1714063072.507293,0.550048828125,0.79150390625,-0.3369140625,Mouth closed
1714063072.572054,0.548095703125,0.789306640625,-0.338134765625,Mouth closed
1714063072.587029,0.55029296875,0.790283203125,-0.3369140625,Mouth closed
1714063072.628756,0.54931640625,0.79248046875,-0.33447265625,Mouth closed
1714063072.667828,0.55078125,0.789794921875,-0.333251953125,Mouth closed
1714063072.716863,0.5498046875,0.78857421875,-0.333984375,Mouth closed
1714063072.771483,0.552001953125,0.790283203125,-0.3388671875,Mouth closed
1714063072.789134,0.547119140625,0.78857421875,-0.332763671875,Mouth closed
1714063072.854431,0.549560546875,0.79541015625,-0.3310546875,Mouth closed
1714063072.867682,0.55126953125,0.79443359375,-0.33349609375,Mouth closed
1714063072.911338,0.548583984375,0.79638671875,-0.333984375,Mouth closed
1714063072.946102,0.550537109375,0.79296875,-0.337890625,Mouth closed
1714063073.00081,0.550048828125,0.79296875,-0.33447265625,Mouth closed
1714063073.026807,0.55029296875,0.79345703125,-0.33642578125,Mouth closed
1714063073.067459,0.550048828125,0.794189453125,-0.336181640625,Mouth closed
1714063073.112028,0.54931640625,0.791748046875,-0.3359375,Mouth closed
1714063073.152804,0.550048828125,0.7900390625,-0.334228515625,Mouth closed
1714063073.209159,0.550048828125,0.78857421875,-0.334716796875,Mouth closed
1714063073.227944,0.551513671875,0.790771484375,-0.334228515625,Mouth closed
1714063073.296253,0.548583984375,0.789794921875,-0.335205078125,Mouth closed
1714063073.308953,0.551025390625,0.7919921875,-0.329833984375,Mouth closed
1714063073.353242,0.553955078125,0.7919921875,-0.330078125,Mouth closed
1714063073.402918,0.550537109375,0.790771484375,-0.330078125,Mouth closed
1714063073.430133,0.552734375,0.7900390625,-0.33056640625,Mouth closed
1714063073.469116,0.557373046875,0.790283203125,-0.332275390625,Mouth closed
1714063073.525057,0.55224609375,0.78955078125,-0.33154296875,Mouth closed
1714063073.54929,0.553466796875,0.7900390625,-0.3310546875,Mouth closed
1714063073.62217,0.552490234375,0.793701171875,-0.33056640625,Mouth closed
1714063073.629051,0.55224609375,0.794921875,-0.3291015625,Mouth closed
1714063073.760473,0.552490234375,0.7900390625,-0.334716796875,Mouth closed
1714063073.760547,0.5517578125,0.789306640625,-0.33251953125,Mouth closed
1714063073.76056,0.554443359375,0.791748046875,-0.335205078125,Mouth closed
1714063073.805944,0.552490234375,0.7890625,-0.330078125,Mouth closed
1714063073.829713,0.5517578125,0.791748046875,-0.33251953125,Mouth closed
1714063073.870118,0.552001953125,0.79150390625,-0.33154296875,Mouth closed
1714063073.908754,0.551025390625,0.790771484375,-0.33056640625,Mouth closed
1714063073.960461,0.552001953125,0.791015625,-0.335693359375,Mouth closed
1714063074.020179,0.550048828125,0.790283203125,-0.33447265625,Mouth closed
1714063074.038284,0.55224609375,0.791748046875,-0.331787109375,Mouth closed
1714063074.072404,0.5537109375,0.793212890625,-0.33203125,Mouth closed
1714063074.10993,0.5498046875,0.791015625,-0.327880859375,Mouth closed
1714063074.164282,0.5556640625,0.78955078125,-0.33154296875,Mouth closed
1714063074.190354,0.556396484375,0.790283203125,-0.3310546875,Mouth closed
1714063074.250994,0.553466796875,0.7900390625,-0.330810546875,Mouth closed
1714063074.2681,0.551513671875,0.78955078125,-0.329833984375,Mouth closed
1714063074.321622,0.55419921875,0.791259765625,-0.3291015625,Mouth closed
1714063074.348902,0.552978515625,0.791259765625,-0.330078125,Mouth closed
1714063074.397506,0.555419921875,0.78759765625,-0.334228515625,Mouth closed
1714063074.454923,0.551513671875,0.790283203125,-0.3310546875,Mouth closed
1714063074.476841,0.556640625,0.79150390625,-0.3330078125,Mouth closed
1714063074.511988,0.554443359375,0.793212890625,-0.330810546875,Mouth closed
1714063074.553942,0.55322265625,0.788330078125,-0.332763671875,Mouth closed
1714063074.610239,0.55322265625,0.791259765625,-0.329833984375,Mouth closed
1714063074.631826,0.55224609375,0.787841796875,-0.32958984375,Mouth closed
1714063074.670734,0.552490234375,0.791015625,-0.32958984375,Mouth closed
1714063074.710859,0.552490234375,0.792724609375,-0.33056640625,Mouth closed
1714063074.764741,0.553466796875,0.796142578125,-0.328125,Mouth closed
1714063074.792568,0.554443359375,0.793212890625,-0.32763671875,Mouth closed
1714063074.858183,0.5517578125,0.797119140625,-0.326416015625,Mouth closed
1714063074.869542,0.550048828125,0.792236328125,-0.325439453125,Mouth closed
1714063074.921642,0.550048828125,0.7919921875,-0.3271484375,Mouth closed
1714063074.95111,0.556884765625,0.79248046875,-0.327392578125,Mouth closed
1714063075.023792,0.554931640625,0.794677734375,-0.326171875,Mouth closed
1714063075.030269,0.55615234375,0.79150390625,-0.325439453125,Mouth closed
1714063075.081501,0.5517578125,0.7939453125,-0.326416015625,Mouth closed
1714063075.113822,0.553466796875,0.793701171875,-0.324951171875,Mouth closed
1714063075.179771,0.552978515625,0.7919921875,-0.333984375,Mouth closed
1714063075.193478,0.55078125,0.79150390625,-0.32568359375,Mouth closed
1714063075.236499,0.551025390625,0.794921875,-0.3310546875,Mouth closed
1714063075.273624,0.5546875,0.79296875,-0.329345703125,Mouth closed
1714063075.328819,0.549072265625,0.79150390625,-0.328369140625,Mouth closed
1714063075.351857,0.54736328125,0.79296875,-0.32958984375,Mouth closed
1714063075.398727,0.549072265625,0.789794921875,-0.3291015625,Mouth closed
1714063075.431919,0.551025390625,0.795654296875,-0.32958984375,Mouth closed
1714063075.477096,0.54833984375,0.795654296875,-0.328369140625,Mouth closed
1714063075.539652,0.5498046875,0.79345703125,-0.3291015625,Mouth closed
1714063075.560767,0.55126953125,0.793701171875,-0.324951171875,Mouth closed
1714063075.589963,0.553466796875,0.7939453125,-0.325927734375,Mouth closed
1714063075.646445,0.55126953125,0.795654296875,-0.325927734375,Mouth closed
1714063075.672793,0.556640625,0.793701171875,-0.331787109375,Mouth closed
1714063075.728679,0.555908203125,0.78955078125,-0.326416015625,Mouth closed
1714063075.751836,0.553955078125,0.790771484375,-0.32080078125,Mouth closed
1714063075.802742,0.552978515625,0.790771484375,-0.325927734375,Mouth closed
1714063075.858243,0.55322265625,0.791015625,-0.323974609375,Mouth closed
1714063075.872874,0.550048828125,0.791259765625,-0.326904296875,Mouth closed
1714063075.91572,0.550048828125,0.7939453125,-0.324462890625,Mouth closed
1714063075.971479,0.55078125,0.795654296875,-0.32666015625,Mouth closed
1714063075.992834,0.55029296875,0.792236328125,-0.325439453125,Mouth closed
1714063076.040456,0.55224609375,0.791259765625,-0.3291015625,Mouth closed
1714063076.073085,0.55419921875,0.790283203125,-0.33154296875,Mouth closed
1714063076.129402,0.5498046875,0.791748046875,-0.329833984375,Mouth closed
1714063076.150889,0.55224609375,0.79345703125,-0.328857421875,Mouth closed
1714063076.206666,0.550537109375,0.7939453125,-0.32763671875,Mouth closed
1714063076.2353,0.548583984375,0.790283203125,-0.33203125,Mouth closed
1714063076.280176,0.548828125,0.796142578125,-0.33203125,Mouth closed
1714063076.334847,0.54833984375,0.79248046875,-0.32861328125,Mouth closed
1714063076.353632,0.552001953125,0.795166015625,-0.326416015625,Mouth closed
1714063076.391714,0.55126953125,0.794189453125,-0.32666015625,Mouth closed
1714063076.431831,0.55029296875,0.791259765625,-0.326171875,Mouth closed
1714063076.489136,0.551025390625,0.7890625,-0.326171875,Mouth closed
1714063076.515174,0.5498046875,0.794189453125,-0.32666015625,Mouth closed
1714063076.57878,0.55810546875,0.79443359375,-0.328369140625,Mouth closed
1714063076.591731,0.551513671875,0.79052734375,-0.329345703125,Mouth closed
1714063076.645498,0.553466796875,0.793212890625,-0.32421875,Mouth closed
1714063076.675224,0.555419921875,0.792236328125,-0.325927734375,Mouth closed
1714063076.743085,0.551025390625,0.788818359375,-0.324462890625,Mouth closed
1714063076.753175,0.552978515625,0.790771484375,-0.3271484375,Mouth closed
1714063076.810086,0.5546875,0.79150390625,-0.32861328125,Mouth closed
1714063076.830675,0.552490234375,0.794921875,-0.32861328125,Mouth closed
1714063076.900751,0.553466796875,0.789794921875,-0.32958984375,Mouth closed
1714063076.911882,0.55029296875,0.791015625,-0.327880859375,Mouth closed
1714063076.959779,0.55224609375,0.795166015625,-0.329345703125,Mouth closed
1714063076.994754,0.551513671875,0.790283203125,-0.32958984375,Mouth closed
1714063077.057039,0.5498046875,0.79296875,-0.330078125,Mouth closed
1714063077.072856,0.5537109375,0.791748046875,-0.329833984375,Mouth closed
1714063077.119726,0.553466796875,0.792724609375,-0.328125,Mouth closed
1714063077.156812,0.5517578125,0.79248046875,-0.328857421875,Mouth closed
1714063077.213608,0.552978515625,0.7919921875,-0.329833984375,Mouth closed
1714063077.233127,0.55126953125,0.790771484375,-0.3251953125,Mouth closed
1714063077.278492,0.557373046875,0.79296875,-0.324951171875,Mouth closed
1714063077.314454,0.55419921875,0.792724609375,-0.325439453125,Mouth closed
1714063077.364148,0.556884765625,0.79345703125,-0.32666015625,Mouth closed
1714063077.42406,0.556396484375,0.791259765625,-0.323486328125,Mouth closed
1714063077.442613,0.558837890625,0.79248046875,-0.327392578125,Mouth closed
1714063077.473418,0.556884765625,0.787841796875,-0.3291015625,Mouth closed
1714063077.522111,0.554931640625,0.789306640625,-0.32568359375,Mouth closed
1714063077.578026,0.5576171875,0.78955078125,-0.328369140625,Mouth closed
1714063077.594881,0.55419921875,0.789794921875,-0.32373046875,Mouth closed
1714063077.664108,0.557373046875,0.791015625,-0.32666015625,Mouth closed
1714063077.673369,0.55712890625,0.792236328125,-0.323974609375,Mouth closed
1714063077.722585,0.554443359375,0.789794921875,-0.32666015625,Mouth closed
1714063077.75748,0.552978515625,0.792236328125,-0.3251953125,Mouth closed
1714063077.818405,0.5556640625,0.792724609375,-0.325927734375,Mouth closed
1714063077.836255,0.55517578125,0.7919921875,-0.326904296875,Mouth closed
1714063077.889899,0.552001953125,0.7890625,-0.32666015625,Mouth closed
1714063077.913928,0.556396484375,0.79296875,-0.3251953125,Mouth closed
1714063077.964233,0.5546875,0.79296875,-0.325439453125,Mouth closed
1714063078.018169,0.553955078125,0.791259765625,-0.325927734375,Mouth closed
1714063078.037481,0.552978515625,0.791748046875,-0.32763671875,Mouth closed
1714063078.07407,0.554931640625,0.791015625,-0.3291015625,Mouth closed
1714063078.114178,0.55517578125,0.79345703125,-0.326904296875,Mouth closed
1714063078.164031,0.55517578125,0.793212890625,-0.325927734375,Mouth closed
1714063078.194869,0.552734375,0.792724609375,-0.324951171875,Mouth closed
1714063078.231748,0.55859375,0.793701171875,-0.330322265625,Mouth closed
1714063078.272893,0.5546875,0.78955078125,-0.32763671875,Mouth closed
1714063078.320799,0.556884765625,0.792236328125,-0.322998046875,Mouth closed
1714063078.353451,0.557373046875,0.796142578125,-0.32568359375,Mouth closed
1714063078.406974,0.551025390625,0.789306640625,-0.326416015625,Mouth closed
1714063078.433851,0.554443359375,0.791259765625,-0.32470703125,Mouth closed
1714063078.484489,0.5576171875,0.79150390625,-0.32568359375,Mouth closed
1714063078.51775,0.557861328125,0.789794921875,-0.32568359375,Mouth closed
1714063078.558796,0.5537109375,0.7880859375,-0.323486328125,Mouth closed
1714063078.613763,0.557373046875,0.79150390625,-0.324462890625,Mouth closed
1714063078.635392,0.557373046875,0.789306640625,-0.327392578125,Mouth closed
1714063078.70127,0.5546875,0.791259765625,-0.326416015625,Mouth closed
1714063078.713857,0.55712890625,0.7919921875,-0.32763671875,Mouth closed
1714063078.761976,0.55615234375,0.7900390625,-0.324462890625,Mouth closed
1714063078.793679,0.553466796875,0.789794921875,-0.32470703125,Mouth closed
1714063078.851043,0.557861328125,0.791748046875,-0.32373046875,Mouth closed
1714063078.874172,0.555908203125,0.792236328125,-0.324462890625,Mouth closed
1714063078.927345,0.55419921875,0.7919921875,-0.323486328125,Mouth closed
1714063078.955115,0.557861328125,0.7939453125,-0.320068359375,Mouth closed
1714063078.997532,0.5546875,0.79345703125,-0.319580078125,Mouth closed
1714063079.05363,0.555419921875,0.791748046875,-0.323974609375,Mouth closed
1714063079.076875,0.554443359375,0.792236328125,-0.327880859375,Mouth closed
1714063079.141005,0.55615234375,0.79541015625,-0.321044921875,Mouth closed
1714063079.15835,0.5556640625,0.79345703125,-0.322998046875,Mouth closed
1714063079.19801,0.55419921875,0.793212890625,-0.322265625,Mouth closed
1714063079.236328,0.5546875,0.79248046875,-0.318603515625,Mouth closed
1714063079.283861,0.55810546875,0.7939453125,-0.322509765625,Mouth closed
1714063079.341742,0.556884765625,0.793701171875,-0.328369140625,Mouth closed
1714063079.361216,0.55126953125,0.786865234375,-0.32470703125,Mouth closed
1714063079.3958,0.556396484375,0.791748046875,-0.322998046875,Mouth closed
1714063079.43497,0.556396484375,0.792236328125,-0.328857421875,Mouth closed
1714063079.486601,0.550048828125,0.78955078125,-0.3291015625,Mouth closed
1714063079.5147,0.55224609375,0.79150390625,-0.32763671875,Mouth closed
1714063079.572664,0.5537109375,0.790771484375,-0.32568359375,Mouth closed
1714063079.595644,0.551513671875,0.793701171875,-0.323974609375,Mouth closed
1714063079.649767,0.551025390625,0.79150390625,-0.326904296875,Mouth closed
1714063079.680549,0.55224609375,0.79345703125,-0.325439453125,Mouth closed
1714063079.724147,0.5517578125,0.79541015625,-0.32861328125,Mouth closed
1714063079.777674,0.554443359375,0.795166015625,-0.32373046875,Mouth closed
1714063079.800104,0.556396484375,0.797119140625,-0.325439453125,Mouth closed
1714063079.862504,0.551513671875,0.79150390625,-0.321533203125,Mouth closed
1714063079.879013,0.5498046875,0.791259765625,-0.3232421875,Mouth closed
1714063079.919847,0.556396484375,0.793212890625,-0.32177734375,Mouth closed
1714063079.957779,0.554931640625,0.79345703125,-0.31982421875,Mouth closed
1714063080.005676,0.555419921875,0.793212890625,-0.32373046875,Mouth closed
1714063080.066296,0.555419921875,0.793212890625,-0.325439453125,Mouth closed
1714063080.084356,0.55712890625,0.79638671875,-0.32275390625,Mouth closed
1714063080.116751,0.55517578125,0.79345703125,-0.328369140625,Mouth closed
1714063080.156646,0.55419921875,0.79150390625,-0.32275390625,Mouth closed
1714063080.207999,0.55517578125,0.794189453125,-0.324462890625,Mouth closed
1714063080.240734,0.55078125,0.79345703125,-0.323486328125,Mouth closed
1714063080.304267,0.551513671875,0.793212890625,-0.326171875,Mouth closed
1714063080.316643,0.554931640625,0.793212890625,-0.3232421875,Mouth closed
1714063080.365457,0.55419921875,0.79541015625,-0.322265625,Mouth closed
1714063080.398627,0.552734375,0.793701171875,-0.326416015625,Mouth closed
1714063080.449628,0.55078125,0.79296875,-0.324951171875,Mouth closed
1714063080.506611,0.55029296875,0.79248046875,-0.323974609375,Mouth closed
1714063080.519249,0.552490234375,0.7958984375,-0.32470703125,Mouth closed
1714063080.559164,0.553466796875,0.795166015625,-0.322509765625,Mouth closed
1714063080.599329,0.5576171875,0.795166015625,-0.324951171875,Mouth closed
1714063080.649594,0.55615234375,0.791748046875,-0.323486328125,Mouth closed
1714063080.680411,0.55615234375,0.793212890625,-0.32177734375,Mouth closed
1714063080.736466,0.554443359375,0.792724609375,-0.321533203125,Mouth closed
1714063080.755637,0.5537109375,0.79052734375,-0.322998046875,Mouth closed
1714063080.802904,0.552490234375,0.791259765625,-0.3212890625,Mouth closed
1714063080.83593,0.5498046875,0.793212890625,-0.324462890625,Mouth closed
1714063080.878842,0.553466796875,0.796142578125,-0.32275390625,Mouth closed
1714063080.934077,0.554443359375,0.7978515625,-0.315673828125,Mouth closed
1714063080.957616,0.55908203125,0.7958984375,-0.319580078125,Mouth closed
1714063081.020032,0.556884765625,0.794677734375,-0.32373046875,Mouth closed
1714063081.037672,0.5546875,0.793701171875,-0.320068359375,Mouth closed
1714063081.093366,0.553955078125,0.794677734375,-0.3203125,Mouth closed
1714063081.121235,0.555908203125,0.792724609375,-0.31884765625,Mouth closed
1714063081.162489,0.55126953125,0.79150390625,-0.322998046875,Mouth closed
1714063081.217687,0.552734375,0.7939453125,-0.3232421875,Mouth closed
1714063081.239634,0.552734375,0.797119140625,-0.322998046875,Mouth closed
1714063081.30184,0.55322265625,0.794677734375,-0.322509765625,Mouth closed
1714063081.316676,0.5556640625,0.79443359375,-0.3212890625,Mouth closed
1714063081.360746,0.55810546875,0.794921875,-0.32177734375,Mouth closed
1714063081.396096,0.552490234375,0.78857421875,-0.320556640625,Mouth closed
1714063081.444206,0.557373046875,0.791748046875,-0.322265625,Mouth closed
1714063081.50226,0.558837890625,0.794921875,-0.32275390625,Mouth closed
1714063081.520333,0.552734375,0.793212890625,-0.31884765625,Mouth closed
1714063081.555905,0.552490234375,0.792724609375,-0.3212890625,Mouth closed
1714063081.597568,0.555419921875,0.793701171875,-0.32080078125,Mouth closed
1714063081.644464,0.553955078125,0.796630859375,-0.320068359375,Mouth closed
1714063081.677899,0.552490234375,0.79443359375,-0.32421875,Mouth closed
1714063081.73513,0.552490234375,0.79541015625,-0.322265625,Mouth closed
1714063081.757796,0.551513671875,0.794189453125,-0.32421875,Mouth closed
1714063081.808249,0.553466796875,0.793212890625,-0.323486328125,Mouth closed
1714063081.840299,0.554443359375,0.79296875,-0.3271484375,Mouth closed
1714063081.87942,0.5537109375,0.794921875,-0.32470703125,Mouth closed
1714063081.933763,0.5517578125,0.792236328125,-0.32470703125,Mouth closed
1714063081.956589,0.548095703125,0.793701171875,-0.323486328125,Mouth closed
1714063082.01685,0.550048828125,0.7939453125,-0.32568359375,Mouth closed
1714063082.037354,0.54931640625,0.7998046875,-0.325927734375,Mouth closed
1714063082.07651,0.547607421875,0.795654296875,-0.32275390625,Mouth closed
1714063082.11583,0.553466796875,0.797607421875,-0.3251953125,Mouth closed
1714063082.162407,0.551513671875,0.791748046875,-0.327392578125,Mouth closed
1714063082.218297,0.55224609375,0.795166015625,-0.324951171875,Mouth closed
1714063082.237113,0.5517578125,0.79296875,-0.322998046875,Mouth closed
1714063082.307985,0.552978515625,0.79296875,-0.323974609375,Mouth closed
1714063082.316909,0.555908203125,0.794677734375,-0.323486328125,Mouth closed
1714063082.359357,0.553466796875,0.798095703125,-0.32470703125,Mouth closed
1714063082.397858,0.554931640625,0.7939453125,-0.331298828125,Mouth closed
1714063082.444671,0.547607421875,0.793701171875,-0.326904296875,Mouth closed
1714063082.50064,0.55029296875,0.796142578125,-0.329833984375,Mouth closed
1714063082.517585,0.5478515625,0.793212890625,-0.32373046875,Mouth closed
1714063082.558104,0.544921875,0.79296875,-0.329345703125,Mouth closed
1714063082.603512,0.5478515625,0.794677734375,-0.327392578125,Mouth closed
1714063082.655646,0.548583984375,0.797607421875,-0.32470703125,Mouth closed
1714063082.678202,0.5517578125,0.796630859375,-0.32568359375,Mouth closed
1714063082.741174,0.549560546875,0.7978515625,-0.322998046875,Mouth closed
1714063082.7551,0.549072265625,0.795654296875,-0.32763671875,Mouth closed
1714063082.796667,0.552490234375,0.79833984375,-0.326171875,Mouth closed
1714063082.835593,0.5517578125,0.79638671875,-0.325927734375,Mouth closed
1714063082.882096,0.548583984375,0.791748046875,-0.322998046875,Mouth closed
1714063082.938027,0.549072265625,0.79296875,-0.320556640625,Mouth closed
1714063082.955578,0.554443359375,0.794189453125,-0.32275390625,Mouth closed
1714063083.023667,0.551025390625,0.79296875,-0.3232421875,Mouth open
1714063083.037473,0.55029296875,0.797607421875,-0.323974609375,Mouth open
1714063083.083689,0.553955078125,0.796875,-0.322509765625,Mouth open
1714063083.119828,0.552978515625,0.79541015625,-0.3193359375,Mouth open
1714063083.169912,0.552978515625,0.800537109375,-0.32568359375,Mouth open
1714063083.225289,0.5517578125,0.796875,-0.31884765625,Mouth open
1714063083.24437,0.549072265625,0.7939453125,-0.326171875,Mouth open
1714063083.276382,0.5498046875,0.795166015625,-0.32177734375,Mouth open
1714063083.317031,0.55322265625,0.794189453125,-0.326904296875,Mouth open
1714063083.366177,0.549560546875,0.794189453125,-0.326904296875,Mouth open
1714063083.397425,0.54443359375,0.794921875,-0.322998046875,Mouth open
1714063083.45043,0.54931640625,0.79541015625,-0.322265625,Mouth open
1714063083.50733,0.552490234375,0.799072265625,-0.322265625,Mouth open
1714063083.524641,0.5478515625,0.7978515625,-0.322021484375,Mouth open
1714063083.559664,0.55224609375,0.797119140625,-0.3203125,Mouth open
1714063083.598753,0.55078125,0.797119140625,-0.320068359375,Mouth open
1714063083.647961,0.554443359375,0.79833984375,-0.321044921875,Mouth open
1714063083.680887,0.552734375,0.794189453125,-0.324462890625,Mouth open
1714063083.733063,0.549072265625,0.79541015625,-0.3232421875,Mouth open
1714063083.790089,0.534912109375,0.800048828125,-0.365966796875,Mouth open
1714063083.807433,0.537353515625,0.805908203125,-0.424072265625,Mouth open
1714063083.839623,0.578125,0.75537109375,-0.30078125,Mouth open
1714063083.880766,0.5498046875,0.76904296875,-0.321533203125,Mouth open
1714063083.930793,0.589599609375,0.7783203125,-0.3291015625,Mouth open
1714063083.961987,0.562744140625,0.78271484375,-0.350341796875,Mouth open
1714063084.017218,0.560302734375,0.77978515625,-0.356201171875,Mouth open
1714063084.038065,0.547607421875,0.78857421875,-0.359619140625,Mouth open
1714063084.089659,0.53662109375,0.787841796875,-0.360595703125,Mouth open
1714063084.118731,0.54052734375,0.79296875,-0.360107421875,Mouth open
1714063084.161749,0.529296875,0.791748046875,-0.356689453125,Mouth open
1714063084.214837,0.535400390625,0.797119140625,-0.354248046875,Mouth open
1714063084.239717,0.535400390625,0.796875,-0.3544921875,Mouth open
1714063084.299228,0.535400390625,0.787841796875,-0.35693359375,Mouth open
1714063084.321103,0.53857421875,0.79443359375,-0.356201171875,Mouth open
1714063084.366883,0.536865234375,0.791748046875,-0.35888671875,Mouth open
1714063084.40151,0.537109375,0.79248046875,-0.359619140625,Mouth open
1714063084.444762,0.535400390625,0.787353515625,-0.364501953125,Mouth open
1714063084.501295,0.53125,0.78369140625,-0.363525390625,Mouth open
1714063084.520014,0.53564453125,0.78564453125,-0.36572265625,Mouth open
1714063084.586275,0.533447265625,0.7880859375,-0.363525390625,Mouth open
1714063084.600192,0.539306640625,0.789794921875,-0.351318359375,Mouth open
1714063084.642929,0.54052734375,0.79345703125,-0.352783203125,Mouth open
1714063084.680847,0.528076171875,0.79541015625,-0.3583984375,Mouth open
1714063084.733291,0.528076171875,0.79296875,-0.35205078125,Mouth open
1714063084.811261,0.5283203125,0.795166015625,-0.35546875,Mouth open
1714063084.811289,0.529541015625,0.800048828125,-0.355712890625,Mouth open
1714063084.841244,0.52197265625,0.799072265625,-0.354736328125,Mouth open
1714063084.890443,0.5263671875,0.802001953125,-0.350341796875,Mouth open
1714063084.946836,0.530517578125,0.802001953125,-0.3525390625,Mouth open
1714063084.963366,0.531494140625,0.803955078125,-0.3505859375,Mouth open
1714063085.03386,0.525634765625,0.79736328125,-0.35009765625,Mouth open
1714063085.042504,0.5322265625,0.797119140625,-0.350341796875,Mouth open
1714063085.090529,0.53173828125,0.79931640625,-0.35009765625,Mouth open
1714063085.122528,0.532470703125,0.802001953125,-0.347412109375,Mouth open
1714063085.174488,0.533447265625,0.8017578125,-0.344970703125,Mouth open
1714063085.229915,0.52783203125,0.797607421875,-0.34765625,Mouth open
1714063085.247828,0.531494140625,0.80126953125,-0.351318359375,Mouth open
1714063085.282487,0.53125,0.796875,-0.349609375,Mouth open
1714063085.384826,0.53271484375,0.796142578125,-0.34326171875,Mouth open
1714063085.432465,0.529296875,0.800048828125,-0.346435546875,Mouth open
1714063085.438664,0.528076171875,0.80224609375,-0.341796875,Mouth open
1714063085.440924,0.53076171875,0.801025390625,-0.342041015625,Mouth open
1714063085.489713,0.528564453125,0.8037109375,-0.34228515625,Mouth open
1714063085.540395,0.52685546875,0.804443359375,-0.344482421875,Mouth open
1714063085.562014,0.525146484375,0.803466796875,-0.34326171875,Mouth open
1714063085.624851,0.5302734375,0.805908203125,-0.341796875,Mouth open
1714063085.642534,0.529052734375,0.803466796875,-0.34326171875,Mouth open
1714063085.697779,0.5283203125,0.803955078125,-0.34228515625,Mouth open
1714063085.726654,0.5283203125,0.802978515625,-0.341552734375,Mouth open
1714063085.769162,0.52734375,0.804443359375,-0.343017578125,Mouth open
1714063085.823679,0.52587890625,0.802978515625,-0.342529296875,Mouth open
1714063085.841636,0.52734375,0.8037109375,-0.341796875,Mouth open
1714063085.907469,0.525634765625,0.802001953125,-0.342041015625,Mouth open
1714063085.920789,0.5283203125,0.803466796875,-0.340087890625,Mouth open
1714063085.965432,0.53173828125,0.802001953125,-0.341796875,Mouth open
1714063086.001986,0.534423828125,0.804931640625,-0.344970703125,Mouth open
1714063086.04948,0.529541015625,0.800537109375,-0.337890625,Mouth open
1714063086.10711,0.529541015625,0.802001953125,-0.342529296875,Mouth open
1714063086.124177,0.529052734375,0.805419921875,-0.343017578125,Mouth open
1714063086.189609,0.523193359375,0.80224609375,-0.34228515625,Mouth open
1714063086.203455,0.52685546875,0.8017578125,-0.339111328125,Mouth open
1714063086.25013,0.527587890625,0.8076171875,-0.33935546875,Mouth open
1714063086.283731,0.5263671875,0.8056640625,-0.3447265625,Mouth open
1714063086.342272,0.526123046875,0.806396484375,-0.34033203125,Mouth open
1714063086.363067,0.526611328125,0.806640625,-0.341796875,Mouth open
1714063086.40457,0.5205078125,0.80517578125,-0.340576171875,Mouth open
1714063086.443989,0.52392578125,0.804931640625,-0.342041015625,Mouth open
1714063086.483037,0.525390625,0.80810546875,-0.341064453125,Mouth open
1714063086.533226,0.523681640625,0.80322265625,-0.34423828125,Mouth open
1714063086.563899,0.517822265625,0.805419921875,-0.345458984375,Mouth open
1714063086.617238,0.52294921875,0.806640625,-0.345703125,Mouth open
1714063086.642441,0.5263671875,0.804443359375,-0.341796875,Mouth open
1714063086.684157,0.523193359375,0.806396484375,-0.344482421875,Mouth open
1714063086.722878,0.525146484375,0.80615234375,-0.343994140625,Mouth open
1714063086.763218,0.522705078125,0.802978515625,-0.34130859375,Mouth open
1714063086.814665,0.52734375,0.807861328125,-0.340087890625,Mouth open
1714063086.846218,0.532470703125,0.8056640625,-0.343994140625,Mouth open
1714063086.90086,0.527587890625,0.8046875,-0.33740234375,Mouth open
1714063086.92249,0.52587890625,0.8046875,-0.33935546875,Mouth open
1714063086.967201,0.52880859375,0.806884765625,-0.3388671875,Mouth open
1714063087.003803,0.53076171875,0.80517578125,-0.336669921875,Mouth open
1714063087.049202,0.5244140625,0.80517578125,-0.3369140625,Mouth open
1714063087.103601,0.52783203125,0.80419921875,-0.337890625,Mouth open
1714063087.135424,0.529296875,0.807373046875,-0.33984375,Mouth open
1714063087.166321,0.529541015625,0.806396484375,-0.337890625,Mouth open
1714063087.206674,0.52978515625,0.80419921875,-0.342529296875,Mouth open
1714063087.263897,0.528564453125,0.805908203125,-0.342529296875,Mouth open
1714063087.28394,0.526123046875,0.806884765625,-0.341064453125,Mouth open
1714063087.351601,0.5244140625,0.805908203125,-0.34423828125,Mouth open
1714063087.36265,0.524169921875,0.80419921875,-0.342041015625,Mouth open
1714063087.406851,0.524658203125,0.8046875,-0.343994140625,Mouth open
1714063087.444444,0.521728515625,0.80908203125,-0.341064453125,Mouth open
1714063087.492982,0.525634765625,0.810546875,-0.347900390625,Mouth open
1714063087.544886,0.523681640625,0.80419921875,-0.3447265625,Mouth open
1714063087.566487,0.522216796875,0.806640625,-0.339599609375,Mouth open
1714063087.633597,0.5263671875,0.807861328125,-0.339111328125,Mouth open
1714063087.647149,0.5224609375,0.80859375,-0.33935546875,Mouth open
1714063087.68686,0.5234375,0.804931640625,-0.343017578125,Mouth open
1714063087.726604,0.52294921875,0.808349609375,-0.341552734375,Mouth open
1714063087.773035,0.523681640625,0.808349609375,-0.341552734375,Mouth open
1714063087.829306,0.52001953125,0.807373046875,-0.34423828125,Mouth open
1714063087.84713,0.524658203125,0.805419921875,-0.344970703125,Mouth open
1714063087.884378,0.5283203125,0.8017578125,-0.34326171875,Mouth open
1714063087.923888,0.52490234375,0.802490234375,-0.3427734375,Mouth open
1714063087.973347,0.52490234375,0.802490234375,-0.34423828125,Mouth open
1714063088.00462,0.52685546875,0.801513671875,-0.344970703125,Mouth open
1714063088.05735,0.525634765625,0.802978515625,-0.34521484375,Mouth open
1714063088.085623,0.525634765625,0.802490234375,-0.348388671875,Mouth open
1714063088.132179,0.5234375,0.79931640625,-0.34423828125,Mouth open
1714063088.166863,0.524169921875,0.802978515625,-0.345458984375,Mouth open
1714063088.206511,0.527587890625,0.802978515625,-0.340576171875,Mouth open
1714063088.258151,0.53076171875,0.807373046875,-0.340576171875,Mouth open
1714063088.289852,0.52685546875,0.8046875,-0.33740234375,Mouth open
1714063088.343555,0.531005859375,0.8037109375,-0.336181640625,Mouth open
1714063088.366825,0.525146484375,0.804931640625,-0.33837890625,Mouth open
1714063088.418982,0.528564453125,0.804443359375,-0.336669921875,Mouth open
1714063088.448754,0.525146484375,0.8056640625,-0.335693359375,Mouth open
1714063088.490916,0.52783203125,0.804931640625,-0.336181640625,Mouth open
1714063088.545639,0.525146484375,0.809814453125,-0.338134765625,Mouth open
1714063088.568358,0.528564453125,0.809814453125,-0.33837890625,Mouth open
1714063088.636783,0.529296875,0.807373046875,-0.339111328125,Mouth open
1714063088.646834,0.52978515625,0.805419921875,-0.342041015625,Mouth open
1714063088.690919,0.52880859375,0.80322265625,-0.340576171875,Mouth open
1714063088.729894,0.52685546875,0.804931640625,-0.3388671875,Mouth open
1714063088.781019,0.52734375,0.802978515625,-0.339111328125,Mouth open
1714063088.807915,0.526123046875,0.802734375,-0.342041015625,Mouth open
1714063088.85766,0.52392578125,0.805419921875,-0.34423828125,Mouth open
1714063088.888804,0.52587890625,0.806640625,-0.343017578125,Mouth open
1714063088.935456,0.522216796875,0.8076171875,-0.34375,Mouth open
1714063088.997987,0.522216796875,0.80908203125,-0.33984375,Mouth open
1714063089.013846,0.523681640625,0.807373046875,-0.34130859375,Mouth open
1714063089.054467,0.52734375,0.807373046875,-0.3359375,Mouth open
1714063089.092919,0.52490234375,0.801025390625,-0.34228515625,Mouth open
1714063089.14701,0.52783203125,0.802734375,-0.343017578125,Mouth open
1714063089.170825,0.528564453125,0.806640625,-0.34228515625,Mouth open
1714063089.239342,0.527099609375,0.80419921875,-0.33935546875,Mouth open
1714063089.246894,0.5263671875,0.805419921875,-0.343994140625,Mouth open
1714063089.297643,0.52587890625,0.80810546875,-0.338134765625,Mouth open
1714063089.330624,0.530517578125,0.807861328125,-0.345703125,Mouth open
1714063089.367685,0.52685546875,0.8037109375,-0.3408203125,Mouth open
1714063089.407549,0.531494140625,0.80322265625,-0.342529296875,Mouth open
1714063089.459427,0.533203125,0.804443359375,-0.337890625,Mouth open
1714063089.49505,0.5322265625,0.802734375,-0.336669921875,Mouth open
1714063089.551448,0.5283203125,0.80322265625,-0.336181640625,Mouth open
1714063089.568618,0.528564453125,0.803955078125,-0.342041015625,Mouth open
1714063089.619757,0.534423828125,0.8046875,-0.33837890625,Mouth open
1714063089.648814,0.531005859375,0.803955078125,-0.33935546875,Mouth open
1714063089.697305,0.529052734375,0.80322265625,-0.33935546875,Mouth open
1714063089.750723,0.533447265625,0.802734375,-0.3359375,Mouth open
1714063089.768603,0.534423828125,0.803955078125,-0.337158203125,Mouth open
1714063089.836865,0.535888671875,0.802001953125,-0.33837890625,Mouth open
1714063089.846537,0.530029296875,0.803955078125,-0.33740234375,Mouth open
1714063089.894782,0.52978515625,0.803466796875,-0.338134765625,Mouth open
1714063089.928799,0.53369140625,0.803466796875,-0.34033203125,Mouth open
1714063089.979309,0.530517578125,0.80322265625,-0.33935546875,Mouth open
1714063090.03886,0.531005859375,0.8037109375,-0.337158203125,Mouth open
1714063090.056655,0.533203125,0.804931640625,-0.33349609375,Mouth open
1714063090.089217,0.52587890625,0.806884765625,-0.337890625,Mouth open
1714063090.13092,0.52685546875,0.803466796875,-0.338623046875,Mouth open
1714063090.185259,0.531005859375,0.804443359375,-0.33837890625,Mouth open
1714063090.21042,0.531005859375,0.8017578125,-0.337646484375,Mouth open
1714063090.271781,0.52978515625,0.802978515625,-0.34033203125,Mouth open
1714063090.290392,0.529541015625,0.80224609375,-0.33935546875,Mouth open
1714063090.331716,0.531005859375,0.80224609375,-0.3408203125,Mouth open
1714063090.370516,0.529541015625,0.801513671875,-0.3388671875,Mouth open
1714063090.419188,0.532958984375,0.80126953125,-0.340087890625,Mouth open
1714063090.478218,0.52978515625,0.7998046875,-0.3388671875,Mouth open
1714063090.489324,0.531982421875,0.803955078125,-0.33984375,Mouth open
1714063090.52831,0.533203125,0.804443359375,-0.340087890625,Mouth open
1714063090.567833,0.530029296875,0.799560546875,-0.334716796875,Mouth open
1714063090.62091,0.53515625,0.7998046875,-0.33837890625,Mouth open
1714063090.652381,0.53564453125,0.8017578125,-0.338623046875,Mouth open
1714063090.706287,0.531982421875,0.802734375,-0.33984375,Mouth open
1714063090.730822,0.532470703125,0.80029296875,-0.334228515625,Mouth open
1714063090.772873,0.534912109375,0.8037109375,-0.336669921875,Mouth open
1714063090.810625,0.535888671875,0.807373046875,-0.333984375,Mouth open
1714063090.851232,0.534423828125,0.80224609375,-0.3359375,Mouth open
1714063090.904471,0.532470703125,0.80126953125,-0.338623046875,Mouth open
1714063090.930476,0.53369140625,0.8046875,-0.338134765625,Mouth open
1714063090.988062,0.53369140625,0.800048828125,-0.33642578125,Mouth open
1714063091.011243,0.534423828125,0.800537109375,-0.33740234375,Mouth open
1714063091.063254,0.534423828125,0.804443359375,-0.3359375,Mouth open
1714063091.091184,0.534912109375,0.80224609375,-0.336669921875,Mouth open
1714063091.1375,0.5322265625,0.802490234375,-0.33642578125,Mouth open
1714063091.187593,0.53564453125,0.80126953125,-0.335693359375,Mouth open
1714063091.209247,0.53515625,0.802978515625,-0.334716796875,Mouth open
1714063091.271219,0.532958984375,0.802734375,-0.33447265625,Mouth open
1714063091.289451,0.53564453125,0.8056640625,-0.33544921875,Mouth open
1714063091.337585,0.536865234375,0.801025390625,-0.337158203125,Mouth open
1714063091.37038,0.5361328125,0.802734375,-0.334228515625,Mouth open
1714063091.416834,0.532470703125,0.806640625,-0.333984375,Mouth open
1714063091.469769,0.532470703125,0.8017578125,-0.334716796875,Mouth open
1714063091.491739,0.533203125,0.801025390625,-0.33642578125,Mouth open
1714063091.531587,0.531982421875,0.80615234375,-0.333984375,Mouth open
1714063091.574672,0.53662109375,0.80615234375,-0.339111328125,Mouth open
1714063091.628728,0.528564453125,0.802734375,-0.33349609375,Mouth open
1714063091.653585,0.532470703125,0.8046875,-0.33642578125,Mouth open
1714063091.719095,0.5341796875,0.80419921875,-0.3369140625,Mouth open
1714063091.733184,0.5283203125,0.80419921875,-0.336669921875,Mouth open
1714063091.777449,0.53076171875,0.802490234375,-0.3369140625,Mouth open
1714063091.81117,0.530517578125,0.80322265625,-0.336669921875,Mouth open
1714063091.858177,0.529296875,0.804443359375,-0.3369140625,Mouth open
1714063091.913354,0.527099609375,0.803955078125,-0.336669921875,Mouth open
1714063091.930467,0.53271484375,0.805419921875,-0.3359375,Mouth open
1714063091.99508,0.53125,0.806884765625,-0.33447265625,Mouth open
1714063092.011923,0.531982421875,0.8076171875,-0.338623046875,Mouth open
1714063092.058678,0.532958984375,0.80322265625,-0.33544921875,Mouth open
1714063092.091458,0.533447265625,0.803955078125,-0.333251953125,Mouth open
1714063092.14332,0.535400390625,0.805908203125,-0.333740234375,Mouth open
1714063092.198626,0.53271484375,0.802978515625,-0.330322265625,Mouth open
1714063092.215587,0.5322265625,0.804931640625,-0.333984375,Mouth open
1714063092.285912,0.532470703125,0.8056640625,-0.334228515625,Mouth open
1714063092.292451,0.532958984375,0.805419921875,-0.3369140625,Mouth open
1714063092.33866,0.525146484375,0.802001953125,-0.33251953125,Mouth open
1714063092.374548,0.531005859375,0.804443359375,-0.33642578125,Mouth open
1714063092.423051,0.531494140625,0.80517578125,-0.3359375,Mouth open
1714063092.478244,0.530517578125,0.80517578125,-0.335205078125,Mouth open
1714063092.497204,0.529296875,0.8017578125,-0.3330078125,Mouth open
1714063092.530701,0.530517578125,0.806396484375,-0.336669921875,Mouth open
1714063092.574315,0.527587890625,0.8046875,-0.3369140625,Mouth open
1714063092.620977,0.5302734375,0.80615234375,-0.338134765625,Mouth open
1714063092.651796,0.528076171875,0.8046875,-0.33642578125,Mouth open
1714063092.705275,0.52880859375,0.803955078125,-0.3369140625,Mouth open
1714063092.763857,0.53125,0.802490234375,-0.33544921875,Mouth open
1714063092.775192,0.534423828125,0.805419921875,-0.33837890625,Mouth open
1714063092.814083,0.531982421875,0.802978515625,-0.337890625,Mouth open
1714063092.854091,0.53125,0.80419921875,-0.335693359375,Mouth open
1714063092.906499,0.53271484375,0.80322265625,-0.335205078125,Mouth open
1714063092.939308,0.530029296875,0.80224609375,-0.333251953125,Mouth open
1714063092.99724,0.530517578125,0.805908203125,-0.336669921875,Mouth open
1714063093.01501,0.529052734375,0.806396484375,-0.33447265625,Mouth open
1714063093.071605,0.53271484375,0.80859375,-0.341796875,Mouth open
1714063093.092364,0.5263671875,0.8046875,-0.334716796875,Mouth open
1714063093.140686,0.52783203125,0.8076171875,-0.337890625,Mouth open
1714063093.195569,0.531494140625,0.80712890625,-0.3359375,Mouth open
1714063093.213736,0.529296875,0.804931640625,-0.33544921875,Mouth open
1714063093.278952,0.52783203125,0.805908203125,-0.33837890625,Mouth open
1714063093.292615,0.5283203125,0.802734375,-0.339599609375,Mouth open
1714063093.336777,0.52880859375,0.801025390625,-0.33642578125,Mouth open
1714063093.373405,0.531005859375,0.80322265625,-0.33984375,Mouth open
1714063093.420534,0.53125,0.80419921875,-0.3369140625,Mouth open
1714063093.47546,0.5302734375,0.80517578125,-0.340087890625,Mouth open
1714063093.494491,0.531005859375,0.804443359375,-0.3359375,Mouth open
1714063093.562349,0.536865234375,0.8056640625,-0.341064453125,Mouth open
1714063093.574818,0.530029296875,0.802490234375,-0.339599609375,Mouth open
1714063093.61971,0.529541015625,0.8037109375,-0.33740234375,Mouth open
1714063093.656778,0.531982421875,0.804931640625,-0.33642578125,Mouth open
1714063093.703986,0.531005859375,0.80322265625,-0.33544921875,Mouth open
1714063093.734135,0.5302734375,0.804931640625,-0.333984375,Mouth open
1714063093.790087,0.531982421875,0.80517578125,-0.333251953125,Mouth open
1714063093.818279,0.533203125,0.80322265625,-0.3369140625,Mouth open
1714063093.869951,0.52880859375,0.80322265625,-0.331787109375,Mouth open
1714063093.892441,0.53369140625,0.805908203125,-0.338134765625,Mouth open
1714063093.939075,0.532958984375,0.802734375,-0.336181640625,Mouth open
1714063093.974343,0.5322265625,0.80126953125,-0.334716796875,Mouth open
1714063094.018144,0.532958984375,0.802490234375,-0.3359375,Mouth open
1714063094.073121,0.52978515625,0.80078125,-0.3388671875,Mouth open
1714063094.094948,0.530029296875,0.80322265625,-0.33984375,Mouth open
1714063094.162794,0.52783203125,0.802490234375,-0.33984375,Mouth open
1714063094.173494,0.53125,0.802734375,-0.340087890625,Mouth open
1714063094.22571,0.529296875,0.8046875,-0.338623046875,Mouth open
1714063094.254813,0.533935546875,0.808349609375,-0.3447265625,Mouth open
1714063094.302551,0.52783203125,0.801025390625,-0.34033203125,Mouth open
1714063094.359514,0.5302734375,0.803466796875,-0.337646484375,Mouth open
1714063094.376998,0.53466796875,0.801513671875,-0.341796875,Mouth open
1714063094.412699,0.5263671875,0.801513671875,-0.33740234375,Mouth open
1714063094.453894,0.5283203125,0.800048828125,-0.33984375,Mouth open
1714063094.505588,0.532470703125,0.804443359375,-0.338623046875,Mouth open
1714063094.536468,0.534423828125,0.800537109375,-0.341796875,Mouth open
1714063094.588877,0.52978515625,0.801025390625,-0.3408203125,Mouth open
1714063094.613988,0.5341796875,0.80419921875,-0.337890625,Mouth open
1714063094.654446,0.535400390625,0.803955078125,-0.3369140625,Mouth open
1714063094.695663,0.5283203125,0.80224609375,-0.337890625,Mouth open
1714063094.734522,0.533203125,0.80419921875,-0.3369140625,Mouth open
1714063094.78635,0.53125,0.801513671875,-0.33740234375,Mouth open
1714063094.817636,0.52880859375,0.802490234375,-0.33544921875,Mouth open
1714063094.869312,0.533203125,0.802978515625,-0.335205078125,Mouth open
1714063094.895334,0.533447265625,0.8056640625,-0.335693359375,Mouth open
1714063094.942845,0.5322265625,0.807861328125,-0.335205078125,Mouth open
1714063094.977847,0.537109375,0.806396484375,-0.3359375,Mouth open
1714063095.015296,0.534912109375,0.80517578125,-0.333251953125,Mouth open
1714063095.072536,0.531982421875,0.806396484375,-0.330322265625,Mouth open
1714063095.09468,0.534423828125,0.805419921875,-0.333251953125,Mouth open
1714063095.157636,0.532470703125,0.8037109375,-0.334228515625,Mouth open
1714063095.17459,0.533447265625,0.808349609375,-0.331787109375,Mouth open
1714063095.232973,0.534423828125,0.8037109375,-0.333984375,Mouth open
1714063095.256045,0.534912109375,0.8056640625,-0.335205078125,Mouth open
1714063095.300988,0.530029296875,0.8017578125,-0.333251953125,Mouth open
1714063095.358046,0.53125,0.8046875,-0.33642578125,Mouth open
1714063095.377042,0.529052734375,0.805908203125,-0.337646484375,Mouth open
1714063095.441418,0.52880859375,0.804931640625,-0.33740234375,Mouth open
1714063095.457763,0.5283203125,0.8046875,-0.337890625,Mouth open
1714063095.498985,0.52783203125,0.80419921875,-0.3388671875,Mouth open
1714063095.538492,0.529541015625,0.80224609375,-0.3349609375,Mouth open
1714063095.586617,0.530029296875,0.80615234375,-0.338623046875,Mouth open
1714063095.640849,0.530029296875,0.806396484375,-0.335693359375,Mouth open
1714063095.658417,0.53173828125,0.80517578125,-0.335693359375,Mouth open
1714063095.69678,0.5341796875,0.804931640625,-0.333251953125,Mouth open
1714063095.735634,0.53173828125,0.803955078125,-0.332763671875,Mouth open
1714063095.786541,0.53369140625,0.803955078125,-0.332763671875,Mouth open
1714063095.816548,0.533203125,0.802978515625,-0.33203125,Mouth open
1714063095.87102,0.536376953125,0.8056640625,-0.334716796875,Mouth open
1714063095.89684,0.534912109375,0.8046875,-0.3291015625,Mouth open
1714063095.944074,0.537353515625,0.806396484375,-0.32861328125,Mouth open
1714063095.978004,0.53515625,0.8056640625,-0.329345703125,Mouth open
1714063096.017921,0.53662109375,0.80322265625,-0.335205078125,Mouth open
1714063096.067701,0.531494140625,0.804443359375,-0.330322265625,Mouth open
1714063096.104428,0.533447265625,0.8056640625,-0.336669921875,Mouth open
1714063096.167475,0.535888671875,0.80712890625,-0.332763671875,Mouth open
1714063096.177665,0.533447265625,0.80419921875,-0.333251953125,Mouth open
1714063096.220837,0.53173828125,0.804931640625,-0.3349609375,Mouth open
1714063096.259002,0.533203125,0.80419921875,-0.3359375,Mouth open
1714063096.304661,0.530029296875,0.805908203125,-0.333984375,Mouth open
1714063096.359722,0.531005859375,0.8046875,-0.33544921875,Mouth open
1714063096.377769,0.533447265625,0.804443359375,-0.3369140625,Mouth open
1714063096.444714,0.535888671875,0.8046875,-0.3349609375,Mouth open
1714063096.45524,0.531494140625,0.80126953125,-0.334716796875,Mouth open
1714063096.501013,0.53173828125,0.804443359375,-0.33544921875,Mouth open
1714063096.536263,0.5302734375,0.8017578125,-0.3388671875,Mouth open
1714063096.58495,0.533935546875,0.802490234375,-0.33349609375,Mouth open
1714063096.640143,0.53125,0.804931640625,-0.3388671875,Mouth open
1714063096.657335,0.5283203125,0.801025390625,-0.3349609375,Mouth open
1714063096.725162,0.532470703125,0.802734375,-0.33642578125,Mouth open
1714063096.739056,0.530029296875,0.804931640625,-0.335693359375,Mouth open
1714063096.781417,0.532470703125,0.802490234375,-0.342041015625,Mouth open
1714063096.81985,0.52880859375,0.80126953125,-0.33740234375,Mouth open
1714063096.867793,0.53271484375,0.803955078125,-0.341552734375,Mouth open
1714063096.921024,0.528564453125,0.80078125,-0.337890625,Mouth open
1714063096.938686,0.531494140625,0.80322265625,-0.3388671875,Mouth open
1714063097.00608,0.530517578125,0.8037109375,-0.33837890625,Mouth open
1714063097.018317,0.528564453125,0.803955078125,-0.33935546875,Mouth open
1714063097.065471,0.529052734375,0.80419921875,-0.3388671875,Mouth open
1714063097.097522,0.529052734375,0.803466796875,-0.34130859375,Mouth open
1714063097.152146,0.53076171875,0.80322265625,-0.336669921875,Mouth open
1714063097.178148,0.530029296875,0.805419921875,-0.3388671875,Mouth open
1714063097.218079,0.53125,0.805908203125,-0.340087890625,Mouth open
1714063097.257579,0.5341796875,0.8017578125,-0.337158203125,Mouth open
1714063097.298924,0.529052734375,0.801513671875,-0.33544921875,Mouth open
1714063097.350587,0.533935546875,0.804931640625,-0.33740234375,Mouth open
1714063097.380489,0.53173828125,0.805419921875,-0.33837890625,Mouth open
1714063097.437451,0.52880859375,0.803466796875,-0.335693359375,Mouth open
1714063097.459214,0.52978515625,0.80322265625,-0.335693359375,Mouth open
1714063097.50509,0.53173828125,0.804931640625,-0.3359375,Mouth open
1714063097.541159,0.529052734375,0.802490234375,-0.337158203125,Mouth open
1714063097.580075,0.530517578125,0.802978515625,-0.337890625,Mouth open
1714063097.632785,0.5302734375,0.804931640625,-0.339599609375,Mouth open
1714063097.658812,0.530517578125,0.804443359375,-0.337646484375,Mouth open
1714063097.716502,0.5283203125,0.8017578125,-0.336669921875,Mouth open
1714063097.737566,0.533203125,0.801513671875,-0.33984375,Mouth open
1714063097.787787,0.5322265625,0.802001953125,-0.338134765625,Mouth open
1714063097.816759,0.53076171875,0.802734375,-0.3408203125,Mouth open
1714063097.863318,0.531005859375,0.8056640625,-0.340087890625,Mouth open
1714063097.917366,0.532470703125,0.80224609375,-0.337646484375,Mouth open
1714063097.940194,0.5361328125,0.8037109375,-0.340576171875,Mouth open
1714063098.002172,0.52880859375,0.80029296875,-0.33984375,Mouth closed
1714063098.018164,0.530029296875,0.80419921875,-0.335205078125,Mouth closed
1714063098.059359,0.534912109375,0.80517578125,-0.339111328125,Mouth closed
1714063098.098186,0.530029296875,0.803466796875,-0.334716796875,Mouth closed
1714063098.150073,0.531005859375,0.80126953125,-0.33642578125,Mouth closed
1714063098.203081,0.533203125,0.801513671875,-0.338134765625,Mouth closed
1714063098.233386,0.532958984375,0.801513671875,-0.34228515625,Mouth closed
1714063098.260465,0.528076171875,0.80078125,-0.338134765625,Mouth closed
1714063098.302754,0.529296875,0.803466796875,-0.34228515625,Mouth closed
1714063098.356489,0.531005859375,0.80126953125,-0.33837890625,Mouth closed
1714063098.37676,0.53076171875,0.803466796875,-0.34033203125,Mouth closed
1714063098.442984,0.531982421875,0.804931640625,-0.33984375,Mouth closed
1714063098.457173,0.529296875,0.805419921875,-0.339111328125,Mouth closed
1714063098.50253,0.533447265625,0.801025390625,-0.341064453125,Mouth closed
1714063098.539327,0.529541015625,0.803466796875,-0.33642578125,Mouth closed
1714063098.586419,0.53076171875,0.802978515625,-0.337890625,Mouth closed
1714063098.643568,0.536376953125,0.802734375,-0.340087890625,Mouth closed
1714063098.663052,0.53515625,0.7978515625,-0.335205078125,Mouth closed
1714063098.727754,0.53369140625,0.80224609375,-0.334228515625,Mouth closed
1714063098.741599,0.534912109375,0.80224609375,-0.336669921875,Mouth closed
1714063098.786124,0.53564453125,0.8037109375,-0.334716796875,Mouth closed
1714063098.819176,0.53369140625,0.804931640625,-0.333984375,Mouth closed
1714063098.86923,0.535888671875,0.80712890625,-0.335205078125,Mouth closed
1714063098.926491,0.54638671875,0.79150390625,-0.3251953125,Mouth closed
1714063098.943535,0.524658203125,0.8125,-0.33837890625,Mouth closed
1714063098.978662,0.526611328125,0.81005859375,-0.332275390625,Mouth closed
1714063099.017259,0.53076171875,0.8076171875,-0.3427734375,Mouth closed
1714063099.072911,0.538818359375,0.827392578125,-0.3291015625,Mouth closed
1714063099.09859,0.525634765625,0.80126953125,-0.345947265625,Mouth closed
1714063099.160291,0.5341796875,0.804443359375,-0.337158203125,Mouth closed
1714063099.179729,0.5341796875,0.806396484375,-0.33349609375,Mouth closed
1714063099.226468,0.53076171875,0.804931640625,-0.33349609375,Mouth closed
1714063099.260084,0.534912109375,0.804931640625,-0.333740234375,Mouth closed
1714063099.303176,0.534423828125,0.80712890625,-0.330322265625,Mouth closed
1714063099.358356,0.5361328125,0.802490234375,-0.329833984375,Mouth closed
1714063099.380478,0.536865234375,0.802001953125,-0.326171875,Mouth closed
1714063099.441447,0.53955078125,0.806884765625,-0.328125,Mouth closed
1714063099.460207,0.5380859375,0.80224609375,-0.327880859375,Mouth closed
1714063099.501528,0.53662109375,0.803466796875,-0.32958984375,Mouth closed
1714063099.541383,0.53759765625,0.805908203125,-0.32861328125,Mouth closed
1714063099.589262,0.538818359375,0.8037109375,-0.327392578125,Mouth closed
1714063099.644541,0.535888671875,0.804931640625,-0.33203125,Mouth closed
1714063099.6623,0.536865234375,0.802734375,-0.330810546875,Mouth closed
1714063099.698202,0.53564453125,0.80615234375,-0.32958984375,Mouth closed
1714063099.739496,0.534912109375,0.80908203125,-0.334716796875,Mouth closed
1714063099.792573,0.5322265625,0.8076171875,-0.337890625,Mouth closed
1714063099.825039,0.53662109375,0.80615234375,-0.335205078125,Mouth closed
1714063099.877082,0.53173828125,0.803466796875,-0.333251953125,Mouth closed
1714063099.900736,0.53271484375,0.808837890625,-0.339599609375,Mouth closed
1714063099.95325,0.53369140625,0.8076171875,-0.335205078125,Mouth closed
1714063099.982374,0.5302734375,0.81103515625,-0.3330078125,Mouth closed
1714063100.023892,0.53173828125,0.808349609375,-0.329345703125,Mouth closed
1714063100.079791,0.532470703125,0.80224609375,-0.317626953125,Mouth closed
1714063100.102156,0.537109375,0.80224609375,-0.313720703125,Mouth closed
1714063100.161581,0.531494140625,0.80419921875,-0.316650390625,Mouth closed
1714063100.183023,0.540771484375,0.816162109375,-0.34130859375,Mouth closed
1714063100.227866,0.544189453125,0.81005859375,-0.35400390625,Mouth closed
1714063100.265507,0.527587890625,0.7978515625,-0.3408203125,Mouth closed
1714063100.315003,0.52392578125,0.787841796875,-0.341552734375,Mouth closed
1714063100.339763,0.523193359375,0.787841796875,-0.342041015625,Mouth closed
1714063100.434775,0.522216796875,0.791748046875,-0.34716796875,Mouth closed
1714063100.43481,0.528076171875,0.7978515625,-0.34521484375,Mouth closed
1714063100.469397,0.533447265625,0.805419921875,-0.34228515625,Mouth closed
1714063100.528912,0.5263671875,0.798828125,-0.332763671875,Mouth closed
1714063100.541556,0.508544921875,0.78564453125,-0.31787109375,Mouth closed
1714063100.581241,0.515380859375,0.8017578125,-0.31005859375,Mouth closed
1714063100.623177,0.538818359375,0.823486328125,-0.333740234375,Mouth closed
1714063100.669328,0.540283203125,0.816162109375,-0.31396484375,Mouth closed
1714063100.704977,0.54833984375,0.832763671875,-0.31494140625,Mouth closed
1714063100.751293,0.535400390625,0.81640625,-0.343017578125,Mouth closed
1714063100.808238,0.524658203125,0.799560546875,-0.357177734375,Mouth closed
1714063100.826801,0.5390625,0.801513671875,-0.343994140625,Mouth closed
1714063100.889975,0.5498046875,0.793701171875,-0.330322265625,Mouth closed
1714063100.903296,0.557373046875,0.791748046875,-0.326171875,Mouth closed
1714063100.94874,0.556640625,0.79443359375,-0.325927734375,Mouth closed
1714063100.983974,0.5595703125,0.79833984375,-0.337890625,Mouth closed
1714063101.030724,0.55615234375,0.794677734375,-0.337646484375,Mouth closed
1714063101.089134,0.54833984375,0.791259765625,-0.34326171875,Mouth closed
1714063101.107722,0.54248046875,0.782470703125,-0.338623046875,Mouth closed
1714063101.14355,0.538330078125,0.77685546875,-0.326904296875,Mouth closed
1714063101.183733,0.540771484375,0.789306640625,-0.329833984375,Mouth closed
1714063101.229749,0.546875,0.802490234375,-0.324462890625,Mouth closed
1714063101.265819,0.544189453125,0.810302734375,-0.330322265625,Mouth closed
1714063101.314032,0.53369140625,0.805908203125,-0.330078125,Mouth closed
1714063101.369827,0.532958984375,0.794677734375,-0.334228515625,Mouth closed
1714063101.387532,0.545166015625,0.803955078125,-0.336669921875,Mouth closed
1714063101.453486,0.554931640625,0.806640625,-0.334716796875,Mouth closed
1714063101.464832,0.5478515625,0.797119140625,-0.33349609375,Mouth closed
1714063101.508462,0.53857421875,0.788330078125,-0.330078125,Mouth closed
1714063101.544444,0.534912109375,0.79345703125,-0.344970703125,Mouth closed
1714063101.590583,0.534912109375,0.80419921875,-0.357666015625,Mouth closed
1714063101.645607,0.531982421875,0.795166015625,-0.34716796875,Mouth closed
1714063101.663498,0.5322265625,0.7919921875,-0.322509765625,Mouth closed
1714063101.734753,0.546875,0.79736328125,-0.321533203125,Mouth closed
1714063101.743185,0.52880859375,0.7958984375,-0.31884765625,Mouth closed
1714063101.788154,0.540283203125,0.799072265625,-0.353759765625,Mouth closed
1714063101.823127,0.52783203125,0.80078125,-0.3447265625,Mouth closed
1714063101.873018,0.499267578125,0.798828125,-0.333740234375,Mouth closed
1714063101.927478,0.534912109375,0.8291015625,-0.363525390625,Mouth closed
1714063101.944691,0.493896484375,0.808349609375,-0.332275390625,Mouth closed
1714063102.019086,0.509521484375,0.826171875,-0.369873046875,Mouth closed
1714063102.024122,0.50390625,0.79833984375,-0.3818359375,Mouth closed
1714063102.069621,0.473876953125,0.804443359375,-0.3662109375,Mouth closed
1714063102.104836,0.4990234375,0.81982421875,-0.320068359375,Mouth closed
1714063102.154878,0.47216796875,0.841552734375,-0.299072265625,Mouth closed
1714063102.20951,0.4892578125,0.852783203125,-0.31689453125,Mouth closed
1714063102.226889,0.511962890625,0.837890625,-0.335205078125,Mouth closed
1714063102.294113,0.544921875,0.833984375,-0.37744140625,Mouth closed
1714063102.301062,0.546142578125,0.798583984375,-0.396484375,Mouth closed
1714063102.350229,0.5205078125,0.77978515625,-0.368896484375,Mouth closed
1714063102.38225,0.566162109375,0.794189453125,-0.38623046875,Mouth closed
1714063102.438529,0.517822265625,0.7822265625,-0.342529296875,Mouth closed
1714063102.463516,0.4921875,0.78076171875,-0.333740234375,Mouth closed
1714063102.511373,0.50341796875,0.807861328125,-0.3603515625,Mouth closed
1714063102.552588,0.493896484375,0.802978515625,-0.3486328125,Mouth closed
1714063102.592997,0.521240234375,0.820068359375,-0.35498046875,Mouth closed
1714063102.648897,0.52880859375,0.81982421875,-0.35498046875,Mouth closed
1714063102.666171,0.528076171875,0.812744140625,-0.330810546875,Mouth closed
1714063102.731561,0.530029296875,0.8037109375,-0.32958984375,Mouth closed
1714063102.744558,0.52197265625,0.80224609375,-0.339599609375,Mouth closed
1714063102.789333,0.52001953125,0.796142578125,-0.348876953125,Mouth closed
1714063102.824111,0.525390625,0.800537109375,-0.360595703125,Mouth closed
1714063102.87126,0.529296875,0.806884765625,-0.34619140625,Mouth closed
1714063102.928326,0.543701171875,0.80615234375,-0.354736328125,Mouth closed
1714063102.944954,0.53857421875,0.800537109375,-0.354248046875,Mouth closed
1714063103.010586,0.541015625,0.788330078125,-0.34375,Mouth closed
1714063103.023699,0.547119140625,0.78759765625,-0.333984375,Mouth closed
1714063103.068679,0.55322265625,0.78857421875,-0.326904296875,Mouth closed
1714063103.103875,0.55078125,0.788818359375,-0.322509765625,Mouth closed
1714063103.150676,0.54931640625,0.78271484375,-0.313720703125,Mouth closed
1714063103.208321,0.54736328125,0.791015625,-0.30908203125,Mouth closed
1714063103.226665,0.5537109375,0.80810546875,-0.304443359375,Mouth closed
1714063103.292426,0.55859375,0.812744140625,-0.321533203125,Mouth closed
1714063103.305516,0.550048828125,0.808349609375,-0.329345703125,Mouth closed
1714063103.346412,0.5439453125,0.797119140625,-0.32958984375,Mouth closed
1714063103.385337,0.544677734375,0.792236328125,-0.32275390625,Mouth closed
1714063103.43132,0.549072265625,0.79052734375,-0.317626953125,Mouth closed
1714063103.485734,0.55078125,0.7939453125,-0.320556640625,Mouth closed
1714063103.504692,0.549072265625,0.7900390625,-0.324462890625,Mouth closed
1714063103.567925,0.549072265625,0.783447265625,-0.3291015625,Mouth closed
1714063103.584389,0.55517578125,0.78955078125,-0.33056640625,Mouth closed
1714063103.625232,0.554443359375,0.787841796875,-0.3310546875,Mouth closed
1714063103.664091,0.5517578125,0.798583984375,-0.333984375,Mouth closed
1714063103.710178,0.551025390625,0.7978515625,-0.33740234375,Mouth closed
1714063103.765258,0.54638671875,0.79736328125,-0.336181640625,Mouth closed
1714063103.788466,0.539306640625,0.795166015625,-0.333984375,Mouth closed
1714063103.85425,0.538818359375,0.798828125,-0.336181640625,Mouth closed
1714063103.865372,0.531494140625,0.795654296875,-0.3388671875,Mouth closed
1714063103.90858,0.535400390625,0.799072265625,-0.327880859375,Mouth closed
1714063103.945605,0.54541015625,0.8037109375,-0.336181640625,Mouth closed
1714063103.995482,0.55810546875,0.809814453125,-0.337158203125,Mouth closed
1714063104.045619,0.551513671875,0.79736328125,-0.335693359375,Mouth closed
1714063104.06698,0.54052734375,0.78662109375,-0.34375,Mouth closed
1714063104.127651,0.535888671875,0.78369140625,-0.341796875,Mouth closed
1714063104.147259,0.539794921875,0.78759765625,-0.34814453125,Mouth closed
1714063104.184968,0.542236328125,0.790283203125,-0.354248046875,Mouth closed
1714063104.224053,0.542236328125,0.792236328125,-0.349365234375,Mouth closed
1714063104.2728,0.54150390625,0.7861328125,-0.3515625,Mouth closed
1714063104.324708,0.546142578125,0.78662109375,-0.353515625,Mouth closed
1714063104.346209,0.545166015625,0.7861328125,-0.348876953125,Mouth closed
1714063104.408147,0.546630859375,0.790283203125,-0.341552734375,Mouth closed
1714063104.425126,0.549072265625,0.789306640625,-0.33984375,Mouth closed
1714063104.46514,0.54638671875,0.79052734375,-0.336181640625,Mouth closed
1714063104.505102,0.549560546875,0.79541015625,-0.3388671875,Mouth closed
1714063104.554973,0.54931640625,0.79150390625,-0.342529296875,Mouth closed
1714063104.605904,0.55126953125,0.793212890625,-0.345947265625,Mouth closed
1714063104.627615,0.54736328125,0.787109375,-0.3447265625,Mouth closed
1714063104.689178,0.547607421875,0.790771484375,-0.33935546875,Mouth closed
1714063104.706988,0.54931640625,0.78955078125,-0.3369140625,Mouth closed
1714063104.762972,0.546875,0.78515625,-0.335205078125,Mouth closed
1714063104.788642,0.543212890625,0.78564453125,-0.3408203125,Mouth closed
1714063104.8412,0.54931640625,0.7919921875,-0.34326171875,Mouth closed
1714063104.866752,0.5478515625,0.79248046875,-0.343994140625,Mouth closed
1714063104.906439,0.5439453125,0.788818359375,-0.340576171875,Mouth closed
1714063104.945715,0.55224609375,0.794677734375,-0.342529296875,Mouth closed
1714063104.986011,0.545654296875,0.789794921875,-0.340087890625,Mouth closed
1714063105.037924,0.543212890625,0.79052734375,-0.340087890625,Mouth closed
1714063105.069589,0.544921875,0.79052734375,-0.33984375,Mouth closed
1714063105.1231,0.54296875,0.792724609375,-0.341064453125,Mouth closed
1714063105.14851,0.5419921875,0.791259765625,-0.34130859375,Mouth closed
1714063105.187505,0.541748046875,0.793701171875,-0.343505859375,Mouth closed
1714063105.227204,0.544677734375,0.794189453125,-0.33984375,Mouth closed
1714063105.267433,0.552490234375,0.79638671875,-0.335205078125,Mouth closed
1714063105.320844,0.5517578125,0.792236328125,-0.333251953125,Mouth closed
1714063105.351702,0.549072265625,0.79296875,-0.333740234375,Mouth closed
1714063105.405906,0.54931640625,0.790771484375,-0.3359375,Mouth closed
1714063105.459504,0.547119140625,0.789794921875,-0.335693359375,Mouth closed
1714063105.476556,0.54833984375,0.78955078125,-0.336181640625,Mouth closed
1714063105.508828,0.549560546875,0.791015625,-0.337890625,Mouth closed
1714063105.546091,0.548828125,0.7890625,-0.334716796875,Mouth closed
1714063105.599556,0.547119140625,0.789306640625,-0.337646484375,Mouth closed
1714063105.630135,0.552734375,0.791748046875,-0.33740234375,Mouth closed
1714063105.681257,0.548583984375,0.791015625,-0.337890625,Mouth closed
1714063105.707255,0.55029296875,0.78955078125,-0.3349609375,Mouth closed
1714063105.758435,0.552490234375,0.792724609375,-0.33349609375,Mouth closed
1714063105.788298,0.55078125,0.7919921875,-0.333740234375,Mouth closed
1714063105.830013,0.548828125,0.79052734375,-0.335205078125,Mouth closed
1714063105.878409,0.548828125,0.7900390625,-0.335693359375,Mouth closed
1714063105.909379,0.549560546875,0.791259765625,-0.338134765625,Mouth closed
1714063105.961014,0.55126953125,0.789794921875,-0.330078125,Mouth closed
1714063106.017497,0.554931640625,0.79638671875,-0.329833984375,Mouth closed
1714063106.034601,0.552490234375,0.79541015625,-0.32958984375,Mouth closed
1714063106.069159,0.54736328125,0.798095703125,-0.32763671875,Mouth closed
1714063106.109354,0.547119140625,0.793701171875,-0.334228515625,Mouth closed
1714063106.155603,0.54541015625,0.79443359375,-0.33056640625,Mouth closed
1714063106.187049,0.540771484375,0.7939453125,-0.335693359375,Mouth closed
1714063106.237718,0.542724609375,0.797607421875,-0.3330078125,Mouth closed
1714063106.29351,0.545654296875,0.7978515625,-0.333251953125,Mouth closed
1714063106.310747,0.544677734375,0.795166015625,-0.333251953125,Mouth closed
1714063106.376061,0.549560546875,0.79345703125,-0.33935546875,Mouth closed
1714063106.389068,0.5478515625,0.792236328125,-0.341064453125,Mouth closed
1714063106.43306,0.548583984375,0.788818359375,-0.337158203125,Mouth closed
1714063106.47104,0.5458984375,0.787353515625,-0.337646484375,Mouth closed
1714063106.523067,0.550537109375,0.785888671875,-0.335205078125,Mouth closed
1714063106.573824,0.55224609375,0.787353515625,-0.33740234375,Mouth closed
1714063106.591816,0.553466796875,0.789794921875,-0.33349609375,Mouth closed
1714063106.659767,0.552490234375,0.7900390625,-0.333251953125,Mouth closed
1714063106.671074,0.550048828125,0.79296875,-0.332763671875,Mouth closed
1714063106.71336,0.5576171875,0.797119140625,-0.331787109375,Mouth closed
1714063106.752122,0.55419921875,0.7939453125,-0.329345703125,Mouth closed
1714063106.799326,0.55322265625,0.790283203125,-0.324462890625,Mouth closed
1714063106.852684,0.55078125,0.794189453125,-0.330322265625,Mouth closed
1714063106.86904,0.551025390625,0.794189453125,-0.32666015625,Mouth closed
1714063106.934299,0.5458984375,0.794677734375,-0.329833984375,Mouth closed
1714063106.950663,0.548828125,0.796630859375,-0.330322265625,Mouth closed
1714063106.997249,0.552490234375,0.798095703125,-0.330810546875,Mouth closed
1714063107.033513,0.545654296875,0.79443359375,-0.328125,Mouth closed
1714063107.084817,0.549560546875,0.794189453125,-0.330322265625,Mouth closed
1714063107.109957,0.5517578125,0.794189453125,-0.33154296875,Mouth closed
1714063107.157724,0.54833984375,0.793701171875,-0.330810546875,Mouth closed
1714063107.192539,0.550048828125,0.79296875,-0.331787109375,Mouth closed
1714063107.231385,0.54833984375,0.792724609375,-0.331787109375,Mouth closed
1714063107.278304,0.549560546875,0.79052734375,-0.330810546875,Mouth closed
1714063107.31264,0.548828125,0.78955078125,-0.330810546875,Mouth closed
1714063107.359766,0.5537109375,0.793701171875,-0.327880859375,Mouth closed
1714063107.415846,0.548095703125,0.794189453125,-0.326416015625,Mouth closed
1714063107.432936,0.55224609375,0.798828125,-0.332763671875,Mouth closed
1714063107.5009,0.546875,0.795166015625,-0.331787109375,Mouth closed
1714063107.511586,0.5458984375,0.796142578125,-0.328857421875,Mouth closed
1714063107.552839,0.54931640625,0.797607421875,-0.335693359375,Mouth closed
1714063107.591342,0.544921875,0.796142578125,-0.331298828125,Mouth closed
1714063107.641292,0.541015625,0.796142578125,-0.3359375,Mouth closed
1714063107.691015,0.545166015625,0.797119140625,-0.3349609375,Mouth closed
1714063107.71314,0.54345703125,0.794677734375,-0.33984375,Mouth closed
1714063107.775322,0.5400390625,0.79248046875,-0.339599609375,Mouth closed
1714063107.793064,0.541748046875,0.792236328125,-0.340087890625,Mouth closed
1714063107.835337,0.545166015625,0.795166015625,-0.341552734375,Mouth closed
1714063107.873085,0.547119140625,0.79638671875,-0.337158203125,Mouth closed
1714063107.920655,0.54345703125,0.794189453125,-0.33935546875,Mouth closed
1714063107.977479,0.5439453125,0.792724609375,-0.338134765625,Mouth closed
1714063107.994683,0.54248046875,0.791015625,-0.3408203125,Mouth closed
1714063108.066603,0.5419921875,0.787353515625,-0.341552734375,Mouth closed
1714063108.07593,0.5419921875,0.787841796875,-0.341796875,Mouth closed
1714063108.12362,0.54443359375,0.791259765625,-0.34033203125,Mouth closed
1714063108.156769,0.54833984375,0.790283203125,-0.33837890625,Mouth closed
1714063108.209009,0.54638671875,0.78955078125,-0.341796875,Mouth closed
1714063108.232988,0.54931640625,0.792236328125,-0.341796875,Mouth closed
1714063108.286012,0.544677734375,0.791259765625,-0.340576171875,Mouth closed
1714063108.314837,0.543212890625,0.79052734375,-0.340087890625,Mouth closed
1714063108.356136,0.5439453125,0.79296875,-0.341552734375,Mouth closed
1714063108.410972,0.542236328125,0.797119140625,-0.340087890625,Mouth closed
1714063108.436499,0.543701171875,0.7919921875,-0.343505859375,Mouth closed
1714063108.494865,0.545166015625,0.7939453125,-0.342529296875,Mouth closed
1714063108.515884,0.544189453125,0.793212890625,-0.3447265625,Mouth closed
1714063108.571895,0.541748046875,0.794189453125,-0.342529296875,Mouth closed
1714063108.60042,0.543212890625,0.793701171875,-0.3427734375,Mouth closed
1714063108.642313,0.542236328125,0.793701171875,-0.343017578125,Mouth closed
1714063108.696216,0.5419921875,0.79345703125,-0.339599609375,Mouth closed
1714063108.716712,0.543701171875,0.7919921875,-0.342041015625,Mouth closed
1714063108.783535,0.542236328125,0.794189453125,-0.34130859375,Mouth closed
1714063108.796322,0.541259765625,0.792724609375,-0.34375,Mouth closed
1714063108.837716,0.542236328125,0.78955078125,-0.340576171875,Mouth closed
1714063108.874943,0.542724609375,0.79248046875,-0.342041015625,Mouth closed
1714063108.928088,0.547607421875,0.79345703125,-0.344970703125,Mouth closed
1714063108.981188,0.542236328125,0.791259765625,-0.34228515625,Mouth closed
1714063108.999381,0.541259765625,0.78955078125,-0.340576171875,Mouth closed
1714063109.06414,0.5439453125,0.791748046875,-0.34423828125,Mouth closed
1714063109.075932,0.541259765625,0.79345703125,-0.341796875,Mouth closed
1714063109.117711,0.541015625,0.794921875,-0.34375,Mouth closed
1714063109.161151,0.546142578125,0.79150390625,-0.3447265625,Mouth closed
1714063109.213958,0.54296875,0.791015625,-0.345947265625,Mouth closed
1714063109.238205,0.54296875,0.79150390625,-0.345458984375,Mouth closed
1714063109.285792,0.5439453125,0.7939453125,-0.34521484375,Mouth closed
1714063109.316854,0.54150390625,0.791748046875,-0.343505859375,Mouth closed
1714063109.357048,0.540771484375,0.7919921875,-0.34521484375,Mouth closed
1714063109.404436,0.540771484375,0.793212890625,-0.345947265625,Mouth closed
1714063109.438619,0.5390625,0.790283203125,-0.345703125,Mouth closed
1714063109.48583,0.546630859375,0.79443359375,-0.348388671875,Mouth closed
1714063109.542139,0.54345703125,0.791259765625,-0.345947265625,Mouth closed
1714063109.557864,0.54443359375,0.79052734375,-0.337890625,Mouth closed
1714063109.621984,0.546630859375,0.793701171875,-0.339111328125,Mouth closed
1714063109.635967,0.543701171875,0.794189453125,-0.340576171875,Mouth closed
1714063109.682159,0.54296875,0.7939453125,-0.342041015625,Mouth closed
1714063109.716855,0.541748046875,0.79345703125,-0.33935546875,Mouth closed
1714063109.76413,0.544921875,0.792724609375,-0.343994140625,Mouth closed
1714063109.820194,0.539794921875,0.79443359375,-0.337646484375,Mouth closed
1714063109.837635,0.5419921875,0.7958984375,-0.343994140625,Mouth closed
1714063109.903228,0.541015625,0.79736328125,-0.34228515625,Mouth closed
1714063109.917031,0.537841796875,0.79541015625,-0.34130859375,Mouth closed
1714063109.959463,0.5400390625,0.79541015625,-0.343505859375,Mouth closed
1714063109.998021,0.537841796875,0.793701171875,-0.343017578125,Mouth closed
1714063110.042624,0.538818359375,0.794677734375,-0.34521484375,Mouth closed
1714063110.094899,0.539306640625,0.79443359375,-0.34375,Mouth closed
1714063110.117542,0.541748046875,0.793212890625,-0.344482421875,Mouth closed
1714063110.173319,0.544677734375,0.794189453125,-0.34619140625,Mouth closed
1714063110.196359,0.54296875,0.791259765625,-0.34619140625,Mouth closed
1714063110.241728,0.543212890625,0.79345703125,-0.33984375,Mouth closed
1714063110.306586,0.543701171875,0.792236328125,-0.341796875,Mouth closed
1714063110.318032,0.543212890625,0.792724609375,-0.341064453125,Mouth closed
1714063110.36056,0.542724609375,0.792724609375,-0.34033203125,Mouth closed
1714063110.398357,0.54296875,0.794921875,-0.339111328125,Mouth closed
1714063110.443783,0.548095703125,0.795654296875,-0.33984375,Mouth closed
1714063110.493786,0.5439453125,0.794921875,-0.3388671875,Mouth closed
1714063110.517858,0.54541015625,0.795166015625,-0.34033203125,Mouth closed
1714063110.573547,0.5458984375,0.79296875,-0.339599609375,Mouth closed
1714063110.634006,0.54345703125,0.792236328125,-0.340087890625,Mouth closed
1714063110.644527,0.54541015625,0.7919921875,-0.33984375,Mouth closed
1714063110.681253,0.5439453125,0.790771484375,-0.338623046875,Mouth closed
1714063110.719771,0.541259765625,0.79150390625,-0.343017578125,Mouth closed
1714063110.769415,0.544921875,0.793212890625,-0.339111328125,Mouth closed
1714063110.798551,0.53955078125,0.796142578125,-0.33740234375,Mouth closed
1714063110.85087,0.545654296875,0.79638671875,-0.3427734375,Mouth closed
1714063110.903384,0.544677734375,0.795654296875,-0.3408203125,Mouth closed
1714063110.919438,0.54541015625,0.791259765625,-0.3369140625,Mouth closed
1714063110.982452,0.54296875,0.79296875,-0.341796875,Mouth closed
1714063110.997993,0.5419921875,0.7939453125,-0.337890625,Mouth closed
1714063111.052611,0.5439453125,0.79541015625,-0.3388671875,Mouth closed
1714063111.078669,0.544921875,0.797607421875,-0.33837890625,Mouth closed
1714063111.118498,0.54833984375,0.79443359375,-0.34326171875,Mouth closed
1714063111.170164,0.5419921875,0.789794921875,-0.33642578125,Mouth closed
1714063111.199038,0.5498046875,0.79150390625,-0.338134765625,Mouth closed
1714063111.258483,0.54736328125,0.7919921875,-0.340087890625,Mouth closed
1714063111.281863,0.541748046875,0.7900390625,-0.34716796875,Mouth closed
1714063111.33204,0.539794921875,0.793212890625,-0.34521484375,Mouth closed
1714063111.362323,0.5400390625,0.794189453125,-0.347412109375,Mouth closed
1714063111.400576,0.536376953125,0.79296875,-0.34814453125,Mouth closed
1714063111.451983,0.53662109375,0.79638671875,-0.346435546875,Mouth closed
1714063111.481249,0.53759765625,0.797607421875,-0.34716796875,Mouth closed
1714063111.530213,0.5400390625,0.797119140625,-0.349853515625,Mouth closed
1714063111.584136,0.5390625,0.7939453125,-0.34423828125,Mouth closed
1714063111.599841,0.539306640625,0.7919921875,-0.34130859375,Mouth closed
1714063111.66297,0.542236328125,0.797119140625,-0.34765625,Mouth closed
1714063111.679833,0.5419921875,0.79296875,-0.34375,Mouth closed
1714063111.734628,0.53857421875,0.791015625,-0.34326171875,Mouth closed
1714063111.761188,0.542236328125,0.7939453125,-0.345703125,Mouth closed
1714063111.801845,0.541015625,0.79345703125,-0.345458984375,Mouth closed
1714063111.853166,0.538330078125,0.790283203125,-0.345947265625,Mouth closed
1714063111.881216,0.54296875,0.79443359375,-0.3466796875,Mouth closed
1714063111.933383,0.5458984375,0.79541015625,-0.341552734375,Mouth closed
1714063111.986059,0.54150390625,0.790771484375,-0.344970703125,Mouth closed
1714063112.0021,0.544189453125,0.792724609375,-0.3447265625,Mouth closed
1714063112.065794,0.543212890625,0.7900390625,-0.346923828125,Mouth closed
1714063112.081877,0.539794921875,0.79296875,-0.343505859375,Mouth closed
1714063112.129097,0.542236328125,0.79541015625,-0.346435546875,Mouth closed
1714063112.160931,0.544189453125,0.794921875,-0.345458984375,Mouth closed
1714063112.200065,0.544921875,0.79345703125,-0.34521484375,Mouth closed
1714063112.252307,0.5419921875,0.79345703125,-0.34619140625,Mouth closed
1714063112.281331,0.54638671875,0.794189453125,-0.34228515625,Mouth closed
1714063112.332165,0.546630859375,0.794189453125,-0.343017578125,Mouth closed
1714063112.388943,0.539306640625,0.7900390625,-0.342041015625,Mouth closed
1714063112.405731,0.541259765625,0.791748046875,-0.344970703125,Mouth closed
1714063112.468214,0.546875,0.79638671875,-0.34228515625,Mouth closed
1714063112.481797,0.545166015625,0.79345703125,-0.34521484375,Mouth closed
1714063112.523108,0.542724609375,0.789794921875,-0.34326171875,Mouth closed
1714063112.561841,0.5439453125,0.79052734375,-0.344970703125,Mouth closed
1714063112.607177,0.541259765625,0.78955078125,-0.341796875,Mouth closed
1714063112.657986,0.543212890625,0.791748046875,-0.346435546875,Mouth closed
1714063112.684253,0.54052734375,0.792236328125,-0.34765625,Mouth closed
1714063112.738646,0.5390625,0.790771484375,-0.34521484375,Mouth closed
1714063112.761761,0.539794921875,0.79296875,-0.34912109375,Mouth closed
1714063112.803206,0.54296875,0.792724609375,-0.34765625,Mouth closed
1714063112.841024,0.54296875,0.79638671875,-0.34814453125,Mouth closed
1714063112.881134,0.538818359375,0.791748046875,-0.34326171875,Mouth closed
1714063112.925029,0.542236328125,0.790771484375,-0.343017578125,Mouth closed
1714063112.962866,0.5439453125,0.791748046875,-0.347412109375,Mouth closed
1714063113.007833,0.537841796875,0.792236328125,-0.341796875,Mouth open
1714063113.057149,0.54052734375,0.7890625,-0.340087890625,Mouth open
1714063113.085225,0.541015625,0.7919921875,-0.343994140625,Mouth open
1714063113.13709,0.541015625,0.79345703125,-0.34423828125,Mouth open
1714063113.189367,0.5390625,0.795166015625,-0.34228515625,Mouth open
1714063113.205394,0.54443359375,0.79736328125,-0.345947265625,Mouth open
1714063113.269436,0.54248046875,0.792236328125,-0.34716796875,Mouth open
1714063113.284957,0.542724609375,0.78857421875,-0.345703125,Mouth open
1714063113.332523,0.5439453125,0.79443359375,-0.34375,Mouth open
1714063113.36748,0.543701171875,0.7939453125,-0.341064453125,Mouth open
1714063113.414135,0.540771484375,0.79052734375,-0.3427734375,Mouth open
1714063113.46843,0.545166015625,0.79248046875,-0.343017578125,Mouth open
1714063113.483807,0.5419921875,0.79345703125,-0.343017578125,Mouth open
1714063113.548572,0.548583984375,0.797607421875,-0.3447265625,Mouth open
1714063113.562951,0.5458984375,0.793701171875,-0.343505859375,Mouth open
1714063113.605834,0.544677734375,0.793212890625,-0.33935546875,Mouth open
1714063113.642748,0.546142578125,0.792724609375,-0.342529296875,Mouth open
1714063113.688313,0.54248046875,0.790771484375,-0.341796875,Mouth open
1714063113.737972,0.539794921875,0.79296875,-0.343994140625,Mouth open
1714063113.766724,0.5400390625,0.792724609375,-0.3447265625,Mouth open
1714063113.81766,0.545166015625,0.793701171875,-0.345703125,Mouth open
1714063113.870816,0.534912109375,0.79052734375,-0.343994140625,Mouth open
1714063113.886808,0.5419921875,0.795654296875,-0.348876953125,Mouth open
1714063113.948903,0.5400390625,0.79833984375,-0.348876953125,Mouth open
1714063113.96542,0.5400390625,0.793212890625,-0.345458984375,Mouth open
1714063114.019932,0.53857421875,0.793212890625,-0.346923828125,Mouth open
1714063114.044859,0.538818359375,0.7919921875,-0.345458984375,Mouth open
1714063114.087346,0.537109375,0.7939453125,-0.35009765625,Mouth open
1714063114.136696,0.536376953125,0.793701171875,-0.34716796875,Mouth open
1714063114.16496,0.5439453125,0.792724609375,-0.348388671875,Mouth open
1714063114.216206,0.542236328125,0.792236328125,-0.346923828125,Mouth open
1714063114.268778,0.53271484375,0.788330078125,-0.357421875,Mouth open
1714063114.284673,0.515380859375,0.7919921875,-0.396240234375,Mouth open
1714063114.346697,0.564208984375,0.803466796875,-0.32568359375,Mouth open
1714063114.366555,0.59033203125,0.7529296875,-0.319580078125,Mouth open
1714063114.437846,0.545654296875,0.752197265625,-0.380126953125,Mouth open
1714063114.448019,0.560546875,0.762939453125,-0.382080078125,Mouth open
1714063114.496112,0.556640625,0.774169921875,-0.3720703125,Mouth open
1714063114.549503,0.559326171875,0.777587890625,-0.376220703125,Mouth open
1714063114.571537,0.5419921875,0.779052734375,-0.379638671875,Mouth open
1714063114.635878,0.528564453125,0.774658203125,-0.3896484375,Mouth open
1714063114.647915,0.534423828125,0.7763671875,-0.387939453125,Mouth open
1714063114.691859,0.540283203125,0.77978515625,-0.38134765625,Mouth open
1714063114.728707,0.542724609375,0.77880859375,-0.377197265625,Mouth open
1714063114.774115,0.533935546875,0.77685546875,-0.38330078125,Mouth open
1714063114.827079,0.5380859375,0.775634765625,-0.3876953125,Mouth open
1714063114.847676,0.53515625,0.77783203125,-0.383056640625,Mouth open
1714063114.905929,0.540283203125,0.773681640625,-0.3837890625,Mouth open
1714063114.927182,0.537109375,0.77294921875,-0.378662109375,Mouth open
1714063114.97913,0.54541015625,0.775390625,-0.3798828125,Mouth open
1714063115.007014,0.550048828125,0.779541015625,-0.372314453125,Mouth open
1714063115.046997,0.544189453125,0.778564453125,-0.365234375,Mouth open
1714063115.095354,0.549560546875,0.78369140625,-0.37255859375,Mouth open
1714063115.129179,0.551513671875,0.785400390625,-0.370849609375,Mouth open
1714063115.176546,0.548095703125,0.77392578125,-0.378662109375,Mouth open
1714063115.229239,0.5390625,0.7734375,-0.389892578125,Mouth open
1714063115.249871,0.53759765625,0.7705078125,-0.386962890625,Mouth open
1714063115.310719,0.530517578125,0.763916015625,-0.3818359375,Mouth open
1714063115.329493,0.530029296875,0.760986328125,-0.376220703125,Mouth open
1714063115.380076,0.552490234375,0.785400390625,-0.3896484375,Mouth open
1714063115.410387,0.55615234375,0.79931640625,-0.3984375,Mouth open
1714063115.44855,0.529296875,0.77392578125,-0.3857421875,Mouth open
1714063115.498101,0.505126953125,0.74853515625,-0.361083984375,Mouth open
1714063115.525661,0.497802734375,0.757080078125,-0.35693359375,Mouth open
1714063115.589888,0.51025390625,0.78662109375,-0.360107421875,Mouth open
1714063115.606889,0.53125,0.81494140625,-0.366455078125,Mouth open
1714063115.660006,0.541748046875,0.826904296875,-0.371826171875,Mouth open
1714063115.688025,0.54248046875,0.810302734375,-0.373291015625,Mouth open
1714063115.728779,0.54345703125,0.784912109375,-0.3701171875,Mouth open
1714063115.777887,0.55322265625,0.765869140625,-0.35498046875,Mouth open
1714063115.810992,0.561279296875,0.76416015625,-0.353271484375,Mouth open
1714063115.858488,0.566650390625,0.771484375,-0.3564453125,Mouth open
1714063115.910858,0.561767578125,0.76904296875,-0.3564453125,Mouth open
1714063115.931035,0.554931640625,0.774169921875,-0.3515625,Mouth open
1714063115.992937,0.55029296875,0.7841796875,-0.34912109375,Mouth open
1714063116.008952,0.5400390625,0.78515625,-0.3505859375,Mouth open
1714063116.061352,0.530029296875,0.791748046875,-0.357177734375,Mouth open
1714063116.088394,0.535888671875,0.798828125,-0.367431640625,Mouth open
1714063116.133123,0.5341796875,0.79443359375,-0.36181640625,Mouth open
1714063116.180765,0.537353515625,0.79248046875,-0.358642578125,Mouth open
1714063116.209849,0.545166015625,0.78857421875,-0.357666015625,Mouth open
1714063116.261401,0.548095703125,0.781005859375,-0.351318359375,Mouth open
1714063116.313951,0.54833984375,0.77490234375,-0.349365234375,Mouth open
1714063116.329934,0.552734375,0.77587890625,-0.34814453125,Mouth open
1714063116.394539,0.554931640625,0.779052734375,-0.34912109375,Mouth open
1714063116.409832,0.543701171875,0.7822265625,-0.3515625,Mouth open
1714063116.455313,0.548583984375,0.787841796875,-0.35693359375,Mouth open
1714063116.489676,0.542724609375,0.788818359375,-0.3505859375,Mouth open
1714063116.530356,0.539306640625,0.79541015625,-0.351806640625,Mouth open
1714063116.578831,0.53857421875,0.7919921875,-0.356201171875,Mouth open
1714063116.610017,0.53515625,0.78857421875,-0.353759765625,Mouth open
1714063116.658517,0.5390625,0.788330078125,-0.35693359375,Mouth open
1714063116.713824,0.541748046875,0.788818359375,-0.35595703125,Mouth open
1714063116.730443,0.547119140625,0.787353515625,-0.360595703125,Mouth open
1714063116.792951,0.54052734375,0.787841796875,-0.353271484375,Mouth open
1714063116.808315,0.54833984375,0.7890625,-0.3564453125,Mouth open
1714063116.850239,0.543212890625,0.78759765625,-0.355224609375,Mouth open
1714063116.888973,0.54248046875,0.78515625,-0.35595703125,Mouth open
1714063116.929604,0.546875,0.785888671875,-0.356201171875,Mouth open
1714063116.978918,0.544677734375,0.785888671875,-0.35302734375,Mouth open
1714063117.008989,0.544921875,0.782470703125,-0.354248046875,Mouth open
1714063117.059686,0.544189453125,0.783447265625,-0.35400390625,Mouth open
1714063117.115491,0.546630859375,0.78271484375,-0.346923828125,Mouth open
1714063117.131958,0.551513671875,0.7890625,-0.347412109375,Mouth open
1714063117.194572,0.548095703125,0.78515625,-0.351806640625,Mouth open
1714063117.211649,0.5439453125,0.784912109375,-0.34619140625,Mouth open
1714063117.264877,0.55126953125,0.79150390625,-0.344970703125,Mouth open
1714063117.290246,0.548828125,0.793212890625,-0.33837890625,Mouth open
1714063117.332524,0.54248046875,0.791259765625,-0.341064453125,Mouth open
1714063117.382788,0.541259765625,0.793701171875,-0.34912109375,Mouth open
1714063117.406794,0.539794921875,0.7939453125,-0.352294921875,Mouth open
1714063117.46392,0.548583984375,0.795166015625,-0.3515625,Mouth open
1714063117.487094,0.54736328125,0.79150390625,-0.3359375,Mouth open
1714063117.532458,0.5537109375,0.790771484375,-0.34130859375,Mouth open
1714063117.568249,0.547607421875,0.789794921875,-0.34228515625,Mouth open
1714063117.612216,0.54736328125,0.7880859375,-0.34814453125,Mouth open
1714063117.66192,0.542236328125,0.78662109375,-0.35205078125,Mouth open
1714063117.692297,0.541748046875,0.78662109375,-0.348876953125,Mouth open
1714063117.742349,0.541748046875,0.78759765625,-0.3486328125,Mouth open
1714063117.797836,0.542236328125,0.793212890625,-0.3447265625,Mouth open
1714063117.814389,0.539794921875,0.79296875,-0.348388671875,Mouth open
1714063117.849521,0.54248046875,0.799072265625,-0.349609375,Mouth open
1714063117.890194,0.543212890625,0.795166015625,-0.353271484375,Mouth open
1714063117.934186,0.537353515625,0.78515625,-0.3505859375,Mouth open
1714063117.969139,0.539794921875,0.782470703125,-0.349365234375,Mouth open
1714063118.014802,0.546875,0.78759765625,-0.342529296875,Mouth open
1714063118.070759,0.546875,0.791015625,-0.341796875,Mouth open
1714063118.087666,0.54736328125,0.7939453125,-0.342529296875,Mouth open
1714063118.154091,0.54736328125,0.786865234375,-0.344970703125,Mouth open
1714063118.167659,0.54541015625,0.78759765625,-0.35107421875,Mouth open
1714063118.211361,0.5439453125,0.78857421875,-0.344970703125,Mouth open
1714063118.249322,0.545654296875,0.79052734375,-0.348388671875,Mouth open
1714063118.296106,0.543701171875,0.794189453125,-0.34521484375,Mouth open
1714063118.347301,0.54541015625,0.793212890625,-0.346435546875,Mouth open
1714063118.369634,0.542236328125,0.789306640625,-0.349365234375,Mouth open
1714063118.427443,0.5458984375,0.7880859375,-0.34423828125,Mouth open
1714063118.449877,0.5458984375,0.788818359375,-0.346923828125,Mouth open
1714063118.500751,0.54736328125,0.78662109375,-0.346435546875,Mouth open
1714063118.531234,0.550048828125,0.786865234375,-0.345703125,Mouth open
1714063118.571004,0.546875,0.7861328125,-0.340087890625,Mouth open
1714063118.623468,0.55224609375,0.791748046875,-0.34912109375,Mouth open
1714063118.653199,0.550048828125,0.784912109375,-0.3427734375,Mouth open
1714063118.706883,0.550048828125,0.789794921875,-0.340087890625,Mouth open
1714063118.7286,0.549560546875,0.793212890625,-0.3427734375,Mouth open
1714063118.772262,0.54541015625,0.787841796875,-0.338623046875,Mouth open
1714063118.808678,0.5478515625,0.79052734375,-0.337890625,Mouth open
1714063118.849695,0.549072265625,0.79150390625,-0.3388671875,Mouth open
1714063118.897308,0.549560546875,0.788818359375,-0.34130859375,Mouth open
1714063118.932465,0.5458984375,0.78759765625,-0.34228515625,Mouth open
1714063118.978267,0.54931640625,0.790283203125,-0.340087890625,Mouth open
1714063119.031832,0.548583984375,0.78955078125,-0.343017578125,Mouth open
1714063119.050461,0.54443359375,0.791259765625,-0.341552734375,Mouth open
1714063119.114841,0.544921875,0.790283203125,-0.34619140625,Mouth open
1714063119.131033,0.54541015625,0.7890625,-0.3427734375,Mouth open
1714063119.184036,0.547607421875,0.791259765625,-0.3427734375,Mouth open
1714063119.212248,0.546142578125,0.790771484375,-0.343994140625,Mouth open
1714063119.254747,0.54443359375,0.78857421875,-0.34326171875,Mouth open
1714063119.307086,0.549560546875,0.790771484375,-0.341796875,Mouth open
1714063119.329629,0.547119140625,0.790283203125,-0.34033203125,Mouth open
1714063119.388226,0.549560546875,0.79345703125,-0.34814453125,Mouth open
1714063119.410025,0.544677734375,0.786376953125,-0.34375,Mouth open
1714063119.452958,0.544921875,0.791015625,-0.34130859375,Mouth open
1714063119.489532,0.546875,0.79443359375,-0.344970703125,Mouth open
1714063119.531086,0.544189453125,0.79248046875,-0.340087890625,Mouth open
1714063119.57863,0.54541015625,0.791748046875,-0.339599609375,Mouth open
1714063119.617295,0.547119140625,0.792236328125,-0.341796875,Mouth open
1714063119.671271,0.550537109375,0.78759765625,-0.344970703125,Mouth open
1714063119.691853,0.5478515625,0.787109375,-0.343505859375,Mouth open
1714063119.736078,0.552490234375,0.7890625,-0.349365234375,Mouth open
1714063119.772573,0.5498046875,0.785888671875,-0.34423828125,Mouth open
1714063119.812006,0.549560546875,0.786376953125,-0.343994140625,Mouth open
1714063119.862309,0.5478515625,0.79052734375,-0.34423828125,Mouth open
1714063119.894076,0.54638671875,0.790771484375,-0.343017578125,Mouth open
1714063119.943508,0.543212890625,0.7900390625,-0.345458984375,Mouth open
1714063119.99953,0.544677734375,0.789306640625,-0.34375,Mouth open
1714063120.016268,0.546142578125,0.791015625,-0.34375,Mouth open
1714063120.050621,0.546142578125,0.790771484375,-0.3447265625,Mouth open
1714063120.091288,0.548583984375,0.78662109375,-0.349853515625,Mouth open
1714063120.137392,0.546142578125,0.78564453125,-0.347412109375,Mouth open
1714063120.171648,0.549560546875,0.79150390625,-0.3466796875,Mouth open
1714063120.22702,0.545166015625,0.789794921875,-0.345947265625,Mouth open
1714063120.251967,0.5458984375,0.7880859375,-0.339111328125,Mouth open
1714063120.29891,0.548095703125,0.789306640625,-0.341796875,Mouth open
1714063120.331875,0.548583984375,0.7919921875,-0.343017578125,Mouth open
1714063120.372278,0.546875,0.787841796875,-0.3486328125,Mouth open
1714063120.416994,0.5458984375,0.787841796875,-0.343505859375,Mouth open
1714063120.452513,0.548583984375,0.792236328125,-0.342041015625,Mouth open
1714063120.502967,0.545166015625,0.7861328125,-0.3427734375,Mouth open
1714063120.553009,0.544189453125,0.79296875,-0.34765625,Mouth open
1714063120.574299,0.546875,0.791748046875,-0.34423828125,Mouth open
1714063120.633305,0.54248046875,0.790283203125,-0.344970703125,Mouth open
1714063120.652181,0.545166015625,0.7880859375,-0.34619140625,Mouth open
1714063120.700693,0.5458984375,0.78564453125,-0.3486328125,Mouth open
1714063120.73362,0.543212890625,0.78759765625,-0.34716796875,Mouth open
1714063120.775073,0.547607421875,0.792724609375,-0.344970703125,Mouth open
1714063120.827173,0.542236328125,0.792236328125,-0.34619140625,Mouth open
1714063120.855356,0.541748046875,0.793701171875,-0.34228515625,Mouth open
1714063120.905037,0.545166015625,0.796142578125,-0.3447265625,Mouth open
1714063120.961209,0.5400390625,0.792724609375,-0.343017578125,Mouth open
1714063120.977914,0.538330078125,0.791748046875,-0.3427734375,Mouth open
1714063121.04357,0.542724609375,0.79150390625,-0.34326171875,Mouth open
1714063121.056078,0.54541015625,0.793701171875,-0.345703125,Mouth open
1714063121.096412,0.54833984375,0.79150390625,-0.346435546875,Mouth open
1714063121.138576,0.54296875,0.787109375,-0.341064453125,Mouth open
1714063121.180169,0.544677734375,0.791748046875,-0.34912109375,Mouth open
1714063121.229814,0.54345703125,0.788818359375,-0.3447265625,Mouth open
1714063121.254608,0.5439453125,0.7861328125,-0.34912109375,Mouth open
1714063121.3097,0.545166015625,0.7900390625,-0.350341796875,Mouth open
1714063121.33351,0.541015625,0.7880859375,-0.348876953125,Mouth open
1714063121.375138,0.540771484375,0.789794921875,-0.35107421875,Mouth open
1714063121.413766,0.543212890625,0.79248046875,-0.350341796875,Mouth open
1714063121.453441,0.54443359375,0.792724609375,-0.34619140625,Mouth open
1714063121.49808,0.544677734375,0.796630859375,-0.343017578125,Mouth open
1714063121.534867,0.54052734375,0.7890625,-0.34619140625,Mouth open
1714063121.58298,0.54296875,0.788818359375,-0.344482421875,Mouth open
1714063121.637203,0.5458984375,0.794189453125,-0.3447265625,Mouth open
1714063121.655753,0.54296875,0.792236328125,-0.344482421875,Mouth open
1714063121.718552,0.5439453125,0.79150390625,-0.34326171875,Mouth open
1714063121.73553,0.545166015625,0.792724609375,-0.34423828125,Mouth open
1714063121.783823,0.543212890625,0.795654296875,-0.33984375,Mouth open
1714063121.816825,0.544921875,0.7919921875,-0.34521484375,Mouth open
1714063121.864206,0.546875,0.78955078125,-0.3427734375,Mouth open
1714063121.917345,0.546142578125,0.790771484375,-0.349609375,Mouth open
1714063121.938088,0.544189453125,0.7900390625,-0.34912109375,Mouth open
1714063121.997504,0.54345703125,0.788818359375,-0.3486328125,Mouth open
1714063122.014473,0.54345703125,0.786865234375,-0.352783203125,Mouth open
1714063122.068985,0.538818359375,0.788818359375,-0.349609375,Mouth open
1714063122.098363,0.539794921875,0.788330078125,-0.35400390625,Mouth open
1714063122.135472,0.537353515625,0.78955078125,-0.353759765625,Mouth open
1714063122.183365,0.541015625,0.79150390625,-0.3505859375,Mouth open
1714063122.217407,0.54150390625,0.792724609375,-0.347412109375,Mouth open
1714063122.264912,0.543701171875,0.788330078125,-0.34619140625,Mouth open
1714063122.314371,0.54443359375,0.787109375,-0.344482421875,Mouth open
1714063122.338104,0.547119140625,0.78662109375,-0.351318359375,Mouth open
1714063122.393249,0.542724609375,0.783935546875,-0.34423828125,Mouth open
1714063122.417608,0.545166015625,0.782958984375,-0.344970703125,Mouth open
1714063122.463672,0.547607421875,0.78857421875,-0.343505859375,Mouth open
1714063122.498809,0.550048828125,0.79345703125,-0.341796875,Mouth open
1714063122.53881,0.5498046875,0.79150390625,-0.3408203125,Mouth open
1714063122.582284,0.546875,0.791015625,-0.343994140625,Mouth open
1714063122.61895,0.544189453125,0.794677734375,-0.348876953125,Mouth open
1714063122.664486,0.542236328125,0.79443359375,-0.347900390625,Mouth open
1714063122.71713,0.541259765625,0.79052734375,-0.34619140625,Mouth open
1714063122.735639,0.543212890625,0.790771484375,-0.34765625,Mouth open
1714063122.797871,0.54541015625,0.7880859375,-0.345458984375,Mouth open
1714063122.816578,0.5439453125,0.788330078125,-0.344970703125,Mouth open
1714063122.863496,0.54443359375,0.787109375,-0.34765625,Mouth open
1714063122.896679,0.544921875,0.791259765625,-0.3427734375,Mouth open
1714063122.937696,0.552734375,0.790771484375,-0.348876953125,Mouth open
1714063122.986945,0.547119140625,0.786376953125,-0.348876953125,Mouth open
1714063123.017485,0.549072265625,0.78759765625,-0.345458984375,Mouth open
1714063123.067606,0.548828125,0.78857421875,-0.34521484375,Mouth open
1714063123.120222,0.549560546875,0.78759765625,-0.3427734375,Mouth open
1714063123.140728,0.548583984375,0.788818359375,-0.343017578125,Mouth open
1714063123.201059,0.54931640625,0.78955078125,-0.341064453125,Mouth open
1714063123.217608,0.550048828125,0.78955078125,-0.346923828125,Mouth open
1714063123.269119,0.545166015625,0.787109375,-0.34130859375,Mouth open
1714063123.296587,0.5478515625,0.79052734375,-0.34619140625,Mouth open
1714063123.338644,0.5478515625,0.790283203125,-0.3427734375,Mouth open
1714063123.388219,0.545166015625,0.7919921875,-0.34716796875,Mouth open
1714063123.418444,0.545654296875,0.789794921875,-0.34521484375,Mouth open
1714063123.470402,0.546142578125,0.789306640625,-0.343505859375,Mouth open
1714063123.522769,0.544921875,0.789794921875,-0.34765625,Mouth open
1714063123.538942,0.545654296875,0.789306640625,-0.34765625,Mouth open
1714063123.603906,0.5458984375,0.789306640625,-0.349365234375,Mouth open
1714063123.619991,0.54345703125,0.78759765625,-0.34423828125,Mouth open
1714063123.674627,0.54345703125,0.787841796875,-0.3447265625,Mouth open
1714063123.700868,0.545654296875,0.78466796875,-0.346923828125,Mouth open
1714063123.740489,0.55126953125,0.79150390625,-0.347900390625,Mouth open
1714063123.793023,0.54296875,0.786865234375,-0.34814453125,Mouth open
1714063123.821661,0.54345703125,0.78662109375,-0.343505859375,Mouth open
1714063123.884941,0.543212890625,0.7880859375,-0.34521484375,Mouth open
1714063123.900406,0.546142578125,0.79541015625,-0.346435546875,Mouth open
1714063123.940864,0.548095703125,0.791259765625,-0.3466796875,Mouth open
1714063123.982116,0.548095703125,0.790283203125,-0.3447265625,Mouth open
1714063124.021882,0.54833984375,0.79296875,-0.348388671875,Mouth open
1714063124.074274,0.544677734375,0.786865234375,-0.344970703125,Mouth open
1714063124.098434,0.545166015625,0.789794921875,-0.34716796875,Mouth open
1714063124.152033,0.54736328125,0.788330078125,-0.35009765625,Mouth open
1714063124.207843,0.5439453125,0.7861328125,-0.350341796875,Mouth open
1714063124.223503,0.542236328125,0.7890625,-0.35205078125,Mouth open
1714063124.285362,0.54345703125,0.787353515625,-0.3525390625,Mouth open
1714063124.301009,0.5458984375,0.78564453125,-0.35302734375,Mouth open
1714063124.342,0.54736328125,0.7900390625,-0.35546875,Mouth open
1714063124.384764,0.54248046875,0.783935546875,-0.349609375,Mouth open
1714063124.427612,0.542236328125,0.786865234375,-0.351318359375,Mouth open
1714063124.479347,0.546875,0.788818359375,-0.351806640625,Mouth open
1714063124.501821,0.5419921875,0.78564453125,-0.3515625,Mouth open
1714063124.55967,0.54736328125,0.78662109375,-0.34814453125,Mouth open
1714063124.58064,0.546630859375,0.7900390625,-0.34765625,Mouth open
1714063124.624492,0.545166015625,0.7880859375,-0.345458984375,Mouth open
1714063124.660305,0.54296875,0.790283203125,-0.34765625,Mouth open
1714063124.700843,0.544921875,0.788818359375,-0.349609375,Mouth open
1714063124.750031,0.54833984375,0.78955078125,-0.345703125,Mouth open
1714063124.779412,0.54833984375,0.78857421875,-0.346923828125,Mouth open
1714063124.835174,0.5439453125,0.788818359375,-0.349609375,Mouth open
1714063124.887121,0.5419921875,0.78759765625,-0.3466796875,Mouth open
1714063124.903393,0.544677734375,0.78955078125,-0.34619140625,Mouth open
1714063124.966243,0.544921875,0.790283203125,-0.347412109375,Mouth open
1714063124.982659,0.54150390625,0.791259765625,-0.3447265625,Mouth open
1714063125.037179,0.545166015625,0.78955078125,-0.346435546875,Mouth open
1714063125.062986,0.54541015625,0.7919921875,-0.346923828125,Mouth open
1714063125.104242,0.542724609375,0.791259765625,-0.347900390625,Mouth open
1714063125.153721,0.543212890625,0.7890625,-0.343505859375,Mouth open
1714063125.183772,0.544677734375,0.78955078125,-0.347900390625,Mouth open
1714063125.233517,0.54296875,0.791748046875,-0.34814453125,Mouth open
1714063125.286381,0.54052734375,0.79150390625,-0.346923828125,Mouth open
1714063125.303403,0.542724609375,0.789794921875,-0.34814453125,Mouth open
1714063125.366333,0.542724609375,0.79150390625,-0.343505859375,Mouth open
1714063125.381878,0.544189453125,0.791015625,-0.349853515625,Mouth open
1714063125.426034,0.544189453125,0.7900390625,-0.34716796875,Mouth open
1714063125.462394,0.546630859375,0.78857421875,-0.3505859375,Mouth open
1714063125.503338,0.544677734375,0.7890625,-0.345703125,Mouth open
1714063125.553103,0.545654296875,0.786865234375,-0.3505859375,Mouth open
1714063125.583144,0.543701171875,0.790283203125,-0.35009765625,Mouth open
1714063125.639162,0.5419921875,0.79052734375,-0.34814453125,Mouth open
1714063125.690695,0.54296875,0.7900390625,-0.34814453125,Mouth open
1714063125.707337,0.542236328125,0.788330078125,-0.347412109375,Mouth open
1714063125.769314,0.54345703125,0.79052734375,-0.348876953125,Mouth open
1714063125.784762,0.542236328125,0.791259765625,-0.34619140625,Mouth open
1714063125.829236,0.54833984375,0.794189453125,-0.3525390625,Mouth open
1714063125.86651,0.54296875,0.790283203125,-0.347900390625,Mouth open
1714063125.914033,0.545166015625,0.790771484375,-0.350341796875,Mouth open
1714063125.968522,0.54345703125,0.7900390625,-0.3505859375,Mouth open
1714063125.985103,0.540771484375,0.78857421875,-0.348876953125,Mouth open
1714063126.046989,0.541748046875,0.7890625,-0.35107421875,Mouth open
1714063126.063084,0.544189453125,0.78955078125,-0.349609375,Mouth open
1714063126.101601,0.544921875,0.78955078125,-0.3505859375,Mouth open
1714063126.142326,0.53759765625,0.78857421875,-0.34912109375,Mouth open
1714063126.182397,0.54248046875,0.791748046875,-0.349853515625,Mouth open
1714063126.233176,0.543701171875,0.7939453125,-0.34814453125,Mouth open
1714063126.263325,0.5380859375,0.79345703125,-0.349609375,Mouth open
1714063126.312111,0.54248046875,0.791259765625,-0.348388671875,Mouth open
1714063126.366792,0.5439453125,0.793701171875,-0.345947265625,Mouth open
1714063126.383436,0.540771484375,0.793701171875,-0.3486328125,Mouth open
1714063126.444776,0.54052734375,0.79443359375,-0.349609375,Mouth open
1714063126.464735,0.54052734375,0.790771484375,-0.345947265625,Mouth open
1714063126.515338,0.542236328125,0.790771484375,-0.3486328125,Mouth open
1714063126.546637,0.540283203125,0.78759765625,-0.347412109375,Mouth open
1714063126.582279,0.546142578125,0.791259765625,-0.35205078125,Mouth open
1714063126.633301,0.54296875,0.78564453125,-0.351318359375,Mouth open
1714063126.66277,0.54052734375,0.788818359375,-0.345947265625,Mouth open
1714063126.711765,0.543212890625,0.7919921875,-0.35302734375,Mouth open
1714063126.766386,0.53857421875,0.789794921875,-0.350830078125,Mouth open
1714063126.784298,0.54052734375,0.792236328125,-0.3525390625,Mouth open
1714063126.845503,0.541259765625,0.791259765625,-0.35205078125,Mouth open
1714063126.864286,0.541748046875,0.791015625,-0.352783203125,Mouth open
1714063126.911324,0.5361328125,0.786865234375,-0.352783203125,Mouth open
1714063126.944573,0.542236328125,0.79345703125,-0.35009765625,Mouth open
1714063126.985191,0.541259765625,0.791259765625,-0.35009765625,Mouth open
1714063127.035419,0.539794921875,0.790771484375,-0.3505859375,Mouth open
1714063127.066941,0.541015625,0.788818359375,-0.352783203125,Mouth open
1714063127.114602,0.54248046875,0.787353515625,-0.35205078125,Mouth open
1714063127.169313,0.54296875,0.789306640625,-0.350830078125,Mouth open
1714063127.185758,0.53857421875,0.78955078125,-0.35400390625,Mouth open
1714063127.253552,0.53759765625,0.789794921875,-0.353515625,Mouth open
1714063127.26234,0.541259765625,0.788818359375,-0.35400390625,Mouth open
1714063127.306995,0.543212890625,0.789306640625,-0.34814453125,Mouth open
1714063127.343284,0.547119140625,0.79052734375,-0.35693359375,Mouth open
1714063127.390505,0.5400390625,0.786865234375,-0.354248046875,Mouth open
1714063127.443393,0.54345703125,0.790283203125,-0.350830078125,Mouth open
1714063127.464405,0.541259765625,0.791259765625,-0.352294921875,Mouth open
1714063127.522146,0.539794921875,0.790283203125,-0.350341796875,Mouth open
1714063127.545305,0.5419921875,0.7890625,-0.349609375,Mouth open
1714063127.594845,0.541259765625,0.792724609375,-0.348876953125,Mouth open
1714063127.624797,0.547607421875,0.789306640625,-0.35400390625,Mouth open
1714063127.666063,0.537841796875,0.7880859375,-0.349365234375,Mouth open
1714063127.713822,0.54248046875,0.7900390625,-0.355712890625,Mouth open
1714063127.744424,0.540771484375,0.78857421875,-0.351806640625,Mouth open
1714063127.794871,0.540771484375,0.789306640625,-0.3515625,Mouth open
1714063127.851349,0.54248046875,0.7890625,-0.353759765625,Mouth open
1714063127.868018,0.541748046875,0.785888671875,-0.35302734375,Mouth open
1714063127.902271,0.54150390625,0.7900390625,-0.35498046875,Mouth open
1714063127.942267,0.537841796875,0.791015625,-0.353515625,Mouth open
1714063127.98834,0.541748046875,0.7900390625,-0.3544921875,Mouth open
1714063128.023056,0.539306640625,0.790771484375,-0.355224609375,Mouth closed
1714063128.080501,0.541015625,0.78759765625,-0.3525390625,Mouth closed
1714063128.103189,0.543212890625,0.787353515625,-0.354736328125,Mouth closed
1714063128.150805,0.543701171875,0.7890625,-0.35546875,Mouth closed
1714063128.185216,0.54052734375,0.79052734375,-0.35400390625,Mouth closed
1714063128.224414,0.538818359375,0.786865234375,-0.351318359375,Mouth closed
1714063128.274134,0.541015625,0.78955078125,-0.353271484375,Mouth closed
1714063128.30512,0.5419921875,0.78857421875,-0.353271484375,Mouth closed
1714063128.356193,0.54150390625,0.7890625,-0.35400390625,Mouth closed
1714063128.409624,0.541259765625,0.788330078125,-0.349609375,Mouth closed
1714063128.425824,0.541259765625,0.7890625,-0.355712890625,Mouth closed
1714063128.491713,0.54052734375,0.786865234375,-0.34814453125,Mouth closed
1714063128.503415,0.540771484375,0.788330078125,-0.35302734375,Mouth closed
1714063128.545088,0.54248046875,0.789306640625,-0.354248046875,Mouth closed
1714063128.591628,0.53857421875,0.787109375,-0.351806640625,Mouth closed
1714063128.638679,0.541748046875,0.787841796875,-0.353271484375,Mouth closed
1714063128.662358,0.540283203125,0.788818359375,-0.351806640625,Mouth closed
1714063128.704137,0.541015625,0.790283203125,-0.352783203125,Mouth closed
1714063128.745043,0.54052734375,0.791748046875,-0.3505859375,Mouth closed
1714063128.783824,0.546142578125,0.794677734375,-0.354736328125,Mouth closed
1714063128.834542,0.540771484375,0.789306640625,-0.3505859375,Mouth closed
1714063128.864624,0.539306640625,0.79052734375,-0.34716796875,Mouth closed
1714063128.916927,0.541015625,0.79150390625,-0.35693359375,Mouth closed
1714063128.970282,0.53955078125,0.789794921875,-0.348876953125,Mouth closed
1714063128.986616,0.541748046875,0.791015625,-0.348876953125,Mouth closed
1714063129.050006,0.538818359375,0.790771484375,-0.35009765625,Mouth closed
1714063129.063475,0.53955078125,0.791748046875,-0.353271484375,Mouth closed
1714063129.106379,0.535400390625,0.790283203125,-0.35205078125,Mouth closed
1714063129.143862,0.541259765625,0.790283203125,-0.354248046875,Mouth closed
1714063129.191592,0.540283203125,0.79052734375,-0.353271484375,Mouth closed
1714063129.246373,0.537841796875,0.791748046875,-0.354248046875,Mouth closed
1714063129.263266,0.537841796875,0.7880859375,-0.354736328125,Mouth closed
1714063129.327048,0.53759765625,0.790283203125,-0.353515625,Mouth closed
1714063129.344596,0.536376953125,0.790283203125,-0.352783203125,Mouth closed
1714063129.391199,0.537841796875,0.7919921875,-0.354248046875,Mouth closed
1714063129.42737,0.538330078125,0.789794921875,-0.3564453125,Mouth closed
1714063129.465701,0.539794921875,0.79052734375,-0.3515625,Mouth closed
1714063129.52048,0.53857421875,0.791259765625,-0.3544921875,Mouth closed
1714063129.550549,0.5400390625,0.791748046875,-0.353271484375,Mouth closed
1714063129.602561,0.54345703125,0.788330078125,-0.35107421875,Mouth closed
1714063129.627542,0.536865234375,0.791748046875,-0.352783203125,Mouth closed
1714063129.6747,0.537353515625,0.795166015625,-0.350830078125,Mouth closed
1714063129.7064,0.534423828125,0.794677734375,-0.353271484375,Mouth closed
1714063129.747548,0.551513671875,0.779541015625,-0.33251953125,Mouth closed
1714063129.795897,0.533447265625,0.797607421875,-0.347900390625,Mouth closed
1714063129.826817,0.536865234375,0.7958984375,-0.347900390625,Mouth closed
1714063129.876668,0.5419921875,0.79541015625,-0.34765625,Mouth closed
1714063129.932796,0.540283203125,0.79541015625,-0.3427734375,Mouth closed
1714063129.943456,0.5810546875,0.7919921875,-0.37060546875,Mouth closed
1714063129.986879,0.538330078125,0.793701171875,-0.343017578125,Mouth closed
1714063130.027376,0.538330078125,0.793212890625,-0.34375,Mouth closed
1714063130.080847,0.541015625,0.79248046875,-0.344970703125,Mouth closed
1714063130.105228,0.542724609375,0.792236328125,-0.345703125,Mouth closed
1714063130.158629,0.5390625,0.7939453125,-0.345458984375,Mouth closed
1714063130.214837,0.5400390625,0.791748046875,-0.344970703125,Mouth closed
1714063130.232369,0.539306640625,0.791259765625,-0.347412109375,Mouth closed
1714063130.266278,0.54296875,0.792724609375,-0.34619140625,Mouth closed
1714063130.307976,0.540771484375,0.793212890625,-0.346435546875,Mouth closed
1714063130.350168,0.542724609375,0.797119140625,-0.350341796875,Mouth closed
1714063130.386123,0.537353515625,0.789794921875,-0.351806640625,Mouth closed
1714063130.43122,0.537109375,0.791748046875,-0.34814453125,Mouth closed
1714063130.484829,0.539794921875,0.79443359375,-0.35205078125,Mouth closed
1714063130.50544,0.5341796875,0.795166015625,-0.350341796875,Mouth closed
1714063130.563009,0.53564453125,0.794677734375,-0.348876953125,Mouth closed
1714063130.585477,0.535888671875,0.7939453125,-0.34814453125,Mouth closed
1714063130.626187,0.535400390625,0.791748046875,-0.3486328125,Mouth closed
1714063130.665216,0.535888671875,0.79296875,-0.3515625,Mouth closed
1714063130.705414,0.53759765625,0.793701171875,-0.351318359375,Mouth closed
1714063130.752333,0.537353515625,0.793212890625,-0.350830078125,Mouth closed
1714063130.786727,0.53564453125,0.794921875,-0.35009765625,Mouth closed
1714063130.833684,0.534423828125,0.792724609375,-0.351806640625,Mouth closed
1714063130.887735,0.537109375,0.7939453125,-0.34912109375,Mouth closed
1714063130.908042,0.5361328125,0.7939453125,-0.35107421875,Mouth closed
1714063130.965569,0.537841796875,0.79248046875,-0.350341796875,Mouth closed
1714063130.98731,0.537353515625,0.794189453125,-0.349365234375,Mouth closed
1714063131.026535,0.539306640625,0.79248046875,-0.348388671875,Mouth closed
1714063131.066912,0.540283203125,0.792724609375,-0.34814453125,Mouth closed
1714063131.106988,0.5439453125,0.793701171875,-0.349853515625,Mouth closed
1714063131.151811,0.53955078125,0.789794921875,-0.344970703125,Mouth closed
1714063131.1864,0.537353515625,0.79248046875,-0.34521484375,Mouth closed
1714063131.232297,0.543212890625,0.79345703125,-0.347900390625,Mouth closed
1714063131.285811,0.5400390625,0.79052734375,-0.346923828125,Mouth closed
1714063131.306521,0.53955078125,0.791748046875,-0.346923828125,Mouth closed
1714063131.366526,0.54052734375,0.79443359375,-0.3466796875,Mouth closed
1714063131.386398,0.5400390625,0.791015625,-0.348876953125,Mouth closed
1714063131.438433,0.53662109375,0.7939453125,-0.34765625,Mouth closed
1714063131.465324,0.541259765625,0.7919921875,-0.350830078125,Mouth closed
1714063131.506555,0.538818359375,0.791015625,-0.349365234375,Mouth closed
1714063131.556346,0.539306640625,0.790283203125,-0.349609375,Mouth closed
1714063131.587195,0.535888671875,0.793212890625,-0.352783203125,Mouth closed
1714063131.638342,0.537353515625,0.795654296875,-0.3515625,Mouth closed
1714063131.692086,0.53564453125,0.79541015625,-0.351318359375,Mouth closed
1714063131.708001,0.53173828125,0.79296875,-0.35107421875,Mouth closed
1714063131.773827,0.5390625,0.794189453125,-0.353271484375,Mouth closed
1714063131.78481,0.537353515625,0.794677734375,-0.351318359375,Mouth closed
1714063131.829314,0.539794921875,0.795166015625,-0.353515625,Mouth closed
1714063131.865231,0.538330078125,0.789306640625,-0.351318359375,Mouth closed
1714063131.910593,0.538330078125,0.79296875,-0.34912109375,Mouth closed
1714063131.960885,0.54296875,0.79248046875,-0.35498046875,Mouth closed
1714063131.99041,0.535400390625,0.789794921875,-0.3486328125,Mouth closed
1714063132.040581,0.539794921875,0.79052734375,-0.35107421875,Mouth closed
1714063132.067213,0.5380859375,0.792236328125,-0.349853515625,Mouth closed
1714063132.120014,0.541015625,0.7900390625,-0.355712890625,Mouth closed
1714063132.153424,0.537841796875,0.78955078125,-0.348388671875,Mouth closed
1714063132.19669,0.53955078125,0.794921875,-0.3525390625,Mouth closed
1714063132.247536,0.540283203125,0.79150390625,-0.3505859375,Mouth closed
1714063132.268226,0.535888671875,0.79150390625,-0.351318359375,Mouth closed
1714063132.325577,0.5380859375,0.792724609375,-0.352783203125,Mouth closed
1714063132.346642,0.534423828125,0.79296875,-0.3525390625,Mouth closed
1714063132.392336,0.53515625,0.792236328125,-0.35302734375,Mouth closed
1714063132.425085,0.5361328125,0.793212890625,-0.35400390625,Mouth closed
1714063132.466187,0.536865234375,0.790771484375,-0.35107421875,Mouth closed
1714063132.51587,0.5361328125,0.794677734375,-0.3525390625,Mouth closed
1714063132.545335,0.53564453125,0.7900390625,-0.348388671875,Mouth closed
1714063132.59395,0.537841796875,0.7919921875,-0.3486328125,Mouth closed
1714063132.649145,0.541259765625,0.793212890625,-0.349853515625,Mouth closed
1714063132.667576,0.53515625,0.795166015625,-0.349609375,Mouth closed
1714063132.728042,0.53466796875,0.79248046875,-0.348876953125,Mouth closed
1714063132.74808,0.537109375,0.79443359375,-0.349853515625,Mouth closed
1714063132.799809,0.53515625,0.79638671875,-0.348876953125,Mouth closed
1714063132.827483,0.538818359375,0.79638671875,-0.3525390625,Mouth closed
1714063132.868508,0.53564453125,0.794189453125,-0.3466796875,Mouth closed
1714063132.918153,0.5361328125,0.799560546875,-0.349853515625,Mouth closed
1714063132.947269,0.534912109375,0.798583984375,-0.346435546875,Mouth closed
1714063132.998563,0.533447265625,0.793701171875,-0.3515625,Mouth closed
1714063133.051002,0.535400390625,0.797119140625,-0.35009765625,Mouth closed
1714063133.067288,0.531005859375,0.7939453125,-0.35009765625,Mouth closed
1714063133.131543,0.533935546875,0.79150390625,-0.3505859375,Mouth closed
1714063133.145247,0.534912109375,0.794189453125,-0.351318359375,Mouth closed
1714063133.200866,0.53515625,0.7939453125,-0.346923828125,Mouth closed
1714063133.225945,0.54345703125,0.796142578125,-0.35009765625,Mouth closed
1714063133.269007,0.53759765625,0.79150390625,-0.3466796875,Mouth closed
1714063133.318361,0.536865234375,0.793701171875,-0.345703125,Mouth closed
1714063133.346868,0.53662109375,0.794189453125,-0.35009765625,Mouth closed
1714063133.395884,0.53955078125,0.7919921875,-0.348876953125,Mouth closed
1714063133.451508,0.5390625,0.791748046875,-0.34814453125,Mouth closed
1714063133.467293,0.537841796875,0.793212890625,-0.351806640625,Mouth closed
1714063133.531943,0.537109375,0.79638671875,-0.34912109375,Mouth closed
1714063133.54751,0.534423828125,0.792236328125,-0.346435546875,Mouth closed
1714063133.588051,0.53466796875,0.79541015625,-0.352294921875,Mouth closed
1714063133.626094,0.537109375,0.79443359375,-0.351806640625,Mouth closed
1714063133.67026,0.5361328125,0.794677734375,-0.348876953125,Mouth closed
1714063133.719451,0.537109375,0.792724609375,-0.349853515625,Mouth closed
1714063133.748179,0.53759765625,0.793701171875,-0.34765625,Mouth closed
1714063133.798925,0.53857421875,0.796875,-0.35009765625,Mouth closed
1714063133.851954,0.5380859375,0.793212890625,-0.349365234375,Mouth closed
1714063133.868224,0.540283203125,0.791259765625,-0.350830078125,Mouth closed
1714063133.932452,0.538330078125,0.793212890625,-0.346923828125,Mouth closed
1714063133.948527,0.541015625,0.79638671875,-0.34716796875,Mouth closed
1714063133.987079,0.541748046875,0.79296875,-0.349853515625,Mouth closed
1714063134.028214,0.5400390625,0.795166015625,-0.344482421875,Mouth closed
1714063134.068766,0.53857421875,0.795166015625,-0.345703125,Mouth closed
1714063134.120276,0.536865234375,0.7919921875,-0.34423828125,Mouth closed
1714063134.148395,0.53662109375,0.794189453125,-0.346923828125,Mouth closed
1714063134.19793,0.535400390625,0.796630859375,-0.345458984375,Mouth closed
1714063134.252095,0.540771484375,0.798095703125,-0.352783203125,Mouth closed
1714063134.268124,0.5341796875,0.795166015625,-0.34521484375,Mouth closed
1714063134.309166,0.53759765625,0.79931640625,-0.348388671875,Mouth closed
1714063134.346556,0.53662109375,0.79443359375,-0.347412109375,Mouth closed
1714063134.395568,0.53466796875,0.794189453125,-0.35009765625,Mouth closed
1714063134.428444,0.5361328125,0.794677734375,-0.348876953125,Mouth closed
1714063134.475064,0.533935546875,0.7939453125,-0.349365234375,Mouth closed
1714063134.532171,0.537109375,0.795166015625,-0.34912109375,Mouth closed
1714063134.54908,0.538330078125,0.79248046875,-0.3515625,Mouth closed
1714063134.615005,0.538330078125,0.794677734375,-0.349853515625,Mouth closed
1714063134.630842,0.536376953125,0.79541015625,-0.3486328125,Mouth closed
1714063134.671352,0.539306640625,0.7939453125,-0.351806640625,Mouth closed
1714063134.713478,0.535888671875,0.79150390625,-0.349853515625,Mouth closed
1714063134.753111,0.5361328125,0.79248046875,-0.3486328125,Mouth closed
1714063134.804014,0.53759765625,0.79541015625,-0.350830078125,Mouth closed
1714063134.832958,0.534912109375,0.794677734375,-0.35009765625,Mouth closed
1714063134.882111,0.5341796875,0.796875,-0.3466796875,Mouth closed
1714063134.936507,0.537109375,0.7939453125,-0.347412109375,Mouth closed
1714063134.952323,0.5380859375,0.796875,-0.343505859375,Mouth closed
1714063135.01513,0.534423828125,0.794189453125,-0.35107421875,Mouth closed
1714063135.028451,0.538330078125,0.7978515625,-0.34814453125,Mouth closed
1714063135.070324,0.5390625,0.797119140625,-0.35009765625,Mouth closed
1714063135.111315,0.53759765625,0.794921875,-0.345703125,Mouth closed
1714063135.151183,0.53759765625,0.795654296875,-0.34619140625,Mouth closed
1714063135.203044,0.538818359375,0.79296875,-0.348876953125,Mouth closed
1714063135.228023,0.537841796875,0.796630859375,-0.350830078125,Mouth closed
1714063135.281389,0.53955078125,0.7958984375,-0.3466796875,Mouth closed
1714063135.33534,0.536376953125,0.78955078125,-0.3486328125,Mouth closed
1714063135.351306,0.540771484375,0.793701171875,-0.3486328125,Mouth closed
1714063135.413278,0.53857421875,0.79345703125,-0.34521484375,Mouth closed
1714063135.429278,0.541748046875,0.792724609375,-0.347900390625,Mouth closed
1714063135.475462,0.53955078125,0.790283203125,-0.3525390625,Mouth closed
1714063135.510848,0.5361328125,0.79443359375,-0.3486328125,Mouth closed
1714063135.550414,0.5390625,0.79248046875,-0.3505859375,Mouth closed
1714063135.601747,0.538330078125,0.794189453125,-0.346435546875,Mouth closed
1714063135.631904,0.537841796875,0.79296875,-0.349853515625,Mouth closed
1714063135.682195,0.53759765625,0.79833984375,-0.34765625,Mouth closed
1714063135.70699,0.540283203125,0.795654296875,-0.353271484375,Mouth closed
1714063135.755841,0.53564453125,0.79248046875,-0.348388671875,Mouth closed
1714063135.788672,0.538818359375,0.79345703125,-0.352294921875,Mouth closed
1714063135.827968,0.53857421875,0.79443359375,-0.34814453125,Mouth closed
1714063135.874568,0.53662109375,0.792236328125,-0.35107421875,Mouth closed
1714063135.909859,0.539306640625,0.79296875,-0.3505859375,Mouth closed
1714063135.955285,0.533203125,0.792236328125,-0.353271484375,Mouth closed
1714063136.007688,0.53564453125,0.790283203125,-0.351318359375,Mouth closed
1714063136.030107,0.53662109375,0.791015625,-0.354248046875,Mouth closed
1714063136.086359,0.537109375,0.794677734375,-0.35009765625,Mouth closed
1714063136.109929,0.5390625,0.792724609375,-0.34912109375,Mouth closed
1714063136.158594,0.5390625,0.793701171875,-0.354736328125,Mouth closed
1714063136.189233,0.538818359375,0.791748046875,-0.3525390625,Mouth closed
1714063136.22966,0.540283203125,0.794189453125,-0.351318359375,Mouth closed
1714063136.27703,0.537353515625,0.795654296875,-0.352783203125,Mouth closed
1714063136.307619,0.536865234375,0.7939453125,-0.348876953125,Mouth closed
1714063136.355348,0.5390625,0.794189453125,-0.349853515625,Mouth closed
1714063136.411269,0.534912109375,0.794677734375,-0.3505859375,Mouth closed
1714063136.428112,0.537109375,0.7939453125,-0.356689453125,Mouth closed
1714063136.46913,0.5361328125,0.79248046875,-0.3466796875,Mouth closed
1714063136.509168,0.538330078125,0.7958984375,-0.351318359375,Mouth closed
1714063136.555357,0.535888671875,0.796630859375,-0.34814453125,Mouth closed
1714063136.590256,0.532470703125,0.79443359375,-0.3505859375,Mouth closed
1714063136.63905,0.5380859375,0.797607421875,-0.351806640625,Mouth closed
1714063136.688682,0.53564453125,0.79443359375,-0.351318359375,Mouth closed
1714063136.71196,0.5341796875,0.79638671875,-0.35009765625,Mouth closed
1714063136.767934,0.536865234375,0.79443359375,-0.349609375,Mouth closed
1714063136.791613,0.5380859375,0.79638671875,-0.35009765625,Mouth closed
1714063136.834174,0.53515625,0.79443359375,-0.348388671875,Mouth closed
1714063136.869468,0.539794921875,0.799560546875,-0.348388671875,Mouth closed
1714063136.910237,0.535400390625,0.7939453125,-0.349609375,Mouth closed
1714063136.957035,0.535888671875,0.794921875,-0.34716796875,Mouth closed
1714063136.99057,0.539794921875,0.794677734375,-0.349853515625,Mouth closed
1714063137.038227,0.536376953125,0.795654296875,-0.351806640625,Mouth closed
1714063137.091171,0.533447265625,0.7939453125,-0.347412109375,Mouth closed
1714063137.111387,0.53515625,0.79345703125,-0.349853515625,Mouth closed
1714063137.172406,0.53515625,0.79638671875,-0.348388671875,Mouth closed
1714063137.190081,0.535888671875,0.795654296875,-0.34814453125,Mouth closed
1714063137.231436,0.535888671875,0.792724609375,-0.349853515625,Mouth closed
1714063137.271979,0.536865234375,0.792724609375,-0.350341796875,Mouth closed
1714063137.30996,0.536865234375,0.794677734375,-0.348876953125,Mouth closed
1714063137.356644,0.5361328125,0.794921875,-0.346923828125,Mouth closed
1714063137.391719,0.539306640625,0.793212890625,-0.347412109375,Mouth closed
1714063137.439123,0.534423828125,0.796630859375,-0.3486328125,Mouth closed
1714063137.489051,0.5380859375,0.794921875,-0.349609375,Mouth closed
1714063137.512856,0.5361328125,0.79296875,-0.348388671875,Mouth closed
1714063137.56753,0.54052734375,0.794921875,-0.347900390625,Mouth closed
1714063137.590723,0.54052734375,0.79541015625,-0.346435546875,Mouth closed
1714063137.633542,0.541015625,0.7958984375,-0.343994140625,Mouth closed
1714063137.671788,0.5380859375,0.79150390625,-0.3486328125,Mouth closed
1714063137.710319,0.536865234375,0.7919921875,-0.34716796875,Mouth closed
1714063137.757051,0.5380859375,0.794189453125,-0.34912109375,Mouth closed
1714063137.799379,0.536865234375,0.792236328125,-0.34814453125,Mouth closed
1714063137.852247,0.535400390625,0.792724609375,-0.35107421875,Mouth closed
1714063137.871975,0.535400390625,0.796142578125,-0.3515625,Mouth closed
1714063137.924487,0.537353515625,0.794921875,-0.35400390625,Mouth closed
1714063137.952758,0.533203125,0.791748046875,-0.34814453125,Mouth closed
1714063137.993702,0.535400390625,0.792236328125,-0.351318359375,Mouth closed
1714063138.047389,0.53515625,0.797607421875,-0.348388671875,Mouth closed
1714063138.072082,0.532958984375,0.796142578125,-0.34814453125,Mouth closed
1714063138.131038,0.5361328125,0.7978515625,-0.348876953125,Mouth closed
1714063138.152731,0.533447265625,0.79345703125,-0.3505859375,Mouth closed
1714063138.201906,0.535400390625,0.795166015625,-0.35302734375,Mouth closed
1714063138.232901,0.534423828125,0.795166015625,-0.35107421875,Mouth closed
1714063138.272307,0.53515625,0.795166015625,-0.34912109375,Mouth closed
1714063138.321938,0.534912109375,0.793701171875,-0.35302734375,Mouth closed
1714063138.351341,0.534423828125,0.79541015625,-0.349853515625,Mouth closed
1714063138.405267,0.533203125,0.7939453125,-0.346923828125,Mouth closed
1714063138.458376,0.536865234375,0.79638671875,-0.346435546875,Mouth closed
1714063138.479184,0.537353515625,0.796630859375,-0.352783203125,Mouth closed
1714063138.51236,0.53759765625,0.79443359375,-0.34912109375,Mouth closed
1714063138.554402,0.53662109375,0.79443359375,-0.347412109375,Mouth closed
1714063138.605157,0.538330078125,0.797607421875,-0.3486328125,Mouth closed
1714063138.636324,0.53564453125,0.7998046875,-0.3447265625,Mouth closed
1714063138.685704,0.5361328125,0.796875,-0.35009765625,Mouth closed
1714063138.741488,0.53662109375,0.796142578125,-0.348388671875,Mouth closed
1714063138.757774,0.535888671875,0.79443359375,-0.351318359375,Mouth closed
1714063138.793386,0.537109375,0.797119140625,-0.348876953125,Mouth closed
1714063138.832651,0.53515625,0.791259765625,-0.35107421875,Mouth closed
1714063138.8787,0.539794921875,0.791015625,-0.354248046875,Mouth closed
1714063138.910406,0.5380859375,0.79345703125,-0.3525390625,Mouth closed
1714063138.959233,0.537841796875,0.790771484375,-0.349365234375,Mouth closed
1714063139.016496,0.5400390625,0.79150390625,-0.3505859375,Mouth closed
1714063139.03401,0.539306640625,0.792724609375,-0.350341796875,Mouth closed
1714063139.097724,0.53759765625,0.791748046875,-0.350830078125,Mouth closed
1714063139.112004,0.536865234375,0.79248046875,-0.344970703125,Mouth closed
1714063139.154136,0.538818359375,0.789794921875,-0.347900390625,Mouth closed
1714063139.192928,0.5419921875,0.7978515625,-0.34912109375,Mouth closed
1714063139.237758,0.537109375,0.796142578125,-0.345947265625,Mouth closed
1714063139.291671,0.536376953125,0.7919921875,-0.34521484375,Mouth closed
1714063139.314733,0.538330078125,0.794677734375,-0.348876953125,Mouth closed
1714063139.374497,0.535400390625,0.79296875,-0.34375,Mouth closed
1714063139.393893,0.533447265625,0.79052734375,-0.349609375,Mouth closed
1714063139.437269,0.544189453125,0.794677734375,-0.348876953125,Mouth closed
1714063139.474863,0.5380859375,0.79052734375,-0.346923828125,Mouth closed
1714063139.517345,0.537841796875,0.79248046875,-0.35009765625,Mouth closed
1714063139.567557,0.537353515625,0.792236328125,-0.351318359375,Mouth closed
1714063139.591892,0.538330078125,0.79248046875,-0.35009765625,Mouth closed
1714063139.649291,0.536376953125,0.792236328125,-0.350341796875,Mouth closed
1714063139.673308,0.534912109375,0.79150390625,-0.349365234375,Mouth closed
1714063139.718765,0.54150390625,0.794189453125,-0.35009765625,Mouth closed
1714063139.753928,0.537109375,0.79443359375,-0.34716796875,Mouth closed
1714063139.794521,0.538818359375,0.793701171875,-0.3486328125,Mouth closed
1714063139.839519,0.541748046875,0.793212890625,-0.35107421875,Mouth closed
1714063139.876772,0.538330078125,0.79296875,-0.348388671875,Mouth closed
1714063139.922117,0.5390625,0.796630859375,-0.350341796875,Mouth closed
1714063139.978786,0.537841796875,0.794189453125,-0.347412109375,Mouth closed
1714063139.995868,0.534423828125,0.79541015625,-0.348388671875,Mouth closed
1714063140.062445,0.535888671875,0.79541015625,-0.3466796875,Mouth closed
1714063140.077413,0.536865234375,0.795654296875,-0.353515625,Mouth closed
1714063140.117261,0.53369140625,0.79541015625,-0.347412109375,Mouth closed
1714063140.154427,0.536376953125,0.79541015625,-0.349609375,Mouth closed
1714063140.202927,0.5341796875,0.798828125,-0.35009765625,Mouth closed
1714063140.252208,0.531494140625,0.795654296875,-0.350341796875,Mouth closed
1714063140.272846,0.53125,0.795654296875,-0.352294921875,Mouth closed
1714063140.33325,0.532470703125,0.796875,-0.349365234375,Mouth closed
1714063140.353253,0.533447265625,0.797607421875,-0.35009765625,Mouth closed
1714063140.393591,0.531494140625,0.7939453125,-0.353271484375,Mouth closed
1714063140.434232,0.53564453125,0.797607421875,-0.3486328125,Mouth closed
1714063140.475612,0.537841796875,0.79833984375,-0.34765625,Mouth closed
1714063140.520443,0.5390625,0.79833984375,-0.349365234375,Mouth closed
1714063140.554896,0.533935546875,0.79248046875,-0.347900390625,Mouth closed
1714063140.612457,0.5380859375,0.793701171875,-0.344970703125,Mouth closed
1714063140.635933,0.537109375,0.798095703125,-0.350341796875,Mouth closed
1714063140.675632,0.5341796875,0.792724609375,-0.347900390625,Mouth closed
1714063140.715438,0.53271484375,0.794189453125,-0.344970703125,Mouth closed
1714063140.755602,0.535888671875,0.795654296875,-0.34912109375,Mouth closed
1714063140.798988,0.535888671875,0.79541015625,-0.3466796875,Mouth closed
1714063140.834439,0.5322265625,0.79443359375,-0.345458984375,Mouth closed
1714063140.87988,0.535888671875,0.79541015625,-0.348388671875,Mouth closed
1714063140.932164,0.537353515625,0.7978515625,-0.348876953125,Mouth closed
1714063140.954207,0.534912109375,0.793701171875,-0.3505859375,Mouth closed
1714063141.012141,0.534912109375,0.796630859375,-0.349853515625,Mouth closed
1714063141.033886,0.533447265625,0.798583984375,-0.349853515625,Mouth closed
1714063141.081402,0.533203125,0.798095703125,-0.34814453125,Mouth closed
1714063141.11507,0.53271484375,0.80078125,-0.3515625,Mouth closed
1714063141.156528,0.532470703125,0.798095703125,-0.34716796875,Mouth closed
1714063141.199234,0.5361328125,0.794677734375,-0.34716796875,Mouth closed
1714063141.23608,0.53564453125,0.796142578125,-0.345947265625,Mouth closed
1714063141.28313,0.541259765625,0.798583984375,-0.3515625,Mouth closed
1714063141.333025,0.53662109375,0.791748046875,-0.349365234375,Mouth closed
1714063141.356089,0.534912109375,0.79296875,-0.344970703125,Mouth closed
1714063141.413134,0.533935546875,0.795166015625,-0.3505859375,Mouth closed
1714063141.436169,0.536865234375,0.795166015625,-0.349365234375,Mouth closed
1714063141.481878,0.533203125,0.79541015625,-0.350830078125,Mouth closed
1714063141.514837,0.534912109375,0.79541015625,-0.349365234375,Mouth closed
1714063141.555063,0.53515625,0.796630859375,-0.35400390625,Mouth closed
1714063141.598429,0.5322265625,0.791259765625,-0.350830078125,Mouth closed
1714063141.635203,0.53466796875,0.7958984375,-0.352783203125,Mouth closed
1714063141.681175,0.533935546875,0.79541015625,-0.351318359375,Mouth closed
1714063141.731036,0.531982421875,0.794677734375,-0.35107421875,Mouth closed
1714063141.762331,0.53369140625,0.795166015625,-0.35009765625,Mouth closed
1714063141.809543,0.533203125,0.79736328125,-0.35107421875,Mouth closed
1714063141.86367,0.53173828125,0.795166015625,-0.351318359375,Mouth closed
1714063141.881682,0.53515625,0.796875,-0.353271484375,Mouth closed
1714063141.94179,0.533935546875,0.79541015625,-0.349853515625,Mouth closed
1714063141.957572,0.53369140625,0.796875,-0.350830078125,Mouth closed
1714063141.997037,0.5341796875,0.798583984375,-0.349853515625,Mouth closed
1714063142.039705,0.53857421875,0.797607421875,-0.353515625,Mouth closed
1714063142.076932,0.529296875,0.79248046875,-0.352783203125,Mouth closed
1714063142.130699,0.5322265625,0.79345703125,-0.34814453125,Mouth closed
1714063142.155145,0.537353515625,0.79638671875,-0.354248046875,Mouth closed
1714063142.210818,0.53173828125,0.796875,-0.349365234375,Mouth closed
1714063142.236043,0.532958984375,0.79638671875,-0.3486328125,Mouth closed
1714063142.277394,0.532958984375,0.79833984375,-0.347900390625,Mouth closed
1714063142.343665,0.53515625,0.79638671875,-0.349365234375,Mouth closed
1714063142.356865,0.532958984375,0.792724609375,-0.349853515625,Mouth closed
1714063142.39786,0.5341796875,0.79443359375,-0.35205078125,Mouth closed
1714063142.44157,0.53662109375,0.79443359375,-0.349853515625,Mouth closed
1714063142.482998,0.532470703125,0.79248046875,-0.350341796875,Mouth closed
1714063142.530602,0.53662109375,0.79638671875,-0.352294921875,Mouth closed
1714063142.559603,0.53369140625,0.7958984375,-0.351806640625,Mouth closed
1714063142.621729,0.53173828125,0.795166015625,-0.351318359375,Mouth closed
1714063142.638898,0.53515625,0.79296875,-0.35302734375,Mouth closed
1714063142.686841,0.534423828125,0.794921875,-0.35205078125,Mouth closed
1714063142.720303,0.5341796875,0.79541015625,-0.353515625,Mouth closed
1714063142.760452,0.534423828125,0.79638671875,-0.349365234375,Mouth closed
1714063142.810364,0.5361328125,0.796630859375,-0.34912109375,Mouth closed
1714063142.838704,0.536376953125,0.79345703125,-0.3544921875,Mouth closed
1714063142.887758,0.53955078125,0.797119140625,-0.353515625,Mouth closed
1714063142.940052,0.535400390625,0.793212890625,-0.35205078125,Mouth closed
1714063142.960637,0.535400390625,0.792724609375,-0.3505859375,Mouth closed
1714063143.020182,0.537109375,0.796630859375,-0.35107421875,Mouth open
1714063143.038602,0.5361328125,0.798095703125,-0.352783203125,Mouth open
1714063143.089207,0.532958984375,0.79541015625,-0.355712890625,Mouth open
1714063143.119608,0.53466796875,0.7958984375,-0.355224609375,Mouth open
1714063143.161827,0.53271484375,0.793212890625,-0.353759765625,Mouth open
1714063143.206451,0.534423828125,0.7939453125,-0.353515625,Mouth open
1714063143.240037,0.5341796875,0.7919921875,-0.3564453125,Mouth open
1714063143.291725,0.532470703125,0.793701171875,-0.355712890625,Mouth open
1714063143.34197,0.530517578125,0.79443359375,-0.35498046875,Mouth open
1714063143.36038,0.5322265625,0.79638671875,-0.353271484375,Mouth open
1714063143.420503,0.535888671875,0.799560546875,-0.3525390625,Mouth open
1714063143.439044,0.5361328125,0.79541015625,-0.3515625,Mouth open
1714063143.482857,0.53369140625,0.794189453125,-0.35400390625,Mouth open
1714063143.518826,0.531494140625,0.7919921875,-0.351806640625,Mouth open
1714063143.559776,0.532470703125,0.789794921875,-0.357421875,Mouth open
1714063143.609339,0.533935546875,0.791748046875,-0.356689453125,Mouth open
1714063143.638806,0.532958984375,0.7958984375,-0.355712890625,Mouth open
1714063143.691405,0.535888671875,0.794677734375,-0.34912109375,Mouth open
1714063143.744261,0.536376953125,0.797119140625,-0.352783203125,Mouth open
1714063143.760618,0.53125,0.794189453125,-0.35009765625,Mouth open
1714063143.822305,0.52783203125,0.795654296875,-0.352783203125,Mouth open
1714063143.84191,0.535400390625,0.797119140625,-0.3505859375,Mouth open
1714063143.892785,0.532958984375,0.793701171875,-0.35009765625,Mouth open
1714063143.92055,0.533935546875,0.794189453125,-0.352783203125,Mouth open
1714063143.963224,0.532958984375,0.794921875,-0.3505859375,Mouth open
1714063144.014098,0.53564453125,0.79541015625,-0.35302734375,Mouth open
1714063144.043989,0.532470703125,0.796630859375,-0.349365234375,Mouth open
1714063144.092983,0.534912109375,0.791748046875,-0.350341796875,Mouth open
1714063144.145328,0.53515625,0.792724609375,-0.3515625,Mouth open
1714063144.162175,0.533203125,0.795654296875,-0.349853515625,Mouth open
1714063144.226317,0.5341796875,0.79736328125,-0.35205078125,Mouth open
1714063144.239431,0.5302734375,0.7958984375,-0.35302734375,Mouth open
1714063144.295983,0.53125,0.7919921875,-0.35205078125,Mouth open
1714063144.321022,0.536376953125,0.79638671875,-0.347900390625,Mouth open
1714063144.363113,0.534912109375,0.796142578125,-0.34912109375,Mouth open
1714063144.414064,0.52734375,0.793212890625,-0.363037109375,Mouth open
1714063144.444958,0.52880859375,0.7978515625,-0.412841796875,Mouth open
1714063144.497431,0.52587890625,0.771728515625,-0.35205078125,Mouth open
1714063144.522486,0.53369140625,0.770263671875,-0.372802734375,Mouth open
1714063144.56178,0.556640625,0.773681640625,-0.36474609375,Mouth open
1714063144.603642,0.568603515625,0.78271484375,-0.365234375,Mouth open
1714063144.646498,0.54736328125,0.77392578125,-0.359130859375,Mouth open
1714063144.696166,0.5341796875,0.773681640625,-0.38623046875,Mouth open
1714063144.72713,0.5322265625,0.77880859375,-0.384765625,Mouth open
1714063144.774817,0.53076171875,0.781982421875,-0.385986328125,Mouth open
1714063144.829076,0.5263671875,0.781982421875,-0.380615234375,Mouth open
1714063144.840739,0.538818359375,0.78515625,-0.37060546875,Mouth open
1714063144.907096,0.537841796875,0.78564453125,-0.369140625,Mouth open
1714063144.922827,0.535888671875,0.785400390625,-0.3720703125,Mouth open
1714063144.961923,0.53515625,0.786376953125,-0.376708984375,Mouth open
1714063145.004386,0.536865234375,0.785888671875,-0.372802734375,Mouth open
1714063145.043936,0.5322265625,0.78271484375,-0.376953125,Mouth open
1714063145.096461,0.534423828125,0.779541015625,-0.37744140625,Mouth open
1714063145.12721,0.531982421875,0.77978515625,-0.37353515625,Mouth open
1714063145.174564,0.533203125,0.782470703125,-0.374755859375,Mouth open
1714063145.230066,0.531005859375,0.78759765625,-0.37548828125,Mouth open
1714063145.246774,0.53515625,0.78662109375,-0.3798828125,Mouth open
1714063145.308812,0.528076171875,0.787109375,-0.373291015625,Mouth open
1714063145.324197,0.53369140625,0.7880859375,-0.37353515625,Mouth open
1714063145.37855,0.530029296875,0.78564453125,-0.37255859375,Mouth open
1714063145.405157,0.527587890625,0.78759765625,-0.375,Mouth open
1714063145.444617,0.530517578125,0.791259765625,-0.373046875,Mouth open
1714063145.495701,0.527587890625,0.790283203125,-0.3720703125,Mouth open
1714063145.524644,0.5283203125,0.78955078125,-0.373291015625,Mouth open
1714063145.576327,0.5322265625,0.7900390625,-0.371826171875,Mouth open
1714063145.631454,0.529052734375,0.7861328125,-0.371337890625,Mouth open
1714063145.648387,0.531982421875,0.78857421875,-0.3701171875,Mouth open
1714063145.711202,0.529541015625,0.789306640625,-0.374267578125,Mouth open
1714063145.724244,0.52734375,0.78857421875,-0.3720703125,Mouth open
1714063145.765763,0.529052734375,0.78955078125,-0.373291015625,Mouth open
1714063145.806909,0.5283203125,0.78955078125,-0.37451171875,Mouth open
1714063145.84828,0.5283203125,0.790771484375,-0.373046875,Mouth open
1714063145.899458,0.528076171875,0.78759765625,-0.37060546875,Mouth open
1714063145.928763,0.525390625,0.79443359375,-0.372802734375,Mouth open
1714063145.977542,0.52490234375,0.794189453125,-0.371337890625,Mouth open
1714063146.031926,0.52880859375,0.795166015625,-0.374755859375,Mouth open
1714063146.050135,0.524658203125,0.7919921875,-0.36865234375,Mouth open
1714063146.111202,0.528564453125,0.791748046875,-0.37060546875,Mouth open
1714063146.123537,0.527587890625,0.79150390625,-0.3671875,Mouth open
1714063146.16627,0.525634765625,0.791748046875,-0.368408203125,Mouth open
1714063146.203673,0.53076171875,0.79541015625,-0.3681640625,Mouth open
1714063146.249828,0.52880859375,0.7890625,-0.371826171875,Mouth open
1714063146.299287,0.526123046875,0.791259765625,-0.37255859375,Mouth open
1714063146.323818,0.528564453125,0.79052734375,-0.3720703125,Mouth open
1714063146.377143,0.530029296875,0.78955078125,-0.371826171875,Mouth open
1714063146.432178,0.52734375,0.789794921875,-0.37060546875,Mouth open
1714063146.448712,0.529296875,0.791748046875,-0.372802734375,Mouth open
1714063146.512583,0.526123046875,0.7861328125,-0.373779296875,Mouth open
1714063146.525975,0.524658203125,0.789306640625,-0.375732421875,Mouth open
1714063146.56601,0.530029296875,0.791259765625,-0.374267578125,Mouth open
1714063146.608258,0.52392578125,0.786865234375,-0.372314453125,Mouth open
1714063146.654464,0.52392578125,0.791259765625,-0.37158203125,Mouth open
1714063146.704025,0.524658203125,0.795166015625,-0.372314453125,Mouth open
1714063146.730994,0.52880859375,0.792724609375,-0.37451171875,Mouth open
1714063146.764678,0.52490234375,0.788818359375,-0.370361328125,Mouth open
1714063146.805241,0.524658203125,0.791015625,-0.373779296875,Mouth open
1714063146.846782,0.52880859375,0.791015625,-0.36962890625,Mouth open
1714063146.888418,0.521728515625,0.792236328125,-0.371337890625,Mouth open
1714063146.931154,0.5244140625,0.7900390625,-0.3740234375,Mouth open
1714063146.979057,0.52294921875,0.791015625,-0.373291015625,Mouth open
1714063147.007659,0.523193359375,0.796142578125,-0.374755859375,Mouth open
1714063147.058175,0.5205078125,0.791748046875,-0.371826171875,Mouth open
1714063147.112659,0.5263671875,0.792724609375,-0.373046875,Mouth open
1714063147.130186,0.522705078125,0.793212890625,-0.368896484375,Mouth open
1714063147.19093,0.527099609375,0.792724609375,-0.37255859375,Mouth open
1714063147.207197,0.52587890625,0.791015625,-0.37158203125,Mouth open
1714063147.252362,0.5263671875,0.79443359375,-0.37060546875,Mouth open
1714063147.288916,0.52734375,0.7939453125,-0.369140625,Mouth open
1714063147.328944,0.5234375,0.792724609375,-0.365966796875,Mouth open
1714063147.37897,0.52294921875,0.795654296875,-0.36962890625,Mouth open
1714063147.408686,0.5244140625,0.793701171875,-0.367919921875,Mouth open
1714063147.457691,0.529296875,0.794677734375,-0.372314453125,Mouth open
1714063147.512909,0.52294921875,0.7919921875,-0.365234375,Mouth open
1714063147.530813,0.523681640625,0.795654296875,-0.370361328125,Mouth open
1714063147.591419,0.5234375,0.794189453125,-0.36865234375,Mouth open
1714063147.607044,0.5224609375,0.796630859375,-0.36767578125,Mouth open
1714063147.646565,0.5263671875,0.79443359375,-0.369384765625,Mouth open
1714063147.686681,0.521484375,0.794189453125,-0.3701171875,Mouth open
1714063147.733326,0.522216796875,0.79443359375,-0.37109375,Mouth open
1714063147.784239,0.52294921875,0.79541015625,-0.3671875,Mouth open
1714063147.80838,0.525390625,0.794677734375,-0.367431640625,Mouth open
1714063147.865838,0.52685546875,0.793212890625,-0.365966796875,Mouth open
1714063147.889777,0.528564453125,0.798095703125,-0.367431640625,Mouth open
1714063147.92922,0.527099609375,0.794189453125,-0.365966796875,Mouth open
1714063147.969627,0.525390625,0.78955078125,-0.364501953125,Mouth open
1714063148.008985,0.530517578125,0.792724609375,-0.36767578125,Mouth open
1714063148.055135,0.52685546875,0.790283203125,-0.365234375,Mouth open
1714063148.089806,0.5263671875,0.792724609375,-0.36572265625,Mouth open
1714063148.137289,0.525146484375,0.791015625,-0.368896484375,Mouth open
1714063148.190381,0.52685546875,0.7939453125,-0.36572265625,Mouth open
1714063148.208318,0.528076171875,0.791259765625,-0.368896484375,Mouth open
1714063148.27143,0.525634765625,0.791259765625,-0.364013671875,Mouth open
1714063148.287272,0.525146484375,0.796142578125,-0.36572265625,Mouth open
1714063148.343729,0.526123046875,0.793212890625,-0.366455078125,Mouth open
1714063148.370288,0.529296875,0.795166015625,-0.363525390625,Mouth open
1714063148.411193,0.527099609375,0.790771484375,-0.3623046875,Mouth open
1714063148.461325,0.528076171875,0.791748046875,-0.36328125,Mouth open
1714063148.491876,0.525146484375,0.792724609375,-0.3642578125,Mouth open
1714063148.541995,0.526123046875,0.797119140625,-0.36572265625,Mouth open
1714063148.5951,0.524169921875,0.797119140625,-0.367431640625,Mouth open
1714063148.612916,0.524658203125,0.798828125,-0.365966796875,Mouth open
1714063148.653959,0.52587890625,0.796875,-0.3681640625,Mouth open
1714063148.697263,0.520263671875,0.79345703125,-0.3671875,Mouth open
1714063148.745815,0.521484375,0.790283203125,-0.36669921875,Mouth open
1714063148.766864,0.525390625,0.7939453125,-0.368896484375,Mouth open
1714063148.827097,0.522705078125,0.79296875,-0.369873046875,Mouth open
1714063148.846773,0.521728515625,0.79345703125,-0.3681640625,Mouth open
1714063148.895156,0.51953125,0.79638671875,-0.369384765625,Mouth open
1714063148.927787,0.52294921875,0.797607421875,-0.369384765625,Mouth open
1714063148.971994,0.521240234375,0.79150390625,-0.373291015625,Mouth open
1714063149.022199,0.5224609375,0.79248046875,-0.37060546875,Mouth open
1714063149.051421,0.524658203125,0.7919921875,-0.37060546875,Mouth open
1714063149.102304,0.524169921875,0.79345703125,-0.369873046875,Mouth open
1714063149.158053,0.5224609375,0.793701171875,-0.3662109375,Mouth open
1714063149.174413,0.52734375,0.793212890625,-0.36669921875,Mouth open
1714063149.209993,0.52294921875,0.79443359375,-0.366943359375,Mouth open
1714063149.249643,0.522705078125,0.797607421875,-0.3681640625,Mouth open
1714063149.294085,0.52197265625,0.79931640625,-0.371826171875,Mouth open
1714063149.329241,0.51806640625,0.794189453125,-0.369140625,Mouth open
1714063149.376506,0.52197265625,0.798095703125,-0.366943359375,Mouth open
1714063149.429596,0.519287109375,0.80029296875,-0.36572265625,Mouth open
1714063149.448607,0.52294921875,0.796875,-0.36865234375,Mouth open
1714063149.514591,0.523193359375,0.793212890625,-0.36669921875,Mouth open
1714063149.527708,0.5244140625,0.795654296875,-0.369873046875,Mouth open
1714063149.568234,0.526123046875,0.79541015625,-0.367919921875,Mouth open
1714063149.611991,0.52099609375,0.792724609375,-0.364990234375,Mouth open
1714063149.656488,0.525390625,0.79541015625,-0.365966796875,Mouth open
1714063149.707747,0.526123046875,0.797119140625,-0.3671875,Mouth open
1714063149.728717,0.52783203125,0.794677734375,-0.3681640625,Mouth open
1714063149.787379,0.52392578125,0.7939453125,-0.36328125,Mouth open
1714063149.810936,0.5283203125,0.79638671875,-0.3681640625,Mouth open
1714063149.850408,0.527099609375,0.79541015625,-0.362060546875,Mouth open
1714063149.890866,0.5283203125,0.7939453125,-0.36474609375,Mouth open
1714063149.9306,0.5234375,0.79541015625,-0.3681640625,Mouth open
1714063149.98211,0.525634765625,0.79443359375,-0.364501953125,Mouth open
1714063150.008695,0.523681640625,0.7958984375,-0.366943359375,Mouth open
1714063150.063678,0.525390625,0.79541015625,-0.369140625,Mouth open
1714063150.088593,0.5263671875,0.7939453125,-0.367431640625,Mouth open
1714063150.135272,0.52197265625,0.79541015625,-0.366943359375,Mouth open
1714063150.168935,0.5302734375,0.79443359375,-0.368896484375,Mouth open
1714063150.21002,0.5244140625,0.788818359375,-0.36767578125,Mouth open
1714063150.252015,0.524169921875,0.79443359375,-0.369384765625,Mouth open
1714063150.288696,0.527099609375,0.798095703125,-0.36767578125,Mouth open
1714063150.332819,0.5234375,0.79150390625,-0.365478515625,Mouth open
1714063150.383307,0.523681640625,0.793701171875,-0.3671875,Mouth open
1714063150.412589,0.5263671875,0.793212890625,-0.365234375,Mouth open
1714063150.46157,0.525390625,0.794921875,-0.37158203125,Mouth open
1714063150.516836,0.523681640625,0.791748046875,-0.364501953125,Mouth open
1714063150.533075,0.5283203125,0.793212890625,-0.368896484375,Mouth open
1714063150.594847,0.53076171875,0.790771484375,-0.366455078125,Mouth open
1714063150.610789,0.52587890625,0.792724609375,-0.36767578125,Mouth open
1714063150.650656,0.5263671875,0.79345703125,-0.3671875,Mouth open
1714063150.692331,0.524658203125,0.790771484375,-0.368896484375,Mouth open
1714063150.732097,0.52587890625,0.792236328125,-0.368408203125,Mouth open
1714063150.785624,0.526611328125,0.79345703125,-0.364990234375,Mouth open
1714063150.813095,0.525146484375,0.7939453125,-0.3671875,Mouth open
1714063150.874502,0.523193359375,0.794677734375,-0.3623046875,Mouth open
1714063150.890736,0.528564453125,0.795654296875,-0.36572265625,Mouth open
1714063150.939438,0.52587890625,0.7939453125,-0.36328125,Mouth open
1714063150.97587,0.523193359375,0.796630859375,-0.361328125,Mouth open
1714063151.018128,0.525146484375,0.797119140625,-0.366943359375,Mouth open
1714063151.072572,0.52197265625,0.79541015625,-0.36328125,Mouth open
1714063151.093137,0.524169921875,0.7939453125,-0.3623046875,Mouth open
1714063151.153286,0.522216796875,0.796875,-0.364990234375,Mouth open
1714063151.173135,0.525634765625,0.799072265625,-0.36083984375,Mouth open
1714063151.214951,0.5205078125,0.794921875,-0.36328125,Mouth open
1714063151.253635,0.521240234375,0.796875,-0.36376953125,Mouth open
1714063151.290673,0.526123046875,0.798583984375,-0.366455078125,Mouth open
1714063151.337404,0.525146484375,0.795166015625,-0.3642578125,Mouth open
1714063151.370866,0.52001953125,0.79638671875,-0.36376953125,Mouth open
1714063151.417738,0.522705078125,0.796142578125,-0.364990234375,Mouth open
1714063151.470795,0.521240234375,0.7939453125,-0.362548828125,Mouth open
1714063151.491255,0.52001953125,0.79638671875,-0.36474609375,Mouth open
1714063151.548922,0.523193359375,0.799072265625,-0.36376953125,Mouth open
1714063151.572255,0.521728515625,0.794921875,-0.364013671875,Mouth open
1714063151.61821,0.5234375,0.798095703125,-0.36376953125,Mouth open
1714063151.651922,0.52734375,0.798583984375,-0.365234375,Mouth open
1714063151.692067,0.521240234375,0.7939453125,-0.368896484375,Mouth open
1714063151.733922,0.521240234375,0.794189453125,-0.36279296875,Mouth open
1714063151.774862,0.525146484375,0.800048828125,-0.367431640625,Mouth open
1714063151.816332,0.52294921875,0.796142578125,-0.36328125,Mouth open
1714063151.865838,0.521240234375,0.7958984375,-0.3662109375,Mouth open
1714063151.909223,0.524658203125,0.7939453125,-0.365966796875,Mouth open
1714063151.960376,0.52490234375,0.79248046875,-0.36376953125,Mouth open
1714063151.972721,0.51953125,0.793701171875,-0.3642578125,Mouth open
1714063152.011889,0.521728515625,0.7958984375,-0.36669921875,Mouth open
1714063152.053361,0.5244140625,0.796875,-0.3681640625,Mouth open
1714063152.09409,0.518798828125,0.794189453125,-0.3662109375,Mouth open
1714063152.14639,0.52197265625,0.7978515625,-0.366455078125,Mouth open
1714063152.170834,0.52197265625,0.796142578125,-0.36962890625,Mouth open
1714063152.227847,0.52001953125,0.79736328125,-0.367431640625,Mouth open
1714063152.251493,0.521728515625,0.79736328125,-0.3671875,Mouth open
1714063152.297464,0.522216796875,0.79541015625,-0.36669921875,Mouth open
1714063152.360625,0.521240234375,0.79638671875,-0.364013671875,Mouth open
1714063152.372871,0.523193359375,0.797607421875,-0.364013671875,Mouth open
1714063152.425606,0.521728515625,0.796875,-0.36474609375,Mouth open
1714063152.457905,0.524658203125,0.794921875,-0.364990234375,Mouth open
1714063152.49977,0.52294921875,0.79296875,-0.3642578125,Mouth open
1714063152.547325,0.527099609375,0.796630859375,-0.36376953125,Mouth open
1714063152.576085,0.522216796875,0.796142578125,-0.366943359375,Mouth open
1714063152.628668,0.5205078125,0.796630859375,-0.366943359375,Mouth open
1714063152.652292,0.52587890625,0.796142578125,-0.364501953125,Mouth open
1714063152.70457,0.5234375,0.802001953125,-0.365234375,Mouth open
1714063152.733764,0.52392578125,0.80029296875,-0.368408203125,Mouth open
1714063152.77354,0.523193359375,0.794677734375,-0.36279296875,Mouth open
1714063152.827377,0.52197265625,0.7978515625,-0.365478515625,Mouth open
1714063152.856385,0.520263671875,0.79541015625,-0.365966796875,Mouth open
1714063152.916353,0.519775390625,0.798095703125,-0.367919921875,Mouth open
1714063152.932483,0.52392578125,0.7958984375,-0.3662109375,Mouth open
1714063152.989552,0.520751953125,0.797119140625,-0.3681640625,Mouth open
1714063153.01435,0.516845703125,0.798095703125,-0.3662109375,Mouth open
1714063153.053992,0.517822265625,0.79541015625,-0.367919921875,Mouth open
1714063153.10314,0.51806640625,0.79052734375,-0.366943359375,Mouth open
1714063153.136249,0.520263671875,0.79931640625,-0.36865234375,Mouth open
1714063153.182339,0.519775390625,0.798828125,-0.3642578125,Mouth open
1714063153.235766,0.517822265625,0.79931640625,-0.369384765625,Mouth open
1714063153.252477,0.515869140625,0.798583984375,-0.369140625,Mouth open
1714063153.316957,0.515380859375,0.798583984375,-0.36865234375,Mouth open
1714063153.332493,0.519287109375,0.800537109375,-0.365478515625,Mouth open
1714063153.385855,0.516357421875,0.800048828125,-0.367919921875,Mouth open
1714063153.413731,0.517578125,0.79833984375,-0.365478515625,Mouth open
1714063153.453152,0.518310546875,0.79833984375,-0.3681640625,Mouth open
1714063153.502425,0.5185546875,0.801513671875,-0.366455078125,Mouth open
1714063153.53284,0.51904296875,0.797607421875,-0.37109375,Mouth open
1714063153.580009,0.518798828125,0.794677734375,-0.368896484375,Mouth open
1714063153.632892,0.521484375,0.796875,-0.37158203125,Mouth open
1714063153.653907,0.51806640625,0.795166015625,-0.369384765625,Mouth open
1714063153.711531,0.52294921875,0.794677734375,-0.3720703125,Mouth open
1714063153.734299,0.5224609375,0.79345703125,-0.368896484375,Mouth open
1714063153.779922,0.520751953125,0.796142578125,-0.3681640625,Mouth open
1714063153.81367,0.517822265625,0.79541015625,-0.369140625,Mouth open
1714063153.854325,0.52099609375,0.796630859375,-0.370849609375,Mouth open
1714063153.898161,0.52099609375,0.797607421875,-0.366943359375,Mouth open
1714063153.932368,0.524658203125,0.800537109375,-0.365966796875,Mouth open
1714063153.978938,0.520263671875,0.7978515625,-0.36474609375,Mouth open
1714063154.030833,0.52197265625,0.799072265625,-0.363037109375,Mouth open
1714063154.051877,0.520751953125,0.794921875,-0.36572265625,Mouth open
1714063154.109488,0.525390625,0.798095703125,-0.367431640625,Mouth open
1714063154.132655,0.521728515625,0.79443359375,-0.3642578125,Mouth open
1714063154.177685,0.521484375,0.79345703125,-0.363037109375,Mouth open
1714063154.242056,0.5234375,0.795654296875,-0.366943359375,Mouth open
1714063154.25382,0.5244140625,0.796875,-0.36669921875,Mouth open
1714063154.296431,0.519775390625,0.794677734375,-0.36865234375,Mouth open
1714063154.333904,0.52392578125,0.796630859375,-0.369384765625,Mouth open
1714063154.381903,0.52099609375,0.793212890625,-0.368896484375,Mouth open
1714063154.431014,0.520263671875,0.793212890625,-0.369384765625,Mouth open
1714063154.45475,0.51953125,0.796142578125,-0.3720703125,Mouth open
1714063154.511815,0.521240234375,0.792236328125,-0.36962890625,Mouth open
1714063154.532641,0.519775390625,0.794921875,-0.37109375,Mouth open
1714063154.580336,0.517333984375,0.796142578125,-0.3720703125,Mouth open
1714063154.612112,0.520263671875,0.795654296875,-0.37158203125,Mouth open
1714063154.651841,0.520263671875,0.79736328125,-0.37109375,Mouth open
1714063154.699468,0.516845703125,0.799560546875,-0.367431640625,Mouth open
1714063154.732425,0.51953125,0.796142578125,-0.3720703125,Mouth open
1714063154.780746,0.52099609375,0.7919921875,-0.371337890625,Mouth open
1714063154.832725,0.5234375,0.7919921875,-0.36865234375,Mouth open
1714063154.853667,0.523193359375,0.791748046875,-0.369140625,Mouth open
1714063154.913478,0.522216796875,0.79150390625,-0.364013671875,Mouth open
1714063154.934529,0.5263671875,0.790283203125,-0.36767578125,Mouth open
1714063154.981103,0.526611328125,0.794921875,-0.367431640625,Mouth open
1714063155.01804,0.525390625,0.79541015625,-0.370361328125,Mouth open
1714063155.062342,0.5263671875,0.7939453125,-0.3681640625,Mouth open
1714063155.110442,0.5244140625,0.796875,-0.37060546875,Mouth open
1714063155.133622,0.52294921875,0.795166015625,-0.3671875,Mouth open
1714063155.192241,0.5224609375,0.793701171875,-0.367431640625,Mouth open
1714063155.212817,0.523193359375,0.796142578125,-0.36669921875,Mouth open
1714063155.259408,0.520751953125,0.795166015625,-0.366943359375,Mouth open
1714063155.292882,0.523193359375,0.79638671875,-0.36669921875,Mouth open
1714063155.332885,0.519775390625,0.79736328125,-0.369873046875,Mouth open
1714063155.377719,0.5205078125,0.79638671875,-0.3671875,Mouth open
1714063155.413293,0.5185546875,0.799560546875,-0.36474609375,Mouth open
1714063155.461665,0.52587890625,0.79931640625,-0.370361328125,Mouth open
1714063155.513768,0.518310546875,0.79638671875,-0.368408203125,Mouth open
1714063155.534546,0.520751953125,0.795166015625,-0.3671875,Mouth open
1714063155.595332,0.522705078125,0.79833984375,-0.367431640625,Mouth open
1714063155.614782,0.521728515625,0.795166015625,-0.366943359375,Mouth open
1714063155.656641,0.518798828125,0.795654296875,-0.369384765625,Mouth open
1714063155.696891,0.521728515625,0.798095703125,-0.363525390625,Mouth open
1714063155.735373,0.52197265625,0.794921875,-0.365966796875,Mouth open
1714063155.784411,0.520263671875,0.795654296875,-0.3681640625,Mouth open
1714063155.817754,0.520751953125,0.792724609375,-0.36865234375,Mouth open
1714063155.865699,0.52001953125,0.79638671875,-0.371826171875,Mouth open
1714063155.918441,0.520751953125,0.79638671875,-0.36767578125,Mouth open
1714063155.934963,0.521240234375,0.798095703125,-0.3662109375,Mouth open
1714063156.000044,0.522216796875,0.79931640625,-0.365966796875,Mouth open
1714063156.013531,0.51806640625,0.79541015625,-0.370361328125,Mouth open
1714063156.069406,0.5185546875,0.796630859375,-0.370361328125,Mouth open
1714063156.095703,0.517822265625,0.798828125,-0.3681640625,Mouth open
1714063156.138717,0.522216796875,0.799560546875,-0.367919921875,Mouth open
1714063156.188211,0.518798828125,0.8017578125,-0.364990234375,Mouth open
1714063156.216875,0.519775390625,0.79931640625,-0.36767578125,Mouth open
1714063156.270121,0.52197265625,0.794189453125,-0.3681640625,Mouth open
1714063156.322268,0.5205078125,0.7958984375,-0.363525390625,Mouth open
1714063156.338599,0.52197265625,0.795166015625,-0.3671875,Mouth open
1714063156.403816,0.521240234375,0.79541015625,-0.368896484375,Mouth open
1714063156.416103,0.517578125,0.7978515625,-0.36767578125,Mouth open
1714063156.457717,0.5205078125,0.799072265625,-0.365478515625,Mouth open
1714063156.494482,0.5234375,0.796630859375,-0.371337890625,Mouth open
1714063156.54148,0.517333984375,0.793701171875,-0.365478515625,Mouth open
1714063156.594394,0.522216796875,0.796630859375,-0.37109375,Mouth open
1714063156.616411,0.5185546875,0.796630859375,-0.3681640625,Mouth open
1714063156.677173,0.51953125,0.796142578125,-0.3701171875,Mouth open
1714063156.695739,0.519775390625,0.798583984375,-0.368408203125,Mouth open
1714063156.747185,0.518798828125,0.7958984375,-0.3671875,Mouth open
1714063156.777185,0.519775390625,0.798828125,-0.367431640625,Mouth open
1714063156.815849,0.518798828125,0.796142578125,-0.37109375,Mouth open
1714063156.864985,0.51904296875,0.798828125,-0.367431640625,Mouth open
1714063156.895377,0.521240234375,0.799560546875,-0.368408203125,Mouth open
1714063156.94675,0.5224609375,0.80029296875,-0.3671875,Mouth open
1714063156.999213,0.517822265625,0.795166015625,-0.366943359375,Mouth open
1714063157.02045,0.52001953125,0.79345703125,-0.365966796875,Mouth open
1714063157.08174,0.5205078125,0.79736328125,-0.370849609375,Mouth open
1714063157.09718,0.5205078125,0.798095703125,-0.367919921875,Mouth open
1714063157.147635,0.519287109375,0.79638671875,-0.36865234375,Mouth open
1714063157.176047,0.518310546875,0.7998046875,-0.36962890625,Mouth open
1714063157.227305,0.518310546875,0.80029296875,-0.365966796875,Mouth open
1714063157.279374,0.516845703125,0.79638671875,-0.36865234375,Mouth open
1714063157.29535,0.52099609375,0.796875,-0.3671875,Mouth open
1714063157.361137,0.524169921875,0.7978515625,-0.3671875,Mouth open
1714063157.376471,0.518310546875,0.796630859375,-0.367431640625,Mouth open
1714063157.420752,0.520263671875,0.795654296875,-0.367919921875,Mouth open
1714063157.455542,0.519287109375,0.796630859375,-0.369873046875,Mouth open
1714063157.501092,0.518798828125,0.79638671875,-0.3662109375,Mouth open
1714063157.548927,0.51953125,0.797119140625,-0.366455078125,Mouth open
1714063157.578108,0.519775390625,0.7978515625,-0.366943359375,Mouth open
1714063157.63221,0.52294921875,0.798583984375,-0.36572265625,Mouth open
1714063157.685106,0.520751953125,0.795654296875,-0.364013671875,Mouth open
1714063157.7024,0.52099609375,0.79931640625,-0.36669921875,Mouth open
1714063157.736447,0.521484375,0.792724609375,-0.3701171875,Mouth open
1714063157.77551,0.5205078125,0.7939453125,-0.36767578125,Mouth open
1714063157.8224,0.5205078125,0.79833984375,-0.36962890625,Mouth open
1714063157.85727,0.52001953125,0.795166015625,-0.365234375,Mouth open
1714063157.905669,0.521240234375,0.79833984375,-0.3642578125,Mouth open
1714063157.959114,0.52001953125,0.800048828125,-0.3671875,Mouth open
1714063157.974359,0.52294921875,0.797119140625,-0.373046875,Mouth open
1714063158.04225,0.52099609375,0.796630859375,-0.369384765625,Mouth closed
1714063158.055335,0.51904296875,0.7958984375,-0.36962890625,Mouth closed
1714063158.095788,0.52001953125,0.796630859375,-0.36865234375,Mouth closed
1714063158.138971,0.514892578125,0.795654296875,-0.373291015625,Mouth closed
1714063158.182688,0.519287109375,0.80029296875,-0.372802734375,Mouth closed
1714063158.232022,0.518310546875,0.796875,-0.371337890625,Mouth closed
1714063158.256366,0.5166015625,0.795166015625,-0.37158203125,Mouth closed
1714063158.315039,0.51806640625,0.794189453125,-0.37060546875,Mouth closed
1714063158.338915,0.51953125,0.79541015625,-0.37060546875,Mouth closed
1714063158.386718,0.52001953125,0.7998046875,-0.368896484375,Mouth closed
1714063158.415799,0.520751953125,0.7939453125,-0.367919921875,Mouth closed
1714063158.455277,0.519287109375,0.796142578125,-0.369873046875,Mouth closed
1714063158.504236,0.519287109375,0.79638671875,-0.367919921875,Mouth closed
1714063158.535598,0.521484375,0.79833984375,-0.37109375,Mouth closed
1714063158.587404,0.518798828125,0.795166015625,-0.3671875,Mouth closed
1714063158.640662,0.521484375,0.794921875,-0.3671875,Mouth closed
1714063158.656724,0.522216796875,0.801513671875,-0.36669921875,Mouth closed
1714063158.725105,0.52197265625,0.798095703125,-0.36962890625,Mouth closed
1714063158.737068,0.523193359375,0.7958984375,-0.366455078125,Mouth closed
1714063158.779532,0.51611328125,0.795166015625,-0.372314453125,Mouth closed
1714063158.817192,0.51806640625,0.7958984375,-0.37060546875,Mouth closed
1714063158.863456,0.517578125,0.79638671875,-0.36962890625,Mouth closed
1714063158.91637,0.517578125,0.798828125,-0.37060546875,Mouth closed
1714063158.93751,0.518310546875,0.7958984375,-0.3701171875,Mouth closed
1714063158.999547,0.517333984375,0.795654296875,-0.370849609375,Mouth closed
1714063159.018509,0.52001953125,0.798828125,-0.368896484375,Mouth closed
1714063159.068404,0.52001953125,0.796142578125,-0.36865234375,Mouth closed
1714063159.097282,0.517333984375,0.795166015625,-0.370849609375,Mouth closed
1714063159.141381,0.519775390625,0.79931640625,-0.37158203125,Mouth closed
1714063159.189047,0.520751953125,0.795654296875,-0.370361328125,Mouth closed
1714063159.217773,0.51904296875,0.797119140625,-0.36962890625,Mouth closed
1714063159.281824,0.521728515625,0.798095703125,-0.37109375,Mouth closed
1714063159.297653,0.517578125,0.796875,-0.370361328125,Mouth closed
1714063159.351695,0.517333984375,0.79736328125,-0.37060546875,Mouth closed
1714063159.378266,0.52294921875,0.79931640625,-0.369140625,Mouth closed
1714063159.422338,0.524169921875,0.796142578125,-0.370361328125,Mouth closed
1714063159.471625,0.520263671875,0.793212890625,-0.367919921875,Mouth closed
1714063159.502063,0.5224609375,0.792724609375,-0.37060546875,Mouth closed
1714063159.557066,0.51611328125,0.802490234375,-0.3720703125,Mouth closed
1714063159.580798,0.516845703125,0.802734375,-0.373046875,Mouth closed
1714063159.627982,0.51806640625,0.797607421875,-0.367431640625,Mouth closed
1714063159.6607,0.51123046875,0.7958984375,-0.36865234375,Mouth closed
1714063159.700842,0.509765625,0.795654296875,-0.375244140625,Mouth closed
1714063159.749061,0.536376953125,0.81005859375,-0.360595703125,Mouth closed
1714063159.781615,0.51708984375,0.8017578125,-0.36474609375,Mouth closed
1714063159.832076,0.51513671875,0.80322265625,-0.36279296875,Mouth closed
1714063159.857344,0.519775390625,0.8037109375,-0.360595703125,Mouth closed
1714063159.905407,0.5146484375,0.801513671875,-0.3603515625,Mouth closed
1714063159.938729,0.518798828125,0.79931640625,-0.35546875,Mouth closed
1714063159.978253,0.522705078125,0.803466796875,-0.359375,Mouth closed
1714063160.024226,0.516845703125,0.7998046875,-0.361328125,Mouth closed
1714063160.05932,0.519775390625,0.80029296875,-0.35693359375,Mouth closed
1714063160.107504,0.521484375,0.80322265625,-0.358154296875,Mouth closed
1714063160.15745,0.520263671875,0.8056640625,-0.357421875,Mouth closed
1714063160.180987,0.517822265625,0.8017578125,-0.361328125,Mouth closed
1714063160.235881,0.519287109375,0.802978515625,-0.362060546875,Mouth closed
1714063160.290524,0.517333984375,0.79931640625,-0.36328125,Mouth closed
1714063160.307857,0.5185546875,0.80078125,-0.360107421875,Mouth closed
1714063160.36897,0.51611328125,0.80126953125,-0.361328125,Mouth closed
1714063160.380331,0.51611328125,0.800537109375,-0.364990234375,Mouth closed
1714063160.424165,0.514404296875,0.80029296875,-0.361083984375,Mouth closed
1714063160.459691,0.512451171875,0.80029296875,-0.367919921875,Mouth closed
1714063160.50502,0.5107421875,0.802001953125,-0.369873046875,Mouth closed
1714063160.555612,0.51513671875,0.802978515625,-0.364501953125,Mouth closed
1714063160.584043,0.515625,0.805908203125,-0.36376953125,Mouth closed
1714063160.636911,0.513427734375,0.8046875,-0.36669921875,Mouth closed
1714063160.66037,0.511962890625,0.801513671875,-0.364990234375,Mouth closed
1714063160.709856,0.51220703125,0.801513671875,-0.36279296875,Mouth closed
1714063160.74327,0.513916015625,0.8046875,-0.364013671875,Mouth closed
1714063160.781403,0.513427734375,0.805419921875,-0.361572265625,Mouth closed
1714063160.827934,0.5107421875,0.804931640625,-0.36376953125,Mouth closed
1714063160.863449,0.517333984375,0.802490234375,-0.3642578125,Mouth closed
1714063160.915482,0.516357421875,0.807861328125,-0.359130859375,Mouth closed
1714063160.965834,0.515869140625,0.804931640625,-0.364013671875,Mouth closed
1714063160.983695,0.514404296875,0.80224609375,-0.361572265625,Mouth closed
1714063161.044237,0.514404296875,0.803466796875,-0.36279296875,Mouth closed
1714063161.060499,0.517822265625,0.80078125,-0.360595703125,Mouth closed
1714063161.107258,0.5166015625,0.80224609375,-0.363037109375,Mouth closed
1714063161.1424,0.514404296875,0.802490234375,-0.364501953125,Mouth closed
1714063161.181501,0.513916015625,0.801513671875,-0.368408203125,Mouth closed
1714063161.232517,0.51220703125,0.80517578125,-0.364501953125,Mouth closed
1714063161.263073,0.51416015625,0.802001953125,-0.364990234375,Mouth closed
1714063161.321304,0.512939453125,0.8046875,-0.365478515625,Mouth closed
1714063161.340673,0.51318359375,0.80078125,-0.36279296875,Mouth closed
1714063161.384723,0.515380859375,0.8046875,-0.363525390625,Mouth closed
1714063161.421289,0.51513671875,0.80029296875,-0.365478515625,Mouth closed
1714063161.462737,0.516357421875,0.803466796875,-0.365478515625,Mouth closed
1714063161.507316,0.51513671875,0.802001953125,-0.36376953125,Mouth closed
1714063161.542568,0.515380859375,0.801025390625,-0.359130859375,Mouth closed
1714063161.588607,0.51708984375,0.80224609375,-0.3583984375,Mouth closed
1714063161.640354,0.516357421875,0.807373046875,-0.3603515625,Mouth closed
1714063161.661312,0.515869140625,0.8046875,-0.367431640625,Mouth closed
1714063161.718356,0.51611328125,0.801513671875,-0.3623046875,Mouth closed
1714063161.739304,0.515625,0.802734375,-0.36376953125,Mouth closed
1714063161.789107,0.51611328125,0.801513671875,-0.3603515625,Mouth closed
1714063161.819341,0.5146484375,0.797607421875,-0.3642578125,Mouth closed
1714063161.860263,0.514404296875,0.802978515625,-0.364990234375,Mouth closed
1714063161.905522,0.514892578125,0.80078125,-0.365478515625,Mouth closed
1714063161.940356,0.51171875,0.8017578125,-0.3662109375,Mouth closed
1714063161.986987,0.5126953125,0.801025390625,-0.36669921875,Mouth closed
1714063162.040111,0.51611328125,0.805419921875,-0.36376953125,Mouth closed
1714063162.061526,0.515625,0.8076171875,-0.366455078125,Mouth closed
1714063162.119665,0.515380859375,0.7998046875,-0.364013671875,Mouth closed
1714063162.142484,0.51318359375,0.80126953125,-0.36328125,Mouth closed
1714063162.189467,0.519287109375,0.805908203125,-0.36474609375,Mouth closed
1714063162.223053,0.51220703125,0.802001953125,-0.36474609375,Mouth closed
1714063162.263232,0.51318359375,0.8037109375,-0.36083984375,Mouth closed
1714063162.307971,0.5126953125,0.8056640625,-0.360595703125,Mouth closed
1714063162.341363,0.515869140625,0.804931640625,-0.361083984375,Mouth closed
1714063162.386276,0.512939453125,0.803955078125,-0.358642578125,Mouth closed
1714063162.441308,0.51513671875,0.802001953125,-0.3642578125,Mouth closed
1714063162.46171,0.51513671875,0.8017578125,-0.360595703125,Mouth closed
1714063162.519401,0.513916015625,0.802978515625,-0.36083984375,Mouth closed
1714063162.541343,0.513427734375,0.8037109375,-0.362060546875,Mouth closed
1714063162.583008,0.51318359375,0.8076171875,-0.362060546875,Mouth closed
1714063162.622609,0.51318359375,0.8046875,-0.3642578125,Mouth closed
1714063162.662225,0.5126953125,0.802734375,-0.36181640625,Mouth closed
1714063162.705897,0.513916015625,0.80224609375,-0.36181640625,Mouth closed
1714063162.749002,0.511962890625,0.80615234375,-0.35986328125,Mouth closed
1714063162.788796,0.516845703125,0.8046875,-0.36279296875,Mouth closed
1714063162.838763,0.517333984375,0.802734375,-0.35888671875,Mouth closed
1714063162.8669,0.516357421875,0.8046875,-0.3544921875,Mouth closed
1714063162.919152,0.5126953125,0.80517578125,-0.359130859375,Mouth closed
1714063162.943435,0.51611328125,0.80322265625,-0.35693359375,Mouth closed
1714063162.991174,0.51513671875,0.806640625,-0.36083984375,Mouth closed
1714063163.022466,0.51513671875,0.806640625,-0.35986328125,Mouth closed
1714063163.062924,0.51513671875,0.8056640625,-0.36083984375,Mouth closed
1714063163.111254,0.511962890625,0.803955078125,-0.359130859375,Mouth closed
1714063163.144908,0.51416015625,0.80224609375,-0.3603515625,Mouth closed
1714063163.192174,0.5166015625,0.8046875,-0.3603515625,Mouth closed
1714063163.246314,0.5146484375,0.80322265625,-0.360107421875,Mouth closed
1714063163.263632,0.51416015625,0.80517578125,-0.3623046875,Mouth closed
1714063163.32478,0.513916015625,0.802490234375,-0.361083984375,Mouth closed
1714063163.34473,0.51171875,0.803955078125,-0.363037109375,Mouth closed
1714063163.395859,0.515869140625,0.803955078125,-0.36083984375,Mouth closed
1714063163.427365,0.51513671875,0.8046875,-0.359619140625,Mouth closed
1714063163.472415,0.513427734375,0.805908203125,-0.359375,Mouth closed
1714063163.524023,0.519287109375,0.8076171875,-0.36328125,Mouth closed
1714063163.546452,0.51416015625,0.802490234375,-0.35888671875,Mouth closed
1714063163.601885,0.517333984375,0.802001953125,-0.35302734375,Mouth closed
1714063163.627137,0.527099609375,0.803955078125,-0.350830078125,Mouth closed
1714063163.66706,0.51953125,0.801513671875,-0.361083984375,Mouth closed
1714063163.705371,0.5126953125,0.80029296875,-0.363525390625,Mouth closed
1714063163.745426,0.51806640625,0.802734375,-0.3583984375,Mouth closed
1714063163.789436,0.525146484375,0.80859375,-0.3515625,Mouth closed
1714063163.82475,0.524169921875,0.804443359375,-0.353759765625,Mouth closed
1714063163.872917,0.5224609375,0.802001953125,-0.354248046875,Mouth closed
1714063163.922505,0.5205078125,0.80224609375,-0.36181640625,Mouth closed
1714063163.945595,0.517578125,0.798095703125,-0.356201171875,Mouth closed
1714063164.003425,0.52197265625,0.80517578125,-0.35205078125,Mouth closed
1714063164.026146,0.527099609375,0.803466796875,-0.349853515625,Mouth closed
1714063164.071761,0.521484375,0.800537109375,-0.350830078125,Mouth closed
1714063164.106136,0.522216796875,0.80322265625,-0.354248046875,Mouth closed
1714063164.146375,0.52099609375,0.80322265625,-0.35595703125,Mouth closed
1714063164.194291,0.521484375,0.804931640625,-0.352783203125,Mouth closed
1714063164.227211,0.52392578125,0.80224609375,-0.35302734375,Mouth closed
1714063164.278921,0.521240234375,0.8037109375,-0.3544921875,Mouth closed
1714063164.331223,0.51953125,0.80078125,-0.35107421875,Mouth closed
1714063164.347742,0.522705078125,0.799072265625,-0.35546875,Mouth closed
1714063164.412094,0.5234375,0.8037109375,-0.355224609375,Mouth closed
1714063164.42464,0.520263671875,0.803955078125,-0.354248046875,Mouth closed
1714063164.464863,0.522705078125,0.802490234375,-0.353759765625,Mouth closed
1714063164.508505,0.5205078125,0.80029296875,-0.35546875,Mouth closed
1714063164.549235,0.52197265625,0.805908203125,-0.35498046875,Mouth closed
1714063164.598348,0.52197265625,0.804931640625,-0.357666015625,Mouth closed
1714063164.62856,0.521240234375,0.80078125,-0.351318359375,Mouth closed
1714063164.67979,0.5224609375,0.80078125,-0.356689453125,Mouth closed
1714063164.734629,0.52197265625,0.803955078125,-0.355224609375,Mouth closed
1714063164.751743,0.52001953125,0.80322265625,-0.353515625,Mouth closed
1714063164.813133,0.524169921875,0.80615234375,-0.353515625,Mouth closed
1714063164.829186,0.52197265625,0.8046875,-0.351806640625,Mouth closed
1714063164.867477,0.5234375,0.802490234375,-0.35302734375,Mouth closed
1714063164.908865,0.51806640625,0.802490234375,-0.350341796875,Mouth closed
1714063164.948893,0.521728515625,0.803466796875,-0.34912109375,Mouth closed
1714063164.997883,0.52587890625,0.80517578125,-0.351318359375,Mouth closed
1714063165.027004,0.522705078125,0.802001953125,-0.349365234375,Mouth closed
1714063165.076066,0.52685546875,0.804443359375,-0.3515625,Mouth closed
1714063165.128225,0.523681640625,0.801513671875,-0.350830078125,Mouth closed
1714063165.145122,0.524658203125,0.802490234375,-0.34765625,Mouth closed
1714063165.208271,0.526611328125,0.8037109375,-0.35498046875,Mouth closed
1714063165.224115,0.523193359375,0.80029296875,-0.350341796875,Mouth closed
1714063165.280147,0.52392578125,0.8017578125,-0.3486328125,Mouth closed
1714063165.308481,0.524169921875,0.802490234375,-0.350341796875,Mouth closed
1714063165.348899,0.52490234375,0.802734375,-0.359375,Mouth closed
1714063165.400911,0.521484375,0.800048828125,-0.35107421875,Mouth closed
1714063165.425398,0.52294921875,0.80078125,-0.35791015625,Mouth closed
1714063165.478417,0.523193359375,0.802734375,-0.35498046875,Mouth closed
1714063165.532142,0.521728515625,0.799072265625,-0.35498046875,Mouth closed
1714063165.548926,0.523193359375,0.802734375,-0.354736328125,Mouth closed
1714063165.586176,0.52294921875,0.80078125,-0.3544921875,Mouth closed
1714063165.627153,0.51953125,0.80078125,-0.358642578125,Mouth closed
1714063165.676329,0.52099609375,0.801025390625,-0.35498046875,Mouth closed
1714063165.706624,0.523681640625,0.80322265625,-0.355712890625,Mouth closed
1714063165.757671,0.52294921875,0.803466796875,-0.351806640625,Mouth closed
1714063165.811129,0.52783203125,0.802734375,-0.35595703125,Mouth closed
1714063165.827135,0.523681640625,0.799072265625,-0.35205078125,Mouth closed
1714063165.889354,0.5263671875,0.802490234375,-0.3544921875,Mouth closed
1714063165.904496,0.52685546875,0.798828125,-0.35595703125,Mouth closed
1714063165.984375,0.52197265625,0.795654296875,-0.3505859375,Mouth closed
1714063165.984459,0.523193359375,0.79833984375,-0.3525390625,Mouth closed
1714063166.036378,0.52587890625,0.800537109375,-0.350341796875,Mouth closed
1714063166.087693,0.52734375,0.80078125,-0.357421875,Mouth closed
1714063166.105398,0.523681640625,0.80029296875,-0.34912109375,Mouth closed
1714063166.168454,0.52392578125,0.8037109375,-0.354736328125,Mouth closed
1714063166.186495,0.52392578125,0.80224609375,-0.354248046875,Mouth closed
1714063166.228,0.522705078125,0.801513671875,-0.353515625,Mouth closed
1714063166.267167,0.523681640625,0.802734375,-0.357666015625,Mouth closed
1714063166.305056,0.521728515625,0.801025390625,-0.356201171875,Mouth closed
1714063166.353252,0.517822265625,0.7998046875,-0.354736328125,Mouth closed
1714063166.387512,0.52197265625,0.803955078125,-0.35400390625,Mouth closed
1714063166.435009,0.522216796875,0.8046875,-0.35693359375,Mouth closed
1714063166.488447,0.52197265625,0.805908203125,-0.35400390625,Mouth closed
1714063166.506067,0.52294921875,0.806396484375,-0.356201171875,Mouth closed
1714063166.567833,0.52294921875,0.80126953125,-0.35400390625,Mouth closed
1714063166.587148,0.5234375,0.7998046875,-0.350830078125,Mouth closed
1714063166.633002,0.521728515625,0.803466796875,-0.356689453125,Mouth closed
1714063166.66898,0.522216796875,0.80224609375,-0.35205078125,Mouth closed
1714063166.708111,0.5205078125,0.802734375,-0.35205078125,Mouth closed
1714063166.756877,0.519775390625,0.802978515625,-0.351318359375,Mouth closed
1714063166.790678,0.523193359375,0.80419921875,-0.3564453125,Mouth closed
1714063166.838274,0.516845703125,0.802978515625,-0.349609375,Mouth closed
1714063166.890829,0.521728515625,0.802978515625,-0.354736328125,Mouth closed
1714063166.908082,0.521240234375,0.805419921875,-0.3525390625,Mouth closed
1714063166.971594,0.51708984375,0.804931640625,-0.3515625,Mouth closed
1714063166.987558,0.51904296875,0.806884765625,-0.353759765625,Mouth closed
1714063167.041623,0.51953125,0.802001953125,-0.353515625,Mouth closed
1714063167.067049,0.517333984375,0.802734375,-0.352783203125,Mouth closed
1714063167.108752,0.5205078125,0.803955078125,-0.35546875,Mouth closed
1714063167.15989,0.522705078125,0.8037109375,-0.351318359375,Mouth closed
1714063167.189244,0.52001953125,0.8037109375,-0.3505859375,Mouth closed
1714063167.238095,0.525634765625,0.807373046875,-0.355712890625,Mouth closed
1714063167.29422,0.521484375,0.802001953125,-0.3544921875,Mouth closed
1714063167.310389,0.521728515625,0.80224609375,-0.35009765625,Mouth closed
1714063167.372735,0.52490234375,0.801025390625,-0.3544921875,Mouth closed
1714063167.389114,0.5224609375,0.80224609375,-0.35302734375,Mouth closed
1714063167.429231,0.52099609375,0.80029296875,-0.35205078125,Mouth closed
1714063167.471864,0.518798828125,0.80224609375,-0.352783203125,Mouth closed
1714063167.512922,0.522216796875,0.80419921875,-0.352294921875,Mouth closed
1714063167.564139,0.517822265625,0.8017578125,-0.34912109375,Mouth closed
1714063167.592348,0.521240234375,0.80419921875,-0.354248046875,Mouth closed
1714063167.656446,0.521484375,0.802490234375,-0.355712890625,Mouth closed
1714063167.667819,0.519287109375,0.80224609375,-0.353759765625,Mouth closed
1714063167.712214,0.521240234375,0.80615234375,-0.35546875,Mouth closed
1714063167.748373,0.520751953125,0.802978515625,-0.35205078125,Mouth closed
1714063167.796015,0.520751953125,0.803466796875,-0.352783203125,Mouth closed
1714063167.845883,0.520263671875,0.805419921875,-0.35400390625,Mouth closed
1714063167.869222,0.522216796875,0.803955078125,-0.352783203125,Mouth closed
1714063167.926648,0.5205078125,0.80322265625,-0.3525390625,Mouth closed
1714063167.95071,0.5244140625,0.80615234375,-0.35888671875,Mouth closed
1714063167.99607,0.521240234375,0.798828125,-0.3544921875,Mouth closed
1714063168.031795,0.5205078125,0.801513671875,-0.353759765625,Mouth closed
1714063168.070401,0.5224609375,0.804931640625,-0.35693359375,Mouth closed
1714063168.1168,0.5185546875,0.803955078125,-0.353759765625,Mouth closed
1714063168.151159,0.517822265625,0.8046875,-0.357421875,Mouth closed
1714063168.199672,0.515380859375,0.80419921875,-0.357421875,Mouth closed
1714063168.249683,0.51953125,0.802734375,-0.355712890625,Mouth closed
1714063168.271367,0.515869140625,0.801513671875,-0.357666015625,Mouth closed
1714063168.330018,0.516357421875,0.80322265625,-0.35888671875,Mouth closed
1714063168.349526,0.51708984375,0.802001953125,-0.35888671875,Mouth closed
1714063168.393738,0.517578125,0.80224609375,-0.357177734375,Mouth closed
1714063168.431291,0.51953125,0.8037109375,-0.356201171875,Mouth closed
1714063168.471452,0.519287109375,0.80419921875,-0.354736328125,Mouth closed
1714063168.516337,0.516845703125,0.80517578125,-0.357177734375,Mouth closed
1714063168.550853,0.51953125,0.802490234375,-0.358642578125,Mouth closed
1714063168.597586,0.52099609375,0.8037109375,-0.353271484375,Mouth closed
1714063168.652809,0.519287109375,0.801513671875,-0.35693359375,Mouth closed
1714063168.671549,0.518310546875,0.803955078125,-0.354736328125,Mouth closed
1714063168.732681,0.521240234375,0.802734375,-0.35205078125,Mouth closed
1714063168.753257,0.519775390625,0.798583984375,-0.353271484375,Mouth closed
1714063168.802349,0.521728515625,0.802978515625,-0.35791015625,Mouth closed
1714063168.834425,0.519775390625,0.802734375,-0.3544921875,Mouth closed
1714063168.871797,0.52001953125,0.8046875,-0.3525390625,Mouth closed
1714063168.921652,0.52197265625,0.802978515625,-0.35302734375,Mouth closed
1714063168.950654,0.521728515625,0.8046875,-0.353515625,Mouth closed
1714063169.002978,0.51806640625,0.80126953125,-0.35546875,Mouth closed
1714063169.056166,0.517822265625,0.802001953125,-0.358154296875,Mouth closed
1714063169.072041,0.520751953125,0.802978515625,-0.355712890625,Mouth closed
1714063169.136805,0.52001953125,0.801025390625,-0.35693359375,Mouth closed
1714063169.150983,0.520263671875,0.802001953125,-0.353271484375,Mouth closed
1714063169.192028,0.518798828125,0.8037109375,-0.3544921875,Mouth closed
1714063169.235253,0.519775390625,0.8046875,-0.356689453125,Mouth closed
1714063169.277185,0.516357421875,0.80126953125,-0.35986328125,Mouth closed
1714063169.326623,0.518310546875,0.80224609375,-0.355224609375,Mouth closed
1714063169.356076,0.520751953125,0.800048828125,-0.3544921875,Mouth closed
1714063169.408386,0.51953125,0.803466796875,-0.353759765625,Mouth closed
1714063169.432111,0.523681640625,0.800048828125,-0.361328125,Mouth closed
1714063169.478363,0.51904296875,0.800537109375,-0.359619140625,Mouth closed
1714063169.521141,0.52099609375,0.804931640625,-0.35693359375,Mouth closed
1714063169.557921,0.520263671875,0.80126953125,-0.359375,Mouth closed
1714063169.612141,0.515869140625,0.80029296875,-0.352294921875,Mouth closed
1714063169.630156,0.51953125,0.8017578125,-0.35888671875,Mouth closed
1714063169.696058,0.51904296875,0.804931640625,-0.3564453125,Mouth closed
1714063169.71037,0.52294921875,0.803955078125,-0.360107421875,Mouth closed
1714063169.750842,0.5185546875,0.801513671875,-0.35498046875,Mouth closed
1714063169.793707,0.52099609375,0.8037109375,-0.359130859375,Mouth closed
1714063169.836728,0.519287109375,0.802734375,-0.3564453125,Mouth closed
1714063169.886726,0.516845703125,0.80419921875,-0.35888671875,Mouth closed
1714063169.916659,0.519287109375,0.804443359375,-0.357177734375,Mouth closed
1714063169.969228,0.516845703125,0.803955078125,-0.35791015625,Mouth closed
1714063169.992684,0.517578125,0.802001953125,-0.359619140625,Mouth closed
1714063170.037378,0.51513671875,0.804443359375,-0.360595703125,Mouth closed
1714063170.099981,0.519775390625,0.802978515625,-0.35595703125,Mouth closed
1714063170.114573,0.52392578125,0.80419921875,-0.353271484375,Mouth closed
1714063170.152425,0.521484375,0.8046875,-0.35400390625,Mouth closed
1714063170.194862,0.51953125,0.800537109375,-0.355712890625,Mouth closed
1714063170.234799,0.52099609375,0.79833984375,-0.356201171875,Mouth closed
1714063170.284138,0.52197265625,0.803955078125,-0.351318359375,Mouth closed
1714063170.313879,0.519287109375,0.803466796875,-0.354248046875,Mouth closed
1714063170.362383,0.519287109375,0.80029296875,-0.3564453125,Mouth closed
1714063170.416979,0.51904296875,0.80029296875,-0.35205078125,Mouth closed
1714063170.433019,0.52294921875,0.80517578125,-0.352294921875,Mouth closed
1714063170.495004,0.5283203125,0.804931640625,-0.357177734375,Mouth closed
1714063170.511065,0.522216796875,0.802490234375,-0.350830078125,Mouth closed
1714063170.556546,0.5224609375,0.80224609375,-0.35498046875,Mouth closed
1714063170.592233,0.5205078125,0.802490234375,-0.35400390625,Mouth closed
1714063170.634962,0.51806640625,0.800048828125,-0.35546875,Mouth closed
1714063170.688235,0.51904296875,0.802490234375,-0.355712890625,Mouth closed
1714063170.712088,0.51611328125,0.803466796875,-0.355712890625,Mouth closed
1714063170.767728,0.5185546875,0.805908203125,-0.354248046875,Mouth closed
1714063170.792127,0.517333984375,0.806884765625,-0.35693359375,Mouth closed
1714063170.83266,0.517578125,0.8037109375,-0.356201171875,Mouth closed
1714063170.872088,0.5185546875,0.802490234375,-0.3544921875,Mouth closed
1714063170.9099,0.52099609375,0.805908203125,-0.3544921875,Mouth closed
1714063170.961348,0.5205078125,0.80615234375,-0.357666015625,Mouth closed
1714063170.991937,0.5185546875,0.799560546875,-0.353271484375,Mouth closed
1714063171.039335,0.51904296875,0.80322265625,-0.35107421875,Mouth closed
1714063171.091889,0.522705078125,0.802734375,-0.35693359375,Mouth closed
1714063171.112753,0.5224609375,0.802978515625,-0.356201171875,Mouth closed
1714063171.170891,0.520751953125,0.80517578125,-0.3505859375,Mouth closed
1714063171.191968,0.520751953125,0.804443359375,-0.35302734375,Mouth closed
1714063171.24465,0.520263671875,0.802001953125,-0.35205078125,Mouth closed
1714063171.273812,0.517578125,0.806640625,-0.35498046875,Mouth closed
1714063171.314042,0.51953125,0.802734375,-0.356201171875,Mouth closed
1714063171.359935,0.52001953125,0.806396484375,-0.35693359375,Mouth closed
1714063171.393307,0.5205078125,0.804931640625,-0.355712890625,Mouth closed
1714063171.438323,0.520263671875,0.80322265625,-0.355224609375,Mouth closed
1714063171.49064,0.517578125,0.80322265625,-0.357177734375,Mouth closed
1714063171.511242,0.51611328125,0.802978515625,-0.35546875,Mouth closed
1714063171.569905,0.516357421875,0.806884765625,-0.356689453125,Mouth closed
1714063171.590332,0.519775390625,0.801025390625,-0.355224609375,Mouth closed
1714063171.631743,0.52001953125,0.80078125,-0.353759765625,Mouth closed
1714063171.676082,0.5224609375,0.803466796875,-0.352783203125,Mouth closed
1714063171.718471,0.526123046875,0.800048828125,-0.35009765625,Mouth closed
1714063171.769542,0.523681640625,0.80615234375,-0.356689453125,Mouth closed
1714063171.792305,0.518798828125,0.80126953125,-0.3544921875,Mouth closed
1714063171.846655,0.522216796875,0.80029296875,-0.349853515625,Mouth closed
1714063171.898802,0.522216796875,0.80322265625,-0.35498046875,Mouth closed
1714063171.915065,0.52099609375,0.80322265625,-0.352783203125,Mouth closed
1714063171.980408,0.52099609375,0.80419921875,-0.3515625,Mouth closed
1714063171.994087,0.518798828125,0.804931640625,-0.353515625,Mouth closed
1714063172.033984,0.520263671875,0.8046875,-0.35400390625,Mouth closed
1714063172.076065,0.519287109375,0.802490234375,-0.353271484375,Mouth closed
1714063172.115007,0.523681640625,0.802001953125,-0.35595703125,Mouth closed
1714063172.164052,0.521728515625,0.8037109375,-0.357421875,Mouth closed
1714063172.194546,0.519775390625,0.799560546875,-0.35498046875,Mouth closed
1714063172.244472,0.518310546875,0.8017578125,-0.35791015625,Mouth closed
1714063172.296678,0.5205078125,0.802490234375,-0.358642578125,Mouth closed
1714063172.312995,0.516845703125,0.805419921875,-0.354248046875,Mouth closed
1714063172.376363,0.5205078125,0.8037109375,-0.358154296875,Mouth closed
1714063172.391641,0.517578125,0.804443359375,-0.3583984375,Mouth closed
1714063172.436137,0.51611328125,0.803955078125,-0.353759765625,Mouth closed
1714063172.472983,0.51953125,0.803955078125,-0.354736328125,Mouth closed
1714063172.513213,0.518310546875,0.80224609375,-0.352783203125,Mouth closed
1714063172.561803,0.52294921875,0.807861328125,-0.359375,Mouth closed
1714063172.592597,0.518310546875,0.803955078125,-0.356689453125,Mouth closed
1714063172.644377,0.519775390625,0.801513671875,-0.351806640625,Mouth closed
1714063172.696332,0.521728515625,0.8037109375,-0.355712890625,Mouth closed
1714063172.712579,0.523193359375,0.8037109375,-0.350830078125,Mouth closed
1714063172.777336,0.52294921875,0.802734375,-0.352294921875,Mouth closed
1714063172.790888,0.52392578125,0.804443359375,-0.35205078125,Mouth closed
1714063172.829838,0.522216796875,0.801025390625,-0.3583984375,Mouth closed
1714063172.870658,0.516845703125,0.80126953125,-0.3525390625,Mouth closed
1714063172.913736,0.521240234375,0.801025390625,-0.35693359375,Mouth closed
1714063172.962827,0.522216796875,0.80322265625,-0.354736328125,Mouth closed
1714063172.992798,0.519287109375,0.8017578125,-0.354736328125,Mouth closed
1714063173.050649,0.521728515625,0.8017578125,-0.35400390625,Mouth open
1714063173.073121,0.51904296875,0.802490234375,-0.35400390625,Mouth open
1714063173.113133,0.516845703125,0.80615234375,-0.35498046875,Mouth open
1714063173.15111,0.519775390625,0.802978515625,-0.356689453125,Mouth open
1714063173.192683,0.520751953125,0.80419921875,-0.35498046875,Mouth open
1714063173.236857,0.520263671875,0.801513671875,-0.356689453125,Mouth open
1714063173.272059,0.52099609375,0.802734375,-0.354248046875,Mouth open
1714063173.319277,0.517578125,0.798828125,-0.353759765625,Mouth open
1714063173.370364,0.52197265625,0.800048828125,-0.356201171875,Mouth open
1714063173.390984,0.5244140625,0.802978515625,-0.357666015625,Mouth open
1714063173.449013,0.51953125,0.800048828125,-0.35595703125,Mouth open
1714063173.470325,0.521240234375,0.801025390625,-0.35205078125,Mouth open
1714063173.51885,0.521240234375,0.80224609375,-0.355712890625,Mouth open
1714063173.551921,0.524169921875,0.805419921875,-0.354736328125,Mouth open
1714063173.592146,0.516357421875,0.802490234375,-0.355224609375,Mouth open
1714063173.640347,0.520263671875,0.800537109375,-0.360107421875,Mouth open
1714063173.673711,0.518798828125,0.79931640625,-0.357666015625,Mouth open
1714063173.721685,0.519287109375,0.8017578125,-0.358154296875,Mouth open
1714063173.776043,0.52001953125,0.80224609375,-0.3603515625,Mouth open
1714063173.793524,0.520751953125,0.802001953125,-0.357421875,Mouth open
1714063173.832848,0.515380859375,0.802978515625,-0.357666015625,Mouth open
1714063173.873857,0.518798828125,0.80029296875,-0.359375,Mouth open
1714063173.922801,0.51904296875,0.8037109375,-0.357421875,Mouth open
1714063173.955213,0.51806640625,0.8017578125,-0.35693359375,Mouth open
1714063174.00334,0.522705078125,0.8046875,-0.36083984375,Mouth open
1714063174.058745,0.51904296875,0.80224609375,-0.3583984375,Mouth open
1714063174.074252,0.51953125,0.80078125,-0.354736328125,Mouth open
1714063174.138977,0.5185546875,0.802490234375,-0.355712890625,Mouth open
1714063174.151185,0.51806640625,0.802001953125,-0.35400390625,Mouth open
1714063174.192021,0.5185546875,0.804931640625,-0.354736328125,Mouth open
1714063174.235448,0.519775390625,0.805419921875,-0.35498046875,Mouth open
1714063174.278078,0.51708984375,0.80419921875,-0.356689453125,Mouth open
1714063174.327519,0.5166015625,0.804443359375,-0.352294921875,Mouth open
1714063174.358556,0.520263671875,0.807373046875,-0.3544921875,Mouth open
1714063174.408394,0.522705078125,0.80322265625,-0.35693359375,Mouth open
1714063174.460588,0.517822265625,0.804443359375,-0.352294921875,Mouth open
1714063174.476637,0.516845703125,0.803955078125,-0.353759765625,Mouth open
1714063174.542693,0.518310546875,0.80517578125,-0.351806640625,Mouth open
1714063174.555107,0.51708984375,0.80712890625,-0.356201171875,Mouth open
1714063174.595339,0.517578125,0.803466796875,-0.355224609375,Mouth open
1714063174.637794,0.52099609375,0.804931640625,-0.355712890625,Mouth open
1714063174.680278,0.517578125,0.80419921875,-0.353759765625,Mouth open
1714063174.729446,0.52197265625,0.80712890625,-0.35791015625,Mouth open
1714063174.753325,0.5185546875,0.804931640625,-0.35595703125,Mouth open
1714063174.811256,0.515380859375,0.800048828125,-0.35302734375,Mouth open
1714063174.833908,0.49755859375,0.80419921875,-0.378173828125,Mouth open
1714063174.880354,0.51171875,0.804931640625,-0.376708984375,Mouth open
1714063174.913204,0.53271484375,0.78759765625,-0.35546875,Mouth open
1714063174.954485,0.538330078125,0.795654296875,-0.361083984375,Mouth open
1714063174.998318,0.536376953125,0.78857421875,-0.359375,Mouth open
1714063175.034146,0.530517578125,0.78271484375,-0.37451171875,Mouth open
1714063175.080983,0.539306640625,0.78515625,-0.372314453125,Mouth open
1714063175.131733,0.52978515625,0.788818359375,-0.378173828125,Mouth open
1714063175.155689,0.5224609375,0.787841796875,-0.378173828125,Mouth open
1714063175.210319,0.523193359375,0.7900390625,-0.379150390625,Mouth open
1714063175.265319,0.52197265625,0.789306640625,-0.372802734375,Mouth open
1714063175.277442,0.527099609375,0.78955078125,-0.369384765625,Mouth open
1714063175.31531,0.523681640625,0.79541015625,-0.375732421875,Mouth open
1714063175.355015,0.522216796875,0.79443359375,-0.375732421875,Mouth open
1714063175.403068,0.51708984375,0.79150390625,-0.37109375,Mouth open
1714063175.433206,0.524169921875,0.793212890625,-0.379638671875,Mouth open
1714063175.480828,0.516845703125,0.791259765625,-0.376953125,Mouth open
1714063175.536858,0.519287109375,0.793701171875,-0.371826171875,Mouth open
1714063175.554138,0.51171875,0.791748046875,-0.38623046875,Mouth open
1714063175.616585,0.52197265625,0.794677734375,-0.365234375,Mouth open
1714063175.634774,0.52392578125,0.795166015625,-0.3701171875,Mouth open
1714063175.687888,0.52490234375,0.796630859375,-0.3701171875,Mouth open
1714063175.718171,0.527587890625,0.79541015625,-0.3701171875,Mouth open
1714063175.756317,0.5224609375,0.794677734375,-0.364013671875,Mouth open
1714063175.806037,0.5205078125,0.793212890625,-0.369384765625,Mouth open
1714063175.835859,0.524169921875,0.79248046875,-0.365966796875,Mouth open
1714063175.883259,0.5224609375,0.795166015625,-0.367919921875,Mouth open
1714063175.935848,0.5234375,0.79638671875,-0.36279296875,Mouth open
1714063175.964179,0.528564453125,0.798583984375,-0.35986328125,Mouth open
1714063175.99606,0.52685546875,0.799560546875,-0.363037109375,Mouth open
1714063176.035733,0.521484375,0.80029296875,-0.35986328125,Mouth open
1714063176.07886,0.520751953125,0.80126953125,-0.36328125,Mouth open
1714063176.114818,0.5205078125,0.7958984375,-0.362548828125,Mouth open
1714063176.163081,0.52978515625,0.797607421875,-0.364501953125,Mouth open
1714063176.21237,0.52490234375,0.7939453125,-0.360107421875,Mouth open
1714063176.235654,0.52294921875,0.794189453125,-0.36181640625,Mouth open
1714063176.29261,0.52197265625,0.799072265625,-0.3671875,Mouth open
1714063176.315879,0.51708984375,0.79931640625,-0.36669921875,Mouth open
1714063176.356762,0.51513671875,0.802001953125,-0.365966796875,Mouth open
1714063176.39578,0.516845703125,0.800048828125,-0.36865234375,Mouth open
1714063176.436243,0.517333984375,0.79931640625,-0.367431640625,Mouth open
1714063176.483192,0.513427734375,0.797607421875,-0.365478515625,Mouth open
1714063176.519448,0.51611328125,0.7998046875,-0.369140625,Mouth open
1714063176.577783,0.51708984375,0.79833984375,-0.363525390625,Mouth open
1714063176.599482,0.5234375,0.79443359375,-0.365478515625,Mouth open
1714063176.651773,0.517822265625,0.795166015625,-0.367431640625,Mouth open
1714063176.677709,0.518798828125,0.796630859375,-0.37060546875,Mouth open
1714063176.717459,0.51708984375,0.7958984375,-0.370361328125,Mouth open
1714063176.76924,0.5185546875,0.79931640625,-0.366943359375,Mouth open
1714063176.798382,0.5205078125,0.799560546875,-0.36669921875,Mouth open
1714063176.846933,0.51953125,0.796630859375,-0.367919921875,Mouth open
1714063176.903162,0.523193359375,0.794189453125,-0.37255859375,Mouth open
1714063176.919185,0.517578125,0.791748046875,-0.368896484375,Mouth open
1714063176.980858,0.5224609375,0.797607421875,-0.367431640625,Mouth open
1714063176.996937,0.521484375,0.798095703125,-0.367919921875,Mouth open
1714063177.051525,0.5185546875,0.798583984375,-0.3642578125,Mouth open
1714063177.079872,0.518798828125,0.798828125,-0.36181640625,Mouth open
1714063177.117862,0.520751953125,0.80126953125,-0.363037109375,Mouth open
1714063177.169691,0.5205078125,0.800048828125,-0.37255859375,Mouth open
1714063177.197945,0.5205078125,0.796630859375,-0.36279296875,Mouth open
1714063177.247399,0.5244140625,0.797119140625,-0.36767578125,Mouth open
1714063177.302592,0.52099609375,0.797119140625,-0.363525390625,Mouth open
1714063177.318546,0.52197265625,0.7958984375,-0.36767578125,Mouth open
1714063177.382378,0.52099609375,0.796875,-0.369140625,Mouth open
1714063177.396702,0.519775390625,0.79638671875,-0.369384765625,Mouth open
1714063177.439844,0.51513671875,0.7978515625,-0.366455078125,Mouth open
1714063177.47713,0.519775390625,0.7978515625,-0.368408203125,Mouth open
1714063177.525336,0.51953125,0.7978515625,-0.369873046875,Mouth open
1714063177.585048,0.518310546875,0.7998046875,-0.36865234375,Mouth open
1714063177.602222,0.517333984375,0.796630859375,-0.3662109375,Mouth open
1714063177.638633,0.5185546875,0.795166015625,-0.367431640625,Mouth open
1714063177.676705,0.519775390625,0.7978515625,-0.371826171875,Mouth open
1714063177.732438,0.51806640625,0.7958984375,-0.369140625,Mouth open
1714063177.757753,0.518310546875,0.79638671875,-0.364990234375,Mouth open
1714063177.824417,0.52099609375,0.796875,-0.366943359375,Mouth open
1714063177.839037,0.518310546875,0.800048828125,-0.362548828125,Mouth open
1714063177.889341,0.51806640625,0.79833984375,-0.367919921875,Mouth open
1714063177.920797,0.518798828125,0.798583984375,-0.36474609375,Mouth open
1714063177.964113,0.51953125,0.801025390625,-0.367431640625,Mouth open
1714063178.01215,0.516845703125,0.796875,-0.36669921875,Mouth open
1714063178.04067,0.515380859375,0.799560546875,-0.365234375,Mouth open
1714063178.102435,0.517578125,0.798583984375,-0.367919921875,Mouth open
1714063178.118319,0.513671875,0.802490234375,-0.36669921875,Mouth open
1714063178.172666,0.51513671875,0.7998046875,-0.36865234375,Mouth open
1714063178.199206,0.519287109375,0.797607421875,-0.367919921875,Mouth open
1714063178.245814,0.51953125,0.796142578125,-0.366455078125,Mouth open
1714063178.299252,0.520751953125,0.8017578125,-0.368408203125,Mouth open
1714063178.320638,0.51806640625,0.800537109375,-0.362060546875,Mouth open
1714063178.378657,0.516357421875,0.795654296875,-0.366455078125,Mouth open
1714063178.400783,0.517822265625,0.7998046875,-0.36376953125,Mouth open
1714063178.442449,0.51806640625,0.800048828125,-0.362548828125,Mouth open
1714063178.482749,0.51953125,0.80029296875,-0.361083984375,Mouth open
1714063178.520892,0.51904296875,0.800048828125,-0.361083984375,Mouth open
1714063178.575205,0.522705078125,0.800048828125,-0.361083984375,Mouth open
1714063178.605076,0.521484375,0.799072265625,-0.364990234375,Mouth open
1714063178.658715,0.520751953125,0.797607421875,-0.365234375,Mouth open
1714063178.68004,0.519775390625,0.80078125,-0.364501953125,Mouth open
1714063178.724267,0.521240234375,0.80078125,-0.36279296875,Mouth open
1714063178.760289,0.51953125,0.795654296875,-0.36474609375,Mouth open
1714063178.800688,0.52001953125,0.798828125,-0.367919921875,Mouth open
1714063178.848607,0.517822265625,0.79638671875,-0.3642578125,Mouth open
1714063178.880049,0.517822265625,0.799560546875,-0.36669921875,Mouth open
1714063178.931432,0.517333984375,0.796875,-0.365478515625,Mouth open
1714063178.984366,0.51904296875,0.80029296875,-0.364501953125,Mouth open
1714063179.000442,0.515380859375,0.80029296875,-0.36083984375,Mouth open
1714063179.065696,0.5205078125,0.80615234375,-0.365966796875,Mouth open
1714063179.081811,0.519287109375,0.80029296875,-0.36572265625,Mouth open
1714063179.134677,0.517578125,0.8017578125,-0.3603515625,Mouth open
1714063179.161883,0.520263671875,0.802490234375,-0.36181640625,Mouth open
1714063179.204685,0.517822265625,0.798583984375,-0.361083984375,Mouth open
1714063179.254751,0.515380859375,0.802001953125,-0.362548828125,Mouth open
1714063179.285068,0.51904296875,0.80419921875,-0.363037109375,Mouth open
1714063179.336472,0.51953125,0.7998046875,-0.36279296875,Mouth open
1714063179.360897,0.517578125,0.7978515625,-0.362060546875,Mouth open
1714063179.406316,0.521240234375,0.799072265625,-0.36474609375,Mouth open
1714063179.440522,0.518310546875,0.7998046875,-0.364013671875,Mouth open
1714063179.48064,0.516357421875,0.798583984375,-0.3662109375,Mouth open
1714063179.527864,0.516845703125,0.798583984375,-0.36376953125,Mouth open
1714063179.562501,0.51611328125,0.800537109375,-0.36376953125,Mouth open
1714063179.608593,0.514892578125,0.80029296875,-0.364990234375,Mouth open
1714063179.665036,0.51513671875,0.799072265625,-0.36376953125,Mouth open
1714063179.682947,0.51416015625,0.800537109375,-0.36376953125,Mouth open
1714063179.74627,0.517333984375,0.800537109375,-0.36328125,Mouth open
1714063179.762139,0.51611328125,0.80078125,-0.36279296875,Mouth open
1714063179.817755,0.519775390625,0.80419921875,-0.364501953125,Mouth open
1714063179.847141,0.516845703125,0.79931640625,-0.365234375,Mouth open
1714063179.886369,0.5166015625,0.798583984375,-0.362548828125,Mouth open
1714063179.936913,0.517578125,0.802001953125,-0.3671875,Mouth open
1714063179.962281,0.51708984375,0.802490234375,-0.36376953125,Mouth open
1714063180.030306,0.514404296875,0.80322265625,-0.36376953125,Mouth open
1714063180.041912,0.5146484375,0.80322265625,-0.364501953125,Mouth open
1714063180.089818,0.517822265625,0.80224609375,-0.370361328125,Mouth open
1714063180.122659,0.5126953125,0.802001953125,-0.360107421875,Mouth open
1714063180.197873,0.5146484375,0.802734375,-0.3681640625,Mouth open
1714063180.201738,0.5146484375,0.7998046875,-0.364013671875,Mouth open
1714063180.262993,0.513427734375,0.801025390625,-0.3642578125,Mouth open
1714063180.285007,0.512451171875,0.80224609375,-0.3662109375,Mouth open
1714063180.356431,0.5126953125,0.802734375,-0.36767578125,Mouth open
1714063180.362889,0.512939453125,0.802490234375,-0.36474609375,Mouth open
1714063180.413883,0.511474609375,0.80322265625,-0.366943359375,Mouth open
1714063180.443765,0.515625,0.802001953125,-0.362060546875,Mouth open
1714063180.496125,0.515625,0.7998046875,-0.3642578125,Mouth open
1714063180.545283,0.512939453125,0.8037109375,-0.360107421875,Mouth open
1714063180.565646,0.516357421875,0.802490234375,-0.361572265625,Mouth open
1714063180.624114,0.51806640625,0.79736328125,-0.3662109375,Mouth open
1714063180.643168,0.517333984375,0.8037109375,-0.364501953125,Mouth open
1714063180.687599,0.514892578125,0.801513671875,-0.365234375,Mouth open
1714063180.722814,0.515625,0.801025390625,-0.362548828125,Mouth open
1714063180.763462,0.515869140625,0.802734375,-0.36328125,Mouth open
1714063180.815214,0.518310546875,0.803955078125,-0.365234375,Mouth open
1714063180.844229,0.513427734375,0.80224609375,-0.36865234375,Mouth open
1714063180.8939,0.515869140625,0.798828125,-0.36474609375,Mouth open
1714063180.948543,0.515380859375,0.802490234375,-0.367431640625,Mouth open
1714063180.966145,0.509765625,0.8017578125,-0.36767578125,Mouth open
1714063181.032851,0.513427734375,0.799072265625,-0.37109375,Mouth open
1714063181.045672,0.513427734375,0.802734375,-0.3701171875,Mouth open
1714063181.085656,0.51171875,0.80078125,-0.369140625,Mouth open
1714063181.126343,0.512451171875,0.80126953125,-0.370361328125,Mouth open
1714063181.167167,0.51025390625,0.799560546875,-0.36962890625,Mouth open
1714063181.216462,0.51171875,0.80029296875,-0.365478515625,Mouth open
1714063181.247053,0.5146484375,0.802490234375,-0.36767578125,Mouth open
1714063181.296094,0.513427734375,0.80126953125,-0.3623046875,Mouth open
1714063181.349266,0.513671875,0.80224609375,-0.366943359375,Mouth open
1714063181.365329,0.51611328125,0.7998046875,-0.36767578125,Mouth open
1714063181.433706,0.513427734375,0.799560546875,-0.366943359375,Mouth open
1714063181.443634,0.51171875,0.802001953125,-0.36376953125,Mouth open
1714063181.48753,0.515380859375,0.802734375,-0.364013671875,Mouth open
1714063181.523616,0.51318359375,0.804931640625,-0.36376953125,Mouth open
1714063181.572511,0.513427734375,0.802001953125,-0.36669921875,Mouth open
1714063181.62416,0.5166015625,0.800048828125,-0.365478515625,Mouth open
1714063181.645108,0.5146484375,0.80078125,-0.366943359375,Mouth open
1714063181.705391,0.510986328125,0.7998046875,-0.366943359375,Mouth open
1714063181.725509,0.513427734375,0.8017578125,-0.36328125,Mouth open
1714063181.776736,0.5126953125,0.80419921875,-0.36767578125,Mouth open
1714063181.805599,0.51416015625,0.8017578125,-0.366943359375,Mouth open
1714063181.847461,0.511962890625,0.80322265625,-0.366455078125,Mouth open
1714063181.899265,0.51318359375,0.80126953125,-0.36767578125,Mouth open
1714063181.923603,0.51220703125,0.8017578125,-0.364501953125,Mouth open
1714063181.977283,0.51416015625,0.80712890625,-0.3681640625,Mouth open
1714063182.032532,0.511962890625,0.801513671875,-0.365966796875,Mouth open
1714063182.049257,0.509765625,0.800048828125,-0.36376953125,Mouth open
1714063182.11091,0.51171875,0.804931640625,-0.367919921875,Mouth open
1714063182.124707,0.51171875,0.803466796875,-0.36572265625,Mouth open
1714063182.166218,0.511962890625,0.805419921875,-0.366455078125,Mouth open
1714063182.205864,0.511962890625,0.80224609375,-0.366943359375,Mouth open
1714063182.254744,0.51318359375,0.804931640625,-0.366943359375,Mouth open
1714063182.309912,0.50830078125,0.80419921875,-0.365234375,Mouth open
1714063182.327677,0.510986328125,0.803955078125,-0.370361328125,Mouth open
1714063182.38817,0.512939453125,0.8037109375,-0.36669921875,Mouth open
1714063182.406967,0.5126953125,0.802734375,-0.365478515625,Mouth open
1714063182.459347,0.5126953125,0.80224609375,-0.369140625,Mouth open
1714063182.48947,0.51220703125,0.802490234375,-0.367919921875,Mouth open
1714063182.527383,0.510498046875,0.804443359375,-0.367919921875,Mouth open
1714063182.576612,0.51220703125,0.80078125,-0.36865234375,Mouth open
1714063182.607528,0.513671875,0.80419921875,-0.366943359375,Mouth open
1714063182.659153,0.509765625,0.802490234375,-0.363037109375,Mouth open
1714063182.711725,0.5146484375,0.805908203125,-0.36572265625,Mouth open
1714063182.727466,0.512939453125,0.80029296875,-0.365234375,Mouth open
1714063182.791301,0.513916015625,0.802490234375,-0.36279296875,Mouth open
1714063182.807357,0.51318359375,0.804443359375,-0.36865234375,Mouth open
1714063182.846795,0.511474609375,0.803955078125,-0.36474609375,Mouth open
1714063182.889101,0.50830078125,0.806640625,-0.363525390625,Mouth open
1714063182.930458,0.51220703125,0.8056640625,-0.366455078125,Mouth open
1714063182.980663,0.51513671875,0.80322265625,-0.370361328125,Mouth open
1714063183.008786,0.5107421875,0.798583984375,-0.36376953125,Mouth open
1714063183.058386,0.518798828125,0.80322265625,-0.3671875,Mouth open
1714063183.112937,0.51416015625,0.8046875,-0.36572265625,Mouth open
1714063183.129408,0.51318359375,0.802490234375,-0.367919921875,Mouth open
1714063183.191459,0.511962890625,0.802978515625,-0.36669921875,Mouth open
1714063183.208572,0.51171875,0.80224609375,-0.367431640625,Mouth open
1714063183.263677,0.510498046875,0.802490234375,-0.3701171875,Mouth open
1714063183.290058,0.51025390625,0.80517578125,-0.368408203125,Mouth open
1714063183.329955,0.5107421875,0.80224609375,-0.364501953125,Mouth open
1714063183.381114,0.51220703125,0.803466796875,-0.3662109375,Mouth open
1714063183.41014,0.5107421875,0.802978515625,-0.361572265625,Mouth open
1714063183.458756,0.514892578125,0.80078125,-0.367431640625,Mouth open
1714063183.512909,0.513427734375,0.802490234375,-0.368408203125,Mouth open
1714063183.530174,0.510498046875,0.803955078125,-0.365966796875,Mouth open
1714063183.592193,0.50927734375,0.802001953125,-0.36669921875,Mouth open
1714063183.607856,0.5107421875,0.80419921875,-0.365966796875,Mouth open
1714063183.66431,0.5087890625,0.805419921875,-0.366455078125,Mouth open
1714063183.692538,0.511474609375,0.80517578125,-0.371826171875,Mouth open
1714063183.732733,0.509765625,0.800048828125,-0.365966796875,Mouth open
1714063183.783326,0.510009765625,0.805419921875,-0.369384765625,Mouth open
1714063183.813719,0.51123046875,0.802978515625,-0.365966796875,Mouth open
1714063183.864723,0.511474609375,0.8037109375,-0.3681640625,Mouth open
1714063183.920232,0.51220703125,0.802978515625,-0.368896484375,Mouth open
1714063183.937038,0.511474609375,0.80419921875,-0.366455078125,Mouth open
1714063183.968898,0.510986328125,0.8017578125,-0.36669921875,Mouth open
1714063184.007755,0.51123046875,0.80322265625,-0.3662109375,Mouth open
1714063184.05777,0.513427734375,0.802490234375,-0.364501953125,Mouth open
1714063184.088921,0.51806640625,0.803955078125,-0.366455078125,Mouth open
1714063184.143186,0.512939453125,0.80224609375,-0.3623046875,Mouth open
1714063184.199783,0.515869140625,0.80419921875,-0.362548828125,Mouth open
1714063184.216106,0.513671875,0.8046875,-0.3671875,Mouth open
1714063184.249484,0.510986328125,0.7998046875,-0.36572265625,Mouth open
1714063184.290078,0.514404296875,0.804443359375,-0.36376953125,Mouth open
1714063184.330353,0.513427734375,0.802978515625,-0.362548828125,Mouth open
1714063184.370157,0.513427734375,0.8037109375,-0.371826171875,Mouth open
1714063184.419608,0.50927734375,0.803466796875,-0.366455078125,Mouth open
1714063184.471667,0.510986328125,0.8017578125,-0.370361328125,Mouth open
1714063184.492557,0.51025390625,0.802490234375,-0.364501953125,Mouth open
1714063184.553013,0.51171875,0.7998046875,-0.369140625,Mouth open
1714063184.569832,0.5107421875,0.802001953125,-0.372314453125,Mouth open
1714063184.611976,0.50732421875,0.804443359375,-0.371826171875,Mouth open
1714063184.651429,0.50732421875,0.80126953125,-0.37255859375,Mouth open
1714063184.69192,0.507568359375,0.80224609375,-0.369873046875,Mouth open
1714063184.745999,0.509765625,0.802001953125,-0.36962890625,Mouth open
1714063184.769832,0.51220703125,0.803955078125,-0.372314453125,Mouth open
1714063184.824757,0.5078125,0.799560546875,-0.3662109375,Mouth open
1714063184.849489,0.510009765625,0.8037109375,-0.36572265625,Mouth open
1714063184.898852,0.51318359375,0.80517578125,-0.370361328125,Mouth open
1714063184.931156,0.508544921875,0.800537109375,-0.368896484375,Mouth open
1714063184.972015,0.510986328125,0.801513671875,-0.367431640625,Mouth open
1714063185.017256,0.510009765625,0.804931640625,-0.366943359375,Mouth open
1714063185.051133,0.512939453125,0.802490234375,-0.368408203125,Mouth open
1714063185.098524,0.507080078125,0.80029296875,-0.364990234375,Mouth open
1714063185.151124,0.51416015625,0.805908203125,-0.366943359375,Mouth open
1714063185.173778,0.510009765625,0.80322265625,-0.36669921875,Mouth open
1714063185.228423,0.51171875,0.8017578125,-0.365234375,Mouth open
1714063185.252504,0.512451171875,0.805908203125,-0.366455078125,Mouth open
1714063185.301083,0.51171875,0.804931640625,-0.36572265625,Mouth open
1714063185.331452,0.510498046875,0.80517578125,-0.369873046875,Mouth open
1714063185.370455,0.5087890625,0.80419921875,-0.369140625,Mouth open
1714063185.420933,0.51220703125,0.802978515625,-0.366943359375,Mouth open
1714063185.451997,0.506591796875,0.8056640625,-0.368896484375,Mouth open
1714063185.499364,0.51123046875,0.80615234375,-0.36669921875,Mouth open
1714063185.554081,0.511962890625,0.80517578125,-0.365478515625,Mouth open
1714063185.574728,0.5126953125,0.802734375,-0.366943359375,Mouth open
1714063185.636007,0.509033203125,0.80517578125,-0.367431640625,Mouth open
1714063185.652489,0.509033203125,0.80517578125,-0.362548828125,Mouth open
1714063185.709438,0.51318359375,0.80615234375,-0.364990234375,Mouth open
1714063185.734469,0.50830078125,0.80615234375,-0.363525390625,Mouth open
1714063185.774421,0.5107421875,0.8046875,-0.365234375,Mouth open
1714063185.825149,0.510986328125,0.80322265625,-0.365234375,Mouth open
1714063185.854838,0.513671875,0.805419921875,-0.366455078125,Mouth open
1714063185.907304,0.510498046875,0.80419921875,-0.367431640625,Mouth open
1714063185.931631,0.510009765625,0.802734375,-0.366455078125,Mouth open
1714063185.979109,0.509033203125,0.80224609375,-0.365478515625,Mouth open
1714063186.012013,0.511474609375,0.803466796875,-0.365234375,Mouth open
1714063186.052441,0.5087890625,0.805419921875,-0.36669921875,Mouth open
1714063186.100383,0.512451171875,0.806396484375,-0.36669921875,Mouth open
1714063186.13395,0.512451171875,0.8037109375,-0.362060546875,Mouth open
1714063186.183359,0.513671875,0.80712890625,-0.3671875,Mouth open
1714063186.234325,0.51025390625,0.804931640625,-0.36474609375,Mouth open
1714063186.2548,0.510498046875,0.802734375,-0.36328125,Mouth open
1714063186.311812,0.513671875,0.8037109375,-0.364501953125,Mouth open
1714063186.335277,0.512451171875,0.8046875,-0.364990234375,Mouth open
1714063186.375088,0.510498046875,0.8037109375,-0.364501953125,Mouth open
1714063186.414458,0.511962890625,0.806884765625,-0.364990234375,Mouth open
1714063186.462188,0.51171875,0.80419921875,-0.36767578125,Mouth open
1714063186.515826,0.5087890625,0.802734375,-0.369140625,Mouth open
1714063186.537292,0.510009765625,0.8046875,-0.36865234375,Mouth open
1714063186.594172,0.510986328125,0.803466796875,-0.369873046875,Mouth open
1714063186.613514,0.507568359375,0.8017578125,-0.368896484375,Mouth open
1714063186.654769,0.510009765625,0.80126953125,-0.36767578125,Mouth open
1714063186.695708,0.51123046875,0.804443359375,-0.3671875,Mouth open
1714063186.73368,0.509521484375,0.8056640625,-0.3671875,Mouth open
1714063186.782102,0.5087890625,0.803955078125,-0.365478515625,Mouth open
1714063186.815243,0.510498046875,0.803955078125,-0.36572265625,Mouth open
1714063186.863056,0.5107421875,0.804443359375,-0.36376953125,Mouth open
1714063186.913484,0.513916015625,0.806884765625,-0.3642578125,Mouth open
1714063186.934829,0.51318359375,0.803466796875,-0.36279296875,Mouth open
1714063186.996849,0.51416015625,0.8017578125,-0.36376953125,Mouth open
1714063187.014734,0.51123046875,0.80419921875,-0.36474609375,Mouth open
1714063187.057559,0.512939453125,0.8056640625,-0.36669921875,Mouth open
1714063187.096312,0.512451171875,0.801513671875,-0.36328125,Mouth open
1714063187.135541,0.512451171875,0.80322265625,-0.3671875,Mouth open
1714063187.183029,0.51123046875,0.802001953125,-0.366455078125,Mouth open
1714063187.214386,0.51025390625,0.802734375,-0.369384765625,Mouth open
1714063187.262257,0.510498046875,0.802978515625,-0.3671875,Mouth open
1714063187.31488,0.511474609375,0.80322265625,-0.367431640625,Mouth open
1714063187.335557,0.509033203125,0.802001953125,-0.368408203125,Mouth open
1714063187.393821,0.512451171875,0.80419921875,-0.366455078125,Mouth open
1714063187.416873,0.513671875,0.80615234375,-0.367431640625,Mouth open
1714063187.46526,0.508544921875,0.80224609375,-0.364013671875,Mouth open
1714063187.497055,0.51171875,0.803466796875,-0.365234375,Mouth open
1714063187.536598,0.513916015625,0.80322265625,-0.365234375,Mouth open
1714063187.580567,0.5126953125,0.80615234375,-0.365234375,Mouth open
1714063187.617625,0.5146484375,0.802978515625,-0.359619140625,Mouth open
1714063187.666354,0.519287109375,0.806396484375,-0.36767578125,Mouth open
1714063187.714054,0.51220703125,0.79931640625,-0.365478515625,Mouth open
1714063187.737644,0.512939453125,0.800537109375,-0.364501953125,Mouth open
1714063187.795754,0.5146484375,0.804443359375,-0.36669921875,Mouth open
1714063187.818526,0.513427734375,0.802490234375,-0.364013671875,Mouth open
1714063187.865621,0.5146484375,0.801513671875,-0.3662109375,Mouth open
1714063187.896719,0.513916015625,0.804931640625,-0.363525390625,Mouth open
1714063187.936767,0.51708984375,0.80126953125,-0.37060546875,Mouth open
1714063187.985081,0.509521484375,0.802490234375,-0.363037109375,Mouth open
1714063188.015202,0.513671875,0.803955078125,-0.368408203125,Mouth closed
1714063188.066815,0.512451171875,0.80029296875,-0.3671875,Mouth closed
1714063188.121142,0.510986328125,0.799560546875,-0.36767578125,Mouth closed
1714063188.139335,0.513671875,0.803955078125,-0.36962890625,Mouth closed
1714063188.203125,0.509521484375,0.802001953125,-0.371826171875,Mouth closed
1714063188.216612,0.506591796875,0.800537109375,-0.372314453125,Mouth closed
1714063188.258074,0.5078125,0.802490234375,-0.369140625,Mouth closed
1714063188.300403,0.50927734375,0.80126953125,-0.368896484375,Mouth closed
1714063188.341639,0.508056640625,0.80126953125,-0.367919921875,Mouth closed
1714063188.393391,0.508544921875,0.80419921875,-0.370361328125,Mouth closed
1714063188.417531,0.508544921875,0.80419921875,-0.3701171875,Mouth closed
1714063188.483564,0.509765625,0.802734375,-0.37158203125,Mouth closed
1714063188.497359,0.51171875,0.8046875,-0.3681640625,Mouth closed
1714063188.539008,0.507080078125,0.8037109375,-0.369140625,Mouth closed
1714063188.575674,0.51025390625,0.804443359375,-0.36572265625,Mouth closed
1714063188.626278,0.51171875,0.80419921875,-0.3671875,Mouth closed
1714063188.690537,0.5107421875,0.8056640625,-0.3681640625,Mouth closed
1714063188.706758,0.510009765625,0.804931640625,-0.37060546875,Mouth closed
1714063188.738785,0.509765625,0.802978515625,-0.36669921875,Mouth closed
1714063188.778097,0.511962890625,0.804931640625,-0.36669921875,Mouth closed
1714063188.829083,0.511962890625,0.802490234375,-0.36572265625,Mouth closed
1714063188.859236,0.509521484375,0.8046875,-0.367431640625,Mouth closed
1714063188.909122,0.511474609375,0.8046875,-0.3681640625,Mouth closed
1714063188.966491,0.505859375,0.803466796875,-0.364013671875,Mouth closed
1714063188.982892,0.50732421875,0.80224609375,-0.365478515625,Mouth closed
1714063189.046729,0.510498046875,0.806640625,-0.36767578125,Mouth closed
1714063189.060589,0.509033203125,0.80712890625,-0.3681640625,Mouth closed
1714063189.100367,0.510009765625,0.806640625,-0.36572265625,Mouth closed
1714063189.143063,0.50927734375,0.806396484375,-0.36474609375,Mouth closed
1714063189.183062,0.5078125,0.80615234375,-0.36572265625,Mouth closed
1714063189.234772,0.509765625,0.804931640625,-0.366943359375,Mouth closed
1714063189.259458,0.509521484375,0.8046875,-0.362060546875,Mouth closed
1714063189.324138,0.50732421875,0.8056640625,-0.3671875,Mouth closed
1714063189.340097,0.508056640625,0.807373046875,-0.363037109375,Mouth closed
1714063189.383236,0.51025390625,0.80615234375,-0.364013671875,Mouth closed
1714063189.420976,0.50732421875,0.806396484375,-0.365234375,Mouth closed
1714063189.45995,0.508544921875,0.8076171875,-0.3701171875,Mouth closed
1714063189.510606,0.50732421875,0.80419921875,-0.36328125,Mouth closed
1714063189.542838,0.5078125,0.80615234375,-0.368408203125,Mouth closed
1714063189.592722,0.508544921875,0.80517578125,-0.36474609375,Mouth closed
1714063189.647159,0.511474609375,0.804443359375,-0.36669921875,Mouth closed
1714063189.663618,0.5087890625,0.804931640625,-0.367431640625,Mouth closed
1714063189.729801,0.508544921875,0.802734375,-0.366943359375,Mouth closed
1714063189.743014,0.508056640625,0.8056640625,-0.366943359375,Mouth closed
1714063189.786172,0.506591796875,0.8037109375,-0.3681640625,Mouth closed
1714063189.820788,0.505615234375,0.805419921875,-0.366455078125,Mouth closed
1714063189.865883,0.50927734375,0.8076171875,-0.365478515625,Mouth closed
1714063189.921375,0.51171875,0.804931640625,-0.36376953125,Mouth closed
1714063189.939467,0.51123046875,0.8046875,-0.367431640625,Mouth closed
1714063190.002839,0.514892578125,0.799072265625,-0.36669921875,Mouth closed
1714063190.020485,0.508056640625,0.802978515625,-0.36474609375,Mouth closed
1714063190.065551,0.512939453125,0.806884765625,-0.372314453125,Mouth closed
1714063190.100186,0.49755859375,0.80615234375,-0.367919921875,Mouth closed
1714063190.144445,0.502685546875,0.805908203125,-0.371337890625,Mouth closed
1714063190.192076,0.496826171875,0.809814453125,-0.37353515625,Mouth closed
1714063190.222009,0.509521484375,0.806396484375,-0.369873046875,Mouth closed
1714063190.274598,0.4970703125,0.8056640625,-0.3701171875,Mouth closed
1714063190.328537,0.509033203125,0.80859375,-0.3701171875,Mouth closed
1714063190.347834,0.50146484375,0.80859375,-0.369873046875,Mouth closed
1714063190.411951,0.507568359375,0.810302734375,-0.36767578125,Mouth closed
1714063190.424696,0.50244140625,0.812255859375,-0.36572265625,Mouth closed
1714063190.466667,0.50439453125,0.8115234375,-0.36474609375,Mouth closed
1714063190.502517,0.501953125,0.810302734375,-0.36767578125,Mouth closed
1714063190.556413,0.50439453125,0.80810546875,-0.36865234375,Mouth closed
1714063190.580512,0.50439453125,0.808837890625,-0.3671875,Mouth closed
1714063190.628136,0.507080078125,0.809814453125,-0.364501953125,Mouth closed
1714063190.660141,0.50537109375,0.80712890625,-0.366455078125,Mouth closed
1714063190.702104,0.505615234375,0.810302734375,-0.369140625,Mouth closed
1714063190.746515,0.507568359375,0.806640625,-0.365966796875,Mouth closed
1714063190.781992,0.5068359375,0.805419921875,-0.365234375,Mouth closed
1714063190.827557,0.50341796875,0.804443359375,-0.367919921875,Mouth closed
1714063190.879931,0.504150390625,0.804931640625,-0.3662109375,Mouth closed
1714063190.903564,0.504638671875,0.80859375,-0.36474609375,Mouth closed
1714063190.960889,0.506103515625,0.813232421875,-0.363525390625,Mouth closed
1714063190.98363,0.50439453125,0.81396484375,-0.37060546875,Mouth closed
1714063191.023393,0.4990234375,0.807861328125,-0.366455078125,Mouth closed
1714063191.09092,0.49951171875,0.810791015625,-0.370849609375,Mouth closed
1714063191.103172,0.505126953125,0.81103515625,-0.365234375,Mouth closed
1714063191.146819,0.503173828125,0.808349609375,-0.36865234375,Mouth closed
1714063191.183006,0.501708984375,0.808349609375,-0.367431640625,Mouth closed
1714063191.228182,0.504150390625,0.8076171875,-0.36767578125,Mouth closed
1714063191.280961,0.5048828125,0.808837890625,-0.369384765625,Mouth closed
1714063191.3017,0.503662109375,0.807861328125,-0.366455078125,Mouth closed
1714063191.358902,0.5048828125,0.80908203125,-0.365234375,Mouth closed
1714063191.381605,0.50390625,0.80908203125,-0.364501953125,Mouth closed
1714063191.430668,0.509765625,0.811767578125,-0.36865234375,Mouth closed
1714063191.462237,0.50439453125,0.803466796875,-0.365234375,Mouth closed
1714063191.502393,0.50341796875,0.80712890625,-0.36328125,Mouth closed
1714063191.555867,0.507568359375,0.810791015625,-0.3662109375,Mouth closed
1714063191.584616,0.503662109375,0.810791015625,-0.3623046875,Mouth closed
1714063191.638409,0.501953125,0.809814453125,-0.362548828125,Mouth closed
1714063191.691464,0.505126953125,0.808837890625,-0.365966796875,Mouth closed
1714063191.706917,0.507080078125,0.80908203125,-0.367919921875,Mouth closed
1714063191.770338,0.499267578125,0.807373046875,-0.3681640625,Mouth closed
1714063191.785706,0.5048828125,0.80908203125,-0.3701171875,Mouth closed
1714063191.825926,0.502197265625,0.8076171875,-0.36865234375,Mouth closed
1714063191.862828,0.499267578125,0.806396484375,-0.36962890625,Mouth closed
1714063191.906591,0.5029296875,0.810791015625,-0.369384765625,Mouth closed
1714063191.959635,0.503173828125,0.808349609375,-0.368408203125,Mouth closed
1714063191.982045,0.501953125,0.806884765625,-0.36572265625,Mouth closed
1714063192.038012,0.501220703125,0.809326171875,-0.36474609375,Mouth closed
1714063192.062547,0.503662109375,0.809814453125,-0.364990234375,Mouth closed
1714063192.107139,0.50341796875,0.808349609375,-0.365234375,Mouth closed
1714063192.169661,0.5029296875,0.80810546875,-0.364013671875,Mouth closed
1714063192.183338,0.501708984375,0.80712890625,-0.366943359375,Mouth closed
1714063192.224431,0.510009765625,0.80908203125,-0.36865234375,Mouth closed
1714063192.265569,0.50048828125,0.807373046875,-0.366943359375,Mouth closed
1714063192.307767,0.502685546875,0.807861328125,-0.36572265625,Mouth closed
1714063192.356364,0.500732421875,0.810791015625,-0.36328125,Mouth closed
1714063192.385711,0.5009765625,0.811279296875,-0.365966796875,Mouth closed
1714063192.434343,0.499755859375,0.808837890625,-0.364990234375,Mouth closed
1714063192.488008,0.505126953125,0.80859375,-0.371826171875,Mouth closed
1714063192.50399,0.501708984375,0.806640625,-0.3681640625,Mouth closed
1714063192.542933,0.499755859375,0.808349609375,-0.36767578125,Mouth closed
1714063192.587132,0.503662109375,0.810546875,-0.369873046875,Mouth closed
1714063192.637159,0.498046875,0.80810546875,-0.369873046875,Mouth closed
1714063192.666097,0.498779296875,0.8095703125,-0.371826171875,Mouth closed
1714063192.718135,0.50048828125,0.810302734375,-0.36962890625,Mouth closed
1714063192.742411,0.50341796875,0.8115234375,-0.37646484375,Mouth closed
1714063192.786531,0.50634765625,0.812255859375,-0.37158203125,Mouth closed
1714063192.850669,0.5009765625,0.8076171875,-0.366943359375,Mouth closed
1714063192.863726,0.50146484375,0.808349609375,-0.364013671875,Mouth closed
1714063192.920925,0.50390625,0.811279296875,-0.367431640625,Mouth closed
1714063192.944788,0.50341796875,0.810546875,-0.36474609375,Mouth closed
1714063192.986725,0.499267578125,0.810302734375,-0.36474609375,Mouth closed
1714063193.037266,0.501220703125,0.812255859375,-0.3662109375,Mouth closed
1714063193.066771,0.502197265625,0.809814453125,-0.36376953125,Mouth closed
1714063193.117104,0.500244140625,0.802978515625,-0.3642578125,Mouth closed
1714063193.173763,0.506591796875,0.808349609375,-0.365966796875,Mouth closed
1714063193.189558,0.50537109375,0.80908203125,-0.368896484375,Mouth closed
1714063193.22286,0.504150390625,0.808837890625,-0.367431640625,Mouth closed
1714063193.261211,0.504150390625,0.808349609375,-0.36572265625,Mouth closed
1714063193.307773,0.503662109375,0.80908203125,-0.366455078125,Mouth closed
1714063193.343189,0.502685546875,0.810546875,-0.366455078125,Mouth closed
1714063193.388631,0.49951171875,0.80859375,-0.3681640625,Mouth closed
1714063193.440428,0.5009765625,0.80859375,-0.36572265625,Mouth closed
1714063193.463482,0.5078125,0.811279296875,-0.36669921875,Mouth closed
1714063193.518178,0.50341796875,0.8095703125,-0.364501953125,Mouth closed
1714063193.572462,0.505126953125,0.807861328125,-0.362060546875,Mouth closed
1714063193.588698,0.50634765625,0.809814453125,-0.36181640625,Mouth closed
1714063193.623205,0.503662109375,0.80810546875,-0.364501953125,Mouth closed
1714063193.664732,0.50244140625,0.8125,-0.364501953125,Mouth closed
1714063193.70857,0.5029296875,0.81005859375,-0.364501953125,Mouth closed
1714063193.742289,0.504638671875,0.81298828125,-0.363037109375,Mouth closed
1714063193.79008,0.50146484375,0.806640625,-0.364013671875,Mouth closed
1714063193.842496,0.50390625,0.808837890625,-0.366943359375,Mouth closed
1714063193.863454,0.502197265625,0.810791015625,-0.36865234375,Mouth closed
1714063193.920912,0.5048828125,0.810546875,-0.363525390625,Mouth closed
1714063193.94133,0.503173828125,0.806884765625,-0.364501953125,Mouth closed
1714063193.990284,0.505615234375,0.80712890625,-0.368408203125,Mouth closed
1714063194.022841,0.50244140625,0.807861328125,-0.36376953125,Mouth closed
1714063194.062488,0.503662109375,0.806640625,-0.36572265625,Mouth closed
1714063194.106624,0.50146484375,0.808837890625,-0.364013671875,Mouth closed
1714063194.142268,0.5048828125,0.80908203125,-0.36767578125,Mouth closed
1714063194.188722,0.5078125,0.806396484375,-0.36572265625,Mouth closed
1714063194.238868,0.505615234375,0.80859375,-0.36279296875,Mouth closed
1714063194.263694,0.506591796875,0.808837890625,-0.3662109375,Mouth closed
1714063194.316997,0.502197265625,0.80810546875,-0.36572265625,Mouth closed
1714063194.372243,0.498779296875,0.81396484375,-0.368408203125,Mouth closed
1714063194.401124,0.507080078125,0.810302734375,-0.36181640625,Mouth closed
1714063194.42257,0.505859375,0.808349609375,-0.36767578125,Mouth closed
1714063194.471756,0.497314453125,0.809814453125,-0.36181640625,Mouth closed
1714063194.523438,0.505126953125,0.810791015625,-0.3681640625,Mouth closed
1714063194.544769,0.50439453125,0.81103515625,-0.362548828125,Mouth closed
1714063194.602753,0.504150390625,0.804931640625,-0.3642578125,Mouth closed
1714063194.62318,0.50341796875,0.807373046875,-0.3662109375,Mouth closed
1714063194.66977,0.504150390625,0.80810546875,-0.366455078125,Mouth closed
1714063194.703734,0.50244140625,0.809326171875,-0.369384765625,Mouth closed
1714063194.749447,0.50244140625,0.810302734375,-0.367919921875,Mouth closed
1714063194.805536,0.501708984375,0.810546875,-0.366943359375,Mouth closed
1714063194.82342,0.5029296875,0.812744140625,-0.365966796875,Mouth closed
1714063194.884316,0.504638671875,0.80859375,-0.365478515625,Mouth closed
1714063194.904156,0.5029296875,0.810546875,-0.3642578125,Mouth closed
1714063194.946413,0.504638671875,0.810791015625,-0.3662109375,Mouth closed
1714063194.985016,0.50244140625,0.809814453125,-0.3623046875,Mouth closed
1714063195.023213,0.504150390625,0.80859375,-0.364501953125,Mouth closed
1714063195.072091,0.505859375,0.8095703125,-0.361572265625,Mouth closed
1714063195.10223,0.50927734375,0.81103515625,-0.37158203125,Mouth closed
1714063195.150406,0.501220703125,0.807861328125,-0.361083984375,Mouth closed
1714063195.204994,0.506591796875,0.809814453125,-0.36572265625,Mouth closed
1714063195.225569,0.506103515625,0.809814453125,-0.36376953125,Mouth closed
1714063195.282737,0.504638671875,0.806640625,-0.3662109375,Mouth closed
1714063195.305614,0.506591796875,0.80908203125,-0.365478515625,Mouth closed
1714063195.352951,0.50390625,0.80712890625,-0.3642578125,Mouth closed
1714063195.385828,0.503173828125,0.809326171875,-0.367919921875,Mouth closed
1714063195.425901,0.50146484375,0.809814453125,-0.36767578125,Mouth closed
1714063195.470442,0.503173828125,0.80859375,-0.363525390625,Mouth closed
1714063195.506308,0.50732421875,0.80908203125,-0.36572265625,Mouth closed
1714063195.551703,0.501220703125,0.807373046875,-0.36572265625,Mouth closed
1714063195.600821,0.50341796875,0.805908203125,-0.366455078125,Mouth closed
1714063195.626302,0.505126953125,0.807861328125,-0.36865234375,Mouth closed
1714063195.680153,0.503662109375,0.805419921875,-0.36279296875,Mouth closed
1714063195.703575,0.505615234375,0.8076171875,-0.363525390625,Mouth closed
1714063195.75103,0.5029296875,0.810302734375,-0.3701171875,Mouth closed
1714063195.783846,0.505126953125,0.810791015625,-0.36767578125,Mouth closed
1714063195.823608,0.498291015625,0.80908203125,-0.369140625,Mouth closed
1714063195.869035,0.504638671875,0.80908203125,-0.36669921875,Mouth closed
1714063195.904123,0.50244140625,0.80712890625,-0.36865234375,Mouth closed
1714063195.950447,0.503173828125,0.806640625,-0.36767578125,Mouth closed
1714063196.002927,0.503173828125,0.80810546875,-0.370849609375,Mouth closed
1714063196.025876,0.49951171875,0.80859375,-0.37109375,Mouth closed
1714063196.081363,0.503662109375,0.807373046875,-0.369384765625,Mouth closed
1714063196.10611,0.50244140625,0.804931640625,-0.36865234375,Mouth closed
1714063196.150875,0.502685546875,0.80859375,-0.368896484375,Mouth closed
1714063196.216295,0.50390625,0.80908203125,-0.36767578125,Mouth closed
1714063196.227493,0.51025390625,0.80810546875,-0.368896484375,Mouth closed
1714063196.269358,0.502685546875,0.804443359375,-0.36865234375,Mouth closed
1714063196.306138,0.50439453125,0.80859375,-0.363037109375,Mouth closed
1714063196.354155,0.506103515625,0.8095703125,-0.366943359375,Mouth closed
1714063196.401354,0.5029296875,0.80859375,-0.365478515625,Mouth closed
1714063196.425037,0.503173828125,0.81005859375,-0.3642578125,Mouth closed
1714063196.481966,0.504638671875,0.80810546875,-0.3671875,Mouth closed
1714063196.505471,0.503173828125,0.8115234375,-0.36669921875,Mouth closed
1714063196.550594,0.498046875,0.81005859375,-0.3623046875,Mouth closed
1714063196.615103,0.502685546875,0.81005859375,-0.37109375,Mouth closed
1714063196.62747,0.50634765625,0.810546875,-0.365478515625,Mouth closed
1714063196.670248,0.50146484375,0.809326171875,-0.3671875,Mouth closed
1714063196.706197,0.503662109375,0.810302734375,-0.36865234375,Mouth closed
1714063196.750629,0.50244140625,0.807373046875,-0.366455078125,Mouth closed
1714063196.800449,0.501708984375,0.810791015625,-0.367919921875,Mouth closed
1714063196.827011,0.50146484375,0.810546875,-0.36767578125,Mouth closed
1714063196.890088,0.5029296875,0.808837890625,-0.36669921875,Mouth closed
1714063196.907191,0.504150390625,0.809326171875,-0.366943359375,Mouth closed
1714063196.948488,0.5068359375,0.81201171875,-0.367919921875,Mouth closed
1714063196.989687,0.5009765625,0.80859375,-0.36767578125,Mouth closed
1714063197.030743,0.50244140625,0.807373046875,-0.362548828125,Mouth closed
1714063197.086468,0.50390625,0.813720703125,-0.3671875,Mouth closed
1714063197.107498,0.501953125,0.80859375,-0.36474609375,Mouth closed
1714063197.166928,0.501708984375,0.8095703125,-0.366943359375,Mouth closed
1714063197.186723,0.500244140625,0.81005859375,-0.367431640625,Mouth closed
1714063197.236196,0.5,0.81005859375,-0.3681640625,Mouth closed
1714063197.267175,0.498046875,0.8046875,-0.365966796875,Mouth closed
1714063197.307483,0.499755859375,0.80859375,-0.36865234375,Mouth closed
1714063197.35678,0.500244140625,0.811279296875,-0.368896484375,Mouth closed
1714063197.390341,0.502197265625,0.811767578125,-0.369873046875,Mouth closed
1714063197.437721,0.503173828125,0.81005859375,-0.369140625,Mouth closed
1714063197.494147,0.502197265625,0.808837890625,-0.36669921875,Mouth closed
1714063197.509632,0.5009765625,0.8115234375,-0.367431640625,Mouth closed
1714063197.571564,0.502685546875,0.810791015625,-0.365966796875,Mouth closed
1714063197.5884,0.502197265625,0.810546875,-0.3681640625,Mouth closed
1714063197.628362,0.501708984375,0.8076171875,-0.364013671875,Mouth closed
1714063197.667323,0.506591796875,0.8134765625,-0.36279296875,Mouth closed
1714063197.713712,0.504150390625,0.8115234375,-0.36181640625,Mouth closed
1714063197.766905,0.50634765625,0.80908203125,-0.362548828125,Mouth closed
1714063197.788352,0.50439453125,0.8115234375,-0.36962890625,Mouth closed
1714063197.845946,0.503662109375,0.809326171875,-0.36572265625,Mouth closed
1714063197.868041,0.50341796875,0.81103515625,-0.365234375,Mouth closed
1714063197.911097,0.501220703125,0.810302734375,-0.3681640625,Mouth closed
1714063197.949106,0.50146484375,0.81298828125,-0.365478515625,Mouth closed
1714063197.989438,0.4990234375,0.8095703125,-0.36865234375,Mouth closed
1714063198.043482,0.501220703125,0.808349609375,-0.36962890625,Mouth closed
1714063198.069053,0.5029296875,0.810546875,-0.369873046875,Mouth closed
1714063198.125937,0.503173828125,0.8095703125,-0.369873046875,Mouth closed
1714063198.150324,0.5009765625,0.806396484375,-0.370361328125,Mouth closed
1714063198.200395,0.5,0.807373046875,-0.3701171875,Mouth closed
1714063198.232496,0.500732421875,0.8076171875,-0.369873046875,Mouth closed
1714063198.272621,0.501708984375,0.81005859375,-0.371337890625,Mouth closed
1714063198.321672,0.502197265625,0.809814453125,-0.3671875,Mouth closed
1714063198.35057,0.50439453125,0.808349609375,-0.36279296875,Mouth closed
1714063198.401371,0.502685546875,0.81201171875,-0.3671875,Mouth closed
1714063198.458614,0.50634765625,0.80517578125,-0.36669921875,Mouth closed
1714063198.476447,0.5029296875,0.8056640625,-0.36767578125,Mouth closed
1714063198.509183,0.504150390625,0.807861328125,-0.369140625,Mouth closed
1714063198.549099,0.4990234375,0.807861328125,-0.3701171875,Mouth closed
1714063198.597138,0.500244140625,0.81005859375,-0.368896484375,Mouth closed
1714063198.630189,0.50146484375,0.812744140625,-0.367919921875,Mouth closed
1714063198.679216,0.50146484375,0.8095703125,-0.364990234375,Mouth closed
1714063198.733487,0.506103515625,0.809814453125,-0.368896484375,Mouth closed
1714063198.751869,0.50146484375,0.810546875,-0.364013671875,Mouth closed
1714063198.791947,0.503662109375,0.81103515625,-0.3662109375,Mouth closed
1714063198.831052,0.502197265625,0.807861328125,-0.3671875,Mouth closed
1714063198.883199,0.502197265625,0.80517578125,-0.36962890625,Mouth closed
1714063198.91202,0.5029296875,0.807861328125,-0.369384765625,Mouth closed
1714063198.966387,0.5009765625,0.810791015625,-0.369140625,Mouth closed
1714063198.990016,0.500732421875,0.807861328125,-0.369873046875,Mouth closed
1714063199.037189,0.50390625,0.8076171875,-0.369384765625,Mouth closed
1714063199.070179,0.5048828125,0.81201171875,-0.36767578125,Mouth closed
1714063199.110094,0.499755859375,0.806640625,-0.36279296875,Mouth closed
1714063199.154952,0.504150390625,0.80859375,-0.36767578125,Mouth closed
1714063199.191009,0.503173828125,0.806884765625,-0.369873046875,Mouth closed
1714063199.237643,0.5029296875,0.808837890625,-0.3662109375,Mouth closed
1714063199.2906,0.5029296875,0.80810546875,-0.369873046875,Mouth closed
1714063199.312109,0.50048828125,0.81005859375,-0.3662109375,Mouth closed
1714063199.372203,0.502197265625,0.8115234375,-0.366455078125,Mouth closed
1714063199.392979,0.502197265625,0.81396484375,-0.370849609375,Mouth closed
1714063199.442232,0.49853515625,0.8076171875,-0.37158203125,Mouth closed
1714063199.473168,0.50341796875,0.80859375,-0.369140625,Mouth closed
1714063199.513074,0.50244140625,0.807373046875,-0.37060546875,Mouth closed
1714063199.568601,0.5009765625,0.806396484375,-0.36962890625,Mouth closed
1714063199.594157,0.502685546875,0.807861328125,-0.3701171875,Mouth closed
1714063199.651453,0.500732421875,0.80810546875,-0.367919921875,Mouth closed
1714063199.672262,0.502685546875,0.80908203125,-0.371337890625,Mouth closed
1714063199.715932,0.501220703125,0.806884765625,-0.369873046875,Mouth closed
1714063199.752075,0.5009765625,0.810302734375,-0.370361328125,Mouth closed
1714063199.793524,0.502197265625,0.810302734375,-0.36865234375,Mouth closed
1714063199.843986,0.507080078125,0.81396484375,-0.369384765625,Mouth closed
1714063199.87388,0.500732421875,0.805419921875,-0.369140625,Mouth closed
1714063199.924539,0.5029296875,0.80810546875,-0.366943359375,Mouth closed
1714063199.979796,0.50634765625,0.80859375,-0.369384765625,Mouth closed
1714063199.996599,0.5029296875,0.80859375,-0.364990234375,Mouth closed
1714063200.060176,0.50341796875,0.810546875,-0.366455078125,Mouth closed
1714063200.076603,0.503662109375,0.810302734375,-0.364501953125,Mouth closed
1714063200.117466,0.505859375,0.80908203125,-0.37158203125,Mouth closed
1714063200.155074,0.500244140625,0.80810546875,-0.3642578125,Mouth closed
1714063200.198488,0.503662109375,0.810302734375,-0.3681640625,Mouth closed
1714063200.250544,0.50341796875,0.8095703125,-0.366455078125,Mouth closed
1714063200.276042,0.500244140625,0.807373046875,-0.370361328125,Mouth closed
1714063200.331422,0.5009765625,0.80908203125,-0.369140625,Mouth closed
1714063200.355107,0.501220703125,0.811279296875,-0.369140625,Mouth closed
1714063200.403732,0.499267578125,0.8095703125,-0.368408203125,Mouth closed
1714063200.4332,0.50146484375,0.80908203125,-0.369384765625,Mouth closed
1714063200.474357,0.500732421875,0.80859375,-0.3671875,Mouth closed
1714063200.520229,0.504638671875,0.810302734375,-0.368408203125,Mouth closed
1714063200.554306,0.502685546875,0.81005859375,-0.366943359375,Mouth closed
1714063200.602862,0.501953125,0.808837890625,-0.365478515625,Mouth closed
1714063200.65503,0.5009765625,0.806396484375,-0.3681640625,Mouth closed
1714063200.675401,0.50537109375,0.80712890625,-0.3671875,Mouth closed
1714063200.733354,0.503662109375,0.809326171875,-0.3671875,Mouth closed
1714063200.757203,0.502685546875,0.81103515625,-0.361572265625,Mouth closed
1714063200.799122,0.50537109375,0.810302734375,-0.364990234375,Mouth closed
1714063200.864321,0.502197265625,0.811279296875,-0.365234375,Mouth closed
1714063200.877776,0.501953125,0.81005859375,-0.369873046875,Mouth closed
1714063200.917379,0.501953125,0.806640625,-0.367431640625,Mouth closed
1714063200.957223,0.50390625,0.810546875,-0.3681640625,Mouth closed
1714063201.006415,0.50244140625,0.809326171875,-0.368408203125,Mouth closed
1714063201.059184,0.499267578125,0.809814453125,-0.367919921875,Mouth closed
1714063201.075304,0.5009765625,0.81005859375,-0.367431640625,Mouth closed
1714063201.138712,0.502685546875,0.809814453125,-0.3662109375,Mouth closed
1714063201.155999,0.5009765625,0.809326171875,-0.367431640625,Mouth closed
1714063201.196175,0.49951171875,0.808837890625,-0.36962890625,Mouth closed
1714063201.238118,0.502685546875,0.807373046875,-0.36669921875,Mouth closed
1714063201.279845,0.503662109375,0.810302734375,-0.364501953125,Mouth closed
1714063201.331491,0.503173828125,0.80908203125,-0.366455078125,Mouth closed
1714063201.356909,0.499267578125,0.80810546875,-0.36376953125,Mouth closed
1714063201.411028,0.50341796875,0.81005859375,-0.36181640625,Mouth closed
1714063201.46776,0.505859375,0.812255859375,-0.36962890625,Mouth closed
1714063201.485738,0.501953125,0.809814453125,-0.364013671875,Mouth closed
1714063201.517773,0.5009765625,0.811279296875,-0.364501953125,Mouth closed
1714063201.556968,0.50146484375,0.809814453125,-0.36669921875,Mouth closed
1714063201.606348,0.5048828125,0.812255859375,-0.36181640625,Mouth closed
1714063201.637048,0.501708984375,0.809326171875,-0.365234375,Mouth closed
1714063201.685417,0.50537109375,0.805908203125,-0.365234375,Mouth closed
1714063201.741583,0.503173828125,0.809326171875,-0.3662109375,Mouth closed
1714063201.75407,0.501220703125,0.8095703125,-0.3662109375,Mouth closed
1714063201.824681,0.5029296875,0.8076171875,-0.36572265625,Mouth closed
1714063201.835879,0.504638671875,0.81005859375,-0.36669921875,Mouth closed
1714063201.879238,0.502197265625,0.805419921875,-0.3671875,Mouth closed
1714063201.915946,0.5009765625,0.80859375,-0.3671875,Mouth closed
1714063201.963861,0.49951171875,0.8095703125,-0.3681640625,Mouth closed
1714063202.014319,0.50537109375,0.80810546875,-0.363525390625,Mouth closed
1714063202.03619,0.50390625,0.810791015625,-0.364501953125,Mouth closed
1714063202.096295,0.502685546875,0.811279296875,-0.364013671875,Mouth closed
1714063202.116956,0.5029296875,0.811767578125,-0.36376953125,Mouth closed
1714063202.168473,0.503662109375,0.804443359375,-0.36572265625,Mouth closed
1714063202.198945,0.50390625,0.807861328125,-0.366455078125,Mouth closed
1714063202.237219,0.502685546875,0.808837890625,-0.3671875,Mouth closed
1714063202.28591,0.50048828125,0.80810546875,-0.363525390625,Mouth closed
1714063202.314896,0.505615234375,0.808349609375,-0.362060546875,Mouth closed
1714063202.366172,0.504150390625,0.81201171875,-0.3671875,Mouth closed
1714063202.421111,0.50732421875,0.813232421875,-0.37109375,Mouth closed
1714063202.437176,0.500732421875,0.807373046875,-0.36376953125,Mouth closed
1714063202.499446,0.5029296875,0.8095703125,-0.368896484375,Mouth closed
1714063202.516255,0.505615234375,0.810302734375,-0.366455078125,Mouth closed
1714063202.569561,0.5009765625,0.807861328125,-0.366455078125,Mouth closed
1714063202.596585,0.501220703125,0.81201171875,-0.3681640625,Mouth closed
1714063202.639007,0.500732421875,0.811767578125,-0.36767578125,Mouth closed
1714063202.688555,0.5009765625,0.80908203125,-0.36474609375,Mouth closed
1714063202.717163,0.50439453125,0.808837890625,-0.36669921875,Mouth closed
1714063202.767306,0.505615234375,0.80859375,-0.366943359375,Mouth closed
1714063202.824114,0.50537109375,0.810302734375,-0.36474609375,Mouth closed
1714063202.839987,0.502685546875,0.811279296875,-0.36572265625,Mouth closed
1714063202.902559,0.5029296875,0.810302734375,-0.36181640625,Mouth closed
1714063202.917852,0.504150390625,0.807373046875,-0.365966796875,Mouth closed
1714063202.958075,0.507568359375,0.809326171875,-0.36474609375,Mouth closed
1714063202.996044,0.506103515625,0.8076171875,-0.365478515625,Mouth closed
1714063203.039791,0.50439453125,0.80908203125,-0.363037109375,Mouth open
1714063203.092146,0.50439453125,0.807861328125,-0.363525390625,Mouth open
1714063203.119524,0.50439453125,0.81005859375,-0.363525390625,Mouth open
1714063203.183108,0.504638671875,0.809326171875,-0.36572265625,Mouth open
1714063203.197117,0.505126953125,0.805419921875,-0.365966796875,Mouth open
1714063203.250617,0.50537109375,0.80517578125,-0.36572265625,Mouth open
1714063203.277533,0.502685546875,0.80859375,-0.364990234375,Mouth open
1714063203.317974,0.501708984375,0.809814453125,-0.36669921875,Mouth open
1714063203.367528,0.501708984375,0.810302734375,-0.3662109375,Mouth open
1714063203.398693,0.50341796875,0.810791015625,-0.36767578125,Mouth open
1714063203.447391,0.505859375,0.807861328125,-0.365966796875,Mouth open
1714063203.499981,0.50439453125,0.80517578125,-0.36669921875,Mouth open
1714063203.520622,0.507568359375,0.806396484375,-0.364013671875,Mouth open
1714063203.578871,0.505859375,0.80810546875,-0.362060546875,Mouth open
1714063203.597829,0.50439453125,0.806396484375,-0.3662109375,Mouth open
1714063203.642981,0.50634765625,0.803955078125,-0.369140625,Mouth open
1714063203.677542,0.5068359375,0.80712890625,-0.365478515625,Mouth open
1714063203.720161,0.505859375,0.812744140625,-0.3662109375,Mouth open
1714063203.771308,0.503662109375,0.80859375,-0.36083984375,Mouth open
1714063203.80025,0.503173828125,0.806884765625,-0.365478515625,Mouth open
1714063203.849046,0.506103515625,0.81201171875,-0.364990234375,Mouth open
1714063203.902961,0.502197265625,0.806640625,-0.366943359375,Mouth open
1714063203.918974,0.504150390625,0.805908203125,-0.365234375,Mouth open
1714063203.984561,0.50634765625,0.81005859375,-0.366943359375,Mouth open
1714063203.998887,0.503173828125,0.8095703125,-0.364013671875,Mouth open
1714063204.054095,0.505126953125,0.8095703125,-0.36865234375,Mouth open
1714063204.079434,0.503173828125,0.81005859375,-0.36767578125,Mouth open
1714063204.119999,0.502685546875,0.810791015625,-0.366455078125,Mouth open
1714063204.170755,0.5029296875,0.809814453125,-0.36669921875,Mouth open
1714063204.200288,0.502685546875,0.80908203125,-0.3662109375,Mouth open
1714063204.248881,0.502685546875,0.808349609375,-0.36328125,Mouth open
1714063204.303129,0.5048828125,0.81005859375,-0.365966796875,Mouth open
1714063204.319608,0.502685546875,0.81005859375,-0.361083984375,Mouth open
1714063204.383509,0.50390625,0.80712890625,-0.36083984375,Mouth open
1714063204.399541,0.50732421875,0.809814453125,-0.361328125,Mouth open
1714063204.453601,0.50341796875,0.80859375,-0.361083984375,Mouth open
1714063204.479937,0.503662109375,0.809326171875,-0.363037109375,Mouth open
1714063204.521714,0.50341796875,0.8095703125,-0.362060546875,Mouth open
1714063204.574467,0.506103515625,0.811279296875,-0.360107421875,Mouth open
1714063204.599045,0.50439453125,0.80908203125,-0.36083984375,Mouth open
1714063204.657358,0.50390625,0.8095703125,-0.360107421875,Mouth open
1714063204.680078,0.50634765625,0.809326171875,-0.365966796875,Mouth open
1714063204.728635,0.50341796875,0.8125,-0.36279296875,Mouth open
1714063204.76146,0.501708984375,0.812744140625,-0.365478515625,Mouth open
1714063204.802308,0.5009765625,0.81103515625,-0.364990234375,Mouth open
1714063204.846725,0.50244140625,0.815185546875,-0.364501953125,Mouth open
1714063204.879949,0.50244140625,0.812255859375,-0.365966796875,Mouth open
1714063204.927852,0.5029296875,0.8115234375,-0.36279296875,Mouth open
1714063204.980328,0.502197265625,0.809814453125,-0.363525390625,Mouth open
1714063205.001948,0.5068359375,0.81396484375,-0.364501953125,Mouth open
1714063205.06252,0.498291015625,0.814208984375,-0.375732421875,Mouth open
1714063205.079804,0.504638671875,0.806884765625,-0.363525390625,Mouth open
1714063205.125508,0.516845703125,0.808837890625,-0.36181640625,Mouth open
1714063205.166388,0.522705078125,0.79052734375,-0.364501953125,Mouth open
1714063205.209766,0.51025390625,0.79150390625,-0.365478515625,Mouth open
1714063205.260002,0.5244140625,0.788818359375,-0.3701171875,Mouth open
1714063205.281085,0.52783203125,0.791748046875,-0.365966796875,Mouth open
1714063205.340649,0.520751953125,0.791259765625,-0.38134765625,Mouth open
1714063205.361574,0.518798828125,0.789306640625,-0.37890625,Mouth open
1714063205.404032,0.51025390625,0.79833984375,-0.384765625,Mouth open
1714063205.442575,0.505126953125,0.8017578125,-0.38671875,Mouth open
1714063205.482973,0.500244140625,0.80322265625,-0.383056640625,Mouth open
1714063205.526073,0.50146484375,0.801025390625,-0.38330078125,Mouth open
1714063205.561735,0.499267578125,0.80419921875,-0.38232421875,Mouth open
1714063205.607809,0.509033203125,0.79833984375,-0.380859375,Mouth open
1714063205.660841,0.5078125,0.799072265625,-0.37890625,Mouth open
1714063205.681269,0.509521484375,0.7978515625,-0.3779296875,Mouth open
1714063205.74305,0.50439453125,0.800048828125,-0.382568359375,Mouth open
1714063205.761421,0.506591796875,0.799560546875,-0.380615234375,Mouth open
1714063205.804944,0.5068359375,0.794189453125,-0.3798828125,Mouth open
1714063205.841353,0.509033203125,0.794189453125,-0.38330078125,Mouth open
1714063205.883716,0.509765625,0.798095703125,-0.3779296875,Mouth open
1714063205.933517,0.50732421875,0.796142578125,-0.379150390625,Mouth open
1714063205.962243,0.506103515625,0.80029296875,-0.376953125,Mouth open
1714063206.011436,0.508544921875,0.803955078125,-0.37939453125,Mouth open
1714063206.065906,0.50634765625,0.801513671875,-0.37841796875,Mouth open
1714063206.083767,0.501708984375,0.802734375,-0.37841796875,Mouth open
1714063206.144123,0.50390625,0.8056640625,-0.3828125,Mouth open
1714063206.162236,0.50341796875,0.80615234375,-0.377685546875,Mouth open
1714063206.207431,0.502197265625,0.802001953125,-0.37548828125,Mouth open
1714063206.241986,0.506103515625,0.801513671875,-0.380615234375,Mouth open
1714063206.281837,0.507568359375,0.800048828125,-0.37744140625,Mouth open
1714063206.334294,0.508056640625,0.798828125,-0.376953125,Mouth open
1714063206.362751,0.511474609375,0.79833984375,-0.369873046875,Mouth open
1714063206.411783,0.51416015625,0.801513671875,-0.369873046875,Mouth open
1714063206.467605,0.511474609375,0.80615234375,-0.369384765625,Mouth open
1714063206.484366,0.509521484375,0.802001953125,-0.369140625,Mouth open
1714063206.546119,0.5078125,0.80126953125,-0.375,Mouth open
1714063206.561885,0.510009765625,0.80224609375,-0.374267578125,Mouth open
1714063206.601903,0.509033203125,0.801025390625,-0.374755859375,Mouth open
1714063206.643793,0.501953125,0.801513671875,-0.37255859375,Mouth open
1714063206.684417,0.5009765625,0.7998046875,-0.377685546875,Mouth open
1714063206.738023,0.503173828125,0.8056640625,-0.375244140625,Mouth open
1714063206.766422,0.5048828125,0.80810546875,-0.381591796875,Mouth open
1714063206.815827,0.50927734375,0.8046875,-0.376220703125,Mouth open
1714063206.871656,0.51513671875,0.803955078125,-0.370361328125,Mouth open
1714063206.881875,0.510009765625,0.7998046875,-0.3642578125,Mouth open
1714063206.921148,0.50927734375,0.80078125,-0.37060546875,Mouth open
1714063206.963642,0.50537109375,0.803466796875,-0.37109375,Mouth open
1714063207.0093,0.50537109375,0.802978515625,-0.37353515625,Mouth open
1714063207.042965,0.508544921875,0.8076171875,-0.36669921875,Mouth open
1714063207.091053,0.515380859375,0.80908203125,-0.370361328125,Mouth open
1714063207.141634,0.514404296875,0.803466796875,-0.36767578125,Mouth open
1714063207.164592,0.521484375,0.8017578125,-0.364990234375,Mouth open
1714063207.219443,0.519287109375,0.796875,-0.362548828125,Mouth open
1714063207.24289,0.52197265625,0.798095703125,-0.357421875,Mouth open
1714063207.289846,0.520263671875,0.797607421875,-0.3642578125,Mouth open
1714063207.326587,0.51953125,0.794921875,-0.356689453125,Mouth open
1714063207.366871,0.52001953125,0.802734375,-0.35595703125,Mouth open
1714063207.419212,0.5146484375,0.803955078125,-0.351806640625,Mouth open
1714063207.447427,0.51904296875,0.802978515625,-0.357177734375,Mouth open
1714063207.497284,0.52099609375,0.8076171875,-0.35009765625,Mouth open
1714063207.552013,0.5234375,0.809326171875,-0.347412109375,Mouth open
1714063207.567941,0.517822265625,0.806396484375,-0.343505859375,Mouth open
1714063207.630643,0.5224609375,0.80859375,-0.34130859375,Mouth open
1714063207.642989,0.522705078125,0.80615234375,-0.3466796875,Mouth open
1714063207.685529,0.516357421875,0.805419921875,-0.348876953125,Mouth open
1714063207.723755,0.516357421875,0.8037109375,-0.34326171875,Mouth open
1714063207.768102,0.519775390625,0.80712890625,-0.347900390625,Mouth open
1714063207.820991,0.515380859375,0.80712890625,-0.353271484375,Mouth open
1714063207.844811,0.511474609375,0.803466796875,-0.350341796875,Mouth open
1714063207.900976,0.517578125,0.804443359375,-0.349609375,Mouth open
1714063207.924673,0.525390625,0.806640625,-0.352783203125,Mouth open
1714063207.968074,0.52392578125,0.80517578125,-0.353271484375,Mouth open
1714063208.006226,0.515625,0.802978515625,-0.345458984375,Mouth open
1714063208.045728,0.51806640625,0.80615234375,-0.352294921875,Mouth open
1714063208.09743,0.512939453125,0.81103515625,-0.35400390625,Mouth open
1714063208.127145,0.508544921875,0.80859375,-0.3623046875,Mouth open
1714063208.177159,0.5146484375,0.807373046875,-0.35546875,Mouth open
1714063208.233668,0.519287109375,0.804931640625,-0.347900390625,Mouth open
1714063208.251094,0.5126953125,0.80615234375,-0.3427734375,Mouth open
1714063208.283734,0.513916015625,0.8046875,-0.35888671875,Mouth open
1714063208.324034,0.522216796875,0.81103515625,-0.36181640625,Mouth open
1714063208.369975,0.528076171875,0.80224609375,-0.359619140625,Mouth open
1714063208.404965,0.5341796875,0.798828125,-0.362548828125,Mouth open
1714063208.45018,0.533935546875,0.79052734375,-0.364013671875,Mouth open
1714063208.506526,0.5283203125,0.78564453125,-0.3671875,Mouth open
1714063208.551484,0.52197265625,0.77880859375,-0.370361328125,Mouth open
1714063208.567377,0.521484375,0.78662109375,-0.3681640625,Mouth open
1714063208.605974,0.52197265625,0.798583984375,-0.36083984375,Mouth open
1714063208.660252,0.51708984375,0.804443359375,-0.358154296875,Mouth open
1714063208.689974,0.515625,0.811279296875,-0.3583984375,Mouth open
1714063208.743188,0.513427734375,0.814453125,-0.360107421875,Mouth open
1714063208.767424,0.511962890625,0.81396484375,-0.360107421875,Mouth open
1714063208.808937,0.515625,0.8056640625,-0.361328125,Mouth open
1714063208.845967,0.51611328125,0.79931640625,-0.36181640625,Mouth open
1714063208.885287,0.5205078125,0.79541015625,-0.35888671875,Mouth open
1714063208.931389,0.521240234375,0.79345703125,-0.35693359375,Mouth open
1714063208.966889,0.52783203125,0.79931640625,-0.35302734375,Mouth open
1714063209.01398,0.529296875,0.802734375,-0.352783203125,Mouth open
1714063209.069751,0.5302734375,0.8046875,-0.350341796875,Mouth open
1714063209.08703,0.52734375,0.802978515625,-0.349609375,Mouth open
1714063209.152807,0.525390625,0.7998046875,-0.350341796875,Mouth open
1714063209.168014,0.52294921875,0.802490234375,-0.348388671875,Mouth open
1714063209.208744,0.52587890625,0.801513671875,-0.349365234375,Mouth open
1714063209.246942,0.522705078125,0.8046875,-0.345703125,Mouth open
1714063209.294035,0.52783203125,0.80859375,-0.350341796875,Mouth open
1714063209.346512,0.52197265625,0.80517578125,-0.344482421875,Mouth open
1714063209.375345,0.52099609375,0.800537109375,-0.348876953125,Mouth open
1714063209.408676,0.52001953125,0.80419921875,-0.347412109375,Mouth open
1714063209.44785,0.5205078125,0.80712890625,-0.35107421875,Mouth open
1714063209.493747,0.5224609375,0.803955078125,-0.353271484375,Mouth open
1714063209.525668,0.52099609375,0.805908203125,-0.35107421875,Mouth open
1714063209.5824,0.521728515625,0.8037109375,-0.35400390625,Mouth open
1714063209.637982,0.51904296875,0.800537109375,-0.351318359375,Mouth open
1714063209.655206,0.522705078125,0.80322265625,-0.353515625,Mouth open
1714063209.686964,0.51806640625,0.799560546875,-0.355224609375,Mouth open
1714063209.72804,0.51806640625,0.805419921875,-0.355712890625,Mouth open
1714063209.777631,0.518310546875,0.805908203125,-0.3564453125,Mouth open
1714063209.808941,0.517822265625,0.805419921875,-0.357177734375,Mouth open
1714063209.859741,0.516357421875,0.8056640625,-0.35546875,Mouth open
1714063209.913105,0.519287109375,0.808837890625,-0.361083984375,Mouth open
1714063209.929802,0.513427734375,0.80615234375,-0.358154296875,Mouth open
1714063209.993155,0.514404296875,0.803466796875,-0.35107421875,Mouth open
1714063210.009013,0.51708984375,0.80615234375,-0.357666015625,Mouth open
1714063210.058719,0.517333984375,0.803466796875,-0.354736328125,Mouth open
1714063210.089926,0.51513671875,0.805908203125,-0.3525390625,Mouth open
1714063210.130471,0.517333984375,0.806396484375,-0.354736328125,Mouth open
1714063210.182645,0.51611328125,0.80615234375,-0.35302734375,Mouth open
1714063210.212253,0.515869140625,0.804443359375,-0.355712890625,Mouth open
1714063210.263835,0.5185546875,0.8076171875,-0.357177734375,Mouth open
1714063210.287709,0.516357421875,0.805419921875,-0.35888671875,Mouth open
1714063210.336546,0.516845703125,0.80029296875,-0.359130859375,Mouth open
1714063210.368859,0.513916015625,0.8037109375,-0.35791015625,Mouth open
1714063210.409093,0.514892578125,0.802490234375,-0.36083984375,Mouth open
1714063210.451481,0.5166015625,0.803955078125,-0.359619140625,Mouth open
1714063210.489693,0.518310546875,0.806884765625,-0.3603515625,Mouth open
1714063210.536266,0.515380859375,0.807373046875,-0.365234375,Mouth open
1714063210.588701,0.5087890625,0.806396484375,-0.364501953125,Mouth open
1714063210.612038,0.5068359375,0.8037109375,-0.371826171875,Mouth open
1714063210.674824,0.507568359375,0.795654296875,-0.365234375,Mouth open
1714063210.690984,0.50830078125,0.802734375,-0.365234375,Mouth open
1714063210.745253,0.510498046875,0.80908203125,-0.369140625,Mouth open
1714063210.771153,0.506591796875,0.803955078125,-0.365234375,Mouth open
1714063210.813415,0.51318359375,0.801513671875,-0.3642578125,Mouth open
1714063210.862686,0.514404296875,0.802001953125,-0.3662109375,Mouth open
1714063210.887657,0.513671875,0.802001953125,-0.367919921875,Mouth open
1714063210.941166,0.5087890625,0.79736328125,-0.368408203125,Mouth open
1714063210.993828,0.513916015625,0.798828125,-0.37353515625,Mouth open
1714063211.010406,0.51123046875,0.7978515625,-0.367919921875,Mouth open
1714063211.072456,0.51220703125,0.80078125,-0.367919921875,Mouth open
1714063211.090679,0.512939453125,0.802490234375,-0.3701171875,Mouth open
1714063211.136901,0.511962890625,0.8037109375,-0.366943359375,Mouth open
1714063211.172493,0.507568359375,0.806884765625,-0.3642578125,Mouth open
1714063211.211185,0.505126953125,0.80419921875,-0.367431640625,Mouth open
1714063211.260985,0.5078125,0.806396484375,-0.369140625,Mouth open
1714063211.290816,0.506591796875,0.80908203125,-0.36474609375,Mouth open
1714063211.341953,0.509765625,0.80810546875,-0.364501953125,Mouth open
1714063211.398892,0.510986328125,0.802978515625,-0.36376953125,Mouth open
1714063211.415201,0.517822265625,0.80419921875,-0.364501953125,Mouth open
1714063211.477463,0.515380859375,0.801025390625,-0.36767578125,Mouth open
1714063211.490784,0.511962890625,0.7978515625,-0.367431640625,Mouth open
1714063211.533709,0.513916015625,0.7998046875,-0.367431640625,Mouth open
1714063211.572455,0.5126953125,0.803466796875,-0.361083984375,Mouth open
1714063211.622604,0.513671875,0.805419921875,-0.369384765625,Mouth open
1714063211.682445,0.5068359375,0.806884765625,-0.36279296875,Mouth open
1714063211.690864,0.5078125,0.806884765625,-0.365966796875,Mouth open
1714063211.731579,0.507568359375,0.806396484375,-0.36376953125,Mouth open
1714063211.774772,0.505615234375,0.8056640625,-0.362060546875,Mouth open
1714063211.827266,0.5087890625,0.80810546875,-0.366943359375,Mouth open
1714063211.850858,0.5048828125,0.804443359375,-0.365966796875,Mouth open
1714063211.912759,0.508544921875,0.807373046875,-0.36865234375,Mouth open
1714063211.933301,0.51025390625,0.804931640625,-0.366455078125,Mouth open
1714063211.97843,0.509765625,0.803955078125,-0.36767578125,Mouth open
1714063212.044771,0.510986328125,0.80126953125,-0.36669921875,Mouth open
1714063212.052651,0.51025390625,0.8046875,-0.364990234375,Mouth open
1714063212.094206,0.5087890625,0.806884765625,-0.36376953125,Mouth open
1714063212.135161,0.509033203125,0.805419921875,-0.36181640625,Mouth open
1714063212.175591,0.51025390625,0.8076171875,-0.36328125,Mouth open
1714063212.228239,0.507568359375,0.8076171875,-0.3642578125,Mouth open
1714063212.252027,0.507568359375,0.804443359375,-0.3623046875,Mouth open
1714063212.306931,0.508056640625,0.8046875,-0.363037109375,Mouth open
1714063212.36238,0.51171875,0.806640625,-0.366455078125,Mouth open
1714063212.379086,0.51025390625,0.80615234375,-0.36376953125,Mouth open
1714063212.412715,0.508544921875,0.804931640625,-0.36328125,Mouth open
1714063212.454199,0.513916015625,0.80712890625,-0.366455078125,Mouth open
1714063212.498252,0.508544921875,0.805908203125,-0.364990234375,Mouth open
1714063212.534112,0.512451171875,0.802734375,-0.3642578125,Mouth open
1714063212.579086,0.51220703125,0.806396484375,-0.36474609375,Mouth open
1714063212.631648,0.5107421875,0.802978515625,-0.36474609375,Mouth open
1714063212.655979,0.510009765625,0.80419921875,-0.365234375,Mouth open
1714063212.712392,0.511962890625,0.80419921875,-0.364501953125,Mouth open
1714063212.735447,0.509521484375,0.80419921875,-0.365234375,Mouth open
1714063212.785036,0.5107421875,0.804443359375,-0.361083984375,Mouth open
1714063212.815342,0.511474609375,0.810546875,-0.365478515625,Mouth open
1714063212.852876,0.5068359375,0.805419921875,-0.364501953125,Mouth open
1714063212.903869,0.50927734375,0.80517578125,-0.362060546875,Mouth open
1714063212.932682,0.5087890625,0.8076171875,-0.365478515625,Mouth open
1714063212.981402,0.5078125,0.804931640625,-0.364990234375,Mouth open
1714063213.0373,0.509033203125,0.80517578125,-0.365966796875,Mouth open
1714063213.053925,0.5087890625,0.8056640625,-0.364501953125,Mouth open
1714063213.115749,0.5087890625,0.8095703125,-0.365966796875,Mouth open
1714063213.134544,0.506591796875,0.805908203125,-0.364013671875,Mouth open
1714063213.188856,0.5087890625,0.804931640625,-0.369384765625,Mouth open
1714063213.214812,0.508544921875,0.804443359375,-0.367431640625,Mouth open
1714063213.256062,0.5087890625,0.804443359375,-0.367919921875,Mouth open
1714063213.307963,0.505859375,0.802734375,-0.367431640625,Mouth open
1714063213.336757,0.51025390625,0.802001953125,-0.3701171875,Mouth open
1714063213.385822,0.505615234375,0.80224609375,-0.3701171875,Mouth open
1714063213.442265,0.50732421875,0.805908203125,-0.37353515625,Mouth open
1714063213.4591,0.506591796875,0.805419921875,-0.369873046875,Mouth open
1714063213.493765,0.50537109375,0.8056640625,-0.37109375,Mouth open
1714063213.534392,0.5087890625,0.8037109375,-0.368408203125,Mouth open
1714063213.580774,0.511474609375,0.805908203125,-0.371826171875,Mouth open
1714063213.623304,0.50732421875,0.80224609375,-0.369384765625,Mouth open
1714063213.670309,0.508056640625,0.80419921875,-0.369140625,Mouth open
1714063213.694643,0.509033203125,0.803466796875,-0.3720703125,Mouth open
1714063213.745246,0.507080078125,0.80126953125,-0.366455078125,Mouth open
1714063213.775917,0.50830078125,0.8046875,-0.36865234375,Mouth open
1714063213.81603,0.509521484375,0.80908203125,-0.364990234375,Mouth open
1714063213.86384,0.509521484375,0.8056640625,-0.37255859375,Mouth open
1714063213.897172,0.50732421875,0.802978515625,-0.36767578125,Mouth open
1714063213.944332,0.509033203125,0.8046875,-0.370849609375,Mouth open
1714063213.997397,0.510498046875,0.8046875,-0.36865234375,Mouth open
1714063214.018825,0.509521484375,0.80419921875,-0.369140625,Mouth open
1714063214.075396,0.5126953125,0.8037109375,-0.371826171875,Mouth open
1714063214.096268,0.50634765625,0.8046875,-0.3681640625,Mouth open
1714063214.148223,0.508056640625,0.804931640625,-0.36962890625,Mouth open
1714063214.17411,0.505126953125,0.8037109375,-0.368896484375,Mouth open
1714063214.213983,0.508544921875,0.804443359375,-0.37060546875,Mouth open
1714063214.266711,0.510498046875,0.803466796875,-0.3720703125,Mouth open
1714063214.295517,0.5068359375,0.8017578125,-0.366455078125,Mouth open
1714063214.344634,0.50634765625,0.80419921875,-0.37060546875,Mouth open
1714063214.400321,0.51318359375,0.805908203125,-0.3701171875,Mouth open
1714063214.415203,0.508056640625,0.8037109375,-0.3662109375,Mouth open
1714063214.477839,0.5078125,0.802490234375,-0.367919921875,Mouth open
1714063214.49471,0.50830078125,0.8076171875,-0.364990234375,Mouth open
1714063214.542365,0.50634765625,0.8056640625,-0.370361328125,Mouth open
1714063214.579737,0.507568359375,0.803955078125,-0.36669921875,Mouth open
1714063214.622062,0.51123046875,0.804443359375,-0.37109375,Mouth open
1714063214.673955,0.5087890625,0.800048828125,-0.3681640625,Mouth open
1714063214.696748,0.51123046875,0.80322265625,-0.369873046875,Mouth open
1714063214.755898,0.510009765625,0.8037109375,-0.371337890625,Mouth open
1714063214.774222,0.507568359375,0.804931640625,-0.37158203125,Mouth open
1714063214.824742,0.505615234375,0.803955078125,-0.36962890625,Mouth open
1714063214.854747,0.504638671875,0.805908203125,-0.368896484375,Mouth open
1714063214.894851,0.506591796875,0.80712890625,-0.367919921875,Mouth open
1714063214.944884,0.5048828125,0.806396484375,-0.366943359375,Mouth open
1714063214.975569,0.504638671875,0.805419921875,-0.366943359375,Mouth open
1714063215.026326,0.5068359375,0.800048828125,-0.369384765625,Mouth open
1714063215.083961,0.51171875,0.8076171875,-0.365966796875,Mouth open
1714063215.100894,0.508544921875,0.807373046875,-0.365966796875,Mouth open
1714063215.163,0.508544921875,0.805908203125,-0.366455078125,Mouth open
1714063215.176533,0.505615234375,0.802490234375,-0.366943359375,Mouth open
1714063215.219736,0.50634765625,0.80517578125,-0.36572265625,Mouth open
1714063215.256615,0.51025390625,0.808349609375,-0.373291015625,Mouth open
1714063215.30219,0.50732421875,0.80712890625,-0.3623046875,Mouth open
1714063215.355857,0.509033203125,0.80908203125,-0.36865234375,Mouth open
1714063215.376833,0.5078125,0.808349609375,-0.363037109375,Mouth open
1714063215.433493,0.507080078125,0.806640625,-0.364501953125,Mouth open
1714063215.455088,0.505859375,0.808349609375,-0.364501953125,Mouth open
1714063215.500558,0.50732421875,0.806640625,-0.364990234375,Mouth open
1714063215.535998,0.504638671875,0.8095703125,-0.365966796875,Mouth open
1714063215.576233,0.507080078125,0.8076171875,-0.36376953125,Mouth open
1714063215.623123,0.505126953125,0.804931640625,-0.362548828125,Mouth open
1714063215.657345,0.508544921875,0.8076171875,-0.3662109375,Mouth open
1714063215.716471,0.505859375,0.80517578125,-0.365234375,Mouth open
1714063215.737185,0.50390625,0.809326171875,-0.35986328125,Mouth open
1714063215.788589,0.505859375,0.8095703125,-0.365478515625,Mouth open
1714063215.819228,0.50341796875,0.812744140625,-0.361328125,Mouth open
1714063215.857441,0.50341796875,0.81298828125,-0.360595703125,Mouth open
1714063215.907838,0.50341796875,0.813232421875,-0.361328125,Mouth open
1714063215.937832,0.504150390625,0.810302734375,-0.36279296875,Mouth open
1714063215.988986,0.5009765625,0.809814453125,-0.358642578125,Mouth open
1714063216.044598,0.50732421875,0.809326171875,-0.360595703125,Mouth open
1714063216.060294,0.5068359375,0.812255859375,-0.358642578125,Mouth open
1714063216.124939,0.50634765625,0.8095703125,-0.361572265625,Mouth open
1714063216.136066,0.507568359375,0.806884765625,-0.36083984375,Mouth open
1714063216.17857,0.506591796875,0.80712890625,-0.360595703125,Mouth open
1714063216.220317,0.506103515625,0.80810546875,-0.360595703125,Mouth open
1714063216.26308,0.503173828125,0.811767578125,-0.36376953125,Mouth open
1714063216.312135,0.505615234375,0.810546875,-0.36474609375,Mouth open
1714063216.340917,0.504150390625,0.80712890625,-0.361083984375,Mouth open
1714063216.390474,0.511474609375,0.810546875,-0.36328125,Mouth open
1714063216.444768,0.509521484375,0.806884765625,-0.360595703125,Mouth open
1714063216.460447,0.508544921875,0.8095703125,-0.357421875,Mouth open
1714063216.523262,0.505126953125,0.81005859375,-0.36474609375,Mouth open
1714063216.539533,0.50390625,0.80712890625,-0.3603515625,Mouth open
1714063216.594847,0.504150390625,0.809814453125,-0.361083984375,Mouth open
1714063216.618815,0.505126953125,0.81103515625,-0.361572265625,Mouth open
1714063216.663496,0.50439453125,0.81005859375,-0.364013671875,Mouth open
1714063216.71534,0.500732421875,0.80517578125,-0.363037109375,Mouth open
1714063216.737737,0.505615234375,0.808349609375,-0.36474609375,Mouth open
1714063216.795962,0.5078125,0.81103515625,-0.365966796875,Mouth open
1714063216.817155,0.5009765625,0.807861328125,-0.365966796875,Mouth open
1714063216.864686,0.50244140625,0.808837890625,-0.369384765625,Mouth open
1714063216.899266,0.5029296875,0.810791015625,-0.37109375,Mouth open
1714063216.937566,0.501220703125,0.809814453125,-0.368408203125,Mouth open
1714063216.986857,0.498779296875,0.81103515625,-0.37158203125,Mouth open
1714063217.019689,0.4990234375,0.807373046875,-0.37109375,Mouth open
1714063217.064694,0.497314453125,0.81005859375,-0.367919921875,Mouth open
1714063217.11911,0.502685546875,0.8095703125,-0.3701171875,Mouth open
1714063217.139638,0.502197265625,0.808349609375,-0.36572265625,Mouth open
1714063217.199999,0.50244140625,0.81005859375,-0.364013671875,Mouth open
1714063217.219933,0.502197265625,0.81103515625,-0.367919921875,Mouth open
1714063217.260813,0.50146484375,0.80908203125,-0.36474609375,Mouth open
1714063217.300415,0.50732421875,0.80615234375,-0.36328125,Mouth open
1714063217.340318,0.506103515625,0.810791015625,-0.36328125,Mouth open
1714063217.38815,0.511962890625,0.808349609375,-0.368896484375,Mouth open
1714063217.418402,0.507080078125,0.805419921875,-0.36328125,Mouth open
1714063217.469857,0.507568359375,0.804443359375,-0.3671875,Mouth open
1714063217.522458,0.50390625,0.802001953125,-0.36328125,Mouth open
1714063217.538589,0.503173828125,0.807861328125,-0.364501953125,Mouth open
1714063217.604349,0.5078125,0.809326171875,-0.365966796875,Mouth open
1714063217.619637,0.50244140625,0.81005859375,-0.369873046875,Mouth open
1714063217.674475,0.5029296875,0.80859375,-0.369140625,Mouth open
1714063217.700539,0.502197265625,0.80859375,-0.369140625,Mouth open
1714063217.742728,0.50390625,0.805908203125,-0.366943359375,Mouth open
1714063217.807996,0.508056640625,0.807861328125,-0.36962890625,Mouth open
1714063217.825486,0.506591796875,0.805419921875,-0.36865234375,Mouth open
1714063217.890843,0.50927734375,0.810546875,-0.36669921875,Mouth open
1714063217.900399,0.5068359375,0.805908203125,-0.366455078125,Mouth open
1714063217.944263,0.504638671875,0.802001953125,-0.36376953125,Mouth open
1714063217.980575,0.505126953125,0.806884765625,-0.36572265625,Mouth open
1714063218.025711,0.5029296875,0.813232421875,-0.36767578125,unknown
1714063218.082943,0.507080078125,0.810546875,-0.372802734375,unknown
1714063218.099977,0.506591796875,0.8095703125,-0.364013671875,unknown
1714063218.16459,0.506591796875,0.806640625,-0.369384765625,unknown
1714063218.181075,0.506103515625,0.802734375,-0.369140625,unknown
1714063218.220375,0.508544921875,0.807861328125,-0.36767578125,unknown
1714063218.262189,0.505126953125,0.80419921875,-0.36962890625,unknown
1714063218.305765,0.504150390625,0.80126953125,-0.367919921875,unknown
1714063218.356008,0.50390625,0.8037109375,-0.369873046875,unknown
1714063218.380668,0.5029296875,0.8046875,-0.368408203125,unknown
1714063218.436325,0.504638671875,0.80712890625,-0.370849609375,unknown
1714063218.460379,0.5078125,0.802490234375,-0.361328125,unknown
1714063218.50599,0.5107421875,0.8056640625,-0.360107421875,unknown
1714063218.541636,0.514404296875,0.808837890625,-0.3662109375,unknown
1714063218.581435,0.50634765625,0.8076171875,-0.3662109375,unknown
1714063218.627559,0.506591796875,0.80419921875,-0.366943359375,unknown
1714063218.662711,0.50244140625,0.8056640625,-0.369140625,unknown
1714063218.710134,0.49853515625,0.807861328125,-0.369384765625,unknown
1714063218.763386,0.491943359375,0.811767578125,-0.3779296875,unknown
1714063218.780994,0.491943359375,0.808837890625,-0.379638671875,unknown
1714063218.848354,0.4970703125,0.812744140625,-0.38134765625,unknown
1714063218.860061,0.498779296875,0.809326171875,-0.37939453125,unknown
1714063218.903448,0.50146484375,0.80615234375,-0.37744140625,unknown
1714063218.940525,0.500732421875,0.80419921875,-0.378173828125,unknown
1714063218.98895,0.496826171875,0.799560546875,-0.384521484375,unknown
1714063219.03888,0.491943359375,0.7998046875,-0.38916015625,unknown
1714063219.060954,0.489990234375,0.80126953125,-0.390625,unknown
1714063219.122731,0.49365234375,0.8056640625,-0.3896484375,unknown
1714063219.14246,0.494384765625,0.808349609375,-0.387451171875,unknown
1714063219.192818,0.499267578125,0.80615234375,-0.382080078125,unknown
1714063219.22181,0.501220703125,0.803466796875,-0.385986328125,unknown
1714063219.263392,0.498779296875,0.798828125,-0.3857421875,unknown
1714063219.313193,0.494873046875,0.7978515625,-0.385009765625,unknown
1714063219.343131,0.499267578125,0.80126953125,-0.384521484375,unknown
1714063219.396728,0.498046875,0.801025390625,-0.37890625,unknown
1714063219.419956,0.499267578125,0.80419921875,-0.38330078125,unknown
1714063219.45998,0.502197265625,0.806396484375,-0.3779296875,unknown
1714063219.500807,0.503662109375,0.809326171875,-0.37841796875,unknown
1714063219.540394,0.501953125,0.808349609375,-0.37548828125,unknown
1714063219.588482,0.503173828125,0.805419921875,-0.377685546875,unknown
1714063219.621876,0.502197265625,0.801025390625,-0.37841796875,unknown
1714063219.672673,0.500244140625,0.800537109375,-0.379638671875,unknown
1714063219.726436,0.50146484375,0.79833984375,-0.381103515625,unknown
1714063219.742609,0.5009765625,0.80126953125,-0.380615234375,unknown
1714063219.781682,0.49853515625,0.80224609375,-0.379638671875,unknown
1714063219.824701,0.49951171875,0.80517578125,-0.37939453125,unknown
1714063219.875359,0.501953125,0.8037109375,-0.384765625,unknown
1714063219.905991,0.501220703125,0.807861328125,-0.382080078125,unknown
1714063219.960004,0.491943359375,0.8056640625,-0.384521484375,unknown
1714063219.98219,0.491455078125,0.805908203125,-0.385498046875,unknown
1714063220.020699,0.49609375,0.80419921875,-0.382568359375,unknown
1714063220.061586,0.4970703125,0.805908203125,-0.381591796875,unknown
1714063220.100479,0.4990234375,0.802001953125,-0.387451171875,unknown
1714063220.15014,0.498291015625,0.800048828125,-0.38330078125,unknown
1714063220.183664,0.501708984375,0.8046875,-0.384765625,unknown
1714063220.232213,0.499267578125,0.802734375,-0.381103515625,unknown
1714063220.284508,0.496826171875,0.805419921875,-0.384033203125,unknown
1714063220.305044,0.497802734375,0.803466796875,-0.382568359375,unknown
1714063220.36464,0.49755859375,0.8017578125,-0.38134765625,unknown
1714063220.382898,0.501220703125,0.802978515625,-0.381591796875,unknown
1714063220.436336,0.497802734375,0.80615234375,-0.381591796875,unknown
1714063220.463671,0.49609375,0.8037109375,-0.382568359375,unknown
1714063220.504246,0.50439453125,0.802734375,-0.37646484375,unknown
1714063220.554634,0.49462890625,0.8056640625,-0.380126953125,unknown
1714063220.583293,0.501708984375,0.807373046875,-0.376708984375,unknown
1714063220.635729,0.5009765625,0.8056640625,-0.3828125,unknown
1714063220.690424,0.504150390625,0.802734375,-0.376953125,unknown
1714063220.706548,0.50390625,0.805908203125,-0.374755859375,unknown
1714063220.7691,0.506591796875,0.807861328125,-0.374267578125,unknown
1714063220.78248,0.507080078125,0.809814453125,-0.372802734375,unknown
1714063220.825531,0.50927734375,0.81396484375,-0.374755859375,unknown
1714063220.866741,0.514404296875,0.81396484375,-0.382080078125,unknown
1714063220.907235,0.513916015625,0.8173828125,-0.38330078125,unknown
1714063220.960404,0.510986328125,0.80908203125,-0.368896484375,unknown
1714063220.984623,0.515380859375,0.80859375,-0.373046875,unknown
1714063221.040381,0.505126953125,0.79833984375,-0.38037109375,unknown
1714063221.09695,0.494384765625,0.77734375,-0.376708984375,unknown
1714063221.114177,0.495361328125,0.779541015625,-0.39794921875,unknown
1714063221.146074,0.490234375,0.7880859375,-0.38623046875,unknown
1714063221.18635,0.486328125,0.805908203125,-0.413818359375,unknown
1714063221.231621,0.51220703125,0.8037109375,-0.410888671875,unknown
1714063221.265354,0.5068359375,0.789306640625,-0.41748046875,unknown
1714063221.31251,0.513671875,0.773193359375,-0.354248046875,unknown
1714063221.365808,0.525146484375,0.78173828125,-0.35693359375,unknown
1714063221.383361,0.5126953125,0.8017578125,-0.3701171875,unknown
1714063221.443385,0.51220703125,0.795166015625,-0.37451171875,unknown
1714063221.463326,0.527587890625,0.808349609375,-0.354736328125,unknown
1714063221.511217,0.541015625,0.810302734375,-0.32080078125,unknown
1714063221.544265,0.546630859375,0.829345703125,-0.3232421875,unknown
1714063221.584819,0.53564453125,0.82958984375,-0.32861328125,unknown
1714063221.634908,0.52880859375,0.811279296875,-0.343994140625,unknown
1714063221.665501,0.52734375,0.801513671875,-0.329345703125,unknown
1714063221.715775,0.526611328125,0.80322265625,-0.298828125,unknown
1714063221.771888,0.5654296875,0.8154296875,-0.286865234375,unknown
1714063221.788077,0.53515625,0.82177734375,-0.272216796875,unknown
1714063221.851087,0.509521484375,0.814453125,-0.248291015625,unknown
1714063221.866666,0.54052734375,0.80859375,-0.211181640625,unknown
1714063221.907324,0.58837890625,0.818603515625,-0.22216796875,unknown
1714063221.946963,0.583984375,0.80810546875,-0.20361328125,unknown
1714063221.995878,0.5595703125,0.78515625,-0.182373046875,unknown
1714063222.051652,0.57080078125,0.787841796875,-0.17041015625,unknown
1714063222.068592,0.545166015625,0.80029296875,-0.131591796875,unknown
1714063222.103757,0.581298828125,0.843505859375,-0.10595703125,unknown
1714063222.144269,0.62939453125,0.8564453125,-0.07763671875,unknown
1714063222.189301,0.6328125,0.81787109375,-0.066650390625,unknown
1714063222.22445,0.6015625,0.802001953125,-0.05224609375,unknown
1714063222.270653,0.5322265625,0.845458984375,-0.0859375,unknown
1714063222.323716,0.571533203125,0.902099609375,-0.0478515625,unknown
1714063222.346952,0.649658203125,0.986572265625,-0.084716796875,unknown
1714063222.40149,0.65673828125,0.97900390625,-0.1474609375,unknown
1714063222.425711,0.6005859375,0.889404296875,-0.0322265625,unknown
1714063222.472592,0.517578125,0.890625,0.0419921875,unknown
1714063222.506412,0.401611328125,0.861572265625,0.115478515625,unknown
1714063222.546118,0.349609375,0.89453125,0.168212890625,unknown
1714063222.590489,0.296142578125,0.861328125,0.22265625,unknown
1714063222.625136,0.21484375,0.823486328125,0.275634765625,unknown
1714063222.66976,0.281005859375,0.87646484375,0.169677734375,unknown
1714063222.726059,0.317626953125,0.788330078125,0.135986328125,unknown
1714063222.770181,0.41455078125,0.8359375,0.09228515625,unknown
1714063222.787176,0.512939453125,0.912109375,0.109619140625,unknown
1714063222.825851,0.55126953125,0.98193359375,0.110595703125,unknown
1714063222.876549,0.6533203125,1.109375,-0.02197265625,unknown
1714063222.907369,0.6318359375,1.111328125,-0.023193359375,unknown
1714063222.954893,0.560546875,0.969970703125,-0.031982421875,unknown
1714063223.010768,0.511474609375,0.88525390625,-0.02587890625,unknown
1714063223.027084,0.47705078125,0.809814453125,-0.0205078125,unknown
1714063223.089513,0.46337890625,0.76904296875,-0.0869140625,unknown
1714063223.106661,0.489501953125,0.8095703125,-0.1181640625,unknown
1714063223.154904,0.517822265625,0.8720703125,-0.1513671875,unknown
1714063223.187199,0.522216796875,0.905517578125,-0.14306640625,unknown
1714063223.23347,0.5478515625,0.930419921875,-0.166015625,unknown
1714063223.284079,0.51025390625,0.90478515625,-0.174560546875,unknown
1714063223.304618,0.498291015625,0.85302734375,-0.17919921875,unknown
1714063223.363464,0.494140625,0.8408203125,-0.206298828125,unknown
1714063223.38672,0.52294921875,0.852783203125,-0.22607421875,unknown
1714063223.433591,0.515869140625,0.850830078125,-0.22607421875,unknown
1714063223.468198,0.506591796875,0.8505859375,-0.228271484375,unknown
1714063223.506276,0.500244140625,0.85009765625,-0.216552734375,unknown
1714063223.55256,0.4873046875,0.858154296875,-0.209228515625,unknown
1714063223.589172,0.50048828125,0.869873046875,-0.19189453125,unknown
1714063223.635796,0.515869140625,0.8837890625,-0.18408203125,unknown
1714063223.685658,0.5009765625,0.8828125,-0.1982421875,unknown
1714063223.709775,0.5029296875,0.861083984375,-0.195068359375,unknown
1714063223.765026,0.518798828125,0.85498046875,-0.180908203125,unknown
1714063223.788862,0.51220703125,0.8388671875,-0.17041015625,unknown
1714063223.828181,0.50634765625,0.84814453125,-0.165771484375,unknown
1714063223.868089,0.513427734375,0.866943359375,-0.163330078125,unknown
1714063223.908255,0.513916015625,0.883056640625,-0.16357421875,unknown
1714063223.955908,0.514892578125,0.886962890625,-0.1748046875,unknown
1714063223.986157,0.51123046875,0.880859375,-0.173095703125,unknown
1714063224.047663,0.5126953125,0.869140625,-0.162109375,unknown
1714063224.066817,0.515869140625,0.8701171875,-0.158935546875,unknown
1714063224.11686,0.521484375,0.873046875,-0.157470703125,unknown
1714063224.147359,0.515380859375,0.87548828125,-0.1669921875,unknown
1714063224.187353,0.514404296875,0.867919921875,-0.1767578125,unknown
1714063224.233227,0.51171875,0.86376953125,-0.18115234375,unknown
1714063224.268784,0.514892578125,0.86669921875,-0.184326171875,unknown
1714063224.317075,0.511962890625,0.86669921875,-0.184814453125,unknown
1714063224.369382,0.51123046875,0.8662109375,-0.18896484375,unknown
1714063224.390683,0.512939453125,0.861572265625,-0.1923828125,unknown
1714063224.447463,0.505859375,0.8564453125,-0.193115234375,unknown
1714063224.470639,0.5087890625,0.860107421875,-0.201171875,unknown
1714063224.514499,0.51611328125,0.86474609375,-0.19970703125,unknown
1714063224.551012,0.520263671875,0.86865234375,-0.199951171875,unknown
1714063224.588273,0.517822265625,0.86279296875,-0.20654296875,unknown
1714063224.639893,0.50390625,0.866455078125,-0.199462890625,unknown
1714063224.668998,0.4833984375,0.8671875,-0.189208984375,unknown
1714063224.718577,0.502685546875,0.855224609375,-0.19873046875,unknown
1714063224.773458,0.5205078125,0.861083984375,-0.214599609375,unknown
1714063224.790183,0.524169921875,0.86279296875,-0.2080078125,unknown
1714063224.852285,0.5224609375,0.857421875,-0.204833984375,unknown
1714063224.868718,0.524169921875,0.860107421875,-0.2060546875,unknown
1714063224.91731,0.52978515625,0.861328125,-0.2177734375,unknown
1714063224.949523,0.523681640625,0.859619140625,-0.218994140625,unknown
1714063224.991459,0.52880859375,0.856201171875,-0.217041015625,unknown
1714063225.041596,0.524169921875,0.85498046875,-0.212646484375,unknown
1714063225.069687,0.518798828125,0.85791015625,-0.213134765625,unknown
1714063225.120152,0.52978515625,0.856689453125,-0.198974609375,unknown
1714063225.172696,0.529052734375,0.8671875,-0.193359375,unknown
1714063225.188452,0.53076171875,0.885009765625,-0.190185546875,unknown
1714063225.252522,0.51171875,0.890625,-0.186279296875,unknown
1714063225.269812,0.506103515625,0.888671875,-0.186279296875,unknown
1714063225.316587,0.51513671875,0.881103515625,-0.19189453125,unknown
1714063225.350785,0.50732421875,0.850830078125,-0.205078125,unknown
1714063225.403879,0.53173828125,0.832763671875,-0.20849609375,unknown
1714063225.459693,0.52490234375,0.850341796875,-0.2470703125,unknown
1714063225.476633,0.525634765625,0.795654296875,-0.24267578125,unknown
1714063225.509332,0.552001953125,0.760009765625,-0.2763671875,unknown
1714063225.551305,0.556640625,0.736572265625,-0.281494140625,unknown
1714063225.598865,0.562744140625,0.736572265625,-0.299560546875,unknown
1714063225.629144,0.5634765625,0.7275390625,-0.2255859375,unknown
1714063225.682575,0.629150390625,0.73193359375,-0.17822265625,unknown
1714063225.715666,0.67724609375,0.7080078125,-0.14892578125,unknown
1714063225.772976,0.31689453125,0.174560546875,0.657958984375,unknown
1714063225.80185,0.194091796875,0.084228515625,-0.334228515625,unknown
1714063225.831053,-0.15185546875,-0.21044921875,0.9990234375,unknown
1714063225.875536,-0.50732421875,0.862060546875,0.0205078125,unknown
1714063225.929763,1.291259765625,0.299560546875,0.1416015625,unknown
1714063225.948102,0.174072265625,0.81689453125,-0.45458984375,unknown
1714063226.013701,0.834228515625,0.921630859375,-0.225830078125,unknown
1714063226.030347,0.49169921875,0.69970703125,0.017578125,unknown
1714063226.072899,0.593017578125,0.8125,0.002685546875,unknown
1714063226.110123,0.590087890625,0.863037109375,0.045166015625,unknown
1714063226.157826,0.59326171875,0.86083984375,0.036376953125,unknown
1714063226.216285,0.668212890625,0.858642578125,0.0234375,unknown
1714063226.23268,0.577392578125,0.852294921875,-0.080322265625,unknown
1714063226.272563,0.807373046875,0.942626953125,-0.25146484375,unknown
1714063226.312103,0.757080078125,0.642822265625,-0.035888671875,unknown
1714063226.366333,0.82763671875,0.53515625,-0.008056640625,unknown
1714063226.394732,0.813232421875,0.66748046875,0.003662109375,unknown
1714063226.445093,0.436279296875,0.6025390625,0.8212890625,unknown
1714063226.500645,-0.6884765625,1.0,-0.37646484375,unknown
1714063226.511077,-2.0,1.802490234375,1.3662109375,unknown
1714063226.551571,1.42919921875,-0.12158203125,-0.5595703125,unknown
1714063226.589193,1.25146484375,-0.375244140625,-1.245361328125,unknown
1714063226.638579,1.39599609375,-0.263916015625,0.95947265625,unknown
1714063226.670199,1.1806640625,-0.209228515625,0.61376953125,unknown
1714063226.72129,0.618408203125,-0.135009765625,-0.08642578125,unknown
1714063226.751056,-0.23291015625,0.35986328125,0.651611328125,unknown
1714063226.791656,-0.350830078125,0.761474609375,1.224365234375,unknown
1714063226.838377,-0.154052734375,0.65966796875,0.155029296875,unknown
1714063226.891724,-1.513427734375,1.003173828125,0.244384765625,unknown
1714063226.912084,-1.3779296875,0.6376953125,-0.0146484375,unknown
1714063226.971591,-0.37841796875,0.362060546875,0.985595703125,unknown
1714063226.99209,-0.765869140625,0.103759765625,0.804931640625,unknown
1714063227.033466,-0.2578125,-0.274169921875,-0.134521484375,unknown
1714063227.073818,0.224365234375,0.074951171875,-0.34423828125,unknown
1714063227.112256,1.9970703125,1.999755859375,1.941162109375,unknown
1714063227.160881,-0.98876953125,-1.552978515625,-0.848876953125,unknown
1714063227.191359,-2.0,1.063232421875,1.99853515625,unknown
1714063227.242394,-0.13427734375,-0.39306640625,0.025390625,unknown
1714063227.269609,0.0634765625,0.79931640625,0.73876953125,unknown
1714063227.339317,-0.2080078125,0.189453125,0.725830078125,unknown
1714063227.350326,-0.628662109375,-0.422607421875,0.35302734375,unknown
1714063227.393469,-1.339599609375,1.271240234375,0.4384765625,unknown
1714063227.431363,-1.343017578125,0.092041015625,0.4267578125,unknown
1714063227.477778,-1.220947265625,0.38671875,0.5029296875,unknown
1714063227.531587,-0.39013671875,0.112060546875,0.425537109375,unknown
1714063227.552574,-0.4453125,0.058349609375,0.1650390625,unknown
1714063227.615466,-1.296875,0.373779296875,-0.2939453125,unknown
1714063227.63526,-1.009521484375,0.52001953125,-0.87548828125,unknown
1714063227.674574,-0.306640625,0.409423828125,-0.005615234375,unknown
1714063227.713122,-1.10693359375,0.4306640625,0.3623046875,unknown
1714063227.758748,-0.6806640625,0.3623046875,0.3662109375,unknown
1714063227.791586,-1.14501953125,0.353271484375,0.144775390625,unknown
1714063227.844159,-0.95361328125,0.341796875,0.02978515625,unknown
1714063227.870054,-1.074462890625,0.361328125,0.19677734375,unknown
1714063227.925214,-0.881103515625,0.3505859375,0.143310546875,unknown
