ts,x_ear,y_ear,z_ear,label
1713972753.23323,0.65283203125,0.755615234375,0.217041015625,unknown
1713972753.23325,0.65673828125,0.75439453125,0.218017578125,unknown
1713972753.233258,0.665771484375,0.751953125,0.22265625,unknown
1713972753.257486,0.638916015625,0.751953125,0.230224609375,unknown
1713972753.28518,0.652099609375,0.75390625,0.213623046875,unknown
1713972753.370203,0.644775390625,0.749755859375,0.207275390625,unknown
1713972753.370238,0.636962890625,0.751708984375,0.19873046875,unknown
1713972753.404969,0.643310546875,0.75390625,0.18896484375,unknown
1713972753.44459,0.6513671875,0.7607421875,0.19677734375,unknown
1713972753.483137,0.64794921875,0.758544921875,0.20361328125,unknown
1713972753.524079,0.65625,0.765380859375,0.214599609375,unknown
1713972753.583399,0.652587890625,0.771484375,0.218994140625,unknown
1713972753.629224,0.65576171875,0.7724609375,0.212158203125,unknown
1713972753.650109,0.658447265625,0.76953125,0.199462890625,unknown
1713972753.686658,0.659912109375,0.77001953125,0.188232421875,unknown
1713972753.730454,0.648193359375,0.76416015625,0.171875,unknown
1713972753.766461,0.641357421875,0.7587890625,0.15185546875,unknown
1713972753.809175,0.63671875,0.75244140625,0.12939453125,unknown
1713972753.846688,0.638671875,0.7568359375,0.131591796875,unknown
1713972753.897348,0.64599609375,0.769775390625,0.13720703125,unknown
1713972753.929581,0.640869140625,0.77734375,0.14208984375,unknown
1713972753.966604,0.64990234375,0.77880859375,0.138427734375,unknown
1713972754.014478,0.65087890625,0.781494140625,0.14990234375,unknown
1713972754.050677,0.65185546875,0.778076171875,0.158203125,unknown
1713972754.085048,0.6513671875,0.778076171875,0.1630859375,unknown
1713972754.126678,0.652099609375,0.77880859375,0.17333984375,unknown
1713972754.170211,0.648193359375,0.781494140625,0.17431640625,unknown
1713972754.214557,0.642578125,0.781005859375,0.190185546875,unknown
1713972754.245407,0.6328125,0.77783203125,0.1845703125,unknown
1713972754.287374,0.6494140625,0.773681640625,0.171142578125,unknown
1713972754.326173,0.650390625,0.7568359375,0.176513671875,unknown
1713972754.36843,0.635986328125,0.74951171875,0.189208984375,unknown
1713972754.407897,0.65185546875,0.75634765625,0.188232421875,unknown
1713972754.451647,0.638671875,0.763671875,0.19873046875,unknown
1713972754.487054,0.649169921875,0.7734375,0.184814453125,unknown
1713972754.527454,0.6484375,0.7705078125,0.17626953125,unknown
1713972754.569166,0.64990234375,0.772216796875,0.178466796875,unknown
1713972754.60809,0.651611328125,0.76220703125,0.18505859375,unknown
1713972754.648302,0.65380859375,0.75634765625,0.198974609375,unknown
1713972754.689395,0.65478515625,0.7490234375,0.192626953125,unknown
1713972754.72842,0.6572265625,0.747802734375,0.19921875,unknown
1713972754.771575,0.650390625,0.751708984375,0.18798828125,unknown
1713972754.813925,0.65771484375,0.750732421875,0.192138671875,unknown
1713972754.847168,0.6650390625,0.751220703125,0.2041015625,unknown
1713972754.899494,0.65869140625,0.752685546875,0.20751953125,unknown
1713972754.927968,0.662841796875,0.751953125,0.2109375,unknown
1713972754.969299,0.662109375,0.754150390625,0.220703125,unknown
1713972755.009993,0.663330078125,0.75341796875,0.214599609375,unknown
1713972755.05274,0.6513671875,0.7529296875,0.216796875,unknown
1713972755.087291,0.658447265625,0.7529296875,0.21533203125,unknown
1713972755.128121,0.654296875,0.751708984375,0.216064453125,unknown
1713972755.16843,0.654541015625,0.751220703125,0.215087890625,unknown
1713972755.209727,0.65478515625,0.746826171875,0.220947265625,unknown
1713972755.24969,0.657470703125,0.748779296875,0.222900390625,unknown
1713972755.289127,0.65673828125,0.749755859375,0.221435546875,unknown
1713972755.329632,0.6611328125,0.75244140625,0.22412109375,unknown
1713972755.426297,0.65673828125,0.748291015625,0.2255859375,unknown
1713972755.426968,0.658447265625,0.75,0.220703125,unknown
1713972755.454071,0.655029296875,0.749755859375,0.219482421875,unknown
1713972755.490709,0.65576171875,0.747314453125,0.21435546875,unknown
1713972755.530658,0.653076171875,0.7509765625,0.210205078125,unknown
1713972755.569146,0.6533203125,0.750244140625,0.21044921875,unknown
1713972755.609305,0.65625,0.75341796875,0.212158203125,unknown
1713972755.649427,0.651123046875,0.75390625,0.2138671875,unknown
1713972755.69037,0.654296875,0.750732421875,0.207275390625,unknown
1713972755.73214,0.648681640625,0.7470703125,0.20654296875,unknown
1713972755.772079,0.6474609375,0.748779296875,0.201904296875,unknown
1713972755.81259,0.65966796875,0.756103515625,0.217041015625,unknown
1713972755.855776,0.663818359375,0.755859375,0.222412109375,unknown
1713972755.892728,0.655029296875,0.760986328125,0.2333984375,unknown
1713972755.932369,0.6552734375,0.7568359375,0.224853515625,unknown
1713972755.971919,0.64501953125,0.751708984375,0.226318359375,unknown
1713972756.016453,0.650390625,0.749267578125,0.224365234375,unknown
1713972756.052511,0.645263671875,0.75048828125,0.22705078125,unknown
1713972756.093446,0.652587890625,0.747802734375,0.23193359375,unknown
1713972756.131942,0.650634765625,0.74853515625,0.242431640625,unknown
1713972756.171456,0.6533203125,0.75048828125,0.24267578125,unknown
1713972756.213243,0.651611328125,0.75,0.24609375,unknown
1713972756.263586,0.650146484375,0.749755859375,0.24462890625,unknown
1713972756.29204,0.65087890625,0.752685546875,0.24462890625,unknown
1713972756.336001,0.64990234375,0.74951171875,0.24169921875,unknown
1713972756.377993,0.646240234375,0.74951171875,0.24169921875,unknown
1713972756.413518,0.65185546875,0.7529296875,0.23779296875,unknown
1713972756.452067,0.6455078125,0.75048828125,0.23876953125,unknown
1713972756.499995,0.649658203125,0.75244140625,0.24169921875,unknown
1713972756.531199,0.650390625,0.7529296875,0.24267578125,unknown
1713972756.574959,0.64404296875,0.752685546875,0.23974609375,unknown
1713972756.61992,0.64697265625,0.750732421875,0.23291015625,unknown
1713972756.660516,0.642822265625,0.748291015625,0.239501953125,unknown
1713972756.697484,0.648193359375,0.7509765625,0.23388671875,unknown
1713972756.740644,0.65087890625,0.75146484375,0.235595703125,unknown
1713972756.770236,0.647216796875,0.753173828125,0.23388671875,unknown
1713972756.823312,0.646728515625,0.7548828125,0.233642578125,unknown
1713972756.849927,0.646728515625,0.75146484375,0.235107421875,unknown
1713972756.900211,0.645751953125,0.753173828125,0.23974609375,unknown
1713972756.930582,0.6484375,0.751220703125,0.239501953125,unknown
1713972756.97148,0.64501953125,0.751953125,0.23486328125,unknown
1713972757.017401,0.649658203125,0.75341796875,0.237060546875,unknown
1713972757.051249,0.645263671875,0.746826171875,0.240234375,unknown
1713972757.092333,0.65087890625,0.750244140625,0.24169921875,unknown
1713972757.132098,0.64501953125,0.752197265625,0.242919921875,unknown
1713972757.173402,0.644775390625,0.75,0.241455078125,unknown
1713972757.213271,0.648681640625,0.7529296875,0.237060546875,unknown
1713972757.255301,0.6455078125,0.7509765625,0.23828125,unknown
1713972757.291733,0.643310546875,0.750732421875,0.2412109375,unknown
1713972757.332397,0.642578125,0.751708984375,0.235595703125,unknown
1713972757.370903,0.646484375,0.751953125,0.240478515625,unknown
1713972757.410115,0.64599609375,0.753173828125,0.240234375,unknown
1713972757.450742,0.646484375,0.750732421875,0.236083984375,unknown
1713972757.49141,0.644287109375,0.751220703125,0.239013671875,unknown
1713972757.534575,0.64697265625,0.75244140625,0.244140625,unknown
1713972757.57318,0.646240234375,0.750732421875,0.24853515625,unknown
1713972757.619336,0.65380859375,0.7529296875,0.245849609375,unknown
1713972757.655596,0.64892578125,0.748779296875,0.24365234375,unknown
1713972757.692692,0.646240234375,0.749267578125,0.247314453125,unknown
1713972757.732931,0.6484375,0.753662109375,0.247802734375,unknown
1713972757.772477,0.640625,0.7529296875,0.2470703125,unknown
1713972757.812363,0.640625,0.748779296875,0.24462890625,unknown
1713972757.856855,0.641357421875,0.75146484375,0.249267578125,unknown
1713972757.895671,0.64453125,0.7529296875,0.252685546875,unknown
1713972757.933118,0.64453125,0.75146484375,0.25048828125,unknown
1713972757.978046,0.64599609375,0.756103515625,0.248046875,unknown
1713972758.012357,0.64306640625,0.757568359375,0.246337890625,unknown
1713972758.062742,0.64599609375,0.756103515625,0.246826171875,unknown
1713972758.097322,0.644775390625,0.753173828125,0.249755859375,unknown
1713972758.138006,0.64501953125,0.7451171875,0.238037109375,unknown
1713972758.174962,0.65234375,0.745361328125,0.24365234375,unknown
1713972758.215556,0.65673828125,0.740966796875,0.253662109375,unknown
1713972758.252123,0.65625,0.73291015625,0.248291015625,unknown
1713972758.30032,0.658447265625,0.732666015625,0.256591796875,unknown
1713972758.334746,0.66162109375,0.731689453125,0.251220703125,unknown
1713972758.385166,0.663330078125,0.738037109375,0.257568359375,unknown
1713972758.412106,0.6552734375,0.739501953125,0.243408203125,unknown
1713972758.460595,0.6572265625,0.747314453125,0.261962890625,unknown
1713972758.498059,0.654541015625,0.7470703125,0.237548828125,unknown
1713972758.535356,0.671142578125,0.733154296875,0.259521484375,unknown
1713972758.574498,0.6640625,0.7333984375,0.2509765625,unknown
1713972758.615191,0.665771484375,0.7255859375,0.2275390625,unknown
1713972758.653527,0.644775390625,0.754150390625,0.22314453125,unknown
1713972758.69221,0.647705078125,0.75341796875,0.2197265625,unknown
1713972758.732647,0.656982421875,0.752197265625,0.2138671875,unknown
1713972758.778064,0.634521484375,0.771484375,0.201171875,unknown
1713972758.813872,0.64306640625,0.767578125,0.18701171875,unknown
1713972758.855458,0.651123046875,0.76953125,0.19140625,unknown
1713972758.894288,0.650634765625,0.757080078125,0.19384765625,unknown
1713972758.936263,0.65185546875,0.761474609375,0.19189453125,unknown
1713972758.974756,0.648681640625,0.7578125,0.1923828125,unknown
1713972759.015284,0.6552734375,0.764404296875,0.161865234375,unknown
1713972759.055397,0.65234375,0.7470703125,0.193603515625,unknown
1713972759.097499,0.6640625,0.739501953125,0.19287109375,unknown
1713972759.136275,0.664794921875,0.754638671875,0.20556640625,unknown
1713972759.178349,0.667236328125,0.75390625,0.212158203125,unknown
1713972759.217198,0.66259765625,0.754150390625,0.189208984375,unknown
1713972759.257293,0.639892578125,0.79931640625,0.162109375,unknown
1713972759.295225,0.65185546875,0.77490234375,0.182373046875,unknown
1713972759.338351,0.64892578125,0.781494140625,0.16357421875,unknown
1713972759.374324,0.65673828125,0.786865234375,0.18701171875,unknown
1713972759.416746,0.626953125,0.80029296875,0.17626953125,unknown
1713972759.456736,0.621337890625,0.80029296875,0.1572265625,unknown
1713972759.49641,0.6591796875,0.7265625,0.140380859375,unknown
1713972759.536115,0.697021484375,0.748779296875,0.158935546875,unknown
1713972759.576701,0.64111328125,0.772216796875,0.155029296875,unknown
1713972759.615349,0.635009765625,0.773681640625,0.14697265625,unknown
1713972759.65649,0.692626953125,0.76611328125,0.169921875,unknown
1713972759.698093,0.689208984375,0.782958984375,0.15966796875,unknown
1713972759.736333,0.647216796875,0.7744140625,0.125732421875,unknown
1713972759.777161,0.638671875,0.776611328125,0.134521484375,unknown
1713972759.817431,0.65576171875,0.764892578125,0.13037109375,unknown
1713972759.856688,0.65625,0.762939453125,0.137939453125,unknown
1713972759.897201,0.64990234375,0.77294921875,0.129638671875,unknown
1713972759.936227,0.66015625,0.768310546875,0.134765625,unknown
1713972759.979687,0.6982421875,0.743896484375,0.14501953125,unknown
1713972760.020231,0.677734375,0.7783203125,0.133056640625,unknown
1713972760.061753,0.671875,0.783935546875,0.125732421875,unknown
1713972760.102547,0.68701171875,0.746826171875,0.129150390625,unknown
1713972760.1438,0.677978515625,0.739013671875,0.130615234375,unknown
1713972760.177881,0.65576171875,0.744384765625,0.10009765625,unknown
1713972760.217536,0.66552734375,0.743896484375,0.118408203125,unknown
1713972760.258143,0.682373046875,0.7470703125,0.130859375,unknown
1713972760.30044,0.690673828125,0.747802734375,0.161376953125,unknown
1713972760.341049,0.674072265625,0.777099609375,0.13818359375,unknown
1713972760.382832,0.721923828125,0.728515625,0.14501953125,unknown
1713972760.41818,0.670654296875,0.7509765625,0.1376953125,unknown
1713972760.458255,0.69775390625,0.76318359375,0.159423828125,unknown
1713972760.504389,0.625244140625,0.7861328125,0.128173828125,unknown
1713972760.539189,0.65185546875,0.7607421875,0.113037109375,unknown
1713972760.578145,0.674560546875,0.7451171875,0.12353515625,unknown
1713972760.616107,0.682373046875,0.74853515625,0.136962890625,unknown
1713972760.656105,0.64697265625,0.7626953125,0.156005859375,unknown
1713972760.696979,0.687744140625,0.72802734375,0.12060546875,unknown
1713972760.740397,0.708740234375,0.7197265625,0.155517578125,unknown
1713972760.783302,0.72265625,0.753662109375,0.15087890625,unknown
1713972760.825776,0.67822265625,0.76904296875,0.143798828125,unknown
1713972760.85814,0.653564453125,0.7724609375,0.13134765625,unknown
1713972760.910656,0.65869140625,0.7646484375,0.14453125,unknown
1713972760.937164,0.658935546875,0.7578125,0.133056640625,unknown
1713972760.979821,0.6796875,0.751220703125,0.124755859375,unknown
1713972761.024012,0.673583984375,0.75830078125,0.13916015625,unknown
1713972761.05998,0.67724609375,0.74072265625,0.13671875,unknown
1713972761.099717,0.681640625,0.748046875,0.134033203125,unknown
1713972761.139509,0.675048828125,0.756103515625,0.130859375,unknown
1713972761.181888,0.6484375,0.76318359375,0.122802734375,unknown
1713972761.221088,0.671875,0.756103515625,0.127197265625,unknown
1713972761.259659,0.67138671875,0.751953125,0.134765625,unknown
1713972761.299526,0.679443359375,0.754638671875,0.126708984375,unknown
1713972761.338705,0.668701171875,0.74853515625,0.12939453125,unknown
1713972761.379856,0.68408203125,0.754638671875,0.1357421875,unknown
1713972761.422933,0.6748046875,0.75390625,0.12890625,unknown
1713972761.458314,0.67333984375,0.754638671875,0.12744140625,unknown
1713972761.504133,0.678466796875,0.759765625,0.128173828125,unknown
1713972761.543612,0.674560546875,0.750732421875,0.124267578125,unknown
1713972761.581293,0.669677734375,0.750732421875,0.121337890625,unknown
1713972761.619314,0.67431640625,0.75048828125,0.125244140625,unknown
1713972761.659172,0.673583984375,0.748779296875,0.11474609375,unknown
1713972761.700418,0.668212890625,0.751953125,0.104736328125,unknown
1713972761.740165,0.6572265625,0.7646484375,0.094482421875,unknown
1713972761.783128,0.65771484375,0.75390625,0.104736328125,unknown
1713972761.821957,0.67578125,0.756103515625,0.1357421875,unknown
1713972761.861462,0.693603515625,0.760009765625,0.160888671875,unknown
1713972761.902764,0.66064453125,0.754638671875,0.099609375,unknown
1713972761.940574,0.70947265625,0.771240234375,0.138916015625,unknown
1713972761.979642,0.6708984375,0.76806640625,0.12646484375,unknown
1713972762.022711,0.661376953125,0.764404296875,0.108154296875,unknown
1713972762.059724,0.661376953125,0.766357421875,0.101806640625,unknown
1713972762.113657,0.662841796875,0.764404296875,0.103515625,unknown
1713972762.140949,0.668701171875,0.76611328125,0.103759765625,unknown
1713972762.184071,0.669921875,0.7646484375,0.10009765625,unknown
1713972762.226602,0.66552734375,0.7705078125,0.09326171875,unknown
1713972762.262705,0.676513671875,0.758056640625,0.1142578125,unknown
1713972762.301907,0.674072265625,0.75048828125,0.105712890625,unknown
1713972762.34211,0.67431640625,0.75390625,0.103271484375,unknown
1713972762.38277,0.67529296875,0.75537109375,0.105224609375,unknown
1713972762.423846,0.67333984375,0.76171875,0.09912109375,unknown
1713972762.462698,0.666259765625,0.767822265625,0.095703125,unknown
1713972762.50361,0.673828125,0.77392578125,0.08984375,unknown
1713972762.5472,0.659423828125,0.77001953125,0.089599609375,unknown
1713972762.582867,0.667724609375,0.77685546875,0.086669921875,unknown
1713972762.622199,0.674560546875,0.77490234375,0.083984375,unknown
1713972762.663271,0.671630859375,0.76904296875,0.076904296875,unknown
1713972762.710848,0.66943359375,0.761962890625,0.07177734375,unknown
1713972762.745559,0.6826171875,0.760498046875,0.06884765625,unknown
1713972762.780816,0.677490234375,0.75341796875,0.064208984375,unknown
1713972762.82078,0.682861328125,0.751708984375,0.065673828125,unknown
1713972762.86188,0.6845703125,0.74853515625,0.06298828125,unknown
1713972762.901671,0.686767578125,0.7451171875,0.052734375,unknown
1713972762.945325,0.685546875,0.744384765625,0.05029296875,unknown
1713972762.982949,0.688720703125,0.741943359375,0.044189453125,unknown
1713972763.024649,0.683837890625,0.745361328125,0.051025390625,unknown
1713972763.062101,0.68896484375,0.745849609375,0.04052734375,unknown
1713972763.105652,0.688232421875,0.7431640625,0.039306640625,unknown
1713972763.143167,0.685302734375,0.748046875,0.045654296875,unknown
1713972763.187018,0.690185546875,0.76025390625,0.050537109375,unknown
1713972763.222972,0.681884765625,0.7568359375,0.051513671875,unknown
1713972763.262298,0.676025390625,0.75927734375,0.051513671875,unknown
1713972763.307003,0.679443359375,0.76171875,0.053466796875,unknown
1713972763.341919,0.68017578125,0.757080078125,0.05078125,unknown
1713972763.381946,0.67822265625,0.760986328125,0.05859375,unknown
1713972763.422606,0.680419921875,0.75390625,0.0634765625,unknown
1713972763.463668,0.68359375,0.74853515625,0.068359375,unknown
1713972763.506566,0.681396484375,0.76416015625,0.065185546875,unknown
1713972763.544897,0.67626953125,0.771484375,0.0654296875,unknown
1713972763.58319,0.677001953125,0.766357421875,0.069580078125,unknown
1713972763.622328,0.67578125,0.756591796875,0.066162109375,unknown
1713972763.663639,0.6865234375,0.75341796875,0.069580078125,unknown
1713972763.703964,0.67626953125,0.764404296875,0.071044921875,unknown
1713972763.74514,0.677978515625,0.760009765625,0.073974609375,unknown
1713972763.784128,0.686767578125,0.740478515625,0.073974609375,unknown
1713972763.826058,0.6728515625,0.759033203125,0.078125,unknown
1713972763.865939,0.68408203125,0.7626953125,0.081298828125,unknown
1713972763.906371,0.677734375,0.74755859375,0.07666015625,unknown
1713972763.942615,0.675048828125,0.762451171875,0.077392578125,unknown
1713972763.982167,0.678955078125,0.76708984375,0.0751953125,unknown
1713972764.024093,0.677490234375,0.74560546875,0.060791015625,unknown
1713972764.063686,0.669921875,0.76611328125,0.062744140625,unknown
1713972764.103635,0.67333984375,0.77978515625,0.061279296875,unknown
1713972764.143311,0.668701171875,0.756103515625,0.064453125,unknown
1713972764.190731,0.673095703125,0.765380859375,0.061279296875,unknown
1713972764.224485,0.6796875,0.76318359375,0.06494140625,unknown
1713972764.264074,0.676513671875,0.760498046875,0.067626953125,unknown
1713972764.304124,0.67578125,0.7587890625,0.07373046875,unknown
1713972764.346033,0.682373046875,0.761474609375,0.08154296875,unknown
1713972764.384342,0.678955078125,0.759521484375,0.087646484375,unknown
1713972764.425693,0.678466796875,0.756103515625,0.0869140625,unknown
1713972764.470099,0.68115234375,0.756103515625,0.083740234375,unknown
1713972764.506855,0.68212890625,0.7548828125,0.083251953125,unknown
1713972764.546933,0.681884765625,0.752197265625,0.087158203125,unknown
1713972764.58409,0.677978515625,0.749755859375,0.084228515625,unknown
1713972764.638671,0.67724609375,0.755126953125,0.084716796875,unknown
1713972764.66513,0.677734375,0.754638671875,0.08642578125,unknown
1713972764.716997,0.677001953125,0.75927734375,0.088134765625,unknown
1713972764.745212,0.6748046875,0.760986328125,0.085693359375,unknown
1713972764.788205,0.671142578125,0.7626953125,0.0859375,unknown
1713972764.831384,0.6748046875,0.7626953125,0.0771484375,unknown
1713972764.870039,0.6669921875,0.760498046875,0.085205078125,unknown
1713972764.908295,0.67724609375,0.766357421875,0.086181640625,unknown
1713972764.948307,0.671875,0.76416015625,0.083740234375,unknown
1713972764.988121,0.669921875,0.76513671875,0.0810546875,unknown
1713972765.027286,0.6708984375,0.765869140625,0.081298828125,unknown
1713972765.067446,0.677001953125,0.762451171875,0.080810546875,unknown
1713972765.107591,0.667724609375,0.761962890625,0.080322265625,unknown
1713972765.147173,0.667724609375,0.76416015625,0.077392578125,unknown
1713972765.188824,0.66552734375,0.767822265625,0.079833984375,unknown
1713972765.227111,0.664794921875,0.767822265625,0.080810546875,unknown
1713972765.266307,0.667724609375,0.766357421875,0.078125,unknown
1713972765.307143,0.666259765625,0.768798828125,0.083251953125,unknown
1713972765.350031,0.674560546875,0.767333984375,0.08544921875,unknown
1713972765.386478,0.670654296875,0.764892578125,0.08349609375,unknown
1713972765.434099,0.667236328125,0.760009765625,0.0849609375,unknown
1713972765.468245,0.672119140625,0.759521484375,0.09130859375,unknown
1713972765.507707,0.67724609375,0.76318359375,0.088623046875,unknown
1713972765.547554,0.669677734375,0.764404296875,0.089599609375,unknown
1713972765.588546,0.6689453125,0.761474609375,0.0859375,unknown
1713972765.628225,0.671875,0.760498046875,0.09130859375,unknown
1713972765.669991,0.67138671875,0.760498046875,0.089599609375,unknown
1713972765.7084,0.67333984375,0.761962890625,0.09130859375,unknown
1713972765.750013,0.677001953125,0.763671875,0.092041015625,unknown
1713972765.789022,0.673583984375,0.762939453125,0.09228515625,unknown
1713972765.828201,0.672607421875,0.763427734375,0.08984375,unknown
1713972765.868311,0.674560546875,0.764892578125,0.087158203125,unknown
1713972765.908565,0.66748046875,0.7646484375,0.086669921875,unknown
1713972765.947758,0.66552734375,0.765625,0.08349609375,unknown
1713972765.989398,0.670654296875,0.766845703125,0.077880859375,unknown
1713972766.025375,0.665771484375,0.76416015625,0.08349609375,unknown
1713972766.067726,0.670166015625,0.765869140625,0.087890625,unknown
1713972766.106452,0.66943359375,0.76708984375,0.09033203125,unknown
1713972766.146491,0.67041015625,0.767822265625,0.091064453125,unknown
1713972766.187841,0.669677734375,0.76171875,0.0888671875,unknown
1713972766.227494,0.665283203125,0.75927734375,0.088623046875,unknown
1713972766.267528,0.6689453125,0.76171875,0.090576171875,unknown
1713972766.309207,0.671142578125,0.762939453125,0.093505859375,unknown
1713972766.348648,0.669677734375,0.766357421875,0.09521484375,unknown
1713972766.38808,0.671630859375,0.765625,0.095703125,unknown
1713972766.429124,0.67041015625,0.76220703125,0.093994140625,unknown
1713972766.469392,0.6728515625,0.760986328125,0.0927734375,unknown
1713972766.508118,0.672607421875,0.75927734375,0.095458984375,unknown
1713972766.556063,0.671875,0.756591796875,0.10107421875,unknown
1713972766.586769,0.673583984375,0.761962890625,0.097900390625,unknown
1713972766.639725,0.670166015625,0.758056640625,0.09521484375,unknown
1713972766.666588,0.674560546875,0.762939453125,0.093994140625,unknown
1713972766.71527,0.669677734375,0.766845703125,0.0947265625,unknown
1713972766.749879,0.6689453125,0.764404296875,0.09521484375,unknown
1713972766.800559,0.669677734375,0.764404296875,0.09375,unknown
1713972766.826723,0.663330078125,0.76123046875,0.094970703125,unknown
1713972766.875547,0.663818359375,0.76611328125,0.0966796875,unknown
1713972766.908937,0.66796875,0.767578125,0.09375,unknown
1713972766.948046,0.66943359375,0.7626953125,0.094970703125,unknown
1713972766.988656,0.673095703125,0.762451171875,0.09716796875,unknown
1713972767.038641,0.671875,0.763671875,0.096435546875,unknown
1713972767.071802,0.67138671875,0.758056640625,0.09716796875,unknown
1713972767.117425,0.671630859375,0.757568359375,0.095458984375,unknown
1713972767.148188,0.670166015625,0.757568359375,0.098388671875,unknown
1713972767.198088,0.67578125,0.7587890625,0.09716796875,unknown
1713972767.22841,0.6767578125,0.756103515625,0.10009765625,unknown
1713972767.270381,0.67822265625,0.757568359375,0.103515625,unknown
1713972767.310731,0.67724609375,0.755615234375,0.102783203125,unknown
1713972767.352071,0.677734375,0.755126953125,0.105712890625,unknown
1713972767.387123,0.676513671875,0.755859375,0.103515625,unknown
1713972767.428133,0.6767578125,0.75390625,0.100830078125,unknown
1713972767.468818,0.674560546875,0.75732421875,0.10595703125,unknown
1713972767.510115,0.679931640625,0.76025390625,0.10400390625,unknown
1713972767.54997,0.673828125,0.758056640625,0.098876953125,unknown
1713972767.588172,0.672607421875,0.75634765625,0.096435546875,unknown
1713972767.629991,0.67529296875,0.760009765625,0.098388671875,unknown
1713972767.670436,0.672119140625,0.764404296875,0.098876953125,unknown
1713972767.709563,0.675048828125,0.761474609375,0.096923828125,unknown
1713972767.75124,0.67333984375,0.75927734375,0.09423828125,unknown
1713972767.791133,0.677001953125,0.75830078125,0.097412109375,unknown
1713972767.831017,0.674560546875,0.75732421875,0.101806640625,unknown
1713972767.873229,0.673828125,0.756591796875,0.100341796875,unknown
1713972767.91365,0.675048828125,0.7578125,0.09716796875,unknown
1713972767.95662,0.673828125,0.7578125,0.10205078125,unknown
1713972767.989186,0.67431640625,0.760009765625,0.09765625,unknown
1713972768.033838,0.671142578125,0.759765625,0.1005859375,unknown
1713972768.070262,0.67724609375,0.7587890625,0.10107421875,unknown
1713972768.113325,0.67333984375,0.75830078125,0.097900390625,unknown
1713972768.151249,0.675048828125,0.7587890625,0.09912109375,unknown
1713972768.191168,0.67431640625,0.7587890625,0.1015625,unknown
1713972768.231308,0.674560546875,0.760986328125,0.103271484375,unknown
1713972768.272013,0.66943359375,0.76416015625,0.10107421875,unknown
1713972768.314985,0.67138671875,0.76513671875,0.09765625,unknown
1713972768.351294,0.673095703125,0.7646484375,0.093017578125,unknown
1713972768.392151,0.675537109375,0.765380859375,0.083984375,unknown
1713972768.433291,0.677734375,0.7509765625,0.0859375,unknown
1713972768.47392,0.676513671875,0.747314453125,0.099853515625,unknown
1713972768.512412,0.68359375,0.745361328125,0.115478515625,unknown
1713972768.552485,0.67822265625,0.735595703125,0.12255859375,unknown
1713972768.588294,0.6767578125,0.7421875,0.111083984375,unknown
1713972768.629124,0.68212890625,0.74609375,0.109619140625,unknown
1713972768.671073,0.68505859375,0.75537109375,0.1142578125,unknown
1713972768.709167,0.676025390625,0.75927734375,0.1103515625,unknown
1713972768.757042,0.6787109375,0.761474609375,0.09716796875,unknown
1713972768.800123,0.678466796875,0.761962890625,0.102783203125,unknown
1713972768.830253,0.6806640625,0.76513671875,0.099609375,unknown
1713972768.882937,0.67919921875,0.760986328125,0.101318359375,unknown
1713972768.914156,0.67919921875,0.758056640625,0.106689453125,unknown
1713972768.957913,0.677734375,0.767822265625,0.10546875,unknown
1713972768.993392,0.67822265625,0.76611328125,0.099609375,unknown
1713972769.033383,0.671875,0.77001953125,0.08447265625,unknown
1713972769.074374,0.658447265625,0.729248046875,0.023681640625,unknown
1713972769.11597,0.6591796875,0.76025390625,0.077392578125,unknown
1713972769.150222,0.659423828125,0.76708984375,0.064453125,unknown
1713972769.190366,0.618408203125,0.780029296875,0.031982421875,unknown
1713972769.229315,0.64453125,0.77294921875,0.05908203125,unknown
1713972769.269338,0.658447265625,0.782470703125,0.064697265625,unknown
1713972769.311331,0.671630859375,0.763916015625,0.06494140625,unknown
1713972769.349109,0.674072265625,0.7626953125,0.071533203125,unknown
1713972769.391085,0.680419921875,0.763671875,0.073486328125,unknown
1713972769.431154,0.680908203125,0.76171875,0.070556640625,unknown
1713972769.475779,0.674072265625,0.754150390625,0.060791015625,unknown
1713972769.515337,0.6787109375,0.75634765625,0.045654296875,unknown
1713972769.552053,0.672119140625,0.755859375,0.0634765625,unknown
1713972769.591414,0.673583984375,0.758544921875,0.063720703125,unknown
1713972769.640464,0.675048828125,0.76220703125,0.059326171875,unknown
1713972769.672391,0.679931640625,0.7666015625,0.06494140625,unknown
1713972769.71442,0.6630859375,0.752197265625,0.068603515625,unknown
1713972769.75652,0.68505859375,0.773681640625,0.08837890625,unknown
1713972769.792444,0.677490234375,0.7578125,0.091796875,unknown
1713972769.832476,0.67138671875,0.7578125,0.06689453125,unknown
1713972769.87092,0.679931640625,0.761474609375,0.07470703125,unknown
1713972769.910139,0.68408203125,0.75830078125,0.072509765625,unknown
1713972769.951198,0.676025390625,0.752197265625,0.073486328125,unknown
1713972769.992084,0.681884765625,0.75244140625,0.070556640625,unknown
1713972770.03403,0.681640625,0.75634765625,0.072265625,unknown
1713972770.076092,0.681884765625,0.757568359375,0.068115234375,unknown
1713972770.118526,0.683349609375,0.7578125,0.06494140625,unknown
1713972770.156948,0.681640625,0.757568359375,0.059814453125,unknown
1713972770.192232,0.6875,0.758544921875,0.06640625,unknown
1713972770.24612,0.681396484375,0.751708984375,0.068359375,unknown
1713972770.273431,0.69384765625,0.760009765625,0.06103515625,unknown
1713972770.314966,0.6845703125,0.74658203125,0.059814453125,unknown
1713972770.357074,0.692138671875,0.745361328125,0.0498046875,unknown
1713972770.39361,0.69091796875,0.743408203125,0.05224609375,unknown
1713972770.432288,0.690185546875,0.73828125,0.047607421875,unknown
1713972770.471459,0.694091796875,0.732666015625,0.05419921875,unknown
1713972770.514903,0.69970703125,0.73974609375,0.0703125,unknown
1713972770.551212,0.69921875,0.737548828125,0.054931640625,unknown
1713972770.592297,0.704345703125,0.741943359375,0.0595703125,unknown
1713972770.632122,0.697021484375,0.737548828125,0.060546875,unknown
1713972770.671534,0.700927734375,0.73681640625,0.06640625,unknown
1713972770.712067,0.699462890625,0.726318359375,0.0625,unknown
1713972770.752973,0.705078125,0.7275390625,0.07373046875,unknown
1713972770.795397,0.70654296875,0.729736328125,0.075439453125,unknown
1713972770.837671,0.703857421875,0.735595703125,0.0693359375,unknown
1713972770.879511,0.71044921875,0.73828125,0.065673828125,unknown
1713972770.922676,0.70458984375,0.736328125,0.078369140625,unknown
1713972770.954709,0.707275390625,0.734619140625,0.07763671875,unknown
1713972770.994084,0.70361328125,0.733642578125,0.076171875,unknown
1713972771.036221,0.69921875,0.729736328125,0.072998046875,unknown
1713972771.07438,0.697998046875,0.730224609375,0.0751953125,unknown
1713972771.113839,0.695068359375,0.73486328125,0.07421875,unknown
1713972771.152145,0.703125,0.739501953125,0.074951171875,unknown
1713972771.197783,0.6962890625,0.74267578125,0.0732421875,unknown
1713972771.232307,0.6796875,0.737060546875,0.064697265625,unknown
1713972771.27464,0.689453125,0.743896484375,0.071533203125,unknown
1713972771.314749,0.687255859375,0.744873046875,0.068603515625,unknown
1713972771.353205,0.68994140625,0.750732421875,0.0673828125,unknown
1713972771.394229,0.691650390625,0.747802734375,0.084716796875,unknown
1713972771.43487,0.69189453125,0.749755859375,0.1005859375,unknown
1713972771.473416,0.693603515625,0.750244140625,0.09033203125,unknown
1713972771.520215,0.694091796875,0.739990234375,0.0908203125,unknown
1713972771.556019,0.691162109375,0.74169921875,0.093017578125,unknown
1713972771.594333,0.6904296875,0.73974609375,0.092041015625,unknown
1713972771.6371,0.6865234375,0.746337890625,0.090576171875,unknown
1713972771.681032,0.6884765625,0.745361328125,0.086181640625,unknown
1713972771.717063,0.69091796875,0.751220703125,0.08642578125,unknown
1713972771.755087,0.6904296875,0.74951171875,0.08837890625,unknown
1713972771.797058,0.687744140625,0.74755859375,0.08056640625,unknown
1713972771.833488,0.6826171875,0.746337890625,0.0791015625,unknown
1713972771.87314,0.6845703125,0.74853515625,0.07861328125,unknown
1713972771.913199,0.6865234375,0.747314453125,0.083251953125,unknown
1713972771.95767,0.684814453125,0.7490234375,0.0849609375,unknown
1713972772.000001,0.68505859375,0.74853515625,0.08544921875,unknown
1713972772.044922,0.68310546875,0.75048828125,0.0810546875,unknown
1713972772.077428,0.683837890625,0.75146484375,0.07763671875,unknown
1713972772.115451,0.687744140625,0.75341796875,0.092041015625,unknown
1713972772.156185,0.69091796875,0.756591796875,0.08984375,unknown
1713972772.195878,0.684326171875,0.748046875,0.09228515625,unknown
1713972772.235566,0.684814453125,0.746337890625,0.088623046875,unknown
1713972772.277366,0.68212890625,0.74609375,0.08837890625,unknown
1713972772.316246,0.68310546875,0.74853515625,0.08740234375,unknown
1713972772.358835,0.6845703125,0.7509765625,0.091552734375,unknown
1713972772.401852,0.684326171875,0.75048828125,0.08935546875,unknown
1713972772.435074,0.68505859375,0.75390625,0.090087890625,unknown
1713972772.47554,0.68310546875,0.75244140625,0.091796875,unknown
1713972772.517617,0.6826171875,0.75146484375,0.0908203125,unknown
1713972772.554485,0.674072265625,0.755859375,0.08203125,unknown
1713972772.594926,0.68505859375,0.758544921875,0.082275390625,unknown
1713972772.635284,0.684814453125,0.76025390625,0.1025390625,unknown
1713972772.678936,0.685546875,0.755615234375,0.099609375,unknown
1713972772.715991,0.681884765625,0.750244140625,0.093505859375,unknown
1713972772.758088,0.6787109375,0.74755859375,0.09326171875,unknown
1713972772.795437,0.679931640625,0.750244140625,0.095458984375,unknown
1713972772.83948,0.678955078125,0.7568359375,0.0927734375,unknown
1713972772.881355,0.678955078125,0.7568359375,0.091552734375,unknown
1713972772.928137,0.681884765625,0.7548828125,0.085693359375,unknown
1713972772.956721,0.677490234375,0.7509765625,0.084716796875,unknown
1713972772.997749,0.6806640625,0.751220703125,0.089111328125,unknown
1713972773.039793,0.681640625,0.75732421875,0.089599609375,unknown
1713972773.076788,0.680908203125,0.753173828125,0.090576171875,unknown
1713972773.114221,0.677978515625,0.755126953125,0.089599609375,unknown
1713972773.155386,0.68505859375,0.755126953125,0.090087890625,unknown
1713972773.195355,0.6796875,0.7509765625,0.0869140625,unknown
1713972773.234275,0.68310546875,0.752197265625,0.092529296875,unknown
1713972773.275197,0.682861328125,0.75439453125,0.08935546875,unknown
1713972773.314986,0.6787109375,0.75634765625,0.094970703125,unknown
1713972773.355904,0.68310546875,0.754638671875,0.087646484375,unknown
1713972773.397645,0.68310546875,0.755615234375,0.09521484375,unknown
1713972773.436021,0.685546875,0.756591796875,0.091064453125,unknown
1713972773.476148,0.6904296875,0.759521484375,0.087158203125,unknown
1713972773.517103,0.6923828125,0.760009765625,0.088623046875,unknown
1713972773.556121,0.689208984375,0.76171875,0.078125,unknown
1713972773.597243,0.702392578125,0.769775390625,0.04345703125,unknown
1713972773.637118,0.704345703125,0.773681640625,0.021484375,unknown
1713972773.677708,0.695068359375,0.763671875,-0.011962890625,unknown
1713972773.720682,0.666259765625,0.719482421875,-0.0205078125,unknown
1713972773.75523,0.655029296875,0.70947265625,-0.01513671875,unknown
1713972773.806597,0.685302734375,0.724853515625,-0.017333984375,unknown
1713972773.841877,0.689208984375,0.720703125,-0.003173828125,unknown
1713972773.883116,0.6923828125,0.74462890625,0.0107421875,unknown
1713972773.918009,0.684814453125,0.7529296875,-0.0107421875,unknown
1713972773.956753,0.688232421875,0.73779296875,-0.05810546875,unknown
1713972773.995355,0.69873046875,0.717529296875,-0.009765625,unknown
1713972774.040197,0.6708984375,0.715087890625,-0.010009765625,unknown
1713972774.076717,0.671142578125,0.723876953125,0.040771484375,unknown
1713972774.118211,0.697265625,0.78173828125,0.096435546875,unknown
1713972774.158556,0.640869140625,0.818359375,0.10791015625,unknown
1713972774.198561,0.69775390625,0.87744140625,0.1298828125,unknown
1713972774.237518,0.667724609375,0.918701171875,0.199462890625,unknown
1713972774.28101,0.66455078125,0.872314453125,0.25732421875,unknown
1713972774.320347,0.582763671875,0.882568359375,0.331298828125,unknown
1713972774.357652,0.532958984375,0.789306640625,0.353759765625,unknown
1713972774.410538,0.514404296875,0.824951171875,0.3408203125,unknown
1713972774.438169,0.49560546875,0.812744140625,0.27880859375,unknown
1713972774.487127,0.529296875,0.830810546875,0.251220703125,unknown
1713972774.517089,0.555419921875,0.842041015625,0.151123046875,unknown
1713972774.561639,0.5556640625,0.81005859375,0.03369140625,unknown
1713972774.598858,0.550048828125,0.822509765625,-0.044677734375,unknown
1713972774.647614,0.619873046875,0.835693359375,-0.094970703125,unknown
1713972774.67931,0.655517578125,0.78125,-0.102294921875,unknown
1713972774.728315,0.6201171875,0.81787109375,-0.181640625,unknown
1713972774.766765,0.55126953125,0.804443359375,-0.194580078125,unknown
1713972774.798986,0.586669921875,0.762451171875,-0.235107421875,unknown
1713972774.840198,0.568359375,0.75,-0.2802734375,unknown
1713972774.880387,0.575927734375,0.76953125,-0.2822265625,unknown
1713972774.919601,0.598876953125,0.799560546875,-0.286865234375,unknown
1713972774.960223,0.55712890625,0.781982421875,-0.26904296875,unknown
1713972775.001312,0.6240234375,0.778076171875,-0.276123046875,unknown
1713972775.039966,0.606201171875,0.788330078125,-0.2783203125,unknown
1713972775.081016,0.581298828125,0.774169921875,-0.270751953125,unknown
1713972775.117411,0.580078125,0.767578125,-0.287353515625,unknown
1713972775.159373,0.580322265625,0.76806640625,-0.29150390625,unknown
1713972775.198488,0.5703125,0.778076171875,-0.283935546875,unknown
1713972775.242209,0.55078125,0.795654296875,-0.27685546875,unknown
1713972775.279408,0.554443359375,0.79638671875,-0.261962890625,unknown
1713972775.332556,0.55615234375,0.8173828125,-0.243896484375,unknown
1713972775.360831,0.556640625,0.826904296875,-0.232666015625,unknown
1713972775.409963,0.564697265625,0.839599609375,-0.21630859375,unknown
1713972775.446194,0.560302734375,0.835205078125,-0.216064453125,unknown
1713972775.485628,0.55810546875,0.8251953125,-0.21435546875,unknown
1713972775.523258,0.544921875,0.831298828125,-0.197509765625,unknown
1713972775.562257,0.54296875,0.8251953125,-0.194580078125,unknown
1713972775.602661,0.551025390625,0.83154296875,-0.19384765625,unknown
1713972775.641517,0.574462890625,0.841796875,-0.201416015625,unknown
1713972775.680869,0.561767578125,0.83984375,-0.19091796875,unknown
1713972775.720655,0.546875,0.838623046875,-0.177978515625,unknown
1713972775.759176,0.550537109375,0.835205078125,-0.188720703125,unknown
1713972775.799692,0.563720703125,0.8310546875,-0.1806640625,unknown
1713972775.840018,0.56982421875,0.833251953125,-0.172607421875,unknown
1713972775.879609,0.56591796875,0.825927734375,-0.176025390625,unknown
1713972775.920295,0.56787109375,0.83203125,-0.171630859375,unknown
1713972775.960358,0.565673828125,0.836669921875,-0.1708984375,unknown
1713972776.000774,0.565185546875,0.828125,-0.1787109375,unknown
1713972776.041394,0.580078125,0.832763671875,-0.1826171875,unknown
1713972776.08155,0.578369140625,0.817626953125,-0.18408203125,unknown
1713972776.121407,0.576171875,0.8115234375,-0.181396484375,unknown
1713972776.167163,0.578369140625,0.811767578125,-0.173583984375,unknown
1713972776.205266,0.580810546875,0.822265625,-0.169189453125,unknown
1713972776.243619,0.580810546875,0.827880859375,-0.16943359375,unknown
1713972776.282717,0.580078125,0.831787109375,-0.167236328125,unknown
1713972776.328808,0.583251953125,0.83203125,-0.170166015625,unknown
1713972776.361509,0.575927734375,0.832763671875,-0.16552734375,unknown
1713972776.402579,0.57470703125,0.8330078125,-0.16943359375,unknown
1713972776.447589,0.577880859375,0.83154296875,-0.16796875,unknown
1713972776.486666,0.57470703125,0.827392578125,-0.16845703125,unknown
1713972776.523702,0.576171875,0.827392578125,-0.1748046875,unknown
1713972776.562581,0.5712890625,0.8251953125,-0.177001953125,unknown
1713972776.602717,0.575439453125,0.82373046875,-0.174072265625,unknown
1713972776.642249,0.58447265625,0.830322265625,-0.17724609375,unknown
1713972776.683376,0.5791015625,0.824462890625,-0.17626953125,unknown
1713972776.723747,0.580078125,0.823974609375,-0.169189453125,unknown
1713972776.763406,0.57568359375,0.82373046875,-0.16943359375,unknown
1713972776.804473,0.57958984375,0.818115234375,-0.170654296875,unknown
1713972776.84366,0.5771484375,0.821044921875,-0.171630859375,unknown
1713972776.884011,0.580810546875,0.81884765625,-0.171630859375,unknown
1713972776.924247,0.584716796875,0.81982421875,-0.1728515625,unknown
1713972776.96411,0.5810546875,0.816162109375,-0.173095703125,unknown
1713972777.008136,0.58349609375,0.815185546875,-0.171875,unknown
1713972777.044607,0.581298828125,0.81689453125,-0.173828125,unknown
1713972777.08408,0.587890625,0.818115234375,-0.16845703125,unknown
1713972777.121115,0.587890625,0.822265625,-0.17138671875,unknown
1713972777.163083,0.58447265625,0.82177734375,-0.1669921875,unknown
1713972777.201098,0.582275390625,0.818359375,-0.166748046875,unknown
1713972777.245671,0.591064453125,0.81982421875,-0.172607421875,unknown
1713972777.282091,0.591064453125,0.822998046875,-0.171142578125,unknown
1713972777.33088,0.596435546875,0.825927734375,-0.15771484375,unknown
1713972777.363515,0.596923828125,0.825927734375,-0.158203125,unknown
1713972777.410837,0.59228515625,0.807861328125,-0.155517578125,unknown
1713972777.449149,0.58056640625,0.807861328125,-0.1787109375,unknown
1713972777.486128,0.592529296875,0.798828125,-0.171630859375,unknown
1713972777.52335,0.5986328125,0.80419921875,-0.18115234375,unknown
1713972777.565845,0.591064453125,0.81884765625,-0.181884765625,unknown
1713972777.605641,0.596923828125,0.8193359375,-0.1796875,unknown
1713972777.645093,0.58154296875,0.81884765625,-0.191162109375,unknown
1713972777.682856,0.582275390625,0.818359375,-0.190185546875,unknown
1713972777.72302,0.58251953125,0.816650390625,-0.19287109375,unknown
1713972777.763315,0.58154296875,0.8154296875,-0.1904296875,unknown
1713972777.805486,0.584716796875,0.814697265625,-0.20947265625,unknown
1713972777.842996,0.577880859375,0.806396484375,-0.2109375,unknown
1713972777.884322,0.58544921875,0.80859375,-0.20654296875,unknown
1713972777.924891,0.579345703125,0.81005859375,-0.208984375,unknown
1713972777.962453,0.582275390625,0.808837890625,-0.21435546875,unknown
1713972778.008288,0.581298828125,0.81201171875,-0.205810546875,unknown
1713972778.044119,0.587158203125,0.8076171875,-0.2021484375,unknown
1713972778.085121,0.5869140625,0.813720703125,-0.1982421875,unknown
1713972778.127084,0.592041015625,0.8115234375,-0.1904296875,unknown
1713972778.17697,0.583251953125,0.80615234375,-0.198486328125,unknown
1713972778.204207,0.587890625,0.81005859375,-0.1904296875,unknown
1713972778.248658,0.58935546875,0.81396484375,-0.193115234375,unknown
1713972778.289938,0.58837890625,0.8125,-0.19287109375,unknown
1713972778.329407,0.590087890625,0.813720703125,-0.193359375,unknown
1713972778.367433,0.588623046875,0.812255859375,-0.1904296875,unknown
1713972778.404149,0.583251953125,0.811767578125,-0.1845703125,unknown
1713972778.443409,0.5908203125,0.812255859375,-0.18505859375,unknown
1713972778.484431,0.58984375,0.815185546875,-0.189697265625,unknown
1713972778.528094,0.588623046875,0.811279296875,-0.184326171875,unknown
1713972778.586643,0.590087890625,0.8115234375,-0.1787109375,unknown
1713972778.619021,0.59130859375,0.81396484375,-0.181640625,unknown
1713972778.644175,0.58837890625,0.812744140625,-0.17822265625,unknown
1713972778.685554,0.59033203125,0.815673828125,-0.1787109375,unknown
1713972778.732058,0.591552734375,0.812255859375,-0.177978515625,unknown
1713972778.764168,0.5947265625,0.8095703125,-0.17626953125,unknown
1713972778.812519,0.58984375,0.8095703125,-0.171630859375,unknown
1713972778.851464,0.59814453125,0.814208984375,-0.172607421875,unknown
1713972778.886656,0.59716796875,0.815673828125,-0.164794921875,unknown
1713972778.931544,0.5830078125,0.811279296875,-0.173095703125,unknown
1713972778.965283,0.593505859375,0.818115234375,-0.16943359375,unknown
1713972779.008616,0.576904296875,0.816162109375,-0.173828125,unknown
1713972779.047755,0.59033203125,0.81982421875,-0.1708984375,unknown
1713972779.087356,0.593505859375,0.82275390625,-0.17333984375,unknown
1713972779.127232,0.586669921875,0.826171875,-0.157470703125,unknown
1713972779.167447,0.593505859375,0.82373046875,-0.160400390625,unknown
1713972779.207455,0.587890625,0.8212890625,-0.155029296875,unknown
1713972779.248119,0.5673828125,0.836669921875,-0.182861328125,unknown
1713972779.287896,0.593017578125,0.804443359375,-0.19384765625,unknown
1713972779.329376,0.60107421875,0.805908203125,-0.121826171875,unknown
1713972779.367512,0.590576171875,0.81787109375,-0.152099609375,unknown
1713972779.407968,0.59912109375,0.8232421875,-0.107666015625,unknown
1713972779.449393,0.563720703125,0.831298828125,-0.0673828125,unknown
1713972779.487538,0.577880859375,0.82080078125,-0.14306640625,unknown
1713972779.527965,0.60400390625,0.816162109375,-0.0673828125,unknown
1713972779.569725,0.58349609375,0.818359375,-0.0654296875,unknown
1713972779.607537,0.602294921875,0.829345703125,-0.0009765625,unknown
1713972779.646917,0.611328125,0.836669921875,0.012451171875,unknown
1713972779.686226,0.619873046875,0.829833984375,0.020751953125,unknown
1713972779.728894,0.609619140625,0.826904296875,0.02001953125,unknown
1713972779.768593,0.606689453125,0.815673828125,0.015380859375,unknown
1713972779.807666,0.622802734375,0.81689453125,0.025634765625,unknown
1713972779.847973,0.611572265625,0.808837890625,0.016357421875,unknown
1713972779.889185,0.5947265625,0.810791015625,0.02099609375,unknown
1713972779.931732,0.62744140625,0.812255859375,0.0068359375,unknown
1713972779.968664,0.6015625,0.807373046875,0.09521484375,unknown
1713972780.010393,0.60888671875,0.81884765625,0.06298828125,unknown
1713972780.05239,0.607666015625,0.827392578125,0.06298828125,unknown
1713972780.090529,0.60888671875,0.834228515625,0.05126953125,unknown
1713972780.129211,0.613525390625,0.853271484375,0.02978515625,unknown
1713972780.170098,0.598388671875,0.84375,0.02001953125,unknown
1713972780.209097,0.594970703125,0.833251953125,0.013671875,unknown
1713972780.24925,0.608154296875,0.82275390625,0.023193359375,unknown
1713972780.289604,0.611083984375,0.80078125,0.026123046875,unknown
1713972780.328114,0.60791015625,0.803466796875,0.044189453125,unknown
1713972780.367939,0.619873046875,0.8154296875,0.069091796875,unknown
1713972780.408065,0.615966796875,0.813720703125,0.06640625,unknown
1713972780.449352,0.619873046875,0.80712890625,0.0732421875,unknown
1713972780.490299,0.609375,0.806396484375,0.071533203125,unknown
1713972780.528429,0.587158203125,0.817138671875,0.07177734375,unknown
1713972780.56987,0.58837890625,0.838623046875,0.06689453125,unknown
1713972780.609215,0.61279296875,0.83349609375,0.069091796875,unknown
1713972780.650153,0.61474609375,0.822021484375,0.078369140625,unknown
1713972780.690552,0.615966796875,0.806396484375,0.1044921875,unknown
1713972780.73011,0.61572265625,0.801513671875,0.1015625,unknown
1713972780.771106,0.6220703125,0.803466796875,0.105224609375,unknown
1713972780.813407,0.627685546875,0.80419921875,0.09912109375,unknown
1713972780.850114,0.626220703125,0.80859375,0.107177734375,unknown
1713972780.892543,0.61669921875,0.8076171875,0.103271484375,unknown
1713972780.931439,0.6162109375,0.8076171875,0.100341796875,unknown
1713972780.98532,0.623046875,0.804931640625,0.10107421875,unknown
1713972781.012978,0.622802734375,0.80078125,0.101318359375,unknown
1713972781.052739,0.6201171875,0.790283203125,0.1025390625,unknown
1713972781.091472,0.62548828125,0.8017578125,0.107666015625,unknown
1713972781.1311,0.63330078125,0.8037109375,0.116943359375,unknown
1713972781.169842,0.627685546875,0.802734375,0.120849609375,unknown
1713972781.211146,0.6220703125,0.802001953125,0.119140625,unknown
1713972781.251421,0.617431640625,0.81494140625,0.114990234375,unknown
1713972781.290412,0.612060546875,0.826416015625,0.094970703125,unknown
1713972781.333016,0.613525390625,0.82275390625,0.0908203125,unknown
1713972781.372064,0.605712890625,0.816650390625,0.0849609375,unknown
1713972781.412406,0.6064453125,0.80908203125,0.07275390625,unknown
1713972781.451474,0.614990234375,0.802978515625,0.087890625,unknown
1713972781.492116,0.628662109375,0.798583984375,0.0771484375,unknown
1713972781.53209,0.638916015625,0.803466796875,0.08935546875,unknown
1713972781.572114,0.64404296875,0.798095703125,0.091064453125,unknown
1713972781.612348,0.637939453125,0.786376953125,0.102294921875,unknown
1713972781.650303,0.6494140625,0.787109375,0.09228515625,unknown
1713972781.689126,0.645263671875,0.781005859375,0.089111328125,unknown
1713972781.729105,0.651123046875,0.78466796875,0.0947265625,unknown
1713972781.7701,0.655029296875,0.78173828125,0.096923828125,unknown
1713972781.810772,0.639892578125,0.7841796875,0.087646484375,unknown
1713972781.85463,0.6376953125,0.7900390625,0.073974609375,unknown
1713972781.892327,0.637451171875,0.789306640625,0.069580078125,unknown
1713972781.933666,0.6298828125,0.791015625,0.065185546875,unknown
1713972781.971636,0.6328125,0.7939453125,0.063232421875,unknown
1713972782.011045,0.6279296875,0.799072265625,0.065673828125,unknown
1713972782.05265,0.63330078125,0.80322265625,0.06005859375,unknown
1713972782.098672,0.629150390625,0.809326171875,0.05908203125,unknown
1713972782.132123,0.626953125,0.809326171875,0.064697265625,unknown
1713972782.17504,0.62939453125,0.810791015625,0.066162109375,unknown
1713972782.213601,0.62255859375,0.80712890625,0.061279296875,unknown
1713972782.252819,0.626220703125,0.806640625,0.058349609375,unknown
1713972782.292849,0.62548828125,0.79833984375,0.056884765625,unknown
1713972782.332504,0.630126953125,0.789794921875,0.073486328125,unknown
1713972782.371038,0.628662109375,0.7900390625,0.076904296875,unknown
1713972782.411303,0.626708984375,0.798583984375,0.0771484375,unknown
1713972782.453528,0.63037109375,0.80517578125,0.0625,unknown
1713972782.492616,0.63330078125,0.80859375,0.08154296875,unknown
1713972782.532171,0.62451171875,0.803466796875,0.08203125,unknown
1713972782.572613,0.628173828125,0.8076171875,0.070068359375,unknown
1713972782.612788,0.630126953125,0.80322265625,0.078857421875,unknown
1713972782.656971,0.62548828125,0.80126953125,0.0732421875,unknown
1713972782.694892,0.62744140625,0.802001953125,0.07763671875,unknown
1713972782.733206,0.6259765625,0.802978515625,0.08642578125,unknown
1713972782.773692,0.6240234375,0.804443359375,0.07958984375,unknown
1713972782.816595,0.624755859375,0.801513671875,0.073486328125,unknown
1713972782.854714,0.627197265625,0.8037109375,0.09423828125,unknown
1713972782.896078,0.62890625,0.803955078125,0.08056640625,unknown
1713972782.933672,0.625,0.804931640625,0.08935546875,unknown
1713972782.974877,0.62451171875,0.8056640625,0.093505859375,unknown
1713972783.013217,0.62744140625,0.806396484375,0.08984375,unknown
1713972783.055761,0.625732421875,0.804443359375,0.088623046875,unknown
1713972783.093068,0.62939453125,0.81103515625,0.085205078125,unknown
1713972783.136904,0.62109375,0.806640625,0.07763671875,unknown
1713972783.174708,0.595458984375,0.788818359375,0.0537109375,unknown
1713972783.216049,0.623291015625,0.8037109375,0.064697265625,unknown
1713972783.254953,0.61962890625,0.80615234375,0.060546875,unknown
1713972783.296569,0.625,0.804931640625,0.072509765625,unknown
1713972783.335229,0.6279296875,0.805419921875,0.072998046875,unknown
1713972783.375555,0.62451171875,0.804931640625,0.071533203125,unknown
1713972783.417431,0.6240234375,0.8056640625,0.062255859375,unknown
1713972783.462806,0.611083984375,0.806640625,0.061767578125,unknown
1713972783.502983,0.630615234375,0.812744140625,0.071044921875,unknown
1713972783.541286,0.6171875,0.80908203125,0.0654296875,unknown
1713972783.582272,0.622802734375,0.81103515625,0.066162109375,unknown
1713972783.622343,0.624267578125,0.806884765625,0.0673828125,unknown
1713972783.65895,0.622314453125,0.8076171875,0.060546875,unknown
1713972783.695213,0.62158203125,0.804443359375,0.06103515625,unknown
1713972783.74653,0.622314453125,0.809326171875,0.0595703125,unknown
1713972783.776167,0.62646484375,0.805908203125,0.061279296875,unknown
1713972783.813937,0.62646484375,0.8076171875,0.0625,unknown
1713972783.855249,0.620849609375,0.79541015625,0.05419921875,unknown
1713972783.89556,0.622802734375,0.804443359375,0.04833984375,unknown
1713972783.934316,0.630859375,0.810302734375,0.044921875,unknown
1713972783.976992,0.62548828125,0.80859375,0.041259765625,unknown
1713972784.015036,0.630615234375,0.80517578125,0.030029296875,unknown
1713972784.056091,0.616943359375,0.802978515625,0.02490234375,unknown
1713972784.099397,0.622314453125,0.806396484375,0.024658203125,unknown
1713972784.136579,0.62158203125,0.808349609375,0.02490234375,unknown
1713972784.191397,0.618408203125,0.807861328125,0.014892578125,unknown
1713972784.215527,0.618896484375,0.812255859375,0.009033203125,unknown
1713972784.25731,0.6259765625,0.814697265625,0.010498046875,unknown
1713972784.298027,0.615966796875,0.811279296875,0.0078125,unknown
1713972784.340046,0.621826171875,0.813232421875,0.011474609375,unknown
1713972784.373478,0.62109375,0.813720703125,0.014404296875,unknown
1713972784.414364,0.618408203125,0.812744140625,0.00537109375,unknown
1713972784.456011,0.618408203125,0.814453125,0.00439453125,unknown
1713972784.495979,0.61767578125,0.814697265625,0.000732421875,unknown
1713972784.53538,0.614013671875,0.813232421875,-0.006103515625,unknown
1713972784.575548,0.61181640625,0.820068359375,-0.005859375,unknown
1713972784.623743,0.616455078125,0.8125,0.002685546875,unknown
1713972784.656159,0.62109375,0.811279296875,0.009033203125,unknown
1713972784.697234,0.6279296875,0.810791015625,0.010498046875,unknown
1713972784.73763,0.62109375,0.803955078125,0.01220703125,unknown
1713972784.776473,0.63037109375,0.79833984375,0.01025390625,unknown
1713972784.816839,0.626220703125,0.797119140625,0.013427734375,unknown
1713972784.856988,0.63134765625,0.797119140625,0.015869140625,unknown
1713972784.899786,0.633544921875,0.79736328125,0.02490234375,unknown
1713972784.941556,0.629638671875,0.7998046875,0.01806640625,unknown
1713972784.981106,0.639404296875,0.79638671875,0.018798828125,unknown
1713972785.023201,0.653076171875,0.790283203125,0.039794921875,unknown
1713972785.054115,0.62841796875,0.810546875,0.043701171875,unknown
1713972785.099554,0.615966796875,0.810546875,0.045166015625,unknown
1713972785.135248,0.621826171875,0.8017578125,0.0478515625,unknown
1713972785.186526,0.62744140625,0.80615234375,0.047607421875,unknown
1713972785.21554,0.615234375,0.79248046875,0.04736328125,unknown
1713972785.255972,0.640625,0.7841796875,0.064208984375,unknown
1713972785.296251,0.62548828125,0.81298828125,0.06201171875,unknown
1713972785.337553,0.615966796875,0.795654296875,0.06640625,unknown
1713972785.378876,0.629638671875,0.812744140625,0.07080078125,unknown
1713972785.421685,0.624755859375,0.79248046875,0.064697265625,unknown
1713972785.456304,0.618408203125,0.81201171875,0.0673828125,unknown
1713972785.4962,0.634521484375,0.777099609375,0.0703125,unknown
1713972785.535382,0.627197265625,0.80078125,0.076904296875,unknown
1713972785.575446,0.627197265625,0.8076171875,0.09716796875,unknown
1713972785.613594,0.628662109375,0.804931640625,0.09716796875,unknown
1713972785.653113,0.6298828125,0.795654296875,0.081787109375,unknown
1713972785.695569,0.62744140625,0.80322265625,0.078369140625,unknown
1713972785.735886,0.62353515625,0.7998046875,0.089599609375,unknown
1713972785.774936,0.62353515625,0.80078125,0.090576171875,unknown
1713972785.815387,0.623779296875,0.8056640625,0.104736328125,unknown
1713972785.85826,0.62939453125,0.801513671875,0.111083984375,unknown
1713972785.898738,0.62548828125,0.80029296875,0.1142578125,unknown
1713972785.939097,0.625732421875,0.800537109375,0.1142578125,unknown
1713972785.981556,0.62646484375,0.805419921875,0.111328125,unknown
1713972786.016522,0.626708984375,0.7998046875,0.104736328125,unknown
1713972786.061827,0.6220703125,0.7998046875,0.10400390625,unknown
1713972786.103481,0.62548828125,0.801513671875,0.111328125,unknown
1713972786.135352,0.627197265625,0.803955078125,0.11376953125,unknown
1713972786.185971,0.62451171875,0.80029296875,0.115478515625,unknown
1713972786.217252,0.626220703125,0.80029296875,0.119873046875,unknown
1713972786.268954,0.623779296875,0.804443359375,0.11865234375,unknown
1713972786.294088,0.620361328125,0.80517578125,0.111328125,unknown
1713972786.335531,0.625244140625,0.80419921875,0.107666015625,unknown
1713972786.375343,0.620361328125,0.80517578125,0.111572265625,unknown
1713972786.418955,0.625732421875,0.804931640625,0.105712890625,unknown
1713972786.45665,0.6220703125,0.801025390625,0.111572265625,unknown
1713972786.496412,0.62451171875,0.798095703125,0.113037109375,unknown
1713972786.539181,0.623046875,0.80078125,0.109130859375,unknown
1713972786.578414,0.622314453125,0.80126953125,0.112060546875,unknown
1713972786.627116,0.620361328125,0.80126953125,0.113525390625,unknown
1713972786.656441,0.62109375,0.806396484375,0.1083984375,unknown
1713972786.70033,0.619873046875,0.805419921875,0.11279296875,unknown
1713972786.740131,0.62158203125,0.804931640625,0.11181640625,unknown
1713972786.781714,0.6240234375,0.804931640625,0.11376953125,unknown
1713972786.821844,0.623046875,0.800537109375,0.11474609375,unknown
1713972786.864232,0.624267578125,0.803955078125,0.114013671875,unknown
1713972786.898851,0.62548828125,0.8037109375,0.1064453125,unknown
1713972786.942297,0.625,0.802001953125,0.10595703125,unknown
1713972786.976764,0.622314453125,0.799072265625,0.118408203125,unknown
1713972787.017674,0.62646484375,0.803466796875,0.12255859375,unknown
1713972787.056304,0.622802734375,0.80126953125,0.12255859375,unknown
1713972787.096559,0.625,0.80126953125,0.114501953125,unknown
1713972787.138279,0.622314453125,0.800048828125,0.109130859375,unknown
1713972787.178041,0.623291015625,0.80224609375,0.113525390625,unknown
1713972787.216162,0.61865234375,0.80322265625,0.11669921875,unknown
1713972787.257349,0.622802734375,0.806396484375,0.1142578125,unknown
1713972787.298571,0.6201171875,0.804931640625,0.116455078125,unknown
1713972787.33836,0.623291015625,0.805908203125,0.1201171875,unknown
1713972787.38021,0.620849609375,0.800048828125,0.1220703125,unknown
1713972787.419732,0.622802734375,0.802734375,0.121337890625,unknown
1713972787.457474,0.62109375,0.80029296875,0.1201171875,unknown
1713972787.497054,0.627685546875,0.798583984375,0.122802734375,unknown
1713972787.536045,0.625732421875,0.795166015625,0.126708984375,unknown
1713972787.578753,0.626220703125,0.797607421875,0.125,unknown
1713972787.617764,0.6318359375,0.797607421875,0.133544921875,unknown
1713972787.657882,0.62939453125,0.791259765625,0.13623046875,unknown
1713972787.700359,0.636474609375,0.78857421875,0.137451171875,unknown
1713972787.741296,0.638671875,0.787109375,0.141357421875,unknown
1713972787.782117,0.634033203125,0.784912109375,0.136474609375,unknown
1713972787.821988,0.63818359375,0.785400390625,0.123291015625,unknown
1713972787.860057,0.63916015625,0.78564453125,0.134765625,unknown
1713972787.907901,0.63720703125,0.78466796875,0.14501953125,unknown
1713972787.944129,0.638916015625,0.784423828125,0.141845703125,unknown
1713972787.985862,0.642333984375,0.784423828125,0.13720703125,unknown
1713972788.026206,0.642578125,0.784912109375,0.127685546875,unknown
1713972788.060596,0.64599609375,0.78759765625,0.123046875,unknown
1713972788.100387,0.643310546875,0.791015625,0.122314453125,unknown
1713972788.140362,0.64013671875,0.798583984375,0.124267578125,unknown
1713972788.179586,0.633544921875,0.79833984375,0.124267578125,unknown
1713972788.218498,0.620849609375,0.802001953125,0.135498046875,unknown
1713972788.25708,0.615234375,0.801025390625,0.14013671875,unknown
1713972788.302919,0.6201171875,0.80078125,0.123779296875,unknown
1713972788.339193,0.629150390625,0.798828125,0.111572265625,unknown
1713972788.378384,0.6298828125,0.7978515625,0.099853515625,unknown
1713972788.418773,0.6220703125,0.78564453125,0.088623046875,unknown
1713972788.462632,0.624267578125,0.794677734375,0.087158203125,unknown
1713972788.500849,0.622314453125,0.801025390625,0.08544921875,unknown
1713972788.541612,0.625732421875,0.814697265625,0.087890625,unknown
1713972788.58245,0.62353515625,0.80859375,0.098388671875,unknown
1713972788.628491,0.60791015625,0.806396484375,0.1181640625,unknown
1713972788.659352,0.63134765625,0.819091796875,0.101806640625,unknown
1713972788.708838,0.678955078125,0.848876953125,0.094482421875,unknown
1713972788.742859,0.631591796875,0.798828125,0.09033203125,unknown
1713972788.784415,0.6259765625,0.786865234375,0.066650390625,unknown
1713972788.819246,0.59765625,0.779052734375,0.053466796875,unknown
1713972788.858944,0.59716796875,0.779052734375,0.04248046875,unknown
1713972788.900093,0.611083984375,0.798095703125,0.052734375,unknown
1713972788.939222,0.627685546875,0.804443359375,0.0693359375,unknown
1713972788.979032,0.6357421875,0.80859375,0.0712890625,unknown
1713972789.020124,0.6572265625,0.813720703125,0.092041015625,unknown
1713972789.064192,0.6376953125,0.782470703125,0.1103515625,unknown
1713972789.101277,0.63427734375,0.767822265625,0.11669921875,unknown
1713972789.149191,0.627197265625,0.75732421875,0.119873046875,unknown
1713972789.181183,0.61865234375,0.73779296875,0.14453125,unknown
1713972789.223233,0.70556640625,0.800537109375,0.1884765625,unknown
1713972789.264597,0.678955078125,0.78564453125,0.17138671875,unknown
1713972789.307084,0.68408203125,0.77490234375,0.1455078125,unknown
1713972789.342457,0.6826171875,0.762939453125,0.116943359375,unknown
1713972789.384314,0.656494140625,0.748046875,0.12890625,unknown
1713972789.422744,0.648681640625,0.7509765625,0.1181640625,unknown
1713972789.462435,0.652587890625,0.748291015625,0.112060546875,unknown
1713972789.505433,0.662841796875,0.752685546875,0.093994140625,unknown
1713972789.540184,0.668701171875,0.765869140625,0.072998046875,unknown
1713972789.581126,0.666748046875,0.7734375,0.065673828125,unknown
1713972789.622146,0.665771484375,0.78369140625,0.0595703125,unknown
1713972789.664381,0.65673828125,0.78271484375,0.052734375,unknown
1713972789.707211,0.6533203125,0.77880859375,0.050537109375,unknown
1713972789.74525,0.64599609375,0.76708984375,0.0634765625,unknown
1713972789.782594,0.64990234375,0.775634765625,0.072021484375,unknown
1713972789.830776,0.6748046875,0.7900390625,0.07568359375,unknown
1713972789.863024,0.672607421875,0.783203125,0.079833984375,unknown
1713972789.906685,0.660888671875,0.77197265625,0.077392578125,unknown
1713972789.942648,0.647705078125,0.763916015625,0.079345703125,unknown
1713972789.982075,0.652587890625,0.767333984375,0.08935546875,unknown
1713972790.024914,0.656982421875,0.765625,0.092041015625,unknown
1713972790.063525,0.66455078125,0.777099609375,0.103515625,unknown
1713972790.105044,0.67529296875,0.7880859375,0.109375,unknown
1713972790.143033,0.67041015625,0.782958984375,0.101318359375,unknown
1713972790.182312,0.650634765625,0.762451171875,0.089599609375,unknown
1713972790.222253,0.65234375,0.763916015625,0.086669921875,unknown
1713972790.263334,0.656494140625,0.7607421875,0.08251953125,unknown
1713972790.302147,0.65869140625,0.767822265625,0.08642578125,unknown
1713972790.343047,0.663818359375,0.78173828125,0.09130859375,unknown
1713972790.384102,0.65869140625,0.784423828125,0.082275390625,unknown
1713972790.427171,0.65234375,0.790771484375,0.074951171875,unknown
1713972790.468705,0.662353515625,0.7890625,0.087646484375,unknown
1713972790.504342,0.646240234375,0.783935546875,0.0830078125,unknown
1713972790.54626,0.6455078125,0.783447265625,0.06884765625,unknown
1713972790.58633,0.649658203125,0.789306640625,0.061767578125,unknown
1713972790.625275,0.645263671875,0.78515625,0.0615234375,unknown
1713972790.665046,0.64892578125,0.783447265625,0.05322265625,unknown
1713972790.705613,0.655029296875,0.780517578125,0.056884765625,unknown
1713972790.745065,0.656982421875,0.78369140625,0.05224609375,unknown
1713972790.787991,0.6572265625,0.785400390625,0.05322265625,unknown
1713972790.830105,0.658447265625,0.781982421875,0.062744140625,unknown
1713972790.874549,0.66015625,0.7861328125,0.068603515625,unknown
1713972790.904741,0.64990234375,0.77783203125,0.06005859375,unknown
1713972790.943553,0.6474609375,0.77734375,0.054931640625,unknown
1713972790.985303,0.6552734375,0.79296875,0.045654296875,unknown
1713972791.028872,0.648193359375,0.786865234375,0.0517578125,unknown
1713972791.064114,0.652587890625,0.778076171875,0.041259765625,unknown
1713972791.10625,0.646240234375,0.771728515625,0.050048828125,unknown
1713972791.145267,0.64111328125,0.76953125,0.068359375,unknown
1713972791.185069,0.6533203125,0.7841796875,0.078125,unknown
1713972791.228311,0.656494140625,0.785400390625,0.091552734375,unknown
1713972791.26736,0.635009765625,0.78173828125,0.0927734375,unknown
1713972791.306677,0.64794921875,0.795166015625,0.083251953125,unknown
1713972791.348511,0.64892578125,0.795166015625,0.083984375,unknown
1713972791.387451,0.635986328125,0.791259765625,0.080810546875,unknown
1713972791.426099,0.6474609375,0.790771484375,0.079833984375,unknown
1713972791.470119,0.643798828125,0.78662109375,0.084716796875,unknown
1713972791.504386,0.64892578125,0.779052734375,0.096923828125,unknown
1713972791.545164,0.647705078125,0.791015625,0.090087890625,unknown
1713972791.585227,0.639892578125,0.773193359375,0.09521484375,unknown
1713972791.626362,0.65234375,0.78857421875,0.093505859375,unknown
1713972791.669703,0.6630859375,0.75927734375,0.10400390625,unknown
1713972791.706475,0.6533203125,0.78515625,0.1103515625,unknown
1713972791.748199,0.646240234375,0.77294921875,0.108642578125,unknown
1713972791.787378,0.65087890625,0.784912109375,0.1123046875,unknown
1713972791.829124,0.64990234375,0.77197265625,0.1142578125,unknown
1713972791.872177,0.644775390625,0.772216796875,0.11279296875,unknown
1713972791.907053,0.652099609375,0.778076171875,0.117919921875,unknown
1713972791.948372,0.654296875,0.770263671875,0.123779296875,unknown
1713972791.996385,0.64404296875,0.78515625,0.119873046875,unknown
1713972792.028456,0.660400390625,0.7744140625,0.11328125,unknown
1713972792.071405,0.643798828125,0.79833984375,0.115966796875,unknown
1713972792.112317,0.641845703125,0.786865234375,0.115966796875,unknown
1713972792.1466,0.646728515625,0.7919921875,0.11376953125,unknown
1713972792.18503,0.643310546875,0.78515625,0.1162109375,unknown
1713972792.227256,0.6396484375,0.783447265625,0.124267578125,unknown
1713972792.266169,0.64697265625,0.780517578125,0.13037109375,unknown
1713972792.306054,0.642822265625,0.779052734375,0.135009765625,unknown
1713972792.349515,0.647216796875,0.778564453125,0.134033203125,unknown
1713972792.387773,0.648193359375,0.7802734375,0.136962890625,unknown
1713972792.428195,0.654541015625,0.77880859375,0.138427734375,unknown
1713972792.471521,0.655029296875,0.77099609375,0.13623046875,unknown
1713972792.510375,0.64111328125,0.783447265625,0.131103515625,unknown
1713972792.54853,0.647216796875,0.791259765625,0.125732421875,unknown
1713972792.603437,0.645263671875,0.779296875,0.121337890625,unknown
1713972792.628965,0.648681640625,0.769775390625,0.12060546875,unknown
1713972792.669066,0.638671875,0.77880859375,0.112548828125,unknown
1713972792.711526,0.638671875,0.783203125,0.119140625,unknown
1713972792.749118,0.63525390625,0.788330078125,0.12646484375,unknown
1713972792.788541,0.659423828125,0.781005859375,0.12451171875,unknown
1713972792.829751,0.64013671875,0.80615234375,0.11376953125,unknown
1713972792.867657,0.63134765625,0.801025390625,0.108154296875,unknown
1713972792.9106,0.62890625,0.805419921875,0.103759765625,unknown
1713972792.955432,0.62646484375,0.801513671875,0.115966796875,unknown
1713972792.988336,0.6318359375,0.787353515625,0.122314453125,unknown
1713972793.027057,0.650146484375,0.757568359375,0.138916015625,unknown
1713972793.071886,0.63232421875,0.78955078125,0.13720703125,unknown
1713972793.108822,0.64306640625,0.799560546875,0.142578125,unknown
1713972793.148207,0.645751953125,0.79931640625,0.126953125,unknown
1713972793.18831,0.63623046875,0.794677734375,0.127685546875,unknown
1713972793.234754,0.63232421875,0.783935546875,0.12451171875,unknown
1713972793.270071,0.633056640625,0.785400390625,0.127197265625,unknown
1713972793.310331,0.636962890625,0.783203125,0.13818359375,unknown
1713972793.357915,0.63525390625,0.78515625,0.1474609375,unknown
1713972793.399772,0.639892578125,0.79150390625,0.145263671875,unknown
1713972793.430069,0.640869140625,0.79248046875,0.145263671875,unknown
1713972793.473299,0.6357421875,0.786376953125,0.144287109375,unknown
1713972793.508983,0.632080078125,0.788818359375,0.150390625,unknown
1713972793.548747,0.635986328125,0.789794921875,0.148681640625,unknown
1713972793.591593,0.63232421875,0.787841796875,0.14697265625,unknown
1713972793.630056,0.6357421875,0.786376953125,0.146484375,unknown
1713972793.67153,0.636474609375,0.788818359375,0.14599609375,unknown
1713972793.709294,0.638671875,0.784912109375,0.146240234375,unknown
1713972793.754236,0.627685546875,0.78515625,0.147216796875,unknown
1713972793.791978,0.637451171875,0.794189453125,0.1376953125,unknown
1713972793.829892,0.634033203125,0.79052734375,0.134033203125,unknown
1713972793.8701,0.63427734375,0.787841796875,0.13037109375,unknown
1713972793.910214,0.63623046875,0.78515625,0.132080078125,unknown
1713972793.950129,0.640380859375,0.791015625,0.129150390625,unknown
1713972793.992161,0.63818359375,0.787841796875,0.130859375,unknown
1713972794.031124,0.632080078125,0.7880859375,0.125,unknown
1713972794.077824,0.63427734375,0.786376953125,0.119384765625,unknown
1713972794.113933,0.634765625,0.79248046875,0.12109375,unknown
1713972794.149066,0.6376953125,0.797119140625,0.126220703125,unknown
1713972794.191175,0.63427734375,0.7939453125,0.12451171875,unknown
1713972794.232126,0.634033203125,0.7900390625,0.12255859375,unknown
1713972794.278204,0.626708984375,0.796875,0.11474609375,unknown
1713972794.310324,0.628662109375,0.798583984375,0.108642578125,unknown
1713972794.350962,0.624755859375,0.802734375,0.106201171875,unknown
1713972794.397198,0.632080078125,0.79833984375,0.1123046875,unknown
1713972794.438241,0.623779296875,0.7958984375,0.113525390625,unknown
1713972794.473763,0.62548828125,0.7998046875,0.107666015625,unknown
1713972794.512114,0.626708984375,0.796630859375,0.107666015625,unknown
1713972794.55118,0.62255859375,0.79833984375,0.102294921875,unknown
1713972794.591367,0.622802734375,0.798828125,0.09619140625,unknown
1713972794.632541,0.621337890625,0.809814453125,0.091796875,unknown
1713972794.673679,0.620361328125,0.807373046875,0.087890625,unknown
1713972794.711158,0.6171875,0.809814453125,0.082763671875,unknown
1713972794.752419,0.62060546875,0.803955078125,0.0888671875,unknown
1713972794.789915,0.61865234375,0.8037109375,0.0791015625,unknown
1713972794.829928,0.621337890625,0.804931640625,0.084716796875,unknown
1713972794.875471,0.6220703125,0.808837890625,0.092529296875,unknown
1713972794.912014,0.620849609375,0.803955078125,0.09619140625,unknown
1713972794.953147,0.6201171875,0.8017578125,0.09814453125,unknown
1713972794.992558,0.62255859375,0.803466796875,0.100830078125,unknown
1713972795.054344,0.620361328125,0.798828125,0.103515625,unknown
1713972795.079,0.619873046875,0.7998046875,0.111572265625,unknown
1713972795.117865,0.625,0.803955078125,0.111572265625,unknown
1713972795.155448,0.62255859375,0.801025390625,0.1142578125,unknown
1713972795.193799,0.623779296875,0.8046875,0.120849609375,unknown
1713972795.233797,0.623046875,0.800537109375,0.118408203125,unknown
1713972795.272639,0.625244140625,0.795166015625,0.125244140625,unknown
1713972795.316648,0.620361328125,0.7958984375,0.133544921875,unknown
1713972795.355039,0.622314453125,0.799072265625,0.135009765625,unknown
1713972795.391,0.627685546875,0.79931640625,0.136474609375,unknown
1713972795.446433,0.62646484375,0.796630859375,0.13623046875,unknown
1713972795.472143,0.6279296875,0.7978515625,0.135009765625,unknown
1713972795.512931,0.627685546875,0.796630859375,0.1376953125,unknown
1713972795.55722,0.62841796875,0.794921875,0.140380859375,unknown
1713972795.595888,0.621826171875,0.795166015625,0.131591796875,unknown
1713972795.633715,0.6318359375,0.7958984375,0.117919921875,unknown
1713972795.672079,0.62939453125,0.797607421875,0.12890625,unknown
1713972795.712026,0.628173828125,0.796875,0.1337890625,unknown
1713972795.75311,0.62841796875,0.797607421875,0.136474609375,unknown
1713972795.79398,0.627685546875,0.796142578125,0.129638671875,unknown
1713972795.83237,0.62109375,0.79296875,0.11962890625,unknown
1713972795.875295,0.6240234375,0.7978515625,0.111572265625,unknown
1713972795.913052,0.62158203125,0.798095703125,0.12255859375,unknown
1713972795.960148,0.629150390625,0.797607421875,0.13134765625,unknown
1713972795.996572,0.62451171875,0.799560546875,0.1376953125,unknown
1713972796.036394,0.625732421875,0.794921875,0.1328125,unknown
1713972796.073493,0.62939453125,0.793701171875,0.1328125,unknown
1713972796.112126,0.63037109375,0.795166015625,0.130859375,unknown
1713972796.153101,0.625244140625,0.791748046875,0.13232421875,unknown
1713972796.194676,0.632080078125,0.791748046875,0.13427734375,unknown
1713972796.23793,0.63037109375,0.79443359375,0.13623046875,unknown
1713972796.277582,0.632568359375,0.79443359375,0.137451171875,unknown
1713972796.315436,0.632568359375,0.791748046875,0.134521484375,unknown
1713972796.354043,0.626953125,0.790771484375,0.130615234375,unknown
1713972796.39326,0.63525390625,0.79443359375,0.127197265625,unknown
1713972796.434589,0.629638671875,0.79443359375,0.140869140625,unknown
1713972796.474109,0.63525390625,0.7880859375,0.143310546875,unknown
1713972796.517983,0.625732421875,0.788818359375,0.13818359375,unknown
1713972796.555126,0.633056640625,0.794677734375,0.120849609375,unknown
1713972796.599332,0.63232421875,0.794921875,0.124267578125,unknown
1713972796.635045,0.6279296875,0.790283203125,0.137939453125,unknown
1713972796.674019,0.626220703125,0.791015625,0.133544921875,unknown
1713972796.713635,0.62890625,0.79443359375,0.1201171875,unknown
1713972796.755443,0.630615234375,0.794189453125,0.116455078125,unknown
1713972796.792515,0.631103515625,0.7919921875,0.134033203125,unknown
1713972796.83397,0.628662109375,0.791015625,0.1416015625,unknown
1713972796.87216,0.63037109375,0.796630859375,0.138916015625,unknown
1713972796.912317,0.62841796875,0.79931640625,0.128173828125,unknown
1713972796.955622,0.626220703125,0.79638671875,0.122314453125,unknown
1713972796.995865,0.62744140625,0.79638671875,0.1220703125,unknown
1713972797.043141,0.62255859375,0.796875,0.1279296875,unknown
1713972797.074441,0.625,0.80029296875,0.115234375,unknown
1713972797.117071,0.625,0.803955078125,0.107177734375,unknown
1713972797.161255,0.633544921875,0.80078125,0.125,unknown
1713972797.199756,0.62890625,0.790283203125,0.14501953125,unknown
1713972797.237383,0.632080078125,0.787109375,0.14111328125,unknown
1713972797.275822,0.63037109375,0.788330078125,0.12939453125,unknown
1713972797.31528,0.628662109375,0.792724609375,0.119384765625,unknown
1713972797.354059,0.626708984375,0.795166015625,0.1201171875,unknown
1713972797.393111,0.627685546875,0.800048828125,0.125732421875,unknown
1713972797.432993,0.63134765625,0.797607421875,0.127197265625,unknown
1713972797.472165,0.633056640625,0.800537109375,0.131103515625,unknown
1713972797.514249,0.63623046875,0.7958984375,0.134033203125,unknown
1713972797.554404,0.630615234375,0.788818359375,0.126708984375,unknown
1713972797.592875,0.630126953125,0.78662109375,0.1171875,unknown
1713972797.633354,0.63818359375,0.79052734375,0.116455078125,unknown
1713972797.676262,0.632568359375,0.784423828125,0.129638671875,unknown
1713972797.715744,0.634521484375,0.787841796875,0.138671875,unknown
1713972797.756094,0.63720703125,0.7890625,0.130859375,unknown
1713972797.808521,0.629638671875,0.789794921875,0.11865234375,unknown
1713972797.835579,0.632080078125,0.793212890625,0.118408203125,unknown
1713972797.882409,0.629150390625,0.7919921875,0.126220703125,unknown
1713972797.921979,0.6357421875,0.79296875,0.1279296875,unknown
1713972797.961783,0.632568359375,0.79052734375,0.134765625,unknown
1713972798.000691,0.634765625,0.794677734375,0.133544921875,unknown
1713972798.046527,0.633544921875,0.795166015625,0.129150390625,unknown
1713972798.073118,0.629638671875,0.787353515625,0.12109375,unknown
1713972798.113063,0.6298828125,0.7919921875,0.119384765625,unknown
1713972798.152989,0.62841796875,0.79443359375,0.116943359375,unknown
1713972798.199049,0.629638671875,0.798828125,0.1181640625,unknown
1713972798.236069,0.630859375,0.798095703125,0.1142578125,unknown
1713972798.277247,0.62890625,0.796875,0.11572265625,unknown
1713972798.314055,0.6298828125,0.796142578125,0.12158203125,unknown
1713972798.355269,0.62841796875,0.79248046875,0.123291015625,unknown
1713972798.39638,0.6279296875,0.79541015625,0.125244140625,unknown
1713972798.438149,0.630615234375,0.793212890625,0.123046875,unknown
1713972798.47626,0.625732421875,0.79443359375,0.127197265625,unknown
1713972798.520589,0.625732421875,0.79443359375,0.125732421875,unknown
1713972798.556384,0.626708984375,0.7978515625,0.129150390625,unknown
1713972798.595991,0.63134765625,0.804443359375,0.131103515625,unknown
1713972798.642064,0.629638671875,0.79833984375,0.128662109375,unknown
1713972798.679751,0.63037109375,0.79833984375,0.127685546875,unknown
1713972798.713189,0.621826171875,0.791748046875,0.114501953125,unknown
1713972798.755667,0.62890625,0.794921875,0.111572265625,unknown
1713972798.799945,0.630859375,0.7919921875,0.12744140625,unknown
1713972798.834998,0.63330078125,0.787841796875,0.134521484375,unknown
1713972798.880507,0.628662109375,0.78662109375,0.132080078125,unknown
1713972798.9161,0.63330078125,0.79296875,0.133544921875,unknown
1713972798.958303,0.627197265625,0.79248046875,0.128173828125,unknown
1713972798.999688,0.626708984375,0.795166015625,0.119384765625,unknown
1713972799.038139,0.628173828125,0.794677734375,0.120849609375,unknown
1713972799.078215,0.628173828125,0.800048828125,0.12353515625,unknown
1713972799.119083,0.623291015625,0.796630859375,0.12451171875,unknown
1713972799.159053,0.6279296875,0.794677734375,0.121337890625,unknown
1713972799.198182,0.625732421875,0.79345703125,0.12109375,unknown
1713972799.239689,0.626220703125,0.797119140625,0.1181640625,unknown
1713972799.277656,0.627197265625,0.798828125,0.11962890625,unknown
1713972799.318748,0.62744140625,0.799560546875,0.120361328125,unknown
1713972799.356176,0.626708984375,0.798095703125,0.122314453125,unknown
1713972799.401278,0.625,0.798828125,0.11572265625,unknown
1713972799.435627,0.625,0.792724609375,0.112060546875,unknown
1713972799.487401,0.625244140625,0.794921875,0.124267578125,unknown
1713972799.516504,0.631103515625,0.802001953125,0.129638671875,unknown
1713972799.559392,0.625,0.799560546875,0.1318359375,unknown
1713972799.596131,0.628173828125,0.800537109375,0.128662109375,unknown
1713972799.638278,0.624755859375,0.799560546875,0.123779296875,unknown
1713972799.683517,0.627685546875,0.795654296875,0.119873046875,unknown
1713972799.719414,0.62109375,0.794677734375,0.12548828125,unknown
1713972799.762086,0.62451171875,0.799560546875,0.122802734375,unknown
1713972799.80204,0.62646484375,0.794189453125,0.122802734375,unknown
1713972799.841694,0.628173828125,0.797119140625,0.12841796875,unknown
1713972799.881756,0.625,0.793212890625,0.125732421875,unknown
1713972799.920017,0.62548828125,0.798828125,0.13037109375,unknown
1713972799.961444,0.6240234375,0.79931640625,0.129150390625,unknown
1713972799.999552,0.631591796875,0.8056640625,0.123291015625,unknown
1713972800.038899,0.619384765625,0.801025390625,0.1181640625,unknown
1713972800.078195,0.620361328125,0.804931640625,0.12060546875,unknown
1713972800.11821,0.622314453125,0.8076171875,0.1181640625,unknown
1713972800.157047,0.619384765625,0.805419921875,0.11669921875,unknown
1713972800.199868,0.621826171875,0.8046875,0.10791015625,unknown
1713972800.240743,0.617431640625,0.808349609375,0.11083984375,unknown
1713972800.282189,0.622802734375,0.808349609375,0.103515625,unknown
1713972800.322042,0.619384765625,0.807373046875,0.10302734375,unknown
1713972800.362927,0.62451171875,0.805419921875,0.102294921875,unknown
1713972800.401064,0.624755859375,0.801025390625,0.103759765625,unknown
1713972800.441851,0.623046875,0.80029296875,0.099365234375,unknown
1713972800.480245,0.62548828125,0.799560546875,0.098388671875,unknown
1713972800.521017,0.622802734375,0.79638671875,0.099609375,unknown
1713972800.56023,0.62109375,0.794921875,0.105224609375,unknown
1713972800.602033,0.623779296875,0.801025390625,0.103759765625,unknown
1713972800.642383,0.623291015625,0.80712890625,0.108154296875,unknown
1713972800.677173,0.626708984375,0.808837890625,0.10498046875,unknown
1713972800.719079,0.620361328125,0.80908203125,0.105712890625,unknown
1713972800.760862,0.6201171875,0.80712890625,0.099853515625,unknown
1713972800.797631,0.61962890625,0.80517578125,0.09814453125,unknown
1713972800.838623,0.621826171875,0.805908203125,0.099609375,unknown
1713972800.881844,0.6220703125,0.798095703125,0.0986328125,unknown
1713972800.931633,0.604736328125,0.81298828125,0.092041015625,unknown
1713972800.959105,0.630126953125,0.81640625,0.10107421875,unknown
1713972801.010425,0.6337890625,0.783935546875,0.105712890625,unknown
1713972801.04052,0.615966796875,0.81640625,0.10498046875,unknown
1713972801.084854,0.623046875,0.818115234375,0.107177734375,unknown
1713972801.126903,0.62109375,0.802490234375,0.101318359375,unknown
1713972801.162925,0.636474609375,0.783447265625,0.0966796875,unknown
1713972801.205605,0.62255859375,0.79052734375,0.096435546875,unknown
1713972801.247162,0.6201171875,0.80859375,0.099609375,unknown
1713972801.286883,0.62109375,0.810546875,0.10009765625,unknown
1713972801.324943,0.615478515625,0.80908203125,0.104736328125,unknown
1713972801.357639,0.616455078125,0.807373046875,0.105712890625,unknown
1713972801.407522,0.617919921875,0.807373046875,0.10693359375,unknown
1713972801.438104,0.62255859375,0.80859375,0.105712890625,unknown
1713972801.484935,0.621337890625,0.8076171875,0.109130859375,unknown
1713972801.521519,0.625,0.806884765625,0.11328125,unknown
1713972801.567519,0.621826171875,0.802978515625,0.10986328125,unknown
1713972801.600306,0.622314453125,0.805908203125,0.106689453125,unknown
1713972801.643786,0.623291015625,0.802001953125,0.1044921875,unknown
1713972801.68035,0.61962890625,0.80615234375,0.106689453125,unknown
1713972801.729668,0.6201171875,0.805908203125,0.10791015625,unknown
1713972801.767519,0.62158203125,0.806640625,0.10400390625,unknown
1713972801.807823,0.619873046875,0.804443359375,0.10498046875,unknown
1713972801.847677,0.62548828125,0.8037109375,0.103515625,unknown
1713972801.888207,0.622314453125,0.802734375,0.109130859375,unknown
1713972801.928325,0.623779296875,0.803955078125,0.10693359375,unknown
1713972801.967943,0.619873046875,0.802734375,0.10400390625,unknown
1713972801.99806,0.62353515625,0.8046875,0.10546875,unknown
1713972802.039343,0.622314453125,0.80419921875,0.09912109375,unknown
1713972802.080262,0.619873046875,0.802734375,0.09619140625,unknown
1713972802.122839,0.62255859375,0.804931640625,0.096923828125,unknown
1713972802.159199,0.62255859375,0.8046875,0.099365234375,unknown
1713972802.201012,0.623779296875,0.8017578125,0.09765625,unknown
1713972802.239302,0.625244140625,0.804443359375,0.096435546875,unknown
1713972802.279917,0.62353515625,0.8017578125,0.09423828125,unknown
1713972802.320326,0.62841796875,0.80029296875,0.08984375,unknown
1713972802.361058,0.62744140625,0.79638671875,0.08935546875,unknown
1713972802.402185,0.62451171875,0.79638671875,0.086669921875,unknown
1713972802.449852,0.627685546875,0.8037109375,0.0888671875,unknown
1713972802.482082,0.620849609375,0.801513671875,0.085205078125,unknown
1713972802.53149,0.61962890625,0.80322265625,0.078857421875,unknown
1713972802.560907,0.6201171875,0.81005859375,0.083251953125,unknown
1713972802.611981,0.627685546875,0.81396484375,0.082763671875,unknown
1713972802.641605,0.616943359375,0.8095703125,0.078125,unknown
1713972802.682667,0.61962890625,0.810546875,0.075927734375,unknown
1713972802.720338,0.621826171875,0.81494140625,0.076416015625,unknown
1713972802.765352,0.624267578125,0.810302734375,0.0751953125,unknown
1713972802.800141,0.61865234375,0.804931640625,0.0654296875,unknown
1713972802.843413,0.619873046875,0.80615234375,0.065185546875,unknown
1713972802.880522,0.618896484375,0.807373046875,0.06591796875,unknown
1713972802.922537,0.6220703125,0.807861328125,0.064697265625,unknown
1713972802.967139,0.6201171875,0.80712890625,0.064453125,unknown
1713972803.033436,0.624267578125,0.811279296875,0.0693359375,unknown
1713972803.046505,0.623291015625,0.81005859375,0.075439453125,unknown
1713972803.086962,0.623046875,0.80810546875,0.07080078125,unknown
1713972803.123846,0.624755859375,0.805419921875,0.068115234375,unknown
1713972803.165889,0.62109375,0.802978515625,0.065673828125,unknown
1713972803.203354,0.621337890625,0.80615234375,0.062744140625,unknown
1713972803.244635,0.6220703125,0.806884765625,0.06396484375,unknown
1713972803.282037,0.6220703125,0.8076171875,0.066162109375,unknown
1713972803.324993,0.61767578125,0.809326171875,0.0634765625,unknown
1713972803.36371,0.622314453125,0.81103515625,0.063720703125,unknown
1713972803.399971,0.62109375,0.808349609375,0.064697265625,unknown
1713972803.443071,0.62451171875,0.807373046875,0.06201171875,unknown
1713972803.480965,0.624755859375,0.8095703125,0.06103515625,unknown
1713972803.521703,0.621337890625,0.802001953125,0.060791015625,unknown
1713972803.561137,0.6220703125,0.806396484375,0.0576171875,unknown
1713972803.604315,0.627197265625,0.811279296875,0.05859375,unknown
1713972803.642095,0.62158203125,0.805908203125,0.061767578125,unknown
1713972803.682167,0.6220703125,0.8076171875,0.0556640625,unknown
1713972803.722931,0.620849609375,0.807861328125,0.05419921875,unknown
1713972803.763991,0.62744140625,0.808837890625,0.057373046875,unknown
1713972803.804082,0.618896484375,0.805419921875,0.059814453125,unknown
1713972803.843496,0.625,0.810791015625,0.059814453125,unknown
1713972803.881287,0.627685546875,0.8134765625,0.05908203125,unknown
1713972803.921422,0.625732421875,0.809326171875,0.042724609375,unknown
1713972803.968069,0.621826171875,0.80615234375,0.02783203125,unknown
1713972804.001185,0.60986328125,0.816650390625,0.021728515625,unknown
1713972804.046371,0.6015625,0.823486328125,-0.009521484375,unknown
1713972804.083261,0.59326171875,0.819091796875,-0.0146484375,unknown
1713972804.124516,0.618408203125,0.832763671875,0.005126953125,unknown
1713972804.161931,0.601318359375,0.822021484375,-0.0361328125,unknown
1713972804.202851,0.611328125,0.82421875,-0.08447265625,unknown
1713972804.243814,0.6083984375,0.77197265625,-0.08935546875,unknown
1713972804.291527,0.649658203125,0.791015625,-0.080810546875,unknown
1713972804.324116,0.626953125,0.72705078125,-0.057373046875,unknown
1713972804.376828,0.622314453125,0.776611328125,-0.098876953125,unknown
1713972804.40478,0.61376953125,0.838134765625,-0.13818359375,unknown
1713972804.458395,0.60009765625,0.83056640625,-0.14794921875,unknown
1713972804.485199,0.62060546875,0.82177734375,-0.0927734375,unknown
1713972804.530648,0.636474609375,0.799072265625,-0.092041015625,unknown
1713972804.563892,0.6435546875,0.77001953125,-0.1005859375,unknown
1713972804.616438,0.610107421875,0.792724609375,-0.083251953125,unknown
1713972804.642052,0.610107421875,0.79541015625,-0.092529296875,unknown
1713972804.689406,0.621826171875,0.7900390625,-0.0576171875,unknown
1713972804.722043,0.600830078125,0.79736328125,-0.034912109375,unknown
1713972804.761979,0.630859375,0.819580078125,-0.052001953125,unknown
1713972804.803186,0.608154296875,0.833740234375,-0.039306640625,unknown
1713972804.843376,0.616455078125,0.83984375,-0.006591796875,unknown
1713972804.883039,0.608154296875,0.82275390625,0.008056640625,unknown
1713972804.924094,0.609375,0.820068359375,-0.000244140625,unknown
1713972804.967269,0.611083984375,0.817138671875,0.0029296875,unknown
1713972805.0096,0.618408203125,0.817138671875,0.005615234375,unknown
1713972805.046477,0.612060546875,0.81201171875,0.0078125,unknown
1713972805.089157,0.610595703125,0.81396484375,0.012451171875,unknown
1713972805.126834,0.62548828125,0.813232421875,-0.002685546875,unknown
1713972805.168082,0.61279296875,0.81298828125,0.02099609375,unknown
1713972805.204666,0.614990234375,0.814453125,0.021240234375,unknown
1713972805.247999,0.630859375,0.816162109375,0.025634765625,unknown
1713972805.285547,0.62353515625,0.803955078125,0.032958984375,unknown
1713972805.326494,0.6201171875,0.79833984375,0.037109375,unknown
1713972805.363926,0.6298828125,0.808837890625,0.046630859375,unknown
1713972805.4049,0.60693359375,0.799072265625,0.055908203125,unknown
1713972805.448414,0.6171875,0.810302734375,0.053955078125,unknown
1713972805.484835,0.61572265625,0.80859375,0.065185546875,unknown
1713972805.523935,0.6201171875,0.809814453125,0.063232421875,unknown
1713972805.565063,0.618896484375,0.812744140625,0.063232421875,unknown
1713972805.608667,0.62060546875,0.81298828125,0.072021484375,unknown
1713972805.64507,0.618408203125,0.813232421875,0.07861328125,unknown
1713972805.685921,0.618408203125,0.812744140625,0.06884765625,unknown
1713972805.733714,0.616455078125,0.81396484375,0.07470703125,unknown
1713972805.766338,0.620361328125,0.8134765625,0.076904296875,unknown
1713972805.812059,0.617919921875,0.81494140625,0.073974609375,unknown
1713972805.845956,0.62060546875,0.813720703125,0.064453125,unknown
1713972805.891763,0.619873046875,0.815673828125,0.06494140625,unknown
1713972805.924992,0.623046875,0.806640625,0.0673828125,unknown
1713972805.96906,0.617431640625,0.813232421875,0.06201171875,unknown
1713972806.012233,0.62109375,0.81396484375,0.05810546875,unknown
1713972806.054135,0.6201171875,0.8115234375,0.068359375,unknown
1713972806.088196,0.623291015625,0.80615234375,0.06201171875,unknown
1713972806.129399,0.616943359375,0.807373046875,0.05908203125,unknown
1713972806.167908,0.622314453125,0.810791015625,0.062255859375,unknown
1713972806.208678,0.61669921875,0.80908203125,0.065185546875,unknown
1713972806.247342,0.6162109375,0.812744140625,0.063232421875,unknown
1713972806.286937,0.620849609375,0.8125,0.064453125,unknown
1713972806.32991,0.6201171875,0.8134765625,0.062744140625,unknown
1713972806.376419,0.615966796875,0.811279296875,0.061279296875,unknown
1713972806.409896,0.619140625,0.813720703125,0.05859375,unknown
1713972806.457227,0.615478515625,0.808837890625,0.05810546875,unknown
1713972806.489772,0.612548828125,0.8134765625,0.0595703125,unknown
1713972806.528301,0.61767578125,0.81787109375,0.06494140625,unknown
1713972806.565946,0.61572265625,0.814453125,0.066650390625,unknown
1713972806.608063,0.61669921875,0.811767578125,0.06298828125,unknown
1713972806.646652,0.619873046875,0.815673828125,0.0654296875,unknown
1713972806.696767,0.6259765625,0.815185546875,0.067626953125,unknown
1713972806.727559,0.61572265625,0.810302734375,0.0625,unknown
1713972806.779432,0.625244140625,0.811767578125,0.061767578125,unknown
1713972806.809224,0.62353515625,0.81005859375,0.066650390625,unknown
1713972806.858482,0.623291015625,0.808349609375,0.060302734375,unknown
1713972806.889038,0.62451171875,0.807373046875,0.0576171875,unknown
1713972806.93331,0.61865234375,0.80810546875,0.053955078125,unknown
1713972806.975931,0.62109375,0.806640625,0.05224609375,unknown
1713972807.009789,0.626708984375,0.807861328125,0.050537109375,unknown
1713972807.056259,0.625,0.806884765625,0.054443359375,unknown
1713972807.091067,0.626708984375,0.80908203125,0.05078125,unknown
1713972807.134767,0.630126953125,0.80615234375,0.04833984375,unknown
1713972807.175322,0.625,0.80224609375,0.04736328125,unknown
1713972807.214017,0.623291015625,0.80859375,0.041015625,unknown
1713972807.255643,0.6201171875,0.80712890625,0.033447265625,unknown
1713972807.293624,0.62060546875,0.81005859375,0.02392578125,unknown
1713972807.330532,0.60888671875,0.8076171875,0.019287109375,unknown
1713972807.37287,0.61865234375,0.812744140625,0.0087890625,unknown
1713972807.408803,0.614013671875,0.814453125,0.014404296875,unknown
1713972807.452617,0.60791015625,0.823974609375,0.008056640625,unknown
1713972807.489253,0.606689453125,0.82373046875,0.00244140625,unknown
1713972807.529229,0.59619140625,0.827392578125,0.0107421875,unknown
1713972807.570142,0.603515625,0.827392578125,0.001708984375,unknown
1713972807.611103,0.607666015625,0.828125,0.004638671875,unknown
1713972807.658441,0.603515625,0.8203125,0.010986328125,unknown
1713972807.692301,0.602783203125,0.8193359375,0.01123046875,unknown
1713972807.73906,0.604736328125,0.821044921875,0.0087890625,unknown
1713972807.772389,0.598876953125,0.822509765625,0.005615234375,unknown
1713972807.823841,0.595458984375,0.823486328125,0.005859375,unknown
1713972807.849925,0.596923828125,0.8310546875,-0.005859375,unknown
1713972807.890131,0.605712890625,0.843505859375,-0.00439453125,unknown
1713972807.92898,0.587890625,0.836669921875,-0.028564453125,unknown
1713972807.971118,0.59130859375,0.836669921875,-0.02587890625,unknown
1713972808.01009,0.58251953125,0.835205078125,-0.03955078125,unknown
1713972808.0527,0.5830078125,0.833740234375,-0.044189453125,unknown
1713972808.090862,0.583251953125,0.833740234375,-0.044677734375,unknown
1713972808.133873,0.58349609375,0.840576171875,-0.04638671875,unknown
1713972808.173061,0.58447265625,0.842529296875,-0.051025390625,unknown
1713972808.2155,0.588623046875,0.8427734375,-0.05810546875,unknown
1713972808.255092,0.5849609375,0.8388671875,-0.05859375,unknown
1713972808.297195,0.58251953125,0.84130859375,-0.0615234375,unknown
1713972808.335741,0.579833984375,0.83837890625,-0.066650390625,unknown
1713972808.37188,0.58056640625,0.83642578125,-0.060791015625,unknown
1713972808.412848,0.58251953125,0.8408203125,-0.069091796875,unknown
1713972808.459114,0.580322265625,0.837646484375,-0.0673828125,unknown
1713972808.492595,0.5830078125,0.837890625,-0.072265625,unknown
1713972808.532538,0.577392578125,0.8388671875,-0.07080078125,unknown
1713972808.572075,0.57763671875,0.83984375,-0.071533203125,unknown
1713972808.611166,0.576416015625,0.8427734375,-0.072021484375,unknown
1713972808.653542,0.571044921875,0.849609375,-0.06689453125,unknown
1713972808.69204,0.572509765625,0.842041015625,-0.07666015625,unknown
1713972808.733112,0.57861328125,0.849853515625,-0.090576171875,unknown
1713972808.773473,0.579345703125,0.833251953125,-0.0712890625,unknown
1713972808.812849,0.595703125,0.826904296875,-0.05859375,unknown
1713972808.852102,0.600341796875,0.826171875,-0.03759765625,unknown
1713972808.893843,0.599609375,0.83251953125,-0.0400390625,unknown
1713972808.933689,0.588623046875,0.827392578125,-0.050048828125,unknown
1713972808.975459,0.588134765625,0.844482421875,-0.05029296875,unknown
1713972809.015386,0.59326171875,0.837158203125,-0.040771484375,unknown
1713972809.054568,0.599853515625,0.83251953125,-0.037353515625,unknown
1713972809.097378,0.59619140625,0.830078125,-0.0341796875,unknown
1713972809.13893,0.59228515625,0.832763671875,-0.0322265625,unknown
1713972809.178256,0.576904296875,0.80908203125,-0.05419921875,unknown
1713972809.220441,0.6015625,0.821044921875,-0.04345703125,unknown
1713972809.259496,0.60888671875,0.825927734375,-0.02783203125,unknown
1713972809.297797,0.60107421875,0.81103515625,-0.039306640625,unknown
1713972809.334229,0.617431640625,0.8076171875,-0.027099609375,unknown
1713972809.383774,0.61767578125,0.821044921875,-0.00439453125,unknown
1713972809.414298,0.621826171875,0.817138671875,-0.01953125,unknown
1713972809.465646,0.62158203125,0.786376953125,-0.02587890625,unknown
1713972809.495969,0.616943359375,0.802001953125,-0.025146484375,unknown
1713972809.550342,0.623046875,0.80224609375,-0.023681640625,unknown
1713972809.57523,0.61328125,0.816650390625,0.01123046875,unknown
1713972809.617827,0.633544921875,0.796875,-0.00732421875,unknown
1713972809.657878,0.650634765625,0.81494140625,-0.017333984375,unknown
1713972809.701617,0.623046875,0.828857421875,-0.011962890625,unknown
1713972809.736033,0.608154296875,0.80322265625,-0.023681640625,unknown
1713972809.777435,0.61474609375,0.809326171875,0.005615234375,unknown
1713972809.817105,0.599609375,0.830810546875,0.012939453125,unknown
1713972809.853917,0.568359375,0.839111328125,0.0009765625,unknown
1713972809.895008,0.591796875,0.82177734375,0.00146484375,unknown
1713972809.933876,0.601806640625,0.850341796875,-0.0078125,unknown
1713972809.974661,0.5712890625,0.8388671875,0.009521484375,unknown
1713972810.015018,0.606689453125,0.814453125,0.001953125,unknown
1713972810.0614,0.615478515625,0.828369140625,0.013916015625,unknown
1713972810.097256,0.59375,0.83203125,0.006103515625,unknown
1713972810.135864,0.60986328125,0.799072265625,0.013671875,unknown
1713972810.175129,0.625,0.802001953125,0.010498046875,unknown
1713972810.216176,0.626708984375,0.80615234375,0.018310546875,unknown
1713972810.257241,0.629150390625,0.809814453125,0.02490234375,unknown
1713972810.295864,0.59326171875,0.8349609375,0.01171875,unknown
1713972810.337202,0.60986328125,0.8076171875,0.003662109375,unknown
1713972810.379617,0.623046875,0.812744140625,0.015625,unknown
1713972810.41717,0.6220703125,0.822509765625,0.01318359375,unknown
1713972810.459359,0.615966796875,0.826904296875,0.00732421875,unknown
1713972810.497204,0.60498046875,0.819580078125,0.00244140625,unknown
1713972810.539082,0.61767578125,0.803466796875,-0.00048828125,unknown
1713972810.577507,0.62353515625,0.80517578125,0.009033203125,unknown
1713972810.618627,0.6064453125,0.815673828125,0.003662109375,unknown
1713972810.657307,0.617431640625,0.819580078125,0.007080078125,unknown
1713972810.699301,0.614990234375,0.81640625,0.0107421875,unknown
1713972810.737486,0.61279296875,0.813720703125,0.012939453125,unknown
1713972810.778604,0.61865234375,0.814697265625,0.0107421875,unknown
1713972810.81795,0.618896484375,0.81201171875,0.017578125,unknown
1713972810.858823,0.6181640625,0.806884765625,0.0224609375,unknown
1713972810.898147,0.622314453125,0.81201171875,0.027099609375,unknown
1713972810.938808,0.612548828125,0.82177734375,0.023681640625,unknown
1713972810.979281,0.60302734375,0.818603515625,0.031494140625,unknown
1713972811.020252,0.62548828125,0.806884765625,0.04052734375,unknown
1713972811.059427,0.61865234375,0.806640625,0.026123046875,unknown
1713972811.100936,0.6328125,0.823486328125,0.034912109375,unknown
1713972811.140223,0.61962890625,0.812255859375,0.025146484375,unknown
1713972811.177836,0.639892578125,0.8193359375,0.050537109375,unknown
1713972811.217072,0.61962890625,0.81298828125,0.025634765625,unknown
1713972811.256896,0.6318359375,0.818115234375,0.024658203125,unknown
1713972811.297435,0.61181640625,0.807861328125,0.00537109375,unknown
1713972811.339829,0.620849609375,0.806884765625,0.000244140625,unknown
1713972811.379002,0.62158203125,0.8125,-0.007568359375,unknown
1713972811.420971,0.62109375,0.803955078125,0.000244140625,unknown
1713972811.464497,0.6240234375,0.80908203125,-0.00830078125,unknown
1713972811.501371,0.623291015625,0.806396484375,-0.0107421875,unknown
1713972811.543725,0.631103515625,0.8076171875,-0.006591796875,unknown
1713972811.583288,0.626708984375,0.80712890625,-0.003173828125,unknown
1713972811.6223,0.626953125,0.808349609375,-0.00634765625,unknown
1713972811.663967,0.623291015625,0.807373046875,-0.00244140625,unknown
1713972811.703735,0.625732421875,0.808837890625,0.002197265625,unknown
1713972811.745546,0.630859375,0.8134765625,-0.004150390625,unknown
1713972811.786399,0.626953125,0.80224609375,-0.003173828125,unknown
1713972811.820856,0.63134765625,0.810546875,0.001220703125,unknown
1713972811.865793,0.630859375,0.811767578125,0.00048828125,unknown
1713972811.899644,0.621826171875,0.803466796875,0.0,unknown
1713972811.945277,0.61865234375,0.80224609375,-0.000732421875,unknown
1713972811.985348,0.61865234375,0.807373046875,-0.0009765625,unknown
1713972812.025288,0.62353515625,0.805419921875,0.0029296875,unknown
1713972812.065781,0.626953125,0.8037109375,0.0029296875,unknown
1713972812.103985,0.62841796875,0.81005859375,0.010009765625,unknown
1713972812.144616,0.623046875,0.80615234375,0.015625,unknown
1713972812.18142,0.625,0.813232421875,0.029541015625,unknown
1713972812.222781,0.623779296875,0.816162109375,0.033203125,unknown
1713972812.261447,0.62158203125,0.811279296875,0.025146484375,unknown
1713972812.302354,0.620849609375,0.8095703125,0.02197265625,unknown
1713972812.341281,0.617431640625,0.806396484375,0.0185546875,unknown
1713972812.381069,0.619140625,0.80810546875,0.021240234375,unknown
1713972812.423742,0.6240234375,0.819091796875,0.027099609375,unknown
1713972812.461232,0.617919921875,0.809814453125,0.03369140625,unknown
1713972812.498981,0.621826171875,0.8115234375,0.0283203125,unknown
1713972812.538986,0.621337890625,0.814208984375,0.028076171875,unknown
1713972812.581041,0.62353515625,0.811279296875,0.020263671875,unknown
1713972812.628453,0.62109375,0.8095703125,0.019287109375,unknown
1713972812.659833,0.62353515625,0.81298828125,0.025146484375,unknown
1713972812.704267,0.61962890625,0.8046875,0.02587890625,unknown
1713972812.741205,0.63916015625,0.815673828125,0.03955078125,unknown
1713972812.78259,0.619873046875,0.816650390625,0.024658203125,unknown
1713972812.822309,0.618408203125,0.8076171875,0.013671875,unknown
1713972812.863573,0.61767578125,0.806640625,0.013427734375,unknown
1713972812.904783,0.62158203125,0.80419921875,0.01513671875,unknown
1713972812.943461,0.62548828125,0.810791015625,0.020263671875,unknown
1713972812.984637,0.634033203125,0.81201171875,0.020263671875,unknown
1713972813.023478,0.623046875,0.809814453125,0.020751953125,unknown
1713972813.063395,0.625,0.809814453125,0.0166015625,unknown
1713972813.103276,0.62890625,0.808837890625,0.01416015625,unknown
1713972813.142939,0.629150390625,0.803955078125,0.0146484375,unknown
1713972813.182214,0.626953125,0.7958984375,0.0146484375,unknown
1713972813.222183,0.64501953125,0.813720703125,0.010986328125,unknown
1713972813.260872,0.648681640625,0.812744140625,0.006103515625,unknown
1713972813.305031,0.66552734375,0.78076171875,-0.0302734375,unknown
1713972813.341953,0.645263671875,0.7822265625,0.01123046875,unknown
1713972813.382414,0.64599609375,0.754150390625,0.025146484375,unknown
1713972813.423268,0.665771484375,0.75537109375,-0.022216796875,unknown
1713972813.463342,0.688232421875,0.7587890625,-0.02490234375,unknown
1713972813.504799,0.689453125,0.769775390625,-0.0244140625,unknown
1713972813.542933,0.689208984375,0.769287109375,-0.033447265625,unknown
1713972813.582898,0.686279296875,0.77197265625,-0.022216796875,unknown
1713972813.627658,0.69677734375,0.76513671875,-0.024169921875,unknown
1713972813.665904,0.67578125,0.74365234375,-0.029541015625,unknown
1713972813.706297,0.673583984375,0.732177734375,-0.0576171875,unknown
1713972813.74496,0.688720703125,0.7373046875,-0.07177734375,unknown
1713972813.785571,0.67919921875,0.743408203125,-0.079345703125,unknown
1713972813.823419,0.689453125,0.75390625,-0.076904296875,unknown
1713972813.865889,0.6962890625,0.75146484375,-0.080810546875,unknown
1713972813.903187,0.7001953125,0.75537109375,-0.0673828125,unknown
1713972813.944895,0.70751953125,0.7548828125,-0.068115234375,unknown
1713972813.983083,0.6923828125,0.739990234375,-0.07763671875,unknown
1713972814.023002,0.707763671875,0.73291015625,-0.083251953125,unknown
1713972814.064069,0.6787109375,0.72265625,-0.11767578125,unknown
1713972814.109502,0.703125,0.742431640625,-0.091064453125,unknown
1713972814.142984,0.6767578125,0.7236328125,-0.14404296875,unknown
1713972814.185647,0.696533203125,0.73583984375,-0.114990234375,unknown
1713972814.223845,0.6826171875,0.7353515625,-0.158935546875,unknown
1713972814.264327,0.691650390625,0.737060546875,-0.137939453125,unknown
1713972814.305158,0.68310546875,0.71728515625,-0.170166015625,unknown
1713972814.347957,0.683349609375,0.716064453125,-0.186279296875,unknown
1713972814.386084,0.691162109375,0.736572265625,-0.14892578125,unknown
1713972814.426329,0.669921875,0.725830078125,-0.124755859375,unknown
1713972814.465418,0.680419921875,0.706298828125,-0.114990234375,unknown
1713972814.505785,0.668701171875,0.734375,-0.112548828125,unknown
1713972814.544119,0.693603515625,0.753662109375,-0.029541015625,unknown
1713972814.586145,0.74560546875,0.78173828125,-0.04052734375,unknown
1713972814.625222,0.75244140625,0.76513671875,-0.01220703125,unknown
1713972814.666445,0.6787109375,0.739013671875,-0.10302734375,unknown
1713972814.705022,0.6943359375,0.668212890625,-0.12353515625,unknown
1713972814.746302,0.677490234375,0.70458984375,-0.16064453125,unknown
1713972814.786957,0.6689453125,0.69677734375,-0.1767578125,unknown
1713972814.826878,0.667236328125,0.693115234375,-0.1396484375,unknown
1713972814.866297,0.674560546875,0.778076171875,-0.09814453125,unknown
1713972814.906168,0.772705078125,0.718994140625,0.00927734375,unknown
1713972814.947084,0.733642578125,0.79052734375,-0.0302734375,unknown
1713972814.987189,0.718994140625,0.74169921875,-0.052978515625,unknown
1713972815.026892,0.671630859375,0.7353515625,-0.0751953125,unknown
1713972815.06785,0.66015625,0.725830078125,-0.123291015625,unknown
1713972815.106968,0.6513671875,0.720458984375,-0.123779296875,unknown
1713972815.145851,0.66357421875,0.74560546875,-0.09375,unknown
1713972815.185871,0.672607421875,0.742919921875,-0.087646484375,unknown
1713972815.2248,0.688720703125,0.7353515625,-0.03564453125,unknown
1713972815.272467,0.67041015625,0.754638671875,-0.06005859375,unknown
1713972815.309357,0.656005859375,0.7783203125,0.006103515625,unknown
1713972815.351397,0.71630859375,0.78857421875,0.086669921875,unknown
1713972815.388146,0.669921875,0.787353515625,0.004150390625,unknown
1713972815.429752,0.702392578125,0.828369140625,0.046142578125,unknown
1713972815.466959,0.681640625,0.759521484375,0.02099609375,unknown
1713972815.508692,0.670654296875,0.73681640625,-0.06005859375,unknown
1713972815.552007,0.631591796875,0.705810546875,-0.120849609375,unknown
1713972815.588631,0.6396484375,0.721923828125,-0.088134765625,unknown
1713972815.628345,0.622802734375,0.67138671875,-0.126220703125,unknown
1713972815.669075,0.7099609375,0.796142578125,0.08251953125,unknown
1713972815.710746,0.704833984375,0.806640625,0.117431640625,unknown
1713972815.749395,0.715576171875,0.841064453125,0.107666015625,unknown
1713972815.788104,0.67578125,0.800048828125,0.072509765625,unknown
1713972815.827827,0.70361328125,0.759521484375,0.06982421875,unknown
1713972815.866894,0.64599609375,0.760986328125,0.009033203125,unknown
1713972815.905821,0.654296875,0.762451171875,0.035888671875,unknown
1713972815.948446,0.662109375,0.764892578125,0.02783203125,unknown
1713972815.986904,0.656494140625,0.772705078125,0.017333984375,unknown
1713972816.027909,0.675048828125,0.764892578125,0.018310546875,unknown
1713972816.067802,0.651123046875,0.75927734375,0.015625,unknown
1713972816.108755,0.666259765625,0.765869140625,0.019287109375,unknown
1713972816.149197,0.665771484375,0.765869140625,0.0400390625,unknown
1713972816.187975,0.671142578125,0.763427734375,0.054931640625,unknown
1713972816.227976,0.67919921875,0.78369140625,0.0693359375,unknown
1713972816.268854,0.67333984375,0.775146484375,0.065673828125,unknown
1713972816.314552,0.67041015625,0.77880859375,0.061279296875,unknown
1713972816.351744,0.6708984375,0.779052734375,0.04052734375,unknown
1713972816.39348,0.66357421875,0.76318359375,0.0341796875,unknown
1713972816.43061,0.654541015625,0.76611328125,0.03369140625,unknown
1713972816.473952,0.66455078125,0.751708984375,0.034423828125,unknown
1713972816.511694,0.6552734375,0.77490234375,0.035400390625,unknown
1713972816.546842,0.66064453125,0.778076171875,0.03271484375,unknown
1713972816.591728,0.65771484375,0.76904296875,0.03369140625,unknown
1713972816.63336,0.6650390625,0.768310546875,0.028564453125,unknown
1713972816.667804,0.654296875,0.78466796875,0.03759765625,unknown
1713972816.708942,0.657958984375,0.791748046875,0.03076171875,unknown
1713972816.749018,0.64990234375,0.78662109375,0.0322265625,unknown
1713972816.788894,0.64892578125,0.7939453125,0.01513671875,unknown
1713972816.831146,0.6552734375,0.78271484375,0.035400390625,unknown
1713972816.869801,0.66015625,0.775146484375,0.035888671875,unknown
1713972816.910217,0.64697265625,0.7890625,0.042236328125,unknown
1713972816.949893,0.639404296875,0.796630859375,0.0107421875,unknown
1713972816.990242,0.656494140625,0.78564453125,0.040283203125,unknown
1713972817.030868,0.645751953125,0.783447265625,0.03662109375,unknown
1713972817.071042,0.674560546875,0.768310546875,0.05126953125,unknown
1713972817.110473,0.651611328125,0.77734375,0.05322265625,unknown
1713972817.152112,0.64501953125,0.79443359375,0.05078125,unknown
1713972817.189819,0.645751953125,0.7978515625,0.034423828125,unknown
1713972817.23006,0.652587890625,0.791259765625,0.040771484375,unknown
1713972817.270937,0.644287109375,0.789794921875,0.065185546875,unknown
1713972817.309969,0.66259765625,0.77294921875,0.065673828125,unknown
1713972817.35072,0.6396484375,0.794189453125,0.07421875,unknown
1713972817.390771,0.650146484375,0.790283203125,0.05712890625,unknown
1713972817.435789,0.642822265625,0.78857421875,0.043701171875,unknown
1713972817.472667,0.646240234375,0.78369140625,0.0546875,unknown
1713972817.514121,0.653564453125,0.78466796875,0.06689453125,unknown
1713972817.551431,0.646728515625,0.78564453125,0.073974609375,unknown
1713972817.592753,0.66259765625,0.779052734375,0.077392578125,unknown
1713972817.631864,0.654052734375,0.785400390625,0.05078125,unknown
1713972817.67176,0.650390625,0.799072265625,0.08251953125,unknown
1713972817.714493,0.651611328125,0.78125,0.066650390625,unknown
1713972817.754776,0.64697265625,0.78173828125,0.053955078125,unknown
1713972817.790779,0.652099609375,0.78076171875,0.0693359375,unknown
1713972817.830138,0.660888671875,0.77978515625,0.080810546875,unknown
1713972817.870635,0.657470703125,0.7890625,0.066650390625,unknown
1713972817.911236,0.656494140625,0.777099609375,0.067626953125,unknown
1713972817.95116,0.656005859375,0.779296875,0.0791015625,unknown
1713972817.991739,0.653076171875,0.778076171875,0.074951171875,unknown
1713972818.031809,0.6572265625,0.77099609375,0.06640625,unknown
1713972818.071788,0.658447265625,0.778076171875,0.069091796875,unknown
1713972818.11215,0.655517578125,0.78271484375,0.069580078125,unknown
1713972818.153673,0.651611328125,0.789794921875,0.0576171875,unknown
1713972818.194471,0.640625,0.79541015625,0.05078125,unknown
1713972818.234273,0.645263671875,0.7939453125,0.072265625,unknown
1713972818.272863,0.641357421875,0.79443359375,0.064453125,unknown
1713972818.313023,0.63818359375,0.771484375,0.090576171875,unknown
1713972818.355959,0.649169921875,0.781982421875,0.08056640625,unknown
1713972818.394266,0.673583984375,0.7646484375,0.0947265625,unknown
1713972818.433135,0.6650390625,0.761474609375,0.103271484375,unknown
1713972818.472926,0.665283203125,0.7646484375,0.119140625,unknown
1713972818.514441,0.672607421875,0.760498046875,0.104248046875,unknown
1713972818.553263,0.66943359375,0.76025390625,0.1015625,unknown
1713972818.595325,0.668212890625,0.771728515625,0.108642578125,unknown
1713972818.637749,0.65673828125,0.76953125,0.095703125,unknown
1713972818.678859,0.6572265625,0.7744140625,0.086181640625,unknown
1713972818.718736,0.657470703125,0.778076171875,0.09326171875,unknown
1713972818.753408,0.656494140625,0.77734375,0.085693359375,unknown
1713972818.793982,0.65478515625,0.7880859375,0.082275390625,unknown
1713972818.840666,0.656982421875,0.7939453125,0.080322265625,unknown
1713972818.87333,0.6513671875,0.78466796875,0.073486328125,unknown
1713972818.920065,0.64404296875,0.777587890625,0.074462890625,unknown
1713972818.954388,0.64697265625,0.778564453125,0.066162109375,unknown
1713972818.994928,0.65478515625,0.77978515625,0.06494140625,unknown
1713972819.035198,0.651611328125,0.775146484375,0.068359375,unknown
1713972819.076378,0.654052734375,0.777587890625,0.07080078125,unknown
1713972819.11689,0.654296875,0.7822265625,0.07373046875,unknown
1713972819.155174,0.6572265625,0.786376953125,0.064453125,unknown
1713972819.192302,0.65576171875,0.786865234375,0.061767578125,unknown
1713972819.23371,0.643798828125,0.78515625,0.064208984375,unknown
1713972819.273959,0.6484375,0.78662109375,0.0615234375,unknown
1713972819.313082,0.644287109375,0.788330078125,0.061279296875,unknown
1713972819.355553,0.643798828125,0.787353515625,0.061279296875,unknown
1713972819.395587,0.644775390625,0.789306640625,0.0673828125,unknown
1713972819.432907,0.6474609375,0.79541015625,0.067626953125,unknown
1713972819.473777,0.63916015625,0.789306640625,0.067626953125,unknown
1713972819.519887,0.638916015625,0.79150390625,0.066162109375,unknown
1713972819.554963,0.640380859375,0.7939453125,0.07080078125,unknown
1713972819.601402,0.641357421875,0.79345703125,0.06396484375,unknown
1713972819.63487,0.642578125,0.788330078125,0.0693359375,unknown
1713972819.67999,0.64453125,0.793212890625,0.06884765625,unknown
1713972819.718064,0.64501953125,0.790283203125,0.073486328125,unknown
1713972819.754861,0.642333984375,0.792724609375,0.068359375,unknown
1713972819.795248,0.644287109375,0.7919921875,0.067138671875,unknown
1713972819.839072,0.64404296875,0.794189453125,0.072021484375,unknown
1713972819.87272,0.638427734375,0.7890625,0.069580078125,unknown
1713972819.913869,0.641845703125,0.78759765625,0.06787109375,unknown
1713972819.954343,0.63818359375,0.78759765625,0.0703125,unknown
1713972819.994823,0.64599609375,0.794189453125,0.071533203125,unknown
1713972820.035827,0.639892578125,0.79150390625,0.07763671875,unknown
1713972820.076655,0.642333984375,0.7900390625,0.07666015625,unknown
1713972820.116608,0.63671875,0.79345703125,0.076171875,unknown
1713972820.156603,0.640869140625,0.79052734375,0.069580078125,unknown
1713972820.195802,0.637939453125,0.79296875,0.068115234375,unknown
1713972820.235834,0.63916015625,0.796142578125,0.07373046875,unknown
1713972820.276115,0.636474609375,0.793701171875,0.0703125,unknown
1713972820.322013,0.63818359375,0.794677734375,0.067626953125,unknown
1713972820.359656,0.637939453125,0.79638671875,0.0693359375,unknown
1713972820.395788,0.63427734375,0.7939453125,0.0693359375,unknown
1713972820.435544,0.63330078125,0.794189453125,0.071533203125,unknown
1713972820.474741,0.636962890625,0.79443359375,0.07373046875,unknown
1713972820.51485,0.636474609375,0.795166015625,0.080810546875,unknown
1713972820.555344,0.6435546875,0.802001953125,0.080810546875,unknown
1713972820.594693,0.635009765625,0.7939453125,0.085693359375,unknown
1713972820.634922,0.6376953125,0.79052734375,0.08544921875,unknown
1713972820.679346,0.637451171875,0.794189453125,0.082763671875,unknown
1713972820.72087,0.638427734375,0.79052734375,0.08056640625,unknown
1713972820.75651,0.634033203125,0.79296875,0.0859375,unknown
1713972820.796553,0.6376953125,0.79150390625,0.0849609375,unknown
1713972820.838673,0.640625,0.79248046875,0.0830078125,unknown
1713972820.878094,0.63427734375,0.792236328125,0.087158203125,unknown
1713972820.919522,0.63818359375,0.79736328125,0.081787109375,unknown
1713972820.957437,0.6357421875,0.791015625,0.087646484375,unknown
1713972820.998375,0.63330078125,0.796630859375,0.083740234375,unknown
1713972821.036947,0.637939453125,0.79541015625,0.084716796875,unknown
1713972821.07719,0.633544921875,0.79443359375,0.085205078125,unknown
1713972821.115843,0.632568359375,0.79638671875,0.092529296875,unknown
1713972821.156093,0.632080078125,0.798828125,0.091796875,unknown
1713972821.194751,0.63037109375,0.7939453125,0.095458984375,unknown
1713972821.236751,0.634765625,0.79541015625,0.095947265625,unknown
1713972821.275811,0.631591796875,0.79248046875,0.095458984375,unknown
1713972821.316923,0.630859375,0.795654296875,0.091552734375,unknown
1713972821.356807,0.6318359375,0.79541015625,0.0966796875,unknown
1713972821.398062,0.62841796875,0.7958984375,0.0986328125,unknown
1713972821.437767,0.628662109375,0.79443359375,0.0947265625,unknown
1713972821.477421,0.626953125,0.789794921875,0.0966796875,unknown
1713972821.517853,0.61865234375,0.7890625,0.107177734375,unknown
1713972821.559308,0.632568359375,0.798583984375,0.124755859375,unknown
1713972821.59843,0.635498046875,0.804443359375,0.133056640625,unknown
1713972821.638516,0.6337890625,0.7978515625,0.137939453125,unknown
1713972821.679324,0.633544921875,0.805419921875,0.149169921875,unknown
1713972821.718632,0.630859375,0.8017578125,0.14892578125,unknown
1713972821.757346,0.631591796875,0.7939453125,0.14111328125,unknown
1713972821.798718,0.6279296875,0.795654296875,0.14111328125,unknown
1713972821.83676,0.6259765625,0.79345703125,0.14111328125,unknown
1713972821.878735,0.630126953125,0.79150390625,0.140869140625,unknown
1713972821.918806,0.625732421875,0.7919921875,0.146728515625,unknown
1713972821.959162,0.629638671875,0.793212890625,0.1484375,unknown
1713972821.999499,0.628173828125,0.7890625,0.154052734375,unknown
1713972822.037495,0.629150390625,0.79345703125,0.14892578125,unknown
1713972822.078801,0.629638671875,0.794189453125,0.150146484375,unknown
1713972822.11879,0.625732421875,0.79345703125,0.147705078125,unknown
1713972822.157786,0.627685546875,0.78955078125,0.147705078125,unknown
1713972822.198852,0.634765625,0.792236328125,0.142822265625,unknown
1713972822.23893,0.629150390625,0.788818359375,0.142578125,unknown
1713972822.27871,0.628173828125,0.790283203125,0.146728515625,unknown
1713972822.321207,0.630615234375,0.7978515625,0.1513671875,unknown
1713972822.3627,0.624267578125,0.79443359375,0.146728515625,unknown
1713972822.398227,0.62548828125,0.7880859375,0.14208984375,unknown
1713972822.441646,0.626708984375,0.794677734375,0.14111328125,unknown
1713972822.477849,0.6298828125,0.7861328125,0.137451171875,unknown
1713972822.517813,0.6298828125,0.7919921875,0.1396484375,unknown
1713972822.558816,0.631591796875,0.79345703125,0.140869140625,unknown
1713972822.600787,0.630859375,0.793212890625,0.142578125,unknown
1713972822.639907,0.628662109375,0.792236328125,0.136474609375,unknown
1713972822.679937,0.626953125,0.790283203125,0.137451171875,unknown
1713972822.72055,0.62939453125,0.793701171875,0.13525390625,unknown
1713972822.764658,0.631591796875,0.791748046875,0.134033203125,unknown
1713972822.80084,0.630859375,0.793701171875,0.134765625,unknown
1713972822.842192,0.626953125,0.7919921875,0.13671875,unknown
1713972822.880766,0.629638671875,0.791748046875,0.14013671875,unknown
1713972822.923533,0.630615234375,0.79248046875,0.13916015625,unknown
1713972822.961631,0.62744140625,0.791015625,0.139404296875,unknown
1713972823.005373,0.633544921875,0.795654296875,0.136962890625,unknown
1713972823.041481,0.6298828125,0.791015625,0.139892578125,unknown
1713972823.080845,0.634521484375,0.789306640625,0.139404296875,unknown
1713972823.119735,0.62744140625,0.794189453125,0.1396484375,unknown
1713972823.159367,0.63232421875,0.7958984375,0.141845703125,unknown
1713972823.20059,0.631591796875,0.79150390625,0.140380859375,unknown
1713972823.240799,0.630126953125,0.79052734375,0.136962890625,unknown
1713972823.281844,0.630859375,0.79443359375,0.135986328125,unknown
1713972823.324035,0.6337890625,0.793212890625,0.13623046875,unknown
1713972823.362522,0.631591796875,0.795654296875,0.1396484375,unknown
1713972823.402436,0.6357421875,0.801513671875,0.1376953125,unknown
1713972823.44245,0.66845703125,0.77197265625,0.140380859375,unknown
1713972823.485166,0.65283203125,0.774169921875,0.128173828125,unknown
1713972823.522866,0.62841796875,0.790771484375,0.125244140625,unknown
1713972823.565149,0.6279296875,0.79638671875,0.132080078125,unknown
1713972823.602759,0.62109375,0.8046875,0.10400390625,unknown
1713972823.642854,0.630859375,0.790283203125,0.121826171875,unknown
1713972823.682059,0.631103515625,0.79052734375,0.1142578125,unknown
1713972823.721427,0.6416015625,0.788330078125,0.11572265625,unknown
1713972823.76098,0.628662109375,0.782470703125,0.10595703125,unknown
1713972823.80112,0.64306640625,0.7822265625,0.111083984375,unknown
1713972823.840102,0.63671875,0.78369140625,0.117919921875,unknown
1713972823.881226,0.630615234375,0.800048828125,0.09423828125,unknown
1713972823.92093,0.63720703125,0.798828125,0.098876953125,unknown
1713972823.965972,0.648681640625,0.783935546875,0.10595703125,unknown
1713972824.004064,0.6494140625,0.779541015625,0.106689453125,unknown
1713972824.041826,0.651123046875,0.78564453125,0.101806640625,unknown
1713972824.082837,0.634765625,0.796142578125,0.100341796875,unknown
1713972824.122028,0.65478515625,0.775146484375,0.0966796875,unknown
1713972824.163285,0.6533203125,0.779541015625,0.102783203125,unknown
1713972824.203006,0.644775390625,0.785400390625,0.118896484375,unknown
1713972824.243997,0.65576171875,0.77734375,0.1171875,unknown
1713972824.28447,0.659912109375,0.7666015625,0.105224609375,unknown
1713972824.322849,0.661376953125,0.7568359375,0.112060546875,unknown
1713972824.363645,0.65380859375,0.775634765625,0.10205078125,unknown
1713972824.400701,0.65185546875,0.779296875,0.10400390625,unknown
1713972824.440683,0.642822265625,0.78271484375,0.103271484375,unknown
1713972824.481369,0.65478515625,0.787109375,0.10302734375,unknown
1713972824.521839,0.648681640625,0.782958984375,0.0966796875,unknown
1713972824.561765,0.650390625,0.778076171875,0.08642578125,unknown
1713972824.605252,0.649658203125,0.781982421875,0.093017578125,unknown
1713972824.647297,0.650634765625,0.779541015625,0.096435546875,unknown
1713972824.684488,0.64697265625,0.790771484375,0.091796875,unknown
1713972824.726341,0.6484375,0.791259765625,0.101318359375,unknown
1713972824.76377,0.645751953125,0.79248046875,0.114501953125,unknown
1713972824.803684,0.6416015625,0.787353515625,0.1181640625,unknown
1713972824.844906,0.657958984375,0.792724609375,0.09033203125,unknown
1713972824.883969,0.638427734375,0.78857421875,0.08544921875,unknown
1713972824.925309,0.637451171875,0.7890625,0.083984375,unknown
1713972824.963692,0.640380859375,0.78173828125,0.0908203125,unknown
1713972825.002646,0.63916015625,0.784912109375,0.087646484375,unknown
1713972825.042367,0.63623046875,0.797119140625,0.06640625,unknown
1713972825.081824,0.6328125,0.798828125,0.056640625,unknown
1713972825.121786,0.63037109375,0.803466796875,0.041748046875,unknown
1713972825.163855,0.61083984375,0.794189453125,0.0478515625,unknown
1713972825.203547,0.6005859375,0.806396484375,0.05859375,unknown
1713972825.244164,0.64111328125,0.80712890625,0.070556640625,unknown
1713972825.283937,0.61474609375,0.83203125,0.053466796875,unknown
1713972825.323825,0.606689453125,0.812255859375,0.060546875,unknown
1713972825.363708,0.608642578125,0.816650390625,0.063720703125,unknown
1713972825.40785,0.6162109375,0.817626953125,0.068603515625,unknown
1713972825.443717,0.61083984375,0.818603515625,0.06640625,unknown
1713972825.483721,0.614990234375,0.819091796875,0.06884765625,unknown
1713972825.528803,0.614990234375,0.81640625,0.06689453125,unknown
1713972825.565834,0.6083984375,0.81494140625,0.062744140625,unknown
1713972825.607153,0.61328125,0.8203125,0.066650390625,unknown
1713972825.644811,0.6279296875,0.828857421875,0.069091796875,unknown
1713972825.685989,0.630615234375,0.823486328125,0.080078125,unknown
1713972825.723591,0.61865234375,0.838134765625,0.062744140625,unknown
1713972825.764776,0.61328125,0.7939453125,0.05224609375,unknown
1713972825.803414,0.614013671875,0.805419921875,0.056640625,unknown
1713972825.844029,0.6201171875,0.799072265625,0.03759765625,unknown
1713972825.887324,0.63330078125,0.811279296875,0.033447265625,unknown
1713972825.927897,0.62646484375,0.811279296875,0.03515625,unknown
1713972825.966803,0.621826171875,0.81689453125,0.031982421875,unknown
1713972826.017247,0.627197265625,0.8251953125,0.026123046875,unknown
1713972826.046399,0.6201171875,0.81005859375,0.01708984375,unknown
1713972826.099177,0.61572265625,0.806884765625,0.021240234375,unknown
1713972826.128048,0.591552734375,0.82080078125,0.035400390625,unknown
1713972826.169241,0.589599609375,0.822265625,-0.01123046875,unknown
1713972826.206613,0.610595703125,0.8173828125,0.027587890625,unknown
1713972826.245858,0.65478515625,0.78125,0.00146484375,unknown
1713972826.285839,0.661865234375,0.791015625,0.030517578125,unknown
1713972826.327408,0.62353515625,0.80517578125,0.010009765625,unknown
1713972826.364735,0.62451171875,0.80029296875,0.0087890625,unknown
1713972826.4057,0.630859375,0.806396484375,0.01171875,unknown
1713972826.44384,0.626953125,0.807373046875,0.016845703125,unknown
1713972826.483674,0.62841796875,0.81005859375,0.00634765625,unknown
1713972826.52615,0.62548828125,0.803955078125,0.009033203125,unknown
1713972826.565254,0.62744140625,0.808837890625,0.0078125,unknown
1713972826.605052,0.626953125,0.806884765625,0.005126953125,unknown
1713972826.644676,0.630126953125,0.810791015625,0.008544921875,unknown
1713972826.684596,0.62353515625,0.802001953125,0.002197265625,unknown
1713972826.732133,0.624267578125,0.804931640625,0.010498046875,unknown
1713972826.764746,0.622314453125,0.805908203125,0.008544921875,unknown
1713972826.810388,0.62744140625,0.80810546875,0.016357421875,unknown
1713972826.847634,0.626708984375,0.808837890625,0.021728515625,unknown
1713972826.889351,0.608154296875,0.814208984375,0.04248046875,unknown
1713972826.926185,0.663818359375,0.7919921875,0.024658203125,unknown
1713972826.969718,0.66357421875,0.78759765625,0.02734375,unknown
1713972827.006543,0.6591796875,0.799072265625,0.025390625,unknown
1713972827.047921,0.6103515625,0.826904296875,0.0263671875,unknown
1713972827.085568,0.618408203125,0.81884765625,0.015869140625,unknown
1713972827.126976,0.621826171875,0.80712890625,0.007568359375,unknown
1713972827.165578,0.6259765625,0.810302734375,0.00732421875,unknown
1713972827.209714,0.62255859375,0.80517578125,0.009521484375,unknown
1713972827.246887,0.620849609375,0.802490234375,0.01318359375,unknown
1713972827.288488,0.6201171875,0.7900390625,0.010498046875,unknown
1713972827.326186,0.6259765625,0.79296875,0.006591796875,unknown
1713972827.36777,0.62939453125,0.804931640625,-0.000244140625,unknown
1713972827.404687,0.63134765625,0.8154296875,0.007568359375,unknown
1713972827.447934,0.626220703125,0.82275390625,0.01318359375,unknown
1713972827.488921,0.615234375,0.824462890625,0.01708984375,unknown
1713972827.527123,0.611328125,0.82177734375,0.0087890625,unknown
1713972827.566553,0.615478515625,0.806884765625,0.0107421875,unknown
1713972827.604874,0.6064453125,0.826416015625,0.008544921875,unknown
1713972827.644682,0.618408203125,0.802490234375,0.0166015625,unknown
1713972827.682581,0.62451171875,0.816162109375,0.01904296875,unknown
1713972827.72442,0.62451171875,0.80224609375,0.02587890625,unknown
1713972827.763911,0.62646484375,0.82080078125,0.02783203125,unknown
1713972827.805221,0.622314453125,0.820068359375,0.021240234375,unknown
1713972827.844931,0.62841796875,0.79443359375,0.008056640625,unknown
1713972827.884827,0.617919921875,0.794921875,0.008056640625,unknown
1713972827.925727,0.619140625,0.807861328125,0.007080078125,unknown
1713972827.965939,0.618896484375,0.81201171875,0.016357421875,unknown
1713972828.006031,0.62451171875,0.80908203125,0.01611328125,Get ready
1713972828.047437,0.623291015625,0.808349609375,0.02001953125,Get ready
1713972828.086831,0.62890625,0.81298828125,0.025634765625,Get ready
1713972828.129118,0.620361328125,0.811767578125,0.026123046875,Get ready
1713972828.167174,0.620361328125,0.809326171875,0.028564453125,Get ready
1713972828.206759,0.623291015625,0.8125,0.025146484375,Get ready
1713972828.246568,0.619384765625,0.80810546875,0.031982421875,Get ready
1713972828.289075,0.603759765625,0.8134765625,0.0185546875,Get ready
1713972828.325107,0.6044921875,0.8193359375,0.035400390625,Get ready
1713972828.365229,0.616455078125,0.80859375,0.03466796875,Get ready
1713972828.405789,0.61572265625,0.82763671875,0.026611328125,Get ready
1713972828.447033,0.6171875,0.81591796875,0.025390625,Get ready
1713972828.485846,0.61572265625,0.811767578125,0.0263671875,Get ready
1713972828.527964,0.61669921875,0.80908203125,0.028076171875,Get ready
1713972828.568242,0.620361328125,0.8134765625,0.031982421875,Get ready
1713972828.609933,0.62109375,0.81201171875,0.03759765625,Get ready
1713972828.649932,0.615966796875,0.808837890625,0.044189453125,Get ready
1713972828.691837,0.61767578125,0.814208984375,0.0400390625,Get ready
1713972828.731432,0.613037109375,0.81298828125,0.04248046875,Get ready
1713972828.768719,0.619873046875,0.81640625,0.04541015625,Get ready
1713972828.809614,0.6162109375,0.81201171875,0.0439453125,Get ready
1713972828.85009,0.63134765625,0.81982421875,0.044677734375,Get ready
1713972828.888647,0.6181640625,0.80615234375,0.05224609375,Get ready
1713972828.932312,0.62890625,0.81396484375,0.045654296875,Get ready
1713972828.965836,0.62060546875,0.81396484375,0.044921875,Get ready
1713972829.006532,0.60693359375,0.813720703125,0.047607421875,Get ready
1713972829.046877,0.607666015625,0.817138671875,0.045166015625,Get ready
1713972829.086967,0.606201171875,0.818115234375,0.04736328125,Get ready
1713972829.12828,0.595947265625,0.816162109375,0.048583984375,Get ready
1713972829.167792,0.602783203125,0.8271484375,0.031982421875,Get ready
1713972829.207889,0.60986328125,0.833740234375,0.0322265625,Get ready
1713972829.2504,0.61669921875,0.83349609375,0.04345703125,Get ready
1713972829.289594,0.613525390625,0.835693359375,0.047607421875,Get ready
1713972829.329222,0.60888671875,0.824462890625,0.04296875,Get ready
1713972829.369736,0.6103515625,0.817626953125,0.02392578125,Get ready
1713972829.410971,0.60302734375,0.8125,0.007568359375,Get ready
1713972829.451967,0.61669921875,0.808349609375,-0.000244140625,Get ready
1713972829.493358,0.609619140625,0.80224609375,-0.00146484375,Get ready
1713972829.533425,0.6337890625,0.80712890625,-0.007568359375,Get ready
1713972829.57048,0.6337890625,0.810302734375,-0.014892578125,Get ready
1713972829.614283,0.64453125,0.807861328125,-0.023681640625,Get ready
1713972829.657237,0.638916015625,0.803466796875,-0.034912109375,Get ready
1713972829.68764,0.62451171875,0.79296875,-0.055419921875,Get ready
1713972829.731577,0.623291015625,0.794189453125,-0.071533203125,Get ready
1713972829.768272,0.62451171875,0.793701171875,-0.09765625,Get ready
1713972829.821436,0.605224609375,0.79931640625,-0.11865234375,Get ready
1713972829.849787,0.6103515625,0.798583984375,-0.158203125,Get ready
1713972829.889201,0.600830078125,0.805419921875,-0.168701171875,Get ready
1713972829.930261,0.58984375,0.804443359375,-0.18017578125,Get ready
1713972829.971146,0.588623046875,0.8115234375,-0.1796875,Get ready
1713972830.010736,0.5859375,0.81982421875,-0.169189453125,Get ready
1713972830.050638,0.584228515625,0.822021484375,-0.18408203125,Get ready
1713972830.09071,0.5927734375,0.822265625,-0.172119140625,Get ready
1713972830.133155,0.577392578125,0.820068359375,-0.161376953125,Get ready
1713972830.171241,0.593505859375,0.81884765625,-0.155517578125,Get ready
1713972830.210444,0.5927734375,0.81884765625,-0.141845703125,Get ready
1713972830.249709,0.5947265625,0.819580078125,-0.1513671875,Get ready
1713972830.28893,0.58984375,0.8115234375,-0.16552734375,Get ready
1713972830.332467,0.5927734375,0.819091796875,-0.159423828125,Get ready
1713972830.370754,0.591552734375,0.82275390625,-0.161865234375,Get ready
1713972830.411654,0.597900390625,0.820068359375,-0.153564453125,Get ready
1713972830.450003,0.585693359375,0.81884765625,-0.16796875,Get ready
1713972830.490006,0.592529296875,0.8232421875,-0.153564453125,Get ready
1713972830.529762,0.600341796875,0.818115234375,-0.145751953125,Get ready
1713972830.570706,0.5908203125,0.817138671875,-0.148193359375,Get ready
1713972830.611166,0.56884765625,0.811279296875,-0.1533203125,Get ready
1713972830.651439,0.628173828125,0.817626953125,-0.146240234375,Get ready
1713972830.692007,0.61572265625,0.81005859375,-0.16650390625,Get ready
1713972830.732267,0.617431640625,0.831787109375,-0.134765625,Get ready
1713972830.771734,0.609375,0.82421875,-0.141357421875,Get ready
1713972830.812725,0.616455078125,0.8232421875,-0.157470703125,Get ready
1713972830.85287,0.600341796875,0.8125,-0.152099609375,Get ready
1713972830.891555,0.603271484375,0.800537109375,-0.170654296875,Get ready
1713972830.930906,0.61376953125,0.798095703125,-0.160400390625,Get ready
1713972830.972771,0.59814453125,0.78125,-0.182861328125,Get ready
1713972831.011277,0.59619140625,0.779541015625,-0.1884765625,Get ready
1713972831.052076,0.591796875,0.777587890625,-0.19482421875,Get ready
1713972831.090994,0.593994140625,0.79150390625,-0.177978515625,Get ready
1713972831.132003,0.596923828125,0.809326171875,-0.186767578125,Get ready
1713972831.171726,0.583740234375,0.8154296875,-0.17919921875,Get ready
1713972831.210846,0.58154296875,0.817626953125,-0.188232421875,Get ready
1713972831.257597,0.591552734375,0.823486328125,-0.177734375,Get ready
1713972831.29541,0.588134765625,0.8232421875,-0.18310546875,Get ready
1713972831.337286,0.576416015625,0.822509765625,-0.176025390625,Get ready
1713972831.376893,0.579833984375,0.8232421875,-0.1669921875,Get ready
1713972831.414192,0.581787109375,0.82763671875,-0.166748046875,Get ready
1713972831.455522,0.577392578125,0.826171875,-0.16552734375,Get ready
1713972831.494461,0.576171875,0.828857421875,-0.152099609375,Get ready
1713972831.532577,0.58447265625,0.826904296875,-0.13916015625,Get ready
1713972831.57424,0.577392578125,0.82763671875,-0.130126953125,Get ready
1713972831.61582,0.578125,0.824951171875,-0.11767578125,Get ready
1713972831.65082,0.577392578125,0.83349609375,-0.121337890625,Get ready
1713972831.693943,0.59033203125,0.8349609375,-0.1171875,Get ready
1713972831.731931,0.588623046875,0.83349609375,-0.103515625,Get ready
1713972831.772303,0.58251953125,0.837158203125,-0.10595703125,Get ready
1713972831.813674,0.58544921875,0.83544921875,-0.109375,Get ready
1713972831.853597,0.579345703125,0.83447265625,-0.11083984375,Get ready
1713972831.892583,0.58349609375,0.834716796875,-0.107666015625,Get ready
1713972831.936545,0.57763671875,0.83447265625,-0.105712890625,Get ready
1713972831.972643,0.583984375,0.835205078125,-0.107177734375,Get ready
1713972832.014241,0.58984375,0.827392578125,-0.11572265625,Get ready
1713972832.055674,0.59375,0.832275390625,-0.099853515625,Get ready
1713972832.096638,0.593017578125,0.824462890625,-0.103759765625,Get ready
1713972832.136672,0.592529296875,0.820556640625,-0.1005859375,Get ready
1713972832.176021,0.593994140625,0.821044921875,-0.10986328125,Get ready
1713972832.214073,0.595703125,0.820556640625,-0.105224609375,Get ready
1713972832.25496,0.59228515625,0.818603515625,-0.1083984375,Get ready
1713972832.294574,0.597900390625,0.8291015625,-0.112548828125,Get ready
1713972832.332695,0.594970703125,0.822021484375,-0.115234375,Get ready
1713972832.375582,0.59228515625,0.825439453125,-0.11279296875,Get ready
1713972832.415876,0.588623046875,0.824951171875,-0.116455078125,Get ready
1713972832.453495,0.589111328125,0.825439453125,-0.118896484375,Get ready
1713972832.493857,0.58837890625,0.827880859375,-0.119384765625,Get ready
1713972832.534647,0.57568359375,0.843994140625,-0.08447265625,Get ready
1713972832.576517,0.633056640625,0.8486328125,-0.0576171875,Get ready
1713972832.614756,0.576416015625,0.81689453125,-0.105224609375,Get ready
1713972832.654692,0.570068359375,0.797119140625,-0.162841796875,Get ready
1713972832.695991,0.572265625,0.788818359375,-0.206787109375,Get ready
1713972832.738475,0.565185546875,0.783935546875,-0.21240234375,Get ready
1713972832.776984,0.616943359375,0.822021484375,-0.151123046875,Get ready
1713972832.817209,0.606689453125,0.806396484375,-0.1171875,Get ready
1713972832.855877,0.615966796875,0.814208984375,-0.11376953125,Get ready
1713972832.896117,0.62158203125,0.830078125,-0.044921875,Get ready
1713972832.934675,0.627197265625,0.8125,-0.06591796875,Get ready
1713972832.974878,0.618408203125,0.80029296875,-0.0732421875,Get ready
1713972833.015506,0.6259765625,0.799560546875,-0.064453125,Get ready
1713972833.057719,0.6259765625,0.802734375,-0.0576171875,Get ready
1713972833.094621,0.615478515625,0.798828125,-0.05859375,Get ready
1713972833.135639,0.61376953125,0.80322265625,-0.093017578125,Get ready
1713972833.175958,0.603759765625,0.829345703125,-0.134521484375,Get ready
1713972833.218845,0.6201171875,0.88232421875,0.011962890625,Get ready
1713972833.255671,0.63916015625,0.860595703125,0.022216796875,Get ready
1713972833.296772,0.6015625,0.790771484375,-0.020751953125,Get ready
1713972833.336624,0.6259765625,0.79345703125,0.00537109375,Get ready
1713972833.376694,0.641845703125,0.804443359375,-0.0224609375,Get ready
1713972833.416639,0.636474609375,0.798828125,-0.07373046875,Get ready
1713972833.461784,0.625244140625,0.7939453125,-0.0810546875,Get ready
1713972833.496369,0.620849609375,0.797119140625,-0.088623046875,Get ready
1713972833.537555,0.614501953125,0.800537109375,-0.110595703125,Get ready
1713972833.574591,0.644287109375,0.816162109375,-0.121337890625,Get ready
1713972833.614714,0.623046875,0.81005859375,-0.128662109375,Get ready
1713972833.654048,0.62451171875,0.797607421875,-0.12255859375,Get ready
1713972833.696268,0.5947265625,0.763427734375,-0.139892578125,Get ready
1713972833.735282,0.602294921875,0.7763671875,-0.124267578125,Get ready
1713972833.774708,0.611572265625,0.806884765625,-0.123779296875,Get ready
1713972833.814795,0.641845703125,0.818115234375,-0.0966796875,Get ready
1713972833.854624,0.6240234375,0.81884765625,-0.126708984375,Get ready
1713972833.900472,0.6494140625,0.80419921875,-0.119873046875,Get ready
1713972833.938537,0.63232421875,0.778076171875,-0.120361328125,Get ready
1713972833.980269,0.617919921875,0.778564453125,-0.1572265625,Get ready
1713972834.017236,0.6279296875,0.794677734375,-0.156005859375,Get ready
1713972834.060305,0.647705078125,0.796875,-0.150390625,Get ready
1713972834.097153,0.6474609375,0.786376953125,-0.127197265625,Get ready
1713972834.135607,0.645751953125,0.782470703125,-0.154296875,Get ready
1713972834.17506,0.636962890625,0.7626953125,-0.18359375,Get ready
1713972834.215465,0.633056640625,0.770263671875,-0.197509765625,Get ready
1713972834.254441,0.64208984375,0.756591796875,-0.211181640625,Get ready
1713972834.294833,0.653564453125,0.76171875,-0.163330078125,Get ready
1713972834.336308,0.667236328125,0.761474609375,-0.143310546875,Get ready
1713972834.374582,0.653076171875,0.74658203125,-0.169677734375,Get ready
1713972834.415462,0.665771484375,0.752197265625,-0.160888671875,Get ready
1713972834.456403,0.6650390625,0.75341796875,-0.136474609375,Get ready
1713972834.496272,0.664306640625,0.777099609375,-0.144287109375,Get ready
1713972834.53672,0.682861328125,0.75830078125,-0.09765625,Get ready
1713972834.577692,0.669921875,0.767333984375,-0.107177734375,Get ready
1713972834.61706,0.6640625,0.748779296875,-0.144775390625,Get ready
1713972834.656793,0.650146484375,0.7578125,-0.143310546875,Get ready
1713972834.697063,0.66748046875,0.763427734375,-0.1328125,Get ready
1713972834.736685,0.647216796875,0.7587890625,-0.1318359375,Get ready
1713972834.776501,0.66162109375,0.76123046875,-0.1318359375,Get ready
1713972834.815663,0.66455078125,0.773681640625,-0.124267578125,Get ready
1713972834.854567,0.656005859375,0.775390625,-0.128173828125,Get ready
1713972834.893658,0.658447265625,0.76708984375,-0.144775390625,Get ready
1713972834.933626,0.647705078125,0.77197265625,-0.133056640625,Get ready
1713972834.974483,0.662109375,0.78271484375,-0.1220703125,Get ready
1713972835.019875,0.6376953125,0.7666015625,-0.123046875,Get ready
1713972835.057493,0.6494140625,0.768798828125,-0.125732421875,Get ready
1713972835.099157,0.63623046875,0.779052734375,-0.12158203125,Get ready
1713972835.137038,0.626953125,0.78271484375,-0.122802734375,Get ready
1713972835.179008,0.639404296875,0.802734375,-0.11083984375,Get ready
1713972835.216681,0.632080078125,0.78662109375,-0.107177734375,Get ready
1713972835.257431,0.640869140625,0.79443359375,-0.10498046875,Get ready
1713972835.296936,0.6279296875,0.787353515625,-0.109130859375,Get ready
1713972835.347545,0.6328125,0.797119140625,-0.09228515625,Get ready
1713972835.376886,0.623046875,0.80322265625,-0.103271484375,Get ready
1713972835.417223,0.62841796875,0.793701171875,-0.09814453125,Get ready
1713972835.456819,0.634765625,0.799072265625,-0.092529296875,Get ready
1713972835.495043,0.618408203125,0.791259765625,-0.09228515625,Get ready
1713972835.534475,0.6318359375,0.801025390625,-0.089599609375,Get ready
1713972835.574523,0.62353515625,0.805908203125,-0.083251953125,Get ready
1713972835.614755,0.622314453125,0.796142578125,-0.079345703125,Get ready
1713972835.656181,0.61669921875,0.80615234375,-0.08642578125,Get ready
1713972835.695751,0.61767578125,0.8115234375,-0.07470703125,Get ready
1713972835.736157,0.619140625,0.80859375,-0.084228515625,Get ready
1713972835.778211,0.6123046875,0.805419921875,-0.08740234375,Get ready
1713972835.817245,0.62109375,0.818603515625,-0.088134765625,Get ready
1713972835.859335,0.614501953125,0.810546875,-0.08154296875,Get ready
1713972835.899447,0.612548828125,0.811279296875,-0.0791015625,Get ready
1713972835.937724,0.614990234375,0.811767578125,-0.085205078125,Get ready
1713972835.977715,0.612060546875,0.8115234375,-0.078857421875,Get ready
1713972836.018274,0.60888671875,0.8115234375,-0.0830078125,Get ready
1713972836.057743,0.616943359375,0.81884765625,-0.084716796875,Get ready
1713972836.097627,0.61181640625,0.8203125,-0.081298828125,Get ready
1713972836.136964,0.60791015625,0.822265625,-0.0810546875,Get ready
1713972836.175745,0.6064453125,0.819091796875,-0.084228515625,Get ready
1713972836.215508,0.6044921875,0.818359375,-0.083251953125,Get ready
1713972836.255555,0.60595703125,0.8232421875,-0.085205078125,Get ready
1713972836.296905,0.6044921875,0.81494140625,-0.079833984375,Get ready
1713972836.340369,0.6142578125,0.81103515625,-0.07421875,Get ready
1713972836.382423,0.60595703125,0.81884765625,-0.0830078125,Get ready
1713972836.419188,0.6044921875,0.817626953125,-0.0849609375,Get ready
1713972836.461792,0.611572265625,0.814208984375,-0.079833984375,Get ready
1713972836.496487,0.603515625,0.8134765625,-0.085205078125,Get ready
1713972836.54249,0.6083984375,0.8134765625,-0.0771484375,Get ready
1713972836.580181,0.60888671875,0.82470703125,-0.08740234375,Get ready
1713972836.62357,0.611328125,0.8115234375,-0.08056640625,Get ready
1713972836.662112,0.607666015625,0.81982421875,-0.08447265625,Get ready
1713972836.703676,0.605224609375,0.816650390625,-0.08203125,Get ready
1713972836.740541,0.61474609375,0.816162109375,-0.07666015625,Get ready
1713972836.777532,0.61865234375,0.810791015625,-0.072021484375,Get ready
1713972836.815702,0.613525390625,0.80712890625,-0.078857421875,Get ready
1713972836.858843,0.618408203125,0.80322265625,-0.072265625,Get ready
1713972836.899084,0.613525390625,0.812255859375,-0.081298828125,Get ready
1713972836.937476,0.616455078125,0.810302734375,-0.0751953125,Get ready
1713972836.979,0.613525390625,0.812744140625,-0.077880859375,Get ready
1713972837.017608,0.61083984375,0.819091796875,-0.078125,Get ready
1713972837.05747,0.61279296875,0.818115234375,-0.0693359375,Get ready
1713972837.098569,0.61474609375,0.81298828125,-0.072998046875,Get ready
1713972837.138935,0.609375,0.806640625,-0.0771484375,Get ready
1713972837.179904,0.61376953125,0.808349609375,-0.07568359375,Get ready
1713972837.220863,0.613037109375,0.8134765625,-0.076416015625,Get ready
1713972837.259138,0.612060546875,0.81884765625,-0.080078125,Get ready
1713972837.300586,0.615966796875,0.81884765625,-0.07421875,Get ready
1713972837.340406,0.61572265625,0.8212890625,-0.07421875,Get ready
1713972837.380096,0.61279296875,0.814453125,-0.0771484375,Get ready
1713972837.419207,0.605712890625,0.811767578125,-0.078125,Get ready
1713972837.459315,0.611572265625,0.8134765625,-0.072265625,Get ready
1713972837.498131,0.610595703125,0.814208984375,-0.0751953125,Get ready
1713972837.538414,0.6044921875,0.81787109375,-0.0791015625,Get ready
1713972837.578047,0.615478515625,0.81591796875,-0.068115234375,Get ready
1713972837.618623,0.61572265625,0.822021484375,-0.0751953125,Get ready
1713972837.664567,0.608642578125,0.8173828125,-0.07275390625,Get ready
1713972837.698722,0.60791015625,0.816650390625,-0.072265625,Get ready
1713972837.7407,0.60791015625,0.815673828125,-0.080810546875,Get ready
1713972837.782263,0.614990234375,0.818359375,-0.0830078125,Get ready
1713972837.818673,0.61572265625,0.815185546875,-0.065673828125,Get ready
1713972837.860224,0.611572265625,0.809814453125,-0.0771484375,Get ready
1713972837.899497,0.62109375,0.814453125,-0.07666015625,Get ready
1713972837.939697,0.613037109375,0.8095703125,-0.08154296875,Get ready
1713972837.980492,0.606201171875,0.811767578125,-0.084716796875,Get ready
1713972838.021624,0.619873046875,0.81298828125,-0.06396484375,Get ready
1713972838.060758,0.615234375,0.809326171875,-0.067626953125,Get ready
1713972838.098772,0.6142578125,0.817138671875,-0.0791015625,Get ready
1713972838.142836,0.61181640625,0.8115234375,-0.07177734375,Get ready
1713972838.178419,0.616943359375,0.815673828125,-0.070556640625,Get ready
1713972838.224062,0.62255859375,0.8125,-0.05908203125,Get ready
1713972838.266016,0.61669921875,0.808837890625,-0.070068359375,Get ready
1713972838.3064,0.606201171875,0.80810546875,-0.07861328125,Get ready
1713972838.341036,0.61279296875,0.8095703125,-0.091552734375,Get ready
1713972838.379455,0.612548828125,0.819091796875,-0.064453125,Get ready
1713972838.425592,0.618408203125,0.81591796875,-0.063720703125,Get ready
1713972838.460611,0.6123046875,0.811279296875,-0.066162109375,Get ready
1713972838.500425,0.622802734375,0.814208984375,-0.044677734375,Get ready
1713972838.541183,0.619873046875,0.80615234375,-0.0654296875,Get ready
1713972838.594207,0.606201171875,0.80419921875,-0.089599609375,Get ready
1713972838.624256,0.625,0.8212890625,-0.05517578125,Get ready
1713972838.66222,0.614013671875,0.81591796875,-0.06201171875,Get ready
1713972838.701138,0.607421875,0.815673828125,-0.08544921875,Get ready
1713972838.744732,0.616943359375,0.823486328125,-0.0595703125,Get ready
1713972838.779563,0.622314453125,0.81298828125,-0.073486328125,Get ready
1713972838.818521,0.6044921875,0.8095703125,-0.051513671875,Get ready
1713972838.859846,0.623291015625,0.8154296875,-0.054443359375,Get ready
1713972838.900479,0.62353515625,0.821044921875,-0.045166015625,Get ready
1713972838.941922,0.61083984375,0.814697265625,-0.077880859375,Get ready
1713972838.981743,0.6025390625,0.81640625,-0.06640625,Get ready
1713972839.021276,0.610107421875,0.815673828125,-0.0830078125,Get ready
1713972839.061453,0.611083984375,0.81005859375,-0.101806640625,Get ready
1713972839.101732,0.60009765625,0.81201171875,-0.115966796875,Get ready
1713972839.1423,0.600341796875,0.81884765625,-0.06298828125,Get ready
1713972839.183694,0.63671875,0.83056640625,-0.049560546875,Get ready
1713972839.222291,0.6083984375,0.81201171875,-0.081298828125,Get ready
1713972839.265782,0.6044921875,0.81298828125,-0.1123046875,Get ready
1713972839.302632,0.61279296875,0.81787109375,-0.072265625,Get ready
1713972839.342569,0.607421875,0.8173828125,-0.081787109375,Get ready
1713972839.38271,0.59619140625,0.795654296875,-0.11181640625,Get ready
1713972839.428591,0.5986328125,0.8056640625,-0.110107421875,Get ready
1713972839.459811,0.610595703125,0.81103515625,-0.105224609375,Get ready
1713972839.510028,0.609130859375,0.81689453125,-0.09814453125,Get ready
1713972839.540435,0.610595703125,0.8134765625,-0.076904296875,Get ready
1713972839.603213,0.605712890625,0.813720703125,-0.083251953125,Get ready
1713972839.627047,0.605224609375,0.80224609375,-0.08642578125,Get ready
1713972839.662605,0.60888671875,0.817138671875,-0.08544921875,Get ready
1713972839.701673,0.61279296875,0.80810546875,-0.0751953125,Get ready
1713972839.742526,0.61328125,0.809326171875,-0.085205078125,Get ready
1713972839.784942,0.623779296875,0.815185546875,-0.060302734375,Get ready
1713972839.823437,0.625732421875,0.814208984375,-0.072998046875,Get ready
1713972839.863768,0.6103515625,0.804931640625,-0.073974609375,Get ready
1713972839.902878,0.61328125,0.811279296875,-0.08056640625,Get ready
1713972839.944908,0.6142578125,0.82177734375,-0.0751953125,Get ready
1713972839.984015,0.62353515625,0.819580078125,-0.079833984375,Get ready
1713972840.022752,0.6279296875,0.799072265625,-0.0810546875,Get ready
1713972840.062446,0.619873046875,0.796630859375,-0.093505859375,Get ready
1713972840.102385,0.6259765625,0.790771484375,-0.08251953125,Get ready
1713972840.143533,0.621337890625,0.798828125,-0.095458984375,Get ready
1713972840.183794,0.613037109375,0.8017578125,-0.095703125,Get ready
1713972840.222455,0.619384765625,0.8095703125,-0.073486328125,Get ready
1713972840.262556,0.614990234375,0.814697265625,-0.07763671875,Get ready
1713972840.303273,0.61865234375,0.802001953125,-0.073974609375,Get ready
1713972840.344183,0.622314453125,0.802734375,-0.083740234375,Get ready
1713972840.383547,0.62646484375,0.810546875,-0.073974609375,Get ready
1713972840.423573,0.61962890625,0.807861328125,-0.054931640625,Get ready
1713972840.462513,0.626220703125,0.817626953125,-0.052734375,Get ready
1713972840.503708,0.616455078125,0.8154296875,-0.053466796875,Get ready
1713972840.544773,0.61181640625,0.818603515625,-0.057861328125,Get ready
1713972840.583429,0.614013671875,0.812255859375,-0.06005859375,Get ready
1713972840.626879,0.561279296875,0.81494140625,-0.049560546875,Get ready
1713972840.666804,0.596435546875,0.8125,-0.0634765625,Get ready
1713972840.706689,0.60693359375,0.822265625,-0.050048828125,Get ready
1713972840.744809,0.60400390625,0.828125,-0.04248046875,Get ready
1713972840.782101,0.6025390625,0.8271484375,-0.049072265625,Get ready
1713972840.82304,0.60107421875,0.826904296875,-0.043212890625,Get ready
1713972840.863514,0.602783203125,0.826904296875,-0.032958984375,Get ready
1713972840.903993,0.60498046875,0.825439453125,-0.04345703125,Get ready
1713972840.943726,0.6025390625,0.821533203125,-0.034423828125,Get ready
1713972840.985111,0.603515625,0.822021484375,-0.021728515625,Get ready
1713972841.026408,0.617431640625,0.824462890625,-0.018310546875,Get ready
1713972841.066108,0.6025390625,0.821533203125,-0.011962890625,Get ready
1713972841.105176,0.6103515625,0.81884765625,-0.019775390625,Get ready
1713972841.14623,0.60205078125,0.817138671875,-0.013671875,Get ready
1713972841.185657,0.609619140625,0.82080078125,-0.011474609375,Get ready
1713972841.225463,0.602294921875,0.81591796875,-0.008544921875,Get ready
1713972841.266246,0.61083984375,0.821044921875,-0.007568359375,Get ready
1713972841.304501,0.609130859375,0.8203125,-0.0068359375,Get ready
1713972841.343454,0.610595703125,0.81884765625,-0.002685546875,Get ready
1713972841.383557,0.609130859375,0.818603515625,-0.010009765625,Get ready
1713972841.42299,0.60986328125,0.814453125,-0.009521484375,Get ready
1713972841.463395,0.609130859375,0.82421875,-0.00439453125,Get ready
1713972841.50595,0.61328125,0.822265625,-0.015380859375,Get ready
1713972841.543548,0.607177734375,0.820556640625,-0.00732421875,Get ready
1713972841.584641,0.611328125,0.825927734375,-0.008544921875,Get ready
1713972841.634101,0.60498046875,0.82080078125,-0.01513671875,Get ready
1713972841.666004,0.6064453125,0.820556640625,-0.01318359375,Get ready
1713972841.70762,0.606689453125,0.8212890625,-0.01708984375,Get ready
1713972841.745549,0.598876953125,0.817138671875,-0.021484375,Get ready
1713972841.787049,0.608154296875,0.823486328125,-0.025146484375,Get ready
1713972841.825526,0.604736328125,0.821044921875,-0.018798828125,Get ready
1713972841.865534,0.61083984375,0.82568359375,-0.0283203125,Get ready
1713972841.906878,0.606689453125,0.826171875,-0.020751953125,Get ready
1713972841.947374,0.603271484375,0.81396484375,-0.0341796875,Get ready
1713972841.985473,0.607177734375,0.825927734375,-0.026123046875,Get ready
1713972842.033299,0.6171875,0.810791015625,-0.031494140625,Get ready
1713972842.063386,0.627685546875,0.8173828125,-0.017333984375,Get ready
1713972842.103629,0.626708984375,0.816162109375,-0.0322265625,Get ready
1713972842.145797,0.626220703125,0.8095703125,-0.042724609375,Get ready
1713972842.185219,0.62353515625,0.809814453125,-0.03515625,Get ready
1713972842.224757,0.627197265625,0.811279296875,-0.0380859375,Get ready
1713972842.26552,0.614990234375,0.80078125,-0.035400390625,Get ready
1713972842.306193,0.61962890625,0.806884765625,-0.042724609375,Get ready
1713972842.346319,0.625732421875,0.81396484375,-0.0390625,Get ready
1713972842.386884,0.619140625,0.806884765625,-0.03271484375,Get ready
1713972842.43013,0.627685546875,0.81494140625,-0.035400390625,Get ready
1713972842.467399,0.62255859375,0.8056640625,-0.0458984375,Get ready
1713972842.508965,0.626708984375,0.813720703125,-0.039306640625,Get ready
1713972842.546606,0.617919921875,0.80322265625,-0.042236328125,Get ready
1713972842.587446,0.6181640625,0.809814453125,-0.0400390625,Get ready
1713972842.628014,0.623046875,0.814453125,-0.031005859375,Get ready
1713972842.667033,0.621337890625,0.809814453125,-0.039306640625,Get ready
1713972842.706088,0.62939453125,0.808349609375,-0.037109375,Get ready
1713972842.745124,0.623291015625,0.8017578125,-0.053955078125,Get ready
1713972842.786183,0.629150390625,0.813720703125,-0.02685546875,Get ready
1713972842.825785,0.63037109375,0.814697265625,-0.036376953125,Get ready
1713972842.866716,0.6181640625,0.806396484375,-0.048583984375,Get ready
1713972842.908433,0.621826171875,0.810546875,-0.034423828125,Get ready
1713972842.948525,0.60498046875,0.810302734375,-0.040771484375,Get ready
1713972842.989625,0.599365234375,0.80517578125,-0.078369140625,Get ready
1713972843.028704,0.609375,0.816650390625,-0.055908203125,Get ready
1713972843.068328,0.605712890625,0.818115234375,-0.052490234375,Get ready
1713972843.107987,0.613525390625,0.812255859375,-0.0390625,Get ready
1713972843.147391,0.615478515625,0.81396484375,-0.03125,Get ready
1713972843.18817,0.623046875,0.810546875,-0.031005859375,Get ready
1713972843.228327,0.608154296875,0.816650390625,-0.035888671875,Get ready
1713972843.267658,0.61083984375,0.81884765625,-0.0390625,Get ready
1713972843.306378,0.615234375,0.827392578125,-0.0400390625,Get ready
1713972843.346387,0.605224609375,0.81494140625,-0.04052734375,Get ready
1713972843.391748,0.611083984375,0.81982421875,-0.037841796875,Get ready
1713972843.425016,0.607666015625,0.816162109375,-0.033935546875,Get ready
1713972843.469109,0.603759765625,0.81640625,-0.041748046875,Get ready
1713972843.507646,0.61279296875,0.81689453125,-0.0361328125,Get ready
1713972843.547137,0.604736328125,0.8193359375,-0.0400390625,Get ready
1713972843.586501,0.609130859375,0.82373046875,-0.04150390625,Get ready
1713972843.627173,0.604248046875,0.823486328125,-0.037841796875,Get ready
1713972843.66722,0.6044921875,0.826904296875,-0.03515625,Get ready
1713972843.707819,0.606689453125,0.822998046875,-0.03466796875,Get ready
1713972843.747796,0.6044921875,0.82275390625,-0.03857421875,Get ready
1713972843.788643,0.605712890625,0.818115234375,-0.03857421875,Get ready
1713972843.830278,0.609375,0.8203125,-0.03857421875,Get ready
1713972843.86943,0.60546875,0.82373046875,-0.044189453125,Get ready
1713972843.909383,0.61328125,0.824951171875,-0.05078125,Get ready
1713972843.946372,0.6083984375,0.82080078125,-0.050537109375,Get ready
1713972843.985377,0.596435546875,0.822265625,-0.054443359375,Get ready
1713972844.025513,0.614013671875,0.82861328125,-0.042236328125,Get ready
1713972844.065372,0.6025390625,0.820556640625,-0.0537109375,Get ready
1713972844.109396,0.60107421875,0.82177734375,-0.05810546875,Get ready
1713972844.146374,0.605224609375,0.821044921875,-0.05322265625,Get ready
1713972844.187152,0.60546875,0.82275390625,-0.05810546875,Get ready
1713972844.227242,0.60205078125,0.823486328125,-0.0517578125,Get ready
1713972844.266461,0.60400390625,0.822998046875,-0.061279296875,Get ready
1713972844.306506,0.60302734375,0.82080078125,-0.05859375,Get ready
1713972844.347352,0.6142578125,0.821533203125,-0.067138671875,Get ready
1713972844.392348,0.60009765625,0.820556640625,-0.05859375,Get ready
1713972844.429303,0.6015625,0.822509765625,-0.058837890625,Get ready
1713972844.471132,0.60205078125,0.819580078125,-0.065673828125,Get ready
1713972844.50981,0.60498046875,0.826416015625,-0.058837890625,Get ready
1713972844.550497,0.60107421875,0.822265625,-0.0556640625,Get ready
1713972844.588438,0.602294921875,0.82421875,-0.04931640625,Get ready
1713972844.629386,0.60302734375,0.82861328125,-0.051513671875,Get ready
1713972844.667774,0.59716796875,0.82373046875,-0.051513671875,Get ready
1713972844.708006,0.60205078125,0.8271484375,-0.04931640625,Get ready
1713972844.750089,0.597412109375,0.82861328125,-0.056640625,Get ready
1713972844.788711,0.600341796875,0.824951171875,-0.053466796875,Get ready
1713972844.829025,0.597900390625,0.822021484375,-0.05810546875,Get ready
1713972844.867816,0.590087890625,0.82470703125,-0.043701171875,Get ready
1713972844.912039,0.596923828125,0.828857421875,-0.05810546875,Get ready
1713972844.953181,0.597900390625,0.82861328125,-0.06103515625,Get ready
1713972844.991102,0.601806640625,0.827880859375,-0.060302734375,Get ready
1713972845.035329,0.598388671875,0.821533203125,-0.06396484375,Get ready
1713972845.068919,0.6025390625,0.824951171875,-0.058837890625,Get ready
1713972845.114841,0.60302734375,0.82568359375,-0.0546875,Get ready
1713972845.154329,0.6015625,0.822265625,-0.0634765625,Get ready
1713972845.193886,0.60498046875,0.822509765625,-0.062255859375,Get ready
1713972845.23119,0.605224609375,0.820068359375,-0.0634765625,Get ready
1713972845.273344,0.604248046875,0.82177734375,-0.05908203125,Get ready
1713972845.310391,0.5966796875,0.81640625,-0.055419921875,Get ready
1713972845.351854,0.6044921875,0.817626953125,-0.069091796875,Get ready
1713972845.38824,0.603759765625,0.818603515625,-0.065673828125,Get ready
1713972845.429938,0.61083984375,0.820068359375,-0.07080078125,Get ready
1713972845.468677,0.6015625,0.81787109375,-0.07177734375,Get ready
1713972845.509342,0.608642578125,0.823486328125,-0.073974609375,Get ready
1713972845.550445,0.6025390625,0.819091796875,-0.072509765625,Get ready
1713972845.595583,0.598388671875,0.822998046875,-0.076904296875,Get ready
1713972845.631307,0.604736328125,0.82275390625,-0.0791015625,Get ready
1713972845.682405,0.6015625,0.818603515625,-0.0859375,Get ready
1713972845.710514,0.599853515625,0.820068359375,-0.09228515625,Get ready
1713972845.762241,0.602294921875,0.822998046875,-0.102294921875,Get ready
1713972845.791269,0.598388671875,0.813720703125,-0.097900390625,Get ready
1713972845.842987,0.6025390625,0.819091796875,-0.1005859375,Get ready
1713972845.871317,0.599609375,0.81640625,-0.0986328125,Get ready
1713972845.915598,0.599365234375,0.814208984375,-0.100341796875,Get ready
1713972845.949449,0.59619140625,0.8154296875,-0.103515625,Get ready
1713972845.998423,0.600830078125,0.815673828125,-0.095703125,Get ready
1713972846.038537,0.61083984375,0.822265625,-0.093505859375,Get ready
1713972846.069547,0.6005859375,0.81787109375,-0.0888671875,Get ready
1713972846.110877,0.599365234375,0.8212890625,-0.090576171875,Get ready
1713972846.156185,0.59326171875,0.830078125,-0.073486328125,Get ready
1713972846.195266,0.606201171875,0.837646484375,-0.06884765625,Get ready
1713972846.234692,0.603515625,0.8330078125,-0.075927734375,Get ready
1713972846.271455,0.59619140625,0.81005859375,-0.090087890625,Get ready
1713972846.313877,0.611572265625,0.797607421875,-0.08154296875,Get ready
1713972846.352234,0.595458984375,0.789794921875,-0.078369140625,Get ready
1713972846.391905,0.6240234375,0.81005859375,-0.06640625,Get ready
1713972846.432644,0.614990234375,0.81787109375,-0.05322265625,Get ready
1713972846.478886,0.618408203125,0.8271484375,-0.04052734375,Get ready
1713972846.515936,0.6044921875,0.828857421875,-0.024169921875,Get ready
1713972846.55227,0.5947265625,0.81884765625,-0.0224609375,Get ready
1713972846.59052,0.591064453125,0.8232421875,-0.028564453125,Get ready
1713972846.630242,0.58642578125,0.828369140625,-0.026611328125,Get ready
1713972846.671501,0.581298828125,0.83056640625,-0.02587890625,Get ready
1713972846.724456,0.58740234375,0.838623046875,-0.023193359375,Get ready
1713972846.751901,0.604248046875,0.836669921875,-0.029541015625,Get ready
1713972846.79955,0.61083984375,0.83203125,-0.02392578125,Get ready
1713972846.832239,0.610107421875,0.816162109375,-0.03466796875,Get ready
1713972846.88297,0.60546875,0.811279296875,-0.038818359375,Get ready
1713972846.911711,0.6171875,0.828369140625,-0.03076171875,Get ready
1713972846.96196,0.610107421875,0.8330078125,-0.01806640625,Get ready
1713972846.999676,0.614501953125,0.835693359375,-0.010498046875,Get ready
1713972847.044131,0.60595703125,0.8212890625,-0.00341796875,Get ready
1713972847.073294,0.628662109375,0.812255859375,-0.026123046875,Get ready
1713972847.11658,0.619140625,0.80224609375,-0.008056640625,Get ready
1713972847.153793,0.614013671875,0.81201171875,-0.029541015625,Get ready
1713972847.195987,0.614013671875,0.81494140625,-0.032470703125,Get ready
1713972847.23335,0.62060546875,0.807373046875,-0.038818359375,Get ready
1713972847.277744,0.6181640625,0.812255859375,-0.037353515625,Get ready
1713972847.32026,0.615234375,0.821533203125,-0.024658203125,Get ready
1713972847.356331,0.630126953125,0.8251953125,-0.029541015625,Get ready
1713972847.396299,0.621337890625,0.821533203125,-0.016845703125,Get ready
1713972847.43673,0.618408203125,0.8203125,-0.021728515625,Get ready
1713972847.4736,0.566650390625,0.810791015625,-0.03466796875,Get ready
1713972847.515466,0.572998046875,0.828125,-0.05078125,Get ready
1713972847.554305,0.593994140625,0.833740234375,-0.068603515625,Get ready
1713972847.594959,0.6005859375,0.835693359375,-0.0791015625,Get ready
1713972847.636126,0.60986328125,0.821044921875,-0.07373046875,Get ready
1713972847.683855,0.602783203125,0.812744140625,-0.07177734375,Get ready
1713972847.715443,0.612548828125,0.813720703125,-0.08154296875,Get ready
1713972847.755313,0.607421875,0.805908203125,-0.0810546875,Get ready
1713972847.798539,0.610595703125,0.805908203125,-0.0947265625,Get ready
1713972847.836932,0.60888671875,0.8134765625,-0.101806640625,Get ready
1713972847.876649,0.615234375,0.8154296875,-0.096435546875,Get ready
1713972847.916281,0.60498046875,0.81396484375,-0.099853515625,Get ready
1713972847.953335,0.618896484375,0.819091796875,-0.103271484375,Get ready
1713972847.993445,0.617431640625,0.8095703125,-0.10888671875,Get ready
1713972848.034061,0.620849609375,0.8046875,-0.100830078125,Get ready
1713972848.074957,0.6259765625,0.801513671875,-0.109130859375,Get ready
1713972848.114523,0.6220703125,0.791015625,-0.111572265625,Get ready
1713972848.156469,0.62841796875,0.79052734375,-0.1162109375,Get ready
1713972848.19528,0.627685546875,0.78515625,-0.109619140625,Get ready
1713972848.235565,0.63134765625,0.7802734375,-0.11767578125,Get ready
1713972848.277009,0.634521484375,0.7783203125,-0.124267578125,Get ready
1713972848.31668,0.636474609375,0.788818359375,-0.117431640625,Get ready
1713972848.357082,0.630615234375,0.7861328125,-0.111083984375,Get ready
1713972848.398291,0.630859375,0.7958984375,-0.118896484375,Get ready
1713972848.43808,0.630126953125,0.799560546875,-0.1171875,Get ready
1713972848.480337,0.62646484375,0.796875,-0.115966796875,Get ready
1713972848.520477,0.6240234375,0.79638671875,-0.119873046875,Get ready
1713972848.56148,0.626220703125,0.79443359375,-0.121337890625,Get ready
1713972848.59827,0.627685546875,0.796142578125,-0.114013671875,Get ready
1713972848.644396,0.623291015625,0.793212890625,-0.1171875,Get ready
1713972848.679528,0.62646484375,0.798095703125,-0.113525390625,Get ready
1713972848.714495,0.62158203125,0.795654296875,-0.110107421875,Get ready
1713972848.761521,0.62451171875,0.80224609375,-0.108642578125,Get ready
1713972848.795229,0.6201171875,0.799072265625,-0.109130859375,Get ready
1713972848.84317,0.625,0.8017578125,-0.106201171875,Get ready
1713972848.876273,0.62646484375,0.795166015625,-0.10400390625,Get ready
1713972848.916451,0.626953125,0.800537109375,-0.10009765625,Get ready
1713972848.956537,0.623046875,0.8017578125,-0.1025390625,Get ready
1713972848.996884,0.61865234375,0.799072265625,-0.098388671875,Get ready
1713972849.037567,0.625244140625,0.802001953125,-0.09619140625,Get ready
1713972849.077882,0.621826171875,0.804443359375,-0.09033203125,Get ready
1713972849.118989,0.624755859375,0.8056640625,-0.09521484375,Get ready
1713972849.157749,0.625244140625,0.805419921875,-0.09375,Get ready
1713972849.198006,0.622314453125,0.80517578125,-0.1015625,Get ready
1713972849.237264,0.6220703125,0.80517578125,-0.114501953125,Get ready
1713972849.279629,0.61865234375,0.803466796875,-0.118896484375,Get ready
1713972849.316288,0.61767578125,0.80712890625,-0.11865234375,Get ready
1713972849.355308,0.614013671875,0.807373046875,-0.111572265625,Get ready
1713972849.397562,0.615234375,0.80615234375,-0.119140625,Get ready
1713972849.436533,0.623291015625,0.8076171875,-0.1162109375,Get ready
1713972849.476735,0.614501953125,0.7919921875,-0.1474609375,Get ready
1713972849.518447,0.622802734375,0.805908203125,-0.11279296875,Get ready
1713972849.557274,0.6142578125,0.7958984375,-0.1357421875,Get ready
1713972849.597569,0.629150390625,0.80029296875,-0.137451171875,Get ready
1713972849.638538,0.619384765625,0.795166015625,-0.15625,Get ready
1713972849.678883,0.615966796875,0.793701171875,-0.166748046875,Get ready
1713972849.719112,0.611328125,0.79345703125,-0.161376953125,Get ready
1713972849.75844,0.61376953125,0.79541015625,-0.16455078125,Get ready
1713972849.800196,0.608642578125,0.794189453125,-0.142822265625,Get ready
1713972849.841061,0.649658203125,0.832275390625,-0.07958984375,Get ready
1713972849.879109,0.6435546875,0.830810546875,-0.096435546875,Get ready
1713972849.920191,0.6142578125,0.8115234375,-0.111572265625,Get ready
1713972849.961623,0.589599609375,0.776611328125,-0.159423828125,Get ready
1713972850.002341,0.615966796875,0.79248046875,-0.115966796875,Get ready
1713972850.037716,0.625732421875,0.79248046875,-0.104248046875,Get ready
1713972850.078237,0.633056640625,0.79833984375,-0.10693359375,Get ready
1713972850.121114,0.63037109375,0.802490234375,-0.102294921875,Get ready
1713972850.172252,0.6279296875,0.807373046875,-0.107421875,Get ready
1713972850.199768,0.618408203125,0.803466796875,-0.11181640625,Get ready
1713972850.249253,0.615966796875,0.80126953125,-0.107421875,Get ready
1713972850.28258,0.617919921875,0.801025390625,-0.114990234375,Get ready
1713972850.32628,0.616943359375,0.800537109375,-0.112060546875,Get ready
1713972850.360327,0.619873046875,0.802001953125,-0.10546875,Get ready
1713972850.404403,0.621337890625,0.804931640625,-0.108642578125,Get ready
1713972850.44074,0.62060546875,0.803466796875,-0.10986328125,Get ready
1713972850.486088,0.623046875,0.80126953125,-0.111328125,Get ready
1713972850.520291,0.6201171875,0.804931640625,-0.109130859375,Get ready
1713972850.571819,0.61962890625,0.80322265625,-0.10986328125,Get ready
1713972850.599543,0.6162109375,0.803466796875,-0.1103515625,Get ready
1713972850.652109,0.61572265625,0.806640625,-0.111572265625,Get ready
1713972850.678286,0.617431640625,0.8056640625,-0.10986328125,Get ready
1713972850.730485,0.619873046875,0.806396484375,-0.111572265625,Get ready
1713972850.759654,0.618896484375,0.80029296875,-0.1044921875,Get ready
1713972850.806599,0.6220703125,0.804443359375,-0.103271484375,Get ready
1713972850.840595,0.617431640625,0.804931640625,-0.103271484375,Get ready
1713972850.883184,0.619140625,0.803955078125,-0.099365234375,Get ready
1713972850.927812,0.62158203125,0.8046875,-0.1015625,Get ready
1713972850.964072,0.617431640625,0.8037109375,-0.095947265625,Get ready
1713972851.009761,0.62255859375,0.80322265625,-0.099365234375,Get ready
1713972851.048966,0.6240234375,0.80419921875,-0.09912109375,Get ready
1713972851.087481,0.623291015625,0.804443359375,-0.100341796875,Get ready
1713972851.124058,0.619873046875,0.804443359375,-0.098876953125,Get ready
1713972851.166103,0.622314453125,0.8076171875,-0.103271484375,Get ready
1713972851.208043,0.6201171875,0.802001953125,-0.10595703125,Get ready
1713972851.240291,0.617431640625,0.806884765625,-0.107421875,Get ready
1713972851.289414,0.618408203125,0.803955078125,-0.107177734375,Get ready
1713972851.326258,0.620361328125,0.805908203125,-0.1064453125,Get ready
1713972851.365308,0.6162109375,0.802001953125,-0.1044921875,Get ready
1713972851.402029,0.61669921875,0.80419921875,-0.103271484375,Get ready
1713972851.444089,0.62158203125,0.8095703125,-0.10009765625,Get ready
1713972851.48439,0.615966796875,0.801513671875,-0.10546875,Get ready
1713972851.524731,0.617431640625,0.80322265625,-0.10498046875,Get ready
1713972851.563463,0.62158203125,0.807373046875,-0.098876953125,Get ready
1713972851.603574,0.622802734375,0.80419921875,-0.1025390625,Get ready
1713972851.644212,0.618896484375,0.804931640625,-0.101806640625,Get ready
1713972851.696314,0.627197265625,0.80712890625,-0.105712890625,Get ready
1713972851.72388,0.6201171875,0.8017578125,-0.105712890625,Get ready
1713972851.776829,0.619140625,0.802734375,-0.10498046875,Get ready
1713972851.803471,0.6220703125,0.80029296875,-0.108154296875,Get ready
1713972851.851246,0.6201171875,0.803466796875,-0.106201171875,Get ready
1713972851.882702,0.618408203125,0.80224609375,-0.103515625,Get ready
1713972851.934471,0.618896484375,0.803466796875,-0.107177734375,Get ready
1713972851.962404,0.61865234375,0.799560546875,-0.107666015625,Get ready
1713972852.002681,0.62255859375,0.800537109375,-0.101806640625,Get ready
1713972852.04457,0.62451171875,0.805908203125,-0.102783203125,Get ready
1713972852.083447,0.619140625,0.80322265625,-0.1044921875,Get ready
1713972852.121534,0.620361328125,0.802001953125,-0.10400390625,Get ready
1713972852.162422,0.619140625,0.803466796875,-0.10205078125,Get ready
1713972852.203762,0.62353515625,0.80615234375,-0.1044921875,Get ready
1713972852.2424,0.617431640625,0.8017578125,-0.09912109375,Get ready
1713972852.284937,0.620361328125,0.803955078125,-0.101318359375,Get ready
1713972852.323491,0.62109375,0.80517578125,-0.1015625,Get ready
1713972852.365599,0.618408203125,0.802734375,-0.10009765625,Get ready
1713972852.416818,0.62255859375,0.802978515625,-0.10205078125,Get ready
1713972852.446548,0.61669921875,0.804443359375,-0.099365234375,Get ready
1713972852.483272,0.618408203125,0.80859375,-0.096435546875,Get ready
1713972852.524494,0.6171875,0.8056640625,-0.101318359375,Get ready
1713972852.562162,0.624755859375,0.805419921875,-0.095458984375,Get ready
1713972852.603067,0.61962890625,0.801513671875,-0.099853515625,Get ready
1713972852.654488,0.621337890625,0.806396484375,-0.097412109375,Get ready
1713972852.683645,0.620849609375,0.8046875,-0.098388671875,Get ready
1713972852.722447,0.617431640625,0.806396484375,-0.093994140625,Get ready
1713972852.762747,0.618896484375,0.806640625,-0.097412109375,Get ready
1713972852.803411,0.6181640625,0.806884765625,-0.09619140625,Get ready
1713972852.843269,0.622802734375,0.80615234375,-0.096923828125,Get ready
1713972852.888452,0.620849609375,0.80126953125,-0.10107421875,Get ready
1713972852.925965,0.61962890625,0.80322265625,-0.1025390625,Get ready
1713972852.967307,0.62060546875,0.805419921875,-0.095947265625,Get ready
1713972853.004677,0.6201171875,0.803955078125,-0.101318359375,Get ready
1713972853.045508,0.619384765625,0.803955078125,-0.10400390625,Get ready
1713972853.086348,0.616455078125,0.8037109375,-0.10107421875,Get ready
1713972853.138919,0.618896484375,0.808837890625,-0.09814453125,Get ready
1713972853.168217,0.62451171875,0.81201171875,-0.09326171875,Get ready
1713972853.203629,0.62109375,0.804443359375,-0.095458984375,Get ready
1713972853.244821,0.62109375,0.80517578125,-0.092041015625,Get ready
1713972853.296728,0.623046875,0.81103515625,-0.093994140625,Get ready
1713972853.324261,0.615966796875,0.802734375,-0.088623046875,Get ready
1713972853.363702,0.618408203125,0.806640625,-0.092041015625,Get ready
1713972853.404038,0.618896484375,0.80712890625,-0.0927734375,Get ready
1713972853.443776,0.619140625,0.807373046875,-0.09033203125,Get ready
1713972853.484452,0.615234375,0.80224609375,-0.095458984375,Get ready
1713972853.532572,0.618896484375,0.808349609375,-0.0947265625,Get ready
1713972853.565535,0.6171875,0.8095703125,-0.092529296875,Get ready
1713972853.615875,0.6181640625,0.808349609375,-0.094970703125,Get ready
1713972853.64532,0.61572265625,0.81005859375,-0.09521484375,Get ready
1713972853.690263,0.61572265625,0.805908203125,-0.094970703125,Get ready
1713972853.732148,0.6201171875,0.80908203125,-0.090576171875,Get ready
1713972853.768187,0.6171875,0.808349609375,-0.096435546875,Get ready
1713972853.812209,0.6220703125,0.80908203125,-0.09375,Get ready
1713972853.852592,0.61767578125,0.803466796875,-0.093505859375,Get ready
1713972853.88346,0.61572265625,0.8095703125,-0.0888671875,Get ready
1713972853.931465,0.620361328125,0.8115234375,-0.09033203125,Get ready
1713972853.970466,0.6142578125,0.80419921875,-0.086181640625,Get ready
1713972854.014695,0.6171875,0.80810546875,-0.093017578125,Get ready
1713972854.056824,0.61865234375,0.80810546875,-0.09375,Get ready
1713972854.084519,0.620849609375,0.806640625,-0.093017578125,Get ready
1713972854.125702,0.6162109375,0.807373046875,-0.093017578125,Get ready
1713972854.16538,0.621826171875,0.809814453125,-0.092529296875,Get ready
1713972854.205532,0.61669921875,0.803955078125,-0.093505859375,Get ready
1713972854.245621,0.61865234375,0.8046875,-0.096923828125,Get ready
1713972854.285519,0.61767578125,0.806640625,-0.095947265625,Get ready
1713972854.327207,0.6171875,0.80810546875,-0.094482421875,Get ready
1713972854.366125,0.617431640625,0.811767578125,-0.09521484375,Get ready
1713972854.406997,0.614013671875,0.810546875,-0.094482421875,Get ready
1713972854.451362,0.619384765625,0.806884765625,-0.095947265625,Get ready
1713972854.487166,0.61767578125,0.805419921875,-0.09765625,Get ready
1713972854.524711,0.62255859375,0.8095703125,-0.094970703125,Get ready
1713972854.564662,0.61572265625,0.805908203125,-0.09423828125,Get ready
1713972854.604137,0.61669921875,0.805419921875,-0.09716796875,Get ready
1713972854.644789,0.6181640625,0.81103515625,-0.09521484375,Get ready
1713972854.687748,0.619140625,0.8046875,-0.09619140625,Get ready
1713972854.725768,0.615234375,0.80517578125,-0.0947265625,Get ready
1713972854.766674,0.619384765625,0.80712890625,-0.09375,Get ready
1713972854.809013,0.619140625,0.80712890625,-0.095458984375,Get ready
1713972854.846713,0.618408203125,0.806640625,-0.097900390625,Get ready
1713972854.887638,0.620361328125,0.808349609375,-0.098388671875,Get ready
1713972854.928442,0.6171875,0.80859375,-0.099609375,Get ready
1713972854.969783,0.612060546875,0.810302734375,-0.099609375,Get ready
1713972855.009537,0.615478515625,0.81005859375,-0.096923828125,Get ready
1713972855.047641,0.61865234375,0.811279296875,-0.09619140625,Get ready
1713972855.088154,0.61865234375,0.806396484375,-0.094970703125,Get ready
1713972855.128188,0.62060546875,0.80859375,-0.088623046875,Get ready
1713972855.166774,0.615966796875,0.809326171875,-0.0908203125,Get ready
1713972855.205524,0.6181640625,0.80908203125,-0.092041015625,Get ready
1713972855.247293,0.614013671875,0.806396484375,-0.08935546875,Get ready
1713972855.286506,0.615234375,0.8095703125,-0.0927734375,Get ready
1713972855.330054,0.615234375,0.811767578125,-0.093505859375,Get ready
1713972855.366834,0.616455078125,0.8125,-0.091064453125,Get ready
1713972855.407596,0.619140625,0.81103515625,-0.094482421875,Get ready
1713972855.44953,0.6123046875,0.809814453125,-0.093017578125,Get ready
1713972855.491428,0.615478515625,0.8115234375,-0.09423828125,Get ready
1713972855.527414,0.61669921875,0.807373046875,-0.0947265625,Get ready
1713972855.569945,0.6142578125,0.80517578125,-0.0947265625,Get ready
1713972855.607617,0.614501953125,0.8095703125,-0.09375,Get ready
1713972855.648949,0.617431640625,0.813232421875,-0.096435546875,Get ready
1713972855.688552,0.61328125,0.80859375,-0.09375,Get ready
1713972855.728815,0.61474609375,0.811279296875,-0.087158203125,Get ready
1713972855.768521,0.613525390625,0.810546875,-0.09033203125,Get ready
1713972855.807146,0.614501953125,0.81201171875,-0.088134765625,Get ready
1713972855.846515,0.61328125,0.811767578125,-0.089599609375,Get ready
1713972855.889315,0.61376953125,0.81005859375,-0.08984375,Get ready
1713972855.92653,0.616455078125,0.814208984375,-0.09130859375,Get ready
1713972855.967779,0.61181640625,0.810302734375,-0.09033203125,Get ready
1713972856.007313,0.61669921875,0.813720703125,-0.09033203125,Get ready
1713972856.049073,0.614013671875,0.8125,-0.089599609375,Get ready
1713972856.087534,0.611328125,0.8125,-0.093505859375,Get ready
1713972856.128622,0.615966796875,0.809814453125,-0.089599609375,Get ready
1713972856.169287,0.615478515625,0.809814453125,-0.087158203125,Get ready
1713972856.211673,0.614501953125,0.8115234375,-0.089599609375,Get ready
1713972856.249251,0.60986328125,0.811767578125,-0.087646484375,Get ready
1713972856.290941,0.620361328125,0.814453125,-0.084716796875,Get ready
1713972856.329784,0.616455078125,0.80810546875,-0.088623046875,Get ready
1713972856.36949,0.61083984375,0.811279296875,-0.085693359375,Get ready
1713972856.408543,0.614013671875,0.813232421875,-0.08837890625,Get ready
1713972856.448282,0.61083984375,0.81103515625,-0.08740234375,Get ready
1713972856.488325,0.6123046875,0.814453125,-0.08837890625,Get ready
1713972856.530687,0.612060546875,0.814453125,-0.0888671875,Get ready
1713972856.567415,0.617919921875,0.811767578125,-0.090576171875,Get ready
1713972856.60775,0.609130859375,0.80908203125,-0.087158203125,Get ready
1713972856.649709,0.615478515625,0.812255859375,-0.088623046875,Get ready
1713972856.68835,0.6142578125,0.810546875,-0.087158203125,Get ready
1713972856.72822,0.61376953125,0.81005859375,-0.0888671875,Get ready
1713972856.771573,0.61083984375,0.81201171875,-0.087890625,Get ready
1713972856.809235,0.612548828125,0.810791015625,-0.09228515625,Get ready
1713972856.849603,0.613525390625,0.80859375,-0.088134765625,Get ready
1713972856.889232,0.61376953125,0.810302734375,-0.092529296875,Get ready
1713972856.930692,0.620849609375,0.81298828125,-0.083984375,Get ready
1713972856.969179,0.6142578125,0.81005859375,-0.085205078125,Get ready
1713972857.010255,0.614990234375,0.81201171875,-0.083984375,Get ready
1713972857.051815,0.6123046875,0.811767578125,-0.08740234375,Get ready
1713972857.09302,0.610595703125,0.81201171875,-0.084228515625,Get ready
1713972857.129126,0.61279296875,0.809326171875,-0.08349609375,Get ready
1713972857.167168,0.611328125,0.81591796875,-0.08740234375,Get ready
1713972857.20867,0.6171875,0.811279296875,-0.088134765625,Get ready
1713972857.250583,0.6142578125,0.812255859375,-0.085205078125,Get ready
1713972857.288529,0.615478515625,0.812744140625,-0.087646484375,Get ready
1713972857.329691,0.613525390625,0.81298828125,-0.08349609375,Get ready
1713972857.369939,0.615966796875,0.810791015625,-0.0869140625,Get ready
1713972857.409128,0.613525390625,0.80908203125,-0.08984375,Get ready
1713972857.450341,0.615966796875,0.809814453125,-0.088134765625,Get ready
1713972857.49062,0.61767578125,0.811279296875,-0.091064453125,Get ready
1713972857.530102,0.615234375,0.808349609375,-0.086181640625,Get ready
1713972857.573466,0.61865234375,0.81201171875,-0.0888671875,Get ready
1713972857.612235,0.616455078125,0.80712890625,-0.08740234375,Get ready
1713972857.65343,0.61669921875,0.809814453125,-0.088134765625,Get ready
1713972857.691488,0.61474609375,0.811279296875,-0.0859375,Get ready
1713972857.730424,0.611572265625,0.81005859375,-0.08740234375,Get ready
1713972857.770885,0.614013671875,0.809814453125,-0.08740234375,Get ready
1713972857.810069,0.616455078125,0.81396484375,-0.086181640625,Get ready
1713972857.848205,0.61865234375,0.809326171875,-0.0888671875,Get ready
1713972857.892224,0.616943359375,0.80810546875,-0.0888671875,Get ready
1713972857.931301,0.61865234375,0.809326171875,-0.088134765625,Get ready
1713972857.97285,0.614501953125,0.810546875,-0.085205078125,Get ready
1713972858.010621,0.617431640625,0.810791015625,-0.090087890625,Mouth closed
1713972858.050574,0.614013671875,0.809814453125,-0.09130859375,Mouth closed
1713972858.093675,0.614990234375,0.8056640625,-0.09130859375,Mouth closed
1713972858.134799,0.6171875,0.808349609375,-0.08984375,Mouth closed
1713972858.176811,0.61328125,0.8095703125,-0.08740234375,Mouth closed
1713972858.215802,0.614501953125,0.804931640625,-0.08935546875,Mouth closed
1713972858.255445,0.61865234375,0.808349609375,-0.0869140625,Mouth closed
1713972858.294542,0.62353515625,0.8115234375,-0.08544921875,Mouth closed
1713972858.33806,0.61181640625,0.809326171875,-0.085693359375,Mouth closed
1713972858.37502,0.617919921875,0.81298828125,-0.086669921875,Mouth closed
1713972858.411128,0.61572265625,0.811279296875,-0.084716796875,Mouth closed
1713972858.456264,0.6171875,0.811279296875,-0.087158203125,Mouth closed
1713972858.489252,0.612548828125,0.806640625,-0.088623046875,Mouth closed
1713972858.543624,0.62109375,0.8134765625,-0.085693359375,Mouth closed
1713972858.56967,0.616455078125,0.811767578125,-0.087158203125,Mouth closed
1713972858.611613,0.61474609375,0.809814453125,-0.088623046875,Mouth closed
1713972858.652391,0.6162109375,0.813232421875,-0.08837890625,Mouth closed
1713972858.694411,0.61376953125,0.8095703125,-0.09228515625,Mouth closed
1713972858.733424,0.61474609375,0.809326171875,-0.092041015625,Mouth closed
1713972858.777937,0.612548828125,0.810302734375,-0.091064453125,Mouth closed
1713972858.810874,0.6181640625,0.810302734375,-0.090087890625,Mouth closed
1713972858.851453,0.616455078125,0.808349609375,-0.086669921875,Mouth closed
1713972858.89142,0.6201171875,0.814697265625,-0.085693359375,Mouth closed
1713972858.931884,0.61328125,0.8125,-0.0888671875,Mouth closed
1713972858.972865,0.61328125,0.812255859375,-0.085205078125,Mouth closed
1713972859.011143,0.613037109375,0.81201171875,-0.087158203125,Mouth closed
1713972859.053741,0.61083984375,0.8115234375,-0.08642578125,Mouth closed
1713972859.090828,0.6123046875,0.811767578125,-0.08642578125,Mouth closed
1713972859.129566,0.6162109375,0.81591796875,-0.0859375,Mouth closed
1713972859.169105,0.61865234375,0.813232421875,-0.08935546875,Mouth closed
1713972859.211765,0.6123046875,0.811767578125,-0.087158203125,Mouth closed
1713972859.250149,0.61474609375,0.8115234375,-0.087890625,Mouth closed
1713972859.294335,0.61328125,0.810791015625,-0.08837890625,Mouth closed
1713972859.334114,0.611083984375,0.813720703125,-0.08935546875,Mouth closed
1713972859.373847,0.612060546875,0.811767578125,-0.08935546875,Mouth closed
1713972859.414081,0.615478515625,0.815185546875,-0.087890625,Mouth closed
1713972859.454995,0.615966796875,0.810791015625,-0.090087890625,Mouth closed
1713972859.49475,0.614013671875,0.8125,-0.083984375,Mouth closed
1713972859.537027,0.6162109375,0.8134765625,-0.08544921875,Mouth closed
1713972859.57712,0.608154296875,0.812744140625,-0.08349609375,Mouth closed
1713972859.612113,0.614501953125,0.81103515625,-0.085693359375,Mouth closed
1713972859.661344,0.61083984375,0.81396484375,-0.087890625,Mouth closed
1713972859.69635,0.617919921875,0.816650390625,-0.087890625,Mouth closed
1713972859.732672,0.611572265625,0.812255859375,-0.087646484375,Mouth closed
1713972859.771773,0.614990234375,0.8134765625,-0.086181640625,Mouth closed
1713972859.810838,0.612060546875,0.813720703125,-0.084228515625,Mouth closed
1713972859.853073,0.61572265625,0.811767578125,-0.0849609375,Mouth closed
1713972859.89151,0.615234375,0.814453125,-0.085693359375,Mouth closed
1713972859.934351,0.6123046875,0.810791015625,-0.0859375,Mouth closed
1713972859.973513,0.6123046875,0.8115234375,-0.08544921875,Mouth closed
1713972860.016337,0.61279296875,0.81396484375,-0.088623046875,Mouth closed
1713972860.055321,0.61669921875,0.810791015625,-0.08544921875,Mouth closed
1713972860.096922,0.61669921875,0.81103515625,-0.08203125,Mouth closed
1713972860.134251,0.61669921875,0.81494140625,-0.08203125,Mouth closed
1713972860.175667,0.61279296875,0.811767578125,-0.08203125,Mouth closed
1713972860.21451,0.61279296875,0.81103515625,-0.084228515625,Mouth closed
1713972860.254397,0.613037109375,0.81005859375,-0.08203125,Mouth closed
1713972860.293919,0.61279296875,0.814208984375,-0.079833984375,Mouth closed
1713972860.333403,0.619140625,0.809814453125,-0.081298828125,Mouth closed
1713972860.371419,0.614990234375,0.811279296875,-0.080810546875,Mouth closed
1713972860.412148,0.615478515625,0.8115234375,-0.080322265625,Mouth closed
1713972860.452863,0.613037109375,0.811279296875,-0.079833984375,Mouth closed
1713972860.505615,0.61572265625,0.8125,-0.08154296875,Mouth closed
1713972860.534441,0.617919921875,0.8115234375,-0.08056640625,Mouth closed
1713972860.584318,0.61279296875,0.81005859375,-0.084228515625,Mouth closed
1713972860.620637,0.61376953125,0.810546875,-0.083251953125,Mouth closed
1713972860.653269,0.6181640625,0.812255859375,-0.07763671875,Mouth closed
1713972860.693522,0.619140625,0.8125,-0.077880859375,Mouth closed
1713972860.733154,0.61572265625,0.80810546875,-0.078125,Mouth closed
1713972860.773237,0.620361328125,0.81103515625,-0.075927734375,Mouth closed
1713972860.81311,0.619140625,0.811767578125,-0.079345703125,Mouth closed
1713972860.856945,0.61181640625,0.806396484375,-0.078369140625,Mouth closed
1713972860.899468,0.615234375,0.8125,-0.07763671875,Mouth closed
1713972860.936058,0.61572265625,0.81201171875,-0.078125,Mouth closed
1713972860.977344,0.62060546875,0.811279296875,-0.08056640625,Mouth closed
1713972861.014725,0.61474609375,0.80810546875,-0.078857421875,Mouth closed
1713972861.055889,0.622314453125,0.811767578125,-0.07861328125,Mouth closed
1713972861.093012,0.617431640625,0.80859375,-0.08056640625,Mouth closed
1713972861.134623,0.617919921875,0.81201171875,-0.082275390625,Mouth closed
1713972861.171302,0.6181640625,0.805908203125,-0.082763671875,Mouth closed
1713972861.212467,0.6162109375,0.807861328125,-0.085205078125,Mouth closed
1713972861.25139,0.615966796875,0.80712890625,-0.085205078125,Mouth closed
1713972861.301085,0.616943359375,0.809326171875,-0.08447265625,Mouth closed
1713972861.332068,0.62060546875,0.813232421875,-0.08447265625,Mouth closed
1713972861.378086,0.617919921875,0.8046875,-0.084716796875,Mouth closed
1713972861.413972,0.619140625,0.81005859375,-0.079345703125,Mouth closed
1713972861.453968,0.616455078125,0.80712890625,-0.07958984375,Mouth closed
1713972861.493688,0.614501953125,0.807861328125,-0.07861328125,Mouth closed
1713972861.541308,0.615966796875,0.808837890625,-0.080078125,Mouth closed
1713972861.573473,0.619873046875,0.81298828125,-0.077880859375,Mouth closed
1713972861.619785,0.616943359375,0.808349609375,-0.08251953125,Mouth closed
1713972861.652738,0.617919921875,0.81005859375,-0.079345703125,Mouth closed
1713972861.704059,0.618896484375,0.813232421875,-0.08251953125,Mouth closed
1713972861.735379,0.6181640625,0.807373046875,-0.080078125,Mouth closed
1713972861.771062,0.618408203125,0.80859375,-0.0810546875,Mouth closed
1713972861.812328,0.619873046875,0.811279296875,-0.08154296875,Mouth closed
1713972861.864219,0.61474609375,0.805419921875,-0.08203125,Mouth closed
1713972861.893002,0.618896484375,0.80810546875,-0.08349609375,Mouth closed
1713972861.942837,0.6142578125,0.8115234375,-0.084228515625,Mouth closed
1713972861.973206,0.61669921875,0.8095703125,-0.08544921875,Mouth closed
1713972862.018921,0.614501953125,0.8095703125,-0.08203125,Mouth closed
1713972862.055045,0.6171875,0.810791015625,-0.081298828125,Mouth closed
1713972862.096908,0.614501953125,0.81005859375,-0.0791015625,Mouth closed
1713972862.134398,0.6162109375,0.810791015625,-0.08203125,Mouth closed
1713972862.175365,0.613525390625,0.813232421875,-0.082275390625,Mouth closed
1713972862.214057,0.6142578125,0.80859375,-0.082275390625,Mouth closed
1713972862.260949,0.614990234375,0.810546875,-0.08203125,Mouth closed
1713972862.296499,0.6142578125,0.81201171875,-0.07958984375,Mouth closed
1713972862.33363,0.61669921875,0.812255859375,-0.080810546875,Mouth closed
1713972862.378205,0.615234375,0.8134765625,-0.079833984375,Mouth closed
1713972862.413716,0.616943359375,0.81005859375,-0.082275390625,Mouth closed
1713972862.453734,0.614990234375,0.80859375,-0.083251953125,Mouth closed
1713972862.494455,0.617431640625,0.81201171875,-0.083740234375,Mouth closed
1713972862.533411,0.614013671875,0.80712890625,-0.08154296875,Mouth closed
1713972862.57302,0.619140625,0.8125,-0.083251953125,Mouth closed
1713972862.619239,0.61865234375,0.80859375,-0.076171875,Mouth closed
1713972862.658473,0.620361328125,0.812255859375,-0.073974609375,Mouth closed
1713972862.695479,0.61962890625,0.81201171875,-0.0791015625,Mouth closed
1713972862.737977,0.6123046875,0.8115234375,-0.07861328125,Mouth closed
1713972862.776364,0.61474609375,0.81103515625,-0.080078125,Mouth closed
1713972862.817998,0.61181640625,0.810302734375,-0.079345703125,Mouth closed
1713972862.857291,0.61865234375,0.81396484375,-0.079345703125,Mouth closed
1713972862.89669,0.61376953125,0.810791015625,-0.076416015625,Mouth closed
1713972862.935957,0.616943359375,0.811767578125,-0.079345703125,Mouth closed
1713972862.976715,0.614990234375,0.81103515625,-0.076171875,Mouth closed
1713972863.013356,0.615234375,0.8115234375,-0.08056640625,Mouth closed
1713972863.054247,0.615478515625,0.80810546875,-0.083251953125,Mouth closed
1713972863.093196,0.613037109375,0.8076171875,-0.08203125,Mouth closed
1713972863.140569,0.61669921875,0.8095703125,-0.080078125,Mouth closed
1713972863.175757,0.61474609375,0.8095703125,-0.083251953125,Mouth closed
1713972863.227842,0.615234375,0.81201171875,-0.079833984375,Mouth closed
1713972863.255051,0.615478515625,0.81005859375,-0.07861328125,Mouth closed
1713972863.305543,0.619384765625,0.81201171875,-0.07421875,Mouth closed
1713972863.335093,0.615234375,0.813720703125,-0.079345703125,Mouth closed
1713972863.381005,0.61181640625,0.810546875,-0.07568359375,Mouth closed
1713972863.417907,0.614013671875,0.810546875,-0.0771484375,Mouth closed
1713972863.458941,0.61328125,0.814208984375,-0.07421875,Mouth closed
1713972863.497036,0.615234375,0.81005859375,-0.077880859375,Mouth closed
1713972863.536426,0.615478515625,0.8125,-0.07666015625,Mouth closed
1713972863.580062,0.61962890625,0.810791015625,-0.07666015625,Mouth closed
1713972863.61497,0.614013671875,0.810302734375,-0.073974609375,Mouth closed
1713972863.655728,0.618408203125,0.812744140625,-0.077392578125,Mouth closed
1713972863.703267,0.615478515625,0.811767578125,-0.078857421875,Mouth closed
1713972863.733941,0.6162109375,0.80859375,-0.077880859375,Mouth closed
1713972863.785573,0.617919921875,0.8115234375,-0.076171875,Mouth closed
1713972863.814959,0.6142578125,0.8115234375,-0.07763671875,Mouth closed
1713972863.858339,0.61962890625,0.812255859375,-0.07763671875,Mouth closed
1713972863.894978,0.614013671875,0.808837890625,-0.0751953125,Mouth closed
1713972863.937528,0.62158203125,0.813720703125,-0.07470703125,Mouth closed
1713972863.976291,0.616455078125,0.810546875,-0.078369140625,Mouth closed
1713972864.025422,0.61572265625,0.8076171875,-0.07861328125,Mouth closed
1713972864.06393,0.61376953125,0.810302734375,-0.07373046875,Mouth closed
1713972864.105059,0.615234375,0.814208984375,-0.076904296875,Mouth closed
1713972864.14348,0.614013671875,0.810302734375,-0.0791015625,Mouth closed
1713972864.184075,0.617431640625,0.814453125,-0.075927734375,Mouth closed
1713972864.223286,0.618896484375,0.81103515625,-0.07421875,Mouth closed
1713972864.261493,0.618408203125,0.812744140625,-0.076416015625,Mouth closed
1713972864.299316,0.61669921875,0.8095703125,-0.0771484375,Mouth closed
1713972864.34182,0.615478515625,0.808349609375,-0.078369140625,Mouth closed
1713972864.379624,0.615966796875,0.80908203125,-0.07958984375,Mouth closed
1713972864.415584,0.61865234375,0.8076171875,-0.076171875,Mouth closed
1713972864.459113,0.6181640625,0.81103515625,-0.07568359375,Mouth closed
1713972864.497242,0.616943359375,0.80810546875,-0.078369140625,Mouth closed
1713972864.535994,0.61669921875,0.810546875,-0.077880859375,Mouth closed
1713972864.577082,0.619140625,0.810546875,-0.07763671875,Mouth closed
1713972864.615493,0.615478515625,0.80908203125,-0.078857421875,Mouth closed
1713972864.661459,0.616455078125,0.809326171875,-0.08056640625,Mouth closed
1713972864.696096,0.61669921875,0.810302734375,-0.076171875,Mouth closed
1713972864.744241,0.623046875,0.808349609375,-0.079345703125,Mouth closed
1713972864.78445,0.61669921875,0.8056640625,-0.0771484375,Mouth closed
1713972864.818173,0.62158203125,0.809814453125,-0.079345703125,Mouth closed
1713972864.861941,0.616943359375,0.8056640625,-0.07666015625,Mouth closed
1713972864.897111,0.61669921875,0.8076171875,-0.082763671875,Mouth closed
1713972864.93988,0.616455078125,0.81103515625,-0.084716796875,Mouth closed
1713972864.981323,0.61376953125,0.807861328125,-0.080810546875,Mouth closed
1713972865.020749,0.6171875,0.8115234375,-0.0830078125,Mouth closed
1713972865.058826,0.616943359375,0.8076171875,-0.081787109375,Mouth closed
1713972865.097841,0.621826171875,0.810791015625,-0.081298828125,Mouth closed
1713972865.138027,0.618408203125,0.805419921875,-0.079345703125,Mouth closed
1713972865.176039,0.6181640625,0.8115234375,-0.076416015625,Mouth closed
1713972865.215941,0.615966796875,0.811767578125,-0.076416015625,Mouth closed
1713972865.256166,0.613525390625,0.807373046875,-0.077392578125,Mouth closed
1713972865.295996,0.61669921875,0.81201171875,-0.081298828125,Mouth closed
1713972865.337278,0.616943359375,0.8134765625,-0.079345703125,Mouth closed
1713972865.379557,0.62060546875,0.811279296875,-0.080078125,Mouth closed
1713972865.416978,0.614990234375,0.810302734375,-0.080078125,Mouth closed
1713972865.458523,0.616943359375,0.81201171875,-0.0771484375,Mouth closed
1713972865.498383,0.61572265625,0.809814453125,-0.080322265625,Mouth closed
1713972865.536948,0.616455078125,0.8115234375,-0.08251953125,Mouth closed
1713972865.578089,0.614990234375,0.8115234375,-0.08203125,Mouth closed
1713972865.616004,0.61328125,0.808837890625,-0.082763671875,Mouth closed
1713972865.657016,0.616455078125,0.812255859375,-0.07958984375,Mouth closed
1713972865.696953,0.614013671875,0.813232421875,-0.08056640625,Mouth closed
1713972865.736994,0.617431640625,0.80908203125,-0.079833984375,Mouth closed
1713972865.779839,0.6142578125,0.809814453125,-0.07568359375,Mouth closed
1713972865.817954,0.618408203125,0.8125,-0.0771484375,Mouth closed
1713972865.858064,0.614501953125,0.81005859375,-0.076904296875,Mouth closed
1713972865.899486,0.6171875,0.8125,-0.08154296875,Mouth closed
1713972865.938107,0.616943359375,0.81103515625,-0.07958984375,Mouth closed
1713972865.979006,0.6142578125,0.81005859375,-0.080322265625,Mouth closed
1713972866.018899,0.610595703125,0.81103515625,-0.078369140625,Mouth closed
1713972866.059543,0.617431640625,0.810302734375,-0.077392578125,Mouth closed
1713972866.100173,0.616943359375,0.810302734375,-0.075927734375,Mouth closed
1713972866.140536,0.614990234375,0.811279296875,-0.078369140625,Mouth closed
1713972866.179135,0.615478515625,0.8095703125,-0.077880859375,Mouth closed
1713972866.218428,0.6162109375,0.81005859375,-0.073974609375,Mouth closed
1713972866.258346,0.61572265625,0.809326171875,-0.076416015625,Mouth closed
1713972866.29896,0.615966796875,0.811279296875,-0.077392578125,Mouth closed
1713972866.342557,0.61474609375,0.81103515625,-0.076904296875,Mouth closed
1713972866.380239,0.617431640625,0.808349609375,-0.07763671875,Mouth closed
1713972866.420145,0.6142578125,0.808349609375,-0.071533203125,Mouth closed
1713972866.459239,0.6201171875,0.814697265625,-0.07421875,Mouth closed
1713972866.500271,0.614013671875,0.812255859375,-0.071044921875,Mouth closed
1713972866.53904,0.614013671875,0.811767578125,-0.0732421875,Mouth closed
1713972866.580815,0.615478515625,0.812744140625,-0.07275390625,Mouth closed
1713972866.621757,0.61865234375,0.811279296875,-0.07470703125,Mouth closed
1713972866.661513,0.6123046875,0.81005859375,-0.0751953125,Mouth closed
1713972866.700139,0.6181640625,0.81298828125,-0.0751953125,Mouth closed
1713972866.739926,0.615966796875,0.8134765625,-0.0712890625,Mouth closed
1713972866.780922,0.615478515625,0.8115234375,-0.073486328125,Mouth closed
1713972866.821166,0.6162109375,0.8125,-0.0751953125,Mouth closed
1713972866.860115,0.6123046875,0.810302734375,-0.07470703125,Mouth closed
1713972866.900237,0.614013671875,0.810546875,-0.075927734375,Mouth closed
1713972866.938905,0.6142578125,0.8115234375,-0.07373046875,Mouth closed
1713972866.983249,0.61572265625,0.812255859375,-0.07275390625,Mouth closed
1713972867.018887,0.618408203125,0.809814453125,-0.0712890625,Mouth closed
1713972867.059002,0.6142578125,0.81005859375,-0.070068359375,Mouth closed
1713972867.105707,0.615966796875,0.818115234375,-0.072021484375,Mouth closed
1713972867.142819,0.61279296875,0.811279296875,-0.072021484375,Mouth closed
1713972867.18418,0.614501953125,0.811767578125,-0.073974609375,Mouth closed
1713972867.222836,0.61572265625,0.81591796875,-0.068603515625,Mouth closed
1713972867.263087,0.613037109375,0.813720703125,-0.0693359375,Mouth closed
1713972867.30033,0.614013671875,0.808837890625,-0.072265625,Mouth closed
1713972867.34141,0.61962890625,0.8125,-0.073486328125,Mouth closed
1713972867.382834,0.618408203125,0.81298828125,-0.072998046875,Mouth closed
1713972867.422021,0.615478515625,0.810546875,-0.074951171875,Mouth closed
1713972867.46197,0.615966796875,0.810302734375,-0.07373046875,Mouth closed
1713972867.500929,0.618408203125,0.80859375,-0.07666015625,Mouth closed
1713972867.539906,0.616455078125,0.8095703125,-0.07373046875,Mouth closed
1713972867.578925,0.618408203125,0.812255859375,-0.073974609375,Mouth closed
1713972867.621524,0.615478515625,0.810302734375,-0.073486328125,Mouth closed
1713972867.662895,0.621826171875,0.8134765625,-0.06982421875,Mouth closed
1713972867.701867,0.6171875,0.809814453125,-0.07177734375,Mouth closed
1713972867.743507,0.619140625,0.8095703125,-0.072265625,Mouth closed
1713972867.782137,0.615234375,0.810546875,-0.072509765625,Mouth closed
1713972867.824375,0.615234375,0.80859375,-0.07177734375,Mouth closed
1713972867.862926,0.615966796875,0.809814453125,-0.074951171875,Mouth closed
1713972867.905052,0.61474609375,0.813720703125,-0.075439453125,Mouth closed
1713972867.942887,0.619140625,0.808837890625,-0.07763671875,Mouth closed
1713972867.985976,0.61865234375,0.810302734375,-0.072998046875,Mouth closed
1713972868.023058,0.6201171875,0.81103515625,-0.07666015625,Mouth closed
1713972868.06724,0.616455078125,0.811279296875,-0.073974609375,Mouth closed
1713972868.103031,0.61865234375,0.81005859375,-0.078857421875,Mouth closed
1713972868.143164,0.61767578125,0.809326171875,-0.078125,Mouth closed
1713972868.183652,0.615966796875,0.804931640625,-0.0771484375,Mouth closed
1713972868.223048,0.61669921875,0.8115234375,-0.07763671875,Mouth closed
1713972868.262746,0.611572265625,0.81005859375,-0.07666015625,Mouth closed
1713972868.30256,0.62060546875,0.812255859375,-0.07373046875,Mouth closed
1713972868.346254,0.619140625,0.807861328125,-0.078125,Mouth closed
1713972868.382357,0.62255859375,0.813232421875,-0.07470703125,Mouth closed
1713972868.42628,0.614501953125,0.8095703125,-0.07373046875,Mouth closed
1713972868.463795,0.61669921875,0.810791015625,-0.075439453125,Mouth closed
1713972868.503123,0.61572265625,0.8134765625,-0.077392578125,Mouth closed
1713972868.544587,0.61376953125,0.808349609375,-0.0751953125,Mouth closed
1713972868.583508,0.614990234375,0.80859375,-0.07421875,Mouth closed
1713972868.623022,0.619140625,0.811767578125,-0.0732421875,Mouth closed
1713972868.665543,0.61962890625,0.811279296875,-0.076416015625,Mouth closed
1713972868.703928,0.61669921875,0.811767578125,-0.0771484375,Mouth closed
1713972868.746104,0.6181640625,0.811279296875,-0.0771484375,Mouth closed
1713972868.785583,0.614501953125,0.80859375,-0.079833984375,Mouth closed
1713972868.823868,0.614013671875,0.806884765625,-0.0830078125,Mouth closed
1713972868.864559,0.62060546875,0.811767578125,-0.083251953125,Mouth closed
1713972868.903332,0.614013671875,0.812744140625,-0.07861328125,Mouth closed
1713972868.942891,0.61474609375,0.809326171875,-0.077880859375,Mouth closed
1713972868.983752,0.613525390625,0.81005859375,-0.0751953125,Mouth closed
1713972869.02305,0.61474609375,0.811767578125,-0.071044921875,Mouth closed
1713972869.064761,0.612060546875,0.8095703125,-0.074951171875,Mouth closed
1713972869.104006,0.618408203125,0.810791015625,-0.07421875,Mouth closed
1713972869.147149,0.615478515625,0.812255859375,-0.075927734375,Mouth closed
1713972869.188572,0.617919921875,0.811767578125,-0.0751953125,Mouth closed
1713972869.230063,0.616455078125,0.8125,-0.07421875,Mouth closed
1713972869.269935,0.6171875,0.8125,-0.07421875,Mouth closed
1713972869.31206,0.61328125,0.808837890625,-0.07470703125,Mouth closed
1713972869.351307,0.615478515625,0.80859375,-0.07958984375,Mouth closed
1713972869.384963,0.617431640625,0.8095703125,-0.077880859375,Mouth closed
1713972869.432319,0.615966796875,0.810546875,-0.078369140625,Mouth closed
1713972869.469053,0.61474609375,0.81005859375,-0.07373046875,Mouth closed
1713972869.505091,0.6171875,0.8115234375,-0.071044921875,Mouth closed
1713972869.556202,0.618896484375,0.814697265625,-0.0791015625,Mouth closed
1713972869.585643,0.6181640625,0.80859375,-0.074462890625,Mouth closed
1713972869.629675,0.614990234375,0.811767578125,-0.074951171875,Mouth closed
1713972869.666975,0.61572265625,0.8125,-0.073486328125,Mouth closed
1713972869.713839,0.61181640625,0.8115234375,-0.072265625,Mouth closed
1713972869.748896,0.610595703125,0.814208984375,-0.074951171875,Mouth closed
1713972869.784892,0.615234375,0.814208984375,-0.073974609375,Mouth closed
1713972869.824896,0.617431640625,0.81396484375,-0.07177734375,Mouth closed
1713972869.87545,0.61279296875,0.809326171875,-0.072021484375,Mouth closed
1713972869.908518,0.61572265625,0.814208984375,-0.07421875,Mouth closed
1713972869.946685,0.615966796875,0.8115234375,-0.071533203125,Mouth closed
1713972869.986958,0.61328125,0.812744140625,-0.072021484375,Mouth closed
1713972870.026905,0.615234375,0.810546875,-0.072998046875,Mouth closed
1713972870.068132,0.61572265625,0.809326171875,-0.073974609375,Mouth closed
1713972870.107128,0.614501953125,0.81103515625,-0.073974609375,Mouth closed
1713972870.145897,0.614013671875,0.814697265625,-0.072265625,Mouth closed
1713972870.185962,0.617431640625,0.812744140625,-0.072265625,Mouth closed
1713972870.224801,0.613037109375,0.81103515625,-0.072265625,Mouth closed
1713972870.264998,0.614013671875,0.813232421875,-0.069091796875,Mouth closed
1713972870.305851,0.615478515625,0.81298828125,-0.07177734375,Mouth closed
1713972870.352972,0.610107421875,0.812255859375,-0.06884765625,Mouth closed
1713972870.384848,0.611328125,0.812744140625,-0.072021484375,Mouth closed
1713972870.43104,0.615478515625,0.81494140625,-0.070556640625,Mouth closed
1713972870.468041,0.615478515625,0.81494140625,-0.071044921875,Mouth closed
1713972870.509083,0.6103515625,0.81298828125,-0.0712890625,Mouth closed
1713972870.547288,0.615234375,0.814697265625,-0.072998046875,Mouth closed
1713972870.587775,0.614013671875,0.81396484375,-0.0712890625,Mouth closed
1713972870.628886,0.6171875,0.815185546875,-0.072265625,Mouth closed
1713972870.676482,0.615478515625,0.81298828125,-0.0693359375,Mouth closed
1713972870.709373,0.6162109375,0.811767578125,-0.07421875,Mouth closed
1713972870.783206,0.614013671875,0.8125,-0.076904296875,Mouth closed
1713972870.794185,0.613037109375,0.810791015625,-0.07275390625,Mouth closed
1713972870.829778,0.614501953125,0.814208984375,-0.072998046875,Mouth closed
1713972870.867073,0.61572265625,0.8125,-0.072998046875,Mouth closed
1713972870.906512,0.61279296875,0.80908203125,-0.074462890625,Mouth closed
1713972870.946342,0.61962890625,0.81591796875,-0.074462890625,Mouth closed
1713972870.987188,0.612060546875,0.8154296875,-0.0712890625,Mouth closed
1713972871.026999,0.61328125,0.811767578125,-0.071044921875,Mouth closed
1713972871.072718,0.614501953125,0.809814453125,-0.070068359375,Mouth closed
1713972871.11025,0.61572265625,0.811767578125,-0.072021484375,Mouth closed
1713972871.152377,0.6142578125,0.81201171875,-0.070556640625,Mouth closed
1713972871.190835,0.6162109375,0.81396484375,-0.071533203125,Mouth closed
1713972871.228372,0.616455078125,0.810546875,-0.0673828125,Mouth closed
1713972871.271246,0.616455078125,0.8115234375,-0.07275390625,Mouth closed
1713972871.309165,0.61669921875,0.8115234375,-0.072509765625,Mouth closed
1713972871.350431,0.6142578125,0.814208984375,-0.07421875,Mouth closed
1713972871.388952,0.61474609375,0.81298828125,-0.07373046875,Mouth closed
1713972871.429001,0.614013671875,0.811767578125,-0.075439453125,Mouth closed
1713972871.468031,0.61962890625,0.81298828125,-0.073486328125,Mouth closed
1713972871.508305,0.61083984375,0.806640625,-0.07421875,Mouth closed
1713972871.547848,0.615966796875,0.8134765625,-0.071044921875,Mouth closed
1713972871.587279,0.616455078125,0.81298828125,-0.073486328125,Mouth closed
1713972871.63006,0.612060546875,0.8095703125,-0.0712890625,Mouth closed
1713972871.668502,0.6142578125,0.8095703125,-0.07275390625,Mouth closed
1713972871.708867,0.61474609375,0.816162109375,-0.07275390625,Mouth closed
1713972871.747826,0.61572265625,0.81005859375,-0.075439453125,Mouth closed
1713972871.793517,0.615966796875,0.811767578125,-0.0712890625,Mouth closed
1713972871.830175,0.61767578125,0.81298828125,-0.07470703125,Mouth closed
1713972871.872857,0.613525390625,0.81103515625,-0.073486328125,Mouth closed
1713972871.911598,0.614990234375,0.812744140625,-0.072509765625,Mouth closed
1713972871.951332,0.615234375,0.810791015625,-0.0712890625,Mouth closed
1713972871.991789,0.615234375,0.809326171875,-0.076904296875,Mouth closed
1713972872.036551,0.613037109375,0.811279296875,-0.075439453125,Mouth closed
1713972872.07218,0.61181640625,0.81103515625,-0.072998046875,Mouth closed
1713972872.117788,0.616455078125,0.80908203125,-0.072021484375,Mouth closed
1713972872.150052,0.615478515625,0.813232421875,-0.072265625,Mouth closed
1713972872.202205,0.6162109375,0.81396484375,-0.070556640625,Mouth closed
1713972872.230503,0.612060546875,0.8115234375,-0.07421875,Mouth closed
1713972872.277954,0.6142578125,0.810302734375,-0.07666015625,Mouth closed
1713972872.309797,0.614013671875,0.81103515625,-0.075927734375,Mouth closed
1713972872.36222,0.615966796875,0.8115234375,-0.07177734375,Mouth closed
1713972872.391149,0.613037109375,0.80810546875,-0.071533203125,Mouth closed
1713972872.436566,0.6171875,0.8095703125,-0.071044921875,Mouth closed
1713972872.469852,0.61572265625,0.8125,-0.0712890625,Mouth closed
1713972872.520317,0.61669921875,0.81396484375,-0.073486328125,Mouth closed
1713972872.554386,0.614013671875,0.81201171875,-0.072998046875,Mouth closed
1713972872.594245,0.609619140625,0.81103515625,-0.0771484375,Mouth closed
1713972872.632467,0.611572265625,0.81201171875,-0.07421875,Mouth closed
1713972872.672107,0.614501953125,0.809814453125,-0.069580078125,Mouth closed
1713972872.714467,0.620849609375,0.814453125,-0.070556640625,Mouth closed
1713972872.759651,0.616943359375,0.810302734375,-0.0693359375,Mouth closed
1713972872.791066,0.616943359375,0.8173828125,-0.06640625,Mouth closed
1713972872.837839,0.61328125,0.81640625,-0.071533203125,Mouth closed
1713972872.869929,0.610595703125,0.815185546875,-0.06787109375,Mouth closed
1713972872.915561,0.612548828125,0.81298828125,-0.07177734375,Mouth closed
1713972872.956101,0.61279296875,0.81298828125,-0.072265625,Mouth closed
1713972872.993175,0.618408203125,0.814208984375,-0.069091796875,Mouth closed
1713972873.038263,0.61767578125,0.808837890625,-0.06787109375,Mouth open
1713972873.076159,0.616455078125,0.814208984375,-0.070556640625,Mouth open
1713972873.115871,0.613525390625,0.81103515625,-0.069580078125,Mouth open
1713972873.153668,0.61669921875,0.814697265625,-0.068603515625,Mouth open
1713972873.191865,0.61376953125,0.811279296875,-0.06787109375,Mouth open
1713972873.232706,0.612060546875,0.8115234375,-0.0712890625,Mouth open
1713972873.272918,0.614990234375,0.81103515625,-0.071044921875,Mouth open
1713972873.314939,0.61474609375,0.81201171875,-0.069580078125,Mouth open
1713972873.353047,0.617431640625,0.81787109375,-0.06689453125,Mouth open
1713972873.393727,0.615234375,0.815185546875,-0.063232421875,Mouth open
1713972873.432033,0.6181640625,0.8154296875,-0.065185546875,Mouth open
1713972873.470799,0.6142578125,0.812255859375,-0.06494140625,Mouth open
1713972873.511282,0.611083984375,0.81591796875,-0.064453125,Mouth open
1713972873.54978,0.611572265625,0.812255859375,-0.0654296875,Mouth open
1713972873.591777,0.61376953125,0.817138671875,-0.065185546875,Mouth open
1713972873.634263,0.61767578125,0.81396484375,-0.06591796875,Mouth open
1713972873.670147,0.61328125,0.812744140625,-0.06640625,Mouth open
1713972873.712319,0.615966796875,0.814453125,-0.06787109375,Mouth open
1713972873.753573,0.613525390625,0.810546875,-0.064453125,Mouth open
1713972873.790884,0.614501953125,0.8134765625,-0.065673828125,Mouth open
1713972873.831961,0.6123046875,0.8134765625,-0.06640625,Mouth open
1713972873.880176,0.614013671875,0.817138671875,-0.07080078125,Mouth open
1713972873.912741,0.611328125,0.813720703125,-0.070556640625,Mouth open
1713972873.952869,0.614013671875,0.815185546875,-0.068603515625,Mouth open
1713972873.994093,0.60888671875,0.816650390625,-0.06494140625,Mouth open
1713972874.035068,0.609619140625,0.81494140625,-0.065673828125,Mouth open
1713972874.071839,0.61083984375,0.812255859375,-0.06103515625,Mouth open
1713972874.112816,0.61181640625,0.801513671875,-0.064208984375,Mouth open
1713972874.150786,0.62744140625,0.813720703125,-0.063232421875,Mouth open
1713972874.191179,0.61865234375,0.819580078125,-0.07861328125,Mouth open
1713972874.232526,0.609619140625,0.805908203125,-0.042724609375,Mouth open
1713972874.270772,0.63330078125,0.801513671875,-0.0859375,Mouth open
1713972874.312635,0.619384765625,0.78857421875,-0.030517578125,Mouth open
1713972874.350902,0.63232421875,0.7958984375,-0.071044921875,Mouth open
1713972874.391878,0.64111328125,0.78515625,-0.054443359375,Mouth open
1713972874.435771,0.6474609375,0.795166015625,-0.052978515625,Mouth open
1713972874.473239,0.639404296875,0.7890625,-0.07373046875,Mouth open
1713972874.515322,0.6376953125,0.793701171875,-0.078369140625,Mouth open
1713972874.555186,0.633544921875,0.787841796875,-0.09814453125,Mouth open
1713972874.597598,0.633544921875,0.789794921875,-0.08447265625,Mouth open
1713972874.633966,0.636962890625,0.803955078125,-0.079345703125,Mouth open
1713972874.673121,0.633544921875,0.79638671875,-0.074951171875,Mouth open
1713972874.713684,0.634521484375,0.80078125,-0.066162109375,Mouth open
1713972874.754157,0.634765625,0.802978515625,-0.073486328125,Mouth open
1713972874.790842,0.629150390625,0.7958984375,-0.07568359375,Mouth open
1713972874.831504,0.62744140625,0.793212890625,-0.080810546875,Mouth open
1713972874.872011,0.6318359375,0.7958984375,-0.0771484375,Mouth open
1713972874.910985,0.626953125,0.800537109375,-0.080810546875,Mouth open
1713972874.950966,0.6298828125,0.79638671875,-0.082275390625,Mouth open
1713972874.990734,0.630126953125,0.80126953125,-0.076904296875,Mouth open
1713972875.036516,0.62890625,0.80126953125,-0.080322265625,Mouth open
1713972875.076125,0.632080078125,0.798583984375,-0.078125,Mouth open
1713972875.11537,0.631103515625,0.798095703125,-0.0771484375,Mouth open
1713972875.152742,0.626953125,0.795654296875,-0.0830078125,Mouth open
1713972875.193748,0.63330078125,0.79736328125,-0.0859375,Mouth open
1713972875.233729,0.62451171875,0.795654296875,-0.086181640625,Mouth open
1713972875.274003,0.630859375,0.8056640625,-0.084716796875,Mouth open
1713972875.314272,0.6298828125,0.8017578125,-0.072998046875,Mouth open
1713972875.354355,0.62890625,0.8046875,-0.0830078125,Mouth open
1713972875.392939,0.628662109375,0.802490234375,-0.074951171875,Mouth open
1713972875.431032,0.62353515625,0.802978515625,-0.072021484375,Mouth open
1713972875.472909,0.625244140625,0.80029296875,-0.07373046875,Mouth open
1713972875.51093,0.6318359375,0.802978515625,-0.071044921875,Mouth open
1713972875.550365,0.628662109375,0.803466796875,-0.077392578125,Mouth open
1713972875.591117,0.626220703125,0.799560546875,-0.073974609375,Mouth open
1713972875.630778,0.62841796875,0.802734375,-0.07177734375,Mouth open
1713972875.675249,0.625,0.7998046875,-0.0751953125,Mouth open
1713972875.712533,0.623779296875,0.801025390625,-0.0830078125,Mouth open
1713972875.753204,0.630126953125,0.80224609375,-0.0771484375,Mouth open
1713972875.791939,0.621337890625,0.801025390625,-0.0830078125,Mouth open
1713972875.840816,0.62646484375,0.80419921875,-0.079833984375,Mouth open
1713972875.872091,0.6220703125,0.802978515625,-0.0849609375,Mouth open
1713972875.923988,0.62548828125,0.799560546875,-0.0810546875,Mouth open
1713972875.952979,0.624267578125,0.806640625,-0.08056640625,Mouth open
1713972876.001865,0.62451171875,0.80615234375,-0.073486328125,Mouth open
1713972876.031725,0.621826171875,0.80615234375,-0.074462890625,Mouth open
1713972876.073013,0.6220703125,0.805908203125,-0.076904296875,Mouth open
1713972876.109757,0.625,0.804931640625,-0.08056640625,Mouth open
1713972876.161415,0.62353515625,0.805908203125,-0.07763671875,Mouth open
1713972876.197433,0.623779296875,0.805419921875,-0.07861328125,Mouth open
1713972876.233002,0.623291015625,0.80224609375,-0.07666015625,Mouth open
1713972876.277513,0.62646484375,0.801513671875,-0.07666015625,Mouth open
1713972876.315945,0.625244140625,0.80517578125,-0.078369140625,Mouth open
1713972876.355881,0.6279296875,0.8056640625,-0.07666015625,Mouth open
1713972876.399378,0.6220703125,0.802978515625,-0.080078125,Mouth open
1713972876.436546,0.6220703125,0.802490234375,-0.078125,Mouth open
1713972876.478455,0.62255859375,0.80517578125,-0.077392578125,Mouth open
1713972876.518785,0.626953125,0.8076171875,-0.07763671875,Mouth open
1713972876.55477,0.623291015625,0.802978515625,-0.07666015625,Mouth open
1713972876.595244,0.624267578125,0.806884765625,-0.076171875,Mouth open
1713972876.64797,0.626953125,0.806884765625,-0.074462890625,Mouth open
1713972876.677295,0.619873046875,0.806640625,-0.079833984375,Mouth open
1713972876.71292,0.623291015625,0.802978515625,-0.07958984375,Mouth open
1713972876.755907,0.62255859375,0.805419921875,-0.07861328125,Mouth open
1713972876.801572,0.624755859375,0.805908203125,-0.081298828125,Mouth open
1713972876.833677,0.61962890625,0.8037109375,-0.0791015625,Mouth open
1713972876.886015,0.623779296875,0.807373046875,-0.0791015625,Mouth open
1713972876.91332,0.619873046875,0.80419921875,-0.0771484375,Mouth open
1713972876.962516,0.622314453125,0.80517578125,-0.080322265625,Mouth open
1713972876.992871,0.623291015625,0.80419921875,-0.080322265625,Mouth open
1713972877.042184,0.621826171875,0.80419921875,-0.078369140625,Mouth open
1713972877.080398,0.6201171875,0.80712890625,-0.076416015625,Mouth open
1713972877.115384,0.620361328125,0.80859375,-0.074462890625,Mouth open
1713972877.158125,0.624267578125,0.80859375,-0.075927734375,Mouth open
1713972877.199692,0.620361328125,0.80517578125,-0.072998046875,Mouth open
1713972877.236982,0.622314453125,0.810546875,-0.07470703125,Mouth open
1713972877.277929,0.620361328125,0.8095703125,-0.070068359375,Mouth open
1713972877.315061,0.618408203125,0.811279296875,-0.07373046875,Mouth open
1713972877.354628,0.62255859375,0.80908203125,-0.072509765625,Mouth open
1713972877.393385,0.619873046875,0.808349609375,-0.0712890625,Mouth open
1713972877.436266,0.623779296875,0.80322265625,-0.07568359375,Mouth open
1713972877.475304,0.617919921875,0.805908203125,-0.073486328125,Mouth open
1713972877.514959,0.62646484375,0.8046875,-0.074951171875,Mouth open
1713972877.553685,0.623291015625,0.80517578125,-0.078369140625,Mouth open
1713972877.5945,0.624267578125,0.806396484375,-0.0810546875,Mouth open
1713972877.635419,0.623291015625,0.8046875,-0.08056640625,Mouth open
1713972877.676035,0.62109375,0.8056640625,-0.078857421875,Mouth open
1713972877.716352,0.62109375,0.807861328125,-0.077392578125,Mouth open
1713972877.754794,0.620849609375,0.80419921875,-0.077392578125,Mouth open
1713972877.797059,0.62158203125,0.803466796875,-0.078369140625,Mouth open
1713972877.835094,0.6220703125,0.805908203125,-0.07861328125,Mouth open
1713972877.875283,0.621826171875,0.806640625,-0.076171875,Mouth open
1713972877.923293,0.61669921875,0.807861328125,-0.072021484375,Mouth open
1713972877.956041,0.622802734375,0.8076171875,-0.073486328125,Mouth open
1713972877.9983,0.6201171875,0.8076171875,-0.073486328125,Mouth open
1713972878.034422,0.623779296875,0.805908203125,-0.07373046875,Mouth open
1713972878.08648,0.619384765625,0.807373046875,-0.07177734375,Mouth open
1713972878.11391,0.622314453125,0.809814453125,-0.07666015625,Mouth open
1713972878.167774,0.62353515625,0.806640625,-0.074951171875,Mouth open
1713972878.1933,0.6240234375,0.806884765625,-0.074951171875,Mouth open
1713972878.250048,0.62451171875,0.810302734375,-0.072021484375,Mouth open
1713972878.274519,0.62158203125,0.803466796875,-0.076416015625,Mouth open
1713972878.315841,0.619873046875,0.8046875,-0.078857421875,Mouth open
1713972878.355905,0.616943359375,0.80615234375,-0.076171875,Mouth open
1713972878.395841,0.619384765625,0.805419921875,-0.07763671875,Mouth open
1713972878.435911,0.62255859375,0.805908203125,-0.073486328125,Mouth open
1713972878.476329,0.62548828125,0.811279296875,-0.080810546875,Mouth open
1713972878.516899,0.61865234375,0.80224609375,-0.072998046875,Mouth open
1713972878.559888,0.624755859375,0.8046875,-0.078369140625,Mouth open
1713972878.598398,0.622802734375,0.80615234375,-0.072998046875,Mouth open
1713972878.633816,0.621337890625,0.80517578125,-0.076171875,Mouth open
1713972878.673904,0.61572265625,0.803955078125,-0.078125,Mouth open
1713972878.712846,0.624755859375,0.81103515625,-0.0791015625,Mouth open
1713972878.753621,0.620361328125,0.806396484375,-0.0771484375,Mouth open
1713972878.794022,0.622314453125,0.80810546875,-0.08251953125,Mouth open
1713972878.834758,0.622802734375,0.80810546875,-0.07958984375,Mouth open
1713972878.87494,0.61767578125,0.806396484375,-0.080810546875,Mouth open
1713972878.9152,0.62109375,0.806396484375,-0.079833984375,Mouth open
1713972878.955317,0.619384765625,0.80615234375,-0.079833984375,Mouth open
1713972878.996771,0.625732421875,0.80908203125,-0.078125,Mouth open
1713972879.036395,0.617919921875,0.803466796875,-0.080078125,Mouth open
1713972879.07608,0.624267578125,0.8095703125,-0.07373046875,Mouth open
1713972879.117101,0.61865234375,0.806884765625,-0.07275390625,Mouth open
1713972879.157143,0.6171875,0.8056640625,-0.07275390625,Mouth open
1713972879.195702,0.615966796875,0.80712890625,-0.07275390625,Mouth open
1713972879.249983,0.619873046875,0.808349609375,-0.070556640625,Mouth open
1713972879.281978,0.621826171875,0.807373046875,-0.072265625,Mouth open
1713972879.325702,0.61865234375,0.805908203125,-0.073974609375,Mouth open
1713972879.353854,0.623779296875,0.807861328125,-0.07275390625,Mouth open
1713972879.405839,0.61962890625,0.80908203125,-0.074951171875,Mouth open
1713972879.434885,0.619873046875,0.8076171875,-0.07666015625,Mouth open
1713972879.487145,0.621826171875,0.80712890625,-0.07763671875,Mouth open
1713972879.515537,0.61767578125,0.806640625,-0.0791015625,Mouth open
1713972879.555368,0.62109375,0.806640625,-0.074462890625,Mouth open
1713972879.595302,0.618408203125,0.806884765625,-0.075439453125,Mouth open
1713972879.636574,0.6220703125,0.806396484375,-0.0771484375,Mouth open
1713972879.677094,0.62158203125,0.808349609375,-0.072021484375,Mouth open
1713972879.717086,0.623046875,0.80810546875,-0.0712890625,Mouth open
1713972879.756321,0.617431640625,0.809814453125,-0.07275390625,Mouth open
1713972879.798483,0.621337890625,0.806640625,-0.07275390625,Mouth open
1713972879.837055,0.6162109375,0.807861328125,-0.071533203125,Mouth open
1713972879.878835,0.620361328125,0.80712890625,-0.06982421875,Mouth open
1713972879.919991,0.617431640625,0.806640625,-0.070068359375,Mouth open
1713972879.959756,0.619384765625,0.811767578125,-0.070556640625,Mouth open
1713972879.992797,0.619384765625,0.809814453125,-0.067626953125,Mouth open
1713972880.032778,0.619140625,0.806396484375,-0.07080078125,Mouth open
1713972880.07384,0.618408203125,0.81201171875,-0.07275390625,Mouth open
1713972880.118475,0.61865234375,0.806396484375,-0.073974609375,Mouth open
1713972880.156258,0.616943359375,0.8046875,-0.07421875,Mouth open
1713972880.196538,0.61962890625,0.8095703125,-0.076171875,Mouth open
1713972880.235258,0.617919921875,0.811279296875,-0.076171875,Mouth open
1713972880.275754,0.6220703125,0.807861328125,-0.072509765625,Mouth open
1713972880.31475,0.6220703125,0.807373046875,-0.069091796875,Mouth open
1713972880.370461,0.62353515625,0.81103515625,-0.068359375,Mouth open
1713972880.404344,0.6142578125,0.808349609375,-0.070556640625,Mouth open
1713972880.435786,0.619873046875,0.811279296875,-0.072998046875,Mouth open
1713972880.475615,0.62109375,0.809814453125,-0.07275390625,Mouth open
1713972880.521159,0.62255859375,0.80859375,-0.073486328125,Mouth open
1713972880.55391,0.618408203125,0.805419921875,-0.07470703125,Mouth open
1713972880.592787,0.623046875,0.81103515625,-0.076171875,Mouth open
1713972880.634122,0.62158203125,0.807861328125,-0.072998046875,Mouth open
1713972880.673916,0.62060546875,0.806640625,-0.073974609375,Mouth open
1713972880.713682,0.618896484375,0.805908203125,-0.079345703125,Mouth open
1713972880.759377,0.618896484375,0.802978515625,-0.08251953125,Mouth open
1713972880.798152,0.621826171875,0.80615234375,-0.080322265625,Mouth open
1713972880.83725,0.621337890625,0.8056640625,-0.07958984375,Mouth open
1713972880.879912,0.62060546875,0.80810546875,-0.07763671875,Mouth open
1713972880.917662,0.622314453125,0.806640625,-0.0791015625,Mouth open
1713972880.957519,0.62451171875,0.807861328125,-0.0751953125,Mouth open
1713972881.008351,0.617431640625,0.804931640625,-0.07666015625,Mouth open
1713972881.037039,0.6220703125,0.804443359375,-0.072998046875,Mouth open
1713972881.086589,0.620361328125,0.810302734375,-0.075439453125,Mouth open
1713972881.116662,0.618408203125,0.807861328125,-0.078857421875,Mouth open
1713972881.164867,0.619140625,0.805419921875,-0.079345703125,Mouth open
1713972881.202608,0.62353515625,0.8046875,-0.0830078125,Mouth open
1713972881.244321,0.6201171875,0.80517578125,-0.07666015625,Mouth open
1713972881.274599,0.6220703125,0.8056640625,-0.080322265625,Mouth open
1713972881.317619,0.626220703125,0.802490234375,-0.076904296875,Mouth open
1713972881.360337,0.620849609375,0.80224609375,-0.079833984375,Mouth open
1713972881.400398,0.622802734375,0.801025390625,-0.08251953125,Mouth open
1713972881.438168,0.621826171875,0.804443359375,-0.0849609375,Mouth open
1713972881.478576,0.622314453125,0.8056640625,-0.081298828125,Mouth open
1713972881.517913,0.619384765625,0.802734375,-0.085693359375,Mouth open
1713972881.558233,0.622802734375,0.80908203125,-0.080810546875,Mouth open
1713972881.597035,0.621826171875,0.807373046875,-0.078857421875,Mouth open
1713972881.637659,0.617431640625,0.808837890625,-0.07958984375,Mouth open
1713972881.677177,0.617431640625,0.8076171875,-0.082763671875,Mouth open
1713972881.717636,0.616943359375,0.805908203125,-0.0771484375,Mouth open
1713972881.757999,0.616455078125,0.806884765625,-0.076416015625,Mouth open
1713972881.802035,0.62353515625,0.807373046875,-0.079345703125,Mouth open
1713972881.842761,0.62353515625,0.803955078125,-0.0791015625,Mouth open
1713972881.883223,0.622802734375,0.8056640625,-0.074951171875,Mouth open
1713972881.920546,0.623046875,0.80908203125,-0.07421875,Mouth open
1713972881.961876,0.621826171875,0.805908203125,-0.0732421875,Mouth open
1713972882.000863,0.62158203125,0.803466796875,-0.075927734375,Mouth open
1713972882.041013,0.62451171875,0.806396484375,-0.07666015625,Mouth open
1713972882.078758,0.626708984375,0.809814453125,-0.076171875,Mouth open
1713972882.119045,0.61865234375,0.80419921875,-0.076171875,Mouth open
1713972882.157939,0.621337890625,0.809814453125,-0.07568359375,Mouth open
1713972882.197553,0.622314453125,0.80908203125,-0.0732421875,Mouth open
1713972882.237634,0.620849609375,0.81005859375,-0.072509765625,Mouth open
1713972882.278671,0.616455078125,0.809326171875,-0.0751953125,Mouth open
1713972882.321026,0.619140625,0.8095703125,-0.072998046875,Mouth open
1713972882.358124,0.62353515625,0.80810546875,-0.0751953125,Mouth open
1713972882.398599,0.620849609375,0.808837890625,-0.076416015625,Mouth open
1713972882.441018,0.621337890625,0.806884765625,-0.073486328125,Mouth open
1713972882.480545,0.620361328125,0.80517578125,-0.07421875,Mouth open
1713972882.522299,0.620361328125,0.806640625,-0.0791015625,Mouth open
1713972882.55795,0.62158203125,0.806640625,-0.077392578125,Mouth open
1713972882.598639,0.6220703125,0.804443359375,-0.076416015625,Mouth open
1713972882.639417,0.619140625,0.80615234375,-0.075439453125,Mouth open
1713972882.67807,0.619384765625,0.809814453125,-0.074951171875,Mouth open
1713972882.719025,0.62060546875,0.807861328125,-0.074951171875,Mouth open
1713972882.759503,0.6171875,0.80615234375,-0.0712890625,Mouth open
1713972882.799142,0.6240234375,0.8076171875,-0.0703125,Mouth open
1713972882.841423,0.6201171875,0.809326171875,-0.07373046875,Mouth open
1713972882.881111,0.62255859375,0.80859375,-0.071533203125,Mouth open
1713972882.921189,0.62060546875,0.8076171875,-0.0712890625,Mouth open
1713972882.95984,0.62109375,0.810302734375,-0.07080078125,Mouth open
1713972882.999737,0.619384765625,0.80712890625,-0.07177734375,Mouth open
1713972883.045104,0.62255859375,0.809326171875,-0.073974609375,Mouth open
1713972883.081169,0.622314453125,0.808837890625,-0.0703125,Mouth open
1713972883.120626,0.62451171875,0.807861328125,-0.07373046875,Mouth open
1713972883.16202,0.619873046875,0.806640625,-0.074462890625,Mouth open
1713972883.198624,0.62158203125,0.806640625,-0.072509765625,Mouth open
1713972883.237803,0.61865234375,0.80615234375,-0.076171875,Mouth open
1713972883.279515,0.61962890625,0.80908203125,-0.076171875,Mouth open
1713972883.32173,0.6181640625,0.806884765625,-0.077880859375,Mouth open
1713972883.359435,0.618896484375,0.80615234375,-0.076416015625,Mouth open
1713972883.399768,0.620361328125,0.806640625,-0.0693359375,Mouth open
1713972883.439595,0.6220703125,0.808837890625,-0.073974609375,Mouth open
1713972883.484627,0.6181640625,0.811279296875,-0.069580078125,Mouth open
1713972883.523505,0.617431640625,0.8056640625,-0.076171875,Mouth open
1713972883.560988,0.621337890625,0.8076171875,-0.06884765625,Mouth open
1713972883.603759,0.625,0.80615234375,-0.076416015625,Mouth open
1713972883.643997,0.620849609375,0.807373046875,-0.07421875,Mouth open
1713972883.686766,0.6240234375,0.806884765625,-0.072998046875,Mouth open
1713972883.7229,0.6201171875,0.806396484375,-0.075439453125,Mouth open
1713972883.772855,0.6181640625,0.806640625,-0.081787109375,Mouth open
1713972883.801643,0.619140625,0.810302734375,-0.076171875,Mouth open
1713972883.841809,0.619384765625,0.803955078125,-0.08056640625,Mouth open
1713972883.881221,0.6201171875,0.80615234375,-0.078857421875,Mouth open
1713972883.927751,0.6181640625,0.806884765625,-0.07568359375,Mouth open
1713972883.960889,0.62646484375,0.806640625,-0.07861328125,Mouth open
1713972884.009421,0.625,0.8076171875,-0.076416015625,Mouth open
1713972884.047843,0.6240234375,0.812255859375,-0.076416015625,Mouth open
1713972884.083491,0.6181640625,0.806640625,-0.072509765625,Mouth open
1713972884.125224,0.619873046875,0.803955078125,-0.076416015625,Mouth open
1713972884.165698,0.622802734375,0.805419921875,-0.072998046875,Mouth open
1713972884.203675,0.6181640625,0.8076171875,-0.07470703125,Mouth open
1713972884.243596,0.619384765625,0.802734375,-0.0751953125,Mouth open
1713972884.283393,0.621826171875,0.807861328125,-0.071533203125,Mouth open
1713972884.323271,0.6240234375,0.81005859375,-0.068115234375,Mouth open
1713972884.363794,0.622314453125,0.809326171875,-0.072265625,Mouth open
1713972884.405418,0.619384765625,0.811279296875,-0.073486328125,Mouth open
1713972884.449399,0.61767578125,0.80908203125,-0.078125,Mouth open
1713972884.487231,0.61669921875,0.8076171875,-0.078125,Mouth open
1713972884.524402,0.618408203125,0.804443359375,-0.0771484375,Mouth open
1713972884.561216,0.619384765625,0.808349609375,-0.07958984375,Mouth open
1713972884.603591,0.623291015625,0.80517578125,-0.07275390625,Mouth open
1713972884.642792,0.61572265625,0.81005859375,-0.073486328125,Mouth open
1713972884.6817,0.623291015625,0.811279296875,-0.0693359375,Mouth open
1713972884.724404,0.618408203125,0.806884765625,-0.077392578125,Mouth open
1713972884.763586,0.61865234375,0.807373046875,-0.074951171875,Mouth open
1713972884.803477,0.618408203125,0.810791015625,-0.07568359375,Mouth open
1713972884.843642,0.62158203125,0.809326171875,-0.07763671875,Mouth open
1713972884.885336,0.6162109375,0.810302734375,-0.0732421875,Mouth open
1713972884.924845,0.619384765625,0.810791015625,-0.0712890625,Mouth open
1713972884.96943,0.618408203125,0.809326171875,-0.069580078125,Mouth open
1713972885.004969,0.6220703125,0.80859375,-0.073974609375,Mouth open
1713972885.045973,0.62060546875,0.810546875,-0.074462890625,Mouth open
1713972885.084621,0.618896484375,0.8076171875,-0.0703125,Mouth open
1713972885.124573,0.61865234375,0.81005859375,-0.073486328125,Mouth open
1713972885.166051,0.616943359375,0.81201171875,-0.0732421875,Mouth open
1713972885.203503,0.6201171875,0.80615234375,-0.07177734375,Mouth open
1713972885.243816,0.621826171875,0.806884765625,-0.067626953125,Mouth open
1713972885.283787,0.624755859375,0.810302734375,-0.06787109375,Mouth open
1713972885.321677,0.6171875,0.807373046875,-0.070068359375,Mouth open
1713972885.363325,0.619140625,0.80859375,-0.0673828125,Mouth open
1713972885.402778,0.6181640625,0.81005859375,-0.070556640625,Mouth open
1713972885.44255,0.619140625,0.80517578125,-0.072021484375,Mouth open
1713972885.488899,0.615234375,0.8076171875,-0.071533203125,Mouth open
1713972885.525485,0.621337890625,0.809814453125,-0.070556640625,Mouth open
1713972885.566315,0.618896484375,0.81005859375,-0.07177734375,Mouth open
1713972885.605445,0.619384765625,0.81103515625,-0.072509765625,Mouth open
1713972885.644398,0.62109375,0.8095703125,-0.07275390625,Mouth open
1713972885.693939,0.6201171875,0.80810546875,-0.0751953125,Mouth open
1713972885.724668,0.61962890625,0.80419921875,-0.073486328125,Mouth open
1713972885.764839,0.6201171875,0.80908203125,-0.0732421875,Mouth open
1713972885.804496,0.625,0.810791015625,-0.069580078125,Mouth open
1713972885.844353,0.621826171875,0.805419921875,-0.07177734375,Mouth open
1713972885.883066,0.619873046875,0.810302734375,-0.067138671875,Mouth open
1713972885.923208,0.6201171875,0.81005859375,-0.07080078125,Mouth open
1713972885.962688,0.615478515625,0.8115234375,-0.072509765625,Mouth open
1713972886.005321,0.618408203125,0.81005859375,-0.071533203125,Mouth open
1713972886.046514,0.6162109375,0.81201171875,-0.069580078125,Mouth open
1713972886.083491,0.62255859375,0.8095703125,-0.0703125,Mouth open
1713972886.125374,0.616943359375,0.808349609375,-0.071044921875,Mouth open
1713972886.163542,0.62158203125,0.813720703125,-0.07275390625,Mouth open
1713972886.215242,0.616943359375,0.809326171875,-0.072509765625,Mouth open
1713972886.245762,0.61669921875,0.808349609375,-0.071533203125,Mouth open
1713972886.288398,0.618408203125,0.811767578125,-0.074951171875,Mouth open
1713972886.324616,0.615478515625,0.807861328125,-0.077880859375,Mouth open
1713972886.37433,0.617919921875,0.809326171875,-0.07470703125,Mouth open
1713972886.411501,0.615478515625,0.80908203125,-0.076171875,Mouth open
1713972886.453834,0.620849609375,0.80615234375,-0.08056640625,Mouth open
1713972886.489889,0.619140625,0.80615234375,-0.073974609375,Mouth open
1713972886.533509,0.6220703125,0.811767578125,-0.07470703125,Mouth open
1713972886.563771,0.62158203125,0.80908203125,-0.07666015625,Mouth open
1713972886.60456,0.616455078125,0.807373046875,-0.07177734375,Mouth open
1713972886.652581,0.619140625,0.81005859375,-0.073974609375,Mouth open
1713972886.68475,0.6201171875,0.80615234375,-0.072509765625,Mouth open
1713972886.730174,0.622314453125,0.807373046875,-0.07568359375,Mouth open
1713972886.768017,0.619140625,0.8046875,-0.07421875,Mouth open
1713972886.808302,0.624755859375,0.80810546875,-0.071533203125,Mouth open
1713972886.847389,0.62060546875,0.808837890625,-0.0771484375,Mouth open
1713972886.885448,0.620361328125,0.809814453125,-0.07958984375,Mouth open
1713972886.931104,0.621337890625,0.80810546875,-0.077392578125,Mouth open
1713972886.967612,0.617919921875,0.80859375,-0.07861328125,Mouth open
1713972887.006393,0.62255859375,0.8076171875,-0.07470703125,Mouth open
1713972887.046485,0.622314453125,0.8076171875,-0.07763671875,Mouth open
1713972887.097096,0.616455078125,0.8056640625,-0.080810546875,Mouth open
1713972887.133643,0.62158203125,0.809326171875,-0.0791015625,Mouth open
1713972887.172273,0.61962890625,0.809326171875,-0.084228515625,Mouth open
1713972887.210468,0.61328125,0.8056640625,-0.078857421875,Mouth open
1713972887.250402,0.62060546875,0.80859375,-0.0791015625,Mouth open
1713972887.288059,0.618408203125,0.80712890625,-0.0849609375,Mouth open
1713972887.327686,0.6259765625,0.807373046875,-0.0830078125,Mouth open
1713972887.366972,0.616943359375,0.80517578125,-0.081787109375,Mouth open
1713972887.40723,0.626953125,0.805419921875,-0.083740234375,Mouth open
1713972887.44758,0.617431640625,0.80712890625,-0.08154296875,Mouth open
1713972887.488659,0.61865234375,0.806884765625,-0.08740234375,Mouth open
1713972887.528542,0.620361328125,0.806640625,-0.0849609375,Mouth open
1713972887.568498,0.617919921875,0.80712890625,-0.088623046875,Mouth open
1713972887.610073,0.61962890625,0.804443359375,-0.0849609375,Mouth open
1713972887.648098,0.619873046875,0.80615234375,-0.08251953125,Mouth open
1713972887.688735,0.621826171875,0.80810546875,-0.08349609375,Mouth open
1713972887.731798,0.62109375,0.80712890625,-0.081298828125,Mouth open
1713972887.768683,0.62255859375,0.81201171875,-0.078369140625,Mouth open
1713972887.807947,0.616455078125,0.80810546875,-0.077392578125,Mouth open
1713972887.846566,0.618408203125,0.807861328125,-0.08056640625,Mouth open
1713972887.887415,0.61669921875,0.806640625,-0.076904296875,Mouth open
1713972887.927698,0.6181640625,0.808349609375,-0.078125,Mouth open
1713972887.96643,0.6171875,0.806884765625,-0.080810546875,Mouth open
1713972888.008011,0.620849609375,0.810791015625,-0.077392578125,Mouth closed
1713972888.048153,0.621826171875,0.810302734375,-0.07373046875,Mouth closed
1713972888.087759,0.617919921875,0.806640625,-0.083251953125,Mouth closed
1713972888.128815,0.61865234375,0.810546875,-0.0791015625,Mouth closed
1713972888.168533,0.619384765625,0.80859375,-0.07666015625,Mouth closed
1713972888.209084,0.618896484375,0.807861328125,-0.07861328125,Mouth closed
1713972888.248659,0.619140625,0.808837890625,-0.080810546875,Mouth closed
1713972888.288453,0.6171875,0.8115234375,-0.079345703125,Mouth closed
1713972888.329832,0.618896484375,0.802734375,-0.074462890625,Mouth closed
1713972888.376061,0.62158203125,0.807373046875,-0.073974609375,Mouth closed
1713972888.415846,0.623046875,0.807861328125,-0.081298828125,Mouth closed
1713972888.452853,0.6171875,0.807861328125,-0.077880859375,Mouth closed
1713972888.488431,0.620361328125,0.809814453125,-0.078369140625,Mouth closed
1713972888.529992,0.61767578125,0.8115234375,-0.075439453125,Mouth closed
1713972888.568694,0.619140625,0.80859375,-0.074951171875,Mouth closed
1713972888.618301,0.615234375,0.806884765625,-0.075439453125,Mouth closed
1713972888.648535,0.62109375,0.810791015625,-0.0810546875,Mouth closed
1713972888.689912,0.617919921875,0.8095703125,-0.075439453125,Mouth closed
1713972888.73717,0.619384765625,0.808349609375,-0.078369140625,Mouth closed
1713972888.771794,0.61572265625,0.809326171875,-0.079345703125,Mouth closed
1713972888.819454,0.62060546875,0.80810546875,-0.077392578125,Mouth closed
1713972888.858275,0.61865234375,0.806640625,-0.08056640625,Mouth closed
1713972888.899085,0.617431640625,0.807861328125,-0.0712890625,Mouth closed
1713972888.935713,0.61865234375,0.8076171875,-0.0791015625,Mouth closed
1713972888.970451,0.622802734375,0.8095703125,-0.0771484375,Mouth closed
1713972889.023247,0.6162109375,0.808349609375,-0.07373046875,Mouth closed
1713972889.051729,0.6201171875,0.810302734375,-0.074951171875,Mouth closed
1713972889.09401,0.61865234375,0.810302734375,-0.077880859375,Mouth closed
1713972889.132668,0.61865234375,0.80810546875,-0.076904296875,Mouth closed
1713972889.171274,0.61572265625,0.810546875,-0.075927734375,Mouth closed
1713972889.211598,0.61669921875,0.81005859375,-0.07373046875,Mouth closed
1713972889.251059,0.623046875,0.809326171875,-0.07373046875,Mouth closed
1713972889.289857,0.619873046875,0.806884765625,-0.076416015625,Mouth closed
1713972889.331325,0.621826171875,0.806640625,-0.078857421875,Mouth closed
1713972889.369485,0.62060546875,0.806640625,-0.076171875,Mouth closed
1713972889.41296,0.62744140625,0.807373046875,-0.074462890625,Mouth closed
1713972889.451125,0.616943359375,0.80859375,-0.085205078125,Mouth closed
1713972889.492624,0.611328125,0.806640625,-0.09033203125,Mouth closed
1713972889.53123,0.621337890625,0.811279296875,-0.07958984375,Mouth closed
1713972889.572802,0.605712890625,0.81201171875,-0.0908203125,Mouth closed
1713972889.611681,0.634033203125,0.832275390625,-0.07666015625,Mouth closed
1713972889.651591,0.603759765625,0.81640625,-0.08203125,Mouth closed
1713972889.691609,0.60888671875,0.8203125,-0.08935546875,Mouth closed
1713972889.730528,0.61376953125,0.82666015625,-0.074951171875,Mouth closed
1713972889.77188,0.6025390625,0.821533203125,-0.0791015625,Mouth closed
1713972889.810403,0.60009765625,0.81787109375,-0.07861328125,Mouth closed
1713972889.854144,0.607421875,0.818115234375,-0.08056640625,Mouth closed
1713972889.889554,0.601318359375,0.819580078125,-0.079345703125,Mouth closed
1713972889.932492,0.603515625,0.818603515625,-0.08203125,Mouth closed
1713972889.971345,0.606689453125,0.820068359375,-0.082275390625,Mouth closed
1713972890.013251,0.60986328125,0.820556640625,-0.08349609375,Mouth closed
1713972890.051199,0.60546875,0.818359375,-0.083251953125,Mouth closed
1713972890.090391,0.607177734375,0.81689453125,-0.0859375,Mouth closed
1713972890.130671,0.606689453125,0.815185546875,-0.090576171875,Mouth closed
1713972890.1743,0.604736328125,0.81494140625,-0.092529296875,Mouth closed
1713972890.211444,0.608154296875,0.81591796875,-0.09228515625,Mouth closed
1713972890.252039,0.603759765625,0.814453125,-0.090576171875,Mouth closed
1713972890.291541,0.605712890625,0.81494140625,-0.087646484375,Mouth closed
1713972890.333223,0.606689453125,0.8154296875,-0.094970703125,Mouth closed
1713972890.371712,0.614990234375,0.81884765625,-0.08984375,Mouth closed
1713972890.413825,0.6044921875,0.819091796875,-0.087890625,Mouth closed
1713972890.453032,0.605224609375,0.815185546875,-0.089599609375,Mouth closed
1713972890.489851,0.606201171875,0.817138671875,-0.089599609375,Mouth closed
1713972890.530586,0.602294921875,0.814453125,-0.090087890625,Mouth closed
1713972890.57069,0.60546875,0.81591796875,-0.090576171875,Mouth closed
1713972890.615436,0.61181640625,0.81982421875,-0.088623046875,Mouth closed
1713972890.652782,0.60693359375,0.812744140625,-0.09228515625,Mouth closed
1713972890.693096,0.607177734375,0.814697265625,-0.09228515625,Mouth closed
1713972890.733682,0.60693359375,0.814697265625,-0.090087890625,Mouth closed
1713972890.784349,0.607177734375,0.813232421875,-0.0947265625,Mouth closed
1713972890.812367,0.60888671875,0.813720703125,-0.0986328125,Mouth closed
1713972890.856826,0.605224609375,0.814453125,-0.0927734375,Mouth closed
1713972890.89932,0.611083984375,0.8173828125,-0.09521484375,Mouth closed
1713972890.937875,0.609130859375,0.813720703125,-0.0947265625,Mouth closed
1713972890.974012,0.610107421875,0.817626953125,-0.089111328125,Mouth closed
1713972891.017483,0.60888671875,0.816162109375,-0.090576171875,Mouth closed
1713972891.056185,0.605224609375,0.816650390625,-0.0888671875,Mouth closed
1713972891.097149,0.605712890625,0.81689453125,-0.0908203125,Mouth closed
1713972891.130304,0.60791015625,0.81591796875,-0.08984375,Mouth closed
1713972891.170358,0.610595703125,0.81689453125,-0.089599609375,Mouth closed
1713972891.216609,0.60498046875,0.81640625,-0.08740234375,Mouth closed
1713972891.255172,0.611083984375,0.815673828125,-0.091064453125,Mouth closed
1713972891.292668,0.609130859375,0.817138671875,-0.08935546875,Mouth closed
1713972891.333406,0.6064453125,0.818603515625,-0.090087890625,Mouth closed
1713972891.374314,0.607421875,0.816162109375,-0.08837890625,Mouth closed
1713972891.418485,0.60498046875,0.8115234375,-0.090576171875,Mouth closed
1713972891.453543,0.60546875,0.814208984375,-0.091064453125,Mouth closed
1713972891.499285,0.60595703125,0.816650390625,-0.089599609375,Mouth closed
1713972891.533892,0.609619140625,0.814697265625,-0.091552734375,Mouth closed
1713972891.576386,0.60693359375,0.814453125,-0.08837890625,Mouth closed
1713972891.613427,0.61083984375,0.8154296875,-0.087158203125,Mouth closed
1713972891.661178,0.60595703125,0.813720703125,-0.0869140625,Mouth closed
1713972891.697951,0.60400390625,0.813232421875,-0.087890625,Mouth closed
1713972891.733473,0.607177734375,0.816162109375,-0.0859375,Mouth closed
1713972891.778581,0.607666015625,0.8173828125,-0.090087890625,Mouth closed
1713972891.818452,0.6044921875,0.813720703125,-0.08935546875,Mouth closed
1713972891.857001,0.607177734375,0.8154296875,-0.091552734375,Mouth closed
1713972891.897346,0.609375,0.815185546875,-0.08837890625,Mouth closed
1713972891.935006,0.609375,0.8154296875,-0.091064453125,Mouth closed
1713972891.974404,0.6083984375,0.81591796875,-0.087890625,Mouth closed
1713972892.014129,0.609375,0.813232421875,-0.08740234375,Mouth closed
1713972892.053646,0.608154296875,0.81591796875,-0.090576171875,Mouth closed
1713972892.094558,0.608154296875,0.81494140625,-0.09228515625,Mouth closed
1713972892.1352,0.609130859375,0.817626953125,-0.09033203125,Mouth closed
1713972892.175256,0.609375,0.81298828125,-0.08935546875,Mouth closed
1713972892.214603,0.61181640625,0.818603515625,-0.084228515625,Mouth closed
1713972892.258491,0.60595703125,0.822265625,-0.083984375,Mouth closed
1713972892.297778,0.606201171875,0.817138671875,-0.0859375,Mouth closed
1713972892.335602,0.60693359375,0.8134765625,-0.087890625,Mouth closed
1713972892.377226,0.606201171875,0.817626953125,-0.0869140625,Mouth closed
1713972892.414592,0.609130859375,0.815673828125,-0.09130859375,Mouth closed
1713972892.453983,0.60888671875,0.81201171875,-0.091552734375,Mouth closed
1713972892.493513,0.609375,0.814453125,-0.08837890625,Mouth closed
1713972892.535007,0.609619140625,0.814453125,-0.092041015625,Mouth closed
1713972892.573463,0.60693359375,0.814697265625,-0.091552734375,Mouth closed
1713972892.614504,0.6083984375,0.8125,-0.091796875,Mouth closed
1713972892.654715,0.6083984375,0.814208984375,-0.09033203125,Mouth closed
1713972892.697449,0.605224609375,0.817138671875,-0.091064453125,Mouth closed
1713972892.734702,0.60400390625,0.817138671875,-0.08935546875,Mouth closed
1713972892.774599,0.60888671875,0.81396484375,-0.08837890625,Mouth closed
1713972892.81488,0.608154296875,0.814208984375,-0.0869140625,Mouth closed
1713972892.855609,0.612060546875,0.818115234375,-0.08544921875,Mouth closed
1713972892.895443,0.608154296875,0.813232421875,-0.083984375,Mouth closed
1713972892.935725,0.609130859375,0.812255859375,-0.08837890625,Mouth closed
1713972892.981651,0.6123046875,0.8134765625,-0.088623046875,Mouth closed
1713972893.018177,0.6103515625,0.811767578125,-0.090087890625,Mouth closed
1713972893.058797,0.60888671875,0.809814453125,-0.09033203125,Mouth closed
1713972893.095991,0.613037109375,0.814697265625,-0.092041015625,Mouth closed
1713972893.137435,0.61376953125,0.81298828125,-0.09033203125,Mouth closed
1713972893.174408,0.609619140625,0.8115234375,-0.09326171875,Mouth closed
1713972893.215309,0.610595703125,0.81201171875,-0.093505859375,Mouth closed
1713972893.255082,0.610107421875,0.8115234375,-0.093505859375,Mouth closed
1713972893.309462,0.610595703125,0.812255859375,-0.09375,Mouth closed
1713972893.338658,0.608642578125,0.813720703125,-0.092041015625,Mouth closed
1713972893.389366,0.60986328125,0.81298828125,-0.089111328125,Mouth closed
1713972893.417726,0.614013671875,0.81201171875,-0.09130859375,Mouth closed
1713972893.467307,0.615478515625,0.81884765625,-0.091552734375,Mouth closed
1713972893.496584,0.60595703125,0.8134765625,-0.087890625,Mouth closed
1713972893.545364,0.6083984375,0.810791015625,-0.092041015625,Mouth closed
1713972893.578942,0.608154296875,0.813232421875,-0.092529296875,Mouth closed
1713972893.619635,0.6083984375,0.8134765625,-0.08935546875,Mouth closed
1713972893.657965,0.607177734375,0.811767578125,-0.092529296875,Mouth closed
1713972893.697072,0.611572265625,0.813720703125,-0.090087890625,Mouth closed
1713972893.73775,0.611083984375,0.8134765625,-0.089599609375,Mouth closed
1713972893.773685,0.607177734375,0.814208984375,-0.09228515625,Mouth closed
1713972893.814131,0.613525390625,0.81787109375,-0.09521484375,Mouth closed
1713972893.865419,0.609619140625,0.813232421875,-0.092529296875,Mouth closed
1713972893.894467,0.6083984375,0.818603515625,-0.092529296875,Mouth closed
1713972893.93956,0.606689453125,0.814697265625,-0.091796875,Mouth closed
1713972893.981674,0.612548828125,0.81494140625,-0.0888671875,Mouth closed
1713972894.020599,0.60986328125,0.81494140625,-0.083984375,Mouth closed
1713972894.060896,0.609375,0.81689453125,-0.086669921875,Mouth closed
1713972894.098576,0.607421875,0.81201171875,-0.0869140625,Mouth closed
1713972894.138007,0.6103515625,0.8173828125,-0.08544921875,Mouth closed
1713972894.177766,0.608154296875,0.8173828125,-0.08544921875,Mouth closed
1713972894.21686,0.608154296875,0.8154296875,-0.086181640625,Mouth closed
1713972894.25635,0.603759765625,0.81201171875,-0.0869140625,Mouth closed
1713972894.297231,0.609619140625,0.81591796875,-0.088623046875,Mouth closed
1713972894.335473,0.60888671875,0.814697265625,-0.0908203125,Mouth closed
1713972894.376929,0.609375,0.814208984375,-0.087158203125,Mouth closed
1713972894.414505,0.60888671875,0.8134765625,-0.0888671875,Mouth closed
1713972894.454632,0.60546875,0.81494140625,-0.08935546875,Mouth closed
1713972894.495641,0.607421875,0.81591796875,-0.09228515625,Mouth closed
1713972894.535348,0.60791015625,0.814453125,-0.090576171875,Mouth closed
1713972894.575293,0.610595703125,0.81396484375,-0.087890625,Mouth closed
1713972894.618114,0.60595703125,0.815185546875,-0.088623046875,Mouth closed
1713972894.659604,0.6123046875,0.81689453125,-0.082763671875,Mouth closed
1713972894.696822,0.608154296875,0.815673828125,-0.084228515625,Mouth closed
1713972894.737727,0.608642578125,0.815673828125,-0.087158203125,Mouth closed
1713972894.779001,0.607666015625,0.8173828125,-0.085205078125,Mouth closed
1713972894.820553,0.60498046875,0.81591796875,-0.08349609375,Mouth closed
1713972894.858437,0.605224609375,0.814453125,-0.086181640625,Mouth closed
1713972894.898208,0.607666015625,0.81591796875,-0.08642578125,Mouth closed
1713972894.938798,0.612060546875,0.818603515625,-0.084228515625,Mouth closed
1713972894.981246,0.6083984375,0.8154296875,-0.085205078125,Mouth closed
1713972895.016547,0.609130859375,0.816162109375,-0.0869140625,Mouth closed
1713972895.059334,0.609130859375,0.816162109375,-0.087890625,Mouth closed
1713972895.096579,0.605712890625,0.81591796875,-0.0869140625,Mouth closed
1713972895.136883,0.610107421875,0.817626953125,-0.084716796875,Mouth closed
1713972895.179385,0.611572265625,0.81689453125,-0.0859375,Mouth closed
1713972895.216463,0.61181640625,0.813232421875,-0.089111328125,Mouth closed
1713972895.257684,0.60791015625,0.815673828125,-0.081787109375,Mouth closed
1713972895.298102,0.608642578125,0.814208984375,-0.084716796875,Mouth closed
1713972895.337352,0.60791015625,0.815185546875,-0.084716796875,Mouth closed
1713972895.378474,0.60595703125,0.8134765625,-0.08349609375,Mouth closed
1713972895.424282,0.6083984375,0.818115234375,-0.085693359375,Mouth closed
1713972895.461605,0.609619140625,0.817626953125,-0.087646484375,Mouth closed
1713972895.502661,0.606201171875,0.814453125,-0.085205078125,Mouth closed
1713972895.54079,0.61328125,0.816650390625,-0.089599609375,Mouth closed
1713972895.579413,0.60986328125,0.81640625,-0.087158203125,Mouth closed
1713972895.620149,0.609619140625,0.8095703125,-0.089599609375,Mouth closed
1713972895.671405,0.609375,0.81201171875,-0.085693359375,Mouth closed
1713972895.700689,0.611572265625,0.81201171875,-0.087646484375,Mouth closed
1713972895.747518,0.611572265625,0.8125,-0.0869140625,Mouth closed
1713972895.778251,0.610595703125,0.815673828125,-0.084228515625,Mouth closed
1713972895.830197,0.6142578125,0.81884765625,-0.0849609375,Mouth closed
1713972895.85854,0.6103515625,0.812744140625,-0.082763671875,Mouth closed
1713972895.907711,0.60791015625,0.814697265625,-0.077392578125,Mouth closed
1713972895.947804,0.6103515625,0.820068359375,-0.084228515625,Mouth closed
1713972895.986515,0.605224609375,0.81396484375,-0.087646484375,Mouth closed
1713972896.025442,0.607421875,0.817138671875,-0.08447265625,Mouth closed
1713972896.063217,0.6103515625,0.821533203125,-0.080810546875,Mouth closed
1713972896.103345,0.61376953125,0.814697265625,-0.086669921875,Mouth closed
1713972896.140712,0.6083984375,0.81103515625,-0.08203125,Mouth closed
1713972896.180709,0.614990234375,0.813232421875,-0.086669921875,Mouth closed
1713972896.230162,0.611083984375,0.81298828125,-0.085693359375,Mouth closed
1713972896.266898,0.612060546875,0.81298828125,-0.08544921875,Mouth closed
1713972896.307346,0.6123046875,0.815185546875,-0.092041015625,Mouth closed
1713972896.34676,0.607666015625,0.811767578125,-0.091064453125,Mouth closed
1713972896.381476,0.6103515625,0.811279296875,-0.091552734375,Mouth closed
1713972896.417255,0.6103515625,0.814453125,-0.08935546875,Mouth closed
1713972896.462228,0.61083984375,0.8134765625,-0.087890625,Mouth closed
1713972896.503811,0.612060546875,0.814697265625,-0.087646484375,Mouth closed
1713972896.540863,0.61669921875,0.818115234375,-0.084716796875,Mouth closed
1713972896.585119,0.60888671875,0.8125,-0.08837890625,Mouth closed
1713972896.623741,0.6103515625,0.81298828125,-0.08447265625,Mouth closed
1713972896.662284,0.610595703125,0.81689453125,-0.086181640625,Mouth closed
1713972896.701777,0.609375,0.81298828125,-0.082763671875,Mouth closed
1713972896.73993,0.606689453125,0.813720703125,-0.085205078125,Mouth closed
1713972896.779381,0.615234375,0.81396484375,-0.0849609375,Mouth closed
1713972896.821363,0.612548828125,0.81298828125,-0.086669921875,Mouth closed
1713972896.860628,0.610595703125,0.81494140625,-0.0859375,Mouth closed
1713972896.90058,0.6103515625,0.81640625,-0.087158203125,Mouth closed
1713972896.940357,0.6103515625,0.813232421875,-0.087158203125,Mouth closed
1713972896.979237,0.61083984375,0.81396484375,-0.0859375,Mouth closed
1713972897.019304,0.60595703125,0.810546875,-0.0859375,Mouth closed
1713972897.061379,0.60986328125,0.813720703125,-0.087646484375,Mouth closed
1713972897.10128,0.611083984375,0.812255859375,-0.08544921875,Mouth closed
1713972897.140308,0.61669921875,0.8173828125,-0.087158203125,Mouth closed
1713972897.181293,0.608154296875,0.812744140625,-0.086669921875,Mouth closed
1713972897.220534,0.60791015625,0.81494140625,-0.086669921875,Mouth closed
1713972897.261619,0.607421875,0.8134765625,-0.0888671875,Mouth closed
1713972897.301246,0.60986328125,0.81494140625,-0.088134765625,Mouth closed
1713972897.344541,0.60546875,0.815185546875,-0.087646484375,Mouth closed
1713972897.386816,0.612548828125,0.814208984375,-0.086181640625,Mouth closed
1713972897.425374,0.61279296875,0.81494140625,-0.087646484375,Mouth closed
1713972897.466078,0.609375,0.8154296875,-0.085693359375,Mouth closed
1713972897.502508,0.61279296875,0.8154296875,-0.086181640625,Mouth closed
1713972897.544391,0.6103515625,0.81298828125,-0.085693359375,Mouth closed
1713972897.583613,0.60986328125,0.814697265625,-0.086181640625,Mouth closed
1713972897.623439,0.60595703125,0.813232421875,-0.088623046875,Mouth closed
1713972897.661841,0.6123046875,0.81494140625,-0.087890625,Mouth closed
1713972897.701659,0.60791015625,0.813232421875,-0.08447265625,Mouth closed
1713972897.740468,0.610595703125,0.816162109375,-0.083984375,Mouth closed
1713972897.780535,0.6103515625,0.816162109375,-0.082763671875,Mouth closed
1713972897.822153,0.60986328125,0.8154296875,-0.082275390625,Mouth closed
1713972897.86232,0.610107421875,0.816162109375,-0.08642578125,Mouth closed
1713972897.903562,0.611328125,0.81640625,-0.08056640625,Mouth closed
1713972897.943808,0.608154296875,0.81640625,-0.08642578125,Mouth closed
1713972897.982384,0.610107421875,0.814697265625,-0.084716796875,Mouth closed
1713972898.023568,0.611083984375,0.81884765625,-0.08349609375,Mouth closed
1713972898.063998,0.6103515625,0.812255859375,-0.082275390625,Mouth closed
1713972898.103324,0.610595703125,0.817138671875,-0.0849609375,Mouth closed
1713972898.145724,0.61279296875,0.813720703125,-0.08642578125,Mouth closed
1713972898.184555,0.609130859375,0.815185546875,-0.085693359375,Mouth closed
1713972898.224659,0.60791015625,0.815185546875,-0.083984375,Mouth closed
1713972898.263902,0.613525390625,0.818603515625,-0.08544921875,Mouth closed
1713972898.303356,0.60888671875,0.814453125,-0.085693359375,Mouth closed
1713972898.342546,0.611572265625,0.8154296875,-0.079833984375,Mouth closed
1713972898.382438,0.610107421875,0.819091796875,-0.08447265625,Mouth closed
1713972898.422611,0.6083984375,0.817626953125,-0.08203125,Mouth closed
1713972898.465028,0.6083984375,0.815185546875,-0.08349609375,Mouth closed
1713972898.502902,0.609619140625,0.8173828125,-0.079345703125,Mouth closed
1713972898.542294,0.6103515625,0.81689453125,-0.085205078125,Mouth closed
1713972898.583694,0.609375,0.81640625,-0.082763671875,Mouth closed
1713972898.623664,0.611572265625,0.814697265625,-0.084228515625,Mouth closed
1713972898.664705,0.6083984375,0.815673828125,-0.082275390625,Mouth closed
1713972898.708652,0.609130859375,0.81640625,-0.085693359375,Mouth closed
1713972898.744376,0.61083984375,0.813720703125,-0.087646484375,Mouth closed
1713972898.795712,0.60791015625,0.81494140625,-0.08740234375,Mouth closed
1713972898.827214,0.60986328125,0.81640625,-0.0830078125,Mouth closed
1713972898.868629,0.609619140625,0.816650390625,-0.08447265625,Mouth closed
1713972898.907825,0.608642578125,0.81640625,-0.081298828125,Mouth closed
1713972898.948411,0.603271484375,0.812255859375,-0.0830078125,Mouth closed
1713972898.987528,0.61328125,0.8173828125,-0.08203125,Mouth closed
1713972899.028699,0.610107421875,0.81787109375,-0.08447265625,Mouth closed
1713972899.067702,0.60693359375,0.81640625,-0.083740234375,Mouth closed
1713972899.109994,0.609619140625,0.813720703125,-0.08154296875,Mouth closed
1713972899.14943,0.61083984375,0.81689453125,-0.08203125,Mouth closed
1713972899.191037,0.609375,0.812255859375,-0.08056640625,Mouth closed
1713972899.228965,0.612548828125,0.81591796875,-0.083740234375,Mouth closed
1713972899.266129,0.6123046875,0.816650390625,-0.08056640625,Mouth closed
1713972899.309699,0.609619140625,0.81201171875,-0.07958984375,Mouth closed
1713972899.351012,0.61181640625,0.815673828125,-0.079833984375,Mouth closed
1713972899.390141,0.609375,0.81298828125,-0.083984375,Mouth closed
1713972899.430892,0.60986328125,0.81298828125,-0.084716796875,Mouth closed
1713972899.471535,0.6103515625,0.81298828125,-0.084228515625,Mouth closed
1713972899.514702,0.61572265625,0.81884765625,-0.08251953125,Mouth closed
1713972899.546149,0.6103515625,0.8115234375,-0.085205078125,Mouth closed
1713972899.597326,0.60888671875,0.817138671875,-0.08203125,Mouth closed
1713972899.627343,0.611572265625,0.8173828125,-0.081298828125,Mouth closed
1713972899.671181,0.608642578125,0.812744140625,-0.081298828125,Mouth closed
1713972899.704488,0.607421875,0.813232421875,-0.082275390625,Mouth closed
1713972899.744934,0.611083984375,0.815185546875,-0.08056640625,Mouth closed
1713972899.787157,0.613525390625,0.812255859375,-0.08251953125,Mouth closed
1713972899.839821,0.61181640625,0.813232421875,-0.082275390625,Mouth closed
1713972899.866408,0.6142578125,0.81640625,-0.08203125,Mouth closed
1713972899.908408,0.609375,0.815185546875,-0.08349609375,Mouth closed
1713972899.946754,0.6103515625,0.815185546875,-0.0859375,Mouth closed
1713972899.9881,0.609375,0.813232421875,-0.085205078125,Mouth closed
1713972900.027301,0.61328125,0.81298828125,-0.08544921875,Mouth closed
1713972900.068413,0.610595703125,0.810546875,-0.084228515625,Mouth closed
1713972900.107388,0.61376953125,0.814453125,-0.083740234375,Mouth closed
1713972900.147215,0.608154296875,0.811279296875,-0.083251953125,Mouth closed
1713972900.187566,0.61328125,0.81591796875,-0.079345703125,Mouth closed
1713972900.22737,0.611572265625,0.814453125,-0.080078125,Mouth closed
1713972900.266367,0.607666015625,0.812255859375,-0.0810546875,Mouth closed
1713972900.305394,0.61328125,0.8125,-0.0810546875,Mouth closed
1713972900.345141,0.61083984375,0.81201171875,-0.07861328125,Mouth closed
1713972900.389327,0.6162109375,0.8115234375,-0.083740234375,Mouth closed
1713972900.42568,0.610595703125,0.81396484375,-0.078369140625,Mouth closed
1713972900.466802,0.61376953125,0.817138671875,-0.08056640625,Mouth closed
1713972900.505551,0.609375,0.815185546875,-0.080078125,Mouth closed
1713972900.561172,0.6123046875,0.8154296875,-0.084228515625,Mouth closed
1713972900.586586,0.610595703125,0.815673828125,-0.08447265625,Mouth closed
1713972900.639298,0.608642578125,0.813720703125,-0.086669921875,Mouth closed
1713972900.666805,0.610595703125,0.811767578125,-0.085205078125,Mouth closed
1713972900.718939,0.611083984375,0.8173828125,-0.0830078125,Mouth closed
1713972900.746697,0.6123046875,0.812255859375,-0.08349609375,Mouth closed
1713972900.795765,0.6103515625,0.8154296875,-0.081298828125,Mouth closed
1713972900.833919,0.611572265625,0.81591796875,-0.07763671875,Mouth closed
1713972900.874146,0.608642578125,0.8134765625,-0.076904296875,Mouth closed
1713972900.913271,0.609375,0.813720703125,-0.078369140625,Mouth closed
1713972900.945489,0.6083984375,0.816650390625,-0.08203125,Mouth closed
1713972900.99241,0.610595703125,0.81494140625,-0.080810546875,Mouth closed
1713972901.030463,0.609375,0.814697265625,-0.080322265625,Mouth closed
1713972901.068724,0.610595703125,0.820556640625,-0.080810546875,Mouth closed
1713972901.108185,0.61083984375,0.816650390625,-0.07861328125,Mouth closed
1713972901.14741,0.609375,0.81494140625,-0.080322265625,Mouth closed
1713972901.186178,0.609130859375,0.81494140625,-0.0830078125,Mouth closed
1713972901.227859,0.610107421875,0.81640625,-0.083251953125,Mouth closed
1713972901.270869,0.6083984375,0.814208984375,-0.0859375,Mouth closed
1713972901.308647,0.611328125,0.819580078125,-0.082763671875,Mouth closed
1713972901.348118,0.6123046875,0.816650390625,-0.08154296875,Mouth closed
1713972901.393153,0.610107421875,0.8154296875,-0.08056640625,Mouth closed
1713972901.432486,0.611572265625,0.815673828125,-0.082763671875,Mouth closed
1713972901.470547,0.60888671875,0.814208984375,-0.07958984375,Mouth closed
1713972901.507851,0.6083984375,0.81494140625,-0.080322265625,Mouth closed
1713972901.552233,0.607177734375,0.817626953125,-0.079833984375,Mouth closed
1713972901.594636,0.614501953125,0.818359375,-0.081787109375,Mouth closed
1713972901.632559,0.60791015625,0.815673828125,-0.078857421875,Mouth closed
1713972901.672233,0.61083984375,0.818359375,-0.080810546875,Mouth closed
1713972901.710281,0.608154296875,0.815673828125,-0.0830078125,Mouth closed
1713972901.749455,0.60791015625,0.815673828125,-0.0810546875,Mouth closed
1713972901.787701,0.608642578125,0.81689453125,-0.080322265625,Mouth closed
1713972901.828009,0.607421875,0.815673828125,-0.08203125,Mouth closed
1713972901.867103,0.6103515625,0.816650390625,-0.083251953125,Mouth closed
1713972901.9079,0.607666015625,0.81494140625,-0.08251953125,Mouth closed
1713972901.947638,0.609619140625,0.8154296875,-0.080322265625,Mouth closed
1713972901.987573,0.607421875,0.815673828125,-0.077880859375,Mouth closed
1713972902.027146,0.612060546875,0.8193359375,-0.078857421875,Mouth closed
1713972902.067178,0.60595703125,0.81494140625,-0.07958984375,Mouth closed
1713972902.108341,0.60888671875,0.815185546875,-0.07861328125,Mouth closed
1713972902.150314,0.608154296875,0.8173828125,-0.077392578125,Mouth closed
1713972902.187618,0.60888671875,0.816162109375,-0.080322265625,Mouth closed
1713972902.228989,0.604736328125,0.8134765625,-0.078125,Mouth closed
1713972902.264308,0.609619140625,0.818115234375,-0.080078125,Mouth closed
1713972902.307001,0.60888671875,0.81689453125,-0.079833984375,Mouth closed
1713972902.345162,0.605712890625,0.816650390625,-0.0771484375,Mouth closed
1713972902.385182,0.611328125,0.815673828125,-0.080810546875,Mouth closed
1713972902.427276,0.609130859375,0.81689453125,-0.080322265625,Mouth closed
1713972902.466565,0.60498046875,0.81640625,-0.083984375,Mouth closed
1713972902.506555,0.609130859375,0.81591796875,-0.078857421875,Mouth closed
1713972902.546199,0.60888671875,0.817138671875,-0.078125,Mouth closed
1713972902.586126,0.608642578125,0.814208984375,-0.078125,Mouth closed
1713972902.631452,0.609619140625,0.813720703125,-0.078125,Mouth closed
1713972902.673328,0.61083984375,0.81982421875,-0.07666015625,Mouth closed
1713972902.709712,0.60888671875,0.815185546875,-0.07763671875,Mouth closed
1713972902.74849,0.60498046875,0.816162109375,-0.078125,Mouth closed
1713972902.787155,0.608154296875,0.81640625,-0.077880859375,Mouth closed
1713972902.827159,0.610595703125,0.81884765625,-0.077880859375,Mouth closed
1713972902.866413,0.60693359375,0.81494140625,-0.080322265625,Mouth closed
1713972902.906075,0.613037109375,0.8154296875,-0.080322265625,Mouth closed
1713972902.946167,0.610595703125,0.81591796875,-0.0771484375,Mouth closed
1713972902.986302,0.610107421875,0.8154296875,-0.081787109375,Mouth closed
1713972903.026121,0.612548828125,0.815185546875,-0.08056640625,Mouth open
1713972903.070288,0.610107421875,0.8134765625,-0.08154296875,Mouth open
1713972903.107123,0.610107421875,0.815185546875,-0.07861328125,Mouth open
1713972903.147437,0.6083984375,0.813720703125,-0.080322265625,Mouth open
1713972903.188256,0.612548828125,0.81640625,-0.081787109375,Mouth open
1713972903.23549,0.609375,0.809814453125,-0.0810546875,Mouth open
1713972903.268373,0.609619140625,0.818603515625,-0.079833984375,Mouth open
1713972903.312869,0.610107421875,0.817626953125,-0.079833984375,Mouth open
1713972903.355693,0.60888671875,0.815185546875,-0.080322265625,Mouth open
1713972903.388199,0.609130859375,0.81494140625,-0.078369140625,Mouth open
1713972903.432799,0.612060546875,0.818115234375,-0.0791015625,Mouth open
1713972903.472093,0.60888671875,0.8134765625,-0.08349609375,Mouth open
1713972903.508511,0.611328125,0.8125,-0.078369140625,Mouth open
1713972903.550091,0.614013671875,0.817626953125,-0.0830078125,Mouth open
1713972903.587615,0.608642578125,0.811767578125,-0.080322265625,Mouth open
1713972903.628714,0.61279296875,0.814453125,-0.084716796875,Mouth open
1713972903.667361,0.610595703125,0.8125,-0.08447265625,Mouth open
1713972903.709248,0.611572265625,0.8125,-0.0849609375,Mouth open
1713972903.747677,0.60986328125,0.814453125,-0.08642578125,Mouth open
1713972903.800864,0.608154296875,0.815673828125,-0.086181640625,Mouth open
1713972903.829434,0.609375,0.81298828125,-0.08544921875,Mouth open
1713972903.880228,0.615234375,0.81640625,-0.078857421875,Mouth open
1713972903.908117,0.61328125,0.8173828125,-0.078857421875,Mouth open
1713972903.95904,0.60693359375,0.812255859375,-0.077392578125,Mouth open
1713972903.988163,0.61083984375,0.8134765625,-0.080078125,Mouth open
1713972904.032554,0.611083984375,0.817626953125,-0.0791015625,Mouth open
1713972904.069951,0.60498046875,0.815673828125,-0.077392578125,Mouth open
1713972904.111216,0.6064453125,0.81640625,-0.078125,Mouth open
1713972904.147179,0.609375,0.8193359375,-0.08251953125,Mouth open
1713972904.188604,0.606689453125,0.81298828125,-0.080322265625,Mouth open
1713972904.226622,0.6103515625,0.814208984375,-0.080078125,Mouth open
1713972904.279828,0.614990234375,0.81494140625,-0.078125,Mouth open
1713972904.308268,0.61083984375,0.806884765625,-0.078125,Mouth open
1713972904.355293,0.6103515625,0.81005859375,-0.078125,Mouth open
1713972904.388176,0.61181640625,0.815185546875,-0.079833984375,Mouth open
1713972904.432846,0.60986328125,0.8173828125,-0.079345703125,Mouth open
1713972904.47475,0.607177734375,0.813232421875,-0.080322265625,Mouth open
1713972904.514096,0.61083984375,0.81884765625,-0.076416015625,Mouth open
1713972904.55213,0.61083984375,0.81640625,-0.07763671875,Mouth open
1713972904.592588,0.607421875,0.8154296875,-0.074951171875,Mouth open
1713972904.631685,0.607666015625,0.814697265625,-0.076171875,Mouth open
1713972904.674318,0.608642578125,0.8134765625,-0.075439453125,Mouth open
1713972904.712762,0.614990234375,0.818115234375,-0.0810546875,Mouth open
1713972904.752796,0.604248046875,0.815185546875,-0.0751953125,Mouth open
1713972904.791541,0.60986328125,0.816650390625,-0.077392578125,Mouth open
1713972904.831012,0.608642578125,0.818115234375,-0.07568359375,Mouth open
1713972904.87058,0.611328125,0.81689453125,-0.07958984375,Mouth open
1713972904.910643,0.60888671875,0.816162109375,-0.080322265625,Mouth open
1713972904.948543,0.609130859375,0.8125,-0.080322265625,Mouth open
1713972904.988115,0.637451171875,0.80322265625,-0.13232421875,Mouth open
1713972905.028478,0.61572265625,0.806884765625,-0.033447265625,Mouth open
1713972905.070235,0.622314453125,0.791259765625,-0.062255859375,Mouth open
1713972905.110502,0.63671875,0.80322265625,-0.058349609375,Mouth open
1713972905.150631,0.626708984375,0.806640625,-0.064208984375,Mouth open
1713972905.189193,0.634765625,0.800537109375,-0.07177734375,Mouth open
1713972905.229972,0.633056640625,0.797119140625,-0.0712890625,Mouth open
1713972905.270287,0.632568359375,0.79296875,-0.07470703125,Mouth open
1713972905.311406,0.64599609375,0.7958984375,-0.08056640625,Mouth open
1713972905.350636,0.639404296875,0.791259765625,-0.07373046875,Mouth open
1713972905.394823,0.645751953125,0.790771484375,-0.07373046875,Mouth open
1713972905.432158,0.6376953125,0.790771484375,-0.081787109375,Mouth open
1713972905.471316,0.63818359375,0.79150390625,-0.07666015625,Mouth open
1713972905.509156,0.63818359375,0.7958984375,-0.079345703125,Mouth open
1713972905.550131,0.638916015625,0.791748046875,-0.0751953125,Mouth open
1713972905.589325,0.63525390625,0.789794921875,-0.07958984375,Mouth open
1713972905.629353,0.639404296875,0.793701171875,-0.0751953125,Mouth open
1713972905.669721,0.63232421875,0.790771484375,-0.077392578125,Mouth open
1713972905.710941,0.638671875,0.797119140625,-0.07421875,Mouth open
1713972905.748979,0.638427734375,0.7939453125,-0.0771484375,Mouth open
1713972905.789018,0.632568359375,0.7978515625,-0.074951171875,Mouth open
1713972905.830132,0.6337890625,0.799072265625,-0.07470703125,Mouth open
1713972905.870096,0.6318359375,0.799072265625,-0.078857421875,Mouth open
1713972905.910812,0.630859375,0.80078125,-0.073486328125,Mouth open
1713972905.952115,0.630615234375,0.799560546875,-0.076904296875,Mouth open
1713972905.991182,0.633544921875,0.796630859375,-0.078857421875,Mouth open
1713972906.032174,0.6279296875,0.797119140625,-0.078125,Mouth open
1713972906.071418,0.634765625,0.795654296875,-0.0810546875,Mouth open
1713972906.111118,0.631591796875,0.799072265625,-0.078857421875,Mouth open
1713972906.150017,0.63037109375,0.798095703125,-0.081787109375,Mouth open
1713972906.19127,0.632568359375,0.798095703125,-0.084228515625,Mouth open
1713972906.230836,0.6298828125,0.79638671875,-0.085693359375,Mouth open
1713972906.271305,0.632080078125,0.79541015625,-0.083251953125,Mouth open
1713972906.316698,0.62890625,0.796630859375,-0.086181640625,Mouth open
1713972906.354122,0.6298828125,0.798095703125,-0.084716796875,Mouth open
1713972906.395766,0.630126953125,0.79638671875,-0.08203125,Mouth open
1713972906.432589,0.633544921875,0.802001953125,-0.082275390625,Mouth open
1713972906.473294,0.62744140625,0.79736328125,-0.077880859375,Mouth open
1713972906.513729,0.628173828125,0.803466796875,-0.08203125,Mouth open
1713972906.552054,0.62744140625,0.804931640625,-0.079345703125,Mouth open
1713972906.59315,0.629638671875,0.802978515625,-0.078857421875,Mouth open
1713972906.639988,0.622314453125,0.80078125,-0.081787109375,Mouth open
1713972906.679946,0.630615234375,0.80419921875,-0.085205078125,Mouth open
1713972906.718385,0.626953125,0.8037109375,-0.07666015625,Mouth open
1713972906.755958,0.626953125,0.801025390625,-0.08154296875,Mouth open
1713972906.791069,0.626708984375,0.801025390625,-0.08544921875,Mouth open
1713972906.831112,0.626220703125,0.79931640625,-0.082763671875,Mouth open
1713972906.87728,0.62744140625,0.802734375,-0.080322265625,Mouth open
1713972906.913716,0.623291015625,0.802001953125,-0.081787109375,Mouth open
1713972906.954777,0.627197265625,0.80126953125,-0.081787109375,Mouth open
1713972906.992899,0.630615234375,0.80126953125,-0.08056640625,Mouth open
1713972907.046421,0.63037109375,0.806640625,-0.077392578125,Mouth open
1713972907.075004,0.62255859375,0.8017578125,-0.07568359375,Mouth open
1713972907.119718,0.626708984375,0.80078125,-0.08203125,Mouth open
1713972907.155176,0.623779296875,0.802734375,-0.077392578125,Mouth open
1713972907.200294,0.627197265625,0.8037109375,-0.077392578125,Mouth open
1713972907.233502,0.625,0.801513671875,-0.08056640625,Mouth open
1713972907.275135,0.631591796875,0.80029296875,-0.08251953125,Mouth open
1713972907.320974,0.6240234375,0.798828125,-0.081787109375,Mouth open
1713972907.360628,0.626953125,0.801025390625,-0.083251953125,Mouth open
1713972907.399007,0.625,0.79833984375,-0.084716796875,Mouth open
1713972907.43873,0.6240234375,0.798828125,-0.085693359375,Mouth open
1713972907.476283,0.6259765625,0.803466796875,-0.083251953125,Mouth open
1713972907.515799,0.6259765625,0.802490234375,-0.0859375,Mouth open
1713972907.554223,0.627197265625,0.802978515625,-0.086181640625,Mouth open
1713972907.595162,0.625732421875,0.802734375,-0.083740234375,Mouth open
1713972907.635344,0.628173828125,0.804931640625,-0.083251953125,Mouth open
1713972907.673977,0.625244140625,0.804443359375,-0.0810546875,Mouth open
1713972907.716946,0.62548828125,0.802734375,-0.0830078125,Mouth open
1713972907.75568,0.623779296875,0.80419921875,-0.07763671875,Mouth open
1713972907.797092,0.6259765625,0.80419921875,-0.077880859375,Mouth open
1713972907.837262,0.62451171875,0.802490234375,-0.079345703125,Mouth open
1713972907.875892,0.6259765625,0.80322265625,-0.0810546875,Mouth open
1713972907.917799,0.62451171875,0.80517578125,-0.079833984375,Mouth open
1713972907.95696,0.623046875,0.80419921875,-0.082763671875,Mouth open
1713972907.998871,0.624267578125,0.8017578125,-0.077880859375,Mouth open
1713972908.037821,0.624755859375,0.80224609375,-0.080078125,Mouth open
1713972908.091054,0.622314453125,0.80126953125,-0.080078125,Mouth open
1713972908.115088,0.623779296875,0.8056640625,-0.080078125,Mouth open
1713972908.156718,0.626953125,0.801513671875,-0.08251953125,Mouth open
1713972908.195457,0.625,0.801025390625,-0.075927734375,Mouth open
1713972908.2364,0.628662109375,0.80419921875,-0.076904296875,Mouth open
1713972908.276422,0.623046875,0.803466796875,-0.07470703125,Mouth open
1713972908.31606,0.625732421875,0.80615234375,-0.07421875,Mouth open
1713972908.358667,0.626220703125,0.80859375,-0.07666015625,Mouth open
1713972908.397424,0.62548828125,0.802978515625,-0.0771484375,Mouth open
1713972908.438145,0.620361328125,0.803955078125,-0.073974609375,Mouth open
1713972908.477976,0.627197265625,0.809326171875,-0.08056640625,Mouth open
1713972908.521027,0.622314453125,0.80615234375,-0.080078125,Mouth open
1713972908.565535,0.62353515625,0.80810546875,-0.077880859375,Mouth open
1713972908.598513,0.6220703125,0.805908203125,-0.078125,Mouth open
1713972908.638667,0.62353515625,0.805908203125,-0.077392578125,Mouth open
1713972908.679118,0.623046875,0.804443359375,-0.0751953125,Mouth open
1713972908.719742,0.62451171875,0.8056640625,-0.07421875,Mouth open
1713972908.758238,0.62451171875,0.79833984375,-0.078369140625,Mouth open
1713972908.79956,0.62255859375,0.8046875,-0.0703125,Mouth open
1713972908.839818,0.6240234375,0.806640625,-0.0712890625,Mouth open
1713972908.882719,0.620849609375,0.804443359375,-0.07080078125,Mouth open
1713972908.922863,0.621826171875,0.805908203125,-0.073486328125,Mouth open
1713972908.957959,0.6240234375,0.8046875,-0.071533203125,Mouth open
1713972909.002746,0.625732421875,0.80322265625,-0.0703125,Mouth open
1713972909.044357,0.620361328125,0.803955078125,-0.0712890625,Mouth open
1713972909.083203,0.62646484375,0.806640625,-0.07421875,Mouth open
1713972909.126179,0.625732421875,0.80859375,-0.07373046875,Mouth open
1713972909.159056,0.6259765625,0.80615234375,-0.07470703125,Mouth open
1713972909.199012,0.626708984375,0.80712890625,-0.07470703125,Mouth open
1713972909.239909,0.624267578125,0.8037109375,-0.07421875,Mouth open
1713972909.279982,0.62353515625,0.8037109375,-0.07666015625,Mouth open
1713972909.319907,0.6220703125,0.804443359375,-0.07470703125,Mouth open
1713972909.36099,0.625732421875,0.806640625,-0.073974609375,Mouth open
1713972909.404274,0.6259765625,0.80517578125,-0.070556640625,Mouth open
1713972909.440326,0.626708984375,0.806884765625,-0.073486328125,Mouth open
1713972909.479009,0.625244140625,0.80810546875,-0.072021484375,Mouth open
1713972909.518273,0.62060546875,0.805908203125,-0.07275390625,Mouth open
1713972909.559209,0.627685546875,0.804931640625,-0.0732421875,Mouth open
1713972909.598976,0.62451171875,0.805419921875,-0.0732421875,Mouth open
1713972909.63893,0.626220703125,0.80322265625,-0.07421875,Mouth open
1713972909.680024,0.62646484375,0.804931640625,-0.07421875,Mouth open
1713972909.720137,0.629150390625,0.806640625,-0.07470703125,Mouth open
1713972909.759894,0.6240234375,0.800537109375,-0.07421875,Mouth open
1713972909.801157,0.62255859375,0.804443359375,-0.077880859375,Mouth open
1713972909.842294,0.626953125,0.804443359375,-0.07958984375,Mouth open
1713972909.882857,0.6220703125,0.8017578125,-0.084228515625,Mouth open
1713972909.921267,0.627197265625,0.8017578125,-0.07861328125,Mouth open
1713972909.961624,0.62646484375,0.805908203125,-0.077880859375,Mouth open
1713972910.003056,0.625244140625,0.802001953125,-0.073974609375,Mouth open
1713972910.043421,0.62890625,0.8037109375,-0.072509765625,Mouth open
1713972910.081521,0.628173828125,0.8056640625,-0.07470703125,Mouth open
1713972910.121014,0.6240234375,0.80224609375,-0.072265625,Mouth open
1713972910.160443,0.627197265625,0.802978515625,-0.07373046875,Mouth open
1713972910.203871,0.62255859375,0.80517578125,-0.07177734375,Mouth open
1713972910.241035,0.626220703125,0.802978515625,-0.0791015625,Mouth open
1713972910.281245,0.624267578125,0.801513671875,-0.0751953125,Mouth open
1713972910.322113,0.6279296875,0.802734375,-0.075927734375,Mouth open
1713972910.36461,0.6259765625,0.8037109375,-0.07373046875,Mouth open
1713972910.402035,0.621826171875,0.801513671875,-0.081298828125,Mouth open
1713972910.443625,0.62646484375,0.801025390625,-0.08447265625,Mouth open
1713972910.481955,0.625244140625,0.802490234375,-0.0791015625,Mouth open
1713972910.522388,0.62890625,0.802978515625,-0.07861328125,Mouth open
1713972910.563011,0.625732421875,0.799072265625,-0.080322265625,Mouth open
1713972910.603284,0.626220703125,0.794677734375,-0.0771484375,Mouth open
1713972910.643375,0.626708984375,0.800537109375,-0.080078125,Mouth open
1713972910.686635,0.630126953125,0.80712890625,-0.074951171875,Mouth open
1713972910.72422,0.62255859375,0.802001953125,-0.080078125,Mouth open
1713972910.764461,0.6220703125,0.803466796875,-0.083251953125,Mouth open
1713972910.801932,0.626220703125,0.8037109375,-0.078369140625,Mouth open
1713972910.841089,0.625732421875,0.80126953125,-0.083740234375,Mouth open
1713972910.881965,0.620361328125,0.802001953125,-0.079833984375,Mouth open
1713972910.922707,0.624267578125,0.80419921875,-0.082763671875,Mouth open
1713972910.962006,0.623779296875,0.804931640625,-0.07666015625,Mouth open
1713972911.003579,0.623046875,0.8037109375,-0.0830078125,Mouth open
1713972911.04319,0.6240234375,0.801513671875,-0.083984375,Mouth open
1713972911.08477,0.623779296875,0.80224609375,-0.081787109375,Mouth open
1713972911.124905,0.625,0.80078125,-0.08251953125,Mouth open
1713972911.164427,0.624755859375,0.805419921875,-0.078125,Mouth open
1713972911.210481,0.625732421875,0.80615234375,-0.078125,Mouth open
1713972911.247006,0.622802734375,0.80322265625,-0.07470703125,Mouth open
1713972911.289646,0.625244140625,0.80615234375,-0.078369140625,Mouth open
1713972911.32616,0.623779296875,0.807861328125,-0.07373046875,Mouth open
1713972911.366796,0.624755859375,0.803466796875,-0.07958984375,Mouth open
1713972911.404004,0.62255859375,0.802490234375,-0.074951171875,Mouth open
1713972911.444825,0.622802734375,0.8056640625,-0.07421875,Mouth open
1713972911.483749,0.62353515625,0.805419921875,-0.074951171875,Mouth open
1713972911.52434,0.62353515625,0.8037109375,-0.076416015625,Mouth open
1713972911.562579,0.625732421875,0.80224609375,-0.0751953125,Mouth open
1713972911.602773,0.62451171875,0.802490234375,-0.079833984375,Mouth open
1713972911.648299,0.624755859375,0.801025390625,-0.08251953125,Mouth open
1713972911.684362,0.627197265625,0.802001953125,-0.07861328125,Mouth open
1713972911.722933,0.625244140625,0.79931640625,-0.079833984375,Mouth open
1713972911.764262,0.6220703125,0.802734375,-0.083251953125,Mouth open
1713972911.803143,0.625244140625,0.8046875,-0.07861328125,Mouth open
1713972911.843194,0.6259765625,0.80078125,-0.078369140625,Mouth open
1713972911.88762,0.625732421875,0.80419921875,-0.074462890625,Mouth open
1713972911.926401,0.62646484375,0.809814453125,-0.0771484375,Mouth open
1713972911.968419,0.6220703125,0.803466796875,-0.068603515625,Mouth open
1713972912.005016,0.62744140625,0.80517578125,-0.07080078125,Mouth open
1713972912.046479,0.625732421875,0.806396484375,-0.074462890625,Mouth open
1713972912.084066,0.627197265625,0.802978515625,-0.078857421875,Mouth open
1713972912.125373,0.624267578125,0.8017578125,-0.07763671875,Mouth open
1713972912.162158,0.625,0.805419921875,-0.076416015625,Mouth open
1713972912.203684,0.6240234375,0.804931640625,-0.075439453125,Mouth open
1713972912.243502,0.622314453125,0.8056640625,-0.077392578125,Mouth open
1713972912.283545,0.625244140625,0.802734375,-0.0751953125,Mouth open
1713972912.324265,0.623291015625,0.7998046875,-0.076171875,Mouth open
1713972912.363856,0.62451171875,0.802734375,-0.075927734375,Mouth open
1713972912.409632,0.621826171875,0.802978515625,-0.07861328125,Mouth open
1713972912.446361,0.628662109375,0.802978515625,-0.07861328125,Mouth open
1713972912.486686,0.623046875,0.80029296875,-0.077392578125,Mouth open
1713972912.527243,0.626708984375,0.8046875,-0.0751953125,Mouth open
1713972912.578511,0.6220703125,0.805908203125,-0.0751953125,Mouth open
1713972912.605373,0.624267578125,0.803466796875,-0.072265625,Mouth open
1713972912.656004,0.625732421875,0.8056640625,-0.073974609375,Mouth open
1713972912.68487,0.623046875,0.805908203125,-0.07080078125,Mouth open
1713972912.730116,0.62744140625,0.806640625,-0.072265625,Mouth open
1713972912.763847,0.622314453125,0.80322265625,-0.072265625,Mouth open
1713972912.811567,0.62890625,0.80517578125,-0.07080078125,Mouth open
1713972912.849344,0.626953125,0.802734375,-0.07275390625,Mouth open
1713972912.890863,0.628662109375,0.804931640625,-0.075927734375,Mouth open
1713972912.929536,0.62744140625,0.8037109375,-0.0771484375,Mouth open
1713972912.966456,0.623779296875,0.80126953125,-0.0771484375,Mouth open
1713972913.009695,0.625732421875,0.802978515625,-0.07763671875,Mouth open
1713972913.049531,0.62548828125,0.803466796875,-0.0771484375,Mouth open
1713972913.088842,0.6259765625,0.799560546875,-0.080078125,Mouth open
1713972913.128438,0.628173828125,0.80078125,-0.076416015625,Mouth open
1713972913.164918,0.626708984375,0.80615234375,-0.07763671875,Mouth open
1713972913.205932,0.62255859375,0.800537109375,-0.077392578125,Mouth open
1713972913.245999,0.624755859375,0.800537109375,-0.079345703125,Mouth open
1713972913.29501,0.626708984375,0.804443359375,-0.0751953125,Mouth open
1713972913.333005,0.631103515625,0.801513671875,-0.075927734375,Mouth open
1713972913.365914,0.625244140625,0.801513671875,-0.075927734375,Mouth open
1713972913.410776,0.62841796875,0.80126953125,-0.080810546875,Mouth open
1713972913.450491,0.625244140625,0.8017578125,-0.07958984375,Mouth open
1713972913.489047,0.62646484375,0.80322265625,-0.0791015625,Mouth open
1713972913.528484,0.625732421875,0.802734375,-0.079345703125,Mouth open
1713972913.566753,0.623779296875,0.801025390625,-0.081298828125,Mouth open
1713972913.607206,0.62646484375,0.802001953125,-0.080078125,Mouth open
1713972913.645945,0.623779296875,0.802734375,-0.078125,Mouth open
1713972913.687494,0.62255859375,0.799072265625,-0.076904296875,Mouth open
1713972913.726631,0.624755859375,0.804443359375,-0.078857421875,Mouth open
1713972913.767694,0.624755859375,0.803955078125,-0.077880859375,Mouth open
1713972913.807473,0.62255859375,0.799560546875,-0.077880859375,Mouth open
1713972913.850863,0.626220703125,0.803466796875,-0.07568359375,Mouth open
1713972913.887182,0.623779296875,0.803466796875,-0.076416015625,Mouth open
1713972913.92962,0.62646484375,0.803466796875,-0.079833984375,Mouth open
1713972913.968688,0.62255859375,0.8037109375,-0.07568359375,Mouth open
1713972914.010311,0.62939453125,0.804931640625,-0.07958984375,Mouth open
1713972914.045964,0.6220703125,0.80224609375,-0.078857421875,Mouth open
1713972914.088249,0.6240234375,0.804443359375,-0.080078125,Mouth open
1713972914.125998,0.625,0.80224609375,-0.080810546875,Mouth open
1713972914.166391,0.62255859375,0.803955078125,-0.082763671875,Mouth open
1713972914.206554,0.623291015625,0.803466796875,-0.083251953125,Mouth open
1713972914.245835,0.622314453125,0.806884765625,-0.081787109375,Mouth open
1713972914.286931,0.624267578125,0.799560546875,-0.08349609375,Mouth open
1713972914.327661,0.62255859375,0.802001953125,-0.08203125,Mouth open
1713972914.36721,0.627197265625,0.807373046875,-0.07763671875,Mouth open
1713972914.407877,0.620361328125,0.802734375,-0.07666015625,Mouth open
1713972914.452681,0.622802734375,0.801025390625,-0.078857421875,Mouth open
1713972914.489668,0.622314453125,0.808837890625,-0.076904296875,Mouth open
1713972914.531015,0.627685546875,0.802978515625,-0.078857421875,Mouth open
1713972914.570581,0.619873046875,0.801513671875,-0.07763671875,Mouth open
1713972914.609391,0.625732421875,0.8037109375,-0.08447265625,Mouth open
1713972914.648244,0.623779296875,0.80322265625,-0.07421875,Mouth open
1713972914.68806,0.624755859375,0.80419921875,-0.080322265625,Mouth open
1713972914.729722,0.625244140625,0.8046875,-0.07958984375,Mouth open
1713972914.767986,0.623046875,0.80322265625,-0.082763671875,Mouth open
1713972914.807438,0.621337890625,0.80517578125,-0.08251953125,Mouth open
1713972914.852915,0.62109375,0.804443359375,-0.08251953125,Mouth open
1713972914.889882,0.624267578125,0.8046875,-0.083984375,Mouth open
1713972914.931168,0.621337890625,0.801025390625,-0.083740234375,Mouth open
1713972914.968344,0.624755859375,0.810546875,-0.08154296875,Mouth open
1713972915.010156,0.617919921875,0.803466796875,-0.077880859375,Mouth open
1713972915.047705,0.620849609375,0.8056640625,-0.080810546875,Mouth open
1713972915.08872,0.62109375,0.80517578125,-0.080322265625,Mouth open
1713972915.131218,0.62158203125,0.80859375,-0.078857421875,Mouth open
1713972915.180745,0.6181640625,0.80419921875,-0.082275390625,Mouth open
1713972915.209098,0.623779296875,0.80615234375,-0.081787109375,Mouth open
1713972915.254607,0.625,0.80322265625,-0.080810546875,Mouth open
1713972915.296432,0.62109375,0.80224609375,-0.0830078125,Mouth open
1713972915.33617,0.624755859375,0.802490234375,-0.083251953125,Mouth open
1713972915.366746,0.6201171875,0.80126953125,-0.0830078125,Mouth open
1713972915.415272,0.621337890625,0.803466796875,-0.084716796875,Mouth open
1713972915.45405,0.62109375,0.80615234375,-0.08154296875,Mouth open
1713972915.496475,0.62548828125,0.806640625,-0.08203125,Mouth open
1713972915.532517,0.622314453125,0.803466796875,-0.081298828125,Mouth open
1713972915.571839,0.62353515625,0.807373046875,-0.0791015625,Mouth open
1713972915.610031,0.622802734375,0.8056640625,-0.081298828125,Mouth open
1713972915.649325,0.6220703125,0.802490234375,-0.0810546875,Mouth open
1713972915.689086,0.62060546875,0.803955078125,-0.0810546875,Mouth open
1713972915.731139,0.62158203125,0.806640625,-0.078125,Mouth open
1713972915.77023,0.62548828125,0.805419921875,-0.079833984375,Mouth open
1713972915.811615,0.62255859375,0.803466796875,-0.084228515625,Mouth open
1713972915.849762,0.627685546875,0.806884765625,-0.07958984375,Mouth open
1713972915.900341,0.625244140625,0.804443359375,-0.080078125,Mouth open
1713972915.936527,0.624755859375,0.802978515625,-0.0849609375,Mouth open
1713972915.973397,0.624755859375,0.802001953125,-0.08447265625,Mouth open
1713972916.008737,0.620361328125,0.802001953125,-0.08544921875,Mouth open
1713972916.058801,0.62451171875,0.802978515625,-0.08349609375,Mouth open
1713972916.087817,0.62548828125,0.80322265625,-0.083251953125,Mouth open
1713972916.137735,0.625244140625,0.80126953125,-0.0859375,Mouth open
1713972916.176389,0.624755859375,0.802734375,-0.079833984375,Mouth open
1713972916.211957,0.625,0.8037109375,-0.08251953125,Mouth open
1713972916.254242,0.618408203125,0.801513671875,-0.08447265625,Mouth open
1713972916.294519,0.62255859375,0.80517578125,-0.0830078125,Mouth open
1713972916.332422,0.622314453125,0.8037109375,-0.08251953125,Mouth open
1713972916.371455,0.62451171875,0.8056640625,-0.086669921875,Mouth open
1713972916.41147,0.621337890625,0.806396484375,-0.080810546875,Mouth open
1713972916.451131,0.62353515625,0.805419921875,-0.08447265625,Mouth open
1713972916.491869,0.621826171875,0.8017578125,-0.0849609375,Mouth open
1713972916.53084,0.625,0.805419921875,-0.0859375,Mouth open
1713972916.571204,0.625244140625,0.802734375,-0.087158203125,Mouth open
1713972916.612438,0.62060546875,0.801025390625,-0.08935546875,Mouth open
1713972916.650506,0.62255859375,0.805908203125,-0.09228515625,Mouth open
1713972916.690199,0.622802734375,0.805419921875,-0.090087890625,Mouth open
1713972916.72897,0.62255859375,0.80419921875,-0.0908203125,Mouth open
1713972916.770052,0.625,0.80224609375,-0.0927734375,Mouth open
1713972916.809239,0.625244140625,0.806884765625,-0.08837890625,Mouth open
1713972916.848766,0.62158203125,0.80224609375,-0.086669921875,Mouth open
1713972916.888873,0.618896484375,0.801513671875,-0.092529296875,Mouth open
1713972916.932595,0.622314453125,0.804931640625,-0.089599609375,Mouth open
1713972916.970744,0.621826171875,0.802734375,-0.088134765625,Mouth open
1713972917.010154,0.61767578125,0.803466796875,-0.08642578125,Mouth open
1713972917.051793,0.62744140625,0.803955078125,-0.086669921875,Mouth open
1713972917.090351,0.6201171875,0.802978515625,-0.0888671875,Mouth open
1713972917.130003,0.623779296875,0.80517578125,-0.089599609375,Mouth open
1713972917.17875,0.621826171875,0.8056640625,-0.0908203125,Mouth open
1713972917.210863,0.620361328125,0.804931640625,-0.09033203125,Mouth open
1713972917.251538,0.619140625,0.803466796875,-0.0908203125,Mouth open
1713972917.289762,0.625,0.8017578125,-0.086669921875,Mouth open
1713972917.329034,0.627197265625,0.807861328125,-0.08837890625,Mouth open
1713972917.367849,0.6201171875,0.80322265625,-0.087158203125,Mouth open
1713972917.407829,0.62353515625,0.806640625,-0.0830078125,Mouth open
1713972917.447791,0.623046875,0.8095703125,-0.085205078125,Mouth open
1713972917.491664,0.617431640625,0.804443359375,-0.087646484375,Mouth open
1713972917.529197,0.619384765625,0.803466796875,-0.08447265625,Mouth open
1713972917.568942,0.6201171875,0.80615234375,-0.085205078125,Mouth open
1713972917.610632,0.629150390625,0.80615234375,-0.082275390625,Mouth open
1713972917.650602,0.62109375,0.802978515625,-0.08056640625,Mouth open
1713972917.690236,0.624267578125,0.808837890625,-0.08447265625,Mouth open
1713972917.730835,0.621337890625,0.806884765625,-0.083251953125,Mouth open
1713972917.77254,0.623046875,0.809814453125,-0.087890625,Mouth open
1713972917.811938,0.621337890625,0.8046875,-0.0849609375,Mouth open
1713972917.850708,0.6171875,0.8037109375,-0.090576171875,Mouth open
1713972917.892521,0.620361328125,0.80615234375,-0.086669921875,Mouth open
1713972917.929944,0.622314453125,0.80517578125,-0.089111328125,Mouth open
1713972917.969469,0.621337890625,0.80078125,-0.08740234375,Mouth open
1713972918.008757,0.619873046875,0.802978515625,-0.08349609375,Mouth closed
1713972918.049723,0.62158203125,0.8037109375,-0.080810546875,Mouth closed
1713972918.089905,0.61669921875,0.806396484375,-0.080078125,Mouth closed
1713972918.132887,0.62109375,0.80810546875,-0.081787109375,Mouth closed
1713972918.172766,0.623291015625,0.8056640625,-0.0830078125,Mouth closed
1713972918.21423,0.62255859375,0.80859375,-0.083251953125,Mouth closed
1713972918.252065,0.618896484375,0.80224609375,-0.082275390625,Mouth closed
1713972918.294395,0.6201171875,0.80712890625,-0.084716796875,Mouth closed
1713972918.332331,0.619140625,0.806884765625,-0.08154296875,Mouth closed
1713972918.375108,0.618408203125,0.8046875,-0.08349609375,Mouth closed
1713972918.412451,0.623779296875,0.808349609375,-0.0830078125,Mouth closed
1713972918.451853,0.62255859375,0.8056640625,-0.079345703125,Mouth closed
1713972918.493271,0.62060546875,0.803955078125,-0.083740234375,Mouth closed
1713972918.535588,0.621826171875,0.80615234375,-0.083251953125,Mouth closed
1713972918.573329,0.6220703125,0.80810546875,-0.082763671875,Mouth closed
1713972918.614879,0.62255859375,0.8056640625,-0.08203125,Mouth closed
1713972918.654991,0.62255859375,0.804931640625,-0.078125,Mouth closed
1713972918.695318,0.625732421875,0.80712890625,-0.0810546875,Mouth closed
1713972918.735566,0.62060546875,0.806884765625,-0.080810546875,Mouth closed
1713972918.772122,0.62060546875,0.8037109375,-0.08447265625,Mouth closed
1713972918.815529,0.6220703125,0.804931640625,-0.084228515625,Mouth closed
1713972918.85205,0.62451171875,0.80615234375,-0.0830078125,Mouth closed
1713972918.896242,0.61962890625,0.805908203125,-0.085205078125,Mouth closed
1713972918.938618,0.624267578125,0.8046875,-0.08642578125,Mouth closed
1713972918.9764,0.622802734375,0.805908203125,-0.0830078125,Mouth closed
1713972919.013721,0.623046875,0.8056640625,-0.084228515625,Mouth closed
1713972919.057514,0.62158203125,0.803955078125,-0.08447265625,Mouth closed
1713972919.100479,0.623779296875,0.801025390625,-0.087158203125,Mouth closed
1713972919.140859,0.623779296875,0.801513671875,-0.08447265625,Mouth closed
1713972919.183941,0.624267578125,0.804931640625,-0.084716796875,Mouth closed
1713972919.212715,0.622314453125,0.8046875,-0.081298828125,Mouth closed
1713972919.259638,0.623291015625,0.80517578125,-0.078369140625,Mouth closed
1713972919.292705,0.623291015625,0.804931640625,-0.078369140625,Mouth closed
1713972919.345898,0.627685546875,0.80517578125,-0.07861328125,Mouth closed
1713972919.373699,0.61865234375,0.80126953125,-0.08154296875,Mouth closed
1713972919.412018,0.62158203125,0.806884765625,-0.08544921875,Mouth closed
1713972919.452674,0.623046875,0.80419921875,-0.084716796875,Mouth closed
1713972919.49218,0.625244140625,0.806640625,-0.087158203125,Mouth closed
1713972919.531658,0.620849609375,0.8046875,-0.084716796875,Mouth closed
1713972919.57266,0.627685546875,0.807373046875,-0.08740234375,Mouth closed
1713972919.612674,0.621826171875,0.803466796875,-0.08349609375,Mouth closed
1713972919.652775,0.62109375,0.802490234375,-0.09033203125,Mouth closed
1713972919.695152,0.624755859375,0.802734375,-0.09033203125,Mouth closed
1713972919.732793,0.623046875,0.79833984375,-0.08935546875,Mouth closed
1713972919.778373,0.625244140625,0.80517578125,-0.087158203125,Mouth closed
1713972919.813783,0.629638671875,0.805419921875,-0.09033203125,Mouth closed
1713972919.854885,0.610595703125,0.80517578125,-0.099365234375,Mouth closed
1713972919.89278,0.618408203125,0.796630859375,-0.091064453125,Mouth closed
1713972919.936125,0.614990234375,0.80810546875,-0.09326171875,Mouth closed
1713972919.971481,0.57421875,0.80908203125,-0.106201171875,Mouth closed
1713972920.029376,0.599853515625,0.8076171875,-0.0810546875,Mouth closed
1713972920.057114,0.6171875,0.80908203125,-0.10205078125,Mouth closed
1713972920.098419,0.6103515625,0.81201171875,-0.087158203125,Mouth closed
1713972920.132188,0.6181640625,0.810302734375,-0.089111328125,Mouth closed
1713972920.172955,0.6123046875,0.811279296875,-0.08642578125,Mouth closed
1713972920.211734,0.613525390625,0.81298828125,-0.09130859375,Mouth closed
1713972920.256612,0.612060546875,0.812744140625,-0.0908203125,Mouth closed
1713972920.298773,0.612060546875,0.814453125,-0.086669921875,Mouth closed
1713972920.339127,0.6103515625,0.812255859375,-0.091552734375,Mouth closed
1713972920.376805,0.60986328125,0.812255859375,-0.094970703125,Mouth closed
1713972920.416453,0.61328125,0.815185546875,-0.091796875,Mouth closed
1713972920.455213,0.610107421875,0.81201171875,-0.09619140625,Mouth closed
1713972920.4948,0.61376953125,0.8134765625,-0.092529296875,Mouth closed
1713972920.533255,0.6123046875,0.8115234375,-0.0927734375,Mouth closed
1713972920.573217,0.615234375,0.81298828125,-0.087158203125,Mouth closed
1713972920.611014,0.611083984375,0.812255859375,-0.089111328125,Mouth closed
1713972920.652818,0.611328125,0.81005859375,-0.087158203125,Mouth closed
1713972920.69159,0.61083984375,0.8095703125,-0.091064453125,Mouth closed
1713972920.732306,0.615478515625,0.8115234375,-0.091552734375,Mouth closed
1713972920.773126,0.617431640625,0.81396484375,-0.0908203125,Mouth closed
1713972920.814242,0.611572265625,0.810302734375,-0.093017578125,Mouth closed
1713972920.852659,0.61279296875,0.80810546875,-0.095458984375,Mouth closed
1713972920.893797,0.61376953125,0.8095703125,-0.0908203125,Mouth closed
1713972920.9345,0.616455078125,0.811279296875,-0.088134765625,Mouth closed
1713972920.975743,0.615966796875,0.81298828125,-0.085693359375,Mouth closed
1713972921.01479,0.614990234375,0.810302734375,-0.089599609375,Mouth closed
1713972921.053882,0.615966796875,0.8125,-0.085693359375,Mouth closed
1713972921.093965,0.617919921875,0.808349609375,-0.083984375,Mouth closed
1713972921.136762,0.61572265625,0.81005859375,-0.08544921875,Mouth closed
1713972921.172742,0.61669921875,0.811279296875,-0.081787109375,Mouth closed
1713972921.212933,0.615966796875,0.81201171875,-0.08154296875,Mouth closed
1713972921.252426,0.61328125,0.81103515625,-0.085693359375,Mouth closed
1713972921.295423,0.613037109375,0.81201171875,-0.091796875,Mouth closed
1713972921.332695,0.609619140625,0.8115234375,-0.0888671875,Mouth closed
1713972921.372607,0.61083984375,0.81591796875,-0.086669921875,Mouth closed
1713972921.413106,0.6123046875,0.811767578125,-0.08642578125,Mouth closed
1713972921.456475,0.61376953125,0.817626953125,-0.081787109375,Mouth closed
1713972921.495003,0.606689453125,0.814453125,-0.090576171875,Mouth closed
1713972921.535776,0.609130859375,0.814697265625,-0.091064453125,Mouth closed
1713972921.575009,0.60498046875,0.810791015625,-0.0859375,Mouth closed
1713972921.61455,0.61279296875,0.81689453125,-0.080810546875,Mouth closed
1713972921.654527,0.609619140625,0.81494140625,-0.08203125,Mouth closed
1713972921.694628,0.610595703125,0.812255859375,-0.08447265625,Mouth closed
1713972921.735952,0.608642578125,0.81103515625,-0.084716796875,Mouth closed
1713972921.775934,0.61572265625,0.8134765625,-0.0791015625,Mouth closed
1713972921.816837,0.612548828125,0.812744140625,-0.084228515625,Mouth closed
1713972921.855059,0.6123046875,0.812744140625,-0.0830078125,Mouth closed
1713972921.894407,0.6103515625,0.81494140625,-0.083984375,Mouth closed
1713972921.933833,0.6123046875,0.812255859375,-0.08251953125,Mouth closed
1713972921.973709,0.60791015625,0.81201171875,-0.078857421875,Mouth closed
1713972922.017166,0.6103515625,0.8115234375,-0.083740234375,Mouth closed
1713972922.058393,0.61328125,0.817626953125,-0.06787109375,Mouth closed
1713972922.094894,0.612060546875,0.817626953125,-0.07421875,Mouth closed
1713972922.135527,0.609375,0.814208984375,-0.072509765625,Mouth closed
1713972922.175274,0.61083984375,0.820068359375,-0.0732421875,Mouth closed
1713972922.216176,0.60205078125,0.818603515625,-0.078369140625,Mouth closed
1713972922.258,0.609619140625,0.812744140625,-0.07568359375,Mouth closed
1713972922.308722,0.609375,0.8125,-0.0791015625,Mouth closed
1713972922.337035,0.615234375,0.818603515625,-0.07080078125,Mouth closed
1713972922.38738,0.609375,0.81201171875,-0.0625,Mouth closed
1713972922.41599,0.613525390625,0.813232421875,-0.05908203125,Mouth closed
1713972922.455872,0.61328125,0.813232421875,-0.064453125,Mouth closed
1713972922.494728,0.612548828125,0.814697265625,-0.06689453125,Mouth closed
1713972922.539504,0.608642578125,0.813720703125,-0.064697265625,Mouth closed
1713972922.576199,0.614501953125,0.81591796875,-0.072998046875,Mouth closed
1713972922.616633,0.611328125,0.81591796875,-0.072265625,Mouth closed
1713972922.657576,0.608642578125,0.821044921875,-0.076171875,Mouth closed
1713972922.695143,0.611328125,0.824462890625,-0.080810546875,Mouth closed
1713972922.737185,0.6123046875,0.815185546875,-0.079345703125,Mouth closed
1713972922.787928,0.6123046875,0.81103515625,-0.078125,Mouth closed
1713972922.815717,0.62109375,0.80810546875,-0.073974609375,Mouth closed
1713972922.864694,0.615234375,0.80224609375,-0.079345703125,Mouth closed
1713972922.903384,0.619873046875,0.8076171875,-0.080810546875,Mouth closed
1713972922.936549,0.61279296875,0.810302734375,-0.08056640625,Mouth closed
1713972922.980985,0.608154296875,0.806396484375,-0.076171875,Mouth closed
1713972923.016983,0.611083984375,0.81201171875,-0.07275390625,Mouth closed
1713972923.058771,0.603759765625,0.8154296875,-0.0703125,Mouth closed
1713972923.098,0.610595703125,0.823486328125,-0.07275390625,Mouth closed
1713972923.136389,0.607666015625,0.82568359375,-0.077392578125,Mouth closed
1713972923.176433,0.60693359375,0.823974609375,-0.076904296875,Mouth closed
1713972923.21421,0.606689453125,0.821533203125,-0.076171875,Mouth closed
1713972923.256542,0.606689453125,0.8173828125,-0.078125,Mouth closed
1713972923.295267,0.60986328125,0.816650390625,-0.073486328125,Mouth closed
1713972923.335118,0.604736328125,0.8154296875,-0.07373046875,Mouth closed
1713972923.375194,0.60498046875,0.813232421875,-0.087890625,Mouth closed
1713972923.417048,0.61328125,0.81640625,-0.07373046875,Mouth closed
1713972923.456371,0.611083984375,0.818603515625,-0.081787109375,Mouth closed
1713972923.496445,0.609130859375,0.81884765625,-0.07470703125,Mouth closed
1713972923.535613,0.605224609375,0.815185546875,-0.0771484375,Mouth closed
1713972923.575669,0.6083984375,0.81787109375,-0.082275390625,Mouth closed
1713972923.616499,0.60009765625,0.8134765625,-0.082275390625,Mouth closed
1713972923.659877,0.59814453125,0.816162109375,-0.081298828125,Mouth closed
1713972923.696815,0.6083984375,0.822265625,-0.07861328125,Mouth closed
1713972923.743283,0.60498046875,0.8232421875,-0.0810546875,Mouth closed
1713972923.775834,0.60595703125,0.822509765625,-0.090576171875,Mouth closed
1713972923.815004,0.608642578125,0.816650390625,-0.087158203125,Mouth closed
1713972923.855527,0.611328125,0.814453125,-0.089111328125,Mouth closed
1713972923.8967,0.604736328125,0.8076171875,-0.099365234375,Mouth closed
1713972923.934504,0.61328125,0.806396484375,-0.093017578125,Mouth closed
1713972923.975582,0.614501953125,0.810546875,-0.08935546875,Mouth closed
1713972924.015848,0.612060546875,0.81201171875,-0.085205078125,Mouth closed
1713972924.058089,0.6064453125,0.8095703125,-0.08544921875,Mouth closed
1713972924.096759,0.611083984375,0.814208984375,-0.080078125,Mouth closed
1713972924.137371,0.609375,0.81494140625,-0.081298828125,Mouth closed
1713972924.177447,0.609375,0.81103515625,-0.083740234375,Mouth closed
1713972924.217505,0.60546875,0.814697265625,-0.07763671875,Mouth closed
1713972924.256986,0.60693359375,0.82080078125,-0.078125,Mouth closed
1713972924.298485,0.60205078125,0.81982421875,-0.077880859375,Mouth closed
1713972924.337754,0.6044921875,0.81787109375,-0.081787109375,Mouth closed
1713972924.377885,0.6064453125,0.822265625,-0.080322265625,Mouth closed
1713972924.417626,0.60791015625,0.82177734375,-0.08251953125,Mouth closed
1713972924.456783,0.611083984375,0.822265625,-0.08544921875,Mouth closed
1713972924.495796,0.61083984375,0.816650390625,-0.081298828125,Mouth closed
1713972924.539666,0.611083984375,0.813232421875,-0.076171875,Mouth closed
1713972924.581791,0.614013671875,0.811767578125,-0.076416015625,Mouth closed
1713972924.619016,0.61474609375,0.812744140625,-0.074951171875,Mouth closed
1713972924.659122,0.611328125,0.81201171875,-0.07958984375,Mouth closed
1713972924.697856,0.6103515625,0.81640625,-0.076416015625,Mouth closed
1713972924.744461,0.609619140625,0.817138671875,-0.079345703125,Mouth closed
1713972924.779634,0.60400390625,0.81787109375,-0.078369140625,Mouth closed
1713972924.822764,0.607177734375,0.82080078125,-0.07666015625,Mouth closed
1713972924.859012,0.60498046875,0.81689453125,-0.079345703125,Mouth closed
1713972924.907619,0.608154296875,0.818359375,-0.082763671875,Mouth closed
1713972924.945634,0.60546875,0.81787109375,-0.077392578125,Mouth closed
1713972924.981815,0.60791015625,0.8154296875,-0.07861328125,Mouth closed
1713972925.024598,0.60546875,0.8193359375,-0.077392578125,Mouth closed
1713972925.067423,0.611572265625,0.816162109375,-0.076904296875,Mouth closed
1713972925.098068,0.607666015625,0.8134765625,-0.07958984375,Mouth closed
1713972925.137266,0.61376953125,0.81494140625,-0.07421875,Mouth closed
1713972925.180059,0.610595703125,0.816650390625,-0.073486328125,Mouth closed
1713972925.217873,0.60986328125,0.818359375,-0.075439453125,Mouth closed
1713972925.260862,0.608154296875,0.81494140625,-0.08203125,Mouth closed
1713972925.305176,0.6123046875,0.815673828125,-0.074951171875,Mouth closed
1713972925.339932,0.6083984375,0.815185546875,-0.07666015625,Mouth closed
1713972925.392114,0.610595703125,0.81640625,-0.0751953125,Mouth closed
1713972925.419593,0.60888671875,0.816162109375,-0.074951171875,Mouth closed
1713972925.464541,0.610107421875,0.81884765625,-0.073974609375,Mouth closed
1713972925.50066,0.613037109375,0.816650390625,-0.07666015625,Mouth closed
1713972925.549277,0.6083984375,0.812744140625,-0.080322265625,Mouth closed
1713972925.587219,0.610107421875,0.815673828125,-0.07666015625,Mouth closed
1713972925.627365,0.606201171875,0.81640625,-0.0791015625,Mouth closed
1713972925.664869,0.610595703125,0.814453125,-0.07763671875,Mouth closed
1713972925.705358,0.612548828125,0.8125,-0.072509765625,Mouth closed
1713972925.742943,0.61328125,0.815673828125,-0.07275390625,Mouth closed
1713972925.78297,0.60986328125,0.8125,-0.074951171875,Mouth closed
1713972925.820385,0.61328125,0.8125,-0.074462890625,Mouth closed
1713972925.861096,0.614013671875,0.81103515625,-0.07568359375,Mouth closed
1713972925.900033,0.616455078125,0.81201171875,-0.082763671875,Mouth closed
1713972925.94163,0.60888671875,0.811279296875,-0.07763671875,Mouth closed
1713972925.979769,0.61328125,0.81591796875,-0.080322265625,Mouth closed
1713972926.019682,0.609375,0.814208984375,-0.076904296875,Mouth closed
1713972926.061117,0.611572265625,0.8134765625,-0.080322265625,Mouth closed
1713972926.10343,0.611328125,0.814453125,-0.08056640625,Mouth closed
1713972926.140582,0.60791015625,0.809326171875,-0.079833984375,Mouth closed
1713972926.182172,0.609619140625,0.81494140625,-0.07958984375,Mouth closed
1713972926.220718,0.61328125,0.817138671875,-0.07958984375,Mouth closed
1713972926.26055,0.6083984375,0.808837890625,-0.077392578125,Mouth closed
1713972926.303019,0.614013671875,0.817138671875,-0.074951171875,Mouth closed
1713972926.344949,0.61328125,0.81396484375,-0.071533203125,Mouth closed
1713972926.384966,0.611572265625,0.8134765625,-0.07373046875,Mouth closed
1713972926.426006,0.611572265625,0.81396484375,-0.072265625,Mouth closed
1713972926.463501,0.611328125,0.81494140625,-0.07568359375,Mouth closed
1713972926.502532,0.61572265625,0.817626953125,-0.07275390625,Mouth closed
1713972926.54156,0.61181640625,0.815185546875,-0.074951171875,Mouth closed
1713972926.579457,0.612548828125,0.8173828125,-0.0751953125,Mouth closed
1713972926.6218,0.61083984375,0.8115234375,-0.076416015625,Mouth closed
1713972926.661043,0.613037109375,0.81640625,-0.078857421875,Mouth closed
1713972926.700592,0.609619140625,0.81591796875,-0.078369140625,Mouth closed
1713972926.743643,0.60791015625,0.812744140625,-0.08203125,Mouth closed
1713972926.781641,0.609375,0.81396484375,-0.07861328125,Mouth closed
1713972926.822774,0.611572265625,0.8173828125,-0.07861328125,Mouth closed
1713972926.864148,0.61083984375,0.813232421875,-0.076171875,Mouth closed
1713972926.901442,0.614013671875,0.81494140625,-0.071533203125,Mouth closed
1713972926.943415,0.61181640625,0.815185546875,-0.070556640625,Mouth closed
1713972926.983954,0.607177734375,0.81591796875,-0.072265625,Mouth closed
1713972927.022611,0.606689453125,0.816650390625,-0.07421875,Mouth closed
1713972927.063037,0.60791015625,0.81494140625,-0.075927734375,Mouth closed
1713972927.102399,0.6123046875,0.816162109375,-0.0791015625,Mouth closed
1713972927.140494,0.60986328125,0.813720703125,-0.075927734375,Mouth closed
1713972927.181795,0.61083984375,0.8154296875,-0.078369140625,Mouth closed
1713972927.22215,0.61083984375,0.814697265625,-0.07666015625,Mouth closed
1713972927.262572,0.611572265625,0.81396484375,-0.078125,Mouth closed
1713972927.302562,0.611328125,0.816162109375,-0.079345703125,Mouth closed
1713972927.348043,0.608154296875,0.81298828125,-0.078369140625,Mouth closed
1713972927.38474,0.611328125,0.813232421875,-0.078857421875,Mouth closed
1713972927.425271,0.610107421875,0.817138671875,-0.078857421875,Mouth closed
1713972927.462478,0.61083984375,0.816162109375,-0.07861328125,Mouth closed
1713972927.504548,0.607421875,0.81298828125,-0.074462890625,Mouth closed
1713972927.544268,0.61181640625,0.816650390625,-0.072265625,Mouth closed
1713972927.584757,0.606201171875,0.81787109375,-0.071533203125,Mouth closed
1713972927.62601,0.6083984375,0.8134765625,-0.073486328125,Mouth closed
1713972927.671358,0.610595703125,0.81396484375,-0.07275390625,Mouth closed
1713972927.706429,0.611328125,0.81787109375,-0.07177734375,Mouth closed
1713972927.74452,0.608154296875,0.81640625,-0.075439453125,Mouth closed
1713972927.783969,0.61083984375,0.81640625,-0.07373046875,Mouth closed
1713972927.822813,0.60986328125,0.817626953125,-0.0732421875,Mouth closed
1713972927.863768,0.609130859375,0.815185546875,-0.076904296875,Mouth closed
1713972927.902764,0.6103515625,0.81298828125,-0.076171875,Mouth closed
1713972927.94485,0.612548828125,0.81298828125,-0.07568359375,Mouth closed
1713972927.98444,0.604736328125,0.813720703125,-0.078125,Mouth closed
1713972928.026611,0.60888671875,0.81591796875,-0.08056640625,Mouth closed
1713972928.064974,0.614013671875,0.821533203125,-0.0791015625,Mouth closed
1713972928.106141,0.60791015625,0.816162109375,-0.077880859375,Mouth closed
1713972928.145718,0.6123046875,0.818603515625,-0.07470703125,Mouth closed
1713972928.186426,0.60986328125,0.816650390625,-0.077880859375,Mouth closed
1713972928.225051,0.608154296875,0.814208984375,-0.076171875,Mouth closed
1713972928.267741,0.610107421875,0.813232421875,-0.076904296875,Mouth closed
1713972928.306812,0.608154296875,0.81494140625,-0.073974609375,Mouth closed
1713972928.363481,0.609375,0.813720703125,-0.076171875,Mouth closed
1713972928.386291,0.6103515625,0.81396484375,-0.078857421875,Mouth closed
1713972928.430846,0.610595703125,0.81591796875,-0.078369140625,Mouth closed
1713972928.470238,0.609375,0.8134765625,-0.080810546875,Mouth closed
1713972928.513995,0.611083984375,0.818603515625,-0.079345703125,Mouth closed
1713972928.545633,0.611328125,0.815185546875,-0.078857421875,Mouth closed
1713972928.596184,0.608642578125,0.817138671875,-0.079833984375,Mouth closed
1713972928.625443,0.60986328125,0.81591796875,-0.0791015625,Mouth closed
1713972928.668862,0.608642578125,0.81494140625,-0.078369140625,Mouth closed
1713972928.707672,0.611572265625,0.815185546875,-0.078857421875,Mouth closed
1713972928.760369,0.609619140625,0.813720703125,-0.072998046875,Mouth closed
1713972928.785997,0.611328125,0.8173828125,-0.076171875,Mouth closed
1713972928.836683,0.6083984375,0.81787109375,-0.072265625,Mouth closed
1713972928.866957,0.610107421875,0.811767578125,-0.07666015625,Mouth closed
1713972928.921343,0.61279296875,0.81591796875,-0.07763671875,Mouth closed
1713972928.950151,0.615478515625,0.813720703125,-0.076904296875,Mouth closed
1713972928.987596,0.615234375,0.80859375,-0.076171875,Mouth closed
1713972929.02937,0.614990234375,0.8134765625,-0.075439453125,Mouth closed
1713972929.066671,0.612548828125,0.816650390625,-0.07421875,Mouth closed
1713972929.10642,0.610107421875,0.815185546875,-0.07861328125,Mouth closed
1713972929.14594,0.61083984375,0.8125,-0.081787109375,Mouth closed
1713972929.18553,0.611572265625,0.813232421875,-0.079833984375,Mouth closed
1713972929.225601,0.6103515625,0.811767578125,-0.082275390625,Mouth closed
1713972929.266859,0.609375,0.81103515625,-0.080810546875,Mouth closed
1713972929.306378,0.612548828125,0.810546875,-0.082275390625,Mouth closed
1713972929.34818,0.61474609375,0.810302734375,-0.08154296875,Mouth closed
1713972929.387405,0.615966796875,0.816162109375,-0.07861328125,Mouth closed
1713972929.42748,0.605712890625,0.813720703125,-0.0771484375,Mouth closed
1713972929.469801,0.613525390625,0.8125,-0.076904296875,Mouth closed
1713972929.50949,0.61474609375,0.814208984375,-0.081787109375,Mouth closed
1713972929.548404,0.613037109375,0.81103515625,-0.0830078125,Mouth closed
1713972929.590051,0.614013671875,0.813720703125,-0.084228515625,Mouth closed
1713972929.630251,0.61669921875,0.810546875,-0.081787109375,Mouth closed
1713972929.671414,0.61328125,0.80908203125,-0.0830078125,Mouth closed
1713972929.709831,0.61767578125,0.810546875,-0.083984375,Mouth closed
1713972929.748371,0.61376953125,0.809814453125,-0.0830078125,Mouth closed
1713972929.789208,0.613037109375,0.806396484375,-0.0859375,Mouth closed
1713972929.827335,0.61572265625,0.810791015625,-0.086669921875,Mouth closed
1713972929.866588,0.613037109375,0.81298828125,-0.087158203125,Mouth closed
1713972929.908052,0.612060546875,0.806884765625,-0.08740234375,Mouth closed
1713972929.948008,0.6142578125,0.8115234375,-0.080078125,Mouth closed
1713972929.987489,0.615478515625,0.81396484375,-0.07958984375,Mouth closed
1713972930.028993,0.612548828125,0.8154296875,-0.082763671875,Mouth closed
1713972930.068696,0.614990234375,0.81494140625,-0.079345703125,Mouth closed
1713972930.10742,0.611328125,0.8134765625,-0.080322265625,Mouth closed
1713972930.151832,0.617431640625,0.81201171875,-0.084228515625,Mouth closed
1713972930.188641,0.6123046875,0.811767578125,-0.07958984375,Mouth closed
1713972930.229487,0.616455078125,0.814208984375,-0.0810546875,Mouth closed
1713972930.271563,0.61328125,0.812744140625,-0.078857421875,Mouth closed
1713972930.310373,0.610595703125,0.814453125,-0.084228515625,Mouth closed
1713972930.34964,0.61279296875,0.816650390625,-0.083251953125,Mouth closed
1713972930.388168,0.612548828125,0.8125,-0.08984375,Mouth closed
1713972930.426753,0.61181640625,0.8125,-0.08544921875,Mouth closed
1713972930.467691,0.613525390625,0.812744140625,-0.0859375,Mouth closed
1713972930.508349,0.61328125,0.810791015625,-0.086669921875,Mouth closed
1713972930.548432,0.61083984375,0.80908203125,-0.0849609375,Mouth closed
1713972930.588641,0.615234375,0.811767578125,-0.08203125,Mouth closed
1713972930.629246,0.611083984375,0.810791015625,-0.079833984375,Mouth closed
1713972930.668899,0.615234375,0.814208984375,-0.08251953125,Mouth closed
1713972930.708655,0.612060546875,0.8125,-0.082763671875,Mouth closed
1713972930.749047,0.61572265625,0.812744140625,-0.0869140625,Mouth closed
1713972930.791254,0.61328125,0.81103515625,-0.08740234375,Mouth closed
1713972930.82984,0.61376953125,0.815673828125,-0.0830078125,Mouth closed
1713972930.870526,0.612060546875,0.814208984375,-0.082275390625,Mouth closed
1713972930.911065,0.61376953125,0.814453125,-0.08544921875,Mouth closed
1713972930.950842,0.611572265625,0.814208984375,-0.08349609375,Mouth closed
1713972930.99585,0.6142578125,0.810791015625,-0.084228515625,Mouth closed
1713972931.032218,0.6103515625,0.813232421875,-0.0830078125,Mouth closed
1713972931.073069,0.614990234375,0.816650390625,-0.08349609375,Mouth closed
1713972931.110865,0.613037109375,0.81103515625,-0.085693359375,Mouth closed
1713972931.151262,0.612060546875,0.8134765625,-0.079833984375,Mouth closed
1713972931.18943,0.614501953125,0.8134765625,-0.081787109375,Mouth closed
1713972931.236444,0.61328125,0.812255859375,-0.07861328125,Mouth closed
1713972931.27058,0.611572265625,0.811767578125,-0.082275390625,Mouth closed
1713972931.322334,0.611328125,0.81494140625,-0.078125,Mouth closed
1713972931.3514,0.616455078125,0.8134765625,-0.08447265625,Mouth closed
1713972931.399692,0.610595703125,0.811279296875,-0.08251953125,Mouth closed
1713972931.437892,0.61328125,0.809326171875,-0.08251953125,Mouth closed
1713972931.479554,0.61376953125,0.812255859375,-0.083740234375,Mouth closed
1713972931.516917,0.611083984375,0.8125,-0.08349609375,Mouth closed
1713972931.55873,0.61474609375,0.812255859375,-0.0810546875,Mouth closed
1713972931.594115,0.61083984375,0.814453125,-0.082763671875,Mouth closed
1713972931.634397,0.61279296875,0.814453125,-0.082275390625,Mouth closed
1713972931.672496,0.61328125,0.808837890625,-0.08447265625,Mouth closed
1713972931.711793,0.611572265625,0.80908203125,-0.08447265625,Mouth closed
1713972931.749514,0.612060546875,0.813232421875,-0.08056640625,Mouth closed
1713972931.791596,0.617431640625,0.818115234375,-0.0791015625,Mouth closed
1713972931.831131,0.611083984375,0.81689453125,-0.078369140625,Mouth closed
1713972931.877687,0.609130859375,0.8154296875,-0.078857421875,Mouth closed
1713972931.912516,0.614501953125,0.813720703125,-0.07666015625,Mouth closed
1713972931.954696,0.61328125,0.811279296875,-0.0791015625,Mouth closed
1713972931.991485,0.611083984375,0.808349609375,-0.076416015625,Mouth closed
1713972932.039586,0.61669921875,0.8115234375,-0.079833984375,Mouth closed
1713972932.077749,0.618408203125,0.81201171875,-0.079345703125,Mouth closed
1713972932.113115,0.61279296875,0.808349609375,-0.078125,Mouth closed
1713972932.154867,0.615966796875,0.8115234375,-0.084716796875,Mouth closed
1713972932.194442,0.61181640625,0.808349609375,-0.08203125,Mouth closed
1713972932.234453,0.611328125,0.812255859375,-0.084716796875,Mouth closed
1713972932.274051,0.611328125,0.813232421875,-0.082275390625,Mouth closed
1713972932.314425,0.61767578125,0.815185546875,-0.083740234375,Mouth closed
1713972932.353735,0.615478515625,0.8095703125,-0.0859375,Mouth closed
1713972932.392299,0.615478515625,0.8134765625,-0.084228515625,Mouth closed
1713972932.432818,0.612548828125,0.813232421875,-0.08251953125,Mouth closed
1713972932.472704,0.61279296875,0.808349609375,-0.08642578125,Mouth closed
1713972932.512285,0.614501953125,0.81103515625,-0.089599609375,Mouth closed
1713972932.554453,0.6123046875,0.8095703125,-0.084716796875,Mouth closed
1713972932.594683,0.614990234375,0.811279296875,-0.08935546875,Mouth closed
1713972932.633298,0.619384765625,0.8134765625,-0.086669921875,Mouth closed
1713972932.676119,0.61376953125,0.814453125,-0.08837890625,Mouth closed
1713972932.715094,0.6123046875,0.8095703125,-0.08837890625,Mouth closed
1713972932.754713,0.6142578125,0.81005859375,-0.092041015625,Mouth closed
1713972932.794641,0.61181640625,0.805419921875,-0.090087890625,Mouth closed
1713972932.834239,0.61279296875,0.809326171875,-0.087646484375,Mouth closed
1713972932.875944,0.61279296875,0.8095703125,-0.08642578125,Mouth closed
1713972932.919433,0.621826171875,0.8134765625,-0.087158203125,Mouth closed
1713972932.956714,0.613037109375,0.811279296875,-0.087890625,Mouth closed
1713972932.995248,0.61474609375,0.8134765625,-0.0859375,Mouth closed
1713972933.034401,0.61474609375,0.8125,-0.082763671875,Mouth open
1713972933.07742,0.612548828125,0.813232421875,-0.083984375,Mouth open
1713972933.113905,0.61279296875,0.811279296875,-0.08203125,Mouth open
1713972933.154826,0.6142578125,0.814697265625,-0.08203125,Mouth open
1713972933.194355,0.614013671875,0.814208984375,-0.079833984375,Mouth open
1713972933.234377,0.6123046875,0.8125,-0.081787109375,Mouth open
1713972933.275044,0.614013671875,0.815185546875,-0.083251953125,Mouth open
1713972933.316472,0.611328125,0.81591796875,-0.082763671875,Mouth open
1713972933.355463,0.612060546875,0.811279296875,-0.087158203125,Mouth open
1713972933.395657,0.615478515625,0.81201171875,-0.08837890625,Mouth open
1713972933.44115,0.61181640625,0.80908203125,-0.090087890625,Mouth open
1713972933.479069,0.611572265625,0.8125,-0.087646484375,Mouth open
1713972933.52003,0.608642578125,0.811279296875,-0.090576171875,Mouth open
1713972933.556315,0.614990234375,0.812744140625,-0.086669921875,Mouth open
1713972933.596838,0.61279296875,0.810546875,-0.0859375,Mouth open
1713972933.637978,0.617431640625,0.813232421875,-0.083740234375,Mouth open
1713972933.686355,0.6123046875,0.814453125,-0.081298828125,Mouth open
1713972933.717964,0.610107421875,0.81298828125,-0.085205078125,Mouth open
1713972933.761854,0.6103515625,0.8125,-0.08349609375,Mouth open
1713972933.796312,0.612060546875,0.816162109375,-0.08203125,Mouth open
1713972933.848843,0.609619140625,0.812744140625,-0.079833984375,Mouth open
1713972933.878295,0.61328125,0.815673828125,-0.07861328125,Mouth open
1713972933.929101,0.61474609375,0.814453125,-0.080078125,Mouth open
1713972933.956032,0.610107421875,0.810546875,-0.075927734375,Mouth open
1713972934.003884,0.612548828125,0.8154296875,-0.08154296875,Mouth open
1713972934.036454,0.611328125,0.812255859375,-0.0849609375,Mouth open
1713972934.086229,0.609130859375,0.81201171875,-0.083251953125,Mouth open
1713972934.117121,0.6103515625,0.816650390625,-0.081298828125,Mouth open
1713972934.1687,0.607177734375,0.813232421875,-0.0810546875,Mouth open
1713972934.197288,0.6142578125,0.81591796875,-0.078125,Mouth open
1713972934.250696,0.609375,0.811279296875,-0.078125,Mouth open
1713972934.279699,0.611572265625,0.81591796875,-0.076171875,Mouth open
1713972934.322656,0.610595703125,0.81298828125,-0.08154296875,Mouth open
1713972934.355974,0.60791015625,0.812255859375,-0.076416015625,Mouth open
1713972934.396016,0.6103515625,0.816162109375,-0.07958984375,Mouth open
1713972934.437083,0.60791015625,0.81640625,-0.0771484375,Mouth open
1713972934.475842,0.60986328125,0.811767578125,-0.0791015625,Mouth open
1713972934.519695,0.613037109375,0.81298828125,-0.07763671875,Mouth open
1713972934.560501,0.61376953125,0.8173828125,-0.07958984375,Mouth open
1713972934.598866,0.60986328125,0.811767578125,-0.0791015625,Mouth open
1713972934.638899,0.61181640625,0.81494140625,-0.083251953125,Mouth open
1713972934.676898,0.610595703125,0.814208984375,-0.08056640625,Mouth open
1713972934.730863,0.611328125,0.8095703125,-0.079345703125,Mouth open
1713972934.758998,0.614013671875,0.81103515625,-0.082763671875,Mouth open
1713972934.808545,0.6162109375,0.805419921875,-0.10498046875,Mouth open
1713972934.837197,0.636474609375,0.819580078125,-0.106689453125,Mouth open
1713972934.890935,0.621337890625,0.788818359375,-0.03125,Mouth open
1713972934.918205,0.630859375,0.806396484375,-0.07080078125,Mouth open
1713972934.968057,0.64111328125,0.79638671875,-0.1064453125,Mouth open
1713972935.005851,0.63623046875,0.81201171875,-0.08251953125,Mouth open
1713972935.044988,0.63623046875,0.7939453125,-0.088134765625,Mouth open
1713972935.077169,0.6455078125,0.792724609375,-0.094482421875,Mouth open
1713972935.131274,0.62744140625,0.784423828125,-0.125732421875,Mouth open
1713972935.160012,0.6396484375,0.770263671875,-0.09423828125,Mouth open
1713972935.203436,0.640625,0.778564453125,-0.11279296875,Mouth open
1713972935.239798,0.639892578125,0.786865234375,-0.1064453125,Mouth open
1713972935.284178,0.642822265625,0.787841796875,-0.0966796875,Mouth open
1713972935.326547,0.63818359375,0.794921875,-0.108154296875,Mouth open
1713972935.359714,0.63232421875,0.78857421875,-0.110595703125,Mouth open
1713972935.402865,0.630126953125,0.787841796875,-0.11376953125,Mouth open
1713972935.444396,0.631591796875,0.788330078125,-0.11962890625,Mouth open
1713972935.482502,0.630126953125,0.78955078125,-0.107421875,Mouth open
1713972935.522371,0.63232421875,0.792724609375,-0.099365234375,Mouth open
1713972935.560598,0.63134765625,0.796875,-0.101318359375,Mouth open
1713972935.610613,0.630615234375,0.80078125,-0.10205078125,Mouth open
1713972935.640192,0.630615234375,0.802490234375,-0.0966796875,Mouth open
1713972935.684147,0.621337890625,0.798828125,-0.109130859375,Mouth open
1713972935.718443,0.625,0.79736328125,-0.110595703125,Mouth open
1713972935.765993,0.626220703125,0.799560546875,-0.105712890625,Mouth open
1713972935.804805,0.62646484375,0.796142578125,-0.1044921875,Mouth open
1713972935.843499,0.62841796875,0.796875,-0.10791015625,Mouth open
1713972935.882912,0.63134765625,0.794189453125,-0.102783203125,Mouth open
1713972935.925064,0.629150390625,0.79736328125,-0.101318359375,Mouth open
1713972935.964409,0.628662109375,0.79736328125,-0.10302734375,Mouth open
1713972936.004342,0.62255859375,0.796875,-0.107177734375,Mouth open
1713972936.042096,0.624267578125,0.7978515625,-0.10302734375,Mouth open
1713972936.081325,0.6240234375,0.80078125,-0.10791015625,Mouth open
1713972936.12147,0.62548828125,0.801513671875,-0.105224609375,Mouth open
1713972936.161251,0.62451171875,0.795166015625,-0.100341796875,Mouth open
1713972936.201841,0.624267578125,0.8017578125,-0.099365234375,Mouth open
1713972936.243454,0.626220703125,0.802978515625,-0.099365234375,Mouth open
1713972936.282244,0.6201171875,0.7958984375,-0.09912109375,Mouth open
1713972936.32117,0.623046875,0.80029296875,-0.10400390625,Mouth open
1713972936.360926,0.62890625,0.802978515625,-0.098876953125,Mouth open
1713972936.404038,0.6259765625,0.7998046875,-0.101806640625,Mouth open
1713972936.439766,0.62255859375,0.798828125,-0.100830078125,Mouth open
1713972936.481622,0.63037109375,0.801025390625,-0.1025390625,Mouth open
1713972936.520189,0.625,0.7958984375,-0.101318359375,Mouth open
1713972936.561115,0.62451171875,0.79736328125,-0.107177734375,Mouth open
1713972936.602209,0.6259765625,0.802490234375,-0.103271484375,Mouth open
1713972936.641994,0.622802734375,0.798583984375,-0.11083984375,Mouth open
1713972936.681247,0.62353515625,0.8056640625,-0.102783203125,Mouth open
1713972936.723273,0.621826171875,0.800537109375,-0.100830078125,Mouth open
1713972936.761608,0.624267578125,0.8017578125,-0.10498046875,Mouth open
1713972936.803124,0.622802734375,0.80615234375,-0.10498046875,Mouth open
1713972936.842607,0.625732421875,0.805908203125,-0.1025390625,Mouth open
1713972936.887163,0.621337890625,0.80322265625,-0.09814453125,Mouth open
1713972936.922194,0.620849609375,0.802001953125,-0.102294921875,Mouth open
1713972936.966859,0.620849609375,0.8037109375,-0.101318359375,Mouth open
1713972937.001185,0.62158203125,0.800048828125,-0.09814453125,Mouth open
1713972937.044969,0.62451171875,0.7998046875,-0.096435546875,Mouth open
1713972937.081437,0.625732421875,0.802001953125,-0.095458984375,Mouth open
1713972937.12265,0.623046875,0.800537109375,-0.096435546875,Mouth open
1713972937.162347,0.620849609375,0.802978515625,-0.10009765625,Mouth open
1713972937.203211,0.6220703125,0.8046875,-0.097412109375,Mouth open
1713972937.242983,0.619140625,0.798828125,-0.1005859375,Mouth open
1713972937.28449,0.620361328125,0.806396484375,-0.097412109375,Mouth open
1713972937.323242,0.6181640625,0.805908203125,-0.10107421875,Mouth open
1713972937.363538,0.620849609375,0.8056640625,-0.10302734375,Mouth open
1713972937.409004,0.6259765625,0.802001953125,-0.10009765625,Mouth open
1713972937.445975,0.62548828125,0.8037109375,-0.093994140625,Mouth open
1713972937.486203,0.623779296875,0.8017578125,-0.092041015625,Mouth open
1713972937.524555,0.625244140625,0.798095703125,-0.099609375,Mouth open
1713972937.573986,0.623291015625,0.79736328125,-0.09521484375,Mouth open
1713972937.605138,0.6171875,0.8017578125,-0.0927734375,Mouth open
1713972937.650659,0.62158203125,0.805908203125,-0.09375,Mouth open
1713972937.684191,0.6171875,0.80322265625,-0.0947265625,Mouth open
1713972937.7312,0.61669921875,0.81103515625,-0.09130859375,Mouth open
1713972937.761898,0.616943359375,0.80810546875,-0.0908203125,Mouth open
1713972937.80154,0.61669921875,0.81005859375,-0.09228515625,Mouth open
1713972937.846177,0.617919921875,0.807373046875,-0.08984375,Mouth open
1713972937.882782,0.618408203125,0.8095703125,-0.091552734375,Mouth open
1713972937.922961,0.6201171875,0.8076171875,-0.089111328125,Mouth open
1713972937.963174,0.625244140625,0.8076171875,-0.092529296875,Mouth open
1713972938.004068,0.62060546875,0.80126953125,-0.090087890625,Mouth open
1713972938.046945,0.620361328125,0.806396484375,-0.084716796875,Mouth open
1713972938.086414,0.621826171875,0.806396484375,-0.0966796875,Mouth open
1713972938.127858,0.617431640625,0.806640625,-0.095458984375,Mouth open
1713972938.166008,0.616943359375,0.8056640625,-0.09228515625,Mouth open
1713972938.207695,0.61767578125,0.80615234375,-0.0908203125,Mouth open
1713972938.24738,0.62451171875,0.8037109375,-0.095458984375,Mouth open
1713972938.284696,0.622802734375,0.80322265625,-0.09033203125,Mouth open
1713972938.326985,0.626220703125,0.805908203125,-0.092529296875,Mouth open
1713972938.363066,0.622802734375,0.80224609375,-0.08935546875,Mouth open
1713972938.404921,0.622314453125,0.80224609375,-0.09326171875,Mouth open
1713972938.443219,0.62109375,0.80322265625,-0.09375,Mouth open
1713972938.484193,0.62060546875,0.802490234375,-0.093505859375,Mouth open
1713972938.525252,0.62060546875,0.8046875,-0.0908203125,Mouth open
1713972938.564432,0.61865234375,0.806884765625,-0.093994140625,Mouth open
1713972938.60557,0.62158203125,0.804931640625,-0.08984375,Mouth open
1713972938.649913,0.619140625,0.8037109375,-0.0888671875,Mouth open
1713972938.685887,0.620849609375,0.8095703125,-0.092041015625,Mouth open
1713972938.726251,0.614990234375,0.807373046875,-0.092041015625,Mouth open
1713972938.766497,0.61669921875,0.808837890625,-0.093994140625,Mouth open
1713972938.806074,0.61865234375,0.807861328125,-0.09619140625,Mouth open
1713972938.847186,0.6171875,0.80517578125,-0.095703125,Mouth open
1713972938.886364,0.616455078125,0.8056640625,-0.09521484375,Mouth open
1713972938.927083,0.62158203125,0.807861328125,-0.093994140625,Mouth open
1713972938.966327,0.617431640625,0.80517578125,-0.089599609375,Mouth open
1713972939.0052,0.6220703125,0.8056640625,-0.096923828125,Mouth open
1713972939.046515,0.6171875,0.802978515625,-0.097412109375,Mouth open
1713972939.084529,0.620361328125,0.80322265625,-0.09521484375,Mouth open
1713972939.124142,0.62060546875,0.80419921875,-0.1005859375,Mouth open
1713972939.166195,0.6220703125,0.80517578125,-0.098876953125,Mouth open
1713972939.205692,0.624755859375,0.80517578125,-0.0947265625,Mouth open
1713972939.246995,0.618896484375,0.803466796875,-0.098388671875,Mouth open
1713972939.286237,0.621337890625,0.80712890625,-0.095458984375,Mouth open
1713972939.326181,0.62109375,0.807861328125,-0.091064453125,Mouth open
1713972939.367385,0.61474609375,0.80615234375,-0.09765625,Mouth open
1713972939.407971,0.619140625,0.805419921875,-0.09033203125,Mouth open
1713972939.44742,0.621337890625,0.806884765625,-0.09375,Mouth open
1713972939.488103,0.61865234375,0.804443359375,-0.0966796875,Mouth open
1713972939.53973,0.620361328125,0.80615234375,-0.09716796875,Mouth open
1713972939.567582,0.62060546875,0.805908203125,-0.093017578125,Mouth open
1713972939.619979,0.61962890625,0.806884765625,-0.097900390625,Mouth open
1713972939.64613,0.61962890625,0.806884765625,-0.100830078125,Mouth open
1713972939.68583,0.619873046875,0.803466796875,-0.102294921875,Mouth open
1713972939.726169,0.6171875,0.80517578125,-0.100830078125,Mouth open
1713972939.766811,0.61962890625,0.804443359375,-0.10107421875,Mouth open
1713972939.808817,0.624755859375,0.805419921875,-0.101318359375,Mouth open
1713972939.847153,0.618896484375,0.801025390625,-0.098876953125,Mouth open
1713972939.886951,0.618408203125,0.80615234375,-0.097900390625,Mouth open
1713972939.927869,0.62353515625,0.806884765625,-0.09521484375,Mouth open
1713972939.967186,0.6162109375,0.80224609375,-0.095703125,Mouth open
1713972940.009666,0.619873046875,0.806396484375,-0.095947265625,Mouth open
1713972940.050793,0.6201171875,0.8076171875,-0.09619140625,Mouth open
1713972940.089672,0.621337890625,0.807373046875,-0.0966796875,Mouth open
1713972940.130072,0.61767578125,0.80517578125,-0.09423828125,Mouth open
1713972940.168841,0.622314453125,0.8076171875,-0.093017578125,Mouth open
1713972940.208349,0.61376953125,0.80712890625,-0.094970703125,Mouth open
1713972940.248392,0.617919921875,0.806396484375,-0.09765625,Mouth open
1713972940.289094,0.619873046875,0.806640625,-0.10009765625,Mouth open
1713972940.326533,0.619140625,0.8037109375,-0.098388671875,Mouth open
1713972940.36771,0.619140625,0.806640625,-0.0966796875,Mouth open
1713972940.405244,0.6181640625,0.807373046875,-0.09765625,Mouth open
1713972940.445231,0.6220703125,0.8056640625,-0.094482421875,Mouth open
1713972940.487445,0.615966796875,0.807373046875,-0.0908203125,Mouth open
1713972940.526169,0.62158203125,0.80615234375,-0.087646484375,Mouth open
1713972940.56706,0.617919921875,0.805419921875,-0.08837890625,Mouth open
1713972940.60791,0.620849609375,0.8046875,-0.090576171875,Mouth open
1713972940.647502,0.619384765625,0.805908203125,-0.0908203125,Mouth open
1713972940.687551,0.62060546875,0.806884765625,-0.09375,Mouth open
1713972940.727284,0.61865234375,0.803466796875,-0.093994140625,Mouth open
1713972940.769011,0.620849609375,0.80859375,-0.0927734375,Mouth open
1713972940.808994,0.6181640625,0.80712890625,-0.093017578125,Mouth open
1713972940.850841,0.618408203125,0.80615234375,-0.0947265625,Mouth open
1713972940.887842,0.61962890625,0.806884765625,-0.093505859375,Mouth open
1713972940.929842,0.620361328125,0.80517578125,-0.095703125,Mouth open
1713972940.966236,0.61767578125,0.804931640625,-0.095458984375,Mouth open
1713972941.00611,0.618896484375,0.808837890625,-0.09619140625,Mouth open
1713972941.046308,0.623291015625,0.810791015625,-0.09326171875,Mouth open
1713972941.087328,0.617919921875,0.802734375,-0.091552734375,Mouth open
1713972941.127113,0.6201171875,0.80712890625,-0.090087890625,Mouth open
1713972941.167353,0.619384765625,0.8095703125,-0.09033203125,Mouth open
1713972941.212716,0.616455078125,0.805419921875,-0.0888671875,Mouth open
1713972941.248861,0.61962890625,0.8076171875,-0.0888671875,Mouth open
1713972941.290193,0.6171875,0.811279296875,-0.089599609375,Mouth open
1713972941.330094,0.62255859375,0.8076171875,-0.09375,Mouth open
1713972941.369068,0.619873046875,0.805419921875,-0.0888671875,Mouth open
1713972941.411129,0.620361328125,0.811767578125,-0.093017578125,Mouth open
1713972941.448939,0.615966796875,0.810302734375,-0.094970703125,Mouth open
1713972941.492602,0.6162109375,0.807861328125,-0.09716796875,Mouth open
1713972941.538283,0.618408203125,0.80615234375,-0.091064453125,Mouth open
1713972941.570289,0.617919921875,0.8076171875,-0.0947265625,Mouth open
1713972941.621912,0.617431640625,0.805419921875,-0.094482421875,Mouth open
1713972941.646276,0.617431640625,0.81005859375,-0.08984375,Mouth open
1713972941.695678,0.621826171875,0.806884765625,-0.092041015625,Mouth open
1713972941.726017,0.617919921875,0.8056640625,-0.08984375,Mouth open
1713972941.778233,0.62158203125,0.806884765625,-0.0888671875,Mouth open
1713972941.807068,0.6142578125,0.808349609375,-0.091796875,Mouth open
1713972941.850814,0.6171875,0.80712890625,-0.08837890625,Mouth open
1713972941.893377,0.61669921875,0.80859375,-0.09228515625,Mouth open
1713972941.934442,0.6171875,0.81005859375,-0.09033203125,Mouth open
1713972941.972632,0.6162109375,0.805419921875,-0.0908203125,Mouth open
1713972942.01168,0.61767578125,0.808837890625,-0.095947265625,Mouth open
1713972942.049403,0.619384765625,0.8076171875,-0.094482421875,Mouth open
1713972942.088614,0.619140625,0.808837890625,-0.096435546875,Mouth open
1713972942.136687,0.619140625,0.802978515625,-0.09423828125,Mouth open
1713972942.177771,0.6171875,0.808837890625,-0.093505859375,Mouth open
1713972942.214165,0.6181640625,0.80615234375,-0.093994140625,Mouth open
1713972942.255586,0.6201171875,0.81005859375,-0.0927734375,Mouth open
1713972942.292882,0.6142578125,0.804931640625,-0.093017578125,Mouth open
1713972942.326082,0.625244140625,0.808837890625,-0.091796875,Mouth open
1713972942.368572,0.61669921875,0.802734375,-0.091064453125,Mouth open
1713972942.408451,0.622314453125,0.811767578125,-0.090087890625,Mouth open
1713972942.449533,0.61865234375,0.807373046875,-0.0888671875,Mouth open
1713972942.49022,0.62109375,0.810546875,-0.091552734375,Mouth open
1713972942.527434,0.617431640625,0.80908203125,-0.092041015625,Mouth open
1713972942.569046,0.614013671875,0.8095703125,-0.09130859375,Mouth open
1713972942.607435,0.61572265625,0.8095703125,-0.093994140625,Mouth open
1713972942.647621,0.6171875,0.808349609375,-0.093994140625,Mouth open
1713972942.688845,0.6171875,0.807373046875,-0.09619140625,Mouth open
1713972942.731498,0.61865234375,0.804931640625,-0.095458984375,Mouth open
1713972942.769359,0.6171875,0.80712890625,-0.097412109375,Mouth open
1713972942.809746,0.6162109375,0.8046875,-0.095947265625,Mouth open
1713972942.846989,0.617919921875,0.803955078125,-0.0986328125,Mouth open
1713972942.889087,0.617919921875,0.80419921875,-0.095947265625,Mouth open
1713972942.926458,0.616943359375,0.805419921875,-0.095458984375,Mouth open
1713972942.966268,0.61767578125,0.804443359375,-0.095947265625,Mouth open
1713972943.007169,0.619140625,0.806396484375,-0.093994140625,Mouth open
1713972943.052709,0.623779296875,0.8115234375,-0.093505859375,Mouth open
1713972943.091316,0.614990234375,0.8056640625,-0.09521484375,Mouth open
1713972943.129529,0.616455078125,0.806884765625,-0.097412109375,Mouth open
1713972943.168934,0.61767578125,0.805419921875,-0.093994140625,Mouth open
1713972943.209666,0.619384765625,0.8056640625,-0.095703125,Mouth open
1713972943.253769,0.61328125,0.807373046875,-0.095458984375,Mouth open
1713972943.289176,0.619140625,0.80859375,-0.09521484375,Mouth open
1713972943.338029,0.6171875,0.80517578125,-0.0947265625,Mouth open
1713972943.378491,0.618408203125,0.808349609375,-0.096435546875,Mouth open
1713972943.416838,0.617919921875,0.807861328125,-0.097412109375,Mouth open
1713972943.449991,0.6171875,0.8076171875,-0.09814453125,Mouth open
1713972943.491491,0.616943359375,0.806396484375,-0.099853515625,Mouth open
1713972943.529502,0.614013671875,0.806640625,-0.096435546875,Mouth open
1713972943.569814,0.617431640625,0.810546875,-0.09716796875,Mouth open
1713972943.612141,0.6181640625,0.805908203125,-0.091796875,Mouth open
1713972943.662412,0.61865234375,0.808837890625,-0.08935546875,Mouth open
1713972943.689597,0.616943359375,0.80908203125,-0.09033203125,Mouth open
1713972943.730339,0.614013671875,0.80810546875,-0.092529296875,Mouth open
1713972943.770929,0.618408203125,0.810302734375,-0.0927734375,Mouth open
1713972943.815293,0.6142578125,0.810302734375,-0.091796875,Mouth open
1713972943.850024,0.622314453125,0.807373046875,-0.091796875,Mouth open
1713972943.895515,0.615966796875,0.806640625,-0.089599609375,Mouth open
1713972943.933967,0.617431640625,0.80859375,-0.089111328125,Mouth open
1713972943.978712,0.614990234375,0.80615234375,-0.0888671875,Mouth open
1713972944.011055,0.61865234375,0.80615234375,-0.091552734375,Mouth open
1713972944.062372,0.6162109375,0.809326171875,-0.093017578125,Mouth open
1713972944.093287,0.616455078125,0.804931640625,-0.094970703125,Mouth open
1713972944.131068,0.61572265625,0.8076171875,-0.09326171875,Mouth open
1713972944.171249,0.61474609375,0.807861328125,-0.093505859375,Mouth open
1713972944.209396,0.6201171875,0.8115234375,-0.094482421875,Mouth open
1713972944.253936,0.618896484375,0.807373046875,-0.0908203125,Mouth open
1713972944.289886,0.615478515625,0.809326171875,-0.088623046875,Mouth open
1713972944.330939,0.6171875,0.810302734375,-0.089599609375,Mouth open
1713972944.370073,0.6103515625,0.807373046875,-0.08935546875,Mouth open
1713972944.410941,0.614501953125,0.807861328125,-0.09033203125,Mouth open
1713972944.449955,0.616943359375,0.8095703125,-0.088134765625,Mouth open
1713972944.493695,0.620361328125,0.810791015625,-0.087646484375,Mouth open
1713972944.533096,0.61669921875,0.806640625,-0.086669921875,Mouth open
1713972944.574397,0.61962890625,0.811279296875,-0.089111328125,Mouth open
1713972944.612763,0.617919921875,0.8076171875,-0.089111328125,Mouth open
1713972944.660928,0.617431640625,0.807861328125,-0.091796875,Mouth open
1713972944.698614,0.61669921875,0.805419921875,-0.090576171875,Mouth open
1713972944.734519,0.615966796875,0.809326171875,-0.09130859375,Mouth open
1713972944.779022,0.616943359375,0.808837890625,-0.091064453125,Mouth open
1713972944.811959,0.617431640625,0.80810546875,-0.091796875,Mouth open
1713972944.853789,0.623046875,0.813232421875,-0.0869140625,Mouth open
1713972944.891432,0.618408203125,0.80615234375,-0.08984375,Mouth open
1713972944.930184,0.61767578125,0.81201171875,-0.085205078125,Mouth open
1713972944.975717,0.619384765625,0.810546875,-0.087890625,Mouth open
1713972945.011852,0.6142578125,0.809326171875,-0.087890625,Mouth open
1713972945.062295,0.61572265625,0.8095703125,-0.0859375,Mouth open
1713972945.092337,0.615966796875,0.81201171875,-0.085205078125,Mouth open
1713972945.131947,0.619873046875,0.810302734375,-0.08740234375,Mouth open
1713972945.172863,0.616943359375,0.806884765625,-0.0869140625,Mouth open
1713972945.212379,0.618896484375,0.809814453125,-0.08837890625,Mouth open
1713972945.25512,0.616943359375,0.807373046875,-0.08984375,Mouth open
1713972945.292882,0.618896484375,0.807861328125,-0.093017578125,Mouth open
1713972945.33573,0.619140625,0.804443359375,-0.0908203125,Mouth open
1713972945.373115,0.616455078125,0.8046875,-0.091552734375,Mouth open
1713972945.413998,0.61865234375,0.807373046875,-0.08984375,Mouth open
1713972945.452984,0.616455078125,0.80810546875,-0.09033203125,Mouth open
1713972945.491827,0.6240234375,0.810302734375,-0.08837890625,Mouth open
1713972945.531031,0.616943359375,0.8076171875,-0.086181640625,Mouth open
1713972945.576151,0.61865234375,0.81298828125,-0.08642578125,Mouth open
1713972945.613791,0.618896484375,0.809814453125,-0.08837890625,Mouth open
1713972945.651969,0.61376953125,0.80615234375,-0.086181640625,Mouth open
1713972945.699327,0.618408203125,0.80810546875,-0.08837890625,Mouth open
1713972945.742399,0.615478515625,0.80859375,-0.087158203125,Mouth open
1713972945.77904,0.621337890625,0.80859375,-0.088623046875,Mouth open
1713972945.820223,0.619140625,0.807373046875,-0.091552734375,Mouth open
1713972945.854953,0.618896484375,0.808837890625,-0.090576171875,Mouth open
1713972945.908217,0.618408203125,0.808349609375,-0.092041015625,Mouth open
1713972945.934833,0.615478515625,0.809326171875,-0.09814453125,Mouth open
1713972945.985599,0.62109375,0.805908203125,-0.09130859375,Mouth open
1713972946.01463,0.6181640625,0.8037109375,-0.094970703125,Mouth open
1713972946.0623,0.622802734375,0.806396484375,-0.0849609375,Mouth open
1713972946.103569,0.6201171875,0.804931640625,-0.09033203125,Mouth open
1713972946.141739,0.6201171875,0.80224609375,-0.089599609375,Mouth open
1713972946.178466,0.62060546875,0.805908203125,-0.086669921875,Mouth open
1713972946.229124,0.620849609375,0.806884765625,-0.089599609375,Mouth open
1713972946.256483,0.615966796875,0.805908203125,-0.086181640625,Mouth open
1713972946.294012,0.619140625,0.808349609375,-0.091552734375,Mouth open
1713972946.33555,0.61669921875,0.810546875,-0.089111328125,Mouth open
1713972946.374532,0.620849609375,0.808349609375,-0.09033203125,Mouth open
1713972946.415306,0.61572265625,0.808349609375,-0.0888671875,Mouth open
1713972946.456043,0.619140625,0.808349609375,-0.090087890625,Mouth open
1713972946.49729,0.615478515625,0.805419921875,-0.087646484375,Mouth open
1713972946.537997,0.617919921875,0.806396484375,-0.09326171875,Mouth open
1713972946.576849,0.6181640625,0.806396484375,-0.09619140625,Mouth open
1713972946.616693,0.61962890625,0.804931640625,-0.098876953125,Mouth open
1713972946.657667,0.6201171875,0.809326171875,-0.0908203125,Mouth open
1713972946.698021,0.615478515625,0.809326171875,-0.08935546875,Mouth open
1713972946.742788,0.61962890625,0.802490234375,-0.09326171875,Mouth open
1713972946.782133,0.61962890625,0.802734375,-0.0888671875,Mouth open
1713972946.819519,0.61962890625,0.807373046875,-0.088134765625,Mouth open
1713972946.854418,0.615234375,0.8076171875,-0.083984375,Mouth open
1713972946.908579,0.618896484375,0.806884765625,-0.084228515625,Mouth open
1713972946.936745,0.617919921875,0.80810546875,-0.0869140625,Mouth open
1713972946.978797,0.621337890625,0.808349609375,-0.086181640625,Mouth open
1713972947.015602,0.61474609375,0.806640625,-0.087158203125,Mouth open
1713972947.060895,0.620361328125,0.81005859375,-0.08935546875,Mouth open
1713972947.097753,0.617919921875,0.81201171875,-0.086669921875,Mouth open
1713972947.145561,0.618896484375,0.810546875,-0.086181640625,Mouth open
1713972947.17697,0.618408203125,0.809326171875,-0.08935546875,Mouth open
1713972947.22726,0.617431640625,0.806640625,-0.089599609375,Mouth open
1713972947.258886,0.61767578125,0.8046875,-0.090576171875,Mouth open
1713972947.296971,0.61669921875,0.809326171875,-0.092529296875,Mouth open
1713972947.339082,0.623046875,0.811767578125,-0.09326171875,Mouth open
1713972947.377205,0.6201171875,0.811767578125,-0.095458984375,Mouth open
1713972947.419834,0.615478515625,0.810546875,-0.09326171875,Mouth open
1713972947.45743,0.614990234375,0.810791015625,-0.087890625,Mouth open
1713972947.497973,0.614013671875,0.803955078125,-0.08056640625,Mouth open
1713972947.542456,0.61865234375,0.799560546875,-0.08056640625,Mouth open
1713972947.576227,0.623046875,0.802978515625,-0.08154296875,Mouth open
1713972947.616945,0.62744140625,0.800537109375,-0.084716796875,Mouth open
1713972947.65753,0.623779296875,0.803466796875,-0.080322265625,Mouth open
1713972947.709328,0.622314453125,0.806396484375,-0.0859375,Mouth open
1713972947.739723,0.61865234375,0.804443359375,-0.0908203125,Mouth open
1713972947.782096,0.617919921875,0.80859375,-0.093017578125,Mouth open
1713972947.825944,0.61962890625,0.807373046875,-0.09033203125,Mouth open
1713972947.865121,0.62158203125,0.80615234375,-0.0869140625,Mouth open
1713972947.899174,0.620361328125,0.808349609375,-0.082763671875,Mouth open
1713972947.939105,0.6162109375,0.806640625,-0.08984375,Mouth open
1713972947.984967,0.61865234375,0.8056640625,-0.08544921875,Mouth open
1713972948.019976,0.61767578125,0.80908203125,-0.08203125,Mouth closed
1713972948.062213,0.622314453125,0.81103515625,-0.08251953125,Mouth closed
1713972948.100437,0.614501953125,0.810546875,-0.083984375,Mouth closed
1713972948.144076,0.616455078125,0.809326171875,-0.083740234375,Mouth closed
1713972948.176861,0.619140625,0.808837890625,-0.083984375,Mouth closed
1713972948.216947,0.6201171875,0.80712890625,-0.082763671875,Mouth closed
1713972948.258683,0.61669921875,0.80419921875,-0.084716796875,Mouth closed
1713972948.297854,0.622314453125,0.8076171875,-0.08203125,Mouth closed
1713972948.338304,0.62255859375,0.80810546875,-0.08056640625,Mouth closed
1713972948.379654,0.617919921875,0.8076171875,-0.082763671875,Mouth closed
1713972948.419839,0.616943359375,0.80859375,-0.0810546875,Mouth closed
1713972948.458793,0.61865234375,0.80810546875,-0.087890625,Mouth closed
1713972948.498848,0.615478515625,0.806640625,-0.086669921875,Mouth closed
1713972948.539224,0.614990234375,0.806396484375,-0.08740234375,Mouth closed
1713972948.580876,0.619140625,0.80859375,-0.089111328125,Mouth closed
1713972948.621773,0.619384765625,0.80859375,-0.08251953125,Mouth closed
1713972948.659815,0.615966796875,0.805908203125,-0.0791015625,Mouth closed
1713972948.702173,0.61865234375,0.8115234375,-0.0830078125,Mouth closed
1713972948.741773,0.614990234375,0.81005859375,-0.077880859375,Mouth closed
1713972948.782191,0.6162109375,0.806884765625,-0.0830078125,Mouth closed
1713972948.82062,0.6171875,0.811279296875,-0.080810546875,Mouth closed
1713972948.864982,0.61962890625,0.80908203125,-0.086669921875,Mouth closed
1713972948.901729,0.614013671875,0.806640625,-0.086669921875,Mouth closed
1713972948.939091,0.620361328125,0.811767578125,-0.086181640625,Mouth closed
1713972948.995434,0.615966796875,0.806640625,-0.09033203125,Mouth closed
1713972949.02241,0.61865234375,0.80810546875,-0.089111328125,Mouth closed
1713972949.060898,0.619873046875,0.810302734375,-0.08984375,Mouth closed
1713972949.103731,0.61767578125,0.807373046875,-0.088623046875,Mouth closed
1713972949.14146,0.615966796875,0.807861328125,-0.089599609375,Mouth closed
1713972949.180197,0.615478515625,0.809326171875,-0.090576171875,Mouth closed
1713972949.219897,0.622314453125,0.808349609375,-0.09375,Mouth closed
1713972949.264909,0.619873046875,0.8056640625,-0.093505859375,Mouth closed
1713972949.303031,0.62158203125,0.810302734375,-0.090087890625,Mouth closed
1713972949.340851,0.618896484375,0.806884765625,-0.0908203125,Mouth closed
1713972949.381852,0.617431640625,0.8076171875,-0.086181640625,Mouth closed
1713972949.422328,0.618408203125,0.808837890625,-0.084716796875,Mouth closed
1713972949.459524,0.61767578125,0.807861328125,-0.089111328125,Mouth closed
1713972949.499511,0.6171875,0.807373046875,-0.090087890625,Mouth closed
1713972949.540826,0.618896484375,0.808837890625,-0.09228515625,Mouth closed
1713972949.5811,0.615966796875,0.81103515625,-0.086669921875,Mouth closed
1713972949.619815,0.6171875,0.807861328125,-0.087890625,Mouth closed
1713972949.660619,0.61767578125,0.80859375,-0.09033203125,Mouth closed
1713972949.700944,0.61474609375,0.80615234375,-0.089599609375,Mouth closed
1713972949.740233,0.61572265625,0.804931640625,-0.092041015625,Mouth closed
1713972949.780334,0.622314453125,0.808837890625,-0.09130859375,Mouth closed
1713972949.822955,0.619140625,0.80859375,-0.088623046875,Mouth closed
1713972949.860838,0.6201171875,0.80810546875,-0.08984375,Mouth closed
1713972949.903242,0.619384765625,0.8046875,-0.089111328125,Mouth closed
1713972949.942262,0.61962890625,0.808837890625,-0.089111328125,Mouth closed
1713972949.981971,0.614990234375,0.80810546875,-0.086669921875,Mouth closed
1713972950.022809,0.6142578125,0.805908203125,-0.080322265625,Mouth closed
1713972950.063677,0.61962890625,0.800048828125,-0.078857421875,Mouth closed
1713972950.101899,0.623291015625,0.811767578125,-0.082275390625,Mouth closed
1713972950.143486,0.61328125,0.80810546875,-0.089111328125,Mouth closed
1713972950.181021,0.612548828125,0.810302734375,-0.088623046875,Mouth closed
1713972950.22691,0.61328125,0.810546875,-0.087890625,Mouth closed
1713972950.263532,0.740478515625,0.86962890625,-0.14111328125,Mouth closed
1713972950.304282,0.610595703125,0.808837890625,-0.093505859375,Mouth closed
1713972950.34225,0.61279296875,0.8125,-0.093505859375,Mouth closed
1713972950.382814,0.610595703125,0.816650390625,-0.087646484375,Mouth closed
1713972950.422788,0.609130859375,0.813720703125,-0.086181640625,Mouth closed
1713972950.463851,0.61279296875,0.814697265625,-0.082763671875,Mouth closed
1713972950.502798,0.614990234375,0.816162109375,-0.08740234375,Mouth closed
1713972950.546912,0.6103515625,0.812744140625,-0.08642578125,Mouth closed
1713972950.584484,0.61328125,0.814697265625,-0.083251953125,Mouth closed
1713972950.62455,0.61279296875,0.814697265625,-0.0830078125,Mouth closed
1713972950.664515,0.611083984375,0.812744140625,-0.0849609375,Mouth closed
1713972950.70559,0.61181640625,0.814208984375,-0.085205078125,Mouth closed
1713972950.744063,0.6103515625,0.813720703125,-0.084228515625,Mouth closed
1713972950.781722,0.614013671875,0.81201171875,-0.08935546875,Mouth closed
1713972950.822094,0.6123046875,0.812255859375,-0.089599609375,Mouth closed
1713972950.862797,0.61328125,0.814453125,-0.089599609375,Mouth closed
1713972950.904467,0.611328125,0.81201171875,-0.090576171875,Mouth closed
1713972950.943758,0.612060546875,0.810302734375,-0.0927734375,Mouth closed
1713972950.983262,0.6103515625,0.81201171875,-0.089599609375,Mouth closed
1713972951.026563,0.608642578125,0.812255859375,-0.09326171875,Mouth closed
1713972951.068513,0.609619140625,0.8134765625,-0.091552734375,Mouth closed
1713972951.10524,0.609619140625,0.81005859375,-0.09130859375,Mouth closed
1713972951.145415,0.613037109375,0.81591796875,-0.090576171875,Mouth closed
1713972951.184147,0.611572265625,0.809814453125,-0.089599609375,Mouth closed
1713972951.233175,0.6162109375,0.813232421875,-0.0869140625,Mouth closed
1713972951.265891,0.61279296875,0.814697265625,-0.08837890625,Mouth closed
1713972951.315125,0.61083984375,0.814208984375,-0.087890625,Mouth closed
1713972951.353002,0.608154296875,0.8154296875,-0.087890625,Mouth closed
1713972951.392904,0.60986328125,0.81787109375,-0.088623046875,Mouth closed
1713972951.431164,0.60791015625,0.81640625,-0.088623046875,Mouth closed
1713972951.466892,0.61279296875,0.812255859375,-0.08544921875,Mouth closed
1713972951.50837,0.612548828125,0.8154296875,-0.086181640625,Mouth closed
1713972951.545884,0.6083984375,0.814453125,-0.086669921875,Mouth closed
1713972951.585453,0.609375,0.814208984375,-0.086669921875,Mouth closed
1713972951.624737,0.611572265625,0.812744140625,-0.0888671875,Mouth closed
1713972951.665056,0.607421875,0.81298828125,-0.092529296875,Mouth closed
1713972951.714995,0.609130859375,0.81591796875,-0.08642578125,Mouth closed
1713972951.746293,0.6083984375,0.815185546875,-0.088623046875,Mouth closed
1713972951.796008,0.61572265625,0.815673828125,-0.0859375,Mouth closed
1713972951.825865,0.612548828125,0.813720703125,-0.08740234375,Mouth closed
1713972951.866637,0.615234375,0.813232421875,-0.082275390625,Mouth closed
1713972951.911592,0.611083984375,0.8125,-0.087158203125,Mouth closed
1713972951.950943,0.61328125,0.812255859375,-0.0869140625,Mouth closed
1713972951.989227,0.612548828125,0.811279296875,-0.090576171875,Mouth closed
1713972952.031107,0.612060546875,0.810302734375,-0.085205078125,Mouth closed
1713972952.068571,0.607666015625,0.810302734375,-0.08935546875,Mouth closed
1713972952.106413,0.61376953125,0.812255859375,-0.08740234375,Mouth closed
1713972952.145033,0.612060546875,0.810791015625,-0.090087890625,Mouth closed
1713972952.18561,0.60986328125,0.811279296875,-0.089599609375,Mouth closed
1713972952.227775,0.612060546875,0.813232421875,-0.09375,Mouth closed
1713972952.267988,0.61328125,0.8134765625,-0.091552734375,Mouth closed
1713972952.306151,0.6123046875,0.809814453125,-0.090087890625,Mouth closed
1713972952.346729,0.612060546875,0.814697265625,-0.092041015625,Mouth closed
1713972952.385909,0.610595703125,0.809814453125,-0.092529296875,Mouth closed
1713972952.428094,0.611328125,0.810546875,-0.086669921875,Mouth closed
1713972952.466904,0.614013671875,0.814208984375,-0.0869140625,Mouth closed
1713972952.507129,0.6162109375,0.81494140625,-0.08642578125,Mouth closed
1713972952.548044,0.608642578125,0.8095703125,-0.0869140625,Mouth closed
1713972952.590283,0.612548828125,0.812744140625,-0.086669921875,Mouth closed
1713972952.628542,0.613037109375,0.81298828125,-0.08740234375,Mouth closed
1713972952.671921,0.614990234375,0.81298828125,-0.0888671875,Mouth closed
1713972952.714408,0.614501953125,0.80810546875,-0.0869140625,Mouth closed
1713972952.753075,0.614501953125,0.8134765625,-0.08837890625,Mouth closed
1713972952.791561,0.612060546875,0.813720703125,-0.08984375,Mouth closed
1713972952.832137,0.611572265625,0.8095703125,-0.09375,Mouth closed
1713972952.866314,0.613037109375,0.812744140625,-0.092529296875,Mouth closed
1713972952.922809,0.611572265625,0.8125,-0.09228515625,Mouth closed
1713972952.949237,0.612548828125,0.810302734375,-0.0888671875,Mouth closed
1713972952.988939,0.608642578125,0.8134765625,-0.089599609375,Mouth closed
1713972953.027992,0.61083984375,0.8095703125,-0.092529296875,Mouth closed
1713972953.069573,0.611328125,0.809814453125,-0.090087890625,Mouth closed
1713972953.10872,0.619873046875,0.815185546875,-0.08740234375,Mouth closed
1713972953.147728,0.608154296875,0.80810546875,-0.087158203125,Mouth closed
1713972953.190089,0.61279296875,0.8095703125,-0.088623046875,Mouth closed
1713972953.232944,0.611572265625,0.811279296875,-0.090087890625,Mouth closed
1713972953.269902,0.614990234375,0.809814453125,-0.085693359375,Mouth closed
1713972953.310055,0.610107421875,0.812255859375,-0.08642578125,Mouth closed
1713972953.349707,0.615966796875,0.813720703125,-0.083984375,Mouth closed
1713972953.390257,0.6123046875,0.813232421875,-0.0791015625,Mouth closed
1713972953.427692,0.6123046875,0.81640625,-0.082763671875,Mouth closed
1713972953.467468,0.61279296875,0.8134765625,-0.087890625,Mouth closed
1713972953.507051,0.6123046875,0.8095703125,-0.0859375,Mouth closed
1713972953.547681,0.6123046875,0.811279296875,-0.088623046875,Mouth closed
1713972953.593179,0.609619140625,0.81103515625,-0.0859375,Mouth closed
1713972953.629738,0.610595703125,0.8125,-0.08740234375,Mouth closed
1713972953.670072,0.61328125,0.813232421875,-0.087158203125,Mouth closed
1713972953.708629,0.61572265625,0.815673828125,-0.083984375,Mouth closed
1713972953.748206,0.61328125,0.8125,-0.08154296875,Mouth closed
1713972953.790755,0.614501953125,0.809326171875,-0.084716796875,Mouth closed
1713972953.839535,0.611572265625,0.81494140625,-0.084228515625,Mouth closed
1713972953.876465,0.611572265625,0.811767578125,-0.085205078125,Mouth closed
1713972953.911501,0.60986328125,0.810791015625,-0.08837890625,Mouth closed
1713972953.949709,0.6123046875,0.813232421875,-0.087158203125,Mouth closed
1713972953.999511,0.611083984375,0.814697265625,-0.085693359375,Mouth closed
1713972954.037544,0.613525390625,0.813720703125,-0.085693359375,Mouth closed
1713972954.077213,0.61328125,0.80810546875,-0.0849609375,Mouth closed
1713972954.11476,0.608642578125,0.805419921875,-0.08544921875,Mouth closed
1713972954.154568,0.617919921875,0.811279296875,-0.087646484375,Mouth closed
1713972954.189749,0.6103515625,0.81005859375,-0.08740234375,Mouth closed
1713972954.230754,0.61767578125,0.81591796875,-0.08154296875,Mouth closed
1713972954.271993,0.610595703125,0.811767578125,-0.07958984375,Mouth closed
1713972954.316656,0.61181640625,0.814697265625,-0.0751953125,Mouth closed
1713972954.351608,0.61279296875,0.819580078125,-0.08056640625,Mouth closed
1713972954.396813,0.608642578125,0.81103515625,-0.082763671875,Mouth closed
1713972954.439949,0.60693359375,0.810546875,-0.093994140625,Mouth closed
1713972954.474767,0.611328125,0.804443359375,-0.095458984375,Mouth closed
1713972954.517427,0.609130859375,0.820068359375,-0.09423828125,Mouth closed
1713972954.556154,0.6025390625,0.817626953125,-0.09521484375,Mouth closed
1713972954.595221,0.605224609375,0.822509765625,-0.095703125,Mouth closed
1713972954.634347,0.6083984375,0.819580078125,-0.078125,Mouth closed
1713972954.673013,0.6044921875,0.817138671875,-0.09814453125,Mouth closed
1713972954.713555,0.606201171875,0.81005859375,-0.09716796875,Mouth closed
1713972954.751659,0.607421875,0.81591796875,-0.09130859375,Mouth closed
1713972954.792459,0.605224609375,0.81591796875,-0.0869140625,Mouth closed
1713972954.829835,0.609375,0.81982421875,-0.08349609375,Mouth closed
1713972954.870743,0.604248046875,0.817626953125,-0.079833984375,Mouth closed
1713972954.911516,0.6103515625,0.818603515625,-0.07861328125,Mouth closed
1713972954.955084,0.605712890625,0.8203125,-0.08642578125,Mouth closed
1713972954.992264,0.6025390625,0.814453125,-0.083984375,Mouth closed
1713972955.03526,0.609375,0.81494140625,-0.081787109375,Mouth closed
1713972955.072523,0.602783203125,0.818359375,-0.088134765625,Mouth closed
1713972955.113651,0.6103515625,0.81591796875,-0.08837890625,Mouth closed
1713972955.154507,0.61328125,0.8154296875,-0.09228515625,Mouth closed
1713972955.194488,0.6064453125,0.813720703125,-0.0888671875,Mouth closed
1713972955.233818,0.609619140625,0.810546875,-0.085205078125,Mouth closed
1713972955.273271,0.611083984375,0.81640625,-0.08740234375,Mouth closed
1713972955.313981,0.612548828125,0.814453125,-0.084716796875,Mouth closed
1713972955.354063,0.606689453125,0.8134765625,-0.084716796875,Mouth closed
1713972955.398607,0.608642578125,0.8154296875,-0.085693359375,Mouth closed
1713972955.43513,0.60986328125,0.812744140625,-0.084228515625,Mouth closed
1713972955.477666,0.608642578125,0.810302734375,-0.08203125,Mouth closed
1713972955.513149,0.614990234375,0.816650390625,-0.077392578125,Mouth closed
1713972955.55168,0.610107421875,0.816650390625,-0.07861328125,Mouth closed
1713972955.591781,0.6103515625,0.815673828125,-0.078125,Mouth closed
1713972955.633655,0.60595703125,0.816650390625,-0.080322265625,Mouth closed
1713972955.672895,0.615478515625,0.8173828125,-0.07666015625,Mouth closed
1713972955.717991,0.608154296875,0.81640625,-0.081298828125,Mouth closed
1713972955.754533,0.60986328125,0.81494140625,-0.081298828125,Mouth closed
1713972955.794851,0.610107421875,0.81201171875,-0.077880859375,Mouth closed
1713972955.837341,0.610595703125,0.816162109375,-0.07958984375,Mouth closed
1713972955.887257,0.610107421875,0.8125,-0.08251953125,Mouth closed
1713972955.915686,0.608642578125,0.812744140625,-0.083251953125,Mouth closed
1713972955.96078,0.608642578125,0.81396484375,-0.08349609375,Mouth closed
1713972956.002344,0.60888671875,0.814453125,-0.082275390625,Mouth closed
1713972956.043459,0.61083984375,0.81005859375,-0.080078125,Mouth closed
1713972956.07375,0.60986328125,0.81298828125,-0.07861328125,Mouth closed
1713972956.118982,0.61376953125,0.815185546875,-0.07861328125,Mouth closed
1713972956.159794,0.607666015625,0.81494140625,-0.076904296875,Mouth closed
1713972956.200995,0.609130859375,0.81201171875,-0.080078125,Mouth closed
1713972956.238685,0.61279296875,0.816650390625,-0.0810546875,Mouth closed
1713972956.27836,0.614501953125,0.816162109375,-0.081298828125,Mouth closed
1713972956.316421,0.607421875,0.816162109375,-0.079345703125,Mouth closed
1713972956.355942,0.613037109375,0.81591796875,-0.081298828125,Mouth closed
1713972956.395453,0.611328125,0.814208984375,-0.082275390625,Mouth closed
1713972956.434592,0.609375,0.8134765625,-0.081298828125,Mouth closed
1713972956.47601,0.61181640625,0.810791015625,-0.08203125,Mouth closed
1713972956.515521,0.608154296875,0.814208984375,-0.07958984375,Mouth closed
1713972956.554733,0.609375,0.814208984375,-0.08251953125,Mouth closed
1713972956.597477,0.608154296875,0.813232421875,-0.083251953125,Mouth closed
1713972956.635912,0.611083984375,0.813232421875,-0.081298828125,Mouth closed
1713972956.676097,0.609375,0.814208984375,-0.08056640625,Mouth closed
1713972956.716462,0.61474609375,0.816162109375,-0.07666015625,Mouth closed
1713972956.753623,0.610107421875,0.815185546875,-0.079345703125,Mouth closed
1713972956.7966,0.60888671875,0.813232421875,-0.076416015625,Mouth closed
1713972956.834981,0.612060546875,0.814208984375,-0.077880859375,Mouth closed
1713972956.875371,0.615966796875,0.8134765625,-0.07958984375,Mouth closed
1713972956.912936,0.6083984375,0.812255859375,-0.078857421875,Mouth closed
1713972956.955536,0.61376953125,0.81298828125,-0.07958984375,Mouth closed
1713972956.994388,0.61376953125,0.815185546875,-0.077880859375,Mouth closed
1713972957.033647,0.61083984375,0.815673828125,-0.0830078125,Mouth closed
1713972957.074588,0.61279296875,0.81640625,-0.078125,Mouth closed
1713972957.11589,0.612060546875,0.81201171875,-0.07861328125,Mouth closed
1713972957.159307,0.6083984375,0.811279296875,-0.080078125,Mouth closed
1713972957.196401,0.607666015625,0.81396484375,-0.076904296875,Mouth closed
1713972957.23769,0.61767578125,0.814697265625,-0.07763671875,Mouth closed
1713972957.275589,0.611328125,0.812255859375,-0.079833984375,Mouth closed
1713972957.315686,0.6123046875,0.815673828125,-0.077880859375,Mouth closed
1713972957.354082,0.611572265625,0.81298828125,-0.077880859375,Mouth closed
1713972957.393146,0.6123046875,0.813232421875,-0.079345703125,Mouth closed
1713972957.432713,0.6123046875,0.814697265625,-0.079833984375,Mouth closed
1713972957.47261,0.60986328125,0.81298828125,-0.078125,Mouth closed
1713972957.513757,0.609375,0.812255859375,-0.079345703125,Mouth closed
1713972957.553648,0.61328125,0.812744140625,-0.07861328125,Mouth closed
1713972957.597617,0.61572265625,0.812255859375,-0.07666015625,Mouth closed
1713972957.634621,0.61328125,0.812255859375,-0.07763671875,Mouth closed
1713972957.675087,0.614013671875,0.810302734375,-0.0791015625,Mouth closed
1713972957.715188,0.613037109375,0.8115234375,-0.080322265625,Mouth closed
1713972957.755755,0.614501953125,0.81103515625,-0.080810546875,Mouth closed
1713972957.795645,0.61572265625,0.811767578125,-0.0830078125,Mouth closed
1713972957.836098,0.615478515625,0.81298828125,-0.080078125,Mouth closed
1713972957.875357,0.613037109375,0.80615234375,-0.07763671875,Mouth closed
1713972957.915172,0.615234375,0.809814453125,-0.07958984375,Mouth closed
1713972957.955189,0.61572265625,0.8115234375,-0.081298828125,Mouth closed
1713972957.995082,0.610107421875,0.809814453125,-0.076416015625,Mouth closed
1713972958.032839,0.613037109375,0.813232421875,-0.080078125,Mouth closed
1713972958.074432,0.619873046875,0.81005859375,-0.076171875,Mouth closed
1713972958.112562,0.615478515625,0.812255859375,-0.07763671875,Mouth closed
1713972958.15255,0.61962890625,0.812744140625,-0.079345703125,Mouth closed
1713972958.195267,0.614013671875,0.808349609375,-0.0830078125,Mouth closed
1713972958.234586,0.613037109375,0.81005859375,-0.078369140625,Mouth closed
1713972958.275578,0.614013671875,0.81005859375,-0.081787109375,Mouth closed
1713972958.314175,0.612548828125,0.811767578125,-0.086669921875,Mouth closed
1713972958.355059,0.61669921875,0.809326171875,-0.08056640625,Mouth closed
1713972958.394606,0.6142578125,0.808837890625,-0.082275390625,Mouth closed
1713972958.435881,0.617919921875,0.810302734375,-0.083740234375,Mouth closed
1713972958.473749,0.6142578125,0.80615234375,-0.078125,Mouth closed
1713972958.516626,0.615966796875,0.811767578125,-0.078125,Mouth closed
1713972958.554701,0.613525390625,0.8125,-0.079345703125,Mouth closed
1713972958.595681,0.614990234375,0.811767578125,-0.07958984375,Mouth closed
1713972958.634237,0.6142578125,0.8095703125,-0.076171875,Mouth closed
1713972958.675193,0.614013671875,0.814208984375,-0.076171875,Mouth closed
1713972958.711848,0.614990234375,0.8115234375,-0.07763671875,Mouth closed
1713972958.756018,0.6162109375,0.811767578125,-0.076904296875,Mouth closed
1713972958.7921,0.6162109375,0.813232421875,-0.0791015625,Mouth closed
1713972958.83544,0.61474609375,0.81201171875,-0.077392578125,Mouth closed
1713972958.873782,0.615234375,0.812255859375,-0.079833984375,Mouth closed
1713972958.915013,0.614990234375,0.8095703125,-0.079345703125,Mouth closed
1713972958.953572,0.615234375,0.812255859375,-0.080078125,Mouth closed
1713972958.99634,0.61328125,0.81005859375,-0.080078125,Mouth closed
1713972959.032612,0.620361328125,0.813232421875,-0.08203125,Mouth closed
1713972959.075827,0.614013671875,0.80859375,-0.080078125,Mouth closed
1713972959.113759,0.618408203125,0.8125,-0.076904296875,Mouth closed
1713972959.155494,0.6162109375,0.81494140625,-0.076171875,Mouth closed
1713972959.194571,0.615478515625,0.809814453125,-0.07373046875,Mouth closed
1713972959.23375,0.613037109375,0.811279296875,-0.078125,Mouth closed
1713972959.273601,0.615234375,0.813232421875,-0.07421875,Mouth closed
1713972959.314284,0.614990234375,0.8134765625,-0.0751953125,Mouth closed
1713972959.352557,0.61279296875,0.81103515625,-0.077392578125,Mouth closed
1713972959.398711,0.61279296875,0.81396484375,-0.07763671875,Mouth closed
1713972959.439004,0.616943359375,0.811767578125,-0.072509765625,Mouth closed
1713972959.479762,0.61376953125,0.810791015625,-0.0791015625,Mouth closed
1713972959.518114,0.613037109375,0.8095703125,-0.0771484375,Mouth closed
1713972959.558593,0.61279296875,0.813232421875,-0.07763671875,Mouth closed
1713972959.599959,0.613037109375,0.812744140625,-0.075439453125,Mouth closed
1713972959.63823,0.6201171875,0.818359375,-0.07763671875,Mouth closed
1713972959.677394,0.6142578125,0.8095703125,-0.077880859375,Mouth closed
1713972959.718182,0.6171875,0.814697265625,-0.07373046875,Mouth closed
1713972959.757032,0.6142578125,0.812744140625,-0.0712890625,Mouth closed
1713972959.797826,0.614013671875,0.811767578125,-0.073974609375,Mouth closed
1713972959.837026,0.612548828125,0.8115234375,-0.076171875,Mouth closed
1713972959.877988,0.610595703125,0.814208984375,-0.072265625,Mouth closed
1713972959.917179,0.615966796875,0.812255859375,-0.075927734375,Mouth closed
1713972959.957879,0.610107421875,0.810546875,-0.073486328125,Mouth closed
1713972959.997434,0.6142578125,0.817138671875,-0.076904296875,Mouth closed
1713972960.038214,0.611328125,0.8115234375,-0.076171875,Mouth closed
1713972960.077122,0.60986328125,0.813720703125,-0.078857421875,Mouth closed
1713972960.11723,0.612060546875,0.811767578125,-0.0751953125,Mouth closed
1713972960.155117,0.611572265625,0.8125,-0.07666015625,Mouth closed
1713972960.197821,0.6103515625,0.81396484375,-0.074462890625,Mouth closed
1713972960.235459,0.61474609375,0.8134765625,-0.076904296875,Mouth closed
1713972960.278614,0.61474609375,0.8125,-0.078125,Mouth closed
1713972960.315095,0.61474609375,0.814453125,-0.070068359375,Mouth closed
1713972960.354528,0.613525390625,0.8154296875,-0.072509765625,Mouth closed
1713972960.396504,0.6123046875,0.81298828125,-0.073486328125,Mouth closed
1713972960.436054,0.613037109375,0.814208984375,-0.07421875,Mouth closed
1713972960.477403,0.61572265625,0.8134765625,-0.073486328125,Mouth closed
1713972960.516609,0.614990234375,0.813720703125,-0.074462890625,Mouth closed
1713972960.556524,0.612548828125,0.811767578125,-0.0732421875,Mouth closed
1713972960.595687,0.6171875,0.81591796875,-0.07421875,Mouth closed
1713972960.636438,0.613525390625,0.8115234375,-0.074951171875,Mouth closed
1713972960.677863,0.614501953125,0.810546875,-0.07470703125,Mouth closed
1713972960.717281,0.614501953125,0.810546875,-0.074951171875,Mouth closed
1713972960.755466,0.614013671875,0.810791015625,-0.07763671875,Mouth closed
1713972960.79572,0.61474609375,0.811279296875,-0.077392578125,Mouth closed
1713972960.838025,0.612060546875,0.81201171875,-0.0751953125,Mouth closed
1713972960.876632,0.6142578125,0.81103515625,-0.072509765625,Mouth closed
1713972960.917862,0.61328125,0.81494140625,-0.068115234375,Mouth closed
1713972960.958218,0.61669921875,0.815673828125,-0.071533203125,Mouth closed
1713972960.99906,0.613525390625,0.8115234375,-0.0712890625,Mouth closed
1713972961.040575,0.61083984375,0.81298828125,-0.07421875,Mouth closed
1713972961.07765,0.61279296875,0.813720703125,-0.07421875,Mouth closed
1713972961.117729,0.617431640625,0.812744140625,-0.074951171875,Mouth closed
1713972961.160227,0.61474609375,0.809814453125,-0.073974609375,Mouth closed
1713972961.198661,0.61669921875,0.8125,-0.072265625,Mouth closed
1713972961.23902,0.616455078125,0.813232421875,-0.07275390625,Mouth closed
1713972961.277657,0.61572265625,0.811279296875,-0.071533203125,Mouth closed
1713972961.318331,0.615234375,0.810791015625,-0.0751953125,Mouth closed
1713972961.356555,0.614990234375,0.8095703125,-0.074951171875,Mouth closed
1713972961.396505,0.6162109375,0.810302734375,-0.074951171875,Mouth closed
1713972961.439021,0.612060546875,0.81005859375,-0.076416015625,Mouth closed
1713972961.47745,0.62255859375,0.814453125,-0.075439453125,Mouth closed
1713972961.518187,0.61376953125,0.80615234375,-0.07421875,Mouth closed
1713972961.559902,0.617919921875,0.81201171875,-0.074462890625,Mouth closed
1713972961.598465,0.616943359375,0.812255859375,-0.0751953125,Mouth closed
1713972961.64031,0.61474609375,0.81201171875,-0.073974609375,Mouth closed
1713972961.678581,0.612548828125,0.811767578125,-0.0771484375,Mouth closed
1713972961.719291,0.613525390625,0.80908203125,-0.075439453125,Mouth closed
1713972961.758943,0.61181640625,0.81005859375,-0.077880859375,Mouth closed
1713972961.800672,0.6162109375,0.8115234375,-0.074951171875,Mouth closed
1713972961.839978,0.61474609375,0.808837890625,-0.075439453125,Mouth closed
1713972961.878828,0.615478515625,0.809326171875,-0.079345703125,Mouth closed
1713972961.92441,0.61767578125,0.812744140625,-0.078857421875,Mouth closed
1713972961.963138,0.613037109375,0.810302734375,-0.08056640625,Mouth closed
1713972961.997611,0.61669921875,0.8076171875,-0.07763671875,Mouth closed
1713972962.039303,0.614990234375,0.810546875,-0.080810546875,Mouth closed
1713972962.078548,0.6142578125,0.8125,-0.076416015625,Mouth closed
1713972962.118649,0.614990234375,0.803466796875,-0.073486328125,Mouth closed
1713972962.159782,0.616943359375,0.809814453125,-0.0732421875,Mouth closed
1713972962.203017,0.617431640625,0.810546875,-0.0751953125,Mouth closed
1713972962.244776,0.61328125,0.808837890625,-0.07177734375,Mouth closed
1713972962.281149,0.614990234375,0.809326171875,-0.07861328125,Mouth closed
1713972962.321842,0.614013671875,0.81396484375,-0.07275390625,Mouth closed
1713972962.361622,0.6181640625,0.815673828125,-0.07177734375,Mouth closed
1713972962.401132,0.614990234375,0.8134765625,-0.0703125,Mouth closed
1713972962.44196,0.61767578125,0.813720703125,-0.07421875,Mouth closed
1713972962.492118,0.615478515625,0.81201171875,-0.07177734375,Mouth closed
1713972962.521531,0.6142578125,0.813720703125,-0.074951171875,Mouth closed
1713972962.571608,0.6162109375,0.812255859375,-0.076171875,Mouth closed
1713972962.600795,0.612060546875,0.81103515625,-0.07470703125,Mouth closed
1713972962.649366,0.611572265625,0.812255859375,-0.07470703125,Mouth closed
1713972962.68662,0.6123046875,0.814453125,-0.073486328125,Mouth closed
1713972962.722096,0.616455078125,0.813720703125,-0.071533203125,Mouth closed
1713972962.763914,0.61181640625,0.8125,-0.071044921875,Mouth closed
1713972962.804464,0.613525390625,0.811767578125,-0.0712890625,Mouth closed
1713972962.843658,0.615234375,0.814697265625,-0.06787109375,Mouth closed
1713972962.881383,0.613525390625,0.8125,-0.07080078125,Mouth closed
1713972962.922023,0.61572265625,0.813720703125,-0.071533203125,Mouth closed
1713972962.961567,0.614501953125,0.814453125,-0.07275390625,Mouth closed
1713972963.0017,0.610107421875,0.8095703125,-0.0712890625,Mouth open
1713972963.043432,0.614501953125,0.814453125,-0.07275390625,Mouth open
1713972963.083168,0.613525390625,0.81298828125,-0.0712890625,Mouth open
1713972963.125993,0.6142578125,0.81298828125,-0.0732421875,Mouth open
1713972963.16358,0.615966796875,0.8125,-0.07470703125,Mouth open
1713972963.203,0.61572265625,0.8115234375,-0.072509765625,Mouth open
1713972963.241453,0.613037109375,0.810546875,-0.073974609375,Mouth open
1713972963.287841,0.613525390625,0.811767578125,-0.071533203125,Mouth open
1713972963.320452,0.613037109375,0.81494140625,-0.074951171875,Mouth open
1713972963.364781,0.614013671875,0.8125,-0.06982421875,Mouth open
1713972963.402668,0.61328125,0.812744140625,-0.06982421875,Mouth open
1713972963.440472,0.616455078125,0.813720703125,-0.071533203125,Mouth open
1713972963.481597,0.61181640625,0.814697265625,-0.07080078125,Mouth open
1713972963.522673,0.61083984375,0.81201171875,-0.068359375,Mouth open
1713972963.563018,0.614013671875,0.81201171875,-0.07080078125,Mouth open
1713972963.605213,0.612548828125,0.816162109375,-0.070068359375,Mouth open
1713972963.642742,0.612060546875,0.8125,-0.0693359375,Mouth open
1713972963.683829,0.615234375,0.814208984375,-0.072509765625,Mouth open
1713972963.723701,0.617431640625,0.817138671875,-0.06884765625,Mouth open
1713972963.763831,0.61328125,0.811767578125,-0.072265625,Mouth open
1713972963.803631,0.61181640625,0.8095703125,-0.073486328125,Mouth open
1713972963.842407,0.614013671875,0.812744140625,-0.072265625,Mouth open
1713972963.88144,0.61328125,0.81298828125,-0.072509765625,Mouth open
1713972963.924754,0.6123046875,0.812744140625,-0.07177734375,Mouth open
1713972963.964715,0.61181640625,0.8125,-0.072021484375,Mouth open
1713972964.001788,0.61181640625,0.811767578125,-0.07080078125,Mouth open
1713972964.042483,0.6142578125,0.810302734375,-0.07177734375,Mouth open
1713972964.08036,0.612060546875,0.811279296875,-0.067626953125,Mouth open
1713972964.134934,0.616455078125,0.81103515625,-0.072021484375,Mouth open
1713972964.163645,0.61279296875,0.812255859375,-0.06982421875,Mouth open
1713972964.205959,0.61376953125,0.8125,-0.068359375,Mouth open
1713972964.24305,0.615478515625,0.814697265625,-0.0673828125,Mouth open
1713972964.286506,0.61669921875,0.814453125,-0.070556640625,Mouth open
1713972964.330385,0.612060546875,0.813232421875,-0.069091796875,Mouth open
1713972964.369216,0.61474609375,0.817138671875,-0.071533203125,Mouth open
1713972964.408461,0.614013671875,0.81640625,-0.07080078125,Mouth open
1713972964.449219,0.61474609375,0.8115234375,-0.07177734375,Mouth open
1713972964.487549,0.613037109375,0.81201171875,-0.0732421875,Mouth open
1713972964.523324,0.612548828125,0.8095703125,-0.074462890625,Mouth open
1713972964.565326,0.613037109375,0.811767578125,-0.072509765625,Mouth open
1713972964.609901,0.615234375,0.815185546875,-0.070556640625,Mouth open
1713972964.642428,0.61328125,0.814208984375,-0.06884765625,Mouth open
1713972964.688904,0.619384765625,0.81591796875,-0.066650390625,Mouth open
1713972964.721332,0.6123046875,0.813232421875,-0.066650390625,Mouth open
1713972964.770488,0.61376953125,0.8134765625,-0.068359375,Mouth open
1713972964.807745,0.61083984375,0.815185546875,-0.067626953125,Mouth open
1713972964.84728,0.61083984375,0.814453125,-0.067138671875,Mouth open
1713972964.886066,0.614013671875,0.8134765625,-0.067626953125,Mouth open
1713972964.925591,0.6142578125,0.8134765625,-0.0693359375,Mouth open
1713972964.965118,0.615478515625,0.814208984375,-0.07080078125,Mouth open
1713972965.004435,0.61474609375,0.812255859375,-0.07080078125,Mouth open
1713972965.044446,0.61572265625,0.811767578125,-0.074951171875,Mouth open
1713972965.08527,0.61376953125,0.81640625,-0.077880859375,Mouth open
1713972965.123504,0.612548828125,0.819091796875,-0.08203125,Mouth open
1713972965.162623,0.630859375,0.80029296875,-0.11572265625,Mouth open
1713972965.203188,0.6455078125,0.794921875,-0.04736328125,Mouth open
1713972965.241364,0.64013671875,0.7861328125,-0.06787109375,Mouth open
1713972965.283181,0.645263671875,0.788330078125,-0.06201171875,Mouth open
1713972965.324119,0.654296875,0.77392578125,-0.08642578125,Mouth open
1713972965.361345,0.643310546875,0.781005859375,-0.0771484375,Mouth open
1713972965.401555,0.643310546875,0.78955078125,-0.088134765625,Mouth open
1713972965.443663,0.632568359375,0.793701171875,-0.08984375,Mouth open
1713972965.482285,0.634033203125,0.793701171875,-0.0888671875,Mouth open
1713972965.522894,0.63671875,0.796142578125,-0.090087890625,Mouth open
1713972965.563597,0.63623046875,0.795166015625,-0.08544921875,Mouth open
1713972965.603156,0.640625,0.792236328125,-0.08984375,Mouth open
1713972965.64356,0.63818359375,0.787841796875,-0.08056640625,Mouth open
1713972965.688987,0.63818359375,0.790771484375,-0.084716796875,Mouth open
1713972965.725256,0.635986328125,0.792236328125,-0.086669921875,Mouth open
1713972965.765988,0.63671875,0.78955078125,-0.09423828125,Mouth open
1713972965.803177,0.638427734375,0.79150390625,-0.087646484375,Mouth open
1713972965.843715,0.6376953125,0.794921875,-0.0888671875,Mouth open
1713972965.880913,0.63427734375,0.7900390625,-0.093017578125,Mouth open
1713972965.921508,0.632568359375,0.7919921875,-0.08642578125,Mouth open
1713972965.961338,0.639892578125,0.797607421875,-0.08349609375,Mouth open
1713972966.00144,0.63427734375,0.79150390625,-0.085693359375,Mouth open
1713972966.041748,0.635498046875,0.7978515625,-0.082763671875,Mouth open
1713972966.086012,0.633544921875,0.79833984375,-0.077880859375,Mouth open
1713972966.122292,0.63134765625,0.79638671875,-0.083251953125,Mouth open
1713972966.163975,0.631591796875,0.796875,-0.084228515625,Mouth open
1713972966.205357,0.633056640625,0.7998046875,-0.083740234375,Mouth open
1713972966.248413,0.631591796875,0.796142578125,-0.083984375,Mouth open
1713972966.283677,0.635009765625,0.795654296875,-0.083740234375,Mouth open
1713972966.326471,0.634033203125,0.793701171875,-0.08642578125,Mouth open
1713972966.370893,0.6337890625,0.794677734375,-0.087890625,Mouth open
1713972966.410179,0.633544921875,0.7900390625,-0.0908203125,Mouth open
1713972966.449022,0.63134765625,0.793701171875,-0.088623046875,Mouth open
1713972966.482702,0.6337890625,0.796875,-0.086181640625,Mouth open
1713972966.520657,0.634765625,0.80029296875,-0.08740234375,Mouth open
1713972966.56264,0.62939453125,0.794921875,-0.08837890625,Mouth open
1713972966.608976,0.63134765625,0.79443359375,-0.087646484375,Mouth open
1713972966.64972,0.627197265625,0.799560546875,-0.080078125,Mouth open
1713972966.688335,0.63525390625,0.80078125,-0.080322265625,Mouth open
1713972966.723077,0.627685546875,0.800537109375,-0.078125,Mouth open
1713972966.765489,0.63134765625,0.79931640625,-0.080078125,Mouth open
1713972966.804856,0.629150390625,0.801025390625,-0.078857421875,Mouth open
1713972966.843021,0.631591796875,0.801513671875,-0.078369140625,Mouth open
1713972966.884268,0.630615234375,0.79638671875,-0.076416015625,Mouth open
1713972966.922893,0.6328125,0.803466796875,-0.07666015625,Mouth open
1713972966.963944,0.626708984375,0.79931640625,-0.077392578125,Mouth open
1713972967.00329,0.628662109375,0.800048828125,-0.07958984375,Mouth open
1713972967.044059,0.62841796875,0.797119140625,-0.081787109375,Mouth open
1713972967.082242,0.624267578125,0.797119140625,-0.08349609375,Mouth open
1713972967.121398,0.627197265625,0.798583984375,-0.084716796875,Mouth open
1713972967.161451,0.626220703125,0.80224609375,-0.082763671875,Mouth open
1713972967.200676,0.631591796875,0.801513671875,-0.077392578125,Mouth open
1713972967.242329,0.626708984375,0.798583984375,-0.079345703125,Mouth open
1713972967.281561,0.629150390625,0.802978515625,-0.0810546875,Mouth open
1713972967.321454,0.62646484375,0.80224609375,-0.080078125,Mouth open
1713972967.362481,0.623046875,0.799072265625,-0.080322265625,Mouth open
1713972967.401333,0.625732421875,0.801025390625,-0.081298828125,Mouth open
1713972967.442405,0.624755859375,0.802978515625,-0.078857421875,Mouth open
1713972967.483041,0.62744140625,0.79833984375,-0.075439453125,Mouth open
1713972967.527941,0.627197265625,0.7998046875,-0.08056640625,Mouth open
1713972967.56341,0.6279296875,0.8037109375,-0.075927734375,Mouth open
1713972967.605548,0.625244140625,0.80029296875,-0.0771484375,Mouth open
1713972967.644524,0.625244140625,0.8046875,-0.084228515625,Mouth open
1713972967.684346,0.627197265625,0.80126953125,-0.08251953125,Mouth open
1713972967.722811,0.625244140625,0.803466796875,-0.08154296875,Mouth open
1713972967.764512,0.624267578125,0.80078125,-0.0830078125,Mouth open
1713972967.80093,0.625732421875,0.806396484375,-0.080078125,Mouth open
1713972967.844555,0.62548828125,0.802001953125,-0.082275390625,Mouth open
1713972967.882121,0.627685546875,0.80517578125,-0.076904296875,Mouth open
1713972967.924581,0.6259765625,0.805419921875,-0.0771484375,Mouth open
1713972967.962897,0.623046875,0.801513671875,-0.07568359375,Mouth open
1713972968.004832,0.62744140625,0.802978515625,-0.078125,Mouth open
1713972968.042409,0.627197265625,0.80419921875,-0.072265625,Mouth open
1713972968.086837,0.626708984375,0.80126953125,-0.079345703125,Mouth open
1713972968.123331,0.6240234375,0.80078125,-0.080322265625,Mouth open
1713972968.164329,0.627685546875,0.804931640625,-0.079345703125,Mouth open
1713972968.204759,0.623291015625,0.804931640625,-0.08056640625,Mouth open
1713972968.243996,0.624267578125,0.801025390625,-0.082763671875,Mouth open
1713972968.283248,0.626953125,0.80322265625,-0.081298828125,Mouth open
1713972968.323388,0.62353515625,0.798828125,-0.08544921875,Mouth open
1713972968.362589,0.627197265625,0.802001953125,-0.08349609375,Mouth open
1713972968.40326,0.622802734375,0.801025390625,-0.08740234375,Mouth open
1713972968.443002,0.624755859375,0.8017578125,-0.08349609375,Mouth open
1713972968.482047,0.626708984375,0.802734375,-0.08203125,Mouth open
1713972968.521479,0.62939453125,0.804443359375,-0.08349609375,Mouth open
1713972968.572803,0.625244140625,0.801513671875,-0.07958984375,Mouth open
1713972968.603284,0.624755859375,0.79931640625,-0.077880859375,Mouth open
1713972968.65662,0.62548828125,0.803466796875,-0.07861328125,Mouth open
1713972968.682398,0.62744140625,0.800537109375,-0.08154296875,Mouth open
1713972968.735203,0.621826171875,0.80078125,-0.077392578125,Mouth open
1713972968.765162,0.62841796875,0.802978515625,-0.08056640625,Mouth open
1713972968.808429,0.626708984375,0.799072265625,-0.07958984375,Mouth open
1713972968.843638,0.625732421875,0.8017578125,-0.08251953125,Mouth open
1713972968.888308,0.62646484375,0.802978515625,-0.083740234375,Mouth open
1713972968.925739,0.627197265625,0.802001953125,-0.081298828125,Mouth open
1713972968.979335,0.623779296875,0.80419921875,-0.083251953125,Mouth open
1713972969.002612,0.62353515625,0.804931640625,-0.083740234375,Mouth open
1713972969.043687,0.628173828125,0.80712890625,-0.0830078125,Mouth open
1713972969.082495,0.6220703125,0.799560546875,-0.083251953125,Mouth open
1713972969.123569,0.62841796875,0.80419921875,-0.078369140625,Mouth open
1713972969.161264,0.623291015625,0.80224609375,-0.07861328125,Mouth open
1713972969.204488,0.624755859375,0.80224609375,-0.080810546875,Mouth open
1713972969.243036,0.624267578125,0.801025390625,-0.08154296875,Mouth open
1713972969.284262,0.625,0.8046875,-0.078369140625,Mouth open
1713972969.323356,0.623779296875,0.80615234375,-0.080810546875,Mouth open
1713972969.36389,0.625,0.802001953125,-0.081787109375,Mouth open
1713972969.414253,0.626220703125,0.802001953125,-0.08203125,Mouth open
1713972969.442886,0.625,0.803466796875,-0.0810546875,Mouth open
1713972969.483786,0.62548828125,0.802978515625,-0.08251953125,Mouth open
1713972969.5242,0.623779296875,0.800048828125,-0.083984375,Mouth open
1713972969.564385,0.62109375,0.803466796875,-0.08154296875,Mouth open
1713972969.605005,0.623779296875,0.802490234375,-0.0810546875,Mouth open
1713972969.641378,0.624267578125,0.806396484375,-0.081787109375,Mouth open
1713972969.680794,0.624267578125,0.8017578125,-0.079833984375,Mouth open
1713972969.721235,0.623779296875,0.805419921875,-0.07373046875,Mouth open
1713972969.761694,0.626220703125,0.808349609375,-0.07373046875,Mouth open
1713972969.801216,0.62158203125,0.8056640625,-0.07666015625,Mouth open
1713972969.844971,0.62158203125,0.801513671875,-0.076416015625,Mouth open
1713972969.885805,0.622802734375,0.805419921875,-0.076171875,Mouth open
1713972969.926039,0.62646484375,0.802978515625,-0.080078125,Mouth open
1713972969.967381,0.62255859375,0.80322265625,-0.076171875,Mouth open
1713972970.005362,0.626708984375,0.803466796875,-0.075927734375,Mouth open
1713972970.045537,0.623779296875,0.802734375,-0.078369140625,Mouth open
1713972970.085274,0.62353515625,0.80322265625,-0.078857421875,Mouth open
1713972970.124707,0.62451171875,0.80615234375,-0.0810546875,Mouth open
1713972970.164208,0.623291015625,0.803955078125,-0.08154296875,Mouth open
1713972970.20597,0.622802734375,0.803466796875,-0.0791015625,Mouth open
1713972970.244446,0.62158203125,0.803955078125,-0.077880859375,Mouth open
1713972970.284348,0.62451171875,0.806640625,-0.080810546875,Mouth open
1713972970.323775,0.6259765625,0.801025390625,-0.078857421875,Mouth open
1713972970.362351,0.621826171875,0.80615234375,-0.076416015625,Mouth open
1713972970.402273,0.625244140625,0.806396484375,-0.079833984375,Mouth open
1713972970.445469,0.620361328125,0.805908203125,-0.078857421875,Mouth open
1713972970.483151,0.62109375,0.806396484375,-0.082275390625,Mouth open
1713972970.523713,0.619140625,0.804931640625,-0.07861328125,Mouth open
1713972970.563369,0.6240234375,0.803466796875,-0.080322265625,Mouth open
1713972970.605094,0.620849609375,0.80615234375,-0.079345703125,Mouth open
1713972970.644851,0.6259765625,0.80517578125,-0.077880859375,Mouth open
1713972970.683213,0.619140625,0.805419921875,-0.08154296875,Mouth open
1713972970.724561,0.623046875,0.805419921875,-0.081298828125,Mouth open
1713972970.764786,0.6220703125,0.8017578125,-0.077880859375,Mouth open
1713972970.80434,0.621826171875,0.806640625,-0.079345703125,Mouth open
1713972970.847162,0.619873046875,0.804443359375,-0.081298828125,Mouth open
1713972970.888135,0.621826171875,0.8056640625,-0.079345703125,Mouth open
1713972970.926177,0.622802734375,0.806396484375,-0.078369140625,Mouth open
1713972970.964841,0.626953125,0.8056640625,-0.0791015625,Mouth open
1713972971.004132,0.6201171875,0.8046875,-0.07568359375,Mouth open
1713972971.043846,0.624755859375,0.807373046875,-0.0751953125,Mouth open
1713972971.087422,0.618896484375,0.804931640625,-0.078369140625,Mouth open
1713972971.140176,0.62109375,0.808837890625,-0.07861328125,Mouth open
1713972971.164403,0.624267578125,0.8076171875,-0.0771484375,Mouth open
1713972971.209318,0.624755859375,0.8076171875,-0.076171875,Mouth open
1713972971.245845,0.62158203125,0.804931640625,-0.07861328125,Mouth open
1713972971.287445,0.623291015625,0.805908203125,-0.080322265625,Mouth open
1713972971.325287,0.621337890625,0.806640625,-0.0771484375,Mouth open
1713972971.374486,0.619873046875,0.804931640625,-0.082275390625,Mouth open
1713972971.406426,0.6201171875,0.807373046875,-0.0830078125,Mouth open
1713972971.451546,0.62109375,0.804931640625,-0.083251953125,Mouth open
1713972971.493135,0.6220703125,0.80419921875,-0.079345703125,Mouth open
1713972971.533953,0.62255859375,0.80615234375,-0.0810546875,Mouth open
1713972971.570541,0.626220703125,0.80859375,-0.080810546875,Mouth open
1713972971.612565,0.6220703125,0.802734375,-0.080078125,Mouth open
1713972971.650003,0.622802734375,0.8056640625,-0.078369140625,Mouth open
1713972971.690407,0.62109375,0.8046875,-0.080078125,Mouth open
1713972971.729664,0.61865234375,0.80419921875,-0.078857421875,Mouth open
1713972971.770355,0.62109375,0.807861328125,-0.08251953125,Mouth open
1713972971.808476,0.622802734375,0.807861328125,-0.081787109375,Mouth open
1713972971.847335,0.6220703125,0.806640625,-0.078857421875,Mouth open
1713972971.886755,0.623046875,0.806640625,-0.08056640625,Mouth open
1713972971.928382,0.62255859375,0.802734375,-0.081787109375,Mouth open
1713972971.967198,0.62109375,0.802978515625,-0.081298828125,Mouth open
1713972972.006476,0.621826171875,0.80615234375,-0.0830078125,Mouth open
1713972972.048248,0.622314453125,0.8037109375,-0.084716796875,Mouth open
1713972972.087088,0.62060546875,0.8037109375,-0.086669921875,Mouth open
1713972972.128555,0.623046875,0.803955078125,-0.08642578125,Mouth open
1713972972.16929,0.620361328125,0.8056640625,-0.08447265625,Mouth open
1713972972.20904,0.619140625,0.80517578125,-0.085693359375,Mouth open
1713972972.248396,0.623779296875,0.80517578125,-0.083984375,Mouth open
1713972972.288323,0.62548828125,0.80908203125,-0.0810546875,Mouth open
1713972972.326586,0.61865234375,0.804931640625,-0.07763671875,Mouth open
1713972972.366119,0.620849609375,0.804443359375,-0.08203125,Mouth open
1713972972.406694,0.618408203125,0.806884765625,-0.08056640625,Mouth open
1713972972.446287,0.6240234375,0.804931640625,-0.080810546875,Mouth open
1713972972.490324,0.619873046875,0.802978515625,-0.0810546875,Mouth open
1713972972.527226,0.62451171875,0.805419921875,-0.0859375,Mouth open
1713972972.568012,0.619384765625,0.805908203125,-0.083984375,Mouth open
1713972972.609345,0.622802734375,0.80615234375,-0.082275390625,Mouth open
1713972972.649785,0.619140625,0.805419921875,-0.08447265625,Mouth open
1713972972.689457,0.62158203125,0.802734375,-0.0869140625,Mouth open
1713972972.729786,0.62158203125,0.802734375,-0.08251953125,Mouth open
1713972972.769733,0.62158203125,0.806396484375,-0.083251953125,Mouth open
1713972972.809145,0.625,0.807861328125,-0.0830078125,Mouth open
1713972972.855034,0.621826171875,0.80126953125,-0.08203125,Mouth open
1713972972.891547,0.625732421875,0.805908203125,-0.077392578125,Mouth open
1713972972.932302,0.622314453125,0.804931640625,-0.078369140625,Mouth open
1713972972.968564,0.619873046875,0.80615234375,-0.076416015625,Mouth open
1713972973.010475,0.62060546875,0.81005859375,-0.077880859375,Mouth open
1713972973.049383,0.61669921875,0.80908203125,-0.078125,Mouth open
1713972973.088153,0.622802734375,0.807861328125,-0.0771484375,Mouth open
1713972973.129092,0.62060546875,0.808349609375,-0.0771484375,Mouth open
1713972973.175901,0.620849609375,0.80615234375,-0.079833984375,Mouth open
1713972973.209223,0.621826171875,0.80615234375,-0.08203125,Mouth open
1713972973.25677,0.622314453125,0.8046875,-0.0830078125,Mouth open
1713972973.297244,0.620849609375,0.80322265625,-0.080810546875,Mouth open
1713972973.330786,0.620849609375,0.802978515625,-0.082763671875,Mouth open
1713972973.374619,0.62158203125,0.805419921875,-0.085693359375,Mouth open
1713972973.412316,0.622802734375,0.809326171875,-0.079833984375,Mouth open
1713972973.451776,0.623779296875,0.80126953125,-0.079345703125,Mouth open
1713972973.491443,0.62255859375,0.806396484375,-0.07861328125,Mouth open
1713972973.531648,0.621826171875,0.807373046875,-0.0791015625,Mouth open
1713972973.572527,0.619873046875,0.8076171875,-0.079345703125,Mouth open
1713972973.610332,0.6181640625,0.80419921875,-0.0771484375,Mouth open
1713972973.649279,0.61669921875,0.804931640625,-0.077880859375,Mouth open
1713972973.692268,0.625,0.80615234375,-0.079345703125,Mouth open
1713972973.730649,0.621337890625,0.8037109375,-0.077880859375,Mouth open
1713972973.776666,0.625244140625,0.809814453125,-0.076416015625,Mouth open
1713972973.811415,0.6181640625,0.805419921875,-0.07666015625,Mouth open
1713972973.852427,0.622802734375,0.804931640625,-0.079345703125,Mouth open
1713972973.892693,0.621337890625,0.805419921875,-0.07763671875,Mouth open
1713972973.931929,0.619140625,0.80419921875,-0.082275390625,Mouth open
1713972973.971018,0.621337890625,0.8076171875,-0.07763671875,Mouth open
1713972974.012513,0.617431640625,0.804931640625,-0.082275390625,Mouth open
1713972974.052125,0.6201171875,0.804443359375,-0.079345703125,Mouth open
1713972974.092073,0.6181640625,0.80322265625,-0.076416015625,Mouth open
1713972974.134841,0.621337890625,0.806396484375,-0.08056640625,Mouth open
1713972974.172399,0.61865234375,0.80615234375,-0.077392578125,Mouth open
1713972974.213103,0.6220703125,0.808349609375,-0.076416015625,Mouth open
1713972974.253707,0.620849609375,0.8046875,-0.07568359375,Mouth open
1713972974.291247,0.619384765625,0.810546875,-0.072021484375,Mouth open
1713972974.331625,0.62158203125,0.807373046875,-0.07666015625,Mouth open
1713972974.37084,0.62353515625,0.806640625,-0.07666015625,Mouth open
1713972974.410051,0.623046875,0.807373046875,-0.080810546875,Mouth open
1713972974.451195,0.62109375,0.80615234375,-0.077392578125,Mouth open
1713972974.496666,0.6220703125,0.804931640625,-0.0810546875,Mouth open
1713972974.535005,0.621337890625,0.806640625,-0.080078125,Mouth open
1713972974.573515,0.619140625,0.803466796875,-0.076904296875,Mouth open
1713972974.612048,0.61962890625,0.803955078125,-0.079833984375,Mouth open
1713972974.651232,0.6240234375,0.809326171875,-0.083984375,Mouth open
1713972974.693472,0.62060546875,0.80322265625,-0.074462890625,Mouth open
1713972974.743454,0.62060546875,0.807861328125,-0.07666015625,Mouth open
1713972974.773721,0.623291015625,0.809814453125,-0.077392578125,Mouth open
1713972974.823769,0.619140625,0.808837890625,-0.076171875,Mouth open
1713972974.853105,0.6181640625,0.804931640625,-0.080810546875,Mouth open
1713972974.901903,0.621826171875,0.80908203125,-0.078369140625,Mouth open
1713972974.932026,0.621337890625,0.805419921875,-0.080078125,Mouth open
1713972974.97936,0.621337890625,0.80712890625,-0.076904296875,Mouth open
1713972975.017344,0.623779296875,0.804931640625,-0.081298828125,Mouth open
1713972975.054136,0.619873046875,0.80419921875,-0.081787109375,Mouth open
1713972975.091835,0.6201171875,0.80712890625,-0.081787109375,Mouth open
1713972975.132477,0.622314453125,0.805908203125,-0.085205078125,Mouth open
1713972975.172832,0.620361328125,0.803955078125,-0.08642578125,Mouth open
1713972975.219863,0.619873046875,0.806884765625,-0.0810546875,Mouth open
1713972975.253187,0.6201171875,0.803466796875,-0.085205078125,Mouth open
1713972975.295446,0.619140625,0.80126953125,-0.082763671875,Mouth open
1713972975.339984,0.623779296875,0.80419921875,-0.08251953125,Mouth open
1713972975.381311,0.623291015625,0.807861328125,-0.075927734375,Mouth open
1713972975.416615,0.6220703125,0.80322265625,-0.07666015625,Mouth open
1713972975.457318,0.62060546875,0.80419921875,-0.078369140625,Mouth open
1713972975.49625,0.619140625,0.805419921875,-0.082763671875,Mouth open
1713972975.535072,0.62158203125,0.804931640625,-0.08056640625,Mouth open
1713972975.574019,0.619140625,0.8037109375,-0.0810546875,Mouth open
1713972975.614057,0.62255859375,0.806396484375,-0.083740234375,Mouth open
1713972975.654513,0.620361328125,0.805419921875,-0.079833984375,Mouth open
1713972975.695425,0.62353515625,0.80615234375,-0.081787109375,Mouth open
1713972975.735883,0.62158203125,0.80615234375,-0.08447265625,Mouth open
1713972975.774582,0.61865234375,0.80419921875,-0.087646484375,Mouth open
1713972975.815781,0.619873046875,0.805908203125,-0.084228515625,Mouth open
1713972975.854345,0.62109375,0.809326171875,-0.08544921875,Mouth open
1713972975.897672,0.62109375,0.802490234375,-0.08251953125,Mouth open
1713972975.940032,0.62353515625,0.803955078125,-0.0771484375,Mouth open
1713972975.975245,0.624267578125,0.807861328125,-0.08349609375,Mouth open
1713972976.019194,0.620361328125,0.8037109375,-0.078369140625,Mouth open
1713972976.055076,0.622314453125,0.806884765625,-0.07958984375,Mouth open
1713972976.096116,0.622314453125,0.805419921875,-0.080078125,Mouth open
1713972976.136066,0.622802734375,0.805419921875,-0.083740234375,Mouth open
1713972976.177679,0.619873046875,0.803955078125,-0.079833984375,Mouth open
1713972976.216135,0.624755859375,0.806884765625,-0.080322265625,Mouth open
1713972976.255156,0.62158203125,0.80419921875,-0.080810546875,Mouth open
1713972976.294063,0.619873046875,0.805908203125,-0.082275390625,Mouth open
1713972976.33439,0.62158203125,0.80517578125,-0.083984375,Mouth open
1713972976.374589,0.61962890625,0.804931640625,-0.08251953125,Mouth open
1713972976.414025,0.620361328125,0.804931640625,-0.08203125,Mouth open
1713972976.455046,0.622802734375,0.803955078125,-0.079345703125,Mouth open
1713972976.496465,0.622314453125,0.80712890625,-0.078857421875,Mouth open
1713972976.536538,0.6201171875,0.806396484375,-0.07861328125,Mouth open
1713972976.576512,0.622314453125,0.808837890625,-0.080078125,Mouth open
1713972976.617108,0.619140625,0.80810546875,-0.077392578125,Mouth open
1713972976.65731,0.619140625,0.809326171875,-0.080322265625,Mouth open
1713972976.697653,0.61865234375,0.80859375,-0.07666015625,Mouth open
1713972976.736282,0.6201171875,0.808837890625,-0.077392578125,Mouth open
1713972976.78139,0.61962890625,0.806396484375,-0.078369140625,Mouth open
1713972976.818109,0.62158203125,0.806396484375,-0.077392578125,Mouth open
1713972976.85945,0.617431640625,0.80712890625,-0.078125,Mouth open
1713972976.898054,0.618896484375,0.809814453125,-0.07958984375,Mouth open
1713972976.938736,0.619873046875,0.806884765625,-0.080078125,Mouth open
1713972976.97709,0.62158203125,0.805908203125,-0.07861328125,Mouth open
1713972977.015791,0.62109375,0.807861328125,-0.078369140625,Mouth open
1713972977.055964,0.623046875,0.807373046875,-0.081298828125,Mouth open
1713972977.106913,0.617919921875,0.807861328125,-0.082275390625,Mouth open
1713972977.136029,0.618408203125,0.8056640625,-0.079345703125,Mouth open
1713972977.184914,0.618408203125,0.80517578125,-0.077880859375,Mouth open
1713972977.224897,0.622802734375,0.81201171875,-0.077880859375,Mouth open
1713972977.262885,0.617431640625,0.80859375,-0.074462890625,Mouth open
1713972977.30111,0.6181640625,0.8046875,-0.081298828125,Mouth open
1713972977.340333,0.619873046875,0.80810546875,-0.073974609375,Mouth open
1713972977.379571,0.62109375,0.80908203125,-0.075927734375,Mouth open
1713972977.420078,0.616455078125,0.804443359375,-0.076171875,Mouth open
1713972977.458964,0.621826171875,0.809814453125,-0.076416015625,Mouth open
1713972977.499454,0.619140625,0.808837890625,-0.07666015625,Mouth open
1713972977.537999,0.6171875,0.80517578125,-0.078369140625,Mouth open
1713972977.577328,0.619384765625,0.8076171875,-0.07958984375,Mouth open
1713972977.61617,0.620849609375,0.80908203125,-0.081298828125,Mouth open
1713972977.676719,0.617431640625,0.804443359375,-0.081298828125,Mouth open
1713972977.703263,0.62060546875,0.80712890625,-0.0810546875,Mouth open
1713972977.737067,0.6171875,0.810546875,-0.079833984375,Mouth open
1713972977.777358,0.6220703125,0.810546875,-0.0771484375,Mouth open
1713972977.816999,0.617919921875,0.80419921875,-0.078857421875,Mouth open
1713972977.857893,0.62109375,0.809326171875,-0.081787109375,Mouth open
1713972977.89804,0.619140625,0.808837890625,-0.08154296875,Mouth open
1713972977.938049,0.6171875,0.808349609375,-0.081298828125,Mouth open
1713972977.978959,0.616943359375,0.80859375,-0.081787109375,Mouth open
1713972978.022452,0.620361328125,0.810302734375,-0.0791015625,Mouth closed
1713972978.058212,0.616943359375,0.80615234375,-0.083740234375,Mouth closed
1713972978.09905,0.6201171875,0.80810546875,-0.08447265625,Mouth closed
1713972978.138973,0.619873046875,0.807373046875,-0.085205078125,Mouth closed
1713972978.17793,0.62109375,0.805908203125,-0.084228515625,Mouth closed
1713972978.218188,0.61865234375,0.80712890625,-0.082275390625,Mouth closed
1713972978.257344,0.61962890625,0.80419921875,-0.084228515625,Mouth closed
1713972978.297105,0.619873046875,0.807373046875,-0.08349609375,Mouth closed
1713972978.336122,0.619873046875,0.805908203125,-0.08447265625,Mouth closed
1713972978.375971,0.62060546875,0.807861328125,-0.083984375,Mouth closed
1713972978.416926,0.62158203125,0.80810546875,-0.08544921875,Mouth closed
1713972978.457181,0.619140625,0.803955078125,-0.082763671875,Mouth closed
1713972978.497006,0.619873046875,0.80517578125,-0.080810546875,Mouth closed
1713972978.543987,0.622314453125,0.8076171875,-0.0849609375,Mouth closed
1713972978.578011,0.61962890625,0.806884765625,-0.083251953125,Mouth closed
1713972978.623595,0.619384765625,0.80615234375,-0.085693359375,Mouth closed
1713972978.662301,0.6240234375,0.8056640625,-0.0849609375,Mouth closed
1713972978.703315,0.620849609375,0.804931640625,-0.08740234375,Mouth closed
1713972978.739299,0.6201171875,0.805419921875,-0.084716796875,Mouth closed
1713972978.783126,0.623779296875,0.80859375,-0.0849609375,Mouth closed
1713972978.823483,0.62158203125,0.803466796875,-0.086669921875,Mouth closed
1713972978.862591,0.62060546875,0.8056640625,-0.087158203125,Mouth closed
1713972978.896146,0.61962890625,0.802734375,-0.086181640625,Mouth closed
1713972978.937009,0.621337890625,0.803955078125,-0.0869140625,Mouth closed
1713972978.977216,0.617919921875,0.802978515625,-0.087158203125,Mouth closed
1713972979.017017,0.622314453125,0.803466796875,-0.083251953125,Mouth closed
1713972979.057403,0.624267578125,0.80859375,-0.081787109375,Mouth closed
1713972979.099022,0.618896484375,0.802978515625,-0.084228515625,Mouth closed
1713972979.137953,0.6201171875,0.805419921875,-0.0810546875,Mouth closed
1713972979.180665,0.621826171875,0.806884765625,-0.080322265625,Mouth closed
1713972979.221519,0.619873046875,0.8037109375,-0.0830078125,Mouth closed
1713972979.259353,0.620849609375,0.80517578125,-0.08447265625,Mouth closed
1713972979.302612,0.62109375,0.805908203125,-0.08349609375,Mouth closed
1713972979.341156,0.623779296875,0.807373046875,-0.084228515625,Mouth closed
1713972979.383551,0.621826171875,0.806640625,-0.082275390625,Mouth closed
1713972979.421167,0.6240234375,0.8037109375,-0.083984375,Mouth closed
1713972979.462522,0.619873046875,0.8056640625,-0.0830078125,Mouth closed
1713972979.49832,0.62109375,0.806396484375,-0.0849609375,Mouth closed
1713972979.542304,0.61962890625,0.802490234375,-0.08984375,Mouth closed
1713972979.577946,0.619873046875,0.8056640625,-0.086669921875,Mouth closed
1713972979.620884,0.620849609375,0.80517578125,-0.086181640625,Mouth closed
1713972979.657475,0.620849609375,0.806396484375,-0.081787109375,Mouth closed
1713972979.696878,0.626220703125,0.8095703125,-0.082275390625,Mouth closed
1713972979.738245,0.61962890625,0.804443359375,-0.077880859375,Mouth closed
1713972979.7826,0.619384765625,0.806640625,-0.07568359375,Mouth closed
1713972979.819245,0.624267578125,0.80859375,-0.077880859375,Mouth closed
1713972979.862998,0.619873046875,0.805908203125,-0.07763671875,Mouth closed
1713972979.899387,0.62060546875,0.806884765625,-0.078857421875,Mouth closed
1713972979.938049,0.619873046875,0.80859375,-0.077392578125,Mouth closed
1713972979.978887,0.6240234375,0.809326171875,-0.080810546875,Mouth closed
1713972980.020771,0.6201171875,0.808349609375,-0.078369140625,Mouth closed
1713972980.059899,0.623291015625,0.807373046875,-0.07763671875,Mouth closed
1713972980.099496,0.620849609375,0.803955078125,-0.08251953125,Mouth closed
1713972980.137946,0.619873046875,0.8056640625,-0.082275390625,Mouth closed
1713972980.178858,0.621337890625,0.805419921875,-0.0849609375,Mouth closed
1713972980.21595,0.61962890625,0.8017578125,-0.083251953125,Mouth closed
1713972980.256113,0.625732421875,0.80078125,-0.078125,Mouth closed
1713972980.298888,0.6240234375,0.8115234375,-0.085205078125,Mouth closed
1713972980.338564,0.626953125,0.80615234375,-0.065185546875,Mouth closed
1713972980.378139,0.613037109375,0.796142578125,-0.091064453125,Mouth closed
1713972980.419311,0.6220703125,0.8037109375,-0.087890625,Mouth closed
1713972980.458206,0.62646484375,0.809814453125,-0.0791015625,Mouth closed
1713972980.49822,0.615234375,0.80859375,-0.076416015625,Mouth closed
1713972980.53795,0.6318359375,0.821533203125,-0.069091796875,Mouth closed
1713972980.582307,0.614013671875,0.803955078125,-0.09375,Mouth closed
1713972980.620095,0.621337890625,0.810302734375,-0.085205078125,Mouth closed
1713972980.660502,0.61474609375,0.811767578125,-0.075439453125,Mouth closed
1713972980.698929,0.616455078125,0.8134765625,-0.082275390625,Mouth closed
1713972980.741599,0.61669921875,0.81298828125,-0.080078125,Mouth closed
1713972980.778312,0.61572265625,0.807861328125,-0.083984375,Mouth closed
1713972980.818351,0.615966796875,0.81103515625,-0.0830078125,Mouth closed
1713972980.857901,0.615234375,0.80712890625,-0.08203125,Mouth closed
1713972980.898028,0.616455078125,0.80810546875,-0.082275390625,Mouth closed
1713972980.93818,0.6171875,0.80908203125,-0.080322265625,Mouth closed
1713972980.978028,0.6142578125,0.811279296875,-0.0830078125,Mouth closed
1713972981.017801,0.615234375,0.809814453125,-0.08349609375,Mouth closed
1713972981.06271,0.61279296875,0.80712890625,-0.081298828125,Mouth closed
1713972981.103938,0.61767578125,0.811279296875,-0.084716796875,Mouth closed
1713972981.142783,0.614501953125,0.80908203125,-0.0849609375,Mouth closed
1713972981.18259,0.614013671875,0.80615234375,-0.085205078125,Mouth closed
1713972981.221535,0.61328125,0.810302734375,-0.0869140625,Mouth closed
1713972981.260258,0.61767578125,0.813232421875,-0.083740234375,Mouth closed
1713972981.302895,0.614013671875,0.81005859375,-0.084716796875,Mouth closed
1713972981.345315,0.615478515625,0.808837890625,-0.08349609375,Mouth closed
1713972981.381157,0.615966796875,0.808349609375,-0.088134765625,Mouth closed
1713972981.423593,0.6171875,0.80810546875,-0.088134765625,Mouth closed
1713972981.459047,0.619140625,0.809326171875,-0.089599609375,Mouth closed
1713972981.507915,0.617919921875,0.80810546875,-0.08544921875,Mouth closed
1713972981.536859,0.61474609375,0.806640625,-0.0888671875,Mouth closed
1713972981.583686,0.61767578125,0.806640625,-0.086181640625,Mouth closed
1713972981.617985,0.620361328125,0.811767578125,-0.08740234375,Mouth closed
1713972981.662832,0.615966796875,0.809814453125,-0.08251953125,Mouth closed
1713972981.699051,0.616943359375,0.809326171875,-0.082275390625,Mouth closed
1713972981.739922,0.617431640625,0.8095703125,-0.08203125,Mouth closed
1713972981.781085,0.615234375,0.807373046875,-0.083251953125,Mouth closed
1713972981.82696,0.615478515625,0.80712890625,-0.083740234375,Mouth closed
1713972981.859378,0.617431640625,0.810302734375,-0.083251953125,Mouth closed
1713972981.910573,0.617431640625,0.810791015625,-0.089111328125,Mouth closed
1713972981.946169,0.616455078125,0.81103515625,-0.0888671875,Mouth closed
1713972981.986803,0.618896484375,0.810546875,-0.087646484375,Mouth closed
1713972982.023598,0.615234375,0.8056640625,-0.089111328125,Mouth closed
1713972982.065415,0.6162109375,0.8095703125,-0.091064453125,Mouth closed
1713972982.103681,0.618408203125,0.80615234375,-0.09228515625,Mouth closed
1713972982.138826,0.615478515625,0.805908203125,-0.093994140625,Mouth closed
1713972982.183959,0.616943359375,0.80859375,-0.094970703125,Mouth closed
1713972982.222965,0.6181640625,0.805908203125,-0.093505859375,Mouth closed
1713972982.260548,0.616455078125,0.80615234375,-0.09130859375,Mouth closed
1713972982.300073,0.618408203125,0.808837890625,-0.09033203125,Mouth closed
1713972982.340194,0.620849609375,0.80908203125,-0.087646484375,Mouth closed
1713972982.383419,0.615478515625,0.806640625,-0.0859375,Mouth closed
1713972982.419947,0.619140625,0.807861328125,-0.089111328125,Mouth closed
1713972982.460871,0.61962890625,0.808349609375,-0.090087890625,Mouth closed
1713972982.501946,0.620361328125,0.808837890625,-0.08984375,Mouth closed
1713972982.544985,0.619140625,0.80712890625,-0.08935546875,Mouth closed
1713972982.582106,0.62158203125,0.810546875,-0.0908203125,Mouth closed
1713972982.622167,0.61767578125,0.805908203125,-0.091552734375,Mouth closed
1713972982.661276,0.618896484375,0.806884765625,-0.09375,Mouth closed
1713972982.701344,0.619140625,0.80859375,-0.092529296875,Mouth closed
1713972982.741158,0.61572265625,0.80810546875,-0.093017578125,Mouth closed
1713972982.779165,0.61669921875,0.804931640625,-0.09423828125,Mouth closed
1713972982.821026,0.620849609375,0.81201171875,-0.091552734375,Mouth closed
1713972982.859172,0.618896484375,0.80615234375,-0.091064453125,Mouth closed
1713972982.898856,0.617431640625,0.8076171875,-0.08642578125,Mouth closed
1713972982.942323,0.61865234375,0.810302734375,-0.087646484375,Mouth closed
1713972982.980276,0.614990234375,0.809326171875,-0.087646484375,Mouth closed
1713972983.020812,0.61865234375,0.8076171875,-0.08740234375,Mouth closed
1713972983.060811,0.616943359375,0.80908203125,-0.084228515625,Mouth closed
1713972983.10253,0.621826171875,0.810546875,-0.086181640625,Mouth closed
1713972983.143854,0.6181640625,0.808349609375,-0.083984375,Mouth closed
1713972983.182397,0.617919921875,0.80908203125,-0.08740234375,Mouth closed
1713972983.220964,0.617919921875,0.80712890625,-0.08837890625,Mouth closed
1713972983.265578,0.618408203125,0.808837890625,-0.091796875,Mouth closed
1713972983.30647,0.618408203125,0.808837890625,-0.09033203125,Mouth closed
1713972983.342631,0.6181640625,0.806640625,-0.090087890625,Mouth closed
1713972983.382886,0.613037109375,0.80810546875,-0.09130859375,Mouth closed
1713972983.421047,0.61962890625,0.810546875,-0.08642578125,Mouth closed
1713972983.460689,0.61767578125,0.804931640625,-0.089111328125,Mouth closed
1713972983.502275,0.619873046875,0.808349609375,-0.088134765625,Mouth closed
1713972983.548107,0.61572265625,0.810302734375,-0.085205078125,Mouth closed
1713972983.589379,0.61572265625,0.807861328125,-0.0859375,Mouth closed
1713972983.625099,0.6171875,0.806396484375,-0.084716796875,Mouth closed
1713972983.66822,0.615966796875,0.811767578125,-0.082763671875,Mouth closed
1713972983.707587,0.6181640625,0.806640625,-0.0849609375,Mouth closed
1713972983.747011,0.61865234375,0.812744140625,-0.088623046875,Mouth closed
1713972983.785005,0.61865234375,0.806640625,-0.087646484375,Mouth closed
1713972983.824095,0.6171875,0.8076171875,-0.087890625,Mouth closed
1713972983.864265,0.62060546875,0.805908203125,-0.089111328125,Mouth closed
1713972983.904292,0.61767578125,0.805419921875,-0.09033203125,Mouth closed
1713972983.944498,0.61669921875,0.808349609375,-0.086181640625,Mouth closed
1713972983.984096,0.61572265625,0.809814453125,-0.0869140625,Mouth closed
1713972984.023905,0.621337890625,0.8125,-0.09033203125,Mouth closed
1713972984.062872,0.61474609375,0.804931640625,-0.08642578125,Mouth closed
1713972984.101905,0.6201171875,0.810546875,-0.08251953125,Mouth closed
1713972984.142802,0.619384765625,0.806640625,-0.086181640625,Mouth closed
1713972984.181828,0.61669921875,0.8046875,-0.08447265625,Mouth closed
1713972984.225141,0.617919921875,0.80810546875,-0.08642578125,Mouth closed
1713972984.263962,0.616943359375,0.809814453125,-0.081787109375,Mouth closed
1713972984.303185,0.619140625,0.808837890625,-0.082275390625,Mouth closed
1713972984.344907,0.61962890625,0.807373046875,-0.084716796875,Mouth closed
1713972984.383978,0.618896484375,0.811767578125,-0.084716796875,Mouth closed
1713972984.42427,0.614501953125,0.810302734375,-0.083251953125,Mouth closed
1713972984.465222,0.61865234375,0.807373046875,-0.08642578125,Mouth closed
1713972984.503699,0.618408203125,0.8076171875,-0.0830078125,Mouth closed
1713972984.543844,0.616943359375,0.8095703125,-0.08154296875,Mouth closed
1713972984.58543,0.61865234375,0.807861328125,-0.082763671875,Mouth closed
1713972984.624951,0.62353515625,0.80810546875,-0.0849609375,Mouth closed
1713972984.665641,0.6181640625,0.8037109375,-0.086181640625,Mouth closed
1713972984.704707,0.620849609375,0.80810546875,-0.08349609375,Mouth closed
1713972984.745484,0.617919921875,0.813232421875,-0.084228515625,Mouth closed
1713972984.783799,0.614501953125,0.809814453125,-0.08251953125,Mouth closed
1713972984.824188,0.614501953125,0.80908203125,-0.0830078125,Mouth closed
1713972984.868191,0.61474609375,0.81298828125,-0.085693359375,Mouth closed
1713972984.905645,0.6181640625,0.810546875,-0.08837890625,Mouth closed
1713972984.946001,0.621826171875,0.808349609375,-0.082763671875,Mouth closed
1713972984.986619,0.625,0.810791015625,-0.08056640625,Mouth closed
1713972985.03158,0.6201171875,0.8076171875,-0.08447265625,Mouth closed
1713972985.065762,0.618896484375,0.8046875,-0.089599609375,Mouth closed
1713972985.112228,0.619873046875,0.80322265625,-0.09033203125,Mouth closed
1713972985.153298,0.620361328125,0.802001953125,-0.08935546875,Mouth closed
1713972985.196519,0.6181640625,0.806884765625,-0.087646484375,Mouth closed
1713972985.226664,0.623291015625,0.810546875,-0.088134765625,Mouth closed
1713972985.275066,0.615966796875,0.804443359375,-0.087646484375,Mouth closed
1713972985.313575,0.6220703125,0.8125,-0.083740234375,Mouth closed
1713972985.348547,0.621337890625,0.806396484375,-0.086181640625,Mouth closed
1713972985.391907,0.617919921875,0.804931640625,-0.0859375,Mouth closed
1713972985.432725,0.619384765625,0.8056640625,-0.088134765625,Mouth closed
1713972985.468005,0.619140625,0.8095703125,-0.089111328125,Mouth closed
1713972985.507716,0.6201171875,0.804931640625,-0.09033203125,Mouth closed
1713972985.545378,0.619384765625,0.807373046875,-0.088623046875,Mouth closed
1713972985.589263,0.621337890625,0.805908203125,-0.090576171875,Mouth closed
1713972985.624797,0.6201171875,0.8046875,-0.092529296875,Mouth closed
1713972985.679009,0.621826171875,0.806884765625,-0.093017578125,Mouth closed
1713972985.714543,0.61962890625,0.803466796875,-0.09423828125,Mouth closed
1713972985.74796,0.617919921875,0.803466796875,-0.093994140625,Mouth closed
1713972985.79164,0.617431640625,0.805908203125,-0.093994140625,Mouth closed
1713972985.829335,0.6220703125,0.81005859375,-0.093994140625,Mouth closed
1713972985.865775,0.6171875,0.806396484375,-0.091796875,Mouth closed
1713972985.906908,0.6201171875,0.81201171875,-0.08349609375,Mouth closed
1713972985.946684,0.621826171875,0.81005859375,-0.08837890625,Mouth closed
1713972986.010113,0.617919921875,0.802490234375,-0.088134765625,Mouth closed
1713972986.0319,0.6201171875,0.8046875,-0.087890625,Mouth closed
1713972986.068667,0.621826171875,0.80517578125,-0.089599609375,Mouth closed
1713972986.10498,0.62255859375,0.80517578125,-0.09375,Mouth closed
1713972986.153112,0.6181640625,0.805419921875,-0.085693359375,Mouth closed
1713972986.19154,0.624755859375,0.809326171875,-0.0888671875,Mouth closed
1713972986.232568,0.6220703125,0.806396484375,-0.0908203125,Mouth closed
1713972986.273456,0.618896484375,0.80224609375,-0.090576171875,Mouth closed
1713972986.311493,0.62109375,0.8046875,-0.093994140625,Mouth closed
1713972986.349076,0.6201171875,0.80517578125,-0.095703125,Mouth closed
1713972986.389198,0.62109375,0.80224609375,-0.09130859375,Mouth closed
1713972986.426988,0.62060546875,0.806640625,-0.087646484375,Mouth closed
1713972986.469734,0.6201171875,0.803466796875,-0.08740234375,Mouth closed
1713972986.508201,0.620361328125,0.80615234375,-0.0888671875,Mouth closed
1713972986.548135,0.622314453125,0.806640625,-0.087890625,Mouth closed
1713972986.588316,0.61865234375,0.805419921875,-0.0869140625,Mouth closed
1713972986.627688,0.619140625,0.80810546875,-0.08935546875,Mouth closed
1713972986.666699,0.620361328125,0.80810546875,-0.086181640625,Mouth closed
1713972986.706549,0.623046875,0.805908203125,-0.087646484375,Mouth closed
1713972986.746003,0.617919921875,0.806640625,-0.0859375,Mouth closed
1713972986.785667,0.619140625,0.8056640625,-0.0869140625,Mouth closed
1713972986.825239,0.619384765625,0.808837890625,-0.0849609375,Mouth closed
1713972986.87398,0.619873046875,0.808837890625,-0.08740234375,Mouth closed
1713972986.906299,0.619384765625,0.809326171875,-0.088134765625,Mouth closed
1713972986.947562,0.620849609375,0.80517578125,-0.091064453125,Mouth closed
1713972986.986666,0.618408203125,0.80517578125,-0.092529296875,Mouth closed
1713972987.027455,0.616455078125,0.80419921875,-0.088623046875,Mouth closed
1713972987.067487,0.619873046875,0.80908203125,-0.08642578125,Mouth closed
1713972987.112176,0.619140625,0.803955078125,-0.085693359375,Mouth closed
1713972987.146766,0.622314453125,0.804443359375,-0.08251953125,Mouth closed
1713972987.188113,0.617919921875,0.8076171875,-0.08837890625,Mouth closed
1713972987.227857,0.618896484375,0.808837890625,-0.082763671875,Mouth closed
1713972987.268958,0.616455078125,0.8046875,-0.089111328125,Mouth closed
1713972987.305971,0.6201171875,0.812255859375,-0.081787109375,Mouth closed
1713972987.34671,0.62060546875,0.810791015625,-0.08544921875,Mouth closed
1713972987.383722,0.617919921875,0.804443359375,-0.08544921875,Mouth closed
1713972987.425063,0.619384765625,0.80859375,-0.083740234375,Mouth closed
1713972987.465042,0.6181640625,0.8076171875,-0.0869140625,Mouth closed
1713972987.505933,0.61962890625,0.8056640625,-0.0849609375,Mouth closed
1713972987.546059,0.617919921875,0.808349609375,-0.085693359375,Mouth closed
1713972987.585794,0.6162109375,0.80712890625,-0.088134765625,Mouth closed
1713972987.63014,0.6171875,0.808837890625,-0.085693359375,Mouth closed
1713972987.66806,0.61669921875,0.807861328125,-0.08740234375,Mouth closed
1713972987.711142,0.61767578125,0.809814453125,-0.084716796875,Mouth closed
1713972987.749014,0.61767578125,0.803955078125,-0.08251953125,Mouth closed
1713972987.790328,0.62109375,0.809814453125,-0.080810546875,Mouth closed
1713972987.830912,0.6181640625,0.807373046875,-0.07958984375,Mouth closed
1713972987.870127,0.617919921875,0.80517578125,-0.08056640625,Mouth closed
1713972987.907934,0.615966796875,0.804931640625,-0.086181640625,Mouth closed
1713972987.949756,0.6181640625,0.80810546875,-0.084228515625,Mouth closed
1713972987.987745,0.615478515625,0.80810546875,-0.0869140625,Mouth closed
1713972988.030396,0.615478515625,0.806640625,-0.08984375,Mouth closed
1713972988.064832,0.616455078125,0.810302734375,-0.09130859375,Mouth closed
1713972988.111191,0.617431640625,0.808349609375,-0.087646484375,Mouth closed
1713972988.149669,0.6181640625,0.806396484375,-0.090576171875,Mouth closed
1713972988.191678,0.621826171875,0.803466796875,-0.087646484375,Mouth closed
1713972988.235156,0.6181640625,0.806884765625,-0.0859375,Mouth closed
1713972988.267248,0.615966796875,0.805908203125,-0.0888671875,Mouth closed
1713972988.30758,0.614501953125,0.807861328125,-0.088134765625,Mouth closed
1713972988.34798,0.617431640625,0.808349609375,-0.0859375,Mouth closed
1713972988.387642,0.6171875,0.8115234375,-0.084228515625,Mouth closed
1713972988.427618,0.62109375,0.80859375,-0.084716796875,Mouth closed
1713972988.467661,0.615966796875,0.8095703125,-0.083984375,Mouth closed
1713972988.511556,0.615478515625,0.806396484375,-0.082763671875,Mouth closed
1713972988.553667,0.61962890625,0.807861328125,-0.083740234375,Mouth closed
1713972988.590412,0.62353515625,0.805908203125,-0.090087890625,Mouth closed
1713972988.627381,0.6142578125,0.8046875,-0.08642578125,Mouth closed
1713972988.666792,0.621826171875,0.805908203125,-0.0859375,Mouth closed
1713972988.70513,0.618408203125,0.805419921875,-0.0869140625,Mouth closed
1713972988.746105,0.616943359375,0.8037109375,-0.0908203125,Mouth closed
1713972988.787006,0.61865234375,0.803955078125,-0.09326171875,Mouth closed
1713972988.828748,0.614990234375,0.804931640625,-0.09326171875,Mouth closed
1713972988.866648,0.619384765625,0.80712890625,-0.088623046875,Mouth closed
1713972988.908557,0.618896484375,0.807861328125,-0.087890625,Mouth closed
1713972988.947936,0.625732421875,0.81005859375,-0.08642578125,Mouth closed
1713972988.986702,0.618896484375,0.805908203125,-0.08935546875,Mouth closed
1713972989.027455,0.622314453125,0.81005859375,-0.086181640625,Mouth closed
1713972989.066618,0.61767578125,0.8076171875,-0.086669921875,Mouth closed
1713972989.108052,0.614013671875,0.8056640625,-0.08837890625,Mouth closed
1713972989.147691,0.618896484375,0.8076171875,-0.0859375,Mouth closed
1713972989.18879,0.6162109375,0.80810546875,-0.0869140625,Mouth closed
1713972989.227626,0.618408203125,0.80615234375,-0.08740234375,Mouth closed
1713972989.265853,0.62060546875,0.805419921875,-0.0888671875,Mouth closed
1713972989.305699,0.621826171875,0.80712890625,-0.089599609375,Mouth closed
1713972989.348233,0.617431640625,0.804443359375,-0.090087890625,Mouth closed
1713972989.388047,0.619384765625,0.806396484375,-0.093017578125,Mouth closed
1713972989.427278,0.617919921875,0.80615234375,-0.0947265625,Mouth closed
1713972989.466593,0.6162109375,0.80810546875,-0.09375,Mouth closed
1713972989.516081,0.617431640625,0.805419921875,-0.09423828125,Mouth closed
1713972989.553797,0.615966796875,0.80908203125,-0.091552734375,Mouth closed
1713972989.588655,0.61962890625,0.805419921875,-0.09130859375,Mouth closed
1713972989.637527,0.6171875,0.807861328125,-0.084716796875,Mouth closed
1713972989.673333,0.618896484375,0.808349609375,-0.087158203125,Mouth closed
1713972989.70856,0.615966796875,0.8076171875,-0.088134765625,Mouth closed
1713972989.750988,0.6171875,0.80908203125,-0.088623046875,Mouth closed
1713972989.788605,0.614990234375,0.80615234375,-0.08642578125,Mouth closed
1713972989.834482,0.62255859375,0.808837890625,-0.089111328125,Mouth closed
1713972989.868742,0.615234375,0.806640625,-0.08935546875,Mouth closed
1713972989.914051,0.618408203125,0.808349609375,-0.089599609375,Mouth closed
1713972989.947705,0.61865234375,0.806640625,-0.085205078125,Mouth closed
1713972989.998526,0.618408203125,0.8076171875,-0.08642578125,Mouth closed
1713972990.02825,0.6171875,0.807373046875,-0.0908203125,Mouth closed
1713972990.071753,0.618408203125,0.80322265625,-0.09033203125,Mouth closed
1713972990.107912,0.6171875,0.803955078125,-0.088623046875,Mouth closed
1713972990.151335,0.616943359375,0.808349609375,-0.0927734375,Mouth closed
1713972990.194573,0.618896484375,0.80908203125,-0.092529296875,Mouth closed
1713972990.234208,0.6181640625,0.8056640625,-0.087646484375,Mouth closed
1713972990.272236,0.62255859375,0.80810546875,-0.080810546875,Mouth closed
1713972990.309132,0.61767578125,0.80517578125,-0.08642578125,Mouth closed
1713972990.351801,0.61669921875,0.805908203125,-0.085205078125,Mouth closed
1713972990.39231,0.615478515625,0.806396484375,-0.085205078125,Mouth closed
1713972990.4331,0.618408203125,0.80859375,-0.083251953125,Mouth closed
1713972990.471188,0.6171875,0.808349609375,-0.083740234375,Mouth closed
1713972990.510933,0.61669921875,0.809814453125,-0.087158203125,Mouth closed
1713972990.550173,0.6171875,0.8115234375,-0.083984375,Mouth closed
1713972990.588252,0.616455078125,0.807373046875,-0.0859375,Mouth closed
1713972990.629051,0.618408203125,0.8095703125,-0.08544921875,Mouth closed
1713972990.667537,0.6181640625,0.806640625,-0.087890625,Mouth closed
1713972990.71011,0.615478515625,0.807373046875,-0.0888671875,Mouth closed
1713972990.752316,0.614501953125,0.809326171875,-0.088623046875,Mouth closed
1713972990.79269,0.6142578125,0.806640625,-0.08642578125,Mouth closed
1713972990.830781,0.619873046875,0.80810546875,-0.0859375,Mouth closed
1713972990.870203,0.61767578125,0.807861328125,-0.081787109375,Mouth closed
1713972990.908739,0.6181640625,0.806884765625,-0.08544921875,Mouth closed
1713972990.950221,0.615966796875,0.80615234375,-0.08349609375,Mouth closed
1713972990.989579,0.61669921875,0.80859375,-0.084228515625,Mouth closed
1713972991.029803,0.617431640625,0.811279296875,-0.0849609375,Mouth closed
1713972991.070617,0.62060546875,0.8095703125,-0.085693359375,Mouth closed
1713972991.112473,0.6171875,0.807373046875,-0.08349609375,Mouth closed
1713972991.150615,0.618896484375,0.808837890625,-0.08642578125,Mouth closed
1713972991.191666,0.6162109375,0.808349609375,-0.08447265625,Mouth closed
1713972991.229984,0.615234375,0.808837890625,-0.0859375,Mouth closed
1713972991.271102,0.6171875,0.806396484375,-0.089111328125,Mouth closed
1713972991.309578,0.6142578125,0.807861328125,-0.089111328125,Mouth closed
1713972991.350593,0.61669921875,0.806640625,-0.087158203125,Mouth closed
1713972991.390572,0.6142578125,0.805908203125,-0.0859375,Mouth closed
1713972991.430851,0.6220703125,0.8095703125,-0.086181640625,Mouth closed
1713972991.477584,0.62158203125,0.8046875,-0.086181640625,Mouth closed
1713972991.514568,0.621337890625,0.810791015625,-0.0830078125,Mouth closed
1713972991.555216,0.6171875,0.81201171875,-0.08544921875,Mouth closed
1713972991.59499,0.616943359375,0.808349609375,-0.08544921875,Mouth closed
1713972991.633984,0.6171875,0.807373046875,-0.083984375,Mouth closed
1713972991.67148,0.6181640625,0.80908203125,-0.085205078125,Mouth closed
1713972991.713977,0.616943359375,0.80615234375,-0.085693359375,Mouth closed
1713972991.755095,0.619384765625,0.80615234375,-0.084716796875,Mouth closed
1713972991.806325,0.620361328125,0.8095703125,-0.081298828125,Mouth closed
1713972991.834284,0.61767578125,0.80615234375,-0.08544921875,Mouth closed
1713972991.901295,0.6201171875,0.808837890625,-0.087890625,Mouth closed
1713972991.917352,0.6162109375,0.806640625,-0.0908203125,Mouth closed
1713972991.956672,0.619140625,0.805908203125,-0.09228515625,Mouth closed
1713972991.997076,0.615234375,0.80615234375,-0.091064453125,Mouth closed
1713972992.037502,0.6201171875,0.810546875,-0.091796875,Mouth closed
1713972992.078693,0.619873046875,0.807373046875,-0.08935546875,Mouth closed
1713972992.11279,0.620361328125,0.80908203125,-0.086181640625,Mouth closed
1713972992.161503,0.620361328125,0.80712890625,-0.087890625,Mouth closed
1713972992.199076,0.61572265625,0.80419921875,-0.086669921875,Mouth closed
1713972992.235423,0.619140625,0.80810546875,-0.087646484375,Mouth closed
1713972992.275973,0.620361328125,0.810546875,-0.08740234375,Mouth closed
1713972992.316168,0.617431640625,0.806884765625,-0.090087890625,Mouth closed
1713972992.355008,0.619384765625,0.80859375,-0.088134765625,Mouth closed
1713972992.394724,0.6220703125,0.80859375,-0.086181640625,Mouth closed
1713972992.434649,0.61865234375,0.80615234375,-0.087890625,Mouth closed
1713972992.479913,0.62158203125,0.80712890625,-0.089599609375,Mouth closed
1713972992.514104,0.614990234375,0.805419921875,-0.09375,Mouth closed
1713972992.553097,0.618896484375,0.803466796875,-0.08984375,Mouth closed
1713972992.592589,0.61572265625,0.805908203125,-0.088134765625,Mouth closed
1713972992.633009,0.624267578125,0.81005859375,-0.08984375,Mouth closed
1713972992.671553,0.618408203125,0.805908203125,-0.08837890625,Mouth closed
1713972992.712467,0.62255859375,0.812255859375,-0.0830078125,Mouth closed
1713972992.753292,0.61669921875,0.80810546875,-0.087158203125,Mouth closed
1713972992.793336,0.61767578125,0.808837890625,-0.089111328125,Mouth closed
1713972992.8345,0.61669921875,0.8037109375,-0.088623046875,Mouth closed
1713972992.874822,0.616943359375,0.8076171875,-0.085205078125,Mouth closed
1713972992.914618,0.61669921875,0.806884765625,-0.08251953125,Mouth closed
1713972992.953732,0.618896484375,0.809814453125,-0.088134765625,Mouth closed
1713972993.000217,0.619384765625,0.806640625,-0.086181640625,Mouth open
1713972993.038114,0.6171875,0.805419921875,-0.089111328125,Mouth open
1713972993.077708,0.617919921875,0.810302734375,-0.087890625,Mouth open
1713972993.114454,0.619140625,0.806884765625,-0.090576171875,Mouth open
1713972993.154761,0.618408203125,0.805908203125,-0.09033203125,Mouth open
1713972993.196525,0.6162109375,0.80908203125,-0.08837890625,Mouth open
1713972993.23146,0.6181640625,0.808349609375,-0.086669921875,Mouth open
1713972993.273923,0.618408203125,0.80419921875,-0.087890625,Mouth open
1713972993.32255,0.620849609375,0.8095703125,-0.083740234375,Mouth open
1713972993.359153,0.616943359375,0.808349609375,-0.083251953125,Mouth open
1713972993.396496,0.617919921875,0.80810546875,-0.08447265625,Mouth open
1713972993.433984,0.618408203125,0.81005859375,-0.085205078125,Mouth open
1713972993.476479,0.618408203125,0.807861328125,-0.08642578125,Mouth open
1713972993.513483,0.61572265625,0.808837890625,-0.0859375,Mouth open
1713972993.553635,0.615478515625,0.80859375,-0.086181640625,Mouth open
1713972993.595602,0.617431640625,0.80908203125,-0.083740234375,Mouth open
1713972993.635843,0.619140625,0.805908203125,-0.086669921875,Mouth open
1713972993.681195,0.61669921875,0.806396484375,-0.0859375,Mouth open
1713972993.718229,0.61669921875,0.807861328125,-0.089599609375,Mouth open
1713972993.761722,0.616455078125,0.806884765625,-0.087646484375,Mouth open
1713972993.795566,0.6162109375,0.808837890625,-0.087890625,Mouth open
1713972993.839224,0.620361328125,0.807861328125,-0.084716796875,Mouth open
1713972993.876868,0.618896484375,0.806640625,-0.08349609375,Mouth open
1713972993.917298,0.61767578125,0.809814453125,-0.081787109375,Mouth open
1713972993.954634,0.616943359375,0.807861328125,-0.081787109375,Mouth open
1713972993.994257,0.614990234375,0.805908203125,-0.0830078125,Mouth open
1713972994.037825,0.614013671875,0.808349609375,-0.084228515625,Mouth open
1713972994.074901,0.6171875,0.8115234375,-0.085693359375,Mouth open
1713972994.114635,0.61328125,0.809326171875,-0.0849609375,Mouth open
1713972994.155494,0.618896484375,0.811279296875,-0.08251953125,Mouth open
1713972994.198263,0.615966796875,0.809814453125,-0.084228515625,Mouth open
1713972994.235574,0.61376953125,0.806640625,-0.087890625,Mouth open
1713972994.2764,0.6162109375,0.807861328125,-0.088134765625,Mouth open
1713972994.316487,0.6171875,0.807861328125,-0.084716796875,Mouth open
1713972994.358943,0.615478515625,0.808837890625,-0.08837890625,Mouth open
1713972994.397587,0.615966796875,0.810302734375,-0.086669921875,Mouth open
1713972994.436556,0.61865234375,0.81298828125,-0.08544921875,Mouth open
1713972994.47746,0.615966796875,0.806640625,-0.08544921875,Mouth open
1713972994.516478,0.616455078125,0.808349609375,-0.083740234375,Mouth open
1713972994.553575,0.617431640625,0.80908203125,-0.084228515625,Mouth open
1713972994.595519,0.617919921875,0.80859375,-0.08056640625,Mouth open
1713972994.635765,0.615234375,0.807861328125,-0.08349609375,Mouth open
1713972994.688487,0.615478515625,0.81005859375,-0.083984375,Mouth open
1713972994.718512,0.62109375,0.807861328125,-0.083740234375,Mouth open
1713972994.757021,0.61572265625,0.80712890625,-0.085205078125,Mouth open
1713972994.796744,0.6171875,0.81005859375,-0.0849609375,Mouth open
1713972994.835586,0.619140625,0.809326171875,-0.0869140625,Mouth open
1713972994.875478,0.618896484375,0.80859375,-0.0869140625,Mouth open
1713972994.916566,0.617431640625,0.80859375,-0.087646484375,Mouth open
1713972994.956897,0.61767578125,0.80859375,-0.092041015625,Mouth open
1713972995.000838,0.617919921875,0.808349609375,-0.084716796875,Mouth open
1713972995.056372,0.6162109375,0.810546875,-0.0859375,Mouth open
1713972995.077594,0.621826171875,0.815185546875,-0.085205078125,Mouth open
1713972995.117336,0.6171875,0.806884765625,-0.08447265625,Mouth open
1713972995.156883,0.618408203125,0.809814453125,-0.083984375,Mouth open
1713972995.195467,0.61962890625,0.80810546875,-0.081298828125,Mouth open
1713972995.24085,0.615234375,0.808349609375,-0.08203125,Mouth open
1713972995.279007,0.61865234375,0.80712890625,-0.08251953125,Mouth open
1713972995.31827,0.61865234375,0.81201171875,-0.084716796875,Mouth open
1713972995.357085,0.617431640625,0.81103515625,-0.08447265625,Mouth open
1713972995.398052,0.619140625,0.8095703125,-0.084716796875,Mouth open
1713972995.437993,0.6181640625,0.81005859375,-0.085693359375,Mouth open
1713972995.481536,0.615234375,0.806396484375,-0.0908203125,Mouth open
1713972995.518192,0.618896484375,0.80859375,-0.08935546875,Mouth open
1713972995.569633,0.6171875,0.806396484375,-0.0908203125,Mouth open
1713972995.597474,0.614501953125,0.804443359375,-0.09423828125,Mouth open
1713972995.639703,0.616455078125,0.808837890625,-0.089111328125,Mouth open
1713972995.684275,0.6181640625,0.806640625,-0.090576171875,Mouth open
1713972995.72448,0.620849609375,0.817626953125,-0.091796875,Mouth open
1713972995.761349,0.6318359375,0.79736328125,-0.08740234375,Mouth open
1713972995.80426,0.629638671875,0.80810546875,-0.090576171875,Mouth open
1713972995.842236,0.64453125,0.78369140625,-0.077392578125,Mouth open
1713972995.875762,0.64208984375,0.784912109375,-0.083984375,Mouth open
1713972995.91976,0.646484375,0.780029296875,-0.08056640625,Mouth open
1713972995.957259,0.6630859375,0.775146484375,-0.0751953125,Mouth open
1713972995.998732,0.65283203125,0.77294921875,-0.08251953125,Mouth open
1713972996.040455,0.654541015625,0.774169921875,-0.0927734375,Mouth open
1713972996.082921,0.663330078125,0.776611328125,-0.08740234375,Mouth open
1713972996.122265,0.64697265625,0.773681640625,-0.10107421875,Mouth open
1713972996.159112,0.655029296875,0.774658203125,-0.09130859375,Mouth open
1713972996.19945,0.65185546875,0.770751953125,-0.085693359375,Mouth open
1713972996.238824,0.64794921875,0.773681640625,-0.1005859375,Mouth open
1713972996.278345,0.653076171875,0.7841796875,-0.084228515625,Mouth open
1713972996.318988,0.65185546875,0.784423828125,-0.08984375,Mouth open
1713972996.35968,0.63916015625,0.78515625,-0.11376953125,Mouth open
1713972996.399454,0.654296875,0.772216796875,-0.09423828125,Mouth open
1713972996.442321,0.650390625,0.784423828125,-0.095947265625,Mouth open
1713972996.478515,0.6416015625,0.779296875,-0.101806640625,Mouth open
1713972996.520474,0.646728515625,0.783447265625,-0.08984375,Mouth open
1713972996.557806,0.6455078125,0.784423828125,-0.09375,Mouth open
1713972996.602715,0.639404296875,0.785400390625,-0.099853515625,Mouth open
1713972996.639647,0.64306640625,0.786865234375,-0.0986328125,Mouth open
1713972996.679678,0.640869140625,0.78369140625,-0.0966796875,Mouth open
1713972996.721021,0.642578125,0.7841796875,-0.095458984375,Mouth open
1713972996.759153,0.64306640625,0.783935546875,-0.095703125,Mouth open
1713972996.801686,0.639404296875,0.783935546875,-0.097900390625,Mouth open
1713972996.840074,0.640869140625,0.7890625,-0.097900390625,Mouth open
1713972996.886422,0.636474609375,0.786865234375,-0.095703125,Mouth open
1713972996.923032,0.639404296875,0.7890625,-0.094482421875,Mouth open
1713972996.964114,0.638427734375,0.79052734375,-0.0947265625,Mouth open
1713972997.003337,0.641357421875,0.791259765625,-0.092041015625,Mouth open
1713972997.04198,0.638427734375,0.787109375,-0.09423828125,Mouth open
1713972997.080279,0.64013671875,0.792724609375,-0.09326171875,Mouth open
1713972997.119547,0.63671875,0.7900390625,-0.088623046875,Mouth open
1713972997.159726,0.633544921875,0.794677734375,-0.093505859375,Mouth open
1713972997.19759,0.635009765625,0.792724609375,-0.091064453125,Mouth open
1713972997.238677,0.639404296875,0.794677734375,-0.0869140625,Mouth open
1713972997.289968,0.631591796875,0.791748046875,-0.091064453125,Mouth open
1713972997.319322,0.63818359375,0.796142578125,-0.09228515625,Mouth open
1713972997.360919,0.637939453125,0.793212890625,-0.087646484375,Mouth open
1713972997.400689,0.634521484375,0.79052734375,-0.092041015625,Mouth open
1713972997.44088,0.63671875,0.79150390625,-0.091552734375,Mouth open
1713972997.482395,0.63330078125,0.791259765625,-0.090576171875,Mouth open
1713972997.525774,0.633056640625,0.7919921875,-0.093505859375,Mouth open
1713972997.562557,0.63720703125,0.79296875,-0.09130859375,Mouth open
1713972997.605425,0.63671875,0.79248046875,-0.086669921875,Mouth open
1713972997.641561,0.63916015625,0.7919921875,-0.093017578125,Mouth open
1713972997.690197,0.63671875,0.794921875,-0.086669921875,Mouth open
1713972997.721656,0.63720703125,0.796142578125,-0.0859375,Mouth open
1713972997.773886,0.63330078125,0.79296875,-0.088134765625,Mouth open
1713972997.7995,0.6357421875,0.795654296875,-0.08935546875,Mouth open
1713972997.839074,0.638671875,0.792724609375,-0.087158203125,Mouth open
1713972997.883037,0.63720703125,0.791015625,-0.09033203125,Mouth open
1713972997.929165,0.630615234375,0.785400390625,-0.0908203125,Mouth open
1713972997.959906,0.637451171875,0.795166015625,-0.090087890625,Mouth open
1713972998.014585,0.635009765625,0.79345703125,-0.082763671875,Mouth open
1713972998.040516,0.635986328125,0.790283203125,-0.0927734375,Mouth open
1713972998.082526,0.635986328125,0.791748046875,-0.093017578125,Mouth open
1713972998.120239,0.636962890625,0.79150390625,-0.090576171875,Mouth open
1713972998.160902,0.6357421875,0.79296875,-0.08984375,Mouth open
1713972998.201335,0.635498046875,0.7939453125,-0.09033203125,Mouth open
1713972998.241271,0.639404296875,0.794677734375,-0.087158203125,Mouth open
1713972998.284865,0.635498046875,0.788330078125,-0.09033203125,Mouth open
1713972998.336317,0.63623046875,0.791748046875,-0.09033203125,Mouth open
1713972998.36394,0.637451171875,0.79052734375,-0.085693359375,Mouth open
1713972998.402775,0.630615234375,0.790283203125,-0.08984375,Mouth open
1713972998.441432,0.631103515625,0.792724609375,-0.09130859375,Mouth open
1713972998.48285,0.634033203125,0.797119140625,-0.09033203125,Mouth open
1713972998.521561,0.637939453125,0.791259765625,-0.093017578125,Mouth open
1713972998.56302,0.63427734375,0.79052734375,-0.091552734375,Mouth open
1713972998.602456,0.637451171875,0.79296875,-0.09375,Mouth open
1713972998.648135,0.63525390625,0.794189453125,-0.093017578125,Mouth open
1713972998.681339,0.63330078125,0.79296875,-0.0927734375,Mouth open
1713972998.722402,0.639404296875,0.791015625,-0.0888671875,Mouth open
1713972998.766226,0.635498046875,0.78857421875,-0.097900390625,Mouth open
1713972998.802215,0.6376953125,0.78955078125,-0.090087890625,Mouth open
1713972998.841295,0.634521484375,0.795166015625,-0.09130859375,Mouth open
1713972998.883387,0.63330078125,0.792724609375,-0.087890625,Mouth open
1713972998.922512,0.63623046875,0.79736328125,-0.0849609375,Mouth open
1713972998.963296,0.639404296875,0.794677734375,-0.08642578125,Mouth open
1713972999.007791,0.632080078125,0.78955078125,-0.083984375,Mouth open
1713972999.042423,0.636962890625,0.793701171875,-0.08642578125,Mouth open
1713972999.081334,0.636474609375,0.792724609375,-0.087890625,Mouth open
1713972999.120319,0.633056640625,0.798095703125,-0.087890625,Mouth open
1713972999.160996,0.629638671875,0.79541015625,-0.08984375,Mouth open
1713972999.201625,0.635498046875,0.799072265625,-0.088623046875,Mouth open
1713972999.242564,0.635498046875,0.79833984375,-0.08984375,Mouth open
1713972999.281368,0.63330078125,0.793701171875,-0.08837890625,Mouth open
1713972999.323305,0.631591796875,0.7958984375,-0.086181640625,Mouth open
1713972999.361571,0.630126953125,0.7900390625,-0.089111328125,Mouth open
1713972999.404639,0.63232421875,0.791748046875,-0.091552734375,Mouth open
1713972999.442459,0.633544921875,0.7958984375,-0.08642578125,Mouth open
1713972999.483417,0.628662109375,0.797607421875,-0.083251953125,Mouth open
1713972999.52372,0.6337890625,0.795166015625,-0.084716796875,Mouth open
1713972999.566214,0.6318359375,0.796142578125,-0.08203125,Mouth open
1713972999.60333,0.631591796875,0.79736328125,-0.08544921875,Mouth open
1713972999.64489,0.62890625,0.797607421875,-0.086669921875,Mouth open
1713972999.685385,0.629150390625,0.796875,-0.084228515625,Mouth open
1713972999.723377,0.6298828125,0.798095703125,-0.080322265625,Mouth open
1713972999.764379,0.6337890625,0.796875,-0.083251953125,Mouth open
1713972999.804105,0.628662109375,0.797607421875,-0.085205078125,Mouth open
1713972999.843098,0.634765625,0.7998046875,-0.08544921875,Mouth open
1713972999.883316,0.628662109375,0.795654296875,-0.08642578125,Mouth open
1713972999.922813,0.631103515625,0.7978515625,-0.0859375,Mouth open
1713972999.970419,0.626953125,0.798583984375,-0.089599609375,Mouth open
1713973000.003545,0.630126953125,0.798583984375,-0.089111328125,Mouth open
1713973000.048188,0.62744140625,0.79833984375,-0.083740234375,Mouth open
1713973000.084511,0.63037109375,0.797607421875,-0.085205078125,Mouth open
1713973000.133219,0.628173828125,0.799072265625,-0.0859375,Mouth open
1713973000.163363,0.63330078125,0.79931640625,-0.080078125,Mouth open
1713973000.208746,0.62890625,0.799072265625,-0.0830078125,Mouth open
1713973000.248825,0.630615234375,0.799072265625,-0.0859375,Mouth open
1713973000.28789,0.626953125,0.79736328125,-0.08642578125,Mouth open
1713973000.326321,0.630859375,0.7998046875,-0.0791015625,Mouth open
1713973000.365299,0.62841796875,0.801025390625,-0.083251953125,Mouth open
1713973000.40321,0.628662109375,0.799072265625,-0.087890625,Mouth open
1713973000.444604,0.626220703125,0.80078125,-0.083251953125,Mouth open
1713973000.482292,0.630859375,0.7998046875,-0.08447265625,Mouth open
1713973000.523225,0.624755859375,0.798095703125,-0.08251953125,Mouth open
1713973000.563592,0.626220703125,0.798583984375,-0.08349609375,Mouth open
1713973000.604472,0.627197265625,0.80078125,-0.08447265625,Mouth open
1713973000.645515,0.62890625,0.795654296875,-0.09033203125,Mouth open
1713973000.683944,0.628173828125,0.794189453125,-0.087646484375,Mouth open
1713973000.724418,0.6279296875,0.7998046875,-0.085693359375,Mouth open
1713973000.764431,0.625,0.799072265625,-0.087646484375,Mouth open
1713973000.804892,0.6318359375,0.798583984375,-0.083251953125,Mouth open
1713973000.847079,0.626220703125,0.7978515625,-0.083740234375,Mouth open
1713973000.885496,0.630126953125,0.79931640625,-0.090576171875,Mouth open
1713973000.925604,0.626708984375,0.79931640625,-0.081298828125,Mouth open
1713973000.966985,0.626220703125,0.79931640625,-0.084228515625,Mouth open
1713973001.007376,0.623779296875,0.79736328125,-0.085205078125,Mouth open
1713973001.045344,0.630859375,0.803466796875,-0.081298828125,Mouth open
1713973001.086393,0.623779296875,0.799072265625,-0.08203125,Mouth open
1713973001.124494,0.630859375,0.800048828125,-0.0869140625,Mouth open
1713973001.165774,0.6279296875,0.80029296875,-0.083740234375,Mouth open
1713973001.205781,0.629150390625,0.798095703125,-0.08740234375,Mouth open
1713973001.249625,0.626953125,0.797119140625,-0.08349609375,Mouth open
1713973001.286539,0.626220703125,0.798828125,-0.09228515625,Mouth open
1713973001.327174,0.626220703125,0.7939453125,-0.08984375,Mouth open
1713973001.366232,0.629150390625,0.801025390625,-0.083251953125,Mouth open
1713973001.408431,0.62841796875,0.799072265625,-0.086669921875,Mouth open
1713973001.447876,0.6279296875,0.798583984375,-0.089111328125,Mouth open
1713973001.487087,0.62841796875,0.796875,-0.08447265625,Mouth open
1713973001.527186,0.632080078125,0.805419921875,-0.085205078125,Mouth open
1713973001.570269,0.62451171875,0.79931640625,-0.0859375,Mouth open
1713973001.613592,0.62841796875,0.797607421875,-0.085205078125,Mouth open
1713973001.65043,0.6259765625,0.79931640625,-0.0908203125,Mouth open
1713973001.690809,0.63037109375,0.798095703125,-0.088623046875,Mouth open
1713973001.727976,0.625732421875,0.800048828125,-0.088134765625,Mouth open
1713973001.769912,0.6328125,0.800537109375,-0.08837890625,Mouth open
1713973001.807442,0.625,0.79638671875,-0.087646484375,Mouth open
1713973001.848833,0.631103515625,0.80029296875,-0.0888671875,Mouth open
1713973001.887169,0.627685546875,0.79833984375,-0.0966796875,Mouth open
1713973001.926521,0.627197265625,0.797119140625,-0.093994140625,Mouth open
1713973001.967459,0.627685546875,0.794921875,-0.09228515625,Mouth open
1713973002.018676,0.626220703125,0.798583984375,-0.091552734375,Mouth open
1713973002.04723,0.633056640625,0.798828125,-0.08935546875,Mouth open
1713973002.09238,0.6298828125,0.79541015625,-0.087890625,Mouth open
1713973002.134983,0.631103515625,0.804931640625,-0.089599609375,Mouth open
1713973002.1689,0.626708984375,0.79833984375,-0.089599609375,Mouth open
1713973002.20926,0.62646484375,0.799072265625,-0.091064453125,Mouth open
1713973002.259527,0.62451171875,0.796630859375,-0.08642578125,Mouth open
1713973002.289276,0.624267578125,0.80029296875,-0.087158203125,Mouth open
1713973002.340881,0.626220703125,0.7958984375,-0.09033203125,Mouth open
1713973002.368745,0.630615234375,0.800048828125,-0.0888671875,Mouth open
1713973002.41829,0.628662109375,0.79931640625,-0.08984375,Mouth open
1713973002.447365,0.63037109375,0.799072265625,-0.095703125,Mouth open
1713973002.48927,0.62841796875,0.79931640625,-0.096435546875,Mouth open
1713973002.534268,0.627197265625,0.796875,-0.0947265625,Mouth open
1713973002.57776,0.6279296875,0.797119140625,-0.09375,Mouth open
1713973002.610422,0.626220703125,0.797119140625,-0.091064453125,Mouth open
1713973002.652637,0.631591796875,0.7998046875,-0.090087890625,Mouth open
1713973002.690207,0.62890625,0.794677734375,-0.090576171875,Mouth open
1713973002.763038,0.632568359375,0.80078125,-0.087890625,Mouth open
1713973002.77652,0.62548828125,0.799072265625,-0.091796875,Mouth open
1713973002.809272,0.627197265625,0.797119140625,-0.086669921875,Mouth open
1713973002.850424,0.626220703125,0.7958984375,-0.091064453125,Mouth open
1713973002.890195,0.6259765625,0.7958984375,-0.089111328125,Mouth open
1713973002.934434,0.627197265625,0.799560546875,-0.090576171875,Mouth open
1713973002.975234,0.62841796875,0.802001953125,-0.090087890625,Mouth open
1713973003.011269,0.628662109375,0.80126953125,-0.0869140625,Mouth open
1713973003.053232,0.629150390625,0.801025390625,-0.089111328125,Mouth open
1713973003.089378,0.625732421875,0.799072265625,-0.090087890625,Mouth open
1713973003.130464,0.62548828125,0.798095703125,-0.09375,Mouth open
1713973003.171084,0.626220703125,0.799560546875,-0.09033203125,Mouth open
1713973003.218514,0.628173828125,0.80029296875,-0.089599609375,Mouth open
1713973003.250572,0.6318359375,0.80078125,-0.08544921875,Mouth open
1713973003.302086,0.6259765625,0.795166015625,-0.08837890625,Mouth open
1713973003.330875,0.632568359375,0.799072265625,-0.087158203125,Mouth open
1713973003.372592,0.625244140625,0.801513671875,-0.083740234375,Mouth open
1713973003.417453,0.627197265625,0.799072265625,-0.084716796875,Mouth open
1713973003.457464,0.62451171875,0.80126953125,-0.08984375,Mouth open
1713973003.496158,0.62353515625,0.80078125,-0.088623046875,Mouth open
1713973003.53696,0.62548828125,0.80078125,-0.087158203125,Mouth open
1713973003.574475,0.630126953125,0.8017578125,-0.0859375,Mouth open
1713973003.614224,0.629638671875,0.79833984375,-0.086669921875,Mouth open
1713973003.652281,0.62646484375,0.79931640625,-0.0859375,Mouth open
1713973003.691808,0.627197265625,0.798828125,-0.09033203125,Mouth open
1713973003.731199,0.62841796875,0.796142578125,-0.092529296875,Mouth open
1713973003.771896,0.62890625,0.79833984375,-0.089111328125,Mouth open
1713973003.809357,0.625244140625,0.799072265625,-0.08935546875,Mouth open
1713973003.84948,0.635498046875,0.804443359375,-0.0888671875,Mouth open
1713973003.889457,0.62646484375,0.798095703125,-0.08544921875,Mouth open
1713973003.93728,0.630615234375,0.801025390625,-0.083251953125,Mouth open
1713973003.975643,0.629638671875,0.804931640625,-0.077880859375,Mouth open
1713973004.011692,0.625,0.80078125,-0.0830078125,Mouth open
1713973004.053537,0.629150390625,0.801025390625,-0.083740234375,Mouth open
1713973004.092775,0.625244140625,0.802978515625,-0.082763671875,Mouth open
1713973004.1311,0.623779296875,0.798583984375,-0.08251953125,Mouth open
1713973004.172348,0.626708984375,0.802490234375,-0.079345703125,Mouth open
1713973004.211265,0.62841796875,0.80322265625,-0.088134765625,Mouth open
1713973004.252617,0.623046875,0.80126953125,-0.0830078125,Mouth open
1713973004.29258,0.627685546875,0.80078125,-0.083984375,Mouth open
1713973004.331536,0.626953125,0.800537109375,-0.08740234375,Mouth open
1713973004.37027,0.62646484375,0.800048828125,-0.085205078125,Mouth open
1713973004.411087,0.62744140625,0.800537109375,-0.0830078125,Mouth open
1713973004.449724,0.626708984375,0.79931640625,-0.083984375,Mouth open
1713973004.490268,0.62939453125,0.79541015625,-0.084228515625,Mouth open
1713973004.53092,0.62890625,0.797607421875,-0.078857421875,Mouth open
1713973004.573752,0.631103515625,0.8046875,-0.082275390625,Mouth open
1713973004.611279,0.6279296875,0.800537109375,-0.0810546875,Mouth open
1713973004.652647,0.626220703125,0.80078125,-0.080078125,Mouth open
1713973004.691175,0.62744140625,0.7978515625,-0.0810546875,Mouth open
1713973004.731225,0.629150390625,0.800537109375,-0.086669921875,Mouth open
1713973004.772002,0.624267578125,0.797607421875,-0.085693359375,Mouth open
1713973004.81348,0.629150390625,0.80615234375,-0.08740234375,Mouth open
1713973004.852393,0.62890625,0.800048828125,-0.0869140625,Mouth open
1713973004.892555,0.63037109375,0.7978515625,-0.089111328125,Mouth open
1713973004.936741,0.631103515625,0.796630859375,-0.086181640625,Mouth open
1713973004.973894,0.627685546875,0.796630859375,-0.0859375,Mouth open
1713973005.015406,0.631103515625,0.796875,-0.08544921875,Mouth open
1713973005.051933,0.63037109375,0.79638671875,-0.085205078125,Mouth open
1713973005.093159,0.63623046875,0.799560546875,-0.082763671875,Mouth open
1713973005.131835,0.629638671875,0.79541015625,-0.080810546875,Mouth open
1713973005.18527,0.63134765625,0.80029296875,-0.0830078125,Mouth open
1713973005.21335,0.6318359375,0.798583984375,-0.08251953125,Mouth open
1713973005.252452,0.626708984375,0.797607421875,-0.081298828125,Mouth open
1713973005.292268,0.627685546875,0.7998046875,-0.083251953125,Mouth open
1713973005.33752,0.629638671875,0.805419921875,-0.083251953125,Mouth open
1713973005.374268,0.626220703125,0.800048828125,-0.086669921875,Mouth open
1713973005.416263,0.6259765625,0.798583984375,-0.086181640625,Mouth open
1713973005.454039,0.629150390625,0.7978515625,-0.087890625,Mouth open
1713973005.49631,0.62841796875,0.7978515625,-0.0849609375,Mouth open
1713973005.533967,0.630859375,0.79736328125,-0.087646484375,Mouth open
1713973005.580736,0.62939453125,0.7978515625,-0.08837890625,Mouth open
1713973005.614342,0.62744140625,0.794189453125,-0.091796875,Mouth open
1713973005.658835,0.630126953125,0.796630859375,-0.087158203125,Mouth open
1713973005.694424,0.63232421875,0.796142578125,-0.0859375,Mouth open
1713973005.744078,0.6357421875,0.798095703125,-0.088623046875,Mouth open
1713973005.772307,0.628662109375,0.794189453125,-0.089111328125,Mouth open
1713973005.822752,0.632568359375,0.802978515625,-0.088134765625,Mouth open
1713973005.85953,0.625244140625,0.801025390625,-0.090576171875,Mouth open
1713973005.895357,0.622802734375,0.797607421875,-0.089599609375,Mouth open
1713973005.938524,0.626953125,0.798828125,-0.0869140625,Mouth open
1713973005.978329,0.6279296875,0.80126953125,-0.0830078125,Mouth open
1713973006.016661,0.62548828125,0.797119140625,-0.087890625,Mouth open
1713973006.056312,0.62841796875,0.796875,-0.083251953125,Mouth open
1713973006.095305,0.632568359375,0.8017578125,-0.08642578125,Mouth open
1713973006.137985,0.629150390625,0.80029296875,-0.09228515625,Mouth open
1713973006.176501,0.629150390625,0.8017578125,-0.093017578125,Mouth open
1713973006.215736,0.6259765625,0.797119140625,-0.091796875,Mouth open
1713973006.256332,0.625244140625,0.79833984375,-0.091552734375,Mouth open
1713973006.295751,0.62939453125,0.80029296875,-0.090576171875,Mouth open
1713973006.33547,0.62646484375,0.798095703125,-0.090576171875,Mouth open
1713973006.375143,0.62939453125,0.80078125,-0.084228515625,Mouth open
1713973006.41517,0.62646484375,0.796142578125,-0.08203125,Mouth open
1713973006.457172,0.629638671875,0.80078125,-0.08740234375,Mouth open
1713973006.495058,0.626220703125,0.801513671875,-0.088623046875,Mouth open
1713973006.534369,0.624755859375,0.80224609375,-0.0869140625,Mouth open
1713973006.57542,0.625244140625,0.798828125,-0.09130859375,Mouth open
1713973006.626719,0.6259765625,0.80126953125,-0.0869140625,Mouth open
1713973006.65514,0.625244140625,0.799072265625,-0.0849609375,Mouth open
1713973006.69611,0.63037109375,0.801513671875,-0.088134765625,Mouth open
1713973006.735068,0.629638671875,0.79931640625,-0.088623046875,Mouth open
1713973006.785963,0.629150390625,0.801513671875,-0.08935546875,Mouth open
1713973006.818357,0.626953125,0.80078125,-0.090087890625,Mouth open
1713973006.858555,0.62548828125,0.800048828125,-0.091552734375,Mouth open
1713973006.907765,0.6279296875,0.799072265625,-0.090576171875,Mouth open
1713973006.937697,0.626953125,0.796875,-0.08935546875,Mouth open
1713973006.979783,0.626708984375,0.797607421875,-0.088623046875,Mouth open
1713973007.016382,0.630859375,0.801025390625,-0.085205078125,Mouth open
1713973007.06041,0.62890625,0.79443359375,-0.08544921875,Mouth open
1713973007.098073,0.626220703125,0.80419921875,-0.082275390625,Mouth open
1713973007.141663,0.628662109375,0.80322265625,-0.0849609375,Mouth open
1713973007.178109,0.625,0.800537109375,-0.086181640625,Mouth open
1713973007.228325,0.62451171875,0.799072265625,-0.088134765625,Mouth open
1713973007.259878,0.625244140625,0.80126953125,-0.082763671875,Mouth open
1713973007.297471,0.629150390625,0.800048828125,-0.087890625,Mouth open
1713973007.339343,0.624267578125,0.7998046875,-0.083251953125,Mouth open
1713973007.378261,0.6318359375,0.802978515625,-0.083984375,Mouth open
1713973007.41988,0.629638671875,0.798583984375,-0.08740234375,Mouth open
1713973007.459512,0.6298828125,0.79736328125,-0.0869140625,Mouth open
1713973007.501557,0.63037109375,0.798828125,-0.086669921875,Mouth open
1713973007.538401,0.626220703125,0.800537109375,-0.093505859375,Mouth open
1713973007.579296,0.626953125,0.798828125,-0.084716796875,Mouth open
1713973007.618128,0.6298828125,0.799072265625,-0.08740234375,Mouth open
1713973007.65793,0.62451171875,0.80224609375,-0.090087890625,Mouth open
1713973007.69762,0.629150390625,0.801513671875,-0.089111328125,Mouth open
1713973007.741339,0.62451171875,0.800537109375,-0.0859375,Mouth open
1713973007.780318,0.629150390625,0.8017578125,-0.087158203125,Mouth open
1713973007.818976,0.626220703125,0.8017578125,-0.08642578125,Mouth open
1713973007.862804,0.626220703125,0.800537109375,-0.086181640625,Mouth open
1713973007.90576,0.62939453125,0.8017578125,-0.08544921875,Mouth open
1713973007.938014,0.62939453125,0.799072265625,-0.08642578125,Mouth open
1713973007.993364,0.629638671875,0.79931640625,-0.084228515625,Mouth open
1713973008.018982,0.632080078125,0.802001953125,-0.089111328125,unknown
1713973008.058373,0.631591796875,0.79833984375,-0.0859375,unknown
1713973008.103081,0.629638671875,0.798828125,-0.091064453125,unknown
1713973008.139815,0.62841796875,0.796630859375,-0.089111328125,unknown
1713973008.179209,0.628662109375,0.799560546875,-0.090087890625,unknown
1713973008.221225,0.62646484375,0.794921875,-0.091064453125,unknown
1713973008.261288,0.630859375,0.7978515625,-0.091064453125,unknown
1713973008.299988,0.626708984375,0.799072265625,-0.09033203125,unknown
1713973008.33975,0.632568359375,0.80322265625,-0.090576171875,unknown
1713973008.378817,0.626708984375,0.796875,-0.092041015625,unknown
1713973008.418963,0.63037109375,0.802734375,-0.08740234375,unknown
1713973008.46268,0.626953125,0.798828125,-0.08740234375,unknown
1713973008.508724,0.628173828125,0.79931640625,-0.08837890625,unknown
1713973008.539993,0.62939453125,0.79931640625,-0.08984375,unknown
1713973008.59005,0.628173828125,0.798828125,-0.088623046875,unknown
1713973008.622501,0.6279296875,0.795166015625,-0.0908203125,unknown
1713973008.670026,0.628173828125,0.798095703125,-0.08740234375,unknown
1713973008.699918,0.62744140625,0.798828125,-0.09033203125,unknown
1713973008.740488,0.625732421875,0.7978515625,-0.09423828125,unknown
1713973008.782874,0.62939453125,0.80029296875,-0.0927734375,unknown
1713973008.820231,0.627685546875,0.798095703125,-0.091552734375,unknown
1713973008.860081,0.62646484375,0.796875,-0.097900390625,unknown
1713973008.932289,0.628662109375,0.796142578125,-0.0947265625,unknown
1713973008.941618,0.626220703125,0.797607421875,-0.093017578125,unknown
1713973008.980202,0.62646484375,0.794189453125,-0.092041015625,unknown
1713973009.028878,0.62939453125,0.798095703125,-0.09130859375,unknown
1713973009.058074,0.63037109375,0.803955078125,-0.092041015625,unknown
1713973009.105088,0.62451171875,0.801513671875,-0.08984375,unknown
1713973009.141543,0.630615234375,0.798828125,-0.092529296875,unknown
1713973009.189,0.628662109375,0.79833984375,-0.08935546875,unknown
1713973009.222513,0.63037109375,0.794189453125,-0.09375,unknown
1713973009.274656,0.626220703125,0.79248046875,-0.09130859375,unknown
1713973009.30095,0.632568359375,0.799072265625,-0.093505859375,unknown
1713973009.342246,0.62744140625,0.798095703125,-0.092041015625,unknown
1713973009.382576,0.630126953125,0.802490234375,-0.095703125,unknown
1713973009.42132,0.628173828125,0.800537109375,-0.095458984375,unknown
1713973009.461838,0.626953125,0.7958984375,-0.095458984375,unknown
1713973009.503167,0.631103515625,0.7958984375,-0.095458984375,unknown
1713973009.54483,0.62939453125,0.7958984375,-0.093017578125,unknown
1713973009.581878,0.6328125,0.80224609375,-0.093505859375,unknown
1713973009.622763,0.6298828125,0.797119140625,-0.092041015625,unknown
1713973009.661189,0.62744140625,0.80029296875,-0.09130859375,unknown
1713973009.701121,0.62646484375,0.799072265625,-0.091064453125,unknown
1713973009.740196,0.6259765625,0.79931640625,-0.092041015625,unknown
1713973009.781826,0.627685546875,0.80029296875,-0.095703125,unknown
1713973009.820916,0.626708984375,0.801513671875,-0.09619140625,unknown
1713973009.862527,0.630126953125,0.796630859375,-0.08935546875,unknown
1713973009.901974,0.626708984375,0.79833984375,-0.091064453125,unknown
1713973009.942494,0.630859375,0.80126953125,-0.087158203125,unknown
1713973009.984407,0.630859375,0.801025390625,-0.092529296875,unknown
1713973010.022892,0.630126953125,0.8046875,-0.088134765625,unknown
1713973010.063583,0.6279296875,0.802734375,-0.090576171875,unknown
1713973010.103998,0.6240234375,0.797607421875,-0.09423828125,unknown
1713973010.143671,0.626708984375,0.79736328125,-0.09619140625,unknown
1713973010.186321,0.625732421875,0.801025390625,-0.092041015625,unknown
1713973010.22484,0.62939453125,0.796630859375,-0.0927734375,unknown
1713973010.263388,0.6298828125,0.796142578125,-0.0859375,unknown
1713973010.303445,0.631103515625,0.7998046875,-0.091552734375,unknown
1713973010.341938,0.628173828125,0.79736328125,-0.092529296875,unknown
1713973010.381079,0.62744140625,0.799560546875,-0.0927734375,unknown
1713973010.425122,0.626953125,0.7958984375,-0.09521484375,unknown
1713973010.466265,0.62744140625,0.797607421875,-0.095947265625,unknown
1713973010.503825,0.62841796875,0.796630859375,-0.09375,unknown
1713973010.54399,0.632080078125,0.7998046875,-0.092529296875,unknown
1713973010.582353,0.62939453125,0.797607421875,-0.09375,unknown
1713973010.621945,0.631103515625,0.797607421875,-0.091796875,unknown
1713973010.664633,0.62646484375,0.799072265625,-0.092529296875,unknown
1713973010.702537,0.630126953125,0.7939453125,-0.09228515625,unknown
1713973010.743318,0.628173828125,0.801513671875,-0.0927734375,unknown
1713973010.783182,0.627685546875,0.79833984375,-0.100341796875,unknown
1713973010.822873,0.625244140625,0.798828125,-0.088134765625,unknown
1713973010.899826,0.63330078125,0.80029296875,-0.088134765625,unknown
1713973010.916358,0.62841796875,0.796630859375,-0.085205078125,unknown
1713973010.944341,0.630126953125,0.8017578125,-0.089111328125,unknown
1713973010.980872,0.62890625,0.797607421875,-0.085693359375,unknown
1713973011.022591,0.624755859375,0.797607421875,-0.094970703125,unknown
1713973011.066085,0.625732421875,0.802001953125,-0.085205078125,unknown
1713973011.101998,0.627685546875,0.80078125,-0.09033203125,unknown
1713973011.167745,0.625,0.8017578125,-0.0927734375,unknown
1713973011.199393,0.62744140625,0.806884765625,-0.084716796875,unknown
1713973011.230946,0.62060546875,0.8076171875,-0.089111328125,unknown
1713973011.271014,0.623046875,0.806640625,-0.082763671875,unknown
1713973011.304028,0.62255859375,0.802490234375,-0.083251953125,unknown
1713973011.348293,0.627197265625,0.803466796875,-0.083984375,unknown
1713973011.390843,0.626953125,0.8076171875,-0.078369140625,unknown
1713973011.430048,0.629150390625,0.8095703125,-0.075927734375,unknown
1713973011.468121,0.632080078125,0.82275390625,-0.0712890625,unknown
1713973011.504557,0.626220703125,0.81982421875,-0.059326171875,unknown
1713973011.54613,0.622314453125,0.816650390625,-0.07470703125,unknown
1713973011.588111,0.618896484375,0.816162109375,-0.083251953125,unknown
1713973011.63039,0.61767578125,0.805908203125,-0.068115234375,unknown
1713973011.672207,0.6083984375,0.78369140625,-0.08349609375,unknown
1713973011.709258,0.62109375,0.799072265625,-0.069580078125,unknown
1713973011.748608,0.6171875,0.789794921875,-0.04345703125,unknown
1713973011.786398,0.6181640625,0.793212890625,-0.001953125,unknown
1713973011.825259,0.611572265625,0.816650390625,0.01611328125,unknown
1713973011.864267,0.5869140625,0.826416015625,-0.03173828125,unknown
1713973011.904333,0.570068359375,0.82958984375,-0.04052734375,unknown
1713973011.943953,0.58154296875,0.8603515625,0.021240234375,unknown
1713973011.99473,0.581298828125,0.86572265625,0.031005859375,unknown
1713973012.031401,0.575439453125,0.862060546875,0.034912109375,unknown
1713973012.06894,0.585205078125,0.849609375,0.021240234375,unknown
1713973012.109125,0.57861328125,0.843994140625,0.01220703125,unknown
1713973012.148707,0.572509765625,0.841552734375,0.018310546875,unknown
1713973012.186135,0.562255859375,0.82177734375,0.0009765625,unknown
1713973012.226014,0.56201171875,0.819091796875,0.014404296875,unknown
1713973012.26465,0.569091796875,0.818115234375,0.0498046875,unknown
1713973012.304125,0.56982421875,0.835205078125,0.097900390625,unknown
1713973012.343687,0.592529296875,0.855224609375,0.122314453125,unknown
1713973012.387128,0.60107421875,0.860107421875,0.121337890625,unknown
1713973012.424106,0.6123046875,0.84375,0.088623046875,unknown
1713973012.463938,0.5859375,0.829345703125,0.0732421875,unknown
1713973012.505212,0.597900390625,0.808837890625,0.052978515625,unknown
1713973012.548892,0.578857421875,0.816650390625,0.050537109375,unknown
1713973012.584888,0.60107421875,0.8212890625,0.065673828125,unknown
1713973012.625821,0.59912109375,0.821044921875,0.07861328125,unknown
1713973012.665854,0.607421875,0.81787109375,0.091552734375,unknown
1713973012.705843,0.622314453125,0.822265625,0.11083984375,unknown
1713973012.747533,0.61962890625,0.811767578125,0.1025390625,unknown
1713973012.78736,0.599853515625,0.805908203125,0.117919921875,unknown
1713973012.82877,0.601318359375,0.824462890625,0.13037109375,unknown
1713973012.866806,0.589599609375,0.815673828125,0.119873046875,unknown
1713973012.905772,0.576416015625,0.803955078125,0.142822265625,unknown
1713973012.945188,0.6044921875,0.794921875,0.164306640625,unknown
1713973012.98387,0.597900390625,0.7919921875,0.184814453125,unknown
1713973013.027773,0.584716796875,0.797119140625,0.218994140625,unknown
1713973013.069841,0.609619140625,0.80224609375,0.2314453125,unknown
1713973013.106405,0.580322265625,0.797119140625,0.265869140625,unknown
1713973013.146928,0.59423828125,0.79931640625,0.22412109375,unknown
1713973013.185789,0.565185546875,0.812255859375,0.221923828125,unknown
1713973013.240952,0.557373046875,0.818603515625,0.252197265625,unknown
1713973013.275935,0.58251953125,0.824462890625,0.280517578125,unknown
1713973013.307733,0.58154296875,0.82275390625,0.259033203125,unknown
1713973013.34589,0.575439453125,0.806396484375,0.2939453125,unknown
1713973013.391334,0.56494140625,0.803466796875,0.25537109375,unknown
1713973013.428548,0.57763671875,0.808349609375,0.2451171875,unknown
1713973013.470066,0.583984375,0.802734375,0.281494140625,unknown
1713973013.50793,0.587158203125,0.8056640625,0.285888671875,unknown
1713973013.547224,0.565673828125,0.7998046875,0.234619140625,unknown
1713973013.585461,0.5986328125,0.826171875,0.255859375,unknown
1713973013.624227,0.571533203125,0.81201171875,0.233154296875,unknown
1713973013.66386,0.59619140625,0.8076171875,0.249267578125,unknown
1713973013.711738,0.591064453125,0.800537109375,0.212646484375,unknown
1713973013.745949,0.58154296875,0.80322265625,0.21337890625,unknown
1713973013.797467,0.602294921875,0.802734375,0.252197265625,unknown
1713973013.82613,0.59619140625,0.795166015625,0.222412109375,unknown
1713973013.870583,0.588623046875,0.80224609375,0.2080078125,unknown
1713973013.904832,0.598388671875,0.806640625,0.22314453125,unknown
1713973013.952,0.5966796875,0.801025390625,0.20703125,unknown
1713973013.991771,0.60498046875,0.799072265625,0.21630859375,unknown
1713973014.031643,0.60107421875,0.787109375,0.176513671875,unknown
1713973014.069135,0.60888671875,0.79150390625,0.201171875,unknown
1713973014.108409,0.606201171875,0.798095703125,0.22314453125,unknown
1713973014.147462,0.60009765625,0.8017578125,0.22021484375,unknown
1713973014.187579,0.6025390625,0.804931640625,0.198486328125,unknown
1713973014.227297,0.59765625,0.798583984375,0.19970703125,unknown
1713973014.266358,0.60595703125,0.79443359375,0.201904296875,unknown
1713973014.305714,0.601318359375,0.801513671875,0.198974609375,unknown
1713973014.345435,0.607666015625,0.805908203125,0.22265625,unknown
1713973014.386164,0.59521484375,0.80517578125,0.216064453125,unknown
1713973014.426295,0.59423828125,0.81201171875,0.19873046875,unknown
1713973014.466649,0.611083984375,0.80712890625,0.1630859375,unknown
1713973014.506939,0.56982421875,0.80224609375,0.20556640625,unknown
1713973014.547002,0.58349609375,0.84814453125,0.2373046875,unknown
1713973014.596744,0.567138671875,0.839599609375,0.23291015625,unknown
1713973014.627979,0.591064453125,0.80322265625,0.214599609375,unknown
1713973014.667082,0.56201171875,0.757080078125,0.250732421875,unknown
1713973014.709177,0.625244140625,0.78271484375,0.262939453125,unknown
1713973014.748724,0.66796875,0.7451171875,0.306396484375,unknown
1713973014.78904,0.684814453125,0.737060546875,0.3359375,unknown
1713973014.829563,0.6279296875,0.705322265625,0.34814453125,unknown
1713973014.867145,0.63818359375,0.737548828125,0.34375,unknown
1713973014.906989,0.594970703125,0.743408203125,0.353271484375,unknown
1713973014.946008,0.600830078125,0.833251953125,0.342529296875,unknown
1713973014.986089,0.5966796875,0.802978515625,0.297119140625,unknown
1713973015.026758,0.589599609375,0.780029296875,0.37353515625,unknown
1713973015.068402,0.67138671875,0.7626953125,0.3271484375,unknown
1713973015.107045,0.577392578125,0.742431640625,0.314208984375,unknown
1713973015.151323,0.60546875,0.7763671875,0.264404296875,unknown
1713973015.18803,0.607421875,0.791015625,0.213134765625,unknown
1713973015.228231,0.54541015625,0.868408203125,0.204345703125,unknown
1713973015.268183,0.437744140625,0.87060546875,0.123046875,unknown
1713973015.307939,0.44189453125,0.917724609375,0.078125,unknown
1713973015.353712,0.0380859375,0.90478515625,0.26416015625,unknown
1713973015.390267,0.71484375,1.009521484375,0.109375,unknown
1713973015.430831,0.716796875,0.87841796875,-0.012451171875,unknown
1713973015.468759,0.734619140625,0.5185546875,0.17138671875,unknown
1713973015.508769,0.740478515625,0.362548828125,0.091064453125,unknown
1713973015.546853,1.06591796875,0.036865234375,0.36962890625,unknown
1713973015.587613,0.938232421875,0.23583984375,0.078369140625,unknown
1713973015.630112,1.99853515625,-0.243896484375,1.85888671875,unknown
1713973015.672845,-1.137451171875,-0.598388671875,-0.123779296875,unknown
1713973015.708021,1.3056640625,0.017578125,-1.935546875,unknown
1713973015.758971,0.75146484375,0.326904296875,0.375732421875,unknown
1713973015.789716,1.193603515625,0.34619140625,0.140625,unknown
1713973015.841645,0.010498046875,0.24951171875,-0.066650390625,unknown
1713973015.869193,0.281005859375,0.37841796875,-0.13330078125,unknown
1713973015.920086,-0.34912109375,0.52001953125,0.759521484375,unknown
1713973015.950034,-0.038330078125,0.039306640625,0.125732421875,unknown
1713973015.994451,-0.83349609375,0.618896484375,1.99853515625,unknown
1713973016.030705,-0.9130859375,0.385986328125,0.44677734375,unknown
1713973016.069939,-1.64306640625,0.922607421875,-0.2578125,unknown
1713973016.1135,-0.783203125,0.61279296875,1.788818359375,unknown
1713973016.15513,-1.258056640625,0.499267578125,-0.080078125,unknown
1713973016.192203,-0.45654296875,0.1171875,0.9423828125,unknown
1713973016.244043,-2.0,0.721923828125,-0.649169921875,unknown
1713973016.270305,-1.1494140625,0.69189453125,-0.635009765625,unknown
1713973016.309534,-0.533935546875,0.24609375,0.265380859375,unknown
1713973016.351355,-0.337646484375,-0.260498046875,-0.40185546875,unknown
1713973016.389816,-0.469482421875,-0.202880859375,-0.310546875,unknown
1713973016.42987,-0.57763671875,-0.18701171875,-0.304931640625,unknown
1713973016.471964,-1.95703125,1.830322265625,-1.520263671875,unknown
1713973016.51093,0.8330078125,0.58984375,0.283935546875,unknown
1713973016.550401,-0.6396484375,-0.177490234375,0.12890625,unknown
1713973016.591071,-0.21240234375,0.22314453125,0.337890625,unknown
1713973016.631027,-1.197509765625,0.29931640625,0.529296875,unknown
1713973016.671699,-1.076171875,0.42236328125,0.27880859375,unknown
1713973016.71244,-0.953857421875,1.015380859375,0.0576171875,unknown
1713973016.752287,-0.75244140625,-0.758544921875,-0.181884765625,unknown
1713973016.7983,-0.150146484375,-0.5283203125,-0.217529296875,unknown
1713973016.831478,-0.2451171875,-0.670166015625,-0.54345703125,unknown
1713973016.869492,-0.022216796875,-0.589111328125,-0.545166015625,unknown
1713973016.923116,-0.726318359375,-1.3759765625,-0.859375,unknown
1713973016.952577,-1.067138671875,-1.99853515625,-1.5966796875,unknown
1713973016.991685,-0.6787109375,-1.965087890625,-1.573974609375,unknown
1713973017.035918,0.098876953125,-0.8046875,-1.6767578125,unknown
1713973017.075047,0.596923828125,0.39404296875,-1.06494140625,unknown
1713973017.111428,-0.13330078125,-0.92578125,-1.44921875,unknown
1713973017.158672,-0.57958984375,-0.6396484375,-0.2900390625,unknown
1713973017.192125,-0.541748046875,-0.471923828125,-0.432373046875,unknown
1713973017.242376,-0.745849609375,-0.34619140625,-0.498291015625,unknown
1713973017.273815,-0.507568359375,-0.0859375,-0.24267578125,unknown
1713973017.313179,-0.49609375,-0.322265625,-0.431884765625,unknown
1713973017.354411,-0.500244140625,-0.28857421875,-0.48095703125,unknown
1713973017.392701,-0.5146484375,-0.432373046875,-0.664794921875,unknown
1713973017.435534,-0.346435546875,-0.4248046875,-0.688232421875,unknown
1713973017.472897,-0.08642578125,0.412841796875,-0.66162109375,unknown
1713973017.51177,-0.801513671875,-0.655517578125,-1.489501953125,unknown
1713973017.551464,-0.64501953125,-0.327880859375,-1.340576171875,unknown
1713973017.593067,-0.359375,-0.46337890625,-1.86572265625,unknown
1713973017.631962,-0.37060546875,-0.483154296875,-1.368896484375,unknown
1713973017.675268,-0.48681640625,-0.56591796875,-1.181396484375,unknown
1713973017.713542,-0.3125,-0.476806640625,-0.86376953125,unknown
1713973017.757803,-0.18212890625,-0.253173828125,-0.6728515625,unknown
1713973017.796006,-0.14599609375,-0.18212890625,-0.46142578125,unknown
1713973017.841753,-0.056396484375,-0.25244140625,-0.520751953125,unknown
1713973017.873482,0.140869140625,-0.157470703125,-0.474609375,unknown
1713973017.914318,0.129150390625,-0.20263671875,-0.690673828125,unknown
1713973017.953661,-0.0498046875,-0.404052734375,-0.881591796875,unknown
1713973017.993707,-0.1318359375,-0.553955078125,-1.109619140625,unknown
1713973018.035314,0.071044921875,-0.483642578125,-1.365234375,unknown
1713973018.074472,0.106201171875,-0.489013671875,-1.34423828125,unknown
1713973018.117464,0.18896484375,-0.466796875,-1.350341796875,unknown
1713973018.158168,0.04248046875,-0.4423828125,-1.131591796875,unknown
1713973018.198761,-0.000244140625,-0.331787109375,-1.014404296875,unknown
1713973018.240726,-0.14501953125,-0.244384765625,-0.82177734375,unknown
1713973018.27273,-0.12939453125,-0.132080078125,-0.704833984375,unknown
1713973018.323076,-0.0966796875,-0.051513671875,-0.620849609375,unknown
1713973018.353863,-0.134521484375,-0.03759765625,-0.60986328125,unknown
1713973018.407097,-0.140625,-0.093505859375,-0.689208984375,unknown
1713973018.433115,-0.167236328125,-0.162841796875,-0.791748046875,unknown
1713973018.506316,-0.200439453125,-0.27490234375,-0.9716796875,unknown
1713973018.523202,-0.174560546875,-0.34423828125,-1.125732421875,unknown
1713973018.554847,-0.1396484375,-0.403076171875,-1.23193359375,unknown
1713973018.601271,-0.091796875,-0.437255859375,-1.294189453125,unknown
1713973018.6347,-0.146484375,-0.188232421875,-1.1279296875,unknown
1713973018.693988,-0.246826171875,-0.30322265625,-1.15966796875,unknown
1713973018.716122,-0.357421875,-0.23974609375,-0.986572265625,unknown
1713973018.754383,-0.18017578125,-0.183837890625,-0.93115234375,unknown
1713973018.797686,-0.278564453125,-0.203369140625,-0.783447265625,unknown
1713973018.833415,-0.142822265625,-0.105224609375,-0.727294921875,unknown
1713973018.872026,-0.171142578125,-0.186767578125,-0.744873046875,unknown
1713973018.91348,-0.064208984375,-0.137451171875,-0.7626953125,unknown
1713973018.951557,-0.132568359375,-0.257080078125,-0.873046875,unknown
1713973018.992757,-0.108154296875,-0.306884765625,-0.9892578125,unknown
1713973019.03282,-0.031982421875,-0.341552734375,-1.061767578125,unknown
1713973019.073875,0.01513671875,-0.31201171875,-1.115478515625,unknown
1713973019.113745,-0.072021484375,-0.37744140625,-1.147216796875,unknown
1713973019.154616,-0.112060546875,-0.33837890625,-1.094970703125,unknown
1713973019.19315,-0.123291015625,-0.282470703125,-1.02783203125,unknown
1713973019.233697,-0.201904296875,-0.236328125,-0.936279296875,unknown
1713973019.275331,-0.243896484375,-0.192138671875,-0.869384765625,unknown
1713973019.315332,-0.218994140625,-0.145263671875,-0.822509765625,unknown
1713973019.354739,-0.2353515625,-0.152587890625,-0.810791015625,unknown
1713973019.394143,-0.200439453125,-0.13916015625,-0.818115234375,unknown
1713973019.433827,-0.204833984375,-0.221435546875,-0.9052734375,unknown
1713973019.474052,-0.126708984375,-0.21337890625,-0.93798828125,unknown
1713973019.533665,-0.150634765625,-0.2822265625,-1.02685546875,unknown
1713973019.55459,-0.111328125,-0.268798828125,-1.05126953125,unknown
1713973019.592756,-0.113525390625,-0.302001953125,-1.083740234375,unknown
1713973019.632578,-0.126953125,-0.304931640625,-1.05908203125,unknown
1713973019.673623,-0.125244140625,-0.257568359375,-1.035400390625,unknown
1713973019.738137,-0.1435546875,-0.257080078125,-0.966796875,unknown
1713973019.755233,-0.1494140625,-0.190185546875,-0.93408203125,unknown
1713973019.795757,-0.157470703125,-0.16455078125,-0.907958984375,unknown
1713973019.835053,-0.2060546875,-0.240478515625,-0.908935546875,unknown
1713973019.877768,-0.1083984375,-0.140869140625,-0.9013671875,unknown
1713973019.916782,-0.17236328125,-0.225341796875,-0.935302734375,unknown
1713973019.954568,-0.146484375,-0.204345703125,-0.95849609375,unknown
1713973019.996568,-0.162109375,-0.1884765625,-0.95947265625,unknown
1713973020.035658,-0.150146484375,-0.19775390625,-0.98193359375,unknown
1713973020.07387,-0.1337890625,-0.210693359375,-0.97802734375,unknown
1713973020.113884,-0.10546875,-0.181396484375,-0.9833984375,unknown
1713973020.154471,-0.120849609375,-0.186279296875,-0.975830078125,unknown
1713973020.220093,-0.141845703125,-0.197509765625,-0.9853515625,unknown
1713973020.232695,-0.1357421875,-0.197998046875,-0.97265625,unknown
1713973020.272663,-0.093017578125,-0.175048828125,-0.978271484375,unknown
1713973020.314917,-0.100830078125,-0.185546875,-0.96875,unknown
1713973020.355583,-0.09033203125,-0.192626953125,-0.971435546875,unknown
1713973020.394058,-0.109375,-0.199951171875,-0.966064453125,unknown
1713973020.435776,-0.104248046875,-0.18505859375,-0.953125,unknown
1713973020.474914,-0.10791015625,-0.16064453125,-0.950439453125,unknown
1713973020.518091,-0.117919921875,-0.18212890625,-0.957763671875,unknown
1713973020.57004,-0.135009765625,-0.166015625,-0.955078125,unknown
1713973020.600899,-0.154296875,-0.176513671875,-0.964599609375,unknown
1713973020.638276,-0.165283203125,-0.165771484375,-0.964599609375,unknown
1713973020.681127,-0.16162109375,-0.165283203125,-0.975830078125,unknown
1713973020.713621,-0.156494140625,-0.172119140625,-0.978271484375,unknown
1713973020.753626,-0.156494140625,-0.196533203125,-0.993408203125,unknown
1713973020.791713,-0.15185546875,-0.20166015625,-0.98828125,unknown
1713973020.84282,-0.141357421875,-0.20361328125,-0.98388671875,unknown
1713973020.873558,-0.126708984375,-0.17822265625,-0.96337890625,unknown
1713973020.914386,-0.133056640625,-0.1875,-0.968505859375,unknown
1713973020.953361,-0.1201171875,-0.15966796875,-0.940185546875,unknown
1713973020.995707,-0.123779296875,-0.17626953125,-0.965087890625,unknown
1713973021.040779,-0.12109375,-0.156982421875,-0.954833984375,unknown
1713973021.074997,-0.142822265625,-0.196044921875,-0.989013671875,unknown
1713973021.11566,-0.13330078125,-0.18408203125,-0.98583984375,unknown
1713973021.153577,-0.165283203125,-0.23095703125,-1.013916015625,unknown
1713973021.194499,-0.1650390625,-0.180419921875,-1.009521484375,unknown
1713973021.237969,-0.177978515625,-0.200927734375,-1.00634765625,unknown
1713973021.304377,-0.178955078125,-0.1630859375,-1.006591796875,unknown
1713973021.320605,-0.19140625,-0.18701171875,-0.9619140625,unknown
1713973021.360132,-0.197021484375,-0.16796875,-0.95361328125,unknown
1713973021.402326,-0.138427734375,-0.10693359375,-0.915283203125,unknown
1713973021.438814,-0.187744140625,-0.17041015625,-0.922119140625,unknown
1713973021.49909,-0.16845703125,-0.121826171875,-0.896240234375,unknown
1713973021.51513,-0.169189453125,-0.155517578125,-0.9306640625,unknown
1713973021.555054,-0.147705078125,-0.142333984375,-0.942626953125,unknown
1713973021.606855,-0.15673828125,-0.150634765625,-0.970703125,unknown
1713973021.635538,-0.177490234375,-0.206298828125,-1.02001953125,unknown
1713973021.673832,-0.14111328125,-0.1875,-1.0166015625,unknown
1713973021.716831,-0.177734375,-0.23046875,-1.04150390625,unknown
1713973021.759311,-0.162109375,-0.183837890625,-1.00537109375,unknown
1713973021.795088,-0.178466796875,-0.173583984375,-0.9921875,unknown
1713973021.842401,-0.16455078125,-0.135986328125,-0.95166015625,unknown
1713973021.875923,-0.2001953125,-0.1484375,-0.938232421875,unknown
1713973021.92131,-0.193115234375,-0.136962890625,-0.91552734375,unknown
1713973021.963277,-0.18798828125,-0.143798828125,-0.921875,unknown
1713973022.022584,-0.1865234375,-0.156494140625,-0.924560546875,unknown
1713973022.039414,-0.171142578125,-0.166748046875,-0.9541015625,unknown
1713973022.081839,-0.132568359375,-0.150390625,-0.961181640625,unknown
1713973022.123516,-0.156982421875,-0.18701171875,-0.993408203125,unknown
1713973022.153544,-0.16357421875,-0.187744140625,-1.00439453125,unknown
1713973022.220778,-0.16943359375,-0.208740234375,-1.02587890625,unknown
1713973022.236882,-0.176025390625,-0.197509765625,-1.008544921875,unknown
1713973022.276109,-0.18212890625,-0.20263671875,-0.998779296875,unknown
1713973022.31609,-0.157470703125,-0.1708984375,-0.966064453125,unknown
1713973022.357316,-0.16064453125,-0.162841796875,-0.941650390625,unknown
1713973022.399319,-0.179931640625,-0.160400390625,-0.92578125,unknown
1713973022.461314,-0.185302734375,-0.186279296875,-0.9189453125,unknown
1713973022.475487,-0.17578125,-0.1494140625,-0.92919921875,unknown
1713973022.517642,-0.188232421875,-0.1728515625,-0.93115234375,unknown
1713973022.556551,-0.133544921875,-0.1396484375,-0.912109375,unknown
1713973022.598018,-0.232421875,-0.2001953125,-0.991455078125,unknown
1713973022.636952,-0.2548828125,-0.17919921875,-0.9912109375,unknown
1713973022.676287,-0.28271484375,-0.16845703125,-1.032470703125,unknown
1713973022.734305,-0.254150390625,-0.18359375,-1.010009765625,unknown
1713973022.754613,-0.2578125,-0.19580078125,-1.005859375,unknown
1713973022.794678,-0.25244140625,-0.181884765625,-0.96826171875,unknown
1713973022.836282,-0.210693359375,-0.177734375,-0.946533203125,unknown
1713973022.876491,-0.18603515625,-0.150634765625,-0.918701171875,unknown
1713973022.928082,-0.21044921875,-0.16748046875,-0.902099609375,unknown
1713973022.958628,-0.20654296875,-0.15966796875,-0.904296875,unknown
1713973022.996509,-0.179931640625,-0.151611328125,-0.90478515625,unknown
1713973023.041722,-0.218505859375,-0.1806640625,-0.92626953125,unknown
1713973023.080752,-0.228759765625,-0.17529296875,-0.95947265625,unknown
1713973023.117956,-0.225341796875,-0.184814453125,-0.985595703125,unknown
1713973023.160007,-0.22998046875,-0.219970703125,-1.009033203125,unknown
1713973023.226741,-0.170654296875,-0.14599609375,-0.9814453125,unknown
1713973023.237428,-0.21630859375,-0.166015625,-0.97900390625,unknown
1713973023.28199,-0.231689453125,-0.15625,-0.979736328125,unknown
1713973023.317611,-0.2265625,-0.166259765625,-0.95849609375,unknown
1713973023.356833,-0.24853515625,-0.16650390625,-0.933349609375,unknown
1713973023.397177,-0.233154296875,-0.136474609375,-0.956298828125,unknown
1713973023.436957,-0.22021484375,-0.1015625,-0.985107421875,unknown
1713973023.479184,-0.22802734375,-0.079833984375,-0.97802734375,unknown
1713973023.517321,-0.264892578125,-0.181396484375,-0.9580078125,unknown
1713973023.564091,-0.46533203125,-0.39990234375,-0.9169921875,unknown
1713973023.607525,-0.35498046875,-0.328857421875,-0.83349609375,unknown
1713973023.638435,-0.29736328125,-0.14404296875,-0.852294921875,unknown
1713973023.687101,-0.248291015625,-0.108154296875,-0.808837890625,unknown
1713973023.718306,-0.2255859375,-0.229248046875,-0.824951171875,unknown
1713973023.762311,-0.26416015625,-0.26123046875,-0.87255859375,unknown
1713973023.80122,-0.178955078125,-0.240478515625,-0.86279296875,unknown
1713973023.845147,-0.12255859375,-0.256103515625,-1.0517578125,unknown
1713973023.879522,-0.122314453125,-0.314697265625,-1.025390625,unknown
1713973023.920903,-0.13134765625,-0.4033203125,-1.133544921875,unknown
1713973023.959953,-0.114013671875,-0.34423828125,-1.103759765625,unknown
1713973023.998617,-0.226806640625,-0.401611328125,-1.156494140625,unknown
1713973024.03642,-0.231201171875,-0.417724609375,-1.020263671875,unknown
1713973024.077999,-0.206298828125,-0.341796875,-1.003662109375,unknown
1713973024.117491,-0.205810546875,-0.2177734375,-0.856689453125,unknown
1713973024.15767,-0.322021484375,-0.316162109375,-0.768310546875,unknown
1713973024.198749,-0.2021484375,-0.183349609375,-0.726318359375,unknown
1713973024.238033,-0.151611328125,-0.174072265625,-0.5419921875,unknown
1713973024.279216,-0.241943359375,-0.213623046875,-0.590087890625,unknown
1713973024.318587,-0.283935546875,-0.39306640625,-0.822265625,unknown
1713973024.359169,-0.3486328125,-0.5361328125,-0.92724609375,unknown
1713973024.40132,-0.3857421875,-0.641845703125,-1.030029296875,unknown
1713973024.441433,-0.274658203125,-0.67919921875,-1.044189453125,unknown
1713973024.479598,-0.2919921875,-0.551025390625,-0.987548828125,unknown
1713973024.528858,-0.165771484375,-0.263671875,-1.001953125,unknown
1713973024.567341,-0.046875,-0.17333984375,-1.132568359375,unknown
1713973024.603758,-0.240234375,-0.4130859375,-1.173828125,unknown
1713973024.646544,-0.389404296875,-0.406982421875,-0.900634765625,unknown
1713973024.680936,-0.3662109375,-0.49609375,-1.025634765625,unknown
1713973024.718875,-0.323974609375,-0.397216796875,-0.91015625,unknown
1713973024.76384,-0.31982421875,-0.384765625,-0.822021484375,unknown
1713973024.806676,-0.27685546875,-0.3681640625,-0.81591796875,unknown
1713973024.839971,-0.287353515625,-0.36376953125,-0.74072265625,unknown
1713973024.88836,-0.230712890625,-0.364013671875,-0.766845703125,unknown
1713973024.920395,-0.204833984375,-0.34033203125,-0.74609375,unknown
1713973024.966419,-0.1943359375,-0.396484375,-0.798095703125,unknown
1713973025.002153,-0.255859375,-0.408203125,-0.783203125,unknown
1713973025.040614,-0.263427734375,-0.43017578125,-0.834228515625,unknown
1713973025.089185,-0.31298828125,-0.424560546875,-0.8212890625,unknown
1713973025.121996,-0.322265625,-0.39990234375,-0.81689453125,unknown
1713973025.164679,-0.29638671875,-0.3916015625,-0.84033203125,unknown
1713973025.204324,-0.30859375,-0.390869140625,-0.809814453125,unknown
1713973025.24254,-0.19921875,-0.3359375,-0.867919921875,unknown
1713973025.285019,-0.167236328125,-0.446533203125,-1.037841796875,unknown
1713973025.320688,-0.25341796875,-0.554443359375,-1.09375,unknown
1713973025.368723,-0.23828125,-0.551025390625,-1.14208984375,unknown
1713973025.401193,-0.2802734375,-0.545654296875,-1.024169921875,unknown
1713973025.440906,-0.282958984375,-0.468017578125,-0.902099609375,unknown
1713973025.480566,-0.2392578125,-0.353271484375,-0.756591796875,unknown
