ts,x_ear,y_ear,z_ear,label
1713362148.898998,0.358642578125,0.624267578125,0.698974609375,unknown
1713362148.947392,0.344970703125,0.615234375,0.71142578125,unknown
1713362148.976622,0.338623046875,0.620849609375,0.7109375,unknown
1713362149.024635,0.337158203125,0.62744140625,0.71484375,unknown
1713362149.057888,0.348876953125,0.629638671875,0.701416015625,unknown
1713362149.095628,0.349365234375,0.63037109375,0.6865234375,unknown
1713362149.134359,0.3603515625,0.635986328125,0.6962890625,unknown
1713362149.176227,0.35546875,0.631103515625,0.704833984375,unknown
1713362149.215171,0.341064453125,0.623291015625,0.705322265625,unknown
1713362149.277161,0.33984375,0.623046875,0.720703125,unknown
1713362149.295217,0.330078125,0.6298828125,0.71923828125,unknown
1713362149.341908,0.334716796875,0.629638671875,0.716064453125,unknown
1713362149.37761,0.339111328125,0.62548828125,0.703857421875,unknown
1713362149.416435,0.34521484375,0.62890625,0.694580078125,unknown
1713362149.456643,0.345703125,0.63037109375,0.686279296875,unknown
1713362149.496951,0.352783203125,0.63623046875,0.694091796875,unknown
1713362149.538242,0.34619140625,0.630859375,0.698974609375,unknown
1713362149.578468,0.337158203125,0.627685546875,0.7119140625,unknown
1713362149.618075,0.32861328125,0.622802734375,0.717041015625,unknown
1713362149.658088,0.3291015625,0.626220703125,0.718994140625,unknown
1713362149.697869,0.333740234375,0.6298828125,0.71923828125,unknown
1713362149.738457,0.35009765625,0.61865234375,0.726318359375,unknown
1713362149.778409,0.324951171875,0.616943359375,0.704345703125,unknown
1713362149.815061,0.353271484375,0.63916015625,0.6884765625,unknown
1713362149.854778,0.339599609375,0.652099609375,0.693115234375,unknown
1713362149.894814,0.355224609375,0.635009765625,0.705078125,unknown
1713362149.937272,0.32763671875,0.614013671875,0.7177734375,unknown
1713362149.975129,0.3369140625,0.613525390625,0.723388671875,unknown
1713362150.01657,0.331298828125,0.613525390625,0.714599609375,unknown
1713362150.05571,0.3291015625,0.625,0.69921875,unknown
1713362150.099275,0.353271484375,0.646728515625,0.693359375,unknown
1713362150.136813,0.3681640625,0.653076171875,0.678466796875,unknown
1713362150.178433,0.35693359375,0.649169921875,0.677734375,unknown
1713362150.216764,0.34912109375,0.634033203125,0.695068359375,unknown
1713362150.257628,0.333251953125,0.6201171875,0.71826171875,unknown
1713362150.297474,0.328857421875,0.614501953125,0.72607421875,unknown
1713362150.336479,0.330078125,0.6162109375,0.72119140625,unknown
1713362150.376278,0.333984375,0.62353515625,0.71044921875,unknown
1713362150.415289,0.347900390625,0.63232421875,0.70703125,unknown
1713362150.455734,0.352783203125,0.6357421875,0.6962890625,unknown
1713362150.495736,0.347900390625,0.63623046875,0.684814453125,unknown
1713362150.535437,0.351806640625,0.646728515625,0.68603515625,unknown
1713362150.576371,0.35693359375,0.64111328125,0.68994140625,unknown
1713362150.616493,0.334228515625,0.6259765625,0.70556640625,unknown
1713362150.656915,0.325927734375,0.62109375,0.725341796875,unknown
1713362150.697308,0.326416015625,0.61474609375,0.720947265625,unknown
1713362150.736247,0.33349609375,0.61328125,0.71484375,unknown
1713362150.77657,0.336181640625,0.62646484375,0.711669921875,unknown
1713362150.818428,0.337646484375,0.633056640625,0.720703125,unknown
1713362150.857274,0.340576171875,0.632080078125,0.711669921875,unknown
1713362150.898815,0.333984375,0.6279296875,0.70751953125,unknown
1713362150.939314,0.344970703125,0.62255859375,0.706787109375,unknown
1713362150.980029,0.33642578125,0.626220703125,0.7119140625,unknown
1713362151.017445,0.33447265625,0.62353515625,0.711181640625,unknown
1713362151.056562,0.336181640625,0.630859375,0.708251953125,unknown
1713362151.095903,0.339599609375,0.63623046875,0.698974609375,unknown
1713362151.139662,0.346923828125,0.642822265625,0.688232421875,unknown
1713362151.176539,0.359375,0.650390625,0.6845703125,unknown
1713362151.217248,0.352783203125,0.64111328125,0.684814453125,unknown
1713362151.257258,0.340576171875,0.628662109375,0.699951171875,unknown
1713362151.296443,0.33056640625,0.624267578125,0.716064453125,unknown
1713362151.33918,0.327880859375,0.62646484375,0.7197265625,unknown
1713362151.378269,0.33349609375,0.6181640625,0.706298828125,unknown
1713362151.427913,0.335693359375,0.62646484375,0.705810546875,unknown
1713362151.465639,0.338134765625,0.633544921875,0.71044921875,unknown
1713362151.505085,0.3369140625,0.637939453125,0.711669921875,unknown
1713362151.542511,0.346435546875,0.63671875,0.697021484375,unknown
1713362151.581406,0.342529296875,0.637939453125,0.6923828125,unknown
1713362151.619619,0.3544921875,0.640625,0.69140625,unknown
1713362151.660084,0.3486328125,0.6337890625,0.69677734375,unknown
1713362151.698812,0.344970703125,0.628173828125,0.703857421875,unknown
1713362151.738184,0.34033203125,0.62255859375,0.711181640625,unknown
1713362151.777264,0.3369140625,0.623291015625,0.71240234375,unknown
1713362151.817447,0.337646484375,0.627685546875,0.70263671875,unknown
1713362151.85724,0.3525390625,0.6318359375,0.703125,unknown
1713362151.898418,0.343994140625,0.627197265625,0.711181640625,unknown
1713362151.94268,0.3408203125,0.626220703125,0.710205078125,unknown
1713362151.988192,0.33740234375,0.626708984375,0.704345703125,unknown
1713362152.01997,0.33740234375,0.632568359375,0.701171875,unknown
1713362152.058576,0.341796875,0.628173828125,0.696044921875,unknown
1713362152.099924,0.346923828125,0.63037109375,0.7060546875,unknown
1713362152.151896,0.339599609375,0.631591796875,0.716552734375,unknown
1713362152.179437,0.3359375,0.621337890625,0.712158203125,unknown
1713362152.232098,0.33447265625,0.62158203125,0.708740234375,unknown
1713362152.261331,0.34033203125,0.6240234375,0.714111328125,unknown
1713362152.314212,0.336181640625,0.6318359375,0.70703125,unknown
1713362152.340351,0.349609375,0.635498046875,0.706787109375,unknown
1713362152.377273,0.3349609375,0.626953125,0.7041015625,unknown
1713362152.42153,0.34130859375,0.62841796875,0.70556640625,unknown
1713362152.459498,0.340087890625,0.62841796875,0.707275390625,unknown
1713362152.508188,0.339111328125,0.624755859375,0.700927734375,unknown
1713362152.539956,0.3427734375,0.630859375,0.708984375,unknown
1713362152.585402,0.34521484375,0.626953125,0.712646484375,unknown
1713362152.626099,0.340576171875,0.621337890625,0.711669921875,unknown
1713362152.667001,0.333984375,0.62255859375,0.712646484375,unknown
1713362152.699254,0.35009765625,0.630615234375,0.70947265625,unknown
1713362152.751063,0.356689453125,0.636962890625,0.701171875,unknown
1713362152.781949,0.3515625,0.633544921875,0.703857421875,unknown
1713362152.833269,0.349853515625,0.641357421875,0.689208984375,unknown
1713362152.860783,0.336181640625,0.6298828125,0.681396484375,unknown
1713362152.909717,0.32861328125,0.626953125,0.677001953125,unknown
1713362152.941503,0.334228515625,0.62158203125,0.673095703125,unknown
1713362152.982882,0.34375,0.620361328125,0.687255859375,unknown
1713362153.024339,0.324951171875,0.630859375,0.712158203125,unknown
1713362153.060402,0.315185546875,0.643310546875,0.7275390625,unknown
1713362153.10517,0.3154296875,0.64453125,0.7177734375,unknown
1713362153.140645,0.30029296875,0.64404296875,0.70751953125,unknown
1713362153.180409,0.29638671875,0.6552734375,0.68994140625,unknown
1713362153.226117,0.30224609375,0.66796875,0.69384765625,unknown
1713362153.262907,0.290283203125,0.674072265625,0.680419921875,unknown
1713362153.301252,0.27734375,0.668212890625,0.697509765625,unknown
1713362153.342639,0.2685546875,0.652587890625,0.703857421875,unknown
1713362153.384853,0.27685546875,0.62646484375,0.70947265625,unknown
1713362153.423457,0.244873046875,0.631103515625,0.729736328125,unknown
1713362153.462511,0.22998046875,0.656005859375,0.74609375,unknown
1713362153.505948,0.234375,0.660888671875,0.74853515625,unknown
1713362153.543818,0.228759765625,0.648193359375,0.726806640625,unknown
1713362153.587223,0.227294921875,0.6474609375,0.717041015625,unknown
1713362153.622925,0.2119140625,0.6689453125,0.721923828125,unknown
1713362153.666187,0.23193359375,0.680419921875,0.733642578125,unknown
1713362153.707641,0.200439453125,0.694091796875,0.725830078125,unknown
1713362153.744863,0.2197265625,0.70703125,0.7197265625,unknown
1713362153.781596,0.2119140625,0.706298828125,0.714599609375,unknown
1713362153.82238,0.223876953125,0.684814453125,0.7119140625,unknown
1713362153.862014,0.209716796875,0.673095703125,0.70166015625,unknown
1713362153.903094,0.220703125,0.677978515625,0.6982421875,unknown
1713362153.942986,0.214599609375,0.681884765625,0.703369140625,unknown
1713362153.983291,0.207275390625,0.677978515625,0.70849609375,unknown
1713362154.027058,0.202880859375,0.687744140625,0.706298828125,unknown
1713362154.06366,0.21533203125,0.691650390625,0.709716796875,unknown
1713362154.108713,0.197998046875,0.686767578125,0.706298828125,unknown
1713362154.143591,0.212646484375,0.686767578125,0.70166015625,unknown
1713362154.186338,0.210693359375,0.689453125,0.695068359375,unknown
1713362154.227695,0.200927734375,0.701904296875,0.70849609375,unknown
1713362154.265434,0.213623046875,0.69775390625,0.699462890625,unknown
1713362154.303768,0.2041015625,0.6953125,0.70068359375,unknown
1713362154.344429,0.207763671875,0.6875,0.706298828125,unknown
1713362154.384951,0.208984375,0.67919921875,0.69970703125,unknown
1713362154.421281,0.202880859375,0.67529296875,0.703857421875,unknown
1713362154.46169,0.212158203125,0.674072265625,0.70751953125,unknown
1713362154.502916,0.208984375,0.67138671875,0.712158203125,unknown
1713362154.542779,0.209228515625,0.66943359375,0.7177734375,unknown
1713362154.582407,0.2109375,0.669189453125,0.7197265625,unknown
1713362154.624781,0.195068359375,0.6708984375,0.721435546875,unknown
1713362154.663253,0.202880859375,0.68017578125,0.71923828125,unknown
1713362154.713956,0.204345703125,0.682861328125,0.715087890625,unknown
1713362154.747018,0.198486328125,0.681396484375,0.712158203125,unknown
1713362154.784309,0.20068359375,0.678466796875,0.715087890625,unknown
1713362154.824258,0.19677734375,0.677734375,0.713134765625,unknown
1713362154.877797,0.195556640625,0.677734375,0.714111328125,unknown
1713362154.905359,0.193359375,0.672119140625,0.717529296875,unknown
1713362154.953693,0.194091796875,0.670166015625,0.71435546875,unknown
1713362154.983247,0.185302734375,0.67041015625,0.717041015625,unknown
1713362155.029694,0.194091796875,0.674560546875,0.71923828125,unknown
1713362155.068113,0.18359375,0.6806640625,0.7158203125,unknown
1713362155.108245,0.19287109375,0.6845703125,0.716552734375,unknown
1713362155.146172,0.1884765625,0.6806640625,0.71044921875,unknown
1713362155.185854,0.1875,0.6796875,0.711669921875,unknown
1713362155.224447,0.1796875,0.687255859375,0.719482421875,unknown
1713362155.265166,0.1865234375,0.68115234375,0.71630859375,unknown
1713362155.306074,0.181396484375,0.6865234375,0.713623046875,unknown
1713362155.346242,0.181884765625,0.68212890625,0.721435546875,unknown
1713362155.385549,0.18017578125,0.6767578125,0.721435546875,unknown
1713362155.429902,0.1767578125,0.67529296875,0.720703125,unknown
1713362155.465927,0.1787109375,0.67822265625,0.719482421875,unknown
1713362155.508692,0.17578125,0.6806640625,0.715087890625,unknown
1713362155.546476,0.169921875,0.677001953125,0.712646484375,unknown
1713362155.586228,0.17822265625,0.689208984375,0.718505859375,unknown
1713362155.62536,0.173828125,0.689697265625,0.720703125,unknown
1713362155.665275,0.17138671875,0.6875,0.716796875,unknown
1713362155.705403,0.174560546875,0.6845703125,0.715576171875,unknown
1713362155.746918,0.1708984375,0.68701171875,0.718505859375,unknown
1713362155.784796,0.174560546875,0.687255859375,0.716796875,unknown
1713362155.825101,0.17333984375,0.684814453125,0.70703125,unknown
1713362155.865739,0.166259765625,0.6865234375,0.715576171875,unknown
1713362155.905204,0.16943359375,0.685302734375,0.71923828125,unknown
1713362155.946383,0.164794921875,0.684326171875,0.71533203125,unknown
1713362155.986416,0.165283203125,0.68603515625,0.72119140625,unknown
1713362156.026396,0.169189453125,0.697509765625,0.70947265625,unknown
1713362156.066276,0.1650390625,0.69287109375,0.716064453125,unknown
1713362156.108655,0.16064453125,0.705078125,0.713134765625,unknown
1713362156.152404,0.173828125,0.700927734375,0.709228515625,unknown
1713362156.188253,0.159423828125,0.700439453125,0.701904296875,unknown
1713362156.227309,0.176025390625,0.705810546875,0.70556640625,unknown
1713362156.267373,0.16796875,0.707275390625,0.699462890625,unknown
1713362156.306723,0.171875,0.715576171875,0.702880859375,unknown
1713362156.345404,0.184814453125,0.707275390625,0.697509765625,unknown
1713362156.387445,0.174072265625,0.687255859375,0.684814453125,unknown
1713362156.427084,0.1943359375,0.674560546875,0.7119140625,unknown
1713362156.466655,0.161376953125,0.651611328125,0.72265625,unknown
1713362156.505748,0.1787109375,0.623779296875,0.7509765625,unknown
1713362156.546445,0.159912109375,0.60498046875,0.771728515625,unknown
1713362156.58643,0.1630859375,0.591796875,0.803466796875,unknown
1713362156.628294,0.156982421875,0.56201171875,0.812744140625,unknown
1713362156.667674,0.16015625,0.5556640625,0.822021484375,unknown
1713362156.708165,0.159912109375,0.549072265625,0.8251953125,unknown
1713362156.748774,0.163330078125,0.5361328125,0.834228515625,unknown
1713362156.78817,0.159423828125,0.5419921875,0.84033203125,unknown
1713362156.82827,0.158203125,0.536865234375,0.834228515625,unknown
1713362156.86969,0.15478515625,0.541015625,0.833984375,unknown
1713362156.907236,0.168701171875,0.5361328125,0.826171875,unknown
1713362156.960885,0.148193359375,0.5361328125,0.8212890625,unknown
1713362156.986694,0.158447265625,0.54150390625,0.8330078125,unknown
1713362157.027833,0.154296875,0.552978515625,0.841064453125,unknown
1713362157.069998,0.156494140625,0.55810546875,0.83935546875,unknown
1713362157.110336,0.15185546875,0.55419921875,0.82666015625,unknown
1713362157.146775,0.14892578125,0.546630859375,0.8291015625,unknown
1713362157.193277,0.14111328125,0.550537109375,0.830322265625,unknown
1713362157.228374,0.1455078125,0.55224609375,0.828125,unknown
1713362157.267521,0.146240234375,0.556884765625,0.8193359375,unknown
1713362157.307233,0.15087890625,0.5693359375,0.82373046875,unknown
1713362157.34901,0.1455078125,0.57275390625,0.8193359375,unknown
1713362157.389032,0.14892578125,0.581298828125,0.806884765625,unknown
1713362157.428965,0.162109375,0.59423828125,0.807373046875,unknown
1713362157.472392,0.17431640625,0.59521484375,0.790283203125,unknown
1713362157.510036,0.18310546875,0.58642578125,0.784912109375,unknown
1713362157.548121,0.1982421875,0.583984375,0.775146484375,unknown
1713362157.587263,0.207763671875,0.583984375,0.77783203125,unknown
1713362157.628072,0.20947265625,0.576904296875,0.7783203125,unknown
1713362157.665195,0.20703125,0.580078125,0.78125,unknown
1713362157.708437,0.208740234375,0.585693359375,0.7822265625,unknown
1713362157.758577,0.20458984375,0.593017578125,0.78515625,unknown
1713362157.795575,0.201904296875,0.592529296875,0.787109375,unknown
1713362157.831793,0.200439453125,0.591796875,0.780517578125,unknown
1713362157.872758,0.199951171875,0.59423828125,0.7958984375,unknown
1713362157.907356,0.17626953125,0.5849609375,0.797119140625,unknown
1713362157.951319,0.191162109375,0.5888671875,0.793701171875,unknown
1713362157.989117,0.18798828125,0.5869140625,0.793701171875,unknown
1713362158.029525,0.1923828125,0.585205078125,0.790283203125,Get ready
1713362158.070338,0.1923828125,0.58251953125,0.78515625,Get ready
1713362158.115539,0.1953125,0.58056640625,0.773681640625,Get ready
1713362158.149987,0.214111328125,0.5966796875,0.7890625,Get ready
1713362158.189046,0.20654296875,0.600341796875,0.793212890625,Get ready
1713362158.22821,0.208984375,0.590087890625,0.781005859375,Get ready
1713362158.266516,0.207275390625,0.5986328125,0.776611328125,Get ready
1713362158.310339,0.218994140625,0.599609375,0.777099609375,Get ready
1713362158.346928,0.225830078125,0.597412109375,0.776123046875,Get ready
1713362158.393137,0.2255859375,0.592529296875,0.7705078125,Get ready
1713362158.436249,0.224853515625,0.596923828125,0.77880859375,Get ready
1713362158.47327,0.2265625,0.589111328125,0.76806640625,Get ready
1713362158.509055,0.227294921875,0.58837890625,0.770263671875,Get ready
1713362158.548699,0.2255859375,0.59521484375,0.771484375,Get ready
1713362158.588458,0.225341796875,0.59619140625,0.768310546875,Get ready
1713362158.629371,0.208251953125,0.59912109375,0.775634765625,Get ready
1713362158.668536,0.223876953125,0.592041015625,0.772216796875,Get ready
1713362158.711,0.2197265625,0.593994140625,0.781982421875,Get ready
1713362158.749219,0.201171875,0.605224609375,0.780029296875,Get ready
1713362158.789259,0.222900390625,0.59326171875,0.77294921875,Get ready
1713362158.834641,0.21435546875,0.593505859375,0.7802734375,Get ready
1713362158.870069,0.219482421875,0.5888671875,0.778564453125,Get ready
1713362158.908453,0.22705078125,0.585693359375,0.778076171875,Get ready
1713362158.947364,0.223876953125,0.591064453125,0.780029296875,Get ready
1713362158.991849,0.224609375,0.597412109375,0.78759765625,Get ready
1713362159.02732,0.225830078125,0.590576171875,0.782958984375,Get ready
1713362159.069105,0.22216796875,0.59130859375,0.779296875,Get ready
1713362159.114137,0.219970703125,0.59375,0.779296875,Get ready
1713362159.15044,0.2275390625,0.59326171875,0.776611328125,Get ready
1713362159.196821,0.222412109375,0.588134765625,0.771240234375,Get ready
1713362159.237032,0.2236328125,0.593017578125,0.779541015625,Get ready
1713362159.275828,0.216064453125,0.59326171875,0.774169921875,Get ready
1713362159.311678,0.220703125,0.59619140625,0.78466796875,Get ready
1713362159.357069,0.21875,0.593505859375,0.78369140625,Get ready
1713362159.391612,0.21826171875,0.5908203125,0.783447265625,Get ready
1713362159.432097,0.2177734375,0.58642578125,0.78076171875,Get ready
1713362159.470231,0.21240234375,0.5888671875,0.787109375,Get ready
1713362159.512204,0.213623046875,0.5888671875,0.78564453125,Get ready
1713362159.549762,0.213623046875,0.5927734375,0.78662109375,Get ready
1713362159.590306,0.209228515625,0.593994140625,0.78369140625,Get ready
1713362159.628255,0.21240234375,0.589111328125,0.7802734375,Get ready
1713362159.672116,0.2138671875,0.591552734375,0.7861328125,Get ready
1713362159.711991,0.21923828125,0.586669921875,0.781982421875,Get ready
1713362159.749577,0.220458984375,0.58544921875,0.783203125,Get ready
1713362159.795409,0.226318359375,0.58349609375,0.78955078125,Get ready
1713362159.830581,0.22509765625,0.58056640625,0.785400390625,Get ready
1713362159.878535,0.22412109375,0.586181640625,0.775634765625,Get ready
1713362159.916088,0.2255859375,0.586669921875,0.77734375,Get ready
1713362159.953937,0.234375,0.5908203125,0.77978515625,Get ready
1713362159.991889,0.2236328125,0.593017578125,0.77783203125,Get ready
1713362160.031159,0.228271484375,0.59228515625,0.780517578125,Get ready
1713362160.071731,0.220947265625,0.591796875,0.7802734375,Get ready
1713362160.111224,0.222900390625,0.5908203125,0.78076171875,Get ready
1713362160.151718,0.224609375,0.59228515625,0.7783203125,Get ready
1713362160.195609,0.222412109375,0.583740234375,0.776123046875,Get ready
1713362160.229627,0.220947265625,0.58251953125,0.77734375,Get ready
1713362160.269533,0.217529296875,0.587646484375,0.783935546875,Get ready
1713362160.308216,0.212890625,0.59228515625,0.797119140625,Get ready
1713362160.34821,0.21240234375,0.584228515625,0.790771484375,Get ready
1713362160.389404,0.203857421875,0.57861328125,0.791259765625,Get ready
1713362160.432683,0.210693359375,0.582275390625,0.79150390625,Get ready
1713362160.470477,0.211669921875,0.58251953125,0.791015625,Get ready
1713362160.510897,0.217041015625,0.580810546875,0.795166015625,Get ready
1713362160.549218,0.20849609375,0.581298828125,0.790771484375,Get ready
1713362160.592976,0.217041015625,0.58251953125,0.794189453125,Get ready
1713362160.630773,0.214599609375,0.578125,0.788818359375,Get ready
1713362160.673249,0.2109375,0.5830078125,0.791748046875,Get ready
1713362160.711216,0.2138671875,0.58251953125,0.791259765625,Get ready
1713362160.755363,0.216552734375,0.58642578125,0.78369140625,Get ready
1713362160.794381,0.215576171875,0.58544921875,0.7802734375,Get ready
1713362160.832198,0.211181640625,0.5908203125,0.78515625,Get ready
1713362160.876802,0.21240234375,0.58740234375,0.785400390625,Get ready
1713362160.91062,0.212158203125,0.587646484375,0.7861328125,Get ready
1713362160.961695,0.211669921875,0.587158203125,0.786376953125,Get ready
1713362160.989218,0.208984375,0.583984375,0.789306640625,Get ready
1713362161.034326,0.20556640625,0.580810546875,0.788818359375,Get ready
1713362161.074226,0.201171875,0.588134765625,0.79541015625,Get ready
1713362161.111874,0.2041015625,0.5830078125,0.810546875,Get ready
1713362161.150305,0.182861328125,0.5771484375,0.81591796875,Get ready
1713362161.190246,0.184814453125,0.580322265625,0.85400390625,Get ready
1713362161.230791,0.16552734375,0.575927734375,0.813232421875,Get ready
1713362161.271268,0.2109375,0.582763671875,0.81640625,Get ready
1713362161.312413,0.203369140625,0.58935546875,0.809814453125,Get ready
1713362161.352882,0.210205078125,0.587890625,0.800537109375,Get ready
1713362161.392551,0.20751953125,0.59130859375,0.806640625,Get ready
1713362161.434988,0.19287109375,0.59375,0.80712890625,Get ready
1713362161.472636,0.192626953125,0.616943359375,0.789306640625,Get ready
1713362161.511983,0.223388671875,0.645263671875,0.780517578125,Get ready
1713362161.550487,0.2529296875,0.659423828125,0.74365234375,Get ready
1713362161.591815,0.27734375,0.685791015625,0.674560546875,Get ready
1713362161.63061,0.335693359375,0.702392578125,0.591552734375,Get ready
1713362161.67082,0.386962890625,0.721435546875,0.539306640625,Get ready
1713362161.711384,0.428466796875,0.716064453125,0.51318359375,Get ready
1713362161.753194,0.449951171875,0.713623046875,0.496826171875,Get ready
1713362161.793637,0.45751953125,0.713623046875,0.491455078125,Get ready
1713362161.832661,0.458251953125,0.742431640625,0.456787109375,Get ready
1713362161.871485,0.44287109375,0.755126953125,0.429443359375,Get ready
1713362161.912518,0.47119140625,0.782958984375,0.445068359375,Get ready
1713362161.952392,0.4384765625,0.7783203125,0.428955078125,Get ready
1713362161.99277,0.4482421875,0.77880859375,0.44140625,Get ready
1713362162.033261,0.431396484375,0.807861328125,0.452392578125,Get ready
1713362162.073508,0.41552734375,0.810302734375,0.44580078125,Get ready
1713362162.11911,0.41455078125,0.822998046875,0.439453125,Get ready
1713362162.151833,0.42626953125,0.81689453125,0.439453125,Get ready
1713362162.190499,0.406005859375,0.81591796875,0.45556640625,Get ready
1713362162.236176,0.409423828125,0.818603515625,0.454345703125,Get ready
1713362162.275447,0.4052734375,0.82568359375,0.4638671875,Get ready
1713362162.314008,0.436767578125,0.80126953125,0.45068359375,Get ready
1713362162.353275,0.460205078125,0.777099609375,0.462890625,Get ready
1713362162.393408,0.44287109375,0.76025390625,0.443359375,Get ready
1713362162.432572,0.386962890625,0.763427734375,0.41357421875,Get ready
1713362162.47319,0.378662109375,0.800537109375,0.439453125,Get ready
1713362162.526493,0.35302734375,0.8095703125,0.47119140625,Get ready
1713362162.554343,0.382080078125,0.832275390625,0.509765625,Get ready
1713362162.60505,0.41796875,0.8134765625,0.522216796875,Get ready
1713362162.63395,0.44287109375,0.775390625,0.547607421875,Get ready
1713362162.683436,0.442626953125,0.74072265625,0.508056640625,Get ready
1713362162.723023,0.44873046875,0.74609375,0.530029296875,Get ready
1713362162.763906,0.45703125,0.748046875,0.534423828125,Get ready
1713362162.797574,0.435546875,0.743408203125,0.527099609375,Get ready
1713362162.83822,0.443115234375,0.731689453125,0.51611328125,Get ready
1713362162.872226,0.461669921875,0.728515625,0.517822265625,Get ready
1713362162.917808,0.466796875,0.724609375,0.531005859375,Get ready
1713362162.95615,0.500732421875,0.716552734375,0.532470703125,Get ready
1713362162.995826,0.479248046875,0.705322265625,0.54541015625,Get ready
1713362163.034209,0.503662109375,0.67431640625,0.512451171875,Get ready
1713362163.088902,0.526611328125,0.670166015625,0.51171875,Get ready
1713362163.117848,0.496826171875,0.677734375,0.499755859375,Get ready
1713362163.169361,0.51904296875,0.69970703125,0.464599609375,Get ready
1713362163.194859,0.53955078125,0.7158203125,0.42138671875,Get ready
1713362163.24736,0.551025390625,0.719482421875,0.405029296875,Get ready
1713362163.277253,0.56787109375,0.73974609375,0.426513671875,Get ready
1713362163.326507,0.553466796875,0.737060546875,0.439697265625,Get ready
1713362163.35633,0.55078125,0.73974609375,0.447021484375,Get ready
1713362163.402818,0.56005859375,0.729248046875,0.435302734375,Get ready
1713362163.436669,0.537353515625,0.744384765625,0.45703125,Get ready
1713362163.475229,0.52880859375,0.732666015625,0.46142578125,Get ready
1713362163.514562,0.52587890625,0.728515625,0.456298828125,Get ready
1713362163.556298,0.52734375,0.74072265625,0.465087890625,Get ready
1713362163.59813,0.511962890625,0.754150390625,0.44970703125,Get ready
1713362163.636676,0.54150390625,0.741455078125,0.434326171875,Get ready
1713362163.67603,0.533203125,0.743896484375,0.42041015625,Get ready
1713362163.717321,0.534423828125,0.744384765625,0.427978515625,Get ready
1713362163.759598,0.5380859375,0.74560546875,0.422607421875,Get ready
1713362163.799648,0.54638671875,0.748291015625,0.42578125,Get ready
1713362163.84404,0.56591796875,0.73974609375,0.38720703125,Get ready
1713362163.877331,0.59521484375,0.740478515625,0.36328125,Get ready
1713362163.91888,0.5888671875,0.73291015625,0.331787109375,Get ready
1713362163.956722,0.607177734375,0.734619140625,0.267822265625,Get ready
1713362164.004468,0.6611328125,0.73095703125,0.222412109375,Get ready
1713362164.038999,0.687255859375,0.749267578125,0.17626953125,Get ready
1713362164.077328,0.75390625,0.752685546875,0.1337890625,Get ready
1713362164.117752,0.70751953125,0.709716796875,0.12353515625,Get ready
1713362164.156912,0.72998046875,0.664794921875,0.0625,Get ready
1713362164.195406,0.707763671875,0.70361328125,0.071044921875,Get ready
1713362164.238217,0.682373046875,0.684814453125,0.096435546875,Get ready
1713362164.276936,0.740478515625,0.682373046875,0.1171875,Get ready
1713362164.318399,0.688720703125,0.69140625,0.158203125,Get ready
1713362164.357482,0.73486328125,0.701416015625,0.188232421875,Get ready
1713362164.397443,0.68798828125,0.711669921875,0.265869140625,Get ready
1713362164.438934,0.658447265625,0.723388671875,0.301513671875,Get ready
1713362164.479516,0.61328125,0.742919921875,0.34521484375,Get ready
1713362164.517424,0.5830078125,0.757080078125,0.39599609375,Get ready
1713362164.558746,0.56884765625,0.72802734375,0.46142578125,Get ready
1713362164.598389,0.472900390625,0.67333984375,0.476318359375,Get ready
1713362164.64018,0.426025390625,0.716796875,0.57177734375,Get ready
1713362164.680852,0.41357421875,0.701904296875,0.564208984375,Get ready
1713362164.720908,0.410888671875,0.69189453125,0.6005859375,Get ready
1713362164.761214,0.39453125,0.685546875,0.607177734375,Get ready
1713362164.802424,0.38525390625,0.704345703125,0.631591796875,Get ready
1713362164.846439,0.426025390625,0.74658203125,0.634765625,Get ready
1713362164.886361,0.485107421875,0.753173828125,0.602783203125,Get ready
1713362164.918229,0.500244140625,0.72509765625,0.5673828125,Get ready
1713362164.957463,0.55615234375,0.675537109375,0.471923828125,Get ready
1713362164.998332,0.57763671875,0.690673828125,0.501220703125,Get ready
1713362165.044498,0.58056640625,0.634765625,0.47412109375,Get ready
1713362165.078772,0.61328125,0.62109375,0.435546875,Get ready
1713362165.126137,0.605224609375,0.654052734375,0.425537109375,Get ready
1713362165.159725,0.5966796875,0.660888671875,0.365234375,Get ready
1713362165.200798,0.647216796875,0.664306640625,0.278564453125,Get ready
1713362165.241087,0.6865234375,0.71533203125,0.3154296875,Get ready
1713362165.279653,0.7060546875,0.70361328125,0.308349609375,Get ready
1713362165.320294,0.732421875,0.677978515625,0.29052734375,Get ready
1713362165.360321,0.683837890625,0.677978515625,0.296142578125,Get ready
1713362165.400542,0.6845703125,0.675537109375,0.345458984375,Get ready
1713362165.4404,0.62060546875,0.692138671875,0.41748046875,Get ready
1713362165.479392,0.69287109375,0.7021484375,0.4580078125,Get ready
1713362165.518688,0.55224609375,0.77197265625,0.574951171875,Get ready
1713362165.55915,0.47802734375,0.7783203125,0.620361328125,Get ready
1713362165.597262,0.389892578125,0.73046875,0.59326171875,Get ready
1713362165.639775,0.310791015625,0.702392578125,0.589599609375,Get ready
1713362165.678533,0.309814453125,0.67431640625,0.620849609375,Get ready
1713362165.718428,0.346923828125,0.666015625,0.646484375,Get ready
1713362165.759494,0.343505859375,0.605712890625,0.615966796875,Get ready
1713362165.800442,0.342041015625,0.63720703125,0.638671875,Get ready
1713362165.838877,0.3759765625,0.644287109375,0.627685546875,Get ready
1713362165.879578,0.41650390625,0.6875,0.64013671875,Get ready
1713362165.919455,0.462646484375,0.673583984375,0.596923828125,Get ready
1713362165.959633,0.52001953125,0.637939453125,0.5615234375,Get ready
1713362166.000235,0.546630859375,0.659912109375,0.5615234375,Get ready
1713362166.048993,0.58642578125,0.6572265625,0.5,Get ready
1713362166.080978,0.64306640625,0.703125,0.45068359375,Get ready
1713362166.119278,0.761474609375,0.730224609375,0.379638671875,Get ready
1713362166.158353,0.80126953125,0.7294921875,0.291748046875,Get ready
1713362166.19956,0.829833984375,0.736083984375,0.27685546875,Get ready
1713362166.241226,0.767578125,0.685791015625,0.256591796875,Get ready
1713362166.281107,0.650390625,0.69921875,0.3154296875,Get ready
1713362166.32121,0.641357421875,0.6748046875,0.34521484375,Get ready
1713362166.361168,0.614990234375,0.633544921875,0.357421875,Get ready
1713362166.400377,0.553466796875,0.61083984375,0.38427734375,Get ready
1713362166.442439,0.55419921875,0.634765625,0.40966796875,Get ready
1713362166.481206,0.586669921875,0.666748046875,0.41796875,Get ready
1713362166.523195,0.60693359375,0.6767578125,0.4267578125,Get ready
1713362166.56225,0.63134765625,0.6982421875,0.4833984375,Get ready
1713362166.601473,0.614013671875,0.677978515625,0.44873046875,Get ready
1713362166.64218,0.566162109375,0.676513671875,0.4267578125,Get ready
1713362166.682184,0.603271484375,0.697509765625,0.4150390625,Get ready
1713362166.722589,0.611572265625,0.704345703125,0.39990234375,Get ready
1713362166.762554,0.607666015625,0.70166015625,0.3916015625,Get ready
1713362166.801339,0.63720703125,0.70654296875,0.35693359375,Get ready
1713362166.84258,0.64599609375,0.70654296875,0.35498046875,Get ready
1713362166.881314,0.64697265625,0.701904296875,0.374267578125,Get ready
1713362166.922085,0.620361328125,0.6904296875,0.385009765625,Get ready
1713362166.962342,0.60986328125,0.6875,0.40869140625,Get ready
1713362167.005049,0.61083984375,0.677001953125,0.37548828125,Get ready
1713362167.046125,0.638427734375,0.678466796875,0.38330078125,Get ready
1713362167.087321,0.607177734375,0.696044921875,0.418212890625,Get ready
1713362167.123448,0.6123046875,0.707763671875,0.429931640625,Get ready
1713362167.165141,0.6259765625,0.70068359375,0.4091796875,Get ready
1713362167.204632,0.641845703125,0.70166015625,0.410888671875,Get ready
1713362167.248383,0.620849609375,0.696044921875,0.399658203125,Get ready
1713362167.288017,0.65478515625,0.68115234375,0.38134765625,Get ready
1713362167.329895,0.694091796875,0.68115234375,0.34716796875,Get ready
1713362167.36458,0.682861328125,0.65869140625,0.342041015625,Get ready
1713362167.404187,0.6416015625,0.6826171875,0.402587890625,Get ready
1713362167.443568,0.65673828125,0.681640625,0.379638671875,Get ready
1713362167.482287,0.65966796875,0.680419921875,0.38134765625,Get ready
1713362167.522464,0.607421875,0.66357421875,0.3818359375,Get ready
1713362167.562282,0.638916015625,0.65234375,0.39404296875,Get ready
1713362167.603024,0.601318359375,0.653076171875,0.43017578125,Get ready
1713362167.64333,0.587890625,0.652587890625,0.45947265625,Get ready
1713362167.685502,0.599853515625,0.646728515625,0.4609375,Get ready
1713362167.726197,0.577880859375,0.6484375,0.47021484375,Get ready
1713362167.769213,0.615234375,0.66357421875,0.469482421875,Get ready
1713362167.804343,0.5927734375,0.6767578125,0.45263671875,Get ready
1713362167.847277,0.608642578125,0.686279296875,0.434326171875,Get ready
1713362167.887044,0.6435546875,0.6923828125,0.422607421875,Get ready
1713362167.92711,0.5966796875,0.689208984375,0.433837890625,Get ready
1713362167.969229,0.591796875,0.693603515625,0.41357421875,Get ready
1713362168.011471,0.628662109375,0.69970703125,0.3876953125,Get ready
1713362168.045477,0.63623046875,0.697509765625,0.370361328125,Get ready
1713362168.089549,0.5751953125,0.685302734375,0.345458984375,Get ready
1713362168.124157,0.6328125,0.72265625,0.35205078125,Get ready
1713362168.166988,0.656494140625,0.721923828125,0.360595703125,Get ready
1713362168.208579,0.64599609375,0.692626953125,0.35302734375,Get ready
1713362168.24495,0.640380859375,0.68408203125,0.36181640625,Get ready
1713362168.289334,0.617431640625,0.68896484375,0.364501953125,Get ready
1713362168.325452,0.625244140625,0.708984375,0.369873046875,Get ready
1713362168.365579,0.62158203125,0.714599609375,0.365478515625,Get ready
1713362168.406496,0.625,0.711669921875,0.364990234375,Get ready
1713362168.446569,0.630126953125,0.7001953125,0.367919921875,Get ready
1713362168.485333,0.619384765625,0.697998046875,0.37353515625,Get ready
1713362168.526615,0.6279296875,0.693603515625,0.37451171875,Get ready
1713362168.568112,0.624755859375,0.69677734375,0.3720703125,Get ready
1713362168.609315,0.632568359375,0.693359375,0.367919921875,Get ready
1713362168.6504,0.632080078125,0.69970703125,0.373291015625,Get ready
1713362168.692047,0.63427734375,0.6982421875,0.37744140625,Get ready
1713362168.733578,0.614990234375,0.6884765625,0.3671875,Get ready
1713362168.778958,0.615966796875,0.692626953125,0.373291015625,Get ready
1713362168.807811,0.61474609375,0.698974609375,0.36962890625,Get ready
1713362168.845259,0.62646484375,0.706298828125,0.36328125,Get ready
1713362168.886107,0.61474609375,0.708984375,0.36865234375,Get ready
1713362168.927122,0.631103515625,0.7197265625,0.3701171875,Get ready
1713362168.967351,0.632080078125,0.71728515625,0.3564453125,Get ready
1713362169.006478,0.637451171875,0.710693359375,0.352783203125,Get ready
1713362169.05013,0.637939453125,0.708740234375,0.349365234375,Get ready
1713362169.087566,0.641357421875,0.700439453125,0.3349609375,Get ready
1713362169.129002,0.640625,0.6953125,0.337890625,Get ready
1713362169.168407,0.638671875,0.67822265625,0.333984375,Get ready
1713362169.208322,0.642333984375,0.6787109375,0.33740234375,Get ready
1713362169.249627,0.646240234375,0.680419921875,0.342529296875,Get ready
1713362169.293314,0.655029296875,0.68505859375,0.3515625,Get ready
1713362169.335146,0.6572265625,0.69287109375,0.3544921875,Get ready
1713362169.385345,0.65869140625,0.70068359375,0.366943359375,Get ready
1713362169.408582,0.658935546875,0.690185546875,0.3603515625,Get ready
1713362169.447185,0.63916015625,0.687744140625,0.361572265625,Get ready
1713362169.487918,0.6328125,0.693603515625,0.3642578125,Get ready
1713362169.525316,0.625,0.714111328125,0.367919921875,Get ready
1713362169.568456,0.639892578125,0.71826171875,0.356201171875,Get ready
1713362169.607446,0.66845703125,0.703369140625,0.301513671875,Get ready
1713362169.646463,0.65234375,0.67431640625,0.306884765625,Get ready
1713362169.688043,0.635009765625,0.669677734375,0.3388671875,Get ready
1713362169.730364,0.635009765625,0.67578125,0.375244140625,Get ready
1713362169.767538,0.603271484375,0.693603515625,0.414306640625,Get ready
1713362169.807647,0.63330078125,0.68505859375,0.38720703125,Get ready
1713362169.847685,0.643310546875,0.675048828125,0.371826171875,Get ready
1713362169.88762,0.658447265625,0.668701171875,0.3759765625,Get ready
1713362169.930691,0.655517578125,0.66162109375,0.387939453125,Get ready
1713362169.968196,0.614990234375,0.65869140625,0.400634765625,Get ready
1713362170.010122,0.60009765625,0.688720703125,0.4189453125,Get ready
1713362170.048944,0.634521484375,0.662841796875,0.426025390625,Get ready
1713362170.089614,0.62353515625,0.655517578125,0.36962890625,Get ready
1713362170.13439,0.626953125,0.647705078125,0.388916015625,Get ready
1713362170.172566,0.65673828125,0.64697265625,0.370361328125,Get ready
1713362170.211336,0.624755859375,0.66845703125,0.392822265625,Get ready
1713362170.247075,0.64111328125,0.69384765625,0.385009765625,Get ready
1713362170.288945,0.6640625,0.70166015625,0.377197265625,Get ready
1713362170.327182,0.670166015625,0.68994140625,0.364990234375,Get ready
1713362170.368498,0.666015625,0.706298828125,0.349853515625,Get ready
1713362170.407186,0.68310546875,0.706298828125,0.321044921875,Get ready
1713362170.447708,0.65234375,0.7197265625,0.29736328125,Get ready
1713362170.491252,0.658447265625,0.715576171875,0.274169921875,Get ready
1713362170.5288,0.666015625,0.708740234375,0.2470703125,Get ready
1713362170.579509,0.65966796875,0.72314453125,0.253173828125,Get ready
1713362170.615262,0.660400390625,0.720947265625,0.232421875,Get ready
1713362170.650693,0.69580078125,0.7236328125,0.25341796875,Get ready
1713362170.690412,0.658203125,0.716796875,0.263671875,Get ready
1713362170.737821,0.6845703125,0.71044921875,0.27294921875,Get ready
1713362170.774773,0.675048828125,0.691650390625,0.279541015625,Get ready
1713362170.81158,0.630859375,0.70654296875,0.31884765625,Get ready
1713362170.849645,0.619384765625,0.72412109375,0.31396484375,Get ready
1713362170.889586,0.638427734375,0.72412109375,0.30029296875,Get ready
1713362170.928915,0.644775390625,0.706298828125,0.26513671875,Get ready
1713362170.969978,0.6552734375,0.707763671875,0.290771484375,Get ready
1713362171.008859,0.6669921875,0.682861328125,0.31494140625,Get ready
1713362171.049335,0.631591796875,0.6884765625,0.356689453125,Get ready
1713362171.094743,0.62744140625,0.701416015625,0.40185546875,Get ready
1713362171.129364,0.6416015625,0.716796875,0.40380859375,Get ready
1713362171.17739,0.653076171875,0.701904296875,0.39013671875,Get ready
1713362171.209236,0.63525390625,0.677001953125,0.3818359375,Get ready
1713362171.256021,0.617431640625,0.680908203125,0.384521484375,Get ready
1713362171.291859,0.621337890625,0.660400390625,0.367431640625,Get ready
1713362171.331353,0.623779296875,0.67919921875,0.355224609375,Get ready
1713362171.370254,0.642822265625,0.6904296875,0.35986328125,Get ready
1713362171.408111,0.655029296875,0.689208984375,0.365478515625,Get ready
1713362171.447269,0.663818359375,0.691162109375,0.374267578125,Get ready
1713362171.489198,0.650146484375,0.679931640625,0.37548828125,Get ready
1713362171.528578,0.636962890625,0.669677734375,0.376220703125,Get ready
1713362171.569567,0.658447265625,0.67529296875,0.3720703125,Get ready
1713362171.612343,0.66552734375,0.685791015625,0.3671875,Get ready
1713362171.649319,0.6650390625,0.69140625,0.38232421875,Get ready
1713362171.695249,0.66064453125,0.684326171875,0.363525390625,Get ready
1713362171.735767,0.654296875,0.6650390625,0.333740234375,Get ready
1713362171.774992,0.655029296875,0.66845703125,0.32177734375,Get ready
1713362171.810746,0.646240234375,0.66552734375,0.302490234375,Get ready
1713362171.852085,0.6396484375,0.68408203125,0.308837890625,Get ready
1713362171.894889,0.653076171875,0.697265625,0.31396484375,Get ready
1713362171.933224,0.6669921875,0.69287109375,0.317626953125,Get ready
1713362171.97018,0.685791015625,0.7001953125,0.325927734375,Get ready
1713362172.012052,0.675537109375,0.710205078125,0.32568359375,Get ready
1713362172.049697,0.681396484375,0.706787109375,0.315673828125,Get ready
1713362172.090314,0.67236328125,0.688720703125,0.30322265625,Get ready
1713362172.129366,0.666259765625,0.6787109375,0.285888671875,Get ready
1713362172.170411,0.658447265625,0.687255859375,0.281982421875,Get ready
1713362172.214299,0.650146484375,0.699462890625,0.297607421875,Get ready
1713362172.249722,0.65185546875,0.695556640625,0.28662109375,Get ready
1713362172.301848,0.659423828125,0.700927734375,0.288330078125,Get ready
1713362172.329251,0.6708984375,0.697998046875,0.2880859375,Get ready
1713362172.376218,0.668701171875,0.7158203125,0.28076171875,Get ready
1713362172.412172,0.669677734375,0.71826171875,0.288818359375,Get ready
1713362172.451502,0.656982421875,0.7255859375,0.306396484375,Get ready
1713362172.491886,0.65380859375,0.705810546875,0.302978515625,Get ready
1713362172.531167,0.649658203125,0.703857421875,0.291748046875,Get ready
1713362172.572298,0.65185546875,0.7001953125,0.2978515625,Get ready
1713362172.613075,0.649169921875,0.69775390625,0.29150390625,Get ready
1713362172.651249,0.658935546875,0.7080078125,0.308837890625,Get ready
1713362172.69376,0.650390625,0.715087890625,0.31298828125,Get ready
1713362172.732445,0.64892578125,0.71533203125,0.31396484375,Get ready
1713362172.770142,0.639404296875,0.7041015625,0.31787109375,Get ready
1713362172.823042,0.631103515625,0.71240234375,0.324462890625,Get ready
1713362172.849156,0.6220703125,0.719970703125,0.317138671875,Get ready
1713362172.89405,0.640625,0.727783203125,0.29638671875,Get ready
1713362172.933819,0.648681640625,0.730712890625,0.286376953125,Get ready
1713362172.971517,0.656005859375,0.73291015625,0.279296875,Get ready
1713362173.011179,0.659912109375,0.718994140625,0.267822265625,Get ready
1713362173.053939,0.65771484375,0.71728515625,0.271240234375,Get ready
1713362173.093395,0.650390625,0.711181640625,0.268310546875,Get ready
1713362173.138335,0.64501953125,0.69873046875,0.269775390625,Get ready
1713362173.172968,0.655029296875,0.7021484375,0.27099609375,Get ready
1713362173.213252,0.649169921875,0.712158203125,0.27783203125,Get ready
1713362173.253285,0.65478515625,0.72216796875,0.287841796875,Get ready
1713362173.291233,0.65576171875,0.721923828125,0.285888671875,Get ready
1713362173.336473,0.658935546875,0.720458984375,0.285400390625,Get ready
1713362173.371715,0.6640625,0.716552734375,0.28564453125,Get ready
1713362173.41121,0.665283203125,0.70849609375,0.28271484375,Get ready
1713362173.453042,0.662109375,0.701904296875,0.281005859375,Get ready
1713362173.499779,0.65625,0.700927734375,0.294921875,Get ready
1713362173.537639,0.64990234375,0.69384765625,0.291259765625,Get ready
1713362173.575032,0.644775390625,0.698974609375,0.302734375,Get ready
1713362173.611085,0.64599609375,0.710693359375,0.30712890625,Get ready
1713362173.652242,0.639892578125,0.718017578125,0.31494140625,Get ready
1713362173.691196,0.63720703125,0.727783203125,0.3173828125,Get ready
1713362173.733411,0.6357421875,0.72802734375,0.304443359375,Get ready
1713362173.774423,0.643798828125,0.728515625,0.298095703125,Get ready
1713362173.814992,0.630615234375,0.72705078125,0.2919921875,Get ready
1713362173.852107,0.63818359375,0.7265625,0.295166015625,Get ready
1713362173.896238,0.636962890625,0.724365234375,0.28857421875,Get ready
1713362173.936096,0.638671875,0.72119140625,0.2919921875,Get ready
1713362173.972585,0.639404296875,0.724365234375,0.297607421875,Get ready
1713362174.012154,0.64697265625,0.719482421875,0.2958984375,Get ready
1713362174.053094,0.638916015625,0.720458984375,0.29833984375,Get ready
1713362174.090614,0.64599609375,0.720947265625,0.299560546875,Get ready
1713362174.133125,0.642822265625,0.719970703125,0.292724609375,Get ready
1713362174.183861,0.64697265625,0.718017578125,0.2919921875,Get ready
1713362174.212415,0.646728515625,0.718505859375,0.28125,Get ready
1713362174.250116,0.648681640625,0.7197265625,0.285400390625,Get ready
1713362174.290216,0.6494140625,0.720947265625,0.284423828125,Get ready
1713362174.33433,0.64794921875,0.7197265625,0.281982421875,Get ready
1713362174.376553,0.645751953125,0.717041015625,0.286865234375,Get ready
1713362174.418342,0.649658203125,0.726318359375,0.294189453125,Get ready
1713362174.452964,0.65380859375,0.720458984375,0.292724609375,Get ready
1713362174.501841,0.657470703125,0.713134765625,0.290771484375,Get ready
1713362174.541946,0.640869140625,0.708984375,0.28759765625,Get ready
1713362174.580592,0.631103515625,0.709228515625,0.293212890625,Get ready
1713362174.616049,0.631591796875,0.713134765625,0.2919921875,Get ready
1713362174.65431,0.65380859375,0.72216796875,0.297119140625,Get ready
1713362174.693439,0.659912109375,0.721435546875,0.292236328125,Get ready
1713362174.733778,0.651123046875,0.71923828125,0.296630859375,Get ready
1713362174.770362,0.649169921875,0.71630859375,0.29541015625,Get ready
1713362174.809407,0.6474609375,0.71435546875,0.286376953125,Get ready
1713362174.850755,0.651611328125,0.715576171875,0.27783203125,Get ready
1713362174.891756,0.651611328125,0.718994140625,0.287353515625,Get ready
1713362174.932887,0.6513671875,0.71435546875,0.286376953125,Get ready
1713362174.970678,0.65576171875,0.71044921875,0.283203125,Get ready
1713362175.010378,0.641845703125,0.712890625,0.293212890625,Get ready
1713362175.053641,0.642333984375,0.723388671875,0.298583984375,Get ready
1713362175.091426,0.638916015625,0.71728515625,0.29638671875,Get ready
1713362175.131676,0.642822265625,0.718017578125,0.299072265625,Get ready
1713362175.171446,0.643798828125,0.718505859375,0.297119140625,Get ready
1713362175.211273,0.648193359375,0.718017578125,0.29833984375,Get ready
1713362175.250762,0.64111328125,0.717529296875,0.297607421875,Get ready
1713362175.291931,0.645751953125,0.719970703125,0.297119140625,Get ready
1713362175.330478,0.6416015625,0.719970703125,0.295166015625,Get ready
1713362175.370922,0.638427734375,0.718017578125,0.288330078125,Get ready
1713362175.411951,0.6396484375,0.720458984375,0.286865234375,Get ready
1713362175.451262,0.641357421875,0.722900390625,0.2880859375,Get ready
1713362175.491124,0.645263671875,0.7265625,0.28857421875,Get ready
1713362175.535106,0.63916015625,0.722900390625,0.29150390625,Get ready
1713362175.574145,0.640380859375,0.724853515625,0.295166015625,Get ready
1713362175.613595,0.64306640625,0.724365234375,0.301513671875,Get ready
1713362175.653386,0.642333984375,0.720947265625,0.298828125,Get ready
1713362175.69386,0.63818359375,0.72705078125,0.30029296875,Get ready
1713362175.732474,0.63916015625,0.725341796875,0.297119140625,Get ready
1713362175.775547,0.634765625,0.718017578125,0.293701171875,Get ready
1713362175.814824,0.63623046875,0.71923828125,0.294189453125,Get ready
1713362175.855886,0.63525390625,0.72314453125,0.303466796875,Get ready
1713362175.899756,0.641845703125,0.7275390625,0.3056640625,Get ready
1713362175.93524,0.636474609375,0.72314453125,0.298583984375,Get ready
1713362175.985745,0.637451171875,0.720947265625,0.300537109375,Get ready
1713362176.011962,0.640380859375,0.719970703125,0.29931640625,Get ready
1713362176.060834,0.63720703125,0.719482421875,0.29638671875,Get ready
1713362176.097907,0.63818359375,0.720703125,0.296142578125,Get ready
1713362176.134707,0.630615234375,0.725830078125,0.30224609375,Get ready
1713362176.175204,0.62841796875,0.723388671875,0.297119140625,Get ready
1713362176.216191,0.628662109375,0.732666015625,0.30322265625,Get ready
1713362176.255815,0.630615234375,0.73291015625,0.305908203125,Get ready
1713362176.294214,0.63037109375,0.734130859375,0.305908203125,Get ready
1713362176.335781,0.6318359375,0.732421875,0.30419921875,Get ready
1713362176.375196,0.6279296875,0.734375,0.3046875,Get ready
1713362176.415181,0.63818359375,0.724609375,0.294189453125,Get ready
1713362176.458779,0.635009765625,0.72265625,0.295654296875,Get ready
1713362176.494474,0.6376953125,0.725341796875,0.29833984375,Get ready
1713362176.536582,0.637451171875,0.71435546875,0.29541015625,Get ready
1713362176.573214,0.638671875,0.70849609375,0.3046875,Get ready
1713362176.613486,0.638671875,0.71142578125,0.30078125,Get ready
1713362176.65365,0.647216796875,0.717529296875,0.306396484375,Get ready
1713362176.693618,0.64453125,0.71630859375,0.302490234375,Get ready
1713362176.73417,0.64697265625,0.71826171875,0.30419921875,Get ready
1713362176.773268,0.650146484375,0.71533203125,0.304443359375,Get ready
1713362176.81839,0.64404296875,0.71142578125,0.302001953125,Get ready
1713362176.854882,0.640380859375,0.70361328125,0.299560546875,Get ready
1713362176.895415,0.6435546875,0.70458984375,0.303955078125,Get ready
1713362176.935013,0.649169921875,0.70703125,0.309326171875,Get ready
1713362176.976404,0.645751953125,0.707763671875,0.31103515625,Get ready
1713362177.019565,0.64453125,0.70654296875,0.307373046875,Get ready
1713362177.05912,0.64404296875,0.70654296875,0.306884765625,Get ready
1713362177.095577,0.643798828125,0.71240234375,0.3056640625,Get ready
1713362177.150114,0.64501953125,0.71630859375,0.30712890625,Get ready
1713362177.176217,0.6416015625,0.72119140625,0.302734375,Get ready
1713362177.214111,0.641357421875,0.720458984375,0.2998046875,Get ready
1713362177.256397,0.640380859375,0.721923828125,0.29833984375,Get ready
1713362177.306109,0.63330078125,0.7275390625,0.301025390625,Get ready
1713362177.334072,0.634033203125,0.72705078125,0.301513671875,Get ready
1713362177.383293,0.632568359375,0.722900390625,0.292236328125,Get ready
1713362177.422921,0.631591796875,0.726318359375,0.3037109375,Get ready
1713362177.462119,0.636474609375,0.732421875,0.305419921875,Get ready
1713362177.499079,0.639892578125,0.728515625,0.301025390625,Get ready
1713362177.548251,0.63623046875,0.7216796875,0.298095703125,Get ready
1713362177.577245,0.644775390625,0.721923828125,0.2978515625,Get ready
1713362177.625735,0.639892578125,0.720947265625,0.295166015625,Get ready
1713362177.654423,0.642822265625,0.719482421875,0.295166015625,Get ready
1713362177.701685,0.64013671875,0.722900390625,0.300537109375,Get ready
1713362177.740438,0.64208984375,0.72021484375,0.2998046875,Get ready
1713362177.779541,0.641357421875,0.718505859375,0.302001953125,Get ready
1713362177.821846,0.64306640625,0.717041015625,0.30078125,Get ready
1713362177.861816,0.636962890625,0.719482421875,0.30224609375,Get ready
1713362177.897107,0.642333984375,0.717529296875,0.3037109375,Get ready
1713362177.938333,0.641357421875,0.71630859375,0.30078125,Get ready
1713362177.975781,0.6396484375,0.714599609375,0.301025390625,Get ready
1713362178.014293,0.63623046875,0.7138671875,0.2978515625,Get ready
1713362178.054723,0.638916015625,0.714111328125,0.302734375,Get ready
1713362178.09763,0.642578125,0.719482421875,0.304443359375,Get ready
1713362178.14095,0.640869140625,0.7197265625,0.3017578125,Get ready
1713362178.181453,0.6376953125,0.71728515625,0.300048828125,Get ready
1713362178.218564,0.641357421875,0.722412109375,0.30078125,Get ready
1713362178.259962,0.634521484375,0.722412109375,0.3037109375,Get ready
1713362178.297198,0.64208984375,0.72265625,0.302734375,Get ready
1713362178.338063,0.6337890625,0.72265625,0.302734375,Get ready
1713362178.37594,0.638671875,0.71875,0.29931640625,Get ready
1713362178.4173,0.6376953125,0.72021484375,0.301025390625,Get ready
1713362178.455136,0.63818359375,0.71923828125,0.2998046875,Get ready
1713362178.495101,0.635986328125,0.7236328125,0.3017578125,Get ready
1713362178.535353,0.631591796875,0.72216796875,0.302001953125,Get ready
1713362178.573215,0.63916015625,0.724609375,0.2998046875,Get ready
1713362178.615165,0.635986328125,0.7255859375,0.300048828125,Get ready
1713362178.653108,0.635498046875,0.72802734375,0.29833984375,Get ready
1713362178.69412,0.634765625,0.726318359375,0.29931640625,Get ready
1713362178.73688,0.6337890625,0.723388671875,0.299560546875,Get ready
1713362178.774373,0.634033203125,0.72509765625,0.302978515625,Get ready
1713362178.819096,0.63623046875,0.720458984375,0.301025390625,Get ready
1713362178.856974,0.638427734375,0.7197265625,0.298095703125,Get ready
1713362178.898536,0.63427734375,0.7236328125,0.302734375,Get ready
1713362178.93777,0.636474609375,0.725830078125,0.3056640625,Get ready
1713362178.977754,0.631103515625,0.723388671875,0.300537109375,Get ready
1713362179.017512,0.633544921875,0.72265625,0.30322265625,Get ready
1713362179.056636,0.63427734375,0.7255859375,0.3076171875,Get ready
1713362179.097493,0.63916015625,0.72509765625,0.306884765625,Get ready
1713362179.136213,0.636474609375,0.722900390625,0.30224609375,Get ready
1713362179.184055,0.6376953125,0.723876953125,0.307861328125,Get ready
1713362179.213224,0.64013671875,0.720458984375,0.30322265625,Get ready
1713362179.254205,0.641845703125,0.719970703125,0.298095703125,Get ready
1713362179.29365,0.639892578125,0.714111328125,0.300537109375,Get ready
1713362179.347567,0.636474609375,0.721435546875,0.306396484375,Get ready
1713362179.377378,0.63525390625,0.720947265625,0.3046875,Get ready
1713362179.427699,0.6337890625,0.71826171875,0.30224609375,Get ready
1713362179.457534,0.63525390625,0.720458984375,0.305908203125,Get ready
1713362179.509269,0.635009765625,0.72412109375,0.304443359375,Get ready
1713362179.534082,0.635986328125,0.723388671875,0.30419921875,Get ready
1713362179.580852,0.63623046875,0.72265625,0.306640625,Get ready
1713362179.616362,0.63427734375,0.72412109375,0.308349609375,Get ready
1713362179.667541,0.6376953125,0.723388671875,0.30224609375,Get ready
1713362179.697909,0.637451171875,0.721923828125,0.301513671875,Get ready
1713362179.748868,0.63623046875,0.722900390625,0.302001953125,Get ready
1713362179.775125,0.635498046875,0.726806640625,0.30810546875,Get ready
1713362179.828601,0.634521484375,0.725341796875,0.30126953125,Get ready
1713362179.853149,0.63427734375,0.7177734375,0.302001953125,Get ready
1713362179.893403,0.638671875,0.722900390625,0.3017578125,Get ready
1713362179.936271,0.6337890625,0.722900390625,0.302001953125,Get ready
1713362179.989743,0.638916015625,0.721923828125,0.306884765625,Get ready
1713362180.014955,0.634765625,0.718994140625,0.302001953125,Get ready
1713362180.055958,0.636962890625,0.7255859375,0.306640625,Get ready
1713362180.095931,0.63330078125,0.721923828125,0.30419921875,Get ready
1713362180.140291,0.634765625,0.721435546875,0.30517578125,Get ready
1713362180.176576,0.633056640625,0.7216796875,0.304443359375,Get ready
1713362180.226261,0.6357421875,0.7236328125,0.30615234375,Get ready
1713362180.257467,0.635986328125,0.722412109375,0.304931640625,Get ready
1713362180.296663,0.6337890625,0.720947265625,0.304443359375,Get ready
1713362180.337771,0.638671875,0.723388671875,0.305908203125,Get ready
1713362180.377509,0.636474609375,0.721923828125,0.307373046875,Get ready
1713362180.416591,0.634765625,0.72216796875,0.306640625,Get ready
1713362180.455368,0.638427734375,0.7216796875,0.3095703125,Get ready
1713362180.495392,0.632080078125,0.7177734375,0.30517578125,Get ready
1713362180.534535,0.63720703125,0.718505859375,0.302734375,Get ready
1713362180.57518,0.634033203125,0.720703125,0.304443359375,Get ready
1713362180.61417,0.641357421875,0.725830078125,0.306884765625,Get ready
1713362180.654557,0.639404296875,0.716796875,0.301025390625,Get ready
1713362180.700628,0.626708984375,0.719482421875,0.31201171875,Get ready
1713362180.739418,0.634033203125,0.7216796875,0.307861328125,Get ready
1713362180.780366,0.632080078125,0.724853515625,0.30712890625,Get ready
1713362180.819366,0.63232421875,0.7216796875,0.297607421875,Get ready
1713362180.859995,0.6396484375,0.728515625,0.301025390625,Get ready
1713362180.897721,0.635009765625,0.724609375,0.300048828125,Get ready
1713362180.938798,0.63330078125,0.721435546875,0.299560546875,Get ready
1713362180.976683,0.636474609375,0.72119140625,0.301025390625,Get ready
1713362181.018856,0.634521484375,0.725830078125,0.305419921875,Get ready
1713362181.057625,0.63427734375,0.72607421875,0.301025390625,Get ready
1713362181.097879,0.63232421875,0.724853515625,0.300048828125,Get ready
1713362181.136416,0.633544921875,0.723876953125,0.305419921875,Get ready
1713362181.177699,0.632080078125,0.72412109375,0.303466796875,Get ready
1713362181.21706,0.628662109375,0.724853515625,0.305908203125,Get ready
1713362181.25879,0.6337890625,0.726318359375,0.30859375,Get ready
1713362181.298391,0.6376953125,0.7255859375,0.305908203125,Get ready
1713362181.338279,0.634033203125,0.7216796875,0.307861328125,Get ready
1713362181.377705,0.62890625,0.72509765625,0.309326171875,Get ready
1713362181.416748,0.634033203125,0.726806640625,0.31201171875,Get ready
1713362181.456467,0.62548828125,0.72265625,0.3056640625,Get ready
1713362181.497919,0.633544921875,0.72119140625,0.30810546875,Get ready
1713362181.539617,0.6318359375,0.721923828125,0.3037109375,Get ready
1713362181.57758,0.634033203125,0.7216796875,0.308349609375,Get ready
1713362181.618012,0.630126953125,0.723388671875,0.30712890625,Get ready
1713362181.657639,0.6337890625,0.725830078125,0.306396484375,Get ready
1713362181.698179,0.63330078125,0.72607421875,0.30615234375,Get ready
1713362181.736685,0.63232421875,0.72412109375,0.304443359375,Get ready
1713362181.776551,0.630126953125,0.7236328125,0.30224609375,Get ready
1713362181.816026,0.62939453125,0.7275390625,0.310546875,Get ready
1713362181.855389,0.630615234375,0.7275390625,0.307861328125,Get ready
1713362181.896263,0.628662109375,0.7255859375,0.306640625,Get ready
1713362181.93606,0.628662109375,0.72802734375,0.308837890625,Get ready
1713362181.977708,0.630126953125,0.72900390625,0.30908203125,Get ready
1713362182.017579,0.63134765625,0.7255859375,0.308837890625,Get ready
1713362182.058358,0.632568359375,0.724609375,0.31103515625,Get ready
1713362182.097853,0.635009765625,0.72412109375,0.306640625,Get ready
1713362182.13762,0.634765625,0.724609375,0.306640625,Get ready
1713362182.177045,0.63037109375,0.7275390625,0.307373046875,Get ready
1713362182.217421,0.631591796875,0.729248046875,0.308837890625,Get ready
1713362182.258116,0.630859375,0.7255859375,0.303466796875,Get ready
1713362182.303793,0.63232421875,0.725341796875,0.305419921875,Get ready
1713362182.34282,0.63330078125,0.72412109375,0.308837890625,Get ready
1713362182.383936,0.630859375,0.72119140625,0.310791015625,Get ready
1713362182.422912,0.627197265625,0.722900390625,0.3076171875,Get ready
1713362182.456735,0.627197265625,0.724853515625,0.313720703125,Get ready
1713362182.500139,0.631103515625,0.726806640625,0.315673828125,Get ready
1713362182.536321,0.628173828125,0.7236328125,0.3095703125,Get ready
1713362182.579338,0.62890625,0.722900390625,0.308837890625,Get ready
1713362182.617362,0.628662109375,0.72705078125,0.311279296875,Get ready
1713362182.65914,0.62646484375,0.728271484375,0.30810546875,Get ready
1713362182.697128,0.627197265625,0.72607421875,0.30615234375,Get ready
1713362182.737761,0.628662109375,0.725341796875,0.313232421875,Get ready
1713362182.778478,0.63037109375,0.723876953125,0.312255859375,Get ready
1713362182.818929,0.62744140625,0.724365234375,0.313720703125,Get ready
1713362182.859208,0.626708984375,0.726806640625,0.316650390625,Get ready
1713362182.901763,0.630615234375,0.726318359375,0.3125,Get ready
1713362182.939874,0.6298828125,0.71923828125,0.310791015625,Get ready
1713362182.980515,0.6318359375,0.72216796875,0.310546875,Get ready
1713362183.019326,0.629638671875,0.726318359375,0.313232421875,Get ready
1713362183.059969,0.62939453125,0.726318359375,0.3095703125,Get ready
1713362183.09818,0.627685546875,0.724853515625,0.30908203125,Get ready
1713362183.13973,0.629638671875,0.72314453125,0.314697265625,Get ready
1713362183.178729,0.623291015625,0.7255859375,0.319580078125,Get ready
1713362183.220705,0.634033203125,0.723388671875,0.316650390625,Get ready
1713362183.259559,0.62548828125,0.722412109375,0.31396484375,Get ready
1713362183.301655,0.63037109375,0.724853515625,0.315185546875,Get ready
1713362183.341391,0.62744140625,0.722412109375,0.3154296875,Get ready
1713362183.380052,0.62744140625,0.720458984375,0.31298828125,Get ready
1713362183.420073,0.6259765625,0.722412109375,0.31591796875,Get ready
1713362183.46166,0.62744140625,0.726318359375,0.314697265625,Get ready
1713362183.500911,0.62890625,0.72802734375,0.3134765625,Get ready
1713362183.54061,0.62744140625,0.726806640625,0.3076171875,Get ready
1713362183.581066,0.628662109375,0.726806640625,0.313232421875,Get ready
1713362183.621353,0.62744140625,0.7255859375,0.31494140625,Get ready
1713362183.662488,0.625732421875,0.723876953125,0.31103515625,Get ready
1713362183.702404,0.63037109375,0.724853515625,0.313720703125,Get ready
1713362183.742868,0.630126953125,0.724853515625,0.316162109375,Get ready
1713362183.784004,0.632080078125,0.72265625,0.310546875,Get ready
1713362183.827442,0.62841796875,0.724609375,0.316162109375,Get ready
1713362183.86656,0.6279296875,0.72412109375,0.31396484375,Get ready
1713362183.907795,0.624755859375,0.7216796875,0.31494140625,Get ready
1713362183.948999,0.625732421875,0.72607421875,0.317138671875,Get ready
1713362183.980214,0.62255859375,0.730224609375,0.3193359375,Get ready
1713362184.031334,0.630126953125,0.728271484375,0.3173828125,Get ready
1713362184.062201,0.628662109375,0.723388671875,0.312744140625,Get ready
1713362184.11665,0.628662109375,0.726806640625,0.3115234375,Get ready
1713362184.146168,0.62646484375,0.7236328125,0.3076171875,Get ready
1713362184.183202,0.6259765625,0.72412109375,0.30859375,Get ready
1713362184.224138,0.624755859375,0.729248046875,0.31201171875,Get ready
1713362184.2643,0.625,0.729736328125,0.31396484375,Get ready
1713362184.302099,0.624267578125,0.7294921875,0.31005859375,Get ready
1713362184.342396,0.626220703125,0.72802734375,0.312255859375,Get ready
1713362184.38475,0.623779296875,0.726318359375,0.3154296875,Get ready
1713362184.422301,0.623291015625,0.726806640625,0.31396484375,Get ready
1713362184.46101,0.62548828125,0.726318359375,0.311279296875,Get ready
1713362184.502377,0.627685546875,0.72412109375,0.311767578125,Get ready
1713362184.542296,0.62841796875,0.728271484375,0.31494140625,Get ready
1713362184.582081,0.6279296875,0.72900390625,0.31396484375,Get ready
1713362184.624704,0.626708984375,0.72900390625,0.31005859375,Get ready
1713362184.669121,0.62353515625,0.72607421875,0.30859375,Get ready
1713362184.709959,0.6259765625,0.73046875,0.309326171875,Get ready
1713362184.750568,0.624267578125,0.73046875,0.312744140625,Get ready
1713362184.7867,0.6328125,0.72998046875,0.307373046875,Get ready
1713362184.823086,0.6220703125,0.72607421875,0.30517578125,Get ready
1713362184.874354,0.626220703125,0.72900390625,0.309326171875,Get ready
1713362184.905293,0.625244140625,0.727294921875,0.31103515625,Get ready
1713362184.946262,0.624267578125,0.724609375,0.30908203125,Get ready
1713362184.985491,0.623779296875,0.72998046875,0.31201171875,Get ready
1713362185.024022,0.624755859375,0.73095703125,0.3095703125,Get ready
1713362185.064869,0.62744140625,0.729248046875,0.306640625,Get ready
1713362185.105833,0.624267578125,0.728759765625,0.310302734375,Get ready
1713362185.145357,0.627197265625,0.7294921875,0.307861328125,Get ready
1713362185.187847,0.62451171875,0.728759765625,0.3115234375,Get ready
1713362185.223033,0.6259765625,0.727294921875,0.313232421875,Get ready
1713362185.263615,0.62451171875,0.7265625,0.310791015625,Get ready
1713362185.305406,0.6220703125,0.726318359375,0.309326171875,Get ready
1713362185.343446,0.623779296875,0.728515625,0.311279296875,Get ready
1713362185.384621,0.628662109375,0.73583984375,0.3115234375,Get ready
1713362185.425586,0.6259765625,0.72705078125,0.304443359375,Get ready
1713362185.465646,0.628173828125,0.727294921875,0.3056640625,Get ready
1713362185.504206,0.62646484375,0.72705078125,0.309326171875,Get ready
1713362185.547795,0.62841796875,0.725830078125,0.31103515625,Get ready
1713362185.585839,0.62353515625,0.725830078125,0.30517578125,Get ready
1713362185.629823,0.62548828125,0.7294921875,0.30712890625,Get ready
1713362185.665594,0.62646484375,0.73046875,0.30810546875,Get ready
1713362185.705129,0.626708984375,0.73046875,0.306640625,Get ready
1713362185.751478,0.629150390625,0.7294921875,0.308837890625,Get ready
1713362185.787402,0.626220703125,0.7294921875,0.31005859375,Get ready
1713362185.82421,0.624755859375,0.728759765625,0.30615234375,Get ready
1713362185.867378,0.62744140625,0.7236328125,0.30615234375,Get ready
1713362185.906151,0.626708984375,0.7275390625,0.30712890625,Get ready
1713362185.956894,0.623046875,0.72509765625,0.313232421875,Get ready
1713362185.987172,0.623779296875,0.7265625,0.314208984375,Get ready
1713362186.033443,0.625244140625,0.73095703125,0.31494140625,Get ready
1713362186.065985,0.627197265625,0.729248046875,0.314453125,Get ready
1713362186.105699,0.62841796875,0.72802734375,0.31298828125,Get ready
1713362186.146539,0.62353515625,0.73095703125,0.308837890625,Get ready
1713362186.187311,0.62646484375,0.734130859375,0.312255859375,Get ready
1713362186.230611,0.622314453125,0.725830078125,0.307861328125,Get ready
1713362186.272207,0.626220703125,0.7275390625,0.31103515625,Get ready
1713362186.313485,0.621826171875,0.7294921875,0.31396484375,Get ready
1713362186.346907,0.62548828125,0.72802734375,0.317138671875,Get ready
1713362186.384355,0.625,0.727783203125,0.3125,Get ready
1713362186.426322,0.6240234375,0.725830078125,0.316162109375,Get ready
1713362186.465695,0.625,0.729248046875,0.3154296875,Get ready
1713362186.504093,0.626708984375,0.723876953125,0.306396484375,Get ready
1713362186.547724,0.62744140625,0.7236328125,0.3076171875,Get ready
1713362186.585124,0.626220703125,0.730712890625,0.31298828125,Get ready
1713362186.629334,0.62744140625,0.727783203125,0.309326171875,Get ready
1713362186.665046,0.62890625,0.728759765625,0.309814453125,Get ready
1713362186.705161,0.626708984375,0.724853515625,0.31005859375,Get ready
1713362186.74972,0.63037109375,0.72900390625,0.316650390625,Get ready
1713362186.787868,0.624755859375,0.723388671875,0.31201171875,Get ready
1713362186.83473,0.625,0.724365234375,0.311767578125,Get ready
1713362186.870781,0.62890625,0.725341796875,0.314697265625,Get ready
1713362186.907111,0.6298828125,0.72705078125,0.311279296875,Get ready
1713362186.950065,0.623291015625,0.72998046875,0.3134765625,Get ready
1713362186.988952,0.626220703125,0.729736328125,0.312255859375,Get ready
1713362187.03979,0.62158203125,0.72802734375,0.313232421875,Get ready
1713362187.066005,0.625732421875,0.732421875,0.3154296875,Get ready
1713362187.107915,0.6259765625,0.734375,0.314697265625,Get ready
1713362187.148125,0.628662109375,0.73193359375,0.31103515625,Get ready
1713362187.189897,0.62109375,0.72705078125,0.306884765625,Get ready
1713362187.229987,0.632080078125,0.733642578125,0.30810546875,Get ready
1713362187.272274,0.620361328125,0.7275390625,0.306396484375,Get ready
1713362187.311897,0.62353515625,0.725830078125,0.306640625,Get ready
1713362187.348093,0.62060546875,0.728759765625,0.312744140625,Get ready
1713362187.388277,0.624755859375,0.7314453125,0.310791015625,Get ready
1713362187.428296,0.625732421875,0.728515625,0.31005859375,Get ready
1713362187.469739,0.623291015625,0.72998046875,0.31298828125,Get ready
1713362187.509668,0.62109375,0.733154296875,0.31591796875,Get ready
1713362187.54963,0.6220703125,0.728515625,0.3154296875,Get ready
1713362187.59036,0.620849609375,0.730224609375,0.314453125,Get ready
1713362187.630244,0.62158203125,0.724853515625,0.315673828125,Get ready
1713362187.669348,0.624755859375,0.726318359375,0.3095703125,Get ready
1713362187.710879,0.62353515625,0.730712890625,0.3076171875,Get ready
1713362187.749201,0.627685546875,0.73681640625,0.3095703125,Get ready
1713362187.788063,0.6201171875,0.730712890625,0.308837890625,Get ready
1713362187.828437,0.618408203125,0.731689453125,0.314208984375,Get ready
1713362187.870906,0.616455078125,0.729736328125,0.31640625,Get ready
1713362187.909289,0.621337890625,0.732177734375,0.314208984375,Get ready
1713362187.956581,0.618408203125,0.731201171875,0.31103515625,Get ready
1713362187.996968,0.623779296875,0.734130859375,0.30908203125,Get ready
1713362188.03871,0.62451171875,0.734130859375,0.31103515625,Mouth closed
1713362188.078327,0.625,0.729248046875,0.30517578125,Mouth closed
1713362188.12223,0.62109375,0.730712890625,0.307373046875,Mouth closed
1713362188.151293,0.61962890625,0.729736328125,0.31201171875,Mouth closed
1713362188.191424,0.61962890625,0.736328125,0.31103515625,Mouth closed
1713362188.233411,0.622314453125,0.734375,0.307861328125,Mouth closed
1713362188.277058,0.621337890625,0.734130859375,0.313720703125,Mouth closed
1713362188.311046,0.619873046875,0.73193359375,0.3134765625,Mouth closed
1713362188.352019,0.621337890625,0.731689453125,0.312255859375,Mouth closed
1713362188.390128,0.6220703125,0.73193359375,0.3125,Mouth closed
1713362188.430538,0.62158203125,0.732177734375,0.31298828125,Mouth closed
1713362188.469669,0.6220703125,0.726318359375,0.303466796875,Mouth closed
1713362188.510969,0.62158203125,0.728515625,0.306884765625,Mouth closed
1713362188.550769,0.622314453125,0.73486328125,0.310791015625,Mouth closed
1713362188.591375,0.619140625,0.729736328125,0.311767578125,Mouth closed
1713362188.634062,0.618408203125,0.73095703125,0.310791015625,Mouth closed
1713362188.676348,0.619140625,0.731689453125,0.314208984375,Mouth closed
1713362188.71874,0.620361328125,0.734619140625,0.316650390625,Mouth closed
1713362188.752072,0.626953125,0.73486328125,0.312744140625,Mouth closed
1713362188.795848,0.61474609375,0.733642578125,0.313232421875,Mouth closed
1713362188.83292,0.624755859375,0.73583984375,0.314208984375,Mouth closed
1713362188.873215,0.6201171875,0.72900390625,0.310791015625,Mouth closed
1713362188.915252,0.623779296875,0.72998046875,0.311767578125,Mouth closed
1713362188.957824,0.619384765625,0.731689453125,0.31396484375,Mouth closed
1713362188.992993,0.6220703125,0.732421875,0.31494140625,Mouth closed
1713362189.030962,0.61767578125,0.731689453125,0.313720703125,Mouth closed
1713362189.07941,0.6201171875,0.731201171875,0.313720703125,Mouth closed
1713362189.111684,0.62109375,0.7294921875,0.313720703125,Mouth closed
1713362189.154232,0.621337890625,0.731201171875,0.312744140625,Mouth closed
1713362189.196458,0.6181640625,0.732666015625,0.31396484375,Mouth closed
1713362189.240251,0.624755859375,0.732666015625,0.315185546875,Mouth closed
1713362189.272716,0.619873046875,0.730712890625,0.313232421875,Mouth closed
1713362189.310957,0.626708984375,0.72802734375,0.308837890625,Mouth closed
1713362189.352709,0.62109375,0.728271484375,0.31494140625,Mouth closed
1713362189.395277,0.623779296875,0.732421875,0.31591796875,Mouth closed
1713362189.43773,0.6201171875,0.7255859375,0.30908203125,Mouth closed
1713362189.47232,0.620849609375,0.7275390625,0.31201171875,Mouth closed
1713362189.514736,0.620361328125,0.7333984375,0.318603515625,Mouth closed
1713362189.553354,0.6240234375,0.73095703125,0.3154296875,Mouth closed
1713362189.594052,0.615478515625,0.7314453125,0.31103515625,Mouth closed
1713362189.634991,0.626708984375,0.737060546875,0.317138671875,Mouth closed
1713362189.672658,0.624267578125,0.73046875,0.310302734375,Mouth closed
1713362189.712088,0.620361328125,0.72607421875,0.309326171875,Mouth closed
1713362189.751036,0.618408203125,0.729736328125,0.31396484375,Mouth closed
1713362189.792945,0.621337890625,0.73388671875,0.313720703125,Mouth closed
1713362189.836326,0.621826171875,0.730712890625,0.30859375,Mouth closed
1713362189.881254,0.62158203125,0.731689453125,0.310791015625,Mouth closed
1713362189.920446,0.620849609375,0.732666015625,0.312744140625,Mouth closed
1713362189.956762,0.623291015625,0.7314453125,0.312744140625,Mouth closed
1713362189.994736,0.6220703125,0.729736328125,0.315185546875,Mouth closed
1713362190.034084,0.617919921875,0.7294921875,0.315673828125,Mouth closed
1713362190.074352,0.616943359375,0.7255859375,0.311767578125,Mouth closed
1713362190.114596,0.6181640625,0.727294921875,0.311279296875,Mouth closed
1713362190.156696,0.6201171875,0.737548828125,0.31640625,Mouth closed
1713362190.196727,0.619140625,0.732666015625,0.313720703125,Mouth closed
1713362190.238076,0.619384765625,0.72607421875,0.31201171875,Mouth closed
1713362190.277629,0.619384765625,0.732177734375,0.314208984375,Mouth closed
1713362190.314231,0.6201171875,0.735107421875,0.31298828125,Mouth closed
1713362190.353021,0.620361328125,0.73193359375,0.31298828125,Mouth closed
1713362190.393464,0.61767578125,0.73486328125,0.312744140625,Mouth closed
1713362190.435322,0.620361328125,0.733642578125,0.313720703125,Mouth closed
1713362190.473148,0.61669921875,0.731689453125,0.309814453125,Mouth closed
1713362190.516837,0.616455078125,0.73291015625,0.314697265625,Mouth closed
1713362190.553586,0.61328125,0.733642578125,0.314697265625,Mouth closed
1713362190.597934,0.61865234375,0.733642578125,0.31298828125,Mouth closed
1713362190.634046,0.621337890625,0.734375,0.308837890625,Mouth closed
1713362190.675155,0.620849609375,0.731201171875,0.3134765625,Mouth closed
1713362190.716545,0.6171875,0.73291015625,0.31103515625,Mouth closed
1713362190.756491,0.62451171875,0.731201171875,0.311767578125,Mouth closed
1713362190.794988,0.618408203125,0.7314453125,0.313232421875,Mouth closed
1713362190.835118,0.62255859375,0.72998046875,0.312744140625,Mouth closed
1713362190.87556,0.62548828125,0.729736328125,0.31005859375,Mouth closed
1713362190.916058,0.623779296875,0.731201171875,0.30810546875,Mouth closed
1713362190.956604,0.6201171875,0.733642578125,0.311767578125,Mouth closed
1713362190.99439,0.621826171875,0.73583984375,0.31201171875,Mouth closed
1713362191.039243,0.617919921875,0.728271484375,0.307373046875,Mouth closed
1713362191.075213,0.619384765625,0.72802734375,0.31396484375,Mouth closed
1713362191.114046,0.61767578125,0.728759765625,0.315185546875,Mouth closed
1713362191.155155,0.6220703125,0.7294921875,0.31689453125,Mouth closed
1713362191.202648,0.619140625,0.726806640625,0.310302734375,Mouth closed
1713362191.242929,0.6220703125,0.732177734375,0.312744140625,Mouth closed
1713362191.279396,0.623046875,0.733642578125,0.31005859375,Mouth closed
1713362191.315012,0.620849609375,0.73095703125,0.305419921875,Mouth closed
1713362191.356752,0.6220703125,0.732421875,0.3095703125,Mouth closed
1713362191.395538,0.616943359375,0.733642578125,0.3125,Mouth closed
1713362191.435052,0.61669921875,0.735595703125,0.310546875,Mouth closed
1713362191.476171,0.6201171875,0.730712890625,0.30908203125,Mouth closed
1713362191.522689,0.619384765625,0.7333984375,0.309326171875,Mouth closed
1713362191.55603,0.617431640625,0.730712890625,0.309326171875,Mouth closed
1713362191.59603,0.61767578125,0.732177734375,0.315673828125,Mouth closed
1713362191.63508,0.6171875,0.733642578125,0.31640625,Mouth closed
1713362191.6759,0.614501953125,0.729248046875,0.315185546875,Mouth closed
1713362191.714018,0.62158203125,0.73193359375,0.309326171875,Mouth closed
1713362191.754466,0.6201171875,0.72998046875,0.30322265625,Mouth closed
1713362191.800985,0.621337890625,0.729248046875,0.302734375,Mouth closed
1713362191.83793,0.6220703125,0.733154296875,0.30810546875,Mouth closed
1713362191.875024,0.62451171875,0.734619140625,0.31103515625,Mouth closed
1713362191.916055,0.62109375,0.732421875,0.310791015625,Mouth closed
1713362191.958366,0.620849609375,0.728515625,0.31103515625,Mouth closed
1713362192.001878,0.61865234375,0.730712890625,0.3125,Mouth closed
1713362192.04034,0.6201171875,0.734375,0.31640625,Mouth closed
1713362192.078074,0.623291015625,0.732421875,0.3125,Mouth closed
1713362192.118119,0.61767578125,0.734130859375,0.311279296875,Mouth closed
1713362192.157489,0.621826171875,0.73583984375,0.31494140625,Mouth closed
1713362192.197143,0.6220703125,0.728759765625,0.310791015625,Mouth closed
1713362192.239279,0.618896484375,0.725830078125,0.31103515625,Mouth closed
1713362192.277952,0.617919921875,0.73193359375,0.318115234375,Mouth closed
1713362192.317583,0.619384765625,0.733642578125,0.316650390625,Mouth closed
1713362192.358567,0.622314453125,0.72998046875,0.310302734375,Mouth closed
1713362192.394959,0.623046875,0.73388671875,0.3134765625,Mouth closed
1713362192.439205,0.620361328125,0.733642578125,0.31103515625,Mouth closed
1713362192.477623,0.6220703125,0.73193359375,0.31103515625,Mouth closed
1713362192.517663,0.620361328125,0.7294921875,0.3115234375,Mouth closed
1713362192.569397,0.62255859375,0.7333984375,0.312744140625,Mouth closed
1713362192.606229,0.621826171875,0.7275390625,0.309814453125,Mouth closed
1713362192.642842,0.625,0.728271484375,0.310302734375,Mouth closed
1713362192.679727,0.61962890625,0.7333984375,0.311767578125,Mouth closed
1713362192.717753,0.625,0.736572265625,0.312744140625,Mouth closed
1713362192.757489,0.6171875,0.72802734375,0.308837890625,Mouth closed
1713362192.798819,0.618408203125,0.729248046875,0.31396484375,Mouth closed
1713362192.839677,0.6162109375,0.730224609375,0.315185546875,Mouth closed
1713362192.883968,0.62060546875,0.731201171875,0.314697265625,Mouth closed
1713362192.924311,0.618408203125,0.731201171875,0.312255859375,Mouth closed
1713362192.960999,0.621826171875,0.734619140625,0.31591796875,Mouth closed
1713362192.997304,0.62109375,0.734130859375,0.316162109375,Mouth closed
1713362193.036591,0.622314453125,0.728515625,0.31201171875,Mouth closed
1713362193.07799,0.618408203125,0.729248046875,0.313232421875,Mouth closed
1713362193.117067,0.620361328125,0.73095703125,0.314453125,Mouth closed
1713362193.158938,0.622314453125,0.734619140625,0.3125,Mouth closed
1713362193.197791,0.62158203125,0.73291015625,0.311279296875,Mouth closed
1713362193.240673,0.62255859375,0.737060546875,0.315185546875,Mouth closed
1713362193.278316,0.61767578125,0.734375,0.315185546875,Mouth closed
1713362193.32286,0.6181640625,0.7294921875,0.31787109375,Mouth closed
1713362193.358273,0.620361328125,0.73095703125,0.320068359375,Mouth closed
1713362193.408793,0.61279296875,0.72900390625,0.316162109375,Mouth closed
1713362193.440441,0.6201171875,0.726806640625,0.31201171875,Mouth closed
1713362193.483168,0.6162109375,0.73291015625,0.31494140625,Mouth closed
1713362193.525292,0.622802734375,0.7373046875,0.31591796875,Mouth closed
1713362193.566673,0.619384765625,0.731689453125,0.30908203125,Mouth closed
1713362193.601844,0.619873046875,0.731689453125,0.312255859375,Mouth closed
1713362193.639428,0.620361328125,0.72998046875,0.315185546875,Mouth closed
1713362193.677818,0.6240234375,0.73388671875,0.316162109375,Mouth closed
1713362193.718839,0.620849609375,0.727783203125,0.3125,Mouth closed
1713362193.756958,0.621337890625,0.730224609375,0.313720703125,Mouth closed
1713362193.800748,0.626220703125,0.731689453125,0.312744140625,Mouth closed
1713362193.838493,0.621826171875,0.731689453125,0.30908203125,Mouth closed
1713362193.87808,0.619384765625,0.728515625,0.3125,Mouth closed
1713362193.91992,0.61767578125,0.732177734375,0.31494140625,Mouth closed
1713362193.959633,0.619384765625,0.730712890625,0.312255859375,Mouth closed
1713362194.002383,0.617431640625,0.733154296875,0.31396484375,Mouth closed
1713362194.039382,0.618408203125,0.733642578125,0.312255859375,Mouth closed
1713362194.095393,0.619873046875,0.733154296875,0.3134765625,Mouth closed
1713362194.122814,0.61767578125,0.731689453125,0.314697265625,Mouth closed
1713362194.163146,0.61865234375,0.73095703125,0.312744140625,Mouth closed
1713362194.199182,0.62109375,0.732666015625,0.316650390625,Mouth closed
1713362194.23907,0.619140625,0.732177734375,0.311767578125,Mouth closed
1713362194.278264,0.621826171875,0.72900390625,0.309326171875,Mouth closed
1713362194.329436,0.61767578125,0.732666015625,0.31005859375,Mouth closed
1713362194.357139,0.618408203125,0.736572265625,0.313232421875,Mouth closed
1713362194.40385,0.61865234375,0.72998046875,0.31005859375,Mouth closed
1713362194.441444,0.620849609375,0.7294921875,0.311279296875,Mouth closed
1713362194.478892,0.62060546875,0.731689453125,0.3095703125,Mouth closed
1713362194.518459,0.621337890625,0.732666015625,0.31298828125,Mouth closed
1713362194.5594,0.619140625,0.733154296875,0.310302734375,Mouth closed
1713362194.598925,0.623291015625,0.73388671875,0.31005859375,Mouth closed
1713362194.640006,0.61962890625,0.731689453125,0.312255859375,Mouth closed
1713362194.679896,0.619384765625,0.73095703125,0.30712890625,Mouth closed
1713362194.719463,0.62109375,0.730712890625,0.31103515625,Mouth closed
1713362194.765214,0.6171875,0.733642578125,0.314697265625,Mouth closed
1713362194.800509,0.61962890625,0.7333984375,0.313232421875,Mouth closed
1713362194.839897,0.622314453125,0.7333984375,0.31103515625,Mouth closed
1713362194.88104,0.624267578125,0.730712890625,0.310791015625,Mouth closed
1713362194.921895,0.621337890625,0.729736328125,0.311279296875,Mouth closed
1713362194.957223,0.61474609375,0.734130859375,0.3203125,Mouth closed
1713362194.998094,0.615966796875,0.73046875,0.319580078125,Mouth closed
1713362195.041718,0.6220703125,0.732177734375,0.3154296875,Mouth closed
1713362195.07988,0.617919921875,0.727783203125,0.310546875,Mouth closed
1713362195.12084,0.620361328125,0.725830078125,0.304931640625,Mouth closed
1713362195.160725,0.623779296875,0.730712890625,0.31005859375,Mouth closed
1713362195.199585,0.624267578125,0.736572265625,0.314697265625,Mouth closed
1713362195.239895,0.621826171875,0.73193359375,0.312255859375,Mouth closed
1713362195.280471,0.621826171875,0.730224609375,0.310546875,Mouth closed
1713362195.324926,0.621337890625,0.73193359375,0.3154296875,Mouth closed
1713362195.360614,0.618896484375,0.733154296875,0.31787109375,Mouth closed
1713362195.401058,0.62255859375,0.7294921875,0.3134765625,Mouth closed
1713362195.441093,0.622802734375,0.728515625,0.31201171875,Mouth closed
1713362195.481993,0.6220703125,0.732177734375,0.315673828125,Mouth closed
1713362195.5221,0.6201171875,0.725830078125,0.310302734375,Mouth closed
1713362195.560513,0.620361328125,0.729248046875,0.316650390625,Mouth closed
1713362195.600323,0.619873046875,0.7294921875,0.3203125,Mouth closed
1713362195.639213,0.620849609375,0.732666015625,0.31640625,Mouth closed
1713362195.682171,0.623046875,0.730224609375,0.312255859375,Mouth closed
1713362195.719783,0.62451171875,0.733154296875,0.309326171875,Mouth closed
1713362195.76604,0.622314453125,0.7314453125,0.31005859375,Mouth closed
1713362195.80015,0.625,0.732421875,0.3125,Mouth closed
1713362195.847267,0.623779296875,0.7294921875,0.312744140625,Mouth closed
1713362195.883623,0.617431640625,0.7255859375,0.313720703125,Mouth closed
1713362195.920979,0.61767578125,0.72900390625,0.313720703125,Mouth closed
1713362195.960164,0.621337890625,0.731689453125,0.311767578125,Mouth closed
1713362196.000967,0.623291015625,0.734375,0.3134765625,Mouth closed
1713362196.041347,0.622802734375,0.733154296875,0.3076171875,Mouth closed
1713362196.08321,0.620361328125,0.729736328125,0.3134765625,Mouth closed
1713362196.122113,0.619873046875,0.729736328125,0.318603515625,Mouth closed
1713362196.161392,0.620361328125,0.733154296875,0.3193359375,Mouth closed
1713362196.20006,0.62646484375,0.730224609375,0.315673828125,Mouth closed
1713362196.239158,0.621337890625,0.7294921875,0.31005859375,Mouth closed
1713362196.279152,0.626220703125,0.73193359375,0.31005859375,Mouth closed
1713362196.322175,0.62451171875,0.728271484375,0.307861328125,Mouth closed
1713362196.361613,0.62158203125,0.729248046875,0.312744140625,Mouth closed
1713362196.402578,0.619140625,0.732421875,0.312255859375,Mouth closed
1713362196.450911,0.623779296875,0.73388671875,0.3125,Mouth closed
1713362196.489937,0.61962890625,0.73193359375,0.31103515625,Mouth closed
1713362196.527069,0.619140625,0.733154296875,0.3095703125,Mouth closed
1713362196.562669,0.620361328125,0.734375,0.31494140625,Mouth closed
1713362196.602523,0.621826171875,0.73193359375,0.312744140625,Mouth closed
1713362196.649642,0.616943359375,0.731201171875,0.31689453125,Mouth closed
1713362196.686439,0.6162109375,0.7265625,0.310302734375,Mouth closed
1713362196.72315,0.619873046875,0.727294921875,0.31494140625,Mouth closed
1713362196.762917,0.6181640625,0.735107421875,0.3173828125,Mouth closed
1713362196.805461,0.619140625,0.73046875,0.3125,Mouth closed
1713362196.841993,0.62060546875,0.729736328125,0.310302734375,Mouth closed
1713362196.882403,0.621337890625,0.7314453125,0.316162109375,Mouth closed
1713362196.92092,0.62255859375,0.731689453125,0.317138671875,Mouth closed
1713362196.960944,0.621826171875,0.730224609375,0.31591796875,Mouth closed
1713362197.001004,0.614013671875,0.72900390625,0.31298828125,Mouth closed
1713362197.044631,0.621826171875,0.735595703125,0.314453125,Mouth closed
1713362197.081954,0.62158203125,0.733642578125,0.312255859375,Mouth closed
1713362197.134088,0.625732421875,0.730224609375,0.31005859375,Mouth closed
1713362197.161896,0.6201171875,0.7314453125,0.316162109375,Mouth closed
1713362197.204615,0.618896484375,0.730712890625,0.3154296875,Mouth closed
1713362197.246636,0.617919921875,0.728271484375,0.31396484375,Mouth closed
1713362197.284046,0.6201171875,0.729248046875,0.31494140625,Mouth closed
1713362197.322975,0.62060546875,0.7275390625,0.315185546875,Mouth closed
1713362197.363493,0.6201171875,0.73095703125,0.316162109375,Mouth closed
1713362197.404064,0.619140625,0.731689453125,0.316162109375,Mouth closed
1713362197.445369,0.623291015625,0.732421875,0.318603515625,Mouth closed
1713362197.482886,0.623291015625,0.729736328125,0.31494140625,Mouth closed
1713362197.522779,0.62109375,0.7333984375,0.31787109375,Mouth closed
1713362197.56144,0.624755859375,0.73583984375,0.315185546875,Mouth closed
1713362197.601282,0.620849609375,0.725830078125,0.308837890625,Mouth closed
1713362197.645909,0.625244140625,0.72900390625,0.3115234375,Mouth closed
1713362197.683836,0.623046875,0.73193359375,0.3154296875,Mouth closed
1713362197.725239,0.62353515625,0.726806640625,0.31494140625,Mouth closed
1713362197.762898,0.62060546875,0.72900390625,0.3115234375,Mouth closed
1713362197.802917,0.61962890625,0.735595703125,0.31396484375,Mouth closed
1713362197.843907,0.620849609375,0.735595703125,0.314208984375,Mouth closed
1713362197.895795,0.619140625,0.7314453125,0.3115234375,Mouth closed
1713362197.923923,0.618408203125,0.73291015625,0.315673828125,Mouth closed
1713362197.97059,0.616943359375,0.736083984375,0.319091796875,Mouth closed
1713362198.008654,0.61767578125,0.73486328125,0.3154296875,Mouth closed
1713362198.048209,0.619140625,0.730712890625,0.31640625,Mouth closed
1713362198.08563,0.62158203125,0.727294921875,0.3154296875,Mouth closed
1713362198.125576,0.62255859375,0.731689453125,0.316162109375,Mouth closed
1713362198.16289,0.61767578125,0.729248046875,0.3173828125,Mouth closed
1713362198.21763,0.6201171875,0.730224609375,0.31787109375,Mouth closed
1713362198.242089,0.61572265625,0.732421875,0.31591796875,Mouth closed
1713362198.29667,0.62451171875,0.734619140625,0.312744140625,Mouth closed
1713362198.325973,0.62255859375,0.732666015625,0.306640625,Mouth closed
1713362198.368979,0.627197265625,0.737060546875,0.316162109375,Mouth closed
1713362198.404295,0.616943359375,0.730224609375,0.312744140625,Mouth closed
1713362198.448905,0.614013671875,0.72509765625,0.3154296875,Mouth closed
1713362198.485678,0.6171875,0.732177734375,0.320556640625,Mouth closed
1713362198.534183,0.619384765625,0.730712890625,0.31591796875,Mouth closed
1713362198.564495,0.62109375,0.731201171875,0.31201171875,Mouth closed
1713362198.612795,0.623046875,0.735595703125,0.312744140625,Mouth closed
1713362198.651537,0.624267578125,0.730224609375,0.30908203125,Mouth closed
1713362198.687045,0.620849609375,0.7294921875,0.310791015625,Mouth closed
1713362198.72923,0.6201171875,0.726318359375,0.3134765625,Mouth closed
1713362198.76841,0.6171875,0.732177734375,0.315185546875,Mouth closed
1713362198.807629,0.61962890625,0.733642578125,0.313720703125,Mouth closed
1713362198.847888,0.615966796875,0.7333984375,0.317626953125,Mouth closed
1713362198.8862,0.61376953125,0.73291015625,0.320068359375,Mouth closed
1713362198.926094,0.617919921875,0.73193359375,0.31689453125,Mouth closed
1713362198.964017,0.619873046875,0.731201171875,0.30908203125,Mouth closed
1713362199.004025,0.61962890625,0.731689453125,0.31005859375,Mouth closed
1713362199.044317,0.61962890625,0.72998046875,0.309814453125,Mouth closed
1713362199.086986,0.621826171875,0.73046875,0.310546875,Mouth closed
1713362199.124966,0.617919921875,0.73388671875,0.312255859375,Mouth closed
1713362199.166234,0.625244140625,0.734375,0.313720703125,Mouth closed
1713362199.208056,0.6201171875,0.729736328125,0.307861328125,Mouth closed
1713362199.248972,0.62109375,0.72998046875,0.314453125,Mouth closed
1713362199.287924,0.620361328125,0.731689453125,0.3154296875,Mouth closed
1713362199.326868,0.61669921875,0.72998046875,0.3134765625,Mouth closed
1713362199.36604,0.61279296875,0.72900390625,0.3125,Mouth closed
1713362199.406862,0.62548828125,0.736083984375,0.313232421875,Mouth closed
1713362199.447564,0.633544921875,0.7412109375,0.314697265625,Mouth closed
1713362199.488767,0.61865234375,0.7314453125,0.306640625,Mouth closed
1713362199.524887,0.623779296875,0.724365234375,0.3037109375,Mouth closed
1713362199.566303,0.622314453125,0.7236328125,0.30859375,Mouth closed
1713362199.604809,0.61962890625,0.728271484375,0.3154296875,Mouth closed
1713362199.645133,0.6259765625,0.73291015625,0.3115234375,Mouth closed
1713362199.684942,0.6298828125,0.726806640625,0.306396484375,Mouth closed
1713362199.728924,0.6259765625,0.72509765625,0.309814453125,Mouth closed
1713362199.767102,0.625732421875,0.7265625,0.3115234375,Mouth closed
1713362199.80779,0.62158203125,0.72705078125,0.3125,Mouth closed
1713362199.848038,0.625244140625,0.730712890625,0.311767578125,Mouth closed
1713362199.885998,0.624755859375,0.72900390625,0.314453125,Mouth closed
1713362199.926002,0.621826171875,0.7314453125,0.311767578125,Mouth closed
1713362199.968829,0.62548828125,0.732177734375,0.306884765625,Mouth closed
1713362200.007455,0.623291015625,0.728759765625,0.30517578125,Mouth closed
1713362200.0522,0.625,0.730224609375,0.308837890625,Mouth closed
1713362200.092153,0.628173828125,0.72900390625,0.3056640625,Mouth closed
1713362200.128357,0.626220703125,0.728271484375,0.307861328125,Mouth closed
1713362200.167193,0.62548828125,0.72802734375,0.304931640625,Mouth closed
1713362200.208096,0.623779296875,0.7333984375,0.308349609375,Mouth closed
1713362200.245869,0.625732421875,0.7333984375,0.312744140625,Mouth closed
1713362200.286468,0.6240234375,0.73046875,0.3115234375,Mouth closed
1713362200.327655,0.622314453125,0.73095703125,0.31640625,Mouth closed
1713362200.366234,0.616455078125,0.733154296875,0.31201171875,Mouth closed
1713362200.42039,0.617919921875,0.73388671875,0.31640625,Mouth closed
1713362200.44735,0.61962890625,0.73291015625,0.3203125,Mouth closed
1713362200.495711,0.624267578125,0.72900390625,0.315185546875,Mouth closed
1713362200.532266,0.6220703125,0.728515625,0.31298828125,Mouth closed
1713362200.570547,0.62158203125,0.728271484375,0.314697265625,Mouth closed
1713362200.608815,0.623779296875,0.728759765625,0.314208984375,Mouth closed
1713362200.648392,0.630859375,0.7294921875,0.307373046875,Mouth closed
1713362200.688239,0.626220703125,0.720458984375,0.305419921875,Mouth closed
1713362200.728089,0.62646484375,0.731689453125,0.322021484375,Mouth closed
1713362200.767626,0.632568359375,0.7275390625,0.3017578125,Mouth closed
1713362200.806087,0.6318359375,0.723388671875,0.311767578125,Mouth closed
1713362200.846131,0.624267578125,0.721435546875,0.31005859375,Mouth closed
1713362200.888188,0.62646484375,0.73046875,0.314453125,Mouth closed
1713362200.932128,0.618408203125,0.725830078125,0.314697265625,Mouth closed
1713362200.968125,0.62158203125,0.731689453125,0.328857421875,Mouth closed
1713362201.008524,0.612060546875,0.7275390625,0.322265625,Mouth closed
1713362201.049884,0.621826171875,0.731689453125,0.324462890625,Mouth closed
1713362201.094018,0.61572265625,0.7353515625,0.3359375,Mouth closed
1713362201.134049,0.60888671875,0.732421875,0.3291015625,Mouth closed
1713362201.172901,0.62939453125,0.723388671875,0.305908203125,Mouth closed
1713362201.20993,0.6279296875,0.72509765625,0.29931640625,Mouth closed
1713362201.248593,0.630126953125,0.723388671875,0.29248046875,Mouth closed
1713362201.289582,0.628173828125,0.721435546875,0.296630859375,Mouth closed
1713362201.327895,0.62451171875,0.72998046875,0.326416015625,Mouth closed
1713362201.368713,0.62646484375,0.73046875,0.32373046875,Mouth closed
1713362201.407776,0.629638671875,0.72314453125,0.304931640625,Mouth closed
1713362201.446252,0.635986328125,0.720703125,0.302001953125,Mouth closed
1713362201.487462,0.628662109375,0.722412109375,0.311279296875,Mouth closed
1713362201.524837,0.6240234375,0.725341796875,0.302978515625,Mouth closed
1713362201.566698,0.626220703125,0.72900390625,0.305419921875,Mouth closed
1713362201.60605,0.62109375,0.728271484375,0.309326171875,Mouth closed
1713362201.656438,0.631103515625,0.732666015625,0.302490234375,Mouth closed
1713362201.686224,0.6298828125,0.72998046875,0.30810546875,Mouth closed
1713362201.726988,0.62548828125,0.739013671875,0.3115234375,Mouth closed
1713362201.768408,0.6220703125,0.73046875,0.308349609375,Mouth closed
1713362201.80711,0.621337890625,0.734130859375,0.312744140625,Mouth closed
1713362201.848335,0.623046875,0.731689453125,0.303466796875,Mouth closed
1713362201.887051,0.6240234375,0.723876953125,0.295654296875,Mouth closed
1713362201.931178,0.624755859375,0.7255859375,0.29541015625,Mouth closed
1713362201.968141,0.62255859375,0.73046875,0.306640625,Mouth closed
1713362202.007248,0.624267578125,0.729736328125,0.303955078125,Mouth closed
1713362202.047835,0.62060546875,0.734619140625,0.30419921875,Mouth closed
1713362202.095912,0.627197265625,0.7373046875,0.30322265625,Mouth closed
1713362202.131123,0.62353515625,0.736083984375,0.303955078125,Mouth closed
1713362202.170131,0.621826171875,0.736083984375,0.3017578125,Mouth closed
1713362202.208528,0.61474609375,0.739501953125,0.301025390625,Mouth closed
1713362202.246873,0.62353515625,0.739013671875,0.3037109375,Mouth closed
1713362202.287764,0.6181640625,0.733642578125,0.30029296875,Mouth closed
1713362202.327351,0.623291015625,0.727294921875,0.294189453125,Mouth closed
1713362202.367872,0.62353515625,0.735595703125,0.300048828125,Mouth closed
1713362202.409203,0.625732421875,0.73779296875,0.30078125,Mouth closed
1713362202.448492,0.62451171875,0.734130859375,0.298583984375,Mouth closed
1713362202.490609,0.628662109375,0.7353515625,0.30029296875,Mouth closed
1713362202.527868,0.624755859375,0.731689453125,0.294921875,Mouth closed
1713362202.570446,0.624267578125,0.733154296875,0.29248046875,Mouth closed
1713362202.6098,0.62255859375,0.73583984375,0.29541015625,Mouth closed
1713362202.649416,0.618896484375,0.73681640625,0.302490234375,Mouth closed
1713362202.692896,0.6201171875,0.735595703125,0.300048828125,Mouth closed
1713362202.728298,0.62158203125,0.739501953125,0.300048828125,Mouth closed
1713362202.774607,0.624267578125,0.7353515625,0.301025390625,Mouth closed
1713362202.811538,0.623046875,0.73193359375,0.303955078125,Mouth closed
1713362202.850103,0.619384765625,0.7333984375,0.308349609375,Mouth closed
1713362202.887423,0.6240234375,0.73681640625,0.308837890625,Mouth closed
1713362202.936166,0.62353515625,0.73193359375,0.305419921875,Mouth closed
1713362202.972494,0.62060546875,0.72705078125,0.3037109375,Mouth closed
1713362203.010195,0.621826171875,0.7294921875,0.3037109375,Mouth open
1713362203.049032,0.625244140625,0.735595703125,0.3037109375,Mouth open
1713362203.087642,0.61328125,0.73486328125,0.295654296875,Mouth open
1713362203.129027,0.626953125,0.739013671875,0.3037109375,Mouth open
1713362203.171336,0.6201171875,0.738525390625,0.302978515625,Mouth open
1713362203.207994,0.62353515625,0.731689453125,0.30078125,Mouth open
1713362203.25026,0.617919921875,0.733642578125,0.30517578125,Mouth open
1713362203.289152,0.615234375,0.736083984375,0.308349609375,Mouth open
1713362203.331114,0.62109375,0.73681640625,0.3046875,Mouth open
1713362203.371513,0.618408203125,0.73046875,0.305419921875,Mouth open
1713362203.409152,0.624755859375,0.734375,0.30224609375,Mouth open
1713362203.449604,0.62353515625,0.73046875,0.30078125,Mouth open
1713362203.491535,0.622314453125,0.7314453125,0.303955078125,Mouth open
1713362203.539762,0.62060546875,0.735595703125,0.3056640625,Mouth open
1713362203.575288,0.622314453125,0.734375,0.301025390625,Mouth open
1713362203.616603,0.619873046875,0.73193359375,0.30224609375,Mouth open
1713362203.653223,0.621337890625,0.735595703125,0.3037109375,Mouth open
1713362203.691084,0.61962890625,0.738037109375,0.306640625,Mouth open
1713362203.73003,0.623046875,0.733642578125,0.309814453125,Mouth open
1713362203.770775,0.61962890625,0.7373046875,0.3046875,Mouth open
1713362203.810789,0.62060546875,0.73876953125,0.305908203125,Mouth open
1713362203.849997,0.619384765625,0.735595703125,0.301513671875,Mouth open
1713362203.890669,0.617431640625,0.734130859375,0.302001953125,Mouth open
1713362203.931509,0.618408203125,0.737548828125,0.307373046875,Mouth open
1713362203.971858,0.615234375,0.7412109375,0.3046875,Mouth open
1713362204.010812,0.617431640625,0.740234375,0.30517578125,Mouth open
1713362204.055578,0.617919921875,0.742431640625,0.30224609375,Mouth open
1713362204.092127,0.61279296875,0.739990234375,0.3046875,Mouth open
1713362204.131676,0.618408203125,0.738037109375,0.304443359375,Mouth open
1713362204.169437,0.6259765625,0.738037109375,0.309814453125,Mouth open
1713362204.209183,0.619384765625,0.734619140625,0.307373046875,Mouth open
1713362204.252706,0.616943359375,0.73681640625,0.30517578125,Mouth open
1713362204.291934,0.619140625,0.74072265625,0.310546875,Mouth open
1713362204.331343,0.613037109375,0.732421875,0.302978515625,Mouth open
1713362204.377788,0.6201171875,0.732666015625,0.30126953125,Mouth open
1713362204.410891,0.618408203125,0.7373046875,0.306884765625,Mouth open
1713362204.45678,0.622802734375,0.73828125,0.305908203125,Mouth open
1713362204.493868,0.6142578125,0.737060546875,0.306884765625,Mouth open
1713362204.5318,0.620361328125,0.736328125,0.30810546875,Mouth open
1713362204.57303,0.617919921875,0.7353515625,0.30712890625,Mouth open
1713362204.61275,0.6171875,0.734375,0.30322265625,Mouth open
1713362204.651055,0.61279296875,0.73779296875,0.310302734375,Mouth open
1713362204.693545,0.61474609375,0.739990234375,0.3076171875,Mouth open
1713362204.729977,0.61962890625,0.7392578125,0.305908203125,Mouth open
1713362204.770445,0.61376953125,0.735107421875,0.30517578125,Mouth open
1713362204.810902,0.61767578125,0.7392578125,0.30908203125,Mouth open
1713362204.853496,0.61767578125,0.734375,0.306640625,Mouth open
1713362204.893071,0.615234375,0.738037109375,0.30908203125,Mouth open
1713362204.932965,0.6181640625,0.7392578125,0.3076171875,Mouth open
1713362204.982802,0.6162109375,0.73681640625,0.306396484375,Mouth open
1713362205.018052,0.616455078125,0.734619140625,0.30078125,Mouth open
1713362205.053463,0.61572265625,0.738525390625,0.3056640625,Mouth open
1713362205.094038,0.615234375,0.740234375,0.306884765625,Mouth open
1713362205.132921,0.618896484375,0.738525390625,0.305908203125,Mouth open
1713362205.172569,0.61572265625,0.734375,0.304931640625,Mouth open
1713362205.212407,0.617919921875,0.73681640625,0.30908203125,Mouth open
1713362205.254298,0.61572265625,0.738037109375,0.311279296875,Mouth open
1713362205.293207,0.62060546875,0.73583984375,0.306396484375,Mouth open
1713362205.33202,0.623046875,0.73193359375,0.3017578125,Mouth open
1713362205.371461,0.62939453125,0.740234375,0.2978515625,Mouth open
1713362205.410767,0.6201171875,0.734130859375,0.29345703125,Mouth open
1713362205.456795,0.626708984375,0.73193359375,0.305908203125,Mouth open
1713362205.489804,0.62451171875,0.7314453125,0.30712890625,Mouth open
1713362205.530723,0.615966796875,0.734375,0.3134765625,Mouth open
1713362205.571127,0.620849609375,0.7353515625,0.311279296875,Mouth open
1713362205.610939,0.623291015625,0.733642578125,0.29833984375,Mouth open
1713362205.655699,0.624267578125,0.7294921875,0.30078125,Mouth open
1713362205.692267,0.625732421875,0.732421875,0.297607421875,Mouth open
1713362205.740576,0.62451171875,0.731201171875,0.29736328125,Mouth open
1713362205.772882,0.628662109375,0.737060546875,0.29833984375,Mouth open
1713362205.820097,0.632080078125,0.734619140625,0.292236328125,Mouth open
1713362205.856305,0.628662109375,0.736083984375,0.294189453125,Mouth open
1713362205.893868,0.622802734375,0.7333984375,0.296630859375,Mouth open
1713362205.935106,0.625732421875,0.7373046875,0.296630859375,Mouth open
1713362205.973141,0.624755859375,0.73095703125,0.291259765625,Mouth open
1713362206.013105,0.625,0.732177734375,0.293212890625,Mouth open
1713362206.052011,0.6259765625,0.73828125,0.29833984375,Mouth open
1713362206.092252,0.626220703125,0.73681640625,0.299560546875,Mouth open
1713362206.135406,0.62060546875,0.7373046875,0.299560546875,Mouth open
1713362206.173073,0.630859375,0.73681640625,0.2978515625,Mouth open
1713362206.216806,0.624267578125,0.736328125,0.299560546875,Mouth open
1713362206.256757,0.626220703125,0.73046875,0.295166015625,Mouth open
1713362206.293139,0.62109375,0.73193359375,0.29736328125,Mouth open
1713362206.346511,0.6240234375,0.73681640625,0.301025390625,Mouth open
1713362206.373872,0.624267578125,0.734375,0.298583984375,Mouth open
1713362206.420409,0.625244140625,0.733154296875,0.294921875,Mouth open
1713362206.458654,0.6279296875,0.735107421875,0.298095703125,Mouth open
1713362206.493807,0.623046875,0.734375,0.298583984375,Mouth open
1713362206.535075,0.623046875,0.734375,0.302001953125,Mouth open
1713362206.575259,0.625,0.7294921875,0.29931640625,Mouth open
1713362206.614132,0.621337890625,0.733154296875,0.30126953125,Mouth open
1713362206.653815,0.624267578125,0.73095703125,0.295166015625,Mouth open
1713362206.693103,0.626220703125,0.73388671875,0.2978515625,Mouth open
1713362206.740104,0.622802734375,0.73779296875,0.30078125,Mouth open
1713362206.773845,0.62255859375,0.73583984375,0.29638671875,Mouth open
1713362206.813302,0.62255859375,0.73095703125,0.293701171875,Mouth open
1713362206.852906,0.626220703125,0.733154296875,0.29736328125,Mouth open
1713362206.89404,0.624267578125,0.7353515625,0.29931640625,Mouth open
1713362206.935792,0.62841796875,0.732177734375,0.302734375,Mouth open
1713362206.973845,0.62548828125,0.736328125,0.301025390625,Mouth open
1713362207.017353,0.629150390625,0.73583984375,0.302978515625,Mouth open
1713362207.05848,0.6240234375,0.7314453125,0.294677734375,Mouth open
1713362207.106346,0.627685546875,0.734130859375,0.29736328125,Mouth open
1713362207.142456,0.619140625,0.73291015625,0.301513671875,Mouth open
1713362207.180769,0.619873046875,0.736083984375,0.30078125,Mouth open
1713362207.21787,0.626220703125,0.736572265625,0.297607421875,Mouth open
1713362207.257408,0.62255859375,0.736083984375,0.298095703125,Mouth open
1713362207.294401,0.625244140625,0.7353515625,0.298828125,Mouth open
1713362207.334254,0.62353515625,0.73486328125,0.299560546875,Mouth open
1713362207.372775,0.62060546875,0.733642578125,0.302978515625,Mouth open
1713362207.41433,0.624755859375,0.735595703125,0.299560546875,Mouth open
1713362207.45467,0.62548828125,0.72998046875,0.29931640625,Mouth open
1713362207.494007,0.62353515625,0.7294921875,0.29345703125,Mouth open
1713362207.533924,0.623291015625,0.7353515625,0.30078125,Mouth open
1713362207.574155,0.624267578125,0.736572265625,0.30615234375,Mouth open
1713362207.614184,0.623779296875,0.7353515625,0.301025390625,Mouth open
1713362207.654953,0.62109375,0.7294921875,0.301513671875,Mouth open
1713362207.700008,0.622802734375,0.732177734375,0.30615234375,Mouth open
1713362207.736726,0.62353515625,0.736572265625,0.308349609375,Mouth open
1713362207.77789,0.6240234375,0.73291015625,0.30322265625,Mouth open
1713362207.814793,0.623046875,0.736328125,0.3037109375,Mouth open
1713362207.854776,0.629150390625,0.737060546875,0.298828125,Mouth open
1713362207.896504,0.62548828125,0.731201171875,0.297607421875,Mouth open
1713362207.94054,0.625732421875,0.727783203125,0.298583984375,Mouth open
1713362207.975283,0.624267578125,0.733642578125,0.303955078125,Mouth open
1713362208.029637,0.623779296875,0.734619140625,0.305908203125,Mouth open
1713362208.05346,0.6259765625,0.73291015625,0.304931640625,Mouth open
1713362208.099387,0.621826171875,0.732177734375,0.30517578125,Mouth open
1713362208.136591,0.62451171875,0.731689453125,0.310791015625,Mouth open
1713362208.177678,0.62353515625,0.73046875,0.3076171875,Mouth open
1713362208.214915,0.625732421875,0.732421875,0.310546875,Mouth open
1713362208.254796,0.6259765625,0.7294921875,0.307861328125,Mouth open
1713362208.296584,0.625732421875,0.73046875,0.30859375,Mouth open
1713362208.346697,0.621826171875,0.73486328125,0.308837890625,Mouth open
1713362208.375165,0.626220703125,0.7314453125,0.306396484375,Mouth open
1713362208.427247,0.626953125,0.7265625,0.298583984375,Mouth open
1713362208.456507,0.623779296875,0.72998046875,0.3037109375,Mouth open
1713362208.49941,0.622314453125,0.730224609375,0.302490234375,Mouth open
1713362208.535878,0.6279296875,0.736083984375,0.304931640625,Mouth open
1713362208.584917,0.621337890625,0.7333984375,0.301025390625,Mouth open
1713362208.613779,0.629150390625,0.73681640625,0.302001953125,Mouth open
1713362208.658228,0.622802734375,0.73193359375,0.302001953125,Mouth open
1713362208.700245,0.62646484375,0.73095703125,0.297119140625,Mouth open
1713362208.739704,0.623046875,0.73046875,0.30078125,Mouth open
1713362208.778883,0.62109375,0.73583984375,0.300537109375,Mouth open
1713362208.813698,0.62548828125,0.735595703125,0.29736328125,Mouth open
1713362208.855567,0.624267578125,0.73291015625,0.299072265625,Mouth open
1713362208.900216,0.62353515625,0.734619140625,0.298828125,Mouth open
1713362208.937772,0.62451171875,0.733154296875,0.30419921875,Mouth open
1713362208.977608,0.6259765625,0.730712890625,0.30029296875,Mouth open
1713362209.016497,0.62548828125,0.733642578125,0.3037109375,Mouth open
1713362209.055885,0.625244140625,0.732666015625,0.300537109375,Mouth open
1713362209.096815,0.621826171875,0.72998046875,0.298828125,Mouth open
1713362209.136514,0.628173828125,0.734130859375,0.30078125,Mouth open
1713362209.175171,0.621826171875,0.73583984375,0.298095703125,Mouth open
1713362209.216176,0.6220703125,0.73046875,0.298828125,Mouth open
1713362209.258863,0.625,0.7333984375,0.3017578125,Mouth open
1713362209.297893,0.623779296875,0.73388671875,0.305419921875,Mouth open
1713362209.336928,0.621826171875,0.728759765625,0.298828125,Mouth open
1713362209.376783,0.623291015625,0.736328125,0.301513671875,Mouth open
1713362209.415226,0.628173828125,0.737548828125,0.29833984375,Mouth open
1713362209.454858,0.625,0.736083984375,0.292236328125,Mouth open
1713362209.495514,0.622314453125,0.7333984375,0.29248046875,Mouth open
1713362209.535837,0.622314453125,0.735595703125,0.299560546875,Mouth open
1713362209.576297,0.621337890625,0.739501953125,0.29296875,Mouth open
1713362209.617142,0.622802734375,0.734130859375,0.291259765625,Mouth open
1713362209.656806,0.623046875,0.738037109375,0.292724609375,Mouth open
1713362209.695842,0.62109375,0.7392578125,0.2978515625,Mouth open
1713362209.738319,0.618896484375,0.73486328125,0.29736328125,Mouth open
1713362209.778911,0.622802734375,0.741943359375,0.29833984375,Mouth open
1713362209.817241,0.622802734375,0.736083984375,0.2958984375,Mouth open
1713362209.85775,0.62646484375,0.7333984375,0.2958984375,Mouth open
1713362209.895938,0.62158203125,0.739501953125,0.294677734375,Mouth open
1713362209.935945,0.623779296875,0.743896484375,0.29736328125,Mouth open
1713362209.97471,0.62451171875,0.73388671875,0.29150390625,Mouth open
1713362210.014167,0.6220703125,0.73486328125,0.29443359375,Mouth open
1713362210.054745,0.62158203125,0.74169921875,0.30029296875,Mouth open
1713362210.095693,0.62158203125,0.736572265625,0.2958984375,Mouth open
1713362210.134777,0.6181640625,0.73486328125,0.294189453125,Mouth open
1713362210.176206,0.62109375,0.73779296875,0.29638671875,Mouth open
1713362210.243274,0.619140625,0.73974609375,0.293701171875,Mouth open
1713362210.255564,0.623291015625,0.735107421875,0.293701171875,Mouth open
1713362210.30026,0.619140625,0.740234375,0.30078125,Mouth open
1713362210.336474,0.6201171875,0.739990234375,0.297607421875,Mouth open
1713362210.37616,0.6201171875,0.737060546875,0.2939453125,Mouth open
1713362210.417578,0.622314453125,0.737060546875,0.29443359375,Mouth open
1713362210.464931,0.620849609375,0.740966796875,0.296142578125,Mouth open
1713362210.498643,0.61962890625,0.740234375,0.299072265625,Mouth open
1713362210.538106,0.6181640625,0.73876953125,0.2978515625,Mouth open
1713362210.575135,0.62353515625,0.74072265625,0.296630859375,Mouth open
1713362210.629352,0.624755859375,0.7373046875,0.295654296875,Mouth open
1713362210.656286,0.622314453125,0.73828125,0.2958984375,Mouth open
1713362210.6976,0.61865234375,0.74267578125,0.2998046875,Mouth open
1713362210.741218,0.624755859375,0.740966796875,0.294677734375,Mouth open
1713362210.779072,0.615966796875,0.736572265625,0.291259765625,Mouth open
1713362210.816233,0.618408203125,0.7353515625,0.295166015625,Mouth open
1713362210.8558,0.6171875,0.741455078125,0.300048828125,Mouth open
1713362210.895765,0.62353515625,0.7421875,0.298583984375,Mouth open
1713362210.937087,0.61474609375,0.73486328125,0.2900390625,Mouth open
1713362210.977602,0.62255859375,0.744140625,0.30029296875,Mouth open
1713362211.016796,0.61962890625,0.73681640625,0.292724609375,Mouth open
1713362211.058965,0.618896484375,0.738525390625,0.292236328125,Mouth open
1713362211.098047,0.616943359375,0.7392578125,0.296630859375,Mouth open
1713362211.141791,0.62060546875,0.7412109375,0.299072265625,Mouth open
1713362211.177438,0.618896484375,0.73828125,0.294921875,Mouth open
1713362211.216859,0.620361328125,0.737548828125,0.291748046875,Mouth open
1713362211.257673,0.618896484375,0.737060546875,0.295654296875,Mouth open
1713362211.3067,0.6220703125,0.737060546875,0.299072265625,Mouth open
1713362211.343178,0.615234375,0.737060546875,0.297119140625,Mouth open
1713362211.383348,0.61767578125,0.73779296875,0.298095703125,Mouth open
1713362211.418444,0.6201171875,0.740234375,0.3017578125,Mouth open
1713362211.457218,0.623779296875,0.742919921875,0.296630859375,Mouth open
1713362211.497858,0.62255859375,0.737548828125,0.29052734375,Mouth open
1713362211.537955,0.6220703125,0.734375,0.291259765625,Mouth open
1713362211.577617,0.620361328125,0.735107421875,0.298583984375,Mouth open
1713362211.619306,0.621337890625,0.738037109375,0.296875,Mouth open
1713362211.657733,0.619873046875,0.73974609375,0.2978515625,Mouth open
1713362211.700245,0.62109375,0.74267578125,0.298095703125,Mouth open
1713362211.738749,0.623046875,0.7421875,0.2958984375,Mouth open
1713362211.780479,0.622802734375,0.74169921875,0.293701171875,Mouth open
1713362211.81871,0.618896484375,0.7353515625,0.293212890625,Mouth open
1713362211.856813,0.619384765625,0.739990234375,0.30029296875,Mouth open
1713362211.895917,0.618896484375,0.739013671875,0.297607421875,Mouth open
1713362211.93677,0.619873046875,0.736572265625,0.29443359375,Mouth open
1713362211.980201,0.615234375,0.738037109375,0.29736328125,Mouth open
1713362212.018056,0.619140625,0.736083984375,0.2978515625,Mouth open
1713362212.063795,0.623779296875,0.7373046875,0.30029296875,Mouth open
1713362212.09804,0.618408203125,0.736328125,0.297119140625,Mouth open
1713362212.139386,0.618408203125,0.7333984375,0.299072265625,Mouth open
1713362212.182051,0.61669921875,0.737060546875,0.29833984375,Mouth open
1713362212.220299,0.62451171875,0.742431640625,0.297119140625,Mouth open
1713362212.259905,0.6201171875,0.74072265625,0.294921875,Mouth open
1713362212.299819,0.621826171875,0.735107421875,0.295166015625,Mouth open
1713362212.339309,0.61865234375,0.73828125,0.298828125,Mouth open
1713362212.382549,0.617919921875,0.73583984375,0.3017578125,Mouth open
1713362212.420252,0.6201171875,0.737060546875,0.298095703125,Mouth open
1713362212.45869,0.618408203125,0.739501953125,0.29833984375,Mouth open
1713362212.498682,0.620361328125,0.740234375,0.29931640625,Mouth open
1713362212.537976,0.62060546875,0.737060546875,0.294921875,Mouth open
1713362212.581324,0.62109375,0.73779296875,0.291748046875,Mouth open
1713362212.618323,0.6181640625,0.7412109375,0.300537109375,Mouth open
1713362212.670538,0.61865234375,0.739013671875,0.29638671875,Mouth open
1713362212.699334,0.620849609375,0.739501953125,0.296875,Mouth open
1713362212.739807,0.6240234375,0.738525390625,0.29638671875,Mouth open
1713362212.784633,0.62158203125,0.7373046875,0.300537109375,Mouth open
1713362212.823924,0.6220703125,0.736328125,0.300048828125,Mouth open
1713362212.859866,0.619140625,0.734375,0.294677734375,Mouth open
1713362212.899715,0.619384765625,0.74072265625,0.301025390625,Mouth open
1713362212.93982,0.623779296875,0.736328125,0.298828125,Mouth open
1713362212.979761,0.621337890625,0.740234375,0.29931640625,Mouth open
1713362213.02054,0.62548828125,0.740966796875,0.295166015625,Mouth open
1713362213.062993,0.618896484375,0.736083984375,0.292724609375,Mouth open
1713362213.100401,0.6220703125,0.737548828125,0.297607421875,Mouth open
1713362213.144043,0.619140625,0.73876953125,0.303466796875,Mouth open
1713362213.178798,0.619873046875,0.739501953125,0.302734375,Mouth open
1713362213.217675,0.619873046875,0.736328125,0.29736328125,Mouth open
1713362213.259523,0.61962890625,0.7373046875,0.300048828125,Mouth open
1713362213.29906,0.619873046875,0.7373046875,0.299072265625,Mouth open
1713362213.342047,0.623291015625,0.73681640625,0.294677734375,Mouth open
1713362213.383081,0.619384765625,0.7373046875,0.2998046875,Mouth open
1713362213.425251,0.6171875,0.73876953125,0.3037109375,Mouth open
1713362213.460245,0.616455078125,0.739990234375,0.30126953125,Mouth open
1713362213.509893,0.622314453125,0.7373046875,0.297119140625,Mouth open
1713362213.546728,0.616455078125,0.7392578125,0.2978515625,Mouth open
1713362213.584923,0.617919921875,0.73828125,0.300048828125,Mouth open
1713362213.622361,0.620849609375,0.73583984375,0.299560546875,Mouth open
1713362213.660663,0.61962890625,0.7353515625,0.299072265625,Mouth open
1713362213.702003,0.621337890625,0.739990234375,0.301513671875,Mouth open
1713362213.740863,0.620361328125,0.737548828125,0.2958984375,Mouth open
1713362213.780306,0.623046875,0.737060546875,0.298828125,Mouth open
1713362213.823487,0.622802734375,0.73779296875,0.29345703125,Mouth open
1713362213.85903,0.62353515625,0.7373046875,0.297607421875,Mouth open
1713362213.899484,0.618896484375,0.74267578125,0.2998046875,Mouth open
1713362213.939995,0.61865234375,0.740478515625,0.292724609375,Mouth open
1713362213.97981,0.6171875,0.73388671875,0.29638671875,Mouth open
1713362214.022704,0.618408203125,0.7373046875,0.30078125,Mouth open
1713362214.064088,0.61669921875,0.743896484375,0.2998046875,Mouth open
1713362214.112415,0.620361328125,0.740966796875,0.2998046875,Mouth open
1713362214.149108,0.616455078125,0.73876953125,0.2998046875,Mouth open
1713362214.182054,0.625,0.738037109375,0.297119140625,Mouth open
1713362214.226841,0.62158203125,0.73779296875,0.294189453125,Mouth open
1713362214.263132,0.623779296875,0.733642578125,0.296630859375,Mouth open
1713362214.301789,0.617431640625,0.735595703125,0.298583984375,Mouth open
1713362214.349117,0.615966796875,0.73779296875,0.30126953125,Mouth open
1713362214.386966,0.620361328125,0.73876953125,0.298583984375,Mouth open
1713362214.425215,0.622314453125,0.740966796875,0.2978515625,Mouth open
1713362214.461812,0.6181640625,0.743896484375,0.301025390625,Mouth open
1713362214.500647,0.620849609375,0.742431640625,0.29833984375,Mouth open
1713362214.539807,0.619873046875,0.739501953125,0.298828125,Mouth open
1713362214.584021,0.618896484375,0.736328125,0.30029296875,Mouth open
1713362214.620734,0.61962890625,0.737060546875,0.29931640625,Mouth open
1713362214.661275,0.615966796875,0.737060546875,0.295654296875,Mouth open
1713362214.701749,0.619140625,0.737548828125,0.2939453125,Mouth open
1713362214.741812,0.618896484375,0.7412109375,0.296630859375,Mouth open
1713362214.784545,0.62060546875,0.744140625,0.296875,Mouth open
1713362214.825156,0.6181640625,0.73876953125,0.294189453125,Mouth open
1713362214.8739,0.6181640625,0.737060546875,0.298095703125,Mouth open
1713362214.909779,0.619140625,0.738525390625,0.298828125,Mouth open
1713362214.948149,0.617919921875,0.736328125,0.297607421875,Mouth open
1713362214.984261,0.62451171875,0.73583984375,0.293701171875,Mouth open
1713362215.024832,0.619140625,0.7392578125,0.29736328125,Mouth open
1713362215.062855,0.62451171875,0.739501953125,0.301513671875,Mouth open
1713362215.102907,0.622314453125,0.736083984375,0.29296875,Mouth open
1713362215.141902,0.61962890625,0.7353515625,0.298095703125,Mouth open
1713362215.182787,0.6162109375,0.737548828125,0.304443359375,Mouth open
1713362215.221037,0.617431640625,0.74169921875,0.301513671875,Mouth open
1713362215.262973,0.620361328125,0.74072265625,0.299560546875,Mouth open
1713362215.307045,0.61865234375,0.74072265625,0.30078125,Mouth open
1713362215.343398,0.61572265625,0.73876953125,0.301025390625,Mouth open
1713362215.392947,0.614990234375,0.7392578125,0.300048828125,Mouth open
1713362215.423465,0.61865234375,0.74169921875,0.3037109375,Mouth open
1713362215.471846,0.618408203125,0.73779296875,0.298583984375,Mouth open
1713362215.508309,0.6220703125,0.738525390625,0.297119140625,Mouth open
1713362215.547609,0.62353515625,0.73583984375,0.29736328125,Mouth open
1713362215.584607,0.621337890625,0.739013671875,0.295166015625,Mouth open
1713362215.631813,0.61669921875,0.73779296875,0.2939453125,Mouth open
1713362215.669245,0.62451171875,0.7421875,0.299072265625,Mouth open
1713362215.707034,0.615478515625,0.73779296875,0.295166015625,Mouth open
1713362215.742952,0.6142578125,0.73828125,0.2978515625,Mouth open
1713362215.783376,0.616455078125,0.74267578125,0.30078125,Mouth open
1713362215.820908,0.61669921875,0.73779296875,0.299072265625,Mouth open
1713362215.863092,0.614013671875,0.738037109375,0.296630859375,Mouth open
1713362215.902165,0.619873046875,0.742919921875,0.30126953125,Mouth open
1713362215.942642,0.6181640625,0.741455078125,0.29833984375,Mouth open
1713362215.982452,0.617919921875,0.73681640625,0.293212890625,Mouth open
1713362216.023381,0.617431640625,0.739990234375,0.294921875,Mouth open
1713362216.067602,0.6181640625,0.742431640625,0.300537109375,Mouth open
1713362216.102968,0.619873046875,0.743408203125,0.29736328125,Mouth open
1713362216.149889,0.61767578125,0.739013671875,0.29345703125,Mouth open
1713362216.183764,0.619384765625,0.74072265625,0.29736328125,Mouth open
1713362216.231955,0.619140625,0.740966796875,0.296142578125,Mouth open
1713362216.268705,0.61767578125,0.738525390625,0.29931640625,Mouth open
1713362216.30661,0.615234375,0.741943359375,0.298583984375,Mouth open
1713362216.343664,0.617919921875,0.73828125,0.298095703125,Mouth open
1713362216.382868,0.62255859375,0.737548828125,0.296875,Mouth open
1713362216.421874,0.62109375,0.741943359375,0.295654296875,Mouth open
1713362216.46185,0.61328125,0.7421875,0.299072265625,Mouth open
1713362216.502793,0.62158203125,0.744140625,0.29833984375,Mouth open
1713362216.541938,0.61474609375,0.73779296875,0.291015625,Mouth open
1713362216.583442,0.62158203125,0.739501953125,0.298828125,Mouth open
1713362216.623125,0.6181640625,0.74072265625,0.30126953125,Mouth open
1713362216.667276,0.6162109375,0.73828125,0.2978515625,Mouth open
1713362216.706711,0.617431640625,0.739990234375,0.2958984375,Mouth open
1713362216.746114,0.619140625,0.742431640625,0.30078125,Mouth open
1713362216.785889,0.62060546875,0.74365234375,0.295654296875,Mouth open
1713362216.83091,0.619140625,0.742431640625,0.296630859375,Mouth open
1713362216.863898,0.61279296875,0.740234375,0.30029296875,Mouth open
1713362216.909268,0.6142578125,0.741943359375,0.30419921875,Mouth open
1713362216.944739,0.617431640625,0.740478515625,0.29736328125,Mouth open
1713362216.997607,0.619384765625,0.74267578125,0.296142578125,Mouth open
1713362217.024686,0.6220703125,0.74169921875,0.293701171875,Mouth open
1713362217.072464,0.6162109375,0.739013671875,0.2978515625,Mouth open
1713362217.107724,0.613525390625,0.73486328125,0.301025390625,Mouth open
1713362217.146757,0.614013671875,0.744140625,0.303955078125,Mouth open
1713362217.18338,0.610107421875,0.735595703125,0.29541015625,Mouth open
1713362217.223064,0.6259765625,0.741455078125,0.291259765625,Mouth open
1713362217.265445,0.625,0.739501953125,0.291015625,Mouth open
1713362217.302756,0.62646484375,0.7451171875,0.290771484375,Mouth open
1713362217.343934,0.622314453125,0.7373046875,0.287353515625,Mouth open
1713362217.385809,0.6162109375,0.731689453125,0.292236328125,Mouth open
1713362217.422659,0.61962890625,0.738525390625,0.2978515625,Mouth open
1713362217.464109,0.62109375,0.739501953125,0.299072265625,Mouth open
1713362217.506496,0.617431640625,0.740234375,0.29248046875,Mouth open
1713362217.547712,0.622802734375,0.743408203125,0.298583984375,Mouth open
1713362217.588727,0.61767578125,0.740966796875,0.295654296875,Mouth open
1713362217.624595,0.6142578125,0.737060546875,0.292724609375,Mouth open
1713362217.668199,0.6162109375,0.740234375,0.297119140625,Mouth open
1713362217.709775,0.6181640625,0.7451171875,0.29833984375,Mouth open
1713362217.749956,0.615966796875,0.744384765625,0.296630859375,Mouth open
1713362217.787592,0.61767578125,0.740478515625,0.298095703125,Mouth open
1713362217.827538,0.621826171875,0.741455078125,0.298095703125,Mouth open
1713362217.865072,0.620361328125,0.73779296875,0.29736328125,Mouth open
1713362217.905108,0.62353515625,0.742431640625,0.29736328125,Mouth open
1713362217.945046,0.62158203125,0.73779296875,0.29638671875,Mouth open
1713362217.988458,0.621337890625,0.736572265625,0.29736328125,Mouth open
1713362218.025802,0.616943359375,0.740478515625,0.29931640625,Mouth closed
1713362218.06565,0.620361328125,0.7431640625,0.297607421875,Mouth closed
1713362218.108166,0.616455078125,0.738525390625,0.299072265625,Mouth closed
1713362218.14782,0.6171875,0.73974609375,0.302001953125,Mouth closed
1713362218.187173,0.613037109375,0.74072265625,0.303466796875,Mouth closed
1713362218.226718,0.62060546875,0.7412109375,0.30322265625,Mouth closed
1713362218.268166,0.61279296875,0.73779296875,0.29833984375,Mouth closed
1713362218.307542,0.6259765625,0.741943359375,0.30126953125,Mouth closed
1713362218.34672,0.61669921875,0.7392578125,0.2958984375,Mouth closed
1713362218.385652,0.620849609375,0.73486328125,0.296142578125,Mouth closed
1713362218.426076,0.61865234375,0.740966796875,0.302001953125,Mouth closed
1713362218.464743,0.620361328125,0.74072265625,0.301025390625,Mouth closed
1713362218.505111,0.619384765625,0.741943359375,0.294189453125,Mouth closed
1713362218.548015,0.617431640625,0.7392578125,0.2998046875,Mouth closed
1713362218.58604,0.62060546875,0.7431640625,0.30126953125,Mouth closed
1713362218.625628,0.616455078125,0.739501953125,0.298583984375,Mouth closed
1713362218.667035,0.62060546875,0.740234375,0.3017578125,Mouth closed
1713362218.706894,0.619873046875,0.7392578125,0.302490234375,Mouth closed
1713362218.746776,0.619140625,0.738525390625,0.300048828125,Mouth closed
1713362218.788498,0.615234375,0.73974609375,0.299560546875,Mouth closed
1713362218.832298,0.622314453125,0.74609375,0.30029296875,Mouth closed
1713362218.869584,0.619140625,0.739990234375,0.2958984375,Mouth closed
1713362218.909861,0.62060546875,0.739013671875,0.29541015625,Mouth closed
1713362218.948642,0.615234375,0.74072265625,0.30126953125,Mouth closed
1713362218.988238,0.6181640625,0.739990234375,0.29833984375,Mouth closed
1713362219.027706,0.618896484375,0.7373046875,0.297119140625,Mouth closed
1713362219.080252,0.6181640625,0.740234375,0.299560546875,Mouth closed
1713362219.109139,0.616943359375,0.742919921875,0.296142578125,Mouth closed
1713362219.158217,0.617431640625,0.740966796875,0.296142578125,Mouth closed
1713362219.187082,0.614990234375,0.74267578125,0.2958984375,Mouth closed
1713362219.245855,0.617431640625,0.741943359375,0.300537109375,Mouth closed
1713362219.267641,0.61767578125,0.740234375,0.298095703125,Mouth closed
1713362219.307618,0.617919921875,0.73974609375,0.2939453125,Mouth closed
1713362219.348597,0.619873046875,0.739990234375,0.299072265625,Mouth closed
1713362219.387812,0.617431640625,0.73974609375,0.300537109375,Mouth closed
1713362219.432302,0.615966796875,0.74267578125,0.297119140625,Mouth closed
1713362219.473218,0.619384765625,0.7392578125,0.300048828125,Mouth closed
1713362219.510144,0.62353515625,0.739013671875,0.29638671875,Mouth closed
1713362219.550344,0.625244140625,0.73681640625,0.296142578125,Mouth closed
1713362219.589132,0.617431640625,0.73974609375,0.296630859375,Mouth closed
1713362219.641262,0.620361328125,0.741455078125,0.297119140625,Mouth closed
1713362219.667561,0.61865234375,0.7421875,0.295654296875,Mouth closed
1713362219.708178,0.6171875,0.7353515625,0.296630859375,Mouth closed
1713362219.748393,0.6171875,0.740966796875,0.2998046875,Mouth closed
1713362219.790528,0.6171875,0.740234375,0.303955078125,Mouth closed
1713362219.826791,0.6181640625,0.739501953125,0.298095703125,Mouth closed
1713362219.871683,0.6220703125,0.7412109375,0.298095703125,Mouth closed
1713362219.913906,0.6240234375,0.741943359375,0.30029296875,Mouth closed
1713362219.953399,0.618408203125,0.737548828125,0.295654296875,Mouth closed
1713362219.991977,0.621337890625,0.738525390625,0.29736328125,Mouth closed
1713362220.030405,0.6162109375,0.741943359375,0.302001953125,Mouth closed
1713362220.070301,0.6220703125,0.740234375,0.298828125,Mouth closed
1713362220.10971,0.617431640625,0.74169921875,0.29638671875,Mouth closed
1713362220.149411,0.61865234375,0.740478515625,0.2978515625,Mouth closed
1713362220.189711,0.619384765625,0.736572265625,0.300048828125,Mouth closed
1713362220.22983,0.615478515625,0.73779296875,0.30224609375,Mouth closed
1713362220.270621,0.619873046875,0.73876953125,0.30126953125,Mouth closed
1713362220.310158,0.62109375,0.73681640625,0.299560546875,Mouth closed
1713362220.348917,0.618896484375,0.73681640625,0.297119140625,Mouth closed
1713362220.392841,0.61962890625,0.738037109375,0.298583984375,Mouth closed
1713362220.428869,0.620849609375,0.743408203125,0.297607421875,Mouth closed
1713362220.481467,0.62109375,0.73779296875,0.294677734375,Mouth closed
1713362220.509908,0.6181640625,0.737548828125,0.298583984375,Mouth closed
1713362220.559747,0.615478515625,0.73876953125,0.30078125,Mouth closed
1713362220.590403,0.6181640625,0.740234375,0.302490234375,Mouth closed
1713362220.643634,0.62060546875,0.738037109375,0.304931640625,Mouth closed
1713362220.670698,0.616943359375,0.73486328125,0.299072265625,Mouth closed
1713362220.719615,0.626953125,0.74169921875,0.302734375,Mouth closed
1713362220.756317,0.608154296875,0.734130859375,0.306640625,Mouth closed
1713362220.794048,0.62255859375,0.7333984375,0.291259765625,Mouth closed
1713362220.831775,0.6181640625,0.73876953125,0.302490234375,Mouth closed
1713362220.871738,0.62158203125,0.739013671875,0.298583984375,Mouth closed
1713362220.911654,0.622314453125,0.7421875,0.30419921875,Mouth closed
1713362220.954416,0.620361328125,0.736083984375,0.287841796875,Mouth closed
1713362220.99138,0.622802734375,0.740478515625,0.2978515625,Mouth closed
1713362221.029598,0.61865234375,0.73974609375,0.298583984375,Mouth closed
1713362221.069853,0.61669921875,0.7431640625,0.302734375,Mouth closed
1713362221.110917,0.615966796875,0.739990234375,0.30224609375,Mouth closed
1713362221.153864,0.62060546875,0.738525390625,0.30078125,Mouth closed
1713362221.193008,0.62158203125,0.736083984375,0.294921875,Mouth closed
1713362221.242497,0.616943359375,0.74267578125,0.296630859375,Mouth closed
1713362221.270677,0.62158203125,0.744873046875,0.29345703125,Mouth closed
1713362221.316945,0.6181640625,0.740234375,0.293212890625,Mouth closed
1713362221.353747,0.61669921875,0.73779296875,0.29296875,Mouth closed
1713362221.391725,0.615966796875,0.742431640625,0.2958984375,Mouth closed
1713362221.432129,0.621337890625,0.7412109375,0.29736328125,Mouth closed
1713362221.471618,0.6162109375,0.739013671875,0.29248046875,Mouth closed
1713362221.512761,0.620849609375,0.7412109375,0.298583984375,Mouth closed
1713362221.554006,0.616943359375,0.740234375,0.297119140625,Mouth closed
1713362221.592582,0.61669921875,0.736328125,0.29541015625,Mouth closed
1713362221.632703,0.616943359375,0.739013671875,0.29931640625,Mouth closed
1713362221.676309,0.615966796875,0.7421875,0.30126953125,Mouth closed
1713362221.712853,0.616943359375,0.740234375,0.29345703125,Mouth closed
1713362221.758838,0.617919921875,0.74267578125,0.29541015625,Mouth closed
1713362221.791754,0.61669921875,0.738525390625,0.296875,Mouth closed
1713362221.84636,0.61669921875,0.740966796875,0.296875,Mouth closed
1713362221.874291,0.61669921875,0.74267578125,0.29833984375,Mouth closed
1713362221.912914,0.615966796875,0.74169921875,0.297607421875,Mouth closed
1713362221.953713,0.62060546875,0.739013671875,0.296142578125,Mouth closed
1713362222.002291,0.6220703125,0.739501953125,0.2939453125,Mouth closed
1713362222.038414,0.621826171875,0.7392578125,0.295166015625,Mouth closed
1713362222.076316,0.614990234375,0.744384765625,0.2978515625,Mouth closed
1713362222.114771,0.617919921875,0.743408203125,0.295654296875,Mouth closed
1713362222.15377,0.616455078125,0.739990234375,0.295654296875,Mouth closed
1713362222.195024,0.615966796875,0.738525390625,0.298583984375,Mouth closed
1713362222.236977,0.613525390625,0.742431640625,0.30126953125,Mouth closed
1713362222.276604,0.618408203125,0.739990234375,0.297119140625,Mouth closed
1713362222.315081,0.618408203125,0.7412109375,0.295654296875,Mouth closed
1713362222.353612,0.618896484375,0.74267578125,0.296875,Mouth closed
1713362222.396008,0.61865234375,0.741455078125,0.294921875,Mouth closed
1713362222.435046,0.619873046875,0.741455078125,0.293212890625,Mouth closed
1713362222.47251,0.615234375,0.743896484375,0.297607421875,Mouth closed
1713362222.517008,0.616943359375,0.742919921875,0.298583984375,Mouth closed
1713362222.560008,0.613525390625,0.74267578125,0.294921875,Mouth closed
1713362222.599455,0.617431640625,0.742919921875,0.296142578125,Mouth closed
1713362222.634553,0.620849609375,0.741455078125,0.296142578125,Mouth closed
1713362222.674646,0.615478515625,0.739501953125,0.30029296875,Mouth closed
1713362222.716576,0.6162109375,0.741455078125,0.30029296875,Mouth closed
1713362222.759513,0.61767578125,0.740478515625,0.30126953125,Mouth closed
1713362222.795763,0.616943359375,0.738037109375,0.2998046875,Mouth closed
1713362222.839346,0.619384765625,0.737548828125,0.293701171875,Mouth closed
1713362222.877553,0.617431640625,0.738525390625,0.290771484375,Mouth closed
1713362222.915571,0.61767578125,0.74267578125,0.295654296875,Mouth closed
1713362222.95985,0.616455078125,0.746826171875,0.298583984375,Mouth closed
1713362222.995559,0.61962890625,0.741455078125,0.294921875,Mouth closed
1713362223.034359,0.614013671875,0.73876953125,0.29296875,Mouth closed
1713362223.082051,0.61865234375,0.736572265625,0.299072265625,Mouth closed
1713362223.11896,0.61376953125,0.74267578125,0.3037109375,Mouth closed
1713362223.15624,0.619140625,0.739013671875,0.30029296875,Mouth closed
1713362223.203698,0.61328125,0.7412109375,0.297119140625,Mouth closed
1713362223.234692,0.618408203125,0.741943359375,0.302490234375,Mouth closed
1713362223.282683,0.618408203125,0.740234375,0.296142578125,Mouth closed
1713362223.319536,0.620361328125,0.7392578125,0.291015625,Mouth closed
1713362223.357299,0.61328125,0.74267578125,0.298828125,Mouth closed
1713362223.397391,0.61572265625,0.74658203125,0.299560546875,Mouth closed
1713362223.437298,0.617919921875,0.738525390625,0.2978515625,Mouth closed
1713362223.476806,0.616455078125,0.740234375,0.295654296875,Mouth closed
1713362223.516784,0.61572265625,0.739990234375,0.299072265625,Mouth closed
1713362223.556579,0.615966796875,0.736083984375,0.299072265625,Mouth closed
1713362223.600772,0.615966796875,0.740234375,0.303955078125,Mouth closed
1713362223.635507,0.617431640625,0.73779296875,0.302978515625,Mouth closed
1713362223.675332,0.611328125,0.738525390625,0.30322265625,Mouth closed
1713362223.71492,0.61572265625,0.73779296875,0.296875,Mouth closed
1713362223.753589,0.615966796875,0.740234375,0.29736328125,Mouth closed
1713362223.797688,0.62060546875,0.743896484375,0.30224609375,Mouth closed
1713362223.835278,0.61669921875,0.7431640625,0.2978515625,Mouth closed
1713362223.887302,0.61572265625,0.737548828125,0.29541015625,Mouth closed
1713362223.914663,0.617431640625,0.7353515625,0.301513671875,Mouth closed
1713362223.957965,0.61474609375,0.739990234375,0.3046875,Mouth closed
1713362224.002018,0.618896484375,0.7412109375,0.299560546875,Mouth closed
1713362224.040244,0.615234375,0.741943359375,0.2998046875,Mouth closed
1713362224.077976,0.619873046875,0.7421875,0.299560546875,Mouth closed
1713362224.116378,0.6123046875,0.738525390625,0.296875,Mouth closed
1713362224.156668,0.61572265625,0.740234375,0.299072265625,Mouth closed
1713362224.197214,0.611328125,0.744384765625,0.303955078125,Mouth closed
1713362224.23554,0.6162109375,0.739501953125,0.300048828125,Mouth closed
1713362224.277509,0.6162109375,0.74169921875,0.299560546875,Mouth closed
1713362224.315695,0.616943359375,0.739990234375,0.30078125,Mouth closed
1713362224.360251,0.6162109375,0.7431640625,0.29931640625,Mouth closed
1713362224.39479,0.616455078125,0.741455078125,0.301025390625,Mouth closed
1713362224.437832,0.61767578125,0.740478515625,0.302734375,Mouth closed
1713362224.475709,0.619140625,0.74072265625,0.302001953125,Mouth closed
1713362224.517232,0.621337890625,0.736083984375,0.298095703125,Mouth closed
1713362224.555558,0.61962890625,0.73974609375,0.29931640625,Mouth closed
1713362224.598613,0.615234375,0.743408203125,0.300048828125,Mouth closed
1713362224.636882,0.614990234375,0.743408203125,0.30126953125,Mouth closed
1713362224.67667,0.6123046875,0.738525390625,0.299072265625,Mouth closed
1713362224.72523,0.61572265625,0.739990234375,0.300537109375,Mouth closed
1713362224.761401,0.6162109375,0.740478515625,0.3037109375,Mouth closed
1713362224.799004,0.6171875,0.739013671875,0.300048828125,Mouth closed
1713362224.83775,0.61474609375,0.7392578125,0.298583984375,Mouth closed
1713362224.876653,0.6181640625,0.74462890625,0.301513671875,Mouth closed
1713362224.916522,0.617431640625,0.7412109375,0.297119140625,Mouth closed
1713362224.95602,0.61767578125,0.73828125,0.295654296875,Mouth closed
1713362224.994611,0.6123046875,0.73974609375,0.30029296875,Mouth closed
1713362225.035489,0.61376953125,0.7431640625,0.301513671875,Mouth closed
1713362225.075367,0.615234375,0.74072265625,0.298583984375,Mouth closed
1713362225.114662,0.61962890625,0.73974609375,0.298583984375,Mouth closed
1713362225.160761,0.6162109375,0.73974609375,0.3017578125,Mouth closed
1713362225.195476,0.613525390625,0.740966796875,0.301025390625,Mouth closed
1713362225.239039,0.61474609375,0.73779296875,0.30322265625,Mouth closed
1713362225.276999,0.613525390625,0.7421875,0.304931640625,Mouth closed
1713362225.329364,0.6162109375,0.7412109375,0.302001953125,Mouth closed
1713362225.356565,0.61865234375,0.741455078125,0.298583984375,Mouth closed
1713362225.403569,0.617919921875,0.741943359375,0.299072265625,Mouth closed
1713362225.44082,0.614013671875,0.744384765625,0.30029296875,Mouth closed
1713362225.479167,0.612548828125,0.74169921875,0.298583984375,Mouth closed
1713362225.51752,0.61328125,0.737548828125,0.297119140625,Mouth closed
1713362225.555547,0.614990234375,0.738037109375,0.30126953125,Mouth closed
1713362225.595629,0.612548828125,0.74462890625,0.303955078125,Mouth closed
1713362225.633477,0.614501953125,0.73876953125,0.299072265625,Mouth closed
1713362225.675907,0.6123046875,0.741455078125,0.299072265625,Mouth closed
1713362225.715441,0.618896484375,0.7431640625,0.3017578125,Mouth closed
1713362225.754852,0.617919921875,0.743408203125,0.298583984375,Mouth closed
1713362225.795498,0.61767578125,0.7412109375,0.297119140625,Mouth closed
1713362225.835477,0.613525390625,0.73876953125,0.29833984375,Mouth closed
1713362225.875852,0.6123046875,0.74169921875,0.302734375,Mouth closed
1713362225.916453,0.614990234375,0.7392578125,0.30029296875,Mouth closed
1713362225.955456,0.614501953125,0.73828125,0.29931640625,Mouth closed
1713362225.99842,0.614990234375,0.7412109375,0.302978515625,Mouth closed
1713362226.037405,0.614501953125,0.740966796875,0.3037109375,Mouth closed
1713362226.081414,0.614501953125,0.7421875,0.3076171875,Mouth closed
1713362226.124743,0.61474609375,0.739013671875,0.301513671875,Mouth closed
1713362226.164114,0.61767578125,0.739990234375,0.303466796875,Mouth closed
1713362226.202794,0.62109375,0.736572265625,0.302001953125,Mouth closed
1713362226.241138,0.619873046875,0.7373046875,0.29931640625,Mouth closed
1713362226.278017,0.611572265625,0.742431640625,0.30029296875,Mouth closed
1713362226.315837,0.615234375,0.744873046875,0.3017578125,Mouth closed
1713362226.357279,0.61328125,0.73779296875,0.299072265625,Mouth closed
1713362226.396162,0.61572265625,0.741455078125,0.30224609375,Mouth closed
1713362226.435603,0.616943359375,0.744873046875,0.302001953125,Mouth closed
1713362226.477934,0.61669921875,0.742431640625,0.2998046875,Mouth closed
1713362226.516915,0.61376953125,0.740966796875,0.299072265625,Mouth closed
1713362226.557756,0.617431640625,0.741943359375,0.30078125,Mouth closed
1713362226.602171,0.618896484375,0.7412109375,0.296875,Mouth closed
1713362226.63799,0.618408203125,0.740234375,0.2958984375,Mouth closed
1713362226.677375,0.616455078125,0.741455078125,0.299560546875,Mouth closed
1713362226.717956,0.614013671875,0.741943359375,0.303466796875,Mouth closed
1713362226.765031,0.61376953125,0.741943359375,0.300048828125,Mouth closed
1713362226.802081,0.616943359375,0.7412109375,0.299560546875,Mouth closed
1713362226.841814,0.61572265625,0.740966796875,0.302978515625,Mouth closed
1713362226.878558,0.615478515625,0.742431640625,0.30419921875,Mouth closed
1713362226.923108,0.615478515625,0.739013671875,0.3046875,Mouth closed
1713362226.962696,0.615234375,0.739990234375,0.304931640625,Mouth closed
1713362227.001009,0.620361328125,0.738037109375,0.302978515625,Mouth closed
1713362227.038721,0.6201171875,0.735595703125,0.301025390625,Mouth closed
1713362227.077502,0.6123046875,0.741943359375,0.300048828125,Mouth closed
1713362227.117803,0.617431640625,0.744873046875,0.30126953125,Mouth closed
1713362227.157482,0.613037109375,0.739013671875,0.29833984375,Mouth closed
1713362227.197582,0.61572265625,0.737548828125,0.30322265625,Mouth closed
1713362227.238599,0.614501953125,0.739501953125,0.303955078125,Mouth closed
1713362227.278816,0.616455078125,0.73681640625,0.304931640625,Mouth closed
1713362227.318763,0.611083984375,0.73779296875,0.300048828125,Mouth closed
1713362227.361411,0.61572265625,0.741455078125,0.303466796875,Mouth closed
1713362227.400579,0.616943359375,0.740966796875,0.30126953125,Mouth closed
1713362227.438926,0.6171875,0.74072265625,0.297607421875,Mouth closed
1713362227.485259,0.61376953125,0.7421875,0.302001953125,Mouth closed
1713362227.518267,0.610595703125,0.74609375,0.304931640625,Mouth closed
1713362227.561813,0.61767578125,0.743896484375,0.30126953125,Mouth closed
1713362227.599863,0.617919921875,0.740234375,0.298828125,Mouth closed
1713362227.6379,0.614990234375,0.741943359375,0.303466796875,Mouth closed
1713362227.678933,0.614990234375,0.739013671875,0.302001953125,Mouth closed
1713362227.717945,0.616455078125,0.741455078125,0.302734375,Mouth closed
1713362227.758824,0.6142578125,0.744140625,0.304443359375,Mouth closed
1713362227.799278,0.614501953125,0.740234375,0.302978515625,Mouth closed
1713362227.841677,0.61669921875,0.737060546875,0.298828125,Mouth closed
1713362227.879502,0.6171875,0.73876953125,0.29736328125,Mouth closed
1713362227.919714,0.6142578125,0.741943359375,0.30078125,Mouth closed
1713362227.960711,0.6171875,0.744873046875,0.30419921875,Mouth closed
1713362228.001908,0.610595703125,0.737548828125,0.301513671875,Mouth closed
1713362228.04008,0.614013671875,0.739990234375,0.301025390625,Mouth closed
1713362228.079612,0.613525390625,0.74169921875,0.303466796875,Mouth closed
1713362228.12493,0.61572265625,0.740478515625,0.3046875,Mouth closed
1713362228.158592,0.6162109375,0.73828125,0.300048828125,Mouth closed
1713362228.197412,0.61376953125,0.73974609375,0.30322265625,Mouth closed
1713362228.238808,0.620849609375,0.74365234375,0.302001953125,Mouth closed
1713362228.276788,0.6162109375,0.740478515625,0.298095703125,Mouth closed
1713362228.321641,0.61328125,0.738037109375,0.301025390625,Mouth closed
1713362228.357396,0.61181640625,0.7421875,0.305908203125,Mouth closed
1713362228.402408,0.6142578125,0.74072265625,0.3017578125,Mouth closed
1713362228.439218,0.615478515625,0.73876953125,0.299560546875,Mouth closed
1713362228.481472,0.6171875,0.7431640625,0.302734375,Mouth closed
1713362228.518548,0.616455078125,0.741943359375,0.30322265625,Mouth closed
1713362228.558455,0.61376953125,0.7412109375,0.305419921875,Mouth closed
1713362228.598688,0.613037109375,0.7421875,0.3046875,Mouth closed
1713362228.640195,0.6162109375,0.74072265625,0.30419921875,Mouth closed
1713362228.679554,0.61669921875,0.73974609375,0.29736328125,Mouth closed
1713362228.719414,0.615966796875,0.73876953125,0.29736328125,Mouth closed
1713362228.765003,0.615234375,0.74169921875,0.296875,Mouth closed
1713362228.801617,0.615478515625,0.74072265625,0.300537109375,Mouth closed
1713362228.842367,0.615966796875,0.7421875,0.300048828125,Mouth closed
1713362228.879387,0.614990234375,0.74267578125,0.298095703125,Mouth closed
1713362228.918837,0.61474609375,0.740478515625,0.300537109375,Mouth closed
1713362228.958005,0.615234375,0.74365234375,0.30517578125,Mouth closed
1713362229.011964,0.615966796875,0.743408203125,0.304931640625,Mouth closed
1713362229.039012,0.6181640625,0.73681640625,0.299560546875,Mouth closed
1713362229.086899,0.614013671875,0.741943359375,0.30322265625,Mouth closed
1713362229.119449,0.61767578125,0.744140625,0.302490234375,Mouth closed
1713362229.169082,0.616455078125,0.7392578125,0.295654296875,Mouth closed
1713362229.20771,0.61572265625,0.73974609375,0.29931640625,Mouth closed
1713362229.248018,0.614501953125,0.74267578125,0.30615234375,Mouth closed
1713362229.287366,0.617431640625,0.74072265625,0.299560546875,Mouth closed
1713362229.326839,0.616455078125,0.737060546875,0.301513671875,Mouth closed
1713362229.364951,0.61279296875,0.738525390625,0.3037109375,Mouth closed
1713362229.403563,0.614013671875,0.740478515625,0.305908203125,Mouth closed
1713362229.439878,0.613525390625,0.739013671875,0.30615234375,Mouth closed
1713362229.492206,0.612060546875,0.742919921875,0.30712890625,Mouth closed
1713362229.51752,0.6142578125,0.739501953125,0.305419921875,Mouth closed
1713362229.570293,0.617431640625,0.740478515625,0.302490234375,Mouth closed
1713362229.598481,0.61767578125,0.73828125,0.301025390625,Mouth closed
1713362229.648009,0.619384765625,0.741943359375,0.29931640625,Mouth closed
1713362229.685496,0.61474609375,0.7431640625,0.30029296875,Mouth closed
1713362229.725198,0.619384765625,0.743896484375,0.298828125,Mouth closed
1713362229.76292,0.61328125,0.738525390625,0.296875,Mouth closed
1713362229.802203,0.61376953125,0.737060546875,0.3017578125,Mouth closed
1713362229.840578,0.615234375,0.741943359375,0.30419921875,Mouth closed
1713362229.881416,0.61572265625,0.73828125,0.302978515625,Mouth closed
1713362229.921245,0.611328125,0.740478515625,0.300537109375,Mouth closed
1713362229.96089,0.618896484375,0.7451171875,0.303955078125,Mouth closed
1713362230.002367,0.61474609375,0.7392578125,0.29931640625,Mouth closed
1713362230.044764,0.618896484375,0.73828125,0.299560546875,Mouth closed
1713362230.081458,0.61474609375,0.74072265625,0.30419921875,Mouth closed
1713362230.120635,0.61474609375,0.7451171875,0.303466796875,Mouth closed
1713362230.158441,0.618896484375,0.7412109375,0.298583984375,Mouth closed
1713362230.199498,0.61669921875,0.7412109375,0.30029296875,Mouth closed
1713362230.243913,0.6171875,0.739501953125,0.302490234375,Mouth closed
1713362230.279621,0.6142578125,0.74072265625,0.302734375,Mouth closed
1713362230.33313,0.61279296875,0.73876953125,0.303955078125,Mouth closed
1713362230.360566,0.6142578125,0.738037109375,0.30419921875,Mouth closed
1713362230.400375,0.6162109375,0.739013671875,0.300537109375,Mouth closed
1713362230.444597,0.616943359375,0.73779296875,0.29736328125,Mouth closed
1713362230.483326,0.61474609375,0.739990234375,0.299072265625,Mouth closed
1713362230.523957,0.61962890625,0.742919921875,0.30029296875,Mouth closed
1713362230.563143,0.615234375,0.739013671875,0.29931640625,Mouth closed
1713362230.602419,0.61474609375,0.74169921875,0.301025390625,Mouth closed
1713362230.651269,0.615966796875,0.7421875,0.305419921875,Mouth closed
1713362230.682935,0.615234375,0.739990234375,0.301513671875,Mouth closed
1713362230.72324,0.6142578125,0.740234375,0.30126953125,Mouth closed
1713362230.762654,0.61865234375,0.740478515625,0.302734375,Mouth closed
1713362230.800546,0.6171875,0.742431640625,0.30078125,Mouth closed
1713362230.839547,0.615966796875,0.73779296875,0.298095703125,Mouth closed
1713362230.88156,0.6123046875,0.737548828125,0.300048828125,Mouth closed
1713362230.921137,0.613037109375,0.744384765625,0.304931640625,Mouth closed
1713362230.96482,0.616455078125,0.74609375,0.2998046875,Mouth closed
1713362231.00392,0.617919921875,0.742431640625,0.301513671875,Mouth closed
1713362231.044619,0.619384765625,0.744873046875,0.301025390625,Mouth closed
1713362231.087134,0.61376953125,0.7412109375,0.30224609375,Mouth closed
1713362231.122362,0.6123046875,0.740478515625,0.30322265625,Mouth closed
1713362231.168522,0.61474609375,0.73779296875,0.300537109375,Mouth closed
1713362231.206017,0.612060546875,0.740966796875,0.30078125,Mouth closed
1713362231.243814,0.613525390625,0.738525390625,0.2998046875,Mouth closed
1713362231.282599,0.611328125,0.7412109375,0.29833984375,Mouth closed
1713362231.323569,0.614990234375,0.74609375,0.302001953125,Mouth closed
1713362231.365105,0.61181640625,0.740478515625,0.298828125,Mouth closed
1713362231.403537,0.616455078125,0.73828125,0.300048828125,Mouth closed
1713362231.442555,0.61572265625,0.740478515625,0.30224609375,Mouth closed
1713362231.481189,0.614501953125,0.743408203125,0.304931640625,Mouth closed
1713362231.521613,0.617431640625,0.743408203125,0.30322265625,Mouth closed
1713362231.565032,0.614990234375,0.740234375,0.302490234375,Mouth closed
1713362231.603123,0.62060546875,0.744873046875,0.30029296875,Mouth closed
1713362231.642773,0.614501953125,0.7421875,0.297607421875,Mouth closed
1713362231.686447,0.6142578125,0.7421875,0.2998046875,Mouth closed
1713362231.729875,0.607177734375,0.74267578125,0.303466796875,Mouth closed
1713362231.767994,0.612548828125,0.74365234375,0.30517578125,Mouth closed
1713362231.804987,0.614013671875,0.742431640625,0.30078125,Mouth closed
1713362231.844434,0.61669921875,0.740966796875,0.300537109375,Mouth closed
1713362231.884411,0.6171875,0.739990234375,0.2998046875,Mouth closed
1713362231.925039,0.615234375,0.740234375,0.2998046875,Mouth closed
1713362231.964584,0.612548828125,0.7392578125,0.2998046875,Mouth closed
1713362232.006329,0.6142578125,0.739990234375,0.300048828125,Mouth closed
1713362232.043512,0.616455078125,0.741455078125,0.2978515625,Mouth closed
1713362232.087225,0.6181640625,0.739013671875,0.29443359375,Mouth closed
1713362232.122488,0.61279296875,0.743408203125,0.29931640625,Mouth closed
1713362232.162931,0.619873046875,0.749267578125,0.30078125,Mouth closed
1713362232.202448,0.614990234375,0.742431640625,0.296142578125,Mouth closed
1713362232.243279,0.61181640625,0.740478515625,0.2998046875,Mouth closed
1713362232.287681,0.61328125,0.741455078125,0.3037109375,Mouth closed
1713362232.323337,0.612548828125,0.742919921875,0.30419921875,Mouth closed
1713362232.368183,0.6142578125,0.74267578125,0.298583984375,Mouth closed
1713362232.40436,0.6162109375,0.744873046875,0.302001953125,Mouth closed
1713362232.450354,0.61767578125,0.743408203125,0.300048828125,Mouth closed
1713362232.487275,0.615478515625,0.739990234375,0.298828125,Mouth closed
1713362232.525154,0.612548828125,0.7373046875,0.29931640625,Mouth closed
1713362232.564819,0.610107421875,0.7421875,0.3037109375,Mouth closed
1713362232.604433,0.615478515625,0.740966796875,0.2998046875,Mouth closed
1713362232.645579,0.617431640625,0.740478515625,0.297607421875,Mouth closed
1713362232.684379,0.615478515625,0.740478515625,0.2998046875,Mouth closed
1713362232.725523,0.61669921875,0.737548828125,0.304931640625,Mouth closed
1713362232.763638,0.61376953125,0.742919921875,0.308837890625,Mouth closed
1713362232.801436,0.61572265625,0.74169921875,0.307861328125,Mouth closed
1713362232.844199,0.615478515625,0.7392578125,0.302734375,Mouth closed
1713362232.882767,0.61279296875,0.736572265625,0.300537109375,Mouth closed
1713362232.923929,0.61669921875,0.737548828125,0.299560546875,Mouth closed
1713362232.972314,0.61572265625,0.74365234375,0.30126953125,Mouth closed
1713362233.008156,0.6162109375,0.740234375,0.29833984375,Mouth open
1713362233.046362,0.612548828125,0.73583984375,0.300537109375,Mouth open
1713362233.083672,0.61474609375,0.743896484375,0.308837890625,Mouth open
1713362233.125355,0.61669921875,0.7470703125,0.305908203125,Mouth open
1713362233.169213,0.6171875,0.740478515625,0.306396484375,Mouth open
1713362233.206761,0.614990234375,0.738525390625,0.30224609375,Mouth open
1713362233.244877,0.619384765625,0.7451171875,0.30078125,Mouth open
1713362233.286006,0.615966796875,0.737548828125,0.296875,Mouth open
1713362233.324345,0.6162109375,0.735595703125,0.299072265625,Mouth open
1713362233.366754,0.60888671875,0.741943359375,0.30419921875,Mouth open
1713362233.403374,0.614990234375,0.742431640625,0.30419921875,Mouth open
1713362233.443589,0.61279296875,0.7421875,0.302734375,Mouth open
1713362233.48242,0.61376953125,0.742919921875,0.3017578125,Mouth open
1713362233.523779,0.617431640625,0.74267578125,0.302978515625,Mouth open
1713362233.566863,0.61572265625,0.7392578125,0.3046875,Mouth open
1713362233.60693,0.616455078125,0.73828125,0.302734375,Mouth open
1713362233.658255,0.61181640625,0.735107421875,0.3017578125,Mouth open
1713362233.684768,0.616455078125,0.738525390625,0.30078125,Mouth open
1713362233.731404,0.613525390625,0.744140625,0.3017578125,Mouth open
1713362233.765585,0.6162109375,0.744384765625,0.299072265625,Mouth open
1713362233.808214,0.609619140625,0.741455078125,0.30029296875,Mouth open
1713362233.850612,0.61328125,0.740478515625,0.30126953125,Mouth open
1713362233.889934,0.612548828125,0.739501953125,0.306396484375,Mouth open
1713362233.925609,0.615966796875,0.740234375,0.30322265625,Mouth open
1713362233.967381,0.61083984375,0.740966796875,0.30078125,Mouth open
1713362234.005738,0.614013671875,0.744873046875,0.303955078125,Mouth open
1713362234.045316,0.614013671875,0.739501953125,0.302001953125,Mouth open
1713362234.084724,0.614501953125,0.738525390625,0.302490234375,Mouth open
1713362234.124514,0.614013671875,0.740478515625,0.307861328125,Mouth open
1713362234.16617,0.6142578125,0.7451171875,0.303955078125,Mouth open
1713362234.205157,0.617919921875,0.7431640625,0.30224609375,Mouth open
1713362234.249334,0.615234375,0.739013671875,0.301025390625,Mouth open
1713362234.286594,0.61669921875,0.7431640625,0.301513671875,Mouth open
1713362234.325316,0.6142578125,0.740966796875,0.30224609375,Mouth open
1713362234.365731,0.61083984375,0.740234375,0.302734375,Mouth open
1713362234.413886,0.61474609375,0.7412109375,0.304443359375,Mouth open
1713362234.446305,0.615478515625,0.73974609375,0.301513671875,Mouth open
1713362234.499076,0.61083984375,0.73779296875,0.29931640625,Mouth open
1713362234.533942,0.611572265625,0.744873046875,0.302978515625,Mouth open
1713362234.570599,0.614990234375,0.744384765625,0.302978515625,Mouth open
1713362234.610218,0.6123046875,0.742919921875,0.30029296875,Mouth open
1713362234.648082,0.6123046875,0.74072265625,0.299072265625,Mouth open
1713362234.686388,0.6123046875,0.741943359375,0.3046875,Mouth open
1713362234.726629,0.612548828125,0.745849609375,0.303955078125,Mouth open
1713362234.765705,0.6171875,0.741455078125,0.3046875,Mouth open
1713362234.808754,0.61474609375,0.740234375,0.301025390625,Mouth open
1713362234.846753,0.615478515625,0.7431640625,0.2998046875,Mouth open
1713362234.886672,0.617919921875,0.73974609375,0.29638671875,Mouth open
1713362234.932318,0.614990234375,0.739990234375,0.29736328125,Mouth open
1713362234.967463,0.612060546875,0.7421875,0.30029296875,Mouth open
1713362235.006274,0.61376953125,0.74609375,0.302978515625,Mouth open
1713362235.047336,0.6123046875,0.74462890625,0.3017578125,Mouth open
1713362235.087695,0.6123046875,0.741943359375,0.30224609375,Mouth open
1713362235.13166,0.6142578125,0.738037109375,0.301513671875,Mouth open
1713362235.169469,0.611572265625,0.739990234375,0.30126953125,Mouth open
1713362235.207287,0.61474609375,0.739013671875,0.302001953125,Mouth open
1713362235.249195,0.614990234375,0.742431640625,0.302734375,Mouth open
1713362235.288054,0.61376953125,0.740478515625,0.303466796875,Mouth open
1713362235.326915,0.6181640625,0.742431640625,0.30029296875,Mouth open
1713362235.368107,0.62109375,0.74169921875,0.301025390625,Mouth open
1713362235.406181,0.615966796875,0.74072265625,0.2998046875,Mouth open
1713362235.445315,0.61328125,0.740966796875,0.302978515625,Mouth open
1713362235.486858,0.615478515625,0.7470703125,0.3017578125,Mouth open
1713362235.53193,0.61181640625,0.739990234375,0.301513671875,Mouth open
1713362235.56825,0.61083984375,0.743896484375,0.30322265625,Mouth open
1713362235.620649,0.61181640625,0.744140625,0.305419921875,Mouth open
1713362235.647667,0.6103515625,0.74072265625,0.30322265625,Mouth open
1713362235.696155,0.607177734375,0.740478515625,0.302978515625,Mouth open
1713362235.728121,0.614990234375,0.743896484375,0.303955078125,Mouth open
1713362235.78151,0.61474609375,0.74169921875,0.2998046875,Mouth open
1713362235.808788,0.616455078125,0.740234375,0.296630859375,Mouth open
1713362235.857158,0.61474609375,0.742919921875,0.299072265625,Mouth open
1713362235.894697,0.611083984375,0.742431640625,0.30078125,Mouth open
1713362235.930836,0.613037109375,0.74072265625,0.301025390625,Mouth open
1713362235.968627,0.614013671875,0.740966796875,0.30078125,Mouth open
1713362236.007778,0.615234375,0.740966796875,0.30322265625,Mouth open
1713362236.046408,0.612548828125,0.743896484375,0.30419921875,Mouth open
1713362236.086321,0.6123046875,0.74365234375,0.302001953125,Mouth open
1713362236.127642,0.609619140625,0.742919921875,0.304931640625,Mouth open
1713362236.168314,0.61669921875,0.738525390625,0.3125,Mouth open
1713362236.207387,0.638427734375,0.744873046875,0.291748046875,Mouth open
1713362236.248373,0.612548828125,0.746337890625,0.3037109375,Mouth open
1713362236.291179,0.61767578125,0.74169921875,0.3037109375,Mouth open
1713362236.328139,0.612060546875,0.742919921875,0.306396484375,Mouth open
1713362236.37749,0.61572265625,0.750244140625,0.3125,Mouth open
1713362236.408393,0.619873046875,0.742919921875,0.296142578125,Mouth open
1713362236.455893,0.61767578125,0.737060546875,0.296630859375,Mouth open
1713362236.492449,0.618408203125,0.736328125,0.2958984375,Mouth open
1713362236.5314,0.624267578125,0.738037109375,0.288818359375,Mouth open
1713362236.570677,0.619384765625,0.736083984375,0.2783203125,Mouth open
1713362236.613521,0.626220703125,0.7431640625,0.290771484375,Mouth open
1713362236.648582,0.623291015625,0.74169921875,0.284912109375,Mouth open
1713362236.688641,0.6240234375,0.73828125,0.284912109375,Mouth open
1713362236.729111,0.618896484375,0.739501953125,0.28564453125,Mouth open
1713362236.767252,0.62255859375,0.7431640625,0.292236328125,Mouth open
1713362236.808482,0.623046875,0.73828125,0.2841796875,Mouth open
1713362236.849028,0.6181640625,0.73828125,0.2861328125,Mouth open
1713362236.89361,0.61962890625,0.74072265625,0.29150390625,Mouth open
1713362236.930487,0.62158203125,0.73974609375,0.292236328125,Mouth open
1713362236.985956,0.619384765625,0.73974609375,0.293212890625,Mouth open
1713362237.01018,0.6201171875,0.741943359375,0.298583984375,Mouth open
1713362237.052517,0.622314453125,0.740234375,0.293212890625,Mouth open
1713362237.08969,0.625732421875,0.740966796875,0.293212890625,Mouth open
1713362237.135904,0.621337890625,0.736572265625,0.28955078125,Mouth open
1713362237.170257,0.615478515625,0.73974609375,0.29150390625,Mouth open
1713362237.212253,0.6240234375,0.741943359375,0.29248046875,Mouth open
1713362237.252272,0.618408203125,0.73876953125,0.29052734375,Mouth open
1713362237.290302,0.623046875,0.7412109375,0.2939453125,Mouth open
1713362237.329366,0.619873046875,0.739990234375,0.294921875,Mouth open
1713362237.369524,0.62109375,0.740478515625,0.297119140625,Mouth open
1713362237.408436,0.61865234375,0.73681640625,0.290283203125,Mouth open
1713362237.451168,0.623046875,0.742919921875,0.294189453125,Mouth open
1713362237.489275,0.61962890625,0.744140625,0.29296875,Mouth open
1713362237.530071,0.62109375,0.73583984375,0.292724609375,Mouth open
1713362237.570249,0.62060546875,0.7353515625,0.289794921875,Mouth open
1713362237.610356,0.6181640625,0.741455078125,0.296875,Mouth open
1713362237.653813,0.620849609375,0.7373046875,0.294189453125,Mouth open
1713362237.691239,0.622314453125,0.740478515625,0.2958984375,Mouth open
1713362237.731792,0.6201171875,0.739990234375,0.293701171875,Mouth open
1713362237.771259,0.618408203125,0.739990234375,0.296875,Mouth open
1713362237.811438,0.618896484375,0.7412109375,0.30029296875,Mouth open
1713362237.851535,0.614501953125,0.736328125,0.29931640625,Mouth open
1713362237.900758,0.622802734375,0.739501953125,0.2958984375,Mouth open
1713362237.938348,0.62353515625,0.739501953125,0.291748046875,Mouth open
1713362237.972047,0.620361328125,0.74169921875,0.293212890625,Mouth open
1713362238.017352,0.615966796875,0.740478515625,0.295166015625,Mouth open
1713362238.056966,0.623046875,0.74267578125,0.292724609375,Mouth open
1713362238.094226,0.6201171875,0.739013671875,0.29443359375,Mouth open
1713362238.133007,0.6220703125,0.735107421875,0.296875,Mouth open
1713362238.171229,0.61474609375,0.73828125,0.2978515625,Mouth open
1713362238.213462,0.619384765625,0.73779296875,0.3037109375,Mouth open
1713362238.252311,0.613525390625,0.736572265625,0.299072265625,Mouth open
1713362238.300523,0.620361328125,0.739990234375,0.302001953125,Mouth open
1713362238.336839,0.619384765625,0.7421875,0.302734375,Mouth open
1713362238.377727,0.618408203125,0.738525390625,0.296142578125,Mouth open
1713362238.414527,0.6171875,0.738525390625,0.301025390625,Mouth open
1713362238.456421,0.617431640625,0.739501953125,0.2998046875,Mouth open
1713362238.495739,0.6181640625,0.741943359375,0.297119140625,Mouth open
1713362238.534053,0.619140625,0.739990234375,0.293701171875,Mouth open
1713362238.574646,0.619384765625,0.738037109375,0.29443359375,Mouth open
1713362238.613409,0.62109375,0.73876953125,0.298095703125,Mouth open
1713362238.654778,0.6181640625,0.740966796875,0.298583984375,Mouth open
1713362238.695689,0.61767578125,0.74072265625,0.2978515625,Mouth open
1713362238.732567,0.620361328125,0.73876953125,0.29736328125,Mouth open
1713362238.773211,0.6201171875,0.7392578125,0.29736328125,Mouth open
1713362238.813777,0.62060546875,0.74072265625,0.29638671875,Mouth open
1713362238.854873,0.62158203125,0.740234375,0.294189453125,Mouth open
1713362238.894464,0.619384765625,0.736572265625,0.29248046875,Mouth open
1713362238.934327,0.616455078125,0.735595703125,0.296630859375,Mouth open
1713362238.97471,0.61962890625,0.742431640625,0.301025390625,Mouth open
1713362239.016644,0.620849609375,0.7373046875,0.296875,Mouth open
1713362239.055514,0.61572265625,0.738037109375,0.294677734375,Mouth open
1713362239.095261,0.62353515625,0.74072265625,0.297119140625,Mouth open
1713362239.140368,0.6181640625,0.737548828125,0.2939453125,Mouth open
1713362239.177207,0.618408203125,0.734619140625,0.29345703125,Mouth open
1713362239.217036,0.621337890625,0.73974609375,0.296630859375,Mouth open
1713362239.256613,0.619873046875,0.741943359375,0.30029296875,Mouth open
1713362239.296598,0.62255859375,0.737060546875,0.292236328125,Mouth open
1713362239.335078,0.61865234375,0.73779296875,0.29638671875,Mouth open
1713362239.374398,0.618896484375,0.739501953125,0.2998046875,Mouth open
1713362239.413336,0.61865234375,0.73974609375,0.302001953125,Mouth open
1713362239.4669,0.620849609375,0.734619140625,0.304443359375,Mouth open
1713362239.493683,0.617431640625,0.73681640625,0.298583984375,Mouth open
1713362239.539663,0.6181640625,0.734619140625,0.301025390625,Mouth open
1713362239.577712,0.618408203125,0.737548828125,0.29931640625,Mouth open
1713362239.617446,0.617919921875,0.739013671875,0.298583984375,Mouth open
1713362239.656036,0.61474609375,0.739990234375,0.29833984375,Mouth open
1713362239.694438,0.619384765625,0.737060546875,0.296875,Mouth open
1713362239.736282,0.62060546875,0.740234375,0.30224609375,Mouth open
1713362239.787375,0.624755859375,0.73828125,0.301025390625,Mouth open
1713362239.81531,0.618408203125,0.739013671875,0.298583984375,Mouth open
1713362239.86387,0.623046875,0.740478515625,0.298828125,Mouth open
1713362239.902016,0.620849609375,0.736328125,0.295654296875,Mouth open
1713362239.934769,0.6171875,0.736083984375,0.2978515625,Mouth open
1713362239.979763,0.61669921875,0.743408203125,0.303466796875,Mouth open
1713362240.019868,0.61669921875,0.745361328125,0.30224609375,Mouth open
1713362240.058164,0.6181640625,0.738037109375,0.299560546875,Mouth open
1713362240.096005,0.619384765625,0.738525390625,0.298828125,Mouth open
1713362240.134981,0.617919921875,0.73828125,0.30029296875,Mouth open
1713362240.176845,0.618896484375,0.73828125,0.2998046875,Mouth open
1713362240.215634,0.615966796875,0.73876953125,0.299072265625,Mouth open
1713362240.258149,0.617431640625,0.735595703125,0.30078125,Mouth open
1713362240.29561,0.61572265625,0.73974609375,0.30078125,Mouth open
1713362240.336673,0.621337890625,0.740478515625,0.298828125,Mouth open
1713362240.3798,0.618896484375,0.737060546875,0.293701171875,Mouth open
1713362240.41918,0.61962890625,0.73583984375,0.29541015625,Mouth open
1713362240.456793,0.61865234375,0.74072265625,0.3017578125,Mouth open
1713362240.496631,0.6162109375,0.740966796875,0.302001953125,Mouth open
1713362240.546609,0.62060546875,0.73876953125,0.30419921875,Mouth open
1713362240.583294,0.61962890625,0.738525390625,0.30224609375,Mouth open
1713362240.619699,0.617919921875,0.74169921875,0.30126953125,Mouth open
1713362240.658232,0.61767578125,0.739501953125,0.298095703125,Mouth open
1713362240.700361,0.617919921875,0.739990234375,0.29736328125,Mouth open
1713362240.742205,0.615234375,0.73974609375,0.302001953125,Mouth open
1713362240.778298,0.620849609375,0.74365234375,0.298095703125,Mouth open
1713362240.816738,0.620849609375,0.740478515625,0.293701171875,Mouth open
1713362240.856814,0.617919921875,0.739990234375,0.2978515625,Mouth open
1713362240.897828,0.61962890625,0.7412109375,0.300048828125,Mouth open
1713362240.937877,0.6162109375,0.738037109375,0.2998046875,Mouth open
1713362240.978774,0.618896484375,0.734130859375,0.3037109375,Mouth open
1713362241.017292,0.618408203125,0.7353515625,0.3017578125,Mouth open
1713362241.060565,0.623046875,0.73876953125,0.296875,Mouth open
1713362241.099087,0.61865234375,0.744873046875,0.298828125,Mouth open
1713362241.139341,0.622314453125,0.740478515625,0.299072265625,Mouth open
1713362241.18478,0.61865234375,0.736572265625,0.295654296875,Mouth open
1713362241.220248,0.617431640625,0.73583984375,0.29833984375,Mouth open
1713362241.259792,0.6171875,0.738037109375,0.304931640625,Mouth open
1713362241.296475,0.61865234375,0.73583984375,0.30126953125,Mouth open
1713362241.336123,0.615234375,0.7333984375,0.298095703125,Mouth open
1713362241.37603,0.6240234375,0.742919921875,0.30126953125,Mouth open
1713362241.41784,0.619384765625,0.74169921875,0.29931640625,Mouth open
1713362241.459401,0.619384765625,0.73681640625,0.29638671875,Mouth open
1713362241.49747,0.617919921875,0.739990234375,0.29736328125,Mouth open
1713362241.537249,0.6171875,0.740234375,0.297607421875,Mouth open
1713362241.581727,0.617919921875,0.73876953125,0.300537109375,Mouth open
1713362241.619683,0.61669921875,0.740966796875,0.302978515625,Mouth open
1713362241.670165,0.617919921875,0.740478515625,0.302490234375,Mouth open
1713362241.698232,0.615234375,0.736328125,0.30322265625,Mouth open
1713362241.738211,0.6162109375,0.740966796875,0.30322265625,Mouth open
1713362241.780458,0.61376953125,0.738037109375,0.300048828125,Mouth open
1713362241.821106,0.61962890625,0.73779296875,0.2998046875,Mouth open
1713362241.859248,0.61669921875,0.740966796875,0.2978515625,Mouth open
1713362241.897194,0.625732421875,0.743896484375,0.297607421875,Mouth open
1713362241.942763,0.6181640625,0.736572265625,0.29345703125,Mouth open
1713362241.980452,0.6181640625,0.734375,0.2998046875,Mouth open
1713362242.016281,0.618896484375,0.7412109375,0.303466796875,Mouth open
1713362242.056385,0.62158203125,0.73974609375,0.302490234375,Mouth open
1713362242.097721,0.618896484375,0.737060546875,0.296630859375,Mouth open
1713362242.139121,0.620849609375,0.739990234375,0.3017578125,Mouth open
1713362242.176159,0.618408203125,0.740234375,0.302001953125,Mouth open
1713362242.218932,0.620849609375,0.736083984375,0.2978515625,Mouth open
1713362242.262133,0.61767578125,0.73681640625,0.298828125,Mouth open
1713362242.299081,0.61865234375,0.739501953125,0.30419921875,Mouth open
1713362242.344501,0.618896484375,0.739990234375,0.298828125,Mouth open
1713362242.378049,0.623779296875,0.7353515625,0.29638671875,Mouth open
1713362242.428506,0.62060546875,0.736328125,0.298828125,Mouth open
1713362242.466822,0.618896484375,0.73876953125,0.2958984375,Mouth open
1713362242.501529,0.619140625,0.73779296875,0.302001953125,Mouth open
1713362242.538521,0.615966796875,0.734130859375,0.301025390625,Mouth open
1713362242.57733,0.620361328125,0.73095703125,0.303466796875,Mouth open
1713362242.61634,0.618896484375,0.736083984375,0.30078125,Mouth open
1713362242.655154,0.621826171875,0.73876953125,0.29833984375,Mouth open
1713362242.695978,0.615966796875,0.736328125,0.2978515625,Mouth open
1713362242.736657,0.61962890625,0.73876953125,0.30078125,Mouth open
1713362242.776259,0.616943359375,0.737548828125,0.30322265625,Mouth open
1713362242.81887,0.6201171875,0.73681640625,0.302490234375,Mouth open
1713362242.858224,0.62060546875,0.73828125,0.301025390625,Mouth open
1713362242.899064,0.62060546875,0.740966796875,0.30078125,Mouth open
1713362242.93918,0.618896484375,0.742431640625,0.2998046875,Mouth open
1713362242.980069,0.620849609375,0.7392578125,0.29541015625,Mouth open
1713362243.028492,0.6181640625,0.734130859375,0.296875,Mouth open
1713362243.066547,0.61767578125,0.7392578125,0.30224609375,Mouth open
1713362243.103023,0.619140625,0.737548828125,0.2998046875,Mouth open
1713362243.140206,0.621826171875,0.736572265625,0.299072265625,Mouth open
1713362243.178772,0.620849609375,0.7392578125,0.299560546875,Mouth open
1713362243.216285,0.620361328125,0.7353515625,0.299560546875,Mouth open
1713362243.255969,0.618896484375,0.7373046875,0.30322265625,Mouth open
1713362243.303113,0.61865234375,0.7353515625,0.303466796875,Mouth open
1713362243.337479,0.619384765625,0.740478515625,0.302734375,Mouth open
1713362243.377139,0.619140625,0.736572265625,0.296142578125,Mouth open
1713362243.417466,0.623291015625,0.734130859375,0.296142578125,Mouth open
1713362243.458781,0.61865234375,0.740478515625,0.29736328125,Mouth open
1713362243.499695,0.616455078125,0.741943359375,0.296142578125,Mouth open
1713362243.5388,0.614990234375,0.73486328125,0.296142578125,Mouth open
1713362243.579005,0.6171875,0.73876953125,0.29931640625,Mouth open
1713362243.623412,0.6171875,0.73974609375,0.302001953125,Mouth open
1713362243.664671,0.62109375,0.740478515625,0.300537109375,Mouth open
1713362243.700914,0.612060546875,0.73779296875,0.2958984375,Mouth open
1713362243.739749,0.621826171875,0.73876953125,0.298095703125,Mouth open
1713362243.79002,0.623291015625,0.73779296875,0.29638671875,Mouth open
1713362243.827173,0.623046875,0.737060546875,0.295654296875,Mouth open
1713362243.86528,0.61767578125,0.73828125,0.30029296875,Mouth open
1713362243.901866,0.6181640625,0.73876953125,0.298828125,Mouth open
1713362243.938732,0.62109375,0.740966796875,0.296142578125,Mouth open
1713362243.977318,0.618896484375,0.739013671875,0.294921875,Mouth open
1713362244.0174,0.619384765625,0.739990234375,0.2978515625,Mouth open
1713362244.058129,0.6201171875,0.738525390625,0.301513671875,Mouth open
1713362244.100274,0.61865234375,0.737060546875,0.301513671875,Mouth open
1713362244.138595,0.621826171875,0.73876953125,0.301513671875,Mouth open
1713362244.18037,0.619140625,0.737060546875,0.30126953125,Mouth open
1713362244.220347,0.61767578125,0.73583984375,0.29833984375,Mouth open
1713362244.261733,0.619140625,0.736572265625,0.302001953125,Mouth open
1713362244.309902,0.612548828125,0.73974609375,0.307373046875,Mouth open
1713362244.345781,0.618896484375,0.740478515625,0.305419921875,Mouth open
1713362244.384272,0.61328125,0.739013671875,0.302001953125,Mouth open
1713362244.42216,0.617919921875,0.734619140625,0.302001953125,Mouth open
1713362244.459218,0.614013671875,0.7373046875,0.305908203125,Mouth open
1713362244.505753,0.6201171875,0.739501953125,0.30908203125,Mouth open
1713362244.543905,0.620361328125,0.73681640625,0.304931640625,Mouth open
1713362244.581346,0.617919921875,0.736083984375,0.302001953125,Mouth open
1713362244.621615,0.620849609375,0.73876953125,0.2998046875,Mouth open
1713362244.659357,0.61962890625,0.734130859375,0.300537109375,Mouth open
1713362244.699763,0.61962890625,0.734619140625,0.301513671875,Mouth open
1713362244.740249,0.615966796875,0.7392578125,0.305908203125,Mouth open
1713362244.781845,0.616943359375,0.74365234375,0.301513671875,Mouth open
1713362244.820102,0.618408203125,0.738525390625,0.30126953125,Mouth open
1713362244.864318,0.617431640625,0.7392578125,0.301513671875,Mouth open
1713362244.90226,0.616943359375,0.73974609375,0.302490234375,Mouth open
1713362244.942202,0.617919921875,0.739013671875,0.30126953125,Mouth open
1713362244.991144,0.621337890625,0.738037109375,0.302490234375,Mouth open
1713362245.026278,0.61865234375,0.734375,0.30078125,Mouth open
1713362245.066576,0.615478515625,0.735107421875,0.29931640625,Mouth open
1713362245.104347,0.6201171875,0.73779296875,0.2998046875,Mouth open
1713362245.144187,0.62255859375,0.7412109375,0.29931640625,Mouth open
1713362245.182998,0.621337890625,0.740478515625,0.298095703125,Mouth open
1713362245.224473,0.619873046875,0.73583984375,0.29638671875,Mouth open
1713362245.261181,0.61865234375,0.735107421875,0.301025390625,Mouth open
1713362245.3054,0.616943359375,0.7412109375,0.302490234375,Mouth open
1713362245.342186,0.6220703125,0.739013671875,0.301025390625,Mouth open
1713362245.384379,0.616943359375,0.73779296875,0.30029296875,Mouth open
1713362245.423291,0.62451171875,0.739501953125,0.305419921875,Mouth open
1713362245.463768,0.61767578125,0.735107421875,0.298095703125,Mouth open
1713362245.506261,0.6181640625,0.737548828125,0.302978515625,Mouth open
1713362245.548043,0.61328125,0.739013671875,0.3037109375,Mouth open
1713362245.586833,0.61767578125,0.738037109375,0.2998046875,Mouth open
1713362245.624839,0.6181640625,0.737548828125,0.299560546875,Mouth open
1713362245.666048,0.618408203125,0.73974609375,0.298828125,Mouth open
1713362245.707077,0.62060546875,0.738525390625,0.302001953125,Mouth open
1713362245.749614,0.6171875,0.739501953125,0.304443359375,Mouth open
1713362245.787337,0.61865234375,0.735107421875,0.302978515625,Mouth open
1713362245.825042,0.61572265625,0.733154296875,0.299560546875,Mouth open
1713362245.862324,0.6162109375,0.73193359375,0.29443359375,Mouth open
1713362245.901568,0.62158203125,0.733154296875,0.30078125,Mouth open
1713362245.942244,0.622802734375,0.73681640625,0.303466796875,Mouth open
1713362245.985367,0.618896484375,0.7392578125,0.301025390625,Mouth open
1713362246.021328,0.615966796875,0.734375,0.30078125,Mouth open
1713362246.063854,0.616943359375,0.737548828125,0.30712890625,Mouth open
1713362246.10285,0.61572265625,0.74169921875,0.308349609375,Mouth open
1713362246.142548,0.61962890625,0.739501953125,0.304443359375,Mouth open
1713362246.183472,0.615234375,0.737060546875,0.297607421875,Mouth open
1713362246.228655,0.625,0.740478515625,0.300537109375,Mouth open
1713362246.265257,0.617919921875,0.73828125,0.299072265625,Mouth open
1713362246.304301,0.6171875,0.734375,0.298095703125,Mouth open
1713362246.345177,0.617919921875,0.73876953125,0.302001953125,Mouth open
1713362246.385386,0.618408203125,0.74365234375,0.301025390625,Mouth open
1713362246.425187,0.621826171875,0.740478515625,0.29931640625,Mouth open
1713362246.464513,0.617919921875,0.740478515625,0.29638671875,Mouth open
1713362246.504062,0.61669921875,0.74169921875,0.30322265625,Mouth open
1713362246.548828,0.62158203125,0.73828125,0.305908203125,Mouth open
1713362246.584144,0.617919921875,0.736328125,0.302001953125,Mouth open
1713362246.637683,0.62060546875,0.738037109375,0.30419921875,Mouth open
1713362246.664203,0.62109375,0.732177734375,0.302978515625,Mouth open
1713362246.70605,0.62109375,0.7373046875,0.30029296875,Mouth open
1713362246.750999,0.615234375,0.742431640625,0.302734375,Mouth open
1713362246.786573,0.617431640625,0.736572265625,0.3046875,Mouth open
1713362246.825333,0.616943359375,0.73486328125,0.299560546875,Mouth open
1713362246.865049,0.620361328125,0.734619140625,0.29931640625,Mouth open
1713362246.905123,0.614990234375,0.73876953125,0.301513671875,Mouth open
1713362246.947942,0.615234375,0.743408203125,0.304931640625,Mouth open
1713362246.986234,0.60986328125,0.739990234375,0.3017578125,Mouth open
1713362247.030405,0.6201171875,0.742919921875,0.30419921875,Mouth open
1713362247.066615,0.617919921875,0.743408203125,0.300537109375,Mouth open
1713362247.10552,0.61328125,0.737060546875,0.302001953125,Mouth open
1713362247.145405,0.615234375,0.737060546875,0.30224609375,Mouth open
1713362247.187727,0.612060546875,0.74169921875,0.310791015625,Mouth open
1713362247.227751,0.616943359375,0.7421875,0.303466796875,Mouth open
1713362247.264314,0.61328125,0.73974609375,0.304443359375,Mouth open
1713362247.314848,0.61181640625,0.738525390625,0.3037109375,Mouth open
1713362247.343543,0.61328125,0.740966796875,0.307373046875,Mouth open
1713362247.389451,0.61376953125,0.73974609375,0.310791015625,Mouth open
1713362247.424337,0.61767578125,0.738525390625,0.3095703125,Mouth open
1713362247.467048,0.618896484375,0.736328125,0.300537109375,Mouth open
1713362247.505115,0.619873046875,0.736572265625,0.30029296875,Mouth open
1713362247.545297,0.616455078125,0.742919921875,0.301513671875,Mouth open
1713362247.586809,0.619140625,0.74560546875,0.302001953125,Mouth open
1713362247.625523,0.615478515625,0.7392578125,0.29541015625,Mouth open
1713362247.665589,0.61767578125,0.736572265625,0.30078125,Mouth open
1713362247.706566,0.61181640625,0.743896484375,0.303955078125,Mouth open
1713362247.745098,0.618408203125,0.739501953125,0.29931640625,Mouth open
1713362247.784147,0.611572265625,0.737060546875,0.292724609375,Mouth open
1713362247.829497,0.62109375,0.745361328125,0.298583984375,Mouth open
1713362247.86591,0.61669921875,0.739990234375,0.297119140625,Mouth open
1713362247.906231,0.614990234375,0.737060546875,0.2958984375,Mouth open
1713362247.943798,0.613037109375,0.740966796875,0.30078125,Mouth open
1713362247.998154,0.615478515625,0.742431640625,0.30126953125,Mouth open
1713362248.026683,0.616455078125,0.743408203125,0.29931640625,Mouth closed
1713362248.076651,0.619873046875,0.74072265625,0.300048828125,Mouth closed
1713362248.105384,0.618408203125,0.74072265625,0.301513671875,Mouth closed
1713362248.154023,0.617431640625,0.739990234375,0.30029296875,Mouth closed
1713362248.193041,0.61865234375,0.73876953125,0.301025390625,Mouth closed
1713362248.230916,0.61865234375,0.737548828125,0.3017578125,Mouth closed
1713362248.267692,0.620849609375,0.736083984375,0.2998046875,Mouth closed
1713362248.314217,0.6162109375,0.73828125,0.30224609375,Mouth closed
1713362248.346221,0.617431640625,0.7412109375,0.298828125,Mouth closed
1713362248.389631,0.6162109375,0.7373046875,0.29736328125,Mouth closed
1713362248.424649,0.615478515625,0.73681640625,0.30126953125,Mouth closed
1713362248.476769,0.614501953125,0.739013671875,0.30322265625,Mouth closed
1713362248.50306,0.6181640625,0.736083984375,0.302490234375,Mouth closed
1713362248.548772,0.61083984375,0.736083984375,0.29833984375,Mouth closed
1713362248.590757,0.623046875,0.74462890625,0.30322265625,Mouth closed
1713362248.631058,0.618896484375,0.738037109375,0.301025390625,Mouth closed
1713362248.668912,0.619873046875,0.73681640625,0.298828125,Mouth closed
1713362248.707514,0.61474609375,0.739501953125,0.302490234375,Mouth closed
1713362248.744134,0.61181640625,0.744384765625,0.3056640625,Mouth closed
1713362248.784043,0.61669921875,0.739501953125,0.299560546875,Mouth closed
1713362248.825069,0.618408203125,0.739990234375,0.299072265625,Mouth closed
1713362248.86536,0.619873046875,0.7431640625,0.30224609375,Mouth closed
1713362248.906589,0.61474609375,0.739013671875,0.304443359375,Mouth closed
1713362248.949279,0.621826171875,0.737548828125,0.3037109375,Mouth closed
1713362248.986013,0.61962890625,0.737548828125,0.30078125,Mouth closed
1713362249.026692,0.618896484375,0.740234375,0.302978515625,Mouth closed
1713362249.065775,0.616455078125,0.741943359375,0.300048828125,Mouth closed
1713362249.107236,0.619384765625,0.73974609375,0.297119140625,Mouth closed
1713362249.145879,0.61572265625,0.740478515625,0.296630859375,Mouth closed
1713362249.185466,0.6171875,0.73486328125,0.29931640625,Mouth closed
1713362249.229916,0.617431640625,0.740478515625,0.2998046875,Mouth closed
1713362249.266439,0.616943359375,0.7373046875,0.302978515625,Mouth closed
1713362249.306302,0.614990234375,0.73876953125,0.298583984375,Mouth closed
1713362249.347563,0.62353515625,0.7373046875,0.298828125,Mouth closed
1713362249.390698,0.619384765625,0.745361328125,0.3017578125,Mouth closed
1713362249.425877,0.6171875,0.740234375,0.296875,Mouth closed
1713362249.481205,0.6171875,0.73681640625,0.2978515625,Mouth closed
1713362249.507747,0.615234375,0.74462890625,0.30322265625,Mouth closed
1713362249.54777,0.616455078125,0.743896484375,0.301025390625,Mouth closed
1713362249.587806,0.617431640625,0.743408203125,0.29833984375,Mouth closed
1713362249.628914,0.616455078125,0.7421875,0.30029296875,Mouth closed
1713362249.667175,0.6123046875,0.740966796875,0.303466796875,Mouth closed
1713362249.7128,0.614013671875,0.736572265625,0.3017578125,Mouth closed
1713362249.745029,0.61669921875,0.740966796875,0.302978515625,Mouth closed
1713362249.795814,0.6201171875,0.73876953125,0.305419921875,Mouth closed
1713362249.833085,0.619873046875,0.739013671875,0.2978515625,Mouth closed
1713362249.874028,0.614501953125,0.73779296875,0.2998046875,Mouth closed
1713362249.910184,0.619873046875,0.74609375,0.301025390625,Mouth closed
1713362249.949176,0.615234375,0.736572265625,0.298095703125,Mouth closed
1713362249.988319,0.6181640625,0.740966796875,0.30224609375,Mouth closed
1713362250.027283,0.612060546875,0.7431640625,0.305419921875,Mouth closed
1713362250.066293,0.61474609375,0.739501953125,0.303955078125,Mouth closed
1713362250.106763,0.614990234375,0.739013671875,0.299560546875,Mouth closed
1713362250.148795,0.614501953125,0.74169921875,0.302490234375,Mouth closed
1713362250.187076,0.613037109375,0.740234375,0.30078125,Mouth closed
1713362250.228243,0.6181640625,0.73974609375,0.301025390625,Mouth closed
1713362250.268177,0.61279296875,0.73681640625,0.304931640625,Mouth closed
1713362250.31198,0.61279296875,0.742919921875,0.305908203125,Mouth closed
1713362250.348758,0.61474609375,0.73974609375,0.301513671875,Mouth closed
1713362250.395112,0.61865234375,0.7431640625,0.3017578125,Mouth closed
1713362250.428083,0.61767578125,0.7392578125,0.301513671875,Mouth closed
1713362250.477686,0.615234375,0.739501953125,0.2998046875,Mouth closed
1713362250.511774,0.614990234375,0.7392578125,0.30224609375,Mouth closed
1713362250.550671,0.617431640625,0.739501953125,0.301513671875,Mouth closed
1713362250.589726,0.62109375,0.73974609375,0.303955078125,Mouth closed
1713362250.62724,0.6181640625,0.738525390625,0.30224609375,Mouth closed
1713362250.676215,0.61767578125,0.737060546875,0.302734375,Mouth closed
1713362250.711663,0.61474609375,0.74365234375,0.3056640625,Mouth closed
1713362250.747792,0.61669921875,0.7412109375,0.30322265625,Mouth closed
1713362250.788252,0.611572265625,0.737060546875,0.300537109375,Mouth closed
1713362250.829321,0.6142578125,0.74072265625,0.306396484375,Mouth closed
1713362250.870418,0.61376953125,0.743408203125,0.308837890625,Mouth closed
1713362250.910571,0.614990234375,0.7431640625,0.306396484375,Mouth closed
1713362250.949994,0.6123046875,0.743408203125,0.302001953125,Mouth closed
1713362250.993344,0.620849609375,0.7431640625,0.303955078125,Mouth closed
1713362251.029534,0.6162109375,0.740234375,0.29736328125,Mouth closed
1713362251.067241,0.614013671875,0.7373046875,0.297607421875,Mouth closed
1713362251.10859,0.612548828125,0.739990234375,0.30126953125,Mouth closed
1713362251.152952,0.61572265625,0.74267578125,0.30126953125,Mouth closed
1713362251.193289,0.61376953125,0.740478515625,0.30029296875,Mouth closed
1713362251.232796,0.615966796875,0.740966796875,0.301025390625,Mouth closed
1713362251.267922,0.61669921875,0.73828125,0.3017578125,Mouth closed
1713362251.309113,0.616455078125,0.738525390625,0.3056640625,Mouth closed
1713362251.349589,0.617431640625,0.7412109375,0.304931640625,Mouth closed
1713362251.391325,0.617919921875,0.737060546875,0.307861328125,Mouth closed
1713362251.428003,0.620361328125,0.739013671875,0.317138671875,Mouth closed
1713362251.46955,0.622802734375,0.737060546875,0.318603515625,Mouth closed
1713362251.514605,0.608154296875,0.734130859375,0.306640625,Mouth closed
1713362251.551163,0.62744140625,0.732421875,0.284423828125,Mouth closed
1713362251.591044,0.62158203125,0.733154296875,0.31640625,Mouth closed
1713362251.631837,0.599609375,0.70166015625,0.22021484375,Mouth closed
1713362251.672623,0.61181640625,0.73291015625,0.29541015625,Mouth closed
1713362251.716508,0.616455078125,0.7431640625,0.30615234375,Mouth closed
1713362251.752666,0.61572265625,0.736328125,0.300537109375,Mouth closed
1713362251.795167,0.617919921875,0.745361328125,0.30224609375,Mouth closed
1713362251.831156,0.614013671875,0.742919921875,0.30126953125,Mouth closed
1713362251.868951,0.615234375,0.73681640625,0.30224609375,Mouth closed
1713362251.910471,0.614501953125,0.738525390625,0.301025390625,Mouth closed
1713362251.954379,0.61572265625,0.744384765625,0.304443359375,Mouth closed
1713362251.997253,0.61474609375,0.742431640625,0.300537109375,Mouth closed
1713362252.037694,0.619140625,0.74169921875,0.299560546875,Mouth closed
1713362252.074298,0.619873046875,0.73779296875,0.30224609375,Mouth closed
1713362252.111643,0.615478515625,0.73974609375,0.3037109375,Mouth closed
1713362252.151664,0.61279296875,0.74072265625,0.304931640625,Mouth closed
1713362252.192527,0.615234375,0.74169921875,0.3056640625,Mouth closed
1713362252.233998,0.61376953125,0.73779296875,0.299560546875,Mouth closed
1713362252.272674,0.617431640625,0.736083984375,0.2998046875,Mouth closed
1713362252.311134,0.6142578125,0.742431640625,0.296875,Mouth closed
1713362252.356073,0.6162109375,0.7451171875,0.3017578125,Mouth closed
1713362252.391323,0.613525390625,0.7373046875,0.29931640625,Mouth closed
1713362252.430291,0.615234375,0.735595703125,0.30029296875,Mouth closed
1713362252.470443,0.6181640625,0.73974609375,0.302978515625,Mouth closed
1713362252.518594,0.614013671875,0.74072265625,0.30615234375,Mouth closed
1713362252.555385,0.6181640625,0.740966796875,0.30078125,Mouth closed
1713362252.593373,0.61669921875,0.740478515625,0.299560546875,Mouth closed
1713362252.630907,0.6220703125,0.744384765625,0.29833984375,Mouth closed
1713362252.672532,0.616943359375,0.740234375,0.294677734375,Mouth closed
1713362252.712369,0.617431640625,0.739501953125,0.29931640625,Mouth closed
1713362252.753055,0.614501953125,0.741943359375,0.304443359375,Mouth closed
1713362252.79304,0.61474609375,0.7421875,0.30224609375,Mouth closed
1713362252.83224,0.61376953125,0.742431640625,0.301513671875,Mouth closed
1713362252.876862,0.617431640625,0.742919921875,0.30322265625,Mouth closed
1713362252.913729,0.615234375,0.739501953125,0.305419921875,Mouth closed
1713362252.964708,0.612548828125,0.740234375,0.3056640625,Mouth closed
1713362252.993148,0.614501953125,0.741455078125,0.3037109375,Mouth closed
1713362253.035755,0.6142578125,0.740966796875,0.3017578125,Mouth closed
1713362253.077578,0.615478515625,0.73876953125,0.298828125,Mouth closed
1713362253.113637,0.613037109375,0.739501953125,0.299072265625,Mouth closed
1713362253.152491,0.619384765625,0.741943359375,0.3037109375,Mouth closed
1713362253.193564,0.6142578125,0.74267578125,0.30126953125,Mouth closed
1713362253.23768,0.613037109375,0.73876953125,0.3056640625,Mouth closed
1713362253.273881,0.61279296875,0.738037109375,0.308837890625,Mouth closed
1713362253.313588,0.611083984375,0.7421875,0.310546875,Mouth closed
1713362253.352971,0.61376953125,0.740478515625,0.302001953125,Mouth closed
1713362253.393266,0.6142578125,0.74267578125,0.306640625,Mouth closed
1713362253.435554,0.6162109375,0.74169921875,0.306884765625,Mouth closed
1713362253.472999,0.61474609375,0.73779296875,0.301513671875,Mouth closed
1713362253.512924,0.613525390625,0.739990234375,0.306396484375,Mouth closed
1713362253.558762,0.616455078125,0.73974609375,0.308837890625,Mouth closed
1713362253.594537,0.615966796875,0.742919921875,0.3017578125,Mouth closed
1713362253.633633,0.61572265625,0.740966796875,0.301513671875,Mouth closed
1713362253.673304,0.614990234375,0.739013671875,0.30029296875,Mouth closed
1713362253.722621,0.61181640625,0.7392578125,0.3037109375,Mouth closed
1713362253.758858,0.616455078125,0.738525390625,0.301513671875,Mouth closed
1713362253.796809,0.6142578125,0.740478515625,0.308349609375,Mouth closed
1713362253.833069,0.61376953125,0.74267578125,0.305419921875,Mouth closed
1713362253.873691,0.613037109375,0.741943359375,0.308349609375,Mouth closed
1713362253.913491,0.6142578125,0.744140625,0.305419921875,Mouth closed
1713362253.956962,0.61474609375,0.741943359375,0.302490234375,Mouth closed
1713362253.993981,0.61474609375,0.73681640625,0.2978515625,Mouth closed
1713362254.035656,0.613037109375,0.73876953125,0.308349609375,Mouth closed
1713362254.074427,0.612060546875,0.740966796875,0.305908203125,Mouth closed
1713362254.117741,0.617431640625,0.742431640625,0.305908203125,Mouth closed
1713362254.156278,0.609130859375,0.74169921875,0.305908203125,Mouth closed
1713362254.197361,0.618896484375,0.746337890625,0.310302734375,Mouth closed
1713362254.24498,0.6142578125,0.738037109375,0.30322265625,Mouth closed
1713362254.280988,0.61181640625,0.73974609375,0.304931640625,Mouth closed
1713362254.319496,0.61181640625,0.739501953125,0.3095703125,Mouth closed
1713362254.356631,0.612060546875,0.742431640625,0.30908203125,Mouth closed
1713362254.394708,0.613037109375,0.738037109375,0.30322265625,Mouth closed
1713362254.435226,0.612060546875,0.7421875,0.304443359375,Mouth closed
1713362254.482002,0.6123046875,0.741455078125,0.306884765625,Mouth closed
1713362254.51572,0.614990234375,0.74365234375,0.304931640625,Mouth closed
1713362254.554923,0.61328125,0.73974609375,0.30859375,Mouth closed
1713362254.595111,0.609619140625,0.736083984375,0.303955078125,Mouth closed
1713362254.638898,0.6123046875,0.741455078125,0.306640625,Mouth closed
1713362254.676025,0.61279296875,0.744140625,0.307373046875,Mouth closed
1713362254.715063,0.614013671875,0.740478515625,0.30419921875,Mouth closed
1713362254.755908,0.61279296875,0.7392578125,0.30517578125,Mouth closed
1713362254.797896,0.61474609375,0.739990234375,0.30712890625,Mouth closed
1713362254.837952,0.613525390625,0.74365234375,0.310302734375,Mouth closed
1713362254.877873,0.6171875,0.739013671875,0.305908203125,Mouth closed
1713362254.918714,0.6123046875,0.741455078125,0.30517578125,Mouth closed
1713362254.962125,0.615966796875,0.74462890625,0.30322265625,Mouth closed
1713362254.999322,0.61474609375,0.73876953125,0.301025390625,Mouth closed
1713362255.034982,0.615478515625,0.73681640625,0.29931640625,Mouth closed
1713362255.077155,0.61376953125,0.743408203125,0.30224609375,Mouth closed
1713362255.115751,0.611328125,0.74365234375,0.304931640625,Mouth closed
1713362255.155348,0.6142578125,0.74267578125,0.2998046875,Mouth closed
1713362255.195893,0.6142578125,0.73876953125,0.302490234375,Mouth closed
1713362255.238049,0.612060546875,0.74267578125,0.30810546875,Mouth closed
1713362255.276025,0.60888671875,0.74267578125,0.308349609375,Mouth closed
1713362255.320085,0.6162109375,0.7373046875,0.30908203125,Mouth closed
1713362255.359248,0.61376953125,0.739990234375,0.307373046875,Mouth closed
1713362255.39872,0.61865234375,0.736572265625,0.30126953125,Mouth closed
1713362255.448421,0.614013671875,0.74169921875,0.30029296875,Mouth closed
1713362255.484526,0.6181640625,0.74560546875,0.301513671875,Mouth closed
1713362255.518998,0.61328125,0.7392578125,0.2978515625,Mouth closed
1713362255.558035,0.617431640625,0.7392578125,0.302978515625,Mouth closed
1713362255.598064,0.610595703125,0.739990234375,0.306884765625,Mouth closed
1713362255.637998,0.61474609375,0.740478515625,0.304931640625,Mouth closed
1713362255.678287,0.61474609375,0.739501953125,0.304443359375,Mouth closed
1713362255.720827,0.614013671875,0.7451171875,0.304931640625,Mouth closed
1713362255.758787,0.6123046875,0.7431640625,0.302978515625,Mouth closed
1713362255.798157,0.6142578125,0.74072265625,0.29931640625,Mouth closed
1713362255.838266,0.6142578125,0.7392578125,0.305419921875,Mouth closed
1713362255.87938,0.613525390625,0.743408203125,0.306640625,Mouth closed
1713362255.918416,0.6123046875,0.743408203125,0.302978515625,Mouth closed
1713362255.95901,0.612060546875,0.74072265625,0.30029296875,Mouth closed
1713362255.999111,0.61572265625,0.740234375,0.30419921875,Mouth closed
1713362256.041559,0.61328125,0.73876953125,0.3046875,Mouth closed
1713362256.080777,0.611572265625,0.739013671875,0.307373046875,Mouth closed
1713362256.123388,0.6162109375,0.742431640625,0.308349609375,Mouth closed
1713362256.15916,0.619384765625,0.737548828125,0.30517578125,Mouth closed
1713362256.207133,0.617919921875,0.740234375,0.304931640625,Mouth closed
1713362256.241429,0.60791015625,0.743408203125,0.306396484375,Mouth closed
1713362256.279837,0.616455078125,0.74560546875,0.303955078125,Mouth closed
1713362256.317949,0.61083984375,0.7392578125,0.299560546875,Mouth closed
1713362256.358178,0.61279296875,0.737548828125,0.304443359375,Mouth closed
1713362256.398965,0.613037109375,0.739501953125,0.30615234375,Mouth closed
1713362256.439272,0.613525390625,0.739013671875,0.307861328125,Mouth closed
1713362256.477837,0.611328125,0.740966796875,0.302734375,Mouth closed
1713362256.519306,0.61669921875,0.741943359375,0.304443359375,Mouth closed
1713362256.562826,0.61669921875,0.7431640625,0.300537109375,Mouth closed
1713362256.598843,0.615234375,0.73974609375,0.3017578125,Mouth closed
1713362256.653222,0.6103515625,0.741455078125,0.303466796875,Mouth closed
1713362256.68068,0.610595703125,0.741943359375,0.307861328125,Mouth closed
1713362256.722465,0.61376953125,0.7421875,0.30419921875,Mouth closed
1713362256.765737,0.61328125,0.73974609375,0.30224609375,Mouth closed
1713362256.804258,0.6142578125,0.7392578125,0.304443359375,Mouth closed
1713362256.842465,0.61181640625,0.73681640625,0.307373046875,Mouth closed
1713362256.88222,0.6142578125,0.7412109375,0.306396484375,Mouth closed
1713362256.921258,0.612060546875,0.73779296875,0.310546875,Mouth closed
1713362256.971338,0.614013671875,0.737548828125,0.307861328125,Mouth closed
1713362257.001559,0.6123046875,0.7392578125,0.3076171875,Mouth closed
1713362257.03949,0.6171875,0.7421875,0.3046875,Mouth closed
1713362257.077857,0.616455078125,0.74072265625,0.302734375,Mouth closed
1713362257.11789,0.6162109375,0.7373046875,0.302001953125,Mouth closed
1713362257.158828,0.6142578125,0.741943359375,0.3056640625,Mouth closed
1713362257.201706,0.613525390625,0.738525390625,0.30615234375,Mouth closed
1713362257.239423,0.610595703125,0.73876953125,0.304443359375,Mouth closed
1713362257.281336,0.615478515625,0.7412109375,0.304931640625,Mouth closed
1713362257.334328,0.615234375,0.738525390625,0.302001953125,Mouth closed
1713362257.359487,0.614501953125,0.74072265625,0.29833984375,Mouth closed
1713362257.408341,0.613525390625,0.738037109375,0.304931640625,Mouth closed
1713362257.445125,0.611572265625,0.741943359375,0.307861328125,Mouth closed
1713362257.483164,0.613037109375,0.7412109375,0.303466796875,Mouth closed
1713362257.521108,0.61474609375,0.741943359375,0.307861328125,Mouth closed
1713362257.562356,0.6123046875,0.740478515625,0.304443359375,Mouth closed
1713362257.601312,0.614013671875,0.741943359375,0.310302734375,Mouth closed
1713362257.64118,0.61279296875,0.73876953125,0.30712890625,Mouth closed
1713362257.678147,0.612548828125,0.737548828125,0.306640625,Mouth closed
1713362257.718986,0.60791015625,0.733642578125,0.301025390625,Mouth closed
1713362257.759411,0.615966796875,0.74072265625,0.300537109375,Mouth closed
1713362257.799654,0.614501953125,0.74169921875,0.304443359375,Mouth closed
1713362257.84027,0.61572265625,0.740478515625,0.298828125,Mouth closed
1713362257.884023,0.61669921875,0.73779296875,0.29931640625,Mouth closed
1713362257.923265,0.61279296875,0.740478515625,0.30712890625,Mouth closed
1713362257.961752,0.611572265625,0.74267578125,0.309814453125,Mouth closed
1713362258.010069,0.615234375,0.74072265625,0.307861328125,Mouth closed
1713362258.042677,0.611572265625,0.740234375,0.30615234375,Mouth closed
1713362258.093089,0.6162109375,0.74169921875,0.3046875,Mouth closed
1713362258.121146,0.614013671875,0.738525390625,0.302490234375,Mouth closed
1713362258.172164,0.61376953125,0.738525390625,0.300048828125,Mouth closed
1713362258.209567,0.611328125,0.743896484375,0.306884765625,Mouth closed
1713362258.24769,0.611083984375,0.740478515625,0.304443359375,Mouth closed
1713362258.281981,0.6123046875,0.74169921875,0.30419921875,Mouth closed
1713362258.320955,0.615234375,0.7421875,0.302978515625,Mouth closed
1713362258.359659,0.615234375,0.7392578125,0.307861328125,Mouth closed
1713362258.413031,0.612548828125,0.7412109375,0.30859375,Mouth closed
1713362258.440906,0.61572265625,0.740234375,0.307861328125,Mouth closed
1713362258.487279,0.60888671875,0.738037109375,0.304931640625,Mouth closed
1713362258.521019,0.60791015625,0.736083984375,0.29931640625,Mouth closed
1713362258.568477,0.61572265625,0.741455078125,0.303466796875,Mouth closed
1713362258.606336,0.61572265625,0.74462890625,0.302978515625,Mouth closed
1713362258.645883,0.6171875,0.7451171875,0.301025390625,Mouth closed
1713362258.683771,0.61279296875,0.73779296875,0.30322265625,Mouth closed
1713362258.722805,0.6142578125,0.739501953125,0.3056640625,Mouth closed
1713362258.762617,0.6123046875,0.7421875,0.310302734375,Mouth closed
1713362258.802324,0.619140625,0.7373046875,0.310302734375,Mouth closed
1713362258.843072,0.614013671875,0.740966796875,0.3056640625,Mouth closed
1713362258.88283,0.616455078125,0.7431640625,0.30517578125,Mouth closed
1713362258.922855,0.61328125,0.73681640625,0.29931640625,Mouth closed
1713362258.965181,0.615234375,0.740234375,0.3017578125,Mouth closed
1713362259.00174,0.610107421875,0.742919921875,0.30810546875,Mouth closed
1713362259.04197,0.61279296875,0.7421875,0.30615234375,Mouth closed
1713362259.08266,0.61474609375,0.741943359375,0.3017578125,Mouth closed
1713362259.122721,0.6142578125,0.740966796875,0.304931640625,Mouth closed
1713362259.168999,0.612548828125,0.740234375,0.3046875,Mouth closed
1713362259.205838,0.61376953125,0.740966796875,0.3056640625,Mouth closed
1713362259.246428,0.61279296875,0.74169921875,0.307373046875,Mouth closed
1713362259.283777,0.612548828125,0.738037109375,0.30712890625,Mouth closed
1713362259.330255,0.612548828125,0.739501953125,0.301513671875,Mouth closed
1713362259.364905,0.616943359375,0.739501953125,0.30419921875,Mouth closed
1713362259.415886,0.619873046875,0.745849609375,0.305419921875,Mouth closed
1713362259.450734,0.61572265625,0.739013671875,0.299072265625,Mouth closed
1713362259.488752,0.613037109375,0.7353515625,0.298583984375,Mouth closed
1713362259.525002,0.616455078125,0.740478515625,0.3046875,Mouth closed
1713362259.564522,0.615478515625,0.743896484375,0.305419921875,Mouth closed
1713362259.60522,0.617919921875,0.739990234375,0.302734375,Mouth closed
1713362259.65679,0.614990234375,0.744873046875,0.306640625,Mouth closed
1713362259.684563,0.61572265625,0.741455078125,0.30419921875,Mouth closed
1713362259.733371,0.613525390625,0.737060546875,0.294677734375,Mouth closed
1713362259.762034,0.614501953125,0.740478515625,0.3017578125,Mouth closed
1713362259.806907,0.60986328125,0.744873046875,0.30517578125,Mouth closed
1713362259.843449,0.61474609375,0.744140625,0.30078125,Mouth closed
1713362259.895568,0.61572265625,0.742919921875,0.299072265625,Mouth closed
1713362259.924005,0.6162109375,0.7431640625,0.300537109375,Mouth closed
1713362259.965334,0.612548828125,0.7421875,0.300537109375,Mouth closed
1713362260.009128,0.6123046875,0.74267578125,0.30322265625,Mouth closed
1713362260.049237,0.612060546875,0.743896484375,0.301025390625,Mouth closed
1713362260.086181,0.610107421875,0.736328125,0.299560546875,Mouth closed
1713362260.124354,0.61279296875,0.7431640625,0.305419921875,Mouth closed
1713362260.164773,0.614501953125,0.744140625,0.304443359375,Mouth closed
1713362260.204402,0.61767578125,0.74365234375,0.30029296875,Mouth closed
1713362260.245684,0.61376953125,0.73876953125,0.2998046875,Mouth closed
1713362260.284411,0.61279296875,0.741943359375,0.30224609375,Mouth closed
1713362260.321885,0.611572265625,0.744384765625,0.305419921875,Mouth closed
1713362260.363539,0.618408203125,0.74072265625,0.305419921875,Mouth closed
1713362260.407127,0.61572265625,0.739990234375,0.299560546875,Mouth closed
1713362260.444823,0.61865234375,0.743896484375,0.297607421875,Mouth closed
1713362260.495778,0.61767578125,0.742919921875,0.296630859375,Mouth closed
1713362260.523805,0.618408203125,0.741455078125,0.295654296875,Mouth closed
1713362260.570584,0.611328125,0.742431640625,0.301025390625,Mouth closed
1713362260.609054,0.615966796875,0.7412109375,0.30224609375,Mouth closed
1713362260.646799,0.619384765625,0.739990234375,0.297607421875,Mouth closed
1713362260.685139,0.61572265625,0.74169921875,0.29931640625,Mouth closed
1713362260.731147,0.615966796875,0.7412109375,0.2998046875,Mouth closed
1713362260.766778,0.612548828125,0.74365234375,0.301513671875,Mouth closed
1713362260.805801,0.615234375,0.7392578125,0.2998046875,Mouth closed
1713362260.845751,0.6181640625,0.7421875,0.30126953125,Mouth closed
1713362260.884303,0.61474609375,0.736083984375,0.29296875,Mouth closed
1713362260.924977,0.618408203125,0.743408203125,0.2978515625,Mouth closed
1713362260.965637,0.61767578125,0.74560546875,0.2998046875,Mouth closed
1713362261.004715,0.617431640625,0.741943359375,0.297119140625,Mouth closed
1713362261.044717,0.615234375,0.738525390625,0.29638671875,Mouth closed
1713362261.08906,0.61572265625,0.73974609375,0.3037109375,Mouth closed
1713362261.124738,0.61669921875,0.739990234375,0.30419921875,Mouth closed
1713362261.206511,0.619140625,0.73876953125,0.30126953125,Mouth closed
1713362261.206539,0.613525390625,0.7412109375,0.30029296875,Mouth closed
1713362261.245751,0.61865234375,0.740478515625,0.302978515625,Mouth closed
1713362261.286874,0.61962890625,0.7392578125,0.29541015625,Mouth closed
1713362261.32563,0.6171875,0.739990234375,0.298583984375,Mouth closed
1713362261.371323,0.61328125,0.743896484375,0.298828125,Mouth closed
1713362261.409148,0.614013671875,0.7431640625,0.30224609375,Mouth closed
1713362261.446604,0.619140625,0.740478515625,0.29736328125,Mouth closed
1713362261.48715,0.616455078125,0.74267578125,0.2978515625,Mouth closed
1713362261.525737,0.6181640625,0.739990234375,0.299072265625,Mouth closed
1713362261.568699,0.6123046875,0.740234375,0.301025390625,Mouth closed
1713362261.603753,0.6162109375,0.74072265625,0.302001953125,Mouth closed
1713362261.644185,0.618408203125,0.741455078125,0.300048828125,Mouth closed
1713362261.684884,0.616943359375,0.74072265625,0.296875,Mouth closed
1713362261.724844,0.62060546875,0.739501953125,0.298828125,Mouth closed
1713362261.767799,0.612548828125,0.74169921875,0.3017578125,Mouth closed
1713362261.806225,0.61962890625,0.744384765625,0.3037109375,Mouth closed
1713362261.858306,0.61376953125,0.737548828125,0.29736328125,Mouth closed
1713362261.886264,0.61669921875,0.73779296875,0.301513671875,Mouth closed
1713362261.933309,0.61328125,0.74267578125,0.30859375,Mouth closed
1713362261.96741,0.61181640625,0.739501953125,0.30615234375,Mouth closed
1713362262.018223,0.613037109375,0.741943359375,0.30322265625,Mouth closed
1713362262.05389,0.61669921875,0.74072265625,0.3037109375,Mouth closed
1713362262.094424,0.614990234375,0.744384765625,0.30322265625,Mouth closed
1713362262.132684,0.614990234375,0.739501953125,0.297607421875,Mouth closed
1713362262.168996,0.6123046875,0.73974609375,0.29833984375,Mouth closed
1713362262.207185,0.6142578125,0.74169921875,0.303466796875,Mouth closed
1713362262.246883,0.616455078125,0.741943359375,0.300537109375,Mouth closed
1713362262.285631,0.617431640625,0.7412109375,0.300537109375,Mouth closed
1713362262.324711,0.617919921875,0.74169921875,0.302001953125,Mouth closed
1713362262.365718,0.6162109375,0.741455078125,0.30224609375,Mouth closed
1713362262.407352,0.615478515625,0.740478515625,0.302734375,Mouth closed
1713362262.452677,0.61474609375,0.743408203125,0.305908203125,Mouth closed
1713362262.489634,0.616455078125,0.738037109375,0.302734375,Mouth closed
1713362262.541947,0.614013671875,0.738037109375,0.29736328125,Mouth closed
1713362262.568342,0.61865234375,0.741943359375,0.302734375,Mouth closed
1713362262.616258,0.61767578125,0.7470703125,0.30224609375,Mouth closed
1713362262.652254,0.61376953125,0.740478515625,0.2998046875,Mouth closed
1713362262.690584,0.613037109375,0.73681640625,0.299072265625,Mouth closed
1713362262.727714,0.613037109375,0.74267578125,0.304931640625,Mouth closed
1713362262.768315,0.61279296875,0.743408203125,0.305908203125,Mouth closed
1713362262.809503,0.61767578125,0.7412109375,0.301025390625,Mouth closed
1713362262.846694,0.612548828125,0.743408203125,0.303955078125,Mouth closed
1713362262.88671,0.61865234375,0.7421875,0.30029296875,Mouth closed
1713362262.925173,0.616455078125,0.738525390625,0.30126953125,Mouth closed
1713362262.964931,0.616943359375,0.741943359375,0.30078125,Mouth closed
1713362263.00579,0.614990234375,0.740478515625,0.303955078125,Mouth open
1713362263.048395,0.615478515625,0.739501953125,0.3037109375,Mouth open
1713362263.086405,0.61376953125,0.742919921875,0.299560546875,Mouth open
1713362263.137276,0.6142578125,0.74169921875,0.303466796875,Mouth open
1713362263.174443,0.618896484375,0.7431640625,0.304443359375,Mouth open
1713362263.211346,0.616943359375,0.74169921875,0.30615234375,Mouth open
1713362263.247853,0.61669921875,0.740966796875,0.3046875,Mouth open
1713362263.290567,0.616455078125,0.73828125,0.307373046875,Mouth open
1713362263.333973,0.61865234375,0.73681640625,0.302978515625,Mouth open
1713362263.371943,0.61669921875,0.741455078125,0.303955078125,Mouth open
1713362263.410315,0.62060546875,0.74169921875,0.300048828125,Mouth open
1713362263.447839,0.61474609375,0.73974609375,0.298095703125,Mouth open
1713362263.486603,0.616455078125,0.740478515625,0.30322265625,Mouth open
1713362263.525087,0.610107421875,0.741455078125,0.30615234375,Mouth open
1713362263.566629,0.6123046875,0.739501953125,0.30322265625,Mouth open
1713362263.606481,0.61376953125,0.741455078125,0.301025390625,Mouth open
1713362263.646853,0.619873046875,0.74609375,0.30029296875,Mouth open
1713362263.687442,0.61962890625,0.741455078125,0.295166015625,Mouth open
1713362263.726752,0.6171875,0.736328125,0.30029296875,Mouth open
1713362263.7669,0.60986328125,0.73828125,0.3046875,Mouth open
1713362263.810378,0.611572265625,0.741943359375,0.30126953125,Mouth open
1713362263.847181,0.617919921875,0.74169921875,0.297607421875,Mouth open
1713362263.898463,0.619873046875,0.741943359375,0.298828125,Mouth open
1713362263.933955,0.6171875,0.740478515625,0.300048828125,Mouth open
1713362263.96915,0.6171875,0.74072265625,0.30517578125,Mouth open
1713362264.010061,0.614013671875,0.73681640625,0.302978515625,Mouth open
1713362264.048941,0.617919921875,0.740966796875,0.300537109375,Mouth open
1713362264.091024,0.620361328125,0.7373046875,0.29833984375,Mouth open
1713362264.132576,0.61767578125,0.74365234375,0.29833984375,Mouth open
1713362264.167697,0.616943359375,0.744140625,0.2998046875,Mouth open
1713362264.207813,0.61669921875,0.745361328125,0.29931640625,Mouth open
1713362264.247529,0.61572265625,0.73779296875,0.296630859375,Mouth open
1713362264.286733,0.6162109375,0.7412109375,0.302490234375,Mouth open
1713362264.330673,0.61328125,0.7451171875,0.305419921875,Mouth open
1713362264.368149,0.6162109375,0.740234375,0.30078125,Mouth open
1713362264.418918,0.615478515625,0.738525390625,0.30078125,Mouth open
1713362264.457921,0.615478515625,0.74072265625,0.30322265625,Mouth open
1713362264.499972,0.61962890625,0.7392578125,0.2998046875,Mouth open
1713362264.529534,0.6201171875,0.73779296875,0.299560546875,Mouth open
1713362264.569641,0.615478515625,0.744140625,0.30029296875,Mouth open
1713362264.609315,0.6162109375,0.742431640625,0.30224609375,Mouth open
1713362264.657914,0.6171875,0.739990234375,0.300048828125,Mouth open
1713362264.695656,0.6142578125,0.73974609375,0.301025390625,Mouth open
1713362264.731743,0.616455078125,0.742431640625,0.30322265625,Mouth open
1713362264.769939,0.616943359375,0.741943359375,0.30078125,Mouth open
1713362264.807773,0.617919921875,0.743408203125,0.300048828125,Mouth open
1713362264.847853,0.620849609375,0.74169921875,0.30126953125,Mouth open
1713362264.887892,0.614990234375,0.73681640625,0.2978515625,Mouth open
1713362264.928141,0.612548828125,0.735595703125,0.29833984375,Mouth open
1713362264.968742,0.614990234375,0.739990234375,0.302490234375,Mouth open
1713362265.008842,0.61669921875,0.74462890625,0.30224609375,Mouth open
1713362265.051169,0.61181640625,0.740966796875,0.30126953125,Mouth open
1713362265.090061,0.609619140625,0.74072265625,0.3017578125,Mouth open
1713362265.128975,0.6142578125,0.74267578125,0.306396484375,Mouth open
1713362265.179388,0.61279296875,0.74365234375,0.307861328125,Mouth open
1713362265.215259,0.616455078125,0.73876953125,0.30419921875,Mouth open
1713362265.25402,0.616455078125,0.740966796875,0.300537109375,Mouth open
1713362265.289732,0.617919921875,0.743408203125,0.302734375,Mouth open
1713362265.33184,0.61474609375,0.738525390625,0.29931640625,Mouth open
1713362265.370868,0.615478515625,0.73779296875,0.30078125,Mouth open
1713362265.413991,0.6142578125,0.74267578125,0.30517578125,Mouth open
1713362265.453189,0.6171875,0.742919921875,0.30322265625,Mouth open
1713362265.489586,0.614501953125,0.7421875,0.300537109375,Mouth open
1713362265.530124,0.613037109375,0.74072265625,0.30029296875,Mouth open
1713362265.573497,0.614990234375,0.741943359375,0.3037109375,Mouth open
1713362265.612517,0.615478515625,0.74365234375,0.3046875,Mouth open
1713362265.651003,0.615478515625,0.740234375,0.3046875,Mouth open
1713362265.695454,0.613525390625,0.740966796875,0.303466796875,Mouth open
1713362265.737702,0.61376953125,0.73828125,0.30224609375,Mouth open
1713362265.773114,0.615478515625,0.740234375,0.297607421875,Mouth open
1713362265.812906,0.618408203125,0.74072265625,0.302734375,Mouth open
1713362265.854368,0.615478515625,0.739990234375,0.30078125,Mouth open
1713362265.891883,0.613525390625,0.737060546875,0.298828125,Mouth open
1713362265.939166,0.611328125,0.7412109375,0.30517578125,Mouth open
1713362265.977446,0.610595703125,0.74169921875,0.308349609375,Mouth open
1713362266.012917,0.619384765625,0.741455078125,0.302490234375,Mouth open
1713362266.053808,0.614501953125,0.739013671875,0.301025390625,Mouth open
1713362266.094161,0.61962890625,0.743408203125,0.3037109375,Mouth open
1713362266.132574,0.614990234375,0.7373046875,0.296630859375,Mouth open
1713362266.173721,0.615478515625,0.7373046875,0.30029296875,Mouth open
1713362266.211968,0.610107421875,0.7412109375,0.3046875,Mouth open
1713362266.25145,0.61474609375,0.741943359375,0.302490234375,Mouth open
1713362266.297639,0.61474609375,0.7412109375,0.296875,Mouth open
1713362266.333478,0.612548828125,0.740478515625,0.3017578125,Mouth open
1713362266.37187,0.6123046875,0.741943359375,0.305908203125,Mouth open
1713362266.41284,0.61474609375,0.740478515625,0.3056640625,Mouth open
1713362266.459954,0.61376953125,0.74267578125,0.306396484375,Mouth open
1713362266.496203,0.611083984375,0.73974609375,0.303955078125,Mouth open
1713362266.534585,0.614013671875,0.739013671875,0.299560546875,Mouth open
1713362266.574737,0.615234375,0.73974609375,0.30078125,Mouth open
1713362266.613112,0.617431640625,0.744384765625,0.30126953125,Mouth open
1713362266.654175,0.61376953125,0.739501953125,0.298095703125,Mouth open
1713362266.69402,0.61474609375,0.740478515625,0.29833984375,Mouth open
1713362266.735962,0.61669921875,0.738525390625,0.30126953125,Mouth open
1713362266.774387,0.61328125,0.742919921875,0.3037109375,Mouth open
1713362266.817928,0.619384765625,0.739990234375,0.302001953125,Mouth open
1713362266.852795,0.6181640625,0.73193359375,0.308837890625,Mouth open
1713362266.89211,0.6279296875,0.74169921875,0.28515625,Mouth open
1713362266.931928,0.61572265625,0.742431640625,0.30224609375,Mouth open
1713362266.983249,0.6240234375,0.739501953125,0.290283203125,Mouth open
1713362267.013985,0.61474609375,0.73828125,0.30224609375,Mouth open
1713362267.062753,0.619140625,0.737060546875,0.293212890625,Mouth open
1713362267.093834,0.6220703125,0.743896484375,0.2978515625,Mouth open
1713362267.136407,0.62353515625,0.739501953125,0.294921875,Mouth open
1713362267.175805,0.618408203125,0.732666015625,0.294677734375,Mouth open
1713362267.21421,0.627197265625,0.730712890625,0.287109375,Mouth open
1713362267.254163,0.633544921875,0.732421875,0.284912109375,Mouth open
1713362267.294681,0.636474609375,0.731689453125,0.272705078125,Mouth open
1713362267.334748,0.635986328125,0.731201171875,0.278076171875,Mouth open
1713362267.376446,0.635009765625,0.734130859375,0.275146484375,Mouth open
1713362267.414845,0.633544921875,0.73828125,0.276611328125,Mouth open
1713362267.456385,0.6328125,0.735107421875,0.27587890625,Mouth open
1713362267.495304,0.6318359375,0.73291015625,0.275390625,Mouth open
1713362267.535686,0.633056640625,0.732421875,0.275634765625,Mouth open
1713362267.584245,0.6298828125,0.737548828125,0.27978515625,Mouth open
1713362267.62105,0.62890625,0.7392578125,0.28515625,Mouth open
1713362267.659436,0.631591796875,0.734619140625,0.274169921875,Mouth open
1713362267.696242,0.631103515625,0.741455078125,0.28564453125,Mouth open
1713362267.735641,0.625244140625,0.739990234375,0.2890625,Mouth open
1713362267.775941,0.628173828125,0.736328125,0.281494140625,Mouth open
1713362267.816821,0.628662109375,0.735595703125,0.281494140625,Mouth open
1713362267.858753,0.634765625,0.738525390625,0.2763671875,Mouth open
1713362267.897063,0.630859375,0.7353515625,0.277587890625,Mouth open
1713362267.935596,0.633544921875,0.736572265625,0.282958984375,Mouth open
1713362267.97977,0.627685546875,0.736328125,0.28515625,Mouth open
1713362268.016739,0.627685546875,0.73681640625,0.291259765625,Mouth open
1713362268.057596,0.62548828125,0.736083984375,0.287353515625,Mouth open
1713362268.09657,0.62060546875,0.733642578125,0.283935546875,Mouth open
1713362268.138675,0.625,0.733154296875,0.2880859375,Mouth open
1713362268.176121,0.624267578125,0.739501953125,0.285400390625,Mouth open
1713362268.21368,0.625244140625,0.73974609375,0.286865234375,Mouth open
1713362268.253879,0.624267578125,0.7392578125,0.283935546875,Mouth open
1713362268.29642,0.620849609375,0.7373046875,0.289794921875,Mouth open
1713362268.33752,0.626220703125,0.740478515625,0.29052734375,Mouth open
1713362268.375947,0.623779296875,0.73974609375,0.2880859375,Mouth open
1713362268.415567,0.629150390625,0.735107421875,0.28466796875,Mouth open
1713362268.456707,0.626708984375,0.73779296875,0.28369140625,Mouth open
1713362268.496339,0.6279296875,0.73876953125,0.28662109375,Mouth open
1713362268.536083,0.62646484375,0.73583984375,0.284912109375,Mouth open
1713362268.580285,0.623046875,0.739013671875,0.283447265625,Mouth open
1713362268.617123,0.624755859375,0.739990234375,0.289306640625,Mouth open
1713362268.656879,0.62451171875,0.7421875,0.293701171875,Mouth open
1713362268.697757,0.62255859375,0.738525390625,0.28662109375,Mouth open
1713362268.741987,0.622802734375,0.737548828125,0.283203125,Mouth open
1713362268.777456,0.624267578125,0.74169921875,0.287109375,Mouth open
1713362268.826436,0.627685546875,0.73779296875,0.295166015625,Mouth open
1713362268.855726,0.622802734375,0.73388671875,0.291259765625,Mouth open
1713362268.903734,0.6220703125,0.735107421875,0.29150390625,Mouth open
1713362268.94445,0.62548828125,0.737060546875,0.290771484375,Mouth open
1713362268.981705,0.62841796875,0.741455078125,0.288330078125,Mouth open
1713362269.019659,0.626953125,0.735595703125,0.28759765625,Mouth open
1713362269.058741,0.62353515625,0.734375,0.292236328125,Mouth open
1713362269.097654,0.6220703125,0.7412109375,0.296142578125,Mouth open
1713362269.137744,0.6259765625,0.740234375,0.2939453125,Mouth open
1713362269.178575,0.629150390625,0.7353515625,0.292724609375,Mouth open
1713362269.218767,0.622802734375,0.739990234375,0.2890625,Mouth open
1713362269.259484,0.627685546875,0.738525390625,0.292724609375,Mouth open
1713362269.303438,0.628173828125,0.7333984375,0.289306640625,Mouth open
1713362269.33878,0.624755859375,0.73828125,0.2890625,Mouth open
1713362269.3817,0.623291015625,0.741455078125,0.29296875,Mouth open
1713362269.419049,0.622314453125,0.737548828125,0.29150390625,Mouth open
1713362269.458416,0.62646484375,0.73876953125,0.29052734375,Mouth open
1713362269.497802,0.6220703125,0.73828125,0.291748046875,Mouth open
1713362269.537312,0.62109375,0.736328125,0.29443359375,Mouth open
1713362269.578364,0.62548828125,0.73828125,0.29638671875,Mouth open
1713362269.617579,0.62109375,0.733642578125,0.291015625,Mouth open
1713362269.658528,0.624755859375,0.730712890625,0.287841796875,Mouth open
1713362269.702629,0.622314453125,0.734130859375,0.292236328125,Mouth open
1713362269.738635,0.623779296875,0.737060546875,0.29248046875,Mouth open
1713362269.779156,0.623779296875,0.736083984375,0.287353515625,Mouth open
1713362269.820347,0.627685546875,0.736572265625,0.290283203125,Mouth open
1713362269.859592,0.625,0.73876953125,0.29541015625,Mouth open
1713362269.905055,0.625244140625,0.737548828125,0.294189453125,Mouth open
1713362269.94409,0.627197265625,0.736572265625,0.2880859375,Mouth open
1713362269.983327,0.623046875,0.737060546875,0.28955078125,Mouth open
1713362270.019927,0.626708984375,0.74072265625,0.29150390625,Mouth open
1713362270.059835,0.623291015625,0.737060546875,0.287353515625,Mouth open
1713362270.104987,0.6220703125,0.736328125,0.2880859375,Mouth open
1713362270.142102,0.61572265625,0.741943359375,0.294677734375,Mouth open
1713362270.179268,0.622314453125,0.741943359375,0.292236328125,Mouth open
1713362270.23471,0.62548828125,0.73828125,0.290771484375,Mouth open
1713362270.259815,0.623291015625,0.740478515625,0.29296875,Mouth open
1713362270.307527,0.623291015625,0.740966796875,0.295654296875,Mouth open
1713362270.346335,0.621337890625,0.736572265625,0.294189453125,Mouth open
1713362270.382377,0.625,0.737548828125,0.292724609375,Mouth open
1713362270.420035,0.62255859375,0.739013671875,0.2900390625,Mouth open
1713362270.462126,0.624755859375,0.73974609375,0.288818359375,Mouth open
1713362270.501195,0.61962890625,0.73974609375,0.289794921875,Mouth open
1713362270.541832,0.62646484375,0.743896484375,0.290283203125,Mouth open
1713362270.580614,0.619140625,0.738037109375,0.288330078125,Mouth open
1713362270.621557,0.623046875,0.73779296875,0.289306640625,Mouth open
1713362270.665538,0.62158203125,0.734375,0.294677734375,Mouth open
1713362270.702142,0.625244140625,0.739501953125,0.295654296875,Mouth open
1713362270.739798,0.62548828125,0.736572265625,0.28955078125,Mouth open
1713362270.778718,0.621826171875,0.739013671875,0.291748046875,Mouth open
1713362270.824095,0.62451171875,0.74072265625,0.29150390625,Mouth open
1713362270.859078,0.624267578125,0.740966796875,0.291259765625,Mouth open
1713362270.89776,0.61962890625,0.740966796875,0.291015625,Mouth open
1713362270.938826,0.617431640625,0.74169921875,0.29638671875,Mouth open
1713362270.987249,0.62255859375,0.73974609375,0.29052734375,Mouth open
1713362271.022562,0.623291015625,0.740966796875,0.288818359375,Mouth open
1713362271.060514,0.625244140625,0.738037109375,0.2919921875,Mouth open
1713362271.100125,0.6201171875,0.73681640625,0.29296875,Mouth open
1713362271.139641,0.622802734375,0.734375,0.296142578125,Mouth open
1713362271.179728,0.6240234375,0.738525390625,0.2919921875,Mouth open
1713362271.220594,0.622802734375,0.7373046875,0.296875,Mouth open
1713362271.260901,0.622802734375,0.737060546875,0.294189453125,Mouth open
1713362271.301455,0.620361328125,0.733642578125,0.28955078125,Mouth open
1713362271.344892,0.62744140625,0.73974609375,0.29248046875,Mouth open
1713362271.380146,0.6220703125,0.7421875,0.2939453125,Mouth open
1713362271.419226,0.62158203125,0.740234375,0.2919921875,Mouth open
1713362271.459669,0.62353515625,0.73486328125,0.291015625,Mouth open
1713362271.507502,0.622314453125,0.7373046875,0.294189453125,Mouth open
1713362271.543824,0.62109375,0.740966796875,0.300048828125,Mouth open
1713362271.583311,0.625,0.738525390625,0.292236328125,Mouth open
1713362271.61971,0.6220703125,0.7373046875,0.289306640625,Mouth open
1713362271.660081,0.626220703125,0.743896484375,0.295654296875,Mouth open
1713362271.702631,0.6220703125,0.738037109375,0.289794921875,Mouth open
1713362271.742507,0.619873046875,0.737548828125,0.29052734375,Mouth open
1713362271.781184,0.618408203125,0.73779296875,0.294921875,Mouth open
1713362271.821537,0.62060546875,0.742919921875,0.296630859375,Mouth open
1713362271.865083,0.622314453125,0.739501953125,0.291748046875,Mouth open
1713362271.902034,0.6220703125,0.73974609375,0.2919921875,Mouth open
1713362271.948045,0.62548828125,0.73583984375,0.294677734375,Mouth open
1713362271.98125,0.621826171875,0.7373046875,0.296875,Mouth open
1713362272.020542,0.62451171875,0.7373046875,0.298095703125,Mouth open
1713362272.062579,0.623779296875,0.7373046875,0.29931640625,Mouth open
1713362272.101218,0.62353515625,0.73486328125,0.29443359375,Mouth open
1713362272.140492,0.624267578125,0.736328125,0.2890625,Mouth open
1713362272.189459,0.6240234375,0.737060546875,0.292724609375,Mouth open
1713362272.226886,0.620361328125,0.741943359375,0.29345703125,Mouth open
1713362272.26591,0.625,0.7412109375,0.291259765625,Mouth open
1713362272.301202,0.61962890625,0.73486328125,0.291259765625,Mouth open
1713362272.343151,0.623046875,0.73486328125,0.298095703125,Mouth open
1713362272.382936,0.62060546875,0.741455078125,0.297607421875,Mouth open
1713362272.425988,0.627197265625,0.73876953125,0.294921875,Mouth open
1713362272.46218,0.62255859375,0.73828125,0.296630859375,Mouth open
1713362272.503253,0.626708984375,0.740966796875,0.298828125,Mouth open
1713362272.547141,0.623046875,0.7333984375,0.29345703125,Mouth open
1713362272.582867,0.62060546875,0.73681640625,0.29443359375,Mouth open
1713362272.628322,0.619384765625,0.73828125,0.2978515625,Mouth open
1713362272.662201,0.62255859375,0.738525390625,0.293701171875,Mouth open
1713362272.710882,0.621337890625,0.739013671875,0.294189453125,Mouth open
1713362272.746558,0.6240234375,0.737548828125,0.29345703125,Mouth open
1713362272.787126,0.623291015625,0.736572265625,0.296875,Mouth open
1713362272.821424,0.620361328125,0.737060546875,0.29833984375,Mouth open
1713362272.861083,0.6259765625,0.736572265625,0.2978515625,Mouth open
1713362272.903921,0.62353515625,0.7333984375,0.293701171875,Mouth open
1713362272.94718,0.625244140625,0.73486328125,0.2919921875,Mouth open
1713362272.981578,0.626953125,0.73583984375,0.293701171875,Mouth open
1713362273.022242,0.626708984375,0.734619140625,0.29541015625,Mouth open
1713362273.062259,0.618408203125,0.739990234375,0.2978515625,Mouth open
1713362273.105319,0.62255859375,0.740966796875,0.2978515625,Mouth open
1713362273.144798,0.619873046875,0.73486328125,0.2958984375,Mouth open
1713362273.185315,0.62353515625,0.734619140625,0.29638671875,Mouth open
1713362273.23325,0.618408203125,0.736572265625,0.299072265625,Mouth open
1713362273.265224,0.62353515625,0.734375,0.297607421875,Mouth open
1713362273.304129,0.6171875,0.736572265625,0.296630859375,Mouth open
1713362273.34342,0.623779296875,0.740234375,0.294921875,Mouth open
1713362273.392216,0.62353515625,0.739013671875,0.2958984375,Mouth open
1713362273.427935,0.623046875,0.736083984375,0.294189453125,Mouth open
1713362273.462185,0.619140625,0.734130859375,0.2939453125,Mouth open
1713362273.50599,0.62109375,0.740234375,0.298828125,Mouth open
1713362273.541739,0.62109375,0.735595703125,0.295166015625,Mouth open
1713362273.582552,0.624267578125,0.73681640625,0.29248046875,Mouth open
1713362273.622536,0.62109375,0.738037109375,0.297119140625,Mouth open
1713362273.664499,0.6201171875,0.7373046875,0.30029296875,Mouth open
1713362273.704329,0.623046875,0.737060546875,0.299560546875,Mouth open
1713362273.743733,0.620849609375,0.738037109375,0.2998046875,Mouth open
1713362273.786282,0.62060546875,0.737060546875,0.29296875,Mouth open
1713362273.824285,0.622802734375,0.738037109375,0.294189453125,Mouth open
1713362273.864697,0.62353515625,0.736328125,0.29248046875,Mouth open
1713362273.914012,0.62646484375,0.736328125,0.293212890625,Mouth open
1713362273.949403,0.618408203125,0.738037109375,0.293701171875,Mouth open
1713362273.987155,0.62451171875,0.743896484375,0.296875,Mouth open
1713362274.024626,0.6220703125,0.7353515625,0.290283203125,Mouth open
1713362274.062373,0.618408203125,0.735595703125,0.293212890625,Mouth open
1713362274.101491,0.62255859375,0.7373046875,0.295166015625,Mouth open
1713362274.141568,0.622314453125,0.739501953125,0.2978515625,Mouth open
1713362274.182041,0.62353515625,0.738037109375,0.2939453125,Mouth open
1713362274.22264,0.619873046875,0.73828125,0.294921875,Mouth open
1713362274.262947,0.62255859375,0.7412109375,0.292724609375,Mouth open
1713362274.306371,0.624755859375,0.73876953125,0.28857421875,Mouth open
1713362274.34551,0.619873046875,0.740234375,0.29296875,Mouth open
1713362274.383141,0.623291015625,0.741455078125,0.295654296875,Mouth open
1713362274.434494,0.622802734375,0.740966796875,0.29296875,Mouth open
1713362274.472963,0.6240234375,0.73876953125,0.290283203125,Mouth open
1713362274.513218,0.62109375,0.737548828125,0.29296875,Mouth open
1713362274.544641,0.622802734375,0.734130859375,0.29248046875,Mouth open
1713362274.593278,0.62060546875,0.73828125,0.29638671875,Mouth open
1713362274.621424,0.61962890625,0.737060546875,0.29541015625,Mouth open
1713362274.667211,0.61962890625,0.73583984375,0.294921875,Mouth open
1713362274.703516,0.623291015625,0.737548828125,0.29443359375,Mouth open
1713362274.742462,0.625,0.73828125,0.293212890625,Mouth open
1713362274.782832,0.61962890625,0.7373046875,0.29296875,Mouth open
1713362274.822701,0.623046875,0.735107421875,0.297119140625,Mouth open
1713362274.863484,0.622314453125,0.73876953125,0.29736328125,Mouth open
1713362274.906123,0.620849609375,0.73779296875,0.299072265625,Mouth open
1713362274.942893,0.619140625,0.7373046875,0.29443359375,Mouth open
1713362274.986645,0.62353515625,0.73583984375,0.2958984375,Mouth open
1713362275.025765,0.62060546875,0.73828125,0.297607421875,Mouth open
1713362275.064991,0.6240234375,0.74169921875,0.300048828125,Mouth open
1713362275.113889,0.620849609375,0.73681640625,0.2939453125,Mouth open
1713362275.149581,0.621826171875,0.740478515625,0.29736328125,Mouth open
1713362275.187894,0.621826171875,0.7373046875,0.2939453125,Mouth open
1713362275.225428,0.6220703125,0.736572265625,0.288818359375,Mouth open
1713362275.265145,0.6220703125,0.740478515625,0.297119140625,Mouth open
1713362275.30591,0.6201171875,0.739990234375,0.29931640625,Mouth open
1713362275.346738,0.62060546875,0.74169921875,0.29541015625,Mouth open
1713362275.382539,0.620849609375,0.73828125,0.294921875,Mouth open
1713362275.423789,0.617919921875,0.73828125,0.29931640625,Mouth open
1713362275.463532,0.621826171875,0.73828125,0.2978515625,Mouth open
1713362275.507048,0.62158203125,0.739990234375,0.298095703125,Mouth open
1713362275.545601,0.62060546875,0.73828125,0.300048828125,Mouth open
1713362275.585997,0.6220703125,0.73828125,0.295654296875,Mouth open
1713362275.633467,0.625244140625,0.73681640625,0.295166015625,Mouth open
1713362275.672445,0.624267578125,0.735107421875,0.29345703125,Mouth open
1713362275.709774,0.62255859375,0.740478515625,0.296142578125,Mouth open
1713362275.745794,0.622802734375,0.739501953125,0.29443359375,Mouth open
1713362275.78801,0.619873046875,0.734130859375,0.296875,Mouth open
1713362275.833138,0.618408203125,0.73779296875,0.297607421875,Mouth open
1713362275.869467,0.619140625,0.741943359375,0.299560546875,Mouth open
1713362275.906078,0.62109375,0.736572265625,0.29736328125,Mouth open
1713362275.945159,0.614990234375,0.73828125,0.293212890625,Mouth open
1713362275.983391,0.6259765625,0.743896484375,0.296630859375,Mouth open
1713362276.023424,0.61962890625,0.73779296875,0.294189453125,Mouth open
1713362276.063614,0.62255859375,0.73681640625,0.293701171875,Mouth open
1713362276.104888,0.620361328125,0.740234375,0.29833984375,Mouth open
1713362276.144911,0.6181640625,0.7412109375,0.297607421875,Mouth open
1713362276.188577,0.618408203125,0.73876953125,0.295166015625,Mouth open
1713362276.22811,0.61962890625,0.741943359375,0.296875,Mouth open
1713362276.264801,0.619873046875,0.737060546875,0.295166015625,Mouth open
1713362276.317221,0.618408203125,0.737548828125,0.2978515625,Mouth open
1713362276.346021,0.621826171875,0.739501953125,0.300537109375,Mouth open
1713362276.391763,0.61669921875,0.736328125,0.299072265625,Mouth open
1713362276.430895,0.61669921875,0.73388671875,0.294921875,Mouth open
1713362276.466608,0.620361328125,0.738525390625,0.294677734375,Mouth open
1713362276.506433,0.62255859375,0.742431640625,0.296142578125,Mouth open
1713362276.547349,0.620361328125,0.73876953125,0.294189453125,Mouth open
1713362276.587086,0.618408203125,0.73779296875,0.296142578125,Mouth open
1713362276.62734,0.620361328125,0.740234375,0.298828125,Mouth open
1713362276.666985,0.6181640625,0.740966796875,0.296630859375,Mouth open
1713362276.705763,0.624267578125,0.742919921875,0.297607421875,Mouth open
1713362276.749415,0.61767578125,0.73828125,0.29541015625,Mouth open
1713362276.787085,0.623291015625,0.741455078125,0.294677734375,Mouth open
1713362276.83417,0.6171875,0.736572265625,0.29345703125,Mouth open
1713362276.874855,0.620849609375,0.740966796875,0.293212890625,Mouth open
1713362276.913205,0.6162109375,0.7392578125,0.295654296875,Mouth open
1713362276.94849,0.6181640625,0.740966796875,0.29638671875,Mouth open
1713362276.988907,0.6201171875,0.7421875,0.29345703125,Mouth open
1713362277.034318,0.62109375,0.7412109375,0.293212890625,Mouth open
1713362277.072062,0.61865234375,0.743408203125,0.293212890625,Mouth open
1713362277.109163,0.615966796875,0.7373046875,0.29443359375,Mouth open
1713362277.148992,0.62109375,0.739990234375,0.297607421875,Mouth open
1713362277.189761,0.621337890625,0.73779296875,0.295166015625,Mouth open
1713362277.229256,0.621337890625,0.7431640625,0.292236328125,Mouth open
1713362277.266342,0.6142578125,0.74267578125,0.295166015625,Mouth open
1713362277.307648,0.622802734375,0.744140625,0.293701171875,Mouth open
1713362277.346344,0.614013671875,0.740478515625,0.290283203125,Mouth open
1713362277.387636,0.617919921875,0.7421875,0.292724609375,Mouth open
1713362277.44056,0.619140625,0.740478515625,0.294677734375,Mouth open
1713362277.467481,0.61962890625,0.7392578125,0.292724609375,Mouth open
1713362277.509035,0.616943359375,0.739990234375,0.2919921875,Mouth open
1713362277.551785,0.6201171875,0.740966796875,0.29541015625,Mouth open
1713362277.589497,0.619384765625,0.739013671875,0.2958984375,Mouth open
1713362277.629631,0.623046875,0.739013671875,0.290771484375,Mouth open
1713362277.669653,0.6171875,0.7392578125,0.294189453125,Mouth open
1713362277.709894,0.61767578125,0.742431640625,0.30029296875,Mouth open
1713362277.749343,0.61669921875,0.739013671875,0.296142578125,Mouth open
1713362277.790074,0.616455078125,0.740478515625,0.29541015625,Mouth open
1713362277.830377,0.617431640625,0.741455078125,0.300537109375,Mouth open
1713362277.871337,0.614501953125,0.7412109375,0.298583984375,Mouth open
1713362277.911917,0.621337890625,0.7431640625,0.299560546875,Mouth open
1713362277.949906,0.62060546875,0.739990234375,0.295166015625,Mouth open
1713362277.989457,0.620849609375,0.7392578125,0.29736328125,Mouth open
1713362278.02834,0.6201171875,0.73974609375,0.2958984375,Mouth closed
1713362278.071541,0.620849609375,0.745361328125,0.297119140625,Mouth closed
1713362278.111378,0.618408203125,0.735595703125,0.290771484375,Mouth closed
1713362278.150426,0.618896484375,0.73486328125,0.299072265625,Mouth closed
1713362278.190456,0.617431640625,0.73876953125,0.296630859375,Mouth closed
1713362278.231148,0.6201171875,0.73681640625,0.2958984375,Mouth closed
1713362278.271674,0.6171875,0.7412109375,0.29345703125,Mouth closed
1713362278.310467,0.623291015625,0.7421875,0.298828125,Mouth closed
1713362278.356876,0.618408203125,0.738525390625,0.294189453125,Mouth closed
1713362278.393157,0.61767578125,0.735107421875,0.292724609375,Mouth closed
1713362278.433477,0.6162109375,0.7392578125,0.300048828125,Mouth closed
1713362278.473906,0.6171875,0.74169921875,0.296875,Mouth closed
1713362278.512301,0.616455078125,0.7392578125,0.294921875,Mouth closed
1713362278.552548,0.61767578125,0.73193359375,0.290283203125,Mouth closed
1713362278.606038,0.625,0.738037109375,0.30224609375,Mouth closed
1713362278.630294,0.61865234375,0.741455078125,0.302734375,Mouth closed
1713362278.676214,0.619140625,0.742919921875,0.301025390625,Mouth closed
1713362278.709824,0.616943359375,0.7412109375,0.294677734375,Mouth closed
1713362278.758014,0.62060546875,0.73681640625,0.2880859375,Mouth closed
1713362278.795907,0.622802734375,0.740966796875,0.2880859375,Mouth closed
1713362278.834838,0.624755859375,0.740234375,0.284912109375,Mouth closed
1713362278.872296,0.6201171875,0.739501953125,0.285888671875,Mouth closed
1713362278.911641,0.619384765625,0.740478515625,0.290771484375,Mouth closed
1713362278.952725,0.6181640625,0.7431640625,0.294921875,Mouth closed
1713362278.993384,0.62158203125,0.742431640625,0.294677734375,Mouth closed
1713362279.033789,0.6181640625,0.740234375,0.2900390625,Mouth closed
1713362279.075642,0.61767578125,0.745361328125,0.292724609375,Mouth closed
1713362279.112502,0.616943359375,0.73876953125,0.289794921875,Mouth closed
1713362279.153097,0.616943359375,0.7421875,0.292724609375,Mouth closed
1713362279.193515,0.616455078125,0.744140625,0.29638671875,Mouth closed
1713362279.233479,0.617919921875,0.74267578125,0.29638671875,Mouth closed
1713362279.272516,0.61865234375,0.739501953125,0.29150390625,Mouth closed
1713362279.312057,0.61962890625,0.740234375,0.289306640625,Mouth closed
1713362279.349478,0.621826171875,0.74169921875,0.291259765625,Mouth closed
1713362279.390295,0.619384765625,0.739501953125,0.2890625,Mouth closed
1713362279.434046,0.6240234375,0.73974609375,0.29443359375,Mouth closed
1713362279.490632,0.6259765625,0.7373046875,0.2900390625,Mouth closed
1713362279.511313,0.623779296875,0.73974609375,0.292236328125,Mouth closed
1713362279.551302,0.6162109375,0.747314453125,0.29150390625,Mouth closed
1713362279.592524,0.618408203125,0.746826171875,0.293701171875,Mouth closed
1713362279.633081,0.615234375,0.740234375,0.287353515625,Mouth closed
1713362279.671582,0.613525390625,0.74072265625,0.29443359375,Mouth closed
1713362279.715026,0.614501953125,0.744140625,0.2958984375,Mouth closed
1713362279.75246,0.61962890625,0.73974609375,0.29345703125,Mouth closed
1713362279.79229,0.61962890625,0.7353515625,0.289794921875,Mouth closed
1713362279.836498,0.62255859375,0.744140625,0.297119140625,Mouth closed
1713362279.872703,0.6181640625,0.7431640625,0.2939453125,Mouth closed
1713362279.913073,0.619384765625,0.738525390625,0.29052734375,Mouth closed
1713362279.952044,0.61962890625,0.73583984375,0.295654296875,Mouth closed
1713362279.995363,0.620849609375,0.7431640625,0.295166015625,Mouth closed
1713362280.031252,0.62158203125,0.7412109375,0.294921875,Mouth closed
1713362280.082748,0.618896484375,0.737548828125,0.287353515625,Mouth closed
1713362280.117245,0.619140625,0.740966796875,0.295654296875,Mouth closed
1713362280.156474,0.617431640625,0.7421875,0.30078125,Mouth closed
1713362280.192533,0.615966796875,0.742431640625,0.297607421875,Mouth closed
1713362280.232007,0.619140625,0.7392578125,0.297119140625,Mouth closed
1713362280.275093,0.62353515625,0.739013671875,0.29638671875,Mouth closed
1713362280.315614,0.620849609375,0.739501953125,0.292724609375,Mouth closed
1713362280.352274,0.616455078125,0.74169921875,0.296630859375,Mouth closed
1713362280.393596,0.6171875,0.7421875,0.30029296875,Mouth closed
1713362280.43361,0.615966796875,0.73876953125,0.293701171875,Mouth closed
1713362280.47783,0.621826171875,0.740478515625,0.300048828125,Mouth closed
1713362280.516396,0.61572265625,0.7392578125,0.299560546875,Mouth closed
1713362280.553314,0.616943359375,0.737060546875,0.299560546875,Mouth closed
1713362280.604668,0.614013671875,0.74072265625,0.296630859375,Mouth closed
1713362280.631842,0.620849609375,0.7412109375,0.298828125,Mouth closed
1713362280.672343,0.62255859375,0.74462890625,0.29638671875,Mouth closed
1713362280.71558,0.619873046875,0.738037109375,0.296630859375,Mouth closed
1713362280.758369,0.623046875,0.739501953125,0.298828125,Mouth closed
1713362280.79139,0.6171875,0.735595703125,0.30078125,Mouth closed
1713362280.835028,0.618408203125,0.739501953125,0.29736328125,Mouth closed
1713362280.875114,0.623779296875,0.737060546875,0.294677734375,Mouth closed
1713362280.91353,0.623779296875,0.735595703125,0.296630859375,Mouth closed
1713362280.954244,0.62109375,0.737060546875,0.29638671875,Mouth closed
1713362280.993418,0.619384765625,0.732666015625,0.29736328125,Mouth closed
1713362281.034453,0.621826171875,0.735595703125,0.295654296875,Mouth closed
1713362281.075192,0.61962890625,0.736083984375,0.29736328125,Mouth closed
1713362281.115044,0.623291015625,0.73876953125,0.297119140625,Mouth closed
1713362281.157414,0.621826171875,0.738037109375,0.296630859375,Mouth closed
1713362281.197172,0.61767578125,0.741455078125,0.2998046875,Mouth closed
1713362281.234052,0.622802734375,0.744384765625,0.298828125,Mouth closed
1713362281.285901,0.617431640625,0.737060546875,0.294677734375,Mouth closed
1713362281.31313,0.617431640625,0.73681640625,0.296630859375,Mouth closed
1713362281.354079,0.617919921875,0.74169921875,0.29833984375,Mouth closed
1713362281.398507,0.620849609375,0.742431640625,0.29248046875,Mouth closed
1713362281.436793,0.616455078125,0.738037109375,0.2900390625,Mouth closed
1713362281.474243,0.62646484375,0.7431640625,0.2939453125,Mouth closed
1713362281.514928,0.621337890625,0.73779296875,0.2919921875,Mouth closed
1713362281.554308,0.626708984375,0.736328125,0.288330078125,Mouth closed
1713362281.596115,0.621337890625,0.736328125,0.289794921875,Mouth closed
1713362281.634497,0.62255859375,0.7431640625,0.29443359375,Mouth closed
1713362281.67451,0.623046875,0.740234375,0.2890625,Mouth closed
1713362281.720397,0.62255859375,0.73828125,0.2890625,Mouth closed
1713362281.756367,0.61767578125,0.741455078125,0.293212890625,Mouth closed
1713362281.809056,0.6171875,0.74169921875,0.295166015625,Mouth closed
1713362281.836242,0.62109375,0.7373046875,0.293701171875,Mouth closed
1713362281.877609,0.62255859375,0.740234375,0.290771484375,Mouth closed
1713362281.920207,0.619140625,0.737548828125,0.28662109375,Mouth closed
1713362281.957766,0.61865234375,0.736083984375,0.288818359375,Mouth closed
1713362281.995138,0.6220703125,0.738525390625,0.286376953125,Mouth closed
1713362282.036963,0.625732421875,0.740478515625,0.2880859375,Mouth closed
1713362282.079553,0.629150390625,0.740478515625,0.283203125,Mouth closed
1713362282.118084,0.62353515625,0.73583984375,0.2978515625,Mouth closed
1713362282.156477,0.630859375,0.735595703125,0.27880859375,Mouth closed
1713362282.197043,0.618408203125,0.7421875,0.296142578125,Mouth closed
1713362282.237631,0.629638671875,0.72412109375,0.28466796875,Mouth closed
1713362282.276691,0.634033203125,0.73681640625,0.2861328125,Mouth closed
1713362282.318122,0.62548828125,0.73779296875,0.294677734375,Mouth closed
1713362282.357609,0.63134765625,0.73876953125,0.28662109375,Mouth closed
1713362282.403056,0.627197265625,0.743896484375,0.2978515625,Mouth closed
1713362282.439424,0.617919921875,0.740478515625,0.284423828125,Mouth closed
1713362282.479663,0.621337890625,0.7470703125,0.29443359375,Mouth closed
1713362282.517491,0.618408203125,0.745849609375,0.29296875,Mouth closed
1713362282.56575,0.62109375,0.73974609375,0.286376953125,Mouth closed
1713362282.601843,0.62060546875,0.7392578125,0.2880859375,Mouth closed
1713362282.639982,0.6220703125,0.7421875,0.28515625,Mouth closed
1713362282.677461,0.62060546875,0.742431640625,0.286376953125,Mouth closed
1713362282.717764,0.62060546875,0.740966796875,0.28662109375,Mouth closed
1713362282.758454,0.624267578125,0.739990234375,0.286376953125,Mouth closed
1713362282.800009,0.62646484375,0.74267578125,0.283935546875,Mouth closed
1713362282.837665,0.622802734375,0.740966796875,0.2822265625,Mouth closed
1713362282.87884,0.61669921875,0.7421875,0.286376953125,Mouth closed
1713362282.92294,0.621826171875,0.74462890625,0.287353515625,Mouth closed
1713362282.958322,0.616943359375,0.736572265625,0.28271484375,Mouth closed
1713362283.01086,0.621337890625,0.740478515625,0.289794921875,Mouth closed
1713362283.039251,0.6181640625,0.7421875,0.294677734375,Mouth closed
1713362283.085547,0.6220703125,0.74072265625,0.296875,Mouth closed
1713362283.123265,0.618896484375,0.736328125,0.291015625,Mouth closed
1713362283.161126,0.618408203125,0.7421875,0.290771484375,Mouth closed
1713362283.198712,0.619384765625,0.7470703125,0.28857421875,Mouth closed
1713362283.241366,0.623779296875,0.73974609375,0.283935546875,Mouth closed
1713362283.281918,0.6181640625,0.73974609375,0.28759765625,Mouth closed
1713362283.319461,0.61865234375,0.741943359375,0.285888671875,Mouth closed
1713362283.360017,0.619140625,0.7451171875,0.2861328125,Mouth closed
1713362283.398648,0.62353515625,0.744384765625,0.283935546875,Mouth closed
1713362283.438421,0.6220703125,0.7412109375,0.28759765625,Mouth closed
1713362283.482346,0.6240234375,0.7451171875,0.28857421875,Mouth closed
1713362283.520114,0.619140625,0.742919921875,0.28662109375,Mouth closed
1713362283.562475,0.61962890625,0.739013671875,0.289306640625,Mouth closed
1713362283.599349,0.622314453125,0.742431640625,0.290283203125,Mouth closed
1713362283.64148,0.6240234375,0.738037109375,0.285888671875,Mouth closed
1713362283.68023,0.6171875,0.73291015625,0.283447265625,Mouth closed
1713362283.721436,0.6240234375,0.740234375,0.2861328125,Mouth closed
1713362283.770128,0.625732421875,0.744873046875,0.283935546875,Mouth closed
1713362283.808138,0.6259765625,0.7412109375,0.28466796875,Mouth closed
1713362283.844571,0.619873046875,0.740234375,0.2861328125,Mouth closed
1713362283.880492,0.623046875,0.741455078125,0.285888671875,Mouth closed
1713362283.918547,0.620361328125,0.74072265625,0.286865234375,Mouth closed
1713362283.958672,0.6259765625,0.7421875,0.28173828125,Mouth closed
1713362283.999227,0.624267578125,0.7373046875,0.281494140625,Mouth closed
1713362284.03935,0.623779296875,0.74267578125,0.29052734375,Mouth closed
1713362284.079737,0.619873046875,0.73974609375,0.293701171875,Mouth closed
1713362284.120325,0.618896484375,0.73486328125,0.291015625,Mouth closed
1713362284.159474,0.619140625,0.73681640625,0.287841796875,Mouth closed
1713362284.202057,0.620361328125,0.7451171875,0.2890625,Mouth closed
1713362284.241629,0.627685546875,0.7431640625,0.27880859375,Mouth closed
1713362284.284962,0.63037109375,0.74267578125,0.27978515625,Mouth closed
1713362284.329516,0.62646484375,0.7392578125,0.284423828125,Mouth closed
1713362284.36583,0.622802734375,0.7353515625,0.28662109375,Mouth closed
1713362284.401641,0.62158203125,0.739501953125,0.28955078125,Mouth closed
1713362284.442927,0.623291015625,0.73583984375,0.288818359375,Mouth closed
1713362284.481409,0.623046875,0.738525390625,0.28955078125,Mouth closed
1713362284.528578,0.621337890625,0.740966796875,0.284423828125,Mouth closed
1713362284.56412,0.623779296875,0.74072265625,0.284912109375,Mouth closed
1713362284.600873,0.627197265625,0.74853515625,0.284912109375,Mouth closed
1713362284.639334,0.625,0.739501953125,0.283447265625,Mouth closed
1713362284.680792,0.619140625,0.736572265625,0.283447265625,Mouth closed
1713362284.721009,0.619384765625,0.739013671875,0.2880859375,Mouth closed
1713362284.760165,0.623046875,0.7431640625,0.29052734375,Mouth closed
1713362284.801308,0.629638671875,0.741943359375,0.28564453125,Mouth closed
1713362284.844876,0.619873046875,0.740478515625,0.28271484375,Mouth closed
1713362284.884885,0.625732421875,0.744140625,0.286865234375,Mouth closed
1713362284.921359,0.6220703125,0.740478515625,0.282470703125,Mouth closed
1713362284.968568,0.622314453125,0.74072265625,0.281494140625,Mouth closed
1713362285.008173,0.618896484375,0.7451171875,0.28466796875,Mouth closed
1713362285.046241,0.624755859375,0.742431640625,0.283203125,Mouth closed
1713362285.08253,0.62353515625,0.74267578125,0.28173828125,Mouth closed
1713362285.126366,0.62353515625,0.7392578125,0.284423828125,Mouth closed
1713362285.162217,0.621337890625,0.7392578125,0.2861328125,Mouth closed
1713362285.201431,0.623046875,0.736572265625,0.288818359375,Mouth closed
1713362285.241823,0.62158203125,0.73876953125,0.288330078125,Mouth closed
1713362285.28326,0.620361328125,0.739501953125,0.2890625,Mouth closed
1713362285.322351,0.623779296875,0.738525390625,0.287841796875,Mouth closed
1713362285.362693,0.62548828125,0.743408203125,0.288330078125,Mouth closed
1713362285.406599,0.6240234375,0.738037109375,0.284912109375,Mouth closed
1713362285.443854,0.619873046875,0.7333984375,0.28515625,Mouth closed
1713362285.488762,0.623046875,0.737060546875,0.286865234375,Mouth closed
1713362285.52371,0.62060546875,0.7421875,0.2900390625,Mouth closed
1713362285.566072,0.623779296875,0.7412109375,0.28857421875,Mouth closed
1713362285.607727,0.624267578125,0.740966796875,0.28515625,Mouth closed
1713362285.645506,0.626953125,0.741455078125,0.287841796875,Mouth closed
1713362285.684873,0.62548828125,0.737060546875,0.2861328125,Mouth closed
1713362285.724615,0.6220703125,0.73779296875,0.283447265625,Mouth closed
1713362285.766562,0.6201171875,0.74169921875,0.289306640625,Mouth closed
1713362285.805346,0.62353515625,0.739501953125,0.28662109375,Mouth closed
1713362285.843278,0.621826171875,0.740966796875,0.285400390625,Mouth closed
1713362285.889384,0.62451171875,0.742919921875,0.287353515625,Mouth closed
1713362285.922343,0.6220703125,0.742919921875,0.28955078125,Mouth closed
1713362285.96252,0.624267578125,0.737548828125,0.287841796875,Mouth closed
1713362286.003422,0.62353515625,0.739990234375,0.291015625,Mouth closed
1713362286.046305,0.620849609375,0.734375,0.285888671875,Mouth closed
1713362286.084989,0.625732421875,0.734619140625,0.28662109375,Mouth closed
1713362286.124425,0.62646484375,0.7431640625,0.289306640625,Mouth closed
1713362286.174681,0.62451171875,0.73974609375,0.284423828125,Mouth closed
1713362286.210719,0.624267578125,0.735107421875,0.283203125,Mouth closed
1713362286.250273,0.623046875,0.740234375,0.287841796875,Mouth closed
1713362286.284487,0.621337890625,0.744873046875,0.291748046875,Mouth closed
1713362286.326256,0.627685546875,0.740478515625,0.291015625,Mouth closed
1713362286.367911,0.620361328125,0.73828125,0.289306640625,Mouth closed
1713362286.409297,0.6259765625,0.7421875,0.2939453125,Mouth closed
1713362286.446309,0.627197265625,0.73876953125,0.284423828125,Mouth closed
1713362286.485889,0.62158203125,0.73583984375,0.28466796875,Mouth closed
1713362286.52527,0.621337890625,0.740966796875,0.2861328125,Mouth closed
1713362286.564362,0.623291015625,0.740478515625,0.2900390625,Mouth closed
1713362286.608074,0.626953125,0.740478515625,0.286865234375,Mouth closed
1713362286.647383,0.62646484375,0.737548828125,0.284912109375,Mouth closed
1713362286.696957,0.6240234375,0.739013671875,0.28759765625,Mouth closed
1713362286.732383,0.621337890625,0.736083984375,0.29052734375,Mouth closed
1713362286.769565,0.62841796875,0.736328125,0.28515625,Mouth closed
1713362286.807142,0.630126953125,0.73681640625,0.28369140625,Mouth closed
1713362286.848075,0.629150390625,0.73388671875,0.28857421875,Mouth closed
1713362286.887842,0.62158203125,0.7392578125,0.2890625,Mouth closed
1713362286.929761,0.632080078125,0.740234375,0.29052734375,Mouth closed
1713362286.969377,0.623779296875,0.73486328125,0.288330078125,Mouth closed
1713362287.013909,0.625,0.737548828125,0.2939453125,Mouth closed
1713362287.047274,0.61962890625,0.734130859375,0.29296875,Mouth closed
1713362287.090049,0.6298828125,0.73974609375,0.283447265625,Mouth closed
1713362287.127754,0.624267578125,0.742431640625,0.29345703125,Mouth closed
1713362287.167728,0.629638671875,0.744140625,0.288330078125,Mouth closed
1713362287.206102,0.619873046875,0.740966796875,0.29541015625,Mouth closed
1713362287.247623,0.617431640625,0.7353515625,0.289794921875,Mouth closed
1713362287.28625,0.624267578125,0.72705078125,0.280029296875,Mouth closed
1713362287.326247,0.6220703125,0.735595703125,0.279296875,Mouth closed
1713362287.373321,0.638671875,0.734130859375,0.2880859375,Mouth closed
1713362287.408497,0.628662109375,0.73681640625,0.288330078125,Mouth closed
1713362287.450052,0.6357421875,0.73974609375,0.2822265625,Mouth closed
1713362287.487176,0.635498046875,0.732177734375,0.27490234375,Mouth closed
1713362287.528279,0.630126953125,0.736083984375,0.28076171875,Mouth closed
1713362287.568163,0.621826171875,0.7294921875,0.27978515625,Mouth closed
1713362287.609387,0.627197265625,0.740234375,0.287109375,Mouth closed
1713362287.648492,0.625732421875,0.736328125,0.2861328125,Mouth closed
1713362287.690612,0.625,0.734130859375,0.287109375,Mouth closed
1713362287.728135,0.6201171875,0.732666015625,0.28955078125,Mouth closed
1713362287.771503,0.6240234375,0.73974609375,0.291259765625,Mouth closed
1713362287.812461,0.626220703125,0.738037109375,0.289306640625,Mouth closed
1713362287.849351,0.629638671875,0.73876953125,0.287109375,Mouth closed
1713362287.889411,0.620849609375,0.7392578125,0.283447265625,Mouth closed
1713362287.926496,0.627197265625,0.744384765625,0.28662109375,Mouth closed
1713362287.980994,0.623291015625,0.739013671875,0.286376953125,Mouth closed
1713362288.009379,0.625,0.738037109375,0.285888671875,Mouth closed
1713362288.058195,0.61962890625,0.739013671875,0.292724609375,Mouth closed
1713362288.094055,0.621826171875,0.740234375,0.29443359375,Mouth closed
1713362288.127893,0.617919921875,0.73779296875,0.291259765625,Mouth closed
1713362288.172699,0.62548828125,0.73779296875,0.29052734375,Mouth closed
1713362288.212798,0.625732421875,0.7353515625,0.289306640625,Mouth closed
1713362288.252232,0.625732421875,0.7373046875,0.292724609375,Mouth closed
1713362288.289782,0.62158203125,0.740478515625,0.293701171875,Mouth closed
1713362288.335439,0.626953125,0.7421875,0.29345703125,Mouth closed
1713362288.376773,0.62353515625,0.734130859375,0.284423828125,Mouth closed
1713362288.417232,0.623046875,0.731201171875,0.2890625,Mouth closed
1713362288.451058,0.62548828125,0.740234375,0.2958984375,Mouth closed
1713362288.494276,0.625244140625,0.74072265625,0.290283203125,Mouth closed
1713362288.533838,0.625732421875,0.73876953125,0.287841796875,Mouth closed
1713362288.57127,0.6298828125,0.739990234375,0.291748046875,Mouth closed
1713362288.608206,0.621337890625,0.735595703125,0.290283203125,Mouth closed
1713362288.65102,0.623779296875,0.734375,0.289794921875,Mouth closed
1713362288.689252,0.619873046875,0.739013671875,0.293701171875,Mouth closed
1713362288.72972,0.621337890625,0.7392578125,0.295166015625,Mouth closed
1713362288.769053,0.623046875,0.7392578125,0.293701171875,Mouth closed
1713362288.810056,0.619384765625,0.735595703125,0.29443359375,Mouth closed
1713362288.851842,0.616943359375,0.73193359375,0.307861328125,Mouth closed
1713362288.889127,0.620849609375,0.73486328125,0.297607421875,Mouth closed
1713362288.929465,0.63525390625,0.7421875,0.28662109375,Mouth closed
1713362288.970746,0.63330078125,0.742431640625,0.279052734375,Mouth closed
1713362289.011949,0.622314453125,0.739501953125,0.281494140625,Mouth closed
1713362289.059078,0.6201171875,0.740234375,0.289794921875,Mouth closed
1713362289.091536,0.617919921875,0.74462890625,0.294677734375,Mouth closed
1713362289.131388,0.624267578125,0.744873046875,0.2978515625,Mouth closed
1713362289.170049,0.620361328125,0.73583984375,0.2900390625,Mouth closed
1713362289.209762,0.622314453125,0.7392578125,0.294677734375,Mouth closed
1713362289.250672,0.618896484375,0.736328125,0.2900390625,Mouth closed
1713362289.289135,0.62060546875,0.739501953125,0.2900390625,Mouth closed
1713362289.329053,0.620849609375,0.73828125,0.291748046875,Mouth closed
1713362289.372812,0.621826171875,0.742431640625,0.294189453125,Mouth closed
1713362289.410454,0.61767578125,0.741943359375,0.291259765625,Mouth closed
1713362289.451896,0.618408203125,0.73876953125,0.2939453125,Mouth closed
1713362289.491385,0.623046875,0.738525390625,0.297119140625,Mouth closed
1713362289.531493,0.6279296875,0.734619140625,0.291259765625,Mouth closed
1713362289.570833,0.625,0.736328125,0.294677734375,Mouth closed
1713362289.615695,0.619140625,0.737060546875,0.298095703125,Mouth closed
1713362289.652578,0.622314453125,0.7353515625,0.295654296875,Mouth closed
1713362289.692862,0.618896484375,0.734619140625,0.291015625,Mouth closed
1713362289.732165,0.61962890625,0.73974609375,0.29345703125,Mouth closed
1713362289.77742,0.62109375,0.741943359375,0.29638671875,Mouth closed
1713362289.811457,0.620361328125,0.742431640625,0.292236328125,Mouth closed
1713362289.862047,0.619384765625,0.740478515625,0.2919921875,Mouth closed
1713362289.890418,0.623779296875,0.743896484375,0.294921875,Mouth closed
1713362289.940545,0.62060546875,0.738037109375,0.290283203125,Mouth closed
1713362289.978795,0.623046875,0.73583984375,0.289794921875,Mouth closed
1713362290.015825,0.6142578125,0.740234375,0.29541015625,Mouth closed
1713362290.053738,0.618408203125,0.744873046875,0.300048828125,Mouth closed
1713362290.092555,0.61669921875,0.738525390625,0.29345703125,Mouth closed
1713362290.132042,0.62353515625,0.737060546875,0.29150390625,Mouth closed
1713362290.173387,0.62353515625,0.73828125,0.29541015625,Mouth closed
1713362290.213622,0.62158203125,0.737060546875,0.295654296875,Mouth closed
1713362290.252423,0.621826171875,0.736083984375,0.299072265625,Mouth closed
1713362290.294235,0.624755859375,0.737060546875,0.298828125,Mouth closed
1713362290.333094,0.622314453125,0.736328125,0.29541015625,Mouth closed
1713362290.377251,0.62255859375,0.7431640625,0.296630859375,Mouth closed
1713362290.4147,0.621337890625,0.73876953125,0.29248046875,Mouth closed
1713362290.466744,0.621826171875,0.73779296875,0.292724609375,Mouth closed
1713362290.493252,0.625732421875,0.736083984375,0.294677734375,Mouth closed
1713362290.53655,0.621337890625,0.739013671875,0.294677734375,Mouth closed
1713362290.57885,0.622314453125,0.7421875,0.29931640625,Mouth closed
1713362290.613026,0.615478515625,0.738525390625,0.299560546875,Mouth closed
1713362290.655679,0.623046875,0.7412109375,0.299560546875,Mouth closed
1713362290.693132,0.62060546875,0.7392578125,0.29833984375,Mouth closed
1713362290.734016,0.62158203125,0.738037109375,0.297119140625,Mouth closed
1713362290.783287,0.61572265625,0.73486328125,0.300048828125,Mouth closed
1713362290.822954,0.618896484375,0.739990234375,0.301025390625,Mouth closed
1713362290.860848,0.6201171875,0.740234375,0.29833984375,Mouth closed
1713362290.896316,0.62109375,0.739013671875,0.294189453125,Mouth closed
1713362290.937173,0.62060546875,0.73828125,0.296875,Mouth closed
1713362290.983731,0.620849609375,0.742431640625,0.29833984375,Mouth closed
1713362291.020319,0.61865234375,0.74072265625,0.297119140625,Mouth closed
1713362291.057982,0.619384765625,0.738525390625,0.29736328125,Mouth closed
1713362291.096033,0.623046875,0.740966796875,0.29833984375,Mouth closed
1713362291.13592,0.619384765625,0.73486328125,0.297119140625,Mouth closed
1713362291.175161,0.62158203125,0.734130859375,0.294189453125,Mouth closed
1713362291.212997,0.616943359375,0.73828125,0.2978515625,Mouth closed
1713362291.254367,0.623779296875,0.739990234375,0.30029296875,Mouth closed
1713362291.294209,0.619140625,0.736083984375,0.292236328125,Mouth closed
1713362291.334046,0.61767578125,0.73486328125,0.298095703125,Mouth closed
1713362291.376343,0.615966796875,0.740234375,0.3017578125,Mouth closed
1713362291.415533,0.62060546875,0.740234375,0.29638671875,Mouth closed
1713362291.455816,0.6142578125,0.73583984375,0.292236328125,Mouth closed
1713362291.50177,0.62744140625,0.74609375,0.29736328125,Mouth closed
1713362291.543811,0.619140625,0.740234375,0.293212890625,Mouth closed
1713362291.580476,0.619873046875,0.734130859375,0.294677734375,Mouth closed
1713362291.617041,0.61669921875,0.740478515625,0.29833984375,Mouth closed
1713362291.656692,0.615966796875,0.74169921875,0.301513671875,Mouth closed
1713362291.699703,0.61767578125,0.738525390625,0.297607421875,Mouth closed
1713362291.743321,0.62060546875,0.73974609375,0.298583984375,Mouth closed
1713362291.776998,0.618408203125,0.737060546875,0.3017578125,Mouth closed
1713362291.81731,0.616455078125,0.73876953125,0.300537109375,Mouth closed
1713362291.85514,0.61767578125,0.73876953125,0.302978515625,Mouth closed
1713362291.895091,0.615478515625,0.737548828125,0.303955078125,Mouth closed
1713362291.939343,0.623291015625,0.736083984375,0.3017578125,Mouth closed
1713362291.975429,0.622802734375,0.735107421875,0.297607421875,Mouth closed
1713362292.016062,0.62255859375,0.7392578125,0.299072265625,Mouth closed
1713362292.059128,0.620849609375,0.740966796875,0.306640625,Mouth closed
1713362292.097382,0.6171875,0.739990234375,0.30126953125,Mouth closed
1713362292.137993,0.616455078125,0.734619140625,0.302001953125,Mouth closed
1713362292.179655,0.614990234375,0.737060546875,0.305419921875,Mouth closed
1713362292.225031,0.6142578125,0.73974609375,0.304443359375,Mouth closed
1713362292.261034,0.619873046875,0.740966796875,0.30712890625,Mouth closed
1713362292.298182,0.61279296875,0.735595703125,0.303955078125,Mouth closed
1713362292.338232,0.61962890625,0.740234375,0.3076171875,Mouth closed
1713362292.378379,0.615478515625,0.7353515625,0.303466796875,Mouth closed
1713362292.419798,0.616943359375,0.733154296875,0.298828125,Mouth closed
1713362292.457315,0.61181640625,0.737548828125,0.305908203125,Mouth closed
1713362292.498927,0.616943359375,0.742919921875,0.30517578125,Mouth closed
1713362292.536131,0.6171875,0.73828125,0.296875,Mouth closed
1713362292.576489,0.615478515625,0.741455078125,0.3017578125,Mouth closed
1713362292.619918,0.619384765625,0.737548828125,0.30126953125,Mouth closed
1713362292.657064,0.616455078125,0.73779296875,0.302734375,Mouth closed
1713362292.708292,0.617431640625,0.73828125,0.301513671875,Mouth closed
1713362292.744697,0.6142578125,0.74072265625,0.30517578125,Mouth closed
1713362292.783619,0.616455078125,0.73828125,0.3017578125,Mouth closed
1713362292.819636,0.61962890625,0.739501953125,0.297607421875,Mouth closed
1713362292.85812,0.619140625,0.736572265625,0.296142578125,Mouth closed
1713362292.898345,0.617431640625,0.7353515625,0.300537109375,Mouth closed
1713362292.938138,0.616455078125,0.742431640625,0.30419921875,Mouth closed
1713362292.978038,0.61767578125,0.7392578125,0.30078125,Mouth closed
1713362293.018881,0.614013671875,0.736083984375,0.30029296875,Mouth open
1713362293.059174,0.616943359375,0.739990234375,0.303466796875,Mouth open
1713362293.103858,0.61572265625,0.738525390625,0.3046875,Mouth open
1713362293.141518,0.61962890625,0.73681640625,0.30224609375,Mouth open
1713362293.176946,0.61767578125,0.7353515625,0.30224609375,Mouth open
1713362293.227889,0.623046875,0.7421875,0.3056640625,Mouth open
1713362293.257935,0.62158203125,0.73779296875,0.300537109375,Mouth open
1713362293.300437,0.623291015625,0.738037109375,0.298583984375,Mouth open
1713362293.340035,0.615234375,0.740234375,0.302001953125,Mouth open
1713362293.385235,0.61572265625,0.741455078125,0.301513671875,Mouth open
1713362293.42415,0.61962890625,0.737060546875,0.299072265625,Mouth open
1713362293.464043,0.6201171875,0.73876953125,0.30224609375,Mouth open
1713362293.503199,0.61669921875,0.73779296875,0.30224609375,Mouth open
1713362293.540792,0.6181640625,0.7392578125,0.305419921875,Mouth open
1713362293.581001,0.6181640625,0.740478515625,0.304931640625,Mouth open
1713362293.620056,0.6162109375,0.738525390625,0.30712890625,Mouth open
1713362293.660358,0.616455078125,0.73876953125,0.30029296875,Mouth open
1713362293.701016,0.6181640625,0.73876953125,0.298828125,Mouth open
1713362293.740446,0.62255859375,0.737060546875,0.29443359375,Mouth open
1713362293.779154,0.619384765625,0.73779296875,0.301025390625,Mouth open
1713362293.822948,0.61572265625,0.739501953125,0.30419921875,Mouth open
1713362293.858593,0.620361328125,0.74267578125,0.30419921875,Mouth open
1713362293.903436,0.615478515625,0.73876953125,0.299072265625,Mouth open
1713362293.938293,0.618408203125,0.735595703125,0.30126953125,Mouth open
1713362293.987246,0.613037109375,0.74072265625,0.302734375,Mouth open
1713362294.023821,0.615234375,0.739013671875,0.306640625,Mouth open
1713362294.061063,0.614501953125,0.73779296875,0.30029296875,Mouth open
1713362294.098901,0.61669921875,0.74267578125,0.302978515625,Mouth open
1713362294.140748,0.618896484375,0.7421875,0.30322265625,Mouth open
1713362294.180086,0.615234375,0.73828125,0.298095703125,Mouth open
1713362294.22194,0.61669921875,0.740478515625,0.298828125,Mouth open
1713362294.260288,0.6162109375,0.74169921875,0.303955078125,Mouth open
1713362294.302266,0.616455078125,0.742431640625,0.3017578125,Mouth open
1713362294.345478,0.619140625,0.744384765625,0.300537109375,Mouth open
1713362294.381259,0.614990234375,0.739990234375,0.300537109375,Mouth open
1713362294.421002,0.619140625,0.741943359375,0.303466796875,Mouth open
1713362294.45793,0.61669921875,0.740478515625,0.30419921875,Mouth open
1713362294.513214,0.615966796875,0.74169921875,0.305419921875,Mouth open
1713362294.541496,0.6171875,0.738037109375,0.302490234375,Mouth open
1713362294.580453,0.6181640625,0.738525390625,0.301513671875,Mouth open
1713362294.62165,0.6171875,0.73583984375,0.302978515625,Mouth open
1713362294.670148,0.61865234375,0.73876953125,0.306884765625,Mouth open
1713362294.705749,0.6181640625,0.74658203125,0.3076171875,Mouth open
1713362294.740118,0.61376953125,0.735107421875,0.30029296875,Mouth open
1713362294.781061,0.614013671875,0.73291015625,0.299072265625,Mouth open
1713362294.821109,0.615234375,0.735107421875,0.30419921875,Mouth open
1713362294.861673,0.614501953125,0.741455078125,0.3095703125,Mouth open
1713362294.903474,0.6181640625,0.73486328125,0.30322265625,Mouth open
1713362294.941343,0.6181640625,0.736572265625,0.3037109375,Mouth open
1713362294.981719,0.620849609375,0.74365234375,0.305908203125,Mouth open
1713362295.026769,0.6162109375,0.736572265625,0.299072265625,Mouth open
1713362295.062731,0.6181640625,0.736083984375,0.301025390625,Mouth open
1713362295.101415,0.614501953125,0.73876953125,0.3046875,Mouth open
1713362295.142557,0.6171875,0.743408203125,0.308349609375,Mouth open
1713362295.190118,0.613037109375,0.73876953125,0.302490234375,Mouth open
1713362295.226001,0.61767578125,0.738037109375,0.3017578125,Mouth open
1713362295.263883,0.6162109375,0.7373046875,0.30810546875,Mouth open
1713362295.30092,0.61474609375,0.73876953125,0.3095703125,Mouth open
1713362295.342604,0.613037109375,0.73828125,0.315185546875,Mouth open
1713362295.380996,0.61669921875,0.737548828125,0.314208984375,Mouth open
1713362295.424677,0.62060546875,0.740234375,0.303955078125,Mouth open
1713362295.462622,0.617431640625,0.740478515625,0.303466796875,Mouth open
1713362295.502462,0.62060546875,0.739013671875,0.302490234375,Mouth open
1713362295.540879,0.614013671875,0.73486328125,0.301025390625,Mouth open
1713362295.586352,0.615234375,0.73388671875,0.302978515625,Mouth open
1713362295.62417,0.616943359375,0.73828125,0.30615234375,Mouth open
1713362295.663835,0.616455078125,0.73779296875,0.308349609375,Mouth open
1713362295.708824,0.611083984375,0.735595703125,0.305419921875,Mouth open
1713362295.748178,0.619384765625,0.741455078125,0.306640625,Mouth open
1713362295.783759,0.61474609375,0.7392578125,0.303955078125,Mouth open
1713362295.820515,0.620361328125,0.730712890625,0.300537109375,Mouth open
1713362295.868241,0.612060546875,0.73486328125,0.305419921875,Mouth open
1713362295.9098,0.612060546875,0.74072265625,0.307861328125,Mouth open
1713362295.946359,0.613525390625,0.739501953125,0.302734375,Mouth open
1713362295.983822,0.615966796875,0.7392578125,0.3037109375,Mouth open
1713362296.023575,0.6171875,0.740966796875,0.306396484375,Mouth open
1713362296.062624,0.614501953125,0.73779296875,0.3076171875,Mouth open
1713362296.106872,0.615478515625,0.737548828125,0.304931640625,Mouth open
1713362296.143032,0.614013671875,0.734130859375,0.3056640625,Mouth open
1713362296.183026,0.616943359375,0.73779296875,0.3056640625,Mouth open
1713362296.224021,0.61767578125,0.74267578125,0.30322265625,Mouth open
1713362296.266236,0.6171875,0.742919921875,0.30078125,Mouth open
1713362296.304545,0.616943359375,0.736083984375,0.30078125,Mouth open
1713362296.344671,0.6181640625,0.739501953125,0.304931640625,Mouth open
1713362296.386552,0.61328125,0.740966796875,0.30859375,Mouth open
1713362296.420926,0.619140625,0.737060546875,0.306396484375,Mouth open
1713362296.467228,0.61474609375,0.737060546875,0.305908203125,Mouth open
1713362296.50439,0.6171875,0.741455078125,0.31005859375,Mouth open
1713362296.542176,0.615478515625,0.738525390625,0.301025390625,Mouth open
1713362296.581084,0.6171875,0.739013671875,0.299072265625,Mouth open
1713362296.621001,0.616943359375,0.741455078125,0.304931640625,Mouth open
1713362296.662088,0.614990234375,0.74462890625,0.306396484375,Mouth open
1713362296.701858,0.614013671875,0.739501953125,0.301513671875,Mouth open
1713362296.74218,0.61572265625,0.7373046875,0.303466796875,Mouth open
1713362296.785009,0.6162109375,0.739990234375,0.30615234375,Mouth open
1713362296.822722,0.614013671875,0.739013671875,0.306884765625,Mouth open
1713362296.866263,0.616943359375,0.736328125,0.307373046875,Mouth open
1713362296.908113,0.6162109375,0.737548828125,0.305908203125,Mouth open
1713362296.943958,0.61962890625,0.73974609375,0.302734375,Mouth open
1713362296.996499,0.61669921875,0.74267578125,0.305419921875,Mouth open
1713362297.02231,0.61767578125,0.742431640625,0.299072265625,Mouth open
1713362297.067055,0.6162109375,0.735595703125,0.298095703125,Mouth open
1713362297.099803,0.617431640625,0.73779296875,0.303466796875,Mouth open
1713362297.141451,0.61669921875,0.73974609375,0.3037109375,Mouth open
1713362297.180335,0.6181640625,0.740478515625,0.303466796875,Mouth open
1713362297.2294,0.612060546875,0.738525390625,0.30322265625,Mouth open
1713362297.26572,0.6181640625,0.74365234375,0.3056640625,Mouth open
1713362297.303405,0.6181640625,0.73828125,0.302001953125,Mouth open
1713362297.342724,0.6142578125,0.740234375,0.2998046875,Mouth open
1713362297.381851,0.61572265625,0.74169921875,0.30029296875,Mouth open
1713362297.422533,0.612548828125,0.74267578125,0.30322265625,Mouth open
1713362297.463065,0.61328125,0.74072265625,0.30126953125,Mouth open
1713362297.502542,0.61767578125,0.73876953125,0.29833984375,Mouth open
1713362297.543087,0.621337890625,0.733642578125,0.301513671875,Mouth open
1713362297.58794,0.619140625,0.738037109375,0.31982421875,Mouth open
1713362297.624645,0.61328125,0.739013671875,0.311279296875,Mouth open
1713362297.662956,0.610595703125,0.734619140625,0.31103515625,Mouth open
1713362297.700801,0.613037109375,0.732177734375,0.298583984375,Mouth open
1713362297.741744,0.6181640625,0.741455078125,0.30615234375,Mouth open
1713362297.783105,0.6142578125,0.749755859375,0.308837890625,Mouth open
1713362297.826671,0.621337890625,0.739501953125,0.29736328125,Mouth open
1713362297.863372,0.62060546875,0.735107421875,0.2919921875,Mouth open
1713362297.912886,0.623779296875,0.72900390625,0.29248046875,Mouth open
1713362297.943053,0.628662109375,0.73486328125,0.28662109375,Mouth open
1713362297.990493,0.629150390625,0.736083984375,0.29736328125,Mouth open
1713362298.028595,0.624267578125,0.734619140625,0.291259765625,Mouth open
1713362298.068258,0.63037109375,0.73828125,0.291259765625,Mouth open
1713362298.105823,0.629638671875,0.734130859375,0.285400390625,Mouth open
1713362298.145188,0.628662109375,0.732666015625,0.28759765625,Mouth open
1713362298.183937,0.622802734375,0.737548828125,0.290283203125,Mouth open
1713362298.22492,0.619873046875,0.739501953125,0.29345703125,Mouth open
1713362298.265012,0.6220703125,0.73681640625,0.294189453125,Mouth open
1713362298.311712,0.62109375,0.73876953125,0.296630859375,Mouth open
1713362298.3481,0.619140625,0.7392578125,0.29638671875,Mouth open
1713362298.387056,0.623291015625,0.74072265625,0.30078125,Mouth open
1713362298.424822,0.61962890625,0.736328125,0.302001953125,Mouth open
1713362298.482656,0.61767578125,0.73828125,0.297607421875,Mouth open
1713362298.502159,0.62060546875,0.73876953125,0.295166015625,Mouth open
1713362298.552184,0.6279296875,0.73583984375,0.29150390625,Mouth open
1713362298.582858,0.618896484375,0.739990234375,0.2890625,Mouth open
1713362298.624177,0.624267578125,0.743896484375,0.294189453125,Mouth open
1713362298.670727,0.620849609375,0.7353515625,0.29150390625,Mouth open
1713362298.709893,0.6181640625,0.7353515625,0.2939453125,Mouth open
1713362298.748712,0.62109375,0.740966796875,0.3017578125,Mouth open
1713362298.790251,0.62060546875,0.737548828125,0.29638671875,Mouth open
1713362298.83021,0.61767578125,0.73779296875,0.29150390625,Mouth open
1713362298.870492,0.622802734375,0.743408203125,0.296875,Mouth open
1713362298.908759,0.618896484375,0.7392578125,0.295166015625,Mouth open
1713362298.948264,0.620849609375,0.734375,0.291015625,Mouth open
1713362298.986211,0.616455078125,0.73583984375,0.29541015625,Mouth open
1713362299.026155,0.619140625,0.739990234375,0.297607421875,Mouth open
1713362299.065435,0.61962890625,0.738037109375,0.29296875,Mouth open
1713362299.104517,0.6220703125,0.740234375,0.294921875,Mouth open
1713362299.14391,0.62255859375,0.741943359375,0.296630859375,Mouth open
1713362299.187872,0.621337890625,0.74072265625,0.298583984375,Mouth open
1713362299.224103,0.619873046875,0.7353515625,0.295654296875,Mouth open
1713362299.26431,0.61962890625,0.735107421875,0.2958984375,Mouth open
1713362299.303813,0.62353515625,0.739501953125,0.293701171875,Mouth open
1713362299.347269,0.621337890625,0.7373046875,0.29541015625,Mouth open
1713362299.384053,0.613037109375,0.739501953125,0.297119140625,Mouth open
1713362299.424775,0.62109375,0.742919921875,0.303955078125,Mouth open
1713362299.464902,0.616455078125,0.73876953125,0.300537109375,Mouth open
1713362299.507068,0.61474609375,0.740478515625,0.301025390625,Mouth open
1713362299.545868,0.613037109375,0.743408203125,0.302490234375,Mouth open
1713362299.585172,0.618408203125,0.739501953125,0.3017578125,Mouth open
1713362299.626262,0.613525390625,0.7353515625,0.294921875,Mouth open
1713362299.664036,0.62109375,0.73974609375,0.2998046875,Mouth open
1713362299.703418,0.61767578125,0.7392578125,0.299072265625,Mouth open
1713362299.746585,0.61865234375,0.73828125,0.298828125,Mouth open
1713362299.784294,0.616455078125,0.73828125,0.301513671875,Mouth open
1713362299.82406,0.6103515625,0.7412109375,0.305419921875,Mouth open
1713362299.865814,0.62060546875,0.7412109375,0.30078125,Mouth open
1713362299.905227,0.617919921875,0.738037109375,0.297119140625,Mouth open
1713362299.946803,0.618408203125,0.739990234375,0.30029296875,Mouth open
1713362299.985889,0.623046875,0.73876953125,0.301513671875,Mouth open
1713362300.024949,0.619384765625,0.7373046875,0.302978515625,Mouth open
1713362300.067827,0.61767578125,0.738037109375,0.30126953125,Mouth open
1713362300.106314,0.619384765625,0.7373046875,0.29638671875,Mouth open
1713362300.146375,0.621826171875,0.736083984375,0.2978515625,Mouth open
1713362300.188699,0.623779296875,0.73681640625,0.293212890625,Mouth open
1713362300.232078,0.6171875,0.73876953125,0.298095703125,Mouth open
1713362300.269598,0.619873046875,0.740478515625,0.301513671875,Mouth open
1713362300.306843,0.61669921875,0.735107421875,0.300048828125,Mouth open
1713362300.345418,0.6220703125,0.7353515625,0.298828125,Mouth open
1713362300.384957,0.615234375,0.73876953125,0.30419921875,Mouth open
1713362300.426235,0.618896484375,0.739990234375,0.30615234375,Mouth open
1713362300.465119,0.618896484375,0.736328125,0.29931640625,Mouth open
1713362300.507708,0.619384765625,0.737548828125,0.298095703125,Mouth open
1713362300.545913,0.617919921875,0.73974609375,0.303466796875,Mouth open
1713362300.586472,0.6240234375,0.739013671875,0.29931640625,Mouth open
1713362300.6319,0.617431640625,0.73583984375,0.297119140625,Mouth open
1713362300.667728,0.6181640625,0.74169921875,0.30029296875,Mouth open
1713362300.70673,0.614990234375,0.740478515625,0.30029296875,Mouth open
1713362300.754676,0.62158203125,0.743408203125,0.30419921875,Mouth open
1713362300.791232,0.619384765625,0.74169921875,0.29833984375,Mouth open
1713362300.828085,0.6171875,0.740478515625,0.304443359375,Mouth open
1713362300.873599,0.61962890625,0.738037109375,0.30029296875,Mouth open
1713362300.907075,0.62158203125,0.7373046875,0.30322265625,Mouth open
1713362300.951022,0.616943359375,0.738037109375,0.304443359375,Mouth open
1713362300.991405,0.6201171875,0.736572265625,0.298583984375,Mouth open
1713362301.029015,0.62109375,0.738037109375,0.296630859375,Mouth open
1713362301.066929,0.6201171875,0.734619140625,0.29833984375,Mouth open
1713362301.108479,0.6240234375,0.736328125,0.295166015625,Mouth open
1713362301.147661,0.62353515625,0.7373046875,0.296875,Mouth open
1713362301.188114,0.62060546875,0.739990234375,0.298583984375,Mouth open
1713362301.228302,0.62060546875,0.740478515625,0.301025390625,Mouth open
1713362301.269455,0.6181640625,0.741455078125,0.296875,Mouth open
1713362301.313023,0.61572265625,0.73876953125,0.3017578125,Mouth open
1713362301.348418,0.615478515625,0.74169921875,0.30419921875,Mouth open
1713362301.401962,0.617919921875,0.738037109375,0.299072265625,Mouth open
1713362301.429055,0.6142578125,0.73583984375,0.2978515625,Mouth open
1713362301.470526,0.617431640625,0.740966796875,0.30126953125,Mouth open
1713362301.513377,0.61865234375,0.740966796875,0.298828125,Mouth open
1713362301.552165,0.620849609375,0.73046875,0.29638671875,Mouth open
1713362301.590026,0.618408203125,0.73681640625,0.300537109375,Mouth open
1713362301.630002,0.616943359375,0.740966796875,0.30078125,Mouth open
1713362301.668721,0.617431640625,0.73974609375,0.29443359375,Mouth open
1713362301.709484,0.6201171875,0.7421875,0.298095703125,Mouth open
1713362301.75055,0.618408203125,0.7392578125,0.298828125,Mouth open
1713362301.790444,0.619873046875,0.74267578125,0.302734375,Mouth open
1713362301.830014,0.618896484375,0.739013671875,0.3056640625,Mouth open
1713362301.869915,0.619384765625,0.73876953125,0.302734375,Mouth open
1713362301.914432,0.615478515625,0.7392578125,0.2998046875,Mouth open
1713362301.951586,0.619384765625,0.7373046875,0.30126953125,Mouth open
1713362302.00352,0.621826171875,0.739013671875,0.295166015625,Mouth open
1713362302.031244,0.614013671875,0.73779296875,0.296875,Mouth open
1713362302.074502,0.619384765625,0.738037109375,0.294189453125,Mouth open
1713362302.111516,0.6181640625,0.7412109375,0.29638671875,Mouth open
1713362302.163366,0.619140625,0.742919921875,0.30029296875,Mouth open
1713362302.198865,0.61865234375,0.739990234375,0.2890625,Mouth open
1713362302.237072,0.61962890625,0.734375,0.30078125,Mouth open
1713362302.273259,0.61669921875,0.73828125,0.30419921875,Mouth open
1713362302.31182,0.6162109375,0.740966796875,0.302490234375,Mouth open
1713362302.350528,0.620849609375,0.74072265625,0.29931640625,Mouth open
1713362302.388856,0.620361328125,0.740966796875,0.2978515625,Mouth open
1713362302.428873,0.62158203125,0.74169921875,0.302001953125,Mouth open
1713362302.468715,0.619873046875,0.73583984375,0.296630859375,Mouth open
1713362302.510002,0.61962890625,0.734375,0.29638671875,Mouth open
1713362302.549791,0.61376953125,0.74169921875,0.306640625,Mouth open
1713362302.59249,0.621826171875,0.738525390625,0.3017578125,Mouth open
1713362302.630744,0.61865234375,0.73974609375,0.298828125,Mouth open
1713362302.674559,0.61962890625,0.7392578125,0.296875,Mouth open
1713362302.710686,0.615966796875,0.73974609375,0.298583984375,Mouth open
1713362302.764454,0.6201171875,0.738037109375,0.300537109375,Mouth open
1713362302.791562,0.620361328125,0.74169921875,0.302001953125,Mouth open
1713362302.839742,0.62060546875,0.73876953125,0.301025390625,Mouth open
1713362302.876011,0.61767578125,0.73974609375,0.301025390625,Mouth open
1713362302.913857,0.616455078125,0.736083984375,0.296875,Mouth open
1713362302.950354,0.62060546875,0.73583984375,0.2978515625,Mouth open
1713362302.988843,0.615234375,0.7392578125,0.298583984375,Mouth open
1713362303.029709,0.622802734375,0.74169921875,0.299560546875,Mouth open
1713362303.069673,0.615966796875,0.740234375,0.3017578125,Mouth open
1713362303.109772,0.617431640625,0.736572265625,0.300048828125,Mouth open
1713362303.153792,0.616943359375,0.737060546875,0.299072265625,Mouth open
1713362303.190799,0.620361328125,0.740234375,0.303466796875,Mouth open
1713362303.233824,0.62109375,0.737548828125,0.30029296875,Mouth open
1713362303.272345,0.6171875,0.7392578125,0.30078125,Mouth open
1713362303.311924,0.6220703125,0.7412109375,0.298095703125,Mouth open
1713362303.358296,0.617431640625,0.736083984375,0.299072265625,Mouth open
1713362303.393471,0.61572265625,0.737060546875,0.298095703125,Mouth open
1713362303.432614,0.616943359375,0.73828125,0.30078125,Mouth open
1713362303.473552,0.616943359375,0.74169921875,0.2998046875,Mouth open
1713362303.515666,0.61865234375,0.7412109375,0.301025390625,Mouth open
1713362303.551166,0.619384765625,0.738525390625,0.30126953125,Mouth open
1713362303.590994,0.616455078125,0.73876953125,0.30126953125,Mouth open
1713362303.634631,0.617431640625,0.74169921875,0.30322265625,Mouth open
1713362303.672996,0.614013671875,0.7412109375,0.306884765625,Mouth open
1713362303.71049,0.615234375,0.73876953125,0.301513671875,Mouth open
1713362303.752586,0.61474609375,0.73681640625,0.3017578125,Mouth open
1713362303.789993,0.616943359375,0.733642578125,0.2998046875,Mouth open
1713362303.833713,0.619140625,0.738525390625,0.302734375,Mouth open
1713362303.871246,0.616943359375,0.742919921875,0.302734375,Mouth open
1713362303.912499,0.61474609375,0.740478515625,0.30078125,Mouth open
1713362303.951667,0.61572265625,0.739501953125,0.303466796875,Mouth open
1713362303.994209,0.616455078125,0.737548828125,0.30322265625,Mouth open
1713362304.032702,0.6220703125,0.7392578125,0.30859375,Mouth open
1713362304.072362,0.615478515625,0.74169921875,0.307861328125,Mouth open
1713362304.122122,0.613525390625,0.7392578125,0.30322265625,Mouth open
1713362304.157984,0.62158203125,0.7421875,0.301513671875,Mouth open
1713362304.196136,0.6171875,0.744384765625,0.301025390625,Mouth open
1713362304.233791,0.617431640625,0.73681640625,0.300048828125,Mouth open
1713362304.272954,0.611328125,0.74267578125,0.302978515625,Mouth open
1713362304.309528,0.615478515625,0.74462890625,0.304443359375,Mouth open
1713362304.353868,0.61474609375,0.739013671875,0.30029296875,Mouth open
1713362304.390432,0.615478515625,0.740966796875,0.300048828125,Mouth open
1713362304.429703,0.614013671875,0.745849609375,0.305419921875,Mouth open
1713362304.470651,0.616455078125,0.74267578125,0.304443359375,Mouth open
1713362304.512351,0.61328125,0.74072265625,0.308837890625,Mouth open
1713362304.5507,0.61474609375,0.740478515625,0.310546875,Mouth open
1713362304.593765,0.61865234375,0.734130859375,0.3046875,Mouth open
1713362304.632127,0.617919921875,0.739501953125,0.30078125,Mouth open
1713362304.672099,0.61083984375,0.74072265625,0.303466796875,Mouth open
1713362304.717428,0.621826171875,0.74462890625,0.302978515625,Mouth open
1713362304.752096,0.6103515625,0.737548828125,0.3017578125,Mouth open
1713362304.794547,0.611328125,0.742431640625,0.3046875,Mouth open
1713362304.830957,0.6142578125,0.73876953125,0.306640625,Mouth open
1713362304.872756,0.616943359375,0.736572265625,0.302734375,Mouth open
1713362304.916146,0.610595703125,0.741943359375,0.29736328125,Mouth open
1713362304.955378,0.616455078125,0.74462890625,0.302734375,Mouth open
1713362304.990528,0.614990234375,0.744140625,0.29833984375,Mouth open
1713362305.034161,0.6171875,0.7392578125,0.297119140625,Mouth open
1713362305.071801,0.612548828125,0.7392578125,0.30126953125,Mouth open
1713362305.114047,0.61376953125,0.741455078125,0.304443359375,Mouth open
1713362305.151859,0.61279296875,0.743408203125,0.300537109375,Mouth open
1713362305.195036,0.6162109375,0.74169921875,0.301025390625,Mouth open
1713362305.232682,0.615478515625,0.7392578125,0.302734375,Mouth open
1713362305.274543,0.61474609375,0.73828125,0.30078125,Mouth open
1713362305.31366,0.61572265625,0.7412109375,0.304443359375,Mouth open
1713362305.35495,0.609619140625,0.73828125,0.30224609375,Mouth open
1713362305.398716,0.614013671875,0.737548828125,0.305908203125,Mouth open
1713362305.440055,0.614013671875,0.73974609375,0.3046875,Mouth open
1713362305.479964,0.617919921875,0.744140625,0.30224609375,Mouth open
1713362305.514571,0.6162109375,0.738037109375,0.30419921875,Mouth open
1713362305.552199,0.61279296875,0.736083984375,0.3046875,Mouth open
1713362305.590221,0.6142578125,0.73828125,0.310302734375,Mouth open
1713362305.630558,0.613525390625,0.741455078125,0.306396484375,Mouth open
1713362305.671496,0.619873046875,0.741943359375,0.3017578125,Mouth open
1713362305.710833,0.61279296875,0.739990234375,0.3037109375,Mouth open
1713362305.750774,0.613525390625,0.7421875,0.30126953125,Mouth open
1713362305.792261,0.615478515625,0.737060546875,0.30517578125,Mouth open
1713362305.831837,0.613525390625,0.739990234375,0.30517578125,Mouth open
1713362305.871038,0.61181640625,0.743408203125,0.308837890625,Mouth open
1713362305.911591,0.612548828125,0.739990234375,0.30224609375,Mouth open
1713362305.952201,0.613037109375,0.742919921875,0.306396484375,Mouth open
1713362305.992588,0.614990234375,0.73974609375,0.307373046875,Mouth open
1713362306.041408,0.61669921875,0.73974609375,0.30712890625,Mouth open
1713362306.073106,0.616455078125,0.73828125,0.308837890625,Mouth open
1713362306.112772,0.61181640625,0.73876953125,0.311279296875,Mouth open
1713362306.150576,0.615234375,0.73486328125,0.31005859375,Mouth open
1713362306.193074,0.61181640625,0.739990234375,0.310791015625,Mouth open
1713362306.232449,0.61962890625,0.74365234375,0.306640625,Mouth open
1713362306.271762,0.61474609375,0.740478515625,0.302490234375,Mouth open
1713362306.321093,0.61328125,0.736083984375,0.301513671875,Mouth open
1713362306.35738,0.61279296875,0.73974609375,0.30615234375,Mouth open
1713362306.395344,0.61328125,0.74072265625,0.3076171875,Mouth open
1713362306.433467,0.618408203125,0.73974609375,0.308349609375,Mouth open
1713362306.473167,0.61083984375,0.739990234375,0.304931640625,Mouth open
1713362306.512786,0.615234375,0.7421875,0.307861328125,Mouth open
1713362306.556297,0.61376953125,0.74072265625,0.30224609375,Mouth open
1713362306.594076,0.610107421875,0.73681640625,0.303955078125,Mouth open
1713362306.632769,0.611572265625,0.743896484375,0.310302734375,Mouth open
1713362306.673838,0.60986328125,0.741455078125,0.30810546875,Mouth open
1713362306.717437,0.6123046875,0.74169921875,0.303466796875,Mouth open
1713362306.756964,0.614990234375,0.741943359375,0.3056640625,Mouth open
1713362306.792598,0.6103515625,0.7412109375,0.307861328125,Mouth open
1713362306.831553,0.614501953125,0.739013671875,0.306884765625,Mouth open
1713362306.871638,0.61474609375,0.73974609375,0.306884765625,Mouth open
1713362306.914313,0.610595703125,0.73876953125,0.307373046875,Mouth open
1713362306.960275,0.613037109375,0.734375,0.301025390625,Mouth open
1713362306.99724,0.61572265625,0.74072265625,0.30322265625,Mouth open
1713362307.033564,0.617431640625,0.743896484375,0.30322265625,Mouth open
1713362307.073548,0.613037109375,0.741943359375,0.302978515625,Mouth open
1713362307.118576,0.61572265625,0.740478515625,0.3037109375,Mouth open
1713362307.157389,0.613525390625,0.74169921875,0.312255859375,Mouth open
1713362307.193137,0.6123046875,0.7431640625,0.3125,Mouth open
1713362307.2348,0.614990234375,0.74072265625,0.30859375,Mouth open
1713362307.274194,0.608642578125,0.73828125,0.30859375,Mouth open
1713362307.316093,0.61279296875,0.740478515625,0.3076171875,Mouth open
1713362307.355805,0.61572265625,0.73876953125,0.3017578125,Mouth open
1713362307.395124,0.612548828125,0.740966796875,0.305419921875,Mouth open
1713362307.440529,0.612060546875,0.740966796875,0.306640625,Mouth open
1713362307.475695,0.61328125,0.740966796875,0.306396484375,Mouth open
1713362307.514812,0.611572265625,0.7421875,0.30224609375,Mouth open
1713362307.552642,0.6171875,0.741943359375,0.30419921875,Mouth open
1713362307.596829,0.613525390625,0.74072265625,0.30810546875,Mouth open
1713362307.640226,0.611328125,0.73828125,0.31103515625,Mouth open
1713362307.678154,0.611328125,0.7392578125,0.31298828125,Mouth open
1713362307.718297,0.6123046875,0.737060546875,0.310302734375,Mouth open
1713362307.758178,0.613525390625,0.742431640625,0.30908203125,Mouth open
1713362307.795636,0.6162109375,0.739501953125,0.305419921875,Mouth open
1713362307.835526,0.616943359375,0.739501953125,0.306884765625,Mouth open
1713362307.875565,0.611083984375,0.744384765625,0.30712890625,Mouth open
1713362307.916299,0.6123046875,0.74267578125,0.30712890625,Mouth open
1713362307.954548,0.613525390625,0.7373046875,0.3056640625,Mouth open
1713362307.996,0.61083984375,0.738037109375,0.30810546875,Mouth open
1713362308.037081,0.610595703125,0.741455078125,0.3115234375,Mouth closed
1713362308.077576,0.615234375,0.741455078125,0.308837890625,Mouth closed
1713362308.11521,0.611572265625,0.73876953125,0.305908203125,Mouth closed
1713362308.157001,0.618408203125,0.743896484375,0.30908203125,Mouth closed
1713362308.194786,0.61376953125,0.74072265625,0.303955078125,Mouth closed
1713362308.234809,0.614013671875,0.738037109375,0.3056640625,Mouth closed
1713362308.275497,0.612548828125,0.73974609375,0.307373046875,Mouth closed
1713362308.316955,0.611572265625,0.7431640625,0.309814453125,Mouth closed
1713362308.35582,0.612548828125,0.7412109375,0.3076171875,Mouth closed
1713362308.399076,0.61083984375,0.74072265625,0.30908203125,Mouth closed
1713362308.43653,0.611328125,0.739990234375,0.3095703125,Mouth closed
1713362308.476562,0.6142578125,0.737060546875,0.3095703125,Mouth closed
1713362308.515701,0.613525390625,0.739501953125,0.310302734375,Mouth closed
1713362308.557514,0.614501953125,0.740234375,0.31640625,Mouth closed
1713362308.59658,0.61181640625,0.7392578125,0.311767578125,Mouth closed
1713362308.638415,0.615234375,0.738525390625,0.311767578125,Mouth closed
1713362308.67768,0.612548828125,0.74267578125,0.308349609375,Mouth closed
1713362308.717523,0.615478515625,0.74609375,0.30908203125,Mouth closed
1713362308.763191,0.613037109375,0.744140625,0.306884765625,Mouth closed
1713362308.800416,0.607421875,0.735107421875,0.308837890625,Mouth closed
1713362308.840332,0.608154296875,0.740478515625,0.309814453125,Mouth closed
1713362308.877322,0.611083984375,0.739013671875,0.309814453125,Mouth closed
1713362308.917269,0.617431640625,0.740234375,0.3076171875,Mouth closed
1713362308.958304,0.610595703125,0.740478515625,0.3046875,Mouth closed
1713362309.002923,0.617919921875,0.7431640625,0.30908203125,Mouth closed
1713362309.037561,0.612060546875,0.73876953125,0.306396484375,Mouth closed
1713362309.081804,0.6103515625,0.738525390625,0.305908203125,Mouth closed
1713362309.118798,0.60693359375,0.74462890625,0.3095703125,Mouth closed
1713362309.166796,0.610107421875,0.743408203125,0.3125,Mouth closed
1713362309.204639,0.610107421875,0.7451171875,0.311767578125,Mouth closed
1713362309.24431,0.610595703125,0.74267578125,0.312255859375,Mouth closed
1713362309.281862,0.61083984375,0.7431640625,0.311279296875,Mouth closed
1713362309.322487,0.60986328125,0.7373046875,0.31005859375,Mouth closed
1713362309.360943,0.6103515625,0.740966796875,0.310546875,Mouth closed
1713362309.399927,0.609130859375,0.741943359375,0.311279296875,Mouth closed
1713362309.438702,0.6142578125,0.738037109375,0.307861328125,Mouth closed
1713362309.477796,0.61572265625,0.740478515625,0.307861328125,Mouth closed
1713362309.518384,0.617431640625,0.740234375,0.30859375,Mouth closed
1713362309.556487,0.608642578125,0.74072265625,0.307861328125,Mouth closed
1713362309.60438,0.616455078125,0.74365234375,0.30908203125,Mouth closed
1713362309.643435,0.609619140625,0.7373046875,0.3076171875,Mouth closed
1713362309.683403,0.61376953125,0.739990234375,0.30810546875,Mouth closed
1713362309.720574,0.61181640625,0.73876953125,0.310791015625,Mouth closed
1713362309.762338,0.61181640625,0.739501953125,0.31005859375,Mouth closed
1713362309.801449,0.610595703125,0.739990234375,0.307861328125,Mouth closed
1713362309.839841,0.61474609375,0.74072265625,0.31005859375,Mouth closed
1713362309.880208,0.61083984375,0.7412109375,0.30712890625,Mouth closed
1713362309.91849,0.6142578125,0.738037109375,0.304931640625,Mouth closed
1713362309.961442,0.611083984375,0.74267578125,0.306396484375,Mouth closed
1713362310.000033,0.609130859375,0.74560546875,0.310546875,Mouth closed
1713362310.03944,0.611328125,0.744140625,0.30615234375,Mouth closed
1713362310.078607,0.611572265625,0.7431640625,0.305419921875,Mouth closed
1713362310.116814,0.6123046875,0.7421875,0.30810546875,Mouth closed
1713362310.156491,0.606201171875,0.740966796875,0.3115234375,Mouth closed
1713362310.198069,0.609375,0.739990234375,0.310302734375,Mouth closed
1713362310.238303,0.611328125,0.741455078125,0.30712890625,Mouth closed
1713362310.277528,0.61279296875,0.739990234375,0.30419921875,Mouth closed
1713362310.320132,0.6123046875,0.742919921875,0.30517578125,Mouth closed
1713362310.360142,0.614501953125,0.74365234375,0.3046875,Mouth closed
1713362310.410471,0.6171875,0.7421875,0.303466796875,Mouth closed
1713362310.439519,0.614990234375,0.73779296875,0.303466796875,Mouth closed
1713362310.485957,0.60888671875,0.744140625,0.308349609375,Mouth closed
1713362310.521765,0.61328125,0.74462890625,0.3076171875,Mouth closed
1713362310.5615,0.609130859375,0.73779296875,0.30322265625,Mouth closed
1713362310.600491,0.61083984375,0.739013671875,0.304931640625,Mouth closed
1713362310.642024,0.613037109375,0.73828125,0.305908203125,Mouth closed
1713362310.679541,0.61376953125,0.742919921875,0.308837890625,Mouth closed
1713362310.718467,0.614013671875,0.73974609375,0.30712890625,Mouth closed
1713362310.759248,0.61181640625,0.740966796875,0.307861328125,Mouth closed
1713362310.806192,0.61328125,0.740234375,0.307373046875,Mouth closed
1713362310.83887,0.61376953125,0.74267578125,0.3046875,Mouth closed
1713362310.878921,0.611572265625,0.737548828125,0.306396484375,Mouth closed
1713362310.919094,0.60888671875,0.739990234375,0.308837890625,Mouth closed
1713362310.960362,0.6123046875,0.73779296875,0.3076171875,Mouth closed
1713362311.000079,0.61083984375,0.741455078125,0.3076171875,Mouth closed
1713362311.043489,0.613525390625,0.74169921875,0.3115234375,Mouth closed
1713362311.081953,0.610595703125,0.739501953125,0.311767578125,Mouth closed
1713362311.122117,0.613525390625,0.738525390625,0.310791015625,Mouth closed
1713362311.171967,0.61328125,0.739013671875,0.3115234375,Mouth closed
1713362311.207865,0.60986328125,0.741943359375,0.310791015625,Mouth closed
1713362311.245651,0.61279296875,0.7392578125,0.30810546875,Mouth closed
1713362311.282257,0.61083984375,0.7373046875,0.303955078125,Mouth closed
1713362311.322359,0.613525390625,0.7373046875,0.302734375,Mouth closed
1713362311.361475,0.614013671875,0.744140625,0.3076171875,Mouth closed
1713362311.401287,0.612548828125,0.744873046875,0.30908203125,Mouth closed
1713362311.438476,0.611083984375,0.740478515625,0.303466796875,Mouth closed
1713362311.48086,0.608154296875,0.736572265625,0.306884765625,Mouth closed
1713362311.521371,0.611083984375,0.739013671875,0.31103515625,Mouth closed
1713362311.560627,0.611572265625,0.740234375,0.310546875,Mouth closed
1713362311.605324,0.612060546875,0.744140625,0.30859375,Mouth closed
1713362311.641022,0.609130859375,0.73974609375,0.30615234375,Mouth closed
1713362311.694046,0.614501953125,0.741943359375,0.3095703125,Mouth closed
1713362311.723039,0.613037109375,0.737060546875,0.302001953125,Mouth closed
1713362311.767693,0.611328125,0.736328125,0.307861328125,Mouth closed
1713362311.808018,0.61328125,0.73974609375,0.313720703125,Mouth closed
1713362311.84602,0.61328125,0.74267578125,0.31201171875,Mouth closed
1713362311.882818,0.6103515625,0.741943359375,0.307861328125,Mouth closed
1713362311.921781,0.6142578125,0.7421875,0.309814453125,Mouth closed
1713362311.962566,0.61376953125,0.741943359375,0.310791015625,Mouth closed
1713362312.001603,0.61328125,0.740234375,0.308349609375,Mouth closed
1713362312.040697,0.613037109375,0.7392578125,0.31201171875,Mouth closed
1713362312.089095,0.613525390625,0.738525390625,0.31201171875,Mouth closed
1713362312.119499,0.613525390625,0.741455078125,0.306884765625,Mouth closed
1713362312.161749,0.61474609375,0.7412109375,0.306640625,Mouth closed
1713362312.199624,0.615234375,0.741455078125,0.306640625,Mouth closed
1713362312.241641,0.611083984375,0.74462890625,0.309326171875,Mouth closed
1713362312.281172,0.6103515625,0.739990234375,0.306884765625,Mouth closed
1713362312.320969,0.610107421875,0.740234375,0.31005859375,Mouth closed
1713362312.360561,0.611083984375,0.73828125,0.309814453125,Mouth closed
1713362312.40185,0.610595703125,0.740966796875,0.312255859375,Mouth closed
1713362312.442585,0.6123046875,0.7431640625,0.310546875,Mouth closed
1713362312.480588,0.610107421875,0.736572265625,0.307373046875,Mouth closed
1713362312.526335,0.61865234375,0.744140625,0.312255859375,Mouth closed
1713362312.561384,0.611572265625,0.738037109375,0.31201171875,Mouth closed
1713362312.611664,0.613525390625,0.739990234375,0.3076171875,Mouth closed
1713362312.649165,0.6103515625,0.74169921875,0.310791015625,Mouth closed
1713362312.683065,0.612548828125,0.743408203125,0.30908203125,Mouth closed
1713362312.725013,0.614013671875,0.73828125,0.30517578125,Mouth closed
1713362312.764021,0.612060546875,0.74072265625,0.307861328125,Mouth closed
1713362312.800817,0.61083984375,0.740966796875,0.31103515625,Mouth closed
1713362312.839519,0.611328125,0.7373046875,0.31591796875,Mouth closed
1713362312.879574,0.611328125,0.738037109375,0.312744140625,Mouth closed
1713362312.92028,0.621826171875,0.740478515625,0.305419921875,Mouth closed
1713362312.96111,0.606689453125,0.74755859375,0.31396484375,Mouth closed
1713362313.000413,0.608154296875,0.7275390625,0.296630859375,Mouth closed
1713362313.041642,0.6328125,0.72802734375,0.315673828125,Mouth closed
1713362313.08054,0.626953125,0.7431640625,0.292724609375,Mouth closed
1713362313.125049,0.615966796875,0.74658203125,0.31005859375,Mouth closed
1713362313.161911,0.61474609375,0.736083984375,0.306396484375,Mouth closed
1713362313.21335,0.61083984375,0.736328125,0.308349609375,Mouth closed
1713362313.241493,0.61279296875,0.735107421875,0.310546875,Mouth closed
1713362313.288448,0.612548828125,0.73828125,0.310791015625,Mouth closed
1713362313.324877,0.6123046875,0.739990234375,0.30712890625,Mouth closed
1713362313.367277,0.615234375,0.739990234375,0.30859375,Mouth closed
1713362313.400345,0.616943359375,0.74169921875,0.307861328125,Mouth closed
1713362313.448764,0.6181640625,0.74169921875,0.3046875,Mouth closed
1713362313.484874,0.61572265625,0.73876953125,0.302734375,Mouth closed
1713362313.52497,0.613525390625,0.73681640625,0.304443359375,Mouth closed
1713362313.567837,0.61279296875,0.744873046875,0.3095703125,Mouth closed
1713362313.601742,0.612060546875,0.74169921875,0.306396484375,Mouth closed
1713362313.641751,0.61376953125,0.74267578125,0.308837890625,Mouth closed
1713362313.683442,0.6142578125,0.741455078125,0.307373046875,Mouth closed
1713362313.723197,0.61328125,0.739013671875,0.309326171875,Mouth closed
1713362313.765829,0.611328125,0.74169921875,0.310546875,Mouth closed
1713362313.801842,0.612548828125,0.743408203125,0.312255859375,Mouth closed
1713362313.842672,0.615478515625,0.73779296875,0.30517578125,Mouth closed
1713362313.883596,0.6142578125,0.73779296875,0.302001953125,Mouth closed
1713362313.927094,0.6103515625,0.73779296875,0.30224609375,Mouth closed
1713362313.965903,0.614501953125,0.74267578125,0.306640625,Mouth closed
1713362314.001385,0.61279296875,0.743408203125,0.31005859375,Mouth closed
1713362314.055808,0.61474609375,0.740478515625,0.30712890625,Mouth closed
1713362314.080981,0.61279296875,0.735107421875,0.308837890625,Mouth closed
1713362314.130223,0.612548828125,0.739013671875,0.310546875,Mouth closed
1713362314.16706,0.609130859375,0.73974609375,0.31201171875,Mouth closed
1713362314.201705,0.61376953125,0.738037109375,0.31103515625,Mouth closed
1713362314.241811,0.611328125,0.736572265625,0.3095703125,Mouth closed
1713362314.284333,0.617431640625,0.741455078125,0.3095703125,Mouth closed
1713362314.323718,0.614013671875,0.739990234375,0.307373046875,Mouth closed
1713362314.365906,0.61474609375,0.738037109375,0.30322265625,Mouth closed
1713362314.40336,0.6103515625,0.7421875,0.303466796875,Mouth closed
1713362314.44467,0.612548828125,0.7431640625,0.306884765625,Mouth closed
1713362314.491131,0.61279296875,0.739990234375,0.303466796875,Mouth closed
1713362314.529016,0.61474609375,0.73974609375,0.30517578125,Mouth closed
1713362314.565791,0.615966796875,0.740966796875,0.307861328125,Mouth closed
1713362314.613814,0.613037109375,0.739501953125,0.310302734375,Mouth closed
1713362314.643665,0.61083984375,0.73828125,0.31005859375,Mouth closed
1713362314.685665,0.6103515625,0.7412109375,0.311279296875,Mouth closed
1713362314.725577,0.60986328125,0.73681640625,0.309814453125,Mouth closed
1713362314.762631,0.615966796875,0.73974609375,0.305908203125,Mouth closed
1713362314.829259,0.60888671875,0.7412109375,0.3095703125,Mouth closed
1713362314.846403,0.617431640625,0.74609375,0.31005859375,Mouth closed
1713362314.883406,0.609130859375,0.7412109375,0.3076171875,Mouth closed
1713362314.924589,0.614013671875,0.738525390625,0.3076171875,Mouth closed
1713362314.972236,0.613525390625,0.7392578125,0.312255859375,Mouth closed
1713362315.008735,0.611328125,0.7392578125,0.30908203125,Mouth closed
1713362315.047146,0.614501953125,0.73876953125,0.306884765625,Mouth closed
1713362315.086068,0.61328125,0.7421875,0.310791015625,Mouth closed
1713362315.12603,0.614501953125,0.7412109375,0.304931640625,Mouth closed
1713362315.165871,0.60986328125,0.735595703125,0.3046875,Mouth closed
1713362315.208966,0.611328125,0.741455078125,0.30712890625,Mouth closed
1713362315.246844,0.608642578125,0.740966796875,0.310546875,Mouth closed
1713362315.286785,0.611572265625,0.740966796875,0.306396484375,Mouth closed
1713362315.325387,0.610107421875,0.73974609375,0.306884765625,Mouth closed
1713362315.364422,0.60986328125,0.740478515625,0.306884765625,Mouth closed
1713362315.409477,0.612548828125,0.745361328125,0.314208984375,Mouth closed
1713362315.447972,0.610107421875,0.742431640625,0.3134765625,Mouth closed
1713362315.486618,0.61181640625,0.7373046875,0.31298828125,Mouth closed
1713362315.526376,0.6123046875,0.739501953125,0.31103515625,Mouth closed
1713362315.569075,0.614990234375,0.738037109375,0.30810546875,Mouth closed
1713362315.612234,0.611083984375,0.738525390625,0.30810546875,Mouth closed
1713362315.650464,0.615234375,0.739990234375,0.307861328125,Mouth closed
1713362315.687289,0.612060546875,0.736572265625,0.305908203125,Mouth closed
1713362315.725436,0.61328125,0.7373046875,0.31005859375,Mouth closed
1713362315.765932,0.613037109375,0.743896484375,0.311767578125,Mouth closed
1713362315.806376,0.616943359375,0.739501953125,0.307373046875,Mouth closed
1713362315.847323,0.610595703125,0.73828125,0.30712890625,Mouth closed
1713362315.894298,0.612060546875,0.7451171875,0.308349609375,Mouth closed
1713362315.926542,0.6142578125,0.740478515625,0.306396484375,Mouth closed
1713362315.965448,0.6123046875,0.73828125,0.305419921875,Mouth closed
1713362316.00647,0.609619140625,0.743408203125,0.3076171875,Mouth closed
1713362316.046476,0.60791015625,0.73974609375,0.3095703125,Mouth closed
1713362316.085869,0.611572265625,0.741455078125,0.307373046875,Mouth closed
1713362316.126308,0.61328125,0.742919921875,0.305908203125,Mouth closed
1713362316.169945,0.613037109375,0.74072265625,0.309326171875,Mouth closed
1713362316.206688,0.611572265625,0.740234375,0.3095703125,Mouth closed
1713362316.258086,0.613037109375,0.738525390625,0.312255859375,Mouth closed
1713362316.293642,0.610595703125,0.743896484375,0.3115234375,Mouth closed
1713362316.332893,0.610107421875,0.73876953125,0.30810546875,Mouth closed
1713362316.369639,0.61083984375,0.736328125,0.3037109375,Mouth closed
1713362316.409286,0.611328125,0.738525390625,0.30615234375,Mouth closed
1713362316.448214,0.61572265625,0.746337890625,0.310546875,Mouth closed
1713362316.489003,0.611083984375,0.740966796875,0.306640625,Mouth closed
1713362316.529078,0.61181640625,0.73779296875,0.305419921875,Mouth closed
1713362316.57128,0.611572265625,0.7412109375,0.31005859375,Mouth closed
1713362316.608356,0.610595703125,0.74267578125,0.311279296875,Mouth closed
1713362316.647381,0.615234375,0.74169921875,0.309814453125,Mouth closed
1713362316.687367,0.609375,0.7392578125,0.306884765625,Mouth closed
1713362316.725642,0.61474609375,0.744384765625,0.30810546875,Mouth closed
1713362316.770952,0.615966796875,0.741943359375,0.30419921875,Mouth closed
1713362316.806556,0.61376953125,0.740966796875,0.302490234375,Mouth closed
1713362316.847321,0.608642578125,0.744873046875,0.3095703125,Mouth closed
1713362316.887195,0.60986328125,0.740966796875,0.311279296875,Mouth closed
1713362316.929774,0.612548828125,0.744384765625,0.306640625,Mouth closed
1713362316.973716,0.6142578125,0.74072265625,0.307861328125,Mouth closed
1713362317.011878,0.61083984375,0.737548828125,0.310302734375,Mouth closed
1713362317.048657,0.6103515625,0.739990234375,0.3076171875,Mouth closed
1713362317.087376,0.6123046875,0.7392578125,0.31005859375,Mouth closed
1713362317.129119,0.6103515625,0.7431640625,0.310302734375,Mouth closed
1713362317.168335,0.611572265625,0.740234375,0.3046875,Mouth closed
1713362317.208254,0.6162109375,0.742431640625,0.302978515625,Mouth closed
1713362317.249697,0.61279296875,0.7412109375,0.306396484375,Mouth closed
1713362317.287472,0.613037109375,0.741943359375,0.302734375,Mouth closed
1713362317.327432,0.60791015625,0.7412109375,0.30712890625,Mouth closed
1713362317.367541,0.614501953125,0.744873046875,0.306640625,Mouth closed
1713362317.407651,0.611572265625,0.73876953125,0.305419921875,Mouth closed
1713362317.448326,0.609130859375,0.739501953125,0.308349609375,Mouth closed
1713362317.490473,0.608642578125,0.742919921875,0.313232421875,Mouth closed
1713362317.529482,0.614990234375,0.74462890625,0.310546875,Mouth closed
1713362317.569836,0.615966796875,0.739501953125,0.30712890625,Mouth closed
1713362317.616951,0.613525390625,0.739501953125,0.303955078125,Mouth closed
1713362317.654295,0.61279296875,0.74267578125,0.306396484375,Mouth closed
1713362317.691588,0.609619140625,0.737548828125,0.30322265625,Mouth closed
1713362317.730963,0.6142578125,0.739501953125,0.3076171875,Mouth closed
1713362317.770218,0.611083984375,0.7431640625,0.309326171875,Mouth closed
1713362317.812298,0.614013671875,0.7431640625,0.30615234375,Mouth closed
1713362317.852778,0.61328125,0.739990234375,0.306640625,Mouth closed
1713362317.891498,0.612060546875,0.7421875,0.309814453125,Mouth closed
1713362317.930841,0.608154296875,0.740966796875,0.30908203125,Mouth closed
1713362317.970237,0.612548828125,0.743408203125,0.31005859375,Mouth closed
1713362318.009294,0.609130859375,0.744873046875,0.3076171875,Mouth closed
1713362318.049078,0.609375,0.73828125,0.310791015625,Mouth closed
1713362318.091894,0.61474609375,0.74072265625,0.30810546875,Mouth closed
1713362318.129276,0.611572265625,0.73974609375,0.30517578125,Mouth closed
1713362318.169534,0.61181640625,0.7373046875,0.304931640625,Mouth closed
1713362318.210241,0.61083984375,0.74072265625,0.3056640625,Mouth closed
1713362318.251829,0.615234375,0.744140625,0.310302734375,Mouth closed
1713362318.290747,0.6123046875,0.739501953125,0.302978515625,Mouth closed
1713362318.331373,0.607666015625,0.739013671875,0.3037109375,Mouth closed
1713362318.37676,0.61181640625,0.7392578125,0.3115234375,Mouth closed
1713362318.414672,0.6103515625,0.744873046875,0.310791015625,Mouth closed
1713362318.452233,0.6181640625,0.742919921875,0.309326171875,Mouth closed
1713362318.49225,0.61181640625,0.7421875,0.30712890625,Mouth closed
1713362318.533262,0.616943359375,0.743896484375,0.307861328125,Mouth closed
1713362318.571966,0.6123046875,0.738037109375,0.3046875,Mouth closed
1713362318.611325,0.613037109375,0.735595703125,0.306640625,Mouth closed
1713362318.652186,0.610595703125,0.7412109375,0.309326171875,Mouth closed
1713362318.690382,0.61279296875,0.741943359375,0.305908203125,Mouth closed
1713362318.730441,0.61572265625,0.74072265625,0.304931640625,Mouth closed
1713362318.77602,0.612548828125,0.7412109375,0.306640625,Mouth closed
1713362318.812646,0.6142578125,0.7412109375,0.305419921875,Mouth closed
1713362318.853866,0.61181640625,0.73876953125,0.3095703125,Mouth closed
1713362318.891611,0.6123046875,0.742919921875,0.3095703125,Mouth closed
1713362318.931797,0.61279296875,0.7373046875,0.31396484375,Mouth closed
1713362318.971221,0.612548828125,0.737548828125,0.30908203125,Mouth closed
1713362319.01677,0.613037109375,0.7373046875,0.305908203125,Mouth closed
1713362319.052326,0.61279296875,0.741943359375,0.307861328125,Mouth closed
1713362319.10128,0.6142578125,0.741943359375,0.309814453125,Mouth closed
1713362319.138418,0.613037109375,0.742919921875,0.305908203125,Mouth closed
1713362319.178891,0.612548828125,0.7353515625,0.308837890625,Mouth closed
1713362319.217419,0.612548828125,0.739990234375,0.310546875,Mouth closed
1713362319.258386,0.611328125,0.739990234375,0.30810546875,Mouth closed
1713362319.296042,0.616455078125,0.742431640625,0.307861328125,Mouth closed
1713362319.335837,0.60986328125,0.737548828125,0.306396484375,Mouth closed
1713362319.373636,0.618408203125,0.744140625,0.309814453125,Mouth closed
1713362319.412763,0.611572265625,0.73779296875,0.30712890625,Mouth closed
1713362319.451018,0.6123046875,0.737548828125,0.3056640625,Mouth closed
1713362319.491809,0.611572265625,0.740234375,0.309814453125,Mouth closed
1713362319.531394,0.615234375,0.73974609375,0.3095703125,Mouth closed
1713362319.571265,0.613525390625,0.741455078125,0.305908203125,Mouth closed
1713362319.611516,0.615478515625,0.738037109375,0.306396484375,Mouth closed
1713362319.652489,0.613525390625,0.742431640625,0.31005859375,Mouth closed
1713362319.695505,0.614990234375,0.739990234375,0.310791015625,Mouth closed
1713362319.735079,0.614013671875,0.739013671875,0.3115234375,Mouth closed
1713362319.773472,0.613037109375,0.73828125,0.310546875,Mouth closed
1713362319.814234,0.61474609375,0.7373046875,0.307373046875,Mouth closed
1713362319.852228,0.614501953125,0.73681640625,0.306396484375,Mouth closed
1713362319.891566,0.608642578125,0.7412109375,0.302490234375,Mouth closed
1713362319.931476,0.612548828125,0.73828125,0.30712890625,Mouth closed
1713362319.970694,0.615478515625,0.748291015625,0.310791015625,Mouth closed
1713362320.011166,0.613037109375,0.73583984375,0.307373046875,Mouth closed
1713362320.054251,0.614501953125,0.73876953125,0.3095703125,Mouth closed
1713362320.092565,0.61181640625,0.7412109375,0.310302734375,Mouth closed
1713362320.132063,0.613525390625,0.74072265625,0.309814453125,Mouth closed
1713362320.173065,0.6142578125,0.73779296875,0.30859375,Mouth closed
1713362320.216055,0.611083984375,0.74072265625,0.311279296875,Mouth closed
1713362320.254938,0.617919921875,0.744140625,0.310546875,Mouth closed
1713362320.296109,0.61669921875,0.7421875,0.30517578125,Mouth closed
1713362320.344095,0.619384765625,0.737548828125,0.305419921875,Mouth closed
1713362320.380678,0.61376953125,0.737060546875,0.30810546875,Mouth closed
1713362320.419083,0.60888671875,0.73828125,0.310791015625,Mouth closed
1713362320.456076,0.6162109375,0.739501953125,0.3046875,Mouth closed
1713362320.4944,0.615966796875,0.738525390625,0.305908203125,Mouth closed
1713362320.533386,0.6123046875,0.7392578125,0.3095703125,Mouth closed
1713362320.573995,0.61474609375,0.73779296875,0.31005859375,Mouth closed
1713362320.610517,0.615478515625,0.73974609375,0.3095703125,Mouth closed
1713362320.655188,0.615966796875,0.740966796875,0.310302734375,Mouth closed
1713362320.692043,0.61474609375,0.73876953125,0.30712890625,Mouth closed
1713362320.730335,0.618408203125,0.738525390625,0.303466796875,Mouth closed
1713362320.773261,0.617919921875,0.73828125,0.3046875,Mouth closed
1713362320.811407,0.61669921875,0.73828125,0.305908203125,Mouth closed
1713362320.856837,0.611572265625,0.742919921875,0.30859375,Mouth closed
1713362320.893111,0.61279296875,0.73876953125,0.30615234375,Mouth closed
1713362320.933361,0.615234375,0.7373046875,0.3056640625,Mouth closed
1713362320.972929,0.61083984375,0.7412109375,0.310791015625,Mouth closed
1713362321.016832,0.6123046875,0.742919921875,0.311767578125,Mouth closed
1713362321.05232,0.61181640625,0.733154296875,0.306640625,Mouth closed
1713362321.101276,0.611572265625,0.739013671875,0.30517578125,Mouth closed
1713362321.132159,0.616455078125,0.739501953125,0.305908203125,Mouth closed
1713362321.180814,0.614990234375,0.739990234375,0.303466796875,Mouth closed
1713362321.217735,0.61767578125,0.736083984375,0.303466796875,Mouth closed
1713362321.251049,0.6171875,0.73828125,0.305908203125,Mouth closed
1713362321.2919,0.61669921875,0.740234375,0.3076171875,Mouth closed
1713362321.331564,0.616455078125,0.737060546875,0.30517578125,Mouth closed
1713362321.370418,0.61572265625,0.734375,0.3056640625,Mouth closed
1713362321.411641,0.615966796875,0.738037109375,0.31005859375,Mouth closed
1713362321.452467,0.6123046875,0.737060546875,0.311279296875,Mouth closed
1713362321.491432,0.615966796875,0.736328125,0.3134765625,Mouth closed
1713362321.533008,0.61328125,0.736083984375,0.312255859375,Mouth closed
1713362321.576035,0.615966796875,0.73974609375,0.315673828125,Mouth closed
1713362321.61546,0.615966796875,0.736328125,0.310546875,Mouth closed
1713362321.655351,0.615478515625,0.734375,0.30810546875,Mouth closed
1713362321.704618,0.615966796875,0.732666015625,0.304443359375,Mouth closed
1713362321.739528,0.614501953125,0.735595703125,0.306884765625,Mouth closed
1713362321.779306,0.6201171875,0.741943359375,0.310302734375,Mouth closed
1713362321.817334,0.6123046875,0.732177734375,0.31396484375,Mouth closed
1713362321.85597,0.615966796875,0.737060546875,0.3056640625,Mouth closed
1713362321.890917,0.617919921875,0.73828125,0.3125,Mouth closed
1713362321.930359,0.61181640625,0.73681640625,0.31689453125,Mouth closed
1713362321.97171,0.62255859375,0.741943359375,0.316650390625,Mouth closed
1713362322.011698,0.61279296875,0.738037109375,0.307861328125,Mouth closed
1713362322.051386,0.61962890625,0.744384765625,0.3154296875,Mouth closed
1713362322.093031,0.616943359375,0.73583984375,0.312255859375,Mouth closed
1713362322.132934,0.615234375,0.735595703125,0.306396484375,Mouth closed
1713362322.178637,0.612548828125,0.73046875,0.30517578125,Mouth closed
1713362322.213791,0.61767578125,0.738037109375,0.31201171875,Mouth closed
1713362322.253326,0.620361328125,0.73583984375,0.30419921875,Mouth closed
1713362322.293312,0.616455078125,0.733642578125,0.30908203125,Mouth closed
1713362322.333286,0.619873046875,0.729736328125,0.2939453125,Mouth closed
1713362322.377756,0.62060546875,0.733154296875,0.305419921875,Mouth closed
1713362322.415188,0.618408203125,0.73583984375,0.309814453125,Mouth closed
1713362322.453402,0.616943359375,0.73681640625,0.310791015625,Mouth closed
1713362322.493087,0.6181640625,0.72802734375,0.302001953125,Mouth closed
1713362322.538302,0.626708984375,0.729248046875,0.303955078125,Mouth closed
1713362322.578625,0.62451171875,0.7392578125,0.313720703125,Mouth closed
1713362322.616266,0.618896484375,0.731201171875,0.306884765625,Mouth closed
1713362322.653235,0.61669921875,0.729248046875,0.314208984375,Mouth closed
1713362322.692123,0.614013671875,0.732177734375,0.320556640625,Mouth closed
1713362322.733118,0.61767578125,0.733642578125,0.319580078125,Mouth closed
1713362322.77311,0.619140625,0.736572265625,0.318359375,Mouth closed
1713362322.813335,0.612060546875,0.7314453125,0.3154296875,Mouth closed
1713362322.855818,0.625,0.732421875,0.316162109375,Mouth closed
1713362322.894319,0.6162109375,0.73388671875,0.315185546875,Mouth closed
1713362322.937058,0.616455078125,0.734130859375,0.312744140625,Mouth closed
1713362322.977125,0.6123046875,0.73681640625,0.3134765625,Mouth closed
1713362323.018142,0.6162109375,0.740966796875,0.31201171875,Mouth open
1713362323.06642,0.616943359375,0.735107421875,0.305908203125,Mouth open
1713362323.094506,0.61865234375,0.73779296875,0.3095703125,Mouth open
1713362323.136131,0.61572265625,0.740966796875,0.3125,Mouth open
1713362323.180004,0.614013671875,0.738525390625,0.309814453125,Mouth open
1713362323.213999,0.6142578125,0.73779296875,0.309814453125,Mouth open
1713362323.255338,0.61181640625,0.73828125,0.312744140625,Mouth open
1713362323.294248,0.61376953125,0.744140625,0.314453125,Mouth open
1713362323.334415,0.614501953125,0.738037109375,0.310791015625,Mouth open
1713362323.374659,0.61279296875,0.733154296875,0.30810546875,Mouth open
1713362323.415133,0.6181640625,0.736328125,0.314453125,Mouth open
1713362323.460381,0.6162109375,0.739990234375,0.3134765625,Mouth open
1713362323.495594,0.62060546875,0.732177734375,0.312255859375,Mouth open
1713362323.535622,0.618896484375,0.734375,0.310791015625,Mouth open
1713362323.575575,0.623291015625,0.738037109375,0.311767578125,Mouth open
1713362323.616861,0.618896484375,0.734130859375,0.308837890625,Mouth open
1713362323.655147,0.619140625,0.731689453125,0.302490234375,Mouth open
1713362323.696968,0.614990234375,0.733154296875,0.307861328125,Mouth open
1713362323.735319,0.615966796875,0.73876953125,0.307373046875,Mouth open
1713362323.774306,0.59912109375,0.739501953125,0.307861328125,Mouth open
1713362323.813228,0.626220703125,0.74365234375,0.314453125,Mouth open
1713362323.853583,0.61474609375,0.73486328125,0.310546875,Mouth open
1713362323.897826,0.615478515625,0.732421875,0.30419921875,Mouth open
1713362323.933465,0.61865234375,0.734375,0.3095703125,Mouth open
1713362323.97406,0.61669921875,0.736572265625,0.311279296875,Mouth open
1713362324.013846,0.615966796875,0.73486328125,0.310546875,Mouth open
1713362324.062805,0.613525390625,0.736328125,0.31005859375,Mouth open
1713362324.099972,0.614990234375,0.734375,0.311767578125,Mouth open
1713362324.138101,0.61572265625,0.739501953125,0.31103515625,Mouth open
1713362324.175185,0.6201171875,0.7392578125,0.3076171875,Mouth open
1713362324.216517,0.615966796875,0.732421875,0.30859375,Mouth open
1713362324.256226,0.61767578125,0.7412109375,0.31103515625,Mouth open
1713362324.299878,0.6162109375,0.73681640625,0.308837890625,Mouth open
1713362324.336332,0.61767578125,0.733154296875,0.311767578125,Mouth open
1713362324.375589,0.612548828125,0.737060546875,0.315185546875,Mouth open
1713362324.415271,0.611328125,0.73974609375,0.316162109375,Mouth open
1713362324.4535,0.61376953125,0.73876953125,0.31201171875,Mouth open
1713362324.493443,0.6123046875,0.74072265625,0.315185546875,Mouth open
1713362324.536487,0.610107421875,0.740966796875,0.31396484375,Mouth open
1713362324.575485,0.61181640625,0.740966796875,0.316650390625,Mouth open
1713362324.616919,0.614501953125,0.735595703125,0.316650390625,Mouth open
1713362324.657797,0.61181640625,0.73779296875,0.3134765625,Mouth open
1713362324.701386,0.6083984375,0.740234375,0.31787109375,Mouth open
1713362324.744532,0.611328125,0.741943359375,0.31298828125,Mouth open
1713362324.775058,0.609375,0.734619140625,0.30908203125,Mouth open
1713362324.82589,0.610595703125,0.735595703125,0.313720703125,Mouth open
1713362324.862574,0.60791015625,0.739501953125,0.3193359375,Mouth open
1713362324.900349,0.6142578125,0.73974609375,0.31591796875,Mouth open
1713362324.937229,0.610595703125,0.735107421875,0.3134765625,Mouth open
1713362324.976509,0.619140625,0.74072265625,0.318115234375,Mouth open
1713362325.016261,0.611083984375,0.737548828125,0.313720703125,Mouth open
1713362325.056774,0.60986328125,0.7333984375,0.31396484375,Mouth open
1713362325.094061,0.607666015625,0.73828125,0.31982421875,Mouth open
1713362325.136241,0.607666015625,0.739501953125,0.31689453125,Mouth open
1713362325.174332,0.611328125,0.739990234375,0.313720703125,Mouth open
1713362325.215493,0.61083984375,0.74072265625,0.31591796875,Mouth open
1713362325.26127,0.609619140625,0.74169921875,0.31787109375,Mouth open
1713362325.296901,0.612060546875,0.736572265625,0.31640625,Mouth open
1713362325.336064,0.60693359375,0.738037109375,0.315185546875,Mouth open
1713362325.376243,0.6123046875,0.736083984375,0.314453125,Mouth open
1713362325.419199,0.605224609375,0.736572265625,0.31494140625,Mouth open
1713362325.463275,0.617431640625,0.741455078125,0.31591796875,Mouth open
1713362325.50102,0.613525390625,0.7373046875,0.313232421875,Mouth open
1713362325.538684,0.60986328125,0.73583984375,0.315673828125,Mouth open
1713362325.577005,0.609375,0.737060546875,0.318115234375,Mouth open
1713362325.61713,0.614013671875,0.734619140625,0.318115234375,Mouth open
1713362325.658066,0.6083984375,0.737060546875,0.316650390625,Mouth open
1713362325.697846,0.61376953125,0.7392578125,0.3203125,Mouth open
1713362325.738831,0.60791015625,0.740966796875,0.31884765625,Mouth open
1713362325.774706,0.6083984375,0.7373046875,0.31494140625,Mouth open
1713362325.815456,0.606689453125,0.7373046875,0.315185546875,Mouth open
1713362325.855415,0.6123046875,0.740478515625,0.316162109375,Mouth open
1713362325.895021,0.612060546875,0.736328125,0.314453125,Mouth open
1713362325.93926,0.611328125,0.7373046875,0.31396484375,Mouth open
1713362325.976259,0.609130859375,0.73828125,0.31689453125,Mouth open
1713362326.01734,0.607421875,0.739501953125,0.3173828125,Mouth open
1713362326.057102,0.611083984375,0.7392578125,0.31787109375,Mouth open
1713362326.100105,0.61572265625,0.73828125,0.318359375,Mouth open
1713362326.1395,0.609619140625,0.736328125,0.31494140625,Mouth open
1713362326.182,0.608154296875,0.734375,0.31396484375,Mouth open
1713362326.224997,0.61181640625,0.734375,0.318115234375,Mouth open
1713362326.265069,0.61181640625,0.740234375,0.319580078125,Mouth open
1713362326.301251,0.6083984375,0.73681640625,0.318603515625,Mouth open
1713362326.339396,0.611572265625,0.736572265625,0.320068359375,Mouth open
1713362326.377608,0.609619140625,0.737548828125,0.319580078125,Mouth open
1713362326.417561,0.61083984375,0.7412109375,0.3193359375,Mouth open
1713362326.455959,0.61279296875,0.741943359375,0.31982421875,Mouth open
1713362326.499241,0.610107421875,0.739013671875,0.31591796875,Mouth open
1713362326.536106,0.6142578125,0.73974609375,0.316650390625,Mouth open
1713362326.579682,0.6103515625,0.7353515625,0.31396484375,Mouth open
1713362326.617166,0.613525390625,0.739013671875,0.314697265625,Mouth open
1713362326.659362,0.607421875,0.7412109375,0.317138671875,Mouth open
1713362326.698386,0.608642578125,0.739013671875,0.31640625,Mouth open
1713362326.738838,0.608154296875,0.73828125,0.315185546875,Mouth open
1713362326.780704,0.611328125,0.73779296875,0.31396484375,Mouth open
1713362326.824036,0.60595703125,0.738037109375,0.31884765625,Mouth open
1713362326.862292,0.60986328125,0.740478515625,0.319580078125,Mouth open
1713362326.899209,0.6083984375,0.73583984375,0.31884765625,Mouth open
1713362326.940963,0.60986328125,0.73876953125,0.320068359375,Mouth open
1713362326.97933,0.61279296875,0.73583984375,0.3173828125,Mouth open
1713362327.023211,0.61328125,0.736083984375,0.315673828125,Mouth open
1713362327.058207,0.611572265625,0.7392578125,0.3134765625,Mouth open
1713362327.098834,0.61181640625,0.737548828125,0.31640625,Mouth open
1713362327.138211,0.61083984375,0.74267578125,0.317626953125,Mouth open
1713362327.17933,0.610107421875,0.7373046875,0.313720703125,Mouth open
1713362327.216998,0.60791015625,0.734619140625,0.313720703125,Mouth open
1713362327.259792,0.61181640625,0.738037109375,0.31787109375,Mouth open
1713362327.298139,0.609375,0.7392578125,0.31982421875,Mouth open
1713362327.339697,0.612060546875,0.739990234375,0.316162109375,Mouth open
1713362327.383704,0.609619140625,0.738037109375,0.316162109375,Mouth open
1713362327.419345,0.613525390625,0.739501953125,0.314697265625,Mouth open
1713362327.472027,0.6123046875,0.739501953125,0.311767578125,Mouth open
1713362327.499191,0.611328125,0.739013671875,0.31494140625,Mouth open
1713362327.546231,0.609130859375,0.737548828125,0.31640625,Mouth open
1713362327.58158,0.607177734375,0.743408203125,0.316162109375,Mouth open
1713362327.620898,0.6103515625,0.7373046875,0.31396484375,Mouth open
1713362327.659129,0.611083984375,0.74072265625,0.31591796875,Mouth open
1713362327.70015,0.610595703125,0.740234375,0.316650390625,Mouth open
1713362327.738042,0.608642578125,0.738525390625,0.31884765625,Mouth open
1713362327.779046,0.608154296875,0.7421875,0.31884765625,Mouth open
1713362327.81846,0.609130859375,0.73974609375,0.31884765625,Mouth open
1713362327.858024,0.60986328125,0.740478515625,0.313232421875,Mouth open
1713362327.899215,0.6142578125,0.738037109375,0.31201171875,Mouth open
1713362327.939047,0.60595703125,0.73779296875,0.30859375,Mouth open
1713362327.979231,0.61328125,0.737060546875,0.308349609375,Mouth open
1713362328.021769,0.611572265625,0.73876953125,0.312744140625,Mouth open
1713362328.060137,0.615478515625,0.742919921875,0.31591796875,Mouth open
1713362328.099964,0.6123046875,0.7314453125,0.314453125,Mouth open
1713362328.140113,0.614990234375,0.7314453125,0.306884765625,Mouth open
1713362328.179999,0.61962890625,0.73486328125,0.31201171875,Mouth open
1713362328.225153,0.61572265625,0.732666015625,0.315673828125,Mouth open
1713362328.263524,0.61767578125,0.72998046875,0.31494140625,Mouth open
1713362328.30346,0.62255859375,0.73583984375,0.3056640625,Mouth open
1713362328.340463,0.62060546875,0.736083984375,0.302978515625,Mouth open
1713362328.380413,0.6201171875,0.736328125,0.3037109375,Mouth open
1713362328.417633,0.6201171875,0.73583984375,0.294189453125,Mouth open
1713362328.459247,0.6171875,0.736572265625,0.295166015625,Mouth open
1713362328.498802,0.62158203125,0.737548828125,0.2939453125,Mouth open
1713362328.538068,0.62060546875,0.740966796875,0.29443359375,Mouth open
1713362328.57895,0.619384765625,0.736083984375,0.296875,Mouth open
1713362328.618936,0.61962890625,0.736572265625,0.30078125,Mouth open
1713362328.659873,0.61572265625,0.736328125,0.298095703125,Mouth open
1713362328.704166,0.61962890625,0.736572265625,0.30126953125,Mouth open
1713362328.741177,0.618408203125,0.7373046875,0.3046875,Mouth open
1713362328.781173,0.621337890625,0.73486328125,0.301025390625,Mouth open
1713362328.822015,0.62353515625,0.7333984375,0.2978515625,Mouth open
1713362328.874067,0.62548828125,0.73779296875,0.298095703125,Mouth open
1713362328.901652,0.6181640625,0.7392578125,0.298828125,Mouth open
1713362328.951337,0.624267578125,0.740478515625,0.304931640625,Mouth open
1713362328.979592,0.6162109375,0.73681640625,0.304443359375,Mouth open
1713362329.028467,0.618896484375,0.737548828125,0.302978515625,Mouth open
1713362329.058157,0.619873046875,0.736572265625,0.303955078125,Mouth open
1713362329.099181,0.619873046875,0.734375,0.304443359375,Mouth open
1713362329.144915,0.619140625,0.73291015625,0.300537109375,Mouth open
1713362329.185327,0.619873046875,0.740234375,0.30224609375,Mouth open
1713362329.222823,0.620361328125,0.74072265625,0.30126953125,Mouth open
1713362329.261933,0.619873046875,0.73828125,0.2998046875,Mouth open
1713362329.305055,0.615478515625,0.7373046875,0.302490234375,Mouth open
1713362329.345156,0.616455078125,0.738525390625,0.3046875,Mouth open
1713362329.382949,0.615478515625,0.737548828125,0.302734375,Mouth open
1713362329.422189,0.618896484375,0.73828125,0.30029296875,Mouth open
1713362329.461727,0.619384765625,0.739501953125,0.30224609375,Mouth open
1713362329.501066,0.61865234375,0.739013671875,0.30419921875,Mouth open
1713362329.542213,0.61767578125,0.739013671875,0.30517578125,Mouth open
1713362329.582732,0.616943359375,0.73681640625,0.30615234375,Mouth open
1713362329.621409,0.61376953125,0.735107421875,0.307373046875,Mouth open
1713362329.661145,0.62060546875,0.737060546875,0.302490234375,Mouth open
1713362329.700045,0.61962890625,0.735595703125,0.298828125,Mouth open
1713362329.738921,0.619140625,0.7353515625,0.30078125,Mouth open
1713362329.781652,0.615234375,0.740966796875,0.304443359375,Mouth open
1713362329.820195,0.618896484375,0.7412109375,0.310546875,Mouth open
1713362329.860405,0.6162109375,0.737548828125,0.306640625,Mouth open
1713362329.901191,0.616455078125,0.732666015625,0.305908203125,Mouth open
1713362329.94126,0.615234375,0.7373046875,0.30908203125,Mouth open
1713362329.98522,0.61669921875,0.73828125,0.310302734375,Mouth open
1713362330.022166,0.619140625,0.736083984375,0.3076171875,Mouth open
1713362330.06271,0.614990234375,0.736328125,0.306396484375,Mouth open
1713362330.103341,0.61767578125,0.738525390625,0.307373046875,Mouth open
1713362330.144336,0.6201171875,0.736328125,0.300537109375,Mouth open
1713362330.188418,0.614013671875,0.735107421875,0.302490234375,Mouth open
1713362330.224243,0.61669921875,0.73974609375,0.30908203125,Mouth open
1713362330.263337,0.615234375,0.7373046875,0.3056640625,Mouth open
1713362330.302931,0.620361328125,0.738525390625,0.3046875,Mouth open
1713362330.352099,0.6171875,0.73876953125,0.304931640625,Mouth open
1713362330.388438,0.614501953125,0.735595703125,0.310791015625,Mouth open
1713362330.426393,0.6123046875,0.736328125,0.310302734375,Mouth open
1713362330.463964,0.614501953125,0.736328125,0.311279296875,Mouth open
1713362330.501449,0.616455078125,0.739013671875,0.3095703125,Mouth open
1713362330.542443,0.617431640625,0.736572265625,0.306640625,Mouth open
1713362330.582098,0.618408203125,0.7353515625,0.307861328125,Mouth open
1713362330.622759,0.619384765625,0.734375,0.303466796875,Mouth open
1713362330.663095,0.61767578125,0.73974609375,0.3076171875,Mouth open
1713362330.70337,0.614013671875,0.7431640625,0.308837890625,Mouth open
1713362330.743022,0.6162109375,0.741455078125,0.30859375,Mouth open
1713362330.787935,0.6142578125,0.738037109375,0.302734375,Mouth open
1713362330.823309,0.614013671875,0.734375,0.3076171875,Mouth open
1713362330.869412,0.61474609375,0.7392578125,0.307861328125,Mouth open
1713362330.902883,0.620849609375,0.73828125,0.307373046875,Mouth open
1713362330.95325,0.61328125,0.737548828125,0.30126953125,Mouth open
1713362330.987973,0.620361328125,0.7392578125,0.30859375,Mouth open
1713362331.024817,0.6181640625,0.73779296875,0.301025390625,Mouth open
1713362331.059993,0.615478515625,0.73681640625,0.303955078125,Mouth open
1713362331.112893,0.61572265625,0.73974609375,0.308837890625,Mouth open
1713362331.141013,0.615478515625,0.7412109375,0.305908203125,Mouth open
1713362331.181555,0.6181640625,0.73583984375,0.303466796875,Mouth open
1713362331.225954,0.613037109375,0.739013671875,0.304443359375,Mouth open
1713362331.263664,0.61572265625,0.739990234375,0.306396484375,Mouth open
1713362331.30407,0.615478515625,0.73779296875,0.306396484375,Mouth open
1713362331.343236,0.614990234375,0.737060546875,0.308349609375,Mouth open
1713362331.381889,0.6171875,0.736328125,0.310302734375,Mouth open
1713362331.42412,0.615966796875,0.73291015625,0.3076171875,Mouth open
1713362331.463938,0.62109375,0.737548828125,0.302978515625,Mouth open
1713362331.503493,0.618896484375,0.73828125,0.302001953125,Mouth open
1713362331.547934,0.6171875,0.7421875,0.302001953125,Mouth open
1713362331.584028,0.61865234375,0.738525390625,0.3017578125,Mouth open
1713362331.623186,0.616455078125,0.734130859375,0.302734375,Mouth open
1713362331.66372,0.617431640625,0.73779296875,0.305419921875,Mouth open
1713362331.704789,0.616455078125,0.742431640625,0.309814453125,Mouth open
1713362331.748105,0.620361328125,0.740966796875,0.31005859375,Mouth open
1713362331.787905,0.612548828125,0.740478515625,0.30615234375,Mouth open
1713362331.825567,0.620361328125,0.743408203125,0.309326171875,Mouth open
1713362331.863164,0.61865234375,0.738037109375,0.303466796875,Mouth open
1713362331.904082,0.616455078125,0.73583984375,0.3056640625,Mouth open
1713362331.943266,0.6142578125,0.738037109375,0.3056640625,Mouth open
1713362331.983996,0.614013671875,0.7412109375,0.305908203125,Mouth open
1713362332.023919,0.619140625,0.7373046875,0.305419921875,Mouth open
1713362332.064583,0.61279296875,0.739013671875,0.3056640625,Mouth open
1713362332.105696,0.617919921875,0.739013671875,0.307861328125,Mouth open
1713362332.1449,0.615478515625,0.737548828125,0.307861328125,Mouth open
1713362332.184098,0.612548828125,0.739013671875,0.30908203125,Mouth open
1713362332.227203,0.6142578125,0.738525390625,0.310302734375,Mouth open
1713362332.263451,0.61767578125,0.735595703125,0.30517578125,Mouth open
1713362332.302804,0.62109375,0.735107421875,0.3017578125,Mouth open
1713362332.341893,0.61572265625,0.736083984375,0.304443359375,Mouth open
1713362332.386954,0.619384765625,0.744140625,0.306640625,Mouth open
1713362332.422973,0.6162109375,0.739990234375,0.304931640625,Mouth open
1713362332.468608,0.61572265625,0.736083984375,0.304443359375,Mouth open
1713362332.502952,0.615966796875,0.734130859375,0.306640625,Mouth open
1713362332.549438,0.615478515625,0.73828125,0.309814453125,Mouth open
1713362332.586265,0.617919921875,0.7353515625,0.3037109375,Mouth open
1713362332.645609,0.61669921875,0.738037109375,0.30419921875,Mouth open
1713362332.669617,0.618408203125,0.740478515625,0.30517578125,Mouth open
1713362332.70719,0.617431640625,0.73876953125,0.3017578125,Mouth open
1713362332.745463,0.61865234375,0.73779296875,0.303955078125,Mouth open
1713362332.786891,0.61328125,0.741943359375,0.30810546875,Mouth open
1713362332.825135,0.614501953125,0.737548828125,0.30419921875,Mouth open
1713362332.868378,0.616455078125,0.73681640625,0.30419921875,Mouth open
1713362332.903852,0.6171875,0.737060546875,0.3037109375,Mouth open
1713362332.942902,0.615966796875,0.738525390625,0.308837890625,Mouth open
1713362332.982804,0.615478515625,0.73779296875,0.308837890625,Mouth open
1713362333.023031,0.61376953125,0.738037109375,0.30810546875,Mouth open
1713362333.066734,0.614501953125,0.73388671875,0.30712890625,Mouth open
1713362333.10482,0.615478515625,0.736328125,0.301513671875,Mouth open
1713362333.149575,0.61962890625,0.73974609375,0.306396484375,Mouth open
1713362333.18509,0.61669921875,0.740966796875,0.307861328125,Mouth open
1713362333.233646,0.617431640625,0.73974609375,0.3046875,Mouth open
1713362333.269706,0.617431640625,0.734619140625,0.303466796875,Mouth open
1713362333.308273,0.61279296875,0.740234375,0.308349609375,Mouth open
1713362333.345014,0.613525390625,0.74267578125,0.3125,Mouth open
1713362333.387198,0.6171875,0.740478515625,0.305908203125,Mouth open
1713362333.425957,0.608642578125,0.73681640625,0.304931640625,Mouth open
1713362333.468818,0.61865234375,0.74365234375,0.30810546875,Mouth open
1713362333.506322,0.614013671875,0.73828125,0.30224609375,Mouth open
1713362333.551611,0.6162109375,0.735107421875,0.30322265625,Mouth open
1713362333.583845,0.61279296875,0.73779296875,0.304443359375,Mouth open
1713362333.624722,0.61572265625,0.74169921875,0.304931640625,Mouth open
1713362333.664126,0.61376953125,0.73828125,0.30517578125,Mouth open
1713362333.703931,0.614013671875,0.739990234375,0.30322265625,Mouth open
1713362333.745135,0.6142578125,0.740234375,0.30908203125,Mouth open
1713362333.785007,0.614501953125,0.738525390625,0.3095703125,Mouth open
1713362333.829452,0.615478515625,0.7392578125,0.308837890625,Mouth open
1713362333.866155,0.615234375,0.7373046875,0.310791015625,Mouth open
1713362333.911123,0.616943359375,0.736572265625,0.308837890625,Mouth open
1713362333.952437,0.614990234375,0.737548828125,0.302490234375,Mouth open
1713362333.992243,0.614990234375,0.739013671875,0.305908203125,Mouth open
1713362334.029425,0.616943359375,0.74462890625,0.3095703125,Mouth open
1713362334.068407,0.614501953125,0.739990234375,0.304931640625,Mouth open
1713362334.106812,0.615234375,0.73583984375,0.302001953125,Mouth open
1713362334.149747,0.60986328125,0.739013671875,0.3076171875,Mouth open
1713362334.18685,0.61328125,0.7431640625,0.30908203125,Mouth open
1713362334.230411,0.616455078125,0.7421875,0.30615234375,Mouth open
1713362334.265992,0.61376953125,0.739501953125,0.30517578125,Mouth open
1713362334.305367,0.6171875,0.743408203125,0.304931640625,Mouth open
1713362334.345352,0.616943359375,0.73779296875,0.304931640625,Mouth open
1713362334.386031,0.61474609375,0.73974609375,0.30517578125,Mouth open
1713362334.430259,0.61279296875,0.741455078125,0.30810546875,Mouth open
1713362334.466107,0.61572265625,0.740966796875,0.30810546875,Mouth open
1713362334.520043,0.617919921875,0.73876953125,0.30419921875,Mouth open
1713362334.547299,0.616943359375,0.738037109375,0.306396484375,Mouth open
1713362334.588332,0.614013671875,0.739990234375,0.30517578125,Mouth open
1713362334.631625,0.614501953125,0.739501953125,0.30810546875,Mouth open
1713362334.67002,0.618896484375,0.73974609375,0.313232421875,Mouth open
1713362334.70835,0.609619140625,0.739013671875,0.3115234375,Mouth open
1713362334.748284,0.61376953125,0.735595703125,0.30517578125,Mouth open
1713362334.78787,0.61474609375,0.737060546875,0.303955078125,Mouth open
1713362334.831525,0.620361328125,0.73828125,0.305419921875,Mouth open
1713362334.867254,0.61572265625,0.739501953125,0.302734375,Mouth open
1713362334.906647,0.61474609375,0.7373046875,0.304931640625,Mouth open
1713362334.945942,0.61181640625,0.7373046875,0.3095703125,Mouth open
1713362334.985804,0.612548828125,0.745361328125,0.310791015625,Mouth open
1713362335.025775,0.618896484375,0.740478515625,0.31005859375,Mouth open
1713362335.069167,0.611328125,0.740234375,0.306884765625,Mouth open
1713362335.112972,0.619140625,0.741455078125,0.31005859375,Mouth open
1713362335.149033,0.615966796875,0.7353515625,0.30517578125,Mouth open
1713362335.188907,0.61181640625,0.73583984375,0.30712890625,Mouth open
1713362335.22784,0.6103515625,0.74169921875,0.30908203125,Mouth open
1713362335.276939,0.615966796875,0.739990234375,0.307373046875,Mouth open
1713362335.313514,0.615966796875,0.74169921875,0.30712890625,Mouth open
1713362335.352648,0.614990234375,0.73974609375,0.308837890625,Mouth open
1713362335.388721,0.61767578125,0.738037109375,0.3076171875,Mouth open
1713362335.432353,0.617919921875,0.736328125,0.30908203125,Mouth open
1713362335.467964,0.613525390625,0.73681640625,0.3056640625,Mouth open
1713362335.507742,0.613037109375,0.7412109375,0.307373046875,Mouth open
1713362335.547028,0.61767578125,0.739990234375,0.30810546875,Mouth open
1713362335.587571,0.61767578125,0.736083984375,0.304443359375,Mouth open
1713362335.626626,0.61181640625,0.7431640625,0.30712890625,Mouth open
1713362335.668259,0.6162109375,0.743408203125,0.30859375,Mouth open
1713362335.712098,0.612548828125,0.74169921875,0.305419921875,Mouth open
1713362335.748052,0.61083984375,0.73779296875,0.307861328125,Mouth open
1713362335.787607,0.611572265625,0.737060546875,0.31005859375,Mouth open
1713362335.828051,0.616943359375,0.741455078125,0.307861328125,Mouth open
1713362335.877095,0.610107421875,0.739013671875,0.306640625,Mouth open
1713362335.913907,0.614013671875,0.73779296875,0.307373046875,Mouth open
1713362335.952163,0.615478515625,0.7412109375,0.305419921875,Mouth open
1713362335.9885,0.615966796875,0.7353515625,0.3046875,Mouth open
1713362336.030799,0.61572265625,0.736572265625,0.306640625,Mouth open
1713362336.074067,0.611083984375,0.740966796875,0.310302734375,Mouth open
1713362336.112163,0.611572265625,0.73876953125,0.307373046875,Mouth open
1713362336.150597,0.61328125,0.740234375,0.3037109375,Mouth open
1713362336.189443,0.614501953125,0.741943359375,0.310302734375,Mouth open
1713362336.225894,0.61181640625,0.740966796875,0.30859375,Mouth open
1713362336.266936,0.615234375,0.739990234375,0.3095703125,Mouth open
1713362336.306732,0.612548828125,0.7412109375,0.30859375,Mouth open
1713362336.349018,0.6123046875,0.741455078125,0.30712890625,Mouth open
1713362336.38881,0.6171875,0.73876953125,0.304443359375,Mouth open
1713362336.428348,0.613525390625,0.735595703125,0.3037109375,Mouth open
1713362336.473624,0.61572265625,0.736572265625,0.309326171875,Mouth open
1713362336.508977,0.61181640625,0.74169921875,0.3095703125,Mouth open
1713362336.561796,0.613525390625,0.740234375,0.30810546875,Mouth open
1713362336.589953,0.6103515625,0.73779296875,0.308837890625,Mouth open
1713362336.636752,0.6123046875,0.737548828125,0.310546875,Mouth open
1713362336.673178,0.610107421875,0.73974609375,0.31201171875,Mouth open
1713362336.711727,0.61328125,0.741455078125,0.309814453125,Mouth open
1713362336.750497,0.608154296875,0.7431640625,0.30908203125,Mouth open
1713362336.788898,0.6162109375,0.745361328125,0.309814453125,Mouth open
1713362336.829011,0.611572265625,0.73974609375,0.306396484375,Mouth open
1713362336.868767,0.615478515625,0.73779296875,0.302001953125,Mouth open
1713362336.907759,0.6103515625,0.739501953125,0.308837890625,Mouth open
1713362336.948137,0.613037109375,0.741943359375,0.307861328125,Mouth open
1713362336.988457,0.61376953125,0.744140625,0.305419921875,Mouth open
1713362337.028818,0.61181640625,0.74169921875,0.307373046875,Mouth open
1713362337.072488,0.6123046875,0.73876953125,0.306884765625,Mouth open
1713362337.108756,0.61328125,0.739990234375,0.308349609375,Mouth open
1713362337.163443,0.614501953125,0.742919921875,0.310302734375,Mouth open
1713362337.190532,0.6103515625,0.740234375,0.31005859375,Mouth open
1713362337.230832,0.61279296875,0.7421875,0.309326171875,Mouth open
1713362337.275486,0.6162109375,0.740234375,0.3056640625,Mouth open
1713362337.313244,0.614990234375,0.7373046875,0.303955078125,Mouth open
1713362337.350823,0.614990234375,0.745361328125,0.30712890625,Mouth open
1713362337.398657,0.612548828125,0.7421875,0.3076171875,Mouth open
1713362337.434714,0.609619140625,0.73828125,0.30712890625,Mouth open
1713362337.474164,0.60986328125,0.737548828125,0.30810546875,Mouth open
1713362337.510244,0.609375,0.7421875,0.317626953125,Mouth open
1713362337.549579,0.615478515625,0.7392578125,0.307861328125,Mouth open
1713362337.589929,0.609619140625,0.7392578125,0.30615234375,Mouth open
1713362337.632697,0.617431640625,0.745849609375,0.310302734375,Mouth open
1713362337.668741,0.6083984375,0.74169921875,0.303466796875,Mouth open
1713362337.710117,0.61279296875,0.738037109375,0.304931640625,Mouth open
1713362337.750509,0.60888671875,0.74072265625,0.306884765625,Mouth open
1713362337.792326,0.61328125,0.74267578125,0.312744140625,Mouth open
1713362337.830893,0.61474609375,0.740234375,0.3076171875,Mouth open
1713362337.870753,0.61328125,0.740478515625,0.3056640625,Mouth open
1713362337.915408,0.61279296875,0.739013671875,0.30859375,Mouth open
1713362337.951987,0.60986328125,0.743408203125,0.310791015625,Mouth open
1713362337.991649,0.608642578125,0.743896484375,0.31787109375,Mouth open
1713362338.034547,0.612060546875,0.742431640625,0.31396484375,unknown
1713362338.083575,0.607177734375,0.738037109375,0.310546875,unknown
1713362338.111144,0.612060546875,0.739501953125,0.309814453125,unknown
1713362338.15513,0.613525390625,0.74072265625,0.310302734375,unknown
1713362338.189306,0.61328125,0.743408203125,0.3134765625,unknown
1713362338.241614,0.609130859375,0.743896484375,0.3076171875,unknown
1713362338.269857,0.609375,0.734130859375,0.308837890625,unknown
1713362338.318837,0.609619140625,0.73779296875,0.3095703125,unknown
1713362338.35706,0.606689453125,0.7421875,0.3115234375,unknown
1713362338.391988,0.614013671875,0.741455078125,0.310302734375,unknown
1713362338.435009,0.60986328125,0.74072265625,0.308837890625,unknown
1713362338.475701,0.616455078125,0.7451171875,0.31103515625,unknown
1713362338.515463,0.60986328125,0.74072265625,0.303955078125,unknown
1713362338.555117,0.6142578125,0.7373046875,0.3056640625,unknown
1713362338.590637,0.610107421875,0.73974609375,0.307861328125,unknown
1713362338.642915,0.609375,0.739501953125,0.31103515625,unknown
1713362338.671653,0.612548828125,0.740966796875,0.305419921875,unknown
1713362338.720819,0.615478515625,0.7421875,0.3076171875,unknown
1713362338.750069,0.613037109375,0.73876953125,0.30908203125,unknown
1713362338.79748,0.61279296875,0.73974609375,0.313232421875,unknown
1713362338.8355,0.61181640625,0.740478515625,0.311767578125,unknown
1713362338.874576,0.612060546875,0.739013671875,0.308837890625,unknown
1713362338.91234,0.615234375,0.739501953125,0.309814453125,unknown
1713362338.951579,0.613525390625,0.739013671875,0.3056640625,unknown
1713362338.98964,0.614990234375,0.737548828125,0.30419921875,unknown
1713362339.03215,0.609130859375,0.743896484375,0.308349609375,unknown
1713362339.070835,0.61279296875,0.745361328125,0.310791015625,unknown
1713362339.111626,0.60986328125,0.738525390625,0.3056640625,unknown
1713362339.152088,0.609130859375,0.7373046875,0.310302734375,unknown
1713362339.195942,0.609619140625,0.739501953125,0.311279296875,unknown
1713362339.232807,0.61279296875,0.74072265625,0.316162109375,unknown
1713362339.272038,0.614013671875,0.739990234375,0.3095703125,unknown
1713362339.311957,0.6123046875,0.741943359375,0.3056640625,unknown
1713362339.352046,0.612548828125,0.7431640625,0.307861328125,unknown
1713362339.391131,0.61328125,0.735595703125,0.304443359375,unknown
1713362339.432335,0.614013671875,0.73779296875,0.3046875,unknown
1713362339.470002,0.6064453125,0.739013671875,0.311767578125,unknown
1713362339.509819,0.612060546875,0.739501953125,0.309814453125,unknown
1713362339.555407,0.609619140625,0.738525390625,0.308837890625,unknown
1713362339.59271,0.609130859375,0.742431640625,0.3095703125,unknown
1713362339.632602,0.610595703125,0.7412109375,0.313232421875,unknown
1713362339.674074,0.60791015625,0.73974609375,0.309814453125,unknown
1713362339.724546,0.60888671875,0.7412109375,0.312255859375,unknown
1713362339.751734,0.6103515625,0.73974609375,0.310791015625,unknown
1713362339.801707,0.615234375,0.740966796875,0.3095703125,unknown
1713362339.83553,0.61376953125,0.739501953125,0.309326171875,unknown
1713362339.876134,0.611328125,0.739013671875,0.3076171875,unknown
1713362339.913009,0.611572265625,0.745361328125,0.31005859375,unknown
1713362339.952631,0.61376953125,0.74560546875,0.304443359375,unknown
1713362339.994756,0.61279296875,0.73876953125,0.30419921875,unknown
1713362340.045245,0.610107421875,0.739501953125,0.31005859375,unknown
1713362340.07163,0.6103515625,0.742431640625,0.30859375,unknown
1713362340.118231,0.614013671875,0.739501953125,0.306640625,unknown
1713362340.150918,0.607177734375,0.737548828125,0.306396484375,unknown
1713362340.197997,0.61767578125,0.74560546875,0.306884765625,unknown
1713362340.235736,0.6142578125,0.738037109375,0.3046875,unknown
1713362340.273195,0.61572265625,0.7373046875,0.30517578125,unknown
1713362340.312528,0.611572265625,0.73876953125,0.310791015625,unknown
1713362340.352949,0.61181640625,0.740966796875,0.310302734375,unknown
1713362340.393628,0.611572265625,0.737548828125,0.306884765625,unknown
1713362340.433629,0.613037109375,0.74658203125,0.30810546875,unknown
1713362340.473566,0.609375,0.742431640625,0.309814453125,unknown
1713362340.513704,0.606689453125,0.73681640625,0.310546875,unknown
1713362340.556748,0.61083984375,0.73876953125,0.309326171875,unknown
1713362340.597879,0.60986328125,0.736328125,0.30712890625,unknown
1713362340.639464,0.614013671875,0.73828125,0.305908203125,unknown
1713362340.673664,0.614501953125,0.738525390625,0.30419921875,unknown
1713362340.713818,0.615234375,0.745849609375,0.30419921875,unknown
1713362340.758598,0.612060546875,0.74365234375,0.307373046875,unknown
1713362340.795162,0.60888671875,0.738037109375,0.30615234375,unknown
1713362340.832881,0.611572265625,0.741455078125,0.30908203125,unknown
1713362340.873192,0.614501953125,0.742919921875,0.313232421875,unknown
1713362340.913444,0.6123046875,0.74267578125,0.31005859375,unknown
1713362340.959497,0.60791015625,0.742919921875,0.3076171875,unknown
1713362340.994779,0.612548828125,0.740234375,0.310791015625,unknown
1713362341.03885,0.61083984375,0.74169921875,0.30810546875,unknown
1713362341.073466,0.608642578125,0.74169921875,0.309326171875,unknown
1713362341.1137,0.607666015625,0.74365234375,0.311279296875,unknown
1713362341.152539,0.611328125,0.7412109375,0.30712890625,unknown
1713362341.195202,0.614501953125,0.7392578125,0.3056640625,unknown
1713362341.238556,0.614013671875,0.740966796875,0.30908203125,unknown
1713362341.273547,0.615234375,0.73828125,0.3095703125,unknown
1713362341.320192,0.610595703125,0.7412109375,0.310546875,unknown
1713362341.353307,0.61328125,0.74072265625,0.3115234375,unknown
1713362341.398605,0.6171875,0.742919921875,0.309814453125,unknown
1713362341.430611,0.613037109375,0.73974609375,0.30859375,unknown
1713362341.477417,0.609619140625,0.742431640625,0.311279296875,unknown
1713362341.513483,0.612060546875,0.743408203125,0.307861328125,unknown
1713362341.553202,0.611083984375,0.736572265625,0.30419921875,unknown
1713362341.595289,0.612548828125,0.7431640625,0.3115234375,unknown
1713362341.634071,0.6103515625,0.742919921875,0.311279296875,unknown
1713362341.672536,0.61279296875,0.739990234375,0.3056640625,unknown
1713362341.711617,0.61474609375,0.74072265625,0.301513671875,unknown
1713362341.75257,0.62353515625,0.734619140625,0.298583984375,unknown
1713362341.792958,0.614501953125,0.740478515625,0.300048828125,unknown
1713362341.832565,0.611572265625,0.75244140625,0.309814453125,unknown
1713362341.873521,0.610107421875,0.74462890625,0.30029296875,unknown
1713362341.9169,0.607177734375,0.748291015625,0.30908203125,unknown
1713362341.954075,0.599609375,0.740234375,0.313720703125,unknown
1713362341.991559,0.60595703125,0.744384765625,0.312744140625,unknown
1713362342.030689,0.603271484375,0.744384765625,0.322021484375,unknown
1713362342.079912,0.5966796875,0.740234375,0.331298828125,unknown
1713362342.118092,0.607666015625,0.73095703125,0.322509765625,unknown
1713362342.154354,0.6162109375,0.726806640625,0.316650390625,unknown
1713362342.192969,0.61083984375,0.72900390625,0.319580078125,unknown
1713362342.23355,0.62060546875,0.735107421875,0.321533203125,unknown
1713362342.273339,0.626220703125,0.736083984375,0.317626953125,unknown
1713362342.322175,0.62255859375,0.728515625,0.318603515625,unknown
1713362342.353542,0.619873046875,0.71923828125,0.31396484375,unknown
1713362342.395345,0.628173828125,0.717529296875,0.31396484375,unknown
1713362342.436161,0.61572265625,0.731201171875,0.32080078125,unknown
1713362342.478079,0.61865234375,0.73486328125,0.3251953125,unknown
1713362342.515789,0.60986328125,0.728515625,0.3251953125,unknown
1713362342.555559,0.60791015625,0.744384765625,0.337646484375,unknown
1713362342.599203,0.618896484375,0.747314453125,0.329345703125,unknown
1713362342.639697,0.61572265625,0.726806640625,0.31591796875,unknown
1713362342.673514,0.617431640625,0.71923828125,0.308837890625,unknown
1713362342.71371,0.62744140625,0.720703125,0.302734375,unknown
1713362342.755412,0.625732421875,0.72314453125,0.30078125,unknown
1713362342.798813,0.61083984375,0.7265625,0.3076171875,unknown
1713362342.837069,0.61962890625,0.736083984375,0.315185546875,unknown
1713362342.874956,0.598876953125,0.741943359375,0.3232421875,unknown
1713362342.915238,0.6064453125,0.74169921875,0.330810546875,unknown
1713362342.954627,0.596923828125,0.73876953125,0.317138671875,unknown
1713362342.997182,0.620361328125,0.753173828125,0.30517578125,unknown
1713362343.03477,0.610107421875,0.771728515625,0.299072265625,unknown
1713362343.075765,0.623046875,0.775146484375,0.283447265625,unknown
1713362343.11853,0.62890625,0.7568359375,0.260498046875,unknown
1713362343.155702,0.642822265625,0.74267578125,0.245849609375,unknown
1713362343.197924,0.6376953125,0.738525390625,0.248046875,unknown
1713362343.238346,0.650390625,0.727294921875,0.236572265625,unknown
1713362343.290531,0.606689453125,0.73388671875,0.271728515625,unknown
1713362343.316002,0.608154296875,0.744384765625,0.288330078125,unknown
1713362343.364881,0.615234375,0.738037109375,0.274169921875,unknown
1713362343.399598,0.60546875,0.7451171875,0.281494140625,unknown
1713362343.438869,0.626953125,0.74609375,0.275634765625,unknown
1713362343.474808,0.623046875,0.744140625,0.279541015625,unknown
1713362343.517674,0.63232421875,0.7392578125,0.2890625,unknown
1713362343.555814,0.6240234375,0.7353515625,0.294189453125,unknown
1713362343.600724,0.630126953125,0.72998046875,0.288330078125,unknown
1713362343.637195,0.638916015625,0.72607421875,0.277099609375,unknown
1713362343.677251,0.631591796875,0.7392578125,0.288818359375,unknown
1713362343.719029,0.63623046875,0.7392578125,0.2841796875,unknown
1713362343.758473,0.6357421875,0.72705078125,0.280029296875,unknown
1713362343.796978,0.62646484375,0.730224609375,0.294189453125,unknown
1713362343.836585,0.62109375,0.728515625,0.30810546875,unknown
1713362343.880087,0.60498046875,0.736328125,0.319091796875,unknown
1713362343.921096,0.604248046875,0.743896484375,0.3232421875,unknown
1713362343.968243,0.6015625,0.74560546875,0.32470703125,unknown
1713362344.002888,0.587158203125,0.750732421875,0.321044921875,unknown
1713362344.043146,0.60107421875,0.75146484375,0.303466796875,unknown
1713362344.080528,0.6064453125,0.75048828125,0.288330078125,unknown
1713362344.116916,0.60400390625,0.76416015625,0.308349609375,unknown
1713362344.156495,0.61328125,0.762939453125,0.31005859375,unknown
1713362344.196797,0.61279296875,0.762939453125,0.30859375,unknown
1713362344.238069,0.604736328125,0.750244140625,0.29931640625,unknown
1713362344.276498,0.6103515625,0.742919921875,0.289794921875,unknown
1713362344.31797,0.610107421875,0.73974609375,0.294677734375,unknown
1713362344.358013,0.607177734375,0.740234375,0.30712890625,unknown
1713362344.401474,0.604248046875,0.731689453125,0.317626953125,unknown
1713362344.440478,0.60400390625,0.73681640625,0.333251953125,unknown
1713362344.48292,0.607421875,0.738525390625,0.349365234375,unknown
1713362344.527774,0.60107421875,0.733154296875,0.361572265625,unknown
1713362344.561105,0.60546875,0.7275390625,0.371337890625,unknown
1713362344.601885,0.603271484375,0.713623046875,0.354736328125,unknown
1713362344.639965,0.615478515625,0.712890625,0.343994140625,unknown
1713362344.676919,0.60888671875,0.719970703125,0.355712890625,unknown
1713362344.717388,0.610107421875,0.720458984375,0.347900390625,unknown
1713362344.757661,0.6123046875,0.721435546875,0.34375,unknown
1713362344.799594,0.608154296875,0.721923828125,0.35009765625,unknown
1713362344.837643,0.598388671875,0.724609375,0.346923828125,unknown
1713362344.879738,0.591552734375,0.728271484375,0.353759765625,unknown
1713362344.918114,0.587646484375,0.7373046875,0.355224609375,unknown
1713362344.960483,0.589599609375,0.745361328125,0.35107421875,unknown
1713362345.000018,0.59765625,0.749267578125,0.340576171875,unknown
1713362345.039033,0.599853515625,0.744140625,0.33984375,unknown
1713362345.083821,0.6025390625,0.7333984375,0.33837890625,unknown
1713362345.118624,0.594482421875,0.7265625,0.35009765625,unknown
1713362345.172148,0.59716796875,0.728759765625,0.3564453125,unknown
1713362345.199522,0.599365234375,0.734619140625,0.35498046875,unknown
1713362345.239365,0.595947265625,0.735595703125,0.346435546875,unknown
1713362345.284613,0.6015625,0.732421875,0.33740234375,unknown
1713362345.321096,0.6005859375,0.7333984375,0.345703125,unknown
1713362345.356787,0.585693359375,0.736083984375,0.357177734375,unknown
1713362345.398895,0.576416015625,0.745849609375,0.35693359375,unknown
1713362345.436468,0.58544921875,0.75244140625,0.356689453125,unknown
1713362345.476471,0.566162109375,0.750732421875,0.377197265625,unknown
1713362345.517453,0.556640625,0.74267578125,0.387451171875,unknown
1713362345.558571,0.56494140625,0.744873046875,0.380859375,unknown
1713362345.60405,0.576416015625,0.74072265625,0.367431640625,unknown
1713362345.642343,0.585693359375,0.735595703125,0.361083984375,unknown
1713362345.679182,0.576904296875,0.746826171875,0.38720703125,unknown
1713362345.718522,0.568603515625,0.746826171875,0.38671875,unknown
1713362345.760923,0.572021484375,0.74365234375,0.355712890625,unknown
1713362345.804358,0.582763671875,0.75634765625,0.34033203125,unknown
1713362345.840696,0.583740234375,0.755615234375,0.342529296875,unknown
1713362345.883306,0.567138671875,0.748046875,0.345703125,unknown
1713362345.922096,0.57763671875,0.747314453125,0.363037109375,unknown
1713362345.959684,0.5849609375,0.74755859375,0.372314453125,unknown
1713362345.997472,0.590087890625,0.732177734375,0.37353515625,unknown
1713362346.039937,0.59375,0.723388671875,0.38232421875,unknown
1713362346.088913,0.5986328125,0.707275390625,0.39453125,unknown
1713362346.117777,0.595703125,0.698486328125,0.4052734375,unknown
1713362346.158427,0.60498046875,0.69775390625,0.40673828125,unknown
1713362346.200251,0.607421875,0.688232421875,0.395751953125,unknown
1713362346.238593,0.614013671875,0.684326171875,0.377197265625,unknown
1713362346.279686,0.626953125,0.69677734375,0.364501953125,unknown
1713362346.319411,0.6328125,0.701171875,0.360595703125,unknown
1713362346.36137,0.6240234375,0.707763671875,0.346435546875,unknown
1713362346.400996,0.644287109375,0.71044921875,0.31103515625,unknown
1713362346.441225,0.643310546875,0.70654296875,0.309814453125,unknown
1713362346.485154,0.607666015625,0.718505859375,0.3203125,unknown
1713362346.525115,0.613525390625,0.739501953125,0.309814453125,unknown
1713362346.561672,0.624755859375,0.7412109375,0.285888671875,unknown
1713362346.599621,0.6181640625,0.739013671875,0.279296875,unknown
1713362346.638551,0.611328125,0.7431640625,0.294189453125,unknown
1713362346.677633,0.6083984375,0.75048828125,0.30810546875,unknown
1713362346.719232,0.610107421875,0.7509765625,0.312744140625,unknown
1713362346.75922,0.61279296875,0.751708984375,0.310791015625,unknown
1713362346.79959,0.610107421875,0.748779296875,0.306640625,unknown
1713362346.842974,0.605712890625,0.74609375,0.30419921875,unknown
1713362346.882633,0.6044921875,0.7470703125,0.301513671875,unknown
1713362346.92032,0.60693359375,0.74853515625,0.30078125,unknown
1713362346.971916,0.617431640625,0.744384765625,0.28564453125,unknown
1713362346.999932,0.61669921875,0.741455078125,0.28466796875,unknown
1713362347.043718,0.612060546875,0.74560546875,0.29150390625,unknown
1713362347.088669,0.60693359375,0.748046875,0.302001953125,unknown
1713362347.125446,0.602783203125,0.746337890625,0.304443359375,unknown
1713362347.164459,0.615478515625,0.75048828125,0.308349609375,unknown
1713362347.203333,0.606689453125,0.751220703125,0.302978515625,unknown
1713362347.240367,0.609130859375,0.74267578125,0.306396484375,unknown
1713362347.280408,0.61181640625,0.7470703125,0.2900390625,unknown
1713362347.318572,0.60986328125,0.752685546875,0.301025390625,unknown
1713362347.358924,0.60205078125,0.751708984375,0.299560546875,unknown
1713362347.400434,0.60400390625,0.74609375,0.298828125,unknown
1713362347.439775,0.606201171875,0.74560546875,0.30615234375,unknown
1713362347.480387,0.60498046875,0.748779296875,0.30615234375,unknown
1713362347.520526,0.600341796875,0.751220703125,0.30810546875,unknown
1713362347.561532,0.599365234375,0.748779296875,0.31005859375,unknown
1713362347.601597,0.592529296875,0.75146484375,0.315185546875,unknown
1713362347.641633,0.602294921875,0.754150390625,0.3115234375,unknown
1713362347.688166,0.596923828125,0.751708984375,0.316162109375,unknown
1713362347.725802,0.6015625,0.75048828125,0.3125,unknown
1713362347.762341,0.59765625,0.745849609375,0.31494140625,unknown
1713362347.801547,0.598876953125,0.7431640625,0.31884765625,unknown
1713362347.842476,0.599365234375,0.744140625,0.313232421875,unknown
1713362347.88118,0.6015625,0.74951171875,0.31689453125,unknown
1713362347.922187,0.606201171875,0.746337890625,0.312255859375,unknown
1713362347.959623,0.603759765625,0.7431640625,0.312255859375,unknown
1713362347.999317,0.595703125,0.74658203125,0.318359375,unknown
1713362348.04113,0.59326171875,0.749267578125,0.31884765625,unknown
1713362348.079356,0.594482421875,0.749755859375,0.318359375,unknown
1713362348.119449,0.59619140625,0.75,0.318115234375,unknown
1713362348.160961,0.601318359375,0.74658203125,0.31787109375,unknown
1713362348.202463,0.599609375,0.756103515625,0.3212890625,unknown
1713362348.244981,0.5986328125,0.74951171875,0.3212890625,unknown
1713362348.281862,0.5966796875,0.743408203125,0.318115234375,unknown
1713362348.324067,0.591796875,0.74462890625,0.32080078125,unknown
1713362348.362089,0.60302734375,0.748779296875,0.3193359375,unknown
1713362348.401341,0.6015625,0.744384765625,0.3154296875,unknown
1713362348.44249,0.599853515625,0.74462890625,0.31396484375,unknown
1713362348.482616,0.597412109375,0.747802734375,0.323486328125,unknown
1713362348.520923,0.59326171875,0.74658203125,0.31884765625,unknown
1713362348.559627,0.602783203125,0.746337890625,0.318603515625,unknown
1713362348.599438,0.594970703125,0.75146484375,0.325927734375,unknown
1713362348.638508,0.59912109375,0.75244140625,0.3251953125,unknown
1713362348.681323,0.59326171875,0.746826171875,0.3193359375,unknown
1713362348.72033,0.5908203125,0.7470703125,0.322265625,unknown
1713362348.759658,0.593505859375,0.742919921875,0.31884765625,unknown
1713362348.800647,0.594482421875,0.75146484375,0.322021484375,unknown
1713362348.841001,0.59765625,0.74951171875,0.319580078125,unknown
1713362348.879727,0.593505859375,0.7490234375,0.318359375,unknown
1713362348.92107,0.59375,0.749755859375,0.325927734375,unknown
1713362348.963565,0.59814453125,0.75341796875,0.3271484375,unknown
1713362349.001181,0.59716796875,0.750244140625,0.328369140625,unknown
1713362349.042439,0.59375,0.743896484375,0.325927734375,unknown
1713362349.082523,0.593017578125,0.75,0.326171875,unknown
1713362349.12245,0.59619140625,0.748779296875,0.322509765625,unknown
1713362349.161275,0.59130859375,0.74365234375,0.322021484375,unknown
1713362349.20062,0.59326171875,0.745849609375,0.3232421875,unknown
1713362349.239602,0.592529296875,0.75048828125,0.33251953125,unknown
1713362349.283515,0.59375,0.75341796875,0.329833984375,unknown
1713362349.323945,0.588134765625,0.755126953125,0.329345703125,unknown
1713362349.361073,0.587158203125,0.771240234375,0.33349609375,unknown
1713362349.400628,0.5830078125,0.771484375,0.329833984375,unknown
1713362349.443545,0.5966796875,0.773681640625,0.3330078125,unknown
1713362349.495014,0.617431640625,0.771240234375,0.3203125,unknown
1713362349.521688,0.611328125,0.7158203125,0.29443359375,unknown
1713362349.580721,0.579345703125,0.698974609375,0.3134765625,unknown
1713362349.606965,0.6025390625,0.560791015625,0.42041015625,unknown
1713362349.642108,0.6943359375,0.69189453125,0.36572265625,unknown
1713362349.683342,0.648681640625,0.396484375,0.44970703125,unknown
1713362349.734295,0.551513671875,0.577392578125,0.447265625,unknown
1713362349.76249,0.66162109375,0.74951171875,0.409912109375,unknown
1713362349.80516,0.447998046875,0.73974609375,0.34228515625,unknown
1713362349.841438,0.640869140625,0.699951171875,0.3369140625,unknown
1713362349.882108,0.592041015625,0.81396484375,0.30419921875,unknown
1713362349.923414,0.57421875,0.822509765625,0.293701171875,unknown
1713362349.963041,0.641357421875,0.7509765625,0.305908203125,unknown
1713362350.003927,0.656494140625,0.731201171875,0.325927734375,unknown
1713362350.054948,0.643798828125,0.71630859375,0.300537109375,unknown
1713362350.082416,0.622802734375,0.723388671875,0.3017578125,unknown
1713362350.129962,0.6416015625,0.69775390625,0.30029296875,unknown
1713362350.16544,0.643310546875,0.671630859375,0.286376953125,unknown
1713362350.202912,0.654541015625,0.69921875,0.29931640625,unknown
1713362350.243967,0.615478515625,0.724853515625,0.300048828125,unknown
1713362350.283709,0.62451171875,0.745849609375,0.313232421875,unknown
1713362350.324472,0.618896484375,0.734619140625,0.31640625,unknown
1713362350.365091,0.606201171875,0.72265625,0.318359375,unknown
1713362350.404919,0.59423828125,0.73974609375,0.314697265625,unknown
1713362350.444492,0.585693359375,0.76025390625,0.30908203125,unknown
1713362350.48771,0.619140625,0.75146484375,0.30712890625,unknown
1713362350.52261,0.623779296875,0.738037109375,0.31201171875,unknown
1713362350.575968,0.622802734375,0.73095703125,0.3046875,unknown
1713362350.602591,0.619384765625,0.738037109375,0.299560546875,unknown
1713362350.650136,0.60888671875,0.733642578125,0.2978515625,unknown
1713362350.689978,0.606201171875,0.73876953125,0.306396484375,unknown
1713362350.726367,0.60546875,0.7490234375,0.299072265625,unknown
1713362350.764738,0.59765625,0.76025390625,0.3095703125,unknown
1713362350.804479,0.5927734375,0.754638671875,0.302490234375,unknown
1713362350.844452,0.60498046875,0.74658203125,0.297607421875,unknown
1713362350.885452,0.60546875,0.740478515625,0.311279296875,unknown
1713362350.926686,0.602294921875,0.742919921875,0.306884765625,unknown
1713362350.96529,0.611572265625,0.744384765625,0.2880859375,unknown
1713362351.010765,0.61572265625,0.742431640625,0.30322265625,unknown
1713362351.046257,0.61279296875,0.745361328125,0.30615234375,unknown
1713362351.085361,0.607177734375,0.74658203125,0.29931640625,unknown
1713362351.133824,0.604248046875,0.748779296875,0.299560546875,unknown
1713362351.170442,0.603759765625,0.7490234375,0.30126953125,unknown
1713362351.205324,0.609130859375,0.74853515625,0.30224609375,unknown
1713362351.244203,0.616455078125,0.7431640625,0.303466796875,unknown
1713362351.284531,0.615966796875,0.7373046875,0.301513671875,unknown
1713362351.333859,0.614501953125,0.736328125,0.299560546875,unknown
1713362351.372608,0.616455078125,0.730712890625,0.302978515625,unknown
1713362351.409971,0.621337890625,0.730712890625,0.3046875,unknown
1713362351.44658,0.619140625,0.7333984375,0.31103515625,unknown
1713362351.487397,0.62109375,0.7412109375,0.310302734375,unknown
1713362351.526407,0.620361328125,0.73193359375,0.30029296875,unknown
1713362351.568172,0.62060546875,0.731689453125,0.2958984375,unknown
1713362351.606248,0.616455078125,0.741943359375,0.30712890625,unknown
1713362351.64792,0.621337890625,0.739013671875,0.29638671875,unknown
1713362351.691675,0.621337890625,0.73193359375,0.29052734375,unknown
1713362351.727729,0.6279296875,0.730224609375,0.28662109375,unknown
1713362351.782036,0.62158203125,0.735595703125,0.299560546875,unknown
1713362351.807284,0.625,0.73388671875,0.28564453125,unknown
1713362351.853338,0.629638671875,0.734375,0.284423828125,unknown
1713362351.892744,0.62939453125,0.7392578125,0.2919921875,unknown
1713362351.928512,0.625244140625,0.742431640625,0.288818359375,unknown
1713362351.970911,0.624755859375,0.73583984375,0.28662109375,unknown
1713362352.00714,0.625244140625,0.735595703125,0.285400390625,unknown
1713362352.047465,0.623779296875,0.74169921875,0.284423828125,unknown
1713362352.087658,0.62255859375,0.7392578125,0.29052734375,unknown
1713362352.12796,0.624267578125,0.734619140625,0.28662109375,unknown
1713362352.167458,0.619384765625,0.7373046875,0.3017578125,unknown
1713362352.208745,0.623291015625,0.73828125,0.292236328125,unknown
1713362352.248299,0.630126953125,0.73583984375,0.291748046875,unknown
1713362352.292449,0.62548828125,0.736083984375,0.296630859375,unknown
1713362352.329308,0.630859375,0.734375,0.29150390625,unknown
1713362352.381174,0.622802734375,0.736572265625,0.29150390625,unknown
1713362352.409357,0.623779296875,0.7333984375,0.288818359375,unknown
1713362352.451819,0.627197265625,0.73486328125,0.286376953125,unknown
1713362352.488349,0.630126953125,0.736572265625,0.294677734375,unknown
1713362352.543639,0.629638671875,0.735595703125,0.292236328125,unknown
1713362352.568327,0.6279296875,0.731689453125,0.287353515625,unknown
1713362352.616312,0.628662109375,0.732177734375,0.29541015625,unknown
1713362352.653387,0.614990234375,0.75830078125,0.244140625,unknown
1713362352.690725,0.6328125,0.729736328125,0.29541015625,unknown
1713362352.728342,0.6103515625,0.74755859375,0.3330078125,unknown
1713362352.769003,0.636474609375,0.733154296875,0.28857421875,unknown
1713362352.808566,0.624267578125,0.73193359375,0.277587890625,unknown
1713362352.852258,0.62939453125,0.735107421875,0.281005859375,unknown
1713362352.888749,0.630126953125,0.728515625,0.266357421875,unknown
1713362352.928964,0.632568359375,0.72705078125,0.273681640625,unknown
1713362352.973063,0.641845703125,0.732666015625,0.2705078125,unknown
1713362353.00953,0.641845703125,0.736572265625,0.286376953125,unknown
1713362353.051748,0.64599609375,0.7294921875,0.26123046875,unknown
1713362353.08946,0.6513671875,0.72802734375,0.27734375,unknown
1713362353.127205,0.65087890625,0.722412109375,0.270751953125,unknown
1713362353.171292,0.65185546875,0.717529296875,0.25830078125,unknown
1713362353.207233,0.653564453125,0.722900390625,0.26416015625,unknown
1713362353.262056,0.66259765625,0.715087890625,0.249267578125,unknown
1713362353.288206,0.66943359375,0.716064453125,0.258056640625,unknown
1713362353.337663,0.6533203125,0.71630859375,0.2451171875,unknown
1713362353.374521,0.67626953125,0.724609375,0.25,unknown
1713362353.411135,0.658203125,0.715087890625,0.2646484375,unknown
1713362353.448316,0.655029296875,0.708251953125,0.26171875,unknown
1713362353.488241,0.68701171875,0.714599609375,0.252197265625,unknown
1713362353.52974,0.67919921875,0.718994140625,0.262939453125,unknown
1713362353.569699,0.69189453125,0.716796875,0.271728515625,unknown
1713362353.60981,0.67626953125,0.69873046875,0.29736328125,unknown
1713362353.656907,0.691650390625,0.661865234375,0.298095703125,unknown
1713362353.690284,0.6669921875,0.635986328125,0.316650390625,unknown
1713362353.735254,0.682373046875,0.62646484375,0.29833984375,unknown
1713362353.770421,0.682861328125,0.662109375,0.3662109375,unknown
1713362353.810626,0.684326171875,0.6591796875,0.3388671875,unknown
1713362353.849928,0.67529296875,0.661865234375,0.3662109375,unknown
1713362353.890264,0.66455078125,0.66259765625,0.381103515625,unknown
1713362353.934121,0.66162109375,0.648681640625,0.379638671875,unknown
1713362353.970766,0.6689453125,0.652587890625,0.373779296875,unknown
1713362354.021798,0.678955078125,0.655517578125,0.3623046875,unknown
1713362354.050299,0.666015625,0.658203125,0.365234375,unknown
1713362354.095825,0.66552734375,0.66748046875,0.385009765625,unknown
1713362354.135065,0.6787109375,0.66259765625,0.354736328125,unknown
1713362354.17159,0.672119140625,0.669189453125,0.38134765625,unknown
1713362354.211443,0.6640625,0.65576171875,0.363525390625,unknown
1713362354.25112,0.681396484375,0.650634765625,0.35205078125,unknown
1713362354.292347,0.668212890625,0.646240234375,0.349365234375,unknown
1713362354.333934,0.668701171875,0.662109375,0.351318359375,unknown
1713362354.373931,0.676025390625,0.67138671875,0.363525390625,unknown
1713362354.412138,0.666748046875,0.65966796875,0.34912109375,unknown
1713362354.4565,0.673095703125,0.655029296875,0.35498046875,unknown
1713362354.491492,0.67578125,0.65380859375,0.33837890625,unknown
1713362354.531414,0.68017578125,0.66796875,0.355224609375,unknown
1713362354.571383,0.667724609375,0.675537109375,0.374267578125,unknown
1713362354.616925,0.668701171875,0.66845703125,0.361572265625,unknown
1713362354.657343,0.654052734375,0.66943359375,0.371337890625,unknown
1713362354.694947,0.66796875,0.669921875,0.3701171875,unknown
1713362354.732807,0.666015625,0.66796875,0.35302734375,unknown
1713362354.77405,0.660400390625,0.67431640625,0.36181640625,unknown
1713362354.812809,0.65380859375,0.672119140625,0.372314453125,unknown
1713362354.855545,0.660888671875,0.66259765625,0.354736328125,unknown
1713362354.895628,0.6533203125,0.664794921875,0.35986328125,unknown
1713362354.932419,0.65966796875,0.676513671875,0.361572265625,unknown
1713362354.974511,0.666015625,0.6796875,0.34814453125,unknown
1713362355.015643,0.6728515625,0.681396484375,0.3515625,unknown
1713362355.053344,0.6640625,0.666748046875,0.338134765625,unknown
1713362355.094689,0.667236328125,0.674072265625,0.353515625,unknown
1713362355.132272,0.66796875,0.677001953125,0.34521484375,unknown
1713362355.17354,0.67578125,0.669189453125,0.335205078125,unknown
1713362355.212427,0.67919921875,0.667236328125,0.31640625,unknown
1713362355.253923,0.67626953125,0.670654296875,0.32373046875,unknown
1713362355.303482,0.683837890625,0.671875,0.31884765625,unknown
1713362355.339099,0.681884765625,0.671875,0.321044921875,unknown
1713362355.376946,0.68359375,0.668701171875,0.316162109375,unknown
1713362355.413134,0.687255859375,0.675537109375,0.3154296875,unknown
1713362355.453822,0.680419921875,0.672119140625,0.320068359375,unknown
1713362355.493404,0.686279296875,0.669189453125,0.3076171875,unknown
1713362355.533156,0.689697265625,0.674560546875,0.312744140625,unknown
1713362355.573341,0.684326171875,0.667236328125,0.30712890625,unknown
1713362355.616262,0.69091796875,0.673828125,0.311279296875,unknown
1713362355.654875,0.693359375,0.67529296875,0.3095703125,unknown
1713362355.697455,0.696044921875,0.665283203125,0.29150390625,unknown
1713362355.736219,0.69287109375,0.666015625,0.29736328125,unknown
1713362355.7731,0.70068359375,0.664794921875,0.285888671875,unknown
1713362355.825285,0.70654296875,0.66943359375,0.286376953125,unknown
1713362355.853104,0.6982421875,0.6669921875,0.275390625,unknown
1713362355.900312,0.7109375,0.6748046875,0.28271484375,unknown
1713362355.937313,0.7041015625,0.6640625,0.26953125,unknown
1713362355.977541,0.71142578125,0.669677734375,0.27001953125,unknown
1713362356.015779,0.71337890625,0.663330078125,0.2578125,unknown
1713362356.056303,0.71337890625,0.65966796875,0.254150390625,unknown
1713362356.096241,0.717529296875,0.662841796875,0.252197265625,unknown
1713362356.135401,0.713623046875,0.662353515625,0.243896484375,unknown
1713362356.176161,0.72265625,0.66796875,0.25341796875,unknown
1713362356.216639,0.724609375,0.662841796875,0.24169921875,unknown
1713362356.255877,0.7197265625,0.6650390625,0.23828125,unknown
1713362356.296687,0.72021484375,0.666259765625,0.23583984375,unknown
1713362356.336242,0.724365234375,0.662109375,0.230224609375,unknown
1713362356.379,0.724365234375,0.6640625,0.2255859375,unknown
1713362356.420757,0.729736328125,0.657470703125,0.2158203125,unknown
1713362356.456426,0.73583984375,0.66015625,0.21484375,unknown
1713362356.496814,0.732177734375,0.656494140625,0.19921875,unknown
1713362356.533741,0.74658203125,0.655029296875,0.19482421875,unknown
1713362356.576084,0.74365234375,0.65380859375,0.197509765625,unknown
1713362356.621709,0.73974609375,0.651123046875,0.19091796875,unknown
1713362356.65793,0.741943359375,0.6552734375,0.184326171875,unknown
1713362356.695977,0.75244140625,0.6572265625,0.167724609375,unknown
1713362356.735873,0.761474609375,0.65380859375,0.149658203125,unknown
1713362356.775521,0.755615234375,0.650634765625,0.1162109375,unknown
1713362356.818216,0.785400390625,0.654296875,0.0966796875,unknown
1713362356.855222,0.7802734375,0.639892578125,0.12744140625,unknown
1713362356.897891,0.77197265625,0.625244140625,0.1650390625,unknown
1713362356.936308,0.744384765625,0.620361328125,0.18994140625,unknown
1713362356.979881,0.721923828125,0.61865234375,0.24609375,unknown
1713362357.018135,0.727294921875,0.6396484375,0.246826171875,unknown
1713362357.057728,0.69140625,0.651611328125,0.296875,unknown
1713362357.106733,0.65234375,0.674072265625,0.32373046875,unknown
1713362357.134489,0.631591796875,0.686767578125,0.377197265625,unknown
1713362357.181227,0.618408203125,0.6982421875,0.4013671875,unknown
1713362357.218371,0.557861328125,0.707275390625,0.443115234375,unknown
1713362357.257888,0.5791015625,0.70654296875,0.447265625,unknown
1713362357.296578,0.583251953125,0.690185546875,0.4296875,unknown
1713362357.336997,0.549560546875,0.694580078125,0.44140625,unknown
1713362357.377515,0.5546875,0.723876953125,0.480712890625,unknown
1713362357.424297,0.540771484375,0.74462890625,0.478759765625,unknown
1713362357.457288,0.533447265625,0.77294921875,0.4521484375,unknown
1713362357.500547,0.57470703125,0.78173828125,0.364990234375,unknown
1713362357.538144,0.5673828125,0.783447265625,0.3232421875,unknown
1713362357.578283,0.55615234375,0.787353515625,0.34521484375,unknown
1713362357.618382,0.508056640625,0.790771484375,0.43115234375,unknown
1713362357.658047,0.501708984375,0.7431640625,0.435791015625,unknown
1713362357.700505,0.5029296875,0.720458984375,0.463623046875,unknown
1713362357.739172,0.515869140625,0.706298828125,0.482421875,unknown
1713362357.777358,0.48095703125,0.71630859375,0.48193359375,unknown
1713362357.819838,0.4970703125,0.738525390625,0.500732421875,unknown
1713362357.869135,0.47802734375,0.741943359375,0.53076171875,unknown
1713362357.896178,0.470947265625,0.732177734375,0.544677734375,unknown
1713362357.939373,0.47607421875,0.723876953125,0.549072265625,unknown
1713362357.977063,0.4853515625,0.7109375,0.526611328125,unknown
1713362358.028805,0.50634765625,0.703369140625,0.5126953125,unknown
1713362358.066026,0.489501953125,0.701171875,0.513427734375,unknown
1713362358.106164,0.47705078125,0.71337890625,0.52099609375,unknown
1713362358.143624,0.491455078125,0.716552734375,0.508056640625,unknown
1713362358.1784,0.496337890625,0.718505859375,0.494140625,unknown
1713362358.220767,0.49462890625,0.720703125,0.495849609375,unknown
1713362358.262379,0.496337890625,0.720458984375,0.488037109375,unknown
1713362358.29954,0.50830078125,0.7216796875,0.490966796875,unknown
1713362358.340498,0.500732421875,0.711181640625,0.490966796875,unknown
1713362358.379644,0.504638671875,0.71337890625,0.4970703125,unknown
1713362358.419255,0.482177734375,0.715576171875,0.50244140625,unknown
1713362358.457343,0.477783203125,0.727294921875,0.5009765625,unknown
1713362358.499062,0.48046875,0.737060546875,0.498291015625,unknown
1713362358.538512,0.466552734375,0.74072265625,0.493408203125,unknown
1713362358.585377,0.47265625,0.75341796875,0.496337890625,unknown
1713362358.620545,0.440673828125,0.75146484375,0.5263671875,unknown
1713362358.660979,0.4892578125,0.728759765625,0.52197265625,unknown
1713362358.700699,0.458740234375,0.702392578125,0.522705078125,unknown
1713362358.741415,0.469482421875,0.702880859375,0.55712890625,unknown
1713362358.780182,0.4677734375,0.703125,0.526123046875,unknown
1713362358.825182,0.43505859375,0.713623046875,0.546875,unknown
1713362358.861399,0.44091796875,0.71826171875,0.54052734375,unknown
1713362358.902728,0.47412109375,0.728759765625,0.53759765625,unknown
1713362358.941142,0.474365234375,0.70849609375,0.532470703125,unknown
1713362358.981626,0.47705078125,0.69580078125,0.529052734375,unknown
1713362359.023306,0.447021484375,0.705810546875,0.546875,unknown
1713362359.072937,0.489990234375,0.73974609375,0.523681640625,unknown
1713362359.100037,0.492431640625,0.729248046875,0.504150390625,unknown
1713362359.140395,0.5029296875,0.724853515625,0.4716796875,unknown
1713362359.179256,0.5400390625,0.72021484375,0.440673828125,unknown
1713362359.219832,0.510009765625,0.75537109375,0.475830078125,unknown
1713362359.260225,0.499755859375,0.765869140625,0.463623046875,unknown
1713362359.302676,0.512451171875,0.767333984375,0.43115234375,unknown
1713362359.340452,0.5263671875,0.734130859375,0.418701171875,unknown
1713362359.382262,0.4609375,0.73828125,0.440185546875,unknown
1713362359.421053,0.483154296875,0.76904296875,0.442138671875,unknown
1713362359.463291,0.473388671875,0.774169921875,0.43896484375,unknown
1713362359.502366,0.453857421875,0.77685546875,0.423828125,unknown
1713362359.542206,0.447998046875,0.79052734375,0.425537109375,unknown
1713362359.58742,0.47607421875,0.79296875,0.457763671875,unknown
1713362359.626663,0.435791015625,0.787841796875,0.47607421875,unknown
1713362359.664429,0.403564453125,0.803955078125,0.49560546875,unknown
1713362359.702713,0.44580078125,0.796142578125,0.5224609375,unknown
1713362359.74166,0.420654296875,0.745849609375,0.5048828125,unknown
1713362359.780953,0.4326171875,0.752197265625,0.510986328125,unknown
1713362359.834317,0.4677734375,0.733642578125,0.504150390625,unknown
1713362359.861324,0.45947265625,0.732421875,0.498046875,unknown
1713362359.912798,0.454833984375,0.740234375,0.503173828125,unknown
1713362359.941035,0.488037109375,0.73486328125,0.489501953125,unknown
1713362359.985692,0.499755859375,0.735107421875,0.471923828125,unknown
1713362360.02257,0.509033203125,0.71240234375,0.473876953125,unknown
1713362360.062351,0.480224609375,0.70654296875,0.4765625,unknown
1713362360.102182,0.517578125,0.718505859375,0.47705078125,unknown
1713362360.150561,0.5078125,0.719482421875,0.50634765625,unknown
1713362360.187367,0.4990234375,0.708984375,0.521728515625,unknown
1713362360.226988,0.478515625,0.702392578125,0.535400390625,unknown
1713362360.263917,0.482177734375,0.700927734375,0.537109375,unknown
1713362360.304067,0.479736328125,0.694091796875,0.527099609375,unknown
1713362360.344144,0.48681640625,0.7041015625,0.53662109375,unknown
1713362360.385221,0.4677734375,0.699951171875,0.525390625,unknown
1713362360.421214,0.46337890625,0.7080078125,0.525634765625,unknown
1713362360.461928,0.470458984375,0.710693359375,0.538330078125,unknown
1713362360.500102,0.483642578125,0.7236328125,0.532470703125,unknown
1713362360.540307,0.492919921875,0.727294921875,0.512939453125,unknown
1713362360.583458,0.4951171875,0.733154296875,0.50341796875,unknown
1713362360.622689,0.509765625,0.7421875,0.492919921875,unknown
1713362360.665173,0.518798828125,0.75390625,0.475830078125,unknown
1713362360.70934,0.52783203125,0.754150390625,0.455078125,unknown
1713362360.748387,0.50927734375,0.754150390625,0.438720703125,unknown
1713362360.784231,0.509765625,0.738525390625,0.435302734375,unknown
1713362360.822584,0.490966796875,0.724609375,0.44580078125,unknown
1713362360.86262,0.49609375,0.735595703125,0.469482421875,unknown
1713362360.904539,0.4697265625,0.739990234375,0.49609375,unknown
1713362360.94371,0.455810546875,0.743896484375,0.50341796875,unknown
1713362360.982186,0.430908203125,0.751220703125,0.516845703125,unknown
1713362361.022,0.433349609375,0.749267578125,0.5439453125,unknown
1713362361.061103,0.38134765625,0.718505859375,0.5390625,unknown
1713362361.100362,0.372802734375,0.712646484375,0.56640625,unknown
1713362361.141254,0.346923828125,0.711669921875,0.59521484375,unknown
1713362361.181319,0.32177734375,0.71044921875,0.616455078125,unknown
1713362361.22213,0.317626953125,0.715576171875,0.631591796875,unknown
1713362361.262038,0.30517578125,0.71630859375,0.6435546875,unknown
1713362361.305459,0.3134765625,0.729248046875,0.654052734375,unknown
1713362361.343979,0.308837890625,0.723388671875,0.64111328125,unknown
1713362361.385304,0.304443359375,0.7177734375,0.638427734375,unknown
1713362361.432368,0.303466796875,0.725341796875,0.642822265625,unknown
1713362361.46995,0.30712890625,0.72509765625,0.647216796875,unknown
1713362361.506829,0.324462890625,0.7412109375,0.650390625,unknown
1713362361.545875,0.33203125,0.7373046875,0.640869140625,unknown
1713362361.584758,0.35693359375,0.73046875,0.62353515625,unknown
1713362361.62342,0.34912109375,0.718505859375,0.606201171875,unknown
1713362361.663149,0.3603515625,0.71630859375,0.591796875,unknown
1713362361.703082,0.355712890625,0.71826171875,0.577392578125,unknown
1713362361.742767,0.364501953125,0.723876953125,0.575927734375,unknown
1713362361.782355,0.36279296875,0.73046875,0.57861328125,unknown
1713362361.822243,0.36962890625,0.7333984375,0.58251953125,unknown
1713362361.861161,0.353759765625,0.733154296875,0.5859375,unknown
1713362361.904049,0.35986328125,0.72900390625,0.5966796875,unknown
1713362361.942592,0.350341796875,0.7216796875,0.587158203125,unknown
1713362361.984456,0.340087890625,0.7392578125,0.603515625,unknown
1713362362.032203,0.3408203125,0.747314453125,0.602783203125,unknown
1713362362.070846,0.339111328125,0.75048828125,0.60498046875,unknown
1713362362.103306,0.34033203125,0.751220703125,0.60546875,unknown
1713362362.143474,0.3486328125,0.743408203125,0.59130859375,unknown
1713362362.183815,0.354736328125,0.739013671875,0.580322265625,unknown
1713362362.224218,0.3671875,0.730712890625,0.577392578125,unknown
1713362362.263342,0.35888671875,0.72021484375,0.570068359375,unknown
1713362362.304568,0.341796875,0.728515625,0.57666015625,unknown
1713362362.344639,0.337646484375,0.74267578125,0.596923828125,unknown
1713362362.380144,0.343017578125,0.74951171875,0.5986328125,unknown
1713362362.427317,0.33154296875,0.74951171875,0.60498046875,unknown
1713362362.46233,0.352294921875,0.744873046875,0.599609375,unknown
1713362362.502614,0.358642578125,0.725830078125,0.584716796875,unknown
1713362362.544535,0.36279296875,0.727783203125,0.576904296875,unknown
1713362362.582184,0.35205078125,0.724609375,0.5673828125,unknown
1713362362.627343,0.341064453125,0.738525390625,0.57666015625,unknown
1713362362.663404,0.346435546875,0.74951171875,0.586181640625,unknown
1713362362.702381,0.347412109375,0.75146484375,0.60498046875,unknown
1713362362.74262,0.334228515625,0.740234375,0.61962890625,unknown
1713362362.792675,0.358154296875,0.723388671875,0.60693359375,unknown
1713362362.828539,0.360595703125,0.709228515625,0.587890625,unknown
1713362362.866636,0.349853515625,0.71484375,0.587646484375,unknown
1713362362.905261,0.3427734375,0.72412109375,0.59423828125,unknown
1713362362.943413,0.329345703125,0.736328125,0.6005859375,unknown
1713362362.981937,0.33203125,0.749267578125,0.615234375,unknown
1713362363.022555,0.328125,0.74755859375,0.62060546875,unknown
1713362363.061687,0.3408203125,0.734619140625,0.6259765625,unknown
1713362363.10248,0.36083984375,0.7177734375,0.608642578125,unknown
1713362363.142098,0.369140625,0.709228515625,0.592529296875,unknown
1713362363.182196,0.358154296875,0.709228515625,0.573486328125,unknown
1713362363.226604,0.341796875,0.724365234375,0.584716796875,unknown
1713362363.263034,0.342041015625,0.7490234375,0.6103515625,unknown
1713362363.317509,0.336669921875,0.748291015625,0.616943359375,unknown
1713362363.344512,0.356201171875,0.734619140625,0.614013671875,unknown
1713362363.38549,0.365234375,0.718994140625,0.59912109375,unknown
1713362363.428656,0.352783203125,0.714111328125,0.57666015625,unknown
1713362363.466797,0.345947265625,0.725830078125,0.572509765625,unknown
1713362363.504793,0.34619140625,0.7392578125,0.58740234375,unknown
1713362363.545086,0.344482421875,0.749267578125,0.61181640625,unknown
1713362363.584211,0.339599609375,0.73681640625,0.6220703125,unknown
1713362363.625749,0.349609375,0.722900390625,0.6240234375,unknown
1713362363.664251,0.37353515625,0.714599609375,0.6064453125,unknown
1713362363.702178,0.3564453125,0.71044921875,0.58642578125,unknown
1713362363.74335,0.345703125,0.7197265625,0.573974609375,unknown
1713362363.782996,0.347412109375,0.737060546875,0.5830078125,unknown
1713362363.822977,0.351806640625,0.7431640625,0.60107421875,unknown
1713362363.863882,0.345703125,0.731689453125,0.620361328125,unknown
1713362363.903868,0.36669921875,0.718994140625,0.6240234375,unknown
1713362363.945084,0.37060546875,0.71142578125,0.606201171875,unknown
1713362363.984454,0.358642578125,0.713623046875,0.5791015625,unknown
1713362364.024017,0.350830078125,0.72607421875,0.571533203125,unknown
1713362364.067069,0.351318359375,0.7412109375,0.59423828125,unknown
1713362364.105988,0.3466796875,0.74169921875,0.611572265625,unknown
1713362364.155892,0.35205078125,0.718017578125,0.617919921875,unknown
1713362364.193153,0.363037109375,0.712158203125,0.6142578125,unknown
1713362364.232475,0.3681640625,0.71533203125,0.597412109375,unknown
1713362364.267451,0.350341796875,0.718017578125,0.583251953125,unknown
1713362364.305798,0.342041015625,0.741455078125,0.59033203125,unknown
1713362364.343616,0.349609375,0.74169921875,0.595703125,unknown
1713362364.383277,0.347412109375,0.737548828125,0.615234375,unknown
1713362364.426452,0.35107421875,0.7177734375,0.623291015625,unknown
1713362364.467013,0.373046875,0.71435546875,0.6103515625,unknown
1713362364.503952,0.36962890625,0.71630859375,0.59521484375,unknown
1713362364.547298,0.348876953125,0.720703125,0.573974609375,unknown
1713362364.585526,0.350341796875,0.73779296875,0.583251953125,unknown
1713362364.62514,0.343505859375,0.75048828125,0.599365234375,unknown
1713362364.667817,0.337646484375,0.73974609375,0.612060546875,unknown
1713362364.708469,0.353759765625,0.72998046875,0.615478515625,unknown
1713362364.758921,0.382080078125,0.718994140625,0.595703125,unknown
1713362364.79295,0.380126953125,0.715576171875,0.57568359375,unknown
1713362364.832207,0.3486328125,0.729736328125,0.578125,unknown
1713362364.871246,0.3359375,0.74853515625,0.585205078125,unknown
1713362364.908072,0.348876953125,0.755859375,0.59423828125,unknown
1713362364.946131,0.345458984375,0.73583984375,0.59765625,unknown
1713362364.989685,0.372314453125,0.724365234375,0.6064453125,unknown
1713362365.029054,0.377685546875,0.711669921875,0.598388671875,unknown
1713362365.067228,0.361083984375,0.71533203125,0.578369140625,unknown
1713362365.105429,0.364501953125,0.733154296875,0.58203125,unknown
1713362365.14541,0.341064453125,0.74755859375,0.59130859375,unknown
1713362365.187466,0.36328125,0.74609375,0.591064453125,unknown
1713362365.227527,0.364990234375,0.72900390625,0.594482421875,unknown
1713362365.266383,0.364013671875,0.721435546875,0.5908203125,unknown
1713362365.306647,0.350830078125,0.726806640625,0.58056640625,unknown
1713362365.350628,0.36181640625,0.73876953125,0.575927734375,unknown
1713362365.387395,0.34521484375,0.7451171875,0.581298828125,unknown
1713362365.440962,0.357177734375,0.748779296875,0.603271484375,unknown
1713362365.466791,0.350830078125,0.729736328125,0.609130859375,unknown
1713362365.513518,0.373291015625,0.719482421875,0.60595703125,unknown
1713362365.552037,0.376953125,0.701904296875,0.58740234375,unknown
1713362365.590026,0.37109375,0.712646484375,0.576904296875,unknown
1713362365.6251,0.353515625,0.73095703125,0.571044921875,unknown
1713362365.665755,0.3623046875,0.755615234375,0.585693359375,unknown
1713362365.704905,0.375732421875,0.748291015625,0.5908203125,unknown
1713362365.749411,0.383056640625,0.715576171875,0.60595703125,unknown
1713362365.786141,0.380859375,0.697021484375,0.5947265625,unknown
1713362365.825781,0.376220703125,0.703857421875,0.582763671875,unknown
1713362365.866338,0.341064453125,0.732421875,0.582763671875,unknown
1713362365.905784,0.360595703125,0.75732421875,0.595947265625,unknown
1713362365.949236,0.366455078125,0.7431640625,0.58740234375,unknown
1713362365.987345,0.362548828125,0.718994140625,0.599853515625,unknown
1713362366.039385,0.3740234375,0.69482421875,0.59765625,unknown
1713362366.075114,0.368408203125,0.70849609375,0.58349609375,unknown
1713362366.113205,0.35888671875,0.73486328125,0.5908203125,unknown
1713362366.150549,0.3447265625,0.75634765625,0.588134765625,unknown
1713362366.190983,0.36279296875,0.755859375,0.588623046875,unknown
1713362366.227308,0.3740234375,0.732177734375,0.590576171875,unknown
1713362366.270919,0.385498046875,0.70751953125,0.599853515625,unknown
1713362366.31059,0.383056640625,0.698486328125,0.581787109375,unknown
1713362366.349372,0.372314453125,0.7177734375,0.588134765625,unknown
1713362366.388332,0.36181640625,0.73486328125,0.575927734375,unknown
1713362366.426363,0.3642578125,0.744140625,0.57958984375,unknown
1713362366.465751,0.357666015625,0.741943359375,0.5869140625,unknown
1713362366.511011,0.3486328125,0.7294921875,0.610107421875,unknown
1713362366.546932,0.351806640625,0.724365234375,0.619140625,unknown
1713362366.587677,0.359375,0.7255859375,0.61083984375,unknown
1713362366.627874,0.36328125,0.72314453125,0.59326171875,unknown
1713362366.670826,0.36474609375,0.73681640625,0.5859375,unknown
1713362366.710133,0.3720703125,0.73876953125,0.58740234375,unknown
1713362366.750682,0.36767578125,0.731201171875,0.58642578125,unknown
1713362366.79187,0.36572265625,0.7216796875,0.59130859375,unknown
1713362366.834403,0.370849609375,0.720947265625,0.602294921875,unknown
1713362366.873352,0.363525390625,0.714599609375,0.600341796875,unknown
1713362366.910363,0.372802734375,0.711669921875,0.610107421875,unknown
1713362366.948253,0.352783203125,0.708251953125,0.602783203125,unknown
1713362366.987998,0.358154296875,0.724853515625,0.606689453125,unknown
1713362367.027891,0.354736328125,0.73046875,0.59228515625,unknown
1713362367.068749,0.364501953125,0.737060546875,0.58447265625,unknown
1713362367.108696,0.361328125,0.739013671875,0.585693359375,unknown
1713362367.149355,0.365234375,0.73486328125,0.58935546875,unknown
1713362367.188011,0.360595703125,0.724853515625,0.59521484375,unknown
1713362367.233475,0.349609375,0.725830078125,0.599365234375,unknown
1713362367.271702,0.35595703125,0.727294921875,0.60009765625,unknown
1713362367.310141,0.359130859375,0.726806640625,0.596435546875,unknown
1713362367.350997,0.349365234375,0.725341796875,0.59912109375,unknown
1713362367.392796,0.33935546875,0.73681640625,0.6025390625,unknown
1713362367.435986,0.35791015625,0.739501953125,0.595703125,unknown
1713362367.474069,0.35546875,0.742919921875,0.58642578125,unknown
1713362367.510936,0.34521484375,0.743896484375,0.59228515625,unknown
1713362367.560315,0.351806640625,0.737060546875,0.58642578125,unknown
1713362367.588662,0.35791015625,0.734619140625,0.5849609375,unknown
1713362367.635338,0.355224609375,0.733154296875,0.5908203125,unknown
1713362367.671378,0.349609375,0.729248046875,0.600830078125,unknown
1713362367.710506,0.35693359375,0.727294921875,0.587890625,unknown
1713362367.750279,0.36083984375,0.729248046875,0.58544921875,unknown
1713362367.790996,0.35107421875,0.73681640625,0.5849609375,unknown
1713362367.83234,0.34814453125,0.73876953125,0.593017578125,unknown
1713362367.870982,0.345947265625,0.73388671875,0.58984375,unknown
1713362367.911058,0.348876953125,0.73291015625,0.59521484375,unknown
1713362367.958671,0.345947265625,0.72900390625,0.601806640625,unknown
1713362367.991355,0.349853515625,0.725341796875,0.603515625,unknown
1713362368.03226,0.34326171875,0.725341796875,0.6005859375,unknown
1713362368.073311,0.34326171875,0.732177734375,0.58837890625,unknown
1713362368.113766,0.346923828125,0.73974609375,0.590087890625,unknown
1713362368.152833,0.331298828125,0.75244140625,0.603759765625,unknown
1713362368.192017,0.3466796875,0.741943359375,0.602783203125,unknown
1713362368.229877,0.328857421875,0.73681640625,0.589111328125,unknown
1713362368.270168,0.347900390625,0.732421875,0.5986328125,unknown
1713362368.309772,0.31787109375,0.733642578125,0.613525390625,unknown
1713362368.356192,0.3388671875,0.7373046875,0.62451171875,unknown
1713362368.395128,0.365966796875,0.71240234375,0.621826171875,unknown
1713362368.431784,0.386474609375,0.69873046875,0.606201171875,unknown
1713362368.472324,0.38232421875,0.697265625,0.60302734375,unknown
1713362368.515939,0.37353515625,0.71142578125,0.60205078125,unknown
1713362368.550975,0.39111328125,0.708251953125,0.607666015625,unknown
1713362368.59236,0.37255859375,0.7158203125,0.603271484375,unknown
1713362368.637474,0.38330078125,0.724609375,0.5908203125,unknown
1713362368.674635,0.43359375,0.71533203125,0.557373046875,unknown
1713362368.714777,0.410888671875,0.715087890625,0.551513671875,unknown
1713362368.75572,0.3974609375,0.72021484375,0.55029296875,unknown
1713362368.793122,0.366455078125,0.73974609375,0.603515625,unknown
1713362368.833813,0.341552734375,0.731201171875,0.6181640625,unknown
1713362368.871716,0.3427734375,0.718994140625,0.624267578125,unknown
1713362368.913457,0.342529296875,0.716552734375,0.614013671875,unknown
1713362368.951263,0.34814453125,0.713134765625,0.6123046875,unknown
1713362368.991057,0.350830078125,0.720458984375,0.618896484375,unknown
1713362369.036408,0.35498046875,0.717529296875,0.61328125,unknown
1713362369.078565,0.327392578125,0.7197265625,0.624267578125,unknown
1713362369.113826,0.347412109375,0.723876953125,0.623291015625,unknown
1713362369.155907,0.355712890625,0.7216796875,0.608642578125,unknown
1713362369.207208,0.3466796875,0.724609375,0.619873046875,unknown
1713362369.234232,0.362548828125,0.721923828125,0.630615234375,unknown
1713362369.284936,0.3310546875,0.71337890625,0.619140625,unknown
1713362369.312933,0.345703125,0.72412109375,0.608642578125,unknown
1713362369.361836,0.347412109375,0.7421875,0.5986328125,unknown
1713362369.403143,0.35595703125,0.753662109375,0.577392578125,unknown
1713362369.433712,0.377197265625,0.755126953125,0.55712890625,unknown
1713362369.47883,0.38818359375,0.755859375,0.5458984375,unknown
1713362369.518832,0.39794921875,0.765625,0.545166015625,unknown
1713362369.558436,0.394775390625,0.774169921875,0.511962890625,unknown
1713362369.59691,0.377197265625,0.749755859375,0.51220703125,unknown
1713362369.634603,0.34814453125,0.724609375,0.5458984375,unknown
1713362369.674236,0.33251953125,0.71630859375,0.576416015625,unknown
1713362369.713737,0.302001953125,0.728271484375,0.632080078125,unknown
1713362369.753815,0.329833984375,0.721435546875,0.6708984375,unknown
1713362369.793857,0.345947265625,0.70263671875,0.64990234375,unknown
1713362369.83406,0.364501953125,0.685791015625,0.624755859375,unknown
1713362369.87524,0.358154296875,0.697509765625,0.623291015625,unknown
1713362369.917428,0.384765625,0.718017578125,0.631103515625,unknown
1713362369.954819,0.401611328125,0.698974609375,0.603759765625,unknown
1713362370.002209,0.4189453125,0.689208984375,0.595947265625,unknown
1713362370.034677,0.424072265625,0.67919921875,0.595458984375,unknown
1713362370.076341,0.39501953125,0.690185546875,0.60498046875,unknown
1713362370.115234,0.420166015625,0.692626953125,0.60693359375,unknown
1713362370.156556,0.423828125,0.690185546875,0.591064453125,unknown
1713362370.196005,0.416015625,0.68115234375,0.604248046875,unknown
1713362370.234656,0.40380859375,0.669677734375,0.6025390625,unknown
1713362370.27367,0.382080078125,0.6826171875,0.60693359375,unknown
1713362370.317597,0.349609375,0.68212890625,0.62890625,unknown
1713362370.354735,0.356201171875,0.70556640625,0.6484375,unknown
1713362370.394955,0.366455078125,0.696044921875,0.6494140625,unknown
1713362370.443228,0.37548828125,0.703857421875,0.6376953125,unknown
1713362370.48147,0.392578125,0.718505859375,0.612060546875,unknown
1713362370.519315,0.396484375,0.7236328125,0.617919921875,unknown
1713362370.55561,0.393798828125,0.708251953125,0.6005859375,unknown
1713362370.595637,0.390625,0.703369140625,0.59033203125,unknown
1713362370.635644,0.39794921875,0.702880859375,0.588134765625,unknown
1713362370.682008,0.38623046875,0.704345703125,0.577880859375,unknown
1713362370.716824,0.391357421875,0.7158203125,0.603271484375,unknown
1713362370.757834,0.39013671875,0.712646484375,0.613525390625,unknown
1713362370.798171,0.370849609375,0.704833984375,0.620361328125,unknown
1713362370.836708,0.3818359375,0.7021484375,0.6416015625,unknown
1713362370.880401,0.354248046875,0.687744140625,0.640625,unknown
1713362370.916572,0.3701171875,0.68798828125,0.62890625,unknown
1713362370.956597,0.360107421875,0.693603515625,0.63037109375,unknown
1713362370.996192,0.359375,0.681396484375,0.630126953125,unknown
1713362371.038815,0.359130859375,0.682861328125,0.643310546875,unknown
1713362371.081661,0.3486328125,0.681396484375,0.64501953125,unknown
1713362371.120622,0.3359375,0.684814453125,0.662109375,unknown
1713362371.157477,0.35400390625,0.68359375,0.653076171875,unknown
1713362371.19585,0.352783203125,0.675537109375,0.65234375,unknown
1713362371.245076,0.3603515625,0.676025390625,0.655517578125,unknown
1713362371.281711,0.342529296875,0.685302734375,0.661865234375,unknown
1713362371.317526,0.357177734375,0.687255859375,0.66064453125,unknown
1713362371.358404,0.352294921875,0.681884765625,0.6455078125,unknown
1713362371.398222,0.3583984375,0.6923828125,0.6484375,unknown
1713362371.439252,0.361572265625,0.68310546875,0.646240234375,unknown
1713362371.478331,0.3486328125,0.67626953125,0.649169921875,unknown
1713362371.519651,0.36083984375,0.6943359375,0.647216796875,unknown
1713362371.558965,0.348388671875,0.69287109375,0.6474609375,unknown
1713362371.597196,0.359619140625,0.67333984375,0.643798828125,unknown
1713362371.637114,0.345458984375,0.67919921875,0.65087890625,unknown
1713362371.68201,0.344970703125,0.6806640625,0.65576171875,unknown
1713362371.719653,0.35791015625,0.682861328125,0.646484375,unknown
1713362371.758537,0.36767578125,0.6884765625,0.642822265625,unknown
1713362371.802518,0.357421875,0.68798828125,0.644775390625,unknown
1713362371.84465,0.370849609375,0.6845703125,0.6455078125,unknown
1713362371.881312,0.353271484375,0.689208984375,0.654296875,unknown
1713362371.920466,0.361572265625,0.687255859375,0.658203125,unknown
1713362371.959458,0.3525390625,0.67138671875,0.64501953125,unknown
1713362371.999818,0.35205078125,0.66650390625,0.646484375,unknown
1713362372.040077,0.3330078125,0.666748046875,0.650634765625,unknown
1713362372.07969,0.335693359375,0.6640625,0.658447265625,unknown
1713362372.121519,0.3291015625,0.6796875,0.65869140625,unknown
1713362372.160839,0.336669921875,0.6923828125,0.67333984375,unknown
1713362372.1999,0.33154296875,0.69384765625,0.67041015625,unknown
1713362372.237659,0.33447265625,0.69287109375,0.657958984375,unknown
1713362372.277581,0.336181640625,0.69580078125,0.644287109375,unknown
1713362372.321841,0.332763671875,0.697021484375,0.630859375,unknown
1713362372.358956,0.3310546875,0.69287109375,0.641845703125,unknown
1713362372.404278,0.331787109375,0.6884765625,0.644775390625,unknown
1713362372.439615,0.356201171875,0.690185546875,0.639892578125,unknown
1713362372.486426,0.32275390625,0.69970703125,0.642822265625,unknown
1713362372.519249,0.341552734375,0.7177734375,0.634033203125,unknown
1713362372.573073,0.356689453125,0.735107421875,0.622802734375,unknown
1713362372.599767,0.35595703125,0.72021484375,0.61376953125,unknown
1713362372.648075,0.359375,0.70458984375,0.612060546875,unknown
1713362372.68415,0.34521484375,0.697509765625,0.61865234375,unknown
1713362372.722704,0.350341796875,0.70458984375,0.635498046875,unknown
1713362372.762854,0.353271484375,0.70166015625,0.644287109375,unknown
1713362372.801781,0.35546875,0.6943359375,0.651611328125,unknown
1713362372.839578,0.353271484375,0.68994140625,0.640869140625,unknown
1713362372.883452,0.333251953125,0.69287109375,0.6376953125,unknown
1713362372.918907,0.33056640625,0.69580078125,0.637939453125,unknown
1713362372.95986,0.3271484375,0.708740234375,0.630859375,unknown
1713362372.999861,0.344970703125,0.709228515625,0.63134765625,unknown
1713362373.042451,0.34228515625,0.69970703125,0.6279296875,unknown
1713362373.081812,0.340576171875,0.7138671875,0.645263671875,unknown
1713362373.122248,0.349609375,0.71240234375,0.630615234375,unknown
1713362373.164437,0.351318359375,0.712646484375,0.615478515625,unknown
1713362373.209748,0.35205078125,0.7177734375,0.61328125,unknown
1713362373.2458,0.352783203125,0.71240234375,0.613525390625,unknown
1713362373.283406,0.346435546875,0.705322265625,0.613525390625,unknown
1713362373.321991,0.34375,0.706787109375,0.62451171875,unknown
1713362373.361658,0.3466796875,0.708251953125,0.62646484375,unknown
1713362373.402715,0.3525390625,0.714111328125,0.62353515625,unknown
1713362373.444228,0.345947265625,0.71826171875,0.6123046875,unknown
1713362373.483608,0.361083984375,0.7158203125,0.624267578125,unknown
1713362373.519964,0.333984375,0.708984375,0.655029296875,unknown
1713362373.561838,0.3408203125,0.688232421875,0.662841796875,unknown
1713362373.599749,0.3466796875,0.6806640625,0.64794921875,unknown
1713362373.64074,0.365478515625,0.68212890625,0.613525390625,unknown
1713362373.68471,0.37890625,0.697509765625,0.595947265625,unknown
1713362373.72185,0.36962890625,0.711181640625,0.593017578125,unknown
1713362373.775596,0.38427734375,0.7109375,0.601318359375,unknown
1713362373.80082,0.375732421875,0.713623046875,0.60595703125,unknown
1713362373.84527,0.368408203125,0.703857421875,0.614501953125,unknown
1713362373.882,0.351806640625,0.703125,0.63671875,unknown
1713362373.92161,0.349853515625,0.707763671875,0.644287109375,unknown
1713362373.96191,0.3486328125,0.701904296875,0.63916015625,unknown
1713362374.01115,0.356201171875,0.703125,0.6259765625,unknown
1713362374.048918,0.36328125,0.7021484375,0.610595703125,unknown
1713362374.084481,0.360107421875,0.70654296875,0.617431640625,unknown
1713362374.12269,0.35205078125,0.7080078125,0.62744140625,unknown
1713362374.161888,0.33056640625,0.7060546875,0.6396484375,unknown
1713362374.201746,0.345703125,0.707763671875,0.640625,unknown
1713362374.241558,0.348876953125,0.7099609375,0.63330078125,unknown
1713362374.281624,0.357177734375,0.703369140625,0.6220703125,unknown
1713362374.324127,0.366943359375,0.701904296875,0.620849609375,unknown
1713362374.363272,0.358154296875,0.705322265625,0.618408203125,unknown
1713362374.402589,0.364501953125,0.705810546875,0.623046875,unknown
1713362374.445242,0.3681640625,0.69580078125,0.61181640625,unknown
1713362374.486019,0.354736328125,0.698486328125,0.61572265625,unknown
1713362374.535372,0.369873046875,0.7119140625,0.620849609375,unknown
1713362374.563725,0.3642578125,0.7060546875,0.62060546875,unknown
1713362374.610203,0.384765625,0.71240234375,0.617919921875,unknown
1713362374.648523,0.377197265625,0.701416015625,0.60498046875,unknown
1713362374.685412,0.381103515625,0.698486328125,0.59130859375,unknown
1713362374.724598,0.377197265625,0.6962890625,0.583251953125,unknown
1713362374.766081,0.38818359375,0.708251953125,0.593017578125,unknown
1713362374.806356,0.3701171875,0.70654296875,0.604248046875,unknown
1713362374.842745,0.361328125,0.70458984375,0.6044921875,unknown
1713362374.882875,0.372802734375,0.700439453125,0.605712890625,unknown
1713362374.922488,0.376953125,0.705078125,0.62060546875,unknown
1713362374.96389,0.3544921875,0.68994140625,0.6259765625,unknown
1713362375.003495,0.36376953125,0.672607421875,0.629638671875,unknown
1713362375.046724,0.355712890625,0.656494140625,0.649658203125,unknown
1713362375.087234,0.34912109375,0.66259765625,0.6669921875,unknown
1713362375.123683,0.345947265625,0.658203125,0.674072265625,unknown
1713362375.166689,0.352783203125,0.6630859375,0.695068359375,unknown
1713362375.207344,0.34716796875,0.65234375,0.690185546875,unknown
1713362375.247804,0.342529296875,0.640869140625,0.692626953125,unknown
1713362375.2958,0.337890625,0.640869140625,0.707275390625,unknown
1713362375.334062,0.34521484375,0.63671875,0.711181640625,unknown
1713362375.370955,0.337158203125,0.630126953125,0.697021484375,unknown
1713362375.40883,0.326416015625,0.6298828125,0.711669921875,unknown
1713362375.445601,0.318603515625,0.640380859375,0.723388671875,unknown
1713362375.484851,0.306396484375,0.647216796875,0.737548828125,unknown
1713362375.524686,0.3037109375,0.635498046875,0.721435546875,unknown
1713362375.564696,0.294677734375,0.633056640625,0.734619140625,unknown
1713362375.606053,0.272705078125,0.628662109375,0.733642578125,unknown
1713362375.645589,0.272705078125,0.63330078125,0.7470703125,unknown
1713362375.685512,0.258056640625,0.628173828125,0.742919921875,unknown
1713362375.730841,0.224853515625,0.6162109375,0.7314453125,unknown
1713362375.768106,0.205078125,0.613037109375,0.73681640625,unknown
1713362375.822011,0.194580078125,0.619384765625,0.75927734375,unknown
1713362375.847527,0.18359375,0.61962890625,0.770263671875,unknown
1713362375.890498,0.1904296875,0.62158203125,0.775634765625,unknown
1713362375.931301,0.1796875,0.61962890625,0.7958984375,unknown
1713362375.970391,0.17724609375,0.62255859375,0.80029296875,unknown
1713362376.009136,0.181884765625,0.620849609375,0.796875,unknown
1713362376.047741,0.194580078125,0.63134765625,0.784912109375,unknown
1713362376.088735,0.1884765625,0.640869140625,0.762939453125,unknown
1713362376.129065,0.205078125,0.64501953125,0.74755859375,unknown
1713362376.167915,0.218017578125,0.6376953125,0.73876953125,unknown
1713362376.209865,0.2109375,0.638671875,0.753662109375,unknown
1713362376.246636,0.206787109375,0.642333984375,0.760498046875,unknown
1713362376.288646,0.201171875,0.637451171875,0.759033203125,unknown
1713362376.329581,0.215087890625,0.642578125,0.7587890625,unknown
1713362376.371063,0.19921875,0.643798828125,0.751953125,unknown
1713362376.409847,0.213623046875,0.64794921875,0.74267578125,unknown
1713362376.450841,0.224365234375,0.650146484375,0.7314453125,unknown
1713362376.488898,0.2275390625,0.657958984375,0.7294921875,unknown
1713362376.533147,0.2177734375,0.65869140625,0.731689453125,unknown
1713362376.572357,0.216552734375,0.65283203125,0.735595703125,unknown
1713362376.611333,0.241455078125,0.65185546875,0.7216796875,unknown
1713362376.66093,0.240966796875,0.6552734375,0.7099609375,unknown
1713362376.689541,0.275146484375,0.656005859375,0.649658203125,unknown
1713362376.735546,0.28125,0.671630859375,0.638671875,unknown
1713362376.772643,0.223388671875,0.69677734375,0.697998046875,unknown
1713362376.810566,0.245849609375,0.701171875,0.724853515625,unknown
1713362376.849474,0.20751953125,0.69482421875,0.720703125,unknown
1713362376.889626,0.223876953125,0.693115234375,0.710205078125,unknown
1713362376.930343,0.22119140625,0.695556640625,0.68603515625,unknown
1713362376.971653,0.23779296875,0.703125,0.68359375,unknown
1713362377.01009,0.2470703125,0.703369140625,0.68310546875,unknown
1713362377.051044,0.253173828125,0.695068359375,0.666015625,unknown
1713362377.09598,0.24169921875,0.692626953125,0.67236328125,unknown
1713362377.132483,0.23828125,0.698486328125,0.68505859375,unknown
1713362377.17158,0.24658203125,0.7001953125,0.68310546875,unknown
1713362377.213108,0.25,0.705810546875,0.680419921875,unknown
1713362377.260913,0.2509765625,0.70361328125,0.677978515625,unknown
1713362377.299943,0.2685546875,0.70263671875,0.677978515625,unknown
1713362377.33229,0.24365234375,0.695068359375,0.669677734375,unknown
1713362377.37363,0.2578125,0.69091796875,0.677490234375,unknown
1713362377.418215,0.264404296875,0.687744140625,0.66943359375,unknown
1713362377.455622,0.267822265625,0.6953125,0.672119140625,unknown
1713362377.494323,0.26171875,0.699951171875,0.671875,unknown
1713362377.530813,0.27392578125,0.701171875,0.665283203125,unknown
1713362377.570612,0.26806640625,0.70654296875,0.659912109375,unknown
1713362377.618722,0.266357421875,0.71044921875,0.673583984375,unknown
1713362377.657791,0.2734375,0.703369140625,0.67431640625,unknown
1713362377.696425,0.274658203125,0.69189453125,0.6630859375,unknown
1713362377.734576,0.27490234375,0.694091796875,0.673095703125,unknown
1713362377.773262,0.275390625,0.694091796875,0.67919921875,unknown
1713362377.812391,0.26220703125,0.688720703125,0.67626953125,unknown
1713362377.852447,0.270751953125,0.69873046875,0.677978515625,unknown
1713362377.893787,0.28564453125,0.700439453125,0.669677734375,unknown
1713362377.933454,0.29150390625,0.697265625,0.664794921875,unknown
1713362377.973816,0.283447265625,0.69482421875,0.6826171875,unknown
1713362378.014467,0.2763671875,0.68359375,0.7060546875,unknown
1713362378.058621,0.28271484375,0.672119140625,0.69482421875,unknown
1713362378.093955,0.30712890625,0.665771484375,0.67236328125,unknown
1713362378.134594,0.328125,0.667724609375,0.65625,unknown
1713362378.172623,0.31689453125,0.67578125,0.658447265625,unknown
1713362378.213296,0.319580078125,0.684326171875,0.65478515625,unknown
1713362378.254064,0.331787109375,0.6826171875,0.66650390625,unknown
1713362378.294576,0.3212890625,0.6689453125,0.661865234375,unknown
1713362378.333313,0.316162109375,0.672607421875,0.66455078125,unknown
1713362378.374233,0.337158203125,0.6865234375,0.653564453125,unknown
1713362378.413477,0.323974609375,0.69482421875,0.6513671875,unknown
1713362378.457083,0.328857421875,0.705810546875,0.656005859375,unknown
1713362378.498163,0.35302734375,0.6953125,0.656982421875,unknown
1713362378.536343,0.32470703125,0.6845703125,0.64697265625,unknown
1713362378.57796,0.314453125,0.7001953125,0.655517578125,unknown
1713362378.617867,0.318603515625,0.70458984375,0.650146484375,unknown
1713362378.656005,0.325927734375,0.696044921875,0.630126953125,unknown
1713362378.69471,0.307373046875,0.70654296875,0.63916015625,unknown
1713362378.735469,0.322021484375,0.71435546875,0.63232421875,unknown
1713362378.776541,0.333984375,0.71533203125,0.62548828125,unknown
1713362378.819842,0.316650390625,0.715087890625,0.62890625,unknown
1713362378.86055,0.310546875,0.71875,0.63427734375,unknown
1713362378.893186,0.288818359375,0.72119140625,0.639892578125,unknown
1713362378.933581,0.290771484375,0.732421875,0.65087890625,unknown
1713362378.977951,0.2958984375,0.728759765625,0.649169921875,unknown
1713362379.017355,0.2861328125,0.728759765625,0.640869140625,unknown
1713362379.055671,0.304931640625,0.717529296875,0.64306640625,unknown
1713362379.094648,0.28369140625,0.704345703125,0.63330078125,unknown
1713362379.148166,0.318115234375,0.718017578125,0.651123046875,unknown
1713362379.176366,0.30078125,0.71630859375,0.63916015625,unknown
1713362379.219513,0.30078125,0.716064453125,0.630859375,unknown
1713362379.256515,0.306396484375,0.71630859375,0.6142578125,unknown
1713362379.305423,0.352783203125,0.72119140625,0.606689453125,unknown
1713362379.344392,0.350341796875,0.7109375,0.615966796875,unknown
1713362379.38138,0.33544921875,0.698974609375,0.632568359375,unknown
1713362379.422722,0.314697265625,0.69677734375,0.661865234375,unknown
1713362379.460402,0.3095703125,0.69921875,0.652587890625,unknown
1713362379.500339,0.29541015625,0.70947265625,0.64306640625,unknown
1713362379.5402,0.296875,0.72265625,0.63427734375,unknown
1713362379.577615,0.3076171875,0.727783203125,0.629150390625,unknown
1713362379.617369,0.313232421875,0.72705078125,0.63330078125,unknown
1713362379.655556,0.30908203125,0.711181640625,0.634765625,unknown
1713362379.697128,0.29296875,0.704833984375,0.655029296875,unknown
1713362379.735663,0.30029296875,0.7060546875,0.662841796875,unknown
1713362379.777015,0.28076171875,0.7080078125,0.658203125,unknown
1713362379.816443,0.303466796875,0.713134765625,0.65380859375,unknown
1713362379.85616,0.291259765625,0.7080078125,0.65576171875,unknown
1713362379.897402,0.301513671875,0.716064453125,0.66162109375,unknown
1713362379.936324,0.29638671875,0.706298828125,0.64794921875,unknown
1713362379.976823,0.2978515625,0.707763671875,0.648193359375,unknown
1713362380.018749,0.2939453125,0.705322265625,0.6494140625,unknown
1713362380.060123,0.297119140625,0.71142578125,0.65380859375,unknown
1713362380.103161,0.29296875,0.707275390625,0.650390625,unknown
1713362380.136595,0.293701171875,0.703125,0.652099609375,unknown
1713362380.174448,0.2900390625,0.70654296875,0.65869140625,unknown
1713362380.215206,0.2939453125,0.700927734375,0.660400390625,unknown
1713362380.256511,0.288818359375,0.697265625,0.6591796875,unknown
1713362380.297371,0.29248046875,0.7080078125,0.662109375,unknown
1713362380.335788,0.2958984375,0.703369140625,0.654052734375,unknown
1713362380.382509,0.28662109375,0.701171875,0.662353515625,unknown
1713362380.419603,0.304443359375,0.70654296875,0.664306640625,unknown
1713362380.456914,0.308349609375,0.6904296875,0.65966796875,unknown
1713362380.49761,0.302978515625,0.686767578125,0.662109375,unknown
1713362380.545786,0.29931640625,0.692626953125,0.661865234375,unknown
1713362380.581865,0.29931640625,0.6982421875,0.653564453125,unknown
1713362380.620744,0.2998046875,0.697998046875,0.653076171875,unknown
1713362380.659028,0.296875,0.70166015625,0.65966796875,unknown
1713362380.699683,0.301513671875,0.703369140625,0.658203125,unknown
1713362380.740518,0.296142578125,0.704345703125,0.6572265625,unknown
1713362380.777305,0.302001953125,0.70849609375,0.658203125,unknown
1713362380.818073,0.302734375,0.70556640625,0.6591796875,unknown
1713362380.85804,0.29052734375,0.697021484375,0.65869140625,unknown
1713362380.899598,0.291015625,0.699951171875,0.66259765625,unknown
1713362380.936357,0.290283203125,0.708740234375,0.65087890625,unknown
1713362380.982098,0.30224609375,0.70703125,0.64599609375,unknown
1713362381.019838,0.2939453125,0.70849609375,0.654296875,unknown
1713362381.057268,0.273681640625,0.709228515625,0.661865234375,unknown
1713362381.097782,0.290283203125,0.71435546875,0.653564453125,unknown
1713362381.140192,0.313232421875,0.708984375,0.648193359375,unknown
1713362381.183009,0.299072265625,0.707763671875,0.648681640625,unknown
1713362381.22406,0.297119140625,0.709716796875,0.649658203125,unknown
1713362381.260545,0.28271484375,0.70556640625,0.652099609375,unknown
1713362381.298784,0.286376953125,0.7080078125,0.6494140625,unknown
1713362381.340379,0.2783203125,0.7060546875,0.656982421875,unknown
1713362381.379398,0.28173828125,0.708984375,0.6669921875,unknown
1713362381.420523,0.28564453125,0.714111328125,0.667724609375,unknown
1713362381.460047,0.303466796875,0.71875,0.6572265625,unknown
1713362381.498031,0.302978515625,0.715087890625,0.632568359375,unknown
1713362381.538399,0.299560546875,0.722412109375,0.62255859375,unknown
1713362381.579555,0.3017578125,0.71240234375,0.625,unknown
1713362381.620592,0.2724609375,0.69287109375,0.628173828125,unknown
1713362381.657674,0.281494140625,0.7099609375,0.641357421875,unknown
1713362381.700457,0.29150390625,0.73193359375,0.646240234375,unknown
1713362381.738323,0.284423828125,0.7412109375,0.638671875,unknown
1713362381.781046,0.286865234375,0.7412109375,0.646484375,unknown
1713362381.821471,0.287353515625,0.73388671875,0.64990234375,unknown
1713362381.861004,0.29736328125,0.72412109375,0.637451171875,unknown
1713362381.910129,0.29052734375,0.72119140625,0.63427734375,unknown
1713362381.94592,0.2763671875,0.715087890625,0.63671875,unknown
1713362381.984995,0.2783203125,0.716552734375,0.64599609375,unknown
1713362382.022629,0.294677734375,0.7265625,0.63916015625,unknown
1713362382.060035,0.274169921875,0.73095703125,0.639892578125,unknown
1713362382.098961,0.28564453125,0.728271484375,0.63232421875,unknown
1713362382.139654,0.276123046875,0.72802734375,0.638427734375,unknown
1713362382.177315,0.286865234375,0.725830078125,0.6474609375,unknown
1713362382.218084,0.27978515625,0.718994140625,0.652099609375,unknown
1713362382.257252,0.27490234375,0.71240234375,0.654052734375,unknown
1713362382.298636,0.29296875,0.71044921875,0.64306640625,unknown
1713362382.338248,0.290771484375,0.720947265625,0.641845703125,unknown
1713362382.378299,0.279541015625,0.72314453125,0.645751953125,unknown
1713362382.424109,0.291015625,0.727783203125,0.641845703125,unknown
1713362382.461537,0.298828125,0.7216796875,0.636962890625,unknown
1713362382.498875,0.286865234375,0.70654296875,0.638427734375,unknown
1713362382.538789,0.282958984375,0.704345703125,0.652587890625,unknown
1713362382.588439,0.278076171875,0.702392578125,0.66064453125,unknown
1713362382.625389,0.27978515625,0.712646484375,0.6572265625,unknown
1713362382.669093,0.272216796875,0.717041015625,0.654296875,unknown
1713362382.702206,0.274658203125,0.718017578125,0.649658203125,unknown
1713362382.749931,0.277587890625,0.725830078125,0.653076171875,unknown
1713362382.777595,0.28125,0.71435546875,0.649169921875,unknown
1713362382.81841,0.279296875,0.709716796875,0.647216796875,unknown
1713362382.861795,0.2861328125,0.70947265625,0.651123046875,unknown
1713362382.901459,0.28955078125,0.709716796875,0.653076171875,unknown
1713362382.939648,0.289306640625,0.706787109375,0.6484375,unknown
1713362382.97994,0.2734375,0.715087890625,0.654052734375,unknown
1713362383.019491,0.283447265625,0.7197265625,0.6494140625,unknown
1713362383.062587,0.2890625,0.709228515625,0.643798828125,unknown
1713362383.099281,0.27685546875,0.711181640625,0.666015625,unknown
1713362383.143839,0.27734375,0.71044921875,0.667236328125,unknown
1713362383.180432,0.28369140625,0.70556640625,0.654296875,unknown
1713362383.224681,0.271728515625,0.708984375,0.66015625,unknown
1713362383.263298,0.2783203125,0.718505859375,0.657470703125,unknown
1713362383.3003,0.2822265625,0.7099609375,0.64892578125,unknown
1713362383.345459,0.27734375,0.715087890625,0.6474609375,unknown
1713362383.379258,0.291259765625,0.7158203125,0.65283203125,unknown
1713362383.427662,0.2822265625,0.7080078125,0.649658203125,unknown
1713362383.46458,0.276123046875,0.706787109375,0.658935546875,unknown
1713362383.505397,0.274169921875,0.71435546875,0.65966796875,unknown
1713362383.542083,0.278564453125,0.7177734375,0.659912109375,unknown
1713362383.581878,0.27099609375,0.7197265625,0.640380859375,unknown
1713362383.618481,0.279296875,0.722412109375,0.643310546875,unknown
1713362383.660676,0.288330078125,0.718994140625,0.6376953125,unknown
1713362383.699324,0.288330078125,0.71875,0.645751953125,unknown
1713362383.739248,0.28564453125,0.705810546875,0.65087890625,unknown
1713362383.780273,0.279541015625,0.70654296875,0.66015625,unknown
1713362383.819955,0.28125,0.7060546875,0.66455078125,unknown
1713362383.860728,0.281005859375,0.7080078125,0.65283203125,unknown
1713362383.90048,0.291259765625,0.71337890625,0.650146484375,unknown
1713362383.94101,0.28369140625,0.712646484375,0.650390625,unknown
1713362383.979808,0.28662109375,0.70751953125,0.632568359375,unknown
1713362384.019774,0.286376953125,0.716552734375,0.6474609375,unknown
1713362384.058724,0.281005859375,0.71875,0.65576171875,unknown
1713362384.097225,0.271728515625,0.71337890625,0.668212890625,unknown
1713362384.137185,0.280517578125,0.707763671875,0.673095703125,unknown
1713362384.18042,0.25830078125,0.711669921875,0.66015625,unknown
1713362384.219703,0.261962890625,0.7119140625,0.659423828125,unknown
1713362384.25929,0.26318359375,0.70947265625,0.652587890625,unknown
1713362384.304468,0.2802734375,0.7099609375,0.649169921875,unknown
1713362384.341537,0.278564453125,0.704833984375,0.66162109375,unknown
1713362384.382481,0.27978515625,0.712890625,0.670166015625,unknown
1713362384.420255,0.2900390625,0.707763671875,0.663330078125,unknown
1713362384.460569,0.285888671875,0.704345703125,0.654541015625,unknown
1713362384.49958,0.2861328125,0.704833984375,0.654541015625,unknown
1713362384.542588,0.281494140625,0.702880859375,0.653564453125,unknown
1713362384.582043,0.27001953125,0.70458984375,0.66162109375,unknown
1713362384.619289,0.2841796875,0.717529296875,0.6513671875,unknown
1713362384.659257,0.2998046875,0.718505859375,0.6357421875,unknown
1713362384.699137,0.304443359375,0.716552734375,0.642578125,unknown
1713362384.738264,0.28564453125,0.70751953125,0.656494140625,unknown
1713362384.783547,0.26611328125,0.71484375,0.667724609375,unknown
1713362384.818622,0.274169921875,0.720458984375,0.653076171875,unknown
1713362384.86692,0.29443359375,0.7236328125,0.637939453125,unknown
1713362384.900821,0.289306640625,0.728515625,0.631591796875,unknown
1713362384.948534,0.303955078125,0.72412109375,0.64892578125,unknown
1713362384.987632,0.309814453125,0.714111328125,0.65234375,unknown
1713362385.024786,0.280029296875,0.7099609375,0.66015625,unknown
1713362385.061786,0.357666015625,0.723876953125,0.6396484375,unknown
1713362385.101855,0.332763671875,0.72314453125,0.614013671875,unknown
1713362385.140469,0.36181640625,0.699462890625,0.627197265625,unknown
1713362385.180747,0.322265625,0.673095703125,0.601806640625,unknown
1713362385.222701,0.33544921875,0.72314453125,0.621826171875,unknown
1713362385.261197,0.33642578125,0.72998046875,0.596435546875,unknown
1713362385.301017,0.3017578125,0.727783203125,0.6318359375,unknown
1713362385.341006,0.349365234375,0.73828125,0.620849609375,unknown
1713362385.380268,0.367919921875,0.716064453125,0.60107421875,unknown
1713362385.423065,0.30859375,0.705078125,0.6201171875,unknown
1713362385.45931,0.3154296875,0.7177734375,0.60693359375,unknown
1713362385.499468,0.32861328125,0.741943359375,0.593994140625,unknown
1713362385.54049,0.361572265625,0.747802734375,0.5791015625,unknown
1713362385.583243,0.30810546875,0.743408203125,0.58154296875,unknown
1713362385.622845,0.30859375,0.74658203125,0.606689453125,unknown
1713362385.661711,0.29345703125,0.75244140625,0.615966796875,unknown
1713362385.733619,0.3232421875,0.74951171875,0.61572265625,unknown
1713362385.741796,0.365966796875,0.7548828125,0.6064453125,unknown
1713362385.78925,0.359619140625,0.731689453125,0.5986328125,unknown
1713362385.822133,0.32275390625,0.734375,0.59619140625,unknown
1713362385.874189,0.30908203125,0.733642578125,0.606201171875,unknown
1713362385.902262,0.323486328125,0.734130859375,0.651123046875,unknown
1713362385.950428,0.306396484375,0.7158203125,0.6337890625,unknown
1713362385.986275,0.343994140625,0.70703125,0.630126953125,unknown
1713362386.025177,0.358154296875,0.70458984375,0.576171875,unknown
1713362386.061708,0.328369140625,0.708984375,0.5703125,unknown
1713362386.101513,0.30322265625,0.726318359375,0.572509765625,unknown
1713362386.142185,0.32421875,0.72265625,0.6025390625,unknown
1713362386.181778,0.304931640625,0.7353515625,0.5849609375,unknown
1713362386.22113,0.318603515625,0.804931640625,0.586181640625,unknown
1713362386.262752,0.2841796875,0.80517578125,0.5517578125,unknown
1713362386.303306,0.35400390625,0.820068359375,0.535888671875,unknown
1713362386.343699,0.338134765625,0.810546875,0.55224609375,unknown
1713362386.382225,0.357666015625,0.81005859375,0.56396484375,unknown
1713362386.428353,0.323486328125,0.80712890625,0.55322265625,unknown
1713362386.464507,0.38330078125,0.8125,0.50439453125,unknown
1713362386.504378,0.366943359375,0.793212890625,0.471435546875,unknown
1713362386.54329,0.37060546875,0.80859375,0.506103515625,unknown
1713362386.585128,0.41552734375,0.785400390625,0.462646484375,unknown
1713362386.626758,0.367431640625,0.78271484375,0.494140625,unknown
1713362386.661726,0.356201171875,0.763671875,0.4912109375,unknown
1713362386.701695,0.369140625,0.76708984375,0.51611328125,unknown
1713362386.74141,0.345947265625,0.767578125,0.547607421875,unknown
1713362386.78679,0.31884765625,0.794921875,0.54052734375,unknown
1713362386.826374,0.309814453125,0.8212890625,0.51123046875,unknown
1713362386.866519,0.3271484375,0.81640625,0.45068359375,unknown
1713362386.903563,0.343505859375,0.8193359375,0.439453125,unknown
1713362386.941329,0.34716796875,0.814453125,0.482666015625,unknown
1713362386.982385,0.349853515625,0.815185546875,0.5107421875,unknown
1713362387.021647,0.2890625,0.808837890625,0.51220703125,unknown
1713362387.065042,0.3154296875,0.85302734375,0.508056640625,unknown
1713362387.104618,0.30859375,0.8369140625,0.508056640625,unknown
1713362387.144189,0.339599609375,0.842529296875,0.51171875,unknown
1713362387.185884,0.35498046875,0.824951171875,0.481201171875,unknown
1713362387.222845,0.324462890625,0.80224609375,0.465576171875,unknown
1713362387.261311,0.3603515625,0.806884765625,0.51318359375,unknown
1713362387.3067,0.35693359375,0.787353515625,0.5263671875,unknown
1713362387.342885,0.349365234375,0.776611328125,0.53662109375,unknown
1713362387.381224,0.355712890625,0.7802734375,0.554443359375,unknown
1713362387.421384,0.398193359375,0.7685546875,0.543212890625,unknown
1713362387.464059,0.376220703125,0.74462890625,0.5185546875,unknown
1713362387.508521,0.4140625,0.74072265625,0.485595703125,unknown
1713362387.547994,0.39404296875,0.739013671875,0.500244140625,unknown
1713362387.5842,0.409912109375,0.757568359375,0.517578125,unknown
1713362387.622608,0.407958984375,0.760986328125,0.52783203125,unknown
1713362387.663826,0.400146484375,0.767822265625,0.535400390625,unknown
1713362387.702932,0.384033203125,0.763427734375,0.53857421875,unknown
1713362387.74396,0.396484375,0.76220703125,0.53857421875,unknown
1713362387.788595,0.398193359375,0.754150390625,0.524169921875,unknown
1713362387.828672,0.3818359375,0.760986328125,0.52685546875,unknown
1713362387.866026,0.424560546875,0.755126953125,0.5166015625,unknown
1713362387.905157,0.418701171875,0.738037109375,0.517822265625,unknown
1713362387.944685,0.409423828125,0.7294921875,0.557373046875,unknown
1713362387.984664,0.37841796875,0.7451171875,0.573974609375,unknown
1713362388.02207,0.389892578125,0.760986328125,0.517822265625,unknown
1713362388.062419,0.359130859375,0.822265625,0.46923828125,unknown
1713362388.102555,0.348876953125,0.865966796875,0.396484375,unknown
1713362388.142552,0.377685546875,0.885498046875,0.325927734375,unknown
1713362388.183835,0.392333984375,0.878173828125,0.398681640625,unknown
1713362388.225015,0.333251953125,0.80859375,0.388916015625,unknown
1713362388.263087,0.43701171875,0.760986328125,0.39111328125,unknown
1713362388.304499,0.32666015625,0.738037109375,0.4736328125,unknown
1713362388.346162,0.310546875,0.751708984375,0.490966796875,unknown
1713362388.384116,0.403076171875,0.81640625,0.563720703125,unknown
1713362388.424306,0.3154296875,0.8046875,0.655517578125,unknown
1713362388.464364,0.341064453125,0.77392578125,0.619873046875,unknown
1713362388.508681,0.3154296875,0.773681640625,0.576171875,unknown
1713362388.545612,0.384765625,0.791015625,0.5615234375,unknown
1713362388.584062,0.348876953125,0.78662109375,0.54248046875,unknown
1713362388.622052,0.4169921875,0.7958984375,0.482421875,unknown
1713362388.664211,0.428955078125,0.7626953125,0.48046875,unknown
1713362388.702468,0.4052734375,0.7255859375,0.4697265625,unknown
1713362388.743946,0.396728515625,0.738525390625,0.540771484375,unknown
1713362388.783006,0.390380859375,0.76953125,0.510009765625,unknown
1713362388.826859,0.39892578125,0.791015625,0.488037109375,unknown
1713362388.868551,0.398681640625,0.795166015625,0.4931640625,unknown
1713362388.905451,0.386962890625,0.76953125,0.48193359375,unknown
1713362388.946179,0.37890625,0.76708984375,0.491943359375,unknown
1713362388.986477,0.345458984375,0.75732421875,0.490966796875,unknown
1713362389.025833,0.337646484375,0.787109375,0.53564453125,unknown
1713362389.066606,0.3349609375,0.80029296875,0.533935546875,unknown
1713362389.105217,0.316162109375,0.8125,0.521240234375,unknown
1713362389.145061,0.33203125,0.8154296875,0.526123046875,unknown
1713362389.191052,0.333740234375,0.8193359375,0.5146484375,unknown
1713362389.224021,0.330078125,0.81640625,0.49951171875,unknown
1713362389.269769,0.32568359375,0.811279296875,0.49072265625,unknown
1713362389.307321,0.3330078125,0.823486328125,0.4892578125,unknown
1713362389.347378,0.3291015625,0.826171875,0.473388671875,unknown
1713362389.386376,0.348388671875,0.825927734375,0.4736328125,unknown
1713362389.425376,0.33203125,0.822509765625,0.483642578125,unknown
1713362389.464036,0.354736328125,0.82080078125,0.45263671875,unknown
1713362389.510148,0.342529296875,0.8291015625,0.4716796875,unknown
1713362389.546734,0.331787109375,0.84912109375,0.477783203125,unknown
1713362389.59622,0.322509765625,0.817626953125,0.48486328125,unknown
1713362389.626049,0.299072265625,0.8271484375,0.510986328125,unknown
1713362389.667375,0.314697265625,0.828369140625,0.511474609375,unknown
1713362389.711347,0.33154296875,0.813720703125,0.498779296875,unknown
1713362389.755605,0.353271484375,0.80810546875,0.496826171875,unknown
1713362389.791207,0.357177734375,0.798828125,0.48046875,unknown
1713362389.832779,0.367431640625,0.799560546875,0.471435546875,unknown
1713362389.871611,0.382080078125,0.802490234375,0.462646484375,unknown
1713362389.911041,0.354248046875,0.823486328125,0.4609375,unknown
1713362389.9494,0.354736328125,0.820556640625,0.46630859375,unknown
1713362389.989945,0.298095703125,0.8193359375,0.47412109375,unknown
1713362390.027939,0.33349609375,0.82763671875,0.48828125,unknown
1713362390.066394,0.28125,0.806884765625,0.48095703125,unknown
1713362390.105035,0.337158203125,0.840576171875,0.480224609375,unknown
1713362390.14734,0.282958984375,0.82373046875,0.48193359375,unknown
1713362390.186135,0.38037109375,0.838623046875,0.474365234375,unknown
1713362390.226159,0.33447265625,0.82177734375,0.473388671875,unknown
1713362390.266958,0.3896484375,0.826904296875,0.479736328125,unknown
1713362390.308661,0.3857421875,0.809326171875,0.455078125,unknown
1713362390.347101,0.37255859375,0.791748046875,0.44677734375,unknown
1713362390.391308,0.39306640625,0.809326171875,0.45751953125,unknown
1713362390.427178,0.337646484375,0.8017578125,0.419677734375,unknown
1713362390.467167,0.402587890625,0.822509765625,0.41845703125,unknown
1713362390.50697,0.387939453125,0.8271484375,0.43359375,unknown
1713362390.548006,0.4111328125,0.8193359375,0.433349609375,unknown
1713362390.586248,0.348388671875,0.81494140625,0.4052734375,unknown
1713362390.624978,0.40625,0.848388671875,0.467041015625,unknown
1713362390.667956,0.36767578125,0.82861328125,0.450927734375,unknown
1713362390.708144,0.377685546875,0.832275390625,0.46728515625,unknown
1713362390.751467,0.38232421875,0.819091796875,0.458740234375,unknown
1713362390.786103,0.3837890625,0.826171875,0.4677734375,unknown
1713362390.83373,0.3984375,0.8388671875,0.48046875,unknown
1713362390.870673,0.38916015625,0.8193359375,0.48291015625,unknown
1713362390.91015,0.425048828125,0.794921875,0.510009765625,unknown
1713362390.949254,0.40478515625,0.75537109375,0.497314453125,unknown
1713362390.987861,0.4267578125,0.732666015625,0.5185546875,unknown
1713362391.028513,0.45263671875,0.71728515625,0.5234375,unknown
1713362391.068713,0.391357421875,0.688720703125,0.501220703125,unknown
1713362391.107967,0.400390625,0.7177734375,0.546142578125,unknown
1713362391.1508,0.385986328125,0.724365234375,0.547119140625,unknown
1713362391.187019,0.360595703125,0.746337890625,0.549560546875,unknown
1713362391.226278,0.35888671875,0.767333984375,0.531494140625,unknown
1713362391.265016,0.349365234375,0.78369140625,0.54345703125,unknown
1713362391.307492,0.349609375,0.799560546875,0.5400390625,unknown
1713362391.345045,0.343994140625,0.795166015625,0.53369140625,unknown
1713362391.385947,0.3486328125,0.7939453125,0.528564453125,unknown
1713362391.429051,0.33837890625,0.79443359375,0.5322265625,unknown
1713362391.46937,0.3408203125,0.785400390625,0.53857421875,unknown
1713362391.512641,0.33984375,0.788330078125,0.544189453125,unknown
1713362391.546485,0.3427734375,0.78564453125,0.54248046875,unknown
1713362391.592067,0.358154296875,0.780029296875,0.539794921875,unknown
1713362391.627902,0.3583984375,0.7822265625,0.5400390625,unknown
1713362391.667224,0.366455078125,0.77880859375,0.5400390625,unknown
1713362391.708424,0.37060546875,0.775634765625,0.530029296875,unknown
1713362391.74805,0.384033203125,0.772705078125,0.5234375,unknown
1713362391.794218,0.383544921875,0.767578125,0.512451171875,unknown
1713362391.83198,0.38916015625,0.773681640625,0.52294921875,unknown
1713362391.86913,0.381103515625,0.778076171875,0.52978515625,unknown
1713362391.907477,0.3818359375,0.767822265625,0.529052734375,unknown
1713362391.946413,0.376220703125,0.767822265625,0.53466796875,unknown
1713362391.988509,0.3779296875,0.75927734375,0.526611328125,unknown
1713362392.027875,0.38037109375,0.750732421875,0.531982421875,unknown
1713362392.067073,0.38330078125,0.75537109375,0.537353515625,unknown
1713362392.108672,0.38037109375,0.751220703125,0.53857421875,unknown
1713362392.148926,0.383056640625,0.7568359375,0.55126953125,unknown
1713362392.189134,0.37646484375,0.75927734375,0.55126953125,unknown
1713362392.227989,0.37451171875,0.753173828125,0.544921875,unknown
1713362392.272718,0.369140625,0.760498046875,0.552734375,unknown
1713362392.309039,0.370361328125,0.76416015625,0.553955078125,unknown
1713362392.352795,0.359130859375,0.75927734375,0.543701171875,unknown
1713362392.389999,0.357421875,0.75927734375,0.545166015625,unknown
1713362392.43847,0.3564453125,0.761962890625,0.54345703125,unknown
1713362392.473996,0.360595703125,0.771484375,0.5380859375,unknown
1713362392.512981,0.369140625,0.78662109375,0.535888671875,unknown
1713362392.552861,0.365966796875,0.782470703125,0.52587890625,unknown
1713362392.590547,0.356201171875,0.77978515625,0.5224609375,unknown
1713362392.627426,0.35791015625,0.777587890625,0.52294921875,unknown
1713362392.6677,0.35009765625,0.780029296875,0.522705078125,unknown
1713362392.707911,0.343994140625,0.784912109375,0.531982421875,unknown
1713362392.748123,0.339111328125,0.788330078125,0.533935546875,unknown
1713362392.789361,0.343505859375,0.7890625,0.532958984375,unknown
1713362392.8301,0.3427734375,0.791748046875,0.536865234375,unknown
1713362392.869067,0.345947265625,0.785400390625,0.53466796875,unknown
1713362392.908998,0.34765625,0.785888671875,0.53515625,unknown
1713362392.949047,0.350830078125,0.78125,0.528564453125,unknown
1713362392.989406,0.353271484375,0.78369140625,0.528076171875,unknown
1713362393.030313,0.358642578125,0.7861328125,0.533203125,unknown
1713362393.070173,0.353515625,0.779052734375,0.529296875,unknown
1713362393.114868,0.360595703125,0.778076171875,0.525390625,unknown
1713362393.150778,0.354248046875,0.77685546875,0.531982421875,unknown
1713362393.190438,0.356201171875,0.775390625,0.53076171875,unknown
1713362393.230203,0.353759765625,0.77734375,0.5302734375,unknown
1713362393.279594,0.358642578125,0.775390625,0.52978515625,unknown
1713362393.314836,0.359619140625,0.779296875,0.531494140625,unknown
1713362393.354783,0.353515625,0.774658203125,0.531494140625,unknown
1713362393.393067,0.361328125,0.7734375,0.528564453125,unknown
1713362393.431677,0.35205078125,0.77783203125,0.532470703125,unknown
1713362393.470892,0.352294921875,0.7783203125,0.537109375,unknown
1713362393.513531,0.348876953125,0.782470703125,0.5341796875,unknown
1713362393.55089,0.35009765625,0.777587890625,0.530029296875,unknown
1713362393.592218,0.352783203125,0.78125,0.53125,unknown
1713362393.632342,0.3486328125,0.785888671875,0.53759765625,unknown
1713362393.673995,0.346435546875,0.78125,0.53369140625,unknown
1713362393.712916,0.34716796875,0.7861328125,0.53564453125,unknown
1713362393.753059,0.347412109375,0.780029296875,0.522705078125,unknown
1713362393.798658,0.3505859375,0.78564453125,0.526123046875,unknown
1713362393.830947,0.3515625,0.791259765625,0.528076171875,unknown
1713362393.87419,0.347900390625,0.78662109375,0.52734375,unknown
1713362393.909822,0.34521484375,0.78515625,0.526611328125,unknown
1713362393.949889,0.35302734375,0.78369140625,0.5224609375,unknown
1713362393.991005,0.351318359375,0.783203125,0.52734375,unknown
1713362394.032149,0.35498046875,0.782470703125,0.525146484375,unknown
1713362394.072476,0.347412109375,0.781982421875,0.527099609375,unknown
1713362394.112222,0.35302734375,0.7841796875,0.537353515625,unknown
1713362394.153223,0.344970703125,0.783203125,0.54443359375,unknown
1713362394.201839,0.350830078125,0.7734375,0.53369140625,unknown
1713362394.24033,0.35400390625,0.774169921875,0.540283203125,unknown
1713362394.277,0.349365234375,0.772216796875,0.54638671875,unknown
1713362394.314105,0.356201171875,0.767333984375,0.547607421875,unknown
1713362394.352543,0.345703125,0.76513671875,0.553466796875,unknown
1713362394.392878,0.353515625,0.764892578125,0.550537109375,unknown
1713362394.432836,0.355712890625,0.763916015625,0.547119140625,unknown
1713362394.470429,0.359375,0.7646484375,0.550537109375,unknown
1713362394.508928,0.35888671875,0.76708984375,0.552734375,unknown
1713362394.550248,0.357421875,0.762939453125,0.55029296875,unknown
1713362394.590001,0.361572265625,0.763427734375,0.540771484375,unknown
1713362394.630918,0.352783203125,0.76953125,0.544189453125,unknown
1713362394.674554,0.357666015625,0.772216796875,0.54296875,unknown
1713362394.713618,0.352783203125,0.7685546875,0.53515625,unknown
1713362394.751595,0.355224609375,0.7724609375,0.53662109375,unknown
1713362394.79634,0.35693359375,0.779052734375,0.533447265625,unknown
1713362394.838197,0.3525390625,0.78125,0.530029296875,unknown
1713362394.874493,0.347412109375,0.783203125,0.533203125,unknown
1713362394.915528,0.349609375,0.78515625,0.53515625,unknown
1713362394.955218,0.34716796875,0.781982421875,0.531982421875,unknown
1713362394.992884,0.340087890625,0.781982421875,0.532958984375,unknown
1713362395.032841,0.3486328125,0.780517578125,0.52734375,unknown
1713362395.071868,0.351806640625,0.78466796875,0.5283203125,unknown
1713362395.111986,0.34765625,0.7841796875,0.531982421875,unknown
1713362395.151678,0.34619140625,0.7822265625,0.528564453125,unknown
1713362395.189994,0.341796875,0.786376953125,0.53662109375,unknown
1713362395.231159,0.349853515625,0.786376953125,0.527587890625,unknown
1713362395.271306,0.362060546875,0.783203125,0.520751953125,unknown
1713362395.312435,0.3515625,0.782958984375,0.532958984375,unknown
1713362395.356614,0.353759765625,0.77783203125,0.529541015625,unknown
1713362395.392373,0.340576171875,0.778076171875,0.537109375,unknown
1713362395.434853,0.3447265625,0.774169921875,0.546630859375,unknown
1713362395.473111,0.33837890625,0.77197265625,0.546875,unknown
1713362395.512096,0.34326171875,0.763671875,0.560302734375,unknown
1713362395.556665,0.330322265625,0.768798828125,0.576171875,unknown
1713362395.594309,0.349853515625,0.763671875,0.568115234375,unknown
1713362395.646595,0.329833984375,0.757568359375,0.569580078125,unknown
1713362395.674386,0.3427734375,0.763916015625,0.56982421875,unknown
1713362395.722014,0.344482421875,0.754150390625,0.55908203125,unknown
1713362395.761785,0.34375,0.7548828125,0.5595703125,unknown
1713362395.793702,0.342529296875,0.765380859375,0.563232421875,unknown
1713362395.835153,0.33740234375,0.766357421875,0.563232421875,unknown
1713362395.872775,0.33984375,0.763671875,0.55810546875,unknown
1713362395.911804,0.331787109375,0.767333984375,0.560791015625,unknown
1713362395.952218,0.3408203125,0.771728515625,0.552001953125,unknown
1713362395.992968,0.336181640625,0.772216796875,0.55029296875,unknown
1713362396.034677,0.3408203125,0.77197265625,0.554931640625,unknown
1713362396.072794,0.34130859375,0.769775390625,0.55029296875,unknown
1713362396.114634,0.330810546875,0.779052734375,0.558349609375,unknown
1713362396.153934,0.338623046875,0.776611328125,0.555419921875,unknown
1713362396.196566,0.334228515625,0.771240234375,0.559814453125,unknown
1713362396.236533,0.33154296875,0.7666015625,0.560546875,unknown
1713362396.274514,0.33056640625,0.765869140625,0.562744140625,unknown
1713362396.326338,0.3349609375,0.769287109375,0.556884765625,unknown
1713362396.355255,0.343505859375,0.766357421875,0.5576171875,unknown
1713362396.403959,0.33056640625,0.765625,0.560791015625,unknown
1713362396.44132,0.344482421875,0.766845703125,0.570068359375,unknown
1713362396.479127,0.330078125,0.7626953125,0.5732421875,unknown
1713362396.518325,0.330322265625,0.76025390625,0.569091796875,unknown
1713362396.555264,0.337158203125,0.7587890625,0.558837890625,unknown
1713362396.592757,0.335205078125,0.7607421875,0.566162109375,unknown
1713362396.641624,0.3408203125,0.76123046875,0.567138671875,unknown
1713362396.67814,0.3486328125,0.757568359375,0.5625,unknown
1713362396.713832,0.33447265625,0.761474609375,0.570556640625,unknown
1713362396.755333,0.34228515625,0.76611328125,0.569091796875,unknown
1713362396.795935,0.334228515625,0.760009765625,0.566650390625,unknown
1713362396.834028,0.327880859375,0.7529296875,0.56005859375,unknown
1713362396.875033,0.33544921875,0.765380859375,0.56201171875,unknown
1713362396.914967,0.340576171875,0.769775390625,0.558837890625,unknown
1713362396.955748,0.333251953125,0.766845703125,0.560302734375,unknown
1713362396.995831,0.338134765625,0.77001953125,0.55810546875,unknown
1713362397.03487,0.33544921875,0.763916015625,0.559326171875,unknown
1713362397.079288,0.326416015625,0.76513671875,0.561279296875,unknown
1713362397.116914,0.335693359375,0.765625,0.560791015625,unknown
1713362397.15459,0.335205078125,0.770263671875,0.563720703125,unknown
1713362397.194403,0.341064453125,0.7666015625,0.56103515625,unknown
1713362397.245106,0.335205078125,0.760498046875,0.5634765625,unknown
1713362397.273752,0.335205078125,0.763427734375,0.571044921875,unknown
1713362397.319774,0.33154296875,0.762451171875,0.56982421875,unknown
1713362397.35772,0.338623046875,0.759765625,0.57275390625,unknown
1713362397.395641,0.32861328125,0.75732421875,0.571533203125,unknown
1713362397.437493,0.337890625,0.75927734375,0.58056640625,unknown
1713362397.478803,0.3330078125,0.756103515625,0.571533203125,unknown
1713362397.516843,0.341064453125,0.75341796875,0.576904296875,unknown
1713362397.561225,0.335205078125,0.752685546875,0.577392578125,unknown
1713362397.595767,0.344970703125,0.755859375,0.56884765625,unknown
1713362397.638874,0.338623046875,0.75732421875,0.575439453125,unknown
1713362397.677052,0.340576171875,0.757568359375,0.57177734375,unknown
1713362397.715635,0.334228515625,0.75146484375,0.576416015625,unknown
1713362397.755792,0.328369140625,0.7529296875,0.58642578125,unknown
1713362397.795487,0.333984375,0.75634765625,0.58154296875,unknown
1713362397.833923,0.341064453125,0.75341796875,0.572509765625,unknown
1713362397.874958,0.33935546875,0.754638671875,0.573486328125,unknown
1713362397.91509,0.33544921875,0.763427734375,0.58056640625,unknown
1713362397.957919,0.3369140625,0.75927734375,0.5712890625,unknown
1713362397.996306,0.332763671875,0.753662109375,0.57080078125,unknown
1713362398.037266,0.33251953125,0.758056640625,0.5712890625,unknown
1713362398.077918,0.336669921875,0.76220703125,0.571533203125,unknown
1713362398.117284,0.328857421875,0.758544921875,0.570556640625,unknown
1713362398.155917,0.3349609375,0.757080078125,0.572998046875,unknown
1713362398.197898,0.3232421875,0.761962890625,0.59423828125,unknown
1713362398.238084,0.32421875,0.7529296875,0.576171875,unknown
1713362398.277222,0.331787109375,0.75,0.564697265625,unknown
1713362398.318023,0.333740234375,0.758544921875,0.57373046875,unknown
1713362398.356899,0.336181640625,0.764404296875,0.57958984375,unknown
1713362398.402671,0.329833984375,0.757080078125,0.571044921875,unknown
1713362398.434768,0.327880859375,0.752197265625,0.56787109375,unknown
1713362398.480424,0.331787109375,0.757080078125,0.57373046875,unknown
1713362398.518192,0.335205078125,0.760986328125,0.572998046875,unknown
1713362398.559844,0.33203125,0.759521484375,0.57568359375,unknown
1713362398.598197,0.32763671875,0.76513671875,0.576904296875,unknown
1713362398.6386,0.332275390625,0.763427734375,0.572265625,unknown
1713362398.676846,0.333251953125,0.760009765625,0.566650390625,unknown
1713362398.717069,0.332763671875,0.75830078125,0.565185546875,unknown
1713362398.758195,0.3310546875,0.76318359375,0.57080078125,unknown
1713362398.802043,0.3251953125,0.763671875,0.572265625,unknown
1713362398.839049,0.336669921875,0.7607421875,0.5693359375,unknown
1713362398.882421,0.33447265625,0.761962890625,0.5693359375,unknown
1713362398.918086,0.340087890625,0.76025390625,0.571044921875,unknown
1713362398.961144,0.340576171875,0.7548828125,0.579345703125,unknown
1713362398.997848,0.342041015625,0.751953125,0.57763671875,unknown
1713362399.039575,0.326416015625,0.758544921875,0.58251953125,unknown
1713362399.076823,0.3291015625,0.759033203125,0.576171875,unknown
1713362399.126291,0.33349609375,0.753173828125,0.56787109375,unknown
1713362399.160416,0.336181640625,0.75927734375,0.570068359375,unknown
1713362399.201081,0.33349609375,0.766845703125,0.572021484375,unknown
1713362399.237722,0.3388671875,0.76171875,0.572265625,unknown
1713362399.27892,0.340087890625,0.764404296875,0.569580078125,unknown
1713362399.318179,0.329345703125,0.76025390625,0.572509765625,unknown
1713362399.357736,0.330810546875,0.7607421875,0.573974609375,unknown
1713362399.400733,0.330322265625,0.758056640625,0.57177734375,unknown
1713362399.450388,0.32470703125,0.76171875,0.572021484375,unknown
1713362399.477683,0.33154296875,0.763671875,0.574462890625,unknown
1713362399.528803,0.332763671875,0.762451171875,0.568359375,unknown
1713362399.558867,0.326171875,0.76220703125,0.572509765625,unknown
1713362399.600585,0.33203125,0.759521484375,0.5771484375,unknown
1713362399.646365,0.3349609375,0.75634765625,0.576171875,unknown
1713362399.681943,0.3408203125,0.753173828125,0.574951171875,unknown
1713362399.724662,0.333984375,0.758056640625,0.58251953125,unknown
1713362399.764923,0.324462890625,0.76318359375,0.580322265625,unknown
1713362399.795702,0.330078125,0.759765625,0.576171875,unknown
1713362399.843911,0.335205078125,0.75439453125,0.566650390625,unknown
1713362399.882665,0.33984375,0.75634765625,0.564453125,unknown
1713362399.921712,0.333984375,0.756591796875,0.573486328125,unknown
1713362399.961864,0.341796875,0.7587890625,0.57373046875,unknown
1713362400.002035,0.34716796875,0.758056640625,0.562744140625,unknown
1713362400.040863,0.3359375,0.76513671875,0.5751953125,unknown
1713362400.080214,0.33837890625,0.76025390625,0.566650390625,unknown
1713362400.11878,0.34423828125,0.755859375,0.5634765625,unknown
1713362400.160792,0.333251953125,0.76171875,0.57568359375,unknown
1713362400.199788,0.328369140625,0.757568359375,0.572998046875,unknown
1713362400.238969,0.33544921875,0.763427734375,0.570556640625,unknown
1713362400.278938,0.323974609375,0.765869140625,0.570556640625,unknown
1713362400.320454,0.33056640625,0.768310546875,0.568603515625,unknown
1713362400.357325,0.33642578125,0.771240234375,0.5615234375,unknown
1713362400.404222,0.3330078125,0.763671875,0.564697265625,unknown
1713362400.436799,0.328857421875,0.765380859375,0.567626953125,unknown
1713362400.477098,0.32666015625,0.764404296875,0.568359375,unknown
1713362400.517875,0.336669921875,0.76806640625,0.565673828125,unknown
1713362400.559033,0.33642578125,0.76318359375,0.5537109375,unknown
1713362400.602014,0.33447265625,0.76171875,0.559326171875,unknown
1713362400.63924,0.331787109375,0.768798828125,0.568359375,unknown
1713362400.684462,0.3359375,0.770751953125,0.56396484375,unknown
1713362400.72027,0.326416015625,0.76171875,0.558837890625,unknown
1713362400.760546,0.337158203125,0.77197265625,0.56787109375,unknown
1713362400.800392,0.33251953125,0.762939453125,0.56689453125,unknown
1713362400.850389,0.3330078125,0.762451171875,0.56787109375,unknown
1713362400.887108,0.327392578125,0.762939453125,0.56982421875,unknown
1713362400.925976,0.337158203125,0.760009765625,0.566650390625,unknown
1713362400.963596,0.330078125,0.7646484375,0.572265625,unknown
1713362401.00264,0.326904296875,0.760498046875,0.576171875,unknown
1713362401.039768,0.332763671875,0.763671875,0.572998046875,unknown
1713362401.07818,0.333740234375,0.76123046875,0.56884765625,unknown
1713362401.116681,0.335693359375,0.75732421875,0.57080078125,unknown
1713362401.157917,0.333251953125,0.7568359375,0.56689453125,unknown
1713362401.198175,0.33837890625,0.757568359375,0.569091796875,unknown
1713362401.237615,0.332275390625,0.766357421875,0.572509765625,unknown
1713362401.278593,0.336669921875,0.763427734375,0.568359375,unknown
1713362401.320564,0.336669921875,0.758056640625,0.5615234375,unknown
1713362401.357621,0.33740234375,0.760009765625,0.569091796875,unknown
1713362401.398845,0.335205078125,0.75927734375,0.572265625,unknown
1713362401.443846,0.332275390625,0.759521484375,0.568603515625,unknown
1713362401.480063,0.326904296875,0.760986328125,0.57177734375,unknown
1713362401.519781,0.3359375,0.760498046875,0.56591796875,unknown
1713362401.561419,0.336181640625,0.762939453125,0.561279296875,unknown
1713362401.611237,0.3359375,0.761962890625,0.569580078125,unknown
1713362401.638772,0.31982421875,0.766357421875,0.578369140625,unknown
1713362401.686461,0.32568359375,0.761962890625,0.5732421875,unknown
1713362401.719921,0.326416015625,0.7626953125,0.5654296875,unknown
1713362401.759577,0.332275390625,0.765625,0.5693359375,unknown
1713362401.800335,0.325927734375,0.760009765625,0.57763671875,unknown
1713362401.843056,0.333251953125,0.760009765625,0.56787109375,unknown
1713362401.887144,0.34375,0.75537109375,0.55908203125,unknown
1713362401.925194,0.32470703125,0.7607421875,0.57763671875,unknown
1713362401.962388,0.334716796875,0.763916015625,0.57470703125,unknown
1713362402.001108,0.331298828125,0.761962890625,0.565673828125,unknown
1713362402.041596,0.33349609375,0.761474609375,0.566650390625,unknown
1713362402.082447,0.3310546875,0.761962890625,0.56689453125,unknown
1713362402.121506,0.334716796875,0.7626953125,0.569091796875,unknown
1713362402.163699,0.328857421875,0.7607421875,0.569580078125,unknown
1713362402.202744,0.3388671875,0.7578125,0.564453125,unknown
1713362402.243241,0.333740234375,0.758544921875,0.568603515625,unknown
1713362402.282616,0.33349609375,0.76611328125,0.57177734375,unknown
1713362402.320691,0.33349609375,0.760986328125,0.5693359375,unknown
1713362402.365843,0.33203125,0.762451171875,0.5712890625,unknown
1713362402.402356,0.325927734375,0.76318359375,0.571533203125,unknown
1713362402.441858,0.323486328125,0.765869140625,0.563720703125,unknown
1713362402.482932,0.33056640625,0.763427734375,0.564453125,unknown
1713362402.532372,0.32666015625,0.771728515625,0.56982421875,unknown
1713362402.560765,0.331298828125,0.76708984375,0.56884765625,unknown
1713362402.602333,0.32666015625,0.763916015625,0.579833984375,unknown
1713362402.646568,0.320556640625,0.764404296875,0.578857421875,unknown
1713362402.685438,0.330810546875,0.754638671875,0.56884765625,unknown
1713362402.722826,0.334228515625,0.757080078125,0.57177734375,unknown
1713362402.762856,0.3232421875,0.7626953125,0.5810546875,unknown
1713362402.803581,0.338134765625,0.764404296875,0.570556640625,unknown
1713362402.84357,0.32763671875,0.75830078125,0.56640625,unknown
1713362402.88406,0.3271484375,0.759033203125,0.569580078125,unknown
1713362402.923602,0.333984375,0.7568359375,0.56787109375,unknown
1713362402.961641,0.328125,0.7607421875,0.56787109375,unknown
1713362403.000794,0.336181640625,0.763427734375,0.57568359375,unknown
1713362403.042233,0.322998046875,0.765625,0.58203125,unknown
1713362403.081557,0.325927734375,0.76171875,0.579833984375,unknown
1713362403.121741,0.326904296875,0.754638671875,0.5751953125,unknown
1713362403.162767,0.32470703125,0.756591796875,0.57373046875,unknown
1713362403.201843,0.324951171875,0.761962890625,0.576416015625,unknown
1713362403.242819,0.324951171875,0.762939453125,0.574462890625,unknown
1713362403.287824,0.33154296875,0.76318359375,0.5703125,unknown
1713362403.323668,0.32958984375,0.76416015625,0.572265625,unknown
1713362403.363575,0.327392578125,0.7646484375,0.57275390625,unknown
1713362403.403822,0.326904296875,0.7607421875,0.570556640625,unknown
1713362403.445762,0.325927734375,0.76513671875,0.5693359375,unknown
1713362403.489286,0.33642578125,0.763671875,0.572265625,unknown
1713362403.524609,0.326416015625,0.760498046875,0.570556640625,unknown
1713362403.565838,0.328125,0.7578125,0.56201171875,unknown
1713362403.605804,0.328369140625,0.760009765625,0.559326171875,unknown
1713362403.642464,0.3310546875,0.769287109375,0.568359375,unknown
1713362403.683273,0.330810546875,0.7626953125,0.564697265625,unknown
1713362403.721466,0.32373046875,0.763427734375,0.578857421875,unknown
1713362403.763294,0.3271484375,0.769775390625,0.58056640625,unknown
1713362403.802161,0.32861328125,0.75830078125,0.573486328125,unknown
1713362403.845696,0.329833984375,0.755615234375,0.576171875,unknown
1713362403.881729,0.332275390625,0.756103515625,0.5810546875,unknown
1713362403.922945,0.32421875,0.7587890625,0.579345703125,unknown
1713362403.963008,0.334716796875,0.75732421875,0.57568359375,unknown
1713362404.002768,0.330322265625,0.7607421875,0.57568359375,unknown
1713362404.048122,0.3447265625,0.766357421875,0.566162109375,unknown
1713362404.083806,0.341064453125,0.76904296875,0.56005859375,unknown
1713362404.130942,0.34521484375,0.771484375,0.558837890625,unknown
1713362404.166443,0.358642578125,0.76904296875,0.545654296875,unknown
1713362404.20301,0.3642578125,0.76318359375,0.53466796875,unknown
1713362404.250331,0.38134765625,0.7734375,0.529541015625,unknown
1713362404.280836,0.390380859375,0.7666015625,0.501220703125,unknown
1713362404.324148,0.390625,0.7890625,0.508056640625,unknown
1713362404.363346,0.387451171875,0.78076171875,0.536376953125,unknown
1713362404.40332,0.41064453125,0.777587890625,0.511474609375,unknown
1713362404.446763,0.443603515625,0.77001953125,0.458740234375,unknown
1713362404.482678,0.4306640625,0.770263671875,0.451171875,unknown
1713362404.529356,0.44677734375,0.7685546875,0.4541015625,unknown
1713362404.566089,0.442138671875,0.766357421875,0.454345703125,unknown
1713362404.604105,0.443603515625,0.7841796875,0.47998046875,unknown
1713362404.646256,0.44921875,0.772216796875,0.473876953125,unknown
1713362404.685488,0.434814453125,0.77587890625,0.473876953125,unknown
1713362404.724644,0.44677734375,0.77197265625,0.470458984375,unknown
1713362404.767225,0.431640625,0.77099609375,0.47216796875,unknown
1713362404.804509,0.41552734375,0.768798828125,0.496337890625,unknown
1713362404.844508,0.410400390625,0.75537109375,0.498046875,unknown
1713362404.885841,0.4169921875,0.747802734375,0.479736328125,unknown
1713362404.923743,0.41796875,0.755615234375,0.491943359375,unknown
1713362404.962556,0.392333984375,0.771484375,0.532958984375,unknown
1713362405.00605,0.3701171875,0.774169921875,0.57568359375,unknown
1713362405.045437,0.351806640625,0.776123046875,0.582275390625,unknown
1713362405.083572,0.361572265625,0.76171875,0.563720703125,unknown
1713362405.136629,0.34423828125,0.75537109375,0.546142578125,unknown
1713362405.163601,0.363525390625,0.7607421875,0.552001953125,unknown
1713362405.215224,0.363525390625,0.75,0.55810546875,unknown
1713362405.250919,0.3486328125,0.75634765625,0.57080078125,unknown
1713362405.289621,0.33642578125,0.752685546875,0.5732421875,unknown
1713362405.327095,0.335693359375,0.754150390625,0.574462890625,unknown
1713362405.36553,0.340576171875,0.7646484375,0.5732421875,unknown
1713362405.405435,0.33935546875,0.764892578125,0.566650390625,unknown
1713362405.446143,0.352783203125,0.764404296875,0.55615234375,unknown
1713362405.485485,0.35693359375,0.770263671875,0.5576171875,unknown
1713362405.524912,0.345947265625,0.763671875,0.555908203125,unknown
1713362405.564911,0.349609375,0.767333984375,0.559326171875,unknown
1713362405.604015,0.348876953125,0.762939453125,0.554931640625,unknown
1713362405.643995,0.35009765625,0.7626953125,0.552978515625,unknown
1713362405.684624,0.351318359375,0.7626953125,0.556640625,unknown
1713362405.72635,0.348876953125,0.763916015625,0.5537109375,unknown
1713362405.765891,0.351806640625,0.759765625,0.558349609375,unknown
1713362405.804488,0.3447265625,0.755859375,0.556884765625,unknown
1713362405.84503,0.3466796875,0.759033203125,0.5673828125,unknown
1713362405.890742,0.34716796875,0.757568359375,0.574951171875,unknown
1713362405.926484,0.344482421875,0.755126953125,0.57861328125,unknown
1713362405.966148,0.348388671875,0.7548828125,0.5693359375,unknown
1713362406.007143,0.34814453125,0.74951171875,0.56787109375,unknown
1713362406.053377,0.347900390625,0.753173828125,0.568359375,unknown
1713362406.086234,0.349365234375,0.75390625,0.5712890625,unknown
1713362406.126552,0.34716796875,0.754638671875,0.5732421875,unknown
1713362406.169963,0.34912109375,0.753662109375,0.569091796875,unknown
1713362406.208905,0.349853515625,0.74853515625,0.56787109375,unknown
1713362406.245674,0.346435546875,0.755615234375,0.579833984375,unknown
1713362406.285364,0.34326171875,0.757568359375,0.58056640625,unknown
1713362406.325726,0.345703125,0.754638671875,0.56982421875,unknown
1713362406.366088,0.34716796875,0.75,0.562744140625,unknown
1713362406.4056,0.349609375,0.75439453125,0.572998046875,unknown
1713362406.448311,0.346923828125,0.754638671875,0.569091796875,unknown
1713362406.485646,0.35400390625,0.753662109375,0.560791015625,unknown
1713362406.525629,0.35400390625,0.759521484375,0.566650390625,unknown
1713362406.56665,0.3486328125,0.7578125,0.56982421875,unknown
1713362406.606609,0.344482421875,0.757080078125,0.5654296875,unknown
1713362406.649789,0.34423828125,0.76708984375,0.565185546875,unknown
1713362406.68661,0.349853515625,0.761962890625,0.556396484375,unknown
1713362406.739975,0.352783203125,0.755126953125,0.55322265625,unknown
1713362406.767564,0.342529296875,0.757080078125,0.567138671875,unknown
1713362406.816361,0.3515625,0.758544921875,0.5595703125,unknown
1713362406.849174,0.34814453125,0.758544921875,0.563720703125,unknown
1713362406.888516,0.348388671875,0.764404296875,0.563232421875,unknown
1713362406.923732,0.35205078125,0.76171875,0.557861328125,unknown
1713362406.963826,0.34619140625,0.755615234375,0.561279296875,unknown
1713362407.004655,0.3466796875,0.759033203125,0.565673828125,unknown
1713362407.053996,0.348388671875,0.766357421875,0.567626953125,unknown
1713362407.090835,0.352783203125,0.7607421875,0.5673828125,unknown
1713362407.129163,0.3408203125,0.7587890625,0.566162109375,unknown
1713362407.16706,0.345703125,0.760986328125,0.57080078125,unknown
1713362407.205459,0.34814453125,0.7568359375,0.563720703125,unknown
1713362407.2456,0.3525390625,0.751708984375,0.559326171875,unknown
1713362407.285686,0.35302734375,0.758056640625,0.560546875,unknown
1713362407.326817,0.348876953125,0.759765625,0.562255859375,unknown
1713362407.368139,0.348876953125,0.760498046875,0.56201171875,unknown
1713362407.407107,0.34423828125,0.7607421875,0.56396484375,unknown
1713362407.447622,0.343505859375,0.764404296875,0.561767578125,unknown
1713362407.486179,0.357666015625,0.765380859375,0.556640625,unknown
1713362407.525463,0.3515625,0.763916015625,0.558349609375,unknown
1713362407.570666,0.35107421875,0.76171875,0.561279296875,unknown
1713362407.605675,0.34375,0.771240234375,0.56298828125,unknown
1713362407.645877,0.34326171875,0.767333984375,0.564697265625,unknown
1713362407.687212,0.3486328125,0.76611328125,0.559326171875,unknown
1713362407.731039,0.35595703125,0.76220703125,0.556640625,unknown
1713362407.767451,0.35400390625,0.7626953125,0.560791015625,unknown
1713362407.818952,0.36083984375,0.7626953125,0.559326171875,unknown
1713362407.847591,0.35693359375,0.757080078125,0.545166015625,unknown
1713362407.889893,0.363037109375,0.767578125,0.54052734375,unknown
1713362407.933257,0.3740234375,0.767333984375,0.529052734375,unknown
1713362407.975342,0.381103515625,0.770263671875,0.5185546875,unknown
1713362408.015098,0.37890625,0.779296875,0.516845703125,unknown
1713362408.047899,0.376220703125,0.7822265625,0.52490234375,unknown
1713362408.093651,0.3779296875,0.7734375,0.522216796875,unknown
1713362408.137353,0.37548828125,0.76708984375,0.52734375,unknown
1713362408.166527,0.36865234375,0.763671875,0.536865234375,unknown
1713362408.20785,0.36328125,0.761474609375,0.545166015625,unknown
1713362408.245039,0.36181640625,0.75732421875,0.5400390625,unknown
1713362408.285781,0.37255859375,0.769287109375,0.545654296875,unknown
1713362408.32721,0.365478515625,0.77294921875,0.540283203125,unknown
1713362408.378784,0.366455078125,0.7734375,0.54345703125,unknown
1713362408.406805,0.36962890625,0.769287109375,0.53271484375,unknown
1713362408.452249,0.3720703125,0.766845703125,0.5302734375,unknown
1713362408.486367,0.372802734375,0.768310546875,0.5361328125,unknown
1713362408.528095,0.37548828125,0.768310546875,0.5380859375,unknown
1713362408.566408,0.36962890625,0.763671875,0.54638671875,unknown
1713362408.609943,0.364013671875,0.76171875,0.552978515625,unknown
1713362408.653202,0.3623046875,0.763916015625,0.55615234375,unknown
1713362408.693927,0.367431640625,0.76123046875,0.55029296875,unknown
1713362408.730473,0.369873046875,0.760498046875,0.54638671875,unknown
1713362408.771427,0.37158203125,0.759765625,0.544677734375,unknown
1713362408.811093,0.366455078125,0.75634765625,0.544189453125,unknown
1713362408.851184,0.371337890625,0.7587890625,0.54541015625,unknown
1713362408.890155,0.368408203125,0.763671875,0.551025390625,unknown
1713362408.929527,0.36865234375,0.760009765625,0.5556640625,unknown
1713362408.96762,0.363037109375,0.7607421875,0.55029296875,unknown
1713362409.007526,0.366455078125,0.759033203125,0.5478515625,unknown
1713362409.046455,0.368896484375,0.763427734375,0.547119140625,unknown
1713362409.087627,0.3642578125,0.76318359375,0.544921875,unknown
1713362409.128314,0.360595703125,0.763427734375,0.54296875,unknown
1713362409.170047,0.3662109375,0.766357421875,0.5400390625,unknown
1713362409.207373,0.36279296875,0.7724609375,0.546142578125,unknown
1713362409.247417,0.369140625,0.768798828125,0.542724609375,unknown
1713362409.289063,0.360595703125,0.76904296875,0.543701171875,unknown
1713362409.331577,0.361572265625,0.76953125,0.549560546875,unknown
1713362409.368686,0.36083984375,0.76806640625,0.54443359375,unknown
1713362409.408733,0.359375,0.7666015625,0.54248046875,unknown
1713362409.447713,0.355224609375,0.7646484375,0.548583984375,unknown
1713362409.487608,0.358642578125,0.76806640625,0.548583984375,unknown
1713362409.526442,0.3564453125,0.768798828125,0.546875,unknown
1713362409.566345,0.36279296875,0.763427734375,0.547119140625,unknown
1713362409.608387,0.356201171875,0.76953125,0.5458984375,unknown
1713362409.648032,0.369384765625,0.77099609375,0.5400390625,unknown
1713362409.686626,0.365234375,0.76416015625,0.5400390625,unknown
1713362409.727787,0.3603515625,0.7666015625,0.552734375,unknown
1713362409.767942,0.359130859375,0.768310546875,0.554443359375,unknown
1713362409.807465,0.363037109375,0.76318359375,0.54833984375,unknown
1713362409.848362,0.35986328125,0.76123046875,0.543212890625,unknown
1713362409.891411,0.364990234375,0.761474609375,0.5458984375,unknown
1713362409.928729,0.36376953125,0.762451171875,0.54638671875,unknown
1713362409.9701,0.369140625,0.765380859375,0.549560546875,unknown
1713362410.009313,0.35888671875,0.76513671875,0.548583984375,unknown
1713362410.051335,0.36328125,0.765869140625,0.5576171875,unknown
1713362410.089674,0.360595703125,0.75830078125,0.55517578125,unknown
1713362410.13035,0.364501953125,0.761962890625,0.549560546875,unknown
1713362410.167597,0.356201171875,0.763671875,0.5498046875,unknown
1713362410.211076,0.3603515625,0.7626953125,0.55029296875,unknown
1713362410.250421,0.360107421875,0.766845703125,0.54638671875,unknown
1713362410.29128,0.361572265625,0.767333984375,0.546142578125,unknown
1713362410.333151,0.358642578125,0.771240234375,0.54345703125,unknown
1713362410.368418,0.37451171875,0.78662109375,0.52978515625,unknown
1713362410.417085,0.3759765625,0.77685546875,0.51708984375,unknown
1713362410.454553,0.369873046875,0.759521484375,0.538818359375,unknown
1713362410.493717,0.343017578125,0.752685546875,0.576416015625,unknown
1713362410.530367,0.357177734375,0.740966796875,0.586669921875,unknown
1713362410.569483,0.357666015625,0.735595703125,0.5849609375,unknown
1713362410.616681,0.354248046875,0.732666015625,0.584228515625,unknown
1713362410.653424,0.35546875,0.73291015625,0.584716796875,unknown
1713362410.694569,0.370361328125,0.73388671875,0.578857421875,unknown
1713362410.734084,0.3671875,0.73779296875,0.571533203125,unknown
1713362410.770157,0.37158203125,0.744873046875,0.572998046875,unknown
1713362410.808294,0.37353515625,0.74658203125,0.574462890625,unknown
1713362410.849478,0.36767578125,0.746337890625,0.576171875,unknown
1713362410.890698,0.3671875,0.741943359375,0.572998046875,unknown
1713362410.930855,0.367431640625,0.741943359375,0.568359375,unknown
1713362410.971296,0.36474609375,0.74462890625,0.5703125,unknown
1713362411.011347,0.3642578125,0.741455078125,0.57080078125,unknown
1713362411.052289,0.363037109375,0.744873046875,0.570556640625,unknown
1713362411.097173,0.355712890625,0.7451171875,0.567626953125,unknown
1713362411.132428,0.3544921875,0.74755859375,0.57421875,unknown
1713362411.172426,0.349609375,0.74853515625,0.573486328125,unknown
1713362411.212712,0.3486328125,0.748291015625,0.56640625,unknown
1713362411.261698,0.346923828125,0.76025390625,0.56884765625,unknown
1713362411.298767,0.351806640625,0.757080078125,0.565185546875,unknown
1713362411.337145,0.348388671875,0.756103515625,0.56884765625,unknown
1713362411.374803,0.347900390625,0.757568359375,0.56787109375,unknown
1713362411.424083,0.349365234375,0.76123046875,0.56591796875,unknown
1713362411.458421,0.35302734375,0.759033203125,0.56201171875,unknown
1713362411.490618,0.357666015625,0.755615234375,0.5625,unknown
1713362411.534379,0.353515625,0.76171875,0.564208984375,unknown
1713362411.57345,0.356689453125,0.759521484375,0.5625,unknown
1713362411.612161,0.35400390625,0.755615234375,0.560791015625,unknown
1713362411.652116,0.355712890625,0.75439453125,0.56298828125,unknown
1713362411.691295,0.353271484375,0.754150390625,0.565185546875,unknown
1713362411.731446,0.3515625,0.752197265625,0.568115234375,unknown
1713362411.771678,0.353271484375,0.75537109375,0.5703125,unknown
1713362411.813199,0.35205078125,0.75341796875,0.57080078125,unknown
1713362411.852583,0.350341796875,0.751953125,0.567626953125,unknown
1713362411.892369,0.34765625,0.752685546875,0.572998046875,unknown
1713362411.933321,0.3466796875,0.75048828125,0.573486328125,unknown
1713362411.976529,0.350341796875,0.7509765625,0.573974609375,unknown
1713362412.013411,0.345703125,0.75390625,0.570068359375,unknown
1713362412.053439,0.349609375,0.7529296875,0.56884765625,unknown
1713362412.093257,0.345703125,0.757568359375,0.569091796875,unknown
1713362412.131978,0.35400390625,0.759765625,0.568603515625,unknown
1713362412.176503,0.35107421875,0.75439453125,0.563720703125,unknown
1713362412.212416,0.35107421875,0.75732421875,0.563720703125,unknown
1713362412.258779,0.34619140625,0.75732421875,0.566650390625,unknown
1713362412.293507,0.348876953125,0.75634765625,0.56640625,unknown
1713362412.341502,0.355224609375,0.75390625,0.56201171875,unknown
1713362412.377281,0.35205078125,0.758544921875,0.5654296875,unknown
1713362412.417934,0.350341796875,0.75537109375,0.567138671875,unknown
1713362412.45457,0.355224609375,0.75390625,0.56494140625,unknown
1713362412.494927,0.3505859375,0.756591796875,0.56884765625,unknown
1713362412.534338,0.3466796875,0.754638671875,0.57080078125,unknown
1713362412.574609,0.350830078125,0.75537109375,0.568603515625,unknown
1713362412.615293,0.35205078125,0.75439453125,0.563232421875,unknown
1713362412.655286,0.3505859375,0.75732421875,0.5654296875,unknown
1713362412.697723,0.3564453125,0.756103515625,0.564208984375,unknown
1713362412.736299,0.3505859375,0.75634765625,0.56689453125,unknown
1713362412.774275,0.348388671875,0.75146484375,0.570556640625,unknown
1713362412.818792,0.35107421875,0.757080078125,0.571533203125,unknown
1713362412.857967,0.349365234375,0.75439453125,0.56689453125,unknown
1713362412.896143,0.351806640625,0.75244140625,0.559326171875,unknown
1713362412.941714,0.350341796875,0.7578125,0.564453125,unknown
1713362412.976329,0.350830078125,0.759765625,0.57080078125,unknown
1713362413.024152,0.34814453125,0.75439453125,0.56787109375,unknown
1713362413.063523,0.349853515625,0.75390625,0.569580078125,unknown
1713362413.10102,0.34912109375,0.755859375,0.5712890625,unknown
1713362413.139055,0.34716796875,0.7529296875,0.572021484375,unknown
1713362413.186907,0.35205078125,0.754638671875,0.56982421875,unknown
1713362413.223462,0.3486328125,0.756103515625,0.56982421875,unknown
1713362413.261697,0.349365234375,0.759033203125,0.56982421875,unknown
1713362413.299436,0.347900390625,0.756103515625,0.564697265625,unknown
1713362413.33756,0.3525390625,0.755859375,0.564697265625,unknown
1713362413.37856,0.351806640625,0.757080078125,0.5654296875,unknown
1713362413.417382,0.34619140625,0.754150390625,0.56298828125,unknown
1713362413.456231,0.350341796875,0.75927734375,0.5634765625,unknown
1713362413.49986,0.352294921875,0.761962890625,0.5615234375,unknown
1713362413.535639,0.3505859375,0.75830078125,0.56494140625,unknown
1713362413.577836,0.3486328125,0.758056640625,0.56494140625,unknown
1713362413.617118,0.349853515625,0.754638671875,0.566650390625,unknown
1713362413.657058,0.34814453125,0.754150390625,0.56494140625,unknown
1713362413.703304,0.354736328125,0.759521484375,0.56298828125,unknown
1713362413.739177,0.353759765625,0.753662109375,0.56591796875,unknown
1713362413.778842,0.35546875,0.751708984375,0.562744140625,unknown
1713362413.819904,0.3486328125,0.759765625,0.568359375,unknown
1713362413.868827,0.347900390625,0.7607421875,0.57177734375,unknown
1713362413.905059,0.347412109375,0.751708984375,0.564697265625,unknown
1713362413.945457,0.34716796875,0.756103515625,0.568359375,unknown
1713362413.982245,0.345703125,0.759033203125,0.5703125,unknown
1713362414.022346,0.347900390625,0.751708984375,0.559326171875,unknown
1713362414.059816,0.34765625,0.758056640625,0.563720703125,unknown
1713362414.098129,0.3466796875,0.761474609375,0.567626953125,unknown
1713362414.137257,0.349365234375,0.75634765625,0.563232421875,unknown
1713362414.177972,0.349609375,0.756591796875,0.5595703125,unknown
1713362414.218698,0.349609375,0.760986328125,0.56884765625,unknown
1713362414.261211,0.346923828125,0.759521484375,0.56396484375,unknown
1713362414.297527,0.344970703125,0.759765625,0.565673828125,unknown
1713362414.337183,0.34521484375,0.760009765625,0.56201171875,unknown
1713362414.379144,0.34912109375,0.758056640625,0.565673828125,unknown
1713362414.424026,0.3447265625,0.75244140625,0.56884765625,unknown
1713362414.459368,0.3466796875,0.756103515625,0.5703125,unknown
1713362414.499186,0.343994140625,0.755859375,0.569580078125,unknown
1713362414.540964,0.346923828125,0.7568359375,0.569580078125,unknown
1713362414.580268,0.347900390625,0.752685546875,0.566650390625,unknown
1713362414.624582,0.3505859375,0.754638671875,0.564697265625,unknown
1713362414.660501,0.34326171875,0.760009765625,0.5673828125,unknown
1713362414.71402,0.34912109375,0.760986328125,0.5703125,unknown
1713362414.741951,0.34765625,0.75537109375,0.564697265625,unknown
1713362414.790127,0.3466796875,0.75537109375,0.567138671875,unknown
1713362414.826666,0.34765625,0.75634765625,0.56884765625,unknown
1713362414.865078,0.345458984375,0.75439453125,0.56591796875,unknown
1713362414.903179,0.349853515625,0.75390625,0.56494140625,unknown
1713362414.94215,0.349853515625,0.7587890625,0.56640625,unknown
1713362414.980437,0.34912109375,0.758056640625,0.5712890625,unknown
1713362415.021656,0.3486328125,0.749755859375,0.5634765625,unknown
1713362415.060225,0.349853515625,0.75927734375,0.568359375,unknown
1713362415.103062,0.346923828125,0.756591796875,0.571533203125,unknown
1713362415.141444,0.34765625,0.755126953125,0.566650390625,unknown
1713362415.18472,0.34912109375,0.756103515625,0.56884765625,unknown
1713362415.221602,0.345703125,0.75537109375,0.568359375,unknown
1713362415.265194,0.34912109375,0.75537109375,0.565673828125,unknown
1713362415.305032,0.34765625,0.7568359375,0.57177734375,unknown
1713362415.34292,0.35107421875,0.75146484375,0.56982421875,unknown
1713362415.38144,0.34521484375,0.7509765625,0.570556640625,unknown
1713362415.422035,0.343994140625,0.755615234375,0.567626953125,unknown
1713362415.466459,0.3486328125,0.7529296875,0.569091796875,unknown
1713362415.506784,0.349853515625,0.758544921875,0.56787109375,unknown
1713362415.54694,0.34619140625,0.759765625,0.56982421875,unknown
1713362415.585226,0.34521484375,0.75244140625,0.569580078125,unknown
1713362415.623578,0.346435546875,0.75244140625,0.572021484375,unknown
1713362415.660111,0.34423828125,0.755859375,0.572265625,unknown
1713362415.703629,0.346923828125,0.757080078125,0.5712890625,unknown
1713362415.74703,0.338623046875,0.755615234375,0.569091796875,unknown
1713362415.784859,0.349609375,0.75927734375,0.571533203125,unknown
1713362415.823841,0.34033203125,0.75146484375,0.571044921875,unknown
1713362415.865456,0.34521484375,0.754150390625,0.570068359375,unknown
1713362415.903222,0.345458984375,0.756591796875,0.572021484375,unknown
1713362415.943364,0.342529296875,0.75634765625,0.574462890625,unknown
1713362415.983455,0.34375,0.753662109375,0.568115234375,unknown
1713362416.024231,0.34521484375,0.753173828125,0.572998046875,unknown
1713362416.063988,0.34619140625,0.755615234375,0.56884765625,unknown
1713362416.10266,0.3466796875,0.7568359375,0.57373046875,unknown
1713362416.142161,0.3427734375,0.753173828125,0.57373046875,unknown
1713362416.184906,0.347900390625,0.7529296875,0.5712890625,unknown
1713362416.224678,0.345458984375,0.756103515625,0.56982421875,unknown
1713362416.264848,0.345458984375,0.751708984375,0.567626953125,unknown
1713362416.307831,0.343017578125,0.762939453125,0.573486328125,unknown
1713362416.350244,0.34912109375,0.75634765625,0.572998046875,unknown
1713362416.390072,0.34228515625,0.751708984375,0.568115234375,unknown
1713362416.427903,0.345947265625,0.753662109375,0.570068359375,unknown
1713362416.46589,0.34521484375,0.75244140625,0.57373046875,unknown
1713362416.504223,0.34765625,0.751708984375,0.568603515625,unknown
1713362416.547543,0.344970703125,0.7568359375,0.571533203125,unknown
1713362416.585255,0.34619140625,0.756103515625,0.5712890625,unknown
1713362416.628842,0.343505859375,0.75341796875,0.5712890625,unknown
1713362416.665989,0.34765625,0.753173828125,0.56884765625,unknown
1713362416.705277,0.343994140625,0.754150390625,0.571044921875,unknown
1713362416.743116,0.342041015625,0.756591796875,0.571044921875,unknown
1713362416.784615,0.345458984375,0.75146484375,0.567626953125,unknown
1713362416.82295,0.348388671875,0.75390625,0.56787109375,unknown
1713362416.862154,0.3466796875,0.754150390625,0.569091796875,unknown
1713362416.906536,0.345458984375,0.753662109375,0.57275390625,unknown
1713362416.942134,0.34375,0.75537109375,0.57568359375,unknown
1713362416.982125,0.3466796875,0.75341796875,0.57421875,unknown
1713362417.023549,0.344482421875,0.752197265625,0.57080078125,unknown
1713362417.067952,0.344482421875,0.7529296875,0.568115234375,unknown
1713362417.104144,0.345703125,0.75390625,0.571533203125,unknown
1713362417.157258,0.3486328125,0.756103515625,0.57421875,unknown
1713362417.184151,0.3447265625,0.756591796875,0.57177734375,unknown
1713362417.232448,0.343994140625,0.75146484375,0.567138671875,unknown
1713362417.269378,0.34716796875,0.755615234375,0.578125,unknown
1713362417.304086,0.342041015625,0.753173828125,0.573486328125,unknown
1713362417.344793,0.35107421875,0.7529296875,0.571044921875,unknown
1713362417.383403,0.342529296875,0.75146484375,0.571044921875,unknown
1713362417.423541,0.348876953125,0.76025390625,0.573974609375,unknown
1713362417.463067,0.34423828125,0.75341796875,0.57080078125,unknown
1713362417.501153,0.34375,0.752685546875,0.572265625,unknown
1713362417.545337,0.344482421875,0.7529296875,0.570068359375,unknown
1713362417.582321,0.34619140625,0.7548828125,0.572021484375,unknown
1713362417.622382,0.34521484375,0.757080078125,0.56982421875,unknown
1713362417.66339,0.3447265625,0.75439453125,0.572509765625,unknown
1713362417.703074,0.34814453125,0.7578125,0.57373046875,unknown
1713362417.748513,0.34521484375,0.757080078125,0.572998046875,unknown
1713362417.786539,0.34423828125,0.75341796875,0.570556640625,unknown
1713362417.82735,0.349365234375,0.751953125,0.5712890625,unknown
1713362417.864528,0.345947265625,0.75244140625,0.574951171875,unknown
1713362417.906195,0.34521484375,0.75634765625,0.57275390625,unknown
1713362417.945113,0.34521484375,0.752197265625,0.570556640625,unknown
1713362417.985043,0.345458984375,0.748046875,0.5693359375,unknown
1713362418.023109,0.34521484375,0.7509765625,0.57275390625,unknown
1713362418.062882,0.346435546875,0.75341796875,0.57568359375,unknown
1713362418.105897,0.346923828125,0.75341796875,0.57470703125,unknown
1713362418.156072,0.341552734375,0.751708984375,0.570556640625,unknown
1713362418.182665,0.348388671875,0.759765625,0.578369140625,unknown
1713362418.226676,0.3447265625,0.75341796875,0.57373046875,unknown
1713362418.26368,0.346435546875,0.74951171875,0.57275390625,unknown
1713362418.309106,0.345458984375,0.749267578125,0.572265625,unknown
1713362418.347235,0.34521484375,0.75537109375,0.57421875,unknown
1713362418.388921,0.3447265625,0.75341796875,0.572021484375,unknown
1713362418.425437,0.34521484375,0.75341796875,0.5703125,unknown
1713362418.46613,0.34521484375,0.752197265625,0.5703125,unknown
1713362418.505663,0.34619140625,0.75537109375,0.572265625,unknown
1713362418.545475,0.341796875,0.7529296875,0.57421875,unknown
1713362418.585537,0.34814453125,0.748291015625,0.571044921875,unknown
1713362418.624131,0.344970703125,0.753173828125,0.571044921875,unknown
1713362418.666869,0.347412109375,0.7568359375,0.57421875,unknown
1713362418.709775,0.34423828125,0.75146484375,0.572021484375,unknown
1713362418.745582,0.346435546875,0.752197265625,0.570556640625,unknown
1713362418.788073,0.34033203125,0.758056640625,0.577392578125,unknown
1713362418.822602,0.34521484375,0.749755859375,0.572021484375,unknown
1713362418.873956,0.34521484375,0.752685546875,0.572021484375,unknown
1713362418.903928,0.346435546875,0.75537109375,0.571044921875,unknown
1713362418.945733,0.34716796875,0.75634765625,0.571044921875,unknown
1713362418.991024,0.3466796875,0.74853515625,0.56689453125,unknown
1713362419.031845,0.345947265625,0.752685546875,0.572265625,unknown
1713362419.069451,0.345947265625,0.752685546875,0.572265625,unknown
1713362419.109789,0.345458984375,0.757080078125,0.5712890625,unknown
1713362419.14844,0.34521484375,0.756591796875,0.571533203125,unknown
1713362419.187724,0.345947265625,0.755615234375,0.57080078125,unknown
1713362419.225657,0.341796875,0.75390625,0.57421875,unknown
1713362419.26661,0.348876953125,0.755859375,0.571533203125,unknown
1713362419.304076,0.347900390625,0.754638671875,0.572509765625,unknown
1713362419.343991,0.342529296875,0.753662109375,0.572998046875,unknown
1713362419.385405,0.3408203125,0.75732421875,0.573974609375,unknown
1713362419.426795,0.346923828125,0.754150390625,0.56787109375,unknown
1713362419.464972,0.344970703125,0.756103515625,0.56884765625,unknown
1713362419.505494,0.3466796875,0.7548828125,0.570068359375,unknown
1713362419.54298,0.345458984375,0.75390625,0.571533203125,unknown
1713362419.587752,0.34619140625,0.7548828125,0.568359375,unknown
1713362419.624274,0.3447265625,0.750732421875,0.568115234375,unknown
1713362419.669481,0.35009765625,0.7587890625,0.569580078125,unknown
1713362419.7036,0.346923828125,0.755615234375,0.571044921875,unknown
1713362419.747592,0.344482421875,0.748046875,0.569580078125,unknown
1713362419.790065,0.34619140625,0.754150390625,0.5732421875,unknown
1713362419.829897,0.343505859375,0.753173828125,0.5712890625,unknown
1713362419.867917,0.34326171875,0.755615234375,0.5693359375,unknown
1713362419.906899,0.34228515625,0.7568359375,0.572509765625,unknown
1713362419.947762,0.346923828125,0.756103515625,0.57080078125,unknown
1713362419.987467,0.348388671875,0.75634765625,0.570556640625,unknown
1713362420.025351,0.34521484375,0.7529296875,0.572021484375,unknown
1713362420.065626,0.34521484375,0.75341796875,0.56982421875,unknown
1713362420.103634,0.34619140625,0.75048828125,0.56884765625,unknown
1713362420.144166,0.343994140625,0.7568359375,0.5712890625,unknown
1713362420.184938,0.350341796875,0.759521484375,0.569091796875,unknown
1713362420.223315,0.346923828125,0.754638671875,0.564208984375,unknown
1713362420.263015,0.342041015625,0.755126953125,0.572021484375,unknown
1713362420.304836,0.34326171875,0.75634765625,0.573486328125,unknown
1713362420.345454,0.348388671875,0.7509765625,0.568359375,unknown
1713362420.384393,0.34814453125,0.75439453125,0.569091796875,unknown
1713362420.42624,0.345458984375,0.7548828125,0.57177734375,unknown
1713362420.467859,0.343994140625,0.7548828125,0.572021484375,unknown
1713362420.506031,0.345703125,0.752197265625,0.57177734375,unknown
1713362420.548264,0.34228515625,0.755126953125,0.5732421875,unknown
1713362420.58793,0.3427734375,0.754638671875,0.57373046875,unknown
1713362420.625699,0.3447265625,0.75390625,0.570556640625,unknown
1713362420.664147,0.34521484375,0.75341796875,0.57080078125,unknown
1713362420.70419,0.346923828125,0.7568359375,0.56982421875,unknown
1713362420.757525,0.343994140625,0.754638671875,0.570556640625,unknown
1713362420.785201,0.344482421875,0.75146484375,0.57666015625,unknown
1713362420.825009,0.34375,0.749755859375,0.572998046875,unknown
1713362420.866577,0.344970703125,0.75390625,0.57470703125,unknown
1713362420.914328,0.34765625,0.75341796875,0.569580078125,unknown
1713362420.950077,0.349609375,0.75341796875,0.571044921875,unknown
1713362420.988969,0.344970703125,0.758544921875,0.57275390625,unknown
1713362421.026065,0.347900390625,0.755615234375,0.5693359375,unknown
1713362421.068949,0.34130859375,0.752197265625,0.571533203125,unknown
1713362421.107393,0.3466796875,0.752197265625,0.5703125,unknown
1713362421.150744,0.345458984375,0.75439453125,0.57666015625,unknown
1713362421.188133,0.349853515625,0.753662109375,0.5751953125,unknown
1713362421.227537,0.343505859375,0.75341796875,0.56689453125,unknown
1713362421.26667,0.34912109375,0.761962890625,0.574951171875,unknown
1713362421.306707,0.34375,0.75146484375,0.5693359375,unknown
1713362421.352008,0.34814453125,0.752685546875,0.571533203125,unknown
1713362421.387461,0.341552734375,0.756591796875,0.574462890625,unknown
1713362421.426856,0.33935546875,0.755859375,0.572998046875,unknown
1713362421.467699,0.345947265625,0.753173828125,0.5673828125,unknown
1713362421.516784,0.345703125,0.7568359375,0.5712890625,unknown
1713362421.553521,0.34521484375,0.756591796875,0.570068359375,unknown
1713362421.593322,0.344970703125,0.754150390625,0.574951171875,unknown
1713362421.630853,0.34326171875,0.75537109375,0.575927734375,unknown
1713362421.669613,0.349853515625,0.75244140625,0.572509765625,unknown
1713362421.708348,0.343017578125,0.750732421875,0.572265625,unknown
1713362421.748531,0.345947265625,0.75537109375,0.572021484375,unknown
1713362421.788463,0.345947265625,0.75341796875,0.57275390625,unknown
1713362421.832156,0.346435546875,0.75390625,0.57177734375,unknown
1713362421.868937,0.345703125,0.755859375,0.572509765625,unknown
1713362421.908003,0.34619140625,0.749755859375,0.571533203125,unknown
1713362421.948021,0.344482421875,0.75146484375,0.57568359375,unknown
1713362421.988304,0.345947265625,0.755615234375,0.576171875,unknown
1713362422.025953,0.35302734375,0.75341796875,0.576416015625,unknown
1713362422.068412,0.340087890625,0.75244140625,0.571533203125,unknown
1713362422.10773,0.35107421875,0.7578125,0.57666015625,unknown
1713362422.148838,0.34521484375,0.753662109375,0.5693359375,unknown
1713362422.188009,0.347412109375,0.754638671875,0.570068359375,unknown
1713362422.231012,0.34521484375,0.755859375,0.57666015625,unknown
1713362422.270695,0.34375,0.75634765625,0.572509765625,unknown
1713362422.311468,0.34326171875,0.757080078125,0.574951171875,unknown
1713362422.360075,0.34521484375,0.756103515625,0.57080078125,unknown
1713362422.396227,0.34619140625,0.75341796875,0.572998046875,unknown
1713362422.436121,0.3466796875,0.753662109375,0.57421875,unknown
1713362422.472958,0.345703125,0.75244140625,0.571044921875,unknown
1713362422.510902,0.34716796875,0.752685546875,0.57421875,unknown
1713362422.549499,0.345458984375,0.752685546875,0.572509765625,unknown
1713362422.58802,0.3486328125,0.75634765625,0.571044921875,unknown
1713362422.628109,0.349609375,0.754638671875,0.568359375,unknown
1713362422.667997,0.347900390625,0.754150390625,0.5732421875,unknown
1713362422.709245,0.3427734375,0.75830078125,0.5751953125,unknown
1713362422.748891,0.349609375,0.75537109375,0.569091796875,unknown
1713362422.788588,0.343017578125,0.752685546875,0.56884765625,unknown
1713362422.828934,0.344482421875,0.75146484375,0.5712890625,unknown
1713362422.875038,0.3447265625,0.753173828125,0.574462890625,unknown
1713362422.910176,0.347900390625,0.751220703125,0.56787109375,unknown
1713362422.950449,0.3466796875,0.75390625,0.56982421875,unknown
1713362422.991371,0.349853515625,0.757568359375,0.572021484375,unknown
1713362423.039365,0.34814453125,0.752197265625,0.57080078125,unknown
1713362423.077031,0.350341796875,0.752685546875,0.57177734375,unknown
1713362423.115639,0.346435546875,0.75244140625,0.572998046875,unknown
1713362423.153633,0.3447265625,0.75244140625,0.572998046875,unknown
1713362423.191526,0.347900390625,0.7509765625,0.569091796875,unknown
1713362423.2292,0.34716796875,0.75390625,0.57275390625,unknown
1713362423.269074,0.345947265625,0.756103515625,0.572265625,unknown
1713362423.314207,0.345947265625,0.753662109375,0.572509765625,unknown
1713362423.354115,0.34912109375,0.75244140625,0.572265625,unknown
1713362423.390361,0.34765625,0.75537109375,0.57568359375,unknown
1713362423.42902,0.34765625,0.752685546875,0.57080078125,unknown
1713362423.470133,0.348388671875,0.75146484375,0.57080078125,unknown
1713362423.509934,0.3505859375,0.75146484375,0.571533203125,unknown
1713362423.55062,0.34814453125,0.751953125,0.56689453125,unknown
1713362423.592187,0.34228515625,0.75830078125,0.575927734375,unknown
1713362423.630069,0.35009765625,0.759765625,0.57177734375,unknown
1713362423.670369,0.345458984375,0.7509765625,0.572265625,unknown
1713362423.717537,0.342041015625,0.75,0.57177734375,unknown
1713362423.75382,0.34619140625,0.753662109375,0.573974609375,unknown
1713362423.793121,0.34423828125,0.75244140625,0.57177734375,unknown
1713362423.832499,0.345458984375,0.75146484375,0.5693359375,unknown
1713362423.875716,0.350830078125,0.76025390625,0.572998046875,unknown
1713362423.910837,0.34765625,0.7529296875,0.572021484375,unknown
1713362423.953012,0.3466796875,0.7568359375,0.570068359375,unknown
1713362423.997309,0.34765625,0.7548828125,0.571044921875,unknown
1713362424.036272,0.34228515625,0.75830078125,0.57275390625,unknown
1713362424.071189,0.3486328125,0.755126953125,0.568359375,unknown
1713362424.110843,0.34375,0.757568359375,0.56884765625,unknown
1713362424.152068,0.346435546875,0.75439453125,0.5732421875,unknown
1713362424.192248,0.348876953125,0.750244140625,0.568603515625,unknown
1713362424.232333,0.345458984375,0.75048828125,0.5751953125,unknown
1713362424.274014,0.345458984375,0.75146484375,0.575439453125,unknown
1713362424.313757,0.349609375,0.753662109375,0.572265625,unknown
1713362424.354337,0.352294921875,0.75537109375,0.574951171875,unknown
1713362424.392851,0.350341796875,0.751708984375,0.565673828125,unknown
1713362424.435249,0.349365234375,0.752685546875,0.566162109375,unknown
1713362424.474589,0.34716796875,0.75439453125,0.57177734375,unknown
1713362424.515666,0.3466796875,0.748046875,0.572265625,unknown
1713362424.558066,0.341796875,0.754150390625,0.575927734375,unknown
1713362424.593094,0.341796875,0.75537109375,0.577392578125,unknown
1713362424.637124,0.345947265625,0.750732421875,0.570068359375,unknown
1713362424.672626,0.34375,0.750732421875,0.568115234375,unknown
1713362424.71196,0.3466796875,0.755859375,0.574462890625,unknown
1713362424.752718,0.347412109375,0.7548828125,0.572509765625,unknown
1713362424.801158,0.3447265625,0.7509765625,0.57080078125,unknown
1713362424.837615,0.3447265625,0.757080078125,0.573974609375,unknown
1713362424.876429,0.33935546875,0.75439453125,0.5732421875,unknown
1713362424.914906,0.346923828125,0.755615234375,0.5693359375,unknown
1713362424.95397,0.34423828125,0.75634765625,0.5673828125,unknown
1713362424.995013,0.345458984375,0.758056640625,0.569091796875,unknown
1713362425.038308,0.345703125,0.7626953125,0.568359375,unknown
1713362425.074877,0.349853515625,0.767333984375,0.55517578125,unknown
1713362425.114805,0.359619140625,0.766357421875,0.5439453125,unknown
1713362425.155536,0.354736328125,0.7646484375,0.555908203125,unknown
1713362425.194751,0.344970703125,0.75634765625,0.565185546875,unknown
1713362425.239296,0.347900390625,0.750244140625,0.57470703125,unknown
1713362425.275363,0.343994140625,0.7373046875,0.582275390625,unknown
1713362425.314596,0.344482421875,0.7314453125,0.596923828125,unknown
1713362425.354395,0.33837890625,0.721435546875,0.61328125,unknown
1713362425.398883,0.33984375,0.720947265625,0.61572265625,unknown
1713362425.434152,0.34912109375,0.729736328125,0.608154296875,unknown
1713362425.480378,0.346923828125,0.73828125,0.595458984375,unknown
1713362425.518083,0.3544921875,0.737548828125,0.56494140625,unknown
1713362425.556534,0.344482421875,0.74267578125,0.551025390625,unknown
1713362425.597981,0.357421875,0.733642578125,0.563232421875,unknown
1713362425.638344,0.3671875,0.70263671875,0.598388671875,unknown
1713362425.67784,0.328369140625,0.6826171875,0.68017578125,unknown
1713362425.720497,0.316162109375,0.63623046875,0.715087890625,unknown
1713362425.75578,0.312744140625,0.59716796875,0.7529296875,unknown
1713362425.800284,0.302978515625,0.582763671875,0.7822265625,unknown
1713362425.837442,0.316650390625,0.564453125,0.77685546875,unknown
1713362425.876072,0.31494140625,0.5556640625,0.77880859375,unknown
1713362425.917028,0.309814453125,0.554931640625,0.788330078125,unknown
1713362425.9566,0.31005859375,0.559326171875,0.78515625,unknown
1713362425.994968,0.306884765625,0.55517578125,0.786865234375,unknown
1713362426.037376,0.3076171875,0.54736328125,0.78759765625,unknown
1713362426.075051,0.327880859375,0.539794921875,0.770263671875,unknown
1713362426.116979,0.32470703125,0.54541015625,0.772216796875,unknown
1713362426.156155,0.33251953125,0.5537109375,0.77880859375,unknown
1713362426.196749,0.329833984375,0.54345703125,0.768798828125,unknown
1713362426.239466,0.326416015625,0.536376953125,0.769775390625,unknown
1713362426.282876,0.32763671875,0.544921875,0.779541015625,unknown
1713362426.321993,0.3134765625,0.539794921875,0.787841796875,unknown
1713362426.357937,0.32177734375,0.533935546875,0.786865234375,unknown
1713362426.396867,0.31640625,0.53857421875,0.7890625,unknown
1713362426.437124,0.31640625,0.529541015625,0.79345703125,unknown
1713362426.477937,0.31005859375,0.523193359375,0.80126953125,unknown
1713362426.518531,0.3046875,0.52392578125,0.808837890625,unknown
1713362426.557699,0.30078125,0.521728515625,0.810546875,unknown
1713362426.595848,0.2900390625,0.526611328125,0.806640625,unknown
1713362426.636625,0.2919921875,0.52880859375,0.802978515625,unknown
1713362426.676876,0.303955078125,0.528076171875,0.798828125,unknown
1713362426.719046,0.296630859375,0.525146484375,0.79541015625,unknown
1713362426.758516,0.30224609375,0.527587890625,0.798828125,unknown
1713362426.799205,0.311279296875,0.534912109375,0.791259765625,unknown
1713362426.848614,0.308349609375,0.529296875,0.802001953125,unknown
1713362426.877979,0.301025390625,0.526123046875,0.8056640625,unknown
1713362426.924557,0.2998046875,0.525146484375,0.803466796875,unknown
1713362426.96098,0.299072265625,0.519287109375,0.7998046875,unknown
1713362427.000073,0.29931640625,0.524169921875,0.803955078125,unknown
1713362427.038962,0.287841796875,0.5244140625,0.8134765625,unknown
1713362427.080369,0.294189453125,0.525390625,0.8095703125,unknown
1713362427.122023,0.29345703125,0.51416015625,0.805419921875,unknown
1713362427.159792,0.292236328125,0.514892578125,0.8125,unknown
1713362427.200344,0.288330078125,0.512451171875,0.81298828125,unknown
1713362427.238952,0.289306640625,0.515380859375,0.82421875,unknown
1713362427.278367,0.28759765625,0.509521484375,0.8173828125,unknown
1713362427.315836,0.291259765625,0.510009765625,0.808837890625,unknown
1713362427.357541,0.285400390625,0.509521484375,0.8115234375,unknown
1713362427.396773,0.279541015625,0.5185546875,0.827880859375,unknown
1713362427.437942,0.2822265625,0.51953125,0.819580078125,unknown
1713362427.478066,0.29052734375,0.525634765625,0.80224609375,unknown
1713362427.522059,0.281005859375,0.5400390625,0.80859375,unknown
1713362427.559026,0.285400390625,0.546875,0.787353515625,unknown
1713362427.61164,0.277099609375,0.553955078125,0.775390625,unknown
1713362427.638537,0.2763671875,0.572509765625,0.7734375,unknown
1713362427.686444,0.275634765625,0.58837890625,0.763671875,unknown
1713362427.725838,0.2705078125,0.59375,0.7509765625,unknown
1713362427.7657,0.27392578125,0.614013671875,0.750244140625,unknown
1713362427.804205,0.267578125,0.6279296875,0.744384765625,unknown
1713362427.843755,0.270263671875,0.6337890625,0.726318359375,unknown
1713362427.881513,0.27197265625,0.649658203125,0.72314453125,unknown
1713362427.921013,0.263427734375,0.656005859375,0.7216796875,unknown
1713362427.961393,0.2626953125,0.656494140625,0.7080078125,unknown
1713362428.00048,0.263671875,0.66064453125,0.70556640625,unknown
1713362428.038682,0.25244140625,0.671142578125,0.70849609375,unknown
1713362428.077723,0.25146484375,0.672119140625,0.707763671875,unknown
1713362428.12009,0.240478515625,0.677734375,0.712158203125,unknown
1713362428.159553,0.243408203125,0.681396484375,0.710205078125,unknown
1713362428.199025,0.23828125,0.685791015625,0.70556640625,unknown
1713362428.239906,0.242431640625,0.681884765625,0.706787109375,unknown
1713362428.279831,0.2392578125,0.681884765625,0.6953125,unknown
1713362428.322627,0.2431640625,0.683349609375,0.69580078125,unknown
1713362428.359719,0.243408203125,0.687744140625,0.697265625,unknown
1713362428.409073,0.2470703125,0.68359375,0.6943359375,unknown
1713362428.441695,0.249267578125,0.682861328125,0.689697265625,unknown
1713362428.480906,0.25341796875,0.68359375,0.692138671875,unknown
1713362428.519047,0.25,0.681884765625,0.694091796875,unknown
1713362428.558946,0.256103515625,0.68310546875,0.691650390625,unknown
1713362428.598258,0.250732421875,0.68408203125,0.6982421875,unknown
1713362428.6405,0.25341796875,0.68359375,0.69482421875,unknown
1713362428.678853,0.255859375,0.6787109375,0.69482421875,unknown
1713362428.719031,0.2490234375,0.677490234375,0.692138671875,unknown
1713362428.760301,0.253662109375,0.68115234375,0.69287109375,unknown
1713362428.802936,0.249755859375,0.681396484375,0.69775390625,unknown
1713362428.840856,0.2529296875,0.682373046875,0.697998046875,unknown
1713362428.880823,0.25146484375,0.68359375,0.69482421875,unknown
1713362428.919779,0.2548828125,0.68212890625,0.693603515625,unknown
1713362428.960194,0.25048828125,0.6796875,0.696533203125,unknown
1713362429.001944,0.25048828125,0.6845703125,0.696533203125,unknown
1713362429.05419,0.254150390625,0.678955078125,0.695556640625,unknown
1713362429.082014,0.253662109375,0.6796875,0.685546875,unknown
1713362429.122052,0.2548828125,0.68505859375,0.69677734375,unknown
1713362429.160684,0.2509765625,0.685302734375,0.69775390625,unknown
1713362429.201806,0.250244140625,0.68359375,0.69677734375,unknown
1713362429.240342,0.253662109375,0.683349609375,0.69189453125,unknown
1713362429.280143,0.255126953125,0.6826171875,0.6923828125,unknown
1713362429.320996,0.251708984375,0.681396484375,0.6943359375,unknown
1713362429.360912,0.256591796875,0.6845703125,0.6923828125,unknown
1713362429.406727,0.257568359375,0.68212890625,0.690185546875,unknown
1713362429.444416,0.260009765625,0.683837890625,0.696044921875,unknown
1713362429.485714,0.257568359375,0.680419921875,0.6962890625,unknown
1713362429.522984,0.25830078125,0.67578125,0.6943359375,unknown
1713362429.563478,0.25439453125,0.67919921875,0.697509765625,unknown
1713362429.606804,0.255859375,0.68115234375,0.70068359375,unknown
1713362429.6627,0.25341796875,0.677978515625,0.696044921875,unknown
1713362429.683233,0.260009765625,0.68115234375,0.689697265625,unknown
1713362429.723011,0.259033203125,0.68310546875,0.694580078125,unknown
1713362429.767277,0.2578125,0.678955078125,0.694580078125,unknown
1713362429.807224,0.259521484375,0.678466796875,0.692138671875,unknown
1713362429.844606,0.2607421875,0.6787109375,0.695068359375,unknown
1713362429.886125,0.256591796875,0.677734375,0.69482421875,unknown
1713362429.922469,0.2587890625,0.681396484375,0.69189453125,unknown
1713362429.963229,0.259033203125,0.68310546875,0.696044921875,unknown
1713362430.002458,0.2578125,0.68505859375,0.69677734375,unknown
1713362430.055525,0.25830078125,0.680908203125,0.6943359375,unknown
1713362430.082893,0.25048828125,0.67724609375,0.68896484375,unknown
1713362430.12653,0.258544921875,0.677734375,0.6923828125,unknown
1713362430.16905,0.255126953125,0.68115234375,0.6923828125,unknown
1713362430.209012,0.263671875,0.681884765625,0.692138671875,unknown
1713362430.245639,0.254638671875,0.681884765625,0.6904296875,unknown
1713362430.284076,0.260986328125,0.686279296875,0.697998046875,unknown
1713362430.325021,0.255126953125,0.68212890625,0.6904296875,unknown
1713362430.365081,0.256103515625,0.68359375,0.691650390625,unknown
1713362430.404891,0.252685546875,0.68701171875,0.691162109375,unknown
1713362430.446703,0.254638671875,0.6845703125,0.68896484375,unknown
1713362430.483686,0.254638671875,0.6845703125,0.692138671875,unknown
1713362430.524124,0.255859375,0.687255859375,0.689208984375,unknown
1713362430.56467,0.253662109375,0.685302734375,0.690673828125,unknown
1713362430.602758,0.254150390625,0.6845703125,0.694091796875,unknown
1713362430.648843,0.2529296875,0.682373046875,0.69287109375,unknown
1713362430.684328,0.25341796875,0.682861328125,0.695556640625,unknown
1713362430.723626,0.2568359375,0.684326171875,0.69091796875,unknown
1713362430.765047,0.2490234375,0.681640625,0.69189453125,unknown
1713362430.806306,0.253662109375,0.68359375,0.689208984375,unknown
1713362430.849335,0.24951171875,0.682373046875,0.693603515625,unknown
1713362430.886223,0.256103515625,0.68603515625,0.694580078125,unknown
1713362430.926167,0.252685546875,0.68408203125,0.691650390625,unknown
1713362430.974393,0.25732421875,0.68408203125,0.689697265625,unknown
1713362431.011731,0.25390625,0.68212890625,0.695556640625,unknown
1713362431.049912,0.254638671875,0.68310546875,0.6962890625,unknown
1713362431.086745,0.25634765625,0.682373046875,0.692138671875,unknown
1713362431.12631,0.25537109375,0.68115234375,0.689697265625,unknown
1713362431.166497,0.254150390625,0.68359375,0.69189453125,unknown
1713362431.206714,0.256103515625,0.68359375,0.69482421875,unknown
1713362431.244649,0.254150390625,0.684814453125,0.690673828125,unknown
1713362431.287221,0.2509765625,0.685302734375,0.693359375,unknown
1713362431.324734,0.25244140625,0.686279296875,0.6923828125,unknown
1713362431.366082,0.254638671875,0.685791015625,0.68896484375,unknown
1713362431.405682,0.256103515625,0.6845703125,0.690185546875,unknown
1713362431.449091,0.254150390625,0.686767578125,0.692138671875,unknown
1713362431.488416,0.25390625,0.6806640625,0.692138671875,unknown
1713362431.528225,0.257080078125,0.679443359375,0.69091796875,unknown
1713362431.577569,0.251220703125,0.68359375,0.695068359375,unknown
1713362431.613701,0.2548828125,0.6806640625,0.6904296875,unknown
1713362431.646665,0.252197265625,0.685302734375,0.69140625,unknown
1713362431.691236,0.2548828125,0.683837890625,0.6943359375,unknown
1713362431.729245,0.252197265625,0.685546875,0.693359375,unknown
1713362431.767976,0.2548828125,0.682373046875,0.694091796875,unknown
1713362431.806576,0.2548828125,0.68408203125,0.693115234375,unknown
1713362431.846995,0.25537109375,0.675048828125,0.693359375,unknown
1713362431.88724,0.258056640625,0.679931640625,0.695556640625,unknown
1713362431.925581,0.254638671875,0.682861328125,0.698486328125,unknown
1713362431.969742,0.262451171875,0.680419921875,0.69091796875,unknown
1713362432.006711,0.258544921875,0.6826171875,0.694091796875,unknown
1713362432.049643,0.2607421875,0.680419921875,0.69873046875,unknown
1713362432.087577,0.25439453125,0.678955078125,0.694580078125,unknown
1713362432.131344,0.258544921875,0.679931640625,0.693359375,unknown
1713362432.169756,0.252685546875,0.681884765625,0.694580078125,unknown
1713362432.21105,0.25732421875,0.683349609375,0.6953125,unknown
1713362432.248653,0.258544921875,0.677001953125,0.689697265625,unknown
1713362432.292257,0.259521484375,0.678466796875,0.69384765625,unknown
1713362432.330993,0.253173828125,0.68017578125,0.697021484375,unknown
1713362432.370535,0.2626953125,0.678955078125,0.701171875,unknown
1713362432.419886,0.26220703125,0.679443359375,0.6943359375,unknown
1713362432.455909,0.2666015625,0.678466796875,0.6962890625,unknown
1713362432.496434,0.26025390625,0.67822265625,0.695556640625,unknown
1713362432.532971,0.260009765625,0.6767578125,0.688720703125,unknown
1713362432.571078,0.257080078125,0.68115234375,0.69384765625,unknown
1713362432.607691,0.256591796875,0.679443359375,0.69189453125,unknown
1713362432.647614,0.260009765625,0.68310546875,0.6923828125,unknown
1713362432.688504,0.262451171875,0.685546875,0.691650390625,unknown
1713362432.731416,0.26123046875,0.6875,0.696044921875,unknown
1713362432.76855,0.2607421875,0.685546875,0.688720703125,unknown
1713362432.811651,0.25732421875,0.684814453125,0.69873046875,unknown
1713362432.849982,0.2685546875,0.690673828125,0.703125,unknown
1713362432.889547,0.25,0.693603515625,0.71875,unknown
1713362432.932259,0.247314453125,0.7021484375,0.7158203125,unknown
1713362432.974141,0.280029296875,0.706298828125,0.68359375,unknown
1713362433.021962,0.274169921875,0.710205078125,0.6435546875,unknown
1713362433.058751,0.2880859375,0.73876953125,0.62353515625,unknown
1713362433.099247,0.308349609375,0.759521484375,0.59521484375,unknown
1713362433.13556,0.35009765625,0.7607421875,0.570068359375,unknown
1713362433.174383,0.36767578125,0.755126953125,0.552490234375,unknown
1713362433.211115,0.370361328125,0.762451171875,0.54052734375,unknown
1713362433.249242,0.406005859375,0.76806640625,0.532958984375,unknown
1713362433.290908,0.3798828125,0.756103515625,0.522705078125,unknown
1713362433.330448,0.37646484375,0.76806640625,0.501708984375,unknown
1713362433.368626,0.37890625,0.78369140625,0.485107421875,unknown
1713362433.41734,0.370361328125,0.799072265625,0.46826171875,unknown
1713362433.450139,0.39697265625,0.78564453125,0.43701171875,unknown
1713362433.490573,0.372802734375,0.79345703125,0.475341796875,unknown
1713362433.530496,0.34814453125,0.822509765625,0.49267578125,unknown
1713362433.570595,0.35107421875,0.83447265625,0.494873046875,unknown
1713362433.61153,0.38330078125,0.840087890625,0.472900390625,unknown
1713362433.65353,0.4189453125,0.842529296875,0.4375,unknown
1713362433.692447,0.462890625,0.826904296875,0.412109375,unknown
1713362433.735027,0.494873046875,0.80517578125,0.3798828125,unknown
1713362433.774486,0.46630859375,0.79052734375,0.402099609375,unknown
1713362433.813572,0.460205078125,0.75830078125,0.388427734375,unknown
1713362433.864036,0.432373046875,0.76171875,0.40966796875,unknown
1713362433.891657,0.421142578125,0.773193359375,0.438232421875,unknown
1713362433.939098,0.40380859375,0.793701171875,0.452880859375,unknown
1713362433.976579,0.427978515625,0.79345703125,0.458251953125,unknown
1713362434.01519,0.470458984375,0.79296875,0.44677734375,unknown
1713362434.05164,0.47265625,0.755126953125,0.428466796875,unknown
1713362434.093465,0.50732421875,0.7900390625,0.43115234375,unknown
1713362434.131683,0.44287109375,0.708251953125,0.40673828125,unknown
1713362434.175638,0.48681640625,0.73583984375,0.419921875,unknown
1713362434.212567,0.509521484375,0.760986328125,0.4423828125,unknown
1713362434.258067,0.5439453125,0.754150390625,0.438232421875,unknown
1713362434.294615,0.574951171875,0.761962890625,0.409912109375,unknown
1713362434.333576,0.6162109375,0.775390625,0.399169921875,unknown
1713362434.377549,0.59716796875,0.76904296875,0.355224609375,unknown
1713362434.413618,0.61328125,0.753662109375,0.33056640625,unknown
1713362434.45428,0.571533203125,0.726806640625,0.306396484375,unknown
1713362434.493614,0.54931640625,0.739501953125,0.322509765625,unknown
1713362434.543375,0.504638671875,0.71484375,0.322509765625,unknown
1713362434.571713,0.543212890625,0.73095703125,0.29931640625,unknown
1713362434.614771,0.580322265625,0.7578125,0.3095703125,unknown
1713362434.655597,0.613037109375,0.77685546875,0.305419921875,unknown
1713362434.699097,0.64794921875,0.790283203125,0.2841796875,unknown
1713362434.732778,0.6533203125,0.772705078125,0.281005859375,unknown
1713362434.77338,0.61962890625,0.732177734375,0.295166015625,unknown
1713362434.816867,0.60205078125,0.723388671875,0.2958984375,unknown
1713362434.854987,0.59619140625,0.720458984375,0.30029296875,unknown
1713362434.893849,0.609375,0.72021484375,0.299072265625,unknown
1713362434.934827,0.5771484375,0.724853515625,0.353515625,unknown
1713362434.97526,0.513671875,0.718994140625,0.404541015625,unknown
1713362435.01676,0.526611328125,0.731201171875,0.390869140625,unknown
1713362435.055566,0.58203125,0.766845703125,0.3974609375,unknown
1713362435.096048,0.57373046875,0.753173828125,0.38232421875,unknown
1713362435.141882,0.572021484375,0.7421875,0.389404296875,unknown
1713362435.173596,0.563232421875,0.746826171875,0.378662109375,unknown
1713362435.212447,0.578369140625,0.73876953125,0.359619140625,unknown
1713362435.253415,0.5986328125,0.733642578125,0.361572265625,unknown
1713362435.293666,0.599365234375,0.73388671875,0.37548828125,unknown
1713362435.336301,0.550048828125,0.720458984375,0.38671875,unknown
1713362435.37598,0.55712890625,0.728271484375,0.39404296875,unknown
1713362435.415785,0.545654296875,0.743408203125,0.3935546875,unknown
1713362435.466868,0.550048828125,0.74609375,0.39404296875,unknown
1713362435.494479,0.5517578125,0.7275390625,0.381591796875,unknown
1713362435.535477,0.558837890625,0.7294921875,0.380126953125,unknown
1713362435.578716,0.555908203125,0.735595703125,0.379638671875,unknown
1713362435.617822,0.5234375,0.73876953125,0.385498046875,unknown
1713362435.6555,0.531494140625,0.73193359375,0.3740234375,unknown
1713362435.699496,0.516845703125,0.73974609375,0.3818359375,unknown
1713362435.737085,0.549072265625,0.741943359375,0.344970703125,unknown
1713362435.775489,0.56787109375,0.784423828125,0.349365234375,unknown
1713362435.815613,0.573974609375,0.804443359375,0.330322265625,unknown
1713362435.855106,0.610107421875,0.83447265625,0.314697265625,unknown
1713362435.89356,0.615966796875,0.810546875,0.285888671875,unknown
1713362435.934969,0.620849609375,0.775146484375,0.259765625,unknown
1713362435.974583,0.613525390625,0.742431640625,0.27001953125,unknown
1713362436.017032,0.622314453125,0.747314453125,0.27783203125,unknown
1713362436.056693,0.62890625,0.783203125,0.3037109375,unknown
1713362436.095416,0.655029296875,0.769775390625,0.316650390625,unknown
1713362436.141158,0.62939453125,0.70361328125,0.256103515625,unknown
1713362436.176427,0.636962890625,0.699951171875,0.2802734375,unknown
1713362436.216857,0.606201171875,0.70947265625,0.302001953125,unknown
1713362436.256423,0.630859375,0.734619140625,0.292236328125,unknown
1713362436.298202,0.60888671875,0.733154296875,0.301513671875,unknown
1713362436.342181,0.566650390625,0.74169921875,0.3310546875,unknown
1713362436.380211,0.58056640625,0.74755859375,0.33837890625,unknown
1713362436.418426,0.594482421875,0.76904296875,0.3369140625,unknown
1713362436.456579,0.58837890625,0.765869140625,0.302490234375,unknown
1713362436.497061,0.611328125,0.7724609375,0.301513671875,unknown
1713362436.535002,0.609130859375,0.735107421875,0.298828125,unknown
1713362436.576234,0.5556640625,0.747802734375,0.311767578125,unknown
1713362436.617278,0.558837890625,0.7724609375,0.32080078125,unknown
1713362436.655594,0.5673828125,0.811767578125,0.323974609375,unknown
1713362436.696406,0.580322265625,0.76904296875,0.29150390625,unknown
1713362436.736573,0.612060546875,0.74658203125,0.271484375,unknown
1713362436.775628,0.578857421875,0.734375,0.296875,unknown
1713362436.819491,0.576904296875,0.75341796875,0.298828125,unknown
1713362436.856637,0.612548828125,0.816162109375,0.298828125,unknown
1713362436.910383,0.59130859375,0.80712890625,0.292724609375,unknown
1713362436.938044,0.61376953125,0.763671875,0.306884765625,unknown
1713362436.983575,0.6142578125,0.725341796875,0.3525390625,unknown
1713362437.022805,0.607421875,0.67333984375,0.388671875,unknown
1713362437.061757,0.57763671875,0.662109375,0.414306640625,unknown
1713362437.098945,0.59521484375,0.67626953125,0.402099609375,unknown
1713362437.138528,0.592529296875,0.698486328125,0.3720703125,unknown
1713362437.176748,0.604736328125,0.734375,0.36279296875,unknown
1713362437.218635,0.617919921875,0.751953125,0.345458984375,unknown
1713362437.263045,0.62548828125,0.732177734375,0.342529296875,unknown
1713362437.296951,0.59423828125,0.70458984375,0.36962890625,unknown
1713362437.337127,0.59912109375,0.698974609375,0.37646484375,unknown
1713362437.377481,0.59912109375,0.7138671875,0.3876953125,unknown
1713362437.416699,0.597412109375,0.712890625,0.373779296875,unknown
1713362437.457766,0.590576171875,0.72314453125,0.3671875,unknown
1713362437.497412,0.607177734375,0.7314453125,0.342041015625,unknown
1713362437.539626,0.614990234375,0.744140625,0.343017578125,unknown
1713362437.579616,0.6103515625,0.7353515625,0.351318359375,unknown
1713362437.621054,0.58740234375,0.725830078125,0.361572265625,unknown
1713362437.687115,0.59912109375,0.73095703125,0.348388671875,unknown
1713362437.713797,0.613037109375,0.724365234375,0.33984375,unknown
1713362437.740793,0.603271484375,0.70947265625,0.341552734375,unknown
1713362437.778549,0.5966796875,0.722900390625,0.362060546875,unknown
1713362437.818464,0.581298828125,0.7373046875,0.359375,unknown
1713362437.85805,0.587890625,0.760986328125,0.350341796875,unknown
1713362437.898568,0.59814453125,0.765380859375,0.33935546875,unknown
1713362437.937429,0.586669921875,0.751953125,0.32080078125,unknown
1713362437.97735,0.581787109375,0.748291015625,0.31396484375,unknown
1713362438.018605,0.58935546875,0.75341796875,0.321533203125,unknown
1713362438.058414,0.58349609375,0.750244140625,0.339599609375,unknown
1713362438.097388,0.5673828125,0.73681640625,0.36767578125,unknown
1713362438.138568,0.56884765625,0.743896484375,0.394287109375,unknown
1713362438.178561,0.57177734375,0.736083984375,0.388671875,unknown
1713362438.221303,0.5654296875,0.7412109375,0.38818359375,unknown
1713362438.259562,0.56787109375,0.744873046875,0.373779296875,unknown
1713362438.300099,0.57080078125,0.7451171875,0.36181640625,unknown
1713362438.340965,0.589599609375,0.74951171875,0.364013671875,unknown
1713362438.378933,0.566650390625,0.747314453125,0.37158203125,unknown
1713362438.417838,0.58203125,0.7490234375,0.37744140625,unknown
1713362438.457493,0.56201171875,0.741455078125,0.3876953125,unknown
1713362438.497205,0.556396484375,0.739013671875,0.389892578125,unknown
