ts,x_ear,y_ear,z_ear,label
1713973355.779594,-0.23876953125,-0.468017578125,-0.850830078125,unknown
1713973355.812047,-0.237060546875,-0.466064453125,-0.849853515625,unknown
1713973355.852985,-0.237548828125,-0.464599609375,-0.850830078125,unknown
1713973355.896117,-0.23974609375,-0.466552734375,-0.8515625,unknown
1713973355.93405,-0.239013671875,-0.465576171875,-0.8505859375,unknown
1713973355.97393,-0.239501953125,-0.465576171875,-0.848876953125,unknown
1713973356.016453,-0.2412109375,-0.464599609375,-0.847900390625,unknown
1713973356.081646,-0.238525390625,-0.4658203125,-0.8505859375,unknown
1713973356.1502,-0.238525390625,-0.467041015625,-0.849853515625,unknown
1713973356.164567,-0.2373046875,-0.466796875,-0.8486328125,unknown
1713973356.178862,-0.23779296875,-0.462158203125,-0.85009765625,unknown
1713973356.271404,-0.236572265625,-0.4638671875,-0.85205078125,unknown
1713973356.272272,-0.236083984375,-0.46533203125,-0.848876953125,unknown
1713973356.293686,-0.24072265625,-0.4638671875,-0.850341796875,unknown
1713973356.335478,-0.239501953125,-0.46240234375,-0.84814453125,unknown
1713973356.371628,-0.2392578125,-0.466552734375,-0.849853515625,unknown
1713973356.413134,-0.235595703125,-0.464111328125,-0.849853515625,unknown
1713973356.452769,-0.237060546875,-0.466796875,-0.8505859375,unknown
1713973356.493714,-0.236328125,-0.46484375,-0.851806640625,unknown
1713973356.53771,-0.237548828125,-0.46435546875,-0.8515625,unknown
1713973356.57368,-0.239501953125,-0.46484375,-0.852783203125,unknown
1713973356.616079,-0.23876953125,-0.464599609375,-0.851318359375,unknown
1713973356.655116,-0.236328125,-0.464111328125,-0.85302734375,unknown
1713973356.694879,-0.235595703125,-0.464111328125,-0.8505859375,unknown
1713973356.736787,-0.239501953125,-0.463623046875,-0.851318359375,unknown
1713973356.780068,-0.23876953125,-0.46533203125,-0.849609375,unknown
1713973356.81656,-0.2373046875,-0.466064453125,-0.8505859375,unknown
1713973356.856919,-0.240234375,-0.463623046875,-0.85107421875,unknown
1713973356.895266,-0.23828125,-0.46630859375,-0.85009765625,unknown
1713973356.935503,-0.239013671875,-0.4658203125,-0.849365234375,unknown
1713973356.98028,-0.238525390625,-0.46484375,-0.849853515625,unknown
1713973357.01959,-0.237548828125,-0.464111328125,-0.848388671875,unknown
1713973357.055155,-0.23876953125,-0.4638671875,-0.849365234375,unknown
1713973357.097043,-0.23876953125,-0.467041015625,-0.849365234375,unknown
1713973357.135115,-0.235595703125,-0.46435546875,-0.851318359375,unknown
1713973357.17531,-0.23583984375,-0.465087890625,-0.850341796875,unknown
1713973357.215007,-0.238525390625,-0.4638671875,-0.848876953125,unknown
1713973357.254705,-0.23974609375,-0.467041015625,-0.8525390625,unknown
1713973357.296677,-0.236328125,-0.462890625,-0.8505859375,unknown
1713973357.336574,-0.2392578125,-0.46630859375,-0.849853515625,unknown
1713973357.376591,-0.239501953125,-0.46435546875,-0.85205078125,unknown
1713973357.418336,-0.23828125,-0.465576171875,-0.850341796875,unknown
1713973357.457976,-0.23974609375,-0.4658203125,-0.848876953125,unknown
1713973357.497628,-0.238037109375,-0.46484375,-0.849365234375,unknown
1713973357.538173,-0.23974609375,-0.46337890625,-0.84912109375,unknown
1713973357.576729,-0.23583984375,-0.462890625,-0.85107421875,unknown
1713973357.615907,-0.238525390625,-0.466064453125,-0.850341796875,unknown
1713973357.656651,-0.238525390625,-0.46533203125,-0.849609375,unknown
1713973357.697026,-0.23681640625,-0.46484375,-0.851318359375,unknown
1713973357.738579,-0.240234375,-0.462890625,-0.8515625,unknown
1713973357.780678,-0.238525390625,-0.463623046875,-0.8515625,unknown
1713973357.822534,-0.23876953125,-0.464599609375,-0.850830078125,unknown
1713973357.864312,-0.2392578125,-0.464111328125,-0.851806640625,unknown
1713973357.904997,-0.239990234375,-0.465087890625,-0.849609375,unknown
1713973357.939691,-0.238525390625,-0.462890625,-0.85107421875,unknown
1713973357.978213,-0.236328125,-0.464111328125,-0.851318359375,unknown
1713973358.016832,-0.23876953125,-0.463134765625,-0.8515625,unknown
1713973358.058784,-0.237060546875,-0.465576171875,-0.850341796875,unknown
1713973358.098829,-0.23828125,-0.4677734375,-0.84814453125,unknown
1713973358.144988,-0.2373046875,-0.464111328125,-0.848388671875,unknown
1713973358.179196,-0.239990234375,-0.46337890625,-0.850341796875,unknown
1713973358.217681,-0.237060546875,-0.463623046875,-0.85107421875,unknown
1713973358.25699,-0.238525390625,-0.46435546875,-0.84765625,unknown
1713973358.297456,-0.23876953125,-0.46435546875,-0.84814453125,unknown
1713973358.337693,-0.240234375,-0.46435546875,-0.849609375,unknown
1713973358.379794,-0.23974609375,-0.46826171875,-0.84814453125,unknown
1713973358.419083,-0.23828125,-0.466552734375,-0.853515625,unknown
1713973358.457087,-0.238525390625,-0.46484375,-0.850341796875,unknown
1713973358.508548,-0.239501953125,-0.465576171875,-0.851318359375,unknown
1713973358.544475,-0.237548828125,-0.4658203125,-0.8486328125,unknown
1713973358.583798,-0.23876953125,-0.467529296875,-0.84814453125,unknown
1713973358.623416,-0.2392578125,-0.465576171875,-0.8515625,unknown
1713973358.662101,-0.237548828125,-0.466064453125,-0.850830078125,unknown
1713973358.698887,-0.237060546875,-0.468017578125,-0.850830078125,unknown
1713973358.739723,-0.23828125,-0.465576171875,-0.8515625,unknown
1713973358.778708,-0.2373046875,-0.462890625,-0.850830078125,unknown
1713973358.820421,-0.237060546875,-0.467041015625,-0.852294921875,unknown
1713973358.858976,-0.23779296875,-0.466064453125,-0.8505859375,unknown
1713973358.901836,-0.239013671875,-0.466064453125,-0.8466796875,unknown
1713973358.938061,-0.23779296875,-0.4658203125,-0.8525390625,unknown
1713973358.980469,-0.240478515625,-0.4677734375,-0.850830078125,unknown
1713973359.01661,-0.23779296875,-0.46337890625,-0.84912109375,unknown
1713973359.061751,-0.236572265625,-0.46484375,-0.8515625,unknown
1713973359.098557,-0.237548828125,-0.4658203125,-0.849609375,unknown
1713973359.141698,-0.239013671875,-0.467529296875,-0.8505859375,unknown
1713973359.179441,-0.23681640625,-0.46484375,-0.8505859375,unknown
1713973359.219946,-0.240478515625,-0.466064453125,-0.85009765625,unknown
1713973359.258772,-0.237060546875,-0.46484375,-0.849365234375,unknown
1713973359.300201,-0.238525390625,-0.46240234375,-0.848876953125,unknown
1713973359.340345,-0.239501953125,-0.46435546875,-0.850341796875,unknown
1713973359.380652,-0.23974609375,-0.466552734375,-0.8515625,unknown
1713973359.420571,-0.23583984375,-0.466552734375,-0.850830078125,unknown
1713973359.460654,-0.237060546875,-0.464599609375,-0.85205078125,unknown
1713973359.500971,-0.23779296875,-0.4619140625,-0.85009765625,unknown
1713973359.540127,-0.237548828125,-0.464111328125,-0.852294921875,unknown
1713973359.577667,-0.239501953125,-0.466552734375,-0.848876953125,unknown
1713973359.62055,-0.239990234375,-0.466796875,-0.8515625,unknown
1713973359.659731,-0.23779296875,-0.463134765625,-0.8515625,unknown
1713973359.700066,-0.23876953125,-0.464111328125,-0.8486328125,unknown
1713973359.74132,-0.23779296875,-0.462646484375,-0.851806640625,unknown
1713973359.781675,-0.239990234375,-0.463623046875,-0.850341796875,unknown
1713973359.821274,-0.23876953125,-0.466064453125,-0.85107421875,unknown
1713973359.863163,-0.23876953125,-0.46435546875,-0.849365234375,unknown
1713973359.906781,-0.2373046875,-0.465087890625,-0.849853515625,unknown
1713973359.946951,-0.23876953125,-0.463623046875,-0.849853515625,unknown
1713973359.983691,-0.237060546875,-0.463623046875,-0.850830078125,unknown
1713973360.020128,-0.240234375,-0.46337890625,-0.849365234375,unknown
1713973360.060864,-0.238525390625,-0.46484375,-0.851318359375,unknown
1713973360.101256,-0.239013671875,-0.465087890625,-0.853271484375,unknown
1713973360.142423,-0.239013671875,-0.46240234375,-0.849365234375,unknown
1713973360.180568,-0.23681640625,-0.465576171875,-0.85107421875,unknown
1713973360.218998,-0.237548828125,-0.464111328125,-0.85205078125,unknown
1713973360.258847,-0.240478515625,-0.46435546875,-0.85009765625,unknown
1713973360.302646,-0.236328125,-0.4638671875,-0.850830078125,unknown
1713973360.338871,-0.23779296875,-0.467529296875,-0.85009765625,unknown
1713973360.388699,-0.237060546875,-0.465087890625,-0.85009765625,unknown
1713973360.423856,-0.237060546875,-0.465087890625,-0.851318359375,unknown
1713973360.460871,-0.23974609375,-0.464111328125,-0.85107421875,unknown
1713973360.506512,-0.236328125,-0.466064453125,-0.84765625,unknown
1713973360.545792,-0.23876953125,-0.464599609375,-0.850341796875,unknown
1713973360.58058,-0.237548828125,-0.465576171875,-0.849853515625,unknown
1713973360.621496,-0.23828125,-0.463623046875,-0.849365234375,unknown
1713973360.661734,-0.23876953125,-0.467529296875,-0.8505859375,unknown
1713973360.701666,-0.23828125,-0.46630859375,-0.8486328125,unknown
1713973360.742956,-0.238037109375,-0.462890625,-0.85009765625,unknown
1713973360.78359,-0.23779296875,-0.46337890625,-0.85107421875,unknown
1713973360.822819,-0.23876953125,-0.466796875,-0.850341796875,unknown
1713973360.860849,-0.239990234375,-0.464599609375,-0.8525390625,unknown
1713973360.905088,-0.237060546875,-0.46630859375,-0.849853515625,unknown
1713973360.94239,-0.2392578125,-0.462158203125,-0.850341796875,unknown
1713973360.980377,-0.23779296875,-0.464111328125,-0.852783203125,unknown
1713973361.020978,-0.237548828125,-0.465087890625,-0.85107421875,unknown
1713973361.070442,-0.239501953125,-0.46630859375,-0.849609375,unknown
1713973361.110896,-0.23876953125,-0.464111328125,-0.849853515625,unknown
1713973361.152225,-0.239501953125,-0.464599609375,-0.851806640625,unknown
1713973361.181688,-0.239501953125,-0.465087890625,-0.850341796875,unknown
1713973361.229275,-0.237060546875,-0.46435546875,-0.851318359375,unknown
1713973361.267512,-0.23779296875,-0.4677734375,-0.850341796875,unknown
1713973361.305466,-0.239013671875,-0.46435546875,-0.85009765625,unknown
1713973361.341692,-0.23583984375,-0.464111328125,-0.849609375,unknown
1713973361.382688,-0.237548828125,-0.464599609375,-0.84912109375,unknown
1713973361.423247,-0.2373046875,-0.46484375,-0.849609375,unknown
1713973361.462718,-0.2392578125,-0.464599609375,-0.8505859375,unknown
1713973361.502338,-0.238037109375,-0.467041015625,-0.8505859375,unknown
1713973361.542462,-0.23779296875,-0.464111328125,-0.8505859375,unknown
1713973361.581059,-0.23828125,-0.464599609375,-0.8515625,unknown
1713973361.621164,-0.237060546875,-0.466796875,-0.85107421875,unknown
1713973361.660807,-0.23876953125,-0.467529296875,-0.851806640625,unknown
1713973361.706952,-0.23828125,-0.4638671875,-0.84912109375,unknown
1713973361.742322,-0.23876953125,-0.465087890625,-0.848876953125,unknown
1713973361.782133,-0.238037109375,-0.46337890625,-0.8505859375,unknown
1713973361.821689,-0.23876953125,-0.464599609375,-0.850341796875,unknown
1713973361.861753,-0.239990234375,-0.463623046875,-0.849609375,unknown
1713973361.906679,-0.23779296875,-0.465087890625,-0.848876953125,unknown
1713973361.944785,-0.236083984375,-0.46484375,-0.850341796875,unknown
1713973361.984819,-0.239501953125,-0.465087890625,-0.851318359375,unknown
1713973362.024878,-0.238525390625,-0.4658203125,-0.849853515625,unknown
1713973362.077119,-0.2373046875,-0.46533203125,-0.84814453125,unknown
1713973362.10678,-0.23974609375,-0.46630859375,-0.8515625,unknown
1713973362.152296,-0.239013671875,-0.465576171875,-0.849853515625,unknown
1713973362.183005,-0.239013671875,-0.464599609375,-0.849853515625,unknown
1713973362.222843,-0.23828125,-0.463623046875,-0.8486328125,unknown
1713973362.261179,-0.23828125,-0.465576171875,-0.850341796875,unknown
1713973362.300842,-0.23876953125,-0.465576171875,-0.850341796875,unknown
1713973362.342399,-0.240234375,-0.464111328125,-0.8515625,unknown
1713973362.394801,-0.239501953125,-0.46484375,-0.8515625,unknown
1713973362.423322,-0.2392578125,-0.466796875,-0.849609375,unknown
1713973362.461831,-0.237548828125,-0.4638671875,-0.850341796875,unknown
1713973362.502956,-0.237548828125,-0.468017578125,-0.851318359375,unknown
1713973362.542104,-0.236572265625,-0.464599609375,-0.851806640625,unknown
1713973362.58416,-0.238037109375,-0.464599609375,-0.848388671875,unknown
1713973362.622678,-0.239990234375,-0.464599609375,-0.848876953125,unknown
1713973362.663698,-0.23828125,-0.468994140625,-0.851806640625,unknown
1713973362.704205,-0.2373046875,-0.465576171875,-0.850341796875,unknown
1713973362.745008,-0.2392578125,-0.4677734375,-0.8515625,unknown
1713973362.782676,-0.237548828125,-0.466064453125,-0.850830078125,unknown
1713973362.822944,-0.23779296875,-0.46630859375,-0.849609375,unknown
1713973362.862501,-0.23876953125,-0.463134765625,-0.850830078125,unknown
1713973362.903156,-0.236572265625,-0.46728515625,-0.85009765625,unknown
1713973362.942982,-0.238525390625,-0.46484375,-0.849853515625,unknown
1713973362.982935,-0.237060546875,-0.4658203125,-0.849365234375,unknown
1713973363.024941,-0.239990234375,-0.466064453125,-0.851806640625,unknown
1713973363.065193,-0.239990234375,-0.466796875,-0.8486328125,unknown
1713973363.104245,-0.23779296875,-0.464599609375,-0.850341796875,unknown
1713973363.146168,-0.236328125,-0.466064453125,-0.84814453125,unknown
1713973363.185343,-0.238037109375,-0.46533203125,-0.849853515625,unknown
1713973363.225607,-0.2392578125,-0.4658203125,-0.849609375,unknown
1713973363.267221,-0.23779296875,-0.46630859375,-0.85009765625,unknown
1713973363.30731,-0.2353515625,-0.4638671875,-0.85009765625,unknown
1713973363.346899,-0.236572265625,-0.467041015625,-0.85009765625,unknown
1713973363.387388,-0.23583984375,-0.46435546875,-0.850341796875,unknown
1713973363.427547,-0.237548828125,-0.4658203125,-0.8515625,unknown
1713973363.468283,-0.24169921875,-0.46630859375,-0.849365234375,unknown
1713973363.507599,-0.23974609375,-0.462890625,-0.851806640625,unknown
1713973363.548922,-0.239013671875,-0.46337890625,-0.850830078125,unknown
1713973363.588969,-0.23828125,-0.466552734375,-0.851806640625,unknown
1713973363.625261,-0.23974609375,-0.465576171875,-0.849609375,unknown
1713973363.669339,-0.238525390625,-0.467529296875,-0.85205078125,unknown
1713973363.711255,-0.239501953125,-0.465576171875,-0.8515625,unknown
1713973363.745019,-0.24072265625,-0.463134765625,-0.850341796875,unknown
1713973363.796133,-0.238037109375,-0.4658203125,-0.849853515625,unknown
1713973363.827622,-0.237060546875,-0.46484375,-0.851318359375,unknown
1713973363.879445,-0.238525390625,-0.4638671875,-0.850341796875,unknown
1713973363.908071,-0.23876953125,-0.46630859375,-0.85009765625,unknown
1713973363.948058,-0.239501953125,-0.4638671875,-0.85205078125,unknown
1713973363.987947,-0.236328125,-0.4658203125,-0.851806640625,unknown
1713973364.02848,-0.2373046875,-0.46630859375,-0.851318359375,unknown
1713973364.068142,-0.240478515625,-0.464111328125,-0.8505859375,unknown
1713973364.10579,-0.240478515625,-0.466552734375,-0.850341796875,unknown
1713973364.147762,-0.10205078125,-0.184326171875,-0.702392578125,unknown
1713973364.18543,0.4775390625,-0.66748046875,0.2353515625,unknown
1713973364.227487,-1.91064453125,-0.40283203125,-1.614990234375,unknown
1713973364.268776,-0.67529296875,-0.397705078125,-1.117431640625,unknown
1713973364.312368,-0.175537109375,-0.280029296875,-1.6513671875,unknown
1713973364.350284,-0.156982421875,0.212646484375,-0.8857421875,unknown
1713973364.385792,0.288818359375,0.038818359375,-1.055908203125,unknown
1713973364.426492,0.2734375,0.052978515625,-1.25048828125,unknown
1713973364.466833,0.09228515625,0.117919921875,-1.1552734375,unknown
1713973364.507139,0.75732421875,-0.179443359375,-1.117919921875,unknown
1713973364.547463,0.394287109375,0.08447265625,-0.64306640625,unknown
1713973364.590345,0.85986328125,0.1279296875,-0.624755859375,unknown
1713973364.62849,0.6884765625,0.10400390625,-0.306640625,unknown
1713973364.668598,0.791259765625,0.18798828125,-0.355712890625,unknown
1713973364.715363,0.779296875,0.269287109375,0.081787109375,unknown
1713973364.751227,0.703369140625,0.509033203125,-0.193359375,unknown
1713973364.789166,0.560302734375,0.5927734375,-0.0380859375,unknown
1713973364.829231,0.70849609375,0.764892578125,-0.11181640625,unknown
1713973364.867142,0.502685546875,0.748779296875,0.290771484375,unknown
1713973364.909288,0.786865234375,0.547119140625,0.242919921875,unknown
1713973364.949527,0.3056640625,0.771484375,0.325927734375,unknown
1713973364.988082,0.813720703125,0.844970703125,-0.031494140625,unknown
1713973365.031206,0.880126953125,0.327392578125,0.057861328125,unknown
1713973365.069434,1.561767578125,0.838134765625,0.613037109375,unknown
1713973365.116984,0.159912109375,0.94775390625,-0.625244140625,unknown
1713973365.153043,0.187744140625,0.66064453125,-0.5078125,unknown
1713973365.189483,0.364990234375,0.9228515625,1.07080078125,unknown
1713973365.231981,0.453857421875,0.7509765625,0.12890625,unknown
1713973365.269921,0.319091796875,0.845703125,0.057861328125,unknown
1713973365.310137,0.26953125,0.808349609375,0.129638671875,unknown
1713973365.35238,0.192626953125,0.8857421875,0.0263671875,unknown
1713973365.392714,-0.088134765625,0.8388671875,0.069091796875,unknown
1713973365.428694,0.61083984375,0.7236328125,0.3125,unknown
1713973365.47027,0.039306640625,0.77099609375,0.72216796875,unknown
1713973365.50771,0.146728515625,0.788818359375,0.509033203125,unknown
1713973365.546716,0.109619140625,0.692626953125,0.88623046875,unknown
1713973365.588638,0.03125,0.775634765625,0.567626953125,unknown
1713973365.630795,0.3095703125,0.722900390625,0.626953125,unknown
1713973365.668626,0.447265625,0.527587890625,0.796142578125,unknown
1713973365.708494,0.253173828125,0.712646484375,0.62744140625,unknown
1713973365.752526,-0.245361328125,0.451416015625,0.181640625,unknown
1713973365.791447,0.151611328125,0.76025390625,0.575927734375,unknown
1713973365.830237,0.24951171875,0.704833984375,0.66064453125,unknown
1713973365.868719,0.238525390625,0.697998046875,0.564697265625,unknown
1713973365.922021,0.07861328125,0.739990234375,0.56982421875,unknown
1713973365.949334,0.463623046875,0.637939453125,0.787841796875,unknown
1713973365.998971,0.007080078125,0.74755859375,0.758544921875,unknown
1713973366.035987,0.333740234375,0.5654296875,0.720947265625,unknown
1713973366.074557,0.617431640625,0.669677734375,0.46630859375,unknown
1713973366.113509,0.647705078125,0.5498046875,0.538818359375,unknown
1713973366.149261,0.77880859375,0.508056640625,0.52099609375,unknown
1713973366.191893,0.837646484375,0.405517578125,0.572509765625,unknown
1713973366.231284,0.805908203125,0.510009765625,0.560791015625,unknown
1713973366.269492,0.837890625,0.464599609375,0.457763671875,unknown
1713973366.312519,0.820556640625,0.47705078125,0.615234375,unknown
1713973366.349703,0.86767578125,0.33642578125,0.626953125,unknown
1713973366.389082,0.8193359375,0.3408203125,0.529296875,unknown
1713973366.428784,0.908203125,0.26318359375,0.302734375,unknown
1713973366.476462,0.919189453125,0.14599609375,0.084716796875,unknown
1713973366.514841,0.8681640625,0.328857421875,0.193359375,unknown
1713973366.550313,0.95947265625,0.197021484375,0.259033203125,unknown
1713973366.592038,0.9423828125,0.239990234375,0.02197265625,unknown
1713973366.631576,0.936279296875,0.115966796875,0.0546875,unknown
1713973366.670761,0.9541015625,0.0947265625,0.082763671875,unknown
1713973366.709284,0.98583984375,0.068115234375,0.0498046875,unknown
1713973366.749894,1.0078125,-0.02001953125,0.036865234375,unknown
1713973366.791674,0.9443359375,0.0517578125,0.074951171875,unknown
1713973366.832021,0.932373046875,0.09716796875,0.216552734375,unknown
1713973366.875039,0.88623046875,0.13720703125,0.197021484375,unknown
1713973366.915431,0.93408203125,0.05859375,0.24560546875,unknown
1713973366.954877,1.0771484375,-0.07421875,0.343017578125,unknown
1713973366.989964,1.005615234375,-0.013916015625,0.3251953125,unknown
1713973367.034933,0.964599609375,0.042724609375,0.327880859375,unknown
1713973367.067791,0.870361328125,0.1201171875,0.300537109375,unknown
1713973367.108766,0.89111328125,0.028564453125,0.483642578125,unknown
1713973367.150057,1.005859375,-0.08056640625,0.29736328125,unknown
1713973367.192695,0.842529296875,-0.02587890625,0.348876953125,unknown
1713973367.232581,1.04345703125,-0.19091796875,0.367431640625,unknown
1713973367.275324,0.998779296875,-0.208251953125,0.529296875,unknown
1713973367.310616,0.88427734375,-0.151611328125,0.250732421875,unknown
1713973367.349923,0.96923828125,-0.1142578125,0.332275390625,unknown
1713973367.390073,0.94921875,-0.133056640625,0.42919921875,unknown
1713973367.429738,0.933837890625,-0.1328125,0.31640625,unknown
1713973367.469146,0.978271484375,-0.16015625,0.306396484375,unknown
1713973367.507736,1.009521484375,-0.131103515625,0.288330078125,unknown
1713973367.548997,0.994384765625,-0.1142578125,0.21533203125,unknown
1713973367.589674,0.930908203125,-0.150146484375,0.25634765625,unknown
1713973367.630257,0.96337890625,-0.11669921875,0.3349609375,unknown
1713973367.674335,0.978759765625,-0.13427734375,0.41357421875,unknown
1713973367.714979,0.880615234375,0.0,0.4189453125,unknown
1713973367.753681,0.9287109375,-0.031494140625,0.37255859375,unknown
1713973367.795739,0.927490234375,-0.03271484375,0.35498046875,unknown
1713973367.830506,0.9609375,-0.03662109375,0.264892578125,unknown
1713973367.871043,0.9677734375,-0.017578125,0.341064453125,unknown
1713973367.914256,0.866943359375,-0.061279296875,0.1845703125,unknown
1713973367.950735,0.968505859375,-0.007080078125,0.25146484375,unknown
1713973367.993787,1.000244140625,-0.016845703125,0.172119140625,unknown
1713973368.034429,0.991943359375,-0.001220703125,0.150146484375,unknown
1713973368.079293,0.992431640625,-0.014404296875,0.170166015625,unknown
1713973368.109608,0.975341796875,0.042236328125,0.21435546875,unknown
1713973368.149314,0.975341796875,0.024658203125,0.20703125,unknown
1713973368.190863,0.930908203125,0.035888671875,0.199462890625,unknown
1713973368.233283,0.946533203125,0.060302734375,0.202880859375,unknown
1713973368.274885,0.979736328125,0.03076171875,0.191650390625,unknown
1713973368.313611,0.99462890625,0.0849609375,0.157470703125,unknown
1713973368.351158,1.029296875,0.049560546875,0.1240234375,unknown
1713973368.397352,0.950439453125,0.052001953125,0.16455078125,unknown
1713973368.440365,0.987548828125,0.04150390625,0.253662109375,unknown
1713973368.477532,0.876220703125,0.14208984375,0.453857421875,unknown
1713973368.519516,0.809326171875,0.21240234375,0.49169921875,unknown
1713973368.558228,0.793212890625,0.17919921875,0.5029296875,unknown
1713973368.600031,0.78271484375,0.274169921875,0.5439453125,unknown
1713973368.638876,0.89306640625,0.246337890625,0.51123046875,unknown
1713973368.674218,0.86865234375,0.2041015625,0.543212890625,unknown
1713973368.717031,0.836669921875,0.264404296875,0.3759765625,unknown
1713973368.759119,0.969970703125,0.00732421875,0.437255859375,unknown
1713973368.79684,0.9140625,0.0322265625,0.4912109375,unknown
1713973368.834468,0.79833984375,0.134033203125,0.380615234375,unknown
1713973368.86987,0.907958984375,-0.00732421875,0.551513671875,unknown
1713973368.909845,0.8974609375,0.080810546875,0.437255859375,unknown
1713973368.949914,0.797607421875,0.072509765625,0.548828125,unknown
1713973368.996592,0.731201171875,0.08740234375,0.7353515625,unknown
1713973369.035267,0.760986328125,0.14697265625,0.56982421875,unknown
1713973369.076368,0.771240234375,0.106689453125,0.526123046875,unknown
1713973369.114674,0.805419921875,0.03515625,0.5517578125,unknown
1713973369.156781,0.779541015625,-0.09912109375,0.71484375,unknown
1713973369.194797,0.9033203125,-0.0673828125,0.53564453125,unknown
1713973369.236408,0.883544921875,-0.075927734375,0.57568359375,unknown
1713973369.275005,0.8330078125,-0.05517578125,0.54443359375,unknown
1713973369.316256,0.766357421875,-0.111328125,0.7060546875,unknown
1713973369.355518,0.67724609375,0.010986328125,0.670166015625,unknown
1713973369.390153,0.711181640625,-0.001708984375,0.708984375,unknown
1713973369.429053,0.45703125,0.146240234375,0.785400390625,unknown
1713973369.469625,0.3642578125,0.12451171875,0.94189453125,unknown
1713973369.509982,0.181640625,0.2392578125,0.91748046875,unknown
1713973369.550193,0.175537109375,0.26123046875,0.98193359375,unknown
1713973369.593006,0.3046875,0.27392578125,0.91259765625,unknown
1713973369.63234,0.42138671875,0.224609375,0.936279296875,unknown
1713973369.675562,0.530029296875,0.26123046875,0.829345703125,unknown
1713973369.709747,0.5078125,0.233642578125,0.845458984375,unknown
1713973369.751136,0.54443359375,0.262939453125,0.830322265625,unknown
1713973369.790911,0.50537109375,0.274658203125,0.82373046875,unknown
1713973369.832749,0.5400390625,0.272705078125,0.81494140625,unknown
1713973369.871773,0.4892578125,0.327880859375,0.818115234375,unknown
1713973369.918055,0.56591796875,0.30810546875,0.7978515625,unknown
1713973369.953891,0.50439453125,0.345703125,0.78466796875,unknown
1713973369.989759,0.538330078125,0.298095703125,0.788818359375,unknown
1713973370.029959,0.493408203125,0.314697265625,0.824462890625,unknown
1713973370.072918,0.5673828125,0.286865234375,0.8056640625,unknown
1713973370.113583,0.611572265625,0.27587890625,0.76513671875,unknown
1713973370.155341,0.705078125,0.2724609375,0.7099609375,unknown
1713973370.196314,0.708984375,0.298583984375,0.60595703125,unknown
1713973370.230869,0.78564453125,0.423095703125,0.64697265625,unknown
1713973370.271476,0.72412109375,0.413818359375,0.786865234375,unknown
1713973370.312841,0.648681640625,0.4296875,0.6005859375,unknown
1713973370.354168,0.68701171875,0.3076171875,0.587158203125,unknown
1713973370.394176,0.741455078125,0.400390625,0.546875,unknown
1713973370.433794,0.759033203125,0.36328125,0.59716796875,unknown
1713973370.472438,0.72265625,0.39111328125,0.5712890625,unknown
1713973370.517613,0.7392578125,0.404296875,0.591064453125,unknown
1713973370.553033,0.74267578125,0.41748046875,0.596435546875,unknown
1713973370.593687,0.718505859375,0.416259765625,0.587890625,unknown
1713973370.633908,0.709716796875,0.434326171875,0.498046875,unknown
1713973370.670942,0.73779296875,0.54296875,0.508056640625,unknown
1713973370.713065,0.66162109375,0.57763671875,0.474853515625,unknown
1713973370.77777,0.70458984375,0.63916015625,0.449462890625,unknown
1713973370.803873,0.658447265625,0.6484375,0.426513671875,unknown
1713973370.836889,0.668701171875,0.642333984375,0.4345703125,unknown
1713973370.871761,0.671630859375,0.615234375,0.44873046875,unknown
1713973370.912164,0.67041015625,0.592529296875,0.486572265625,unknown
1713973370.954003,0.685791015625,0.576416015625,0.488037109375,unknown
1713973370.992784,0.689697265625,0.55908203125,0.482177734375,unknown
1713973371.041373,0.67724609375,0.5537109375,0.504150390625,unknown
1713973371.074025,0.662353515625,0.5703125,0.541259765625,unknown
1713973371.113055,0.734375,0.76513671875,0.7177734375,unknown
1713973371.154839,0.79833984375,0.7548828125,0.31201171875,unknown
1713973371.197373,0.605224609375,0.576904296875,0.295654296875,unknown
1713973371.237183,0.62451171875,0.69091796875,0.1806640625,unknown
1713973371.279258,0.70068359375,0.81982421875,0.277099609375,unknown
1713973371.312762,0.7548828125,0.7685546875,0.2958984375,unknown
1713973371.366012,0.72314453125,0.786865234375,0.14599609375,unknown
1713973371.393566,0.6826171875,0.8125,0.210693359375,unknown
1713973371.436647,0.733642578125,0.7119140625,0.19140625,unknown
1713973371.473473,0.7177734375,0.77783203125,0.26806640625,unknown
1713973371.516908,0.675537109375,0.72412109375,0.28759765625,unknown
1713973371.55391,0.704345703125,0.743408203125,0.41455078125,unknown
1713973371.593895,0.677734375,0.754150390625,0.461181640625,unknown
1713973371.639063,0.5908203125,0.696044921875,0.485107421875,unknown
1713973371.676807,0.523193359375,0.70849609375,0.498291015625,unknown
1713973371.717087,0.51611328125,0.593505859375,0.532958984375,unknown
1713973371.75657,0.5859375,0.609130859375,0.49560546875,unknown
1713973371.796691,0.568359375,0.571533203125,0.490478515625,unknown
1713973371.839822,0.604736328125,0.585693359375,0.50146484375,unknown
1713973371.883727,0.6328125,0.605224609375,0.498779296875,unknown
1713973371.914925,0.673828125,0.636962890625,0.44189453125,unknown
1713973371.969394,0.739990234375,0.681396484375,0.407958984375,unknown
1713973371.996578,0.72119140625,0.681396484375,0.35986328125,unknown
1713973372.033145,0.74267578125,0.682373046875,0.248291015625,unknown
1713973372.073736,0.712646484375,0.67138671875,0.205810546875,unknown
1713973372.11456,0.69140625,0.6611328125,0.15673828125,unknown
1713973372.154656,0.68359375,0.65478515625,0.160888671875,unknown
1713973372.19457,0.681884765625,0.66162109375,0.17138671875,unknown
1713973372.23625,0.679931640625,0.686279296875,0.205322265625,unknown
1713973372.277355,0.707763671875,0.71484375,0.2138671875,unknown
1713973372.322152,0.72265625,0.73876953125,0.20751953125,unknown
1713973372.354591,0.73193359375,0.740966796875,0.189453125,unknown
1713973372.407222,0.719482421875,0.71630859375,0.158935546875,unknown
1713973372.434742,0.70947265625,0.683837890625,0.14208984375,unknown
1713973372.478427,0.69775390625,0.667724609375,0.1240234375,unknown
1713973372.518714,0.696533203125,0.662353515625,0.102294921875,unknown
1713973372.555011,0.717041015625,0.68505859375,0.1025390625,unknown
1713973372.597181,0.712890625,0.717041015625,0.118896484375,unknown
1713973372.634429,0.7109375,0.766845703125,0.169921875,unknown
1713973372.675658,0.71240234375,0.7607421875,0.159912109375,unknown
1713973372.71389,0.7109375,0.734130859375,0.1669921875,unknown
1713973372.753793,0.699951171875,0.709716796875,0.183349609375,unknown
1713973372.7941,0.681640625,0.686279296875,0.176025390625,unknown
1713973372.83551,0.714111328125,0.681884765625,0.17431640625,unknown
1713973372.875227,0.736572265625,0.703369140625,0.20654296875,unknown
1713973372.917157,0.720458984375,0.713623046875,0.200439453125,unknown
1713973372.958751,0.723388671875,0.718505859375,0.185546875,unknown
1713973373.000533,0.713134765625,0.707763671875,0.181884765625,unknown
1713973373.043359,0.705322265625,0.697265625,0.185302734375,unknown
1713973373.086607,0.720703125,0.69580078125,0.182861328125,unknown
1713973373.117057,0.725830078125,0.6884765625,0.18115234375,unknown
1713973373.156781,0.723876953125,0.69140625,0.1748046875,unknown
1713973373.197759,0.724853515625,0.697265625,0.15283203125,unknown
1713973373.24087,0.718994140625,0.687255859375,0.137451171875,unknown
1713973373.275358,0.718017578125,0.681640625,0.126220703125,unknown
1713973373.313923,0.725341796875,0.69091796875,0.126953125,unknown
1713973373.354437,0.7265625,0.695068359375,0.144287109375,unknown
1713973373.394246,0.7373046875,0.697998046875,0.14697265625,unknown
1713973373.435708,0.734375,0.70068359375,0.15576171875,unknown
1713973373.478551,0.732421875,0.69775390625,0.15966796875,unknown
1713973373.522459,0.7294921875,0.693603515625,0.158935546875,unknown
1713973373.555136,0.72216796875,0.68408203125,0.15283203125,unknown
1713973373.606713,0.7275390625,0.679443359375,0.14990234375,unknown
1713973373.635907,0.72900390625,0.67578125,0.1552734375,unknown
1713973373.678622,0.734619140625,0.67919921875,0.154541015625,unknown
1713973373.719873,0.732421875,0.685791015625,0.150146484375,unknown
1713973373.756784,0.73046875,0.697509765625,0.14404296875,unknown
1713973373.797206,0.7333984375,0.70263671875,0.138427734375,unknown
1713973373.838267,0.7431640625,0.701416015625,0.15576171875,unknown
1713973373.877127,0.7421875,0.68798828125,0.165283203125,unknown
1713973373.915955,0.7314453125,0.674560546875,0.1484375,unknown
1713973373.955019,0.739013671875,0.669189453125,0.14453125,unknown
1713973373.995455,0.733642578125,0.667724609375,0.152587890625,unknown
1713973374.03738,0.7431640625,0.67822265625,0.159423828125,unknown
1713973374.075935,0.7451171875,0.683837890625,0.158203125,unknown
1713973374.118639,0.7421875,0.68505859375,0.165771484375,unknown
1713973374.161389,0.737548828125,0.68115234375,0.1611328125,unknown
1713973374.199278,0.731689453125,0.680419921875,0.15087890625,unknown
1713973374.237811,0.72509765625,0.675048828125,0.148681640625,unknown
1713973374.278381,0.7333984375,0.683837890625,0.150634765625,unknown
1713973374.321409,0.736328125,0.687255859375,0.157958984375,unknown
1713973374.359549,0.7353515625,0.681396484375,0.160888671875,unknown
1713973374.398475,0.73486328125,0.68310546875,0.166259765625,unknown
1713973374.438065,0.736328125,0.6904296875,0.17578125,unknown
1713973374.484724,0.732421875,0.688232421875,0.177734375,unknown
1713973374.524416,0.73583984375,0.688232421875,0.17626953125,unknown
1713973374.557957,0.730224609375,0.68408203125,0.173583984375,unknown
1713973374.596333,0.728515625,0.684326171875,0.173828125,unknown
1713973374.634788,0.72705078125,0.68017578125,0.172119140625,unknown
1713973374.677246,0.72314453125,0.682373046875,0.1767578125,unknown
1713973374.714837,0.72705078125,0.683837890625,0.178955078125,unknown
1713973374.757574,0.728271484375,0.689453125,0.18603515625,unknown
1713973374.796076,0.725830078125,0.688720703125,0.183349609375,unknown
1713973374.835807,0.727294921875,0.688720703125,0.181640625,unknown
1713973374.877244,0.732177734375,0.68896484375,0.18310546875,unknown
1713973374.917819,0.732177734375,0.688232421875,0.181884765625,unknown
1713973374.962727,0.7255859375,0.686279296875,0.178955078125,unknown
1713973375.007376,0.729736328125,0.69287109375,0.18505859375,unknown
1713973375.037975,0.729736328125,0.687255859375,0.184326171875,unknown
1713973375.080588,0.722412109375,0.6875,0.18359375,unknown
1713973375.118036,0.72705078125,0.68505859375,0.177734375,unknown
1713973375.158126,0.7236328125,0.68408203125,0.17822265625,unknown
1713973375.196686,0.72705078125,0.688232421875,0.181396484375,unknown
1713973375.235597,0.72802734375,0.68994140625,0.18359375,unknown
1713973375.276556,0.727783203125,0.68896484375,0.1826171875,unknown
1713973375.315961,0.728759765625,0.693115234375,0.186279296875,unknown
1713973375.359087,0.733154296875,0.689697265625,0.182373046875,unknown
1713973375.402162,0.728759765625,0.691650390625,0.18798828125,unknown
1713973375.441139,0.733642578125,0.69384765625,0.1865234375,unknown
1713973375.476902,0.730224609375,0.68994140625,0.185546875,unknown
1713973375.519787,0.738037109375,0.69287109375,0.18603515625,unknown
1713973375.55719,0.731689453125,0.687255859375,0.1884765625,unknown
1713973375.597842,0.7255859375,0.684326171875,0.173828125,unknown
1713973375.640004,0.72021484375,0.6845703125,0.162841796875,unknown
1713973375.680984,0.724853515625,0.68115234375,0.153564453125,unknown
1713973375.724213,0.7216796875,0.6845703125,0.138916015625,unknown
1713973375.758926,0.73193359375,0.694091796875,0.1357421875,unknown
1713973375.812006,0.7255859375,0.6923828125,0.140380859375,unknown
1713973375.839106,0.72900390625,0.694091796875,0.136474609375,unknown
1713973375.877813,0.734619140625,0.691650390625,0.138916015625,unknown
1713973375.920812,0.732177734375,0.687744140625,0.137451171875,unknown
1713973375.957807,0.726318359375,0.688232421875,0.1376953125,unknown
1713973376.002328,0.7294921875,0.690673828125,0.135498046875,unknown
1713973376.040416,0.728271484375,0.69140625,0.1240234375,unknown
1713973376.080379,0.722412109375,0.695556640625,0.12548828125,unknown
1713973376.12007,0.726806640625,0.70166015625,0.121337890625,unknown
1713973376.166883,0.726806640625,0.708984375,0.120849609375,unknown
1713973376.201015,0.719970703125,0.704345703125,0.12060546875,unknown
1713973376.249992,0.724365234375,0.707763671875,0.123779296875,unknown
1713973376.283457,0.72509765625,0.701904296875,0.123291015625,unknown
1713973376.320819,0.7216796875,0.701171875,0.1328125,unknown
1713973376.365884,0.728271484375,0.69970703125,0.142822265625,unknown
1713973376.40557,0.724853515625,0.698486328125,0.157958984375,unknown
1713973376.442341,0.72412109375,0.700439453125,0.155517578125,unknown
1713973376.48311,0.720947265625,0.6982421875,0.1513671875,unknown
1713973376.521373,0.7255859375,0.69775390625,0.1474609375,unknown
1713973376.562459,0.71875,0.70263671875,0.139404296875,unknown
1713973376.599468,0.718994140625,0.707763671875,0.13232421875,unknown
1713973376.64065,0.71630859375,0.713134765625,0.1298828125,unknown
1713973376.680954,0.714111328125,0.711669921875,0.124755859375,unknown
1713973376.72451,0.715087890625,0.713623046875,0.11962890625,unknown
1713973376.760652,0.715576171875,0.712158203125,0.117431640625,unknown
1713973376.809934,0.712890625,0.705322265625,0.126953125,unknown
1713973376.847728,0.723876953125,0.703369140625,0.12841796875,unknown
1713973376.88711,0.720947265625,0.69921875,0.125244140625,unknown
1713973376.923869,0.7216796875,0.69873046875,0.1376953125,unknown
1713973376.969927,0.717041015625,0.701171875,0.139892578125,unknown
1713973377.002011,0.716552734375,0.70166015625,0.14404296875,unknown
1713973377.051515,0.71923828125,0.70654296875,0.152587890625,unknown
1713973377.089678,0.713623046875,0.709228515625,0.153076171875,unknown
1713973377.122682,0.71923828125,0.709716796875,0.147705078125,unknown
1713973377.166376,0.716796875,0.70849609375,0.150390625,unknown
1713973377.205151,0.71484375,0.710693359375,0.15673828125,unknown
1713973377.242454,0.7138671875,0.711181640625,0.15673828125,unknown
1713973377.283176,0.709228515625,0.71044921875,0.155517578125,unknown
1713973377.320316,0.71337890625,0.70947265625,0.15625,unknown
1713973377.360971,0.7080078125,0.710693359375,0.15869140625,unknown
1713973377.40105,0.715576171875,0.708984375,0.166748046875,unknown
1713973377.441206,0.711669921875,0.707763671875,0.169189453125,unknown
1713973377.482146,0.714111328125,0.703369140625,0.16455078125,unknown
1713973377.52542,0.708984375,0.703857421875,0.173828125,unknown
1713973377.561819,0.716552734375,0.706787109375,0.177001953125,unknown
1713973377.603776,0.708740234375,0.70166015625,0.175537109375,unknown
1713973377.643009,0.7119140625,0.7041015625,0.176025390625,unknown
1713973377.687981,0.711669921875,0.703125,0.1767578125,unknown
1713973377.723812,0.72021484375,0.7041015625,0.17626953125,unknown
1713973377.764367,0.709716796875,0.70166015625,0.177490234375,unknown
1713973377.803189,0.717041015625,0.70361328125,0.180908203125,unknown
1713973377.841866,0.71337890625,0.701171875,0.183837890625,unknown
1713973377.880917,0.71240234375,0.7001953125,0.181640625,unknown
1713973377.923273,0.711181640625,0.701416015625,0.184326171875,unknown
1713973377.96476,0.712890625,0.70556640625,0.182861328125,unknown
1713973378.007114,0.71142578125,0.703125,0.183349609375,unknown
1713973378.042726,0.711669921875,0.7041015625,0.184814453125,unknown
1713973378.08548,0.712158203125,0.703369140625,0.186279296875,unknown
1713973378.134849,0.7119140625,0.702880859375,0.18310546875,unknown
1713973378.185985,0.708984375,0.7021484375,0.18505859375,unknown
1713973378.208428,0.716064453125,0.70556640625,0.18017578125,unknown
1713973378.243813,0.7119140625,0.701904296875,0.182861328125,unknown
1713973378.286043,0.7109375,0.700927734375,0.18212890625,unknown
1713973378.327626,0.714111328125,0.702880859375,0.18115234375,unknown
1713973378.365559,0.71533203125,0.698486328125,0.1767578125,unknown
1713973378.407411,0.7119140625,0.700927734375,0.181396484375,unknown
1713973378.445009,0.718017578125,0.70166015625,0.180419921875,unknown
1713973378.485047,0.71484375,0.701904296875,0.178466796875,unknown
1713973378.523152,0.71337890625,0.69970703125,0.180908203125,unknown
1713973378.562749,0.712158203125,0.700439453125,0.177001953125,unknown
1713973378.607225,0.711669921875,0.699951171875,0.17724609375,unknown
1713973378.643117,0.71484375,0.703369140625,0.1787109375,unknown
1713973378.684391,0.71142578125,0.70068359375,0.17626953125,unknown
1713973378.723928,0.71240234375,0.705322265625,0.181884765625,unknown
1713973378.777895,0.711181640625,0.703369140625,0.179931640625,unknown
1713973378.804162,0.71533203125,0.70458984375,0.182373046875,unknown
1713973378.855776,0.710693359375,0.701416015625,0.18359375,unknown
1713973378.884114,0.714111328125,0.702880859375,0.180419921875,unknown
1713973378.929735,0.71240234375,0.702880859375,0.18408203125,unknown
1713973378.964814,0.7119140625,0.699462890625,0.183837890625,unknown
1713973379.013333,0.7138671875,0.697998046875,0.185302734375,unknown
1713973379.053879,0.71484375,0.70068359375,0.187255859375,unknown
1713973379.094931,0.71533203125,0.69482421875,0.18212890625,unknown
1713973379.132444,0.71875,0.694091796875,0.185791015625,unknown
1713973379.175212,0.72119140625,0.69677734375,0.185302734375,unknown
1713973379.204322,0.7177734375,0.696533203125,0.189453125,unknown
1713973379.254524,0.71484375,0.6943359375,0.188720703125,unknown
1713973379.284443,0.718994140625,0.69677734375,0.184814453125,unknown
1713973379.330034,0.716796875,0.693603515625,0.1845703125,unknown
1713973379.364943,0.715576171875,0.69580078125,0.188720703125,unknown
1713973379.410339,0.718017578125,0.696044921875,0.1923828125,unknown
1713973379.445321,0.712646484375,0.696044921875,0.1923828125,unknown
1713973379.49504,0.716796875,0.694580078125,0.193359375,unknown
1713973379.528053,0.71533203125,0.694091796875,0.191650390625,unknown
1713973379.569534,0.7216796875,0.6962890625,0.19482421875,unknown
1713973379.607275,0.7158203125,0.695068359375,0.196044921875,unknown
1713973379.649869,0.715087890625,0.692138671875,0.1923828125,unknown
1713973379.688947,0.717529296875,0.695068359375,0.1943359375,unknown
1713973379.728727,0.7158203125,0.69482421875,0.196044921875,unknown
1713973379.76807,0.712646484375,0.6953125,0.195556640625,unknown
1713973379.810957,0.716552734375,0.696533203125,0.1943359375,unknown
1713973379.849021,0.7158203125,0.697265625,0.195068359375,unknown
1713973379.89102,0.7158203125,0.695556640625,0.1943359375,unknown
1713973379.928537,0.715087890625,0.697509765625,0.194091796875,unknown
1713973379.971108,0.713134765625,0.695556640625,0.1953125,unknown
1713973380.008368,0.7138671875,0.6953125,0.193115234375,unknown
1713973380.051313,0.71044921875,0.69580078125,0.195556640625,unknown
1713973380.089396,0.712890625,0.6953125,0.20068359375,unknown
1713973380.131071,0.7138671875,0.699462890625,0.201904296875,unknown
1713973380.168562,0.7158203125,0.69482421875,0.20166015625,unknown
1713973380.210686,0.71142578125,0.69384765625,0.204833984375,unknown
1713973380.248321,0.717041015625,0.69580078125,0.20556640625,unknown
1713973380.290634,0.7109375,0.696533203125,0.208740234375,unknown
1713973380.328413,0.710693359375,0.6953125,0.203125,unknown
1713973380.370212,0.711669921875,0.69580078125,0.20849609375,unknown
1713973380.410252,0.71533203125,0.698486328125,0.205078125,unknown
1713973380.449863,0.708251953125,0.694580078125,0.200927734375,unknown
1713973380.487854,0.711669921875,0.697265625,0.20166015625,unknown
1713973380.528902,0.71142578125,0.700927734375,0.20263671875,unknown
1713973380.567288,0.713134765625,0.69775390625,0.20263671875,unknown
1713973380.608951,0.71337890625,0.694580078125,0.202880859375,unknown
1713973380.647433,0.712646484375,0.69775390625,0.202392578125,unknown
1713973380.68834,0.7119140625,0.697265625,0.201416015625,unknown
1713973380.731732,0.71142578125,0.696533203125,0.20166015625,unknown
1713973380.770721,0.71142578125,0.699951171875,0.205078125,unknown
1713973380.809722,0.707275390625,0.697265625,0.207763671875,unknown
1713973380.84796,0.711669921875,0.698486328125,0.204345703125,unknown
1713973380.888307,0.7080078125,0.69677734375,0.209228515625,unknown
1713973380.928851,0.713134765625,0.699462890625,0.20849609375,unknown
1713973380.969226,0.708984375,0.697265625,0.2099609375,unknown
1713973381.009806,0.709228515625,0.696533203125,0.20751953125,unknown
1713973381.052764,0.708740234375,0.69873046875,0.212158203125,unknown
1713973381.088995,0.7080078125,0.69677734375,0.21240234375,unknown
1713973381.12945,0.713134765625,0.6953125,0.209228515625,unknown
1713973381.168028,0.711181640625,0.693115234375,0.2099609375,unknown
1713973381.208451,0.713623046875,0.697998046875,0.2109375,unknown
1713973381.24834,0.710693359375,0.697021484375,0.2099609375,unknown
1713973381.287942,0.712646484375,0.696533203125,0.2099609375,unknown
1713973381.327905,0.70849609375,0.694091796875,0.20947265625,unknown
1713973381.368824,0.70947265625,0.6962890625,0.210693359375,unknown
1713973381.408885,0.70947265625,0.69482421875,0.210693359375,unknown
1713973381.451009,0.70751953125,0.69677734375,0.2099609375,unknown
1713973381.490061,0.710693359375,0.69873046875,0.21044921875,unknown
1713973381.53056,0.716064453125,0.701904296875,0.211181640625,unknown
1713973381.569829,0.70947265625,0.69873046875,0.213134765625,unknown
1713973381.611244,0.710205078125,0.698486328125,0.216064453125,unknown
1713973381.652241,0.70751953125,0.69775390625,0.213623046875,unknown
1713973381.691209,0.704833984375,0.69775390625,0.216552734375,unknown
1713973381.731897,0.707763671875,0.700439453125,0.213134765625,unknown
1713973381.769894,0.708251953125,0.70068359375,0.215576171875,unknown
1713973381.81115,0.71240234375,0.700927734375,0.213134765625,unknown
1713973381.847961,0.708984375,0.697265625,0.21337890625,unknown
1713973381.887777,0.712646484375,0.697021484375,0.21484375,unknown
1713973381.930446,0.712158203125,0.6943359375,0.213134765625,unknown
1713973381.969062,0.711181640625,0.691162109375,0.2119140625,unknown
1713973382.010785,0.710205078125,0.69384765625,0.21044921875,unknown
1713973382.049833,0.707275390625,0.6962890625,0.211181640625,unknown
1713973382.091115,0.708984375,0.696044921875,0.212158203125,unknown
1713973382.131947,0.711669921875,0.69677734375,0.21142578125,unknown
1713973382.170798,0.708251953125,0.697998046875,0.2119140625,unknown
1713973382.211814,0.713623046875,0.697998046875,0.216064453125,unknown
1713973382.253467,0.708984375,0.695068359375,0.21240234375,unknown
1713973382.291944,0.705810546875,0.697021484375,0.21630859375,unknown
1713973382.33363,0.7119140625,0.694580078125,0.21630859375,unknown
1713973382.372354,0.70458984375,0.695556640625,0.216796875,unknown
1713973382.412012,0.70556640625,0.697998046875,0.2158203125,unknown
1713973382.450869,0.711181640625,0.6953125,0.216064453125,unknown
1713973382.493625,0.71044921875,0.69482421875,0.21826171875,unknown
1713973382.529269,0.706298828125,0.694091796875,0.222412109375,unknown
1713973382.569911,0.709228515625,0.698486328125,0.218994140625,unknown
1713973382.610493,0.7099609375,0.69482421875,0.221923828125,unknown
1713973382.650592,0.711181640625,0.692626953125,0.2216796875,unknown
1713973382.692153,0.70947265625,0.690673828125,0.22119140625,unknown
1713973382.730664,0.71337890625,0.68896484375,0.219970703125,unknown
1713973382.771566,0.712158203125,0.689453125,0.222412109375,unknown
1713973382.813576,0.71240234375,0.691162109375,0.218994140625,unknown
1713973382.851414,0.7119140625,0.6962890625,0.222412109375,unknown
1713973382.892104,0.71142578125,0.69189453125,0.219482421875,unknown
1713973382.931999,0.711181640625,0.692138671875,0.22314453125,unknown
1713973382.974535,0.712646484375,0.692626953125,0.218505859375,unknown
1713973383.013763,0.706787109375,0.6923828125,0.22119140625,unknown
1713973383.052515,0.707763671875,0.693115234375,0.219970703125,unknown
1713973383.091065,0.710693359375,0.693603515625,0.221435546875,unknown
1713973383.131361,0.7138671875,0.691650390625,0.219970703125,unknown
1713973383.17122,0.7099609375,0.6923828125,0.223388671875,unknown
1713973383.21127,0.714111328125,0.69482421875,0.2236328125,unknown
1713973383.252032,0.711669921875,0.689208984375,0.22216796875,unknown
1713973383.291319,0.711181640625,0.69140625,0.220458984375,unknown
1713973383.331778,0.712890625,0.689453125,0.22314453125,unknown
1713973383.380373,0.712890625,0.690673828125,0.22412109375,unknown
1713973383.411066,0.712158203125,0.6884765625,0.22802734375,unknown
1713973383.460246,0.71044921875,0.688232421875,0.22802734375,unknown
1713973383.499112,0.719482421875,0.69091796875,0.22705078125,unknown
1713973383.535215,0.71630859375,0.688232421875,0.22509765625,unknown
1713973383.578579,0.71484375,0.689697265625,0.22998046875,unknown
1713973383.618851,0.709228515625,0.689453125,0.230224609375,unknown
1713973383.660462,0.70947265625,0.68896484375,0.230224609375,unknown
1713973383.699423,0.708984375,0.689208984375,0.22802734375,unknown
1713973383.741476,0.7119140625,0.69287109375,0.228515625,unknown
1713973383.782732,0.7138671875,0.693603515625,0.228271484375,unknown
1713973383.812492,0.708984375,0.691650390625,0.2314453125,unknown
1713973383.85087,0.7109375,0.693603515625,0.234130859375,unknown
1713973383.892302,0.710693359375,0.693603515625,0.232666015625,unknown
1713973383.932975,0.708251953125,0.691650390625,0.230712890625,unknown
1713973383.972501,0.70947265625,0.691650390625,0.23095703125,unknown
1713973384.016401,0.70849609375,0.689453125,0.232666015625,unknown
1713973384.052404,0.709228515625,0.689697265625,0.232421875,unknown
1713973384.094124,0.70751953125,0.690673828125,0.235595703125,unknown
1713973384.134911,0.71142578125,0.6875,0.235107421875,unknown
1713973384.172891,0.70703125,0.6865234375,0.236083984375,unknown
1713973384.213924,0.713134765625,0.69140625,0.23779296875,unknown
1713973384.25646,0.708740234375,0.692138671875,0.23974609375,unknown
1713973384.29426,0.705078125,0.691162109375,0.23876953125,unknown
1713973384.335338,0.70947265625,0.692138671875,0.236572265625,unknown
1713973384.378146,0.705810546875,0.69091796875,0.234375,unknown
1713973384.411974,0.706787109375,0.68994140625,0.2373046875,unknown
1713973384.452583,0.708984375,0.68994140625,0.235107421875,unknown
1713973384.499012,0.709228515625,0.690673828125,0.23583984375,unknown
1713973384.536357,0.70654296875,0.689208984375,0.235107421875,unknown
1713973384.572843,0.707763671875,0.690185546875,0.233642578125,unknown
1713973384.624809,0.70947265625,0.689208984375,0.231689453125,unknown
1713973384.653675,0.70556640625,0.6904296875,0.2333984375,unknown
1713973384.707523,0.709228515625,0.690673828125,0.232421875,unknown
1713973384.736189,0.703857421875,0.69140625,0.231689453125,unknown
1713973384.774958,0.707763671875,0.693603515625,0.228515625,unknown
1713973384.816354,0.707275390625,0.68798828125,0.234375,unknown
1713973384.85832,0.710693359375,0.692626953125,0.235107421875,unknown
1713973384.89824,0.704345703125,0.691650390625,0.236083984375,unknown
1713973384.940598,0.703369140625,0.690673828125,0.237548828125,unknown
1713973384.975144,0.7060546875,0.6923828125,0.2333984375,unknown
1713973385.015866,0.705078125,0.694580078125,0.23681640625,unknown
1713973385.055792,0.703857421875,0.690185546875,0.235107421875,unknown
1713973385.094223,0.710205078125,0.6923828125,0.238037109375,unknown
1713973385.136767,0.708984375,0.689453125,0.238525390625,unknown
1713973385.174441,0.70947265625,0.690673828125,0.23583984375,unknown
1713973385.213964,0.70751953125,0.690673828125,0.24072265625,unknown
1713973385.256279,0.71044921875,0.6884765625,0.237060546875,unknown
1713973385.294217,0.704345703125,0.688232421875,0.235595703125,unknown
1713973385.33551,0.70703125,0.686767578125,0.2373046875,unknown
1713973385.376557,0.708740234375,0.692626953125,0.234130859375,unknown
1713973385.415461,0.710205078125,0.69140625,0.23681640625,unknown
1713973385.456715,0.710693359375,0.6904296875,0.237548828125,unknown
1713973385.499064,0.708984375,0.68798828125,0.24169921875,unknown
1713973385.538812,0.71142578125,0.6943359375,0.240478515625,unknown
1713973385.577563,0.705810546875,0.690185546875,0.240966796875,unknown
1713973385.627068,0.705322265625,0.695556640625,0.239013671875,unknown
1713973385.656096,0.707275390625,0.694091796875,0.23779296875,unknown
1713973385.699589,0.7109375,0.696044921875,0.2353515625,unknown
1713973385.739372,0.7021484375,0.692626953125,0.239013671875,unknown
1713973385.774849,0.708984375,0.69091796875,0.2392578125,unknown
1713973385.82114,0.708984375,0.6875,0.236328125,unknown
1713973385.861181,0.70849609375,0.685791015625,0.237060546875,unknown
1713973385.904427,0.713623046875,0.681884765625,0.238037109375,unknown
1713973385.934854,0.7099609375,0.6865234375,0.234130859375,unknown
1713973385.981578,0.708740234375,0.689208984375,0.237060546875,unknown
1713973386.017418,0.708251953125,0.690673828125,0.23095703125,unknown
1713973386.069544,0.7099609375,0.690673828125,0.2333984375,unknown
1713973386.096845,0.7109375,0.6923828125,0.233642578125,unknown
1713973386.140396,0.7080078125,0.691162109375,0.2314453125,unknown
1713973386.177017,0.710693359375,0.690185546875,0.235595703125,unknown
1713973386.219075,0.7109375,0.691650390625,0.23876953125,unknown
1713973386.259087,0.70654296875,0.6845703125,0.2373046875,unknown
1713973386.298351,0.708740234375,0.68798828125,0.237060546875,unknown
1713973386.33979,0.70751953125,0.68798828125,0.237548828125,unknown
1713973386.386443,0.711181640625,0.690185546875,0.233642578125,unknown
1713973386.427946,0.708984375,0.68603515625,0.23828125,unknown
1713973386.460174,0.71240234375,0.6865234375,0.234619140625,unknown
1713973386.503222,0.713134765625,0.687744140625,0.236083984375,unknown
1713973386.542531,0.710693359375,0.687744140625,0.23388671875,unknown
1713973386.586703,0.712158203125,0.688232421875,0.23095703125,unknown
1713973386.623419,0.710205078125,0.68896484375,0.232177734375,unknown
1713973386.667241,0.71044921875,0.68798828125,0.231689453125,unknown
1713973386.704624,0.7099609375,0.691650390625,0.234375,unknown
1713973386.737048,0.70654296875,0.69140625,0.23681640625,unknown
1713973386.777981,0.710205078125,0.691162109375,0.233154296875,unknown
1713973386.818357,0.706787109375,0.69140625,0.23388671875,unknown
1713973386.859246,0.712158203125,0.69091796875,0.23583984375,unknown
1713973386.899777,0.70556640625,0.691650390625,0.234619140625,unknown
1713973386.94021,0.70947265625,0.68798828125,0.234375,unknown
1713973386.980225,0.707275390625,0.688720703125,0.23291015625,unknown
1713973387.019569,0.70654296875,0.687744140625,0.2353515625,unknown
1713973387.057875,0.710693359375,0.692138671875,0.237548828125,unknown
1713973387.100324,0.711181640625,0.69140625,0.23486328125,unknown
1713973387.138599,0.71044921875,0.690185546875,0.23388671875,unknown
1713973387.178435,0.71044921875,0.689453125,0.232421875,unknown
1713973387.218958,0.710693359375,0.688232421875,0.231201171875,unknown
1713973387.258854,0.7109375,0.68701171875,0.2333984375,unknown
1713973387.298875,0.710205078125,0.68603515625,0.2314453125,unknown
1713973387.341255,0.7060546875,0.686767578125,0.2373046875,unknown
1713973387.379924,0.712890625,0.69287109375,0.237060546875,unknown
1713973387.422105,0.70654296875,0.6904296875,0.239501953125,unknown
1713973387.461884,0.708740234375,0.692626953125,0.236083984375,unknown
1713973387.503896,0.707275390625,0.690185546875,0.23974609375,unknown
1713973387.543244,0.710205078125,0.69189453125,0.240234375,unknown
1713973387.581111,0.707763671875,0.69091796875,0.240234375,unknown
1713973387.627448,0.708251953125,0.69189453125,0.239990234375,unknown
1713973387.669237,0.70751953125,0.689208984375,0.238525390625,unknown
1713973387.701083,0.70751953125,0.691162109375,0.239501953125,unknown
1713973387.751438,0.711181640625,0.690673828125,0.239501953125,unknown
1713973387.782345,0.70751953125,0.68994140625,0.236572265625,unknown
1713973387.818868,0.710693359375,0.692138671875,0.237060546875,unknown
1713973387.860591,0.709716796875,0.6884765625,0.23681640625,unknown
1713973387.900281,0.70654296875,0.686767578125,0.236572265625,unknown
1713973387.942411,0.71142578125,0.690673828125,0.23583984375,unknown
1713973387.98027,0.70947265625,0.68994140625,0.236083984375,unknown
1713973388.022038,0.708740234375,0.691650390625,0.23388671875,unknown
1713973388.062796,0.70654296875,0.689208984375,0.2392578125,unknown
1713973388.10554,0.708740234375,0.692138671875,0.23974609375,unknown
1713973388.143068,0.71240234375,0.6962890625,0.2431640625,unknown
1713973388.184752,0.706787109375,0.69140625,0.239501953125,unknown
1713973388.224316,0.705322265625,0.688232421875,0.243408203125,unknown
1713973388.262115,0.711669921875,0.68994140625,0.242919921875,unknown
1713973388.302835,0.7060546875,0.68994140625,0.243896484375,unknown
1713973388.34361,0.708984375,0.6904296875,0.244140625,unknown
1713973388.385212,0.70556640625,0.69140625,0.243896484375,unknown
1713973388.429862,0.7080078125,0.6904296875,0.240478515625,unknown
1713973388.460107,0.70458984375,0.68994140625,0.239501953125,unknown
1713973388.513281,0.70849609375,0.69091796875,0.240966796875,unknown
1713973388.540546,0.711181640625,0.6904296875,0.242431640625,unknown
1713973388.583667,0.708251953125,0.68994140625,0.238037109375,unknown
1713973388.624252,0.705810546875,0.68798828125,0.240478515625,unknown
1713973388.660955,0.7080078125,0.6923828125,0.239501953125,unknown
1713973388.702514,0.709716796875,0.68994140625,0.23828125,unknown
1713973388.741111,0.70849609375,0.6884765625,0.239501953125,unknown
1713973388.782916,0.70703125,0.689453125,0.242431640625,unknown
1713973388.823347,0.707275390625,0.69140625,0.246826171875,unknown
1713973388.861867,0.71337890625,0.693359375,0.244873046875,unknown
1713973388.90308,0.7099609375,0.68505859375,0.241455078125,unknown
1713973388.944291,0.7080078125,0.688720703125,0.243896484375,unknown
1713973388.980965,0.70751953125,0.692138671875,0.245361328125,unknown
1713973389.029432,0.7060546875,0.69091796875,0.244873046875,unknown
1713973389.060567,0.703125,0.68994140625,0.243408203125,unknown
1713973389.105516,0.710205078125,0.69189453125,0.244384765625,unknown
1713973389.139979,0.712158203125,0.69091796875,0.242431640625,unknown
1713973389.179914,0.706298828125,0.690185546875,0.243896484375,unknown
1713973389.223924,0.70947265625,0.690185546875,0.2431640625,unknown
1713973389.260364,0.70751953125,0.69140625,0.242919921875,unknown
1713973389.304971,0.70654296875,0.689697265625,0.240966796875,unknown
1713973389.34113,0.703369140625,0.689208984375,0.2412109375,unknown
1713973389.382876,0.708740234375,0.693115234375,0.2421875,unknown
1713973389.421162,0.7080078125,0.69287109375,0.23291015625,unknown
1713973389.462872,0.7041015625,0.695556640625,0.234130859375,unknown
1713973389.504226,0.70947265625,0.6943359375,0.2314453125,unknown
1713973389.542955,0.71484375,0.692138671875,0.231201171875,unknown
1713973389.590327,0.71337890625,0.68017578125,0.23583984375,unknown
1713973389.628128,0.712890625,0.6767578125,0.241943359375,unknown
1713973389.663618,0.7158203125,0.677734375,0.23974609375,unknown
1713973389.702516,0.7138671875,0.67724609375,0.2451171875,unknown
1713973389.746294,0.718505859375,0.680908203125,0.245849609375,unknown
1713973389.780882,0.718017578125,0.681396484375,0.248779296875,unknown
1713973389.822636,0.714111328125,0.682861328125,0.250732421875,unknown
1713973389.860888,0.7041015625,0.689453125,0.253173828125,unknown
1713973389.903671,0.7041015625,0.69384765625,0.250732421875,unknown
1713973389.942077,0.697265625,0.693603515625,0.2490234375,unknown
1713973389.986513,0.7021484375,0.69580078125,0.250732421875,unknown
1713973390.025843,0.697021484375,0.695068359375,0.25634765625,unknown
1713973390.064668,0.7001953125,0.692138671875,0.260009765625,unknown
1713973390.111564,0.701171875,0.69140625,0.25537109375,unknown
1713973390.146453,0.698974609375,0.693359375,0.257568359375,unknown
1713973390.184886,0.70263671875,0.698486328125,0.26025390625,unknown
1713973390.223808,0.69873046875,0.6982421875,0.260986328125,unknown
1713973390.26412,0.69921875,0.699951171875,0.257568359375,unknown
1713973390.310475,0.70361328125,0.697265625,0.254638671875,unknown
1713973390.343371,0.704833984375,0.69091796875,0.25341796875,unknown
1713973390.383795,0.70751953125,0.68505859375,0.25048828125,unknown
1713973390.422153,0.70751953125,0.68408203125,0.2509765625,unknown
1713973390.462872,0.71044921875,0.689697265625,0.239013671875,unknown
1713973390.503381,0.7109375,0.6884765625,0.239990234375,unknown
1713973390.545993,0.7109375,0.69140625,0.24609375,unknown
1713973390.585205,0.708740234375,0.689453125,0.24267578125,unknown
1713973390.625793,0.7060546875,0.689208984375,0.2294921875,unknown
1713973390.665843,0.708251953125,0.689697265625,0.226318359375,unknown
1713973390.713882,0.70849609375,0.689453125,0.22265625,unknown
1713973390.75582,0.709716796875,0.6904296875,0.2275390625,unknown
1713973390.786165,0.70947265625,0.689453125,0.23046875,unknown
1713973390.826096,0.710693359375,0.690673828125,0.23095703125,unknown
1713973390.86852,0.712890625,0.685546875,0.22802734375,unknown
1713973390.911492,0.705322265625,0.687744140625,0.234130859375,unknown
1713973390.947101,0.70703125,0.694091796875,0.220458984375,unknown
1713973390.985416,0.703369140625,0.692138671875,0.22021484375,unknown
1713973391.025384,0.701416015625,0.696044921875,0.238525390625,unknown
1713973391.064948,0.710693359375,0.695556640625,0.23828125,unknown
1713973391.106033,0.711669921875,0.690185546875,0.22900390625,unknown
1713973391.142935,0.70751953125,0.68505859375,0.22998046875,unknown
1713973391.189619,0.7119140625,0.68701171875,0.22900390625,unknown
1713973391.231634,0.7109375,0.685791015625,0.23583984375,unknown
1713973391.264237,0.705810546875,0.68603515625,0.23974609375,unknown
1713973391.303949,0.706787109375,0.689697265625,0.2490234375,unknown
1713973391.345002,0.71044921875,0.693115234375,0.249267578125,unknown
1713973391.385246,0.705810546875,0.69384765625,0.245849609375,unknown
1713973391.426826,0.70654296875,0.694091796875,0.24609375,unknown
1713973391.470029,0.703125,0.693359375,0.250244140625,unknown
1713973391.508145,0.7041015625,0.689697265625,0.248046875,unknown
1713973391.547756,0.701171875,0.687255859375,0.247802734375,unknown
1713973391.587014,0.705078125,0.6943359375,0.25146484375,unknown
1713973391.628692,0.705810546875,0.69482421875,0.246826171875,unknown
1713973391.670211,0.7080078125,0.694091796875,0.24658203125,unknown
1713973391.703887,0.708984375,0.6923828125,0.24365234375,unknown
1713973391.743912,0.707275390625,0.688232421875,0.242431640625,unknown
1713973391.798511,0.7060546875,0.6875,0.240234375,unknown
1713973391.825888,0.710205078125,0.686279296875,0.2392578125,unknown
1713973391.87006,0.711669921875,0.68505859375,0.237060546875,unknown
1713973391.904868,0.706787109375,0.68310546875,0.234130859375,unknown
1713973391.944886,0.7099609375,0.68603515625,0.2373046875,unknown
1713973391.985737,0.71240234375,0.685791015625,0.2373046875,unknown
1713973392.025024,0.7109375,0.685302734375,0.23828125,unknown
1713973392.069567,0.71142578125,0.6865234375,0.2412109375,unknown
1713973392.105975,0.708740234375,0.6884765625,0.23876953125,unknown
1713973392.147532,0.711181640625,0.6865234375,0.238525390625,unknown
1713973392.188351,0.704833984375,0.6865234375,0.23974609375,unknown
1713973392.226991,0.7119140625,0.6884765625,0.24169921875,unknown
1713973392.269196,0.70849609375,0.690673828125,0.245361328125,unknown
1713973392.312999,0.707275390625,0.689697265625,0.2412109375,unknown
1713973392.345056,0.709716796875,0.685546875,0.24072265625,unknown
1713973392.383584,0.709716796875,0.68701171875,0.241943359375,unknown
1713973392.425514,0.706787109375,0.69091796875,0.24560546875,unknown
1713973392.465351,0.7099609375,0.69091796875,0.244384765625,unknown
1713973392.504662,0.706787109375,0.690185546875,0.248046875,unknown
1713973392.545411,0.708251953125,0.69091796875,0.245849609375,unknown
1713973392.585587,0.70849609375,0.688232421875,0.2412109375,unknown
1713973392.626526,0.707275390625,0.687744140625,0.244873046875,unknown
1713973392.670431,0.709228515625,0.686767578125,0.24658203125,unknown
1713973392.714488,0.7099609375,0.687255859375,0.24560546875,unknown
1713973392.750303,0.713134765625,0.692138671875,0.24365234375,unknown
1713973392.787566,0.7119140625,0.6875,0.242919921875,unknown
1713973392.840531,0.71142578125,0.6875,0.249267578125,unknown
1713973392.86798,0.709716796875,0.686279296875,0.245849609375,unknown
1713973392.912009,0.707763671875,0.685546875,0.2421875,unknown
1713973392.945508,0.708740234375,0.686767578125,0.242431640625,unknown
1713973392.985369,0.71240234375,0.6865234375,0.242431640625,unknown
1713973393.025468,0.71435546875,0.68359375,0.2392578125,unknown
1713973393.064874,0.713623046875,0.686279296875,0.23828125,unknown
1713973393.105844,0.717529296875,0.685302734375,0.238525390625,unknown
1713973393.145006,0.7109375,0.688232421875,0.235595703125,unknown
1713973393.187593,0.7119140625,0.684326171875,0.226806640625,unknown
1713973393.231001,0.71728515625,0.6826171875,0.228271484375,unknown
1713973393.266774,0.710693359375,0.678466796875,0.240234375,unknown
1713973393.307048,0.709228515625,0.685302734375,0.247314453125,unknown
1713973393.355125,0.71533203125,0.6826171875,0.24365234375,unknown
1713973393.388273,0.709716796875,0.68505859375,0.246826171875,unknown
1713973393.428051,0.71240234375,0.691162109375,0.243896484375,unknown
1713973393.468526,0.712158203125,0.693603515625,0.240234375,unknown
1713973393.508771,0.704833984375,0.6904296875,0.238037109375,unknown
1713973393.547915,0.708984375,0.69189453125,0.236083984375,unknown
1713973393.592703,0.708740234375,0.69482421875,0.237548828125,unknown
1713973393.63867,0.70849609375,0.689453125,0.23583984375,unknown
1713973393.666627,0.707763671875,0.69384765625,0.23095703125,unknown
1713973393.71056,0.711181640625,0.6943359375,0.224853515625,unknown
1713973393.746908,0.710693359375,0.69482421875,0.22021484375,unknown
1713973393.787475,0.70556640625,0.695068359375,0.21630859375,unknown
1713973393.828149,0.709228515625,0.697265625,0.205810546875,unknown
1713973393.869929,0.71533203125,0.694580078125,0.2080078125,unknown
1713973393.907141,0.715576171875,0.688720703125,0.21533203125,unknown
1713973393.94693,0.72265625,0.684326171875,0.209716796875,unknown
1713973393.987811,0.726806640625,0.67626953125,0.2177734375,unknown
1713973394.033096,0.72265625,0.67138671875,0.22216796875,unknown
1713973394.077354,0.723876953125,0.675048828125,0.22119140625,unknown
1713973394.109604,0.7216796875,0.679443359375,0.216796875,unknown
1713973394.150781,0.7177734375,0.68212890625,0.216552734375,unknown
1713973394.193102,0.718017578125,0.685546875,0.212158203125,unknown
1713973394.229989,0.718994140625,0.689453125,0.212646484375,unknown
1713973394.266961,0.721435546875,0.688232421875,0.21533203125,unknown
1713973394.307077,0.717041015625,0.686767578125,0.213623046875,unknown
1713973394.348014,0.71826171875,0.68505859375,0.21484375,unknown
1713973394.387302,0.718017578125,0.68896484375,0.21044921875,unknown
1713973394.428145,0.7138671875,0.69091796875,0.20166015625,unknown
1713973394.472615,0.7138671875,0.696533203125,0.193603515625,unknown
1713973394.520323,0.71630859375,0.699462890625,0.213134765625,unknown
1713973394.550404,0.710693359375,0.697998046875,0.227783203125,unknown
1713973394.59362,0.714599609375,0.691162109375,0.214111328125,unknown
1713973394.629843,0.7138671875,0.687744140625,0.209228515625,unknown
1713973394.669708,0.713134765625,0.685302734375,0.211181640625,unknown
1713973394.710232,0.716552734375,0.689453125,0.20849609375,unknown
1713973394.750841,0.713623046875,0.694091796875,0.20751953125,unknown
1713973394.795527,0.71728515625,0.68701171875,0.2041015625,unknown
1713973394.829966,0.716064453125,0.687744140625,0.213134765625,unknown
1713973394.875116,0.716064453125,0.68505859375,0.217529296875,unknown
1713973394.910431,0.7158203125,0.685791015625,0.22607421875,unknown
1713973394.94749,0.71044921875,0.688720703125,0.228271484375,unknown
1713973394.998739,0.709716796875,0.693359375,0.23876953125,unknown
1713973395.028267,0.708251953125,0.700439453125,0.23779296875,unknown
1713973395.072732,0.70703125,0.69921875,0.22802734375,unknown
1713973395.116471,0.70654296875,0.701171875,0.232421875,unknown
1713973395.158416,0.7060546875,0.695556640625,0.227783203125,unknown
1713973395.191145,0.701904296875,0.693115234375,0.227783203125,unknown
1713973395.233821,0.705322265625,0.693603515625,0.232421875,unknown
1713973395.270078,0.708740234375,0.6943359375,0.236083984375,unknown
1713973395.311049,0.7060546875,0.693115234375,0.232177734375,unknown
1713973395.350981,0.709716796875,0.694091796875,0.234130859375,unknown
1713973395.391727,0.708251953125,0.693115234375,0.23486328125,unknown
1713973395.43141,0.70703125,0.690673828125,0.241455078125,unknown
1713973395.471072,0.71435546875,0.69091796875,0.236328125,unknown
1713973395.513466,0.71484375,0.689208984375,0.23681640625,unknown
1713973395.549941,0.719970703125,0.68505859375,0.2333984375,unknown
1713973395.604316,0.711669921875,0.6845703125,0.232421875,unknown
1713973395.632656,0.712890625,0.685546875,0.2314453125,unknown
1713973395.669362,0.7109375,0.69189453125,0.232421875,unknown
1713973395.709797,0.7099609375,0.692626953125,0.227783203125,unknown
1713973395.749682,0.711181640625,0.6904296875,0.223876953125,unknown
1713973395.790129,0.708984375,0.6953125,0.22314453125,unknown
1713973395.829273,0.707763671875,0.6962890625,0.223388671875,unknown
1713973395.87085,0.70556640625,0.693115234375,0.21826171875,unknown
1713973395.915525,0.71044921875,0.6923828125,0.21630859375,unknown
1713973395.954993,0.70849609375,0.69287109375,0.218994140625,unknown
1713973395.991879,0.714599609375,0.694580078125,0.221923828125,unknown
1713973396.031302,0.71044921875,0.6923828125,0.22509765625,unknown
1713973396.073524,0.71044921875,0.69189453125,0.222412109375,unknown
1713973396.113485,0.713623046875,0.690185546875,0.22265625,unknown
1713973396.15333,0.7119140625,0.689453125,0.2236328125,unknown
1713973396.194046,0.712890625,0.686767578125,0.221923828125,unknown
1713973396.234633,0.715576171875,0.68896484375,0.22216796875,unknown
1713973396.27252,0.716796875,0.6884765625,0.218994140625,unknown
1713973396.310686,0.71240234375,0.683837890625,0.219482421875,unknown
1713973396.356855,0.714111328125,0.685791015625,0.218994140625,unknown
1713973396.391196,0.71630859375,0.694091796875,0.224609375,unknown
1713973396.435272,0.7158203125,0.690185546875,0.221923828125,unknown
1713973396.471686,0.715087890625,0.68896484375,0.21826171875,unknown
1713973396.511193,0.71484375,0.688232421875,0.2197265625,unknown
1713973396.55108,0.716552734375,0.68505859375,0.2197265625,unknown
1713973396.594214,0.712890625,0.689453125,0.222412109375,unknown
1713973396.641497,0.71728515625,0.68994140625,0.224365234375,unknown
1713973396.683182,0.710205078125,0.68798828125,0.220703125,unknown
1713973396.713768,0.713623046875,0.68603515625,0.22216796875,unknown
1713973396.756092,0.716064453125,0.689697265625,0.221435546875,unknown
1713973396.794489,0.717041015625,0.6904296875,0.218994140625,unknown
1713973396.832233,0.712646484375,0.68798828125,0.21923828125,unknown
1713973396.871955,0.71630859375,0.688720703125,0.220458984375,unknown
1713973396.917822,0.718017578125,0.692138671875,0.2236328125,unknown
1713973396.956155,0.716552734375,0.68896484375,0.22314453125,unknown
1713973396.997286,0.717529296875,0.68701171875,0.21875,unknown
1713973397.033652,0.714599609375,0.688720703125,0.21728515625,unknown
1713973397.072072,0.7158203125,0.6884765625,0.218994140625,unknown
1713973397.112231,0.71875,0.6884765625,0.21826171875,unknown
1713973397.152243,0.72314453125,0.68798828125,0.217041015625,unknown
1713973397.193347,0.720458984375,0.68310546875,0.217041015625,unknown
1713973397.234612,0.716552734375,0.686279296875,0.217041015625,unknown
1713973397.272903,0.719482421875,0.68603515625,0.217529296875,unknown
1713973397.313356,0.718505859375,0.685791015625,0.21484375,unknown
1713973397.354444,0.719482421875,0.6845703125,0.2119140625,unknown
1713973397.393236,0.717529296875,0.689453125,0.21337890625,unknown
1713973397.434022,0.722412109375,0.687255859375,0.20654296875,unknown
1713973397.473255,0.720703125,0.6865234375,0.2099609375,unknown
1713973397.513178,0.72216796875,0.687255859375,0.2099609375,unknown
1713973397.553233,0.71923828125,0.68701171875,0.20947265625,unknown
1713973397.591054,0.71728515625,0.687255859375,0.210205078125,unknown
1713973397.632273,0.718994140625,0.686279296875,0.21142578125,unknown
1713973397.672528,0.71826171875,0.685302734375,0.211669921875,unknown
1713973397.714973,0.718017578125,0.68603515625,0.217529296875,unknown
1713973397.755044,0.715576171875,0.68603515625,0.21533203125,unknown
1713973397.795219,0.717041015625,0.689208984375,0.217041015625,unknown
1713973397.845611,0.714599609375,0.68603515625,0.224609375,unknown
1713973397.873977,0.7177734375,0.6845703125,0.222412109375,unknown
1713973397.92264,0.717041015625,0.685791015625,0.2255859375,unknown
1713973397.957625,0.717529296875,0.684814453125,0.225830078125,unknown
1713973397.996538,0.71630859375,0.68505859375,0.22705078125,unknown
1713973398.0373,0.716064453125,0.68896484375,0.2265625,unknown
1713973398.076891,0.71630859375,0.689453125,0.2216796875,unknown
1713973398.115164,0.716796875,0.689208984375,0.223388671875,unknown
1713973398.15442,0.71923828125,0.68896484375,0.22021484375,unknown
1713973398.194351,0.71630859375,0.6875,0.221923828125,unknown
1713973398.234601,0.71875,0.6845703125,0.22314453125,unknown
1713973398.273806,0.72119140625,0.6865234375,0.22021484375,unknown
1713973398.313909,0.719970703125,0.6865234375,0.218017578125,unknown
1713973398.353576,0.71728515625,0.685302734375,0.2197265625,unknown
1713973398.393693,0.718017578125,0.688720703125,0.216796875,unknown
1713973398.43387,0.722412109375,0.6884765625,0.218994140625,unknown
1713973398.475566,0.71875,0.684326171875,0.2177734375,unknown
1713973398.514997,0.71875,0.6875,0.219482421875,unknown
1713973398.555626,0.72021484375,0.688720703125,0.217529296875,unknown
1713973398.594903,0.717041015625,0.685302734375,0.220458984375,unknown
1713973398.636539,0.716796875,0.6884765625,0.214599609375,unknown
1713973398.681182,0.718505859375,0.6875,0.216552734375,unknown
1713973398.720405,0.71533203125,0.689697265625,0.208984375,unknown
1713973398.758783,0.7197265625,0.704345703125,0.20556640625,unknown
1713973398.799044,0.723876953125,0.698974609375,0.20166015625,unknown
1713973398.83726,0.71923828125,0.683837890625,0.203369140625,unknown
1713973398.878446,0.7275390625,0.671142578125,0.20703125,unknown
1713973398.919121,0.732177734375,0.66357421875,0.215576171875,unknown
1713973398.957073,0.732421875,0.664794921875,0.218505859375,unknown
1713973398.995371,0.733154296875,0.665283203125,0.219482421875,unknown
1713973399.035415,0.73046875,0.666259765625,0.222900390625,unknown
1713973399.075029,0.734619140625,0.67529296875,0.219970703125,unknown
1713973399.116503,0.729736328125,0.671875,0.213623046875,unknown
1713973399.154918,0.722412109375,0.673583984375,0.2138671875,unknown
1713973399.198757,0.72607421875,0.68408203125,0.209716796875,unknown
1713973399.236022,0.725830078125,0.681396484375,0.21142578125,unknown
1713973399.277085,0.726806640625,0.6826171875,0.211181640625,unknown
1713973399.317616,0.728271484375,0.681640625,0.212890625,unknown
1713973399.361559,0.732666015625,0.676025390625,0.21484375,unknown
1713973399.399339,0.729736328125,0.6728515625,0.21337890625,unknown
1713973399.440507,0.732421875,0.67431640625,0.213623046875,unknown
1713973399.477871,0.72998046875,0.6728515625,0.215576171875,unknown
1713973399.515894,0.73193359375,0.67236328125,0.2158203125,unknown
1713973399.554963,0.731689453125,0.67529296875,0.210693359375,unknown
1713973399.595858,0.728759765625,0.67626953125,0.210693359375,unknown
1713973399.636149,0.72998046875,0.683349609375,0.2099609375,unknown
1713973399.675935,0.727783203125,0.68212890625,0.207275390625,unknown
1713973399.716101,0.73291015625,0.680908203125,0.216796875,unknown
1713973399.756915,0.738037109375,0.68359375,0.22119140625,unknown
1713973399.795876,0.738525390625,0.68408203125,0.2099609375,unknown
1713973399.840715,0.731201171875,0.683349609375,0.187255859375,unknown
1713973399.87766,0.72216796875,0.691162109375,0.167724609375,unknown
1713973399.920899,0.721923828125,0.695068359375,0.146484375,unknown
1713973399.957938,0.718505859375,0.699462890625,0.13134765625,unknown
1713973400.005688,0.71044921875,0.703369140625,0.117431640625,unknown
1713973400.038169,0.718994140625,0.711181640625,0.09619140625,unknown
1713973400.079435,0.714111328125,0.712890625,0.08642578125,unknown
1713973400.117987,0.712158203125,0.71484375,0.07763671875,unknown
1713973400.157766,0.712646484375,0.719482421875,0.0693359375,unknown
1713973400.197393,0.70849609375,0.721923828125,0.070068359375,unknown
1713973400.23778,0.710205078125,0.7216796875,0.063720703125,unknown
1713973400.276211,0.70654296875,0.72119140625,0.06787109375,unknown
1713973400.317497,0.7138671875,0.722412109375,0.062744140625,unknown
1713973400.358245,0.712158203125,0.72021484375,0.06689453125,unknown
1713973400.398049,0.720458984375,0.727294921875,0.07080078125,unknown
1713973400.438082,0.71142578125,0.72314453125,0.069091796875,unknown
1713973400.477961,0.713134765625,0.72412109375,0.068115234375,unknown
1713973400.5199,0.7138671875,0.7216796875,0.064453125,unknown
1713973400.558083,0.714111328125,0.719482421875,0.061767578125,unknown
1713973400.597994,0.71044921875,0.71728515625,0.060791015625,unknown
1713973400.642673,0.715576171875,0.718017578125,0.0625,unknown
1713973400.682627,0.71435546875,0.71630859375,0.064208984375,unknown
1713973400.724548,0.71826171875,0.71826171875,0.06640625,unknown
1713973400.76398,0.717529296875,0.719970703125,0.067138671875,unknown
1713973400.8008,0.72021484375,0.718994140625,0.068115234375,unknown
1713973400.843953,0.71826171875,0.718994140625,0.069580078125,unknown
1713973400.880991,0.713623046875,0.717041015625,0.0634765625,unknown
1713973400.923803,0.715087890625,0.718994140625,0.056884765625,unknown
1713973400.963728,0.71826171875,0.718994140625,0.057861328125,unknown
1713973401.002785,0.71240234375,0.72314453125,0.0595703125,unknown
1713973401.043009,0.7138671875,0.723388671875,0.057373046875,unknown
1713973401.082274,0.7109375,0.723388671875,0.057373046875,unknown
1713973401.123585,0.715087890625,0.721435546875,0.054443359375,unknown
1713973401.163135,0.713134765625,0.7197265625,0.055419921875,unknown
1713973401.204523,0.71728515625,0.718017578125,0.05078125,unknown
1713973401.242954,0.71826171875,0.72216796875,0.054931640625,unknown
1713973401.28312,0.716552734375,0.720458984375,0.057373046875,unknown
1713973401.323212,0.716064453125,0.719482421875,0.054443359375,unknown
1713973401.368132,0.719482421875,0.716796875,0.04931640625,unknown
1713973401.402233,0.71826171875,0.719970703125,0.053466796875,unknown
1713973401.453124,0.7138671875,0.718505859375,0.055419921875,unknown
1713973401.479976,0.7138671875,0.716796875,0.0537109375,unknown
1713973401.525334,0.719482421875,0.72216796875,0.053466796875,unknown
1713973401.561305,0.71435546875,0.72021484375,0.055908203125,unknown
1713973401.610509,0.716064453125,0.72119140625,0.063720703125,unknown
1713973401.639922,0.718017578125,0.7216796875,0.06298828125,unknown
1713973401.690581,0.710205078125,0.72119140625,0.063232421875,unknown
1713973401.721525,0.714599609375,0.719970703125,0.060791015625,unknown
1713973401.765539,0.715576171875,0.721435546875,0.06201171875,unknown
1713973401.800015,0.71923828125,0.721435546875,0.06201171875,unknown
1713973401.851319,0.716064453125,0.72021484375,0.059814453125,unknown
1713973401.884384,0.71826171875,0.724609375,0.06103515625,unknown
1713973401.920868,0.714599609375,0.723876953125,0.0634765625,unknown
1713973401.963575,0.71630859375,0.71875,0.066162109375,unknown
1713973402.009165,0.71826171875,0.71923828125,0.063720703125,unknown
1713973402.04226,0.711669921875,0.7177734375,0.0654296875,unknown
1713973402.087635,0.7138671875,0.7177734375,0.06640625,unknown
1713973402.120122,0.71728515625,0.716796875,0.06640625,unknown
1713973402.159747,0.7177734375,0.709716796875,0.0615234375,unknown
1713973402.203247,0.71630859375,0.713623046875,0.071044921875,unknown
1713973402.25336,0.720703125,0.723388671875,0.06689453125,unknown
1713973402.280032,0.712890625,0.730224609375,0.06689453125,unknown
1713973402.327553,0.709716796875,0.732177734375,0.063720703125,unknown
1713973402.359806,0.709228515625,0.730712890625,0.06201171875,unknown
1713973402.411955,0.707763671875,0.729736328125,0.057373046875,unknown
1713973402.442371,0.703857421875,0.7314453125,0.05908203125,unknown
1713973402.485206,0.7041015625,0.72802734375,0.059814453125,unknown
1713973402.521077,0.705078125,0.73291015625,0.06201171875,unknown
1713973402.566765,0.709716796875,0.73193359375,0.0625,unknown
1713973402.60088,0.70849609375,0.729248046875,0.0615234375,unknown
1713973402.650522,0.70556640625,0.728759765625,0.058349609375,unknown
1713973402.688451,0.70849609375,0.72998046875,0.05810546875,unknown
1713973402.726089,0.70458984375,0.728515625,0.06005859375,unknown
1713973402.765163,0.713134765625,0.729248046875,0.0537109375,unknown
1713973402.806183,0.711181640625,0.7265625,0.05517578125,unknown
1713973402.839838,0.7119140625,0.72705078125,0.062255859375,unknown
1713973402.887013,0.708740234375,0.723876953125,0.060302734375,unknown
1713973402.920113,0.709228515625,0.722900390625,0.05908203125,unknown
1713973402.966268,0.71435546875,0.72265625,0.05908203125,unknown
1713973403.003427,0.710693359375,0.72412109375,0.058837890625,unknown
1713973403.044601,0.715087890625,0.722412109375,0.053955078125,unknown
1713973403.081874,0.711669921875,0.721435546875,0.05859375,unknown
1713973403.124789,0.713623046875,0.72265625,0.057373046875,unknown
1713973403.162049,0.71044921875,0.72265625,0.0576171875,unknown
1713973403.204067,0.710205078125,0.724609375,0.05517578125,unknown
1713973403.242412,0.7119140625,0.72607421875,0.058837890625,unknown
1713973403.315382,0.71533203125,0.719970703125,0.06005859375,unknown
1713973403.345204,0.720458984375,0.713623046875,0.05810546875,unknown
1713973403.363834,0.72314453125,0.733642578125,0.054443359375,unknown
1713973403.40288,0.709716796875,0.7197265625,0.059326171875,unknown
1713973403.44213,0.714111328125,0.72705078125,0.065185546875,unknown
1713973403.481478,0.7177734375,0.724365234375,0.06787109375,unknown
1713973403.522534,0.713623046875,0.72119140625,0.06787109375,unknown
1713973403.563473,0.714111328125,0.72412109375,0.058837890625,unknown
1713973403.60217,0.71240234375,0.726318359375,0.052978515625,unknown
1713973403.645919,0.720703125,0.727294921875,0.05322265625,unknown
1713973403.683225,0.702880859375,0.72607421875,0.044677734375,unknown
1713973403.725324,0.70751953125,0.72802734375,0.039306640625,unknown
1713973403.764402,0.7060546875,0.734619140625,0.030029296875,unknown
1713973403.805101,0.6982421875,0.73828125,0.021240234375,unknown
1713973403.845675,0.697998046875,0.743896484375,0.011962890625,unknown
1713973403.885948,0.693115234375,0.7451171875,0.00048828125,unknown
1713973403.924022,0.689453125,0.749267578125,-0.011474609375,unknown
1713973403.964925,0.682861328125,0.748291015625,-0.028564453125,unknown
1713973404.005081,0.685302734375,0.752685546875,-0.044189453125,unknown
1713973404.049353,0.67919921875,0.752685546875,-0.05615234375,unknown
1713973404.084617,0.671142578125,0.75732421875,-0.06298828125,unknown
1713973404.122964,0.6787109375,0.76513671875,-0.069580078125,unknown
1713973404.162032,0.66650390625,0.76318359375,-0.077392578125,unknown
1713973404.202009,0.66796875,0.767822265625,-0.08056640625,unknown
1713973404.242016,0.66357421875,0.7724609375,-0.081787109375,unknown
1713973404.284724,0.66455078125,0.77294921875,-0.089599609375,unknown
1713973404.323144,0.65625,0.771240234375,-0.09228515625,unknown
1713973404.36305,0.66015625,0.77734375,-0.09619140625,unknown
1713973404.403888,0.65283203125,0.775390625,-0.0966796875,unknown
1713973404.446395,0.6533203125,0.77734375,-0.09716796875,unknown
1713973404.484393,0.653076171875,0.777099609375,-0.099365234375,unknown
1713973404.525097,0.65234375,0.778564453125,-0.0986328125,unknown
1713973404.566149,0.6533203125,0.7734375,-0.100341796875,unknown
1713973404.606095,0.656005859375,0.778076171875,-0.0986328125,unknown
1713973404.645231,0.657958984375,0.77099609375,-0.102783203125,unknown
1713973404.684416,0.650634765625,0.76904296875,-0.106689453125,unknown
1713973404.724159,0.659423828125,0.772705078125,-0.103759765625,unknown
1713973404.763322,0.654052734375,0.76806640625,-0.1044921875,unknown
1713973404.802362,0.658447265625,0.768310546875,-0.102294921875,unknown
1713973404.842852,0.658447265625,0.768310546875,-0.109130859375,unknown
1713973404.883125,0.659423828125,0.766845703125,-0.10595703125,unknown
1713973404.924387,0.660400390625,0.767822265625,-0.1044921875,unknown
1713973404.963573,0.660888671875,0.766357421875,-0.10205078125,unknown
1713973405.002955,0.66162109375,0.77197265625,-0.105712890625,unknown
1713973405.043859,0.657958984375,0.766357421875,-0.102783203125,unknown
1713973405.087308,0.6572265625,0.76513671875,-0.105224609375,unknown
1713973405.128956,0.662353515625,0.772705078125,-0.10546875,unknown
1713973405.165879,0.661376953125,0.767333984375,-0.103515625,unknown
1713973405.207468,0.66064453125,0.772705078125,-0.1025390625,unknown
1713973405.244979,0.65869140625,0.765869140625,-0.10302734375,unknown
1713973405.287096,0.664306640625,0.772216796875,-0.1025390625,unknown
1713973405.327683,0.65771484375,0.767333984375,-0.10498046875,unknown
1713973405.365208,0.666015625,0.770263671875,-0.09912109375,unknown
1713973405.404928,0.66162109375,0.76708984375,-0.10302734375,unknown
1713973405.444298,0.6640625,0.765380859375,-0.10498046875,unknown
1713973405.486042,0.660888671875,0.76806640625,-0.104736328125,unknown
1713973405.524801,0.662353515625,0.7724609375,-0.099365234375,unknown
1713973405.564616,0.663330078125,0.772705078125,-0.111328125,unknown
1713973405.605387,0.65966796875,0.765380859375,-0.11572265625,unknown
1713973405.64489,0.6630859375,0.760986328125,-0.12060546875,unknown
1713973405.683914,0.657470703125,0.762939453125,-0.12060546875,unknown
1713973405.727265,0.65673828125,0.765625,-0.12451171875,unknown
1713973405.769015,0.657470703125,0.76611328125,-0.123291015625,unknown
1713973405.805723,0.658447265625,0.770751953125,-0.12646484375,unknown
1713973405.847168,0.6591796875,0.77587890625,-0.13037109375,unknown
1713973405.886301,0.657470703125,0.769775390625,-0.13427734375,unknown
1713973405.927174,0.656982421875,0.7685546875,-0.13916015625,unknown
1713973405.967251,0.65673828125,0.7626953125,-0.144775390625,unknown
1713973406.007649,0.65673828125,0.7626953125,-0.142333984375,unknown
1713973406.046281,0.6552734375,0.7646484375,-0.136474609375,unknown
1713973406.085934,0.656005859375,0.760009765625,-0.137939453125,unknown
1713973406.123869,0.656494140625,0.762939453125,-0.135986328125,unknown
1713973406.166906,0.65771484375,0.767333984375,-0.13427734375,unknown
1713973406.204954,0.664306640625,0.763671875,-0.13720703125,unknown
1713973406.246617,0.661376953125,0.76220703125,-0.12890625,unknown
1713973406.286705,0.65966796875,0.7626953125,-0.130615234375,unknown
1713973406.333014,0.65771484375,0.763671875,-0.130615234375,unknown
1713973406.367512,0.65966796875,0.76318359375,-0.130859375,unknown
1713973406.411383,0.661865234375,0.7646484375,-0.128173828125,unknown
1713973406.446016,0.656982421875,0.7646484375,-0.127197265625,unknown
1713973406.498092,0.66259765625,0.765625,-0.12548828125,unknown
1713973406.52695,0.660888671875,0.765869140625,-0.125732421875,unknown
1713973406.571126,0.665283203125,0.762939453125,-0.12890625,unknown
1713973406.608131,0.66357421875,0.760986328125,-0.1279296875,unknown
1713973406.657189,0.65478515625,0.765869140625,-0.1240234375,unknown
1713973406.687527,0.666015625,0.7685546875,-0.124755859375,unknown
1713973406.747266,0.65478515625,0.723876953125,-0.065185546875,unknown
1713973406.765905,0.678955078125,0.756591796875,-0.1533203125,unknown
1713973406.812248,0.6552734375,0.7529296875,-0.122314453125,unknown
1713973406.849558,0.64013671875,0.730712890625,-0.160888671875,unknown
1713973406.891227,0.64501953125,0.745849609375,-0.162353515625,unknown
1713973406.92794,0.673828125,0.768798828125,-0.13818359375,unknown
1713973406.969758,0.611083984375,0.78564453125,-0.17138671875,unknown
1713973407.008262,0.704345703125,0.735107421875,-0.11865234375,unknown
1713973407.051493,0.699462890625,0.747802734375,-0.118408203125,unknown
1713973407.08897,0.68212890625,0.744384765625,-0.13720703125,unknown
1713973407.13016,0.685546875,0.74658203125,-0.121826171875,unknown
1713973407.171672,0.66064453125,0.759765625,-0.12646484375,unknown
1713973407.215859,0.669921875,0.7783203125,-0.115478515625,unknown
1713973407.250089,0.6435546875,0.769287109375,-0.11279296875,unknown
1713973407.299242,0.6630859375,0.77294921875,-0.082763671875,unknown
1713973407.330584,0.650390625,0.75146484375,-0.1123046875,unknown
1713973407.36814,0.666015625,0.750732421875,-0.076416015625,unknown
1713973407.408708,0.674072265625,0.732177734375,-0.074462890625,unknown
1713973407.457163,0.6767578125,0.75927734375,-0.044189453125,unknown
1713973407.490698,0.68408203125,0.775146484375,-0.0068359375,unknown
1713973407.533203,0.6787109375,0.769287109375,-0.020751953125,unknown
1713973407.568147,0.675537109375,0.74365234375,-0.0224609375,unknown
1713973407.619387,0.693115234375,0.740478515625,-0.014892578125,unknown
1713973407.648705,0.69091796875,0.73046875,-0.025390625,unknown
1713973407.692036,0.662353515625,0.758544921875,-0.015625,unknown
1713973407.72904,0.696044921875,0.750732421875,-0.017333984375,unknown
1713973407.781013,0.69580078125,0.763671875,0.01025390625,unknown
1713973407.810127,0.673095703125,0.763916015625,-0.008544921875,unknown
1713973407.858766,0.66748046875,0.758544921875,0.001220703125,unknown
1713973407.893898,0.688232421875,0.74560546875,0.0107421875,unknown
1713973407.945736,0.68994140625,0.744384765625,-0.00390625,unknown
1713973407.971246,0.673583984375,0.756591796875,0.000244140625,unknown
1713973408.008378,0.66845703125,0.7705078125,-0.00927734375,unknown
1713973408.049449,0.697021484375,0.7392578125,-0.009765625,unknown
1713973408.086916,0.724365234375,0.72314453125,-0.059814453125,unknown
1713973408.126996,0.67431640625,0.739990234375,-0.0908203125,unknown
1713973408.168155,0.667236328125,0.79443359375,-0.087890625,unknown
1713973408.209299,0.654296875,0.775634765625,-0.0966796875,unknown
1713973408.249566,0.637451171875,0.79443359375,-0.113525390625,unknown
1713973408.287897,0.63134765625,0.794921875,-0.1025390625,unknown
1713973408.328599,0.635498046875,0.798095703125,-0.1181640625,unknown
1713973408.369443,0.63134765625,0.786865234375,-0.133544921875,unknown
1713973408.409803,0.644775390625,0.757568359375,-0.1513671875,unknown
1713973408.451234,0.655517578125,0.759765625,-0.1416015625,unknown
1713973408.49075,0.6484375,0.760009765625,-0.138671875,unknown
1713973408.532813,0.646728515625,0.76513671875,-0.1357421875,unknown
1713973408.572215,0.623779296875,0.7841796875,-0.151123046875,unknown
1713973408.614482,0.63623046875,0.80859375,-0.151123046875,unknown
1713973408.655521,0.6376953125,0.7900390625,-0.142822265625,unknown
1713973408.697053,0.639892578125,0.79150390625,-0.162841796875,unknown
1713973408.728214,0.62841796875,0.783447265625,-0.164794921875,unknown
1713973408.774213,0.631591796875,0.8056640625,-0.154296875,unknown
1713973408.808878,0.631591796875,0.7822265625,-0.153076171875,unknown
1713973408.856992,0.638427734375,0.774169921875,-0.16455078125,unknown
1713973408.890348,0.64599609375,0.7705078125,-0.166015625,unknown
1713973408.939575,0.638916015625,0.75439453125,-0.165771484375,unknown
1713973408.97037,0.659423828125,0.76416015625,-0.14599609375,unknown
1713973409.011824,0.656005859375,0.767822265625,-0.13525390625,unknown
1713973409.052337,0.657470703125,0.768310546875,-0.14697265625,unknown
1713973409.0981,0.65234375,0.767822265625,-0.1396484375,unknown
1713973409.130919,0.648193359375,0.765625,-0.1435546875,unknown
1713973409.170984,0.6572265625,0.763427734375,-0.1484375,unknown
1713973409.21276,0.645263671875,0.763671875,-0.149658203125,unknown
1713973409.251515,0.64599609375,0.770751953125,-0.15625,unknown
1713973409.292484,0.644775390625,0.77099609375,-0.152587890625,unknown
1713973409.330754,0.648193359375,0.774169921875,-0.149169921875,unknown
1713973409.377057,0.64990234375,0.77587890625,-0.1455078125,unknown
1713973409.410722,0.6552734375,0.775634765625,-0.140869140625,unknown
1713973409.450341,0.653564453125,0.7734375,-0.147705078125,unknown
1713973409.492004,0.658935546875,0.7705078125,-0.15380859375,unknown
1713973409.531036,0.6484375,0.7646484375,-0.158935546875,unknown
1713973409.570823,0.646484375,0.760986328125,-0.157470703125,unknown
1713973409.611943,0.647705078125,0.765869140625,-0.1611328125,unknown
1713973409.653286,0.646728515625,0.768310546875,-0.15966796875,unknown
1713973409.695028,0.644775390625,0.78076171875,-0.155517578125,unknown
1713973409.735535,0.645751953125,0.777587890625,-0.14697265625,unknown
1713973409.772484,0.6474609375,0.779296875,-0.1591796875,unknown
1713973409.815428,0.64697265625,0.7705078125,-0.16552734375,unknown
1713973409.853583,0.642578125,0.767822265625,-0.160400390625,unknown
1713973409.896876,0.643310546875,0.770263671875,-0.160888671875,unknown
1713973409.936263,0.64404296875,0.770263671875,-0.153564453125,unknown
1713973409.971959,0.647216796875,0.77392578125,-0.152099609375,unknown
1713973410.012252,0.64892578125,0.775634765625,-0.153564453125,unknown
1713973410.050663,0.65380859375,0.774169921875,-0.1552734375,unknown
1713973410.08996,0.651123046875,0.770751953125,-0.1552734375,unknown
1713973410.131145,0.649169921875,0.768310546875,-0.155029296875,unknown
1713973410.170896,0.645751953125,0.765380859375,-0.154541015625,unknown
1713973410.212157,0.650146484375,0.7646484375,-0.15771484375,unknown
1713973410.253837,0.650390625,0.763671875,-0.16064453125,unknown
1713973410.292062,0.651123046875,0.766357421875,-0.158935546875,unknown
1713973410.333549,0.6484375,0.769287109375,-0.159912109375,unknown
1713973410.373712,0.64599609375,0.7705078125,-0.159423828125,unknown
1713973410.413447,0.638427734375,0.766845703125,-0.1650390625,unknown
1713973410.453089,0.64599609375,0.77490234375,-0.153564453125,unknown
1713973410.49794,0.650390625,0.781005859375,-0.14453125,unknown
1713973410.533066,0.645263671875,0.776123046875,-0.14111328125,unknown
1713973410.571804,0.6494140625,0.7744140625,-0.145751953125,unknown
1713973410.61209,0.6455078125,0.774169921875,-0.143310546875,unknown
1713973410.654912,0.651123046875,0.771484375,-0.143310546875,unknown
1713973410.690048,0.65087890625,0.77099609375,-0.142333984375,unknown
1713973410.733868,0.65478515625,0.770263671875,-0.138427734375,unknown
1713973410.772545,0.652099609375,0.7744140625,-0.132568359375,unknown
1713973410.813151,0.650390625,0.76513671875,-0.13720703125,unknown
1713973410.852173,0.66845703125,0.774658203125,-0.11328125,unknown
1713973410.892859,0.662353515625,0.7783203125,-0.105712890625,unknown
1713973410.932025,0.664794921875,0.771240234375,-0.115234375,unknown
1713973410.971954,0.66357421875,0.76416015625,-0.125244140625,unknown
1713973411.011887,0.64404296875,0.7646484375,-0.12353515625,unknown
1713973411.055585,0.645751953125,0.769287109375,-0.109619140625,unknown
1713973411.092882,0.664306640625,0.764404296875,-0.10498046875,unknown
1713973411.135272,0.666748046875,0.75830078125,-0.118896484375,unknown
1713973411.174129,0.66162109375,0.7509765625,-0.125244140625,unknown
1713973411.214861,0.672607421875,0.756591796875,-0.09765625,unknown
1713973411.253798,0.662353515625,0.745361328125,-0.091796875,unknown
1713973411.294128,0.671142578125,0.760986328125,-0.058349609375,unknown
1713973411.331272,0.6650390625,0.771484375,-0.05322265625,unknown
1713973411.374671,0.67626953125,0.781005859375,-0.027099609375,unknown
1713973411.41237,0.66748046875,0.783935546875,-0.01953125,unknown
1713973411.47207,0.6689453125,0.775390625,-0.017822265625,unknown
1713973411.49538,0.671875,0.763671875,-0.01171875,unknown
1713973411.533886,0.66748046875,0.754150390625,-0.0068359375,unknown
1713973411.57663,0.679443359375,0.76953125,0.007568359375,unknown
1713973411.616584,0.665283203125,0.7705078125,0.011962890625,unknown
1713973411.6565,0.6669921875,0.771484375,-0.001953125,unknown
1713973411.696543,0.659912109375,0.785400390625,0.01025390625,unknown
1713973411.735523,0.669921875,0.7685546875,0.0205078125,unknown
1713973411.776692,0.662353515625,0.78076171875,0.019287109375,unknown
1713973411.815031,0.6591796875,0.785888671875,0.010986328125,unknown
1713973411.855221,0.66796875,0.778564453125,0.013427734375,unknown
1713973411.893993,0.6630859375,0.764892578125,-0.00146484375,unknown
1713973411.934102,0.669677734375,0.765380859375,0.008544921875,unknown
1713973411.972983,0.665283203125,0.78564453125,0.036865234375,unknown
1713973412.025151,0.667236328125,0.76123046875,0.03125,unknown
1713973412.053263,0.667724609375,0.773193359375,0.025146484375,unknown
1713973412.09862,0.680908203125,0.751220703125,0.018310546875,unknown
1713973412.13301,0.66064453125,0.7548828125,0.015625,unknown
1713973412.178403,0.67333984375,0.75732421875,0.02880859375,unknown
1713973412.213941,0.668212890625,0.7509765625,0.017578125,unknown
1713973412.258832,0.69677734375,0.762451171875,0.03515625,unknown
1713973412.300827,0.6611328125,0.780517578125,0.041015625,unknown
1713973412.336897,0.67333984375,0.7548828125,0.04052734375,unknown
1713973412.379265,0.67529296875,0.76513671875,0.023681640625,unknown
1713973412.419708,0.6796875,0.775146484375,0.034912109375,unknown
1713973412.458846,0.6865234375,0.758544921875,0.04150390625,unknown
1713973412.49902,0.6826171875,0.75,0.040283203125,unknown
1713973412.536625,0.67236328125,0.775390625,0.024169921875,unknown
1713973412.576327,0.690185546875,0.743408203125,0.01220703125,unknown
1713973412.616228,0.681396484375,0.7451171875,0.03173828125,unknown
1713973412.656222,0.677001953125,0.751220703125,0.03564453125,unknown
1713973412.694952,0.683837890625,0.759765625,0.05078125,unknown
1713973412.735354,0.680908203125,0.757080078125,0.042724609375,unknown
1713973412.775391,0.689208984375,0.76171875,0.0498046875,unknown
1713973412.817632,0.68359375,0.749755859375,0.04248046875,unknown
1713973412.856876,0.686279296875,0.748291015625,0.040283203125,unknown
1713973412.896064,0.6875,0.74951171875,0.046142578125,unknown
1713973412.936938,0.6865234375,0.74755859375,0.0439453125,unknown
1713973412.978328,0.6875,0.752685546875,0.050048828125,unknown
1713973413.017022,0.68798828125,0.7548828125,0.04541015625,unknown
1713973413.061785,0.690673828125,0.75439453125,0.0458984375,unknown
1713973413.099276,0.681884765625,0.748046875,0.046630859375,unknown
1713973413.140129,0.689208984375,0.752197265625,0.051025390625,unknown
1713973413.178896,0.686767578125,0.751220703125,0.051025390625,unknown
1713973413.220729,0.68603515625,0.75048828125,0.052734375,unknown
1713973413.259806,0.6865234375,0.75341796875,0.054443359375,unknown
1713973413.296864,0.687744140625,0.753662109375,0.05322265625,unknown
1713973413.338343,0.687744140625,0.754150390625,0.05517578125,unknown
1713973413.377856,0.688720703125,0.750244140625,0.054931640625,unknown
1713973413.417915,0.692626953125,0.75341796875,0.055419921875,unknown
1713973413.456977,0.690673828125,0.74462890625,0.053466796875,unknown
1713973413.498205,0.68994140625,0.74609375,0.054931640625,unknown
1713973413.538538,0.6875,0.747802734375,0.04931640625,unknown
1713973413.577283,0.681884765625,0.75439453125,0.044189453125,unknown
1713973413.61801,0.679443359375,0.750732421875,0.038330078125,unknown
1713973413.659339,0.688720703125,0.755126953125,0.031005859375,unknown
1713973413.698876,0.688232421875,0.74853515625,0.025634765625,unknown
1713973413.739224,0.68701171875,0.75439453125,0.019775390625,unknown
1713973413.781017,0.689697265625,0.756103515625,0.013916015625,unknown
1713973413.820045,0.686767578125,0.755615234375,0.00537109375,unknown
1713973413.860744,0.682861328125,0.75439453125,-0.001220703125,unknown
1713973413.89902,0.68603515625,0.754150390625,-0.0068359375,unknown
1713973413.938856,0.681640625,0.757568359375,-0.013427734375,unknown
1713973413.978537,0.68115234375,0.7529296875,-0.01708984375,unknown
1713973414.022371,0.685546875,0.756591796875,-0.01953125,unknown
1713973414.059112,0.687255859375,0.759521484375,-0.019287109375,unknown
1713973414.098978,0.68603515625,0.75537109375,-0.02001953125,unknown
1713973414.139886,0.690673828125,0.7587890625,-0.018310546875,unknown
1713973414.180376,0.685546875,0.7578125,-0.012451171875,unknown
1713973414.21992,0.68603515625,0.758544921875,-0.00537109375,unknown
1713973414.264897,0.683349609375,0.759033203125,-0.003173828125,unknown
1713973414.306969,0.682861328125,0.755859375,-0.007568359375,unknown
1713973414.343401,0.690185546875,0.751220703125,-0.019287109375,unknown
1713973414.385882,0.678466796875,0.75537109375,-0.026611328125,unknown
1713973414.423359,0.686279296875,0.747802734375,-0.027099609375,unknown
1713973414.464106,0.685546875,0.74169921875,-0.02294921875,unknown
1713973414.502342,0.68994140625,0.742431640625,-0.024658203125,unknown
1713973414.542213,0.68701171875,0.750732421875,-0.030029296875,unknown
1713973414.582565,0.683837890625,0.750244140625,-0.034423828125,unknown
1713973414.634121,0.689453125,0.753662109375,-0.043212890625,unknown
1713973414.663396,0.681396484375,0.756103515625,-0.03662109375,unknown
1713973414.701368,0.688232421875,0.757080078125,-0.036865234375,unknown
1713973414.741139,0.68310546875,0.7578125,-0.0390625,unknown
1713973414.781029,0.680908203125,0.76171875,-0.02587890625,unknown
1713973414.824257,0.67822265625,0.761962890625,-0.028076171875,unknown
1713973414.865262,0.66943359375,0.7587890625,-0.036376953125,unknown
1713973414.902408,0.670166015625,0.761474609375,-0.03662109375,unknown
1713973414.944603,0.6640625,0.7685546875,-0.0439453125,unknown
1713973414.982996,0.670166015625,0.767333984375,-0.04443359375,unknown
1713973415.022257,0.667724609375,0.76953125,-0.046875,unknown
1713973415.064613,0.68115234375,0.767822265625,-0.05029296875,unknown
1713973415.113731,0.67919921875,0.757080078125,-0.037353515625,unknown
1713973415.143214,0.67919921875,0.752685546875,-0.044677734375,unknown
1713973415.186374,0.667724609375,0.771484375,-0.04248046875,unknown
1713973415.222222,0.66943359375,0.76708984375,-0.05859375,unknown
1713973415.263146,0.67529296875,0.766357421875,-0.09033203125,unknown
1713973415.30287,0.63427734375,0.783935546875,-0.08837890625,unknown
1713973415.352255,0.64013671875,0.78857421875,-0.0732421875,unknown
1713973415.380389,0.655029296875,0.76171875,-0.088134765625,unknown
1713973415.423325,0.6767578125,0.76171875,-0.09716796875,unknown
1713973415.460399,0.67822265625,0.759765625,-0.09033203125,unknown
1713973415.509791,0.6728515625,0.750732421875,-0.092529296875,unknown
1713973415.547087,0.673095703125,0.745849609375,-0.099853515625,unknown
1713973415.586615,0.67431640625,0.756591796875,-0.095458984375,unknown
1713973415.62528,0.67431640625,0.758056640625,-0.1044921875,unknown
1713973415.665093,0.67041015625,0.7607421875,-0.095703125,unknown
1713973415.703356,0.67626953125,0.7626953125,-0.08837890625,unknown
1713973415.742981,0.6708984375,0.76171875,-0.0791015625,unknown
1713973415.783324,0.665283203125,0.76123046875,-0.084228515625,unknown
1713973415.827911,0.671630859375,0.760498046875,-0.087646484375,unknown
1713973415.862582,0.67041015625,0.7685546875,-0.063232421875,unknown
1713973415.90132,0.67529296875,0.760986328125,-0.07275390625,unknown
1713973415.941204,0.68408203125,0.7802734375,-0.0478515625,unknown
1713973415.980402,0.662109375,0.75634765625,-0.047119140625,unknown
1713973416.027597,0.66162109375,0.7060546875,-0.0849609375,unknown
1713973416.063513,0.685302734375,0.741455078125,-0.06298828125,unknown
1713973416.106827,0.6923828125,0.767578125,-0.018310546875,unknown
1713973416.146519,0.697509765625,0.762451171875,0.000244140625,unknown
1713973416.185301,0.70166015625,0.739013671875,0.006103515625,unknown
1713973416.222497,0.71630859375,0.7373046875,0.020751953125,unknown
1713973416.264592,0.72119140625,0.73388671875,0.02783203125,unknown
1713973416.306045,0.701171875,0.72998046875,0.01806640625,unknown
1713973416.346569,0.70849609375,0.73486328125,-0.006591796875,unknown
1713973416.385765,0.704833984375,0.723876953125,0.012939453125,unknown
1713973416.423584,0.723876953125,0.723388671875,0.03369140625,unknown
1713973416.46329,0.716796875,0.72119140625,0.02197265625,unknown
1713973416.503304,0.711669921875,0.730224609375,0.02392578125,unknown
1713973416.541837,0.712646484375,0.72216796875,0.025146484375,unknown
1713973416.582047,0.716796875,0.72216796875,0.023681640625,unknown
1713973416.62338,0.721435546875,0.701904296875,0.049072265625,unknown
1713973416.661568,0.7099609375,0.71435546875,0.051025390625,unknown
1713973416.702308,0.71826171875,0.722900390625,0.056396484375,unknown
1713973416.742316,0.7177734375,0.723876953125,0.055419921875,unknown
1713973416.781911,0.7138671875,0.722412109375,0.052978515625,unknown
1713973416.823082,0.710693359375,0.7236328125,0.05029296875,unknown
1713973416.86595,0.712646484375,0.72412109375,0.037353515625,unknown
1713973416.901858,0.721435546875,0.7275390625,0.046875,unknown
1713973416.945767,0.719482421875,0.723876953125,0.052490234375,unknown
1713973416.983378,0.71728515625,0.722900390625,0.041748046875,unknown
1713973417.023774,0.718017578125,0.719970703125,0.048583984375,unknown
1713973417.063841,0.723388671875,0.726318359375,0.051513671875,unknown
1713973417.104733,0.7177734375,0.719482421875,0.04833984375,unknown
1713973417.144967,0.713623046875,0.72119140625,0.0478515625,unknown
1713973417.183945,0.7158203125,0.72021484375,0.051513671875,unknown
1713973417.22285,0.72021484375,0.718994140625,0.045166015625,unknown
1713973417.26293,0.718505859375,0.71923828125,0.052490234375,unknown
1713973417.303606,0.7109375,0.71240234375,0.047607421875,unknown
1713973417.343841,0.71533203125,0.724853515625,0.0517578125,unknown
1713973417.383144,0.730224609375,0.71142578125,0.05224609375,unknown
1713973417.422818,0.726318359375,0.710693359375,0.044189453125,unknown
1713973417.465301,0.712646484375,0.711669921875,0.0341796875,unknown
1713973417.504818,0.70654296875,0.7216796875,0.040283203125,unknown
1713973417.543952,0.730712890625,0.7099609375,0.041748046875,unknown
1713973417.58494,0.7431640625,0.69775390625,0.04443359375,unknown
1713973417.624851,0.728271484375,0.71142578125,0.03955078125,unknown
1713973417.663963,0.7119140625,0.72265625,0.033447265625,unknown
1713973417.704898,0.713623046875,0.72265625,0.031005859375,unknown
1713973417.74488,0.706298828125,0.72412109375,0.02294921875,unknown
1713973417.785409,0.70947265625,0.72900390625,0.024658203125,unknown
1713973417.82521,0.71044921875,0.722412109375,0.016845703125,unknown
1713973417.865065,0.7109375,0.72607421875,0.017578125,unknown
1713973417.90427,0.705322265625,0.726318359375,0.01416015625,unknown
1713973417.941987,0.713134765625,0.728515625,0.017822265625,unknown
1713973417.982679,0.70849609375,0.726806640625,0.0234375,unknown
1713973418.023383,0.7158203125,0.73095703125,0.025390625,unknown
1713973418.063401,0.717041015625,0.733642578125,0.031005859375,unknown
1713973418.103494,0.722412109375,0.738037109375,0.04150390625,unknown
1713973418.145209,0.6826171875,0.717529296875,0.03564453125,unknown
1713973418.185495,0.67626953125,0.690185546875,0.028076171875,unknown
1713973418.227335,0.721923828125,0.718017578125,0.10693359375,unknown
1713973418.267412,0.727783203125,0.708984375,0.1259765625,unknown
1713973418.30826,0.7275390625,0.715576171875,0.1318359375,unknown
1713973418.347692,0.72412109375,0.7197265625,0.12158203125,unknown
1713973418.389462,0.7216796875,0.72119140625,0.115966796875,unknown
1713973418.4284,0.710205078125,0.718017578125,0.10400390625,unknown
1713973418.471022,0.705078125,0.7177734375,0.10205078125,unknown
1713973418.510119,0.70166015625,0.717529296875,0.10302734375,unknown
1713973418.548924,0.7060546875,0.72314453125,0.107177734375,unknown
1713973418.584295,0.706298828125,0.723388671875,0.10595703125,unknown
1713973418.634669,0.7109375,0.72265625,0.108642578125,unknown
1713973418.663976,0.712890625,0.731201171875,0.11083984375,unknown
1713973418.703848,0.717041015625,0.7314453125,0.11083984375,unknown
1713973418.744103,0.70703125,0.72216796875,0.115966796875,unknown
1713973418.784244,0.705810546875,0.72509765625,0.111572265625,unknown
1713973418.824837,0.70263671875,0.723876953125,0.112060546875,unknown
1713973418.864959,0.7041015625,0.72216796875,0.10498046875,unknown
1713973418.905,0.70361328125,0.72607421875,0.1044921875,unknown
1713973418.951794,0.70361328125,0.724609375,0.100341796875,unknown
1713973418.985911,0.7080078125,0.724853515625,0.103271484375,unknown
1713973419.026898,0.711181640625,0.72509765625,0.104736328125,unknown
1713973419.0672,0.71630859375,0.727783203125,0.113037109375,unknown
1713973419.107183,0.713623046875,0.727294921875,0.106201171875,unknown
1713973419.146967,0.710693359375,0.726318359375,0.100830078125,unknown
1713973419.186137,0.714599609375,0.7275390625,0.09716796875,unknown
1713973419.224322,0.713623046875,0.72705078125,0.092041015625,unknown
1713973419.265289,0.709228515625,0.723876953125,0.084716796875,unknown
1713973419.305984,0.70703125,0.7255859375,0.074951171875,unknown
1713973419.345663,0.711669921875,0.729248046875,0.06787109375,unknown
1713973419.386082,0.708984375,0.730712890625,0.071044921875,unknown
1713973419.426392,0.7021484375,0.726318359375,0.059814453125,unknown
1713973419.466844,0.700927734375,0.72900390625,0.057373046875,unknown
1713973419.507489,0.698974609375,0.724609375,0.033935546875,unknown
1713973419.550239,0.68994140625,0.733154296875,0.02587890625,unknown
1713973419.588752,0.694580078125,0.738525390625,0.018310546875,unknown
1713973419.626845,0.70068359375,0.734619140625,0.01123046875,unknown
1713973419.667843,0.744873046875,0.709716796875,0.011474609375,unknown
1713973419.708169,0.70263671875,0.7333984375,0.01025390625,unknown
1713973419.747992,0.70458984375,0.74267578125,-0.003173828125,unknown
1713973419.789125,0.708984375,0.732421875,-0.02099609375,unknown
1713973419.828459,0.723388671875,0.729248046875,-0.0126953125,unknown
1713973419.869423,0.720703125,0.724609375,-0.039306640625,unknown
1713973419.909801,0.70654296875,0.713623046875,-0.060791015625,unknown
1713973419.946842,0.705078125,0.714599609375,-0.071044921875,unknown
1713973419.990754,0.71044921875,0.713134765625,-0.0771484375,unknown
1713973420.036619,0.69873046875,0.710205078125,-0.08740234375,unknown
1713973420.069452,0.706298828125,0.713623046875,-0.09375,unknown
1713973420.120783,0.7080078125,0.716796875,-0.08837890625,unknown
1713973420.15078,0.712158203125,0.71484375,-0.087158203125,unknown
1713973420.199703,0.711181640625,0.717041015625,-0.0888671875,unknown
1713973420.227897,0.71533203125,0.72314453125,-0.079833984375,unknown
1713973420.277601,0.70849609375,0.72021484375,-0.076904296875,unknown
1713973420.315072,0.707275390625,0.71875,-0.076904296875,unknown
1713973420.355022,0.692138671875,0.713623046875,-0.075439453125,unknown
1713973420.394199,0.70654296875,0.724609375,-0.060302734375,unknown
1713973420.433704,0.695556640625,0.71484375,-0.056884765625,unknown
1713973420.471674,0.694580078125,0.71630859375,-0.0546875,unknown
1713973420.511219,0.697021484375,0.746337890625,-0.0146484375,unknown
1713973420.550792,0.714111328125,0.7353515625,0.0,unknown
1713973420.590123,0.71337890625,0.76513671875,0.039306640625,unknown
1713973420.62893,0.721923828125,0.758056640625,0.048583984375,unknown
1713973420.669654,0.709228515625,0.731201171875,0.0478515625,unknown
1713973420.708917,0.700439453125,0.76123046875,0.035400390625,unknown
1713973420.751971,0.6962890625,0.720703125,0.033447265625,unknown
1713973420.788925,0.700927734375,0.720703125,0.02783203125,unknown
1713973420.830394,0.70166015625,0.730712890625,0.02685546875,unknown
1713973420.869996,0.70556640625,0.728271484375,0.027587890625,unknown
1713973420.912295,0.70263671875,0.732421875,0.030517578125,unknown
1713973420.951054,0.70556640625,0.728759765625,0.0341796875,unknown
1713973420.991058,0.709716796875,0.73046875,0.0380859375,unknown
1713973421.032647,0.7119140625,0.732177734375,0.03466796875,Get ready
1713973421.072261,0.70947265625,0.729736328125,0.0263671875,Get ready
1713973421.112207,0.70947265625,0.731201171875,0.02734375,Get ready
1713973421.154428,0.708251953125,0.72998046875,0.02783203125,Get ready
1713973421.189789,0.70361328125,0.72802734375,0.028076171875,Get ready
1713973421.236135,0.70556640625,0.7275390625,0.030517578125,Get ready
1713973421.271696,0.69970703125,0.721435546875,0.02880859375,Get ready
1713973421.312799,0.715087890625,0.7314453125,0.04931640625,Get ready
1713973421.351879,0.69970703125,0.722900390625,0.03369140625,Get ready
1713973421.390828,0.709228515625,0.735595703125,0.052490234375,Get ready
1713973421.431204,0.712890625,0.749755859375,0.070556640625,Get ready
1713973421.474104,0.718017578125,0.754150390625,0.09716796875,Get ready
1713973421.511503,0.706787109375,0.748046875,0.098876953125,Get ready
1713973421.550823,0.69970703125,0.742431640625,0.09326171875,Get ready
1713973421.591879,0.701904296875,0.74462890625,0.095458984375,Get ready
1713973421.633934,0.6953125,0.728759765625,0.083740234375,Get ready
1713973421.671894,0.699462890625,0.7392578125,0.0908203125,Get ready
1713973421.713309,0.697509765625,0.739990234375,0.088623046875,Get ready
1713973421.752834,0.7001953125,0.73974609375,0.086181640625,Get ready
1713973421.79566,0.697265625,0.738525390625,0.080078125,Get ready
1713973421.836821,0.698974609375,0.736328125,0.077392578125,Get ready
1713973421.873252,0.709716796875,0.735107421875,0.0908203125,Get ready
1713973421.914748,0.708740234375,0.721923828125,0.082763671875,Get ready
1713973421.952426,0.707763671875,0.71240234375,0.068115234375,Get ready
1713973421.993604,0.71337890625,0.71337890625,0.06884765625,Get ready
1713973422.03427,0.717041015625,0.71875,0.058349609375,Get ready
1713973422.085131,0.716796875,0.7158203125,0.05078125,Get ready
1713973422.114425,0.71826171875,0.7177734375,0.039794921875,Get ready
1713973422.157937,0.714599609375,0.719970703125,0.03564453125,Get ready
1713973422.194296,0.7177734375,0.7158203125,0.026611328125,Get ready
1713973422.236767,0.720947265625,0.71875,0.0126953125,Get ready
1713973422.273906,0.716552734375,0.722412109375,-0.009033203125,Get ready
1713973422.318591,0.708984375,0.72900390625,-0.025390625,Get ready
1713973422.3554,0.702880859375,0.72607421875,-0.05517578125,Get ready
1713973422.398027,0.700439453125,0.71826171875,-0.08740234375,Get ready
1713973422.435096,0.708984375,0.706787109375,-0.096923828125,Get ready
1713973422.48365,0.71240234375,0.696533203125,-0.078857421875,Get ready
1713973422.513827,0.724365234375,0.692138671875,-0.0498046875,Get ready
1713973422.56603,0.707275390625,0.710205078125,-0.02490234375,Get ready
1713973422.594566,0.69580078125,0.7314453125,0.01220703125,Get ready
1713973422.635807,0.6962890625,0.7568359375,0.019287109375,Get ready
1713973422.674131,0.67529296875,0.7763671875,-0.00390625,Get ready
1713973422.727757,0.671875,0.78369140625,-0.032470703125,Get ready
1713973422.756081,0.6689453125,0.78173828125,-0.051025390625,Get ready
1713973422.806589,0.661376953125,0.790283203125,-0.037109375,Get ready
1713973422.843287,0.667236328125,0.792724609375,-0.017578125,Get ready
1713973422.876842,0.66455078125,0.80419921875,-0.01318359375,Get ready
1713973422.921145,0.66650390625,0.796630859375,-0.004150390625,Get ready
1713973422.961746,0.65576171875,0.787109375,-0.00830078125,Get ready
1713973422.999639,0.656494140625,0.7880859375,-0.021240234375,Get ready
1713973423.039437,0.65234375,0.78662109375,-0.0244140625,Get ready
1713973423.07734,0.64794921875,0.7802734375,-0.041015625,Get ready
1713973423.117202,0.656005859375,0.77734375,-0.06689453125,Get ready
1713973423.156119,0.657470703125,0.77490234375,-0.036865234375,Get ready
1713973423.195446,0.652587890625,0.768310546875,-0.070556640625,Get ready
1713973423.235101,0.660400390625,0.7685546875,-0.0732421875,Get ready
1713973423.275038,0.648193359375,0.7705078125,-0.101806640625,Get ready
1713973423.31512,0.66748046875,0.77734375,-0.104736328125,Get ready
1713973423.357142,0.65576171875,0.784423828125,-0.097900390625,Get ready
1713973423.397791,0.65478515625,0.78125,-0.10595703125,Get ready
1713973423.443056,0.653076171875,0.771240234375,-0.128173828125,Get ready
1713973423.482938,0.66015625,0.766845703125,-0.142822265625,Get ready
1713973423.520153,0.666015625,0.76611328125,-0.134765625,Get ready
1713973423.562976,0.667236328125,0.75732421875,-0.134765625,Get ready
1713973423.603576,0.67626953125,0.75634765625,-0.12841796875,Get ready
1713973423.641957,0.6416015625,0.757080078125,-0.15087890625,Get ready
1713973423.681666,0.65966796875,0.74462890625,-0.1650390625,Get ready
1713973423.720498,0.656005859375,0.7353515625,-0.177734375,Get ready
1713973423.759783,0.6650390625,0.732666015625,-0.185302734375,Get ready
1713973423.797656,0.669189453125,0.7294921875,-0.19873046875,Get ready
1713973423.838258,0.672607421875,0.728515625,-0.2255859375,Get ready
1713973423.875959,0.655517578125,0.73291015625,-0.213623046875,Get ready
1713973423.921084,0.66552734375,0.760009765625,-0.185302734375,Get ready
1713973423.955584,0.64794921875,0.75341796875,-0.19384765625,Get ready
1713973424.00105,0.662353515625,0.716552734375,-0.19287109375,Get ready
1713973424.03511,0.66357421875,0.75,-0.17236328125,Get ready
1713973424.082693,0.66064453125,0.755126953125,-0.14404296875,Get ready
1713973424.121006,0.66455078125,0.755615234375,-0.163330078125,Get ready
1713973424.160814,0.649169921875,0.759033203125,-0.1689453125,Get ready
1713973424.199377,0.674560546875,0.783935546875,-0.173583984375,Get ready
1713973424.238773,0.6572265625,0.759765625,-0.146728515625,Get ready
1713973424.277448,0.66650390625,0.75048828125,-0.14111328125,Get ready
1713973424.316657,0.656005859375,0.7421875,-0.136962890625,Get ready
1713973424.359115,0.669921875,0.756103515625,-0.1328125,Get ready
1713973424.396204,0.675537109375,0.75048828125,-0.138671875,Get ready
1713973424.435318,0.679931640625,0.75341796875,-0.1337890625,Get ready
1713973424.479243,0.69775390625,0.765625,-0.135986328125,Get ready
1713973424.51389,0.673828125,0.774169921875,-0.12353515625,Get ready
1713973424.55484,0.655517578125,0.76416015625,-0.137451171875,Get ready
1713973424.594001,0.661865234375,0.760009765625,-0.119873046875,Get ready
1713973424.634016,0.670166015625,0.76416015625,-0.128173828125,Get ready
1713973424.675738,0.660400390625,0.763916015625,-0.119140625,Get ready
1713973424.718894,0.66650390625,0.77978515625,-0.10546875,Get ready
1713973424.756411,0.662353515625,0.782470703125,-0.110595703125,Get ready
1713973424.796019,0.654296875,0.784912109375,-0.11279296875,Get ready
1713973424.835955,0.654052734375,0.779541015625,-0.09912109375,Get ready
1713973424.877946,0.66357421875,0.771240234375,-0.109375,Get ready
1713973424.916116,0.641845703125,0.77685546875,-0.094970703125,Get ready
1713973424.955871,0.650390625,0.779296875,-0.10009765625,Get ready
1713973424.998785,0.65185546875,0.779052734375,-0.125732421875,Get ready
1713973425.037932,0.648193359375,0.783203125,-0.133056640625,Get ready
1713973425.075806,0.64892578125,0.777587890625,-0.13427734375,Get ready
1713973425.116366,0.649169921875,0.775390625,-0.16259765625,Get ready
1713973425.155012,0.6376953125,0.768798828125,-0.1533203125,Get ready
1713973425.194309,0.65966796875,0.761962890625,-0.15771484375,Get ready
1713973425.23931,0.657958984375,0.761962890625,-0.139404296875,Get ready
1713973425.27911,0.65625,0.74462890625,-0.14892578125,Get ready
1713973425.316654,0.670654296875,0.747802734375,-0.14306640625,Get ready
1713973425.357551,0.67724609375,0.74609375,-0.157958984375,Get ready
1713973425.395245,0.6689453125,0.713623046875,-0.146484375,Get ready
1713973425.434867,0.6875,0.75341796875,-0.1318359375,Get ready
1713973425.477534,0.677734375,0.752685546875,-0.14208984375,Get ready
1713973425.516249,0.679931640625,0.744140625,-0.16943359375,Get ready
1713973425.555895,0.662353515625,0.734619140625,-0.16650390625,Get ready
1713973425.59605,0.68017578125,0.7373046875,-0.153564453125,Get ready
1713973425.635944,0.68798828125,0.734375,-0.15966796875,Get ready
1713973425.676072,0.676025390625,0.733642578125,-0.145263671875,Get ready
1713973425.715325,0.671142578125,0.74169921875,-0.185546875,Get ready
1713973425.758019,0.685302734375,0.744140625,-0.15966796875,Get ready
1713973425.795297,0.66064453125,0.7373046875,-0.187255859375,Get ready
1713973425.835756,0.671630859375,0.747802734375,-0.193115234375,Get ready
1713973425.8775,0.66455078125,0.748046875,-0.155029296875,Get ready
1713973425.915853,0.68505859375,0.75146484375,-0.166015625,Get ready
1713973425.956204,0.659423828125,0.72802734375,-0.207763671875,Get ready
1713973425.997524,0.663330078125,0.7548828125,-0.185302734375,Get ready
1713973426.036887,0.65869140625,0.751220703125,-0.1767578125,Get ready
1713973426.080896,0.66259765625,0.753173828125,-0.1787109375,Get ready
1713973426.121643,0.6669921875,0.73974609375,-0.1796875,Get ready
1713973426.159854,0.668701171875,0.753173828125,-0.182861328125,Get ready
1713973426.201656,0.668212890625,0.740234375,-0.194580078125,Get ready
1713973426.238464,0.658447265625,0.73974609375,-0.201416015625,Get ready
1713973426.279232,0.66552734375,0.741455078125,-0.1845703125,Get ready
1713973426.321908,0.662353515625,0.7451171875,-0.18603515625,Get ready
1713973426.363898,0.66943359375,0.750732421875,-0.178955078125,Get ready
1713973426.398425,0.662353515625,0.7548828125,-0.18212890625,Get ready
1713973426.438647,0.647705078125,0.758544921875,-0.203857421875,Get ready
1713973426.476321,0.645751953125,0.74609375,-0.20361328125,Get ready
1713973426.516561,0.642333984375,0.739501953125,-0.182373046875,Get ready
1713973426.556678,0.658203125,0.746826171875,-0.191650390625,Get ready
1713973426.59816,0.65380859375,0.757568359375,-0.1845703125,Get ready
1713973426.637056,0.661865234375,0.755615234375,-0.17626953125,Get ready
1713973426.677112,0.66015625,0.7578125,-0.166259765625,Get ready
1713973426.716832,0.658203125,0.759765625,-0.17138671875,Get ready
1713973426.761901,0.65869140625,0.759521484375,-0.16162109375,Get ready
1713973426.798793,0.669921875,0.763427734375,-0.16162109375,Get ready
1713973426.839844,0.670654296875,0.759033203125,-0.148193359375,Get ready
1713973426.881422,0.673095703125,0.75439453125,-0.144775390625,Get ready
1713973426.919621,0.671875,0.753662109375,-0.158447265625,Get ready
1713973426.957813,0.652099609375,0.739990234375,-0.158203125,Get ready
1713973426.999337,0.669189453125,0.74609375,-0.173095703125,Get ready
1713973427.038834,0.678955078125,0.74951171875,-0.15185546875,Get ready
1713973427.085332,0.66748046875,0.74169921875,-0.17236328125,Get ready
1713973427.117202,0.66162109375,0.739990234375,-0.180908203125,Get ready
1713973427.16779,0.652099609375,0.740478515625,-0.2060546875,Get ready
1713973427.197892,0.664306640625,0.747314453125,-0.201904296875,Get ready
1713973427.248273,0.658203125,0.73388671875,-0.208251953125,Get ready
1713973427.285304,0.6689453125,0.743408203125,-0.181884765625,Get ready
1713973427.325306,0.66796875,0.748046875,-0.19482421875,Get ready
1713973427.363489,0.65380859375,0.739990234375,-0.21875,Get ready
1713973427.399722,0.6669921875,0.7568359375,-0.206787109375,Get ready
1713973427.441413,0.6728515625,0.7568359375,-0.190673828125,Get ready
1713973427.480621,0.65283203125,0.7353515625,-0.23876953125,Get ready
1713973427.519826,0.657470703125,0.744873046875,-0.193115234375,Get ready
1713973427.56025,0.66748046875,0.745361328125,-0.201171875,Get ready
1713973427.600489,0.6572265625,0.75341796875,-0.189697265625,Get ready
1713973427.64118,0.656005859375,0.74755859375,-0.188232421875,Get ready
1713973427.680354,0.658203125,0.74462890625,-0.21240234375,Get ready
1713973427.719319,0.66650390625,0.7509765625,-0.20166015625,Get ready
1713973427.759104,0.656494140625,0.7470703125,-0.1865234375,Get ready
1713973427.800135,0.666259765625,0.748779296875,-0.198486328125,Get ready
1713973427.839905,0.669677734375,0.74609375,-0.19873046875,Get ready
1713973427.885205,0.654541015625,0.74609375,-0.18896484375,Get ready
1713973427.92013,0.660888671875,0.74609375,-0.1923828125,Get ready
1713973427.965426,0.657470703125,0.7509765625,-0.189208984375,Get ready
1713973428.00057,0.66748046875,0.74951171875,-0.18603515625,Get ready
1713973428.041303,0.666259765625,0.74365234375,-0.208740234375,Get ready
1713973428.081109,0.66015625,0.73974609375,-0.206298828125,Get ready
1713973428.128811,0.667236328125,0.752197265625,-0.181640625,Get ready
1713973428.162768,0.650146484375,0.7490234375,-0.190673828125,Get ready
1713973428.20669,0.668212890625,0.747802734375,-0.186279296875,Get ready
1713973428.244087,0.649169921875,0.736328125,-0.1826171875,Get ready
1713973428.290443,0.6669921875,0.742431640625,-0.17236328125,Get ready
1713973428.320738,0.66845703125,0.7490234375,-0.1513671875,Get ready
1713973428.361607,0.689208984375,0.763916015625,-0.154052734375,Get ready
1713973428.401007,0.66943359375,0.75439453125,-0.18408203125,Get ready
1713973428.44393,0.6591796875,0.744873046875,-0.195556640625,Get ready
1713973428.481739,0.663818359375,0.74462890625,-0.20458984375,Get ready
1713973428.523719,0.658935546875,0.7421875,-0.173828125,Get ready
1713973428.561804,0.6865234375,0.75830078125,-0.145263671875,Get ready
1713973428.604094,0.66845703125,0.75244140625,-0.15869140625,Get ready
1713973428.644323,0.671142578125,0.755859375,-0.170654296875,Get ready
1713973428.688368,0.67236328125,0.7421875,-0.15625,Get ready
1713973428.722257,0.66357421875,0.744873046875,-0.176513671875,Get ready
1713973428.768257,0.669189453125,0.749267578125,-0.177734375,Get ready
1713973428.806976,0.6669921875,0.74658203125,-0.186767578125,Get ready
1713973428.842767,0.654052734375,0.74072265625,-0.23095703125,Get ready
1713973428.882877,0.64599609375,0.748779296875,-0.207763671875,Get ready
1713973428.923092,0.6669921875,0.763671875,-0.180419921875,Get ready
1713973428.963983,0.659423828125,0.7548828125,-0.18310546875,Get ready
1713973429.003075,0.665283203125,0.751708984375,-0.1875,Get ready
1713973429.0419,0.65869140625,0.750244140625,-0.18603515625,Get ready
1713973429.081938,0.663818359375,0.751953125,-0.186767578125,Get ready
1713973429.130087,0.653564453125,0.751953125,-0.175048828125,Get ready
1713973429.16089,0.674072265625,0.754150390625,-0.16748046875,Get ready
1713973429.203943,0.66162109375,0.747314453125,-0.188232421875,Get ready
1713973429.241808,0.660888671875,0.749267578125,-0.17919921875,Get ready
1713973429.28436,0.670166015625,0.7578125,-0.169189453125,Get ready
1713973429.322781,0.6669921875,0.75244140625,-0.164306640625,Get ready
1713973429.363022,0.663330078125,0.751953125,-0.17236328125,Get ready
1713973429.40407,0.65869140625,0.7587890625,-0.17919921875,Get ready
1713973429.445552,0.659912109375,0.7548828125,-0.178466796875,Get ready
1713973429.48429,0.660888671875,0.760498046875,-0.162109375,Get ready
1713973429.526783,0.674072265625,0.766357421875,-0.164794921875,Get ready
1713973429.567262,0.6650390625,0.759765625,-0.161865234375,Get ready
1713973429.604195,0.664794921875,0.756103515625,-0.169921875,Get ready
1713973429.643994,0.660400390625,0.75390625,-0.166259765625,Get ready
1713973429.687486,0.66748046875,0.746337890625,-0.149658203125,Get ready
1713973429.727465,0.6826171875,0.75146484375,-0.163330078125,Get ready
1713973429.763581,0.667236328125,0.74755859375,-0.15087890625,Get ready
1713973429.807781,0.671875,0.75537109375,-0.1494140625,Get ready
1713973429.849014,0.66943359375,0.752197265625,-0.1494140625,Get ready
1713973429.88843,0.664306640625,0.755859375,-0.150146484375,Get ready
1713973429.931548,0.662353515625,0.7548828125,-0.159423828125,Get ready
1713973429.971156,0.667724609375,0.752197265625,-0.158447265625,Get ready
1713973430.012809,0.668212890625,0.75244140625,-0.152587890625,Get ready
1713973430.044263,0.6630859375,0.74609375,-0.156982421875,Get ready
1713973430.090505,0.659912109375,0.74853515625,-0.15380859375,Get ready
1713973430.132536,0.674072265625,0.752197265625,-0.143310546875,Get ready
1713973430.17285,0.676025390625,0.753173828125,-0.14794921875,Get ready
1713973430.21107,0.66357421875,0.748291015625,-0.13916015625,Get ready
1713973430.247077,0.67529296875,0.754150390625,-0.140869140625,Get ready
1713973430.289905,0.6787109375,0.757080078125,-0.14208984375,Get ready
1713973430.325299,0.661376953125,0.751953125,-0.136962890625,Get ready
1713973430.366381,0.666748046875,0.753662109375,-0.14501953125,Get ready
1713973430.408608,0.6669921875,0.754150390625,-0.1494140625,Get ready
1713973430.442767,0.6669921875,0.7548828125,-0.132080078125,Get ready
1713973430.483387,0.669189453125,0.753662109375,-0.13525390625,Get ready
1713973430.523934,0.658203125,0.751953125,-0.14208984375,Get ready
1713973430.575586,0.67138671875,0.753173828125,-0.124267578125,Get ready
1713973430.603805,0.658935546875,0.751220703125,-0.148681640625,Get ready
1713973430.653279,0.670166015625,0.762451171875,-0.143310546875,Get ready
1713973430.683916,0.65625,0.7490234375,-0.14013671875,Get ready
1713973430.734718,0.67431640625,0.761962890625,-0.12353515625,Get ready
1713973430.764068,0.662353515625,0.758056640625,-0.13134765625,Get ready
1713973430.808722,0.666748046875,0.75390625,-0.131103515625,Get ready
1713973430.850803,0.66943359375,0.759521484375,-0.138427734375,Get ready
1713973430.89094,0.66357421875,0.75537109375,-0.131103515625,Get ready
1713973430.929036,0.66552734375,0.75634765625,-0.13916015625,Get ready
1713973430.966074,0.67333984375,0.76025390625,-0.128662109375,Get ready
1713973431.008134,0.6630859375,0.758544921875,-0.133056640625,Get ready
1713973431.047919,0.66748046875,0.760009765625,-0.13525390625,Get ready
1713973431.084546,0.667724609375,0.762451171875,-0.12158203125,Get ready
1713973431.124995,0.670166015625,0.759033203125,-0.118408203125,Get ready
1713973431.165133,0.675537109375,0.75634765625,-0.1279296875,Get ready
1713973431.205857,0.66455078125,0.749267578125,-0.1591796875,Get ready
1713973431.244677,0.6708984375,0.75439453125,-0.154052734375,Get ready
1713973431.286384,0.663818359375,0.73828125,-0.1513671875,Get ready
1713973431.325086,0.66845703125,0.74853515625,-0.158447265625,Get ready
1713973431.36584,0.66162109375,0.762451171875,-0.15869140625,Get ready
1713973431.406238,0.64404296875,0.75537109375,-0.141357421875,Get ready
1713973431.44647,0.654296875,0.7646484375,-0.158447265625,Get ready
1713973431.486043,0.68115234375,0.773193359375,-0.14892578125,Get ready
1713973431.52576,0.654296875,0.759521484375,-0.17431640625,Get ready
1713973431.564956,0.6923828125,0.76318359375,-0.120849609375,Get ready
1713973431.608645,0.695556640625,0.74755859375,-0.108642578125,Get ready
1713973431.644466,0.677490234375,0.739990234375,-0.11865234375,Get ready
1713973431.686211,0.685791015625,0.73828125,-0.1767578125,Get ready
1713973431.725166,0.6650390625,0.729736328125,-0.203125,Get ready
1713973431.767338,0.67333984375,0.738037109375,-0.146728515625,Get ready
1713973431.805537,0.69921875,0.73828125,-0.132568359375,Get ready
1713973431.845005,0.680419921875,0.740966796875,-0.13916015625,Get ready
1713973431.885153,0.679931640625,0.74169921875,-0.156005859375,Get ready
1713973431.929235,0.680908203125,0.7412109375,-0.144287109375,Get ready
1713973431.966178,0.690185546875,0.743896484375,-0.118896484375,Get ready
1713973432.00742,0.698974609375,0.73974609375,-0.116455078125,Get ready
1713973432.046322,0.6826171875,0.73193359375,-0.1201171875,Get ready
1713973432.085791,0.69775390625,0.736572265625,-0.124755859375,Get ready
1713973432.125744,0.694091796875,0.736328125,-0.117431640625,Get ready
1713973432.170198,0.689208984375,0.742919921875,-0.095703125,Get ready
1713973432.207916,0.694091796875,0.73828125,-0.1298828125,Get ready
1713973432.248367,0.693603515625,0.7421875,-0.1162109375,Get ready
1713973432.285997,0.699462890625,0.740966796875,-0.118896484375,Get ready
1713973432.326875,0.681884765625,0.732666015625,-0.150146484375,Get ready
1713973432.365024,0.6845703125,0.73193359375,-0.148681640625,Get ready
1713973432.404714,0.682861328125,0.733642578125,-0.128662109375,Get ready
1713973432.444747,0.698974609375,0.73779296875,-0.123046875,Get ready
1713973432.485801,0.673095703125,0.7314453125,-0.146728515625,Get ready
1713973432.525989,0.69677734375,0.73486328125,-0.140869140625,Get ready
1713973432.566744,0.6806640625,0.7333984375,-0.15625,Get ready
1713973432.612697,0.6826171875,0.73828125,-0.148193359375,Get ready
1713973432.648918,0.685302734375,0.739501953125,-0.142333984375,Get ready
1713973432.689939,0.676025390625,0.73779296875,-0.142333984375,Get ready
1713973432.728594,0.686767578125,0.741943359375,-0.152587890625,Get ready
1713973432.767791,0.678955078125,0.74462890625,-0.160888671875,Get ready
1713973432.809535,0.6826171875,0.741943359375,-0.152587890625,Get ready
1713973432.861858,0.68408203125,0.741943359375,-0.14501953125,Get ready
1713973432.88751,0.68505859375,0.737060546875,-0.142578125,Get ready
1713973432.9271,0.687255859375,0.735107421875,-0.142822265625,Get ready
1713973432.966014,0.687744140625,0.736083984375,-0.14501953125,Get ready
1713973433.005013,0.68310546875,0.73779296875,-0.131103515625,Get ready
1713973433.054127,0.698486328125,0.73779296875,-0.13037109375,Get ready
1713973433.085939,0.68359375,0.731689453125,-0.13134765625,Get ready
1713973433.129493,0.689208984375,0.7353515625,-0.144287109375,Get ready
1713973433.170085,0.689697265625,0.73095703125,-0.142822265625,Get ready
1713973433.206745,0.688232421875,0.739013671875,-0.140869140625,Get ready
1713973433.260943,0.68896484375,0.739013671875,-0.14794921875,Get ready
1713973433.297662,0.6884765625,0.740966796875,-0.134765625,Get ready
1713973433.32779,0.68603515625,0.748046875,-0.138916015625,Get ready
1713973433.368565,0.675537109375,0.74609375,-0.152099609375,Get ready
1713973433.409485,0.67041015625,0.7509765625,-0.143798828125,Get ready
1713973433.447883,0.664306640625,0.75439453125,-0.152587890625,Get ready
1713973433.488776,0.669189453125,0.750244140625,-0.15771484375,Get ready
1713973433.531707,0.66650390625,0.753173828125,-0.153076171875,Get ready
1713973433.574364,0.6650390625,0.74609375,-0.15380859375,Get ready
1713973433.610635,0.66845703125,0.734375,-0.157470703125,Get ready
1713973433.651989,0.663818359375,0.752197265625,-0.162841796875,Get ready
1713973433.688704,0.66162109375,0.754638671875,-0.1494140625,Get ready
1713973433.729995,0.671875,0.755126953125,-0.126220703125,Get ready
1713973433.766905,0.667724609375,0.755615234375,-0.132568359375,Get ready
1713973433.809163,0.67333984375,0.75927734375,-0.130615234375,Get ready
1713973433.849369,0.66455078125,0.7529296875,-0.122314453125,Get ready
1713973433.901115,0.669921875,0.75537109375,-0.13232421875,Get ready
1713973433.92966,0.662353515625,0.753173828125,-0.1201171875,Get ready
1713973433.983282,0.674072265625,0.759521484375,-0.126708984375,Get ready
1713973434.010971,0.67041015625,0.763427734375,-0.1220703125,Get ready
1713973434.056719,0.67431640625,0.763427734375,-0.12255859375,Get ready
1713973434.092616,0.673583984375,0.758544921875,-0.123779296875,Get ready
1713973434.142536,0.680908203125,0.7568359375,-0.12255859375,Get ready
1713973434.172036,0.674072265625,0.75537109375,-0.117431640625,Get ready
1713973434.221944,0.67431640625,0.759765625,-0.11962890625,Get ready
1713973434.2487,0.671630859375,0.758056640625,-0.12841796875,Get ready
1713973434.295634,0.667236328125,0.754150390625,-0.119384765625,Get ready
1713973434.328223,0.67236328125,0.7568359375,-0.107421875,Get ready
1713973434.378504,0.651611328125,0.750732421875,-0.087890625,Get ready
1713973434.407993,0.668212890625,0.767333984375,-0.093505859375,Get ready
1713973434.454746,0.670166015625,0.766357421875,-0.084716796875,Get ready
1713973434.490918,0.6708984375,0.76611328125,-0.08349609375,Get ready
1713973434.532499,0.670166015625,0.7666015625,-0.095947265625,Get ready
1713973434.569799,0.6689453125,0.765380859375,-0.093017578125,Get ready
1713973434.610796,0.67138671875,0.76904296875,-0.08935546875,Get ready
1713973434.653589,0.66943359375,0.763427734375,-0.09228515625,Get ready
1713973434.690225,0.66552734375,0.757568359375,-0.107421875,Get ready
1713973434.730923,0.665283203125,0.760009765625,-0.11474609375,Get ready
1713973434.773354,0.664306640625,0.758056640625,-0.113525390625,Get ready
1713973434.818606,0.6650390625,0.7568359375,-0.1064453125,Get ready
1713973434.858231,0.666259765625,0.76123046875,-0.10498046875,Get ready
1713973434.895083,0.662353515625,0.769775390625,-0.08984375,Get ready
1713973434.933462,0.666259765625,0.768310546875,-0.083740234375,Get ready
1713973434.967494,0.6611328125,0.773681640625,-0.085205078125,Get ready
1713973435.011808,0.66259765625,0.770263671875,-0.080810546875,Get ready
1713973435.048532,0.66162109375,0.76806640625,-0.082763671875,Get ready
1713973435.093136,0.660400390625,0.771484375,-0.080810546875,Get ready
1713973435.135579,0.657958984375,0.775146484375,-0.086181640625,Get ready
1713973435.176824,0.655029296875,0.772705078125,-0.093994140625,Get ready
1713973435.215048,0.658203125,0.7744140625,-0.080810546875,Get ready
1713973435.255868,0.655029296875,0.77685546875,-0.0869140625,Get ready
1713973435.294113,0.6552734375,0.777587890625,-0.089599609375,Get ready
1713973435.333218,0.65625,0.784912109375,-0.0830078125,Get ready
1713973435.372904,0.662841796875,0.78369140625,-0.08203125,Get ready
1713973435.41328,0.6611328125,0.778564453125,-0.066162109375,Get ready
1713973435.451408,0.681396484375,0.776611328125,-0.0771484375,Get ready
1713973435.490789,0.654541015625,0.77294921875,-0.07958984375,Get ready
1713973435.529436,0.65673828125,0.765869140625,-0.1162109375,Get ready
1713973435.569549,0.634765625,0.771484375,-0.140380859375,Get ready
1713973435.607837,0.6513671875,0.756591796875,-0.16455078125,Get ready
1713973435.648039,0.640380859375,0.75,-0.197021484375,Get ready
1713973435.689882,0.6474609375,0.74560546875,-0.189208984375,Get ready
1713973435.72959,0.65234375,0.75146484375,-0.18505859375,Get ready
1713973435.774844,0.64306640625,0.753173828125,-0.182373046875,Get ready
1713973435.814063,0.64794921875,0.76806640625,-0.19091796875,Get ready
1713973435.852368,0.642822265625,0.765625,-0.2060546875,Get ready
1713973435.892808,0.644287109375,0.769775390625,-0.1748046875,Get ready
1713973435.931121,0.655517578125,0.777099609375,-0.1748046875,Get ready
1713973435.972222,0.650390625,0.758056640625,-0.176513671875,Get ready
1713973436.012826,0.64990234375,0.76220703125,-0.189453125,Get ready
1713973436.054027,0.6591796875,0.758056640625,-0.177734375,Get ready
1713973436.092707,0.647705078125,0.753662109375,-0.186279296875,Get ready
1713973436.133908,0.64501953125,0.75244140625,-0.192138671875,Get ready
1713973436.173277,0.648193359375,0.758544921875,-0.195556640625,Get ready
1713973436.214447,0.64501953125,0.76025390625,-0.1943359375,Get ready
1713973436.252894,0.646484375,0.767822265625,-0.183837890625,Get ready
1713973436.2921,0.638671875,0.77001953125,-0.180908203125,Get ready
1713973436.331227,0.65234375,0.776123046875,-0.178955078125,Get ready
1713973436.371987,0.63818359375,0.76953125,-0.179931640625,Get ready
1713973436.410725,0.642333984375,0.77783203125,-0.18701171875,Get ready
1713973436.451991,0.646728515625,0.776611328125,-0.168212890625,Get ready
1713973436.492888,0.635498046875,0.7744140625,-0.176025390625,Get ready
1713973436.532146,0.635986328125,0.76953125,-0.17529296875,Get ready
1713973436.572403,0.63671875,0.7744140625,-0.17724609375,Get ready
1713973436.612025,0.6435546875,0.77685546875,-0.169921875,Get ready
1713973436.653439,0.64013671875,0.776123046875,-0.174560546875,Get ready
1713973436.692796,0.639404296875,0.77587890625,-0.17041015625,Get ready
1713973436.733907,0.6337890625,0.779052734375,-0.178955078125,Get ready
1713973436.776901,0.640869140625,0.771728515625,-0.172607421875,Get ready
1713973436.814074,0.636474609375,0.77294921875,-0.185546875,Get ready
1713973436.854888,0.6328125,0.76904296875,-0.182861328125,Get ready
1713973436.892336,0.636962890625,0.767822265625,-0.18359375,Get ready
1713973436.931515,0.63916015625,0.771728515625,-0.179443359375,Get ready
1713973436.974022,0.638916015625,0.783447265625,-0.1611328125,Get ready
1713973437.01199,0.64794921875,0.782470703125,-0.141845703125,Get ready
1713973437.05232,0.64111328125,0.771240234375,-0.153564453125,Get ready
1713973437.108276,0.657958984375,0.77099609375,-0.142822265625,Get ready
1713973437.132793,0.650390625,0.777587890625,-0.139892578125,Get ready
1713973437.178854,0.648193359375,0.76953125,-0.139404296875,Get ready
1713973437.216218,0.65087890625,0.765869140625,-0.115966796875,Get ready
1713973437.257469,0.668212890625,0.758056640625,-0.136962890625,Get ready
1713973437.293905,0.650390625,0.76220703125,-0.133544921875,Get ready
1713973437.334837,0.680419921875,0.77587890625,-0.097900390625,Get ready
1713973437.377715,0.67724609375,0.762939453125,-0.083984375,Get ready
1713973437.427402,0.680908203125,0.763671875,-0.08154296875,Get ready
1713973437.455609,0.66845703125,0.7490234375,-0.110595703125,Get ready
1713973437.501995,0.67578125,0.741455078125,-0.1162109375,Get ready
1713973437.534484,0.677490234375,0.7392578125,-0.08544921875,Get ready
1713973437.577445,0.69677734375,0.753173828125,-0.07421875,Get ready
1713973437.611279,0.682373046875,0.747314453125,-0.07666015625,Get ready
1713973437.662429,0.69921875,0.752197265625,-0.07275390625,Get ready
1713973437.691833,0.680908203125,0.735595703125,-0.112548828125,Get ready
1713973437.737383,0.6923828125,0.75634765625,-0.11474609375,Get ready
1713973437.77282,0.661376953125,0.752197265625,-0.142822265625,Get ready
1713973437.82362,0.665283203125,0.7548828125,-0.15087890625,Get ready
1713973437.853662,0.65966796875,0.748291015625,-0.17578125,Get ready
1713973437.892705,0.674560546875,0.75634765625,-0.153564453125,Get ready
1713973437.93422,0.66455078125,0.756591796875,-0.18359375,Get ready
1713973437.981102,0.656982421875,0.744873046875,-0.1884765625,Get ready
1713973438.016885,0.665771484375,0.75146484375,-0.19775390625,Get ready
1713973438.060436,0.658935546875,0.744384765625,-0.189208984375,Get ready
1713973438.09508,0.66259765625,0.743408203125,-0.205078125,Get ready
1713973438.133858,0.656005859375,0.741943359375,-0.214599609375,Get ready
1713973438.172317,0.65966796875,0.742919921875,-0.19677734375,Get ready
1713973438.214501,0.669677734375,0.75048828125,-0.191650390625,Get ready
1713973438.253932,0.65185546875,0.7470703125,-0.19873046875,Get ready
1713973438.297643,0.669921875,0.75341796875,-0.1796875,Get ready
1713973438.335944,0.67236328125,0.75,-0.1845703125,Get ready
1713973438.372734,0.66162109375,0.747314453125,-0.171142578125,Get ready
1713973438.420396,0.67236328125,0.742431640625,-0.169677734375,Get ready
1713973438.453634,0.67236328125,0.741455078125,-0.169921875,Get ready
1713973438.49312,0.666015625,0.743896484375,-0.174560546875,Get ready
1713973438.533752,0.66796875,0.749267578125,-0.161376953125,Get ready
1713973438.573948,0.669677734375,0.75634765625,-0.16650390625,Get ready
1713973438.613851,0.669189453125,0.747802734375,-0.156982421875,Get ready
1713973438.654883,0.6875,0.75927734375,-0.17529296875,Get ready
1713973438.694976,0.66064453125,0.739013671875,-0.2109375,Get ready
1713973438.735991,0.6513671875,0.74609375,-0.17333984375,Get ready
1713973438.775032,0.635986328125,0.7373046875,-0.164306640625,Get ready
1713973438.814866,0.68701171875,0.7841796875,-0.0927734375,Get ready
1713973438.854284,0.667236328125,0.776611328125,-0.081787109375,Get ready
1713973438.896861,0.645751953125,0.769287109375,-0.11181640625,Get ready
1713973438.933306,0.646484375,0.77197265625,-0.11181640625,Get ready
1713973438.976481,0.6640625,0.804443359375,-0.05615234375,Get ready
1713973439.016472,0.626953125,0.793212890625,-0.044921875,Get ready
1713973439.057822,0.63232421875,0.793212890625,-0.064208984375,Get ready
1713973439.097565,0.675537109375,0.801513671875,0.02099609375,Get ready
1713973439.138699,0.626708984375,0.8125,-0.029296875,Get ready
1713973439.178208,0.631103515625,0.817138671875,-0.043701171875,Get ready
1713973439.215009,0.646240234375,0.807861328125,-0.03173828125,Get ready
1713973439.260031,0.63818359375,0.791015625,-0.03662109375,Get ready
1713973439.297272,0.63330078125,0.796142578125,-0.045166015625,Get ready
1713973439.34326,0.62841796875,0.785888671875,-0.040283203125,Get ready
1713973439.385327,0.65380859375,0.794189453125,-0.02294921875,Get ready
1713973439.416687,0.63818359375,0.794921875,-0.037109375,Get ready
1713973439.46091,0.644775390625,0.7841796875,-0.045166015625,Get ready
1713973439.495581,0.64697265625,0.791748046875,-0.038818359375,Get ready
1713973439.533696,0.645263671875,0.78564453125,-0.01953125,Get ready
1713973439.574245,0.64990234375,0.78955078125,-0.03759765625,Get ready
1713973439.614696,0.639892578125,0.783935546875,-0.04150390625,Get ready
1713973439.654776,0.643310546875,0.7783203125,-0.046142578125,Get ready
1713973439.69614,0.6513671875,0.787353515625,-0.04736328125,Get ready
1713973439.739837,0.658203125,0.787109375,-0.027099609375,Get ready
1713973439.775592,0.6484375,0.7802734375,-0.032958984375,Get ready
1713973439.814782,0.6533203125,0.780517578125,-0.05126953125,Get ready
1713973439.856067,0.654541015625,0.779052734375,-0.03466796875,Get ready
1713973439.895744,0.663818359375,0.781494140625,-0.022216796875,Get ready
1713973439.935861,0.660400390625,0.7802734375,-0.03662109375,Get ready
1713973439.976856,0.66357421875,0.784423828125,-0.03076171875,Get ready
1713973440.017105,0.6640625,0.775146484375,-0.0458984375,Get ready
1713973440.058277,0.6669921875,0.775146484375,-0.016357421875,Get ready
1713973440.096908,0.682373046875,0.764404296875,-0.010498046875,Get ready
1713973440.135871,0.66943359375,0.754150390625,-0.03662109375,Get ready
1713973440.176208,0.680419921875,0.756591796875,-0.039306640625,Get ready
1713973440.219633,0.6787109375,0.754150390625,-0.043212890625,Get ready
1713973440.256336,0.68359375,0.75048828125,-0.04443359375,Get ready
1713973440.297668,0.68798828125,0.7509765625,-0.041748046875,Get ready
1713973440.337431,0.685546875,0.743408203125,-0.040771484375,Get ready
1713973440.377073,0.684326171875,0.745849609375,-0.049560546875,Get ready
1713973440.418538,0.682861328125,0.7490234375,-0.05810546875,Get ready
1713973440.458272,0.68359375,0.751953125,-0.05224609375,Get ready
1713973440.504663,0.69091796875,0.754150390625,-0.037109375,Get ready
1713973440.537738,0.694580078125,0.75244140625,-0.03759765625,Get ready
1713973440.582867,0.68310546875,0.744873046875,-0.043212890625,Get ready
1713973440.620139,0.69970703125,0.743408203125,-0.03564453125,Get ready
1713973440.662715,0.692138671875,0.750732421875,-0.04931640625,Get ready
1713973440.701096,0.690185546875,0.7392578125,-0.045654296875,Get ready
1713973440.740324,0.701416015625,0.73876953125,-0.04443359375,Get ready
1713973440.778809,0.702392578125,0.7451171875,-0.042724609375,Get ready
1713973440.818105,0.6865234375,0.738037109375,-0.0615234375,Get ready
1713973440.857708,0.69921875,0.739501953125,-0.052001953125,Get ready
1713973440.897146,0.699462890625,0.744140625,-0.0517578125,Get ready
1713973440.938553,0.690185546875,0.737548828125,-0.05517578125,Get ready
1713973440.981798,0.703857421875,0.74267578125,-0.0498046875,Get ready
1713973441.018129,0.7001953125,0.739501953125,-0.044189453125,Get ready
1713973441.064774,0.695068359375,0.744384765625,-0.05859375,Get ready
1713973441.103366,0.693603515625,0.734375,-0.0576171875,Get ready
1713973441.142833,0.694580078125,0.738037109375,-0.05810546875,Get ready
1713973441.182707,0.69189453125,0.74169921875,-0.04931640625,Get ready
1713973441.222337,0.702392578125,0.7431640625,-0.056396484375,Get ready
1713973441.260756,0.69482421875,0.7431640625,-0.060546875,Get ready
1713973441.300692,0.69580078125,0.744384765625,-0.064697265625,Get ready
1713973441.343109,0.69580078125,0.7431640625,-0.060791015625,Get ready
1713973441.393561,0.6982421875,0.74365234375,-0.065673828125,Get ready
1713973441.420785,0.692626953125,0.739990234375,-0.067138671875,Get ready
1713973441.458696,0.697509765625,0.741455078125,-0.06396484375,Get ready
1713973441.499039,0.6904296875,0.7392578125,-0.080078125,Get ready
1713973441.538711,0.690673828125,0.7431640625,-0.080810546875,Get ready
1713973441.579395,0.686767578125,0.743896484375,-0.085205078125,Get ready
1713973441.630771,0.686767578125,0.74609375,-0.088623046875,Get ready
1713973441.660232,0.684814453125,0.745361328125,-0.08154296875,Get ready
1713973441.705985,0.6904296875,0.754150390625,-0.094482421875,Get ready
1713973441.747033,0.677490234375,0.74951171875,-0.094970703125,Get ready
1713973441.787153,0.681640625,0.746826171875,-0.107421875,Get ready
1713973441.824933,0.67724609375,0.748779296875,-0.101806640625,Get ready
1713973441.866684,0.690185546875,0.751953125,-0.077880859375,Get ready
1713973441.903784,0.689208984375,0.744140625,-0.090087890625,Get ready
1713973441.944531,0.68505859375,0.744140625,-0.0849609375,Get ready
1713973441.981923,0.687255859375,0.74951171875,-0.107177734375,Get ready
1713973442.022694,0.68896484375,0.744140625,-0.0859375,Get ready
1713973442.063322,0.69482421875,0.75,-0.079833984375,Get ready
1713973442.108835,0.684814453125,0.731689453125,-0.093994140625,Get ready
1713973442.145162,0.693359375,0.736083984375,-0.106201171875,Get ready
1713973442.181303,0.701171875,0.7421875,-0.103271484375,Get ready
1713973442.221437,0.685302734375,0.734130859375,-0.078369140625,Get ready
1713973442.268175,0.714599609375,0.737060546875,-0.065185546875,Get ready
1713973442.302337,0.701171875,0.72265625,-0.075439453125,Get ready
1713973442.358378,0.704833984375,0.722900390625,-0.075927734375,Get ready
1713973442.382801,0.705810546875,0.725830078125,-0.055908203125,Get ready
1713973442.428015,0.716064453125,0.737548828125,-0.07568359375,Get ready
1713973442.464654,0.693359375,0.730712890625,-0.099853515625,Get ready
1713973442.505888,0.697998046875,0.731689453125,-0.0849609375,Get ready
1713973442.544047,0.684326171875,0.730712890625,-0.093994140625,Get ready
1713973442.585241,0.703125,0.73193359375,-0.05419921875,Get ready
1713973442.624839,0.71484375,0.738037109375,-0.0380859375,Get ready
1713973442.664165,0.71484375,0.7333984375,-0.049560546875,Get ready
1713973442.704666,0.70556640625,0.736328125,-0.061279296875,Get ready
1713973442.752414,0.714599609375,0.72216796875,-0.068359375,Get ready
1713973442.783772,0.706787109375,0.70458984375,-0.10791015625,Get ready
1713973442.828122,0.70068359375,0.714111328125,-0.107421875,Get ready
1713973442.862897,0.688720703125,0.713623046875,-0.114501953125,Get ready
1713973442.90817,0.69189453125,0.739990234375,-0.06494140625,Get ready
1713973442.942673,0.69384765625,0.755615234375,-0.077392578125,Get ready
1713973442.98632,0.676025390625,0.7568359375,-0.10791015625,Get ready
1713973443.030096,0.67333984375,0.76611328125,-0.1142578125,Get ready
1713973443.068831,0.646240234375,0.7822265625,-0.1357421875,Get ready
1713973443.108826,0.65478515625,0.775390625,-0.13623046875,Get ready
1713973443.147738,0.640625,0.78662109375,-0.143310546875,Get ready
1713973443.187332,0.630126953125,0.79248046875,-0.16064453125,Get ready
1713973443.228636,0.629638671875,0.80078125,-0.173095703125,Get ready
1713973443.266575,0.6162109375,0.79541015625,-0.18603515625,Get ready
1713973443.306115,0.60693359375,0.791748046875,-0.1884765625,Get ready
1713973443.346009,0.625244140625,0.792724609375,-0.17919921875,Get ready
1713973443.387124,0.6083984375,0.784912109375,-0.166015625,Get ready
1713973443.424688,0.630859375,0.79833984375,-0.166259765625,Get ready
1713973443.463866,0.623046875,0.798583984375,-0.17919921875,Get ready
1713973443.504228,0.62060546875,0.79296875,-0.176513671875,Get ready
1713973443.544246,0.620361328125,0.784912109375,-0.18017578125,Get ready
1713973443.586779,0.61328125,0.778076171875,-0.180419921875,Get ready
1713973443.624935,0.642822265625,0.7919921875,-0.13427734375,Get ready
1713973443.668797,0.631103515625,0.788818359375,-0.130859375,Get ready
1713973443.706958,0.6416015625,0.785400390625,-0.118896484375,Get ready
1713973443.750647,0.642822265625,0.78173828125,-0.124755859375,Get ready
1713973443.784693,0.63916015625,0.76953125,-0.138427734375,Get ready
1713973443.828398,0.6484375,0.77294921875,-0.12744140625,Get ready
1713973443.866413,0.652099609375,0.77099609375,-0.12841796875,Get ready
1713973443.906411,0.6513671875,0.776611328125,-0.132568359375,Get ready
1713973443.945705,0.6552734375,0.7783203125,-0.136962890625,Get ready
1713973443.987564,0.638916015625,0.776123046875,-0.152587890625,Get ready
1713973444.026954,0.6533203125,0.78515625,-0.141357421875,Get ready
1713973444.065908,0.6416015625,0.77685546875,-0.135498046875,Get ready
1713973444.105219,0.646484375,0.77294921875,-0.135009765625,Get ready
1713973444.144887,0.643310546875,0.778564453125,-0.1396484375,Get ready
1713973444.186446,0.64111328125,0.778564453125,-0.133056640625,Get ready
1713973444.223665,0.65380859375,0.77978515625,-0.127685546875,Get ready
1713973444.2652,0.640380859375,0.77490234375,-0.138671875,Get ready
1713973444.30476,0.643798828125,0.775390625,-0.134765625,Get ready
1713973444.347902,0.647705078125,0.783447265625,-0.132080078125,Get ready
1713973444.386374,0.6396484375,0.779296875,-0.133056640625,Get ready
1713973444.426307,0.6396484375,0.790283203125,-0.136474609375,Get ready
1713973444.467039,0.645263671875,0.77490234375,-0.130126953125,Get ready
1713973444.506668,0.662353515625,0.793701171875,-0.139892578125,Get ready
1713973444.547084,0.632568359375,0.778564453125,-0.155517578125,Get ready
1713973444.588757,0.64892578125,0.7744140625,-0.134521484375,Get ready
1713973444.627304,0.64990234375,0.764404296875,-0.12744140625,Get ready
1713973444.667008,0.642822265625,0.767333984375,-0.122802734375,Get ready
1713973444.707907,0.634033203125,0.75244140625,-0.079345703125,Get ready
1713973444.749168,0.698974609375,0.76904296875,-0.042724609375,Get ready
1713973444.787174,0.65185546875,0.779296875,-0.03857421875,Get ready
1713973444.825436,0.668212890625,0.762451171875,-0.043701171875,Get ready
1713973444.865787,0.682373046875,0.766357421875,-0.0126953125,Get ready
1713973444.905935,0.64794921875,0.765625,-0.037353515625,Get ready
1713973444.945696,0.685302734375,0.772705078125,-0.012939453125,Get ready
1713973444.99074,0.681396484375,0.7724609375,-0.010986328125,Get ready
1713973445.027385,0.668212890625,0.765869140625,-0.019775390625,Get ready
1713973445.067551,0.672119140625,0.76953125,-0.0283203125,Get ready
1713973445.106832,0.668212890625,0.76904296875,-0.013916015625,Get ready
1713973445.14791,0.673583984375,0.762939453125,-0.01416015625,Get ready
1713973445.188341,0.677734375,0.769775390625,-0.00244140625,Get ready
1713973445.230562,0.671875,0.76513671875,-0.0166015625,Get ready
1713973445.268112,0.6748046875,0.764892578125,-0.013671875,Get ready
1713973445.307691,0.669921875,0.75830078125,-0.01806640625,Get ready
1713973445.354152,0.680908203125,0.765380859375,-0.006103515625,Get ready
1713973445.392814,0.669921875,0.761962890625,-0.024658203125,Get ready
1713973445.432876,0.67138671875,0.763671875,-0.026611328125,Get ready
1713973445.469816,0.6728515625,0.766357421875,-0.02978515625,Get ready
1713973445.511076,0.66455078125,0.767578125,-0.0361328125,Get ready
1713973445.547694,0.670654296875,0.7724609375,-0.03564453125,Get ready
1713973445.588821,0.66650390625,0.768798828125,-0.025634765625,Get ready
1713973445.627231,0.672119140625,0.769775390625,-0.018798828125,Get ready
1713973445.667679,0.672119140625,0.769775390625,-0.02880859375,Get ready
1713973445.70955,0.66552734375,0.76953125,-0.030517578125,Get ready
1713973445.747833,0.66162109375,0.76953125,-0.04345703125,Get ready
1713973445.790523,0.6630859375,0.77099609375,-0.04296875,Get ready
1713973445.834186,0.6787109375,0.77197265625,-0.038818359375,Get ready
1713973445.868453,0.65966796875,0.765869140625,-0.045166015625,Get ready
1713973445.922007,0.666015625,0.766357421875,-0.036376953125,Get ready
1713973445.948726,0.66845703125,0.773681640625,-0.0439453125,Get ready
1713973445.990846,0.6630859375,0.771484375,-0.040283203125,Get ready
1713973446.02889,0.665771484375,0.772216796875,-0.0302734375,Get ready
1713973446.078586,0.669921875,0.767578125,-0.0419921875,Get ready
1713973446.107652,0.673095703125,0.763671875,-0.03955078125,Get ready
1713973446.152383,0.66455078125,0.760009765625,-0.03515625,Get ready
1713973446.187999,0.6689453125,0.765380859375,-0.03466796875,Get ready
1713973446.240712,0.66650390625,0.767333984375,-0.03076171875,Get ready
1713973446.267941,0.674560546875,0.7685546875,-0.048095703125,Get ready
1713973446.320036,0.6767578125,0.7646484375,-0.029052734375,Get ready
1713973446.348691,0.67529296875,0.770751953125,-0.03271484375,Get ready
1713973446.39382,0.664306640625,0.7607421875,-0.044677734375,Get ready
1713973446.432243,0.67578125,0.765625,-0.027587890625,Get ready
1713973446.471955,0.670654296875,0.76220703125,-0.028564453125,Get ready
1713973446.509789,0.66748046875,0.7578125,-0.03662109375,Get ready
1713973446.55721,0.681640625,0.765380859375,-0.021728515625,Get ready
1713973446.590883,0.683349609375,0.76953125,-0.025390625,Get ready
1713973446.634529,0.67724609375,0.76416015625,-0.02392578125,Get ready
1713973446.671239,0.678466796875,0.766357421875,-0.021240234375,Get ready
1713973446.722153,0.670654296875,0.755615234375,-0.038330078125,Get ready
1713973446.747952,0.68212890625,0.75146484375,-0.02490234375,Get ready
1713973446.800844,0.684326171875,0.7578125,-0.01708984375,Get ready
1713973446.829355,0.67431640625,0.751953125,-0.032958984375,Get ready
1713973446.86873,0.676025390625,0.75537109375,-0.04150390625,Get ready
1713973446.910198,0.668701171875,0.759521484375,-0.04931640625,Get ready
1713973446.94772,0.6708984375,0.75830078125,-0.038330078125,Get ready
1713973446.988857,0.6962890625,0.764892578125,-0.01171875,Get ready
1713973447.040403,0.67138671875,0.770263671875,-0.029052734375,Get ready
1713973447.068936,0.66552734375,0.760986328125,-0.029296875,Get ready
1713973447.118674,0.671630859375,0.75732421875,-0.015380859375,Get ready
1713973447.148617,0.682861328125,0.7666015625,0.007080078125,Get ready
1713973447.198911,0.68115234375,0.757568359375,0.006591796875,Get ready
1713973447.236464,0.67919921875,0.744140625,-0.004638671875,Get ready
1713973447.277534,0.6865234375,0.748291015625,-0.015869140625,Get ready
1713973447.314907,0.6806640625,0.749755859375,-0.017578125,Get ready
1713973447.348769,0.68603515625,0.758056640625,-0.024169921875,Get ready
1713973447.396364,0.681884765625,0.7529296875,-0.0458984375,Get ready
1713973447.435057,0.674072265625,0.75341796875,-0.040283203125,Get ready
1713973447.473212,0.6875,0.760009765625,-0.0244140625,Get ready
1713973447.513276,0.68603515625,0.751220703125,-0.040771484375,Get ready
1713973447.553593,0.686279296875,0.760009765625,-0.05224609375,Get ready
1713973447.593931,0.6806640625,0.758544921875,-0.060302734375,Get ready
1713973447.6324,0.681396484375,0.759033203125,-0.052978515625,Get ready
1713973447.675972,0.6826171875,0.7626953125,-0.05908203125,Get ready
1713973447.708024,0.67578125,0.75634765625,-0.064453125,Get ready
1713973447.7485,0.670654296875,0.7568359375,-0.062744140625,Get ready
1713973447.788595,0.671630859375,0.757568359375,-0.054443359375,Get ready
1713973447.831823,0.671142578125,0.7626953125,-0.060791015625,Get ready
1713973447.874168,0.669189453125,0.75634765625,-0.06005859375,Get ready
1713973447.914683,0.67578125,0.763427734375,-0.05322265625,Get ready
1713973447.952917,0.67919921875,0.763671875,-0.055908203125,Get ready
1713973447.988712,0.675537109375,0.76171875,-0.046142578125,Get ready
1713973448.028626,0.6875,0.761474609375,-0.035400390625,Get ready
1713973448.067257,0.680908203125,0.754150390625,-0.044921875,Get ready
1713973448.10979,0.678955078125,0.75,-0.05517578125,Get ready
1713973448.149926,0.659423828125,0.73681640625,-0.052734375,Get ready
1713973448.19065,0.662841796875,0.75390625,-0.08447265625,Get ready
1713973448.228808,0.666259765625,0.769287109375,-0.0830078125,Get ready
1713973448.270173,0.6728515625,0.773193359375,-0.077392578125,Get ready
1713973448.310145,0.654052734375,0.787353515625,-0.05419921875,Get ready
1713973448.350543,0.6650390625,0.783447265625,-0.039794921875,Get ready
1713973448.389629,0.65380859375,0.78564453125,-0.05322265625,Get ready
1713973448.430943,0.6494140625,0.78759765625,-0.067138671875,Get ready
1713973448.470042,0.6513671875,0.78125,-0.06005859375,Get ready
1713973448.511105,0.6494140625,0.786865234375,-0.063232421875,Get ready
1713973448.550855,0.6484375,0.789306640625,-0.05517578125,Get ready
1713973448.591056,0.636474609375,0.77880859375,-0.076171875,Get ready
1713973448.629691,0.647216796875,0.773193359375,-0.052734375,Get ready
1713973448.670054,0.64794921875,0.781982421875,-0.06787109375,Get ready
1713973448.708838,0.64892578125,0.777099609375,-0.04296875,Get ready
1713973448.751105,0.661376953125,0.786376953125,-0.0595703125,Get ready
1713973448.787886,0.6318359375,0.797119140625,-0.03564453125,Get ready
1713973448.832232,0.649169921875,0.800537109375,-0.025634765625,Get ready
1713973448.868932,0.6376953125,0.794677734375,-0.0419921875,Get ready
1713973448.908544,0.632080078125,0.8076171875,-0.039794921875,Get ready
1713973448.955343,0.615966796875,0.813232421875,-0.007568359375,Get ready
1713973448.996487,0.62841796875,0.80810546875,-0.0087890625,Get ready
1713973449.035288,0.6005859375,0.81103515625,-0.009033203125,Get ready
1713973449.073992,0.626220703125,0.819580078125,-0.036865234375,Get ready
1713973449.10965,0.625244140625,0.811767578125,-0.012451171875,Get ready
1713973449.151738,0.621337890625,0.800048828125,-0.01513671875,Get ready
1713973449.190783,0.621826171875,0.80126953125,-0.00341796875,Get ready
1713973449.242119,0.62451171875,0.80859375,-0.0048828125,Get ready
1713973449.269767,0.609375,0.8154296875,-0.03564453125,Get ready
1713973449.314884,0.603759765625,0.82666015625,-0.042236328125,Get ready
1713973449.348864,0.622802734375,0.8203125,-0.0087890625,Get ready
1713973449.387721,0.609619140625,0.827392578125,-0.01953125,Get ready
1713973449.431684,0.61474609375,0.810302734375,-0.012939453125,Get ready
1713973449.469037,0.626220703125,0.81298828125,0.004150390625,Get ready
1713973449.509557,0.6142578125,0.810546875,-0.015625,Get ready
1713973449.549862,0.625244140625,0.799072265625,0.001953125,Get ready
1713973449.588589,0.619140625,0.796875,0.020263671875,Get ready
1713973449.630706,0.625732421875,0.817138671875,0.00537109375,Get ready
1713973449.670139,0.62646484375,0.823486328125,-0.0009765625,Get ready
1713973449.711636,0.618896484375,0.822265625,0.0078125,Get ready
1713973449.752529,0.61181640625,0.8232421875,-0.017578125,Get ready
1713973449.792843,0.61474609375,0.81689453125,0.00146484375,Get ready
1713973449.831269,0.613525390625,0.817626953125,0.0029296875,Get ready
1713973449.873541,0.61328125,0.822998046875,0.002685546875,Get ready
1713973449.912821,0.609619140625,0.822509765625,-0.01611328125,Get ready
1713973449.951328,0.603759765625,0.82958984375,0.001708984375,Get ready
1713973449.99117,0.617431640625,0.822998046875,-0.0068359375,Get ready
1713973450.029239,0.6005859375,0.8232421875,0.003662109375,Get ready
1713973450.070643,0.609130859375,0.819580078125,-0.013671875,Get ready
1713973450.109884,0.5908203125,0.816650390625,-0.02001953125,Get ready
1713973450.15071,0.623779296875,0.82373046875,0.000244140625,Get ready
1713973450.192988,0.60205078125,0.82470703125,0.00390625,Get ready
1713973450.230818,0.6181640625,0.8193359375,0.022705078125,Get ready
1713973450.273291,0.609130859375,0.8193359375,0.014404296875,Get ready
1713973450.314975,0.61328125,0.82080078125,0.0107421875,Get ready
1713973450.353494,0.61669921875,0.826171875,-0.001953125,Get ready
1713973450.392254,0.6064453125,0.81591796875,-0.001708984375,Get ready
1713973450.432213,0.611572265625,0.816650390625,0.009033203125,Get ready
1713973450.471978,0.60498046875,0.819091796875,0.001953125,Get ready
1713973450.512702,0.614990234375,0.82177734375,0.005859375,Get ready
1713973450.553612,0.60595703125,0.821044921875,0.001220703125,Get ready
1713973450.591639,0.60498046875,0.82177734375,-0.007568359375,Get ready
1713973450.632176,0.60791015625,0.82958984375,-0.013427734375,Get ready
1713973450.669588,0.61083984375,0.827392578125,0.00146484375,Get ready
1713973450.710511,0.604248046875,0.822021484375,-0.001708984375,Get ready
1713973450.751002,0.612548828125,0.8232421875,0.00390625,Get ready
1713973450.794135,0.607177734375,0.8232421875,-0.013427734375,Get ready
1713973450.832612,0.610107421875,0.831787109375,0.0029296875,Get ready
1713973450.872088,0.614013671875,0.8203125,-0.01220703125,Get ready
1713973450.91158,0.600830078125,0.808349609375,-0.028564453125,Get ready
1713973450.952735,0.601318359375,0.81494140625,-0.0322265625,Get ready
1713973450.993133,0.60546875,0.826171875,-0.02294921875,Get ready
1713973451.034814,0.604248046875,0.823486328125,-0.00146484375,Mouth closed
1713973451.074086,0.60888671875,0.822021484375,0.00537109375,Mouth closed
1713973451.113105,0.605224609375,0.821533203125,-0.0009765625,Mouth closed
1713973451.152787,0.605712890625,0.8134765625,-0.023193359375,Mouth closed
1713973451.195347,0.61083984375,0.822021484375,0.0,Mouth closed
1713973451.232593,0.614013671875,0.82373046875,0.000732421875,Mouth closed
1713973451.271961,0.6044921875,0.819091796875,-0.0009765625,Mouth closed
1713973451.313403,0.61181640625,0.822265625,0.0078125,Mouth closed
1713973451.352288,0.60546875,0.81640625,-0.004150390625,Mouth closed
1713973451.391704,0.606689453125,0.81396484375,-0.001953125,Mouth closed
1713973451.431585,0.60595703125,0.81982421875,0.000732421875,Mouth closed
1713973451.471634,0.61572265625,0.821533203125,0.016845703125,Mouth closed
1713973451.512534,0.611572265625,0.821044921875,0.012939453125,Mouth closed
1713973451.553053,0.615966796875,0.8115234375,0.007568359375,Mouth closed
1713973451.596323,0.607666015625,0.8203125,0.011474609375,Mouth closed
1713973451.634027,0.615234375,0.82373046875,0.01416015625,Mouth closed
1713973451.673994,0.607666015625,0.818359375,0.011474609375,Mouth closed
1713973451.712787,0.614990234375,0.820068359375,0.009765625,Mouth closed
1713973451.755387,0.61376953125,0.81396484375,0.0126953125,Mouth closed
1713973451.794596,0.5986328125,0.8095703125,0.009521484375,Mouth closed
1713973451.835782,0.602783203125,0.82080078125,-0.00634765625,Mouth closed
1713973451.874221,0.61181640625,0.822998046875,0.00830078125,Mouth closed
1713973451.915915,0.60498046875,0.8291015625,-0.000732421875,Mouth closed
1713973451.952363,0.608154296875,0.827880859375,0.00634765625,Mouth closed
1713973451.993433,0.609130859375,0.825927734375,0.0029296875,Mouth closed
1713973452.031589,0.607421875,0.815185546875,-0.005859375,Mouth closed
1713973452.073313,0.610595703125,0.818603515625,-0.000244140625,Mouth closed
1713973452.112973,0.603271484375,0.81494140625,-0.011474609375,Mouth closed
1713973452.153188,0.60888671875,0.817138671875,-0.010498046875,Mouth closed
1713973452.193732,0.61767578125,0.822509765625,-0.009765625,Mouth closed
1713973452.236304,0.609619140625,0.8193359375,-0.00048828125,Mouth closed
1713973452.274844,0.6181640625,0.82421875,0.00439453125,Mouth closed
1713973452.31456,0.606689453125,0.81982421875,-0.01123046875,Mouth closed
1713973452.354641,0.60888671875,0.814208984375,-0.00732421875,Mouth closed
1713973452.398504,0.617919921875,0.816650390625,-0.009765625,Mouth closed
1713973452.439796,0.60888671875,0.820068359375,-0.011962890625,Mouth closed
1713973452.47486,0.6181640625,0.8154296875,-0.0087890625,Mouth closed
1713973452.519545,0.607666015625,0.81640625,-0.023681640625,Mouth closed
1713973452.553543,0.610595703125,0.81298828125,-0.0205078125,Mouth closed
1713973452.592638,0.606201171875,0.81494140625,-0.02490234375,Mouth closed
1713973452.636998,0.6162109375,0.818603515625,-0.017822265625,Mouth closed
1713973452.672654,0.61328125,0.8193359375,-0.029296875,Mouth closed
1713973452.715621,0.60693359375,0.81689453125,-0.023681640625,Mouth closed
1713973452.758073,0.614501953125,0.815185546875,-0.019775390625,Mouth closed
1713973452.795988,0.60888671875,0.816162109375,-0.02197265625,Mouth closed
1713973452.836631,0.6142578125,0.816162109375,-0.020263671875,Mouth closed
1713973452.875506,0.607666015625,0.814453125,-0.022705078125,Mouth closed
1713973452.914858,0.619140625,0.813720703125,-0.01904296875,Mouth closed
1713973452.956162,0.61181640625,0.812744140625,-0.0234375,Mouth closed
1713973452.994939,0.6181640625,0.812744140625,-0.02783203125,Mouth closed
1713973453.035776,0.610107421875,0.81396484375,-0.03076171875,Mouth closed
1713973453.075594,0.6083984375,0.81787109375,-0.026611328125,Mouth closed
1713973453.118701,0.612548828125,0.81640625,-0.02197265625,Mouth closed
1713973453.160346,0.6162109375,0.81689453125,-0.021240234375,Mouth closed
1713973453.196754,0.61328125,0.81494140625,-0.012939453125,Mouth closed
1713973453.238431,0.6123046875,0.8115234375,-0.021240234375,Mouth closed
1713973453.275094,0.61865234375,0.81298828125,-0.0205078125,Mouth closed
1713973453.316561,0.61572265625,0.811767578125,-0.0322265625,Mouth closed
1713973453.354522,0.611083984375,0.8173828125,-0.01025390625,Mouth closed
1713973453.395329,0.61962890625,0.815673828125,-0.00927734375,Mouth closed
1713973453.438511,0.62109375,0.815673828125,0.0126953125,Mouth closed
1713973453.474693,0.62353515625,0.80859375,-0.00830078125,Mouth closed
1713973453.518084,0.60986328125,0.814453125,0.001953125,Mouth closed
1713973453.569668,0.625,0.82080078125,-0.003662109375,Mouth closed
1713973453.598116,0.6064453125,0.814697265625,-0.009765625,Mouth closed
1713973453.649473,0.61572265625,0.81591796875,-0.0078125,Mouth closed
1713973453.678488,0.619873046875,0.811767578125,0.001220703125,Mouth closed
1713973453.730018,0.61669921875,0.810791015625,0.003173828125,Mouth closed
1713973453.757844,0.614990234375,0.8125,-0.013671875,Mouth closed
1713973453.79978,0.60595703125,0.820556640625,-0.006103515625,Mouth closed
1713973453.837348,0.619873046875,0.81494140625,-0.005126953125,Mouth closed
1713973453.876172,0.612060546875,0.81640625,-0.00537109375,Mouth closed
1713973453.915981,0.620361328125,0.81787109375,-0.03369140625,Mouth closed
1713973453.954821,0.6015625,0.821044921875,-0.034912109375,Mouth closed
1713973453.994512,0.60498046875,0.826904296875,-0.02197265625,Mouth closed
1713973454.04057,0.607666015625,0.84130859375,0.00146484375,Mouth closed
1713973454.075113,0.6083984375,0.835205078125,-0.00341796875,Mouth closed
1713973454.127265,0.6005859375,0.82763671875,-0.025146484375,Mouth closed
1713973454.156042,0.612548828125,0.83349609375,-0.0224609375,Mouth closed
1713973454.201996,0.591552734375,0.833984375,-0.024658203125,Mouth closed
1713973454.23607,0.612548828125,0.81689453125,-0.023681640625,Mouth closed
1713973454.281477,0.60595703125,0.820068359375,-0.032958984375,Mouth closed
1713973454.317716,0.605224609375,0.82470703125,-0.023681640625,Mouth closed
1713973454.359511,0.626953125,0.82568359375,-0.02099609375,Mouth closed
1713973454.3966,0.597900390625,0.8251953125,-0.010009765625,Mouth closed
1713973454.437491,0.614501953125,0.821533203125,-0.023193359375,Mouth closed
1713973454.480184,0.626220703125,0.82421875,-0.033935546875,Mouth closed
1713973454.51645,0.6298828125,0.794189453125,-0.04833984375,Mouth closed
1713973454.554608,0.62646484375,0.79736328125,-0.063720703125,Mouth closed
1713973454.595837,0.63623046875,0.79296875,-0.069580078125,Mouth closed
1713973454.633626,0.6494140625,0.78759765625,-0.077880859375,Mouth closed
1713973454.675354,0.654541015625,0.786865234375,-0.07470703125,Mouth closed
1713973454.716993,0.65625,0.763427734375,-0.0986328125,Mouth closed
1713973454.767323,0.662109375,0.764404296875,-0.10791015625,Mouth closed
1713973454.795364,0.677001953125,0.740234375,-0.1103515625,Mouth closed
1713973454.842244,0.67626953125,0.742919921875,-0.1064453125,Mouth closed
1713973454.874646,0.670654296875,0.742431640625,-0.125,Mouth closed
1713973454.917074,0.672607421875,0.745361328125,-0.124755859375,Mouth closed
1713973454.955874,0.680908203125,0.742431640625,-0.146240234375,Mouth closed
1713973454.996964,0.677734375,0.747802734375,-0.147216796875,Mouth closed
1713973455.044013,0.6708984375,0.736328125,-0.139892578125,Mouth closed
1713973455.082681,0.677490234375,0.746826171875,-0.13818359375,Mouth closed
1713973455.122818,0.67138671875,0.740478515625,-0.147705078125,Mouth closed
1713973455.158308,0.669921875,0.74462890625,-0.145751953125,Mouth closed
1713973455.200979,0.670654296875,0.743896484375,-0.156005859375,Mouth closed
1713973455.243398,0.671875,0.75048828125,-0.158447265625,Mouth closed
1713973455.281643,0.6728515625,0.75634765625,-0.14599609375,Mouth closed
1713973455.320191,0.677734375,0.752685546875,-0.15380859375,Mouth closed
1713973455.360525,0.676513671875,0.751953125,-0.15576171875,Mouth closed
1713973455.395843,0.6787109375,0.745849609375,-0.164306640625,Mouth closed
1713973455.438453,0.67041015625,0.7275390625,-0.17333984375,Mouth closed
1713973455.480456,0.671630859375,0.7373046875,-0.171142578125,Mouth closed
1713973455.51863,0.670654296875,0.737548828125,-0.167724609375,Mouth closed
1713973455.55922,0.67822265625,0.741455078125,-0.168212890625,Mouth closed
1713973455.597499,0.6689453125,0.739013671875,-0.173095703125,Mouth closed
1713973455.649523,0.673583984375,0.74267578125,-0.160400390625,Mouth closed
1713973455.679111,0.675537109375,0.73828125,-0.161376953125,Mouth closed
1713973455.72912,0.67578125,0.73779296875,-0.155029296875,Mouth closed
1713973455.758566,0.706298828125,0.728759765625,-0.15087890625,Mouth closed
1713973455.80896,0.680419921875,0.7421875,-0.154052734375,Mouth closed
1713973455.836733,0.6845703125,0.74365234375,-0.158447265625,Mouth closed
1713973455.887297,0.675048828125,0.753173828125,-0.15185546875,Mouth closed
1713973455.916661,0.67333984375,0.758544921875,-0.1640625,Mouth closed
1713973455.965773,0.667724609375,0.745849609375,-0.174560546875,Mouth closed
1713973456.004002,0.65966796875,0.749755859375,-0.1748046875,Mouth closed
1713973456.055097,0.66162109375,0.7529296875,-0.16015625,Mouth closed
1713973456.085625,0.6611328125,0.76318359375,-0.150146484375,Mouth closed
1713973456.116564,0.662353515625,0.76171875,-0.149658203125,Mouth closed
1713973456.160603,0.662841796875,0.764892578125,-0.152099609375,Mouth closed
1713973456.198123,0.674560546875,0.76171875,-0.146728515625,Mouth closed
1713973456.237706,0.686767578125,0.7431640625,-0.144775390625,Mouth closed
1713973456.282923,0.69091796875,0.738037109375,-0.138671875,Mouth closed
1713973456.320045,0.697021484375,0.723388671875,-0.1357421875,Mouth closed
1713973456.361466,0.7001953125,0.7236328125,-0.130615234375,Mouth closed
1713973456.399631,0.69921875,0.71728515625,-0.140625,Mouth closed
1713973456.441174,0.697509765625,0.707763671875,-0.14697265625,Mouth closed
1713973456.479267,0.70068359375,0.704833984375,-0.155029296875,Mouth closed
1713973456.518673,0.6982421875,0.711181640625,-0.157470703125,Mouth closed
1713973456.557604,0.700439453125,0.716796875,-0.159423828125,Mouth closed
1713973456.597501,0.6982421875,0.72705078125,-0.15625,Mouth closed
1713973456.640339,0.69677734375,0.73046875,-0.1591796875,Mouth closed
1713973456.679813,0.69287109375,0.724609375,-0.16015625,Mouth closed
1713973456.718493,0.689453125,0.7275390625,-0.1552734375,Mouth closed
1713973456.772606,0.6904296875,0.72705078125,-0.15625,Mouth closed
1713973456.799872,0.695068359375,0.728759765625,-0.15185546875,Mouth closed
1713973456.844661,0.6953125,0.730224609375,-0.1513671875,Mouth closed
1713973456.880026,0.697509765625,0.72265625,-0.146484375,Mouth closed
1713973456.923893,0.697265625,0.726806640625,-0.1416015625,Mouth closed
1713973456.959513,0.703857421875,0.725830078125,-0.1416015625,Mouth closed
1713973456.999709,0.6943359375,0.726806640625,-0.142578125,Mouth closed
1713973457.043933,0.6962890625,0.72802734375,-0.1396484375,Mouth closed
1713973457.085737,0.69189453125,0.726318359375,-0.1435546875,Mouth closed
1713973457.121857,0.693115234375,0.7275390625,-0.143798828125,Mouth closed
1713973457.163343,0.6904296875,0.731201171875,-0.150390625,Mouth closed
1713973457.200076,0.68798828125,0.736572265625,-0.15283203125,Mouth closed
1713973457.241449,0.69140625,0.736083984375,-0.150634765625,Mouth closed
1713973457.280027,0.69091796875,0.7314453125,-0.14990234375,Mouth closed
1713973457.321003,0.68994140625,0.729736328125,-0.147216796875,Mouth closed
1713973457.363415,0.68896484375,0.728271484375,-0.14990234375,Mouth closed
1713973457.413424,0.691162109375,0.728515625,-0.142578125,Mouth closed
1713973457.442234,0.690185546875,0.733154296875,-0.1435546875,Mouth closed
1713973457.489532,0.68408203125,0.7373046875,-0.14794921875,Mouth closed
1713973457.520812,0.683349609375,0.73583984375,-0.1455078125,Mouth closed
1713973457.570891,0.684814453125,0.734130859375,-0.14990234375,Mouth closed
1713973457.608881,0.69189453125,0.7373046875,-0.1484375,Mouth closed
1713973457.642831,0.685302734375,0.737060546875,-0.149169921875,Mouth closed
1713973457.68066,0.68505859375,0.735595703125,-0.14892578125,Mouth closed
1713973457.730951,0.68408203125,0.7373046875,-0.149658203125,Mouth closed
1713973457.761899,0.68603515625,0.737548828125,-0.1484375,Mouth closed
1713973457.813121,0.68408203125,0.735595703125,-0.155517578125,Mouth closed
1713973457.842371,0.68115234375,0.73681640625,-0.15380859375,Mouth closed
1713973457.880165,0.685546875,0.739990234375,-0.15380859375,Mouth closed
1713973457.921379,0.680908203125,0.738525390625,-0.156494140625,Mouth closed
1713973457.963088,0.677734375,0.74169921875,-0.159423828125,Mouth closed
1713973458.001449,0.677978515625,0.74267578125,-0.159912109375,Mouth closed
1713973458.044196,0.675537109375,0.740966796875,-0.164306640625,Mouth closed
1713973458.081949,0.6728515625,0.741455078125,-0.15966796875,Mouth closed
1713973458.124968,0.67822265625,0.744140625,-0.1591796875,Mouth closed
1713973458.165694,0.674072265625,0.744384765625,-0.149658203125,Mouth closed
1713973458.205966,0.676025390625,0.74658203125,-0.1533203125,Mouth closed
1713973458.25485,0.6728515625,0.746826171875,-0.150634765625,Mouth closed
1713973458.283622,0.675537109375,0.75,-0.15087890625,Mouth closed
1713973458.324857,0.673828125,0.748046875,-0.148193359375,Mouth closed
1713973458.364784,0.671875,0.751220703125,-0.146240234375,Mouth closed
1713973458.405432,0.671875,0.75048828125,-0.14990234375,Mouth closed
1713973458.441411,0.6728515625,0.7490234375,-0.146484375,Mouth closed
1713973458.480582,0.670654296875,0.748291015625,-0.149169921875,Mouth closed
1713973458.519704,0.671875,0.75390625,-0.1494140625,Mouth closed
1713973458.559954,0.67578125,0.75048828125,-0.149658203125,Mouth closed
1713973458.600624,0.672119140625,0.7490234375,-0.150634765625,Mouth closed
1713973458.642569,0.669189453125,0.750244140625,-0.1494140625,Mouth closed
1713973458.680588,0.669921875,0.749267578125,-0.155029296875,Mouth closed
1713973458.72046,0.66845703125,0.7490234375,-0.152099609375,Mouth closed
1713973458.761411,0.66796875,0.754150390625,-0.151611328125,Mouth closed
1713973458.802269,0.6689453125,0.753173828125,-0.14990234375,Mouth closed
1713973458.843063,0.6728515625,0.75634765625,-0.148193359375,Mouth closed
1713973458.883097,0.669677734375,0.753173828125,-0.149658203125,Mouth closed
1713973458.924001,0.671630859375,0.7548828125,-0.144287109375,Mouth closed
1713973458.964098,0.667236328125,0.749755859375,-0.147216796875,Mouth closed
1713973459.003786,0.67041015625,0.751953125,-0.14697265625,Mouth closed
1713973459.04616,0.670166015625,0.747802734375,-0.146484375,Mouth closed
1713973459.085588,0.67333984375,0.75146484375,-0.14599609375,Mouth closed
1713973459.127056,0.670654296875,0.74853515625,-0.148681640625,Mouth closed
1713973459.167076,0.672119140625,0.7490234375,-0.141845703125,Mouth closed
1713973459.204287,0.675537109375,0.75439453125,-0.146728515625,Mouth closed
1713973459.246889,0.672119140625,0.750732421875,-0.148193359375,Mouth closed
1713973459.289733,0.672119140625,0.751953125,-0.143310546875,Mouth closed
1713973459.327748,0.670654296875,0.749755859375,-0.146240234375,Mouth closed
1713973459.370226,0.671630859375,0.748291015625,-0.146484375,Mouth closed
1713973459.40253,0.672607421875,0.75,-0.1484375,Mouth closed
1713973459.446281,0.668701171875,0.75048828125,-0.146728515625,Mouth closed
1713973459.483247,0.677978515625,0.753173828125,-0.146484375,Mouth closed
1713973459.53409,0.671875,0.74658203125,-0.147216796875,Mouth closed
1713973459.562565,0.673828125,0.7509765625,-0.14208984375,Mouth closed
1713973459.603703,0.675048828125,0.753173828125,-0.143310546875,Mouth closed
1713973459.643787,0.6708984375,0.749755859375,-0.142333984375,Mouth closed
1713973459.684369,0.67236328125,0.7509765625,-0.14453125,Mouth closed
1713973459.724199,0.672119140625,0.749755859375,-0.145263671875,Mouth closed
1713973459.762664,0.67333984375,0.75,-0.145751953125,Mouth closed
1713973459.802859,0.672119140625,0.751953125,-0.143798828125,Mouth closed
1713973459.842698,0.676025390625,0.755859375,-0.146484375,Mouth closed
1713973459.884031,0.670654296875,0.75244140625,-0.145263671875,Mouth closed
1713973459.923783,0.67041015625,0.748046875,-0.144775390625,Mouth closed
1713973459.966212,0.670654296875,0.752197265625,-0.143310546875,Mouth closed
1713973460.003736,0.673095703125,0.75,-0.145751953125,Mouth closed
1713973460.045272,0.6708984375,0.749267578125,-0.144775390625,Mouth closed
1713973460.084664,0.67431640625,0.75,-0.143798828125,Mouth closed
1713973460.127165,0.670654296875,0.75,-0.142333984375,Mouth closed
1713973460.167825,0.67431640625,0.75244140625,-0.142822265625,Mouth closed
1713973460.205445,0.671142578125,0.747802734375,-0.14306640625,Mouth closed
1713973460.246935,0.674072265625,0.7509765625,-0.1435546875,Mouth closed
1713973460.287326,0.670166015625,0.75244140625,-0.143310546875,Mouth closed
1713973460.327103,0.672119140625,0.751708984375,-0.143310546875,Mouth closed
1713973460.367693,0.668701171875,0.749755859375,-0.146240234375,Mouth closed
1713973460.405878,0.671630859375,0.75390625,-0.14501953125,Mouth closed
1713973460.445469,0.675048828125,0.748291015625,-0.149658203125,Mouth closed
1713973460.485771,0.673583984375,0.74560546875,-0.14599609375,Mouth closed
1713973460.525421,0.67529296875,0.745849609375,-0.14697265625,Mouth closed
1713973460.564632,0.67333984375,0.7412109375,-0.1435546875,Mouth closed
1713973460.605424,0.67578125,0.745361328125,-0.145751953125,Mouth closed
1713973460.651236,0.67529296875,0.74853515625,-0.146240234375,Mouth closed
1713973460.689882,0.67041015625,0.7529296875,-0.14404296875,Mouth closed
1713973460.727063,0.666748046875,0.759521484375,-0.145751953125,Mouth closed
1713973460.766635,0.667236328125,0.76318359375,-0.14599609375,Mouth closed
1713973460.807373,0.663330078125,0.76171875,-0.14599609375,Mouth closed
1713973460.851825,0.67041015625,0.75830078125,-0.1416015625,Mouth closed
1713973460.887364,0.670166015625,0.75439453125,-0.13818359375,Mouth closed
1713973460.931267,0.67626953125,0.75390625,-0.13134765625,Mouth closed
1713973460.966713,0.67236328125,0.75390625,-0.130615234375,Mouth closed
1713973461.011643,0.67138671875,0.751708984375,-0.12939453125,Mouth closed
1713973461.047415,0.671142578125,0.7578125,-0.132568359375,Mouth closed
1713973461.087647,0.668701171875,0.759765625,-0.133056640625,Mouth closed
1713973461.126073,0.67138671875,0.752685546875,-0.135986328125,Mouth closed
1713973461.166423,0.66796875,0.75341796875,-0.142822265625,Mouth closed
1713973461.205287,0.671142578125,0.755859375,-0.14599609375,Mouth closed
1713973461.248553,0.67041015625,0.7529296875,-0.1416015625,Mouth closed
1713973461.285428,0.672119140625,0.74951171875,-0.143798828125,Mouth closed
1713973461.327972,0.675048828125,0.750244140625,-0.142578125,Mouth closed
1713973461.366084,0.673828125,0.747314453125,-0.140625,Mouth closed
1713973461.408766,0.675537109375,0.749267578125,-0.140625,Mouth closed
1713973461.446306,0.672607421875,0.748046875,-0.13916015625,Mouth closed
1713973461.487393,0.66943359375,0.750732421875,-0.14111328125,Mouth closed
1713973461.526465,0.67822265625,0.7529296875,-0.141845703125,Mouth closed
1713973461.567908,0.6728515625,0.7490234375,-0.1396484375,Mouth closed
1713973461.607785,0.6728515625,0.749755859375,-0.136474609375,Mouth closed
1713973461.649704,0.67138671875,0.75244140625,-0.139892578125,Mouth closed
1713973461.688705,0.67431640625,0.74951171875,-0.1376953125,Mouth closed
1713973461.727704,0.6748046875,0.749267578125,-0.141845703125,Mouth closed
1713973461.765985,0.672607421875,0.751953125,-0.140869140625,Mouth closed
1713973461.807456,0.675537109375,0.746337890625,-0.142333984375,Mouth closed
1713973461.845903,0.674072265625,0.74951171875,-0.140380859375,Mouth closed
1713973461.889836,0.67529296875,0.7509765625,-0.145751953125,Mouth closed
1713973461.926879,0.673828125,0.75,-0.14306640625,Mouth closed
1713973461.966908,0.67529296875,0.7490234375,-0.148681640625,Mouth closed
1713973462.00748,0.67333984375,0.747802734375,-0.14599609375,Mouth closed
1713973462.047407,0.6728515625,0.75146484375,-0.1484375,Mouth closed
1713973462.086554,0.673828125,0.75146484375,-0.14404296875,Mouth closed
1713973462.130756,0.676513671875,0.749267578125,-0.1474609375,Mouth closed
1713973462.172635,0.677734375,0.750732421875,-0.158447265625,Mouth closed
1713973462.208472,0.68115234375,0.744140625,-0.158935546875,Mouth closed
1713973462.248776,0.67236328125,0.740478515625,-0.141357421875,Mouth closed
1713973462.28771,0.67724609375,0.734619140625,-0.126708984375,Mouth closed
1713973462.326528,0.68115234375,0.735595703125,-0.12841796875,Mouth closed
1713973462.366754,0.68603515625,0.740234375,-0.130126953125,Mouth closed
1713973462.405995,0.68505859375,0.7421875,-0.13916015625,Mouth closed
1713973462.447133,0.683837890625,0.741943359375,-0.143798828125,Mouth closed
1713973462.487993,0.68310546875,0.738525390625,-0.142578125,Mouth closed
1713973462.52981,0.6845703125,0.740478515625,-0.144775390625,Mouth closed
1713973462.565444,0.68603515625,0.73974609375,-0.14306640625,Mouth closed
1713973462.607106,0.685546875,0.736328125,-0.142333984375,Mouth closed
1713973462.64627,0.6845703125,0.7353515625,-0.143310546875,Mouth closed
1713973462.687278,0.68603515625,0.737060546875,-0.141357421875,Mouth closed
1713973462.732969,0.686767578125,0.7353515625,-0.140625,Mouth closed
1713973462.769826,0.6865234375,0.737060546875,-0.14111328125,Mouth closed
1713973462.811296,0.68359375,0.740966796875,-0.14404296875,Mouth closed
1713973462.848213,0.68603515625,0.745849609375,-0.146728515625,Mouth closed
1713973462.889048,0.680908203125,0.74169921875,-0.140869140625,Mouth closed
1713973462.930727,0.682373046875,0.74462890625,-0.131103515625,Mouth closed
1713973462.968987,0.678466796875,0.741455078125,-0.138916015625,Mouth closed
1713973463.008433,0.68017578125,0.7470703125,-0.138427734375,Mouth closed
1713973463.049137,0.680419921875,0.743896484375,-0.1494140625,Mouth closed
1713973463.086221,0.68310546875,0.744384765625,-0.1484375,Mouth closed
1713973463.127291,0.682861328125,0.744384765625,-0.1533203125,Mouth closed
1713973463.170398,0.677734375,0.740966796875,-0.15185546875,Mouth closed
1713973463.220569,0.6845703125,0.742919921875,-0.14794921875,Mouth closed
1713973463.247505,0.6806640625,0.736572265625,-0.151123046875,Mouth closed
1713973463.300333,0.680908203125,0.736083984375,-0.1494140625,Mouth closed
1713973463.329382,0.684326171875,0.73583984375,-0.14697265625,Mouth closed
1713973463.38072,0.684814453125,0.738525390625,-0.149169921875,Mouth closed
1713973463.407804,0.685791015625,0.736572265625,-0.15087890625,Mouth closed
1713973463.455174,0.68505859375,0.73681640625,-0.150390625,Mouth closed
1713973463.495636,0.685791015625,0.744384765625,-0.151611328125,Mouth closed
1713973463.533627,0.6865234375,0.738037109375,-0.148681640625,Mouth closed
1713973463.571827,0.68408203125,0.734619140625,-0.146240234375,Mouth closed
1713973463.611352,0.682861328125,0.735595703125,-0.149658203125,Mouth closed
1713973463.649013,0.68505859375,0.73583984375,-0.143798828125,Mouth closed
1713973463.689508,0.683837890625,0.740966796875,-0.147216796875,Mouth closed
1713973463.727545,0.67919921875,0.7412109375,-0.15087890625,Mouth closed
1713973463.76739,0.6787109375,0.7412109375,-0.145263671875,Mouth closed
1713973463.80764,0.678466796875,0.7412109375,-0.149658203125,Mouth closed
1713973463.858498,0.681640625,0.742919921875,-0.149658203125,Mouth closed
1713973463.887719,0.680908203125,0.739990234375,-0.14892578125,Mouth closed
1713973463.938557,0.68017578125,0.741455078125,-0.150146484375,Mouth closed
1713973463.968478,0.6767578125,0.74169921875,-0.15283203125,Mouth closed
1713973464.012688,0.678955078125,0.745849609375,-0.153076171875,Mouth closed
1713973464.048415,0.67578125,0.73876953125,-0.15283203125,Mouth closed
1713973464.090921,0.680419921875,0.743408203125,-0.15283203125,Mouth closed
1713973464.136181,0.68115234375,0.74072265625,-0.14990234375,Mouth closed
1713973464.170329,0.6826171875,0.741455078125,-0.151611328125,Mouth closed
1713973464.218142,0.681640625,0.73779296875,-0.15087890625,Mouth closed
1713973464.256336,0.68701171875,0.740478515625,-0.1484375,Mouth closed
1713973464.294784,0.682373046875,0.73779296875,-0.150146484375,Mouth closed
1713973464.334359,0.68017578125,0.738525390625,-0.148681640625,Mouth closed
1713973464.372241,0.68310546875,0.740234375,-0.15087890625,Mouth closed
1713973464.41504,0.676513671875,0.74072265625,-0.1494140625,Mouth closed
1713973464.455846,0.68603515625,0.742919921875,-0.15185546875,Mouth closed
1713973464.519399,0.679931640625,0.743408203125,-0.151611328125,Mouth closed
1713973464.54163,0.678955078125,0.7431640625,-0.152099609375,Mouth closed
1713973464.572513,0.679931640625,0.74267578125,-0.150634765625,Mouth closed
1713973464.609933,0.67724609375,0.74365234375,-0.150390625,Mouth closed
1713973464.651805,0.677490234375,0.74072265625,-0.1533203125,Mouth closed
1713973464.690415,0.677978515625,0.741943359375,-0.155517578125,Mouth closed
1713973464.730439,0.67626953125,0.74267578125,-0.1552734375,Mouth closed
1713973464.772874,0.677978515625,0.743896484375,-0.156982421875,Mouth closed
1713973464.812929,0.67724609375,0.741943359375,-0.15576171875,Mouth closed
1713973464.850677,0.683349609375,0.747802734375,-0.15234375,Mouth closed
1713973464.898159,0.6796875,0.7412109375,-0.156005859375,Mouth closed
1713973464.930636,0.67626953125,0.74365234375,-0.1513671875,Mouth closed
1713973464.969418,0.6806640625,0.743896484375,-0.154052734375,Mouth closed
1713973465.009425,0.679443359375,0.739990234375,-0.15234375,Mouth closed
1713973465.04883,0.678466796875,0.74072265625,-0.154052734375,Mouth closed
1713973465.088605,0.677490234375,0.74072265625,-0.157470703125,Mouth closed
1713973465.13542,0.680419921875,0.740478515625,-0.1533203125,Mouth closed
1713973465.171314,0.678955078125,0.740478515625,-0.152587890625,Mouth closed
1713973465.213261,0.68310546875,0.73974609375,-0.15380859375,Mouth closed
1713973465.252178,0.679931640625,0.741943359375,-0.149169921875,Mouth closed
1713973465.291547,0.680908203125,0.74072265625,-0.152099609375,Mouth closed
1713973465.332063,0.68017578125,0.744873046875,-0.15234375,Mouth closed
1713973465.379597,0.67822265625,0.74072265625,-0.15087890625,Mouth closed
1713973465.41118,0.677978515625,0.74169921875,-0.15234375,Mouth closed
1713973465.461923,0.679443359375,0.74365234375,-0.1533203125,Mouth closed
1713973465.490527,0.67919921875,0.7470703125,-0.14990234375,Mouth closed
1713973465.53457,0.68212890625,0.7451171875,-0.150390625,Mouth closed
1713973465.571007,0.67919921875,0.741455078125,-0.153076171875,Mouth closed
1713973465.621926,0.680419921875,0.74267578125,-0.150146484375,Mouth closed
1713973465.649468,0.68310546875,0.741455078125,-0.150390625,Mouth closed
1713973465.694065,0.677978515625,0.740478515625,-0.147216796875,Mouth closed
1713973465.727693,0.67822265625,0.739501953125,-0.1513671875,Mouth closed
1713973465.779707,0.679443359375,0.7421875,-0.15185546875,Mouth closed
1713973465.808597,0.681884765625,0.74267578125,-0.154052734375,Mouth closed
1713973465.849741,0.677001953125,0.74267578125,-0.154296875,Mouth closed
1713973465.894988,0.681640625,0.743408203125,-0.152587890625,Mouth closed
1713973465.930513,0.6787109375,0.740478515625,-0.15234375,Mouth closed
1713973465.97611,0.68115234375,0.74267578125,-0.151123046875,Mouth closed
1713973466.010864,0.681396484375,0.7412109375,-0.15087890625,Mouth open
1713973466.055273,0.67724609375,0.739990234375,-0.153076171875,Mouth open
1713973466.095591,0.68017578125,0.7412109375,-0.15234375,Mouth open
1713973466.133904,0.68017578125,0.74072265625,-0.151611328125,Mouth open
1713973466.174977,0.68212890625,0.74267578125,-0.15185546875,Mouth open
1713973466.212606,0.68115234375,0.7421875,-0.15087890625,Mouth open
1713973466.253923,0.679931640625,0.742431640625,-0.152099609375,Mouth open
1713973466.290277,0.683349609375,0.743896484375,-0.14697265625,Mouth open
1713973466.332133,0.67919921875,0.7421875,-0.151123046875,Mouth open
1713973466.368382,0.67822265625,0.742431640625,-0.150146484375,Mouth open
1713973466.409714,0.677734375,0.734130859375,-0.15576171875,Mouth open
1713973466.452366,0.6796875,0.74267578125,-0.144287109375,Mouth open
1713973466.488846,0.68359375,0.74609375,-0.147705078125,Mouth open
1713973466.531335,0.678955078125,0.74560546875,-0.146484375,Mouth open
1713973466.572058,0.680419921875,0.74755859375,-0.150146484375,Mouth open
1713973466.609881,0.67724609375,0.74560546875,-0.146728515625,Mouth open
1713973466.661216,0.67578125,0.742919921875,-0.151123046875,Mouth open
1713973466.699762,0.67724609375,0.744873046875,-0.1484375,Mouth open
1713973466.739085,0.673583984375,0.748046875,-0.14892578125,Mouth open
1713973466.777638,0.674072265625,0.744873046875,-0.14892578125,Mouth open
1713973466.818311,0.67626953125,0.746337890625,-0.146728515625,Mouth open
1713973466.85793,0.6767578125,0.74951171875,-0.143310546875,Mouth open
1713973466.89602,0.680908203125,0.745849609375,-0.146240234375,Mouth open
1713973466.934606,0.67529296875,0.742919921875,-0.146728515625,Mouth open
1713973466.971995,0.679443359375,0.746337890625,-0.14892578125,Mouth open
1713973467.014413,0.671142578125,0.755615234375,-0.199951171875,Mouth open
1713973467.052868,0.679443359375,0.729248046875,-0.127685546875,Mouth open
1713973467.094279,0.69384765625,0.744140625,-0.174072265625,Mouth open
1713973467.134421,0.679443359375,0.7314453125,-0.158203125,Mouth open
1713973467.174273,0.699462890625,0.73046875,-0.18896484375,Mouth open
1713973467.213746,0.687744140625,0.722900390625,-0.1455078125,Mouth open
1713973467.252541,0.7060546875,0.72900390625,-0.172119140625,Mouth open
1713973467.292773,0.700439453125,0.7158203125,-0.1826171875,Mouth open
1713973467.332557,0.697998046875,0.721923828125,-0.173583984375,Mouth open
1713973467.372359,0.697021484375,0.72021484375,-0.176513671875,Mouth open
1713973467.412212,0.684326171875,0.715087890625,-0.181884765625,Mouth open
1713973467.454371,0.677978515625,0.7080078125,-0.210205078125,Mouth open
1713973467.493752,0.689697265625,0.710205078125,-0.189697265625,Mouth open
1713973467.535737,0.697998046875,0.713623046875,-0.19384765625,Mouth open
1713973467.57723,0.69287109375,0.72119140625,-0.19677734375,Mouth open
1713973467.61858,0.699951171875,0.7275390625,-0.193603515625,Mouth open
1713973467.657717,0.6904296875,0.724853515625,-0.17822265625,Mouth open
1713973467.696263,0.6904296875,0.723876953125,-0.197021484375,Mouth open
1713973467.735662,0.6904296875,0.718017578125,-0.197265625,Mouth open
1713973467.777355,0.68603515625,0.71630859375,-0.20166015625,Mouth open
1713973467.815565,0.6865234375,0.711669921875,-0.20068359375,Mouth open
1713973467.857982,0.7001953125,0.715576171875,-0.198486328125,Mouth open
1713973467.897479,0.68896484375,0.714599609375,-0.2158203125,Mouth open
1713973467.933865,0.6875,0.7197265625,-0.21630859375,Mouth open
1713973467.978743,0.68798828125,0.718994140625,-0.21044921875,Mouth open
1713973468.022678,0.684326171875,0.71826171875,-0.214111328125,Mouth open
1713973468.060447,0.686279296875,0.719970703125,-0.200439453125,Mouth open
1713973468.096296,0.68896484375,0.71875,-0.20947265625,Mouth open
1713973468.135041,0.6806640625,0.719482421875,-0.20556640625,Mouth open
1713973468.18719,0.683837890625,0.722412109375,-0.209228515625,Mouth open
1713973468.217391,0.684814453125,0.722900390625,-0.19921875,Mouth open
1713973468.254402,0.6884765625,0.724609375,-0.20068359375,Mouth open
1713973468.293046,0.6826171875,0.719482421875,-0.2119140625,Mouth open
1713973468.335014,0.683837890625,0.721435546875,-0.2060546875,Mouth open
1713973468.374032,0.685546875,0.724609375,-0.20556640625,Mouth open
1713973468.415145,0.681884765625,0.72802734375,-0.197998046875,Mouth open
1713973468.455627,0.6826171875,0.7265625,-0.203125,Mouth open
1713973468.497037,0.681640625,0.7275390625,-0.201416015625,Mouth open
1713973468.535363,0.688720703125,0.725341796875,-0.197265625,Mouth open
1713973468.577874,0.683349609375,0.720947265625,-0.20458984375,Mouth open
1713973468.616264,0.6865234375,0.72314453125,-0.205322265625,Mouth open
1713973468.658257,0.6826171875,0.72509765625,-0.199462890625,Mouth open
1713973468.696821,0.6845703125,0.724609375,-0.203857421875,Mouth open
1713973468.739959,0.68115234375,0.723876953125,-0.19873046875,Mouth open
1713973468.777979,0.677490234375,0.71875,-0.194091796875,Mouth open
1713973468.820846,0.67724609375,0.723388671875,-0.18408203125,Mouth open
1713973468.856983,0.676513671875,0.728271484375,-0.1806640625,Mouth open
1713973468.896715,0.685546875,0.732177734375,-0.174560546875,Mouth open
1713973468.938306,0.6923828125,0.742431640625,-0.185546875,Mouth open
1713973468.975333,0.694580078125,0.7451171875,-0.1884765625,Mouth open
1713973469.014785,0.69384765625,0.744384765625,-0.19873046875,Mouth open
1713973469.055163,0.685302734375,0.72021484375,-0.20849609375,Mouth open
1713973469.095864,0.681640625,0.708984375,-0.21240234375,Mouth open
1713973469.135414,0.6748046875,0.6982421875,-0.215087890625,Mouth open
1713973469.176303,0.6748046875,0.709716796875,-0.20166015625,Mouth open
1713973469.21766,0.68115234375,0.7216796875,-0.197021484375,Mouth open
1713973469.256918,0.68896484375,0.73828125,-0.186767578125,Mouth open
1713973469.302611,0.688720703125,0.744873046875,-0.17626953125,Mouth open
1713973469.337567,0.685302734375,0.74169921875,-0.173095703125,Mouth open
1713973469.387171,0.676025390625,0.735595703125,-0.177001953125,Mouth open
1713973469.418318,0.67236328125,0.739501953125,-0.18017578125,Mouth open
1713973469.463279,0.674072265625,0.7333984375,-0.188232421875,Mouth open
1713973469.497823,0.679931640625,0.733642578125,-0.18701171875,Mouth open
1713973469.549382,0.681640625,0.733154296875,-0.187255859375,Mouth open
1713973469.578014,0.68310546875,0.733154296875,-0.189453125,Mouth open
1713973469.61619,0.679931640625,0.7333984375,-0.189697265625,Mouth open
1713973469.658052,0.682373046875,0.73583984375,-0.184326171875,Mouth open
1713973469.696377,0.680908203125,0.7333984375,-0.1875,Mouth open
1713973469.736898,0.678466796875,0.7314453125,-0.1875,Mouth open
1713973469.778646,0.67919921875,0.729736328125,-0.191650390625,Mouth open
1713973469.817428,0.677001953125,0.729248046875,-0.188720703125,Mouth open
1713973469.859642,0.67529296875,0.729248046875,-0.18603515625,Mouth open
1713973469.897968,0.67724609375,0.738525390625,-0.17822265625,Mouth open
1713973469.939401,0.68359375,0.74951171875,-0.181884765625,Mouth open
1713973469.978435,0.679443359375,0.754150390625,-0.19140625,Mouth open
1713973470.021008,0.68310546875,0.743408203125,-0.196533203125,Mouth open
1713973470.065068,0.67578125,0.729248046875,-0.197021484375,Mouth open
1713973470.102066,0.676513671875,0.714111328125,-0.203125,Mouth open
1713973470.140967,0.67236328125,0.7099609375,-0.199951171875,Mouth open
1713973470.17977,0.673828125,0.7197265625,-0.19287109375,Mouth open
1713973470.220947,0.680419921875,0.735107421875,-0.18603515625,Mouth open
1713973470.257689,0.68701171875,0.7431640625,-0.178955078125,Mouth open
1713973470.297607,0.684814453125,0.75146484375,-0.1669921875,Mouth open
1713973470.338345,0.67626953125,0.748046875,-0.166015625,Mouth open
1713973470.378971,0.67333984375,0.7412109375,-0.172119140625,Mouth open
1713973470.419311,0.673828125,0.74365234375,-0.1767578125,Mouth open
1713973470.458643,0.674560546875,0.7373046875,-0.18359375,Mouth open
1713973470.498719,0.677978515625,0.731689453125,-0.189453125,Mouth open
1713973470.538442,0.676513671875,0.73388671875,-0.18603515625,Mouth open
1713973470.584066,0.68505859375,0.741943359375,-0.1875,Mouth open
1713973470.62057,0.676513671875,0.734375,-0.191162109375,Mouth open
1713973470.662979,0.67578125,0.732177734375,-0.199951171875,Mouth open
1713973470.700819,0.674560546875,0.73291015625,-0.200927734375,Mouth open
1713973470.741283,0.678466796875,0.730712890625,-0.195556640625,Mouth open
1713973470.784652,0.675048828125,0.73193359375,-0.198974609375,Mouth open
1713973470.82594,0.676025390625,0.733154296875,-0.197265625,Mouth open
1713973470.86037,0.682373046875,0.736328125,-0.19091796875,Mouth open
1713973470.913342,0.681640625,0.729248046875,-0.191650390625,Mouth open
1713973470.938528,0.67822265625,0.73681640625,-0.185546875,Mouth open
1713973470.992356,0.677001953125,0.737060546875,-0.18505859375,Mouth open
1713973471.019344,0.67041015625,0.739501953125,-0.18603515625,Mouth open
1713973471.070559,0.67529296875,0.740478515625,-0.18212890625,Mouth open
1713973471.100819,0.673095703125,0.740478515625,-0.18994140625,Mouth open
1713973471.151426,0.67529296875,0.740966796875,-0.18701171875,Mouth open
1713973471.181403,0.671630859375,0.739990234375,-0.1845703125,Mouth open
1713973471.228105,0.672607421875,0.747314453125,-0.19091796875,Mouth open
1713973471.262344,0.669677734375,0.74072265625,-0.187744140625,Mouth open
1713973471.314177,0.6728515625,0.7392578125,-0.1943359375,Mouth open
1713973471.342883,0.671142578125,0.736083984375,-0.19677734375,Mouth open
1713973471.38595,0.6728515625,0.73681640625,-0.190185546875,Mouth open
1713973471.422465,0.66943359375,0.73583984375,-0.189697265625,Mouth open
1713973471.467259,0.67333984375,0.73828125,-0.189697265625,Mouth open
1713973471.503793,0.67724609375,0.7421875,-0.191162109375,Mouth open
1713973471.546116,0.673583984375,0.73828125,-0.1943359375,Mouth open
1713973471.582607,0.6689453125,0.740234375,-0.186279296875,Mouth open
1713973471.62385,0.67578125,0.740234375,-0.186767578125,Mouth open
1713973471.664536,0.6689453125,0.739990234375,-0.18505859375,Mouth open
1713973471.701717,0.671630859375,0.742919921875,-0.189697265625,Mouth open
1713973471.745333,0.669921875,0.739501953125,-0.187255859375,Mouth open
1713973471.787593,0.67333984375,0.740234375,-0.18798828125,Mouth open
1713973471.822835,0.67041015625,0.74267578125,-0.182861328125,Mouth open
1713973471.868361,0.675537109375,0.74365234375,-0.183837890625,Mouth open
1713973471.902536,0.670654296875,0.744873046875,-0.18505859375,Mouth open
1713973471.946522,0.669921875,0.7451171875,-0.185302734375,Mouth open
1713973471.989012,0.671142578125,0.743896484375,-0.18359375,Mouth open
1713973472.024559,0.671875,0.741455078125,-0.1875,Mouth open
1713973472.066394,0.668212890625,0.73876953125,-0.18115234375,Mouth open
1713973472.107419,0.672119140625,0.74267578125,-0.184326171875,Mouth open
1713973472.145698,0.6689453125,0.741943359375,-0.183349609375,Mouth open
1713973472.186091,0.6728515625,0.745361328125,-0.190673828125,Mouth open
1713973472.225725,0.66943359375,0.744384765625,-0.186279296875,Mouth open
1713973472.262554,0.66943359375,0.7470703125,-0.185791015625,Mouth open
1713973472.306599,0.6669921875,0.74072265625,-0.18896484375,Mouth open
1713973472.34075,0.667236328125,0.74267578125,-0.18994140625,Mouth open
1713973472.383297,0.6689453125,0.744140625,-0.18505859375,Mouth open
1713973472.423084,0.67041015625,0.74658203125,-0.181884765625,Mouth open
1713973472.461325,0.672607421875,0.743408203125,-0.187255859375,Mouth open
1713973472.501776,0.669189453125,0.74169921875,-0.186279296875,Mouth open
1713973472.542426,0.67236328125,0.7412109375,-0.188720703125,Mouth open
1713973472.582303,0.669189453125,0.740234375,-0.188232421875,Mouth open
1713973472.62253,0.67041015625,0.74365234375,-0.1826171875,Mouth open
1713973472.664655,0.671142578125,0.74169921875,-0.18896484375,Mouth open
1713973472.704566,0.66845703125,0.739990234375,-0.18994140625,Mouth open
1713973472.747728,0.668701171875,0.743408203125,-0.189208984375,Mouth open
1713973472.786433,0.67138671875,0.741943359375,-0.187744140625,Mouth open
1713973472.834437,0.6748046875,0.744140625,-0.1865234375,Mouth open
1713973472.862506,0.671875,0.74267578125,-0.1884765625,Mouth open
1713973472.902613,0.671630859375,0.744873046875,-0.182861328125,Mouth open
1713973472.940533,0.67041015625,0.744140625,-0.185302734375,Mouth open
1713973472.981267,0.670166015625,0.7421875,-0.186279296875,Mouth open
1713973473.02179,0.669677734375,0.741455078125,-0.186279296875,Mouth open
1713973473.074733,0.668212890625,0.744140625,-0.186279296875,Mouth open
1713973473.101875,0.675537109375,0.740966796875,-0.1904296875,Mouth open
1713973473.150617,0.666259765625,0.741455078125,-0.187744140625,Mouth open
1713973473.188275,0.67041015625,0.740966796875,-0.18994140625,Mouth open
1713973473.226674,0.66943359375,0.741455078125,-0.1875,Mouth open
1713973473.269769,0.671630859375,0.74267578125,-0.1904296875,Mouth open
1713973473.310815,0.66796875,0.74267578125,-0.189453125,Mouth open
1713973473.350906,0.66943359375,0.741943359375,-0.191162109375,Mouth open
1713973473.388864,0.670166015625,0.739990234375,-0.18994140625,Mouth open
1713973473.426727,0.668212890625,0.742919921875,-0.187744140625,Mouth open
1713973473.467403,0.67529296875,0.743408203125,-0.1904296875,Mouth open
1713973473.507481,0.670166015625,0.741943359375,-0.1884765625,Mouth open
1713973473.547626,0.671142578125,0.744384765625,-0.183837890625,Mouth open
1713973473.586088,0.671630859375,0.743408203125,-0.185302734375,Mouth open
1713973473.625318,0.668701171875,0.744384765625,-0.186279296875,Mouth open
1713973473.665836,0.670166015625,0.740234375,-0.188232421875,Mouth open
1713973473.704568,0.665771484375,0.74365234375,-0.1904296875,Mouth open
1713973473.745832,0.66943359375,0.74609375,-0.192138671875,Mouth open
1713973473.784519,0.6669921875,0.743408203125,-0.18896484375,Mouth open
1713973473.824694,0.669189453125,0.74462890625,-0.1943359375,Mouth open
1713973473.863766,0.666748046875,0.742431640625,-0.19482421875,Mouth open
1713973473.904279,0.667724609375,0.7470703125,-0.1923828125,Mouth open
1713973473.943439,0.669677734375,0.744384765625,-0.192626953125,Mouth open
1713973473.984322,0.666748046875,0.744140625,-0.1875,Mouth open
1713973474.024674,0.666015625,0.7421875,-0.189208984375,Mouth open
1713973474.07043,0.665283203125,0.74560546875,-0.189697265625,Mouth open
1713973474.105251,0.67041015625,0.7470703125,-0.18994140625,Mouth open
1713973474.151361,0.6708984375,0.739013671875,-0.187255859375,Mouth open
1713973474.190644,0.665771484375,0.73974609375,-0.182373046875,Mouth open
1713973474.229217,0.674560546875,0.7412109375,-0.18798828125,Mouth open
1713973474.269522,0.6669921875,0.741943359375,-0.181396484375,Mouth open
1713973474.309052,0.66796875,0.743896484375,-0.185791015625,Mouth open
1713973474.349868,0.6650390625,0.748779296875,-0.190673828125,Mouth open
1713973474.387917,0.664794921875,0.748046875,-0.187744140625,Mouth open
1713973474.428199,0.66455078125,0.7451171875,-0.1865234375,Mouth open
1713973474.468924,0.668212890625,0.744873046875,-0.19091796875,Mouth open
1713973474.509177,0.666259765625,0.74560546875,-0.1904296875,Mouth open
1713973474.547452,0.667236328125,0.74462890625,-0.18896484375,Mouth open
1713973474.587144,0.66796875,0.74658203125,-0.189453125,Mouth open
1713973474.627397,0.668701171875,0.743896484375,-0.189453125,Mouth open
1713973474.668637,0.6650390625,0.74560546875,-0.190673828125,Mouth open
1713973474.707395,0.66552734375,0.74609375,-0.18896484375,Mouth open
1713973474.748493,0.66357421875,0.74560546875,-0.18994140625,Mouth open
1713973474.789446,0.669677734375,0.749755859375,-0.193603515625,Mouth open
1713973474.826487,0.668212890625,0.739990234375,-0.18994140625,Mouth open
1713973474.866817,0.666259765625,0.7451171875,-0.18798828125,Mouth open
1713973474.905451,0.668212890625,0.742919921875,-0.19091796875,Mouth open
1713973474.946133,0.668212890625,0.74560546875,-0.1865234375,Mouth open
1713973474.98812,0.667724609375,0.745361328125,-0.19091796875,Mouth open
1713973475.026647,0.667724609375,0.744384765625,-0.19140625,Mouth open
1713973475.068189,0.666259765625,0.747314453125,-0.19287109375,Mouth open
1713973475.10719,0.664794921875,0.74365234375,-0.195556640625,Mouth open
1713973475.147661,0.667724609375,0.7470703125,-0.19384765625,Mouth open
1713973475.187966,0.663330078125,0.7451171875,-0.1943359375,Mouth open
1713973475.227532,0.66796875,0.74267578125,-0.19287109375,Mouth open
1713973475.269295,0.66552734375,0.7431640625,-0.19580078125,Mouth open
1713973475.310471,0.66552734375,0.745849609375,-0.194580078125,Mouth open
1713973475.349337,0.663818359375,0.74560546875,-0.195556640625,Mouth open
1713973475.394648,0.6650390625,0.74462890625,-0.196533203125,Mouth open
1713973475.432879,0.66259765625,0.74658203125,-0.192626953125,Mouth open
1713973475.468267,0.669189453125,0.748779296875,-0.195068359375,Mouth open
1713973475.508602,0.665771484375,0.742431640625,-0.191162109375,Mouth open
1713973475.553154,0.6669921875,0.742431640625,-0.193359375,Mouth open
1713973475.586677,0.6689453125,0.743408203125,-0.193603515625,Mouth open
1713973475.629193,0.66455078125,0.743896484375,-0.192138671875,Mouth open
1713973475.667385,0.664794921875,0.74169921875,-0.1953125,Mouth open
1713973475.708371,0.664794921875,0.742919921875,-0.198486328125,Mouth open
1713973475.749321,0.664306640625,0.744140625,-0.198974609375,Mouth open
1713973475.791479,0.667724609375,0.745849609375,-0.196533203125,Mouth open
1713973475.829523,0.666015625,0.742919921875,-0.194580078125,Mouth open
1713973475.868477,0.66845703125,0.744384765625,-0.1953125,Mouth open
1713973475.90827,0.662841796875,0.7431640625,-0.19482421875,Mouth open
1713973475.950929,0.66650390625,0.741455078125,-0.195068359375,Mouth open
1713973475.992566,0.6611328125,0.744140625,-0.197265625,Mouth open
1713973476.029493,0.66650390625,0.74365234375,-0.197021484375,Mouth open
1713973476.07755,0.66455078125,0.74658203125,-0.195556640625,Mouth open
1713973476.109633,0.6689453125,0.749755859375,-0.1923828125,Mouth open
1713973476.149972,0.667724609375,0.7421875,-0.192626953125,Mouth open
1713973476.187642,0.6650390625,0.745849609375,-0.19677734375,Mouth open
1713973476.229939,0.665771484375,0.743896484375,-0.19580078125,Mouth open
1713973476.267705,0.66259765625,0.744873046875,-0.194580078125,Mouth open
1713973476.31978,0.664794921875,0.744873046875,-0.19775390625,Mouth open
1713973476.350443,0.664794921875,0.74462890625,-0.19873046875,Mouth open
1713973476.388875,0.66650390625,0.74462890625,-0.196533203125,Mouth open
1713973476.430857,0.66552734375,0.742919921875,-0.19384765625,Mouth open
1713973476.482443,0.666259765625,0.74609375,-0.200927734375,Mouth open
1713973476.510862,0.66259765625,0.745849609375,-0.19970703125,Mouth open
1713973476.563324,0.665283203125,0.744384765625,-0.19873046875,Mouth open
1713973476.590519,0.665283203125,0.744873046875,-0.197998046875,Mouth open
1713973476.640431,0.664794921875,0.74365234375,-0.19775390625,Mouth open
1713973476.670379,0.66552734375,0.7451171875,-0.201171875,Mouth open
1713973476.711195,0.666748046875,0.7451171875,-0.197265625,Mouth open
1713973476.753886,0.668701171875,0.74658203125,-0.19921875,Mouth open
1713973476.793979,0.6689453125,0.74169921875,-0.199951171875,Mouth open
1713973476.829883,0.667724609375,0.742431640625,-0.19384765625,Mouth open
1713973476.871593,0.66552734375,0.741455078125,-0.1953125,Mouth open
1713973476.907426,0.663330078125,0.743896484375,-0.198486328125,Mouth open
1713973476.948414,0.66455078125,0.744384765625,-0.197509765625,Mouth open
1713973476.990981,0.6630859375,0.746337890625,-0.200439453125,Mouth open
1713973477.041243,0.66796875,0.74609375,-0.20068359375,Mouth open
1713973477.070289,0.664306640625,0.744873046875,-0.198974609375,Mouth open
1713973477.1192,0.6689453125,0.7431640625,-0.202392578125,Mouth open
1713973477.149279,0.667724609375,0.742431640625,-0.197998046875,Mouth open
1713973477.198435,0.669189453125,0.742431640625,-0.199951171875,Mouth open
1713973477.236189,0.666259765625,0.74560546875,-0.197509765625,Mouth open
1713973477.269234,0.6640625,0.744873046875,-0.198974609375,Mouth open
1713973477.315897,0.663818359375,0.744873046875,-0.19775390625,Mouth open
1713973477.354216,0.662109375,0.746826171875,-0.199462890625,Mouth open
1713973477.392165,0.66845703125,0.7490234375,-0.197509765625,Mouth open
1713973477.434338,0.664306640625,0.74365234375,-0.19970703125,Mouth open
1713973477.474539,0.6669921875,0.742919921875,-0.197265625,Mouth open
1713973477.514651,0.667724609375,0.745849609375,-0.1962890625,Mouth open
1713973477.553182,0.66552734375,0.746826171875,-0.196533203125,Mouth open
1713973477.592414,0.6640625,0.746337890625,-0.198974609375,Mouth open
1713973477.632126,0.6640625,0.7451171875,-0.198486328125,Mouth open
1713973477.672322,0.666015625,0.745361328125,-0.199462890625,Mouth open
1713973477.71233,0.666259765625,0.743896484375,-0.201416015625,Mouth open
1713973477.753231,0.665771484375,0.744384765625,-0.203857421875,Mouth open
1713973477.793397,0.663818359375,0.7421875,-0.202880859375,Mouth open
1713973477.835098,0.66552734375,0.745849609375,-0.201171875,Mouth open
1713973477.873536,0.6669921875,0.74560546875,-0.200927734375,Mouth open
1713973477.914323,0.659912109375,0.7431640625,-0.20361328125,Mouth open
1713973477.954843,0.665771484375,0.745849609375,-0.200927734375,Mouth open
1713973477.995057,0.66064453125,0.74609375,-0.19970703125,Mouth open
1713973478.035164,0.66748046875,0.745361328125,-0.19921875,Mouth open
1713973478.081924,0.661376953125,0.744873046875,-0.197998046875,Mouth open
1713973478.11407,0.668212890625,0.743408203125,-0.19970703125,Mouth open
1713973478.152013,0.6630859375,0.74755859375,-0.195068359375,Mouth open
1713973478.194282,0.66259765625,0.742919921875,-0.19970703125,Mouth open
1713973478.23226,0.662109375,0.745361328125,-0.199462890625,Mouth open
1713973478.270339,0.662841796875,0.7451171875,-0.19921875,Mouth open
1713973478.313621,0.664794921875,0.745361328125,-0.201171875,Mouth open
1713973478.352134,0.66552734375,0.745849609375,-0.199951171875,Mouth open
1713973478.393904,0.66552734375,0.74560546875,-0.200439453125,Mouth open
1713973478.432781,0.6630859375,0.743408203125,-0.19970703125,Mouth open
1713973478.474816,0.6640625,0.743408203125,-0.199951171875,Mouth open
1713973478.514696,0.661376953125,0.743896484375,-0.197265625,Mouth open
1713973478.553518,0.6640625,0.742431640625,-0.200439453125,Mouth open
1713973478.593504,0.6640625,0.745361328125,-0.198486328125,Mouth open
1713973478.634781,0.662109375,0.746337890625,-0.19775390625,Mouth open
1713973478.674207,0.666748046875,0.7490234375,-0.195068359375,Mouth open
1713973478.713738,0.66455078125,0.74609375,-0.197509765625,Mouth open
1713973478.753852,0.66650390625,0.746826171875,-0.194580078125,Mouth open
1713973478.792784,0.662841796875,0.744384765625,-0.19677734375,Mouth open
1713973478.833295,0.6640625,0.743408203125,-0.198486328125,Mouth open
1713973478.872379,0.6640625,0.745361328125,-0.1962890625,Mouth open
1713973478.913221,0.66259765625,0.748291015625,-0.197021484375,Mouth open
1713973478.954894,0.660888671875,0.74462890625,-0.199951171875,Mouth open
1713973478.993156,0.665283203125,0.744140625,-0.1962890625,Mouth open
1713973479.033343,0.6640625,0.7470703125,-0.20068359375,Mouth open
1713973479.076665,0.65966796875,0.743896484375,-0.199462890625,Mouth open
1713973479.114025,0.66357421875,0.74365234375,-0.1953125,Mouth open
1713973479.156705,0.66259765625,0.7431640625,-0.199462890625,Mouth open
1713973479.194702,0.666015625,0.745361328125,-0.198974609375,Mouth open
1713973479.2377,0.656494140625,0.750732421875,-0.203369140625,Mouth open
1713973479.275597,0.661865234375,0.748046875,-0.201416015625,Mouth open
1713973479.324058,0.660888671875,0.7509765625,-0.199951171875,Mouth open
1713973479.355373,0.663330078125,0.7470703125,-0.197265625,Mouth open
1713973479.396192,0.659912109375,0.74267578125,-0.195068359375,Mouth open
1713973479.435545,0.6669921875,0.749267578125,-0.195556640625,Mouth open
1713973479.473244,0.660400390625,0.74658203125,-0.1904296875,Mouth open
1713973479.514584,0.6611328125,0.748779296875,-0.19580078125,Mouth open
1713973479.553406,0.662109375,0.750244140625,-0.1943359375,Mouth open
1713973479.593507,0.660888671875,0.750244140625,-0.1962890625,Mouth open
1713973479.634255,0.6611328125,0.7509765625,-0.196044921875,Mouth open
1713973479.674284,0.66259765625,0.748779296875,-0.20263671875,Mouth open
1713973479.715847,0.65771484375,0.74560546875,-0.20166015625,Mouth open
1713973479.755237,0.66064453125,0.744873046875,-0.203369140625,Mouth open
1713973479.795817,0.664306640625,0.744140625,-0.200927734375,Mouth open
1713973479.835241,0.662841796875,0.746826171875,-0.2041015625,Mouth open
1713973479.877509,0.659423828125,0.743896484375,-0.202392578125,Mouth open
1713973479.91677,0.6640625,0.74609375,-0.200439453125,Mouth open
1713973479.957987,0.665771484375,0.750732421875,-0.19970703125,Mouth open
1713973479.997301,0.6611328125,0.743408203125,-0.199951171875,Mouth open
1713973480.038289,0.662841796875,0.75048828125,-0.19580078125,Mouth open
1713973480.080173,0.666259765625,0.748291015625,-0.19287109375,Mouth open
1713973480.118175,0.65966796875,0.746337890625,-0.196044921875,Mouth open
1713973480.159138,0.660888671875,0.749755859375,-0.195556640625,Mouth open
1713973480.197398,0.66357421875,0.74609375,-0.195556640625,Mouth open
1713973480.235832,0.66357421875,0.74755859375,-0.200439453125,Mouth open
1713973480.275843,0.658447265625,0.7431640625,-0.199462890625,Mouth open
1713973480.315543,0.668701171875,0.748779296875,-0.19873046875,Mouth open
1713973480.355188,0.658203125,0.7470703125,-0.197265625,Mouth open
1713973480.396215,0.6611328125,0.7490234375,-0.19970703125,Mouth open
1713973480.43703,0.661376953125,0.74658203125,-0.198974609375,Mouth open
1713973480.476527,0.660888671875,0.745849609375,-0.202392578125,Mouth open
1713973480.516508,0.65966796875,0.74755859375,-0.199951171875,Mouth open
1713973480.556698,0.660888671875,0.747314453125,-0.19677734375,Mouth open
1713973480.596807,0.667236328125,0.74853515625,-0.200927734375,Mouth open
1713973480.638218,0.663818359375,0.74267578125,-0.197509765625,Mouth open
1713973480.679804,0.66357421875,0.74755859375,-0.19482421875,Mouth open
1713973480.718014,0.664306640625,0.749267578125,-0.196533203125,Mouth open
1713973480.76085,0.65869140625,0.74560546875,-0.197265625,Mouth open
1713973480.795888,0.6630859375,0.749267578125,-0.19970703125,Mouth open
1713973480.83555,0.66357421875,0.747802734375,-0.197998046875,Mouth open
1713973480.875872,0.66064453125,0.74609375,-0.20068359375,Mouth open
1713973480.9192,0.657958984375,0.747314453125,-0.20166015625,Mouth open
1713973480.956307,0.66064453125,0.749755859375,-0.20263671875,Mouth open
1713973480.997141,0.657958984375,0.746826171875,-0.202392578125,Mouth open
1713973481.036513,0.662841796875,0.74951171875,-0.199951171875,Mouth closed
1713973481.080652,0.662841796875,0.74609375,-0.2021484375,Mouth closed
1713973481.117263,0.6611328125,0.747314453125,-0.202392578125,Mouth closed
1713973481.158144,0.663330078125,0.745849609375,-0.1982421875,Mouth closed
1713973481.198209,0.66015625,0.748046875,-0.197998046875,Mouth closed
1713973481.249417,0.66259765625,0.7490234375,-0.19873046875,Mouth closed
1713973481.280829,0.665771484375,0.746337890625,-0.197509765625,Mouth closed
1713973481.321496,0.658935546875,0.74560546875,-0.19677734375,Mouth closed
1713973481.359004,0.659912109375,0.74951171875,-0.199462890625,Mouth closed
1713973481.398866,0.659423828125,0.74755859375,-0.19775390625,Mouth closed
1713973481.437246,0.659912109375,0.75244140625,-0.203125,Mouth closed
1713973481.477151,0.65771484375,0.748779296875,-0.207275390625,Mouth closed
1713973481.516539,0.659912109375,0.747802734375,-0.19970703125,Mouth closed
1713973481.556055,0.666259765625,0.7490234375,-0.206298828125,Mouth closed
1713973481.597145,0.6552734375,0.747314453125,-0.206298828125,Mouth closed
1713973481.636764,0.661865234375,0.73974609375,-0.20751953125,Mouth closed
1713973481.676686,0.65771484375,0.738525390625,-0.20263671875,Mouth closed
1713973481.718092,0.620849609375,0.7001953125,-0.16845703125,Mouth closed
1713973481.757179,0.653076171875,0.7451171875,-0.206787109375,Mouth closed
1713973481.797466,0.655517578125,0.744384765625,-0.208251953125,Mouth closed
1713973481.837186,0.66064453125,0.750732421875,-0.208251953125,Mouth closed
1713973481.877383,0.65673828125,0.74951171875,-0.19970703125,Mouth closed
1713973481.917876,0.650634765625,0.752197265625,-0.205810546875,Mouth closed
1713973481.960313,0.65869140625,0.75048828125,-0.195556640625,Mouth closed
1713973481.997454,0.658203125,0.75,-0.1923828125,Mouth closed
1713973482.041479,0.6591796875,0.75341796875,-0.192626953125,Mouth closed
1713973482.077768,0.65869140625,0.754638671875,-0.1923828125,Mouth closed
1713973482.115922,0.659912109375,0.7509765625,-0.193359375,Mouth closed
1713973482.15658,0.656005859375,0.750732421875,-0.195068359375,Mouth closed
1713973482.195738,0.6572265625,0.75341796875,-0.195556640625,Mouth closed
1713973482.236128,0.656982421875,0.7490234375,-0.19677734375,Mouth closed
1713973482.277019,0.6611328125,0.7490234375,-0.196533203125,Mouth closed
1713973482.316784,0.65869140625,0.750732421875,-0.201416015625,Mouth closed
1713973482.35994,0.657958984375,0.74853515625,-0.20068359375,Mouth closed
1713973482.397452,0.66015625,0.748291015625,-0.19677734375,Mouth closed
1713973482.437282,0.658203125,0.749267578125,-0.19775390625,Mouth closed
1713973482.479311,0.658203125,0.752197265625,-0.19775390625,Mouth closed
1713973482.520406,0.656005859375,0.752197265625,-0.19580078125,Mouth closed
1713973482.561119,0.657470703125,0.754638671875,-0.1943359375,Mouth closed
1713973482.599952,0.655517578125,0.75,-0.19677734375,Mouth closed
1713973482.638372,0.658447265625,0.754150390625,-0.19677734375,Mouth closed
1713973482.676267,0.656982421875,0.749755859375,-0.19580078125,Mouth closed
1713973482.716437,0.6591796875,0.75390625,-0.194091796875,Mouth closed
1713973482.757439,0.65576171875,0.747802734375,-0.19677734375,Mouth closed
1713973482.795452,0.65576171875,0.75341796875,-0.19482421875,Mouth closed
1713973482.837091,0.6552734375,0.75341796875,-0.196044921875,Mouth closed
1713973482.875308,0.6513671875,0.753173828125,-0.200439453125,Mouth closed
1713973482.91542,0.6572265625,0.751708984375,-0.1962890625,Mouth closed
1713973482.960888,0.65966796875,0.754150390625,-0.19287109375,Mouth closed
1713973482.997943,0.6591796875,0.75439453125,-0.19482421875,Mouth closed
1713973483.038781,0.65576171875,0.751953125,-0.19482421875,Mouth closed
1713973483.081168,0.656005859375,0.753173828125,-0.195068359375,Mouth closed
1713973483.117115,0.65771484375,0.750732421875,-0.193359375,Mouth closed
1713973483.159758,0.65283203125,0.752685546875,-0.196533203125,Mouth closed
1713973483.209508,0.652099609375,0.75341796875,-0.193603515625,Mouth closed
1713973483.244829,0.655517578125,0.7548828125,-0.196044921875,Mouth closed
1713973483.283748,0.657958984375,0.75732421875,-0.19677734375,Mouth closed
1713973483.321,0.65673828125,0.751220703125,-0.193115234375,Mouth closed
1713973483.361898,0.654296875,0.755126953125,-0.190185546875,Mouth closed
1713973483.398595,0.65576171875,0.756103515625,-0.1904296875,Mouth closed
1713973483.439721,0.657470703125,0.755126953125,-0.189697265625,Mouth closed
1713973483.477416,0.655517578125,0.751953125,-0.191650390625,Mouth closed
1713973483.517613,0.65625,0.75439453125,-0.1943359375,Mouth closed
1713973483.559633,0.66064453125,0.751708984375,-0.193115234375,Mouth closed
1713973483.604353,0.656005859375,0.755615234375,-0.193115234375,Mouth closed
1713973483.637678,0.658935546875,0.75390625,-0.195068359375,Mouth closed
1713973483.679418,0.65576171875,0.75390625,-0.194091796875,Mouth closed
1713973483.725938,0.656982421875,0.751953125,-0.192626953125,Mouth closed
1713973483.766993,0.65625,0.753662109375,-0.19287109375,Mouth closed
1713973483.804363,0.653564453125,0.7529296875,-0.195068359375,Mouth closed
1713973483.845647,0.655517578125,0.753662109375,-0.195556640625,Mouth closed
1713973483.884202,0.655029296875,0.753662109375,-0.192138671875,Mouth closed
1713973483.924102,0.6591796875,0.755126953125,-0.1943359375,Mouth closed
1713973483.963399,0.658447265625,0.751220703125,-0.1962890625,Mouth closed
1713973484.001755,0.66015625,0.75390625,-0.189697265625,Mouth closed
1713973484.04236,0.65380859375,0.754150390625,-0.19091796875,Mouth closed
1713973484.08048,0.654052734375,0.75537109375,-0.1923828125,Mouth closed
1713973484.117953,0.65478515625,0.75390625,-0.192138671875,Mouth closed
1713973484.158371,0.655029296875,0.755615234375,-0.193115234375,Mouth closed
1713973484.200058,0.658203125,0.755859375,-0.1943359375,Mouth closed
1713973484.239285,0.655029296875,0.752685546875,-0.1953125,Mouth closed
1713973484.279169,0.655517578125,0.75244140625,-0.197509765625,Mouth closed
1713973484.323528,0.65625,0.756591796875,-0.1962890625,Mouth closed
1713973484.359456,0.659423828125,0.751220703125,-0.1943359375,Mouth closed
1713973484.399822,0.656982421875,0.751953125,-0.1962890625,Mouth closed
1713973484.440262,0.65625,0.753173828125,-0.191162109375,Mouth closed
1713973484.480266,0.653076171875,0.757080078125,-0.19189453125,Mouth closed
1713973484.520688,0.653564453125,0.7568359375,-0.192626953125,Mouth closed
1713973484.563361,0.65283203125,0.752685546875,-0.193115234375,Mouth closed
1713973484.602114,0.65576171875,0.7529296875,-0.190185546875,Mouth closed
1713973484.640674,0.657958984375,0.7578125,-0.190673828125,Mouth closed
1713973484.679289,0.655517578125,0.754150390625,-0.189208984375,Mouth closed
1713973484.7212,0.6533203125,0.7568359375,-0.1923828125,Mouth closed
1713973484.760343,0.65087890625,0.756591796875,-0.192138671875,Mouth closed
1713973484.799635,0.6533203125,0.75732421875,-0.196533203125,Mouth closed
1713973484.840293,0.656982421875,0.75439453125,-0.19287109375,Mouth closed
1713973484.879876,0.6552734375,0.754150390625,-0.1962890625,Mouth closed
1713973484.922631,0.65380859375,0.7529296875,-0.1982421875,Mouth closed
1713973484.960249,0.6533203125,0.754150390625,-0.194580078125,Mouth closed
1713973485.001098,0.6572265625,0.752197265625,-0.19482421875,Mouth closed
1713973485.044144,0.654052734375,0.755859375,-0.19384765625,Mouth closed
1713973485.081242,0.656982421875,0.755126953125,-0.194580078125,Mouth closed
1713973485.124952,0.656982421875,0.75732421875,-0.19287109375,Mouth closed
1713973485.163171,0.65673828125,0.756591796875,-0.192138671875,Mouth closed
1713973485.202804,0.656005859375,0.7529296875,-0.191650390625,Mouth closed
1713973485.24112,0.6552734375,0.752197265625,-0.18798828125,Mouth closed
1713973485.28281,0.661376953125,0.7529296875,-0.190673828125,Mouth closed
1713973485.320555,0.657470703125,0.755126953125,-0.1884765625,Mouth closed
1713973485.360257,0.656005859375,0.753662109375,-0.190185546875,Mouth closed
1713973485.400174,0.65576171875,0.754638671875,-0.191162109375,Mouth closed
1713973485.439647,0.655029296875,0.753662109375,-0.193603515625,Mouth closed
1713973485.48031,0.6533203125,0.752197265625,-0.193359375,Mouth closed
1713973485.52404,0.659912109375,0.755859375,-0.19482421875,Mouth closed
1713973485.564536,0.65478515625,0.751953125,-0.194580078125,Mouth closed
1713973485.602748,0.65625,0.75146484375,-0.196533203125,Mouth closed
1713973485.641836,0.65673828125,0.753173828125,-0.19091796875,Mouth closed
1713973485.684493,0.65625,0.753173828125,-0.19140625,Mouth closed
1713973485.735426,0.653076171875,0.75341796875,-0.19287109375,Mouth closed
1713973485.764775,0.653564453125,0.757568359375,-0.189697265625,Mouth closed
1713973485.809678,0.658935546875,0.75634765625,-0.1923828125,Mouth closed
1713973485.843224,0.656494140625,0.753662109375,-0.192138671875,Mouth closed
1713973485.886879,0.65576171875,0.7529296875,-0.18359375,Mouth closed
1713973485.9227,0.65625,0.754150390625,-0.18994140625,Mouth closed
1713973485.962057,0.654052734375,0.752197265625,-0.187255859375,Mouth closed
1713973486.000413,0.656982421875,0.75341796875,-0.19091796875,Mouth closed
1713973486.040205,0.654052734375,0.752685546875,-0.193603515625,Mouth closed
1713973486.083974,0.656982421875,0.751708984375,-0.1943359375,Mouth closed
1713973486.123929,0.65478515625,0.753173828125,-0.193115234375,Mouth closed
1713973486.162421,0.660400390625,0.752685546875,-0.19482421875,Mouth closed
1713973486.203798,0.660400390625,0.750732421875,-0.1943359375,Mouth closed
1713973486.243117,0.65771484375,0.750732421875,-0.193115234375,Mouth closed
1713973486.282473,0.655517578125,0.751220703125,-0.191162109375,Mouth closed
1713973486.324712,0.6572265625,0.752685546875,-0.1923828125,Mouth closed
1713973486.374263,0.65771484375,0.75439453125,-0.188720703125,Mouth closed
1713973486.402927,0.6572265625,0.751953125,-0.18603515625,Mouth closed
1713973486.455011,0.65771484375,0.756103515625,-0.1884765625,Mouth closed
1713973486.490451,0.658203125,0.75341796875,-0.188232421875,Mouth closed
1713973486.530601,0.658447265625,0.755615234375,-0.18408203125,Mouth closed
1713973486.568119,0.6630859375,0.756103515625,-0.18701171875,Mouth closed
1713973486.609829,0.656005859375,0.751220703125,-0.184326171875,Mouth closed
1713973486.646625,0.6640625,0.7431640625,-0.18310546875,Mouth closed
1713973486.68188,0.65576171875,0.752197265625,-0.188232421875,Mouth closed
1713973486.725209,0.658447265625,0.751953125,-0.191162109375,Mouth closed
1713973486.763434,0.654052734375,0.752197265625,-0.19287109375,Mouth closed
1713973486.802715,0.660888671875,0.75537109375,-0.193115234375,Mouth closed
1713973486.842462,0.655029296875,0.754638671875,-0.194091796875,Mouth closed
1713973486.883987,0.658203125,0.755859375,-0.19189453125,Mouth closed
1713973486.925048,0.658203125,0.755859375,-0.195556640625,Mouth closed
1713973486.963647,0.655029296875,0.75244140625,-0.194091796875,Mouth closed
1713973487.004353,0.655029296875,0.7529296875,-0.193603515625,Mouth closed
1713973487.043636,0.65478515625,0.753662109375,-0.193115234375,Mouth closed
1713973487.083361,0.65966796875,0.75732421875,-0.1953125,Mouth closed
1713973487.123984,0.6591796875,0.755126953125,-0.193115234375,Mouth closed
1713973487.170621,0.65771484375,0.75439453125,-0.191162109375,Mouth closed
1713973487.20434,0.65625,0.75390625,-0.189697265625,Mouth closed
1713973487.25073,0.65771484375,0.753662109375,-0.192138671875,Mouth closed
1713973487.285456,0.65380859375,0.753173828125,-0.193603515625,Mouth closed
1713973487.322677,0.656005859375,0.754638671875,-0.192626953125,Mouth closed
1713973487.363176,0.65771484375,0.754150390625,-0.192138671875,Mouth closed
1713973487.403519,0.65673828125,0.75341796875,-0.192626953125,Mouth closed
1713973487.44435,0.657470703125,0.753662109375,-0.19482421875,Mouth closed
1713973487.486911,0.658203125,0.751708984375,-0.1904296875,Mouth closed
1713973487.524752,0.658935546875,0.75146484375,-0.192138671875,Mouth closed
1713973487.564755,0.657470703125,0.74951171875,-0.192138671875,Mouth closed
1713973487.60691,0.656005859375,0.75244140625,-0.192626953125,Mouth closed
1713973487.648797,0.6591796875,0.752685546875,-0.189697265625,Mouth closed
1713973487.687416,0.65673828125,0.75830078125,-0.192626953125,Mouth closed
1713973487.726403,0.65576171875,0.751953125,-0.189453125,Mouth closed
1713973487.766806,0.653564453125,0.753662109375,-0.189453125,Mouth closed
1713973487.807607,0.658203125,0.75537109375,-0.190673828125,Mouth closed
1713973487.84776,0.6533203125,0.755615234375,-0.190185546875,Mouth closed
1713973487.887671,0.655029296875,0.75634765625,-0.18798828125,Mouth closed
1713973487.927086,0.656494140625,0.757080078125,-0.1884765625,Mouth closed
1713973487.965078,0.65478515625,0.755126953125,-0.189208984375,Mouth closed
1713973488.004289,0.651611328125,0.75341796875,-0.19140625,Mouth closed
1713973488.045103,0.657470703125,0.755126953125,-0.192138671875,Mouth closed
1713973488.085281,0.657958984375,0.752197265625,-0.193603515625,Mouth closed
1713973488.125165,0.653076171875,0.755126953125,-0.194091796875,Mouth closed
1713973488.166267,0.656982421875,0.75537109375,-0.191650390625,Mouth closed
1713973488.206985,0.655517578125,0.75244140625,-0.19189453125,Mouth closed
1713973488.248489,0.654541015625,0.75244140625,-0.19384765625,Mouth closed
1713973488.29019,0.655517578125,0.756103515625,-0.195068359375,Mouth closed
1713973488.328294,0.661376953125,0.760009765625,-0.195068359375,Mouth closed
1713973488.36951,0.6591796875,0.754638671875,-0.191650390625,Mouth closed
1713973488.408781,0.654052734375,0.7529296875,-0.186767578125,Mouth closed
1713973488.449291,0.657470703125,0.755615234375,-0.189697265625,Mouth closed
1713973488.489238,0.656005859375,0.754638671875,-0.1865234375,Mouth closed
1713973488.528205,0.6552734375,0.757568359375,-0.192138671875,Mouth closed
1713973488.568835,0.653564453125,0.755126953125,-0.19287109375,Mouth closed
1713973488.609084,0.6572265625,0.75390625,-0.19189453125,Mouth closed
1713973488.647559,0.653564453125,0.75439453125,-0.191162109375,Mouth closed
1713973488.686384,0.65478515625,0.754638671875,-0.19287109375,Mouth closed
1713973488.726836,0.655517578125,0.7548828125,-0.19189453125,Mouth closed
1713973488.765758,0.654052734375,0.755615234375,-0.191650390625,Mouth closed
1713973488.806952,0.65478515625,0.75537109375,-0.19189453125,Mouth closed
1713973488.846586,0.656494140625,0.756103515625,-0.19677734375,Mouth closed
1713973488.887375,0.654296875,0.754638671875,-0.19287109375,Mouth closed
1713973488.928293,0.654296875,0.754638671875,-0.194091796875,Mouth closed
1713973488.967022,0.653564453125,0.754638671875,-0.19384765625,Mouth closed
1713973489.007619,0.657470703125,0.75390625,-0.19189453125,Mouth closed
1713973489.050051,0.653564453125,0.7548828125,-0.18994140625,Mouth closed
1713973489.089236,0.656005859375,0.75634765625,-0.195068359375,Mouth closed
1713973489.129426,0.65283203125,0.754638671875,-0.190185546875,Mouth closed
1713973489.169578,0.654541015625,0.756103515625,-0.193603515625,Mouth closed
1713973489.209622,0.654296875,0.7529296875,-0.195068359375,Mouth closed
1713973489.252354,0.654541015625,0.75390625,-0.19677734375,Mouth closed
1713973489.291034,0.6513671875,0.7529296875,-0.194091796875,Mouth closed
1713973489.331244,0.6572265625,0.7529296875,-0.196044921875,Mouth closed
1713973489.37111,0.65625,0.75390625,-0.194580078125,Mouth closed
1713973489.412048,0.656005859375,0.753173828125,-0.19140625,Mouth closed
1713973489.451615,0.65625,0.753662109375,-0.192626953125,Mouth closed
1713973489.49252,0.653076171875,0.752685546875,-0.193603515625,Mouth closed
1713973489.531626,0.65185546875,0.755126953125,-0.1962890625,Mouth closed
1713973489.57339,0.655029296875,0.758056640625,-0.195068359375,Mouth closed
1713973489.612377,0.654052734375,0.753662109375,-0.19091796875,Mouth closed
1713973489.67881,0.657470703125,0.758056640625,-0.193603515625,Mouth closed
1713973489.693373,0.652587890625,0.7529296875,-0.193603515625,Mouth closed
1713973489.733824,0.657470703125,0.75390625,-0.19091796875,Mouth closed
1713973489.771725,0.656005859375,0.75537109375,-0.191650390625,Mouth closed
1713973489.813425,0.656982421875,0.751953125,-0.191162109375,Mouth closed
1713973489.850594,0.6533203125,0.75341796875,-0.193603515625,Mouth closed
1713973489.889297,0.653076171875,0.755615234375,-0.19189453125,Mouth closed
1713973489.931111,0.656005859375,0.7529296875,-0.194091796875,Mouth closed
1713973489.968119,0.65771484375,0.75537109375,-0.190673828125,Mouth closed
1713973490.012155,0.655517578125,0.75537109375,-0.194580078125,Mouth closed
1713973490.047999,0.658447265625,0.755615234375,-0.19091796875,Mouth closed
1713973490.088543,0.66015625,0.74169921875,-0.180419921875,Mouth closed
1713973490.129043,0.65576171875,0.75341796875,-0.192626953125,Mouth closed
1713973490.169828,0.6552734375,0.75244140625,-0.191650390625,Mouth closed
1713973490.209058,0.656494140625,0.752685546875,-0.191650390625,Mouth closed
1713973490.253804,0.654296875,0.7587890625,-0.191650390625,Mouth closed
1713973490.289119,0.656494140625,0.756591796875,-0.19189453125,Mouth closed
1713973490.334086,0.65625,0.752197265625,-0.1904296875,Mouth closed
1713973490.370096,0.65380859375,0.75390625,-0.187255859375,Mouth closed
1713973490.410217,0.65478515625,0.75634765625,-0.18896484375,Mouth closed
1713973490.451072,0.6572265625,0.75390625,-0.18505859375,Mouth closed
1713973490.49101,0.656005859375,0.753662109375,-0.188232421875,Mouth closed
1713973490.530507,0.654052734375,0.75341796875,-0.1884765625,Mouth closed
1713973490.570242,0.66015625,0.753173828125,-0.193115234375,Mouth closed
1713973490.609017,0.655517578125,0.755615234375,-0.190673828125,Mouth closed
1713973490.64838,0.660400390625,0.751953125,-0.19482421875,Mouth closed
1713973490.692407,0.6552734375,0.75146484375,-0.19189453125,Mouth closed
1713973490.729882,0.6552734375,0.753662109375,-0.19580078125,Mouth closed
1713973490.769972,0.654052734375,0.754150390625,-0.19287109375,Mouth closed
1713973490.810492,0.6552734375,0.75390625,-0.193603515625,Mouth closed
1713973490.862105,0.653076171875,0.75439453125,-0.195556640625,Mouth closed
1713973490.8908,0.6533203125,0.756591796875,-0.193115234375,Mouth closed
1713973490.932912,0.6552734375,0.757568359375,-0.191650390625,Mouth closed
1713973490.979486,0.654296875,0.754150390625,-0.19140625,Mouth closed
1713973491.017728,0.653564453125,0.7568359375,-0.189453125,Mouth closed
1713973491.056401,0.657470703125,0.75927734375,-0.19091796875,Mouth closed
1713973491.096342,0.6513671875,0.75439453125,-0.189453125,Mouth closed
1713973491.138304,0.655029296875,0.753662109375,-0.19384765625,Mouth closed
1713973491.174486,0.651611328125,0.755126953125,-0.19287109375,Mouth closed
1713973491.213813,0.65869140625,0.755859375,-0.194580078125,Mouth closed
1713973491.254425,0.652099609375,0.7568359375,-0.193115234375,Mouth closed
1713973491.290688,0.65478515625,0.758544921875,-0.19482421875,Mouth closed
1713973491.332116,0.653076171875,0.753662109375,-0.19482421875,Mouth closed
1713973491.370004,0.6533203125,0.759033203125,-0.1953125,Mouth closed
1713973491.41733,0.654052734375,0.756591796875,-0.19384765625,Mouth closed
1713973491.45244,0.653076171875,0.75390625,-0.197021484375,Mouth closed
1713973491.497205,0.654052734375,0.753662109375,-0.193359375,Mouth closed
1713973491.531024,0.650634765625,0.755126953125,-0.192138671875,Mouth closed
1713973491.577945,0.6552734375,0.76220703125,-0.19189453125,Mouth closed
1713973491.616612,0.655517578125,0.756103515625,-0.1923828125,Mouth closed
1713973491.65635,0.653076171875,0.755859375,-0.18896484375,Mouth closed
1713973491.695427,0.65478515625,0.754150390625,-0.191162109375,Mouth closed
1713973491.733011,0.65087890625,0.7568359375,-0.18896484375,Mouth closed
1713973491.773271,0.655029296875,0.754150390625,-0.193359375,Mouth closed
1713973491.813958,0.651611328125,0.752685546875,-0.19384765625,Mouth closed
1713973491.85275,0.65576171875,0.753662109375,-0.19287109375,Mouth closed
1713973491.893866,0.653076171875,0.756103515625,-0.19287109375,Mouth closed
1713973491.933317,0.65576171875,0.758544921875,-0.193115234375,Mouth closed
1713973491.971604,0.655029296875,0.756103515625,-0.190673828125,Mouth closed
1713973492.012138,0.655517578125,0.755859375,-0.192626953125,Mouth closed
1713973492.054473,0.65283203125,0.75634765625,-0.1923828125,Mouth closed
1713973492.091749,0.65771484375,0.754638671875,-0.192626953125,Mouth closed
1713973492.133896,0.65185546875,0.754638671875,-0.190185546875,Mouth closed
1713973492.175108,0.65478515625,0.75634765625,-0.19091796875,Mouth closed
1713973492.21458,0.654541015625,0.75927734375,-0.19140625,Mouth closed
1713973492.253414,0.65478515625,0.75927734375,-0.1923828125,Mouth closed
1713973492.295544,0.654296875,0.757568359375,-0.18701171875,Mouth closed
1713973492.335076,0.654296875,0.759521484375,-0.18994140625,Mouth closed
1713973492.3742,0.652099609375,0.759765625,-0.1845703125,Mouth closed
1713973492.420133,0.65185546875,0.7568359375,-0.193359375,Mouth closed
1713973492.456718,0.653076171875,0.75732421875,-0.191162109375,Mouth closed
1713973492.494987,0.655029296875,0.7548828125,-0.1943359375,Mouth closed
1713973492.534881,0.654541015625,0.758056640625,-0.19189453125,Mouth closed
1713973492.574752,0.654296875,0.756591796875,-0.1943359375,Mouth closed
1713973492.615265,0.654296875,0.75634765625,-0.193115234375,Mouth closed
1713973492.654006,0.655029296875,0.756591796875,-0.19384765625,Mouth closed
1713973492.694642,0.654296875,0.75732421875,-0.192626953125,Mouth closed
1713973492.734037,0.65185546875,0.75732421875,-0.19384765625,Mouth closed
1713973492.777231,0.651611328125,0.75439453125,-0.192626953125,Mouth closed
1713973492.816914,0.652099609375,0.7548828125,-0.189697265625,Mouth closed
1713973492.853926,0.65380859375,0.760986328125,-0.188720703125,Mouth closed
1713973492.901095,0.653564453125,0.755859375,-0.187255859375,Mouth closed
1713973492.935165,0.65234375,0.7587890625,-0.1845703125,Mouth closed
1713973492.979749,0.65576171875,0.75732421875,-0.191162109375,Mouth closed
1713973493.016502,0.650390625,0.76025390625,-0.189453125,Mouth closed
1713973493.060579,0.650634765625,0.75634765625,-0.193603515625,Mouth closed
1713973493.101997,0.65283203125,0.75439453125,-0.194091796875,Mouth closed
1713973493.142052,0.654052734375,0.756103515625,-0.19384765625,Mouth closed
1713973493.181937,0.65234375,0.75732421875,-0.18994140625,Mouth closed
1713973493.219495,0.655029296875,0.757568359375,-0.189697265625,Mouth closed
1713973493.259536,0.656494140625,0.755859375,-0.1875,Mouth closed
1713973493.301213,0.655517578125,0.756591796875,-0.1884765625,Mouth closed
1713973493.34035,0.656005859375,0.75537109375,-0.1904296875,Mouth closed
1713973493.380563,0.656494140625,0.75537109375,-0.18994140625,Mouth closed
1713973493.418338,0.653076171875,0.75537109375,-0.18896484375,Mouth closed
1713973493.459407,0.655517578125,0.75732421875,-0.189208984375,Mouth closed
1713973493.496861,0.651123046875,0.75830078125,-0.18994140625,Mouth closed
1713973493.537552,0.6533203125,0.7548828125,-0.18701171875,Mouth closed
1713973493.575268,0.653564453125,0.757080078125,-0.185302734375,Mouth closed
1713973493.615482,0.65625,0.761962890625,-0.188720703125,Mouth closed
1713973493.6569,0.650634765625,0.755859375,-0.1875,Mouth closed
1713973493.696846,0.653076171875,0.7548828125,-0.189453125,Mouth closed
1713973493.736121,0.65576171875,0.758056640625,-0.1904296875,Mouth closed
1713973493.777265,0.654052734375,0.75439453125,-0.190673828125,Mouth closed
1713973493.818669,0.65283203125,0.7568359375,-0.18798828125,Mouth closed
1713973493.858353,0.65869140625,0.756103515625,-0.189208984375,Mouth closed
1713973493.89729,0.65380859375,0.75439453125,-0.187744140625,Mouth closed
1713973493.936207,0.656494140625,0.756591796875,-0.18896484375,Mouth closed
1713973493.976192,0.653076171875,0.75537109375,-0.1875,Mouth closed
1713973494.015881,0.653564453125,0.756103515625,-0.187744140625,Mouth closed
1713973494.056483,0.65234375,0.7587890625,-0.189697265625,Mouth closed
1713973494.095203,0.652099609375,0.75732421875,-0.190673828125,Mouth closed
1713973494.135968,0.65771484375,0.755859375,-0.190673828125,Mouth closed
1713973494.175075,0.654052734375,0.755126953125,-0.18798828125,Mouth closed
1713973494.216232,0.656494140625,0.75830078125,-0.185302734375,Mouth closed
1713973494.258891,0.652587890625,0.759521484375,-0.188720703125,Mouth closed
1713973494.296333,0.653076171875,0.757080078125,-0.1875,Mouth closed
1713973494.338117,0.65234375,0.75830078125,-0.19091796875,Mouth closed
1713973494.377117,0.65185546875,0.759521484375,-0.191162109375,Mouth closed
1713973494.419804,0.65478515625,0.75830078125,-0.189453125,Mouth closed
1713973494.460923,0.65234375,0.75732421875,-0.1923828125,Mouth closed
1713973494.497232,0.652587890625,0.75634765625,-0.192626953125,Mouth closed
1713973494.538431,0.6513671875,0.755859375,-0.18994140625,Mouth closed
1713973494.577788,0.65380859375,0.75732421875,-0.18994140625,Mouth closed
1713973494.616243,0.654052734375,0.757080078125,-0.192138671875,Mouth closed
1713973494.657017,0.65234375,0.7587890625,-0.1884765625,Mouth closed
1713973494.702665,0.6552734375,0.75732421875,-0.188720703125,Mouth closed
1713973494.739496,0.650634765625,0.7587890625,-0.189208984375,Mouth closed
1713973494.779683,0.6533203125,0.7587890625,-0.188232421875,Mouth closed
1713973494.818222,0.652099609375,0.75634765625,-0.186279296875,Mouth closed
1713973494.865111,0.655517578125,0.76025390625,-0.186279296875,Mouth closed
1713973494.900211,0.652587890625,0.7578125,-0.185302734375,Mouth closed
1713973494.941524,0.650146484375,0.7587890625,-0.187255859375,Mouth closed
1713973494.978011,0.65185546875,0.75830078125,-0.190673828125,Mouth closed
1713973495.028218,0.649658203125,0.759765625,-0.19091796875,Mouth closed
1713973495.065809,0.65185546875,0.75537109375,-0.190185546875,Mouth closed
1713973495.10928,0.649169921875,0.75634765625,-0.19091796875,Mouth closed
1713973495.141712,0.653076171875,0.759765625,-0.19189453125,Mouth closed
1713973495.188352,0.653076171875,0.758544921875,-0.186767578125,Mouth closed
1713973495.220082,0.650390625,0.756103515625,-0.188720703125,Mouth closed
1713973495.271333,0.652587890625,0.7548828125,-0.190673828125,Mouth closed
1713973495.298593,0.653076171875,0.755615234375,-0.19091796875,Mouth closed
1713973495.342019,0.653076171875,0.75927734375,-0.189453125,Mouth closed
1713973495.378909,0.650146484375,0.760986328125,-0.1875,Mouth closed
1713973495.420244,0.654052734375,0.75830078125,-0.188232421875,Mouth closed
1713973495.464784,0.651123046875,0.758056640625,-0.185791015625,Mouth closed
1713973495.506202,0.65234375,0.758544921875,-0.186279296875,Mouth closed
1713973495.545432,0.6533203125,0.759765625,-0.185302734375,Mouth closed
1713973495.583086,0.651123046875,0.760009765625,-0.18896484375,Mouth closed
1713973495.621129,0.6513671875,0.7607421875,-0.19091796875,Mouth closed
1713973495.663855,0.652099609375,0.76220703125,-0.187255859375,Mouth closed
1713973495.702567,0.648681640625,0.759765625,-0.189697265625,Mouth closed
1713973495.744136,0.649658203125,0.760009765625,-0.19091796875,Mouth closed
1713973495.782839,0.654541015625,0.76025390625,-0.189208984375,Mouth closed
1713973495.82103,0.6513671875,0.759521484375,-0.188232421875,Mouth closed
1713973495.861002,0.651611328125,0.7578125,-0.18994140625,Mouth closed
1713973495.903447,0.6513671875,0.759033203125,-0.189697265625,Mouth closed
1713973495.939197,0.650146484375,0.7568359375,-0.187255859375,Mouth closed
1713973495.982515,0.651123046875,0.759033203125,-0.187744140625,Mouth closed
1713973496.018976,0.651611328125,0.757568359375,-0.18701171875,Mouth open
1713973496.059225,0.653076171875,0.761962890625,-0.190185546875,Mouth open
1713973496.101221,0.654296875,0.7578125,-0.18603515625,Mouth open
1713973496.141385,0.654541015625,0.75732421875,-0.183837890625,Mouth open
1713973496.180371,0.649658203125,0.759033203125,-0.18701171875,Mouth open
1713973496.221043,0.654052734375,0.760009765625,-0.186767578125,Mouth open
1713973496.266226,0.650634765625,0.756591796875,-0.190673828125,Mouth open
1713973496.304961,0.64990234375,0.758056640625,-0.188232421875,Mouth open
1713973496.34371,0.65380859375,0.76025390625,-0.18994140625,Mouth open
1713973496.381871,0.649169921875,0.75830078125,-0.187744140625,Mouth open
1713973496.423024,0.65185546875,0.76025390625,-0.18896484375,Mouth open
1713973496.461967,0.64990234375,0.76220703125,-0.1865234375,Mouth open
1713973496.499977,0.650634765625,0.758056640625,-0.188720703125,Mouth open
1713973496.540308,0.651611328125,0.760009765625,-0.187744140625,Mouth open
1713973496.579913,0.64990234375,0.757080078125,-0.189453125,Mouth open
1713973496.619167,0.650390625,0.758056640625,-0.186279296875,Mouth open
1713973496.660095,0.654296875,0.76025390625,-0.18408203125,Mouth open
1713973496.705163,0.64990234375,0.75927734375,-0.1845703125,Mouth open
1713973496.74501,0.653076171875,0.764892578125,-0.197021484375,Mouth open
1713973496.781837,0.652099609375,0.750244140625,-0.204345703125,Mouth open
1713973496.821983,0.6630859375,0.757568359375,-0.177978515625,Mouth open
1713973496.863977,0.666259765625,0.747314453125,-0.16064453125,Mouth open
1713973496.909158,0.667236328125,0.740966796875,-0.208251953125,Mouth open
1713973496.941115,0.68115234375,0.724853515625,-0.162353515625,Mouth open
1713973496.991196,0.6748046875,0.7314453125,-0.182373046875,Mouth open
1713973497.021269,0.67333984375,0.728515625,-0.195556640625,Mouth open
1713973497.064993,0.676513671875,0.73779296875,-0.194091796875,Mouth open
1713973497.10687,0.673095703125,0.739990234375,-0.1845703125,Mouth open
1713973497.145672,0.664306640625,0.745849609375,-0.205322265625,Mouth open
1713973497.184488,0.658935546875,0.746337890625,-0.21826171875,Mouth open
1713973497.223341,0.669189453125,0.746826171875,-0.205810546875,Mouth open
1713973497.262639,0.66162109375,0.741455078125,-0.208740234375,Mouth open
1713973497.302135,0.6650390625,0.739013671875,-0.20703125,Mouth open
1713973497.339074,0.661865234375,0.73876953125,-0.204833984375,Mouth open
1713973497.3798,0.66357421875,0.74169921875,-0.212890625,Mouth open
1713973497.420403,0.66748046875,0.744384765625,-0.21044921875,Mouth open
1713973497.460029,0.6640625,0.74609375,-0.204833984375,Mouth open
1713973497.501661,0.66259765625,0.74267578125,-0.201171875,Mouth open
1713973497.542797,0.666259765625,0.74755859375,-0.1962890625,Mouth open
1713973497.583477,0.660400390625,0.740478515625,-0.198974609375,Mouth open
1713973497.621169,0.66015625,0.74462890625,-0.18408203125,Mouth open
1713973497.663336,0.657958984375,0.745849609375,-0.18408203125,Mouth open
1713973497.712162,0.662841796875,0.7568359375,-0.1748046875,Mouth open
1713973497.742448,0.672607421875,0.760009765625,-0.178466796875,Mouth open
1713973497.783294,0.673828125,0.76220703125,-0.19482421875,Mouth open
1713973497.822853,0.670166015625,0.752685546875,-0.212646484375,Mouth open
1713973497.863613,0.6611328125,0.738037109375,-0.21923828125,Mouth open
1713973497.902536,0.6474609375,0.728271484375,-0.220947265625,Mouth open
1713973497.949107,0.646728515625,0.7265625,-0.220703125,Mouth open
1713973497.981548,0.65380859375,0.740478515625,-0.208984375,Mouth open
1713973498.023242,0.6640625,0.754638671875,-0.210205078125,Mouth open
1713973498.061381,0.666748046875,0.767578125,-0.206787109375,Mouth open
1713973498.103087,0.671142578125,0.76806640625,-0.198974609375,Mouth open
1713973498.141416,0.661865234375,0.74658203125,-0.198974609375,Mouth open
1713973498.182751,0.648193359375,0.7255859375,-0.202880859375,Mouth open
1713973498.222331,0.645751953125,0.72607421875,-0.199462890625,Mouth open
1713973498.262174,0.638671875,0.739013671875,-0.19384765625,Mouth open
1713973498.301968,0.662841796875,0.761962890625,-0.177978515625,Mouth open
1713973498.357203,0.671142578125,0.79052734375,-0.164306640625,Mouth open
1713973498.383509,0.662841796875,0.782470703125,-0.15966796875,Mouth open
1713973498.423197,0.643310546875,0.7607421875,-0.164794921875,Mouth open
1713973498.462122,0.64404296875,0.7578125,-0.171142578125,Mouth open
1713973498.504351,0.65625,0.75927734375,-0.184326171875,Mouth open
1713973498.543941,0.656982421875,0.760986328125,-0.18603515625,Mouth open
1713973498.586155,0.654541015625,0.759765625,-0.177490234375,Mouth open
1713973498.624736,0.656982421875,0.7578125,-0.173095703125,Mouth open
1713973498.667581,0.661865234375,0.757568359375,-0.173583984375,Mouth open
1713973498.70598,0.658447265625,0.755126953125,-0.173583984375,Mouth open
1713973498.747625,0.656982421875,0.748046875,-0.183837890625,Mouth open
1713973498.785908,0.654052734375,0.75,-0.180419921875,Mouth open
1713973498.827767,0.661376953125,0.760498046875,-0.186279296875,Mouth open
1713973498.866576,0.657958984375,0.7578125,-0.1787109375,Mouth open
1713973498.909561,0.65576171875,0.754150390625,-0.18017578125,Mouth open
1713973498.943257,0.648681640625,0.760009765625,-0.18017578125,Mouth open
1713973498.989043,0.654296875,0.760498046875,-0.180908203125,Mouth open
1713973499.02534,0.655517578125,0.763427734375,-0.183349609375,Mouth open
1713973499.063607,0.657958984375,0.76513671875,-0.181396484375,Mouth open
1713973499.105003,0.662109375,0.7607421875,-0.1748046875,Mouth open
1713973499.14097,0.655029296875,0.752685546875,-0.173828125,Mouth open
1713973499.181113,0.6494140625,0.748046875,-0.1630859375,Mouth open
1713973499.222064,0.65576171875,0.7587890625,-0.164794921875,Mouth open
1713973499.262152,0.662841796875,0.76953125,-0.17578125,Mouth open
1713973499.302948,0.65869140625,0.763916015625,-0.1787109375,Mouth open
1713973499.343003,0.655029296875,0.76171875,-0.175048828125,Mouth open
1713973499.383293,0.650146484375,0.757568359375,-0.1796875,Mouth open
1713973499.423858,0.650390625,0.75634765625,-0.17529296875,Mouth open
1713973499.464286,0.650390625,0.7568359375,-0.17333984375,Mouth open
1713973499.50391,0.655029296875,0.76123046875,-0.17333984375,Mouth open
1713973499.545346,0.66259765625,0.76123046875,-0.176513671875,Mouth open
1713973499.585415,0.654296875,0.75537109375,-0.169189453125,Mouth open
1713973499.624477,0.659423828125,0.759521484375,-0.17431640625,Mouth open
1713973499.667939,0.656982421875,0.757080078125,-0.176513671875,Mouth open
1713973499.705508,0.655029296875,0.759033203125,-0.17822265625,Mouth open
1713973499.747127,0.65283203125,0.75439453125,-0.178466796875,Mouth open
1713973499.784207,0.65234375,0.7529296875,-0.174560546875,Mouth open
1713973499.822921,0.65673828125,0.7568359375,-0.1748046875,Mouth open
1713973499.86385,0.65234375,0.760986328125,-0.18212890625,Mouth open
1713973499.903558,0.658447265625,0.7646484375,-0.18505859375,Mouth open
1713973499.943299,0.65771484375,0.76611328125,-0.178466796875,Mouth open
1713973499.983859,0.658447265625,0.764892578125,-0.18603515625,Mouth open
1713973500.024839,0.656982421875,0.757080078125,-0.192626953125,Mouth open
1713973500.064628,0.65966796875,0.74951171875,-0.19580078125,Mouth open
1713973500.106584,0.653564453125,0.7412109375,-0.197021484375,Mouth open
1713973500.144105,0.647705078125,0.74267578125,-0.189453125,Mouth open
1713973500.185186,0.65234375,0.74755859375,-0.177734375,Mouth open
1713973500.225309,0.65478515625,0.75830078125,-0.176513671875,Mouth open
1713973500.268355,0.661865234375,0.766845703125,-0.168212890625,Mouth open
1713973500.306761,0.660888671875,0.771728515625,-0.16650390625,Mouth open
1713973500.34584,0.653076171875,0.76513671875,-0.172119140625,Mouth open
1713973500.384854,0.651611328125,0.76123046875,-0.1767578125,Mouth open
1713973500.424106,0.64599609375,0.761962890625,-0.173583984375,Mouth open
1713973500.463289,0.650390625,0.76416015625,-0.1796875,Mouth open
1713973500.504843,0.65576171875,0.757568359375,-0.1806640625,Mouth open
1713973500.545611,0.656005859375,0.756103515625,-0.18017578125,Mouth open
1713973500.583907,0.655029296875,0.7607421875,-0.1787109375,Mouth open
1713973500.625157,0.658203125,0.758544921875,-0.17919921875,Mouth open
1713973500.665094,0.657958984375,0.757080078125,-0.177001953125,Mouth open
1713973500.708892,0.655517578125,0.758056640625,-0.18017578125,Mouth open
1713973500.745969,0.658203125,0.757080078125,-0.1826171875,Mouth open
1713973500.786179,0.660888671875,0.75390625,-0.1787109375,Mouth open
1713973500.82584,0.65673828125,0.755126953125,-0.183349609375,Mouth open
1713973500.866964,0.65771484375,0.75244140625,-0.184814453125,Mouth open
1713973500.90614,0.655517578125,0.756591796875,-0.177734375,Mouth open
1713973500.946802,0.65869140625,0.757080078125,-0.179443359375,Mouth open
1713973500.993339,0.657958984375,0.7568359375,-0.181640625,Mouth open
1713973501.025835,0.653076171875,0.755859375,-0.18017578125,Mouth open
1713973501.070574,0.655029296875,0.7578125,-0.1767578125,Mouth open
1713973501.10775,0.6533203125,0.759765625,-0.181396484375,Mouth open
1713973501.148357,0.65283203125,0.7587890625,-0.18017578125,Mouth open
1713973501.185074,0.65234375,0.7607421875,-0.1806640625,Mouth open
1713973501.228477,0.656982421875,0.759521484375,-0.1826171875,Mouth open
1713973501.265072,0.6513671875,0.759033203125,-0.1796875,Mouth open
1713973501.319665,0.65185546875,0.75927734375,-0.178955078125,Mouth open
1713973501.347167,0.65478515625,0.758056640625,-0.181640625,Mouth open
1713973501.397733,0.65478515625,0.76025390625,-0.181640625,Mouth open
1713973501.426934,0.651611328125,0.758056640625,-0.184814453125,Mouth open
1713973501.476708,0.65869140625,0.7587890625,-0.184326171875,Mouth open
1713973501.514716,0.6533203125,0.75830078125,-0.185546875,Mouth open
1713973501.555245,0.654052734375,0.756591796875,-0.186279296875,Mouth open
1713973501.586868,0.65380859375,0.758544921875,-0.19140625,Mouth open
1713973501.63255,0.654296875,0.755615234375,-0.18798828125,Mouth open
1713973501.668539,0.65185546875,0.75634765625,-0.187255859375,Mouth open
1713973501.710467,0.6513671875,0.75634765625,-0.1845703125,Mouth open
1713973501.747041,0.659912109375,0.760986328125,-0.185791015625,Mouth open
1713973501.787641,0.657470703125,0.757568359375,-0.184814453125,Mouth open
1713973501.828973,0.654296875,0.758544921875,-0.183837890625,Mouth open
1713973501.872603,0.6552734375,0.75927734375,-0.181884765625,Mouth open
1713973501.907127,0.6484375,0.760009765625,-0.186279296875,Mouth open
1713973501.948416,0.65234375,0.75927734375,-0.18603515625,Mouth open
1713973501.994556,0.653076171875,0.760009765625,-0.18701171875,Mouth open
1713973502.029998,0.654052734375,0.7607421875,-0.18603515625,Mouth open
1713973502.071014,0.651123046875,0.760009765625,-0.181884765625,Mouth open
1713973502.110338,0.651611328125,0.763671875,-0.188232421875,Mouth open
1713973502.149463,0.650390625,0.758544921875,-0.188232421875,Mouth open
1713973502.190105,0.651123046875,0.763427734375,-0.18505859375,Mouth open
1713973502.229424,0.650634765625,0.760498046875,-0.19091796875,Mouth open
1713973502.270395,0.650634765625,0.759521484375,-0.189453125,Mouth open
1713973502.309772,0.6513671875,0.76220703125,-0.1875,Mouth open
1713973502.349032,0.64794921875,0.758544921875,-0.1884765625,Mouth open
1713973502.389249,0.65380859375,0.755615234375,-0.191162109375,Mouth open
1713973502.427841,0.650390625,0.75634765625,-0.18603515625,Mouth open
1713973502.467149,0.654052734375,0.758056640625,-0.1826171875,Mouth open
1713973502.509888,0.6533203125,0.758544921875,-0.1845703125,Mouth open
1713973502.546922,0.65380859375,0.757568359375,-0.18603515625,Mouth open
1713973502.587875,0.654296875,0.759033203125,-0.1826171875,Mouth open
1713973502.628059,0.650390625,0.75732421875,-0.185791015625,Mouth open
1713973502.668423,0.650634765625,0.75732421875,-0.186279296875,Mouth open
1713973502.708405,0.650146484375,0.759033203125,-0.18603515625,Mouth open
1713973502.75084,0.6494140625,0.76025390625,-0.18994140625,Mouth open
1713973502.789962,0.65185546875,0.761474609375,-0.185791015625,Mouth open
1713973502.829794,0.653076171875,0.759033203125,-0.183349609375,Mouth open
1713973502.874734,0.649169921875,0.761962890625,-0.184814453125,Mouth open
1713973502.911922,0.65087890625,0.763427734375,-0.1806640625,Mouth open
1713973502.951044,0.650634765625,0.76318359375,-0.1826171875,Mouth open
1713973502.989068,0.650390625,0.7646484375,-0.182373046875,Mouth open
1713973503.028434,0.64892578125,0.7607421875,-0.179443359375,Mouth open
1713973503.071848,0.648681640625,0.762939453125,-0.178466796875,Mouth open
1713973503.107612,0.65087890625,0.762451171875,-0.185546875,Mouth open
1713973503.148316,0.647216796875,0.76025390625,-0.179931640625,Mouth open
1713973503.187782,0.650146484375,0.765625,-0.184326171875,Mouth open
1713973503.230717,0.6513671875,0.7646484375,-0.186767578125,Mouth open
1713973503.273503,0.650146484375,0.760986328125,-0.184814453125,Mouth open
1713973503.309673,0.648681640625,0.7578125,-0.189453125,Mouth open
1713973503.349885,0.652587890625,0.757080078125,-0.19091796875,Mouth open
1713973503.392306,0.654541015625,0.759521484375,-0.185791015625,Mouth open
1713973503.443077,0.654541015625,0.756103515625,-0.186279296875,Mouth open
1713973503.470102,0.654296875,0.756591796875,-0.1826171875,Mouth open
1713973503.515981,0.651611328125,0.759033203125,-0.181396484375,Mouth open
1713973503.55685,0.650146484375,0.75830078125,-0.17919921875,Mouth open
1713973503.59711,0.652587890625,0.758056640625,-0.179443359375,Mouth open
1713973503.636405,0.658203125,0.76220703125,-0.18359375,Mouth open
1713973503.670431,0.653076171875,0.759033203125,-0.179443359375,Mouth open
1713973503.715923,0.651611328125,0.76123046875,-0.177734375,Mouth open
1713973503.756017,0.652587890625,0.75927734375,-0.178955078125,Mouth open
1713973503.793408,0.65087890625,0.7587890625,-0.178955078125,Mouth open
1713973503.832347,0.652587890625,0.758544921875,-0.183349609375,Mouth open
1713973503.873111,0.653076171875,0.75830078125,-0.18212890625,Mouth open
1713973503.911074,0.654052734375,0.76025390625,-0.18408203125,Mouth open
1713973503.949226,0.65283203125,0.75927734375,-0.1806640625,Mouth open
1713973503.989425,0.657470703125,0.756591796875,-0.1826171875,Mouth open
1713973504.029562,0.654541015625,0.754150390625,-0.183837890625,Mouth open
1713973504.070333,0.65625,0.7587890625,-0.18310546875,Mouth open
1713973504.108807,0.65673828125,0.757568359375,-0.18701171875,Mouth open
1713973504.149807,0.647705078125,0.756591796875,-0.183837890625,Mouth open
1713973504.190627,0.654296875,0.7607421875,-0.1806640625,Mouth open
1713973504.233012,0.650390625,0.7607421875,-0.180419921875,Mouth open
1713973504.27073,0.651611328125,0.76025390625,-0.181396484375,Mouth open
1713973504.309525,0.64990234375,0.759765625,-0.179443359375,Mouth open
1713973504.348129,0.656982421875,0.7607421875,-0.181884765625,Mouth open
1713973504.386779,0.65234375,0.759033203125,-0.177001953125,Mouth open
1713973504.428224,0.65283203125,0.759521484375,-0.182373046875,Mouth open
1713973504.468542,0.651611328125,0.759521484375,-0.180419921875,Mouth open
1713973504.508099,0.652099609375,0.7568359375,-0.18408203125,Mouth open
1713973504.54815,0.650634765625,0.75927734375,-0.183837890625,Mouth open
1713973504.59002,0.656005859375,0.761962890625,-0.18505859375,Mouth open
1713973504.630354,0.650634765625,0.758056640625,-0.18603515625,Mouth open
1713973504.668832,0.654052734375,0.758544921875,-0.186279296875,Mouth open
1713973504.710352,0.654052734375,0.759521484375,-0.184326171875,Mouth open
1713973504.750038,0.65185546875,0.760986328125,-0.183837890625,Mouth open
1713973504.791586,0.654296875,0.75830078125,-0.1865234375,Mouth open
1713973504.831844,0.651611328125,0.759521484375,-0.182861328125,Mouth open
1713973504.870195,0.6533203125,0.7587890625,-0.185546875,Mouth open
1713973504.908852,0.65087890625,0.75537109375,-0.185546875,Mouth open
1713973504.953043,0.658203125,0.759521484375,-0.18310546875,Mouth open
1713973504.9933,0.653076171875,0.7578125,-0.18310546875,Mouth open
1713973505.030311,0.650390625,0.759765625,-0.183349609375,Mouth open
1713973505.072428,0.650634765625,0.75927734375,-0.187255859375,Mouth open
1713973505.109043,0.65283203125,0.7626953125,-0.18896484375,Mouth open
1713973505.149289,0.65234375,0.759765625,-0.188720703125,Mouth open
1713973505.190307,0.653564453125,0.756591796875,-0.18505859375,Mouth open
1713973505.229291,0.656494140625,0.755859375,-0.18798828125,Mouth open
1713973505.269822,0.6513671875,0.756103515625,-0.18408203125,Mouth open
1713973505.31865,0.65478515625,0.7568359375,-0.185302734375,Mouth open
1713973505.3556,0.652587890625,0.75927734375,-0.185791015625,Mouth open
1713973505.390945,0.651123046875,0.758056640625,-0.184326171875,Mouth open
1713973505.43305,0.648681640625,0.7578125,-0.185302734375,Mouth open
1713973505.473092,0.656494140625,0.762451171875,-0.186767578125,Mouth open
1713973505.510047,0.654541015625,0.76025390625,-0.18603515625,Mouth open
1713973505.55454,0.6533203125,0.754150390625,-0.17919921875,Mouth open
1713973505.589294,0.654541015625,0.759765625,-0.18603515625,Mouth open
1713973505.634055,0.6533203125,0.760009765625,-0.182861328125,Mouth open
1713973505.666964,0.652587890625,0.759521484375,-0.181396484375,Mouth open
1713973505.718226,0.6552734375,0.759033203125,-0.186767578125,Mouth open
1713973505.748012,0.657958984375,0.75927734375,-0.189208984375,Mouth open
1713973505.809934,0.65185546875,0.758544921875,-0.18359375,Mouth open
1713973505.82886,0.654296875,0.76123046875,-0.186767578125,Mouth open
1713973505.872729,0.652099609375,0.760498046875,-0.1826171875,Mouth open
1713973505.909862,0.6533203125,0.75927734375,-0.185302734375,Mouth open
1713973505.950121,0.652587890625,0.755859375,-0.18310546875,Mouth open
1713973505.990658,0.65380859375,0.7578125,-0.18310546875,Mouth open
1713973506.037702,0.654052734375,0.759033203125,-0.18310546875,Mouth open
1713973506.070222,0.6513671875,0.76171875,-0.18212890625,Mouth open
1713973506.118233,0.65283203125,0.759033203125,-0.18359375,Mouth open
1713973506.158207,0.653564453125,0.75732421875,-0.18017578125,Mouth open
1713973506.191694,0.657958984375,0.759521484375,-0.182861328125,Mouth open
1713973506.238045,0.65234375,0.7568359375,-0.181884765625,Mouth open
1713973506.27357,0.65380859375,0.756103515625,-0.185302734375,Mouth open
1713973506.314567,0.653076171875,0.75634765625,-0.188720703125,Mouth open
1713973506.35487,0.653564453125,0.75830078125,-0.186767578125,Mouth open
1713973506.3936,0.650390625,0.75537109375,-0.185546875,Mouth open
1713973506.432632,0.654296875,0.758056640625,-0.184814453125,Mouth open
1713973506.470952,0.6533203125,0.7578125,-0.189208984375,Mouth open
1713973506.511363,0.6513671875,0.757568359375,-0.189453125,Mouth open
1713973506.551973,0.65576171875,0.7568359375,-0.185302734375,Mouth open
1713973506.593883,0.654541015625,0.756103515625,-0.1845703125,Mouth open
1713973506.631723,0.65576171875,0.7568359375,-0.18408203125,Mouth open
1713973506.671815,0.652099609375,0.758544921875,-0.184326171875,Mouth open
1713973506.714499,0.655517578125,0.761474609375,-0.18505859375,Mouth open
1713973506.755742,0.65380859375,0.757080078125,-0.182861328125,Mouth open
1713973506.794939,0.6533203125,0.7578125,-0.1806640625,Mouth open
1713973506.842957,0.658203125,0.76025390625,-0.185791015625,Mouth open
1713973506.872775,0.653076171875,0.76220703125,-0.184326171875,Mouth open
1713973506.913259,0.652587890625,0.759521484375,-0.1875,Mouth open
1713973506.95254,0.649658203125,0.759033203125,-0.19091796875,Mouth open
1713973506.991804,0.653076171875,0.755615234375,-0.190673828125,Mouth open
1713973507.031531,0.650390625,0.7548828125,-0.1904296875,Mouth open
1713973507.072409,0.653564453125,0.758544921875,-0.189208984375,Mouth open
1713973507.11194,0.6533203125,0.760498046875,-0.1845703125,Mouth open
1713973507.152435,0.654052734375,0.760986328125,-0.18603515625,Mouth open
1713973507.192378,0.654541015625,0.757568359375,-0.1845703125,Mouth open
1713973507.233766,0.654052734375,0.7587890625,-0.1875,Mouth open
1713973507.273622,0.651611328125,0.757080078125,-0.188720703125,Mouth open
1713973507.313998,0.65185546875,0.759033203125,-0.18408203125,Mouth open
1713973507.35397,0.65673828125,0.761962890625,-0.18505859375,Mouth open
1713973507.397214,0.6513671875,0.757568359375,-0.18408203125,Mouth open
1713973507.438915,0.653076171875,0.760009765625,-0.183837890625,Mouth open
1713973507.475317,0.654541015625,0.760986328125,-0.185791015625,Mouth open
1713973507.515753,0.649658203125,0.760009765625,-0.185302734375,Mouth open
1713973507.554404,0.65478515625,0.75634765625,-0.187744140625,Mouth open
1713973507.592851,0.646240234375,0.759765625,-0.189208984375,Mouth open
1713973507.634239,0.656005859375,0.754638671875,-0.188232421875,Mouth open
1713973507.680853,0.653076171875,0.758544921875,-0.186279296875,Mouth open
1713973507.714582,0.654541015625,0.7578125,-0.188232421875,Mouth open
1713973507.765089,0.651611328125,0.7578125,-0.1826171875,Mouth open
1713973507.795526,0.6552734375,0.76025390625,-0.185791015625,Mouth open
1713973507.839187,0.65380859375,0.758056640625,-0.185791015625,Mouth open
1713973507.872924,0.65283203125,0.7568359375,-0.181396484375,Mouth open
1713973507.914734,0.650634765625,0.757568359375,-0.181640625,Mouth open
1713973507.95406,0.653076171875,0.757080078125,-0.185791015625,Mouth open
1713973507.994551,0.657470703125,0.757568359375,-0.183837890625,Mouth open
1713973508.03503,0.65625,0.759765625,-0.184814453125,Mouth open
1713973508.075876,0.655029296875,0.760986328125,-0.182373046875,Mouth open
1713973508.117511,0.652587890625,0.7607421875,-0.184814453125,Mouth open
1713973508.171024,0.65234375,0.755615234375,-0.18505859375,Mouth open
1713973508.197783,0.654052734375,0.7578125,-0.18310546875,Mouth open
1713973508.23573,0.65283203125,0.759033203125,-0.189208984375,Mouth open
1713973508.274403,0.654296875,0.7568359375,-0.189697265625,Mouth open
1713973508.313787,0.65234375,0.75830078125,-0.185302734375,Mouth open
1713973508.353869,0.6552734375,0.76123046875,-0.1904296875,Mouth open
1713973508.393749,0.653076171875,0.7578125,-0.188720703125,Mouth open
1713973508.433779,0.6552734375,0.7578125,-0.185546875,Mouth open
1713973508.475144,0.65380859375,0.756591796875,-0.188232421875,Mouth open
1713973508.516854,0.651123046875,0.7548828125,-0.191650390625,Mouth open
1713973508.556629,0.653076171875,0.7548828125,-0.19482421875,Mouth open
1713973508.598367,0.655029296875,0.7548828125,-0.189697265625,Mouth open
1713973508.635385,0.657470703125,0.75341796875,-0.182861328125,Mouth open
1713973508.675684,0.659423828125,0.7548828125,-0.181396484375,Mouth open
1713973508.716773,0.65869140625,0.7568359375,-0.184814453125,Mouth open
1713973508.756324,0.654296875,0.75537109375,-0.183837890625,Mouth open
1713973508.796816,0.658447265625,0.76025390625,-0.18505859375,Mouth open
1713973508.83812,0.6533203125,0.755615234375,-0.18994140625,Mouth open
1713973508.875597,0.651611328125,0.756103515625,-0.187744140625,Mouth open
1713973508.91778,0.65234375,0.757568359375,-0.188232421875,Mouth open
1713973508.954751,0.65478515625,0.763427734375,-0.1904296875,Mouth open
1713973508.995715,0.64892578125,0.764404296875,-0.19384765625,Mouth open
1713973509.036423,0.654052734375,0.764404296875,-0.192626953125,Mouth open
1713973509.075824,0.652099609375,0.75390625,-0.1865234375,Mouth open
1713973509.116695,0.658447265625,0.749755859375,-0.18603515625,Mouth open
1713973509.156706,0.65771484375,0.749755859375,-0.18408203125,Mouth open
1713973509.19693,0.658447265625,0.7470703125,-0.184814453125,Mouth open
1713973509.241099,0.661376953125,0.75390625,-0.181396484375,Mouth open
1713973509.277993,0.662841796875,0.750732421875,-0.182861328125,Mouth open
1713973509.316717,0.66015625,0.748779296875,-0.182373046875,Mouth open
1713973509.357896,0.66357421875,0.752197265625,-0.187255859375,Mouth open
1713973509.397954,0.656982421875,0.755615234375,-0.185546875,Mouth open
1713973509.438895,0.658935546875,0.754638671875,-0.18701171875,Mouth open
1713973509.478843,0.658447265625,0.75341796875,-0.18798828125,Mouth open
1713973509.519378,0.662109375,0.751708984375,-0.188720703125,Mouth open
1713973509.559968,0.658935546875,0.75,-0.18505859375,Mouth open
1713973509.599141,0.660400390625,0.75048828125,-0.186767578125,Mouth open
1713973509.637358,0.6611328125,0.752197265625,-0.185302734375,Mouth open
1713973509.678573,0.6572265625,0.75146484375,-0.18701171875,Mouth open
1713973509.718774,0.65380859375,0.757568359375,-0.18408203125,Mouth open
1713973509.756663,0.65478515625,0.757080078125,-0.188232421875,Mouth open
1713973509.799677,0.65185546875,0.75927734375,-0.189453125,Mouth open
1713973509.839229,0.650146484375,0.759033203125,-0.1884765625,Mouth open
1713973509.879415,0.65966796875,0.762939453125,-0.18798828125,Mouth open
1713973509.919785,0.65283203125,0.756591796875,-0.18408203125,Mouth open
1713973509.959241,0.654296875,0.758056640625,-0.18408203125,Mouth open
1713973510.002458,0.65478515625,0.760498046875,-0.18896484375,Mouth open
1713973510.040521,0.654296875,0.758056640625,-0.184326171875,Mouth open
1713973510.079177,0.653564453125,0.75439453125,-0.1875,Mouth open
1713973510.121765,0.65185546875,0.75537109375,-0.18701171875,Mouth open
1713973510.159783,0.6552734375,0.7568359375,-0.191650390625,Mouth open
1713973510.201,0.656494140625,0.754150390625,-0.189453125,Mouth open
1713973510.238702,0.656494140625,0.7587890625,-0.191162109375,Mouth open
1713973510.278325,0.656494140625,0.75732421875,-0.188720703125,Mouth open
1713973510.316688,0.654296875,0.75634765625,-0.189697265625,Mouth open
1713973510.356641,0.6552734375,0.7548828125,-0.191650390625,Mouth open
1713973510.397104,0.653076171875,0.7548828125,-0.18603515625,Mouth open
1713973510.440755,0.653564453125,0.756591796875,-0.18603515625,Mouth open
1713973510.477964,0.65234375,0.758544921875,-0.183349609375,Mouth open
1713973510.51835,0.658935546875,0.76123046875,-0.185791015625,Mouth open
1713973510.559715,0.653564453125,0.755615234375,-0.18310546875,Mouth open
1713973510.599997,0.655517578125,0.75830078125,-0.182373046875,Mouth open
1713973510.63985,0.654541015625,0.760009765625,-0.183349609375,Mouth open
1713973510.679035,0.651611328125,0.755615234375,-0.185302734375,Mouth open
1713973510.718673,0.653564453125,0.756103515625,-0.188232421875,Mouth open
1713973510.761554,0.65283203125,0.75390625,-0.189208984375,Mouth open
1713973510.79965,0.653564453125,0.756103515625,-0.191162109375,Mouth open
1713973510.839197,0.6552734375,0.75439453125,-0.189453125,Mouth open
1713973510.878759,0.654541015625,0.757568359375,-0.194091796875,Mouth open
1713973510.9171,0.65478515625,0.75634765625,-0.189697265625,Mouth open
1713973510.95673,0.655517578125,0.7568359375,-0.18994140625,Mouth open
1713973510.99838,0.65380859375,0.755615234375,-0.1884765625,Mouth open
1713973511.039303,0.654052734375,0.754638671875,-0.185791015625,Mouth closed
1713973511.079321,0.655029296875,0.7578125,-0.190673828125,Mouth closed
1713973511.118734,0.654296875,0.758544921875,-0.18798828125,Mouth closed
1713973511.161555,0.65478515625,0.75439453125,-0.18701171875,Mouth closed
1713973511.20307,0.65380859375,0.75732421875,-0.184326171875,Mouth closed
1713973511.240082,0.65673828125,0.758544921875,-0.18603515625,Mouth closed
1713973511.282252,0.651611328125,0.7548828125,-0.1865234375,Mouth closed
1713973511.320884,0.652587890625,0.7578125,-0.18798828125,Mouth closed
1713973511.373654,0.654541015625,0.75634765625,-0.189453125,Mouth closed
1713973511.401153,0.657470703125,0.757568359375,-0.19384765625,Mouth closed
1713973511.444701,0.65087890625,0.756103515625,-0.188232421875,Mouth closed
1713973511.479897,0.655517578125,0.75830078125,-0.19091796875,Mouth closed
1713973511.522267,0.65234375,0.75537109375,-0.18798828125,Mouth closed
1713973511.558696,0.654052734375,0.75732421875,-0.191650390625,Mouth closed
1713973511.600454,0.65625,0.75634765625,-0.191650390625,Mouth closed
1713973511.645169,0.65185546875,0.757080078125,-0.1865234375,Mouth closed
1713973511.684765,0.6533203125,0.7568359375,-0.190185546875,Mouth closed
1713973511.722866,0.652099609375,0.76025390625,-0.18798828125,Mouth closed
1713973511.762311,0.65234375,0.759033203125,-0.186279296875,Mouth closed
1713973511.800327,0.65234375,0.75634765625,-0.1875,Mouth closed
1713973511.840088,0.653564453125,0.759521484375,-0.187255859375,Mouth closed
1713973511.880097,0.65185546875,0.75634765625,-0.184814453125,Mouth closed
1713973511.921236,0.65478515625,0.756103515625,-0.1884765625,Mouth closed
1713973511.959599,0.653564453125,0.757080078125,-0.185302734375,Mouth closed
1713973511.999676,0.653564453125,0.7548828125,-0.189453125,Mouth closed
1713973512.045556,0.655029296875,0.75634765625,-0.189697265625,Mouth closed
1713973512.085481,0.647705078125,0.758544921875,-0.1982421875,Mouth closed
1713973512.12374,0.652099609375,0.758056640625,-0.1904296875,Mouth closed
1713973512.162406,0.653076171875,0.76123046875,-0.190185546875,Mouth closed
1713973512.200691,0.64697265625,0.759765625,-0.19091796875,Mouth closed
1713973512.240078,0.656982421875,0.76220703125,-0.182373046875,Mouth closed
1713973512.277954,0.6396484375,0.7607421875,-0.1884765625,Mouth closed
1713973512.319293,0.65576171875,0.760498046875,-0.18701171875,Mouth closed
1713973512.358658,0.6494140625,0.76220703125,-0.185791015625,Mouth closed
1713973512.39794,0.645263671875,0.75244140625,-0.173828125,Mouth closed
1713973512.439484,0.64892578125,0.760986328125,-0.17822265625,Mouth closed
1713973512.478935,0.648681640625,0.76220703125,-0.182373046875,Mouth closed
1713973512.520501,0.6494140625,0.763916015625,-0.177490234375,Mouth closed
1713973512.559927,0.64892578125,0.76513671875,-0.18017578125,Mouth closed
1713973512.599329,0.651123046875,0.761962890625,-0.180419921875,Mouth closed
1713973512.640922,0.654052734375,0.760498046875,-0.18359375,Mouth closed
1713973512.679939,0.649169921875,0.760498046875,-0.182861328125,Mouth closed
1713973512.72061,0.650390625,0.76171875,-0.18310546875,Mouth closed
1713973512.759652,0.651611328125,0.759765625,-0.182373046875,Mouth closed
1713973512.802275,0.6474609375,0.760986328125,-0.185546875,Mouth closed
1713973512.842997,0.651123046875,0.760986328125,-0.18701171875,Mouth closed
1713973512.879749,0.6474609375,0.7626953125,-0.183837890625,Mouth closed
1713973512.920601,0.6484375,0.761474609375,-0.181640625,Mouth closed
1713973512.95764,0.650146484375,0.76513671875,-0.181396484375,Mouth closed
1713973513.011848,0.65283203125,0.76806640625,-0.182373046875,Mouth closed
1713973513.040419,0.6513671875,0.764892578125,-0.179443359375,Mouth closed
1713973513.088966,0.649169921875,0.76416015625,-0.177001953125,Mouth closed
1713973513.120766,0.651611328125,0.765869140625,-0.178466796875,Mouth closed
1713973513.165239,0.6484375,0.763916015625,-0.181640625,Mouth closed
1713973513.200782,0.646728515625,0.763427734375,-0.183349609375,Mouth closed
1713973513.245396,0.64208984375,0.765380859375,-0.18359375,Mouth closed
1713973513.280057,0.6455078125,0.7626953125,-0.1845703125,Mouth closed
1713973513.329823,0.645263671875,0.76318359375,-0.184814453125,Mouth closed
1713973513.363126,0.651123046875,0.765625,-0.18505859375,Mouth closed
1713973513.403327,0.645751953125,0.767333984375,-0.18310546875,Mouth closed
1713973513.441229,0.647216796875,0.761474609375,-0.18310546875,Mouth closed
1713973513.48145,0.648681640625,0.76171875,-0.18505859375,Mouth closed
1713973513.523061,0.64697265625,0.760986328125,-0.18408203125,Mouth closed
1713973513.572236,0.645263671875,0.76318359375,-0.182373046875,Mouth closed
1713973513.601714,0.64501953125,0.76513671875,-0.18505859375,Mouth closed
1713973513.651058,0.652587890625,0.767578125,-0.184326171875,Mouth closed
1713973513.67983,0.64892578125,0.763916015625,-0.18408203125,Mouth closed
1713973513.723134,0.6474609375,0.761962890625,-0.180908203125,Mouth closed
1713973513.767681,0.651123046875,0.760986328125,-0.180419921875,Mouth closed
1713973513.806286,0.649658203125,0.75927734375,-0.1787109375,Mouth closed
1713973513.845119,0.650634765625,0.762939453125,-0.183837890625,Mouth closed
1713973513.88529,0.64794921875,0.765625,-0.18212890625,Mouth closed
1713973513.922787,0.650390625,0.765869140625,-0.18408203125,Mouth closed
1713973513.962622,0.647705078125,0.76513671875,-0.177978515625,Mouth closed
1713973514.003196,0.6484375,0.764892578125,-0.18115234375,Mouth closed
1713973514.043066,0.64697265625,0.765869140625,-0.18408203125,Mouth closed
1713973514.081682,0.649169921875,0.764892578125,-0.181640625,Mouth closed
1713973514.121899,0.647705078125,0.76318359375,-0.182373046875,Mouth closed
1713973514.159497,0.647705078125,0.761962890625,-0.183837890625,Mouth closed
1713973514.203688,0.6435546875,0.762451171875,-0.181396484375,Mouth closed
1713973514.240562,0.6455078125,0.767822265625,-0.18359375,Mouth closed
1713973514.280652,0.64794921875,0.76953125,-0.184326171875,Mouth closed
1713973514.32158,0.650146484375,0.76513671875,-0.18115234375,Mouth closed
1713973514.361617,0.650146484375,0.76416015625,-0.1787109375,Mouth closed
1713973514.403924,0.645751953125,0.763916015625,-0.179931640625,Mouth closed
1713973514.443316,0.64599609375,0.76123046875,-0.17919921875,Mouth closed
1713973514.48275,0.646484375,0.761962890625,-0.181396484375,Mouth closed
1713973514.526296,0.646728515625,0.765625,-0.185791015625,Mouth closed
1713973514.564149,0.648681640625,0.762939453125,-0.18408203125,Mouth closed
1713973514.603472,0.65234375,0.764892578125,-0.182373046875,Mouth closed
1713973514.643754,0.646728515625,0.7626953125,-0.18408203125,Mouth closed
1713973514.683792,0.64501953125,0.764404296875,-0.184326171875,Mouth closed
1713973514.724865,0.650390625,0.765625,-0.18603515625,Mouth closed
1713973514.7655,0.647216796875,0.762451171875,-0.18896484375,Mouth closed
1713973514.802632,0.6455078125,0.758544921875,-0.187744140625,Mouth closed
1713973514.842547,0.648193359375,0.7626953125,-0.183837890625,Mouth closed
1713973514.882328,0.645263671875,0.763671875,-0.182861328125,Mouth closed
1713973514.924969,0.645263671875,0.759765625,-0.18310546875,Mouth closed
1713973514.962808,0.6484375,0.76416015625,-0.181396484375,Mouth closed
1713973515.002839,0.65185546875,0.76220703125,-0.18359375,Mouth closed
1713973515.048278,0.646240234375,0.7626953125,-0.181396484375,Mouth closed
1713973515.084625,0.646484375,0.76318359375,-0.187744140625,Mouth closed
1713973515.12527,0.6435546875,0.76318359375,-0.1884765625,Mouth closed
1713973515.166672,0.649169921875,0.761962890625,-0.185791015625,Mouth closed
1713973515.204544,0.64501953125,0.764404296875,-0.184326171875,Mouth closed
1713973515.246531,0.64599609375,0.763427734375,-0.185546875,Mouth closed
1713973515.297557,0.646240234375,0.765625,-0.18603515625,Mouth closed
1713973515.326802,0.64599609375,0.768798828125,-0.186279296875,Mouth closed
1713973515.375533,0.645751953125,0.7666015625,-0.187744140625,Mouth closed
1713973515.40506,0.644775390625,0.764892578125,-0.1865234375,Mouth closed
1713973515.448515,0.64453125,0.767822265625,-0.185791015625,Mouth closed
1713973515.482529,0.645263671875,0.76513671875,-0.188232421875,Mouth closed
1713973515.525874,0.64697265625,0.769287109375,-0.1865234375,Mouth closed
1713973515.567144,0.64501953125,0.762451171875,-0.18310546875,Mouth closed
1713973515.607438,0.6474609375,0.7646484375,-0.182373046875,Mouth closed
1713973515.644461,0.644775390625,0.766845703125,-0.185546875,Mouth closed
1713973515.683755,0.64306640625,0.76708984375,-0.18408203125,Mouth closed
1713973515.725785,0.6435546875,0.767822265625,-0.185791015625,Mouth closed
1713973515.76486,0.64208984375,0.765380859375,-0.187744140625,Mouth closed
1713973515.805761,0.644775390625,0.767333984375,-0.187255859375,Mouth closed
1713973515.845612,0.640380859375,0.7705078125,-0.187255859375,Mouth closed
1713973515.88799,0.6455078125,0.768310546875,-0.186767578125,Mouth closed
1713973515.927652,0.644775390625,0.767822265625,-0.186279296875,Mouth closed
1713973515.96568,0.645751953125,0.7646484375,-0.186767578125,Mouth closed
1713973516.005673,0.643310546875,0.76318359375,-0.185546875,Mouth closed
1713973516.045641,0.6435546875,0.76220703125,-0.182861328125,Mouth closed
1713973516.085103,0.64208984375,0.76416015625,-0.184326171875,Mouth closed
1713973516.123661,0.642822265625,0.766357421875,-0.183837890625,Mouth closed
1713973516.163846,0.644287109375,0.763671875,-0.18603515625,Mouth closed
1713973516.203211,0.642578125,0.764404296875,-0.18212890625,Mouth closed
1713973516.242903,0.647705078125,0.77001953125,-0.181884765625,Mouth closed
1713973516.284103,0.6416015625,0.768798828125,-0.18115234375,Mouth closed
1713973516.323602,0.643798828125,0.7666015625,-0.18505859375,Mouth closed
1713973516.364068,0.639404296875,0.766357421875,-0.186767578125,Mouth closed
1713973516.406226,0.6416015625,0.76806640625,-0.1875,Mouth closed
1713973516.44476,0.64208984375,0.767333984375,-0.185546875,Mouth closed
1713973516.486551,0.6435546875,0.77001953125,-0.1884765625,Mouth closed
1713973516.526626,0.645263671875,0.76708984375,-0.186767578125,Mouth closed
1713973516.566623,0.640869140625,0.76611328125,-0.187744140625,Mouth closed
1713973516.60603,0.641845703125,0.76513671875,-0.186767578125,Mouth closed
1713973516.648911,0.642578125,0.76708984375,-0.189453125,Mouth closed
1713973516.689957,0.64208984375,0.76806640625,-0.1884765625,Mouth closed
1713973516.726148,0.6416015625,0.770263671875,-0.186279296875,Mouth closed
1713973516.767778,0.64599609375,0.772705078125,-0.1904296875,Mouth closed
1713973516.805102,0.642333984375,0.7646484375,-0.18994140625,Mouth closed
1713973516.845527,0.641357421875,0.76806640625,-0.184326171875,Mouth closed
1713973516.883501,0.6455078125,0.76904296875,-0.18798828125,Mouth closed
1713973516.937316,0.640380859375,0.76611328125,-0.1865234375,Mouth closed
1713973516.965032,0.642333984375,0.76513671875,-0.189453125,Mouth closed
1713973517.007072,0.64501953125,0.77001953125,-0.184326171875,Mouth closed
1713973517.05231,0.643310546875,0.769775390625,-0.188232421875,Mouth closed
1713973517.085557,0.643310546875,0.76806640625,-0.185302734375,Mouth closed
1713973517.130393,0.64501953125,0.769775390625,-0.184814453125,Mouth closed
1713973517.170102,0.642822265625,0.766845703125,-0.184326171875,Mouth closed
1713973517.207159,0.644775390625,0.766845703125,-0.187744140625,Mouth closed
1713973517.247467,0.6435546875,0.7646484375,-0.186279296875,Mouth closed
1713973517.288026,0.64453125,0.763671875,-0.1845703125,Mouth closed
1713973517.338729,0.644775390625,0.767822265625,-0.181640625,Mouth closed
1713973517.365446,0.64501953125,0.766845703125,-0.18603515625,Mouth closed
1713973517.41684,0.64501953125,0.764892578125,-0.18798828125,Mouth closed
1713973517.444354,0.642333984375,0.766845703125,-0.18310546875,Mouth closed
1713973517.490124,0.6474609375,0.77001953125,-0.185302734375,Mouth closed
1713973517.523952,0.6416015625,0.76708984375,-0.180908203125,Mouth closed
1713973517.564226,0.6455078125,0.76611328125,-0.1845703125,Mouth closed
1713973517.610567,0.644287109375,0.768310546875,-0.183349609375,Mouth closed
1713973517.647893,0.645751953125,0.766357421875,-0.1865234375,Mouth closed
1713973517.685594,0.64306640625,0.763916015625,-0.18359375,Mouth closed
1713973517.725907,0.645751953125,0.766845703125,-0.186279296875,Mouth closed
1713973517.765541,0.6435546875,0.76513671875,-0.18310546875,Mouth closed
1713973517.806048,0.642333984375,0.767333984375,-0.185791015625,Mouth closed
1713973517.846179,0.642578125,0.7666015625,-0.1845703125,Mouth closed
1713973517.885758,0.642822265625,0.7646484375,-0.188720703125,Mouth closed
1713973517.928611,0.644287109375,0.7685546875,-0.18701171875,Mouth closed
1713973517.966308,0.646484375,0.768310546875,-0.1865234375,Mouth closed
1713973518.006188,0.644775390625,0.766357421875,-0.18505859375,Mouth closed
1713973518.046679,0.642578125,0.76416015625,-0.183349609375,Mouth closed
1713973518.086023,0.6474609375,0.7666015625,-0.183349609375,Mouth closed
1713973518.127207,0.644775390625,0.763427734375,-0.1826171875,Mouth closed
1713973518.166617,0.64697265625,0.767333984375,-0.185791015625,Mouth closed
1713973518.208521,0.64306640625,0.76513671875,-0.18505859375,Mouth closed
1713973518.247201,0.64453125,0.767822265625,-0.186279296875,Mouth closed
1713973518.288067,0.6435546875,0.767578125,-0.1845703125,Mouth closed
1713973518.32819,0.646728515625,0.770751953125,-0.190185546875,Mouth closed
1713973518.366382,0.64404296875,0.76708984375,-0.189453125,Mouth closed
1713973518.410009,0.6455078125,0.763916015625,-0.18994140625,Mouth closed
1713973518.45169,0.645263671875,0.763916015625,-0.1875,Mouth closed
1713973518.490637,0.644287109375,0.764892578125,-0.187255859375,Mouth closed
1713973518.526905,0.64453125,0.76416015625,-0.187255859375,Mouth closed
1713973518.569703,0.650390625,0.766357421875,-0.186767578125,Mouth closed
1713973518.606959,0.648193359375,0.762939453125,-0.18359375,Mouth closed
1713973518.6447,0.644287109375,0.763427734375,-0.1806640625,Mouth closed
1713973518.686008,0.6494140625,0.76611328125,-0.183349609375,Mouth closed
1713973518.724447,0.643310546875,0.769775390625,-0.180908203125,Mouth closed
1713973518.766619,0.646484375,0.767822265625,-0.185791015625,Mouth closed
1713973518.804465,0.646240234375,0.76611328125,-0.1875,Mouth closed
1713973518.846,0.644775390625,0.7666015625,-0.18701171875,Mouth closed
1713973518.885741,0.638671875,0.76611328125,-0.188232421875,Mouth closed
1713973518.925834,0.643798828125,0.770751953125,-0.19189453125,Mouth closed
1713973518.967551,0.642333984375,0.769287109375,-0.18896484375,Mouth closed
1713973519.019932,0.64208984375,0.766845703125,-0.190673828125,Mouth closed
1713973519.049642,0.643798828125,0.7666015625,-0.184326171875,Mouth closed
1713973519.095443,0.64404296875,0.766357421875,-0.1875,Mouth closed
1713973519.129669,0.64599609375,0.765380859375,-0.1845703125,Mouth closed
1713973519.181067,0.64892578125,0.767578125,-0.184814453125,Mouth closed
1713973519.210813,0.6474609375,0.765380859375,-0.186279296875,Mouth closed
1713973519.261202,0.64599609375,0.761962890625,-0.180419921875,Mouth closed
1713973519.291012,0.64794921875,0.762451171875,-0.1845703125,Mouth closed
1713973519.326378,0.646240234375,0.76416015625,-0.180419921875,Mouth closed
1713973519.367109,0.642578125,0.765625,-0.185302734375,Mouth closed
1713973519.407623,0.644287109375,0.764404296875,-0.1875,Mouth closed
1713973519.446747,0.64404296875,0.763427734375,-0.1875,Mouth closed
1713973519.48865,0.640869140625,0.765869140625,-0.187255859375,Mouth closed
1713973519.52725,0.641845703125,0.768310546875,-0.188232421875,Mouth closed
1713973519.569333,0.64111328125,0.768798828125,-0.189697265625,Mouth closed
1713973519.607366,0.640380859375,0.76708984375,-0.188720703125,Mouth closed
1713973519.648702,0.639404296875,0.769775390625,-0.186279296875,Mouth closed
1713973519.686541,0.64013671875,0.765869140625,-0.188232421875,Mouth closed
1713973519.727988,0.639892578125,0.771240234375,-0.184326171875,Mouth closed
1713973519.766641,0.635498046875,0.771240234375,-0.183349609375,Mouth closed
1713973519.808667,0.64404296875,0.7724609375,-0.18408203125,Mouth closed
1713973519.857443,0.640380859375,0.766357421875,-0.185302734375,Mouth closed
1713973519.887426,0.64501953125,0.768798828125,-0.18115234375,Mouth closed
1713973519.929011,0.644775390625,0.76904296875,-0.181396484375,Mouth closed
1713973519.96542,0.639892578125,0.771240234375,-0.182373046875,Mouth closed
1713973520.004702,0.643798828125,0.76708984375,-0.186767578125,Mouth closed
1713973520.045543,0.6396484375,0.77001953125,-0.18603515625,Mouth closed
1713973520.088817,0.64208984375,0.770263671875,-0.18701171875,Mouth closed
1713973520.126461,0.64013671875,0.7666015625,-0.18798828125,Mouth closed
1713973520.165463,0.641845703125,0.768798828125,-0.190673828125,Mouth closed
1713973520.206237,0.639404296875,0.767822265625,-0.189453125,Mouth closed
1713973520.248526,0.6416015625,0.76953125,-0.18798828125,Mouth closed
1713973520.286838,0.639404296875,0.76904296875,-0.187744140625,Mouth closed
1713973520.326486,0.63720703125,0.76953125,-0.185302734375,Mouth closed
1713973520.371608,0.64111328125,0.770263671875,-0.187744140625,Mouth closed
1713973520.409717,0.63671875,0.772216796875,-0.185302734375,Mouth closed
1713973520.45178,0.63916015625,0.77001953125,-0.1845703125,Mouth closed
1713973520.488908,0.63623046875,0.76953125,-0.182861328125,Mouth closed
1713973520.529226,0.6435546875,0.773193359375,-0.182861328125,Mouth closed
1713973520.568294,0.6396484375,0.769775390625,-0.1845703125,Mouth closed
1713973520.607688,0.636962890625,0.76708984375,-0.186767578125,Mouth closed
1713973520.645648,0.6396484375,0.76904296875,-0.18603515625,Mouth closed
1713973520.694944,0.637939453125,0.770751953125,-0.189697265625,Mouth closed
1713973520.725215,0.63671875,0.768798828125,-0.18896484375,Mouth closed
1713973520.77598,0.6416015625,0.77001953125,-0.184814453125,Mouth closed
1713973520.805573,0.6396484375,0.770751953125,-0.1865234375,Mouth closed
1713973520.850714,0.638427734375,0.771240234375,-0.18505859375,Mouth closed
1713973520.892505,0.640380859375,0.772216796875,-0.18701171875,Mouth closed
1713973520.928278,0.640625,0.77001953125,-0.1875,Mouth closed
1713973520.970369,0.637451171875,0.767578125,-0.185302734375,Mouth closed
1713973521.00709,0.64013671875,0.7724609375,-0.183837890625,Mouth closed
1713973521.049545,0.636962890625,0.774658203125,-0.18408203125,Mouth closed
1713973521.088758,0.642333984375,0.76708984375,-0.18310546875,Mouth closed
1713973521.128111,0.640869140625,0.770263671875,-0.181640625,Mouth closed
1713973521.175539,0.645751953125,0.7734375,-0.182861328125,Mouth closed
1713973521.20648,0.64013671875,0.7685546875,-0.181640625,Mouth closed
1713973521.256101,0.639404296875,0.767822265625,-0.18603515625,Mouth closed
1713973521.284563,0.6396484375,0.7666015625,-0.184814453125,Mouth closed
1713973521.3338,0.6416015625,0.766845703125,-0.187744140625,Mouth closed
1713973521.370956,0.639404296875,0.768798828125,-0.186279296875,Mouth closed
1713973521.410569,0.64453125,0.7685546875,-0.188720703125,Mouth closed
1713973521.449393,0.64111328125,0.76806640625,-0.185546875,Mouth closed
1713973521.490763,0.640380859375,0.770263671875,-0.190185546875,Mouth closed
1713973521.529404,0.6376953125,0.771728515625,-0.188232421875,Mouth closed
1713973521.569214,0.639404296875,0.76611328125,-0.1875,Mouth closed
1713973521.608015,0.6396484375,0.769287109375,-0.18701171875,Mouth closed
1713973521.649173,0.640625,0.767333984375,-0.183837890625,Mouth closed
1713973521.688417,0.645751953125,0.7724609375,-0.18798828125,Mouth closed
1713973521.728705,0.642822265625,0.770263671875,-0.188232421875,Mouth closed
1713973521.769477,0.641845703125,0.7705078125,-0.182861328125,Mouth closed
1713973521.811413,0.639404296875,0.77001953125,-0.187255859375,Mouth closed
1713973521.848516,0.638427734375,0.7685546875,-0.186767578125,Mouth closed
1713973521.887818,0.64013671875,0.765869140625,-0.189208984375,Mouth closed
1713973521.926639,0.640380859375,0.7666015625,-0.18896484375,Mouth closed
1713973521.967898,0.64208984375,0.76611328125,-0.1923828125,Mouth closed
1713973522.006838,0.64453125,0.767333984375,-0.190673828125,Mouth closed
1713973522.04918,0.642822265625,0.7685546875,-0.1943359375,Mouth closed
1713973522.086424,0.64208984375,0.76806640625,-0.189453125,Mouth closed
1713973522.128392,0.63916015625,0.76708984375,-0.19287109375,Mouth closed
1713973522.168392,0.640625,0.765869140625,-0.191650390625,Mouth closed
1713973522.209694,0.639892578125,0.767578125,-0.189453125,Mouth closed
1713973522.248892,0.64208984375,0.766845703125,-0.18798828125,Mouth closed
1713973522.288448,0.63623046875,0.770751953125,-0.18994140625,Mouth closed
1713973522.333285,0.639404296875,0.771484375,-0.18701171875,Mouth closed
1713973522.370455,0.636962890625,0.76806640625,-0.184814453125,Mouth closed
1713973522.410838,0.6416015625,0.773681640625,-0.1845703125,Mouth closed
1713973522.4494,0.639404296875,0.77294921875,-0.185302734375,Mouth closed
1713973522.490784,0.638916015625,0.7685546875,-0.189697265625,Mouth closed
1713973522.530043,0.638427734375,0.7685546875,-0.18994140625,Mouth closed
1713973522.568942,0.638671875,0.76904296875,-0.189453125,Mouth closed
1713973522.60825,0.637451171875,0.7685546875,-0.188720703125,Mouth closed
1713973522.648158,0.641845703125,0.768798828125,-0.188720703125,Mouth closed
1713973522.68742,0.64453125,0.769287109375,-0.188720703125,Mouth closed
1713973522.733273,0.639892578125,0.7705078125,-0.1904296875,Mouth closed
1713973522.769382,0.640380859375,0.769287109375,-0.1884765625,Mouth closed
1713973522.809419,0.64208984375,0.767578125,-0.189697265625,Mouth closed
1713973522.852255,0.636962890625,0.768798828125,-0.1884765625,Mouth closed
1713973522.901618,0.64111328125,0.76904296875,-0.189208984375,Mouth closed
1713973522.929889,0.63720703125,0.768798828125,-0.189697265625,Mouth closed
1713973522.973087,0.642333984375,0.77001953125,-0.185791015625,Mouth closed
1713973523.017255,0.639892578125,0.767822265625,-0.184814453125,Mouth closed
1713973523.052857,0.64208984375,0.76904296875,-0.18701171875,Mouth closed
1713973523.094179,0.6396484375,0.768798828125,-0.1884765625,Mouth closed
1713973523.133698,0.639404296875,0.768798828125,-0.185302734375,Mouth closed
1713973523.172506,0.64111328125,0.766845703125,-0.189697265625,Mouth closed
1713973523.211736,0.63623046875,0.7705078125,-0.191650390625,Mouth closed
1713973523.24975,0.639404296875,0.768798828125,-0.18798828125,Mouth closed
1713973523.287967,0.6416015625,0.766845703125,-0.18896484375,Mouth closed
1713973523.329693,0.64306640625,0.76953125,-0.191162109375,Mouth closed
1713973523.369945,0.641357421875,0.768798828125,-0.188720703125,Mouth closed
1713973523.408405,0.642578125,0.770263671875,-0.189697265625,Mouth closed
1713973523.449359,0.641845703125,0.76806640625,-0.18505859375,Mouth closed
1713973523.491349,0.6376953125,0.76904296875,-0.187744140625,Mouth closed
1713973523.531718,0.640380859375,0.768798828125,-0.18798828125,Mouth closed
1713973523.570346,0.636962890625,0.772216796875,-0.18896484375,Mouth closed
1713973523.611714,0.6416015625,0.770751953125,-0.1865234375,Mouth closed
1713973523.650362,0.636474609375,0.76806640625,-0.187744140625,Mouth closed
1713973523.691526,0.642333984375,0.77294921875,-0.18505859375,Mouth closed
1713973523.731044,0.6376953125,0.769287109375,-0.18505859375,Mouth closed
1713973523.777958,0.6376953125,0.77099609375,-0.189208984375,Mouth closed
1713973523.81071,0.6376953125,0.770751953125,-0.189697265625,Mouth closed
1713973523.849569,0.63818359375,0.77099609375,-0.189453125,Mouth closed
1713973523.889634,0.6357421875,0.77490234375,-0.191650390625,Mouth closed
1713973523.927536,0.6396484375,0.772216796875,-0.1904296875,Mouth closed
1713973523.968415,0.64111328125,0.7705078125,-0.190673828125,Mouth closed
1713973524.010482,0.638427734375,0.771484375,-0.191650390625,Mouth closed
1713973524.048531,0.640625,0.7685546875,-0.189453125,Mouth closed
1713973524.092471,0.6396484375,0.767822265625,-0.190673828125,Mouth closed
1713973524.130166,0.639892578125,0.76806640625,-0.190185546875,Mouth closed
1713973524.169356,0.642578125,0.76904296875,-0.185791015625,Mouth closed
1713973524.214279,0.64013671875,0.770263671875,-0.18798828125,Mouth closed
1713973524.250644,0.645263671875,0.7724609375,-0.185791015625,Mouth closed
1713973524.291882,0.63818359375,0.77001953125,-0.182373046875,Mouth closed
1713973524.332482,0.6416015625,0.77099609375,-0.184814453125,Mouth closed
1713973524.382492,0.638427734375,0.769775390625,-0.185546875,Mouth closed
1713973524.411491,0.637451171875,0.7724609375,-0.185791015625,Mouth closed
1713973524.452488,0.63916015625,0.76806640625,-0.1904296875,Mouth closed
1713973524.489391,0.637451171875,0.76953125,-0.191650390625,Mouth closed
1713973524.530867,0.639404296875,0.76953125,-0.18994140625,Mouth closed
1713973524.575442,0.6396484375,0.7705078125,-0.18798828125,Mouth closed
1713973524.615028,0.640869140625,0.769775390625,-0.18896484375,Mouth closed
1713973524.65516,0.640625,0.769287109375,-0.189453125,Mouth closed
1713973524.695364,0.6416015625,0.77001953125,-0.1875,Mouth closed
1713973524.735013,0.638916015625,0.76806640625,-0.190185546875,Mouth closed
1713973524.77058,0.6376953125,0.767822265625,-0.188720703125,Mouth closed
1713973524.811959,0.6416015625,0.767578125,-0.185546875,Mouth closed
1713973524.851584,0.637451171875,0.7685546875,-0.187744140625,Mouth closed
1713973524.891292,0.638671875,0.768310546875,-0.1865234375,Mouth closed
1713973524.93074,0.638916015625,0.769287109375,-0.184326171875,Mouth closed
1713973524.970837,0.64111328125,0.773681640625,-0.185546875,Mouth closed
1713973525.011403,0.636962890625,0.7705078125,-0.18408203125,Mouth closed
1713973525.050359,0.638916015625,0.77001953125,-0.188720703125,Mouth closed
1713973525.09081,0.63720703125,0.771240234375,-0.190673828125,Mouth closed
1713973525.132677,0.638671875,0.7685546875,-0.1904296875,Mouth closed
1713973525.171706,0.638916015625,0.771240234375,-0.189697265625,Mouth closed
1713973525.21032,0.64013671875,0.770263671875,-0.192626953125,Mouth closed
1713973525.24966,0.638427734375,0.766357421875,-0.185546875,Mouth closed
1713973525.288841,0.640625,0.769287109375,-0.18994140625,Mouth closed
1713973525.3301,0.640869140625,0.767333984375,-0.1865234375,Mouth closed
1713973525.368559,0.6376953125,0.7666015625,-0.18798828125,Mouth closed
1713973525.409512,0.638427734375,0.7685546875,-0.1904296875,Mouth closed
1713973525.450093,0.63671875,0.770263671875,-0.186767578125,Mouth closed
1713973525.492447,0.64111328125,0.771240234375,-0.1875,Mouth closed
1713973525.529351,0.64013671875,0.76708984375,-0.188232421875,Mouth closed
1713973525.569417,0.64306640625,0.770263671875,-0.186767578125,Mouth closed
1713973525.609432,0.636962890625,0.771240234375,-0.187744140625,Mouth closed
1713973525.651471,0.63720703125,0.769287109375,-0.188232421875,Mouth closed
1713973525.691178,0.63525390625,0.76806640625,-0.189208984375,Mouth closed
1713973525.730422,0.6357421875,0.7685546875,-0.18798828125,Mouth closed
1713973525.770889,0.635009765625,0.7705078125,-0.1904296875,Mouth closed
1713973525.808316,0.63671875,0.77197265625,-0.19091796875,Mouth closed
1713973525.848927,0.639892578125,0.7744140625,-0.19091796875,Mouth closed
1713973525.889136,0.63818359375,0.76953125,-0.19189453125,Mouth closed
1713973525.928317,0.63818359375,0.768798828125,-0.191162109375,Mouth closed
1713973525.972138,0.638671875,0.768310546875,-0.1884765625,Mouth closed
1713973526.011967,0.63916015625,0.76806640625,-0.1884765625,Mouth open
1713973526.049436,0.6357421875,0.768798828125,-0.18896484375,Mouth open
1713973526.090517,0.6435546875,0.7744140625,-0.190673828125,Mouth open
1713973526.131073,0.64013671875,0.770751953125,-0.18896484375,Mouth open
1713973526.181929,0.64208984375,0.768798828125,-0.187255859375,Mouth open
1713973526.211543,0.6396484375,0.770263671875,-0.185791015625,Mouth open
1713973526.256987,0.638916015625,0.771484375,-0.1875,Mouth open
1713973526.2983,0.637939453125,0.773193359375,-0.191650390625,Mouth open
1713973526.340109,0.63623046875,0.7705078125,-0.188232421875,Mouth open
1713973526.37773,0.640625,0.77099609375,-0.191650390625,Mouth open
1713973526.421609,0.640380859375,0.7705078125,-0.18896484375,Mouth open
1713973526.44984,0.640380859375,0.7724609375,-0.19287109375,Mouth open
1713973526.490502,0.6396484375,0.770751953125,-0.187255859375,Mouth open
1713973526.531065,0.637939453125,0.770263671875,-0.189453125,Mouth open
1713973526.577628,0.63671875,0.77099609375,-0.1904296875,Mouth open
1713973526.609887,0.638671875,0.7705078125,-0.18603515625,Mouth open
1713973526.659502,0.63818359375,0.7685546875,-0.1875,Mouth open
1713973526.689417,0.63525390625,0.77099609375,-0.186767578125,Mouth open
1713973526.738743,0.643798828125,0.77490234375,-0.18603515625,Mouth open
1713973526.777015,0.640625,0.770263671875,-0.185546875,Mouth open
1713973526.815732,0.640625,0.770263671875,-0.18310546875,Mouth open
1713973526.853493,0.639892578125,0.774658203125,-0.18701171875,Mouth open
1713973526.892313,0.639404296875,0.77099609375,-0.185302734375,Mouth open
1713973526.930315,0.636474609375,0.771484375,-0.187744140625,Mouth open
1713973526.971282,0.639404296875,0.771240234375,-0.185791015625,Mouth open
1713973527.011951,0.638916015625,0.7705078125,-0.185302734375,Mouth open
1713973527.051149,0.640380859375,0.771240234375,-0.1875,Mouth open
1713973527.089611,0.639404296875,0.7724609375,-0.189208984375,Mouth open
1713973527.128568,0.64111328125,0.77001953125,-0.189208984375,Mouth open
1713973527.169188,0.639404296875,0.77099609375,-0.188232421875,Mouth open
1713973527.208379,0.64501953125,0.768798828125,-0.19873046875,Mouth open
1713973527.24821,0.6357421875,0.76904296875,-0.2001953125,Mouth open
1713973527.292712,0.644775390625,0.766357421875,-0.204833984375,Mouth open
1713973527.330552,0.642822265625,0.761474609375,-0.16552734375,Mouth open
1713973527.37053,0.667724609375,0.7490234375,-0.167236328125,Mouth open
1713973527.41062,0.66845703125,0.740478515625,-0.169677734375,Mouth open
1713973527.453342,0.669189453125,0.74658203125,-0.178955078125,Mouth open
1713973527.493254,0.670166015625,0.74462890625,-0.179931640625,Mouth open
1713973527.531641,0.66552734375,0.74560546875,-0.158935546875,Mouth open
1713973527.577536,0.662109375,0.749755859375,-0.2021484375,Mouth open
1713973527.614507,0.657470703125,0.747802734375,-0.184326171875,Mouth open
1713973527.65498,0.650146484375,0.760498046875,-0.203125,Mouth open
1713973527.693492,0.659912109375,0.7587890625,-0.19287109375,Mouth open
1713973527.729552,0.669189453125,0.75732421875,-0.1748046875,Mouth open
1713973527.768433,0.650146484375,0.7587890625,-0.20556640625,Mouth open
1713973527.808682,0.650146484375,0.751953125,-0.209228515625,Mouth open
1713973527.850475,0.6591796875,0.745849609375,-0.1875,Mouth open
1713973527.888391,0.645751953125,0.7529296875,-0.209228515625,Mouth open
1713973527.930351,0.65625,0.753662109375,-0.2109375,Mouth open
1713973527.969385,0.653564453125,0.754638671875,-0.196533203125,Mouth open
1713973528.009905,0.657958984375,0.7548828125,-0.2080078125,Mouth open
1713973528.050369,0.655029296875,0.74755859375,-0.20751953125,Mouth open
1713973528.090268,0.65576171875,0.752685546875,-0.18798828125,Mouth open
1713973528.131233,0.6484375,0.754150390625,-0.193359375,Mouth open
1713973528.171042,0.64404296875,0.757080078125,-0.188720703125,Mouth open
1713973528.210272,0.652099609375,0.764892578125,-0.1875,Mouth open
1713973528.250609,0.651123046875,0.768310546875,-0.191162109375,Mouth open
1713973528.291532,0.65576171875,0.770263671875,-0.19287109375,Mouth open
1713973528.330481,0.65966796875,0.769287109375,-0.195556640625,Mouth open
1713973528.369649,0.6552734375,0.755615234375,-0.210205078125,Mouth open
1713973528.411168,0.646728515625,0.741943359375,-0.211669921875,Mouth open
1713973528.448431,0.64599609375,0.736083984375,-0.216064453125,Mouth open
1713973528.49027,0.646728515625,0.743896484375,-0.213134765625,Mouth open
1713973528.529282,0.65625,0.754638671875,-0.20361328125,Mouth open
1713973528.570563,0.65869140625,0.759521484375,-0.203857421875,Mouth open
1713973528.611134,0.6572265625,0.765625,-0.199951171875,Mouth open
1713973528.650652,0.648681640625,0.75390625,-0.198486328125,Mouth open
1713973528.691057,0.640869140625,0.746337890625,-0.204345703125,Mouth open
1713973528.730807,0.641357421875,0.75244140625,-0.20263671875,Mouth open
1713973528.770273,0.6435546875,0.759521484375,-0.1962890625,Mouth open
1713973528.81256,0.646728515625,0.76806640625,-0.188232421875,Mouth open
1713973528.852011,0.644775390625,0.771484375,-0.185546875,Mouth open
1713973528.891305,0.646484375,0.769775390625,-0.1845703125,Mouth open
1713973528.932479,0.642822265625,0.77294921875,-0.181640625,Mouth open
1713973528.975052,0.648681640625,0.773193359375,-0.193359375,Mouth open
1713973529.010316,0.649169921875,0.764892578125,-0.201416015625,Mouth open
1713973529.05644,0.648681640625,0.76171875,-0.204833984375,Mouth open
1713973529.090766,0.6494140625,0.75830078125,-0.205810546875,Mouth open
1713973529.136009,0.6484375,0.75244140625,-0.205810546875,Mouth open
1713973529.171239,0.647705078125,0.746337890625,-0.21044921875,Mouth open
1713973529.220284,0.647216796875,0.74755859375,-0.208984375,Mouth open
1713973529.259582,0.6494140625,0.74755859375,-0.205078125,Mouth open
1713973529.30068,0.64892578125,0.750732421875,-0.203369140625,Mouth open
1713973529.339996,0.652099609375,0.757568359375,-0.1962890625,Mouth open
1713973529.381219,0.646240234375,0.76025390625,-0.18798828125,Mouth open
1713973529.420821,0.6533203125,0.765869140625,-0.181396484375,Mouth open
1713973529.453407,0.64892578125,0.76953125,-0.1767578125,Mouth open
1713973529.500269,0.6416015625,0.76953125,-0.1796875,Mouth open
1713973529.541128,0.63818359375,0.767333984375,-0.185546875,Mouth open
1713973529.580256,0.645751953125,0.76953125,-0.1875,Mouth open
1713973529.623076,0.642578125,0.770751953125,-0.18701171875,Mouth open
1713973529.653553,0.640869140625,0.7685546875,-0.191162109375,Mouth open
1713973529.704503,0.644287109375,0.76806640625,-0.192626953125,Mouth open
1713973529.731932,0.64453125,0.76513671875,-0.190673828125,Mouth open
1713973529.783728,0.644775390625,0.76025390625,-0.19140625,Mouth open
1713973529.814563,0.6455078125,0.760498046875,-0.192626953125,Mouth open
1713973529.858238,0.6484375,0.7607421875,-0.1923828125,Mouth open
1713973529.892222,0.6484375,0.7587890625,-0.190673828125,Mouth open
1713973529.933918,0.64990234375,0.76123046875,-0.18994140625,Mouth open
1713973529.97825,0.646240234375,0.760986328125,-0.188232421875,Mouth open
1713973530.01249,0.64697265625,0.763916015625,-0.1865234375,Mouth open
1713973530.054531,0.6484375,0.76318359375,-0.188720703125,Mouth open
1713973530.092479,0.641845703125,0.763916015625,-0.188720703125,Mouth open
1713973530.135322,0.644775390625,0.765625,-0.191162109375,Mouth open
1713973530.173528,0.642822265625,0.7626953125,-0.1884765625,Mouth open
1713973530.213802,0.644775390625,0.76318359375,-0.190673828125,Mouth open
1713973530.253291,0.64111328125,0.765869140625,-0.187255859375,Mouth open
1713973530.29748,0.644287109375,0.769287109375,-0.189453125,Mouth open
1713973530.332322,0.641357421875,0.76513671875,-0.19189453125,Mouth open
1713973530.373841,0.643798828125,0.768310546875,-0.1904296875,Mouth open
1713973530.411622,0.638671875,0.76708984375,-0.18798828125,Mouth open
1713973530.452106,0.646728515625,0.767822265625,-0.19189453125,Mouth open
1713973530.492878,0.645751953125,0.76611328125,-0.189208984375,Mouth open
1713973530.532566,0.646728515625,0.763916015625,-0.184326171875,Mouth open
1713973530.573247,0.646484375,0.759521484375,-0.1904296875,Mouth open
1713973530.615868,0.64794921875,0.7607421875,-0.186279296875,Mouth open
1713973530.656279,0.649169921875,0.764404296875,-0.188720703125,Mouth open
1713973530.694445,0.6474609375,0.76318359375,-0.189453125,Mouth open
1713973530.734234,0.6474609375,0.764404296875,-0.18994140625,Mouth open
1713973530.776306,0.644775390625,0.763671875,-0.190185546875,Mouth open
1713973530.825362,0.648193359375,0.762939453125,-0.19189453125,Mouth open
1713973530.854298,0.642578125,0.763427734375,-0.187744140625,Mouth open
1713973530.903452,0.644775390625,0.76806640625,-0.188232421875,Mouth open
1713973530.933205,0.6455078125,0.76611328125,-0.188232421875,Mouth open
1713973530.981351,0.64306640625,0.76806640625,-0.188720703125,Mouth open
1713973531.018384,0.64306640625,0.768310546875,-0.185791015625,Mouth open
1713973531.055093,0.6484375,0.76708984375,-0.188720703125,Mouth open
1713973531.096406,0.644775390625,0.766357421875,-0.187255859375,Mouth open
1713973531.136111,0.640625,0.76708984375,-0.18310546875,Mouth open
1713973531.174693,0.645263671875,0.769775390625,-0.18603515625,Mouth open
1713973531.215042,0.640380859375,0.76904296875,-0.18603515625,Mouth open
1713973531.25335,0.64306640625,0.768310546875,-0.18994140625,Mouth open
1713973531.2938,0.6416015625,0.76708984375,-0.188720703125,Mouth open
1713973531.335954,0.645751953125,0.765869140625,-0.188720703125,Mouth open
1713973531.377362,0.642822265625,0.76513671875,-0.188720703125,Mouth open
1713973531.413456,0.6435546875,0.76904296875,-0.194091796875,Mouth open
1713973531.454995,0.640625,0.76904296875,-0.1884765625,Mouth open
1713973531.494349,0.64306640625,0.76611328125,-0.1904296875,Mouth open
1713973531.533506,0.644287109375,0.765869140625,-0.188720703125,Mouth open
1713973531.573564,0.643798828125,0.762451171875,-0.190673828125,Mouth open
1713973531.621297,0.64404296875,0.764892578125,-0.187255859375,Mouth open
1713973531.651772,0.645263671875,0.76806640625,-0.18310546875,Mouth open
1713973531.691213,0.64697265625,0.770263671875,-0.185302734375,Mouth open
1713973531.732055,0.64501953125,0.764892578125,-0.18408203125,Mouth open
1713973531.77165,0.644775390625,0.76904296875,-0.179931640625,Mouth open
1713973531.812425,0.644775390625,0.76806640625,-0.18408203125,Mouth open
1713973531.852584,0.64404296875,0.766845703125,-0.181884765625,Mouth open
1713973531.893487,0.64306640625,0.765380859375,-0.185546875,Mouth open
1713973531.936128,0.642333984375,0.77001953125,-0.18505859375,Mouth open
1713973531.973785,0.647216796875,0.76513671875,-0.1865234375,Mouth open
1713973532.01427,0.64599609375,0.766357421875,-0.18994140625,Mouth open
1713973532.053771,0.650390625,0.765625,-0.18408203125,Mouth open
1713973532.094931,0.64794921875,0.7626953125,-0.1865234375,Mouth open
1713973532.134976,0.64453125,0.7607421875,-0.1884765625,Mouth open
1713973532.174155,0.6455078125,0.760986328125,-0.186279296875,Mouth open
1713973532.212447,0.64208984375,0.763427734375,-0.184326171875,Mouth open
1713973532.253398,0.642333984375,0.765869140625,-0.187744140625,Mouth open
1713973532.293564,0.638427734375,0.770751953125,-0.18603515625,Mouth open
1713973532.332533,0.642822265625,0.76708984375,-0.18603515625,Mouth open
1713973532.372467,0.640625,0.767822265625,-0.1845703125,Mouth open
1713973532.415864,0.6416015625,0.768798828125,-0.18603515625,Mouth open
1713973532.456792,0.640380859375,0.7666015625,-0.184814453125,Mouth open
1713973532.493275,0.642578125,0.767578125,-0.185546875,Mouth open
1713973532.533487,0.643798828125,0.76611328125,-0.187744140625,Mouth open
1713973532.574164,0.64697265625,0.763427734375,-0.1875,Mouth open
1713973532.623319,0.646240234375,0.765380859375,-0.183837890625,Mouth open
1713973532.654847,0.64892578125,0.76513671875,-0.187255859375,Mouth open
1713973532.698172,0.643798828125,0.761962890625,-0.189453125,Mouth open
1713973532.734173,0.64599609375,0.762939453125,-0.189697265625,Mouth open
1713973532.775037,0.645263671875,0.762451171875,-0.189697265625,Mouth open
1713973532.820101,0.642333984375,0.761962890625,-0.1904296875,Mouth open
1713973532.859908,0.64208984375,0.764892578125,-0.1904296875,Mouth open
1713973532.898561,0.64111328125,0.765625,-0.18896484375,Mouth open
1713973532.941398,0.645263671875,0.76953125,-0.190185546875,Mouth open
1713973532.971573,0.64501953125,0.76416015625,-0.18896484375,Mouth open
1713973533.024346,0.645751953125,0.765625,-0.184326171875,Mouth open
1713973533.052855,0.641845703125,0.766845703125,-0.18603515625,Mouth open
1713973533.095232,0.64208984375,0.768798828125,-0.186279296875,Mouth open
1713973533.140227,0.64599609375,0.763671875,-0.188232421875,Mouth open
1713973533.174157,0.641845703125,0.76416015625,-0.189697265625,Mouth open
1713973533.219938,0.644775390625,0.76416015625,-0.189697265625,Mouth open
1713973533.259455,0.64453125,0.762939453125,-0.19140625,Mouth open
1713973533.297413,0.6455078125,0.761474609375,-0.19482421875,Mouth open
1713973533.336665,0.642333984375,0.76123046875,-0.19482421875,Mouth open
1713973533.375571,0.6455078125,0.76220703125,-0.192626953125,Mouth open
1713973533.415209,0.6455078125,0.76220703125,-0.193115234375,Mouth open
1713973533.455325,0.644287109375,0.761962890625,-0.194580078125,Mouth open
1713973533.494523,0.644287109375,0.762939453125,-0.193115234375,Mouth open
1713973533.533166,0.6416015625,0.765869140625,-0.1884765625,Mouth open
1713973533.57359,0.64697265625,0.7646484375,-0.192138671875,Mouth open
1713973533.613421,0.641357421875,0.763427734375,-0.186279296875,Mouth open
1713973533.654953,0.6494140625,0.76708984375,-0.188232421875,Mouth open
1713973533.694186,0.645263671875,0.766357421875,-0.185546875,Mouth open
1713973533.733404,0.64599609375,0.766845703125,-0.18896484375,Mouth open
1713973533.77441,0.6435546875,0.765625,-0.189697265625,Mouth open
1713973533.816636,0.641357421875,0.766357421875,-0.1943359375,Mouth open
1713973533.854413,0.642578125,0.766845703125,-0.193603515625,Mouth open
1713973533.895288,0.643798828125,0.763916015625,-0.19140625,Mouth open
1713973533.942051,0.646240234375,0.763671875,-0.196533203125,Mouth open
1713973533.975235,0.644287109375,0.76171875,-0.195068359375,Mouth open
1713973534.019945,0.6455078125,0.762939453125,-0.19384765625,Mouth open
1713973534.05606,0.64697265625,0.76171875,-0.193115234375,Mouth open
1713973534.096528,0.644287109375,0.76025390625,-0.19140625,Mouth open
1713973534.135197,0.643310546875,0.764404296875,-0.19140625,Mouth open
1713973534.174819,0.648681640625,0.765869140625,-0.193115234375,Mouth open
1713973534.215152,0.646240234375,0.76318359375,-0.189453125,Mouth open
1713973534.253598,0.643798828125,0.765380859375,-0.185302734375,Mouth open
1713973534.292707,0.64453125,0.765869140625,-0.1884765625,Mouth open
1713973534.334304,0.6455078125,0.7626953125,-0.1884765625,Mouth open
1713973534.373988,0.646240234375,0.7666015625,-0.190673828125,Mouth open
1713973534.414243,0.64453125,0.76513671875,-0.19189453125,Mouth open
1713973534.454277,0.647216796875,0.767333984375,-0.194091796875,Mouth open
1713973534.498602,0.6435546875,0.759765625,-0.192626953125,Mouth open
1713973534.53505,0.646240234375,0.761474609375,-0.19384765625,Mouth open
1713973534.57644,0.64501953125,0.763916015625,-0.19091796875,Mouth open
1713973534.614971,0.645751953125,0.76513671875,-0.19091796875,Mouth open
1713973534.662096,0.644775390625,0.766845703125,-0.191162109375,Mouth open
1713973534.698407,0.645263671875,0.765869140625,-0.19189453125,Mouth open
1713973534.740737,0.642822265625,0.763671875,-0.188720703125,Mouth open
1713973534.775865,0.642578125,0.764892578125,-0.18701171875,Mouth open
1713973534.818337,0.649169921875,0.766845703125,-0.188232421875,Mouth open
1713973534.853306,0.645751953125,0.766357421875,-0.185791015625,Mouth open
1713973534.901834,0.645751953125,0.763427734375,-0.18359375,Mouth open
1713973534.940377,0.64599609375,0.76611328125,-0.18896484375,Mouth open
1713973534.975818,0.646240234375,0.763916015625,-0.187255859375,Mouth open
1713973535.017548,0.6435546875,0.766357421875,-0.1875,Mouth open
1713973535.057064,0.643798828125,0.767578125,-0.1904296875,Mouth open
1713973535.095332,0.647705078125,0.765380859375,-0.19091796875,Mouth open
1713973535.135912,0.644287109375,0.7646484375,-0.19091796875,Mouth open
1713973535.175564,0.6494140625,0.760986328125,-0.195556640625,Mouth open
1713973535.217404,0.642578125,0.76171875,-0.1904296875,Mouth open
1713973535.25651,0.647705078125,0.764404296875,-0.190185546875,Mouth open
1713973535.296101,0.647705078125,0.764404296875,-0.19091796875,Mouth open
1713973535.336222,0.643310546875,0.76171875,-0.190185546875,Mouth open
1713973535.376099,0.646728515625,0.766357421875,-0.1884765625,Mouth open
1713973535.417427,0.641845703125,0.76611328125,-0.18798828125,Mouth open
1713973535.457533,0.644775390625,0.763671875,-0.19091796875,Mouth open
1713973535.494329,0.644775390625,0.76171875,-0.186767578125,Mouth open
1713973535.542009,0.6474609375,0.76318359375,-0.189453125,Mouth open
1713973535.575174,0.645751953125,0.76220703125,-0.187255859375,Mouth open
1713973535.616859,0.64453125,0.763671875,-0.191650390625,Mouth open
1713973535.655464,0.644775390625,0.761962890625,-0.191650390625,Mouth open
1713973535.695192,0.64453125,0.760009765625,-0.190185546875,Mouth open
1713973535.735458,0.644287109375,0.76416015625,-0.192626953125,Mouth open
1713973535.776387,0.646484375,0.762939453125,-0.19384765625,Mouth open
1713973535.817232,0.646728515625,0.76416015625,-0.190673828125,Mouth open
1713973535.857389,0.64453125,0.76318359375,-0.192626953125,Mouth open
1713973535.897154,0.64794921875,0.764892578125,-0.194091796875,Mouth open
1713973535.936227,0.644775390625,0.759521484375,-0.19287109375,Mouth open
1713973535.981528,0.644287109375,0.7587890625,-0.1943359375,Mouth open
1713973536.018229,0.645263671875,0.763427734375,-0.1884765625,Mouth open
1713973536.058321,0.64892578125,0.767333984375,-0.19140625,Mouth open
1713973536.098155,0.647216796875,0.76123046875,-0.1904296875,Mouth open
1713973536.150076,0.64892578125,0.764892578125,-0.188720703125,Mouth open
1713973536.17441,0.643798828125,0.764404296875,-0.189697265625,Mouth open
1713973536.221823,0.644287109375,0.76416015625,-0.188720703125,Mouth open
1713973536.256475,0.646728515625,0.764404296875,-0.19287109375,Mouth open
1713973536.311392,0.64404296875,0.762939453125,-0.194580078125,Mouth open
1713973536.336507,0.646728515625,0.76318359375,-0.19287109375,Mouth open
1713973536.390457,0.64306640625,0.764892578125,-0.19287109375,Mouth open
1713973536.418496,0.645263671875,0.764404296875,-0.193603515625,Mouth open
1713973536.461771,0.644287109375,0.760986328125,-0.19140625,Mouth open
1713973536.497298,0.646728515625,0.763427734375,-0.192626953125,Mouth open
1713973536.545906,0.645751953125,0.762451171875,-0.1904296875,Mouth open
1713973536.58403,0.640869140625,0.762939453125,-0.188720703125,Mouth open
1713973536.623136,0.64501953125,0.764892578125,-0.189697265625,Mouth open
1713973536.661512,0.64453125,0.76416015625,-0.18701171875,Mouth open
1713973536.70057,0.648193359375,0.768798828125,-0.190673828125,Mouth open
1713973536.740341,0.6435546875,0.761962890625,-0.187255859375,Mouth open
1713973536.779086,0.6435546875,0.765869140625,-0.189208984375,Mouth open
1713973536.816783,0.644287109375,0.76513671875,-0.18798828125,Mouth open
1713973536.856522,0.641357421875,0.767333984375,-0.190185546875,Mouth open
1713973536.896346,0.640869140625,0.7646484375,-0.192138671875,Mouth open
1713973536.939463,0.640869140625,0.76708984375,-0.1923828125,Mouth open
1713973536.981087,0.642578125,0.768798828125,-0.1953125,Mouth open
1713973537.022023,0.640625,0.76416015625,-0.19482421875,Mouth open
1713973537.058893,0.641357421875,0.765869140625,-0.195556640625,Mouth open
1713973537.098572,0.641845703125,0.764892578125,-0.193359375,Mouth open
1713973537.138276,0.64306640625,0.766357421875,-0.19580078125,Mouth open
1713973537.180633,0.642822265625,0.76171875,-0.19287109375,Mouth open
1713973537.218222,0.642822265625,0.7646484375,-0.19189453125,Mouth open
1713973537.259092,0.639404296875,0.765625,-0.193603515625,Mouth open
1713973537.299254,0.638916015625,0.767333984375,-0.1923828125,Mouth open
1713973537.339047,0.6435546875,0.770263671875,-0.192626953125,Mouth open
1713973537.37854,0.64208984375,0.763916015625,-0.191650390625,Mouth open
1713973537.418064,0.64306640625,0.764404296875,-0.189208984375,Mouth open
1713973537.457571,0.644775390625,0.765625,-0.193359375,Mouth open
1713973537.495465,0.6376953125,0.76416015625,-0.190673828125,Mouth open
1713973537.536946,0.63818359375,0.763427734375,-0.19482421875,Mouth open
1713973537.578331,0.640869140625,0.767578125,-0.194091796875,Mouth open
1713973537.618022,0.642578125,0.76806640625,-0.196044921875,Mouth open
1713973537.657105,0.637939453125,0.765380859375,-0.193115234375,Mouth open
1713973537.697742,0.64453125,0.7646484375,-0.197509765625,Mouth open
1713973537.738429,0.64111328125,0.76318359375,-0.19482421875,Mouth open
1713973537.777168,0.642333984375,0.765869140625,-0.19287109375,Mouth open
1713973537.818532,0.64453125,0.767333984375,-0.19384765625,Mouth open
1713973537.859507,0.640380859375,0.765380859375,-0.190185546875,Mouth open
1713973537.898051,0.640625,0.76806640625,-0.190673828125,Mouth open
1713973537.939033,0.6416015625,0.768310546875,-0.194091796875,Mouth open
1713973537.979679,0.64404296875,0.76953125,-0.194091796875,Mouth open
1713973538.018322,0.642822265625,0.765625,-0.19482421875,Mouth open
1713973538.058449,0.64208984375,0.76708984375,-0.191650390625,Mouth open
1713973538.098859,0.643798828125,0.764404296875,-0.1943359375,Mouth open
1713973538.137212,0.6416015625,0.7646484375,-0.194580078125,Mouth open
1713973538.178529,0.640869140625,0.766845703125,-0.19482421875,Mouth open
1713973538.230131,0.641845703125,0.76513671875,-0.193359375,Mouth open
1713973538.258212,0.6474609375,0.768310546875,-0.193359375,Mouth open
1713973538.312692,0.641845703125,0.765380859375,-0.18798828125,Mouth open
1713973538.339093,0.641357421875,0.765869140625,-0.1953125,Mouth open
1713973538.381379,0.642333984375,0.767822265625,-0.1904296875,Mouth open
1713973538.419928,0.645751953125,0.76953125,-0.193359375,Mouth open
1713973538.462476,0.642578125,0.766357421875,-0.191650390625,Mouth open
1713973538.500657,0.64404296875,0.761962890625,-0.192138671875,Mouth open
1713973538.543213,0.640380859375,0.767333984375,-0.193359375,Mouth open
1713973538.581846,0.64453125,0.76611328125,-0.19189453125,Mouth open
1713973538.623175,0.642578125,0.76708984375,-0.19482421875,Mouth open
1713973538.661715,0.64599609375,0.765380859375,-0.191650390625,Mouth open
1713973538.702633,0.642333984375,0.763916015625,-0.1923828125,Mouth open
1713973538.740925,0.645751953125,0.76513671875,-0.19287109375,Mouth open
1713973538.783213,0.639404296875,0.763916015625,-0.19287109375,Mouth open
1713973538.820778,0.641845703125,0.76513671875,-0.19921875,Mouth open
1713973538.862063,0.640869140625,0.76513671875,-0.1962890625,Mouth open
1713973538.900388,0.643310546875,0.76416015625,-0.19384765625,Mouth open
1713973538.942429,0.6435546875,0.7646484375,-0.19482421875,Mouth open
1713973538.98116,0.645751953125,0.764892578125,-0.197021484375,Mouth open
1713973539.022339,0.642822265625,0.763671875,-0.194580078125,Mouth open
1713973539.062107,0.645263671875,0.76123046875,-0.196044921875,Mouth open
1713973539.101178,0.641357421875,0.7626953125,-0.195556640625,Mouth open
1713973539.140157,0.64013671875,0.76171875,-0.1943359375,Mouth open
1713973539.195773,0.64306640625,0.764404296875,-0.19482421875,Mouth open
1713973539.221881,0.64404296875,0.764404296875,-0.194091796875,Mouth open
1713973539.261213,0.647705078125,0.767333984375,-0.193359375,Mouth open
1713973539.30498,0.64453125,0.765380859375,-0.192626953125,Mouth open
1713973539.340688,0.643798828125,0.76318359375,-0.1904296875,Mouth open
1713973539.380831,0.646240234375,0.7666015625,-0.194091796875,Mouth open
1713973539.419978,0.641845703125,0.765380859375,-0.19384765625,Mouth open
1713973539.462497,0.645263671875,0.767822265625,-0.200439453125,Mouth open
1713973539.499959,0.64208984375,0.763427734375,-0.196533203125,Mouth open
1713973539.540778,0.645263671875,0.763671875,-0.197021484375,Mouth open
1713973539.579861,0.643310546875,0.758544921875,-0.192626953125,Mouth open
1713973539.620038,0.646728515625,0.764404296875,-0.1982421875,Mouth open
1713973539.659997,0.644775390625,0.75927734375,-0.196533203125,Mouth open
1713973539.701056,0.646484375,0.763671875,-0.1953125,Mouth open
1713973539.741302,0.64599609375,0.76318359375,-0.193115234375,Mouth open
1713973539.781029,0.644775390625,0.762939453125,-0.19384765625,Mouth open
1713973539.822069,0.645263671875,0.763671875,-0.193603515625,Mouth open
1713973539.864275,0.641845703125,0.767822265625,-0.19189453125,Mouth open
1713973539.901452,0.64697265625,0.7685546875,-0.19384765625,Mouth open
1713973539.941991,0.643310546875,0.7607421875,-0.19287109375,Mouth open
1713973539.981571,0.643798828125,0.76416015625,-0.18994140625,Mouth open
1713973540.02012,0.64404296875,0.763671875,-0.19287109375,Mouth open
1713973540.06003,0.641845703125,0.767822265625,-0.192626953125,Mouth open
1713973540.099997,0.63818359375,0.766357421875,-0.199462890625,Mouth open
1713973540.140207,0.6416015625,0.765380859375,-0.198486328125,Mouth open
1713973540.179241,0.64306640625,0.76611328125,-0.197509765625,Mouth open
1713973540.219138,0.643310546875,0.76513671875,-0.196533203125,Mouth open
1713973540.263225,0.64501953125,0.763916015625,-0.198486328125,Mouth open
1713973540.303157,0.640625,0.763671875,-0.193359375,Mouth open
1713973540.34182,0.644287109375,0.7646484375,-0.1962890625,Mouth open
1713973540.38791,0.64111328125,0.765625,-0.19384765625,Mouth open
1713973540.420878,0.643310546875,0.7626953125,-0.194580078125,Mouth open
1713973540.471786,0.6435546875,0.765625,-0.195068359375,Mouth open
1713973540.507502,0.642822265625,0.766357421875,-0.192138671875,Mouth open
1713973540.541536,0.6474609375,0.771484375,-0.191162109375,Mouth open
1713973540.589235,0.6435546875,0.76708984375,-0.192138671875,Mouth open
1713973540.622446,0.640380859375,0.766845703125,-0.18896484375,Mouth open
1713973540.666785,0.642822265625,0.76953125,-0.193359375,Mouth open
1713973540.701677,0.64208984375,0.768310546875,-0.193603515625,Mouth open
1713973540.739477,0.640869140625,0.76611328125,-0.194580078125,Mouth open
1713973540.779128,0.64013671875,0.766845703125,-0.197021484375,Mouth open
1713973540.820662,0.644775390625,0.76611328125,-0.19482421875,Mouth open
1713973540.862326,0.64013671875,0.765869140625,-0.193603515625,Mouth open
1713973540.907031,0.64306640625,0.765869140625,-0.19921875,Mouth open
1713973540.941781,0.640625,0.765869140625,-0.1923828125,Mouth open
1713973540.984975,0.6435546875,0.764892578125,-0.196044921875,Mouth open
1713973541.022728,0.64306640625,0.765380859375,-0.1953125,Mouth closed
1713973541.062476,0.6416015625,0.765625,-0.19580078125,Mouth closed
1713973541.103785,0.638671875,0.76806640625,-0.1953125,Mouth closed
1713973541.143636,0.645751953125,0.767333984375,-0.193359375,Mouth closed
1713973541.182017,0.640869140625,0.76708984375,-0.190185546875,Mouth closed
1713973541.223173,0.64453125,0.766357421875,-0.19189453125,Mouth closed
1713973541.261966,0.6396484375,0.76708984375,-0.18994140625,Mouth closed
1713973541.3011,0.644775390625,0.766357421875,-0.192626953125,Mouth closed
1713973541.343285,0.639404296875,0.764404296875,-0.196044921875,Mouth closed
1713973541.380122,0.639404296875,0.76611328125,-0.1962890625,Mouth closed
1713973541.421679,0.6376953125,0.767578125,-0.197021484375,Mouth closed
1713973541.460779,0.6376953125,0.765869140625,-0.195556640625,Mouth closed
1713973541.502089,0.6416015625,0.765869140625,-0.195068359375,Mouth closed
1713973541.54006,0.642333984375,0.76708984375,-0.19287109375,Mouth closed
1713973541.585394,0.643798828125,0.76904296875,-0.19384765625,Mouth closed
1713973541.624305,0.6416015625,0.767333984375,-0.19140625,Mouth closed
1713973541.661893,0.64013671875,0.764892578125,-0.192138671875,Mouth closed
1713973541.703217,0.64208984375,0.767822265625,-0.192626953125,Mouth closed
1713973541.741552,0.642333984375,0.766845703125,-0.194580078125,Mouth closed
1713973541.787978,0.64111328125,0.767822265625,-0.1923828125,Mouth closed
1713973541.822895,0.639892578125,0.77001953125,-0.189208984375,Mouth closed
1713973541.864356,0.64697265625,0.76806640625,-0.192626953125,Mouth closed
1713973541.911112,0.641357421875,0.76708984375,-0.190185546875,Mouth closed
1713973541.948787,0.64404296875,0.76806640625,-0.190673828125,Mouth closed
1713973541.988195,0.641845703125,0.76904296875,-0.193359375,Mouth closed
1713973542.029907,0.639404296875,0.767333984375,-0.19091796875,Mouth closed
1713973542.059976,0.641845703125,0.76611328125,-0.19482421875,Mouth closed
1713973542.105722,0.639404296875,0.769775390625,-0.193115234375,Mouth closed
1713973542.140298,0.641845703125,0.767578125,-0.19384765625,Mouth closed
1713973542.188487,0.6416015625,0.76513671875,-0.189208984375,Mouth closed
1713973542.227976,0.6435546875,0.769287109375,-0.18896484375,Mouth closed
1713973542.261857,0.641357421875,0.766845703125,-0.19482421875,Mouth closed
1713973542.304469,0.644287109375,0.76953125,-0.19091796875,Mouth closed
1713973542.341804,0.64453125,0.763427734375,-0.188720703125,Mouth closed
1713973542.38138,0.63916015625,0.764404296875,-0.193603515625,Mouth closed
1713973542.422595,0.63916015625,0.768310546875,-0.1923828125,Mouth closed
1713973542.462128,0.641357421875,0.770751953125,-0.189453125,Mouth closed
1713973542.502045,0.643310546875,0.76904296875,-0.1865234375,Mouth closed
1713973542.542927,0.6376953125,0.770751953125,-0.171630859375,Mouth closed
1713973542.582481,0.63525390625,0.764892578125,-0.19287109375,Mouth closed
1713973542.620165,0.6484375,0.772216796875,-0.191162109375,Mouth closed
1713973542.659028,0.63720703125,0.76904296875,-0.18359375,Mouth closed
1713973542.703116,0.63818359375,0.768310546875,-0.1884765625,Mouth closed
1713973542.74309,0.636962890625,0.769775390625,-0.18798828125,Mouth closed
1713973542.780895,0.640869140625,0.768310546875,-0.190185546875,Mouth closed
1713973542.821433,0.637939453125,0.765869140625,-0.18505859375,Mouth closed
1713973542.861655,0.642822265625,0.7724609375,-0.185546875,Mouth closed
1713973542.905841,0.64111328125,0.7724609375,-0.18359375,Mouth closed
1713973542.945473,0.64208984375,0.769775390625,-0.183349609375,Mouth closed
1713973542.984237,0.640869140625,0.77001953125,-0.18603515625,Mouth closed
1713973543.022889,0.642333984375,0.76806640625,-0.187744140625,Mouth closed
1713973543.063418,0.6396484375,0.768310546875,-0.187744140625,Mouth closed
1713973543.109831,0.639892578125,0.771240234375,-0.1826171875,Mouth closed
1713973543.142978,0.644287109375,0.773681640625,-0.187255859375,Mouth closed
1713973543.184172,0.640625,0.77099609375,-0.183837890625,Mouth closed
1713973543.2293,0.642822265625,0.7685546875,-0.179931640625,Mouth closed
1713973543.263931,0.640625,0.77099609375,-0.184814453125,Mouth closed
1713973543.305697,0.63720703125,0.770263671875,-0.181640625,Mouth closed
1713973543.340903,0.638427734375,0.77197265625,-0.185791015625,Mouth closed
1713973543.382176,0.636474609375,0.769775390625,-0.18408203125,Mouth closed
1713973543.423588,0.6396484375,0.772705078125,-0.1865234375,Mouth closed
1713973543.46808,0.637451171875,0.7734375,-0.184814453125,Mouth closed
1713973543.508151,0.63818359375,0.776123046875,-0.1875,Mouth closed
1713973543.546786,0.63818359375,0.77392578125,-0.1845703125,Mouth closed
1713973543.585555,0.635986328125,0.76953125,-0.183349609375,Mouth closed
1713973543.622513,0.639404296875,0.769287109375,-0.1845703125,Mouth closed
1713973543.66447,0.638427734375,0.767578125,-0.18115234375,Mouth closed
1713973543.703004,0.637939453125,0.770263671875,-0.18408203125,Mouth closed
1713973543.742952,0.63720703125,0.77294921875,-0.18310546875,Mouth closed
1713973543.785716,0.640380859375,0.774658203125,-0.182373046875,Mouth closed
1713973543.825502,0.636962890625,0.770751953125,-0.185546875,Mouth closed
1713973543.863117,0.64111328125,0.77197265625,-0.18408203125,Mouth closed
1713973543.904423,0.637939453125,0.77490234375,-0.182373046875,Mouth closed
1713973543.941408,0.637939453125,0.770751953125,-0.182861328125,Mouth closed
1713973543.982231,0.639404296875,0.76904296875,-0.18798828125,Mouth closed
1713973544.02284,0.635986328125,0.7734375,-0.188232421875,Mouth closed
1713973544.063102,0.63916015625,0.77099609375,-0.187744140625,Mouth closed
1713973544.1029,0.63818359375,0.7705078125,-0.18701171875,Mouth closed
1713973544.143235,0.6396484375,0.771728515625,-0.18701171875,Mouth closed
1713973544.18694,0.638427734375,0.771484375,-0.18603515625,Mouth closed
1713973544.224821,0.637451171875,0.77197265625,-0.18701171875,Mouth closed
1713973544.263941,0.636962890625,0.769287109375,-0.18701171875,Mouth closed
1713973544.304644,0.63525390625,0.77197265625,-0.18603515625,Mouth closed
1713973544.346912,0.637939453125,0.7734375,-0.1875,Mouth closed
1713973544.393322,0.64013671875,0.775146484375,-0.188232421875,Mouth closed
1713973544.424129,0.639892578125,0.769287109375,-0.1875,Mouth closed
1713973544.471106,0.635986328125,0.7666015625,-0.18310546875,Mouth closed
1713973544.509071,0.642578125,0.7685546875,-0.186279296875,Mouth closed
1713973544.547582,0.638427734375,0.769287109375,-0.184814453125,Mouth closed
1713973544.585566,0.6376953125,0.77001953125,-0.18701171875,Mouth closed
1713973544.624198,0.63623046875,0.7685546875,-0.1875,Mouth closed
1713973544.666814,0.643798828125,0.7724609375,-0.18603515625,Mouth closed
1713973544.711306,0.63720703125,0.768798828125,-0.185546875,Mouth closed
1713973544.746473,0.64111328125,0.772216796875,-0.1865234375,Mouth closed
1713973544.789358,0.640625,0.76806640625,-0.18505859375,Mouth closed
1713973544.826798,0.64208984375,0.771240234375,-0.1865234375,Mouth closed
1713973544.865849,0.638427734375,0.76708984375,-0.186279296875,Mouth closed
1713973544.907125,0.637451171875,0.766357421875,-0.1845703125,Mouth closed
1713973544.944978,0.640625,0.773681640625,-0.1884765625,Mouth closed
1713973544.985939,0.6357421875,0.772705078125,-0.185791015625,Mouth closed
1713973545.026014,0.64111328125,0.76953125,-0.1865234375,Mouth closed
1713973545.066589,0.638916015625,0.769775390625,-0.185302734375,Mouth closed
1713973545.107091,0.642578125,0.771240234375,-0.184326171875,Mouth closed
1713973545.151584,0.636962890625,0.767822265625,-0.184814453125,Mouth closed
1713973545.186391,0.639404296875,0.766357421875,-0.185546875,Mouth closed
1713973545.225994,0.638916015625,0.7666015625,-0.18994140625,Mouth closed
1713973545.264204,0.640380859375,0.7666015625,-0.18798828125,Mouth closed
1713973545.306539,0.638427734375,0.7685546875,-0.1865234375,Mouth closed
1713973545.345104,0.641845703125,0.771240234375,-0.18896484375,Mouth closed
1713973545.385217,0.63720703125,0.77001953125,-0.18798828125,Mouth closed
1713973545.430373,0.6416015625,0.76953125,-0.188232421875,Mouth closed
1713973545.466848,0.639404296875,0.7724609375,-0.18896484375,Mouth closed
1713973545.506926,0.63916015625,0.76953125,-0.1904296875,Mouth closed
1713973545.547194,0.63916015625,0.769287109375,-0.1904296875,Mouth closed
1713973545.5906,0.6376953125,0.7705078125,-0.189208984375,Mouth closed
1713973545.625918,0.644287109375,0.771728515625,-0.18798828125,Mouth closed
1713973545.666986,0.642822265625,0.76708984375,-0.189453125,Mouth closed
1713973545.712195,0.642333984375,0.770263671875,-0.1826171875,Mouth closed
1713973545.751714,0.64013671875,0.76953125,-0.1845703125,Mouth closed
1713973545.78932,0.640625,0.76708984375,-0.187255859375,Mouth closed
1713973545.827856,0.638427734375,0.767822265625,-0.1904296875,Mouth closed
1713973545.867853,0.638916015625,0.7685546875,-0.190673828125,Mouth closed
1713973545.909299,0.6416015625,0.768310546875,-0.18994140625,Mouth closed
1713973545.954468,0.642333984375,0.7685546875,-0.189453125,Mouth closed
1713973545.991675,0.643310546875,0.76904296875,-0.193359375,Mouth closed
1713973546.03127,0.63720703125,0.770751953125,-0.190185546875,Mouth closed
1713973546.068899,0.639892578125,0.768798828125,-0.187744140625,Mouth closed
1713973546.110022,0.639404296875,0.766845703125,-0.18896484375,Mouth closed
1713973546.149864,0.6376953125,0.770263671875,-0.1904296875,Mouth closed
1713973546.188904,0.639892578125,0.76953125,-0.1845703125,Mouth closed
1713973546.23025,0.643798828125,0.772705078125,-0.1875,Mouth closed
1713973546.270443,0.64111328125,0.7685546875,-0.1865234375,Mouth closed
1713973546.309709,0.638916015625,0.767333984375,-0.184326171875,Mouth closed
1713973546.349088,0.640380859375,0.770751953125,-0.18505859375,Mouth closed
1713973546.392469,0.637451171875,0.769775390625,-0.184814453125,Mouth closed
1713973546.430163,0.637939453125,0.770263671875,-0.189697265625,Mouth closed
1713973546.470522,0.6376953125,0.77294921875,-0.1904296875,Mouth closed
1713973546.508892,0.638671875,0.77392578125,-0.188720703125,Mouth closed
1713973546.558102,0.635009765625,0.770751953125,-0.18994140625,Mouth closed
1713973546.588925,0.63818359375,0.77197265625,-0.193115234375,Mouth closed
1713973546.628928,0.63818359375,0.771240234375,-0.191650390625,Mouth closed
1713973546.668176,0.638671875,0.769287109375,-0.186279296875,Mouth closed
1713973546.707945,0.640380859375,0.770263671875,-0.18798828125,Mouth closed
1713973546.750191,0.64111328125,0.7685546875,-0.187744140625,Mouth closed
1713973546.789617,0.640380859375,0.769775390625,-0.186279296875,Mouth closed
1713973546.828922,0.640380859375,0.77099609375,-0.188232421875,Mouth closed
1713973546.871607,0.640380859375,0.7763671875,-0.185546875,Mouth closed
1713973546.910905,0.637939453125,0.77099609375,-0.186279296875,Mouth closed
1713973546.950169,0.637451171875,0.770263671875,-0.181884765625,Mouth closed
1713973546.995215,0.640625,0.7724609375,-0.186767578125,Mouth closed
1713973547.03139,0.63671875,0.77001953125,-0.18408203125,Mouth closed
1713973547.072519,0.638427734375,0.767578125,-0.190185546875,Mouth closed
1713973547.112937,0.634521484375,0.770263671875,-0.187744140625,Mouth closed
1713973547.154038,0.640869140625,0.770263671875,-0.190185546875,Mouth closed
1713973547.191488,0.635009765625,0.77099609375,-0.1884765625,Mouth closed
1713973547.245903,0.634521484375,0.77099609375,-0.192138671875,Mouth closed
1713973547.270102,0.636962890625,0.772216796875,-0.191650390625,Mouth closed
1713973547.309065,0.63623046875,0.77294921875,-0.189453125,Mouth closed
1713973547.348426,0.634033203125,0.7685546875,-0.18798828125,Mouth closed
1713973547.38809,0.634521484375,0.76953125,-0.190185546875,Mouth closed
1713973547.431876,0.635498046875,0.769775390625,-0.18701171875,Mouth closed
1713973547.473028,0.638916015625,0.774658203125,-0.185546875,Mouth closed
1713973547.510794,0.634765625,0.773681640625,-0.18701171875,Mouth closed
1713973547.556988,0.635986328125,0.7744140625,-0.187255859375,Mouth closed
1713973547.589919,0.63330078125,0.77099609375,-0.18505859375,Mouth closed
1713973547.630828,0.637451171875,0.7744140625,-0.18603515625,Mouth closed
1713973547.670205,0.6328125,0.774169921875,-0.18994140625,Mouth closed
1713973547.721218,0.631591796875,0.77490234375,-0.1904296875,Mouth closed
1713973547.751234,0.63427734375,0.771728515625,-0.191162109375,Mouth closed
1713973547.795354,0.633056640625,0.772216796875,-0.193603515625,Mouth closed
1713973547.829849,0.635498046875,0.77294921875,-0.191650390625,Mouth closed
1713973547.874655,0.638671875,0.769775390625,-0.189453125,Mouth closed
1713973547.90932,0.638671875,0.77001953125,-0.189697265625,Mouth closed
1713973547.958597,0.638427734375,0.767822265625,-0.185791015625,Mouth closed
1713973547.999521,0.640869140625,0.767578125,-0.18603515625,Mouth closed
1713973548.030372,0.640625,0.768310546875,-0.184326171875,Mouth closed
1713973548.079217,0.638671875,0.77099609375,-0.182861328125,Mouth closed
1713973548.117274,0.638916015625,0.77099609375,-0.1787109375,Mouth closed
1713973548.15614,0.638427734375,0.775146484375,-0.182373046875,Mouth closed
1713973548.192854,0.647705078125,0.779541015625,-0.180908203125,Mouth closed
1713973548.236984,0.64453125,0.775146484375,-0.18408203125,Mouth closed
1713973548.280085,0.643798828125,0.773681640625,-0.1845703125,Mouth closed
1713973548.320981,0.635986328125,0.765625,-0.188720703125,Mouth closed
1713973548.360696,0.639404296875,0.7568359375,-0.1962890625,Mouth closed
1713973548.400735,0.64453125,0.763671875,-0.1875,Mouth closed
1713973548.441787,0.638916015625,0.771484375,-0.179931640625,Mouth closed
1713973548.480696,0.63818359375,0.77001953125,-0.17724609375,Mouth closed
1713973548.515537,0.63623046875,0.7724609375,-0.173095703125,Mouth closed
1713973548.555121,0.638916015625,0.7783203125,-0.1845703125,Mouth closed
1713973548.596845,0.6318359375,0.774169921875,-0.18212890625,Mouth closed
1713973548.634183,0.63623046875,0.777099609375,-0.1708984375,Mouth closed
1713973548.676083,0.641845703125,0.783935546875,-0.16796875,Mouth closed
1713973548.713669,0.63916015625,0.779296875,-0.17236328125,Mouth closed
1713973548.755514,0.636474609375,0.783447265625,-0.181640625,Mouth closed
1713973548.793218,0.619384765625,0.772705078125,-0.1767578125,Mouth closed
1713973548.835061,0.615234375,0.770263671875,-0.17578125,Mouth closed
1713973548.873032,0.621826171875,0.787109375,-0.181884765625,Mouth closed
1713973548.914049,0.637451171875,0.798583984375,-0.177490234375,Mouth closed
1713973548.9536,0.6123046875,0.78955078125,-0.16796875,Mouth closed
1713973548.992827,0.61376953125,0.777587890625,-0.179931640625,Mouth closed
1713973549.036685,0.62548828125,0.778564453125,-0.197021484375,Mouth closed
1713973549.082783,0.6298828125,0.7939453125,-0.1953125,Mouth closed
1713973549.114492,0.634033203125,0.80615234375,-0.18994140625,Mouth closed
1713973549.161682,0.6455078125,0.8134765625,-0.19970703125,Mouth closed
1713973549.191904,0.614990234375,0.771728515625,-0.199462890625,Mouth closed
1713973549.231007,0.6142578125,0.765869140625,-0.211181640625,Mouth closed
1713973549.271952,0.592041015625,0.7412109375,-0.205810546875,Mouth closed
1713973549.312349,0.59716796875,0.743896484375,-0.20947265625,Mouth closed
1713973549.352086,0.628662109375,0.79150390625,-0.200439453125,Mouth closed
1713973549.392838,0.642578125,0.808837890625,-0.205078125,Mouth closed
1713973549.432764,0.6220703125,0.8037109375,-0.21044921875,Mouth closed
1713973549.471959,0.60791015625,0.78759765625,-0.202880859375,Mouth closed
1713973549.51611,0.60986328125,0.79052734375,-0.194091796875,Mouth closed
1713973549.569445,0.60400390625,0.779296875,-0.174072265625,Mouth closed
1713973549.596494,0.597412109375,0.775390625,-0.1630859375,Mouth closed
1713973549.642404,0.64599609375,0.81396484375,-0.16015625,Mouth closed
1713973549.674709,0.66455078125,0.82470703125,-0.179931640625,Mouth closed
1713973549.726492,0.60498046875,0.788330078125,-0.177734375,Mouth closed
1713973549.762224,0.57958984375,0.77294921875,-0.196533203125,Mouth closed
1713973549.794304,0.592041015625,0.789794921875,-0.216796875,Mouth closed
1713973549.834624,0.619873046875,0.804443359375,-0.208984375,Mouth closed
1713973549.873465,0.599853515625,0.785400390625,-0.216064453125,Mouth closed
1713973549.913863,0.595458984375,0.79296875,-0.20458984375,Mouth closed
1713973549.952877,0.59423828125,0.79833984375,-0.1904296875,Mouth closed
1713973549.992948,0.595703125,0.7958984375,-0.192138671875,Mouth closed
1713973550.033314,0.59814453125,0.80419921875,-0.182861328125,Mouth closed
1713973550.076387,0.6083984375,0.810302734375,-0.187255859375,Mouth closed
1713973550.116853,0.598388671875,0.800537109375,-0.1904296875,Mouth closed
1713973550.156658,0.6025390625,0.8056640625,-0.181396484375,Mouth closed
1713973550.207155,0.61767578125,0.808349609375,-0.1748046875,Mouth closed
1713973550.234129,0.589599609375,0.777099609375,-0.16455078125,Mouth closed
1713973550.277746,0.5986328125,0.795654296875,-0.17578125,Mouth closed
1713973550.315177,0.607666015625,0.8076171875,-0.17724609375,Mouth closed
1713973550.364221,0.603271484375,0.805908203125,-0.159912109375,Mouth closed
1713973550.402152,0.6220703125,0.821533203125,-0.173095703125,Mouth closed
1713973550.441325,0.61865234375,0.809326171875,-0.169189453125,Mouth closed
1713973550.479711,0.61376953125,0.79931640625,-0.173583984375,Mouth closed
1713973550.514178,0.619140625,0.796142578125,-0.180419921875,Mouth closed
1713973550.557077,0.61328125,0.787353515625,-0.184814453125,Mouth closed
1713973550.597709,0.61083984375,0.785888671875,-0.18798828125,Mouth closed
1713973550.634163,0.614501953125,0.79296875,-0.189208984375,Mouth closed
1713973550.675002,0.620361328125,0.790283203125,-0.197998046875,Mouth closed
1713973550.715111,0.621826171875,0.79052734375,-0.1904296875,Mouth closed
1713973550.755181,0.630859375,0.78271484375,-0.1904296875,Mouth closed
1713973550.795602,0.62841796875,0.781982421875,-0.185546875,Mouth closed
1713973550.840071,0.623046875,0.7783203125,-0.1796875,Mouth closed
1713973550.876038,0.62548828125,0.780517578125,-0.178466796875,Mouth closed
1713973550.917249,0.621337890625,0.781982421875,-0.1787109375,Mouth closed
1713973550.957258,0.6162109375,0.7880859375,-0.17626953125,Mouth closed
1713973550.998268,0.62548828125,0.7890625,-0.177001953125,Mouth closed
1713973551.037139,0.62890625,0.789306640625,-0.17919921875,Mouth closed
1713973551.08169,0.626708984375,0.79296875,-0.185791015625,Mouth closed
1713973551.115743,0.627197265625,0.783447265625,-0.1845703125,Mouth closed
1713973551.157318,0.622314453125,0.7783203125,-0.188232421875,Mouth closed
1713973551.194872,0.621826171875,0.778076171875,-0.1865234375,Mouth closed
1713973551.235091,0.626708984375,0.781005859375,-0.179931640625,Mouth closed
1713973551.27473,0.62939453125,0.78515625,-0.172607421875,Mouth closed
1713973551.314765,0.621337890625,0.7890625,-0.17431640625,Mouth closed
1713973551.354726,0.624755859375,0.791015625,-0.17626953125,Mouth closed
1713973551.398638,0.626708984375,0.78759765625,-0.176513671875,Mouth closed
1713973551.437935,0.6318359375,0.789794921875,-0.171630859375,Mouth closed
1713973551.476824,0.625244140625,0.78515625,-0.169921875,Mouth closed
1713973551.521671,0.630859375,0.7861328125,-0.172607421875,Mouth closed
1713973551.55868,0.632568359375,0.780029296875,-0.165771484375,Mouth closed
1713973551.599147,0.638671875,0.780029296875,-0.161376953125,Mouth closed
1713973551.637716,0.6328125,0.773193359375,-0.157470703125,Mouth closed
1713973551.677029,0.638671875,0.774658203125,-0.1630859375,Mouth closed
1713973551.718437,0.642333984375,0.777587890625,-0.16455078125,Mouth closed
1713973551.769335,0.640869140625,0.7763671875,-0.165771484375,Mouth closed
1713973551.797199,0.63818359375,0.774658203125,-0.166259765625,Mouth closed
1713973551.845663,0.642578125,0.774658203125,-0.1611328125,Mouth closed
1713973551.875672,0.6396484375,0.7744140625,-0.159423828125,Mouth closed
1713973551.918771,0.638427734375,0.781982421875,-0.158935546875,Mouth closed
1713973551.962229,0.634521484375,0.783935546875,-0.155029296875,Mouth closed
1713973551.999864,0.6318359375,0.7822265625,-0.158935546875,Mouth closed
1713973552.040876,0.633544921875,0.783935546875,-0.161865234375,Mouth closed
1713973552.078273,0.630859375,0.78662109375,-0.1572265625,Mouth closed
1713973552.116713,0.635498046875,0.782958984375,-0.162841796875,Mouth closed
1713973552.161173,0.6318359375,0.78271484375,-0.15869140625,Mouth closed
1713973552.197938,0.6357421875,0.778564453125,-0.161865234375,Mouth closed
1713973552.23917,0.6328125,0.775634765625,-0.159912109375,Mouth closed
1713973552.278716,0.63720703125,0.781005859375,-0.16259765625,Mouth closed
1713973552.319578,0.635986328125,0.779541015625,-0.16162109375,Mouth closed
1713973552.360358,0.63623046875,0.777099609375,-0.160888671875,Mouth closed
1713973552.40081,0.629150390625,0.778076171875,-0.16455078125,Mouth closed
1713973552.43901,0.636962890625,0.779541015625,-0.1630859375,Mouth closed
1713973552.478691,0.6337890625,0.78076171875,-0.162109375,Mouth closed
1713973552.519234,0.637939453125,0.781494140625,-0.165283203125,Mouth closed
1713973552.55948,0.636474609375,0.776123046875,-0.161865234375,Mouth closed
1713973552.597751,0.63623046875,0.780517578125,-0.163818359375,Mouth closed
1713973552.641226,0.63671875,0.780517578125,-0.1640625,Mouth closed
1713973552.680334,0.63525390625,0.779541015625,-0.16796875,Mouth closed
1713973552.722414,0.633544921875,0.7783203125,-0.168701171875,Mouth closed
1713973552.758685,0.63525390625,0.779296875,-0.167724609375,Mouth closed
1713973552.802706,0.636474609375,0.7802734375,-0.175048828125,Mouth closed
1713973552.840313,0.630859375,0.77783203125,-0.17138671875,Mouth closed
1713973552.878872,0.634765625,0.778564453125,-0.169921875,Mouth closed
1713973552.924487,0.634521484375,0.779541015625,-0.171630859375,Mouth closed
1713973552.960913,0.6318359375,0.77978515625,-0.175537109375,Mouth closed
1713973553.001213,0.63427734375,0.77734375,-0.170166015625,Mouth closed
1713973553.041324,0.634521484375,0.77587890625,-0.168701171875,Mouth closed
1713973553.095388,0.633544921875,0.7783203125,-0.167724609375,Mouth closed
1713973553.122126,0.634521484375,0.780517578125,-0.171142578125,Mouth closed
1713973553.170264,0.62890625,0.777587890625,-0.167236328125,Mouth closed
1713973553.198703,0.63525390625,0.779541015625,-0.171142578125,Mouth closed
1713973553.240304,0.635009765625,0.78369140625,-0.17041015625,Mouth closed
1713973553.284458,0.634033203125,0.783935546875,-0.17333984375,Mouth closed
1713973553.326806,0.63671875,0.778564453125,-0.169921875,Mouth closed
1713973553.364845,0.63623046875,0.7734375,-0.17138671875,Mouth closed
1713973553.402644,0.635498046875,0.7734375,-0.175537109375,Mouth closed
1713973553.440214,0.635986328125,0.774658203125,-0.174072265625,Mouth closed
1713973553.480948,0.63623046875,0.77685546875,-0.174072265625,Mouth closed
1713973553.520969,0.63330078125,0.776123046875,-0.173583984375,Mouth closed
1713973553.563888,0.6318359375,0.7783203125,-0.17431640625,Mouth closed
1713973553.60188,0.63525390625,0.781005859375,-0.17626953125,Mouth closed
1713973553.64296,0.635986328125,0.78125,-0.171142578125,Mouth closed
1713973553.687274,0.634033203125,0.778076171875,-0.165771484375,Mouth closed
1713973553.724976,0.634521484375,0.770751953125,-0.163330078125,Mouth closed
1713973553.763532,0.63037109375,0.7802734375,-0.166259765625,Mouth closed
1713973553.801536,0.631103515625,0.781982421875,-0.174560546875,Mouth closed
1713973553.840898,0.630126953125,0.78515625,-0.171142578125,Mouth closed
1713973553.881741,0.633056640625,0.783447265625,-0.174072265625,Mouth closed
1713973553.91976,0.628173828125,0.7841796875,-0.1748046875,Mouth closed
1713973553.960272,0.632080078125,0.7822265625,-0.17626953125,Mouth closed
1713973554.001875,0.630126953125,0.7841796875,-0.171875,Mouth closed
1713973554.044502,0.631103515625,0.78271484375,-0.1748046875,Mouth closed
1713973554.08086,0.631591796875,0.777587890625,-0.17138671875,Mouth closed
1713973554.122761,0.630615234375,0.77783203125,-0.168701171875,Mouth closed
1713973554.16171,0.628662109375,0.783447265625,-0.174072265625,Mouth closed
1713973554.202012,0.631591796875,0.785888671875,-0.17578125,Mouth closed
1713973554.241805,0.628662109375,0.78173828125,-0.171630859375,Mouth closed
1713973554.284533,0.631103515625,0.787109375,-0.168212890625,Mouth closed
1713973554.32481,0.63037109375,0.78564453125,-0.16796875,Mouth closed
1713973554.366244,0.6279296875,0.78125,-0.169677734375,Mouth closed
1713973554.401634,0.629150390625,0.77734375,-0.173828125,Mouth closed
1713973554.443005,0.627685546875,0.77978515625,-0.173095703125,Mouth closed
1713973554.485821,0.6328125,0.782470703125,-0.174560546875,Mouth closed
1713973554.521547,0.62939453125,0.783447265625,-0.17333984375,Mouth closed
1713973554.567318,0.62890625,0.78271484375,-0.172607421875,Mouth closed
1713973554.601262,0.62939453125,0.780029296875,-0.17431640625,Mouth closed
1713973554.652185,0.63037109375,0.78076171875,-0.17578125,Mouth closed
1713973554.687957,0.629638671875,0.780517578125,-0.172119140625,Mouth closed
1713973554.755853,0.630859375,0.778076171875,-0.173095703125,Mouth closed
1713973554.762844,0.630859375,0.78125,-0.171630859375,Mouth closed
1713973554.807562,0.63232421875,0.78271484375,-0.169189453125,Mouth closed
1713973554.843414,0.628662109375,0.781494140625,-0.17138671875,Mouth closed
1713973554.884497,0.6328125,0.784912109375,-0.168212890625,Mouth closed
1713973554.925604,0.62939453125,0.782470703125,-0.16650390625,Mouth closed
1713973554.975685,0.630126953125,0.781982421875,-0.166015625,Mouth closed
1713973555.003749,0.629150390625,0.782958984375,-0.168701171875,Mouth closed
1713973555.043048,0.630615234375,0.782470703125,-0.17236328125,Mouth closed
1713973555.081619,0.629150390625,0.7822265625,-0.17138671875,Mouth closed
1713973555.12587,0.632080078125,0.781982421875,-0.170654296875,Mouth closed
1713973555.162008,0.6328125,0.781494140625,-0.1728515625,Mouth closed
1713973555.202562,0.632568359375,0.778076171875,-0.171142578125,Mouth closed
1713973555.242748,0.632568359375,0.7783203125,-0.173095703125,Mouth closed
1713973555.293866,0.633544921875,0.781494140625,-0.17236328125,Mouth closed
1713973555.321584,0.6318359375,0.782958984375,-0.170166015625,Mouth closed
1713973555.370508,0.628173828125,0.78125,-0.170166015625,Mouth closed
1713973555.408251,0.635009765625,0.78759765625,-0.167236328125,Mouth closed
1713973555.447343,0.632080078125,0.77978515625,-0.16748046875,Mouth closed
1713973555.485575,0.635986328125,0.785888671875,-0.166015625,Mouth closed
1713973555.524455,0.629638671875,0.784912109375,-0.167236328125,Mouth closed
1713973555.564572,0.629638671875,0.78271484375,-0.1650390625,Mouth closed
1713973555.603162,0.631103515625,0.779052734375,-0.1728515625,Mouth closed
1713973555.643378,0.6328125,0.776611328125,-0.170166015625,Mouth closed
1713973555.68287,0.63134765625,0.77685546875,-0.169921875,Mouth closed
1713973555.723469,0.63427734375,0.781005859375,-0.17431640625,Mouth closed
1713973555.762574,0.6337890625,0.777587890625,-0.173583984375,Mouth closed
1713973555.800081,0.630615234375,0.781494140625,-0.1728515625,Mouth closed
1713973555.839844,0.63134765625,0.779541015625,-0.17431640625,Mouth closed
1713973555.881028,0.630859375,0.781494140625,-0.1728515625,Mouth closed
1713973555.923073,0.62841796875,0.781494140625,-0.17431640625,Mouth closed
1713973555.960621,0.62939453125,0.781982421875,-0.171630859375,Mouth closed
1713973556.002285,0.630859375,0.781005859375,-0.170166015625,Mouth open
1713973556.041918,0.630615234375,0.783447265625,-0.167724609375,Mouth open
1713973556.082358,0.633544921875,0.782958984375,-0.1689453125,Mouth open
1713973556.121729,0.630615234375,0.78369140625,-0.164794921875,Mouth open
1713973556.167659,0.632080078125,0.7783203125,-0.1708984375,Mouth open
1713973556.207415,0.629638671875,0.77880859375,-0.172119140625,Mouth open
1713973556.245743,0.63427734375,0.780517578125,-0.17236328125,Mouth open
1713973556.285994,0.632080078125,0.7841796875,-0.175537109375,Mouth open
1713973556.322996,0.63330078125,0.783203125,-0.17529296875,Mouth open
1713973556.36226,0.631103515625,0.779052734375,-0.17431640625,Mouth open
1713973556.404598,0.63134765625,0.78271484375,-0.176025390625,Mouth open
1713973556.441228,0.631591796875,0.781982421875,-0.174560546875,Mouth open
1713973556.481518,0.629638671875,0.779296875,-0.17578125,Mouth open
1713973556.526589,0.63232421875,0.7822265625,-0.17431640625,Mouth open
1713973556.563265,0.62939453125,0.78173828125,-0.1748046875,Mouth open
1713973556.604567,0.632568359375,0.7783203125,-0.170654296875,Mouth open
1713973556.643688,0.632568359375,0.7783203125,-0.16943359375,Mouth open
1713973556.683708,0.636474609375,0.781982421875,-0.169921875,Mouth open
1713973556.723678,0.631591796875,0.78076171875,-0.16845703125,Mouth open
1713973556.773987,0.633544921875,0.781494140625,-0.172607421875,Mouth open
1713973556.803924,0.63134765625,0.78076171875,-0.175537109375,Mouth open
1713973556.844161,0.63427734375,0.778564453125,-0.177001953125,Mouth open
1713973556.88912,0.63134765625,0.7783203125,-0.177001953125,Mouth open
1713973556.924582,0.633056640625,0.781494140625,-0.17724609375,Mouth open
1713973556.965818,0.631103515625,0.77978515625,-0.17333984375,Mouth open
1713973557.005005,0.63037109375,0.7802734375,-0.176025390625,Mouth open
1713973557.042861,0.631103515625,0.779541015625,-0.17431640625,Mouth open
1713973557.084038,0.62890625,0.78076171875,-0.173828125,Mouth open
1713973557.122721,0.629150390625,0.78369140625,-0.173583984375,Mouth open
1713973557.164811,0.629150390625,0.783935546875,-0.171630859375,Mouth open
1713973557.20518,0.630126953125,0.779052734375,-0.172607421875,Mouth open
1713973557.247905,0.627197265625,0.779296875,-0.169677734375,Mouth open
1713973557.284191,0.632568359375,0.785400390625,-0.168212890625,Mouth open
1713973557.324927,0.63134765625,0.782470703125,-0.166015625,Mouth open
1713973557.364654,0.6328125,0.78271484375,-0.169677734375,Mouth open
1713973557.405348,0.6318359375,0.782958984375,-0.168701171875,Mouth open
1713973557.445503,0.63134765625,0.781005859375,-0.175537109375,Mouth open
1713973557.484799,0.631103515625,0.78125,-0.169921875,Mouth open
1713973557.529516,0.633544921875,0.781982421875,-0.17333984375,Mouth open
1713973557.565992,0.62890625,0.781494140625,-0.174560546875,Mouth open
1713973557.606638,0.6318359375,0.78271484375,-0.174072265625,Mouth open
1713973557.645655,0.632568359375,0.779296875,-0.179443359375,Mouth open
1713973557.684618,0.631103515625,0.783203125,-0.18017578125,Mouth open
1713973557.726132,0.63134765625,0.78466796875,-0.185791015625,Mouth open
1713973557.76362,0.64501953125,0.76416015625,-0.198486328125,Mouth open
1713973557.806181,0.6494140625,0.759765625,-0.16552734375,Mouth open
1713973557.844878,0.648193359375,0.762451171875,-0.169677734375,Mouth open
1713973557.885313,0.6552734375,0.7734375,-0.179931640625,Mouth open
1713973557.924628,0.654052734375,0.763671875,-0.17041015625,Mouth open
1713973557.965171,0.645751953125,0.755859375,-0.179931640625,Mouth open
1713973558.005927,0.651123046875,0.75927734375,-0.181396484375,Mouth open
1713973558.045401,0.642333984375,0.75634765625,-0.204345703125,Mouth open
1713973558.086771,0.645263671875,0.756591796875,-0.205810546875,Mouth open
1713973558.126475,0.65087890625,0.759765625,-0.198486328125,Mouth open
1713973558.166531,0.649169921875,0.761474609375,-0.195068359375,Mouth open
1713973558.208873,0.64892578125,0.757080078125,-0.1982421875,Mouth open
1713973558.247401,0.64892578125,0.751220703125,-0.201904296875,Mouth open
1713973558.287563,0.64453125,0.755859375,-0.19970703125,Mouth open
1713973558.327074,0.64599609375,0.759521484375,-0.201904296875,Mouth open
1713973558.365542,0.64013671875,0.7587890625,-0.19970703125,Mouth open
1713973558.406513,0.651611328125,0.766845703125,-0.18994140625,Mouth open
1713973558.444872,0.647216796875,0.764892578125,-0.192138671875,Mouth open
1713973558.485684,0.644775390625,0.766357421875,-0.185302734375,Mouth open
1713973558.525533,0.645263671875,0.77001953125,-0.185302734375,Mouth open
1713973558.566627,0.639892578125,0.763916015625,-0.187255859375,Mouth open
1713973558.606543,0.644775390625,0.769775390625,-0.184814453125,Mouth open
1713973558.646628,0.643310546875,0.770751953125,-0.1865234375,Mouth open
1713973558.687867,0.640869140625,0.7685546875,-0.189208984375,Mouth open
1713973558.726624,0.644287109375,0.7666015625,-0.186767578125,Mouth open
1713973558.769337,0.64208984375,0.766845703125,-0.1884765625,Mouth open
1713973558.807731,0.640380859375,0.766357421875,-0.189208984375,Mouth open
1713973558.849588,0.642333984375,0.76806640625,-0.188232421875,Mouth open
1713973558.887864,0.64208984375,0.765869140625,-0.189208984375,Mouth open
1713973558.927523,0.6396484375,0.76611328125,-0.188232421875,Mouth open
1713973558.969181,0.63916015625,0.764404296875,-0.186767578125,Mouth open
1713973559.008074,0.64599609375,0.768310546875,-0.185302734375,Mouth open
1713973559.047759,0.640869140625,0.764404296875,-0.185791015625,Mouth open
1713973559.08713,0.6455078125,0.769287109375,-0.1826171875,Mouth open
1713973559.128129,0.645263671875,0.77099609375,-0.181884765625,Mouth open
1713973559.168158,0.636962890625,0.766357421875,-0.180908203125,Mouth open
1713973559.207316,0.64306640625,0.768310546875,-0.1845703125,Mouth open
1713973559.247188,0.640625,0.7685546875,-0.182373046875,Mouth open
1713973559.288004,0.64111328125,0.76513671875,-0.18408203125,Mouth open
1713973559.326703,0.640380859375,0.772705078125,-0.185791015625,Mouth open
1713973559.36731,0.642578125,0.77099609375,-0.184814453125,Mouth open
1713973559.407667,0.639892578125,0.7724609375,-0.182373046875,Mouth open
1713973559.448032,0.643798828125,0.768798828125,-0.183837890625,Mouth open
1713973559.49119,0.64013671875,0.767578125,-0.182861328125,Mouth open
1713973559.529092,0.640625,0.76953125,-0.184814453125,Mouth open
1713973559.56958,0.63720703125,0.771240234375,-0.184814453125,Mouth open
1713973559.609548,0.64013671875,0.771240234375,-0.189697265625,Mouth open
1713973559.648941,0.6416015625,0.76904296875,-0.186279296875,Mouth open
1713973559.687858,0.6416015625,0.7734375,-0.18359375,Mouth open
1713973559.728776,0.642578125,0.77294921875,-0.182373046875,Mouth open
1713973559.768273,0.64013671875,0.7724609375,-0.18310546875,Mouth open
1713973559.809207,0.643798828125,0.7705078125,-0.18017578125,Mouth open
1713973559.850667,0.63916015625,0.769775390625,-0.18115234375,Mouth open
1713973559.888495,0.64111328125,0.769287109375,-0.18603515625,Mouth open
1713973559.929725,0.63818359375,0.7705078125,-0.1875,Mouth open
1713973559.969842,0.6396484375,0.7724609375,-0.188232421875,Mouth open
1713973560.009502,0.63916015625,0.770263671875,-0.185546875,Mouth open
1713973560.050916,0.640380859375,0.769775390625,-0.184326171875,Mouth open
1713973560.089684,0.640625,0.768310546875,-0.18505859375,Mouth open
1713973560.130075,0.6416015625,0.771484375,-0.182861328125,Mouth open
1713973560.172196,0.63623046875,0.7744140625,-0.1875,Mouth open
1713973560.212372,0.6416015625,0.77001953125,-0.1865234375,Mouth open
1713973560.251954,0.6396484375,0.768798828125,-0.182373046875,Mouth open
1713973560.290767,0.641845703125,0.77294921875,-0.180419921875,Mouth open
1713973560.329607,0.6435546875,0.771484375,-0.176513671875,Mouth open
1713973560.369202,0.6416015625,0.770263671875,-0.185791015625,Mouth open
1713973560.410964,0.6376953125,0.76904296875,-0.1875,Mouth open
1713973560.452285,0.64306640625,0.77001953125,-0.18505859375,Mouth open
1713973560.489433,0.63916015625,0.77001953125,-0.18408203125,Mouth open
1713973560.529953,0.64111328125,0.76953125,-0.18701171875,Mouth open
1713973560.570242,0.637939453125,0.768798828125,-0.1865234375,Mouth open
1713973560.611965,0.639404296875,0.76953125,-0.1875,Mouth open
1713973560.650778,0.642333984375,0.767578125,-0.1845703125,Mouth open
1713973560.690529,0.638427734375,0.770263671875,-0.184326171875,Mouth open
1713973560.735755,0.637451171875,0.77099609375,-0.185791015625,Mouth open
1713973560.773582,0.63916015625,0.77294921875,-0.181884765625,Mouth open
1713973560.814546,0.63916015625,0.76904296875,-0.182861328125,Mouth open
1713973560.852684,0.6376953125,0.76904296875,-0.178955078125,Mouth open
1713973560.892033,0.64306640625,0.773681640625,-0.178955078125,Mouth open
1713973560.933895,0.638671875,0.772216796875,-0.177001953125,Mouth open
1713973560.982701,0.636962890625,0.773193359375,-0.181884765625,Mouth open
1713973561.011587,0.635986328125,0.773193359375,-0.182373046875,Mouth open
1713973561.057651,0.640625,0.77197265625,-0.18212890625,Mouth open
1713973561.090047,0.636962890625,0.772705078125,-0.18310546875,Mouth open
1713973561.134589,0.63916015625,0.771728515625,-0.185791015625,Mouth open
1713973561.175655,0.639404296875,0.7705078125,-0.17822265625,Mouth open
1713973561.216036,0.638427734375,0.768798828125,-0.181884765625,Mouth open
1713973561.255842,0.638427734375,0.770751953125,-0.181884765625,Mouth open
1713973561.296107,0.640380859375,0.770263671875,-0.179931640625,Mouth open
1713973561.334005,0.63671875,0.77392578125,-0.18115234375,Mouth open
1713973561.373266,0.63427734375,0.773193359375,-0.18310546875,Mouth open
1713973561.414693,0.638671875,0.7734375,-0.183349609375,Mouth open
1713973561.456221,0.6328125,0.77392578125,-0.179443359375,Mouth open
1713973561.49864,0.642578125,0.776611328125,-0.1826171875,Mouth open
1713973561.534818,0.6357421875,0.77490234375,-0.177490234375,Mouth open
1713973561.577962,0.636962890625,0.7734375,-0.176513671875,Mouth open
1713973561.61469,0.63720703125,0.7734375,-0.178955078125,Mouth open
1713973561.654577,0.640869140625,0.77001953125,-0.179443359375,Mouth open
1713973561.691856,0.637939453125,0.77001953125,-0.180419921875,Mouth open
1713973561.7315,0.642333984375,0.773681640625,-0.182373046875,Mouth open
1713973561.772467,0.638671875,0.7705078125,-0.180419921875,Mouth open
1713973561.812743,0.640380859375,0.7724609375,-0.177001953125,Mouth open
1713973561.851406,0.640380859375,0.77197265625,-0.178466796875,Mouth open
1713973561.891621,0.6416015625,0.770751953125,-0.18017578125,Mouth open
1713973561.932612,0.640625,0.768310546875,-0.181640625,Mouth open
1713973561.973756,0.637939453125,0.77197265625,-0.182373046875,Mouth open
1713973562.015461,0.642333984375,0.769775390625,-0.17919921875,Mouth open
1713973562.053433,0.6376953125,0.770263671875,-0.18115234375,Mouth open
1713973562.094036,0.642578125,0.773681640625,-0.179443359375,Mouth open
1713973562.133367,0.63623046875,0.7724609375,-0.177978515625,Mouth open
1713973562.175013,0.640625,0.770751953125,-0.177001953125,Mouth open
1713973562.213553,0.638671875,0.77099609375,-0.183837890625,Mouth open
1713973562.253408,0.638427734375,0.76806640625,-0.182373046875,Mouth open
1713973562.297484,0.638671875,0.771240234375,-0.181884765625,Mouth open
1713973562.334184,0.640380859375,0.770751953125,-0.182373046875,Mouth open
1713973562.374468,0.638671875,0.77197265625,-0.1806640625,Mouth open
1713973562.411751,0.640625,0.770263671875,-0.17919921875,Mouth open
1713973562.452143,0.63818359375,0.771240234375,-0.181640625,Mouth open
1713973562.492224,0.638671875,0.77294921875,-0.18115234375,Mouth open
1713973562.538401,0.638916015625,0.772705078125,-0.18115234375,Mouth open
1713973562.571579,0.638916015625,0.7705078125,-0.18212890625,Mouth open
1713973562.62084,0.639892578125,0.77294921875,-0.18310546875,Mouth open
1713973562.660678,0.637939453125,0.767578125,-0.182373046875,Mouth open
1713973562.694058,0.636962890625,0.772216796875,-0.17822265625,Mouth open
1713973562.735355,0.642333984375,0.773193359375,-0.177734375,Mouth open
1713973562.77565,0.637939453125,0.771484375,-0.177978515625,Mouth open
1713973562.814258,0.638427734375,0.772705078125,-0.181640625,Mouth open
1713973562.864018,0.6376953125,0.77099609375,-0.181640625,Mouth open
1713973562.89397,0.64453125,0.771484375,-0.18603515625,Mouth open
1713973562.972658,0.6376953125,0.772705078125,-0.181884765625,Mouth open
1713973562.990851,0.6396484375,0.773193359375,-0.1826171875,Mouth open
1713973563.010628,0.63720703125,0.77197265625,-0.1845703125,Mouth open
1713973563.051877,0.638916015625,0.772705078125,-0.18603515625,Mouth open
1713973563.09669,0.638427734375,0.772216796875,-0.185302734375,Mouth open
1713973563.132466,0.639404296875,0.7685546875,-0.18017578125,Mouth open
1713973563.173435,0.639892578125,0.7705078125,-0.181884765625,Mouth open
1713973563.215105,0.638916015625,0.77197265625,-0.1806640625,Mouth open
1713973563.265762,0.6396484375,0.771728515625,-0.181884765625,Mouth open
1713973563.294177,0.639892578125,0.773681640625,-0.17626953125,Mouth open
1713973563.34283,0.640869140625,0.775390625,-0.179931640625,Mouth open
1713973563.380349,0.634033203125,0.7734375,-0.177734375,Mouth open
1713973563.420913,0.636474609375,0.77294921875,-0.184326171875,Mouth open
1713973563.460451,0.638671875,0.771240234375,-0.183837890625,Mouth open
1713973563.497865,0.63623046875,0.77001953125,-0.1865234375,Mouth open
1713973563.535914,0.636474609375,0.771240234375,-0.1845703125,Mouth open
1713973563.575112,0.638427734375,0.769775390625,-0.184814453125,Mouth open
1713973563.613053,0.637939453125,0.7744140625,-0.184326171875,Mouth open
1713973563.653142,0.638427734375,0.771240234375,-0.18603515625,Mouth open
1713973563.692616,0.639892578125,0.77099609375,-0.182373046875,Mouth open
1713973563.734342,0.63818359375,0.7705078125,-0.185302734375,Mouth open
1713973563.772604,0.635498046875,0.7685546875,-0.18408203125,Mouth open
1713973563.81372,0.63623046875,0.772216796875,-0.1806640625,Mouth open
1713973563.853937,0.643798828125,0.77783203125,-0.18115234375,Mouth open
1713973563.894504,0.64013671875,0.772216796875,-0.1826171875,Mouth open
1713973563.934677,0.6376953125,0.7705078125,-0.180419921875,Mouth open
1713973563.978633,0.639892578125,0.775390625,-0.18212890625,Mouth open
1713973564.015804,0.63525390625,0.773193359375,-0.182373046875,Mouth open
1713973564.056619,0.63671875,0.769775390625,-0.18359375,Mouth open
1713973564.096492,0.636962890625,0.774658203125,-0.183349609375,Mouth open
1713973564.138698,0.638671875,0.771728515625,-0.182861328125,Mouth open
1713973564.176448,0.6376953125,0.770751953125,-0.1796875,Mouth open
1713973564.215127,0.640625,0.771484375,-0.184326171875,Mouth open
1713973564.25439,0.638427734375,0.770751953125,-0.1796875,Mouth open
1713973564.293504,0.636962890625,0.773681640625,-0.183837890625,Mouth open
1713973564.333135,0.636474609375,0.773193359375,-0.18212890625,Mouth open
1713973564.375496,0.636474609375,0.775390625,-0.18212890625,Mouth open
1713973564.41344,0.6357421875,0.77587890625,-0.18359375,Mouth open
1713973564.457013,0.63427734375,0.7744140625,-0.183349609375,Mouth open
1713973564.49488,0.639892578125,0.77587890625,-0.1826171875,Mouth open
1713973564.534589,0.636962890625,0.771240234375,-0.1796875,Mouth open
1713973564.580381,0.6396484375,0.774658203125,-0.17919921875,Mouth open
1713973564.617513,0.63720703125,0.775146484375,-0.18212890625,Mouth open
1713973564.657642,0.634521484375,0.772216796875,-0.181396484375,Mouth open
1713973564.69894,0.637451171875,0.772705078125,-0.184326171875,Mouth open
1713973564.748455,0.635986328125,0.771728515625,-0.181396484375,Mouth open
1713973564.776696,0.635498046875,0.7734375,-0.18603515625,Mouth open
1713973564.826949,0.63623046875,0.7734375,-0.184814453125,Mouth open
1713973564.85546,0.64013671875,0.776123046875,-0.18408203125,Mouth open
1713973564.903617,0.636962890625,0.77197265625,-0.18310546875,Mouth open
1713973564.941614,0.640380859375,0.771240234375,-0.183349609375,Mouth open
1713973564.982159,0.637939453125,0.770751953125,-0.181396484375,Mouth open
1713973565.021597,0.634521484375,0.7705078125,-0.18115234375,Mouth open
1713973565.061731,0.639892578125,0.776611328125,-0.17919921875,Mouth open
1713973565.101378,0.635498046875,0.774658203125,-0.177001953125,Mouth open
1713973565.13837,0.63818359375,0.773681640625,-0.180419921875,Mouth open
1713973565.176491,0.6357421875,0.774169921875,-0.17431640625,Mouth open
1713973565.215032,0.641357421875,0.778564453125,-0.177734375,Mouth open
1713973565.257612,0.6376953125,0.77587890625,-0.175048828125,Mouth open
1713973565.29686,0.634765625,0.77197265625,-0.18212890625,Mouth open
1713973565.33542,0.637451171875,0.771728515625,-0.1787109375,Mouth open
1713973565.37537,0.640869140625,0.771240234375,-0.18359375,Mouth open
1713973565.418762,0.6376953125,0.771484375,-0.1806640625,Mouth open
1713973565.457977,0.639404296875,0.77490234375,-0.183837890625,Mouth open
1713973565.495338,0.637451171875,0.773193359375,-0.18310546875,Mouth open
1713973565.534779,0.637939453125,0.77490234375,-0.1806640625,Mouth open
1713973565.575826,0.63818359375,0.77294921875,-0.18115234375,Mouth open
1713973565.61367,0.637451171875,0.77197265625,-0.1806640625,Mouth open
1713973565.654497,0.63671875,0.77294921875,-0.17822265625,Mouth open
1713973565.695254,0.63623046875,0.773193359375,-0.180908203125,Mouth open
1713973565.735625,0.64013671875,0.775390625,-0.18212890625,Mouth open
1713973565.778292,0.637451171875,0.772705078125,-0.175048828125,Mouth open
1713973565.814791,0.639404296875,0.77978515625,-0.175537109375,Mouth open
1713973565.854563,0.636962890625,0.777587890625,-0.177001953125,Mouth open
1713973565.894624,0.634521484375,0.773193359375,-0.1787109375,Mouth open
1713973565.934687,0.6357421875,0.770751953125,-0.18017578125,Mouth open
1713973565.974867,0.634521484375,0.771728515625,-0.181640625,Mouth open
1713973566.019104,0.63525390625,0.774169921875,-0.18359375,Mouth open
1713973566.061431,0.638671875,0.774658203125,-0.183837890625,Mouth open
1713973566.095341,0.63720703125,0.771240234375,-0.181884765625,Mouth open
1713973566.140515,0.63623046875,0.7744140625,-0.1875,Mouth open
1713973566.178597,0.63671875,0.772216796875,-0.18017578125,Mouth open
1713973566.217336,0.637451171875,0.77197265625,-0.18017578125,Mouth open
1713973566.25795,0.63525390625,0.77294921875,-0.179443359375,Mouth open
1713973566.296532,0.63525390625,0.773193359375,-0.181884765625,Mouth open
1713973566.334332,0.640869140625,0.77685546875,-0.17919921875,Mouth open
1713973566.388169,0.63818359375,0.77294921875,-0.181396484375,Mouth open
1713973566.414966,0.638427734375,0.775146484375,-0.1767578125,Mouth open
1713973566.464393,0.6357421875,0.777099609375,-0.1787109375,Mouth open
1713973566.502431,0.634521484375,0.775146484375,-0.178955078125,Mouth open
1713973566.542769,0.63427734375,0.773193359375,-0.183349609375,Mouth open
1713973566.580145,0.634765625,0.775390625,-0.183349609375,Mouth open
1713973566.6193,0.63525390625,0.77197265625,-0.182373046875,Mouth open
1713973566.656498,0.636474609375,0.77099609375,-0.182861328125,Mouth open
1713973566.696858,0.63720703125,0.771484375,-0.185302734375,Mouth open
1713973566.73664,0.636474609375,0.77490234375,-0.1806640625,Mouth open
1713973566.78071,0.63916015625,0.7724609375,-0.1806640625,Mouth open
1713973566.823287,0.635986328125,0.77392578125,-0.1796875,Mouth open
1713973566.861486,0.635498046875,0.771484375,-0.179443359375,Mouth open
1713973566.899647,0.63525390625,0.775634765625,-0.179443359375,Mouth open
1713973566.938491,0.639404296875,0.77734375,-0.178955078125,Mouth open
1713973566.978011,0.636474609375,0.77197265625,-0.1767578125,Mouth open
1713973567.015698,0.63671875,0.775634765625,-0.1767578125,Mouth open
1713973567.057105,0.635986328125,0.776611328125,-0.17626953125,Mouth open
1713973567.098753,0.637939453125,0.774169921875,-0.177001953125,Mouth open
1713973567.136604,0.63623046875,0.773681640625,-0.181396484375,Mouth open
1713973567.177348,0.638427734375,0.77099609375,-0.182861328125,Mouth open
1713973567.217783,0.63623046875,0.773193359375,-0.182373046875,Mouth open
1713973567.259175,0.639892578125,0.7734375,-0.18359375,Mouth open
1713973567.297333,0.636962890625,0.77392578125,-0.185302734375,Mouth open
1713973567.339049,0.635986328125,0.776123046875,-0.1806640625,Mouth open
1713973567.378639,0.637939453125,0.771240234375,-0.181640625,Mouth open
1713973567.418626,0.6328125,0.770751953125,-0.18359375,Mouth open
1713973567.458602,0.63427734375,0.772705078125,-0.18212890625,Mouth open
1713973567.496528,0.6298828125,0.77490234375,-0.18408203125,Mouth open
1713973567.536324,0.63623046875,0.775146484375,-0.181640625,Mouth open
1713973567.576595,0.630859375,0.775146484375,-0.1806640625,Mouth open
1713973567.621653,0.637939453125,0.781494140625,-0.179931640625,Mouth open
1713973567.659818,0.637451171875,0.778564453125,-0.1796875,Mouth open
1713973567.701185,0.63427734375,0.773681640625,-0.179443359375,Mouth open
1713973567.739026,0.634765625,0.77685546875,-0.185791015625,Mouth open
1713973567.781191,0.63330078125,0.775390625,-0.184814453125,Mouth open
1713973567.820028,0.63232421875,0.77099609375,-0.178466796875,Mouth open
1713973567.861222,0.6357421875,0.774169921875,-0.18359375,Mouth open
1713973567.899443,0.634033203125,0.7724609375,-0.18212890625,Mouth open
1713973567.941437,0.635498046875,0.77587890625,-0.18115234375,Mouth open
1713973567.978967,0.635986328125,0.775634765625,-0.18017578125,Mouth open
1713973568.021128,0.6318359375,0.776611328125,-0.177978515625,Mouth open
1713973568.058369,0.635986328125,0.776123046875,-0.17724609375,Mouth open
1713973568.099685,0.63232421875,0.775390625,-0.1796875,Mouth open
1713973568.138024,0.636962890625,0.77783203125,-0.1796875,Mouth open
1713973568.177384,0.63525390625,0.773681640625,-0.1748046875,Mouth open
1713973568.216412,0.638427734375,0.777587890625,-0.177978515625,Mouth open
1713973568.255332,0.63525390625,0.7802734375,-0.177001953125,Mouth open
1713973568.29547,0.635498046875,0.775390625,-0.1806640625,Mouth open
1713973568.337242,0.63330078125,0.7744140625,-0.18212890625,Mouth open
1713973568.376677,0.63671875,0.775390625,-0.179443359375,Mouth open
1713973568.417698,0.6328125,0.772705078125,-0.18505859375,Mouth open
1713973568.460561,0.637451171875,0.77294921875,-0.1806640625,Mouth open
1713973568.498523,0.63818359375,0.77685546875,-0.178955078125,Mouth open
1713973568.540667,0.635986328125,0.775146484375,-0.18212890625,Mouth open
1713973568.578675,0.63525390625,0.775390625,-0.18017578125,Mouth open
1713973568.618968,0.635009765625,0.7763671875,-0.180908203125,Mouth open
1713973568.659582,0.636962890625,0.775390625,-0.17724609375,Mouth open
1713973568.698249,0.63525390625,0.776611328125,-0.178955078125,Mouth open
1713973568.73815,0.64111328125,0.775634765625,-0.178955078125,Mouth open
1713973568.777535,0.637451171875,0.773681640625,-0.177490234375,Mouth open
1713973568.81646,0.638916015625,0.7744140625,-0.17236328125,Mouth open
1713973568.857208,0.638427734375,0.776611328125,-0.1787109375,Mouth open
1713973568.897476,0.634521484375,0.776123046875,-0.175537109375,Mouth open
1713973568.936685,0.637451171875,0.775390625,-0.177978515625,Mouth open
1713973568.978725,0.6357421875,0.777587890625,-0.18017578125,Mouth open
1713973569.017279,0.63671875,0.770751953125,-0.184326171875,Mouth open
1713973569.058275,0.63720703125,0.771484375,-0.179931640625,Mouth open
1713973569.101706,0.637939453125,0.7734375,-0.185791015625,Mouth open
1713973569.139469,0.637939453125,0.773193359375,-0.17919921875,Mouth open
1713973569.178302,0.636474609375,0.775390625,-0.181396484375,Mouth open
1713973569.221522,0.635986328125,0.775146484375,-0.179931640625,Mouth open
1713973569.262888,0.633056640625,0.7734375,-0.181640625,Mouth open
1713973569.299856,0.636474609375,0.775390625,-0.1806640625,Mouth open
1713973569.344925,0.637939453125,0.77880859375,-0.178955078125,Mouth open
1713973569.386885,0.634765625,0.7724609375,-0.1806640625,Mouth open
1713973569.426203,0.63623046875,0.773681640625,-0.17724609375,Mouth open
1713973569.465126,0.6396484375,0.775634765625,-0.1796875,Mouth open
1713973569.501208,0.63232421875,0.770751953125,-0.1767578125,Mouth open
1713973569.544563,0.63818359375,0.771728515625,-0.180908203125,Mouth open
1713973569.58659,0.637939453125,0.77392578125,-0.181640625,Mouth open
1713973569.617232,0.639892578125,0.7744140625,-0.18115234375,Mouth open
1713973569.66156,0.636962890625,0.7734375,-0.17822265625,Mouth open
1713973569.704954,0.640869140625,0.776123046875,-0.182861328125,Mouth open
1713973569.746008,0.6337890625,0.771728515625,-0.183349609375,Mouth open
1713973569.786321,0.634521484375,0.775634765625,-0.1806640625,Mouth open
1713973569.827045,0.63818359375,0.775634765625,-0.181884765625,Mouth open
1713973569.865837,0.634521484375,0.7734375,-0.18408203125,Mouth open
1713973569.898872,0.63623046875,0.7744140625,-0.18359375,Mouth open
1713973569.945596,0.633056640625,0.775634765625,-0.1826171875,Mouth open
1713973569.982389,0.635498046875,0.773193359375,-0.181396484375,Mouth open
1713973570.023867,0.63671875,0.773681640625,-0.177734375,Mouth open
1713973570.065764,0.637939453125,0.778076171875,-0.179931640625,Mouth open
1713973570.105826,0.63525390625,0.778564453125,-0.177490234375,Mouth open
1713973570.143588,0.63671875,0.77685546875,-0.18017578125,Mouth open
1713973570.180729,0.63427734375,0.773681640625,-0.1806640625,Mouth open
1713973570.216719,0.63330078125,0.776611328125,-0.1826171875,Mouth open
1713973570.257968,0.6328125,0.7734375,-0.184326171875,Mouth open
1713973570.299027,0.635498046875,0.775390625,-0.185302734375,Mouth open
1713973570.337746,0.638427734375,0.773193359375,-0.183837890625,Mouth open
1713973570.377703,0.63525390625,0.7724609375,-0.181640625,Mouth open
1713973570.41801,0.637939453125,0.77294921875,-0.17919921875,Mouth open
1713973570.457489,0.636474609375,0.77587890625,-0.183837890625,Mouth open
1713973570.498594,0.634033203125,0.7734375,-0.1796875,Mouth open
1713973570.538969,0.634033203125,0.775146484375,-0.1787109375,Mouth open
1713973570.581512,0.63720703125,0.77783203125,-0.18017578125,Mouth open
1713973570.621861,0.6376953125,0.774169921875,-0.1796875,Mouth open
1713973570.660827,0.6337890625,0.773193359375,-0.17529296875,Mouth open
1713973570.697579,0.637939453125,0.777587890625,-0.179443359375,Mouth open
1713973570.737843,0.63525390625,0.77685546875,-0.17431640625,Mouth open
1713973570.777015,0.636962890625,0.777099609375,-0.178955078125,Mouth open
1713973570.817164,0.6357421875,0.775146484375,-0.18017578125,Mouth open
1713973570.859156,0.6396484375,0.77783203125,-0.18115234375,Mouth open
1713973570.897606,0.635009765625,0.77294921875,-0.183349609375,Mouth open
1713973570.941257,0.637939453125,0.775634765625,-0.185791015625,Mouth open
1713973570.977721,0.6298828125,0.77294921875,-0.182861328125,Mouth open
1713973571.017215,0.634521484375,0.774658203125,-0.183349609375,Mouth closed
1713973571.058274,0.635009765625,0.7744140625,-0.179931640625,Mouth closed
1713973571.101178,0.637451171875,0.77294921875,-0.18115234375,Mouth closed
1713973571.140508,0.634765625,0.775146484375,-0.182861328125,Mouth closed
1713973571.179596,0.635498046875,0.775390625,-0.180908203125,Mouth closed
1713973571.21918,0.637451171875,0.778076171875,-0.180419921875,Mouth closed
1713973571.292333,0.63671875,0.7734375,-0.1796875,Mouth closed
1713973571.308311,0.635498046875,0.7734375,-0.176025390625,Mouth closed
1713973571.339492,0.637451171875,0.777587890625,-0.17822265625,Mouth closed
1713973571.380427,0.635498046875,0.7763671875,-0.178466796875,Mouth closed
1713973571.418446,0.63623046875,0.774169921875,-0.177978515625,Mouth closed
1713973571.459006,0.636962890625,0.77783203125,-0.17724609375,Mouth closed
1713973571.503651,0.63525390625,0.7744140625,-0.17919921875,Mouth closed
1713973571.540663,0.63525390625,0.773681640625,-0.177734375,Mouth closed
1713973571.583542,0.635986328125,0.775390625,-0.18212890625,Mouth closed
1713973571.620517,0.633544921875,0.775634765625,-0.1806640625,Mouth closed
1713973571.660763,0.636962890625,0.77490234375,-0.180908203125,Mouth closed
1713973571.701414,0.63525390625,0.777099609375,-0.17919921875,Mouth closed
1713973571.741031,0.6318359375,0.7763671875,-0.18310546875,Mouth closed
1713973571.781144,0.633544921875,0.776123046875,-0.178955078125,Mouth closed
1713973571.821146,0.63427734375,0.775634765625,-0.180419921875,Mouth closed
1713973571.866247,0.634765625,0.77734375,-0.180419921875,Mouth closed
1713973571.902672,0.6357421875,0.773681640625,-0.18017578125,Mouth closed
1713973571.942551,0.63525390625,0.7763671875,-0.173583984375,Mouth closed
1713973571.983293,0.638671875,0.778564453125,-0.180419921875,Mouth closed
1713973572.020073,0.631103515625,0.775390625,-0.177001953125,Mouth closed
1713973572.060762,0.6337890625,0.77587890625,-0.1796875,Mouth closed
1713973572.1005,0.635498046875,0.77392578125,-0.180419921875,Mouth closed
1713973572.143355,0.638671875,0.771728515625,-0.17919921875,Mouth closed
1713973572.183409,0.63427734375,0.77587890625,-0.17529296875,Mouth closed
1713973572.221154,0.639892578125,0.774658203125,-0.178955078125,Mouth closed
1713973572.27432,0.635986328125,0.7763671875,-0.1796875,Mouth closed
1713973572.300274,0.634765625,0.7763671875,-0.177001953125,Mouth closed
1713973572.351892,0.634521484375,0.775634765625,-0.178466796875,Mouth closed
1713973572.381207,0.63623046875,0.775390625,-0.177490234375,Mouth closed
1713973572.430116,0.632568359375,0.774658203125,-0.18017578125,Mouth closed
1713973572.466471,0.63427734375,0.777099609375,-0.17822265625,Mouth closed
1713973572.509608,0.633544921875,0.779541015625,-0.1796875,Mouth closed
1713973572.546069,0.633544921875,0.776611328125,-0.1767578125,Mouth closed
1713973572.584126,0.634765625,0.774658203125,-0.173828125,Mouth closed
1713973572.624289,0.637451171875,0.77783203125,-0.177978515625,Mouth closed
1713973572.662667,0.637939453125,0.77197265625,-0.173583984375,Mouth closed
1713973572.702768,0.635986328125,0.777099609375,-0.179443359375,Mouth closed
1713973572.741774,0.625244140625,0.776611328125,-0.181640625,Mouth closed
1713973572.780736,0.631103515625,0.7763671875,-0.183349609375,Mouth closed
1713973572.821728,0.632080078125,0.781494140625,-0.17724609375,Mouth closed
1713973572.860721,0.63330078125,0.77587890625,-0.178955078125,Mouth closed
1713973572.900186,0.63427734375,0.773681640625,-0.169189453125,Mouth closed
1713973572.941793,0.630859375,0.778076171875,-0.183349609375,Mouth closed
1713973572.982313,0.6318359375,0.779296875,-0.177490234375,Mouth closed
1713973573.022169,0.632568359375,0.7763671875,-0.17919921875,Mouth closed
1713973573.065041,0.6298828125,0.7763671875,-0.175048828125,Mouth closed
1713973573.104669,0.63427734375,0.780029296875,-0.171875,Mouth closed
1713973573.14387,0.632080078125,0.78271484375,-0.1748046875,Mouth closed
1713973573.189207,0.631103515625,0.777587890625,-0.173828125,Mouth closed
1713973573.226647,0.630615234375,0.779541015625,-0.1728515625,Mouth closed
1713973573.264816,0.6318359375,0.781005859375,-0.17333984375,Mouth closed
1713973573.304441,0.6318359375,0.780029296875,-0.17236328125,Mouth closed
1713973573.341206,0.63134765625,0.775146484375,-0.177978515625,Mouth closed
1713973573.381195,0.630126953125,0.779296875,-0.17578125,Mouth closed
1713973573.422553,0.6337890625,0.7783203125,-0.177490234375,Mouth closed
1713973573.462199,0.6298828125,0.783203125,-0.1767578125,Mouth closed
1713973573.508157,0.6318359375,0.780029296875,-0.179443359375,Mouth closed
1713973573.548235,0.628662109375,0.78076171875,-0.177734375,Mouth closed
1713973573.587943,0.62744140625,0.783203125,-0.177978515625,Mouth closed
1713973573.624533,0.63134765625,0.78076171875,-0.177734375,Mouth closed
1713973573.665236,0.62890625,0.777099609375,-0.176513671875,Mouth closed
1713973573.703466,0.629638671875,0.77978515625,-0.17529296875,Mouth closed
1713973573.758499,0.630859375,0.77880859375,-0.178466796875,Mouth closed
1713973573.78562,0.633544921875,0.78466796875,-0.1767578125,Mouth closed
1713973573.83013,0.628662109375,0.779541015625,-0.174072265625,Mouth closed
1713973573.872454,0.62890625,0.781494140625,-0.173583984375,Mouth closed
1713973573.913291,0.630615234375,0.78076171875,-0.17236328125,Mouth closed
1713973573.948703,0.63037109375,0.781005859375,-0.17578125,Mouth closed
1713973573.984646,0.628173828125,0.780029296875,-0.177734375,Mouth closed
1713973574.0264,0.62841796875,0.779052734375,-0.178955078125,Mouth closed
1713973574.067685,0.627685546875,0.782470703125,-0.176513671875,Mouth closed
1713973574.104505,0.63037109375,0.781005859375,-0.17822265625,Mouth closed
1713973574.145353,0.627685546875,0.781494140625,-0.178955078125,Mouth closed
1713973574.184402,0.628662109375,0.782470703125,-0.177001953125,Mouth closed
1713973574.224961,0.62890625,0.7841796875,-0.17822265625,Mouth closed
1713973574.267605,0.62939453125,0.7822265625,-0.177490234375,Mouth closed
1713973574.305429,0.62548828125,0.783447265625,-0.1787109375,Mouth closed
1713973574.346209,0.627685546875,0.782958984375,-0.177978515625,Mouth closed
1713973574.388196,0.62744140625,0.786376953125,-0.17626953125,Mouth closed
1713973574.425274,0.62939453125,0.779541015625,-0.179443359375,Mouth closed
1713973574.469557,0.62744140625,0.78125,-0.1708984375,Mouth closed
1713973574.506545,0.632568359375,0.78369140625,-0.17578125,Mouth closed
1713973574.548284,0.625732421875,0.78076171875,-0.17529296875,Mouth closed
1713973574.587568,0.62841796875,0.782470703125,-0.17529296875,Mouth closed
1713973574.626646,0.62939453125,0.783935546875,-0.177490234375,Mouth closed
1713973574.664556,0.631103515625,0.781005859375,-0.176513671875,Mouth closed
1713973574.705416,0.628662109375,0.780029296875,-0.176025390625,Mouth closed
1713973574.744982,0.62890625,0.783935546875,-0.177734375,Mouth closed
1713973574.787312,0.629638671875,0.7822265625,-0.1748046875,Mouth closed
1713973574.825487,0.62548828125,0.782958984375,-0.17822265625,Mouth closed
1713973574.865155,0.62890625,0.7822265625,-0.175048828125,Mouth closed
1713973574.906253,0.630126953125,0.779541015625,-0.177490234375,Mouth closed
1713973574.946679,0.628662109375,0.78173828125,-0.176025390625,Mouth closed
1713973574.985603,0.63037109375,0.77978515625,-0.177734375,Mouth closed
1713973575.028934,0.630615234375,0.7802734375,-0.175537109375,Mouth closed
1713973575.07043,0.628662109375,0.778564453125,-0.172607421875,Mouth closed
1713973575.106921,0.633056640625,0.7841796875,-0.171875,Mouth closed
1713973575.147118,0.6298828125,0.7841796875,-0.173095703125,Mouth closed
1713973575.188793,0.627197265625,0.78076171875,-0.171630859375,Mouth closed
1713973575.233978,0.628173828125,0.7841796875,-0.17333984375,Mouth closed
1713973575.274386,0.63037109375,0.77783203125,-0.176025390625,Mouth closed
1713973575.315514,0.62841796875,0.780029296875,-0.1748046875,Mouth closed
1713973575.354535,0.631591796875,0.78271484375,-0.17724609375,Mouth closed
1713973575.392928,0.629150390625,0.7822265625,-0.174560546875,Mouth closed
1713973575.430866,0.62939453125,0.782470703125,-0.17626953125,Mouth closed
1713973575.471215,0.629638671875,0.78076171875,-0.176513671875,Mouth closed
1713973575.508085,0.629638671875,0.782470703125,-0.17529296875,Mouth closed
1713973575.547114,0.62939453125,0.78173828125,-0.174560546875,Mouth closed
1713973575.58913,0.627685546875,0.78173828125,-0.174072265625,Mouth closed
1713973575.628565,0.63330078125,0.783203125,-0.177490234375,Mouth closed
1713973575.670015,0.63134765625,0.779296875,-0.177001953125,Mouth closed
1713973575.711163,0.6337890625,0.78271484375,-0.170654296875,Mouth closed
1713973575.748571,0.630615234375,0.780517578125,-0.1728515625,Mouth closed
1713973575.789151,0.628173828125,0.77978515625,-0.173095703125,Mouth closed
1713973575.830125,0.630615234375,0.78076171875,-0.173828125,Mouth closed
1713973575.869463,0.629638671875,0.780029296875,-0.173828125,Mouth closed
1713973575.910577,0.629638671875,0.780517578125,-0.179443359375,Mouth closed
1713973575.951267,0.63134765625,0.779052734375,-0.178466796875,Mouth closed
1713973575.987244,0.6328125,0.77880859375,-0.1767578125,Mouth closed
1713973576.027502,0.6298828125,0.779296875,-0.17626953125,Mouth closed
1713973576.068109,0.630859375,0.779052734375,-0.17529296875,Mouth closed
1713973576.110946,0.6318359375,0.777099609375,-0.177490234375,Mouth closed
1713973576.14816,0.630615234375,0.777099609375,-0.176025390625,Mouth closed
1713973576.1882,0.62744140625,0.78125,-0.176025390625,Mouth closed
1713973576.229971,0.633544921875,0.78173828125,-0.176025390625,Mouth closed
1713973576.26827,0.627685546875,0.78076171875,-0.175537109375,Mouth closed
1713973576.308394,0.629638671875,0.783203125,-0.17333984375,Mouth closed
1713973576.349385,0.63134765625,0.781982421875,-0.17529296875,Mouth closed
1713973576.389133,0.63134765625,0.781005859375,-0.1748046875,Mouth closed
1713973576.433173,0.63037109375,0.778564453125,-0.17919921875,Mouth closed
1713973576.473321,0.628662109375,0.78271484375,-0.17724609375,Mouth closed
1713973576.510062,0.632568359375,0.78173828125,-0.179443359375,Mouth closed
1713973576.55106,0.631591796875,0.781005859375,-0.1787109375,Mouth closed
1713973576.596443,0.63232421875,0.78125,-0.179931640625,Mouth closed
1713973576.630699,0.62939453125,0.783203125,-0.177734375,Mouth closed
1713973576.671439,0.629150390625,0.778564453125,-0.17626953125,Mouth closed
1713973576.718018,0.631591796875,0.78076171875,-0.177001953125,Mouth closed
1713973576.750965,0.627685546875,0.78125,-0.17919921875,Mouth closed
1713973576.789587,0.628173828125,0.781005859375,-0.177734375,Mouth closed
1713973576.838314,0.627685546875,0.7841796875,-0.1796875,Mouth closed
1713973576.873955,0.629638671875,0.78125,-0.17724609375,Mouth closed
1713973576.914108,0.62841796875,0.78125,-0.17138671875,Mouth closed
1713973576.953449,0.631591796875,0.783447265625,-0.17626953125,Mouth closed
1713973576.992632,0.62841796875,0.78125,-0.174072265625,Mouth closed
1713973577.030385,0.629150390625,0.78076171875,-0.177490234375,Mouth closed
1713973577.071949,0.625732421875,0.7822265625,-0.177734375,Mouth closed
1713973577.111884,0.631103515625,0.781494140625,-0.180419921875,Mouth closed
1713973577.157131,0.627685546875,0.779541015625,-0.17919921875,Mouth closed
1713973577.192211,0.62890625,0.78173828125,-0.181396484375,Mouth closed
1713973577.235272,0.62841796875,0.7802734375,-0.177734375,Mouth closed
1713973577.273352,0.62890625,0.78125,-0.17626953125,Mouth closed
1713973577.310374,0.62890625,0.780029296875,-0.1796875,Mouth closed
1713973577.350075,0.62744140625,0.78125,-0.17822265625,Mouth closed
1713973577.389562,0.625,0.783447265625,-0.17626953125,Mouth closed
1713973577.432934,0.627197265625,0.785400390625,-0.175537109375,Mouth closed
1713973577.472845,0.6318359375,0.784912109375,-0.177490234375,Mouth closed
1713973577.510665,0.628173828125,0.78271484375,-0.17626953125,Mouth closed
1713973577.551628,0.633544921875,0.78173828125,-0.169921875,Mouth closed
1713973577.591688,0.62939453125,0.7841796875,-0.173828125,Mouth closed
1713973577.630372,0.6259765625,0.78076171875,-0.17236328125,Mouth closed
1713973577.673225,0.629150390625,0.77783203125,-0.18017578125,Mouth closed
1713973577.71146,0.627197265625,0.783447265625,-0.178955078125,Mouth closed
1713973577.752188,0.63037109375,0.781494140625,-0.178466796875,Mouth closed
1713973577.793559,0.627685546875,0.780029296875,-0.177001953125,Mouth closed
1713973577.833977,0.63037109375,0.783203125,-0.18310546875,Mouth closed
1713973577.875732,0.626953125,0.781005859375,-0.180908203125,Mouth closed
1713973577.913909,0.626220703125,0.781982421875,-0.178955078125,Mouth closed
1713973577.953448,0.626220703125,0.779541015625,-0.1806640625,Mouth closed
1713973577.992014,0.626708984375,0.782470703125,-0.178466796875,Mouth closed
1713973578.032297,0.625,0.78515625,-0.17919921875,Mouth closed
1713973578.071395,0.62548828125,0.7841796875,-0.177978515625,Mouth closed
1713973578.112803,0.633056640625,0.785400390625,-0.175048828125,Mouth closed
1713973578.153283,0.6279296875,0.780517578125,-0.175048828125,Mouth closed
1713973578.192948,0.630126953125,0.78125,-0.17529296875,Mouth closed
1713973578.233025,0.62939453125,0.78369140625,-0.177490234375,Mouth closed
1713973578.273258,0.62939453125,0.780517578125,-0.177001953125,Mouth closed
1713973578.315171,0.6279296875,0.78076171875,-0.1787109375,Mouth closed
1713973578.353977,0.629638671875,0.783447265625,-0.179931640625,Mouth closed
1713973578.394537,0.626708984375,0.781982421875,-0.177978515625,Mouth closed
1713973578.435967,0.62841796875,0.78076171875,-0.180908203125,Mouth closed
1713973578.474135,0.627685546875,0.78173828125,-0.1796875,Mouth closed
1713973578.514391,0.630615234375,0.78076171875,-0.177734375,Mouth closed
1713973578.559847,0.6279296875,0.7822265625,-0.177490234375,Mouth closed
1713973578.594977,0.6279296875,0.782470703125,-0.179443359375,Mouth closed
1713973578.633089,0.627685546875,0.785400390625,-0.17919921875,Mouth closed
1713973578.673357,0.623779296875,0.7841796875,-0.177734375,Mouth closed
1713973578.712738,0.624755859375,0.784423828125,-0.17822265625,Mouth closed
1713973578.753356,0.628662109375,0.784423828125,-0.177978515625,Mouth closed
1713973578.793106,0.629150390625,0.780517578125,-0.1806640625,Mouth closed
1713973578.834601,0.629150390625,0.783447265625,-0.175537109375,Mouth closed
1713973578.874204,0.631103515625,0.78173828125,-0.181396484375,Mouth closed
1713973578.913486,0.628173828125,0.78076171875,-0.176025390625,Mouth closed
1713973578.952968,0.628662109375,0.779052734375,-0.177001953125,Mouth closed
1713973578.994686,0.628662109375,0.782470703125,-0.1796875,Mouth closed
1713973579.038738,0.62890625,0.782958984375,-0.1796875,Mouth closed
1713973579.076302,0.628173828125,0.782470703125,-0.177978515625,Mouth closed
1713973579.117958,0.630859375,0.783447265625,-0.175537109375,Mouth closed
1713973579.155871,0.62841796875,0.784423828125,-0.17626953125,Mouth closed
1713973579.198453,0.6298828125,0.78125,-0.17529296875,Mouth closed
1713973579.236858,0.62890625,0.783203125,-0.176025390625,Mouth closed
1713973579.277283,0.6259765625,0.7822265625,-0.176025390625,Mouth closed
1713973579.315269,0.6259765625,0.78125,-0.173828125,Mouth closed
1713973579.356765,0.627685546875,0.783203125,-0.1767578125,Mouth closed
1713973579.394563,0.62890625,0.783447265625,-0.17578125,Mouth closed
1713973579.456541,0.627197265625,0.78125,-0.175537109375,Mouth closed
1713973579.478203,0.627197265625,0.781982421875,-0.1728515625,Mouth closed
1713973579.518264,0.630126953125,0.782958984375,-0.175537109375,Mouth closed
1713973579.557958,0.62939453125,0.783935546875,-0.176513671875,Mouth closed
1713973579.598174,0.629638671875,0.78076171875,-0.180419921875,Mouth closed
1713973579.640409,0.627685546875,0.780517578125,-0.17822265625,Mouth closed
1713973579.679499,0.630615234375,0.781494140625,-0.1806640625,Mouth closed
1713973579.718699,0.62939453125,0.779541015625,-0.177734375,Mouth closed
1713973579.771636,0.630126953125,0.783203125,-0.17822265625,Mouth closed
1713973579.797998,0.629150390625,0.779296875,-0.177001953125,Mouth closed
1713973579.838336,0.628662109375,0.7822265625,-0.180419921875,Mouth closed
1713973579.882146,0.6298828125,0.782958984375,-0.1767578125,Mouth closed
1713973579.917416,0.626708984375,0.778564453125,-0.1796875,Mouth closed
1713973579.957388,0.62841796875,0.781982421875,-0.1767578125,Mouth closed
1713973579.996655,0.62841796875,0.77978515625,-0.178466796875,Mouth closed
1713973580.034974,0.63134765625,0.782470703125,-0.178466796875,Mouth closed
1713973580.076782,0.62939453125,0.777587890625,-0.179931640625,Mouth closed
1713973580.118549,0.6259765625,0.781005859375,-0.175537109375,Mouth closed
1713973580.163494,0.633544921875,0.783935546875,-0.177001953125,Mouth closed
1713973580.203031,0.62939453125,0.77880859375,-0.1767578125,Mouth closed
1713973580.244314,0.62939453125,0.779541015625,-0.182373046875,Mouth closed
1713973580.282222,0.628662109375,0.780517578125,-0.181396484375,Mouth closed
1713973580.317222,0.629638671875,0.779296875,-0.178466796875,Mouth closed
1713973580.359258,0.629638671875,0.77978515625,-0.178466796875,Mouth closed
1713973580.398715,0.630859375,0.78076171875,-0.18359375,Mouth closed
1713973580.440469,0.627685546875,0.783447265625,-0.177001953125,Mouth closed
1713973580.479377,0.6298828125,0.78076171875,-0.1796875,Mouth closed
1713973580.519024,0.628662109375,0.780029296875,-0.17919921875,Mouth closed
1713973580.559083,0.627685546875,0.78076171875,-0.18017578125,Mouth closed
1713973580.599417,0.627685546875,0.783447265625,-0.178466796875,Mouth closed
1713973580.638241,0.627197265625,0.78271484375,-0.18017578125,Mouth closed
1713973580.677014,0.633056640625,0.783935546875,-0.18017578125,Mouth closed
1713973580.719967,0.630859375,0.780517578125,-0.177978515625,Mouth closed
1713973580.757033,0.62939453125,0.782958984375,-0.177001953125,Mouth closed
1713973580.800227,0.629150390625,0.78076171875,-0.1767578125,Mouth closed
1713973580.838938,0.6279296875,0.781005859375,-0.1787109375,Mouth closed
1713973580.878858,0.629150390625,0.77783203125,-0.183349609375,Mouth closed
1713973580.918749,0.628662109375,0.780517578125,-0.181884765625,Mouth closed
1713973580.959193,0.629150390625,0.781005859375,-0.1806640625,Mouth closed
1713973580.998018,0.631103515625,0.781494140625,-0.1796875,Mouth closed
1713973581.037947,0.633056640625,0.780029296875,-0.183349609375,Mouth closed
1713973581.079197,0.629638671875,0.78173828125,-0.18017578125,Mouth closed
1713973581.119907,0.62744140625,0.7802734375,-0.18115234375,Mouth closed
1713973581.160272,0.629150390625,0.780517578125,-0.181884765625,Mouth closed
1713973581.201037,0.628173828125,0.782470703125,-0.180419921875,Mouth closed
1713973581.239785,0.62841796875,0.78076171875,-0.178955078125,Mouth closed
1713973581.280833,0.626708984375,0.7822265625,-0.183837890625,Mouth closed
1713973581.31787,0.630126953125,0.783203125,-0.1796875,Mouth closed
1713973581.359012,0.628662109375,0.781005859375,-0.177490234375,Mouth closed
1713973581.398335,0.62841796875,0.781982421875,-0.176513671875,Mouth closed
1713973581.438185,0.62841796875,0.78271484375,-0.178955078125,Mouth closed
1713973581.482645,0.63037109375,0.779541015625,-0.17919921875,Mouth closed
1713973581.520556,0.624755859375,0.77734375,-0.18408203125,Mouth closed
1713973581.560686,0.62841796875,0.779541015625,-0.180419921875,Mouth closed
1713973581.598956,0.62841796875,0.779296875,-0.179931640625,Mouth closed
1713973581.639893,0.626953125,0.780029296875,-0.181884765625,Mouth closed
1713973581.682032,0.62890625,0.78076171875,-0.182861328125,Mouth closed
1713973581.727302,0.630615234375,0.780517578125,-0.181396484375,Mouth closed
1713973581.760164,0.62890625,0.78369140625,-0.1845703125,Mouth closed
1713973581.800386,0.629150390625,0.781494140625,-0.181396484375,Mouth closed
1713973581.846661,0.62744140625,0.77978515625,-0.180419921875,Mouth closed
1713973581.883294,0.629150390625,0.782470703125,-0.180908203125,Mouth closed
1713973581.927583,0.625732421875,0.780029296875,-0.18212890625,Mouth closed
1713973581.961197,0.63134765625,0.786376953125,-0.18115234375,Mouth closed
1713973582.00258,0.62646484375,0.78173828125,-0.177734375,Mouth closed
1713973582.041926,0.629638671875,0.782958984375,-0.17919921875,Mouth closed
1713973582.08008,0.627197265625,0.781494140625,-0.1796875,Mouth closed
1713973582.120953,0.62451171875,0.7822265625,-0.179931640625,Mouth closed
1713973582.161178,0.628173828125,0.779541015625,-0.185546875,Mouth closed
1713973582.201828,0.6279296875,0.783203125,-0.180908203125,Mouth closed
1713973582.24192,0.626708984375,0.78076171875,-0.184326171875,Mouth closed
1713973582.292588,0.626708984375,0.782470703125,-0.183349609375,Mouth closed
1713973582.322335,0.62890625,0.78076171875,-0.181884765625,Mouth closed
1713973582.360966,0.627197265625,0.7802734375,-0.184326171875,Mouth closed
1713973582.40218,0.628173828125,0.7822265625,-0.18212890625,Mouth closed
1713973582.442319,0.62841796875,0.782470703125,-0.181640625,Mouth closed
1713973582.483384,0.62451171875,0.78173828125,-0.184326171875,Mouth closed
1713973582.526331,0.62548828125,0.78076171875,-0.18212890625,Mouth closed
1713973582.56392,0.626220703125,0.7841796875,-0.1787109375,Mouth closed
1713973582.60334,0.62646484375,0.787109375,-0.17822265625,Mouth closed
1713973582.641215,0.625244140625,0.7841796875,-0.1806640625,Mouth closed
1713973582.683402,0.6240234375,0.7841796875,-0.173583984375,Mouth closed
1713973582.721185,0.62744140625,0.786376953125,-0.180908203125,Mouth closed
1713973582.760987,0.62353515625,0.784423828125,-0.1787109375,Mouth closed
1713973582.801964,0.62353515625,0.781982421875,-0.180908203125,Mouth closed
1713973582.843863,0.624755859375,0.784912109375,-0.180908203125,Mouth closed
1713973582.882699,0.629150390625,0.78515625,-0.183349609375,Mouth closed
1713973582.922134,0.625,0.7822265625,-0.181640625,Mouth closed
1713973582.967999,0.624267578125,0.783447265625,-0.184326171875,Mouth closed
1713973583.00475,0.629150390625,0.78369140625,-0.18212890625,Mouth closed
1713973583.044983,0.62841796875,0.781982421875,-0.182373046875,Mouth closed
1713973583.086734,0.62744140625,0.780517578125,-0.181396484375,Mouth closed
1713973583.136239,0.626953125,0.781494140625,-0.1826171875,Mouth closed
1713973583.164848,0.626220703125,0.781494140625,-0.18115234375,Mouth closed
1713973583.206686,0.62646484375,0.7841796875,-0.17822265625,Mouth closed
1713973583.242982,0.625244140625,0.7841796875,-0.177978515625,Mouth closed
1713973583.290979,0.63134765625,0.789306640625,-0.17822265625,Mouth closed
1713973583.3269,0.62841796875,0.78173828125,-0.17626953125,Mouth closed
1713973583.364933,0.63037109375,0.783447265625,-0.177734375,Mouth closed
1713973583.40655,0.625244140625,0.784423828125,-0.178955078125,Mouth closed
1713973583.445138,0.624755859375,0.782958984375,-0.1806640625,Mouth closed
1713973583.483039,0.626708984375,0.78271484375,-0.1826171875,Mouth closed
1713973583.524109,0.62548828125,0.778564453125,-0.18017578125,Mouth closed
1713973583.563926,0.62548828125,0.779541015625,-0.1806640625,Mouth closed
1713973583.605995,0.6279296875,0.779296875,-0.18212890625,Mouth closed
1713973583.647259,0.62548828125,0.780517578125,-0.185302734375,Mouth closed
1713973583.688834,0.628173828125,0.780029296875,-0.18310546875,Mouth closed
1713973583.725228,0.629638671875,0.78271484375,-0.1806640625,Mouth closed
1713973583.765169,0.6279296875,0.781494140625,-0.1845703125,Mouth closed
1713973583.805902,0.62646484375,0.780029296875,-0.18212890625,Mouth closed
1713973583.845012,0.6259765625,0.783447265625,-0.179931640625,Mouth closed
1713973583.884542,0.6259765625,0.78369140625,-0.179443359375,Mouth closed
1713973583.924034,0.62939453125,0.7802734375,-0.180908203125,Mouth closed
1713973583.963296,0.626220703125,0.78271484375,-0.178466796875,Mouth closed
1713973584.003296,0.629638671875,0.78564453125,-0.179931640625,Mouth closed
1713973584.044614,0.6279296875,0.780029296875,-0.181396484375,Mouth closed
1713973584.086621,0.626708984375,0.780029296875,-0.18359375,Mouth closed
1713973584.123862,0.626708984375,0.777587890625,-0.1845703125,Mouth closed
1713973584.166769,0.6279296875,0.77978515625,-0.18408203125,Mouth closed
1713973584.207059,0.624755859375,0.77734375,-0.185302734375,Mouth closed
1713973584.246,0.62890625,0.7841796875,-0.183349609375,Mouth closed
1713973584.291132,0.628662109375,0.780517578125,-0.18212890625,Mouth closed
1713973584.327846,0.629150390625,0.784912109375,-0.18212890625,Mouth closed
1713973584.368746,0.626220703125,0.78173828125,-0.183837890625,Mouth closed
1713973584.406701,0.626220703125,0.78173828125,-0.1826171875,Mouth closed
1713973584.459918,0.624755859375,0.78173828125,-0.1826171875,Mouth closed
1713973584.487858,0.62548828125,0.784423828125,-0.18115234375,Mouth closed
1713973584.532842,0.623779296875,0.781005859375,-0.182373046875,Mouth closed
1713973584.566658,0.630126953125,0.7841796875,-0.1796875,Mouth closed
1713973584.615301,0.6298828125,0.782958984375,-0.17919921875,Mouth closed
1713973584.644894,0.631103515625,0.78564453125,-0.1787109375,Mouth closed
1713973584.693007,0.626708984375,0.783447265625,-0.177978515625,Mouth closed
1713973584.730343,0.6279296875,0.781494140625,-0.18115234375,Mouth closed
1713973584.771317,0.62890625,0.7802734375,-0.18310546875,Mouth closed
1713973584.808933,0.62353515625,0.781005859375,-0.181884765625,Mouth closed
1713973584.84819,0.62744140625,0.7822265625,-0.1796875,Mouth closed
1713973584.885958,0.629150390625,0.779541015625,-0.181884765625,Mouth closed
1713973584.93261,0.631103515625,0.781005859375,-0.183837890625,Mouth closed
1713973584.965074,0.626953125,0.783203125,-0.179443359375,Mouth closed
1713973585.015238,0.629150390625,0.780029296875,-0.18408203125,Mouth closed
1713973585.052561,0.62548828125,0.781982421875,-0.181640625,Mouth closed
1713973585.089422,0.626708984375,0.78173828125,-0.181396484375,Mouth closed
1713973585.131242,0.626220703125,0.782470703125,-0.18212890625,Mouth closed
1713973585.170009,0.625244140625,0.783203125,-0.1796875,Mouth closed
1713973585.208733,0.630126953125,0.783935546875,-0.181396484375,Mouth closed
1713973585.249398,0.62939453125,0.781005859375,-0.17724609375,Mouth closed
1713973585.286458,0.631103515625,0.78125,-0.17626953125,Mouth closed
1713973585.32492,0.629150390625,0.782958984375,-0.177490234375,Mouth closed
1713973585.365196,0.628173828125,0.78369140625,-0.178466796875,Mouth closed
1713973585.404893,0.62548828125,0.78125,-0.18408203125,Mouth closed
1713973585.445321,0.627685546875,0.78466796875,-0.18505859375,Mouth closed
1713973585.48586,0.628173828125,0.784423828125,-0.183349609375,Mouth closed
1713973585.527128,0.6259765625,0.7841796875,-0.182373046875,Mouth closed
1713973585.566873,0.627685546875,0.783447265625,-0.183349609375,Mouth closed
1713973585.606981,0.628173828125,0.78369140625,-0.181640625,Mouth closed
1713973585.649897,0.627197265625,0.781982421875,-0.18115234375,Mouth closed
1713973585.688575,0.6279296875,0.783203125,-0.18359375,Mouth closed
1713973585.72858,0.624755859375,0.781982421875,-0.18310546875,Mouth closed
1713973585.766992,0.625,0.78369140625,-0.1826171875,Mouth closed
1713973585.810156,0.6240234375,0.7841796875,-0.181396484375,Mouth closed
1713973585.850206,0.62353515625,0.786376953125,-0.18017578125,Mouth closed
1713973585.88809,0.626220703125,0.784912109375,-0.1806640625,Mouth closed
1713973585.927348,0.623046875,0.780517578125,-0.176025390625,Mouth closed
1713973585.965307,0.62939453125,0.785888671875,-0.1806640625,Mouth closed
1713973586.006859,0.625,0.78173828125,-0.179931640625,Mouth open
1713973586.04846,0.627197265625,0.78173828125,-0.183837890625,Mouth open
1713973586.088395,0.62353515625,0.780029296875,-0.18212890625,Mouth open
1713973586.127049,0.624755859375,0.783935546875,-0.183837890625,Mouth open
1713973586.171995,0.625,0.782470703125,-0.185546875,Mouth open
1713973586.214681,0.6240234375,0.782958984375,-0.181396484375,Mouth open
1713973586.250395,0.62646484375,0.781982421875,-0.184326171875,Mouth open
1713973586.287513,0.62646484375,0.779541015625,-0.185791015625,Mouth open
1713973586.32905,0.627685546875,0.784423828125,-0.18505859375,Mouth open
1713973586.371903,0.62158203125,0.779541015625,-0.18505859375,Mouth open
1713973586.413102,0.623779296875,0.783203125,-0.182861328125,Mouth open
1713973586.448833,0.624267578125,0.78466796875,-0.18212890625,Mouth open
1713973586.492692,0.6240234375,0.78271484375,-0.182373046875,Mouth open
1713973586.534556,0.627197265625,0.7880859375,-0.181396484375,Mouth open
1713973586.574068,0.624267578125,0.7841796875,-0.183349609375,Mouth open
1713973586.612001,0.6240234375,0.7861328125,-0.177490234375,Mouth open
1713973586.651394,0.625732421875,0.787353515625,-0.181396484375,Mouth open
1713973586.690862,0.621826171875,0.785400390625,-0.181884765625,Mouth open
1713973586.72903,0.623291015625,0.782470703125,-0.185302734375,Mouth open
1713973586.767521,0.62353515625,0.7841796875,-0.182861328125,Mouth open
1713973586.80879,0.625732421875,0.78515625,-0.18603515625,Mouth open
1713973586.847338,0.624267578125,0.782958984375,-0.1845703125,Mouth open
1713973586.887935,0.624755859375,0.78466796875,-0.186279296875,Mouth open
1713973586.92812,0.623779296875,0.785888671875,-0.1865234375,Mouth open
1713973586.970717,0.62646484375,0.783203125,-0.1826171875,Mouth open
1713973587.009158,0.62548828125,0.783447265625,-0.180419921875,Mouth open
1713973587.050525,0.62548828125,0.781982421875,-0.18359375,Mouth open
1713973587.089046,0.62353515625,0.78271484375,-0.182861328125,Mouth open
1713973587.129828,0.62890625,0.784423828125,-0.18017578125,Mouth open
1713973587.16887,0.624267578125,0.781982421875,-0.18017578125,Mouth open
1713973587.209361,0.62890625,0.78466796875,-0.180419921875,Mouth open
1713973587.248756,0.62548828125,0.78173828125,-0.1787109375,Mouth open
1713973587.287956,0.628662109375,0.785400390625,-0.176513671875,Mouth open
1713973587.333206,0.627197265625,0.78173828125,-0.181396484375,Mouth open
1713973587.371236,0.62646484375,0.78369140625,-0.181396484375,Mouth open
1713973587.411046,0.62548828125,0.7802734375,-0.18310546875,Mouth open
1713973587.452937,0.624755859375,0.7841796875,-0.181884765625,Mouth open
1713973587.502079,0.623779296875,0.78173828125,-0.181640625,Mouth open
1713973587.530478,0.624755859375,0.78564453125,-0.18212890625,Mouth open
1713973587.575799,0.62548828125,0.78369140625,-0.18408203125,Mouth open
1713973587.611554,0.62646484375,0.782470703125,-0.18212890625,Mouth open
1713973587.652703,0.62548828125,0.7822265625,-0.182373046875,Mouth open
1713973587.699841,0.626953125,0.782470703125,-0.18408203125,Mouth open
1713973587.731134,0.625244140625,0.783447265625,-0.182373046875,Mouth open
1713973587.774217,0.625732421875,0.78271484375,-0.18310546875,Mouth open
1713973587.811873,0.62646484375,0.7880859375,-0.186767578125,Mouth open
1713973587.851882,0.638671875,0.783935546875,-0.184326171875,Mouth open
1713973587.890464,0.636962890625,0.773193359375,-0.176513671875,Mouth open
1713973587.930618,0.6416015625,0.76708984375,-0.17431640625,Mouth open
1713973587.968995,0.63671875,0.76806640625,-0.183349609375,Mouth open
1713973588.011611,0.646728515625,0.767578125,-0.181884765625,Mouth open
1713973588.051033,0.642578125,0.771240234375,-0.187255859375,Mouth open
1713973588.092511,0.64208984375,0.76806640625,-0.1865234375,Mouth open
1713973588.131155,0.645751953125,0.76416015625,-0.19677734375,Mouth open
1713973588.172041,0.638916015625,0.75830078125,-0.205322265625,Mouth open
1713973588.211825,0.640380859375,0.756591796875,-0.209716796875,Mouth open
1713973588.252067,0.642333984375,0.760498046875,-0.207275390625,Mouth open
1713973588.292128,0.64208984375,0.766845703125,-0.209228515625,Mouth open
1713973588.333858,0.639892578125,0.763916015625,-0.20263671875,Mouth open
1713973588.371813,0.640380859375,0.763671875,-0.2080078125,Mouth open
1713973588.411886,0.636962890625,0.764892578125,-0.207763671875,Mouth open
1713973588.452958,0.638671875,0.764404296875,-0.203369140625,Mouth open
1713973588.491736,0.643798828125,0.762939453125,-0.200439453125,Mouth open
1713973588.532319,0.6396484375,0.7607421875,-0.198974609375,Mouth open
1713973588.573679,0.64208984375,0.765380859375,-0.200439453125,Mouth open
1713973588.610875,0.640625,0.76953125,-0.197509765625,Mouth open
1713973588.651772,0.642333984375,0.765869140625,-0.20068359375,Mouth open
1713973588.692439,0.641845703125,0.767578125,-0.200927734375,Mouth open
1713973588.732864,0.637939453125,0.76904296875,-0.201171875,Mouth open
1713973588.773923,0.636474609375,0.767578125,-0.20263671875,Mouth open
1713973588.819227,0.635498046875,0.766357421875,-0.2060546875,Mouth open
1713973588.852837,0.640625,0.7666015625,-0.203857421875,Mouth open
1713973588.894022,0.638916015625,0.763916015625,-0.203369140625,Mouth open
1713973588.933159,0.6376953125,0.764892578125,-0.205322265625,Mouth open
1713973588.973879,0.637939453125,0.766357421875,-0.20263671875,Mouth open
1713973589.014026,0.636474609375,0.7646484375,-0.200927734375,Mouth open
1713973589.054655,0.635986328125,0.768310546875,-0.2001953125,Mouth open
1713973589.097724,0.635498046875,0.769287109375,-0.20068359375,Mouth open
1713973589.135275,0.637939453125,0.767578125,-0.197021484375,Mouth open
1713973589.173895,0.635498046875,0.76708984375,-0.1953125,Mouth open
1713973589.214201,0.640625,0.768798828125,-0.1982421875,Mouth open
1713973589.253743,0.635986328125,0.771728515625,-0.19287109375,Mouth open
1713973589.295113,0.63525390625,0.766357421875,-0.19775390625,Mouth open
1713973589.333726,0.635986328125,0.76953125,-0.197021484375,Mouth open
1713973589.373827,0.636474609375,0.76708984375,-0.198486328125,Mouth open
1713973589.416117,0.633056640625,0.769287109375,-0.19921875,Mouth open
1713973589.454867,0.63623046875,0.76953125,-0.201416015625,Mouth open
1713973589.496187,0.636474609375,0.77001953125,-0.198486328125,Mouth open
1713973589.542002,0.636474609375,0.76953125,-0.197021484375,Mouth open
1713973589.57577,0.636474609375,0.770751953125,-0.200439453125,Mouth open
1713973589.619196,0.63525390625,0.770263671875,-0.195068359375,Mouth open
1713973589.657762,0.634765625,0.769775390625,-0.19873046875,Mouth open
1713973589.699836,0.6337890625,0.769775390625,-0.2001953125,Mouth open
1713973589.735841,0.64208984375,0.771728515625,-0.19677734375,Mouth open
1713973589.779505,0.63720703125,0.765625,-0.195556640625,Mouth open
1713973589.818766,0.6376953125,0.7705078125,-0.19287109375,Mouth open
1713973589.860448,0.63916015625,0.774169921875,-0.197998046875,Mouth open
1713973589.895809,0.635498046875,0.772705078125,-0.193115234375,Mouth open
1713973589.934643,0.635986328125,0.772216796875,-0.1962890625,Mouth open
1713973589.975279,0.63720703125,0.7744140625,-0.19921875,Mouth open
1713973590.018846,0.63818359375,0.770263671875,-0.1982421875,Mouth open
1713973590.055845,0.637451171875,0.7666015625,-0.193359375,Mouth open
1713973590.101864,0.6435546875,0.764404296875,-0.1904296875,Mouth open
1713973590.139858,0.63916015625,0.76708984375,-0.193359375,Mouth open
1713973590.177972,0.641845703125,0.764404296875,-0.190673828125,Mouth open
1713973590.217435,0.644775390625,0.765625,-0.192138671875,Mouth open
1713973590.257783,0.640380859375,0.7666015625,-0.193115234375,Mouth open
1713973590.297813,0.639892578125,0.766845703125,-0.194580078125,Mouth open
1713973590.338758,0.635986328125,0.7705078125,-0.191162109375,Mouth open
1713973590.378496,0.640380859375,0.7724609375,-0.190673828125,Mouth open
1713973590.421006,0.637451171875,0.76904296875,-0.189208984375,Mouth open
1713973590.457916,0.64208984375,0.77294921875,-0.187255859375,Mouth open
1713973590.497573,0.63671875,0.770751953125,-0.186767578125,Mouth open
1713973590.537816,0.635986328125,0.766845703125,-0.18994140625,Mouth open
1713973590.575911,0.638427734375,0.768798828125,-0.193359375,Mouth open
1713973590.616157,0.633544921875,0.77099609375,-0.195556640625,Mouth open
1713973590.656962,0.635498046875,0.77099609375,-0.19189453125,Mouth open
1713973590.703292,0.636962890625,0.771240234375,-0.191162109375,Mouth open
1713973590.739466,0.637939453125,0.768310546875,-0.193115234375,Mouth open
1713973590.779439,0.638427734375,0.7646484375,-0.1953125,Mouth open
1713973590.817716,0.64013671875,0.766357421875,-0.191650390625,Mouth open
1713973590.870887,0.64111328125,0.76708984375,-0.196044921875,Mouth open
1713973590.898806,0.638427734375,0.765869140625,-0.1953125,Mouth open
1713973590.941524,0.635498046875,0.768310546875,-0.193115234375,Mouth open
1713973590.98508,0.64501953125,0.7724609375,-0.193359375,Mouth open
1713973591.020486,0.638671875,0.766357421875,-0.191650390625,Mouth open
1713973591.062528,0.63818359375,0.770751953125,-0.191162109375,Mouth open
1713973591.099243,0.6376953125,0.772216796875,-0.19091796875,Mouth open
1713973591.142691,0.63720703125,0.76953125,-0.190185546875,Mouth open
1713973591.180357,0.63671875,0.76904296875,-0.1943359375,Mouth open
1713973591.219824,0.63720703125,0.7734375,-0.194580078125,Mouth open
1713973591.256258,0.63818359375,0.772216796875,-0.196044921875,Mouth open
1713973591.298259,0.634521484375,0.768798828125,-0.193603515625,Mouth open
1713973591.341008,0.640625,0.7705078125,-0.197021484375,Mouth open
1713973591.376421,0.635986328125,0.770263671875,-0.197021484375,Mouth open
1713973591.420514,0.637939453125,0.767333984375,-0.198974609375,Mouth open
1713973591.465884,0.64013671875,0.76611328125,-0.197265625,Mouth open
1713973591.499359,0.6357421875,0.76513671875,-0.196044921875,Mouth open
1713973591.542779,0.636962890625,0.771484375,-0.198486328125,Mouth open
1713973591.581166,0.637451171875,0.773193359375,-0.197509765625,Mouth open
1713973591.624063,0.639404296875,0.770263671875,-0.191650390625,Mouth open
1713973591.658524,0.634765625,0.76806640625,-0.187255859375,Mouth open
1713973591.697997,0.639892578125,0.775634765625,-0.19189453125,Mouth open
1713973591.73938,0.638427734375,0.77099609375,-0.188720703125,Mouth open
1713973591.777729,0.636474609375,0.771484375,-0.192138671875,Mouth open
1713973591.817056,0.636474609375,0.769775390625,-0.1962890625,Mouth open
1713973591.855856,0.638427734375,0.768798828125,-0.1904296875,Mouth open
1713973591.895922,0.636962890625,0.770751953125,-0.1904296875,Mouth open
1713973591.936377,0.6396484375,0.766845703125,-0.1943359375,Mouth open
1713973591.977497,0.637939453125,0.769287109375,-0.19580078125,Mouth open
1713973592.018059,0.638671875,0.7685546875,-0.195556640625,Mouth open
1713973592.057943,0.637939453125,0.768310546875,-0.19189453125,Mouth open
1713973592.097881,0.6357421875,0.767822265625,-0.18994140625,Mouth open
1713973592.137812,0.63818359375,0.771484375,-0.1923828125,Mouth open
1713973592.18466,0.6357421875,0.770263671875,-0.195068359375,Mouth open
1713973592.223745,0.636474609375,0.770751953125,-0.193115234375,Mouth open
1713973592.262287,0.635498046875,0.771484375,-0.193115234375,Mouth open
1713973592.300234,0.632080078125,0.770263671875,-0.191650390625,Mouth open
1713973592.339231,0.63818359375,0.771484375,-0.193603515625,Mouth open
1713973592.378717,0.636474609375,0.773193359375,-0.1904296875,Mouth open
1713973592.42512,0.636474609375,0.772216796875,-0.192626953125,Mouth open
1713973592.45783,0.635498046875,0.771484375,-0.192626953125,Mouth open
1713973592.50331,0.639892578125,0.76806640625,-0.1943359375,Mouth open
1713973592.536672,0.6357421875,0.768798828125,-0.19384765625,Mouth open
1713973592.584974,0.642333984375,0.769775390625,-0.191162109375,Mouth open
1713973592.623201,0.63720703125,0.769775390625,-0.189208984375,Mouth open
1713973592.662496,0.638916015625,0.77099609375,-0.18896484375,Mouth open
1713973592.69907,0.637939453125,0.774658203125,-0.188232421875,Mouth open
1713973592.7502,0.634521484375,0.77001953125,-0.1884765625,Mouth open
1713973592.778707,0.635498046875,0.77294921875,-0.189453125,Mouth open
1713973592.826489,0.6357421875,0.775634765625,-0.186279296875,Mouth open
1713973592.864945,0.634033203125,0.77392578125,-0.18701171875,Mouth open
1713973592.903937,0.6376953125,0.775634765625,-0.18603515625,Mouth open
1713973592.940795,0.633056640625,0.770751953125,-0.183349609375,Mouth open
1713973592.980338,0.636962890625,0.7763671875,-0.18505859375,Mouth open
1713973593.021055,0.63427734375,0.77392578125,-0.1865234375,Mouth open
1713973593.0623,0.633544921875,0.76904296875,-0.1904296875,Mouth open
1713973593.099679,0.631103515625,0.768310546875,-0.1875,Mouth open
1713973593.139905,0.633056640625,0.77294921875,-0.187744140625,Mouth open
1713973593.180904,0.633544921875,0.778076171875,-0.18896484375,Mouth open
1713973593.21855,0.6318359375,0.77392578125,-0.1845703125,Mouth open
1713973593.259504,0.634765625,0.781005859375,-0.187744140625,Mouth open
1713973593.30098,0.626953125,0.781005859375,-0.194091796875,Mouth open
1713973593.339724,0.64111328125,0.7900390625,-0.167724609375,Mouth open
1713973593.381028,0.634033203125,0.785400390625,-0.177490234375,Mouth open
1713973593.420655,0.6279296875,0.774658203125,-0.189453125,Mouth open
1713973593.461366,0.627685546875,0.765625,-0.202880859375,Mouth open
1713973593.50704,0.62890625,0.771484375,-0.189453125,Mouth open
1713973593.544323,0.636474609375,0.78125,-0.176025390625,Mouth open
1713973593.583825,0.63818359375,0.7841796875,-0.173828125,Mouth open
1713973593.62454,0.631103515625,0.779296875,-0.177978515625,Mouth open
1713973593.67569,0.635009765625,0.778076171875,-0.18115234375,Mouth open
1713973593.70174,0.6318359375,0.7744140625,-0.17919921875,Mouth open
1713973593.753852,0.633056640625,0.7734375,-0.183837890625,Mouth open
1713973593.780585,0.63427734375,0.776611328125,-0.19482421875,Mouth open
1713973593.831762,0.632568359375,0.77197265625,-0.18798828125,Mouth open
1713973593.859686,0.634765625,0.77294921875,-0.1865234375,Mouth open
1713973593.904751,0.637939453125,0.77783203125,-0.17919921875,Mouth open
1713973593.946554,0.629150390625,0.77783203125,-0.1796875,Mouth open
1713973593.986336,0.63134765625,0.782958984375,-0.183837890625,Mouth open
1713973594.019987,0.63525390625,0.78515625,-0.193359375,Mouth open
1713973594.067891,0.63232421875,0.780517578125,-0.19482421875,Mouth open
1713973594.102821,0.63232421875,0.775146484375,-0.196044921875,Mouth open
1713973594.151898,0.6318359375,0.76806640625,-0.195068359375,Mouth open
1713973594.188245,0.64453125,0.76611328125,-0.19677734375,Mouth open
1713973594.221123,0.642822265625,0.759765625,-0.18310546875,Mouth open
1713973594.269035,0.63623046875,0.762939453125,-0.166748046875,Mouth open
1713973594.307976,0.641357421875,0.76904296875,-0.164794921875,Mouth open
1713973594.348468,0.63427734375,0.775390625,-0.163818359375,Mouth open
1713973594.385878,0.630126953125,0.7861328125,-0.167236328125,Mouth open
1713973594.425054,0.628173828125,0.794189453125,-0.173095703125,Mouth open
1713973594.463962,0.6279296875,0.795166015625,-0.17626953125,Mouth open
1713973594.501472,0.624755859375,0.789794921875,-0.172119140625,Mouth open
1713973594.540152,0.625732421875,0.78759765625,-0.175537109375,Mouth open
1713973594.579963,0.62646484375,0.781494140625,-0.180908203125,Mouth open
1713973594.619755,0.63427734375,0.7763671875,-0.1884765625,Mouth open
1713973594.659696,0.6328125,0.77197265625,-0.187255859375,Mouth open
1713973594.700675,0.635009765625,0.768798828125,-0.186767578125,Mouth open
1713973594.741249,0.63623046875,0.7685546875,-0.186279296875,Mouth open
1713973594.783432,0.636962890625,0.767578125,-0.186767578125,Mouth open
1713973594.821202,0.638916015625,0.772216796875,-0.187255859375,Mouth open
1713973594.862706,0.6357421875,0.768310546875,-0.185791015625,Mouth open
1713973594.902023,0.63330078125,0.7783203125,-0.17626953125,Mouth open
1713973594.94383,0.63427734375,0.77734375,-0.1767578125,Mouth open
1713973594.982056,0.63232421875,0.77685546875,-0.1748046875,Mouth open
1713973595.021555,0.631103515625,0.780029296875,-0.172119140625,Mouth open
1713973595.059665,0.631591796875,0.781494140625,-0.177490234375,Mouth open
1713973595.098629,0.632568359375,0.783935546875,-0.1806640625,Mouth open
1713973595.143791,0.628173828125,0.7802734375,-0.181884765625,Mouth open
1713973595.180746,0.63232421875,0.784423828125,-0.187255859375,Mouth open
1713973595.221245,0.629638671875,0.78173828125,-0.190673828125,Mouth open
1713973595.263713,0.63037109375,0.783203125,-0.192626953125,Mouth open
1713973595.320562,0.630615234375,0.777587890625,-0.193359375,Mouth open
1713973595.340511,0.628662109375,0.770751953125,-0.195068359375,Mouth open
1713973595.381062,0.630859375,0.7685546875,-0.2021484375,Mouth open
1713973595.421726,0.635009765625,0.773193359375,-0.201416015625,Mouth open
1713973595.467369,0.634033203125,0.771484375,-0.199951171875,Mouth open
1713973595.502807,0.630615234375,0.77001953125,-0.1953125,Mouth open
1713973595.544639,0.638671875,0.775390625,-0.19970703125,Mouth open
1713973595.582985,0.6328125,0.77294921875,-0.197509765625,Mouth open
1713973595.63546,0.631103515625,0.77197265625,-0.1943359375,Mouth open
1713973595.662787,0.63232421875,0.772216796875,-0.190673828125,Mouth open
1713973595.712029,0.631591796875,0.77392578125,-0.1943359375,Mouth open
1713973595.741812,0.62646484375,0.77880859375,-0.1923828125,Mouth open
1713973595.811328,0.63037109375,0.782470703125,-0.195068359375,Mouth open
1713973595.827714,0.623291015625,0.778564453125,-0.19189453125,Mouth open
1713973595.865826,0.626953125,0.781982421875,-0.195068359375,Mouth open
1713973595.9033,0.62744140625,0.783203125,-0.191162109375,Mouth open
1713973595.944705,0.63037109375,0.78271484375,-0.195556640625,Mouth open
1713973595.987308,0.63037109375,0.78076171875,-0.1962890625,Mouth open
1713973596.037267,0.6298828125,0.777099609375,-0.193115234375,Mouth open
1713973596.062668,0.635009765625,0.77685546875,-0.193359375,Mouth open
1713973596.11365,0.63232421875,0.769775390625,-0.193115234375,Mouth open
1713973596.142571,0.632568359375,0.76953125,-0.193359375,Mouth open
1713973596.184672,0.632568359375,0.777099609375,-0.192138671875,Mouth open
1713973596.231046,0.629638671875,0.777099609375,-0.193603515625,Mouth open
1713973596.272719,0.6298828125,0.778076171875,-0.190673828125,Mouth open
1713973596.308409,0.630859375,0.777587890625,-0.193603515625,Mouth open
1713973596.347487,0.62548828125,0.777099609375,-0.19580078125,Mouth open
1713973596.387899,0.6298828125,0.779541015625,-0.19189453125,Mouth open
1713973596.424696,0.62890625,0.78173828125,-0.19384765625,Mouth open
1713973596.467055,0.625732421875,0.78173828125,-0.193359375,Mouth open
1713973596.508994,0.627685546875,0.78173828125,-0.19091796875,Mouth open
1713973596.5453,0.62939453125,0.7783203125,-0.1923828125,Mouth open
1713973596.584709,0.626220703125,0.77783203125,-0.193115234375,Mouth open
1713973596.623503,0.62744140625,0.7802734375,-0.19189453125,Mouth open
1713973596.672572,0.6298828125,0.78466796875,-0.193359375,Mouth open
1713973596.710622,0.6279296875,0.7783203125,-0.191650390625,Mouth open
1713973596.750088,0.626220703125,0.78125,-0.188232421875,Mouth open
1713973596.787609,0.627197265625,0.78369140625,-0.18896484375,Mouth open
1713973596.828369,0.62451171875,0.780029296875,-0.186279296875,Mouth open
1713973596.864149,0.628173828125,0.7802734375,-0.18994140625,Mouth open
1713973596.905143,0.625,0.780517578125,-0.189208984375,Mouth open
1713973596.944594,0.63134765625,0.77783203125,-0.19384765625,Mouth open
1713973596.984581,0.6259765625,0.774169921875,-0.185302734375,Mouth open
1713973597.025847,0.630615234375,0.778564453125,-0.189208984375,Mouth open
1713973597.063521,0.626220703125,0.779541015625,-0.188720703125,Mouth open
1713973597.104903,0.626953125,0.77734375,-0.1875,Mouth open
1713973597.144557,0.62890625,0.78125,-0.1875,Mouth open
1713973597.183762,0.627197265625,0.776611328125,-0.18798828125,Mouth open
1713973597.223987,0.62939453125,0.779541015625,-0.189453125,Mouth open
1713973597.264211,0.623779296875,0.779052734375,-0.187255859375,Mouth open
1713973597.304737,0.62744140625,0.7783203125,-0.185546875,Mouth open
1713973597.344698,0.630859375,0.775634765625,-0.18701171875,Mouth open
1713973597.384643,0.633544921875,0.78076171875,-0.184326171875,Mouth open
1713973597.429662,0.62646484375,0.7783203125,-0.1884765625,Mouth open
1713973597.468272,0.62841796875,0.77783203125,-0.1904296875,Mouth open
1713973597.509301,0.6279296875,0.7822265625,-0.189208984375,Mouth open
1713973597.545707,0.629638671875,0.77734375,-0.188232421875,Mouth open
1713973597.587371,0.6279296875,0.7783203125,-0.19189453125,Mouth open
1713973597.629218,0.627197265625,0.777099609375,-0.192138671875,Mouth open
1713973597.678415,0.62841796875,0.778564453125,-0.189697265625,Mouth open
1713973597.705206,0.63134765625,0.778076171875,-0.18798828125,Mouth open
1713973597.74452,0.6298828125,0.780029296875,-0.18603515625,Mouth open
1713973597.787064,0.626708984375,0.777099609375,-0.19189453125,Mouth open
1713973597.825048,0.62939453125,0.775390625,-0.192138671875,Mouth open
1713973597.864703,0.629150390625,0.779296875,-0.18701171875,Mouth open
1713973597.91172,0.6337890625,0.782958984375,-0.186279296875,Mouth open
1713973597.946543,0.62939453125,0.77783203125,-0.18701171875,Mouth open
1713973597.985899,0.631103515625,0.78076171875,-0.185302734375,Mouth open
1713973598.02661,0.630126953125,0.779296875,-0.18603515625,Mouth open
1713973598.067117,0.6279296875,0.77587890625,-0.18798828125,Mouth open
1713973598.107474,0.628662109375,0.77587890625,-0.1904296875,Mouth open
1713973598.147602,0.63037109375,0.779052734375,-0.18994140625,Mouth open
1713973598.187028,0.631103515625,0.775146484375,-0.189208984375,Mouth open
1713973598.227457,0.630126953125,0.776611328125,-0.1865234375,Mouth open
1713973598.267471,0.6328125,0.777099609375,-0.19189453125,Mouth open
1713973598.307467,0.628662109375,0.7783203125,-0.19140625,Mouth open
1713973598.347458,0.63037109375,0.78076171875,-0.19091796875,Mouth open
1713973598.3867,0.630615234375,0.781005859375,-0.19189453125,Mouth open
1713973598.426466,0.628662109375,0.775634765625,-0.191650390625,Mouth open
1713973598.46601,0.626220703125,0.7763671875,-0.188232421875,Mouth open
1713973598.506253,0.63427734375,0.78564453125,-0.18896484375,Mouth open
1713973598.548806,0.626708984375,0.774169921875,-0.189697265625,Mouth open
1713973598.586513,0.62841796875,0.77783203125,-0.185302734375,Mouth open
1713973598.626601,0.6298828125,0.779052734375,-0.1865234375,Mouth open
1713973598.667602,0.62646484375,0.77880859375,-0.186767578125,Mouth open
1713973598.707548,0.631591796875,0.777587890625,-0.1904296875,Mouth open
1713973598.747792,0.628173828125,0.77880859375,-0.19140625,Mouth open
1713973598.788736,0.63134765625,0.77587890625,-0.190185546875,Mouth open
1713973598.829098,0.627685546875,0.775146484375,-0.189453125,Mouth open
1713973598.868568,0.629150390625,0.777587890625,-0.19287109375,Mouth open
1713973598.909642,0.628173828125,0.779052734375,-0.188232421875,Mouth open
1713973598.948482,0.627685546875,0.778076171875,-0.190185546875,Mouth open
1713973598.988605,0.630615234375,0.779052734375,-0.189697265625,Mouth open
1713973599.027494,0.627685546875,0.780029296875,-0.18994140625,Mouth open
1713973599.067805,0.6279296875,0.778076171875,-0.189208984375,Mouth open
1713973599.107585,0.628173828125,0.7783203125,-0.188232421875,Mouth open
1713973599.147659,0.62744140625,0.778564453125,-0.1865234375,Mouth open
1713973599.187445,0.627685546875,0.77783203125,-0.18310546875,Mouth open
1713973599.227687,0.63525390625,0.778076171875,-0.1884765625,Mouth open
1713973599.268496,0.629638671875,0.778076171875,-0.1875,Mouth open
1713973599.311053,0.628662109375,0.7763671875,-0.1904296875,Mouth open
1713973599.349415,0.62939453125,0.779052734375,-0.19091796875,Mouth open
1713973599.390147,0.627685546875,0.77783203125,-0.194091796875,Mouth open
1713973599.429452,0.6279296875,0.778564453125,-0.190185546875,Mouth open
1713973599.469859,0.6298828125,0.7783203125,-0.192138671875,Mouth open
1713973599.509133,0.6298828125,0.778564453125,-0.1904296875,Mouth open
1713973599.550403,0.63037109375,0.777587890625,-0.19091796875,Mouth open
1713973599.590927,0.6298828125,0.777099609375,-0.192138671875,Mouth open
1713973599.628494,0.6259765625,0.780029296875,-0.190185546875,Mouth open
1713973599.66886,0.625732421875,0.776123046875,-0.189208984375,Mouth open
1713973599.708197,0.627197265625,0.78125,-0.186279296875,Mouth open
1713973599.746618,0.632568359375,0.7841796875,-0.185546875,Mouth open
1713973599.788047,0.626708984375,0.778564453125,-0.185546875,Mouth open
1713973599.826521,0.626220703125,0.7783203125,-0.180419921875,Mouth open
1713973599.867635,0.632080078125,0.7783203125,-0.190185546875,Mouth open
1713973599.907691,0.62548828125,0.77587890625,-0.188720703125,Mouth open
1713973599.947486,0.62841796875,0.77587890625,-0.190673828125,Mouth open
1713973599.988472,0.62548828125,0.77880859375,-0.19482421875,Mouth open
1713973600.031648,0.630615234375,0.7763671875,-0.193115234375,Mouth open
1713973600.067434,0.627197265625,0.7744140625,-0.18994140625,Mouth open
1713973600.110912,0.631103515625,0.780029296875,-0.19384765625,Mouth open
1713973600.148538,0.626953125,0.77880859375,-0.18701171875,Mouth open
1713973600.189757,0.626953125,0.77978515625,-0.189697265625,Mouth open
1713973600.229655,0.626220703125,0.7783203125,-0.189453125,Mouth open
1713973600.268997,0.626220703125,0.781982421875,-0.1875,Mouth open
1713973600.308672,0.62744140625,0.781005859375,-0.189453125,Mouth open
1713973600.348654,0.62646484375,0.783935546875,-0.190185546875,Mouth open
1713973600.386961,0.630126953125,0.784423828125,-0.1904296875,Mouth open
1713973600.42738,0.6298828125,0.77880859375,-0.189697265625,Mouth open
1713973600.467633,0.62646484375,0.78076171875,-0.185546875,Mouth open
1713973600.50756,0.631591796875,0.780029296875,-0.18896484375,Mouth open
1713973600.548853,0.627197265625,0.78076171875,-0.188720703125,Mouth open
1713973600.589109,0.626953125,0.777099609375,-0.193359375,Mouth open
1713973600.628971,0.631103515625,0.780029296875,-0.189208984375,Mouth open
1713973600.672378,0.630615234375,0.779052734375,-0.191650390625,Mouth open
1713973600.713131,0.62744140625,0.77783203125,-0.188720703125,Mouth open
1713973600.75066,0.633056640625,0.7783203125,-0.18896484375,Mouth open
1713973600.803974,0.627685546875,0.776123046875,-0.1865234375,Mouth open
1713973600.832327,0.6298828125,0.778564453125,-0.189453125,Mouth open
1713973600.881739,0.62841796875,0.77685546875,-0.18798828125,Mouth open
1713973600.91051,0.6298828125,0.778564453125,-0.1875,Mouth open
1713973600.955239,0.626953125,0.78271484375,-0.189453125,Mouth open
1713973600.991481,0.627197265625,0.77880859375,-0.189453125,Mouth open
1713973601.041097,0.634765625,0.781494140625,-0.187744140625,unknown
1713973601.069276,0.63037109375,0.778564453125,-0.188232421875,unknown
1713973601.119618,0.62939453125,0.7783203125,-0.18994140625,unknown
1713973601.148462,0.62890625,0.7802734375,-0.188232421875,unknown
1713973601.193233,0.62744140625,0.777587890625,-0.185791015625,unknown
1713973601.234462,0.63037109375,0.775634765625,-0.189697265625,unknown
1713973601.271761,0.629150390625,0.77685546875,-0.18994140625,unknown
1713973601.314658,0.629150390625,0.776611328125,-0.19140625,unknown
1713973601.354012,0.629638671875,0.779541015625,-0.191650390625,unknown
1713973601.39227,0.628662109375,0.779541015625,-0.1904296875,unknown
1713973601.431393,0.626953125,0.77734375,-0.188720703125,unknown
1713973601.470679,0.629638671875,0.77978515625,-0.1884765625,unknown
1713973601.51238,0.6298828125,0.776611328125,-0.1923828125,unknown
1713973601.551527,0.627685546875,0.775634765625,-0.18798828125,unknown
1713973601.591608,0.6318359375,0.775390625,-0.1904296875,unknown
1713973601.630384,0.62744140625,0.780029296875,-0.188720703125,unknown
1713973601.668432,0.63134765625,0.7783203125,-0.186767578125,unknown
1713973601.708469,0.630126953125,0.778076171875,-0.18701171875,unknown
1713973601.7599,0.633544921875,0.783935546875,-0.18408203125,unknown
1713973601.790797,0.628173828125,0.78125,-0.185791015625,unknown
1713973601.829725,0.62646484375,0.776611328125,-0.18701171875,unknown
1713973601.870387,0.62890625,0.7763671875,-0.189208984375,unknown
1713973601.910564,0.629150390625,0.77734375,-0.18798828125,unknown
1713973601.951367,0.628173828125,0.7763671875,-0.189697265625,unknown
1713973601.994394,0.630859375,0.776123046875,-0.19287109375,unknown
1713973602.033225,0.62890625,0.780517578125,-0.19287109375,unknown
1713973602.072658,0.62841796875,0.7802734375,-0.190185546875,unknown
1713973602.112535,0.63037109375,0.779052734375,-0.189453125,unknown
1713973602.151461,0.62890625,0.776123046875,-0.19091796875,unknown
1713973602.192776,0.62744140625,0.77734375,-0.19091796875,unknown
1713973602.231781,0.63037109375,0.778076171875,-0.190673828125,unknown
1713973602.270979,0.63037109375,0.78076171875,-0.189453125,unknown
1713973602.310616,0.63037109375,0.77734375,-0.18701171875,unknown
1713973602.34941,0.6298828125,0.7783203125,-0.18359375,unknown
1713973602.392535,0.6298828125,0.781494140625,-0.1845703125,unknown
1713973602.4325,0.62890625,0.779541015625,-0.183837890625,unknown
1713973602.471097,0.62841796875,0.775390625,-0.18603515625,unknown
1713973602.524666,0.62841796875,0.777099609375,-0.19140625,unknown
1713973602.55243,0.6337890625,0.7783203125,-0.191650390625,unknown
1713973602.598441,0.62841796875,0.776611328125,-0.18994140625,unknown
1713973602.639742,0.630615234375,0.77978515625,-0.188720703125,unknown
1713973602.675414,0.62744140625,0.779541015625,-0.18603515625,unknown
1713973602.718018,0.62939453125,0.775634765625,-0.19091796875,unknown
1713973602.757343,0.63037109375,0.780029296875,-0.18994140625,unknown
1713973602.794335,0.6298828125,0.77490234375,-0.188720703125,unknown
1713973602.833713,0.627197265625,0.7763671875,-0.18994140625,unknown
1713973602.874444,0.627685546875,0.7802734375,-0.187744140625,unknown
1713973602.913227,0.632568359375,0.782470703125,-0.1875,unknown
1713973602.95312,0.629150390625,0.77685546875,-0.186279296875,unknown
1713973602.990364,0.628662109375,0.779052734375,-0.181640625,unknown
1713973603.030383,0.62939453125,0.782470703125,-0.184326171875,unknown
1713973603.071283,0.62744140625,0.778564453125,-0.18359375,unknown
1713973603.118744,0.62646484375,0.7802734375,-0.189208984375,unknown
1713973603.158183,0.6259765625,0.782958984375,-0.18994140625,unknown
1713973603.197309,0.62744140625,0.78076171875,-0.1923828125,unknown
1713973603.236611,0.626953125,0.779541015625,-0.18798828125,unknown
1713973603.274249,0.631591796875,0.78076171875,-0.188232421875,unknown
1713973603.313875,0.625732421875,0.77734375,-0.1865234375,unknown
1713973603.355494,0.628173828125,0.77734375,-0.185546875,unknown
1713973603.396072,0.628662109375,0.77978515625,-0.18701171875,unknown
1713973603.434949,0.626708984375,0.77783203125,-0.187744140625,unknown
1713973603.474487,0.62646484375,0.7822265625,-0.187255859375,unknown
1713973603.514319,0.624755859375,0.78076171875,-0.186279296875,unknown
1713973603.55804,0.63232421875,0.78271484375,-0.18505859375,unknown
1713973603.593876,0.6279296875,0.780517578125,-0.184814453125,unknown
1713973603.633486,0.62890625,0.785888671875,-0.186767578125,unknown
1713973603.671325,0.6279296875,0.787353515625,-0.1845703125,unknown
1713973603.712346,0.6240234375,0.783447265625,-0.1845703125,unknown
1713973603.7535,0.626220703125,0.779541015625,-0.18798828125,unknown
1713973603.794864,0.627685546875,0.78173828125,-0.1875,unknown
1713973603.833346,0.630615234375,0.776611328125,-0.18994140625,unknown
1713973603.877583,0.629150390625,0.779296875,-0.186767578125,unknown
1713973603.914392,0.63720703125,0.7822265625,-0.180419921875,unknown
1713973603.957,0.63232421875,0.7802734375,-0.180908203125,unknown
1713973603.994341,0.64111328125,0.788330078125,-0.175537109375,unknown
1713973604.034791,0.6357421875,0.794189453125,-0.1689453125,unknown
1713973604.074506,0.630615234375,0.805908203125,-0.171875,unknown
1713973604.114548,0.633056640625,0.81640625,-0.161376953125,unknown
1713973604.155422,0.605712890625,0.777099609375,-0.1708984375,unknown
1713973604.198043,0.61279296875,0.77099609375,-0.1845703125,unknown
1713973604.233459,0.610595703125,0.76611328125,-0.20654296875,unknown
1713973604.275399,0.59033203125,0.762451171875,-0.208740234375,unknown
1713973604.311785,0.61572265625,0.768798828125,-0.211669921875,unknown
1713973604.352591,0.58056640625,0.761962890625,-0.23193359375,unknown
1713973604.392306,0.58740234375,0.77099609375,-0.234130859375,unknown
1713973604.435976,0.58349609375,0.781982421875,-0.24267578125,unknown
1713973604.472504,0.610595703125,0.776123046875,-0.232666015625,unknown
1713973604.514085,0.6357421875,0.79345703125,-0.19189453125,unknown
1713973604.554213,0.603759765625,0.79150390625,-0.194580078125,unknown
1713973604.595556,0.599853515625,0.8017578125,-0.15185546875,unknown
1713973604.633366,0.589111328125,0.822509765625,-0.122314453125,unknown
1713973604.673459,0.601318359375,0.824462890625,-0.070556640625,unknown
1713973604.718451,0.609619140625,0.83740234375,-0.0380859375,unknown
1713973604.755613,0.615478515625,0.830078125,-0.0068359375,unknown
1713973604.795195,0.6044921875,0.8154296875,0.03271484375,unknown
1713973604.836969,0.60595703125,0.84228515625,0.107666015625,unknown
1713973604.882527,0.61669921875,0.822998046875,0.091552734375,unknown
1713973604.913359,0.60791015625,0.81494140625,0.089111328125,unknown
1713973604.958656,0.610595703125,0.806396484375,0.11083984375,unknown
1713973604.992388,0.60498046875,0.818359375,0.129150390625,unknown
1713973605.03542,0.63623046875,0.8017578125,0.1689453125,unknown
1713973605.076939,0.603271484375,0.801025390625,0.108642578125,unknown
1713973605.117208,0.603759765625,0.821044921875,0.161376953125,unknown
1713973605.155265,0.61865234375,0.80712890625,0.169921875,unknown
1713973605.195739,0.613525390625,0.813720703125,0.183837890625,unknown
1713973605.235417,0.61328125,0.80224609375,0.15283203125,unknown
1713973605.275767,0.5947265625,0.795166015625,0.21337890625,unknown
1713973605.316957,0.60302734375,0.806396484375,0.154296875,unknown
1713973605.354407,0.605712890625,0.798828125,0.182861328125,unknown
1713973605.39528,0.60693359375,0.8017578125,0.18408203125,unknown
1713973605.435711,0.626220703125,0.794921875,0.170166015625,unknown
1713973605.476306,0.618408203125,0.78759765625,0.194091796875,unknown
1713973605.51769,0.612060546875,0.796630859375,0.149169921875,unknown
1713973605.555457,0.62109375,0.804931640625,0.13330078125,unknown
1713973605.596086,0.622314453125,0.807861328125,0.19091796875,unknown
1713973605.63326,0.61572265625,0.794189453125,0.150146484375,unknown
1713973605.675716,0.62646484375,0.8037109375,0.15625,unknown
1713973605.714372,0.6220703125,0.7998046875,0.134033203125,unknown
1713973605.757138,0.62158203125,0.78662109375,0.123046875,unknown
1713973605.795229,0.622802734375,0.80859375,0.140625,unknown
1713973605.839883,0.614501953125,0.79931640625,0.1494140625,unknown
1713973605.875347,0.625,0.7822265625,0.146240234375,unknown
1713973605.918018,0.60595703125,0.79443359375,0.13720703125,unknown
1713973605.956321,0.630615234375,0.805908203125,0.143310546875,unknown
1713973605.998541,0.623046875,0.8095703125,0.13623046875,unknown
1713973606.037794,0.623046875,0.794921875,0.15283203125,unknown
1713973606.07761,0.616943359375,0.792724609375,0.12646484375,unknown
1713973606.123303,0.6240234375,0.79345703125,0.14892578125,unknown
1713973606.159163,0.6298828125,0.79052734375,0.123046875,unknown
1713973606.200229,0.62451171875,0.80126953125,0.137939453125,unknown
1713973606.237232,0.650634765625,0.805908203125,0.157958984375,unknown
1713973606.281068,0.62060546875,0.802978515625,0.116455078125,unknown
1713973606.31876,0.625244140625,0.79248046875,0.1328125,unknown
1713973606.359508,0.6435546875,0.793701171875,0.160400390625,unknown
1713973606.395668,0.618408203125,0.793701171875,0.136474609375,unknown
1713973606.436639,0.63916015625,0.776123046875,0.08984375,unknown
1713973606.476765,0.62890625,0.791748046875,0.12841796875,unknown
1713973606.527325,0.64013671875,0.784912109375,0.143310546875,unknown
1713973606.556455,0.643798828125,0.802490234375,0.1240234375,unknown
1713973606.604645,0.632080078125,0.79443359375,0.144287109375,unknown
1713973606.643377,0.635986328125,0.779296875,0.1201171875,unknown
1713973606.681717,0.635009765625,0.77880859375,0.138671875,unknown
1713973606.720193,0.639404296875,0.79052734375,0.092529296875,unknown
1713973606.759904,0.635986328125,0.80029296875,0.142333984375,unknown
1713973606.798084,0.656982421875,0.78955078125,0.12939453125,unknown
1713973606.837457,0.614501953125,0.778076171875,0.11376953125,unknown
1713973606.875374,0.63916015625,0.780517578125,0.095458984375,unknown
1713973606.915724,0.662109375,0.787841796875,0.135986328125,unknown
1713973606.954722,0.616943359375,0.794921875,0.0849609375,unknown
1713973606.996195,0.6318359375,0.78076171875,0.09814453125,unknown
1713973607.040563,0.6240234375,0.781005859375,0.099853515625,unknown
1713973607.075862,0.6474609375,0.792724609375,0.111572265625,unknown
1713973607.11867,0.642822265625,0.785400390625,0.125244140625,unknown
1713973607.157988,0.628173828125,0.794921875,0.100341796875,unknown
1713973607.197998,0.6376953125,0.793212890625,0.072021484375,unknown
1713973607.236605,0.6494140625,0.78955078125,0.13232421875,unknown
1713973607.276887,0.649658203125,0.776123046875,0.111083984375,unknown
1713973607.31618,0.627197265625,0.7744140625,0.08056640625,unknown
1713973607.357554,0.64453125,0.781005859375,0.111083984375,unknown
1713973607.398037,0.644775390625,0.78173828125,0.100830078125,unknown
1713973607.436473,0.596923828125,0.77197265625,0.04833984375,unknown
1713973607.480542,0.693603515625,0.83349609375,0.195556640625,unknown
1713973607.515297,0.654296875,0.808837890625,0.103271484375,unknown
1713973607.557754,0.64501953125,0.785400390625,0.07763671875,unknown
1713973607.595291,0.638671875,0.751220703125,0.058349609375,unknown
1713973607.636824,0.63037109375,0.76220703125,0.09326171875,unknown
1713973607.677254,0.64111328125,0.7705078125,0.1103515625,unknown
1713973607.718805,0.650390625,0.771240234375,0.124755859375,unknown
1713973607.756855,0.6474609375,0.7783203125,0.137451171875,unknown
1713973607.799541,0.64794921875,0.77734375,0.13330078125,unknown
1713973607.837955,0.631103515625,0.765625,0.123291015625,unknown
1713973607.880291,0.640380859375,0.788330078125,0.15283203125,unknown
1713973607.919616,0.642822265625,0.791748046875,0.14892578125,unknown
1713973607.959755,0.619384765625,0.77880859375,0.133056640625,unknown
1713973607.997653,0.630859375,0.81689453125,0.173095703125,unknown
1713973608.039882,0.65625,0.8046875,0.153564453125,unknown
1713973608.077724,0.62451171875,0.797119140625,0.13623046875,unknown
1713973608.119767,0.62646484375,0.786865234375,0.149169921875,unknown
1713973608.157576,0.61669921875,0.804443359375,0.134765625,unknown
1713973608.200548,0.63427734375,0.79248046875,0.14306640625,unknown
1713973608.236683,0.608642578125,0.792236328125,0.155517578125,unknown
1713973608.275218,0.603271484375,0.808837890625,0.13232421875,unknown
1713973608.315899,0.596435546875,0.800537109375,0.138916015625,unknown
1713973608.357578,0.58642578125,0.8203125,0.148193359375,unknown
1713973608.39692,0.599853515625,0.8173828125,0.213134765625,unknown
1713973608.437374,0.591064453125,0.8056640625,0.196044921875,unknown
1713973608.478472,0.58544921875,0.77099609375,0.18212890625,unknown
1713973608.517209,0.556640625,0.762451171875,0.173828125,unknown
1713973608.557874,0.5693359375,0.782470703125,0.24755859375,unknown
1713973608.598374,0.574462890625,0.798095703125,0.228515625,unknown
1713973608.637153,0.58447265625,0.81591796875,0.2822265625,unknown
1713973608.67933,0.5595703125,0.826171875,0.23681640625,unknown
1713973608.71804,0.582763671875,0.828369140625,0.26953125,unknown
1713973608.756568,0.602783203125,0.820068359375,0.252197265625,unknown
1713973608.796473,0.62451171875,0.797607421875,0.249755859375,unknown
1713973608.836056,0.602783203125,0.7666015625,0.2119140625,unknown
1713973608.876533,0.62548828125,0.77685546875,0.1923828125,unknown
1713973608.917479,0.603759765625,0.7578125,0.2158203125,unknown
1713973608.956192,0.588623046875,0.75048828125,0.24609375,unknown
1713973608.997342,0.572998046875,0.746826171875,0.267333984375,unknown
1713973609.036496,0.547607421875,0.744873046875,0.29150390625,unknown
1713973609.077228,0.54443359375,0.754638671875,0.381103515625,unknown
1713973609.117834,0.56787109375,0.76611328125,0.388671875,unknown
1713973609.159211,0.531494140625,0.775634765625,0.43115234375,unknown
1713973609.197448,0.543701171875,0.78515625,0.443115234375,unknown
1713973609.237499,0.487060546875,0.758056640625,0.443115234375,unknown
1713973609.27722,0.500244140625,0.7763671875,0.515625,unknown
1713973609.31851,0.519287109375,0.771728515625,0.524658203125,unknown
1713973609.35862,0.509765625,0.7578125,0.566650390625,unknown
1713973609.395208,0.499267578125,0.751708984375,0.610107421875,unknown
1713973609.440709,0.504638671875,0.735107421875,0.60498046875,unknown
1713973609.477433,0.49072265625,0.712890625,0.62060546875,unknown
1713973609.521726,0.509765625,0.722900390625,0.60009765625,unknown
1713973609.556238,0.4990234375,0.719482421875,0.573486328125,unknown
1713973609.603311,0.479736328125,0.71533203125,0.566162109375,unknown
1713973609.641034,0.51513671875,0.724365234375,0.52587890625,unknown
1713973609.679363,0.4970703125,0.708984375,0.479248046875,unknown
1713973609.721867,0.50048828125,0.688720703125,0.473388671875,unknown
1713973609.760229,0.518310546875,0.70068359375,0.492431640625,unknown
1713973609.801578,0.5322265625,0.71826171875,0.487060546875,unknown
1713973609.839208,0.522705078125,0.733154296875,0.488037109375,unknown
1713973609.881469,0.5439453125,0.754638671875,0.5,unknown
1713973609.918677,0.546630859375,0.754150390625,0.486083984375,unknown
1713973609.96217,0.54345703125,0.736572265625,0.468994140625,unknown
1713973610.001012,0.554931640625,0.750732421875,0.470947265625,unknown
1713973610.036431,0.536376953125,0.7177734375,0.44775390625,unknown
1713973610.076407,0.5361328125,0.728759765625,0.43408203125,unknown
1713973610.122186,0.5380859375,0.7412109375,0.434814453125,unknown
1713973610.159408,0.5390625,0.746337890625,0.416748046875,unknown
1713973610.200288,0.53271484375,0.747802734375,0.414794921875,unknown
1713973610.236097,0.54736328125,0.75634765625,0.39501953125,unknown
1713973610.27712,0.577392578125,0.719482421875,0.33740234375,unknown
1713973610.318096,0.553466796875,0.754638671875,0.413330078125,unknown
1713973610.365947,0.568603515625,0.759033203125,0.42041015625,unknown
1713973610.398808,0.582763671875,0.74560546875,0.423583984375,unknown
1713973610.441515,0.58154296875,0.729248046875,0.419677734375,unknown
1713973610.478098,0.57275390625,0.724609375,0.42724609375,unknown
1713973610.524367,0.5869140625,0.7314453125,0.432861328125,unknown
1713973610.557329,0.581787109375,0.718994140625,0.432373046875,unknown
1713973610.60425,0.590576171875,0.71533203125,0.4404296875,unknown
1713973610.637171,0.6025390625,0.724365234375,0.438720703125,unknown
1713973610.678589,0.592529296875,0.724365234375,0.4267578125,unknown
1713973610.715264,0.60205078125,0.72607421875,0.40673828125,unknown
1713973610.756231,0.5908203125,0.738037109375,0.4033203125,unknown
1713973610.795202,0.563720703125,0.73583984375,0.40673828125,unknown
1713973610.834174,0.567138671875,0.744384765625,0.360595703125,unknown
1713973610.884187,0.568359375,0.7333984375,0.341064453125,unknown
1713973610.915279,0.58740234375,0.744873046875,0.3564453125,unknown
1713973610.959444,0.59423828125,0.7294921875,0.33935546875,unknown
1713973611.001385,0.673828125,0.708740234375,0.451171875,unknown
1713973611.0379,0.583251953125,0.59130859375,0.494384765625,unknown
1713973611.078471,0.6533203125,0.577392578125,0.537353515625,unknown
1713973611.118895,0.6455078125,0.576416015625,0.59228515625,unknown
1713973611.166286,0.71240234375,0.653076171875,0.581787109375,unknown
1713973611.198295,0.62744140625,0.598388671875,0.542236328125,unknown
1713973611.240311,0.656005859375,0.6806640625,0.51025390625,unknown
1713973611.277589,0.638916015625,0.708251953125,0.43798828125,unknown
1713973611.326842,0.60595703125,0.719482421875,0.401611328125,unknown
1713973611.355411,0.61328125,0.709228515625,0.428955078125,unknown
1713973611.400136,0.622802734375,0.6875,0.41162109375,unknown
1713973611.442304,0.630126953125,0.677734375,0.427734375,unknown
1713973611.476111,0.633056640625,0.69384765625,0.429931640625,unknown
1713973611.523701,0.65673828125,0.67724609375,0.422607421875,unknown
1713973611.559057,0.642578125,0.69970703125,0.39013671875,unknown
1713973611.601388,-0.02880859375,0.656494140625,0.35107421875,unknown
1713973611.641047,0.572265625,0.873046875,0.184326171875,unknown
1713973611.679041,0.5703125,0.84716796875,0.227294921875,unknown
1713973611.719302,0.33154296875,0.641357421875,0.250732421875,unknown
1713973611.757855,0.5048828125,0.800048828125,0.3330078125,unknown
1713973611.797334,0.609375,0.89306640625,0.33935546875,unknown
1713973611.83745,0.60107421875,0.707763671875,0.403564453125,unknown
1713973611.877278,0.53564453125,0.7099609375,0.3759765625,unknown
1713973611.917579,0.60595703125,0.77197265625,0.3828125,unknown
1713973611.956935,0.575439453125,0.8203125,0.38525390625,unknown
1713973611.995657,0.526123046875,0.7861328125,0.3203125,unknown
1713973612.037488,0.575927734375,0.794677734375,0.32958984375,unknown
1713973612.075563,0.56103515625,0.8046875,0.293212890625,unknown
1713973612.114557,0.571533203125,0.79541015625,0.281005859375,unknown
1713973612.154696,0.556396484375,0.8330078125,0.2548828125,unknown
1713973612.224736,0.5400390625,0.818603515625,0.255126953125,unknown
1713973612.239078,0.542724609375,0.81982421875,0.2587890625,unknown
1713973612.275991,0.5615234375,0.781005859375,0.259033203125,unknown
1713973612.319355,0.5810546875,0.777587890625,0.30078125,unknown
1713973612.361087,0.58251953125,0.757568359375,0.252685546875,unknown
1713973612.398162,0.601806640625,0.83740234375,0.229736328125,unknown
1713973612.438534,0.570068359375,0.82177734375,0.2109375,unknown
1713973612.47602,0.505126953125,0.838134765625,0.18212890625,unknown
1713973612.518472,0.52197265625,0.88818359375,0.1904296875,unknown
1713973612.556775,0.5078125,0.88916015625,0.195556640625,unknown
1713973612.597096,0.533935546875,0.882080078125,0.139892578125,unknown
1713973612.637591,0.53662109375,0.8935546875,0.183349609375,unknown
1713973612.674746,0.51806640625,0.869140625,0.187255859375,unknown
1713973612.715339,0.521484375,0.85498046875,0.148193359375,unknown
1713973612.762726,0.528564453125,0.867919921875,0.134521484375,unknown
1713973612.794819,0.5380859375,0.868408203125,0.136474609375,unknown
1713973612.838639,0.5419921875,0.85009765625,0.124755859375,unknown
1713973612.875118,0.57275390625,0.8447265625,0.109130859375,unknown
1713973612.92331,0.5615234375,0.8427734375,0.14599609375,unknown
1713973612.961688,0.550537109375,0.84228515625,0.11767578125,unknown
1713973613.001137,0.628173828125,0.85302734375,0.150634765625,unknown
1713973613.038945,0.671875,0.771484375,0.178466796875,unknown
1713973613.079195,0.792236328125,0.699462890625,0.2041015625,unknown
1713973613.116949,0.81103515625,0.59912109375,0.3076171875,unknown
1713973613.157286,0.774169921875,0.449462890625,0.37890625,unknown
1713973613.197253,0.822509765625,0.373291015625,0.395751953125,unknown
1713973613.235139,0.844482421875,0.219970703125,0.42529296875,unknown
1713973613.276702,0.78857421875,0.263916015625,0.3740234375,unknown
1713973613.316894,0.823486328125,0.281005859375,0.417724609375,unknown
1713973613.355144,0.82470703125,0.251953125,0.523681640625,unknown
1713973613.396546,0.822509765625,0.14501953125,0.52099609375,unknown
1713973613.43656,0.632080078125,0.320068359375,0.037841796875,unknown
1713973613.476234,0.341064453125,0.307861328125,0.134521484375,unknown
1713973613.517847,1.48583984375,-0.67919921875,1.325927734375,unknown
1713973613.557117,-2.0,0.660888671875,-2.0,unknown
1713973613.598498,1.99853515625,-0.401123046875,0.466064453125,unknown
1713973613.639161,0.239013671875,0.33544921875,-0.356689453125,unknown
1713973613.679058,1.104248046875,0.285400390625,0.601806640625,unknown
1713973613.718905,0.782470703125,0.155517578125,0.481201171875,unknown
1713973613.758861,-0.332275390625,0.5107421875,0.313232421875,unknown
1713973613.799008,-0.042236328125,0.290771484375,1.00048828125,unknown
1713973613.839264,-0.76708984375,0.432373046875,0.781982421875,unknown
1713973613.878384,-0.758056640625,0.322021484375,0.51123046875,unknown
1713973613.917039,-1.091064453125,0.421630859375,0.379150390625,unknown
1713973613.958205,-1.05517578125,0.43017578125,0.659423828125,unknown
1713973613.995396,-1.559814453125,0.17919921875,-0.12060546875,unknown
1713973614.036228,-1.0,0.30810546875,0.315185546875,unknown
1713973614.078296,-1.414794921875,0.5068359375,0.1591796875,unknown
1713973614.116301,-0.887939453125,-0.193359375,-0.15576171875,unknown
1713973614.157243,-0.390380859375,-0.08642578125,0.022216796875,unknown
1713973614.199048,0.669921875,0.60546875,0.563720703125,unknown
1713973614.237166,-0.37841796875,1.639892578125,1.98974609375,unknown
1713973614.277924,0.003662109375,-0.125,0.009521484375,unknown
1713973614.317025,-0.772705078125,-0.205078125,-0.59130859375,unknown
1713973614.358547,-1.044677734375,-0.125244140625,0.00732421875,unknown
1713973614.398591,-1.552734375,0.578125,-0.1064453125,unknown
1713973614.438529,-0.611328125,0.238037109375,0.012939453125,unknown
1713973614.479521,-0.519775390625,0.197021484375,0.013427734375,unknown
1713973614.518258,-0.9453125,0.36376953125,0.243408203125,unknown
1713973614.558673,-1.5498046875,0.54541015625,0.59619140625,unknown
1713973614.602619,-1.321044921875,0.44384765625,0.41015625,unknown
1713973614.643676,-1.21728515625,0.419677734375,0.215087890625,unknown
1713973614.679856,-0.559326171875,-0.3046875,-0.022216796875,unknown
1713973614.719926,-0.50244140625,-0.47509765625,0.036865234375,unknown
1713973614.758148,-0.45361328125,-0.590087890625,0.07666015625,unknown
1713973614.798019,-0.0390625,-0.627197265625,0.073486328125,unknown
1713973614.84012,-0.0400390625,-0.90185546875,-0.47607421875,unknown
1713973614.879087,-0.396484375,-1.37451171875,-0.781982421875,unknown
1713973614.920013,-0.8310546875,-1.99853515625,-1.946533203125,unknown
1713973614.96371,-1.005615234375,-1.99853515625,-2.0,unknown
1713973615.001491,0.574462890625,0.682373046875,-1.89013671875,unknown
1713973615.042784,1.057861328125,-1.109375,-2.0,unknown
1713973615.080686,0.274658203125,-0.626708984375,-1.99755859375,unknown
1713973615.120405,-0.39892578125,-1.237548828125,-1.545166015625,unknown
1713973615.161126,-0.683349609375,-1.1572265625,-0.738525390625,unknown
