ts,x_ear,y_ear,z_ear,label
1713448457.989805,0.595703125,0.81103515625,-0.112060546875,unknown
1713448458.017699,0.59716796875,0.817138671875,-0.106689453125,unknown
1713448458.044894,0.609130859375,0.81201171875,-0.1044921875,unknown
1713448458.099562,0.615966796875,0.80615234375,-0.1025390625,unknown
1713448458.125382,0.60888671875,0.809326171875,-0.105224609375,unknown
1713448458.16314,0.59228515625,0.795654296875,-0.128173828125,unknown
1713448458.20366,0.57763671875,0.79248046875,-0.12353515625,unknown
1713448458.243791,0.591552734375,0.802001953125,-0.13037109375,unknown
1713448458.28369,0.588134765625,0.805908203125,-0.119384765625,unknown
1713448458.321599,0.601318359375,0.825439453125,-0.11181640625,unknown
1713448458.360511,0.607421875,0.82373046875,-0.114013671875,unknown
1713448458.40126,0.59521484375,0.812744140625,-0.11474609375,unknown
1713448458.441687,0.5908203125,0.7998046875,-0.134521484375,unknown
1713448458.522576,0.578125,0.79541015625,-0.16455078125,unknown
1713448458.522894,0.565673828125,0.79345703125,-0.15283203125,unknown
1713448458.562255,0.58544921875,0.802734375,-0.154541015625,unknown
1713448458.610588,0.5859375,0.8095703125,-0.14697265625,unknown
1713448458.644241,0.595703125,0.81396484375,-0.155517578125,unknown
1713448458.684434,0.596923828125,0.807861328125,-0.15478515625,unknown
1713448458.723915,0.594482421875,0.80615234375,-0.157470703125,unknown
1713448458.764058,0.597412109375,0.806396484375,-0.15576171875,unknown
1713448458.806941,0.5986328125,0.789794921875,-0.166015625,unknown
1713448458.850171,0.590576171875,0.776611328125,-0.1728515625,unknown
1713448458.884066,0.591796875,0.7734375,-0.165283203125,unknown
1713448458.936132,0.596435546875,0.781982421875,-0.15576171875,unknown
1713448458.962584,0.5927734375,0.791259765625,-0.1484375,unknown
1713448459.005302,0.601806640625,0.80322265625,-0.152099609375,unknown
1713448459.042474,0.60693359375,0.803466796875,-0.1513671875,unknown
1713448459.081434,0.6064453125,0.802001953125,-0.143798828125,unknown
1713448459.121436,0.613037109375,0.79296875,-0.15966796875,unknown
1713448459.165781,0.606689453125,0.78759765625,-0.16357421875,unknown
1713448459.207461,0.602294921875,0.785400390625,-0.166015625,unknown
1713448459.245209,0.603759765625,0.792236328125,-0.17431640625,unknown
1713448459.284083,0.5947265625,0.790771484375,-0.168212890625,unknown
1713448459.331948,0.60009765625,0.788818359375,-0.16845703125,unknown
1713448459.365738,0.599609375,0.78759765625,-0.164794921875,unknown
1713448459.404075,0.596923828125,0.786865234375,-0.145263671875,unknown
1713448459.444695,0.601806640625,0.8056640625,-0.13818359375,unknown
1713448459.485286,0.601318359375,0.811279296875,-0.1396484375,unknown
1713448459.524292,0.599853515625,0.806640625,-0.153076171875,unknown
1713448459.564693,0.599609375,0.798583984375,-0.16162109375,unknown
1713448459.604575,0.602783203125,0.799072265625,-0.15966796875,unknown
1713448459.64644,0.5947265625,0.791259765625,-0.160400390625,unknown
1713448459.685867,0.59375,0.791259765625,-0.16015625,unknown
1713448459.726943,0.59375,0.78955078125,-0.163818359375,unknown
1713448459.768235,0.599365234375,0.796630859375,-0.14697265625,unknown
1713448459.803352,0.594970703125,0.798095703125,-0.150390625,unknown
1713448459.844331,0.60400390625,0.799560546875,-0.142578125,unknown
1713448459.883476,0.605224609375,0.8037109375,-0.138427734375,unknown
1713448459.925175,0.604248046875,0.799560546875,-0.140869140625,unknown
1713448459.964648,0.601318359375,0.79931640625,-0.150634765625,unknown
1713448460.00427,0.600830078125,0.7958984375,-0.15380859375,Get ready
1713448460.045968,0.6044921875,0.791259765625,-0.15576171875,Get ready
1713448460.085613,0.604736328125,0.7880859375,-0.152099609375,Get ready
1713448460.125265,0.60546875,0.790283203125,-0.147705078125,Get ready
1713448460.165922,0.599365234375,0.7900390625,-0.143310546875,Get ready
1713448460.210073,0.60107421875,0.79248046875,-0.13818359375,Get ready
1713448460.247334,0.6044921875,0.80078125,-0.131591796875,Get ready
1713448460.284456,0.6044921875,0.802490234375,-0.134521484375,Get ready
1713448460.323323,0.6083984375,0.79736328125,-0.130126953125,Get ready
1713448460.363484,0.60986328125,0.796142578125,-0.138916015625,Get ready
1713448460.403512,0.61328125,0.79052734375,-0.13818359375,Get ready
1713448460.444066,0.604248046875,0.791259765625,-0.147216796875,Get ready
1713448460.483169,0.6005859375,0.791015625,-0.138916015625,Get ready
1713448460.524209,0.611572265625,0.789794921875,-0.14453125,Get ready
1713448460.563917,0.602783203125,0.79248046875,-0.144775390625,Get ready
1713448460.60437,0.598388671875,0.794189453125,-0.1455078125,Get ready
1713448460.648361,0.5986328125,0.797119140625,-0.143310546875,Get ready
1713448460.688054,0.600341796875,0.797607421875,-0.138427734375,Get ready
1713448460.724233,0.597900390625,0.798095703125,-0.1396484375,Get ready
1713448460.773807,0.596923828125,0.79541015625,-0.14599609375,Get ready
1713448460.805604,0.59814453125,0.798828125,-0.141357421875,Get ready
1713448460.855854,0.605224609375,0.79931640625,-0.138671875,Get ready
1713448460.893441,0.60205078125,0.79833984375,-0.13671875,Get ready
1713448460.92646,0.603759765625,0.79931640625,-0.1357421875,Get ready
1713448460.973055,0.604248046875,0.79736328125,-0.1357421875,Get ready
1713448461.001948,0.60498046875,0.8017578125,-0.138427734375,Get ready
1713448461.056234,0.606201171875,0.794677734375,-0.1376953125,Get ready
1713448461.082379,0.60546875,0.786865234375,-0.138671875,Get ready
1713448461.123252,0.60205078125,0.795654296875,-0.12841796875,Get ready
1713448461.163216,0.612060546875,0.799560546875,-0.138916015625,Get ready
1713448461.218092,0.5986328125,0.7861328125,-0.13427734375,Get ready
1713448461.245179,0.6015625,0.79345703125,-0.1318359375,Get ready
1713448461.284832,0.611328125,0.80224609375,-0.127197265625,Get ready
1713448461.324316,0.60693359375,0.796875,-0.131103515625,Get ready
1713448461.367167,0.603271484375,0.791259765625,-0.133056640625,Get ready
1713448461.4104,0.60986328125,0.799072265625,-0.126708984375,Get ready
1713448461.447605,0.611572265625,0.799560546875,-0.1298828125,Get ready
1713448461.486667,0.605712890625,0.79345703125,-0.129638671875,Get ready
1713448461.524911,0.60400390625,0.7919921875,-0.1279296875,Get ready
1713448461.567277,0.607666015625,0.794921875,-0.1328125,Get ready
1713448461.610308,0.603759765625,0.792724609375,-0.1376953125,Get ready
1713448461.649083,0.60107421875,0.7939453125,-0.13134765625,Get ready
1713448461.690065,0.6064453125,0.80126953125,-0.1279296875,Get ready
1713448461.731424,0.60205078125,0.798828125,-0.125,Get ready
1713448461.763274,0.60693359375,0.802978515625,-0.1181640625,Get ready
1713448461.814082,0.612548828125,0.80615234375,-0.12109375,Get ready
1713448461.844726,0.603271484375,0.78759765625,-0.12939453125,Get ready
1713448461.886981,0.606689453125,0.785400390625,-0.145751953125,Get ready
1713448461.927101,0.60791015625,0.783447265625,-0.144287109375,Get ready
1713448461.972029,0.58447265625,0.792724609375,-0.130859375,Get ready
1713448462.006284,0.59326171875,0.8125,-0.129638671875,Get ready
1713448462.049305,0.602294921875,0.808837890625,-0.134765625,Get ready
1713448462.089716,0.60888671875,0.8056640625,-0.115234375,Get ready
1713448462.126236,0.62158203125,0.793701171875,-0.123046875,Get ready
1713448462.165209,0.61181640625,0.782958984375,-0.134033203125,Get ready
1713448462.206886,0.619140625,0.7822265625,-0.140625,Get ready
1713448462.24636,0.607666015625,0.789306640625,-0.130615234375,Get ready
1713448462.295101,0.595947265625,0.793701171875,-0.13818359375,Get ready
1713448462.329206,0.59375,0.794189453125,-0.125,Get ready
1713448462.365881,0.60498046875,0.802490234375,-0.12109375,Get ready
1713448462.403523,0.603271484375,0.79736328125,-0.11865234375,Get ready
1713448462.444289,0.61181640625,0.801025390625,-0.109375,Get ready
1713448462.484503,0.607421875,0.79931640625,-0.10205078125,Get ready
1713448462.526729,0.595458984375,0.798583984375,-0.09716796875,Get ready
1713448462.570134,0.60205078125,0.814453125,-0.105712890625,Get ready
1713448462.609457,0.595458984375,0.812744140625,-0.113525390625,Get ready
1713448462.645964,0.59375,0.8173828125,-0.1142578125,Get ready
1713448462.693717,0.604736328125,0.8115234375,-0.1201171875,Get ready
1713448462.729829,0.60009765625,0.790283203125,-0.115234375,Get ready
1713448462.766076,0.596923828125,0.7919921875,-0.105224609375,Get ready
1713448462.809434,0.5927734375,0.799560546875,-0.12060546875,Get ready
1713448462.850066,0.594970703125,0.805908203125,-0.113037109375,Get ready
1713448462.8833,0.604736328125,0.81982421875,-0.115966796875,Get ready
1713448462.924111,0.597412109375,0.806884765625,-0.1181640625,Get ready
1713448462.963536,0.618408203125,0.8056640625,-0.135986328125,Get ready
1713448463.005828,0.567138671875,0.7890625,-0.098388671875,Get ready
1713448463.0448,0.581298828125,0.810302734375,-0.096923828125,Get ready
1713448463.085433,0.556640625,0.823974609375,-0.097900390625,Get ready
1713448463.125987,0.5888671875,0.8408203125,-0.081298828125,Get ready
1713448463.165501,0.579833984375,0.843994140625,-0.026123046875,Get ready
1713448463.206092,0.607666015625,0.84033203125,-0.0693359375,Get ready
1713448463.248857,0.57177734375,0.785888671875,-0.115478515625,Get ready
1713448463.28724,0.607666015625,0.78955078125,-0.083984375,Get ready
1713448463.343129,0.642578125,0.821533203125,-0.06884765625,Get ready
1713448463.368331,0.627685546875,0.814208984375,-0.09619140625,Get ready
1713448463.417643,0.602783203125,0.824462890625,-0.044677734375,Get ready
1713448463.44652,0.60498046875,0.826416015625,-0.0673828125,Get ready
1713448463.489492,0.6015625,0.8173828125,-0.08203125,Get ready
1713448463.525099,0.6025390625,0.790771484375,-0.1318359375,Get ready
1713448463.566957,0.61767578125,0.7685546875,-0.16162109375,Get ready
1713448463.610753,0.623291015625,0.766357421875,-0.12744140625,Get ready
1713448463.647466,0.637451171875,0.753173828125,-0.155029296875,Get ready
1713448463.684342,0.630859375,0.7353515625,-0.16259765625,Get ready
1713448463.72432,0.62548828125,0.74609375,-0.1533203125,Get ready
1713448463.765963,0.64990234375,0.770263671875,-0.1669921875,Get ready
1713448463.805153,0.656005859375,0.7705078125,-0.164794921875,Get ready
1713448463.845792,0.6455078125,0.762939453125,-0.15185546875,Get ready
1713448463.888749,0.636962890625,0.7587890625,-0.15478515625,Get ready
1713448463.92642,0.63818359375,0.759765625,-0.17626953125,Get ready
1713448463.966182,0.63427734375,0.759521484375,-0.169921875,Get ready
1713448464.006353,0.6357421875,0.76171875,-0.173095703125,Get ready
1713448464.047759,0.644287109375,0.764892578125,-0.17138671875,Get ready
1713448464.086004,0.64453125,0.7646484375,-0.153564453125,Get ready
1713448464.125518,0.62158203125,0.7705078125,-0.167724609375,Get ready
1713448464.164187,0.627685546875,0.7822265625,-0.175048828125,Get ready
1713448464.203787,0.62548828125,0.78515625,-0.165771484375,Get ready
1713448464.243799,0.633056640625,0.77734375,-0.158447265625,Get ready
1713448464.283238,0.6572265625,0.761474609375,-0.09375,Get ready
1713448464.324401,0.694091796875,0.745849609375,-0.128173828125,Get ready
1713448464.365673,0.668212890625,0.726806640625,-0.162841796875,Get ready
1713448464.404978,0.647705078125,0.71728515625,-0.155517578125,Get ready
1713448464.446862,0.690673828125,0.725830078125,-0.1015625,Get ready
1713448464.486231,0.657470703125,0.74462890625,-0.158203125,Get ready
1713448464.526515,0.655029296875,0.7490234375,-0.1796875,Get ready
1713448464.566223,0.6630859375,0.779541015625,-0.179931640625,Get ready
1713448464.607844,0.635986328125,0.782958984375,-0.178466796875,Get ready
1713448464.653456,0.643310546875,0.798583984375,-0.160400390625,Get ready
1713448464.686133,0.634765625,0.793212890625,-0.1513671875,Get ready
1713448464.730977,0.605712890625,0.779052734375,-0.1630859375,Get ready
1713448464.770179,0.598388671875,0.757568359375,-0.1884765625,Get ready
1713448464.804177,0.582275390625,0.755859375,-0.1728515625,Get ready
1713448464.843195,0.583740234375,0.757568359375,-0.214111328125,Get ready
1713448464.884295,0.612060546875,0.78515625,-0.191162109375,Get ready
1713448464.924453,0.614990234375,0.778564453125,-0.216552734375,Get ready
1713448464.971262,0.636962890625,0.784423828125,-0.23193359375,Get ready
1713448465.009818,0.608642578125,0.7548828125,-0.26220703125,Get ready
1713448465.046425,0.61767578125,0.7470703125,-0.259765625,Get ready
1713448465.086166,0.625244140625,0.747314453125,-0.23291015625,Get ready
1713448465.126834,0.60498046875,0.748291015625,-0.23779296875,Get ready
1713448465.166385,0.60986328125,0.766357421875,-0.234375,Get ready
1713448465.207856,0.6162109375,0.7685546875,-0.222900390625,Get ready
1713448465.246268,0.613037109375,0.760498046875,-0.2177734375,Get ready
1713448465.286365,0.632080078125,0.75732421875,-0.218505859375,Get ready
1713448465.327543,0.64208984375,0.754150390625,-0.19140625,Get ready
1713448465.367477,0.635498046875,0.762451171875,-0.202392578125,Get ready
1713448465.407422,0.643798828125,0.770263671875,-0.235595703125,Get ready
1713448465.448111,0.625732421875,0.777587890625,-0.249267578125,Get ready
1713448465.487623,0.600830078125,0.778564453125,-0.26953125,Get ready
1713448465.524851,0.589599609375,0.76513671875,-0.27294921875,Get ready
1713448465.56865,0.57470703125,0.755859375,-0.266845703125,Get ready
1713448465.605938,0.59716796875,0.755615234375,-0.255859375,Get ready
1713448465.656573,0.637939453125,0.759765625,-0.24951171875,Get ready
1713448465.685874,0.700439453125,0.769775390625,-0.270751953125,Get ready
1713448465.738103,0.73095703125,0.745849609375,-0.22216796875,Get ready
1713448465.769406,0.749267578125,0.733642578125,-0.087646484375,Get ready
1713448465.805786,0.724853515625,0.707275390625,0.093017578125,Get ready
1713448465.846693,0.72509765625,0.725341796875,0.091552734375,Get ready
1713448465.887981,0.663818359375,0.666259765625,0.15869140625,Get ready
1713448465.930338,0.672607421875,0.630615234375,0.2373046875,Get ready
1713448465.97113,0.7568359375,0.6611328125,0.221923828125,Get ready
1713448466.01238,0.740966796875,0.639404296875,0.2470703125,Get ready
1713448466.047382,0.746337890625,0.68115234375,0.1962890625,Get ready
1713448466.089086,0.685546875,0.68017578125,0.1435546875,Get ready
1713448466.125626,0.700927734375,0.7060546875,0.015869140625,Get ready
1713448466.166736,0.650390625,0.70654296875,-0.0263671875,Get ready
1713448466.20815,0.655517578125,0.75732421875,-0.073486328125,Get ready
1713448466.247553,0.66259765625,0.84375,-0.123291015625,Get ready
1713448466.28704,0.6865234375,0.890625,-0.244140625,Get ready
1713448466.328569,0.6279296875,0.8603515625,-0.353515625,Get ready
1713448466.368901,0.565673828125,0.742919921875,-0.437255859375,Get ready
1713448466.408112,0.534912109375,0.68994140625,-0.427734375,Get ready
1713448466.44964,0.53125,0.6923828125,-0.468017578125,Get ready
1713448466.489316,0.543212890625,0.7265625,-0.402099609375,Get ready
1713448466.53554,0.562744140625,0.778564453125,-0.4326171875,Get ready
1713448466.572373,0.548828125,0.762939453125,-0.442138671875,Get ready
1713448466.608668,0.560302734375,0.761474609375,-0.417236328125,Get ready
1713448466.649254,0.54443359375,0.749267578125,-0.411376953125,Get ready
1713448466.69433,0.55517578125,0.771728515625,-0.434326171875,Get ready
1713448466.729789,0.569580078125,0.77392578125,-0.417724609375,Get ready
1713448466.769171,0.619140625,0.78466796875,-0.38134765625,Get ready
1713448466.807691,0.66943359375,0.82568359375,-0.251953125,Get ready
1713448466.849844,0.670654296875,0.79541015625,-0.123046875,Get ready
1713448466.887506,0.631103515625,0.737060546875,-0.00146484375,Get ready
1713448466.927304,0.612548828125,0.724853515625,0.066162109375,Get ready
1713448466.989664,0.610595703125,0.713134765625,0.09814453125,Get ready
1713448467.008201,0.60791015625,0.7197265625,0.118896484375,Get ready
1713448467.053079,0.664794921875,0.75634765625,0.0751953125,Get ready
1713448467.09276,0.676513671875,0.74853515625,0.06640625,Get ready
1713448467.129738,0.692138671875,0.730224609375,-0.02001953125,Get ready
1713448467.170466,0.69677734375,0.737548828125,-0.07470703125,Get ready
1713448467.21329,0.72900390625,0.767822265625,-0.13623046875,Get ready
1713448467.251009,0.71630859375,0.782470703125,-0.2060546875,Get ready
1713448467.292953,0.6953125,0.766845703125,-0.231689453125,Get ready
1713448467.336169,0.634521484375,0.72265625,-0.277587890625,Get ready
1713448467.369225,0.62890625,0.73046875,-0.2802734375,Get ready
1713448467.40947,0.610595703125,0.7236328125,-0.302490234375,Get ready
1713448467.448161,0.557373046875,0.705078125,-0.329345703125,Get ready
1713448467.493022,0.604248046875,0.779541015625,-0.34423828125,Get ready
1713448467.53128,0.5859375,0.76123046875,-0.37939453125,Get ready
1713448467.579182,0.548583984375,0.726806640625,-0.444091796875,Get ready
1713448467.615369,0.525146484375,0.69189453125,-0.440673828125,Get ready
1713448467.656172,0.54638671875,0.701904296875,-0.413330078125,Get ready
1713448467.693393,0.58251953125,0.728271484375,-0.392333984375,Get ready
1713448467.733506,0.61962890625,0.7568359375,-0.32080078125,Get ready
1713448467.770759,0.623046875,0.76953125,-0.332763671875,Get ready
1713448467.812655,0.6708984375,0.771484375,-0.3037109375,Get ready
1713448467.85224,0.712158203125,0.76416015625,-0.224365234375,Get ready
1713448467.890271,0.712158203125,0.7451171875,-0.205810546875,Get ready
1713448467.9312,0.715087890625,0.726806640625,-0.19384765625,Get ready
1713448467.972457,0.72509765625,0.734375,-0.06982421875,Get ready
1713448468.010751,0.71923828125,0.71142578125,0.0341796875,Get ready
1713448468.051723,0.69482421875,0.68701171875,0.052001953125,Get ready
1713448468.090462,0.679443359375,0.693115234375,0.12548828125,Get ready
1713448468.128712,0.64990234375,0.711669921875,0.162841796875,Get ready
1713448468.173248,0.6953125,0.71630859375,0.130615234375,Get ready
1713448468.210194,0.6708984375,0.66357421875,0.072509765625,Get ready
1713448468.248871,0.692626953125,0.664794921875,0.039306640625,Get ready
1713448468.290465,0.693115234375,0.6787109375,0.02099609375,Get ready
1713448468.338214,0.760009765625,0.739990234375,-0.147705078125,Get ready
1713448468.375545,0.7568359375,0.79443359375,-0.296142578125,Get ready
1713448468.411727,0.736572265625,0.81494140625,-0.416259765625,Get ready
1713448468.456172,0.68701171875,0.760498046875,-0.43603515625,Get ready
1713448468.491169,0.6318359375,0.703857421875,-0.421630859375,Get ready
1713448468.532902,0.592529296875,0.6806640625,-0.4150390625,Get ready
1713448468.572119,0.564453125,0.65283203125,-0.4033203125,Get ready
1713448468.618748,0.525146484375,0.658935546875,-0.37451171875,Get ready
1713448468.656969,0.4921875,0.66796875,-0.400146484375,Get ready
1713448468.694698,0.526123046875,0.75,-0.383544921875,Get ready
1713448468.732131,0.601806640625,0.8271484375,-0.37548828125,Get ready
1713448468.771331,0.6513671875,0.892578125,-0.3095703125,Get ready
1713448468.808687,0.65869140625,0.869140625,-0.24853515625,Get ready
1713448468.849225,0.678955078125,0.81396484375,-0.183349609375,Get ready
1713448468.889579,0.6728515625,0.72216796875,-0.113037109375,Get ready
1713448468.930534,0.66259765625,0.657470703125,-0.0546875,Get ready
1713448468.97281,0.682373046875,0.669677734375,-0.01318359375,Get ready
1713448469.012493,0.68359375,0.70751953125,0.015869140625,Get ready
1713448469.053881,0.689208984375,0.777587890625,-0.04296875,Get ready
1713448469.091399,0.65380859375,0.78662109375,-0.103271484375,Get ready
1713448469.135231,0.615234375,0.758544921875,-0.13232421875,Get ready
1713448469.174812,0.642822265625,0.76123046875,-0.177734375,Get ready
1713448469.211142,0.6455078125,0.761474609375,-0.20654296875,Get ready
1713448469.264298,0.620361328125,0.756591796875,-0.222412109375,Get ready
1713448469.29216,0.597412109375,0.766845703125,-0.228759765625,Get ready
1713448469.340862,0.558837890625,0.780029296875,-0.2080078125,Get ready
1713448469.376327,0.5498046875,0.775390625,-0.26513671875,Get ready
1713448469.413522,0.51708984375,0.773193359375,-0.26123046875,Get ready
1713448469.456504,0.519287109375,0.739501953125,-0.271240234375,Get ready
1713448469.496201,0.548583984375,0.78076171875,-0.276611328125,Get ready
1713448469.536192,0.56884765625,0.803466796875,-0.296875,Get ready
1713448469.571116,0.581787109375,0.83642578125,-0.35693359375,Get ready
1713448469.614322,0.591064453125,0.813720703125,-0.44677734375,Get ready
1713448469.650698,0.547607421875,0.787109375,-0.434326171875,Get ready
1713448469.693362,0.563232421875,0.759765625,-0.469970703125,Get ready
1713448469.7334,0.545654296875,0.736083984375,-0.443115234375,Get ready
1713448469.771076,0.5458984375,0.7412109375,-0.44921875,Get ready
1713448469.822024,0.515380859375,0.724609375,-0.430419921875,Get ready
1713448469.851983,0.495361328125,0.70751953125,-0.4462890625,Get ready
1713448469.900731,0.51025390625,0.728759765625,-0.386962890625,Get ready
1713448469.933141,0.548828125,0.755615234375,-0.387939453125,Get ready
1713448469.981916,0.596435546875,0.7333984375,-0.421875,Get ready
1713448470.009994,0.639892578125,0.735107421875,-0.387451171875,Get ready
1713448470.061699,0.64599609375,0.7265625,-0.355224609375,Get ready
1713448470.089026,0.63916015625,0.745849609375,-0.2998046875,Get ready
1713448470.140019,0.59423828125,0.753662109375,-0.266845703125,Get ready
1713448470.169725,0.5986328125,0.7841796875,-0.24755859375,Get ready
1713448470.21992,0.565673828125,0.7734375,-0.21923828125,Get ready
1713448470.250351,0.546630859375,0.737548828125,-0.19189453125,Get ready
1713448470.298737,0.53564453125,0.74560546875,-0.174072265625,Get ready
1713448470.32928,0.575927734375,0.807861328125,-0.21484375,Get ready
1713448470.376221,0.608154296875,0.84765625,-0.258056640625,Get ready
1713448470.416759,0.62646484375,0.863037109375,-0.2646484375,Get ready
1713448470.457153,0.588134765625,0.814453125,-0.27099609375,Get ready
1713448470.495866,0.5830078125,0.771484375,-0.322509765625,Get ready
1713448470.536277,0.57958984375,0.742431640625,-0.28125,Get ready
1713448470.574953,0.597412109375,0.718505859375,-0.256103515625,Get ready
1713448470.610118,0.637939453125,0.755615234375,-0.225341796875,Get ready
1713448470.653421,0.6123046875,0.762939453125,-0.24072265625,Get ready
1713448470.693282,0.600830078125,0.7705078125,-0.263427734375,Get ready
1713448470.732773,0.598876953125,0.77685546875,-0.27783203125,Get ready
1713448470.77149,0.60205078125,0.773193359375,-0.259033203125,Get ready
1713448470.811504,0.58349609375,0.776611328125,-0.244873046875,Get ready
1713448470.863044,0.58154296875,0.7919921875,-0.244140625,Get ready
1713448470.890755,0.583251953125,0.797119140625,-0.27587890625,Get ready
1713448470.941297,0.571533203125,0.773681640625,-0.268798828125,Get ready
1713448470.971097,0.5986328125,0.78369140625,-0.25439453125,Get ready
1713448471.019832,0.6044921875,0.7919921875,-0.241455078125,Get ready
1713448471.057683,0.619140625,0.797119140625,-0.284423828125,Get ready
1713448471.097778,0.591552734375,0.76416015625,-0.283203125,Get ready
1713448471.136684,0.565185546875,0.7275390625,-0.338623046875,Get ready
1713448471.172233,0.553466796875,0.69970703125,-0.418212890625,Get ready
1713448471.216531,0.5634765625,0.700927734375,-0.42919921875,Get ready
1713448471.256034,0.575927734375,0.717529296875,-0.391845703125,Get ready
1713448471.294533,0.58740234375,0.742919921875,-0.366455078125,Get ready
1713448471.336013,0.591796875,0.754150390625,-0.29833984375,Get ready
1713448471.375541,0.597900390625,0.76611328125,-0.311767578125,Get ready
1713448471.416617,0.576416015625,0.76611328125,-0.297607421875,Get ready
1713448471.456378,0.572265625,0.775146484375,-0.2919921875,Get ready
1713448471.498044,0.5654296875,0.7587890625,-0.287109375,Get ready
1713448471.539449,0.5751953125,0.759521484375,-0.28369140625,Get ready
1713448471.580349,0.57861328125,0.760986328125,-0.2998046875,Get ready
1713448471.612163,0.590576171875,0.765625,-0.3046875,Get ready
1713448471.660393,0.583251953125,0.765380859375,-0.297607421875,Get ready
1713448471.692894,0.609130859375,0.76416015625,-0.32763671875,Get ready
1713448471.741542,0.630615234375,0.73388671875,-0.32861328125,Get ready
1713448471.774015,0.621337890625,0.720458984375,-0.3447265625,Get ready
1713448471.816699,0.630859375,0.718994140625,-0.3447265625,Get ready
1713448471.857131,0.614013671875,0.708740234375,-0.340576171875,Get ready
1713448471.899006,0.613037109375,0.715576171875,-0.333740234375,Get ready
1713448471.931051,0.6142578125,0.72607421875,-0.321044921875,Get ready
1713448471.970422,0.61083984375,0.729736328125,-0.284912109375,Get ready
1713448472.011217,0.613525390625,0.74462890625,-0.26953125,Get ready
1713448472.052046,0.602783203125,0.751220703125,-0.265869140625,Get ready
1713448472.091326,0.589599609375,0.762451171875,-0.28369140625,Get ready
1713448472.133038,0.58837890625,0.771240234375,-0.307861328125,Get ready
1713448472.173733,0.58740234375,0.7705078125,-0.319091796875,Get ready
1713448472.212256,0.59326171875,0.769287109375,-0.306396484375,Get ready
1713448472.253992,0.593994140625,0.76025390625,-0.29296875,Get ready
1713448472.293958,0.571533203125,0.747314453125,-0.307861328125,Get ready
1713448472.333891,0.57568359375,0.7568359375,-0.31982421875,Get ready
1713448472.373941,0.57861328125,0.765625,-0.325439453125,Get ready
1713448472.414758,0.588623046875,0.78125,-0.305908203125,Get ready
1713448472.454296,0.594970703125,0.779052734375,-0.294921875,Get ready
1713448472.494985,0.58349609375,0.757080078125,-0.302490234375,Get ready
1713448472.536353,0.59521484375,0.75927734375,-0.281005859375,Get ready
1713448472.579,0.591552734375,0.75634765625,-0.271484375,Get ready
1713448472.613598,0.59228515625,0.765380859375,-0.269775390625,Get ready
1713448472.656195,0.588134765625,0.7705078125,-0.27685546875,Get ready
1713448472.69682,0.586669921875,0.771240234375,-0.27880859375,Get ready
1713448472.732722,0.58984375,0.770751953125,-0.281982421875,Get ready
1713448472.773091,0.584228515625,0.77099609375,-0.274658203125,Get ready
1713448472.814042,0.5859375,0.768798828125,-0.2578125,Get ready
1713448472.85318,0.593017578125,0.7705078125,-0.2587890625,Get ready
1713448472.894665,0.598388671875,0.7744140625,-0.267333984375,Get ready
1713448472.936748,0.603759765625,0.7822265625,-0.266845703125,Get ready
1713448472.973937,0.601806640625,0.7734375,-0.275390625,Get ready
1713448473.02136,0.5986328125,0.762939453125,-0.2744140625,Get ready
1713448473.054333,0.597412109375,0.753662109375,-0.282958984375,Get ready
1713448473.095273,0.58984375,0.75,-0.286376953125,Get ready
1713448473.135995,0.588623046875,0.76025390625,-0.2802734375,Get ready
1713448473.176372,0.59375,0.7646484375,-0.287109375,Get ready
1713448473.215955,0.578125,0.762939453125,-0.284912109375,Get ready
1713448473.257798,0.576171875,0.767578125,-0.27783203125,Get ready
1713448473.298472,0.583251953125,0.7783203125,-0.280517578125,Get ready
1713448473.335985,0.578125,0.779296875,-0.280517578125,Get ready
1713448473.380336,0.584228515625,0.785400390625,-0.275146484375,Get ready
1713448473.420309,0.58154296875,0.78564453125,-0.28125,Get ready
1713448473.455336,0.576904296875,0.77587890625,-0.286376953125,Get ready
1713448473.498627,0.575439453125,0.768310546875,-0.287841796875,Get ready
1713448473.541709,0.577880859375,0.770751953125,-0.2802734375,Get ready
1713448473.576583,0.58544921875,0.78173828125,-0.285400390625,Get ready
1713448473.617379,0.568359375,0.774169921875,-0.29248046875,Get ready
1713448473.657447,0.575927734375,0.774658203125,-0.29541015625,Get ready
1713448473.697671,0.58203125,0.7685546875,-0.309326171875,Get ready
1713448473.736194,0.590576171875,0.756591796875,-0.294677734375,Get ready
1713448473.781949,0.599365234375,0.758056640625,-0.2578125,Get ready
1713448473.818226,0.604248046875,0.754638671875,-0.248291015625,Get ready
1713448473.859235,0.595703125,0.767333984375,-0.24658203125,Get ready
1713448473.897483,0.590087890625,0.766845703125,-0.294189453125,Get ready
1713448473.937908,0.594482421875,0.763671875,-0.29150390625,Get ready
1713448473.978442,0.59326171875,0.76513671875,-0.278564453125,Get ready
1713448474.021152,0.597412109375,0.768310546875,-0.257568359375,Get ready
1713448474.055072,0.603271484375,0.7666015625,-0.263671875,Get ready
1713448474.106091,0.59423828125,0.75732421875,-0.286865234375,Get ready
1713448474.143953,0.5927734375,0.76220703125,-0.285400390625,Get ready
1713448474.176803,0.589599609375,0.7646484375,-0.272705078125,Get ready
1713448474.217116,0.5927734375,0.76806640625,-0.2744140625,Get ready
1713448474.25734,0.585205078125,0.76611328125,-0.264892578125,Get ready
1713448474.301025,0.59130859375,0.770751953125,-0.275390625,Get ready
1713448474.339259,0.5791015625,0.77978515625,-0.271728515625,Get ready
1713448474.37807,0.5830078125,0.79052734375,-0.267822265625,Get ready
1713448474.418276,0.58984375,0.796875,-0.26318359375,Get ready
1713448474.46135,0.5859375,0.7900390625,-0.2802734375,Get ready
1713448474.498275,0.58154296875,0.79541015625,-0.2705078125,Get ready
1713448474.538988,0.584228515625,0.79052734375,-0.295654296875,Get ready
1713448474.57996,0.57080078125,0.78173828125,-0.298095703125,Get ready
1713448474.633464,0.5498046875,0.72705078125,-0.380615234375,Get ready
1713448474.657358,0.58984375,0.7138671875,-0.32470703125,Get ready
1713448474.699478,0.600830078125,0.715576171875,-0.2763671875,Get ready
1713448474.739492,0.609130859375,0.74609375,-0.2509765625,Get ready
1713448474.777271,0.60107421875,0.77197265625,-0.23828125,Get ready
1713448474.817587,0.582275390625,0.785400390625,-0.2421875,Get ready
1713448474.857151,0.58349609375,0.7880859375,-0.241455078125,Get ready
1713448474.899218,0.567138671875,0.802490234375,-0.230712890625,Get ready
1713448474.938229,0.562255859375,0.816650390625,-0.2470703125,Get ready
1713448474.979112,0.55029296875,0.835693359375,-0.249267578125,Get ready
1713448475.019466,0.52392578125,0.82275390625,-0.2958984375,Get ready
1713448475.063031,0.542724609375,0.815673828125,-0.2861328125,Get ready
1713448475.099191,0.552734375,0.801513671875,-0.26318359375,Get ready
1713448475.140239,0.54443359375,0.79296875,-0.30859375,Get ready
1713448475.180024,0.557861328125,0.787841796875,-0.305908203125,Get ready
1713448475.218229,0.5810546875,0.778564453125,-0.2705078125,Get ready
1713448475.257703,0.57666015625,0.76806640625,-0.271240234375,Get ready
1713448475.304039,0.568359375,0.781494140625,-0.275634765625,Get ready
1713448475.337125,0.5625,0.793212890625,-0.266845703125,Get ready
1713448475.380122,0.5439453125,0.79052734375,-0.315673828125,Get ready
1713448475.4214,0.572265625,0.7880859375,-0.266845703125,Get ready
1713448475.464435,0.57763671875,0.777587890625,-0.276611328125,Get ready
1713448475.498079,0.588623046875,0.765625,-0.27001953125,Get ready
1713448475.53971,0.57177734375,0.75927734375,-0.281982421875,Get ready
1713448475.579353,0.58642578125,0.767822265625,-0.264404296875,Get ready
1713448475.618229,0.5908203125,0.778564453125,-0.2705078125,Get ready
1713448475.6591,0.5634765625,0.78955078125,-0.27978515625,Get ready
1713448475.699468,0.556884765625,0.804931640625,-0.293701171875,Get ready
1713448475.739573,0.568359375,0.793701171875,-0.246337890625,Get ready
1713448475.78058,0.566162109375,0.783447265625,-0.28076171875,Get ready
1713448475.822866,0.567138671875,0.79345703125,-0.262451171875,Get ready
1713448475.861684,0.571044921875,0.800048828125,-0.250732421875,Get ready
1713448475.899668,0.581298828125,0.78857421875,-0.280029296875,Get ready
1713448475.940058,0.579833984375,0.781982421875,-0.278564453125,Get ready
1713448475.980063,0.597900390625,0.779541015625,-0.261962890625,Get ready
1713448476.031698,0.601806640625,0.767578125,-0.283447265625,Get ready
1713448476.060212,0.601318359375,0.74609375,-0.3056640625,Get ready
1713448476.100435,0.5966796875,0.73193359375,-0.348388671875,Get ready
1713448476.140374,0.611572265625,0.719482421875,-0.362548828125,Get ready
1713448476.183594,0.60693359375,0.7001953125,-0.371826171875,Get ready
1713448476.223311,0.613037109375,0.709716796875,-0.358642578125,Get ready
1713448476.266222,0.605712890625,0.7109375,-0.339111328125,Get ready
1713448476.302082,0.599853515625,0.726806640625,-0.30517578125,Get ready
1713448476.34215,0.598388671875,0.732666015625,-0.30615234375,Get ready
1713448476.38881,0.586181640625,0.7353515625,-0.32861328125,Get ready
1713448476.422904,0.58935546875,0.7421875,-0.3037109375,Get ready
1713448476.462211,0.59130859375,0.753662109375,-0.303466796875,Get ready
1713448476.501248,0.59912109375,0.77294921875,-0.27685546875,Get ready
1713448476.54428,0.601806640625,0.758544921875,-0.28076171875,Get ready
1713448476.586394,0.5966796875,0.761474609375,-0.281494140625,Get ready
1713448476.628379,0.598876953125,0.76953125,-0.30859375,Get ready
1713448476.660519,0.589599609375,0.7646484375,-0.32177734375,Get ready
1713448476.700243,0.595458984375,0.771728515625,-0.329345703125,Get ready
1713448476.741963,0.605224609375,0.765380859375,-0.328369140625,Get ready
1713448476.78599,0.60498046875,0.75146484375,-0.323486328125,Get ready
1713448476.821446,0.59619140625,0.73681640625,-0.317138671875,Get ready
1713448476.861556,0.59326171875,0.734130859375,-0.3125,Get ready
1713448476.901094,0.586181640625,0.739990234375,-0.29833984375,Get ready
1713448476.940619,0.599365234375,0.755615234375,-0.29833984375,Get ready
1713448476.981004,0.592529296875,0.763671875,-0.296630859375,Get ready
1713448477.021941,0.582275390625,0.769775390625,-0.300537109375,Get ready
1713448477.061111,0.578125,0.76806640625,-0.301513671875,Get ready
1713448477.1046,0.584716796875,0.763427734375,-0.30419921875,Get ready
1713448477.147867,0.58544921875,0.7607421875,-0.290771484375,Get ready
1713448477.181284,0.58837890625,0.76123046875,-0.285888671875,Get ready
1713448477.220262,0.591064453125,0.759765625,-0.281494140625,Get ready
1713448477.262549,0.595947265625,0.76806640625,-0.281005859375,Get ready
1713448477.300573,0.59521484375,0.772705078125,-0.29248046875,Get ready
1713448477.342036,0.58837890625,0.767578125,-0.287841796875,Get ready
1713448477.380389,0.590576171875,0.764404296875,-0.286865234375,Get ready
1713448477.424057,0.586181640625,0.757080078125,-0.297119140625,Get ready
1713448477.461152,0.588134765625,0.7607421875,-0.300537109375,Get ready
1713448477.50118,0.590087890625,0.75927734375,-0.301513671875,Get ready
1713448477.54905,0.5947265625,0.760986328125,-0.30517578125,Get ready
1713448477.592898,0.588134765625,0.751953125,-0.29736328125,Get ready
1713448477.626413,0.595703125,0.752685546875,-0.299560546875,Get ready
1713448477.663633,0.599365234375,0.757080078125,-0.283935546875,Get ready
1713448477.706653,0.602783203125,0.75830078125,-0.279296875,Get ready
1713448477.743208,0.600830078125,0.755859375,-0.289306640625,Get ready
1713448477.78357,0.603271484375,0.756103515625,-0.299072265625,Get ready
1713448477.821428,0.60546875,0.75439453125,-0.29736328125,Get ready
1713448477.864742,0.597900390625,0.75146484375,-0.288330078125,Get ready
1713448477.900058,0.6044921875,0.75537109375,-0.2958984375,Get ready
1713448477.942065,0.59716796875,0.753173828125,-0.29345703125,Get ready
1713448477.981586,0.598876953125,0.75244140625,-0.2919921875,Get ready
1713448478.023651,0.598388671875,0.754150390625,-0.290283203125,Get ready
1713448478.067728,0.60302734375,0.755126953125,-0.2890625,Get ready
1713448478.113832,0.606689453125,0.759521484375,-0.28955078125,Get ready
1713448478.142237,0.604736328125,0.75634765625,-0.287109375,Get ready
1713448478.185275,0.603271484375,0.750732421875,-0.28662109375,Get ready
1713448478.226447,0.60205078125,0.75341796875,-0.28173828125,Get ready
1713448478.263024,0.60302734375,0.75732421875,-0.285400390625,Get ready
1713448478.303094,0.59619140625,0.760009765625,-0.2939453125,Get ready
1713448478.34434,0.594970703125,0.757568359375,-0.290771484375,Get ready
1713448478.38884,0.59765625,0.759521484375,-0.2890625,Get ready
1713448478.424035,0.59765625,0.7568359375,-0.291015625,Get ready
1713448478.463376,0.59521484375,0.75830078125,-0.288330078125,Get ready
1713448478.507556,0.599609375,0.763916015625,-0.28271484375,Get ready
1713448478.549501,0.600830078125,0.7626953125,-0.287109375,Get ready
1713448478.584534,0.592529296875,0.76123046875,-0.2900390625,Get ready
1713448478.623215,0.592041015625,0.75732421875,-0.2900390625,Get ready
1713448478.66202,0.594482421875,0.759033203125,-0.289794921875,Get ready
1713448478.704097,0.5947265625,0.7607421875,-0.281005859375,Get ready
1713448478.744847,0.600341796875,0.764404296875,-0.285400390625,Get ready
1713448478.783066,0.59375,0.760986328125,-0.2880859375,Get ready
1713448478.823699,0.593505859375,0.759765625,-0.28662109375,Get ready
1713448478.864967,0.59423828125,0.759521484375,-0.28857421875,Get ready
1713448478.909046,0.59716796875,0.761474609375,-0.2919921875,Get ready
1713448478.945936,0.594970703125,0.75830078125,-0.286376953125,Get ready
1713448478.99452,0.595947265625,0.760009765625,-0.2919921875,Get ready
1713448479.029786,0.5947265625,0.759521484375,-0.28662109375,Get ready
1713448479.066934,0.596435546875,0.756591796875,-0.285400390625,Get ready
1713448479.104233,0.597900390625,0.7587890625,-0.285888671875,Get ready
1713448479.143104,0.594970703125,0.75341796875,-0.28759765625,Get ready
1713448479.183628,0.59765625,0.761474609375,-0.2802734375,Get ready
1713448479.224457,0.60546875,0.766357421875,-0.283447265625,Get ready
1713448479.263116,0.5927734375,0.75732421875,-0.289794921875,Get ready
1713448479.306041,0.595458984375,0.7578125,-0.289306640625,Get ready
1713448479.343002,0.593994140625,0.759765625,-0.285888671875,Get ready
1713448479.387399,0.60302734375,0.7607421875,-0.287353515625,Get ready
1713448479.42423,0.5986328125,0.763671875,-0.289794921875,Get ready
1713448479.464498,0.59765625,0.760498046875,-0.28955078125,Get ready
1713448479.505345,0.594970703125,0.759765625,-0.284912109375,Get ready
1713448479.545021,0.600830078125,0.756591796875,-0.286376953125,Get ready
1713448479.58995,0.607421875,0.785400390625,-0.257080078125,Get ready
1713448479.625323,0.603271484375,0.775390625,-0.287841796875,Get ready
1713448479.674667,0.57373046875,0.740478515625,-0.332763671875,Get ready
1713448479.70598,0.603515625,0.7236328125,-0.340576171875,Get ready
1713448479.753876,0.6064453125,0.722900390625,-0.2744140625,Get ready
1713448479.791108,0.60888671875,0.734130859375,-0.248046875,Get ready
1713448479.829424,0.612548828125,0.760986328125,-0.242431640625,Get ready
1713448479.865911,0.598388671875,0.77099609375,-0.25537109375,Get ready
1713448479.903968,0.59423828125,0.782958984375,-0.25830078125,Get ready
1713448479.945498,0.59423828125,0.787109375,-0.2529296875,Get ready
1713448479.98487,0.599365234375,0.77685546875,-0.26318359375,Get ready
1713448480.024022,0.5908203125,0.76318359375,-0.2802734375,Get ready
1713448480.066703,0.59619140625,0.760986328125,-0.302001953125,Get ready
1713448480.105351,0.61865234375,0.755615234375,-0.28515625,Get ready
1713448480.146561,0.609619140625,0.75830078125,-0.260986328125,Get ready
1713448480.18632,0.584716796875,0.745849609375,-0.2685546875,Get ready
1713448480.226328,0.63427734375,0.76904296875,-0.232666015625,Get ready
1713448480.267341,0.595703125,0.79296875,-0.228515625,Get ready
1713448480.307048,0.599853515625,0.801513671875,-0.2353515625,Get ready
1713448480.351652,0.589111328125,0.7900390625,-0.205078125,Get ready
1713448480.388942,0.570068359375,0.785888671875,-0.242431640625,Get ready
1713448480.427429,0.511474609375,0.76416015625,-0.365234375,Get ready
1713448480.467018,0.587158203125,0.755859375,-0.253662109375,Get ready
1713448480.517421,0.6142578125,0.77392578125,-0.190673828125,Get ready
1713448480.544781,0.621337890625,0.796875,-0.242919921875,Get ready
1713448480.59336,0.60009765625,0.7939453125,-0.2333984375,Get ready
1713448480.631064,0.59814453125,0.761474609375,-0.2705078125,Get ready
1713448480.669724,0.602294921875,0.75390625,-0.26904296875,Get ready
1713448480.707929,0.62451171875,0.758544921875,-0.256591796875,Get ready
1713448480.746774,0.61328125,0.76123046875,-0.295166015625,Get ready
1713448480.786082,0.611328125,0.73876953125,-0.31103515625,Get ready
1713448480.831747,0.6181640625,0.722900390625,-0.29150390625,Get ready
1713448480.867629,0.59912109375,0.708740234375,-0.309326171875,Get ready
1713448480.908206,0.606689453125,0.72021484375,-0.2900390625,Get ready
1713448480.948555,0.60546875,0.74853515625,-0.272216796875,Get ready
1713448480.987474,0.59716796875,0.765380859375,-0.267333984375,Get ready
1713448481.031758,0.595947265625,0.7744140625,-0.260009765625,Get ready
1713448481.067934,0.589599609375,0.7802734375,-0.293701171875,Get ready
1713448481.106847,0.579345703125,0.77294921875,-0.28662109375,Get ready
1713448481.147239,0.580810546875,0.7529296875,-0.323486328125,Get ready
1713448481.197974,0.5869140625,0.753662109375,-0.322021484375,Get ready
1713448481.225157,0.59326171875,0.7587890625,-0.2900390625,Get ready
1713448481.273429,0.610595703125,0.764892578125,-0.281494140625,Get ready
1713448481.310612,0.6162109375,0.7490234375,-0.264892578125,Get ready
1713448481.346661,0.588623046875,0.773193359375,-0.240966796875,Get ready
1713448481.387182,0.58935546875,0.77978515625,-0.264892578125,Get ready
1713448481.436204,0.585693359375,0.77978515625,-0.279541015625,Get ready
1713448481.473834,0.575439453125,0.7744140625,-0.28466796875,Get ready
1713448481.508369,0.584716796875,0.77197265625,-0.281005859375,Get ready
1713448481.548616,0.579345703125,0.770263671875,-0.286376953125,Get ready
1713448481.587474,0.599853515625,0.769287109375,-0.299072265625,Get ready
1713448481.627718,0.592529296875,0.760498046875,-0.29638671875,Get ready
1713448481.667557,0.59375,0.76123046875,-0.289794921875,Get ready
1713448481.707087,0.588134765625,0.761474609375,-0.291015625,Get ready
1713448481.748547,0.586181640625,0.761962890625,-0.2861328125,Get ready
1713448481.784245,0.591552734375,0.769775390625,-0.281982421875,Get ready
1713448481.825596,0.593994140625,0.763916015625,-0.285888671875,Get ready
1713448481.865601,0.59033203125,0.765869140625,-0.30126953125,Get ready
1713448481.906157,0.594970703125,0.76904296875,-0.304443359375,Get ready
1713448481.951181,0.587890625,0.76318359375,-0.305419921875,Get ready
1713448481.98678,0.589111328125,0.754150390625,-0.296142578125,Get ready
1713448482.034148,0.5849609375,0.75439453125,-0.28271484375,Get ready
1713448482.067705,0.583740234375,0.759521484375,-0.296875,Get ready
1713448482.111509,0.590087890625,0.7529296875,-0.298095703125,Get ready
1713448482.161056,0.590576171875,0.748779296875,-0.25244140625,Get ready
1713448482.200266,0.604736328125,0.760986328125,-0.28076171875,Get ready
1713448482.22709,0.598876953125,0.763427734375,-0.281005859375,Get ready
1713448482.277897,0.5966796875,0.77197265625,-0.281494140625,Get ready
1713448482.314861,0.595458984375,0.774169921875,-0.28125,Get ready
1713448482.354363,0.5830078125,0.772216796875,-0.2822265625,Get ready
1713448482.393592,0.592529296875,0.775390625,-0.274658203125,Get ready
1713448482.428197,0.591064453125,0.77099609375,-0.28564453125,Get ready
1713448482.469566,0.588623046875,0.7626953125,-0.297119140625,Get ready
1713448482.508663,0.58349609375,0.758544921875,-0.29248046875,Get ready
1713448482.545946,0.590087890625,0.762451171875,-0.287109375,Get ready
1713448482.587623,0.591064453125,0.76025390625,-0.27685546875,Get ready
1713448482.630855,0.589111328125,0.75830078125,-0.28125,Get ready
1713448482.669176,0.588134765625,0.758544921875,-0.268798828125,Get ready
1713448482.708324,0.5966796875,0.77001953125,-0.272705078125,Get ready
1713448482.750479,0.59423828125,0.769287109375,-0.274169921875,Get ready
1713448482.789702,0.593017578125,0.76611328125,-0.274169921875,Get ready
1713448482.831286,0.596435546875,0.767333984375,-0.2783203125,Get ready
1713448482.871723,0.5986328125,0.767333984375,-0.272705078125,Get ready
1713448482.91014,0.595458984375,0.771484375,-0.273681640625,Get ready
1713448482.94994,0.59228515625,0.768310546875,-0.274658203125,Get ready
1713448482.98915,0.588134765625,0.765380859375,-0.27392578125,Get ready
1713448483.033547,0.590087890625,0.76708984375,-0.275146484375,Get ready
1713448483.069389,0.59228515625,0.770751953125,-0.279296875,Get ready
1713448483.109414,0.59033203125,0.770263671875,-0.27490234375,Get ready
1713448483.149963,0.59130859375,0.76806640625,-0.27587890625,Get ready
1713448483.198871,0.59228515625,0.7646484375,-0.27734375,Get ready
1713448483.236242,0.590087890625,0.7626953125,-0.278564453125,Get ready
1713448483.274194,0.587646484375,0.761962890625,-0.28076171875,Get ready
1713448483.312614,0.589111328125,0.764892578125,-0.27685546875,Get ready
1713448483.350873,0.593505859375,0.76806640625,-0.2763671875,Get ready
1713448483.389376,0.59130859375,0.767333984375,-0.27490234375,Get ready
1713448483.429745,0.591064453125,0.762939453125,-0.281494140625,Get ready
1713448483.470268,0.5927734375,0.764404296875,-0.27490234375,Get ready
1713448483.510635,0.597900390625,0.767333984375,-0.278564453125,Get ready
1713448483.55004,0.591064453125,0.763427734375,-0.276123046875,Get ready
1713448483.59151,0.58984375,0.765625,-0.28515625,Get ready
1713448483.631553,0.59130859375,0.76611328125,-0.277587890625,Get ready
1713448483.673663,0.58935546875,0.7626953125,-0.27685546875,Get ready
1713448483.709406,0.587890625,0.765869140625,-0.28125,Get ready
1713448483.74874,0.59033203125,0.76806640625,-0.27880859375,Get ready
1713448483.794307,0.58837890625,0.768310546875,-0.281005859375,Get ready
1713448483.826968,0.587890625,0.769287109375,-0.28125,Get ready
1713448483.872172,0.589111328125,0.766357421875,-0.2802734375,Get ready
1713448483.908205,0.588134765625,0.7685546875,-0.2744140625,Get ready
1713448483.949831,0.586669921875,0.764892578125,-0.281005859375,Get ready
1713448483.991795,0.586181640625,0.770751953125,-0.278076171875,Get ready
1713448484.030435,0.587890625,0.77099609375,-0.27978515625,Get ready
1713448484.070103,0.58642578125,0.767578125,-0.281982421875,Get ready
1713448484.109351,0.59033203125,0.7666015625,-0.2822265625,Get ready
1713448484.149189,0.591064453125,0.7685546875,-0.2763671875,Get ready
1713448484.189237,0.595703125,0.76611328125,-0.27783203125,Get ready
1713448484.232686,0.59521484375,0.76904296875,-0.281005859375,Get ready
1713448484.273883,0.5908203125,0.769287109375,-0.280029296875,Get ready
1713448484.311316,0.587646484375,0.765625,-0.2744140625,Get ready
1713448484.352761,0.59130859375,0.76318359375,-0.275634765625,Get ready
1713448484.390041,0.58740234375,0.766357421875,-0.279052734375,Get ready
1713448484.432672,0.59033203125,0.7685546875,-0.2822265625,Get ready
1713448484.471643,0.5908203125,0.771728515625,-0.27978515625,Get ready
1713448484.510553,0.58837890625,0.769287109375,-0.283203125,Get ready
1713448484.549782,0.58642578125,0.766357421875,-0.281005859375,Get ready
1713448484.588952,0.5908203125,0.768798828125,-0.28076171875,Get ready
1713448484.630108,0.58837890625,0.767822265625,-0.285400390625,Get ready
1713448484.681496,0.587890625,0.768798828125,-0.281005859375,Get ready
1713448484.711359,0.59033203125,0.775634765625,-0.281005859375,Get ready
1713448484.752732,0.589111328125,0.77099609375,-0.289306640625,Get ready
1713448484.791397,0.5869140625,0.763427734375,-0.27685546875,Get ready
1713448484.840935,0.594970703125,0.7685546875,-0.2763671875,Get ready
1713448484.870137,0.59228515625,0.77001953125,-0.282470703125,Get ready
1713448484.921675,0.587646484375,0.766845703125,-0.2802734375,Get ready
1713448484.949953,0.59228515625,0.770751953125,-0.283447265625,Get ready
1713448484.993086,0.589111328125,0.760498046875,-0.28271484375,Get ready
1713448485.036365,0.58935546875,0.760009765625,-0.280029296875,Get ready
1713448485.076826,0.589599609375,0.764892578125,-0.276611328125,Get ready
1713448485.115412,0.591552734375,0.7724609375,-0.277099609375,Get ready
1713448485.158446,0.589599609375,0.77001953125,-0.28271484375,Get ready
1713448485.189761,0.589599609375,0.768798828125,-0.282958984375,Get ready
1713448485.243971,0.59130859375,0.76953125,-0.279052734375,Get ready
1713448485.270904,0.590576171875,0.768310546875,-0.2802734375,Get ready
1713448485.322621,0.585205078125,0.767822265625,-0.279541015625,Get ready
1713448485.351721,0.58642578125,0.763671875,-0.283447265625,Get ready
1713448485.393623,0.583984375,0.77001953125,-0.275634765625,Get ready
1713448485.431249,0.590087890625,0.767822265625,-0.28759765625,Get ready
1713448485.483399,0.584228515625,0.761474609375,-0.284423828125,Get ready
1713448485.512441,0.592041015625,0.76220703125,-0.28076171875,Get ready
1713448485.567421,0.59326171875,0.766845703125,-0.277099609375,Get ready
1713448485.591933,0.5947265625,0.771728515625,-0.2783203125,Get ready
1713448485.642326,0.590087890625,0.76708984375,-0.28125,Get ready
1713448485.671302,0.591552734375,0.763916015625,-0.280029296875,Get ready
1713448485.708939,0.590576171875,0.765869140625,-0.27734375,Get ready
1713448485.748959,0.591064453125,0.76611328125,-0.275146484375,Get ready
1713448485.7977,0.590087890625,0.766845703125,-0.27490234375,Get ready
1713448485.836261,0.593994140625,0.76904296875,-0.27197265625,Get ready
1713448485.87589,0.593994140625,0.7705078125,-0.275634765625,Get ready
1713448485.914381,0.592529296875,0.767578125,-0.277587890625,Get ready
1713448485.954292,0.593505859375,0.7685546875,-0.27685546875,Get ready
1713448485.992444,0.58984375,0.765380859375,-0.27587890625,Get ready
1713448486.032211,0.58984375,0.769287109375,-0.274169921875,Get ready
1713448486.072471,0.59130859375,0.7705078125,-0.2822265625,Get ready
1713448486.113763,0.59423828125,0.766357421875,-0.280029296875,Get ready
1713448486.15316,0.587890625,0.77392578125,-0.277587890625,Get ready
1713448486.192099,0.593505859375,0.77294921875,-0.276123046875,Get ready
1713448486.233283,0.588134765625,0.768310546875,-0.276611328125,Get ready
1713448486.273206,0.59228515625,0.763916015625,-0.278076171875,Get ready
1713448486.312473,0.593994140625,0.765380859375,-0.2744140625,Get ready
1713448486.351403,0.593017578125,0.76708984375,-0.275146484375,Get ready
1713448486.4014,0.595947265625,0.7666015625,-0.273681640625,Get ready
1713448486.450931,0.593505859375,0.764892578125,-0.27197265625,Get ready
1713448486.471084,0.592529296875,0.763916015625,-0.27392578125,Get ready
1713448486.512354,0.594970703125,0.765380859375,-0.273193359375,Get ready
1713448486.554052,0.592041015625,0.7705078125,-0.27783203125,Get ready
1713448486.605061,0.596435546875,0.7744140625,-0.27392578125,Get ready
1713448486.633726,0.589599609375,0.768798828125,-0.277587890625,Get ready
1713448486.676077,0.59326171875,0.77099609375,-0.266845703125,Get ready
1713448486.71369,0.59521484375,0.771728515625,-0.27001953125,Get ready
1713448486.763506,0.588623046875,0.766845703125,-0.2783203125,Get ready
1713448486.792977,0.592529296875,0.763916015625,-0.27685546875,Get ready
1713448486.841798,0.592041015625,0.76806640625,-0.275390625,Get ready
1713448486.879765,0.593017578125,0.761474609375,-0.275390625,Get ready
1713448486.920096,0.5927734375,0.766845703125,-0.27490234375,Get ready
1713448486.958426,0.59765625,0.769775390625,-0.27490234375,Get ready
1713448486.993369,0.5908203125,0.76416015625,-0.277099609375,Get ready
1713448487.036425,0.59326171875,0.763916015625,-0.28125,Get ready
1713448487.072208,0.595458984375,0.763916015625,-0.27392578125,Get ready
1713448487.114957,0.599609375,0.76513671875,-0.2763671875,Get ready
1713448487.154638,0.598388671875,0.76611328125,-0.27197265625,Get ready
1713448487.192915,0.599365234375,0.76708984375,-0.27783203125,Get ready
1713448487.233625,0.595703125,0.761474609375,-0.2724609375,Get ready
1713448487.273269,0.596435546875,0.76220703125,-0.270263671875,Get ready
1713448487.314856,0.59375,0.76611328125,-0.27099609375,Get ready
1713448487.354045,0.592529296875,0.766357421875,-0.273681640625,Get ready
1713448487.395339,0.591796875,0.769287109375,-0.2763671875,Get ready
1713448487.434982,0.5947265625,0.767333984375,-0.2744140625,Get ready
1713448487.476163,0.59423828125,0.768310546875,-0.267578125,Get ready
1713448487.515374,0.59423828125,0.76904296875,-0.272705078125,Get ready
1713448487.555026,0.59228515625,0.767822265625,-0.273193359375,Get ready
1713448487.594009,0.59521484375,0.766845703125,-0.282470703125,Get ready
1713448487.635445,0.58740234375,0.759521484375,-0.282958984375,Get ready
1713448487.678553,0.5908203125,0.76416015625,-0.27734375,Get ready
1713448487.714161,0.598388671875,0.772216796875,-0.2822265625,Get ready
1713448487.756957,0.5908203125,0.760986328125,-0.28662109375,Get ready
1713448487.796568,0.58935546875,0.756591796875,-0.277587890625,Get ready
1713448487.834739,0.60009765625,0.766357421875,-0.27294921875,Get ready
1713448487.896551,0.599365234375,0.767333984375,-0.273193359375,Get ready
1713448487.920786,0.59326171875,0.767578125,-0.271240234375,Get ready
1713448487.96396,0.599609375,0.767333984375,-0.27392578125,Get ready
1713448488.002157,0.587890625,0.762939453125,-0.278564453125,Get ready
1713448488.03778,0.593017578125,0.76171875,-0.27490234375,Get ready
1713448488.07919,0.593017578125,0.76806640625,-0.272705078125,Get ready
1713448488.115288,0.59716796875,0.769775390625,-0.27587890625,Get ready
1713448488.15698,0.595458984375,0.769287109375,-0.277099609375,Get ready
1713448488.200013,0.59423828125,0.76904296875,-0.278076171875,Get ready
1713448488.236248,0.590576171875,0.76806640625,-0.27880859375,Get ready
1713448488.274259,0.594482421875,0.765869140625,-0.27783203125,Get ready
1713448488.314476,0.59375,0.767333984375,-0.279541015625,Get ready
1713448488.352061,0.592041015625,0.759521484375,-0.279052734375,Get ready
1713448488.393978,0.588623046875,0.763671875,-0.277099609375,Get ready
1713448488.43343,0.599365234375,0.770263671875,-0.277099609375,Get ready
1713448488.473384,0.594482421875,0.76220703125,-0.276123046875,Get ready
1713448488.515749,0.594970703125,0.7607421875,-0.27099609375,Get ready
1713448488.568829,0.598876953125,0.763916015625,-0.267578125,Get ready
1713448488.595521,0.60107421875,0.7685546875,-0.277099609375,Get ready
1713448488.635362,0.59228515625,0.7626953125,-0.27587890625,Get ready
1713448488.675139,0.594970703125,0.76513671875,-0.276611328125,Get ready
1713448488.717438,0.5927734375,0.765869140625,-0.273681640625,Get ready
1713448488.755485,0.591552734375,0.76318359375,-0.2734375,Get ready
1713448488.798349,0.59228515625,0.766357421875,-0.2734375,Get ready
1713448488.835926,0.591796875,0.768798828125,-0.275390625,Get ready
1713448488.876754,0.59228515625,0.767578125,-0.2744140625,Get ready
1713448488.918018,0.5927734375,0.76904296875,-0.27685546875,Get ready
1713448488.954044,0.592041015625,0.76953125,-0.276123046875,Get ready
1713448488.993138,0.595458984375,0.76416015625,-0.2734375,Get ready
1713448489.032975,0.599365234375,0.76708984375,-0.273681640625,Get ready
1713448489.073951,0.590576171875,0.76318359375,-0.276611328125,Get ready
1713448489.113986,0.5927734375,0.766845703125,-0.273193359375,Get ready
1713448489.154749,0.5947265625,0.771240234375,-0.273681640625,Get ready
1713448489.196079,0.58984375,0.765380859375,-0.27880859375,Get ready
1713448489.236874,0.59033203125,0.761962890625,-0.276611328125,Get ready
1713448489.27524,0.598876953125,0.765380859375,-0.275634765625,Get ready
1713448489.3167,0.59765625,0.766357421875,-0.272216796875,Get ready
1713448489.356067,0.5947265625,0.76318359375,-0.272705078125,Get ready
1713448489.396202,0.595458984375,0.76611328125,-0.2744140625,Get ready
1713448489.435866,0.59619140625,0.76318359375,-0.274169921875,Get ready
1713448489.475956,0.595458984375,0.762939453125,-0.271484375,Get ready
1713448489.517896,0.5927734375,0.765625,-0.27001953125,Get ready
1713448489.557095,0.595458984375,0.76708984375,-0.27490234375,Get ready
1713448489.59697,0.593505859375,0.767822265625,-0.275390625,Get ready
1713448489.639169,0.59326171875,0.768310546875,-0.27734375,Get ready
1713448489.680265,0.593994140625,0.770751953125,-0.273681640625,Get ready
1713448489.721419,0.59619140625,0.76513671875,-0.272216796875,Get ready
1713448489.761289,0.594970703125,0.764892578125,-0.274658203125,Get ready
1713448489.802627,0.598388671875,0.765625,-0.278564453125,Get ready
1713448489.842862,0.5966796875,0.767822265625,-0.274658203125,Get ready
1713448489.879719,0.593994140625,0.7705078125,-0.2705078125,Get ready
1713448489.92218,0.594970703125,0.76953125,-0.273681640625,Get ready
1713448489.961152,0.590576171875,0.76171875,-0.2734375,Get ready
1713448490.001934,0.59912109375,0.761474609375,-0.27490234375,Mouth closed
1713448490.042115,0.59912109375,0.764892578125,-0.272216796875,Mouth closed
1713448490.078921,0.5947265625,0.765380859375,-0.268798828125,Mouth closed
1713448490.117914,0.600341796875,0.767822265625,-0.275390625,Mouth closed
1713448490.157074,0.596435546875,0.7626953125,-0.268310546875,Mouth closed
1713448490.197844,0.59521484375,0.764404296875,-0.268310546875,Mouth closed
1713448490.236422,0.59521484375,0.766357421875,-0.267333984375,Mouth closed
1713448490.276151,0.593994140625,0.767822265625,-0.270751953125,Mouth closed
1713448490.318855,0.595458984375,0.767333984375,-0.2705078125,Mouth closed
1713448490.356098,0.59375,0.76806640625,-0.273193359375,Mouth closed
1713448490.400826,0.5966796875,0.77001953125,-0.27001953125,Mouth closed
1713448490.436168,0.59375,0.76611328125,-0.270263671875,Mouth closed
1713448490.477917,0.597412109375,0.764404296875,-0.27099609375,Mouth closed
1713448490.517396,0.5966796875,0.763916015625,-0.27685546875,Mouth closed
1713448490.559336,0.60107421875,0.767822265625,-0.2724609375,Mouth closed
1713448490.598868,0.600341796875,0.773681640625,-0.273193359375,Mouth closed
1713448490.641685,0.59423828125,0.765380859375,-0.275634765625,Mouth closed
1713448490.677925,0.5908203125,0.75732421875,-0.2685546875,Mouth closed
1713448490.718147,0.5986328125,0.762939453125,-0.27197265625,Mouth closed
1713448490.75931,0.598876953125,0.763916015625,-0.275390625,Mouth closed
1713448490.79914,0.591796875,0.765380859375,-0.27197265625,Mouth closed
1713448490.837963,0.60107421875,0.773681640625,-0.279052734375,Mouth closed
1713448490.878536,0.59033203125,0.76513671875,-0.275146484375,Mouth closed
1713448490.915879,0.590576171875,0.763671875,-0.273193359375,Mouth closed
1713448490.957043,0.597900390625,0.766357421875,-0.2685546875,Mouth closed
1713448490.996932,0.595947265625,0.77001953125,-0.271484375,Mouth closed
1713448491.036071,0.595703125,0.766845703125,-0.275146484375,Mouth closed
1713448491.076036,0.59716796875,0.767822265625,-0.27490234375,Mouth closed
1713448491.119917,0.5927734375,0.762451171875,-0.273193359375,Mouth closed
1713448491.157377,0.596435546875,0.763427734375,-0.26953125,Mouth closed
1713448491.203885,0.601318359375,0.7607421875,-0.274169921875,Mouth closed
1713448491.238523,0.600341796875,0.76123046875,-0.275390625,Mouth closed
1713448491.291399,0.600830078125,0.769287109375,-0.270751953125,Mouth closed
1713448491.320901,0.59765625,0.76806640625,-0.2763671875,Mouth closed
1713448491.358379,0.596923828125,0.757568359375,-0.2705078125,Mouth closed
1713448491.399661,0.5966796875,0.762451171875,-0.26708984375,Mouth closed
1713448491.440787,0.599609375,0.761962890625,-0.271484375,Mouth closed
1713448491.476869,0.59423828125,0.763671875,-0.2724609375,Mouth closed
1713448491.522336,0.598876953125,0.768310546875,-0.275146484375,Mouth closed
1713448491.555922,0.595458984375,0.765625,-0.270751953125,Mouth closed
1713448491.595937,0.594482421875,0.762451171875,-0.2705078125,Mouth closed
1713448491.636437,0.5947265625,0.764892578125,-0.269287109375,Mouth closed
1713448491.67689,0.596923828125,0.767822265625,-0.27001953125,Mouth closed
1713448491.717011,0.59375,0.76611328125,-0.275634765625,Mouth closed
1713448491.757812,0.593017578125,0.763916015625,-0.274169921875,Mouth closed
1713448491.799092,0.59912109375,0.76806640625,-0.272216796875,Mouth closed
1713448491.838293,0.595458984375,0.76318359375,-0.272705078125,Mouth closed
1713448491.881182,0.596923828125,0.763671875,-0.26953125,Mouth closed
1713448491.917931,0.5966796875,0.762451171875,-0.274169921875,Mouth closed
1713448491.958971,0.597900390625,0.767333984375,-0.267822265625,Mouth closed
1713448491.99906,0.594970703125,0.769287109375,-0.275390625,Mouth closed
1713448492.040063,0.593017578125,0.76513671875,-0.273193359375,Mouth closed
1713448492.079721,0.595703125,0.76025390625,-0.2744140625,Mouth closed
1713448492.118806,0.598876953125,0.767578125,-0.267822265625,Mouth closed
1713448492.158071,0.600830078125,0.766845703125,-0.2744140625,Mouth closed
1713448492.198106,0.59814453125,0.76513671875,-0.27392578125,Mouth closed
1713448492.237867,0.599609375,0.764892578125,-0.272705078125,Mouth closed
1713448492.27935,0.59912109375,0.762451171875,-0.268310546875,Mouth closed
1713448492.318843,0.5966796875,0.761962890625,-0.269775390625,Mouth closed
1713448492.362022,0.596435546875,0.766845703125,-0.268798828125,Mouth closed
1713448492.402993,0.596435546875,0.76708984375,-0.2705078125,Mouth closed
1713448492.445623,0.59619140625,0.76806640625,-0.273193359375,Mouth closed
1713448492.477947,0.59521484375,0.768310546875,-0.270751953125,Mouth closed
1713448492.52783,0.594970703125,0.763916015625,-0.27001953125,Mouth closed
1713448492.559344,0.595947265625,0.76220703125,-0.267822265625,Mouth closed
1713448492.609888,0.596923828125,0.765380859375,-0.264404296875,Mouth closed
1713448492.640833,0.595947265625,0.76513671875,-0.26904296875,Mouth closed
1713448492.692475,0.595458984375,0.76904296875,-0.2705078125,Mouth closed
1713448492.722743,0.60205078125,0.7724609375,-0.271484375,Mouth closed
1713448492.758516,0.592529296875,0.7646484375,-0.272216796875,Mouth closed
1713448492.799593,0.594482421875,0.761474609375,-0.27490234375,Mouth closed
1713448492.839829,0.59912109375,0.761962890625,-0.26904296875,Mouth closed
1713448492.878731,0.601318359375,0.764892578125,-0.27294921875,Mouth closed
1713448492.921251,0.597412109375,0.76220703125,-0.2724609375,Mouth closed
1713448492.955982,0.602294921875,0.7646484375,-0.273681640625,Mouth closed
1713448492.996073,0.595947265625,0.762939453125,-0.270263671875,Mouth closed
1713448493.037037,0.59326171875,0.767822265625,-0.271240234375,Mouth closed
1713448493.077363,0.59716796875,0.76611328125,-0.269775390625,Mouth closed
1713448493.117516,0.59619140625,0.7685546875,-0.27197265625,Mouth closed
1713448493.15805,0.5927734375,0.767822265625,-0.276611328125,Mouth closed
1713448493.198638,0.596435546875,0.767822265625,-0.275634765625,Mouth closed
1713448493.239357,0.5947265625,0.7626953125,-0.2744140625,Mouth closed
1713448493.280307,0.597900390625,0.763671875,-0.27197265625,Mouth closed
1713448493.318351,0.5986328125,0.7626953125,-0.2724609375,Mouth closed
1713448493.362521,0.598388671875,0.76220703125,-0.27001953125,Mouth closed
1713448493.398158,0.596435546875,0.758544921875,-0.270751953125,Mouth closed
1713448493.442007,0.595947265625,0.763916015625,-0.264892578125,Mouth closed
1713448493.475911,0.603759765625,0.76904296875,-0.2724609375,Mouth closed
1713448493.529287,0.59326171875,0.762451171875,-0.273681640625,Mouth closed
1713448493.555893,0.59814453125,0.7587890625,-0.2734375,Mouth closed
1713448493.599477,0.603515625,0.764892578125,-0.26904296875,Mouth closed
1713448493.63885,0.602294921875,0.76171875,-0.278564453125,Mouth closed
1713448493.682736,0.601318359375,0.7646484375,-0.273681640625,Mouth closed
1713448493.716896,0.600341796875,0.759765625,-0.27587890625,Mouth closed
1713448493.757374,0.59619140625,0.757080078125,-0.275146484375,Mouth closed
1713448493.800358,0.59814453125,0.75927734375,-0.27392578125,Mouth closed
1713448493.83882,0.59765625,0.766357421875,-0.272216796875,Mouth closed
1713448493.878064,0.597412109375,0.765380859375,-0.27734375,Mouth closed
1713448493.919365,0.594482421875,0.76513671875,-0.2783203125,Mouth closed
1713448493.962022,0.59716796875,0.767578125,-0.276123046875,Mouth closed
1713448493.999509,0.594970703125,0.763916015625,-0.271484375,Mouth closed
1713448494.039846,0.599853515625,0.762939453125,-0.275634765625,Mouth closed
1713448494.081222,0.60107421875,0.763671875,-0.272705078125,Mouth closed
1713448494.119698,0.597900390625,0.765625,-0.2744140625,Mouth closed
1713448494.161606,0.60107421875,0.76318359375,-0.272216796875,Mouth closed
1713448494.203741,0.602294921875,0.770751953125,-0.27490234375,Mouth closed
1713448494.248417,0.593994140625,0.76220703125,-0.275146484375,Mouth closed
1713448494.288889,0.597412109375,0.75537109375,-0.27099609375,Mouth closed
1713448494.320457,0.60302734375,0.76220703125,-0.268310546875,Mouth closed
1713448494.373248,0.604248046875,0.76708984375,-0.271484375,Mouth closed
1713448494.405295,0.5966796875,0.76171875,-0.272216796875,Mouth closed
1713448494.439083,0.602294921875,0.76611328125,-0.276123046875,Mouth closed
1713448494.482889,0.596923828125,0.75830078125,-0.271484375,Mouth closed
1713448494.520292,0.5986328125,0.75830078125,-0.2734375,Mouth closed
1713448494.560494,0.598876953125,0.7587890625,-0.272705078125,Mouth closed
1713448494.600114,0.59814453125,0.765380859375,-0.270751953125,Mouth closed
1713448494.640022,0.600341796875,0.76611328125,-0.2734375,Mouth closed
1713448494.682671,0.598876953125,0.763671875,-0.271728515625,Mouth closed
1713448494.722651,0.596923828125,0.761474609375,-0.2685546875,Mouth closed
1713448494.763744,0.59716796875,0.76220703125,-0.27001953125,Mouth closed
1713448494.806547,0.600341796875,0.762451171875,-0.271240234375,Mouth closed
1713448494.838484,0.600341796875,0.763427734375,-0.2744140625,Mouth closed
1713448494.890645,0.598388671875,0.7646484375,-0.266845703125,Mouth closed
1713448494.91907,0.602294921875,0.76513671875,-0.27392578125,Mouth closed
1713448494.960141,0.59619140625,0.758544921875,-0.2685546875,Mouth closed
1713448495.000126,0.6025390625,0.76025390625,-0.270263671875,Mouth closed
1713448495.044151,0.597900390625,0.76318359375,-0.269287109375,Mouth closed
1713448495.085292,0.598388671875,0.76220703125,-0.27001953125,Mouth closed
1713448495.120853,0.6015625,0.76708984375,-0.26904296875,Mouth closed
1713448495.162133,0.600830078125,0.76416015625,-0.26513671875,Mouth closed
1713448495.201736,0.599609375,0.76025390625,-0.26708984375,Mouth closed
1713448495.241034,0.602294921875,0.76123046875,-0.2685546875,Mouth closed
1713448495.281058,0.59912109375,0.7646484375,-0.267822265625,Mouth closed
1713448495.326136,0.601318359375,0.762939453125,-0.269775390625,Mouth closed
1713448495.375405,0.598876953125,0.7666015625,-0.268798828125,Mouth closed
1713448495.404162,0.600830078125,0.765869140625,-0.26904296875,Mouth closed
1713448495.447306,0.599853515625,0.762939453125,-0.26953125,Mouth closed
1713448495.484718,0.6015625,0.760986328125,-0.2685546875,Mouth closed
1713448495.520693,0.60205078125,0.760009765625,-0.272216796875,Mouth closed
1713448495.562058,0.596435546875,0.759765625,-0.27001953125,Mouth closed
1713448495.60211,0.599609375,0.763427734375,-0.26513671875,Mouth closed
1713448495.641477,0.601318359375,0.76806640625,-0.2705078125,Mouth closed
1713448495.683474,0.595947265625,0.7626953125,-0.2705078125,Mouth closed
1713448495.722051,0.598388671875,0.758544921875,-0.2744140625,Mouth closed
1713448495.762756,0.602783203125,0.765625,-0.26513671875,Mouth closed
1713448495.802432,0.607421875,0.763671875,-0.27001953125,Mouth closed
1713448495.841819,0.600341796875,0.759521484375,-0.271240234375,Mouth closed
1713448495.883905,0.60205078125,0.764404296875,-0.271728515625,Mouth closed
1713448495.923977,0.597412109375,0.758544921875,-0.270263671875,Mouth closed
1713448495.965555,0.60009765625,0.76123046875,-0.272216796875,Mouth closed
1713448496.008135,0.5966796875,0.76318359375,-0.26904296875,Mouth closed
1713448496.049923,0.597412109375,0.7666015625,-0.275146484375,Mouth closed
1713448496.085216,0.597900390625,0.764404296875,-0.271728515625,Mouth closed
1713448496.12439,0.59912109375,0.76318359375,-0.2734375,Mouth closed
1713448496.162652,0.600341796875,0.763671875,-0.272216796875,Mouth closed
1713448496.200908,0.598388671875,0.759033203125,-0.267333984375,Mouth closed
1713448496.241979,0.60009765625,0.759765625,-0.26904296875,Mouth closed
1713448496.282377,0.603515625,0.763671875,-0.27734375,Mouth closed
1713448496.323611,0.60302734375,0.76123046875,-0.2744140625,Mouth closed
1713448496.366737,0.600830078125,0.765625,-0.26953125,Mouth closed
1713448496.405035,0.60302734375,0.77001953125,-0.27294921875,Mouth closed
1713448496.443781,0.59912109375,0.759521484375,-0.271728515625,Mouth closed
1713448496.484809,0.599609375,0.76025390625,-0.2705078125,Mouth closed
1713448496.524347,0.603271484375,0.76025390625,-0.265625,Mouth closed
1713448496.566541,0.603271484375,0.760009765625,-0.269287109375,Mouth closed
1713448496.606486,0.60546875,0.763916015625,-0.271240234375,Mouth closed
1713448496.649085,0.6005859375,0.759765625,-0.269287109375,Mouth closed
1713448496.69911,0.60107421875,0.760498046875,-0.270751953125,Mouth closed
1713448496.727176,0.600830078125,0.760498046875,-0.26708984375,Mouth closed
1713448496.76412,0.6025390625,0.76318359375,-0.26806640625,Mouth closed
1713448496.802812,0.596923828125,0.7626953125,-0.2724609375,Mouth closed
1713448496.842118,0.59912109375,0.763671875,-0.27294921875,Mouth closed
1713448496.884069,0.59765625,0.763671875,-0.26953125,Mouth closed
1713448496.922995,0.6015625,0.763916015625,-0.269287109375,Mouth closed
1713448496.962918,0.598388671875,0.761474609375,-0.271484375,Mouth closed
1713448497.003906,0.6025390625,0.7626953125,-0.2705078125,Mouth closed
1713448497.045021,0.601806640625,0.76220703125,-0.27001953125,Mouth closed
1713448497.084283,0.601318359375,0.760498046875,-0.27099609375,Mouth closed
1713448497.125382,0.6025390625,0.76806640625,-0.26513671875,Mouth closed
1713448497.168554,0.60302734375,0.764404296875,-0.273681640625,Mouth closed
1713448497.208152,0.596923828125,0.75830078125,-0.26953125,Mouth closed
1713448497.250079,0.60400390625,0.7607421875,-0.26708984375,Mouth closed
1713448497.292869,0.603759765625,0.761474609375,-0.26708984375,Mouth closed
1713448497.326171,0.60009765625,0.7607421875,-0.2734375,Mouth closed
1713448497.377675,0.60791015625,0.7666015625,-0.27197265625,Mouth closed
1713448497.405099,0.600341796875,0.761962890625,-0.26904296875,Mouth closed
1713448497.448529,0.59912109375,0.75634765625,-0.270263671875,Mouth closed
1713448497.483808,0.603515625,0.761474609375,-0.265869140625,Mouth closed
1713448497.523862,0.605224609375,0.763671875,-0.267822265625,Mouth closed
1713448497.566635,0.59716796875,0.764892578125,-0.272216796875,Mouth closed
1713448497.604677,0.598876953125,0.764892578125,-0.27099609375,Mouth closed
1713448497.647636,0.60107421875,0.76220703125,-0.267822265625,Mouth closed
1713448497.684801,0.599853515625,0.7587890625,-0.27001953125,Mouth closed
1713448497.725484,0.60498046875,0.7578125,-0.266845703125,Mouth closed
1713448497.765952,0.607666015625,0.76123046875,-0.271728515625,Mouth closed
1713448497.809975,0.600341796875,0.758056640625,-0.269287109375,Mouth closed
1713448497.846197,0.60205078125,0.760009765625,-0.266357421875,Mouth closed
1713448497.898193,0.604248046875,0.76708984375,-0.270263671875,Mouth closed
1713448497.92642,0.59765625,0.76220703125,-0.2685546875,Mouth closed
1713448497.967559,0.60107421875,0.760009765625,-0.26513671875,Mouth closed
1713448498.007007,0.60498046875,0.762939453125,-0.26171875,Mouth closed
1713448498.045168,0.60302734375,0.766357421875,-0.269287109375,Mouth closed
1713448498.085334,0.60205078125,0.763671875,-0.26220703125,Mouth closed
1713448498.124033,0.60791015625,0.76708984375,-0.2646484375,Mouth closed
1713448498.162814,0.603515625,0.762451171875,-0.26171875,Mouth closed
1713448498.204181,0.60546875,0.75927734375,-0.261474609375,Mouth closed
1713448498.243875,0.60205078125,0.762451171875,-0.265380859375,Mouth closed
1713448498.286313,0.604736328125,0.76123046875,-0.266357421875,Mouth closed
1713448498.330321,0.600830078125,0.76171875,-0.265625,Mouth closed
1713448498.364989,0.60498046875,0.763671875,-0.270263671875,Mouth closed
1713448498.419231,0.6015625,0.763671875,-0.267822265625,Mouth closed
1713448498.44667,0.603515625,0.763427734375,-0.269287109375,Mouth closed
1713448498.48611,0.6005859375,0.7607421875,-0.267333984375,Mouth closed
1713448498.526128,0.6015625,0.75830078125,-0.269287109375,Mouth closed
1713448498.566752,0.60302734375,0.759765625,-0.271728515625,Mouth closed
1713448498.61116,0.603515625,0.758056640625,-0.273193359375,Mouth closed
1713448498.6463,0.602783203125,0.760986328125,-0.27001953125,Mouth closed
1713448498.685464,0.607666015625,0.764892578125,-0.2705078125,Mouth closed
1713448498.72998,0.610107421875,0.75927734375,-0.263671875,Mouth closed
1713448498.766191,0.600341796875,0.76220703125,-0.2822265625,Mouth closed
1713448498.804519,0.596923828125,0.7705078125,-0.263671875,Mouth closed
1713448498.846738,0.623779296875,0.74755859375,-0.29638671875,Mouth closed
1713448498.889176,0.593505859375,0.742919921875,-0.283935546875,Mouth closed
1713448498.924816,0.607177734375,0.7578125,-0.2744140625,Mouth closed
1713448498.965778,0.615966796875,0.759521484375,-0.26513671875,Mouth closed
1713448499.011365,0.604736328125,0.751220703125,-0.28173828125,Mouth closed
1713448499.047334,0.602783203125,0.75244140625,-0.27392578125,Mouth closed
1713448499.087123,0.5966796875,0.7578125,-0.27490234375,Mouth closed
1713448499.129234,0.60693359375,0.756103515625,-0.27783203125,Mouth closed
1713448499.16769,0.602294921875,0.75634765625,-0.27880859375,Mouth closed
1713448499.207025,0.60546875,0.761962890625,-0.27734375,Mouth closed
1713448499.252066,0.60986328125,0.755615234375,-0.264892578125,Mouth closed
1713448499.289328,0.60498046875,0.753662109375,-0.2724609375,Mouth closed
1713448499.330311,0.60791015625,0.75830078125,-0.263916015625,Mouth closed
1713448499.366091,0.606689453125,0.753662109375,-0.270751953125,Mouth closed
1713448499.408307,0.610595703125,0.758544921875,-0.2724609375,Mouth closed
1713448499.444899,0.610107421875,0.75634765625,-0.27587890625,Mouth closed
1713448499.485701,0.6220703125,0.76025390625,-0.267333984375,Mouth closed
1713448499.52752,0.611083984375,0.75244140625,-0.273681640625,Mouth closed
1713448499.577306,0.610107421875,0.749267578125,-0.26708984375,Mouth closed
1713448499.605814,0.614501953125,0.751953125,-0.264404296875,Mouth closed
1713448499.651607,0.617919921875,0.75146484375,-0.268310546875,Mouth closed
1713448499.688016,0.613525390625,0.756103515625,-0.257568359375,Mouth closed
1713448499.736763,0.6162109375,0.7548828125,-0.272216796875,Mouth closed
1713448499.77329,0.614990234375,0.752197265625,-0.264892578125,Mouth closed
1713448499.814673,0.607177734375,0.75634765625,-0.266357421875,Mouth closed
1713448499.853902,0.60791015625,0.757080078125,-0.263671875,Mouth closed
1713448499.894312,0.61279296875,0.763427734375,-0.262939453125,Mouth closed
1713448499.932102,0.60205078125,0.760009765625,-0.261962890625,Mouth closed
1713448499.971739,0.6083984375,0.755615234375,-0.258056640625,Mouth closed
1713448500.009694,0.607666015625,0.75927734375,-0.26318359375,Mouth closed
1713448500.049527,0.60791015625,0.76025390625,-0.267822265625,Mouth closed
1713448500.087738,0.609619140625,0.759765625,-0.26171875,Mouth closed
1713448500.12763,0.6064453125,0.76025390625,-0.256591796875,Mouth closed
1713448500.167139,0.611083984375,0.763916015625,-0.265625,Mouth closed
1713448500.209005,0.60400390625,0.752197265625,-0.263671875,Mouth closed
1713448500.24712,0.6083984375,0.757568359375,-0.2607421875,Mouth closed
1713448500.28787,0.614013671875,0.758056640625,-0.257080078125,Mouth closed
1713448500.330456,0.611083984375,0.757568359375,-0.2626953125,Mouth closed
1713448500.370425,0.6103515625,0.758544921875,-0.260986328125,Mouth closed
1713448500.411224,0.608642578125,0.754150390625,-0.260986328125,Mouth closed
1713448500.450062,0.607666015625,0.75732421875,-0.2626953125,Mouth closed
1713448500.488886,0.61083984375,0.759765625,-0.260498046875,Mouth closed
1713448500.529634,0.609375,0.7607421875,-0.26025390625,Mouth closed
1713448500.568885,0.611083984375,0.760986328125,-0.262451171875,Mouth closed
1713448500.608831,0.6083984375,0.759765625,-0.264892578125,Mouth closed
1713448500.647781,0.608154296875,0.758056640625,-0.262451171875,Mouth closed
1713448500.686858,0.608154296875,0.75439453125,-0.2626953125,Mouth closed
1713448500.72803,0.61181640625,0.75830078125,-0.259765625,Mouth closed
1713448500.768779,0.618896484375,0.763916015625,-0.263427734375,Mouth closed
1713448500.806835,0.610595703125,0.754150390625,-0.260498046875,Mouth closed
1713448500.847853,0.609619140625,0.754150390625,-0.25927734375,Mouth closed
1713448500.888685,0.619140625,0.75830078125,-0.25732421875,Mouth closed
1713448500.929222,0.6142578125,0.75634765625,-0.266845703125,Mouth closed
1713448500.968731,0.610107421875,0.756103515625,-0.26318359375,Mouth closed
1713448501.008867,0.6103515625,0.7578125,-0.264892578125,Mouth closed
1713448501.050815,0.612060546875,0.75732421875,-0.260009765625,Mouth closed
1713448501.089497,0.607666015625,0.75634765625,-0.261962890625,Mouth closed
1713448501.129456,0.610595703125,0.75732421875,-0.25927734375,Mouth closed
1713448501.169746,0.614013671875,0.76171875,-0.259765625,Mouth closed
1713448501.210139,0.609375,0.761474609375,-0.261962890625,Mouth closed
1713448501.253669,0.607421875,0.760986328125,-0.264404296875,Mouth closed
1713448501.295228,0.614013671875,0.757568359375,-0.264404296875,Mouth closed
1713448501.331477,0.610595703125,0.7568359375,-0.26025390625,Mouth closed
1713448501.372535,0.6123046875,0.76123046875,-0.255859375,Mouth closed
1713448501.410222,0.612060546875,0.760009765625,-0.2626953125,Mouth closed
1713448501.451504,0.60400390625,0.755859375,-0.260009765625,Mouth closed
1713448501.491761,0.609619140625,0.755615234375,-0.257568359375,Mouth closed
1713448501.52906,0.607177734375,0.759765625,-0.260986328125,Mouth closed
1713448501.570017,0.608642578125,0.7578125,-0.257568359375,Mouth closed
1713448501.62015,0.610595703125,0.760009765625,-0.26220703125,Mouth closed
1713448501.649087,0.603271484375,0.758544921875,-0.258056640625,Mouth closed
1713448501.689052,0.608154296875,0.760009765625,-0.2587890625,Mouth closed
1713448501.733055,0.608154296875,0.7607421875,-0.258056640625,Mouth closed
1713448501.774343,0.609130859375,0.762451171875,-0.257080078125,Mouth closed
1713448501.810472,0.605712890625,0.761962890625,-0.260986328125,Mouth closed
1713448501.851683,0.60888671875,0.76123046875,-0.25830078125,Mouth closed
1713448501.891717,0.606201171875,0.759765625,-0.259521484375,Mouth closed
1713448501.943378,0.612060546875,0.7587890625,-0.262939453125,Mouth closed
1713448501.97052,0.6103515625,0.75634765625,-0.263427734375,Mouth closed
1713448502.014091,0.610107421875,0.76416015625,-0.256103515625,Mouth closed
1713448502.049341,0.609130859375,0.761474609375,-0.2626953125,Mouth closed
1713448502.098485,0.6083984375,0.7548828125,-0.258544921875,Mouth closed
1713448502.135078,0.6123046875,0.755859375,-0.2607421875,Mouth closed
1713448502.169742,0.610107421875,0.757080078125,-0.25634765625,Mouth closed
1713448502.213328,0.607666015625,0.757080078125,-0.258056640625,Mouth closed
1713448502.253614,0.613525390625,0.75927734375,-0.26416015625,Mouth closed
1713448502.290718,0.610595703125,0.7578125,-0.261474609375,Mouth closed
1713448502.331394,0.606689453125,0.759033203125,-0.263916015625,Mouth closed
1713448502.374218,0.60986328125,0.75537109375,-0.25927734375,Mouth closed
1713448502.410981,0.611572265625,0.759765625,-0.25830078125,Mouth closed
1713448502.452997,0.609130859375,0.76123046875,-0.260498046875,Mouth closed
1713448502.491882,0.611328125,0.76171875,-0.260009765625,Mouth closed
1713448502.531845,0.60986328125,0.7626953125,-0.259521484375,Mouth closed
1713448502.571372,0.60791015625,0.754150390625,-0.2607421875,Mouth closed
1713448502.612451,0.612060546875,0.75537109375,-0.2568359375,Mouth closed
1713448502.649749,0.61083984375,0.753173828125,-0.260498046875,Mouth closed
1713448502.68875,0.609130859375,0.75341796875,-0.26123046875,Mouth closed
1713448502.728733,0.61865234375,0.76123046875,-0.260498046875,Mouth closed
1713448502.770066,0.60693359375,0.756103515625,-0.26220703125,Mouth closed
1713448502.810925,0.613525390625,0.75048828125,-0.259521484375,Mouth closed
1713448502.849986,0.616455078125,0.758056640625,-0.25830078125,Mouth closed
1713448502.889729,0.618896484375,0.75537109375,-0.26318359375,Mouth closed
1713448502.931667,0.61279296875,0.759033203125,-0.260498046875,Mouth closed
1713448502.988633,0.611083984375,0.760498046875,-0.26708984375,Mouth closed
1713448503.009759,0.610595703125,0.75390625,-0.265869140625,Mouth closed
1713448503.058427,0.606689453125,0.7568359375,-0.25830078125,Mouth closed
1713448503.096433,0.61083984375,0.758056640625,-0.2568359375,Mouth closed
1713448503.135607,0.60693359375,0.759521484375,-0.262939453125,Mouth closed
1713448503.173332,0.610107421875,0.7607421875,-0.26416015625,Mouth closed
1713448503.2128,0.60888671875,0.762451171875,-0.260498046875,Mouth closed
1713448503.251238,0.611328125,0.75732421875,-0.26025390625,Mouth closed
1713448503.290161,0.61376953125,0.75439453125,-0.2578125,Mouth closed
1713448503.328868,0.61328125,0.7548828125,-0.260986328125,Mouth closed
1713448503.371361,0.61279296875,0.757080078125,-0.263427734375,Mouth closed
1713448503.410333,0.610595703125,0.753662109375,-0.266357421875,Mouth closed
1713448503.450149,0.614990234375,0.762939453125,-0.262939453125,Mouth closed
1713448503.49084,0.608642578125,0.75634765625,-0.26416015625,Mouth closed
1713448503.531755,0.605224609375,0.75390625,-0.262451171875,Mouth closed
1713448503.57237,0.613037109375,0.755126953125,-0.26123046875,Mouth closed
1713448503.611664,0.611083984375,0.75537109375,-0.26513671875,Mouth closed
1713448503.653334,0.60546875,0.756591796875,-0.263427734375,Mouth closed
1713448503.695094,0.612060546875,0.762939453125,-0.26953125,Mouth closed
1713448503.732572,0.606689453125,0.75390625,-0.263916015625,Mouth closed
1713448503.772491,0.60546875,0.751708984375,-0.26220703125,Mouth closed
1713448503.813371,0.60986328125,0.75927734375,-0.259033203125,Mouth closed
1713448503.855231,0.609619140625,0.759765625,-0.26123046875,Mouth closed
1713448503.892044,0.608642578125,0.759521484375,-0.26611328125,Mouth closed
1713448503.93225,0.611328125,0.7626953125,-0.263671875,Mouth closed
1713448503.970716,0.61376953125,0.759521484375,-0.258544921875,Mouth closed
1713448504.012245,0.61083984375,0.755615234375,-0.259033203125,Mouth closed
1713448504.052715,0.613525390625,0.7568359375,-0.2607421875,Mouth closed
1713448504.091861,0.615966796875,0.757568359375,-0.265625,Mouth closed
1713448504.137846,0.612548828125,0.756103515625,-0.26513671875,Mouth closed
1713448504.174902,0.612548828125,0.762939453125,-0.26171875,Mouth closed
1713448504.216043,0.61181640625,0.75732421875,-0.26220703125,Mouth closed
1713448504.256494,0.609619140625,0.754638671875,-0.2607421875,Mouth closed
1713448504.293752,0.61376953125,0.75439453125,-0.261474609375,Mouth closed
1713448504.334624,0.61328125,0.7607421875,-0.26220703125,Mouth closed
1713448504.373843,0.608642578125,0.7548828125,-0.260009765625,Mouth closed
1713448504.413779,0.61181640625,0.759033203125,-0.261474609375,Mouth closed
1713448504.459351,0.611572265625,0.759521484375,-0.260498046875,Mouth closed
1713448504.49503,0.6064453125,0.755859375,-0.26318359375,Mouth closed
1713448504.536096,0.609375,0.755859375,-0.26171875,Mouth closed
1713448504.573651,0.61279296875,0.76220703125,-0.26123046875,Mouth closed
1713448504.615014,0.609375,0.760498046875,-0.263671875,Mouth closed
1713448504.653016,0.609619140625,0.75830078125,-0.263671875,Mouth closed
1713448504.692744,0.607666015625,0.758544921875,-0.260009765625,Mouth closed
1713448504.735725,0.6103515625,0.7587890625,-0.255859375,Mouth closed
1713448504.786519,0.609619140625,0.760498046875,-0.260986328125,Mouth closed
1713448504.81408,0.609619140625,0.760009765625,-0.258544921875,Mouth closed
1713448504.864189,0.612548828125,0.757080078125,-0.2646484375,Mouth closed
1713448504.900812,0.613037109375,0.756591796875,-0.2646484375,Mouth closed
1713448504.942926,0.611572265625,0.760986328125,-0.257080078125,Mouth closed
1713448504.980594,0.608154296875,0.76171875,-0.262451171875,Mouth closed
1713448505.016488,0.604736328125,0.755615234375,-0.263671875,Mouth open
1713448505.057445,0.611572265625,0.756591796875,-0.26318359375,Mouth open
1713448505.097673,0.61083984375,0.7548828125,-0.26025390625,Mouth open
1713448505.137218,0.608154296875,0.755126953125,-0.261962890625,Mouth open
1713448505.177411,0.611572265625,0.76025390625,-0.260009765625,Mouth open
1713448505.215458,0.611572265625,0.755615234375,-0.26123046875,Mouth open
1713448505.255405,0.6083984375,0.755859375,-0.261474609375,Mouth open
1713448505.293812,0.609619140625,0.756591796875,-0.2607421875,Mouth open
1713448505.33293,0.61328125,0.760498046875,-0.25634765625,Mouth open
1713448505.373153,0.607421875,0.761474609375,-0.26123046875,Mouth open
1713448505.412798,0.60888671875,0.758544921875,-0.262451171875,Mouth open
1713448505.454277,0.611083984375,0.759521484375,-0.259033203125,Mouth open
1713448505.494254,0.60888671875,0.75634765625,-0.25830078125,Mouth open
1713448505.533775,0.61279296875,0.755126953125,-0.25927734375,Mouth open
1713448505.574717,0.61474609375,0.755126953125,-0.25634765625,Mouth open
1713448505.616516,0.61328125,0.756103515625,-0.26123046875,Mouth open
1713448505.656125,0.608642578125,0.75390625,-0.2626953125,Mouth open
1713448505.695044,0.609375,0.75830078125,-0.25927734375,Mouth open
1713448505.736659,0.610595703125,0.76123046875,-0.26123046875,Mouth open
1713448505.775789,0.60791015625,0.7607421875,-0.26171875,Mouth open
1713448505.816814,0.608642578125,0.75439453125,-0.263671875,Mouth open
1713448505.855159,0.61328125,0.755126953125,-0.256591796875,Mouth open
1713448505.893739,0.61376953125,0.756103515625,-0.26025390625,Mouth open
1713448505.933231,0.611083984375,0.75390625,-0.259521484375,Mouth open
1713448505.974994,0.6162109375,0.759033203125,-0.260009765625,Mouth open
1713448506.014359,0.61376953125,0.75732421875,-0.25830078125,Mouth open
1713448506.053692,0.612060546875,0.7568359375,-0.259765625,Mouth open
1713448506.094631,0.61328125,0.756103515625,-0.25830078125,Mouth open
1713448506.134884,0.612060546875,0.760009765625,-0.26220703125,Mouth open
1713448506.173671,0.607177734375,0.7578125,-0.267578125,Mouth open
1713448506.216753,0.607666015625,0.759521484375,-0.26513671875,Mouth open
1713448506.254731,0.609375,0.755859375,-0.261962890625,Mouth open
1713448506.294874,0.613037109375,0.7578125,-0.26025390625,Mouth open
1713448506.337086,0.608642578125,0.7548828125,-0.26318359375,Mouth open
1713448506.377655,0.609619140625,0.758544921875,-0.26416015625,Mouth open
1713448506.415997,0.611083984375,0.758056640625,-0.267822265625,Mouth open
1713448506.457398,0.60693359375,0.755615234375,-0.26953125,Mouth open
1713448506.498545,0.609375,0.761474609375,-0.260009765625,Mouth open
1713448506.53497,0.608642578125,0.76220703125,-0.267578125,Mouth open
1713448506.575166,0.6044921875,0.758544921875,-0.263916015625,Mouth open
1713448506.614767,0.6103515625,0.75439453125,-0.2587890625,Mouth open
1713448506.654592,0.613037109375,0.7587890625,-0.25830078125,Mouth open
1713448506.694863,0.61181640625,0.75732421875,-0.26416015625,Mouth open
1713448506.734857,0.614013671875,0.76171875,-0.267333984375,Mouth open
1713448506.775689,0.60791015625,0.757080078125,-0.2646484375,Mouth open
1713448506.821927,0.608154296875,0.752197265625,-0.262451171875,Mouth open
1713448506.859823,0.608642578125,0.757568359375,-0.262939453125,Mouth open
1713448506.900923,0.610107421875,0.76025390625,-0.260986328125,Mouth open
1713448506.938168,0.60693359375,0.76025390625,-0.26513671875,Mouth open
1713448506.975808,0.606201171875,0.76025390625,-0.266845703125,Mouth open
1713448507.017337,0.608154296875,0.760498046875,-0.2607421875,Mouth open
1713448507.05749,0.6083984375,0.7587890625,-0.259033203125,Mouth open
1713448507.0979,0.61083984375,0.758544921875,-0.26220703125,Mouth open
1713448507.13789,0.611083984375,0.75634765625,-0.265380859375,Mouth open
1713448507.17721,0.614013671875,0.755859375,-0.265380859375,Mouth open
1713448507.216168,0.61181640625,0.76025390625,-0.25732421875,Mouth open
1713448507.254864,0.612548828125,0.758544921875,-0.26416015625,Mouth open
1713448507.299868,0.607177734375,0.7548828125,-0.260009765625,Mouth open
1713448507.335919,0.610107421875,0.757568359375,-0.258056640625,Mouth open
1713448507.377291,0.6123046875,0.7578125,-0.26123046875,Mouth open
1713448507.416022,0.612548828125,0.7578125,-0.264404296875,Mouth open
1713448507.457882,0.60791015625,0.76220703125,-0.263671875,Mouth open
1713448507.495648,0.609619140625,0.759033203125,-0.263916015625,Mouth open
1713448507.549766,0.615478515625,0.75537109375,-0.261962890625,Mouth open
1713448507.578366,0.613037109375,0.758544921875,-0.26171875,Mouth open
1713448507.627644,0.613525390625,0.7626953125,-0.255615234375,Mouth open
1713448507.65765,0.60595703125,0.757080078125,-0.261962890625,Mouth open
1713448507.705561,0.60693359375,0.7607421875,-0.268798828125,Mouth open
1713448507.745334,0.60888671875,0.75927734375,-0.262451171875,Mouth open
1713448507.786597,0.609375,0.7607421875,-0.259521484375,Mouth open
1713448507.817719,0.60791015625,0.7587890625,-0.261962890625,Mouth open
1713448507.860522,0.60791015625,0.763427734375,-0.259033203125,Mouth open
1713448507.89669,0.6064453125,0.759521484375,-0.262451171875,Mouth open
1713448507.948593,0.602783203125,0.75732421875,-0.254638671875,Mouth open
1713448507.97827,0.59716796875,0.76171875,-0.2841796875,Mouth open
1713448508.026527,0.6044921875,0.75439453125,-0.2587890625,Mouth open
1713448508.060554,0.606689453125,0.754150390625,-0.266357421875,Mouth open
1713448508.106311,0.611572265625,0.7607421875,-0.2646484375,Mouth open
1713448508.139173,0.607421875,0.760498046875,-0.2666015625,Mouth open
1713448508.17954,0.6103515625,0.7587890625,-0.26708984375,Mouth open
1713448508.222445,0.604248046875,0.757080078125,-0.274658203125,Mouth open
1713448508.2595,0.602783203125,0.74951171875,-0.277099609375,Mouth open
1713448508.300392,0.60595703125,0.75439453125,-0.2734375,Mouth open
1713448508.340278,0.6025390625,0.758544921875,-0.27587890625,Mouth open
1713448508.381003,0.605712890625,0.760009765625,-0.276611328125,Mouth open
1713448508.420811,0.601318359375,0.756591796875,-0.280517578125,Mouth open
1713448508.463214,0.60302734375,0.757080078125,-0.277099609375,Mouth open
1713448508.500335,0.600341796875,0.759765625,-0.27880859375,Mouth open
1713448508.540048,0.60498046875,0.7568359375,-0.272216796875,Mouth open
1713448508.579041,0.60595703125,0.7548828125,-0.27197265625,Mouth open
1713448508.620471,0.604248046875,0.751953125,-0.272705078125,Mouth open
1713448508.659738,0.603515625,0.7568359375,-0.269775390625,Mouth open
1713448508.701806,0.604736328125,0.762939453125,-0.272705078125,Mouth open
1713448508.740861,0.603759765625,0.76025390625,-0.274169921875,Mouth open
1713448508.781663,0.600830078125,0.754638671875,-0.2763671875,Mouth open
1713448508.821707,0.611083984375,0.76220703125,-0.27001953125,Mouth open
1713448508.861753,0.609375,0.761474609375,-0.27490234375,Mouth open
1713448508.90185,0.60205078125,0.7568359375,-0.269287109375,Mouth open
1713448508.942209,0.608154296875,0.757080078125,-0.27587890625,Mouth open
1713448508.983054,0.607177734375,0.755859375,-0.2705078125,Mouth open
1713448509.023232,0.60595703125,0.755126953125,-0.271728515625,Mouth open
1713448509.061862,0.607421875,0.758544921875,-0.270751953125,Mouth open
1713448509.105521,0.6064453125,0.761474609375,-0.2734375,Mouth open
1713448509.141683,0.601806640625,0.76025390625,-0.2734375,Mouth open
1713448509.180635,0.604736328125,0.76220703125,-0.27294921875,Mouth open
1713448509.220969,0.6044921875,0.758544921875,-0.271484375,Mouth open
1713448509.260326,0.604248046875,0.759765625,-0.269287109375,Mouth open
1713448509.299751,0.6103515625,0.75830078125,-0.27099609375,Mouth open
1713448509.34003,0.605224609375,0.7548828125,-0.2724609375,Mouth open
1713448509.37968,0.60498046875,0.760498046875,-0.27099609375,Mouth open
1713448509.421624,0.61083984375,0.763427734375,-0.274169921875,Mouth open
1713448509.461336,0.60400390625,0.757568359375,-0.27197265625,Mouth open
1713448509.501876,0.60107421875,0.75244140625,-0.27099609375,Mouth open
1713448509.547794,0.6083984375,0.760009765625,-0.26953125,Mouth open
1713448509.588517,0.607421875,0.760009765625,-0.273193359375,Mouth open
1713448509.626204,0.59814453125,0.760498046875,-0.27099609375,Mouth open
1713448509.663968,0.60888671875,0.76220703125,-0.280517578125,Mouth open
1713448509.706855,0.602783203125,0.751220703125,-0.271484375,Mouth open
1713448509.74799,0.606201171875,0.754638671875,-0.275146484375,Mouth open
1713448509.787808,0.60302734375,0.757080078125,-0.271240234375,Mouth open
1713448509.824458,0.6064453125,0.7607421875,-0.27490234375,Mouth open
1713448509.860066,0.604736328125,0.760009765625,-0.27392578125,Mouth open
1713448509.911406,0.6015625,0.759033203125,-0.28125,Mouth open
1713448509.940891,0.606689453125,0.759765625,-0.265869140625,Mouth open
1713448509.991968,0.6103515625,0.761962890625,-0.265625,Mouth open
1713448510.022006,0.603271484375,0.75732421875,-0.27734375,Mouth open
1713448510.072091,0.60400390625,0.75146484375,-0.27734375,Mouth open
1713448510.101719,0.6044921875,0.756591796875,-0.267333984375,Mouth open
1713448510.146886,0.6044921875,0.757080078125,-0.279541015625,Mouth open
1713448510.188822,0.602783203125,0.75390625,-0.27099609375,Mouth open
1713448510.228115,0.608642578125,0.75341796875,-0.269775390625,Mouth open
1713448510.266322,0.60693359375,0.7587890625,-0.271484375,Mouth open
1713448510.315034,0.60302734375,0.760986328125,-0.278076171875,Mouth open
1713448510.342835,0.606201171875,0.761474609375,-0.27294921875,Mouth open
1713448510.386853,0.60546875,0.760498046875,-0.2724609375,Mouth open
1713448510.423747,0.603759765625,0.755126953125,-0.271728515625,Mouth open
1713448510.469516,0.604248046875,0.756591796875,-0.271728515625,Mouth open
1713448510.502344,0.602294921875,0.760009765625,-0.27978515625,Mouth open
1713448510.551884,0.611572265625,0.76220703125,-0.276611328125,Mouth open
1713448510.580938,0.60400390625,0.759033203125,-0.264892578125,Mouth open
1713448510.630272,0.604248046875,0.75732421875,-0.272216796875,Mouth open
1713448510.667844,0.60205078125,0.758544921875,-0.278076171875,Mouth open
1713448510.70396,0.602783203125,0.755859375,-0.27685546875,Mouth open
1713448510.745822,0.602783203125,0.754150390625,-0.28125,Mouth open
1713448510.785346,0.599853515625,0.756591796875,-0.285400390625,Mouth open
1713448510.823478,0.6025390625,0.757080078125,-0.28466796875,Mouth open
1713448510.873941,0.605712890625,0.763671875,-0.277587890625,Mouth open
1713448510.901984,0.60400390625,0.7578125,-0.27783203125,Mouth open
1713448510.945012,0.60595703125,0.754150390625,-0.2763671875,Mouth open
1713448510.988993,0.60791015625,0.7548828125,-0.27392578125,Mouth open
1713448511.030855,0.604736328125,0.756103515625,-0.273681640625,Mouth open
1713448511.069195,0.60400390625,0.753173828125,-0.275390625,Mouth open
1713448511.102598,0.608154296875,0.755126953125,-0.272216796875,Mouth open
1713448511.146533,0.607421875,0.75439453125,-0.27001953125,Mouth open
1713448511.186548,0.60595703125,0.757568359375,-0.27197265625,Mouth open
1713448511.227332,0.608642578125,0.7568359375,-0.271728515625,Mouth open
1713448511.261564,0.606689453125,0.758544921875,-0.2744140625,Mouth open
1713448511.306409,0.607421875,0.7548828125,-0.277099609375,Mouth open
1713448511.345895,0.60693359375,0.75439453125,-0.279296875,Mouth open
1713448511.383917,0.60546875,0.755126953125,-0.275634765625,Mouth open
1713448511.423978,0.606201171875,0.757080078125,-0.2744140625,Mouth open
1713448511.462609,0.60791015625,0.757080078125,-0.26953125,Mouth open
1713448511.503702,0.608154296875,0.754638671875,-0.271484375,Mouth open
1713448511.543191,0.60693359375,0.75927734375,-0.27197265625,Mouth open
1713448511.583218,0.6064453125,0.75390625,-0.272705078125,Mouth open
1713448511.623633,0.603271484375,0.753173828125,-0.2724609375,Mouth open
1713448511.662986,0.606201171875,0.76171875,-0.27587890625,Mouth open
1713448511.702163,0.603271484375,0.759033203125,-0.27392578125,Mouth open
1713448511.741824,0.60595703125,0.75341796875,-0.2763671875,Mouth open
1713448511.780645,0.608642578125,0.75830078125,-0.270751953125,Mouth open
1713448511.821484,0.611328125,0.759033203125,-0.27392578125,Mouth open
1713448511.860747,0.606201171875,0.755615234375,-0.27490234375,Mouth open
1713448511.900583,0.611572265625,0.756591796875,-0.274658203125,Mouth open
1713448511.942185,0.608154296875,0.754150390625,-0.269775390625,Mouth open
1713448511.98183,0.6083984375,0.7578125,-0.2734375,Mouth open
1713448512.021765,0.60888671875,0.755126953125,-0.270263671875,Mouth open
1713448512.062936,0.607421875,0.759033203125,-0.26953125,Mouth open
1713448512.102837,0.603759765625,0.75537109375,-0.276123046875,Mouth open
1713448512.149517,0.606201171875,0.7607421875,-0.275390625,Mouth open
1713448512.183965,0.6064453125,0.75927734375,-0.27099609375,Mouth open
1713448512.224481,0.60595703125,0.758056640625,-0.27197265625,Mouth open
1713448512.263512,0.604248046875,0.755859375,-0.2744140625,Mouth open
1713448512.303872,0.606689453125,0.75439453125,-0.271484375,Mouth open
1713448512.344786,0.604736328125,0.75341796875,-0.2744140625,Mouth open
1713448512.386272,0.602783203125,0.751708984375,-0.274658203125,Mouth open
1713448512.422605,0.6044921875,0.7587890625,-0.268310546875,Mouth open
1713448512.463687,0.611572265625,0.7646484375,-0.27734375,Mouth open
1713448512.501716,0.603515625,0.756103515625,-0.271484375,Mouth open
1713448512.540921,0.606689453125,0.75634765625,-0.26806640625,Mouth open
1713448512.582205,0.607177734375,0.7607421875,-0.27294921875,Mouth open
1713448512.622967,0.606689453125,0.75732421875,-0.277587890625,Mouth open
1713448512.663154,0.603759765625,0.755126953125,-0.275390625,Mouth open
1713448512.701766,0.6103515625,0.75537109375,-0.279052734375,Mouth open
1713448512.748394,0.60693359375,0.7490234375,-0.273193359375,Mouth open
1713448512.784838,0.60888671875,0.7490234375,-0.269287109375,Mouth open
1713448512.826266,0.60888671875,0.756103515625,-0.27197265625,Mouth open
1713448512.862722,0.606201171875,0.759765625,-0.276611328125,Mouth open
1713448512.903622,0.60498046875,0.758056640625,-0.279541015625,Mouth open
1713448512.944377,0.60595703125,0.755615234375,-0.27685546875,Mouth open
1713448512.996119,0.60595703125,0.756103515625,-0.271484375,Mouth open
1713448513.022826,0.60400390625,0.751953125,-0.271728515625,Mouth open
1713448513.067188,0.607421875,0.75634765625,-0.274658203125,Mouth open
1713448513.101875,0.608154296875,0.75537109375,-0.270263671875,Mouth open
1713448513.145317,0.608154296875,0.753662109375,-0.271484375,Mouth open
1713448513.189081,0.605712890625,0.759033203125,-0.26904296875,Mouth open
1713448513.229489,0.609619140625,0.75830078125,-0.2724609375,Mouth open
1713448513.267817,0.603515625,0.756103515625,-0.2734375,Mouth open
1713448513.307487,0.60595703125,0.754150390625,-0.27294921875,Mouth open
1713448513.34614,0.608154296875,0.756591796875,-0.273681640625,Mouth open
1713448513.386721,0.61181640625,0.754638671875,-0.2783203125,Mouth open
1713448513.42571,0.6103515625,0.7578125,-0.27392578125,Mouth open
1713448513.465658,0.612060546875,0.757568359375,-0.27783203125,Mouth open
1713448513.505915,0.604736328125,0.75048828125,-0.275634765625,Mouth open
1713448513.549912,0.605224609375,0.752197265625,-0.275390625,Mouth open
1713448513.585074,0.605224609375,0.755615234375,-0.27587890625,Mouth open
1713448513.634186,0.604736328125,0.757080078125,-0.27587890625,Mouth open
1713448513.672142,0.60595703125,0.758056640625,-0.27587890625,Mouth open
1713448513.711999,0.603759765625,0.75537109375,-0.275146484375,Mouth open
1713448513.75038,0.60791015625,0.757568359375,-0.270751953125,Mouth open
1713448513.78949,0.606689453125,0.75244140625,-0.271484375,Mouth open
1713448513.827776,0.608642578125,0.758056640625,-0.267822265625,Mouth open
1713448513.867809,0.606689453125,0.75732421875,-0.270263671875,Mouth open
1713448513.906685,0.604248046875,0.753173828125,-0.2724609375,Mouth open
1713448513.945995,0.605712890625,0.758056640625,-0.266845703125,Mouth open
1713448513.984571,0.611083984375,0.76513671875,-0.27392578125,Mouth open
1713448514.024614,0.60009765625,0.759033203125,-0.27294921875,Mouth open
1713448514.068093,0.60498046875,0.755126953125,-0.276123046875,Mouth open
1713448514.107444,0.61181640625,0.7568359375,-0.267333984375,Mouth open
1713448514.146638,0.612060546875,0.7568359375,-0.2744140625,Mouth open
1713448514.186855,0.6025390625,0.754638671875,-0.27294921875,Mouth open
1713448514.22703,0.606689453125,0.757080078125,-0.27490234375,Mouth open
1713448514.269641,0.606689453125,0.75244140625,-0.272216796875,Mouth open
1713448514.307402,0.607666015625,0.75634765625,-0.272705078125,Mouth open
1713448514.347115,0.607666015625,0.759521484375,-0.2724609375,Mouth open
1713448514.385623,0.603515625,0.759521484375,-0.274169921875,Mouth open
1713448514.425262,0.604736328125,0.75732421875,-0.27392578125,Mouth open
1713448514.464567,0.6064453125,0.761962890625,-0.271728515625,Mouth open
1713448514.505958,0.607666015625,0.75830078125,-0.272216796875,Mouth open
1713448514.546458,0.60595703125,0.754638671875,-0.269287109375,Mouth open
1713448514.58759,0.611083984375,0.755615234375,-0.270751953125,Mouth open
1713448514.62585,0.6083984375,0.754638671875,-0.273193359375,Mouth open
1713448514.665697,0.60546875,0.75634765625,-0.277099609375,Mouth open
1713448514.711189,0.6083984375,0.756103515625,-0.272216796875,Mouth open
1713448514.747208,0.60546875,0.76318359375,-0.273681640625,Mouth open
1713448514.788729,0.60546875,0.762451171875,-0.274658203125,Mouth open
1713448514.827658,0.603271484375,0.7587890625,-0.27490234375,Mouth open
1713448514.867087,0.60888671875,0.757080078125,-0.270263671875,Mouth open
1713448514.906592,0.607666015625,0.7578125,-0.267333984375,Mouth open
1713448514.952795,0.608642578125,0.7587890625,-0.272216796875,Mouth open
1713448514.988522,0.61083984375,0.759765625,-0.26953125,Mouth open
1713448515.030162,0.609619140625,0.758056640625,-0.270751953125,Mouth open
1713448515.066875,0.60888671875,0.75244140625,-0.266357421875,Mouth open
1713448515.108056,0.603515625,0.759765625,-0.267822265625,Mouth open
1713448515.145108,0.605224609375,0.761962890625,-0.268310546875,Mouth open
1713448515.185889,0.600830078125,0.760009765625,-0.2734375,Mouth open
1713448515.227454,0.605224609375,0.761474609375,-0.267822265625,Mouth open
1713448515.273571,0.605712890625,0.759765625,-0.27197265625,Mouth open
1713448515.305784,0.6044921875,0.75634765625,-0.2685546875,Mouth open
1713448515.347785,0.604248046875,0.75830078125,-0.269775390625,Mouth open
1713448515.393185,0.60595703125,0.756103515625,-0.27734375,Mouth open
1713448515.433163,0.6064453125,0.757080078125,-0.26904296875,Mouth open
1713448515.470933,0.60107421875,0.752197265625,-0.27001953125,Mouth open
1713448515.51094,0.60693359375,0.76220703125,-0.26123046875,Mouth open
1713448515.548428,0.608642578125,0.7646484375,-0.269775390625,Mouth open
1713448515.589229,0.6005859375,0.75146484375,-0.274169921875,Mouth open
1713448515.626758,0.606201171875,0.7529296875,-0.26708984375,Mouth open
1713448515.666695,0.61279296875,0.760498046875,-0.267333984375,Mouth open
1713448515.706597,0.609130859375,0.7568359375,-0.27392578125,Mouth open
1713448515.745316,0.604736328125,0.7568359375,-0.272216796875,Mouth open
1713448515.785086,0.6083984375,0.758544921875,-0.271728515625,Mouth open
1713448515.828068,0.60400390625,0.752685546875,-0.27001953125,Mouth open
1713448515.865701,0.60791015625,0.754638671875,-0.269775390625,Mouth open
1713448515.906619,0.60400390625,0.759033203125,-0.27099609375,Mouth open
1713448515.946581,0.607666015625,0.76123046875,-0.270263671875,Mouth open
1713448515.988891,0.604736328125,0.7578125,-0.274169921875,Mouth open
1713448516.027501,0.60498046875,0.75634765625,-0.267333984375,Mouth open
1713448516.067881,0.608154296875,0.759765625,-0.26611328125,Mouth open
1713448516.107724,0.607421875,0.75634765625,-0.270263671875,Mouth open
1713448516.148755,0.606689453125,0.75732421875,-0.26953125,Mouth open
1713448516.18903,0.604248046875,0.755859375,-0.270751953125,Mouth open
1713448516.227737,0.606689453125,0.756103515625,-0.2626953125,Mouth open
1713448516.268738,0.610107421875,0.762451171875,-0.271484375,Mouth open
1713448516.306514,0.60498046875,0.753662109375,-0.271484375,Mouth open
1713448516.346789,0.609375,0.755126953125,-0.264404296875,Mouth open
1713448516.388525,0.611328125,0.75927734375,-0.265625,Mouth open
1713448516.426499,0.612060546875,0.7587890625,-0.268310546875,Mouth open
1713448516.467136,0.6064453125,0.7568359375,-0.268310546875,Mouth open
1713448516.50555,0.611328125,0.759765625,-0.26904296875,Mouth open
1713448516.547288,0.606689453125,0.75634765625,-0.264404296875,Mouth open
1713448516.587453,0.60693359375,0.751708984375,-0.268310546875,Mouth open
1713448516.627054,0.607666015625,0.758544921875,-0.263671875,Mouth open
1713448516.673261,0.6083984375,0.759765625,-0.26953125,Mouth open
1713448516.709679,0.60595703125,0.7587890625,-0.269287109375,Mouth open
1713448516.750981,0.604736328125,0.76025390625,-0.269775390625,Mouth open
1713448516.787915,0.608154296875,0.759521484375,-0.26708984375,Mouth open
1713448516.829961,0.60595703125,0.759033203125,-0.267822265625,Mouth open
1713448516.86749,0.612060546875,0.758056640625,-0.266845703125,Mouth open
1713448516.92065,0.616455078125,0.759033203125,-0.272216796875,Mouth open
1713448516.949854,0.615234375,0.75439453125,-0.267822265625,Mouth open
1713448516.999018,0.60888671875,0.757568359375,-0.26611328125,Mouth open
1713448517.025756,0.609375,0.75830078125,-0.26953125,Mouth open
1713448517.077741,0.60595703125,0.751953125,-0.268310546875,Mouth open
1713448517.105749,0.613525390625,0.751708984375,-0.26708984375,Mouth open
1713448517.155747,0.615234375,0.7548828125,-0.267822265625,Mouth open
1713448517.185651,0.615478515625,0.751953125,-0.270263671875,Mouth open
1713448517.227359,0.61376953125,0.755859375,-0.2685546875,Mouth open
1713448517.272341,0.61083984375,0.7587890625,-0.26904296875,Mouth open
1713448517.311968,0.61083984375,0.753662109375,-0.26513671875,Mouth open
1713448517.350474,0.611328125,0.752685546875,-0.26904296875,Mouth open
1713448517.390587,0.610595703125,0.755859375,-0.26953125,Mouth open
1713448517.427648,0.605224609375,0.755126953125,-0.271240234375,Mouth open
1713448517.480667,0.60791015625,0.755126953125,-0.272216796875,Mouth open
1713448517.507768,0.608642578125,0.758056640625,-0.2685546875,Mouth open
1713448517.557643,0.609130859375,0.75390625,-0.2685546875,Mouth open
1713448517.586145,0.611328125,0.752197265625,-0.26611328125,Mouth open
1713448517.632529,0.612548828125,0.753662109375,-0.267822265625,Mouth open
1713448517.674706,0.60546875,0.749267578125,-0.2705078125,Mouth open
1713448517.712555,0.61376953125,0.754150390625,-0.263671875,Mouth open
1713448517.751724,0.61474609375,0.759765625,-0.26904296875,Mouth open
1713448517.78877,0.611572265625,0.757080078125,-0.267578125,Mouth open
1713448517.831482,0.60986328125,0.7529296875,-0.267822265625,Mouth open
1713448517.872383,0.609130859375,0.753173828125,-0.2666015625,Mouth open
1713448517.912722,0.615966796875,0.755615234375,-0.26708984375,Mouth open
1713448517.953205,0.607666015625,0.7529296875,-0.267578125,Mouth open
1713448517.993256,0.61376953125,0.7568359375,-0.269287109375,Mouth open
1713448518.029294,0.609130859375,0.7568359375,-0.26708984375,Mouth open
1713448518.07342,0.605712890625,0.75244140625,-0.270263671875,Mouth open
1713448518.113402,0.60986328125,0.75634765625,-0.268798828125,Mouth open
1713448518.153156,0.608154296875,0.759765625,-0.26611328125,Mouth open
1713448518.195149,0.608154296875,0.758544921875,-0.26953125,Mouth open
1713448518.234158,0.60693359375,0.75634765625,-0.271728515625,Mouth open
1713448518.274378,0.614501953125,0.754638671875,-0.26611328125,Mouth open
1713448518.31445,0.6103515625,0.751953125,-0.262939453125,Mouth open
1713448518.355061,0.6123046875,0.751708984375,-0.266357421875,Mouth open
1713448518.392988,0.614013671875,0.7548828125,-0.265380859375,Mouth open
1713448518.43595,0.61474609375,0.752685546875,-0.270263671875,Mouth open
1713448518.468937,0.611328125,0.75732421875,-0.263916015625,Mouth open
1713448518.519514,0.611572265625,0.758544921875,-0.271240234375,Mouth open
1713448518.550035,0.606689453125,0.75537109375,-0.2685546875,Mouth open
1713448518.600302,0.612548828125,0.750732421875,-0.26513671875,Mouth open
1713448518.628924,0.611328125,0.7587890625,-0.26611328125,Mouth open
1713448518.673023,0.611328125,0.755126953125,-0.27197265625,Mouth open
1713448518.709878,0.61181640625,0.759765625,-0.26708984375,Mouth open
1713448518.749471,0.60546875,0.75634765625,-0.265380859375,Mouth open
1713448518.793062,0.60546875,0.75048828125,-0.27099609375,Mouth open
1713448518.835625,0.607666015625,0.75537109375,-0.26708984375,Mouth open
1713448518.872866,0.611572265625,0.760498046875,-0.267822265625,Mouth open
1713448518.908475,0.60888671875,0.760986328125,-0.275634765625,Mouth open
1713448518.947697,0.608154296875,0.7587890625,-0.26904296875,Mouth open
1713448518.98847,0.60791015625,0.759521484375,-0.269775390625,Mouth open
1713448519.028685,0.60595703125,0.75732421875,-0.268798828125,Mouth open
1713448519.06857,0.60888671875,0.757080078125,-0.272705078125,Mouth open
1713448519.113042,0.61279296875,0.752685546875,-0.27294921875,Mouth open
1713448519.155398,0.61181640625,0.75634765625,-0.271240234375,Mouth open
1713448519.192507,0.61328125,0.758056640625,-0.271240234375,Mouth open
1713448519.23461,0.608642578125,0.75537109375,-0.2763671875,Mouth open
1713448519.273434,0.60595703125,0.7509765625,-0.27197265625,Mouth open
1713448519.315769,0.612060546875,0.754638671875,-0.265625,Mouth open
1713448519.353264,0.6083984375,0.756103515625,-0.273193359375,Mouth open
1713448519.396027,0.60302734375,0.753173828125,-0.268310546875,Mouth open
1713448519.434384,0.6123046875,0.76025390625,-0.274658203125,Mouth open
1713448519.476106,0.608642578125,0.757080078125,-0.267333984375,Mouth open
1713448519.51489,0.6064453125,0.755126953125,-0.2705078125,Mouth open
1713448519.556517,0.6123046875,0.75927734375,-0.270751953125,Mouth open
1713448519.590886,0.60546875,0.76025390625,-0.266845703125,Mouth open
1713448519.630229,0.604248046875,0.7607421875,-0.2724609375,Mouth open
1713448519.669604,0.604736328125,0.75830078125,-0.2734375,Mouth open
1713448519.709966,0.60693359375,0.75830078125,-0.27001953125,Mouth open
1713448519.750571,0.60888671875,0.759765625,-0.26953125,Mouth open
1713448519.790521,0.608642578125,0.754150390625,-0.2705078125,Mouth open
1713448519.830619,0.609130859375,0.756103515625,-0.275390625,Mouth open
1713448519.877038,0.6103515625,0.76025390625,-0.2685546875,Mouth open
1713448519.914599,0.60595703125,0.760986328125,-0.27392578125,Mouth open
1713448519.956361,0.60498046875,0.755126953125,-0.272705078125,Mouth open
1713448519.993317,0.610107421875,0.751708984375,-0.270263671875,Mouth open
1713448520.031877,0.60986328125,0.754150390625,-0.270751953125,Mouth closed
1713448520.071598,0.609619140625,0.7548828125,-0.27490234375,Mouth closed
1713448520.112583,0.605712890625,0.760498046875,-0.28173828125,Mouth closed
1713448520.153618,0.6103515625,0.7568359375,-0.27587890625,Mouth closed
1713448520.193292,0.606201171875,0.75341796875,-0.277099609375,Mouth closed
1713448520.230745,0.605712890625,0.755859375,-0.2724609375,Mouth closed
1713448520.269438,0.606201171875,0.759033203125,-0.2744140625,Mouth closed
1713448520.31067,0.604248046875,0.7568359375,-0.27490234375,Mouth closed
1713448520.356092,0.606201171875,0.756591796875,-0.27587890625,Mouth closed
1713448520.392199,0.60791015625,0.758056640625,-0.277099609375,Mouth closed
1713448520.433453,0.604248046875,0.756591796875,-0.273193359375,Mouth closed
1713448520.475418,0.60400390625,0.75634765625,-0.2744140625,Mouth closed
1713448520.524153,0.611328125,0.756591796875,-0.28125,Mouth closed
1713448520.553112,0.607177734375,0.75390625,-0.27978515625,Mouth closed
1713448520.602187,0.60693359375,0.76171875,-0.27197265625,Mouth closed
1713448520.639636,0.603515625,0.763671875,-0.27783203125,Mouth closed
1713448520.679158,0.59423828125,0.7568359375,-0.278076171875,Mouth closed
1713448520.717769,0.606689453125,0.755859375,-0.27392578125,Mouth closed
1713448520.757612,0.607421875,0.757080078125,-0.270263671875,Mouth closed
1713448520.796548,0.60546875,0.76220703125,-0.285888671875,Mouth closed
1713448520.835407,0.5947265625,0.76171875,-0.285888671875,Mouth closed
1713448520.875155,0.5927734375,0.76318359375,-0.28955078125,Mouth closed
1713448520.914431,0.58984375,0.762939453125,-0.2890625,Mouth closed
1713448520.953425,0.589111328125,0.76220703125,-0.288818359375,Mouth closed
1713448520.994564,0.590576171875,0.764404296875,-0.287841796875,Mouth closed
1713448521.031565,0.59228515625,0.764892578125,-0.28759765625,Mouth closed
1713448521.073221,0.593505859375,0.763916015625,-0.288818359375,Mouth closed
1713448521.112569,0.59423828125,0.75927734375,-0.2890625,Mouth closed
1713448521.152427,0.599609375,0.75830078125,-0.2822265625,Mouth closed
1713448521.193724,0.601318359375,0.758056640625,-0.283935546875,Mouth closed
1713448521.233561,0.6044921875,0.758544921875,-0.28466796875,Mouth closed
1713448521.272412,0.599365234375,0.749267578125,-0.28759765625,Mouth closed
1713448521.31534,0.599609375,0.753662109375,-0.28515625,Mouth closed
1713448521.35359,0.60400390625,0.759765625,-0.287841796875,Mouth closed
1713448521.394689,0.60302734375,0.759765625,-0.28564453125,Mouth closed
1713448521.434662,0.599609375,0.751708984375,-0.283935546875,Mouth closed
1713448521.477727,0.602783203125,0.75244140625,-0.283447265625,Mouth closed
1713448521.515245,0.6025390625,0.75390625,-0.28662109375,Mouth closed
1713448521.55506,0.598388671875,0.751708984375,-0.28515625,Mouth closed
1713448521.591797,0.6044921875,0.759521484375,-0.28759765625,Mouth closed
1713448521.632516,0.600341796875,0.753662109375,-0.288330078125,Mouth closed
1713448521.672712,0.59912109375,0.754150390625,-0.28955078125,Mouth closed
1713448521.714262,0.59814453125,0.7548828125,-0.28271484375,Mouth closed
1713448521.75373,0.60205078125,0.758544921875,-0.287841796875,Mouth closed
1713448521.793679,0.59765625,0.7568359375,-0.2900390625,Mouth closed
1713448521.838225,0.599853515625,0.7578125,-0.2919921875,Mouth closed
1713448521.875964,0.60546875,0.76025390625,-0.284423828125,Mouth closed
1713448521.917092,0.603271484375,0.7568359375,-0.281982421875,Mouth closed
1713448521.954985,0.60107421875,0.755859375,-0.285888671875,Mouth closed
1713448521.994776,0.598876953125,0.75634765625,-0.28515625,Mouth closed
1713448522.03668,0.597412109375,0.752685546875,-0.2890625,Mouth closed
1713448522.085938,0.59814453125,0.75634765625,-0.285400390625,Mouth closed
1713448522.115512,0.6015625,0.76025390625,-0.289306640625,Mouth closed
1713448522.164962,0.595703125,0.75244140625,-0.289306640625,Mouth closed
1713448522.19424,0.599609375,0.75537109375,-0.283447265625,Mouth closed
1713448522.237554,0.60400390625,0.759521484375,-0.28369140625,Mouth closed
1713448522.273673,0.60400390625,0.760009765625,-0.293212890625,Mouth closed
1713448522.322284,0.595947265625,0.75341796875,-0.289306640625,Mouth closed
1713448522.360971,0.60400390625,0.76025390625,-0.288818359375,Mouth closed
1713448522.401426,0.5986328125,0.753662109375,-0.2841796875,Mouth closed
1713448522.439393,0.60400390625,0.753662109375,-0.283447265625,Mouth closed
1713448522.480163,0.599365234375,0.755859375,-0.283447265625,Mouth closed
1713448522.518439,0.599609375,0.760986328125,-0.28759765625,Mouth closed
1713448522.557486,0.595947265625,0.7578125,-0.288330078125,Mouth closed
1713448522.597055,0.599609375,0.75390625,-0.28515625,Mouth closed
1713448522.645915,0.599365234375,0.75634765625,-0.2822265625,Mouth closed
1713448522.675403,0.60009765625,0.75634765625,-0.28173828125,Mouth closed
1713448522.723097,0.596435546875,0.759033203125,-0.283935546875,Mouth closed
1713448522.760732,0.602783203125,0.756591796875,-0.2861328125,Mouth closed
1713448522.799793,0.599853515625,0.759033203125,-0.27978515625,Mouth closed
1713448522.837645,0.600830078125,0.761962890625,-0.28564453125,Mouth closed
1713448522.877144,0.597900390625,0.756591796875,-0.28173828125,Mouth closed
1713448522.914173,0.5986328125,0.75341796875,-0.2822265625,Mouth closed
1713448522.95524,0.60107421875,0.760986328125,-0.28076171875,Mouth closed
1713448522.996341,0.6044921875,0.758544921875,-0.289794921875,Mouth closed
1713448523.036647,0.60205078125,0.75732421875,-0.287109375,Mouth closed
1713448523.075475,0.601318359375,0.759033203125,-0.288330078125,Mouth closed
1713448523.115507,0.59765625,0.75439453125,-0.284423828125,Mouth closed
1713448523.156892,0.6025390625,0.754638671875,-0.284423828125,Mouth closed
1713448523.197244,0.595947265625,0.7548828125,-0.284423828125,Mouth closed
1713448523.235411,0.59814453125,0.757568359375,-0.288818359375,Mouth closed
1713448523.276491,0.60205078125,0.7587890625,-0.2900390625,Mouth closed
1713448523.316419,0.603759765625,0.755126953125,-0.283935546875,Mouth closed
1713448523.356537,0.60400390625,0.7548828125,-0.277099609375,Mouth closed
1713448523.397767,0.5966796875,0.7568359375,-0.29052734375,Mouth closed
1713448523.436483,0.6044921875,0.756591796875,-0.28515625,Mouth closed
1713448523.47641,0.575439453125,0.762939453125,-0.490478515625,Mouth closed
1713448523.515566,0.5859375,0.75,-0.287109375,Mouth closed
1713448523.55533,0.5966796875,0.759033203125,-0.28515625,Mouth closed
1713448523.595426,0.6025390625,0.763671875,-0.28955078125,Mouth closed
1713448523.640167,0.595947265625,0.7568359375,-0.28662109375,Mouth closed
1713448523.676924,0.597900390625,0.758056640625,-0.289306640625,Mouth closed
1713448523.717486,0.60302734375,0.760986328125,-0.28173828125,Mouth closed
1713448523.755494,0.60205078125,0.75732421875,-0.287109375,Mouth closed
1713448523.809082,0.599853515625,0.75830078125,-0.2861328125,Mouth closed
1713448523.836925,0.600830078125,0.758544921875,-0.28955078125,Mouth closed
1713448523.882535,0.59814453125,0.75390625,-0.28759765625,Mouth closed
1713448523.919284,0.599609375,0.759765625,-0.288818359375,Mouth closed
1713448523.960034,0.594482421875,0.759521484375,-0.287841796875,Mouth closed
1713448523.99747,0.596435546875,0.75927734375,-0.29150390625,Mouth closed
1713448524.05133,0.59619140625,0.759765625,-0.287353515625,Mouth closed
1713448524.078711,0.598388671875,0.76025390625,-0.291748046875,Mouth closed
1713448524.12286,0.599365234375,0.75390625,-0.2900390625,Mouth closed
1713448524.157612,0.60205078125,0.755859375,-0.285400390625,Mouth closed
1713448524.206909,0.601806640625,0.75634765625,-0.284912109375,Mouth closed
1713448524.235503,0.597900390625,0.75341796875,-0.28564453125,Mouth closed
1713448524.278455,0.601318359375,0.751953125,-0.28857421875,Mouth closed
1713448524.322994,0.60009765625,0.755615234375,-0.283203125,Mouth closed
1713448524.358358,0.603759765625,0.75732421875,-0.288330078125,Mouth closed
1713448524.4017,0.597412109375,0.7568359375,-0.28466796875,Mouth closed
1713448524.440953,0.601318359375,0.75341796875,-0.286376953125,Mouth closed
1713448524.479216,0.6064453125,0.758544921875,-0.283203125,Mouth closed
1713448524.518357,0.6015625,0.75927734375,-0.284423828125,Mouth closed
1713448524.557689,0.6005859375,0.7568359375,-0.28515625,Mouth closed
1713448524.600317,0.603759765625,0.756103515625,-0.28564453125,Mouth closed
1713448524.638383,0.602294921875,0.7578125,-0.2822265625,Mouth closed
1713448524.678927,0.599853515625,0.7548828125,-0.28369140625,Mouth closed
1713448524.719609,0.601318359375,0.757568359375,-0.283935546875,Mouth closed
1713448524.757455,0.5986328125,0.759033203125,-0.286865234375,Mouth closed
1713448524.797593,0.601806640625,0.757080078125,-0.28564453125,Mouth closed
1713448524.839717,0.599365234375,0.7568359375,-0.28662109375,Mouth closed
1713448524.875421,0.603271484375,0.760009765625,-0.282958984375,Mouth closed
1713448524.917415,0.5986328125,0.757568359375,-0.28076171875,Mouth closed
1713448524.956877,0.604248046875,0.75830078125,-0.280517578125,Mouth closed
1713448524.997597,0.60400390625,0.757568359375,-0.28369140625,Mouth closed
1713448525.037858,0.601318359375,0.753173828125,-0.286376953125,Mouth closed
1713448525.076986,0.600341796875,0.75830078125,-0.276123046875,Mouth closed
1713448525.116429,0.606201171875,0.7607421875,-0.283935546875,Mouth closed
1713448525.15948,0.596923828125,0.754638671875,-0.2841796875,Mouth closed
1713448525.200537,0.6025390625,0.75244140625,-0.277099609375,Mouth closed
1713448525.240371,0.60595703125,0.759033203125,-0.27783203125,Mouth closed
1713448525.281018,0.604736328125,0.75634765625,-0.286865234375,Mouth closed
1713448525.318654,0.6044921875,0.760009765625,-0.28662109375,Mouth closed
1713448525.359529,0.6005859375,0.756591796875,-0.286376953125,Mouth closed
1713448525.398426,0.59912109375,0.752685546875,-0.281494140625,Mouth closed
1713448525.437508,0.600830078125,0.755615234375,-0.283447265625,Mouth closed
1713448525.478596,0.602294921875,0.760009765625,-0.282470703125,Mouth closed
1713448525.520967,0.60009765625,0.75927734375,-0.284423828125,Mouth closed
1713448525.556812,0.599853515625,0.755615234375,-0.28369140625,Mouth closed
1713448525.597965,0.602294921875,0.759521484375,-0.279541015625,Mouth closed
1713448525.637349,0.602783203125,0.755859375,-0.275634765625,Mouth closed
1713448525.688588,0.608154296875,0.7587890625,-0.277099609375,Mouth closed
1713448525.717647,0.604248046875,0.758544921875,-0.280029296875,Mouth closed
1713448525.76151,0.610595703125,0.7568359375,-0.28076171875,Mouth closed
1713448525.803531,0.610107421875,0.76513671875,-0.28173828125,Mouth closed
1713448525.843841,0.60009765625,0.755615234375,-0.286376953125,Mouth closed
1713448525.882211,0.60205078125,0.749755859375,-0.278564453125,Mouth closed
1713448525.92155,0.6044921875,0.756591796875,-0.27685546875,Mouth closed
1713448525.959458,0.603759765625,0.757080078125,-0.28271484375,Mouth closed
1713448526.000341,0.59619140625,0.75341796875,-0.279541015625,Mouth closed
1713448526.040873,0.608154296875,0.761962890625,-0.281005859375,Mouth closed
1713448526.080138,0.603759765625,0.756591796875,-0.277099609375,Mouth closed
1713448526.118716,0.601806640625,0.7529296875,-0.27783203125,Mouth closed
1713448526.157545,0.601318359375,0.75732421875,-0.280029296875,Mouth closed
1713448526.197995,0.6015625,0.757568359375,-0.279541015625,Mouth closed
1713448526.24116,0.600830078125,0.760986328125,-0.284912109375,Mouth closed
1713448526.278619,0.599365234375,0.75830078125,-0.2822265625,Mouth closed
1713448526.319134,0.601318359375,0.757080078125,-0.2783203125,Mouth closed
1713448526.358665,0.600341796875,0.7548828125,-0.28173828125,Mouth closed
1713448526.399533,0.601318359375,0.7578125,-0.2841796875,Mouth closed
1713448526.439357,0.605224609375,0.756591796875,-0.286376953125,Mouth closed
1713448526.481711,0.6005859375,0.75927734375,-0.27734375,Mouth closed
1713448526.520357,0.603271484375,0.75830078125,-0.28515625,Mouth closed
1713448526.5634,0.59912109375,0.75537109375,-0.28125,Mouth closed
1713448526.600574,0.601318359375,0.752685546875,-0.28125,Mouth closed
1713448526.640244,0.606201171875,0.7568359375,-0.2763671875,Mouth closed
1713448526.68035,0.609375,0.75732421875,-0.282958984375,Mouth closed
1713448526.722994,0.6044921875,0.7578125,-0.279541015625,Mouth closed
1713448526.758765,0.60791015625,0.755615234375,-0.28076171875,Mouth closed
1713448526.799193,0.601806640625,0.752685546875,-0.278076171875,Mouth closed
1713448526.837986,0.602294921875,0.755859375,-0.277587890625,Mouth closed
1713448526.878287,0.60400390625,0.76025390625,-0.280029296875,Mouth closed
1713448526.923556,0.598876953125,0.75830078125,-0.2822265625,Mouth closed
1713448526.959903,0.6015625,0.759521484375,-0.283447265625,Mouth closed
1713448527.001431,0.603515625,0.758056640625,-0.279541015625,Mouth closed
1713448527.039421,0.607666015625,0.7568359375,-0.27880859375,Mouth closed
1713448527.078489,0.60498046875,0.7548828125,-0.28125,Mouth closed
1713448527.120514,0.606201171875,0.754150390625,-0.2802734375,Mouth closed
1713448527.165602,0.604248046875,0.7548828125,-0.280029296875,Mouth closed
1713448527.198382,0.605224609375,0.76220703125,-0.280029296875,Mouth closed
1713448527.246725,0.60400390625,0.755615234375,-0.280517578125,Mouth closed
1713448527.285228,0.599609375,0.753173828125,-0.283447265625,Mouth closed
1713448527.325283,0.60546875,0.75390625,-0.27783203125,Mouth closed
1713448527.362868,0.605224609375,0.759521484375,-0.276611328125,Mouth closed
1713448527.403293,0.606689453125,0.75634765625,-0.278076171875,Mouth closed
1713448527.441548,0.605712890625,0.757568359375,-0.280517578125,Mouth closed
1713448527.480761,0.60400390625,0.756103515625,-0.277099609375,Mouth closed
1713448527.518632,0.60205078125,0.752685546875,-0.278076171875,Mouth closed
1713448527.557851,0.599853515625,0.7529296875,-0.2822265625,Mouth closed
1713448527.597611,0.603759765625,0.75830078125,-0.28125,Mouth closed
1713448527.637871,0.60205078125,0.75732421875,-0.280517578125,Mouth closed
1713448527.678487,0.60400390625,0.7578125,-0.28271484375,Mouth closed
1713448527.720109,0.604736328125,0.757568359375,-0.27978515625,Mouth closed
1713448527.758286,0.60595703125,0.7578125,-0.278564453125,Mouth closed
1713448527.799463,0.606689453125,0.7548828125,-0.277099609375,Mouth closed
1713448527.84381,0.606689453125,0.7529296875,-0.2802734375,Mouth closed
1713448527.884232,0.60791015625,0.752685546875,-0.279296875,Mouth closed
1713448527.923221,0.607177734375,0.75830078125,-0.275634765625,Mouth closed
1713448527.963922,0.60595703125,0.75927734375,-0.278564453125,Mouth closed
1713448528.002396,0.600341796875,0.753662109375,-0.27392578125,Mouth closed
1713448528.043379,0.6083984375,0.755615234375,-0.273193359375,Mouth closed
1713448528.081959,0.609375,0.75830078125,-0.27392578125,Mouth closed
1713448528.122194,0.60400390625,0.75439453125,-0.275146484375,Mouth closed
1713448528.16328,0.606201171875,0.759033203125,-0.279541015625,Mouth closed
1713448528.204841,0.603271484375,0.752197265625,-0.2783203125,Mouth closed
1713448528.243712,0.60546875,0.7529296875,-0.276611328125,Mouth closed
1713448528.284474,0.600341796875,0.756591796875,-0.27734375,Mouth closed
1713448528.324269,0.602294921875,0.757568359375,-0.279541015625,Mouth closed
1713448528.365612,0.603515625,0.759033203125,-0.28369140625,Mouth closed
1713448528.405059,0.60205078125,0.758544921875,-0.281005859375,Mouth closed
1713448528.445835,0.60400390625,0.758056640625,-0.277587890625,Mouth closed
1713448528.485493,0.604736328125,0.756103515625,-0.274169921875,Mouth closed
1713448528.527831,0.60693359375,0.756591796875,-0.276611328125,Mouth closed
1713448528.566809,0.603515625,0.755859375,-0.275390625,Mouth closed
1713448528.60305,0.60888671875,0.757568359375,-0.279052734375,Mouth closed
1713448528.646103,0.611083984375,0.763427734375,-0.27978515625,Mouth closed
1713448528.687767,0.6015625,0.7548828125,-0.277587890625,Mouth closed
1713448528.726617,0.60205078125,0.7509765625,-0.2783203125,Mouth closed
1713448528.768915,0.609130859375,0.75732421875,-0.275390625,Mouth closed
1713448528.799512,0.607177734375,0.75390625,-0.280517578125,Mouth closed
1713448528.849905,0.59716796875,0.75146484375,-0.2763671875,Mouth closed
1713448528.880434,0.61083984375,0.7578125,-0.2802734375,Mouth closed
1713448528.921374,0.60498046875,0.75634765625,-0.277099609375,Mouth closed
1713448528.966565,0.602783203125,0.753173828125,-0.278076171875,Mouth closed
1713448529.008354,0.603759765625,0.758056640625,-0.27490234375,Mouth closed
1713448529.048107,0.603271484375,0.7587890625,-0.27978515625,Mouth closed
1713448529.095361,0.6025390625,0.758056640625,-0.28125,Mouth closed
1713448529.122281,0.603515625,0.7587890625,-0.27734375,Mouth closed
1713448529.163694,0.6064453125,0.758056640625,-0.272705078125,Mouth closed
1713448529.20633,0.605224609375,0.752197265625,-0.275634765625,Mouth closed
1713448529.257655,0.60693359375,0.756591796875,-0.275634765625,Mouth closed
1713448529.282247,0.605224609375,0.75,-0.279296875,Mouth closed
1713448529.325386,0.60546875,0.753173828125,-0.275390625,Mouth closed
1713448529.362049,0.60791015625,0.760986328125,-0.278076171875,Mouth closed
1713448529.404834,0.60302734375,0.757568359375,-0.2783203125,Mouth closed
1713448529.442722,0.603515625,0.754638671875,-0.275634765625,Mouth closed
1713448529.484359,0.604736328125,0.75439453125,-0.27392578125,Mouth closed
1713448529.522325,0.60302734375,0.75927734375,-0.28125,Mouth closed
1713448529.564242,0.600830078125,0.756103515625,-0.273681640625,Mouth closed
1713448529.601576,0.608154296875,0.75537109375,-0.2783203125,Mouth closed
1713448529.644032,0.60595703125,0.751708984375,-0.2783203125,Mouth closed
1713448529.683177,0.60498046875,0.750244140625,-0.28076171875,Mouth closed
1713448529.723158,0.607177734375,0.751708984375,-0.278564453125,Mouth closed
1713448529.764599,0.607421875,0.7578125,-0.27734375,Mouth closed
1713448529.816866,0.60595703125,0.75390625,-0.280029296875,Mouth closed
1713448529.842724,0.605712890625,0.754150390625,-0.28173828125,Mouth closed
1713448529.883359,0.60546875,0.75634765625,-0.281005859375,Mouth closed
1713448529.926756,0.6064453125,0.75634765625,-0.277099609375,Mouth closed
1713448529.967282,0.605712890625,0.7509765625,-0.283447265625,Mouth closed
1713448530.002673,0.608154296875,0.75439453125,-0.27587890625,Mouth closed
1713448530.042508,0.606689453125,0.751220703125,-0.276611328125,Mouth closed
1713448530.082569,0.608154296875,0.75439453125,-0.275146484375,Mouth closed
1713448530.128684,0.611083984375,0.760009765625,-0.278076171875,Mouth closed
1713448530.161295,0.608154296875,0.752197265625,-0.2763671875,Mouth closed
1713448530.21177,0.605224609375,0.751953125,-0.280517578125,Mouth closed
1713448530.247379,0.608154296875,0.7568359375,-0.27685546875,Mouth closed
1713448530.288621,0.60595703125,0.757080078125,-0.28076171875,Mouth closed
1713448530.325757,0.607666015625,0.756103515625,-0.275634765625,Mouth closed
1713448530.362626,0.610595703125,0.75537109375,-0.276123046875,Mouth closed
1713448530.404968,0.60498046875,0.755615234375,-0.27490234375,Mouth closed
1713448530.455935,0.6044921875,0.75244140625,-0.2763671875,Mouth closed
1713448530.482409,0.605224609375,0.756103515625,-0.276611328125,Mouth closed
1713448530.532888,0.60595703125,0.754150390625,-0.279052734375,Mouth closed
1713448530.570762,0.608154296875,0.7548828125,-0.281982421875,Mouth closed
1713448530.61089,0.6015625,0.753662109375,-0.283935546875,Mouth closed
1713448530.64752,0.604736328125,0.753662109375,-0.279541015625,Mouth closed
1713448530.686759,0.60888671875,0.7548828125,-0.2783203125,Mouth closed
1713448530.724784,0.606689453125,0.75341796875,-0.276611328125,Mouth closed
1713448530.763824,0.607177734375,0.757568359375,-0.2822265625,Mouth closed
1713448530.801433,0.60791015625,0.753173828125,-0.285400390625,Mouth closed
1713448530.842291,0.606201171875,0.750244140625,-0.2822265625,Mouth closed
1713448530.882294,0.603515625,0.75732421875,-0.27880859375,Mouth closed
1713448530.922358,0.608154296875,0.757568359375,-0.28125,Mouth closed
1713448530.962458,0.6025390625,0.7529296875,-0.2802734375,Mouth closed
1713448531.004225,0.605224609375,0.755615234375,-0.279296875,Mouth closed
1713448531.042661,0.606689453125,0.755126953125,-0.277587890625,Mouth closed
1713448531.085019,0.608154296875,0.75390625,-0.278076171875,Mouth closed
1713448531.12359,0.60986328125,0.75927734375,-0.278564453125,Mouth closed
1713448531.165537,0.606689453125,0.7529296875,-0.27685546875,Mouth closed
1713448531.205128,0.60595703125,0.753173828125,-0.27978515625,Mouth closed
1713448531.243326,0.607177734375,0.75146484375,-0.2763671875,Mouth closed
1713448531.289468,0.60791015625,0.75927734375,-0.276611328125,Mouth closed
1713448531.334107,0.603515625,0.75634765625,-0.276611328125,Mouth closed
1713448531.361604,0.606201171875,0.7578125,-0.277587890625,Mouth closed
1713448531.402992,0.603759765625,0.76171875,-0.277587890625,Mouth closed
1713448531.443011,0.608154296875,0.756103515625,-0.273193359375,Mouth closed
1713448531.484483,0.60546875,0.75634765625,-0.275390625,Mouth closed
1713448531.523279,0.603515625,0.75634765625,-0.27587890625,Mouth closed
1713448531.566885,0.60400390625,0.756103515625,-0.2783203125,Mouth closed
1713448531.607777,0.601806640625,0.75390625,-0.279296875,Mouth closed
1713448531.644389,0.600830078125,0.76025390625,-0.27392578125,Mouth closed
1713448531.684586,0.604248046875,0.75830078125,-0.28173828125,Mouth closed
1713448531.726408,0.59912109375,0.752197265625,-0.280517578125,Mouth closed
1713448531.76527,0.603515625,0.753662109375,-0.274658203125,Mouth closed
1713448531.807341,0.608154296875,0.759033203125,-0.276123046875,Mouth closed
1713448531.848302,0.610107421875,0.755615234375,-0.282470703125,Mouth closed
1713448531.88622,0.60546875,0.753662109375,-0.28271484375,Mouth closed
1713448531.925203,0.603759765625,0.756103515625,-0.27734375,Mouth closed
1713448531.965924,0.603759765625,0.749755859375,-0.2763671875,Mouth closed
1713448532.008086,0.60546875,0.755615234375,-0.279296875,Mouth closed
1713448532.044368,0.607666015625,0.758544921875,-0.274658203125,Mouth closed
1713448532.088321,0.6044921875,0.759033203125,-0.280029296875,Mouth closed
1713448532.129099,0.605224609375,0.7587890625,-0.278564453125,Mouth closed
1713448532.168928,0.606201171875,0.75830078125,-0.27587890625,Mouth closed
1713448532.207796,0.605224609375,0.75634765625,-0.2734375,Mouth closed
1713448532.248715,0.60693359375,0.755126953125,-0.274658203125,Mouth closed
1713448532.286054,0.60546875,0.754638671875,-0.27294921875,Mouth closed
1713448532.325512,0.60400390625,0.75048828125,-0.277587890625,Mouth closed
1713448532.366111,0.607177734375,0.75146484375,-0.272705078125,Mouth closed
1713448532.408215,0.609619140625,0.7607421875,-0.275634765625,Mouth closed
1713448532.446585,0.60302734375,0.75439453125,-0.275146484375,Mouth closed
1713448532.487437,0.606201171875,0.755859375,-0.273681640625,Mouth closed
1713448532.527754,0.609375,0.76025390625,-0.271240234375,Mouth closed
1713448532.565297,0.60888671875,0.75830078125,-0.27978515625,Mouth closed
1713448532.606808,0.60546875,0.75634765625,-0.275146484375,Mouth closed
1713448532.647254,0.60888671875,0.7578125,-0.277099609375,Mouth closed
1713448532.684147,0.604736328125,0.7568359375,-0.273193359375,Mouth closed
1713448532.72454,0.6025390625,0.756103515625,-0.2744140625,Mouth closed
1713448532.764175,0.607421875,0.7587890625,-0.27294921875,Mouth closed
1713448532.807262,0.605712890625,0.759765625,-0.2763671875,Mouth closed
1713448532.844294,0.605224609375,0.758056640625,-0.27734375,Mouth closed
1713448532.885404,0.604736328125,0.760009765625,-0.2763671875,Mouth closed
1713448532.93103,0.607666015625,0.758056640625,-0.272705078125,Mouth closed
1713448532.966298,0.60693359375,0.755615234375,-0.272705078125,Mouth closed
1713448533.005305,0.608642578125,0.759033203125,-0.274658203125,Mouth closed
1713448533.047062,0.60791015625,0.759033203125,-0.278564453125,Mouth closed
1713448533.087248,0.608642578125,0.7548828125,-0.278076171875,Mouth closed
1713448533.125233,0.6044921875,0.75927734375,-0.274169921875,Mouth closed
1713448533.171051,0.604248046875,0.75634765625,-0.27880859375,Mouth closed
1713448533.207427,0.601318359375,0.754150390625,-0.277099609375,Mouth closed
1713448533.247783,0.604736328125,0.7548828125,-0.274169921875,Mouth closed
1713448533.284463,0.60791015625,0.757568359375,-0.271728515625,Mouth closed
1713448533.325966,0.607666015625,0.75244140625,-0.279296875,Mouth closed
1713448533.367266,0.60546875,0.759765625,-0.277099609375,Mouth closed
1713448533.418143,0.60546875,0.7578125,-0.27783203125,Mouth closed
1713448533.447075,0.603515625,0.753173828125,-0.276611328125,Mouth closed
1713448533.490508,0.60400390625,0.755615234375,-0.277099609375,Mouth closed
1713448533.526794,0.6064453125,0.756103515625,-0.27294921875,Mouth closed
1713448533.575693,0.602783203125,0.76123046875,-0.27685546875,Mouth closed
1713448533.611468,0.60400390625,0.754150390625,-0.277099609375,Mouth closed
1713448533.646145,0.604248046875,0.756591796875,-0.274169921875,Mouth closed
1713448533.690327,0.60546875,0.757080078125,-0.273681640625,Mouth closed
1713448533.72946,0.607177734375,0.7548828125,-0.274169921875,Mouth closed
1713448533.767514,0.607666015625,0.75830078125,-0.276123046875,Mouth closed
1713448533.806499,0.606201171875,0.754150390625,-0.279296875,Mouth closed
1713448533.846418,0.607177734375,0.753662109375,-0.277099609375,Mouth closed
1713448533.88452,0.60400390625,0.759765625,-0.2744140625,Mouth closed
1713448533.924178,0.603515625,0.760986328125,-0.274658203125,Mouth closed
1713448533.962351,0.600830078125,0.75244140625,-0.278076171875,Mouth closed
1713448534.002759,0.607666015625,0.75537109375,-0.2763671875,Mouth closed
1713448534.044328,0.60546875,0.755126953125,-0.273681640625,Mouth closed
1713448534.083204,0.6083984375,0.75146484375,-0.2744140625,Mouth closed
1713448534.12704,0.609619140625,0.7587890625,-0.27685546875,Mouth closed
1713448534.164434,0.606689453125,0.753173828125,-0.27392578125,Mouth closed
1713448534.204223,0.60400390625,0.755126953125,-0.274658203125,Mouth closed
1713448534.24452,0.60498046875,0.755126953125,-0.272216796875,Mouth closed
1713448534.285122,0.60595703125,0.757568359375,-0.273681640625,Mouth closed
1713448534.324264,0.600341796875,0.75634765625,-0.27880859375,Mouth closed
1713448534.367579,0.605712890625,0.7578125,-0.276611328125,Mouth closed
1713448534.405755,0.606689453125,0.7578125,-0.27197265625,Mouth closed
1713448534.446275,0.603759765625,0.759765625,-0.274658203125,Mouth closed
1713448534.485231,0.60693359375,0.75537109375,-0.269287109375,Mouth closed
1713448534.524141,0.608154296875,0.75537109375,-0.272705078125,Mouth closed
1713448534.564041,0.610107421875,0.752685546875,-0.280029296875,Mouth closed
1713448534.603516,0.608154296875,0.75390625,-0.276611328125,Mouth closed
1713448534.643234,0.60986328125,0.761474609375,-0.271484375,Mouth closed
1713448534.684581,0.604736328125,0.758056640625,-0.27734375,Mouth closed
1713448534.72962,0.6044921875,0.7529296875,-0.272705078125,Mouth closed
1713448534.765265,0.6083984375,0.75439453125,-0.2705078125,Mouth closed
1713448534.806006,0.60888671875,0.755615234375,-0.27197265625,Mouth closed
1713448534.848374,0.6044921875,0.75634765625,-0.27392578125,Mouth closed
1713448534.896954,0.60888671875,0.757568359375,-0.27490234375,Mouth closed
1713448534.925155,0.608154296875,0.75439453125,-0.273193359375,Mouth closed
1713448534.974852,0.602783203125,0.753173828125,-0.274658203125,Mouth closed
1713448535.012868,0.603271484375,0.755859375,-0.2724609375,Mouth open
1713448535.053072,0.6064453125,0.758544921875,-0.2734375,Mouth open
1713448535.091507,0.60302734375,0.758544921875,-0.281982421875,Mouth open
1713448535.130841,0.607177734375,0.75830078125,-0.27587890625,Mouth open
1713448535.167718,0.604736328125,0.760498046875,-0.269775390625,Mouth open
1713448535.20739,0.602783203125,0.75439453125,-0.2724609375,Mouth open
1713448535.244933,0.607421875,0.7607421875,-0.27197265625,Mouth open
1713448535.284148,0.607177734375,0.755859375,-0.274658203125,Mouth open
1713448535.326157,0.60693359375,0.75439453125,-0.27587890625,Mouth open
1713448535.366905,0.60693359375,0.761474609375,-0.269287109375,Mouth open
1713448535.405961,0.608154296875,0.7568359375,-0.27783203125,Mouth open
1713448535.446151,0.60205078125,0.751220703125,-0.2744140625,Mouth open
1713448535.486419,0.609130859375,0.75439453125,-0.27294921875,Mouth open
1713448535.527047,0.610595703125,0.759521484375,-0.2734375,Mouth open
1713448535.56616,0.609130859375,0.7548828125,-0.278076171875,Mouth open
1713448535.607993,0.609375,0.75830078125,-0.277099609375,Mouth open
1713448535.646298,0.6083984375,0.7587890625,-0.268310546875,Mouth open
1713448535.687229,0.60205078125,0.751220703125,-0.272216796875,Mouth open
1713448535.727313,0.607666015625,0.755615234375,-0.272705078125,Mouth open
1713448535.76916,0.606201171875,0.761962890625,-0.272216796875,Mouth open
1713448535.80715,0.606689453125,0.76025390625,-0.273193359375,Mouth open
1713448535.845507,0.60693359375,0.75830078125,-0.27392578125,Mouth open
1713448535.885191,0.60693359375,0.759521484375,-0.27001953125,Mouth open
1713448535.927347,0.606689453125,0.756591796875,-0.26953125,Mouth open
1713448535.96514,0.60546875,0.756103515625,-0.271484375,Mouth open
1713448536.009627,0.60986328125,0.756103515625,-0.273193359375,Mouth open
1713448536.050887,0.607666015625,0.754150390625,-0.27490234375,Mouth open
1713448536.086513,0.604736328125,0.754150390625,-0.267333984375,Mouth open
1713448536.127069,0.608642578125,0.759765625,-0.276123046875,Mouth open
1713448536.167934,0.604248046875,0.755126953125,-0.273193359375,Mouth open
1713448536.219288,0.60595703125,0.7529296875,-0.271240234375,Mouth open
1713448536.248267,0.611572265625,0.761962890625,-0.27001953125,Mouth open
1713448536.297031,0.609619140625,0.75390625,-0.27587890625,Mouth open
1713448536.334304,0.6064453125,0.7568359375,-0.27294921875,Mouth open
1713448536.369631,0.608154296875,0.75732421875,-0.272705078125,Mouth open
1713448536.413069,0.606201171875,0.754638671875,-0.2734375,Mouth open
1713448536.453274,0.606689453125,0.756103515625,-0.270263671875,Mouth open
1713448536.491489,0.607177734375,0.759033203125,-0.271484375,Mouth open
1713448536.530684,0.602294921875,0.7578125,-0.275634765625,Mouth open
1713448536.567776,0.6064453125,0.76171875,-0.275390625,Mouth open
1713448536.606413,0.603759765625,0.758544921875,-0.27294921875,Mouth open
1713448536.647485,0.608642578125,0.755126953125,-0.272216796875,Mouth open
1713448536.688128,0.607421875,0.75390625,-0.269775390625,Mouth open
1713448536.727269,0.605712890625,0.755859375,-0.272705078125,Mouth open
1713448536.768276,0.609619140625,0.7529296875,-0.275146484375,Mouth open
1713448536.808563,0.606689453125,0.75537109375,-0.277099609375,Mouth open
1713448536.858498,0.60693359375,0.76416015625,-0.275390625,Mouth open
1713448536.888221,0.60498046875,0.757568359375,-0.277099609375,Mouth open
1713448536.92863,0.6025390625,0.754638671875,-0.27392578125,Mouth open
1713448536.968424,0.60791015625,0.7529296875,-0.27001953125,Mouth open
1713448537.009223,0.607421875,0.755126953125,-0.27001953125,Mouth open
1713448537.05118,0.6083984375,0.752197265625,-0.270263671875,Mouth open
1713448537.090116,0.6083984375,0.7568359375,-0.27197265625,Mouth open
1713448537.129083,0.607666015625,0.756591796875,-0.270263671875,Mouth open
1713448537.167175,0.606201171875,0.75439453125,-0.27099609375,Mouth open
1713448537.208159,0.604736328125,0.75439453125,-0.270263671875,Mouth open
1713448537.248395,0.605712890625,0.758544921875,-0.271728515625,Mouth open
1713448537.287334,0.604736328125,0.75927734375,-0.27490234375,Mouth open
1713448537.328335,0.60400390625,0.759521484375,-0.27490234375,Mouth open
1713448537.373091,0.606201171875,0.755615234375,-0.272216796875,Mouth open
1713448537.41042,0.607421875,0.7587890625,-0.272216796875,Mouth open
1713448537.45153,0.607421875,0.753662109375,-0.270751953125,Mouth open
1713448537.4894,0.610595703125,0.754638671875,-0.271484375,Mouth open
1713448537.535773,0.607177734375,0.753662109375,-0.27685546875,Mouth open
1713448537.569155,0.605712890625,0.752197265625,-0.2734375,Mouth open
1713448537.620078,0.609130859375,0.76220703125,-0.26904296875,Mouth open
1713448537.65741,0.6044921875,0.76025390625,-0.278076171875,Mouth open
1713448537.69721,0.602783203125,0.7568359375,-0.271728515625,Mouth open
1713448537.736179,0.60888671875,0.75537109375,-0.26904296875,Mouth open
1713448537.779767,0.608154296875,0.75537109375,-0.2724609375,Mouth open
1713448537.80969,0.605224609375,0.755615234375,-0.27197265625,Mouth open
1713448537.854938,0.60791015625,0.760498046875,-0.2724609375,Mouth open
1713448537.890163,0.60546875,0.755859375,-0.27197265625,Mouth open
1713448537.928205,0.60498046875,0.752685546875,-0.27197265625,Mouth open
1713448537.971404,0.60693359375,0.754638671875,-0.271484375,Mouth open
1713448538.015586,0.60791015625,0.7568359375,-0.273193359375,Mouth open
1713448538.051243,0.603515625,0.760009765625,-0.27197265625,Mouth open
1713448538.096313,0.6044921875,0.7578125,-0.274169921875,Mouth open
1713448538.13176,0.604248046875,0.76123046875,-0.27197265625,Mouth open
1713448538.175016,0.604736328125,0.75732421875,-0.2705078125,Mouth open
1713448538.212033,0.6083984375,0.75732421875,-0.27294921875,Mouth open
1713448538.250788,0.60693359375,0.757080078125,-0.27197265625,Mouth open
1713448538.290387,0.6005859375,0.754638671875,-0.271728515625,Mouth open
1713448538.331448,0.605712890625,0.757568359375,-0.272216796875,Mouth open
1713448538.371289,0.609619140625,0.764892578125,-0.278564453125,Mouth open
1713448538.411647,0.600830078125,0.74658203125,-0.27197265625,Mouth open
1713448538.450204,0.603271484375,0.751708984375,-0.272216796875,Mouth open
1713448538.488263,0.611328125,0.761474609375,-0.280029296875,Mouth open
1713448538.529781,0.614013671875,0.762939453125,-0.274169921875,Mouth open
1713448538.569197,0.601806640625,0.749755859375,-0.26953125,Mouth open
1713448538.609338,0.6025390625,0.753173828125,-0.29248046875,Mouth open
1713448538.650729,0.611328125,0.755126953125,-0.2763671875,Mouth open
1713448538.690788,0.607177734375,0.75146484375,-0.27685546875,Mouth open
1713448538.730087,0.6044921875,0.75830078125,-0.278564453125,Mouth open
1713448538.770088,0.60205078125,0.757568359375,-0.28076171875,Mouth open
1713448538.810883,0.606201171875,0.753662109375,-0.287353515625,Mouth open
1713448538.85401,0.598388671875,0.755859375,-0.289794921875,Mouth open
1713448538.891604,0.60009765625,0.755859375,-0.2900390625,Mouth open
1713448538.933107,0.60302734375,0.75439453125,-0.28857421875,Mouth open
1713448538.973007,0.604248046875,0.756103515625,-0.287841796875,Mouth open
1713448539.012861,0.6025390625,0.75390625,-0.2890625,Mouth open
1713448539.051843,0.602294921875,0.752685546875,-0.291015625,Mouth open
1713448539.096515,0.603515625,0.7568359375,-0.2890625,Mouth open
1713448539.130066,0.60205078125,0.755126953125,-0.287841796875,Mouth open
1713448539.170849,0.596923828125,0.75341796875,-0.285400390625,Mouth open
1713448539.210904,0.60546875,0.755126953125,-0.283447265625,Mouth open
1713448539.250861,0.6015625,0.755615234375,-0.283203125,Mouth open
1713448539.292216,0.6025390625,0.75244140625,-0.282958984375,Mouth open
1713448539.331069,0.6025390625,0.755126953125,-0.284912109375,Mouth open
1713448539.372007,0.599853515625,0.753662109375,-0.28369140625,Mouth open
1713448539.416134,0.603759765625,0.7548828125,-0.281982421875,Mouth open
1713448539.456268,0.602783203125,0.753173828125,-0.2822265625,Mouth open
1713448539.496191,0.6005859375,0.7587890625,-0.28515625,Mouth open
1713448539.535022,0.6015625,0.757080078125,-0.2861328125,Mouth open
1713448539.576411,0.601318359375,0.75830078125,-0.287353515625,Mouth open
1713448539.61476,0.60400390625,0.7607421875,-0.282470703125,Mouth open
1713448539.654998,0.597900390625,0.755615234375,-0.282958984375,Mouth open
1713448539.693868,0.60693359375,0.75634765625,-0.281494140625,Mouth open
1713448539.733572,0.607177734375,0.75537109375,-0.28662109375,Mouth open
1713448539.772877,0.604736328125,0.753173828125,-0.2861328125,Mouth open
1713448539.813965,0.599853515625,0.755126953125,-0.278076171875,Mouth open
1713448539.852576,0.60595703125,0.759765625,-0.285400390625,Mouth open
1713448539.894097,0.599609375,0.75244140625,-0.285400390625,Mouth open
1713448539.93224,0.6025390625,0.75390625,-0.28564453125,Mouth open
1713448539.972485,0.6083984375,0.7568359375,-0.2783203125,Mouth open
1713448540.012437,0.609619140625,0.7529296875,-0.2861328125,Mouth open
1713448540.053129,0.605712890625,0.75634765625,-0.280517578125,Mouth open
1713448540.093821,0.60546875,0.753662109375,-0.278564453125,Mouth open
1713448540.133554,0.605712890625,0.755126953125,-0.279052734375,Mouth open
1713448540.174201,0.60205078125,0.754638671875,-0.2783203125,Mouth open
1713448540.217501,0.605224609375,0.76025390625,-0.2802734375,Mouth open
1713448540.25424,0.604736328125,0.76025390625,-0.280517578125,Mouth open
1713448540.294513,0.602294921875,0.75732421875,-0.282470703125,Mouth open
1713448540.335391,0.6015625,0.7578125,-0.280029296875,Mouth open
1713448540.37715,0.603759765625,0.75830078125,-0.275634765625,Mouth open
1713448540.413763,0.60546875,0.759521484375,-0.274169921875,Mouth open
1713448540.452029,0.609375,0.755615234375,-0.277099609375,Mouth open
1713448540.491647,0.601806640625,0.751708984375,-0.27783203125,Mouth open
1713448540.532136,0.6015625,0.756103515625,-0.27685546875,Mouth open
1713448540.577643,0.609375,0.764404296875,-0.28173828125,Mouth open
1713448540.616054,0.59912109375,0.756103515625,-0.28125,Mouth open
1713448540.654741,0.600341796875,0.754150390625,-0.27978515625,Mouth open
1713448540.693917,0.6044921875,0.75732421875,-0.27490234375,Mouth open
1713448540.734336,0.60400390625,0.757568359375,-0.279296875,Mouth open
1713448540.774085,0.601806640625,0.755859375,-0.277099609375,Mouth open
1713448540.818487,0.6064453125,0.7578125,-0.279296875,Mouth open
1713448540.856392,0.60205078125,0.75244140625,-0.276611328125,Mouth open
1713448540.894845,0.603271484375,0.752197265625,-0.279052734375,Mouth open
1713448540.934545,0.6025390625,0.7578125,-0.280029296875,Mouth open
1713448540.98506,0.60107421875,0.7587890625,-0.282470703125,Mouth open
1713448541.020376,0.6005859375,0.762451171875,-0.2822265625,Mouth open
1713448541.057115,0.604736328125,0.7587890625,-0.27880859375,Mouth open
1713448541.099915,0.602294921875,0.759521484375,-0.277587890625,Mouth open
1713448541.137079,0.603515625,0.7548828125,-0.280517578125,Mouth open
1713448541.176936,0.60302734375,0.75439453125,-0.279541015625,Mouth open
1713448541.214227,0.601318359375,0.75146484375,-0.27783203125,Mouth open
1713448541.254651,0.603271484375,0.757568359375,-0.27783203125,Mouth open
1713448541.293867,0.607421875,0.763671875,-0.28173828125,Mouth open
1713448541.334161,0.598388671875,0.75341796875,-0.27978515625,Mouth open
1713448541.374994,0.602783203125,0.754638671875,-0.2734375,Mouth open
1713448541.413264,0.61083984375,0.7548828125,-0.27099609375,Mouth open
1713448541.453155,0.609619140625,0.75830078125,-0.28125,Mouth open
1713448541.49501,0.602783203125,0.757080078125,-0.279052734375,Mouth open
1713448541.535415,0.611572265625,0.759521484375,-0.279541015625,Mouth open
1713448541.5765,0.606201171875,0.754150390625,-0.2763671875,Mouth open
1713448541.615382,0.6044921875,0.75048828125,-0.278076171875,Mouth open
1713448541.654613,0.603759765625,0.757080078125,-0.275634765625,Mouth open
1713448541.693566,0.60400390625,0.761474609375,-0.276123046875,Mouth open
1713448541.739211,0.604248046875,0.75830078125,-0.281494140625,Mouth open
1713448541.776692,0.605712890625,0.755859375,-0.275390625,Mouth open
1713448541.817663,0.607421875,0.756103515625,-0.274169921875,Mouth open
1713448541.854073,0.606689453125,0.754638671875,-0.27490234375,Mouth open
1713448541.894379,0.607421875,0.7548828125,-0.278076171875,Mouth open
1713448541.935268,0.603271484375,0.75341796875,-0.279052734375,Mouth open
1713448541.986535,0.605224609375,0.753662109375,-0.27587890625,Mouth open
1713448542.014007,0.60791015625,0.75927734375,-0.28271484375,Mouth open
1713448542.059252,0.603515625,0.751953125,-0.27734375,Mouth open
1713448542.096327,0.60693359375,0.751953125,-0.273193359375,Mouth open
1713448542.135282,0.611083984375,0.756103515625,-0.274169921875,Mouth open
1713448542.175905,0.611083984375,0.7548828125,-0.2802734375,Mouth open
1713448542.218463,0.606689453125,0.751220703125,-0.27783203125,Mouth open
1713448542.25502,0.610107421875,0.754150390625,-0.277587890625,Mouth open
1713448542.298187,0.606689453125,0.75341796875,-0.276611328125,Mouth open
1713448542.341425,0.60400390625,0.75341796875,-0.27880859375,Mouth open
1713448542.379264,0.60693359375,0.7578125,-0.27392578125,Mouth open
1713448542.418572,0.60498046875,0.75732421875,-0.2763671875,Mouth open
1713448542.457735,0.602294921875,0.755126953125,-0.280517578125,Mouth open
1713448542.49681,0.604736328125,0.755615234375,-0.278076171875,Mouth open
1713448542.534093,0.60791015625,0.757080078125,-0.2734375,Mouth open
1713448542.573016,0.609619140625,0.753662109375,-0.27685546875,Mouth open
1713448542.614638,0.607177734375,0.7548828125,-0.275390625,Mouth open
1713448542.65406,0.60595703125,0.75390625,-0.275390625,Mouth open
1713448542.694112,0.60498046875,0.75537109375,-0.2734375,Mouth open
1713448542.735671,0.606689453125,0.76318359375,-0.2734375,Mouth open
1713448542.776169,0.603271484375,0.75732421875,-0.276611328125,Mouth open
1713448542.816552,0.60205078125,0.751220703125,-0.277587890625,Mouth open
1713448542.856119,0.605712890625,0.755126953125,-0.274658203125,Mouth open
1713448542.895707,0.6103515625,0.75341796875,-0.27685546875,Mouth open
1713448542.93621,0.605224609375,0.751953125,-0.274169921875,Mouth open
1713448542.975128,0.609619140625,0.755615234375,-0.278564453125,Mouth open
1713448543.014047,0.607666015625,0.7529296875,-0.275146484375,Mouth open
1713448543.058434,0.6064453125,0.750732421875,-0.277099609375,Mouth open
1713448543.094361,0.60791015625,0.757568359375,-0.275634765625,Mouth open
1713448543.135029,0.607666015625,0.7578125,-0.27783203125,Mouth open
1713448543.17605,0.6025390625,0.75390625,-0.281005859375,Mouth open
1713448543.218169,0.605712890625,0.75634765625,-0.27978515625,Mouth open
1713448543.263387,0.6064453125,0.7568359375,-0.275146484375,Mouth open
1713448543.296019,0.60791015625,0.751708984375,-0.2763671875,Mouth open
1713448543.335986,0.609130859375,0.752197265625,-0.27392578125,Mouth open
1713448543.384179,0.609375,0.755615234375,-0.2744140625,Mouth open
1713448543.419353,0.605224609375,0.750732421875,-0.27978515625,Mouth open
1713448543.464643,0.603759765625,0.7548828125,-0.2734375,Mouth open
1713448543.497153,0.60986328125,0.7626953125,-0.278076171875,Mouth open
1713448543.543507,0.603271484375,0.75390625,-0.27685546875,Mouth open
1713448543.577056,0.60498046875,0.7548828125,-0.274658203125,Mouth open
1713448543.623855,0.611572265625,0.758056640625,-0.27490234375,Mouth open
1713448543.66215,0.61474609375,0.75537109375,-0.27734375,Mouth open
1713448543.698124,0.609619140625,0.750732421875,-0.27734375,Mouth open
1713448543.741125,0.611083984375,0.754638671875,-0.278076171875,Mouth open
1713448543.778955,0.60791015625,0.75244140625,-0.276611328125,Mouth open
1713448543.818125,0.607666015625,0.751220703125,-0.27685546875,Mouth open
1713448543.857242,0.60791015625,0.7548828125,-0.277099609375,Mouth open
1713448543.897268,0.607666015625,0.756103515625,-0.28076171875,Mouth open
1713448543.937385,0.6044921875,0.759033203125,-0.279541015625,Mouth open
1713448543.977134,0.608154296875,0.757080078125,-0.274658203125,Mouth open
1713448544.020052,0.611083984375,0.757080078125,-0.277587890625,Mouth open
1713448544.058176,0.605712890625,0.75634765625,-0.276611328125,Mouth open
1713448544.098086,0.610107421875,0.75341796875,-0.28076171875,Mouth open
1713448544.139648,0.60986328125,0.75439453125,-0.28125,Mouth open
1713448544.179003,0.607177734375,0.751953125,-0.280517578125,Mouth open
1713448544.224335,0.613037109375,0.763671875,-0.27978515625,Mouth open
1713448544.260467,0.604736328125,0.75390625,-0.2802734375,Mouth open
1713448544.300838,0.605224609375,0.75,-0.275390625,Mouth open
1713448544.337887,0.610595703125,0.7529296875,-0.273193359375,Mouth open
1713448544.377103,0.606689453125,0.7568359375,-0.278564453125,Mouth open
1713448544.41772,0.604736328125,0.752685546875,-0.278076171875,Mouth open
1713448544.46258,0.609130859375,0.7568359375,-0.278564453125,Mouth open
1713448544.498,0.607421875,0.752685546875,-0.27587890625,Mouth open
1713448544.5457,0.607666015625,0.74853515625,-0.2734375,Mouth open
1713448544.585512,0.6103515625,0.75390625,-0.273681640625,Mouth open
1713448544.628695,0.60791015625,0.75634765625,-0.27978515625,Mouth open
1713448544.660747,0.603515625,0.75390625,-0.279541015625,Mouth open
1713448544.699534,0.605224609375,0.75634765625,-0.2783203125,Mouth open
1713448544.73946,0.6044921875,0.757080078125,-0.27734375,Mouth open
1713448544.789414,0.60693359375,0.754150390625,-0.276611328125,Mouth open
1713448544.818987,0.608154296875,0.75634765625,-0.27685546875,Mouth open
1713448544.862294,0.610595703125,0.75390625,-0.282470703125,Mouth open
1713448544.903544,0.6083984375,0.753173828125,-0.280517578125,Mouth open
1713448544.94222,0.609375,0.757080078125,-0.274169921875,Mouth open
1713448544.98029,0.611572265625,0.755615234375,-0.280517578125,Mouth open
1713448545.018306,0.603515625,0.7509765625,-0.275146484375,Mouth open
1713448545.057654,0.607421875,0.751220703125,-0.2763671875,Mouth open
1713448545.096988,0.613525390625,0.7568359375,-0.273193359375,Mouth open
1713448545.139073,0.612548828125,0.754638671875,-0.27978515625,Mouth open
1713448545.178363,0.61083984375,0.75390625,-0.2763671875,Mouth open
1713448545.218585,0.607666015625,0.75341796875,-0.27978515625,Mouth open
1713448545.259055,0.604736328125,0.751953125,-0.2744140625,Mouth open
1713448545.299829,0.603759765625,0.753173828125,-0.27685546875,Mouth open
1713448545.340693,0.606201171875,0.757568359375,-0.27880859375,Mouth open
1713448545.379953,0.608642578125,0.7578125,-0.27978515625,Mouth open
1713448545.419557,0.6044921875,0.757080078125,-0.280517578125,Mouth open
1713448545.465338,0.607666015625,0.75439453125,-0.275634765625,Mouth open
1713448545.501398,0.609130859375,0.75732421875,-0.275634765625,Mouth open
1713448545.541247,0.609619140625,0.75341796875,-0.276123046875,Mouth open
1713448545.582884,0.612548828125,0.75439453125,-0.276123046875,Mouth open
1713448545.633368,0.6142578125,0.754150390625,-0.282470703125,Mouth open
1713448545.659029,0.607177734375,0.74951171875,-0.2802734375,Mouth open
1713448545.711839,0.60791015625,0.755859375,-0.276611328125,Mouth open
1713448545.738952,0.609375,0.75634765625,-0.275390625,Mouth open
1713448545.786338,0.603515625,0.75244140625,-0.2783203125,Mouth open
1713448545.825151,0.609619140625,0.750244140625,-0.27587890625,Mouth open
1713448545.860659,0.61083984375,0.751220703125,-0.277587890625,Mouth open
1713448545.903646,0.61328125,0.750244140625,-0.279296875,Mouth open
1713448545.956574,0.6103515625,0.753173828125,-0.278076171875,Mouth open
1713448545.982859,0.60888671875,0.75439453125,-0.27587890625,Mouth open
1713448546.024489,0.61083984375,0.747314453125,-0.278564453125,Mouth open
1713448546.068278,0.61279296875,0.751708984375,-0.2763671875,Mouth open
1713448546.103686,0.610107421875,0.756103515625,-0.277099609375,Mouth open
1713448546.146992,0.60888671875,0.755615234375,-0.278564453125,Mouth open
1713448546.185723,0.611572265625,0.753173828125,-0.27685546875,Mouth open
1713448546.222935,0.611572265625,0.751953125,-0.2744140625,Mouth open
1713448546.262236,0.6142578125,0.753662109375,-0.2744140625,Mouth open
1713448546.301995,0.611083984375,0.751220703125,-0.269775390625,Mouth open
1713448546.342559,0.612548828125,0.748046875,-0.27490234375,Mouth open
1713448546.380203,0.61328125,0.747802734375,-0.275634765625,Mouth open
1713448546.420533,0.608642578125,0.747314453125,-0.2802734375,Mouth open
1713448546.461251,0.605712890625,0.752197265625,-0.274658203125,Mouth open
1713448546.504029,0.610107421875,0.760009765625,-0.282958984375,Mouth open
1713448546.540935,0.607666015625,0.75634765625,-0.27734375,Mouth open
1713448546.585046,0.60888671875,0.748779296875,-0.279052734375,Mouth open
1713448546.623473,0.6171875,0.75439453125,-0.272216796875,Mouth open
1713448546.663337,0.614990234375,0.751953125,-0.2802734375,Mouth open
1713448546.702085,0.609619140625,0.750732421875,-0.27587890625,Mouth open
1713448546.745678,0.6123046875,0.7548828125,-0.282958984375,Mouth open
1713448546.785968,0.607666015625,0.75146484375,-0.276611328125,Mouth open
1713448546.823261,0.610595703125,0.7529296875,-0.27685546875,Mouth open
1713448546.876507,0.610595703125,0.756103515625,-0.273681640625,Mouth open
1713448546.904298,0.607666015625,0.75732421875,-0.276611328125,Mouth open
1713448546.952834,0.606201171875,0.755126953125,-0.278564453125,Mouth open
1713448546.982066,0.608642578125,0.753173828125,-0.278076171875,Mouth open
1713448547.023622,0.6103515625,0.75244140625,-0.27685546875,Mouth open
1713448547.068749,0.6123046875,0.752197265625,-0.275634765625,Mouth open
1713448547.108588,0.609619140625,0.753662109375,-0.27392578125,Mouth open
1713448547.146386,0.6103515625,0.752197265625,-0.276123046875,Mouth open
1713448547.187013,0.60791015625,0.7509765625,-0.278076171875,Mouth open
1713448547.224267,0.609375,0.75244140625,-0.2763671875,Mouth open
1713448547.265876,0.612548828125,0.759765625,-0.280517578125,Mouth open
1713448547.30995,0.6064453125,0.75244140625,-0.28076171875,Mouth open
1713448547.349007,0.60400390625,0.7490234375,-0.277587890625,Mouth open
1713448547.387974,0.61279296875,0.753173828125,-0.27294921875,Mouth open
1713448547.426499,0.612060546875,0.751708984375,-0.27880859375,Mouth open
1713448547.465073,0.60498046875,0.748291015625,-0.279541015625,Mouth open
1713448547.506125,0.614990234375,0.75830078125,-0.280029296875,Mouth open
1713448547.54798,0.60400390625,0.75048828125,-0.272705078125,Mouth open
1713448547.585879,0.60546875,0.74853515625,-0.27734375,Mouth open
1713448547.625028,0.606201171875,0.7529296875,-0.2744140625,Mouth open
1713448547.668586,0.60888671875,0.7587890625,-0.27783203125,Mouth open
1713448547.703945,0.602783203125,0.756591796875,-0.28076171875,Mouth open
1713448547.750039,0.607177734375,0.75341796875,-0.279296875,Mouth open
1713448547.785341,0.611572265625,0.751708984375,-0.274169921875,Mouth open
1713448547.826646,0.611328125,0.752685546875,-0.2744140625,Mouth open
1713448547.866109,0.609130859375,0.7509765625,-0.27880859375,Mouth open
1713448547.906922,0.61083984375,0.750244140625,-0.282470703125,Mouth open
1713448547.945934,0.61083984375,0.751708984375,-0.280517578125,Mouth open
1713448547.989863,0.609130859375,0.755615234375,-0.27734375,Mouth open
1713448548.02631,0.607421875,0.75390625,-0.284423828125,Mouth open
1713448548.068911,0.6044921875,0.74560546875,-0.27783203125,Mouth open
1713448548.106898,0.612548828125,0.74853515625,-0.276123046875,Mouth open
1713448548.147805,0.612060546875,0.754150390625,-0.276611328125,Mouth open
1713448548.186937,0.61279296875,0.75146484375,-0.280029296875,Mouth open
1713448548.228967,0.610107421875,0.751220703125,-0.275390625,Mouth open
1713448548.266894,0.614990234375,0.752685546875,-0.27685546875,Mouth open
1713448548.307331,0.611083984375,0.749267578125,-0.275634765625,Mouth open
1713448548.346534,0.611328125,0.75,-0.2763671875,Mouth open
1713448548.38755,0.60791015625,0.75341796875,-0.2744140625,Mouth open
1713448548.426158,0.610107421875,0.755615234375,-0.2802734375,Mouth open
1713448548.466119,0.607421875,0.75244140625,-0.27734375,Mouth open
1713448548.506122,0.610107421875,0.755859375,-0.279296875,Mouth open
1713448548.547057,0.609375,0.751953125,-0.2763671875,Mouth open
1713448548.58624,0.612060546875,0.75,-0.275146484375,Mouth open
1713448548.626409,0.612548828125,0.752197265625,-0.28125,Mouth open
1713448548.667665,0.61181640625,0.75048828125,-0.280517578125,Mouth open
1713448548.706824,0.6103515625,0.75537109375,-0.275634765625,Mouth open
1713448548.747947,0.612060546875,0.757080078125,-0.279052734375,Mouth open
1713448548.787885,0.609375,0.751220703125,-0.276123046875,Mouth open
1713448548.828563,0.608642578125,0.750244140625,-0.27685546875,Mouth open
1713448548.871239,0.6142578125,0.754150390625,-0.272216796875,Mouth open
1713448548.909382,0.612548828125,0.754150390625,-0.28076171875,Mouth open
1713448548.950082,0.611328125,0.755859375,-0.276611328125,Mouth open
1713448548.988292,0.61181640625,0.74853515625,-0.275634765625,Mouth open
1713448549.029131,0.606689453125,0.752197265625,-0.2763671875,Mouth open
1713448549.066928,0.610595703125,0.751220703125,-0.277587890625,Mouth open
1713448549.107887,0.612548828125,0.755615234375,-0.274658203125,Mouth open
1713448549.14857,0.608154296875,0.756591796875,-0.279296875,Mouth open
1713448549.192595,0.608154296875,0.7529296875,-0.27734375,Mouth open
1713448549.229443,0.610107421875,0.756103515625,-0.276611328125,Mouth open
1713448549.270043,0.613525390625,0.753662109375,-0.2763671875,Mouth open
1713448549.310593,0.61328125,0.74951171875,-0.2763671875,Mouth open
1713448549.350269,0.618896484375,0.7529296875,-0.27783203125,Mouth open
1713448549.389225,0.615966796875,0.74951171875,-0.27734375,Mouth open
1713448549.430647,0.615234375,0.75341796875,-0.272705078125,Mouth open
1713448549.470092,0.615234375,0.755126953125,-0.275146484375,Mouth open
1713448549.510115,0.611572265625,0.747314453125,-0.277099609375,Mouth open
1713448549.550981,0.61328125,0.746826171875,-0.27685546875,Mouth open
1713448549.589899,0.615966796875,0.751220703125,-0.273681640625,Mouth open
1713448549.630134,0.611572265625,0.74951171875,-0.2822265625,Mouth open
1713448549.669292,0.611572265625,0.74951171875,-0.27734375,Mouth open
1713448549.70926,0.6162109375,0.74853515625,-0.28076171875,Mouth open
1713448549.749362,0.61083984375,0.75048828125,-0.275390625,Mouth open
1713448549.788868,0.611328125,0.7529296875,-0.278076171875,Mouth open
1713448549.832789,0.61083984375,0.755126953125,-0.274169921875,Mouth open
1713448549.871553,0.611572265625,0.752197265625,-0.276611328125,Mouth open
1713448549.912362,0.6103515625,0.754150390625,-0.27685546875,Mouth open
1713448549.95004,0.611083984375,0.752197265625,-0.27392578125,Mouth open
1713448549.992222,0.61376953125,0.753662109375,-0.274169921875,Mouth open
1713448550.031038,0.609130859375,0.748046875,-0.274658203125,Mouth closed
1713448550.073351,0.61279296875,0.751708984375,-0.27197265625,Mouth closed
1713448550.110967,0.61279296875,0.7509765625,-0.275634765625,Mouth closed
1713448550.151413,0.6123046875,0.753173828125,-0.27392578125,Mouth closed
1713448550.197049,0.6142578125,0.75341796875,-0.27978515625,Mouth closed
1713448550.233067,0.608154296875,0.749267578125,-0.2744140625,Mouth closed
1713448550.273264,0.608154296875,0.7470703125,-0.27880859375,Mouth closed
1713448550.310963,0.6142578125,0.75634765625,-0.272705078125,Mouth closed
1713448550.349859,0.610595703125,0.75341796875,-0.281982421875,Mouth closed
1713448550.389669,0.60888671875,0.75537109375,-0.27880859375,Mouth closed
1713448550.442419,0.607421875,0.755126953125,-0.28125,Mouth closed
1713448550.469473,0.604248046875,0.748779296875,-0.276611328125,Mouth closed
1713448550.520151,0.610595703125,0.750732421875,-0.274658203125,Mouth closed
1713448550.55632,0.609375,0.754638671875,-0.276123046875,Mouth closed
1713448550.596987,0.6064453125,0.757080078125,-0.280517578125,Mouth closed
1713448550.634288,0.6064453125,0.755615234375,-0.2783203125,Mouth closed
1713448550.673926,0.60888671875,0.754150390625,-0.277099609375,Mouth closed
1713448550.712081,0.609375,0.75439453125,-0.274169921875,Mouth closed
1713448550.75094,0.612548828125,0.75537109375,-0.27685546875,Mouth closed
1713448550.79134,0.610595703125,0.7490234375,-0.27392578125,Mouth closed
1713448550.831855,0.610595703125,0.753662109375,-0.27783203125,Mouth closed
1713448550.871953,0.61572265625,0.7568359375,-0.27978515625,Mouth closed
1713448550.910883,0.606689453125,0.7509765625,-0.280029296875,Mouth closed
1713448550.950109,0.60986328125,0.74560546875,-0.275390625,Mouth closed
1713448550.991961,0.610107421875,0.7509765625,-0.271484375,Mouth closed
1713448551.031114,0.61181640625,0.754150390625,-0.275390625,Mouth closed
1713448551.070604,0.603515625,0.752685546875,-0.2744140625,Mouth closed
1713448551.110135,0.613525390625,0.7587890625,-0.27880859375,Mouth closed
1713448551.151088,0.610107421875,0.75244140625,-0.275634765625,Mouth closed
1713448551.19156,0.60791015625,0.7490234375,-0.273193359375,Mouth closed
1713448551.230864,0.607666015625,0.7509765625,-0.275634765625,Mouth closed
1713448551.271109,0.6123046875,0.7578125,-0.278564453125,Mouth closed
1713448551.312763,0.6083984375,0.755126953125,-0.28076171875,Mouth closed
1713448551.352147,0.61083984375,0.75537109375,-0.2734375,Mouth closed
1713448551.393461,0.612060546875,0.75390625,-0.27490234375,Mouth closed
1713448551.432281,0.6142578125,0.752685546875,-0.27392578125,Mouth closed
1713448551.47181,0.608154296875,0.746826171875,-0.276611328125,Mouth closed
1713448551.516547,0.60986328125,0.751953125,-0.2734375,Mouth closed
1713448551.553898,0.61572265625,0.75537109375,-0.279296875,Mouth closed
1713448551.59309,0.6083984375,0.752685546875,-0.2783203125,Mouth closed
1713448551.632091,0.610107421875,0.748046875,-0.272705078125,Mouth closed
1713448551.671185,0.610595703125,0.752197265625,-0.271484375,Mouth closed
1713448551.71212,0.6142578125,0.754150390625,-0.277587890625,Mouth closed
1713448551.762186,0.60595703125,0.750732421875,-0.273681640625,Mouth closed
1713448551.790905,0.61328125,0.7529296875,-0.275634765625,Mouth closed
1713448551.838977,0.612548828125,0.75,-0.2744140625,Mouth closed
1713448551.876019,0.6103515625,0.750732421875,-0.27685546875,Mouth closed
1713448551.915709,0.61279296875,0.755859375,-0.2763671875,Mouth closed
1713448551.953235,0.6083984375,0.75537109375,-0.277587890625,Mouth closed
1713448551.993298,0.611328125,0.754150390625,-0.274658203125,Mouth closed
1713448552.03333,0.609375,0.755126953125,-0.2783203125,Mouth closed
1713448552.074435,0.61376953125,0.752685546875,-0.274658203125,Mouth closed
1713448552.113787,0.61328125,0.75048828125,-0.2734375,Mouth closed
1713448552.152921,0.614013671875,0.75048828125,-0.2763671875,Mouth closed
1713448552.193816,0.61181640625,0.75146484375,-0.278076171875,Mouth closed
1713448552.234486,0.612060546875,0.751708984375,-0.273193359375,Mouth closed
1713448552.271874,0.61328125,0.75390625,-0.277587890625,Mouth closed
1713448552.318782,0.60791015625,0.748046875,-0.276123046875,Mouth closed
1713448552.3509,0.61376953125,0.74951171875,-0.275634765625,Mouth closed
1713448552.392354,0.612548828125,0.752197265625,-0.276123046875,Mouth closed
1713448552.432095,0.61279296875,0.749755859375,-0.276123046875,Mouth closed
1713448552.475331,0.612060546875,0.75537109375,-0.275634765625,Mouth closed
1713448552.512921,0.611328125,0.752197265625,-0.27392578125,Mouth closed
1713448552.553007,0.609375,0.750244140625,-0.275390625,Mouth closed
1713448552.593905,0.612548828125,0.749267578125,-0.274169921875,Mouth closed
1713448552.63408,0.61083984375,0.75390625,-0.275634765625,Mouth closed
1713448552.678881,0.608642578125,0.755859375,-0.27587890625,Mouth closed
1713448552.715446,0.611572265625,0.753173828125,-0.278564453125,Mouth closed
1713448552.756955,0.610595703125,0.751220703125,-0.275390625,Mouth closed
1713448552.794632,0.609375,0.75146484375,-0.27734375,Mouth closed
1713448552.847489,0.61328125,0.75048828125,-0.271240234375,Mouth closed
1713448552.875486,0.60791015625,0.747802734375,-0.275390625,Mouth closed
1713448552.92356,0.6123046875,0.750244140625,-0.27587890625,Mouth closed
1713448552.95296,0.614990234375,0.75439453125,-0.2734375,Mouth closed
1713448552.99384,0.608154296875,0.7529296875,-0.275390625,Mouth closed
1713448553.038412,0.608154296875,0.747802734375,-0.281005859375,Mouth closed
1713448553.077174,0.612060546875,0.75048828125,-0.273681640625,Mouth closed
1713448553.114715,0.615478515625,0.753173828125,-0.277099609375,Mouth closed
1713448553.155734,0.610595703125,0.75048828125,-0.27392578125,Mouth closed
1713448553.195255,0.614990234375,0.75244140625,-0.278076171875,Mouth closed
1713448553.236035,0.60791015625,0.749267578125,-0.275146484375,Mouth closed
1713448553.276563,0.61328125,0.7470703125,-0.276611328125,Mouth closed
1713448553.318812,0.611328125,0.748046875,-0.272705078125,Mouth closed
1713448553.356072,0.60986328125,0.7529296875,-0.274658203125,Mouth closed
1713448553.396467,0.610595703125,0.756591796875,-0.277587890625,Mouth closed
1713448553.435836,0.609375,0.7578125,-0.276123046875,Mouth closed
1713448553.47756,0.615478515625,0.756591796875,-0.27294921875,Mouth closed
1713448553.517818,0.612548828125,0.7509765625,-0.271484375,Mouth closed
1713448553.557637,0.61328125,0.751708984375,-0.273681640625,Mouth closed
1713448553.596226,0.61767578125,0.752197265625,-0.276123046875,Mouth closed
1713448553.639924,0.610107421875,0.74755859375,-0.27685546875,Mouth closed
1713448553.675388,0.61083984375,0.751708984375,-0.269775390625,Mouth closed
1713448553.719138,0.61572265625,0.757568359375,-0.279296875,Mouth closed
1713448553.755874,0.62451171875,0.7412109375,-0.26708984375,Mouth closed
1713448553.797866,0.599609375,0.751708984375,-0.25732421875,Mouth closed
1713448553.83771,0.6240234375,0.752197265625,-0.284423828125,Mouth closed
1713448553.876707,0.6123046875,0.746337890625,-0.278076171875,Mouth closed
1713448553.923341,0.6123046875,0.75048828125,-0.27783203125,Mouth closed
1713448553.959187,0.603759765625,0.752197265625,-0.281005859375,Mouth closed
1713448553.999822,0.603515625,0.74951171875,-0.273681640625,Mouth closed
1713448554.03922,0.607421875,0.751953125,-0.27685546875,Mouth closed
1713448554.083042,0.60888671875,0.75634765625,-0.281005859375,Mouth closed
1713448554.118111,0.607177734375,0.756591796875,-0.279052734375,Mouth closed
1713448554.166729,0.60400390625,0.753662109375,-0.28076171875,Mouth closed
1713448554.204494,0.608154296875,0.752685546875,-0.275146484375,Mouth closed
1713448554.237188,0.610107421875,0.75341796875,-0.27197265625,Mouth closed
1713448554.280355,0.611572265625,0.755126953125,-0.273681640625,Mouth closed
1713448554.322118,0.6123046875,0.7548828125,-0.275634765625,Mouth closed
1713448554.358074,0.606201171875,0.75048828125,-0.277587890625,Mouth closed
1713448554.39719,0.607421875,0.74951171875,-0.26953125,Mouth closed
1713448554.437126,0.61376953125,0.758056640625,-0.279541015625,Mouth closed
1713448554.477763,0.607666015625,0.745849609375,-0.276123046875,Mouth closed
1713448554.518085,0.611572265625,0.750244140625,-0.271728515625,Mouth closed
1713448554.557745,0.615234375,0.757080078125,-0.27001953125,Mouth closed
1713448554.599601,0.615478515625,0.751953125,-0.275634765625,Mouth closed
1713448554.639329,0.61328125,0.750732421875,-0.27099609375,Mouth closed
1713448554.678029,0.6162109375,0.751708984375,-0.275390625,Mouth closed
1713448554.719025,0.610595703125,0.748291015625,-0.273193359375,Mouth closed
1713448554.760335,0.609619140625,0.747802734375,-0.27783203125,Mouth closed
1713448554.800397,0.60888671875,0.751708984375,-0.27294921875,Mouth closed
1713448554.846138,0.610107421875,0.753173828125,-0.274169921875,Mouth closed
1713448554.881651,0.60888671875,0.751708984375,-0.2783203125,Mouth closed
1713448554.922731,0.60986328125,0.75537109375,-0.274658203125,Mouth closed
1713448554.959251,0.609619140625,0.754638671875,-0.272216796875,Mouth closed
1713448554.99841,0.614501953125,0.751708984375,-0.272705078125,Mouth closed
1713448555.04205,0.612548828125,0.751953125,-0.27099609375,Mouth closed
1713448555.079391,0.606689453125,0.749267578125,-0.27294921875,Mouth closed
1713448555.118973,0.60986328125,0.748779296875,-0.2724609375,Mouth closed
1713448555.163689,0.61474609375,0.75830078125,-0.27197265625,Mouth closed
1713448555.199724,0.61083984375,0.75341796875,-0.27294921875,Mouth closed
1713448555.253687,0.606689453125,0.7490234375,-0.2744140625,Mouth closed
1713448555.281703,0.6162109375,0.75244140625,-0.269287109375,Mouth closed
1713448555.326411,0.614990234375,0.753662109375,-0.27490234375,Mouth closed
1713448555.369048,0.609375,0.748291015625,-0.275390625,Mouth closed
1713448555.40271,0.61474609375,0.752197265625,-0.277099609375,Mouth closed
1713448555.444672,0.6142578125,0.748046875,-0.27099609375,Mouth closed
1713448555.48324,0.611083984375,0.749267578125,-0.271484375,Mouth closed
1713448555.52267,0.61279296875,0.755126953125,-0.27294921875,Mouth closed
1713448555.561987,0.611083984375,0.75634765625,-0.273681640625,Mouth closed
1713448555.601496,0.609375,0.751953125,-0.2763671875,Mouth closed
1713448555.64107,0.61181640625,0.75390625,-0.273681640625,Mouth closed
1713448555.679798,0.611328125,0.75537109375,-0.27001953125,Mouth closed
1713448555.720299,0.612548828125,0.749755859375,-0.270263671875,Mouth closed
1713448555.759884,0.61279296875,0.751708984375,-0.271484375,Mouth closed
1713448555.804704,0.619140625,0.75048828125,-0.27587890625,Mouth closed
1713448555.840753,0.616455078125,0.750732421875,-0.275390625,Mouth closed
1713448555.880992,0.615478515625,0.75732421875,-0.270751953125,Mouth closed
1713448555.923119,0.610595703125,0.757568359375,-0.27587890625,Mouth closed
1713448555.962176,0.60888671875,0.75,-0.27685546875,Mouth closed
1713448556.007053,0.6123046875,0.748779296875,-0.27490234375,Mouth closed
1713448556.044418,0.61669921875,0.7529296875,-0.275390625,Mouth closed
1713448556.083156,0.61181640625,0.749755859375,-0.27392578125,Mouth closed
1713448556.123954,0.61376953125,0.751708984375,-0.27587890625,Mouth closed
1713448556.166805,0.615478515625,0.752685546875,-0.27197265625,Mouth closed
1713448556.209635,0.61083984375,0.7529296875,-0.2724609375,Mouth closed
1713448556.247891,0.611572265625,0.750244140625,-0.27587890625,Mouth closed
1713448556.28552,0.609619140625,0.75732421875,-0.2705078125,Mouth closed
1713448556.324128,0.6103515625,0.755615234375,-0.274658203125,Mouth closed
1713448556.361725,0.609130859375,0.753173828125,-0.275390625,Mouth closed
1713448556.408622,0.611572265625,0.754150390625,-0.270263671875,Mouth closed
1713448556.44203,0.615234375,0.75439453125,-0.2705078125,Mouth closed
1713448556.492064,0.61328125,0.754150390625,-0.2734375,Mouth closed
1713448556.527982,0.61376953125,0.750732421875,-0.271728515625,Mouth closed
1713448556.564264,0.608642578125,0.746337890625,-0.2734375,Mouth closed
1713448556.605904,0.60986328125,0.748291015625,-0.273681640625,Mouth closed
1713448556.644737,0.616455078125,0.7578125,-0.27734375,Mouth closed
1713448556.684314,0.608154296875,0.749267578125,-0.274169921875,Mouth closed
1713448556.723014,0.607666015625,0.750244140625,-0.272216796875,Mouth closed
1713448556.762771,0.614990234375,0.754638671875,-0.271484375,Mouth closed
1713448556.805636,0.609375,0.751953125,-0.275146484375,Mouth closed
1713448556.842749,0.608642578125,0.750244140625,-0.274169921875,Mouth closed
1713448556.882489,0.615234375,0.754150390625,-0.27685546875,Mouth closed
1713448556.922738,0.611083984375,0.7509765625,-0.27099609375,Mouth closed
1713448556.964922,0.6123046875,0.7490234375,-0.274169921875,Mouth closed
1713448557.00116,0.612548828125,0.75634765625,-0.27294921875,Mouth closed
1713448557.040779,0.61181640625,0.759033203125,-0.27197265625,Mouth closed
1713448557.082151,0.60888671875,0.756591796875,-0.2802734375,Mouth closed
1713448557.122684,0.59423828125,0.7607421875,-0.276611328125,Mouth closed
1713448557.161864,0.614990234375,0.752197265625,-0.267333984375,Mouth closed
1713448557.20464,0.617919921875,0.753173828125,-0.270263671875,Mouth closed
1713448557.244988,0.60791015625,0.7529296875,-0.273681640625,Mouth closed
1713448557.283428,0.6083984375,0.750732421875,-0.2763671875,Mouth closed
1713448557.322911,0.611083984375,0.75390625,-0.269775390625,Mouth closed
1713448557.36545,0.613525390625,0.760986328125,-0.276611328125,Mouth closed
1713448557.407191,0.6064453125,0.7490234375,-0.27392578125,Mouth closed
1713448557.443683,0.609619140625,0.750244140625,-0.269775390625,Mouth closed
1713448557.491512,0.61572265625,0.75244140625,-0.270263671875,Mouth closed
1713448557.526729,0.614501953125,0.753173828125,-0.281005859375,Mouth closed
1713448557.565218,0.611083984375,0.75244140625,-0.271728515625,Mouth closed
1713448557.602087,0.61376953125,0.7548828125,-0.27685546875,Mouth closed
1713448557.642552,0.60791015625,0.748046875,-0.267578125,Mouth closed
1713448557.681655,0.609375,0.74853515625,-0.2744140625,Mouth closed
1713448557.721977,0.612548828125,0.755126953125,-0.2724609375,Mouth closed
1713448557.765421,0.6103515625,0.755126953125,-0.278076171875,Mouth closed
1713448557.808938,0.610107421875,0.754150390625,-0.275390625,Mouth closed
1713448557.842774,0.61279296875,0.751220703125,-0.2724609375,Mouth closed
1713448557.900079,0.609619140625,0.75048828125,-0.273193359375,Mouth closed
1713448557.924356,0.614990234375,0.753173828125,-0.27197265625,Mouth closed
1713448557.975474,0.610595703125,0.75244140625,-0.27197265625,Mouth closed
1713448558.004668,0.6103515625,0.747314453125,-0.27197265625,Mouth closed
1713448558.054301,0.609619140625,0.750244140625,-0.2724609375,Mouth closed
1713448558.083767,0.614990234375,0.757080078125,-0.275390625,Mouth closed
1713448558.127187,0.609619140625,0.750732421875,-0.2724609375,Mouth closed
1713448558.163297,0.60986328125,0.748291015625,-0.276611328125,Mouth closed
1713448558.213885,0.61572265625,0.752685546875,-0.27197265625,Mouth closed
1713448558.242136,0.615966796875,0.753173828125,-0.274658203125,Mouth closed
1713448558.281696,0.6123046875,0.751220703125,-0.270751953125,Mouth closed
1713448558.322119,0.61669921875,0.752685546875,-0.273193359375,Mouth closed
1713448558.372298,0.614501953125,0.75048828125,-0.27392578125,Mouth closed
1713448558.402812,0.613525390625,0.751220703125,-0.274169921875,Mouth closed
1713448558.446367,0.60986328125,0.751708984375,-0.272216796875,Mouth closed
1713448558.482998,0.61181640625,0.757568359375,-0.272705078125,Mouth closed
1713448558.530253,0.610595703125,0.752685546875,-0.27587890625,Mouth closed
1713448558.56409,0.61083984375,0.7548828125,-0.273681640625,Mouth closed
1713448558.614563,0.611083984375,0.749267578125,-0.2705078125,Mouth closed
1713448558.643221,0.611328125,0.74755859375,-0.2685546875,Mouth closed
1713448558.693445,0.6181640625,0.75390625,-0.271484375,Mouth closed
1713448558.723652,0.61474609375,0.75390625,-0.27783203125,Mouth closed
1713448558.773756,0.609130859375,0.75537109375,-0.278564453125,Mouth closed
1713448558.802822,0.616455078125,0.755615234375,-0.2744140625,Mouth closed
1713448558.84179,0.60595703125,0.749755859375,-0.271728515625,Mouth closed
1713448558.881133,0.606201171875,0.75146484375,-0.279296875,Mouth closed
1713448558.920701,0.612548828125,0.752685546875,-0.27587890625,Mouth closed
1713448558.960877,0.614501953125,0.751708984375,-0.27734375,Mouth closed
1713448559.006916,0.615234375,0.748291015625,-0.277587890625,Mouth closed
1713448559.044264,0.61865234375,0.751953125,-0.2744140625,Mouth closed
1713448559.08662,0.6181640625,0.74853515625,-0.268798828125,Mouth closed
1713448559.124365,0.61865234375,0.7490234375,-0.26904296875,Mouth closed
1713448559.165875,0.614013671875,0.75146484375,-0.2705078125,Mouth closed
1713448559.203018,0.61181640625,0.75146484375,-0.27294921875,Mouth closed
1713448559.244974,0.611328125,0.75244140625,-0.273681640625,Mouth closed
1713448559.289857,0.614501953125,0.753173828125,-0.2734375,Mouth closed
1713448559.324809,0.613037109375,0.751708984375,-0.275390625,Mouth closed
1713448559.364545,0.6142578125,0.751708984375,-0.2734375,Mouth closed
1713448559.404119,0.616943359375,0.749755859375,-0.276611328125,Mouth closed
1713448559.443148,0.614501953125,0.751220703125,-0.275390625,Mouth closed
1713448559.482309,0.614990234375,0.755126953125,-0.27587890625,Mouth closed
1713448559.521331,0.612060546875,0.750732421875,-0.27587890625,Mouth closed
1713448559.561826,0.61083984375,0.74755859375,-0.27197265625,Mouth closed
1713448559.601795,0.61572265625,0.751220703125,-0.268310546875,Mouth closed
1713448559.642965,0.613525390625,0.74853515625,-0.27099609375,Mouth closed
1713448559.682687,0.610595703125,0.750732421875,-0.272216796875,Mouth closed
1713448559.722825,0.616943359375,0.752685546875,-0.272216796875,Mouth closed
1713448559.766807,0.613525390625,0.74853515625,-0.269775390625,Mouth closed
1713448559.808071,0.612548828125,0.746826171875,-0.2666015625,Mouth closed
1713448559.845496,0.615478515625,0.748046875,-0.267333984375,Mouth closed
1713448559.886725,0.620849609375,0.751220703125,-0.274658203125,Mouth closed
1713448559.924422,0.6044921875,0.75439453125,-0.28076171875,Mouth closed
1713448559.965831,0.619140625,0.751220703125,-0.27685546875,Mouth closed
1713448560.005697,0.61328125,0.748046875,-0.268798828125,Mouth closed
1713448560.045334,0.6181640625,0.75,-0.266357421875,Mouth closed
1713448560.085106,0.620361328125,0.750732421875,-0.274658203125,Mouth closed
1713448560.12431,0.61669921875,0.753662109375,-0.27978515625,Mouth closed
1713448560.162811,0.6171875,0.75439453125,-0.2705078125,Mouth closed
1713448560.202781,0.614013671875,0.75244140625,-0.27685546875,Mouth closed
1713448560.246027,0.61083984375,0.749267578125,-0.27197265625,Mouth closed
1713448560.285618,0.622314453125,0.75048828125,-0.270751953125,Mouth closed
1713448560.325393,0.616943359375,0.74365234375,-0.271240234375,Mouth closed
1713448560.368984,0.614013671875,0.745361328125,-0.275634765625,Mouth closed
1713448560.404965,0.62255859375,0.744140625,-0.277099609375,Mouth closed
1713448560.453779,0.61669921875,0.7412109375,-0.27294921875,Mouth closed
1713448560.490901,0.62451171875,0.744873046875,-0.2705078125,Mouth closed
1713448560.529759,0.619873046875,0.75,-0.272705078125,Mouth closed
1713448560.569612,0.61669921875,0.74951171875,-0.27783203125,Mouth closed
1713448560.606921,0.6142578125,0.74560546875,-0.274658203125,Mouth closed
1713448560.646983,0.616455078125,0.74853515625,-0.274658203125,Mouth closed
1713448560.687409,0.618896484375,0.7412109375,-0.270751953125,Mouth closed
1713448560.72522,0.61865234375,0.74951171875,-0.271484375,Mouth closed
1713448560.765636,0.613525390625,0.74560546875,-0.26953125,Mouth closed
1713448560.803936,0.61767578125,0.745849609375,-0.266845703125,Mouth closed
1713448560.843896,0.619873046875,0.75537109375,-0.279541015625,Mouth closed
1713448560.884625,0.61572265625,0.748291015625,-0.273681640625,Mouth closed
1713448560.925334,0.61669921875,0.74365234375,-0.27197265625,Mouth closed
1713448560.965185,0.6220703125,0.74755859375,-0.267578125,Mouth closed
1713448561.006594,0.62109375,0.746337890625,-0.271728515625,Mouth closed
1713448561.044572,0.6220703125,0.747314453125,-0.27197265625,Mouth closed
1713448561.086781,0.62353515625,0.751708984375,-0.27001953125,Mouth closed
1713448561.126588,0.61962890625,0.7470703125,-0.26416015625,Mouth closed
1713448561.168522,0.619384765625,0.748046875,-0.271728515625,Mouth closed
1713448561.20677,0.61572265625,0.74951171875,-0.267333984375,Mouth closed
1713448561.246104,0.61669921875,0.749267578125,-0.2705078125,Mouth closed
1713448561.290721,0.6162109375,0.748779296875,-0.271484375,Mouth closed
1713448561.328156,0.6181640625,0.7451171875,-0.27197265625,Mouth closed
1713448561.366212,0.6123046875,0.74609375,-0.2724609375,Mouth closed
1713448561.40718,0.61767578125,0.748779296875,-0.26953125,Mouth closed
1713448561.445926,0.61865234375,0.757080078125,-0.2734375,Mouth closed
1713448561.483717,0.618408203125,0.752685546875,-0.2724609375,Mouth closed
1713448561.525824,0.614013671875,0.74462890625,-0.271484375,Mouth closed
1713448561.563763,0.62060546875,0.7470703125,-0.27001953125,Mouth closed
1713448561.610044,0.62255859375,0.7470703125,-0.2724609375,Mouth closed
1713448561.645109,0.621337890625,0.748779296875,-0.26904296875,Mouth closed
1713448561.685936,0.617431640625,0.7529296875,-0.273681640625,Mouth closed
1713448561.725111,0.617431640625,0.74609375,-0.26904296875,Mouth closed
1713448561.77852,0.615966796875,0.7470703125,-0.27294921875,Mouth closed
1713448561.806152,0.616943359375,0.74951171875,-0.26953125,Mouth closed
1713448561.848522,0.615966796875,0.75,-0.271484375,Mouth closed
1713448561.893288,0.61572265625,0.747802734375,-0.27392578125,Mouth closed
1713448561.932116,0.617919921875,0.749755859375,-0.272705078125,Mouth closed
1713448561.970952,0.614501953125,0.74462890625,-0.27587890625,Mouth closed
1713448562.005829,0.615966796875,0.75048828125,-0.266845703125,Mouth closed
1713448562.047879,0.6181640625,0.750732421875,-0.278076171875,Mouth closed
1713448562.085591,0.61572265625,0.746826171875,-0.2724609375,Mouth closed
1713448562.125424,0.619384765625,0.742431640625,-0.2724609375,Mouth closed
1713448562.164286,0.6201171875,0.74560546875,-0.271484375,Mouth closed
1713448562.204638,0.61962890625,0.74853515625,-0.2724609375,Mouth closed
1713448562.245022,0.61962890625,0.749267578125,-0.27197265625,Mouth closed
1713448562.287017,0.617919921875,0.752197265625,-0.270263671875,Mouth closed
1713448562.326991,0.616455078125,0.747802734375,-0.271240234375,Mouth closed
1713448562.367329,0.610107421875,0.7529296875,-0.271484375,Mouth closed
1713448562.408611,0.613525390625,0.75390625,-0.271240234375,Mouth closed
1713448562.447125,0.61328125,0.751953125,-0.274658203125,Mouth closed
1713448562.486559,0.61328125,0.75341796875,-0.27392578125,Mouth closed
1713448562.527573,0.61767578125,0.747802734375,-0.275634765625,Mouth closed
1713448562.566614,0.614013671875,0.745361328125,-0.2734375,Mouth closed
1713448562.610698,0.61376953125,0.75244140625,-0.269775390625,Mouth closed
1713448562.646769,0.620361328125,0.7548828125,-0.276611328125,Mouth closed
1713448562.686047,0.6123046875,0.74609375,-0.27685546875,Mouth closed
1713448562.727053,0.61328125,0.745361328125,-0.2734375,Mouth closed
1713448562.764976,0.620361328125,0.751953125,-0.268798828125,Mouth closed
1713448562.804926,0.620849609375,0.748291015625,-0.277099609375,Mouth closed
1713448562.844639,0.619140625,0.7509765625,-0.277099609375,Mouth closed
1713448562.886961,0.614013671875,0.753662109375,-0.273681640625,Mouth closed
1713448562.927533,0.610595703125,0.7451171875,-0.273193359375,Mouth closed
1713448562.96777,0.614990234375,0.74853515625,-0.2724609375,Mouth closed
1713448563.01371,0.60986328125,0.7529296875,-0.272216796875,Mouth closed
1713448563.04659,0.6162109375,0.754638671875,-0.277587890625,Mouth closed
1713448563.091226,0.61572265625,0.75048828125,-0.2724609375,Mouth closed
1713448563.134441,0.61572265625,0.75,-0.27294921875,Mouth closed
1713448563.171647,0.612548828125,0.744140625,-0.26904296875,Mouth closed
1713448563.208398,0.61962890625,0.75146484375,-0.266357421875,Mouth closed
1713448563.248245,0.623291015625,0.7509765625,-0.273681640625,Mouth closed
1713448563.287228,0.616943359375,0.74853515625,-0.273681640625,Mouth closed
1713448563.326485,0.61376953125,0.74365234375,-0.2734375,Mouth closed
1713448563.364592,0.619873046875,0.74755859375,-0.269287109375,Mouth closed
1713448563.407471,0.620849609375,0.74853515625,-0.27685546875,Mouth closed
1713448563.443998,0.61474609375,0.749267578125,-0.276611328125,Mouth closed
1713448563.484577,0.618896484375,0.753662109375,-0.27294921875,Mouth closed
1713448563.524706,0.61279296875,0.749755859375,-0.269775390625,Mouth closed
1713448563.569738,0.61376953125,0.746826171875,-0.271484375,Mouth closed
1713448563.605829,0.612548828125,0.749755859375,-0.27001953125,Mouth closed
1713448563.646154,0.613525390625,0.753662109375,-0.27392578125,Mouth closed
1713448563.685394,0.611328125,0.754150390625,-0.272705078125,Mouth closed
1713448563.728026,0.610595703125,0.750732421875,-0.272216796875,Mouth closed
1713448563.765957,0.619384765625,0.75048828125,-0.27294921875,Mouth closed
1713448563.805537,0.61376953125,0.745361328125,-0.279052734375,Mouth closed
1713448563.851599,0.6142578125,0.752685546875,-0.263671875,Mouth closed
1713448563.887761,0.6201171875,0.7529296875,-0.270263671875,Mouth closed
1713448563.928513,0.6171875,0.751953125,-0.270751953125,Mouth closed
1713448563.96458,0.6162109375,0.7490234375,-0.27001953125,Mouth closed
1713448564.005416,0.618896484375,0.748291015625,-0.26513671875,Mouth closed
1713448564.044725,0.6220703125,0.747802734375,-0.271240234375,Mouth closed
1713448564.084772,0.619140625,0.748779296875,-0.27099609375,Mouth closed
1713448564.12792,0.618408203125,0.75048828125,-0.273681640625,Mouth closed
1713448564.168641,0.61083984375,0.75048828125,-0.271484375,Mouth closed
1713448564.206254,0.61279296875,0.749755859375,-0.2724609375,Mouth closed
1713448564.245726,0.61279296875,0.75244140625,-0.269287109375,Mouth closed
1713448564.287176,0.611328125,0.757080078125,-0.275634765625,Mouth closed
1713448564.329185,0.6123046875,0.752685546875,-0.277099609375,Mouth closed
1713448564.375106,0.61328125,0.751953125,-0.27880859375,Mouth closed
1713448564.413933,0.615234375,0.751220703125,-0.276611328125,Mouth closed
1713448564.453857,0.608154296875,0.744873046875,-0.271484375,Mouth closed
1713448564.491517,0.6162109375,0.7490234375,-0.27392578125,Mouth closed
1713448564.528954,0.618408203125,0.75634765625,-0.27587890625,Mouth closed
1713448564.567807,0.60986328125,0.74755859375,-0.273681640625,Mouth closed
1713448564.607723,0.611572265625,0.743896484375,-0.27392578125,Mouth closed
1713448564.647855,0.61962890625,0.7470703125,-0.27001953125,Mouth closed
1713448564.68553,0.62158203125,0.748046875,-0.2705078125,Mouth closed
1713448564.725944,0.61572265625,0.750244140625,-0.2724609375,Mouth closed
1713448564.766411,0.619140625,0.751953125,-0.27392578125,Mouth closed
1713448564.808863,0.613037109375,0.752197265625,-0.269287109375,Mouth closed
1713448564.846739,0.616943359375,0.750244140625,-0.2724609375,Mouth closed
1713448564.886517,0.611083984375,0.750244140625,-0.27197265625,Mouth closed
1713448564.927992,0.61376953125,0.751708984375,-0.2763671875,Mouth closed
1713448564.967969,0.6123046875,0.751953125,-0.27490234375,Mouth closed
1713448565.006888,0.611328125,0.750244140625,-0.2724609375,Mouth open
1713448565.05089,0.612548828125,0.74951171875,-0.270751953125,Mouth open
1713448565.091148,0.615234375,0.749755859375,-0.273193359375,Mouth open
1713448565.127884,0.6181640625,0.747314453125,-0.273681640625,Mouth open
1713448565.175825,0.615966796875,0.75,-0.27294921875,Mouth open
1713448565.20889,0.618408203125,0.750244140625,-0.2724609375,Mouth open
1713448565.268262,0.6171875,0.75390625,-0.274169921875,Mouth open
1713448565.28733,0.613525390625,0.747802734375,-0.273193359375,Mouth open
1713448565.325872,0.613525390625,0.744140625,-0.268798828125,Mouth open
1713448565.369612,0.619140625,0.749267578125,-0.265625,Mouth open
1713448565.411251,0.62158203125,0.749755859375,-0.27099609375,Mouth open
1713448565.447314,0.6162109375,0.747802734375,-0.267578125,Mouth open
1713448565.501441,0.61865234375,0.74951171875,-0.271240234375,Mouth open
1713448565.528407,0.61669921875,0.745849609375,-0.271484375,Mouth open
1713448565.579884,0.614990234375,0.74951171875,-0.26904296875,Mouth open
1713448565.615549,0.61767578125,0.753662109375,-0.27197265625,Mouth open
1713448565.654802,0.61083984375,0.7548828125,-0.273681640625,Mouth open
1713448565.69261,0.6103515625,0.752197265625,-0.2744140625,Mouth open
1713448565.731288,0.614990234375,0.752685546875,-0.2734375,Mouth open
1713448565.770113,0.61376953125,0.749755859375,-0.269287109375,Mouth open
1713448565.81108,0.61572265625,0.747802734375,-0.267822265625,Mouth open
1713448565.850495,0.61328125,0.75244140625,-0.271728515625,Mouth open
1713448565.890741,0.609619140625,0.744384765625,-0.2734375,Mouth open
1713448565.932705,0.61279296875,0.752685546875,-0.26904296875,Mouth open
1713448565.97405,0.617431640625,0.754150390625,-0.275634765625,Mouth open
1713448566.008934,0.609130859375,0.746337890625,-0.27197265625,Mouth open
1713448566.050361,0.614013671875,0.748046875,-0.26708984375,Mouth open
1713448566.088498,0.622314453125,0.75439453125,-0.264892578125,Mouth open
1713448566.130168,0.617431640625,0.746826171875,-0.27587890625,Mouth open
1713448566.170034,0.617431640625,0.75390625,-0.27490234375,Mouth open
1713448566.209649,0.6171875,0.75244140625,-0.27001953125,Mouth open
1713448566.254323,0.612548828125,0.7451171875,-0.27197265625,Mouth open
1713448566.2908,0.612060546875,0.744873046875,-0.27099609375,Mouth open
1713448566.331101,0.615966796875,0.75439453125,-0.2666015625,Mouth open
1713448566.370808,0.614013671875,0.7529296875,-0.27197265625,Mouth open
1713448566.418043,0.614013671875,0.751953125,-0.27294921875,Mouth open
1713448566.45055,0.61474609375,0.753662109375,-0.270263671875,Mouth open
1713448566.499193,0.614013671875,0.747802734375,-0.269775390625,Mouth open
1713448566.540093,0.615234375,0.749755859375,-0.2685546875,Mouth open
1713448566.575045,0.609375,0.748291015625,-0.271728515625,Mouth open
1713448566.612615,0.612548828125,0.752197265625,-0.26708984375,Mouth open
1713448566.651178,0.616943359375,0.756103515625,-0.275146484375,Mouth open
1713448566.691021,0.611572265625,0.744873046875,-0.2685546875,Mouth open
1713448566.756339,0.616943359375,0.744873046875,-0.26416015625,Mouth open
1713448566.776303,0.62255859375,0.75048828125,-0.26513671875,Mouth open
1713448566.815263,0.6201171875,0.751708984375,-0.275634765625,Mouth open
1713448566.851398,0.616455078125,0.752685546875,-0.270751953125,Mouth open
1713448566.905149,0.6181640625,0.753173828125,-0.26953125,Mouth open
1713448566.932008,0.614501953125,0.748779296875,-0.267578125,Mouth open
1713448566.976364,0.6162109375,0.74853515625,-0.267822265625,Mouth open
1713448567.012451,0.61279296875,0.7509765625,-0.268798828125,Mouth open
1713448567.056016,0.614013671875,0.75244140625,-0.2705078125,Mouth open
1713448567.100061,0.613525390625,0.75537109375,-0.27392578125,Mouth open
1713448567.137841,0.619140625,0.7529296875,-0.264892578125,Mouth open
1713448567.178204,0.6181640625,0.751220703125,-0.264404296875,Mouth open
1713448567.215832,0.61962890625,0.74951171875,-0.266845703125,Mouth open
1713448567.254953,0.612060546875,0.745361328125,-0.267578125,Mouth open
1713448567.294349,0.615478515625,0.74609375,-0.26416015625,Mouth open
1713448567.333609,0.619140625,0.75341796875,-0.268798828125,Mouth open
1713448567.374781,0.61376953125,0.75048828125,-0.268310546875,Mouth open
1713448567.412688,0.614990234375,0.74658203125,-0.271484375,Mouth open
1713448567.45283,0.61669921875,0.75048828125,-0.267822265625,Mouth open
1713448567.492033,0.619873046875,0.751220703125,-0.266845703125,Mouth open
1713448567.535191,0.61328125,0.75244140625,-0.268310546875,Mouth open
1713448567.572441,0.618408203125,0.75390625,-0.272216796875,Mouth open
1713448567.613771,0.6142578125,0.75048828125,-0.27001953125,Mouth open
1713448567.653027,0.614013671875,0.74755859375,-0.26953125,Mouth open
1713448567.694563,0.613037109375,0.753662109375,-0.267822265625,Mouth open
1713448567.733935,0.616455078125,0.75146484375,-0.26806640625,Mouth open
1713448567.774208,0.612060546875,0.75244140625,-0.27197265625,Mouth open
1713448567.814076,0.615234375,0.753173828125,-0.269287109375,Mouth open
1713448567.861858,0.61572265625,0.750732421875,-0.26513671875,Mouth open
1713448567.894391,0.6142578125,0.75048828125,-0.27001953125,Mouth open
1713448567.93329,0.62109375,0.752685546875,-0.275146484375,Mouth open
1713448567.974837,0.6181640625,0.752197265625,-0.269775390625,Mouth open
1713448568.014551,0.61474609375,0.755615234375,-0.26904296875,Mouth open
1713448568.053028,0.619873046875,0.753173828125,-0.27392578125,Mouth open
1713448568.098822,0.612060546875,0.748291015625,-0.271728515625,Mouth open
1713448568.133008,0.616455078125,0.750732421875,-0.270263671875,Mouth open
1713448568.172501,0.615966796875,0.74755859375,-0.270263671875,Mouth open
1713448568.215254,0.61572265625,0.747314453125,-0.2646484375,Mouth open
1713448568.254385,0.619140625,0.75146484375,-0.267578125,Mouth open
1713448568.293688,0.6171875,0.752197265625,-0.264404296875,Mouth open
1713448568.336095,0.61279296875,0.748046875,-0.26806640625,Mouth open
1713448568.37482,0.615478515625,0.753173828125,-0.26806640625,Mouth open
1713448568.413725,0.614990234375,0.753173828125,-0.26708984375,Mouth open
1713448568.455097,0.615234375,0.75146484375,-0.270263671875,Mouth open
1713448568.495326,0.61376953125,0.754150390625,-0.27197265625,Mouth open
1713448568.534126,0.6162109375,0.74853515625,-0.26953125,Mouth open
1713448568.574456,0.614501953125,0.74755859375,-0.267822265625,Mouth open
1713448568.612629,0.619384765625,0.750244140625,-0.269775390625,Mouth open
1713448568.652851,0.616455078125,0.7470703125,-0.275146484375,Mouth open
1713448568.69413,0.616455078125,0.749267578125,-0.27392578125,Mouth open
1713448568.734577,0.61865234375,0.755126953125,-0.27001953125,Mouth open
1713448568.773744,0.614013671875,0.75537109375,-0.274658203125,Mouth open
1713448568.81377,0.609375,0.74658203125,-0.27392578125,Mouth open
1713448568.853965,0.615478515625,0.748779296875,-0.267822265625,Mouth open
1713448568.898664,0.618408203125,0.75341796875,-0.269775390625,Mouth open
1713448568.935319,0.611328125,0.75048828125,-0.26611328125,Mouth open
1713448568.97346,0.614013671875,0.75537109375,-0.279052734375,Mouth open
1713448569.015488,0.61669921875,0.750732421875,-0.278076171875,Mouth open
1713448569.054975,0.623291015625,0.74853515625,-0.27294921875,Mouth open
1713448569.095401,0.60986328125,0.7412109375,-0.265380859375,Mouth open
1713448569.139801,0.62255859375,0.75146484375,-0.279541015625,Mouth open
1713448569.178369,0.628662109375,0.749755859375,-0.275634765625,Mouth open
1713448569.218103,0.621337890625,0.75439453125,-0.26220703125,Mouth open
1713448569.259322,0.611328125,0.747802734375,-0.287353515625,Mouth open
1713448569.298302,0.60400390625,0.73828125,-0.288818359375,Mouth open
1713448569.336577,0.609130859375,0.739990234375,-0.291748046875,Mouth open
1713448569.376916,0.613525390625,0.745849609375,-0.28759765625,Mouth open
1713448569.417825,0.60888671875,0.753173828125,-0.287109375,Mouth open
1713448569.45904,0.61376953125,0.75439453125,-0.288818359375,Mouth open
1713448569.497332,0.61083984375,0.747314453125,-0.279541015625,Mouth open
1713448569.537867,0.615966796875,0.74462890625,-0.277099609375,Mouth open
1713448569.576611,0.612548828125,0.748291015625,-0.27880859375,Mouth open
1713448569.6165,0.6123046875,0.7509765625,-0.280029296875,Mouth open
1713448569.655421,0.611083984375,0.755859375,-0.279052734375,Mouth open
1713448569.695515,0.609375,0.750244140625,-0.279296875,Mouth open
1713448569.735954,0.60986328125,0.746826171875,-0.2763671875,Mouth open
1713448569.776647,0.610107421875,0.74853515625,-0.27294921875,Mouth open
1713448569.817275,0.610107421875,0.754638671875,-0.279052734375,Mouth open
1713448569.857065,0.606201171875,0.7509765625,-0.283447265625,Mouth open
1713448569.895569,0.60888671875,0.749267578125,-0.281494140625,Mouth open
1713448569.934401,0.612548828125,0.75537109375,-0.28125,Mouth open
1713448569.976896,0.613525390625,0.753173828125,-0.271484375,Mouth open
1713448570.016163,0.613037109375,0.747802734375,-0.272705078125,Mouth open
1713448570.054671,0.61669921875,0.75537109375,-0.26953125,Mouth open
1713448570.096738,0.61865234375,0.755126953125,-0.2822265625,Mouth open
1713448570.135507,0.607666015625,0.742431640625,-0.2734375,Mouth open
1713448570.175573,0.6103515625,0.7421875,-0.27392578125,Mouth open
1713448570.216801,0.6162109375,0.75146484375,-0.27099609375,Mouth open
1713448570.25766,0.615234375,0.753173828125,-0.28076171875,Mouth open
1713448570.295589,0.60986328125,0.751953125,-0.2763671875,Mouth open
1713448570.337379,0.614013671875,0.7548828125,-0.274658203125,Mouth open
1713448570.37716,0.612548828125,0.749267578125,-0.27783203125,Mouth open
1713448570.417497,0.60693359375,0.750244140625,-0.28125,Mouth open
1713448570.458396,0.610107421875,0.752685546875,-0.27978515625,Mouth open
1713448570.497716,0.611572265625,0.74951171875,-0.281494140625,Mouth open
1713448570.538663,0.6064453125,0.7490234375,-0.27978515625,Mouth open
1713448570.576342,0.611328125,0.752197265625,-0.276123046875,Mouth open
1713448570.616632,0.613037109375,0.750732421875,-0.275634765625,Mouth open
1713448570.657127,0.61279296875,0.7490234375,-0.279541015625,Mouth open
1713448570.702831,0.613037109375,0.749755859375,-0.280029296875,Mouth open
1713448570.74111,0.6142578125,0.75634765625,-0.27685546875,Mouth open
1713448570.779791,0.612548828125,0.751953125,-0.281005859375,Mouth open
1713448570.819452,0.610107421875,0.742431640625,-0.2802734375,Mouth open
1713448570.866142,0.616455078125,0.75,-0.277099609375,Mouth open
1713448570.898503,0.613037109375,0.75048828125,-0.283203125,Mouth open
1713448570.94031,0.6103515625,0.748291015625,-0.2763671875,Mouth open
1713448570.985724,0.616943359375,0.75,-0.27978515625,Mouth open
1713448571.020744,0.614013671875,0.74951171875,-0.27490234375,Mouth open
1713448571.062981,0.6123046875,0.748779296875,-0.274169921875,Mouth open
1713448571.101771,0.612060546875,0.748046875,-0.27685546875,Mouth open
1713448571.139433,0.61083984375,0.74951171875,-0.275634765625,Mouth open
1713448571.17878,0.60888671875,0.751708984375,-0.279541015625,Mouth open
1713448571.21876,0.609619140625,0.7529296875,-0.280517578125,Mouth open
1713448571.257355,0.6103515625,0.748046875,-0.27783203125,Mouth open
1713448571.297601,0.61083984375,0.751953125,-0.27587890625,Mouth open
1713448571.337506,0.61376953125,0.748779296875,-0.281494140625,Mouth open
1713448571.378204,0.609375,0.751708984375,-0.278076171875,Mouth open
1713448571.421128,0.61572265625,0.7529296875,-0.278564453125,Mouth open
1713448571.457581,0.60791015625,0.747314453125,-0.27978515625,Mouth open
1713448571.497741,0.612548828125,0.7451171875,-0.278076171875,Mouth open
1713448571.5391,0.61865234375,0.750244140625,-0.269775390625,Mouth open
1713448571.580328,0.6142578125,0.748291015625,-0.280029296875,Mouth open
1713448571.617711,0.613525390625,0.75244140625,-0.27978515625,Mouth open
1713448571.662803,0.61376953125,0.750732421875,-0.270263671875,Mouth open
1713448571.698768,0.614990234375,0.745849609375,-0.274658203125,Mouth open
1713448571.739293,0.61083984375,0.748046875,-0.275146484375,Mouth open
1713448571.78028,0.612060546875,0.749755859375,-0.277587890625,Mouth open
1713448571.821328,0.612548828125,0.750732421875,-0.277587890625,Mouth open
1713448571.8589,0.611572265625,0.752685546875,-0.280517578125,Mouth open
1713448571.898214,0.61181640625,0.752197265625,-0.278076171875,Mouth open
1713448571.936565,0.6083984375,0.75048828125,-0.276123046875,Mouth open
1713448571.978873,0.611328125,0.748046875,-0.277099609375,Mouth open
1713448572.019373,0.608642578125,0.747314453125,-0.274169921875,Mouth open
1713448572.058901,0.61376953125,0.75,-0.271484375,Mouth open
1713448572.103577,0.615234375,0.7548828125,-0.27978515625,Mouth open
1713448572.13834,0.607666015625,0.745361328125,-0.27392578125,Mouth open
1713448572.180031,0.61181640625,0.7421875,-0.274658203125,Mouth open
1713448572.224401,0.616943359375,0.75,-0.271728515625,Mouth open
1713448572.266718,0.617431640625,0.74853515625,-0.2822265625,Mouth open
1713448572.30316,0.613037109375,0.74951171875,-0.280029296875,Mouth open
1713448572.341247,0.614013671875,0.754150390625,-0.280517578125,Mouth open
1713448572.380555,0.615234375,0.74560546875,-0.27587890625,Mouth open
1713448572.42307,0.609130859375,0.74755859375,-0.275634765625,Mouth open
1713448572.460242,0.61376953125,0.752197265625,-0.275390625,Mouth open
1713448572.499062,0.609619140625,0.7529296875,-0.277099609375,Mouth open
1713448572.539887,0.6103515625,0.754150390625,-0.28076171875,Mouth open
1713448572.577437,0.60791015625,0.748779296875,-0.278076171875,Mouth open
1713448572.619982,0.6142578125,0.75146484375,-0.2763671875,Mouth open
1713448572.659691,0.61279296875,0.751220703125,-0.27783203125,Mouth open
1713448572.698764,0.60986328125,0.745361328125,-0.27880859375,Mouth open
1713448572.740963,0.611328125,0.752685546875,-0.274658203125,Mouth open
1713448572.779425,0.615966796875,0.757568359375,-0.2861328125,Mouth open
1713448572.819439,0.60205078125,0.7451171875,-0.28173828125,Mouth open
1713448572.865487,0.61328125,0.746826171875,-0.276123046875,Mouth open
1713448572.901254,0.6162109375,0.751953125,-0.273193359375,Mouth open
1713448572.942189,0.61669921875,0.749267578125,-0.279052734375,Mouth open
1713448572.980362,0.610107421875,0.7509765625,-0.279296875,Mouth open
1713448573.021319,0.6171875,0.752685546875,-0.280517578125,Mouth open
1713448573.062274,0.6103515625,0.748291015625,-0.2744140625,Mouth open
1713448573.101409,0.61376953125,0.7470703125,-0.271484375,Mouth open
1713448573.142992,0.614013671875,0.755126953125,-0.273193359375,Mouth open
1713448573.18355,0.61376953125,0.75244140625,-0.278564453125,Mouth open
1713448573.219159,0.608154296875,0.74951171875,-0.28076171875,Mouth open
1713448573.259869,0.610595703125,0.751220703125,-0.27783203125,Mouth open
1713448573.29944,0.613037109375,0.751220703125,-0.275146484375,Mouth open
1713448573.350789,0.614013671875,0.7490234375,-0.278564453125,Mouth open
1713448573.379549,0.61474609375,0.752685546875,-0.2822265625,Mouth open
1713448573.429326,0.61376953125,0.74951171875,-0.281005859375,Mouth open
1713448573.466594,0.615478515625,0.751708984375,-0.277587890625,Mouth open
1713448573.505812,0.60791015625,0.75390625,-0.27978515625,Mouth open
1713448573.54518,0.6083984375,0.74658203125,-0.277587890625,Mouth open
1713448573.584374,0.61328125,0.750732421875,-0.2783203125,Mouth open
1713448573.62361,0.615966796875,0.752685546875,-0.27734375,Mouth open
1713448573.662492,0.607666015625,0.747802734375,-0.2763671875,Mouth open
1713448573.701794,0.615966796875,0.755126953125,-0.281494140625,Mouth open
1713448573.742384,0.610595703125,0.74951171875,-0.2783203125,Mouth open
1713448573.781833,0.610595703125,0.746826171875,-0.278564453125,Mouth open
1713448573.820323,0.61083984375,0.751953125,-0.278564453125,Mouth open
1713448573.861634,0.61083984375,0.754150390625,-0.279541015625,Mouth open
1713448573.90198,0.609619140625,0.75244140625,-0.279296875,Mouth open
1713448573.94415,0.611328125,0.74951171875,-0.280517578125,Mouth open
1713448573.980563,0.61376953125,0.7509765625,-0.27783203125,Mouth open
1713448574.021108,0.614501953125,0.751708984375,-0.276611328125,Mouth open
1713448574.062566,0.612548828125,0.74853515625,-0.27783203125,Mouth open
1713448574.101277,0.61572265625,0.749755859375,-0.281494140625,Mouth open
1713448574.145525,0.612548828125,0.745361328125,-0.27783203125,Mouth open
1713448574.18554,0.61376953125,0.75634765625,-0.277099609375,Mouth open
1713448574.223223,0.609619140625,0.755859375,-0.278076171875,Mouth open
1713448574.262476,0.60986328125,0.748046875,-0.278564453125,Mouth open
1713448574.30324,0.613525390625,0.747802734375,-0.27587890625,Mouth open
1713448574.342545,0.612060546875,0.750244140625,-0.27880859375,Mouth open
1713448574.383623,0.60791015625,0.74755859375,-0.278564453125,Mouth open
1713448574.422686,0.61474609375,0.7509765625,-0.28076171875,Mouth open
1713448574.461381,0.6123046875,0.75146484375,-0.279541015625,Mouth open
1713448574.502382,0.609375,0.74755859375,-0.279541015625,Mouth open
1713448574.541916,0.611572265625,0.751953125,-0.278076171875,Mouth open
1713448574.580864,0.614990234375,0.75439453125,-0.275390625,Mouth open
1713448574.620376,0.607666015625,0.752197265625,-0.2802734375,Mouth open
1713448574.660319,0.609130859375,0.750244140625,-0.283935546875,Mouth open
1713448574.700408,0.60986328125,0.75341796875,-0.27978515625,Mouth open
1713448574.747516,0.614501953125,0.750244140625,-0.27490234375,Mouth open
1713448574.782788,0.615478515625,0.751953125,-0.274169921875,Mouth open
1713448574.823363,0.611328125,0.75,-0.27734375,Mouth open
1713448574.863095,0.61767578125,0.74951171875,-0.283203125,Mouth open
1713448574.913653,0.611328125,0.748046875,-0.28466796875,Mouth open
1713448574.950902,0.61083984375,0.751220703125,-0.278076171875,Mouth open
1713448574.993748,0.60986328125,0.755859375,-0.281494140625,Mouth open
1713448575.0291,0.607177734375,0.7490234375,-0.280517578125,Mouth open
1713448575.067908,0.612548828125,0.750732421875,-0.278564453125,Mouth open
1713448575.10546,0.615478515625,0.75,-0.2724609375,Mouth open
1713448575.145833,0.615966796875,0.748779296875,-0.275146484375,Mouth open
1713448575.182647,0.613037109375,0.747802734375,-0.279296875,Mouth open
1713448575.223168,0.612548828125,0.752197265625,-0.276611328125,Mouth open
1713448575.263625,0.6103515625,0.746826171875,-0.279052734375,Mouth open
1713448575.30331,0.6162109375,0.751220703125,-0.27783203125,Mouth open
1713448575.342253,0.61279296875,0.75439453125,-0.275146484375,Mouth open
1713448575.383626,0.613037109375,0.753173828125,-0.282470703125,Mouth open
1713448575.423524,0.614013671875,0.754638671875,-0.277099609375,Mouth open
1713448575.465249,0.61279296875,0.750732421875,-0.274658203125,Mouth open
1713448575.504778,0.612060546875,0.751953125,-0.275390625,Mouth open
1713448575.545571,0.61181640625,0.751220703125,-0.275634765625,Mouth open
1713448575.583325,0.61474609375,0.749267578125,-0.27978515625,Mouth open
1713448575.624486,0.614990234375,0.75,-0.2763671875,Mouth open
1713448575.665281,0.609619140625,0.7470703125,-0.278076171875,Mouth open
1713448575.70838,0.610107421875,0.7490234375,-0.2763671875,Mouth open
1713448575.744795,0.615966796875,0.759033203125,-0.282958984375,Mouth open
1713448575.783387,0.607666015625,0.748291015625,-0.280517578125,Mouth open
1713448575.823288,0.611328125,0.74609375,-0.27734375,Mouth open
1713448575.865049,0.616455078125,0.75341796875,-0.273681640625,Mouth open
1713448575.901918,0.615478515625,0.749755859375,-0.27880859375,Mouth open
1713448575.942297,0.609375,0.7470703125,-0.27880859375,Mouth open
1713448575.987497,0.615966796875,0.755615234375,-0.280517578125,Mouth open
1713448576.022853,0.611572265625,0.74658203125,-0.277587890625,Mouth open
1713448576.064147,0.609375,0.7470703125,-0.278564453125,Mouth open
1713448576.105388,0.61376953125,0.753173828125,-0.274658203125,Mouth open
1713448576.146512,0.614501953125,0.753662109375,-0.27978515625,Mouth open
1713448576.183281,0.611572265625,0.7529296875,-0.27783203125,Mouth open
1713448576.224197,0.612548828125,0.75146484375,-0.27783203125,Mouth open
1713448576.270717,0.6162109375,0.75048828125,-0.276123046875,Mouth open
1713448576.309481,0.6142578125,0.747802734375,-0.2763671875,Mouth open
1713448576.347834,0.6171875,0.7451171875,-0.280029296875,Mouth open
1713448576.385898,0.619384765625,0.74365234375,-0.282958984375,Mouth open
1713448576.425092,0.619140625,0.748291015625,-0.2802734375,Mouth open
1713448576.463487,0.616455078125,0.752197265625,-0.277099609375,Mouth open
1713448576.50291,0.6142578125,0.75,-0.279541015625,Mouth open
1713448576.544149,0.61181640625,0.7470703125,-0.275146484375,Mouth open
1713448576.587376,0.615478515625,0.745849609375,-0.277099609375,Mouth open
1713448576.62326,0.615478515625,0.74853515625,-0.27880859375,Mouth open
1713448576.665497,0.61083984375,0.746826171875,-0.2724609375,Mouth open
1713448576.704718,0.617919921875,0.750732421875,-0.280517578125,Mouth open
1713448576.745089,0.613525390625,0.74853515625,-0.27294921875,Mouth open
1713448576.78727,0.61083984375,0.750732421875,-0.276611328125,Mouth open
1713448576.825479,0.61083984375,0.750732421875,-0.27587890625,Mouth open
1713448576.869875,0.614990234375,0.751708984375,-0.277099609375,Mouth open
1713448576.904901,0.61279296875,0.75146484375,-0.27685546875,Mouth open
1713448576.946402,0.61474609375,0.7529296875,-0.279296875,Mouth open
1713448576.986217,0.614501953125,0.75,-0.277099609375,Mouth open
1713448577.027904,0.61474609375,0.751220703125,-0.275146484375,Mouth open
1713448577.067336,0.615966796875,0.74560546875,-0.27490234375,Mouth open
1713448577.104432,0.6171875,0.747802734375,-0.283203125,Mouth open
1713448577.14473,0.616943359375,0.748291015625,-0.280029296875,Mouth open
1713448577.18339,0.61279296875,0.75048828125,-0.274658203125,Mouth open
1713448577.227021,0.614013671875,0.753173828125,-0.279541015625,Mouth open
1713448577.264482,0.6103515625,0.7470703125,-0.27685546875,Mouth open
1713448577.318031,0.615478515625,0.751953125,-0.27392578125,Mouth open
1713448577.344825,0.6162109375,0.74658203125,-0.272216796875,Mouth open
1713448577.395685,0.61474609375,0.74853515625,-0.275146484375,Mouth open
1713448577.431715,0.615234375,0.74853515625,-0.2763671875,Mouth open
1713448577.472476,0.6142578125,0.75048828125,-0.27880859375,Mouth open
1713448577.512448,0.611572265625,0.748046875,-0.277587890625,Mouth open
1713448577.549771,0.61181640625,0.7509765625,-0.275390625,Mouth open
1713448577.587534,0.61279296875,0.752685546875,-0.27587890625,Mouth open
1713448577.627341,0.613037109375,0.750244140625,-0.27978515625,Mouth open
1713448577.667065,0.6142578125,0.749755859375,-0.2802734375,Mouth open
1713448577.707811,0.614990234375,0.750244140625,-0.27587890625,Mouth open
1713448577.745707,0.614501953125,0.74951171875,-0.2734375,Mouth open
1713448577.78611,0.61669921875,0.74853515625,-0.2724609375,Mouth open
1713448577.825792,0.6171875,0.74853515625,-0.2802734375,Mouth open
1713448577.866211,0.616455078125,0.747802734375,-0.276611328125,Mouth open
1713448577.906956,0.615234375,0.751220703125,-0.277099609375,Mouth open
1713448577.945613,0.6123046875,0.753173828125,-0.27783203125,Mouth open
1713448577.986131,0.610595703125,0.74560546875,-0.279052734375,Mouth open
1713448578.026322,0.61376953125,0.7509765625,-0.275390625,Mouth open
1713448578.068085,0.614990234375,0.750244140625,-0.278564453125,Mouth open
1713448578.107735,0.608642578125,0.747314453125,-0.27734375,Mouth open
1713448578.147227,0.618408203125,0.750732421875,-0.27734375,Mouth open
1713448578.19414,0.60986328125,0.74755859375,-0.27587890625,Mouth open
1713448578.232503,0.615478515625,0.7470703125,-0.274658203125,Mouth open
1713448578.272117,0.615234375,0.750732421875,-0.273681640625,Mouth open
1713448578.310431,0.615478515625,0.75390625,-0.276123046875,Mouth open
1713448578.351366,0.614013671875,0.750244140625,-0.275634765625,Mouth open
1713448578.390956,0.61181640625,0.750732421875,-0.276611328125,Mouth open
1713448578.433299,0.6142578125,0.751708984375,-0.271728515625,Mouth open
1713448578.473799,0.6171875,0.74853515625,-0.271728515625,Mouth open
1713448578.506055,0.614501953125,0.74853515625,-0.273681640625,Mouth open
1713448578.545461,0.61474609375,0.745849609375,-0.272216796875,Mouth open
1713448578.596448,0.613037109375,0.7490234375,-0.2724609375,Mouth open
1713448578.626212,0.619873046875,0.7548828125,-0.277099609375,Mouth open
1713448578.668996,0.6103515625,0.74951171875,-0.28076171875,Mouth open
1713448578.706245,0.609619140625,0.743896484375,-0.27587890625,Mouth open
1713448578.755303,0.615478515625,0.748291015625,-0.27490234375,Mouth open
1713448578.792502,0.614501953125,0.750732421875,-0.2802734375,Mouth open
1713448578.834822,0.606201171875,0.75048828125,-0.278076171875,Mouth open
1713448578.873329,0.616943359375,0.752685546875,-0.282958984375,Mouth open
1713448578.913685,0.610595703125,0.750732421875,-0.27490234375,Mouth open
1713448578.95294,0.60986328125,0.749755859375,-0.27734375,Mouth open
1713448578.993522,0.610595703125,0.751220703125,-0.270263671875,Mouth open
1713448579.031977,0.609619140625,0.754150390625,-0.278076171875,Mouth open
1713448579.073067,0.60791015625,0.750732421875,-0.27978515625,Mouth open
1713448579.110819,0.61328125,0.7529296875,-0.2724609375,Mouth open
1713448579.153451,0.613525390625,0.751953125,-0.272216796875,Mouth open
1713448579.185603,0.611572265625,0.751953125,-0.272216796875,Mouth open
1713448579.23642,0.619873046875,0.749267578125,-0.277099609375,Mouth open
1713448579.26623,0.618408203125,0.75439453125,-0.27734375,Mouth open
1713448579.307509,0.62158203125,0.755615234375,-0.2802734375,Mouth open
1713448579.354055,0.6123046875,0.7490234375,-0.279296875,Mouth open
1713448579.395067,0.611572265625,0.7451171875,-0.27197265625,Mouth open
1713448579.433702,0.619140625,0.75,-0.271484375,Mouth open
1713448579.472068,0.618408203125,0.75048828125,-0.276123046875,Mouth open
1713448579.509402,0.61083984375,0.745849609375,-0.274169921875,Mouth open
1713448579.550305,0.616943359375,0.75439453125,-0.274658203125,Mouth open
1713448579.590064,0.60986328125,0.749267578125,-0.273193359375,Mouth open
1713448579.629613,0.60888671875,0.744384765625,-0.27685546875,Mouth open
1713448579.668974,0.610595703125,0.75048828125,-0.27490234375,Mouth open
1713448579.71004,0.61181640625,0.75537109375,-0.275634765625,Mouth open
1713448579.746844,0.610595703125,0.75341796875,-0.278076171875,Mouth open
1713448579.789171,0.61279296875,0.754150390625,-0.274658203125,Mouth open
1713448579.826427,0.611572265625,0.7509765625,-0.273193359375,Mouth open
1713448579.867616,0.6162109375,0.7509765625,-0.275634765625,Mouth open
1713448579.907258,0.619873046875,0.74755859375,-0.27978515625,Mouth open
1713448579.961371,0.61279296875,0.748046875,-0.2783203125,Mouth open
1713448579.989296,0.61767578125,0.752197265625,-0.27392578125,Mouth open
1713448580.034062,0.615478515625,0.751953125,-0.274169921875,Mouth closed
1713448580.068525,0.612548828125,0.74609375,-0.274169921875,Mouth closed
1713448580.120318,0.615478515625,0.74951171875,-0.2724609375,Mouth closed
1713448580.148493,0.61669921875,0.751220703125,-0.275146484375,Mouth closed
1713448580.193995,0.610595703125,0.749267578125,-0.271728515625,Mouth closed
1713448580.235794,0.619384765625,0.749267578125,-0.277587890625,Mouth closed
1713448580.276468,0.614013671875,0.748291015625,-0.275390625,Mouth closed
1713448580.314425,0.61279296875,0.747314453125,-0.275390625,Mouth closed
1713448580.349525,0.61376953125,0.752197265625,-0.2763671875,Mouth closed
1713448580.392517,0.615478515625,0.7529296875,-0.275146484375,Mouth closed
1713448580.431389,0.61083984375,0.7509765625,-0.27880859375,Mouth closed
1713448580.471293,0.613525390625,0.750244140625,-0.278564453125,Mouth closed
1713448580.508823,0.61181640625,0.7509765625,-0.27685546875,Mouth closed
1713448580.548267,0.6123046875,0.748291015625,-0.271728515625,Mouth closed
1713448580.589078,0.619140625,0.75,-0.277099609375,Mouth closed
1713448580.628234,0.61572265625,0.748291015625,-0.275390625,Mouth closed
1713448580.672502,0.616455078125,0.75146484375,-0.272705078125,Mouth closed
1713448580.709862,0.616943359375,0.75537109375,-0.275390625,Mouth closed
1713448580.750436,0.61181640625,0.74658203125,-0.2763671875,Mouth closed
1713448580.790308,0.615478515625,0.746337890625,-0.275390625,Mouth closed
1713448580.831086,0.6181640625,0.74951171875,-0.26904296875,Mouth closed
1713448580.872515,0.62060546875,0.749267578125,-0.278076171875,Mouth closed
1713448580.910289,0.61572265625,0.750732421875,-0.274658203125,Mouth closed
1713448580.949442,0.6181640625,0.7470703125,-0.27587890625,Mouth closed
1713448580.990892,0.61279296875,0.7470703125,-0.276123046875,Mouth closed
1713448581.028297,0.611083984375,0.75,-0.2783203125,Mouth closed
1713448581.06778,0.6103515625,0.74951171875,-0.27880859375,Mouth closed
1713448581.108489,0.610595703125,0.751708984375,-0.2802734375,Mouth closed
1713448581.148154,0.61279296875,0.75146484375,-0.280029296875,Mouth closed
1713448581.188165,0.615478515625,0.75244140625,-0.274658203125,Mouth closed
1713448581.232465,0.611083984375,0.7490234375,-0.275634765625,Mouth closed
1713448581.28449,0.613525390625,0.74658203125,-0.278076171875,Mouth closed
1713448581.320032,0.615966796875,0.746826171875,-0.27490234375,Mouth closed
1713448581.353557,0.615966796875,0.74609375,-0.276611328125,Mouth closed
1713448581.394959,0.611572265625,0.749755859375,-0.273681640625,Mouth closed
1713448581.430212,0.614501953125,0.75439453125,-0.279541015625,Mouth closed
1713448581.471508,0.609130859375,0.7470703125,-0.2744140625,Mouth closed
1713448581.512251,0.616943359375,0.744873046875,-0.2724609375,Mouth closed
1713448581.551205,0.621826171875,0.752197265625,-0.272705078125,Mouth closed
1713448581.591841,0.618896484375,0.749755859375,-0.283447265625,Mouth closed
1713448581.629285,0.614990234375,0.750244140625,-0.279296875,Mouth closed
1713448581.671096,0.617431640625,0.749267578125,-0.280517578125,Mouth closed
1713448581.70789,0.611083984375,0.746826171875,-0.275634765625,Mouth closed
1713448581.748164,0.615966796875,0.748046875,-0.275146484375,Mouth closed
1713448581.788771,0.6142578125,0.753662109375,-0.275146484375,Mouth closed
1713448581.830435,0.611572265625,0.750244140625,-0.279052734375,Mouth closed
1713448581.869318,0.613037109375,0.75341796875,-0.277099609375,Mouth closed
1713448581.909993,0.61474609375,0.75439453125,-0.277099609375,Mouth closed
1713448581.950183,0.610107421875,0.749755859375,-0.275146484375,Mouth closed
1713448581.994242,0.615966796875,0.74755859375,-0.276123046875,Mouth closed
1713448582.029376,0.61474609375,0.74755859375,-0.277099609375,Mouth closed
1713448582.076573,0.6123046875,0.74560546875,-0.27685546875,Mouth closed
1713448582.11024,0.614013671875,0.7490234375,-0.270751953125,Mouth closed
1713448582.150388,0.61474609375,0.75341796875,-0.280029296875,Mouth closed
1713448582.192096,0.611083984375,0.742919921875,-0.274658203125,Mouth closed
1713448582.230198,0.614501953125,0.744140625,-0.274169921875,Mouth closed
1713448582.269157,0.617431640625,0.7529296875,-0.272705078125,Mouth closed
1713448582.312387,0.615234375,0.748779296875,-0.2841796875,Mouth closed
1713448582.348762,0.610595703125,0.751953125,-0.27685546875,Mouth closed
1713448582.388159,0.615234375,0.75146484375,-0.277099609375,Mouth closed
1713448582.429622,0.61328125,0.743408203125,-0.27294921875,Mouth closed
1713448582.469051,0.614990234375,0.74560546875,-0.27392578125,Mouth closed
1713448582.510495,0.61279296875,0.751953125,-0.2744140625,Mouth closed
1713448582.549197,0.613037109375,0.752685546875,-0.2763671875,Mouth closed
1713448582.589289,0.614013671875,0.75341796875,-0.277587890625,Mouth closed
1713448582.630363,0.615966796875,0.7509765625,-0.2705078125,Mouth closed
1713448582.670975,0.61669921875,0.747314453125,-0.27294921875,Mouth closed
1713448582.711754,0.613525390625,0.74658203125,-0.274169921875,Mouth closed
1713448582.751991,0.61474609375,0.74755859375,-0.275634765625,Mouth closed
1713448582.791334,0.61669921875,0.747802734375,-0.27685546875,Mouth closed
1713448582.832098,0.6142578125,0.749267578125,-0.27197265625,Mouth closed
1713448582.87362,0.618408203125,0.75341796875,-0.27734375,Mouth closed
1713448582.912891,0.611572265625,0.7470703125,-0.276611328125,Mouth closed
1713448582.95189,0.613037109375,0.74755859375,-0.278564453125,Mouth closed
1713448582.990552,0.617431640625,0.74853515625,-0.27197265625,Mouth closed
1713448583.032274,0.616943359375,0.748046875,-0.2783203125,Mouth closed
1713448583.071189,0.61669921875,0.7490234375,-0.274658203125,Mouth closed
1713448583.113568,0.61572265625,0.750244140625,-0.27294921875,Mouth closed
1713448583.154144,0.615234375,0.748046875,-0.275390625,Mouth closed
1713448583.196824,0.615966796875,0.74658203125,-0.27490234375,Mouth closed
1713448583.237621,0.6142578125,0.75048828125,-0.270751953125,Mouth closed
1713448583.276724,0.61328125,0.751708984375,-0.272705078125,Mouth closed
1713448583.312838,0.616943359375,0.749755859375,-0.277099609375,Mouth closed
1713448583.351184,0.61474609375,0.750244140625,-0.273681640625,Mouth closed
1713448583.395,0.613525390625,0.74853515625,-0.275634765625,Mouth closed
1713448583.432048,0.61572265625,0.747802734375,-0.273681640625,Mouth closed
1713448583.472033,0.62060546875,0.750244140625,-0.275634765625,Mouth closed
1713448583.513369,0.6171875,0.741943359375,-0.275634765625,Mouth closed
1713448583.554369,0.61279296875,0.74365234375,-0.278076171875,Mouth closed
1713448583.591198,0.61669921875,0.75341796875,-0.274169921875,Mouth closed
1713448583.630193,0.615966796875,0.751708984375,-0.27587890625,Mouth closed
1713448583.670367,0.610107421875,0.747314453125,-0.278564453125,Mouth closed
1713448583.710156,0.617431640625,0.747802734375,-0.273681640625,Mouth closed
1713448583.751219,0.615478515625,0.746337890625,-0.273681640625,Mouth closed
1713448583.791131,0.615478515625,0.746826171875,-0.272705078125,Mouth closed
1713448583.832234,0.6181640625,0.75146484375,-0.277099609375,Mouth closed
1713448583.872862,0.61328125,0.74755859375,-0.27490234375,Mouth closed
1713448583.911172,0.613037109375,0.74755859375,-0.27490234375,Mouth closed
1713448583.952842,0.614013671875,0.747314453125,-0.27392578125,Mouth closed
1713448583.992505,0.613525390625,0.751220703125,-0.277587890625,Mouth closed
1713448584.03399,0.609375,0.749755859375,-0.278076171875,Mouth closed
1713448584.07305,0.614013671875,0.750244140625,-0.275390625,Mouth closed
1713448584.115355,0.62109375,0.74951171875,-0.27197265625,Mouth closed
1713448584.153262,0.628662109375,0.746826171875,-0.268798828125,Mouth closed
1713448584.196595,0.611328125,0.751708984375,-0.26416015625,Mouth closed
1713448584.233922,0.619384765625,0.746337890625,-0.279541015625,Mouth closed
1713448584.275466,0.614990234375,0.735595703125,-0.28759765625,Mouth closed
1713448584.318271,0.610595703125,0.745361328125,-0.285888671875,Mouth closed
1713448584.35853,0.62744140625,0.729736328125,-0.255126953125,Mouth closed
1713448584.397583,0.60888671875,0.7529296875,-0.27099609375,Mouth closed
1713448584.435031,0.6171875,0.746337890625,-0.273681640625,Mouth closed
1713448584.479779,0.61669921875,0.745849609375,-0.2744140625,Mouth closed
1713448584.520823,0.618896484375,0.748779296875,-0.2734375,Mouth closed
1713448584.561228,0.617919921875,0.745849609375,-0.268798828125,Mouth closed
1713448584.59558,0.619384765625,0.750244140625,-0.276123046875,Mouth closed
1713448584.640403,0.61474609375,0.74658203125,-0.272216796875,Mouth closed
1713448584.68299,0.61572265625,0.74365234375,-0.270751953125,Mouth closed
1713448584.715166,0.614990234375,0.74755859375,-0.271240234375,Mouth closed
1713448584.765387,0.615478515625,0.751220703125,-0.275146484375,Mouth closed
1713448584.795713,0.612548828125,0.75048828125,-0.27490234375,Mouth closed
1713448584.853658,0.615234375,0.752685546875,-0.27490234375,Mouth closed
1713448584.876955,0.6181640625,0.749267578125,-0.2705078125,Mouth closed
1713448584.915291,0.615234375,0.750732421875,-0.273193359375,Mouth closed
1713448584.955839,0.615966796875,0.750244140625,-0.272705078125,Mouth closed
1713448584.994102,0.614990234375,0.746337890625,-0.27099609375,Mouth closed
1713448585.034314,0.6123046875,0.74609375,-0.274658203125,Mouth closed
1713448585.074926,0.61328125,0.751220703125,-0.2705078125,Mouth closed
1713448585.11659,0.619384765625,0.754150390625,-0.27734375,Mouth closed
1713448585.15606,0.611572265625,0.745361328125,-0.273681640625,Mouth closed
1713448585.198435,0.6162109375,0.7451171875,-0.269287109375,Mouth closed
1713448585.235222,0.620361328125,0.751708984375,-0.269287109375,Mouth closed
1713448585.27941,0.6142578125,0.74853515625,-0.28173828125,Mouth closed
1713448585.316545,0.616943359375,0.749267578125,-0.277587890625,Mouth closed
1713448585.356059,0.616943359375,0.7509765625,-0.277587890625,Mouth closed
1713448585.396849,0.61328125,0.744140625,-0.272216796875,Mouth closed
1713448585.436875,0.6162109375,0.74755859375,-0.271240234375,Mouth closed
1713448585.476869,0.61767578125,0.752197265625,-0.27001953125,Mouth closed
1713448585.517172,0.6171875,0.7509765625,-0.27587890625,Mouth closed
1713448585.556019,0.6171875,0.75048828125,-0.2724609375,Mouth closed
1713448585.597396,0.61328125,0.749267578125,-0.265869140625,Mouth closed
1713448585.635167,0.616943359375,0.74658203125,-0.2734375,Mouth closed
1713448585.675197,0.6201171875,0.747802734375,-0.267333984375,Mouth closed
1713448585.716524,0.61376953125,0.744384765625,-0.273681640625,Mouth closed
1713448585.756275,0.61474609375,0.747314453125,-0.26806640625,Mouth closed
1713448585.797598,0.621337890625,0.753173828125,-0.271728515625,Mouth closed
1713448585.837766,0.6123046875,0.746826171875,-0.2724609375,Mouth closed
1713448585.879446,0.6162109375,0.748046875,-0.264892578125,Mouth closed
1713448585.919178,0.62255859375,0.753173828125,-0.267578125,Mouth closed
1713448585.960098,0.620849609375,0.75,-0.275146484375,Mouth closed
1713448586.000416,0.616455078125,0.74755859375,-0.270751953125,Mouth closed
1713448586.038374,0.6171875,0.75146484375,-0.27197265625,Mouth closed
1713448586.081015,0.617431640625,0.745849609375,-0.270751953125,Mouth closed
1713448586.122408,0.6171875,0.744873046875,-0.27197265625,Mouth closed
1713448586.163814,0.616943359375,0.7490234375,-0.2724609375,Mouth closed
1713448586.208611,0.614990234375,0.7470703125,-0.2705078125,Mouth closed
1713448586.237163,0.6162109375,0.75146484375,-0.27197265625,Mouth closed
1713448586.278493,0.616455078125,0.751953125,-0.271240234375,Mouth closed
1713448586.316441,0.6142578125,0.750244140625,-0.268798828125,Mouth closed
1713448586.359139,0.617919921875,0.749267578125,-0.26708984375,Mouth closed
1713448586.398823,0.61279296875,0.744873046875,-0.26953125,Mouth closed
1713448586.441775,0.61474609375,0.748046875,-0.266845703125,Mouth closed
1713448586.478886,0.619873046875,0.7548828125,-0.273193359375,Mouth closed
1713448586.518134,0.613525390625,0.74365234375,-0.269287109375,Mouth closed
1713448586.558069,0.614013671875,0.74755859375,-0.268798828125,Mouth closed
1713448586.599222,0.622802734375,0.751953125,-0.26611328125,Mouth closed
1713448586.640382,0.619140625,0.751953125,-0.26953125,Mouth closed
1713448586.679123,0.618408203125,0.75048828125,-0.27001953125,Mouth closed
1713448586.71915,0.617919921875,0.752685546875,-0.27099609375,Mouth closed
1713448586.758968,0.617919921875,0.746337890625,-0.269287109375,Mouth closed
1713448586.799168,0.61669921875,0.7470703125,-0.26708984375,Mouth closed
1713448586.841974,0.616455078125,0.750244140625,-0.268310546875,Mouth closed
1713448586.879147,0.615478515625,0.75,-0.27099609375,Mouth closed
1713448586.922959,0.614501953125,0.74658203125,-0.271728515625,Mouth closed
1713448586.958249,0.615478515625,0.74951171875,-0.269287109375,Mouth closed
1713448587.000694,0.61572265625,0.746826171875,-0.268798828125,Mouth closed
1713448587.04047,0.62158203125,0.748291015625,-0.270263671875,Mouth closed
1713448587.081317,0.620361328125,0.74560546875,-0.26904296875,Mouth closed
1713448587.123921,0.619384765625,0.751220703125,-0.266845703125,Mouth closed
1713448587.164206,0.619140625,0.754150390625,-0.271484375,Mouth closed
1713448587.204416,0.615234375,0.746337890625,-0.269287109375,Mouth closed
1713448587.245507,0.61767578125,0.743896484375,-0.269775390625,Mouth closed
1713448587.283991,0.622802734375,0.7470703125,-0.267333984375,Mouth closed
1713448587.32799,0.6220703125,0.746826171875,-0.271728515625,Mouth closed
1713448587.359054,0.619384765625,0.75146484375,-0.27099609375,Mouth closed
1713448587.401516,0.61962890625,0.7470703125,-0.270751953125,Mouth closed
1713448587.43978,0.61767578125,0.745849609375,-0.2685546875,Mouth closed
1713448587.493657,0.61865234375,0.74951171875,-0.268798828125,Mouth closed
1713448587.521701,0.61767578125,0.74755859375,-0.266357421875,Mouth closed
1713448587.558111,0.6142578125,0.74951171875,-0.268798828125,Mouth closed
1713448587.597944,0.619384765625,0.752685546875,-0.269775390625,Mouth closed
1713448587.637971,0.61962890625,0.7490234375,-0.266357421875,Mouth closed
1713448587.679155,0.61572265625,0.74658203125,-0.266357421875,Mouth closed
1713448587.720004,0.62451171875,0.74951171875,-0.26708984375,Mouth closed
1713448587.759352,0.619384765625,0.745849609375,-0.27197265625,Mouth closed
1713448587.800155,0.6220703125,0.757080078125,-0.26416015625,Mouth closed
1713448587.841249,0.61962890625,0.752197265625,-0.273681640625,Mouth closed
1713448587.880309,0.612548828125,0.744140625,-0.269775390625,Mouth closed
1713448587.922573,0.62109375,0.746337890625,-0.267578125,Mouth closed
1713448587.961642,0.619140625,0.74560546875,-0.269775390625,Mouth closed
1713448588.006159,0.61279296875,0.749267578125,-0.2685546875,Mouth closed
1713448588.049478,0.619384765625,0.75341796875,-0.271728515625,Mouth closed
1713448588.092214,0.61376953125,0.749755859375,-0.269775390625,Mouth closed
1713448588.121508,0.6162109375,0.747314453125,-0.268798828125,Mouth closed
1713448588.168875,0.619873046875,0.748046875,-0.265625,Mouth closed
1713448588.201916,0.616455078125,0.7509765625,-0.268310546875,Mouth closed
1713448588.245423,0.61572265625,0.749755859375,-0.27099609375,Mouth closed
1713448588.279865,0.61474609375,0.75390625,-0.2705078125,Mouth closed
1713448588.318885,0.61669921875,0.748779296875,-0.269287109375,Mouth closed
1713448588.37059,0.617919921875,0.74951171875,-0.2705078125,Mouth closed
1713448588.400746,0.621337890625,0.745361328125,-0.2705078125,Mouth closed
1713448588.442962,0.622802734375,0.7490234375,-0.271240234375,Mouth closed
1713448588.484804,0.62255859375,0.75390625,-0.2724609375,Mouth closed
1713448588.521662,0.61572265625,0.744873046875,-0.27294921875,Mouth closed
1713448588.561778,0.617431640625,0.743896484375,-0.265380859375,Mouth closed
1713448588.615099,0.625732421875,0.748291015625,-0.2646484375,Mouth closed
1713448588.643779,0.623291015625,0.75048828125,-0.270263671875,Mouth closed
1713448588.683168,0.619140625,0.74609375,-0.264404296875,Mouth closed
1713448588.724085,0.62548828125,0.751220703125,-0.267822265625,Mouth closed
1713448588.767678,0.6181640625,0.74853515625,-0.262939453125,Mouth closed
1713448588.802868,0.61865234375,0.749755859375,-0.263427734375,Mouth closed
1713448588.84198,0.616943359375,0.7509765625,-0.264892578125,Mouth closed
1713448588.880957,0.6201171875,0.753662109375,-0.26708984375,Mouth closed
1713448588.920937,0.617919921875,0.749755859375,-0.268798828125,Mouth closed
1713448588.976426,0.6181640625,0.752197265625,-0.26611328125,Mouth closed
1713448589.005459,0.622314453125,0.747314453125,-0.263427734375,Mouth closed
1713448589.047478,0.621337890625,0.745361328125,-0.264404296875,Mouth closed
1713448589.087255,0.619873046875,0.743408203125,-0.26318359375,Mouth closed
1713448589.132706,0.620849609375,0.74853515625,-0.265869140625,Mouth closed
1713448589.161921,0.62548828125,0.7548828125,-0.265380859375,Mouth closed
1713448589.201923,0.618408203125,0.748046875,-0.264892578125,Mouth closed
1713448589.243236,0.618896484375,0.745849609375,-0.26513671875,Mouth closed
1713448589.285297,0.622314453125,0.7490234375,-0.263916015625,Mouth closed
1713448589.325725,0.621826171875,0.74853515625,-0.268310546875,Mouth closed
1713448589.369082,0.617431640625,0.74609375,-0.265380859375,Mouth closed
1713448589.403173,0.62255859375,0.751708984375,-0.2685546875,Mouth closed
1713448589.443153,0.61767578125,0.750732421875,-0.264404296875,Mouth closed
1713448589.483051,0.6171875,0.748779296875,-0.267822265625,Mouth closed
1713448589.522349,0.6220703125,0.749267578125,-0.262451171875,Mouth closed
1713448589.565872,0.61962890625,0.74951171875,-0.26318359375,Mouth closed
1713448589.60145,0.618408203125,0.74853515625,-0.268310546875,Mouth closed
1713448589.640973,0.616455078125,0.747802734375,-0.26806640625,Mouth closed
1713448589.733083,0.62060546875,0.7490234375,-0.269287109375,Mouth closed
1713448589.733109,0.621337890625,0.745849609375,-0.26611328125,Mouth closed
1713448589.762084,0.6220703125,0.74609375,-0.270263671875,Mouth closed
1713448589.8169,0.621826171875,0.746826171875,-0.269287109375,Mouth closed
1713448589.843441,0.618408203125,0.75146484375,-0.270263671875,Mouth closed
1713448589.885241,0.615234375,0.750732421875,-0.272216796875,Mouth closed
1713448589.92566,0.614501953125,0.739990234375,-0.2734375,Mouth closed
1713448589.962927,0.620849609375,0.74462890625,-0.26806640625,Mouth closed
1713448590.004191,0.61767578125,0.7470703125,-0.266845703125,Mouth closed
1713448590.04396,0.61865234375,0.745849609375,-0.26318359375,Mouth closed
1713448590.08796,0.62109375,0.752685546875,-0.26708984375,Mouth closed
1713448590.124995,0.6162109375,0.744873046875,-0.266357421875,Mouth closed
1713448590.164387,0.61865234375,0.7509765625,-0.262451171875,Mouth closed
1713448590.203345,0.618896484375,0.748291015625,-0.262939453125,Mouth closed
1713448590.243139,0.6201171875,0.749755859375,-0.269775390625,Mouth closed
1713448590.283005,0.615478515625,0.751220703125,-0.271728515625,Mouth closed
1713448590.324612,0.6162109375,0.748779296875,-0.2744140625,Mouth closed
1713448590.366096,0.61328125,0.7509765625,-0.270263671875,Mouth closed
1713448590.405908,0.6171875,0.750244140625,-0.26904296875,Mouth closed
1713448590.448874,0.6181640625,0.74951171875,-0.27099609375,Mouth closed
1713448590.491061,0.622802734375,0.747802734375,-0.274658203125,Mouth closed
1713448590.529026,0.618896484375,0.750732421875,-0.2666015625,Mouth closed
1713448590.566667,0.623291015625,0.751220703125,-0.26904296875,Mouth closed
1713448590.610884,0.615966796875,0.744140625,-0.26806640625,Mouth closed
1713448590.652017,0.62158203125,0.74365234375,-0.263916015625,Mouth closed
1713448590.692158,0.62255859375,0.74609375,-0.26123046875,Mouth closed
1713448590.733407,0.623046875,0.748779296875,-0.263427734375,Mouth closed
1713448590.764865,0.62451171875,0.751220703125,-0.2646484375,Mouth closed
1713448590.808552,0.6181640625,0.751220703125,-0.266845703125,Mouth closed
1713448590.845528,0.615234375,0.748046875,-0.265380859375,Mouth closed
1713448590.893029,0.6162109375,0.747802734375,-0.266845703125,Mouth closed
1713448590.927606,0.618408203125,0.750244140625,-0.27001953125,Mouth closed
1713448590.964437,0.613037109375,0.754638671875,-0.27197265625,Mouth closed
1713448591.006876,0.61572265625,0.75244140625,-0.272216796875,Mouth closed
1713448591.060525,0.614013671875,0.75390625,-0.2685546875,Mouth closed
1713448591.085654,0.618896484375,0.748779296875,-0.26708984375,Mouth closed
1713448591.138788,0.617919921875,0.751220703125,-0.26318359375,Mouth closed
1713448591.167402,0.61279296875,0.743896484375,-0.26708984375,Mouth closed
1713448591.218833,0.61572265625,0.74853515625,-0.263427734375,Mouth closed
1713448591.249168,0.619873046875,0.7548828125,-0.271240234375,Mouth closed
1713448591.287813,0.6142578125,0.743896484375,-0.266845703125,Mouth closed
1713448591.32744,0.616455078125,0.745849609375,-0.26611328125,Mouth closed
1713448591.367513,0.623779296875,0.751220703125,-0.265869140625,Mouth closed
1713448591.408891,0.6201171875,0.748779296875,-0.277099609375,Mouth closed
1713448591.447438,0.6181640625,0.753173828125,-0.2734375,Mouth closed
1713448591.486069,0.61572265625,0.751220703125,-0.270263671875,Mouth closed
1713448591.525696,0.614013671875,0.745849609375,-0.267578125,Mouth closed
1713448591.564812,0.61376953125,0.74658203125,-0.2685546875,Mouth closed
1713448591.606925,0.619384765625,0.75341796875,-0.266357421875,Mouth closed
1713448591.689942,0.615966796875,0.755615234375,-0.268798828125,Mouth closed
1713448591.689979,0.61572265625,0.750732421875,-0.27197265625,Mouth closed
1713448591.725636,0.615966796875,0.751220703125,-0.266357421875,Mouth closed
1713448591.766189,0.61865234375,0.748046875,-0.26708984375,Mouth closed
1713448591.806239,0.619384765625,0.748291015625,-0.265869140625,Mouth closed
1713448591.845947,0.62255859375,0.74462890625,-0.266845703125,Mouth closed
1713448591.886829,0.619140625,0.75146484375,-0.26123046875,Mouth closed
1713448591.927285,0.624267578125,0.74951171875,-0.271484375,Mouth closed
1713448591.970819,0.6181640625,0.742431640625,-0.26611328125,Mouth closed
1713448592.008109,0.62109375,0.744384765625,-0.264404296875,Mouth closed
1713448592.048592,0.61962890625,0.74853515625,-0.267822265625,Mouth closed
1713448592.085837,0.625244140625,0.75,-0.272705078125,Mouth closed
1713448592.128617,0.6201171875,0.752197265625,-0.271728515625,Mouth closed
1713448592.165009,0.618408203125,0.750732421875,-0.269287109375,Mouth closed
1713448592.207811,0.61474609375,0.7470703125,-0.267822265625,Mouth closed
1713448592.245304,0.614501953125,0.7490234375,-0.266357421875,Mouth closed
1713448592.284822,0.617431640625,0.750732421875,-0.265869140625,Mouth closed
1713448592.329101,0.616455078125,0.75341796875,-0.26806640625,Mouth closed
1713448592.366512,0.6162109375,0.753662109375,-0.269287109375,Mouth closed
1713448592.406332,0.619384765625,0.750732421875,-0.264892578125,Mouth closed
1713448592.446781,0.61962890625,0.74853515625,-0.263671875,Mouth closed
1713448592.487213,0.61865234375,0.7490234375,-0.264892578125,Mouth closed
1713448592.528993,0.614990234375,0.747314453125,-0.26611328125,Mouth closed
1713448592.567721,0.6171875,0.75244140625,-0.263916015625,Mouth closed
1713448592.609235,0.621337890625,0.752197265625,-0.267578125,Mouth closed
1713448592.649479,0.612548828125,0.74755859375,-0.26611328125,Mouth closed
1713448592.690561,0.62060546875,0.7451171875,-0.267578125,Mouth closed
1713448592.730327,0.62548828125,0.7529296875,-0.263916015625,Mouth closed
1713448592.768191,0.6201171875,0.7490234375,-0.2685546875,Mouth closed
1713448592.812199,0.616943359375,0.747314453125,-0.268310546875,Mouth closed
1713448592.85347,0.62109375,0.75048828125,-0.268798828125,Mouth closed
1713448592.885972,0.614501953125,0.7509765625,-0.2666015625,Mouth closed
1713448592.935813,0.615478515625,0.74853515625,-0.266357421875,Mouth closed
1713448592.966985,0.615966796875,0.752685546875,-0.26513671875,Mouth closed
1713448593.012615,0.613525390625,0.751953125,-0.270263671875,Mouth closed
1713448593.046977,0.61279296875,0.7529296875,-0.27099609375,Mouth closed
1713448593.088717,0.61669921875,0.74853515625,-0.267822265625,Mouth closed
1713448593.129527,0.617919921875,0.748779296875,-0.26513671875,Mouth closed
1713448593.168388,0.62060546875,0.749267578125,-0.268798828125,Mouth closed
1713448593.211379,0.618408203125,0.747802734375,-0.26904296875,Mouth closed
1713448593.249387,0.62060546875,0.747314453125,-0.265869140625,Mouth closed
1713448593.289068,0.6201171875,0.75390625,-0.268310546875,Mouth closed
1713448593.328751,0.616455078125,0.7529296875,-0.269287109375,Mouth closed
1713448593.369672,0.614990234375,0.744873046875,-0.26806640625,Mouth closed
1713448593.409107,0.616943359375,0.74853515625,-0.26416015625,Mouth closed
1713448593.448015,0.62158203125,0.748779296875,-0.26708984375,Mouth closed
1713448593.486863,0.614501953125,0.748046875,-0.262939453125,Mouth closed
1713448593.528105,0.619384765625,0.75146484375,-0.270263671875,Mouth closed
1713448593.566812,0.62109375,0.75048828125,-0.266357421875,Mouth closed
1713448593.608171,0.61572265625,0.748291015625,-0.26611328125,Mouth closed
1713448593.647847,0.6162109375,0.75,-0.264892578125,Mouth closed
1713448593.687966,0.6181640625,0.75439453125,-0.266845703125,Mouth closed
1713448593.728106,0.6142578125,0.751953125,-0.266845703125,Mouth closed
1713448593.770013,0.615478515625,0.74951171875,-0.267578125,Mouth closed
1713448593.810047,0.61767578125,0.747802734375,-0.265380859375,Mouth closed
1713448593.852143,0.61865234375,0.751953125,-0.26171875,Mouth closed
1713448593.891105,0.617431640625,0.75146484375,-0.26416015625,Mouth closed
1713448593.933926,0.61767578125,0.7451171875,-0.2685546875,Mouth closed
1713448593.973215,0.614990234375,0.75048828125,-0.263916015625,Mouth closed
1713448594.01141,0.616455078125,0.755859375,-0.27001953125,Mouth closed
1713448594.054521,0.611572265625,0.744384765625,-0.2685546875,Mouth closed
1713448594.096049,0.6171875,0.74658203125,-0.2646484375,Mouth closed
1713448594.136139,0.622802734375,0.75146484375,-0.26123046875,Mouth closed
1713448594.178138,0.62109375,0.749755859375,-0.270263671875,Mouth closed
1713448594.20849,0.62109375,0.75390625,-0.26904296875,Mouth closed
1713448594.260092,0.6162109375,0.75048828125,-0.269287109375,Mouth closed
1713448594.28919,0.614990234375,0.74609375,-0.264892578125,Mouth closed
1713448594.330545,0.614990234375,0.74853515625,-0.263916015625,Mouth closed
1713448594.370278,0.61865234375,0.75390625,-0.2646484375,Mouth closed
1713448594.409812,0.615234375,0.75341796875,-0.269287109375,Mouth closed
1713448594.453268,0.614013671875,0.75390625,-0.271240234375,Mouth closed
1713448594.490013,0.61669921875,0.7509765625,-0.266357421875,Mouth closed
1713448594.533474,0.616455078125,0.75,-0.2646484375,Mouth closed
1713448594.570848,0.618408203125,0.75048828125,-0.26220703125,Mouth closed
1713448594.610711,0.614990234375,0.74658203125,-0.26611328125,Mouth closed
1713448594.651801,0.619384765625,0.750244140625,-0.262939453125,Mouth closed
1713448594.690735,0.621337890625,0.754638671875,-0.268310546875,Mouth closed
1713448594.730652,0.613525390625,0.7470703125,-0.2666015625,Mouth closed
1713448594.772442,0.61669921875,0.745361328125,-0.2646484375,Mouth closed
1713448594.810733,0.625244140625,0.75146484375,-0.263427734375,Mouth closed
1713448594.84956,0.62255859375,0.752197265625,-0.272705078125,Mouth closed
1713448594.889275,0.616943359375,0.74853515625,-0.269287109375,Mouth closed
1713448594.930661,0.620361328125,0.75439453125,-0.266357421875,Mouth closed
1713448594.970705,0.6181640625,0.749267578125,-0.2646484375,Mouth closed
1713448595.009812,0.616455078125,0.748779296875,-0.269287109375,Mouth open
1713448595.05123,0.614990234375,0.752685546875,-0.267578125,Mouth open
1713448595.093562,0.618896484375,0.751708984375,-0.267578125,Mouth open
1713448595.133919,0.613037109375,0.749755859375,-0.270751953125,Mouth open
1713448595.177665,0.617919921875,0.7509765625,-0.26611328125,Mouth open
1713448595.215924,0.618896484375,0.75146484375,-0.26708984375,Mouth open
1713448595.258289,0.621826171875,0.7509765625,-0.265380859375,Mouth open
1713448595.298664,0.621337890625,0.74853515625,-0.26953125,Mouth open
1713448595.341105,0.6201171875,0.747314453125,-0.266845703125,Mouth open
1713448595.370793,0.62255859375,0.75537109375,-0.26806640625,Mouth open
1713448595.419043,0.6181640625,0.750732421875,-0.265869140625,Mouth open
1713448595.451789,0.6142578125,0.74365234375,-0.26611328125,Mouth open
1713448595.490204,0.61767578125,0.747802734375,-0.26318359375,Mouth open
1713448595.529246,0.618896484375,0.751953125,-0.265625,Mouth open
1713448595.573503,0.61328125,0.74658203125,-0.26416015625,Mouth open
1713448595.612108,0.622802734375,0.7509765625,-0.26953125,Mouth open
1713448595.654844,0.6162109375,0.750244140625,-0.262939453125,Mouth open
1713448595.68976,0.617431640625,0.74658203125,-0.265380859375,Mouth open
1713448595.736651,0.61572265625,0.751708984375,-0.266357421875,Mouth open
1713448595.770656,0.61669921875,0.752685546875,-0.266357421875,Mouth open
1713448595.810785,0.614013671875,0.751708984375,-0.2705078125,Mouth open
1713448595.852109,0.61474609375,0.75341796875,-0.267822265625,Mouth open
1713448595.893187,0.618408203125,0.751220703125,-0.266845703125,Mouth open
1713448595.932439,0.62060546875,0.7529296875,-0.264404296875,Mouth open
1713448595.971775,0.622802734375,0.7490234375,-0.267578125,Mouth open
1713448596.011971,0.616455078125,0.74560546875,-0.269287109375,Mouth open
1713448596.050704,0.6201171875,0.748291015625,-0.2666015625,Mouth open
1713448596.089784,0.620849609375,0.75341796875,-0.266845703125,Mouth open
1713448596.129233,0.615234375,0.751220703125,-0.26708984375,Mouth open
1713448596.169741,0.614013671875,0.74609375,-0.26806640625,Mouth open
1713448596.210196,0.619873046875,0.752197265625,-0.262451171875,Mouth open
1713448596.252345,0.62158203125,0.751708984375,-0.26611328125,Mouth open
1713448596.291792,0.615478515625,0.74755859375,-0.263916015625,Mouth open
1713448596.334826,0.620849609375,0.751220703125,-0.268310546875,Mouth open
1713448596.375782,0.61572265625,0.74853515625,-0.265869140625,Mouth open
1713448596.417226,0.619140625,0.745849609375,-0.2646484375,Mouth open
1713448596.457902,0.61669921875,0.753173828125,-0.263916015625,Mouth open
1713448596.494384,0.61572265625,0.753173828125,-0.266357421875,Mouth open
1713448596.537994,0.615234375,0.75244140625,-0.27294921875,Mouth open
1713448596.574441,0.61767578125,0.7490234375,-0.26806640625,Mouth open
1713448596.612783,0.619873046875,0.751708984375,-0.26708984375,Mouth open
1713448596.660506,0.615966796875,0.7490234375,-0.267822265625,Mouth open
1713448596.692465,0.616943359375,0.74755859375,-0.26220703125,Mouth open
1713448596.746127,0.619873046875,0.750732421875,-0.26220703125,Mouth open
1713448596.770732,0.62060546875,0.751953125,-0.265625,Mouth open
1713448596.8116,0.619384765625,0.75341796875,-0.261474609375,Mouth open
1713448596.851048,0.618896484375,0.75537109375,-0.26416015625,Mouth open
1713448596.893021,0.614501953125,0.74755859375,-0.263916015625,Mouth open
1713448596.932194,0.617431640625,0.74609375,-0.262451171875,Mouth open
1713448596.975238,0.625244140625,0.751708984375,-0.259033203125,Mouth open
1713448597.013538,0.620849609375,0.748779296875,-0.267578125,Mouth open
1713448597.056515,0.619873046875,0.75048828125,-0.265869140625,Mouth open
1713448597.099249,0.620361328125,0.74951171875,-0.268310546875,Mouth open
1713448597.132905,0.613525390625,0.751220703125,-0.266845703125,Mouth open
1713448597.173848,0.614501953125,0.749267578125,-0.265869140625,Mouth open
1713448597.213753,0.612060546875,0.75390625,-0.265380859375,Mouth open
1713448597.253608,0.614990234375,0.75537109375,-0.271484375,Mouth open
1713448597.293812,0.615966796875,0.75244140625,-0.268310546875,Mouth open
1713448597.33303,0.6142578125,0.750732421875,-0.263916015625,Mouth open
1713448597.372553,0.6181640625,0.753173828125,-0.263671875,Mouth open
1713448597.411638,0.61572265625,0.748291015625,-0.2646484375,Mouth open
1713448597.451987,0.6181640625,0.750732421875,-0.261962890625,Mouth open
1713448597.493419,0.614013671875,0.74853515625,-0.265625,Mouth open
1713448597.532809,0.617431640625,0.75,-0.260009765625,Mouth open
1713448597.575382,0.6181640625,0.75537109375,-0.273193359375,Mouth open
1713448597.615907,0.60986328125,0.745361328125,-0.26806640625,Mouth open
1713448597.688551,0.61474609375,0.749755859375,-0.26318359375,Mouth open
1713448597.707503,0.619384765625,0.75732421875,-0.266357421875,Mouth open
1713448597.734817,0.616943359375,0.749267578125,-0.271484375,Mouth open
1713448597.775336,0.614990234375,0.75439453125,-0.270751953125,Mouth open
1713448597.819728,0.62060546875,0.753662109375,-0.267333984375,Mouth open
1713448597.854233,0.616943359375,0.749755859375,-0.264404296875,Mouth open
1713448597.893767,0.616943359375,0.74951171875,-0.26220703125,Mouth open
1713448597.934672,0.616943359375,0.754150390625,-0.2646484375,Mouth open
1713448597.974194,0.613037109375,0.75390625,-0.26953125,Mouth open
1713448598.013686,0.6123046875,0.75341796875,-0.270263671875,Mouth open
1713448598.052736,0.61572265625,0.7529296875,-0.2666015625,Mouth open
1713448598.092186,0.614501953125,0.75048828125,-0.263916015625,Mouth open
1713448598.132359,0.61865234375,0.75146484375,-0.265625,Mouth open
1713448598.176147,0.620361328125,0.7509765625,-0.267578125,Mouth open
1713448598.218827,0.62158203125,0.7490234375,-0.267333984375,Mouth open
1713448598.254713,0.617431640625,0.750732421875,-0.26220703125,Mouth open
1713448598.292856,0.61962890625,0.75244140625,-0.26806640625,Mouth open
1713448598.338508,0.611572265625,0.74853515625,-0.266845703125,Mouth open
1713448598.374224,0.619140625,0.750244140625,-0.26318359375,Mouth open
1713448598.416063,0.62158203125,0.75146484375,-0.261474609375,Mouth open
1713448598.456412,0.62060546875,0.74951171875,-0.26904296875,Mouth open
1713448598.493904,0.618896484375,0.754150390625,-0.264404296875,Mouth open
1713448598.535424,0.617431640625,0.751953125,-0.263671875,Mouth open
1713448598.573673,0.61669921875,0.747314453125,-0.2626953125,Mouth open
1713448598.613601,0.6171875,0.74853515625,-0.262939453125,Mouth open
1713448598.658467,0.619140625,0.756103515625,-0.26416015625,Mouth open
1713448598.700892,0.6181640625,0.753662109375,-0.269287109375,Mouth open
1713448598.731787,0.61669921875,0.75390625,-0.26904296875,Mouth open
1713448598.779959,0.6162109375,0.752197265625,-0.265625,Mouth open
1713448598.813511,0.616455078125,0.749755859375,-0.264892578125,Mouth open
1713448598.856592,0.61767578125,0.7470703125,-0.26171875,Mouth open
1713448598.896626,0.621826171875,0.751953125,-0.265625,Mouth open
1713448598.933866,0.617431640625,0.748779296875,-0.27099609375,Mouth open
1713448598.97422,0.616943359375,0.751953125,-0.262939453125,Mouth open
1713448599.013787,0.6201171875,0.755126953125,-0.266845703125,Mouth open
1713448599.054566,0.615234375,0.75048828125,-0.2646484375,Mouth open
1713448599.094758,0.619873046875,0.750244140625,-0.264404296875,Mouth open
1713448599.137852,0.623779296875,0.7509765625,-0.2607421875,Mouth open
1713448599.175602,0.62060546875,0.747314453125,-0.265380859375,Mouth open
1713448599.215787,0.62158203125,0.751708984375,-0.2646484375,Mouth open
1713448599.255301,0.619384765625,0.7509765625,-0.264892578125,Mouth open
1713448599.293639,0.615478515625,0.748291015625,-0.26513671875,Mouth open
1713448599.337194,0.61669921875,0.751220703125,-0.264892578125,Mouth open
1713448599.372711,0.615234375,0.7509765625,-0.265380859375,Mouth open
1713448599.412983,0.615478515625,0.752685546875,-0.26806640625,Mouth open
1713448599.466113,0.617431640625,0.755615234375,-0.266845703125,Mouth open
1713448599.493101,0.618896484375,0.7509765625,-0.264404296875,Mouth open
1713448599.535697,0.615966796875,0.748046875,-0.2705078125,Mouth open
1713448599.578286,0.61669921875,0.74560546875,-0.27197265625,Mouth open
1713448599.614195,0.622314453125,0.74560546875,-0.26220703125,Mouth open
1713448599.655132,0.621337890625,0.7392578125,-0.263671875,Mouth open
1713448599.695573,0.6279296875,0.745849609375,-0.259521484375,Mouth open
1713448599.735241,0.628173828125,0.752197265625,-0.260009765625,Mouth open
1713448599.773997,0.61572265625,0.7509765625,-0.2685546875,Mouth open
1713448599.823077,0.614501953125,0.748779296875,-0.269775390625,Mouth open
1713448599.855235,0.621337890625,0.75146484375,-0.261962890625,Mouth open
1713448599.903082,0.620849609375,0.751953125,-0.271240234375,Mouth open
1713448599.935085,0.61181640625,0.75,-0.271728515625,Mouth open
1713448599.978041,0.61572265625,0.752197265625,-0.27734375,Mouth open
1713448600.012696,0.610107421875,0.75146484375,-0.2724609375,Mouth open
1713448600.052118,0.6142578125,0.74951171875,-0.270263671875,Mouth open
1713448600.091831,0.6181640625,0.755615234375,-0.272705078125,Mouth open
1713448600.134692,0.609375,0.75537109375,-0.272705078125,Mouth open
1713448600.173571,0.61328125,0.75341796875,-0.275390625,Mouth open
1713448600.212642,0.61328125,0.74951171875,-0.275390625,Mouth open
1713448600.253726,0.61328125,0.750244140625,-0.270263671875,Mouth open
1713448600.293601,0.615966796875,0.7490234375,-0.2666015625,Mouth open
1713448600.33459,0.61767578125,0.751708984375,-0.266357421875,Mouth open
1713448600.375277,0.613525390625,0.746826171875,-0.267333984375,Mouth open
1713448600.417097,0.612060546875,0.751708984375,-0.263427734375,Mouth open
1713448600.468921,0.61669921875,0.755615234375,-0.271728515625,Mouth open
1713448600.49832,0.612060546875,0.74755859375,-0.270751953125,Mouth open
1713448600.534368,0.61328125,0.749755859375,-0.26611328125,Mouth open
1713448600.57389,0.61962890625,0.75341796875,-0.264892578125,Mouth open
1713448600.613806,0.62255859375,0.752197265625,-0.269287109375,Mouth open
1713448600.656746,0.6181640625,0.752685546875,-0.2685546875,Mouth open
1713448600.696135,0.61767578125,0.755859375,-0.271728515625,Mouth open
1713448600.733226,0.61572265625,0.74951171875,-0.26611328125,Mouth open
1713448600.773832,0.613037109375,0.75,-0.265625,Mouth open
1713448600.814412,0.613525390625,0.75439453125,-0.26806640625,Mouth open
1713448600.854886,0.61328125,0.75830078125,-0.270263671875,Mouth open
1713448600.894726,0.6103515625,0.7548828125,-0.2705078125,Mouth open
1713448600.934586,0.61474609375,0.75341796875,-0.267578125,Mouth open
1713448600.975644,0.6171875,0.751708984375,-0.26708984375,Mouth open
1713448601.016365,0.61865234375,0.749755859375,-0.270263671875,Mouth open
1713448601.060994,0.61767578125,0.747314453125,-0.26904296875,Mouth open
1713448601.097565,0.614501953125,0.7490234375,-0.271484375,Mouth open
1713448601.138646,0.62060546875,0.758544921875,-0.273681640625,Mouth open
1713448601.17556,0.615478515625,0.748779296875,-0.268310546875,Mouth open
1713448601.215896,0.61328125,0.7451171875,-0.26171875,Mouth open
1713448601.257522,0.617919921875,0.752685546875,-0.264404296875,Mouth open
1713448601.29369,0.6181640625,0.75390625,-0.271484375,Mouth open
1713448601.334487,0.610595703125,0.7509765625,-0.26904296875,Mouth open
1713448601.372709,0.6201171875,0.75439453125,-0.271728515625,Mouth open
1713448601.413094,0.616455078125,0.748291015625,-0.265625,Mouth open
1713448601.453585,0.61572265625,0.744873046875,-0.268798828125,Mouth open
1713448601.496054,0.618896484375,0.751708984375,-0.26318359375,Mouth open
1713448601.536913,0.617431640625,0.752685546875,-0.269775390625,Mouth open
1713448601.574593,0.615234375,0.7548828125,-0.271240234375,Mouth open
1713448601.61481,0.614990234375,0.752685546875,-0.2666015625,Mouth open
1713448601.655772,0.616455078125,0.752197265625,-0.2646484375,Mouth open
1713448601.699125,0.619384765625,0.75,-0.267822265625,Mouth open
1713448601.741728,0.6181640625,0.746337890625,-0.269775390625,Mouth open
1713448601.78187,0.61767578125,0.749267578125,-0.268798828125,Mouth open
1713448601.820579,0.62109375,0.755859375,-0.26806640625,Mouth open
1713448601.859992,0.615966796875,0.74853515625,-0.267333984375,Mouth open
1713448601.897826,0.615478515625,0.746337890625,-0.267822265625,Mouth open
1713448601.937919,0.61767578125,0.74658203125,-0.264892578125,Mouth open
1713448601.974939,0.617919921875,0.748291015625,-0.269775390625,Mouth open
1713448602.014758,0.615234375,0.747802734375,-0.264892578125,Mouth open
1713448602.054799,0.61865234375,0.753173828125,-0.270263671875,Mouth open
1713448602.096816,0.611572265625,0.75146484375,-0.26806640625,Mouth open
1713448602.135705,0.61474609375,0.7490234375,-0.267333984375,Mouth open
1713448602.175612,0.6181640625,0.75146484375,-0.267578125,Mouth open
1713448602.216592,0.61376953125,0.756591796875,-0.268310546875,Mouth open
1713448602.256613,0.614013671875,0.75439453125,-0.27197265625,Mouth open
1713448602.297647,0.615478515625,0.75390625,-0.2685546875,Mouth open
1713448602.343122,0.615966796875,0.752685546875,-0.267333984375,Mouth open
1713448602.377473,0.61328125,0.748291015625,-0.263671875,Mouth open
1713448602.416531,0.62109375,0.7509765625,-0.2724609375,Mouth open
1713448602.457538,0.61962890625,0.74853515625,-0.267822265625,Mouth open
1713448602.500587,0.617919921875,0.75244140625,-0.266357421875,Mouth open
1713448602.537351,0.618896484375,0.752197265625,-0.270263671875,Mouth open
1713448602.576483,0.61083984375,0.74560546875,-0.268310546875,Mouth open
1713448602.615636,0.61962890625,0.746826171875,-0.266845703125,Mouth open
1713448602.659672,0.618896484375,0.74609375,-0.2666015625,Mouth open
1713448602.697679,0.617431640625,0.7470703125,-0.2685546875,Mouth open
1713448602.737917,0.62109375,0.750732421875,-0.268798828125,Mouth open
1713448602.776928,0.616455078125,0.750244140625,-0.266357421875,Mouth open
1713448602.816445,0.61181640625,0.7470703125,-0.2685546875,Mouth open
1713448602.856652,0.6162109375,0.74951171875,-0.268310546875,Mouth open
1713448602.899429,0.61572265625,0.75244140625,-0.267333984375,Mouth open
1713448602.937881,0.615234375,0.750244140625,-0.269775390625,Mouth open
1713448602.978019,0.614013671875,0.75244140625,-0.2705078125,Mouth open
1713448603.018529,0.616943359375,0.75341796875,-0.267578125,Mouth open
1713448603.058628,0.62109375,0.75048828125,-0.267333984375,Mouth open
1713448603.100613,0.620361328125,0.75048828125,-0.267822265625,Mouth open
1713448603.138505,0.6171875,0.747314453125,-0.27001953125,Mouth open
1713448603.179272,0.616943359375,0.747314453125,-0.267578125,Mouth open
1713448603.217649,0.621337890625,0.75537109375,-0.267822265625,Mouth open
1713448603.257033,0.615234375,0.749755859375,-0.270751953125,Mouth open
1713448603.296733,0.61279296875,0.745849609375,-0.27197265625,Mouth open
1713448603.338143,0.621337890625,0.7470703125,-0.26611328125,Mouth open
1713448603.377496,0.620361328125,0.750732421875,-0.267822265625,Mouth open
1713448603.419278,0.61376953125,0.74560546875,-0.268798828125,Mouth open
1713448603.460048,0.61865234375,0.753173828125,-0.273681640625,Mouth open
1713448603.500957,0.615966796875,0.74755859375,-0.269775390625,Mouth open
1713448603.544033,0.6181640625,0.7490234375,-0.269775390625,Mouth open
1713448603.57944,0.61083984375,0.7529296875,-0.26611328125,Mouth open
1713448603.619553,0.615234375,0.753662109375,-0.267822265625,Mouth open
1713448603.661584,0.61328125,0.753173828125,-0.271484375,Mouth open
1713448603.699614,0.617919921875,0.7529296875,-0.270751953125,Mouth open
1713448603.739691,0.617431640625,0.75146484375,-0.269775390625,Mouth open
1713448603.780537,0.615966796875,0.747802734375,-0.267333984375,Mouth open
1713448603.820509,0.6181640625,0.751708984375,-0.265869140625,Mouth open
1713448603.859395,0.618408203125,0.7490234375,-0.26611328125,Mouth open
1713448603.899681,0.61376953125,0.74462890625,-0.267822265625,Mouth open
1713448603.938571,0.615234375,0.752197265625,-0.26318359375,Mouth open
1713448603.981076,0.62353515625,0.755615234375,-0.2744140625,Mouth open
1713448604.02137,0.610107421875,0.74560546875,-0.269287109375,Mouth open
1713448604.059677,0.614990234375,0.7451171875,-0.26513671875,Mouth open
1713448604.099812,0.622314453125,0.75537109375,-0.261962890625,Mouth open
1713448604.140491,0.6220703125,0.752197265625,-0.27490234375,Mouth open
1713448604.180216,0.617919921875,0.751708984375,-0.269287109375,Mouth open
1713448604.220749,0.61669921875,0.75,-0.26953125,Mouth open
1713448604.260964,0.6142578125,0.7490234375,-0.269287109375,Mouth open
1713448604.302219,0.613037109375,0.746826171875,-0.268798828125,Mouth open
1713448604.345077,0.613037109375,0.752197265625,-0.27001953125,Mouth open
1713448604.382687,0.613037109375,0.753173828125,-0.273681640625,Mouth open
1713448604.422802,0.614990234375,0.752197265625,-0.272216796875,Mouth open
1713448604.461973,0.614013671875,0.7529296875,-0.269775390625,Mouth open
1713448604.5023,0.61767578125,0.7509765625,-0.26953125,Mouth open
1713448604.540838,0.617919921875,0.75146484375,-0.265625,Mouth open
1713448604.583007,0.621826171875,0.752685546875,-0.263671875,Mouth open
1713448604.621321,0.621337890625,0.7509765625,-0.267578125,Mouth open
1713448604.661414,0.617431640625,0.74853515625,-0.2666015625,Mouth open
1713448604.700905,0.623291015625,0.75537109375,-0.2685546875,Mouth open
1713448604.741023,0.616943359375,0.750732421875,-0.26904296875,Mouth open
1713448604.780805,0.61669921875,0.744384765625,-0.268310546875,Mouth open
1713448604.820879,0.620849609375,0.7529296875,-0.26708984375,Mouth open
1713448604.861427,0.616943359375,0.7490234375,-0.27294921875,Mouth open
1713448604.901471,0.614990234375,0.751220703125,-0.269287109375,Mouth open
1713448604.942066,0.62109375,0.754638671875,-0.27001953125,Mouth open
1713448604.982665,0.61376953125,0.74755859375,-0.265625,Mouth open
1713448605.022896,0.614013671875,0.747314453125,-0.269775390625,Mouth open
1713448605.061527,0.614990234375,0.750732421875,-0.265380859375,Mouth open
1713448605.102596,0.6162109375,0.755615234375,-0.27001953125,Mouth open
1713448605.141472,0.616455078125,0.753173828125,-0.268798828125,Mouth open
1713448605.181966,0.615966796875,0.751708984375,-0.2626953125,Mouth open
1713448605.22069,0.619873046875,0.75048828125,-0.26318359375,Mouth open
1713448605.260301,0.61962890625,0.748779296875,-0.265625,Mouth open
1713448605.299482,0.615966796875,0.748291015625,-0.265380859375,Mouth open
1713448605.342935,0.61865234375,0.750732421875,-0.2646484375,Mouth open
1713448605.384266,0.61572265625,0.7451171875,-0.27197265625,Mouth open
1713448605.424359,0.61328125,0.748779296875,-0.26513671875,Mouth open
1713448605.464307,0.61865234375,0.754638671875,-0.2705078125,Mouth open
1713448605.502574,0.61572265625,0.749755859375,-0.267822265625,Mouth open
1713448605.543028,0.61328125,0.74755859375,-0.269287109375,Mouth open
1713448605.58216,0.61865234375,0.7548828125,-0.263427734375,Mouth open
1713448605.642327,0.62158203125,0.75146484375,-0.2666015625,Mouth open
1713448605.668624,0.618408203125,0.7451171875,-0.265625,Mouth open
1713448605.712566,0.61865234375,0.748291015625,-0.26806640625,Mouth open
1713448605.742413,0.618408203125,0.749755859375,-0.266357421875,Mouth open
1713448605.791511,0.615478515625,0.7509765625,-0.26708984375,Mouth open
1713448605.820573,0.61767578125,0.751708984375,-0.26318359375,Mouth open
1713448605.870738,0.611572265625,0.753662109375,-0.271728515625,Mouth open
1713448605.899966,0.61572265625,0.751953125,-0.267578125,Mouth open
1713448605.949906,0.6181640625,0.751220703125,-0.270751953125,Mouth open
1713448605.980604,0.616943359375,0.7509765625,-0.263427734375,Mouth open
1713448606.028104,0.61669921875,0.748046875,-0.266845703125,Mouth open
1713448606.067648,0.619140625,0.747802734375,-0.265380859375,Mouth open
1713448606.110452,0.620361328125,0.7509765625,-0.273193359375,Mouth open
1713448606.148283,0.619384765625,0.74658203125,-0.267333984375,Mouth open
1713448606.184738,0.614990234375,0.74951171875,-0.26513671875,Mouth open
1713448606.228051,0.61767578125,0.75537109375,-0.26953125,Mouth open
1713448606.26969,0.615234375,0.748046875,-0.266357421875,Mouth open
1713448606.308534,0.618408203125,0.744873046875,-0.26904296875,Mouth open
1713448606.34426,0.62109375,0.749267578125,-0.2646484375,Mouth open
1713448606.385832,0.62255859375,0.751220703125,-0.26953125,Mouth open
1713448606.42722,0.61962890625,0.748291015625,-0.26611328125,Mouth open
1713448606.466466,0.6181640625,0.74853515625,-0.267822265625,Mouth open
1713448606.506717,0.615966796875,0.7490234375,-0.26806640625,Mouth open
1713448606.546942,0.61767578125,0.74853515625,-0.268798828125,Mouth open
1713448606.5894,0.6142578125,0.753173828125,-0.270751953125,Mouth open
1713448606.627254,0.6123046875,0.751708984375,-0.271484375,Mouth open
1713448606.667017,0.612548828125,0.748779296875,-0.271484375,Mouth open
1713448606.702414,0.617431640625,0.7529296875,-0.267333984375,Mouth open
1713448606.743363,0.61865234375,0.751708984375,-0.263916015625,Mouth open
1713448606.784511,0.620361328125,0.749267578125,-0.264892578125,Mouth open
1713448606.822333,0.6240234375,0.7470703125,-0.265869140625,Mouth open
1713448606.864528,0.6201171875,0.745361328125,-0.272216796875,Mouth open
1713448606.905034,0.61865234375,0.746337890625,-0.26611328125,Mouth open
1713448606.943319,0.61962890625,0.753662109375,-0.26171875,Mouth open
1713448606.986706,0.620361328125,0.752685546875,-0.270751953125,Mouth open
1713448607.023335,0.61279296875,0.746337890625,-0.267578125,Mouth open
1713448607.065028,0.619140625,0.748291015625,-0.262939453125,Mouth open
1713448607.111067,0.615966796875,0.746337890625,-0.268798828125,Mouth open
1713448607.144984,0.614501953125,0.748779296875,-0.27001953125,Mouth open
1713448607.182412,0.617919921875,0.7509765625,-0.273193359375,Mouth open
1713448607.225709,0.6181640625,0.750244140625,-0.267822265625,Mouth open
1713448607.261337,0.614501953125,0.7509765625,-0.27001953125,Mouth open
1713448607.312517,0.615966796875,0.75244140625,-0.265380859375,Mouth open
1713448607.342329,0.614013671875,0.756103515625,-0.260986328125,Mouth open
1713448607.393622,0.61572265625,0.753173828125,-0.27001953125,Mouth open
1713448607.423368,0.614990234375,0.753662109375,-0.266845703125,Mouth open
1713448607.466001,0.614501953125,0.7529296875,-0.2666015625,Mouth open
1713448607.512115,0.61767578125,0.75244140625,-0.262939453125,Mouth open
1713448607.54857,0.618896484375,0.751220703125,-0.265625,Mouth open
1713448607.59129,0.617919921875,0.74853515625,-0.266357421875,Mouth open
1713448607.627073,0.614990234375,0.746826171875,-0.268798828125,Mouth open
1713448607.670275,0.617431640625,0.753662109375,-0.26513671875,Mouth open
1713448607.713064,0.617431640625,0.7578125,-0.272216796875,Mouth open
1713448607.744491,0.609375,0.747802734375,-0.267578125,Mouth open
1713448607.797253,0.61669921875,0.7470703125,-0.263427734375,Mouth open
1713448607.823332,0.6201171875,0.7529296875,-0.267333984375,Mouth open
1713448607.864006,0.61669921875,0.74951171875,-0.277587890625,Mouth open
1713448607.903277,0.6162109375,0.7529296875,-0.267822265625,Mouth open
1713448607.946231,0.6201171875,0.754150390625,-0.265869140625,Mouth open
1713448607.985153,0.615234375,0.746337890625,-0.265380859375,Mouth open
1713448608.028471,0.61865234375,0.74853515625,-0.265869140625,Mouth open
1713448608.066011,0.61669921875,0.75244140625,-0.2685546875,Mouth open
1713448608.103574,0.6123046875,0.75048828125,-0.27685546875,Mouth open
1713448608.143519,0.610595703125,0.75048828125,-0.273681640625,Mouth open
1713448608.185284,0.617431640625,0.750732421875,-0.266845703125,Mouth open
1713448608.223517,0.617431640625,0.753173828125,-0.26806640625,Mouth open
1713448608.264955,0.6201171875,0.748046875,-0.268798828125,Mouth open
1713448608.30504,0.62158203125,0.7509765625,-0.271728515625,Mouth open
1713448608.34456,0.622314453125,0.747314453125,-0.271484375,Mouth open
1713448608.384866,0.618896484375,0.750732421875,-0.26708984375,Mouth open
1713448608.423906,0.62060546875,0.751220703125,-0.268310546875,Mouth open
1713448608.465878,0.61279296875,0.746826171875,-0.263671875,Mouth open
1713448608.50574,0.61767578125,0.747802734375,-0.263427734375,Mouth open
1713448608.542091,0.61474609375,0.752685546875,-0.26904296875,Mouth open
1713448608.58147,0.6162109375,0.753662109375,-0.26953125,Mouth open
1713448608.625604,0.61572265625,0.751708984375,-0.272705078125,Mouth open
1713448608.662595,0.616943359375,0.75,-0.269287109375,Mouth open
1713448608.710585,0.614013671875,0.74609375,-0.270263671875,Mouth open
1713448608.743821,0.618408203125,0.751708984375,-0.26904296875,Mouth open
1713448608.782384,0.614501953125,0.75244140625,-0.266845703125,Mouth open
1713448608.823665,0.61474609375,0.75341796875,-0.270751953125,Mouth open
1713448608.864313,0.611328125,0.75146484375,-0.270263671875,Mouth open
1713448608.903276,0.6171875,0.7548828125,-0.265869140625,Mouth open
1713448608.946714,0.617919921875,0.7490234375,-0.265869140625,Mouth open
1713448608.985429,0.619873046875,0.748779296875,-0.265625,Mouth open
1713448609.028224,0.61181640625,0.74609375,-0.266845703125,Mouth open
1713448609.06673,0.614501953125,0.749267578125,-0.267822265625,Mouth open
1713448609.102469,0.619384765625,0.754150390625,-0.269287109375,Mouth open
1713448609.142854,0.614013671875,0.750732421875,-0.270751953125,Mouth open
1713448609.183311,0.611083984375,0.743408203125,-0.27099609375,Mouth open
1713448609.222813,0.61767578125,0.751953125,-0.265869140625,Mouth open
1713448609.263604,0.620361328125,0.753662109375,-0.26904296875,Mouth open
1713448609.303345,0.616943359375,0.747314453125,-0.266845703125,Mouth open
1713448609.344009,0.61669921875,0.75341796875,-0.268310546875,Mouth open
1713448609.384846,0.614501953125,0.750244140625,-0.267333984375,Mouth open
1713448609.424549,0.61328125,0.751220703125,-0.2685546875,Mouth open
1713448609.465974,0.615234375,0.75439453125,-0.26708984375,Mouth open
1713448609.50675,0.613037109375,0.75439453125,-0.267333984375,Mouth open
1713448609.545028,0.6142578125,0.754150390625,-0.2724609375,Mouth open
1713448609.585338,0.614013671875,0.751220703125,-0.268798828125,Mouth open
1713448609.625784,0.617431640625,0.7509765625,-0.26611328125,Mouth open
1713448609.666565,0.61865234375,0.748291015625,-0.26708984375,Mouth open
1713448609.708498,0.619873046875,0.749267578125,-0.265869140625,Mouth open
1713448609.748678,0.613037109375,0.747802734375,-0.26806640625,Mouth open
1713448609.790679,0.614990234375,0.75146484375,-0.269775390625,Mouth open
1713448609.823507,0.620361328125,0.754638671875,-0.269775390625,Mouth open
1713448609.8664,0.616455078125,0.751220703125,-0.26953125,Mouth open
1713448609.904968,0.612548828125,0.74462890625,-0.271484375,Mouth open
1713448609.94894,0.6162109375,0.749755859375,-0.266357421875,Mouth open
1713448609.987557,0.62060546875,0.753173828125,-0.267578125,Mouth open
1713448610.03875,0.614501953125,0.74951171875,-0.270263671875,Mouth closed
1713448610.065488,0.621337890625,0.7509765625,-0.271240234375,Mouth closed
1713448610.10608,0.617919921875,0.747802734375,-0.267822265625,Mouth closed
1713448610.145221,0.615966796875,0.750732421875,-0.26904296875,Mouth closed
1713448610.186823,0.61376953125,0.75146484375,-0.267333984375,Mouth closed
1713448610.226008,0.614013671875,0.753173828125,-0.269287109375,Mouth closed
1713448610.266269,0.614990234375,0.7529296875,-0.271240234375,Mouth closed
1713448610.308257,0.615234375,0.75439453125,-0.266845703125,Mouth closed
1713448610.345916,0.618408203125,0.751708984375,-0.266845703125,Mouth closed
1713448610.385355,0.61572265625,0.7490234375,-0.267333984375,Mouth closed
1713448610.425134,0.619140625,0.750732421875,-0.2666015625,Mouth closed
1713448610.466962,0.61279296875,0.746337890625,-0.2646484375,Mouth closed
1713448610.51252,0.613525390625,0.75,-0.265625,Mouth closed
1713448610.546348,0.62060546875,0.755859375,-0.269287109375,Mouth closed
1713448610.594482,0.607666015625,0.74951171875,-0.2685546875,Mouth closed
1713448610.628206,0.614501953125,0.74755859375,-0.267578125,Mouth closed
1713448610.667269,0.621826171875,0.75244140625,-0.2626953125,Mouth closed
1713448610.708065,0.62060546875,0.75146484375,-0.271240234375,Mouth closed
1713448610.747859,0.614990234375,0.751220703125,-0.26953125,Mouth closed
1713448610.787537,0.6181640625,0.7529296875,-0.269287109375,Mouth closed
1713448610.82849,0.61376953125,0.747802734375,-0.267578125,Mouth closed
1713448610.867617,0.6142578125,0.746826171875,-0.268798828125,Mouth closed
1713448610.908197,0.613525390625,0.756103515625,-0.26904296875,Mouth closed
1713448610.951444,0.615234375,0.755126953125,-0.2705078125,Mouth closed
1713448610.993776,0.611572265625,0.753173828125,-0.26904296875,Mouth closed
1713448611.030674,0.616943359375,0.75341796875,-0.2666015625,Mouth closed
1713448611.07234,0.618896484375,0.75341796875,-0.264892578125,Mouth closed
1713448611.110328,0.6162109375,0.747314453125,-0.262939453125,Mouth closed
1713448611.151853,0.621826171875,0.7490234375,-0.267822265625,Mouth closed
1713448611.188835,0.619873046875,0.750244140625,-0.267578125,Mouth closed
1713448611.230901,0.62109375,0.754150390625,-0.266357421875,Mouth closed
1713448611.270044,0.615234375,0.749755859375,-0.27001953125,Mouth closed
1713448611.312166,0.614013671875,0.743896484375,-0.265869140625,Mouth closed
1713448611.35,0.6181640625,0.749267578125,-0.262939453125,Mouth closed
1713448611.391967,0.61572265625,0.752197265625,-0.268310546875,Mouth closed
1713448611.428624,0.6123046875,0.749267578125,-0.26416015625,Mouth closed
1713448611.471347,0.62060546875,0.75390625,-0.26806640625,Mouth closed
1713448611.510069,0.6181640625,0.751708984375,-0.26513671875,Mouth closed
1713448611.550255,0.617431640625,0.7470703125,-0.263671875,Mouth closed
1713448611.59183,0.615966796875,0.752197265625,-0.26416015625,Mouth closed
1713448611.629417,0.614013671875,0.753173828125,-0.270263671875,Mouth closed
1713448611.668255,0.6123046875,0.753662109375,-0.269775390625,Mouth closed
1713448611.708817,0.616943359375,0.75244140625,-0.26513671875,Mouth closed
1713448611.749597,0.61962890625,0.75146484375,-0.2626953125,Mouth closed
1713448611.79532,0.6201171875,0.7470703125,-0.26123046875,Mouth closed
1713448611.828165,0.6240234375,0.7470703125,-0.2646484375,Mouth closed
1713448611.86814,0.62060546875,0.744873046875,-0.267822265625,Mouth closed
1713448611.908658,0.616455078125,0.748779296875,-0.263916015625,Mouth closed
1713448611.949797,0.623779296875,0.752197265625,-0.27197265625,Mouth closed
1713448611.988249,0.615234375,0.74462890625,-0.267333984375,Mouth closed
1713448612.02931,0.620361328125,0.747802734375,-0.265625,Mouth closed
1713448612.069296,0.620849609375,0.7470703125,-0.26513671875,Mouth closed
1713448612.110685,0.619384765625,0.747802734375,-0.27001953125,Mouth closed
1713448612.150557,0.618408203125,0.755126953125,-0.267333984375,Mouth closed
1713448612.189451,0.61767578125,0.75244140625,-0.263916015625,Mouth closed
1713448612.233981,0.614013671875,0.7509765625,-0.264892578125,Mouth closed
1713448612.275956,0.615234375,0.750244140625,-0.264892578125,Mouth closed
1713448612.309505,0.617919921875,0.75634765625,-0.26513671875,Mouth closed
1713448612.355263,0.614013671875,0.75537109375,-0.268798828125,Mouth closed
1713448612.388143,0.617919921875,0.754638671875,-0.267822265625,Mouth closed
1713448612.433552,0.6171875,0.75146484375,-0.270263671875,Mouth closed
1713448612.470688,0.6181640625,0.751708984375,-0.26513671875,Mouth closed
1713448612.513466,0.617431640625,0.74609375,-0.2646484375,Mouth closed
1713448612.551315,0.62109375,0.74951171875,-0.268798828125,Mouth closed
1713448612.592692,0.617919921875,0.7451171875,-0.2685546875,Mouth closed
1713448612.629373,0.61865234375,0.753662109375,-0.26513671875,Mouth closed
1713448612.67151,0.618408203125,0.753662109375,-0.271484375,Mouth closed
1713448612.709176,0.6123046875,0.748779296875,-0.269287109375,Mouth closed
1713448612.750357,0.61767578125,0.747314453125,-0.26318359375,Mouth closed
1713448612.791493,0.624755859375,0.755126953125,-0.261962890625,Mouth closed
1713448612.837336,0.620361328125,0.75048828125,-0.26806640625,Mouth closed
1713448612.871698,0.615966796875,0.74951171875,-0.268310546875,Mouth closed
1713448612.924154,0.618896484375,0.7509765625,-0.26708984375,Mouth closed
1713448612.949469,0.617431640625,0.75146484375,-0.26416015625,Mouth closed
1713448612.989275,0.619873046875,0.748046875,-0.26513671875,Mouth closed
1713448613.039688,0.617919921875,0.751708984375,-0.26708984375,Mouth closed
1713448613.067838,0.61669921875,0.75537109375,-0.268310546875,Mouth closed
1713448613.109161,0.615478515625,0.75390625,-0.26708984375,Mouth closed
1713448613.148474,0.615478515625,0.755126953125,-0.265380859375,Mouth closed
1713448613.190629,0.61474609375,0.75048828125,-0.266845703125,Mouth closed
1713448613.229543,0.618408203125,0.74951171875,-0.260986328125,Mouth closed
1713448613.269208,0.619140625,0.7470703125,-0.262451171875,Mouth closed
1713448613.310088,0.6171875,0.750732421875,-0.263671875,Mouth closed
1713448613.350089,0.617919921875,0.75048828125,-0.26904296875,Mouth closed
1713448613.390658,0.616943359375,0.751220703125,-0.26513671875,Mouth closed
1713448613.433616,0.619873046875,0.754638671875,-0.267333984375,Mouth closed
1713448613.472298,0.614501953125,0.749755859375,-0.267822265625,Mouth closed
1713448613.512468,0.61572265625,0.74951171875,-0.268798828125,Mouth closed
1713448613.551819,0.621337890625,0.7529296875,-0.26171875,Mouth closed
1713448613.593252,0.621826171875,0.75244140625,-0.26806640625,Mouth closed
1713448613.629543,0.617919921875,0.7490234375,-0.264892578125,Mouth closed
1713448613.672837,0.6220703125,0.753173828125,-0.26806640625,Mouth closed
1713448613.70915,0.614013671875,0.749267578125,-0.2666015625,Mouth closed
1713448613.748217,0.614501953125,0.7509765625,-0.268310546875,Mouth closed
1713448613.788271,0.613525390625,0.75146484375,-0.266357421875,Mouth closed
1713448613.828096,0.6123046875,0.756103515625,-0.2666015625,Mouth closed
1713448613.869076,0.61328125,0.751708984375,-0.2705078125,Mouth closed
1713448613.912315,0.61376953125,0.7509765625,-0.267822265625,Mouth closed
1713448613.949184,0.6162109375,0.752197265625,-0.264404296875,Mouth closed
1713448613.991823,0.61572265625,0.752685546875,-0.265869140625,Mouth closed
1713448614.030402,0.617431640625,0.751953125,-0.264404296875,Mouth closed
1713448614.071477,0.62060546875,0.750244140625,-0.26904296875,Mouth closed
1713448614.110056,0.6162109375,0.74658203125,-0.270751953125,Mouth closed
1713448614.150791,0.615234375,0.74853515625,-0.269287109375,Mouth closed
1713448614.190341,0.623046875,0.758056640625,-0.267822265625,Mouth closed
1713448614.230323,0.6103515625,0.752197265625,-0.271484375,Mouth closed
1713448614.269274,0.61181640625,0.74658203125,-0.264892578125,Mouth closed
1713448614.309085,0.6162109375,0.751953125,-0.26220703125,Mouth closed
1713448614.347272,0.6181640625,0.7509765625,-0.26611328125,Mouth closed
1713448614.390599,0.609375,0.748291015625,-0.267822265625,Mouth closed
1713448614.429794,0.619873046875,0.751953125,-0.2734375,Mouth closed
1713448614.471035,0.61572265625,0.7490234375,-0.267333984375,Mouth closed
1713448614.509597,0.613525390625,0.7451171875,-0.26318359375,Mouth closed
1713448614.550445,0.618408203125,0.751220703125,-0.266357421875,Mouth closed
1713448614.58908,0.616943359375,0.759521484375,-0.268310546875,Mouth closed
1713448614.637175,0.615478515625,0.754150390625,-0.27197265625,Mouth closed
1713448614.671557,0.615966796875,0.750244140625,-0.268310546875,Mouth closed
1713448614.709048,0.6142578125,0.751220703125,-0.265869140625,Mouth closed
1713448614.750032,0.617431640625,0.74755859375,-0.263427734375,Mouth closed
1713448614.791894,0.621337890625,0.74853515625,-0.26806640625,Mouth closed
1713448614.83005,0.617919921875,0.74609375,-0.26953125,Mouth closed
1713448614.870164,0.617431640625,0.74560546875,-0.270263671875,Mouth closed
1713448614.908436,0.6171875,0.7470703125,-0.262451171875,Mouth closed
1713448614.948447,0.62060546875,0.752685546875,-0.27001953125,Mouth closed
1713448614.988246,0.615966796875,0.748291015625,-0.27001953125,Mouth closed
1713448615.028936,0.618896484375,0.74609375,-0.264892578125,Mouth closed
1713448615.068248,0.623046875,0.754150390625,-0.26611328125,Mouth closed
1713448615.109399,0.622314453125,0.751953125,-0.2734375,Mouth closed
1713448615.149145,0.620849609375,0.74951171875,-0.2666015625,Mouth closed
1713448615.189137,0.62451171875,0.752197265625,-0.26611328125,Mouth closed
1713448615.229065,0.62744140625,0.744140625,-0.261962890625,Mouth closed
1713448615.269062,0.613525390625,0.74462890625,-0.276611328125,Mouth closed
1713448615.311513,0.6142578125,0.755126953125,-0.26220703125,Mouth closed
1713448615.352597,0.60888671875,0.82861328125,-0.282470703125,Mouth closed
1713448615.391059,0.609619140625,0.7421875,-0.26416015625,Mouth closed
1713448615.431459,0.62548828125,0.74462890625,-0.26416015625,Mouth closed
1713448615.471135,0.622314453125,0.74853515625,-0.263427734375,Mouth closed
1713448615.511691,0.62158203125,0.749267578125,-0.26123046875,Mouth closed
1713448615.551091,0.62548828125,0.747802734375,-0.26416015625,Mouth closed
1713448615.590922,0.62841796875,0.745849609375,-0.268310546875,Mouth closed
1713448615.630181,0.62060546875,0.74755859375,-0.26806640625,Mouth closed
1713448615.670942,0.62158203125,0.7509765625,-0.26416015625,Mouth closed
1713448615.709195,0.617431640625,0.750244140625,-0.267822265625,Mouth closed
1713448615.75037,0.615478515625,0.748779296875,-0.269287109375,Mouth closed
1713448615.790925,0.61767578125,0.7470703125,-0.266845703125,Mouth closed
1713448615.830716,0.621826171875,0.746337890625,-0.26123046875,Mouth closed
1713448615.872341,0.621826171875,0.747314453125,-0.264404296875,Mouth closed
1713448615.912668,0.623779296875,0.747314453125,-0.265625,Mouth closed
1713448615.951158,0.624755859375,0.74853515625,-0.263427734375,Mouth closed
1713448615.998765,0.6201171875,0.7451171875,-0.26220703125,Mouth closed
1713448616.031206,0.62060546875,0.7490234375,-0.262939453125,Mouth closed
1713448616.072384,0.619873046875,0.751953125,-0.26416015625,Mouth closed
1713448616.112532,0.61572265625,0.75341796875,-0.26806640625,Mouth closed
1713448616.152457,0.6162109375,0.750732421875,-0.267333984375,Mouth closed
1713448616.192375,0.621337890625,0.749755859375,-0.266357421875,Mouth closed
1713448616.230258,0.619140625,0.750244140625,-0.263671875,Mouth closed
1713448616.269034,0.618896484375,0.747314453125,-0.26416015625,Mouth closed
1713448616.311652,0.62451171875,0.745849609375,-0.262451171875,Mouth closed
1713448616.350024,0.6171875,0.741943359375,-0.264404296875,Mouth closed
1713448616.391158,0.618408203125,0.747314453125,-0.260498046875,Mouth closed
1713448616.431287,0.62353515625,0.75439453125,-0.262939453125,Mouth closed
1713448616.474708,0.61962890625,0.753173828125,-0.264892578125,Mouth closed
1713448616.511061,0.61767578125,0.747314453125,-0.26611328125,Mouth closed
1713448616.553373,0.623291015625,0.751708984375,-0.261962890625,Mouth closed
1713448616.591705,0.62109375,0.748291015625,-0.263671875,Mouth closed
1713448616.632501,0.6171875,0.748779296875,-0.260009765625,Mouth closed
1713448616.672287,0.62353515625,0.751220703125,-0.262451171875,Mouth closed
1713448616.712757,0.620849609375,0.747314453125,-0.26220703125,Mouth closed
1713448616.753541,0.617919921875,0.74951171875,-0.26220703125,Mouth closed
1713448616.796978,0.620361328125,0.750732421875,-0.258544921875,Mouth closed
1713448616.833083,0.616943359375,0.75146484375,-0.264892578125,Mouth closed
1713448616.874838,0.6171875,0.751953125,-0.2685546875,Mouth closed
1713448616.911978,0.61474609375,0.75146484375,-0.266357421875,Mouth closed
1713448616.952354,0.61962890625,0.74853515625,-0.264404296875,Mouth closed
1713448616.991986,0.616943359375,0.746826171875,-0.26318359375,Mouth closed
1713448617.033993,0.62158203125,0.748291015625,-0.261962890625,Mouth closed
1713448617.072966,0.621826171875,0.749267578125,-0.267333984375,Mouth closed
1713448617.114687,0.622314453125,0.748291015625,-0.2646484375,Mouth closed
1713448617.15356,0.620849609375,0.754150390625,-0.264892578125,Mouth closed
1713448617.195412,0.615478515625,0.7509765625,-0.265869140625,Mouth closed
1713448617.236391,0.615478515625,0.74462890625,-0.261962890625,Mouth closed
1713448617.274975,0.620849609375,0.750244140625,-0.258544921875,Mouth closed
1713448617.314153,0.615478515625,0.75048828125,-0.26416015625,Mouth closed
1713448617.356097,0.613525390625,0.7490234375,-0.263671875,Mouth closed
1713448617.395329,0.62548828125,0.74951171875,-0.262939453125,Mouth closed
1713448617.435355,0.618408203125,0.747314453125,-0.264892578125,Mouth closed
1713448617.475439,0.6181640625,0.74560546875,-0.26171875,Mouth closed
1713448617.517677,0.62060546875,0.75048828125,-0.261962890625,Mouth closed
1713448617.554188,0.6171875,0.75439453125,-0.26513671875,Mouth closed
1713448617.592077,0.6201171875,0.75244140625,-0.2666015625,Mouth closed
1713448617.632995,0.62060546875,0.750732421875,-0.260498046875,Mouth closed
1713448617.677344,0.622314453125,0.750732421875,-0.25830078125,Mouth closed
1713448617.712941,0.625,0.749267578125,-0.260009765625,Mouth closed
1713448617.754157,0.6240234375,0.749755859375,-0.265380859375,Mouth closed
1713448617.79433,0.625244140625,0.748291015625,-0.262939453125,Mouth closed
1713448617.835409,0.6220703125,0.754150390625,-0.263427734375,Mouth closed
1713448617.874973,0.6220703125,0.750732421875,-0.264892578125,Mouth closed
1713448617.916047,0.62109375,0.746337890625,-0.256591796875,Mouth closed
1713448617.956008,0.623291015625,0.74755859375,-0.257080078125,Mouth closed
1713448617.99931,0.62255859375,0.747802734375,-0.261962890625,Mouth closed
1713448618.035165,0.617431640625,0.745849609375,-0.262451171875,Mouth closed
1713448618.076386,0.62353515625,0.75341796875,-0.26513671875,Mouth closed
1713448618.116129,0.6240234375,0.746826171875,-0.26171875,Mouth closed
1713448618.157509,0.616455078125,0.748291015625,-0.26416015625,Mouth closed
1713448618.197762,0.621826171875,0.751708984375,-0.260498046875,Mouth closed
1713448618.239806,0.622802734375,0.751953125,-0.259765625,Mouth closed
1713448618.279538,0.621826171875,0.751953125,-0.26611328125,Mouth closed
1713448618.317635,0.6201171875,0.75146484375,-0.26416015625,Mouth closed
1713448618.362324,0.623046875,0.74951171875,-0.26025390625,Mouth closed
1713448618.396587,0.6220703125,0.74560546875,-0.2607421875,Mouth closed
1713448618.435886,0.6259765625,0.748291015625,-0.26220703125,Mouth closed
1713448618.48019,0.626953125,0.748046875,-0.265625,Mouth closed
1713448618.518441,0.623291015625,0.752685546875,-0.25927734375,Mouth closed
1713448618.557853,0.6220703125,0.75048828125,-0.26416015625,Mouth closed
1713448618.598003,0.62060546875,0.74853515625,-0.26513671875,Mouth closed
1713448618.639984,0.62158203125,0.746826171875,-0.263427734375,Mouth closed
1713448618.678096,0.6240234375,0.749267578125,-0.259033203125,Mouth closed
1713448618.718016,0.6220703125,0.7470703125,-0.26806640625,Mouth closed
1713448618.760096,0.62255859375,0.750244140625,-0.26513671875,Mouth closed
1713448618.798752,0.619384765625,0.748779296875,-0.261474609375,Mouth closed
1713448618.840931,0.616943359375,0.748046875,-0.25830078125,Mouth closed
1713448618.877071,0.619873046875,0.749755859375,-0.26318359375,Mouth closed
1713448618.916626,0.619873046875,0.752685546875,-0.259765625,Mouth closed
1713448618.956076,0.61669921875,0.7529296875,-0.26123046875,Mouth closed
1713448618.996059,0.617919921875,0.75,-0.26318359375,Mouth closed
1713448619.03749,0.62109375,0.750244140625,-0.26171875,Mouth closed
1713448619.077767,0.621826171875,0.74853515625,-0.259521484375,Mouth closed
1713448619.117442,0.62158203125,0.743896484375,-0.259765625,Mouth closed
1713448619.159188,0.619384765625,0.74267578125,-0.261962890625,Mouth closed
1713448619.199214,0.617431640625,0.749267578125,-0.2607421875,Mouth closed
1713448619.241723,0.622802734375,0.754150390625,-0.264892578125,Mouth closed
1713448619.282574,0.619384765625,0.74755859375,-0.261474609375,Mouth closed
1713448619.324381,0.62060546875,0.745849609375,-0.2646484375,Mouth closed
1713448619.365423,0.623779296875,0.750732421875,-0.26220703125,Mouth closed
1713448619.407655,0.625,0.746826171875,-0.2646484375,Mouth closed
1713448619.438904,0.62109375,0.748779296875,-0.262451171875,Mouth closed
1713448619.481442,0.626708984375,0.74951171875,-0.263427734375,Mouth closed
1713448619.519339,0.62353515625,0.74560546875,-0.2626953125,Mouth closed
1713448619.57245,0.622802734375,0.74755859375,-0.263427734375,Mouth closed
1713448619.598062,0.61767578125,0.7509765625,-0.262451171875,Mouth closed
1713448619.639741,0.618896484375,0.75,-0.26513671875,Mouth closed
1713448619.678982,0.618408203125,0.749755859375,-0.266357421875,Mouth closed
1713448619.721549,0.620361328125,0.74951171875,-0.267333984375,Mouth closed
1713448619.760038,0.62158203125,0.7509765625,-0.265380859375,Mouth closed
1713448619.802648,0.623779296875,0.74658203125,-0.261474609375,Mouth closed
1713448619.841537,0.622314453125,0.742919921875,-0.261962890625,Mouth closed
1713448619.884461,0.620361328125,0.741943359375,-0.26123046875,Mouth closed
1713448619.923716,0.619384765625,0.744873046875,-0.259765625,Mouth closed
1713448619.958932,0.6279296875,0.755126953125,-0.26416015625,Mouth closed
1713448619.999063,0.61962890625,0.747314453125,-0.26318359375,Mouth closed
1713448620.03999,0.619384765625,0.744873046875,-0.259765625,Mouth closed
1713448620.080691,0.623779296875,0.74853515625,-0.25830078125,Mouth closed
1713448620.12028,0.625244140625,0.74951171875,-0.265625,Mouth closed
1713448620.160122,0.6240234375,0.749755859375,-0.265625,Mouth closed
1713448620.197891,0.62158203125,0.75146484375,-0.2646484375,Mouth closed
1713448620.237478,0.619873046875,0.744873046875,-0.2626953125,Mouth closed
1713448620.278112,0.619140625,0.74609375,-0.260986328125,Mouth closed
1713448620.318723,0.61865234375,0.75,-0.263916015625,Mouth closed
1713448620.359546,0.6171875,0.754638671875,-0.267822265625,Mouth closed
1713448620.399647,0.61865234375,0.753173828125,-0.26806640625,Mouth closed
1713448620.43895,0.6201171875,0.7509765625,-0.262939453125,Mouth closed
1713448620.479119,0.618408203125,0.748291015625,-0.26123046875,Mouth closed
1713448620.519105,0.619384765625,0.7470703125,-0.263427734375,Mouth closed
1713448620.55889,0.625244140625,0.74755859375,-0.262451171875,Mouth closed
1713448620.601712,0.6220703125,0.748046875,-0.2646484375,Mouth closed
1713448620.654019,0.627685546875,0.7529296875,-0.25927734375,Mouth closed
1713448620.680258,0.619384765625,0.746826171875,-0.263671875,Mouth closed
1713448620.720945,0.612060546875,0.744873046875,-0.26513671875,Mouth closed
1713448620.761836,0.623291015625,0.748779296875,-0.26171875,Mouth closed
1713448620.803756,0.6240234375,0.749267578125,-0.265869140625,Mouth closed
1713448620.840843,0.61865234375,0.7451171875,-0.26904296875,Mouth closed
1713448620.879919,0.62451171875,0.748779296875,-0.267333984375,Mouth closed
1713448620.921106,0.6181640625,0.74853515625,-0.263427734375,Mouth closed
1713448620.960085,0.62158203125,0.74560546875,-0.26025390625,Mouth closed
1713448620.999891,0.622314453125,0.7509765625,-0.260009765625,Mouth closed
1713448621.041778,0.61767578125,0.753662109375,-0.264404296875,Mouth closed
1713448621.081031,0.614990234375,0.748046875,-0.269287109375,Mouth closed
1713448621.12207,0.615478515625,0.7490234375,-0.265625,Mouth closed
1713448621.162063,0.616943359375,0.75048828125,-0.2626953125,Mouth closed
1713448621.202298,0.62158203125,0.745361328125,-0.261474609375,Mouth closed
1713448621.241964,0.622314453125,0.749267578125,-0.259765625,Mouth closed
1713448621.286868,0.623291015625,0.7451171875,-0.263916015625,Mouth closed
1713448621.321797,0.6220703125,0.74658203125,-0.2607421875,Mouth closed
1713448621.366015,0.62255859375,0.748046875,-0.26513671875,Mouth closed
1713448621.403562,0.61865234375,0.74365234375,-0.26025390625,Mouth closed
1713448621.443352,0.6220703125,0.743896484375,-0.261474609375,Mouth closed
1713448621.483068,0.62646484375,0.750732421875,-0.258056640625,Mouth closed
1713448621.520903,0.62646484375,0.748779296875,-0.26513671875,Mouth closed
1713448621.561093,0.62646484375,0.74853515625,-0.2607421875,Mouth closed
1713448621.604254,0.624267578125,0.751708984375,-0.260986328125,Mouth closed
1713448621.641927,0.622802734375,0.74462890625,-0.25927734375,Mouth closed
1713448621.681781,0.62109375,0.7490234375,-0.26171875,Mouth closed
1713448621.722332,0.6181640625,0.75146484375,-0.267578125,Mouth closed
1713448621.763639,0.619384765625,0.7529296875,-0.262939453125,Mouth closed
1713448621.802866,0.622314453125,0.7529296875,-0.259521484375,Mouth closed
1713448621.845307,0.622802734375,0.7529296875,-0.25732421875,Mouth closed
1713448621.886403,0.6220703125,0.749267578125,-0.25927734375,Mouth closed
1713448621.923856,0.625732421875,0.746826171875,-0.258056640625,Mouth closed
1713448621.963863,0.620361328125,0.7421875,-0.25927734375,Mouth closed
1713448622.005953,0.62158203125,0.743408203125,-0.260009765625,Mouth closed
1713448622.055605,0.62744140625,0.748779296875,-0.263427734375,Mouth closed
1713448622.084062,0.611572265625,0.751708984375,-0.263916015625,Mouth closed
1713448622.13337,0.619873046875,0.746826171875,-0.26220703125,Mouth closed
1713448622.171522,0.625244140625,0.74560546875,-0.2646484375,Mouth closed
1713448622.211379,0.6220703125,0.7490234375,-0.26416015625,Mouth closed
1713448622.249232,0.621337890625,0.746826171875,-0.264892578125,Mouth closed
1713448622.284135,0.622314453125,0.752197265625,-0.269287109375,Mouth closed
1713448622.329933,0.618896484375,0.752197265625,-0.27001953125,Mouth closed
1713448622.367934,0.613037109375,0.749755859375,-0.270263671875,Mouth closed
1713448622.405109,0.614013671875,0.7509765625,-0.2646484375,Mouth closed
1713448622.445071,0.62353515625,0.7578125,-0.262451171875,Mouth closed
1713448622.484985,0.6142578125,0.74951171875,-0.269775390625,Mouth closed
1713448622.526562,0.619140625,0.748779296875,-0.2666015625,Mouth closed
1713448622.565209,0.621337890625,0.7431640625,-0.265869140625,Mouth closed
1713448622.611071,0.6162109375,0.74365234375,-0.267578125,Mouth closed
1713448622.648433,0.6259765625,0.74072265625,-0.268798828125,Mouth closed
1713448622.686952,0.623779296875,0.73974609375,-0.2685546875,Mouth closed
1713448622.726454,0.62353515625,0.744873046875,-0.267578125,Mouth closed
1713448622.767513,0.616455078125,0.744873046875,-0.271484375,Mouth closed
1713448622.805947,0.619873046875,0.7392578125,-0.272705078125,Mouth closed
1713448622.846132,0.6298828125,0.741455078125,-0.268798828125,Mouth closed
1713448622.885007,0.623779296875,0.74169921875,-0.267333984375,Mouth closed
1713448622.923898,0.6220703125,0.74560546875,-0.26416015625,Mouth closed
1713448622.964062,0.621826171875,0.744873046875,-0.267333984375,Mouth closed
1713448623.005238,0.629150390625,0.7431640625,-0.2705078125,Mouth closed
1713448623.044938,0.627197265625,0.74560546875,-0.261962890625,Mouth closed
1713448623.087096,0.61865234375,0.748046875,-0.267578125,Mouth closed
1713448623.125629,0.617919921875,0.750244140625,-0.271728515625,Mouth closed
1713448623.165878,0.61962890625,0.749267578125,-0.2705078125,Mouth closed
1713448623.20475,0.620849609375,0.746826171875,-0.2626953125,Mouth closed
1713448623.247241,0.61962890625,0.744873046875,-0.265869140625,Mouth closed
1713448623.290183,0.619140625,0.744140625,-0.2607421875,Mouth closed
1713448623.326769,0.625,0.748046875,-0.257080078125,Mouth closed
1713448623.367029,0.62841796875,0.751708984375,-0.2626953125,Mouth closed
1713448623.406722,0.622802734375,0.75,-0.263427734375,Mouth closed
1713448623.458859,0.62060546875,0.746337890625,-0.262451171875,Mouth closed
1713448623.486891,0.625244140625,0.749267578125,-0.261474609375,Mouth closed
1713448623.529441,0.623046875,0.74560546875,-0.26416015625,Mouth closed
1713448623.565842,0.618896484375,0.748779296875,-0.26025390625,Mouth closed
1713448623.616165,0.622314453125,0.752197265625,-0.262939453125,Mouth closed
1713448623.64486,0.615478515625,0.749267578125,-0.26611328125,Mouth closed
1713448623.68841,0.6181640625,0.749755859375,-0.264404296875,Mouth closed
1713448623.733091,0.62060546875,0.751220703125,-0.26220703125,Mouth closed
1713448623.76808,0.619140625,0.7509765625,-0.262939453125,Mouth closed
1713448623.810353,0.61328125,0.751220703125,-0.26318359375,Mouth closed
1713448623.849643,0.614990234375,0.75048828125,-0.265869140625,Mouth closed
1713448623.887297,0.614501953125,0.7470703125,-0.261962890625,Mouth closed
1713448623.930383,0.61865234375,0.74951171875,-0.261962890625,Mouth closed
1713448623.974543,0.625244140625,0.75537109375,-0.26123046875,Mouth closed
1713448624.013362,0.61962890625,0.748291015625,-0.264404296875,Mouth closed
1713448624.05157,0.619384765625,0.7451171875,-0.266357421875,Mouth closed
1713448624.091146,0.626708984375,0.748779296875,-0.265625,Mouth closed
1713448624.128516,0.627197265625,0.750244140625,-0.266357421875,Mouth closed
1713448624.167389,0.61865234375,0.748291015625,-0.259033203125,Mouth closed
1713448624.205675,0.6220703125,0.746826171875,-0.269775390625,Mouth closed
1713448624.246442,0.616455078125,0.74951171875,-0.26513671875,Mouth closed
1713448624.29418,0.617431640625,0.745361328125,-0.265869140625,Mouth closed
1713448624.334473,0.6171875,0.75146484375,-0.262451171875,Mouth closed
1713448624.373248,0.616455078125,0.75146484375,-0.265380859375,Mouth closed
1713448624.412952,0.615478515625,0.748046875,-0.2705078125,Mouth closed
1713448624.450407,0.619873046875,0.75341796875,-0.26708984375,Mouth closed
1713448624.487655,0.616943359375,0.74951171875,-0.265625,Mouth closed
1713448624.527861,0.6181640625,0.752685546875,-0.2626953125,Mouth closed
1713448624.567726,0.623046875,0.751708984375,-0.268310546875,Mouth closed
1713448624.608094,0.6142578125,0.7412109375,-0.26513671875,Mouth closed
1713448624.649326,0.620361328125,0.744140625,-0.26513671875,Mouth closed
1713448624.688971,0.620361328125,0.74658203125,-0.265380859375,Mouth closed
1713448624.72871,0.618896484375,0.7490234375,-0.264892578125,Mouth closed
1713448624.770561,0.6240234375,0.75390625,-0.2685546875,Mouth closed
1713448624.811688,0.614013671875,0.750244140625,-0.2646484375,Mouth closed
1713448624.848121,0.615234375,0.748046875,-0.26171875,Mouth closed
1713448624.888297,0.6171875,0.751708984375,-0.26123046875,Mouth closed
1713448624.928437,0.619140625,0.754638671875,-0.2646484375,Mouth closed
1713448624.970166,0.61376953125,0.75244140625,-0.267333984375,Mouth closed
1713448625.010446,0.61669921875,0.7509765625,-0.26611328125,Mouth open
1713448625.049123,0.620849609375,0.75,-0.261474609375,Mouth open
1713448625.094866,0.62255859375,0.749755859375,-0.262451171875,Mouth open
1713448625.130939,0.62646484375,0.758056640625,-0.263671875,Mouth open
1713448625.171618,0.617919921875,0.749755859375,-0.264892578125,Mouth open
1713448625.21346,0.61669921875,0.74609375,-0.260009765625,Mouth open
1713448625.251765,0.6201171875,0.750244140625,-0.258056640625,Mouth open
1713448625.289785,0.6240234375,0.75048828125,-0.264404296875,Mouth open
1713448625.330622,0.618896484375,0.747314453125,-0.2626953125,Mouth open
1713448625.370739,0.62060546875,0.75,-0.26513671875,Mouth open
1713448625.415902,0.62109375,0.749267578125,-0.259521484375,Mouth open
1713448625.452336,0.618896484375,0.749755859375,-0.260009765625,Mouth open
1713448625.492985,0.618896484375,0.750244140625,-0.260498046875,Mouth open
1713448625.528691,0.620849609375,0.753173828125,-0.263671875,Mouth open
1713448625.569317,0.61865234375,0.752685546875,-0.26513671875,Mouth open
1713448625.609236,0.61767578125,0.748779296875,-0.265380859375,Mouth open
1713448625.659913,0.615966796875,0.746826171875,-0.2646484375,Mouth open
1713448625.689648,0.6162109375,0.746826171875,-0.258056640625,Mouth open
1713448625.732813,0.62109375,0.7529296875,-0.26513671875,Mouth open
1713448625.774325,0.615234375,0.74853515625,-0.2646484375,Mouth open
1713448625.809703,0.62060546875,0.7451171875,-0.265869140625,Mouth open
1713448625.850731,0.62158203125,0.74951171875,-0.2626953125,Mouth open
1713448625.891066,0.623291015625,0.75,-0.267578125,Mouth open
1713448625.930939,0.61865234375,0.746826171875,-0.26318359375,Mouth open
1713448625.972038,0.619873046875,0.7529296875,-0.261962890625,Mouth open
1713448626.012864,0.615234375,0.754638671875,-0.264404296875,Mouth open
1713448626.052076,0.615966796875,0.752197265625,-0.26171875,Mouth open
1713448626.093788,0.615234375,0.752197265625,-0.2607421875,Mouth open
1713448626.133226,0.61572265625,0.75537109375,-0.26708984375,Mouth open
1713448626.170963,0.614501953125,0.753662109375,-0.266357421875,Mouth open
1713448626.210792,0.616943359375,0.75,-0.26708984375,Mouth open
1713448626.251558,0.618896484375,0.749755859375,-0.269775390625,Mouth open
1713448626.291622,0.617431640625,0.74755859375,-0.26171875,Mouth open
1713448626.331897,0.62109375,0.755859375,-0.262451171875,Mouth open
1713448626.372185,0.6201171875,0.751220703125,-0.265869140625,Mouth open
1713448626.412968,0.6171875,0.748291015625,-0.261474609375,Mouth open
1713448626.452709,0.62060546875,0.74853515625,-0.258544921875,Mouth open
1713448626.497644,0.625244140625,0.751220703125,-0.259033203125,Mouth open
1713448626.533464,0.61865234375,0.7451171875,-0.26171875,Mouth open
1713448626.573784,0.623291015625,0.749755859375,-0.262451171875,Mouth open
1713448626.614068,0.61767578125,0.75244140625,-0.2626953125,Mouth open
1713448626.654418,0.618896484375,0.751708984375,-0.260986328125,Mouth open
1713448626.693957,0.615966796875,0.75244140625,-0.26123046875,Mouth open
1713448626.739148,0.618896484375,0.752197265625,-0.263671875,Mouth open
1713448626.775457,0.615234375,0.753173828125,-0.2607421875,Mouth open
1713448626.816045,0.615478515625,0.75244140625,-0.265625,Mouth open
1713448626.851607,0.6181640625,0.750732421875,-0.26171875,Mouth open
1713448626.892761,0.62158203125,0.7470703125,-0.259521484375,Mouth open
1713448626.934185,0.61865234375,0.75048828125,-0.26318359375,Mouth open
1713448626.976881,0.61865234375,0.752197265625,-0.259765625,Mouth open
1713448627.012984,0.6220703125,0.754638671875,-0.265380859375,Mouth open
1713448627.06274,0.615478515625,0.74658203125,-0.264404296875,Mouth open
1713448627.098968,0.619384765625,0.74560546875,-0.263671875,Mouth open
1713448627.133833,0.620849609375,0.7470703125,-0.2587890625,Mouth open
1713448627.176622,0.618896484375,0.74951171875,-0.259765625,Mouth open
1713448627.217305,0.624267578125,0.75341796875,-0.265869140625,Mouth open
1713448627.255034,0.619140625,0.752197265625,-0.26318359375,Mouth open
1713448627.296038,0.61669921875,0.74853515625,-0.2626953125,Mouth open
1713448627.335704,0.62109375,0.74755859375,-0.256591796875,Mouth open
1713448627.37492,0.62353515625,0.751708984375,-0.25732421875,Mouth open
1713448627.415803,0.619140625,0.75244140625,-0.261962890625,Mouth open
1713448627.455056,0.616455078125,0.749755859375,-0.263427734375,Mouth open
1713448627.494391,0.61962890625,0.749755859375,-0.261962890625,Mouth open
1713448627.533619,0.6201171875,0.748779296875,-0.258544921875,Mouth open
1713448627.573529,0.62060546875,0.753662109375,-0.2568359375,Mouth open
1713448627.616494,0.619140625,0.74951171875,-0.268310546875,Mouth open
1713448627.654195,0.61865234375,0.750732421875,-0.264404296875,Mouth open
1713448627.694782,0.61962890625,0.759521484375,-0.263427734375,Mouth open
1713448627.735645,0.61474609375,0.751708984375,-0.264892578125,Mouth open
1713448627.775748,0.614501953125,0.746337890625,-0.2587890625,Mouth open
1713448627.815489,0.62255859375,0.75,-0.259033203125,Mouth open
1713448627.858457,0.6220703125,0.747802734375,-0.260009765625,Mouth open
1713448627.895774,0.615966796875,0.748779296875,-0.261962890625,Mouth open
1713448627.937741,0.62109375,0.7529296875,-0.263427734375,Mouth open
1713448627.975625,0.619140625,0.749755859375,-0.257568359375,Mouth open
1713448628.016661,0.618408203125,0.746826171875,-0.259521484375,Mouth open
1713448628.057017,0.61767578125,0.7529296875,-0.254638671875,Mouth open
1713448628.095929,0.620361328125,0.755859375,-0.261474609375,Mouth open
1713448628.134669,0.619873046875,0.755859375,-0.26123046875,Mouth open
1713448628.174684,0.6181640625,0.752197265625,-0.258544921875,Mouth open
1713448628.214669,0.6201171875,0.753173828125,-0.256591796875,Mouth open
1713448628.255157,0.618408203125,0.749267578125,-0.257568359375,Mouth open
1713448628.294534,0.62158203125,0.749755859375,-0.2607421875,Mouth open
1713448628.338543,0.621337890625,0.748291015625,-0.26318359375,Mouth open
1713448628.381491,0.622802734375,0.751220703125,-0.259521484375,Mouth open
1713448628.414733,0.6201171875,0.752197265625,-0.265380859375,Mouth open
1713448628.460903,0.61474609375,0.743408203125,-0.2587890625,Mouth open
1713448628.497642,0.620849609375,0.747802734375,-0.25732421875,Mouth open
1713448628.541665,0.6201171875,0.747802734375,-0.259033203125,Mouth open
1713448628.582535,0.617431640625,0.7509765625,-0.25732421875,Mouth open
1713448628.622228,0.623291015625,0.755859375,-0.259033203125,Mouth open
1713448628.663049,0.6171875,0.752685546875,-0.2548828125,Mouth open
1713448628.701411,0.615966796875,0.747314453125,-0.256591796875,Mouth open
1713448628.742417,0.61865234375,0.753173828125,-0.259765625,Mouth open
1713448628.782575,0.620361328125,0.75244140625,-0.259521484375,Mouth open
1713448628.818327,0.618896484375,0.751953125,-0.2587890625,Mouth open
1713448628.861961,0.620361328125,0.751220703125,-0.26025390625,Mouth open
1713448628.902997,0.621826171875,0.751220703125,-0.2578125,Mouth open
1713448628.941514,0.6220703125,0.750732421875,-0.256591796875,Mouth open
1713448628.982372,0.62060546875,0.750244140625,-0.25390625,Mouth open
1713448629.021565,0.6259765625,0.750732421875,-0.260498046875,Mouth open
1713448629.057886,0.62255859375,0.7490234375,-0.257080078125,Mouth open
1713448629.09774,0.623291015625,0.753662109375,-0.255615234375,Mouth open
1713448629.137757,0.622314453125,0.75537109375,-0.257080078125,Mouth open
1713448629.179873,0.618896484375,0.75048828125,-0.25634765625,Mouth open
1713448629.22485,0.619140625,0.7470703125,-0.25634765625,Mouth open
1713448629.259664,0.62353515625,0.751220703125,-0.251953125,Mouth open
1713448629.299062,0.621826171875,0.749267578125,-0.256103515625,Mouth open
1713448629.338758,0.6220703125,0.750732421875,-0.25830078125,Mouth open
1713448629.380205,0.620361328125,0.751953125,-0.256591796875,Mouth open
1713448629.418549,0.62109375,0.75,-0.258056640625,Mouth open
1713448629.459651,0.616455078125,0.74951171875,-0.256103515625,Mouth open
1713448629.496714,0.61962890625,0.7548828125,-0.25537109375,Mouth open
1713448629.539174,0.6171875,0.756591796875,-0.2578125,Mouth open
1713448629.576826,0.6162109375,0.752685546875,-0.257080078125,Mouth open
1713448629.617783,0.619384765625,0.753662109375,-0.25634765625,Mouth open
1713448629.657453,0.62109375,0.748779296875,-0.2529296875,Mouth open
1713448629.704975,0.6220703125,0.75048828125,-0.251953125,Mouth open
1713448629.737624,0.623779296875,0.751220703125,-0.25,Mouth open
1713448629.777479,0.615234375,0.747802734375,-0.256103515625,Mouth open
1713448629.820451,0.615478515625,0.75146484375,-0.251953125,Mouth open
1713448629.873368,0.624267578125,0.75830078125,-0.25634765625,Mouth open
1713448629.899113,0.6162109375,0.751220703125,-0.2587890625,Mouth open
1713448629.953398,0.6162109375,0.748779296875,-0.2587890625,Mouth open
1713448629.982556,0.621826171875,0.753662109375,-0.24853515625,Mouth open
1713448630.026319,0.62255859375,0.756591796875,-0.25830078125,Mouth open
1713448630.061575,0.617919921875,0.750244140625,-0.257080078125,Mouth open
1713448630.104816,0.62255859375,0.754150390625,-0.254150390625,Mouth open
1713448630.139675,0.62255859375,0.752197265625,-0.25341796875,Mouth open
1713448630.184385,0.618408203125,0.749755859375,-0.256103515625,Mouth open
1713448630.219296,0.620849609375,0.75244140625,-0.251220703125,Mouth open
1713448630.261283,0.6162109375,0.7548828125,-0.255859375,Mouth open
1713448630.299638,0.614501953125,0.753173828125,-0.258056640625,Mouth open
1713448630.340514,0.619384765625,0.752685546875,-0.26416015625,Mouth open
1713448630.380905,0.6142578125,0.757080078125,-0.263671875,Mouth open
1713448630.422181,0.633544921875,0.7490234375,-0.23291015625,Mouth open
1713448630.460974,0.608154296875,0.750244140625,-0.273681640625,Mouth open
1713448630.500481,0.630126953125,0.756103515625,-0.2646484375,Mouth open
1713448630.542392,0.619140625,0.753173828125,-0.260986328125,Mouth open
1713448630.591306,0.6162109375,0.75830078125,-0.261962890625,Mouth open
1713448630.629342,0.613525390625,0.751708984375,-0.27099609375,Mouth open
1713448630.668508,0.60595703125,0.747314453125,-0.2685546875,Mouth open
1713448630.706407,0.60986328125,0.7451171875,-0.269287109375,Mouth open
1713448630.745892,0.61376953125,0.750244140625,-0.27392578125,Mouth open
1713448630.78349,0.611572265625,0.7529296875,-0.2724609375,Mouth open
1713448630.823098,0.61669921875,0.75537109375,-0.27099609375,Mouth open
1713448630.861169,0.618408203125,0.749755859375,-0.264892578125,Mouth open
1713448630.90017,0.61474609375,0.74658203125,-0.263916015625,Mouth open
1713448630.942402,0.61376953125,0.751708984375,-0.26318359375,Mouth open
1713448630.983595,0.614501953125,0.751708984375,-0.272705078125,Mouth open
1713448631.021556,0.6103515625,0.75244140625,-0.271728515625,Mouth open
1713448631.060546,0.611572265625,0.75146484375,-0.267578125,Mouth open
1713448631.100738,0.6142578125,0.753173828125,-0.26220703125,Mouth open
1713448631.144838,0.61279296875,0.751953125,-0.265625,Mouth open
1713448631.182515,0.616455078125,0.7490234375,-0.26611328125,Mouth open
1713448631.221585,0.616943359375,0.745361328125,-0.2666015625,Mouth open
1713448631.26371,0.6142578125,0.752685546875,-0.260009765625,Mouth open
1713448631.304004,0.62060546875,0.755859375,-0.26708984375,Mouth open
1713448631.342582,0.612060546875,0.74609375,-0.26416015625,Mouth open
1713448631.383989,0.61962890625,0.748046875,-0.259765625,Mouth open
1713448631.422503,0.618896484375,0.75048828125,-0.264404296875,Mouth open
1713448631.462556,0.617431640625,0.75146484375,-0.271728515625,Mouth open
1713448631.506916,0.617431640625,0.756103515625,-0.263916015625,Mouth open
1713448631.544592,0.6162109375,0.75146484375,-0.26123046875,Mouth open
1713448631.585692,0.616943359375,0.751220703125,-0.26806640625,Mouth open
1713448631.62195,0.615478515625,0.74951171875,-0.262451171875,Mouth open
1713448631.662985,0.614501953125,0.755859375,-0.2646484375,Mouth open
1713448631.703635,0.6142578125,0.752685546875,-0.267578125,Mouth open
1713448631.742554,0.6162109375,0.756103515625,-0.26513671875,Mouth open
1713448631.786632,0.615966796875,0.75341796875,-0.2626953125,Mouth open
1713448631.828937,0.616943359375,0.755126953125,-0.261962890625,Mouth open
1713448631.865055,0.61962890625,0.75244140625,-0.265869140625,Mouth open
1713448631.905848,0.619873046875,0.750244140625,-0.263916015625,Mouth open
1713448631.943709,0.621826171875,0.756103515625,-0.26123046875,Mouth open
1713448631.996563,0.620361328125,0.75244140625,-0.264892578125,Mouth open
1713448632.024497,0.614501953125,0.747802734375,-0.263671875,Mouth open
1713448632.070532,0.6171875,0.749267578125,-0.260498046875,Mouth open
1713448632.101414,0.619140625,0.750244140625,-0.26220703125,Mouth open
1713448632.152517,0.617919921875,0.750244140625,-0.257568359375,Mouth open
1713448632.181748,0.618408203125,0.752685546875,-0.266357421875,Mouth open
1713448632.223554,0.614013671875,0.754638671875,-0.2607421875,Mouth open
1713448632.269479,0.615478515625,0.75048828125,-0.26171875,Mouth open
1713448632.308648,0.614990234375,0.748779296875,-0.26171875,Mouth open
1713448632.34626,0.615966796875,0.755859375,-0.263427734375,Mouth open
1713448632.385624,0.614501953125,0.753662109375,-0.268310546875,Mouth open
1713448632.423504,0.61572265625,0.753662109375,-0.263427734375,Mouth open
1713448632.464518,0.6162109375,0.7509765625,-0.263427734375,Mouth open
1713448632.50355,0.61669921875,0.751220703125,-0.2578125,Mouth open
1713448632.543639,0.61376953125,0.748291015625,-0.26171875,Mouth open
1713448632.58485,0.6162109375,0.751708984375,-0.260009765625,Mouth open
1713448632.624628,0.619140625,0.75537109375,-0.267333984375,Mouth open
1713448632.664784,0.616455078125,0.750244140625,-0.26318359375,Mouth open
1713448632.706777,0.617431640625,0.74755859375,-0.261474609375,Mouth open
1713448632.745091,0.622314453125,0.751708984375,-0.257080078125,Mouth open
1713448632.784988,0.62451171875,0.7529296875,-0.2646484375,Mouth open
1713448632.823531,0.617919921875,0.749755859375,-0.264404296875,Mouth open
1713448632.863624,0.620361328125,0.753662109375,-0.26513671875,Mouth open
1713448632.905128,0.615478515625,0.749267578125,-0.263916015625,Mouth open
1713448632.94462,0.613037109375,0.7509765625,-0.26171875,Mouth open
1713448632.984431,0.615966796875,0.753173828125,-0.262939453125,Mouth open
1713448633.028089,0.618408203125,0.75341796875,-0.263916015625,Mouth open
1713448633.065907,0.618896484375,0.755615234375,-0.267333984375,Mouth open
1713448633.105772,0.61572265625,0.75537109375,-0.26220703125,Mouth open
1713448633.145581,0.61279296875,0.7509765625,-0.261962890625,Mouth open
1713448633.186034,0.615478515625,0.749755859375,-0.259765625,Mouth open
1713448633.232273,0.617919921875,0.748779296875,-0.262451171875,Mouth open
1713448633.269047,0.6123046875,0.7529296875,-0.258544921875,Mouth open
1713448633.309668,0.619384765625,0.7587890625,-0.2626953125,Mouth open
1713448633.347325,0.614990234375,0.74951171875,-0.2666015625,Mouth open
1713448633.38818,0.61474609375,0.749755859375,-0.26220703125,Mouth open
1713448633.424381,0.619384765625,0.751708984375,-0.26025390625,Mouth open
1713448633.46516,0.62060546875,0.751953125,-0.263427734375,Mouth open
1713448633.505025,0.62109375,0.751708984375,-0.26611328125,Mouth open
1713448633.557916,0.62109375,0.757568359375,-0.263427734375,Mouth open
1713448633.586894,0.613525390625,0.750732421875,-0.263427734375,Mouth open
1713448633.630106,0.612060546875,0.750244140625,-0.259765625,Mouth open
1713448633.67363,0.6171875,0.755126953125,-0.26025390625,Mouth open
1713448633.706059,0.61376953125,0.755615234375,-0.26708984375,Mouth open
1713448633.750444,0.6142578125,0.7548828125,-0.26513671875,Mouth open
1713448633.79022,0.6123046875,0.75830078125,-0.26318359375,Mouth open
1713448633.828253,0.61767578125,0.75244140625,-0.260498046875,Mouth open
1713448633.867884,0.619140625,0.75341796875,-0.26416015625,Mouth open
1713448633.907474,0.61767578125,0.755126953125,-0.260986328125,Mouth open
1713448633.947692,0.616943359375,0.758056640625,-0.2587890625,Mouth open
1713448633.988039,0.614990234375,0.753662109375,-0.267578125,Mouth open
1713448634.028556,0.61083984375,0.74462890625,-0.259521484375,Mouth open
1713448634.067402,0.617431640625,0.7490234375,-0.260498046875,Mouth open
1713448634.111225,0.6103515625,0.7509765625,-0.264892578125,Mouth open
1713448634.146411,0.611083984375,0.75390625,-0.266357421875,Mouth open
1713448634.188699,0.619140625,0.758056640625,-0.26806640625,Mouth open
1713448634.227353,0.61181640625,0.754150390625,-0.259033203125,Mouth open
1713448634.27465,0.611572265625,0.751953125,-0.26171875,Mouth open
1713448634.308503,0.614013671875,0.75634765625,-0.26171875,Mouth open
1713448634.348995,0.61328125,0.7529296875,-0.268798828125,Mouth open
1713448634.389227,0.6103515625,0.752685546875,-0.26953125,Mouth open
1713448634.431303,0.6123046875,0.755126953125,-0.26318359375,Mouth open
1713448634.469441,0.617919921875,0.75146484375,-0.26025390625,Mouth open
1713448634.509198,0.616943359375,0.753173828125,-0.2685546875,Mouth open
1713448634.549446,0.619140625,0.75390625,-0.266845703125,Mouth open
1713448634.591275,0.620361328125,0.760009765625,-0.262451171875,Mouth open
1713448634.630556,0.614013671875,0.749755859375,-0.26611328125,Mouth open
1713448634.670314,0.6123046875,0.744140625,-0.260986328125,Mouth open
1713448634.709686,0.620849609375,0.7509765625,-0.25927734375,Mouth open
1713448634.747449,0.618408203125,0.750244140625,-0.262939453125,Mouth open
1713448634.793023,0.61328125,0.748779296875,-0.261474609375,Mouth open
1713448634.828825,0.62255859375,0.75537109375,-0.26416015625,Mouth open
1713448634.869317,0.614501953125,0.75537109375,-0.2607421875,Mouth open
1713448634.909092,0.613525390625,0.751708984375,-0.26513671875,Mouth open
1713448634.953097,0.61572265625,0.75390625,-0.262451171875,Mouth open
1713448634.989895,0.6142578125,0.755126953125,-0.265625,Mouth open
1713448635.038891,0.61181640625,0.753173828125,-0.268310546875,Mouth open
1713448635.076556,0.6162109375,0.75341796875,-0.2607421875,Mouth open
1713448635.116011,0.619384765625,0.75439453125,-0.258544921875,Mouth open
1713448635.153924,0.616943359375,0.749267578125,-0.261474609375,Mouth open
1713448635.192705,0.6142578125,0.75634765625,-0.257080078125,Mouth open
1713448635.23448,0.62353515625,0.75830078125,-0.263916015625,Mouth open
1713448635.270667,0.6162109375,0.75341796875,-0.263916015625,Mouth open
1713448635.3128,0.613037109375,0.74658203125,-0.2666015625,Mouth open
1713448635.35167,0.614990234375,0.75244140625,-0.26220703125,Mouth open
1713448635.390763,0.617919921875,0.753662109375,-0.2666015625,Mouth open
1713448635.430439,0.6181640625,0.749755859375,-0.26416015625,Mouth open
1713448635.47002,0.619140625,0.7529296875,-0.268798828125,Mouth open
1713448635.508771,0.612060546875,0.75244140625,-0.265869140625,Mouth open
1713448635.549199,0.61376953125,0.75244140625,-0.265625,Mouth open
1713448635.590711,0.614013671875,0.75390625,-0.26318359375,Mouth open
1713448635.634321,0.61279296875,0.753173828125,-0.264404296875,Mouth open
1713448635.670554,0.611328125,0.757568359375,-0.267578125,Mouth open
1713448635.712565,0.613037109375,0.7529296875,-0.26611328125,Mouth open
1713448635.751447,0.61376953125,0.75634765625,-0.259765625,Mouth open
1713448635.790257,0.614501953125,0.752197265625,-0.264404296875,Mouth open
1713448635.83271,0.61181640625,0.74951171875,-0.26318359375,Mouth open
1713448635.871409,0.617919921875,0.75537109375,-0.267333984375,Mouth open
1713448635.911616,0.61572265625,0.754638671875,-0.267822265625,Mouth open
1713448635.951783,0.6123046875,0.749267578125,-0.2685546875,Mouth open
1713448636.006055,0.615966796875,0.748779296875,-0.2666015625,Mouth open
1713448636.032874,0.619873046875,0.751220703125,-0.26171875,Mouth open
1713448636.069392,0.611083984375,0.74853515625,-0.262451171875,Mouth open
1713448636.110354,0.6123046875,0.7548828125,-0.271240234375,Mouth open
1713448636.149571,0.614013671875,0.7548828125,-0.2646484375,Mouth open
1713448636.191281,0.614501953125,0.7529296875,-0.262451171875,Mouth open
1713448636.23413,0.6123046875,0.75146484375,-0.26171875,Mouth open
1713448636.270611,0.61083984375,0.755615234375,-0.2666015625,Mouth open
1713448636.313379,0.612548828125,0.75341796875,-0.264892578125,Mouth open
1713448636.35073,0.614501953125,0.754150390625,-0.26513671875,Mouth open
1713448636.390557,0.61376953125,0.754150390625,-0.260009765625,Mouth open
1713448636.431348,0.616455078125,0.753662109375,-0.262939453125,Mouth open
1713448636.472889,0.61083984375,0.750244140625,-0.267333984375,Mouth open
1713448636.512378,0.614990234375,0.749755859375,-0.264404296875,Mouth open
1713448636.552314,0.6181640625,0.759765625,-0.265625,Mouth open
1713448636.597475,0.61669921875,0.753173828125,-0.2626953125,Mouth open
1713448636.634404,0.61474609375,0.751220703125,-0.264404296875,Mouth open
1713448636.676022,0.62060546875,0.75439453125,-0.258056640625,Mouth open
1713448636.712278,0.621826171875,0.753173828125,-0.261962890625,Mouth open
1713448636.752722,0.616455078125,0.753662109375,-0.263916015625,Mouth open
1713448636.791517,0.617431640625,0.75634765625,-0.26025390625,Mouth open
1713448636.831699,0.615234375,0.752685546875,-0.261962890625,Mouth open
1713448636.872548,0.614501953125,0.747802734375,-0.261962890625,Mouth open
1713448636.927269,0.611572265625,0.7529296875,-0.261962890625,Mouth open
1713448636.955887,0.611572265625,0.757080078125,-0.263427734375,Mouth open
1713448636.996473,0.613037109375,0.757568359375,-0.267333984375,Mouth open
1713448637.036724,0.61572265625,0.757568359375,-0.261474609375,Mouth open
1713448637.081117,0.616943359375,0.751708984375,-0.26171875,Mouth open
1713448637.115634,0.6162109375,0.751220703125,-0.260498046875,Mouth open
1713448637.164716,0.616455078125,0.749755859375,-0.2685546875,Mouth open
1713448637.200538,0.617431640625,0.751953125,-0.265380859375,Mouth open
1713448637.234508,0.6201171875,0.756591796875,-0.263671875,Mouth open
1713448637.280426,0.61669921875,0.7509765625,-0.263916015625,Mouth open
1713448637.31919,0.615234375,0.74658203125,-0.260986328125,Mouth open
1713448637.357321,0.618408203125,0.752685546875,-0.258544921875,Mouth open
1713448637.397873,0.622802734375,0.753662109375,-0.263916015625,Mouth open
1713448637.435546,0.610107421875,0.751220703125,-0.2666015625,Mouth open
1713448637.475029,0.616455078125,0.755615234375,-0.2685546875,Mouth open
1713448637.5143,0.610107421875,0.74951171875,-0.265625,Mouth open
1713448637.553392,0.612060546875,0.747802734375,-0.261474609375,Mouth open
1713448637.593694,0.615478515625,0.751220703125,-0.260009765625,Mouth open
1713448637.634741,0.61474609375,0.758056640625,-0.26708984375,Mouth open
1713448637.674443,0.612060546875,0.75537109375,-0.268798828125,Mouth open
1713448637.718251,0.615966796875,0.75732421875,-0.26513671875,Mouth open
1713448637.755612,0.615234375,0.75390625,-0.261474609375,Mouth open
1713448637.796593,0.61669921875,0.752197265625,-0.264892578125,Mouth open
1713448637.835727,0.61767578125,0.754150390625,-0.26611328125,Mouth open
1713448637.877686,0.616455078125,0.752685546875,-0.265869140625,Mouth open
1713448637.915528,0.617919921875,0.75537109375,-0.2626953125,Mouth open
1713448637.957398,0.615966796875,0.755859375,-0.2666015625,Mouth open
1713448637.997394,0.61328125,0.747314453125,-0.26220703125,Mouth open
1713448638.03782,0.6201171875,0.751220703125,-0.26025390625,Mouth open
1713448638.076337,0.614501953125,0.751220703125,-0.267333984375,Mouth open
1713448638.114781,0.61279296875,0.7509765625,-0.26318359375,Mouth open
1713448638.154922,0.617919921875,0.755126953125,-0.263427734375,Mouth open
1713448638.198151,0.615966796875,0.7548828125,-0.26416015625,Mouth open
1713448638.235989,0.615966796875,0.75048828125,-0.26318359375,Mouth open
1713448638.277027,0.61376953125,0.7509765625,-0.262451171875,Mouth open
1713448638.316339,0.613525390625,0.754150390625,-0.264892578125,Mouth open
1713448638.356263,0.614501953125,0.75244140625,-0.2666015625,Mouth open
1713448638.397663,0.615966796875,0.7509765625,-0.2666015625,Mouth open
1713448638.436911,0.617431640625,0.754150390625,-0.262939453125,Mouth open
1713448638.478831,0.6201171875,0.752685546875,-0.260986328125,Mouth open
1713448638.518502,0.617431640625,0.750732421875,-0.26025390625,Mouth open
1713448638.557221,0.622314453125,0.75341796875,-0.26611328125,Mouth open
1713448638.597698,0.61962890625,0.751953125,-0.2646484375,Mouth open
1713448638.638626,0.614990234375,0.75439453125,-0.2587890625,Mouth open
1713448638.679167,0.619140625,0.7529296875,-0.26318359375,Mouth open
1713448638.718251,0.612060546875,0.74853515625,-0.2607421875,Mouth open
1713448638.759129,0.6171875,0.747802734375,-0.26220703125,Mouth open
1713448638.797974,0.61962890625,0.752685546875,-0.262939453125,Mouth open
1713448638.838041,0.61669921875,0.75146484375,-0.263427734375,Mouth open
1713448638.878028,0.61669921875,0.752197265625,-0.263671875,Mouth open
1713448638.918037,0.614990234375,0.753173828125,-0.264892578125,Mouth open
1713448638.957291,0.616455078125,0.75244140625,-0.26513671875,Mouth open
1713448638.997359,0.61474609375,0.75390625,-0.262451171875,Mouth open
1713448639.036636,0.61474609375,0.756103515625,-0.26171875,Mouth open
1713448639.077218,0.61328125,0.754638671875,-0.264404296875,Mouth open
1713448639.117582,0.616943359375,0.752685546875,-0.265625,Mouth open
1713448639.158625,0.614501953125,0.749267578125,-0.26171875,Mouth open
1713448639.199467,0.618408203125,0.75390625,-0.261962890625,Mouth open
1713448639.238138,0.619873046875,0.755615234375,-0.260986328125,Mouth open
1713448639.279954,0.62158203125,0.751708984375,-0.260009765625,Mouth open
1713448639.320668,0.611572265625,0.7490234375,-0.261474609375,Mouth open
1713448639.35834,0.614990234375,0.751953125,-0.259765625,Mouth open
1713448639.398795,0.615234375,0.757568359375,-0.262451171875,Mouth open
1713448639.437697,0.61376953125,0.756591796875,-0.2666015625,Mouth open
1713448639.478651,0.612060546875,0.753173828125,-0.2666015625,Mouth open
1713448639.517307,0.617919921875,0.751708984375,-0.260498046875,Mouth open
1713448639.569294,0.6181640625,0.75537109375,-0.264404296875,Mouth open
1713448639.599056,0.619140625,0.7509765625,-0.262451171875,Mouth open
1713448639.645533,0.618896484375,0.75390625,-0.262939453125,Mouth open
1713448639.679161,0.619384765625,0.75146484375,-0.261474609375,Mouth open
1713448639.722692,0.6171875,0.751220703125,-0.26416015625,Mouth open
1713448639.758718,0.617431640625,0.751708984375,-0.25927734375,Mouth open
1713448639.810433,0.612548828125,0.751708984375,-0.262451171875,Mouth open
1713448639.839225,0.61279296875,0.7548828125,-0.269775390625,Mouth open
1713448639.882918,0.613525390625,0.753662109375,-0.26416015625,Mouth open
1713448639.919801,0.614501953125,0.752685546875,-0.263671875,Mouth open
1713448639.97021,0.6162109375,0.749755859375,-0.260986328125,Mouth open
1713448639.99917,0.618408203125,0.752197265625,-0.2666015625,Mouth open
1713448640.049812,0.618408203125,0.751220703125,-0.26416015625,unknown
1713448640.07736,0.609619140625,0.748779296875,-0.265869140625,unknown
1713448640.122387,0.613037109375,0.75390625,-0.263671875,unknown
1713448640.158111,0.61767578125,0.76171875,-0.263427734375,unknown
1713448640.198695,0.603759765625,0.75,-0.26513671875,unknown
1713448640.244018,0.612060546875,0.750244140625,-0.261962890625,unknown
1713448640.282903,0.616943359375,0.75439453125,-0.264404296875,unknown
1713448640.321112,0.6181640625,0.754638671875,-0.264404296875,unknown
1713448640.360623,0.6162109375,0.75537109375,-0.26611328125,unknown
1713448640.399838,0.618408203125,0.755615234375,-0.267578125,unknown
1713448640.439162,0.61279296875,0.75,-0.25927734375,unknown
1713448640.480196,0.613525390625,0.74755859375,-0.263427734375,unknown
1713448640.520247,0.61572265625,0.755859375,-0.266845703125,unknown
1713448640.560102,0.61376953125,0.755126953125,-0.268798828125,unknown
1713448640.601587,0.613037109375,0.75537109375,-0.26318359375,unknown
1713448640.644001,0.616455078125,0.75732421875,-0.261474609375,unknown
1713448640.681116,0.61572265625,0.756591796875,-0.260009765625,unknown
1713448640.720391,0.6181640625,0.751953125,-0.259521484375,unknown
1713448640.766161,0.6142578125,0.751220703125,-0.26171875,unknown
1713448640.799432,0.61767578125,0.75048828125,-0.2646484375,unknown
1713448640.842556,0.615966796875,0.755126953125,-0.260009765625,unknown
1713448640.881155,0.61279296875,0.751953125,-0.2705078125,unknown
1713448640.921996,0.611572265625,0.745361328125,-0.26220703125,unknown
1713448640.961548,0.61572265625,0.75341796875,-0.262451171875,unknown
1713448641.002692,0.614990234375,0.75341796875,-0.26806640625,unknown
1713448641.048337,0.61767578125,0.753662109375,-0.263916015625,unknown
1713448641.084491,0.6201171875,0.756591796875,-0.259521484375,unknown
1713448641.124831,0.616455078125,0.749755859375,-0.260986328125,unknown
1713448641.163998,0.61474609375,0.750732421875,-0.260986328125,unknown
1713448641.208252,0.615966796875,0.755859375,-0.258056640625,unknown
1713448641.242832,0.61572265625,0.75634765625,-0.26171875,unknown
1713448641.295121,0.61279296875,0.753173828125,-0.25927734375,unknown
1713448641.322267,0.6181640625,0.7548828125,-0.258544921875,unknown
1713448641.370985,0.61376953125,0.75146484375,-0.259765625,unknown
1713448641.400102,0.6142578125,0.751708984375,-0.260009765625,unknown
1713448641.449517,0.616455078125,0.7490234375,-0.261474609375,unknown
1713448641.488774,0.614013671875,0.74853515625,-0.263427734375,unknown
1713448641.52666,0.614990234375,0.75341796875,-0.260009765625,unknown
1713448641.563872,0.61962890625,0.7578125,-0.265625,unknown
1713448641.604871,0.611328125,0.752197265625,-0.26171875,unknown
1713448641.642594,0.612548828125,0.74951171875,-0.264404296875,unknown
1713448641.684443,0.616943359375,0.75537109375,-0.257568359375,unknown
1713448641.722223,0.6171875,0.755859375,-0.262939453125,unknown
1713448641.763077,0.617919921875,0.754150390625,-0.261474609375,unknown
1713448641.80336,0.619140625,0.75439453125,-0.260986328125,unknown
1713448641.849767,0.61669921875,0.748046875,-0.259033203125,unknown
1713448641.883486,0.619873046875,0.7529296875,-0.25634765625,unknown
1713448641.924002,0.61669921875,0.753173828125,-0.2548828125,unknown
1713448641.966243,0.6142578125,0.752685546875,-0.263916015625,unknown
1713448642.003253,0.61767578125,0.752685546875,-0.265869140625,unknown
1713448642.043594,0.615478515625,0.75390625,-0.260986328125,unknown
1713448642.082914,0.613037109375,0.752197265625,-0.261474609375,unknown
1713448642.125198,0.6181640625,0.750732421875,-0.2578125,unknown
1713448642.164081,0.616943359375,0.750244140625,-0.2607421875,unknown
1713448642.203973,0.615478515625,0.75390625,-0.26171875,unknown
1713448642.246142,0.6181640625,0.760009765625,-0.2666015625,unknown
1713448642.285689,0.612060546875,0.75,-0.265380859375,unknown
1713448642.32425,0.615234375,0.748779296875,-0.2626953125,unknown
1713448642.369552,0.619873046875,0.753173828125,-0.258544921875,unknown
1713448642.406029,0.61669921875,0.7509765625,-0.2646484375,unknown
1713448642.446131,0.6162109375,0.752197265625,-0.265869140625,unknown
1713448642.485396,0.619384765625,0.754638671875,-0.2626953125,unknown
1713448642.537972,0.617919921875,0.753173828125,-0.261962890625,unknown
1713448642.565251,0.61474609375,0.748779296875,-0.2626953125,unknown
1713448642.606644,0.61669921875,0.755615234375,-0.260986328125,unknown
1713448642.653133,0.61328125,0.753662109375,-0.26416015625,unknown
1713448642.693704,0.615966796875,0.757080078125,-0.2626953125,unknown
1713448642.729307,0.616943359375,0.757080078125,-0.260986328125,unknown
1713448642.768632,0.615478515625,0.751953125,-0.259033203125,unknown
1713448642.805447,0.622802734375,0.75146484375,-0.263671875,unknown
1713448642.8462,0.619873046875,0.749267578125,-0.263427734375,unknown
1713448642.884428,0.617431640625,0.752197265625,-0.25732421875,unknown
1713448642.925045,0.617431640625,0.7548828125,-0.265869140625,unknown
1713448642.965291,0.61279296875,0.748779296875,-0.26220703125,unknown
1713448643.008171,0.61767578125,0.749755859375,-0.260986328125,unknown
1713448643.046016,0.61767578125,0.751708984375,-0.26025390625,unknown
1713448643.086524,0.61279296875,0.7490234375,-0.26416015625,unknown
1713448643.128705,0.62158203125,0.75830078125,-0.26611328125,unknown
1713448643.16723,0.6162109375,0.754150390625,-0.261962890625,unknown
1713448643.207241,0.614990234375,0.749755859375,-0.263671875,unknown
1713448643.247121,0.617431640625,0.752685546875,-0.2587890625,unknown
1713448643.287705,0.617431640625,0.756103515625,-0.26318359375,unknown
1713448643.326043,0.611572265625,0.7578125,-0.26611328125,unknown
1713448643.36727,0.611083984375,0.753662109375,-0.26611328125,unknown
1713448643.405948,0.614501953125,0.75341796875,-0.262451171875,unknown
1713448643.44499,0.615966796875,0.749267578125,-0.26123046875,unknown
1713448643.484983,0.6123046875,0.749755859375,-0.263427734375,unknown
1713448643.525613,0.61376953125,0.752197265625,-0.258544921875,unknown
1713448643.5683,0.621337890625,0.75341796875,-0.265380859375,unknown
1713448643.606127,0.61328125,0.748291015625,-0.26220703125,unknown
1713448643.6464,0.61767578125,0.7490234375,-0.25927734375,unknown
1713448643.687104,0.61865234375,0.751708984375,-0.260009765625,unknown
1713448643.729355,0.6142578125,0.75341796875,-0.266357421875,unknown
1713448643.766343,0.61572265625,0.754638671875,-0.268798828125,unknown
1713448643.810326,0.616455078125,0.749755859375,-0.260009765625,unknown
1713448643.847252,0.614013671875,0.749755859375,-0.2607421875,unknown
1713448643.888481,0.61474609375,0.752685546875,-0.260498046875,unknown
1713448643.929081,0.6162109375,0.753662109375,-0.26220703125,unknown
1713448643.968899,0.61474609375,0.755615234375,-0.265380859375,unknown
1713448644.00665,0.613037109375,0.754638671875,-0.260009765625,unknown
1713448644.04576,0.6162109375,0.75146484375,-0.25927734375,unknown
1713448644.085064,0.61669921875,0.75244140625,-0.25927734375,unknown
1713448644.128957,0.615478515625,0.749267578125,-0.262939453125,unknown
1713448644.168859,0.615966796875,0.75341796875,-0.260498046875,unknown
1713448644.206773,0.617431640625,0.755859375,-0.262451171875,unknown
1713448644.256004,0.61376953125,0.748291015625,-0.262451171875,unknown
1713448644.287316,0.616943359375,0.75,-0.2626953125,unknown
1713448644.338054,0.6201171875,0.75,-0.262939453125,unknown
1713448644.377312,0.615966796875,0.75341796875,-0.265380859375,unknown
1713448644.408626,0.619873046875,0.75390625,-0.26416015625,unknown
1713448644.453567,0.6162109375,0.75341796875,-0.260009765625,unknown
1713448644.492972,0.614990234375,0.75244140625,-0.261474609375,unknown
1713448644.529511,0.614013671875,0.753662109375,-0.260009765625,unknown
1713448644.56914,0.614990234375,0.756103515625,-0.262451171875,unknown
1713448644.61066,0.613525390625,0.7529296875,-0.265625,unknown
1713448644.649751,0.615234375,0.75439453125,-0.26220703125,unknown
1713448644.697276,0.615234375,0.754150390625,-0.257568359375,unknown
1713448644.736227,0.612060546875,0.7509765625,-0.2607421875,unknown
1713448644.77535,0.623046875,0.750244140625,-0.263427734375,unknown
1713448644.81277,0.61767578125,0.750244140625,-0.26025390625,unknown
1713448644.849087,0.61572265625,0.757080078125,-0.261962890625,unknown
1713448644.888904,0.61767578125,0.75439453125,-0.26220703125,unknown
1713448644.930442,0.60986328125,0.7509765625,-0.260498046875,unknown
1713448644.969477,0.61865234375,0.74951171875,-0.2587890625,unknown
1713448645.010873,0.620361328125,0.75439453125,-0.26171875,unknown
1713448645.054587,0.61376953125,0.75244140625,-0.2587890625,unknown
1713448645.089475,0.62158203125,0.7578125,-0.26171875,unknown
1713448645.131028,0.613525390625,0.753173828125,-0.259765625,unknown
1713448645.170298,0.61376953125,0.754638671875,-0.260498046875,unknown
1713448645.211179,0.612060546875,0.756103515625,-0.25927734375,unknown
1713448645.256728,0.612060546875,0.75390625,-0.264892578125,unknown
1713448645.290109,0.612060546875,0.75537109375,-0.263427734375,unknown
1713448645.335143,0.614013671875,0.75732421875,-0.261962890625,unknown
1713448645.372298,0.61181640625,0.751708984375,-0.259765625,unknown
1713448645.412176,0.613525390625,0.75244140625,-0.26025390625,unknown
1713448645.449652,0.619140625,0.755126953125,-0.26806640625,unknown
1713448645.505059,0.614501953125,0.75048828125,-0.267578125,unknown
1713448645.531166,0.61767578125,0.75341796875,-0.259765625,unknown
1713448645.580412,0.619384765625,0.7548828125,-0.2607421875,unknown
1713448645.616249,0.615966796875,0.74609375,-0.260009765625,unknown
1713448645.651009,0.620849609375,0.747802734375,-0.2578125,unknown
1713448645.690957,0.613525390625,0.75634765625,-0.25830078125,unknown
1713448645.734521,0.60693359375,0.756103515625,-0.259765625,unknown
1713448645.777423,0.613525390625,0.763671875,-0.26220703125,unknown
1713448645.817831,0.611572265625,0.75927734375,-0.255859375,unknown
1713448645.856031,0.6083984375,0.75732421875,-0.26123046875,unknown
1713448645.893824,0.61181640625,0.75830078125,-0.2578125,unknown
1713448645.932226,0.611328125,0.75830078125,-0.259033203125,unknown
1713448645.971081,0.6103515625,0.753662109375,-0.262939453125,unknown
1713448646.010887,0.615478515625,0.754150390625,-0.2626953125,unknown
1713448646.053958,0.612548828125,0.753662109375,-0.26123046875,unknown
1713448646.096999,0.614013671875,0.751953125,-0.261962890625,unknown
1713448646.130311,0.611328125,0.752685546875,-0.266845703125,unknown
1713448646.169891,0.6201171875,0.7607421875,-0.26806640625,unknown
1713448646.211722,0.62109375,0.75830078125,-0.267822265625,unknown
1713448646.251101,0.625732421875,0.757568359375,-0.269287109375,unknown
1713448646.293758,0.619140625,0.742431640625,-0.274658203125,unknown
1713448646.332181,0.61474609375,0.731201171875,-0.26611328125,unknown
1713448646.370881,0.611572265625,0.7392578125,-0.27880859375,unknown
1713448646.41107,0.6162109375,0.73876953125,-0.278076171875,unknown
1713448646.453271,0.613037109375,0.73828125,-0.25341796875,unknown
1713448646.491863,0.62353515625,0.73828125,-0.2275390625,unknown
1713448646.534369,0.630126953125,0.76220703125,-0.205810546875,unknown
1713448646.573814,0.6318359375,0.76904296875,-0.214111328125,unknown
1713448646.611959,0.61083984375,0.771484375,-0.22509765625,unknown
1713448646.651887,0.596435546875,0.780029296875,-0.234375,unknown
1713448646.691011,0.588134765625,0.784912109375,-0.260498046875,unknown
1713448646.735148,0.588134765625,0.78662109375,-0.282470703125,unknown
1713448646.7726,0.59716796875,0.783447265625,-0.282470703125,unknown
1713448646.811911,0.6064453125,0.77490234375,-0.277587890625,unknown
1713448646.852447,0.608154296875,0.753173828125,-0.28076171875,unknown
1713448646.903967,0.6044921875,0.74169921875,-0.27294921875,unknown
1713448646.938838,0.61376953125,0.74853515625,-0.248291015625,unknown
1713448646.975496,0.619384765625,0.75048828125,-0.24267578125,unknown
1713448647.017314,0.617919921875,0.7509765625,-0.227783203125,unknown
1713448647.057301,0.620849609375,0.763427734375,-0.22021484375,unknown
1713448647.096864,0.6123046875,0.762939453125,-0.2314453125,unknown
1713448647.133899,0.610107421875,0.77001953125,-0.230224609375,unknown
1713448647.17396,0.6123046875,0.76953125,-0.2275390625,unknown
1713448647.217539,0.612060546875,0.775390625,-0.210693359375,unknown
1713448647.254826,0.6181640625,0.775634765625,-0.216064453125,unknown
1713448647.298535,0.628173828125,0.760986328125,-0.223388671875,unknown
1713448647.339192,0.634033203125,0.757080078125,-0.2001953125,unknown
1713448647.377345,0.63720703125,0.759521484375,-0.201171875,unknown
1713448647.414692,0.625732421875,0.762451171875,-0.2197265625,unknown
1713448647.453104,0.62060546875,0.766357421875,-0.212646484375,unknown
1713448647.491895,0.618408203125,0.771484375,-0.215576171875,unknown
1713448647.53319,0.612548828125,0.772705078125,-0.220703125,unknown
1713448647.573589,0.611083984375,0.775146484375,-0.227294921875,unknown
1713448647.613208,0.604736328125,0.772705078125,-0.228759765625,unknown
1713448647.654817,0.60107421875,0.77001953125,-0.233154296875,unknown
1713448647.693368,0.6015625,0.77294921875,-0.230712890625,unknown
1713448647.733939,0.602294921875,0.767822265625,-0.2197265625,unknown
1713448647.774463,0.6064453125,0.765625,-0.21875,unknown
1713448647.813964,0.6318359375,0.7587890625,-0.2275390625,unknown
1713448647.854819,0.642822265625,0.756103515625,-0.19482421875,unknown
1713448647.895714,0.65478515625,0.7451171875,-0.214599609375,unknown
1713448647.933838,0.660888671875,0.728271484375,-0.204345703125,unknown
1713448647.974916,0.667724609375,0.725830078125,-0.2021484375,unknown
1713448648.013051,0.670166015625,0.720947265625,-0.191650390625,unknown
1713448648.054435,0.660888671875,0.725830078125,-0.195068359375,unknown
1713448648.095638,0.65576171875,0.735595703125,-0.2119140625,unknown
1713448648.134136,0.6484375,0.750732421875,-0.21240234375,unknown
1713448648.174719,0.63134765625,0.751708984375,-0.234619140625,unknown
1713448648.214901,0.63720703125,0.755126953125,-0.2373046875,unknown
1713448648.255471,0.631103515625,0.75732421875,-0.23486328125,unknown
1713448648.296064,0.622314453125,0.763671875,-0.248779296875,unknown
1713448648.337362,0.61181640625,0.771240234375,-0.25048828125,unknown
1713448648.37751,0.59423828125,0.76123046875,-0.26171875,unknown
1713448648.417225,0.583740234375,0.768310546875,-0.285888671875,unknown
1713448648.456289,0.60107421875,0.771240234375,-0.26806640625,unknown
1713448648.496726,0.603759765625,0.7685546875,-0.232177734375,unknown
1713448648.536777,0.623291015625,0.76123046875,-0.24072265625,unknown
1713448648.583722,0.63525390625,0.7421875,-0.249755859375,unknown
1713448648.622213,0.64013671875,0.72607421875,-0.24072265625,unknown
1713448648.658565,0.6484375,0.72998046875,-0.2392578125,unknown
1713448648.702045,0.640625,0.728271484375,-0.246826171875,unknown
1713448648.74278,0.643798828125,0.73046875,-0.261474609375,unknown
1713448648.779652,0.64111328125,0.733642578125,-0.243896484375,unknown
1713448648.824005,0.626953125,0.73681640625,-0.234130859375,unknown
1713448648.856797,0.63330078125,0.756591796875,-0.263427734375,unknown
1713448648.897996,0.622314453125,0.74169921875,-0.2763671875,unknown
1713448648.937059,0.6181640625,0.738525390625,-0.25048828125,unknown
1713448648.978269,0.633056640625,0.750732421875,-0.246337890625,unknown
1713448649.016751,0.627197265625,0.740234375,-0.256103515625,unknown
1713448649.058917,0.615966796875,0.7431640625,-0.251953125,unknown
1713448649.098622,0.62841796875,0.759033203125,-0.258544921875,unknown
1713448649.140584,0.62744140625,0.765625,-0.27197265625,unknown
1713448649.181471,0.614013671875,0.755615234375,-0.276611328125,unknown
1713448649.222846,0.61669921875,0.75146484375,-0.27978515625,unknown
1713448649.265737,0.613037109375,0.74609375,-0.2734375,unknown
1713448649.29785,0.61572265625,0.740478515625,-0.2734375,unknown
1713448649.350872,0.619384765625,0.740234375,-0.271728515625,unknown
1713448649.377451,0.616455078125,0.7421875,-0.263916015625,unknown
1713448649.420952,0.620361328125,0.751708984375,-0.263671875,unknown
1713448649.460976,0.621337890625,0.75341796875,-0.267333984375,unknown
1713448649.503551,0.614013671875,0.7568359375,-0.2666015625,unknown
1713448649.537877,0.61328125,0.75146484375,-0.262451171875,unknown
1713448649.577891,0.6171875,0.751708984375,-0.257080078125,unknown
1713448649.647816,0.625244140625,0.7568359375,-0.263671875,unknown
1713448649.666949,0.619384765625,0.748291015625,-0.268310546875,unknown
1713448649.706417,0.62255859375,0.748046875,-0.259033203125,unknown
1713448649.744563,0.619140625,0.761474609375,-0.253662109375,unknown
1713448649.781594,0.621826171875,0.768310546875,-0.2734375,unknown
1713448649.826858,0.620849609375,0.752197265625,-0.282470703125,unknown
1713448649.86078,0.6376953125,0.71875,-0.301025390625,unknown
1713448649.914636,0.641357421875,0.69189453125,-0.248046875,unknown
1713448649.939684,0.655029296875,0.705322265625,-0.209716796875,unknown
1713448649.979066,0.649169921875,0.72607421875,-0.21875,unknown
1713448650.018237,0.6513671875,0.7548828125,-0.245361328125,unknown
1713448650.057769,0.6298828125,0.766845703125,-0.263427734375,unknown
1713448650.098122,0.628173828125,0.7626953125,-0.253662109375,unknown
1713448650.138468,0.6103515625,0.753173828125,-0.252685546875,unknown
1713448650.181141,0.59375,0.75,-0.24951171875,unknown
1713448650.218849,0.596435546875,0.763916015625,-0.262939453125,unknown
1713448650.259164,0.607421875,0.760009765625,-0.25732421875,unknown
1713448650.300725,0.622802734375,0.76220703125,-0.22509765625,unknown
1713448650.340784,0.634521484375,0.75390625,-0.21337890625,unknown
1713448650.380777,0.6435546875,0.74609375,-0.222900390625,unknown
1713448650.41983,0.6513671875,0.740966796875,-0.23046875,unknown
1713448650.465993,0.6572265625,0.74658203125,-0.20947265625,unknown
1713448650.502324,0.65283203125,0.75439453125,-0.21533203125,unknown
1713448650.543253,0.635986328125,0.748046875,-0.239013671875,unknown
1713448650.581811,0.6279296875,0.74462890625,-0.2373046875,unknown
1713448650.622756,0.62109375,0.74072265625,-0.240966796875,unknown
1713448650.65938,0.6181640625,0.7490234375,-0.251220703125,unknown
1713448650.699918,0.620361328125,0.752197265625,-0.225341796875,unknown
1713448650.740563,0.62353515625,0.7548828125,-0.20751953125,unknown
1713448650.783862,0.623291015625,0.759521484375,-0.19580078125,unknown
1713448650.820842,0.631103515625,0.76123046875,-0.212646484375,unknown
1713448650.870143,0.630859375,0.7685546875,-0.205078125,unknown
1713448650.90649,0.639404296875,0.76123046875,-0.21533203125,unknown
1713448650.9472,0.6376953125,0.75634765625,-0.21337890625,unknown
1713448650.9853,0.635986328125,0.739990234375,-0.21337890625,unknown
1713448651.024238,0.636474609375,0.745361328125,-0.219482421875,unknown
1713448651.062931,0.640380859375,0.747802734375,-0.226318359375,unknown
1713448651.101801,0.64111328125,0.753662109375,-0.216552734375,unknown
1713448651.143286,0.640380859375,0.75048828125,-0.224609375,unknown
1713448651.184767,0.64453125,0.745361328125,-0.216796875,unknown
1713448651.224672,0.642333984375,0.740478515625,-0.2021484375,unknown
1713448651.265398,0.637939453125,0.74462890625,-0.2109375,unknown
1713448651.304831,0.634033203125,0.7490234375,-0.23291015625,unknown
