ts,x_ear,y_ear,z_ear,label
1713974535.438381,0.953369140625,0.206298828125,0.05908203125,unknown
1713974535.470566,0.973388671875,0.167236328125,-0.014404296875,unknown
1713974535.511215,1.002197265625,0.233154296875,-0.046630859375,unknown
1713974535.551063,1.03857421875,0.203369140625,-0.007568359375,unknown
1713974535.597288,0.943359375,0.246826171875,0.044921875,unknown
1713974535.63273,1.03759765625,0.171875,0.08740234375,unknown
1713974535.672634,0.92919921875,0.244140625,0.039794921875,unknown
1713974535.72554,0.98828125,0.262451171875,-0.060302734375,unknown
1713974535.758981,1.040771484375,0.30322265625,-0.0126953125,unknown
1713974535.806682,0.9462890625,0.289306640625,-0.010009765625,unknown
1713974535.848823,0.916748046875,0.268310546875,0.4140625,unknown
1713974535.873335,1.125732421875,0.56982421875,0.426513671875,unknown
1713974535.918594,0.67724609375,0.5546875,0.483642578125,unknown
1713974535.953142,0.52685546875,0.406005859375,0.473388671875,unknown
1713974535.99022,0.747314453125,0.595947265625,0.3837890625,unknown
1713974536.031076,0.705322265625,0.6044921875,0.42822265625,unknown
1713974536.071806,0.730224609375,0.5849609375,0.381591796875,unknown
1713974536.11599,0.69677734375,0.585693359375,0.34912109375,unknown
1713974536.15327,0.728271484375,0.591796875,0.3505859375,unknown
1713974536.206348,0.71484375,0.58203125,0.31494140625,unknown
1713974536.232399,0.719970703125,0.598388671875,0.31103515625,unknown
1713974536.281517,0.73974609375,0.62744140625,0.33056640625,unknown
1713974536.313615,0.72705078125,0.625732421875,0.31787109375,unknown
1713974536.356876,0.74267578125,0.650146484375,0.312255859375,unknown
1713974536.394665,0.743408203125,0.659912109375,0.296142578125,unknown
1713974536.433416,0.71728515625,0.677490234375,0.291259765625,unknown
1713974536.47418,0.741943359375,0.73193359375,0.2451171875,unknown
1713974536.526902,0.707275390625,0.75341796875,0.193115234375,unknown
1713974536.554868,0.721923828125,0.750244140625,0.139404296875,unknown
1713974536.605521,0.708740234375,0.7314453125,0.12158203125,unknown
1713974536.633046,0.677734375,0.7119140625,0.110107421875,unknown
1713974536.67358,0.692138671875,0.698974609375,0.0673828125,unknown
1713974536.713297,0.693115234375,0.69775390625,0.07861328125,unknown
1713974536.752442,0.70947265625,0.70458984375,0.072021484375,unknown
1713974536.793614,0.706787109375,0.711669921875,0.07177734375,unknown
1713974536.833592,0.726806640625,0.698486328125,0.0576171875,unknown
1713974536.873968,0.7216796875,0.69189453125,0.083984375,unknown
1713974536.915232,0.7216796875,0.695556640625,0.089599609375,unknown
1713974536.958444,0.72705078125,0.7060546875,0.088134765625,unknown
1713974536.99407,0.708740234375,0.720947265625,0.066650390625,unknown
1713974537.035172,0.694580078125,0.7255859375,0.04296875,unknown
1713974537.075379,0.68798828125,0.731689453125,0.026611328125,unknown
1713974537.115587,0.6865234375,0.749755859375,0.025390625,unknown
1713974537.156472,0.672119140625,0.77001953125,0.01318359375,unknown
1713974537.196013,0.657958984375,0.78271484375,0.01513671875,unknown
1713974537.233168,0.68408203125,0.787353515625,-0.0244140625,unknown
1713974537.274235,0.664794921875,0.765625,-0.030517578125,unknown
1713974537.312234,0.674072265625,0.761474609375,-0.0185546875,unknown
1713974537.355237,0.6494140625,0.739013671875,-0.033203125,unknown
1713974537.395373,0.650390625,0.70654296875,-0.0380859375,unknown
1713974537.437713,0.666748046875,0.709228515625,-0.0498046875,unknown
1713974537.477956,0.69287109375,0.739990234375,-0.067626953125,unknown
1713974537.519431,0.714599609375,0.78662109375,-0.0615234375,unknown
1713974537.553717,0.690673828125,0.797607421875,-0.054931640625,unknown
1713974537.599849,0.693115234375,0.78173828125,-0.075927734375,unknown
1713974537.641127,0.67431640625,0.760986328125,-0.085205078125,unknown
1713974537.679661,0.6767578125,0.748046875,-0.0966796875,unknown
1713974537.715932,0.674560546875,0.738525390625,-0.100341796875,unknown
1713974537.755084,0.672119140625,0.74365234375,-0.103515625,unknown
1713974537.800163,0.675048828125,0.74267578125,-0.11181640625,unknown
1713974537.837988,0.669189453125,0.7587890625,-0.108154296875,unknown
1713974537.875333,0.675537109375,0.783935546875,-0.105224609375,unknown
1713974537.914189,0.652587890625,0.80712890625,-0.087158203125,unknown
1713974537.988261,0.6650390625,0.797119140625,-0.117919921875,unknown
1713974538.010306,0.658935546875,0.767822265625,-0.104736328125,unknown
1713974538.034435,0.659423828125,0.75341796875,-0.110595703125,unknown
1713974538.075577,0.6396484375,0.77099609375,-0.103515625,unknown
1713974538.112244,0.6416015625,0.788330078125,-0.118896484375,unknown
1713974538.162019,0.644775390625,0.78515625,-0.134033203125,unknown
1713974538.19416,0.625732421875,0.7822265625,-0.136962890625,unknown
1713974538.243541,0.627197265625,0.784912109375,-0.1396484375,unknown
1713974538.281319,0.62744140625,0.789306640625,-0.1435546875,unknown
1713974538.315591,0.634033203125,0.803466796875,-0.13671875,unknown
1713974538.357871,0.628662109375,0.802734375,-0.146728515625,unknown
1713974538.397058,0.620361328125,0.79736328125,-0.165283203125,unknown
1713974538.436281,0.613037109375,0.79248046875,-0.163818359375,unknown
1713974538.476037,0.6123046875,0.785888671875,-0.169921875,unknown
1713974538.516013,0.61474609375,0.788330078125,-0.1640625,unknown
1713974538.556487,0.61962890625,0.79345703125,-0.156982421875,unknown
1713974538.595479,0.621826171875,0.792236328125,-0.1591796875,unknown
1713974538.635605,0.622802734375,0.7919921875,-0.1484375,unknown
1713974538.67448,0.625244140625,0.791748046875,-0.142822265625,unknown
1713974538.714726,0.63232421875,0.78759765625,-0.138427734375,unknown
1713974538.755835,0.630859375,0.778076171875,-0.128662109375,unknown
1713974538.796564,0.634033203125,0.771484375,-0.126220703125,unknown
1713974538.835636,0.64404296875,0.76708984375,-0.11767578125,unknown
1713974538.875714,0.656005859375,0.779541015625,-0.097900390625,unknown
1713974538.91748,0.663818359375,0.777099609375,-0.0986328125,unknown
1713974538.965244,0.672607421875,0.775390625,-0.103271484375,unknown
1713974538.996859,0.667724609375,0.7646484375,-0.09619140625,unknown
1713974539.038374,0.666259765625,0.7626953125,-0.09619140625,unknown
1713974539.077774,0.661376953125,0.76171875,-0.09765625,unknown
1713974539.119422,0.66455078125,0.7607421875,-0.1015625,unknown
1713974539.158755,0.66552734375,0.758544921875,-0.10302734375,unknown
1713974539.202058,0.6669921875,0.760498046875,-0.108154296875,unknown
1713974539.234869,0.663818359375,0.75927734375,-0.11376953125,unknown
1713974539.274087,0.66650390625,0.75927734375,-0.120361328125,unknown
1713974539.317433,0.666015625,0.756103515625,-0.124267578125,unknown
1713974539.355903,0.65869140625,0.759033203125,-0.125,unknown
1713974539.395367,0.661376953125,0.76171875,-0.13671875,unknown
1713974539.435725,0.661376953125,0.763427734375,-0.131103515625,unknown
1713974539.47902,0.656982421875,0.762451171875,-0.132568359375,unknown
1713974539.516387,0.66064453125,0.764404296875,-0.134521484375,unknown
1713974539.555472,0.657958984375,0.7607421875,-0.134765625,unknown
1713974539.596578,0.6630859375,0.758056640625,-0.13330078125,unknown
1713974539.638429,0.664306640625,0.7587890625,-0.123291015625,unknown
1713974539.676977,0.664794921875,0.761962890625,-0.119384765625,unknown
1713974539.721484,0.663330078125,0.7626953125,-0.12646484375,unknown
1713974539.757342,0.66064453125,0.76220703125,-0.124755859375,unknown
1713974539.802053,0.658935546875,0.757080078125,-0.123291015625,unknown
1713974539.84077,0.6689453125,0.7548828125,-0.113037109375,unknown
1713974539.877013,0.67333984375,0.76171875,-0.10791015625,unknown
1713974539.91607,0.669189453125,0.759033203125,-0.107177734375,unknown
1713974539.95612,0.67236328125,0.762939453125,-0.106201171875,unknown
1713974540.003424,0.6650390625,0.7607421875,-0.11474609375,unknown
1713974540.038666,0.667724609375,0.760498046875,-0.12109375,unknown
1713974540.077622,0.66650390625,0.762939453125,-0.11279296875,unknown
1713974540.122892,0.66650390625,0.756591796875,-0.1162109375,unknown
1713974540.159925,0.6650390625,0.75830078125,-0.1083984375,unknown
1713974540.198088,0.66650390625,0.7578125,-0.111572265625,unknown
1713974540.2394,0.66162109375,0.75927734375,-0.114990234375,unknown
1713974540.279135,0.6630859375,0.762451171875,-0.122802734375,unknown
1713974540.318234,0.6640625,0.764404296875,-0.115966796875,unknown
1713974540.359184,0.662841796875,0.76123046875,-0.12890625,unknown
1713974540.402094,0.663330078125,0.760009765625,-0.1240234375,unknown
1713974540.439936,0.663330078125,0.759765625,-0.130615234375,unknown
1713974540.48041,0.662353515625,0.754150390625,-0.13232421875,unknown
1713974540.523505,0.6630859375,0.76025390625,-0.1337890625,unknown
1713974540.565779,0.657470703125,0.761474609375,-0.143310546875,unknown
1713974540.602078,0.6552734375,0.760498046875,-0.142578125,unknown
1713974540.640453,0.657470703125,0.760498046875,-0.148681640625,unknown
1713974540.683008,0.6572265625,0.757080078125,-0.144287109375,unknown
1713974540.725427,0.659912109375,0.757080078125,-0.14208984375,unknown
1713974540.757923,0.662109375,0.7626953125,-0.13916015625,unknown
1713974540.803407,0.6591796875,0.758544921875,-0.1396484375,unknown
1713974540.846172,0.657958984375,0.7607421875,-0.138427734375,unknown
1713974540.884957,0.6640625,0.764404296875,-0.135986328125,unknown
1713974540.923075,0.658203125,0.76708984375,-0.12890625,unknown
1713974540.962953,0.65380859375,0.766357421875,-0.134521484375,unknown
1713974541.001823,0.65234375,0.76708984375,-0.133544921875,unknown
1713974541.040491,0.65478515625,0.76318359375,-0.138916015625,unknown
1713974541.079267,0.6533203125,0.76171875,-0.134765625,unknown
1713974541.119073,0.659423828125,0.76611328125,-0.1337890625,unknown
1713974541.158988,0.656005859375,0.7626953125,-0.138427734375,unknown
1713974541.198175,0.656005859375,0.760498046875,-0.138916015625,unknown
1713974541.243013,0.6611328125,0.763916015625,-0.141845703125,unknown
1713974541.278959,0.66015625,0.761962890625,-0.137451171875,unknown
1713974541.321902,0.659912109375,0.76318359375,-0.134033203125,unknown
1713974541.359316,0.661865234375,0.763427734375,-0.130615234375,unknown
1713974541.404557,0.659423828125,0.758544921875,-0.1328125,unknown
1713974541.439684,0.66162109375,0.758056640625,-0.12841796875,unknown
1713974541.481965,0.667724609375,0.762939453125,-0.130859375,unknown
1713974541.520243,0.660888671875,0.757568359375,-0.132568359375,unknown
1713974541.560752,0.665771484375,0.762451171875,-0.126708984375,unknown
1713974541.60042,0.666259765625,0.76171875,-0.123046875,unknown
1713974541.6415,0.662109375,0.755859375,-0.12353515625,unknown
1713974541.68118,0.663330078125,0.765380859375,-0.12158203125,unknown
1713974541.721383,0.66015625,0.763916015625,-0.1201171875,unknown
1713974541.761044,0.659912109375,0.76171875,-0.13037109375,unknown
1713974541.801654,0.665283203125,0.763671875,-0.123779296875,unknown
1713974541.839763,0.6689453125,0.767822265625,-0.11572265625,unknown
1713974541.878087,0.66796875,0.7626953125,-0.12109375,unknown
1713974541.919567,0.664794921875,0.753173828125,-0.121337890625,unknown
1713974541.959041,0.66796875,0.75244140625,-0.1220703125,unknown
1713974542.000195,0.66650390625,0.758056640625,-0.11962890625,unknown
1713974542.040608,0.66552734375,0.762451171875,-0.12060546875,unknown
1713974542.08155,0.6611328125,0.76171875,-0.12451171875,unknown
1713974542.121263,0.66259765625,0.766357421875,-0.128173828125,unknown
1713974542.160123,0.666015625,0.7626953125,-0.135986328125,unknown
1713974542.200765,0.671875,0.7587890625,-0.1337890625,unknown
1713974542.24119,0.66845703125,0.75537109375,-0.131103515625,unknown
1713974542.281246,0.66943359375,0.75830078125,-0.1298828125,unknown
1713974542.327134,0.6640625,0.76318359375,-0.1357421875,unknown
1713974542.365448,0.658447265625,0.761962890625,-0.151123046875,unknown
1713974542.406056,0.654052734375,0.760986328125,-0.15380859375,unknown
1713974542.444494,0.65576171875,0.7646484375,-0.158203125,unknown
1713974542.48595,0.637451171875,0.765380859375,-0.162841796875,unknown
1713974542.52285,0.631103515625,0.7705078125,-0.16650390625,unknown
1713974542.561528,0.625,0.776611328125,-0.16796875,unknown
1713974542.602073,0.61962890625,0.77880859375,-0.1787109375,unknown
1713974542.642559,0.615234375,0.785888671875,-0.17822265625,unknown
1713974542.683414,0.612060546875,0.794677734375,-0.179931640625,unknown
1713974542.722049,0.626708984375,0.81005859375,-0.18994140625,unknown
1713974542.763739,0.624267578125,0.776611328125,-0.1875,unknown
1713974542.804498,0.61083984375,0.794921875,-0.1640625,unknown
1713974542.843201,0.630859375,0.78955078125,-0.189208984375,unknown
1713974542.884421,0.60009765625,0.802734375,-0.169677734375,unknown
1713974542.92448,0.627197265625,0.788330078125,-0.18115234375,unknown
1713974542.964179,0.61865234375,0.79296875,-0.175048828125,unknown
1713974543.00609,0.6181640625,0.78955078125,-0.1708984375,unknown
1713974543.045151,0.61474609375,0.787841796875,-0.174072265625,unknown
1713974543.086044,0.612060546875,0.79248046875,-0.177490234375,unknown
1713974543.124472,0.614990234375,0.786376953125,-0.170654296875,unknown
1713974543.163171,0.61767578125,0.787841796875,-0.170654296875,unknown
1713974543.204268,0.624755859375,0.791259765625,-0.1689453125,unknown
1713974543.247104,0.626708984375,0.7890625,-0.171630859375,unknown
1713974543.28713,0.623779296875,0.783935546875,-0.166748046875,unknown
1713974543.323852,0.62939453125,0.782958984375,-0.1611328125,unknown
1713974543.36934,0.6318359375,0.779541015625,-0.16064453125,unknown
1713974543.411388,0.634521484375,0.77734375,-0.1552734375,unknown
1713974543.443464,0.635009765625,0.7744140625,-0.14599609375,unknown
1713974543.494918,0.634765625,0.779052734375,-0.14404296875,unknown
1713974543.524864,0.638916015625,0.77685546875,-0.1396484375,unknown
1713974543.578283,0.641357421875,0.783447265625,-0.137939453125,unknown
1713974543.613395,0.63818359375,0.78125,-0.13916015625,unknown
1713974543.645309,0.635009765625,0.785400390625,-0.134765625,unknown
1713974543.686084,0.6328125,0.78955078125,-0.135498046875,unknown
1713974543.729318,0.631103515625,0.794677734375,-0.139404296875,unknown
1713974543.766038,0.626220703125,0.791015625,-0.14501953125,unknown
1713974543.817005,0.627197265625,0.79443359375,-0.1533203125,unknown
1713974543.844633,0.62841796875,0.7919921875,-0.154541015625,unknown
1713974543.889313,0.6328125,0.787841796875,-0.155517578125,unknown
1713974543.93061,0.6328125,0.7822265625,-0.1552734375,unknown
1713974543.964575,0.6337890625,0.77880859375,-0.1572265625,unknown
1713974544.006676,0.62890625,0.776611328125,-0.1611328125,unknown
1713974544.046054,0.6318359375,0.77880859375,-0.161376953125,unknown
1713974544.085689,0.631103515625,0.77783203125,-0.1630859375,unknown
1713974544.126983,0.6318359375,0.77880859375,-0.16259765625,unknown
1713974544.165166,0.63330078125,0.777099609375,-0.1630859375,unknown
1713974544.2059,0.636962890625,0.775146484375,-0.15966796875,unknown
1713974544.249519,0.63916015625,0.77880859375,-0.153076171875,unknown
1713974544.286923,0.637939453125,0.7744140625,-0.15625,unknown
1713974544.338022,0.6357421875,0.77490234375,-0.15771484375,unknown
1713974544.373266,0.638427734375,0.77734375,-0.155029296875,unknown
1713974544.415021,0.63232421875,0.781494140625,-0.1494140625,unknown
1713974544.449586,0.63330078125,0.781494140625,-0.152099609375,unknown
1713974544.486778,0.6318359375,0.78515625,-0.151123046875,unknown
1713974544.524994,0.6318359375,0.787109375,-0.15283203125,unknown
1713974544.565078,0.632568359375,0.784423828125,-0.15478515625,unknown
1713974544.605329,0.6298828125,0.778564453125,-0.152587890625,unknown
1713974544.645658,0.63037109375,0.777587890625,-0.14990234375,unknown
1713974544.687238,0.63232421875,0.782470703125,-0.14990234375,unknown
1713974544.730795,0.6376953125,0.78857421875,-0.14599609375,unknown
1713974544.769951,0.63330078125,0.7822265625,-0.141845703125,unknown
1713974544.808985,0.63671875,0.783447265625,-0.13671875,unknown
1713974544.854311,0.642333984375,0.782958984375,-0.13037109375,unknown
1713974544.887098,0.640625,0.780029296875,-0.12353515625,unknown
1713974544.931642,0.644287109375,0.780517578125,-0.130126953125,unknown
1713974544.967291,0.640380859375,0.77734375,-0.129638671875,unknown
1713974545.020026,0.6474609375,0.77587890625,-0.130615234375,unknown
1713974545.048369,0.643310546875,0.775146484375,-0.12255859375,unknown
1713974545.089938,0.65234375,0.777099609375,-0.122314453125,unknown
1713974545.130978,0.65087890625,0.776123046875,-0.11962890625,unknown
1713974545.168723,0.6533203125,0.779541015625,-0.120849609375,unknown
1713974545.205624,0.6484375,0.7744140625,-0.1240234375,unknown
1713974545.248915,0.649658203125,0.772705078125,-0.125244140625,unknown
1713974545.286013,0.64404296875,0.77197265625,-0.12353515625,unknown
1713974545.326251,0.64208984375,0.773681640625,-0.123779296875,unknown
1713974545.369828,0.649658203125,0.779052734375,-0.128662109375,unknown
1713974545.407669,0.649658203125,0.767578125,-0.139892578125,unknown
1713974545.453286,0.653564453125,0.767822265625,-0.12646484375,unknown
1713974545.488845,0.668212890625,0.769775390625,-0.11376953125,unknown
1713974545.534855,0.6669921875,0.7666015625,-0.101318359375,unknown
1713974545.569286,0.66650390625,0.762939453125,-0.10693359375,unknown
1713974545.615818,0.664306640625,0.7607421875,-0.105224609375,unknown
1713974545.652986,0.66162109375,0.764892578125,-0.10107421875,unknown
1713974545.693695,0.6552734375,0.76318359375,-0.103515625,unknown
1713974545.73097,0.6552734375,0.76953125,-0.099853515625,unknown
1713974545.769987,0.652099609375,0.7744140625,-0.10498046875,unknown
1713974545.809653,0.653564453125,0.777587890625,-0.10009765625,unknown
1713974545.846437,0.661376953125,0.7802734375,-0.09814453125,unknown
1713974545.886995,0.659423828125,0.770263671875,-0.103515625,unknown
1713974545.926189,0.661376953125,0.765380859375,-0.09814453125,unknown
1713974545.966973,0.664306640625,0.7626953125,-0.103271484375,unknown
1713974546.009519,0.663330078125,0.761474609375,-0.09765625,unknown
1713974546.047319,0.6630859375,0.756591796875,-0.10009765625,unknown
1713974546.087104,0.665283203125,0.763671875,-0.101318359375,unknown
1713974546.128063,0.665283203125,0.767333984375,-0.099609375,unknown
1713974546.168955,0.661376953125,0.765625,-0.09765625,unknown
1713974546.208974,0.665771484375,0.7666015625,-0.09423828125,unknown
1713974546.249992,0.663330078125,0.767333984375,-0.0947265625,unknown
1713974546.289113,0.661865234375,0.765869140625,-0.093505859375,unknown
1713974546.331831,0.66015625,0.76953125,-0.098876953125,unknown
1713974546.37124,0.6591796875,0.771484375,-0.097900390625,unknown
1713974546.409332,0.6611328125,0.767333984375,-0.0986328125,unknown
1713974546.448071,0.65966796875,0.76953125,-0.097412109375,unknown
1713974546.487736,0.655517578125,0.769287109375,-0.1025390625,unknown
1713974546.529216,0.6552734375,0.768310546875,-0.10888671875,unknown
1713974546.573643,0.659912109375,0.767578125,-0.102783203125,unknown
1713974546.611447,0.664794921875,0.767822265625,-0.097412109375,unknown
1713974546.648062,0.658935546875,0.763916015625,-0.102783203125,unknown
1713974546.690867,0.656005859375,0.765380859375,-0.10107421875,unknown
1713974546.73466,0.65673828125,0.767822265625,-0.116455078125,unknown
1713974546.768233,0.655029296875,0.76611328125,-0.109619140625,unknown
1713974546.810336,0.66357421875,0.772705078125,-0.0927734375,unknown
1713974546.850077,0.6669921875,0.768798828125,-0.0908203125,unknown
1713974546.891183,0.6640625,0.76513671875,-0.0927734375,unknown
1713974546.930333,0.6630859375,0.76025390625,-0.09716796875,unknown
1713974546.974009,0.66064453125,0.762451171875,-0.09814453125,unknown
1713974547.015609,0.658935546875,0.7626953125,-0.10400390625,unknown
1713974547.054008,0.6650390625,0.766845703125,-0.08837890625,unknown
1713974547.095292,0.66943359375,0.77197265625,-0.082763671875,unknown
1713974547.132551,0.6650390625,0.766845703125,-0.088134765625,unknown
1713974547.172216,0.662353515625,0.766357421875,-0.071533203125,unknown
1713974547.209393,0.6611328125,0.770751953125,-0.082275390625,unknown
1713974547.249867,0.661376953125,0.767333984375,-0.08349609375,unknown
1713974547.292604,0.66455078125,0.766845703125,-0.080322265625,unknown
1713974547.337056,0.663818359375,0.773193359375,-0.08203125,unknown
1713974547.370169,0.65673828125,0.769287109375,-0.078369140625,unknown
1713974547.413867,0.660888671875,0.768310546875,-0.077392578125,unknown
1713974547.451459,0.6650390625,0.773193359375,-0.075439453125,unknown
1713974547.494286,0.6640625,0.773193359375,-0.080810546875,unknown
1713974547.531639,0.661376953125,0.76708984375,-0.078125,unknown
1713974547.572881,0.66650390625,0.76806640625,-0.08544921875,unknown
1713974547.611394,0.665283203125,0.76513671875,-0.083984375,unknown
1713974547.651556,0.6669921875,0.769287109375,-0.0888671875,unknown
1713974547.692183,0.663818359375,0.7666015625,-0.08984375,unknown
1713974547.7309,0.662841796875,0.76806640625,-0.0888671875,unknown
1713974547.769308,0.662109375,0.769287109375,-0.090576171875,unknown
1713974547.809925,0.6591796875,0.76513671875,-0.08642578125,unknown
1713974547.849191,0.66796875,0.76318359375,-0.081787109375,unknown
1713974547.899783,0.66259765625,0.763916015625,-0.080810546875,unknown
1713974547.930795,0.6669921875,0.765625,-0.081298828125,unknown
1713974547.984262,0.66796875,0.7685546875,-0.076416015625,unknown
1713974548.012869,0.660888671875,0.768310546875,-0.0791015625,unknown
1713974548.065537,0.66015625,0.7705078125,-0.076904296875,unknown
1713974548.095194,0.660888671875,0.772216796875,-0.078369140625,unknown
1713974548.147651,0.656494140625,0.77001953125,-0.08056640625,unknown
1713974548.172435,0.662353515625,0.768310546875,-0.0751953125,unknown
1713974548.21516,0.664794921875,0.76953125,-0.077880859375,unknown
1713974548.256612,0.66455078125,0.764892578125,-0.080810546875,unknown
1713974548.295115,0.666748046875,0.762939453125,-0.077880859375,unknown
1713974548.336466,0.666748046875,0.765625,-0.075927734375,unknown
1713974548.374905,0.66796875,0.763671875,-0.076904296875,unknown
1713974548.413215,0.671875,0.765625,-0.070068359375,unknown
1713974548.455044,0.669921875,0.765869140625,-0.074462890625,unknown
1713974548.49239,0.66650390625,0.760498046875,-0.075927734375,unknown
1713974548.530132,0.671142578125,0.7646484375,-0.072021484375,unknown
1713974548.571114,0.67138671875,0.76806640625,-0.069091796875,unknown
1713974548.611095,0.66748046875,0.765380859375,-0.070556640625,unknown
1713974548.652966,0.669921875,0.7626953125,-0.072509765625,unknown
1713974548.693174,0.66943359375,0.763427734375,-0.06640625,unknown
1713974548.732597,0.660400390625,0.765380859375,-0.07861328125,unknown
1713974548.772913,0.663818359375,0.7646484375,-0.0751953125,unknown
1713974548.814734,0.670654296875,0.763916015625,-0.0625,unknown
1713974548.853443,0.66845703125,0.76416015625,-0.06689453125,unknown
1713974548.894763,0.666259765625,0.76220703125,-0.07080078125,unknown
1713974548.934154,0.66845703125,0.76220703125,-0.075927734375,unknown
1713974548.976185,0.66845703125,0.767578125,-0.06787109375,unknown
1713974549.014903,0.66943359375,0.767578125,-0.070556640625,unknown
1713974549.053766,0.663330078125,0.7626953125,-0.072509765625,unknown
1713974549.092476,0.6650390625,0.765380859375,-0.072998046875,unknown
1713974549.133474,0.659912109375,0.7666015625,-0.0751953125,unknown
1713974549.175731,0.665771484375,0.767578125,-0.0830078125,unknown
1713974549.215848,0.65673828125,0.766357421875,-0.07763671875,unknown
1713974549.254733,0.658203125,0.762939453125,-0.080322265625,unknown
1713974549.298501,0.669189453125,0.75927734375,-0.078125,unknown
1713974549.334863,0.672119140625,0.753173828125,-0.078369140625,unknown
1713974549.377355,0.677978515625,0.755126953125,-0.064208984375,unknown
1713974549.414838,0.679443359375,0.750732421875,-0.062255859375,unknown
1713974549.454161,0.681396484375,0.755126953125,-0.05224609375,unknown
1713974549.497836,0.676513671875,0.751953125,-0.056884765625,unknown
1713974549.53544,0.671875,0.76123046875,-0.053466796875,unknown
1713974549.580353,0.6708984375,0.76513671875,-0.06005859375,unknown
1713974549.622423,0.6669921875,0.7763671875,-0.048095703125,unknown
1713974549.661854,0.659912109375,0.78515625,-0.046142578125,unknown
1713974549.705746,0.653564453125,0.793701171875,-0.036865234375,unknown
1713974549.735261,0.64599609375,0.792724609375,-0.05517578125,unknown
1713974549.782471,0.642333984375,0.7841796875,-0.047119140625,unknown
1713974549.814362,0.65087890625,0.77978515625,-0.040771484375,unknown
1713974549.854185,0.65380859375,0.78271484375,-0.02490234375,unknown
1713974549.894243,0.658203125,0.782958984375,-0.02099609375,unknown
1713974549.936061,0.65869140625,0.7783203125,-0.031494140625,unknown
1713974549.976985,0.6650390625,0.775390625,-0.048095703125,unknown
1713974550.018195,0.6611328125,0.772216796875,-0.047119140625,unknown
1713974550.058818,0.66796875,0.77294921875,-0.054931640625,unknown
1713974550.094114,0.665283203125,0.766845703125,-0.06103515625,unknown
1713974550.135444,0.651611328125,0.76611328125,-0.05419921875,unknown
1713974550.176302,0.65185546875,0.771484375,-0.066162109375,unknown
1713974550.216555,0.64208984375,0.77001953125,-0.074462890625,unknown
1713974550.256229,0.652587890625,0.779541015625,-0.072998046875,unknown
1713974550.297509,0.649658203125,0.779296875,-0.07177734375,unknown
1713974550.336663,0.655517578125,0.77783203125,-0.0771484375,unknown
1713974550.379655,0.65771484375,0.768798828125,-0.072998046875,unknown
1713974550.415501,0.66357421875,0.76318359375,-0.060791015625,unknown
1713974550.454342,0.66748046875,0.75634765625,-0.04638671875,unknown
1713974550.494574,0.679931640625,0.751708984375,-0.02294921875,unknown
1713974550.534236,0.685302734375,0.746826171875,-0.003662109375,unknown
1713974550.57589,0.689208984375,0.759765625,0.017578125,unknown
1713974550.615287,0.68017578125,0.758544921875,0.031494140625,unknown
1713974550.657016,0.672607421875,0.761474609375,0.03955078125,unknown
1713974550.708471,0.66943359375,0.773193359375,0.041259765625,unknown
1713974550.736723,0.669189453125,0.77734375,0.04736328125,unknown
1713974550.779192,0.66552734375,0.782470703125,0.04638671875,unknown
1713974550.820071,0.660400390625,0.78662109375,0.04052734375,unknown
1713974550.861558,0.654296875,0.78857421875,0.037353515625,unknown
1713974550.901285,0.6474609375,0.7880859375,0.039794921875,unknown
1713974550.937103,0.64892578125,0.79052734375,0.03515625,unknown
1713974550.977275,0.64794921875,0.78955078125,0.034912109375,unknown
1713974551.017877,0.6494140625,0.786865234375,0.031494140625,unknown
1713974551.055503,0.64453125,0.781982421875,0.027587890625,unknown
1713974551.095268,0.6494140625,0.78076171875,0.029052734375,unknown
1713974551.138067,0.654296875,0.780029296875,0.01806640625,unknown
1713974551.178017,0.655517578125,0.77783203125,0.017822265625,unknown
1713974551.220245,0.657958984375,0.775390625,0.0166015625,unknown
1713974551.258336,0.663818359375,0.776611328125,0.02099609375,unknown
1713974551.297871,0.661865234375,0.778564453125,0.032470703125,unknown
1713974551.336409,0.658203125,0.7880859375,0.0234375,unknown
1713974551.377933,0.64892578125,0.778564453125,0.0068359375,unknown
1713974551.420586,0.65185546875,0.767822265625,0.00537109375,unknown
1713974551.463865,0.65966796875,0.769775390625,0.019775390625,unknown
1713974551.497557,0.66845703125,0.771484375,0.0341796875,unknown
1713974551.551771,0.6650390625,0.77978515625,0.035888671875,unknown
1713974551.578351,0.653564453125,0.771728515625,0.01318359375,unknown
1713974551.622876,0.656494140625,0.76708984375,0.019775390625,unknown
1713974551.6582,0.6640625,0.772216796875,0.038818359375,unknown
1713974551.697304,0.6640625,0.7763671875,0.04443359375,unknown
1713974551.73821,0.6650390625,0.773681640625,0.039306640625,unknown
1713974551.777602,0.668701171875,0.76806640625,0.038330078125,unknown
1713974551.821193,0.667724609375,0.756591796875,0.03955078125,unknown
1713974551.857056,0.67529296875,0.760009765625,0.044677734375,unknown
1713974551.906899,0.680419921875,0.765625,0.050048828125,unknown
1713974551.939629,0.68310546875,0.766845703125,0.051513671875,unknown
1713974551.994052,0.681640625,0.7607421875,0.04931640625,unknown
1713974552.019651,0.678955078125,0.75537109375,0.046630859375,unknown
1713974552.062528,0.68212890625,0.755859375,0.041015625,unknown
1713974552.103315,0.68310546875,0.751708984375,0.038818359375,unknown
1713974552.139095,0.6826171875,0.750732421875,0.038330078125,unknown
1713974552.179547,0.6806640625,0.750732421875,0.03564453125,unknown
1713974552.220966,0.6826171875,0.757080078125,0.0390625,unknown
1713974552.260039,0.68115234375,0.76025390625,0.041748046875,unknown
1713974552.300451,0.674560546875,0.759033203125,0.038818359375,unknown
1713974552.340365,0.6748046875,0.7626953125,0.036376953125,unknown
1713974552.379266,0.67041015625,0.764892578125,0.03857421875,unknown
1713974552.419004,0.669921875,0.762939453125,0.0361328125,unknown
1713974552.459479,0.671630859375,0.766357421875,0.033935546875,unknown
1713974552.499273,0.668701171875,0.76416015625,0.031982421875,unknown
1713974552.540106,0.6767578125,0.75927734375,0.03564453125,unknown
1713974552.582071,0.672607421875,0.757080078125,0.036865234375,unknown
1713974552.623669,0.674072265625,0.758544921875,0.044677734375,unknown
1713974552.665643,0.67529296875,0.760009765625,0.043701171875,unknown
1713974552.706768,0.67529296875,0.76416015625,0.046875,unknown
1713974552.749273,0.6845703125,0.763427734375,0.046630859375,unknown
1713974552.782142,0.678466796875,0.757568359375,0.044189453125,unknown
1713974552.83396,0.68212890625,0.75634765625,0.050048828125,unknown
1713974552.863891,0.681640625,0.7490234375,0.05029296875,unknown
1713974552.902025,0.680419921875,0.7509765625,0.0556640625,unknown
1713974552.942971,0.680908203125,0.756591796875,0.0576171875,unknown
1713974552.982083,0.6806640625,0.762451171875,0.055908203125,unknown
1713974553.025323,0.67919921875,0.763916015625,0.0517578125,unknown
1713974553.0601,0.67529296875,0.76171875,0.048095703125,unknown
1713974553.100359,0.675537109375,0.76123046875,0.052001953125,unknown
1713974553.139901,0.6767578125,0.760498046875,0.051513671875,unknown
1713974553.179058,0.67431640625,0.75830078125,0.0498046875,unknown
1713974553.220042,0.67138671875,0.758544921875,0.04833984375,unknown
1713974553.262608,0.669921875,0.760986328125,0.048583984375,unknown
1713974553.303768,0.67138671875,0.7646484375,0.05078125,unknown
1713974553.347332,0.67041015625,0.762939453125,0.049560546875,unknown
1713974553.388154,0.6748046875,0.761962890625,0.051025390625,unknown
1713974553.43066,0.675048828125,0.759033203125,0.054443359375,unknown
1713974553.462228,0.681396484375,0.75830078125,0.05712890625,unknown
1713974553.501575,0.675537109375,0.753662109375,0.0615234375,unknown
1713974553.54337,0.6796875,0.75439453125,0.062744140625,unknown
1713974553.587406,0.682373046875,0.7548828125,0.0625,unknown
1713974553.621528,0.6796875,0.75634765625,0.0634765625,unknown
1713974553.66189,0.6767578125,0.754150390625,0.0673828125,unknown
1713974553.699441,0.683837890625,0.759521484375,0.065673828125,unknown
1713974553.740054,0.68115234375,0.759765625,0.068603515625,unknown
1713974553.783207,0.678955078125,0.7607421875,0.06640625,unknown
1713974553.820062,0.676513671875,0.75830078125,0.061279296875,unknown
1713974553.861472,0.67724609375,0.759033203125,0.0595703125,unknown
1713974553.901399,0.673828125,0.759033203125,0.058349609375,unknown
1713974553.94103,0.670166015625,0.760986328125,0.0576171875,unknown
1713974553.982384,0.675048828125,0.766357421875,0.0537109375,unknown
1713974554.023638,0.668212890625,0.766357421875,0.049072265625,unknown
1713974554.062857,0.672119140625,0.765625,0.049072265625,unknown
1713974554.103018,0.670654296875,0.76318359375,0.0439453125,unknown
1713974554.144327,0.673095703125,0.76025390625,0.050537109375,unknown
1713974554.188614,0.6748046875,0.75732421875,0.04736328125,unknown
1713974554.223841,0.673095703125,0.761474609375,0.051025390625,unknown
1713974554.262886,0.67822265625,0.75830078125,0.0498046875,unknown
1713974554.305435,0.67626953125,0.76220703125,0.052490234375,unknown
1713974554.341777,0.67724609375,0.760986328125,0.048828125,unknown
1713974554.38238,0.67431640625,0.760986328125,0.0498046875,unknown
1713974554.421045,0.673583984375,0.762451171875,0.045654296875,unknown
1713974554.463276,0.676025390625,0.76708984375,0.044677734375,unknown
1713974554.507254,0.6708984375,0.763671875,0.047119140625,unknown
1713974554.54792,0.672607421875,0.762451171875,0.0439453125,unknown
1713974554.582027,0.67041015625,0.762939453125,0.0498046875,unknown
1713974554.624955,0.666259765625,0.762451171875,0.047119140625,unknown
1713974554.665923,0.66357421875,0.756591796875,0.044921875,unknown
1713974554.710022,0.666015625,0.754638671875,0.040771484375,unknown
1713974554.74896,0.6669921875,0.760498046875,0.042724609375,unknown
1713974554.783227,0.6640625,0.7666015625,0.039306640625,unknown
1713974554.830987,0.6640625,0.779541015625,0.041015625,unknown
1713974554.864051,0.6650390625,0.788330078125,0.039794921875,unknown
1713974554.908386,0.65625,0.78564453125,0.04345703125,unknown
1713974554.943346,0.655029296875,0.77734375,0.03955078125,unknown
1713974554.983158,0.658203125,0.774169921875,0.04248046875,unknown
1713974555.023657,0.65673828125,0.776611328125,0.043701171875,unknown
1713974555.062037,0.6591796875,0.77587890625,0.0361328125,unknown
1713974555.102232,0.66259765625,0.77685546875,0.045166015625,unknown
1713974555.142826,0.6630859375,0.7763671875,0.043701171875,unknown
1713974555.184415,0.656494140625,0.77734375,0.0361328125,unknown
1713974555.227627,0.666259765625,0.77783203125,0.03173828125,unknown
1713974555.274327,0.658935546875,0.76953125,0.029541015625,unknown
1713974555.308001,0.662109375,0.767333984375,0.0361328125,unknown
1713974555.34407,0.667724609375,0.7685546875,0.037841796875,unknown
1713974555.384077,0.668701171875,0.765380859375,0.04052734375,unknown
1713974555.425394,0.66455078125,0.763671875,0.04248046875,unknown
1713974555.467659,0.670654296875,0.766845703125,0.03857421875,unknown
1713974555.505129,0.670166015625,0.7626953125,0.033935546875,unknown
1713974555.547106,0.671142578125,0.7646484375,0.040771484375,unknown
1713974555.588035,0.671142578125,0.77001953125,0.04736328125,unknown
1713974555.632539,0.673828125,0.766845703125,0.04638671875,unknown
1713974555.66621,0.669189453125,0.7568359375,0.0419921875,unknown
1713974555.703412,0.677001953125,0.760498046875,0.048583984375,unknown
1713974555.744584,0.67431640625,0.761474609375,0.05126953125,unknown
1713974555.783674,0.675048828125,0.76611328125,0.055908203125,unknown
1713974555.823976,0.669921875,0.764892578125,0.055419921875,unknown
1713974555.864281,0.67041015625,0.765625,0.050048828125,unknown
1713974555.904453,0.66943359375,0.76708984375,0.049560546875,unknown
1713974555.945337,0.67138671875,0.769775390625,0.0556640625,unknown
1713974555.98519,0.669921875,0.76904296875,0.0576171875,unknown
1713974556.02507,0.67333984375,0.76904296875,0.05517578125,unknown
1713974556.065346,0.669677734375,0.76513671875,0.050048828125,unknown
1713974556.10534,0.667724609375,0.76611328125,0.053955078125,unknown
1713974556.146456,0.66455078125,0.767333984375,0.050048828125,unknown
1713974556.18637,0.666259765625,0.768798828125,0.043212890625,unknown
1713974556.226238,0.6669921875,0.772216796875,0.04638671875,unknown
1713974556.272066,0.67138671875,0.7734375,0.044677734375,unknown
1713974556.307494,0.6669921875,0.763916015625,0.034912109375,unknown
1713974556.347335,0.66796875,0.76025390625,0.03564453125,unknown
1713974556.384758,0.673095703125,0.760009765625,0.0458984375,unknown
1713974556.433368,0.673095703125,0.769775390625,0.052490234375,unknown
1713974556.464845,0.662841796875,0.769775390625,0.043701171875,unknown
1713974556.509261,0.663330078125,0.760498046875,0.031494140625,unknown
1713974556.547716,0.664306640625,0.763427734375,0.04052734375,unknown
1713974556.585114,0.677001953125,0.774169921875,0.045166015625,unknown
1713974556.625959,0.672607421875,0.771240234375,0.044189453125,unknown
1713974556.676586,0.6630859375,0.764404296875,0.039306640625,unknown
1713974556.706209,0.669189453125,0.76611328125,0.037841796875,unknown
1713974556.753047,0.667724609375,0.763916015625,0.02685546875,unknown
1713974556.789372,0.666015625,0.7587890625,0.026123046875,unknown
1713974556.829245,0.675048828125,0.7626953125,0.047119140625,unknown
1713974556.86795,0.67626953125,0.766845703125,0.058349609375,unknown
1713974556.906367,0.669921875,0.76953125,0.053466796875,unknown
1713974556.946576,0.66845703125,0.7705078125,0.048095703125,unknown
1713974556.985155,0.663330078125,0.7666015625,0.044189453125,unknown
1713974557.024383,0.658447265625,0.773681640625,0.05224609375,unknown
1713974557.065607,0.663330078125,0.778564453125,0.044189453125,unknown
1713974557.105208,0.663818359375,0.77783203125,0.046142578125,unknown
1713974557.146177,0.66259765625,0.769287109375,0.0478515625,unknown
1713974557.189936,0.668212890625,0.770263671875,0.060791015625,unknown
1713974557.227182,0.66748046875,0.772216796875,0.058837890625,unknown
1713974557.279891,0.6650390625,0.771728515625,0.055419921875,unknown
1713974557.307226,0.65869140625,0.775146484375,0.046142578125,unknown
1713974557.349854,0.6630859375,0.772705078125,0.052734375,unknown
1713974557.392553,0.665283203125,0.7744140625,0.049560546875,unknown
1713974557.430256,0.66845703125,0.77294921875,0.045654296875,unknown
1713974557.468721,0.666259765625,0.76953125,0.04638671875,unknown
1713974557.51039,0.663818359375,0.76953125,0.045654296875,unknown
1713974557.547305,0.66748046875,0.76953125,0.044189453125,unknown
1713974557.587975,0.662109375,0.7705078125,0.044921875,unknown
1713974557.626242,0.660400390625,0.76904296875,0.039794921875,unknown
1713974557.670519,0.661376953125,0.7685546875,0.04150390625,unknown
1713974557.706328,0.66357421875,0.76953125,0.04443359375,unknown
1713974557.753781,0.666259765625,0.7724609375,0.035888671875,unknown
1713974557.786011,0.664794921875,0.766845703125,0.039306640625,unknown
1713974557.827405,0.66796875,0.767822265625,0.051025390625,unknown
1713974557.867344,0.66845703125,0.771484375,0.05224609375,unknown
1713974557.909825,0.661376953125,0.77001953125,0.04150390625,unknown
1713974557.948245,0.662109375,0.771484375,0.037109375,unknown
1713974557.988676,0.659423828125,0.77734375,0.0537109375,unknown
1713974558.029027,0.656494140625,0.77099609375,0.046630859375,unknown
1713974558.069071,0.6494140625,0.760986328125,0.0458984375,unknown
1713974558.113858,0.665283203125,0.767578125,0.066650390625,unknown
1713974558.149394,0.6708984375,0.773681640625,0.07275390625,unknown
1713974558.202809,0.671630859375,0.765380859375,0.0595703125,unknown
1713974558.230445,0.661376953125,0.7734375,0.070556640625,unknown
1713974558.279707,0.669921875,0.7822265625,0.092041015625,unknown
1713974558.307612,0.663818359375,0.782470703125,0.07958984375,unknown
1713974558.351513,0.648681640625,0.766845703125,0.0654296875,unknown
1713974558.393845,0.654296875,0.76904296875,0.066650390625,unknown
1713974558.429749,0.65771484375,0.77099609375,0.072998046875,unknown
1713974558.469193,0.66650390625,0.778076171875,0.07861328125,unknown
1713974558.510865,0.661376953125,0.7705078125,0.080322265625,unknown
1713974558.549176,0.66015625,0.772216796875,0.071044921875,unknown
1713974558.593555,0.6630859375,0.773193359375,0.076904296875,unknown
1713974558.630837,0.6640625,0.769287109375,0.073486328125,unknown
1713974558.670352,0.661865234375,0.7666015625,0.073974609375,unknown
1713974558.711051,0.666259765625,0.767333984375,0.07275390625,unknown
1713974558.750702,0.666259765625,0.76416015625,0.074462890625,unknown
1713974558.790917,0.666748046875,0.759765625,0.073974609375,unknown
1713974558.834409,0.671142578125,0.760009765625,0.07470703125,unknown
1713974558.873918,0.66943359375,0.763671875,0.072998046875,unknown
1713974558.91229,0.66748046875,0.7666015625,0.072265625,unknown
1713974558.954248,0.66748046875,0.767333984375,0.072265625,unknown
1713974558.987221,0.66552734375,0.765869140625,0.072021484375,unknown
1713974559.032248,0.66796875,0.769287109375,0.069091796875,unknown
1713974559.06797,0.6650390625,0.76708984375,0.0732421875,unknown
1713974559.108281,0.666748046875,0.77294921875,0.070556640625,unknown
1713974559.149531,0.66455078125,0.77001953125,0.0673828125,unknown
1713974559.190655,0.661865234375,0.768798828125,0.067138671875,unknown
1713974559.22954,0.66552734375,0.7685546875,0.064697265625,unknown
1713974559.275639,0.66748046875,0.766357421875,0.066650390625,unknown
1713974559.314433,0.664306640625,0.762939453125,0.07568359375,unknown
1713974559.353071,0.673583984375,0.7724609375,0.0751953125,unknown
1713974559.391812,0.672119140625,0.771728515625,0.06689453125,unknown
1713974559.431295,0.6640625,0.771728515625,0.063720703125,unknown
1713974559.472625,0.664306640625,0.77099609375,0.055419921875,unknown
1713974559.524243,0.6591796875,0.761474609375,0.056640625,unknown
1713974559.54939,0.66748046875,0.76416015625,0.059326171875,unknown
1713974559.597634,0.671875,0.763916015625,0.062255859375,unknown
1713974559.629242,0.666259765625,0.76171875,0.072021484375,unknown
1713974559.676091,0.671142578125,0.768798828125,0.064208984375,unknown
1713974559.709279,0.66943359375,0.771484375,0.068115234375,unknown
1713974559.760372,0.6708984375,0.774658203125,0.055908203125,unknown
1713974559.790236,0.66796875,0.775634765625,0.050048828125,unknown
1713974559.838109,0.66259765625,0.77001953125,0.044189453125,unknown
1713974559.870963,0.664794921875,0.767333984375,0.046142578125,unknown
1713974559.921976,0.664794921875,0.765869140625,0.040283203125,unknown
1713974559.950994,0.65966796875,0.7607421875,0.044189453125,unknown
1713974559.999637,0.6640625,0.762451171875,0.04052734375,unknown
1713974560.031146,0.667724609375,0.759521484375,0.051025390625,unknown
1713974560.079998,0.677734375,0.758544921875,0.05517578125,unknown
1713974560.12037,0.68505859375,0.7548828125,0.06298828125,unknown
1713974560.154414,0.690673828125,0.754638671875,0.072998046875,unknown
1713974560.195347,0.68994140625,0.75341796875,0.07275390625,unknown
1713974560.23303,0.682373046875,0.753662109375,0.06494140625,unknown
1713974560.27333,0.679931640625,0.753662109375,0.0654296875,unknown
1713974560.31357,0.672607421875,0.75439453125,0.0546875,unknown
1713974560.350448,0.67236328125,0.75634765625,0.060546875,unknown
1713974560.391264,0.6806640625,0.76611328125,0.06591796875,unknown
1713974560.430203,0.681640625,0.7568359375,0.06494140625,unknown
1713974560.4702,0.681396484375,0.755615234375,0.06689453125,unknown
1713974560.50999,0.6826171875,0.753662109375,0.062255859375,unknown
1713974560.563685,0.681884765625,0.75341796875,0.057861328125,unknown
1713974560.591277,0.674072265625,0.755615234375,0.05712890625,unknown
1713974560.642715,0.674560546875,0.757080078125,0.05712890625,unknown
1713974560.671493,0.67724609375,0.758056640625,0.06396484375,unknown
1713974560.7209,0.675537109375,0.76025390625,0.059326171875,unknown
1713974560.751611,0.67578125,0.761474609375,0.056396484375,unknown
1713974560.794083,0.6748046875,0.762939453125,0.055908203125,unknown
1713974560.831212,0.673583984375,0.76171875,0.05810546875,unknown
1713974560.871776,0.67041015625,0.762451171875,0.056640625,unknown
1713974560.90977,0.673095703125,0.760986328125,0.044189453125,unknown
1713974560.950611,0.673583984375,0.754638671875,0.056884765625,unknown
1713974560.991532,0.6806640625,0.755615234375,0.072509765625,unknown
1713974561.032139,0.685302734375,0.761962890625,0.07275390625,unknown
1713974561.072321,0.680908203125,0.75830078125,0.064453125,unknown
1713974561.111031,0.6728515625,0.7568359375,0.049560546875,unknown
1713974561.152827,0.673828125,0.7587890625,0.055908203125,unknown
1713974561.204291,0.676025390625,0.763427734375,0.053466796875,unknown
1713974561.232366,0.672119140625,0.76220703125,0.05322265625,unknown
1713974561.297258,0.671142578125,0.761962890625,0.04736328125,unknown
1713974561.325485,0.67431640625,0.7626953125,0.050537109375,unknown
1713974561.352052,0.673828125,0.7626953125,0.052734375,unknown
1713974561.395411,0.67529296875,0.7578125,0.04345703125,unknown
1713974561.431966,0.677001953125,0.756591796875,0.061279296875,unknown
1713974561.473654,0.67919921875,0.760498046875,0.06298828125,unknown
1713974561.511511,0.674072265625,0.755615234375,0.051025390625,unknown
1713974561.556862,0.674560546875,0.7568359375,0.052001953125,unknown
1713974561.591077,0.6728515625,0.759033203125,0.0546875,unknown
1713974561.630154,0.677001953125,0.760498046875,0.06494140625,unknown
1713974561.673491,0.67529296875,0.765869140625,0.0634765625,unknown
1713974561.711301,0.67041015625,0.761962890625,0.059326171875,unknown
1713974561.751028,0.674560546875,0.759765625,0.05859375,unknown
1713974561.796701,0.678955078125,0.75732421875,0.058349609375,unknown
1713974561.83307,0.675048828125,0.756103515625,0.05908203125,unknown
1713974561.875703,0.677001953125,0.755859375,0.056396484375,unknown
1713974561.912131,0.676025390625,0.761962890625,0.053466796875,unknown
1713974561.953358,0.67724609375,0.7587890625,0.055419921875,unknown
1713974561.994353,0.677734375,0.76123046875,0.055908203125,unknown
1713974562.032971,0.673828125,0.76025390625,0.0498046875,unknown
1713974562.073963,0.6728515625,0.759765625,0.0400390625,unknown
1713974562.115861,0.677001953125,0.757568359375,0.052490234375,unknown
1713974562.153839,0.680908203125,0.759521484375,0.054931640625,unknown
1713974562.1953,0.67578125,0.756591796875,0.05078125,unknown
1713974562.231521,0.67822265625,0.76220703125,0.053955078125,unknown
1713974562.274713,0.6806640625,0.770751953125,0.053955078125,unknown
1713974562.312984,0.672119140625,0.767333984375,0.051513671875,unknown
1713974562.352919,0.666259765625,0.767333984375,0.04638671875,unknown
1713974562.393457,0.6591796875,0.76904296875,0.04248046875,unknown
1713974562.433359,0.6630859375,0.76708984375,0.043701171875,unknown
1713974562.474026,0.663330078125,0.769287109375,0.0498046875,unknown
1713974562.513129,0.662109375,0.774658203125,0.04345703125,unknown
1713974562.554018,0.65576171875,0.77880859375,0.0390625,unknown
1713974562.593356,0.649658203125,0.783935546875,0.03076171875,unknown
1713974562.632994,0.646484375,0.781982421875,0.025634765625,unknown
1713974562.676841,0.652587890625,0.78466796875,0.018798828125,unknown
1713974562.717304,0.654296875,0.781494140625,0.020751953125,unknown
1713974562.756817,0.66357421875,0.784912109375,0.03125,unknown
1713974562.796448,0.6630859375,0.789794921875,0.029296875,unknown
1713974562.835221,0.65673828125,0.780029296875,0.012451171875,unknown
1713974562.873427,0.66357421875,0.77880859375,0.008544921875,unknown
1713974562.912962,0.672607421875,0.769287109375,0.017822265625,unknown
1713974562.953441,0.66845703125,0.77099609375,0.02197265625,unknown
1713974562.995325,0.66845703125,0.765869140625,0.015380859375,unknown
1713974563.034073,0.666748046875,0.76220703125,0.00244140625,unknown
1713974563.074649,0.66796875,0.7626953125,0.01171875,unknown
1713974563.120194,0.66845703125,0.762939453125,0.002685546875,unknown
1713974563.158676,0.669189453125,0.76513671875,0.0029296875,unknown
1713974563.200654,0.666259765625,0.77001953125,0.004638671875,unknown
1713974563.238566,0.675048828125,0.77392578125,0.00537109375,unknown
1713974563.279585,0.671875,0.77392578125,0.004638671875,unknown
1713974563.318399,0.666015625,0.77880859375,0.00537109375,unknown
1713974563.3591,0.6650390625,0.779296875,0.001220703125,unknown
1713974563.396106,0.660888671875,0.779296875,-0.0068359375,unknown
1713974563.452346,0.649169921875,0.77392578125,-0.013916015625,unknown
1713974563.477036,0.653076171875,0.771240234375,-0.015380859375,unknown
1713974563.515671,0.656005859375,0.77001953125,-0.014892578125,unknown
1713974563.555447,0.65380859375,0.768798828125,-0.018310546875,unknown
1713974563.59406,0.662841796875,0.775390625,-0.01953125,unknown
1713974563.635492,0.65966796875,0.77734375,-0.02392578125,unknown
1713974563.675004,0.663818359375,0.777587890625,-0.02294921875,unknown
1713974563.715793,0.66650390625,0.775634765625,-0.027587890625,unknown
1713974563.755997,0.6611328125,0.774658203125,-0.0302734375,unknown
1713974563.795231,0.658935546875,0.77001953125,-0.03271484375,unknown
1713974563.836263,0.6552734375,0.76904296875,-0.037353515625,unknown
1713974563.87597,0.659912109375,0.775634765625,-0.0380859375,unknown
1713974563.917398,0.656494140625,0.77490234375,-0.036865234375,unknown
1713974563.959659,0.658203125,0.77880859375,-0.032470703125,unknown
1713974563.997076,0.660400390625,0.77978515625,-0.0361328125,unknown
1713974564.037077,0.6689453125,0.781005859375,-0.032470703125,unknown
1713974564.07868,0.663818359375,0.779541015625,-0.03369140625,unknown
1713974564.117035,0.666015625,0.780517578125,-0.034912109375,unknown
1713974564.156089,0.65673828125,0.77734375,-0.03857421875,unknown
1713974564.19888,0.6513671875,0.77490234375,-0.049072265625,unknown
1713974564.236042,0.650634765625,0.778076171875,-0.050048828125,unknown
1713974564.276147,0.644287109375,0.771728515625,-0.05908203125,unknown
1713974564.316975,0.652587890625,0.775634765625,-0.0576171875,unknown
1713974564.357183,0.662109375,0.7744140625,-0.057373046875,unknown
1713974564.398397,0.664306640625,0.775390625,-0.051513671875,unknown
1713974564.43816,0.66845703125,0.7705078125,-0.053955078125,unknown
1713974564.48068,0.6708984375,0.777099609375,-0.044677734375,unknown
1713974564.519306,0.67578125,0.782470703125,-0.050537109375,unknown
1713974564.558189,0.644287109375,0.777587890625,-0.05029296875,unknown
1713974564.598583,0.664794921875,0.79833984375,-0.0625,unknown
1713974564.638971,0.63427734375,0.8154296875,-0.13623046875,unknown
1713974564.679223,0.592529296875,0.823486328125,-0.184326171875,unknown
1713974564.719574,0.494384765625,0.7998046875,-0.23193359375,unknown
1713974564.760454,0.511474609375,0.822509765625,-0.260009765625,unknown
1713974564.799079,0.46923828125,0.81494140625,-0.306884765625,unknown
1713974564.838172,0.49462890625,0.837646484375,-0.285888671875,unknown
1713974564.877547,0.491943359375,0.85498046875,-0.291259765625,unknown
1713974564.918537,0.470947265625,0.8701171875,-0.2919921875,unknown
1713974564.958435,0.4931640625,0.886962890625,-0.2734375,unknown
1713974564.999435,0.463134765625,0.866943359375,-0.2998046875,unknown
1713974565.040901,0.45947265625,0.85888671875,-0.28271484375,unknown
1713974565.089865,0.46630859375,0.855712890625,-0.293212890625,unknown
1713974565.117988,0.453369140625,0.85400390625,-0.29296875,unknown
1713974565.159426,0.4619140625,0.85546875,-0.2939453125,unknown
1713974565.200448,0.455810546875,0.863037109375,-0.297607421875,unknown
1713974565.241857,0.46630859375,0.873046875,-0.2998046875,unknown
1713974565.282263,0.465576171875,0.86328125,-0.29931640625,unknown
1713974565.324263,0.458984375,0.860107421875,-0.30517578125,unknown
1713974565.364331,0.467529296875,0.856689453125,-0.312744140625,unknown
1713974565.404992,0.458740234375,0.851806640625,-0.3203125,unknown
1713974565.443875,0.4580078125,0.845458984375,-0.3251953125,unknown
1713974565.479312,0.464111328125,0.85986328125,-0.328125,unknown
1713974565.522336,0.450439453125,0.8564453125,-0.32177734375,unknown
1713974565.560671,0.45703125,0.859375,-0.321044921875,unknown
1713974565.598408,0.455322265625,0.85693359375,-0.335205078125,unknown
1713974565.639143,0.453125,0.8427734375,-0.330078125,unknown
1713974565.679101,0.4501953125,0.839111328125,-0.342529296875,unknown
1713974565.719999,0.45263671875,0.83740234375,-0.34765625,unknown
1713974565.761114,0.4453125,0.83447265625,-0.34521484375,unknown
1713974565.802223,0.454345703125,0.84130859375,-0.346923828125,unknown
1713974565.842298,0.458251953125,0.84521484375,-0.33935546875,unknown
1713974565.880217,0.464599609375,0.843994140625,-0.346923828125,unknown
1713974565.920732,0.4619140625,0.844482421875,-0.345947265625,unknown
1713974565.962494,0.461669921875,0.839599609375,-0.34912109375,unknown
1713974566.001993,0.46337890625,0.84228515625,-0.352294921875,unknown
1713974566.042075,0.463134765625,0.839111328125,-0.35302734375,unknown
1713974566.082271,0.45703125,0.835693359375,-0.3515625,unknown
1713974566.126591,0.459716796875,0.831787109375,-0.3515625,unknown
1713974566.168397,0.464111328125,0.840576171875,-0.355224609375,unknown
1713974566.205157,0.46337890625,0.840576171875,-0.3466796875,unknown
1713974566.244223,0.464111328125,0.845703125,-0.35595703125,unknown
1713974566.286343,0.462646484375,0.83984375,-0.357421875,unknown
1713974566.321198,0.462158203125,0.838623046875,-0.3564453125,unknown
1713974566.361687,0.461669921875,0.836669921875,-0.359375,unknown
1713974566.402366,0.46337890625,0.8388671875,-0.34912109375,unknown
1713974566.44237,0.465087890625,0.839111328125,-0.3505859375,unknown
1713974566.483612,0.4638671875,0.839111328125,-0.3486328125,unknown
1713974566.523557,0.48046875,0.832763671875,-0.351806640625,unknown
1713974566.56437,0.46044921875,0.8388671875,-0.350830078125,unknown
1713974566.602961,0.459716796875,0.83447265625,-0.35595703125,unknown
1713974566.643719,0.462158203125,0.840576171875,-0.34912109375,unknown
1713974566.683832,0.4619140625,0.843505859375,-0.35400390625,unknown
1713974566.724511,0.468017578125,0.84521484375,-0.350830078125,unknown
1713974566.762961,0.46484375,0.84228515625,-0.3515625,unknown
1713974566.805119,0.447021484375,0.83154296875,-0.358154296875,unknown
1713974566.842681,0.453857421875,0.836181640625,-0.355224609375,unknown
1713974566.880985,0.456787109375,0.83251953125,-0.3515625,unknown
1713974566.920905,0.463134765625,0.8427734375,-0.34130859375,unknown
1713974566.961559,0.465576171875,0.83984375,-0.344970703125,unknown
1713974567.000959,0.464111328125,0.836181640625,-0.355712890625,unknown
1713974567.042743,0.468505859375,0.828125,-0.350830078125,unknown
1713974567.082645,0.455078125,0.818359375,-0.347900390625,unknown
1713974567.123444,0.4755859375,0.83740234375,-0.318115234375,unknown
1713974567.16348,0.475341796875,0.84912109375,-0.3349609375,unknown
1713974567.202208,0.47216796875,0.853515625,-0.328369140625,unknown
1713974567.242235,0.469482421875,0.857666015625,-0.326904296875,unknown
1713974567.284213,0.46533203125,0.8544921875,-0.329833984375,unknown
1713974567.323075,0.46337890625,0.845703125,-0.328857421875,unknown
1713974567.37761,0.464111328125,0.844482421875,-0.324951171875,unknown
1713974567.403271,0.470458984375,0.84814453125,-0.325927734375,unknown
1713974567.445166,0.477294921875,0.853759765625,-0.328125,unknown
1713974567.484204,0.463623046875,0.840087890625,-0.312744140625,unknown
1713974567.52607,0.45849609375,0.818115234375,-0.31640625,unknown
1713974567.567776,0.50048828125,0.817138671875,-0.24560546875,unknown
1713974567.608165,0.507568359375,0.79345703125,-0.229736328125,unknown
1713974567.642457,0.557861328125,0.828125,-0.1640625,unknown
1713974567.682386,0.602783203125,0.85498046875,-0.09228515625,unknown
1713974567.722964,0.614013671875,0.85791015625,-0.0849609375,unknown
1713974567.763148,0.60693359375,0.845947265625,-0.068359375,unknown
1713974567.803887,0.6025390625,0.83154296875,-0.0693359375,unknown
1713974567.844342,0.60693359375,0.81640625,-0.05224609375,unknown
1713974567.884991,0.61474609375,0.816650390625,-0.03271484375,unknown
1713974567.925117,0.615234375,0.818603515625,-0.0341796875,unknown
1713974567.965961,0.60205078125,0.82177734375,-0.024658203125,unknown
1713974568.004369,0.610595703125,0.822998046875,-0.029052734375,unknown
1713974568.043821,0.607666015625,0.827392578125,-0.022216796875,unknown
1713974568.083102,0.614990234375,0.830078125,-0.022216796875,unknown
1713974568.122442,0.609375,0.823486328125,-0.0244140625,unknown
1713974568.162505,0.61376953125,0.8212890625,-0.02392578125,unknown
1713974568.205662,0.611572265625,0.81298828125,-0.019775390625,unknown
1713974568.241088,0.61474609375,0.810546875,-0.01123046875,unknown
1713974568.282029,0.61865234375,0.811279296875,-0.016845703125,unknown
1713974568.322211,0.622802734375,0.81201171875,-0.017822265625,unknown
1713974568.362048,0.619384765625,0.80859375,-0.02099609375,unknown
1713974568.405469,0.62451171875,0.807373046875,-0.01806640625,unknown
1713974568.450007,0.627685546875,0.80859375,-0.013671875,unknown
1713974568.484029,0.62744140625,0.80517578125,-0.01513671875,unknown
1713974568.530564,0.62744140625,0.8076171875,-0.014404296875,unknown
1713974568.563032,0.62353515625,0.80810546875,-0.0166015625,unknown
1713974568.608081,0.62255859375,0.812744140625,-0.02490234375,unknown
1713974568.645133,0.619384765625,0.810791015625,-0.029052734375,unknown
1713974568.688607,0.619140625,0.810302734375,-0.031005859375,unknown
1713974568.723237,0.620849609375,0.81005859375,-0.032958984375,unknown
1713974568.762053,0.62158203125,0.81005859375,-0.03955078125,unknown
1713974568.800906,0.61767578125,0.807861328125,-0.04150390625,unknown
1713974568.842,0.62158203125,0.814208984375,-0.044189453125,unknown
1713974568.8845,0.6181640625,0.811279296875,-0.04736328125,unknown
1713974568.922972,0.62109375,0.810791015625,-0.052001953125,unknown
1713974568.96358,0.61767578125,0.810302734375,-0.0625,unknown
1713974569.003,0.62353515625,0.813720703125,-0.073486328125,unknown
1713974569.045253,0.614013671875,0.807373046875,-0.08056640625,unknown
1713974569.084299,0.6171875,0.814697265625,-0.101318359375,unknown
1713974569.125551,0.62646484375,0.83251953125,-0.09912109375,unknown
1713974569.165971,0.630859375,0.811767578125,-0.115966796875,unknown
1713974569.209234,0.595947265625,0.7958984375,-0.143310546875,unknown
1713974569.253178,0.58935546875,0.786865234375,-0.166748046875,unknown
1713974569.294547,0.582275390625,0.780517578125,-0.184814453125,unknown
1713974569.32623,0.591064453125,0.787841796875,-0.1845703125,unknown
1713974569.37385,0.589599609375,0.79833984375,-0.1845703125,unknown
1713974569.40523,0.589111328125,0.81689453125,-0.188232421875,unknown
1713974569.448225,0.5771484375,0.816650390625,-0.1953125,unknown
1713974569.50563,0.559814453125,0.822021484375,-0.198974609375,unknown
1713974569.534183,0.56005859375,0.822509765625,-0.189697265625,unknown
1713974569.572767,0.5595703125,0.818359375,-0.197265625,unknown
1713974569.604975,0.55126953125,0.83154296875,-0.20947265625,unknown
1713974569.64759,0.527587890625,0.8447265625,-0.239990234375,unknown
1713974569.688761,0.5029296875,0.844970703125,-0.255615234375,unknown
1713974569.732974,0.49755859375,0.861328125,-0.2705078125,unknown
1713974569.76505,0.490478515625,0.86865234375,-0.26416015625,unknown
1713974569.804975,0.47802734375,0.873779296875,-0.2724609375,unknown
1713974569.848,0.47802734375,0.8740234375,-0.26708984375,unknown
1713974569.885996,0.4794921875,0.863525390625,-0.264892578125,unknown
1713974569.930933,0.466796875,0.862548828125,-0.269287109375,unknown
1713974569.967854,0.47119140625,0.86767578125,-0.2724609375,unknown
1713974570.008769,0.47998046875,0.86962890625,-0.273681640625,unknown
1713974570.047428,0.478271484375,0.86669921875,-0.275146484375,unknown
1713974570.089556,0.4833984375,0.86669921875,-0.2685546875,unknown
1713974570.129721,0.482177734375,0.86083984375,-0.279296875,unknown
1713974570.171829,0.482421875,0.848388671875,-0.2744140625,unknown
1713974570.205105,0.47900390625,0.847412109375,-0.2763671875,unknown
1713974570.257833,0.482421875,0.849365234375,-0.276611328125,unknown
1713974570.286521,0.484130859375,0.852294921875,-0.284423828125,unknown
1713974570.327649,0.48583984375,0.8564453125,-0.281982421875,unknown
1713974570.367958,0.489013671875,0.857666015625,-0.2880859375,unknown
1713974570.41157,0.484619140625,0.85546875,-0.28466796875,unknown
1713974570.446369,0.488525390625,0.851806640625,-0.284423828125,unknown
1713974570.488199,0.484375,0.84912109375,-0.286865234375,unknown
1713974570.528629,0.485595703125,0.84912109375,-0.28564453125,unknown
1713974570.567762,0.48291015625,0.849853515625,-0.283203125,unknown
1713974570.608711,0.489013671875,0.849609375,-0.28515625,unknown
1713974570.648861,0.4873046875,0.8466796875,-0.280029296875,unknown
1713974570.687847,0.485107421875,0.849365234375,-0.283447265625,unknown
1713974570.73224,0.486572265625,0.8544921875,-0.28515625,unknown
1713974570.770221,0.477294921875,0.85400390625,-0.2880859375,unknown
1713974570.807274,0.475341796875,0.852783203125,-0.291015625,unknown
1713974570.846657,0.473876953125,0.853515625,-0.286376953125,unknown
1713974570.8871,0.47705078125,0.8544921875,-0.287841796875,unknown
1713974570.927789,0.477294921875,0.854736328125,-0.2861328125,unknown
1713974570.968583,0.484130859375,0.85546875,-0.284912109375,unknown
1713974571.012806,0.48291015625,0.85302734375,-0.282470703125,unknown
1713974571.047895,0.48291015625,0.85693359375,-0.283203125,unknown
1713974571.086919,0.484375,0.85546875,-0.28564453125,unknown
1713974571.128918,0.4833984375,0.8544921875,-0.283203125,unknown
1713974571.168605,0.482177734375,0.85107421875,-0.28515625,unknown
1713974571.21167,0.48583984375,0.853515625,-0.292236328125,unknown
1713974571.249034,0.48291015625,0.853515625,-0.28955078125,unknown
1713974571.289685,0.48095703125,0.8525390625,-0.28857421875,unknown
1713974571.328158,0.48388671875,0.85400390625,-0.285888671875,unknown
1713974571.367453,0.48583984375,0.8515625,-0.280517578125,unknown
1713974571.409213,0.485107421875,0.850341796875,-0.27978515625,unknown
1713974571.44675,0.4873046875,0.85009765625,-0.285400390625,unknown
1713974571.493247,0.486572265625,0.850341796875,-0.2841796875,unknown
1713974571.531867,0.484619140625,0.850830078125,-0.275390625,unknown
1713974571.568493,0.490966796875,0.85107421875,-0.27734375,unknown
1713974571.612349,0.489501953125,0.84423828125,-0.275390625,unknown
1713974571.6488,0.496826171875,0.849853515625,-0.263427734375,unknown
1713974571.692025,0.50732421875,0.85107421875,-0.255615234375,unknown
1713974571.728059,0.50830078125,0.844482421875,-0.253662109375,unknown
1713974571.767982,0.507568359375,0.838623046875,-0.252197265625,unknown
1713974571.810224,0.529541015625,0.853759765625,-0.212158203125,unknown
1713974571.850154,0.52734375,0.838134765625,-0.21630859375,unknown
1713974571.894202,0.5283203125,0.82421875,-0.1748046875,unknown
1713974571.929032,0.5478515625,0.827880859375,-0.14697265625,unknown
1713974571.97247,0.57666015625,0.8388671875,-0.08935546875,unknown
1713974572.012263,0.57470703125,0.83447265625,-0.077392578125,unknown
1713974572.061213,0.59423828125,0.8369140625,-0.04833984375,unknown
1713974572.088198,0.600341796875,0.839599609375,-0.03759765625,unknown
1713974572.131724,0.6005859375,0.829833984375,-0.03955078125,unknown
1713974572.167474,0.608154296875,0.83740234375,-0.0185546875,unknown
1713974572.207508,0.605224609375,0.822265625,-0.00830078125,unknown
1713974572.247469,0.6142578125,0.822021484375,0.0048828125,unknown
1713974572.286941,0.616943359375,0.818359375,0.0107421875,unknown
1713974572.33147,0.619140625,0.821533203125,0.020263671875,unknown
1713974572.368324,0.626220703125,0.819091796875,0.017333984375,unknown
1713974572.409779,0.62255859375,0.8154296875,0.012451171875,unknown
1713974572.448993,0.623779296875,0.809326171875,0.007080078125,unknown
1713974572.490823,0.623779296875,0.80615234375,0.00244140625,unknown
1713974572.529413,0.625244140625,0.80322265625,0.001953125,unknown
1713974572.572749,0.624755859375,0.800048828125,0.00634765625,unknown
1713974572.616359,0.62890625,0.800048828125,0.005859375,unknown
1713974572.657726,0.6337890625,0.8046875,0.009033203125,unknown
1713974572.688964,0.634521484375,0.802490234375,0.0048828125,unknown
1713974572.742962,0.629638671875,0.807861328125,0.008056640625,unknown
1713974572.770025,0.63427734375,0.803466796875,0.0048828125,unknown
1713974572.812232,0.63330078125,0.80419921875,0.0009765625,unknown
1713974572.852848,0.630615234375,0.80029296875,-0.001708984375,unknown
1713974572.890195,0.633056640625,0.795166015625,-0.00732421875,unknown
1713974572.930791,0.63427734375,0.794921875,-0.005615234375,unknown
1713974572.969441,0.63623046875,0.79345703125,-0.0078125,unknown
1713974573.010651,0.63427734375,0.794677734375,-0.00634765625,unknown
1713974573.050099,0.646484375,0.7958984375,-0.00732421875,unknown
1713974573.092125,0.643798828125,0.791259765625,-0.006591796875,unknown
1713974573.134527,0.643310546875,0.790283203125,-0.002197265625,unknown
1713974573.176295,0.644775390625,0.7919921875,0.0009765625,unknown
1713974573.211351,0.64208984375,0.787353515625,-0.002197265625,unknown
1713974573.257707,0.644287109375,0.785888671875,0.00048828125,unknown
1713974573.296556,0.64453125,0.788330078125,-0.00048828125,unknown
1713974573.33025,0.640380859375,0.78564453125,-0.001708984375,unknown
1713974573.369711,0.64794921875,0.78759765625,0.013427734375,unknown
1713974573.409131,0.64208984375,0.78955078125,-0.00439453125,unknown
1713974573.450089,0.633544921875,0.7861328125,-0.0009765625,unknown
1713974573.490178,0.635009765625,0.782470703125,0.006103515625,unknown
1713974573.53242,0.64404296875,0.7939453125,-0.00048828125,unknown
1713974573.57257,0.64794921875,0.784423828125,0.016357421875,unknown
1713974573.617752,0.651123046875,0.783935546875,0.016357421875,unknown
1713974573.650247,0.665283203125,0.78369140625,0.02099609375,unknown
1713974573.704085,0.669921875,0.77783203125,0.031982421875,unknown
1713974573.732111,0.660400390625,0.781005859375,0.04443359375,unknown
1713974573.7754,0.675048828125,0.755859375,0.05419921875,unknown
1713974573.812046,0.67822265625,0.76953125,0.041015625,unknown
1713974573.852136,0.687255859375,0.768310546875,0.06298828125,unknown
1713974573.894329,0.675537109375,0.76806640625,0.05078125,unknown
1713974573.935363,0.675537109375,0.762939453125,0.04150390625,unknown
1713974573.974653,0.676025390625,0.764404296875,0.049072265625,unknown
1713974574.012844,0.678466796875,0.75537109375,0.04541015625,unknown
1713974574.055903,0.667724609375,0.74658203125,0.042236328125,unknown
1713974574.09674,0.678466796875,0.75341796875,0.044189453125,unknown
1713974574.143296,0.671142578125,0.744873046875,0.024169921875,unknown
1713974574.172116,0.670654296875,0.757568359375,0.040771484375,unknown
1713974574.213304,0.687255859375,0.771484375,0.02294921875,unknown
1713974574.253597,0.6826171875,0.74658203125,0.019287109375,unknown
1713974574.292268,0.688232421875,0.737548828125,0.021240234375,unknown
1713974574.333245,0.67431640625,0.7744140625,0.02099609375,unknown
1713974574.373184,0.694580078125,0.7333984375,-0.009765625,unknown
1713974574.415705,0.671142578125,0.764892578125,0.002685546875,unknown
1713974574.460137,0.680908203125,0.74560546875,-0.01025390625,unknown
1713974574.503288,0.644287109375,0.7705078125,0.005126953125,unknown
1713974574.536719,0.655029296875,0.773681640625,-0.00634765625,unknown
1713974574.574348,0.6787109375,0.753173828125,-0.001708984375,unknown
1713974574.620103,0.6787109375,0.767822265625,-0.0185546875,unknown
1713974574.654054,0.669189453125,0.76806640625,-0.02197265625,unknown
1713974574.693783,0.66015625,0.76806640625,-0.023193359375,unknown
1713974574.733738,0.660400390625,0.78466796875,-0.02490234375,unknown
1713974574.778699,0.658447265625,0.78564453125,-0.023681640625,unknown
1713974574.813107,0.650146484375,0.7802734375,-0.034423828125,unknown
1713974574.852882,0.647216796875,0.78173828125,-0.038818359375,unknown
1713974574.897203,0.64501953125,0.781982421875,-0.046875,unknown
1713974574.941235,0.645751953125,0.77783203125,-0.048828125,unknown
1713974574.97383,0.6455078125,0.77978515625,-0.044921875,unknown
1713974575.016959,0.654541015625,0.787353515625,-0.043212890625,unknown
1713974575.054574,0.652587890625,0.7861328125,-0.04248046875,unknown
1713974575.099276,0.64697265625,0.791259765625,-0.04345703125,unknown
1713974575.135395,0.658447265625,0.788818359375,-0.0478515625,unknown
1713974575.174115,0.658447265625,0.781982421875,-0.052734375,unknown
1713974575.215914,0.65625,0.779052734375,-0.051025390625,unknown
1713974575.255018,0.66015625,0.777099609375,-0.052001953125,unknown
1713974575.292911,0.660888671875,0.77001953125,-0.0498046875,unknown
1713974575.333958,0.6611328125,0.775146484375,-0.051025390625,unknown
1713974575.375418,0.659912109375,0.771240234375,-0.048828125,unknown
1713974575.412092,0.65869140625,0.76708984375,-0.04736328125,unknown
1713974575.452058,0.658935546875,0.76025390625,-0.048828125,unknown
1713974575.493483,0.66015625,0.75927734375,-0.04736328125,unknown
1713974575.533515,0.66845703125,0.783935546875,-0.039306640625,unknown
1713974575.577231,0.66796875,0.766845703125,-0.032470703125,unknown
1713974575.612981,0.68212890625,0.762939453125,-0.039794921875,unknown
1713974575.65593,0.72314453125,0.747314453125,-0.031494140625,unknown
1713974575.694278,0.649169921875,0.77685546875,-0.041015625,unknown
1713974575.739316,0.672119140625,0.747314453125,-0.059814453125,unknown
1713974575.782503,0.690185546875,0.746337890625,-0.02001953125,unknown
1713974575.820608,0.67431640625,0.763427734375,-0.03662109375,unknown
1713974575.856165,0.6728515625,0.7578125,-0.04052734375,unknown
1713974575.898712,0.669921875,0.760009765625,-0.0380859375,unknown
1713974575.933312,0.6728515625,0.76318359375,-0.037109375,unknown
1713974575.973074,0.673095703125,0.766357421875,-0.035400390625,unknown
1713974576.01716,0.669921875,0.76611328125,-0.03857421875,unknown
1713974576.051988,0.66796875,0.768310546875,-0.046142578125,unknown
1713974576.092825,0.670654296875,0.768798828125,-0.041748046875,unknown
1713974576.133017,0.67236328125,0.771484375,-0.04638671875,unknown
1713974576.179051,0.66796875,0.7724609375,-0.04736328125,unknown
1713974576.219139,0.664794921875,0.765380859375,-0.0546875,unknown
1713974576.266831,0.664306640625,0.763671875,-0.052734375,unknown
1713974576.29486,0.666259765625,0.765625,-0.053955078125,unknown
1713974576.333892,0.664306640625,0.76123046875,-0.044921875,unknown
1713974576.375652,0.669677734375,0.759765625,-0.042236328125,unknown
1713974576.414873,0.669189453125,0.766845703125,-0.041259765625,unknown
1713974576.454281,0.671142578125,0.770751953125,-0.040283203125,unknown
1713974576.494099,0.662353515625,0.765380859375,-0.041015625,unknown
1713974576.536917,0.668212890625,0.76708984375,-0.043212890625,unknown
1713974576.572864,0.676025390625,0.7744140625,-0.04345703125,unknown
1713974576.612698,0.68017578125,0.7763671875,-0.039794921875,unknown
1713974576.653469,0.6728515625,0.775390625,-0.041015625,unknown
1713974576.693757,0.673095703125,0.778564453125,-0.04443359375,unknown
1713974576.732041,0.670654296875,0.77294921875,-0.03759765625,unknown
1713974576.772311,0.664794921875,0.77734375,-0.043212890625,unknown
1713974576.817534,0.662841796875,0.773681640625,-0.040771484375,unknown
1713974576.853856,0.661376953125,0.782470703125,-0.041259765625,unknown
1713974576.902146,0.666748046875,0.77294921875,-0.036376953125,unknown
1713974576.933089,0.674072265625,0.76708984375,-0.0361328125,unknown
1713974576.977534,0.6767578125,0.7587890625,-0.028076171875,unknown
1713974577.017726,0.67724609375,0.7568359375,-0.03369140625,unknown
1713974577.056254,0.67822265625,0.76220703125,-0.037109375,unknown
1713974577.095268,0.677490234375,0.76123046875,-0.03759765625,unknown
1713974577.135996,0.6728515625,0.760009765625,-0.0400390625,unknown
1713974577.175157,0.67333984375,0.763916015625,-0.0458984375,unknown
1713974577.212823,0.674072265625,0.759521484375,-0.045166015625,unknown
1713974577.251948,0.67431640625,0.753662109375,-0.043701171875,unknown
1713974577.296518,0.678466796875,0.74853515625,-0.036376953125,unknown
1713974577.333508,0.68798828125,0.743408203125,-0.029541015625,unknown
1713974577.373732,0.694091796875,0.742431640625,-0.03076171875,unknown
1713974577.413886,0.693115234375,0.74365234375,-0.021728515625,unknown
1713974577.456701,0.693115234375,0.740234375,-0.0244140625,unknown
1713974577.496062,0.69921875,0.745849609375,-0.02392578125,unknown
1713974577.535417,0.696533203125,0.747802734375,-0.022705078125,unknown
1713974577.577882,0.698486328125,0.75048828125,-0.023193359375,unknown
1713974577.613815,0.69091796875,0.747802734375,-0.02294921875,unknown
1713974577.662338,0.69580078125,0.736328125,-0.02587890625,unknown
1713974577.69816,0.6943359375,0.729736328125,-0.0244140625,unknown
1713974577.736984,0.70458984375,0.738037109375,-0.009521484375,unknown
1713974577.776091,0.6806640625,0.751708984375,-0.0185546875,unknown
1713974577.81673,0.69677734375,0.751708984375,-0.01708984375,unknown
1713974577.856237,0.68505859375,0.76025390625,-0.031494140625,unknown
1713974577.898088,0.682373046875,0.753662109375,-0.040771484375,unknown
1713974577.934082,0.67431640625,0.751220703125,-0.049072265625,unknown
1713974577.979174,0.677734375,0.75341796875,-0.051513671875,unknown
1713974578.014816,0.670654296875,0.751708984375,-0.06103515625,unknown
1713974578.073591,0.673095703125,0.75390625,-0.06494140625,unknown
1713974578.101484,0.675048828125,0.758544921875,-0.061767578125,unknown
1713974578.137173,0.673828125,0.75732421875,-0.058837890625,unknown
1713974578.179471,0.681396484375,0.759765625,-0.05810546875,unknown
1713974578.218476,0.68408203125,0.758544921875,-0.054443359375,unknown
1713974578.259948,0.680908203125,0.756591796875,-0.061279296875,unknown
1713974578.299393,0.679931640625,0.756591796875,-0.056640625,unknown
1713974578.3359,0.677001953125,0.75048828125,-0.05810546875,unknown
1713974578.37586,0.674560546875,0.748779296875,-0.0576171875,unknown
1713974578.417451,0.6767578125,0.7578125,-0.052978515625,unknown
1713974578.459175,0.677490234375,0.7578125,-0.0517578125,unknown
1713974578.495852,0.674560546875,0.75830078125,-0.06005859375,unknown
1713974578.535038,0.68408203125,0.75830078125,-0.046630859375,unknown
1713974578.575818,0.68017578125,0.74951171875,-0.057861328125,unknown
1713974578.614802,0.686767578125,0.76953125,-0.041015625,unknown
1713974578.655769,0.684814453125,0.744873046875,-0.04150390625,unknown
1713974578.695072,0.67578125,0.7509765625,-0.039794921875,unknown
1713974578.735822,0.681396484375,0.752197265625,-0.03271484375,unknown
1713974578.777256,0.680908203125,0.752197265625,-0.025146484375,unknown
1713974578.81514,0.695556640625,0.759765625,-0.006103515625,unknown
1713974578.85671,0.68359375,0.75341796875,-0.010009765625,unknown
1713974578.895884,0.673095703125,0.744140625,-0.013916015625,unknown
1713974578.938862,0.68798828125,0.74365234375,0.001953125,unknown
1713974578.976811,0.6943359375,0.74169921875,0.00732421875,unknown
1713974579.017188,0.69775390625,0.737060546875,0.0205078125,Get ready
1713974579.062827,0.675048828125,0.735107421875,0.013916015625,Get ready
1713974579.101239,0.706787109375,0.756591796875,0.033935546875,Get ready
1713974579.140685,0.704833984375,0.75146484375,0.047119140625,Get ready
1713974579.177847,0.709716796875,0.747314453125,0.051025390625,Get ready
1713974579.218329,0.698486328125,0.739501953125,0.072998046875,Get ready
1713974579.259297,0.70458984375,0.75,0.072265625,Get ready
1713974579.296958,0.7060546875,0.75244140625,0.05859375,Get ready
1713974579.338801,0.69140625,0.758544921875,0.071044921875,Get ready
1713974579.377237,0.677734375,0.76171875,0.06640625,Get ready
1713974579.418438,0.66943359375,0.771240234375,0.0380859375,Get ready
1713974579.458491,0.658203125,0.77197265625,0.02099609375,Get ready
1713974579.499902,0.657470703125,0.766845703125,0.001220703125,Get ready
1713974579.540732,0.65869140625,0.7783203125,-0.004150390625,Get ready
1713974579.579284,0.65625,0.770263671875,-0.013427734375,Get ready
1713974579.619017,0.6630859375,0.767333984375,-0.01123046875,Get ready
1713974579.664076,0.666748046875,0.77001953125,0.00146484375,Get ready
1713974579.704305,0.65673828125,0.777587890625,-0.00341796875,Get ready
1713974579.740716,0.65771484375,0.775146484375,-0.007080078125,Get ready
1713974579.781626,0.6552734375,0.776611328125,-0.00830078125,Get ready
1713974579.822169,0.6611328125,0.7783203125,-0.017822265625,Get ready
1713974579.858689,0.657958984375,0.776611328125,-0.019775390625,Get ready
1713974579.897326,0.659423828125,0.779296875,-0.015380859375,Get ready
1713974579.950822,0.65576171875,0.7802734375,-0.015380859375,Get ready
1713974579.978048,0.647705078125,0.785888671875,-0.010498046875,Get ready
1713974580.030389,0.645263671875,0.793701171875,-0.013916015625,Get ready
1713974580.059938,0.63671875,0.80029296875,-0.025146484375,Get ready
1713974580.109787,0.636474609375,0.803466796875,-0.021728515625,Get ready
1713974580.138117,0.627197265625,0.7998046875,0.002197265625,Get ready
1713974580.180822,0.63525390625,0.80419921875,0.0517578125,Get ready
1713974580.226587,0.66259765625,0.78125,-0.01318359375,Get ready
1713974580.260552,0.628173828125,0.796875,-0.056396484375,Get ready
1713974580.306215,0.58837890625,0.80908203125,-0.062255859375,Get ready
1713974580.346343,0.58984375,0.822265625,-0.097900390625,Get ready
1713974580.384745,0.583740234375,0.835205078125,-0.065673828125,Get ready
1713974580.42054,0.586669921875,0.850341796875,-0.0615234375,Get ready
1713974580.462835,0.574951171875,0.854248046875,-0.04541015625,Get ready
1713974580.504327,0.556884765625,0.86328125,-0.0576171875,Get ready
1713974580.543587,0.529541015625,0.862060546875,-0.0791015625,Get ready
1713974580.57794,0.513916015625,0.8857421875,-0.0361328125,Get ready
1713974580.619352,0.52783203125,0.879638671875,-0.087890625,Get ready
1713974580.659435,0.49658203125,0.910400390625,-0.156005859375,Get ready
1713974580.699339,0.457763671875,0.9296875,-0.173828125,Get ready
1713974580.751603,0.436279296875,0.93798828125,-0.171630859375,Get ready
1713974580.778572,0.44189453125,0.931396484375,-0.166015625,Get ready
1713974580.825761,0.44287109375,0.918212890625,-0.1640625,Get ready
1713974580.859094,0.43798828125,0.9033203125,-0.17724609375,Get ready
1713974580.90976,0.439697265625,0.902099609375,-0.162353515625,Get ready
1713974580.945822,0.447998046875,0.9033203125,-0.189208984375,Get ready
1713974580.986044,0.445068359375,0.910400390625,-0.19384765625,Get ready
1713974581.023983,0.427734375,0.909423828125,-0.220703125,Get ready
1713974581.06494,0.45068359375,0.910400390625,-0.2373046875,Get ready
1713974581.102377,0.445556640625,0.895751953125,-0.22802734375,Get ready
1713974581.141912,0.433349609375,0.885498046875,-0.239013671875,Get ready
1713974581.181791,0.45654296875,0.875244140625,-0.255126953125,Get ready
1713974581.221073,0.462158203125,0.871826171875,-0.262451171875,Get ready
1713974581.259549,0.446533203125,0.85009765625,-0.27490234375,Get ready
1713974581.301039,0.452392578125,0.843994140625,-0.300048828125,Get ready
1713974581.339536,0.455810546875,0.8359375,-0.32421875,Get ready
1713974581.378861,0.45654296875,0.834716796875,-0.33740234375,Get ready
1713974581.419011,0.453125,0.835205078125,-0.335205078125,Get ready
1713974581.459088,0.447021484375,0.8349609375,-0.3369140625,Get ready
1713974581.499838,0.443359375,0.827880859375,-0.34619140625,Get ready
1713974581.541553,0.439697265625,0.83935546875,-0.3369140625,Get ready
1713974581.581042,0.453857421875,0.8583984375,-0.3193359375,Get ready
1713974581.621779,0.4541015625,0.858642578125,-0.318359375,Get ready
1713974581.661128,0.474853515625,0.873779296875,-0.313232421875,Get ready
1713974581.70376,0.462646484375,0.85595703125,-0.304931640625,Get ready
1713974581.740829,0.48291015625,0.853515625,-0.279541015625,Get ready
1713974581.779771,0.479248046875,0.85498046875,-0.261962890625,Get ready
1713974581.819812,0.482177734375,0.8583984375,-0.26171875,Get ready
1713974581.859456,0.475341796875,0.86279296875,-0.25244140625,Get ready
1713974581.901066,0.482666015625,0.870849609375,-0.2421875,Get ready
1713974581.939712,0.480712890625,0.869873046875,-0.249267578125,Get ready
1713974581.980608,0.482177734375,0.866455078125,-0.23876953125,Get ready
1713974582.020497,0.484130859375,0.8681640625,-0.216552734375,Get ready
1713974582.059769,0.487060546875,0.877197265625,-0.220458984375,Get ready
1713974582.100329,0.46923828125,0.88037109375,-0.215576171875,Get ready
1713974582.140781,0.47998046875,0.89013671875,-0.200439453125,Get ready
1713974582.18149,0.476806640625,0.886962890625,-0.21337890625,Get ready
1713974582.220851,0.4794921875,0.879638671875,-0.187255859375,Get ready
1713974582.26475,0.481689453125,0.881591796875,-0.187255859375,Get ready
1713974582.302067,0.4794921875,0.879150390625,-0.178466796875,Get ready
1713974582.343555,0.483642578125,0.88037109375,-0.180908203125,Get ready
1713974582.382766,0.483154296875,0.885009765625,-0.17724609375,Get ready
1713974582.423737,0.480224609375,0.88134765625,-0.171875,Get ready
1713974582.462381,0.493896484375,0.884033203125,-0.1689453125,Get ready
1713974582.50135,0.49609375,0.879638671875,-0.155029296875,Get ready
1713974582.539994,0.5224609375,0.871826171875,-0.137451171875,Get ready
1713974582.584362,0.513916015625,0.873291015625,-0.13671875,Get ready
1713974582.619763,0.50244140625,0.864013671875,-0.1318359375,Get ready
1713974582.660974,0.5205078125,0.866455078125,-0.14697265625,Get ready
1713974582.702161,0.514892578125,0.8740234375,-0.14453125,Get ready
1713974582.741913,0.523193359375,0.879150390625,-0.146240234375,Get ready
1713974582.780843,0.5087890625,0.875,-0.14111328125,Get ready
1713974582.823306,0.530517578125,0.880859375,-0.142333984375,Get ready
1713974582.861981,0.534423828125,0.868896484375,-0.127685546875,Get ready
1713974582.9028,0.521240234375,0.858642578125,-0.131591796875,Get ready
1713974582.947865,0.52685546875,0.85693359375,-0.148193359375,Get ready
1713974582.984534,0.52490234375,0.85888671875,-0.136962890625,Get ready
1713974583.026685,0.52587890625,0.8681640625,-0.144775390625,Get ready
1713974583.063703,0.5302734375,0.870361328125,-0.148681640625,Get ready
1713974583.104343,0.490478515625,0.87158203125,-0.1689453125,Get ready
1713974583.141752,0.52490234375,0.878173828125,-0.158203125,Get ready
1713974583.182686,0.52197265625,0.870361328125,-0.15283203125,Get ready
1713974583.22122,0.514404296875,0.8623046875,-0.159912109375,Get ready
1713974583.26204,0.529052734375,0.86474609375,-0.146728515625,Get ready
1713974583.303922,0.511962890625,0.864013671875,-0.153564453125,Get ready
1713974583.341098,0.524658203125,0.87158203125,-0.16748046875,Get ready
1713974583.38097,0.547607421875,0.858642578125,-0.135986328125,Get ready
1713974583.420926,0.538818359375,0.84912109375,-0.1474609375,Get ready
1713974583.463711,0.549072265625,0.837158203125,-0.148681640625,Get ready
1713974583.504788,0.550048828125,0.8359375,-0.142578125,Get ready
1713974583.543043,0.567138671875,0.8564453125,-0.13330078125,Get ready
1713974583.583807,0.561279296875,0.8525390625,-0.119873046875,Get ready
1713974583.621836,0.567626953125,0.85107421875,-0.121826171875,Get ready
1713974583.664304,0.574462890625,0.840087890625,-0.13232421875,Get ready
1713974583.702595,0.552734375,0.841064453125,-0.131591796875,Get ready
1713974583.742124,0.56591796875,0.841796875,-0.120849609375,Get ready
1713974583.780741,0.555419921875,0.8447265625,-0.122802734375,Get ready
1713974583.822671,0.555419921875,0.83837890625,-0.134521484375,Get ready
1713974583.860306,0.56689453125,0.837890625,-0.12548828125,Get ready
1713974583.900294,0.552001953125,0.83447265625,-0.122314453125,Get ready
1713974583.943521,0.56689453125,0.834228515625,-0.111328125,Get ready
1713974583.993629,0.573974609375,0.84326171875,-0.13037109375,Get ready
1713974584.022552,0.56787109375,0.835205078125,-0.124267578125,Get ready
1713974584.067708,0.5771484375,0.837890625,-0.141357421875,Get ready
1713974584.111252,0.5556640625,0.830810546875,-0.138916015625,Get ready
1713974584.149386,0.564453125,0.835205078125,-0.13818359375,Get ready
1713974584.187973,0.575927734375,0.848876953125,-0.12060546875,Get ready
1713974584.228721,0.56591796875,0.83154296875,-0.144775390625,Get ready
1713974584.268284,0.561279296875,0.838623046875,-0.144287109375,Get ready
1713974584.302343,0.57275390625,0.83642578125,-0.145263671875,Get ready
1713974584.344329,0.57080078125,0.837890625,-0.134765625,Get ready
1713974584.385905,0.568603515625,0.835205078125,-0.144287109375,Get ready
1713974584.425593,0.572021484375,0.83935546875,-0.135009765625,Get ready
1713974584.465333,0.576904296875,0.831298828125,-0.135986328125,Get ready
1713974584.502217,0.590087890625,0.834716796875,-0.138916015625,Get ready
1713974584.542173,0.58349609375,0.832275390625,-0.13037109375,Get ready
1713974584.581599,0.572265625,0.83544921875,-0.1708984375,Get ready
1713974584.623806,0.53564453125,0.826171875,-0.203857421875,Get ready
1713974584.660839,0.5830078125,0.833984375,-0.171142578125,Get ready
1713974584.711482,0.568359375,0.825927734375,-0.169189453125,Get ready
1713974584.740613,0.581787109375,0.83154296875,-0.175048828125,Get ready
1713974584.782437,0.557373046875,0.822509765625,-0.210693359375,Get ready
1713974584.828336,0.55810546875,0.8212890625,-0.2041015625,Get ready
1713974584.868141,0.5830078125,0.83935546875,-0.1796875,Get ready
1713974584.906242,0.5615234375,0.82373046875,-0.195068359375,Get ready
1713974584.945788,0.574951171875,0.828125,-0.193359375,Get ready
1713974584.984413,0.578369140625,0.832763671875,-0.200927734375,Get ready
1713974585.024136,0.568359375,0.822509765625,-0.196044921875,Get ready
1713974585.062385,0.576171875,0.8173828125,-0.203857421875,Get ready
1713974585.101639,0.593017578125,0.8173828125,-0.175537109375,Get ready
1713974585.139941,0.572998046875,0.81396484375,-0.2060546875,Get ready
1713974585.181255,0.55419921875,0.802001953125,-0.229248046875,Get ready
1713974585.222499,0.600830078125,0.813720703125,-0.205810546875,Get ready
1713974585.262629,0.572509765625,0.8095703125,-0.217529296875,Get ready
1713974585.300848,0.56591796875,0.807861328125,-0.222412109375,Get ready
1713974585.344143,0.573486328125,0.81982421875,-0.224365234375,Get ready
1713974585.381733,0.560546875,0.8037109375,-0.231201171875,Get ready
1713974585.422879,0.591796875,0.81005859375,-0.224365234375,Get ready
1713974585.464258,0.55712890625,0.805419921875,-0.236572265625,Get ready
1713974585.501891,0.564697265625,0.817626953125,-0.244140625,Get ready
1713974585.54464,0.57470703125,0.8115234375,-0.2724609375,Get ready
1713974585.58651,0.506103515625,0.811767578125,-0.304931640625,Get ready
1713974585.622438,0.554931640625,0.83544921875,-0.230712890625,Get ready
1713974585.66317,0.49755859375,0.8251953125,-0.23779296875,Get ready
1713974585.700689,0.53173828125,0.818603515625,-0.2080078125,Get ready
1713974585.739913,0.544189453125,0.814453125,-0.103759765625,Get ready
1713974585.781114,0.612060546875,0.809326171875,-0.088623046875,Get ready
1713974585.823932,0.552978515625,0.780029296875,-0.127685546875,Get ready
1713974585.861856,0.544921875,0.803466796875,-0.141845703125,Get ready
1713974585.910518,0.524658203125,0.835205078125,-0.142333984375,Get ready
1713974585.94323,0.5703125,0.86181640625,-0.08154296875,Get ready
1713974585.985005,0.5859375,0.83349609375,-0.087158203125,Get ready
1713974586.022716,0.544677734375,0.817626953125,-0.03173828125,Get ready
1713974586.063095,0.567138671875,0.8515625,-0.03759765625,Get ready
1713974586.103136,0.51806640625,0.852783203125,-0.0322265625,Get ready
1713974586.142831,0.509521484375,0.861328125,-0.042724609375,Get ready
1713974586.186943,0.49609375,0.872802734375,-0.020751953125,Get ready
1713974586.257761,0.485595703125,0.902587890625,-0.008056640625,Get ready
1713974586.271558,0.520263671875,0.907958984375,-0.00146484375,Get ready
1713974586.303914,0.504638671875,0.920166015625,-0.00048828125,Get ready
1713974586.343277,0.546630859375,0.879638671875,0.056396484375,Get ready
1713974586.382767,0.521728515625,0.87060546875,0.030517578125,Get ready
1713974586.424727,0.53466796875,0.867919921875,0.044677734375,Get ready
1713974586.461931,0.547119140625,0.91650390625,0.067626953125,Get ready
1713974586.50488,0.57958984375,0.914306640625,0.116943359375,Get ready
1713974586.548499,0.555908203125,0.899658203125,0.08056640625,Get ready
1713974586.585244,0.568115234375,0.88134765625,0.1220703125,Get ready
1713974586.634688,0.5556640625,0.87255859375,0.117431640625,Get ready
1713974586.664132,0.550048828125,0.869140625,0.091796875,Get ready
1713974586.707135,0.54296875,0.854248046875,0.08544921875,Get ready
1713974586.744671,0.54638671875,0.871826171875,0.065185546875,Get ready
1713974586.791,0.5693359375,0.870361328125,0.072265625,Get ready
1713974586.825379,0.53857421875,0.871337890625,0.049072265625,Get ready
1713974586.87455,0.55517578125,0.867431640625,0.06787109375,Get ready
1713974586.904785,0.5576171875,0.85693359375,0.04345703125,Get ready
1713974586.952763,0.5400390625,0.86328125,0.037109375,Get ready
1713974586.990992,0.558837890625,0.881103515625,0.038818359375,Get ready
1713974587.024765,0.54541015625,0.880615234375,0.039306640625,Get ready
1713974587.062277,0.548095703125,0.87451171875,0.0263671875,Get ready
1713974587.106233,0.54443359375,0.88427734375,0.04052734375,Get ready
1713974587.148675,0.549072265625,0.87060546875,0.025634765625,Get ready
1713974587.184224,0.528564453125,0.86572265625,0.02734375,Get ready
1713974587.226487,0.536865234375,0.874267578125,0.016845703125,Get ready
1713974587.266472,0.5234375,0.8720703125,0.001220703125,Get ready
1713974587.305797,0.5400390625,0.8759765625,0.008056640625,Get ready
1713974587.345075,0.544921875,0.869140625,-0.014892578125,Get ready
1713974587.387371,0.532470703125,0.864990234375,-0.01611328125,Get ready
1713974587.431662,0.537109375,0.85791015625,-0.01416015625,Get ready
1713974587.464891,0.547607421875,0.861328125,-0.00927734375,Get ready
1713974587.515648,0.551025390625,0.865234375,-0.013427734375,Get ready
1713974587.546034,0.56005859375,0.8701171875,-0.015625,Get ready
1713974587.58981,0.564208984375,0.869384765625,-0.00634765625,Get ready
1713974587.631123,0.567138671875,0.868896484375,-0.00244140625,Get ready
1713974587.665541,0.562744140625,0.861083984375,-0.007568359375,Get ready
1713974587.703386,0.587890625,0.8798828125,0.009033203125,Get ready
1713974587.754382,0.58447265625,0.86572265625,-0.020751953125,Get ready
1713974587.784255,0.591552734375,0.854248046875,-0.046142578125,Get ready
1713974587.835768,0.53466796875,0.845703125,-0.108154296875,Get ready
1713974587.86612,0.51318359375,0.839111328125,-0.1787109375,Get ready
1713974587.911741,0.498779296875,0.82861328125,-0.226806640625,Get ready
1713974587.945681,0.48681640625,0.8291015625,-0.2509765625,Get ready
1713974587.985778,0.486083984375,0.82763671875,-0.28515625,Get ready
1713974588.026014,0.453857421875,0.8349609375,-0.35205078125,Get ready
1713974588.066737,0.41650390625,0.81982421875,-0.36865234375,Get ready
1713974588.107007,0.4482421875,0.85400390625,-0.4033203125,Get ready
1713974588.147016,0.438232421875,0.841552734375,-0.38916015625,Get ready
1713974588.186778,0.436279296875,0.84033203125,-0.400634765625,Get ready
1713974588.226878,0.425537109375,0.825927734375,-0.386474609375,Get ready
1713974588.267145,0.42431640625,0.830810546875,-0.392333984375,Get ready
1713974588.308035,0.4384765625,0.836669921875,-0.38134765625,Get ready
1713974588.346807,0.4365234375,0.83544921875,-0.387939453125,Get ready
1713974588.388679,0.4423828125,0.83203125,-0.36181640625,Get ready
1713974588.427895,0.44873046875,0.8369140625,-0.3759765625,Get ready
1713974588.469636,0.449951171875,0.839599609375,-0.372802734375,Get ready
1713974588.508173,0.44482421875,0.8359375,-0.382568359375,Get ready
1713974588.549935,0.44140625,0.837158203125,-0.380859375,Get ready
1713974588.591933,0.455322265625,0.8388671875,-0.380859375,Get ready
1713974588.626888,0.46142578125,0.8369140625,-0.372314453125,Get ready
1713974588.667131,0.467529296875,0.837158203125,-0.37109375,Get ready
1713974588.706787,0.46484375,0.824951171875,-0.368896484375,Get ready
1713974588.747735,0.44775390625,0.822509765625,-0.37890625,Get ready
1713974588.786821,0.45166015625,0.8271484375,-0.37158203125,Get ready
1713974588.82838,0.4423828125,0.831298828125,-0.3837890625,Get ready
1713974588.868051,0.45263671875,0.82861328125,-0.3759765625,Get ready
1713974588.910164,0.44775390625,0.83251953125,-0.390380859375,Get ready
1713974588.946779,0.450927734375,0.833251953125,-0.378173828125,Get ready
1713974588.984719,0.44140625,0.833251953125,-0.380126953125,Get ready
1713974589.025198,0.44970703125,0.8330078125,-0.374267578125,Get ready
1713974589.066732,0.447509765625,0.836669921875,-0.36669921875,Get ready
1713974589.10607,0.445068359375,0.83935546875,-0.369140625,Get ready
1713974589.148869,0.4443359375,0.843017578125,-0.376953125,Get ready
1713974589.187194,0.449951171875,0.84716796875,-0.37255859375,Get ready
1713974589.226938,0.454345703125,0.84130859375,-0.35986328125,Get ready
1713974589.2679,0.465576171875,0.836181640625,-0.364990234375,Get ready
1713974589.308147,0.455078125,0.830810546875,-0.361572265625,Get ready
1713974589.347859,0.46435546875,0.836181640625,-0.359130859375,Get ready
1713974589.390737,0.459228515625,0.839599609375,-0.3583984375,Get ready
1713974589.428788,0.4521484375,0.837158203125,-0.365478515625,Get ready
1713974589.471445,0.462158203125,0.838134765625,-0.364990234375,Get ready
1713974589.509215,0.44677734375,0.822998046875,-0.37353515625,Get ready
1713974589.54865,0.447265625,0.83154296875,-0.378173828125,Get ready
1713974589.586704,0.443603515625,0.829345703125,-0.373291015625,Get ready
1713974589.627254,0.45068359375,0.837158203125,-0.383544921875,Get ready
1713974589.667841,0.446044921875,0.83740234375,-0.371826171875,Get ready
1713974589.70811,0.455810546875,0.84521484375,-0.382568359375,Get ready
1713974589.74808,0.44091796875,0.837646484375,-0.375244140625,Get ready
1713974589.789355,0.467041015625,0.84130859375,-0.374755859375,Get ready
1713974589.828685,0.45068359375,0.823486328125,-0.382568359375,Get ready
1713974589.870446,0.462158203125,0.8251953125,-0.377685546875,Get ready
1713974589.912082,0.464111328125,0.81640625,-0.390625,Get ready
1713974589.949083,0.446044921875,0.814208984375,-0.383544921875,Get ready
1713974589.98918,0.470947265625,0.8251953125,-0.3818359375,Get ready
1713974590.030774,0.455810546875,0.823974609375,-0.375732421875,Get ready
1713974590.068868,0.467529296875,0.82568359375,-0.3828125,Get ready
1713974590.108659,0.462646484375,0.826416015625,-0.3779296875,Get ready
1713974590.149624,0.461181640625,0.831298828125,-0.38330078125,Get ready
1713974590.201002,0.4482421875,0.827392578125,-0.385986328125,Get ready
1713974590.228856,0.45166015625,0.831298828125,-0.404296875,Get ready
1713974590.275146,0.44482421875,0.831787109375,-0.389892578125,Get ready
1713974590.308745,0.43310546875,0.814453125,-0.414306640625,Get ready
1713974590.356668,0.4296875,0.802490234375,-0.436279296875,Get ready
1713974590.388661,0.43798828125,0.81787109375,-0.4638671875,Get ready
1713974590.437431,0.41357421875,0.81005859375,-0.482666015625,Get ready
1713974590.468046,0.39794921875,0.80419921875,-0.497314453125,Get ready
1713974590.513009,0.376953125,0.7880859375,-0.536376953125,Get ready
1713974590.554999,0.384033203125,0.78076171875,-0.52392578125,Get ready
1713974590.595035,0.37744140625,0.764404296875,-0.536376953125,Get ready
1713974590.63221,0.383544921875,0.75439453125,-0.550537109375,Get ready
1713974590.672627,0.3779296875,0.75146484375,-0.564208984375,Get ready
1713974590.71364,0.362548828125,0.758544921875,-0.5595703125,Get ready
1713974590.751274,0.37890625,0.756103515625,-0.573486328125,Get ready
1713974590.78983,0.386962890625,0.766357421875,-0.57275390625,Get ready
1713974590.831885,0.396240234375,0.770263671875,-0.55615234375,Get ready
1713974590.86985,0.385498046875,0.758544921875,-0.5322265625,Get ready
1713974590.908858,0.388916015625,0.75,-0.521484375,Get ready
1713974590.949472,0.360595703125,0.742431640625,-0.507080078125,Get ready
1713974590.988024,0.360595703125,0.757080078125,-0.540771484375,Get ready
1713974591.029033,0.367919921875,0.781494140625,-0.49755859375,Get ready
1713974591.069323,0.413818359375,0.8125,-0.468994140625,Get ready
1713974591.109262,0.4091796875,0.83251953125,-0.45751953125,Get ready
1713974591.151214,0.428955078125,0.842529296875,-0.435546875,Get ready
1713974591.195385,0.4365234375,0.845703125,-0.431640625,Get ready
1713974591.233555,0.4453125,0.841796875,-0.42041015625,Get ready
1713974591.273967,0.41357421875,0.813720703125,-0.4453125,Get ready
1713974591.314456,0.439453125,0.816650390625,-0.4140625,Get ready
1713974591.353882,0.44140625,0.813232421875,-0.42431640625,Get ready
1713974591.392712,0.43603515625,0.801025390625,-0.427001953125,Get ready
1713974591.431219,0.430908203125,0.814453125,-0.4423828125,Get ready
1713974591.473095,0.433349609375,0.822509765625,-0.440673828125,Get ready
1713974591.510802,0.4345703125,0.818603515625,-0.43798828125,Get ready
1713974591.55129,0.4306640625,0.8173828125,-0.4404296875,Get ready
1713974591.591041,0.4365234375,0.8203125,-0.44189453125,Get ready
1713974591.6318,0.432861328125,0.81689453125,-0.432861328125,Get ready
1713974591.66985,0.428466796875,0.821044921875,-0.4404296875,Get ready
1713974591.709093,0.43408203125,0.81005859375,-0.432373046875,Get ready
1713974591.748966,0.42041015625,0.80908203125,-0.437255859375,Get ready
1713974591.790431,0.42919921875,0.809814453125,-0.43994140625,Get ready
1713974591.829756,0.40966796875,0.816162109375,-0.43994140625,Get ready
1713974591.871081,0.427001953125,0.8251953125,-0.439453125,Get ready
1713974591.909696,0.430908203125,0.8271484375,-0.43359375,Get ready
1713974591.949879,0.440673828125,0.845947265625,-0.450927734375,Get ready
1713974591.989988,0.447265625,0.839599609375,-0.4619140625,Get ready
1713974592.033646,0.42431640625,0.8056640625,-0.491455078125,Get ready
1713974592.070944,0.40869140625,0.78515625,-0.5,Get ready
1713974592.11336,0.3759765625,0.774169921875,-0.533203125,Get ready
1713974592.150904,0.356201171875,0.7646484375,-0.54833984375,Get ready
1713974592.189801,0.330322265625,0.7568359375,-0.56982421875,Get ready
1713974592.228845,0.3125,0.762451171875,-0.5634765625,Get ready
1713974592.271555,0.328857421875,0.764404296875,-0.580810546875,Get ready
1713974592.309697,0.3134765625,0.75927734375,-0.56884765625,Get ready
1713974592.353115,0.321044921875,0.76171875,-0.5791015625,Get ready
1713974592.389708,0.3173828125,0.7568359375,-0.573974609375,Get ready
1713974592.431598,0.344482421875,0.763916015625,-0.609619140625,Get ready
1713974592.471631,0.35693359375,0.7490234375,-0.608642578125,Get ready
1713974592.518009,0.35888671875,0.738037109375,-0.600341796875,Get ready
1713974592.550693,0.386962890625,0.735107421875,-0.61376953125,Get ready
1713974592.591719,0.361083984375,0.710693359375,-0.606201171875,Get ready
1713974592.632173,0.335693359375,0.7333984375,-0.6259765625,Get ready
1713974592.670588,0.322021484375,0.715087890625,-0.6572265625,Get ready
1713974592.712136,0.312744140625,0.7158203125,-0.637451171875,Get ready
1713974592.752508,0.2998046875,0.728515625,-0.6455078125,Get ready
1713974592.794486,0.290771484375,0.72802734375,-0.626708984375,Get ready
1713974592.833306,0.282470703125,0.743408203125,-0.627685546875,Get ready
1713974592.870983,0.2841796875,0.75830078125,-0.62646484375,Get ready
1713974592.911044,0.28857421875,0.762939453125,-0.63330078125,Get ready
1713974592.949454,0.3095703125,0.753662109375,-0.613525390625,Get ready
1713974592.988839,0.297607421875,0.744384765625,-0.598388671875,Get ready
1713974593.030492,0.319091796875,0.750244140625,-0.610107421875,Get ready
1713974593.070981,0.313232421875,0.7373046875,-0.614990234375,Get ready
1713974593.11166,0.324951171875,0.739013671875,-0.642333984375,Get ready
1713974593.15114,0.321044921875,0.72412109375,-0.6298828125,Get ready
1713974593.190579,0.32861328125,0.7255859375,-0.62255859375,Get ready
1713974593.230582,0.337158203125,0.7255859375,-0.62939453125,Get ready
1713974593.270655,0.337890625,0.7080078125,-0.631591796875,Get ready
1713974593.310746,0.345947265625,0.714111328125,-0.63134765625,Get ready
1713974593.356573,0.328369140625,0.70947265625,-0.65185546875,Get ready
1713974593.393681,0.352783203125,0.728759765625,-0.646484375,Get ready
1713974593.434795,0.34130859375,0.711669921875,-0.64697265625,Get ready
1713974593.471762,0.342529296875,0.718994140625,-0.62841796875,Get ready
1713974593.512877,0.32373046875,0.71923828125,-0.6220703125,Get ready
1713974593.549595,0.33056640625,0.72412109375,-0.621826171875,Get ready
1713974593.591438,0.308837890625,0.7236328125,-0.646484375,Get ready
1713974593.630497,0.3310546875,0.72265625,-0.64208984375,Get ready
1713974593.677548,0.32763671875,0.724365234375,-0.621826171875,Get ready
1713974593.712064,0.328857421875,0.733154296875,-0.614990234375,Get ready
1713974593.756986,0.326171875,0.7392578125,-0.623046875,Get ready
1713974593.793154,0.322998046875,0.7421875,-0.63037109375,Get ready
1713974593.842964,0.336181640625,0.73681640625,-0.62060546875,Get ready
1713974593.871804,0.32470703125,0.737548828125,-0.6123046875,Get ready
1713974593.911694,0.34912109375,0.7373046875,-0.61181640625,Get ready
1713974593.954463,0.34130859375,0.7294921875,-0.603515625,Get ready
1713974593.99669,0.3193359375,0.744873046875,-0.627685546875,Get ready
1713974594.033195,0.330322265625,0.742919921875,-0.6240234375,Get ready
1713974594.075067,0.337890625,0.73486328125,-0.62060546875,Get ready
1713974594.11368,0.34130859375,0.738037109375,-0.625,Get ready
1713974594.152809,0.3525390625,0.732421875,-0.617919921875,Get ready
1713974594.190832,0.315673828125,0.728515625,-0.59716796875,Get ready
1713974594.230661,0.31298828125,0.7470703125,-0.613525390625,Get ready
1713974594.271398,0.31689453125,0.736328125,-0.607177734375,Get ready
1713974594.310825,0.308349609375,0.741943359375,-0.6123046875,Get ready
1713974594.360303,0.331787109375,0.755859375,-0.620849609375,Get ready
1713974594.391767,0.333984375,0.74560546875,-0.6123046875,Get ready
1713974594.435151,0.343505859375,0.74609375,-0.63134765625,Get ready
1713974594.473752,0.3466796875,0.72021484375,-0.6162109375,Get ready
1713974594.512727,0.34521484375,0.71240234375,-0.614501953125,Get ready
1713974594.553027,0.326416015625,0.72705078125,-0.615478515625,Get ready
1713974594.592984,0.332275390625,0.734375,-0.627685546875,Get ready
1713974594.632716,0.3271484375,0.732421875,-0.628662109375,Get ready
1713974594.676255,0.3271484375,0.737060546875,-0.62939453125,Get ready
1713974594.717992,0.343017578125,0.734130859375,-0.623779296875,Get ready
1713974594.754582,0.340576171875,0.73193359375,-0.6171875,Get ready
1713974594.796772,0.343994140625,0.737548828125,-0.62353515625,Get ready
1713974594.833817,0.348876953125,0.726318359375,-0.61328125,Get ready
1713974594.875143,0.34619140625,0.722412109375,-0.60888671875,Get ready
1713974594.912142,0.33740234375,0.726318359375,-0.625244140625,Get ready
1713974594.953448,0.3359375,0.713134765625,-0.62255859375,Get ready
1713974594.99603,0.341552734375,0.72607421875,-0.621826171875,Get ready
1713974595.042915,0.346435546875,0.732666015625,-0.625732421875,Get ready
1713974595.075426,0.336669921875,0.7236328125,-0.62353515625,Get ready
1713974595.119009,0.344482421875,0.732177734375,-0.62158203125,Get ready
1713974595.15361,0.34521484375,0.72509765625,-0.62353515625,Get ready
1713974595.198324,0.344482421875,0.7255859375,-0.62109375,Get ready
1713974595.239911,0.35888671875,0.733642578125,-0.61083984375,Get ready
1713974595.28022,0.3388671875,0.735107421875,-0.615478515625,Get ready
1713974595.317214,0.342041015625,0.73193359375,-0.624267578125,Get ready
1713974595.358335,0.34375,0.7275390625,-0.610107421875,Get ready
1713974595.396454,0.344482421875,0.732666015625,-0.61474609375,Get ready
1713974595.435628,0.343994140625,0.738037109375,-0.612548828125,Get ready
1713974595.473739,0.349365234375,0.7265625,-0.609130859375,Get ready
1713974595.513662,0.336669921875,0.72607421875,-0.61376953125,Get ready
1713974595.556506,0.338134765625,0.73046875,-0.6259765625,Get ready
1713974595.606867,0.3408203125,0.736328125,-0.61572265625,Get ready
1713974595.633263,0.339599609375,0.7353515625,-0.605712890625,Get ready
1713974595.684594,0.345458984375,0.74658203125,-0.6015625,Get ready
1713974595.713847,0.351806640625,0.746337890625,-0.602294921875,Get ready
1713974595.762867,0.3515625,0.748779296875,-0.59228515625,Get ready
1713974595.801607,0.3564453125,0.7490234375,-0.590576171875,Get ready
1713974595.841697,0.35595703125,0.751708984375,-0.594482421875,Get ready
1713974595.880369,0.3662109375,0.749267578125,-0.58056640625,Get ready
1713974595.920507,0.373291015625,0.76220703125,-0.583984375,Get ready
1713974595.959482,0.358154296875,0.762451171875,-0.577880859375,Get ready
1713974596.000513,0.360595703125,0.777587890625,-0.5556640625,Get ready
1713974596.039577,0.356201171875,0.780029296875,-0.541015625,Get ready
1713974596.075647,0.346923828125,0.791015625,-0.550048828125,Get ready
1713974596.119886,0.388671875,0.80029296875,-0.51708984375,Get ready
1713974596.159087,0.383056640625,0.78564453125,-0.510986328125,Get ready
1713974596.199762,0.392822265625,0.798095703125,-0.52587890625,Get ready
1713974596.234601,0.419921875,0.80419921875,-0.4736328125,Get ready
1713974596.282545,0.426025390625,0.815673828125,-0.478759765625,Get ready
1713974596.321279,0.41552734375,0.826904296875,-0.467529296875,Get ready
1713974596.359855,0.43359375,0.824462890625,-0.4423828125,Get ready
1713974596.399319,0.426513671875,0.82080078125,-0.45361328125,Get ready
1713974596.438195,0.42626953125,0.822998046875,-0.406494140625,Get ready
1713974596.478005,0.444580078125,0.826171875,-0.41064453125,Get ready
1713974596.515177,0.42578125,0.8076171875,-0.41162109375,Get ready
1713974596.562229,0.419921875,0.799072265625,-0.34130859375,Get ready
1713974596.595944,0.500732421875,0.84912109375,-0.359619140625,Get ready
1713974596.643363,0.454345703125,0.820556640625,-0.349365234375,Get ready
1713974596.676755,0.478515625,0.836181640625,-0.339599609375,Get ready
1713974596.719231,0.46728515625,0.851318359375,-0.346435546875,Get ready
1713974596.755729,0.4609375,0.8515625,-0.3212890625,Get ready
1713974596.805106,0.455322265625,0.831787109375,-0.328125,Get ready
1713974596.833813,0.446533203125,0.84228515625,-0.334716796875,Get ready
1713974596.882969,0.44873046875,0.843017578125,-0.32470703125,Get ready
1713974596.920396,0.455810546875,0.84619140625,-0.316650390625,Get ready
1713974596.957109,0.446533203125,0.84521484375,-0.3408203125,Get ready
1713974597.00071,0.458984375,0.86328125,-0.332275390625,Get ready
1713974597.042067,0.463623046875,0.851806640625,-0.329833984375,Get ready
1713974597.080846,0.46240234375,0.8515625,-0.328125,Get ready
1713974597.121046,0.4482421875,0.853271484375,-0.320556640625,Get ready
1713974597.161375,0.47216796875,0.87939453125,-0.3232421875,Get ready
1713974597.200118,0.464599609375,0.8544921875,-0.315185546875,Get ready
1713974597.238718,0.451416015625,0.845703125,-0.315673828125,Get ready
1713974597.278146,0.470947265625,0.853515625,-0.3349609375,Get ready
1713974597.317805,0.447998046875,0.85400390625,-0.308837890625,Get ready
1713974597.357582,0.46826171875,0.874755859375,-0.33154296875,Get ready
1713974597.398699,0.46337890625,0.8544921875,-0.347412109375,Get ready
1713974597.438211,0.43505859375,0.8349609375,-0.32470703125,Get ready
1713974597.475601,0.45166015625,0.847900390625,-0.3447265625,Get ready
1713974597.515177,0.45263671875,0.8427734375,-0.3359375,Get ready
1713974597.555673,0.470703125,0.83447265625,-0.345703125,Get ready
1713974597.596953,0.44921875,0.8388671875,-0.33544921875,Get ready
1713974597.636954,0.458251953125,0.861328125,-0.34423828125,Get ready
1713974597.677211,0.45068359375,0.856689453125,-0.33447265625,Get ready
1713974597.716549,0.434814453125,0.861328125,-0.337890625,Get ready
1713974597.758169,0.43212890625,0.859130859375,-0.3369140625,Get ready
1713974597.798055,0.447998046875,0.8447265625,-0.31982421875,Get ready
1713974597.838581,0.460205078125,0.8486328125,-0.361572265625,Get ready
1713974597.885586,0.439453125,0.842041015625,-0.350341796875,Get ready
1713974597.918548,0.4453125,0.842041015625,-0.32568359375,Get ready
1713974597.957685,0.4814453125,0.8525390625,-0.364013671875,Get ready
1713974597.998748,0.477783203125,0.838623046875,-0.330322265625,Get ready
1713974598.038072,0.457275390625,0.839599609375,-0.318359375,Get ready
1713974598.083977,0.45703125,0.8505859375,-0.3173828125,Get ready
1713974598.117124,0.455810546875,0.8623046875,-0.30810546875,Get ready
1713974598.159923,0.4814453125,0.88037109375,-0.318359375,Get ready
1713974598.197743,0.462158203125,0.869140625,-0.303466796875,Get ready
1713974598.241124,0.456787109375,0.861083984375,-0.315185546875,Get ready
1713974598.27978,0.460205078125,0.852294921875,-0.3291015625,Get ready
1713974598.322666,0.46533203125,0.849365234375,-0.351806640625,Get ready
1713974598.361137,0.45751953125,0.839599609375,-0.349609375,Get ready
1713974598.403019,0.452392578125,0.82666015625,-0.340576171875,Get ready
1713974598.441637,0.46337890625,0.83056640625,-0.338134765625,Get ready
1713974598.483946,0.475341796875,0.846435546875,-0.335205078125,Get ready
1713974598.518506,0.47607421875,0.840576171875,-0.332763671875,Get ready
1713974598.558591,0.482421875,0.8505859375,-0.324462890625,Get ready
1713974598.598766,0.4765625,0.84912109375,-0.31640625,Get ready
1713974598.639984,0.472412109375,0.840576171875,-0.328857421875,Get ready
1713974598.679002,0.473876953125,0.8193359375,-0.352294921875,Get ready
1713974598.717625,0.472412109375,0.803955078125,-0.3583984375,Get ready
1713974598.758842,0.47021484375,0.80078125,-0.359375,Get ready
1713974598.795557,0.474609375,0.800048828125,-0.344482421875,Get ready
1713974598.836388,0.48095703125,0.8115234375,-0.336181640625,Get ready
1713974598.876814,0.49072265625,0.8310546875,-0.32958984375,Get ready
1713974598.917679,0.504638671875,0.85205078125,-0.30908203125,Get ready
1713974598.957524,0.5146484375,0.85498046875,-0.302490234375,Get ready
1713974598.999704,0.514404296875,0.853759765625,-0.278076171875,Get ready
1713974599.037519,0.5,0.831298828125,-0.29296875,Get ready
1713974599.082163,0.491943359375,0.82568359375,-0.30224609375,Get ready
1713974599.118833,0.50634765625,0.831787109375,-0.291015625,Get ready
1713974599.162023,0.5,0.82568359375,-0.296875,Get ready
1713974599.202463,0.50439453125,0.836669921875,-0.275390625,Get ready
1713974599.240479,0.51171875,0.839111328125,-0.268798828125,Get ready
1713974599.285683,0.526611328125,0.8623046875,-0.27294921875,Get ready
1713974599.32234,0.53662109375,0.8720703125,-0.241455078125,Get ready
1713974599.357621,0.540771484375,0.881103515625,-0.215576171875,Get ready
1713974599.408626,0.52685546875,0.859130859375,-0.2021484375,Get ready
1713974599.438579,0.547607421875,0.86474609375,-0.18310546875,Get ready
1713974599.476476,0.5458984375,0.852783203125,-0.167236328125,Get ready
1713974599.519706,0.562255859375,0.854736328125,-0.1591796875,Get ready
1713974599.557,0.579345703125,0.87646484375,-0.15771484375,Get ready
1713974599.597593,0.5615234375,0.8525390625,-0.14111328125,Get ready
1713974599.667919,0.55224609375,0.838623046875,-0.118896484375,Get ready
1713974599.680297,0.564208984375,0.85107421875,-0.12548828125,Get ready
1713974599.717595,0.5712890625,0.84716796875,-0.108642578125,Get ready
1713974599.7611,0.5361328125,0.826416015625,-0.08984375,Get ready
1713974599.799365,0.531494140625,0.8291015625,-0.115478515625,Get ready
1713974599.83881,0.517822265625,0.8310546875,-0.130126953125,Get ready
1713974599.878791,0.5146484375,0.850830078125,-0.1376953125,Get ready
1713974599.918683,0.51171875,0.864990234375,-0.130126953125,Get ready
1713974599.959797,0.522216796875,0.86376953125,-0.089599609375,Get ready
1713974599.998836,0.51318359375,0.846923828125,-0.057373046875,Get ready
1713974600.037034,0.558349609375,0.867919921875,-0.025634765625,Get ready
1713974600.079679,0.5703125,0.8740234375,0.0283203125,Get ready
1713974600.115865,0.588623046875,0.9052734375,0.06005859375,Get ready
1713974600.155776,0.61474609375,0.886474609375,0.071533203125,Get ready
1713974600.1969,0.56982421875,0.80322265625,0.119873046875,Get ready
1713974600.240209,0.58447265625,0.789794921875,0.178466796875,Get ready
1713974600.277775,0.59716796875,0.802001953125,0.18408203125,Get ready
1713974600.321535,0.580810546875,0.840087890625,0.20849609375,Get ready
1713974600.358944,0.595458984375,0.85888671875,0.19970703125,Get ready
1713974600.400737,0.57470703125,0.851318359375,0.1513671875,Get ready
1713974600.444492,0.561767578125,0.837890625,0.0859375,Get ready
1713974600.484421,0.551513671875,0.85693359375,0.0263671875,Get ready
1713974600.523889,0.5361328125,0.86572265625,-0.008544921875,Get ready
1713974600.564041,0.538330078125,0.893798828125,-0.027587890625,Get ready
1713974600.602647,0.54248046875,0.90234375,-0.06396484375,Get ready
1713974600.644584,0.528564453125,0.876953125,-0.08935546875,Get ready
1713974600.676748,0.516845703125,0.87109375,-0.080078125,Get ready
1713974600.729127,0.542236328125,0.861083984375,-0.09326171875,Get ready
1713974600.758176,0.532470703125,0.854248046875,-0.11328125,Get ready
1713974600.800947,0.552978515625,0.8515625,-0.139892578125,Get ready
1713974600.837875,0.583740234375,0.85546875,-0.168212890625,Get ready
1713974600.888108,0.582763671875,0.83642578125,-0.17724609375,Get ready
1713974600.917618,0.56298828125,0.8271484375,-0.189453125,Get ready
1713974600.966456,0.54443359375,0.817138671875,-0.1884765625,Get ready
1713974601.004867,0.548095703125,0.824951171875,-0.19677734375,Get ready
1713974601.041913,0.532958984375,0.843994140625,-0.2099609375,Get ready
1713974601.084655,0.5400390625,0.860107421875,-0.203125,Get ready
1713974601.121807,0.515380859375,0.8701171875,-0.200927734375,Get ready
1713974601.164647,0.511474609375,0.862060546875,-0.210693359375,Get ready
1713974601.200671,0.5048828125,0.8505859375,-0.228271484375,Get ready
1713974601.243225,0.49658203125,0.857177734375,-0.21923828125,Get ready
1713974601.284659,0.483642578125,0.8544921875,-0.22216796875,Get ready
1713974601.323742,0.48388671875,0.86376953125,-0.24755859375,Get ready
1713974601.359273,0.47607421875,0.872802734375,-0.248779296875,Get ready
1713974601.404925,0.48779296875,0.882568359375,-0.255859375,Get ready
1713974601.445647,0.49560546875,0.88037109375,-0.259765625,Get ready
1713974601.484223,0.490478515625,0.871337890625,-0.251220703125,Get ready
1713974601.518517,0.484619140625,0.8662109375,-0.233642578125,Get ready
1713974601.557485,0.504638671875,0.848388671875,-0.232177734375,Get ready
1713974601.606836,0.4833984375,0.8251953125,-0.2529296875,Get ready
1713974601.645626,0.48193359375,0.852783203125,-0.281494140625,Get ready
1713974601.686734,0.468994140625,0.859130859375,-0.27783203125,Get ready
1713974601.725068,0.47265625,0.86767578125,-0.31494140625,Get ready
1713974601.761109,0.4609375,0.8642578125,-0.31884765625,Get ready
1713974601.79878,0.475341796875,0.85400390625,-0.314697265625,Get ready
1713974601.840196,0.486572265625,0.845947265625,-0.3291015625,Get ready
1713974601.878738,0.47998046875,0.833251953125,-0.332763671875,Get ready
1713974601.918479,0.495849609375,0.827392578125,-0.312744140625,Get ready
1713974601.961114,0.49169921875,0.82470703125,-0.335205078125,Get ready
1713974601.996598,0.49560546875,0.82275390625,-0.341064453125,Get ready
1713974602.039768,0.4970703125,0.81787109375,-0.33984375,Get ready
1713974602.090294,0.491455078125,0.815185546875,-0.354736328125,Get ready
1713974602.116535,0.50048828125,0.8271484375,-0.356689453125,Get ready
1713974602.168527,0.49951171875,0.8203125,-0.33642578125,Get ready
1713974602.197821,0.47802734375,0.8232421875,-0.350830078125,Get ready
1713974602.246492,0.4765625,0.82373046875,-0.3408203125,Get ready
1713974602.277519,0.489013671875,0.8427734375,-0.333984375,Get ready
1713974602.320397,0.487548828125,0.84521484375,-0.324951171875,Get ready
1713974602.358864,0.472900390625,0.839111328125,-0.319580078125,Get ready
1713974602.409221,0.486572265625,0.852294921875,-0.309326171875,Get ready
1713974602.438525,0.49365234375,0.863037109375,-0.30224609375,Get ready
1713974602.487809,0.492431640625,0.85791015625,-0.301513671875,Get ready
1713974602.518723,0.502685546875,0.842529296875,-0.309814453125,Get ready
1713974602.564225,0.527587890625,0.811279296875,-0.353515625,Get ready
1713974602.596986,0.50341796875,0.7783203125,-0.346923828125,Get ready
1713974602.636917,0.52490234375,0.792724609375,-0.31787109375,Get ready
1713974602.678209,0.526123046875,0.820556640625,-0.294677734375,Get ready
1713974602.725997,0.53271484375,0.819580078125,-0.290283203125,Get ready
1713974602.759923,0.517822265625,0.8203125,-0.287353515625,Get ready
1713974602.80496,0.51904296875,0.833984375,-0.28662109375,Get ready
1713974602.839023,0.51123046875,0.84912109375,-0.279296875,Get ready
1713974602.889242,0.516845703125,0.850341796875,-0.30419921875,Get ready
1713974602.918589,0.49267578125,0.857666015625,-0.280517578125,Get ready
1713974602.961844,0.478515625,0.8623046875,-0.263427734375,Get ready
1713974602.998571,0.483642578125,0.856689453125,-0.27880859375,Get ready
1713974603.047544,0.4931640625,0.843505859375,-0.29248046875,Get ready
1713974603.086157,0.49072265625,0.823486328125,-0.30029296875,Get ready
1713974603.124031,0.493896484375,0.81494140625,-0.321533203125,Get ready
1713974603.161985,0.496826171875,0.81640625,-0.32958984375,Get ready
1713974603.203679,0.496826171875,0.82080078125,-0.314697265625,Get ready
1713974603.240388,0.505126953125,0.835205078125,-0.318603515625,Get ready
1713974603.282371,0.5,0.84375,-0.30908203125,Get ready
1713974603.31894,0.499267578125,0.851318359375,-0.30322265625,Get ready
1713974603.362612,0.4931640625,0.85400390625,-0.299072265625,Get ready
1713974603.399749,0.49853515625,0.851318359375,-0.2998046875,Get ready
1713974603.444542,0.49169921875,0.838623046875,-0.3037109375,Get ready
1713974603.481469,0.497314453125,0.837890625,-0.313232421875,Get ready
1713974603.523369,0.501220703125,0.827392578125,-0.31103515625,Get ready
1713974603.560794,0.49755859375,0.827392578125,-0.302490234375,Get ready
1713974603.602328,0.50634765625,0.82861328125,-0.304443359375,Get ready
1713974603.639517,0.50732421875,0.826904296875,-0.296875,Get ready
1713974603.680791,0.509521484375,0.83251953125,-0.29931640625,Get ready
1713974603.722357,0.5087890625,0.83447265625,-0.297119140625,Get ready
1713974603.774108,0.504150390625,0.83203125,-0.304931640625,Get ready
1713974603.802336,0.501220703125,0.833251953125,-0.30517578125,Get ready
1713974603.852678,0.5009765625,0.834716796875,-0.30908203125,Get ready
1713974603.880282,0.504638671875,0.83154296875,-0.31103515625,Get ready
1713974603.926195,0.50341796875,0.83251953125,-0.30908203125,Get ready
1713974603.961456,0.504150390625,0.834228515625,-0.306884765625,Get ready
1713974603.999331,0.50537109375,0.833251953125,-0.30322265625,Get ready
1713974604.040384,0.501708984375,0.833984375,-0.304443359375,Get ready
1713974604.092719,0.51123046875,0.839111328125,-0.29931640625,Get ready
1713974604.121352,0.50439453125,0.833251953125,-0.298828125,Get ready
1713974604.165477,0.50439453125,0.8369140625,-0.29248046875,Get ready
1713974604.201822,0.50732421875,0.83935546875,-0.290771484375,Get ready
1713974604.245872,0.50390625,0.83642578125,-0.29345703125,Get ready
1713974604.281297,0.50732421875,0.837646484375,-0.2919921875,Get ready
1713974604.33186,0.50634765625,0.83984375,-0.2890625,Get ready
1713974604.361668,0.51123046875,0.83349609375,-0.292236328125,Get ready
1713974604.408323,0.508544921875,0.835693359375,-0.2880859375,Get ready
1713974604.443247,0.510009765625,0.8359375,-0.29296875,Get ready
1713974604.488298,0.505859375,0.836181640625,-0.28955078125,Get ready
1713974604.521625,0.507568359375,0.836669921875,-0.29296875,Get ready
1713974604.561521,0.50732421875,0.83544921875,-0.29052734375,Get ready
1713974604.600801,0.505126953125,0.83544921875,-0.29150390625,Get ready
1713974604.64099,0.508056640625,0.83544921875,-0.29296875,Get ready
1713974604.681901,0.5107421875,0.836181640625,-0.292724609375,Get ready
1713974604.727022,0.50732421875,0.832763671875,-0.2978515625,Get ready
1713974604.763676,0.5048828125,0.8349609375,-0.29345703125,Get ready
1713974604.805645,0.510009765625,0.83642578125,-0.2939453125,Get ready
1713974604.84244,0.505615234375,0.833740234375,-0.290283203125,Get ready
1713974604.885538,0.50830078125,0.836181640625,-0.291015625,Get ready
1713974604.922995,0.50634765625,0.837890625,-0.291259765625,Get ready
1713974604.963948,0.515625,0.8349609375,-0.29541015625,Get ready
1713974605.004982,0.505859375,0.8310546875,-0.289794921875,Get ready
1713974605.057534,0.5068359375,0.82666015625,-0.296142578125,Get ready
1713974605.084463,0.507568359375,0.8271484375,-0.29931640625,Get ready
1713974605.138469,0.509765625,0.831298828125,-0.298583984375,Get ready
1713974605.164777,0.511474609375,0.83740234375,-0.288330078125,Get ready
1713974605.202274,0.513671875,0.84423828125,-0.281982421875,Get ready
1713974605.243076,0.511474609375,0.848388671875,-0.2763671875,Get ready
1713974605.2886,0.508056640625,0.84423828125,-0.283203125,Get ready
1713974605.325516,0.5107421875,0.841064453125,-0.29248046875,Get ready
1713974605.375773,0.5087890625,0.83349609375,-0.294189453125,Get ready
1713974605.404637,0.5029296875,0.833251953125,-0.286376953125,Get ready
1713974605.447114,0.509765625,0.835693359375,-0.287109375,Get ready
1713974605.485202,0.50732421875,0.8369140625,-0.2841796875,Get ready
1713974605.530001,0.5107421875,0.835693359375,-0.2880859375,Get ready
1713974605.566831,0.5068359375,0.83544921875,-0.2861328125,Get ready
1713974605.61056,0.513427734375,0.836669921875,-0.289306640625,Get ready
1713974605.644577,0.50390625,0.837158203125,-0.284423828125,Get ready
1713974605.696538,0.50732421875,0.83984375,-0.28955078125,Get ready
1713974605.72529,0.508056640625,0.841064453125,-0.2880859375,Get ready
1713974605.775722,0.50830078125,0.837646484375,-0.29052734375,Get ready
1713974605.811858,0.509521484375,0.83642578125,-0.29052734375,Get ready
1713974605.844542,0.507080078125,0.836181640625,-0.294189453125,Get ready
1713974605.884704,0.50927734375,0.834228515625,-0.292236328125,Get ready
1713974605.923344,0.511474609375,0.83544921875,-0.2861328125,Get ready
1713974605.963427,0.507568359375,0.8369140625,-0.290283203125,Get ready
1713974606.010129,0.5107421875,0.835205078125,-0.292724609375,Get ready
1713974606.046889,0.5078125,0.834228515625,-0.287841796875,Get ready
1713974606.08969,0.51123046875,0.835693359375,-0.288330078125,Get ready
1713974606.126353,0.504150390625,0.836669921875,-0.288330078125,Get ready
1713974606.167411,0.505126953125,0.8359375,-0.290771484375,Get ready
1713974606.206403,0.507568359375,0.8408203125,-0.291015625,Get ready
1713974606.260178,0.50537109375,0.840576171875,-0.289794921875,Get ready
1713974606.287637,0.5048828125,0.838134765625,-0.29052734375,Get ready
1713974606.340666,0.5068359375,0.837158203125,-0.2939453125,Get ready
1713974606.36778,0.510498046875,0.8369140625,-0.292236328125,Get ready
1713974606.419232,0.504638671875,0.833740234375,-0.291259765625,Get ready
1713974606.448466,0.509521484375,0.836669921875,-0.294189453125,Get ready
1713974606.498535,0.510009765625,0.8330078125,-0.2939453125,Get ready
1713974606.5273,0.509765625,0.83349609375,-0.2939453125,Get ready
1713974606.56873,0.507568359375,0.83349609375,-0.293212890625,Get ready
1713974606.606963,0.510009765625,0.835205078125,-0.29443359375,Get ready
1713974606.648366,0.50634765625,0.83544921875,-0.294921875,Get ready
1713974606.686261,0.510498046875,0.834716796875,-0.29345703125,Get ready
1713974606.727633,0.50927734375,0.831787109375,-0.29052734375,Get ready
1713974606.768501,0.5126953125,0.837158203125,-0.291259765625,Get ready
1713974606.807645,0.5068359375,0.831787109375,-0.291748046875,Get ready
1713974606.849247,0.5087890625,0.833984375,-0.290283203125,Get ready
1713974606.893572,0.5107421875,0.836181640625,-0.29248046875,Get ready
1713974606.927683,0.510009765625,0.83447265625,-0.2900390625,Get ready
1713974606.979495,0.505126953125,0.832275390625,-0.2900390625,Get ready
1713974607.007356,0.51171875,0.835693359375,-0.291259765625,Get ready
1713974607.057811,0.51123046875,0.839111328125,-0.294921875,Get ready
1713974607.08742,0.509521484375,0.832763671875,-0.2919921875,Get ready
1713974607.139538,0.50830078125,0.83349609375,-0.293701171875,Get ready
1713974607.167785,0.50927734375,0.8349609375,-0.2958984375,Get ready
1713974607.20758,0.50927734375,0.834716796875,-0.29638671875,Get ready
1713974607.246369,0.503173828125,0.832763671875,-0.296142578125,Get ready
1713974607.285395,0.50927734375,0.832275390625,-0.298583984375,Get ready
1713974607.325559,0.50537109375,0.833740234375,-0.29736328125,Get ready
1713974607.371029,0.51123046875,0.83447265625,-0.30029296875,Get ready
1713974607.408364,0.50830078125,0.832275390625,-0.30224609375,Get ready
1713974607.450603,0.509765625,0.83251953125,-0.295166015625,Get ready
1713974607.48723,0.507568359375,0.83544921875,-0.298828125,Get ready
1713974607.528684,0.505859375,0.832763671875,-0.29931640625,Get ready
1713974607.568848,0.507080078125,0.827880859375,-0.30029296875,Get ready
1713974607.60997,0.507568359375,0.832275390625,-0.29833984375,Get ready
1713974607.649505,0.514892578125,0.830810546875,-0.300537109375,Get ready
1713974607.689041,0.50732421875,0.830078125,-0.299072265625,Get ready
1713974607.728729,0.51171875,0.830810546875,-0.3046875,Get ready
1713974607.770556,0.51123046875,0.830322265625,-0.30078125,Get ready
1713974607.808942,0.508544921875,0.830078125,-0.30517578125,Get ready
1713974607.848062,0.50927734375,0.8330078125,-0.301025390625,Get ready
1713974607.88645,0.510009765625,0.83154296875,-0.303955078125,Get ready
1713974607.926536,0.507080078125,0.830322265625,-0.301025390625,Get ready
1713974607.968266,0.508056640625,0.83203125,-0.30419921875,Get ready
1713974608.007487,0.50439453125,0.833740234375,-0.30517578125,Get ready
1713974608.047812,0.503173828125,0.826171875,-0.305419921875,Get ready
1713974608.087347,0.50244140625,0.830078125,-0.29833984375,Get ready
1713974608.127634,0.51220703125,0.835205078125,-0.304443359375,Get ready
1713974608.1685,0.50634765625,0.829833984375,-0.30126953125,Get ready
1713974608.209598,0.5068359375,0.83203125,-0.305419921875,Get ready
1713974608.249926,0.50634765625,0.83447265625,-0.3017578125,Get ready
1713974608.291599,0.5087890625,0.831787109375,-0.306396484375,Get ready
1713974608.329695,0.500732421875,0.828369140625,-0.30322265625,Get ready
1713974608.369215,0.508056640625,0.8310546875,-0.3046875,Get ready
1713974608.413916,0.509765625,0.83349609375,-0.300537109375,Get ready
1713974608.448638,0.5068359375,0.836181640625,-0.302734375,Get ready
1713974608.48742,0.504638671875,0.835205078125,-0.304443359375,Get ready
1713974608.529624,0.505615234375,0.83447265625,-0.30419921875,Get ready
1713974608.567861,0.50439453125,0.830810546875,-0.303466796875,Get ready
1713974608.605367,0.506103515625,0.83154296875,-0.30517578125,Get ready
1713974608.647467,0.501220703125,0.83349609375,-0.304931640625,Get ready
1713974608.686401,0.50390625,0.828125,-0.30517578125,Get ready
1713974608.726716,0.502685546875,0.83056640625,-0.3017578125,Get ready
1713974608.767413,0.5078125,0.8359375,-0.300537109375,Get ready
1713974608.809305,0.506103515625,0.833251953125,-0.3017578125,Get ready
1713974608.848341,0.505126953125,0.82958984375,-0.30126953125,Get ready
1713974608.891114,0.5068359375,0.83349609375,-0.301025390625,Get ready
1713974608.92826,0.505615234375,0.833984375,-0.298828125,Get ready
1713974608.972724,0.5029296875,0.833740234375,-0.30029296875,Get ready
1713974609.008311,0.50537109375,0.834228515625,-0.301025390625,Mouth closed
1713974609.048509,0.506103515625,0.83349609375,-0.304931640625,Mouth closed
1713974609.088403,0.50390625,0.834228515625,-0.302001953125,Mouth closed
1713974609.129435,0.504638671875,0.83544921875,-0.304443359375,Mouth closed
1713974609.165344,0.50634765625,0.83056640625,-0.3046875,Mouth closed
1713974609.206713,0.50244140625,0.8310546875,-0.3046875,Mouth closed
1713974609.24879,0.506591796875,0.8359375,-0.304931640625,Mouth closed
1713974609.287763,0.5029296875,0.8330078125,-0.302001953125,Mouth closed
1713974609.327523,0.5087890625,0.836669921875,-0.30517578125,Mouth closed
1713974609.367999,0.5009765625,0.833251953125,-0.3037109375,Mouth closed
1713974609.408374,0.50634765625,0.8349609375,-0.30126953125,Mouth closed
1713974609.44909,0.502197265625,0.834716796875,-0.3037109375,Mouth closed
1713974609.489887,0.50146484375,0.833740234375,-0.30029296875,Mouth closed
1713974609.53123,0.501953125,0.83349609375,-0.303955078125,Mouth closed
1713974609.571398,0.5009765625,0.837890625,-0.301513671875,Mouth closed
1713974609.615249,0.5009765625,0.83544921875,-0.3017578125,Mouth closed
1713974609.656603,0.501220703125,0.83447265625,-0.30224609375,Mouth closed
1713974609.69173,0.505859375,0.8369140625,-0.304443359375,Mouth closed
1713974609.728776,0.501220703125,0.835205078125,-0.302978515625,Mouth closed
1713974609.781322,0.503662109375,0.833984375,-0.301025390625,Mouth closed
1713974609.808013,0.5048828125,0.834716796875,-0.304443359375,Mouth closed
1713974609.847331,0.502685546875,0.834716796875,-0.304931640625,Mouth closed
1713974609.887533,0.504150390625,0.83447265625,-0.305419921875,Mouth closed
1713974609.927522,0.500244140625,0.833740234375,-0.30419921875,Mouth closed
1713974609.969288,0.5029296875,0.83740234375,-0.305419921875,Mouth closed
1713974610.008324,0.5048828125,0.83154296875,-0.30712890625,Mouth closed
1713974610.048552,0.505126953125,0.8369140625,-0.2998046875,Mouth closed
1713974610.089767,0.5068359375,0.8359375,-0.302978515625,Mouth closed
1713974610.1307,0.502685546875,0.831787109375,-0.300048828125,Mouth closed
1713974610.171432,0.50146484375,0.83447265625,-0.306396484375,Mouth closed
1713974610.209358,0.5029296875,0.8349609375,-0.30078125,Mouth closed
1713974610.249342,0.50732421875,0.837890625,-0.305419921875,Mouth closed
1713974610.290702,0.50146484375,0.830078125,-0.30029296875,Mouth closed
1713974610.330455,0.505859375,0.8408203125,-0.30322265625,Mouth closed
1713974610.370355,0.502685546875,0.837158203125,-0.302734375,Mouth closed
1713974610.417351,0.499755859375,0.83447265625,-0.302001953125,Mouth closed
1713974610.449355,0.503173828125,0.836669921875,-0.301025390625,Mouth closed
1713974610.487763,0.502197265625,0.83544921875,-0.301025390625,Mouth closed
1713974610.528528,0.501708984375,0.8369140625,-0.30126953125,Mouth closed
1713974610.574541,0.5029296875,0.837890625,-0.30322265625,Mouth closed
1713974610.612129,0.49951171875,0.838623046875,-0.299560546875,Mouth closed
1713974610.653706,0.5029296875,0.834716796875,-0.30517578125,Mouth closed
1713974610.692456,0.500732421875,0.833251953125,-0.296875,Mouth closed
1713974610.735177,0.5068359375,0.84033203125,-0.30029296875,Mouth closed
1713974610.772354,0.501220703125,0.83154296875,-0.298583984375,Mouth closed
1713974610.816183,0.50537109375,0.83642578125,-0.3017578125,Mouth closed
1713974610.853271,0.501220703125,0.837646484375,-0.30419921875,Mouth closed
1713974610.895952,0.504150390625,0.8359375,-0.30517578125,Mouth closed
1713974610.932615,0.49755859375,0.833251953125,-0.299560546875,Mouth closed
1713974610.974239,0.50439453125,0.837890625,-0.3037109375,Mouth closed
1713974611.011649,0.504150390625,0.836669921875,-0.300537109375,Mouth closed
1713974611.054051,0.501708984375,0.83349609375,-0.303466796875,Mouth closed
1713974611.091509,0.50244140625,0.835205078125,-0.30615234375,Mouth closed
1713974611.129377,0.5009765625,0.835205078125,-0.30859375,Mouth closed
1713974611.169325,0.500244140625,0.833251953125,-0.307373046875,Mouth closed
1713974611.209567,0.500244140625,0.8310546875,-0.310302734375,Mouth closed
1713974611.250768,0.49609375,0.83447265625,-0.309326171875,Mouth closed
1713974611.29051,0.500244140625,0.83447265625,-0.31005859375,Mouth closed
1713974611.330909,0.501220703125,0.831298828125,-0.302978515625,Mouth closed
1713974611.370443,0.5068359375,0.838623046875,-0.30859375,Mouth closed
1713974611.413558,0.501708984375,0.83154296875,-0.303955078125,Mouth closed
1713974611.452382,0.501220703125,0.82958984375,-0.305908203125,Mouth closed
1713974611.492271,0.500244140625,0.83544921875,-0.3095703125,Mouth closed
1713974611.531373,0.505859375,0.832275390625,-0.31005859375,Mouth closed
1713974611.57196,0.4990234375,0.832763671875,-0.306396484375,Mouth closed
1713974611.612802,0.502685546875,0.837646484375,-0.310791015625,Mouth closed
1713974611.652514,0.500732421875,0.83349609375,-0.304931640625,Mouth closed
1713974611.692049,0.502685546875,0.832763671875,-0.3076171875,Mouth closed
1713974611.73153,0.50390625,0.83251953125,-0.310546875,Mouth closed
1713974611.770902,0.496826171875,0.829345703125,-0.31103515625,Mouth closed
1713974611.808813,0.500244140625,0.83154296875,-0.308837890625,Mouth closed
1713974611.850268,0.499755859375,0.833251953125,-0.31103515625,Mouth closed
1713974611.889724,0.50732421875,0.835205078125,-0.314453125,Mouth closed
1713974611.930312,0.50146484375,0.827880859375,-0.314697265625,Mouth closed
1713974611.970979,0.50341796875,0.836669921875,-0.30419921875,Mouth closed
1713974612.010367,0.50341796875,0.83447265625,-0.30859375,Mouth closed
1713974612.051396,0.50244140625,0.83154296875,-0.30859375,Mouth closed
1713974612.09131,0.5009765625,0.831298828125,-0.309814453125,Mouth closed
1713974612.134656,0.501220703125,0.835205078125,-0.3095703125,Mouth closed
1713974612.17598,0.5,0.831298828125,-0.3095703125,Mouth closed
1713974612.21388,0.50146484375,0.83154296875,-0.30810546875,Mouth closed
1713974612.2551,0.50146484375,0.832763671875,-0.308349609375,Mouth closed
1713974612.292395,0.501708984375,0.833740234375,-0.306884765625,Mouth closed
1713974612.33385,0.505615234375,0.83447265625,-0.309326171875,Mouth closed
1713974612.37068,0.500244140625,0.833984375,-0.309814453125,Mouth closed
1713974612.41282,0.502685546875,0.832275390625,-0.307373046875,Mouth closed
1713974612.449354,0.498779296875,0.83740234375,-0.307861328125,Mouth closed
1713974612.491427,0.50146484375,0.838623046875,-0.30908203125,Mouth closed
1713974612.53109,0.5029296875,0.83251953125,-0.311279296875,Mouth closed
1713974612.56936,0.49951171875,0.83251953125,-0.3046875,Mouth closed
1713974612.611556,0.505859375,0.838134765625,-0.306640625,Mouth closed
1713974612.651049,0.50341796875,0.832763671875,-0.302490234375,Mouth closed
1713974612.690297,0.500732421875,0.833984375,-0.306640625,Mouth closed
1713974612.737267,0.50146484375,0.83154296875,-0.307373046875,Mouth closed
1713974612.774853,0.50732421875,0.832763671875,-0.310302734375,Mouth closed
1713974612.811262,0.5009765625,0.829833984375,-0.307373046875,Mouth closed
1713974612.851413,0.50244140625,0.832763671875,-0.3125,Mouth closed
1713974612.896616,0.502685546875,0.83349609375,-0.309326171875,Mouth closed
1713974612.934066,0.498779296875,0.831787109375,-0.31005859375,Mouth closed
1713974612.97638,0.5009765625,0.83349609375,-0.310791015625,Mouth closed
1713974613.013341,0.499755859375,0.832275390625,-0.31103515625,Mouth closed
1713974613.05489,0.50048828125,0.832763671875,-0.310791015625,Mouth closed
1713974613.091618,0.498291015625,0.8330078125,-0.312255859375,Mouth closed
1713974613.133868,0.506591796875,0.837158203125,-0.310546875,Mouth closed
1713974613.171331,0.50146484375,0.83056640625,-0.310546875,Mouth closed
1713974613.212995,0.503662109375,0.833251953125,-0.303466796875,Mouth closed
1713974613.250063,0.5029296875,0.833251953125,-0.304443359375,Mouth closed
1713974613.29148,0.503173828125,0.8310546875,-0.301025390625,Mouth closed
1713974613.330527,0.50244140625,0.831787109375,-0.308349609375,Mouth closed
1713974613.37121,0.504638671875,0.83642578125,-0.3037109375,Mouth closed
1713974613.410279,0.506103515625,0.83544921875,-0.3076171875,Mouth closed
1713974613.464159,0.5,0.83154296875,-0.3037109375,Mouth closed
1713974613.491275,0.505615234375,0.83544921875,-0.30810546875,Mouth closed
1713974613.536585,0.50341796875,0.8349609375,-0.306884765625,Mouth closed
1713974613.571671,0.500732421875,0.834228515625,-0.30859375,Mouth closed
1713974613.619908,0.503662109375,0.834228515625,-0.30810546875,Mouth closed
1713974613.651372,0.5009765625,0.83349609375,-0.3095703125,Mouth closed
1713974613.699218,0.5009765625,0.8349609375,-0.307861328125,Mouth closed
1713974613.731383,0.499755859375,0.834228515625,-0.310791015625,Mouth closed
1713974613.778125,0.49853515625,0.832275390625,-0.310302734375,Mouth closed
1713974613.810414,0.49853515625,0.8310546875,-0.306640625,Mouth closed
1713974613.850561,0.505126953125,0.834228515625,-0.3056640625,Mouth closed
1713974613.890438,0.501708984375,0.834716796875,-0.306396484375,Mouth closed
1713974613.931399,0.4990234375,0.83544921875,-0.305419921875,Mouth closed
1713974613.971327,0.500732421875,0.83447265625,-0.30712890625,Mouth closed
1713974614.018142,0.5029296875,0.833984375,-0.30224609375,Mouth closed
1713974614.055788,0.49951171875,0.83251953125,-0.300537109375,Mouth closed
1713974614.09737,0.50146484375,0.8369140625,-0.306640625,Mouth closed
1713974614.134195,0.502685546875,0.8369140625,-0.304931640625,Mouth closed
1713974614.176206,0.501708984375,0.835693359375,-0.305419921875,Mouth closed
1713974614.212671,0.5,0.83203125,-0.30810546875,Mouth closed
1713974614.255523,0.503173828125,0.8349609375,-0.30517578125,Mouth closed
1713974614.29257,0.50048828125,0.8330078125,-0.302490234375,Mouth closed
1713974614.333954,0.501708984375,0.83154296875,-0.3046875,Mouth closed
1713974614.370524,0.50146484375,0.83447265625,-0.3056640625,Mouth closed
1713974614.412538,0.501953125,0.83251953125,-0.30517578125,Mouth closed
1713974614.449257,0.5,0.8349609375,-0.300537109375,Mouth closed
1713974614.491838,0.505615234375,0.83544921875,-0.303466796875,Mouth closed
1713974614.530935,0.50146484375,0.83544921875,-0.302490234375,Mouth closed
1713974614.570494,0.5009765625,0.834228515625,-0.303955078125,Mouth closed
1713974614.612729,0.50244140625,0.8349609375,-0.305419921875,Mouth closed
1713974614.657111,0.499755859375,0.83740234375,-0.3046875,Mouth closed
1713974614.692708,0.498046875,0.8330078125,-0.302978515625,Mouth closed
1713974614.743497,0.501953125,0.83447265625,-0.308349609375,Mouth closed
1713974614.772371,0.504638671875,0.8369140625,-0.3046875,Mouth closed
1713974614.822362,0.499267578125,0.834228515625,-0.30712890625,Mouth closed
1713974614.852212,0.502197265625,0.830810546875,-0.30322265625,Mouth closed
1713974614.902126,0.50390625,0.839111328125,-0.305419921875,Mouth closed
1713974614.93191,0.501708984375,0.83544921875,-0.304443359375,Mouth closed
1713974614.974133,0.50048828125,0.8349609375,-0.307861328125,Mouth closed
1713974615.008786,0.498046875,0.831787109375,-0.3095703125,Mouth closed
1713974615.056326,0.5009765625,0.8359375,-0.31005859375,Mouth closed
1713974615.090764,0.501953125,0.83349609375,-0.3095703125,Mouth closed
1713974615.135899,0.5029296875,0.834228515625,-0.3046875,Mouth closed
1713974615.17033,0.503173828125,0.8349609375,-0.307373046875,Mouth closed
1713974615.216303,0.5029296875,0.83203125,-0.30810546875,Mouth closed
1713974615.255448,0.5029296875,0.832763671875,-0.3115234375,Mouth closed
1713974615.295999,0.499267578125,0.83251953125,-0.306884765625,Mouth closed
1713974615.332995,0.503173828125,0.833740234375,-0.309326171875,Mouth closed
1713974615.374688,0.503173828125,0.830810546875,-0.30908203125,Mouth closed
1713974615.412637,0.503662109375,0.832275390625,-0.311767578125,Mouth closed
1713974615.453888,0.4990234375,0.8310546875,-0.310546875,Mouth closed
1713974615.492725,0.500244140625,0.829833984375,-0.31201171875,Mouth closed
1713974615.53343,0.501708984375,0.830078125,-0.314453125,Mouth closed
1713974615.572735,0.498291015625,0.832275390625,-0.313232421875,Mouth closed
1713974615.612092,0.503173828125,0.83544921875,-0.306884765625,Mouth closed
1713974615.649215,0.50146484375,0.837890625,-0.30712890625,Mouth closed
1713974615.690575,0.503662109375,0.836669921875,-0.313232421875,Mouth closed
1713974615.732684,0.501220703125,0.833740234375,-0.31201171875,Mouth closed
1713974615.769414,0.5048828125,0.833984375,-0.307373046875,Mouth closed
1713974615.810184,0.499755859375,0.830078125,-0.306640625,Mouth closed
1713974615.861949,0.499267578125,0.8271484375,-0.3056640625,Mouth closed
1713974615.891169,0.501708984375,0.83251953125,-0.307861328125,Mouth closed
1713974615.938442,0.50341796875,0.8359375,-0.30517578125,Mouth closed
1713974615.971839,0.504638671875,0.833740234375,-0.307373046875,Mouth closed
1713974616.01212,0.50390625,0.835693359375,-0.306640625,Mouth closed
1713974616.054852,0.504638671875,0.831787109375,-0.311767578125,Mouth closed
1713974616.13061,0.501953125,0.83251953125,-0.30859375,Mouth closed
1713974616.132285,0.502685546875,0.832763671875,-0.310546875,Mouth closed
1713974616.172349,0.49951171875,0.830810546875,-0.311279296875,Mouth closed
1713974616.211412,0.497314453125,0.833984375,-0.310302734375,Mouth closed
1713974616.250401,0.498779296875,0.83447265625,-0.309814453125,Mouth closed
1713974616.290558,0.49560546875,0.835205078125,-0.309326171875,Mouth closed
1713974616.328328,0.502685546875,0.83837890625,-0.311767578125,Mouth closed
1713974616.371783,0.49951171875,0.834228515625,-0.30712890625,Mouth closed
1713974616.410566,0.505615234375,0.83642578125,-0.302978515625,Mouth closed
1713974616.453187,0.502685546875,0.835693359375,-0.30517578125,Mouth closed
1713974616.49105,0.502197265625,0.831298828125,-0.305419921875,Mouth closed
1713974616.530987,0.500244140625,0.8349609375,-0.30810546875,Mouth closed
1713974616.57143,0.500732421875,0.83544921875,-0.304931640625,Mouth closed
1713974616.610833,0.498779296875,0.834228515625,-0.3076171875,Mouth closed
1713974616.650442,0.5029296875,0.831787109375,-0.30517578125,Mouth closed
1713974616.691895,0.501953125,0.836181640625,-0.3095703125,Mouth closed
1713974616.731202,0.501220703125,0.832275390625,-0.306884765625,Mouth closed
1713974616.771127,0.502197265625,0.834716796875,-0.308349609375,Mouth closed
1713974616.81153,0.50341796875,0.833251953125,-0.30859375,Mouth closed
1713974616.850951,0.499755859375,0.83154296875,-0.308837890625,Mouth closed
1713974616.890456,0.5009765625,0.834228515625,-0.308837890625,Mouth closed
1713974616.929667,0.498046875,0.832763671875,-0.305419921875,Mouth closed
1713974616.969184,0.505859375,0.83935546875,-0.308349609375,Mouth closed
1713974617.011278,0.501708984375,0.83203125,-0.307861328125,Mouth closed
1713974617.0502,0.50341796875,0.834228515625,-0.302001953125,Mouth closed
1713974617.090148,0.5,0.836181640625,-0.306640625,Mouth closed
1713974617.132218,0.495361328125,0.832763671875,-0.306640625,Mouth closed
1713974617.171231,0.497802734375,0.835693359375,-0.309326171875,Mouth closed
1713974617.211428,0.497314453125,0.8388671875,-0.304443359375,Mouth closed
1713974617.25221,0.498779296875,0.84033203125,-0.308837890625,Mouth closed
1713974617.294451,0.49462890625,0.838134765625,-0.304931640625,Mouth closed
1713974617.335052,0.499267578125,0.841064453125,-0.30908203125,Mouth closed
1713974617.37367,0.498046875,0.835693359375,-0.304931640625,Mouth closed
1713974617.413804,0.496826171875,0.835205078125,-0.306640625,Mouth closed
1713974617.452482,0.4970703125,0.835205078125,-0.308349609375,Mouth closed
1713974617.493112,0.49755859375,0.834228515625,-0.30908203125,Mouth closed
1713974617.531093,0.494384765625,0.832763671875,-0.31005859375,Mouth closed
1713974617.571742,0.497802734375,0.83447265625,-0.308349609375,Mouth closed
1713974617.610253,0.49755859375,0.835693359375,-0.309814453125,Mouth closed
1713974617.650492,0.497314453125,0.833251953125,-0.314208984375,Mouth closed
1713974617.691561,0.503173828125,0.83349609375,-0.305419921875,Mouth closed
1713974617.731638,0.503173828125,0.83740234375,-0.30908203125,Mouth closed
1713974617.772208,0.497314453125,0.83447265625,-0.30859375,Mouth closed
1713974617.818442,0.496826171875,0.832275390625,-0.3076171875,Mouth closed
1713974617.852184,0.498046875,0.8369140625,-0.309814453125,Mouth closed
1713974617.893881,0.501708984375,0.83544921875,-0.3115234375,Mouth closed
1713974617.932152,0.49267578125,0.834716796875,-0.309814453125,Mouth closed
1713974617.972514,0.497314453125,0.836181640625,-0.31005859375,Mouth closed
1713974618.013184,0.499755859375,0.833740234375,-0.309814453125,Mouth closed
1713974618.055593,0.49853515625,0.8359375,-0.31103515625,Mouth closed
1713974618.096225,0.49951171875,0.83544921875,-0.31103515625,Mouth closed
1713974618.133962,0.4990234375,0.83203125,-0.312255859375,Mouth closed
1713974618.179006,0.497314453125,0.83203125,-0.312744140625,Mouth closed
1713974618.219359,0.496337890625,0.83935546875,-0.312255859375,Mouth closed
1713974618.251482,0.49365234375,0.83837890625,-0.31103515625,Mouth closed
1713974618.29469,0.5009765625,0.844970703125,-0.311767578125,Mouth closed
1713974618.332363,0.49560546875,0.838134765625,-0.3115234375,Mouth closed
1713974618.374969,0.49609375,0.83837890625,-0.30859375,Mouth closed
1713974618.413004,0.49462890625,0.83984375,-0.31103515625,Mouth closed
1713974618.463994,0.493896484375,0.838623046875,-0.310302734375,Mouth closed
1713974618.493156,0.49267578125,0.837646484375,-0.313720703125,Mouth closed
1713974618.547573,0.4892578125,0.837158203125,-0.311279296875,Mouth closed
1713974618.57578,0.4951171875,0.83642578125,-0.3173828125,Mouth closed
1713974618.621441,0.493408203125,0.836181640625,-0.31787109375,Mouth closed
1713974618.655135,0.494384765625,0.838134765625,-0.319580078125,Mouth closed
1713974618.695538,0.4931640625,0.837646484375,-0.31982421875,Mouth closed
1713974618.734312,0.49365234375,0.83447265625,-0.31787109375,Mouth closed
1713974618.777686,0.496337890625,0.835205078125,-0.3193359375,Mouth closed
1713974618.815465,0.493408203125,0.8330078125,-0.318603515625,Mouth closed
1713974618.858352,0.496337890625,0.831787109375,-0.319091796875,Mouth closed
1713974618.892369,0.4951171875,0.832275390625,-0.3173828125,Mouth closed
1713974618.932493,0.5,0.83740234375,-0.318115234375,Mouth closed
1713974618.971132,0.4951171875,0.831787109375,-0.318603515625,Mouth closed
1713974619.012141,0.495849609375,0.833984375,-0.3134765625,Mouth closed
1713974619.053348,0.4990234375,0.833740234375,-0.318115234375,Mouth closed
1713974619.093791,0.49755859375,0.830078125,-0.314208984375,Mouth closed
1713974619.133207,0.496826171875,0.832763671875,-0.31787109375,Mouth closed
1713974619.173325,0.49609375,0.837158203125,-0.31396484375,Mouth closed
1713974619.215553,0.49755859375,0.833251953125,-0.31787109375,Mouth closed
1713974619.256579,0.49609375,0.829833984375,-0.31689453125,Mouth closed
1713974619.293083,0.4970703125,0.8349609375,-0.31982421875,Mouth closed
1713974619.337515,0.4970703125,0.830810546875,-0.314697265625,Mouth closed
1713974619.377149,0.494873046875,0.833251953125,-0.320556640625,Mouth closed
1713974619.418854,0.494873046875,0.832275390625,-0.32177734375,Mouth closed
1713974619.453346,0.492431640625,0.834228515625,-0.3203125,Mouth closed
1713974619.498965,0.494384765625,0.832275390625,-0.3203125,Mouth closed
1713974619.542827,0.49169921875,0.833740234375,-0.317138671875,Mouth closed
1713974619.571157,0.498046875,0.83447265625,-0.322509765625,Mouth closed
1713974619.623928,0.4951171875,0.833740234375,-0.318603515625,Mouth closed
1713974619.652777,0.50244140625,0.833984375,-0.314208984375,Mouth closed
1713974619.701521,0.495849609375,0.8349609375,-0.31591796875,Mouth closed
1713974619.734805,0.494873046875,0.829345703125,-0.31298828125,Mouth closed
1713974619.773361,0.49560546875,0.832275390625,-0.319580078125,Mouth closed
1713974619.812237,0.494140625,0.8310546875,-0.315185546875,Mouth closed
1713974619.854447,0.49560546875,0.83203125,-0.313720703125,Mouth closed
1713974619.893178,0.493896484375,0.83544921875,-0.31396484375,Mouth closed
1713974619.935151,0.49755859375,0.8330078125,-0.315673828125,Mouth closed
1713974619.975347,0.495361328125,0.832763671875,-0.31396484375,Mouth closed
1713974620.017295,0.496826171875,0.834228515625,-0.31396484375,Mouth closed
1713974620.054617,0.49609375,0.833251953125,-0.3134765625,Mouth closed
1713974620.096807,0.4921875,0.834716796875,-0.31640625,Mouth closed
1713974620.136233,0.493408203125,0.836669921875,-0.31494140625,Mouth closed
1713974620.178353,0.493896484375,0.838134765625,-0.313232421875,Mouth closed
1713974620.216074,0.495361328125,0.830810546875,-0.314697265625,Mouth closed
1713974620.258244,0.49609375,0.831298828125,-0.308837890625,Mouth closed
1713974620.296415,0.496826171875,0.836181640625,-0.31494140625,Mouth closed
1713974620.337119,0.49658203125,0.834716796875,-0.313720703125,Mouth closed
1713974620.37473,0.494873046875,0.83349609375,-0.31640625,Mouth closed
1713974620.416141,0.494873046875,0.833984375,-0.315673828125,Mouth closed
1713974620.455441,0.495849609375,0.83740234375,-0.319091796875,Mouth closed
1713974620.495184,0.490478515625,0.83349609375,-0.31298828125,Mouth closed
1713974620.537119,0.4970703125,0.836181640625,-0.318115234375,Mouth closed
1713974620.576653,0.4970703125,0.83447265625,-0.31591796875,Mouth closed
1713974620.615315,0.496826171875,0.834228515625,-0.315185546875,Mouth closed
1713974620.656137,0.497314453125,0.83642578125,-0.31689453125,Mouth closed
1713974620.69933,0.496826171875,0.833251953125,-0.31640625,Mouth closed
1713974620.74053,0.49853515625,0.835205078125,-0.3154296875,Mouth closed
1713974620.777411,0.495361328125,0.832763671875,-0.315185546875,Mouth closed
1713974620.819101,0.499267578125,0.838623046875,-0.31689453125,Mouth closed
1713974620.855792,0.492919921875,0.833740234375,-0.3173828125,Mouth closed
1713974620.898834,0.495361328125,0.8349609375,-0.30908203125,Mouth closed
1713974620.935593,0.5,0.8388671875,-0.313232421875,Mouth closed
1713974620.97683,0.4931640625,0.83447265625,-0.314453125,Mouth closed
1713974621.014309,0.495849609375,0.833740234375,-0.315185546875,Mouth closed
1713974621.055256,0.494873046875,0.833740234375,-0.31201171875,Mouth closed
1713974621.096714,0.498046875,0.836669921875,-0.321533203125,Mouth closed
1713974621.135343,0.491455078125,0.830322265625,-0.31396484375,Mouth closed
1713974621.175627,0.49658203125,0.837158203125,-0.318115234375,Mouth closed
1713974621.215699,0.490234375,0.835205078125,-0.31494140625,Mouth closed
1713974621.257061,0.494140625,0.833984375,-0.3154296875,Mouth closed
1713974621.30476,0.494873046875,0.83154296875,-0.315673828125,Mouth closed
1713974621.33848,0.4921875,0.83447265625,-0.31640625,Mouth closed
1713974621.385141,0.495361328125,0.832763671875,-0.320068359375,Mouth closed
1713974621.415467,0.49462890625,0.83349609375,-0.316650390625,Mouth closed
1713974621.466996,0.494140625,0.837158203125,-0.315185546875,Mouth closed
1713974621.494538,0.493408203125,0.835205078125,-0.313232421875,Mouth closed
1713974621.540848,0.49462890625,0.83837890625,-0.310791015625,Mouth closed
1713974621.576005,0.49755859375,0.83984375,-0.314453125,Mouth closed
1713974621.616791,0.492919921875,0.8330078125,-0.310302734375,Mouth closed
1713974621.657925,0.494384765625,0.834228515625,-0.31298828125,Mouth closed
1713974621.705909,0.492431640625,0.8359375,-0.312255859375,Mouth closed
1713974621.73864,0.497802734375,0.83837890625,-0.317138671875,Mouth closed
1713974621.777726,0.4921875,0.833740234375,-0.31298828125,Mouth closed
1713974621.817233,0.494140625,0.837890625,-0.316162109375,Mouth closed
1713974621.863317,0.49169921875,0.836669921875,-0.310791015625,Mouth closed
1713974621.900777,0.49267578125,0.837646484375,-0.316162109375,Mouth closed
1713974621.941804,0.49609375,0.835693359375,-0.317626953125,Mouth closed
1713974621.978754,0.494873046875,0.833251953125,-0.31494140625,Mouth closed
1713974622.019966,0.4951171875,0.833740234375,-0.31787109375,Mouth closed
1713974622.057121,0.49365234375,0.838134765625,-0.316162109375,Mouth closed
1713974622.097795,0.496826171875,0.83984375,-0.3193359375,Mouth closed
1713974622.137205,0.489990234375,0.8349609375,-0.319580078125,Mouth closed
1713974622.177936,0.49072265625,0.834228515625,-0.315185546875,Mouth closed
1713974622.217165,0.4931640625,0.837158203125,-0.318603515625,Mouth closed
1713974622.25835,0.490234375,0.831787109375,-0.31494140625,Mouth closed
1713974622.298797,0.490234375,0.8349609375,-0.317138671875,Mouth closed
1713974622.351043,0.492431640625,0.838134765625,-0.31787109375,Mouth closed
1713974622.377541,0.4970703125,0.837890625,-0.32373046875,Mouth closed
1713974622.424149,0.491943359375,0.836669921875,-0.319580078125,Mouth closed
1713974622.459977,0.4951171875,0.8359375,-0.318115234375,Mouth closed
1713974622.50963,0.49169921875,0.836669921875,-0.318115234375,Mouth closed
1713974622.539045,0.4951171875,0.83447265625,-0.31982421875,Mouth closed
1713974622.589037,0.49365234375,0.8330078125,-0.323486328125,Mouth closed
1713974622.626883,0.49267578125,0.8330078125,-0.3232421875,Mouth closed
1713974622.667028,0.4931640625,0.83447265625,-0.31982421875,Mouth closed
1713974622.705957,0.49169921875,0.835693359375,-0.3173828125,Mouth closed
1713974622.745131,0.49755859375,0.838623046875,-0.321044921875,Mouth closed
1713974622.784813,0.491943359375,0.831298828125,-0.32080078125,Mouth closed
1713974622.820942,0.494140625,0.83642578125,-0.31591796875,Mouth closed
1713974622.865198,0.4912109375,0.83544921875,-0.32373046875,Mouth closed
1713974622.901424,0.490478515625,0.8330078125,-0.318115234375,Mouth closed
1713974622.944234,0.48974609375,0.83154296875,-0.32177734375,Mouth closed
1713974622.984399,0.48974609375,0.8359375,-0.318603515625,Mouth closed
1713974623.022913,0.489501953125,0.8349609375,-0.321044921875,Mouth closed
1713974623.062457,0.49365234375,0.83642578125,-0.3203125,Mouth closed
1713974623.102652,0.490966796875,0.832275390625,-0.32275390625,Mouth closed
1713974623.139193,0.49072265625,0.83544921875,-0.3193359375,Mouth closed
1713974623.181793,0.490234375,0.83642578125,-0.32421875,Mouth closed
1713974623.228916,0.48974609375,0.835205078125,-0.321044921875,Mouth closed
1713974623.263319,0.48974609375,0.831787109375,-0.32080078125,Mouth closed
1713974623.300015,0.490478515625,0.834716796875,-0.32373046875,Mouth closed
1713974623.339032,0.487548828125,0.833984375,-0.319580078125,Mouth closed
1713974623.378606,0.490478515625,0.836181640625,-0.321044921875,Mouth closed
1713974623.41976,0.492431640625,0.834716796875,-0.318115234375,Mouth closed
1713974623.457864,0.49560546875,0.839111328125,-0.314697265625,Mouth closed
1713974623.499646,0.491455078125,0.8349609375,-0.31396484375,Mouth closed
1713974623.551009,0.490234375,0.83642578125,-0.31640625,Mouth closed
1713974623.578697,0.49365234375,0.83740234375,-0.31494140625,Mouth closed
1713974623.630595,0.488525390625,0.837646484375,-0.3134765625,Mouth closed
1713974623.658522,0.48779296875,0.8369140625,-0.311279296875,Mouth closed
1713974623.708938,0.490966796875,0.838623046875,-0.31591796875,Mouth closed
1713974623.738977,0.493896484375,0.83984375,-0.3173828125,Mouth closed
1713974623.78709,0.487548828125,0.837646484375,-0.313720703125,Mouth closed
1713974623.826776,0.493408203125,0.8388671875,-0.318115234375,Mouth closed
1713974623.866912,0.49072265625,0.83349609375,-0.315673828125,Mouth closed
1713974623.905445,0.490478515625,0.834716796875,-0.319580078125,Mouth closed
1713974623.945873,0.49169921875,0.837890625,-0.3154296875,Mouth closed
1713974623.984156,0.492919921875,0.84033203125,-0.31640625,Mouth closed
1713974624.019927,0.49169921875,0.833251953125,-0.31787109375,Mouth open
1713974624.06304,0.488037109375,0.837890625,-0.309326171875,Mouth open
1713974624.099365,0.496337890625,0.836669921875,-0.3134765625,Mouth open
1713974624.142227,0.490234375,0.837158203125,-0.31298828125,Mouth open
1713974624.182611,0.49169921875,0.835205078125,-0.316650390625,Mouth open
1713974624.220646,0.48974609375,0.8369140625,-0.32080078125,Mouth open
1713974624.261689,0.47705078125,0.83349609375,-0.33642578125,Mouth open
1713974624.302763,0.490966796875,0.83740234375,-0.30908203125,Mouth open
1713974624.339205,0.49560546875,0.837646484375,-0.347900390625,Mouth open
1713974624.382258,0.50146484375,0.834228515625,-0.301513671875,Mouth open
1713974624.445353,0.50390625,0.81591796875,-0.325927734375,Mouth open
1713974624.461187,0.517822265625,0.82470703125,-0.31005859375,Mouth open
1713974624.501038,0.513671875,0.826171875,-0.32861328125,Mouth open
1713974624.543761,0.50048828125,0.82373046875,-0.314697265625,Mouth open
1713974624.581403,0.5009765625,0.826416015625,-0.333984375,Mouth open
1713974624.621349,0.49267578125,0.82763671875,-0.34326171875,Mouth open
1713974624.659279,0.4951171875,0.8232421875,-0.343994140625,Mouth open
1713974624.699146,0.49072265625,0.821044921875,-0.340576171875,Mouth open
1713974624.738408,0.497802734375,0.829345703125,-0.3427734375,Mouth open
1713974624.778692,0.4873046875,0.825439453125,-0.3466796875,Mouth open
1713974624.818652,0.49609375,0.8330078125,-0.34716796875,Mouth open
1713974624.861754,0.488037109375,0.833740234375,-0.34765625,Mouth open
1713974624.898051,0.488037109375,0.833984375,-0.3447265625,Mouth open
1713974624.94144,0.48388671875,0.82958984375,-0.343994140625,Mouth open
1713974624.980808,0.4833984375,0.826171875,-0.358154296875,Mouth open
1713974625.019819,0.482177734375,0.823974609375,-0.371337890625,Mouth open
1713974625.060141,0.48046875,0.82177734375,-0.366943359375,Mouth open
1713974625.099382,0.4921875,0.826416015625,-0.374267578125,Mouth open
1713974625.145073,0.48486328125,0.813232421875,-0.373291015625,Mouth open
1713974625.182157,0.482421875,0.8203125,-0.349365234375,Mouth open
1713974625.224048,0.47705078125,0.811279296875,-0.363037109375,Mouth open
1713974625.262709,0.487060546875,0.81298828125,-0.3662109375,Mouth open
1713974625.305017,0.493896484375,0.820068359375,-0.388671875,Mouth open
1713974625.337961,0.49365234375,0.821533203125,-0.40087890625,Mouth open
1713974625.37702,0.48583984375,0.824462890625,-0.412353515625,Mouth open
1713974625.41703,0.46923828125,0.80615234375,-0.4130859375,Mouth open
1713974625.457244,0.46044921875,0.79638671875,-0.401611328125,Mouth open
1713974625.500949,0.434814453125,0.765625,-0.370849609375,Mouth open
1713974625.542506,0.442138671875,0.7802734375,-0.37060546875,Mouth open
1713974625.579,0.484619140625,0.830810546875,-0.39404296875,Mouth open
1713974625.620286,0.482177734375,0.82958984375,-0.388916015625,Mouth open
1713974625.658613,0.50048828125,0.851806640625,-0.397705078125,Mouth open
1713974625.700151,0.48876953125,0.826171875,-0.376708984375,Mouth open
1713974625.73911,0.467529296875,0.786865234375,-0.357666015625,Mouth open
1713974625.781282,0.466796875,0.799560546875,-0.35107421875,Mouth open
1713974625.820227,0.466796875,0.81396484375,-0.3603515625,Mouth open
1713974625.860027,0.472412109375,0.828125,-0.365234375,Mouth open
1713974625.899394,0.4814453125,0.851318359375,-0.36865234375,Mouth open
1713974625.93904,0.467529296875,0.840087890625,-0.346435546875,Mouth open
1713974625.978041,0.469970703125,0.830322265625,-0.340576171875,Mouth open
1713974626.024274,0.486328125,0.83203125,-0.3310546875,Mouth open
1713974626.061554,0.489501953125,0.833984375,-0.32861328125,Mouth open
1713974626.102557,0.49755859375,0.83837890625,-0.31689453125,Mouth open
1713974626.139837,0.4990234375,0.846435546875,-0.3115234375,Mouth open
1713974626.181236,0.49462890625,0.844970703125,-0.305419921875,Mouth open
1713974626.219617,0.489013671875,0.8408203125,-0.30810546875,Mouth open
1713974626.260919,0.492431640625,0.840576171875,-0.31201171875,Mouth open
1713974626.300569,0.494873046875,0.8359375,-0.31494140625,Mouth open
1713974626.341998,0.49755859375,0.8388671875,-0.312255859375,Mouth open
1713974626.384853,0.50048828125,0.8408203125,-0.317138671875,Mouth open
1713974626.419932,0.50244140625,0.835693359375,-0.31201171875,Mouth open
1713974626.464202,0.50439453125,0.82958984375,-0.31396484375,Mouth open
1713974626.506197,0.506103515625,0.828369140625,-0.315185546875,Mouth open
1713974626.542912,0.51123046875,0.8271484375,-0.3154296875,Mouth open
1713974626.585629,0.512451171875,0.8251953125,-0.31787109375,Mouth open
1713974626.623237,0.507568359375,0.82958984375,-0.31396484375,Mouth open
1713974626.664933,0.5048828125,0.825439453125,-0.3193359375,Mouth open
1713974626.702093,0.495849609375,0.8232421875,-0.322265625,Mouth open
1713974626.743984,0.4970703125,0.83056640625,-0.3271484375,Mouth open
1713974626.780792,0.4931640625,0.831787109375,-0.329833984375,Mouth open
1713974626.822219,0.48779296875,0.8310546875,-0.3291015625,Mouth open
1713974626.861558,0.491943359375,0.830322265625,-0.32568359375,Mouth open
1713974626.901008,0.493896484375,0.826171875,-0.328857421875,Mouth open
1713974626.941305,0.486083984375,0.826171875,-0.328125,Mouth open
1713974626.982789,0.4912109375,0.8271484375,-0.335205078125,Mouth open
1713974627.021503,0.48681640625,0.826171875,-0.342529296875,Mouth open
1713974627.061887,0.482421875,0.829345703125,-0.342041015625,Mouth open
1713974627.102546,0.4853515625,0.829345703125,-0.34033203125,Mouth open
1713974627.143528,0.489013671875,0.82861328125,-0.35400390625,Mouth open
1713974627.182307,0.486572265625,0.82958984375,-0.351806640625,Mouth open
1713974627.22133,0.48388671875,0.828857421875,-0.3525390625,Mouth open
1713974627.26068,0.48876953125,0.825439453125,-0.351806640625,Mouth open
1713974627.299052,0.487548828125,0.829345703125,-0.348388671875,Mouth open
1713974627.340023,0.485595703125,0.82666015625,-0.348876953125,Mouth open
1713974627.380144,0.485107421875,0.82666015625,-0.347412109375,Mouth open
1713974627.424305,0.488037109375,0.826416015625,-0.35205078125,Mouth open
1713974627.46479,0.48486328125,0.82177734375,-0.351806640625,Mouth open
1713974627.50186,0.484375,0.82177734375,-0.3544921875,Mouth open
1713974627.544022,0.480224609375,0.821533203125,-0.35302734375,Mouth open
1713974627.582046,0.471923828125,0.822998046875,-0.339111328125,Mouth open
1713974627.624763,0.48046875,0.82421875,-0.36181640625,Mouth open
1713974627.663067,0.475830078125,0.822998046875,-0.35791015625,Mouth open
1713974627.706295,0.474609375,0.827392578125,-0.3603515625,Mouth open
1713974627.744769,0.47900390625,0.826171875,-0.367431640625,Mouth open
1713974627.787161,0.47509765625,0.822021484375,-0.365478515625,Mouth open
1713974627.826087,0.47998046875,0.827392578125,-0.363037109375,Mouth open
1713974627.862089,0.475341796875,0.82421875,-0.36474609375,Mouth open
1713974627.902052,0.477294921875,0.8251953125,-0.36376953125,Mouth open
1713974627.942886,0.476806640625,0.82666015625,-0.36474609375,Mouth open
1713974627.980711,0.474365234375,0.82861328125,-0.36279296875,Mouth open
1713974628.02161,0.47998046875,0.830322265625,-0.3662109375,Mouth open
1713974628.061446,0.4765625,0.8271484375,-0.35986328125,Mouth open
1713974628.102022,0.479248046875,0.82666015625,-0.3623046875,Mouth open
1713974628.142031,0.476806640625,0.8232421875,-0.3642578125,Mouth open
1713974628.182718,0.474609375,0.8232421875,-0.36376953125,Mouth open
1713974628.222993,0.474609375,0.823486328125,-0.361572265625,Mouth open
1713974628.26342,0.4736328125,0.825927734375,-0.361572265625,Mouth open
1713974628.302209,0.475341796875,0.8291015625,-0.3623046875,Mouth open
1713974628.343272,0.480224609375,0.830322265625,-0.36376953125,Mouth open
1713974628.383523,0.472900390625,0.8251953125,-0.3623046875,Mouth open
1713974628.424257,0.4775390625,0.8271484375,-0.3603515625,Mouth open
1713974628.464031,0.4755859375,0.826171875,-0.3603515625,Mouth open
1713974628.504879,0.4765625,0.826171875,-0.360107421875,Mouth open
1713974628.544635,0.476318359375,0.82861328125,-0.359619140625,Mouth open
1713974628.584207,0.477783203125,0.829345703125,-0.357666015625,Mouth open
1713974628.629415,0.479248046875,0.83154296875,-0.357177734375,Mouth open
1713974628.670539,0.476806640625,0.826904296875,-0.35302734375,Mouth open
1713974628.707769,0.479248046875,0.82958984375,-0.360107421875,Mouth open
1713974628.742997,0.4736328125,0.830078125,-0.359375,Mouth open
1713974628.793372,0.47314453125,0.8251953125,-0.360107421875,Mouth open
1713974628.823928,0.4765625,0.8291015625,-0.3603515625,Mouth open
1713974628.868382,0.47265625,0.82763671875,-0.35791015625,Mouth open
1713974628.905469,0.473388671875,0.826416015625,-0.357177734375,Mouth open
1713974628.956417,0.472412109375,0.82763671875,-0.362060546875,Mouth open
1713974628.987033,0.472412109375,0.82763671875,-0.36376953125,Mouth open
1713974629.033408,0.47216796875,0.827392578125,-0.35595703125,Mouth open
1713974629.066035,0.47607421875,0.831787109375,-0.36083984375,Mouth open
1713974629.120815,0.472412109375,0.828369140625,-0.357666015625,Mouth open
1713974629.146892,0.47119140625,0.82568359375,-0.36181640625,Mouth open
1713974629.187236,0.4755859375,0.828369140625,-0.35986328125,Mouth open
1713974629.225905,0.474853515625,0.8271484375,-0.3623046875,Mouth open
1713974629.268407,0.47265625,0.825439453125,-0.360595703125,Mouth open
1713974629.306905,0.474365234375,0.8291015625,-0.3642578125,Mouth open
1713974629.350099,0.476806640625,0.82666015625,-0.36181640625,Mouth open
1713974629.384035,0.474609375,0.82958984375,-0.36376953125,Mouth open
1713974629.424859,0.474609375,0.8271484375,-0.3623046875,Mouth open
1713974629.46529,0.47265625,0.827392578125,-0.36181640625,Mouth open
1713974629.504985,0.473388671875,0.826416015625,-0.361328125,Mouth open
1713974629.545903,0.474853515625,0.830322265625,-0.36669921875,Mouth open
1713974629.585952,0.46826171875,0.8291015625,-0.364013671875,Mouth open
1713974629.62629,0.472900390625,0.824951171875,-0.365478515625,Mouth open
1713974629.66852,0.470947265625,0.82470703125,-0.361083984375,Mouth open
1713974629.706869,0.480224609375,0.829833984375,-0.365966796875,Mouth open
1713974629.747257,0.4716796875,0.828857421875,-0.359130859375,Mouth open
1713974629.78946,0.47119140625,0.824951171875,-0.359375,Mouth open
1713974629.827334,0.47265625,0.82958984375,-0.362548828125,Mouth open
1713974629.867136,0.477294921875,0.830322265625,-0.364013671875,Mouth open
1713974629.906992,0.47021484375,0.82470703125,-0.361083984375,Mouth open
1713974629.94828,0.47900390625,0.828125,-0.36572265625,Mouth open
1713974629.988027,0.473388671875,0.82861328125,-0.36474609375,Mouth open
1713974630.030662,0.471435546875,0.8271484375,-0.3642578125,Mouth open
1713974630.068706,0.474609375,0.826416015625,-0.365966796875,Mouth open
1713974630.108618,0.472412109375,0.8271484375,-0.36474609375,Mouth open
1713974630.146622,0.471435546875,0.8251953125,-0.367431640625,Mouth open
1713974630.187885,0.47119140625,0.828857421875,-0.364990234375,Mouth open
1713974630.22791,0.474365234375,0.8310546875,-0.367431640625,Mouth open
1713974630.267725,0.469482421875,0.823974609375,-0.368896484375,Mouth open
1713974630.309031,0.469970703125,0.828857421875,-0.366455078125,Mouth open
1713974630.348498,0.47314453125,0.8271484375,-0.3681640625,Mouth open
1713974630.387342,0.470703125,0.824462890625,-0.363525390625,Mouth open
1713974630.428282,0.4716796875,0.82470703125,-0.367919921875,Mouth open
1713974630.468296,0.47216796875,0.830078125,-0.36572265625,Mouth open
1713974630.507087,0.4794921875,0.82958984375,-0.3701171875,Mouth open
1713974630.547759,0.470458984375,0.825927734375,-0.358154296875,Mouth open
1713974630.587034,0.474365234375,0.83056640625,-0.363525390625,Mouth open
1713974630.625849,0.474853515625,0.8271484375,-0.36376953125,Mouth open
1713974630.666297,0.472900390625,0.8271484375,-0.364501953125,Mouth open
1713974630.705238,0.47509765625,0.828857421875,-0.365234375,Mouth open
1713974630.745909,0.47265625,0.827392578125,-0.361572265625,Mouth open
1713974630.785854,0.474609375,0.82763671875,-0.363037109375,Mouth open
1713974630.826488,0.470458984375,0.827392578125,-0.36181640625,Mouth open
1713974630.867284,0.476318359375,0.8291015625,-0.3671875,Mouth open
1713974630.907185,0.4765625,0.8251953125,-0.359375,Mouth open
1713974630.94588,0.476318359375,0.83203125,-0.35595703125,Mouth open
1713974630.990675,0.476806640625,0.82958984375,-0.35986328125,Mouth open
1713974631.028633,0.471435546875,0.829833984375,-0.35546875,Mouth open
1713974631.068377,0.475830078125,0.82861328125,-0.359619140625,Mouth open
1713974631.108346,0.47314453125,0.828125,-0.35693359375,Mouth open
1713974631.147888,0.477294921875,0.829833984375,-0.365234375,Mouth open
1713974631.18733,0.47265625,0.82861328125,-0.35791015625,Mouth open
1713974631.224877,0.477783203125,0.830322265625,-0.359619140625,Mouth open
1713974631.267247,0.47509765625,0.83154296875,-0.360107421875,Mouth open
1713974631.308043,0.474365234375,0.825439453125,-0.358642578125,Mouth open
1713974631.346083,0.47509765625,0.82763671875,-0.36376953125,Mouth open
1713974631.387437,0.47509765625,0.824951171875,-0.361328125,Mouth open
1713974631.426915,0.47216796875,0.8271484375,-0.361083984375,Mouth open
1713974631.466871,0.469970703125,0.8251953125,-0.363525390625,Mouth open
1713974631.506491,0.479248046875,0.8310546875,-0.3623046875,Mouth open
1713974631.549659,0.476806640625,0.825927734375,-0.36181640625,Mouth open
1713974631.589766,0.481201171875,0.83154296875,-0.357421875,Mouth open
1713974631.630739,0.475341796875,0.833740234375,-0.357666015625,Mouth open
1713974631.667938,0.474365234375,0.828125,-0.357421875,Mouth open
1713974631.708977,0.47607421875,0.82568359375,-0.35693359375,Mouth open
1713974631.749203,0.47509765625,0.828125,-0.35791015625,Mouth open
1713974631.790131,0.478759765625,0.828125,-0.358642578125,Mouth open
1713974631.829025,0.4755859375,0.828857421875,-0.355712890625,Mouth open
1713974631.869725,0.478271484375,0.828857421875,-0.359375,Mouth open
1713974631.906017,0.477783203125,0.829833984375,-0.35595703125,Mouth open
1713974631.948107,0.4765625,0.829833984375,-0.358154296875,Mouth open
1713974631.987036,0.47607421875,0.829345703125,-0.35986328125,Mouth open
1713974632.027197,0.4736328125,0.82568359375,-0.35986328125,Mouth open
1713974632.067781,0.473388671875,0.825439453125,-0.35888671875,Mouth open
1713974632.10814,0.47607421875,0.826171875,-0.35791015625,Mouth open
1713974632.147811,0.480712890625,0.833251953125,-0.361328125,Mouth open
1713974632.190825,0.476318359375,0.8271484375,-0.35546875,Mouth open
1713974632.230454,0.47802734375,0.830078125,-0.353759765625,Mouth open
1713974632.268132,0.4775390625,0.830810546875,-0.35791015625,Mouth open
1713974632.308968,0.474609375,0.827880859375,-0.35400390625,Mouth open
1713974632.352529,0.475830078125,0.829345703125,-0.357666015625,Mouth open
1713974632.389351,0.47509765625,0.834228515625,-0.354736328125,Mouth open
1713974632.430045,0.47802734375,0.83056640625,-0.357666015625,Mouth open
1713974632.468857,0.473388671875,0.829833984375,-0.353759765625,Mouth open
1713974632.508805,0.476806640625,0.83154296875,-0.359619140625,Mouth open
1713974632.547107,0.477294921875,0.8291015625,-0.355712890625,Mouth open
1713974632.587651,0.472900390625,0.82958984375,-0.35791015625,Mouth open
1713974632.62787,0.478759765625,0.826416015625,-0.359130859375,Mouth open
1713974632.669731,0.474609375,0.8271484375,-0.358154296875,Mouth open
1713974632.708047,0.47412109375,0.82861328125,-0.361328125,Mouth open
1713974632.749356,0.47509765625,0.827880859375,-0.3603515625,Mouth open
1713974632.794314,0.478271484375,0.83251953125,-0.364013671875,Mouth open
1713974632.829148,0.47802734375,0.827880859375,-0.359130859375,Mouth open
1713974632.89726,0.4755859375,0.828857421875,-0.349853515625,Mouth open
1713974632.917616,0.478759765625,0.829345703125,-0.3583984375,Mouth open
1713974632.951217,0.4755859375,0.82763671875,-0.353759765625,Mouth open
1713974632.993718,0.4736328125,0.82666015625,-0.354736328125,Mouth open
1713974633.030497,0.4765625,0.833740234375,-0.355224609375,Mouth open
1713974633.071152,0.480224609375,0.831298828125,-0.357177734375,Mouth open
1713974633.110054,0.473876953125,0.82861328125,-0.35546875,Mouth open
1713974633.149768,0.477294921875,0.829345703125,-0.3603515625,Mouth open
1713974633.189382,0.4736328125,0.829345703125,-0.3544921875,Mouth open
1713974633.228758,0.4736328125,0.828857421875,-0.359375,Mouth open
1713974633.268735,0.47509765625,0.82958984375,-0.359375,Mouth open
1713974633.310314,0.470703125,0.827392578125,-0.36279296875,Mouth open
1713974633.348917,0.474853515625,0.828125,-0.3603515625,Mouth open
1713974633.391852,0.47314453125,0.82958984375,-0.3603515625,Mouth open
1713974633.43086,0.478515625,0.8291015625,-0.364013671875,Mouth open
1713974633.47044,0.478515625,0.8271484375,-0.36181640625,Mouth open
1713974633.516789,0.479248046875,0.831298828125,-0.3623046875,Mouth open
1713974633.554099,0.4755859375,0.827392578125,-0.359619140625,Mouth open
1713974633.596385,0.47216796875,0.826171875,-0.35595703125,Mouth open
1713974633.633436,0.477294921875,0.829345703125,-0.36083984375,Mouth open
1713974633.674441,0.468994140625,0.827392578125,-0.360107421875,Mouth open
1713974633.711319,0.470947265625,0.828125,-0.359619140625,Mouth open
1713974633.751543,0.47314453125,0.82958984375,-0.36083984375,Mouth open
1713974633.790512,0.473876953125,0.829345703125,-0.362548828125,Mouth open
1713974633.830041,0.473388671875,0.82763671875,-0.359130859375,Mouth open
1713974633.867978,0.47705078125,0.832275390625,-0.354248046875,Mouth open
1713974633.908085,0.478271484375,0.82763671875,-0.357421875,Mouth open
1713974633.951768,0.47802734375,0.8291015625,-0.358154296875,Mouth open
1713974633.990662,0.47412109375,0.828369140625,-0.35546875,Mouth open
1713974634.029907,0.47802734375,0.83447265625,-0.359130859375,Mouth open
1713974634.070044,0.47412109375,0.829833984375,-0.357666015625,Mouth open
1713974634.109797,0.471923828125,0.833984375,-0.353271484375,Mouth open
1713974634.148956,0.479736328125,0.834228515625,-0.355224609375,Mouth open
1713974634.192405,0.474853515625,0.830810546875,-0.351806640625,Mouth open
1713974634.233699,0.474609375,0.830322265625,-0.353271484375,Mouth open
1713974634.27197,0.471435546875,0.830810546875,-0.35205078125,Mouth open
1713974634.314394,0.478515625,0.83154296875,-0.35791015625,Mouth open
1713974634.35098,0.474853515625,0.828369140625,-0.35302734375,Mouth open
1713974634.392056,0.475830078125,0.832275390625,-0.3564453125,Mouth open
1713974634.430097,0.47509765625,0.830078125,-0.355712890625,Mouth open
1713974634.470037,0.471435546875,0.827880859375,-0.35693359375,Mouth open
1713974634.509612,0.475830078125,0.8349609375,-0.36083984375,Mouth open
1713974634.551724,0.468994140625,0.828369140625,-0.358154296875,Mouth open
1713974634.590615,0.47265625,0.83056640625,-0.358154296875,Mouth open
1713974634.631505,0.470947265625,0.831787109375,-0.356201171875,Mouth open
1713974634.670714,0.473388671875,0.828857421875,-0.359619140625,Mouth open
1713974634.717478,0.47265625,0.827392578125,-0.3544921875,Mouth open
1713974634.754051,0.4765625,0.830810546875,-0.35498046875,Mouth open
1713974634.804776,0.474609375,0.831298828125,-0.352294921875,Mouth open
1713974634.83315,0.473388671875,0.828369140625,-0.351806640625,Mouth open
1713974634.878738,0.475341796875,0.833251953125,-0.355224609375,Mouth open
1713974634.911865,0.4755859375,0.82958984375,-0.35498046875,Mouth open
1713974634.961814,0.47119140625,0.829345703125,-0.3505859375,Mouth open
1713974634.992339,0.476806640625,0.832275390625,-0.355224609375,Mouth open
1713974635.044356,0.480224609375,0.83349609375,-0.3544921875,Mouth open
1713974635.07339,0.4755859375,0.83056640625,-0.35400390625,Mouth open
1713974635.114298,0.474365234375,0.830810546875,-0.357421875,Mouth open
1713974635.151396,0.4755859375,0.83154296875,-0.356689453125,Mouth open
1713974635.192647,0.475341796875,0.8310546875,-0.35693359375,Mouth open
1713974635.229404,0.47314453125,0.82763671875,-0.357177734375,Mouth open
1713974635.26984,0.472412109375,0.828857421875,-0.360107421875,Mouth open
1713974635.310219,0.472900390625,0.826416015625,-0.35546875,Mouth open
1713974635.361741,0.4775390625,0.833984375,-0.3525390625,Mouth open
1713974635.39114,0.47509765625,0.833251953125,-0.354736328125,Mouth open
1713974635.435687,0.47216796875,0.8291015625,-0.35205078125,Mouth open
1713974635.476815,0.47509765625,0.82861328125,-0.356689453125,Mouth open
1713974635.519808,0.47265625,0.830078125,-0.35546875,Mouth open
1713974635.557379,0.47216796875,0.82861328125,-0.35546875,Mouth open
1713974635.59295,0.474365234375,0.83154296875,-0.35888671875,Mouth open
1713974635.635364,0.470703125,0.835205078125,-0.359375,Mouth open
1713974635.677581,0.472412109375,0.829345703125,-0.35986328125,Mouth open
1713974635.716229,0.47412109375,0.83251953125,-0.356689453125,Mouth open
1713974635.757226,0.473388671875,0.8291015625,-0.357177734375,Mouth open
1713974635.796755,0.4736328125,0.829833984375,-0.356689453125,Mouth open
1713974635.830618,0.471435546875,0.828125,-0.357421875,Mouth open
1713974635.873025,0.480224609375,0.83251953125,-0.362548828125,Mouth open
1713974635.914032,0.4736328125,0.8271484375,-0.358154296875,Mouth open
1713974635.951965,0.4755859375,0.830078125,-0.355224609375,Mouth open
1713974635.992267,0.474609375,0.830078125,-0.3583984375,Mouth open
1713974636.032013,0.473876953125,0.828369140625,-0.356689453125,Mouth open
1713974636.072003,0.469970703125,0.82763671875,-0.360107421875,Mouth open
1713974636.111807,0.47119140625,0.831298828125,-0.356201171875,Mouth open
1713974636.153655,0.47802734375,0.8291015625,-0.35986328125,Mouth open
1713974636.192812,0.473388671875,0.827880859375,-0.35693359375,Mouth open
1713974636.232857,0.476318359375,0.832763671875,-0.360595703125,Mouth open
1713974636.272951,0.473876953125,0.829345703125,-0.357177734375,Mouth open
1713974636.312744,0.473876953125,0.83056640625,-0.359619140625,Mouth open
1713974636.357358,0.47216796875,0.8310546875,-0.3603515625,Mouth open
1713974636.393099,0.472412109375,0.830078125,-0.35693359375,Mouth open
1713974636.435223,0.47314453125,0.830810546875,-0.35888671875,Mouth open
1713974636.4709,0.47705078125,0.83349609375,-0.3623046875,Mouth open
1713974636.515249,0.47021484375,0.826904296875,-0.355712890625,Mouth open
1713974636.554144,0.473388671875,0.830322265625,-0.353271484375,Mouth open
1713974636.593614,0.476318359375,0.832763671875,-0.355224609375,Mouth open
1713974636.63502,0.474853515625,0.829345703125,-0.35302734375,Mouth open
1713974636.672397,0.47314453125,0.828857421875,-0.359130859375,Mouth open
1713974636.712746,0.473388671875,0.8310546875,-0.358642578125,Mouth open
1713974636.754715,0.473876953125,0.8291015625,-0.36328125,Mouth open
1713974636.793935,0.474365234375,0.826171875,-0.35595703125,Mouth open
1713974636.833007,0.476318359375,0.830322265625,-0.364013671875,Mouth open
1713974636.872734,0.473388671875,0.826904296875,-0.3623046875,Mouth open
1713974636.914273,0.47314453125,0.828857421875,-0.360595703125,Mouth open
1713974636.955633,0.4716796875,0.827880859375,-0.36376953125,Mouth open
1713974636.993858,0.468017578125,0.82861328125,-0.36376953125,Mouth open
1713974637.03453,0.472900390625,0.827392578125,-0.3642578125,Mouth open
1713974637.072088,0.468505859375,0.83056640625,-0.36376953125,Mouth open
1713974637.111249,0.469482421875,0.825927734375,-0.3623046875,Mouth open
1713974637.152196,0.46923828125,0.82861328125,-0.36181640625,Mouth open
1713974637.192033,0.477783203125,0.83349609375,-0.3623046875,Mouth open
1713974637.231813,0.469970703125,0.826904296875,-0.357666015625,Mouth open
1713974637.273224,0.471435546875,0.82666015625,-0.3603515625,Mouth open
1713974637.313763,0.474365234375,0.833740234375,-0.362060546875,Mouth open
1713974637.353968,0.476318359375,0.827880859375,-0.363037109375,Mouth open
1713974637.395523,0.468505859375,0.828125,-0.360595703125,Mouth open
1713974637.436085,0.475830078125,0.82958984375,-0.36279296875,Mouth open
1713974637.475027,0.47314453125,0.8271484375,-0.357421875,Mouth open
1713974637.514863,0.47216796875,0.831298828125,-0.35986328125,Mouth open
1713974637.553862,0.474365234375,0.830810546875,-0.362548828125,Mouth open
1713974637.59658,0.470458984375,0.83154296875,-0.361083984375,Mouth open
1713974637.636285,0.4716796875,0.828369140625,-0.35791015625,Mouth open
1713974637.681162,0.471435546875,0.8291015625,-0.361572265625,Mouth open
1713974637.714298,0.470703125,0.830810546875,-0.361572265625,Mouth open
1713974637.752833,0.4736328125,0.827392578125,-0.360107421875,Mouth open
1713974637.793854,0.47509765625,0.83203125,-0.35400390625,Mouth open
1713974637.834866,0.47216796875,0.83251953125,-0.35693359375,Mouth open
1713974637.874677,0.469970703125,0.83447265625,-0.35546875,Mouth open
1713974637.917606,0.468994140625,0.831787109375,-0.356201171875,Mouth open
1713974637.957119,0.46923828125,0.834716796875,-0.35791015625,Mouth open
1713974637.997449,0.467041015625,0.8310546875,-0.358154296875,Mouth open
1713974638.037877,0.47216796875,0.833740234375,-0.35791015625,Mouth open
1713974638.078793,0.470947265625,0.833984375,-0.359619140625,Mouth open
1713974638.118961,0.47021484375,0.827880859375,-0.35986328125,Mouth open
1713974638.156167,0.47314453125,0.828125,-0.35791015625,Mouth open
1713974638.199792,0.470703125,0.827880859375,-0.360595703125,Mouth open
1713974638.241102,0.473876953125,0.828857421875,-0.358154296875,Mouth open
1713974638.280863,0.472412109375,0.829345703125,-0.3603515625,Mouth open
1713974638.322589,0.47412109375,0.8310546875,-0.36181640625,Mouth open
1713974638.361957,0.47265625,0.82958984375,-0.36328125,Mouth open
1713974638.403865,0.47119140625,0.825927734375,-0.359619140625,Mouth open
1713974638.433793,0.47705078125,0.8330078125,-0.360107421875,Mouth open
1713974638.484749,0.4736328125,0.83447265625,-0.35791015625,Mouth open
1713974638.51416,0.472900390625,0.8291015625,-0.35595703125,Mouth open
1713974638.563153,0.470703125,0.83349609375,-0.358642578125,Mouth open
1713974638.595181,0.468017578125,0.833984375,-0.35791015625,Mouth open
1713974638.646626,0.47021484375,0.833740234375,-0.353515625,Mouth open
1713974638.675397,0.473388671875,0.83154296875,-0.357666015625,Mouth open
1713974638.729081,0.473388671875,0.830810546875,-0.359619140625,Mouth open
1713974638.755038,0.470458984375,0.8251953125,-0.359130859375,Mouth open
1713974638.803188,0.47119140625,0.830322265625,-0.36376953125,Mouth open
1713974638.836096,0.47216796875,0.828125,-0.3623046875,Mouth open
1713974638.879605,0.46826171875,0.829345703125,-0.36328125,Mouth open
1713974638.91795,0.46826171875,0.83056640625,-0.367919921875,Mouth open
1713974638.960105,0.468505859375,0.828125,-0.361572265625,Mouth open
1713974638.996873,0.472900390625,0.830322265625,-0.36376953125,Mouth open
1713974639.035686,0.471435546875,0.828857421875,-0.361328125,Mouth closed
1713974639.078609,0.474365234375,0.830810546875,-0.35791015625,Mouth closed
1713974639.114948,0.4716796875,0.829833984375,-0.359130859375,Mouth closed
1713974639.158836,0.4736328125,0.828125,-0.359375,Mouth closed
1713974639.194682,0.468994140625,0.83251953125,-0.361328125,Mouth closed
1713974639.240191,0.47119140625,0.832763671875,-0.358154296875,Mouth closed
1713974639.276479,0.47216796875,0.835205078125,-0.359130859375,Mouth closed
1713974639.315727,0.47265625,0.830810546875,-0.35791015625,Mouth closed
1713974639.357379,0.476318359375,0.83447265625,-0.359619140625,Mouth closed
1713974639.400857,0.473388671875,0.83056640625,-0.35693359375,Mouth closed
1713974639.436905,0.470703125,0.830078125,-0.357666015625,Mouth closed
1713974639.476685,0.468994140625,0.83203125,-0.360107421875,Mouth closed
1713974639.516889,0.468505859375,0.833984375,-0.36474609375,Mouth closed
1713974639.557948,0.4736328125,0.830078125,-0.361328125,Mouth closed
1713974639.59807,0.4716796875,0.829833984375,-0.35986328125,Mouth closed
1713974639.636686,0.42138671875,0.823974609375,-0.450927734375,Mouth closed
1713974639.676729,0.46630859375,0.831298828125,-0.36572265625,Mouth closed
1713974639.715289,0.4677734375,0.832275390625,-0.36669921875,Mouth closed
1713974639.756196,0.4736328125,0.840576171875,-0.3544921875,Mouth closed
1713974639.796248,0.47314453125,0.838134765625,-0.355712890625,Mouth closed
1713974639.836338,0.473876953125,0.847412109375,-0.3544921875,Mouth closed
1713974639.876809,0.478515625,0.85986328125,-0.350830078125,Mouth closed
1713974639.917682,0.480224609375,0.863525390625,-0.3525390625,Mouth closed
1713974639.958735,0.469970703125,0.845703125,-0.35498046875,Mouth closed
1713974639.998738,0.464599609375,0.82568359375,-0.34326171875,Mouth closed
1713974640.037703,0.46142578125,0.812255859375,-0.354736328125,Mouth closed
1713974640.079253,0.467529296875,0.804931640625,-0.382568359375,Mouth closed
1713974640.119069,0.463134765625,0.79443359375,-0.380126953125,Mouth closed
1713974640.158969,0.469970703125,0.814697265625,-0.3798828125,Mouth closed
1713974640.198757,0.45751953125,0.826904296875,-0.35888671875,Mouth closed
1713974640.243969,0.453369140625,0.839599609375,-0.3447265625,Mouth closed
1713974640.281107,0.46044921875,0.8544921875,-0.3779296875,Mouth closed
1713974640.321249,0.47216796875,0.86865234375,-0.372802734375,Mouth closed
1713974640.358496,0.456298828125,0.850341796875,-0.358154296875,Mouth closed
1713974640.397658,0.460205078125,0.848876953125,-0.34619140625,Mouth closed
1713974640.438469,0.449951171875,0.8388671875,-0.32080078125,Mouth closed
1713974640.476077,0.433349609375,0.844482421875,-0.3046875,Mouth closed
1713974640.517926,0.454833984375,0.840087890625,-0.3115234375,Mouth closed
1713974640.556669,0.462646484375,0.85400390625,-0.299072265625,Mouth closed
1713974640.596759,0.464599609375,0.87890625,-0.3134765625,Mouth closed
1713974640.637343,0.4599609375,0.886474609375,-0.301513671875,Mouth closed
1713974640.681219,0.456298828125,0.868896484375,-0.294677734375,Mouth closed
1713974640.718631,0.455810546875,0.857177734375,-0.28173828125,Mouth closed
1713974640.758759,0.462646484375,0.864013671875,-0.2666015625,Mouth closed
1713974640.800138,0.448974609375,0.872802734375,-0.25390625,Mouth closed
1713974640.837805,0.464599609375,0.8935546875,-0.25830078125,Mouth closed
1713974640.88004,0.459716796875,0.8984375,-0.2626953125,Mouth closed
1713974640.918774,0.44384765625,0.89990234375,-0.256103515625,Mouth closed
1713974640.956861,0.448486328125,0.87890625,-0.249267578125,Mouth closed
1713974640.997847,0.4912109375,0.897705078125,-0.287109375,Mouth closed
1713974641.034772,0.456787109375,0.8662109375,-0.23974609375,Mouth closed
1713974641.075887,0.4462890625,0.850341796875,-0.2353515625,Mouth closed
1713974641.115744,0.43701171875,0.861083984375,-0.20361328125,Mouth closed
1713974641.157,0.434814453125,0.8974609375,-0.18310546875,Mouth closed
1713974641.196696,0.458740234375,0.92529296875,-0.19970703125,Mouth closed
1713974641.239456,0.46484375,0.926513671875,-0.19677734375,Mouth closed
1713974641.281879,0.483154296875,0.88916015625,-0.169189453125,Mouth closed
1713974641.329982,0.46044921875,0.85791015625,-0.158935546875,Mouth closed
1713974641.357576,0.46875,0.8837890625,-0.195068359375,Mouth closed
1713974641.399448,0.478271484375,0.901123046875,-0.20947265625,Mouth closed
1713974641.438041,0.470458984375,0.906494140625,-0.23828125,Mouth closed
1713974641.477632,0.45458984375,0.891845703125,-0.235107421875,Mouth closed
1713974641.518601,0.458251953125,0.8876953125,-0.220947265625,Mouth closed
1713974641.5682,0.448486328125,0.87158203125,-0.221923828125,Mouth closed
1713974641.601241,0.45849609375,0.883544921875,-0.23974609375,Mouth closed
1713974641.638994,0.47119140625,0.89013671875,-0.253662109375,Mouth closed
1713974641.678112,0.46484375,0.877685546875,-0.249755859375,Mouth closed
1713974641.717304,0.461669921875,0.8642578125,-0.24267578125,Mouth closed
1713974641.758077,0.46630859375,0.867919921875,-0.24609375,Mouth closed
1713974641.798273,0.468994140625,0.866455078125,-0.248046875,Mouth closed
1713974641.838416,0.474853515625,0.86962890625,-0.26611328125,Mouth closed
1713974641.881697,0.481201171875,0.87939453125,-0.27001953125,Mouth closed
1713974641.918745,0.482421875,0.8671875,-0.242431640625,Mouth closed
1713974641.960784,0.491455078125,0.872314453125,-0.231689453125,Mouth closed
1713974641.999849,0.4990234375,0.873291015625,-0.2255859375,Mouth closed
1713974642.042286,0.49560546875,0.86328125,-0.230712890625,Mouth closed
1713974642.081005,0.496826171875,0.86865234375,-0.2353515625,Mouth closed
1713974642.121778,0.48681640625,0.86083984375,-0.24609375,Mouth closed
1713974642.16041,0.4765625,0.85693359375,-0.25390625,Mouth closed
1713974642.200929,0.480712890625,0.865966796875,-0.278564453125,Mouth closed
1713974642.240276,0.47607421875,0.86181640625,-0.27783203125,Mouth closed
1713974642.28051,0.480224609375,0.87060546875,-0.280029296875,Mouth closed
1713974642.318743,0.47705078125,0.870361328125,-0.27783203125,Mouth closed
1713974642.357351,0.4814453125,0.8681640625,-0.27734375,Mouth closed
1713974642.396988,0.469482421875,0.85205078125,-0.268310546875,Mouth closed
1713974642.437686,0.47412109375,0.85205078125,-0.27294921875,Mouth closed
1713974642.48216,0.490478515625,0.860107421875,-0.268310546875,Mouth closed
1713974642.519438,0.494873046875,0.8671875,-0.2568359375,Mouth closed
1713974642.559969,0.495361328125,0.866943359375,-0.255615234375,Mouth closed
1713974642.600397,0.493896484375,0.86865234375,-0.258056640625,Mouth closed
1713974642.644752,0.497802734375,0.867919921875,-0.260498046875,Mouth closed
1713974642.68001,0.4970703125,0.857666015625,-0.26513671875,Mouth closed
1713974642.725809,0.488525390625,0.843994140625,-0.260986328125,Mouth closed
1713974642.759698,0.481689453125,0.848388671875,-0.25634765625,Mouth closed
1713974642.808754,0.478515625,0.85791015625,-0.252685546875,Mouth closed
1713974642.845802,0.484130859375,0.865966796875,-0.258056640625,Mouth closed
1713974642.8848,0.487548828125,0.873779296875,-0.260986328125,Mouth closed
1713974642.91905,0.496337890625,0.872314453125,-0.267333984375,Mouth closed
1713974642.959521,0.4755859375,0.85205078125,-0.26123046875,Mouth closed
1713974642.998723,0.488525390625,0.866455078125,-0.2578125,Mouth closed
1713974643.040175,0.4794921875,0.85498046875,-0.255126953125,Mouth closed
1713974643.082039,0.46826171875,0.852783203125,-0.267333984375,Mouth closed
1713974643.133435,0.479248046875,0.864501953125,-0.265869140625,Mouth closed
1713974643.159766,0.48046875,0.86669921875,-0.268798828125,Mouth closed
1713974643.21102,0.490234375,0.868896484375,-0.2763671875,Mouth closed
1713974643.249622,0.49560546875,0.86279296875,-0.28076171875,Mouth closed
1713974643.28731,0.49853515625,0.85986328125,-0.2763671875,Mouth closed
1713974643.324311,0.491943359375,0.845947265625,-0.271728515625,Mouth closed
1713974643.365263,0.497314453125,0.8408203125,-0.277587890625,Mouth closed
1713974643.404773,0.499267578125,0.839599609375,-0.275146484375,Mouth closed
1713974643.444829,0.50341796875,0.84326171875,-0.2734375,Mouth closed
1713974643.484255,0.501708984375,0.838134765625,-0.277587890625,Mouth closed
1713974643.523688,0.5029296875,0.849853515625,-0.27734375,Mouth closed
1713974643.561835,0.500244140625,0.85107421875,-0.282470703125,Mouth closed
1713974643.600621,0.494384765625,0.85009765625,-0.27978515625,Mouth closed
1713974643.641672,0.491455078125,0.852294921875,-0.279052734375,Mouth closed
1713974643.68033,0.492431640625,0.8544921875,-0.27880859375,Mouth closed
1713974643.719692,0.479736328125,0.853271484375,-0.280517578125,Mouth closed
1713974643.760693,0.487060546875,0.849609375,-0.283447265625,Mouth closed
1713974643.802983,0.48583984375,0.84765625,-0.28564453125,Mouth closed
1713974643.843806,0.49365234375,0.84765625,-0.28564453125,Mouth closed
1713974643.88173,0.488525390625,0.847900390625,-0.28076171875,Mouth closed
1713974643.922685,0.494384765625,0.849365234375,-0.276611328125,Mouth closed
1713974643.962751,0.49267578125,0.855224609375,-0.281005859375,Mouth closed
1713974644.004145,0.495361328125,0.849609375,-0.280029296875,Mouth closed
1713974644.043392,0.488525390625,0.84814453125,-0.2783203125,Mouth closed
1713974644.0839,0.498291015625,0.8544921875,-0.281005859375,Mouth closed
1713974644.124138,0.49365234375,0.85107421875,-0.280029296875,Mouth closed
1713974644.163256,0.495849609375,0.84765625,-0.27783203125,Mouth closed
1713974644.203669,0.49462890625,0.852783203125,-0.277587890625,Mouth closed
1713974644.242287,0.494140625,0.853759765625,-0.27294921875,Mouth closed
1713974644.281501,0.492431640625,0.85693359375,-0.279296875,Mouth closed
1713974644.321818,0.494140625,0.850830078125,-0.282958984375,Mouth closed
1713974644.361564,0.490966796875,0.846435546875,-0.275634765625,Mouth closed
1713974644.404438,0.498291015625,0.850830078125,-0.27587890625,Mouth closed
1713974644.441633,0.494140625,0.84716796875,-0.273681640625,Mouth closed
1713974644.481552,0.494873046875,0.853759765625,-0.27294921875,Mouth closed
1713974644.522595,0.49755859375,0.85595703125,-0.27197265625,Mouth closed
1713974644.564075,0.49951171875,0.854736328125,-0.275634765625,Mouth closed
1713974644.603139,0.494140625,0.85205078125,-0.271484375,Mouth closed
1713974644.643956,0.4931640625,0.853515625,-0.277099609375,Mouth closed
1713974644.688434,0.492431640625,0.84619140625,-0.277587890625,Mouth closed
1713974644.725046,0.492919921875,0.845947265625,-0.28076171875,Mouth closed
1713974644.765818,0.494384765625,0.84765625,-0.27392578125,Mouth closed
1713974644.804454,0.48974609375,0.849365234375,-0.275146484375,Mouth closed
1713974644.845903,0.496337890625,0.852294921875,-0.279296875,Mouth closed
1713974644.883771,0.494384765625,0.848388671875,-0.27978515625,Mouth closed
1713974644.931445,0.498046875,0.853759765625,-0.274169921875,Mouth closed
1713974644.961668,0.493896484375,0.853271484375,-0.2763671875,Mouth closed
1713974645.008775,0.49462890625,0.851806640625,-0.271240234375,Mouth closed
1713974645.040654,0.49169921875,0.854248046875,-0.2744140625,Mouth closed
1713974645.083384,0.491943359375,0.854248046875,-0.275634765625,Mouth closed
1713974645.128295,0.494384765625,0.8515625,-0.280029296875,Mouth closed
1713974645.164208,0.4931640625,0.8486328125,-0.27685546875,Mouth closed
1713974645.202537,0.497314453125,0.85400390625,-0.275390625,Mouth closed
1713974645.252794,0.495849609375,0.8505859375,-0.275390625,Mouth closed
1713974645.29158,0.492431640625,0.84765625,-0.2744140625,Mouth closed
1713974645.325248,0.496337890625,0.84912109375,-0.275390625,Mouth closed
1713974645.368879,0.49169921875,0.84814453125,-0.276123046875,Mouth closed
1713974645.404032,0.49560546875,0.8544921875,-0.277099609375,Mouth closed
1713974645.446751,0.496337890625,0.8486328125,-0.28076171875,Mouth closed
1713974645.486835,0.49365234375,0.84912109375,-0.27001953125,Mouth closed
1713974645.523904,0.49658203125,0.8525390625,-0.27392578125,Mouth closed
1713974645.573337,0.4912109375,0.848876953125,-0.27294921875,Mouth closed
1713974645.601671,0.490478515625,0.852294921875,-0.2744140625,Mouth closed
1713974645.644722,0.491943359375,0.85498046875,-0.276611328125,Mouth closed
1713974645.689507,0.494873046875,0.85205078125,-0.2802734375,Mouth closed
1713974645.726524,0.48876953125,0.849609375,-0.278076171875,Mouth closed
1713974645.768684,0.492919921875,0.855224609375,-0.281005859375,Mouth closed
1713974645.807078,0.492431640625,0.8505859375,-0.279541015625,Mouth closed
1713974645.84595,0.489990234375,0.849853515625,-0.28369140625,Mouth closed
1713974645.883933,0.49169921875,0.851806640625,-0.284423828125,Mouth closed
1713974645.923562,0.4912109375,0.85400390625,-0.28662109375,Mouth closed
1713974645.966042,0.4892578125,0.849609375,-0.285400390625,Mouth closed
1713974646.004639,0.4951171875,0.8505859375,-0.292236328125,Mouth closed
1713974646.044616,0.49169921875,0.844970703125,-0.2939453125,Mouth closed
1713974646.085762,0.490966796875,0.8515625,-0.284423828125,Mouth closed
1713974646.124015,0.490234375,0.848876953125,-0.28564453125,Mouth closed
1713974646.163512,0.49169921875,0.849853515625,-0.289306640625,Mouth closed
1713974646.203158,0.488525390625,0.848876953125,-0.2880859375,Mouth closed
1713974646.241503,0.488525390625,0.8505859375,-0.28857421875,Mouth closed
1713974646.282706,0.493408203125,0.846923828125,-0.292236328125,Mouth closed
1713974646.323369,0.48974609375,0.8466796875,-0.28759765625,Mouth closed
1713974646.366927,0.496337890625,0.85107421875,-0.28564453125,Mouth closed
1713974646.40358,0.4921875,0.845947265625,-0.286865234375,Mouth closed
1713974646.443689,0.4921875,0.845458984375,-0.288818359375,Mouth closed
1713974646.485162,0.49072265625,0.8466796875,-0.2890625,Mouth closed
1713974646.526307,0.490234375,0.8486328125,-0.29150390625,Mouth closed
1713974646.565017,0.49072265625,0.847900390625,-0.28662109375,Mouth closed
1713974646.605154,0.498291015625,0.847900390625,-0.293701171875,Mouth closed
1713974646.644695,0.494384765625,0.84521484375,-0.292724609375,Mouth closed
1713974646.684606,0.49951171875,0.84619140625,-0.28564453125,Mouth closed
1713974646.730653,0.49462890625,0.84814453125,-0.28564453125,Mouth closed
1713974646.767007,0.491943359375,0.845947265625,-0.288330078125,Mouth closed
1713974646.807681,0.492919921875,0.847412109375,-0.2880859375,Mouth closed
1713974646.846391,0.494140625,0.84814453125,-0.287353515625,Mouth closed
1713974646.88264,0.4921875,0.845458984375,-0.2939453125,Mouth closed
1713974646.925312,0.495361328125,0.84521484375,-0.288330078125,Mouth closed
1713974646.964123,0.493896484375,0.845947265625,-0.2890625,Mouth closed
1713974647.00405,0.491943359375,0.84619140625,-0.288330078125,Mouth closed
1713974647.049808,0.49169921875,0.84716796875,-0.2890625,Mouth closed
1713974647.086048,0.48974609375,0.84765625,-0.2900390625,Mouth closed
1713974647.128272,0.490478515625,0.846923828125,-0.29248046875,Mouth closed
1713974647.166556,0.4892578125,0.84716796875,-0.2939453125,Mouth closed
1713974647.205824,0.490966796875,0.845458984375,-0.294921875,Mouth closed
1713974647.247316,0.490478515625,0.845703125,-0.2900390625,Mouth closed
1713974647.299013,0.498291015625,0.84814453125,-0.28857421875,Mouth closed
1713974647.326679,0.489990234375,0.843505859375,-0.28564453125,Mouth closed
1713974647.371168,0.4931640625,0.847900390625,-0.290771484375,Mouth closed
1713974647.407027,0.4951171875,0.84814453125,-0.290283203125,Mouth closed
1713974647.457774,0.496337890625,0.84619140625,-0.2958984375,Mouth closed
1713974647.485803,0.489013671875,0.841552734375,-0.294189453125,Mouth closed
1713974647.53421,0.495849609375,0.848876953125,-0.295654296875,Mouth closed
1713974647.563483,0.49169921875,0.84375,-0.29248046875,Mouth closed
1713974647.609047,0.4921875,0.84521484375,-0.294189453125,Mouth closed
1713974647.64547,0.4921875,0.845458984375,-0.29443359375,Mouth closed
1713974647.695972,0.491455078125,0.84521484375,-0.294677734375,Mouth closed
1713974647.725785,0.488037109375,0.844970703125,-0.294921875,Mouth closed
1713974647.769036,0.498046875,0.84912109375,-0.295654296875,Mouth closed
1713974647.80656,0.4921875,0.84326171875,-0.294677734375,Mouth closed
1713974647.857783,0.494873046875,0.84375,-0.289794921875,Mouth closed
1713974647.887013,0.4912109375,0.843994140625,-0.2900390625,Mouth closed
1713974647.939043,0.490966796875,0.845458984375,-0.288818359375,Mouth closed
1713974647.967646,0.492919921875,0.845947265625,-0.296630859375,Mouth closed
1713974648.017919,0.49072265625,0.84765625,-0.292724609375,Mouth closed
1713974648.048364,0.494873046875,0.844970703125,-0.29736328125,Mouth closed
1713974648.093808,0.490966796875,0.84521484375,-0.29345703125,Mouth closed
1713974648.127542,0.492919921875,0.84765625,-0.294921875,Mouth closed
1713974648.179836,0.48974609375,0.845703125,-0.29150390625,Mouth closed
1713974648.203489,0.488037109375,0.846923828125,-0.29736328125,Mouth closed
1713974648.244511,0.488525390625,0.84765625,-0.298828125,Mouth closed
1713974648.285363,0.486572265625,0.845703125,-0.296630859375,Mouth closed
1713974648.324569,0.485595703125,0.847900390625,-0.294189453125,Mouth closed
1713974648.365601,0.492431640625,0.84814453125,-0.302490234375,Mouth closed
1713974648.406572,0.48779296875,0.843017578125,-0.2939453125,Mouth closed
1713974648.446657,0.4921875,0.84765625,-0.29248046875,Mouth closed
1713974648.48553,0.490234375,0.845703125,-0.29248046875,Mouth closed
1713974648.526273,0.49169921875,0.84375,-0.291259765625,Mouth closed
1713974648.566635,0.490234375,0.84423828125,-0.293212890625,Mouth closed
1713974648.608145,0.490966796875,0.848388671875,-0.29248046875,Mouth closed
1713974648.649406,0.4892578125,0.847900390625,-0.29541015625,Mouth closed
1713974648.68881,0.491455078125,0.848876953125,-0.294921875,Mouth closed
1713974648.727054,0.492919921875,0.84716796875,-0.294921875,Mouth closed
1713974648.766743,0.488525390625,0.8466796875,-0.296630859375,Mouth closed
1713974648.805547,0.4892578125,0.847412109375,-0.294921875,Mouth closed
1713974648.849665,0.489501953125,0.846435546875,-0.296875,Mouth closed
1713974648.884471,0.487060546875,0.8466796875,-0.295654296875,Mouth closed
1713974648.927803,0.487060546875,0.84375,-0.29638671875,Mouth closed
1713974648.965941,0.493896484375,0.848388671875,-0.301025390625,Mouth closed
1713974649.007989,0.4892578125,0.845458984375,-0.301025390625,Mouth closed
1713974649.046456,0.489501953125,0.8486328125,-0.29443359375,Mouth closed
1713974649.088474,0.48876953125,0.84375,-0.29638671875,Mouth closed
1713974649.127728,0.487060546875,0.8447265625,-0.29443359375,Mouth closed
1713974649.170168,0.48974609375,0.85009765625,-0.298583984375,Mouth closed
1713974649.20788,0.486328125,0.8505859375,-0.295654296875,Mouth closed
1713974649.252532,0.490966796875,0.8486328125,-0.30078125,Mouth closed
1713974649.287661,0.4892578125,0.847900390625,-0.29833984375,Mouth closed
1713974649.327782,0.491455078125,0.845947265625,-0.296630859375,Mouth closed
1713974649.368636,0.48779296875,0.84521484375,-0.2978515625,Mouth closed
1713974649.415505,0.497802734375,0.848388671875,-0.315185546875,Mouth closed
1713974649.453634,0.488037109375,0.846923828125,-0.30322265625,Mouth closed
1713974649.486456,0.489501953125,0.846435546875,-0.30078125,Mouth closed
1713974649.525215,0.487548828125,0.847412109375,-0.30029296875,Mouth closed
1713974649.566218,0.48779296875,0.8486328125,-0.29931640625,Mouth closed
1713974649.606741,0.490234375,0.84375,-0.301025390625,Mouth closed
1713974649.646263,0.486328125,0.844970703125,-0.295166015625,Mouth closed
1713974649.686724,0.493896484375,0.846923828125,-0.2998046875,Mouth closed
1713974649.726667,0.4892578125,0.841552734375,-0.295166015625,Mouth closed
1713974649.766526,0.49267578125,0.84130859375,-0.30126953125,Mouth closed
1713974649.812985,0.49267578125,0.84521484375,-0.29833984375,Mouth closed
1713974649.851014,0.494873046875,0.842041015625,-0.30322265625,Mouth closed
1713974649.893362,0.48779296875,0.84130859375,-0.301025390625,Mouth closed
1713974649.932481,0.49365234375,0.84814453125,-0.302490234375,Mouth closed
1713974649.973694,0.486083984375,0.84619140625,-0.298583984375,Mouth closed
1713974650.012186,0.48828125,0.846923828125,-0.30029296875,Mouth closed
1713974650.053286,0.485107421875,0.8466796875,-0.302001953125,Mouth closed
1713974650.090045,0.487060546875,0.845703125,-0.304443359375,Mouth closed
1713974650.131261,0.484130859375,0.845947265625,-0.30224609375,Mouth closed
1713974650.168216,0.48779296875,0.846923828125,-0.302734375,Mouth closed
1713974650.209001,0.48828125,0.84326171875,-0.303955078125,Mouth closed
1713974650.248526,0.48779296875,0.84619140625,-0.2958984375,Mouth closed
1713974650.288496,0.49072265625,0.845947265625,-0.296142578125,Mouth closed
1713974650.327419,0.487548828125,0.84228515625,-0.29345703125,Mouth closed
1713974650.374285,0.49169921875,0.841552734375,-0.29833984375,Mouth closed
1713974650.407873,0.49072265625,0.845458984375,-0.297119140625,Mouth closed
1713974650.458668,0.4970703125,0.846435546875,-0.2978515625,Mouth closed
1713974650.488773,0.48974609375,0.842529296875,-0.296630859375,Mouth closed
1713974650.537348,0.496337890625,0.84521484375,-0.29931640625,Mouth closed
1713974650.573842,0.4921875,0.84375,-0.29736328125,Mouth closed
1713974650.614701,0.494384765625,0.84326171875,-0.296875,Mouth closed
1713974650.652845,0.49072265625,0.8427734375,-0.29931640625,Mouth closed
1713974650.691941,0.488525390625,0.84228515625,-0.297607421875,Mouth closed
1713974650.731507,0.4912109375,0.84326171875,-0.295166015625,Mouth closed
1713974650.781074,0.495849609375,0.8486328125,-0.297607421875,Mouth closed
1713974650.808884,0.493896484375,0.843994140625,-0.29833984375,Mouth closed
1713974650.852854,0.491943359375,0.840576171875,-0.28857421875,Mouth closed
1713974650.887888,0.495849609375,0.847900390625,-0.292724609375,Mouth closed
1713974650.937458,0.492919921875,0.845703125,-0.28759765625,Mouth closed
1713974650.9746,0.49267578125,0.845947265625,-0.29296875,Mouth closed
1713974651.009846,0.4931640625,0.846923828125,-0.2919921875,Mouth closed
1713974651.051972,0.499755859375,0.8466796875,-0.2939453125,Mouth closed
1713974651.090761,0.491943359375,0.8466796875,-0.290771484375,Mouth closed
1713974651.128699,0.49560546875,0.84765625,-0.29248046875,Mouth closed
1713974651.168399,0.496826171875,0.845458984375,-0.29150390625,Mouth closed
1713974651.210091,0.493408203125,0.84423828125,-0.292724609375,Mouth closed
1713974651.25051,0.495361328125,0.8447265625,-0.29345703125,Mouth closed
1713974651.289542,0.4931640625,0.843505859375,-0.292724609375,Mouth closed
1713974651.330721,0.495849609375,0.84521484375,-0.2939453125,Mouth closed
1713974651.369493,0.49609375,0.849609375,-0.29541015625,Mouth closed
1713974651.409898,0.494140625,0.84423828125,-0.296142578125,Mouth closed
1713974651.447426,0.4921875,0.846435546875,-0.28662109375,Mouth closed
1713974651.488224,0.498046875,0.84619140625,-0.287109375,Mouth closed
1713974651.527757,0.492431640625,0.845947265625,-0.28515625,Mouth closed
1713974651.572509,0.490966796875,0.847900390625,-0.28857421875,Mouth closed
1713974651.610727,0.4921875,0.843994140625,-0.2939453125,Mouth closed
1713974651.650337,0.494140625,0.845703125,-0.2900390625,Mouth closed
1713974651.688439,0.4892578125,0.842529296875,-0.289306640625,Mouth closed
1713974651.72955,0.4921875,0.84716796875,-0.2890625,Mouth closed
1713974651.769446,0.49365234375,0.845947265625,-0.28955078125,Mouth closed
1713974651.810236,0.494140625,0.844970703125,-0.291259765625,Mouth closed
1713974651.850468,0.492919921875,0.84716796875,-0.2880859375,Mouth closed
1713974651.891873,0.491455078125,0.8447265625,-0.29150390625,Mouth closed
1713974651.931395,0.4921875,0.8466796875,-0.289794921875,Mouth closed
1713974651.970664,0.49267578125,0.84423828125,-0.288818359375,Mouth closed
1713974652.015641,0.499267578125,0.848876953125,-0.29052734375,Mouth closed
1713974652.051962,0.493896484375,0.841796875,-0.292236328125,Mouth closed
1713974652.08945,0.49560546875,0.84716796875,-0.285888671875,Mouth closed
1713974652.130342,0.492919921875,0.846923828125,-0.28759765625,Mouth closed
1713974652.169417,0.495361328125,0.845947265625,-0.28515625,Mouth closed
1713974652.211382,0.49267578125,0.846435546875,-0.2880859375,Mouth closed
1713974652.251596,0.493408203125,0.849609375,-0.285888671875,Mouth closed
1713974652.291134,0.493408203125,0.84814453125,-0.29150390625,Mouth closed
1713974652.331696,0.49560546875,0.848876953125,-0.28662109375,Mouth closed
1713974652.374961,0.49609375,0.84912109375,-0.2900390625,Mouth closed
1713974652.411758,0.491943359375,0.8486328125,-0.28515625,Mouth closed
1713974652.451991,0.49169921875,0.84619140625,-0.2880859375,Mouth closed
1713974652.491609,0.495849609375,0.844482421875,-0.2900390625,Mouth closed
1713974652.532443,0.4921875,0.84521484375,-0.291259765625,Mouth closed
1713974652.577382,0.493896484375,0.84716796875,-0.291259765625,Mouth closed
1713974652.613281,0.4921875,0.846435546875,-0.2890625,Mouth closed
1713974652.653822,0.4990234375,0.849853515625,-0.289306640625,Mouth closed
1713974652.694157,0.492431640625,0.845703125,-0.2880859375,Mouth closed
1713974652.744633,0.493896484375,0.84814453125,-0.28369140625,Mouth closed
1713974652.771849,0.494140625,0.848876953125,-0.288330078125,Mouth closed
1713974652.818871,0.492919921875,0.84521484375,-0.285400390625,Mouth closed
1713974652.851581,0.492431640625,0.849365234375,-0.287841796875,Mouth closed
1713974652.894475,0.492431640625,0.850830078125,-0.288818359375,Mouth closed
1713974652.94066,0.495361328125,0.849365234375,-0.294189453125,Mouth closed
1713974652.978572,0.4912109375,0.84716796875,-0.284912109375,Mouth closed
1713974653.017248,0.497802734375,0.849609375,-0.290771484375,Mouth closed
1713974653.056084,0.494140625,0.84375,-0.287841796875,Mouth closed
1713974653.094346,0.493896484375,0.844970703125,-0.289306640625,Mouth closed
1713974653.135648,0.49560546875,0.843017578125,-0.290771484375,Mouth closed
1713974653.176115,0.49072265625,0.84326171875,-0.29150390625,Mouth closed
1713974653.217239,0.49462890625,0.846923828125,-0.291015625,Mouth closed
1713974653.2545,0.49169921875,0.8466796875,-0.290771484375,Mouth closed
1713974653.294481,0.500732421875,0.847412109375,-0.29443359375,Mouth closed
1713974653.335107,0.49658203125,0.845458984375,-0.294677734375,Mouth closed
1713974653.374724,0.498779296875,0.8466796875,-0.287109375,Mouth closed
1713974653.419154,0.49365234375,0.8466796875,-0.287353515625,Mouth closed
1713974653.454437,0.493408203125,0.842041015625,-0.291015625,Mouth closed
1713974653.496558,0.496826171875,0.84326171875,-0.29150390625,Mouth closed
1713974653.536182,0.492919921875,0.84814453125,-0.2890625,Mouth closed
1713974653.573559,0.494384765625,0.84423828125,-0.29443359375,Mouth closed
1713974653.613578,0.49658203125,0.84716796875,-0.29150390625,Mouth closed
1713974653.655549,0.496337890625,0.84326171875,-0.297607421875,Mouth closed
1713974653.694489,0.49169921875,0.839599609375,-0.294921875,Mouth closed
1713974653.735403,0.493896484375,0.845947265625,-0.29833984375,Mouth closed
1713974653.774619,0.49365234375,0.843017578125,-0.297119140625,Mouth closed
1713974653.816104,0.49169921875,0.843994140625,-0.2978515625,Mouth closed
1713974653.857532,0.4912109375,0.8466796875,-0.296875,Mouth closed
1713974653.895524,0.488037109375,0.8427734375,-0.295166015625,Mouth closed
1713974653.93582,0.489990234375,0.84375,-0.297607421875,Mouth closed
1713974653.978878,0.490234375,0.8427734375,-0.29296875,Mouth closed
1713974654.015831,0.495849609375,0.847412109375,-0.29296875,Mouth open
1713974654.055683,0.4921875,0.84375,-0.29443359375,Mouth open
1713974654.094611,0.492431640625,0.841552734375,-0.294189453125,Mouth open
1713974654.134553,0.488037109375,0.8427734375,-0.2939453125,Mouth open
1713974654.174724,0.4912109375,0.84619140625,-0.291748046875,Mouth open
1713974654.219641,0.48974609375,0.846435546875,-0.2919921875,Mouth open
1713974654.257722,0.494873046875,0.848388671875,-0.292236328125,Mouth open
1713974654.297248,0.4931640625,0.845947265625,-0.295166015625,Mouth open
1713974654.335891,0.4931640625,0.846923828125,-0.291259765625,Mouth open
1713974654.375665,0.4921875,0.845458984375,-0.292724609375,Mouth open
1713974654.419796,0.492919921875,0.84423828125,-0.2939453125,Mouth open
1713974654.469484,0.492431640625,0.84375,-0.290283203125,Mouth open
1713974654.496899,0.484619140625,0.851806640625,-0.2958984375,Mouth open
1713974654.540777,0.48974609375,0.84619140625,-0.29345703125,Mouth open
1713974654.576616,0.48193359375,0.852294921875,-0.298828125,Mouth open
1713974654.621578,0.49365234375,0.84375,-0.285400390625,Mouth open
1713974654.66275,0.5009765625,0.8525390625,-0.29296875,Mouth open
1713974654.708117,0.497314453125,0.835693359375,-0.283203125,Mouth open
1713974654.736598,0.492431640625,0.84423828125,-0.29296875,Mouth open
1713974654.777145,0.490966796875,0.8447265625,-0.304443359375,Mouth open
1713974654.815404,0.496826171875,0.840576171875,-0.280517578125,Mouth open
1713974654.861842,0.51708984375,0.836181640625,-0.29345703125,Mouth open
1713974654.895785,0.509521484375,0.837646484375,-0.29443359375,Mouth open
1713974654.93928,0.5078125,0.838134765625,-0.295166015625,Mouth open
1713974654.976353,0.507080078125,0.831298828125,-0.3017578125,Mouth open
1713974655.023763,0.510498046875,0.832275390625,-0.30029296875,Mouth open
1713974655.063675,0.5068359375,0.83203125,-0.305908203125,Mouth open
1713974655.101227,0.5009765625,0.828857421875,-0.311767578125,Mouth open
1713974655.138968,0.50146484375,0.828857421875,-0.31005859375,Mouth open
1713974655.179612,0.5029296875,0.833984375,-0.3173828125,Mouth open
1713974655.217704,0.50146484375,0.831787109375,-0.319580078125,Mouth open
1713974655.258135,0.4990234375,0.828369140625,-0.3154296875,Mouth open
1713974655.298568,0.5068359375,0.837646484375,-0.310302734375,Mouth open
1713974655.338108,0.500244140625,0.83349609375,-0.31396484375,Mouth open
1713974655.376466,0.5029296875,0.837158203125,-0.315185546875,Mouth open
1713974655.418545,0.500244140625,0.83544921875,-0.310302734375,Mouth open
1713974655.457153,0.495361328125,0.831787109375,-0.316162109375,Mouth open
1713974655.531562,0.492919921875,0.82958984375,-0.3173828125,Mouth open
1713974655.541567,0.496826171875,0.834228515625,-0.31640625,Mouth open
1713974655.580057,0.496826171875,0.835205078125,-0.320068359375,Mouth open
1713974655.622486,0.497314453125,0.834228515625,-0.312744140625,Mouth open
1713974655.662929,0.49951171875,0.832275390625,-0.31396484375,Mouth open
1713974655.700688,0.4970703125,0.833251953125,-0.310546875,Mouth open
1713974655.739607,0.496337890625,0.833984375,-0.308349609375,Mouth open
1713974655.779645,0.492919921875,0.83203125,-0.314697265625,Mouth open
1713974655.82078,0.50146484375,0.839599609375,-0.317626953125,Mouth open
1713974655.859942,0.4951171875,0.83251953125,-0.319091796875,Mouth open
1713974655.899322,0.4931640625,0.835693359375,-0.311767578125,Mouth open
1713974655.942161,0.495849609375,0.839599609375,-0.3125,Mouth open
1713974655.97954,0.490966796875,0.83740234375,-0.308349609375,Mouth open
1713974656.021663,0.491455078125,0.838134765625,-0.3154296875,Mouth open
1713974656.061515,0.490234375,0.84375,-0.31689453125,Mouth open
1713974656.101325,0.49072265625,0.83837890625,-0.32275390625,Mouth open
1713974656.138707,0.484375,0.83740234375,-0.316162109375,Mouth open
1713974656.17842,0.490478515625,0.840087890625,-0.31884765625,Mouth open
1713974656.219578,0.491455078125,0.84033203125,-0.31884765625,Mouth open
1713974656.258748,0.48779296875,0.837158203125,-0.320068359375,Mouth open
1713974656.299513,0.488037109375,0.83740234375,-0.3212890625,Mouth open
1713974656.339526,0.488525390625,0.8330078125,-0.32177734375,Mouth open
1713974656.382998,0.489013671875,0.835693359375,-0.317138671875,Mouth open
1713974656.419212,0.489501953125,0.836181640625,-0.31591796875,Mouth open
1713974656.46311,0.496337890625,0.84033203125,-0.3203125,Mouth open
1713974656.501189,0.49365234375,0.833740234375,-0.315673828125,Mouth open
1713974656.541047,0.493896484375,0.837158203125,-0.312255859375,Mouth open
1713974656.58032,0.490234375,0.83837890625,-0.31591796875,Mouth open
1713974656.623996,0.489990234375,0.837646484375,-0.312744140625,Mouth open
1713974656.662552,0.489990234375,0.83447265625,-0.31689453125,Mouth open
1713974656.70205,0.48876953125,0.84033203125,-0.3154296875,Mouth open
1713974656.738489,0.491943359375,0.83544921875,-0.322265625,Mouth open
1713974656.782394,0.48974609375,0.835205078125,-0.315185546875,Mouth open
1713974656.820359,0.4931640625,0.83642578125,-0.321533203125,Mouth open
1713974656.860087,0.492431640625,0.834716796875,-0.31591796875,Mouth open
1713974656.899775,0.492431640625,0.83349609375,-0.32177734375,Mouth open
1713974656.940517,0.490478515625,0.834228515625,-0.320556640625,Mouth open
1713974656.980312,0.48974609375,0.833251953125,-0.3232421875,Mouth open
1713974657.019964,0.492919921875,0.837646484375,-0.32275390625,Mouth open
1713974657.065553,0.48828125,0.83544921875,-0.321533203125,Mouth open
1713974657.102316,0.489990234375,0.831787109375,-0.32421875,Mouth open
1713974657.143743,0.489013671875,0.83056640625,-0.324462890625,Mouth open
1713974657.186595,0.499267578125,0.836669921875,-0.32470703125,Mouth open
1713974657.221439,0.489013671875,0.8310546875,-0.31982421875,Mouth open
1713974657.262432,0.49267578125,0.832763671875,-0.31982421875,Mouth open
1713974657.306214,0.490234375,0.83447265625,-0.32275390625,Mouth open
1713974657.340371,0.49072265625,0.83203125,-0.32177734375,Mouth open
1713974657.380298,0.489990234375,0.831787109375,-0.3232421875,Mouth open
1713974657.423774,0.49560546875,0.833740234375,-0.322265625,Mouth open
1713974657.465987,0.491455078125,0.8349609375,-0.324951171875,Mouth open
1713974657.503811,0.490966796875,0.8349609375,-0.322998046875,Mouth open
1713974657.544262,0.491943359375,0.83447265625,-0.32373046875,Mouth open
1713974657.582593,0.491455078125,0.83056640625,-0.32470703125,Mouth open
1713974657.631511,0.48974609375,0.83251953125,-0.326416015625,Mouth open
1713974657.662564,0.494140625,0.833740234375,-0.32373046875,Mouth open
1713974657.714169,0.49560546875,0.836181640625,-0.323974609375,Mouth open
1713974657.74387,0.494873046875,0.83349609375,-0.323974609375,Mouth open
1713974657.794584,0.48974609375,0.83056640625,-0.3154296875,Mouth open
1713974657.824336,0.49658203125,0.835693359375,-0.316162109375,Mouth open
1713974657.870204,0.494384765625,0.833740234375,-0.319091796875,Mouth open
1713974657.904326,0.49267578125,0.834228515625,-0.3193359375,Mouth open
1713974657.951359,0.495361328125,0.833251953125,-0.317626953125,Mouth open
1713974657.983731,0.49462890625,0.833984375,-0.321533203125,Mouth open
1713974658.035745,0.48876953125,0.832763671875,-0.317626953125,Mouth open
1713974658.063286,0.49462890625,0.837158203125,-0.3212890625,Mouth open
1713974658.108667,0.490966796875,0.83642578125,-0.320556640625,Mouth open
1713974658.144871,0.491455078125,0.834228515625,-0.32177734375,Mouth open
1713974658.183656,0.490966796875,0.83447265625,-0.32275390625,Mouth open
1713974658.223662,0.489013671875,0.832763671875,-0.325439453125,Mouth open
1713974658.278732,0.48876953125,0.833984375,-0.3232421875,Mouth open
1713974658.30443,0.490966796875,0.833251953125,-0.321044921875,Mouth open
1713974658.344198,0.4951171875,0.83837890625,-0.323974609375,Mouth open
1713974658.386251,0.494140625,0.834228515625,-0.3251953125,Mouth open
1713974658.439902,0.4892578125,0.837158203125,-0.31396484375,Mouth open
1713974658.466515,0.491943359375,0.838134765625,-0.318603515625,Mouth open
1713974658.507247,0.490966796875,0.836669921875,-0.315673828125,Mouth open
1713974658.546249,0.4931640625,0.839111328125,-0.31884765625,Mouth open
1713974658.588314,0.49169921875,0.83984375,-0.317138671875,Mouth open
1713974658.634187,0.4912109375,0.84130859375,-0.316650390625,Mouth open
1713974658.665257,0.486572265625,0.836181640625,-0.31689453125,Mouth open
1713974658.705248,0.490478515625,0.83837890625,-0.31494140625,Mouth open
1713974658.74451,0.4931640625,0.837646484375,-0.3154296875,Mouth open
1713974658.786692,0.489990234375,0.8388671875,-0.315185546875,Mouth open
1713974658.824426,0.48779296875,0.835693359375,-0.31787109375,Mouth open
1713974658.864464,0.490966796875,0.8359375,-0.321044921875,Mouth open
1713974658.90565,0.486572265625,0.835693359375,-0.316650390625,Mouth open
1713974658.945286,0.491455078125,0.840576171875,-0.315185546875,Mouth open
1713974658.985209,0.48828125,0.83935546875,-0.31640625,Mouth open
1713974659.026742,0.4892578125,0.833984375,-0.3173828125,Mouth open
1713974659.067717,0.487060546875,0.835693359375,-0.310791015625,Mouth open
1713974659.106958,0.491943359375,0.839599609375,-0.31298828125,Mouth open
1713974659.147902,0.48828125,0.83837890625,-0.3115234375,Mouth open
1713974659.189018,0.488525390625,0.83984375,-0.314208984375,Mouth open
1713974659.228332,0.491943359375,0.839599609375,-0.316650390625,Mouth open
1713974659.27027,0.48876953125,0.83935546875,-0.3154296875,Mouth open
1713974659.306339,0.48828125,0.83837890625,-0.312255859375,Mouth open
1713974659.347164,0.489990234375,0.838134765625,-0.3134765625,Mouth open
1713974659.385208,0.490966796875,0.8427734375,-0.315185546875,Mouth open
1713974659.42529,0.490234375,0.8388671875,-0.31396484375,Mouth open
1713974659.466447,0.48486328125,0.8369140625,-0.318359375,Mouth open
1713974659.508167,0.48876953125,0.83544921875,-0.317626953125,Mouth open
1713974659.545318,0.486083984375,0.835693359375,-0.317626953125,Mouth open
1713974659.590474,0.4912109375,0.83837890625,-0.316650390625,Mouth open
1713974659.626595,0.485107421875,0.8388671875,-0.31494140625,Mouth open
1713974659.671233,0.4912109375,0.838623046875,-0.3203125,Mouth open
1713974659.707573,0.484619140625,0.83544921875,-0.315673828125,Mouth open
1713974659.751334,0.489013671875,0.839599609375,-0.321533203125,Mouth open
1713974659.7882,0.48486328125,0.843017578125,-0.31640625,Mouth open
1713974659.827218,0.4853515625,0.836669921875,-0.31787109375,Mouth open
1713974659.867339,0.487548828125,0.840087890625,-0.320556640625,Mouth open
1713974659.922953,0.484619140625,0.837646484375,-0.317626953125,Mouth open
1713974659.954622,0.484619140625,0.840087890625,-0.3212890625,Mouth open
1713974659.986855,0.49169921875,0.839599609375,-0.319091796875,Mouth open
1713974660.030673,0.49072265625,0.838623046875,-0.323974609375,Mouth open
1713974660.071764,0.488037109375,0.838623046875,-0.3173828125,Mouth open
1713974660.109123,0.4892578125,0.836669921875,-0.323486328125,Mouth open
1713974660.149016,0.48974609375,0.836181640625,-0.324462890625,Mouth open
1713974660.186318,0.486328125,0.836181640625,-0.32568359375,Mouth open
1713974660.2273,0.49072265625,0.8359375,-0.325439453125,Mouth open
1713974660.267659,0.4853515625,0.8369140625,-0.321533203125,Mouth open
1713974660.308706,0.48681640625,0.834228515625,-0.32080078125,Mouth open
1713974660.348549,0.48828125,0.838134765625,-0.3193359375,Mouth open
1713974660.387325,0.49267578125,0.840576171875,-0.320556640625,Mouth open
1713974660.427774,0.487548828125,0.8359375,-0.31787109375,Mouth open
1713974660.46948,0.489013671875,0.834716796875,-0.3203125,Mouth open
1713974660.508268,0.488525390625,0.834716796875,-0.32275390625,Mouth open
1713974660.549395,0.488037109375,0.8349609375,-0.323974609375,Mouth open
1713974660.589994,0.484130859375,0.836181640625,-0.3251953125,Mouth open
1713974660.628309,0.49072265625,0.837158203125,-0.326171875,Mouth open
1713974660.668521,0.486328125,0.83544921875,-0.324462890625,Mouth open
1713974660.707439,0.48876953125,0.833740234375,-0.3251953125,Mouth open
1713974660.747211,0.488037109375,0.833984375,-0.3291015625,Mouth open
1713974660.789225,0.484130859375,0.83349609375,-0.330322265625,Mouth open
1713974660.828473,0.48779296875,0.833740234375,-0.32958984375,Mouth open
1713974660.868428,0.4873046875,0.834228515625,-0.32861328125,Mouth open
1713974660.913821,0.489501953125,0.837646484375,-0.329833984375,Mouth open
1713974660.951517,0.489013671875,0.8369140625,-0.328857421875,Mouth open
1713974660.991703,0.489013671875,0.837890625,-0.32177734375,Mouth open
1713974661.031881,0.48779296875,0.833740234375,-0.32373046875,Mouth open
1713974661.071041,0.486083984375,0.834716796875,-0.322509765625,Mouth open
1713974661.112807,0.48876953125,0.836669921875,-0.321533203125,Mouth open
1713974661.155385,0.486572265625,0.8408203125,-0.321533203125,Mouth open
1713974661.197427,0.4873046875,0.839111328125,-0.3251953125,Mouth open
1713974661.236108,0.486572265625,0.83740234375,-0.31982421875,Mouth open
1713974661.272494,0.48876953125,0.84033203125,-0.3212890625,Mouth open
1713974661.312883,0.489501953125,0.837158203125,-0.3203125,Mouth open
1713974661.349566,0.490234375,0.838623046875,-0.321044921875,Mouth open
1713974661.390045,0.49072265625,0.838134765625,-0.321533203125,Mouth open
1713974661.430276,0.488525390625,0.83642578125,-0.31787109375,Mouth open
1713974661.474363,0.48779296875,0.839599609375,-0.32080078125,Mouth open
1713974661.509741,0.48828125,0.83935546875,-0.320556640625,Mouth open
1713974661.558489,0.49072265625,0.83837890625,-0.32177734375,Mouth open
1713974661.590226,0.48583984375,0.838134765625,-0.31201171875,Mouth open
1713974661.63573,0.4921875,0.837646484375,-0.3154296875,Mouth open
1713974661.671484,0.486328125,0.84130859375,-0.3115234375,Mouth open
1713974661.712305,0.488037109375,0.840576171875,-0.31494140625,Mouth open
1713974661.757125,0.487060546875,0.840087890625,-0.313232421875,Mouth open
1713974661.797563,0.487548828125,0.840087890625,-0.315673828125,Mouth open
1713974661.835234,0.4814453125,0.83837890625,-0.314208984375,Mouth open
1713974661.874889,0.485595703125,0.842041015625,-0.31787109375,Mouth open
1713974661.913081,0.487060546875,0.8408203125,-0.31884765625,Mouth open
1713974661.953354,0.482666015625,0.840087890625,-0.316650390625,Mouth open
1713974661.992259,0.4853515625,0.836669921875,-0.319580078125,Mouth open
1713974662.032026,0.485595703125,0.83935546875,-0.318359375,Mouth open
1713974662.07019,0.488525390625,0.838134765625,-0.318603515625,Mouth open
1713974662.111583,0.484375,0.841064453125,-0.319580078125,Mouth open
1713974662.15148,0.4873046875,0.84228515625,-0.32275390625,Mouth open
1713974662.191331,0.486572265625,0.83642578125,-0.317138671875,Mouth open
1713974662.23494,0.4892578125,0.8408203125,-0.3154296875,Mouth open
1713974662.275584,0.486083984375,0.8369140625,-0.314697265625,Mouth open
1713974662.313182,0.486328125,0.836669921875,-0.314697265625,Mouth open
1713974662.353144,0.4853515625,0.840087890625,-0.317626953125,Mouth open
1713974662.393111,0.486572265625,0.84033203125,-0.31591796875,Mouth open
1713974662.43597,0.4912109375,0.84130859375,-0.317626953125,Mouth open
1713974662.474137,0.48583984375,0.838623046875,-0.315673828125,Mouth open
1713974662.517813,0.48779296875,0.840576171875,-0.319091796875,Mouth open
1713974662.554651,0.486572265625,0.840576171875,-0.3173828125,Mouth open
1713974662.596691,0.483154296875,0.840087890625,-0.319580078125,Mouth open
1713974662.633201,0.48486328125,0.841064453125,-0.3212890625,Mouth open
1713974662.675901,0.485107421875,0.837646484375,-0.31884765625,Mouth open
1713974662.712688,0.486328125,0.83984375,-0.31982421875,Mouth open
1713974662.752283,0.484619140625,0.83740234375,-0.3203125,Mouth open
1713974662.792822,0.486083984375,0.835205078125,-0.322509765625,Mouth open
1713974662.832095,0.4873046875,0.83544921875,-0.314208984375,Mouth open
1713974662.874485,0.49072265625,0.841552734375,-0.31640625,Mouth open
1713974662.913292,0.485107421875,0.83740234375,-0.315673828125,Mouth open
1713974662.959015,0.487548828125,0.837890625,-0.316162109375,Mouth open
1713974662.995306,0.48291015625,0.841796875,-0.319091796875,Mouth open
1713974663.037654,0.487060546875,0.840087890625,-0.3154296875,Mouth open
1713974663.074142,0.483642578125,0.839111328125,-0.315673828125,Mouth open
1713974663.130877,0.48876953125,0.8408203125,-0.315673828125,Mouth open
1713974663.155507,0.489990234375,0.8447265625,-0.316162109375,Mouth open
1713974663.206887,0.48583984375,0.838134765625,-0.317626953125,Mouth open
1713974663.235579,0.486572265625,0.83837890625,-0.319580078125,Mouth open
1713974663.280562,0.4873046875,0.84228515625,-0.318359375,Mouth open
1713974663.321823,0.48388671875,0.838623046875,-0.319091796875,Mouth open
1713974663.362083,0.486328125,0.84228515625,-0.320068359375,Mouth open
1713974663.399661,0.47900390625,0.83935546875,-0.32177734375,Mouth open
1713974663.440422,0.48828125,0.83984375,-0.320068359375,Mouth open
1713974663.477859,0.483642578125,0.839111328125,-0.31689453125,Mouth open
1713974663.514206,0.49169921875,0.842041015625,-0.31494140625,Mouth open
1713974663.556209,0.486328125,0.84033203125,-0.3154296875,Mouth open
1713974663.631707,0.48486328125,0.840087890625,-0.319091796875,Mouth open
1713974663.644335,0.4833984375,0.84130859375,-0.3203125,Mouth open
1713974663.689766,0.484619140625,0.842041015625,-0.318603515625,Mouth open
1713974663.715508,0.48291015625,0.83935546875,-0.32177734375,Mouth open
1713974663.75795,0.485595703125,0.83935546875,-0.3212890625,Mouth open
1713974663.795809,0.485595703125,0.842529296875,-0.3232421875,Mouth open
1713974663.840177,0.48486328125,0.83740234375,-0.322509765625,Mouth open
1713974663.876115,0.480224609375,0.8369140625,-0.3232421875,Mouth open
1713974663.921785,0.48388671875,0.8349609375,-0.327392578125,Mouth open
1713974663.957935,0.48095703125,0.837646484375,-0.325439453125,Mouth open
1713974663.998976,0.48583984375,0.840576171875,-0.322021484375,Mouth open
1713974664.037477,0.479736328125,0.838134765625,-0.325927734375,Mouth open
1713974664.076397,0.482421875,0.83642578125,-0.3251953125,Mouth open
1713974664.114967,0.481201171875,0.8349609375,-0.32470703125,Mouth open
1713974664.15483,0.48876953125,0.83984375,-0.3251953125,Mouth open
1713974664.196409,0.482421875,0.833984375,-0.322509765625,Mouth open
1713974664.246462,0.4814453125,0.836669921875,-0.32470703125,Mouth open
1713974664.275153,0.48193359375,0.83935546875,-0.32470703125,Mouth open
1713974664.316873,0.484619140625,0.8359375,-0.326416015625,Mouth open
1713974664.362278,0.478271484375,0.8349609375,-0.326416015625,Mouth open
1713974664.400997,0.4853515625,0.83984375,-0.326171875,Mouth open
1713974664.440868,0.480712890625,0.84033203125,-0.3251953125,Mouth open
1713974664.47981,0.483642578125,0.836669921875,-0.323486328125,Mouth open
1713974664.517891,0.48486328125,0.83740234375,-0.32763671875,Mouth open
1713974664.557728,0.481201171875,0.833984375,-0.325927734375,Mouth open
1713974664.597876,0.48193359375,0.836669921875,-0.32666015625,Mouth open
1713974664.637102,0.482666015625,0.8359375,-0.325439453125,Mouth open
1713974664.67576,0.487060546875,0.84228515625,-0.327392578125,Mouth open
1713974664.714837,0.486083984375,0.83740234375,-0.325927734375,Mouth open
1713974664.755566,0.484130859375,0.839599609375,-0.31689453125,Mouth open
1713974664.796693,0.486328125,0.84130859375,-0.3203125,Mouth open
1713974664.835212,0.484375,0.8388671875,-0.318603515625,Mouth open
1713974664.8764,0.482421875,0.8408203125,-0.3251953125,Mouth open
1713974664.916057,0.482666015625,0.83984375,-0.322998046875,Mouth open
1713974664.95704,0.487060546875,0.8369140625,-0.325439453125,Mouth open
1713974664.997958,0.481201171875,0.83935546875,-0.320556640625,Mouth open
1713974665.038571,0.486572265625,0.841796875,-0.3232421875,Mouth open
1713974665.078095,0.487548828125,0.839111328125,-0.323974609375,Mouth open
1713974665.118401,0.48046875,0.836669921875,-0.3271484375,Mouth open
1713974665.1574,0.482421875,0.834228515625,-0.3271484375,Mouth open
1713974665.200325,0.483642578125,0.83740234375,-0.32666015625,Mouth open
1713974665.237274,0.481201171875,0.835693359375,-0.328125,Mouth open
1713974665.276075,0.484375,0.8388671875,-0.326904296875,Mouth open
1713974665.317467,0.47900390625,0.83935546875,-0.326904296875,Mouth open
1713974665.357945,0.485595703125,0.838134765625,-0.3271484375,Mouth open
1713974665.398214,0.482177734375,0.8369140625,-0.32421875,Mouth open
1713974665.44238,0.48974609375,0.840576171875,-0.3193359375,Mouth open
1713974665.477613,0.485595703125,0.839599609375,-0.32275390625,Mouth open
1713974665.518974,0.4814453125,0.8388671875,-0.324462890625,Mouth open
1713974665.558448,0.483642578125,0.839111328125,-0.323486328125,Mouth open
1713974665.601314,0.480224609375,0.843994140625,-0.32421875,Mouth open
1713974665.639182,0.48291015625,0.84033203125,-0.32568359375,Mouth open
1713974665.678408,0.47998046875,0.839111328125,-0.321533203125,Mouth open
1713974665.724588,0.483642578125,0.841064453125,-0.327392578125,Mouth open
1713974665.762151,0.4833984375,0.83740234375,-0.322265625,Mouth open
1713974665.802718,0.481689453125,0.837158203125,-0.326171875,Mouth open
1713974665.840883,0.482666015625,0.841064453125,-0.3251953125,Mouth open
1713974665.890278,0.479248046875,0.837158203125,-0.328369140625,Mouth open
1713974665.920943,0.4794921875,0.839599609375,-0.328369140625,Mouth open
1713974665.959582,0.48388671875,0.84228515625,-0.327392578125,Mouth open
1713974665.998873,0.47607421875,0.839599609375,-0.32568359375,Mouth open
1713974666.052663,0.48583984375,0.84033203125,-0.32861328125,Mouth open
1713974666.08,0.479248046875,0.83935546875,-0.320556640625,Mouth open
1713974666.129403,0.486572265625,0.841796875,-0.326416015625,Mouth open
1713974666.166765,0.47900390625,0.83935546875,-0.325439453125,Mouth open
1713974666.210281,0.481201171875,0.83935546875,-0.324951171875,Mouth open
1713974666.240551,0.485107421875,0.84228515625,-0.324951171875,Mouth open
1713974666.290654,0.479248046875,0.841064453125,-0.32763671875,Mouth open
1713974666.32844,0.480712890625,0.835693359375,-0.32861328125,Mouth open
1713974666.363983,0.48095703125,0.840576171875,-0.325439453125,Mouth open
1713974666.405371,0.48291015625,0.840087890625,-0.329833984375,Mouth open
1713974666.44173,0.4814453125,0.837158203125,-0.327392578125,Mouth open
1713974666.482139,0.482666015625,0.838623046875,-0.32763671875,Mouth open
1713974666.530891,0.48046875,0.837646484375,-0.327880859375,Mouth open
1713974666.562884,0.478515625,0.83642578125,-0.329833984375,Mouth open
1713974666.605217,0.481201171875,0.838623046875,-0.32958984375,Mouth open
1713974666.64126,0.4833984375,0.839111328125,-0.326416015625,Mouth open
1713974666.690073,0.4775390625,0.8408203125,-0.3251953125,Mouth open
1713974666.721311,0.482666015625,0.837646484375,-0.32763671875,Mouth open
1713974666.768224,0.47802734375,0.837646484375,-0.321533203125,Mouth open
1713974666.80011,0.48193359375,0.84423828125,-0.325927734375,Mouth open
1713974666.845568,0.47900390625,0.842041015625,-0.3232421875,Mouth open
1713974666.887356,0.47705078125,0.8408203125,-0.322509765625,Mouth open
1713974666.921166,0.478759765625,0.843505859375,-0.3251953125,Mouth open
1713974666.96619,0.4794921875,0.841064453125,-0.322998046875,Mouth open
1713974667.00541,0.477783203125,0.8408203125,-0.32470703125,Mouth open
1713974667.04304,0.480712890625,0.843505859375,-0.3232421875,Mouth open
1713974667.083935,0.484619140625,0.842529296875,-0.32421875,Mouth open
1713974667.12317,0.47998046875,0.83935546875,-0.3251953125,Mouth open
1713974667.163987,0.480712890625,0.840087890625,-0.3291015625,Mouth open
1713974667.203043,0.47998046875,0.837158203125,-0.330322265625,Mouth open
1713974667.242773,0.476806640625,0.8359375,-0.32861328125,Mouth open
1713974667.28253,0.4794921875,0.838623046875,-0.32763671875,Mouth open
1713974667.321206,0.481201171875,0.8427734375,-0.327392578125,Mouth open
1713974667.361853,0.482666015625,0.84033203125,-0.330078125,Mouth open
1713974667.402223,0.481201171875,0.835693359375,-0.3310546875,Mouth open
1713974667.443807,0.477783203125,0.841064453125,-0.3251953125,Mouth open
1713974667.481408,0.480224609375,0.840576171875,-0.328857421875,Mouth open
1713974667.524462,0.478515625,0.8388671875,-0.325439453125,Mouth open
1713974667.565162,0.479736328125,0.839599609375,-0.327392578125,Mouth open
1713974667.603146,0.479736328125,0.843505859375,-0.329833984375,Mouth open
1713974667.644953,0.481689453125,0.839111328125,-0.33349609375,Mouth open
1713974667.685237,0.478271484375,0.83837890625,-0.32861328125,Mouth open
1713974667.727627,0.481689453125,0.84228515625,-0.33154296875,Mouth open
1713974667.762949,0.4755859375,0.837158203125,-0.330322265625,Mouth open
1713974667.809322,0.476806640625,0.83837890625,-0.333740234375,Mouth open
1713974667.844178,0.476318359375,0.838623046875,-0.33349609375,Mouth open
1713974667.885684,0.4736328125,0.835205078125,-0.335205078125,Mouth open
1713974667.922791,0.47412109375,0.83935546875,-0.335205078125,Mouth open
1713974667.961995,0.47802734375,0.840087890625,-0.333740234375,Mouth open
1713974668.001948,0.47802734375,0.84033203125,-0.33251953125,Mouth open
1713974668.041452,0.4794921875,0.83740234375,-0.330078125,Mouth open
1713974668.082052,0.478759765625,0.843017578125,-0.32568359375,Mouth open
1713974668.121218,0.48291015625,0.83935546875,-0.327880859375,Mouth open
1713974668.162435,0.47900390625,0.836181640625,-0.32763671875,Mouth open
1713974668.203211,0.481201171875,0.839599609375,-0.328857421875,Mouth open
1713974668.242153,0.47607421875,0.84130859375,-0.330078125,Mouth open
1713974668.284829,0.4833984375,0.839599609375,-0.3310546875,Mouth open
1713974668.325229,0.47607421875,0.839111328125,-0.3251953125,Mouth open
1713974668.364356,0.48046875,0.84228515625,-0.328857421875,Mouth open
1713974668.404202,0.47802734375,0.839111328125,-0.32568359375,Mouth open
1713974668.4442,0.480224609375,0.83740234375,-0.328857421875,Mouth open
1713974668.486639,0.479736328125,0.83935546875,-0.3310546875,Mouth open
1713974668.525283,0.479248046875,0.83837890625,-0.32958984375,Mouth open
1713974668.565591,0.4765625,0.835693359375,-0.327880859375,Mouth open
1713974668.606759,0.478515625,0.839111328125,-0.328125,Mouth open
1713974668.647728,0.4765625,0.84326171875,-0.327880859375,Mouth open
1713974668.681953,0.48046875,0.8388671875,-0.33154296875,Mouth open
1713974668.725824,0.478515625,0.83837890625,-0.321533203125,Mouth open
1713974668.767139,0.483642578125,0.84375,-0.32373046875,Mouth open
1713974668.806814,0.480712890625,0.83984375,-0.320556640625,Mouth open
1713974668.847909,0.48291015625,0.83984375,-0.324951171875,Mouth open
1713974668.887112,0.480712890625,0.839599609375,-0.3251953125,Mouth open
1713974668.92962,0.479736328125,0.84130859375,-0.32470703125,Mouth open
1713974668.970862,0.477783203125,0.840576171875,-0.326171875,Mouth open
1713974669.006686,0.48095703125,0.84130859375,-0.32666015625,Mouth closed
1713974669.048909,0.48095703125,0.845947265625,-0.32861328125,Mouth closed
1713974669.095667,0.476318359375,0.839111328125,-0.329345703125,Mouth closed
1713974669.1247,0.478271484375,0.840576171875,-0.327880859375,Mouth closed
1713974669.165338,0.47998046875,0.83935546875,-0.330322265625,Mouth closed
1713974669.203438,0.4765625,0.83984375,-0.32958984375,Mouth closed
1713974669.245024,0.4775390625,0.841064453125,-0.328857421875,Mouth closed
1713974669.283889,0.475830078125,0.83935546875,-0.329345703125,Mouth closed
1713974669.325323,0.48095703125,0.84130859375,-0.330810546875,Mouth closed
1713974669.363279,0.47705078125,0.837158203125,-0.32373046875,Mouth closed
1713974669.406244,0.48193359375,0.84375,-0.32568359375,Mouth closed
1713974669.446023,0.477294921875,0.837890625,-0.32177734375,Mouth closed
1713974669.488943,0.4775390625,0.838623046875,-0.326904296875,Mouth closed
1713974669.522929,0.477294921875,0.840576171875,-0.328369140625,Mouth closed
1713974669.568276,0.475341796875,0.84130859375,-0.32568359375,Mouth closed
1713974669.607195,0.4765625,0.84130859375,-0.326171875,Mouth closed
1713974669.648271,0.479736328125,0.838134765625,-0.32666015625,Mouth closed
1713974669.688337,0.481201171875,0.840087890625,-0.326171875,Mouth closed
1713974669.728545,0.4833984375,0.8330078125,-0.32421875,Mouth closed
1713974669.767397,0.477294921875,0.844970703125,-0.33349609375,Mouth closed
1713974669.809092,0.474609375,0.837890625,-0.325927734375,Mouth closed
1713974669.843164,0.4716796875,0.835205078125,-0.3369140625,Mouth closed
1713974669.882108,0.4697265625,0.836181640625,-0.3359375,Mouth closed
1713974669.922159,0.50927734375,0.844970703125,-0.3759765625,Mouth closed
1713974669.96159,0.480224609375,0.847412109375,-0.328369140625,Mouth closed
1713974670.001147,0.4794921875,0.835693359375,-0.33544921875,Mouth closed
1713974670.042158,0.4921875,0.84130859375,-0.29541015625,Mouth closed
1713974670.08209,0.478515625,0.84765625,-0.320556640625,Mouth closed
1713974670.126517,0.475830078125,0.84375,-0.321044921875,Mouth closed
1713974670.163165,0.476318359375,0.845947265625,-0.320556640625,Mouth closed
1713974670.203519,0.47802734375,0.849853515625,-0.3212890625,Mouth closed
1713974670.244185,0.478759765625,0.84619140625,-0.3193359375,Mouth closed
1713974670.288023,0.474853515625,0.843017578125,-0.317138671875,Mouth closed
1713974670.330635,0.478515625,0.8466796875,-0.31982421875,Mouth closed
1713974670.370083,0.47998046875,0.842529296875,-0.31689453125,Mouth closed
1713974670.40413,0.4794921875,0.843994140625,-0.31884765625,Mouth closed
1713974670.443359,0.478515625,0.843505859375,-0.319580078125,Mouth closed
1713974670.482948,0.474853515625,0.84228515625,-0.32080078125,Mouth closed
1713974670.52776,0.4736328125,0.8408203125,-0.322265625,Mouth closed
1713974670.564695,0.4755859375,0.8466796875,-0.322509765625,Mouth closed
1713974670.605703,0.473388671875,0.849609375,-0.319580078125,Mouth closed
1713974670.642147,0.475830078125,0.84619140625,-0.323974609375,Mouth closed
1713974670.696805,0.472900390625,0.84228515625,-0.317138671875,Mouth closed
1713974670.723686,0.4794921875,0.846923828125,-0.317626953125,Mouth closed
1713974670.774846,0.477294921875,0.84521484375,-0.317138671875,Mouth closed
1713974670.804348,0.473388671875,0.846923828125,-0.3154296875,Mouth closed
1713974670.8479,0.47314453125,0.847900390625,-0.319091796875,Mouth closed
1713974670.890089,0.47265625,0.848876953125,-0.31982421875,Mouth closed
1713974670.925366,0.47265625,0.84228515625,-0.32177734375,Mouth closed
1713974670.967582,0.473388671875,0.847900390625,-0.323974609375,Mouth closed
1713974671.008909,0.475341796875,0.84423828125,-0.32421875,Mouth closed
1713974671.045551,0.47607421875,0.84228515625,-0.325439453125,Mouth closed
1713974671.084857,0.473876953125,0.84423828125,-0.32421875,Mouth closed
1713974671.126219,0.472900390625,0.8427734375,-0.3271484375,Mouth closed
1713974671.164369,0.472900390625,0.84375,-0.328369140625,Mouth closed
1713974671.20295,0.473388671875,0.842529296875,-0.32958984375,Mouth closed
1713974671.244597,0.473876953125,0.8486328125,-0.328369140625,Mouth closed
1713974671.283319,0.4716796875,0.842041015625,-0.330078125,Mouth closed
1713974671.323422,0.4716796875,0.841552734375,-0.32470703125,Mouth closed
1713974671.364208,0.47900390625,0.845458984375,-0.328369140625,Mouth closed
1713974671.403837,0.4736328125,0.841552734375,-0.32421875,Mouth closed
1713974671.444931,0.47607421875,0.839599609375,-0.3251953125,Mouth closed
1713974671.488763,0.473876953125,0.84423828125,-0.325439453125,Mouth closed
1713974671.527,0.477294921875,0.843017578125,-0.3291015625,Mouth closed
1713974671.566603,0.470458984375,0.841796875,-0.327392578125,Mouth closed
1713974671.60588,0.477783203125,0.84521484375,-0.331787109375,Mouth closed
1713974671.654831,0.472900390625,0.84375,-0.326416015625,Mouth closed
1713974671.68764,0.471435546875,0.844970703125,-0.330810546875,Mouth closed
1713974671.727232,0.473388671875,0.844482421875,-0.331298828125,Mouth closed
1713974671.764886,0.474609375,0.8388671875,-0.326416015625,Mouth closed
1713974671.826562,0.4716796875,0.838623046875,-0.332763671875,Mouth closed
1713974671.853827,0.472412109375,0.83984375,-0.331787109375,Mouth closed
1713974671.887534,0.478271484375,0.84619140625,-0.336669921875,Mouth closed
1713974671.931137,0.475830078125,0.838623046875,-0.3369140625,Mouth closed
1713974671.972332,0.47802734375,0.843505859375,-0.330322265625,Mouth closed
1713974672.012804,0.470703125,0.84375,-0.33154296875,Mouth closed
1713974672.05104,0.47119140625,0.841796875,-0.326904296875,Mouth closed
1713974672.08876,0.472900390625,0.84423828125,-0.32421875,Mouth closed
1713974672.12879,0.47998046875,0.844482421875,-0.32470703125,Mouth closed
1713974672.16596,0.48291015625,0.837158203125,-0.330810546875,Mouth closed
1713974672.206501,0.48193359375,0.838134765625,-0.32275390625,Mouth closed
1713974672.246908,0.483642578125,0.838623046875,-0.3271484375,Mouth closed
1713974672.285904,0.479736328125,0.838623046875,-0.32177734375,Mouth closed
1713974672.327324,0.480712890625,0.842529296875,-0.32470703125,Mouth closed
1713974672.366881,0.477783203125,0.8408203125,-0.32763671875,Mouth closed
1713974672.407949,0.474853515625,0.840087890625,-0.32958984375,Mouth closed
1713974672.44603,0.47705078125,0.844970703125,-0.32373046875,Mouth closed
1713974672.485826,0.47509765625,0.84765625,-0.324462890625,Mouth closed
1713974672.524858,0.476806640625,0.84326171875,-0.32470703125,Mouth closed
1713974672.563848,0.47265625,0.84130859375,-0.3173828125,Mouth closed
1713974672.604017,0.4794921875,0.84326171875,-0.3173828125,Mouth closed
1713974672.6447,0.476806640625,0.84326171875,-0.320068359375,Mouth closed
1713974672.686335,0.47705078125,0.84521484375,-0.32177734375,Mouth closed
1713974672.724909,0.47412109375,0.843017578125,-0.32470703125,Mouth closed
1713974672.766941,0.47607421875,0.84716796875,-0.32275390625,Mouth closed
1713974672.806552,0.47119140625,0.8408203125,-0.3251953125,Mouth closed
1713974672.846191,0.4755859375,0.84228515625,-0.3271484375,Mouth closed
1713974672.886717,0.476318359375,0.840576171875,-0.328369140625,Mouth closed
1713974672.925979,0.473876953125,0.841796875,-0.3271484375,Mouth closed
1713974672.971274,0.4765625,0.8408203125,-0.32958984375,Mouth closed
1713974673.009636,0.478271484375,0.83984375,-0.325439453125,Mouth closed
1713974673.046284,0.4755859375,0.83984375,-0.327392578125,Mouth closed
1713974673.085138,0.47607421875,0.842529296875,-0.328857421875,Mouth closed
1713974673.124889,0.48095703125,0.84375,-0.3271484375,Mouth closed
1713974673.166681,0.477294921875,0.839599609375,-0.32763671875,Mouth closed
1713974673.205543,0.476318359375,0.841064453125,-0.322021484375,Mouth closed
1713974673.246141,0.4765625,0.84619140625,-0.322998046875,Mouth closed
1713974673.285071,0.471435546875,0.845458984375,-0.324951171875,Mouth closed
1713974673.328542,0.472412109375,0.8427734375,-0.324462890625,Mouth closed
1713974673.370401,0.473388671875,0.849853515625,-0.326416015625,Mouth closed
1713974673.406641,0.4765625,0.845947265625,-0.33056640625,Mouth closed
1713974673.446904,0.470458984375,0.843994140625,-0.323486328125,Mouth closed
1713974673.486803,0.474609375,0.845947265625,-0.328125,Mouth closed
1713974673.526895,0.47265625,0.844482421875,-0.328857421875,Mouth closed
1713974673.568477,0.469970703125,0.841552734375,-0.328369140625,Mouth closed
1713974673.618329,0.4716796875,0.83984375,-0.329345703125,Mouth closed
1713974673.647832,0.47021484375,0.842041015625,-0.328857421875,Mouth closed
1713974673.697205,0.46875,0.841552734375,-0.327880859375,Mouth closed
1713974673.725937,0.469482421875,0.842041015625,-0.328857421875,Mouth closed
1713974673.776364,0.47900390625,0.845947265625,-0.33251953125,Mouth closed
1713974673.812528,0.473876953125,0.84033203125,-0.3271484375,Mouth closed
1713974673.85346,0.477294921875,0.84521484375,-0.325439453125,Mouth closed
1713974673.890151,0.470458984375,0.84375,-0.32666015625,Mouth closed
1713974673.930797,0.470947265625,0.8408203125,-0.3232421875,Mouth closed
1713974673.968244,0.470947265625,0.84375,-0.327392578125,Mouth closed
1713974674.008159,0.473876953125,0.843017578125,-0.326904296875,Mouth closed
1713974674.046194,0.473876953125,0.845458984375,-0.333740234375,Mouth closed
1713974674.087522,0.470703125,0.841552734375,-0.325927734375,Mouth closed
1713974674.127189,0.47509765625,0.84619140625,-0.330322265625,Mouth closed
1713974674.166279,0.471435546875,0.8427734375,-0.328125,Mouth closed
1713974674.20758,0.470703125,0.84228515625,-0.326904296875,Mouth closed
1713974674.247104,0.474365234375,0.8466796875,-0.330810546875,Mouth closed
1713974674.287815,0.471923828125,0.843017578125,-0.330078125,Mouth closed
1713974674.330298,0.47021484375,0.84521484375,-0.3291015625,Mouth closed
1713974674.367126,0.4716796875,0.845458984375,-0.325927734375,Mouth closed
1713974674.406496,0.4736328125,0.85009765625,-0.328369140625,Mouth closed
1713974674.445741,0.474853515625,0.84521484375,-0.327880859375,Mouth closed
1713974674.483825,0.472412109375,0.8427734375,-0.319091796875,Mouth closed
1713974674.525421,0.475830078125,0.849365234375,-0.321533203125,Mouth closed
1713974674.565158,0.474853515625,0.846435546875,-0.320556640625,Mouth closed
1713974674.605871,0.4716796875,0.846435546875,-0.322021484375,Mouth closed
1713974674.646009,0.4736328125,0.847412109375,-0.32373046875,Mouth closed
1713974674.686546,0.474853515625,0.8427734375,-0.32763671875,Mouth closed
1713974674.725016,0.47216796875,0.844970703125,-0.32177734375,Mouth closed
1713974674.767077,0.4755859375,0.8447265625,-0.32568359375,Mouth closed
1713974674.807142,0.475341796875,0.84423828125,-0.3271484375,Mouth closed
1713974674.845847,0.47509765625,0.844970703125,-0.328125,Mouth closed
1713974674.888166,0.473388671875,0.841064453125,-0.32568359375,Mouth closed
1713974674.926827,0.470947265625,0.84033203125,-0.32763671875,Mouth closed
1713974674.967132,0.47216796875,0.8388671875,-0.3271484375,Mouth closed
1713974675.004898,0.474365234375,0.8408203125,-0.327392578125,Mouth closed
1713974675.044177,0.47998046875,0.84375,-0.333740234375,Mouth closed
1713974675.085152,0.47509765625,0.840087890625,-0.333984375,Mouth closed
1713974675.125094,0.476318359375,0.842041015625,-0.3232421875,Mouth closed
1713974675.16916,0.475830078125,0.843505859375,-0.32666015625,Mouth closed
1713974675.207173,0.4716796875,0.840087890625,-0.32373046875,Mouth closed
1713974675.246911,0.474609375,0.8447265625,-0.322265625,Mouth closed
1713974675.287692,0.47705078125,0.8486328125,-0.3193359375,Mouth closed
1713974675.33907,0.480224609375,0.844970703125,-0.326171875,Mouth closed
1713974675.36698,0.47314453125,0.845458984375,-0.315185546875,Mouth closed
1713974675.415684,0.4775390625,0.84619140625,-0.318359375,Mouth closed
1713974675.45403,0.478271484375,0.843994140625,-0.312744140625,Mouth closed
1713974675.493452,0.48046875,0.84814453125,-0.312744140625,Mouth closed
1713974675.534061,0.4794921875,0.84716796875,-0.315673828125,Mouth closed
1713974675.573578,0.478271484375,0.84521484375,-0.3125,Mouth closed
1713974675.614623,0.479248046875,0.8466796875,-0.31298828125,Mouth closed
1713974675.649232,0.4755859375,0.845947265625,-0.312255859375,Mouth closed
1713974675.687247,0.48095703125,0.8447265625,-0.31298828125,Mouth closed
1713974675.741155,0.480224609375,0.843505859375,-0.311767578125,Mouth closed
1713974675.767156,0.484619140625,0.847900390625,-0.309326171875,Mouth closed
1713974675.819802,0.481201171875,0.84326171875,-0.30810546875,Mouth closed
1713974675.849762,0.481689453125,0.84326171875,-0.308349609375,Mouth closed
1713974675.89418,0.481201171875,0.847900390625,-0.310302734375,Mouth closed
1713974675.926884,0.478515625,0.849853515625,-0.30908203125,Mouth closed
1713974675.970895,0.48095703125,0.84814453125,-0.31396484375,Mouth closed
1713974676.013342,0.47705078125,0.848388671875,-0.31201171875,Mouth closed
1713974676.048069,0.47900390625,0.84716796875,-0.314697265625,Mouth closed
1713974676.09442,0.47802734375,0.847412109375,-0.31396484375,Mouth closed
1713974676.130426,0.476318359375,0.84619140625,-0.3173828125,Mouth closed
1713974676.170853,0.478759765625,0.845458984375,-0.317626953125,Mouth closed
1713974676.210591,0.47705078125,0.843017578125,-0.313720703125,Mouth closed
1713974676.252002,0.480224609375,0.845947265625,-0.314453125,Mouth closed
1713974676.292225,0.480224609375,0.851318359375,-0.31591796875,Mouth closed
1713974676.33044,0.477783203125,0.843505859375,-0.31787109375,Mouth closed
1713974676.36832,0.4736328125,0.847412109375,-0.307373046875,Mouth closed
1713974676.407304,0.479248046875,0.847412109375,-0.310546875,Mouth closed
1713974676.448837,0.47705078125,0.8447265625,-0.310302734375,Mouth closed
1713974676.487152,0.47705078125,0.846923828125,-0.309326171875,Mouth closed
1713974676.527914,0.47802734375,0.85009765625,-0.3115234375,Mouth closed
1713974676.567717,0.4775390625,0.8486328125,-0.307861328125,Mouth closed
1713974676.607845,0.473876953125,0.849365234375,-0.31005859375,Mouth closed
1713974676.647813,0.478515625,0.85009765625,-0.3115234375,Mouth closed
1713974676.689352,0.481689453125,0.849853515625,-0.31396484375,Mouth closed
1713974676.730262,0.4765625,0.845947265625,-0.31201171875,Mouth closed
1713974676.768982,0.480224609375,0.843505859375,-0.3134765625,Mouth closed
1713974676.8092,0.48046875,0.84619140625,-0.312744140625,Mouth closed
1713974676.851504,0.478759765625,0.843017578125,-0.3125,Mouth closed
1713974676.889787,0.474365234375,0.84326171875,-0.31005859375,Mouth closed
1713974676.936326,0.48046875,0.851806640625,-0.314697265625,Mouth closed
1713974676.969832,0.474853515625,0.847412109375,-0.3154296875,Mouth closed
1713974677.008724,0.4775390625,0.84912109375,-0.305419921875,Mouth closed
1713974677.049606,0.48095703125,0.852294921875,-0.307373046875,Mouth closed
1713974677.088678,0.476806640625,0.846435546875,-0.30810546875,Mouth closed
1713974677.128905,0.474853515625,0.849609375,-0.309814453125,Mouth closed
1713974677.169861,0.4765625,0.846923828125,-0.310302734375,Mouth closed
1713974677.210155,0.4775390625,0.849609375,-0.316162109375,Mouth closed
1713974677.254229,0.47216796875,0.844970703125,-0.31640625,Mouth closed
1713974677.291079,0.47705078125,0.845458984375,-0.320068359375,Mouth closed
1713974677.330813,0.474365234375,0.8447265625,-0.316650390625,Mouth closed
1713974677.372587,0.47998046875,0.84765625,-0.310546875,Mouth closed
1713974677.414407,0.481689453125,0.84716796875,-0.313232421875,Mouth closed
1713974677.452395,0.477783203125,0.8408203125,-0.317626953125,Mouth closed
1713974677.491914,0.479736328125,0.841552734375,-0.3193359375,Mouth closed
1713974677.537211,0.478759765625,0.84033203125,-0.31494140625,Mouth closed
1713974677.574179,0.486083984375,0.845703125,-0.3125,Mouth closed
1713974677.614222,0.478515625,0.843505859375,-0.3076171875,Mouth closed
1713974677.649935,0.480224609375,0.8515625,-0.30517578125,Mouth closed
1713974677.690099,0.4775390625,0.855224609375,-0.309814453125,Mouth closed
1713974677.729706,0.4736328125,0.8544921875,-0.30810546875,Mouth closed
1713974677.770486,0.4755859375,0.8505859375,-0.310302734375,Mouth closed
1713974677.809957,0.471923828125,0.846435546875,-0.313720703125,Mouth closed
1713974677.850764,0.4765625,0.847900390625,-0.319091796875,Mouth closed
1713974677.891067,0.468994140625,0.845703125,-0.31396484375,Mouth closed
1713974677.937703,0.47509765625,0.851318359375,-0.319091796875,Mouth closed
1713974677.976623,0.47265625,0.85107421875,-0.31884765625,Mouth closed
1713974678.017265,0.4755859375,0.848388671875,-0.31787109375,Mouth closed
1713974678.055718,0.477783203125,0.84619140625,-0.320068359375,Mouth closed
1713974678.097198,0.475830078125,0.8427734375,-0.3173828125,Mouth closed
1713974678.131783,0.4775390625,0.84423828125,-0.321044921875,Mouth closed
1713974678.178269,0.47802734375,0.8408203125,-0.31884765625,Mouth closed
1713974678.217434,0.485595703125,0.841796875,-0.3203125,Mouth closed
1713974678.25796,0.480712890625,0.84130859375,-0.319580078125,Mouth closed
1713974678.295188,0.483642578125,0.844970703125,-0.313232421875,Mouth closed
1713974678.33222,0.48095703125,0.844970703125,-0.31494140625,Mouth closed
1713974678.37613,0.476806640625,0.843505859375,-0.313232421875,Mouth closed
1713974678.411695,0.47705078125,0.847900390625,-0.31640625,Mouth closed
1713974678.45459,0.475830078125,0.85205078125,-0.3154296875,Mouth closed
1713974678.492731,0.4775390625,0.84716796875,-0.320556640625,Mouth closed
1713974678.534576,0.47314453125,0.846923828125,-0.313720703125,Mouth closed
1713974678.573271,0.47705078125,0.846923828125,-0.316650390625,Mouth closed
1713974678.616827,0.4755859375,0.843505859375,-0.320068359375,Mouth closed
1713974678.653939,0.474853515625,0.846923828125,-0.32080078125,Mouth closed
1713974678.695694,0.4736328125,0.847412109375,-0.322265625,Mouth closed
1713974678.733676,0.4765625,0.84326171875,-0.32080078125,Mouth closed
1713974678.77373,0.477783203125,0.843505859375,-0.32177734375,Mouth closed
1713974678.815664,0.47119140625,0.84326171875,-0.31884765625,Mouth closed
1713974678.854801,0.47607421875,0.841796875,-0.3232421875,Mouth closed
1713974678.895661,0.47265625,0.843994140625,-0.31591796875,Mouth closed
1713974678.934672,0.48095703125,0.846923828125,-0.31689453125,Mouth closed
1713974678.972735,0.474365234375,0.843505859375,-0.317138671875,Mouth closed
1713974679.01332,0.48046875,0.84326171875,-0.318359375,Mouth closed
1713974679.052897,0.478515625,0.84619140625,-0.31591796875,Mouth closed
1713974679.093461,0.478515625,0.8447265625,-0.314208984375,Mouth closed
1713974679.134046,0.47412109375,0.847412109375,-0.313232421875,Mouth closed
1713974679.174191,0.480224609375,0.849365234375,-0.314697265625,Mouth closed
1713974679.213967,0.477783203125,0.8466796875,-0.31640625,Mouth closed
1713974679.255043,0.474365234375,0.84814453125,-0.317138671875,Mouth closed
1713974679.294657,0.476806640625,0.84619140625,-0.316650390625,Mouth closed
1713974679.335949,0.47607421875,0.841796875,-0.316162109375,Mouth closed
1713974679.376223,0.47802734375,0.84228515625,-0.31396484375,Mouth closed
1713974679.41602,0.476806640625,0.844970703125,-0.31396484375,Mouth closed
1713974679.455003,0.481689453125,0.850341796875,-0.318603515625,Mouth closed
1713974679.496518,0.478759765625,0.845947265625,-0.318115234375,Mouth closed
1713974679.540694,0.4775390625,0.84521484375,-0.310791015625,Mouth closed
1713974679.581057,0.477783203125,0.84716796875,-0.31396484375,Mouth closed
1713974679.620209,0.471923828125,0.8466796875,-0.3115234375,Mouth closed
1713974679.660948,0.475341796875,0.8486328125,-0.31591796875,Mouth closed
1713974679.702122,0.4736328125,0.8505859375,-0.31298828125,Mouth closed
1713974679.745384,0.477783203125,0.849365234375,-0.319091796875,Mouth closed
1713974679.774138,0.470703125,0.8486328125,-0.312744140625,Mouth closed
1713974679.829645,0.47802734375,0.851806640625,-0.3173828125,Mouth closed
1713974679.85662,0.4765625,0.848876953125,-0.3173828125,Mouth closed
1713974679.910633,0.473876953125,0.845947265625,-0.318603515625,Mouth closed
1713974679.936577,0.47314453125,0.8486328125,-0.314697265625,Mouth closed
1713974679.976428,0.472900390625,0.845458984375,-0.319580078125,Mouth closed
1713974680.030298,0.475341796875,0.84716796875,-0.316650390625,Mouth closed
1713974680.056275,0.470458984375,0.84375,-0.317626953125,Mouth closed
1713974680.099562,0.4794921875,0.850341796875,-0.31884765625,Mouth closed
1713974680.136927,0.47607421875,0.844482421875,-0.3173828125,Mouth closed
1713974680.178811,0.4794921875,0.84912109375,-0.30810546875,Mouth closed
1713974680.218243,0.476318359375,0.84716796875,-0.314697265625,Mouth closed
1713974680.257716,0.475341796875,0.84765625,-0.312255859375,Mouth closed
1713974680.296008,0.47265625,0.845947265625,-0.314453125,Mouth closed
1713974680.33491,0.470947265625,0.8505859375,-0.31298828125,Mouth closed
1713974680.374665,0.4775390625,0.85107421875,-0.316650390625,Mouth closed
1713974680.417082,0.46923828125,0.847412109375,-0.315673828125,Mouth closed
1713974680.457822,0.474853515625,0.851806640625,-0.316650390625,Mouth closed
1713974680.496417,0.472900390625,0.8466796875,-0.315185546875,Mouth closed
1713974680.536216,0.471923828125,0.846435546875,-0.31689453125,Mouth closed
1713974680.577178,0.472412109375,0.85009765625,-0.31689453125,Mouth closed
1713974680.628776,0.470947265625,0.848388671875,-0.31982421875,Mouth closed
1713974680.656705,0.472412109375,0.8447265625,-0.317626953125,Mouth closed
1713974680.705224,0.4736328125,0.8466796875,-0.31640625,Mouth closed
1713974680.743831,0.468505859375,0.84912109375,-0.31494140625,Mouth closed
1713974680.786201,0.4775390625,0.85107421875,-0.31640625,Mouth closed
1713974680.825609,0.47216796875,0.845703125,-0.312255859375,Mouth closed
1713974680.86162,0.476806640625,0.85009765625,-0.3125,Mouth closed
1713974680.901116,0.47265625,0.846435546875,-0.3125,Mouth closed
1713974680.9402,0.473876953125,0.84326171875,-0.314453125,Mouth closed
1713974680.977018,0.47412109375,0.847900390625,-0.31689453125,Mouth closed
1713974681.017503,0.473388671875,0.850830078125,-0.31396484375,Mouth closed
1713974681.059684,0.471435546875,0.852783203125,-0.316162109375,Mouth closed
1713974681.104422,0.4755859375,0.850341796875,-0.315185546875,Mouth closed
1713974681.137146,0.473876953125,0.85107421875,-0.31591796875,Mouth closed
1713974681.187325,0.472900390625,0.847412109375,-0.31591796875,Mouth closed
1713974681.216865,0.47412109375,0.84521484375,-0.314453125,Mouth closed
1713974681.264758,0.47412109375,0.8486328125,-0.31787109375,Mouth closed
1713974681.302828,0.474853515625,0.84765625,-0.318603515625,Mouth closed
1713974681.338263,0.471435546875,0.847900390625,-0.317626953125,Mouth closed
1713974681.380294,0.474853515625,0.849609375,-0.31494140625,Mouth closed
1713974681.41971,0.47265625,0.85009765625,-0.311767578125,Mouth closed
1713974681.461907,0.47802734375,0.84765625,-0.31640625,Mouth closed
1713974681.500655,0.473876953125,0.84765625,-0.309326171875,Mouth closed
1713974681.538905,0.4755859375,0.8525390625,-0.313720703125,Mouth closed
1713974681.57869,0.472900390625,0.848876953125,-0.31103515625,Mouth closed
1713974681.61797,0.4716796875,0.84912109375,-0.31494140625,Mouth closed
1713974681.657974,0.477783203125,0.847900390625,-0.31591796875,Mouth closed
1713974681.697656,0.47119140625,0.847900390625,-0.314453125,Mouth closed
1713974681.737816,0.47119140625,0.8466796875,-0.316162109375,Mouth closed
1713974681.778975,0.477783203125,0.8486328125,-0.317138671875,Mouth closed
1713974681.820643,0.475341796875,0.847900390625,-0.321044921875,Mouth closed
1713974681.858794,0.472412109375,0.84423828125,-0.3203125,Mouth closed
1713974681.900042,0.47412109375,0.843505859375,-0.31884765625,Mouth closed
1713974681.939751,0.47119140625,0.84716796875,-0.3212890625,Mouth closed
1713974681.98095,0.4677734375,0.84619140625,-0.32373046875,Mouth closed
1713974682.022109,0.470703125,0.846923828125,-0.323486328125,Mouth closed
1713974682.060599,0.4697265625,0.846435546875,-0.3212890625,Mouth closed
1713974682.100625,0.4697265625,0.843017578125,-0.321044921875,Mouth closed
1713974682.147127,0.47265625,0.8486328125,-0.320556640625,Mouth closed
1713974682.180617,0.47705078125,0.849853515625,-0.321533203125,Mouth closed
1713974682.221488,0.47216796875,0.843505859375,-0.31982421875,Mouth closed
1713974682.260897,0.474365234375,0.847412109375,-0.320068359375,Mouth closed
1713974682.299681,0.473388671875,0.850341796875,-0.3193359375,Mouth closed
1713974682.341417,0.469970703125,0.845703125,-0.321533203125,Mouth closed
1713974682.381501,0.468017578125,0.84521484375,-0.317138671875,Mouth closed
1713974682.420084,0.47705078125,0.850341796875,-0.322021484375,Mouth closed
1713974682.460832,0.474365234375,0.845703125,-0.32080078125,Mouth closed
1713974682.501054,0.47119140625,0.8466796875,-0.320556640625,Mouth closed
1713974682.539564,0.47412109375,0.8466796875,-0.32470703125,Mouth closed
1713974682.581605,0.472412109375,0.842529296875,-0.323486328125,Mouth closed
1713974682.620919,0.473388671875,0.843994140625,-0.32275390625,Mouth closed
1713974682.666423,0.47509765625,0.84619140625,-0.32568359375,Mouth closed
1713974682.704568,0.473388671875,0.84716796875,-0.32470703125,Mouth closed
1713974682.743017,0.475830078125,0.84130859375,-0.326904296875,Mouth closed
1713974682.781563,0.471923828125,0.845703125,-0.3193359375,Mouth closed
1713974682.831023,0.47705078125,0.847900390625,-0.3212890625,Mouth closed
1713974682.862478,0.471435546875,0.843505859375,-0.31689453125,Mouth closed
1713974682.905365,0.473876953125,0.8447265625,-0.319091796875,Mouth closed
1713974682.940818,0.472900390625,0.848388671875,-0.31689453125,Mouth closed
1713974682.985403,0.47265625,0.848876953125,-0.319580078125,Mouth closed
1713974683.020845,0.46923828125,0.84521484375,-0.31640625,Mouth closed
1713974683.059926,0.475341796875,0.85009765625,-0.320068359375,Mouth closed
1713974683.102407,0.472900390625,0.847900390625,-0.3212890625,Mouth closed
1713974683.153621,0.47119140625,0.845703125,-0.317138671875,Mouth closed
1713974683.180631,0.471923828125,0.847412109375,-0.3203125,Mouth closed
1713974683.232808,0.469970703125,0.84423828125,-0.319091796875,Mouth closed
1713974683.261714,0.47265625,0.845947265625,-0.318115234375,Mouth closed
1713974683.306699,0.471435546875,0.846923828125,-0.317626953125,Mouth closed
1713974683.35099,0.474853515625,0.851318359375,-0.31982421875,Mouth closed
1713974683.389387,0.47509765625,0.84375,-0.321044921875,Mouth closed
1713974683.426719,0.473388671875,0.845947265625,-0.312744140625,Mouth closed
1713974683.46821,0.47412109375,0.85107421875,-0.318359375,Mouth closed
1713974683.502971,0.46923828125,0.84716796875,-0.314697265625,Mouth closed
1713974683.551832,0.473876953125,0.84814453125,-0.31787109375,Mouth closed
1713974683.58369,0.470703125,0.849609375,-0.318603515625,Mouth closed
1713974683.636287,0.470947265625,0.84765625,-0.316650390625,Mouth closed
1713974683.662357,0.4697265625,0.8466796875,-0.31689453125,Mouth closed
1713974683.711014,0.472412109375,0.84814453125,-0.31982421875,Mouth closed
1713974683.740915,0.4736328125,0.850830078125,-0.320068359375,Mouth closed
1713974683.784499,0.469482421875,0.849853515625,-0.318359375,Mouth closed
1713974683.826497,0.471435546875,0.850341796875,-0.317626953125,Mouth closed
1713974683.865864,0.471923828125,0.846923828125,-0.318603515625,Mouth closed
1713974683.90327,0.46923828125,0.845947265625,-0.3203125,Mouth closed
1713974683.943228,0.4716796875,0.848388671875,-0.320556640625,Mouth closed
1713974683.982772,0.469482421875,0.848876953125,-0.318115234375,Mouth closed
1713974684.02694,0.47216796875,0.848876953125,-0.31787109375,Mouth open
1713974684.063388,0.470947265625,0.847900390625,-0.313232421875,Mouth open
1713974684.104753,0.4736328125,0.851806640625,-0.31689453125,Mouth open
1713974684.147945,0.472412109375,0.8486328125,-0.313720703125,Mouth open
1713974684.185075,0.470703125,0.847900390625,-0.315185546875,Mouth open
1713974684.223894,0.47021484375,0.84814453125,-0.3173828125,Mouth open
1713974684.262323,0.471923828125,0.849853515625,-0.315185546875,Mouth open
1713974684.303608,0.47314453125,0.848876953125,-0.31396484375,Mouth open
1713974684.341879,0.47412109375,0.8486328125,-0.316650390625,Mouth open
1713974684.383696,0.475830078125,0.852294921875,-0.32177734375,Mouth open
1713974684.423332,0.472412109375,0.84619140625,-0.318359375,Mouth open
1713974684.465225,0.473388671875,0.845703125,-0.326171875,Mouth open
1713974684.503336,0.470947265625,0.851318359375,-0.319091796875,Mouth open
1713974684.543147,0.46923828125,0.843994140625,-0.33544921875,Mouth open
1713974684.583671,0.4775390625,0.843017578125,-0.30029296875,Mouth open
1713974684.622754,0.476318359375,0.846435546875,-0.31787109375,Mouth open
1713974684.667494,0.49560546875,0.8330078125,-0.314453125,Mouth open
1713974684.704086,0.4921875,0.83740234375,-0.332275390625,Mouth open
1713974684.74632,0.501953125,0.83251953125,-0.32568359375,Mouth open
1713974684.784958,0.486083984375,0.833251953125,-0.330078125,Mouth open
1713974684.824884,0.49560546875,0.83642578125,-0.324951171875,Mouth open
1713974684.864564,0.489013671875,0.8291015625,-0.3271484375,Mouth open
1713974684.904131,0.497802734375,0.83203125,-0.328125,Mouth open
1713974684.943296,0.488525390625,0.837158203125,-0.339599609375,Mouth open
1713974684.982555,0.476806640625,0.8291015625,-0.343017578125,Mouth open
1713974685.026266,0.47607421875,0.828125,-0.339599609375,Mouth open
1713974685.066568,0.481201171875,0.838134765625,-0.34765625,Mouth open
1713974685.103494,0.473388671875,0.834228515625,-0.344482421875,Mouth open
1713974685.145623,0.477783203125,0.836181640625,-0.34765625,Mouth open
1713974685.184935,0.47509765625,0.83837890625,-0.346923828125,Mouth open
1713974685.225123,0.472900390625,0.835205078125,-0.34765625,Mouth open
1713974685.27091,0.472900390625,0.8349609375,-0.346435546875,Mouth open
1713974685.311601,0.47021484375,0.833251953125,-0.348388671875,Mouth open
1713974685.349319,0.4736328125,0.8330078125,-0.34619140625,Mouth open
1713974685.388258,0.472900390625,0.8369140625,-0.34130859375,Mouth open
1713974685.427776,0.472900390625,0.83447265625,-0.34423828125,Mouth open
1713974685.468881,0.47314453125,0.837646484375,-0.3388671875,Mouth open
1713974685.508729,0.474853515625,0.841552734375,-0.339599609375,Mouth open
1713974685.546783,0.470703125,0.837890625,-0.33837890625,Mouth open
1713974685.584381,0.4716796875,0.840087890625,-0.3388671875,Mouth open
1713974685.623678,0.468017578125,0.835693359375,-0.343017578125,Mouth open
1713974685.665876,0.467529296875,0.8408203125,-0.33935546875,Mouth open
1713974685.704253,0.47021484375,0.83642578125,-0.34228515625,Mouth open
1713974685.744666,0.466796875,0.841796875,-0.345703125,Mouth open
1713974685.786422,0.468505859375,0.843017578125,-0.345947265625,Mouth open
1713974685.825558,0.466552734375,0.839111328125,-0.343994140625,Mouth open
1713974685.864487,0.46240234375,0.837158203125,-0.350341796875,Mouth open
1713974685.90489,0.463134765625,0.8369140625,-0.350830078125,Mouth open
1713974685.947836,0.464111328125,0.8388671875,-0.349365234375,Mouth open
1713974685.98586,0.4677734375,0.840087890625,-0.352294921875,Mouth open
1713974686.025525,0.462890625,0.841064453125,-0.349853515625,Mouth open
1713974686.067129,0.4677734375,0.839599609375,-0.3544921875,Mouth open
1713974686.106524,0.460693359375,0.8349609375,-0.353759765625,Mouth open
1713974686.146649,0.4658203125,0.838623046875,-0.349365234375,Mouth open
1713974686.186875,0.467529296875,0.8388671875,-0.349609375,Mouth open
1713974686.225719,0.46142578125,0.837646484375,-0.35107421875,Mouth open
1713974686.2683,0.46337890625,0.839111328125,-0.351806640625,Mouth open
1713974686.305767,0.464111328125,0.840087890625,-0.347900390625,Mouth open
1713974686.345426,0.465576171875,0.839111328125,-0.355712890625,Mouth open
1713974686.386321,0.4599609375,0.83642578125,-0.34912109375,Mouth open
1713974686.427071,0.464599609375,0.840087890625,-0.3564453125,Mouth open
1713974686.467468,0.461669921875,0.836669921875,-0.353271484375,Mouth open
1713974686.510586,0.462158203125,0.83837890625,-0.356201171875,Mouth open
1713974686.548743,0.464599609375,0.840087890625,-0.353271484375,Mouth open
1713974686.58934,0.4619140625,0.836669921875,-0.355224609375,Mouth open
1713974686.631728,0.46044921875,0.839111328125,-0.35400390625,Mouth open
1713974686.668547,0.46142578125,0.839111328125,-0.351806640625,Mouth open
1713974686.708425,0.462890625,0.84228515625,-0.352294921875,Mouth open
1713974686.748729,0.462890625,0.837890625,-0.3515625,Mouth open
1713974686.793,0.4619140625,0.83447265625,-0.348876953125,Mouth open
1713974686.828729,0.46533203125,0.840087890625,-0.3515625,Mouth open
1713974686.868758,0.46435546875,0.83935546875,-0.347412109375,Mouth open
1713974686.910156,0.466796875,0.8408203125,-0.345947265625,Mouth open
1713974686.948211,0.46484375,0.840087890625,-0.34619140625,Mouth open
1713974686.987613,0.4638671875,0.8408203125,-0.345947265625,Mouth open
1713974687.027887,0.463134765625,0.840087890625,-0.345703125,Mouth open
1713974687.068738,0.463134765625,0.843017578125,-0.349853515625,Mouth open
1713974687.111877,0.462158203125,0.840087890625,-0.34814453125,Mouth open
1713974687.148763,0.460205078125,0.837890625,-0.349853515625,Mouth open
1713974687.189439,0.463623046875,0.838134765625,-0.348876953125,Mouth open
1713974687.230406,0.46240234375,0.83984375,-0.350341796875,Mouth open
1713974687.273158,0.46533203125,0.83642578125,-0.34619140625,Mouth open
1713974687.310808,0.46533203125,0.842529296875,-0.343994140625,Mouth open
1713974687.350532,0.463134765625,0.84423828125,-0.34716796875,Mouth open
1713974687.396771,0.46484375,0.840576171875,-0.34912109375,Mouth open
1713974687.433461,0.458740234375,0.83935546875,-0.344482421875,Mouth open
1713974687.474132,0.463623046875,0.84130859375,-0.343017578125,Mouth open
1713974687.511176,0.463134765625,0.83935546875,-0.344482421875,Mouth open
1713974687.549754,0.46044921875,0.84033203125,-0.346923828125,Mouth open
1713974687.58867,0.463623046875,0.841796875,-0.34619140625,Mouth open
1713974687.629142,0.46240234375,0.84326171875,-0.344970703125,Mouth open
1713974687.667529,0.466064453125,0.84521484375,-0.348876953125,Mouth open
1713974687.708448,0.462158203125,0.83984375,-0.34423828125,Mouth open
1713974687.74953,0.46435546875,0.841552734375,-0.3486328125,Mouth open
1713974687.788994,0.4599609375,0.841796875,-0.3486328125,Mouth open
1713974687.831542,0.462158203125,0.842529296875,-0.349365234375,Mouth open
1713974687.870306,0.461669921875,0.84130859375,-0.34912109375,Mouth open
1713974687.909913,0.461181640625,0.838623046875,-0.348876953125,Mouth open
1713974687.949773,0.4599609375,0.841796875,-0.349609375,Mouth open
1713974687.990977,0.459716796875,0.844970703125,-0.34619140625,Mouth open
1713974688.029751,0.459716796875,0.844482421875,-0.34619140625,Mouth open
1713974688.070833,0.461669921875,0.841552734375,-0.349853515625,Mouth open
1713974688.110822,0.460693359375,0.843505859375,-0.343017578125,Mouth open
1713974688.160548,0.46728515625,0.84423828125,-0.34619140625,Mouth open
1713974688.191069,0.458251953125,0.84130859375,-0.3427734375,Mouth open
1713974688.232284,0.461669921875,0.840087890625,-0.34228515625,Mouth open
1713974688.271698,0.462890625,0.8427734375,-0.34619140625,Mouth open
1713974688.312072,0.46142578125,0.843505859375,-0.343994140625,Mouth open
1713974688.351435,0.4638671875,0.84033203125,-0.345458984375,Mouth open
1713974688.393717,0.46240234375,0.840087890625,-0.3486328125,Mouth open
1713974688.433439,0.46484375,0.84130859375,-0.34765625,Mouth open
1713974688.469678,0.4599609375,0.838134765625,-0.34814453125,Mouth open
1713974688.512714,0.460205078125,0.838623046875,-0.348876953125,Mouth open
1713974688.557057,0.462890625,0.83984375,-0.347900390625,Mouth open
1713974688.594598,0.459228515625,0.84228515625,-0.3515625,Mouth open
1713974688.635334,0.4599609375,0.839599609375,-0.35107421875,Mouth open
1713974688.674717,0.460693359375,0.84326171875,-0.349365234375,Mouth open
1713974688.714864,0.4599609375,0.845703125,-0.3486328125,Mouth open
1713974688.75509,0.464599609375,0.839599609375,-0.349609375,Mouth open
1713974688.796922,0.459228515625,0.84228515625,-0.341064453125,Mouth open
1713974688.831591,0.465576171875,0.846435546875,-0.345947265625,Mouth open
1713974688.873154,0.459716796875,0.842529296875,-0.34228515625,Mouth open
1713974688.912535,0.4599609375,0.842041015625,-0.34375,Mouth open
1713974688.953517,0.465576171875,0.842041015625,-0.34228515625,Mouth open
1713974688.993291,0.462890625,0.843505859375,-0.343017578125,Mouth open
1713974689.03388,0.463623046875,0.840087890625,-0.341064453125,Mouth open
1713974689.06944,0.465576171875,0.841796875,-0.342529296875,Mouth open
1713974689.115263,0.46533203125,0.84033203125,-0.3466796875,Mouth open
1713974689.154255,0.459228515625,0.839111328125,-0.348388671875,Mouth open
1713974689.195167,0.4619140625,0.8388671875,-0.3466796875,Mouth open
1713974689.232853,0.46240234375,0.841064453125,-0.34912109375,Mouth open
1713974689.27561,0.45849609375,0.839111328125,-0.35009765625,Mouth open
1713974689.315543,0.4609375,0.842041015625,-0.348876953125,Mouth open
1713974689.354812,0.459228515625,0.843017578125,-0.346923828125,Mouth open
1713974689.392608,0.464111328125,0.84228515625,-0.350341796875,Mouth open
1713974689.434146,0.460693359375,0.837890625,-0.3515625,Mouth open
1713974689.47322,0.468994140625,0.84228515625,-0.350830078125,Mouth open
1713974689.514715,0.45947265625,0.839599609375,-0.349853515625,Mouth open
1713974689.547553,0.45849609375,0.837890625,-0.349853515625,Mouth open
1713974689.593803,0.45947265625,0.838623046875,-0.35009765625,Mouth open
1713974689.632644,0.461669921875,0.84326171875,-0.349853515625,Mouth open
1713974689.673711,0.462646484375,0.840087890625,-0.351806640625,Mouth open
1713974689.712386,0.4638671875,0.841796875,-0.349365234375,Mouth open
1713974689.754646,0.459716796875,0.839111328125,-0.35302734375,Mouth open
1713974689.792116,0.4580078125,0.835205078125,-0.353271484375,Mouth open
1713974689.833832,0.461181640625,0.83740234375,-0.35595703125,Mouth open
1713974689.872146,0.460205078125,0.83935546875,-0.353271484375,Mouth open
1713974689.91347,0.45751953125,0.835693359375,-0.355712890625,Mouth open
1713974689.951558,0.4619140625,0.83935546875,-0.354248046875,Mouth open
1713974689.993217,0.458740234375,0.841796875,-0.3505859375,Mouth open
1713974690.033636,0.46435546875,0.840576171875,-0.35205078125,Mouth open
1713974690.074982,0.4638671875,0.838623046875,-0.34912109375,Mouth open
1713974690.10944,0.46630859375,0.841796875,-0.34814453125,Mouth open
1713974690.150238,0.464111328125,0.84033203125,-0.347412109375,Mouth open
1713974690.188529,0.464599609375,0.839599609375,-0.3447265625,Mouth open
1713974690.22849,0.463623046875,0.8408203125,-0.346923828125,Mouth open
1713974690.27215,0.46337890625,0.84375,-0.343994140625,Mouth open
1713974690.309724,0.46484375,0.838134765625,-0.34619140625,Mouth open
1713974690.349346,0.4638671875,0.84228515625,-0.347900390625,Mouth open
1713974690.390596,0.464599609375,0.845703125,-0.348876953125,Mouth open
1713974690.430968,0.461181640625,0.84130859375,-0.345458984375,Mouth open
1713974690.47132,0.46337890625,0.84033203125,-0.350830078125,Mouth open
1713974690.513951,0.46484375,0.843505859375,-0.348876953125,Mouth open
1713974690.554386,0.45947265625,0.8359375,-0.348876953125,Mouth open
1713974690.593266,0.459716796875,0.83984375,-0.349853515625,Mouth open
1713974690.631654,0.459228515625,0.84130859375,-0.345947265625,Mouth open
1713974690.672087,0.464599609375,0.84423828125,-0.352294921875,Mouth open
1713974690.723719,0.459716796875,0.84033203125,-0.349365234375,Mouth open
1713974690.75139,0.461669921875,0.842529296875,-0.3447265625,Mouth open
1713974690.799861,0.458740234375,0.843994140625,-0.34619140625,Mouth open
1713974690.830711,0.456787109375,0.83984375,-0.349365234375,Mouth open
1713974690.872674,0.4609375,0.84375,-0.349609375,Mouth open
1713974690.908955,0.458740234375,0.843017578125,-0.349609375,Mouth open
1713974690.952189,0.463623046875,0.843017578125,-0.35107421875,Mouth open
1713974690.989588,0.458740234375,0.8388671875,-0.343505859375,Mouth open
1713974691.032995,0.46337890625,0.8466796875,-0.347412109375,Mouth open
1713974691.075069,0.4599609375,0.842041015625,-0.345947265625,Mouth open
1713974691.114261,0.460205078125,0.8427734375,-0.349609375,Mouth open
1713974691.154538,0.460205078125,0.8408203125,-0.349609375,Mouth open
1713974691.191996,0.458251953125,0.83935546875,-0.35205078125,Mouth open
1713974691.233662,0.4560546875,0.840087890625,-0.349609375,Mouth open
1713974691.273611,0.4580078125,0.843994140625,-0.348876953125,Mouth open
1713974691.312482,0.46044921875,0.849609375,-0.34814453125,Mouth open
1713974691.353337,0.461181640625,0.845703125,-0.350341796875,Mouth open
1713974691.39737,0.4599609375,0.84033203125,-0.340576171875,Mouth open
1713974691.437277,0.462890625,0.844482421875,-0.3447265625,Mouth open
1713974691.475663,0.45947265625,0.842529296875,-0.341064453125,Mouth open
1713974691.515814,0.460693359375,0.844482421875,-0.3447265625,Mouth open
1713974691.552489,0.460205078125,0.8447265625,-0.344970703125,Mouth open
1713974691.594478,0.4609375,0.843994140625,-0.3466796875,Mouth open
1713974691.633448,0.45751953125,0.84130859375,-0.342041015625,Mouth open
1713974691.673818,0.4609375,0.845703125,-0.345947265625,Mouth open
1713974691.711755,0.4599609375,0.84326171875,-0.352294921875,Mouth open
1713974691.751671,0.457275390625,0.841552734375,-0.3505859375,Mouth open
1713974691.791434,0.458251953125,0.83984375,-0.347900390625,Mouth open
1713974691.832577,0.458984375,0.841552734375,-0.34814453125,Mouth open
1713974691.874175,0.457763671875,0.84033203125,-0.3466796875,Mouth open
1713974691.91362,0.459228515625,0.845947265625,-0.348876953125,Mouth open
1713974691.953609,0.458251953125,0.84033203125,-0.3466796875,Mouth open
1713974691.99409,0.46728515625,0.84716796875,-0.349609375,Mouth open
1713974692.034395,0.458740234375,0.842529296875,-0.345703125,Mouth open
1713974692.073383,0.46044921875,0.8427734375,-0.34375,Mouth open
1713974692.117839,0.463134765625,0.8447265625,-0.344970703125,Mouth open
1713974692.153512,0.457275390625,0.84130859375,-0.34375,Mouth open
1713974692.194015,0.458984375,0.843994140625,-0.345458984375,Mouth open
1713974692.232538,0.459228515625,0.8466796875,-0.345458984375,Mouth open
1713974692.279552,0.460693359375,0.84521484375,-0.350830078125,Mouth open
1713974692.31469,0.45458984375,0.843994140625,-0.344482421875,Mouth open
1713974692.356728,0.458740234375,0.84912109375,-0.35107421875,Mouth open
1713974692.393592,0.4580078125,0.84521484375,-0.34912109375,Mouth open
1713974692.436966,0.4599609375,0.84228515625,-0.34814453125,Mouth open
1713974692.480199,0.458740234375,0.842041015625,-0.34765625,Mouth open
1713974692.520089,0.460205078125,0.84130859375,-0.348388671875,Mouth open
1713974692.558511,0.457763671875,0.839111328125,-0.34765625,Mouth open
1713974692.60052,0.459228515625,0.844482421875,-0.346923828125,Mouth open
1713974692.63772,0.458251953125,0.84375,-0.347412109375,Mouth open
1713974692.677222,0.464599609375,0.845947265625,-0.347900390625,Mouth open
1713974692.716317,0.463134765625,0.843017578125,-0.346923828125,Mouth open
1713974692.766572,0.462890625,0.846435546875,-0.344970703125,Mouth open
1713974692.793731,0.461181640625,0.843994140625,-0.3466796875,Mouth open
1713974692.836107,0.46044921875,0.84130859375,-0.3447265625,Mouth open
1713974692.880558,0.460693359375,0.8427734375,-0.347900390625,Mouth open
1713974692.915798,0.462158203125,0.84716796875,-0.34375,Mouth open
1713974692.958745,0.460693359375,0.843994140625,-0.3525390625,Mouth open
1713974692.999658,0.45751953125,0.843017578125,-0.3447265625,Mouth open
1713974693.034581,0.46337890625,0.843505859375,-0.3505859375,Mouth open
1713974693.074761,0.459716796875,0.83837890625,-0.348388671875,Mouth open
1713974693.116706,0.45947265625,0.841064453125,-0.351318359375,Mouth open
1713974693.157116,0.45947265625,0.841064453125,-0.351806640625,Mouth open
1713974693.19632,0.46142578125,0.840087890625,-0.352294921875,Mouth open
1713974693.235541,0.458251953125,0.841796875,-0.35107421875,Mouth open
1713974693.275794,0.457763671875,0.8408203125,-0.3525390625,Mouth open
1713974693.318037,0.45751953125,0.843017578125,-0.35107421875,Mouth open
1713974693.355267,0.45849609375,0.83740234375,-0.353515625,Mouth open
1713974693.395572,0.456298828125,0.840576171875,-0.349609375,Mouth open
1713974693.433235,0.461181640625,0.842529296875,-0.353759765625,Mouth open
1713974693.475287,0.456298828125,0.8369140625,-0.351318359375,Mouth open
1713974693.51322,0.457763671875,0.83935546875,-0.353271484375,Mouth open
1713974693.553253,0.45849609375,0.84326171875,-0.352783203125,Mouth open
1713974693.593533,0.45751953125,0.841552734375,-0.353759765625,Mouth open
1713974693.633467,0.4541015625,0.840087890625,-0.35107421875,Mouth open
1713974693.676537,0.46142578125,0.84228515625,-0.35498046875,Mouth open
1713974693.714533,0.4580078125,0.839599609375,-0.354248046875,Mouth open
1713974693.754492,0.457275390625,0.83984375,-0.3525390625,Mouth open
1713974693.797842,0.458984375,0.8427734375,-0.3564453125,Mouth open
1713974693.838595,0.455322265625,0.840087890625,-0.3564453125,Mouth open
1713974693.877227,0.45556640625,0.837646484375,-0.353759765625,Mouth open
1713974693.926335,0.461181640625,0.843017578125,-0.353271484375,Mouth open
1713974693.958418,0.452880859375,0.84326171875,-0.35400390625,Mouth open
1713974694.00944,0.459716796875,0.842529296875,-0.3515625,Mouth open
1713974694.035991,0.455322265625,0.83984375,-0.348876953125,Mouth open
1713974694.074365,0.461669921875,0.84033203125,-0.349365234375,Mouth open
1713974694.113476,0.457763671875,0.839599609375,-0.353271484375,Mouth open
1713974694.159254,0.456787109375,0.841064453125,-0.3525390625,Mouth open
1713974694.19711,0.45654296875,0.841796875,-0.35205078125,Mouth open
1713974694.235747,0.457275390625,0.845947265625,-0.3505859375,Mouth open
1713974694.277267,0.460693359375,0.84326171875,-0.35205078125,Mouth open
1713974694.327035,0.45703125,0.844482421875,-0.348876953125,Mouth open
1713974694.35557,0.46337890625,0.84619140625,-0.353271484375,Mouth open
1713974694.397339,0.459228515625,0.842041015625,-0.348876953125,Mouth open
1713974694.442449,0.457275390625,0.83984375,-0.35107421875,Mouth open
1713974694.481683,0.458740234375,0.840087890625,-0.34912109375,Mouth open
1713974694.519538,0.456787109375,0.839111328125,-0.349853515625,Mouth open
1713974694.558821,0.45703125,0.84326171875,-0.350341796875,Mouth open
1713974694.596871,0.458251953125,0.844482421875,-0.348876953125,Mouth open
1713974694.636183,0.45849609375,0.846435546875,-0.349609375,Mouth open
1713974694.675371,0.45849609375,0.847412109375,-0.347900390625,Mouth open
1713974694.715571,0.45703125,0.844970703125,-0.34033203125,Mouth open
1713974694.753957,0.45849609375,0.84423828125,-0.351318359375,Mouth open
1713974694.795429,0.455078125,0.843017578125,-0.344482421875,Mouth open
1713974694.833671,0.455810546875,0.843994140625,-0.34716796875,Mouth open
1713974694.87511,0.459716796875,0.845947265625,-0.346923828125,Mouth open
1713974694.914224,0.4580078125,0.84423828125,-0.347412109375,Mouth open
1713974694.954245,0.45458984375,0.842041015625,-0.349609375,Mouth open
1713974694.996236,0.45849609375,0.84326171875,-0.349609375,Mouth open
1713974695.03633,0.458740234375,0.844482421875,-0.35009765625,Mouth open
1713974695.077965,0.455810546875,0.84326171875,-0.35107421875,Mouth open
1713974695.119493,0.45947265625,0.845458984375,-0.349365234375,Mouth open
1713974695.156822,0.45751953125,0.843505859375,-0.350341796875,Mouth open
1713974695.196126,0.45263671875,0.84033203125,-0.35107421875,Mouth open
1713974695.241795,0.45458984375,0.8427734375,-0.3525390625,Mouth open
1713974695.278434,0.459716796875,0.841552734375,-0.347900390625,Mouth open
1713974695.319216,0.46044921875,0.84814453125,-0.349609375,Mouth open
1713974695.356613,0.458984375,0.841064453125,-0.35107421875,Mouth open
1713974695.392454,0.457275390625,0.842041015625,-0.34326171875,Mouth open
1713974695.433607,0.45751953125,0.8466796875,-0.35107421875,Mouth open
1713974695.474393,0.454833984375,0.83984375,-0.345947265625,Mouth open
1713974695.513262,0.456787109375,0.844970703125,-0.348876953125,Mouth open
1713974695.558955,0.455078125,0.84521484375,-0.347412109375,Mouth open
1713974695.595421,0.45458984375,0.843505859375,-0.349853515625,Mouth open
1713974695.635686,0.455078125,0.84130859375,-0.345947265625,Mouth open
1713974695.676045,0.458740234375,0.845947265625,-0.3486328125,Mouth open
1713974695.724289,0.458984375,0.8466796875,-0.35302734375,Mouth open
1713974695.758418,0.455810546875,0.843017578125,-0.353271484375,Mouth open
1713974695.808048,0.456787109375,0.840087890625,-0.35009765625,Mouth open
1713974695.83605,0.456787109375,0.840576171875,-0.3505859375,Mouth open
1713974695.880643,0.456787109375,0.843017578125,-0.3515625,Mouth open
1713974695.924246,0.459228515625,0.842041015625,-0.349853515625,Mouth open
1713974695.962064,0.455322265625,0.8408203125,-0.349853515625,Mouth open
1713974695.999499,0.45458984375,0.846435546875,-0.34765625,Mouth open
1713974696.03497,0.4599609375,0.842529296875,-0.34716796875,Mouth open
1713974696.076015,0.4560546875,0.8427734375,-0.342529296875,Mouth open
1713974696.116533,0.462158203125,0.84765625,-0.34814453125,Mouth open
1713974696.156264,0.45703125,0.84228515625,-0.345703125,Mouth open
1713974696.195493,0.455810546875,0.841552734375,-0.3486328125,Mouth open
1713974696.235327,0.45849609375,0.84521484375,-0.346435546875,Mouth open
1713974696.275177,0.455078125,0.841552734375,-0.349609375,Mouth open
1713974696.317626,0.453857421875,0.84326171875,-0.3505859375,Mouth open
1713974696.356357,0.45947265625,0.84423828125,-0.3525390625,Mouth open
1713974696.396558,0.460205078125,0.8427734375,-0.35498046875,Mouth open
1713974696.450537,0.456787109375,0.839599609375,-0.3544921875,Mouth open
1713974696.476782,0.45947265625,0.83984375,-0.36083984375,Mouth open
1713974696.516883,0.453857421875,0.839111328125,-0.359619140625,Mouth open
1713974696.557533,0.452880859375,0.839599609375,-0.354736328125,Mouth open
1713974696.596279,0.45703125,0.8427734375,-0.358154296875,Mouth open
1713974696.636617,0.453857421875,0.83984375,-0.356201171875,Mouth open
1713974696.685276,0.45751953125,0.842041015625,-0.35693359375,Mouth open
1713974696.714159,0.457763671875,0.84033203125,-0.355224609375,Mouth open
1713974696.759246,0.464111328125,0.84326171875,-0.352294921875,Mouth open
1713974696.80407,0.45654296875,0.8388671875,-0.353271484375,Mouth open
1713974696.843618,0.457275390625,0.836669921875,-0.352783203125,Mouth open
1713974696.881354,0.457763671875,0.84033203125,-0.35302734375,Mouth open
1713974696.920494,0.45556640625,0.842041015625,-0.35546875,Mouth open
1713974696.957166,0.455078125,0.837890625,-0.35498046875,Mouth open
1713974696.998972,0.458251953125,0.843017578125,-0.35546875,Mouth open
1713974697.037103,0.45751953125,0.842529296875,-0.355712890625,Mouth open
1713974697.079353,0.45458984375,0.84130859375,-0.35400390625,Mouth open
1713974697.118253,0.4580078125,0.840087890625,-0.3564453125,Mouth open
1713974697.158984,0.454345703125,0.84228515625,-0.355712890625,Mouth open
1713974697.198255,0.4560546875,0.840576171875,-0.356689453125,Mouth open
1713974697.237681,0.458251953125,0.841796875,-0.351806640625,Mouth open
1713974697.276232,0.455322265625,0.841552734375,-0.352294921875,Mouth open
1713974697.316833,0.46240234375,0.84423828125,-0.3544921875,Mouth open
1713974697.356179,0.45849609375,0.84033203125,-0.35205078125,Mouth open
1713974697.396589,0.461669921875,0.84423828125,-0.349609375,Mouth open
1713974697.438132,0.459228515625,0.841552734375,-0.35302734375,Mouth open
1713974697.479051,0.45751953125,0.84033203125,-0.35009765625,Mouth open
1713974697.517189,0.4580078125,0.843994140625,-0.348388671875,Mouth open
1713974697.558059,0.45654296875,0.845947265625,-0.350341796875,Mouth open
1713974697.598257,0.457763671875,0.842041015625,-0.3564453125,Mouth open
1713974697.638629,0.454833984375,0.840576171875,-0.349853515625,Mouth open
1713974697.678153,0.459228515625,0.8447265625,-0.355712890625,Mouth open
1713974697.718517,0.455322265625,0.842529296875,-0.35107421875,Mouth open
1713974697.758101,0.455322265625,0.842529296875,-0.3544921875,Mouth open
1713974697.798696,0.458251953125,0.8408203125,-0.356201171875,Mouth open
1713974697.838189,0.453857421875,0.839599609375,-0.356201171875,Mouth open
1713974697.879106,0.456298828125,0.840576171875,-0.35546875,Mouth open
1713974697.917337,0.455810546875,0.84228515625,-0.35498046875,Mouth open
1713974697.964846,0.4599609375,0.8447265625,-0.35546875,Mouth open
1713974697.997413,0.458251953125,0.842041015625,-0.353515625,Mouth open
1713974698.035684,0.456787109375,0.840087890625,-0.344970703125,Mouth open
1713974698.07614,0.461181640625,0.843994140625,-0.35009765625,Mouth open
1713974698.116225,0.45458984375,0.8427734375,-0.349609375,Mouth open
1713974698.156853,0.455322265625,0.84521484375,-0.348388671875,Mouth open
1713974698.197598,0.457275390625,0.846923828125,-0.347900390625,Mouth open
1713974698.238981,0.457275390625,0.843505859375,-0.35205078125,Mouth open
1713974698.278944,0.454345703125,0.83984375,-0.34912109375,Mouth open
1713974698.317138,0.4580078125,0.845703125,-0.35107421875,Mouth open
1713974698.35711,0.456298828125,0.844482421875,-0.351318359375,Mouth open
1713974698.398705,0.4560546875,0.842529296875,-0.3515625,Mouth open
1713974698.438863,0.456298828125,0.84423828125,-0.353515625,Mouth open
1713974698.478134,0.456787109375,0.842529296875,-0.353759765625,Mouth open
1713974698.519754,0.455810546875,0.843505859375,-0.351806640625,Mouth open
1713974698.558962,0.453857421875,0.846435546875,-0.350341796875,Mouth open
1713974698.595272,0.45361328125,0.84326171875,-0.34765625,Mouth open
1713974698.636828,0.462158203125,0.8466796875,-0.351806640625,Mouth open
1713974698.676489,0.4580078125,0.840087890625,-0.349365234375,Mouth open
1713974698.718278,0.45654296875,0.841552734375,-0.34619140625,Mouth open
1713974698.758207,0.458984375,0.84375,-0.350830078125,Mouth open
1713974698.797149,0.453369140625,0.841552734375,-0.346435546875,Mouth open
1713974698.839962,0.45458984375,0.84716796875,-0.3505859375,Mouth open
1713974698.878608,0.45458984375,0.845947265625,-0.34912109375,Mouth open
1713974698.918936,0.45849609375,0.8447265625,-0.35546875,Mouth open
1713974698.961108,0.453857421875,0.842529296875,-0.349609375,Mouth open
1713974698.999042,0.46044921875,0.847900390625,-0.353515625,Mouth open
1713974699.039176,0.45458984375,0.84375,-0.349609375,Mouth closed
1713974699.080315,0.4541015625,0.8408203125,-0.35009765625,Mouth closed
1713974699.120998,0.455810546875,0.84521484375,-0.349365234375,Mouth closed
1713974699.161748,0.45703125,0.841796875,-0.35009765625,Mouth closed
1713974699.200668,0.457275390625,0.843017578125,-0.351318359375,Mouth closed
1713974699.247558,0.455810546875,0.8447265625,-0.3486328125,Mouth closed
1713974699.277091,0.457763671875,0.844482421875,-0.3486328125,Mouth closed
1713974699.317368,0.46044921875,0.84716796875,-0.349365234375,Mouth closed
1713974699.357893,0.45703125,0.843017578125,-0.349365234375,Mouth closed
1713974699.410684,0.457763671875,0.84375,-0.34521484375,Mouth closed
1713974699.43876,0.459228515625,0.845703125,-0.349853515625,Mouth closed
1713974699.478329,0.457275390625,0.844482421875,-0.345947265625,Mouth closed
1713974699.522721,0.45654296875,0.84521484375,-0.349609375,Mouth closed
1713974699.566611,0.45458984375,0.846435546875,-0.35107421875,Mouth closed
1713974699.601433,0.455322265625,0.843017578125,-0.35302734375,Mouth closed
1713974699.639099,0.451171875,0.8408203125,-0.352294921875,Mouth closed
1713974699.679108,0.457275390625,0.845703125,-0.353759765625,Mouth closed
1713974699.734622,0.4560546875,0.84326171875,-0.35400390625,Mouth closed
1713974699.762996,0.456787109375,0.843017578125,-0.354736328125,Mouth closed
1713974699.800557,0.458740234375,0.839599609375,-0.353271484375,Mouth closed
1713974699.840269,0.45751953125,0.842529296875,-0.353515625,Mouth closed
1713974699.879974,0.451904296875,0.840087890625,-0.3544921875,Mouth closed
1713974699.918294,0.453125,0.839599609375,-0.351806640625,Mouth closed
1713974699.960759,0.454833984375,0.84521484375,-0.35400390625,Mouth closed
1713974700.001863,0.45556640625,0.847412109375,-0.34716796875,Mouth closed
1713974700.045004,0.45947265625,0.848388671875,-0.3525390625,Mouth closed
1713974700.082499,0.451904296875,0.838134765625,-0.3447265625,Mouth closed
1713974700.123058,0.455810546875,0.851806640625,-0.3544921875,Mouth closed
1713974700.160042,0.4560546875,0.83251953125,-0.4365234375,Mouth closed
1713974700.200641,0.447021484375,0.839599609375,-0.354248046875,Mouth closed
1713974700.239406,0.448974609375,0.842529296875,-0.3544921875,Mouth closed
1713974700.280337,0.456298828125,0.848876953125,-0.3447265625,Mouth closed
1713974700.322621,0.455078125,0.846923828125,-0.349365234375,Mouth closed
1713974700.372513,0.45703125,0.8466796875,-0.346435546875,Mouth closed
1713974700.401266,0.454345703125,0.845458984375,-0.35009765625,Mouth closed
1713974700.450399,0.455810546875,0.84423828125,-0.3466796875,Mouth closed
1713974700.486834,0.455078125,0.84375,-0.34912109375,Mouth closed
1713974700.525253,0.4580078125,0.84521484375,-0.346923828125,Mouth closed
1713974700.561762,0.455810546875,0.841552734375,-0.34765625,Mouth closed
1713974700.602032,0.45556640625,0.843017578125,-0.344970703125,Mouth closed
1713974700.639094,0.46044921875,0.847900390625,-0.345703125,Mouth closed
1713974700.679207,0.454833984375,0.848876953125,-0.34521484375,Mouth closed
1713974700.720034,0.4560546875,0.843017578125,-0.34521484375,Mouth closed
1713974700.77085,0.451171875,0.845947265625,-0.3427734375,Mouth closed
1713974700.800267,0.458984375,0.84716796875,-0.344970703125,Mouth closed
1713974700.843826,0.4560546875,0.84423828125,-0.340576171875,Mouth closed
1713974700.884639,0.457275390625,0.84326171875,-0.3408203125,Mouth closed
1713974700.926976,0.45849609375,0.84765625,-0.337158203125,Mouth closed
1713974700.965232,0.46240234375,0.8505859375,-0.33984375,Mouth closed
1713974701.004453,0.453857421875,0.848388671875,-0.334716796875,Mouth closed
1713974701.04204,0.45849609375,0.848876953125,-0.342041015625,Mouth closed
1713974701.082483,0.455810546875,0.845703125,-0.347900390625,Mouth closed
1713974701.122138,0.456298828125,0.84716796875,-0.3408203125,Mouth closed
1713974701.16291,0.458251953125,0.844482421875,-0.343505859375,Mouth closed
1713974701.202639,0.45751953125,0.845458984375,-0.343017578125,Mouth closed
1713974701.241228,0.4541015625,0.84326171875,-0.343505859375,Mouth closed
1713974701.280339,0.4580078125,0.845703125,-0.340087890625,Mouth closed
1713974701.321346,0.45458984375,0.848388671875,-0.340087890625,Mouth closed
1713974701.361009,0.463623046875,0.850830078125,-0.34033203125,Mouth closed
1713974701.402058,0.458251953125,0.84619140625,-0.339599609375,Mouth closed
1713974701.441546,0.460693359375,0.846435546875,-0.33544921875,Mouth closed
1713974701.484966,0.456298828125,0.849609375,-0.340087890625,Mouth closed
1713974701.522555,0.45556640625,0.84716796875,-0.33740234375,Mouth closed
1713974701.563273,0.45654296875,0.8486328125,-0.338134765625,Mouth closed
1713974701.603144,0.460693359375,0.8486328125,-0.337890625,Mouth closed
1713974701.641964,0.461181640625,0.84912109375,-0.34326171875,Mouth closed
1713974701.682629,0.453369140625,0.845947265625,-0.339599609375,Mouth closed
1713974701.723689,0.45947265625,0.849853515625,-0.3408203125,Mouth closed
1713974701.763759,0.45703125,0.850830078125,-0.34033203125,Mouth closed
1713974701.808763,0.45751953125,0.846923828125,-0.33740234375,Mouth closed
1713974701.842047,0.4599609375,0.851806640625,-0.337890625,Mouth closed
1713974701.881315,0.457763671875,0.845458984375,-0.3388671875,Mouth closed
1713974701.922007,0.455810546875,0.85009765625,-0.34033203125,Mouth closed
1713974701.962897,0.458251953125,0.8486328125,-0.338134765625,Mouth closed
1713974702.00136,0.460205078125,0.85205078125,-0.3427734375,Mouth closed
1713974702.0456,0.45751953125,0.84716796875,-0.340576171875,Mouth closed
1713974702.082054,0.455322265625,0.8486328125,-0.3359375,Mouth closed
1713974702.124639,0.45654296875,0.843505859375,-0.338623046875,Mouth closed
1713974702.163063,0.456298828125,0.845703125,-0.333740234375,Mouth closed
1713974702.203409,0.457763671875,0.850830078125,-0.339111328125,Mouth closed
1713974702.244103,0.4560546875,0.8505859375,-0.33935546875,Mouth closed
1713974702.283563,0.454833984375,0.849853515625,-0.342529296875,Mouth closed
1713974702.323386,0.4521484375,0.845947265625,-0.34033203125,Mouth closed
1713974702.364497,0.45703125,0.851318359375,-0.34228515625,Mouth closed
1713974702.404008,0.456787109375,0.84765625,-0.340087890625,Mouth closed
1713974702.442993,0.455078125,0.845703125,-0.341796875,Mouth closed
1713974702.488791,0.458740234375,0.845947265625,-0.34130859375,Mouth closed
1713974702.525752,0.459228515625,0.84765625,-0.34375,Mouth closed
1713974702.565963,0.45458984375,0.84619140625,-0.340087890625,Mouth closed
1713974702.604103,0.457275390625,0.848388671875,-0.341064453125,Mouth closed
1713974702.640979,0.45263671875,0.84716796875,-0.341796875,Mouth closed
1713974702.682173,0.458251953125,0.849365234375,-0.34423828125,Mouth closed
1713974702.722724,0.453369140625,0.846435546875,-0.336669921875,Mouth closed
1713974702.762093,0.462646484375,0.852294921875,-0.336669921875,Mouth closed
1713974702.806277,0.458984375,0.84912109375,-0.33544921875,Mouth closed
1713974702.842604,0.45751953125,0.846923828125,-0.337646484375,Mouth closed
1713974702.881936,0.459228515625,0.84814453125,-0.33642578125,Mouth closed
1713974702.923334,0.455322265625,0.84912109375,-0.336181640625,Mouth closed
1713974702.964065,0.45556640625,0.846923828125,-0.33837890625,Mouth closed
1713974703.004459,0.46044921875,0.84765625,-0.337646484375,Mouth closed
1713974703.044718,0.45849609375,0.850341796875,-0.340087890625,Mouth closed
1713974703.085034,0.45703125,0.847412109375,-0.33642578125,Mouth closed
1713974703.124503,0.4580078125,0.846923828125,-0.3447265625,Mouth closed
1713974703.162036,0.458251953125,0.847900390625,-0.343505859375,Mouth closed
1713974703.202484,0.453857421875,0.845458984375,-0.3427734375,Mouth closed
1713974703.256328,0.4560546875,0.8466796875,-0.342041015625,Mouth closed
1713974703.283544,0.453857421875,0.848388671875,-0.342529296875,Mouth closed
1713974703.33489,0.453857421875,0.843017578125,-0.339111328125,Mouth closed
1713974703.363625,0.456298828125,0.84619140625,-0.340576171875,Mouth closed
1713974703.411508,0.46142578125,0.84716796875,-0.341796875,Mouth closed
1713974703.450464,0.45556640625,0.840576171875,-0.3388671875,Mouth closed
1713974703.491289,0.454345703125,0.84375,-0.34130859375,Mouth closed
1713974703.529607,0.45751953125,0.847900390625,-0.341796875,Mouth closed
1713974703.569056,0.4560546875,0.845703125,-0.34130859375,Mouth closed
1713974703.606815,0.451904296875,0.844482421875,-0.34130859375,Mouth closed
1713974703.646113,0.46142578125,0.847412109375,-0.343017578125,Mouth closed
1713974703.685385,0.45751953125,0.843994140625,-0.341064453125,Mouth closed
1713974703.725925,0.4560546875,0.842529296875,-0.343994140625,Mouth closed
1713974703.765612,0.459228515625,0.845947265625,-0.34521484375,Mouth closed
1713974703.804398,0.457275390625,0.847412109375,-0.3408203125,Mouth closed
1713974703.843051,0.45703125,0.844970703125,-0.340576171875,Mouth closed
1713974703.882066,0.45751953125,0.849853515625,-0.340576171875,Mouth closed
1713974703.924104,0.455810546875,0.85107421875,-0.34130859375,Mouth closed
1713974703.964214,0.459228515625,0.846923828125,-0.340576171875,Mouth closed
1713974704.004096,0.455078125,0.84423828125,-0.33154296875,Mouth closed
1713974704.043993,0.458740234375,0.850830078125,-0.3359375,Mouth closed
1713974704.084494,0.4560546875,0.84765625,-0.336181640625,Mouth closed
1713974704.127311,0.4560546875,0.848876953125,-0.336181640625,Mouth closed
1713974704.164923,0.457275390625,0.84765625,-0.340087890625,Mouth closed
1713974704.206746,0.4560546875,0.848876953125,-0.3369140625,Mouth closed
1713974704.245493,0.453125,0.846923828125,-0.33740234375,Mouth closed
1713974704.285683,0.457763671875,0.850341796875,-0.3408203125,Mouth closed
1713974704.32609,0.458251953125,0.849365234375,-0.342041015625,Mouth closed
1713974704.36977,0.453125,0.846435546875,-0.340576171875,Mouth closed
1713974704.405987,0.454833984375,0.8447265625,-0.345947265625,Mouth closed
1713974704.44636,0.453125,0.844970703125,-0.344482421875,Mouth closed
1713974704.483826,0.4541015625,0.84521484375,-0.3447265625,Mouth closed
1713974704.523437,0.457275390625,0.848388671875,-0.3408203125,Mouth closed
1713974704.564033,0.45458984375,0.8486328125,-0.34326171875,Mouth closed
1713974704.607642,0.457763671875,0.846923828125,-0.344482421875,Mouth closed
1713974704.644493,0.45458984375,0.84423828125,-0.33935546875,Mouth closed
1713974704.694876,0.458984375,0.848876953125,-0.33984375,Mouth closed
1713974704.725529,0.45458984375,0.845703125,-0.337890625,Mouth closed
1713974704.764973,0.453369140625,0.847412109375,-0.33447265625,Mouth closed
1713974704.806061,0.45849609375,0.85009765625,-0.339599609375,Mouth closed
1713974704.846422,0.456787109375,0.8505859375,-0.33349609375,Mouth closed
1713974704.887385,0.458984375,0.849365234375,-0.34423828125,Mouth closed
1713974704.925997,0.455322265625,0.84765625,-0.3388671875,Mouth closed
1713974704.966899,0.459716796875,0.849609375,-0.341064453125,Mouth closed
1713974705.006965,0.4560546875,0.846435546875,-0.3408203125,Mouth closed
1713974705.0465,0.45556640625,0.848388671875,-0.34033203125,Mouth closed
1713974705.085831,0.455810546875,0.849609375,-0.342041015625,Mouth closed
1713974705.125498,0.454833984375,0.8486328125,-0.34375,Mouth closed
1713974705.163932,0.454833984375,0.846435546875,-0.343505859375,Mouth closed
1713974705.206277,0.4541015625,0.847900390625,-0.338134765625,Mouth closed
1713974705.24558,0.453857421875,0.847900390625,-0.33837890625,Mouth closed
1713974705.285388,0.4619140625,0.850830078125,-0.34228515625,Mouth closed
1713974705.326095,0.457275390625,0.845703125,-0.338134765625,Mouth closed
1713974705.366695,0.459228515625,0.84912109375,-0.336669921875,Mouth closed
1713974705.406073,0.45654296875,0.849853515625,-0.335205078125,Mouth closed
1713974705.451207,0.4541015625,0.848876953125,-0.332763671875,Mouth closed
1713974705.48809,0.45947265625,0.85205078125,-0.337646484375,Mouth closed
1713974705.529751,0.45751953125,0.851806640625,-0.3359375,Mouth closed
1713974705.567415,0.45947265625,0.851806640625,-0.34033203125,Mouth closed
1713974705.608051,0.45751953125,0.84619140625,-0.336181640625,Mouth closed
1713974705.650342,0.456787109375,0.85009765625,-0.33740234375,Mouth closed
1713974705.69969,0.455322265625,0.852294921875,-0.339599609375,Mouth closed
1713974705.726931,0.45654296875,0.84619140625,-0.3427734375,Mouth closed
1713974705.778923,0.457763671875,0.8447265625,-0.341552734375,Mouth closed
1713974705.814053,0.455322265625,0.845703125,-0.33935546875,Mouth closed
1713974705.84528,0.455078125,0.847900390625,-0.341796875,Mouth closed
1713974705.888703,0.456787109375,0.846923828125,-0.341552734375,Mouth closed
1713974705.92911,0.45849609375,0.8486328125,-0.3369140625,Mouth closed
1713974705.965852,0.457275390625,0.8515625,-0.337158203125,Mouth closed
1713974706.016669,0.457275390625,0.846435546875,-0.33544921875,Mouth closed
1713974706.047254,0.455078125,0.84716796875,-0.32958984375,Mouth closed
1713974706.092067,0.4638671875,0.85400390625,-0.332763671875,Mouth closed
1713974706.128076,0.458740234375,0.849609375,-0.32470703125,Mouth closed
1713974706.168596,0.46142578125,0.84765625,-0.330078125,Mouth closed
1713974706.213618,0.46337890625,0.849853515625,-0.329345703125,Mouth closed
1713974706.253214,0.457763671875,0.84912109375,-0.326171875,Mouth closed
1713974706.291469,0.45849609375,0.84814453125,-0.32666015625,Mouth closed
1713974706.330336,0.4619140625,0.849365234375,-0.330810546875,Mouth closed
1713974706.369612,0.45947265625,0.8486328125,-0.33740234375,Mouth closed
1713974706.408869,0.45947265625,0.845947265625,-0.335205078125,Mouth closed
1713974706.44692,0.457275390625,0.848876953125,-0.336669921875,Mouth closed
1713974706.487682,0.457763671875,0.845458984375,-0.3388671875,Mouth closed
1713974706.527051,0.45654296875,0.8427734375,-0.337890625,Mouth closed
1713974706.567289,0.459716796875,0.847900390625,-0.33642578125,Mouth closed
1713974706.607064,0.456787109375,0.84619140625,-0.341064453125,Mouth closed
1713974706.650553,0.46044921875,0.851318359375,-0.341796875,Mouth closed
1713974706.689417,0.459228515625,0.841552734375,-0.343505859375,Mouth closed
1713974706.729901,0.457275390625,0.84814453125,-0.335693359375,Mouth closed
1713974706.769895,0.458740234375,0.849365234375,-0.339111328125,Mouth closed
1713974706.809596,0.45556640625,0.84423828125,-0.33740234375,Mouth closed
1713974706.850829,0.456298828125,0.8466796875,-0.339599609375,Mouth closed
1713974706.889216,0.4609375,0.85107421875,-0.33984375,Mouth closed
1713974706.931106,0.462646484375,0.847412109375,-0.341796875,Mouth closed
1713974706.970838,0.458984375,0.84619140625,-0.3369140625,Mouth closed
1713974707.009934,0.462158203125,0.850341796875,-0.34033203125,Mouth closed
1713974707.049091,0.457275390625,0.84130859375,-0.336669921875,Mouth closed
1713974707.089896,0.456787109375,0.845703125,-0.33837890625,Mouth closed
1713974707.134961,0.461181640625,0.849853515625,-0.33984375,Mouth closed
1713974707.168253,0.4560546875,0.846435546875,-0.33935546875,Mouth closed
1713974707.208923,0.4580078125,0.84619140625,-0.33935546875,Mouth closed
1713974707.249673,0.458740234375,0.8505859375,-0.337646484375,Mouth closed
1713974707.289739,0.45751953125,0.849853515625,-0.33544921875,Mouth closed
1713974707.329992,0.458251953125,0.84619140625,-0.338623046875,Mouth closed
1713974707.370535,0.45703125,0.844970703125,-0.332275390625,Mouth closed
1713974707.411256,0.464111328125,0.850830078125,-0.335205078125,Mouth closed
1713974707.451152,0.4580078125,0.846923828125,-0.3349609375,Mouth closed
1713974707.495443,0.458984375,0.8486328125,-0.3349609375,Mouth closed
1713974707.53281,0.458984375,0.850830078125,-0.334716796875,Mouth closed
1713974707.57524,0.45849609375,0.84716796875,-0.33349609375,Mouth closed
1713974707.612729,0.45654296875,0.8466796875,-0.3359375,Mouth closed
1713974707.654113,0.459228515625,0.849853515625,-0.33935546875,Mouth closed
1713974707.691736,0.45751953125,0.8486328125,-0.3408203125,Mouth closed
1713974707.734205,0.45556640625,0.848876953125,-0.339111328125,Mouth closed
1713974707.772773,0.45703125,0.8505859375,-0.338623046875,Mouth closed
1713974707.813998,0.456787109375,0.849365234375,-0.341064453125,Mouth closed
1713974707.853356,0.4541015625,0.84521484375,-0.34130859375,Mouth closed
1713974707.895065,0.457763671875,0.847900390625,-0.338134765625,Mouth closed
1713974707.933038,0.455810546875,0.84619140625,-0.336181640625,Mouth closed
1713974707.975884,0.4619140625,0.853759765625,-0.33837890625,Mouth closed
1713974708.013118,0.459228515625,0.844970703125,-0.3359375,Mouth closed
1713974708.055268,0.46142578125,0.8505859375,-0.328369140625,Mouth closed
1713974708.094146,0.460205078125,0.85009765625,-0.337158203125,Mouth closed
1713974708.135277,0.454833984375,0.847900390625,-0.33642578125,Mouth closed
1713974708.173281,0.457275390625,0.848876953125,-0.335693359375,Mouth closed
1713974708.216259,0.45751953125,0.8505859375,-0.33642578125,Mouth closed
1713974708.254579,0.459716796875,0.851806640625,-0.34130859375,Mouth closed
1713974708.296124,0.4541015625,0.84814453125,-0.336669921875,Mouth closed
1713974708.335378,0.458740234375,0.849609375,-0.340576171875,Mouth closed
1713974708.376516,0.45556640625,0.85107421875,-0.33935546875,Mouth closed
1713974708.414518,0.455078125,0.846923828125,-0.340087890625,Mouth closed
1713974708.450838,0.456787109375,0.847900390625,-0.33935546875,Mouth closed
1713974708.494444,0.455322265625,0.84814453125,-0.33984375,Mouth closed
1713974708.531802,0.454833984375,0.845458984375,-0.34033203125,Mouth closed
1713974708.571778,0.45458984375,0.850341796875,-0.339111328125,Mouth closed
1713974708.61193,0.45263671875,0.84912109375,-0.33935546875,Mouth closed
1713974708.652894,0.457763671875,0.85107421875,-0.339599609375,Mouth closed
1713974708.693537,0.4541015625,0.84375,-0.335205078125,Mouth closed
1713974708.73388,0.460205078125,0.849365234375,-0.336181640625,Mouth closed
1713974708.773851,0.456298828125,0.847900390625,-0.3359375,Mouth closed
1713974708.813867,0.458984375,0.8486328125,-0.334228515625,Mouth closed
1713974708.855674,0.454833984375,0.849365234375,-0.335205078125,Mouth closed
1713974708.893833,0.455810546875,0.853271484375,-0.33447265625,Mouth closed
1713974708.933795,0.45703125,0.8505859375,-0.338623046875,Mouth closed
1713974708.978952,0.45654296875,0.84814453125,-0.339111328125,Mouth closed
1713974709.013958,0.45849609375,0.849609375,-0.3408203125,Mouth closed
1713974709.053723,0.45703125,0.848876953125,-0.33935546875,Mouth closed
1713974709.092772,0.4541015625,0.84765625,-0.341796875,Mouth closed
1713974709.132213,0.455810546875,0.849853515625,-0.34033203125,Mouth closed
1713974709.172895,0.456787109375,0.848388671875,-0.34375,Mouth closed
1713974709.212952,0.454833984375,0.845947265625,-0.341064453125,Mouth closed
1713974709.253848,0.457275390625,0.849609375,-0.336669921875,Mouth closed
1713974709.294297,0.453857421875,0.84912109375,-0.33642578125,Mouth closed
1713974709.333984,0.459228515625,0.849609375,-0.3349609375,Mouth closed
1713974709.375112,0.457763671875,0.8466796875,-0.333740234375,Mouth closed
1713974709.415018,0.461181640625,0.850830078125,-0.335205078125,Mouth closed
1713974709.455618,0.455322265625,0.8515625,-0.33349609375,Mouth closed
1713974709.494715,0.456787109375,0.85107421875,-0.335205078125,Mouth closed
1713974709.535168,0.45556640625,0.85107421875,-0.33837890625,Mouth closed
1713974709.575049,0.450439453125,0.850830078125,-0.336181640625,Mouth closed
1713974709.61788,0.453857421875,0.850830078125,-0.33740234375,Mouth closed
1713974709.655923,0.45556640625,0.85107421875,-0.3359375,Mouth closed
1713974709.694942,0.46142578125,0.85302734375,-0.338623046875,Mouth closed
1713974709.73484,0.456787109375,0.848388671875,-0.336181640625,Mouth closed
1713974709.779964,0.455810546875,0.847900390625,-0.338134765625,Mouth closed
1713974709.814424,0.456787109375,0.845947265625,-0.340576171875,Mouth closed
1713974709.864288,0.456787109375,0.84521484375,-0.340576171875,Mouth closed
1713974709.895055,0.4560546875,0.84765625,-0.339111328125,Mouth closed
1713974709.944449,0.45654296875,0.84765625,-0.33642578125,Mouth closed
1713974709.983619,0.4541015625,0.8515625,-0.336669921875,Mouth closed
1713974710.02004,0.45556640625,0.85009765625,-0.336181640625,Mouth closed
1713974710.064419,0.457275390625,0.846923828125,-0.331298828125,Mouth closed
1713974710.098889,0.462646484375,0.85107421875,-0.338623046875,Mouth closed
1713974710.143417,0.454345703125,0.847412109375,-0.334228515625,Mouth closed
1713974710.178911,0.457275390625,0.845947265625,-0.33447265625,Mouth closed
1713974710.219837,0.458251953125,0.850341796875,-0.338623046875,Mouth closed
1713974710.259793,0.455078125,0.848876953125,-0.3369140625,Mouth closed
1713974710.297707,0.453857421875,0.84521484375,-0.33544921875,Mouth closed
1713974710.339215,0.45947265625,0.851806640625,-0.33984375,Mouth closed
1713974710.37895,0.45654296875,0.84814453125,-0.342529296875,Mouth closed
1713974710.418464,0.45654296875,0.84765625,-0.342529296875,Mouth closed
1713974710.456201,0.45556640625,0.844970703125,-0.347412109375,Mouth closed
1713974710.497618,0.45703125,0.846923828125,-0.345947265625,Mouth closed
1713974710.535853,0.45263671875,0.84228515625,-0.34423828125,Mouth closed
1713974710.575867,0.45654296875,0.849853515625,-0.344970703125,Mouth closed
1713974710.617676,0.45263671875,0.84765625,-0.34228515625,Mouth closed
1713974710.660951,0.453857421875,0.848388671875,-0.342529296875,Mouth closed
1713974710.697999,0.453857421875,0.844482421875,-0.338623046875,Mouth closed
1713974710.739755,0.464111328125,0.848388671875,-0.339111328125,Mouth closed
1713974710.777852,0.454833984375,0.84423828125,-0.339111328125,Mouth closed
1713974710.817786,0.457275390625,0.8447265625,-0.3369140625,Mouth closed
1713974710.858954,0.4609375,0.84765625,-0.335693359375,Mouth closed
1713974710.900859,0.459228515625,0.84814453125,-0.33251953125,Mouth closed
1713974710.939748,0.455322265625,0.845703125,-0.33544921875,Mouth closed
1713974710.97912,0.458251953125,0.84912109375,-0.335693359375,Mouth closed
1713974711.018447,0.459228515625,0.85107421875,-0.337890625,Mouth closed
1713974711.060405,0.455322265625,0.8505859375,-0.33642578125,Mouth closed
1713974711.097598,0.45556640625,0.848876953125,-0.335693359375,Mouth closed
1713974711.137819,0.454345703125,0.850341796875,-0.3388671875,Mouth closed
1713974711.177937,0.452392578125,0.8486328125,-0.3369140625,Mouth closed
1713974711.21952,0.456298828125,0.850341796875,-0.33740234375,Mouth closed
1713974711.25794,0.4521484375,0.8515625,-0.3369140625,Mouth closed
1713974711.298024,0.458984375,0.850341796875,-0.33935546875,Mouth closed
1713974711.337842,0.456298828125,0.848388671875,-0.33203125,Mouth closed
1713974711.381511,0.463623046875,0.850341796875,-0.33154296875,Mouth closed
1713974711.422296,0.45751953125,0.848388671875,-0.33203125,Mouth closed
1713974711.459024,0.45654296875,0.85009765625,-0.330078125,Mouth closed
1713974711.500346,0.45947265625,0.849365234375,-0.334228515625,Mouth closed
1713974711.540313,0.457275390625,0.85400390625,-0.333251953125,Mouth closed
1713974711.594823,0.45947265625,0.851318359375,-0.337158203125,Mouth closed
1713974711.621131,0.45556640625,0.852294921875,-0.331787109375,Mouth closed
1713974711.658862,0.457275390625,0.853271484375,-0.337158203125,Mouth closed
1713974711.698808,0.455078125,0.848876953125,-0.3369140625,Mouth closed
1713974711.739429,0.454345703125,0.849365234375,-0.33935546875,Mouth closed
1713974711.777503,0.455810546875,0.8505859375,-0.337890625,Mouth closed
1713974711.817155,0.453857421875,0.847412109375,-0.337158203125,Mouth closed
1713974711.859862,0.45556640625,0.852294921875,-0.336669921875,Mouth closed
1713974711.904827,0.452880859375,0.84716796875,-0.33740234375,Mouth closed
1713974711.937699,0.460205078125,0.853759765625,-0.338134765625,Mouth closed
1713974711.980132,0.45654296875,0.848388671875,-0.333984375,Mouth closed
1713974712.02282,0.461181640625,0.851806640625,-0.33056640625,Mouth closed
1713974712.063727,0.456787109375,0.849365234375,-0.3330078125,Mouth closed
1713974712.102366,0.458251953125,0.847900390625,-0.3330078125,Mouth closed
1713974712.141741,0.4580078125,0.85205078125,-0.33203125,Mouth closed
1713974712.180203,0.45458984375,0.853271484375,-0.33203125,Mouth closed
1713974712.220251,0.4599609375,0.853759765625,-0.3369140625,Mouth closed
1713974712.261277,0.456298828125,0.849365234375,-0.334716796875,Mouth closed
1713974712.301049,0.45654296875,0.8544921875,-0.33837890625,Mouth closed
1713974712.337868,0.45361328125,0.848388671875,-0.33447265625,Mouth closed
1713974712.384563,0.455322265625,0.84716796875,-0.3388671875,Mouth closed
1713974712.423029,0.45751953125,0.85107421875,-0.3359375,Mouth closed
1713974712.462402,0.45361328125,0.849609375,-0.335693359375,Mouth closed
1713974712.499393,0.45361328125,0.852783203125,-0.339111328125,Mouth closed
1713974712.55715,0.45556640625,0.849609375,-0.334716796875,Mouth closed
1713974712.577677,0.46142578125,0.853759765625,-0.3369140625,Mouth closed
1713974712.63175,0.4560546875,0.8466796875,-0.3349609375,Mouth closed
1713974712.658941,0.457275390625,0.85107421875,-0.328125,Mouth closed
1713974712.701255,0.454345703125,0.8525390625,-0.3349609375,Mouth closed
1713974712.740223,0.4560546875,0.851806640625,-0.33203125,Mouth closed
1713974712.789811,0.4560546875,0.848876953125,-0.336669921875,Mouth closed
1713974712.828018,0.4541015625,0.85205078125,-0.33251953125,Mouth closed
1713974712.863188,0.457763671875,0.853271484375,-0.336181640625,Mouth closed
1713974712.904788,0.45361328125,0.85009765625,-0.33349609375,Mouth closed
1713974712.945879,0.458984375,0.852294921875,-0.33740234375,Mouth closed
1713974712.983545,0.455810546875,0.850341796875,-0.333740234375,Mouth closed
1713974713.018843,0.4560546875,0.84765625,-0.3388671875,Mouth closed
1713974713.061082,0.4541015625,0.849609375,-0.33837890625,Mouth closed
1713974713.100872,0.453369140625,0.8515625,-0.3408203125,Mouth closed
1713974713.137931,0.451171875,0.8486328125,-0.3388671875,Mouth closed
1713974713.180875,0.454345703125,0.8515625,-0.337158203125,Mouth closed
1713974713.218601,0.4521484375,0.8515625,-0.337158203125,Mouth closed
1713974713.259415,0.455078125,0.84912109375,-0.337158203125,Mouth closed
1713974713.299957,0.454833984375,0.845947265625,-0.328125,Mouth closed
1713974713.33932,0.459716796875,0.8525390625,-0.3330078125,Mouth closed
1713974713.379786,0.45751953125,0.84912109375,-0.328369140625,Mouth closed
1713974713.420018,0.45751953125,0.848876953125,-0.332763671875,Mouth closed
1713974713.459647,0.456298828125,0.851806640625,-0.330810546875,Mouth closed
1713974713.502207,0.455322265625,0.85107421875,-0.326904296875,Mouth closed
1713974713.540247,0.4521484375,0.849609375,-0.331298828125,Mouth closed
1713974713.581327,0.461181640625,0.8515625,-0.333740234375,Mouth closed
1713974713.619058,0.457763671875,0.85205078125,-0.33447265625,Mouth closed
1713974713.665328,0.4580078125,0.849609375,-0.333251953125,Mouth closed
1713974713.698263,0.458251953125,0.846435546875,-0.333984375,Mouth closed
1713974713.737766,0.458740234375,0.849609375,-0.335693359375,Mouth closed
1713974713.776841,0.455810546875,0.84619140625,-0.33203125,Mouth closed
1713974713.818555,0.4580078125,0.85009765625,-0.335205078125,Mouth closed
1713974713.858439,0.4541015625,0.8486328125,-0.333984375,Mouth closed
1713974713.899179,0.460205078125,0.852294921875,-0.337158203125,Mouth closed
1713974713.938963,0.4599609375,0.850341796875,-0.335693359375,Mouth closed
1713974713.977767,0.460205078125,0.849853515625,-0.333251953125,Mouth closed
1713974714.019954,0.459228515625,0.851318359375,-0.33251953125,Mouth open
1713974714.061406,0.458984375,0.845703125,-0.332275390625,Mouth open
1713974714.098782,0.457763671875,0.8486328125,-0.333251953125,Mouth open
1713974714.139783,0.45751953125,0.8525390625,-0.3330078125,Mouth open
1713974714.180295,0.458984375,0.8486328125,-0.340576171875,Mouth open
1713974714.221644,0.4580078125,0.84912109375,-0.3349609375,Mouth open
1713974714.25935,0.4560546875,0.8505859375,-0.34033203125,Mouth open
1713974714.298999,0.4560546875,0.84619140625,-0.339111328125,Mouth open
1713974714.337849,0.454833984375,0.846923828125,-0.340576171875,Mouth open
1713974714.377617,0.456787109375,0.8486328125,-0.341552734375,Mouth open
1713974714.423166,0.452392578125,0.844482421875,-0.340576171875,Mouth open
1713974714.459871,0.458251953125,0.847900390625,-0.338134765625,Mouth open
1713974714.501085,0.456298828125,0.84814453125,-0.334228515625,Mouth open
1713974714.53788,0.461181640625,0.852783203125,-0.3388671875,Mouth open
1713974714.578794,0.4609375,0.848876953125,-0.336181640625,Mouth open
1713974714.619994,0.461181640625,0.8486328125,-0.332275390625,Mouth open
1713974714.671637,0.45751953125,0.85107421875,-0.334228515625,Mouth open
1713974714.700153,0.455322265625,0.84912109375,-0.33154296875,Mouth open
1713974714.741803,0.455810546875,0.85595703125,-0.330810546875,Mouth open
1713974714.780762,0.45703125,0.8525390625,-0.330322265625,Mouth open
1713974714.83026,0.4609375,0.853515625,-0.332275390625,Mouth open
1713974714.86691,0.45703125,0.849609375,-0.33154296875,Mouth open
1713974714.903791,0.458251953125,0.854248046875,-0.336181640625,Mouth open
1713974714.945159,0.455322265625,0.850341796875,-0.333984375,Mouth open
1713974714.991318,0.4521484375,0.8466796875,-0.33544921875,Mouth open
1713974715.019779,0.455810546875,0.85009765625,-0.3369140625,Mouth open
1713974715.06044,0.452880859375,0.84814453125,-0.3369140625,Mouth open
1713974715.102851,0.45703125,0.850830078125,-0.334228515625,Mouth open
1713974715.144973,0.4560546875,0.849609375,-0.337646484375,Mouth open
1713974715.180717,0.466552734375,0.86279296875,-0.3427734375,Mouth open
1713974715.223354,0.463623046875,0.844970703125,-0.343017578125,Mouth open
1713974715.26888,0.47021484375,0.844970703125,-0.3310546875,Mouth open
1713974715.307445,0.47998046875,0.841552734375,-0.333251953125,Mouth open
1713974715.345649,0.47265625,0.833740234375,-0.32666015625,Mouth open
1713974715.385156,0.486572265625,0.841552734375,-0.326904296875,Mouth open
1713974715.422438,0.487060546875,0.83251953125,-0.342529296875,Mouth open
1713974715.462826,0.481201171875,0.830078125,-0.34423828125,Mouth open
1713974715.503148,0.466796875,0.8330078125,-0.34619140625,Mouth open
1713974715.544666,0.479248046875,0.8349609375,-0.35009765625,Mouth open
1713974715.581311,0.475341796875,0.835205078125,-0.357421875,Mouth open
1713974715.62006,0.47216796875,0.83447265625,-0.351806640625,Mouth open
1713974715.660905,0.474609375,0.828369140625,-0.353515625,Mouth open
1713974715.700932,0.466064453125,0.830322265625,-0.36328125,Mouth open
1713974715.741228,0.460205078125,0.827880859375,-0.364501953125,Mouth open
1713974715.781618,0.464111328125,0.833251953125,-0.362060546875,Mouth open
1713974715.822608,0.46240234375,0.836181640625,-0.359619140625,Mouth open
1713974715.863145,0.470458984375,0.83935546875,-0.3603515625,Mouth open
1713974715.903025,0.466796875,0.83251953125,-0.36376953125,Mouth open
1713974715.94285,0.463134765625,0.833251953125,-0.35400390625,Mouth open
1713974715.984952,0.468017578125,0.83349609375,-0.35595703125,Mouth open
1713974716.023649,0.463623046875,0.8349609375,-0.354248046875,Mouth open
1713974716.062701,0.46142578125,0.83544921875,-0.35693359375,Mouth open
1713974716.106954,0.464599609375,0.843017578125,-0.354248046875,Mouth open
1713974716.143799,0.465087890625,0.8408203125,-0.35595703125,Mouth open
1713974716.184346,0.4619140625,0.83544921875,-0.3505859375,Mouth open
1713974716.22446,0.464599609375,0.841552734375,-0.35302734375,Mouth open
1713974716.262673,0.464111328125,0.84033203125,-0.354248046875,Mouth open
1713974716.301912,0.461181640625,0.84033203125,-0.351318359375,Mouth open
1713974716.343575,0.4609375,0.84130859375,-0.35205078125,Mouth open
1713974716.381805,0.46142578125,0.84130859375,-0.35205078125,Mouth open
1713974716.422693,0.457763671875,0.841796875,-0.34912109375,Mouth open
1713974716.463505,0.46240234375,0.84228515625,-0.347900390625,Mouth open
1713974716.506008,0.458984375,0.845458984375,-0.352783203125,Mouth open
1713974716.543702,0.462646484375,0.838623046875,-0.3515625,Mouth open
1713974716.583972,0.454833984375,0.839599609375,-0.3486328125,Mouth open
1713974716.622543,0.461669921875,0.843505859375,-0.350830078125,Mouth open
1713974716.66369,0.45654296875,0.8388671875,-0.35009765625,Mouth open
1713974716.704424,0.460205078125,0.843017578125,-0.346435546875,Mouth open
1713974716.743591,0.46044921875,0.84521484375,-0.350341796875,Mouth open
1713974716.784725,0.459228515625,0.844482421875,-0.350341796875,Mouth open
1713974716.825522,0.45458984375,0.841552734375,-0.345458984375,Mouth open
1713974716.86469,0.462158203125,0.843994140625,-0.3515625,Mouth open
1713974716.902976,0.4599609375,0.845703125,-0.348388671875,Mouth open
1713974716.942158,0.457763671875,0.84423828125,-0.344970703125,Mouth open
1713974716.98342,0.457763671875,0.841796875,-0.34423828125,Mouth open
1713974717.023143,0.459228515625,0.841552734375,-0.345703125,Mouth open
1713974717.062848,0.4580078125,0.841552734375,-0.34130859375,Mouth open
1713974717.107907,0.46142578125,0.84765625,-0.342041015625,Mouth open
1713974717.145243,0.46435546875,0.84814453125,-0.346435546875,Mouth open
1713974717.186,0.45556640625,0.84228515625,-0.345947265625,Mouth open
1713974717.224003,0.45849609375,0.846923828125,-0.337890625,Mouth open
1713974717.277877,0.462158203125,0.84814453125,-0.339599609375,Mouth open
1713974717.304614,0.456787109375,0.8427734375,-0.336669921875,Mouth open
1713974717.356584,0.458984375,0.847412109375,-0.335205078125,Mouth open
1713974717.384746,0.460693359375,0.848388671875,-0.335693359375,Mouth open
1713974717.430783,0.4638671875,0.847412109375,-0.3388671875,Mouth open
1713974717.464614,0.459228515625,0.84423828125,-0.33447265625,Mouth open
1713974717.512312,0.460205078125,0.850830078125,-0.343505859375,Mouth open
1713974717.551198,0.46142578125,0.848876953125,-0.337890625,Mouth open
1713974717.591839,0.460205078125,0.846435546875,-0.339111328125,Mouth open
1713974717.625743,0.457763671875,0.845458984375,-0.3388671875,Mouth open
1713974717.666468,0.462158203125,0.84716796875,-0.333740234375,Mouth open
1713974717.704277,0.46337890625,0.84130859375,-0.3349609375,Mouth open
1713974717.748031,0.466064453125,0.844970703125,-0.33251953125,Mouth open
1713974717.782517,0.468017578125,0.84521484375,-0.336669921875,Mouth open
1713974717.828387,0.464599609375,0.84423828125,-0.335693359375,Mouth open
1713974717.866948,0.46533203125,0.84423828125,-0.3330078125,Mouth open
1713974717.909353,0.4619140625,0.84716796875,-0.3359375,Mouth open
1713974717.944026,0.462646484375,0.8447265625,-0.333740234375,Mouth open
1713974717.984644,0.463134765625,0.849853515625,-0.3388671875,Mouth open
1713974718.02351,0.45654296875,0.84765625,-0.338623046875,Mouth open
1713974718.06456,0.461669921875,0.849365234375,-0.341552734375,Mouth open
1713974718.104798,0.4560546875,0.844970703125,-0.33837890625,Mouth open
1713974718.144008,0.459716796875,0.8486328125,-0.3427734375,Mouth open
1713974718.184913,0.4609375,0.845458984375,-0.3388671875,Mouth open
1713974718.224424,0.45947265625,0.841796875,-0.34228515625,Mouth open
1713974718.262654,0.4609375,0.843994140625,-0.342529296875,Mouth open
1713974718.302934,0.46044921875,0.842529296875,-0.34033203125,Mouth open
1713974718.342612,0.4599609375,0.84423828125,-0.343994140625,Mouth open
1713974718.383996,0.46240234375,0.8486328125,-0.346435546875,Mouth open
1713974718.424216,0.45751953125,0.843505859375,-0.341796875,Mouth open
1713974718.464433,0.45849609375,0.844970703125,-0.337646484375,Mouth open
1713974718.505131,0.46337890625,0.85009765625,-0.33984375,Mouth open
1713974718.544798,0.458251953125,0.843017578125,-0.34130859375,Mouth open
1713974718.584277,0.4599609375,0.845458984375,-0.337646484375,Mouth open
1713974718.624572,0.45654296875,0.849365234375,-0.3427734375,Mouth open
1713974718.665,0.459716796875,0.845947265625,-0.34619140625,Mouth open
1713974718.705062,0.45458984375,0.845703125,-0.343505859375,Mouth open
1713974718.745493,0.45654296875,0.848388671875,-0.343017578125,Mouth open
1713974718.786816,0.455322265625,0.849609375,-0.34912109375,Mouth open
1713974718.826707,0.453857421875,0.840576171875,-0.344482421875,Mouth open
1713974718.86388,0.456298828125,0.844482421875,-0.34765625,Mouth open
1713974718.902526,0.4541015625,0.845458984375,-0.34716796875,Mouth open
1713974718.947919,0.454833984375,0.84521484375,-0.34326171875,Mouth open
1713974718.991051,0.4560546875,0.847412109375,-0.3427734375,Mouth open
1713974719.023474,0.461181640625,0.846435546875,-0.34130859375,Mouth open
1713974719.06506,0.45947265625,0.8427734375,-0.3388671875,Mouth open
1713974719.112029,0.46240234375,0.846435546875,-0.339599609375,Mouth open
1713974719.147104,0.460693359375,0.8466796875,-0.337646484375,Mouth open
1713974719.18459,0.457763671875,0.843017578125,-0.343505859375,Mouth open
1713974719.23519,0.458251953125,0.844970703125,-0.3447265625,Mouth open
1713974719.265503,0.457763671875,0.845703125,-0.3427734375,Mouth open
1713974719.314745,0.4580078125,0.844970703125,-0.3486328125,Mouth open
1713974719.345782,0.46044921875,0.843994140625,-0.345947265625,Mouth open
1713974719.390436,0.459228515625,0.843017578125,-0.3466796875,Mouth open
1713974719.433616,0.45751953125,0.8408203125,-0.34912109375,Mouth open
1713974719.475286,0.45947265625,0.84423828125,-0.349365234375,Mouth open
1713974719.505915,0.453857421875,0.84375,-0.352294921875,Mouth open
1713974719.547235,0.454833984375,0.841796875,-0.3515625,Mouth open
1713974719.584778,0.45361328125,0.8427734375,-0.352294921875,Mouth open
1713974719.636101,0.459228515625,0.84326171875,-0.349609375,Mouth open
1713974719.667135,0.45556640625,0.844482421875,-0.351318359375,Mouth open
1713974719.716872,0.46044921875,0.847412109375,-0.346435546875,Mouth open
1713974719.746666,0.454345703125,0.84423828125,-0.34326171875,Mouth open
1713974719.790905,0.456787109375,0.843994140625,-0.346435546875,Mouth open
1713974719.82784,0.457275390625,0.847412109375,-0.34619140625,Mouth open
1713974719.879204,0.458740234375,0.85009765625,-0.3447265625,Mouth open
1713974719.907436,0.458740234375,0.845947265625,-0.346923828125,Mouth open
1713974719.953958,0.46044921875,0.842529296875,-0.3447265625,Mouth open
1713974719.987574,0.459228515625,0.847412109375,-0.349365234375,Mouth open
1713974720.028933,0.457763671875,0.842041015625,-0.345458984375,Mouth open
1713974720.072222,0.456787109375,0.845458984375,-0.348876953125,Mouth open
1713974720.117307,0.45556640625,0.845703125,-0.350341796875,Mouth open
1713974720.150067,0.45458984375,0.8427734375,-0.346435546875,Mouth open
1713974720.204387,0.455078125,0.84423828125,-0.346435546875,Mouth open
1713974720.225948,0.4658203125,0.85009765625,-0.353759765625,Mouth open
1713974720.266624,0.460205078125,0.842529296875,-0.34619140625,Mouth open
1713974720.306395,0.459716796875,0.84375,-0.33984375,Mouth open
1713974720.35041,0.459228515625,0.84521484375,-0.34130859375,Mouth open
1713974720.388514,0.457763671875,0.843505859375,-0.343017578125,Mouth open
1713974720.428195,0.4560546875,0.845947265625,-0.343994140625,Mouth open
1713974720.468696,0.45751953125,0.8466796875,-0.343017578125,Mouth open
1713974720.51549,0.461181640625,0.845947265625,-0.346923828125,Mouth open
1713974720.548614,0.4541015625,0.845458984375,-0.341552734375,Mouth open
1713974720.604701,0.456787109375,0.845703125,-0.349365234375,Mouth open
1713974720.641013,0.4599609375,0.84814453125,-0.34521484375,Mouth open
1713974720.683155,0.45458984375,0.84326171875,-0.347412109375,Mouth open
1713974720.709763,0.45654296875,0.843505859375,-0.349853515625,Mouth open
1713974720.749382,0.454345703125,0.844970703125,-0.349609375,Mouth open
1713974720.791737,0.456787109375,0.84423828125,-0.346923828125,Mouth open
1713974720.828997,0.455078125,0.845703125,-0.349609375,Mouth open
1713974720.868949,0.455810546875,0.844970703125,-0.351318359375,Mouth open
1713974720.907454,0.45263671875,0.841552734375,-0.343505859375,Mouth open
1713974720.947545,0.458740234375,0.849853515625,-0.345703125,Mouth open
1713974720.988381,0.456787109375,0.846435546875,-0.34375,Mouth open
1713974721.028939,0.455078125,0.84619140625,-0.343505859375,Mouth open
1713974721.069275,0.4541015625,0.84423828125,-0.347900390625,Mouth open
1713974721.1121,0.45654296875,0.8466796875,-0.34619140625,Mouth open
1713974721.149704,0.452880859375,0.84716796875,-0.345947265625,Mouth open
1713974721.189662,0.4560546875,0.845458984375,-0.3447265625,Mouth open
1713974721.229856,0.45703125,0.84765625,-0.35009765625,Mouth open
1713974721.269452,0.45654296875,0.84521484375,-0.34716796875,Mouth open
1713974721.314589,0.45458984375,0.843505859375,-0.34765625,Mouth open
1713974721.349615,0.458251953125,0.843994140625,-0.345703125,Mouth open
1713974721.394618,0.453857421875,0.8408203125,-0.34521484375,Mouth open
1713974721.432105,0.457763671875,0.845458984375,-0.34765625,Mouth open
1713974721.47269,0.45263671875,0.8427734375,-0.34765625,Mouth open
1713974721.509292,0.459228515625,0.8447265625,-0.348388671875,Mouth open
1713974721.547441,0.452880859375,0.846923828125,-0.33984375,Mouth open
1713974721.589568,0.46044921875,0.84521484375,-0.34326171875,Mouth open
1713974721.628459,0.454345703125,0.84326171875,-0.34423828125,Mouth open
1713974721.669831,0.45751953125,0.846435546875,-0.3427734375,Mouth open
1713974721.70944,0.45556640625,0.84814453125,-0.34619140625,Mouth open
1713974721.749565,0.45458984375,0.849609375,-0.34228515625,Mouth open
1713974721.795155,0.453369140625,0.846923828125,-0.346923828125,Mouth open
1713974721.831455,0.459716796875,0.84619140625,-0.34326171875,Mouth open
1713974721.872028,0.459228515625,0.84814453125,-0.345947265625,Mouth open
1713974721.91298,0.4609375,0.844482421875,-0.34619140625,Mouth open
1713974721.964014,0.456787109375,0.843017578125,-0.348388671875,Mouth open
1713974721.992695,0.458984375,0.84375,-0.348388671875,Mouth open
1713974722.038624,0.457763671875,0.83984375,-0.350341796875,Mouth open
1713974722.070408,0.45751953125,0.840576171875,-0.349365234375,Mouth open
1713974722.121791,0.459228515625,0.84326171875,-0.3466796875,Mouth open
1713974722.149339,0.45556640625,0.841796875,-0.3466796875,Mouth open
1713974722.200572,0.4609375,0.846435546875,-0.3505859375,Mouth open
1713974722.229457,0.4580078125,0.83984375,-0.3466796875,Mouth open
1713974722.27392,0.459228515625,0.84326171875,-0.345947265625,Mouth open
1713974722.315447,0.458740234375,0.8408203125,-0.348388671875,Mouth open
1713974722.350952,0.455810546875,0.84033203125,-0.34765625,Mouth open
1713974722.3935,0.459228515625,0.843505859375,-0.352294921875,Mouth open
1713974722.432614,0.457275390625,0.84765625,-0.3466796875,Mouth open
1713974722.471462,0.45654296875,0.8447265625,-0.352294921875,Mouth open
1713974722.512011,0.45849609375,0.841064453125,-0.352294921875,Mouth open
1713974722.550697,0.45849609375,0.846923828125,-0.357421875,Mouth open
1713974722.593227,0.455322265625,0.840576171875,-0.352783203125,Mouth open
1713974722.631403,0.453125,0.84521484375,-0.353759765625,Mouth open
1713974722.672296,0.456298828125,0.84521484375,-0.35205078125,Mouth open
1713974722.712818,0.4560546875,0.8408203125,-0.351806640625,Mouth open
1713974722.75179,0.455810546875,0.841064453125,-0.353271484375,Mouth open
1713974722.791412,0.457275390625,0.843994140625,-0.34619140625,Mouth open
1713974722.829743,0.453125,0.846923828125,-0.347412109375,Mouth open
1713974722.874813,0.457763671875,0.84521484375,-0.347412109375,Mouth open
1713974722.910406,0.455810546875,0.841796875,-0.34375,Mouth open
1713974722.951805,0.4619140625,0.84619140625,-0.34716796875,Mouth open
1713974722.991295,0.4560546875,0.842529296875,-0.345947265625,Mouth open
1713974723.033291,0.456298828125,0.8408203125,-0.34765625,Mouth open
1713974723.071741,0.45849609375,0.84423828125,-0.3447265625,Mouth open
1713974723.111628,0.455322265625,0.84521484375,-0.343994140625,Mouth open
1713974723.153884,0.455078125,0.84423828125,-0.34814453125,Mouth open
1713974723.192744,0.46240234375,0.845703125,-0.350830078125,Mouth open
1713974723.233466,0.458984375,0.843017578125,-0.352783203125,Mouth open
1713974723.273341,0.454833984375,0.84228515625,-0.3515625,Mouth open
1713974723.314798,0.45458984375,0.840576171875,-0.35498046875,Mouth open
1713974723.353335,0.4541015625,0.839599609375,-0.35498046875,Mouth open
1713974723.392963,0.452880859375,0.84130859375,-0.356689453125,Mouth open
1713974723.432153,0.455810546875,0.8427734375,-0.35546875,Mouth open
1713974723.473435,0.454345703125,0.843505859375,-0.352783203125,Mouth open
1713974723.510925,0.461669921875,0.8447265625,-0.35546875,Mouth open
1713974723.551995,0.46044921875,0.839111328125,-0.35595703125,Mouth open
1713974723.590849,0.459228515625,0.843505859375,-0.349853515625,Mouth open
1713974723.630474,0.459228515625,0.84228515625,-0.352783203125,Mouth open
1713974723.676097,0.4541015625,0.839111328125,-0.35107421875,Mouth open
1713974723.713149,0.455078125,0.838134765625,-0.352783203125,Mouth open
1713974723.753862,0.455810546875,0.841796875,-0.354248046875,Mouth open
1713974723.792508,0.456298828125,0.841552734375,-0.3564453125,Mouth open
1713974723.832854,0.45654296875,0.839111328125,-0.3505859375,Mouth open
1713974723.871896,0.458740234375,0.84423828125,-0.358154296875,Mouth open
1713974723.922829,0.450927734375,0.838623046875,-0.351318359375,Mouth open
1713974723.952355,0.454345703125,0.840087890625,-0.355712890625,Mouth open
1713974724.000964,0.452880859375,0.842529296875,-0.3564453125,Mouth open
1713974724.040211,0.4541015625,0.839599609375,-0.3564453125,Mouth open
1713974724.08208,0.454833984375,0.841552734375,-0.35400390625,Mouth open
1713974724.111375,0.452392578125,0.844970703125,-0.349853515625,Mouth open
1713974724.160588,0.463134765625,0.847412109375,-0.352294921875,Mouth open
1713974724.190381,0.4609375,0.839599609375,-0.352783203125,Mouth open
1713974724.235671,0.45654296875,0.84375,-0.3447265625,Mouth open
1713974724.272319,0.457275390625,0.84423828125,-0.35009765625,Mouth open
1713974724.313124,0.45556640625,0.841796875,-0.3447265625,Mouth open
1713974724.355602,0.456298828125,0.84375,-0.350341796875,Mouth open
1713974724.397806,0.455322265625,0.8447265625,-0.34912109375,Mouth open
1713974724.433115,0.461669921875,0.843994140625,-0.3525390625,Mouth open
1713974724.476848,0.451904296875,0.842041015625,-0.34765625,Mouth open
1713974724.51253,0.4541015625,0.8486328125,-0.353271484375,Mouth open
1713974724.561298,0.456787109375,0.84326171875,-0.35107421875,Mouth open
1713974724.599503,0.4541015625,0.840576171875,-0.353759765625,Mouth open
1713974724.634915,0.4521484375,0.8447265625,-0.355712890625,Mouth open
1713974724.677712,0.4521484375,0.84130859375,-0.3544921875,Mouth open
1713974724.717112,0.453125,0.841796875,-0.353759765625,Mouth open
1713974724.754796,0.453369140625,0.8427734375,-0.353515625,Mouth open
1713974724.794385,0.455078125,0.847412109375,-0.354248046875,Mouth open
1713974724.832446,0.4560546875,0.84130859375,-0.352294921875,Mouth open
1713974724.87354,0.455078125,0.84423828125,-0.3447265625,Mouth open
1713974724.913448,0.4560546875,0.847412109375,-0.3515625,Mouth open
1713974724.953339,0.45263671875,0.8427734375,-0.346923828125,Mouth open
1713974724.994588,0.45263671875,0.84521484375,-0.3505859375,Mouth open
1713974725.034502,0.453857421875,0.845458984375,-0.35009765625,Mouth open
1713974725.074631,0.456298828125,0.8447265625,-0.349853515625,Mouth open
1713974725.119387,0.454345703125,0.84130859375,-0.349853515625,Mouth open
1713974725.156838,0.45703125,0.845703125,-0.353271484375,Mouth open
1713974725.197077,0.45654296875,0.8486328125,-0.350341796875,Mouth open
1713974725.236441,0.452880859375,0.84228515625,-0.35302734375,Mouth open
1713974725.276733,0.45556640625,0.841796875,-0.351806640625,Mouth open
1713974725.31626,0.45361328125,0.842041015625,-0.3544921875,Mouth open
1713974725.356387,0.451904296875,0.842041015625,-0.3515625,Mouth open
1713974725.395246,0.45263671875,0.843505859375,-0.35107421875,Mouth open
1713974725.436408,0.455810546875,0.84521484375,-0.355712890625,Mouth open
1713974725.47284,0.454345703125,0.844970703125,-0.35107421875,Mouth open
1713974725.513639,0.453125,0.84326171875,-0.342529296875,Mouth open
1713974725.553605,0.457763671875,0.848388671875,-0.34765625,Mouth open
1713974725.597278,0.454345703125,0.846435546875,-0.344482421875,Mouth open
1713974725.635697,0.455078125,0.84375,-0.3515625,Mouth open
1713974725.676097,0.455078125,0.84716796875,-0.348876953125,Mouth open
1713974725.714395,0.45751953125,0.8427734375,-0.3515625,Mouth open
1713974725.756242,0.4501953125,0.843017578125,-0.348388671875,Mouth open
1713974725.796221,0.458251953125,0.84619140625,-0.350341796875,Mouth open
1713974725.834853,0.456787109375,0.843994140625,-0.349853515625,Mouth open
1713974725.880923,0.4541015625,0.845947265625,-0.3525390625,Mouth open
1713974725.917322,0.455078125,0.8466796875,-0.351806640625,Mouth open
1713974725.957754,0.449462890625,0.843017578125,-0.353515625,Mouth open
1713974725.99537,0.455078125,0.84228515625,-0.3525390625,Mouth open
1713974726.035663,0.45703125,0.845458984375,-0.353759765625,Mouth open
1713974726.073241,0.450927734375,0.84521484375,-0.34912109375,Mouth open
1713974726.114515,0.456298828125,0.8447265625,-0.35107421875,Mouth open
1713974726.154089,0.4501953125,0.8447265625,-0.3427734375,Mouth open
1713974726.194385,0.455078125,0.84765625,-0.350341796875,Mouth open
1713974726.234871,0.452392578125,0.84423828125,-0.3447265625,Mouth open
1713974726.286141,0.45166015625,0.84716796875,-0.347900390625,Mouth open
1713974726.314641,0.456298828125,0.847412109375,-0.344970703125,Mouth open
1713974726.359049,0.453125,0.8427734375,-0.345703125,Mouth open
1713974726.40137,0.454833984375,0.848388671875,-0.34912109375,Mouth open
1713974726.443144,0.455810546875,0.848388671875,-0.349365234375,Mouth open
1713974726.480346,0.456787109375,0.850830078125,-0.349853515625,Mouth open
1713974726.520063,0.45361328125,0.84521484375,-0.346435546875,Mouth open
1713974726.558591,0.456787109375,0.841796875,-0.3505859375,Mouth open
1713974726.597685,0.45361328125,0.8447265625,-0.349853515625,Mouth open
1713974726.637654,0.451416015625,0.8427734375,-0.350830078125,Mouth open
1713974726.678337,0.4541015625,0.846923828125,-0.3505859375,Mouth open
1713974726.716591,0.451904296875,0.847412109375,-0.345947265625,Mouth open
1713974726.755769,0.454833984375,0.8447265625,-0.351318359375,Mouth open
1713974726.795532,0.455810546875,0.84130859375,-0.348876953125,Mouth open
1713974726.836898,0.45947265625,0.848876953125,-0.3486328125,Mouth open
1713974726.881771,0.45458984375,0.843505859375,-0.34814453125,Mouth open
1713974726.918045,0.4521484375,0.84423828125,-0.352294921875,Mouth open
1713974726.960827,0.4541015625,0.84765625,-0.3486328125,Mouth open
1713974726.999514,0.45361328125,0.84375,-0.345703125,Mouth open
1713974727.037608,0.451171875,0.841796875,-0.351318359375,Mouth open
1713974727.077349,0.45654296875,0.845947265625,-0.353759765625,Mouth open
1713974727.117655,0.455810546875,0.844482421875,-0.35400390625,Mouth open
1713974727.158567,0.45458984375,0.842041015625,-0.35400390625,Mouth open
1713974727.199747,0.455078125,0.84228515625,-0.357666015625,Mouth open
1713974727.239563,0.45361328125,0.83984375,-0.356689453125,Mouth open
1713974727.27861,0.4501953125,0.840576171875,-0.35498046875,Mouth open
1713974727.318373,0.455078125,0.842529296875,-0.356689453125,Mouth open
1713974727.357666,0.450439453125,0.8427734375,-0.3564453125,Mouth open
1713974727.397127,0.451904296875,0.838623046875,-0.353515625,Mouth open
1713974727.43639,0.45068359375,0.841796875,-0.35009765625,Mouth open
1713974727.478505,0.4599609375,0.847900390625,-0.35205078125,Mouth open
1713974727.517204,0.45166015625,0.84130859375,-0.353515625,Mouth open
1713974727.558242,0.4541015625,0.843994140625,-0.35009765625,Mouth open
1713974727.597876,0.453369140625,0.845703125,-0.350830078125,Mouth open
1713974727.638199,0.4541015625,0.842529296875,-0.353759765625,Mouth open
1713974727.678317,0.4521484375,0.84228515625,-0.353515625,Mouth open
1713974727.71833,0.454833984375,0.844482421875,-0.355224609375,Mouth open
1713974727.759505,0.455078125,0.8427734375,-0.352783203125,Mouth open
1713974727.799334,0.453369140625,0.843017578125,-0.3544921875,Mouth open
1713974727.839287,0.453125,0.843505859375,-0.353515625,Mouth open
1713974727.879314,0.451171875,0.8427734375,-0.356689453125,Mouth open
1713974727.919342,0.45263671875,0.8447265625,-0.35302734375,Mouth open
1713974727.960516,0.453125,0.844482421875,-0.353759765625,Mouth open
1713974727.999228,0.454345703125,0.84765625,-0.353515625,Mouth open
1713974728.039136,0.45556640625,0.83984375,-0.35400390625,Mouth open
1713974728.078717,0.449462890625,0.842041015625,-0.345947265625,Mouth open
1713974728.124352,0.456298828125,0.847900390625,-0.352294921875,Mouth open
1713974728.157186,0.452880859375,0.84423828125,-0.34814453125,Mouth open
1713974728.200028,0.45166015625,0.84423828125,-0.351318359375,Mouth open
1713974728.238554,0.453369140625,0.84326171875,-0.35302734375,Mouth open
1713974728.279244,0.454345703125,0.84228515625,-0.353759765625,Mouth open
1713974728.320479,0.45068359375,0.843505859375,-0.352783203125,Mouth open
1713974728.360585,0.453369140625,0.845458984375,-0.3564453125,Mouth open
1713974728.39994,0.45263671875,0.84521484375,-0.35986328125,Mouth open
1713974728.440385,0.452880859375,0.840087890625,-0.35546875,Mouth open
1713974728.481306,0.450927734375,0.842529296875,-0.358642578125,Mouth open
1713974728.521658,0.451416015625,0.844482421875,-0.360107421875,Mouth open
1713974728.560536,0.448974609375,0.83984375,-0.35986328125,Mouth open
1713974728.600902,0.451416015625,0.842529296875,-0.35888671875,Mouth open
1713974728.640299,0.447265625,0.84423828125,-0.3583984375,Mouth open
1713974728.678368,0.454345703125,0.8466796875,-0.358642578125,Mouth open
1713974728.718358,0.451171875,0.84375,-0.354736328125,Mouth open
1713974728.760336,0.455810546875,0.844970703125,-0.350830078125,Mouth open
1713974728.798239,0.451416015625,0.845947265625,-0.3564453125,Mouth open
1713974728.859771,0.448974609375,0.843017578125,-0.354248046875,Mouth open
1713974728.883988,0.451904296875,0.839599609375,-0.354736328125,Mouth open
1713974728.931764,0.454833984375,0.845947265625,-0.355224609375,Mouth open
1713974728.961819,0.455322265625,0.843994140625,-0.358642578125,Mouth open
1713974729.012529,0.451171875,0.844970703125,-0.351318359375,Mouth closed
1713974729.041963,0.453857421875,0.845703125,-0.357666015625,Mouth closed
1713974729.093195,0.452392578125,0.842041015625,-0.356201171875,Mouth closed
1713974729.120986,0.45166015625,0.841064453125,-0.35888671875,Mouth closed
1713974729.166952,0.45166015625,0.843017578125,-0.356689453125,Mouth closed
1713974729.203212,0.4482421875,0.842529296875,-0.357177734375,Mouth closed
1713974729.249033,0.448486328125,0.84375,-0.3564453125,Mouth closed
1713974729.282289,0.45263671875,0.845947265625,-0.356201171875,Mouth closed
1713974729.32496,0.449462890625,0.844970703125,-0.353271484375,Mouth closed
1713974729.363188,0.453369140625,0.847412109375,-0.35498046875,Mouth closed
1713974729.405426,0.451416015625,0.841064453125,-0.3515625,Mouth closed
1713974729.441845,0.45556640625,0.84521484375,-0.35302734375,Mouth closed
1713974729.48108,0.4521484375,0.84423828125,-0.354248046875,Mouth closed
1713974729.521949,0.45068359375,0.846435546875,-0.354248046875,Mouth closed
1713974729.561232,0.45263671875,0.847900390625,-0.35498046875,Mouth closed
1713974729.602271,0.448974609375,0.848876953125,-0.356201171875,Mouth closed
1713974729.642142,0.455078125,0.841796875,-0.35693359375,Mouth closed
1713974729.682132,0.451171875,0.84033203125,-0.355224609375,Mouth closed
1713974729.722903,0.453857421875,0.84716796875,-0.359619140625,Mouth closed
1713974729.76327,0.45361328125,0.841796875,-0.355224609375,Mouth closed
1713974729.804134,0.4404296875,0.837158203125,-0.3662109375,Mouth closed
1713974729.843714,0.4521484375,0.843505859375,-0.359619140625,Mouth closed
1713974729.883578,0.44921875,0.842529296875,-0.357177734375,Mouth closed
1713974729.92412,0.446044921875,0.83935546875,-0.3583984375,Mouth closed
1713974729.965989,0.447998046875,0.84521484375,-0.35205078125,Mouth closed
1713974730.006802,0.4375,0.845458984375,-0.35791015625,Mouth closed
1713974730.045703,0.45068359375,0.84912109375,-0.3583984375,Mouth closed
1713974730.081813,0.44287109375,0.844970703125,-0.35009765625,Mouth closed
1713974730.123814,0.44775390625,0.85009765625,-0.34033203125,Mouth closed
1713974730.163321,0.451171875,0.851318359375,-0.343017578125,Mouth closed
1713974730.202374,0.455078125,0.85400390625,-0.332275390625,Mouth closed
1713974730.242399,0.45361328125,0.850830078125,-0.33349609375,Mouth closed
1713974730.285247,0.455322265625,0.851806640625,-0.328369140625,Mouth closed
1713974730.323762,0.456787109375,0.850830078125,-0.333984375,Mouth closed
1713974730.363241,0.45654296875,0.852783203125,-0.3291015625,Mouth closed
1713974730.404423,0.4580078125,0.853759765625,-0.33154296875,Mouth closed
1713974730.444193,0.45849609375,0.85205078125,-0.329345703125,Mouth closed
1713974730.485211,0.45703125,0.8515625,-0.327392578125,Mouth closed
1713974730.524223,0.45556640625,0.8544921875,-0.32568359375,Mouth closed
1713974730.564155,0.456298828125,0.846923828125,-0.321533203125,Mouth closed
1713974730.605418,0.45751953125,0.851806640625,-0.326904296875,Mouth closed
1713974730.645643,0.4677734375,0.85400390625,-0.31494140625,Mouth closed
1713974730.683428,0.466796875,0.851318359375,-0.314453125,Mouth closed
1713974730.7243,0.47216796875,0.852294921875,-0.309814453125,Mouth closed
1713974730.764026,0.471923828125,0.851806640625,-0.303466796875,Mouth closed
1713974730.803454,0.477294921875,0.856689453125,-0.305908203125,Mouth closed
1713974730.844423,0.46923828125,0.855224609375,-0.291259765625,Mouth closed
1713974730.888072,0.470947265625,0.85498046875,-0.29931640625,Mouth closed
1713974730.925166,0.468017578125,0.859619140625,-0.29052734375,Mouth closed
1713974730.966249,0.474853515625,0.864501953125,-0.2890625,Mouth closed
1713974731.005613,0.46875,0.86083984375,-0.297119140625,Mouth closed
1713974731.048315,0.468994140625,0.85693359375,-0.293701171875,Mouth closed
1713974731.085346,0.469970703125,0.861328125,-0.291748046875,Mouth closed
1713974731.126226,0.465087890625,0.859619140625,-0.30224609375,Mouth closed
1713974731.166948,0.46484375,0.86328125,-0.291748046875,Mouth closed
1713974731.206134,0.459228515625,0.863525390625,-0.294677734375,Mouth closed
1713974731.251666,0.455322265625,0.863037109375,-0.30908203125,Mouth closed
1713974731.286015,0.445556640625,0.85791015625,-0.30224609375,Mouth closed
1713974731.324666,0.45703125,0.868408203125,-0.300537109375,Mouth closed
1713974731.364673,0.45458984375,0.868896484375,-0.300537109375,Mouth closed
1713974731.410217,0.452880859375,0.86328125,-0.2998046875,Mouth closed
1713974731.44794,0.454833984375,0.86474609375,-0.304443359375,Mouth closed
1713974731.48785,0.45654296875,0.861328125,-0.298095703125,Mouth closed
1713974731.525134,0.45458984375,0.861328125,-0.3037109375,Mouth closed
1713974731.565177,0.45556640625,0.863525390625,-0.30517578125,Mouth closed
1713974731.605858,0.458740234375,0.860595703125,-0.30810546875,Mouth closed
1713974731.651913,0.454833984375,0.861083984375,-0.30517578125,Mouth closed
1713974731.686098,0.456298828125,0.8642578125,-0.302490234375,Mouth closed
1713974731.733019,0.456298828125,0.865234375,-0.3076171875,Mouth closed
1713974731.766486,0.458984375,0.861572265625,-0.302001953125,Mouth closed
1713974731.811153,0.454833984375,0.861572265625,-0.30419921875,Mouth closed
1713974731.853431,0.451416015625,0.859375,-0.3037109375,Mouth closed
1713974731.893251,0.453369140625,0.86279296875,-0.304931640625,Mouth closed
1713974731.931419,0.45703125,0.869140625,-0.30712890625,Mouth closed
1713974731.971751,0.4541015625,0.8603515625,-0.31298828125,Mouth closed
1713974732.006601,0.448974609375,0.861083984375,-0.306640625,Mouth closed
1713974732.046971,0.45068359375,0.864990234375,-0.3115234375,Mouth closed
1713974732.085196,0.4501953125,0.864501953125,-0.309814453125,Mouth closed
1713974732.134384,0.446533203125,0.86083984375,-0.314697265625,Mouth closed
1713974732.166914,0.449951171875,0.863037109375,-0.319091796875,Mouth closed
1713974732.211211,0.4482421875,0.862060546875,-0.32470703125,Mouth closed
1713974732.254568,0.440185546875,0.857666015625,-0.3251953125,Mouth closed
1713974732.287572,0.4462890625,0.86474609375,-0.322998046875,Mouth closed
1713974732.333076,0.445068359375,0.85888671875,-0.326171875,Mouth closed
1713974732.374289,0.44580078125,0.85888671875,-0.330078125,Mouth closed
1713974732.412137,0.44287109375,0.857666015625,-0.330810546875,Mouth closed
1713974732.447391,0.44189453125,0.857666015625,-0.3271484375,Mouth closed
1713974732.49053,0.445068359375,0.85693359375,-0.325927734375,Mouth closed
1713974732.531595,0.449462890625,0.862548828125,-0.333251953125,Mouth closed
1713974732.569102,0.446533203125,0.858642578125,-0.330322265625,Mouth closed
1713974732.60832,0.445556640625,0.85888671875,-0.32080078125,Mouth closed
1713974732.646661,0.44873046875,0.861328125,-0.325439453125,Mouth closed
1713974732.686222,0.447265625,0.856689453125,-0.31982421875,Mouth closed
1713974732.726738,0.45068359375,0.859619140625,-0.322998046875,Mouth closed
1713974732.768136,0.450439453125,0.8623046875,-0.319580078125,Mouth closed
1713974732.807056,0.450927734375,0.86083984375,-0.326171875,Mouth closed
1713974732.847084,0.447265625,0.857666015625,-0.31982421875,Mouth closed
1713974732.887082,0.45068359375,0.861572265625,-0.32080078125,Mouth closed
1713974732.928224,0.44873046875,0.85986328125,-0.3212890625,Mouth closed
1713974732.967742,0.448974609375,0.860107421875,-0.319580078125,Mouth closed
1713974733.011899,0.449462890625,0.862060546875,-0.322509765625,Mouth closed
1713974733.048776,0.448974609375,0.859375,-0.3232421875,Mouth closed
1713974733.089935,0.4462890625,0.858642578125,-0.322998046875,Mouth closed
1713974733.129044,0.453857421875,0.861083984375,-0.326416015625,Mouth closed
1713974733.169012,0.447021484375,0.853515625,-0.322021484375,Mouth closed
1713974733.209321,0.450927734375,0.860595703125,-0.322998046875,Mouth closed
1713974733.250443,0.4501953125,0.861328125,-0.321533203125,Mouth closed
1713974733.289157,0.44775390625,0.862060546875,-0.32275390625,Mouth closed
1713974733.335373,0.44775390625,0.859130859375,-0.324462890625,Mouth closed
1713974733.36846,0.44873046875,0.862060546875,-0.321533203125,Mouth closed
1713974733.408386,0.4501953125,0.8564453125,-0.32470703125,Mouth closed
1713974733.449112,0.44775390625,0.859619140625,-0.322021484375,Mouth closed
1713974733.49127,0.450439453125,0.8642578125,-0.3232421875,Mouth closed
1713974733.529586,0.448486328125,0.86328125,-0.31884765625,Mouth closed
1713974733.570314,0.447998046875,0.862060546875,-0.31982421875,Mouth closed
1713974733.610024,0.447509765625,0.860107421875,-0.325439453125,Mouth closed
1713974733.653058,0.447509765625,0.860107421875,-0.3203125,Mouth closed
1713974733.691378,0.446533203125,0.85888671875,-0.319091796875,Mouth closed
1713974733.730144,0.456298828125,0.8623046875,-0.32470703125,Mouth closed
1713974733.776659,0.45068359375,0.859619140625,-0.322998046875,Mouth closed
1713974733.813573,0.455322265625,0.863037109375,-0.318603515625,Mouth closed
1713974733.854292,0.449951171875,0.859130859375,-0.319091796875,Mouth closed
1713974733.892425,0.451904296875,0.856201171875,-0.320556640625,Mouth closed
1713974733.93161,0.451416015625,0.856201171875,-0.322509765625,Mouth closed
1713974733.968995,0.447998046875,0.85888671875,-0.32177734375,Mouth closed
1713974734.022993,0.451171875,0.855224609375,-0.326416015625,Mouth closed
1713974734.052294,0.452392578125,0.857666015625,-0.32421875,Mouth closed
1713974734.102229,0.4521484375,0.855712890625,-0.32568359375,Mouth closed
1713974734.130391,0.448974609375,0.8564453125,-0.32470703125,Mouth closed
1713974734.17549,0.4501953125,0.857421875,-0.329345703125,Mouth closed
1713974734.21694,0.44921875,0.85400390625,-0.33056640625,Mouth closed
1713974734.253783,0.44921875,0.85498046875,-0.327392578125,Mouth closed
1713974734.297578,0.448974609375,0.8544921875,-0.32763671875,Mouth closed
1713974734.332746,0.455322265625,0.85791015625,-0.329345703125,Mouth closed
1713974734.375688,0.453369140625,0.855712890625,-0.32763671875,Mouth closed
1713974734.417393,0.460205078125,0.859130859375,-0.324462890625,Mouth closed
1713974734.454562,0.45068359375,0.853515625,-0.3232421875,Mouth closed
1713974734.495986,0.453125,0.854248046875,-0.3251953125,Mouth closed
1713974734.533605,0.451904296875,0.85693359375,-0.3271484375,Mouth closed
1713974734.573214,0.449951171875,0.853271484375,-0.323974609375,Mouth closed
1713974734.612961,0.4482421875,0.852783203125,-0.32421875,Mouth closed
1713974734.661314,0.455078125,0.859375,-0.323974609375,Mouth closed
1713974734.697021,0.4501953125,0.85693359375,-0.326904296875,Mouth closed
1713974734.738183,0.4501953125,0.855712890625,-0.326171875,Mouth closed
1713974734.776364,0.451416015625,0.855224609375,-0.328857421875,Mouth closed
1713974734.815012,0.448974609375,0.8544921875,-0.330322265625,Mouth closed
1713974734.853058,0.4482421875,0.853759765625,-0.3251953125,Mouth closed
1713974734.892958,0.450927734375,0.857177734375,-0.324462890625,Mouth closed
1713974734.932942,0.451171875,0.85791015625,-0.32373046875,Mouth closed
1713974734.973669,0.450927734375,0.857666015625,-0.321533203125,Mouth closed
1713974735.013153,0.45654296875,0.857666015625,-0.32373046875,Mouth closed
1713974735.052953,0.451904296875,0.854248046875,-0.317626953125,Mouth closed
1713974735.09331,0.453125,0.855712890625,-0.322509765625,Mouth closed
1713974735.135873,0.453369140625,0.858154296875,-0.32275390625,Mouth closed
1713974735.173972,0.451416015625,0.855712890625,-0.322998046875,Mouth closed
1713974735.214955,0.447265625,0.85595703125,-0.322265625,Mouth closed
1713974735.254459,0.45068359375,0.860595703125,-0.32568359375,Mouth closed
1713974735.294836,0.451416015625,0.857666015625,-0.328369140625,Mouth closed
1713974735.334563,0.448486328125,0.855712890625,-0.328369140625,Mouth closed
1713974735.373851,0.452392578125,0.856201171875,-0.3291015625,Mouth closed
1713974735.412102,0.448486328125,0.85498046875,-0.32666015625,Mouth closed
1713974735.453815,0.44775390625,0.85498046875,-0.326416015625,Mouth closed
1713974735.49297,0.445556640625,0.856201171875,-0.33251953125,Mouth closed
1713974735.536539,0.44970703125,0.855712890625,-0.331298828125,Mouth closed
1713974735.577983,0.4462890625,0.85302734375,-0.326416015625,Mouth closed
1713974735.614689,0.453125,0.85595703125,-0.326171875,Mouth closed
1713974735.655551,0.452880859375,0.855712890625,-0.326416015625,Mouth closed
1713974735.696376,0.450439453125,0.8583984375,-0.32275390625,Mouth closed
1713974735.744942,0.450927734375,0.8564453125,-0.327392578125,Mouth closed
1713974735.775273,0.448974609375,0.8564453125,-0.326171875,Mouth closed
1713974735.827493,0.448974609375,0.857177734375,-0.328369140625,Mouth closed
1713974735.855589,0.451904296875,0.85986328125,-0.32666015625,Mouth closed
1713974735.899179,0.45166015625,0.858642578125,-0.328125,Mouth closed
1713974735.941379,0.44677734375,0.857177734375,-0.326904296875,Mouth closed
1713974735.980039,0.451416015625,0.859619140625,-0.32861328125,Mouth closed
1713974736.016487,0.450439453125,0.857666015625,-0.33056640625,Mouth closed
1713974736.056919,0.444580078125,0.85546875,-0.326904296875,Mouth closed
1713974736.092929,0.448486328125,0.857421875,-0.325439453125,Mouth closed
1713974736.136193,0.453369140625,0.85791015625,-0.328369140625,Mouth closed
1713974736.174756,0.450927734375,0.856201171875,-0.3310546875,Mouth closed
1713974736.215883,0.44970703125,0.853271484375,-0.321044921875,Mouth closed
1713974736.257923,0.452392578125,0.859619140625,-0.322509765625,Mouth closed
1713974736.303516,0.450439453125,0.85693359375,-0.322265625,Mouth closed
1713974736.334931,0.446044921875,0.85693359375,-0.32763671875,Mouth closed
1713974736.386616,0.449951171875,0.8564453125,-0.328369140625,Mouth closed
1713974736.415233,0.450439453125,0.857177734375,-0.328125,Mouth closed
1713974736.462313,0.44482421875,0.853271484375,-0.32373046875,Mouth closed
1713974736.49508,0.450927734375,0.8603515625,-0.328125,Mouth closed
1713974736.54496,0.45263671875,0.85791015625,-0.32470703125,Mouth closed
1713974736.574989,0.44970703125,0.856201171875,-0.323486328125,Mouth closed
1713974736.616001,0.447265625,0.8564453125,-0.32568359375,Mouth closed
1713974736.654067,0.44970703125,0.857177734375,-0.327392578125,Mouth closed
1713974736.702994,0.445556640625,0.85302734375,-0.3271484375,Mouth closed
1713974736.741385,0.452392578125,0.856201171875,-0.32421875,Mouth closed
1713974736.782621,0.44970703125,0.858642578125,-0.320068359375,Mouth closed
1713974736.821036,0.4560546875,0.858642578125,-0.318603515625,Mouth closed
1713974736.855615,0.453125,0.85888671875,-0.313720703125,Mouth closed
1713974736.900769,0.45654296875,0.859619140625,-0.31591796875,Mouth closed
1713974736.936321,0.45263671875,0.8603515625,-0.31591796875,Mouth closed
1713974736.978493,0.4501953125,0.857666015625,-0.317138671875,Mouth closed
1713974737.018746,0.45361328125,0.8603515625,-0.3193359375,Mouth closed
1713974737.073962,0.4521484375,0.859375,-0.317626953125,Mouth closed
1713974737.099045,0.4541015625,0.858154296875,-0.3193359375,Mouth closed
1713974737.138225,0.453857421875,0.859375,-0.31982421875,Mouth closed
1713974737.182592,0.45458984375,0.859619140625,-0.322265625,Mouth closed
1713974737.216709,0.451171875,0.858154296875,-0.320068359375,Mouth closed
1713974737.259301,0.44921875,0.8544921875,-0.32177734375,Mouth closed
1713974737.298089,0.4501953125,0.857666015625,-0.32275390625,Mouth closed
1713974737.333879,0.448974609375,0.859619140625,-0.32177734375,Mouth closed
1713974737.37711,0.446533203125,0.859375,-0.32568359375,Mouth closed
1713974737.415333,0.451416015625,0.860107421875,-0.3212890625,Mouth closed
1713974737.453906,0.447998046875,0.862548828125,-0.318603515625,Mouth closed
1713974737.495051,0.452392578125,0.85986328125,-0.31884765625,Mouth closed
1713974737.536723,0.449462890625,0.85546875,-0.3173828125,Mouth closed
1713974737.575135,0.452392578125,0.860595703125,-0.319091796875,Mouth closed
1713974737.615169,0.449462890625,0.857421875,-0.31982421875,Mouth closed
1713974737.655039,0.451416015625,0.858642578125,-0.318115234375,Mouth closed
1713974737.697642,0.453369140625,0.860107421875,-0.3212890625,Mouth closed
1713974737.735855,0.4501953125,0.86181640625,-0.316650390625,Mouth closed
1713974737.778061,0.44921875,0.8623046875,-0.320556640625,Mouth closed
1713974737.817485,0.456787109375,0.86083984375,-0.320068359375,Mouth closed
1713974737.857436,0.452392578125,0.86083984375,-0.31982421875,Mouth closed
1713974737.895299,0.449462890625,0.8544921875,-0.3232421875,Mouth closed
1713974737.933374,0.44970703125,0.85498046875,-0.323486328125,Mouth closed
1713974737.974486,0.451904296875,0.858154296875,-0.324462890625,Mouth closed
1713974738.01679,0.44921875,0.858642578125,-0.322509765625,Mouth closed
1713974738.05396,0.449462890625,0.855712890625,-0.322998046875,Mouth closed
1713974738.096947,0.45166015625,0.8583984375,-0.3251953125,Mouth closed
1713974738.137169,0.4482421875,0.857177734375,-0.326171875,Mouth closed
1713974738.175892,0.447998046875,0.85205078125,-0.32470703125,Mouth closed
1713974738.215033,0.44921875,0.857666015625,-0.322265625,Mouth closed
1713974738.256456,0.45556640625,0.85888671875,-0.323486328125,Mouth closed
1713974738.295842,0.446533203125,0.85400390625,-0.32177734375,Mouth closed
1713974738.336493,0.451904296875,0.85498046875,-0.32470703125,Mouth closed
1713974738.376774,0.452392578125,0.8583984375,-0.32666015625,Mouth closed
1713974738.418348,0.449951171875,0.857421875,-0.328857421875,Mouth closed
1713974738.45696,0.44580078125,0.856689453125,-0.32568359375,Mouth closed
1713974738.497155,0.451416015625,0.859619140625,-0.330810546875,Mouth closed
1713974738.536346,0.448974609375,0.85791015625,-0.32958984375,Mouth closed
1713974738.577582,0.449951171875,0.852294921875,-0.32861328125,Mouth closed
1713974738.616593,0.450927734375,0.856689453125,-0.33056640625,Mouth closed
1713974738.656707,0.44873046875,0.85595703125,-0.331787109375,Mouth closed
1713974738.69566,0.44873046875,0.854248046875,-0.329345703125,Mouth closed
1713974738.738405,0.452392578125,0.857421875,-0.327880859375,Mouth closed
1713974738.777293,0.4462890625,0.859130859375,-0.32666015625,Mouth closed
1713974738.817798,0.450439453125,0.853515625,-0.328857421875,Mouth closed
1713974738.857027,0.44775390625,0.856201171875,-0.327392578125,Mouth closed
1713974738.897549,0.454833984375,0.860595703125,-0.327880859375,Mouth closed
1713974738.937403,0.45166015625,0.855224609375,-0.323486328125,Mouth closed
1713974738.979207,0.452392578125,0.856689453125,-0.324951171875,Mouth closed
1713974739.018326,0.450927734375,0.857666015625,-0.326416015625,Mouth closed
1713974739.059413,0.44775390625,0.857177734375,-0.324951171875,Mouth closed
1713974739.099181,0.447021484375,0.860107421875,-0.326416015625,Mouth closed
1713974739.139022,0.45361328125,0.858154296875,-0.327880859375,Mouth closed
1713974739.178559,0.449462890625,0.85986328125,-0.329345703125,Mouth closed
1713974739.218264,0.448974609375,0.857177734375,-0.329345703125,Mouth closed
1713974739.257785,0.447998046875,0.8603515625,-0.330810546875,Mouth closed
1713974739.299865,0.44677734375,0.858642578125,-0.331787109375,Mouth closed
1713974739.338623,0.4482421875,0.85302734375,-0.332275390625,Mouth closed
1713974739.379291,0.4501953125,0.85498046875,-0.33349609375,Mouth closed
1713974739.420616,0.44921875,0.851806640625,-0.33251953125,Mouth closed
1713974739.458603,0.45654296875,0.853271484375,-0.333251953125,Mouth closed
1713974739.502574,0.454345703125,0.84912109375,-0.32763671875,Mouth closed
1713974739.541165,0.458984375,0.84912109375,-0.323974609375,Mouth closed
1713974739.584778,0.458740234375,0.8525390625,-0.32861328125,Mouth closed
1713974739.620984,0.456787109375,0.85302734375,-0.327880859375,Mouth closed
1713974739.665334,0.45458984375,0.85107421875,-0.328857421875,Mouth closed
1713974739.706745,0.453857421875,0.856201171875,-0.32666015625,Mouth closed
1713974739.746426,0.454833984375,0.85595703125,-0.33154296875,Mouth closed
1713974739.787536,0.448974609375,0.855224609375,-0.32763671875,Mouth closed
1713974739.817849,0.452880859375,0.858154296875,-0.32958984375,Mouth closed
1713974739.867436,0.448974609375,0.8564453125,-0.328369140625,Mouth closed
1713974739.896945,0.448486328125,0.85595703125,-0.328369140625,Mouth closed
1713974739.936074,0.449462890625,0.85595703125,-0.326171875,Mouth closed
1713974739.978362,0.4462890625,0.8564453125,-0.32958984375,Mouth closed
1713974740.016893,0.448974609375,0.8583984375,-0.329833984375,Mouth closed
1713974740.057937,0.448974609375,0.862060546875,-0.326171875,Mouth closed
1713974740.103332,0.4462890625,0.85888671875,-0.3271484375,Mouth closed
1713974740.140331,0.449951171875,0.8525390625,-0.330322265625,Mouth closed
1713974740.181381,0.447509765625,0.852783203125,-0.323974609375,Mouth closed
1713974740.219881,0.455078125,0.859619140625,-0.32568359375,Mouth closed
1713974740.274622,0.4541015625,0.85302734375,-0.326904296875,Mouth closed
1713974740.299536,0.451904296875,0.852783203125,-0.327880859375,Mouth closed
1713974740.345742,0.4521484375,0.85595703125,-0.327392578125,Mouth closed
1713974740.379668,0.451416015625,0.855224609375,-0.32470703125,Mouth closed
1713974740.421591,0.450439453125,0.85400390625,-0.325439453125,Mouth closed
1713974740.458785,0.451416015625,0.855224609375,-0.329833984375,Mouth closed
1713974740.50755,0.450439453125,0.859375,-0.329345703125,Mouth closed
1713974740.54513,0.44873046875,0.8544921875,-0.33251953125,Mouth closed
1713974740.585188,0.44970703125,0.855224609375,-0.330078125,Mouth closed
1713974740.621606,0.452392578125,0.856201171875,-0.328857421875,Mouth closed
1713974740.657422,0.44873046875,0.85546875,-0.330078125,Mouth closed
1713974740.700197,0.44921875,0.85693359375,-0.326904296875,Mouth closed
1713974740.739855,0.452880859375,0.857421875,-0.32763671875,Mouth closed
1713974740.778827,0.446044921875,0.857177734375,-0.326904296875,Mouth closed
1713974740.823176,0.451171875,0.85302734375,-0.32763671875,Mouth closed
1713974740.858846,0.4501953125,0.851806640625,-0.32177734375,Mouth closed
1713974740.897934,0.454833984375,0.858154296875,-0.327392578125,Mouth closed
1713974740.938889,0.44970703125,0.856201171875,-0.322021484375,Mouth closed
1713974740.978754,0.452880859375,0.85986328125,-0.3232421875,Mouth closed
1713974741.020478,0.45458984375,0.8583984375,-0.325927734375,Mouth closed
1713974741.061183,0.449462890625,0.85791015625,-0.3251953125,Mouth closed
1713974741.098882,0.447509765625,0.85400390625,-0.323486328125,Mouth closed
1713974741.13799,0.453125,0.857177734375,-0.324462890625,Mouth closed
1713974741.177935,0.456787109375,0.862548828125,-0.32470703125,Mouth closed
1713974741.218718,0.44970703125,0.858154296875,-0.322021484375,Mouth closed
1713974741.257911,0.450927734375,0.856689453125,-0.322998046875,Mouth closed
1713974741.301797,0.4521484375,0.85888671875,-0.32373046875,Mouth closed
1713974741.339486,0.45068359375,0.85791015625,-0.32275390625,Mouth closed
1713974741.380625,0.45458984375,0.85986328125,-0.3271484375,Mouth closed
1713974741.420024,0.451171875,0.859619140625,-0.322509765625,Mouth closed
1713974741.45968,0.457275390625,0.859130859375,-0.326416015625,Mouth closed
1713974741.501597,0.457275390625,0.857666015625,-0.3232421875,Mouth closed
1713974741.540519,0.457763671875,0.855224609375,-0.321533203125,Mouth closed
1713974741.579801,0.45361328125,0.855712890625,-0.325439453125,Mouth closed
1713974741.622356,0.451416015625,0.8544921875,-0.322509765625,Mouth closed
1713974741.665154,0.455078125,0.85595703125,-0.3271484375,Mouth closed
1713974741.702732,0.452880859375,0.8603515625,-0.326904296875,Mouth closed
1713974741.743015,0.453125,0.856201171875,-0.332763671875,Mouth closed
1713974741.780417,0.44970703125,0.85546875,-0.329345703125,Mouth closed
1713974741.820193,0.451904296875,0.85595703125,-0.33203125,Mouth closed
1713974741.863021,0.44921875,0.8525390625,-0.32861328125,Mouth closed
1713974741.911985,0.450927734375,0.856201171875,-0.33251953125,Mouth closed
1713974741.940414,0.448974609375,0.856201171875,-0.331298828125,Mouth closed
1713974741.991038,0.446533203125,0.854248046875,-0.33349609375,Mouth closed
1713974742.018723,0.451171875,0.856201171875,-0.330810546875,Mouth closed
1713974742.068249,0.449462890625,0.853271484375,-0.33154296875,Mouth closed
1713974742.10416,0.454833984375,0.857177734375,-0.334716796875,Mouth closed
1713974742.144981,0.455078125,0.853759765625,-0.331787109375,Mouth closed
1713974742.182078,0.454345703125,0.855224609375,-0.325927734375,Mouth closed
1713974742.224313,0.4501953125,0.854248046875,-0.32861328125,Mouth closed
1713974742.26267,0.45068359375,0.850830078125,-0.328857421875,Mouth closed
1713974742.300763,0.450927734375,0.85595703125,-0.331787109375,Mouth closed
1713974742.342104,0.454345703125,0.856689453125,-0.32763671875,Mouth closed
1713974742.382902,0.45458984375,0.85546875,-0.331298828125,Mouth closed
1713974742.420802,0.451904296875,0.855712890625,-0.328857421875,Mouth closed
1713974742.458788,0.455322265625,0.859375,-0.330078125,Mouth closed
1713974742.500092,0.453125,0.854248046875,-0.32763671875,Mouth closed
1713974742.544402,0.448486328125,0.85546875,-0.328857421875,Mouth closed
1713974742.587398,0.454833984375,0.85693359375,-0.329833984375,Mouth closed
1713974742.627141,0.4501953125,0.8525390625,-0.3310546875,Mouth closed
1713974742.66336,0.454345703125,0.855712890625,-0.327392578125,Mouth closed
1713974742.70274,0.452880859375,0.8564453125,-0.3271484375,Mouth closed
1713974742.741397,0.45361328125,0.857177734375,-0.32861328125,Mouth closed
1713974742.784005,0.45263671875,0.853515625,-0.325927734375,Mouth closed
1713974742.821904,0.45654296875,0.8583984375,-0.320556640625,Mouth closed
1713974742.862238,0.452392578125,0.857666015625,-0.322021484375,Mouth closed
1713974742.9025,0.453857421875,0.858154296875,-0.322021484375,Mouth closed
1713974742.946965,0.45166015625,0.8583984375,-0.32470703125,Mouth closed
1713974742.982009,0.45068359375,0.861083984375,-0.322021484375,Mouth closed
1713974743.023212,0.451904296875,0.85595703125,-0.330810546875,Mouth closed
1713974743.062736,0.44775390625,0.856689453125,-0.326416015625,Mouth closed
1713974743.101259,0.45263671875,0.858154296875,-0.3271484375,Mouth closed
1713974743.141045,0.450927734375,0.856201171875,-0.32763671875,Mouth closed
1713974743.181246,0.447021484375,0.858642578125,-0.328125,Mouth closed
1713974743.22037,0.44873046875,0.8564453125,-0.3330078125,Mouth closed
1713974743.264233,0.44970703125,0.858642578125,-0.328369140625,Mouth closed
1713974743.305666,0.449951171875,0.857421875,-0.3271484375,Mouth closed
1713974743.344439,0.445068359375,0.857666015625,-0.32861328125,Mouth closed
1713974743.382765,0.4541015625,0.857666015625,-0.33154296875,Mouth closed
1713974743.423375,0.448486328125,0.854736328125,-0.32275390625,Mouth closed
1713974743.474678,0.453125,0.853515625,-0.32666015625,Mouth closed
1713974743.502392,0.451416015625,0.85546875,-0.32177734375,Mouth closed
1713974743.549263,0.452392578125,0.857177734375,-0.32421875,Mouth closed
1713974743.582638,0.452392578125,0.858642578125,-0.32421875,Mouth closed
1713974743.625479,0.448486328125,0.860595703125,-0.322265625,Mouth closed
1713974743.662992,0.453369140625,0.85546875,-0.328369140625,Mouth closed
1713974743.709552,0.45068359375,0.857666015625,-0.325439453125,Mouth closed
1713974743.748622,0.448486328125,0.85986328125,-0.32958984375,Mouth closed
1713974743.783649,0.447998046875,0.857421875,-0.326171875,Mouth closed
1713974743.82308,0.4501953125,0.854736328125,-0.328369140625,Mouth closed
1713974743.863495,0.4501953125,0.861083984375,-0.330078125,Mouth closed
1713974743.903724,0.44970703125,0.8564453125,-0.325927734375,Mouth closed
1713974743.950385,0.4501953125,0.858154296875,-0.327880859375,Mouth closed
1713974743.982062,0.448486328125,0.858642578125,-0.32763671875,Mouth closed
1713974744.026865,0.453125,0.86181640625,-0.329345703125,Mouth open
1713974744.070462,0.45068359375,0.85400390625,-0.32763671875,Mouth open
1713974744.107251,0.45361328125,0.858154296875,-0.321044921875,Mouth open
1713974744.144535,0.451416015625,0.857177734375,-0.325927734375,Mouth open
1713974744.18547,0.45068359375,0.854736328125,-0.322509765625,Mouth open
1713974744.224419,0.45068359375,0.85693359375,-0.32470703125,Mouth open
1713974744.265305,0.449951171875,0.85791015625,-0.32470703125,Mouth open
1713974744.304141,0.452392578125,0.85888671875,-0.329833984375,Mouth open
1713974744.344918,0.44921875,0.85546875,-0.32275390625,Mouth open
1713974744.385505,0.45068359375,0.861572265625,-0.326904296875,Mouth open
1713974744.422639,0.449951171875,0.854248046875,-0.326171875,Mouth open
1713974744.463313,0.448486328125,0.857177734375,-0.32763671875,Mouth open
1713974744.505536,0.44970703125,0.856201171875,-0.325439453125,Mouth open
1713974744.542268,0.446533203125,0.853271484375,-0.325927734375,Mouth open
1713974744.585968,0.447509765625,0.85693359375,-0.329345703125,Mouth open
1713974744.623092,0.45263671875,0.85791015625,-0.32763671875,Mouth open
1713974744.663892,0.449462890625,0.858642578125,-0.32275390625,Mouth open
1713974744.704914,0.456787109375,0.860595703125,-0.3251953125,Mouth open
1713974744.744967,0.448974609375,0.856689453125,-0.322021484375,Mouth open
1713974744.784706,0.45556640625,0.85888671875,-0.32470703125,Mouth open
1713974744.823725,0.4501953125,0.8603515625,-0.32373046875,Mouth open
1713974744.864339,0.450439453125,0.85595703125,-0.322998046875,Mouth open
1713974744.907793,0.448486328125,0.861083984375,-0.321533203125,Mouth open
1713974744.947262,0.447509765625,0.861572265625,-0.326171875,Mouth open
1713974744.985849,0.453857421875,0.859130859375,-0.326171875,Mouth open
1713974745.040762,0.44921875,0.856201171875,-0.32421875,Mouth open
1713974745.065881,0.453125,0.8603515625,-0.326171875,Mouth open
1713974745.12096,0.45166015625,0.856201171875,-0.323486328125,Mouth open
1713974745.143908,0.449951171875,0.85693359375,-0.32568359375,Mouth open
1713974745.189802,0.449951171875,0.85693359375,-0.325439453125,Mouth open
1713974745.22676,0.451416015625,0.8544921875,-0.32373046875,Mouth open
1713974745.267047,0.447509765625,0.85546875,-0.324951171875,Mouth open
1713974745.304589,0.453125,0.859130859375,-0.32373046875,Mouth open
1713974745.354261,0.450439453125,0.860595703125,-0.319091796875,Mouth open
1713974745.385664,0.455322265625,0.860107421875,-0.319091796875,Mouth open
1713974745.432204,0.458740234375,0.85888671875,-0.318603515625,Mouth open
1713974745.466784,0.45361328125,0.8515625,-0.335693359375,Mouth open
1713974745.511336,0.448486328125,0.85595703125,-0.325439453125,Mouth open
1713974745.549291,0.458984375,0.855224609375,-0.342529296875,Mouth open
1713974745.588797,0.456787109375,0.841796875,-0.32177734375,Mouth open
1713974745.627315,0.468017578125,0.840576171875,-0.34765625,Mouth open
1713974745.682822,0.46923828125,0.843994140625,-0.34765625,Mouth open
1713974745.707115,0.46484375,0.8408203125,-0.34326171875,Mouth open
1713974745.746448,0.46240234375,0.8310546875,-0.371337890625,Mouth open
1713974745.786492,0.455810546875,0.82958984375,-0.3662109375,Mouth open
1713974745.834919,0.4501953125,0.833740234375,-0.369873046875,Mouth open
1713974745.864622,0.451171875,0.834228515625,-0.376220703125,Mouth open
1713974745.908181,0.446533203125,0.830322265625,-0.382080078125,Mouth open
1713974745.944608,0.4443359375,0.8330078125,-0.383544921875,Mouth open
1713974745.993124,0.443359375,0.831787109375,-0.386474609375,Mouth open
1713974746.029864,0.4443359375,0.835693359375,-0.384765625,Mouth open
1713974746.065574,0.445068359375,0.83203125,-0.388427734375,Mouth open
1713974746.108984,0.440673828125,0.82861328125,-0.3857421875,Mouth open
1713974746.148211,0.444580078125,0.831787109375,-0.39306640625,Mouth open
1713974746.186218,0.442626953125,0.828369140625,-0.3876953125,Mouth open
1713974746.226862,0.44189453125,0.831298828125,-0.38623046875,Mouth open
1713974746.266856,0.442138671875,0.834228515625,-0.39013671875,Mouth open
1713974746.307395,0.444580078125,0.830810546875,-0.390380859375,Mouth open
1713974746.349405,0.44189453125,0.83447265625,-0.391845703125,Mouth open
1713974746.385637,0.433837890625,0.8310546875,-0.397216796875,Mouth open
1713974746.431111,0.441162109375,0.830810546875,-0.390380859375,Mouth open
1713974746.470029,0.439697265625,0.832275390625,-0.38916015625,Mouth open
1713974746.511651,0.442626953125,0.832763671875,-0.388916015625,Mouth open
1713974746.54848,0.444580078125,0.83349609375,-0.388671875,Mouth open
1713974746.586604,0.441650390625,0.83544921875,-0.38916015625,Mouth open
1713974746.625624,0.439697265625,0.833251953125,-0.384033203125,Mouth open
1713974746.66673,0.44287109375,0.834716796875,-0.382568359375,Mouth open
1713974746.706776,0.447998046875,0.836669921875,-0.38330078125,Mouth open
1713974746.746747,0.447509765625,0.83740234375,-0.37548828125,Mouth open
1713974746.788612,0.45263671875,0.84033203125,-0.37451171875,Mouth open
1713974746.829687,0.4482421875,0.841064453125,-0.372802734375,Mouth open
1713974746.86875,0.442138671875,0.839111328125,-0.37841796875,Mouth open
1713974746.910192,0.44140625,0.8369140625,-0.384765625,Mouth open
1713974746.950021,0.430908203125,0.8369140625,-0.39013671875,Mouth open
1713974746.989639,0.43017578125,0.833251953125,-0.40087890625,Mouth open
1713974747.029317,0.427001953125,0.82958984375,-0.390869140625,Mouth open
1713974747.069015,0.4306640625,0.8359375,-0.391845703125,Mouth open
1713974747.107573,0.43115234375,0.83837890625,-0.388671875,Mouth open
1713974747.147581,0.439208984375,0.842529296875,-0.388671875,Mouth open
1713974747.188012,0.44677734375,0.84521484375,-0.37744140625,Mouth open
1713974747.234326,0.4501953125,0.841552734375,-0.367431640625,Mouth open
1713974747.273079,0.45556640625,0.837890625,-0.364990234375,Mouth open
1713974747.312594,0.45556640625,0.83642578125,-0.363525390625,Mouth open
1713974747.350218,0.4638671875,0.8359375,-0.3603515625,Mouth open
1713974747.390989,0.455810546875,0.8330078125,-0.36181640625,Mouth open
1713974747.430823,0.45361328125,0.84130859375,-0.36328125,Mouth open
1713974747.477524,0.447265625,0.845703125,-0.366943359375,Mouth open
1713974747.509875,0.43701171875,0.84423828125,-0.367431640625,Mouth open
1713974747.555816,0.435546875,0.846435546875,-0.37109375,Mouth open
1713974747.597817,0.440673828125,0.85205078125,-0.368896484375,Mouth open
1713974747.63298,0.44482421875,0.84912109375,-0.37255859375,Mouth open
1713974747.676695,0.439208984375,0.839599609375,-0.369873046875,Mouth open
1713974747.715555,0.447021484375,0.84228515625,-0.372802734375,Mouth open
1713974747.753863,0.446044921875,0.83349609375,-0.3701171875,Mouth open
1713974747.788587,0.447998046875,0.833984375,-0.372802734375,Mouth open
1713974747.828637,0.4501953125,0.83349609375,-0.371826171875,Mouth open
1713974747.870254,0.447998046875,0.833251953125,-0.371826171875,Mouth open
1713974747.910173,0.4453125,0.83740234375,-0.36962890625,Mouth open
1713974747.949827,0.450439453125,0.84130859375,-0.371337890625,Mouth open
1713974747.990853,0.447509765625,0.84130859375,-0.36572265625,Mouth open
1713974748.030545,0.45068359375,0.843017578125,-0.36083984375,Mouth open
1713974748.070875,0.44970703125,0.83935546875,-0.35888671875,Mouth open
1713974748.116724,0.4580078125,0.844970703125,-0.361328125,Mouth open
1713974748.154828,0.45166015625,0.84619140625,-0.356201171875,Mouth open
1713974748.197279,0.4541015625,0.841552734375,-0.357177734375,Mouth open
1713974748.234235,0.4521484375,0.843505859375,-0.359619140625,Mouth open
1713974748.276762,0.45263671875,0.84228515625,-0.356689453125,Mouth open
1713974748.314947,0.45361328125,0.84375,-0.362548828125,Mouth open
1713974748.356569,0.454345703125,0.839111328125,-0.365966796875,Mouth open
1713974748.390521,0.450927734375,0.8408203125,-0.3662109375,Mouth open
1713974748.435942,0.452880859375,0.83837890625,-0.36328125,Mouth open
1713974748.474525,0.450439453125,0.8388671875,-0.3662109375,Mouth open
1713974748.515201,0.44921875,0.83447265625,-0.36669921875,Mouth open
1713974748.552968,0.44873046875,0.83935546875,-0.36767578125,Mouth open
1713974748.595428,0.449951171875,0.84375,-0.3701171875,Mouth open
1713974748.634609,0.44189453125,0.8408203125,-0.36474609375,Mouth open
1713974748.675961,0.445556640625,0.83740234375,-0.36376953125,Mouth open
1713974748.713128,0.44775390625,0.840576171875,-0.36279296875,Mouth open
1713974748.758227,0.45654296875,0.849853515625,-0.35986328125,Mouth open
1713974748.791585,0.44775390625,0.845458984375,-0.357666015625,Mouth open
1713974748.837749,0.447021484375,0.842529296875,-0.35791015625,Mouth open
1713974748.875615,0.446533203125,0.84130859375,-0.36572265625,Mouth open
1713974748.917405,0.449951171875,0.83740234375,-0.36474609375,Mouth open
1713974748.955299,0.450439453125,0.8330078125,-0.364990234375,Mouth open
1713974748.997065,0.451904296875,0.838134765625,-0.3603515625,Mouth open
1713974749.03559,0.4541015625,0.839111328125,-0.359619140625,Mouth open
1713974749.072882,0.451904296875,0.840087890625,-0.359619140625,Mouth open
1713974749.114141,0.45166015625,0.84326171875,-0.36865234375,Mouth open
1713974749.151791,0.4482421875,0.83935546875,-0.3671875,Mouth open
1713974749.193559,0.44677734375,0.83935546875,-0.3671875,Mouth open
1713974749.232518,0.448486328125,0.841064453125,-0.368408203125,Mouth open
1713974749.27294,0.443603515625,0.842041015625,-0.362548828125,Mouth open
1713974749.314059,0.450927734375,0.839599609375,-0.357666015625,Mouth open
1713974749.353817,0.449462890625,0.84130859375,-0.35791015625,Mouth open
1713974749.394288,0.456298828125,0.845458984375,-0.355712890625,Mouth open
1713974749.436015,0.451416015625,0.84130859375,-0.354736328125,Mouth open
1713974749.474969,0.45263671875,0.841552734375,-0.359130859375,Mouth open
1713974749.517546,0.452392578125,0.84619140625,-0.359619140625,Mouth open
1713974749.555515,0.44775390625,0.8447265625,-0.3583984375,Mouth open
1713974749.595938,0.45068359375,0.83984375,-0.35791015625,Mouth open
1713974749.637503,0.4501953125,0.844482421875,-0.3564453125,Mouth open
1713974749.677247,0.454833984375,0.844482421875,-0.35986328125,Mouth open
1713974749.714226,0.447265625,0.839599609375,-0.362060546875,Mouth open
1713974749.75503,0.45068359375,0.839111328125,-0.359619140625,Mouth open
1713974749.792796,0.451904296875,0.8408203125,-0.360107421875,Mouth open
1713974749.835308,0.4501953125,0.84228515625,-0.357177734375,Mouth open
1713974749.873539,0.450439453125,0.846435546875,-0.36279296875,Mouth open
1713974749.917532,0.44775390625,0.84033203125,-0.36181640625,Mouth open
1713974749.954825,0.447998046875,0.838623046875,-0.36181640625,Mouth open
1713974749.998305,0.448486328125,0.84033203125,-0.351318359375,Mouth open
1713974750.034658,0.45263671875,0.8466796875,-0.35693359375,Mouth open
1713974750.077163,0.446044921875,0.84716796875,-0.354736328125,Mouth open
1713974750.114894,0.44580078125,0.84521484375,-0.358642578125,Mouth open
1713974750.155209,0.448974609375,0.84521484375,-0.3564453125,Mouth open
1713974750.19629,0.44970703125,0.849609375,-0.349853515625,Mouth open
1713974750.235648,0.45068359375,0.8447265625,-0.353271484375,Mouth open
1713974750.277593,0.45361328125,0.84814453125,-0.3505859375,Mouth open
1713974750.320204,0.454833984375,0.846923828125,-0.35595703125,Mouth open
1713974750.356463,0.451904296875,0.845703125,-0.352294921875,Mouth open
1713974750.396674,0.452880859375,0.8427734375,-0.355712890625,Mouth open
1713974750.434576,0.45166015625,0.843505859375,-0.35791015625,Mouth open
1713974750.475196,0.455810546875,0.841796875,-0.361328125,Mouth open
1713974750.517478,0.455078125,0.8447265625,-0.3583984375,Mouth open
1713974750.555751,0.447265625,0.835693359375,-0.35693359375,Mouth open
1713974750.601266,0.45703125,0.83984375,-0.359619140625,Mouth open
1713974750.639826,0.454345703125,0.832275390625,-0.353759765625,Mouth open
1713974750.679146,0.458740234375,0.840576171875,-0.355712890625,Mouth open
1713974750.72196,0.453857421875,0.842529296875,-0.351806640625,Mouth open
1713974750.76749,0.4541015625,0.847900390625,-0.34619140625,Mouth open
1713974750.797391,0.44970703125,0.850341796875,-0.345703125,Mouth open
1713974750.847231,0.4462890625,0.85400390625,-0.346435546875,Mouth open
1713974750.879031,0.44287109375,0.850341796875,-0.35400390625,Mouth open
1713974750.925934,0.441162109375,0.845947265625,-0.35693359375,Mouth open
1713974750.958493,0.447021484375,0.85009765625,-0.35791015625,Mouth open
1713974751.003821,0.44580078125,0.848388671875,-0.355224609375,Mouth open
1713974751.036474,0.4501953125,0.84716796875,-0.3564453125,Mouth open
1713974751.078473,0.454345703125,0.84423828125,-0.354736328125,Mouth open
1713974751.11559,0.45166015625,0.836669921875,-0.35302734375,Mouth open
1713974751.16422,0.456787109375,0.839599609375,-0.354248046875,Mouth open
1713974751.201919,0.452880859375,0.842041015625,-0.353515625,Mouth open
1713974751.242069,0.457763671875,0.84716796875,-0.356201171875,Mouth open
1713974751.280061,0.45361328125,0.8408203125,-0.35205078125,Mouth open
1713974751.321271,0.45654296875,0.844970703125,-0.350830078125,Mouth open
1713974751.359304,0.451171875,0.84912109375,-0.353271484375,Mouth open
1713974751.398555,0.44970703125,0.84765625,-0.3486328125,Mouth open
1713974751.438854,0.450927734375,0.848876953125,-0.349365234375,Mouth open
1713974751.477506,0.450439453125,0.84912109375,-0.35009765625,Mouth open
1713974751.518636,0.45458984375,0.847412109375,-0.355712890625,Mouth open
1713974751.558647,0.447998046875,0.8447265625,-0.352294921875,Mouth open
1713974751.601429,0.453857421875,0.84619140625,-0.355224609375,Mouth open
1713974751.641278,0.449951171875,0.84814453125,-0.353271484375,Mouth open
1713974751.680716,0.448974609375,0.8447265625,-0.3544921875,Mouth open
1713974751.7209,0.449462890625,0.844970703125,-0.357666015625,Mouth open
1713974751.758899,0.451171875,0.843505859375,-0.358154296875,Mouth open
1713974751.799849,0.451416015625,0.847900390625,-0.358642578125,Mouth open
1713974751.839494,0.448974609375,0.8427734375,-0.355224609375,Mouth open
1713974751.878729,0.447509765625,0.842041015625,-0.357177734375,Mouth open
1713974751.917904,0.451171875,0.83935546875,-0.358642578125,Mouth open
1713974751.959455,0.456787109375,0.846923828125,-0.35693359375,Mouth open
1713974751.998451,0.450439453125,0.83935546875,-0.3515625,Mouth open
1713974752.039498,0.451171875,0.844482421875,-0.355712890625,Mouth open
1713974752.079464,0.454345703125,0.84521484375,-0.352294921875,Mouth open
1713974752.122709,0.44970703125,0.846923828125,-0.352783203125,Mouth open
1713974752.160873,0.44775390625,0.8447265625,-0.35302734375,Mouth open
1713974752.199698,0.4521484375,0.848388671875,-0.358642578125,Mouth open
1713974752.239716,0.451904296875,0.845458984375,-0.3564453125,Mouth open
1713974752.280628,0.447998046875,0.843505859375,-0.35791015625,Mouth open
1713974752.31973,0.455810546875,0.8427734375,-0.35986328125,Mouth open
1713974752.358378,0.449462890625,0.840576171875,-0.360595703125,Mouth open
1713974752.403826,0.451416015625,0.83935546875,-0.36083984375,Mouth open
1713974752.442728,0.452392578125,0.837890625,-0.361572265625,Mouth open
1713974752.481242,0.45556640625,0.84033203125,-0.3603515625,Mouth open
1713974752.518421,0.4541015625,0.840087890625,-0.359130859375,Mouth open
1713974752.558409,0.45263671875,0.84130859375,-0.355224609375,Mouth open
1713974752.600063,0.451904296875,0.842041015625,-0.3603515625,Mouth open
1713974752.644953,0.44970703125,0.842529296875,-0.35791015625,Mouth open
1713974752.688626,0.45068359375,0.84326171875,-0.361083984375,Mouth open
1713974752.721288,0.45068359375,0.843994140625,-0.3564453125,Mouth open
1713974752.767398,0.45556640625,0.84423828125,-0.360107421875,Mouth open
1713974752.80648,0.447998046875,0.843017578125,-0.35693359375,Mouth open
1713974752.845424,0.45263671875,0.84716796875,-0.357177734375,Mouth open
1713974752.881425,0.44970703125,0.845458984375,-0.35888671875,Mouth open
1713974752.923235,0.449951171875,0.841552734375,-0.353515625,Mouth open
1713974752.96605,0.451171875,0.846923828125,-0.357421875,Mouth open
1713974753.000455,0.44873046875,0.84423828125,-0.355224609375,Mouth open
1713974753.051871,0.447265625,0.841552734375,-0.35693359375,Mouth open
1713974753.079505,0.44970703125,0.844482421875,-0.3525390625,Mouth open
1713974753.122201,0.45556640625,0.84765625,-0.36181640625,Mouth open
1713974753.168812,0.449951171875,0.841552734375,-0.355712890625,Mouth open
1713974753.206541,0.452392578125,0.84228515625,-0.357177734375,Mouth open
1713974753.244293,0.453369140625,0.84228515625,-0.35693359375,Mouth open
1713974753.283874,0.4501953125,0.84130859375,-0.355224609375,Mouth open
1713974753.321411,0.449951171875,0.8427734375,-0.35888671875,Mouth open
1713974753.36347,0.449951171875,0.846923828125,-0.358642578125,Mouth open
1713974753.403559,0.44921875,0.842529296875,-0.363525390625,Mouth open
1713974753.444155,0.444091796875,0.84130859375,-0.359619140625,Mouth open
1713974753.4852,0.447998046875,0.84765625,-0.35986328125,Mouth open
1713974753.522505,0.4482421875,0.84619140625,-0.358154296875,Mouth open
1713974753.562793,0.448486328125,0.846923828125,-0.3603515625,Mouth open
1713974753.60646,0.447021484375,0.8447265625,-0.35986328125,Mouth open
1713974753.642748,0.447509765625,0.8427734375,-0.357177734375,Mouth open
1713974753.681934,0.44873046875,0.8466796875,-0.359619140625,Mouth open
1713974753.723224,0.448974609375,0.84619140625,-0.354248046875,Mouth open
1713974753.782672,0.453125,0.851806640625,-0.357666015625,Mouth open
1713974753.804109,0.450439453125,0.8408203125,-0.357177734375,Mouth open
1713974753.840695,0.45166015625,0.840087890625,-0.351318359375,Mouth open
1713974753.880485,0.45263671875,0.84423828125,-0.357666015625,Mouth open
1713974753.9217,0.447509765625,0.84326171875,-0.355224609375,Mouth open
1713974753.962453,0.447509765625,0.844970703125,-0.361572265625,Mouth open
1713974754.001471,0.448486328125,0.847900390625,-0.3564453125,Mouth open
1713974754.043381,0.447509765625,0.846435546875,-0.361083984375,Mouth open
1713974754.081416,0.439697265625,0.84228515625,-0.35888671875,Mouth open
1713974754.123336,0.4501953125,0.843994140625,-0.36083984375,Mouth open
1713974754.164076,0.44775390625,0.84521484375,-0.359619140625,Mouth open
1713974754.202628,0.44580078125,0.841796875,-0.3583984375,Mouth open
1713974754.244886,0.4482421875,0.841796875,-0.35791015625,Mouth open
1713974754.282564,0.44921875,0.843505859375,-0.35693359375,Mouth open
1713974754.322249,0.446533203125,0.843505859375,-0.359375,Mouth open
1713974754.360553,0.451904296875,0.84326171875,-0.357666015625,Mouth open
1713974754.40032,0.4443359375,0.8427734375,-0.3583984375,Mouth open
1713974754.440681,0.45166015625,0.845458984375,-0.35888671875,Mouth open
1713974754.481982,0.44775390625,0.840087890625,-0.35400390625,Mouth open
1713974754.52343,0.456298828125,0.843505859375,-0.358154296875,Mouth open
1713974754.563473,0.45068359375,0.84130859375,-0.35400390625,Mouth open
1713974754.60254,0.447998046875,0.841552734375,-0.35595703125,Mouth open
1713974754.643446,0.45068359375,0.84716796875,-0.359619140625,Mouth open
1713974754.689198,0.447998046875,0.84521484375,-0.355224609375,Mouth open
1713974754.726658,0.45068359375,0.843017578125,-0.361572265625,Mouth open
1713974754.766342,0.4462890625,0.842529296875,-0.362548828125,Mouth open
1713974754.804534,0.4501953125,0.844970703125,-0.36572265625,Mouth open
1713974754.844231,0.4453125,0.843994140625,-0.360595703125,Mouth open
1713974754.884584,0.44873046875,0.844482421875,-0.35888671875,Mouth open
1713974754.935914,0.44873046875,0.843505859375,-0.360595703125,Mouth open
1713974754.962979,0.44677734375,0.84130859375,-0.360107421875,Mouth open
1713974755.008316,0.450927734375,0.843505859375,-0.357666015625,Mouth open
1713974755.041675,0.44677734375,0.843994140625,-0.359130859375,Mouth open
1713974755.085813,0.455810546875,0.845703125,-0.36328125,Mouth open
1713974755.127494,0.450927734375,0.84521484375,-0.356689453125,Mouth open
1713974755.165608,0.45361328125,0.845458984375,-0.35693359375,Mouth open
1713974755.205094,0.450927734375,0.8427734375,-0.357666015625,Mouth open
1713974755.244575,0.447998046875,0.841552734375,-0.361328125,Mouth open
1713974755.283047,0.44775390625,0.843505859375,-0.360107421875,Mouth open
1713974755.323532,0.449462890625,0.8427734375,-0.3603515625,Mouth open
1713974755.363809,0.4521484375,0.8408203125,-0.3642578125,Mouth open
1713974755.402293,0.447509765625,0.839599609375,-0.36279296875,Mouth open
1713974755.443807,0.451904296875,0.842041015625,-0.369873046875,Mouth open
1713974755.485611,0.446044921875,0.8408203125,-0.364990234375,Mouth open
1713974755.528643,0.447021484375,0.83740234375,-0.3662109375,Mouth open
1713974755.567824,0.448974609375,0.840087890625,-0.370849609375,Mouth open
1713974755.605879,0.44482421875,0.83837890625,-0.36767578125,Mouth open
1713974755.644995,0.449951171875,0.84228515625,-0.3662109375,Mouth open
1713974755.682785,0.444580078125,0.840087890625,-0.364501953125,Mouth open
1713974755.723122,0.4521484375,0.84228515625,-0.369140625,Mouth open
1713974755.762839,0.446533203125,0.84130859375,-0.36572265625,Mouth open
1713974755.802075,0.45361328125,0.845703125,-0.361328125,Mouth open
1713974755.841675,0.447021484375,0.83984375,-0.36181640625,Mouth open
1713974755.881669,0.448486328125,0.84033203125,-0.366455078125,Mouth open
1713974755.923357,0.449951171875,0.83984375,-0.35986328125,Mouth open
1713974755.961266,0.446533203125,0.845703125,-0.361083984375,Mouth open
1713974756.002593,0.45068359375,0.839111328125,-0.364013671875,Mouth open
1713974756.042395,0.448974609375,0.84375,-0.363037109375,Mouth open
1713974756.083527,0.44775390625,0.844970703125,-0.36376953125,Mouth open
1713974756.123754,0.44775390625,0.83935546875,-0.36181640625,Mouth open
1713974756.164461,0.4482421875,0.84033203125,-0.36669921875,Mouth open
1713974756.202363,0.447021484375,0.8408203125,-0.367919921875,Mouth open
1713974756.242854,0.444091796875,0.841552734375,-0.366455078125,Mouth open
1713974756.281309,0.446533203125,0.839111328125,-0.3662109375,Mouth open
1713974756.325725,0.447021484375,0.843505859375,-0.36669921875,Mouth open
1713974756.364459,0.447998046875,0.840576171875,-0.36474609375,Mouth open
1713974756.40602,0.447998046875,0.84228515625,-0.357177734375,Mouth open
1713974756.442399,0.449951171875,0.844482421875,-0.362548828125,Mouth open
1713974756.48404,0.44580078125,0.841552734375,-0.358154296875,Mouth open
1713974756.525199,0.447021484375,0.8447265625,-0.358642578125,Mouth open
1713974756.577963,0.44677734375,0.844970703125,-0.358154296875,Mouth open
1713974756.60493,0.4462890625,0.84228515625,-0.3603515625,Mouth open
1713974756.646177,0.444580078125,0.84326171875,-0.35791015625,Mouth open
1713974756.684467,0.4462890625,0.8427734375,-0.361328125,Mouth open
1713974756.733946,0.447509765625,0.848388671875,-0.360595703125,Mouth open
1713974756.769557,0.443359375,0.842529296875,-0.361328125,Mouth open
1713974756.811865,0.445556640625,0.843505859375,-0.363037109375,Mouth open
1713974756.846072,0.44580078125,0.84326171875,-0.36083984375,Mouth open
1713974756.885681,0.44580078125,0.8427734375,-0.363525390625,Mouth open
1713974756.923267,0.446533203125,0.84326171875,-0.362060546875,Mouth open
1713974756.962373,0.4521484375,0.849365234375,-0.364013671875,Mouth open
1713974757.002958,0.448974609375,0.842529296875,-0.36328125,Mouth open
1713974757.047987,0.4462890625,0.844482421875,-0.359375,Mouth open
1713974757.084059,0.448974609375,0.8447265625,-0.36328125,Mouth open
1713974757.125034,0.445556640625,0.844482421875,-0.3564453125,Mouth open
1713974757.170383,0.44921875,0.8466796875,-0.3603515625,Mouth open
1713974757.209638,0.4453125,0.84423828125,-0.35791015625,Mouth open
1713974757.247901,0.450439453125,0.8447265625,-0.360107421875,Mouth open
1713974757.287455,0.443115234375,0.84521484375,-0.35595703125,Mouth open
1713974757.326987,0.447998046875,0.849853515625,-0.3623046875,Mouth open
1713974757.365986,0.44873046875,0.844482421875,-0.359130859375,Mouth open
1713974757.405659,0.4423828125,0.84521484375,-0.3623046875,Mouth open
1713974757.448379,0.44775390625,0.843505859375,-0.35986328125,Mouth open
1713974757.486448,0.444091796875,0.84326171875,-0.36279296875,Mouth open
1713974757.526694,0.443359375,0.841552734375,-0.361572265625,Mouth open
1713974757.565741,0.44482421875,0.845458984375,-0.36376953125,Mouth open
1713974757.606174,0.44873046875,0.84716796875,-0.3662109375,Mouth open
1713974757.647423,0.447265625,0.84228515625,-0.362548828125,Mouth open
1713974757.688633,0.447509765625,0.842529296875,-0.35498046875,Mouth open
1713974757.726808,0.448974609375,0.846435546875,-0.361328125,Mouth open
1713974757.764236,0.4443359375,0.842041015625,-0.3564453125,Mouth open
1713974757.808354,0.447265625,0.842529296875,-0.362060546875,Mouth open
1713974757.845088,0.4462890625,0.845703125,-0.361328125,Mouth open
1713974757.89261,0.44580078125,0.845458984375,-0.36572265625,Mouth open
1713974757.925203,0.440185546875,0.84375,-0.360595703125,Mouth open
1713974757.96526,0.446044921875,0.84716796875,-0.364990234375,Mouth open
1713974758.016821,0.447509765625,0.8466796875,-0.36181640625,Mouth open
1713974758.046176,0.44287109375,0.84130859375,-0.3662109375,Mouth open
1713974758.093715,0.44189453125,0.84423828125,-0.365478515625,Mouth open
1713974758.127429,0.444091796875,0.843017578125,-0.361328125,Mouth open
1713974758.179503,0.44287109375,0.84228515625,-0.360107421875,Mouth open
1713974758.208287,0.443359375,0.8427734375,-0.36279296875,Mouth open
1713974758.248771,0.443359375,0.8447265625,-0.360107421875,Mouth open
1713974758.287191,0.4501953125,0.85302734375,-0.361083984375,Mouth open
1713974758.327168,0.4462890625,0.843505859375,-0.361328125,Mouth open
1713974758.370307,0.447265625,0.845703125,-0.3583984375,Mouth open
1713974758.408023,0.44384765625,0.8447265625,-0.363525390625,Mouth open
1713974758.447267,0.44580078125,0.842041015625,-0.358154296875,Mouth open
1713974758.487495,0.4482421875,0.842529296875,-0.360107421875,Mouth open
1713974758.527353,0.445068359375,0.847900390625,-0.361328125,Mouth open
1713974758.567877,0.44873046875,0.84375,-0.361328125,Mouth open
1713974758.60747,0.442626953125,0.843505859375,-0.356689453125,Mouth open
1713974758.648176,0.449462890625,0.84521484375,-0.363525390625,Mouth open
1713974758.690103,0.44580078125,0.843017578125,-0.359619140625,Mouth open
1713974758.731534,0.44775390625,0.845458984375,-0.358642578125,Mouth open
1713974758.774776,0.447509765625,0.844482421875,-0.357666015625,Mouth open
1713974758.813272,0.443603515625,0.845947265625,-0.362060546875,Mouth open
1713974758.847634,0.44384765625,0.846923828125,-0.35791015625,Mouth open
1713974758.887154,0.447021484375,0.846923828125,-0.360595703125,Mouth open
1713974758.945652,0.445556640625,0.845947265625,-0.356201171875,Mouth open
1713974758.966265,0.447021484375,0.8447265625,-0.359375,Mouth open
1713974759.010309,0.447021484375,0.844970703125,-0.35693359375,unknown
1713974759.054896,0.45166015625,0.8466796875,-0.359130859375,unknown
1713974759.086137,0.447021484375,0.84228515625,-0.360595703125,unknown
1713974759.126171,0.447021484375,0.842529296875,-0.35791015625,unknown
1713974759.168373,0.448486328125,0.845458984375,-0.3603515625,unknown
1713974759.208295,0.44873046875,0.845703125,-0.361083984375,unknown
1713974759.250107,0.446044921875,0.843994140625,-0.364013671875,unknown
1713974759.287256,0.447998046875,0.84228515625,-0.36376953125,unknown
1713974759.33024,0.444580078125,0.8447265625,-0.36669921875,unknown
1713974759.372722,0.446044921875,0.841796875,-0.366455078125,unknown
1713974759.418812,0.446044921875,0.841552734375,-0.3671875,unknown
1713974759.450798,0.44482421875,0.840087890625,-0.3671875,unknown
1713974759.49139,0.44091796875,0.839111328125,-0.364501953125,unknown
1713974759.532101,0.447021484375,0.842529296875,-0.365478515625,unknown
1713974759.569111,0.4423828125,0.8427734375,-0.364501953125,unknown
1713974759.609507,0.448974609375,0.84423828125,-0.3623046875,unknown
1713974759.649213,0.44677734375,0.83984375,-0.364013671875,unknown
1713974759.694187,0.454345703125,0.845458984375,-0.36474609375,unknown
1713974759.734433,0.446044921875,0.840576171875,-0.360107421875,unknown
1713974759.781143,0.447265625,0.841552734375,-0.36083984375,unknown
1713974759.809347,0.44677734375,0.845458984375,-0.360595703125,unknown
1713974759.859196,0.44384765625,0.84423828125,-0.359619140625,unknown
1713974759.8894,0.447021484375,0.84033203125,-0.364501953125,unknown
1713974759.935636,0.447021484375,0.844482421875,-0.36572265625,unknown
1713974759.970336,0.44677734375,0.844482421875,-0.365234375,unknown
1713974760.011948,0.44287109375,0.840576171875,-0.365234375,unknown
1713974760.052394,0.446044921875,0.84228515625,-0.369140625,unknown
1713974760.0914,0.441162109375,0.840087890625,-0.366455078125,unknown
1713974760.130385,0.44189453125,0.837158203125,-0.364013671875,unknown
1713974760.173364,0.44580078125,0.84375,-0.365966796875,unknown
1713974760.212078,0.4453125,0.84423828125,-0.3623046875,unknown
1713974760.254307,0.446044921875,0.840576171875,-0.364501953125,unknown
1713974760.288208,0.44287109375,0.841796875,-0.361083984375,unknown
1713974760.329187,0.44970703125,0.846435546875,-0.364013671875,unknown
1713974760.36914,0.44482421875,0.843505859375,-0.3583984375,unknown
1713974760.41441,0.447509765625,0.847412109375,-0.35791015625,unknown
1713974760.451899,0.444580078125,0.8466796875,-0.35888671875,unknown
1713974760.491828,0.445068359375,0.84814453125,-0.35986328125,unknown
1713974760.530539,0.4453125,0.84619140625,-0.3583984375,unknown
1713974760.579635,0.44873046875,0.84619140625,-0.358642578125,unknown
1713974760.611654,0.44775390625,0.847900390625,-0.361083984375,unknown
1713974760.658834,0.447509765625,0.843017578125,-0.35595703125,unknown
1713974760.691731,0.447509765625,0.841552734375,-0.359375,unknown
1713974760.737355,0.44921875,0.84326171875,-0.3623046875,unknown
1713974760.774098,0.447021484375,0.8427734375,-0.360595703125,unknown
1713974760.812081,0.446533203125,0.84423828125,-0.361572265625,unknown
1713974760.856126,0.446533203125,0.8447265625,-0.360595703125,unknown
1713974760.890775,0.44775390625,0.84326171875,-0.361083984375,unknown
1713974760.930037,0.445068359375,0.843017578125,-0.356201171875,unknown
1713974760.970818,0.450439453125,0.8466796875,-0.358154296875,unknown
1713974761.01025,0.447265625,0.842529296875,-0.35595703125,unknown
1713974761.05121,0.4443359375,0.843994140625,-0.358154296875,unknown
1713974761.091066,0.44921875,0.846923828125,-0.352294921875,unknown
1713974761.131904,0.448486328125,0.8486328125,-0.351318359375,unknown
1713974761.17396,0.446533203125,0.851318359375,-0.350830078125,unknown
1713974761.211474,0.451171875,0.8544921875,-0.35107421875,unknown
1713974761.251283,0.4521484375,0.849853515625,-0.351806640625,unknown
1713974761.292376,0.44873046875,0.851318359375,-0.3505859375,unknown
1713974761.332697,0.453857421875,0.847900390625,-0.34033203125,unknown
1713974761.372185,0.46337890625,0.85205078125,-0.33642578125,unknown
1713974761.414981,0.463134765625,0.852783203125,-0.333251953125,unknown
1713974761.455848,0.4716796875,0.854736328125,-0.32666015625,unknown
1713974761.494891,0.466552734375,0.84765625,-0.33837890625,unknown
1713974761.535983,0.461669921875,0.860595703125,-0.3662109375,unknown
1713974761.574855,0.467041015625,0.838134765625,-0.306884765625,unknown
1713974761.613703,0.462646484375,0.837158203125,-0.33251953125,unknown
1713974761.651235,0.46826171875,0.82763671875,-0.3212890625,unknown
1713974761.693626,0.484375,0.81591796875,-0.33642578125,unknown
1713974761.739226,0.494384765625,0.8349609375,-0.2978515625,unknown
1713974761.771867,0.521240234375,0.8408203125,-0.25927734375,unknown
1713974761.813376,0.5009765625,0.834716796875,-0.2470703125,unknown
1713974761.852211,0.489501953125,0.84814453125,-0.251953125,unknown
1713974761.8931,0.502197265625,0.863037109375,-0.235107421875,unknown
1713974761.933291,0.49560546875,0.8681640625,-0.217529296875,unknown
1713974761.973048,0.49267578125,0.876708984375,-0.212890625,unknown
1713974762.013524,0.49462890625,0.888916015625,-0.193115234375,unknown
1713974762.054612,0.48779296875,0.895263671875,-0.179443359375,unknown
1713974762.094464,0.471923828125,0.88037109375,-0.187744140625,unknown
1713974762.133036,0.501708984375,0.8896484375,-0.189697265625,unknown
1713974762.178361,0.524169921875,0.893798828125,-0.180908203125,unknown
1713974762.217194,0.491943359375,0.843505859375,-0.136962890625,unknown
1713974762.251454,0.49462890625,0.85205078125,-0.15869140625,unknown
1713974762.292644,0.517822265625,0.874755859375,-0.154296875,unknown
1713974762.333957,0.524169921875,0.85107421875,-0.12060546875,unknown
1713974762.373288,0.528076171875,0.875,-0.131591796875,unknown
1713974762.413189,0.514892578125,0.880126953125,-0.13720703125,unknown
1713974762.453274,0.514892578125,0.880126953125,-0.1455078125,unknown
1713974762.498083,0.504150390625,0.8876953125,-0.1396484375,unknown
1713974762.536259,0.5087890625,0.885986328125,-0.123779296875,unknown
1713974762.574524,0.501953125,0.885986328125,-0.124267578125,unknown
1713974762.614876,0.49365234375,0.873291015625,-0.124267578125,unknown
1713974762.661756,0.496826171875,0.853515625,-0.097900390625,unknown
1713974762.694122,0.536376953125,0.870361328125,-0.04345703125,unknown
1713974762.74393,0.53955078125,0.864013671875,-0.008544921875,unknown
1713974762.782704,0.54931640625,0.87158203125,-0.004638671875,unknown
1713974762.822127,0.5361328125,0.87890625,-0.03515625,unknown
1713974762.859715,0.523681640625,0.891845703125,-0.043701171875,unknown
1713974762.892507,0.525634765625,0.92041015625,-0.0791015625,unknown
1713974762.939326,0.521240234375,0.9189453125,-0.091064453125,unknown
1713974762.973402,0.492431640625,0.87646484375,-0.117431640625,unknown
1713974763.019942,0.496826171875,0.851806640625,-0.095947265625,unknown
1713974763.058456,0.49951171875,0.8505859375,-0.06005859375,unknown
1713974763.097993,0.463623046875,0.867431640625,0.002197265625,unknown
1713974763.135925,0.529052734375,0.917236328125,0.017578125,unknown
1713974763.17405,0.579345703125,0.916015625,0.026611328125,unknown
1713974763.213365,0.57373046875,0.90185546875,0.05859375,unknown
1713974763.253838,0.512451171875,0.86083984375,-0.007080078125,unknown
1713974763.295932,0.522705078125,0.86572265625,0.00830078125,unknown
1713974763.333818,0.540771484375,0.860107421875,0.0439453125,unknown
1713974763.374549,0.5419921875,0.841552734375,0.061767578125,unknown
1713974763.413854,0.53466796875,0.821533203125,0.04345703125,unknown
1713974763.452615,0.600830078125,0.810302734375,0.0615234375,unknown
1713974763.492013,0.600341796875,0.78515625,0.1142578125,unknown
1713974763.531269,0.620361328125,0.792236328125,0.166259765625,unknown
1713974763.575565,0.589111328125,0.810302734375,0.19384765625,unknown
1713974763.614956,0.563232421875,0.842041015625,0.154541015625,unknown
1713974763.652743,0.54541015625,0.867431640625,0.127685546875,unknown
1713974763.692041,0.525634765625,0.88720703125,0.14013671875,unknown
1713974763.733932,0.622802734375,0.969482421875,0.1064453125,unknown
1713974763.773847,0.684326171875,0.81982421875,0.20703125,unknown
1713974763.813165,0.79931640625,0.751220703125,0.2919921875,unknown
1713974763.853426,0.781494140625,0.6943359375,0.291259765625,unknown
1713974763.892616,0.698974609375,0.7099609375,0.250732421875,unknown
1713974763.933123,0.731689453125,0.638916015625,0.30078125,unknown
1713974763.973933,0.724365234375,0.667236328125,0.303466796875,unknown
1713974764.017386,0.8232421875,0.561279296875,0.416259765625,unknown
1713974764.053852,0.662841796875,0.52783203125,0.2744140625,unknown
1713974764.094391,0.842529296875,0.4287109375,0.681396484375,unknown
1713974764.132186,0.57373046875,0.405029296875,0.244384765625,unknown
1713974764.172663,-1.5732421875,-0.160888671875,-1.314697265625,unknown
1713974764.210371,1.185302734375,-0.09228515625,-1.6337890625,unknown
1713974764.253229,1.18798828125,0.079833984375,-0.689697265625,unknown
1713974764.291174,1.631103515625,-0.0859375,-0.2490234375,unknown
1713974764.333004,0.60595703125,0.111083984375,0.582763671875,unknown
1713974764.372047,0.317138671875,0.18115234375,0.195068359375,unknown
1713974764.41346,-0.399658203125,0.5048828125,1.193115234375,unknown
1713974764.453202,-0.9501953125,0.527587890625,0.8232421875,unknown
1713974764.493494,-0.2353515625,0.160888671875,-1.3798828125,unknown
1713974764.53373,-2.0,0.96826171875,0.59765625,unknown
1713974764.573755,-0.91796875,0.50390625,0.42431640625,unknown
1713974764.614138,-0.9384765625,0.271484375,0.12109375,unknown
1713974764.652927,-1.749267578125,0.64599609375,0.40966796875,unknown
1713974764.693041,-0.8994140625,-0.36767578125,0.47998046875,unknown
1713974764.733891,0.1416015625,-0.68701171875,0.459228515625,unknown
1713974764.77113,-0.237548828125,-1.129150390625,-0.646728515625,unknown
1713974764.812203,-1.669189453125,-0.80126953125,-0.65673828125,unknown
1713974764.852338,-2.0,-0.036376953125,0.14990234375,unknown
1713974764.896336,0.897705078125,0.569091796875,-0.520263671875,unknown
1713974764.931932,-0.43994140625,0.3583984375,-0.151611328125,unknown
1713974764.972026,-0.581787109375,0.304443359375,0.101318359375,unknown
1713974765.012372,-0.347412109375,0.458251953125,0.115966796875,unknown
1713974765.054589,-0.204833984375,-0.226806640625,-0.6396484375,unknown
1713974765.092944,0.031982421875,0.496826171875,0.093017578125,unknown
1713974765.134318,-1.15380859375,0.6943359375,0.2939453125,unknown
1713974765.174129,0.40380859375,0.083251953125,0.327392578125,unknown
1713974765.212946,-1.972900390625,0.70166015625,-0.0712890625,unknown
1713974765.254802,-1.043701171875,0.33740234375,-0.1474609375,unknown
1713974765.294641,-1.15869140625,-0.11376953125,-0.010498046875,unknown
1713974765.334419,-0.980224609375,0.36962890625,0.20263671875,unknown
1713974765.37368,-0.95751953125,0.216064453125,0.017822265625,unknown
1713974765.412291,-0.728515625,0.076416015625,-0.033935546875,unknown
1713974765.452005,-0.5849609375,0.26806640625,-0.253173828125,unknown
1713974765.491871,-0.8583984375,0.25537109375,0.339599609375,unknown
1713974765.531552,-1.017822265625,-0.111328125,0.094970703125,unknown
1713974765.572381,-1.0615234375,-0.24462890625,0.315673828125,unknown
1713974765.612479,-0.5048828125,0.037841796875,-0.00927734375,unknown
1713974765.654147,-0.88037109375,0.422607421875,0.301513671875,unknown
1713974765.694885,-0.90625,0.17529296875,0.325927734375,unknown
1713974765.733159,-1.226806640625,0.35595703125,0.302734375,unknown
1713974765.773352,-1.05419921875,0.254150390625,0.29736328125,unknown
1713974765.813548,-0.9619140625,0.470458984375,0.37158203125,unknown
1713974765.853733,-0.315673828125,0.056884765625,0.036376953125,unknown
1713974765.894177,-0.657958984375,0.02880859375,0.06591796875,unknown
1713974765.935723,-0.690185546875,0.065185546875,0.239501953125,unknown
1713974765.974383,-0.392333984375,0.0478515625,0.0302734375,unknown
1713974766.013657,-0.572509765625,0.0888671875,0.164794921875,unknown
1713974766.051027,-0.387451171875,-0.011474609375,0.111083984375,unknown
1713974766.091465,-0.678466796875,0.232421875,0.1025390625,unknown
1713974766.132761,-0.664794921875,0.107177734375,0.208740234375,unknown
1713974766.17265,-0.558837890625,0.119140625,0.270263671875,unknown
1713974766.212146,-0.95458984375,0.235595703125,0.34375,unknown
1713974766.256816,-0.77978515625,0.136474609375,0.165771484375,unknown
1713974766.299147,-1.130126953125,0.341064453125,0.280029296875,unknown
1713974766.338448,-0.961181640625,0.24267578125,0.251708984375,unknown
1713974766.379056,-0.930908203125,0.2314453125,0.23046875,unknown
1713974766.416691,-0.96484375,0.23193359375,0.203125,unknown
1713974766.455772,-0.968017578125,0.235595703125,0.193115234375,unknown
1713974766.497604,-0.970947265625,0.2314453125,0.194580078125,unknown
1713974766.536385,-0.97021484375,0.228759765625,0.197021484375,unknown
1713974766.577286,-0.97412109375,0.22509765625,0.20458984375,unknown
1713974766.618713,-0.974365234375,0.232177734375,0.205810546875,unknown
1713974766.654228,-0.96533203125,0.2294921875,0.20166015625,unknown
1713974766.69361,-0.964111328125,0.23046875,0.20654296875,unknown
1713974766.731893,-0.964599609375,0.230224609375,0.20458984375,unknown
1713974766.774017,-0.969482421875,0.228759765625,0.198974609375,unknown
1713974766.81354,-0.96923828125,0.229736328125,0.206787109375,unknown
1713974766.853375,-0.970458984375,0.22802734375,0.199951171875,unknown
1713974766.90765,-0.967041015625,0.229736328125,0.203369140625,unknown
1713974766.935077,-0.96826171875,0.231201171875,0.200927734375,unknown
1713974766.987888,-0.96826171875,0.227783203125,0.20166015625,unknown
1713974767.016251,-0.959228515625,0.22607421875,0.200927734375,unknown
1713974767.063916,-0.96728515625,0.23046875,0.20166015625,unknown
1713974767.094176,-0.968017578125,0.22998046875,0.2021484375,unknown
1713974767.135247,-0.967041015625,0.228759765625,0.20068359375,unknown
1713974767.176304,-0.971435546875,0.227294921875,0.202392578125,unknown
1713974767.22842,-0.9677734375,0.229248046875,0.203125,unknown
1713974767.256168,-0.97021484375,0.227294921875,0.203369140625,unknown
1713974767.307967,-0.96728515625,0.231201171875,0.203125,unknown
1713974767.335427,-0.968017578125,0.229248046875,0.2041015625,unknown
1713974767.373513,-0.97021484375,0.227783203125,0.20556640625,unknown
1713974767.413063,-0.968505859375,0.228759765625,0.205322265625,unknown
1713974767.473963,-0.9658203125,0.22802734375,0.20556640625,unknown
1713974767.494481,-0.9658203125,0.2275390625,0.20166015625,unknown
1713974767.534204,-0.968994140625,0.227783203125,0.202392578125,unknown
1713974767.57684,-0.974853515625,0.225830078125,0.208740234375,unknown
1713974767.620626,-0.974609375,0.22998046875,0.2060546875,unknown
1713974767.662559,-0.972900390625,0.23046875,0.209716796875,unknown
1713974767.695862,-0.972412109375,0.2275390625,0.203369140625,unknown
1713974767.741377,-0.97509765625,0.224609375,0.213134765625,unknown
1713974767.778913,-0.960205078125,0.231201171875,0.199462890625,unknown
1713974767.816827,-0.967529296875,0.230712890625,0.206787109375,unknown
1713974767.859789,-0.965576171875,0.228515625,0.204345703125,unknown
1713974767.898166,-0.9697265625,0.23046875,0.2099609375,unknown
1713974767.937769,-0.968505859375,0.228515625,0.20751953125,unknown
1713974767.97528,-0.97119140625,0.22412109375,0.212646484375,unknown
1713974768.015431,-0.964111328125,0.232666015625,0.205322265625,unknown
1713974768.056756,-0.99072265625,0.230224609375,0.215576171875,unknown
1713974768.102673,-0.9677734375,0.23095703125,0.20703125,unknown
1713974768.136501,-0.960205078125,0.227294921875,0.205078125,unknown
1713974768.174436,-0.97119140625,0.22314453125,0.21630859375,unknown
1713974768.215953,-0.966552734375,0.21630859375,0.232421875,unknown
1713974768.256705,-0.96337890625,0.230224609375,0.218994140625,unknown
1713974768.295967,-0.953369140625,0.22265625,0.241455078125,unknown
1713974768.338826,-0.9599609375,0.22216796875,0.234375,unknown
1713974768.378372,-0.95166015625,0.21533203125,0.2412109375,unknown
1713974768.415082,-0.970458984375,0.224365234375,0.2197265625,unknown
1713974768.457848,-0.972900390625,0.234130859375,0.220458984375,unknown
1713974768.496026,-0.955322265625,0.221435546875,0.235107421875,unknown
1713974768.536729,-0.964599609375,0.21875,0.2275390625,unknown
1713974768.577314,-0.963134765625,0.220703125,0.226318359375,unknown
1713974768.619902,-0.963623046875,0.2265625,0.232666015625,unknown
1713974768.65479,-0.977783203125,0.212890625,0.227294921875,unknown
1713974768.693936,-0.966064453125,0.21875,0.21484375,unknown
1713974768.733961,-0.991455078125,0.1884765625,0.2431640625,unknown
1713974768.774602,-0.9228515625,0.232666015625,0.21728515625,unknown
1713974768.814576,-0.6064453125,0.0322265625,0.1279296875,unknown
1713974768.864448,-0.633056640625,0.098876953125,0.184326171875,unknown
1713974768.896242,-0.771240234375,0.16015625,0.2578125,unknown
1713974768.936289,-1.016845703125,0.26904296875,0.236328125,unknown
1713974768.980665,-1.013671875,0.243896484375,0.197998046875,unknown
1713974769.015975,-1.02001953125,0.223876953125,0.224609375,unknown
1713974769.055863,-0.97021484375,0.239501953125,0.23583984375,unknown
1713974769.097103,-0.951904296875,0.224609375,0.24609375,unknown
1713974769.137251,-0.951904296875,0.21533203125,0.27734375,unknown
